"Time_Iter","Outer_Iter","Inner_Iter",    "rms[Rho]"    ,    "rms[RhoU]"   ,    "rms[RhoV]"   ,    "rms[RhoE]"   ,     "rms[nu]"    
          0,           0,           0,        -4.0148067,      -16.32728741,      -16.22826364,      -2.563361423,      -10.67137085
          0,           0,           1,      -4.860924656,      -4.206630801,      -3.899128754,      -3.405658358,      -10.65865499
          0,           0,           2,      -4.791548424,      -4.306479339,      -4.252307918,      -3.323645269,      -10.89172667
          0,           0,           3,      -4.823692765,      -4.374657417,      -4.440289843,      -3.360605007,       -10.8779553
          0,           0,           4,      -4.908024411,      -4.398154047,      -4.419851521,      -3.451146823,      -10.87184695
          0,           0,           5,      -4.980629983,        -4.3967703,      -4.416364219,      -3.530838849,      -10.87384891
          0,           0,           6,      -5.026450868,      -4.389912371,      -4.429654767,        -3.5829006,      -10.86706091
          0,           0,           7,      -5.048474854,      -4.387309997,      -4.448268226,      -3.609016414,      -10.84527983
          0,           0,           8,      -5.051807386,      -4.393866621,      -4.471094662,      -3.614555187,       -10.8125932
          0,           0,           9,      -5.043141539,      -4.412009565,      -4.498685577,      -3.606039272,      -10.77540629
          0,           0,          10,      -5.031687608,      -4.441471576,      -4.528525793,      -3.592602491,      -10.73592718
          0,           0,          11,      -5.025772713,      -4.477965751,      -4.555605961,      -3.583297095,      -10.70350939
          0,           0,          12,      -5.029082756,      -4.513190127,      -4.574257264,      -3.583398866,      -10.67321388
          0,           0,          13,      -5.040403626,      -4.537419044,      -4.580508234,      -3.593548788,      -10.64591356
          0,           0,          14,      -5.056325945,      -4.546476777,      -4.575612739,       -3.61107578,      -10.62474925
          0,           0,          15,      -5.074017252,      -4.544371054,      -4.565795545,      -3.632058399,      -10.61067545
          0,           0,          16,       -5.09260542,      -4.537777604,      -4.557125042,      -3.653723818,      -10.60420789
          0,           0,          17,      -5.112931476,      -4.530883589,      -4.552193464,      -3.675742556,      -10.60363607
          0,           0,          18,      -5.136086815,      -4.525206359,      -4.550781347,      -3.699172935,      -10.60708589
          0,           0,          19,      -5.161420399,      -4.521728901,       -4.55205905,      -3.723961138,       -10.6126391
          0,           0,          20,      -5.185300567,      -4.522049114,      -4.556245815,      -3.747054024,      -10.61806114
          0,           0,          21,      -5.201735597,      -4.528138949,      -4.564813528,      -3.762694717,        -10.621844
          0,           0,          22,      -5.205749623,      -4.541271353,       -4.57939087,      -3.765798272,      -10.62304521
          0,           0,          23,      -5.197383616,      -4.560773818,      -4.600425959,      -3.756548786,      -10.62156308
          0,           0,          24,       -5.18244346,      -4.582848164,      -4.626399749,      -3.741102438,       -10.6181819
          0,           0,          25,      -5.168731649,      -4.600659371,      -4.653649748,      -3.727433631,      -10.61387661
          0,           0,          26,      -5.162322044,      -4.606997294,      -4.677023017,        -3.7215443,      -10.60976733
          0,           0,          27,      -5.166550808,      -4.598997136,       -4.69191746,      -3.726599678,      -10.60600777
          0,           0,          28,      -5.182530382,      -4.580362745,      -4.696952143,      -3.743495352,      -10.60240108
          0,           0,          29,      -5.209682007,       -4.55825303,       -4.69477547,      -3.771362433,      -10.59795535
          0,           0,          30,         -5.245787,      -4.539002898,      -4.690151666,      -3.807554521,        -10.592019
          0,           0,          31,      -5.286599664,      -4.526408384,      -4.687494831,      -3.847229063,      -10.58423582
          0,           0,          32,      -5.325599632,      -4.521950476,      -4.689696785,      -3.883276956,      -10.57447015
          0,           0,          33,      -5.355254081,      -4.525396852,      -4.698151672,      -3.908273809,      -10.56315949
          0,           0,          34,      -5.370560535,      -4.535137481,      -4.713038532,      -3.918654762,      -10.55083468
          0,           0,          35,      -5.372692696,      -4.548400826,      -4.733312166,      -3.917220787,      -10.53786991
          0,           0,          36,      -5.368337157,      -4.561563478,      -4.756862228,      -3.911141302,      -10.52439476
          0,           0,          37,      -5.364981352,       -4.57098726,      -4.780869239,      -3.907498394,      -10.51102797
          0,           0,          38,      -5.367778171,      -4.574315807,       -4.80227892,      -3.910889588,      -10.49791825
          0,           0,          39,      -5.379339431,      -4.571382884,      -4.818555171,      -3.923555314,      -10.48497735
          0,           0,          40,       -5.40049125,      -4.563978085,      -4.828520911,       -3.94613409,      -10.47201828
          0,           0,          41,      -5.430721493,      -4.554726266,      -4.832699109,      -3.978058549,      -10.45908333
          0,           0,          42,      -5.467977062,      -4.545988585,      -4.832875132,      -4.017421595,      -10.44632944
          0,           0,          43,      -5.508102181,      -4.539325375,      -4.831261552,      -4.060255227,      -10.43408694
          0,           0,          44,       -5.54439837,      -4.535469674,      -4.829675778,      -4.099489693,      -10.42229767
          0,           0,          45,      -5.568743519,      -4.534507041,      -4.829303529,      -4.125897096,      -10.41089709
          0,           0,          46,      -5.576047945,      -4.536056103,       -4.83104596,      -4.133269326,      -10.39973953
          0,           0,          47,      -5.568327924,      -4.539404268,      -4.835646721,      -4.123772177,      -10.38879456
          0,           0,          48,      -5.552836309,      -4.543660236,      -4.843225102,      -4.105798748,      -10.37803829
          0,           0,          49,      -5.537404156,      -4.547921662,      -4.853080637,      -4.088060374,      -10.36695268
          0,           0,          50,      -5.527697874,      -4.551440809,      -4.863974191,       -4.07649017,      -10.35513286
          0,           0,          51,      -5.526888046,      -4.553767552,      -4.874480842,      -4.074167627,      -10.34209259
          0,           0,          52,      -5.536343287,      -4.554825565,      -4.883343257,      -4.082239382,      -10.32764716
          0,           0,          53,      -5.556251139,      -4.554876339,      -4.889799615,      -4.100607168,      -10.31179046
          0,           0,          54,      -5.585827808,       -4.55439543,      -4.893764998,      -4.128115714,      -10.29450936
          0,           0,          55,      -5.623113238,      -4.553917093,      -4.895779383,      -4.162315446,      -10.27577019
          0,           0,          56,      -5.664432831,      -4.553901873,      -4.896761927,      -4.198982933,      -10.25572141
          0,           0,          57,      -5.703914085,      -4.554656896,      -4.897703949,      -4.231934729,      -10.23441041
          0,           0,          58,      -5.734277736,      -4.556307342,      -4.899469722,      -4.254357081,      -10.21197509
          0,           0,          59,      -5.750183826,      -4.558807831,      -4.902772442,       -4.26240497,      -10.18852016
          0,           0,          60,      -5.751808218,      -4.561967469,      -4.908096763,      -4.257988886,      -10.16422774
          0,           0,          61,      -5.744445112,      -4.565501801,      -4.915403109,      -4.247021829,      -10.13928579
          0,           0,          62,        -5.7352031,       -4.56908516,      -4.924042078,      -4.235885843,       -10.1139049
          0,           0,          63,       -5.73005216,      -4.572421294,      -4.932996519,      -4.229388144,      -10.08818762
          0,           0,          64,      -5.732748838,      -4.575321498,      -4.941233833,      -4.230348691,      -10.06229503
          0,           0,          65,      -5.745105213,       -4.57775689,       -4.94801779,      -4.239961498,      -10.03632424
          0,           0,          66,      -5.767477937,      -4.579862831,      -4.953102702,      -4.258182934,      -10.01034713
          0,           0,          67,      -5.798914177,       -4.58189696,       -4.95673943,      -4.283860898,      -9.984407111
          0,           0,          68,      -5.836823777,      -4.584169579,      -4.959518425,      -4.314591911,      -9.958461453
          0,           0,          69,      -5.876332452,      -4.586973045,       -4.96214707,      -4.346476127,      -9.932507226
          0,           0,          70,      -5.910136521,      -4.590530832,      -4.965243665,      -4.374278135,      -9.906442446
          0,           0,          71,      -5.930702282,      -4.594978157,      -4.969252173,      -4.392898662,      -9.880148479
          0,           0,          72,      -5.935127979,      -4.600360444,      -4.974479429,      -4.400198902,      -9.853619371
          0,           0,          73,       -5.92756598,      -4.606626789,      -4.981104681,       -4.39855932,      -9.826817795
          0,           0,          74,      -5.915796073,      -4.613625579,      -4.989076356,      -4.393130875,      -9.799750597
          0,           0,          75,      -5.906821589,      -4.621136254,      -4.998088926,      -4.389061236,      -9.772496527
          0,           0,          76,      -5.905218521,      -4.628929462,      -5.007706444,      -4.390052983,       -9.74513263
          0,           0,          77,      -5.913406293,      -4.636820385,      -5.017520959,      -4.398185358,      -9.717730356
          0,           0,          78,      -5.932319238,      -4.644699951,      -5.027253612,      -4.414170927,      -9.690368114
          0,           0,          79,      -5.961777598,      -4.652539422,      -5.036796695,      -4.437533962,      -9.663097614
          0,           0,          80,      -6.000355947,      -4.660373434,      -5.046200275,      -4.466552532,      -9.635946088
          0,           0,          81,      -6.044690119,      -4.668272091,      -5.055617459,      -4.498039449,      -9.608973535
          0,           0,          82,      -6.088407302,      -4.676309815,      -5.065228355,      -4.527282388,      -9.582268164
          0,           0,          83,      -6.122000428,      -4.684541119,      -5.075186856,      -4.548809217,      -9.555799604
          0,           0,          84,      -6.136547954,      -4.692986558,      -5.085647549,       -4.55856553,      -9.529673771
          0,           0,          85,      -6.130532006,      -4.701624567,      -5.096818493,      -4.556434193,      -9.503977469
          0,           0,          86,      -6.111090442,      -4.710389265,      -5.108854621,       -4.54629047,      -9.478705442
          0,           0,          87,      -6.087946312,      -4.719177019,      -5.121668073,      -4.533505371,      -9.453977382
          0,           0,          88,      -6.068448598,      -4.727862711,      -5.134889026,      -4.522676953,      -9.429791939
          0,           0,          89,      -6.056646297,      -4.736324281,      -5.147976103,       -4.51678291,      -9.406185881
          0,           0,          90,      -6.054143239,      -4.744469652,      -5.160377382,      -4.517260106,      -9.383070852
          0,           0,          91,       -6.06100041,      -4.752259031,      -5.171675326,      -4.524341423,      -9.360495211
          0,           0,          92,      -6.076206523,      -4.759714189,       -5.18167626,      -4.537312656,      -9.338325451
          0,           0,          93,      -6.097766758,      -4.766911747,      -5.190421707,      -4.554635542,      -9.316561251
          0,           0,          94,       -6.12260998,      -4.773963015,      -5.198137121,      -4.574032885,      -9.295166769
          0,           0,          95,      -6.146654081,      -4.780989686,      -5.205152462,      -4.592717688,      -9.274037394
          0,           0,          96,      -6.165560538,       -4.78810288,      -5.211834861,      -4.607975712,       -9.25320353
          0,           0,          97,       -6.17642958,      -4.795392451,      -5.218554484,      -4.618102294,      -9.232616205
          0,           0,          98,      -6.179402747,       -4.80292343,        -5.2256514,       -4.62315406,        -9.2123153
          0,           0,          99,      -6.177483988,       -4.81073452,      -5.233358729,      -4.624834589,      -9.192228952
          0,           0,         100,       -6.17480293,      -4.818837958,      -5.241729742,       -4.62564978,      -9.172427959
          0,           0,         101,      -6.175047449,      -4.827225842,      -5.250645473,      -4.628040333,      -9.152891225
          0,           0,         102,      -6.180826126,      -4.835880319,      -5.259900729,      -4.633865868,      -9.133574293
          0,           0,         103,      -6.193646073,      -4.844783798,       -5.26930507,      -4.644212093,      -9.114460924
          0,           0,         104,      -6.214061353,      -4.853919636,      -5.278756856,      -4.659372637,      -9.095450897
          0,           0,         105,      -6.241728235,      -4.863270522,      -5.288277926,      -4.678878892,      -9.076563171
          0,           0,         106,      -6.275252875,      -4.872808848,      -5.297999706,       -4.70151062,      -9.057758887
          0,           0,         107,      -6.311841651,      -4.882484045,      -5.308112716,      -4.725328562,      -9.038966744
          0,           0,         108,      -6.346991702,      -4.892215258,      -5.318807083,      -4.747847839,       -9.02022143
          0,           0,         109,      -6.374902817,      -4.901884408,      -5.330229502,      -4.766477319,      -9.001497123
          0,           0,         110,      -6.390463644,      -4.911339921,       -5.34248758,      -4.779250174,      -8.982897412
          0,           0,         111,      -6.392133509,      -4.920394701,       -5.35564664,      -4.785528349,      -8.964403183
          0,           0,         112,      -6.382895199,      -4.928829293,      -5.369669733,      -4.786198192,      -8.946090326
          0,           0,         113,      -6.368165368,      -4.936408552,      -5.384341055,       -4.78320102,      -8.928059386
          0,           0,         114,      -6.353095647,      -4.942912099,      -5.399261994,      -4.778772816,      -8.910339749
          0,           0,         115,       -6.34124378,      -4.948164171,      -5.413916871,      -4.774802173,      -8.893047094
          0,           0,         116,      -6.334473077,      -4.952064637,      -5.427770882,      -4.772501726,      -8.876219495
          0,           0,         117,      -6.333317458,      -4.954603292,       -5.44035543,      -4.772346422,      -8.859858551
          0,           0,         118,      -6.337369181,      -4.955855922,      -5.451321041,      -4.774177869,      -8.843952823
          0,           0,         119,      -6.345555948,      -4.955964072,      -5.460468118,      -4.777378428,      -8.828433399
          0,           0,         120,      -6.356328946,      -4.955106048,      -5.467724634,      -4.781065672,        -8.8131983
          0,           0,         121,      -6.367861057,      -4.953468532,      -5.473105028,       -4.78431048,      -8.798122538
          0,           0,         122,      -6.378340671,      -4.951227345,      -5.476674442,      -4.786366357,      -8.783033313
          0,           0,         123,      -6.386376766,      -4.948534186,      -5.478542537,      -4.786872155,      -8.767798606
          0,           0,         124,      -6.391381613,        -4.9455185,      -5.478856326,      -4.785951206,      -8.752284177
          0,           0,         125,      -6.393718313,        -4.9422941,      -5.477789246,       -4.78414977,      -8.736326583
          0,           0,         126,        -6.3945089,      -4.938966971,      -5.475519741,      -4.782251533,      -8.719799247
          0,           0,         127,      -6.395223457,        -4.9356404,      -5.472222478,      -4.781058828,      -8.702602969
          0,           0,         128,       -6.39726539,      -4.932417338,      -5.468084726,      -4.781219153,       -8.68465191
          0,           0,         129,      -6.401682445,      -4.929399615,      -5.463329822,      -4.783119566,      -8.665854117
          0,           0,         130,      -6.409026261,       -4.92668792,      -5.458230732,      -4.786846442,      -8.646191824
          0,           0,         131,       -6.41930745,      -4.924376818,      -5.453102249,      -4.792191912,      -8.625634692
          0,           0,         132,      -6.432005841,      -4.922551224,      -5.448272679,      -4.798696758,      -8.604248428
          0,           0,         133,      -6.446132749,      -4.921282787,      -5.444050153,      -4.805732075,      -8.582048948
          0,           0,         134,      -6.460360042,      -4.920626032,      -5.440695005,      -4.812612376,      -8.559143638
          0,           0,         135,      -6.473251186,      -4.920614515,      -5.438401505,      -4.818727412,        -8.5355847
          0,           0,         136,      -6.483594705,      -4.921260847,      -5.437287836,      -4.823669679,      -8.511490385
          0,           0,         137,      -6.490759204,      -4.922558315,      -5.437398325,      -4.827321908,      -8.486958133
          0,           0,         138,      -6.494905365,      -4.924483296,      -5.438711627,      -4.829876706,      -8.462075476
          0,           0,         139,      -6.496926802,      -4.926999158,       -5.44114907,      -4.831781192,      -8.436932882
          0,           0,         140,      -6.498154027,      -4.930059719,      -5.444586629,      -4.833625887,      -8.411616378
          0,           0,         141,      -6.499981794,      -4.933613568,      -5.448862458,       -4.83601543,      -8.386205777
          0,           0,         142,      -6.503577892,      -4.937607881,      -5.453792422,      -4.839457871,      -8.360773765
          0,           0,         143,      -6.509729488,      -4.941992313,      -5.459190283,      -4.844292742,      -8.335398339
          0,           0,         144,      -6.518794775,      -4.946721148,      -5.464888347,      -4.850660431,      -8.310146771
          0,           0,         145,      -6.530719959,      -4.951754092,      -5.470753836,      -4.858505802,      -8.285102272
          0,           0,         146,      -6.545083637,       -4.95705607,      -5.476697641,      -4.867606468,      -8.260359025
          0,           0,         147,      -6.561155074,      -4.962595295,      -5.482673085,       -4.87762002,      -8.236012293
          0,           0,         148,       -6.57799992,      -4.968341538,      -5.488667353,       -4.88814577,      -8.212149013
          0,           0,         149,       -6.59463998,       -4.97426449,      -5.494689854,       -4.89879297,      -8.188868337
          0,           0,         150,      -6.610249354,       -4.98033282,      -5.500761994,      -4.909246213,      -8.166253745
          0,           0,         151,      -6.624334985,       -4.98651374,       -5.50690999,      -4.919313766,      -8.144414837
          0,           0,         152,      -6.636839377,      -4.992773484,      -5.513160167,      -4.928946938,      -8.123441447
          0,           0,         153,      -6.648122672,      -4.999078432,      -5.519533015,      -4.938224722,      -8.103380635
          0,           0,         154,      -6.658836508,      -5.005396634,      -5.526037522,      -4.947312781,      -8.084343254
          0,           0,         155,      -6.669730242,      -5.011700142,      -5.532667153,      -4.956404616,      -8.066387842
          0,           0,         156,       -6.68145049,      -5.017967067,       -5.53940026,      -4.965660001,      -8.049528873
          0,           0,         157,      -6.694371599,      -5.024182901,      -5.546207258,      -4.975152298,      -8.033861937
          0,           0,         158,      -6.708469999,      -5.030341809,      -5.553055435,      -4.984834561,      -8.019402787
          0,           0,         159,      -6.723254349,      -5.036445887,      -5.559915987,      -4.994531134,      -8.006169796
          0,           0,         160,      -6.737761198,      -5.042503978,      -5.566766923,      -5.003956485,      -7.994180381
          0,           0,         161,      -6.750657264,      -5.048529545,      -5.573593657,       -5.01276135,      -7.983417135
          0,           0,         162,      -6.760491206,      -5.054538351,      -5.580388474,       -5.02059977,      -7.973948522
          0,           0,         163,      -6.766086739,       -5.06054806,      -5.587150465,      -5.027206537,      -7.965786616
          0,           0,         164,      -6.766962103,      -5.066576971,        -5.5938858,      -5.032468538,      -7.958935683
          0,           0,         165,      -6.763552836,      -5.072643585,      -5.600605812,      -5.036468555,      -7.953381015
          0,           0,         166,       -6.75709375,      -5.078766613,      -5.607322454,      -5.039484598,      -7.949138353
          0,           0,         167,      -6.749235414,      -5.084965093,      -5.614041221,      -5.041942948,      -7.946180317
          0,           0,         168,      -6.741614779,      -5.091258422,      -5.620758735,      -5.044339508,      -7.944493985
          0,           0,         169,      -6.735563824,      -5.097666077,      -5.627463865,      -5.047154709,      -7.944056855
          0,           0,         170,      -6.731988168,       -5.10420713,      -5.634145151,        -5.0507824,       -7.94482617
          0,           0,         171,      -6.731363931,      -5.110900208,      -5.640800099,      -5.055484453,      -7.946791939
          0,           0,         172,      -6.733789029,      -5.117762632,      -5.647439446,      -5.061371926,       -7.94988812
          0,           0,         173,      -6.739052552,      -5.124810083,      -5.654092348,      -5.068412085,      -7.954097592
          0,           0,         174,      -6.746702443,        -5.1320554,      -5.660798646,       -5.07645184,      -7.959339535
          0,           0,         175,      -6.756119195,      -5.139506914,      -5.667605179,       -5.08525523,      -7.965580367
          0,           0,         176,      -6.766592697,      -5.147168028,      -5.674554733,      -5.094547482,       -7.97274507
          0,           0,         177,      -6.777414145,      -5.155035834,      -5.681676567,      -5.104061755,      -7.980730931
          0,           0,         178,      -6.787970682,      -5.163101058,      -5.688981475,      -5.113581017,      -7.989433676
          0,           0,         179,      -6.797823821,       -5.17134797,      -5.696456195,      -5.122966293,      -7.998776806
          0,           0,         180,      -6.806746454,      -5.179753967,      -5.704062212,      -5.132164328,      -8.008727495
          0,           0,         181,       -6.81470185,      -5.188293193,      -5.711738573,      -5.141194368,      -8.019255693
          0,           0,         182,      -6.821773424,      -5.196936641,      -5.719404989,       -5.15011721,      -8.030211061
          0,           0,         183,      -6.828069493,        -5.2056533,      -5.726971738,      -5.158997503,      -8.041559913
          0,           0,         184,      -6.833634285,      -5.214412475,      -5.734347016,       -5.16786651,       -8.05319533
          0,           0,         185,      -6.838399051,      -5.223184566,      -5.741447884,       -5.17669897,      -8.065065852
          0,           0,         186,       -6.84217661,      -5.231942757,      -5.748209545,      -5.185405423,      -8.077131534
          0,           0,         187,      -6.844706645,      -5.240663684,      -5.754592652,      -5.193844626,      -8.089344395
          0,           0,         188,       -6.84573559,      -5.249327708,      -5.760586738,      -5.201850347,      -8.101749674
          0,           0,         189,      -6.845110312,      -5.257918911,      -5.766206958,      -5.209269156,      -8.114326221
          0,           0,         190,      -6.842859598,      -5.266424222,       -5.77149165,      -5.216001994,      -8.127161795
          0,           0,         191,      -6.839227259,      -5.274832807,      -5.776492554,      -5.222035991,      -8.140360193
          0,           0,         192,      -6.834651766,      -5.283135429,      -5.781268786,      -5.227458994,      -8.154052208
          0,           0,         193,      -6.829698203,      -5.291323966,      -5.785878072,      -5.232452125,      -8.168340916
          0,           0,         194,      -6.824971213,       -5.29939133,      -5.790370765,      -5.237262418,      -8.183313097
          0,           0,         195,      -6.821032989,      -5.307331464,       -5.79478621,      -5.242164085,      -8.199164323
          0,           0,         196,      -6.818346009,       -5.31513996,      -5.799152464,      -5.247418413,      -8.215982338
          0,           0,         197,      -6.817240049,      -5.322814419,      -5.803487467,       -5.25323846,      -8.233971523
          0,           0,         198,      -6.817900814,      -5.330355611,      -5.807802472,      -5.259764332,      -8.253173144
          0,           0,         199,      -6.820374897,      -5.337767392,      -5.812105289,      -5.267050363,      -8.273637886
          0,           0,         200,      -6.824582596,      -5.345058092,      -5.816400826,      -5.275062937,      -8.295413246
          0,           0,         201,      -6.830339378,       -5.35224034,      -5.820692655,      -5.283690309,       -8.31849333
          0,           0,         202,      -6.837381585,      -5.359329806,       -5.82498255,      -5.292761715,      -8.342864103
          0,           0,         203,      -6.845396815,      -5.366343595,      -5.829267891,      -5.302071524,      -8.368378453
          0,           0,         204,      -6.854056302,      -5.373299423,      -5.833542294,      -5.311408054,       -8.39481287
          0,           0,         205,      -6.863048681,      -5.380214886,      -5.837793302,      -5.320582629,      -8.421821201
          0,           0,         206,      -6.872108626,      -5.387107047,      -5.842003634,      -5.329453187,      -8.448942477
          0,           0,         207,      -6.881036744,      -5.393992233,      -5.846152899,      -5.337938286,      -8.475684908
          0,           0,         208,      -6.889707215,      -5.400886043,      -5.850219492,      -5.346019819,        -8.5014048
          0,           0,         209,        -6.8980628,      -5.407803208,      -5.854183026,      -5.353732813,      -8.525441843
          0,           0,         210,      -6.906097785,      -5.414757873,      -5.858027956,      -5.361147964,      -8.547083972
          0,           0,         211,      -6.913834279,      -5.421763457,      -5.861744857,      -5.368349242,      -8.565832204
          0,           0,         212,      -6.921296622,      -5.428832591,      -5.865332143,      -5.375412164,      -8.581242752
          0,           0,         213,      -6.928491153,      -5.435976657,      -5.868794917,      -5.382387267,      -8.592971332
          0,           0,         214,      -6.935392558,      -5.443205134,      -5.872143663,      -5.389289969,      -8.601068518
          0,           0,         215,      -6.941940413,      -5.450525019,       -5.87539225,      -5.396098331,      -8.605779451
          0,           0,         216,      -6.948046746,      -5.457940047,      -5.878554793,       -5.40275867,      -8.607366882
          0,           0,         217,      -6.953610901,      -5.465450009,      -5.881641919,      -5.409196442,       -8.60638102
          0,           0,         218,      -6.958539601,       -5.47305001,       -5.88465907,      -5.415331516,      -8.603068961
          0,           0,         219,      -6.962766892,      -5.480730069,      -5.887604598,      -5.421093817,      -8.598095649
          0,           0,         220,       -6.96627015,      -5.488474973,      -5.890468159,      -5.426436525,      -8.591845533
          0,           0,         221,      -6.969076923,      -5.496264363,      -5.893232592,      -5.431344863,      -8.584606151
          0,           0,         222,      -6.971260867,      -5.504073453,      -5.895875197,      -5.435836928,      -8.576710587
          0,           0,         223,      -6.972929095,      -5.511873891,      -5.898370549,      -5.439957855,      -8.568449618
          0,           0,         224,       -6.97420564,      -5.519635131,       -5.90069322,      -5.443770352,      -8.560005031
          0,           0,         225,      -6.975213181,      -5.527325895,      -5.902822204,      -5.447342056,      -8.551604494
          0,           0,         226,      -6.976056933,      -5.534916258,      -5.904744938,      -5.450733201,      -8.543346984
          0,           0,         227,      -6.976817117,       -5.54237926,      -5.906460106,      -5.453988954,      -8.535405504
          0,           0,         228,      -6.977547782,      -5.549692623,      -5.907980324,      -5.457136591,      -8.527970599
          0,           0,         229,      -6.978280463,      -5.556839561,      -5.909333172,      -5.460186717,      -8.521014978
          0,           0,         230,      -6.979032515,      -5.563809292,       -5.91056102,      -5.463139598,      -8.514731755
          0,           0,         231,      -6.979815014,      -5.570597211,      -5.911719083,      -5.465993503,      -8.509195727
          0,           0,         232,      -6.980640682,      -5.577204246,      -5.912873187,      -5.468753287,      -8.504453792
          0,           0,         233,      -6.981529548,      -5.583636521,      -5.914095722,      -5.471438105,      -8.500523874
          0,           0,         234,      -6.982514524,      -5.589904471,      -5.915462474,       -5.47408721,      -8.497491562
          0,           0,         235,      -6.983647686,       -5.59602213,      -5.917048711,      -5.476761802,      -8.495399725
          0,           0,         236,      -6.985005609,      -5.602006577,      -5.918926472,      -5.479543348,      -8.494314097
          0,           0,         237,      -6.986690028,      -5.607877294,      -5.921162355,      -5.482527911,      -8.494251342
          0,           0,         238,      -6.988822231,      -5.613655694,       -5.92381624,      -5.485817571,      -8.495218166
          0,           0,         239,       -6.99152854,      -5.619364552,      -5.926940067,      -5.489510258,      -8.497232782
          0,           0,         240,      -6.994924561,      -5.625027213,      -5.930577692,      -5.493690376,      -8.500313655
          0,           0,         241,      -6.999101277,      -5.630666979,      -5.934765019,      -5.498422078,      -8.504488999
          0,           0,         242,      -7.004116992,      -5.636306149,      -5.939530191,      -5.503746297,      -8.509698282
          0,           0,         243,      -7.009994977,      -5.641965103,      -5.944893933,      -5.509681613,       -8.51597784
          0,           0,         244,      -7.016726904,      -5.647661476,      -5.950869809,      -5.516227726,      -8.523355887
          0,           0,         245,      -7.024279116,      -5.653409331,      -5.957464472,      -5.523370656,      -8.531807464
          0,           0,         246,      -7.032599808,      -5.659218446,      -5.964678331,       -5.53108791,      -8.541353908
          0,           0,         247,      -7.041627052,      -5.665093834,      -5.972505711,      -5.539352987,      -8.551981912
          0,           0,         248,      -7.051294727,      -5.671035493,      -5.980935437,      -5.548138416,      -8.563640991
          0,           0,         249,      -7.061536539,      -5.677038219,      -5.989951081,      -5.557416272,      -8.576336698
          0,           0,         250,      -7.072287876,      -5.683091983,      -5.999531548,      -5.567156475,      -8.590084334
          0,           0,         251,      -7.083485012,       -5.68918212,      -6.009651578,      -5.577323083,       -8.60479459
          0,           0,         252,      -7.095062514,      -5.695289551,      -6.020282055,      -5.587869443,       -8.62056699
          0,           0,         253,        -7.1069492,      -5.701391357,      -6.031390025,       -5.59873285,      -8.637208978
          0,           0,         254,      -7.119064192,      -5.707461185,        -6.0429384,      -5.609829919,      -8.654782639
          0,           0,         255,      -7.131314036,      -5.713469712,      -6.054885396,      -5.621053677,      -8.673168098
          0,           0,         256,      -7.143591818,      -5.719385089,      -6.067183069,      -5.632273015,      -8.692327555
          0,           0,         257,      -7.155778714,      -5.725173481,      -6.079775912,       -5.64333528,      -8.712186511
          0,           0,         258,       -7.16774747,      -5.730799941,      -6.092598759,      -5.654070823,      -8.732799082
          0,           0,         259,      -7.179368737,      -5.736229082,      -6.105574305,      -5.664301377,      -8.754040799
          0,           0,         260,      -7.190516434,      -5.741426015,      -6.118610607,      -5.673848842,      -8.775787391
          0,           0,         261,      -7.201073263,      -5.746357335,      -6.131598483,      -5.682545225,      -8.797949282
          0,           0,         262,      -7.210934589,      -5.750992517,      -6.144409624,      -5.690242323,      -8.820505013
          0,           0,         263,      -7.220009385,      -5.755305193,      -6.156895273,      -5.696819284,      -8.843287221
          0,           0,         264,       -7.22821895,      -5.759274548,       -6.16888704,      -5.702188562,      -8.866200945
          0,           0,         265,      -7.235492623,      -5.762886482,      -6.180199863,      -5.706298309,      -8.889090306
          0,           0,         266,      -7.241761607,      -5.766134681,      -6.190637535,      -5.709131065,      -8.911777354
          0,           0,         267,      -7.246953744,      -5.769021262,      -6.200001625,      -5.710700549,      -8.934279297
          0,           0,         268,      -7.250990855,      -5.771557135,      -6.208103057,      -5.711047535,      -8.956331976
          0,           0,         269,      -7.253791305,      -5.773761823,      -6.214776148,      -5.710236525,      -8.978033028
          0,           0,         270,      -7.255278017,      -5.775663039,      -6.219893563,      -5.708353338,      -8.999189639
          0,           0,         271,      -7.255391719,      -5.777295765,      -6.223376682,      -5.705504042,      -9.019715385
          0,           0,         272,      -7.254106912,      -5.778700975,      -6.225205603,      -5.701814258,      -9.039578734
          0,           0,         273,      -7.251446373,      -5.779924368,      -6.225423258,      -5.697427688,      -9.058757156
          0,           0,         274,      -7.247489326,      -5.781014962,       -6.22413217,      -5.692502454,       -9.07738286
          0,           0,         275,      -7.242372109,        -5.7820237,      -6.221485859,      -5.687206122,      -9.095444514
          0,           0,         276,      -7.236280083,      -5.783002035,      -6.217675745,      -5.681708889,      -9.112858723
          0,           0,         277,      -7.229433589,      -5.784000682,      -6.212916705,      -5.676177036,      -9.129646939
          0,           0,         278,      -7.222071134,      -5.785068488,      -6.207433103,       -5.67076725,      -9.145686028
          0,           0,         279,       -7.21443233,      -5.786251403,      -6.201446191,       -5.66562171,      -9.160937553
          0,           0,         280,      -7.206744846,      -5.787591639,      -6.195165005,      -5.660865582,      -9.175175785
          0,           0,         281,      -7.199215281,      -5.789126975,      -6.188780177,      -5.656605813,       -9.18815979
          0,           0,         282,      -7.192024502,      -5.790890183,      -6.182460472,      -5.652931286,      -9.199508444
          0,           0,         283,      -7.185326521,      -5.792908617,      -6.176351351,      -5.649914023,      -9.208828687
          0,           0,         284,      -7.179250078,      -5.795203887,       -6.17057572,      -5.647611016,      -9.215841399
          0,           0,         285,      -7.173901234,      -5.797791724,      -6.165235067,      -5.646066183,      -9.220152408
          0,           0,         286,      -7.169366964,      -5.800681932,      -6.160411311,        -5.6453125,      -9.221448763
          0,           0,         287,      -7.165717655,      -5.803878457,      -6.156169132,      -5.645373597,      -9.219534095
          0,           0,         288,      -7.163008857,      -5.807379662,      -6.152558108,      -5.646264914,      -9.215284229
          0,           0,         289,       -7.16128203,      -5.811178557,      -6.149614554,      -5.647994189,      -9.208472765
          0,           0,         290,      -7.160565059,       -5.81526329,      -6.147364254,      -5.650561561,      -9.199398501
          0,           0,         291,      -7.160871751,      -5.819617763,      -6.145824115,      -5.653959093,      -9.189020863
          0,           0,         292,      -7.162201593,      -5.824222168,      -6.145003835,      -5.658170029,      -9.177389844
          0,           0,         293,      -7.164540085,      -5.829053789,      -6.144907284,      -5.663168175,      -9.165192546
          0,           0,         294,      -7.167859775,      -5.834087618,      -6.145533651,      -5.668917393,      -9.153040052
          0,           0,         295,      -7.172121586,      -5.839297252,      -6.146878289,      -5.675371472,      -9.141186434
          0,           0,         296,      -7.177276803,      -5.844655599,         -6.148935,      -5.682474366,      -9.129925305
          0,           0,         297,      -7.183269912,      -5.850135735,      -6.151694767,      -5.690161158,      -9.119697054
          0,           0,         298,      -7.190041197,      -5.855711585,      -6.155146847,       -5.69835962,      -9.110296154
          0,           0,         299,      -7.197529424,      -5.861358488,      -6.159278573,      -5.706992511,      -9.102131879
          0,           0,         300,      -7.205674392,      -5.867053676,      -6.164075893,      -5.715979942,      -9.095320986
          0,           0,         301,      -7.214418498,      -5.872776798,      -6.169522929,      -5.725241743,      -9.089692629
          0,           0,         302,       -7.22370848,      -5.878510226,      -6.175602022,      -5.734700054,      -9.085377245
          0,           0,         303,      -7.233495616,      -5.884239346,      -6.182293347,       -5.74428166,      -9.082547135
          0,           0,         304,      -7.243735614,      -5.889952656,       -6.18957459,      -5.753919296,      -9.080876591
          0,           0,         305,      -7.254387612,      -5.895641807,      -6.197420522,      -5.763553236,      -9.080313067
          0,           0,         306,       -7.26541194,      -5.901301304,      -6.205802683,       -5.77313119,      -9.080863165
          0,           0,         307,      -7.276767747,      -5.906928302,      -6.214689005,      -5.782608451,      -9.082497206
          0,           0,         308,       -7.28841056,      -5.912522091,      -6.224043704,      -5.791947473,       -9.08504403
          0,           0,         309,      -7.300288761,      -5.918083719,      -6.233826978,      -5.801116571,      -9.088504439
          0,           0,         310,      -7.312340931,      -5.923615297,      -6.243994701,      -5.810088254,      -9.092512834
          0,           0,         311,      -7.324494222,      -5.929119418,      -6.254497951,      -5.818838652,      -9.097076407
          0,           0,         312,      -7.336661643,      -5.934598674,      -6.265285477,      -5.827345409,      -9.101944028
          0,           0,         313,      -7.348741932,      -5.940055024,      -6.276302048,      -5.835586333,      -9.106796883
          0,           0,         314,      -7.360621106,      -5.945489227,      -6.287487713,      -5.843539396,      -9.111823609
          0,           0,         315,       -7.37217488,      -5.950900557,      -6.298779682,       -5.85118322,      -9.116627088
          0,           0,         316,      -7.383270071,      -5.956286375,      -6.310112019,      -5.858495495,      -9.121054788
          0,           0,         317,      -7.393770692,      -5.961642108,      -6.321416784,      -5.865453846,      -9.124889263
          0,           0,         318,      -7.403542162,      -5.966961256,      -6.332625449,      -5.872035634,       -9.12825903
          0,           0,         319,      -7.412457137,      -5.972235703,      -6.343669201,      -5.878218157,      -9.130830452
          0,           0,         320,      -7.420403025,      -5.977455831,       -6.35448066,      -5.883979645,      -9.132556028
          0,           0,         321,      -7.427287864,      -5.982611158,      -6.364994406,      -5.889300506,      -9.133645953
          0,           0,         322,      -7.433046866,      -5.987690589,      -6.375149056,      -5.894164865,       -9.13359079
          0,           0,         323,      -7.437646435,      -5.992683091,      -6.384887761,       -5.89856229,      -9.132245569
          0,           0,         324,      -7.441087518,       -5.99757813,      -6.394159532,      -5.902489761,       -9.12996863
          0,           0,         325,      -7.443406285,      -6.002366298,      -6.402920603,      -5.905953426,      -9.126896099
          0,           0,         326,      -7.444671902,      -6.007039629,      -6.411135084,      -5.908969823,      -9.122609781
          0,           0,         327,      -7.444982936,      -6.011591988,      -6.418775961,      -5.911566682,      -9.117505827
          0,           0,         328,      -7.444460847,      -6.016019598,      -6.425825562,      -5.913782668,      -9.111329843
          0,           0,         329,      -7.443243175,      -6.020321163,      -6.432276038,      -5.915666341,       -9.10458896
          0,           0,         330,      -7.441476086,      -6.024498275,      -6.438129269,       -5.91727485,      -9.097223291
          0,           0,         331,      -7.439307212,      -6.028555395,      -6.443397089,      -5.918670969,      -9.089284103
          0,           0,         332,      -7.436879542,      -6.032500072,      -6.448100877,      -5.919920966,      -9.080749494
          0,           0,         333,      -7.434325859,      -6.036342408,      -6.452271127,       -5.92109153,      -9.071731872
          0,           0,         334,       -7.43176506,      -6.040095685,      -6.455947001,      -5.922247535,      -9.062074753
          0,           0,         335,      -7.429300252,      -6.043775787,      -6.459174369,      -5.923449577,      -9.052420082
          0,           0,         336,      -7.427017769,      -6.047401261,      -6.462004839,      -5.924753081,      -9.042638865
          0,           0,         337,      -7.424987518,      -6.050992428,      -6.464495073,      -5.926207056,      -9.032627808
          0,           0,         338,      -7.423263563,      -6.054571153,      -6.466704541,      -5.927853555,      -9.022776925
          0,           0,         339,      -7.421886204,      -6.058160311,      -6.468694363,      -5.929727785,      -9.012864971
          0,           0,         340,      -7.420883839,      -6.061783129,       -6.47052623,       -5.93185857,      -9.003208827
          0,           0,         341,      -7.420274545,      -6.065462786,      -6.472260245,      -5.934268733,      -8.993770974
          0,           0,         342,      -7.420068429,      -6.069221782,      -6.473954605,      -5.936975803,      -8.984684704
          0,           0,         343,      -7.420268915,      -6.073081602,      -6.475664369,      -5.939992748,      -8.975919643
          0,           0,         344,      -7.420874036,      -6.077061481,      -6.477441266,      -5.943328228,      -8.966878892
          0,           0,         345,      -7.421877177,      -6.081178074,        -6.4793317,      -5.946987017,      -8.958307542
          0,           0,         346,      -7.423268429,      -6.085445971,       -6.48137755,      -5.950970262,      -8.950154493
          0,           0,         347,      -7.425034999,      -6.089877159,      -6.483615265,      -5.955275777,      -8.942326605
          0,           0,         348,      -7.427161701,      -6.094480578,       -6.48607651,      -5.959898345,      -8.934828147
          0,           0,         349,      -7.429630987,      -6.099261695,       -6.48878854,      -5.964829671,      -8.927632554
          0,           0,         350,      -7.432423308,      -6.104222657,      -6.491773031,      -5.970058641,        -8.9208124
          0,           0,         351,      -7.435517916,      -6.109362118,      -6.495046956,      -5.975571548,      -8.914310758
          0,           0,         352,      -7.438892936,      -6.114675213,      -6.498623048,      -5.981352362,      -8.908133787
          0,           0,         353,      -7.442525232,      -6.120153525,      -6.502509486,       -5.98738267,      -8.902187465
          0,           0,         354,      -7.446390641,      -6.125785014,       -6.50671021,      -5.993641743,       -8.89644155
          0,           0,         355,      -7.450464209,      -6.131554162,      -6.511225183,      -6.000106659,      -8.890867408
          0,           0,         356,      -7.454719705,      -6.137441853,       -6.51605026,      -6.006752088,      -8.885714891
          0,           0,         357,      -7.459129399,      -6.143426416,      -6.521176601,      -6.013550064,      -8.880899134
          0,           0,         358,      -7.463663685,      -6.149482718,      -6.526592318,      -6.020469021,      -8.876334036
          0,           0,         359,      -7.468290888,       -6.15558287,      -6.532281795,      -6.027474213,      -8.872037092
          0,           0,         360,      -7.472977146,      -6.161696537,      -6.538225679,      -6.034527288,      -8.868059131
          0,           0,         361,      -7.477686147,      -6.167791126,      -6.544400958,      -6.041586022,      -8.864225182
          0,           0,         362,      -7.482379042,      -6.173831757,      -6.550780808,      -6.048604171,      -8.860616549
          0,           0,         363,      -7.487014546,      -6.179782213,      -6.557334192,      -6.055531554,      -8.857303453
          0,           0,         364,       -7.49154946,      -6.185606303,      -6.564026489,      -6.062314586,      -8.854354013
          0,           0,         365,      -7.495939329,      -6.191267516,      -6.570819868,      -6.068897083,      -8.851427366
          0,           0,         366,      -7.500139288,      -6.196729552,      -6.577672951,      -6.075221781,      -8.848809954
          0,           0,         367,      -7.504105533,      -6.201957813,      -6.584542192,      -6.081231952,      -8.846351779
          0,           0,         368,       -7.50779611,      -6.206920088,      -6.591380692,      -6.086873007,      -8.844101296
          0,           0,         369,      -7.511173507,      -6.211587113,      -6.598141056,       -6.09209524,      -8.842100972
          0,           0,         370,      -7.514205663,      -6.215934091,      -6.604773537,      -6.096856298,       -8.84034029
          0,           0,         371,      -7.516868216,      -6.219940747,      -6.611229787,      -6.101123244,       -8.83878344
          0,           0,         372,      -7.519145059,      -6.223592017,      -6.617463606,       -6.10487439,      -8.837503392
          0,           0,         373,      -7.521029224,      -6.226878149,      -6.623431999,      -6.108100369,      -8.836223838
          0,           0,         374,      -7.522523453,      -6.229794028,      -6.629095167,       -6.11080462,       -8.83521418
          0,           0,         375,      -7.523640982,      -6.232341708,      -6.634419602,      -6.113003796,      -8.834412048
          0,           0,         376,      -7.524404286,      -6.234529142,      -6.639379526,       -6.11472659,      -8.833813093
          0,           0,         377,      -7.524844244,      -6.236370092,      -6.643957113,      -6.116012849,      -8.833429613
          0,           0,         378,      -7.524999004,      -6.237882213,       -6.64814183,      -6.116911183,      -8.833362699
          0,           0,         379,      -7.524912812,      -6.239088323,      -6.651932545,      -6.117476881,      -8.833355939
          0,           0,         380,      -7.524633959,      -6.240014688,      -6.655338291,      -6.117769404,      -8.833664819
          0,           0,         381,      -7.524213356,       -6.24069107,      -6.658376129,      -6.117851045,      -8.834008152
          0,           0,         382,      -7.523702554,      -6.241147509,      -6.661070382,      -6.117783731,      -8.834555532
          0,           0,         383,      -7.523152338,      -6.241416751,      -6.663450262,      -6.117627459,       -8.83532834
          0,           0,         384,      -7.522611544,      -6.241531227,      -6.665551767,       -6.11743847,      -8.836251494
          0,           0,         385,      -7.522125363,       -6.24152346,      -6.667413102,      -6.117268512,      -8.837314307
          0,           0,         386,      -7.521734864,      -6.241424283,      -6.669075074,      -6.117163365,       -8.83853808
          0,           0,         387,      -7.521475593,      -6.241263149,      -6.670578481,      -6.117162029,      -8.839967142
          0,           0,         388,      -7.521377576,      -6.241067813,      -6.671964295,      -6.117296482,      -8.841451039
          0,           0,         389,      -7.521464764,      -6.240862784,      -6.673271764,      -6.117591703,      -8.843032862
          0,           0,         390,      -7.521755206,      -6.240671631,      -6.674537094,      -6.118065983,       -8.84476835
          0,           0,         391,      -7.522261192,      -6.240514905,      -6.675795379,      -6.118731141,      -8.846515738
          0,           0,         392,      -7.522989154,      -6.240410382,      -6.677076748,      -6.119593327,      -8.848257227
          0,           0,         393,      -7.523940249,       -6.24037215,      -6.678408964,      -6.120652955,      -8.850053923
          0,           0,         394,      -7.525110122,      -6.240411943,      -6.679813432,      -6.121904947,      -8.851870255
          0,           0,         395,      -7.526490409,      -6.240540096,      -6.681308325,      -6.123339858,      -8.853691829
          0,           0,         396,      -7.528068668,      -6.240764435,      -6.682908782,      -6.124944784,      -8.855399115
          0,           0,         397,      -7.529829331,      -6.241090188,      -6.684625906,      -6.126704198,      -8.857113814
          0,           0,         398,      -7.531754164,      -6.241520911,      -6.686467929,      -6.128600114,      -8.858620279
          0,           0,         399,      -7.533822737,      -6.242056891,      -6.688438523,      -6.130612437,      -8.860126601
          0,           0,         400,      -7.536013879,      -6.242698056,      -6.690538729,      -6.132720554,      -8.861416759
          0,           0,         401,        -7.5383055,      -6.243442297,      -6.692768024,       -6.13490327,      -8.862494663
          0,           0,         402,      -7.540675515,      -6.244285895,      -6.695122178,      -6.137140103,      -8.863407663
          0,           0,         403,      -7.543102877,      -6.245224288,      -6.697595658,      -6.139411693,      -8.864183069
          0,           0,         404,      -7.545567684,      -6.246252339,      -6.700181388,       -6.14170021,      -8.864715857
          0,           0,         405,      -7.548051642,      -6.247363405,      -6.702870323,      -6.143989903,      -8.864796021
          0,           0,         406,      -7.550538653,      -6.248549328,      -6.705652526,      -6.146267199,      -8.864848301
          0,           0,         407,      -7.553014953,      -6.249803979,      -6.708516808,      -6.148521114,       -8.86478982
          0,           0,         408,      -7.555469127,      -6.251120381,      -6.711453583,      -6.150743415,      -8.864457073
          0,           0,         409,      -7.557892269,      -6.252489764,      -6.714452698,      -6.152929237,      -8.863950543
          0,           0,         410,      -7.560277652,      -6.253903743,       -6.71750274,      -6.155075958,      -8.863211139
          0,           0,         411,      -7.562620472,      -6.255354174,      -6.720592615,       -6.15718261,      -8.862453875
          0,           0,         412,      -7.564918077,      -6.256832696,      -6.723711877,      -6.159250483,      -8.861419184
          0,           0,         413,      -7.567169302,      -6.258331105,      -6.726851018,      -6.161282399,      -8.860225634
          0,           0,         414,      -7.569373898,      -6.259841163,      -6.730000658,      -6.163281838,      -8.859119614
          0,           0,         415,      -7.571532431,      -6.261355957,      -6.733151735,      -6.165252775,      -8.857892872
          0,           0,         416,      -7.573646061,      -6.262868597,      -6.736297889,      -6.167199343,      -8.856494088
          0,           0,         417,      -7.575715426,      -6.264372565,      -6.739432353,      -6.169125041,      -8.855077484
          0,           0,         418,      -7.577741015,      -6.265862111,      -6.742548597,      -6.171032412,       -8.85359375
          0,           0,         419,      -7.579723231,      -6.267332163,      -6.745641685,      -6.172923166,      -8.852019435
          0,           0,         420,      -7.581662097,      -6.268778358,      -6.748706978,      -6.174798231,      -8.850406535
          0,           0,         421,      -7.583557257,      -6.270196975,      -6.751740494,      -6.176657493,      -8.848747595
          0,           0,         422,      -7.585407876,      -6.271584751,      -6.754739245,       -6.17849973,      -8.846990814
          0,           0,         423,      -7.587212597,      -6.272939151,      -6.757699765,      -6.180322717,      -8.845299895
          0,           0,         424,      -7.588970202,      -6.274258586,      -6.760618451,      -6.182123786,       -8.84362979
          0,           0,         425,      -7.590680018,      -6.275541963,      -6.763493902,      -6.183900378,      -8.841844516
          0,           0,         426,      -7.592341135,      -6.276788032,      -6.766323088,      -6.185649567,      -8.840005066
          0,           0,         427,      -7.593952997,      -6.277995887,      -6.769103583,      -6.187368346,      -8.838237161
          0,           0,         428,      -7.595515517,      -6.279166004,      -6.771832319,      -6.189053979,      -8.836457217
          0,           0,         429,      -7.597029739,      -6.280298917,      -6.774507509,      -6.190704738,       -8.83473161
          0,           0,         430,      -7.598497395,      -6.281395584,      -6.777126378,       -6.19231993,      -8.833092959
          0,           0,         431,      -7.599921132,      -6.282457274,      -6.779686361,      -6.193899622,      -8.831511539
          0,           0,         432,      -7.601304416,      -6.283485444,        -6.7821852,      -6.195444774,      -8.830154211
          0,           0,         433,      -7.602651305,      -6.284482758,      -6.784620014,      -6.196957145,      -8.828892937
          0,           0,         434,       -7.60396676,      -6.285450568,      -6.786990137,      -6.198439305,      -8.827747762
          0,           0,         435,      -7.605255632,      -6.286390455,      -6.789292427,      -6.199894193,      -8.826586677
          0,           0,         436,      -7.606523262,      -6.287303493,      -6.791525195,      -6.201324677,      -8.825586931
          0,           0,         437,      -7.607774702,      -6.288191433,      -6.793685855,      -6.202733593,      -8.824913063
          0,           0,         438,      -7.609014812,      -6.289057022,      -6.795771415,      -6.204123569,      -8.824425763
          0,           0,         439,      -7.610248792,      -6.289902767,      -6.797781589,      -6.205497592,      -8.824116688
          0,           0,         440,      -7.611481076,      -6.290730863,      -6.799716647,      -6.206858313,      -8.823994419
          0,           0,         441,      -7.612715115,       -6.29154347,      -6.801576735,      -6.208207404,      -8.824062357
          0,           0,         442,      -7.613953609,      -6.292343225,      -6.803361707,      -6.209545883,      -8.824209667
          0,           0,         443,      -7.615198782,      -6.293130765,      -6.805072928,      -6.210874231,      -8.824358894
          0,           0,         444,      -7.616451472,      -6.293907096,      -6.806709802,      -6.212191772,      -8.824788504
          0,           0,         445,      -7.617711553,      -6.294674504,      -6.808272913,      -6.213496454,      -8.825202167
          0,           0,         446,      -7.618978436,      -6.295434424,      -6.809765388,      -6.214786092,      -8.825815977
          0,           0,         447,      -7.620250553,      -6.296188887,       -6.81118896,      -6.216058264,      -8.826553589
          0,           0,         448,       -7.62152593,      -6.296940032,      -6.812546626,      -6.217309994,      -8.827289108
          0,           0,         449,      -7.622802233,       -6.29769003,      -6.813841748,      -6.218538417,      -8.828139005
          0,           0,         450,      -7.624076815,       -6.29844092,      -6.815078459,      -6.219740624,      -8.829056138
          0,           0,         451,      -7.625346992,      -6.299194579,       -6.81626096,      -6.220913991,       -8.83004102
          0,           0,         452,      -7.626610337,       -6.29995293,      -6.817393111,      -6.222056438,      -8.831111645
          0,           0,         453,      -7.627865011,      -6.300717885,      -6.818479735,      -6.223166695,      -8.832255336
          0,           0,         454,       -7.62910969,      -6.301491471,      -6.819525285,      -6.224244392,      -8.833495097
          0,           0,         455,      -7.630343697,      -6.302275922,      -6.820534301,      -6.225289987,      -8.834855243
          0,           0,         456,      -7.631567337,      -6.303073788,       -6.82151204,      -6.226305136,      -8.836367118
          0,           0,         457,      -7.632781916,      -6.303887439,      -6.822465836,      -6.227292737,      -8.837925266
          0,           0,         458,      -7.633989227,      -6.304719047,      -6.823400688,      -6.228256525,      -8.839582963
          0,           0,         459,      -7.635192172,      -6.305570988,      -6.824320894,      -6.229201181,      -8.841320824
          0,           0,         460,      -7.636395083,      -6.306444938,       -6.82523413,      -6.230132605,      -8.843226324
          0,           0,         461,       -7.63760245,      -6.307343581,      -6.826147325,      -6.231057236,      -8.845227754
          0,           0,         462,      -7.638819328,      -6.308269484,      -6.827066129,      -6.231981986,      -8.847313556
          0,           0,         463,      -7.640051644,      -6.309225138,      -6.827996428,      -6.232914587,      -8.849455614
          0,           0,         464,      -7.641305657,      -6.310212721,      -6.828945101,      -6.233862891,      -8.851753524
          0,           0,         465,      -7.642587593,      -6.311234791,      -6.829918971,      -6.234834681,       -8.85409289
          0,           0,         466,       -7.64390365,       -6.31229354,      -6.830924291,      -6.235837563,      -8.856691536
          0,           0,         467,      -7.645260012,      -6.313391598,      -6.831966197,      -6.236878779,      -8.859380033
          0,           0,         468,      -7.646663054,       -6.31453137,      -6.833051778,      -6.237965483,      -8.862179172
          0,           0,         469,      -7.648118528,      -6.315715012,      -6.834187669,      -6.239104357,      -8.865082482
          0,           0,         470,      -7.649631489,      -6.316944403,      -6.835380009,      -6.240301185,       -8.86804079
          0,           0,         471,       -7.65120637,      -6.318221087,      -6.836634481,      -6.241560944,      -8.871142152
          0,           0,         472,      -7.652846861,      -6.319546683,       -6.83795515,      -6.242887722,      -8.874376509
          0,           0,         473,      -7.654556329,      -6.320922063,      -6.839347824,      -6.244285049,      -8.877430522
          0,           0,         474,      -7.656336891,      -6.322347762,      -6.840816508,      -6.245755277,      -8.880680776
          0,           0,         475,      -7.658189926,      -6.323824007,      -6.842363412,      -6.247299764,      -8.883977461
          0,           0,         476,      -7.660116161,      -6.325351012,      -6.843991122,      -6.248919051,      -8.887252215
          0,           0,         477,       -7.66211544,      -6.326927678,      -6.845702505,      -6.250612776,       -8.89024142
          0,           0,         478,      -7.664186752,      -6.328551688,      -6.847499728,      -6.252379737,      -8.893420996
          0,           0,         479,      -7.666327894,      -6.330222414,      -6.849381466,      -6.254217491,      -8.896585589
          0,           0,         480,      -7.668536762,      -6.331938905,      -6.851348187,      -6.256123402,      -8.899684282
          0,           0,         481,      -7.670810959,      -6.333699891,      -6.853399923,      -6.258095114,        -8.9027406
          0,           0,         482,      -7.673147387,      -6.335504124,      -6.855535481,      -6.260129575,      -8.905729801
          0,           0,         483,      -7.675542561,      -6.337349123,      -6.857753311,      -6.262223149,      -8.908558031
          0,           0,         484,      -7.677992553,      -6.339232411,      -6.860050349,      -6.264371786,      -8.911059827
          0,           0,         485,      -7.680493053,      -6.341150693,      -6.862423417,      -6.266570793,      -8.913680884
          0,           0,         486,      -7.683039431,      -6.343101904,      -6.864867287,      -6.268815309,       -8.91613963
          0,           0,         487,      -7.685627413,      -6.345083724,      -6.867378496,      -6.271100727,      -8.918456292
          0,           0,         488,      -7.688252823,      -6.347093753,      -6.869952522,      -6.273423015,      -8.920645088
          0,           0,         489,      -7.690911408,      -6.349129618,      -6.872584086,      -6.275777973,       -8.92272079
          0,           0,         490,      -7.693599079,      -6.351188915,      -6.875267992,      -6.278161579,      -8.924706815
          0,           0,         491,      -7.696311857,      -6.353269086,      -6.877999301,      -6.280570044,      -8.926571541
          0,           0,         492,      -7.699045747,       -6.35536818,      -6.880771449,      -6.282999682,      -8.928404853
          0,           0,         493,      -7.701797271,      -6.357483515,      -6.883579178,      -6.285447222,      -8.930154629
          0,           0,         494,      -7.704563065,      -6.359613015,      -6.886416547,      -6.287909767,      -8.931772318
          0,           0,         495,      -7.707339947,       -6.36175365,      -6.889278148,      -6.290384361,       -8.93306099
          0,           0,         496,      -7.710124851,      -6.363902171,      -6.892157679,       -6.29286824,      -8.934550938
          0,           0,         497,      -7.712914542,      -6.366057004,       -6.89504893,      -6.295358354,      -8.935828545
          0,           0,         498,      -7.715706225,      -6.368216818,      -6.897947414,      -6.297852082,      -8.937150378
          0,           0,         499,      -7.718497995,      -6.370380415,      -6.900848842,      -6.300348093,      -8.938437833
          0,           0,         500,      -7.721287931,      -6.372546289,      -6.903750349,      -6.302844978,      -8.939834097
          0,           0,         501,       -7.72407381,      -6.374712757,      -6.906647427,      -6.305341017,      -8.941203443
          0,           0,         502,      -7.726853817,      -6.376878348,      -6.909535316,       -6.30783472,      -8.942602122
          0,           0,         503,      -7.729626376,      -6.379041805,      -6.912410468,      -6.310324709,      -8.944043319
          0,           0,         504,      -7.732389956,      -6.381201885,      -6.915270413,      -6.312809704,      -8.945507844
          0,           0,         505,      -7.735142935,      -6.383357241,      -6.918113178,      -6.315288335,      -8.947026404
          0,           0,         506,      -7.737883441,      -6.385506577,      -6.920935576,      -6.317758915,      -8.948574348
          0,           0,         507,      -7.740609652,      -6.387648617,      -6.923734621,      -6.320219659,      -8.950056616
          0,           0,         508,      -7.743319755,      -6.389781836,       -6.92650803,      -6.322668763,      -8.951657695
          0,           0,         509,      -7.746011699,      -6.391905159,      -6.929252556,      -6.325104207,      -8.953281188
          0,           0,         510,      -7.748683659,      -6.394017651,       -6.93196621,      -6.327524084,       -8.95489882
          0,           0,         511,       -7.75133354,      -6.396118748,      -6.934647558,      -6.329926376,      -8.956599058
          0,           0,         512,      -7.753959189,      -6.398207575,      -6.937294178,      -6.332309022,      -8.958371218
          0,           0,         513,      -7.756558857,      -6.400283361,      -6.939904102,       -6.33467037,      -8.960019264
          0,           0,         514,      -7.759130758,      -6.402344298,      -6.942475408,      -6.337008625,      -8.961306431
          0,           0,         515,      -7.761673068,      -6.404387441,      -6.945005912,      -6.339321841,      -8.962768806
          0,           0,         516,      -7.764183438,      -6.406412305,      -6.947491566,      -6.341607564,      -8.964150336
          0,           0,         517,      -7.766660069,      -6.408418271,       -6.94993106,       -6.34386367,         -8.965309
          0,           0,         518,      -7.769102034,      -6.410404078,       -6.95232351,      -6.346089478,      -8.966382011
          0,           0,         519,       -7.77150794,      -6.412368781,      -6.954666241,      -6.348283848,      -8.967453187
          0,           0,         520,       -7.77387631,      -6.414311755,       -6.95695661,      -6.350445316,      -8.968358797
          0,           0,         521,      -7.776206241,      -6.416231933,      -6.959193633,      -6.352573054,      -8.968899298
          0,           0,         522,       -7.77849651,      -6.418128498,      -6.961375921,      -6.354665984,      -8.969399275
          0,           0,         523,        -7.7807461,      -6.420001154,      -6.963501456,      -6.356723155,      -8.969783199
          0,           0,         524,      -7.782953982,      -6.421849616,      -6.965568679,      -6.358743616,      -8.970103006
          0,           0,         525,      -7.785119241,       -6.42367325,      -6.967577442,      -6.360726579,      -8.970241388
          0,           0,         526,      -7.787240699,      -6.425471586,      -6.969526383,      -6.362671026,      -8.970252773
          0,           0,         527,      -7.789317345,      -6.427244267,      -6.971414713,      -6.364575923,      -8.970160983
          0,           0,         528,      -7.791348293,      -6.428991041,      -6.973242211,       -6.36644041,      -8.969984891
          0,           0,         529,      -7.793332809,      -6.430711792,      -6.975009056,      -6.368263805,      -8.969745902
          0,           0,         530,      -7.795270271,      -6.432406815,      -6.976715588,      -6.370045571,      -8.969468427
          0,           0,         531,       -7.79716022,      -6.434076064,       -6.97836279,      -6.371785315,      -8.969118379
          0,           0,         532,      -7.799002189,      -6.435719412,       -6.97995151,      -6.373482687,      -8.968760661
          0,           0,         533,      -7.800795605,      -6.437337545,      -6.981482879,      -6.375137184,      -8.968257369
          0,           0,         534,      -7.802540157,      -6.438929538,      -6.982959234,      -6.376748504,      -8.967516757
          0,           0,         535,      -7.804235362,       -6.44049461,      -6.984381082,      -6.378316332,      -8.966793808
          0,           0,         536,      -7.805880594,      -6.442033155,      -6.985749706,      -6.379839968,      -8.966226244
          0,           0,         537,       -7.80747576,      -6.443546608,      -6.987068023,      -6.381319427,       -8.96563467
          0,           0,         538,      -7.809021443,      -6.445036128,      -6.988339915,       -6.38275571,      -8.965063743
          0,           0,         539,      -7.810518586,      -6.446502813,      -6.989568881,      -6.384150384,       -8.96453244
          0,           0,         540,      -7.811968362,      -6.447947692,       -6.99075856,      -6.385505134,      -8.964043756
          0,           0,         541,      -7.813372168,      -6.449371831,       -6.99191255,      -6.386821855,      -8.963588014
          0,           0,         542,      -7.814731712,      -6.450776452,      -6.993034205,      -6.388102784,      -8.963228088
          0,           0,         543,      -7.816048931,      -6.452162529,       -6.99412771,      -6.389350345,      -8.962928166
          0,           0,         544,      -7.817325717,      -6.453531021,      -6.995196607,      -6.390566914,      -8.962738919
          0,           0,         545,      -7.818564051,      -6.454883615,      -6.996243855,      -6.391754866,      -8.962712794
          0,           0,         546,      -7.819766427,       -6.45622059,      -6.997273564,      -6.392916914,      -8.962449238
          0,           0,         547,      -7.820935242,      -6.457542583,      -6.998288751,      -6.394055709,      -8.962385433
          0,           0,         548,      -7.822072805,      -6.458850637,      -6.999292097,      -6.395173523,      -8.962283917
          0,           0,         549,      -7.823181614,      -6.460144933,      -7.000287277,      -6.396272739,       -8.96241627
          0,           0,         550,      -7.824264106,      -6.461426881,      -7.001277051,      -6.397355808,      -8.962652005
          0,           0,         551,      -7.825322914,      -6.462697987,       -7.00226459,      -6.398425222,      -8.963095226
          0,           0,         552,      -7.826361074,      -6.463959388,       -7.00325322,      -6.399483992,      -8.963763731
          0,           0,         553,       -7.82738133,      -6.465212449,      -7.004245663,      -6.400534774,      -8.964518569
          0,           0,         554,      -7.828386347,      -6.466456951,      -7.005244101,      -6.401579853,      -8.965253201
          0,           0,         555,      -7.829378726,      -6.467692603,      -7.006250214,      -6.402621347,      -8.966188551
          0,           0,         556,      -7.830360305,      -6.468919713,      -7.007265173,      -6.403660407,       -8.96733555
          0,           0,         557,      -7.831333117,      -6.470139338,      -7.008290652,      -6.404698377,      -8.968593522
          0,           0,         558,      -7.832299486,       -6.47135231,      -7.009328905,      -6.405737043,      -8.969952597
          0,           0,         559,      -7.833261559,      -6.472559777,      -7.010380933,       -6.40677817,      -8.971444939
          0,           0,         560,      -7.834221218,      -6.473761851,      -7.011448673,      -6.407823086,      -8.972882843
          0,           0,         561,      -7.835179929,      -6.474958575,      -7.012532267,      -6.408872777,      -8.974554069
          0,           0,         562,       -7.83613874,      -6.476150233,      -7.013632451,       -6.40992758,      -8.976251318
          0,           0,         563,      -7.837098608,       -6.47733698,       -7.01475058,      -6.410987834,      -8.977999367
          0,           0,         564,      -7.838060193,      -6.478519146,      -7.015886809,       -6.41205378,      -8.979763898
          0,           0,         565,      -7.839024013,      -6.479696931,      -7.017041438,      -6.413125476,      -8.981497494
          0,           0,         566,      -7.839990507,      -6.480869308,       -7.01821489,      -6.414202873,      -8.983376392
          0,           0,         567,      -7.840959551,      -6.482036462,      -7.019405139,      -6.415285403,      -8.985256216
          0,           0,         568,      -7.841931266,      -6.483198493,      -7.020612604,      -6.416372464,      -8.987104733
          0,           0,         569,      -7.842905951,      -6.484355335,      -7.021837796,      -6.417464009,      -8.989126836
          0,           0,         570,       -7.84388363,      -6.485507205,      -7.023079567,      -6.418559723,      -8.990936056
          0,           0,         571,       -7.84486471,       -6.48665418,      -7.024337894,      -6.419659529,      -8.992814367
          0,           0,         572,      -7.845850118,      -6.487797496,      -7.025612297,      -6.420764062,      -8.994609816
          0,           0,         573,      -7.846840754,      -6.488936586,      -7.026903306,      -6.421873806,      -8.996452012
          0,           0,         574,      -7.847837398,      -6.490071966,      -7.028209129,      -6.422989267,      -8.998037312
          0,           0,         575,      -7.848841073,      -6.491202669,      -7.029529763,      -6.424110817,      -8.999751243
          0,           0,         576,       -7.84985268,      -6.492329997,       -7.03086394,      -6.425239029,      -9.001349018
          0,           0,         577,      -7.850873158,      -6.493454562,      -7.032212436,      -6.426374253,      -9.002853438
          0,           0,         578,       -7.85190394,      -6.494576895,      -7.033575097,      -6.427517707,      -9.004231043
          0,           0,         579,      -7.852946155,      -6.495697054,      -7.034950765,      -6.428670158,      -9.005735167
          0,           0,         580,      -7.854000796,      -6.496816266,      -7.036338344,      -6.429832204,      -9.007209112
          0,           0,         581,      -7.855069033,      -6.497936535,      -7.037738675,      -6.431004644,      -9.008669232
          0,           0,         582,      -7.856152205,      -6.499057774,       -7.03915374,      -6.432188669,      -9.009966182
          0,           0,         583,      -7.857250907,      -6.500180137,      -7.040582504,      -6.433384847,      -9.011212296
          0,           0,         584,        -7.8583651,      -6.501304093,      -7.042023063,      -6.434592734,      -9.012265055
          0,           0,         585,      -7.859495287,      -6.502429527,      -7.043475025,      -6.435812501,      -9.013453376
          0,           0,         586,       -7.86064184,      -6.503557762,      -7.044938094,      -6.437044415,      -9.014605663
          0,           0,         587,      -7.861804992,      -6.504690099,       -7.04641342,      -6.438288587,      -9.015725277
          0,           0,         588,      -7.862985339,      -6.505827702,      -7.047901961,      -6.439545797,      -9.016817162
          0,           0,         589,      -7.864183425,      -6.506971703,      -7.049404187,      -6.440816779,      -9.017957755
          0,           0,         590,      -7.865399715,       -6.50812355,      -7.050920437,      -6.442102174,      -9.019108738
          0,           0,         591,      -7.866634778,      -6.509283996,      -7.052451295,      -6.443402699,      -9.020164069
          0,           0,         592,       -7.86788926,      -6.510453186,      -7.053996929,       -6.44471916,      -9.020969941
          0,           0,         593,      -7.869163464,      -6.511630609,      -7.055557113,      -6.446051879,      -9.021857385
          0,           0,         594,      -7.870457148,      -6.512817596,      -7.057130837,      -6.447400549,      -9.022745321
          0,           0,         595,      -7.871770802,      -6.514015549,      -7.058718707,      -6.448765591,      -9.023672758
          0,           0,         596,       -7.87310527,      -6.515225625,      -7.060321629,      -6.450148056,       -9.02462441
          0,           0,         597,       -7.87446098,      -6.516448796,      -7.061940144,      -6.451548554,      -9.025618016
          0,           0,         598,      -7.875838258,      -6.517685906,      -7.063574443,      -6.452967522,      -9.026658095
          0,           0,         599,      -7.877237392,      -6.518937761,      -7.065224651,      -6.454405296,      -9.027765403
          0,           0,         600,      -7.878658682,      -6.520205099,      -7.066890935,      -6.455862192,      -9.028951107
          0,           0,         601,      -7.880102208,      -6.521488556,      -7.068573555,      -6.457338302,      -9.030221255
          0,           0,         602,      -7.881568047,      -6.522788733,      -7.070272845,      -6.458833702,      -9.031582732
          0,           0,         603,      -7.883056183,      -6.524106228,      -7.071988811,      -6.460348375,      -9.033038727
          0,           0,         604,      -7.884566582,      -6.525441678,      -7.073721418,       -6.46188228,      -9.034663991
          0,           0,         605,      -7.886099131,      -6.526795261,      -7.075471739,      -6.463435322,      -9.036364658
          0,           0,         606,      -7.887653426,       -6.52816713,      -7.077239375,      -6.465007149,      -9.038247608
          0,           0,         607,      -7.889229059,      -6.529558088,      -7.079023943,      -6.466597396,      -9.040235121
          0,           0,         608,      -7.890825794,      -6.530967589,      -7.080825882,      -6.468205882,       -9.04224152
          0,           0,         609,      -7.892443358,      -6.532395322,      -7.082644452,      -6.469832494,      -9.044106213
          0,           0,         610,      -7.894081089,      -6.533840682,      -7.084478922,      -6.471476508,      -9.046332414
          0,           0,         611,      -7.895738464,      -6.535305137,      -7.086329119,      -6.473137461,      -9.048655615
          0,           0,         612,      -7.897415327,      -6.536788332,      -7.088197099,      -6.474815251,      -9.051151368
          0,           0,         613,      -7.899111846,      -6.538289749,      -7.090081705,      -6.476510315,      -9.053508525
          0,           0,         614,       -7.90082778,      -6.539808407,      -7.091982568,       -6.47822232,      -9.055832499
          0,           0,         615,      -7.902562931,      -6.541343834,      -7.093898679,      -6.479950988,      -9.058321297
          0,           0,         616,       -7.90431689,      -6.542895613,        -7.0958293,      -6.481695793,      -9.060860665
          0,           0,         617,      -7.906089107,      -6.544463132,      -7.097774131,      -6.483456103,      -9.063410472
          0,           0,         618,      -7.907879104,      -6.546045619,      -7.099733021,      -6.485231427,      -9.065843268
          0,           0,         619,      -7.909686257,      -6.547642074,      -7.101705142,      -6.487021132,       -9.06858465
          0,           0,         620,      -7.911509752,      -6.549251903,      -7.103688502,       -6.48882439,      -9.071369239
          0,           0,         621,      -7.913349009,      -6.550873895,      -7.105683827,      -6.490640585,      -9.074043288
          0,           0,         622,      -7.915202958,      -6.552507161,      -7.107689834,      -6.492468756,      -9.076918988
          0,           0,         623,      -7.917070348,      -6.554151293,      -7.109704965,      -6.494307724,      -9.079549533
          0,           0,         624,      -7.918950381,       -6.55580288,      -7.111729534,      -6.496156734,       -9.08208964
          0,           0,         625,      -7.920841631,      -6.557460463,      -7.113760418,      -6.498014492,      -9.084307022
          0,           0,         626,      -7.922741968,      -6.559122631,      -7.115795782,      -6.499878673,      -9.086649981
          0,           0,         627,      -7.924650008,      -6.560789384,      -7.117834312,      -6.501748086,      -9.088614639
          0,           0,         628,       -7.92656466,      -6.562459282,       -7.11987583,      -6.503621861,      -9.090608214
          0,           0,         629,      -7.928485005,      -6.564131959,       -7.12191841,      -6.505499416,      -9.092557283
          0,           0,         630,      -7.930410056,       -6.56580707,       -7.12396189,      -6.507379924,       -9.09428669
          0,           0,         631,      -7.932338972,      -6.567483588,       -7.12600621,      -6.509262794,      -9.095451721
          0,           0,         632,      -7.934270701,      -6.569160245,      -7.128049189,      -6.511147108,      -9.096464204
          0,           0,         633,      -7.936204182,      -6.570836019,      -7.130088719,      -6.513031812,      -9.097457534
          0,           0,         634,      -7.938137976,      -6.572510034,      -7.132122818,      -6.514915417,      -9.098299432
          0,           0,         635,      -7.940070975,       -6.57418158,      -7.134149849,      -6.516796781,       -9.09901779
          0,           0,         636,      -7.942002339,      -6.575850039,       -7.13616843,      -6.518675123,      -9.099739945
          0,           0,         637,      -7.943931107,      -6.577515349,      -7.138177486,      -6.520549561,      -9.100314801
          0,           0,         638,       -7.94585626,      -6.579175732,       -7.14017644,      -6.522419042,       -9.10076056
          0,           0,         639,      -7.947776769,      -6.580830024,      -7.142162226,      -6.524282545,      -9.100903024
          0,           0,         640,      -7.949691304,      -6.582476536,      -7.144132857,      -6.526138594,      -9.101337401
          0,           0,         641,      -7.951598632,      -6.584115495,      -7.146086722,       -6.52798597,      -9.101721047
          0,           0,         642,       -7.95349773,      -6.585746549,      -7.148023707,      -6.529823705,      -9.102106821
          0,           0,         643,      -7.955388246,      -6.587369209,      -7.149943023,      -6.531651703,      -9.102503066
          0,           0,         644,      -7.957269599,      -6.588982937,      -7.151843722,      -6.533469612,      -9.103016233
          0,           0,         645,      -7.959140988,       -6.59058738,      -7.153725051,      -6.535276855,      -9.103381508
          0,           0,         646,      -7.961001524,      -6.592181339,      -7.155586606,      -6.537072727,      -9.103385696
          0,           0,         647,       -7.96285043,      -6.593763843,      -7.157426784,      -6.538856687,      -9.103583438
          0,           0,         648,      -7.964686547,      -6.595334835,      -7.159244168,      -6.540627808,      -9.103760889
          0,           0,         649,      -7.966508598,      -6.596894052,      -7.161038945,      -6.542385041,      -9.103937926
          0,           0,         650,      -7.968315726,      -6.598441165,      -7.162810969,      -6.544127914,      -9.103939926
          0,           0,         651,      -7.970106991,      -6.599974731,      -7.164559629,      -6.545855823,      -9.103622566
          0,           0,         652,      -7.971881006,      -6.601493325,      -7.166282861,      -6.547567661,      -9.103512352
          0,           0,         653,      -7.973635947,      -6.602996599,      -7.167979458,      -6.549261849,      -9.103327873
          0,           0,         654,      -7.975369983,      -6.604484215,      -7.169648594,      -6.550936812,      -9.103076301
          0,           0,         655,       -7.97708193,      -6.605955772,      -7.171289986,      -6.552591712,      -9.102781789
          0,           0,         656,      -7.978770721,      -6.607410957,       -7.17290331,      -6.554225887,      -9.102523646
          0,           0,         657,      -7.980435132,      -6.608849653,      -7.174488204,      -6.555838489,      -9.102065411
          0,           0,         658,      -7.982073958,      -6.610270784,      -7.176044582,      -6.557428601,      -9.101286954
          0,           0,         659,      -7.983686141,      -6.611673854,      -7.177570868,       -6.55899545,      -9.100756845
          0,           0,         660,      -7.985270592,      -6.613059099,      -7.179065802,      -6.560538182,      -9.100087295
          0,           0,         661,      -7.986826497,      -6.614425717,      -7.180529245,      -6.562056115,      -9.099102847
          0,           0,         662,      -7.988353546,      -6.615772909,      -7.181960305,      -6.563549045,      -9.098359214
          0,           0,         663,      -7.989851186,      -6.617101646,      -7.183358377,      -6.565016491,      -9.097672342
          0,           0,         664,      -7.991319115,      -6.618413061,      -7.184724592,      -6.566458151,      -9.097168375
          0,           0,         665,      -7.992758116,      -6.619707785,      -7.186060033,      -6.567874913,      -9.096624376
          0,           0,         666,      -7.994169125,      -6.620985093,      -7.187365449,      -6.569267704,      -9.095607352
          0,           0,         667,      -7.995552716,      -6.622243415,      -7.188640316,      -6.570636871,      -9.094754952
          0,           0,         668,      -7.996908789,      -6.623482908,       -7.18988249,      -6.571982007,      -9.093814622
          0,           0,         669,      -7.998237239,      -6.624703935,      -7.191092639,      -6.573302657,      -9.092922616
          0,           0,         670,      -7.999538756,      -6.625906276,        -7.1922721,       -6.57459934,      -9.091982816
          0,           0,         671,      -8.000813856,      -6.627090187,      -7.193421232,       -6.57587244,      -9.090510045
          0,           0,         672,      -8.002062854,      -6.628255721,      -7.194540646,      -6.577122068,      -9.089456493
          0,           0,         673,      -8.003285925,       -6.62940511,      -7.195630972,      -6.578348505,      -9.088407751
          0,           0,         674,      -8.004483042,      -6.630539458,      -7.196695049,      -6.579551777,      -9.087380477
          0,           0,         675,      -8.005655048,      -6.631659627,      -7.197734566,      -6.580732955,      -9.086395546
          0,           0,         676,       -8.00680246,      -6.632766476,      -7.198750602,      -6.581892803,      -9.085472328
          0,           0,         677,      -8.007925379,      -6.633861132,       -7.19974425,      -6.583031673,      -9.084663046
          0,           0,         678,      -8.009023918,      -6.634944259,      -7.200717216,      -6.584149943,      -9.083937522
          0,           0,         679,      -8.010098257,      -6.636015834,      -7.201670724,      -6.585248067,      -9.083296908
          0,           0,         680,      -8.011148307,       -6.63707638,      -7.202604984,      -6.586326145,       -9.08280911
          0,           0,         681,      -8.012174142,      -6.638127064,      -7.203521116,      -6.587384364,      -9.082538324
          0,           0,         682,      -8.013176467,      -6.639168065,      -7.204420975,      -6.588423619,      -9.082368386
          0,           0,         683,      -8.014156065,      -6.640199295,       -7.20530519,      -6.589444835,       -9.08235205
          0,           0,         684,      -8.015113465,      -6.641221223,      -7.206174134,      -6.590448463,      -9.082588367
          0,           0,         685,      -8.016049418,      -6.642234501,      -7.207028859,      -6.591435134,      -9.082820099
          0,           0,         686,      -8.016965139,      -6.643239701,      -7.207871409,      -6.592406011,      -9.083094073
          0,           0,         687,      -8.017861917,      -6.644236462,      -7.208703406,       -6.59336226,      -9.083576898
          0,           0,         688,      -8.018740661,      -6.645225081,        -7.2095243,      -6.594304599,      -9.084164409
          0,           0,         689,      -8.019602302,      -6.646204634,      -7.210335691,      -6.595233562,      -9.084919497
          0,           0,         690,      -8.020447524,      -6.647175466,      -7.211137126,      -6.596149618,      -9.085797926
          0,           0,         691,      -8.021276823,      -6.648138329,      -7.211929685,      -6.597052919,      -9.086739172
          0,           0,         692,      -8.022091204,      -6.649093871,      -7.212715056,      -6.597944358,      -9.087739471
          0,           0,         693,      -8.022891549,       -6.65004264,      -7.213494624,      -6.598824778,      -9.088786358
          0,           0,         694,      -8.023678472,      -6.650985052,       -7.21426964,      -6.599694713,      -9.089862182
          0,           0,         695,      -8.024452435,      -6.651921424,      -7.215041337,      -6.600554559,       -9.09095358
          0,           0,         696,      -8.025213819,       -6.65285203,      -7.215810794,      -6.601404667,      -9.092060354
          0,           0,         697,      -8.025962974,      -6.653777205,       -7.21657895,      -6.602245388,      -9.093180057
          0,           0,         698,      -8.026700318,      -6.654697392,      -7.217346902,      -6.603077157,      -9.094304236
          0,           0,         699,      -8.027426449,      -6.655613298,        -7.2181158,      -6.603900624,      -9.095491979
          0,           0,         700,       -8.02814223,      -6.656525059,      -7.218887378,      -6.604716692,      -9.096654661
          0,           0,         701,      -8.028848503,       -6.65743225,      -7.219662548,      -6.605526206,      -9.097696216
          0,           0,         702,      -8.029545902,      -6.658334266,      -7.220441508,      -6.606329633,      -9.098801735
          0,           0,         703,      -8.030234988,      -6.659231131,      -7.221224018,      -6.607127264,      -9.099937825
          0,           0,         704,      -8.030916829,      -6.660122905,      -7.222011196,      -6.607919894,      -9.101037599
          0,           0,         705,      -8.031592648,      -6.661009633,      -7.222803955,      -6.608708544,      -9.102198108
          0,           0,         706,      -8.032263619,      -6.661891568,      -7.223602239,      -6.609494128,      -9.103375491
          0,           0,         707,      -8.032931111,      -6.662769242,      -7.224406532,      -6.610277701,      -9.104554681
          0,           0,         708,      -8.033596548,      -6.663643331,      -7.225217668,        -6.6110604,      -9.105749546
          0,           0,         709,      -8.034261214,      -6.664514487,       -7.22603655,      -6.611843225,      -9.106988521
          0,           0,         710,      -8.034926233,      -6.665383065,      -7.226864517,      -6.612626997,      -9.108146773
          0,           0,         711,      -8.035592461,      -6.666248858,      -7.227702208,      -6.613412255,      -9.109203397
          0,           0,         712,      -8.036260453,      -6.667111656,      -7.228548934,        -6.6141992,      -9.110377537
          0,           0,         713,      -8.036930653,      -6.667972108,      -7.229404177,      -6.614987908,      -9.111529691
          0,           0,         714,      -8.037603805,      -6.668831094,      -7.230268954,      -6.615778857,      -9.112681495
          0,           0,         715,      -8.038280737,      -6.669689812,      -7.231144286,      -6.616572826,      -9.113849395
          0,           0,         716,      -8.038962201,      -6.670549927,      -7.232031332,      -6.617370565,      -9.115067779
          0,           0,         717,      -8.039649122,      -6.671410861,      -7.232931479,      -6.618172955,      -9.116194839
          0,           0,         718,      -8.040342044,      -6.672272924,      -7.233844293,       -6.61898053,      -9.117298564
          0,           0,         719,        -8.0410408,      -6.673136475,      -7.234770023,      -6.619792846,      -9.118398611
          0,           0,         720,      -8.041745746,      -6.674002011,      -7.235708856,       -6.62061021,      -9.119497954
          0,           0,         721,      -8.042457412,      -6.674870023,      -7.236661199,      -6.621433143,      -9.120366303
          0,           0,         722,      -8.043176325,      -6.675739937,      -7.237627186,      -6.622262094,      -9.121586186
          0,           0,         723,      -8.043902792,      -6.676613321,       -7.23860666,      -6.623097323,      -9.122834882
          0,           0,         724,      -8.044637267,      -6.677491134,      -7.239601497,      -6.623939141,      -9.124115055
          0,           0,         725,       -8.04538084,      -6.678374057,      -7.240612111,      -6.624788782,       -9.12546005
          0,           0,         726,      -8.046134376,      -6.679262599,      -7.241638663,      -6.625647131,      -9.126862704
          0,           0,         727,      -8.046898622,      -6.680157163,      -7.242681291,       -6.62651485,      -9.128333456
          0,           0,         728,      -8.047674265,      -6.681058065,      -7.243740113,      -6.627392521,      -9.129874668
          0,           0,         729,      -8.048461923,      -6.681965485,      -7.244815397,      -6.628280657,      -9.131453008
          0,           0,         730,      -8.049262152,      -6.682879553,      -7.245906787,      -6.629179692,      -9.133062671
          0,           0,         731,      -8.050075435,      -6.683800279,      -7.247014051,      -6.630089974,      -9.134681106
          0,           0,         732,      -8.050902156,      -6.684727517,      -7.248137001,      -6.631011754,      -9.136389347
          0,           0,         733,      -8.051742543,      -6.685661285,      -7.249274726,      -6.631945107,      -9.138182157
          0,           0,         734,      -8.052596966,      -6.686601746,      -7.250426967,      -6.632890266,      -9.140023088
          0,           0,         735,      -8.053465866,      -6.687549106,      -7.251593959,      -6.633847581,       -9.14190137
          0,           0,         736,      -8.054349581,      -6.688503541,      -7.252775958,      -6.634817309,      -9.143814225
          0,           0,         737,      -8.055248386,      -6.689465163,       -7.25397294,      -6.635799638,      -9.145762536
          0,           0,         738,      -8.056162542,      -6.690434046,      -7.255184604,      -6.636794735,      -9.147735469
          0,           0,         739,      -8.057092339,      -6.691410221,      -7.256410817,      -6.637802805,       -9.14971739
          0,           0,         740,      -8.058038034,      -6.692393693,      -7.257651527,      -6.638824012,      -9.151691947
          0,           0,         741,       -8.05899984,      -6.693384458,      -7.258906685,      -6.639858472,      -9.153639648
          0,           0,         742,      -8.059977929,      -6.694382599,      -7.260176238,      -6.640906258,      -9.155538628
          0,           0,         743,      -8.060972506,      -6.695388247,       -7.26146022,      -6.641967503,      -9.157377975
          0,           0,         744,      -8.061983693,      -6.696401604,      -7.262758423,      -6.643042283,      -9.159212552
          0,           0,         745,      -8.063011557,      -6.697422399,      -7.264071275,      -6.644130651,      -9.160941455
          0,           0,         746,      -8.064055888,      -6.698450098,      -7.265398366,      -6.645232372,      -9.162551864
          0,           0,         747,      -8.065116159,      -6.699484342,      -7.266738589,      -6.646346852,      -9.164070045
          0,           0,         748,      -8.066191837,      -6.700524859,      -7.268091535,      -6.647473527,      -9.165493791
          0,           0,         749,      -8.067282287,      -6.701571417,      -7.269456953,      -6.648611815,      -9.166836502
          0,           0,         750,      -8.068386776,       -6.70262411,      -7.270834208,      -6.649761076,      -9.168160957
          0,           0,         751,      -8.069504648,       -6.70368339,      -7.272222511,      -6.650920808,      -9.169543314
          0,           0,         752,      -8.070635531,      -6.704748257,       -7.27362181,      -6.652090819,      -9.170775536
          0,           0,         753,      -8.071778821,      -6.705818457,      -7.275030589,      -6.653270682,      -9.171961193
          0,           0,         754,      -8.072933492,      -6.706893929,      -7.276448544,      -6.654459324,      -9.173116549
          0,           0,         755,      -8.074099028,      -6.707974762,      -7.277875428,      -6.655656337,        -9.1742377
          0,           0,         756,      -8.075275233,      -6.709061047,      -7.279311083,      -6.656861665,      -9.175339626
          0,           0,         757,      -8.076462061,      -6.710153202,      -7.280755181,      -6.658075354,      -9.176463778
          0,           0,         758,       -8.07765969,      -6.711251326,      -7.282207836,      -6.659297638,      -9.177550482
          0,           0,         759,      -8.078868322,      -6.712354071,      -7.283668927,      -6.660528705,      -9.178327839
          0,           0,         760,      -8.080087553,      -6.713459879,      -7.285136214,      -6.661767948,      -9.179337371
          0,           0,         761,      -8.081316502,      -6.714568902,      -7.286607708,       -6.66301414,      -9.180282469
          0,           0,         762,      -8.082554711,      -6.715681269,      -7.288083569,      -6.664266624,      -9.181095127
          0,           0,         763,       -8.08380218,      -6.716796849,       -7.28956391,      -6.665525466,      -9.181898271
          0,           0,         764,       -8.08505861,      -6.717915662,       -7.29104778,      -6.666790381,      -9.182696622
          0,           0,         765,      -8.086323715,       -6.71903794,      -7.292534852,       -6.66806109,      -9.183427226
          0,           0,         766,       -8.08759732,      -6.720163992,      -7.294025525,       -6.66933752,      -9.184087543
          0,           0,         767,      -8.088879284,      -6.721294098,      -7.295520152,      -6.670619709,      -9.184678295
          0,           0,         768,       -8.09016945,      -6.722428354,      -7.297018932,      -6.671907722,      -9.185059676
          0,           0,         769,      -8.091467682,      -6.723566016,       -7.29852214,      -6.673201609,      -9.185433486
          0,           0,         770,       -8.09277357,       -6.72470686,      -7.300028824,      -6.674501159,      -9.185902855
          0,           0,         771,      -8.094086549,      -6.725851681,      -7.301538794,      -6.675805988,       -9.18636401
          0,           0,         772,      -8.095406553,      -6.727000557,      -7.303052784,      -6.677116372,      -9.186757878
          0,           0,         773,      -8.096733568,      -6.728152349,      -7.304570385,      -6.678432679,      -9.187067288
          0,           0,         774,      -8.098066817,      -6.729306593,      -7.306090146,      -6.679754349,      -9.187353729
          0,           0,         775,      -8.099405114,      -6.730462787,      -7.307611357,      -6.681080299,      -9.187632252
          0,           0,         776,      -8.100747535,      -6.731620495,       -7.30913321,      -6.682409849,      -9.187926219
          0,           0,         777,      -8.102093077,        -6.7327794,      -7.310654831,      -6.683742263,      -9.188023363
          0,           0,         778,      -8.103440645,      -6.733938112,      -7.312175242,      -6.685076654,      -9.188247285
          0,           0,         779,      -8.104788905,      -6.735096438,      -7.313692646,      -6.686411893,      -9.188683226
          0,           0,         780,      -8.106136368,      -6.736254797,      -7.315206388,      -6.687746638,      -9.189128921
          0,           0,         781,       -8.10748222,       -6.73741333,      -7.316716341,      -6.689080368,      -9.189369708
          0,           0,         782,      -8.108825883,      -6.738572127,      -7.318222094,      -6.690412815,      -9.189781103
          0,           0,         783,      -8.110166725,       -6.73973112,      -7.319722459,      -6.691743542,      -9.190309423
          0,           0,         784,       -8.11150421,      -6.740890219,      -7.321216674,      -6.693072111,      -9.190946658
          0,           0,         785,      -8.112837868,      -6.742049414,      -7.322704029,      -6.694398128,      -9.191742457
          0,           0,         786,      -8.114167473,      -6.743208358,      -7.324184272,      -6.695721416,      -9.192653464
          0,           0,         787,      -8.115492828,       -6.74436614,      -7.325656777,      -6.697041764,      -9.193616566
          0,           0,         788,      -8.116813536,      -6.745522072,      -7.327119648,      -6.698358653,      -9.194684425
          0,           0,         789,      -8.118129237,       -6.74667563,      -7.328571759,      -6.699671562,      -9.195866384
          0,           0,         790,       -8.11943974,      -6.747826377,      -7.330012373,      -6.700980206,      -9.197174204
          0,           0,         791,      -8.120744916,      -6.748973945,      -7.331441257,      -6.702284352,      -9.198610714
          0,           0,         792,      -8.122044703,      -6.750117692,      -7.332858383,      -6.703583869,      -9.200078946
          0,           0,         793,      -8.123338778,      -6.751257023,      -7.334262599,      -6.704878354,      -9.201625553
          0,           0,         794,      -8.124626576,       -6.75239121,      -7.335652981,      -6.706167197,      -9.203267454
          0,           0,         795,       -8.12590737,      -6.753518664,      -7.337029381,      -6.707449644,      -9.204844242
          0,           0,         796,      -8.127179965,      -6.754638098,      -7.338389936,      -6.708724473,      -9.206405329
          0,           0,         797,       -8.12844292,      -6.755748472,      -7.339733551,      -6.709990196,      -9.207934994
          0,           0,         798,      -8.129694893,      -6.756848878,      -7.341059591,      -6.711245574,      -9.209409857
          0,           0,         799,      -8.130934479,      -6.757938473,      -7.342367422,      -6.712489382,      -9.210810342
          0,           0,         800,       -8.13216018,      -6.759016439,      -7.343656318,      -6.713720334,       -9.21212312
          0,           0,         801,       -8.13337046,      -6.760081973,      -7.344925476,      -6.714937115,      -9.213329169
          0,           0,         802,      -8.134563752,      -6.761134202,      -7.346174114,      -6.716138393,      -9.214396142
          0,           0,         803,      -8.135738489,       -6.76217212,      -7.347401421,      -6.717322803,      -9.215234246
          0,           0,         804,      -8.136893094,      -6.763194379,      -7.348606507,      -6.718488913,      -9.216014804
          0,           0,         805,      -8.138025922,       -6.76420016,      -7.349787254,      -6.719635163,      -9.216715347
          0,           0,         806,      -8.139135675,      -6.765189033,      -7.350942705,       -6.72076032,      -9.217278661
          0,           0,         807,      -8.140221539,      -6.766160757,      -7.352072422,      -6.721863677,      -9.217703496
          0,           0,         808,      -8.141282925,      -6.767115146,      -7.353175993,       -6.72294471,      -9.217936354
          0,           0,         809,      -8.142319478,      -6.768051652,       -7.35425309,      -6.724003045,       -9.21792983
          0,           0,         810,      -8.143330964,      -6.768969501,      -7.355302786,      -6.725038339,      -9.217935728
          0,           0,         811,      -8.144317114,      -6.769868658,      -7.356323609,      -6.726050132,      -9.217842843
          0,           0,         812,      -8.145278018,      -6.770749364,       -7.35731547,      -6.727038296,      -9.217633801
          0,           0,         813,      -8.146214232,      -6.771611931,      -7.358278575,      -6.728003261,      -9.217325391
          0,           0,         814,      -8.147126446,      -6.772456636,      -7.359213087,      -6.728945553,      -9.216920472
          0,           0,         815,      -8.148015398,      -6.773283621,      -7.360119261,      -6.729865715,      -9.216392551
          0,           0,         816,      -8.148881735,      -6.774092795,      -7.360997344,      -6.730764168,      -9.215798142
          0,           0,         817,      -8.149725913,      -6.774884134,      -7.361846875,      -6.731641137,      -9.215212982
          0,           0,         818,      -8.150548405,      -6.775657886,      -7.362667569,      -6.732496894,      -9.214614372
          0,           0,         819,      -8.151349838,      -6.776414493,      -7.363459938,      -6.733331938,      -9.214002741
          0,           0,         820,      -8.152130812,      -6.777154495,      -7.364224806,      -6.734146816,      -9.213393816
          0,           0,         821,      -8.152891798,      -6.777878463,      -7.364963093,      -6.734941993,      -9.212803831
          0,           0,         822,      -8.153633119,       -6.77858694,      -7.365675759,      -6.735717836,      -9.212244669
          0,           0,         823,      -8.154355037,      -6.779280414,      -7.366363748,      -6.736474713,      -9.211723708
          0,           0,         824,      -8.155057683,      -6.779959372,      -7.367027898,      -6.737212889,       -9.21125113
          0,           0,         825,      -8.155741073,      -6.780624297,      -7.367668961,       -6.73793255,      -9.210849515
          0,           0,         826,      -8.156405094,      -6.781275622,      -7.368287878,      -6.738633774,      -9.210538643
          0,           0,         827,      -8.157049509,      -6.781913535,      -7.368885803,      -6.739316521,      -9.210277882
          0,           0,         828,      -8.157673877,      -6.782538101,      -7.369463211,      -6.739980521,      -9.210067236
          0,           0,         829,      -8.158277683,      -6.783149474,      -7.370020099,       -6.74062541,      -9.209926186
          0,           0,         830,      -8.158860565,      -6.783747922,      -7.370556842,      -6.741250964,      -9.209857293
          0,           0,         831,      -8.159422302,      -6.784333817,      -7.371074148,      -6.741857139,      -9.209860233
          0,           0,         832,      -8.159962825,      -6.784907626,      -7.371572742,      -6.742444038,      -9.209935758
          0,           0,         833,      -8.160482248,       -6.78546991,      -7.372053403,      -6.743011911,      -9.210086453
          0,           0,         834,      -8.160980933,      -6.786021314,      -7.372516985,      -6.743561244,      -9.210326409
          0,           0,         835,      -8.161459472,      -6.786562621,      -7.372964409,      -6.744092724,      -9.210665149
          0,           0,         836,       -8.16191869,      -6.787095176,      -7.373396869,      -6.744607236,      -9.211117085
          0,           0,         837,      -8.162359822,      -6.787621013,      -7.373816141,      -6.745106093,      -9.211780795
          0,           0,         838,      -8.162784604,      -6.788138757,      -7.374224128,      -6.745591004,      -9.212287632
          0,           0,         839,      -8.163194221,      -6.788647713,      -7.374619446,      -6.746063017,       -9.21280264
          0,           0,         840,      -8.163588651,      -6.789148053,      -7.375002154,       -6.74652153,      -9.213348857
          0,           0,         841,      -8.163968561,      -6.789640172,      -7.375373487,      -6.746966848,      -9.213901355
          0,           0,         842,      -8.164335097,      -6.790124339,      -7.375734808,      -6.747399954,      -9.214448865
          0,           0,         843,      -8.164689217,      -6.790600864,      -7.376086994,      -6.747821647,      -9.214987247
          0,           0,         844,      -8.165031628,      -6.791070212,      -7.376430939,      -6.748232461,       -9.21523551
          0,           0,         845,      -8.165363048,      -6.791531514,      -7.376767391,      -6.748632984,      -9.215657462
          0,           0,         846,      -8.165683684,       -6.79198577,      -7.377096457,      -6.749023385,      -9.216084254
          0,           0,         847,      -8.165993526,      -6.792433986,      -7.377420263,      -6.749403582,      -9.216247306
          0,           0,         848,      -8.166293244,      -6.792875858,      -7.377740788,      -6.749774454,      -9.216572365
          0,           0,         849,      -8.166582964,      -6.793312332,       -7.37805821,      -6.750136363,      -9.216837388
          0,           0,         850,      -8.166862514,      -6.793744437,      -7.378373841,      -6.750489238,      -9.217038646
          0,           0,         851,      -8.167132483,      -6.794173079,       -7.37868908,      -6.750834035,      -9.217205706
          0,           0,         852,       -8.16739353,       -6.79459901,      -7.379005335,      -6.751171755,      -9.217360417
          0,           0,         853,      -8.167646269,       -6.79502284,      -7.379323889,      -6.751503229,      -9.217513578
          0,           0,         854,      -8.167891349,      -6.795445033,      -7.379645815,      -6.751829258,      -9.217676256
          0,           0,         855,      -8.168129525,      -6.795865874,      -7.379971923,      -6.752150668,      -9.217860121
          0,           0,         856,       -8.16836159,      -6.796285323,      -7.380302954,      -6.752468246,      -9.218053549
          0,           0,         857,      -8.168588245,       -6.79670319,      -7.380639063,      -6.752782559,      -9.218318346
          0,           0,         858,      -8.168810201,       -6.79711949,      -7.380979498,      -6.753094093,      -9.218694928
          0,           0,         859,      -8.169028393,      -6.797534594,      -7.381323943,      -6.753403518,      -9.219163953
          0,           0,         860,      -8.169243945,      -6.797949351,      -7.381672949,      -6.753711692,      -9.219810484
          0,           0,         861,      -8.169458139,       -6.79836376,      -7.382027673,      -6.754019641,      -9.220490142
          0,           0,         862,      -8.169671955,      -6.798777415,      -7.382388143,      -6.754328051,      -9.221198624
          0,           0,         863,       -8.16988596,      -6.799190354,      -7.382753838,      -6.754637072,      -9.221969979
          0,           0,         864,      -8.170100706,      -6.799602827,      -7.383125119,      -6.754946848,      -9.222789237
          0,           0,         865,      -8.170316983,      -6.800015194,      -7.383502575,      -6.755257948,      -9.223642263
          0,           0,         866,      -8.170535537,      -6.800427921,      -7.383886735,      -6.755570954,      -9.224539863
          0,           0,         867,      -8.170757098,      -6.800841277,      -7.384278346,      -6.755886477,      -9.225474178
          0,           0,         868,      -8.170982238,      -6.801254889,      -7.384678336,      -6.756204983,      -9.226349135
          0,           0,         869,      -8.171211141,      -6.801668427,      -7.385086167,      -6.756526535,      -9.227180158
          0,           0,         870,      -8.171443823,      -6.802081794,      -7.385501487,       -6.75685097,      -9.227972847
          0,           0,         871,      -8.171680448,      -6.802495096,       -7.38592458,      -6.757178366,       -9.22871881
          0,           0,         872,      -8.171921237,       -6.80290859,      -7.386355911,      -6.757508953,      -9.229408458
          0,           0,         873,      -8.172166449,      -6.803322557,      -7.386795939,      -6.757843027,      -9.229925944
          0,           0,         874,      -8.172416416,      -6.803736721,      -7.387245209,      -6.758180944,      -9.230314925
          0,           0,         875,      -8.172671428,      -6.804150966,      -7.387703287,      -6.758523008,      -9.230789056
          0,           0,         876,      -8.172931622,       -6.80456602,      -7.388170146,      -6.758869274,       -9.23119246
          0,           0,         877,      -8.173197457,      -6.804982777,      -7.388646385,      -6.759220181,       -9.23153687
          0,           0,         878,      -8.173469746,      -6.805401998,      -7.389132654,      -6.759576672,      -9.231835584
          0,           0,         879,      -8.173749234,      -6.805824275,      -7.389629516,      -6.759939511,       -9.23210102
          0,           0,         880,      -8.174036648,      -6.806250109,      -7.390137297,      -6.760309344,      -9.232338219
          0,           0,         881,      -8.174332654,      -6.806679903,      -7.390656322,      -6.760686687,      -9.232539936
          0,           0,         882,      -8.174637777,      -6.807113908,      -7.391186858,      -6.761071884,      -9.232717986
          0,           0,         883,      -8.174952317,      -6.807552302,      -7.391728677,      -6.761465026,      -9.232926824
          0,           0,         884,      -8.175276429,      -6.807995362,      -7.392281219,       -6.76186605,      -9.233185312
          0,           0,         885,      -8.175610328,      -6.808443502,      -7.392844185,      -6.762274989,      -9.233484398
          0,           0,         886,      -8.175954207,      -6.808897248,      -7.393417765,      -6.762691892,      -9.233823182
          0,           0,         887,       -8.17630822,      -6.809357152,      -7.394002365,      -6.763116812,      -9.234206144
          0,           0,         888,      -8.176672534,      -6.809823762,      -7.394598463,       -6.76354985,      -9.234637089
          0,           0,         889,      -8.177047394,      -6.810297451,      -7.395206527,      -6.763991241,      -9.235072785
          0,           0,         890,      -8.177433038,      -6.810778307,      -7.395827189,      -6.764441213,      -9.235494655
          0,           0,         891,      -8.177829692,      -6.811266116,      -7.396460465,      -6.764899999,       -9.23602028
          0,           0,         892,      -8.178237485,       -6.81176094,      -7.397105874,      -6.765367695,      -9.236621329
          0,           0,         893,      -8.178656787,      -6.812262939,      -7.397763654,      -6.765844673,       -9.23725519
          0,           0,         894,      -8.179087927,      -6.812772209,      -7.398434313,      -6.766331297,      -9.237913677
          0,           0,         895,      -8.179531215,      -6.813288757,      -7.399118199,      -6.766827932,      -9.238590108
          0,           0,         896,      -8.179986873,      -6.813812442,      -7.399815325,      -6.767334833,      -9.239293615
          0,           0,         897,      -8.180455045,      -6.814343058,      -7.400525344,      -6.767852175,      -9.240032422
          0,           0,         898,      -8.180935849,      -6.814880411,      -7.401247899,      -6.768380116,      -9.240859198
          0,           0,         899,       -8.18142933,      -6.815424253,      -7.401982594,       -6.76891876,      -9.241673227
          0,           0,         900,      -8.181935529,      -6.815974534,      -7.402729249,      -6.769468183,      -9.242371534
          0,           0,         901,      -8.182454397,      -6.816531248,      -7.403487556,      -6.770028417,      -9.242868254
          0,           0,         902,      -8.182986033,      -6.817094544,       -7.40425729,      -6.770599653,      -9.243527977
          0,           0,         903,      -8.183530668,      -6.817664504,      -7.405037984,      -6.771182217,      -9.244235057
          0,           0,         904,      -8.184088489,      -6.818241193,      -7.405829675,      -6.771776355,      -9.244984064
          0,           0,         905,      -8.184659702,      -6.818824724,      -7.406632344,      -6.772382323,      -9.245781324
          0,           0,         906,      -8.185244606,       -6.81941533,      -7.407445904,       -6.77300047,      -9.246642913
          0,           0,         907,       -8.18584355,      -6.820013724,      -7.408270436,        -6.7736312,      -9.247582474
          0,           0,         908,      -8.186457006,      -6.820620246,      -7.409106339,      -6.774275034,      -9.248562063
          0,           0,         909,      -8.187085456,       -6.82123353,      -7.409953263,       -6.77493245,      -9.249473868
          0,           0,         910,      -8.187728805,      -6.821853395,      -7.410809662,      -6.775603224,      -9.250423805
          0,           0,         911,      -8.188386452,      -6.822479956,      -7.411675314,      -6.776286439,      -9.251400671
          0,           0,         912,      -8.189058244,      -6.823113441,      -7.412550246,      -6.776981861,      -9.252444524
          0,           0,         913,       -8.18974409,      -6.823754198,      -7.413434558,      -6.777689429,      -9.253585215
          0,           0,         914,      -8.190443731,      -6.824402181,      -7.414328782,      -6.778408905,      -9.254695999
          0,           0,         915,       -8.19115667,      -6.825056528,      -7.415232405,      -6.779139802,      -9.255520232
          0,           0,         916,      -8.191881963,      -6.825714872,      -7.416143995,      -6.779881051,      -9.256658317
          0,           0,         917,      -8.192618019,       -6.82637754,      -7.417061016,      -6.780630927,      -9.257770004
          0,           0,         918,       -8.19336328,      -6.827044887,      -7.417983919,      -6.781387716,      -9.258883479
          0,           0,         919,      -8.194117274,      -6.827717196,      -7.418913071,      -6.782151282,      -9.260012769
          0,           0,         920,      -8.194879487,      -6.828394617,      -7.419848534,      -6.782921434,      -9.261164259
          0,           0,         921,      -8.195649306,      -6.829077192,      -7.420790171,      -6.783697784,      -9.262342748
          0,           0,         922,      -8.196426177,       -6.82976488,      -7.421737807,      -6.784479962,      -9.263553723
          0,           0,         923,       -8.19720968,      -6.830457575,      -7.422691213,       -6.78526772,      -9.264793338
          0,           0,         924,      -8.197999524,      -6.831155009,      -7.423650165,      -6.786060912,      -9.266065442
          0,           0,         925,      -8.198795471,       -6.83185685,      -7.424614197,      -6.786859393,      -9.267380274
          0,           0,         926,       -8.19959734,      -6.832562813,      -7.425582779,      -6.787663026,      -9.268736392
          0,           0,         927,      -8.200405052,      -6.833272645,      -7.426555527,      -6.788471749,      -9.270128885
          0,           0,         928,      -8.201218592,       -6.83398613,      -7.427532091,      -6.789285553,      -9.271549536
          0,           0,         929,      -8.202037964,       -6.83470308,      -7.428512167,      -6.790104433,      -9.272996013
          0,           0,         930,      -8.202863169,       -6.83542327,      -7.429495601,      -6.790928384,       -9.27448058
          0,           0,         931,      -8.203694137,      -6.836146208,      -7.430482483,      -6.791757325,      -9.275931969
          0,           0,         932,      -8.204530578,      -6.836871011,      -7.431472431,      -6.792590934,      -9.277200752
          0,           0,         933,      -8.205371887,      -6.837596313,      -7.432464239,      -6.793428531,       -9.27838556
          0,           0,         934,       -8.20621714,       -6.83832108,        -7.4334561,      -6.794269105,      -9.279523238
          0,           0,         935,      -8.207065287,      -6.839044966,      -7.434447013,      -6.795111551,      -9.280718458
          0,           0,         936,      -8.207915532,      -6.839767201,      -7.435436401,      -6.795955143,      -9.281858301
          0,           0,         937,      -8.208767193,      -6.840486647,      -7.436423195,      -6.796799345,      -9.282843665
          0,           0,         938,       -8.20961924,      -6.841202926,      -7.437406167,      -6.797643201,      -9.283741112
          0,           0,         939,      -8.210470602,      -6.841915787,      -7.438384969,      -6.798485702,       -9.28456154
          0,           0,         940,      -8.211320519,      -6.842624968,      -7.439359162,      -6.799326303,      -9.285311607
          0,           0,         941,      -8.212168277,      -6.843330132,      -7.440328126,      -6.800164497,      -9.285980443
          0,           0,         942,      -8.213013147,      -6.844030754,      -7.441291094,      -6.800999705,       -9.28658002
          0,           0,         943,      -8.213854394,      -6.844726369,      -7.442247043,      -6.801831294,      -9.287114375
          0,           0,         944,      -8.214691287,      -6.845416577,      -7.443194999,      -6.802658589,      -9.287582875
          0,           0,         945,      -8.215523156,      -6.846101036,       -7.44413405,      -6.803480964,      -9.287981348
          0,           0,         946,      -8.216349381,      -6.846779421,      -7.445063401,      -6.804297824,      -9.288262748
          0,           0,         947,       -8.21716936,      -6.847451135,      -7.445982157,      -6.805108552,      -9.288217531
          0,           0,         948,      -8.217982463,      -6.848114799,      -7.446889063,       -6.80591244,      -9.288337719
          0,           0,         949,      -8.218787769,      -6.848770539,      -7.447782248,      -6.806708439,      -9.288423176
          0,           0,         950,      -8.219584422,      -6.849418772,      -7.448661613,      -6.807495536,      -9.288431414
          0,           0,         951,      -8.220372341,      -6.850059794,      -7.449527151,       -6.80827376,      -9.288391747
          0,           0,         952,      -8.221151447,      -6.850693743,      -7.450378565,      -6.809043121,      -9.288324551
          0,           0,         953,      -8.221921541,       -6.85132064,      -7.451215447,      -6.809803415,      -9.288246081
          0,           0,         954,      -8.222682418,      -6.851940446,      -7.452037365,      -6.810554395,      -9.288170388
          0,           0,         955,      -8.223433883,      -6.852553101,      -7.452843917,      -6.811295818,      -9.288107975
          0,           0,         956,      -8.224175775,      -6.853158522,      -7.453634815,      -6.812027489,       -9.28807041
          0,           0,         957,      -8.224907966,      -6.853756585,      -7.454409712,      -6.812749262,      -9.288063194
          0,           0,         958,      -8.225630316,      -6.854347225,      -7.455168378,      -6.813460969,      -9.288089396
          0,           0,         959,      -8.226342765,      -6.854930332,      -7.455910676,      -6.814162562,      -9.288143514
          0,           0,         960,      -8.227045249,        -6.8555057,      -7.456636573,      -6.814853994,      -9.288196653
          0,           0,         961,      -8.227737669,      -6.856072959,      -7.457346135,      -6.815535192,      -9.288232743
          0,           0,         962,      -8.228419813,      -6.856631558,      -7.458038989,      -6.816205978,      -9.288312467
          0,           0,         963,      -8.229091304,      -6.857181089,      -7.458714361,      -6.816865995,      -9.288442887
          0,           0,         964,      -8.229751881,      -6.857721352,      -7.459371925,      -6.817515038,      -9.288588414
          0,           0,         965,      -8.230401388,      -6.858252286,      -7.460011828,      -6.818153057,      -9.288730117
          0,           0,         966,      -8.231039624,      -6.858773891,      -7.460634369,      -6.818779983,      -9.288857871
          0,           0,         967,      -8.231666348,       -6.85928618,      -7.461239822,      -6.819395716,       -9.28896338
          0,           0,         968,      -8.232281372,      -6.859789149,      -7.461828394,      -6.820000213,      -9.289039007
          0,           0,         969,      -8.232884532,      -6.860282778,      -7.462400231,      -6.820593455,      -9.289078404
          0,           0,         970,       -8.23347567,      -6.860767048,       -7.46295543,      -6.821175412,      -9.289076994
          0,           0,         971,       -8.23405465,      -6.861241969,      -7.463494056,      -6.821746059,      -9.289032521
          0,           0,         972,      -8.234621373,      -6.861707585,      -7.464016145,      -6.822305392,      -9.288945357
          0,           0,         973,      -8.235175738,      -6.862163991,      -7.464521721,      -6.822853377,      -9.288819089
          0,           0,         974,      -8.235717659,      -6.862611348,      -7.465010844,      -6.823389977,       -9.28866015
          0,           0,         975,      -8.236247155,      -6.863049887,      -7.465483596,      -6.823915253,      -9.288477973
          0,           0,         976,      -8.236764303,      -6.863479923,      -7.465940102,        -6.8244293,      -9.288286439
          0,           0,         977,      -8.237269213,      -6.863901858,      -7.466380578,      -6.824932221,      -9.288108269
          0,           0,         978,      -8.237762031,      -6.864316122,      -7.466805489,      -6.825424194,      -9.287965608
          0,           0,         979,      -8.238242963,      -6.864723144,      -7.467215608,      -6.825905414,      -9.287851587
          0,           0,         980,      -8.238712168,      -6.865123284,      -7.467611528,      -6.826376019,      -9.287748121
          0,           0,         981,      -8.239169758,      -6.865517033,      -7.467993337,      -6.826836094,      -9.287726419
          0,           0,         982,      -8.239615892,      -6.865904741,      -7.468361436,      -6.827285762,      -9.287818284
          0,           0,         983,      -8.240050849,      -6.866286093,      -7.468716207,       -6.82772529,      -9.287891023
          0,           0,         984,        -8.2404746,      -6.866661442,      -7.469057164,      -6.828154555,      -9.288083354
          0,           0,         985,      -8.240887102,      -6.867029254,      -7.469384324,      -6.828573288,      -9.288172554
          0,           0,         986,      -8.241288145,      -6.867389373,      -7.469696442,      -6.828981164,      -9.288300528
          0,           0,         987,      -8.241676956,      -6.867742015,      -7.469993861,      -6.829377139,      -9.288473473
          0,           0,         988,      -8.242053481,      -6.868087521,      -7.470277373,      -6.829761118,      -9.288661093
          0,           0,         989,       -8.24241794,      -6.868426082,      -7.470547752,      -6.830133387,        -9.2888766
          0,           0,         990,      -8.242770542,      -6.868757966,      -7.470805711,      -6.830494231,      -9.289093648
          0,           0,         991,       -8.24311145,      -6.869083444,      -7.471052112,      -6.830843846,      -9.289297917
          0,           0,         992,       -8.24344095,      -6.869402727,      -7.471287667,      -6.831182614,      -9.289151204
          0,           0,         993,      -8.243759266,      -6.869714637,      -7.471512808,        -6.8315108,      -9.289180753
          0,           0,         994,      -8.244066218,      -6.870019921,      -7.471727284,      -6.831828274,      -9.289241653
          0,           0,         995,      -8.244361545,       -6.87031957,      -7.471932695,      -6.832134758,      -9.289215628
          0,           0,         996,      -8.244645832,      -6.870614268,      -7.472130692,        -6.8324311,      -9.289116727
          0,           0,         997,      -8.244919719,      -6.870904477,      -7.472322324,      -6.832718237,      -9.288903038
          0,           0,         998,      -8.245183513,      -6.871190159,      -7.472508468,      -6.832996643,      -9.288457281
