"Time_Iter","Outer_Iter","Inner_Iter",    "rms[Rho]"    ,    "rms[RhoU]"   ,    "rms[RhoV]"   ,    "rms[RhoE]"   ,     "rms[nu]"    
          0,           0,           0,      -3.845304036,      -16.82067187,      -17.04891401,      -3.238138035,      -10.66657997
          0,           0,           1,      -4.503577272,      -4.146160419,      -3.940201197,      -3.892120005,      -10.60616569
          0,           0,           2,      -4.461436529,      -4.167845116,      -4.452306147,      -3.835608931,      -10.27236176
          0,           0,           3,      -4.610184261,       -4.31664068,      -4.722252751,      -3.993059783,      -10.00820072
          0,           0,           4,      -4.714055862,       -4.42011652,      -4.707828691,      -4.130147691,      -9.887581353
          0,           0,           5,      -4.720562204,      -4.459285012,      -4.735453256,       -4.16550977,      -10.32112032
          0,           0,           6,      -4.696734003,      -4.467023463,      -4.782331373,      -4.150514086,      -10.28679457
          0,           0,           7,      -4.677989449,      -4.480305956,      -4.829116434,      -4.132704616,      -10.22623869
          0,           0,           8,      -4.671661958,        -4.5039362,      -4.871232683,      -4.126715873,      -10.17491719
          0,           0,           9,      -4.673986654,       -4.53513972,      -4.904312061,      -4.130241563,      -10.19498974
          0,           0,          10,      -4.679021828,      -4.569768498,      -4.927425664,      -4.137037767,      -10.19777982
          0,           0,          11,      -4.682662468,      -4.604478644,      -4.942200354,       -4.14246201,      -10.16575577
          0,           0,          12,      -4.683105303,      -4.637395919,      -4.950901036,      -4.144075239,      -9.948082788
          0,           0,          13,      -4.679975306,      -4.666666644,      -4.956357234,      -4.140449777,      -9.662186868
          0,           0,          14,      -4.673237022,      -4.691333493,      -4.961229552,      -4.130746501,      -9.363779522
          0,           0,          15,      -4.663092402,      -4.710560672,      -4.967473597,      -4.115094094,      -9.063269611
          0,           0,          16,      -4.650222225,      -4.723729334,      -4.976183288,      -4.094608674,      -8.769204196
          0,           0,          17,      -4.635502819,      -4.728880353,      -4.986854846,      -4.070981064,      -8.951454331
          0,           0,          18,      -4.620047071,      -4.726260748,      -4.996269923,      -4.046335855,       -8.71063554
          0,           0,          19,      -4.604998348,      -4.717948499,      -4.999910609,      -4.022942367,      -8.499223852
          0,           0,          20,      -4.591174095,      -4.709882147,      -4.996410248,      -4.001888865,      -8.361944836
          0,           0,          21,      -4.579215935,      -4.703221044,      -4.987970277,      -3.984092247,      -8.291551582
          0,           0,          22,      -4.571445556,       -4.69849344,      -4.979258442,      -3.972116728,       -8.28778266
          0,           0,          23,      -4.567356372,      -4.693989006,      -4.973906808,       -3.96537529,      -8.308724113
          0,           0,          24,      -4.564031489,      -4.686707645,      -4.976160186,      -3.960752352,      -8.307462318
          0,           0,          25,      -4.555964663,       -4.67627375,       -4.98676575,      -3.951148027,      -8.307620707
          0,           0,          26,      -4.544427156,      -4.659597161,      -5.003449558,      -3.936362738,      -8.312366619
          0,           0,          27,      -4.541043005,      -4.656631086,      -5.024089428,      -3.929750264,      -8.309409909
          0,           0,          28,      -4.538203011,      -4.651411362,      -5.042991117,      -3.924948639,       -8.29281276
          0,           0,          29,      -4.537814943,      -4.652710465,      -5.055422439,      -3.920871036,      -8.217877134
          0,           0,          30,      -4.546306844,      -4.670793427,      -5.053945134,      -3.927749844,      -8.023679676
          0,           0,          31,      -4.559863315,      -4.690962411,      -5.039327361,       -3.94145043,      -8.228073614
          0,           0,          32,      -4.571416041,      -4.702369525,      -5.017365001,      -3.953783225,      -8.375574272
          0,           0,          33,      -4.578136215,      -4.720854604,      -4.994180522,      -3.962663459,      -8.377025855
          0,           0,          34,      -4.570703636,      -4.731573776,      -4.970614659,      -3.958250424,      -8.377161861
          0,           0,          35,      -4.553110879,      -4.739961934,      -4.947764638,      -3.942694974,      -8.369091361
          0,           0,          36,      -4.534612926,       -4.74720327,      -4.923878486,      -3.926105897,      -8.330224393
          0,           0,          37,      -4.515470343,      -4.746670182,       -4.90067886,      -3.908476215,       -8.37152963
          0,           0,          38,      -4.490410036,      -4.748781304,      -4.876836355,      -3.884344399,      -8.369626814
          0,           0,          39,      -4.466560493,      -4.746679197,      -4.854488726,      -3.861585474,      -8.377216202
          0,           0,          40,      -4.445289743,      -4.743424813,      -4.835249038,      -3.841141231,      -8.374741107
          0,           0,          41,      -4.422365288,        -4.7403059,      -4.817416967,      -3.818747784,      -8.385405754
          0,           0,          42,      -4.400166488,      -4.738040919,      -4.802451603,      -3.796665952,      -8.368810861
          0,           0,          43,      -4.381076144,      -4.735273549,      -4.789531402,      -3.777772169,      -8.282819246
          0,           0,          44,      -4.366621189,      -4.733921199,      -4.779462292,      -3.763623966,      -8.064735144
          0,           0,          45,       -4.35777777,      -4.732207449,      -4.771353463,      -3.755364651,      -7.733858555
          0,           0,          46,      -4.354295652,      -4.730841489,      -4.765310818,      -3.752760806,      -7.324398149
          0,           0,          47,      -4.354801325,      -4.729403073,      -4.761310331,      -3.754327832,      -6.845064835
          0,           0,          48,      -4.357917917,      -4.714807355,      -4.758745895,      -3.758638067,      -6.294387607
          0,           0,          49,      -4.362325072,      -4.666395667,      -4.756340942,      -3.764274592,       -5.72891789
          0,           0,          50,      -4.366980695,      -4.586732223,      -4.749359182,      -3.770123791,      -5.146564626
          0,           0,          51,      -4.371367622,      -4.513474534,      -4.730065462,      -3.775553622,      -4.556118944
          0,           0,          52,      -4.375504897,      -4.471604197,      -4.695322684,      -3.780510014,      -3.961867298
          0,           0,          53,      -4.379585876,      -4.477930593,      -4.584568882,      -3.784978496,      -3.864778702
          0,           0,          54,      -4.384938653,      -4.548233341,      -4.666459394,      -3.790559046,      -3.889632969
          0,           0,          55,      -4.391127059,      -4.561289103,      -4.688958203,      -3.796673514,      -3.960376657
          0,           0,          56,      -4.399111866,      -4.559247916,       -4.69852916,      -3.804490161,      -4.043419587
          0,           0,          57,      -4.409117968,      -4.527260597,      -4.731379286,      -3.814073969,      -4.241636111
          0,           0,          58,      -4.420996971,      -4.517049355,      -4.702042167,      -3.825411614,      -4.184883217
          0,           0,          59,      -4.434158489,      -4.627133156,      -4.745513174,      -3.837919345,      -4.287763562
          0,           0,          60,      -4.447942374,      -4.615765371,      -4.823314514,      -3.851180332,       -4.39658905
          0,           0,          61,      -4.463399002,      -4.637015945,      -4.880535706,      -3.866278444,      -4.503199015
          0,           0,          62,       -4.48056833,      -4.623730333,      -4.914196649,      -3.883181422,      -4.617100731
          0,           0,          63,      -4.499521025,      -4.621671339,      -4.940263953,      -3.901867568,      -4.728635257
          0,           0,          64,      -4.520236172,      -4.570165662,      -4.934449212,      -3.922303645,      -4.854357567
          0,           0,          65,      -4.542278848,      -4.565155898,       -4.92406592,      -3.944049337,      -4.866424823
          0,           0,          66,      -4.565616738,      -4.631237729,      -4.965289424,      -3.967056222,      -4.800638057
          0,           0,          67,      -4.589958127,      -4.729998578,      -5.023741265,      -3.991052859,      -4.724302226
          0,           0,          68,      -4.615121751,      -4.767567614,      -5.067419563,      -4.015786614,      -4.637636403
          0,           0,          69,      -4.641074516,      -4.780558733,      -5.094809757,      -4.041281587,      -4.525498961
          0,           0,          70,      -4.667767365,       -4.78240125,      -5.105849157,       -4.06759388,      -4.364549385
          0,           0,          71,      -4.695002933,      -4.734316258,      -4.983109263,      -4.094580388,      -3.787543062
          0,           0,          72,      -4.721337889,      -4.731059661,      -5.066667761,      -4.120770074,      -4.528048934
          0,           0,          73,      -4.748229003,      -4.719387391,      -5.096735949,      -4.148057299,      -4.690361866
          0,           0,          74,      -4.773025937,      -4.694854049,      -5.135176261,      -4.173586407,      -4.674741813
          0,           0,          75,      -4.796258605,      -4.672878879,      -5.145332255,      -4.197672599,      -4.688531243
          0,           0,          76,      -4.815551706,      -4.665698898,      -5.149092235,      -4.218166474,      -4.574820409
          0,           0,          77,      -4.828823782,      -4.667324768,      -5.209109323,      -4.232135604,      -4.617293158
          0,           0,          78,      -4.835569225,      -4.648638294,      -5.221309286,      -4.238963074,      -4.621665315
          0,           0,          79,      -4.836806622,      -4.619275866,      -5.178429427,      -4.239429618,      -4.639223843
          0,           0,          80,      -4.833955782,      -4.607616863,      -5.109404853,      -4.235193464,      -4.661107322
          0,           0,          81,      -4.828778795,      -4.710675002,       -5.21623066,      -4.228498524,      -4.633864282
          0,           0,          82,      -4.822599161,      -4.744783782,      -5.261483041,      -4.220663007,      -4.694087826
          0,           0,          83,      -4.814909204,      -4.758349174,      -5.294566042,       -4.21120487,      -4.743998437
          0,           0,          84,      -4.807252941,      -4.761318442,      -5.316557995,      -4.201707114,      -4.770831332
          0,           0,          85,      -4.800521404,      -4.725353044,      -5.309272202,      -4.193021904,      -4.766271779
          0,           0,          86,      -4.797979405,      -4.676427904,      -5.235765045,      -4.188731885,      -4.801637995
          0,           0,          87,      -4.799401943,      -4.580382801,      -5.211333378,      -4.188741436,      -4.819695988
          0,           0,          88,      -4.801571205,      -4.559069832,      -5.142376724,      -4.190130662,      -4.833460688
          0,           0,          89,      -4.803407511,      -4.641493097,      -5.190763497,      -4.191830516,       -4.85422471
          0,           0,          90,      -4.808728397,      -4.627859495,      -5.140012883,       -4.19770405,      -4.875672902
          0,           0,          91,      -4.816990191,      -4.652817452,        -5.0437098,      -4.206918961,       -4.80777257
          0,           0,          92,      -4.828744078,      -4.810233527,      -5.244653045,      -4.220046842,       -4.75139243
          0,           0,          93,      -4.842842139,       -4.82381489,      -5.278439392,       -4.23559468,      -4.536503914
          0,           0,          94,      -4.855978407,      -4.854845645,      -5.404085526,      -4.250318294,      -4.670366424
          0,           0,          95,      -4.866736874,      -4.865740611,      -5.411447073,      -4.262162413,      -4.690463277
          0,           0,          96,      -4.873849277,      -4.874522687,      -5.412820946,      -4.269830273,      -4.689969602
          0,           0,          97,      -4.876919108,      -4.881184768,      -5.402505161,      -4.272855246,       -4.68881943
          0,           0,          98,      -4.876779313,      -4.894988794,       -5.41157624,      -4.272138933,      -4.691286259
          0,           0,          99,      -4.874832471,      -4.888833058,      -5.409888306,      -4.269355129,      -4.699472904
          0,           0,         100,       -4.87171286,      -4.893092833,      -5.409394986,      -4.265321504,       -4.71331236
          0,           0,         101,      -4.868939783,       -4.90506222,       -5.40994873,      -4.261548039,      -4.725890094
          0,           0,         102,      -4.867502685,      -4.918734184,      -5.411362615,      -4.259162447,      -4.742017082
          0,           0,         103,      -4.867556757,      -4.935264925,      -5.413674744,      -4.258381311,       -4.75860645
          0,           0,         104,      -4.869368752,      -4.949500998,      -5.417115781,      -4.259474295,      -4.775478098
          0,           0,         105,      -4.872862244,      -4.961693185,      -5.423034945,      -4.262353861,      -4.792414903
          0,           0,         106,      -4.877908719,       -4.97154899,      -5.430443517,      -4.266879376,      -4.809202095
          0,           0,         107,      -4.884450062,       -4.98199971,      -5.439289822,      -4.272984163,      -4.825461583
          0,           0,         108,      -4.892007177,      -4.997616829,       -5.44890494,      -4.280156398,      -4.841455877
          0,           0,         109,      -4.900611325,      -5.014486461,      -5.459386708,      -4.288402133,      -4.856564884
          0,           0,         110,      -4.909952537,      -5.032074432,        -5.4712164,      -4.297427235,      -4.870559352
          0,           0,         111,       -4.91957386,      -5.048871249,      -5.482842344,      -4.306782173,      -4.883351312
          0,           0,         112,      -4.929685723,      -5.062038567,      -5.493454966,      -4.316664155,      -4.894927228
          0,           0,         113,       -4.93992581,      -5.065961458,      -5.504119793,       -4.32672207,      -4.905390534
          0,           0,         114,      -4.950513646,      -5.060498197,      -5.514189678,      -4.337181125,      -4.914589795
          0,           0,         115,      -4.961205041,      -5.069014743,      -5.525480149,      -4.347732303,      -4.922564607
          0,           0,         116,      -4.972400609,      -5.085257668,      -5.537013057,      -4.358714251,      -4.929424423
          0,           0,         117,      -4.984216285,      -5.105924116,      -5.548851519,      -4.370266886,      -4.935308283
          0,           0,         118,      -4.996287062,      -5.108950988,      -5.557066675,      -4.382066637,      -4.940340356
          0,           0,         119,      -5.008672254,       -5.13827383,      -5.567233036,      -4.394185306,      -4.945061064
          0,           0,         120,      -5.020945003,      -5.158846224,      -5.582550425,      -4.406271867,      -4.949280587
          0,           0,         121,      -5.033089138,      -5.149260706,      -5.593187859,       -4.41834593,      -4.952970671
          0,           0,         122,      -5.044846425,      -5.155361597,      -5.602942171,      -4.430075683,       -4.95604047
          0,           0,         123,      -5.056988236,      -5.170756537,      -5.614245666,      -4.442025204,      -4.958426832
          0,           0,         124,      -5.069958407,      -5.182384783,      -5.625637534,       -4.45468135,      -4.960086856
          0,           0,         125,      -5.083747474,      -5.173892364,      -5.637510367,      -4.468141926,      -4.961011573
          0,           0,         126,      -5.098094077,      -5.197763253,      -5.651609819,      -4.482188529,      -4.961394268
          0,           0,         127,      -5.113186845,      -5.230156943,      -5.666349584,      -4.497002328,      -4.961092519
          0,           0,         128,      -5.128944256,      -5.258077713,      -5.681709432,      -4.512482386,      -4.960129544
          0,           0,         129,      -5.145354226,      -5.284748329,      -5.697851367,       -4.52860625,      -4.958596371
          0,           0,         130,       -5.16212498,       -5.31314148,      -5.715236586,      -4.545089613,      -4.956556302
          0,           0,         131,      -5.179377482,      -5.340630936,      -5.733005808,      -4.562045237,      -4.954070436
          0,           0,         132,        -5.1968259,      -5.364268006,      -5.751769158,      -4.579207807,      -4.951193873
          0,           0,         133,      -5.214523954,      -5.364138907,       -5.76813852,      -4.596637868,      -4.947944534
          0,           0,         134,      -5.232275818,       -5.39399188,       -5.78602569,      -4.614162337,      -4.944470187
          0,           0,         135,      -5.250113931,      -5.400879387,      -5.803655441,      -4.631797533,      -4.940715076
          0,           0,         136,       -5.26802212,      -5.408793676,      -5.822703926,      -4.649543785,      -4.936740556
          0,           0,         137,      -5.285841514,      -5.419637512,      -5.841575708,      -4.667258176,      -4.932563684
          0,           0,         138,      -5.303694899,      -5.434244805,      -5.860424601,      -4.685049398,      -4.928191832
          0,           0,         139,      -5.321255369,      -5.449014567,      -5.878831215,      -4.702594049,      -4.923633503
          0,           0,         140,       -5.33856993,      -5.477693148,      -5.897012311,      -4.719902994,      -4.918844587
          0,           0,         141,      -5.355114906,      -5.502424675,      -5.915219601,      -4.736473803,      -4.913841308
          0,           0,         142,       -5.37073637,      -5.526268219,      -5.931694847,      -4.752144207,      -4.908639943
          0,           0,         143,      -5.385134465,      -5.546534471,      -5.945852584,      -4.766618359,       -4.90325169
          0,           0,         144,      -5.398148477,      -5.561183891,      -5.957977637,      -4.779710673,      -4.897683586
          0,           0,         145,      -5.409644786,      -5.569428734,      -5.968256956,      -4.791293757,       -4.89194638
          0,           0,         146,      -5.419535094,      -5.572091795,      -5.977192221,      -4.801288719,      -4.886051981
          0,           0,         147,      -5.427806268,      -5.571651073,      -5.984298662,       -4.80969217,      -4.880011635
          0,           0,         148,      -5.434357307,      -5.570378128,      -5.988992992,      -4.816382525,      -4.873831518
          0,           0,         149,      -5.439407472,      -5.569269496,      -5.990347574,      -4.821553989,      -4.867520281
          0,           0,         150,      -5.443139442,       -5.56634997,      -5.990683171,      -4.825400804,      -4.861094805
          0,           0,         151,      -5.445796612,        -5.5573841,      -5.989126294,      -4.828139523,        -4.8545727
          0,           0,         152,      -5.447532151,        -5.5359581,      -5.985907092,      -4.829895346,      -4.847946043
          0,           0,         153,      -5.448742165,      -5.496111136,      -5.981097887,      -4.831067554,      -4.841647372
          0,           0,         154,       -5.44954268,      -5.439502862,      -5.973981319,      -4.831820243,       -4.83573659
          0,           0,         155,      -5.450082663,      -5.374284034,      -5.965997793,      -4.832405511,      -4.829800013
          0,           0,         156,      -5.450422418,      -5.310425167,      -5.956496339,      -4.832895087,      -4.823797231
          0,           0,         157,      -5.450883219,      -5.256511755,      -5.947873394,      -4.833580824,      -4.817731889
          0,           0,         158,       -5.45190236,      -5.216575993,      -5.939521739,      -4.834847553,      -4.811611319
          0,           0,         159,      -5.454144768,      -5.189832806,      -5.930750576,      -4.837274025,      -4.805439838
          0,           0,         160,      -5.458057706,      -5.175511142,      -5.925457756,        -4.8412664,      -4.799254221
          0,           0,         161,      -5.464008066,      -5.172064646,      -5.925744427,      -4.847161103,      -4.793125386
          0,           0,         162,      -5.472486043,       -5.17615455,      -5.921584583,      -4.855467346,      -4.787059024
          0,           0,         163,      -5.483359577,      -5.183843789,      -5.920009611,      -4.866146713,      -4.781070657
          0,           0,         164,      -5.496349376,      -5.195269005,      -5.915659351,      -4.879041937,      -4.775202685
          0,           0,         165,      -5.511168988,      -5.210577108,       -5.91517908,       -4.89390478,      -4.769477456
          0,           0,         166,      -5.530270458,      -5.221403766,      -5.926988905,      -4.913072288,      -4.763817606
          0,           0,         167,        -5.5501497,      -5.229888338,      -5.935656162,       -4.93325936,      -4.758287783
          0,           0,         168,      -5.572744132,      -5.235707874,      -5.934322357,       -4.95630607,      -4.752910242
          0,           0,         169,      -5.597493998,      -5.248942284,      -5.955483051,      -4.981705104,      -4.747705843
          0,           0,         170,      -5.624688509,      -5.263424368,      -5.961622869,      -5.009771102,      -4.742688276
          0,           0,         171,      -5.654813208,      -5.274283774,      -5.975847924,      -5.040963777,      -4.737876065
          0,           0,         172,      -5.687241334,      -5.278076745,      -5.986427796,      -5.074687625,      -4.733287387
          0,           0,         173,      -5.720727441,      -5.269895364,      -5.986967582,      -5.109730489,      -4.728897107
          0,           0,         174,      -5.753205403,      -5.245931325,      -5.964340016,      -5.144099584,      -4.724703918
          0,           0,         175,      -5.781570103,      -5.267755966,      -5.991026476,       -5.17473969,      -4.720728973
          0,           0,         176,      -5.805293338,      -5.273050994,      -5.946705058,       -5.20123795,      -4.717022977
          0,           0,         177,      -5.800765557,      -5.305130534,      -5.908198923,      -5.199156413,      -4.713479436
          0,           0,         178,      -5.841883471,      -5.324798244,      -5.989133051,      -5.243018927,      -4.710201113
          0,           0,         179,      -5.841638647,      -5.333298363,      -6.044180307,      -5.244206562,      -4.707252828
          0,           0,         180,      -5.840926845,      -5.345399844,      -6.053240466,      -5.243977493,      -4.704324855
          0,           0,         181,      -5.845663129,      -5.349880694,      -6.093320178,      -5.248585149,      -4.701692984
          0,           0,         182,      -5.840056452,      -5.350349231,      -6.127707754,      -5.241984415,      -4.699258666
          0,           0,         183,      -5.833635531,      -5.346950367,      -6.146471108,      -5.234119948,      -4.696983527
          0,           0,         184,      -5.827458095,      -5.340530308,      -6.156626117,      -5.226281042,      -4.694847151
          0,           0,         185,      -5.822451489,      -5.332572155,      -6.161990302,      -5.219680502,      -4.692831776
          0,           0,         186,      -5.819638432,        -5.3245097,      -6.157127103,      -5.215500741,       -4.69091472
          0,           0,         187,      -5.819174714,      -5.321061282,      -6.162970989,      -5.213948345,      -4.689070594
          0,           0,         188,      -5.825142069,      -5.321370754,      -6.179131899,       -5.21904639,      -4.687269358
          0,           0,         189,      -5.833355803,      -5.325716287,      -6.193267875,      -5.226533078,      -4.685490767
          0,           0,         190,      -5.846110374,      -5.333809451,      -6.203698951,      -5.238739851,      -4.683721761
          0,           0,         191,      -5.862767055,      -5.345030626,      -6.213920809,      -5.255069278,      -4.681950256
          0,           0,         192,      -5.882480328,      -5.358023866,      -6.223677906,      -5.274738648,      -4.680176517
          0,           0,         193,       -5.90402185,      -5.371694305,      -6.229137448,      -5.296531395,      -4.678412275
          0,           0,         194,       -5.92588745,      -5.384136083,      -6.216193629,      -5.318951912,      -4.676656729
          0,           0,         195,      -5.944636202,      -5.400511496,      -6.223430514,      -5.338597808,      -4.674907707
          0,           0,         196,      -5.969605559,       -5.41536378,      -6.259196453,      -5.364664917,      -4.673168163
          0,           0,         197,      -5.986413172,      -5.429056526,      -6.288546999,       -5.38254602,      -4.671513155
          0,           0,         198,      -6.001326007,      -5.441554636,      -6.302727329,      -5.398331672,      -4.669930849
          0,           0,         199,      -6.011921861,       -5.45488831,      -6.313723591,      -5.409457677,      -4.668397651
          0,           0,         200,      -6.018034608,      -5.468613802,      -6.323510819,      -5.415629118,      -4.666918356
          0,           0,         201,       -6.02025562,      -5.482657947,       -6.33308331,      -5.417417286,      -4.665484055
          0,           0,         202,      -6.019787828,       -5.49713659,       -6.34203765,      -5.416090671,      -4.664079524
          0,           0,         203,      -6.018018391,      -5.512120207,      -6.351122485,      -5.413147721,      -4.662692686
          0,           0,         204,      -6.016218272,      -5.527254164,      -6.360368602,       -5.40999153,      -4.661319071
          0,           0,         205,      -6.015440339,      -5.542086985,      -6.369893869,      -5.407778482,      -4.659962174
          0,           0,         206,      -6.016339823,      -5.556035933,      -6.379912199,      -5.407248354,      -4.658631072
          0,           0,         207,      -6.019386146,      -5.569116374,      -6.390043359,      -5.408993391,      -4.657337601
          0,           0,         208,      -6.025203388,      -5.580932423,      -6.399676058,      -5.413620413,      -4.656097981
          0,           0,         209,      -6.033921933,      -5.591584115,      -6.409386558,      -5.421299943,      -4.654925761
          0,           0,         210,      -6.045707327,      -5.601544704,       -6.41777993,      -5.432254859,      -4.653834992
          0,           0,         211,      -6.060602343,      -5.610259899,      -6.420945264,      -5.446569576,      -4.652837208
          0,           0,         212,        -6.0778777,      -5.613611044,       -6.40037895,      -5.463601894,      -4.651925663
          0,           0,         213,      -6.094045035,      -5.594922966,      -6.298686991,      -5.480055176,      -4.651132757
          0,           0,         214,      -6.091941202,      -5.628480389,      -6.282313682,      -5.479811037,      -4.650406069
          0,           0,         215,      -6.136670317,      -5.625824257,      -6.326288997,      -5.524344681,      -4.649801025
          0,           0,         216,      -6.143655345,      -5.644720005,      -6.241440242,      -5.533745064,      -4.649251363
          0,           0,         217,      -6.162701073,      -5.671524704,      -6.373069573,      -5.554240511,       -4.64878988
          0,           0,         218,      -6.167810126,      -5.695904352,       -6.45599125,      -5.561113476,      -4.648396761
          0,           0,         219,      -6.173632406,      -5.714586249,      -6.477964008,       -5.56844085,      -4.648046269
          0,           0,         220,       -6.16716935,      -5.732853242,      -6.486483654,      -5.562682698,      -4.647740581
          0,           0,         221,      -6.149535506,      -5.748593661,      -6.491893489,      -5.544814977,      -4.647467614
          0,           0,         222,      -6.123829754,      -5.763827614,      -6.498723408,      -5.518133371,      -4.647217205
          0,           0,         223,      -6.094061602,      -5.776851754,      -6.500927758,      -5.487000809,      -4.646982444
          0,           0,         224,      -6.063446159,      -5.787908847,      -6.497974141,      -5.454845898,      -4.646757294
          0,           0,         225,      -6.033905916,      -5.797437109,       -6.49155983,      -5.423748262,      -4.646537504
          0,           0,         226,      -6.006645998,       -5.80601248,      -6.483427123,      -5.394997319,      -4.646320731
          0,           0,         227,      -5.982513032,      -5.814008019,      -6.475279833,      -5.369502472,      -4.646106001
          0,           0,         228,      -5.961673275,      -5.821827915,      -6.466940771,      -5.347390052,      -4.645893829
          0,           0,         229,      -5.944312056,       -5.82967504,      -6.458019613,      -5.328827237,      -4.645685894
          0,           0,         230,      -5.930521981,       -5.83716599,      -6.447610685,       -5.31391208,      -4.645485331
          0,           0,         231,      -5.920256499,      -5.842311861,      -6.432745053,      -5.302606474,      -4.645294109
          0,           0,         232,      -5.913312528,      -5.838057964,      -6.397712543,       -5.29471637,       -4.64511938
          0,           0,         233,      -5.908775758,       -5.85540122,      -6.381930702,      -5.289360653,      -4.644963182
          0,           0,         234,       -5.91131335,      -5.877439567,      -6.416102239,      -5.291006314,      -4.644816242
          0,           0,         235,      -5.915181276,      -5.892026725,      -6.439151455,      -5.294141986,      -4.644701791
          0,           0,         236,      -5.923208763,      -5.906424666,      -6.451255834,      -5.301472356,      -4.644616173
          0,           0,         237,      -5.934609751,      -5.919707543,      -6.461539879,      -5.312248449,      -4.644561735
          0,           0,         238,      -5.949239894,      -5.935993659,      -6.473448301,      -5.326338526,      -4.644540113
          0,           0,         239,      -5.967015337,      -5.949834239,      -6.482413426,      -5.343680089,      -4.644557024
          0,           0,         240,      -5.987606631,      -5.948856359,       -6.46955125,      -5.363962722,      -4.644615946
          0,           0,         241,      -6.009757787,      -5.917870703,       -6.44334566,      -5.385964172,      -4.645919815
          0,           0,         242,      -6.037936983,      -5.998307537,      -6.491861129,      -5.414025529,      -4.644928979
          0,           0,         243,      -6.066378632,      -5.992322071,      -6.486882035,      -5.442427194,        -4.6451347
          0,           0,         244,      -6.094314511,      -6.002791868,      -6.485523846,      -5.470934617,      -4.645497233
          0,           0,         245,      -6.130517388,      -6.007562841,      -6.497326641,      -5.507026921,       -4.64575575
          0,           0,         246,       -6.15855297,      -6.059754826,      -6.484717441,      -5.536037136,      -4.645991124
          0,           0,         247,      -6.199238619,      -6.060474596,      -6.577728933,      -5.576775323,      -4.646274919
          0,           0,         248,       -6.23110232,      -6.101040965,      -6.664112328,      -5.609516117,      -4.646605745
          0,           0,         249,      -6.266152446,      -6.110006109,      -6.710759697,      -5.645283816,      -4.646995997
          0,           0,         250,      -6.299437062,      -6.120620806,      -6.743311295,      -5.679434527,      -4.647427667
          0,           0,         251,      -6.329262286,      -6.133665012,      -6.771871867,      -5.710220812,      -4.647891273
          0,           0,         252,      -6.356117502,      -6.148275303,      -6.798705181,      -5.738058326,      -4.648380674
          0,           0,         253,      -6.379957322,      -6.162850132,       -6.82224215,      -5.762924363,      -4.648890464
          0,           0,         254,      -6.399926797,       -6.17567899,      -6.838588045,      -5.784030326,      -4.649415629
          0,           0,         255,      -6.414543267,      -6.185282798,      -6.846204906,      -5.799950513,      -4.649952182
          0,           0,         256,       -6.42183458,      -6.190391524,       -6.84611232,      -5.808700279,      -4.650496692
          0,           0,         257,      -6.420228882,      -6.191320354,      -6.836894008,      -5.808558507,      -4.651045828
          0,           0,         258,      -6.408821122,      -6.186994952,      -6.816929882,      -5.798411896,      -4.651597471
          0,           0,         259,      -6.388036212,      -6.175328476,      -6.782949073,      -5.778503598,      -4.652150043
          0,           0,         260,      -6.360391294,      -6.173088529,      -6.784892591,      -5.751182772,      -4.652700756
          0,           0,         261,      -6.327826522,      -6.166258267,      -6.763117424,      -5.718459845,      -4.653250572
          0,           0,         262,      -6.292858755,      -6.160499547,      -6.740746376,      -5.682963336,      -4.653798046
          0,           0,         263,      -6.257430447,      -6.157765996,      -6.719026522,      -5.646796628,      -4.654343474
          0,           0,         264,      -6.223067829,      -6.158463622,      -6.698111046,       -5.61156424,      -4.654886561
          0,           0,         265,      -6.190784772,      -6.162502682,      -6.676871049,      -5.578344505,      -4.655428883
          0,           0,         266,      -6.161160945,      -6.165185114,      -6.653389467,      -5.547761757,      -4.655971473
          0,           0,         267,      -6.134417803,      -6.157768074,      -6.620161562,       -5.52006341,      -4.656516026
          0,           0,         268,      -6.110215919,      -6.161683111,      -6.590816066,      -5.494973777,      -4.657076299
          0,           0,         269,      -6.090945075,      -6.172387892,      -6.587568816,      -5.474740439,      -4.657618415
          0,           0,         270,      -6.073432491,      -6.143384872,      -6.553976157,      -5.456374268,      -4.658179402
          0,           0,         271,      -6.058165013,      -6.027624195,      -6.452724646,      -5.440380075,      -4.658760285
          0,           0,         272,       -6.04044277,      -5.787304412,      -6.242021544,      -5.422242318,      -4.659340359
          0,           0,         273,       -5.99769033,      -5.950148356,       -6.13508994,      -5.380937774,      -4.659929939
          0,           0,         274,       -6.03033154,      -6.035863949,      -6.287690599,      -5.410690141,      -4.660541637
          0,           0,         275,      -6.019475243,      -6.114307921,      -6.469415333,      -5.399888985,      -4.661164018
          0,           0,         276,      -6.025257255,      -6.138895252,      -6.505696378,      -5.404795362,      -4.661806754
          0,           0,         277,      -6.033766311,      -6.170712892,      -6.514621443,       -5.41246526,      -4.662467919
          0,           0,         278,      -6.043475393,      -6.189241185,      -6.527008549,       -5.42140978,      -4.663150633
          0,           0,         279,       -6.05388545,      -6.201881078,      -6.545558098,      -5.431177205,      -4.663854579
          0,           0,         280,      -6.065756914,      -6.210953655,      -6.566253395,      -5.442505333,      -4.664580647
          0,           0,         281,      -6.079449789,      -6.217026853,      -6.585214259,      -5.455732421,      -4.665328869
          0,           0,         282,      -6.094984009,      -6.231732194,      -6.600266308,       -5.47085241,       -4.66609669
          0,           0,         283,      -6.112318337,      -6.238631244,       -6.61297886,      -5.487847943,      -4.666885683
          0,           0,         284,      -6.130977344,      -6.250603477,      -6.627409385,      -5.506232999,      -4.667695116
          0,           0,         285,      -6.150792157,      -6.234518446,      -6.620109509,      -5.525846212,      -4.668522688
          0,           0,         286,      -6.170297788,      -6.139933971,      -6.548000995,      -5.545340674,      -4.669368169
          0,           0,         287,      -6.183701191,       -5.91412958,      -6.353951568,      -5.559331736,      -4.670229855
          0,           0,         288,      -6.163139941,      -6.083956632,       -6.54860294,      -5.542104395,      -4.671104868
          0,           0,         289,      -6.203558751,      -5.707730692,      -6.237645927,      -5.581167072,      -4.672003018
          0,           0,         290,      -6.110436219,       -5.78108198,        -5.9658978,      -5.494931539,      -4.672895935
          0,           0,         291,       -6.22155568,      -5.918180953,       -6.17981627,      -5.600984941,      -4.673805782
          0,           0,         292,      -6.187582424,      -6.068771542,      -6.458298041,      -5.571230156,      -4.674717933
          0,           0,         293,      -6.243120064,      -6.122083333,      -6.511196286,      -5.625524317,      -4.675634537
          0,           0,         294,      -6.301264239,      -6.204702956,      -6.510576035,      -5.681965046,      -4.676553619
          0,           0,         295,      -6.351903964,      -6.258106696,      -6.544402848,      -5.731008637,      -4.677475134
          0,           0,         296,      -6.389511203,      -6.291973222,      -6.601625488,      -5.767856765,      -4.678398423
          0,           0,         297,       -6.41884725,      -6.302661405,      -6.658471339,      -5.797082596,      -4.679324039
          0,           0,         298,      -6.443560189,      -6.330425389,      -6.708730442,      -5.822048687,      -4.680247193
          0,           0,         299,      -6.465320267,       -6.35038296,      -6.744486982,      -5.844265155,        -4.6811714
          0,           0,         300,      -6.484041063,      -6.367089349,      -6.773337208,      -5.863543201,      -4.682094223
          0,           0,         301,      -6.498824444,      -6.379403169,       -6.79956624,       -5.87900597,      -4.683014307
          0,           0,         302,      -6.508784882,       -6.39132419,      -6.822335501,      -5.889814663,      -4.683930782
          0,           0,         303,      -6.513179983,      -6.396271141,      -6.834681686,      -5.895237736,      -4.684842909
          0,           0,         304,      -6.511534707,      -6.397302026,      -6.837884891,       -5.89462153,      -4.685749477
          0,           0,         305,      -6.504443136,      -6.392306234,      -6.841955333,        -5.8884061,      -4.686649858
          0,           0,         306,      -6.493081779,      -6.392452793,      -6.845621593,      -5.877661926,      -4.687541414
          0,           0,         307,      -6.478538117,      -6.395752862,      -6.850230965,        -5.8635591,      -4.688424315
          0,           0,         308,      -6.461692494,       -6.39694459,      -6.849253358,      -5.846980667,      -4.689297672
          0,           0,         309,      -6.442446665,      -6.381200404,      -6.813422697,      -5.827855304,      -4.690161675
          0,           0,         310,      -6.420226254,      -6.283289297,      -6.709491742,      -5.805641103,      -4.691017282
          0,           0,         311,      -6.389107779,      -6.059036366,      -6.501827591,      -5.774689646,      -4.691865015
          0,           0,         312,      -6.327201155,      -5.742784839,       -6.20078669,      -5.713888967,      -4.692705835
          0,           0,         313,      -6.159269757,      -5.925647194,      -6.073110312,      -5.550189776,      -4.693537343
          0,           0,         314,      -6.309307533,      -6.034527533,      -6.235752059,      -5.694362652,      -4.694364574
          0,           0,         315,      -6.248431075,      -6.157698118,      -6.492488291,      -5.635232543,      -4.695180646
          0,           0,         316,      -6.255737418,      -6.251030481,      -6.596138555,       -5.64155562,      -4.695991605
          0,           0,         317,      -6.275475672,      -6.308298388,      -6.590465879,      -5.659431465,      -4.696795929
          0,           0,         318,      -6.284165842,      -6.338898371,      -6.609507221,      -5.666573037,      -4.697593593
          0,           0,         319,      -6.285006243,      -6.357752333,      -6.648941278,      -5.666382941,      -4.698385019
          0,           0,         320,      -6.283923267,      -6.367401526,      -6.686684826,      -5.664574654,      -4.699171838
          0,           0,         321,      -6.283681536,      -6.394557654,        -6.7144691,      -5.663792451,      -4.699950763
          0,           0,         322,      -6.284461683,      -6.414421695,      -6.731506234,      -5.664110617,      -4.700727303
          0,           0,         323,      -6.286676337,      -6.432705398,      -6.744203958,      -5.665907855,      -4.701499741
          0,           0,         324,      -6.290287078,      -6.450207395,      -6.756039503,      -5.669134778,      -4.702267582
          0,           0,         325,      -6.295137742,      -6.464472744,      -6.766265306,      -5.673633334,      -4.703031004
          0,           0,         326,       -6.30099846,       -6.47578181,      -6.775476165,      -5.679173837,      -4.703790752
          0,           0,         327,      -6.307727371,      -6.478643505,      -6.782079028,      -5.685610459,      -4.704547967
          0,           0,         328,      -6.315279292,      -6.472389049,      -6.787207518,      -5.692886944,      -4.705303686
          0,           0,         329,      -6.323758974,      -6.470283149,      -6.798745374,      -5.701105412,      -4.706058093
          0,           0,         330,      -6.333602367,       -6.46573734,      -6.810287835,      -5.710717969,      -4.706809313
          0,           0,         331,      -6.344471792,      -6.456941376,      -6.817476196,      -5.721388293,      -4.707559381
          0,           0,         332,      -6.356211934,      -6.423818196,      -6.801915272,      -5.732984163,      -4.708307953
          0,           0,         333,      -6.367370511,      -6.311315644,      -6.719369982,      -5.744162749,      -4.709055451
          0,           0,         334,      -6.371998259,      -6.087084206,      -6.517238459,      -5.749415562,       -4.70980271
          0,           0,         335,      -6.343856334,      -5.774591976,      -6.231876734,      -5.724110919,      -4.710548299
          0,           0,         336,      -6.200569377,      -5.961610423,      -6.104453088,      -5.588728101,      -4.711295478
          0,           0,         337,      -6.381954535,      -6.098590487,      -6.283344664,      -5.761612537,      -4.712043401
          0,           0,         338,       -6.33550055,      -6.253355045,      -6.572784493,      -5.719211218,      -4.712788053
          0,           0,         339,      -6.374797831,       -6.41043277,      -6.684674469,      -5.757675088,      -4.713533244
          0,           0,         340,      -6.437597903,      -6.508057786,      -6.629472397,      -5.817830709,      -4.714277474
          0,           0,         341,       -6.48095697,      -6.338649302,       -6.54704316,      -5.859207375,      -4.715028878
          0,           0,         342,      -6.483049935,       -6.00009903,      -6.381673437,      -5.862013252,      -4.715899129
          0,           0,         343,      -6.396668421,      -6.114510457,      -6.383319471,       -5.78223389,      -4.716504158
          0,           0,         344,      -6.522370293,      -6.211419306,       -6.54900739,       -5.90185908,      -4.717238654
          0,           0,         345,      -6.499093337,      -6.320218428,      -6.775777165,      -5.881582245,      -4.717980303
          0,           0,         346,      -6.523662392,      -6.406952832,      -6.839261523,      -5.905866719,      -4.718704298
          0,           0,         347,      -6.560534663,      -6.466193397,      -6.837579936,      -5.941535213,      -4.719414817
          0,           0,         348,      -6.587072008,      -6.506732878,      -6.855222742,      -5.967371138,      -4.720119492
          0,           0,         349,      -6.601878497,      -6.528613802,       -6.88683069,      -5.982109941,      -4.720821367
          0,           0,         350,      -6.608840908,      -6.537318689,      -6.916071197,      -5.989360291,      -4.721520186
          0,           0,         351,      -6.610541376,      -6.440203361,      -6.911134727,      -5.991473442,      -4.722228986
          0,           0,         352,      -6.607753896,      -6.524338843,      -6.951045109,      -5.989244968,      -4.722903758
          0,           0,         353,      -6.603779529,      -6.548167315,      -6.963201034,      -5.985721953,      -4.723585451
          0,           0,         354,       -6.59742826,      -6.569725878,      -6.973669562,      -5.979822445,      -4.724261139
          0,           0,         355,      -6.588812834,      -6.590232087,      -6.979722307,      -5.971534331,      -4.724929071
          0,           0,         356,      -6.578066848,      -6.610449347,      -6.982759118,      -5.960980848,      -4.725590143
          0,           0,         357,      -6.565665274,      -6.619968003,      -6.983373499,      -5.948655899,      -4.726245164
          0,           0,         358,      -6.552001245,      -6.624985242,      -6.979528307,      -5.934963704,      -4.726894348
          0,           0,         359,      -6.537764055,      -6.622188361,      -6.973704536,      -5.920561374,      -4.727538306
          0,           0,         360,      -6.523717266,      -6.613162698,       -6.96141672,      -5.906228156,      -4.728177178
          0,           0,         361,      -6.510288047,      -6.585494764,      -6.937568716,      -5.892430739,      -4.728809594
          0,           0,         362,      -6.497388569,      -6.507060483,      -6.872559467,      -5.879184108,       -4.72943624
          0,           0,         363,      -6.483055042,      -6.333029597,      -6.718381217,      -5.864688796,      -4.730057261
          0,           0,         364,      -6.457964713,      -6.039565893,      -6.484810331,      -5.840102627,      -4.731476059
          0,           0,         365,        -6.3935807,      -6.268476107,      -6.428966295,      -5.778520361,       -4.73132819
          0,           0,         366,      -6.454968262,      -6.390879296,      -6.578408954,       -5.83595283,      -4.731941841
          0,           0,         367,      -6.436473191,      -6.496198737,       -6.79277028,      -5.818262724,      -4.732621026
          0,           0,         368,      -6.444440777,      -6.583434878,      -6.883421791,      -5.825503428,      -4.733222063
          0,           0,         369,      -6.459744833,      -6.534491862,      -6.897661198,      -5.839571314,       -4.73377558
          0,           0,         370,      -6.466782838,      -6.591484286,      -6.908676938,      -5.845958182,      -4.734324918
          0,           0,         371,      -6.474957821,      -6.621208396,       -6.92207539,      -5.853502229,      -4.734891353
          0,           0,         372,      -6.483664393,      -6.643512434,      -6.943064173,      -5.861731981,      -4.735471615
          0,           0,         373,      -6.493489837,      -6.646977826,      -6.963445306,      -5.871182762,      -4.736059721
          0,           0,         374,      -6.504536486,      -6.655401403,      -6.978415223,      -5.881945939,      -4.736654186
          0,           0,         375,      -6.516798907,      -6.652846462,      -6.998630712,      -5.894008021,      -4.737249913
          0,           0,         376,      -6.530499823,      -6.665036237,      -7.013661698,      -5.907563053,      -4.737849187
          0,           0,         377,      -6.544759392,      -6.682483279,      -7.026837267,       -5.92173673,      -4.738450966
          0,           0,         378,      -6.559874898,       -6.69777713,      -7.042640429,      -5.936826419,      -4.739057598
          0,           0,         379,      -6.575156287,      -6.715747056,      -7.059628293,      -5.952128125,      -4.739668067
          0,           0,         380,       -6.59040206,      -6.733901592,      -7.075378741,      -5.967425074,      -4.740282551
          0,           0,         381,      -6.605341205,      -6.746569332,      -7.087545242,      -5.982429729,       -4.74090154
          0,           0,         382,      -6.619746118,      -6.745533684,      -7.092658311,      -5.996900937,      -4.741524672
          0,           0,         383,      -6.633354142,      -4.281392883,      -4.740177504,      -5.953249339,      -4.742150289
          0,           0,         384,      -4.555040212,       -4.77927522,      -4.293172747,      -4.058665763,      -4.742722707
          0,           0,         385,      -4.965174623,      -5.165298195,      -4.565364895,      -4.382001614,      -4.743316643
          0,           0,         386,       -5.22818304,      -5.336369748,      -4.742835747,      -4.531065627,      -4.743910197
          0,           0,         387,      -5.259701246,      -5.409286433,      -4.948317439,      -4.605409894,      -4.744517968
          0,           0,         388,      -5.349489973,      -5.459263137,      -5.166286382,      -4.736871191,      -4.745124156
          0,           0,         389,      -5.455768533,      -5.498035423,      -5.341961942,      -4.866369344,       -4.74573078
          0,           0,         390,      -5.557580956,      -5.539250323,      -5.474218527,      -4.982279926,      -4.746337091
          0,           0,         391,      -5.673323147,      -5.600936374,      -5.586618476,      -5.104913664,      -4.746939827
          0,           0,         392,      -5.793897549,      -5.654000573,      -5.684446419,      -5.229015518,      -4.747536643
          0,           0,         393,      -5.890301544,      -5.699352511,      -5.768096275,      -5.324232652,      -4.748125028
          0,           0,         394,      -5.964790049,      -5.736013466,       -5.83498045,      -5.396338699,      -4.748703472
          0,           0,         395,      -6.017783893,       -5.76406431,      -5.884188657,      -5.445910244,        -4.7492704
          0,           0,         396,       -6.05266721,      -5.742349043,      -5.904390853,       -5.47587256,      -4.749833489
          0,           0,         397,      -6.060761367,      -5.728168452,       -5.94265688,      -5.477373301,      -4.750366706
          0,           0,         398,      -6.053581774,      -5.793384948,      -5.992312184,      -5.465101985,      -4.750897892
          0,           0,         399,      -6.082922006,      -5.477442418,      -5.933179465,      -5.492774931,      -4.751414343
          0,           0,         400,      -5.910758834,      -5.499385743,      -5.739156732,      -5.307051002,      -4.751923135
          0,           0,         401,      -6.082464208,      -5.617671894,      -5.915901424,      -5.485831917,      -4.752416323
          0,           0,         402,      -6.043310515,       -5.68295902,      -6.061591481,      -5.447778737,      -4.752895112
          0,           0,         403,      -6.085544869,      -5.755534595,      -6.064961619,      -5.490296503,      -4.753345115
          0,           0,         404,      -6.152334319,      -5.799808461,      -6.106794939,      -5.556494366,      -4.753786103
          0,           0,         405,      -6.202084812,      -5.819829941,      -6.161865206,      -5.605533306,      -4.754210489
          0,           0,         406,      -6.251717748,      -5.828591904,      -6.213572914,      -5.656941634,      -4.754618966
          0,           0,         407,      -6.285318536,      -5.839489081,      -6.248879288,      -5.694528898,      -4.755014963
          0,           0,         408,      -6.304074366,      -5.848105187,      -6.261125581,      -5.717335781,      -4.755403328
          0,           0,         409,       -6.30847135,      -5.851840099,      -6.269855263,      -5.723882195,      -4.755788519
          0,           0,         410,      -6.306067038,      -5.851914706,      -6.281986277,      -5.722125304,      -4.756174874
          0,           0,         411,      -6.299132995,      -5.851595064,      -6.299717822,      -5.714913661,      -4.756565136
          0,           0,         412,      -6.291256701,      -5.848624311,      -6.312370673,      -5.705482594,      -4.756961622
          0,           0,         413,      -6.285356654,      -5.839589459,      -6.316149617,       -5.69645148,      -4.757367742
          0,           0,         414,      -6.275541064,      -5.822141638,      -6.313477021,      -5.682631232,      -4.757786995
          0,           0,         415,      -6.263140188,      -5.798960186,      -6.317375153,      -5.666868554,      -4.758221639
          0,           0,         416,      -6.250070949,      -5.779725946,      -6.331035849,      -5.652157439,      -4.758675362
          0,           0,         417,      -6.239237947,      -5.771107884,      -6.349631676,      -5.641315581,      -4.759150182
          0,           0,         418,      -6.233688042,      -5.774489139,      -6.361824689,      -5.636530979,      -4.759648402
          0,           0,         419,      -6.233837814,      -5.783237295,      -6.360663851,      -5.637454302,      -4.760172395
          0,           0,         420,      -6.236031199,      -5.802223427,      -6.346518908,      -5.640154273,      -4.760728894
          0,           0,         421,      -6.246150758,      -5.821420902,      -6.366762585,      -5.650879024,      -4.761295767
          0,           0,         422,      -6.255686686,      -5.842964726,       -6.39435051,      -5.660794022,      -4.761888088
          0,           0,         423,      -6.270195716,      -5.865887649,      -6.422233225,      -5.675302242,      -4.762494451
          0,           0,         424,      -6.288571152,      -5.883671975,      -6.445633399,      -5.692907526,      -4.763107086
          0,           0,         425,      -6.306924931,      -5.889292983,      -6.460824953,      -5.709590599,      -4.763719248
          0,           0,         426,      -6.321786196,      -5.881796452,      -6.468313493,      -5.722332453,       -4.76432422
          0,           0,         427,      -6.331971583,      -5.864927123,      -6.462022136,      -5.730664464,      -4.764915466
          0,           0,         428,      -6.337160227,         -5.828212,      -6.407713515,      -5.734601229,      -4.765489521
          0,           0,         429,      -6.324967419,        -5.7148228,      -6.241371007,      -5.721498754,      -4.766042497
          0,           0,         430,      -6.231767625,      -5.801231015,      -6.147058826,      -5.628794184,      -4.766550448
          0,           0,         431,      -6.371938533,      -5.846944527,      -6.296254831,      -5.768484369,      -4.767034522
          0,           0,         432,      -6.348858959,      -5.884460632,      -6.483079451,      -5.746006972,      -4.767483207
          0,           0,         433,      -6.386117401,      -5.914374925,      -6.546327452,      -5.784852486,      -4.767894597
          0,           0,         434,       -6.44183659,       -5.93683569,      -6.541867851,      -5.842918219,      -4.768267846
          0,           0,         435,      -6.483448055,      -5.933018344,      -6.511508579,      -5.886936418,      -4.768606762
          0,           0,         436,      -6.492841807,      -5.832054004,      -6.396597641,       -5.89716774,       -4.76891781
          0,           0,         437,      -6.426933053,      -5.924363525,      -6.362040703,      -5.830004854,      -4.769167435
          0,           0,         438,      -6.513214484,      -5.983883516,      -6.527125736,      -5.918139721,      -4.769393821
          0,           0,         439,      -6.498800865,      -6.032021344,      -6.677900881,      -5.901971278,      -4.769589151
          0,           0,         440,      -6.508367169,      -6.068683771,      -6.722721243,      -5.910023799,      -4.769751901
          0,           0,         441,      -6.514018514,      -6.094000843,      -6.724507731,      -5.913452693,      -4.769884159
          0,           0,         442,      -6.509514617,       -6.09296525,      -6.694007491,      -5.906274678,      -4.769989046
          0,           0,         443,      -6.493369169,      -6.014721973,      -6.591084842,       -5.88743239,      -4.770070421
          0,           0,         444,      -6.453892592,      -5.779974089,      -6.369919646,      -5.845732892,      -4.770323551
          0,           0,         445,      -6.340316412,      -5.555392744,      -5.940650503,      -5.731899471,      -4.770176878
          0,           0,         446,       -6.03552627,      -5.717914296,      -5.956977428,      -5.429754888,      -4.770200454
          0,           0,         447,      -6.353573228,      -5.841545453,      -6.131522187,      -5.743818063,       -4.77022187
          0,           0,         448,      -6.283184785,      -5.967151082,      -6.408604784,      -5.675483968,      -4.770211367
          0,           0,         449,      -6.326364297,      -6.082760566,      -6.512283732,      -5.717565391,      -4.770177144
          0,           0,         450,      -6.414698083,      -6.054780956,       -6.55483381,      -5.803316034,      -4.770131381
          0,           0,         451,      -6.454880422,      -6.112380587,      -6.569813478,       -5.84288059,      -4.770074642
          0,           0,         452,      -6.498707897,      -6.155898615,      -6.585147132,      -5.886548667,      -4.770011835
          0,           0,         453,       -6.53861646,      -6.192460041,      -6.610891003,      -5.927283993,      -4.769941871
          0,           0,         454,      -6.574780172,      -6.221322259,      -6.639969883,      -5.965306404,      -4.769864047
          0,           0,         455,      -6.604921181,      -6.244036009,      -6.662115491,      -5.998141124,      -4.769778293
          0,           0,         456,      -6.625002887,      -6.251624663,      -6.674873681,      -6.021095534,      -4.769684335
          0,           0,         457,      -6.632587775,      -6.230893985,      -6.675136513,      -6.030661254,      -4.769581834
          0,           0,         458,       -6.62654236,      -6.138260577,      -6.634146575,      -6.025242176,      -4.769471224
          0,           0,         459,      -6.594903864,      -5.922833823,      -6.483732419,      -5.992799438,      -4.769358372
          0,           0,         460,       -6.49148403,      -5.698866636,      -6.074633488,      -5.887939459,      -4.769225827
          0,           0,         461,      -6.204244045,      -5.875686828,      -6.097492618,        -5.5999926,      -4.769094306
          0,           0,         462,      -6.493054636,      -5.996371901,      -6.264528838,      -5.889016078,      -4.768957737
          0,           0,         463,      -6.420404286,      -6.117903984,      -6.512072604,      -5.816444605,      -4.768816064
          0,           0,         464,      -6.450046981,      -6.228460092,      -6.610609852,      -5.846139583,      -4.768671506
          0,           0,         465,      -6.509624243,      -6.306609953,       -6.57710004,      -5.905206657,      -4.768525322
          0,           0,         466,      -6.541831613,      -6.238112871,      -6.493608363,      -5.936162207,      -4.768379429
          0,           0,         467,      -6.513706773,      -5.965180537,      -6.319327417,      -5.906541919,      -4.768234234
          0,           0,         468,      -6.379390801,      -6.051497739,      -6.329465334,      -5.773472317,      -4.768085696
          0,           0,         469,      -6.526444132,      -6.151785912,      -6.507006997,      -5.917685163,      -4.767940941
          0,           0,         470,      -6.488698258,      -6.239156773,      -6.723258877,      -5.880225644,      -4.767797873
          0,           0,         471,      -6.526684558,      -6.239060708,      -6.647155409,      -5.917195687,      -4.767656022
          0,           0,         472,      -6.568785059,      -6.048126189,      -6.443322282,      -5.958057952,      -4.767518249
          0,           0,         473,      -6.505905833,      -6.044077523,       -6.38353598,      -5.897684141,      -4.767383522
          0,           0,         474,      -6.558184346,      -6.045174989,      -6.424689985,      -5.949373591,       -4.76745942
          0,           0,         475,      -6.458345284,      -6.132993142,      -6.543488263,      -5.852359899,      -4.767139749
          0,           0,         476,       -6.59983393,      -6.181222297,      -6.606060564,      -5.994640416,      -4.767020696
          0,           0,         477,      -6.642145399,      -6.218269562,      -6.712852884,      -6.039706028,      -4.766922742
          0,           0,         478,      -6.677476148,      -6.256863744,      -6.798959441,      -6.078411199,      -4.766810868
          0,           0,         479,       -6.71698872,      -6.291795346,       -6.84503631,      -6.121871023,      -4.766691337
          0,           0,         480,      -6.744440764,      -6.318047044,      -6.841510175,      -6.152548177,      -4.766573828
          0,           0,         481,      -6.747245624,      -6.294368614,      -6.759701984,      -6.156076229,      -4.766461597
          0,           0,         482,      -6.708215611,      -6.139900666,      -6.565034518,      -6.114095013,      -4.766354778
          0,           0,         483,      -6.584751071,      -6.251744655,      -6.477645393,      -5.985910919,      -4.766245675
          0,           0,         484,      -6.710110573,      -6.330196338,      -6.616155598,      -6.112444056,      -4.766140949
          0,           0,         485,      -6.645511961,       -6.38242582,      -6.780447158,      -6.044209071,      -4.766036928
          0,           0,         486,      -6.635834925,      -6.362163348,        -6.7912563,      -6.032522815,      -4.765933791
          0,           0,         487,      -6.626147502,      -6.180113096,      -6.644235612,      -6.020776131,      -4.765833228
          0,           0,         488,      -6.565276946,      -5.881479719,      -6.372789292,      -5.958189512,      -4.765735428
          0,           0,         489,      -6.383613492,      -6.023747577,       -6.14855847,      -5.778045743,       -4.76563971
          0,           0,         490,      -6.524813165,      -6.163581838,      -6.439884524,      -5.915949425,      -4.765554636
          0,           0,         491,      -6.511852255,      -6.255340133,      -6.678973984,      -5.903072021,      -4.765468981
          0,           0,         492,      -6.556225205,      -6.345243119,       -6.77673907,       -5.94621768,       -4.76539374
          0,           0,         493,      -6.613318251,      -6.403609498,      -6.801063507,      -6.001272779,        -4.7653276
          0,           0,         494,      -6.657466719,      -6.456797488,      -6.836948166,      -6.043563351,      -4.765270464
          0,           0,         495,        -6.6921729,       -6.48428829,      -6.890742671,      -6.076982121,      -4.765223087
          0,           0,         496,      -6.721977971,      -6.520968449,       -6.93979707,      -6.106046331,      -4.765185851
          0,           0,         497,      -6.751373911,      -6.544918051,      -6.983180055,       -6.13524096,      -4.765159133
          0,           0,         498,      -6.780734325,      -6.576484421,      -7.011918186,      -6.164814529,      -4.765142239
          0,           0,         499,      -6.810250041,      -6.600422548,      -7.030060119,      -6.194906739,      -4.765135144
          0,           0,         500,       -6.83988493,      -6.603542415,      -7.031392745,      -6.225393301,      -4.765137132
          0,           0,         501,      -6.863360731,      -6.533877134,      -6.963389847,      -6.250204718,       -4.76514757
          0,           0,         502,      -6.862943307,      -6.323949625,      -6.779185753,      -6.251755594,        -4.7651659
          0,           0,         503,      -6.785297125,       -6.02351271,      -6.502511728,       -6.17675282,       -4.76519422
          0,           0,         504,      -6.566910119,      -6.169277233,      -6.307698687,      -5.962105816,      -4.765225913
          0,           0,         505,      -6.736667449,      -6.120325472,      -6.357797474,      -6.130196909,      -4.765269993
          0,           0,         506,      -6.507945113,      -6.304487629,      -6.557975553,      -5.903073495,      -4.765314296
          0,           0,         507,      -6.749137183,      -6.421944881,      -6.659086676,      -6.144728852,      -4.765367909
          0,           0,         508,      -6.805325681,      -6.530001034,      -6.831868753,      -6.201073412,      -4.765426878
          0,           0,         509,      -6.853011499,      -6.629328547,      -6.984055889,      -6.248567954,      -4.765490601
          0,           0,         510,      -6.923864544,      -6.668001846,      -7.033741073,      -6.319173806,      -4.765558856
          0,           0,         511,      -6.971543667,      -6.615588485,      -6.960313697,      -6.366265348,       -4.76563084
          0,           0,         512,      -6.953039644,      -6.418334424,      -6.781925019,      -6.347088448,      -4.765706515
          0,           0,         513,      -6.837264536,      -6.126246682,       -6.52257372,      -6.231228381,      -4.765786551
          0,           0,         514,      -6.608413452,      -6.276558293,      -6.442348416,      -6.004023886,      -4.765865443
          0,           0,         515,      -6.890258208,      -6.383996981,      -6.613849335,      -6.283551256,      -4.765949106
          0,           0,         516,      -6.779585923,      -6.491408958,      -6.895688958,      -6.174033236,      -4.766034516
          0,           0,         517,      -6.828666694,       -6.58473942,      -7.023870042,      -6.223419301,      -4.766121442
          0,           0,         518,      -6.934237996,      -6.535653001,      -7.058148927,      -6.329009407,      -4.766212291
          0,           0,         519,      -6.981302649,      -6.579142387,      -7.086034565,      -6.376841925,      -4.766298853
          0,           0,         520,      -7.027373053,      -6.599559848,      -7.111158219,      -6.424219907,      -4.766389011
          0,           0,         521,      -7.064139567,      -6.614682003,      -7.145247525,      -6.462886229,      -4.766479673
          0,           0,         522,      -7.089399136,      -6.628978954,      -7.181738444,      -6.490529912,      -4.766569892
          0,           0,         523,      -7.102492451,       -6.63047453,       -7.21186925,      -6.506001412,      -4.766659051
          0,           0,         524,      -7.101763316,      -6.660245025,      -7.225063201,      -6.506552804,      -4.766746804
          0,           0,         525,      -7.091980692,       -6.69040868,      -7.199765212,      -6.496873321,      -4.766833163
          0,           0,         526,      -7.069053633,       -6.66643725,      -7.111842054,      -6.472670835,      -4.766917261
          0,           0,         527,      -7.020095923,      -6.523717321,      -6.924269226,      -6.420943719,      -4.766999168
          0,           0,         528,      -6.919796592,        -6.2576044,      -6.659579668,      -6.317260805,       -4.76707924
          0,           0,         529,      -6.727032555,      -6.419227352,      -6.562410967,      -6.123319951,      -4.767154263
          0,           0,         530,      -6.903702031,      -6.525393069,      -6.717215562,      -6.297284269,        -4.7672287
          0,           0,         531,      -6.803075133,      -6.592934111,      -6.913508066,      -6.196057977,      -4.767300599
          0,           0,         532,      -6.794518504,      -6.510568827,      -6.913620835,      -6.186551704,      -4.767370724
          0,           0,         533,      -6.783969266,      -6.272076114,      -6.728639358,      -6.174934852,       -4.76744155
          0,           0,         534,      -6.701833863,      -5.956289303,      -6.442204196,       -6.09300284,      -4.767509181
          0,           0,         535,      -6.486497484,      -6.113912915,      -6.222656934,      -5.880758663,      -4.767574614
          0,           0,         536,      -6.647979967,      -6.059397325,       -6.27225545,      -6.038528525,      -4.767645066
          0,           0,         537,      -6.423244234,      -6.231897247,      -6.494678329,      -5.817014459,      -4.767709871
          0,           0,         538,      -6.655583902,       -6.35605491,      -6.597654138,      -6.046937411,      -4.767778396
          0,           0,         539,      -6.709502177,       -6.48545697,      -6.772901748,      -6.099563921,      -4.767847907
          0,           0,         540,      -6.760136391,      -6.601330258,      -6.921616319,      -6.148951083,      -4.767918779
          0,           0,         541,      -6.839532825,      -6.694310587,      -6.961986716,      -6.226157607,      -4.767991605
          0,           0,         542,      -6.908054701,      -6.640743608,      -6.892842776,      -6.292793116,      -4.768066559
          0,           0,         543,      -6.911681332,      -6.384201225,      -6.713843216,      -6.297541169,        -4.7681444
          0,           0,         544,      -6.791567112,      -6.054777491,      -6.447548855,      -6.181870804,      -4.768224394
          0,           0,         545,      -6.537440515,      -6.215792642,      -6.361761704,      -5.932294719,      -4.768306692
          0,           0,         546,      -6.876567703,      -6.346494741,      -6.535793861,      -6.267731081,      -4.768392685
          0,           0,         547,      -6.738376379,      -6.500805498,      -6.816316978,       -6.13243989,      -4.768480699
          0,           0,         548,      -6.795238652,      -6.655810335,      -6.968422498,      -6.189942431,      -4.768571263
          0,           0,         549,      -6.938999734,      -6.599702518,      -7.003372535,      -6.334051958,      -4.768664234
          0,           0,         550,      -7.002754338,      -6.673880214,      -7.027546821,      -6.399145625,      -4.768758079
          0,           0,         551,      -7.065019227,      -6.719650439,      -7.057399098,      -6.462579283,      -4.768854825
          0,           0,         552,      -7.109687579,      -6.751435965,      -7.097278855,      -6.508454612,      -4.768953282
          0,           0,         553,      -7.139358745,       -6.76937219,      -7.136140373,      -6.539315709,      -4.769052823
          0,           0,         554,      -7.156921654,      -6.746762003,      -7.130118065,      -6.557998895,      -4.769152911
          0,           0,         555,       -7.14638886,      -6.579000634,      -7.005370744,      -6.547676078,      -4.769252784
          0,           0,         556,      -7.057426712,      -6.297519518,      -6.758768114,       -6.45630221,      -4.769351915
          0,           0,         557,      -6.850165845,      -5.978018772,      -6.457368327,      -6.245556695,      -4.769451158
          0,           0,         558,      -6.545486572,      -6.130995187,      -6.256896707,        -5.9419558,      -4.769544976
          0,           0,         559,      -6.751054335,      -6.068683178,      -6.295764097,      -6.147071224,      -4.769638889
          0,           0,         560,      -6.470304818,      -6.253082194,      -6.510296789,      -5.866144563,      -4.769728082
          0,           0,         561,        -6.7531723,      -6.372770414,      -6.610191972,      -6.151141938,      -4.769815262
          0,           0,         562,      -6.824063382,      -6.484939486,      -6.783123136,      -6.222725342,      -4.769898839
          0,           0,         563,      -6.890908411,      -6.570804966,      -6.931791453,      -6.290740263,      -4.769979013
          0,           0,         564,      -7.009825886,      -6.608774416,      -6.968546827,      -6.413327881,      -4.770055821
          0,           0,         565,      -7.113947409,      -6.570948966,      -6.902266717,      -6.523320407,      -4.770129147
          0,           0,         566,       -7.07615478,      -6.378699836,      -6.729502112,      -6.483767403,      -4.770198793
          0,           0,         567,      -6.868226886,       -6.06043752,      -6.463995739,      -6.267668983,      -4.770392766
          0,           0,         568,      -6.571040169,      -6.228426251,      -6.380435991,      -5.968299957,      -4.770334062
          0,           0,         569,      -6.949387001,      -6.357874402,      -6.549994463,      -6.351560311,      -4.770393314
          0,           0,         570,      -6.778840193,      -6.503276607,       -6.82858866,        -6.1774232,      -4.770459459
          0,           0,         571,      -6.839617293,      -6.640188324,       -6.96202611,      -6.239688278,      -4.770510917
          0,           0,         572,      -6.989028082,      -6.585588531,      -6.991811437,       -6.39352895,      -4.770553228
          0,           0,         573,      -7.050999533,       -6.64331714,      -7.015098086,      -6.457779834,      -4.770591105
          0,           0,         574,      -7.104542535,      -6.670983265,      -7.038222422,      -6.512930902,      -4.770630615
          0,           0,         575,      -7.128686093,      -6.679218288,      -7.071594191,      -6.536562823,      -4.770671035
          0,           0,         576,      -7.133992483,      -6.681757628,      -7.113469468,      -6.540732744,      -4.770711935
          0,           0,         577,      -7.131138037,      -6.698592652,      -7.147076643,      -6.536587904,      -4.770752936
          0,           0,         578,      -7.125645725,      -6.705498888,      -7.164500318,      -6.530076095,      -4.770794065
          0,           0,         579,      -7.118560315,      -6.709164303,       -7.13723355,      -6.521377772,       -4.77083539
          0,           0,         580,      -7.102797447,      -6.647935458,      -7.048711131,      -6.503695091,       -4.77087687
          0,           0,         581,      -7.056809927,      -6.485673863,      -6.866159827,      -6.455377165,      -4.770918402
          0,           0,         582,      -6.937542369,      -6.208381857,      -6.603508675,      -6.333983349,      -4.770960372
          0,           0,         583,      -6.704277479,       -6.37746013,      -6.519203752,      -6.100671071,      -4.771001055
          0,           0,         584,      -6.983647408,      -6.500766415,      -6.692919051,      -6.378449817,      -4.771042898
          0,           0,         585,      -6.865501886,      -6.643866376,      -6.975216792,      -6.260222057,      -4.771084515
          0,           0,         586,      -6.916910795,      -6.770104723,       -7.10276792,      -6.311706129,      -4.771126207
          0,           0,         587,      -7.022449624,      -6.827980127,      -7.045431916,      -6.416532382,      -4.771168128
          0,           0,         588,      -7.095835578,      -6.712337598,      -6.942204682,      -6.488416521,      -4.771209894
          0,           0,         589,      -7.064023621,      -6.448014572,      -6.759842311,       -6.45606058,      -4.771251798
          0,           0,         590,      -6.895005305,      -6.119030299,      -6.497997215,      -6.288178211,      -4.771294606
          0,           0,         591,      -6.615572574,      -6.282426213,      -6.434841407,      -6.011287456,      -4.771334338
          0,           0,         592,      -6.973440784,      -6.418915706,      -6.614666838,       -6.36725195,      -4.771375913
          0,           0,         593,      -6.816057674,      -6.585622114,      -6.923729903,      -6.211101673,      -4.771417065
          0,           0,         594,      -6.884117998,      -6.757982194,      -7.061042198,      -6.279856988,      -4.771458018
          0,           0,         595,      -7.043906106,      -6.766077557,      -6.971529128,      -6.440733675,      -4.771503317
          0,           0,         596,      -7.187885227,      -6.675914359,      -6.857877288,      -6.586252554,      -4.771540667
          0,           0,         597,      -7.108576599,      -6.362455969,      -6.663459798,      -6.504907753,      -4.771583639
          0,           0,         598,      -6.839847379,      -6.296148628,      -6.715404534,      -6.235576068,      -4.771627462
          0,           0,         599,      -6.746260256,      -6.288885769,      -6.453304557,      -6.143162025,      -4.771672616
          0,           0,         600,       -6.96309968,      -6.410986115,      -6.627842988,      -6.359067419,      -4.771720268
          0,           0,         601,      -6.791977009,      -6.482964645,      -6.798724914,      -6.187826566,      -4.771769176
          0,           0,         602,      -6.798033678,      -6.337135648,      -6.725828838,       -6.19404858,      -4.771819856
          0,           0,         603,      -6.761691634,      -6.035843503,      -6.485873419,       -6.15711155,      -4.771872778
          0,           0,         604,      -6.561702875,      -5.686382449,      -6.164663134,      -5.955945943,      -4.771926736
          0,           0,         605,      -6.205768251,      -5.850232268,      -5.971442779,       -5.60101524,      -4.771982991
          0,           0,         606,      -6.530977286,      -5.881854623,      -6.068630884,      -5.924102701,      -4.772042211
          0,           0,         607,      -6.263213297,      -6.061706768,      -6.396064034,      -5.658585969,      -4.772099024
          0,           0,         608,      -6.489501623,      -6.198997156,      -6.465489292,      -5.887015145,      -4.772158178
          0,           0,         609,      -6.640372822,      -6.334552992,      -6.570832862,      -6.038960103,      -4.772217301
          0,           0,         610,      -6.753247391,      -6.457975561,      -6.692480625,      -6.151476179,      -4.772276138
          0,           0,         611,       -6.89397382,        -6.4828841,      -6.766958827,      -6.292375571,       -4.77233425
          0,           0,         612,      -6.993471301,      -6.564315421,       -6.85361441,      -6.392794457,      -4.772391667
          0,           0,         613,      -7.089313836,      -6.627484272,      -6.911970577,      -6.491104486,      -4.772447616
          0,           0,         614,      -7.162139194,      -6.677131211,      -6.955717696,      -6.566561908,       -4.77250145
          0,           0,         615,      -7.207233347,      -6.722621344,      -6.998726864,      -6.613635126,      -4.772552736
          0,           0,         616,      -7.236475958,      -6.763392039,      -7.039215188,      -6.644312746,      -4.772600998
          0,           0,         617,      -7.264365367,      -6.789230255,      -7.084950825,      -6.674185499,      -4.772645988
          0,           0,         618,      -7.285388141,      -6.784292375,      -7.101314047,      -6.698155835,      -4.772687554
          0,           0,         619,      -7.277209962,      -6.717659339,      -7.067190634,      -6.691624342,      -4.772725481
          0,           0,         620,      -7.202530101,      -6.527170928,      -6.905566017,      -6.612567099,      -4.772760091
          0,           0,         621,      -7.023341375,      -6.238973036,      -6.644107342,      -6.424718321,      -4.772791868
          0,           0,         622,      -6.752916217,      -6.401803482,      -6.544272623,      -6.150912978,      -4.772819154
          0,           0,         623,      -7.066171869,      -6.515934965,      -6.713593751,      -6.469931953,      -4.772844064
          0,           0,         624,      -6.917052752,      -6.635281796,      -6.973120921,      -6.316867426,      -4.772865415
          0,           0,         625,       -6.96251464,      -6.725430362,      -7.089791471,      -6.362986875,      -4.772883429
          0,           0,         626,      -7.073442152,      -6.750359286,      -7.034806026,      -6.475923677,      -4.772900607
          0,           0,         627,      -7.149018809,      -6.704667816,      -6.948231664,      -6.552937064,      -4.772909718
          0,           0,         628,      -7.107870352,      -6.464740728,      -6.779667624,      -6.509058846,      -4.772918684
          0,           0,         629,      -6.931126597,      -6.154107141,       -6.53107522,      -6.328161155,      -4.772926623
          0,           0,         630,      -6.657186101,      -6.306825629,      -6.481099939,      -6.053997615,      -4.772929232
          0,           0,         631,      -6.999518838,      -6.434718861,      -6.660198822,      -6.397145987,      -4.772932555
          0,           0,         632,      -6.851300026,      -6.579376574,      -6.960433717,      -6.248113441,      -4.772934895
          0,           0,         633,      -6.914243934,      -6.719417958,      -7.086380184,      -6.311999151,      -4.772936879
          0,           0,         634,      -7.064132806,      -6.611446414,      -7.103763268,      -6.463917099,      -4.772940357
          0,           0,         635,      -7.127441476,      -6.714600759,      -7.160966035,      -6.528949686,      -4.772941498
          0,           0,         636,      -7.205134071,      -6.775115593,      -7.196655478,      -6.609072765,       -4.77294539
          0,           0,         637,      -7.268730929,      -6.811576481,      -7.240359168,      -6.675428774,       -4.77295072
          0,           0,         638,      -7.316146871,      -6.850494229,      -7.284739409,      -6.725219159,      -4.772957481
          0,           0,         639,      -7.352183865,      -6.895731275,      -7.328927977,      -6.763075887,      -4.772965781
          0,           0,         640,      -7.376261467,      -6.899993209,      -7.349465928,      -6.787994606,      -4.772975819
          0,           0,         641,       -7.39377715,      -6.891228069,      -7.316139074,      -6.804907546,      -4.772987698
          0,           0,         642,      -7.383323004,      -6.781599144,       -7.19968445,      -6.792655068,      -4.773001186
          0,           0,         643,      -7.296489198,      -6.577231253,      -6.975672466,      -6.699942492,      -4.773016373
          0,           0,         644,      -7.097731731,      -6.277247947,      -6.690005961,       -6.49564959,      -4.773033767
          0,           0,         645,      -6.810692295,       -6.45089487,      -6.577715835,      -6.207609362,      -4.773050708
          0,           0,         646,      -7.143565187,      -6.556729061,      -6.724491931,      -6.540556024,      -4.773070559
          0,           0,         647,      -6.938138141,       -6.57866416,       -6.87969189,      -6.333991805,      -4.773091326
          0,           0,         648,      -6.914989442,      -6.390649074,      -6.800927163,      -6.311060723,      -4.773113414
          0,           0,         649,      -6.845999696,      -6.091650294,      -6.550812027,      -6.241606711,      -4.773174922
          0,           0,         650,      -6.627450739,      -6.275635636,      -6.363261012,      -6.023856402,       -4.77316465
          0,           0,         651,      -6.929602935,      -6.320722207,      -6.461336359,      -6.323789684,      -4.773191122
          0,           0,         652,      -6.675719162,      -6.153179899,      -6.461941581,       -6.07077687,      -4.773223133
          0,           0,         653,      -6.545108983,      -6.310553358,      -6.486112329,      -5.940819768,      -4.773250173
          0,           0,         654,       -6.92630176,      -6.447125265,      -6.616220771,      -6.323008425,      -4.773278301
          0,           0,         655,      -6.876001159,      -6.598424071,      -6.866263778,      -6.272162901,      -4.773307147
          0,           0,         656,      -6.940064065,      -6.724294552,      -7.077399322,      -6.336621618,      -4.773337497
          0,           0,         657,      -7.108782551,        -6.8395323,       -7.06425159,      -6.506732862,      -4.773368736
          0,           0,         658,      -7.287736909,      -6.720558082,       -6.94623163,      -6.688733258,      -4.773400817
          0,           0,         659,      -7.193513821,      -6.420419498,      -6.744995883,      -6.591241389,      -4.773433341
          0,           0,         660,      -6.908285002,      -6.499860579,      -6.708954645,      -6.305115621,      -4.773490402
          0,           0,         661,      -7.259094401,      -6.612954388,      -6.847102467,      -6.658064807,      -4.773499628
          0,           0,         662,      -7.051819947,       -6.66708813,      -6.978826068,      -6.448581052,      -4.773532206
          0,           0,         663,      -7.023689814,      -6.510105858,      -6.896353657,        -6.4203835,      -4.773566398
          0,           0,         664,      -6.953877661,      -6.213597099,      -6.659301234,      -6.349820684,      -4.773602957
          0,           0,         665,      -6.745877801,      -5.877439666,      -6.350356664,      -6.140405388,      -4.773629703
          0,           0,         666,      -6.424243802,      -6.054729006,      -6.165334632,       -5.82028648,      -4.773656987
          0,           0,         667,      -6.728435128,      -6.100211427,      -6.269173583,      -6.122504493,      -4.773687409
          0,           0,         668,      -6.466772288,      -6.256126269,      -6.588823478,      -5.861966923,      -4.773716488
          0,           0,         669,      -6.682654533,      -6.392217082,      -6.669687605,      -6.079240473,       -4.77374355
          0,           0,         670,      -6.828862263,       -6.50809969,      -6.782252829,       -6.22629826,      -4.773771067
          0,           0,         671,      -6.940846313,      -6.632373574,      -6.880820731,      -6.338699593,      -4.773798239
          0,           0,         672,      -7.078183799,      -6.555239711,      -6.932690121,      -6.477169681,      -4.773838627
          0,           0,         673,      -7.180423625,      -6.630175879,      -6.958661522,      -6.581474051,      -4.773852196
          0,           0,         674,      -7.189395839,      -6.487127214,      -6.831474639,      -6.590225147,      -4.773878103
          0,           0,         675,      -6.996302054,      -6.196684967,       -6.58885592,      -6.393463561,      -4.773906285
          0,           0,         676,      -6.705140138,      -6.352757505,      -6.477342324,      -6.101876704,      -4.773928442
          0,           0,         677,      -7.072892042,      -6.463695147,      -6.614949889,      -6.470955837,      -4.773952015
          0,           0,         678,      -6.851628805,      -6.505815681,      -6.759723901,      -6.247866691,      -4.773974308
          0,           0,         679,       -6.82309987,      -6.318883373,      -6.694095765,      -6.219306004,      -4.773996018
          0,           0,         680,      -6.751203113,      -6.003814567,       -6.45537833,      -6.146727665,       -4.77402746
          0,           0,         681,       -6.52750719,      -5.645818179,      -6.131111761,      -5.921869216,      -4.774034683
          0,           0,         682,      -6.158551922,      -5.803306811,      -5.935735236,      -5.553455426,      -4.774055333
          0,           0,         683,          -6.49438,      -5.854130766,      -6.045665716,      -5.887894544,      -4.774076035
          0,           0,         684,      -6.233870732,      -6.015055675,      -6.358757566,      -5.629401278,      -4.774091247
          0,           0,         685,      -6.452575216,      -6.149868209,      -6.429547889,      -5.850601729,      -4.774105274
          0,           0,         686,      -6.600749791,      -6.287444183,      -6.531088698,      -5.999977092,      -4.774118156
          0,           0,         687,      -6.715346007,      -6.408377634,      -6.650010687,      -6.114257638,      -4.774129828
          0,           0,         688,        -6.8534829,      -6.428867775,      -6.730383362,      -6.253229441,      -4.774138855
          0,           0,         689,       -6.94771344,      -6.498438999,       -6.81688889,      -6.349507366,      -4.774146633
          0,           0,         690,       -7.03114748,       -6.55952296,      -6.871651289,      -6.436528157,      -4.774152525
          0,           0,         691,      -7.086006975,      -6.608293597,      -6.914509595,      -6.494523978,      -4.774156288
          0,           0,         692,      -7.116652244,      -6.645120845,      -6.953649538,      -6.526124529,      -4.774157976
          0,           0,         693,      -7.132817848,      -6.677498227,       -6.99575864,      -6.541836058,      -4.774157515
          0,           0,         694,      -7.147035161,      -6.708118307,      -7.037452822,      -6.555850318,      -4.774155057
          0,           0,         695,      -7.162472602,       -6.70360739,      -7.059823233,      -6.571858172,      -4.774150957
          0,           0,         696,      -7.161855419,      -6.672076386,      -7.030377226,      -6.571701664,      -4.774144929
          0,           0,         697,      -7.122423311,      -6.488745485,      -6.879785663,      -6.530590056,      -4.774137714
          0,           0,         698,      -6.984708237,      -6.213372194,      -6.623562262,      -6.386503547,      -4.774130297
          0,           0,         699,      -6.731534422,       -6.37040957,      -6.507998327,      -6.129985586,      -4.774118497
          0,           0,         700,       -7.02536262,      -6.459734525,      -6.649339958,      -6.429570231,      -4.774107861
          0,           0,         701,      -6.847053361,      -6.488769766,      -6.798879646,      -6.246325271,      -4.774095262
          0,           0,         702,      -6.824345597,      -6.320801672,      -6.731084203,      -6.223232918,       -4.77408055
          0,           0,         703,      -6.760402385,      -6.025260818,      -6.488826065,      -6.157892941,      -4.774067294
          0,           0,         704,      -6.550620944,      -5.677659398,      -6.164162194,      -5.945645925,      -4.774043982
          0,           0,         705,      -6.196431132,      -5.840838194,      -5.966958676,      -5.591815062,      -4.774023479
          0,           0,         706,      -6.523014491,      -5.874909576,      -6.063318633,      -5.917445335,      -4.774001922
          0,           0,         707,      -6.258540387,      -6.051721575,      -6.389535259,      -5.654246808,      -4.773975149
          0,           0,         708,      -6.478843484,      -6.180146962,      -6.455806955,      -5.877192367,      -4.773948671
          0,           0,         709,      -6.625825062,      -6.303783367,      -6.557540896,       -6.02594722,      -4.773920995
          0,           0,         710,      -6.735787183,      -6.408479835,      -6.675925412,      -6.136650299,      -4.773892797
          0,           0,         711,      -6.866558353,      -6.431566001,       -6.75260465,      -6.269991607,      -4.773864562
          0,           0,         712,       -6.95280463,      -6.491017155,      -6.838184257,      -6.359625341,      -4.773836839
          0,           0,         713,      -7.027726303,      -6.535590268,      -6.893928281,      -6.439470245,      -4.773809702
          0,           0,         714,      -7.078203592,      -6.580132444,      -6.934111601,      -6.493624066,      -4.773783024
          0,           0,         715,      -7.107495412,      -6.613134193,      -6.973754982,      -6.524333369,       -4.77375683
          0,           0,         716,      -7.122670709,      -6.631004062,      -7.011446864,      -6.539392024,      -4.773730982
          0,           0,         717,      -7.132694656,      -6.657229469,      -7.045064416,      -6.549012086,      -4.773705472
          0,           0,         718,      -7.146513222,      -6.655557996,      -7.063864251,      -6.562954271,      -4.773680465
          0,           0,         719,      -7.149759148,      -6.627012441,       -7.03430389,      -6.565495641,      -4.773655579
          0,           0,         720,      -7.115832902,      -6.483358342,      -6.890972438,      -6.528192391,      -4.773631309
          0,           0,         721,      -6.988005749,       -6.22749842,      -6.640917101,      -6.392203184,       -4.77360807
          0,           0,         722,      -6.744899286,      -6.376168765,      -6.541958911,      -6.144012002,      -4.773584263
          0,           0,         723,      -7.038962508,      -6.468156666,      -6.708450901,      -6.446589993,       -4.77356216
          0,           0,         724,       -6.90722863,      -6.545751255,       -6.95242087,      -6.309656568,      -4.773540282
          0,           0,         725,      -6.954958904,      -6.615972568,      -7.058244072,      -6.358867435,      -4.773518871
          0,           0,         726,      -7.070924287,      -6.615443157,      -7.009106432,      -6.479995892,      -4.773500695
          0,           0,         727,      -7.151804308,      -6.598288651,      -6.934315298,      -6.566111793,       -4.77347711
          0,           0,         728,      -7.117315032,      -6.428718533,      -6.772905785,      -6.527605923,      -4.773456748
          0,           0,         729,      -6.937367137,      -6.145855312,      -6.529225088,      -6.338325318,      -4.773438199
          0,           0,         730,      -6.658841725,      -6.289901744,      -6.479887634,      -6.056816822,      -4.773416523
          0,           0,         731,       -7.00614291,      -6.402501166,      -6.657201375,      -6.409587588,      -4.773397551
          0,           0,         732,      -6.854644897,      -6.521339406,      -6.949689858,      -6.254285341,      -4.773379097
          0,           0,         733,      -6.916631289,      -6.621731509,      -7.071264663,      -6.318130256,      -4.773361334
          0,           0,         734,      -7.064506459,      -6.551591256,      -7.093523208,      -6.471306891,      -4.773346479
          0,           0,         735,      -7.126445273,      -6.622759714,      -7.142504419,      -6.536461593,      -4.773327624
          0,           0,         736,       -7.19998921,      -6.658749591,      -7.175850573,      -6.614177954,      -4.773311976
          0,           0,         737,      -7.254659304,      -6.673807992,      -7.218761039,      -6.672351385,      -4.773297048
          0,           0,         738,      -7.287991999,      -6.697467498,      -7.258749303,      -6.706975323,      -4.773282408
          0,           0,         739,      -7.313846198,      -6.733562406,      -7.287779865,      -6.733073228,      -4.773268005
          0,           0,         740,      -7.336492491,      -6.757887487,      -7.304154106,      -6.755518582,      -4.773254001
          0,           0,         741,      -7.348291106,      -6.764500965,      -7.286175406,      -6.765849814,      -4.773240585
          0,           0,         742,      -7.340792301,      -6.690508311,       -7.17901497,      -6.755051269,      -4.773227622
          0,           0,         743,       -7.26393379,      -6.540604348,      -6.966794519,      -6.670650175,      -4.773215461
          0,           0,         744,      -7.083297272,      -6.269620464,      -6.687446949,      -6.482735643,      -4.773205012
          0,           0,         745,      -6.806967429,      -6.435608143,      -6.576486292,      -6.204317576,      -4.773193922
          0,           0,         746,      -7.128699725,       -6.52446086,      -6.722516529,      -6.527204548,      -4.773186021
          0,           0,         747,      -6.931715108,      -6.550717869,      -6.874984822,      -6.328106937,      -4.773179718
          0,           0,         748,      -6.909724228,      -6.383522341,       -6.79789365,      -6.306361911,      -4.773175839
          0,           0,         749,      -6.841602514,      -6.088227951,      -6.550087243,      -6.237690404,      -4.773220508
          0,           0,         750,      -6.625310547,      -6.266347442,      -6.362483891,      -6.021846072,      -4.773180688
          0,           0,         751,      -6.920722988,      -6.315159312,      -6.460525087,      -6.315222505,      -4.773187067
          0,           0,         752,      -6.672750014,      -6.149746092,      -6.461169307,      -6.067871259,       -4.77320197
          0,           0,         753,      -6.543496156,      -6.306790207,      -6.486007727,      -5.939209311,      -4.773213777
          0,           0,         754,       -6.91700422,      -6.430588836,       -6.61546506,      -6.313707292,      -4.773228696
          0,           0,         755,      -6.866748486,        -6.5837468,      -6.862945463,      -6.262729989,      -4.773246775
          0,           0,         756,      -6.929927085,      -6.717126304,      -7.070860777,      -6.326196975,      -4.773268897
          0,           0,         757,      -7.091338255,      -6.781392913,      -7.061419646,      -6.488720413,      -4.773294194
          0,           0,         758,      -7.249763757,      -6.697976327,      -6.942831258,      -6.648761174,      -4.773322278
          0,           0,         759,      -7.170196456,      -6.414286102,      -6.743697509,      -6.567128951,      -4.773352484
          0,           0,         760,      -6.902912513,      -6.480755872,      -6.706670308,      -6.299550877,      -4.773436042
          0,           0,         761,      -7.235221923,      -6.598135164,      -6.845152054,      -6.633589856,      -4.773419276
          0,           0,         762,      -7.045453653,      -6.654660283,      -6.977810751,      -6.442209307,      -4.773452854
          0,           0,         763,      -7.018893908,      -6.504401392,      -6.895402913,      -6.415669417,      -4.773490844
          0,           0,         764,      -6.950812142,      -6.212831875,      -6.658835987,      -6.346755179,      -4.773529576
          0,           0,         765,       -6.74527289,      -5.876563328,      -6.350556821,      -6.139848994,      -4.773556066
          0,           0,         766,      -6.424243595,      -6.053955664,      -6.165241126,      -5.820268736,      -4.773583835
          0,           0,         767,       -6.72696702,      -6.099251604,      -6.269214297,      -6.120985761,      -4.773615426
          0,           0,         768,       -6.46649712,      -6.255831208,      -6.589426535,      -5.861661963,      -4.773646014
          0,           0,         769,      -6.682881426,      -6.392335067,      -6.669933709,      -6.079409515,      -4.773675162
          0,           0,         770,      -6.828972123,      -6.504504204,      -6.782013421,       -6.22633585,      -4.773704991
          0,           0,         771,      -6.939052591,      -6.630471407,      -6.880991908,      -6.336658033,      -4.773734823
          0,           0,         772,      -7.075035398,      -6.668210871,      -6.960547075,      -6.473505999,      -4.773764932
          0,           0,         773,      -7.206833353,      -6.681428802,      -6.964316803,      -6.607562412,      -4.773794399
          0,           0,         774,      -7.203708642,      -6.502647678,      -6.832511803,      -6.604451548,      -4.773824202
          0,           0,         775,      -6.998945884,      -6.193733593,      -6.589334144,      -6.396138956,      -4.773855751
          0,           0,         776,      -6.704585706,      -6.351597243,      -6.477427431,      -6.101299097,      -4.773882648
          0,           0,         777,      -7.068675765,      -6.460332027,      -6.614855528,      -6.466324807,      -4.773912064
          0,           0,         778,      -6.851172467,      -6.508676454,       -6.75889779,      -6.247252666,      -4.773940572
          0,           0,         779,      -6.823373691,      -6.322360686,      -6.693906112,      -6.219557143,      -4.773968569
          0,           0,         780,      -6.751234484,      -6.003376413,      -6.455371943,      -6.146776514,        -4.7740084
          0,           0,         781,      -6.527447195,      -5.645751304,      -6.131080846,      -5.921835735,      -4.774020125
          0,           0,         782,      -6.158509619,      -5.803003258,      -5.935660107,      -5.553409612,       -4.77404707
          0,           0,         783,       -6.49423177,      -5.853851346,      -6.045397915,      -5.887769857,      -4.774074057
          0,           0,         784,      -6.233778847,      -6.015314844,      -6.358923165,      -5.629310419,      -4.774095061
          0,           0,         785,       -6.45255287,      -6.151011307,      -6.429808496,      -5.850616918,      -4.774114422
          0,           0,         786,      -6.600835252,      -6.286717297,      -6.531044187,      -6.000152124,      -4.774132121
          0,           0,         787,      -6.715350429,      -6.406583489,      -6.649175584,      -6.114319527,       -4.77414797
          0,           0,         788,      -6.854143824,      -6.420054832,      -6.727769456,       -6.25389707,      -4.774160438
          0,           0,         789,      -6.947987921,      -6.497362094,      -6.814781622,      -6.349540708,      -4.774170802
          0,           0,         790,      -7.035746786,      -6.560962739,      -6.872515594,      -6.440774516,      -4.774178507
          0,           0,         791,      -7.102985793,      -6.611073915,      -6.916287847,      -6.511773175,      -4.774183217
          0,           0,         792,      -7.137970392,      -6.658492132,      -6.955730597,      -6.548812914,      -4.774184922
          0,           0,         793,       -7.15807397,      -6.692807797,      -6.997055479,      -6.569385581,      -4.774183638
          0,           0,         794,      -7.175265105,      -6.705882412,      -7.033914397,      -6.586693081,        -4.7741796
          0,           0,         795,      -7.188185902,      -6.705295264,      -7.050501683,      -6.599848773,      -4.774173405
          0,           0,         796,      -7.190952464,      -6.678702028,      -7.028711486,      -6.603541897,      -4.774164271
          0,           0,         797,      -7.145559824,      -6.492646537,      -6.877512871,       -6.55550956,      -4.774153699
          0,           0,         798,      -6.993491661,      -6.211721758,      -6.623158489,      -6.395818066,      -4.774142647
          0,           0,         799,      -6.732940016,      -6.370044263,      -6.508087517,      -6.131460454,      -4.774126963
          0,           0,         800,        -7.0302609,      -6.461359274,      -6.649792442,      -6.434697742,      -4.774112372
          0,           0,         801,      -6.849142209,      -6.484451816,       -6.79873799,      -6.248487894,      -4.774095917
          0,           0,         802,      -6.825429544,      -6.322124811,      -6.730739288,      -6.224318995,      -4.774077571
          0,           0,         803,      -6.760281223,      -6.025016446,      -6.488581634,      -6.157726466,       -4.77406244
          0,           0,         804,      -6.550318198,      -5.677557402,      -6.163840155,      -5.945311793,      -4.774034853
          0,           0,         805,      -6.196245009,      -5.840936549,      -5.966702188,      -5.591610042,      -4.774011832
          0,           0,         806,      -6.522865851,      -5.874846171,      -6.063124143,      -5.917242376,      -4.773988371
          0,           0,         807,      -6.258388551,      -6.051678311,      -6.389117394,      -5.654076998,      -4.773960068
          0,           0,         808,       -6.47838101,      -6.181036113,      -6.455875074,      -5.876729637,      -4.773932419
          0,           0,         809,      -6.625992854,      -6.304817783,      -6.557547437,      -6.026162492,       -4.77390399
          0,           0,         810,      -6.735872407,      -6.408470782,      -6.675698431,      -6.136827496,       -4.77387551
          0,           0,         811,      -6.865258504,      -6.430403707,      -6.751077728,      -6.268803478,      -4.773847335
          0,           0,         812,      -6.950974186,      -6.483325499,      -6.835626828,      -6.357836428,      -4.773819937
          0,           0,         813,      -7.025807634,      -6.533835729,      -6.891791294,      -6.437427798,      -4.773793327
          0,           0,         814,      -7.075158102,      -6.575027912,      -6.935470148,       -6.49074127,      -4.773767333
          0,           0,         815,        -7.0993295,      -6.607059596,      -6.972567384,      -6.516016867,      -4.773741959
          0,           0,         816,      -7.110948515,      -6.629330097,      -7.006763736,      -6.527039171,      -4.773716995
          0,           0,         817,       -7.11846527,       -6.65792793,      -7.040377362,      -6.533291702,      -4.773692401
          0,           0,         818,      -7.129066966,       -6.64057469,      -7.058267534,       -6.54366389,      -4.773668303
          0,           0,         819,      -7.130952269,      -6.620296918,      -7.030792198,      -6.545256375,      -4.773644431
          0,           0,         820,      -7.100868784,      -6.478331629,      -6.888048118,      -6.512052195,      -4.773621123
          0,           0,         821,      -6.979849277,      -6.225732101,      -6.639085482,      -6.383530316,       -4.77359882
          0,           0,         822,      -6.742038919,      -6.373493126,      -6.540805525,      -6.141076325,       -4.77357594
          0,           0,         823,      -7.030861658,      -6.464810594,      -6.707082324,      -6.438114107,       -4.77355482
          0,           0,         824,      -6.903385759,      -6.556068076,      -6.953647056,      -6.305903779,       -4.77353398
          0,           0,         825,      -6.953009056,       -6.61926564,      -7.061041231,      -6.357370929,      -4.773513683
          0,           0,         826,       -7.06699766,      -6.621331718,      -7.005810799,      -6.476755528,      -4.773496663
          0,           0,         827,      -7.147261743,       -6.60613009,      -6.932859831,      -6.562341991,      -4.773474254
          0,           0,         828,      -7.114087035,      -6.423703767,      -6.771777741,      -6.525262881,      -4.773455192
          0,           0,         829,      -6.933498251,      -6.143737694,      -6.528824783,      -6.334830956,       -4.77343802
          0,           0,         830,      -6.657671381,      -6.287601063,      -6.479077478,      -6.055738221,      -4.773417832
          0,           0,         831,       -7.00165054,      -6.398113097,      -6.656917931,      -6.405535273,      -4.773400545
          0,           0,         832,      -6.852437368,      -6.516015596,        -6.9473193,      -6.252255152,      -4.773383963
          0,           0,         833,       -6.91322056,      -6.612484859,      -7.066152793,      -6.314842754,      -4.773368256
          0,           0,         834,      -7.057758389,      -6.548609423,      -7.089862749,      -6.464451961,      -4.773356296
          0,           0,         835,      -7.118652653,       -6.62158819,      -7.140686202,      -6.528427584,      -4.773339284
          0,           0,         836,      -7.191232018,      -6.647203015,      -7.168452612,       -6.60484024,      -4.773326228
          0,           0,         837,      -7.240982514,      -6.659366228,      -7.204982626,      -6.656973226,       -4.77331407
          0,           0,         838,      -7.275471072,      -6.693927282,      -7.253452342,      -6.693032563,      -4.773302308
          0,           0,         839,      -7.301760463,      -6.710055673,      -7.281590913,      -6.719872604,       -4.77329094
          0,           0,         840,      -7.321665563,      -6.749097034,      -7.301462126,      -6.738988662,      -4.773280117
          0,           0,         841,      -7.339878517,      -6.758037905,      -7.280543398,       -6.75651538,      -4.773270023
          0,           0,         842,       -7.33258711,        -6.7084805,      -7.176344191,      -6.746265838,      -4.773260502
          0,           0,         843,      -7.261886405,      -6.541452893,      -6.967882173,      -6.668989818,      -4.773251857
          0,           0,         844,      -7.081524503,      -6.268111529,      -6.687565844,      -6.481132139,      -4.773244867
          0,           0,         845,      -6.805845191,       -6.43329806,      -6.576270682,      -6.203227464,      -4.773237194
          0,           0,         846,      -7.124417374,      -6.523376386,      -6.722097955,      -6.522981494,      -4.773232715
          0,           0,         847,      -6.929310087,      -6.544452498,      -6.875556163,      -6.325728475,      -4.773229803
          0,           0,         848,      -6.907526078,      -6.379590793,      -6.798244177,      -6.304091754,        -4.7732293
          0,           0,         849,      -6.839557853,      -6.088018485,      -6.550313428,       -6.23556812,      -4.773264559
          0,           0,         850,      -6.624599207,      -6.266980904,      -6.362565552,      -6.021107265,       -4.77324023
          0,           0,         851,      -6.919057659,      -6.314034055,       -6.46054312,       -6.31346853,      -4.773249948
          0,           0,         852,      -6.671752446,       -6.14930913,      -6.461615869,       -6.06682949,      -4.773267154
          0,           0,         853,      -6.542662901,      -6.303992712,      -6.485698774,      -5.938351128,      -4.773282519
          0,           0,         854,      -6.913566617,      -6.433683452,       -6.61546007,      -6.310044664,      -4.773301824
          0,           0,         855,      -6.865725137,      -6.573418454,      -6.863442858,      -6.261618944,      -4.773324494
          0,           0,         856,      -6.928464301,      -6.695987705,      -7.068269577,      -6.324555207,      -4.773351153
          0,           0,         857,      -7.085844626,      -6.787347866,      -7.057790529,      -6.482745943,      -4.773380965
          0,           0,         858,      -7.244555925,      -6.693650028,      -6.943832659,      -6.643186439,      -4.773413587
          0,           0,         859,      -7.168538296,       -6.41228021,      -6.743166671,      -6.565508074,      -4.773448264
          0,           0,         860,      -6.901853173,      -6.490139105,      -6.707306891,      -6.298566545,      -4.773726706
          0,           0,         861,      -7.234035547,      -6.603300775,      -6.845435127,      -6.632572328,      -4.773534739
          0,           0,         862,      -7.044394139,      -6.640709769,      -6.978147375,      -6.441275088,      -4.773574074
          0,           0,         863,      -7.017104126,      -6.500002282,       -6.89376653,      -6.413915086,      -4.773633575
          0,           0,         864,      -6.949611727,      -6.212410001,      -6.658493637,      -6.345662267,       -4.77367617
          0,           0,         865,      -6.744191708,      -5.876617111,      -6.350040079,      -6.138807784,      -4.773696442
          0,           0,         866,       -6.42354725,       -6.05387973,      -6.164948742,      -5.819599552,      -4.773717239
          0,           0,         867,      -6.726542129,      -6.098942193,      -6.268731427,      -6.120606649,      -4.773744651
          0,           0,         868,      -6.465879118,       -6.25331599,      -6.588156786,      -5.861052459,      -4.773773477
          0,           0,         869,      -6.681708462,      -6.390716603,       -6.66870784,      -6.078256951,       -4.77380176
          0,           0,         870,      -6.828510632,      -6.492958905,      -6.781493736,      -6.226002922,      -4.773830985
          0,           0,         871,       -6.93718063,      -6.631029687,      -6.879040004,      -6.334909323,      -4.773859935
          0,           0,         872,      -7.073037169,      -6.565961251,      -6.936527148,      -6.471814807,      -4.773895922
          0,           0,         873,      -7.176851246,      -6.628890314,      -6.959746911,      -6.577496468,      -4.773916237
          0,           0,         874,      -7.184982876,      -6.489984761,      -6.832280642,      -6.585400263,      -4.773942816
          0,           0,         875,      -6.994441269,      -6.195943705,      -6.588930339,      -6.391575011,      -4.773970805
          0,           0,         876,      -6.703931453,      -6.349975543,      -6.476767898,      -6.100653107,      -4.773992796
          0,           0,         877,      -7.068178618,      -6.460745473,      -6.614457322,      -6.465952241,      -4.774016283
          0,           0,         878,      -6.850603762,      -6.505125779,      -6.760014803,      -6.246762166,      -4.774038456
          0,           0,         879,      -6.823125863,      -6.318982012,      -6.694297069,      -6.219320473,      -4.774059991
          0,           0,         880,      -6.750865586,      -6.003432982,      -6.455069037,      -6.146408917,      -4.774096493
          0,           0,         881,      -6.527177557,      -5.645508635,      -6.130623306,      -5.921550199,      -4.774099228
          0,           0,         882,      -6.158090073,       -5.80282499,      -5.935248233,      -5.552984493,      -4.774120413
          0,           0,         883,      -6.493994489,      -5.853604073,      -6.045143506,      -5.887514185,      -4.774142373
          0,           0,         884,      -6.233389044,       -6.01495425,      -6.358239135,      -5.628913533,      -4.774158762
          0,           0,         885,       -6.45224846,      -6.150508729,      -6.429570757,      -5.850298874,      -4.774174054
          0,           0,         886,      -6.601026925,      -6.286161455,      -6.531204154,      -6.000334412,      -4.774188456
          0,           0,         887,      -6.715719979,      -6.403670345,      -6.649669684,      -6.114669285,      -4.774201853
          0,           0,         888,      -6.854199342,       -6.42518635,         -6.729292,      -6.253814452,      -4.774212639
          0,           0,         889,      -6.949304401,      -6.501834907,      -6.815983619,      -6.350594764,      -4.774222317
          0,           0,         890,      -7.038773877,      -6.561116753,      -6.874934249,      -6.443392398,      -4.774229919
          0,           0,         891,      -7.103550564,      -6.611538608,      -6.918443635,      -6.511589412,      -4.774235116
          0,           0,         892,      -7.139442334,       -6.64614367,      -6.957805844,      -6.549261532,      -4.774237909
          0,           0,         893,      -7.156093446,      -6.682178095,      -6.997902136,      -6.566302568,      -4.774238201
          0,           0,         894,      -7.174112176,      -6.712378205,      -7.038744429,      -6.584815691,       -4.77423613
          0,           0,         895,      -7.188590794,      -6.700685692,      -7.058624655,      -6.599961045,      -4.774232076
          0,           0,         896,      -7.186966599,      -6.668200198,      -7.029262641,       -6.59867155,      -4.774225757
          0,           0,         897,      -7.142280743,      -6.494120818,      -6.877634434,      -6.551519911,      -4.774217981
          0,           0,         898,      -6.992827384,      -6.213294238,      -6.623282245,      -6.394931299,      -4.774209842
          0,           0,         899,      -6.732852572,      -6.369992454,      -6.507825263,      -6.131338149,       -4.77419718
          0,           0,         900,      -7.029907328,       -6.45958106,      -6.649267179,      -6.434303524,      -4.774185638
          0,           0,         901,      -6.848478019,      -6.482548378,      -6.797665175,      -6.247788352,      -4.774172249
          0,           0,         902,      -6.825073254,      -6.318539088,      -6.730529452,      -6.223941934,      -4.774156957
          0,           0,         903,      -6.759756826,       -6.02440275,      -6.488244933,      -6.157186591,      -4.774146467
          0,           0,         904,      -6.549919097,       -5.67720104,      -6.163700522,      -5.944920052,      -4.774120455
          0,           0,         905,      -6.195855143,      -5.840595512,      -5.966342278,      -5.591220236,      -4.774100471
          0,           0,         906,      -6.522674913,      -5.874698503,      -6.062817888,      -5.917051792,      -4.774080058
          0,           0,         907,      -6.258013788,      -6.051579329,      -6.389364233,      -5.653701568,      -4.774054557
          0,           0,         908,      -6.478257905,      -6.181130085,      -6.455680705,      -5.876588883,      -4.774029536
          0,           0,         909,      -6.625613087,      -6.304210291,      -6.556973208,      -6.025752484,      -4.774003613
          0,           0,         910,       -6.73517913,      -6.404231558,      -6.675462367,      -6.136025159,      -4.773977471
          0,           0,         911,       -6.86536468,      -6.430025476,      -6.750751686,      -6.268626465,      -4.773951512
          0,           0,         912,      -6.952291653,      -6.488602643,      -6.835886969,      -6.358937747,      -4.773926254
          0,           0,         913,      -7.027356848,      -6.541264021,      -6.893022369,      -6.438809942,      -4.773901665
          0,           0,         914,      -7.080762122,      -6.582332156,      -6.936865671,      -6.496216026,      -4.773877521
          0,           0,         915,      -7.106801633,      -6.610469693,      -6.971521899,      -6.523520711,      -4.773853787
          0,           0,         916,      -7.117707068,      -6.639448955,      -7.008327194,      -6.533717746,      -4.773830261
          0,           0,         917,      -7.130252271,      -6.657871345,      -7.044913352,      -6.545805039,      -4.773806937
          0,           0,         918,      -7.141356451,      -6.663243516,      -7.063798318,      -6.556949638,      -4.773783909
          0,           0,         919,      -7.143295463,      -6.631302633,       -7.03188178,      -6.558615117,      -4.773760968
          0,           0,         920,      -7.110820865,      -6.476622914,      -6.888953305,      -6.522804961,      -4.773738494
          0,           0,         921,      -6.984881708,      -6.227998984,      -6.639205338,      -6.388868219,       -4.77371692
          0,           0,         922,       -6.74335851,      -6.374519423,      -6.540883894,      -6.142480154,      -4.773694751
          0,           0,         923,      -7.035460376,      -6.467839069,       -6.70744466,      -6.443097059,      -4.773674284
          0,           0,         924,      -6.905283277,      -6.557825996,      -6.953366652,      -6.307850261,      -4.773654018
          0,           0,         925,      -6.954391436,      -6.625020766,      -7.059418131,      -6.358702449,      -4.773634235
          0,           0,         926,      -7.069506203,      -6.648438928,      -7.017640585,       -6.47931185,      -4.773617043
          0,           0,         927,      -7.154061997,      -6.599236411,      -6.933580502,      -6.569727689,      -4.773595838
          0,           0,         928,      -7.114626765,      -6.420243753,      -6.772669822,      -6.525799915,      -4.773577271
          0,           0,         929,       -6.93443007,      -6.145012589,      -6.529056544,      -6.335663459,      -4.773560538
          0,           0,         930,      -6.658014417,      -6.287801159,      -6.479006441,      -6.056072838,       -4.77354093
          0,           0,         931,      -7.003487946,      -6.397360463,      -6.656206892,      -6.407422249,      -4.773524271
          0,           0,         932,      -6.852345404,      -6.498895456,      -6.943146375,      -6.252239083,      -4.773508283
          0,           0,         933,      -6.910870317,      -6.571569581,      -7.062094007,      -6.312771081,       -4.77349309
          0,           0,         934,      -7.051128879,      -6.474872205,      -6.958889236,      -6.459326121,      -4.773482915
          0,           0,         935,      -7.125947809,      -6.555514329,      -6.875895592,      -6.537608222,      -4.773465423
          0,           0,         936,      -7.096861019,      -6.364193512,      -6.693481686,      -6.502831764,      -4.773452947
          0,           0,         937,       -6.87220559,       -6.04456558,      -6.430297685,      -6.269276073,      -4.773505506
          0,           0,         938,      -6.557318892,      -6.201560124,      -6.374716848,      -5.954062499,      -4.773432665
          0,           0,         939,       -6.94411532,      -6.335601572,      -6.557441942,      -6.342266154,      -4.773421917
          0,           0,         940,      -6.771436474,      -6.490837745,      -6.867954613,      -6.168285375,      -4.773416679
          0,           0,         941,      -6.842763239,      -6.659275266,      -7.006275616,      -6.240593826,      -4.773406203
          0,           0,         942,      -7.020262977,      -6.595160332,      -7.048248285,      -6.420483228,      -4.773394657
          0,           0,         943,      -7.107050074,      -6.645420338,      -7.071734588,      -6.509187416,      -4.773379923
          0,           0,         944,      -7.196277448,      -6.666479524,      -7.101618011,      -6.600079916,       -4.77336954
          0,           0,         945,      -7.264432376,      -6.689006362,      -7.162261952,      -6.670804692,      -4.773361642
          0,           0,         946,      -7.306740255,      -6.729030956,      -7.211985555,      -6.714478505,      -4.773355883
          0,           0,         947,      -7.338295278,      -6.753934806,      -7.254807801,       -6.74710213,      -4.773352313
          0,           0,         948,      -7.361243089,      -6.798723844,      -7.263431926,      -6.770164282,      -4.773351444
          0,           0,         949,      -7.375894676,      -6.797550751,      -7.238952695,      -6.783846643,      -4.773352967
          0,           0,         950,      -7.346332573,       -6.69987885,      -7.108770927,      -6.751195798,      -4.773357324
          0,           0,         951,      -7.230785024,      -6.473345634,      -6.879591738,      -6.630709793,      -4.773364629
          0,           0,         952,      -7.006077996,      -6.175238931,        -6.5891245,      -6.402182595,      -4.773375938
          0,           0,         953,      -6.705478755,      -6.357873448,      -6.494747149,      -6.101907364,       -4.77338645
          0,           0,         954,      -7.074722268,      -6.493396234,      -6.672384578,      -6.470469467,      -4.773401569
          0,           0,         955,      -6.900431021,      -6.646920616,      -6.972607516,      -6.296165031,      -4.773418525
          0,           0,         956,      -6.965165756,      -6.799470851,      -7.127879274,      -6.361825553,      -4.773437313
          0,           0,         957,      -7.123478595,      -6.874828299,      -7.055026908,      -6.521579063,      -4.773457432
          0,           0,         958,      -7.258232429,      -6.722122001,      -6.936099706,      -6.656994792,      -4.773478543
          0,           0,         959,      -7.169168551,      -6.419017739,      -6.739505381,      -6.564966265,      -4.773500271
          0,           0,         960,      -6.908531361,       -6.08148624,      -6.469092639,      -6.302989343,      -4.773528418
          0,           0,         961,       -6.59066994,      -6.235192658,      -6.401842254,      -5.986814313,      -4.773543041
          0,           0,         962,      -6.980945179,      -6.380822984,      -6.584026766,      -6.376517148,      -4.773563993
          0,           0,         963,      -6.801252671,      -6.551261685,      -6.892030273,      -6.197098526,      -4.773584282
          0,           0,         964,      -6.871758591,      -6.735641506,       -7.03358087,      -6.268335192,      -4.773602958
          0,           0,         965,       -7.05105953,      -6.524465674,      -7.021963485,      -6.449368382,      -4.773621555
          0,           0,         966,      -7.117999878,      -6.693003475,      -7.100140007,      -6.518020428,      -4.773636494
          0,           0,         967,      -7.222405084,      -6.758709151,      -7.113739395,      -6.624484519,      -4.773652835
          0,           0,         968,      -7.302525453,      -6.801594733,      -7.162391724,      -6.706559039,      -4.773669555
          0,           0,         969,      -7.359140242,      -6.796755574,      -7.215573851,      -6.766265809,       -4.77368678
          0,           0,         970,       -7.37464871,      -6.840665991,      -7.250758204,       -6.78302725,      -4.773704807
          0,           0,         971,      -7.389879735,      -6.864728443,      -7.288282053,      -6.800810669,       -4.77372399
          0,           0,         972,      -7.398264126,      -6.842685038,      -7.254322855,      -6.811280113,      -4.773744667
          0,           0,         973,      -7.373658546,      -6.741619135,      -7.127349911,      -6.784788905,      -4.773766773
          0,           0,         974,      -7.262444317,      -6.499960711,      -6.901591358,      -6.666683857,      -4.773790608
          0,           0,         975,      -7.035374216,      -6.197119722,      -6.613859297,      -6.433368262,      -4.773817236
          0,           0,         976,       -6.73290909,      -6.375813646,      -6.502868431,      -6.129841025,      -4.773842346
          0,           0,         977,      -7.076133998,      -6.483606041,      -6.650637401,      -6.473553425,       -4.77387115
          0,           0,         978,      -6.864312934,      -6.507939643,      -6.808326434,      -6.260320649,       -4.77390082
          0,           0,         979,      -6.839605215,      -6.320350996,      -6.726699581,      -6.235782936,      -4.773931476
          0,           0,         980,      -6.767178163,      -6.011344178,      -6.473474286,      -6.162884851,      -4.773972984
          0,           0,         981,      -6.542162769,      -5.659567356,      -6.143800137,      -5.936777302,       -4.77399423
          0,           0,         982,      -6.173224755,      -5.821510222,      -5.949861531,      -5.568176811,      -4.774028721
          0,           0,         983,      -6.508572682,      -5.852785401,      -6.046338972,       -5.90193078,      -4.774064822
          0,           0,         984,      -6.239919146,       -6.03623703,      -6.367471218,      -5.635515956,      -4.774095205
          0,           0,         985,      -6.462358014,      -6.172439646,      -6.436070754,      -5.860405733,      -4.774127337
          0,           0,         986,      -6.611179364,      -6.304575773,      -6.541193187,      -6.010326169,      -4.774158969
          0,           0,         987,      -6.723108784,      -6.425007347,      -6.663704001,       -6.12204384,      -4.774190146
          0,           0,         988,      -6.861584092,      -6.451545901,      -6.739432025,      -6.261513025,      -4.774221015
          0,           0,         989,      -6.958731389,      -6.523899888,      -6.824184396,      -6.360706533,      -4.774251725
          0,           0,         990,       -7.04897185,      -6.579258662,      -6.880790335,      -6.454722706,      -4.774282183
          0,           0,         991,      -7.115549765,        -6.6262241,      -6.922549302,       -6.52520503,      -4.774312072
          0,           0,         992,      -7.148104494,      -6.673303484,      -6.960587639,      -6.559382003,      -4.774341315
          0,           0,         993,       -7.17098702,      -6.698420931,      -7.004760948,      -6.582839682,      -4.774369651
          0,           0,         994,      -7.180644782,       -6.73129915,      -7.047090719,      -6.592117189,      -4.774396985
          0,           0,         995,      -7.193995157,      -6.732477204,      -7.072348602,      -6.605716699,      -4.774424078
          0,           0,         996,      -7.193562142,      -6.678290624,      -7.043692388,      -6.605970354,      -4.774448539
          0,           0,         997,      -7.148097255,      -6.492519174,      -6.888370103,      -6.557797598,      -4.774472787
          0,           0,         998,      -6.998412099,      -6.207594584,      -6.627156617,      -6.400716166,      -4.774497339
