"Time_Iter","Outer_Iter","Inner_Iter",    "rms[Rho]"    ,    "rms[RhoU]"   ,    "rms[RhoV]"   ,    "rms[RhoE]"   ,    "RefForce"    ,       "CD"       ,       "CL"       ,       "CSF"      ,       "CMx"      ,       "CMy"      ,       "CMz"      ,       "CFx"      ,       "CFy"      ,       "CFz"      ,      "CEff"      
          0,           0,           0,      -3.491797498,      -3.645220096,       -4.04044112,      -2.895420354,             0.448,      0.3312326921,      0.1059653121,                 0,                 0,                 0,     0.01069849474,      0.3288422466,      0.1131658984,                 0,      0.3199119974
          0,           0,           1,      -3.773906239,      -3.642384839,      -3.675210943,      -3.162954704,             0.448,      0.1272094967,    0.002590983243,                 0,                 0,                 0,    -0.01782030546,      0.1271227023,    0.005365427204,                 0,     0.02036784446
          0,           0,           2,      -3.697306905,      -3.608491186,      -3.626452412,      -3.098577814,             0.448,     0.09782225522,     0.01727544852,                 0,                 0,                 0,    -0.02355845583,     0.09742211425,     0.01940531869,                 0,       0.176600391
          0,           0,           3,      -3.644723719,      -3.660208715,        -3.6282899,      -3.052870649,             0.448,      0.1105760623,     0.04113887056,                 0,                 0,                 0,    -0.02164716768,      0.1096523084,     0.04354128471,                 0,      0.3720413779
          0,           0,           4,      -3.584450245,      -3.608375417,      -3.595140273,      -2.995546578,             0.448,     0.08427320019,     0.02770920698,                 0,                 0,                 0,    -0.02989131905,     0.08364867228,     0.02954102312,                 0,      0.3288021212
          0,           0,           5,      -3.575866389,      -3.572435072,      -3.580099395,      -2.990706753,             0.448,     0.07142022119,     0.01682382356,                 0,                 0,                 0,    -0.03826132143,     0.07103621534,     0.01837784386,                 0,      0.2355610677
          0,           0,           6,      -3.576656276,      -3.702849496,      -3.614755435,      -2.998998967,             0.448,     0.06741840739,    0.007739986172,                 0,                 0,                 0,    -0.04405056667,     0.06723351673,    0.009208869071,                 0,       0.114805236
          0,           0,           7,      -3.579501439,      -3.685388108,      -3.608899929,      -3.003713635,             0.448,     0.06239858743,   -0.002409043911,                 0,                 0,                 0,    -0.04865013173,     0.06243629127,   -0.001047252613,                 0,     -0.0386073469
          0,           0,           8,      -3.558496619,      -3.596807881,      -3.627624064,      -2.980668465,             0.448,      0.0570918512,    -0.01096164106,                 0,                 0,                 0,    -0.05167381717,     0.05731739183,    -0.00971358032,                 0,     -0.1920000987
          0,           0,           9,      -3.576850957,      -3.634843701,      -3.632214563,      -3.002333487,             0.448,      0.0530186688,    -0.01885972229,                 0,                 0,                 0,    -0.05362484998,     0.05341747447,    -0.01769863802,                 0,      -0.355718518
          0,           0,          10,      -3.587707582,      -3.696626018,      -3.661337679,      -3.017471347,             0.448,     0.05004304145,    -0.02666665851,                 0,                 0,                 0,    -0.05520753529,     0.05061286265,    -0.02556862937,                 0,     -0.5328744563
          0,           0,          11,      -3.596799206,      -3.723157291,      -3.686304487,      -3.029105341,             0.448,     0.04709012234,    -0.03415658305,                 0,                 0,                 0,    -0.05654306538,     0.04782403809,    -0.03312118911,                 0,     -0.7253449632
          0,           0,          12,      -3.601971445,      -3.728933965,       -3.69801099,      -3.034588588,             0.448,     0.04382217155,    -0.04195224988,                 0,                 0,                 0,    -0.05804138798,     0.04472692657,    -0.04098629075,                 0,     -0.9573293245
          0,           0,          13,      -3.604783938,      -3.733235796,      -3.710223024,      -3.035590035,             0.448,     0.04058632399,    -0.05017490986,                 0,                 0,                 0,    -0.05984368297,     0.04167122544,     -0.0492775836,                 0,      -1.236251646
          0,           0,          14,      -3.615687959,      -3.749811888,      -3.724245282,      -3.044263792,             0.448,     0.03751511252,    -0.05826718402,                 0,                 0,                 0,    -0.06165866374,     0.03877727686,    -0.05743493014,                 0,      -1.553165648
          0,           0,          15,      -3.629895962,      -3.775304846,      -3.743996124,      -3.056974784,             0.448,     0.03445566907,    -0.06600150987,                 0,                 0,                 0,    -0.06330601885,      0.0358872849,    -0.06523415684,                 0,      -1.915548636
          0,           0,          16,      -3.643686656,      -3.798935264,      -3.768464844,      -3.070949741,             0.448,     0.03120445264,    -0.07365928959,                 0,                 0,                 0,    -0.06485974958,     0.03280389576,    -0.07296103913,                 0,      -2.360537787
          0,           0,          17,      -3.658440757,      -3.813662461,      -3.792581673,      -3.087371366,             0.448,     0.02768760414,    -0.08136875273,                 0,                 0,                 0,    -0.06632113185,     0.02945606523,    -0.08074538727,                 0,       -2.93881523
          0,           0,          18,      -3.675416236,      -3.819699359,      -3.816361045,      -3.106316951,             0.448,     0.02394890772,    -0.08904174132,                 0,                 0,                 0,     -0.0676055288,     0.02588564388,    -0.08849810913,                 0,      -3.717987574
          0,           0,          19,      -3.695068738,      -3.823854185,      -3.843533623,      -3.127333853,             0.448,     0.02016376659,    -0.09639979036,                 0,                 0,                 0,    -0.06854672309,     0.02226191851,    -0.09593697957,                 0,      -4.780842404
          0,           0,          20,      -3.715964009,       -3.83307414,       -3.87593826,      -3.148882555,             0.448,     0.01655747262,     -0.1030203864,                 0,                 0,                 0,    -0.06903673671,     0.01880091028,      -0.102634671,                 0,      -6.221987424
          0,           0,          21,      -3.736130835,      -3.849625303,      -3.912121273,      -3.169469882,             0.448,     0.01318805598,     -0.1091148246,                 0,                 0,                 0,     -0.0692529129,     0.01556524494,     -0.1088011623,                 0,      -8.273761104
          0,           0,          22,      -3.755714568,      -3.870918243,      -3.948136223,      -3.189669307,             0.448,     0.01011778168,     -0.1148942787,                 0,                 0,                 0,    -0.06933268515,      0.0126217794,     -0.1146462187,                 0,      -11.35567878
          0,           0,          23,       -3.77543014,      -3.892409831,      -3.979929196,      -3.210030114,             0.448,    0.007568278725,     -0.1195249638,                 0,                 0,                 0,    -0.06897486131,     0.01017390102,      -0.119331419,                 0,      -15.79288609
          0,           0,          24,      -3.794710686,      -3.911247792,      -4.006634459,      -3.229595401,             0.448,    0.005505000839,      -0.123447564,                 0,                 0,                 0,    -0.06844335877,    0.008196685215,     -0.1232980959,                 0,       -22.4246222
          0,           0,          25,      -3.814257271,      -3.927950282,      -4.029604981,       -3.24884878,             0.448,    0.004067278232,     -0.1263843692,                 0,                 0,                 0,    -0.06766185624,    0.006823370814,     -0.1262655659,                 0,      -31.07345059
          0,           0,          26,      -3.836426312,      -3.944051055,      -4.051406992,      -3.270437705,             0.448,    0.003273428008,     -0.1285245738,                 0,                 0,                 0,    -0.06677527227,    0.006076397823,      -0.128422579,                 0,      -39.26299083
          0,           0,          27,       -3.86159663,      -3.961682406,      -4.075810325,      -3.294989874,             0.448,    0.003062035887,     -0.1299636313,                 0,                 0,                 0,     -0.0658488316,    0.005896448882,     -0.1298659056,                 0,      -42.44353631
          0,           0,          28,      -3.886403298,      -3.983123769,      -4.105872166,      -3.319520065,             0.448,    0.003420719669,     -0.1301357644,                 0,                 0,                 0,    -0.06464719825,     0.00625880237,      -0.130030173,                 0,      -38.04338765
          0,           0,          29,      -3.909401625,      -4.010334496,      -4.142765701,       -3.34322983,             0.448,      0.0040938069,     -0.1294701269,                 0,                 0,                 0,    -0.06334004924,     0.00691720862,     -0.1293500106,                 0,      -31.62585097
          0,           0,          30,      -3.933783207,      -4.044018504,      -4.184377359,      -3.369487699,             0.448,    0.004970444329,     -0.1282463043,                 0,                 0,                 0,    -0.06206719511,    0.007766939882,     -0.1281073554,                 0,      -25.80177863
          0,           0,          31,      -3.962854445,      -4.083472615,      -4.226748082,      -3.401060339,             0.448,    0.005964485518,     -0.1268762433,                 0,                 0,                 0,    -0.06101605905,    0.008730856793,     -0.1267159356,                 0,      -21.27195093
          0,           0,          32,      -3.997996534,      -4.127800478,      -4.267030354,      -3.438292586,             0.448,    0.007007450155,      -0.125637165,                 0,                 0,                 0,    -0.06024635781,    0.009746542883,     -0.1254544001,                 0,      -17.92908437
          0,           0,          33,      -4.036995161,      -4.175744377,      -4.303657059,      -3.478242756,             0.448,    0.008113655219,     -0.1243943776,                 0,                 0,                 0,    -0.05966684037,     0.01082537344,     -0.1241877767,                 0,       -15.3314843
          0,           0,          34,      -4.076373416,      -4.225426202,      -4.335997681,      -3.517588017,             0.448,    0.009207751789,     -0.1233748277,                 0,                 0,                 0,    -0.05934285419,     0.01189696828,     -0.1231446018,                 0,      -13.39901754
          0,           0,          35,      -4.114676856,      -4.274542695,      -4.364952321,      -3.555316663,             0.448,     0.01021806108,     -0.1227704657,                 0,                 0,                 0,    -0.05933228199,     0.01289385305,     -0.1225183438,                 0,       -12.0150452
          0,           0,          36,      -4.151008487,       -4.32115746,      -4.392729748,      -3.590984214,             0.448,     0.01110328392,     -0.1226047044,                 0,                 0,                 0,    -0.05961652839,     0.01377524917,     -0.1223333109,                 0,      -11.04220204
          0,           0,          37,       -4.18535144,      -4.364552618,      -4.422343558,      -3.624932756,             0.448,     0.01181300771,     -0.1229374098,                 0,                 0,                 0,    -0.06016875047,       0.014492062,     -0.1226504546,                 0,      -10.40695247
          0,           0,          38,      -4.217724446,      -4.405360872,      -4.455888361,      -3.657297234,             0.448,     0.01230304446,     -0.1238218467,                 0,                 0,                 0,    -0.06094353463,     0.01500127602,      -0.123523991,                 0,      -10.06432571
          0,           0,          39,      -4.247339883,      -4.444864348,      -4.493902807,      -3.687367495,             0.448,     0.01256998686,     -0.1251640493,                 0,                 0,                 0,     -0.0618442111,     0.01529743489,     -0.1248600508,                 0,      -9.957373121
          0,           0,          40,      -4.273710207,      -4.483548511,      -4.535495772,      -3.714571365,             0.448,     0.01262784634,     -0.1267997399,                 0,                 0,                 0,    -0.06277389872,       0.015390963,       -0.12649409,                 0,      -10.04127992
          0,           0,          41,      -4.297002486,      -4.520713351,      -4.578671311,      -3.738828331,             0.448,     0.01249540075,     -0.1286285999,                 0,                 0,                 0,     -0.0636736519,      0.0152984453,      -0.128325404,                 0,      -10.29407559
          0,           0,          42,      -4.318676833,      -4.555383398,      -4.620600853,      -3.761321703,             0.448,     0.01220675455,     -0.1306117908,                 0,                 0,                 0,     -0.0645081173,     0.01505313087,     -0.1303144198,                 0,      -10.69996044
          0,           0,          43,       -4.34023683,      -4.587210173,      -4.658188795,      -3.783423283,             0.448,     0.01180161559,     -0.1326515596,                 0,                 0,                 0,    -0.06523746286,     0.01469258565,     -0.1323625412,                 0,      -11.24011865
          0,           0,          44,      -4.361672921,       -4.61652883,      -4.689616565,      -3.805165847,             0.448,     0.01132033865,     -0.1346778719,                 0,                 0,                 0,    -0.06583536048,     0.01425562701,     -0.1343988703,                 0,      -11.89698259
          0,           0,          45,      -4.382200788,      -4.643402231,      -4.714875952,       -3.82593579,             0.448,     0.01079933116,     -0.1366640099,                 0,                 0,                 0,    -0.06629366782,     0.01377807087,     -0.1363959014,                 0,       -12.6548587
          0,           0,          46,      -4.400684475,      -4.667508562,      -4.735598535,      -3.844669324,             0.448,     0.01026466418,     -0.1385999562,                 0,                 0,                 0,    -0.06661628865,     0.01328576358,     -0.1383430507,                 0,       -13.5026294
          0,           0,          47,      -4.416724322,      -4.689091434,      -4.754546172,      -3.860988309,             0.448,    0.009742616323,     -0.1404489949,                 0,                 0,                 0,    -0.06681019947,     0.01280417652,     -0.1402030378,                 0,      -14.41594231
          0,           0,          48,      -4.430792875,      -4.709187931,      -4.774116152,      -3.875321456,             0.448,    0.009259702786,     -0.1421542733,                 0,                 0,                 0,    -0.06688092307,     0.01235857836,     -0.1419184451,                 0,      -15.35192614
          0,           0,          49,      -4.443445789,      -4.729014458,      -4.795939993,      -3.888080652,             0.448,     0.00883398159,     -0.1436834429,                 0,                 0,                 0,    -0.06684452111,     0.01196631713,     -0.1434565378,                 0,       -16.2648565
          0,           0,          50,      -4.455818602,      -4.750234668,      -4.820716958,      -3.900364309,             0.448,    0.008475871093,     -0.1450595836,                 0,                 0,                 0,     -0.0667323145,      0.0116383122,     -0.1448401631,                 0,      -17.11441597
          0,           0,          51,       -4.46909551,       -4.77427177,       -4.84783451,       -3.91342997,             0.448,    0.008197208279,     -0.1462789471,                 0,                 0,                 0,    -0.06656828637,     0.01138631598,     -0.1460653155,                 0,      -17.84497137
          0,           0,          52,      -4.484514897,      -4.801672271,      -4.875444399,      -3.928650542,             0.448,    0.008007651636,     -0.1473231472,                 0,                 0,                 0,    -0.06636675486,     0.01121958355,     -0.1471134023,                 0,      -18.39779675
          0,           0,          53,       -4.50257422,      -4.832476334,      -4.901759052,      -3.946565441,             0.448,    0.007905583988,     -0.1482005717,                 0,                 0,                 0,     -0.0661453381,     0.01113668111,     -0.1479928446,                 0,      -18.74631551
          0,           0,          54,      -4.523305036,      -4.865755583,      -4.925570411,      -3.967266147,             0.448,    0.007884458967,     -0.1489236806,                 0,                 0,                 0,    -0.06592150955,     0.01113133565,     -0.1487162423,                 0,      -18.88825616
          0,           0,          55,      -4.546438937,      -4.901234884,       -4.94756248,      -3.990355204,             0.448,    0.007932425794,     -0.1495317157,                 0,                 0,                 0,     -0.0657147614,     0.01119255528,     -0.1493230862,                 0,      -18.85069203
          0,           0,          56,      -4.571920789,      -4.938632265,      -4.969443999,      -4.015883011,             0.448,    0.008032657819,     -0.1500636393,                 0,                 0,                 0,    -0.06554373773,      0.0113043673,     -0.1498526967,                 0,      -18.68169199
          0,           0,          57,      -4.598142921,      -4.977281757,      -4.992583996,      -4.042431814,             0.448,    0.008164722391,     -0.1505731205,                 0,                 0,                 0,    -0.06542616288,     0.01144751472,     -0.1503591757,                 0,      -18.44191551
          0,           0,          58,       -4.62311579,      -5.015993127,      -5.017769994,      -4.067984874,             0.448,    0.008313568275,     -0.1511105613,                 0,                 0,                 0,    -0.06537173471,     0.01160804939,     -0.1508932415,                 0,      -18.17637822
          0,           0,          59,      -4.645786196,      -5.053427588,      -5.045457395,      -4.091308373,             0.448,    0.008466341728,       -0.15173411,                 0,                 0,                 0,    -0.06539131314,     0.01177438913,     -0.1515133091,                 0,       -17.9220394
          0,           0,          60,      -4.665516154,      -5.088101767,      -5.074581654,      -4.111552857,             0.448,    0.008612708466,     -0.1524772526,                 0,                 0,                 0,     -0.0654869846,     0.01193693261,     -0.1522530819,                 0,      -17.70375176
          0,           0,          61,      -4.682672266,      -5.118743193,      -5.102887005,      -4.128981838,             0.448,    0.008745998625,      -0.153350671,                 0,                 0,                 0,    -0.06565567122,     0.01208924457,     -0.1531233847,                 0,      -17.53380918
          0,           0,          62,      -4.698379504,      -5.145302379,      -5.128404365,      -4.144644513,             0.448,     0.00886106074,     -0.1543173669,                 0,                 0,                 0,    -0.06587692477,     0.01222536767,     -0.1540873406,                 0,      -17.41522505
          0,           0,          63,      -4.714527704,      -5.169492327,      -5.150431181,      -4.160480177,             0.448,    0.008953030813,     -0.1553689438,                 0,                 0,                 0,    -0.06613691778,     0.01234025588,     -0.1551366608,                 0,      -17.35378187
          0,           0,          64,      -4.732245779,      -5.193378595,      -5.169586304,      -4.177574578,             0.448,    0.009017929527,     -0.1565011278,                 0,                 0,                 0,    -0.06642288199,     0.01242983762,     -0.1562671597,                 0,      -17.35444121
          0,           0,          65,      -4.751952852,      -5.218407332,      -5.187168838,      -4.196395591,             0.448,    0.009053520939,     -0.1576845188,                 0,                 0,                 0,    -0.06671609259,     0.01249123609,     -0.1574494926,                 0,      -17.41692761
          0,           0,          66,      -4.774286781,      -5.244834227,       -5.20477749,      -4.217906485,             0.448,    0.009061973221,     -0.1588811869,                 0,                 0,                 0,    -0.06700213575,     0.01252579154,     -0.1586456916,                 0,       -17.5327363
          0,           0,          67,       -4.79883777,      -5.272694732,        -5.2234226,      -4.241983938,             0.448,    0.009047438382,     -0.1600551732,                 0,                 0,                 0,    -0.06726866306,     0.01253687054,     -0.1598197156,                 0,      -17.69066187
          0,           0,          68,      -4.823876206,      -5.300619989,      -5.241577545,      -4.266987819,             0.448,    0.009012368617,     -0.1611994006,                 0,                 0,                 0,    -0.06750529481,     0.01252677031,     -0.1609644357,                 0,      -17.88646331
          0,           0,          69,      -4.847700098,       -5.32746655,      -5.259881931,      -4.291022738,             0.448,     0.00896090871,      -0.162301753,                 0,                 0,                 0,    -0.06770365562,     0.01249937034,     -0.1620676484,                 0,      -18.11219802
          0,           0,          70,      -4.868694982,      -5.351720681,      -5.279932024,      -4.312437849,             0.448,    0.008898851699,     -0.1633496626,                 0,                 0,                 0,    -0.06785941513,     0.01246018812,     -0.1631166624,                 0,      -18.35626305
          0,           0,          71,      -4.885759001,      -5.371396128,      -5.301533357,      -4.330105896,             0.448,    0.008831994182,     -0.1643416192,                 0,                 0,                 0,    -0.06797456189,     0.01241498594,     -0.1641098414,                 0,      -18.60753255
          0,           0,          72,      -4.899199332,       -5.38715222,      -5.323936091,      -4.344201844,             0.448,    0.008765098709,     -0.1652787316,                 0,                 0,                 0,    -0.06805246928,     0.01236854938,     -0.1650481902,                 0,      -18.85645982
          0,           0,          73,      -4.909863273,        -5.4009335,      -5.346459491,      -4.355405655,             0.448,    0.008702018042,      -0.166153416,                 0,                 0,                 0,    -0.06809572742,     0.01232456486,     -0.1659240424,                 0,      -19.09366485
          0,           0,          74,      -4.919012436,      -5.414254674,      -5.368276162,      -4.364881896,             0.448,    0.008646453725,      -0.166958779,                 0,                 0,                 0,    -0.06810896322,     0.01228658267,     -0.1667304259,                 0,      -19.30950935
          0,           0,          75,      -4.928204376,       -5.42810174,      -5.387304886,      -4.374223732,             0.448,    0.008600669937,      -0.167692385,                 0,                 0,                 0,     -0.0680966939,     0.01225681331,     -0.1674648561,                 0,      -19.49759568
          0,           0,          76,      -4.938498297,      -5.442412532,      -5.401889668,      -4.384391982,             0.448,     0.00856471543,     -0.1683686442,                 0,                 0,                 0,    -0.06806451058,     0.01223561988,     -0.1681417388,                 0,      -19.65840495
          0,           0,          77,      -4.951297457,       -5.45748398,      -5.414283446,      -4.396830597,             0.448,    0.008538709884,     -0.1689895831,                 0,                 0,                 0,    -0.06801654239,     0.01222316623,     -0.1687630972,                 0,      -19.79099716
          0,           0,          78,      -4.965245584,      -5.472592293,      -5.424395168,      -4.410289542,             0.448,    0.008522787502,     -0.1695620454,                 0,                 0,                 0,     -0.0679585707,     0.01221973584,     -0.1693357706,                 0,       -19.8951394
          0,           0,          79,      -4.980056825,      -5.488833478,      -5.432505671,      -4.424548465,             0.448,    0.008516419802,     -0.1700899623,                 0,                 0,                 0,    -0.06789497449,      0.0122248861,     -0.1698637008,                 0,      -19.97200305
          0,           0,          80,       -4.99539225,      -5.506254424,      -5.440144645,      -4.439340077,             0.448,    0.008518848354,     -0.1705693227,                 0,                 0,                 0,    -0.06782857814,     0.01223777126,     -0.1703428941,                 0,         -20.02258
          0,           0,          81,       -5.01026156,      -5.524589537,      -5.447985733,      -4.453741664,             0.448,    0.008528653771,     -0.1710096703,                 0,                 0,                 0,    -0.06776383021,     0.01225718048,      -0.170782923,                 0,      -20.05119153
          0,           0,          82,      -5.024335856,      -5.543060325,      -5.457926104,       -4.46744962,             0.448,    0.008544601146,      -0.171424833,                 0,                 0,                 0,    -0.06770613337,     0.01228218079,     -0.1711976391,                 0,      -20.06235634
          0,           0,          83,      -5.037025689,      -5.561675975,      -5.470886672,      -4.479805943,             0.448,    0.008565194912,     -0.1718135047,                 0,                 0,                 0,    -0.06765604621,     0.01231124848,      -0.171585769,                 0,      -20.05949735
          0,           0,          84,       -5.04760566,      -5.580011798,      -5.484188074,      -4.490054651,             0.448,    0.008588203683,     -0.1721740525,                 0,                 0,                 0,    -0.06761222147,     0.01234211708,      -0.171945729,                 0,      -20.04773743
          0,           0,          85,      -5.056524426,      -5.597717375,      -5.497956967,      -4.498644442,             0.448,    0.008612384072,     -0.1725238787,                 0,                 0,                 0,    -0.06757894251,     0.01237392314,     -0.1722949446,                 0,      -20.03206978
          0,           0,          86,      -5.064921661,      -5.615334825,      -5.513788032,      -4.506601963,             0.448,    0.008636801707,     -0.1728750225,                 0,                 0,                 0,    -0.06755918074,     0.01240599512,     -0.1726454721,                 0,      -20.01609257
          0,           0,          87,      -5.073733779,      -5.633654488,      -5.531334681,      -4.514993654,             0.448,    0.008660476655,     -0.1732359974,                 0,                 0,                 0,    -0.06755459095,     0.01243753906,     -0.1730058446,                 0,      -20.00305575
          0,           0,          88,      -5.083519929,      -5.652551103,      -5.549798059,      -4.524514451,             0.448,    0.008682642253,     -0.1736150935,                 0,                 0,                 0,    -0.06756646807,     0.01246796932,     -0.1733843669,                 0,      -19.99565206
          0,           0,          89,      -5.095488419,      -5.671944738,      -5.569158336,      -4.536425116,             0.448,    0.008702670278,     -0.1740089175,                 0,                 0,                 0,    -0.06759264707,     0.01249658381,     -0.1737776604,                 0,        -19.994888
          0,           0,          90,      -5.109504496,      -5.691083987,      -5.589529409,      -4.550669766,             0.448,    0.008720226805,     -0.1744096742,                 0,                 0,                 0,    -0.06762965758,     0.01252287862,     -0.1741779387,                 0,      -20.00058922
          0,           0,          91,      -5.126894366,      -5.712147067,      -5.612457405,       -4.56884378,             0.448,    0.008735816221,     -0.1748115024,                 0,                 0,                 0,     -0.0676758417,     0.01254723016,     -0.1745793312,                 0,      -20.01089514
          0,           0,          92,      -5.145968937,      -5.735066405,      -5.637254507,      -4.589121879,             0.448,    0.008748805127,     -0.1752247037,                 0,                 0,                 0,    -0.06773051027,     0.01256922991,     -0.1749921508,                 0,      -20.02841544
          0,           0,          93,      -5.164604389,      -5.760840659,      -5.664021512,      -4.608873094,             0.448,     0.00875925349,     -0.1756594225,                 0,                 0,                 0,    -0.06779432851,     0.01258915913,     -0.1754265382,                 0,      -20.05415447
          0,           0,          94,      -5.181420166,       -5.78829423,      -5.691779687,       -4.62660456,             0.448,    0.008767330364,     -0.1761100156,                 0,                 0,                 0,    -0.06786413333,     0.01260706372,     -0.1758768479,                 0,       -20.0870742
          0,           0,          95,      -5.195491914,      -5.814734746,      -5.717410606,      -4.641513217,             0.448,    0.008773470726,      -0.176572642,                 0,                 0,                 0,    -0.06793770818,     0.01262329476,     -0.1763392303,                 0,      -20.12574584
          0,           0,          96,      -5.206926634,      -5.838800148,       -5.73809231,      -4.653556467,             0.448,    0.008778599541,     -0.1770551417,                 0,                 0,                 0,    -0.06801692822,     0.01263894803,     -0.1768215032,                 0,      -20.16895074
          0,           0,          97,      -5.215742603,      -5.860063827,      -5.754467199,      -4.662734109,             0.448,    0.008782677827,     -0.1775440911,                 0,                 0,                 0,     -0.0680964845,     0.01265369172,     -0.1773102474,                 0,       -20.2152572
          0,           0,          98,      -5.222397447,      -5.878451721,      -5.766800944,      -4.669566312,             0.448,    0.008785708665,     -0.1780319784,                 0,                 0,                 0,    -0.06817329889,     0.01266736504,     -0.1777979524,                 0,      -20.26381538
          0,           0,          99,      -5.228113772,      -5.895868953,      -5.776877805,      -4.675270471,             0.448,    0.008788234608,     -0.1785158392,                 0,                 0,                 0,    -0.06824667322,     0.01268044576,      -0.178281643,                 0,      -20.31304889
          0,           0,         100,      -5.233443817,      -5.912517731,      -5.785659002,      -4.680438922,             0.448,     0.00879046718,     -0.1789909628,                 0,                 0,                 0,    -0.06831506383,     0.01269304256,     -0.1787566048,                 0,      -20.36193972
          0,           0,         101,      -5.238741637,      -5.927465782,      -5.793138432,      -4.685498894,             0.448,    0.008792712027,     -0.1794530827,                 0,                 0,                 0,    -0.06837793437,     0.01270536797,     -0.1792185657,                 0,      -20.40929831
          0,           0,         102,      -5.244119777,      -5.940984637,       -5.79951177,      -4.690585881,             0.448,    0.008795315373,     -0.1799030221,                 0,                 0,                 0,    -0.06843609001,     0.01271778607,     -0.1796683412,                 0,      -20.45441402
          0,           0,         103,      -5.250120226,      -5.952252744,      -5.803575513,      -4.696290081,             0.448,    0.008798027181,     -0.1803365098,                 0,                 0,                 0,    -0.06848818551,     0.01272995372,     -0.1801016667,                 0,      -20.49738039
          0,           0,         104,      -5.257018317,      -5.962169982,      -5.806082677,      -4.702873435,             0.448,    0.008800940092,     -0.1807479133,                 0,                 0,                 0,    -0.06853368444,     0.01274184065,     -0.1805129087,                 0,      -20.53734162
          0,           0,         105,      -5.265117659,      -5.973267627,      -5.805430592,      -4.710668269,             0.448,    0.008803628412,     -0.1811377782,                 0,                 0,                 0,    -0.06857261666,     0.01275303319,     -0.1809026221,                 0,      -20.57535481
          0,           0,         106,      -5.274283523,      -5.986072907,      -5.803502058,      -4.719535515,             0.448,    0.008805908926,     -0.1815103318,                 0,                 0,                 0,    -0.06860626222,     0.01276344038,     -0.1812750373,                 0,      -20.61233353
          0,           0,         107,      -5.284285588,      -5.998261194,      -5.803242258,      -4.729180848,             0.448,     0.00880806892,     -0.1818657446,                 0,                 0,                 0,     -0.0686360126,     0.01277335315,     -0.1816303185,                 0,       -20.6476296
          0,           0,         108,      -5.294940304,      -6.006348276,      -5.803367765,      -4.739538156,             0.448,    0.008809730841,     -0.1822058352,                 0,                 0,                 0,    -0.06866205295,     0.01278243371,     -0.1819702918,                 0,      -20.68233848
          0,           0,         109,      -5.305519109,      -6.009708186,        -5.8033675,      -4.749793416,             0.448,    0.008810844475,      -0.182530323,                 0,                 0,                 0,    -0.06868468153,     0.01279062574,     -0.1822946782,                 0,       -20.7165526
          0,           0,         110,      -5.316257905,      -6.011793389,      -5.804101041,      -4.760168464,             0.448,     0.00881136934,     -0.1828392369,                 0,                 0,                 0,    -0.06870438613,      0.0127978894,     -0.1826035071,                 0,      -20.75037713
          0,           0,         111,      -5.326955411,      -6.013612148,      -5.805847446,      -4.770492334,             0.448,    0.008811031588,     -0.1831312803,                 0,                 0,                 0,    -0.06872060725,     0.01280392263,     -0.1828954884,                 0,      -20.78431776
          0,           0,         112,      -5.337429145,      -6.015967593,      -5.809290755,      -4.780602292,             0.448,     0.00880981901,     -0.1834067768,                 0,                 0,                 0,    -0.06873364808,     0.01280872026,     -0.1831709458,                 0,      -20.81845003
          0,           0,         113,      -5.347571191,      -6.019177763,      -5.814364614,      -4.790427455,             0.448,      0.0088077077,     -0.1836669975,                 0,                 0,                 0,     -0.0687442389,     0.01281228614,     -0.1834311506,                 0,      -20.85298511
          0,           0,         114,      -5.357444036,       -6.02360847,      -5.820462794,      -4.800037398,             0.448,    0.008804812283,     -0.1839126705,                 0,                 0,                 0,    -0.06875328941,     0.01281475074,     -0.1836768283,                 0,      -20.88774464
          0,           0,         115,      -5.367778692,      -6.030364113,       -5.82750095,      -4.810199361,             0.448,    0.008801336132,     -0.1841446683,                 0,                 0,                 0,    -0.06876164508,     0.01281633642,     -0.1839088467,                 0,      -20.92235378
          0,           0,         116,      -5.378712137,      -6.039053688,      -5.832769415,      -4.821029263,             0.448,    0.008797373315,     -0.1843612197,                 0,                 0,                 0,     -0.0687681185,     0.01281709859,      -0.184125433,                 0,      -20.95639381
          0,           0,         117,      -5.389395325,      -6.048151323,      -5.837477431,      -4.831561947,             0.448,     0.00879294755,     -0.1845642102,                 0,                 0,                 0,    -0.06877336308,     0.01281710209,     -0.1843284718,                 0,      -20.99002743
          0,           0,         118,      -5.399595454,      -6.056571058,      -5.843832534,       -4.84155898,             0.448,    0.008788096691,     -0.1847561993,                 0,                 0,                 0,    -0.06877848806,     0.01281644061,      -0.184520521,                 0,      -21.02346001
          0,           0,         119,      -5.409756038,      -6.064706194,      -5.851324206,      -4.851600134,             0.448,    0.008783002266,     -0.1849378373,                 0,                 0,                 0,    -0.06878383659,     0.01281530981,     -0.1847022269,                 0,      -21.05633491
          0,           0,         120,      -5.420083878,      -6.073315022,      -5.859092016,      -4.861920059,             0.448,    0.008777621869,     -0.1851115206,                 0,                 0,                 0,    -0.06879013554,     0.01281371957,     -0.1848759863,                 0,      -21.08902882
          0,           0,         121,      -5.430158365,      -6.082341202,      -5.866592248,      -4.872006493,             0.448,    0.008771999386,     -0.1852756049,                 0,                 0,                 0,    -0.06879673957,     0.01281167791,     -0.1850401542,                 0,      -21.12125147
          0,           0,         122,      -5.440518998,      -6.092987457,      -5.874029963,      -4.882465896,             0.448,    0.008766146555,     -0.1854265574,                 0,                 0,                 0,    -0.06880277368,     0.01280911948,     -0.1851911984,                 0,      -21.15257328
          0,           0,         123,      -5.450549495,      -6.103811977,      -5.880737843,      -4.892623759,             0.448,    0.008760020671,     -0.1855679736,                 0,                 0,                 0,    -0.06880898263,     0.01280608003,     -0.1853327146,                 0,      -21.18350864
          0,           0,         124,      -5.460228058,      -6.114303235,      -5.888999609,      -4.902390883,             0.448,    0.008753736551,     -0.1857015253,                 0,                 0,                 0,    -0.06881567705,     0.01280271082,     -0.1854663716,                 0,      -21.21397237
          0,           0,         125,      -5.469519626,      -6.123956179,      -5.899412843,       -4.91187361,             0.448,    0.008747396707,     -0.1858297222,                 0,                 0,                 0,    -0.06882355921,     0.01279916909,     -0.1855946763,                 0,      -21.24400303
          0,           0,         126,      -5.478284658,      -6.133617878,      -5.910822667,       -4.92089963,             0.448,    0.008741027902,     -0.1859534977,                 0,                 0,                 0,    -0.06883287262,     0.01279550195,     -0.1857185612,                 0,      -21.27364193
          0,           0,         127,      -5.486897901,      -6.146049808,      -5.923883502,       -4.92978254,             0.448,     0.00873467537,     -0.1860724615,                 0,                 0,                 0,    -0.06884357013,     0.01279174611,     -0.1858376354,                 0,      -21.30273349
          0,           0,         128,      -5.495477668,      -6.161997713,      -5.938220264,      -4.938686833,             0.448,    0.008728391645,     -0.1861872065,                 0,                 0,                 0,    -0.06885580821,     0.01278796703,     -0.1859524901,                 0,      -21.33121588
          0,           0,         129,      -5.503793758,      -6.180790701,      -5.952778377,      -4.947332131,             0.448,    0.008722092423,     -0.1862988655,                 0,                 0,                 0,    -0.06886954633,     0.01278410514,       -0.18606426,                 0,      -21.35942346
          0,           0,         130,      -5.512001849,      -6.201040765,      -5.968393243,      -4.955801098,             0.448,    0.008715739626,     -0.1864076417,                 0,                 0,                 0,    -0.06888459476,     0.01278012679,     -0.1861731489,                 0,      -21.38747251
          0,           0,         131,      -5.520299548,      -6.221879075,      -5.985214035,      -4.964311615,             0.448,    0.008709331473,     -0.1865136521,                 0,                 0,                 0,    -0.06890085947,     0.01277603277,     -0.1862792739,                 0,      -21.41538104
          0,           0,         132,       -5.52874288,      -6.242938425,      -6.002952046,      -4.972943444,             0.448,    0.008702899583,      -0.186617353,                 0,                 0,                 0,    -0.06891823877,     0.01277186463,     -0.1863830904,                 0,      -21.44312378
          0,           0,         133,        -5.5374219,      -6.263507217,      -6.021294566,      -4.981783629,             0.448,    0.008696424256,     -0.1867185876,                 0,                 0,                 0,    -0.06893667685,     0.01276759926,     -0.1864844421,                 0,       -21.4707312
          0,           0,         134,      -5.546493876,      -6.282771155,      -6.040945921,      -4.991005373,             0.448,    0.008689940648,     -0.1868179984,                 0,                 0,                 0,    -0.06895630288,     0.01276328583,     -0.1865839707,                 0,      -21.49819038
          0,           0,         135,      -5.555842949,      -6.299673511,      -6.060638624,      -5.000476088,             0.448,    0.008683454201,     -0.1869164083,                 0,                 0,                 0,     -0.0689769434,     0.01275894773,     -0.1866824987,                 0,      -21.52558233
          0,           0,         136,      -5.565498603,      -6.314543603,      -6.080983688,      -5.010198705,             0.448,    0.008677117618,     -0.1870118977,                 0,                 0,                 0,    -0.06899807901,     0.01275469575,     -0.1867781036,                 0,      -21.55230641
          0,           0,         137,      -5.575006055,      -6.328127923,      -6.100704977,      -5.019760066,             0.448,    0.008670904027,     -0.1871033435,                 0,                 0,                 0,    -0.06901938723,     0.01275047851,     -0.1868696632,                 0,      -21.57829713
          0,           0,         138,      -5.584614775,      -6.338871275,      -6.119352235,      -5.029490512,             0.448,    0.008664655879,     -0.1871925018,                 0,                 0,                 0,    -0.06904113695,     0.01274617683,     -0.1869589366,                 0,      -21.60414729
          0,           0,         139,      -5.594773585,      -6.348557552,      -6.137659054,      -5.039669698,             0.448,     0.00865821644,     -0.1872786193,                 0,                 0,                 0,    -0.06906285147,     0.01274161757,      -0.187045174,                 0,      -21.63016143
          0,           0,         140,      -5.605583593,      -6.359383315,      -6.155587137,      -5.050417203,             0.448,    0.008651622755,     -0.1873614359,                 0,                 0,                 0,     -0.0690843959,     0.01273683209,     -0.1871281148,                 0,      -21.65621886
          0,           0,         141,      -5.616915853,      -6.371171143,      -6.173113733,      -5.061661542,             0.448,    0.008644929324,     -0.1874408699,                 0,                 0,                 0,    -0.06910565674,     0.01273187309,     -0.1872076759,                 0,      -21.68217494
          0,           0,         142,       -5.62873712,      -6.383072191,      -6.190471372,       -5.07338576,             0.448,    0.008638164941,     -0.1875168052,                 0,                 0,                 0,    -0.06912642096,     0.01272676684,     -0.1872837407,                 0,      -21.70794451
          0,           0,         143,      -5.641112144,      -6.394738497,       -6.20796003,      -5.085656948,             0.448,    0.008631320668,     -0.1875893661,                 0,                 0,                 0,    -0.06914666853,      0.0127215071,     -0.1873564336,                 0,      -21.73356469
          0,           0,         144,      -5.653941323,      -6.406664483,      -6.225930766,      -5.098389023,             0.448,    0.008624425451,     -0.1876579394,                 0,                 0,                 0,    -0.06916626541,     0.01271610945,     -0.1874251411,                 0,      -21.75889171
          0,           0,         145,      -5.667251458,       -6.41834039,      -6.244198345,      -5.111624925,             0.448,     0.00861761629,     -0.1877244869,                 0,                 0,                 0,    -0.06918585416,     0.01271075363,     -0.1874918212,                 0,      -21.78380663
          0,           0,         146,      -5.681095856,      -6.428962821,      -6.262844378,      -5.125370941,             0.448,    0.008610725762,     -0.1877872028,                 0,                 0,                 0,     -0.0692045056,     0.01270523288,     -0.1875546725,                 0,      -21.80852206
          0,           0,         147,      -5.695502105,      -6.439150035,      -6.281845425,      -5.139638282,             0.448,    0.008603742385,     -0.1878456024,                 0,                 0,                 0,    -0.06922182619,     0.01269952515,     -0.1876132106,                 0,      -21.83301103
          0,           0,         148,      -5.710417087,      -6.448989405,      -6.300952118,      -5.154388595,             0.448,    0.008596744325,     -0.1878997672,                 0,                 0,                 0,    -0.06923816884,     0.01269371035,     -0.1876675152,                 0,      -21.85708451
          0,           0,         149,      -5.725778573,      -6.458595975,      -6.319964209,      -5.169574243,             0.448,    0.008589754103,     -0.1879496977,                 0,                 0,                 0,     -0.0692535644,     0.01268781102,     -0.1877175863,                 0,       -21.8806843
          0,           0,         150,      -5.741591288,      -6.468246123,      -6.338925067,       -5.18521646,             0.448,    0.008582792481,     -0.1879961295,                 0,                 0,                 0,    -0.06926791497,     0.01268186396,     -0.1877641588,                 0,      -21.90384189
          0,           0,         151,      -5.757996566,      -6.478264541,      -6.357798131,      -5.201460904,             0.448,    0.008575875818,     -0.1880389138,                 0,                 0,                 0,    -0.06928123564,     0.01267588228,     -0.1878070839,                 0,      -21.92649681
          0,           0,         152,      -5.774954903,      -6.488700489,      -6.376505451,      -5.218246513,             0.448,     0.00856900473,     -0.1880775683,                 0,                 0,                 0,    -0.06929355534,     0.01266985607,     -0.1878458791,                 0,      -21.94858963
          0,           0,         153,      -5.792318577,      -6.499091107,      -6.395078946,      -5.235444206,             0.448,     0.00856220503,     -0.1881122485,                 0,                 0,                 0,    -0.06930489346,     0.01266381453,     -0.1878806993,                 0,      -21.97007054
          0,           0,         154,      -5.810021141,       -6.50918201,      -6.413697124,       -5.25298302,             0.448,    0.008555490693,      -0.188143302,                 0,                 0,                 0,    -0.06931531655,     0.01265777922,     -0.1879118919,                 0,      -21.99094228
          0,           0,         155,      -5.828090191,      -6.519131188,      -6.432533519,      -5.270886729,             0.448,    0.008548879048,     -0.1881708453,                 0,                 0,                 0,    -0.06932487578,        0.01265177,     -0.1879395729,                 0,      -22.01117178
          0,           0,         156,       -5.84653842,       -6.52882407,      -6.451587714,      -5.289170725,             0.448,    0.008542412883,     -0.1881945399,                 0,                 0,                 0,    -0.06933358892,     0.01264582227,      -0.187963403,                 0,      -22.03060687
          0,           0,         157,      -5.865411769,      -6.538601822,      -6.470655383,      -5.307905642,             0.448,    0.008536128951,     -0.1882144489,                 0,                 0,                 0,     -0.0693415439,     0.01263997415,     -0.1879834443,                 0,      -22.04915717
          0,           0,         158,      -5.884824208,      -6.548361147,      -6.489351325,      -5.327192639,             0.448,    0.008530004483,     -0.1882315818,                 0,                 0,                 0,    -0.06934895113,     0.01263422489,     -0.1880007068,                 0,      -22.06699682
          0,           0,         159,      -5.905155879,       -6.55959177,       -6.50741699,      -5.347323588,             0.448,    0.008524005543,     -0.1882457712,                 0,                 0,                 0,    -0.06935571658,     0.01262853692,     -0.1880150236,                 0,      -22.08419155
          0,           0,         160,      -5.926346104,      -6.572393367,      -6.525004516,      -5.368280531,             0.448,    0.008518148556,      -0.188257125,                 0,                 0,                 0,    -0.06936191349,     0.01262292901,     -0.1880265025,                 0,       -22.1007093
          0,           0,         161,      -5.948040853,      -6.585447005,       -6.54271656,      -5.389767918,             0.448,    0.008512455323,     -0.1882659957,                 0,                 0,                 0,    -0.06936767787,     0.01261743064,     -0.1880354953,                 0,       -22.1165326
          0,           0,         162,      -5.970075021,      -6.597825276,      -6.561307429,      -5.411626124,             0.448,    0.008506930172,     -0.1882726779,                 0,                 0,                 0,    -0.06937309513,     0.01261205258,     -0.1880422964,                 0,      -22.13168254
          0,           0,         163,      -5.992483961,      -6.609515772,      -6.581361621,      -5.433876313,             0.448,     0.00850157879,     -0.1882774464,                 0,                 0,                 0,    -0.06937825241,     0.01260680649,     -0.1880471805,                 0,      -22.14617439
          0,           0,         164,      -6.015353641,       -6.62092624,      -6.603013239,      -5.456595175,             0.448,    0.008496405823,     -0.1882805264,                 0,                 0,                 0,    -0.06938321808,     0.01260170195,     -0.1880503726,                 0,       -22.1600204
          0,           0,         165,      -6.038751965,      -6.632438419,      -6.626003976,      -5.479847559,             0.448,    0.008491411106,     -0.1882820649,                 0,                 0,                 0,    -0.06938801495,     0.01259674198,     -0.1880520197,                 0,      -22.17323629
          0,           0,         166,      -6.062722612,      -6.644326397,      -6.649913192,      -5.503678429,             0.448,    0.008486596082,     -0.1882821922,                 0,                 0,                 0,    -0.06939265959,     0.01259193088,     -0.1880522521,                 0,      -22.18583168
          0,           0,         167,      -6.087291404,      -6.656726541,       -6.67437788,      -5.528116329,             0.448,    0.008481966454,     -0.1882810746,                 0,                 0,                 0,    -0.06939718896,     0.01258727797,     -0.1880512357,                 0,       -22.1978094
          0,           0,         168,      -6.112471283,      -6.669608714,      -6.699180906,      -5.553175603,             0.448,    0.008477528615,     -0.1882789139,                 0,                 0,                 0,    -0.06940165955,     0.01258279405,     -0.1880491723,                 0,      -22.20917468
          0,           0,         169,      -6.138270276,      -6.682828237,      -6.724233176,      -5.578864136,             0.448,    0.008473287098,      -0.188275922,                 0,                 0,                 0,    -0.06940612439,     0.01257848828,     -0.1880462737,                 0,      -22.21993895
          0,           0,         170,      -6.164711094,      -6.696227535,      -6.749537321,      -5.605204862,             0.448,    0.008469261898,     -0.1882721788,                 0,                 0,                 0,    -0.06941062749,     0.01257438238,     -0.1880426192,                 0,      -22.23005748
          0,           0,         171,      -6.192263576,      -6.709562042,      -6.775192746,       -5.63271476,             0.448,    0.008465477013,      -0.188268407,                 0,                 0,                 0,    -0.06941538188,     0.01257051611,     -0.1880389308,                 0,       -22.2395509
          0,           0,         172,       -6.22039978,      -6.722485471,       -6.80104845,      -5.660800352,             0.448,    0.008461898706,     -0.1882645938,                 0,                 0,                 0,    -0.06942030503,     0.01256685547,     -0.1880351965,                 0,      -22.24850477
          0,           0,         173,      -6.249359229,      -6.735184853,      -6.827425575,      -5.689613131,             0.448,    0.008458505688,     -0.1882606264,                 0,                 0,                 0,    -0.06942531323,     0.01256337671,     -0.1880313042,                 0,      -22.25696043
          0,           0,         174,       -6.27915319,      -6.747920198,        -6.8543199,      -5.719205343,             0.448,    0.008455307743,     -0.1882566891,                 0,                 0,                 0,    -0.06943045755,     0.01256009364,     -0.1880274376,                 0,      -22.26491274
          0,           0,         175,      -6.309644081,      -6.760657505,      -6.881493446,      -5.749493329,             0.448,    0.008452304667,     -0.1882529503,                 0,                 0,                 0,    -0.06943575264,     0.01255700971,     -0.1880237651,                 0,      -22.27238105
          0,           0,         176,      -6.340789557,      -6.773296225,      -6.908640015,      -5.780449909,             0.448,    0.008449488746,     -0.1882494934,                 0,                 0,                 0,    -0.06944117101,     0.01255411905,     -0.1880203705,                 0,      -22.27939454
          0,           0,         177,      -6.372596695,      -6.785875565,      -6.935556368,      -5.812083963,             0.448,    0.008446857563,     -0.1882463979,                 0,                 0,                 0,    -0.06944669671,     0.01255142097,     -0.1880173331,                 0,      -22.28596806
          0,           0,         178,      -6.405022279,      -6.798419517,      -6.962131614,      -5.844354188,             0.448,    0.008444409079,     -0.1882437381,                 0,                 0,                 0,    -0.06945231601,     0.01254891504,     -0.1880147274,                 0,      -22.29211498
          0,           0,         179,      -6.437961115,      -6.810929835,      -6.988275117,      -5.877157823,             0.448,    0.008442138378,     -0.1882415562,                 0,                 0,                 0,    -0.06945800196,     0.01254659728,     -0.1880125955,                 0,      -22.29785248
          0,           0,         180,      -6.471262473,      -6.823459988,      -7.013866401,      -5.910348943,             0.448,     0.00844003926,      -0.188239868,                 0,                 0,                 0,    -0.06946372048,     0.01254446184,     -0.1880109535,                 0,      -22.30319815
          0,           0,         181,       -6.50473645,      -6.836075022,      -7.038753289,      -5.943745363,             0.448,    0.008438105436,     -0.1882386828,                 0,                 0,                 0,     -0.0694694386,     0.01254250262,     -0.1880098108,                 0,      -22.30816909
          0,           0,         182,      -6.538143624,      -6.848818716,      -7.062766048,       -5.97711729,             0.448,    0.008436330218,      -0.188238005,                 0,                 0,                 0,    -0.06947512677,     0.01254071304,     -0.1880091719,                 0,      -22.31278294
          0,           0,         183,      -6.571181838,      -6.861726761,      -7.085749235,      -6.010173906,             0.448,    0.008434706705,      -0.188237833,                 0,                 0,                 0,     -0.0694807577,     0.01253908616,     -0.1880090353,                 0,      -22.31705732
          0,           0,         184,      -6.603474831,      -6.874847802,      -7.107566449,      -6.042551831,             0.448,    0.008433227862,     -0.1882381599,                 0,                 0,                 0,    -0.06948630646,      0.0125376148,     -0.1880093944,                 0,      -22.32100958
          0,           0,         185,       -6.63457297,      -6.888244981,      -7.128102438,      -6.073815397,             0.448,    0.008431886588,      -0.188238973,                 0,                 0,                 0,       -0.06949175,     0.01253629158,     -0.1880102366,                 0,      -22.32465665
          0,           0,         186,      -6.663973086,       -6.90198768,      -7.147267417,       -6.10347481,             0.448,     0.00843067587,     -0.1882402496,                 0,                 0,                 0,    -0.06949706588,       0.012535109,     -0.1880115393,                 0,      -22.32801409
          0,           0,         187,      -6.691150239,      -6.916144996,      -7.165009416,      -6.131014232,             0.448,    0.008429588545,     -0.1882419631,                 0,                 0,                 0,    -0.06950223391,     0.01253405931,     -0.1880132761,                 0,      -22.33109743
          0,           0,         188,      -6.715601882,      -6.930781972,      -7.181325142,      -6.155931812,             0.448,    0.008428617614,     -0.1882440838,                 0,                 0,                 0,    -0.06950723652,     0.01253313488,     -0.1880154175,                 0,      -22.33392146
          0,           0,         189,      -6.736903812,      -6.945955657,      -7.196258473,      -6.177793358,             0.448,    0.008427756664,     -0.1882465813,                 0,                 0,                 0,    -0.06951205904,     0.01253232862,     -0.1880179332,                 0,      -22.33649936
          0,           0,         190,      -6.754769407,      -6.961709832,      -7.209888607,      -6.196290268,             0.448,    0.008426999933,     -0.1882494252,                 0,                 0,                 0,    -0.06951668988,      0.0125316341,     -0.1880207929,                 0,      -22.33884262
          0,           0,         191,      -6.769095721,       -6.97807084,      -7.222318719,      -6.211286647,             0.448,    0.008426342106,     -0.1882525858,                 0,                 0,                 0,    -0.06952112022,     0.01253104538,     -0.1880239671,                 0,      -22.34096165
          0,           0,         192,      -6.779982406,      -6.995046982,      -7.233666039,      -6.222843176,             0.448,    0.008425778437,     -0.1882560357,                 0,                 0,                 0,    -0.06952534448,     0.01253055711,     -0.1880274285,                 0,      -22.34286566
          0,           0,         193,      -6.787716897,      -7.012631907,      -7.244058472,        -6.2312091,             0.448,    0.008425304553,     -0.1882597491,                 0,                 0,                 0,    -0.06952935957,     0.01253016434,     -0.1880311514,                 0,      -22.34456309
          0,           0,         194,      -6.792729251,      -7.030809277,      -7.253634972,      -6.236783232,             0.448,    0.008424916253,     -0.1882637015,                 0,                 0,                 0,    -0.06953316434,     0.01252986236,     -0.1880351112,                 0,      -22.34606206
          0,           0,         195,        -6.7955317,      -7.049558503,      -7.262540843,      -6.240057425,             0.448,    0.008424609462,     -0.1882678706,                 0,                 0,                 0,    -0.06953675962,     0.01252964659,     -0.1880392861,                 0,       -22.3473707
          0,           0,         196,        -6.7966602,      -7.068858079,      -7.270922968,      -6.241559188,             0.448,    0.008424380285,      -0.188272236,                 0,                 0,                 0,     -0.0695401476,     0.01252951269,     -0.1880436554,                 0,      -22.34849682
          0,           0,         197,      -6.796626221,      -7.088687539,      -7.278924076,      -6.241800798,             0.448,    0.008424224873,     -0.1882767803,                 0,                 0,                 0,    -0.06954333197,     0.01252945645,      -0.188048202,                 0,      -22.34944854
          0,           0,         198,      -6.795877178,      -7.109028735,      -7.286669545,      -6.241236447,             0.448,     0.00842413949,     -0.1882814849,                 0,                 0,                 0,    -0.06954631708,     0.01252947372,     -0.1880529074,                 0,      -22.35023353
          0,           0,         199,      -6.794800651,      -7.129866526,      -7.294281771,      -6.240266079,             0.448,    0.008424120634,     -0.1882863354,                 0,                 0,                 0,    -0.06954910813,     0.01252956068,     -0.1880577571,                 0,      -22.35085935
          0,           0,         200,      -6.793705239,      -7.151185336,      -7.301844804,      -6.239210451,             0.448,    0.008424164997,     -0.1882913187,                 0,                 0,                 0,    -0.06955171079,     0.01252971374,     -0.1880627382,                 0,      -22.35133319
          0,           0,         201,      -6.792830117,      -7.172968648,      -7.309434307,      -6.238320626,             0.448,    0.008424269437,     -0.1882964214,                 0,                 0,                 0,    -0.06955413089,     0.01252992947,     -0.1880678375,                 0,       -22.3516618
          0,           0,         202,      -6.792356508,      -7.195197667,      -7.317123285,      -6.237789267,             0.448,    0.008424430781,     -0.1883016314,                 0,                 0,                 0,    -0.06955637487,     0.01253020443,     -0.1880730427,                 0,      -22.35185216
          0,           0,         203,      -6.792415323,      -7.217853358,      -7.324966422,      -6.237756978,             0.448,     0.00842464594,     -0.1883069383,                 0,                 0,                 0,    -0.06955844947,     0.01253053531,     -0.1880783436,                 0,      -22.35191124
          0,           0,         204,      -6.793098439,      -7.240916508,       -7.33299613,      -6.238323674,             0.448,    0.008424912001,     -0.1883123322,                 0,                 0,                 0,    -0.06956036128,     0.01253091898,     -0.1880837305,                 0,       -22.3518456
          0,           0,         205,      -6.794468873,      -7.264364002,      -7.341250812,       -6.23955892,             0.448,    0.008425226085,     -0.1883178043,                 0,                 0,                 0,    -0.06956211703,     0.01253135236,     -0.1880891944,                 0,      -22.35166183
          0,           0,         206,      -6.796563709,      -7.288167503,      -7.349752058,      -6.241505189,             0.448,    0.008425585335,     -0.1883233465,                 0,                 0,                 0,    -0.06956372375,     0.01253183243,     -0.1880947275,                 0,      -22.35136658
          0,           0,         207,      -6.799402344,      -7.312292584,      -7.358512499,      -6.244186094,             0.448,     0.00842598694,     -0.1883289516,                 0,                 0,                 0,    -0.06956518835,     0.01253235621,     -0.1881003225,                 0,      -22.35096648
          0,           0,         208,      -6.802989756,      -7.336695819,      -7.367528801,      -6.247609836,             0.448,    0.008426428163,     -0.1883346119,                 0,                 0,                 0,    -0.06956651739,     0.01253292081,     -0.1881059718,                 0,      -22.35046786
          0,           0,         209,      -6.807321885,      -7.361322224,      -7.376798964,      -6.251775085,             0.448,    0.008426906259,     -0.1883403197,                 0,                 0,                 0,    -0.06956771746,      0.0125335233,     -0.1881116678,                 0,      -22.34987716
          0,           0,         210,      -6.812387976,      -7.386101728,      -7.386324231,      -6.256672779,             0.448,    0.008427418519,     -0.1883460688,                 0,                 0,                 0,    -0.06956879496,     0.01253416086,     -0.1881174044,                 0,      -22.34920081
          0,           0,         211,      -6.818174594,      -7.410946436,      -7.396100053,      -6.262290909,             0.448,    0.008427962247,     -0.1883518531,                 0,                 0,                 0,    -0.06956975609,     0.01253483064,     -0.1881231755,                 0,      -22.34844528
          0,           0,         212,      -6.824656926,      -7.435753495,      -7.406119854,       -6.26860548,             0.448,    0.008428534816,     -0.1883576655,                 0,                 0,                 0,     -0.0695706068,     0.01253552987,      -0.188128974,                 0,      -22.34761671
          0,           0,         213,      -6.831811473,      -7.460399665,      -7.416376436,      -6.275593571,             0.448,     0.00842913374,     -0.1883635009,                 0,                 0,                 0,    -0.06957135341,     0.01253625595,     -0.1881347949,                 0,      -22.34672111
          0,           0,         214,      -6.839611525,      -7.484730161,      -7.426842783,      -6.283229694,             0.448,    0.008429756154,     -0.1883693516,                 0,                 0,                 0,     -0.0695720006,     0.01253700585,     -0.1881406306,                 0,      -22.34576519
          0,           0,         215,      -6.848028084,      -7.508563688,      -7.437480552,      -6.291485601,             0.448,    0.008430399384,     -0.1883752108,                 0,                 0,                 0,    -0.06957255329,     0.01253777674,     -0.1881464744,                 0,      -22.34475524
          0,           0,         216,      -6.857032429,      -7.531694084,      -7.448257163,      -6.300332931,             0.448,    0.008431060905,     -0.1883810721,                 0,                 0,                 0,    -0.06957301634,     0.01253856597,     -0.1881523199,                 0,      -22.34369723
          0,           0,         217,      -6.866594623,      -7.553895274,      -7.459149802,      -6.309742276,             0.448,    0.008431738199,     -0.1883869291,                 0,                 0,                 0,    -0.06957339417,     0.01253937087,     -0.1881581607,                 0,      -22.34259705
          0,           0,         218,      -6.876682967,      -7.574927479,      -7.470139729,      -6.319682579,             0.448,    0.008432428812,     -0.1883927747,                 0,                 0,                 0,     -0.0695736909,     0.01254018884,     -0.1881639899,                 0,      -22.34146044
          0,           0,         219,      -6.887264586,      -7.594546179,      -7.481202553,      -6.330121532,             0.448,     0.00843313035,     -0.1883986021,                 0,                 0,                 0,    -0.06957391041,     0.01254101734,     -0.1881698006,                 0,      -22.34029291
          0,           0,         220,      -6.898304759,      -7.612513952,      -7.492315357,      -6.341025055,             0.448,    0.008433840536,     -0.1884044037,                 0,                 0,                 0,    -0.06957405625,     0.01254185392,     -0.1881755853,                 0,       -22.3390996
          0,           0,         221,      -6.909768098,      -7.628616618,      -7.503450957,      -6.352358714,             0.448,    0.008434557181,     -0.1884101718,                 0,                 0,                 0,     -0.0695741319,     0.01254269622,     -0.1881813364,                 0,      -22.33788541
          0,           0,         222,      -6.921617765,      -7.642678104,      -7.514579574,      -6.364086546,             0.448,    0.008435278129,      -0.188415899,                 0,                 0,                 0,    -0.06957414089,     0.01254354194,     -0.1881870465,                 0,      -22.33665519
          0,           0,         223,      -6.933816282,      -7.654580403,      -7.525673071,      -6.376171872,             0.448,    0.008436001371,      -0.188421578,                 0,                 0,                 0,    -0.06957408649,     0.01254438889,     -0.1881927084,                 0,       -22.3354134
          0,           0,         224,      -6.946324903,      -7.664277698,      -7.536706102,      -6.388576852,             0.448,    0.008436725025,     -0.1884272011,                 0,                 0,                 0,    -0.06957397184,     0.01254523504,     -0.1881983144,                 0,       -22.3341641
          0,           0,         225,      -6.959103305,      -7.671799716,      -7.547654365,      -6.401262248,             0.448,     0.00843744729,     -0.1884327609,                 0,                 0,                 0,    -0.06957380002,     0.01254607842,     -0.1882038571,                 0,      -22.33291118
          0,           0,         226,      -6.972109933,      -7.677247967,      -7.558493254,      -6.414187651,             0.448,    0.008438166461,     -0.1884382501,                 0,                 0,                 0,    -0.06957357413,     0.01254691717,     -0.1882093292,                 0,       -22.3316583
          0,           0,         227,      -6.985302208,      -7.680787575,      -7.569198639,      -6.427311592,             0.448,    0.008438880936,     -0.1884436615,                 0,                 0,                 0,    -0.06957329718,     0.01254774952,     -0.1882147238,                 0,      -22.33040884
          0,           0,         228,      -6.998636502,      -7.682632456,       -7.57974827,      -6.440591523,             0.448,    0.008439589217,     -0.1884489882,                 0,                 0,                 0,    -0.06957297218,     0.01254857384,     -0.1882200338,                 0,      -22.32916595
          0,           0,         229,      -7.012068236,      -7.683027642,      -7.590122447,      -6.453983916,             0.448,    0.008440289898,     -0.1884542235,                 0,                 0,                 0,    -0.06957260207,     0.01254938856,     -0.1882252526,                 0,      -22.32793255
          0,           0,         230,      -7.025552216,      -7.682232811,      -7.600304079,      -6.467444557,             0.448,    0.008440981702,     -0.1884593612,                 0,                 0,                 0,    -0.06957218994,     0.01255019227,     -0.1882303739,                 0,      -22.32671126
          0,           0,         231,      -7.039042801,      -7.680507713,      -7.610279299,      -6.480928664,             0.448,    0.008441663446,     -0.1884643954,                 0,                 0,                 0,    -0.06957173887,     0.01255098368,     -0.1882353921,                 0,      -22.32550452
          0,           0,         232,      -7.052494394,      -7.678099306,      -7.620037499,       -6.49439136,             0.448,    0.008442334033,     -0.1884693208,                 0,                 0,                 0,    -0.06957125194,     0.01255176155,     -0.1882403017,                 0,      -22.32431459
          0,           0,         233,      -7.065861926,       -7.67523381,      -7.629571062,      -6.507788106,             0.448,    0.008442992454,     -0.1884741327,                 0,                 0,                 0,     -0.0695707323,     0.01255252479,      -0.188245098,                 0,      -22.32314357
          0,           0,         234,      -7.079101381,      -7.672112513,      -7.638875813,      -6.521075151,             0.448,    0.008443637789,     -0.1884788267,                 0,                 0,                 0,    -0.06957018313,     0.01255327237,     -0.1882497768,                 0,      -22.32199336
          0,           0,         235,      -7.092170462,      -7.668910246,      -7.647951467,       -6.53421016,             0.448,    0.008444269192,     -0.1884833988,                 0,                 0,                 0,    -0.06956960754,     0.01255400336,     -0.1882543341,                 0,      -22.32086573
          0,           0,         236,       -7.10502907,      -7.665775724,       -7.65680173,      -6.547152661,             0.448,    0.008444885894,     -0.1884878458,                 0,                 0,                 0,    -0.06956900871,     0.01255471693,     -0.1882587666,                 0,       -22.3197623
          0,           0,         237,      -7.117640098,      -7.662833703,      -7.665434067,      -6.559864827,             0.448,    0.008445487208,      -0.188492165,                 0,                 0,                 0,    -0.06956838981,     0.01255541232,     -0.1882630717,                 0,      -22.31868457
          0,           0,         238,      -7.129970063,      -7.660186844,       -7.67385905,      -6.572312093,             0.448,    0.008446072537,     -0.1884963545,                 0,                 0,                 0,    -0.06956775399,      0.0125560889,     -0.1882672473,                 0,      -22.31763386
          0,           0,         239,      -7.141989796,      -7.657918214,      -7.682090642,      -6.584463846,             0.448,    0.008446641348,     -0.1885004124,                 0,                 0,                 0,    -0.06956710435,      0.0125567461,     -0.1882712919,                 0,      -22.31661138
          0,           0,         240,       -7.15367495,      -7.656093971,      -7.690145099,      -6.596293948,             0.448,    0.008447193176,     -0.1885043381,                 0,                 0,                 0,    -0.06956644396,     0.01255738344,     -0.1882752046,                 0,      -22.31561824
          0,           0,         241,      -7.165006802,      -7.654765843,      -7.698041185,      -6.607781605,             0.448,    0.008447727626,     -0.1885081311,                 0,                 0,                 0,    -0.06956577586,      0.0125580005,     -0.1882789851,                 0,      -22.31465543
          0,           0,         242,      -7.175971304,      -7.653974643,      -7.705799507,      -6.618910359,             0.448,    0.008448244373,     -0.1885117917,                 0,                 0,                 0,    -0.06956510295,     0.01255859698,     -0.1882826335,                 0,      -22.31372382
          0,           0,         243,      -7.186560228,      -7.653751072,      -7.713441888,      -6.629669527,             0.448,    0.008448743143,     -0.1885153203,                 0,                 0,                 0,    -0.06956442808,     0.01255917261,     -0.1882861504,                 0,      -22.31282418
          0,           0,         244,      -7.196771029,      -7.654117844,       -7.72099118,      -6.640053945,             0.448,    0.008449223722,     -0.1885187181,                 0,                 0,                 0,    -0.06956375396,      0.0125597272,     -0.1882895369,                 0,       -22.3119572
          0,           0,         245,      -7.206606671,      -7.655091307,      -7.728470691,      -6.650063906,             0.448,    0.008449685944,     -0.1885219865,                 0,                 0,                 0,    -0.06956308321,     0.01256026061,     -0.1882927945,                 0,      -22.31112349
          0,           0,         246,      -7.216075067,      -7.656682912,      -7.735903678,      -6.659704749,             0.448,    0.008450129698,     -0.1885251275,                 0,                 0,                 0,    -0.06956241831,     0.01256077278,      -0.188295925,                 0,      -22.31032354
          0,           0,         247,      -7.225188622,       -7.65889998,      -7.743312856,      -6.668986459,             0.448,    0.008450554917,     -0.1885281433,                 0,                 0,                 0,    -0.06956176157,     0.01256126368,     -0.1882989308,                 0,      -22.30955779
          0,           0,         248,      -7.233963782,      -7.661746401,      -7.750720112,       -6.67792325,             0.448,    0.008450961583,     -0.1885310363,                 0,                 0,                 0,    -0.06956111519,     0.01256173337,     -0.1883018143,                 0,      -22.30882657
          0,           0,         249,      -7.242420391,      -7.665223424,      -7.758146154,       -6.68653297,             0.448,    0.008451349718,     -0.1885338095,                 0,                 0,                 0,    -0.06956048117,      0.0125621819,     -0.1883045783,                 0,      -22.30813015
          0,           0,         250,      -7.250580895,       -7.66933034,      -7.765610073,      -6.694836342,             0.448,    0.008451719383,     -0.1885364655,                 0,                 0,                 0,    -0.06955986136,     0.01256260942,     -0.1883072256,                 0,      -22.30746869
          0,           0,         251,      -7.258469723,      -7.674065069,      -7.773129614,      -6.702856389,             0.448,    0.008452070669,     -0.1885390078,                 0,                 0,                 0,    -0.06955925749,     0.01256301608,     -0.1883097596,                 0,      -22.30684233
          0,           0,         252,      -7.266112297,       -7.67942455,      -7.780723664,      -6.710617394,             0.448,    0.008452403705,     -0.1885414397,                 0,                 0,                 0,    -0.06955867112,     0.01256340209,     -0.1883121837,                 0,      -22.30625113
          0,           0,         253,      -7.273535699,      -7.685404649,      -7.788406738,      -6.718145645,             0.448,    0.008452718657,     -0.1885437646,                 0,                 0,                 0,     -0.0695581036,     0.01256376769,     -0.1883145012,                 0,      -22.30569504
          0,           0,         254,      -7.280767304,      -7.692000573,      -7.796187729,      -6.725468011,             0.448,    0.008453015729,      -0.188545986,                 0,                 0,                 0,    -0.06955755613,     0.01256411315,     -0.1883167156,                 0,      -22.30517392
          0,           0,         255,       -7.28783367,      -7.699207449,        -7.8040793,      -6.732610828,             0.448,    0.008453295151,     -0.1885481073,                 0,                 0,                 0,    -0.06955702976,     0.01256443878,     -0.1883188303,                 0,      -22.30468758
          0,           0,         256,      -7.294760765,      -7.707020834,      -7.812091174,      -6.739600035,             0.448,    0.008453557173,     -0.1885501323,                 0,                 0,                 0,    -0.06955652542,     0.01256474491,     -0.1883208491,                 0,      -22.30423577
          0,           0,         257,       -7.30157379,      -7.715436426,      -7.820230626,      -6.746461009,             0.448,    0.008453802067,     -0.1885520644,                 0,                 0,                 0,    -0.06955604385,      0.0125650319,     -0.1883227753,                 0,      -22.30381819
          0,           0,         258,      -7.308297002,      -7.724449914,      -7.828503532,      -6.753218361,             0.448,    0.008454030128,     -0.1885539071,                 0,                 0,                 0,    -0.06955558567,      0.0125653001,     -0.1883246127,                 0,      -22.30343448
          0,           0,         259,      -7.314953511,       -7.73405703,      -7.836914668,      -6.759895695,             0.448,    0.008454241678,     -0.1885556639,                 0,                 0,                 0,    -0.06955515138,     0.01256554993,     -0.1883263645,                 0,      -22.30308419
          0,           0,         260,      -7.321566215,      -7.744254341,      -7.845466165,      -6.766516643,             0.448,    0.008454437097,     -0.1885573385,                 0,                 0,                 0,    -0.06955474148,     0.01256578183,     -0.1883280344,                 0,      -22.30276674
          0,           0,         261,      -7.328153883,      -7.755038458,      -7.854159338,      -6.773100493,             0.448,    0.008454616747,     -0.1885589344,                 0,                 0,                 0,    -0.06955435626,     0.01256599625,      -0.188329626,                 0,      -22.30248159
          0,           0,         262,      -7.334737066,      -7.766404545,      -7.863000884,      -6.779668463,             0.448,    0.008454780944,     -0.1885604548,                 0,                 0,                 0,    -0.06955399568,     0.01256619358,     -0.1883311424,                 0,      -22.30222829
          0,           0,         263,      -7.341334128,      -7.778349417,      -7.871994624,      -6.786239754,             0.448,    0.008454930077,      -0.188561903,                 0,                 0,                 0,    -0.06955365978,     0.01256637427,     -0.1883325871,                 0,       -22.3020062
          0,           0,         264,      -7.347960479,      -7.790872472,      -7.881137646,      -6.792830582,             0.448,    0.008455064542,     -0.1885632825,                 0,                 0,                 0,    -0.06955334853,     0.01256653879,     -0.1883339633,                 0,      -22.30181468
          0,           0,         265,      -7.354631697,      -7.803973068,      -7.890426713,      -6.799457457,             0.448,    0.008455184743,     -0.1885645962,                 0,                 0,                 0,    -0.06955306173,     0.01256668762,      -0.188335274,                 0,        -22.301653
          0,           0,         266,      -7.361362701,      -7.817646137,      -7.899856692,      -6.806136089,             0.448,    0.008455291109,     -0.1885658471,                 0,                 0,                 0,    -0.06955279914,     0.01256682125,     -0.1883365223,                 0,      -22.30152039
          0,           0,         267,       -7.36816718,      -7.831886438,      -7.909424994,      -6.812880877,             0.448,    0.008455384075,     -0.1885670381,                 0,                 0,                 0,    -0.06955256043,     0.01256694018,      -0.188337711,                 0,      -22.30141605
          0,           0,         268,      -7.375057942,      -7.846691122,      -7.919131333,      -6.819705344,             0.448,    0.008455464084,     -0.1885681722,                 0,                 0,                 0,    -0.06955234525,     0.01256704491,     -0.1883388431,                 0,      -22.30133914
          0,           0,         269,      -7.382047041,      -7.862057991,      -7.928974278,      -6.826622264,             0.448,    0.008455531591,      -0.188569252,                 0,                 0,                 0,    -0.06955215319,     0.01256713596,     -0.1883399212,                 0,       -22.3012888
          0,           0,         270,      -7.389145726,      -7.877984201,      -7.938950722,      -6.833643594,             0.448,    0.008455587057,     -0.1885702803,                 0,                 0,                 0,    -0.06955198381,     0.01256721384,      -0.188340948,                 0,      -22.30126412
          0,           0,         271,      -7.396364616,      -7.894466778,      -7.949057156,       -6.84078063,             0.448,    0.008455630949,     -0.1885712596,                 0,                 0,                 0,    -0.06955183664,     0.01256727909,     -0.1883419262,                 0,      -22.30126418
          0,           0,         272,      -7.403713895,      -7.911502969,      -7.959290244,      -6.848044174,             0.448,    0.008455663737,     -0.1885721926,                 0,                 0,                 0,    -0.06955171117,     0.01256733222,     -0.1883428582,                 0,      -22.30128804
          0,           0,         273,      -7.411203318,       -7.92908941,      -7.969647029,      -6.855444544,             0.448,    0.008455685897,     -0.1885730815,                 0,                 0,                 0,    -0.06955160685,     0.01256737377,     -0.1883437464,                 0,      -22.30133472
          0,           0,         274,      -7.418842253,       -7.94722139,      -7.980125211,      -6.862991633,             0.448,      0.0084556979,     -0.1885739288,                 0,                 0,                 0,    -0.06955152312,     0.01256740425,     -0.1883445932,                 0,      -22.30140327
          0,           0,         275,      -7.426639621,      -7.965892544,      -7.990722853,      -6.870694849,             0.448,    0.008455700222,     -0.1885747367,                 0,                 0,                 0,    -0.06955145938,     0.01256742419,     -0.1883454009,                 0,      -22.30149269
          0,           0,         276,      -7.434604023,      -7.985094767,      -8.001438181,      -6.878563242,             0.448,    0.008455693335,     -0.1885755074,                 0,                 0,                 0,    -0.06955141501,     0.01256743412,     -0.1883461716,                 0,        -22.301602
          0,           0,         277,      -7.442743783,      -8.004817625,      -8.012269797,      -6.886605544,             0.448,    0.008455677715,      -0.188576243,                 0,                 0,                 0,    -0.06955138938,     0.01256743455,     -0.1883469073,                 0,      -22.30173019
          0,           0,         278,      -7.451066938,      -8.025047321,      -8.023216945,      -6.894830164,             0.448,    0.008455653831,     -0.1885769455,                 0,                 0,                 0,    -0.06955138181,       0.012567426,     -0.1883476102,                 0,      -22.30187627
          0,           0,         279,      -7.459581263,      -8.045765794,      -8.034279474,      -6.903245203,             0.448,    0.008455622148,     -0.1885776168,                 0,                 0,                 0,    -0.06955139164,     0.01256740897,      -0.188348282,                 0,      -22.30203923
          0,           0,         280,      -7.468294296,      -8.066949842,      -8.045457659,      -6.911858485,             0.448,    0.008455583129,     -0.1885782587,                 0,                 0,                 0,    -0.06955141817,     0.01256738396,     -0.1883489247,                 0,      -22.30221806
          0,           0,         281,       -7.47721336,      -8.088570035,      -8.056752164,      -6.920677587,             0.448,     0.00845553723,      -0.188578873,                 0,                 0,                 0,    -0.06955146068,     0.01256735148,     -0.1883495398,                 0,      -22.30241177
          0,           0,         282,      -7.486345588,      -8.110589535,      -8.068164144,      -6.929709857,             0.448,    0.008455484897,     -0.1885794613,                 0,                 0,                 0,    -0.06955151846,     0.01256731199,     -0.1883501291,                 0,      -22.30261938
          0,           0,         283,      -7.495697935,      -8.132962729,      -8.079695292,      -6.938962437,             0.448,    0.008455426573,     -0.1885800252,                 0,                 0,                 0,    -0.06955159079,     0.01256726598,     -0.1883506941,                 0,      -22.30283991
          0,           0,         284,      -7.505277184,      -8.155633599,      -8.091347826,      -6.948442266,             0.448,    0.008455362689,     -0.1885805661,                 0,                 0,                 0,    -0.06955167693,     0.01256721391,     -0.1883512363,                 0,      -22.30307239
          0,           0,         285,      -7.515089962,      -8.178533933,      -8.103124378,      -6.958156099,             0.448,     0.00845529367,     -0.1885810855,                 0,                 0,                 0,    -0.06955177614,     0.01256715624,      -0.188351757,                 0,      -22.30331587
          0,           0,         286,      -7.525142747,      -8.201581666,      -8.115027923,      -6.968110517,             0.448,    0.008455219928,     -0.1885815846,                 0,                 0,                 0,     -0.0695518877,      0.0125670934,     -0.1883522576,                 0,      -22.30356941
          0,           0,         287,      -7.535441902,      -8.224679115,      -8.127061899,      -6.978311959,             0.448,     0.00845514187,     -0.1885820647,                 0,                 0,                 0,    -0.06955201086,     0.01256702584,     -0.1883527393,                 0,       -22.3038321
          0,           0,         288,      -7.545993692,      -8.247711586,       -8.13923021,      -6.988766744,             0.448,    0.008455059889,      -0.188582527,                 0,                 0,                 0,     -0.0695521449,     0.01256695396,     -0.1883532033,                 0,      -22.30410304
          0,           0,         289,       -7.55680429,      -8.270546609,       -8.15153717,      -6.999481081,             0.448,    0.008454974367,     -0.1885829726,                 0,                 0,                 0,    -0.06955228908,     0.01256687818,     -0.1883536506,                 0,      -22.30438135
          0,           0,         290,      -7.567879792,      -8.293034046,      -8.163987402,      -7.010461082,             0.448,    0.008454885676,     -0.1885834024,                 0,                 0,                 0,    -0.06955244269,     0.01256679889,     -0.1883540823,                 0,      -22.30466616
          0,           0,         291,      -7.579226232,      -8.315007325,      -8.176585726,      -7.021712782,             0.448,    0.008454794176,     -0.1885838175,                 0,                 0,                 0,    -0.06955260502,     0.01256671646,     -0.1883544993,                 0,      -22.30495664
          0,           0,         292,      -7.590849603,      -8.336286218,      -8.189337134,      -7.033242162,             0.448,    0.008454700215,     -0.1885842187,                 0,                 0,                 0,    -0.06955277536,     0.01256663128,     -0.1883549025,                 0,      -22.30525198
          0,           0,         293,      -7.602755876,      -8.356681743,      -8.202246804,      -7.045055167,             0.448,    0.008454604128,     -0.1885846069,                 0,                 0,                 0,      -0.069552953,     0.01256654368,     -0.1883552926,                 0,      -22.30555139
          0,           0,         294,      -7.614951013,       -8.37600329,      -8.215320099,       -7.05715772,             0.448,    0.008454506237,     -0.1885849827,                 0,                 0,                 0,    -0.06955313728,     0.01256645401,     -0.1883556705,                 0,      -22.30585411
          0,           0,         295,      -7.627440982,      -8.394067784,      -8.228562528,      -7.069555742,             0.448,    0.008454406853,      -0.188585347,                 0,                 0,                 0,    -0.06955332751,      0.0125663626,     -0.1883560368,                 0,      -22.30615941
          0,           0,         296,      -7.640231774,       -8.41071031,      -8.241979693,      -7.082255168,             0.448,    0.008454306273,     -0.1885857002,                 0,                 0,                 0,    -0.06955352304,     0.01256626975,     -0.1883563922,                 0,      -22.30646657
          0,           0,         297,      -7.653329411,      -8.425795228,      -8.255577236,      -7.095261957,             0.448,    0.008454204782,     -0.1885860431,                 0,                 0,                 0,    -0.06955372321,     0.01256617576,     -0.1883567372,                 0,      -22.30677491
          0,           0,         298,      -7.666739964,        -8.4392264,      -8.269360794,      -7.108582114,             0.448,    0.008454102651,     -0.1885863761,                 0,                 0,                 0,    -0.06955392741,     0.01256608092,     -0.1883570723,                 0,      -22.30708377
          0,           0,         299,      -7.680469557,      -8.450955006,      -8.283335958,      -7.122221693,             0.448,    0.008454000141,     -0.1885866997,                 0,                 0,                 0,    -0.06955413502,     0.01256598549,     -0.1883573981,                 0,      -22.30739254
          0,           0,         300,      -7.694524385,      -8.460983652,      -8.297508233,      -7.136186815,             0.448,    0.008453897498,     -0.1885870143,                 0,                 0,                 0,    -0.06955434545,     0.01256588973,     -0.1883577149,                 0,       -22.3077006
          0,           0,         301,      -7.708910711,      -8.469366075,      -8.311883003,      -7.150483671,             0.448,    0.008453794956,     -0.1885873203,                 0,                 0,                 0,    -0.06955455811,     0.01256579389,     -0.1883580231,                 0,      -22.30800739
          0,           0,         302,      -7.723634879,      -8.476202458,      -8.326465492,      -7.165118531,             0.448,    0.008453692736,     -0.1885876181,                 0,                 0,                 0,    -0.06955477245,     0.01256569819,      -0.188358323,                 0,      -22.30831236
          0,           0,         303,       -7.73870328,      -8.481631318,      -8.341260784,      -7.180097713,             0.448,     0.00845359105,      -0.188587908,                 0,                 0,                 0,    -0.06955498793,     0.01256560286,      -0.188358615,                 0,      -22.30861499
          0,           0,         304,      -7.754122394,      -8.485819064,      -8.356273777,      -7.195427632,             0.448,    0.008453490095,     -0.1885881902,                 0,                 0,                 0,    -0.06955520404,     0.01256550808,     -0.1883588994,                 0,      -22.30891478
          0,           0,         305,      -7.769898813,       -8.48894853,      -8.371508914,       -7.21111482,             0.448,    0.008453390054,     -0.1885884649,                 0,                 0,                 0,    -0.06955542027,     0.01256541406,     -0.1883591762,                 0,       -22.3092113
          0,           0,         306,      -7.786039178,      -8.491208515,      -8.386970158,      -7.227165866,             0.448,    0.008453291102,     -0.1885887324,                 0,                 0,                 0,    -0.06955563616,     0.01256532096,     -0.1883594458,                 0,      -22.30950409
          0,           0,         307,      -7.802550248,      -8.492785196,      -8.402661257,      -7.243587477,             0.448,    0.008453193403,     -0.1885889929,                 0,                 0,                 0,    -0.06955585126,     0.01256522897,     -0.1883597084,                 0,      -22.30979275
          0,           0,         308,      -7.819438704,      -8.493855637,      -8.418585757,      -7.260386294,             0.448,    0.008453097106,     -0.1885892465,                 0,                 0,                 0,    -0.06955606513,     0.01256513823,      -0.188359964,                 0,       -22.3100769
          0,           0,         309,      -7.836711248,      -8.494582707,        -8.4347467,         -7.277569,             0.448,    0.008453002351,     -0.1885894933,                 0,                 0,                 0,    -0.06955627737,     0.01256504888,     -0.1883602128,                 0,      -22.31035618
          0,           0,         310,      -7.854374521,      -8.495112287,      -8.451146484,      -7.295142229,             0.448,    0.008452909269,     -0.1885897334,                 0,                 0,                 0,     -0.0695564876,     0.01256496106,     -0.1883604549,                 0,      -22.31063027
          0,           0,         311,      -7.872435107,      -8.495572494,      -8.467786904,      -7.313112562,             0.448,    0.008452817978,      -0.188589967,                 0,                 0,                 0,    -0.06955669544,     0.01256487489,     -0.1883606905,                 0,      -22.31089886
          0,           0,         312,      -7.890899414,      -8.496073988,      -8.484669123,      -7.331486431,             0.448,    0.008452728589,     -0.1885901942,                 0,                 0,                 0,    -0.06955690058,     0.01256479047,     -0.1883609195,                 0,      -22.31116168
          0,           0,         313,      -7.909773589,      -8.496710748,      -8.501793494,      -7.350270034,             0.448,      0.0084526412,     -0.1885904149,                 0,                 0,                 0,    -0.06955710268,     0.01256470792,     -0.1883611421,                 0,      -22.31141846
          0,           0,         314,      -7.929063415,      -8.497561393,      -8.519159396,      -7.369469229,             0.448,    0.008452555901,     -0.1885906294,                 0,                 0,                 0,    -0.06955730146,     0.01256462732,     -0.1883613584,                 0,      -22.31166899
          0,           0,         315,      -7.948774183,      -8.498691012,      -8.536765178,      -7.389089412,             0.448,    0.008452472775,     -0.1885908375,                 0,                 0,                 0,    -0.06955749664,     0.01256454875,     -0.1883615683,                 0,      -22.31191304
          0,           0,         316,      -7.968910529,      -8.500153078,      -8.554608128,      -7.409135363,             0.448,    0.008452391892,     -0.1885910394,                 0,                 0,                 0,    -0.06955768798,      0.0125644723,     -0.1883617719,                 0,      -22.31215044
          0,           0,         317,      -7.989476226,      -8.501991135,      -8.572684369,      -7.429611043,             0.448,    0.008452313319,     -0.1885912352,                 0,                 0,                 0,    -0.06955787523,     0.01256439801,     -0.1883619693,                 0,      -22.31238101
          0,           0,         318,      -8.010473944,      -8.504240353,      -8.590988699,      -7.450519355,             0.448,    0.008452237112,     -0.1885914248,                 0,                 0,                 0,     -0.0695580582,     0.01256432596,     -0.1883621606,                 0,      -22.31260462
          0,           0,         319,      -8.031904944,      -8.506929009,      -8.609514412,      -7.471861849,             0.448,    0.008452163321,     -0.1885916083,                 0,                 0,                 0,    -0.06955823669,     0.01256425619,     -0.1883623457,                 0,      -22.31282113
          0,           0,         320,      -8.053768706,      -8.510079783,      -8.628253146,      -7.493638366,             0.448,    0.008452091987,     -0.1885917858,                 0,                 0,                 0,    -0.06955841053,     0.01256418874,     -0.1883625246,                 0,      -22.31303044
          0,           0,         321,      -8.076062481,      -8.513710921,      -8.647194719,      -7.515846596,             0.448,    0.008452023147,     -0.1885919572,                 0,                 0,                 0,    -0.06955857955,     0.01256412366,     -0.1883626975,                 0,      -22.31323245
          0,           0,         322,      -8.098780743,       -8.51783724,      -8.666326988,       -7.53848155,             0.448,    0.008451956832,     -0.1885921226,                 0,                 0,                 0,    -0.06955874363,     0.01256406097,     -0.1883628643,                 0,       -22.3134271
          0,           0,         323,      -8.121914538,      -8.522471001,      -8.685635688,      -7.561534914,             0.448,    0.008451893065,     -0.1885922821,                 0,                 0,                 0,    -0.06955890265,     0.01256400069,     -0.1883630251,                 0,      -22.31361431
          0,           0,         324,      -8.145450687,      -8.527622671,      -8.705104285,       -7.58499428,             0.448,    0.008451831866,     -0.1885924356,                 0,                 0,                 0,    -0.06955905648,     0.01256394286,       -0.18836318,                 0,      -22.31379405
          0,           0,         325,      -8.169370839,      -8.533301585,      -8.724713834,      -7.608842221,             0.448,    0.008451773247,     -0.1885925833,                 0,                 0,                 0,    -0.06955920504,     0.01256388748,     -0.1883633289,                 0,      -22.31396628
          0,           0,         326,      -8.193650358,      -8.539516497,      -8.744442852,      -7.633055196,             0.448,    0.008451717218,     -0.1885927251,                 0,                 0,                 0,    -0.06955934826,     0.01256383456,     -0.1883634719,                 0,      -22.31413099
          0,           0,         327,      -8.218256997,      -8.546276021,      -8.764267194,      -7.657602265,             0.448,    0.008451663782,     -0.1885928612,                 0,                 0,                 0,    -0.06955948606,      0.0125637841,     -0.1883636091,                 0,      -22.31428817
          0,           0,         328,      -8.243149383,      -8.553588974,      -8.784159927,      -7.682443596,             0.448,    0.008451612936,     -0.1885929915,                 0,                 0,                 0,    -0.06955961839,     0.01256373611,     -0.1883637406,                 0,      -22.31443784
          0,           0,         329,      -8.268275283,      -8.561464621,      -8.804091211,      -7.707528776,             0.448,    0.008451564674,     -0.1885931163,                 0,                 0,                 0,    -0.06955974523,     0.01256369058,     -0.1883638663,                 0,      -22.31458003
          0,           0,         330,      -8.293569703,      -8.569912797,      -8.824028145,      -7.732794941,             0.448,     0.00845151898,     -0.1885932354,                 0,                 0,                 0,    -0.06955986655,      0.0125636475,     -0.1883639864,                 0,      -22.31471477
          0,           0,         331,       -8.31895287,      -8.578943931,      -8.843934631,      -7.758164788,             0.448,    0.008451475836,     -0.1885933491,                 0,                 0,                 0,    -0.06955998236,     0.01256360684,      -0.188364101,                 0,      -22.31484214
          0,           0,         332,      -8.344328221,      -8.588568977,      -8.863771205,      -7.783544584,             0.448,    0.008451435215,     -0.1885934574,                 0,                 0,                 0,    -0.06956009266,     0.01256356859,     -0.1883642102,                 0,       -22.3149622
          0,           0,         333,      -8.369580612,      -8.598799214,      -8.883494896,       -7.80882236,             0.448,    0.008451397085,     -0.1885935605,                 0,                 0,                 0,    -0.06956019749,     0.01256353272,      -0.188364314,                 0,      -22.31507508
          0,           0,         334,      -8.394575008,      -8.609645994,      -8.903059118,      -7.833866556,             0.448,    0.008451361408,     -0.1885936584,                 0,                 0,                 0,    -0.06956029691,     0.01256349919,     -0.1883644127,                 0,      -22.31518087
          0,           0,         335,       -8.41915609,      -8.621120389,      -8.922413658,       -7.85852549,             0.448,    0.008451328138,     -0.1885937514,                 0,                 0,                 0,    -0.06956039097,     0.01256346795,     -0.1883645064,                 0,      -22.31527972
          0,           0,         336,      -8.443149244,      -8.633232804,      -8.941504801,       -7.88262814,             0.448,    0.008451297226,     -0.1885938395,                 0,                 0,                 0,    -0.06956047977,     0.01256343897,     -0.1883645952,                 0,      -22.31537177
          0,           0,         337,       -8.46636352,      -8.645992572,      -8.960275686,      -7.905986773,             0.448,    0.008451268617,      -0.188593923,                 0,                 0,                 0,     -0.0695605634,     0.01256341219,     -0.1883646793,                 0,      -22.31545719
          0,           0,         338,      -8.488597057,      -8.659407544,      -8.978666928,      -7.928401928,             0.448,    0.008451242252,     -0.1885940021,                 0,                 0,                 0,    -0.06956064197,     0.01256338756,     -0.1883647589,                 0,      -22.31553616
          0,           0,         339,      -8.509645327,      -8.673483758,      -8.996617603,      -7.949670122,             0.448,    0.008451218069,     -0.1885940768,                 0,                 0,                 0,     -0.0695607156,     0.01256336501,     -0.1883648342,                 0,      -22.31560886
          0,           0,         340,      -8.529312096,      -8.688225214,      -9.014066621,      -7.969594287,             0.448,    0.008451196001,     -0.1885941475,                 0,                 0,                 0,    -0.06956078444,     0.01256334449,     -0.1883649054,                 0,       -22.3156755
          0,           0,         341,      -8.547422458,      -8.703633849,      -9.030954562,      -7.987996354,             0.448,     0.00845117598,     -0.1885942143,                 0,                 0,                 0,    -0.06956084861,     0.01256332593,     -0.1883649726,                 0,      -22.31573627
          0,           0,         342,      -8.563836552,      -8.719709662,      -9.047225921,      -8.004730776,             0.448,    0.008451157935,     -0.1885942775,                 0,                 0,                 0,    -0.06956090828,     0.01256330927,     -0.1883650361,                 0,      -22.31579139
          0,           0,         343,      -8.578462048,      -8.736451081,      -9.062831699,      -8.019697162,             0.448,    0.008451141794,     -0.1885943371,                 0,                 0,                 0,    -0.06956096359,     0.01256329443,     -0.1883650961,                 0,      -22.31584107
          0,           0,         344,      -8.591263294,      -8.753855445,      -9.077732135,      -8.032849959,             0.448,    0.008451127483,     -0.1885943935,                 0,                 0,                 0,     -0.0695610147,     0.01256328136,     -0.1883651528,                 0,      -22.31588553
          0,           0,         345,      -8.602265375,      -8.771919601,      -9.091899312,      -8.044203372,             0.448,    0.008451114926,     -0.1885944468,                 0,                 0,                 0,    -0.06956106177,     0.01256326997,     -0.1883652064,                 0,        -22.315925
          0,           0,         346,      -8.611552274,      -8.790640431,      -9.105319302,      -8.053830543,             0.448,     0.00845110405,     -0.1885944973,                 0,                 0,                 0,    -0.06956110497,     0.01256326019,      -0.188365257,                 0,      -22.31595969
          0,           0,         347,      -8.619259473,      -8.810015308,      -9.117993545,      -8.061857132,             0.448,    0.008451094777,     -0.1885945451,                 0,                 0,                 0,    -0.06956114446,     0.01256325197,      -0.188365305,                 0,      -22.31598983
          0,           0,         348,      -8.625562415,      -8.830042339,      -9.129939234,      -8.068450533,             0.448,    0.008451087034,     -0.1885945904,                 0,                 0,                 0,    -0.06956118041,     0.01256324521,     -0.1883653505,                 0,      -22.31601564
          0,           0,         349,       -8.63066283,      -8.850720428,       -9.14118865,      -8.073806649,             0.448,    0.008451080746,     -0.1885946335,                 0,                 0,                 0,    -0.06956121298,     0.01256323986,     -0.1883653937,                 0,      -22.31603734
          0,           0,         350,      -8.634775025,      -8.872049108,      -9.151787531,      -8.078136275,             0.448,    0.008451075838,     -0.1885946744,                 0,                 0,                 0,    -0.06956124232,     0.01256323585,     -0.1883654347,                 0,      -22.31605514
          0,           0,         351,      -8.638113737,       -8.89402823,      -9.161792758,      -8.081652791,             0.448,    0.008451072238,     -0.1885947134,                 0,                 0,                 0,     -0.0695612686,      0.0125632331,     -0.1883654738,                 0,      -22.31606926
          0,           0,         352,      -8.640884572,      -8.916657503,      -9.171269607,      -8.084562256,             0.448,    0.008451069874,     -0.1885947506,                 0,                 0,                 0,    -0.06956129197,     0.01256323155,     -0.1883655111,                 0,      -22.31607991
          0,           0,         353,      -8.643277326,      -8.939935911,      -9.180288926,      -8.087056303,             0.448,    0.008451068675,     -0.1885947862,                 0,                 0,                 0,    -0.06956131258,     0.01256323113,     -0.1883655467,                 0,      -22.31608729
          0,           0,         354,      -8.645462039,      -8.963861073,      -9.188924479,      -8.089307771,             0.448,    0.008451068574,     -0.1885948204,                 0,                 0,                 0,    -0.06956133057,     0.01256323177,     -0.1883655808,                 0,       -22.3160916
          0,           0,         355,      -8.647587311,      -8.988428434,      -9.197250609,       -8.09146863,             0.448,    0.008451069501,     -0.1885948532,                 0,                 0,                 0,    -0.06956134609,     0.01256323342,     -0.1883656136,                 0,      -22.31609303
          0,           0,         356,      -8.649780311,      -9.013630307,      -9.205340327,      -8.093669679,             0.448,    0.008451071393,     -0.1885948848,                 0,                 0,                 0,    -0.06956135928,       0.012563236,     -0.1883656452,                 0,      -22.31609178
          0,           0,         357,      -8.652147925,      -9.039454735,      -9.213263831,      -8.096021453,             0.448,    0.008451074184,     -0.1885949153,                 0,                 0,                 0,    -0.06956137027,     0.01256323945,     -0.1883656756,                 0,      -22.31608802
          0,           0,         358,      -8.654778581,      -9.065884005,      -9.221087423,      -8.098615882,             0.448,    0.008451077813,     -0.1885949449,                 0,                 0,                 0,    -0.06956137919,     0.01256324373,     -0.1883657051,                 0,      -22.31608193
          0,           0,         359,      -8.657744403,      -9.092892819,      -9.228872787,      -8.101528331,             0.448,    0.008451082219,     -0.1885949736,                 0,                 0,                 0,    -0.06956138616,     0.01256324876,     -0.1883657337,                 0,      -22.31607369
          0,           0,         360,      -8.661103433,      -9.120446036,      -9.236676569,      -8.104819766,             0.448,    0.008451087344,     -0.1885950015,                 0,                 0,                 0,    -0.06956139131,     0.01256325449,     -0.1883657615,                 0,      -22.31606347
          0,           0,         361,       -8.66490178,      -9.148495838,      -9.244550186,      -8.108538873,             0.448,     0.00845109313,     -0.1885950288,                 0,                 0,                 0,    -0.06956139476,     0.01256326087,     -0.1883657887,                 0,      -22.31605141
          0,           0,         362,       -8.66917559,      -9.176978393,      -9.252539829,      -8.112724029,             0.448,    0.008451099522,     -0.1885950555,                 0,                 0,                 0,    -0.06956139661,     0.01256326784,     -0.1883658152,                 0,      -22.31603769
          0,           0,         363,        -8.6739528,      -9.205809853,      -9.260686587,      -8.117405071,             0.448,    0.008451106468,     -0.1885950816,                 0,                 0,                 0,    -0.06956139697,     0.01256327536,     -0.1883658412,                 0,      -22.31602244
          0,           0,         364,      -8.679254659,      -9.234881821,      -9.269026689,      -8.122604847,             0.448,    0.008451113916,     -0.1885951073,                 0,                 0,                 0,    -0.06956139595,     0.01256328336,     -0.1883658667,                 0,      -22.31600581
          0,           0,         365,      -8.685097035,      -9.264056446,      -9.277591786,      -8.128340543,             0.448,    0.008451121817,     -0.1885951326,                 0,                 0,                 0,    -0.06956139365,     0.01256329182,     -0.1883658918,                 0,      -22.31598795
          0,           0,         366,      -8.691491503,       -9.29316154,      -9.286409268,      -8.134624818,             0.448,    0.008451130123,     -0.1885951576,                 0,                 0,                 0,    -0.06956139017,     0.01256330066,     -0.1883659166,                 0,      -22.31596897
          0,           0,         367,      -8.698446256,      -9.321986297,      -9.295502613,      -8.141466737,             0.448,    0.008451138789,     -0.1885951823,                 0,                 0,                 0,    -0.06956138559,     0.01256330987,     -0.1883659411,                 0,      -22.31594901
          0,           0,         368,      -8.705966858,      -9.350278737,      -9.304891701,       -8.14887256,             0.448,     0.00845114777,     -0.1885952068,                 0,                 0,                 0,    -0.06956138001,     0.01256331938,     -0.1883659654,                 0,      -22.31592819
          0,           0,         369,       -8.71405685,      -9.377746201,      -9.314593144,      -8.156846376,             0.448,    0.008451157026,      -0.188595231,                 0,                 0,                 0,    -0.06956137351,     0.01256332916,     -0.1883659895,                 0,      -22.31590662
          0,           0,         370,      -8.722718248,      -9.404060698,       -9.32462057,      -8.165390623,             0.448,    0.008451166515,     -0.1885952552,                 0,                 0,                 0,    -0.06956136616,     0.01256333918,     -0.1883660134,                 0,      -22.31588442
          0,           0,         371,      -8.731951938,      -9.428870657,      -9.334984893,      -8.174506509,             0.448,    0.008451176199,     -0.1885952791,                 0,                 0,                 0,    -0.06956135806,     0.01256334938,     -0.1883660371,                 0,      -22.31586169
          0,           0,         372,      -8.741757986,        -9.4518203,      -9.345694542,      -8.184194339,             0.448,    0.008451186044,      -0.188595303,                 0,                 0,                 0,    -0.06956134927,     0.01256335974,     -0.1883660608,                 0,      -22.31583852
          0,           0,         373,       -8.75213588,       -9.47257599,      -9.356755665,      -8.194453778,             0.448,    0.008451196012,     -0.1885953268,                 0,                 0,                 0,    -0.06956133986,     0.01256337023,     -0.1883660844,                 0,      -22.31581501
          0,           0,         374,       -8.76308471,      -9.490857166,      -9.368172289,      -8.205284044,             0.448,    0.008451206073,     -0.1885953506,                 0,                 0,                 0,    -0.06956132989,     0.01256338081,     -0.1883661079,                 0,      -22.31579126
          0,           0,         375,      -8.774603302,      -9.506466841,      -9.379946442,       -8.21668405,             0.448,    0.008451216196,     -0.1885953743,                 0,                 0,                 0,    -0.06956131944,     0.01256339144,     -0.1883661314,                 0,      -22.31576733
          0,           0,         376,      -8.786690294,      -9.519315391,      -9.392078239,      -8.228652503,             0.448,     0.00845122635,      -0.188595398,                 0,                 0,                 0,    -0.06956130856,     0.01256340211,     -0.1883661548,                 0,      -22.31574332
          0,           0,         377,      -8.799344183,      -9.529431895,      -9.404565938,      -8.241187951,             0.448,    0.008451236509,     -0.1885954216,                 0,                 0,                 0,    -0.06956129731,     0.01256341278,     -0.1883661783,                 0,      -22.31571929
          0,           0,         378,      -8.812563325,      -9.536959975,      -9.417405947,        -8.2542888,             0.448,    0.008451246647,     -0.1885954453,                 0,                 0,                 0,    -0.06956128575,     0.01256342344,     -0.1883662017,                 0,      -22.31569532
          0,           0,         379,      -8.826345898,      -9.542139563,      -9.430592799,      -8.267953283,             0.448,    0.008451256739,     -0.1885954689,                 0,                 0,                 0,    -0.06956127392,     0.01256343404,     -0.1883662251,                 0,      -22.31567147
          0,           0,         380,      -8.840689831,      -9.545278729,      -9.444119086,      -8.282179399,             0.448,    0.008451266763,     -0.1885954925,                 0,                 0,                 0,    -0.06956126187,     0.01256344458,     -0.1883662485,                 0,      -22.31564779
          0,           0,         381,      -8.855592683,      -9.546722316,      -9.457975367,      -8.296964802,             0.448,    0.008451276698,     -0.1885955161,                 0,                 0,                 0,    -0.06956124966,     0.01256345502,     -0.1883662719,                 0,      -22.31562435
          0,           0,         382,      -8.871051482,       -9.54682288,      -9.472150025,      -8.312306653,             0.448,    0.008451286524,     -0.1885955397,                 0,                 0,                 0,    -0.06956123732,     0.01256346536,     -0.1883662952,                 0,       -22.3156012
          0,           0,         383,      -8.887062517,      -9.545917916,      -9.486629117,      -8.328201418,             0.448,    0.008451296224,     -0.1885955633,                 0,                 0,                 0,    -0.06956122489,     0.01256347558,     -0.1883663186,                 0,      -22.31557838
          0,           0,         384,      -8.903621062,      -9.544314497,      -9.501396161,      -8.344644614,             0.448,     0.00845130578,     -0.1885955868,                 0,                 0,                 0,    -0.06956121242,     0.01256348564,     -0.1883663419,                 0,      -22.31555593
          0,           0,         385,      -8.920721048,      -9.542281064,      -9.516431932,      -8.361630483,             0.448,    0.008451315176,     -0.1885956104,                 0,                 0,                 0,    -0.06956119994,     0.01256349555,     -0.1883663652,                 0,      -22.31553391
          0,           0,         386,      -8.938354644,      -9.540044904,      -9.531714212,        -8.3791516,             0.448,    0.008451324399,     -0.1885956339,                 0,                 0,                 0,    -0.06956118748,     0.01256350528,     -0.1883663885,                 0,      -22.31551233
          0,           0,         387,      -8.956511761,      -9.537793426,      -9.547217566,      -8.397198391,             0.448,    0.008451333435,     -0.1885956573,                 0,                 0,                 0,    -0.06956117508,     0.01256351483,     -0.1883664118,                 0,      -22.31549125
          0,           0,         388,      -8.975179444,      -9.535677879,      -9.562913084,      -8.415758546,             0.448,    0.008451342273,     -0.1885956807,                 0,                 0,                 0,    -0.06956116277,     0.01256352418,      -0.188366435,                 0,      -22.31547068
          0,           0,         389,      -8.994341155,      -9.533818075,      -9.578768178,      -8.434816328,             0.448,    0.008451350901,      -0.188595704,                 0,                 0,                 0,    -0.06956115058,     0.01256353331,     -0.1883664581,                 0,      -22.31545066
          0,           0,         390,      -9.013975918,      -9.532307369,      -9.594746415,      -8.454351742,             0.448,    0.008451359309,     -0.1885957273,                 0,                 0,                 0,    -0.06956113853,     0.01256354222,     -0.1883664812,                 0,      -22.31543121
          0,           0,         391,      -9.034057323,      -9.531217589,      -9.610807432,      -8.474339565,             0.448,    0.008451367489,     -0.1885957504,                 0,                 0,                 0,    -0.06956112665,     0.01256355091,     -0.1883665041,                 0,      -22.31541235
          0,           0,         392,      -9.054552368,      -9.530603383,      -9.626906952,      -8.494748221,             0.448,    0.008451375431,     -0.1885957735,                 0,                 0,                 0,    -0.06956111496,     0.01256355935,      -0.188366527,                 0,       -22.3153941
          0,           0,         393,       -9.07542015,      -9.530506006,      -9.642996931,      -8.515538498,             0.448,    0.008451383129,     -0.1885957964,                 0,                 0,                 0,    -0.06956110349,     0.01256356754,     -0.1883665497,                 0,      -22.31537649
          0,           0,         394,       -9.09661039,      -9.530956527,      -9.659025928,      -8.536662101,             0.448,    0.008451390575,     -0.1885958191,                 0,                 0,                 0,    -0.06956109226,     0.01256357549,     -0.1883665723,                 0,      -22.31535952
          0,           0,         395,      -9.118061843,      -9.531978493,      -9.674939627,      -8.558060078,             0.448,    0.008451397763,     -0.1885958417,                 0,                 0,                 0,    -0.06956108128,     0.01256358316,     -0.1883665948,                 0,      -22.31534322
          0,           0,         396,      -9.139700618,      -9.533590034,      -9.690681571,      -8.579661154,             0.448,    0.008451404688,     -0.1885958641,                 0,                 0,                 0,    -0.06956107058,     0.01256359058,      -0.188366617,                 0,      -22.31532758
          0,           0,         397,      -9.161438505,      -9.535805606,       -9.70619413,      -8.601380051,             0.448,    0.008451411346,     -0.1885958863,                 0,                 0,                 0,    -0.06956106017,     0.01256359772,      -0.188366639,                 0,      -22.31531262
          0,           0,         398,      -9.183171447,      -9.538637111,      -9.721419627,      -8.623115929,             0.448,    0.008451417733,     -0.1885959083,                 0,                 0,                 0,    -0.06956105006,     0.01256360458,     -0.1883666608,                 0,      -22.31529836
          0,           0,         399,      -9.204778325,      -9.542094896,      -9.736301521,      -8.644751109,             0.448,    0.008451423845,     -0.1885959299,                 0,                 0,                 0,    -0.06956104028,     0.01256361116,     -0.1883666824,                 0,      -22.31528479
          0,           0,         400,      -9.226120359,      -9.546187965,      -9.750785632,      -8.666150361,             0.448,    0.008451429681,     -0.1885959513,                 0,                 0,                 0,    -0.06956103083,     0.01256361747,     -0.1883667036,                 0,      -22.31527191
          0,           0,         401,      -9.247041435,       -9.55092444,      -9.764821325,       -8.68716106,             0.448,    0.008451435239,     -0.1885959724,                 0,                 0,                 0,    -0.06956102172,     0.01256362348,     -0.1883667246,                 0,      -22.31525973
          0,           0,         402,      -9.267369796,      -9.556311095,      -9.778362514,      -8.707614617,             0.448,     0.00845144052,     -0.1885959932,                 0,                 0,                 0,    -0.06956101297,     0.01256362921,     -0.1883667452,                 0,      -22.31524824
          0,           0,         403,      -9.286921517,       -9.56235321,      -9.791368537,      -8.727329612,             0.448,    0.008451445523,     -0.1885960135,                 0,                 0,                 0,    -0.06956100458,     0.01256363466,     -0.1883667655,                 0,      -22.31523744
          0,           0,         404,      -9.305506171,      -9.569054003,      -9.803804862,      -8.746117034,             0.448,    0.008451450252,     -0.1885960336,                 0,                 0,                 0,    -0.06956099655,     0.01256363983,     -0.1883667854,                 0,      -22.31522732
          0,           0,         405,      -9.322934847,      -9.576414284,      -9.815643736,      -8.763787838,             0.448,    0.008451454708,     -0.1885960532,                 0,                 0,                 0,    -0.06956098889,     0.01256364471,     -0.1883668049,                 0,      -22.31521788
          0,           0,         406,      -9.339030313,      -9.584432096,      -9.826864795,       -8.78016267,             0.448,    0.008451458895,     -0.1885960724,                 0,                 0,                 0,    -0.06956098161,     0.01256364931,      -0.188366824,                 0,      -22.31520909
          0,           0,         407,      -9.353638604,      -9.593102676,      -9.837455673,      -8.795083184,             0.448,    0.008451462817,     -0.1885960911,                 0,                 0,                 0,     -0.0695609747,     0.01256365364,     -0.1883668427,                 0,      -22.31520096
          0,           0,         408,      -9.366640749,      -9.602418708,      -9.847412673,      -8.808423722,             0.448,    0.008451466478,     -0.1885961095,                 0,                 0,                 0,    -0.06956096815,      0.0125636577,     -0.1883668609,                 0,      -22.31519346
          0,           0,         409,      -9.377962935,      -9.612370805,      -9.856741415,      -8.820101779,             0.448,    0.008451469886,     -0.1885961274,                 0,                 0,                 0,    -0.06956096198,      0.0125636615,     -0.1883668787,                 0,      -22.31518658
          0,           0,         410,      -9.387583407,      -9.622948092,      -9.865457264,       -8.83008552,             0.448,    0.008451473044,     -0.1885961448,                 0,                 0,                 0,    -0.06956095617,     0.01256366504,     -0.1883668961,                 0,       -22.3151803
          0,           0,         411,      -9.395534817,      -9.634138969,      -9.873585513,      -8.838396979,             0.448,     0.00845147596,     -0.1885961618,                 0,                 0,                 0,    -0.06956095072,     0.01256366832,      -0.188366913,                 0,      -22.31517461
          0,           0,         412,      -9.401901561,      -9.645931579,       -9.88116107,      -8.845110321,             0.448,    0.008451478641,     -0.1885961782,                 0,                 0,                 0,    -0.06956094563,     0.01256367136,     -0.1883669294,                 0,      -22.31516948
          0,           0,         413,      -9.406812602,       -9.65831449,      -9.888227671,        -8.8503455,             0.448,    0.008451481092,     -0.1885961943,                 0,                 0,                 0,    -0.06956094088,     0.01256367416,     -0.1883669454,                 0,       -22.3151649
          0,           0,         414,      -9.410431039,      -9.671276775,      -9.894836581,      -8.854258423,             0.448,    0.008451483322,     -0.1885962098,                 0,                 0,                 0,    -0.06956093647,     0.01256367673,     -0.1883669609,                 0,      -22.31516085
          0,           0,         415,      -9.412942158,      -9.684808351,      -9.901044898,       -8.85702931,             0.448,    0.008451485338,     -0.1885962249,                 0,                 0,                 0,     -0.0695609324,     0.01256367908,     -0.1883669759,                 0,      -22.31515731
          0,           0,         416,      -9.414541579,       -9.69889989,      -9.906913597,       -8.85885086,             0.448,    0.008451487148,     -0.1885962394,                 0,                 0,                 0,    -0.06956092865,      0.0125636812,     -0.1883669904,                 0,      -22.31515426
          0,           0,         417,      -9.415424863,      -9.713542794,       -9.91250555,      -8.859917665,             0.448,    0.008451488758,     -0.1885962535,                 0,                 0,                 0,    -0.06956092522,     0.01256368312,     -0.1883670045,                 0,      -22.31515168
          0,           0,         418,      -9.415779287,      -9.728728993,      -9.917883678,      -8.860417636,             0.448,    0.008451490176,     -0.1885962672,                 0,                 0,                 0,    -0.06956092209,     0.01256368484,     -0.1883670181,                 0,      -22.31514954
          0,           0,         419,      -9.415778051,      -9.744450775,      -9.923109361,      -8.860525826,             0.448,    0.008451491411,     -0.1885962803,                 0,                 0,                 0,    -0.06956091926,     0.01256368636,     -0.1883670312,                 0,      -22.31514784
          0,           0,         420,      -9.415576818,      -9.760700601,      -9.928241109,      -8.860400572,             0.448,    0.008451492469,      -0.188596293,                 0,                 0,                 0,    -0.06956091672,     0.01256368769,     -0.1883670438,                 0,      -22.31514654
          0,           0,         421,      -9.415312133,      -9.777470947,       -9.93333377,      -8.860181594,             0.448,    0.008451493358,     -0.1885963052,                 0,                 0,                 0,    -0.06956091446,     0.01256368885,      -0.188367056,                 0,      -22.31514564
          0,           0,         422,      -9.415101327,      -9.794754131,       -9.93843785,      -8.859989609,             0.448,    0.008451494086,     -0.1885963169,                 0,                 0,                 0,    -0.06956091247,     0.01256368983,     -0.1883670677,                 0,      -22.31514511
          0,           0,         423,      -9.415043423,      -9.812542012,      -9.943599374,      -8.859927031,             0.448,    0.008451494659,     -0.1885963282,                 0,                 0,                 0,    -0.06956091074,     0.01256369065,      -0.188367079,                 0,      -22.31514493
          0,           0,         424,      -9.415220628,      -9.830825945,      -9.948859754,      -8.860079327,             0.448,    0.008451495086,     -0.1885963391,                 0,                 0,                 0,    -0.06956090926,     0.01256369131,     -0.1883670898,                 0,      -22.31514509
          0,           0,         425,      -9.415700177,      -9.849596261,      -9.954255959,      -8.860516761,             0.448,    0.008451495373,     -0.1885963495,                 0,                 0,                 0,    -0.06956090802,     0.01256369183,     -0.1883671002,                 0,      -22.31514556
          0,           0,         426,      -9.416536247,      -9.868842084,      -9.959820748,      -8.861296256,             0.448,    0.008451495527,     -0.1885963594,                 0,                 0,                 0,    -0.06956090701,      0.0125636922,     -0.1883671102,                 0,      -22.31514633
          0,           0,         427,      -9.417771831,      -9.888550854,       -9.96558291,      -8.862463245,             0.448,    0.008451495556,      -0.188596369,                 0,                 0,                 0,    -0.06956090623,     0.01256369244,     -0.1883671197,                 0,      -22.31514738
          0,           0,         428,      -9.419440485,      -9.908707835,      -9.971567646,      -8.864053424,             0.448,    0.008451495466,     -0.1885963781,                 0,                 0,                 0,    -0.06956090566,     0.01256369255,     -0.1883671289,                 0,       -22.3151487
          0,           0,         429,      -9.421567911,      -9.929295488,      -9.977796863,      -8.866094338,             0.448,    0.008451495265,     -0.1885963868,                 0,                 0,                 0,    -0.06956090529,     0.01256369253,     -0.1883671376,                 0,      -22.31515027
          0,           0,         430,      -9.424173318,      -9.950292948,      -9.984289499,      -8.868606773,             0.448,    0.008451494958,     -0.1885963951,                 0,                 0,                 0,    -0.06956090512,     0.01256369241,     -0.1883671459,                 0,      -22.31515206
          0,           0,         431,      -9.427270635,      -9.971674895,      -9.991061834,      -8.871605986,             0.448,    0.008451494552,     -0.1885964031,                 0,                 0,                 0,    -0.06956090513,     0.01256369218,     -0.1883671539,                 0,      -22.31515407
          0,           0,         432,      -9.430869513,      -9.993410989,      -9.998127797,      -8.875102742,             0.448,    0.008451494053,     -0.1885964106,                 0,                 0,                 0,    -0.06956090532,     0.01256369184,     -0.1883671614,                 0,      -22.31515628
          0,           0,         433,      -9.434976188,      -10.01546466,      -10.00549918,        -8.8791042,             0.448,    0.008451493469,     -0.1885964178,                 0,                 0,                 0,    -0.06956090568,     0.01256369142,     -0.1883671686,                 0,      -22.31515868
          0,           0,         434,        -9.4395942,      -10.03779218,      -10.01318597,      -8.883614654,             0.448,    0.008451492804,     -0.1885964247,                 0,                 0,                 0,    -0.06956090619,      0.0125636909,     -0.1883671755,                 0,      -22.31516124
          0,           0,         435,      -9.444724978,      -10.06034111,      -10.02119647,      -8.888636153,             0.448,    0.008451492065,     -0.1885964312,                 0,                 0,                 0,    -0.06956090686,      0.0125636903,      -0.188367182,                 0,      -22.31516396
          0,           0,         436,      -9.450368335,      -10.08304951,      -10.02953758,      -8.894169004,             0.448,    0.008451491258,     -0.1885964373,                 0,                 0,                 0,    -0.06956090767,     0.01256368963,     -0.1883671882,                 0,      -22.31516683
          0,           0,         437,      -9.456522878,      -10.10584448,      -10.03821493,       -8.90021221,             0.448,    0.008451490387,     -0.1885964432,                 0,                 0,                 0,    -0.06956090861,     0.01256368889,      -0.188367194,                 0,      -22.31516982
          0,           0,         438,      -9.463186328,      -10.12864081,      -10.04723308,      -8.906763799,             0.448,     0.00845148946,     -0.1885964487,                 0,                 0,                 0,    -0.06956090968,     0.01256368808,     -0.1883671996,                 0,      -22.31517292
          0,           0,         439,      -9.470355802,      -10.15134051,      -10.05659565,      -8.913821127,             0.448,     0.00845148848,      -0.188596454,                 0,                 0,                 0,    -0.06956091087,     0.01256368722,     -0.1883672049,                 0,      -22.31517613
          0,           0,         440,      -9.478028021,      -10.17383215,      -10.06630544,       -8.92138109,             0.448,    0.008451487453,     -0.1885964589,                 0,                 0,                 0,    -0.06956091216,      0.0125636863,     -0.1883672098,                 0,      -22.31517942
          0,           0,         441,      -9.486199501,      -10.19599095,      -10.07636457,      -8.929440333,             0.448,    0.008451486384,     -0.1885964636,                 0,                 0,                 0,    -0.06956091356,     0.01256368533,     -0.1883672145,                 0,       -22.3151828
          0,           0,         442,      -9.494866687,      -10.21767995,      -10.08677455,      -8.937995388,             0.448,    0.008451485277,      -0.188596468,                 0,                 0,                 0,    -0.06956091506,     0.01256368432,     -0.1883672189,                 0,      -22.31518624
          0,           0,         443,      -9.504026083,      -10.23875199,       -10.0975364,       -8.94704281,             0.448,    0.008451484138,     -0.1885964721,                 0,                 0,                 0,    -0.06956091664,     0.01256368327,     -0.1883672231,                 0,      -22.31518974
          0,           0,         444,      -9.513674333,      -10.25905324,      -10.10865068,      -8.956579268,             0.448,     0.00845148297,      -0.188596476,                 0,                 0,                 0,     -0.0695609183,     0.01256368219,      -0.188367227,                 0,      -22.31519329
          0,           0,         445,      -9.523808308,      -10.27842811,      -10.12011762,      -8.966601633,             0.448,    0.008451481778,     -0.1885964797,                 0,                 0,                 0,    -0.06956092004,     0.01256368108,     -0.1883672307,                 0,      -22.31519687
          0,           0,         446,      -9.534425158,       -10.2967256,      -10.13193708,      -8.977107036,             0.448,    0.008451480565,     -0.1885964832,                 0,                 0,                 0,    -0.06956092184,     0.01256367994,     -0.1883672342,                 0,      -22.31520048
          0,           0,         447,      -9.545522366,      -10.31380658,      -10.14410867,      -8.988092928,             0.448,    0.008451479336,     -0.1885964864,                 0,                 0,                 0,     -0.0695609237,     0.01256367878,     -0.1883672375,                 0,      -22.31520411
          0,           0,         448,      -9.557097784,      -10.32955156,      -10.15663173,      -8.999557114,             0.448,    0.008451478094,     -0.1885964894,                 0,                 0,                 0,    -0.06956092562,     0.01256367761,     -0.1883672406,                 0,      -22.31520775
          0,           0,         449,      -9.569149659,      -10.34386848,      -10.16950536,      -9.011497783,             0.448,    0.008451476843,     -0.1885964923,                 0,                 0,                 0,    -0.06956092759,     0.01256367642,     -0.1883672434,                 0,      -22.31521139
          0,           0,         450,      -9.581676659,      -10.35669883,      -10.18272848,       -9.02391354,             0.448,    0.008451475586,     -0.1885964949,                 0,                 0,                 0,    -0.06956092961,     0.01256367522,     -0.1883672461,                 0,      -22.31521502
          0,           0,         451,      -9.594677882,      -10.36802199,      -10.19629973,      -9.036803412,             0.448,    0.008451474325,     -0.1885964974,                 0,                 0,                 0,    -0.06956093166,     0.01256367401,     -0.1883672486,                 0,      -22.31521865
          0,           0,         452,      -9.608152865,      -10.37785658,      -10.21021755,      -9.050166863,             0.448,    0.008451473064,     -0.1885964998,                 0,                 0,                 0,    -0.06956093374,      0.0125636728,      -0.188367251,                 0,      -22.31522225
          0,           0,         453,        -9.6221016,      -10.38625904,      -10.22448017,      -9.064003805,             0.448,    0.008451471807,     -0.1885965019,                 0,                 0,                 0,    -0.06956093585,     0.01256367159,     -0.1883672532,                 0,      -22.31522583
          0,           0,         454,      -9.636524515,      -10.39331958,      -10.23908549,      -9.078314589,             0.448,    0.008451470554,      -0.188596504,                 0,                 0,                 0,    -0.06956093798,     0.01256367038,     -0.1883672553,                 0,      -22.31522938
          0,           0,         455,      -9.651422478,      -10.39915533,      -10.25403117,      -9.093100005,             0.448,    0.008451469309,     -0.1885965059,                 0,                 0,                 0,    -0.06956094012,     0.01256366918,     -0.1883672572,                 0,      -22.31523289
          0,           0,         456,      -9.666796784,      -10.40390361,      -10.26931446,      -9.108361272,             0.448,    0.008451468074,     -0.1885965076,                 0,                 0,                 0,    -0.06956094228,     0.01256366799,      -0.188367259,                 0,      -22.31523636
          0,           0,         457,      -9.682649137,      -10.40771323,      -10.28493228,      -9.124100021,             0.448,    0.008451466851,     -0.1885965093,                 0,                 0,                 0,    -0.06956094445,      0.0125636668,     -0.1883672606,                 0,      -22.31523978
          0,           0,         458,      -9.698981617,      -10.41073766,      -10.30088107,      -9.140318265,             0.448,    0.008451465643,     -0.1885965108,                 0,                 0,                 0,    -0.06956094662,     0.01256366562,     -0.1883672622,                 0,      -22.31524315
          0,           0,         459,      -9.715796658,       -10.4131286,      -10.31715674,       -9.15701838,             0.448,     0.00845146445,     -0.1885965122,                 0,                 0,                 0,    -0.06956094879,     0.01256366446,     -0.1883672637,                 0,      -22.31524647
          0,           0,         460,      -9.733096996,      -10.41503098,      -10.33375456,       -9.17420305,             0.448,    0.008451463275,     -0.1885965136,                 0,                 0,                 0,    -0.06956095096,     0.01256366332,      -0.188367265,                 0,      -22.31524973
          0,           0,         461,      -9.750885614,      -10.41657988,      -10.35066911,      -9.191875225,             0.448,     0.00845146212,     -0.1885965148,                 0,                 0,                 0,    -0.06956095311,     0.01256366219,     -0.1883672663,                 0,      -22.31525293
          0,           0,         462,      -9.769165672,      -10.41789808,      -10.36789415,      -9.210038042,             0.448,    0.008451460985,      -0.188596516,                 0,                 0,                 0,    -0.06956095526,     0.01256366108,     -0.1883672674,                 0,      -22.31525606
          0,           0,         463,      -9.787940414,      -10.41909508,      -10.38542249,       -9.22869475,             0.448,    0.008451459872,      -0.188596517,                 0,                 0,                 0,    -0.06956095738,     0.01256365999,     -0.1883672685,                 0,      -22.31525912
          0,           0,         464,       -9.80721305,      -10.42026711,      -10.40324582,      -9.247848583,             0.448,    0.008451458783,      -0.188596518,                 0,                 0,                 0,    -0.06956095949,     0.01256365892,     -0.1883672695,                 0,      -22.31526212
          0,           0,         465,      -9.826986621,      -10.42149746,      -10.42135461,      -9.267502644,             0.448,    0.008451457718,     -0.1885965189,                 0,                 0,                 0,    -0.06956096158,     0.01256365788,     -0.1883672705,                 0,      -22.31526504
          0,           0,         466,      -9.847263809,      -10.42285748,      -10.43973788,      -9.287659709,             0.448,    0.008451456679,     -0.1885965198,                 0,                 0,                 0,    -0.06956096364,     0.01256365686,     -0.1883672714,                 0,      -22.31526788
          0,           0,         467,      -9.868046712,      -10.42440785,      -10.45838298,      -9.308322021,             0.448,    0.008451455666,     -0.1885965206,                 0,                 0,                 0,    -0.06956096567,     0.01256365586,     -0.1883672722,                 0,      -22.31527065
          0,           0,         468,      -9.889336569,      -10.42619941,      -10.47727548,      -9.329491028,             0.448,    0.008451454681,     -0.1885965213,                 0,                 0,                 0,    -0.06956096767,     0.01256365489,     -0.1883672729,                 0,      -22.31527334
          0,           0,         469,      -9.911133408,      -10.42827512,      -10.49639889,      -9.351167027,             0.448,    0.008451453723,      -0.188596522,                 0,                 0,                 0,    -0.06956096964,     0.01256365395,     -0.1883672736,                 0,      -22.31527595
          0,           0,         470,        -9.9334356,      -10.43067047,      -10.51573435,      -9.373348757,             0.448,    0.008451452794,     -0.1885965226,                 0,                 0,                 0,    -0.06956097158,     0.01256365304,     -0.1883672743,                 0,      -22.31527848
          0,           0,         471,      -9.956239349,      -10.43341529,      -10.53526062,      -9.396032883,             0.448,    0.008451451894,     -0.1885965232,                 0,                 0,                 0,    -0.06956097347,     0.01256365215,     -0.1883672749,                 0,      -22.31528092
          0,           0,         472,      -9.979538012,      -10.43653452,       -10.5549536,      -9.419213364,             0.448,    0.008451451024,     -0.1885965238,                 0,                 0,                 0,    -0.06956097533,     0.01256365129,     -0.1883672755,                 0,      -22.31528328
          0,           0,         473,      -10.00332131,      -10.44004956,      -10.57478628,       -9.44288066,             0.448,    0.008451450184,     -0.1885965243,                 0,                 0,                 0,    -0.06956097714,     0.01256365046,      -0.188367276,                 0,      -22.31528556
          0,           0,         474,      -10.02757431,      -10.44397874,      -10.59472863,      -9.467020779,             0.448,    0.008451449374,     -0.1885965247,                 0,                 0,                 0,    -0.06956097891,     0.01256364966,     -0.1883672765,                 0,      -22.31528775
          0,           0,         475,       -10.0522763,      -10.44833815,       -10.6147473,      -9.491614136,             0.448,    0.008451448595,     -0.1885965252,                 0,                 0,                 0,    -0.06956098063,     0.01256364889,     -0.1883672769,                 0,      -22.31528986
          0,           0,         476,      -10.07739927,      -10.45314269,      -10.63480595,      -9.516634155,             0.448,    0.008451447847,     -0.1885965256,                 0,                 0,                 0,    -0.06956098231,     0.01256364815,     -0.1883672773,                 0,      -22.31529188
          0,           0,         477,      -10.10290628,      -10.45840667,      -10.65486489,      -9.542045605,             0.448,    0.008451447131,     -0.1885965259,                 0,                 0,                 0,    -0.06956098393,     0.01256364745,     -0.1883672777,                 0,      -22.31529382
          0,           0,         478,      -10.12874948,      -10.46414399,      -10.67488168,      -9.567802684,             0.448,    0.008451446445,     -0.1885965263,                 0,                 0,                 0,    -0.06956098551,     0.01256364677,     -0.1883672781,                 0,      -22.31529567
          0,           0,         479,      -10.15486781,      -10.47036893,      -10.69481092,      -9.593846809,             0.448,    0.008451445791,     -0.1885965266,                 0,                 0,                 0,    -0.06956098703,     0.01256364612,     -0.1883672784,                 0,      -22.31529744
          0,           0,         480,      -10.18118451,      -10.47709624,      -10.71460521,      -9.620104154,             0.448,    0.008451445169,     -0.1885965269,                 0,                 0,                 0,     -0.0695609885,     0.01256364551,     -0.1883672787,                 0,      -22.31529911
          0,           0,         481,      -10.20760441,      -10.48434146,       -10.7342151,      -9.646482962,             0.448,    0.008451444578,     -0.1885965272,                 0,                 0,                 0,    -0.06956098992,     0.01256364492,      -0.188367279,                 0,      -22.31530071
          0,           0,         482,      -10.23401131,       -10.4921208,      -10.75358996,      -9.672870982,             0.448,    0.008451444018,     -0.1885965274,                 0,                 0,                 0,    -0.06956099128,     0.01256364437,     -0.1883672793,                 0,      -22.31530222
          0,           0,         483,      -10.26026546,      -10.50045112,      -10.77267816,      -9.699132939,             0.448,     0.00845144349,     -0.1885965277,                 0,                 0,                 0,    -0.06956099258,     0.01256364384,     -0.1883672795,                 0,      -22.31530364
          0,           0,         484,       -10.2862018,      -10.50935007,      -10.79142778,       -9.72510868,             0.448,    0.008451442992,     -0.1885965279,                 0,                 0,                 0,    -0.06956099383,     0.01256364335,     -0.1883672798,                 0,      -22.31530498
          0,           0,         485,      -10.31162922,      -10.51883544,      -10.80978697,       -9.75061235,             0.448,    0.008451442524,     -0.1885965281,                 0,                 0,                 0,    -0.06956099503,     0.01256364289,       -0.18836728,                 0,      -22.31530624
          0,           0,         486,      -10.33633169,      -10.52892402,      -10.82770443,      -9.775433169,             0.448,    0.008451442086,     -0.1885965283,                 0,                 0,                 0,    -0.06956099616,     0.01256364245,     -0.1883672802,                 0,      -22.31530742
          0,           0,         487,      -10.36007189,      -10.53963178,      -10.84512998,      -9.799338611,             0.448,    0.008451441677,     -0.1885965285,                 0,                 0,                 0,    -0.06956099724,     0.01256364205,     -0.1883672804,                 0,      -22.31530852
          0,           0,         488,      -10.38259876,        -10.550972,      -10.86201434,      -9.822081234,             0.448,    0.008451441297,     -0.1885965286,                 0,                 0,                 0,    -0.06956099827,     0.01256364167,     -0.1883672805,                 0,      -22.31530954
          0,           0,         489,      -10.40365874,      -10.56295428,      -10.87831011,      -9.843409041,             0.448,    0.008451440945,     -0.1885965288,                 0,                 0,                 0,    -0.06956099924,     0.01256364132,     -0.1883672807,                 0,      -22.31531049
          0,           0,         490,      -10.42301174,      -10.57558374,      -10.89397236,      -9.863080509,             0.448,    0.008451440621,     -0.1885965289,                 0,                 0,                 0,    -0.06956100015,       0.012563641,     -0.1883672809,                 0,      -22.31531137
          0,           0,         491,       -10.4404501,      -10.58886141,       -10.9089601,      -9.880882878,             0.448,    0.008451440323,     -0.1885965291,                 0,                 0,                 0,    -0.06956100101,     0.01256364071,      -0.188367281,                 0,      -22.31531217
          0,           0,         492,      -10.45581852,      -10.60278388,      -10.92323868,      -9.896651724,             0.448,    0.008451440051,     -0.1885965292,                 0,                 0,                 0,    -0.06956100182,     0.01256364044,     -0.1883672812,                 0,       -22.3153129
          0,           0,         493,      -10.46903096,      -10.61734495,      -10.93678146,      -9.910288469,             0.448,    0.008451439803,     -0.1885965294,                 0,                 0,                 0,    -0.06956100258,      0.0125636402,     -0.1883672813,                 0,      -22.31531357
          0,           0,         494,       -10.4800815,      -10.63253696,       -10.9495736,      -9.921772228,             0.448,     0.00845143958,     -0.1885965295,                 0,                 0,                 0,    -0.06956100328,     0.01256363998,     -0.1883672814,                 0,      -22.31531418
          0,           0,         495,      -10.48904592,      -10.64835125,       -10.9616132,      -9.931163259,             0.448,     0.00845143938,     -0.1885965296,                 0,                 0,                 0,    -0.06956100394,     0.01256363978,     -0.1883672816,                 0,      -22.31531472
          0,           0,         496,      -10.49607413,      -10.66478051,      -10.97291378,       -9.93859687,             0.448,    0.008451439203,     -0.1885965297,                 0,                 0,                 0,    -0.06956100455,      0.0125636396,     -0.1883672817,                 0,       -22.3153152
          0,           0,         497,      -10.50137488,       -10.6818185,      -10.98350362,      -9.944269735,             0.448,    0.008451439047,     -0.1885965298,                 0,                 0,                 0,    -0.06956100512,     0.01256363945,     -0.1883672818,                 0,      -22.31531563
          0,           0,         498,      -10.50519633,      -10.69946108,      -10.99342555,      -9.948421239,             0.448,    0.008451438912,       -0.18859653,                 0,                 0,                 0,    -0.06956100564,     0.01256363932,     -0.1883672819,                 0,        -22.315316
          0,           0,         499,       -10.5078056,      -10.71770611,      -11.00273454,      -9.951313262,             0.448,    0.008451438796,     -0.1885965301,                 0,                 0,                 0,    -0.06956100611,      0.0125636392,      -0.188367282,                 0,      -22.31531632
          0,           0,         500,      -10.50947076,      -10.73655252,      -11.01149517,      -9.953211811,             0.448,    0.008451438699,     -0.1885965302,                 0,                 0,                 0,    -0.06956100655,     0.01256363911,     -0.1883672822,                 0,      -22.31531659
          0,           0,         501,      -10.51044698,      -10.75600065,      -11.01977828,        -9.9543727,             0.448,     0.00845143862,     -0.1885965303,                 0,                 0,                 0,    -0.06956100694,     0.01256363903,     -0.1883672823,                 0,      -22.31531681
          0,           0,         502,      -10.51096717,      -10.77605119,      -11.02765855,      -9.955031341,             0.448,    0.008451438558,     -0.1885965304,                 0,                 0,                 0,     -0.0695610073,     0.01256363897,     -0.1883672824,                 0,      -22.31531699
          0,           0,         503,       -10.5112367,      -10.79670457,      -11.03521114,      -9.955396922,             0.448,    0.008451438512,     -0.1885965305,                 0,                 0,                 0,    -0.06956100762,     0.01256363893,     -0.1883672825,                 0,      -22.31531712
          0,           0,         504,      -10.51143173,      -10.81796132,      -11.04250976,      -9.955650095,             0.448,    0.008451438481,     -0.1885965307,                 0,                 0,                 0,    -0.06956100791,      0.0125636389,     -0.1883672826,                 0,      -22.31531722
          0,           0,         505,      -10.51169992,      -10.83982043,      -11.04962494,      -9.955943217,             0.448,    0.008451438465,     -0.1885965308,                 0,                 0,                 0,    -0.06956100817,     0.01256363889,     -0.1883672828,                 0,      -22.31531728
          0,           0,         506,      -10.51216242,      -10.86227998,      -11.05662328,      -9.956402149,             0.448,    0.008451438462,     -0.1885965309,                 0,                 0,                 0,    -0.06956100839,     0.01256363889,     -0.1883672829,                 0,       -22.3153173
          0,           0,         507,      -10.51291697,      -10.88533504,      -11.06356609,      -9.957128968,             0.448,    0.008451438473,      -0.188596531,                 0,                 0,                 0,    -0.06956100858,      0.0125636389,      -0.188367283,                 0,      -22.31531729
          0,           0,         508,      -10.51404101,       -10.9089788,      -11.07050917,      -9.958205159,             0.448,    0.008451438495,     -0.1885965312,                 0,                 0,                 0,    -0.06956100874,     0.01256363893,     -0.1883672832,                 0,      -22.31531724
          0,           0,         509,      -10.51559491,      -10.93320004,      -11.07750312,      -9.959694635,             0.448,    0.008451438529,     -0.1885965313,                 0,                 0,                 0,    -0.06956100888,     0.01256363896,     -0.1883672833,                 0,      -22.31531717
          0,           0,         510,      -10.51762487,      -10.95798256,      -11.08459334,      -9.961646713,             0.448,    0.008451438573,     -0.1885965315,                 0,                 0,                 0,    -0.06956100899,     0.01256363901,     -0.1883672834,                 0,      -22.31531707
          0,           0,         511,       -10.5201655,       -10.9833042,      -11.09181983,      -9.964098663,             0.448,    0.008451438627,     -0.1885965316,                 0,                 0,                 0,    -0.06956100907,     0.01256363907,     -0.1883672836,                 0,      -22.31531695
          0,           0,         512,      -10.52324216,      -11.00913389,      -11.09921791,      -9.967078079,             0.448,     0.00845143869,     -0.1885965318,                 0,                 0,                 0,    -0.06956100913,     0.01256363913,     -0.1883672837,                 0,       -22.3153168
          0,           0,         513,       -10.5268727,      -11.03543018,      -11.10681869,      -9.970604726,             0.448,    0.008451438762,     -0.1885965319,                 0,                 0,                 0,    -0.06956100917,     0.01256363921,     -0.1883672839,                 0,      -22.31531662
          0,           0,         514,      -10.53106922,      -11.06213822,       -11.1146489,      -9.974692239,             0.448,    0.008451438841,     -0.1885965321,                 0,                 0,                 0,    -0.06956100919,     0.01256363929,      -0.188367284,                 0,      -22.31531643
          0,           0,         515,      -10.53583925,      -11.08918805,      -11.12273161,      -9.979349413,             0.448,    0.008451438928,     -0.1885965322,                 0,                 0,                 0,    -0.06956100919,     0.01256363938,     -0.1883672842,                 0,      -22.31531622
          0,           0,         516,      -10.54118682,      -11.11648885,      -11.13108676,      -9.984581333,             0.448,    0.008451439021,     -0.1885965324,                 0,                 0,                 0,    -0.06956100918,     0.01256363948,     -0.1883672843,                 0,        -22.315316
          0,           0,         517,      -10.54711339,      -11.14392808,      -11.13973125,       -9.99039026,             0.448,     0.00845143912,     -0.1885965325,                 0,                 0,                 0,    -0.06956100914,     0.01256363958,     -0.1883672845,                 0,      -22.31531575
          0,           0,         518,      -10.55361843,      -11.17136365,      -11.14867927,      -9.996776307,             0.448,    0.008451439224,     -0.1885965327,                 0,                 0,                 0,    -0.06956100909,     0.01256363969,     -0.1883672847,                 0,       -22.3153155
          0,           0,         519,      -10.56070003,      -11.19862424,      -11.15794247,      -10.00373807,             0.448,    0.008451439333,     -0.1885965329,                 0,                 0,                 0,    -0.06956100902,      0.0125636398,     -0.1883672848,                 0,      -22.31531523
          0,           0,         520,      -10.56835536,      -11.22550564,      -11.16753067,      -10.01127311,             0.448,    0.008451439447,     -0.1885965331,                 0,                 0,                 0,    -0.06956100894,     0.01256363992,      -0.188367285,                 0,      -22.31531495
          0,           0,         521,      -10.57658094,      -11.25176912,      -11.17745164,      -10.01937823,             0.448,    0.008451439564,     -0.1885965332,                 0,                 0,                 0,    -0.06956100885,     0.01256364004,     -0.1883672852,                 0,      -22.31531466
          0,           0,         522,      -10.58537295,      -11.27714581,      -11.18771144,      -10.02804982,             0.448,    0.008451439684,     -0.1885965334,                 0,                 0,                 0,    -0.06956100875,     0.01256364016,     -0.1883672854,                 0,      -22.31531437
          0,           0,         523,      -10.59472744,      -11.30134201,      -11.19831449,      -10.03728408,             0.448,    0.008451439807,     -0.1885965336,                 0,                 0,                 0,    -0.06956100863,     0.01256364029,     -0.1883672855,                 0,      -22.31531407
          0,           0,         524,       -10.6046405,      -11.32405307,      -11.20926414,      -10.04707718,             0.448,    0.008451439932,     -0.1885965338,                 0,                 0,                 0,    -0.06956100851,     0.01256364042,     -0.1883672857,                 0,      -22.31531376
          0,           0,         525,       -10.6151083,       -11.3449781,      -11.22056216,      -10.05742538,             0.448,     0.00845144006,      -0.188596534,                 0,                 0,                 0,    -0.06956100838,     0.01256364055,     -0.1883672859,                 0,      -22.31531344
          0,           0,         526,      -10.62612725,        -11.363846,      -11.23220941,      -10.06832509,             0.448,    0.008451440188,     -0.1885965342,                 0,                 0,                 0,    -0.06956100823,     0.01256364069,     -0.1883672861,                 0,      -22.31531313
          0,           0,         527,      -10.63769404,      -11.38043752,      -11.24420555,      -10.07977301,             0.448,    0.008451440318,     -0.1885965344,                 0,                 0,                 0,    -0.06956100809,     0.01256364082,     -0.1883672863,                 0,      -22.31531281
          0,           0,         528,      -10.64980562,      -11.39460661,      -11.25654895,       -10.0917661,             0.448,    0.008451440448,     -0.1885965346,                 0,                 0,                 0,    -0.06956100793,     0.01256364095,     -0.1883672865,                 0,      -22.31531249
          0,           0,         529,       -10.6624593,      -11.40630185,      -11.26923729,      -10.10430164,             0.448,    0.008451440578,     -0.1885965348,                 0,                 0,                 0,    -0.06956100777,     0.01256364109,     -0.1883672867,                 0,      -22.31531217
          0,           0,         530,      -10.67565261,      -11.41556564,      -11.28226705,      -10.11737716,             0.448,    0.008451440709,     -0.1885965349,                 0,                 0,                 0,     -0.0695610076,     0.01256364122,     -0.1883672869,                 0,      -22.31531184
          0,           0,         531,       -10.6893834,      -11.42253192,      -11.29563366,      -10.13099048,             0.448,    0.008451440839,     -0.1885965351,                 0,                 0,                 0,    -0.06956100743,     0.01256364136,     -0.1883672871,                 0,      -22.31531152
          0,           0,         532,      -10.70364966,      -11.42741363,      -11.30933125,       -10.1451396,             0.448,    0.008451440969,     -0.1885965353,                 0,                 0,                 0,    -0.06956100726,     0.01256364149,     -0.1883672873,                 0,       -22.3153112
          0,           0,         533,      -10.71844952,      -11.43047689,      -11.32335311,      -10.15982267,             0.448,    0.008451441097,     -0.1885965355,                 0,                 0,                 0,    -0.06956100708,     0.01256364162,     -0.1883672875,                 0,      -22.31531089
          0,           0,         534,      -10.73378113,       -11.4320181,      -11.33769098,      -10.17503788,             0.448,    0.008451441225,     -0.1885965357,                 0,                 0,                 0,     -0.0695610069,     0.01256364176,     -0.1883672877,                 0,      -22.31531058
          0,           0,         535,       -10.7496425,      -11.43233953,      -11.35233496,      -10.19078329,             0.448,    0.008451441351,     -0.1885965359,                 0,                 0,                 0,    -0.06956100672,     0.01256364189,     -0.1883672879,                 0,      -22.31531027
          0,           0,         536,      -10.76603141,      -11.43173325,      -11.36727408,       -10.2070568,             0.448,    0.008451441476,     -0.1885965361,                 0,                 0,                 0,    -0.06956100654,     0.01256364202,     -0.1883672881,                 0,      -22.31530996
          0,           0,         537,      -10.78294513,      -11.43046976,      -11.38249539,      -10.22385581,             0.448,    0.008451441598,     -0.1885965363,                 0,                 0,                 0,    -0.06956100636,     0.01256364214,     -0.1883672882,                 0,      -22.31530966
          0,           0,         538,      -10.80038019,      -11.42878779,      -11.39798427,      -10.24117704,             0.448,    0.008451441719,     -0.1885965365,                 0,                 0,                 0,    -0.06956100617,     0.01256364227,     -0.1883672884,                 0,      -22.31530937
          0,           0,         539,      -10.81833211,      -11.42689135,      -11.41372372,      -10.25901635,             0.448,    0.008451441838,     -0.1885965367,                 0,                 0,                 0,    -0.06956100599,     0.01256364239,     -0.1883672886,                 0,      -22.31530908
          0,           0,         540,      -10.83679509,      -11.42495487,      -11.42969408,      -10.27736822,             0.448,    0.008451441954,     -0.1885965369,                 0,                 0,                 0,    -0.06956100581,     0.01256364251,     -0.1883672888,                 0,      -22.31530879
          0,           0,         541,      -10.85576136,      -11.42311953,      -11.44587436,      -10.29622536,             0.448,    0.008451442067,     -0.1885965371,                 0,                 0,                 0,    -0.06956100563,     0.01256364263,      -0.188367289,                 0,      -22.31530852
          0,           0,         542,      -10.87522105,      -11.42149995,      -11.46223968,      -10.31557844,             0.448,    0.008451442178,     -0.1885965373,                 0,                 0,                 0,    -0.06956100545,     0.01256364274,     -0.1883672892,                 0,      -22.31530825
          0,           0,         543,      -10.89516114,      -11.42018844,      -11.47876304,      -10.33541514,             0.448,    0.008451442287,     -0.1885965375,                 0,                 0,                 0,    -0.06956100527,     0.01256364286,     -0.1883672894,                 0,      -22.31530798
          0,           0,         544,      -10.91556501,      -11.41925853,      -11.49541429,      -10.35571965,             0.448,    0.008451442392,     -0.1885965377,                 0,                 0,                 0,    -0.06956100509,     0.01256364297,     -0.1883672896,                 0,      -22.31530773
          0,           0,         545,      -10.93641151,      -11.41876367,      -11.51216021,      -10.37647187,             0.448,    0.008451442494,     -0.1885965379,                 0,                 0,                 0,    -0.06956100492,     0.01256364307,     -0.1883672898,                 0,      -22.31530748
          0,           0,         546,      -10.95767387,      -11.41874952,      -11.52896417,      -10.39764631,             0.448,    0.008451442594,     -0.1885965381,                 0,                 0,                 0,    -0.06956100475,     0.01256364318,       -0.18836729,                 0,      -22.31530724
          0,           0,         547,      -10.97931848,      -11.41924761,      -11.54578709,      -10.41921066,             0.448,     0.00845144269,     -0.1885965383,                 0,                 0,                 0,    -0.06956100458,     0.01256364328,     -0.1883672902,                 0,      -22.31530701
          0,           0,         548,      -11.00130413,      -11.42028611,      -11.56258548,      -10.44112556,             0.448,    0.008451442783,     -0.1885965385,                 0,                 0,                 0,    -0.06956100442,     0.01256364337,     -0.1883672904,                 0,      -22.31530679
          0,           0,         549,      -11.02357961,      -11.42188565,      -11.57931642,      -10.46334169,             0.448,    0.008451442872,     -0.1885965387,                 0,                 0,                 0,    -0.06956100426,     0.01256364347,     -0.1883672905,                 0,      -22.31530657
          0,           0,         550,      -11.04608285,      -11.42406187,      -11.59593198,      -10.48579925,             0.448,    0.008451442959,     -0.1885965388,                 0,                 0,                 0,     -0.0695610041,     0.01256364356,     -0.1883672907,                 0,      -22.31530636
          0,           0,         551,      -11.06873895,      -11.42683014,      -11.61238517,      -10.50842588,             0.448,    0.008451443042,      -0.188596539,                 0,                 0,                 0,    -0.06956100395,     0.01256364364,     -0.1883672909,                 0,      -22.31530617
          0,           0,         552,      -11.09145858,      -11.43020453,       -11.6286263,       -10.5311351,             0.448,    0.008451443121,     -0.1885965392,                 0,                 0,                 0,     -0.0695610038,     0.01256364373,     -0.1883672911,                 0,      -22.31530598
          0,           0,         553,      -11.11413632,      -11.43419433,      -11.64460793,       -10.5538247,             0.448,    0.008451443197,     -0.1885965394,                 0,                 0,                 0,    -0.06956100366,     0.01256364381,     -0.1883672912,                 0,       -22.3153058
          0,           0,         554,      -11.13664956,        -11.438809,       -11.6602821,      -10.57637529,             0.448,    0.008451443269,     -0.1885965396,                 0,                 0,                 0,    -0.06956100352,     0.01256364388,     -0.1883672914,                 0,      -22.31530563
          0,           0,         555,       -11.1588577,      -11.44406241,      -11.67560322,      -10.59864981,             0.448,    0.008451443338,     -0.1885965397,                 0,                 0,                 0,    -0.06956100339,     0.01256364396,     -0.1883672916,                 0,      -22.31530547
          0,           0,         556,      -11.18060308,      -11.44996126,      -11.69052836,      -10.62049379,             0.448,    0.008451443404,     -0.1885965399,                 0,                 0,                 0,    -0.06956100326,     0.01256364402,     -0.1883672918,                 0,      -22.31530531
          0,           0,         557,      -11.20171191,      -11.45651473,      -11.70501566,       -10.6417364,             0.448,    0.008451443465,     -0.1885965401,                 0,                 0,                 0,    -0.06956100314,     0.01256364409,     -0.1883672919,                 0,      -22.31530517
          0,           0,         558,      -11.22199844,      -11.46373095,      -11.71902971,      -10.66219441,             0.448,    0.008451443524,     -0.1885965402,                 0,                 0,                 0,    -0.06956100303,     0.01256364415,     -0.1883672921,                 0,      -22.31530503
          0,           0,         559,      -11.24127044,      -11.47161471,      -11.73253597,      -10.68167674,             0.448,    0.008451443579,     -0.1885965404,                 0,                 0,                 0,    -0.06956100291,     0.01256364421,     -0.1883672922,                 0,      -22.31530491
          0,           0,         560,      -11.25933789,      -11.48016609,      -11.74550499,      -10.69999287,             0.448,     0.00845144363,     -0.1885965405,                 0,                 0,                 0,    -0.06956100281,     0.01256364427,     -0.1883672924,                 0,      -22.31530479
          0,           0,         561,      -11.27602325,      -11.48938505,      -11.75791275,      -10.71696308,             0.448,    0.008451443679,     -0.1885965407,                 0,                 0,                 0,    -0.06956100271,     0.01256364432,     -0.1883672925,                 0,      -22.31530468
          0,           0,         562,      -11.29117384,      -11.49926772,      -11.76973981,      -10.73243002,             0.448,    0.008451443724,     -0.1885965408,                 0,                 0,                 0,    -0.06956100261,     0.01256364436,     -0.1883672927,                 0,      -22.31530458
          0,           0,         563,      -11.30467342,      -11.50980914,      -11.78097266,      -10.74627047,             0.448,    0.008451443765,      -0.188596541,                 0,                 0,                 0,    -0.06956100252,     0.01256364441,     -0.1883672928,                 0,      -22.31530448
          0,           0,         564,      -11.31645318,      -11.52099944,      -11.79160804,      -10.75840631,             0.448,    0.008451443804,     -0.1885965411,                 0,                 0,                 0,    -0.06956100244,     0.01256364445,      -0.188367293,                 0,       -22.3153044
          0,           0,         565,      -11.32649744,      -11.53282966,      -11.80164935,      -10.76881218,             0.448,     0.00845144384,     -0.1885965412,                 0,                 0,                 0,    -0.06956100236,     0.01256364449,     -0.1883672931,                 0,      -22.31530432
          0,           0,         566,      -11.33484669,      -11.54528892,      -11.81111015,      -10.77751777,             0.448,    0.008451443872,     -0.1885965414,                 0,                 0,                 0,    -0.06956100229,     0.01256364453,     -0.1883672932,                 0,      -22.31530425
          0,           0,         567,      -11.34159305,         -11.55837,      -11.82001343,      -10.78460493,             0.448,    0.008451443902,     -0.1885965415,                 0,                 0,                 0,    -0.06956100222,     0.01256364456,     -0.1883672933,                 0,      -22.31530419
          0,           0,         568,       -11.3468735,      -11.57206298,      -11.82839191,       -10.7902021,             0.448,    0.008451443929,     -0.1885965416,                 0,                 0,                 0,    -0.06956100215,     0.01256364459,     -0.1883672935,                 0,      -22.31530413
          0,           0,         569,      -11.35085857,      -11.58635794,      -11.83628494,      -10.79447289,             0.448,    0.008451443953,     -0.1885965417,                 0,                 0,                 0,    -0.06956100209,     0.01256364461,     -0.1883672936,                 0,      -22.31530408
          0,           0,         570,      -11.35373891,      -11.60124969,      -11.84374371,      -10.79760333,             0.448,    0.008451443975,     -0.1885965418,                 0,                 0,                 0,    -0.06956100204,     0.01256364464,     -0.1883672937,                 0,      -22.31530404
          0,           0,         571,      -11.35571483,      -11.61673023,      -11.85082082,      -10.79979119,             0.448,    0.008451443994,      -0.188596542,                 0,                 0,                 0,    -0.06956100199,     0.01256364466,     -0.1883672938,                 0,        -22.315304
          0,           0,         572,      -11.35698437,      -11.63279401,      -11.85757191,      -10.80123407,             0.448,    0.008451444011,     -0.1885965421,                 0,                 0,                 0,    -0.06956100194,     0.01256364468,     -0.1883672939,                 0,      -22.31530397
          0,           0,         573,       -11.3577367,      -11.64943292,      -11.86405764,      -10.80212187,             0.448,    0.008451444026,     -0.1885965422,                 0,                 0,                 0,     -0.0695610019,      0.0125636447,      -0.188367294,                 0,      -22.31530394
          0,           0,         574,      -11.35814542,       -11.6666488,      -11.87033428,      -10.80263041,             0.448,    0.008451444038,     -0.1885965423,                 0,                 0,                 0,    -0.06956100187,     0.01256364471,     -0.1883672941,                 0,      -22.31530392
          0,           0,         575,      -11.35836575,      -11.68442844,      -11.87645959,      -10.80291761,             0.448,    0.008451444048,     -0.1885965424,                 0,                 0,                 0,    -0.06956100183,     0.01256364472,     -0.1883672942,                 0,       -22.3153039
          0,           0,         576,      -11.35853362,      -11.70277038,      -11.88248723,      -10.80312274,             0.448,    0.008451444057,     -0.1885965425,                 0,                 0,                 0,     -0.0695610018,     0.01256364473,     -0.1883672943,                 0,      -22.31530389
          0,           0,         577,      -11.35876565,      -11.72166934,      -11.88846898,      -10.80336566,             0.448,    0.008451444063,     -0.1885965425,                 0,                 0,                 0,    -0.06956100178,     0.01256364474,     -0.1883672944,                 0,      -22.31530389
          0,           0,         578,       -11.3591594,      -11.74112147,      -11.89445203,       -10.8037477,             0.448,    0.008451444067,     -0.1885965426,                 0,                 0,                 0,    -0.06956100175,     0.01256364475,     -0.1883672945,                 0,      -22.31530389
          0,           0,         579,       -11.3597956,      -11.76111381,      -11.90047941,      -10.80435253,             0.448,     0.00845144407,     -0.1885965427,                 0,                 0,                 0,    -0.06956100174,     0.01256364475,     -0.1883672946,                 0,      -22.31530389
          0,           0,         580,      -11.36074063,      -11.78163623,      -11.90659045,       -10.8052498,             0.448,    0.008451444071,     -0.1885965428,                 0,                 0,                 0,    -0.06956100172,     0.01256364476,     -0.1883672946,                 0,      -22.31530389
          0,           0,         581,      -11.36204762,      -11.80268298,      -11.91282058,      -10.80649513,             0.448,    0.008451444071,     -0.1885965429,                 0,                 0,                 0,    -0.06956100171,     0.01256364476,     -0.1883672947,                 0,       -22.3153039
          0,           0,         582,      -11.36375892,      -11.82423792,      -11.91920201,      -10.80813336,             0.448,    0.008451444069,     -0.1885965429,                 0,                 0,                 0,     -0.0695610017,     0.01256364476,     -0.1883672948,                 0,      -22.31530392
          0,           0,         583,      -11.36590726,      -11.84628433,      -11.92576264,      -10.81019932,             0.448,    0.008451444066,      -0.188596543,                 0,                 0,                 0,    -0.06956100169,     0.01256364475,     -0.1883672949,                 0,      -22.31530393
          0,           0,         584,      -11.36851811,      -11.86879703,      -11.93252805,      -10.81272023,             0.448,    0.008451444061,     -0.1885965431,                 0,                 0,                 0,    -0.06956100169,     0.01256364475,     -0.1883672949,                 0,      -22.31530395
          0,           0,         585,      -11.37161022,      -11.89175514,      -11.93952078,      -10.81571643,             0.448,    0.008451444056,     -0.1885965431,                 0,                 0,                 0,    -0.06956100168,     0.01256364475,      -0.188367295,                 0,      -22.31530398
          0,           0,         586,       -11.3751973,      -11.91511617,       -11.9467589,      -10.81920294,             0.448,    0.008451444049,     -0.1885965432,                 0,                 0,                 0,    -0.06956100168,     0.01256364474,      -0.188367295,                 0,        -22.315304
          0,           0,         587,      -11.37928931,      -11.93884264,      -11.95426032,      -10.82319081,             0.448,    0.008451444041,     -0.1885965433,                 0,                 0,                 0,    -0.06956100169,     0.01256364473,     -0.1883672951,                 0,      -22.31530403
          0,           0,         588,      -11.38389267,      -11.96288268,      -11.96204004,      -10.82768727,             0.448,    0.008451444032,     -0.1885965433,                 0,                 0,                 0,    -0.06956100169,     0.01256364473,     -0.1883672952,                 0,      -22.31530406
          0,           0,         589,       -11.3890111,      -11.98717905,      -11.97011068,      -10.83269678,             0.448,    0.008451444022,     -0.1885965434,                 0,                 0,                 0,     -0.0695610017,     0.01256364472,     -0.1883672952,                 0,      -22.31530409
          0,           0,         590,      -11.39464651,      -12.01164582,      -11.97848242,      -10.83822182,             0.448,    0.008451444011,     -0.1885965434,                 0,                 0,                 0,    -0.06956100171,     0.01256364471,     -0.1883672953,                 0,      -22.31530412
          0,           0,         591,      -11.40079945,      -12.03619302,       -11.9871663,      -10.84426339,             0.448,       0.008451444,     -0.1885965434,                 0,                 0,                 0,    -0.06956100172,      0.0125636447,     -0.1883672953,                 0,      -22.31530416
          0,           0,         592,        -11.407469,      -12.06071443,      -11.99616928,        -10.850821,             0.448,    0.008451443988,     -0.1885965435,                 0,                 0,                 0,    -0.06956100173,     0.01256364469,     -0.1883672953,                 0,       -22.3153042
          0,           0,         593,      -11.41465355,        -12.085076,      -12.00549828,      -10.85789326,             0.448,    0.008451443975,     -0.1885965435,                 0,                 0,                 0,    -0.06956100175,     0.01256364468,     -0.1883672954,                 0,      -22.31530423
          0,           0,         594,      -11.42235115,      -12.10912743,         -12.01516,      -10.86547841,             0.448,    0.008451443962,     -0.1885965436,                 0,                 0,                 0,    -0.06956100176,     0.01256364466,     -0.1883672954,                 0,      -22.31530427
          0,           0,         595,      -11.43055932,      -12.13271807,      -12.02515812,      -10.87357417,             0.448,    0.008451443949,     -0.1885965436,                 0,                 0,                 0,    -0.06956100178,     0.01256364465,     -0.1883672955,                 0,      -22.31530431
          0,           0,         596,      -11.43927557,      -12.15564209,      -12.03549705,      -10.88217809,             0.448,    0.008451443934,     -0.1885965436,                 0,                 0,                 0,     -0.0695610018,     0.01256364464,     -0.1883672955,                 0,      -22.31530435
          0,           0,         597,      -11.44849725,      -12.17772006,       -12.0461797,      -10.89128766,             0.448,     0.00845144392,     -0.1885965437,                 0,                 0,                 0,    -0.06956100182,     0.01256364462,     -0.1883672955,                 0,       -22.3153044
          0,           0,         598,      -11.45822196,      -12.19873517,      -12.05720969,      -10.90090042,             0.448,    0.008451443905,     -0.1885965437,                 0,                 0,                 0,    -0.06956100184,     0.01256364461,     -0.1883672955,                 0,      -22.31530444
          0,           0,         599,      -11.46844743,      -12.21848429,      -12.06858722,      -10.91101416,             0.448,     0.00845144389,     -0.1885965437,                 0,                 0,                 0,    -0.06956100186,     0.01256364459,     -0.1883672956,                 0,      -22.31530448
          0,           0,         600,      -11.47917164,      -12.23678232,      -12.08031551,      -10.92162676,             0.448,    0.008451443875,     -0.1885965437,                 0,                 0,                 0,    -0.06956100188,     0.01256364458,     -0.1883672956,                 0,      -22.31530453
          0,           0,         601,      -11.49039292,      -12.25347191,      -12.09239411,      -10.93273657,             0.448,    0.008451443859,     -0.1885965438,                 0,                 0,                 0,     -0.0695610019,     0.01256364456,     -0.1883672956,                 0,      -22.31530457
          0,           0,         602,      -11.50210993,      -12.26841625,      -12.10482487,       -10.9443422,             0.448,    0.008451443844,     -0.1885965438,                 0,                 0,                 0,    -0.06956100192,     0.01256364455,     -0.1883672956,                 0,      -22.31530461
          0,           0,         603,      -11.51432164,      -12.28153853,      -12.11760712,      -10.95644251,             0.448,    0.008451443828,     -0.1885965438,                 0,                 0,                 0,    -0.06956100195,     0.01256364453,     -0.1883672957,                 0,      -22.31530466
          0,           0,         604,      -11.52702762,      -12.29282528,      -12.13073986,      -10.96903701,             0.448,    0.008451443812,     -0.1885965438,                 0,                 0,                 0,    -0.06956100197,     0.01256364452,     -0.1883672957,                 0,       -22.3153047
          0,           0,         605,      -11.54022778,      -12.30229843,       -12.1442246,      -10.98212557,             0.448,    0.008451443796,     -0.1885965438,                 0,                 0,                 0,      -0.069561002,      0.0125636445,     -0.1883672957,                 0,      -22.31530474
          0,           0,         606,      -11.55392237,      -12.31005057,      -12.15805806,      -10.99570828,             0.448,    0.008451443781,     -0.1885965439,                 0,                 0,                 0,    -0.06956100202,     0.01256364449,     -0.1883672957,                 0,      -22.31530479
          0,           0,         607,      -11.56811221,      -12.31621378,      -12.17223993,      -11.00978603,             0.448,    0.008451443765,     -0.1885965439,                 0,                 0,                 0,    -0.06956100205,     0.01256364447,     -0.1883672957,                 0,      -22.31530483
          0,           0,         608,      -11.58279841,      -12.32094637,      -12.18676811,      -11.02435969,             0.448,     0.00845144375,     -0.1885965439,                 0,                 0,                 0,    -0.06956100207,     0.01256364446,     -0.1883672957,                 0,      -22.31530487
          0,           0,         609,      -11.59798268,      -12.32445897,      -12.20163984,      -11.03943089,             0.448,    0.008451443734,     -0.1885965439,                 0,                 0,                 0,     -0.0695610021,     0.01256364444,     -0.1883672958,                 0,      -22.31530491
          0,           0,         610,      -11.61366697,      -12.32693959,       -12.2168519,      -11.05500159,             0.448,    0.008451443719,     -0.1885965439,                 0,                 0,                 0,    -0.06956100213,     0.01256364443,     -0.1883672958,                 0,      -22.31530496
          0,           0,         611,      -11.62985355,      -12.32859587,      -12.23240073,        -11.071074,             0.448,    0.008451443704,     -0.1885965439,                 0,                 0,                 0,    -0.06956100215,     0.01256364441,     -0.1883672958,                 0,        -22.315305
          0,           0,         612,      -11.64654485,      -12.32960617,      -12.24828103,      -11.08765044,             0.448,    0.008451443689,     -0.1885965439,                 0,                 0,                 0,    -0.06956100218,      0.0125636444,     -0.1883672958,                 0,      -22.31530504
          0,           0,         613,      -11.66374386,      -12.33016405,      -12.26448848,      -11.10473387,             0.448,    0.008451443674,     -0.1885965439,                 0,                 0,                 0,     -0.0695610022,     0.01256364438,     -0.1883672958,                 0,      -22.31530508
          0,           0,         614,      -11.68145361,      -12.33041929,      -12.28101656,       -11.1223272,             0.448,     0.00845144366,     -0.1885965439,                 0,                 0,                 0,    -0.06956100223,     0.01256364437,     -0.1883672958,                 0,      -22.31530512
          0,           0,         615,       -11.6996769,      -12.33052088,      -12.29785883,       -11.1404335,             0.448,    0.008451443646,     -0.1885965439,                 0,                 0,                 0,    -0.06956100226,     0.01256364436,     -0.1883672958,                 0,      -22.31530515
          0,           0,         616,      -11.71841669,      -12.33057756,      -12.31500456,      -11.15905554,             0.448,    0.008451443632,     -0.1885965439,                 0,                 0,                 0,    -0.06956100228,     0.01256364434,     -0.1883672958,                 0,      -22.31530519
          0,           0,         617,      -11.73767552,      -12.33071556,      -12.33244354,      -11.17819593,             0.448,    0.008451443618,      -0.188596544,                 0,                 0,                 0,    -0.06956100231,     0.01256364433,     -0.1883672958,                 0,      -22.31530523
          0,           0,         618,      -11.75745604,       -12.3310052,      -12.35016654,      -11.19785748,             0.448,    0.008451443605,      -0.188596544,                 0,                 0,                 0,    -0.06956100233,     0.01256364431,     -0.1883672958,                 0,      -22.31530526
          0,           0,         619,      -11.77775897,      -12.33152353,      -12.36815607,      -11.21804126,             0.448,    0.008451443592,      -0.188596544,                 0,                 0,                 0,    -0.06956100236,      0.0125636443,     -0.1883672958,                 0,       -22.3153053
          0,           0,         620,      -11.79858501,        -12.332323,      -12.38640048,        -11.238748,             0.448,     0.00845144358,      -0.188596544,                 0,                 0,                 0,    -0.06956100238,     0.01256364429,     -0.1883672958,                 0,      -22.31530533
          0,           0,         621,      -11.81993301,      -12.33344642,       -12.4048764,      -11.25997661,             0.448,    0.008451443567,      -0.188596544,                 0,                 0,                 0,     -0.0695610024,     0.01256364428,     -0.1883672958,                 0,      -22.31530536
          0,           0,         622,      -11.84179977,      -12.33495306,      -12.42356702,      -11.28172486,             0.448,    0.008451443555,      -0.188596544,                 0,                 0,                 0,    -0.06956100243,     0.01256364427,     -0.1883672958,                 0,      -22.31530539
          0,           0,         623,      -11.86418005,      -12.33685936,      -12.44244715,      -11.30398738,             0.448,    0.008451443544,      -0.188596544,                 0,                 0,                 0,    -0.06956100245,     0.01256364425,     -0.1883672958,                 0,      -22.31530542
          0,           0,         624,       -11.8870642,       -12.3391901,      -12.46149223,      -11.32675627,             0.448,    0.008451443533,      -0.188596544,                 0,                 0,                 0,    -0.06956100247,     0.01256364424,     -0.1883672958,                 0,      -22.31530545
          0,           0,         625,      -11.91043883,       -12.3419675,      -12.48067144,      -11.35001821,             0.448,    0.008451443522,      -0.188596544,                 0,                 0,                 0,     -0.0695610025,     0.01256364423,     -0.1883672958,                 0,      -22.31530548
          0,           0,         626,      -11.93428595,      -12.34520589,      -12.49995093,      -11.37375617,             0.448,    0.008451443512,      -0.188596544,                 0,                 0,                 0,    -0.06956100252,     0.01256364422,     -0.1883672958,                 0,      -22.31530551
          0,           0,         627,      -11.95858009,      -12.34893649,      -12.51928613,      -11.39794619,             0.448,    0.008451443502,      -0.188596544,                 0,                 0,                 0,    -0.06956100254,     0.01256364421,     -0.1883672958,                 0,      -22.31530554
          0,           0,         628,      -11.98328629,      -12.35315586,      -12.53864582,      -11.42255583,             0.448,    0.008451443492,      -0.188596544,                 0,                 0,                 0,    -0.06956100256,      0.0125636442,     -0.1883672958,                 0,      -22.31530556
          0,           0,         629,      -12.00836073,      -12.35786046,      -12.55798315,      -11.44754185,             0.448,    0.008451443483,      -0.188596544,                 0,                 0,                 0,    -0.06956100258,     0.01256364419,     -0.1883672958,                 0,      -22.31530559
          0,           0,         630,      -12.03374833,      -12.36308837,      -12.57725803,      -11.47285141,             0.448,    0.008451443474,      -0.188596544,                 0,                 0,                 0,     -0.0695610026,     0.01256364418,     -0.1883672958,                 0,      -22.31530561
          0,           0,         631,      -12.05937727,      -12.36884611,      -12.59640933,      -11.49841636,             0.448,    0.008451443466,      -0.188596544,                 0,                 0,                 0,    -0.06956100262,     0.01256364418,     -0.1883672958,                 0,      -22.31530563
          0,           0,         632,      -12.08515689,      -12.37515924,       -12.6153903,      -11.52415038,             0.448,    0.008451443458,      -0.188596544,                 0,                 0,                 0,    -0.06956100263,     0.01256364417,     -0.1883672958,                 0,      -22.31530565
          0,           0,         633,      -12.11097941,      -12.38200492,      -12.63414656,      -11.54994681,             0.448,     0.00845144345,      -0.188596544,                 0,                 0,                 0,    -0.06956100265,     0.01256364416,     -0.1883672958,                 0,      -22.31530567
          0,           0,         634,      -12.13671299,      -12.38943271,      -12.65262673,      -11.57567994,             0.448,    0.008451443443,      -0.188596544,                 0,                 0,                 0,    -0.06956100267,     0.01256364415,     -0.1883672958,                 0,      -22.31530569
          0,           0,         635,      -12.16219946,      -12.39742398,      -12.67077448,      -11.60119645,             0.448,    0.008451443436,      -0.188596544,                 0,                 0,                 0,    -0.06956100268,     0.01256364415,     -0.1883672958,                 0,      -22.31530571
          0,           0,         636,      -12.18725414,      -12.40602482,      -12.68854175,      -11.62631697,             0.448,     0.00845144343,     -0.1885965439,                 0,                 0,                 0,     -0.0695610027,     0.01256364414,     -0.1883672958,                 0,      -22.31530572
          0,           0,         637,      -12.21167092,      -12.41524602,      -12.70587521,      -11.65083878,             0.448,    0.008451443424,     -0.1885965439,                 0,                 0,                 0,    -0.06956100271,     0.01256364413,     -0.1883672958,                 0,      -22.31530574
          0,           0,         638,       -12.2352178,      -12.42509235,      -12.72270998,      -11.67453644,             0.448,    0.008451443418,     -0.1885965439,                 0,                 0,                 0,    -0.06956100273,     0.01256364413,     -0.1883672958,                 0,      -22.31530575
          0,           0,         639,      -12.25764132,      -12.43558658,      -12.73899773,      -11.69716069,             0.448,    0.008451443413,     -0.1885965439,                 0,                 0,                 0,    -0.06956100274,     0.01256364412,     -0.1883672958,                 0,      -22.31530577
          0,           0,         640,      -12.27868876,      -12.44671818,      -12.75470389,       -11.7184627,             0.448,    0.008451443408,     -0.1885965439,                 0,                 0,                 0,    -0.06956100275,     0.01256364412,     -0.1883672958,                 0,      -22.31530578
          0,           0,         641,      -12.29810839,      -12.45851409,      -12.76977826,      -11.73818479,             0.448,    0.008451443404,     -0.1885965439,                 0,                 0,                 0,    -0.06956100276,     0.01256364411,     -0.1883672958,                 0,      -22.31530579
          0,           0,         642,       -12.3156795,      -12.47097952,      -12.78417409,      -11.75610974,             0.448,    0.008451443399,     -0.1885965439,                 0,                 0,                 0,    -0.06956100277,     0.01256364411,     -0.1883672958,                 0,       -22.3153058
          0,           0,         643,      -12.33122289,      -12.48406109,      -12.79786721,      -11.77204531,             0.448,    0.008451443396,     -0.1885965439,                 0,                 0,                 0,    -0.06956100278,      0.0125636441,     -0.1883672958,                 0,      -22.31530581
          0,           0,         644,      -12.34463114,      -12.49779694,      -12.81083465,      -11.78587343,             0.448,    0.008451443392,     -0.1885965439,                 0,                 0,                 0,    -0.06956100279,      0.0125636441,     -0.1883672958,                 0,      -22.31530582
          0,           0,         645,      -12.35586568,      -12.51217884,      -12.82303948,      -11.79754118,             0.448,    0.008451443389,     -0.1885965439,                 0,                 0,                 0,     -0.0695610028,      0.0125636441,     -0.1883672958,                 0,      -22.31530583
          0,           0,         646,      -12.36498008,      -12.52718707,      -12.83449624,      -11.80708831,             0.448,    0.008451443386,     -0.1885965439,                 0,                 0,                 0,    -0.06956100281,     0.01256364409,     -0.1883672958,                 0,      -22.31530584
          0,           0,         647,      -12.37210284,      -12.54280927,      -12.84522468,      -11.81462632,             0.448,    0.008451443383,     -0.1885965439,                 0,                 0,                 0,    -0.06956100282,     0.01256364409,     -0.1883672958,                 0,      -22.31530584
          0,           0,         648,      -12.37742177,       -12.5590201,      -12.85524923,      -11.82032915,             0.448,    0.008451443381,     -0.1885965439,                 0,                 0,                 0,    -0.06956100283,     0.01256364409,     -0.1883672958,                 0,      -22.31530585
          0,           0,         649,      -12.38118176,      -12.57584048,      -12.86459248,      -11.82443343,             0.448,    0.008451443379,     -0.1885965439,                 0,                 0,                 0,    -0.06956100283,     0.01256364409,     -0.1883672958,                 0,      -22.31530585
          0,           0,         650,      -12.38364348,       -12.5932565,      -12.87335096,      -11.82719446,             0.448,    0.008451443377,     -0.1885965439,                 0,                 0,                 0,    -0.06956100284,     0.01256364409,     -0.1883672958,                 0,      -22.31530586
          0,           0,         651,      -12.38507884,      -12.61127579,      -12.88155755,      -11.82887871,             0.448,    0.008451443376,     -0.1885965439,                 0,                 0,                 0,    -0.06956100284,     0.01256364408,     -0.1883672958,                 0,      -22.31530586
          0,           0,         652,      -12.38574803,      -12.62983929,      -12.88928027,      -11.82974845,             0.448,    0.008451443375,     -0.1885965439,                 0,                 0,                 0,    -0.06956100285,     0.01256364408,     -0.1883672958,                 0,      -22.31530586
          0,           0,         653,      -12.38589478,      -12.64902932,      -12.89662154,      -11.83004979,             0.448,    0.008451443374,     -0.1885965439,                 0,                 0,                 0,    -0.06956100285,     0.01256364408,     -0.1883672958,                 0,      -22.31530587
          0,           0,         654,      -12.38573401,      -12.66881877,      -12.90363759,      -11.82999829,             0.448,    0.008451443373,     -0.1885965439,                 0,                 0,                 0,    -0.06956100286,     0.01256364408,     -0.1883672958,                 0,      -22.31530587
          0,           0,         655,      -12.38545012,      -12.68916695,      -12.91040854,      -11.82978515,             0.448,    0.008451443372,     -0.1885965439,                 0,                 0,                 0,    -0.06956100286,     0.01256364408,     -0.1883672958,                 0,      -22.31530587
          0,           0,         656,      -12.38520087,      -12.71010749,      -12.91700864,      -11.82956929,             0.448,    0.008451443372,     -0.1885965439,                 0,                 0,                 0,    -0.06956100286,     0.01256364408,     -0.1883672958,                 0,      -22.31530587
          0,           0,         657,      -12.38511561,      -12.73165575,      -12.92349862,      -11.82949005,             0.448,    0.008451443372,     -0.1885965439,                 0,                 0,                 0,    -0.06956100287,     0.01256364408,     -0.1883672958,                 0,      -22.31530587
          0,           0,         658,        -12.385298,      -12.75374808,      -12.92994348,      -11.82965231,             0.448,    0.008451443372,     -0.1885965439,                 0,                 0,                 0,    -0.06956100287,     0.01256364408,     -0.1883672958,                 0,      -22.31530587
          0,           0,         659,      -12.38583078,      -12.77641831,      -12.93640471,      -11.83014475,             0.448,    0.008451443372,     -0.1885965439,                 0,                 0,                 0,    -0.06956100287,     0.01256364408,     -0.1883672958,                 0,      -22.31530587
          0,           0,         660,      -12.38678222,      -12.79964343,      -12.94292349,       -11.8310365,             0.448,    0.008451443372,     -0.1885965439,                 0,                 0,                 0,    -0.06956100287,     0.01256364408,     -0.1883672958,                 0,      -22.31530587
          0,           0,         661,      -12.38820068,      -12.82343275,        -12.949554,      -11.83238107,             0.448,    0.008451443373,     -0.1885965439,                 0,                 0,                 0,    -0.06956100288,     0.01256364408,     -0.1883672958,                 0,      -22.31530587
          0,           0,         662,      -12.39012276,      -12.84774896,      -12.95632058,      -11.83421843,             0.448,    0.008451443373,     -0.1885965439,                 0,                 0,                 0,    -0.06956100288,     0.01256364408,     -0.1883672958,                 0,      -22.31530587
          0,           0,         663,       -12.3925765,      -12.87254209,      -12.96327575,      -11.83657861,             0.448,    0.008451443374,     -0.1885965439,                 0,                 0,                 0,    -0.06956100288,     0.01256364408,     -0.1883672958,                 0,      -22.31530587
          0,           0,         664,      -12.39558356,       -12.8978268,      -12.97044494,      -11.83948414,             0.448,    0.008451443375,     -0.1885965439,                 0,                 0,                 0,    -0.06956100288,     0.01256364408,     -0.1883672958,                 0,      -22.31530586
          0,           0,         665,      -12.39915536,      -12.92351745,       -12.9778513,      -11.84294871,             0.448,    0.008451443376,     -0.1885965439,                 0,                 0,                 0,    -0.06956100288,     0.01256364408,     -0.1883672958,                 0,      -22.31530586
          0,           0,         666,      -12.40330103,      -12.94957325,      -12.98552155,      -11.84698351,             0.448,    0.008451443377,     -0.1885965439,                 0,                 0,                 0,    -0.06956100288,     0.01256364408,     -0.1883672958,                 0,      -22.31530586
          0,           0,         667,      -12.40802391,      -12.97593333,      -12.99347056,      -11.85159194,             0.448,    0.008451443378,     -0.1885965439,                 0,                 0,                 0,    -0.06956100288,     0.01256364409,     -0.1883672958,                 0,      -22.31530586
          0,           0,         668,      -12.41332769,       -13.0025073,      -13.00171803,      -11.85677963,             0.448,    0.008451443379,     -0.1885965439,                 0,                 0,                 0,    -0.06956100288,     0.01256364409,     -0.1883672958,                 0,      -22.31530585
          0,           0,         669,      -12.41921072,      -13.02918356,      -13.01028288,       -11.8625448,             0.448,     0.00845144338,     -0.1885965439,                 0,                 0,                 0,    -0.06956100288,     0.01256364409,     -0.1883672958,                 0,      -22.31530585
          0,           0,         670,      -12.42567129,      -13.05577359,      -13.01917088,      -11.86888665,             0.448,    0.008451443381,     -0.1885965439,                 0,                 0,                 0,    -0.06956100288,     0.01256364409,     -0.1883672958,                 0,      -22.31530585
          0,           0,         671,      -12.43270684,      -13.08223521,      -13.02839361,      -11.87580258,             0.448,    0.008451443383,     -0.1885965439,                 0,                 0,                 0,    -0.06956100287,     0.01256364409,     -0.1883672958,                 0,      -22.31530584
          0,           0,         672,      -12.44031399,      -13.10824447,      -13.03796221,       -11.8832897,             0.448,    0.008451443384,     -0.1885965439,                 0,                 0,                 0,    -0.06956100287,     0.01256364409,     -0.1883672958,                 0,      -22.31530584
          0,           0,         673,      -12.44848767,      -13.13364636,      -13.04787661,      -11.89134334,             0.448,    0.008451443386,     -0.1885965439,                 0,                 0,                 0,    -0.06956100287,     0.01256364409,     -0.1883672958,                 0,      -22.31530583
          0,           0,         674,      -12.45722424,      -13.15819656,      -13.05814553,      -11.89995986,             0.448,    0.008451443387,     -0.1885965439,                 0,                 0,                 0,    -0.06956100287,      0.0125636441,     -0.1883672958,                 0,      -22.31530583
          0,           0,         675,      -12.46651953,      -13.18165761,      -13.06877126,      -11.90913563,             0.448,    0.008451443389,     -0.1885965439,                 0,                 0,                 0,    -0.06956100287,      0.0125636441,     -0.1883672958,                 0,      -22.31530583
          0,           0,         676,      -12.47636939,      -13.20374039,      -13.07975477,      -11.91886591,             0.448,    0.008451443391,     -0.1885965439,                 0,                 0,                 0,    -0.06956100287,      0.0125636441,     -0.1883672958,                 0,      -22.31530582
          0,           0,         677,      -12.48676979,      -13.22410191,      -13.09110482,      -11.92914812,             0.448,    0.008451443392,     -0.1885965439,                 0,                 0,                 0,    -0.06956100287,      0.0125636441,     -0.1883672958,                 0,      -22.31530582
          0,           0,         678,      -12.49771712,      -13.24260846,      -13.10281532,      -11.93997628,             0.448,    0.008451443394,     -0.1885965439,                 0,                 0,                 0,    -0.06956100286,      0.0125636441,     -0.1883672958,                 0,      -22.31530581
          0,           0,         679,      -12.50920941,      -13.25899123,      -13.11488779,      -11.95134971,             0.448,    0.008451443396,     -0.1885965439,                 0,                 0,                 0,    -0.06956100286,      0.0125636441,     -0.1883672958,                 0,      -22.31530581
          0,           0,         680,      -12.52124265,      -13.27318471,      -13.12732134,      -11.96326467,             0.448,    0.008451443397,     -0.1885965439,                 0,                 0,                 0,    -0.06956100286,     0.01256364411,     -0.1883672958,                 0,       -22.3153058
          0,           0,         681,      -12.53381535,      -13.28509103,      -13.14012161,      -11.97571923,             0.448,    0.008451443399,     -0.1885965439,                 0,                 0,                 0,    -0.06956100286,     0.01256364411,     -0.1883672958,                 0,       -22.3153058
          0,           0,         682,      -12.54692463,      -13.29468775,      -13.15327089,      -11.98871034,             0.448,    0.008451443401,     -0.1885965439,                 0,                 0,                 0,    -0.06956100285,     0.01256364411,     -0.1883672958,                 0,       -22.3153058
          0,           0,         683,       -12.5605688,      -13.30219854,      -13.16677828,      -12.00223689,             0.448,    0.008451443402,     -0.1885965439,                 0,                 0,                 0,    -0.06956100285,     0.01256364411,     -0.1883672958,                 0,      -22.31530579
          0,           0,         684,      -12.57474804,      -13.30779647,      -13.18063348,      -12.01629792,             0.448,    0.008451443404,     -0.1885965439,                 0,                 0,                 0,    -0.06956100285,     0.01256364411,     -0.1883672958,                 0,      -22.31530579
          0,           0,         685,      -12.58946142,       -13.3115637,      -13.19482625,      -12.03089242,             0.448,    0.008451443406,     -0.1885965439,                 0,                 0,                 0,    -0.06956100285,     0.01256364411,     -0.1883672958,                 0,      -22.31530578
          0,           0,         686,      -12.60470744,      -13.31384382,      -13.20935437,      -12.04602018,             0.448,    0.008451443407,     -0.1885965439,                 0,                 0,                 0,    -0.06956100285,     0.01256364412,     -0.1883672958,                 0,      -22.31530578
          0,           0,         687,      -12.62048607,      -13.31503655,      -13.22421282,      -12.06168129,             0.448,    0.008451443409,     -0.1885965439,                 0,                 0,                 0,    -0.06956100284,     0.01256364412,     -0.1883672958,                 0,      -22.31530577
          0,           0,         688,      -12.63679452,      -13.31520886,      -13.23939763,      -12.07787179,             0.448,    0.008451443411,     -0.1885965439,                 0,                 0,                 0,    -0.06956100284,     0.01256364412,     -0.1883672958,                 0,      -22.31530577
          0,           0,         689,      -12.65363825,      -13.31477425,      -13.25488912,      -12.09459712,             0.448,    0.008451443412,     -0.1885965439,                 0,                 0,                 0,    -0.06956100284,     0.01256364412,     -0.1883672958,                 0,      -22.31530577
          0,           0,         690,      -12.67101136,       -13.3138222,      -13.27068273,      -12.11185234,             0.448,    0.008451443414,     -0.1885965439,                 0,                 0,                 0,    -0.06956100284,     0.01256364412,     -0.1883672958,                 0,      -22.31530576
          0,           0,         691,      -12.68891084,      -13.31251604,      -13.28677533,       -12.1296355,             0.448,    0.008451443415,     -0.1885965439,                 0,                 0,                 0,    -0.06956100283,     0.01256364412,     -0.1883672958,                 0,      -22.31530576
          0,           0,         692,      -12.70733647,       -13.3111483,      -13.30311231,      -12.14794254,             0.448,    0.008451443417,     -0.1885965439,                 0,                 0,                 0,    -0.06956100283,     0.01256364413,     -0.1883672958,                 0,      -22.31530575
          0,           0,         693,      -12.72629187,      -13.30989434,      -13.31968614,      -12.16678035,             0.448,    0.008451443418,     -0.1885965439,                 0,                 0,                 0,    -0.06956100283,     0.01256364413,     -0.1883672958,                 0,      -22.31530575
          0,           0,         694,      -12.74576429,      -13.30877775,      -13.33650407,      -12.18613764,             0.448,     0.00845144342,     -0.1885965439,                 0,                 0,                 0,    -0.06956100283,     0.01256364413,     -0.1883672958,                 0,      -22.31530575
          0,           0,         695,      -12.76574824,      -13.30786092,       -13.3535475,      -12.20600869,             0.448,    0.008451443421,     -0.1885965439,                 0,                 0,                 0,    -0.06956100282,     0.01256364413,     -0.1883672958,                 0,      -22.31530574
          0,           0,         696,      -12.78623222,      -13.30720476,      -13.37075478,      -12.22638132,             0.448,    0.008451443423,     -0.1885965439,                 0,                 0,                 0,    -0.06956100282,     0.01256364413,     -0.1883672958,                 0,      -22.31530574
          0,           0,         697,      -12.80721247,      -13.30701055,      -13.38812331,      -12.24725028,             0.448,    0.008451443424,     -0.1885965439,                 0,                 0,                 0,    -0.06956100282,     0.01256364413,     -0.1883672958,                 0,      -22.31530574
          0,           0,         698,      -12.82866503,      -13.30729349,      -13.40561887,      -12.26860071,             0.448,    0.008451443425,     -0.1885965439,                 0,                 0,                 0,    -0.06956100282,     0.01256364413,     -0.1883672958,                 0,      -22.31530573
          0,           0,         699,      -12.85056634,      -13.30795652,      -13.42317651,      -12.29039921,             0.448,    0.008451443426,     -0.1885965439,                 0,                 0,                 0,    -0.06956100281,     0.01256364414,     -0.1883672958,                 0,      -22.31530573
          0,           0,         700,      -12.87289477,      -13.30902307,      -13.44080218,      -12.31263634,             0.448,    0.008451443428,     -0.1885965439,                 0,                 0,                 0,    -0.06956100281,     0.01256364414,     -0.1883672958,                 0,      -22.31530573
          0,           0,         701,      -12.89560998,      -13.31076958,      -13.45842417,      -12.33526367,             0.448,    0.008451443429,     -0.1885965439,                 0,                 0,                 0,    -0.06956100281,     0.01256364414,     -0.1883672958,                 0,      -22.31530573
          0,           0,         702,      -12.91867678,      -13.31300364,      -13.47600954,      -12.35825868,             0.448,     0.00845144343,     -0.1885965439,                 0,                 0,                 0,    -0.06956100281,     0.01256364414,     -0.1883672958,                 0,      -22.31530572
          0,           0,         703,      -12.94202829,      -13.31567122,      -13.49352681,      -12.38153984,             0.448,    0.008451443431,     -0.1885965439,                 0,                 0,                 0,    -0.06956100281,     0.01256364414,     -0.1883672958,                 0,      -22.31530572
          0,           0,         704,      -12.96560724,      -13.31908108,      -13.51086241,      -12.40507252,             0.448,    0.008451443432,     -0.1885965439,                 0,                 0,                 0,     -0.0695610028,     0.01256364414,     -0.1883672958,                 0,      -22.31530572
          0,           0,         705,      -12.98931702,      -13.32301274,      -13.52802891,      -12.42874987,             0.448,    0.008451443433,     -0.1885965439,                 0,                 0,                 0,     -0.0695610028,     0.01256364414,     -0.1883672958,                 0,      -22.31530571
          0,           0,         706,      -13.01307416,      -13.32745908,      -13.54495648,      -12.45249476,             0.448,    0.008451443434,     -0.1885965439,                 0,                 0,                 0,     -0.0695610028,     0.01256364414,     -0.1883672958,                 0,      -22.31530571
