"Time_Iter","Outer_Iter","Inner_Iter",    "rms[Rho]"    ,    "rms[RhoU]"   ,    "rms[RhoV]"   ,    "rms[RhoE]"   ,     "rms[nu]"    
          0,           0,           0,      -4.166609637,      -16.32691885,      -16.24055947,       -2.71516436,      -10.66943234
          0,           0,           1,      -5.005108035,      -4.203237993,      -3.993510452,      -3.548762892,      -10.77070205
          0,           0,           2,      -4.895155818,      -4.301305221,      -4.358232834,      -3.433883307,      -10.98653843
          0,           0,           3,      -4.920135324,        -4.3809969,      -4.589776772,      -3.462321781,      -10.96169714
          0,           0,           4,      -5.016796196,      -4.427353891,      -4.563632642,      -3.563428124,      -10.95396858
          0,           0,           5,      -5.106310813,      -4.450862616,      -4.563062373,      -3.659693055,      -10.95600346
          0,           0,           6,      -5.161954619,      -4.466324602,      -4.585290987,      -3.722448324,      -10.94877901
          0,           0,           7,      -5.187443734,      -4.482123903,       -4.61178991,      -3.752783705,      -10.93157704
          0,           0,           8,      -5.193693596,      -4.502567978,      -4.638412254,      -3.761217235,      -10.90495166
          0,           0,           9,      -5.189389061,      -4.530074288,      -4.666086044,      -3.756347585,      -10.87790387
          0,           0,          10,       -5.18191551,      -4.564197531,      -4.695027172,      -3.746313517,      -10.85536613
          0,           0,          11,      -5.178475066,      -4.600612455,      -4.723066019,      -3.739409731,      -10.83147271
          0,           0,          12,       -5.18328105,       -4.63169307,       -4.74342374,      -3.741575354,       -10.8046031
          0,           0,          13,      -5.195947447,      -4.649635731,      -4.747505988,      -3.754211825,      -10.77771126
          0,           0,          14,      -5.212831339,       -4.65378762,      -4.735610457,      -3.773936209,      -10.75595882
          0,           0,          15,      -5.229882227,       -4.65133377,      -4.718395874,      -3.794524817,      -10.74191016
          0,           0,          16,      -5.245393984,      -4.649845604,      -4.705955164,      -3.811121175,      -10.73530576
          0,           0,          17,      -5.260642409,      -4.652369717,      -4.701811774,      -3.823752147,      -10.73379507
          0,           0,          18,      -5.278254872,      -4.658098039,      -4.704584382,      -3.836338203,      -10.73454684
          0,           0,          19,      -5.300027171,      -4.665244715,      -4.711605651,      -3.852764318,      -10.73494246
          0,           0,          20,      -5.325137415,      -4.673362437,       -4.72161053,      -3.873925241,      -10.73444193
          0,           0,          21,       -5.34931331,      -4.683802709,      -4.735292784,      -3.896572095,      -10.73251035
          0,           0,          22,      -5.366081092,      -4.698488944,      -4.753959466,      -3.914272309,      -10.72959925
          0,           0,          23,      -5.370900205,      -4.717998629,       -4.77778608,      -3.921543823,      -10.72594205
          0,           0,          24,      -5.365371776,      -4.739567807,      -4.804675443,      -3.918641782,      -10.72166289
          0,           0,          25,      -5.356251572,      -4.756870954,      -4.830120804,      -3.911487893,      -10.71698291
          0,           0,          26,      -5.350797342,      -4.762570033,      -4.848663947,       -3.90719426,      -10.71258019
          0,           0,          27,      -5.353787487,        -4.7537451,      -4.857108021,      -3.910651705,      -10.70861245
          0,           0,          28,      -5.367225115,      -4.734759714,      -4.857046945,      -3.923902041,      -10.70504311
          0,           0,          29,      -5.390954511,      -4.713768424,      -4.853690997,      -3.946669173,      -10.70123504
          0,           0,          30,      -5.423109834,      -4.697718885,      -4.852467549,      -3.976844631,      -10.69654653
          0,           0,          31,      -5.460288963,      -4.690449686,      -4.856890427,       -4.01081121,      -10.69060412
          0,           0,          32,      -5.497804613,      -4.693034821,      -4.868290188,      -4.043985356,       -10.6827941
          0,           0,          33,      -5.530559401,       -4.70447156,      -4.886333661,      -4.071994299,      -10.67257581
          0,           0,          34,      -5.554800871,      -4.722062007,      -4.909632796,      -4.092343887,      -10.66002904
          0,           0,          35,      -5.569890491,      -4.741662846,      -4.936147909,      -4.105476359,      -10.64543217
          0,           0,          36,        -5.5783503,      -4.758367666,      -4.963458814,      -4.114204071,      -10.62991939
          0,           0,          37,      -5.584079713,      -4.768171143,      -4.989056949,       -4.12198222,      -10.61450444
          0,           0,          38,      -5.590711209,      -4.769835618,      -5.010753222,      -4.131654728,      -10.59957119
          0,           0,          39,      -5.600953489,      -4.765234037,      -5.027140102,      -4.145194016,      -10.58531672
          0,           0,          40,       -5.61648395,      -4.757811954,      -5.037824633,      -4.163820745,      -10.57224404
          0,           0,          41,      -5.637919164,      -4.750747376,      -5.043438303,      -4.188035087,      -10.56033631
          0,           0,          42,      -5.664673541,      -4.746038432,      -5.045493403,      -4.217484069,      -10.54943513
          0,           0,          43,      -5.694830493,      -4.744491632,      -5.046024771,      -4.250391372,      -10.53929235
          0,           0,          44,      -5.724771818,      -4.746066015,      -5.047071748,       -4.28276445,      -10.52982173
          0,           0,          45,      -5.749369702,      -4.750167319,      -5.050361859,      -4.308747641,      -10.52107804
          0,           0,          46,      -5.764080975,      -4.755813867,      -5.057278298,      -4.323224705,      -10.51292482
          0,           0,          47,      -5.767864464,      -4.761810405,      -5.068706808,      -4.325388824,      -10.50533483
          0,           0,          48,      -5.763880979,      -4.767009891,      -5.084558715,      -4.319291691,      -10.49815613
          0,           0,          49,      -5.757451434,      -4.770571818,      -5.103470466,      -4.311058985,      -10.49137057
          0,           0,          50,      -5.753526622,      -4.772154616,      -5.122968601,      -4.305994347,      -10.48491363
          0,           0,          51,      -5.755413871,      -4.771966827,      -5.140052635,      -4.307385438,      -10.47850019
          0,           0,          52,      -5.764716603,      -4.770643713,        -5.1521855,      -4.316606737,      -10.47185433
          0,           0,          53,      -5.781667935,      -4.769009192,      -5.158332511,      -4.333528447,      -10.46488285
          0,           0,          54,      -5.805383409,      -4.767833588,      -5.159346013,      -4.356773322,      -10.45767601
          0,           0,          55,      -5.833945878,      -4.767668884,       -5.15739055,      -4.383808044,      -10.45015554
          0,           0,          56,      -5.864423146,       -4.76877866,      -5.154913369,      -4.411063142,      -10.44226878
          0,           0,          57,      -5.893103497,      -4.771145121,      -5.153873407,       -4.43443642,       -10.4338495
          0,           0,          58,      -5.916416224,      -4.774520686,      -5.155541724,      -4.450578736,        -10.424857
          0,           0,          59,      -5.932476646,      -4.778488535,      -5.160685913,      -4.458615397,      -10.41530867
          0,           0,          60,      -5.941744576,      -4.782533595,      -5.169556295,      -4.460463608,      -10.40527351
          0,           0,          61,      -5.946264756,      -4.786161264,      -5.181513468,      -4.459273983,      -10.39479507
          0,           0,          62,      -5.949047531,      -4.789029861,      -5.195001072,      -4.458245891,      -10.38399853
          0,           0,          63,      -5.953392986,      -4.791014559,      -5.208033038,      -4.460142186,      -10.37293367
          0,           0,          64,      -5.962011107,      -4.792214945,      -5.218830027,      -4.466906837,      -10.36164875
          0,           0,          65,      -5.976540839,      -4.792919758,       -5.22639488,       -4.47948721,      -10.35018055
          0,           0,          66,      -5.997388681,      -4.793530536,      -5.230807224,      -4.497774926,      -10.33853772
          0,           0,          67,      -6.023593298,      -4.794466881,      -5.233075523,      -4.520526747,      -10.32666613
          0,           0,          68,      -6.052602441,      -4.796081537,      -5.234651799,       -4.54526445,      -10.31458373
          0,           0,          69,      -6.080146496,      -4.798603578,      -5.236899666,      -4.568333343,       -10.3022746
          0,           0,          70,      -6.100958746,      -4.802119726,      -5.240768827,      -4.585592585,      -10.28972936
          0,           0,          71,        -6.1113459,      -4.806590893,      -5.246801088,      -4.594330018,      -10.27697829
          0,           0,          72,      -6.112103849,      -4.811880411,       -5.25531181,      -4.595383542,      -10.26404838
          0,           0,          73,      -6.107719429,      -4.817766057,      -5.266271415,      -4.592506913,      -10.25093208
          0,           0,          74,      -6.103299685,      -4.823966326,      -5.279048627,      -4.589902965,       -10.2376474
          0,           0,          75,       -6.10302079,      -4.830208589,       -5.29254594,      -4.590951741,      -10.22422855
          0,           0,          76,      -6.109764242,      -4.836302935,      -5.305579592,      -4.597923936,      -10.21068848
          0,           0,          77,      -6.125084694,      -4.842183052,      -5.317216336,      -4.611912647,      -10.19706062
          0,           0,          78,      -6.149231476,      -4.847905996,      -5.326983879,      -4.632786916,      -10.18339253
          0,           0,          79,      -6.181002406,       -4.85361744,      -5.334928317,      -4.659066552,      -10.16970722
          0,           0,          80,      -6.217324522,      -4.859500131,      -5.341512892,      -4.687742061,      -10.15600391
          0,           0,          81,      -6.252786653,      -4.865722167,      -5.347415048,      -4.714331294,       -10.1422998
          0,           0,          82,      -6.280053899,      -4.872400771,      -5.353315755,      -4.733725772,      -10.12860364
          0,           0,          83,      -6.292813359,      -4.879585469,       -5.35982551,      -4.742266502,      -10.11495156
          0,           0,          84,      -6.290485321,      -4.887258461,      -5.367574214,      -4.740148708,        -10.101327
          0,           0,          85,      -6.278682147,      -4.895344436,      -5.377125789,      -4.731351648,      -10.08780266
          0,           0,          86,      -6.264600586,      -4.903732156,      -5.388629668,      -4.720945145,      -10.07439838
          0,           0,          87,      -6.253932796,      -4.912301411,      -5.401724669,      -4.713127163,      -10.06112797
          0,           0,          88,      -6.250381576,      -4.920950452,      -5.415749188,      -4.710721616,      -10.04797092
          0,           0,          89,      -6.255967656,      -4.929619523,      -5.429991865,      -4.715245538,      -10.03491097
          0,           0,          90,      -6.271432795,      -4.938304317,      -5.443882645,      -4.727114169,      -10.02194842
          0,           0,          91,      -6.296472831,      -4.947053714,      -5.457109439,      -4.745792483,      -10.00909159
          0,           0,          92,      -6.329667513,       -4.95595158,       -5.46965149,      -4.769825581,      -9.996287445
          0,           0,          93,      -6.368095231,      -4.965088705,      -5.481731512,       -4.79680437,      -9.983548786
          0,           0,          94,      -6.406831797,      -4.974534551,      -5.493715354,      -4.823444753,      -9.970872662
          0,           0,          95,      -6.439165464,      -4.984318367,      -5.506004727,      -4.846106345,      -9.958244205
          0,           0,          96,      -6.459076889,      -4.994422628,      -5.518984874,      -4.862076167,      -9.945656109
          0,           0,          97,      -6.465380246,      -5.004782114,      -5.533012908,      -4.871068539,      -9.933109623
          0,           0,          98,      -6.462436515,      -5.015281626,      -5.548284409,      -4.875219442,      -9.920631357
          0,           0,          99,      -6.456608098,      -5.025767518,      -5.564629466,      -4.877651142,      -9.908240082
          0,           0,         100,      -6.453392528,       -5.03608115,      -5.581523526,      -4.881349935,       -9.89595399
          0,           0,         101,      -6.456527157,      -5.046096762,      -5.598287504,      -4.888614729,       -9.88379225
          0,           0,         102,      -6.468037911,      -5.055746535,      -5.614302211,      -4.900784505,      -9.871766947
          0,           0,         103,      -6.488525622,      -5.065027287,      -5.629170709,      -4.918147162,      -9.859878762
          0,           0,         104,      -6.517300758,      -5.073990453,      -5.642808006,      -4.939926381,      -9.848133401
          0,           0,         105,      -6.552210485,      -5.082720174,       -5.65544024,      -4.964294276,       -9.83653394
          0,           0,         106,      -6.589221878,      -5.091307432,       -5.66751535,      -4.988486523,      -9.825068448
          0,           0,         107,      -6.622264591,      -5.099827031,      -5.679556787,      -5.009219139,      -9.813730095
          0,           0,         108,       -6.64459261,      -5.108322916,      -5.692038251,      -5.023616333,      -9.802514695
          0,           0,         109,      -6.652357517,      -5.116801956,      -5.705337287,      -5.030470094,      -9.791418154
          0,           0,         110,      -6.647329639,      -5.125230846,      -5.719673235,      -5.030856185,      -9.780432912
          0,           0,         111,      -6.635330512,      -5.133539899,      -5.734952253,      -5.027460987,      -9.769556638
          0,           0,         112,      -6.622734176,      -5.141640949,      -5.750709397,      -5.023405175,      -9.758779709
          0,           0,         113,       -6.61434375,      -5.149450098,      -5.766240128,      -5.021353232,      -9.748091271
          0,           0,         114,      -6.612988265,      -5.156906288,      -5.780812369,      -5.023084086,      -9.737477954
          0,           0,         115,      -6.619890477,      -5.163982367,      -5.793864606,      -5.029418562,      -9.726928157
          0,           0,         116,      -6.635056457,      -5.170686638,      -5.805137723,      -5.040299582,      -9.716429419
          0,           0,         117,      -6.657400468,       -5.17705527,      -5.814706414,      -5.054884053,      -9.705973529
          0,           0,         118,      -6.684583296,      -5.183137896,      -5.822907514,      -5.071622955,      -9.695555374
          0,           0,         119,      -6.712731432,      -5.188981779,      -5.830204598,      -5.088402706,       -9.68516097
          0,           0,         120,      -6.736597701,      -5.194620294,      -5.837057935,      -5.102894145,      -9.674785227
          0,           0,         121,      -6.751112875,      -5.200068828,      -5.843864545,      -5.113217153,      -9.664431603
          0,           0,         122,      -6.754084542,      -5.205324695,      -5.850943813,       -5.11864527,      -9.654099262
          0,           0,         123,      -6.747397147,      -5.210367024,      -5.858458855,      -5.119762117,      -9.643792927
          0,           0,         124,      -6.735486298,       -5.21516178,      -5.866316489,      -5.118069237,      -9.633511901
          0,           0,         125,      -6.723086146,      -5.219675412,      -5.874190594,       -5.11546836,      -9.623266109
          0,           0,         126,      -6.713864895,       -5.22388927,      -5.881653355,      -5.113767782,      -9.613043419
          0,           0,         127,      -6.710044928,      -5.227807492,      -5.888317145,      -5.114296464,      -9.602860276
          0,           0,         128,       -6.71255125,      -5.231456694,      -5.893938158,      -5.117717932,       -9.59269569
          0,           0,         129,      -6.721275617,      -5.234879344,      -5.898465743,      -5.124023358,      -9.582572891
          0,           0,         130,      -6.735260542,      -5.238123784,      -5.902030249,      -5.132626172,       -9.57249198
          0,           0,         131,      -6.752791534,      -5.241233873,      -5.904877797,      -5.142512419,       -9.56247796
          0,           0,         132,      -6.771503758,      -5.244240581,      -5.907281421,      -5.152444226,      -9.552564341
          0,           0,         133,      -6.788681435,      -5.247157212,      -5.909466599,      -5.161221185,      -9.542778683
          0,           0,         134,      -6.801883074,      -5.249978617,      -5.911577826,      -5.167963338,      -9.533180193
          0,           0,         135,      -6.809751114,      -5.252684441,      -5.913680698,      -5.172327493,      -9.523790443
          0,           0,         136,       -6.81252341,      -5.255245464,       -5.91577011,      -5.174563074,      -9.514639641
          0,           0,         137,      -6.811853464,       -5.25763209,      -5.917772026,      -5.175388235,      -9.505737896
          0,           0,         138,      -6.810093281,      -5.259822709,       -5.91955924,      -5.175751678,      -9.497095911
          0,           0,         139,      -6.809532523,       -5.26180992,      -5.920997882,      -5.176577204,      -9.488711933
          0,           0,         140,      -6.811918142,      -5.263603139,      -5.922007226,       -5.17856366,      -9.480535543
          0,           0,         141,      -6.818268389,      -5.265227799,      -5.922603655,      -5.182069377,      -9.472509801
          0,           0,         142,      -6.828855075,      -5.266721341,      -5.922910945,      -5.187078556,      -9.464557929
          0,           0,         143,      -6.843242103,      -5.268127304,      -5.923137734,       -5.19323461,      -9.456568639
          0,           0,         144,      -6.860339957,      -5.269488858,      -5.923535087,      -5.199927733,      -9.448424215
          0,           0,         145,      -6.878511081,      -5.270842379,       -5.92435013,      -5.206426902,      -9.439997193
          0,           0,         146,      -6.895812512,      -5.272213547,      -5.925790586,      -5.212042473,      -9.431151165
          0,           0,         147,      -6.910438604,      -5.273615735,       -5.92800481,      -5.216285789,      -9.421747363
          0,           0,         148,      -6.921281149,      -5.275050701,      -5.931074799,      -5.218982056,      -9.411648434
          0,           0,         149,      -6.928329511,      -5.276511017,      -5.935014974,      -5.220298633,      -9.400753326
          0,           0,         150,      -6.932639786,      -5.277983643,       -5.93977364,      -5.220679489,      -9.388888341
          0,           0,         151,      -6.935891218,      -5.279454082,      -5.945240227,      -5.220711279,      -9.376018903
          0,           0,         152,      -6.939812423,      -5.280909177,      -5.951261048,      -5.220966271,      -9.362081854
          0,           0,         153,      -6.945739191,      -5.282338584,      -5.957663448,      -5.221870905,      -9.347040822
          0,           0,         154,      -6.954370322,      -5.283734457,      -5.964277006,      -5.223624962,      -9.330924055
          0,           0,         155,      -6.965674616,      -5.285090739,       -5.97095005,      -5.226183524,      -9.313748401
          0,           0,         156,      -6.978871014,      -5.286401739,      -5.977552817,      -5.229287377,       -9.29556302
          0,           0,         157,      -6.992488633,      -5.287660668,      -5.983969221,      -5.232533082,      -9.276434582
          0,           0,         158,      -7.004565621,      -5.288859428,       -5.99008436,      -5.235468178,      -9.256511791
          0,           0,         159,       -7.01306493,      -5.289989118,      -5.995772046,      -5.237685763,      -9.235825893
          0,           0,         160,      -7.016467502,       -5.29103861,      -6.000897862,      -5.238902735,       -9.21456019
          0,           0,         161,      -7.014271948,      -5.291994959,      -6.005319027,       -5.23899499,      -9.192846236
          0,           0,         162,      -7.007112019,      -5.292845359,       -6.00887905,       -5.23799869,       -9.17078397
          0,           0,         163,      -6.996442644,       -5.29357806,      -6.011409877,       -5.23609186,      -9.148487027
          0,           0,         164,      -6.984008458,      -5.294184692,      -6.012742478,      -5.233551287,      -9.126051391
          0,           0,         165,      -6.971384885,      -5.294662226,      -6.012730409,      -5.230692086,      -9.103577327
          0,           0,         166,      -6.959723769,       -5.29501411,      -6.011277756,      -5.227806949,      -9.081142625
          0,           0,         167,       -6.94968406,       -5.29525025,      -6.008360346,      -5.225118914,      -9.058804485
          0,           0,         168,       -6.94147793,       -5.29538608,      -6.004034498,      -5.222756817,      -9.036612898
          0,           0,         169,      -6.934973047,      -5.295440998,      -5.998431332,      -5.220756326,      -9.014648959
          0,           0,         170,      -6.929813908,      -5.295436546,      -5.991740105,      -5.219080341,      -8.992959134
          0,           0,         171,      -6.925546301,      -5.295394784,       -5.98418577,      -5.217651109,      -8.971568566
          0,           0,         172,      -6.921734886,      -5.295336885,       -5.97600845,      -5.216384823,      -8.950467141
          0,           0,         173,      -6.918060575,      -5.295282599,      -5.967447668,      -5.215222692,      -8.929686717
          0,           0,         174,      -6.914381522,       -5.29525023,      -5.958728402,      -5.214150811,      -8.909266418
          0,           0,         175,      -6.910748328,      -5.295257023,      -5.950053681,      -5.213206626,      -8.889215896
          0,           0,         176,      -6.907373046,      -5.295319955,       -5.94160031,      -5.212472044,      -8.869548301
          0,           0,         177,      -6.904567697,      -5.295456394,      -5.933517765,      -5.212056651,      -8.850253915
          0,           0,         178,       -6.90267331,      -5.295684561,      -5.925930432,      -5.212075936,      -8.831352878
          0,           0,         179,        -6.9019966,      -5.296023599,      -5.918941571,      -5.212629618,      -8.812867741
          0,           0,         180,      -6.902764621,      -5.296493538,      -5.912638387,        -5.2137846,      -8.794804523
          0,           0,         181,      -6.905099429,      -5.297114938,      -5.907095801,      -5.215565371,      -8.777167755
          0,           0,         182,      -6.909011424,      -5.297907899,      -5.902380661,      -5.217952105,      -8.759985067
          0,           0,         183,      -6.914408017,      -5.298891258,      -5.898549023,      -5.220886254,      -8.743269406
          0,           0,         184,      -6.921117237,      -5.300081961,      -5.895646663,      -5.224282992,      -8.727031285
          0,           0,         185,      -6.928918631,      -5.301494545,      -5.893707938,       -5.22804647,      -8.711279853
          0,           0,         186,      -6.937578887,      -5.303140878,      -5.892754414,      -5.232085462,      -8.696034368
          0,           0,         187,      -6.946887049,      -5.305029937,       -5.89279454,      -5.236326551,      -8.681311997
          0,           0,         188,      -6.956682874,      -5.307168109,      -5.893823287,      -5.240722573,      -8.667125259
          0,           0,         189,      -6.966872898,       -5.30955947,      -5.895823219,       -5.24525479,      -8.653490631
          0,           0,         190,      -6.977430501,      -5.312205964,      -5.898766428,      -5.249929308,      -8.640417805
          0,           0,         191,       -6.98837892,      -5.315108028,        -5.9026161,      -5.254769033,      -8.627921045
          0,           0,         192,      -6.999762795,      -5.318264796,      -5.907329804,      -5.259803009,      -8.616014679
          0,           0,         193,       -7.01161314,      -5.321674437,      -5.912859845,      -5.265055663,      -8.604718767
          0,           0,         194,      -7.023917002,      -5.325334154,      -5.919155969,      -5.270538804,      -8.594047142
          0,           0,         195,      -7.036594448,      -5.329240043,      -5.926167097,      -5.276246887,      -8.584022993
          0,           0,         196,      -7.049490254,      -5.333386935,      -5.933842542,      -5.282156855,      -8.574664359
          0,           0,         197,      -7.062382906,      -5.337768148,      -5.942132549,      -5.288231927,      -8.565978874
          0,           0,         198,      -7.075011348,      -5.342375306,       -5.95098859,      -5.294428347,      -8.557989175
          0,           0,         199,      -7.087115968,       -5.34719823,      -5.960363353,      -5.300703345,      -8.550724269
          0,           0,         200,      -7.098485547,      -5.352225153,      -5.970210875,       -5.30702231,      -8.544204469
          0,           0,         201,      -7.108999215,      -5.357443074,       -5.98048672,      -5.313363985,      -8.538454144
          0,           0,         202,       -7.11865219,      -5.362838302,      -5.991148233,      -5.319723091,      -8.533496365
          0,           0,         203,      -7.127558425,      -5.368397096,      -6.002154566,      -5.326110477,      -8.529345289
          0,           0,         204,      -7.135929056,      -5.374106249,      -6.013466607,       -5.33255084,      -8.526016242
          0,           0,         205,      -7.144033955,      -5.379953517,       -6.02504681,      -5.339078606,      -8.523537865
          0,           0,         206,      -7.152154457,       -5.38592803,      -6.036859302,      -5.345731901,      -8.521921676
          0,           0,         207,      -7.160537094,      -5.392020412,      -6.048870594,      -5.352545364,      -8.521182019
          0,           0,         208,      -7.169356009,       -5.39822277,      -6.061050602,      -5.359543143,      -8.521337073
          0,           0,         209,       -7.17868938,      -5.404528663,      -6.073373726,      -5.366733778,      -8.522398958
          0,           0,         210,      -7.188512284,      -5.410932905,      -6.085819791,      -5.374108235,      -8.524378514
          0,           0,         211,      -7.198706309,      -5.417431402,      -6.098374456,      -5.381641578,      -8.527279119
          0,           0,         212,      -7.209084947,      -5.424020953,       -6.11102913,      -5.389297808,       -8.53108454
          0,           0,         213,      -7.219431689,       -5.43069901,      -6.123780604,      -5.397036749,      -8.535818416
          0,           0,         214,      -7.229545119,      -5.437463829,      -6.136630397,      -5.404821754,      -8.541491427
          0,           0,         215,      -7.239280276,      -5.444314437,       -6.14958385,      -5.412625867,      -8.548106374
          0,           0,         216,      -7.248576516,      -5.451250552,      -6.162648938,      -5.420436046,      -8.555666103
          0,           0,         217,      -7.257461523,      -5.458272529,      -6.175834258,        -5.4282541,      -8.564171294
          0,           0,         218,      -7.266032091,      -5.465381185,      -6.189146972,      -5.436094163,      -8.573615453
          0,           0,         219,      -7.274420964,       -5.47257756,      -6.202591206,      -5.443977943,      -8.583994036
          0,           0,         220,      -7.282761723,      -5.479862644,      -6.216167406,      -5.451929027,      -8.595304407
          0,           0,         221,      -7.291159248,      -5.487237242,      -6.229872924,      -5.459967475,      -8.607542827
          0,           0,         222,      -7.299669128,      -5.494701768,      -6.243702932,      -5.468105147,      -8.620698407
          0,           0,         223,      -7.308289052,      -5.502256064,      -6.257651095,      -5.476343473,      -8.634768488
          0,           0,         224,      -7.316962121,      -5.509899291,      -6.271709768,      -5.484673729,      -8.649737928
          0,           0,         225,      -7.325591122,      -5.517629819,      -6.285869312,      -5.493079384,      -8.665594049
          0,           0,         226,      -7.334062394,      -5.525445086,      -6.300117322,      -5.501540255,      -8.682333005
          0,           0,         227,      -7.342273085,      -5.533341694,      -6.314436162,      -5.510037377,      -8.699944426
          0,           0,         228,      -7.350157231,      -5.541315485,      -6.328802272,      -5.518557417,      -8.718421995
          0,           0,         229,      -7.357702621,      -5.549361597,      -6.343184709,      -5.527095181,      -8.737756986
          0,           0,         230,      -7.364956654,      -5.557474653,      -6.357545069,      -5.535654979,      -8.757940025
          0,           0,         231,      -7.372017527,      -5.565648819,      -6.371837703,      -5.544249094,      -8.778956975
          0,           0,         232,      -7.379015015,      -5.573877887,      -6.386010721,       -5.55289469,      -8.800796633
          0,           0,         233,      -7.386084869,      -5.582155442,      -6.400008021,      -5.561609589,       -8.82342325
          0,           0,         234,      -7.393342279,      -5.590474928,      -6.413772165,      -5.570407536,      -8.846854138
          0,           0,         235,      -7.400860026,      -5.598829481,      -6.427247064,      -5.579294071,      -8.871071488
          0,           0,         236,      -7.408654435,      -5.607211873,      -6.440381491,      -5.588264071,      -8.896052306
          0,           0,         237,      -7.416681096,      -5.615614328,      -6.453131884,       -5.59730085,      -8.921771821
          0,           0,         238,       -7.42484125,      -5.624028296,      -6.465464395,      -5.606377403,      -8.948202234
          0,           0,         239,      -7.432997811,      -5.632444517,      -6.477356688,      -5.615459802,      -8.975310249
          0,           0,         240,        -7.4409981,      -5.640852583,      -6.488797332,      -5.624511193,      -9.003048438
          0,           0,         241,       -7.44869975,      -5.649240927,      -6.499786421,      -5.633496752,      -9.031325268
          0,           0,         242,      -7.455994014,      -5.657596782,      -6.510333182,      -5.642387867,      -9.060098737
          0,           0,         243,      -7.462822462,      -5.665906418,       -6.52045498,      -5.651165341,      -9.089297273
          0,           0,         244,      -7.469181984,      -5.674155201,      -6.530175197,      -5.659820199,      -9.118849298
          0,           0,         245,      -7.475117261,      -5.682327819,      -6.539521156,      -5.668352332,        -9.1486337
          0,           0,         246,      -7.480703228,      -5.690408673,      -6.548522218,      -5.676767289,      -9.178543087
          0,           0,         247,      -7.486022451,      -5.698382274,      -6.557208023,       -5.68507185,      -9.208445399
          0,           0,         248,      -7.491143192,      -5.706233546,      -6.565606836,      -5.693269363,      -9.238159458
          0,           0,         249,      -7.496103033,        -5.7139482,      -6.573743956,      -5.701355897,      -9.267474255
          0,           0,         250,       -7.50090189,      -5.721513062,      -6.581640023,      -5.709318312,      -9.296085369
          0,           0,         251,      -7.505504086,      -5.728916348,      -6.589308811,      -5.717134157,      -9.323686113
          0,           0,         252,      -7.509849108,      -5.736147901,      -6.596755006,      -5.724773753,      -9.349998073
          0,           0,         253,      -7.513866576,       -5.74319942,      -6.603971314,       -5.73220348,        -9.3747827
          0,           0,         254,      -7.517492879,      -5.750064644,      -6.610935871,      -5.739389958,      -9.397732516
          0,           0,         255,      -7.520684697,      -5.756739513,       -6.61760997,      -5.746303958,      -9.418495291
          0,           0,         256,      -7.523426555,       -5.76322224,      -6.623936757,      -5.752923252,      -9.436887613
          0,           0,         257,      -7.525731475,      -5.769513396,      -6.629841637,      -5.759234233,      -9.452767678
          0,           0,         258,      -7.527634781,      -5.775615955,      -6.635234626,      -5.765232043,      -9.466025701
          0,           0,         259,      -7.529183191,      -5.781535259,      -6.640015152,      -5.770919282,       -9.47668082
          0,           0,         260,      -7.530422579,      -5.787278885,      -6.644079008,      -5.776303874,      -9.484780589
          0,           0,         261,      -7.531387047,      -5.792856477,      -6.647327438,      -5.781396705,      -9.490489273
          0,           0,         262,      -7.532092327,      -5.798279527,      -6.649676795,      -5.786209717,       -9.49413311
          0,           0,         263,      -7.532534857,      -5.803561126,      -6.651068242,      -5.790754935,      -9.495907455
          0,           0,         264,      -7.532696739,      -5.808715602,      -6.651475567,      -5.795044634,      -9.496054333
          0,           0,         265,      -7.532555543,      -5.813758206,      -6.650910023,      -5.799092732,      -9.494887917
          0,           0,         266,      -7.532096902,      -5.818704811,      -6.649421971,        -5.8029173,      -9.492487756
          0,           0,         267,      -7.531326033,      -5.823571535,      -6.647098553,      -5.806542309,      -9.489097103
          0,           0,         268,      -7.530276545,      -5.828374565,      -6.644058583,      -5.809999776,       -9.48487333
          0,           0,         269,       -7.52901317,      -5.833129853,      -6.640444765,      -5.813330431,      -9.480047536
          0,           0,         270,      -7.527628245,      -5.837852841,      -6.636415169,      -5.816582434,      -9.474697796
          0,           0,         271,      -7.526233426,      -5.842558226,      -6.632134603,      -5.819809118,      -9.469000207
          0,           0,         272,      -7.524948287,      -5.847259844,      -6.627766926,      -5.823065832,      -9.462875738
          0,           0,         273,      -7.523888492,      -5.851970518,      -6.623468744,      -5.826406371,      -9.456427675
          0,           0,         274,        -7.5231555,      -5.856701981,      -6.619384764,      -5.829879762,       -9.44973016
          0,           0,         275,       -7.52282915,      -5.861464878,      -6.615644713,      -5.833527679,      -9.442834877
          0,           0,         276,      -7.522963037,      -5.866268676,      -6.612361413,      -5.837382706,      -9.435729065
          0,           0,         277,       -7.52358335,      -5.871121631,      -6.609629866,      -5.841467601,       -9.42829707
          0,           0,         278,      -7.524689856,       -5.87603079,      -6.607527124,      -5.845795326,      -9.420685546
          0,           0,         279,      -7.526258467,      -5.881001996,      -6.606112743,      -5.850369696,      -9.413022303
          0,           0,         280,      -7.528244873,      -5.886039911,      -6.605429485,      -5.855186409,      -9.405324309
          0,           0,         281,      -7.530588748,       -5.89114808,      -6.605504194,      -5.860234357,      -9.397565796
          0,           0,         282,      -7.533217762,      -5.896329014,      -6.606349087,      -5.865496849,      -9.389779397
          0,           0,         283,       -7.53605128,      -5.901584314,      -6.607962938,       -5.87095269,      -9.382023725
          0,           0,         284,      -7.539003734,      -5.906914824,      -6.610332441,      -5.876577097,      -9.374298093
          0,           0,         285,       -7.54198772,      -5.912320783,      -6.613433317,      -5.882342455,      -9.366577433
          0,           0,         286,      -7.544917017,      -5.917801983,      -6.617231738,      -5.888219094,      -9.358947217
          0,           0,         287,       -7.54770935,      -5.923357929,      -6.621685362,      -5.894176061,      -9.351425259
          0,           0,         288,      -7.550289419,      -5.928987983,      -6.626744049,      -5.900181969,      -9.344023694
          0,           0,         289,      -7.552592372,      -5.934691495,       -6.63235084,      -5.906206255,      -9.336819453
          0,           0,         290,      -7.554567146,      -5.940467878,      -6.638442412,      -5.912220565,      -9.329821558
          0,           0,         291,      -7.556179649,      -5.946316714,      -6.644949789,      -5.918200306,      -9.322947739
          0,           0,         292,      -7.557414856,      -5.952237678,      -6.651798032,      -5.924126343,      -9.316258876
          0,           0,         293,      -7.558278739,      -5.958230656,      -6.658907167,      -5.929986504,      -9.309703151
          0,           0,         294,      -7.558797077,      -5.964295703,      -6.666192508,      -5.935776301,       -9.30330054
          0,           0,         295,      -7.559013279,      -5.970433063,      -6.673565525,      -5.941499397,      -9.297069341
          0,           0,         296,      -7.558984576,       -5.97664315,      -6.680934886,      -5.947167331,      -9.291005593
          0,           0,         297,      -7.558777025,      -5.982926519,       -6.68820807,      -5.952798506,      -9.285086914
          0,           0,         298,      -7.558460022,      -5.989283832,      -6.695293486,      -5.958416593,       -9.27929686
          0,           0,         299,      -7.558100971,      -5.995715829,       -6.70210348,      -5.964048586,      -9.273563563
          0,           0,         300,        -7.5577607,      -6.002223293,      -6.708557373,      -5.969722524,      -9.267891397
          0,           0,         301,      -7.557490297,      -6.008807009,      -6.714584986,      -5.975465628,      -9.262266338
          0,           0,         302,      -7.557329397,      -6.015467678,      -6.720130553,      -5.981302576,      -9.256684435
          0,           0,         303,      -7.557305756,       -6.02220588,      -6.725154708,      -5.987254478,      -9.251098614
          0,           0,         304,      -7.557436059,      -6.029022014,      -6.729637204,      -5.993338234,      -9.245547751
          0,           0,         305,      -7.557727552,       -6.03591626,      -6.733578271,       -5.99956627,      -9.240072181
          0,           0,         306,      -7.558180215,      -6.042888521,      -6.736998741,      -6.005946759,      -9.234675514
          0,           0,         307,      -7.558789027,      -6.049938409,      -6.739938964,      -6.012484071,      -9.229368257
          0,           0,         308,      -7.559546113,      -6.057065228,      -6.742456719,      -6.019179392,      -9.224123733
          0,           0,         309,      -7.560442588,      -6.064267939,      -6.744624194,      -6.026031388,       -9.21897731
          0,           0,         310,      -7.561469828,      -6.071545194,      -6.746524496,      -6.033036711,      -9.213933316
          0,           0,         311,      -7.562620271,      -6.078895323,      -6.748247929,      -6.040190403,      -9.209005852
          0,           0,         312,      -7.563887775,      -6.086316326,      -6.749888312,      -6.047486221,      -9.204201838
          0,           0,         313,      -7.565267618,      -6.093805895,      -6.751539609,      -6.054916839,      -9.199519329
          0,           0,         314,      -7.566756204,       -6.10136139,      -6.753292912,       -6.06247394,      -9.194986067
          0,           0,         315,      -7.568350815,      -6.108979865,      -6.755233964,      -6.070148417,      -9.190613003
          0,           0,         316,      -7.570049335,       -6.11665809,      -6.757441216,       -6.07793057,      -9.186409747
          0,           0,         317,      -7.571849939,      -6.124392526,      -6.759984283,      -6.085810288,      -9.182382835
          0,           0,         318,      -7.573750976,      -6.132179384,      -6.762922844,      -6.093777392,      -9.178558011
          0,           0,         319,       -7.57575084,      -6.140014667,      -6.766305852,      -6.101821855,      -9.174929282
          0,           0,         320,      -7.577847834,      -6.147894112,      -6.770170877,      -6.109934104,      -9.171506892
          0,           0,         321,      -7.580040205,      -6.155813382,      -6.774544122,      -6.118105122,      -9.168313787
          0,           0,         322,      -7.582325661,      -6.163768079,      -6.779440142,      -6.126326258,      -9.165352305
          0,           0,         323,      -7.584701159,      -6.171753842,      -6.784861818,      -6.134589073,      -9.162645376
          0,           0,         324,      -7.587162536,      -6.179766445,       -6.79080045,      -6.142884919,      -9.160207471
          0,           0,         325,      -7.589704199,      -6.187801875,      -6.797236012,      -6.151204385,      -9.158016042
          0,           0,         326,      -7.592318846,      -6.195856412,      -6.804137549,       -6.15953675,      -9.156112133
          0,           0,         327,      -7.594997325,       -6.20392664,      -6.811463659,      -6.167869429,      -9.154495443
          0,           0,         328,      -7.597728764,      -6.212009486,       -6.81916315,      -6.176187759,      -9.153171228
          0,           0,         329,      -7.600500926,      -6.220102167,      -6.827176138,      -6.184474944,       -9.15214524
          0,           0,         330,      -7.603300724,      -6.228202125,      -6.835435337,      -6.192712282,      -9.151392742
          0,           0,         331,      -7.606114935,      -6.236306896,      -6.843867545,      -6.200879708,       -9.15094736
          0,           0,         332,      -7.608931024,      -6.244414022,      -6.852395864,      -6.208956748,      -9.150801396
          0,           0,         333,      -7.611737875,      -6.252520855,      -6.860942143,      -6.216923368,      -9.150954271
          0,           0,         334,      -7.614526327,      -6.260624381,      -6.869429711,      -6.224760977,      -9.151404633
          0,           0,         335,      -7.617289635,      -6.268721019,      -6.877786668,      -6.232453332,      -9.152150675
          0,           0,         336,      -7.620023598,       -6.27680644,      -6.885948927,       -6.23998716,      -9.153181554
          0,           0,         337,      -7.622726563,      -6.284875391,      -6.893863497,      -6.247352604,      -9.154484264
          0,           0,         338,      -7.625399225,      -6.292921562,       -6.90149113,      -6.254543417,       -9.15607223
          0,           0,         339,      -7.628044357,      -6.300937519,      -6.908808425,      -6.261556886,      -9.157930826
          0,           0,         340,      -7.630666512,      -6.308914619,      -6.915809124,      -6.268393591,      -9.160051678
          0,           0,         341,      -7.633271656,       -6.31684298,      -6.922504341,      -6.275057043,      -9.162433684
          0,           0,         342,      -7.635866961,      -6.324711533,       -6.92892169,      -6.281553261,      -9.165032624
          0,           0,         343,       -7.63846062,      -6.332507992,      -6.935103559,      -6.287890291,      -9.167865692
          0,           0,         344,      -7.641061649,      -6.340219103,      -6.941104398,      -6.294077729,      -9.170918059
          0,           0,         345,      -7.643679786,      -6.347830775,       -6.94698757,      -6.300126262,      -9.174185785
          0,           0,         346,      -7.646325287,      -6.355328329,      -6.952821759,      -6.306047281,      -9.177611013
          0,           0,         347,      -7.649008678,      -6.362696668,       -6.95867732,      -6.311852338,      -9.181221684
          0,           0,         348,      -7.651740414,      -6.369920768,       -6.96462262,      -6.317552572,      -9.184929464
          0,           0,         349,      -7.654530501,      -6.376985822,       -6.97072083,      -6.323158038,      -9.188789885
          0,           0,         350,      -7.657387922,      -6.383877797,      -6.977026795,      -6.328677075,      -9.192774813
          0,           0,         351,        -7.6603201,      -6.390583723,      -6.983584523,      -6.334115476,      -9.196864135
          0,           0,         352,      -7.663332274,      -6.397092044,      -6.990424886,      -6.339475895,      -9.201038508
          0,           0,         353,       -7.66642701,      -6.403392947,      -6.997563698,      -6.344757255,      -9.205281285
          0,           0,         354,      -7.669603775,      -6.409478622,      -7.005000126,      -6.349954322,      -9.209574323
          0,           0,         355,      -7.672858725,      -6.415343482,      -7.012715488,       -6.35505763,      -9.213899253
          0,           0,         356,      -7.676184659,      -6.420984293,      -7.020672372,      -6.360053756,      -9.218238664
          0,           0,         357,      -7.679571214,      -6.426400239,      -7.028814238,      -6.364925915,      -9.222577292
          0,           0,         358,      -7.683005275,      -6.431592871,      -7.037065581,      -6.369654896,      -9.226898625
          0,           0,         359,      -7.686471607,      -6.436565996,      -7.045332927,      -6.374220304,       -9.23119038
          0,           0,         360,      -7.689953614,      -6.441325474,      -7.053506779,      -6.378602017,      -9.235418211
          0,           0,         361,      -7.693434202,      -6.445878958,      -7.061464776,      -6.382781709,      -9.239590703
          0,           0,         362,      -7.696896691,      -6.450235557,      -7.069076148,      -6.386744347,      -9.243691664
          0,           0,         363,      -7.700325733,      -6.454405483,      -7.076207523,      -6.390479583,      -9.247711387
          0,           0,         364,      -7.703708098,      -6.458399648,      -7.082729943,      -6.393982803,      -9.251617884
          0,           0,         365,      -7.707033357,      -6.462229291,      -7.088526598,      -6.397255866,       -9.25541733
          0,           0,         366,       -7.71029441,      -6.465905579,      -7.093500605,       -6.40030747,       -9.25910933
          0,           0,         367,      -7.713487792,      -6.469439237,      -7.097582023,      -6.403153041,      -9.262689134
          0,           0,         368,      -7.716613763,      -6.472840238,      -7.100733315,      -6.405814211,      -9.266153785
          0,           0,         369,      -7.719676214,      -6.476117546,      -7.102952224,      -6.408317987,      -9.269495586
          0,           0,         370,      -7.722682403,      -6.479278912,      -7.104271924,      -6.410695587,      -9.272710813
          0,           0,         371,      -7.725642523,       -6.48233076,      -7.104758369,      -6.412981111,      -9.275811499
          0,           0,         372,      -7.728569136,       -6.48527818,      -7.104505112,      -6.415210046,      -9.278796229
          0,           0,         373,      -7.731476525,      -6.488124968,      -7.103626581,      -6.417417787,      -9.281668826
          0,           0,         374,      -7.734379945,      -6.490873733,      -7.102250455,      -6.419638194,      -9.284434321
          0,           0,         375,      -7.737294882,      -6.493526099,      -7.100510161,      -6.421902183,       -9.28709614
          0,           0,         376,      -7.740236328,      -6.496082944,      -7.098538133,      -6.424236511,       -9.28966425
          0,           0,         377,      -7.743218088,      -6.498544701,      -7.096460178,      -6.426662771,      -9.292146241
          0,           0,         378,        -7.7462522,      -6.500911683,      -7.094391228,      -6.429196605,      -9.294549363
          0,           0,         379,      -7.749348447,      -6.503184417,      -7.092432443,      -6.431847208,      -9.296881297
          0,           0,         380,      -7.752513987,      -6.505363963,      -7.090669464,       -6.43461708,      -9.299155564
          0,           0,         381,       -7.75575315,      -6.507452231,      -7.089171679,      -6.437502057,      -9.301379879
          0,           0,         382,      -7.759067355,      -6.509452247,      -7.087992231,      -6.440491638,      -9.303563725
          0,           0,         383,      -7.762455175,      -6.511368364,      -7.087168569,      -6.443569601,      -9.305717177
          0,           0,         384,      -7.765912521,      -6.513206431,      -7.086723384,      -6.446714823,      -9.307848865
          0,           0,         385,       -7.76943294,      -6.514973868,      -7.086665782,      -6.449902326,      -9.309969199
          0,           0,         386,      -7.773007977,       -6.51667969,       -7.08699261,      -6.453104482,      -9.312100844
          0,           0,         387,      -7.776627626,      -6.518334466,      -7.087689934,      -6.456292329,      -9.314201302
          0,           0,         388,      -7.780280796,      -6.519950121,       -7.08873458,      -6.459436952,      -9.316327046
          0,           0,         389,      -7.783955803,      -6.521539884,      -7.090095727,      -6.462510835,      -9.318475422
          0,           0,         390,      -7.787640849,      -6.523117984,      -7.091736649,      -6.465489148,      -9.320653823
          0,           0,         391,      -7.791324471,       -6.52469939,      -7.093616364,       -6.46835096,      -9.322869609
          0,           0,         392,      -7.794995994,       -6.52629951,       -7.09569151,      -6.471080174,      -9.325130202
          0,           0,         393,      -7.798645911,      -6.527933885,      -7.097918185,      -6.473666274,      -9.327441541
          0,           0,         394,      -7.802266203,      -6.529617871,      -7.100253677,      -6.476104799,      -9.329803673
          0,           0,         395,      -7.805850611,      -6.531366324,      -7.102658287,      -6.478397542,      -9.332218175
          0,           0,         396,      -7.809394809,      -6.533193307,      -7.105096889,      -6.480552419,      -9.334698974
          0,           0,         397,      -7.812896521,      -6.535111852,      -7.107540343,      -6.482583066,      -9.337244074
          0,           0,         398,      -7.816355528,      -6.537133714,      -7.109966657,      -6.484508225,      -9.339855179
          0,           0,         399,      -7.819773576,      -6.539269173,      -7.112361737,      -6.486350909,      -9.342533013
          0,           0,         400,      -7.823154259,      -6.541526875,      -7.114719785,      -6.488137456,      -9.345278741
          0,           0,         401,      -7.826502779,      -6.543913718,      -7.117043331,      -6.489896457,      -9.348090782
          0,           0,         402,      -7.829825678,      -6.546434776,       -7.11934278,      -6.491657699,      -9.350969344
          0,           0,         403,      -7.833130517,      -6.549093256,      -7.121635715,      -6.493451144,      -9.353911885
          0,           0,         404,      -7.836425506,      -6.551890501,      -7.123945831,      -6.495305947,      -9.356914782
          0,           0,         405,      -7.839719136,      -6.554826021,      -7.126301638,      -6.497249605,      -9.359975264
          0,           0,         406,      -7.843019842,      -6.557897566,      -7.128735056,      -6.499307257,      -9.363099845
          0,           0,         407,      -7.846335665,      -6.561101222,      -7.131279926,      -6.501501092,      -9.366244734
          0,           0,         408,      -7.849673963,      -6.564431563,      -7.133970543,      -6.503849929,       -9.36943928
          0,           0,         409,      -7.853041146,      -6.567881752,      -7.136840271,       -6.50636889,       -9.37266998
          0,           0,         410,      -7.856442463,      -6.571443744,      -7.139920227,      -6.509069239,      -9.375930551
          0,           0,         411,      -7.859881887,      -6.575108482,      -7.143238174,      -6.511958315,      -9.379212947
          0,           0,         412,      -7.863362003,      -6.578866093,      -7.146817546,      -6.515039591,      -9.382519833
          0,           0,         413,      -7.866883985,      -6.582706135,      -7.150676638,      -6.518312815,      -9.385840086
          0,           0,         414,      -7.870447643,      -6.586617811,      -7.154828001,      -6.521774239,      -9.389165755
          0,           0,         415,      -7.874051457,      -6.590590182,      -7.159277973,      -6.525416921,      -9.392489172
          0,           0,         416,      -7.877692717,      -6.594612397,      -7.164026346,      -6.529231091,      -9.395803871
          0,           0,         417,      -7.881367691,      -6.598673895,      -7.169066222,      -6.533204543,      -9.399103729
          0,           0,         418,      -7.885071818,      -6.602764602,      -7.174383998,      -6.537323103,      -9.402383612
          0,           0,         419,      -7.888799915,      -6.606875098,      -7.179959537,      -6.541571115,      -9.405639649
          0,           0,         420,      -7.892546401,      -6.610996771,      -7.185766436,      -6.545931938,      -9.408859302
          0,           0,         421,      -7.896305527,      -6.615121895,      -7.191772587,      -6.550388466,      -9.412037536
          0,           0,         422,       -7.90007159,      -6.619243728,      -7.197940737,      -6.554923625,      -9.415195965
          0,           0,         423,      -7.903839163,      -6.623356602,      -7.204229389,      -6.559520836,      -9.418258829
          0,           0,         424,      -7.907603262,      -6.627455775,      -7.210593889,      -6.564164445,      -9.421286895
          0,           0,         425,      -7.911359504,      -6.631537646,      -7.216987548,      -6.568840082,      -9.424263985
          0,           0,         426,      -7.915104217,      -6.635599575,      -7.223363147,      -6.573534928,      -9.427186516
          0,           0,         427,      -7.918834502,       -6.63963981,      -7.229674424,      -6.578237989,      -9.430054739
          0,           0,         428,      -7.922548253,      -6.643657393,       -7.23587764,      -6.582940138,      -9.432869474
          0,           0,         429,      -7.926244181,      -6.647652022,      -7.241933157,      -6.587634139,      -9.435629005
          0,           0,         430,      -7.929921745,      -6.651623927,      -7.247806904,      -6.592314568,      -9.438334791
          0,           0,         431,      -7.933581075,      -6.655573732,      -7.253471695,      -6.596977629,      -9.440988619
          0,           0,         432,      -7.937222911,      -6.659502311,      -7.258908225,      -6.601620961,      -9.443592791
          0,           0,         433,      -7.940848462,       -6.66341066,      -7.264105715,      -6.606243324,      -9.446151275
          0,           0,         434,      -7.944459291,      -6.667299769,      -7.269062183,      -6.610844321,      -9.448658517
          0,           0,         435,       -7.94805719,      -6.671170511,      -7.273784235,      -6.615424052,      -9.451095168
          0,           0,         436,       -7.95164406,      -6.675023552,      -7.278286476,      -6.619982797,      -9.453498457
          0,           0,         437,      -7.955221818,      -6.678859305,       -7.28259039,      -6.624520728,      -9.455870568
          0,           0,         438,      -7.958792288,      -6.682677835,      -7.286723184,      -6.629037638,      -9.458194603
          0,           0,         439,      -7.962357062,      -6.686478849,      -7.290716258,        -6.6335327,      -9.460479449
          0,           0,         440,      -7.965917459,      -6.690261675,      -7.294603535,      -6.638004273,       -9.46274735
          0,           0,         441,       -7.96947448,      -6.694025257,      -7.298419795,      -6.642449789,       -9.46500331
          0,           0,         442,      -7.973028734,      -6.697768174,       -7.30219911,      -6.646865667,      -9.467252315
          0,           0,         443,      -7.976580382,      -6.701488685,      -7.305973327,      -6.651247284,      -9.469501283
          0,           0,         444,      -7.980129175,      -6.705184774,      -7.309770782,      -6.655589038,      -9.471757382
          0,           0,         445,      -7.983674442,      -6.708854212,      -7.313615241,      -6.659884413,      -9.474027367
          0,           0,         446,      -7.987215121,      -6.712494615,      -7.317525063,      -6.664126138,      -9.476318124
          0,           0,         447,      -7.990749784,      -6.716103518,      -7.321512601,      -6.668306362,       -9.47863915
          0,           0,         448,      -7.994276693,      -6.719678444,      -7.325583833,      -6.672416883,      -9.480988303
          0,           0,         449,      -7.997793853,      -6.723216926,      -7.329738283,      -6.676449368,      -9.483373213
          0,           0,         450,      -8.001299078,      -6.726716595,      -7.333969072,      -6.680395616,      -9.485791255
          0,           0,         451,       -8.00479011,      -6.730175197,      -7.338263357,      -6.684247808,      -9.488256618
          0,           0,         452,      -8.008264662,       -6.73359066,      -7.342602817,      -6.687998807,      -9.490765469
          0,           0,         453,      -8.011720536,      -6.736961116,      -7.346964463,      -6.691642372,      -9.493319637
          0,           0,         454,      -8.015155697,      -6.740284903,      -7.351321565,      -6.695173408,       -9.49591393
          0,           0,         455,       -8.01856837,      -6.743560559,      -7.355644785,      -6.698588184,      -9.498560365
          0,           0,         456,      -8.021957106,      -6.746786849,      -7.359903352,      -6.701884459,      -9.501263217
          0,           0,         457,      -8.025320897,      -6.749962757,      -7.364066453,      -6.705061609,      -9.503984864
          0,           0,         458,        -8.0286592,      -6.753087361,      -7.368104587,      -6.708120714,      -9.506742048
          0,           0,         459,      -8.031971988,      -6.756159947,      -7.371990806,      -6.711064528,      -9.509544849
          0,           0,         460,        -8.0352598,      -6.759179957,      -7.375702031,      -6.713897445,      -9.512383951
          0,           0,         461,      -8.038523746,      -6.762146961,      -7.379220081,      -6.716625461,      -9.515258317
          0,           0,         462,        -8.0417655,       -6.76506063,      -7.382532517,      -6.719255996,      -9.518165133
          0,           0,         463,      -8.044987261,      -6.767920723,      -7.385633196,      -6.721797705,      -9.521100377
          0,           0,         464,      -8.048191716,      -6.770727086,      -7.388522524,      -6.724260246,      -9.524058179
          0,           0,         465,      -8.051381975,      -6.773479655,       -7.39120739,      -6.726654051,      -9.527041658
          0,           0,         466,      -8.054561485,      -6.776178495,      -7.393700769,      -6.728990051,      -9.530042774
          0,           0,         467,      -8.057733967,      -6.778823802,      -7.396021097,      -6.731279433,      -9.533057607
          0,           0,         468,       -8.06090328,      -6.781415938,      -7.398191373,      -6.733533382,       -9.53608184
          0,           0,         469,      -8.064073334,      -6.783955467,      -7.400238122,      -6.735762818,      -9.539110561
          0,           0,         470,      -8.067247979,      -6.786443196,      -7.402190253,      -6.737978181,      -9.542139699
          0,           0,         471,       -8.07043092,      -6.788880217,        -7.4040779,      -6.740189259,      -9.545164809
          0,           0,         472,        -8.0736256,       -6.79126795,      -7.405931292,      -6.742404992,      -9.548181763
          0,           0,         473,      -8.076835096,       -6.79360818,      -7.407779705,      -6.744633331,      -9.551186597
          0,           0,         474,      -8.080062053,      -6.795903096,      -7.409650535,      -6.746881162,      -9.554175715
          0,           0,         475,      -8.083308594,      -6.798155319,      -7.411568517,      -6.749154228,      -9.557145984
          0,           0,         476,      -8.086576254,       -6.80036792,      -7.413555109,      -6.751457088,      -9.560094862
          0,           0,         477,      -8.089865936,      -6.802544435,      -7.415628047,      -6.753793113,      -9.563020336
          0,           0,         478,      -8.093177893,      -6.804688856,      -7.417801078,      -6.756164553,      -9.565922787
          0,           0,         479,      -8.096511683,      -6.806805627,      -7.420083799,      -6.758572564,      -9.568790692
          0,           0,         480,       -8.09986619,      -6.808899574,      -7.422481712,       -6.76101733,      -9.571622937
          0,           0,         481,      -8.103239635,        -6.8109759,      -7.424996291,       -6.76349812,      -9.574412728
          0,           0,         482,       -8.10662962,      -6.813040118,      -7.427625332,      -6.766013392,      -9.577171707
          0,           0,         483,      -8.110033167,      -6.815098034,      -7.430363266,      -6.768560964,      -9.579896731
          0,           0,         484,      -8.113446815,      -6.817155666,      -7.433201648,      -6.771138196,      -9.582583063
          0,           0,         485,      -8.116866673,      -6.819219143,      -7.436129659,      -6.773742127,      -9.585227457
          0,           0,         486,       -8.12028852,      -6.821294641,      -7.439134641,      -6.776369615,      -9.587835187
          0,           0,         487,      -8.123707935,      -6.823388306,      -7.442202693,       -6.77901748,      -9.590403901
          0,           0,         488,      -8.127120421,      -6.825506168,      -7.445319348,      -6.781682663,      -9.592933663
          0,           0,         489,      -8.130521506,      -6.827654061,      -7.448470142,      -6.784362375,      -9.595425737
          0,           0,         490,      -8.133906858,      -6.829837543,      -7.451641165,      -6.787054209,      -9.597880465
          0,           0,         491,      -8.137272406,      -6.832061828,      -7.454819613,      -6.789756225,       -9.60030326
          0,           0,         492,      -8.140614459,      -6.834331732,      -7.457994208,      -6.792467029,      -9.602700289
          0,           0,         493,      -8.143929793,      -6.836651627,      -7.461155598,      -6.795185805,      -9.605081351
          0,           0,         494,      -8.147215716,      -6.839025399,      -7.464296635,       -6.79791236,      -9.607370462
          0,           0,         495,      -8.150470127,      -6.841456211,      -7.467412545,      -6.800647102,       -9.60965933
          0,           0,         496,      -8.153691544,      -6.843946853,      -7.470500831,       -6.80339094,       -9.61192399
          0,           0,         497,      -8.156879139,      -6.846499506,      -7.473561452,      -6.806145262,      -9.614167094
          0,           0,         498,      -8.160032711,      -6.849115761,       -7.47659653,      -6.808911945,       -9.61640071
          0,           0,         499,      -8.163152657,      -6.851796611,      -7.479610101,       -6.81169317,      -9.618587019
          0,           0,         500,      -8.166239908,      -6.854542451,      -7.482607797,      -6.814491298,       -9.62073876
          0,           0,         501,       -8.16929591,       -6.85735313,      -7.485596433,      -6.817308783,      -9.622882185
          0,           0,         502,      -8.172322547,       -6.86022798,      -7.488583625,      -6.820148025,      -9.625015885
          0,           0,         503,      -8.175322019,      -6.863165822,      -7.491577364,       -6.82301126,      -9.627142533
          0,           0,         504,      -8.178296752,       -6.86616501,      -7.494585581,      -6.825900456,       -9.62926081
          0,           0,         505,      -8.181249315,      -6.869223445,      -7.497615777,      -6.828817209,      -9.631372207
          0,           0,         506,      -8.184182326,      -6.872338645,      -7.500674604,      -6.831762647,      -9.633479579
          0,           0,         507,      -8.187098402,      -6.875507787,      -7.503767624,      -6.834737369,      -9.635586091
          0,           0,         508,      -8.190000079,      -6.878727754,      -7.506899052,      -6.837741427,      -9.637686439
          0,           0,         509,      -8.192889769,      -6.881995168,      -7.510071592,      -6.840774315,      -9.639795299
          0,           0,         510,      -8.195769685,      -6.885306463,      -7.513286312,      -6.843834921,      -9.641912173
          0,           0,         511,      -8.198641848,      -6.888657923,      -7.516542697,      -6.846921582,      -9.644038939
          0,           0,         512,      -8.201508029,      -6.892045724,       -7.51983863,      -6.850032147,      -9.646172843
          0,           0,         513,      -8.204369773,       -6.89546592,      -7.523170559,      -6.853164013,        -9.6483145
          0,           0,         514,      -8.207228386,      -6.898914518,       -7.52653363,      -6.856314187,      -9.650458833
          0,           0,         515,       -8.21008495,       -6.90238748,      -7.529921953,       -6.85947938,      -9.652622085
          0,           0,         516,      -8.212940348,      -6.905880801,      -7.533328801,      -6.862656127,      -9.654804474
          0,           0,         517,      -8.215795324,       -6.90939052,       -7.53674698,      -6.865840896,       -9.65700234
          0,           0,         518,      -8.218650493,      -6.912912721,      -7.540169137,      -6.869030192,      -9.659216036
          0,           0,         519,      -8.221506353,      -6.916443551,      -7.543588036,       -6.87222064,      -9.661446321
          0,           0,         520,      -8.224363343,      -6.919979229,      -7.546996882,      -6.875409062,      -9.663677641
          0,           0,         521,      -8.227221878,      -6.923516076,      -7.550389591,       -6.87859258,      -9.665885192
          0,           0,         522,      -8.230082359,      -6.927050516,       -7.55376105,      -6.881768644,       -9.66810842
          0,           0,         523,      -8.232945227,       -6.93057906,      -7.557107273,      -6.884935115,      -9.670343547
          0,           0,         524,      -8.235810948,      -6.934098317,       -7.56042558,      -6.888090262,      -9.672590278
          0,           0,         525,      -8.238680016,      -6.937605005,      -7.563714689,      -6.891232748,      -9.674888546
          0,           0,         526,      -8.241552942,      -6.941095953,       -7.56697468,       -6.89436163,      -9.677081798
          0,           0,         527,      -8.244430264,      -6.944568192,      -7.570207101,       -6.89747631,      -9.679313544
          0,           0,         528,      -8.247312598,      -6.948018856,      -7.573414633,      -6.900576597,      -9.681550576
          0,           0,         529,      -8.250200538,      -6.951445211,      -7.576601139,      -6.903662553,      -9.683792884
          0,           0,         530,      -8.253094597,      -6.954844692,       -7.57977136,      -6.906734412,      -9.686060377
          0,           0,         531,      -8.255995254,      -6.958214973,      -7.582930728,      -6.909792571,      -9.688267419
          0,           0,         532,      -8.258902895,      -6.961553669,      -7.586085151,      -6.912837514,      -9.690469279
          0,           0,         533,      -8.261817798,      -6.964858763,      -7.589240517,      -6.915869698,      -9.692672327
          0,           0,         534,      -8.264740132,      -6.968128491,      -7.592402707,      -6.918889478,      -9.694875196
          0,           0,         535,      -8.267669922,      -6.971361343,      -7.595577227,        -6.9218972,      -9.697071251
          0,           0,         536,      -8.270607038,      -6.974556058,      -7.598768993,      -6.924893103,      -9.699260594
          0,           0,         537,      -8.273551168,       -6.97771164,      -7.601982086,      -6.927877275,      -9.701441984
          0,           0,         538,      -8.276501821,      -6.980827361,      -7.605219591,      -6.930849609,      -9.703612987
          0,           0,         539,      -8.279458331,      -6.983902775,      -7.608483466,      -6.933809813,      -9.705778244
          0,           0,         540,      -8.282419874,      -6.986937727,      -7.611774432,      -6.936757413,       -9.70793227
          0,           0,         541,      -8.285385496,      -6.989932362,      -7.615091991,      -6.939691766,      -9.710075179
          0,           0,         542,      -8.288354105,        -6.9928871,      -7.618434405,      -6.942612105,      -9.712206009
          0,           0,         543,      -8.291324501,      -6.995802638,      -7.621798744,       -6.94551755,      -9.714325844
          0,           0,         544,      -8.294295419,      -6.998679943,      -7.625180984,      -6.948407177,      -9.716438014
          0,           0,         545,       -8.29726556,      -7.001520258,      -7.628576145,      -6.951280047,      -9.718530593
          0,           0,         546,      -8.300233621,      -7.004324972,      -7.631978508,      -6.954135268,      -9.720603864
          0,           0,         547,      -8.303198312,      -7.007095676,      -7.635381678,      -6.956972012,      -9.722660277
          0,           0,         548,      -8.306158402,      -7.009834122,      -7.638778888,      -6.959789531,      -9.724686614
          0,           0,         549,      -8.309112764,      -7.012542155,      -7.642163218,      -6.962587258,      -9.726719069
          0,           0,         550,      -8.312060375,      -7.015221791,      -7.645527732,      -6.965364796,       -9.72873832
          0,           0,         551,      -8.315000374,      -7.017875109,      -7.648865842,       -6.96812197,      -9.730747024
          0,           0,         552,      -8.317932046,      -7.020504217,      -7.652171405,      -6.970858853,      -9.732746895
          0,           0,         553,      -8.320854853,      -7.023111215,      -7.655438913,      -6.973575735,      -9.734739166
          0,           0,         554,       -8.32376844,      -7.025698162,      -7.658663643,      -6.976273125,      -9.736724979
          0,           0,         555,      -8.326672625,      -7.028267042,      -7.661841773,      -6.978951728,      -9.738705328
          0,           0,         556,      -8.329567395,      -7.030819741,      -7.664970452,      -6.981612414,      -9.740681063
          0,           0,         557,      -8.332452907,       -7.03335802,       -7.66804783,      -6.984256208,      -9.742652952
          0,           0,         558,      -8.335329459,      -7.035883492,      -7.671073056,      -6.986884231,      -9.744621581
          0,           0,         559,      -8.338197474,      -7.038397613,      -7.674046227,      -6.989497664,      -9.746587486
          0,           0,         560,      -8.341057473,      -7.040901663,      -7.676968298,        -6.9920977,      -9.748551327
          0,           0,         561,      -8.343910061,      -7.043396747,      -7.679840982,      -6.994685502,      -9.750514176
          0,           0,         562,      -8.346755899,      -7.045883779,      -7.682666641,      -6.997262163,      -9.752474963
          0,           0,         563,      -8.349595668,      -7.048363484,      -7.685448103,      -6.999828677,      -9.754434418
          0,           0,         564,      -8.352430062,      -7.050836418,      -7.688188468,      -7.002385889,      -9.756394835
          0,           0,         565,      -8.355259773,      -7.053302983,      -7.690890996,      -7.004934477,      -9.758359786
          0,           0,         566,      -8.358085456,      -7.055763426,      -7.693558973,      -7.007474946,      -9.760325411
          0,           0,         567,      -8.360907703,      -7.058217826,      -7.696195532,      -7.010007615,      -9.762289836
          0,           0,         568,      -8.363727037,      -7.060666137,      -7.698803446,      -7.012532592,      -9.764285357
          0,           0,         569,      -8.366543919,      -7.063108332,      -7.701385069,      -7.015049771,      -9.766254543
          0,           0,         570,      -8.369358752,      -7.065544049,      -7.703942389,      -7.017558898,      -9.768165729
          0,           0,         571,      -8.372171822,      -7.067972817,       -7.70647669,        -7.0200595,      -9.770108155
          0,           0,         572,       -8.37498332,      -7.070394357,      -7.708988691,      -7.022550845,      -9.772055878
          0,           0,         573,       -8.37779337,      -7.072808376,      -7.711478645,      -7.025032153,      -9.774011222
          0,           0,         574,       -8.38060208,      -7.075214595,      -7.713946285,      -7.027502686,      -9.775975912
          0,           0,         575,      -8.383409476,      -7.077612778,      -7.716390849,      -7.029961664,      -9.777949267
          0,           0,         576,      -8.386215511,      -7.080002743,      -7.718811194,       -7.03240828,      -9.779933513
          0,           0,         577,      -8.389020101,      -7.082384384,      -7.721205872,      -7.034841801,      -9.781933695
          0,           0,         578,      -8.391823142,      -7.084757707,       -7.72357323,      -7.037261587,      -9.783938315
          0,           0,         579,      -8.394624534,      -7.087122702,       -7.72591161,      -7.039667129,      -9.785944517
          0,           0,         580,      -8.397424151,      -7.089479458,      -7.728219315,      -7.042058037,      -9.787961484
          0,           0,         581,       -8.40022188,      -7.091828171,      -7.730494816,      -7.044434057,        -9.7899657
          0,           0,         582,      -8.403017655,       -7.09416907,      -7.732736926,      -7.046795145,      -9.792005681
          0,           0,         583,      -8.405811414,      -7.096502596,      -7.734944761,      -7.049141448,      -9.794059543
          0,           0,         584,      -8.408603152,      -7.098829294,      -7.737118031,      -7.051473351,      -9.796170158
          0,           0,         585,      -8.411392926,      -7.101149847,      -7.739256954,      -7.053791542,       -9.79815317
          0,           0,         586,      -8.414180818,      -7.103464834,      -7.741362493,      -7.056096894,      -9.800188876
          0,           0,         587,      -8.416967029,       -7.10577516,      -7.743435892,      -7.058390513,      -9.802235587
          0,           0,         588,      -8.419751811,      -7.108081756,      -7.745479315,      -7.060673651,      -9.804289478
          0,           0,         589,      -8.422535449,       -7.11038562,      -7.747495502,      -7.062947813,      -9.806350259
          0,           0,         590,       -8.42531828,      -7.112687802,       -7.74948774,      -7.065214672,      -9.808417747
          0,           0,         591,      -8.428100671,      -7.114989401,      -7.751459829,      -7.067475996,      -9.810490897
          0,           0,         592,         -8.430883,      -7.117291553,      -7.753416007,      -7.069733628,      -9.812569327
          0,           0,         593,      -8.433665668,      -7.119595425,      -7.755360859,      -7.071989474,      -9.814653071
          0,           0,         594,      -8.436449092,      -7.121902203,      -7.757299242,      -7.074245483,      -9.816739553
          0,           0,         595,      -8.439233673,       -7.12421308,      -7.759236127,      -7.076503595,      -9.818829067
          0,           0,         596,      -8.442019805,      -7.126529256,      -7.761176531,      -7.078765702,      -9.820921624
          0,           0,         597,      -8.444807865,      -7.128851917,      -7.763125416,      -7.081033635,      -9.823017378
          0,           0,         598,      -8.447598187,      -7.131182228,      -7.765087583,      -7.083309134,      -9.825116531
          0,           0,         599,      -8.450391063,      -7.133521325,      -7.767067575,      -7.085593825,      -9.827218543
          0,           0,         600,      -8.453186736,      -7.135870303,      -7.769069601,      -7.087889208,      -9.829323334
          0,           0,         601,      -8.455985393,      -7.138230207,      -7.771097456,      -7.090196638,      -9.831431301
          0,           0,         602,      -8.458787166,      -7.140602024,      -7.773154468,      -7.092517312,      -9.833542561
          0,           0,         603,      -8.461592125,      -7.142986667,      -7.775243453,      -7.094852257,      -9.835657427
          0,           0,         604,      -8.464400287,      -7.145384978,      -7.777366698,      -7.097202324,       -9.83777607
          0,           0,         605,      -8.467211614,      -7.147797716,      -7.779525934,      -7.099568196,      -9.839903122
          0,           0,         606,      -8.470026015,      -7.150225565,      -7.781722318,      -7.101950381,      -9.842058446
          0,           0,         607,      -8.472843367,      -7.152669215,      -7.783956471,      -7.104349229,      -9.844191949
          0,           0,         608,      -8.475663527,       -7.15512897,      -7.786228565,      -7.106764972,      -9.846264645
          0,           0,         609,      -8.478486274,      -7.157604975,       -7.78853815,      -7.109197609,      -9.848388437
          0,           0,         610,      -8.481311308,      -7.160097566,      -7.790884374,      -7.111646873,      -9.850505348
          0,           0,         611,      -8.484138349,      -7.162606809,      -7.793266093,      -7.114112481,      -9.852616468
          0,           0,         612,      -8.486967169,      -7.165132666,      -7.795681674,      -7.116594099,      -9.854727167
          0,           0,         613,      -8.489797522,      -7.167674954,      -7.798129289,      -7.119091213,      -9.856818638
          0,           0,         614,      -8.492629131,       -7.17023329,      -7.800606896,        -7.1216032,      -9.858922457
          0,           0,         615,      -8.495461705,      -7.172807242,       -7.80311221,      -7.124129316,      -9.861038318
          0,           0,         616,      -8.498294983,      -7.175396297,      -7.805642897,      -7.126668753,       -9.86315074
          0,           0,         617,      -8.501128731,      -7.177999803,      -7.808196581,      -7.129220687,       -9.86526329
          0,           0,         618,      -8.503962745,      -7.180616994,      -7.810770815,      -7.131784236,      -9.867387185
          0,           0,         619,      -8.506796841,      -7.183247015,      -7.813363163,      -7.134358441,      -9.869513867
          0,           0,         620,      -8.509630858,      -7.185888912,      -7.815971288,      -7.136942308,      -9.871643838
          0,           0,         621,      -8.512464658,      -7.188541641,      -7.818592928,      -7.139534824,      -9.873777003
          0,           0,         622,      -8.515298108,      -7.191204081,      -7.821225912,      -7.142134934,      -9.875912978
          0,           0,         623,      -8.518131079,      -7.193875038,      -7.823868186,      -7.144741545,      -9.878051702
          0,           0,         624,      -8.520963452,      -7.196553266,      -7.826517798,       -7.14735355,      -9.880193622
          0,           0,         625,      -8.523795108,      -7.199237472,       -7.82917291,      -7.149969822,      -9.882338797
          0,           0,         626,      -8.526625939,      -7.201926334,      -7.831831803,      -7.152589229,      -9.884487342
          0,           0,         627,      -8.529455828,      -7.204618512,      -7.834492865,      -7.155210631,      -9.886639564
          0,           0,         628,      -8.532284655,      -7.207312666,      -7.837154585,      -7.157832896,      -9.888794489
          0,           0,         629,      -8.535112289,      -7.210007466,      -7.839815557,        -7.1604549,      -9.890955391
          0,           0,         630,      -8.537938587,      -7.212701597,      -7.842474459,      -7.163075551,       -9.89312189
          0,           0,         631,       -8.54076339,      -7.215393764,      -7.845130014,      -7.165693778,      -9.895292094
          0,           0,         632,      -8.543586541,      -7.218082725,      -7.847780989,      -7.168308545,      -9.897466864
          0,           0,         633,      -8.546407871,       -7.22076729,      -7.850426236,       -7.17091885,      -9.899647105
          0,           0,         634,      -8.549227187,      -7.223446335,      -7.853064662,      -7.173523737,      -9.901833589
          0,           0,         635,      -8.552044278,      -7.226118812,      -7.855695214,      -7.176122309,      -9.904026707
          0,           0,         636,      -8.554858935,      -7.228783753,      -7.858316897,      -7.178713733,       -9.90622622
          0,           0,         637,      -8.557670953,      -7.231440277,      -7.860928796,      -7.181297255,      -9.908432914
          0,           0,         638,      -8.560480126,      -7.234087608,      -7.863530074,      -7.183872201,      -9.910647978
          0,           0,         639,       -8.56328625,      -7.236725107,      -7.866119969,      -7.186437986,      -9.912878461
          0,           0,         640,      -8.566089149,      -7.239352176,      -7.868697877,      -7.188994128,       -9.91511965
          0,           0,         641,      -8.568888673,      -7.241968381,      -7.871263185,      -7.191540237,      -9.917375783
          0,           0,         642,      -8.571684711,      -7.244573284,      -7.873815536,      -7.194076011,      -9.919636986
          0,           0,         643,      -8.574477155,      -7.247166538,      -7.876354657,      -7.196601239,      -9.921871776
          0,           0,         644,      -8.577265895,      -7.249747655,      -7.878880476,      -7.199115751,      -9.924030973
          0,           0,         645,      -8.580050807,      -7.252316054,      -7.881392951,        -7.2016194,      -9.926213983
          0,           0,         646,      -8.582831727,      -7.254871535,      -7.883892167,      -7.204111968,      -9.928429255
          0,           0,         647,      -8.585608552,      -7.257414188,      -7.886378541,      -7.206593397,      -9.930649671
          0,           0,         648,      -8.588381343,      -7.259944163,      -7.888852774,      -7.209063956,      -9.932870231
          0,           0,         649,      -8.591150218,      -7.262461659,      -7.891315709,      -7.211524046,      -9.935091591
          0,           0,         650,      -8.593915309,      -7.264966912,      -7.893768328,      -7.213974091,      -9.937313446
          0,           0,         651,      -8.596676767,      -7.267460195,      -7.896211753,      -7.216414559,      -9.939535172
          0,           0,         652,      -8.599434767,      -7.269941815,      -7.898647241,      -7.218845965,      -9.941756067
          0,           0,         653,      -8.602189498,      -7.272412107,      -7.901076157,       -7.22126886,      -9.943975389
          0,           0,         654,      -8.604941159,      -7.274871433,      -7.903499951,      -7.223683827,      -9.946192332
          0,           0,         655,      -8.607689962,      -7.277320176,      -7.905920131,      -7.226091474,      -9.948406029
          0,           0,         656,      -8.610436118,      -7.279758736,      -7.908338225,      -7.228492426,      -9.950615573
          0,           0,         657,      -8.613179835,      -7.282187523,      -7.910755754,      -7.230887309,      -9.952820027
          0,           0,         658,      -8.615921314,      -7.284606956,        -7.9131742,      -7.233276746,      -9.955018472
          0,           0,         659,      -8.618660754,      -7.287017461,      -7.915594969,      -7.235661359,      -9.957210075
          0,           0,         660,      -8.621398335,       -7.28941946,       -7.91801936,      -7.238041743,       -9.95939417
          0,           0,         661,       -8.62413422,      -7.291813372,      -7.920448537,      -7.240418467,      -9.961570328
          0,           0,         662,       -8.62686855,      -7.294199617,      -7.922883498,      -7.242792064,      -9.963738455
          0,           0,         663,       -8.62960145,      -7.296578609,      -7.925325055,      -7.245163037,      -9.965898901
          0,           0,         664,      -8.632333016,      -7.298950753,      -7.927773813,      -7.247531842,       -9.96805269
          0,           0,         665,      -8.635063328,      -7.301316454,      -7.930230155,      -7.249898897,      -9.970202149
          0,           0,         666,      -8.637792438,       -7.30367611,      -7.932694238,      -7.252264574,      -9.972354185
          0,           0,         667,      -8.640520375,      -7.306030131,      -7.935165976,      -7.254629198,      -9.974583767
          0,           0,         668,      -8.643247153,      -7.308378951,      -7.937645017,      -7.256993075,      -9.976639777
          0,           0,         669,      -8.645972744,      -7.310723052,      -7.940131088,       -7.25935645,      -9.978717017
          0,           0,         670,      -8.648697216,      -7.313062763,      -7.942623286,      -7.261719645,      -9.980798569
          0,           0,         671,      -8.651420574,      -7.315398417,      -7.945120623,       -7.26408284,      -9.982880039
          0,           0,         672,      -8.654142716,      -7.317730297,      -7.947622082,      -7.266446096,      -9.984950097
          0,           0,         673,      -8.656863556,      -7.320058677,       -7.95012637,       -7.26880951,      -9.987027451
          0,           0,         674,      -8.659583016,      -7.322383996,      -7.952632074,      -7.271173141,      -9.989129862
          0,           0,         675,      -8.662301051,      -7.324706426,      -7.955137787,      -7.273537089,      -9.991211269
          0,           0,         676,      -8.665017562,      -7.327026215,      -7.957641922,      -7.275901392,      -9.993255843
          0,           0,         677,      -8.667732391,      -7.329343485,      -7.960142938,      -7.278265991,      -9.995310759
          0,           0,         678,      -8.670445366,      -7.331658514,      -7.962639233,       -7.28063082,      -9.997403117
          0,           0,         679,      -8.673156325,      -7.333971747,      -7.965129346,      -7.282995834,      -9.999499333
          0,           0,         680,      -8.675865193,      -7.336283583,      -7.967611941,      -7.285361123,       -10.0016206
          0,           0,         681,      -8.678571913,      -7.338594432,      -7.970085668,      -7.287726802,      -10.00375739
          0,           0,         682,      -8.681276395,      -7.340904694,      -7.972549368,      -7.290092945,      -10.00590909
          0,           0,         683,      -8.683978526,      -7.343214762,      -7.975002017,      -7.292459618,      -10.00807191
          0,           0,         684,      -8.686678184,      -7.345525016,      -7.977442752,      -7.294826882,      -10.01024347
          0,           0,         685,      -8.689375244,      -7.347835831,       -7.97987084,      -7.297194793,      -10.01243489
          0,           0,         686,      -8.692069575,      -7.350147602,      -7.982285667,       -7.29956339,      -10.01463976
          0,           0,         687,      -8.694761029,      -7.352460713,      -7.984686904,      -7.301932702,       -10.0168546
          0,           0,         688,      -8.697449407,      -7.354775538,      -7.987074377,       -7.30430275,      -10.01907341
          0,           0,         689,      -8.700134491,      -7.357092459,      -7.989448023,      -7.306673531,      -10.02129965
          0,           0,         690,      -8.702816079,      -7.359411844,       -7.99180795,      -7.309045047,      -10.02353407
          0,           0,         691,      -8.705493949,      -7.361734044,      -7.994154412,      -7.311417282,      -10.02578031
          0,           0,         692,       -8.70816785,      -7.364059446,      -7.996487787,      -7.313790192,      -10.02804629
          0,           0,         693,      -8.710837525,       -7.36638855,       -7.99880857,      -7.316163743,      -10.03031961
          0,           0,         694,      -8.713502751,      -7.368721491,      -8.001117468,      -7.318537944,      -10.03264719
          0,           0,         695,      -8.716163227,      -7.371058421,      -8.003414985,      -7.320912702,      -10.03477784
          0,           0,         696,      -8.718818533,      -7.373399581,      -8.005701961,      -7.323287752,      -10.03698272
          0,           0,         697,      -8.721468359,      -7.375745135,      -8.007979005,      -7.325662961,       -10.0391438
          0,           0,         698,      -8.724112402,      -7.378095013,      -8.010246996,      -7.328038194,      -10.04139464
          0,           0,         699,      -8.726750274,      -7.380449606,       -8.01250663,      -7.330413213,      -10.04365787
          0,           0,         700,      -8.729381674,      -7.382809066,      -8.014758933,      -7.332787892,      -10.04591667
          0,           0,         701,      -8.732006421,      -7.385173348,      -8.017004785,      -7.335162238,      -10.04817804
          0,           0,         702,      -8.734624229,      -7.387542385,      -8.019244986,       -7.33753608,      -10.05040327
          0,           0,         703,        -8.7372348,        -7.3899159,      -8.021480408,      -7.339909207,      -10.05267019
          0,           0,         704,       -8.73983785,      -7.392293848,      -8.023711828,      -7.342281406,      -10.05497417
          0,           0,         705,      -8.742433154,      -7.394676284,      -8.025940192,       -7.34465253,      -10.05728678
          0,           0,         706,      -8.745020654,      -7.397063191,      -8.028166514,       -7.34702262,       -10.0596122
          0,           0,         707,      -8.747600349,      -7.399454503,      -8.030391717,      -7.349391757,      -10.06195217
          0,           0,         708,      -8.750172286,      -7.401850111,       -8.03261673,      -7.351760014,      -10.06430298
          0,           0,         709,      -8.752736555,      -7.404249874,      -8.034842527,      -7.354127486,       -10.0666659
          0,           0,         710,      -8.755293259,      -7.406653639,      -8.037070104,       -7.35649428,       -10.0690538
          0,           0,         711,      -8.757842524,        -7.4090614,      -8.039300457,      -7.358860522,      -10.07145119
          0,           0,         712,      -8.760384554,      -7.411472862,      -8.041534721,      -7.361226424,      -10.07384306
          0,           0,         713,      -8.762919575,      -7.413887706,      -8.043773828,      -7.363592181,      -10.07631686
          0,           0,         714,      -8.765447744,      -7.416305742,      -8.046018802,      -7.365957875,      -10.07870913
          0,           0,         715,      -8.767969312,      -7.418726278,      -8.048270775,       -7.36832367,      -10.08091725
          0,           0,         716,      -8.770484505,      -7.421148568,      -8.050530498,      -7.370689671,      -10.08321739
          0,           0,         717,      -8.772993352,      -7.423572414,      -8.052798632,      -7.373055759,      -10.08553739
          0,           0,         718,      -8.775495977,      -7.425997409,      -8.055076247,       -7.37542193,      -10.08782951
          0,           0,         719,      -8.777992705,      -7.428423139,      -8.057364206,      -7.377788409,      -10.09011119
          0,           0,         720,      -8.780483802,      -7.430849184,      -8.059663244,      -7.380155334,      -10.09230956
          0,           0,         721,      -8.782969502,      -7.433274804,      -8.061974034,      -7.382522793,      -10.09460213
          0,           0,         722,       -8.78544993,      -7.435699955,      -8.064296928,      -7.384890745,       -10.0968921
          0,           0,         723,      -8.787925299,      -7.438124224,      -8.066632613,       -7.38725927,      -10.09916283
          0,           0,         724,      -8.790395966,      -7.440547346,      -8.068981375,      -7.389628606,       -10.1014342
          0,           0,         725,      -8.792862162,      -7.442968673,      -8.071343371,      -7.391998811,      -10.10369238
          0,           0,         726,      -8.795324024,      -7.445387628,      -8.073718435,      -7.394369833,      -10.10588539
          0,           0,         727,      -8.797781553,      -7.447803441,      -8.076106389,      -7.396741473,      -10.10812054
          0,           0,         728,      -8.800234701,      -7.450215727,       -8.07850675,      -7.399113502,      -10.11030084
          0,           0,         729,      -8.802683429,      -7.452623768,      -8.080919195,       -7.40148572,      -10.11254657
          0,           0,         730,      -8.805127713,      -7.455027345,      -8.083342821,      -7.403857955,       -10.1148012
          0,           0,         731,      -8.807567468,      -7.457426275,      -8.085776906,      -7.406230005,      -10.11706337
          0,           0,         732,       -8.81000276,      -7.459820371,      -8.088220582,      -7.408601869,      -10.11933328
          0,           0,         733,      -8.812433597,      -7.462209439,      -8.090672823,       -7.41097349,      -10.12160909
          0,           0,         734,      -8.814859924,      -7.464593305,      -8.093132422,      -7.413344749,      -10.12389113
          0,           0,         735,      -8.817281668,      -7.466971827,      -8.095598059,      -7.415715506,      -10.12620861
          0,           0,         736,      -8.819698753,      -7.469344859,      -8.098068348,      -7.418085627,      -10.12841177
          0,           0,         737,      -8.822111068,      -7.471712235,      -8.100541959,      -7.420454972,      -10.13061574
          0,           0,         738,      -8.824518438,      -7.474073943,      -8.103017268,      -7.422823335,       -10.1328586
          0,           0,         739,      -8.826920641,      -7.476430005,      -8.105492835,      -7.425190522,      -10.13511047
          0,           0,         740,      -8.829317479,      -7.478780499,      -8.107967276,       -7.42755641,      -10.13736426
          0,           0,         741,      -8.831708723,      -7.481125545,      -8.110439214,      -7.429920863,      -10.13961523
          0,           0,         742,       -8.83409413,      -7.483465301,      -8.112907319,      -7.432283747,      -10.14186136
          0,           0,         743,      -8.836473457,      -7.485799955,       -8.11537035,      -7.434644934,      -10.14410253
          0,           0,         744,      -8.838846463,      -7.488129725,       -8.11782718,      -7.437004309,      -10.14633973
          0,           0,         745,        -8.8412129,      -7.490454851,      -8.120276808,      -7.439361761,      -10.14857435
          0,           0,         746,      -8.843572518,      -7.492775595,      -8.122718374,      -7.441717191,      -10.15080872
          0,           0,         747,      -8.845925062,      -7.495092234,       -8.12515115,      -7.444070502,       -10.1530452
          0,           0,         748,      -8.848270289,       -7.49740506,      -8.127574566,      -7.446421606,      -10.15528624
          0,           0,         749,      -8.850607962,      -7.499714371,      -8.129988207,      -7.448770419,      -10.15753429
          0,           0,         750,      -8.852937859,      -7.502020471,      -8.132391816,      -7.451116866,      -10.15979166
          0,           0,         751,       -8.85525977,      -7.504323661,      -8.134785285,      -7.453460873,      -10.16206049
          0,           0,         752,      -8.857573501,      -7.506624241,      -8.137168651,       -7.45580237,      -10.16434265
          0,           0,         753,      -8.859878873,      -7.508922499,      -8.139542084,      -7.458141288,      -10.16663967
          0,           0,         754,      -8.862175726,      -7.511218711,      -8.141905873,      -7.460477558,      -10.16895264
          0,           0,         755,      -8.864463921,      -7.513513139,       -8.14426041,      -7.462811114,      -10.17128224
          0,           0,         756,      -8.866743335,      -7.515806022,      -8.146606178,      -7.465141885,      -10.17362862
          0,           0,         757,      -8.869013859,      -7.518097575,       -8.14894373,      -7.467469794,      -10.17599102
          0,           0,         758,      -8.871275402,      -7.520387986,      -8.151273686,      -7.469794761,      -10.17836708
          0,           0,         759,      -8.873527882,      -7.522677412,      -8.153596714,      -7.472116696,      -10.18075694
          0,           0,         760,      -8.875771231,      -7.524965975,       -8.15591348,      -7.474435502,      -10.18316336
          0,           0,         761,      -8.878005414,      -7.527253765,      -8.158224643,      -7.476751086,      -10.18558441
          0,           0,         762,      -8.880230434,      -7.529540837,      -8.160530887,      -7.479063371,      -10.18801825
          0,           0,         763,      -8.882446296,      -7.531827207,      -8.162832917,      -7.481372279,      -10.19046408
          0,           0,         764,      -8.884652999,      -7.534112856,      -8.165131445,      -7.483677724,      -10.19291985
          0,           0,         765,      -8.886850533,       -7.53639773,       -8.16742716,      -7.485979608,       -10.1953832
          0,           0,         766,      -8.889038899,      -7.538681742,       -8.16972069,      -7.488277833,      -10.19785439
          0,           0,         767,      -8.891218148,      -7.540964773,      -8.172012629,       -7.49057232,      -10.20033381
          0,           0,         768,       -8.89338837,      -7.543246668,      -8.174303547,      -7.492863014,      -10.20282137
          0,           0,         769,      -8.895549684,      -7.545527245,      -8.176593999,      -7.495149878,      -10.20531714
          0,           0,         770,      -8.897702216,      -7.547806292,      -8.178884505,      -7.497432887,      -10.20782117
          0,           0,         771,      -8.899846109,      -7.550083575,      -8.181175564,      -7.499712031,      -10.21033349
          0,           0,         772,      -8.901981516,      -7.552358841,      -8.183467651,      -7.501987312,      -10.21285417
          0,           0,         773,      -8.904108604,      -7.554631822,      -8.185761212,      -7.504258751,      -10.21538325
          0,           0,         774,      -8.906227556,       -7.55690224,       -8.18805666,      -7.506526389,      -10.21792078
          0,           0,         775,      -8.908338576,      -7.559169812,      -8.190354369,      -7.508790283,      -10.22046689
          0,           0,         776,      -8.910441891,      -7.561434258,      -8.192654676,      -7.511050511,      -10.22302181
          0,           0,         777,      -8.912537747,      -7.563695299,      -8.194957878,      -7.513307173,      -10.22558575
          0,           0,         778,      -8.914626408,      -7.565952672,      -8.197264235,      -7.515560386,      -10.22815831
          0,           0,         779,      -8.916708138,      -7.568206129,      -8.199573968,      -7.517810281,       -10.2307387
          0,           0,         780,      -8.918783193,      -7.570455441,      -8.201887253,      -7.520056993,      -10.23332862
          0,           0,         781,       -8.92085182,      -7.572700396,      -8.204204241,      -7.522300662,      -10.23592195
          0,           0,         782,      -8.922914266,      -7.574940802,      -8.206524977,      -7.524541428,      -10.23852142
          0,           0,         783,      -8.924970795,      -7.577176493,      -8.208849345,      -7.526779445,      -10.24112374
          0,           0,         784,      -8.927021694,      -7.579407329,       -8.21117722,      -7.529014891,      -10.24371323
          0,           0,         785,      -8.929067227,      -7.581633204,      -8.213508459,      -7.531247951,      -10.24630192
          0,           0,         786,      -8.931107617,      -7.583854047,      -8.215842794,      -7.533478819,      -10.24890559
          0,           0,         787,      -8.933143064,       -7.58606982,      -8.218179854,      -7.535707682,      -10.25151991
          0,           0,         788,      -8.935173745,      -7.588280521,      -8.220519239,      -7.537934699,      -10.25413178
          0,           0,         789,      -8.937199809,      -7.590486186,      -8.222860523,      -7.540160013,      -10.25674294
          0,           0,         790,      -8.939221399,      -7.592686896,      -8.225203189,      -7.542383792,      -10.25935401
          0,           0,         791,      -8.941238661,      -7.594882771,      -8.227546654,      -7.544606225,      -10.26196695
          0,           0,         792,      -8.943251739,      -7.597073964,      -8.229890289,      -7.546827502,      -10.26457691
          0,           0,         793,      -8.945260756,       -7.59926067,      -8.232233423,      -7.549047801,      -10.26718225
          0,           0,         794,      -8.947265828,      -7.601443133,      -8.234575359,      -7.551267295,      -10.26978752
          0,           0,         795,      -8.949267058,      -7.603621608,      -8.236915388,      -7.553486169,      -10.27239131
          0,           0,         796,      -8.951264506,       -7.60579638,      -8.239252803,       -7.55570458,       -10.2749935
          0,           0,         797,      -8.953258191,       -7.60796776,      -8.241586916,      -7.557922664,      -10.27759421
          0,           0,         798,      -8.955248104,      -7.610136075,      -8.243917069,      -7.560140548,      -10.28019315
          0,           0,         799,      -8.957234192,      -7.612301667,      -8.246242655,      -7.562358333,      -10.28278931
          0,           0,         800,      -8.959216367,      -7.614464889,      -8.248563127,      -7.564576099,      -10.28538285
          0,           0,         801,       -8.96119451,      -7.616626097,       -8.25087799,      -7.566793903,      -10.28797751
          0,           0,         802,      -8.963168482,      -7.618785633,      -8.253186805,       -7.56901178,      -10.29056839
          0,           0,         803,      -8.965138129,      -7.620943848,      -8.255489236,      -7.571229734,      -10.29314816
          0,           0,         804,      -8.967103306,      -7.623101086,      -8.257785064,      -7.573447779,       -10.2957262
          0,           0,         805,      -8.969063853,      -7.625257657,      -8.260074076,      -7.575665908,      -10.29830832
          0,           0,         806,      -8.971019607,      -7.627413847,      -8.262356159,      -7.577884096,      -10.30088933
          0,           0,         807,      -8.972970383,      -7.629569918,      -8.264631336,      -7.580102289,      -10.30346762
          0,           0,         808,      -8.974915964,      -7.631726106,      -8.266899739,      -7.582320397,      -10.30604283
          0,           0,         809,      -8.976856113,      -7.633882617,      -8.269161582,      -7.584538297,      -10.30861471
          0,           0,         810,        -8.9787906,      -7.636039629,      -8.271417154,       -7.58675584,      -10.31118295
          0,           0,         811,      -8.980719211,      -7.638197284,      -8.273666808,      -7.588972869,      -10.31374729
          0,           0,         812,      -8.982641761,       -7.64035569,      -8.275910948,      -7.591189217,      -10.31630751
          0,           0,         813,      -8.984558096,      -7.642514917,       -8.27815002,      -7.593404708,      -10.31886352
          0,           0,         814,       -8.98646809,      -7.644674997,      -8.280384503,      -7.595619163,      -10.32141533
          0,           0,         815,      -8.988371645,      -7.646835927,      -8.282614897,      -7.597832392,      -10.32396302
          0,           0,         816,      -8.990268682,       -7.64899767,      -8.284841717,      -7.600044202,      -10.32650621
          0,           0,         817,      -8.992159143,      -7.651160165,      -8.287065477,      -7.602254394,      -10.32904559
          0,           0,         818,      -8.994042991,      -7.653323319,      -8.289286716,      -7.604462772,      -10.33158877
          0,           0,         819,      -8.995920217,      -7.655486959,      -8.291506056,      -7.606669137,      -10.33411521
          0,           0,         820,      -8.997790847,      -7.657650867,      -8.293723939,      -7.608873284,      -10.33663021
          0,           0,         821,      -8.999654924,      -7.659814797,      -8.295940741,      -7.611074997,      -10.33913733
          0,           0,         822,      -9.001512494,      -7.661978473,      -8.298156873,       -7.61327406,      -10.34163656
          0,           0,         823,      -9.003363618,      -7.664141596,      -8.300372722,      -7.615470257,      -10.34412775
          0,           0,         824,      -9.005208368,      -7.666303846,      -8.302588642,      -7.617663374,      -10.34661079
          0,           0,         825,      -9.007046837,      -7.668464893,       -8.30480494,      -7.619853208,      -10.34908609
          0,           0,         826,      -9.008879143,      -7.670624397,      -8.307021881,      -7.622039566,      -10.35155488
          0,           0,         827,      -9.010705421,       -7.67278201,      -8.309239683,      -7.624222281,      -10.35401691
          0,           0,         828,      -9.012525833,      -7.674937375,      -8.311458542,      -7.626401202,      -10.35647372
          0,           0,         829,      -9.014340557,      -7.677090142,      -8.313678596,      -7.628576206,      -10.35892536
          0,           0,         830,      -9.016149779,      -7.679239963,      -8.315899979,      -7.630747189,      -10.36137189
          0,           0,         831,      -9.017953692,      -7.681386503,      -8.318122798,      -7.632914068,      -10.36381351
          0,           0,         832,      -9.019752495,      -7.683529443,      -8.320347132,      -7.635076781,      -10.36625083
          0,           0,         833,      -9.021546398,       -7.68566848,      -8.322573029,      -7.637235291,      -10.36868499
          0,           0,         834,      -9.023335633,      -7.687803338,      -8.324800497,      -7.639389591,      -10.37111672
          0,           0,         835,      -9.025120448,      -7.689933762,      -8.327029521,      -7.641539709,       -10.3735409
          0,           0,         836,      -9.026901112,      -7.692059505,      -8.329260088,      -7.643685705,       -10.3759446
          0,           0,         837,      -9.028677904,      -7.694180317,      -8.331492153,      -7.645827665,      -10.37836011
          0,           0,         838,      -9.030451101,      -7.696296008,      -8.333725484,      -7.647965695,      -10.38078554
          0,           0,         839,      -9.032220955,      -7.698406439,      -8.335959922,      -7.650099926,      -10.38321164
          0,           0,         840,      -9.033987697,      -7.700511519,       -8.33819535,      -7.652230511,      -10.38563976
          0,           0,         841,      -9.035751542,      -7.702611203,      -8.340431643,       -7.65435762,       -10.3880757
          0,           0,         842,      -9.037512694,      -7.704705474,      -8.342668709,      -7.656481438,      -10.39050815
          0,           0,         843,      -9.039271361,      -7.706794339,      -8.344906351,      -7.658602162,      -10.39293672
          0,           0,         844,      -9.041027754,      -7.708877852,      -8.347144267,      -7.660720015,      -10.39536707
          0,           0,         845,      -9.042782081,      -7.710956102,      -8.349382169,      -7.662835239,      -10.39780111
          0,           0,         846,      -9.044534522,      -7.713029222,      -8.351619774,      -7.664948076,      -10.40024067
          0,           0,         847,      -9.046285223,      -7.715097401,      -8.353856784,      -7.667058761,       -10.4026855
          0,           0,         848,      -9.048034307,      -7.717160928,      -8.356092888,      -7.669167534,      -10.40514324
          0,           0,         849,       -9.04978189,      -7.719220094,      -8.358327863,      -7.671274651,      -10.40761239
          0,           0,         850,      -9.051528101,      -7.721275021,      -8.360561538,      -7.673380372,      -10.41005722
          0,           0,         851,      -9.053273015,      -7.723325899,      -8.362793413,      -7.675484894,       -10.4125011
          0,           0,         852,      -9.055016576,      -7.725372949,      -8.365023139,      -7.677588318,      -10.41494563
          0,           0,         853,       -9.05675875,      -7.727416426,       -8.36725042,      -7.679690778,      -10.41738974
          0,           0,         854,      -9.058499507,      -7.729456607,      -8.369474988,      -7.681792409,      -10.41983294
          0,           0,         855,       -9.06023881,      -7.731493792,      -8.371696572,      -7.683893337,      -10.42227268
          0,           0,         856,      -9.061976619,      -7.733528275,      -8.373914943,      -7.685993679,        -10.424712
          0,           0,         857,      -9.063712886,      -7.735560371,      -8.376129881,      -7.688093538,      -10.42715083
          0,           0,         858,      -9.065447553,      -7.737590399,      -8.378341225,      -7.690192999,      -10.42958922
          0,           0,         859,       -9.06718057,       -7.73961868,      -8.380548854,      -7.692292146,      -10.43202722
          0,           0,         860,      -9.068911891,       -7.74164553,      -8.382752688,      -7.694391049,      -10.43445189
          0,           0,         861,      -9.070641476,      -7.743671199,      -8.384952726,      -7.696489766,      -10.43681845
          0,           0,         862,      -9.072369288,      -7.745695781,      -8.387149006,      -7.698588319,       -10.4392395
          0,           0,         863,      -9.074095247,      -7.747719513,      -8.389341324,      -7.700686664,      -10.44167303
          0,           0,         864,       -9.07581922,      -7.749742666,      -8.391529795,      -7.702784724,      -10.44410229
          0,           0,         865,      -9.077541187,      -7.751765505,      -8.393714629,      -7.704882507,      -10.44652175
          0,           0,         866,      -9.079261171,      -7.753788265,      -8.395896041,      -7.706980024,      -10.44894174
          0,           0,         867,       -9.08097921,      -7.755811165,      -8.398074159,      -7.709077268,      -10.45137578
          0,           0,         868,      -9.082695366,      -7.757834424,      -8.400249116,      -7.711174237,      -10.45382902
          0,           0,         869,      -9.084409711,      -7.759858193,      -8.402421224,      -7.713270924,      -10.45629038
          0,           0,         870,      -9.086122324,        -7.7618825,      -8.404590838,       -7.71536729,      -10.45873666
          0,           0,         871,      -9.087833257,      -7.763907352,       -8.40675807,      -7.717463229,      -10.46118446
          0,           0,         872,      -9.089542512,      -7.765932722,      -8.408923132,      -7.719558581,        -10.463636
          0,           0,         873,      -9.091250105,      -7.767958556,      -8.411086278,      -7.721653186,      -10.46609137
          0,           0,         874,      -9.092956084,      -7.769984777,      -8.413247752,       -7.72374689,      -10.46855033
          0,           0,         875,      -9.094660514,      -7.772011286,      -8.415407775,      -7.725839537,      -10.47101245
          0,           0,         876,      -9.096363479,      -7.774037964,      -8.417566549,      -7.727930972,      -10.47347723
          0,           0,         877,      -9.098065069,       -7.77606467,      -8.419724257,      -7.730021037,      -10.47594187
          0,           0,         878,      -9.099765378,      -7.778091234,      -8.421881076,      -7.732109565,       -10.4784072
          0,           0,         879,      -9.101464505,      -7.780117473,      -8.424037129,      -7.734196386,      -10.48087329
          0,           0,         880,      -9.103162538,      -7.782143186,      -8.426192523,      -7.736281322,      -10.48333964
          0,           0,         881,      -9.104859567,      -7.784168162,      -8.428347347,      -7.738364197,      -10.48580593
          0,           0,         882,       -9.10655568,      -7.786192181,       -8.43050166,      -7.740444838,      -10.48827202
          0,           0,         883,      -9.108250966,      -7.788215017,      -8.432655492,      -7.742523075,      -10.49073797
          0,           0,         884,      -9.109945511,      -7.790236439,      -8.434808848,      -7.744598745,      -10.49320343
          0,           0,         885,      -9.111639399,      -7.792256211,       -8.43696171,      -7.746671694,      -10.49565781
          0,           0,         886,      -9.113332716,      -7.794274061,      -8.439114082,      -7.748741774,      -10.49807708
          0,           0,         887,      -9.115025539,      -7.796289643,      -8.441265922,      -7.750808837,      -10.50052219
          0,           0,         888,      -9.116717938,      -7.798302694,      -8.443416967,      -7.752872733,      -10.50298621
          0,           0,         889,      -9.118409944,       -7.80031299,      -8.445567104,      -7.754933326,      -10.50545277
          0,           0,         890,      -9.120101607,       -7.80232033,      -8.447716288,      -7.756990527,      -10.50792227
          0,           0,         891,      -9.121793012,      -7.804324541,      -8.449864454,      -7.759044284,      -10.51039639
          0,           0,         892,      -9.123484255,      -7.806325474,      -8.452011516,      -7.761094578,      -10.51287628
          0,           0,         893,      -9.125175449,      -7.808323001,      -8.454157382,      -7.763141425,      -10.51536271
          0,           0,         894,       -9.12686671,      -7.810317016,      -8.456301966,      -7.765184864,       -10.5178562
          0,           0,         895,      -9.128558166,      -7.812307436,      -8.458445189,      -7.767224967,      -10.52035704
          0,           0,         896,      -9.130249952,      -7.814294202,      -8.460586981,      -7.769261829,      -10.52286534
          0,           0,         897,      -9.131942213,       -7.81627728,      -8.462727276,      -7.771295576,      -10.52538104
          0,           0,         898,      -9.133635104,      -7.818256664,      -8.464866014,       -7.77332636,      -10.52790389
          0,           0,         899,      -9.135328788,      -7.820232376,      -8.467003145,      -7.775354354,      -10.53043356
          0,           0,         900,      -9.137023431,      -7.822204468,      -8.469138622,      -7.777379756,      -10.53296962
          0,           0,         901,      -9.138719207,      -7.824173021,       -8.47127241,      -7.779402782,      -10.53551159
          0,           0,         902,      -9.140416291,      -7.826138145,      -8.473404476,      -7.781423665,      -10.53805902
          0,           0,         903,      -9.142114858,      -7.828099978,      -8.475534796,      -7.783442649,      -10.54061148
          0,           0,         904,      -9.143815083,      -7.830058687,       -8.47766335,      -7.785459989,       -10.5431686
          0,           0,         905,      -9.145517133,      -7.832014464,       -8.47979012,      -7.787475946,      -10.54573012
          0,           0,         906,      -9.147221171,      -7.833967523,      -8.481915095,      -7.789490784,      -10.54829588
          0,           0,         907,      -9.148927348,      -7.835918101,      -8.484038264,      -7.791504762,      -10.55086597
          0,           0,         908,      -9.150635807,      -7.837866453,       -8.48615962,      -7.793518133,      -10.55344102
          0,           0,         909,      -9.152346676,      -7.839812849,       -8.48827917,       -7.79553114,      -10.55602207
          0,           0,         910,      -9.154060066,      -7.841757567,      -8.490396932,      -7.797544007,      -10.55860811
          0,           0,         911,      -9.155776069,      -7.843700894,      -8.492512932,      -7.799556934,      -10.56119593
          0,           0,         912,      -9.157494762,      -7.845643117,      -8.494627169,      -7.801570092,      -10.56378554
          0,           0,         913,      -9.159216213,       -7.84758452,      -8.496739621,      -7.803583642,      -10.56637909
          0,           0,         914,      -9.160940492,       -7.84952538,      -8.498850265,      -7.805597735,      -10.56897813
          0,           0,         915,      -9.162667658,      -7.851465961,      -8.500959083,      -7.807612505,      -10.57158369
          0,           0,         916,      -9.164397751,      -7.853406511,      -8.503066066,      -7.809628058,      -10.57419665
          0,           0,         917,      -9.166130785,       -7.85534726,       -8.50517121,      -7.811644466,      -10.57681789
          0,           0,         918,      -9.167866752,      -7.857288413,      -8.507274514,      -7.813661765,      -10.57944829
          0,           0,         919,      -9.169605631,      -7.859230157,      -8.509375984,      -7.815679961,      -10.58208868
          0,           0,         920,      -9.171347388,      -7.861172649,      -8.511475624,      -7.817699037,      -10.58473985
          0,           0,         921,      -9.173091988,      -7.863116024,      -8.513573445,      -7.819718954,      -10.58740251
          0,           0,         922,      -9.174839395,      -7.865060385,      -8.515669458,      -7.821739657,      -10.59007726
          0,           0,         923,      -9.176589574,      -7.867005809,      -8.517763683,      -7.823761074,      -10.59276461
          0,           0,         924,       -9.17834249,      -7.868952345,      -8.519856144,      -7.825783119,      -10.59546506
          0,           0,         925,      -9.180098109,      -7.870900011,      -8.521946874,       -7.82780569,      -10.59818075
          0,           0,         926,      -9.181856393,      -7.872848786,      -8.524035914,       -7.82982867,      -10.60091017
          0,           0,         927,      -9.183617295,      -7.874798634,      -8.526123318,      -7.831851921,      -10.60364995
          0,           0,         928,      -9.185380772,      -7.876749504,      -8.528209154,      -7.833875293,       -10.6064006
          0,           0,         929,      -9.187146782,      -7.878701318,      -8.530293499,      -7.835898642,      -10.60915724
          0,           0,         930,      -9.188915281,      -7.880653987,      -8.532376444,      -7.837921811,       -10.6119262
          0,           0,         931,      -9.190686222,      -7.882607366,      -8.534458074,      -7.839944648,      -10.61470526
          0,           0,         932,      -9.192459547,      -7.884561292,      -8.536538481,      -7.841966968,      -10.61749301
          0,           0,         933,      -9.194235197,      -7.886515586,      -8.538617763,      -7.843988582,      -10.62028798
          0,           0,         934,      -9.196013122,      -7.888470057,      -8.540696029,      -7.846009305,      -10.62308882
          0,           0,         935,      -9.197793273,      -7.890424504,      -8.542773385,      -7.848028955,      -10.62589487
          0,           0,         936,      -9.199575606,      -7.892378714,      -8.544849926,      -7.850047354,      -10.62870511
          0,           0,         937,      -9.201360085,      -7.894332469,       -8.54692575,      -7.852064334,      -10.63151859
          0,           0,         938,      -9.203146676,      -7.896285545,       -8.54900095,      -7.854079731,      -10.63433443
          0,           0,         939,      -9.204935348,      -7.898237714,      -8.551075608,      -7.856093391,      -10.63715182
          0,           0,         940,      -9.206726075,      -7.900188751,      -8.553149799,      -7.858105164,      -10.63997054
          0,           0,         941,      -9.208518835,       -7.90213843,      -8.555223585,      -7.860114914,      -10.64279305
          0,           0,         942,      -9.210313613,      -7.904086527,      -8.557297009,      -7.862122517,      -10.64560995
          0,           0,         943,        -9.2121104,      -7.906032845,      -8.559370115,      -7.864127858,      -10.64842167
          0,           0,         944,        -9.2139092,      -7.907977191,      -8.561442924,      -7.866130851,      -10.65122194
          0,           0,         945,      -9.215710026,      -7.909919398,      -8.563515451,      -7.868131431,      -10.65401801
          0,           0,         946,        -9.2175129,       -7.91185929,      -8.565587684,      -7.870129558,      -10.65680723
          0,           0,         947,      -9.219317842,      -7.913796713,        -8.5676596,      -7.872125197,      -10.65958859
          0,           0,         948,      -9.221124883,      -7.915731532,      -8.569731167,       -7.87411833,      -10.66236182
          0,           0,         949,      -9.222934061,      -7.917663635,      -8.571802341,      -7.876108962,      -10.66512693
          0,           0,         950,      -9.224745422,      -7.919592934,       -8.57387307,       -7.87809712,      -10.66788399
          0,           0,         951,      -9.226559018,       -7.92151936,      -8.575943295,      -7.880082853,      -10.67063295
          0,           0,         952,      -9.228374903,      -7.923442871,       -8.57801295,       -7.88206623,      -10.67337365
          0,           0,         953,      -9.230193137,      -7.925363448,       -8.58008197,      -7.884047335,      -10.67610586
          0,           0,         954,      -9.232013779,      -7.927281093,      -8.582150287,       -7.88602627,      -10.67882935
          0,           0,         955,       -9.23383689,      -7.929195832,      -8.584217837,      -7.888003153,      -10.68154392
          0,           0,         956,      -9.235662529,      -7.931107712,      -8.586284557,      -7.889978114,      -10.68424935
          0,           0,         957,      -9.237490752,      -7.933016803,      -8.588350392,      -7.891951293,      -10.68694515
          0,           0,         958,      -9.239321613,      -7.934923191,      -8.590415294,      -7.893922833,      -10.68963024
          0,           0,         959,      -9.241155154,      -7.936826979,      -8.592479224,      -7.895892884,      -10.69230335
          0,           0,         960,      -9.242991413,      -7.938728287,      -8.594542147,       -7.89786159,      -10.69496523
          0,           0,         961,      -9.244830419,      -7.940627245,      -8.596604019,      -7.899829096,      -10.69761939
          0,           0,         962,      -9.246672201,      -7.942523995,      -8.598664783,      -7.901795552,      -10.70026857
          0,           0,         963,      -9.248516785,      -7.944418686,      -8.600724387,      -7.903761113,      -10.70291317
          0,           0,         964,      -9.250364196,       -7.94631147,      -8.602782788,      -7.905725937,      -10.70555281
          0,           0,         965,      -9.252214445,      -7.948202504,      -8.604839955,      -7.907690169,      -10.70818732
          0,           0,         966,      -9.254067527,      -7.950091947,      -8.606895866,      -7.909653937,      -10.71081686
          0,           0,         967,      -9.255923425,      -7.951979956,      -8.608950505,      -7.911617352,      -10.71344178
          0,           0,         968,      -9.257782111,      -7.953866688,      -8.611003861,      -7.913580508,      -10.71606244
          0,           0,         969,      -9.259643559,      -7.955752298,      -8.613055925,      -7.915543489,      -10.71867927
          0,           0,         970,       -9.26150774,      -7.957636935,      -8.615106686,      -7.917506372,      -10.72129273
          0,           0,         971,      -9.263374629,      -7.959520745,      -8.617156138,      -7.919469225,      -10.72390328
          0,           0,         972,      -9.265244206,      -7.961403865,      -8.619204276,      -7.921432109,      -10.72651153
          0,           0,         973,       -9.26711645,      -7.963286424,      -8.621251102,      -7.923395073,      -10.72911814
          0,           0,         974,      -9.268991342,       -7.96516854,      -8.623296622,      -7.925358156,      -10.73172404
          0,           0,         975,      -9.270868858,      -7.967050323,      -8.625340849,      -7.927321381,      -10.73433051
          0,           0,         976,      -9.272748975,      -7.968931873,      -8.627383803,      -7.929284758,      -10.73693965
          0,           0,         977,      -9.274631667,      -7.970813281,      -8.629425513,       -7.93124828,      -10.73955551
          0,           0,         978,      -9.276516909,      -7.972694638,      -8.631466017,      -7.933211929,      -10.74218811
          0,           0,         979,      -9.278404682,      -7.974576053,      -8.633505364,      -7.935175681,       -10.7448695
          0,           0,         980,       -9.28029499,       -7.97645776,      -8.635543632,      -7.937139511,      -10.74764429
          0,           0,         981,      -9.282187911,       -7.97834056,      -8.637580987,      -7.939103452,      -10.75049265
          0,           0,         982,      -9.284083833,      -7.980223698,      -8.639617867,      -7.941067788,      -10.75315672
          0,           0,         983,      -9.285982807,      -7.982106742,      -8.641653784,      -7.943032494,      -10.75578551
          0,           0,         984,      -9.287884272,      -7.983989516,      -8.643688586,      -7.944996941,      -10.75836245
          0,           0,         985,      -9.289787928,      -7.985871799,      -8.645722357,      -7.946960765,       -10.7609262
          0,           0,         986,      -9.291693648,      -7.987753512,      -8.647755103,      -7.948923804,      -10.76346304
          0,           0,         987,      -9.293601318,      -7.989634569,      -8.649786892,      -7.950885901,      -10.76542784
          0,           0,         988,      -9.295510865,      -7.991513852,      -8.651817747,      -7.952846935,      -10.76789766
          0,           0,         989,       -9.29742179,      -7.993391835,      -8.653847164,      -7.954806409,      -10.77038385
          0,           0,         990,      -9.299333746,       -7.99526891,      -8.655875635,      -7.956763944,      -10.77283864
          0,           0,         991,      -9.301247134,      -7.997145296,      -8.657903486,      -7.958719898,      -10.77527618
          0,           0,         992,      -9.303162275,      -7.999021091,      -8.659930829,      -7.960674533,      -10.77769749
          0,           0,         993,      -9.305079307,      -8.000896319,      -8.661957718,      -7.962627892,       -10.7801016
          0,           0,         994,      -9.306998305,       -8.00277096,      -8.663984197,      -7.964579949,       -10.7824887
          0,           0,         995,      -9.308919339,      -8.004644974,      -8.666010297,       -7.96653067,      -10.78486106
          0,           0,         996,      -9.310842473,      -8.006518312,      -8.668036033,      -7.968480027,      -10.78722329
          0,           0,         997,      -9.312767772,      -8.008390919,      -8.670061409,      -7.970427991,      -10.78958215
          0,           0,         998,        -9.3146953,      -8.010262738,      -8.672086416,      -7.972374539,      -10.79194606
