"Time_Iter","Outer_Iter","Inner_Iter",    "rms[Rho]"    ,    "rms[RhoU]"   ,    "rms[RhoV]"   ,    "rms[RhoE]"   ,    "RefForce"    ,       "CD"       ,       "CL"       ,       "CSF"      ,       "CMx"      ,       "CMy"      ,       "CMz"      ,       "CFx"      ,       "CFy"      ,       "CFz"      ,      "CEff"      
          0,           0,           0,      -3.526616354,      -3.641262807,      -4.083394258,       -2.93023921,             0.448,      0.2913437706,      0.1584755057,                 0,                 0,                 0,     0.05233501213,      0.2878173138,      0.1647934237,                 0,      0.5439467794
          0,           0,           1,      -3.775296235,      -3.654672777,      -3.674599979,      -3.164713381,             0.448,       0.113146783,     0.07003992402,                 0,                 0,                 0,    0.009181627266,      0.1115919443,     0.07249154048,                 0,      0.6190182535
          0,           0,           2,      -3.711085432,      -3.625733622,      -3.645041854,      -3.112924174,             0.448,     0.08687754298,     0.08889666129,                 0,                 0,                 0,     0.01317896328,     0.08491759803,      0.0907707299,                 0,       1.023240969
          0,           0,           3,      -3.658807117,      -3.668257134,      -3.644454465,      -3.066359919,             0.448,      0.1040209138,      0.1238997942,                 0,                 0,                 0,     0.01961713887,      0.1012932999,      0.1261395137,                 0,       1.191104651
          0,           0,           4,      -3.605376063,      -3.627919743,      -3.615291397,      -3.016351032,             0.448,     0.08002762899,      0.1273929878,                 0,                 0,                 0,      0.0150340111,      0.0772295212,      0.1291084653,                 0,       1.591862579
          0,           0,           5,      -3.599559183,      -3.605236831,      -3.603421922,      -3.015060292,             0.448,     0.06749240335,       0.130984524,                 0,                 0,                 0,     0.01375678323,     0.06461892965,      0.1324256922,                 0,       1.940729882
          0,           0,           6,      -3.595310229,      -3.722536656,      -3.637328323,        -3.0174575,             0.448,     0.06533403238,      0.1390206371,                 0,                 0,                 0,     0.01292659924,     0.06228576544,      0.1404128084,                 0,       2.127844127
          0,           0,           7,      -3.595966399,      -3.709802843,      -3.627857724,      -3.019648901,             0.448,     0.06181069789,      0.1471388397,                 0,                 0,                 0,     0.01318846332,     0.05858617175,      0.1484522179,                 0,       2.380475301
          0,           0,           8,      -3.579323805,      -3.637772285,      -3.643445399,      -3.002259467,             0.448,     0.05752283051,      0.1541297771,                 0,                 0,                 0,     0.01561932432,     0.05414681827,      0.1553479523,                 0,       2.679453978
          0,           0,           9,      -3.594250633,      -3.672893561,      -3.652635427,      -3.021098005,             0.448,     0.05464177792,      0.1597928974,                 0,                 0,                 0,     0.01876505655,     0.05114291097,      0.1609468751,                 0,        2.92437222
          0,           0,          10,      -3.604241473,      -3.726526361,      -3.679385098,      -3.034912198,             0.448,     0.05292751907,      0.1651596228,                 0,                 0,                 0,     0.02206756744,     0.04931198557,       0.166274927,                 0,       3.120486765
          0,           0,          11,      -3.613074778,      -3.749912828,      -3.703301338,      -3.045538341,             0.448,     0.05128677426,      0.1706154185,                 0,                 0,                 0,     0.02567860939,     0.04755261365,      0.1716936318,                 0,       3.326694279
          0,           0,          12,       -3.61981433,      -3.762219511,      -3.716758796,      -3.052615445,             0.448,      0.0494630519,      0.1757960721,                 0,                 0,                 0,     0.02944281365,     0.04561630993,      0.1768332682,                 0,       3.554088665
          0,           0,          13,      -3.624147396,      -3.772188731,      -3.730053992,      -3.055616819,             0.448,     0.04771298749,      0.1807443861,                 0,                 0,                 0,     0.03310104433,     0.04375871509,      0.1817422272,                 0,       3.788159066
          0,           0,          14,      -3.633484254,       -3.78915243,      -3.744378535,      -3.063050451,             0.448,     0.04610154122,      0.1857322602,                 0,                 0,                 0,      0.0365080521,      0.0420388424,      0.1866937608,                 0,       4.028764664
          0,           0,          15,      -3.645562762,      -3.812884705,      -3.763473318,      -3.073662664,             0.448,     0.04448676048,      0.1906383078,                 0,                 0,                 0,     0.03949496962,     0.04031742107,      0.1915634146,                 0,       4.285281862
          0,           0,          16,      -3.659701874,      -3.837111929,       -3.78683869,      -3.087688624,             0.448,     0.04271738656,      0.1951886432,                 0,                 0,                 0,     0.04190485644,     0.03844920317,      0.1960740685,                 0,       4.569302078
          0,           0,          17,      -3.677017433,      -3.856765597,      -3.810816519,      -3.106251712,             0.448,     0.04075242293,      0.1994762089,                 0,                 0,                 0,     0.04377293776,     0.03639117439,      0.2003177484,                 0,       4.894830653
          0,           0,          18,      -3.696918437,      -3.870154351,      -3.835560728,      -3.127818147,             0.448,     0.03861048948,      0.2033999198,                 0,                 0,                 0,     0.04506600027,     0.03416415536,      0.2041937995,                 0,       5.267996406
          0,           0,          19,      -3.719186899,      -3.881730519,      -3.863509014,      -3.151308175,             0.448,     0.03637880149,      0.2068362053,                 0,                 0,                 0,     0.04575969663,     0.03185803628,      0.2075805833,                 0,       5.685624508
          0,           0,          20,      -3.743077593,      -3.897950894,       -3.89591379,      -3.175901896,             0.448,     0.03418737489,      0.2098537093,                 0,                 0,                 0,     0.04591253599,     0.02960130468,      0.2105495634,                 0,       6.138339371
          0,           0,          21,       -3.76606765,      -3.921570101,       -3.93164124,       -3.19958006,             0.448,     0.03216213632,      0.2126168007,                 0,                 0,                 0,     0.04560961258,     0.02751627154,      0.2132678169,                 0,       6.610779787
          0,           0,          22,      -3.785755353,      -3.951110742,       -3.96751663,      -3.220355887,             0.448,     0.03038923571,      0.2151898047,                 0,                 0,                 0,     0.04489607376,     0.02568766305,       0.215801533,                 0,       7.081119339
          0,           0,          23,      -3.801407252,      -3.982517447,      -4.000069472,      -3.237256021,             0.448,     0.02893815622,      0.2176023803,                 0,                 0,                 0,     0.04382273597,     0.02418429882,      0.2181818794,                 0,       7.519566161
          0,           0,          24,      -3.813683499,      -4.011682209,      -4.027427197,      -3.250311777,             0.448,     0.02787713039,      0.2198944185,                 0,                 0,                 0,     0.04247536941,     0.02307352493,      0.2204502259,                 0,       7.887986152
          0,           0,          25,      -3.824317192,      -4.036818325,      -4.049851759,      -3.260990995,             0.448,     0.02721986161,      0.2218513351,                 0,                 0,                 0,     0.04084082522,     0.02237372265,      0.2223923386,                 0,        8.15034765
          0,           0,          26,      -3.836371499,      -4.058671914,      -4.069405269,      -3.272676829,             0.448,     0.02702136538,      0.2237468233,                 0,                 0,                 0,     0.03912141205,      0.0221339238,      0.2242830456,                 0,       8.280367041
          0,           0,          27,      -3.853400307,      -4.079531826,       -4.08978483,      -3.289464133,             0.448,      0.0272782859,      0.2257033768,                 0,                 0,                 0,     0.03740034102,     0.02234810119,      0.2262447382,                 0,       8.274104084
          0,           0,          28,      -3.876301116,      -4.102053376,      -4.114798254,      -3.312368861,             0.448,     0.02786163045,      0.2272429813,                 0,                 0,                 0,     0.03556094989,     0.02289772062,      0.2277967019,                 0,       8.156126459
          0,           0,          29,      -3.903158661,      -4.128763055,      -4.146399685,      -3.339213147,             0.448,      0.0287869009,      0.2289670367,                 0,                 0,                 0,     0.03394143294,     0.02378516082,      0.2295405317,                 0,       7.953861984
          0,           0,          30,      -3.929648191,      -4.161900178,      -4.184302986,      -3.365623171,             0.448,     0.02991859994,      0.2305628052,                 0,                 0,                 0,     0.03243223866,     0.02488177904,      0.2311606083,                 0,       7.706336715
          0,           0,          31,      -3.953190892,      -4.202840023,      -4.226163989,      -3.389526401,             0.448,     0.03107346814,      0.2314063192,                 0,                 0,                 0,     0.03083655288,     0.02601797125,      0.2320291149,                 0,       7.447070863
          0,           0,          32,      -3.975808435,      -4.249590503,      -4.269561561,      -3.413501715,             0.448,     0.03220172189,      0.2316331602,                 0,                 0,                 0,     0.02931940682,     0.02714100799,      0.2322805146,                 0,        7.19319175
          0,           0,          33,      -4.003219933,      -4.296409782,      -4.310710317,      -3.443127895,             0.448,      0.0333196644,      0.2317718037,                 0,                 0,                 0,     0.02808212448,     0.02825565997,      0.2324435129,                 0,       6.956006546
          0,           0,          34,      -4.038292006,      -4.337650628,      -4.345365267,      -3.480142164,             0.448,     0.03434161315,      0.2316141783,                 0,                 0,                 0,     0.02704069515,      0.0292808041,      0.2323082188,                 0,       6.744417548
          0,           0,          35,      -4.081120866,      -4.371546268,      -4.373428693,      -3.523517768,             0.448,     0.03526068065,      0.2314092594,                 0,                 0,                 0,     0.02631504677,     0.03020412317,      0.2321233979,                 0,       6.562813171
          0,           0,          36,       -4.12884038,      -4.398449141,      -4.398282543,      -3.569900706,             0.448,     0.03606132619,      0.2313146891,                 0,                 0,                 0,     0.02595474611,     0.03100664122,      0.2320463161,                 0,       6.414480928
          0,           0,          37,       -4.17774984,      -4.420453693,      -4.423909468,      -3.616320947,             0.448,     0.03672192063,       0.231365449,                 0,                 0,                 0,     0.02594231968,     0.03166597114,      0.2321114748,                 0,       6.300472443
          0,           0,          38,      -4.221977602,      -4.440861752,      -4.452828681,      -3.658526214,             0.448,      0.0371946731,       0.231343231,                 0,                 0,                 0,     0.02611833825,     0.03213909579,      0.2320995751,                 0,        6.21979471
          0,           0,          39,      -4.254119985,      -4.464259072,      -4.486323162,      -3.690585043,             0.448,     0.03747511871,      0.2312307735,                 0,                 0,                 0,      0.0264232222,      0.0324219279,      0.2319932623,                 0,       6.170247928
          0,           0,          40,      -4.269747547,      -4.492384126,      -4.523521529,      -3.708171287,             0.448,     0.03757079408,      0.2310289716,                 0,                 0,                 0,     0.02680997849,      0.0325219828,      0.2317935955,                 0,       6.149163925
          0,           0,          41,       -4.27187992,      -4.524620895,      -4.561939289,      -3.712993679,             0.448,     0.03749942557,      0.2307607986,                 0,                 0,                 0,     0.02724242707,     0.03245648143,      0.2315239294,                 0,       6.153715558
          0,           0,          42,      -4.267115464,      -4.557725279,      -4.598503933,      -3.710371199,             0.448,     0.03728909048,      0.2304811268,                 0,                 0,                 0,     0.02770805337,      0.0322522974,      0.2312397357,                 0,       6.180926481
          0,           0,          43,      -4.260488045,       -4.58681529,      -4.630600316,      -3.704828842,             0.448,     0.03697289225,      0.2302461244,                 0,                 0,                 0,     0.02820648525,     0.03194130097,      0.2309978914,                 0,       6.227430702
          0,           0,          44,      -4.257162473,      -4.606623692,      -4.657554868,      -3.701300668,             0.448,     0.03658137588,      0.2300901159,                 0,                 0,                 0,     0.02871643466,     0.03155328107,      0.2308333792,                 0,       6.289815799
          0,           0,          45,       -4.26260363,      -4.618030948,      -4.680838599,      -3.705642401,             0.448,     0.03612195973,      0.2298761529,                 0,                 0,                 0,     0.02918908162,     0.03109864184,       0.230609445,                 0,       6.363889296
          0,           0,          46,      -4.280012526,      -4.631089307,      -4.703488903,      -3.721635703,             0.448,     0.03562933746,      0.2296717166,                 0,                 0,                 0,     0.02963653578,     0.03061059655,      0.2303943109,                 0,        6.44614054
          0,           0,          47,      -4.307550665,      -4.652176433,      -4.726314706,      -3.747704604,             0.448,     0.03515319031,      0.2296423819,                 0,                 0,                 0,     0.03010320928,     0.03013520265,      0.2303545961,                 0,       6.532618515
          0,           0,          48,      -4.342734609,      -4.679920913,      -4.749495314,      -3.781419396,             0.448,     0.03471474706,       0.229758675,                 0,                 0,                 0,     0.03055232126,     0.02969432681,      0.2304612968,                 0,       6.618474694
          0,           0,          49,      -4.382938073,      -4.708096772,      -4.772721795,       -3.82039631,             0.448,       0.034322364,      0.2299296999,                 0,                 0,                 0,     0.03091289644,     0.02929830624,      0.2306237213,                 0,       6.699121888
          0,           0,          50,      -4.425532216,      -4.735535153,      -4.795922768,       -3.86243481,             0.448,      0.0339956455,      0.2301754655,                 0,                 0,                 0,     0.03120950249,     0.02896630414,      0.2308623011,                 0,       6.770733785
          0,           0,          51,      -4.467952324,      -4.764931164,      -4.819731121,      -3.905463052,             0.448,     0.03374411223,      0.2304857305,                 0,                 0,                 0,     0.03145311103,     0.02870806234,       0.231167005,                 0,       6.830398408
          0,           0,          52,      -4.504541373,      -4.799431294,      -4.845937727,      -3.943843981,             0.448,     0.03357255716,      0.2308538846,                 0,                 0,                 0,     0.03165012665,     0.02852851685,      0.2315313291,                 0,       6.876267527
          0,           0,          53,      -4.531880174,      -4.836177442,      -4.873765054,      -3.973640856,             0.448,     0.03348169319,      0.2312841709,                 0,                 0,                 0,     0.03181175959,     0.02842828785,      0.2319595308,                 0,       6.907780009
          0,           0,          54,      -4.549955325,      -4.873229619,      -4.900453718,       -3.99410109,             0.448,     0.03345995699,       0.231728423,                 0,                 0,                 0,     0.03192448046,     0.02839686552,       0.232403203,                 0,       6.925544556
          0,           0,          55,      -4.561091352,      -4.910098221,      -4.924880164,      -4.006956031,             0.448,     0.03349695358,      0.2321564109,                 0,                 0,                 0,     0.03198645601,     0.02842451679,      0.2328318962,                 0,       6.930672379
          0,           0,          56,      -4.568847334,      -4.945491403,      -4.947771173,      -4.015524939,             0.448,      0.0335834645,      0.2325528092,                 0,                 0,                 0,     0.03200306001,     0.02850235975,      0.2332300873,                 0,       6.924622359
          0,           0,          57,      -4.576618045,      -4.978239801,      -4.970088079,      -4.023313994,             0.448,     0.03370577143,      0.2328838922,                 0,                 0,                 0,     0.03196850547,     0.02861741503,      0.2335637597,                 0,        6.90931797
          0,           0,          58,       -4.58737543,      -5.007633793,      -4.992268793,      -4.033603264,             0.448,     0.03385250213,      0.2331384172,                 0,                 0,                 0,     0.03189003476,     0.02875855838,      0.2338214251,                 0,       6.886888784
          0,           0,          59,      -4.602770826,      -5.034221355,       -5.01413661,      -4.048354118,             0.448,     0.03401388271,      0.2333247572,                 0,                 0,                 0,     0.03178153688,     0.02891583558,      0.2340112412,                 0,       6.859691944
          0,           0,          60,      -4.623273439,      -5.058363242,      -5.035941609,      -4.068257433,             0.448,     0.03418033819,      0.2334460491,                 0,                 0,                 0,     0.03165418148,     0.02907960547,      0.2341361354,                 0,       6.829834387
          0,           0,          61,      -4.648078079,       -5.08113971,      -5.058587377,      -4.092585159,             0.448,     0.03434269013,      0.2334984015,                 0,                 0,                 0,     0.03151613545,     0.02924077672,       0.234192017,                 0,       6.799071377
          0,           0,          62,      -4.676478172,      -5.103337369,      -5.082987734,      -4.120731476,             0.448,     0.03449268289,      0.2334804159,                 0,                 0,                 0,     0.03137539008,     0.02939112613,      0.2341773078,                 0,       6.768983923
          0,           0,          63,      -4.707312155,      -5.125501343,      -5.109580664,      -4.151639503,             0.448,     0.03462302507,       0.233393394,                 0,                 0,                 0,     0.03123831495,     0.02952333567,        0.23409315,                 0,       6.740987927
          0,           0,          64,      -4.738449225,      -5.150373199,      -5.138175546,      -4.183173729,             0.448,     0.03472896153,       0.233251905,                 0,                 0,                 0,     0.03111273872,     0.02963233349,      0.2339540056,                 0,       6.716351272
          0,           0,          65,      -4.768216448,      -5.179066704,      -5.167454312,      -4.213732099,             0.448,     0.03480759361,       0.233069079,                 0,                 0,                 0,     0.03100304008,     0.02971493518,      0.2337729386,                 0,       6.695926229
          0,           0,          66,      -4.795266577,      -5.211730681,      -5.196427082,      -4.241915126,             0.448,      0.0348577587,      0.2328537893,                 0,                 0,                 0,     0.03091025599,     0.02976978486,      0.2335587944,                 0,       6.680113639
          0,           0,          67,       -4.81882631,      -5.247101255,      -5.224963291,       -4.26677443,             0.448,     0.03488038219,      0.2326188439,                 0,                 0,                 0,     0.03083646534,     0.02979752827,      0.2333243984,                 0,       6.669045156
          0,           0,          68,      -4.838782272,      -5.282647553,      -5.253260541,      -4.287973022,             0.448,     0.03487815819,      0.2323761734,                 0,                 0,                 0,     0.03078274658,     0.02980059863,      0.2330817372,                 0,       6.662512743
          0,           0,          69,      -4.855769654,      -5.315333669,        -5.2811966,       -4.30593268,             0.448,     0.03485469283,      0.2321390509,                 0,                 0,                 0,     0.03075042343,     0.02978231165,      0.2328441592,                 0,          6.660195
          0,           0,          70,      -4.871058641,      -5.342358499,      -5.308631447,       -4.32175532,             0.448,     0.03481328303,      0.2319162652,                 0,                 0,                 0,     0.03073854524,     0.02974577175,      0.2326205232,                 0,       6.661717742
          0,           0,          71,      -4.886146329,       -5.36248887,      -5.335176931,      -4.336913223,             0.448,     0.03475723956,      0.2317128621,                 0,                 0,                 0,     0.03074568171,     0.02969417883,      0.2324159459,                 0,        6.66660716
          0,           0,          72,      -4.902100905,      -5.377379082,      -5.360513091,      -4.352589701,             0.448,      0.0346906764,      0.2315377158,                 0,                 0,                 0,     0.03077207266,      0.0296314523,      0.2322393892,                 0,       6.674349995
          0,           0,          73,       -4.91958778,      -5.390330912,      -5.384550823,      -4.369596423,             0.448,     0.03461707464,      0.2313929843,                 0,                 0,                 0,     0.03081497015,     0.02956102536,      0.2320930865,                 0,       6.684359864
          0,           0,          74,      -4.938626151,      -5.404843837,      -5.407133278,       -4.38809875,             0.448,     0.03454105293,      0.2312851559,                 0,                 0,                 0,     0.03087328378,     0.02948737401,      0.2319836254,                 0,       6.695949782
          0,           0,          75,      -4.958911148,      -5.422778543,      -5.428052426,      -4.407888237,             0.448,     0.03446656907,      0.2312155407,                 0,                 0,                 0,     0.03094326031,     0.02941442652,      0.2319124019,                 0,       6.708400253
          0,           0,          76,      -4.979597747,      -5.445174532,      -5.447296716,      -4.428201653,             0.448,     0.03439623355,      0.2311786305,                 0,                 0,                 0,     0.03101898052,     0.02934491293,      0.2318739661,                 0,       6.721044913
          0,           0,          77,      -4.999354867,      -5.472074974,      -5.465287796,      -4.447715461,             0.448,     0.03433257318,      0.2311723324,                 0,                 0,                 0,     0.03109745104,      0.0292814051,      0.2318662808,                 0,       6.733323809
          0,           0,          78,      -5.017463267,       -5.50157467,      -5.482652495,      -4.465722046,             0.448,     0.03427773156,      0.2311960748,                 0,                 0,                 0,      0.0311772352,      0.0292260586,      0.2318888212,                 0,       6.744789234
          0,           0,          79,      -5.033404239,      -5.532624502,      -5.499836648,      -4.481632763,             0.448,     0.03423297244,         0.2312468,                 0,                 0,                 0,     0.03125639806,     0.02918020356,      0.2319385579,                 0,       6.755089715
          0,           0,          80,        -5.0472208,      -5.564333013,      -5.517393438,      -4.495420852,             0.448,     0.03419904478,      0.2313205477,                 0,                 0,                 0,     0.03133278767,     0.02914467518,      0.2320115479,                 0,       6.763947623
          0,           0,          81,      -5.059537481,      -5.595682143,      -5.535730573,      -4.507682923,             0.448,     0.03417581744,      0.2314114868,                 0,                 0,                 0,     0.03140400085,     0.02911946954,      0.2321019587,                 0,       6.771205612
          0,           0,          82,      -5.071365042,      -5.625531155,      -5.555117408,      -4.519448252,             0.448,     0.03416274864,      0.2315156207,                 0,                 0,                 0,     0.03146867184,     0.02910413218,      0.2322057827,                 0,       6.776844074
          0,           0,          83,      -5.083650881,      -5.652833509,      -5.575595202,      -4.531689856,             0.448,     0.03415921699,      0.2316293805,                 0,                 0,                 0,     0.03152579832,     0.02909811972,      0.2323194384,                 0,          6.780875
          0,           0,          84,      -5.096992829,      -5.676967236,      -5.596997988,      -4.545037223,             0.448,     0.03416391906,       0.231746549,                 0,                 0,                 0,     0.03157327802,     0.02910026465,      0.2324366815,                 0,       6.783371327
          0,           0,          85,      -5.111900618,      -5.697716749,      -5.618797522,      -4.560070775,             0.448,     0.03417541218,      0.2318619828,                 0,                 0,                 0,     0.03160997039,     0.02910923686,      0.2325523386,                 0,       6.784467779
          0,           0,          86,      -5.128578131,      -5.715863674,      -5.640327485,      -4.577037591,             0.448,     0.03419230034,      0.2319727878,                 0,                 0,                 0,     0.03163613822,      0.0291237038,      0.2326634856,                 0,       6.784357457
          0,           0,          87,      -5.146752927,      -5.732266669,      -5.661507942,       -4.59564001,             0.448,     0.03421292016,      0.2320738864,                 0,                 0,                 0,     0.03165117041,     0.02914211326,        0.23276501,                 0,        6.78322357
          0,           0,          88,      -5.166185509,      -5.748129213,      -5.682208806,      -4.615675252,             0.448,     0.03423574041,      0.2321611548,                 0,                 0,                 0,     0.03165508346,     0.02916302433,      0.2328527555,                 0,       6.781251173
          0,           0,          89,      -5.186284761,      -5.765238792,       -5.70199432,      -4.636539284,             0.448,     0.03425948169,      0.2322324229,                 0,                 0,                 0,     0.03164874246,     0.02918520526,      0.2329245245,                 0,       6.778632116
          0,           0,          90,      -5.206469482,       -5.78439511,      -5.720568983,      -4.657601618,             0.448,     0.03428304172,        0.23228648,                 0,                 0,                 0,     0.03163340188,     0.02920758043,      0.2329790828,                 0,       6.775550487
          0,           0,          91,      -5.226252499,      -5.805761859,      -5.738032564,      -4.678299806,             0.448,     0.03430542378,      0.2323225928,                 0,                 0,                 0,     0.03161008656,     0.02922916936,      0.2330156751,                 0,       6.772182564
          0,           0,          92,      -5.245194839,      -5.829483726,      -5.754641363,      -4.698074609,             0.448,     0.03432593764,      0.2323398084,                 0,                 0,                 0,     0.03157955822,     0.02924930278,      0.2330333342,                 0,        6.76863691
          0,           0,          93,      -5.263067241,      -5.855351756,      -5.770638797,      -4.716594299,             0.448,     0.03434406278,      0.2323381402,                 0,                 0,                 0,     0.03154307155,        0.02926746,      0.2330320618,                 0,       6.765016176
          0,           0,          94,      -5.279838496,      -5.882472529,      -5.786105839,      -4.733755817,             0.448,     0.03435935813,      0.2323180447,                 0,                 0,                 0,     0.03150199563,     0.02928319009,      0.2330123048,                 0,       6.761419811
          0,           0,          95,      -5.295724608,      -5.909416822,      -5.801546461,      -4.749742295,             0.448,     0.03437157854,      0.2322814759,                 0,                 0,                 0,     0.03145823481,     0.02929620534,      0.2329760113,                 0,       6.757951942
          0,           0,          96,      -5.311062469,      -5.934937752,      -5.817449206,      -4.764896078,             0.448,     0.03438063142,      0.2322311624,                 0,                 0,                 0,     0.03141370944,     0.02930635365,      0.2329259071,                 0,       6.754709055
          0,           0,          97,      -5.326277753,      -5.958224836,      -5.834098903,      -4.779676256,             0.448,     0.03438662294,      0.2321695215,                 0,                 0,                 0,     0.03136959296,     0.02931368843,      0.2328644117,                 0,       6.751739534
          0,           0,          98,      -5.341612284,      -5.978863492,      -5.851644267,      -4.794376516,             0.448,     0.03438971527,      0.2320982173,                 0,                 0,                 0,     0.03132693329,     0.02931833552,      0.2327931919,                 0,          6.749059
          0,           0,          99,      -5.357406993,      -5.997227228,      -5.869848013,      -4.809413871,             0.448,     0.03439006859,        0.23201976,                 0,                 0,                 0,     0.03128696494,     0.02932040029,       0.232714761,                 0,       6.746708266
          0,           0,         100,      -5.373914444,      -6.013934323,      -5.888793901,      -4.825099954,             0.448,     0.03438798707,      0.2319371234,                 0,                 0,                 0,     0.03125076768,     0.02932012198,      0.2326320986,                 0,        6.74471358
          0,           0,         101,      -5.391215454,      -6.030137289,      -5.908318502,      -4.841578031,             0.448,     0.03438384501,      0.2318526627,                 0,                 0,                 0,     0.03121901442,     0.02931782341,      0.2325475677,                 0,       6.743069677
          0,           0,         102,      -5.409314463,      -6.046970426,       -5.92833127,      -4.858914224,             0.448,      0.0343780132,      0.2317687809,                 0,                 0,                 0,     0.03119217607,     0.02931382285,      0.2324635786,                 0,       6.741773574
          0,           0,         103,      -5.428027111,      -6.065225378,       -5.94858685,      -4.876972694,             0.448,     0.03437087245,      0.2316877273,                 0,                 0,                 0,      0.0311704358,     0.02930845198,      0.2323823885,                 0,       6.740816008
          0,           0,         104,      -5.447086957,      -6.085779052,      -5.968487706,      -4.895521977,             0.448,     0.03436285711,      0.2316113082,                 0,                 0,                 0,     0.03115380425,     0.02930210562,      0.2323058128,                 0,       6.740164458
          0,           0,         105,      -5.466169698,      -6.108957376,      -5.987789294,      -4.914261962,             0.448,     0.03435437881,       0.231541192,                 0,                 0,                 0,     0.03114226871,     0.02929515891,      0.2322355283,                 0,       6.739786894
          0,           0,         106,      -5.484977006,      -6.134685026,      -6.006493873,      -4.932900744,             0.448,     0.03434577034,      0.2314781795,                 0,                 0,                 0,     0.03113554689,     0.02928792711,       0.232172343,                 0,       6.739641509
          0,           0,         107,      -5.503267531,      -6.162591507,      -6.024392925,      -4.951185442,             0.448,     0.03433732425,      0.2314229849,                 0,                 0,                 0,     0.03113326184,     0.02928068708,      0.2321169773,                 0,       6.739691866
          0,           0,         108,      -5.521020281,      -6.192014245,       -6.04155878,      -4.969087418,             0.448,     0.03432930758,      0.2313761066,                 0,                 0,                 0,     0.03113492854,     0.02927369497,      0.2320699352,                 0,       6.739900186
          0,           0,         109,      -5.538202078,      -6.221738774,      -6.057650065,      -4.986530273,             0.448,       0.034321931,      0.2313376826,                 0,                 0,                 0,     0.03113994374,     0.02926715835,      0.2320313595,                 0,       6.740229233
          0,           0,         110,      -5.554912631,      -6.250134577,      -6.072823454,      -5.003563271,             0.448,     0.03431534526,      0.2313076275,                 0,                 0,                 0,     0.03114770603,     0.02926122983,      0.2320011678,                 0,       6.740646954
          0,           0,         111,      -5.571354045,      -6.275852323,      -6.087673169,      -5.020343673,             0.448,     0.03430958992,      0.2312856264,                 0,                 0,                 0,     0.03115759709,     0.02925595581,      0.2319790465,                 0,       6.741136429
          0,           0,         112,      -5.587668281,      -6.297799603,      -6.103053685,      -5.037002393,             0.448,     0.03430474468,      0.2312708424,                 0,                 0,                 0,     0.03116898721,     0.02925143424,      0.2319641602,                 0,       6.741657591
          0,           0,         113,       -5.60402507,      -6.315507988,      -6.118936997,      -5.053710912,             0.448,     0.03430078821,      0.2312627944,                 0,                 0,                 0,     0.03118150606,     0.02924765427,      0.2319560279,                 0,       6.742200589
          0,           0,         114,      -5.620579771,      -6.329392223,       -6.13519152,      -5.070610019,             0.448,     0.03429765563,      0.2312605461,                 0,                 0,                 0,     0.03119464441,     0.02924457149,      0.2319537118,                 0,       6.742750833
          0,           0,         115,      -5.637433812,      -6.340206458,      -6.151625027,      -5.087788107,             0.448,     0.03429526987,      0.2312632444,                 0,                 0,                 0,      0.0312080098,     0.02924212744,      0.2319563574,                 0,       6.743298574
          0,           0,         116,      -5.654671414,      -6.349054045,      -6.168458209,      -5.105331366,             0.448,       0.034293553,      0.2312700021,                 0,                 0,                 0,     0.03122126218,     0.02924026356,       0.231963076,                 0,       6.743833224
          0,           0,         117,      -5.672289694,      -6.357255332,       -6.18584156,      -5.123244791,             0.448,     0.03429242379,      0.2312798179,                 0,                 0,                 0,     0.03123408197,     0.02923892048,      0.2319728649,                 0,       6.744341531
          0,           0,         118,      -5.690199821,      -6.365957837,      -6.203719448,      -5.141447926,             0.448,     0.03429177756,      0.2312919791,                 0,                 0,                 0,     0.03124632496,     0.02923800911,      0.2319850091,                 0,       6.744823266
          0,           0,         119,       -5.70828607,      -6.376065003,      -6.221893468,      -5.159825853,             0.448,     0.03429150903,      0.2313059133,                 0,                 0,                 0,     0.03125788514,     0.02923743668,      0.2319989341,                 0,       6.745282428
          0,           0,         120,      -5.726405948,      -6.388229826,      -6.240130099,       -5.17822047,             0.448,     0.03429154074,      0.2313209793,                 0,                 0,                 0,     0.03126859929,     0.02923713971,      0.2320139972,                 0,       6.745715542
          0,           0,         121,      -5.744393821,      -6.402623234,      -6.258335272,      -5.196451392,             0.448,     0.03429179473,      0.2313365856,                 0,                 0,                 0,     0.03127838209,     0.02923705319,      0.2320296053,                 0,       6.746120681
          0,           0,         122,      -5.762082597,      -6.419173021,      -6.276076893,      -5.214331315,             0.448,     0.03429219566,      0.2313523733,                 0,                 0,                 0,     0.03128725438,     0.02923710962,       0.232045398,                 0,       6.746502196
          0,           0,         123,      -5.779353343,      -6.437541309,      -6.293310122,      -5.231729526,             0.448,     0.03429269267,      0.2313681162,                 0,                 0,                 0,     0.03129529512,     0.02923726308,       0.232061148,                 0,       6.746863492
          0,           0,         124,      -5.796069807,      -6.457466881,      -6.310132681,      -5.248494128,             0.448,     0.03429324994,      0.2313834782,                 0,                 0,                 0,     0.03130253073,      0.0292374851,      0.2320765185,                 0,       6.747201814
          0,           0,         125,      -5.812212535,      -6.478456401,      -6.326585315,      -5.264599384,             0.448,     0.03429382557,      0.2313983541,                 0,                 0,                 0,     0.03130904654,     0.02923773608,      0.2320914034,                 0,       6.747522338
          0,           0,         126,      -5.827775248,       -6.50017896,      -6.342602386,      -5.280041839,             0.448,     0.03429439524,      0.2314125361,                 0,                 0,                 0,     0.03131487458,     0.02923799623,      0.2321055945,                 0,       6.747823793
          0,           0,         127,      -5.842700386,       -6.52242088,      -6.358092137,      -5.294765825,             0.448,     0.03429493008,      0.2314259788,                 0,                 0,                 0,     0.03132010213,     0.02923823769,      0.2321190457,                 0,       6.748110531
          0,           0,         128,      -5.857062833,      -6.544722687,      -6.373058348,      -5.308857738,             0.448,     0.03429541256,      0.2314386797,                 0,                 0,                 0,     0.03132479616,     0.02923844299,      0.2321317541,                 0,       6.748385935
          0,           0,         129,      -5.871023553,      -6.566592176,      -6.387694067,      -5.322497046,             0.448,     0.03429584556,      0.2314504829,                 0,                 0,                 0,     0.03132895104,      0.0292386184,      0.2321435639,                 0,       6.748644891
          0,           0,         130,      -5.884676103,      -6.587773651,       -6.40210255,      -5.335801497,             0.448,     0.03429621966,      0.2314613849,                 0,                 0,                 0,      0.0313326528,     0.02923875458,      0.2321544715,                 0,       6.748889156
          0,           0,         131,      -5.898154263,      -6.608177008,       -6.41627166,      -5.348926251,             0.448,     0.03429651785,      0.2314715695,                 0,                 0,                 0,     0.03133605138,     0.02923883053,      0.2321646602,                 0,       6.749127434
          0,           0,         132,      -5.911615048,      -6.627743863,      -6.430301798,      -5.362043385,             0.448,     0.03429673969,      0.2314811422,                 0,                 0,                 0,     0.03133921981,     0.02923884349,      0.2321742354,                 0,       6.749362892
          0,           0,         133,      -5.925186493,      -6.646460853,      -6.444455833,      -5.375295986,             0.448,     0.03429689889,      0.2314901368,                 0,                 0,                 0,     0.03134216065,     0.02923880644,      0.2321832313,                 0,        6.74959382
          0,           0,         134,      -5.938969393,      -6.664532802,      -6.459020735,      -5.388801319,             0.448,     0.03429701588,      0.2314985419,                 0,                 0,                 0,     0.03134484317,     0.02923874004,       0.232191637,                 0,       6.749815865
          0,           0,         135,      -5.953017872,      -6.682324084,      -6.473713445,      -5.402629581,             0.448,     0.03429710721,      0.2315063659,                 0,                 0,                 0,     0.03134725356,     0.02923866067,      0.2321994611,                 0,       6.750026015
          0,           0,         136,      -5.967365464,       -6.70009087,      -6.488445301,      -5.416826221,             0.448,     0.03429718751,      0.2315136743,                 0,                 0,                 0,     0.03134938675,     0.02923858152,      0.2322067695,                 0,       6.750223302
          0,           0,         137,      -5.982042387,      -6.717999736,      -6.503268624,      -5.431435178,             0.448,     0.03429727719,      0.2315204506,                 0,                 0,                 0,     0.03135119565,     0.02923852335,      0.2322135462,                 0,       6.750403228
          0,           0,         138,      -5.997053996,      -6.736170709,      -6.518060642,      -5.446459025,             0.448,     0.03429739374,      0.2315265944,                 0,                 0,                 0,     0.03135262756,     0.02923850585,       0.232219691,                 0,        6.75055942
          0,           0,         139,      -6.012379492,      -6.754535629,      -6.532771312,      -5.461861557,             0.448,     0.03429753833,      0.2315321415,                 0,                 0,                 0,     0.03135370514,      0.0292385294,      0.2322252399,                 0,       6.750692695
          0,           0,         140,      -6.027975301,      -6.773001619,      -6.547602977,        -5.4775875,             0.448,     0.03429771232,      0.2315372154,                 0,                 0,                 0,     0.03135445266,     0.02923859266,      0.2322303165,                 0,       6.750806387
          0,           0,         141,      -6.043803748,      -6.791599061,      -6.562902546,      -5.493606868,             0.448,     0.03429792153,      0.2315417535,                 0,                 0,                 0,     0.03135484841,     0.02923870282,       0.232234858,                 0,       6.750897522
          0,           0,         142,         -6.059805,      -6.810403994,      -6.578233421,      -5.509869622,             0.448,     0.03429816397,      0.2315457331,                 0,                 0,                 0,     0.03135490362,     0.02923885839,       0.232238842,                 0,       6.750965833
          0,           0,         143,        -6.0759337,      -6.829303937,      -6.593208528,      -5.526313265,             0.448,     0.03429843633,      0.2315491425,                 0,                 0,                 0,     0.03135463475,     0.02923905631,      0.2322422565,                 0,       6.751011629
          0,           0,         144,      -6.092147829,      -6.847897453,      -6.608198867,      -5.542876946,             0.448,     0.03429873713,      0.2315519635,                 0,                 0,                 0,      0.0313540509,      0.0292392955,      0.2322450834,                 0,       6.751034669
          0,           0,         145,      -6.108404839,      -6.865965232,      -6.623604115,      -5.559507635,             0.448,     0.03429906427,      0.2315541819,                 0,                 0,                 0,      0.0313531649,     0.02923957416,      0.2322473084,                 0,       6.751034957
          0,           0,         146,      -6.124625285,       -6.88342034,      -6.639571187,      -5.576110205,             0.448,      0.0342994143,      0.2315557829,                 0,                 0,                 0,     0.03135199517,     0.02923988919,      0.2322489167,                 0,       6.751012739
          0,           0,         147,      -6.140755841,      -6.900208244,      -6.655890704,      -5.592622438,             0.448,     0.03429978075,       0.231556777,                 0,                 0,                 0,     0.03135057452,     0.02924023386,      0.2322499185,                 0,       6.750969596
          0,           0,         148,      -6.156726489,      -6.916139056,      -6.672255103,      -5.608956504,             0.448,      0.0343001548,      0.2315572661,                 0,                 0,                 0,     0.03134895313,     0.02924059715,      0.2322504157,                 0,       6.750910235
          0,           0,         149,       -6.17252155,      -6.931137883,      -6.688759665,       -5.62507831,             0.448,     0.03430053159,      0.2315572931,                 0,                 0,                 0,     0.03134715826,     0.02924097327,      0.2322504509,                 0,       6.750836863
          0,           0,         150,       -6.18806993,      -6.945575621,      -6.705376319,      -5.640900103,             0.448,     0.03430090571,      0.2315568461,                 0,                 0,                 0,     0.03134521519,     0.02924135705,      0.2322500122,                 0,       6.750750201
          0,           0,         151,      -6.203315376,      -6.959657188,      -6.721817325,       -5.65635543,             0.448,     0.03430126897,      0.2315559542,                 0,                 0,                 0,     0.03134316554,     0.02924173967,      0.2322491284,                 0,       6.750652706
          0,           0,         152,      -6.218215147,      -6.973287556,       -6.73807457,      -5.671391239,             0.448,     0.03430161574,      0.2315546423,                 0,                 0,                 0,     0.03134103979,     0.02924211498,      0.2322478243,                 0,       6.750546215
          0,           0,         153,      -6.232776537,      -6.986577892,      -6.753954606,      -5.686004792,             0.448,     0.03430194141,      0.2315529373,                 0,                 0,                 0,     0.03133886548,     0.02924247778,      0.2322461269,                 0,       6.750432417
          0,           0,         154,      -6.247025937,      -6.999650939,      -6.769686772,      -5.700219392,             0.448,     0.03430224037,      0.2315508696,                 0,                 0,                 0,     0.03133667747,     0.02924282177,      0.2322440662,                 0,       6.750313307
          0,           0,         155,      -6.260976684,      -7.012719877,      -6.785318052,      -5.714051724,             0.448,     0.03430251008,      0.2315484939,                 0,                 0,                 0,     0.03133450197,     0.02924314324,      0.2322416969,                 0,       6.750190972
          0,           0,         156,      -6.274639887,      -7.026019962,       -6.80082178,      -5.727519662,             0.448,     0.03430275016,      0.2315458697,                 0,                 0,                 0,     0.03133235759,     0.02924344051,      0.2322390786,                 0,       6.750067227
          0,           0,         157,      -6.288031846,      -7.039817437,        -6.8158942,      -5.740646164,             0.448,      0.0343029601,      0.2315430277,                 0,                 0,                 0,     0.03133026235,      0.0292437124,      0.2322362419,                 0,       6.749943067
          0,           0,         158,      -6.301274534,      -7.054215099,      -6.830696308,      -5.753577412,             0.448,     0.03430313375,      0.2315400328,                 0,                 0,                 0,     0.03132826306,     0.02924395134,      0.2322332515,                 0,        6.74982159
          0,           0,         159,      -6.314419475,      -7.069241729,      -6.845119702,      -5.766381455,             0.448,       0.034303268,      0.2315369159,                 0,                 0,                 0,     0.03132638866,     0.02924415355,      0.2322301382,                 0,       6.749704311
          0,           0,         160,      -6.327563462,      -7.084886389,      -6.859215894,      -5.779171328,             0.448,     0.03430336213,      0.2315337267,                 0,                 0,                 0,     0.03132465615,     0.02924431723,      0.2322269519,                 0,       6.749592819
          0,           0,         161,      -6.340777952,      -7.101109865,       -6.87300046,      -5.792031186,             0.448,     0.03430341761,      0.2315305133,                 0,                 0,                 0,      0.0313230718,     0.02924444279,      0.2322237405,                 0,       6.749488228
          0,           0,         162,      -6.354155237,      -7.117913658,      -6.886679647,      -5.805071914,             0.448,     0.03430343753,      0.2315272926,                 0,                 0,                 0,      0.0313216327,     0.02924453297,      0.2322205209,                 0,        6.74939042
          0,           0,         163,      -6.367774745,      -7.135349835,      -6.900144268,        -5.8183907,             0.448,     0.03430342314,      0.2315241021,                 0,                 0,                 0,     0.03132034766,     0.02924458819,      0.2322173308,                 0,       6.749300241
          0,           0,         164,      -6.381682675,      -7.153411343,      -6.913442831,       -5.83204165,             0.448,     0.03430337594,      0.2315209836,                 0,                 0,                 0,     0.03131922548,     0.02924460902,      0.2322142121,                 0,       6.749218621
          0,           0,         165,      -6.395932885,      -7.172018252,      -6.926743681,       -5.84608273,             0.448,     0.03430329743,      0.2315179836,                 0,                 0,                 0,     0.03131827389,     0.02924459597,      0.2322112111,                 0,       6.749146613
          0,           0,         166,      -6.410537058,       -7.19108703,      -6.940244291,      -5.860527716,             0.448,     0.03430319042,      0.2315151495,                 0,                 0,                 0,     0.03131749373,     0.02924455082,      0.2322083753,                 0,       6.749085047
          0,           0,         167,      -6.425501483,      -7.210537124,      -6.953806638,      -5.875390777,             0.448,     0.03430306062,      0.2315124649,                 0,                 0,                 0,     0.03131686593,     0.02924447962,      0.2322056885,                 0,       6.749032322
          0,           0,         168,      -6.440820129,      -7.230176108,      -6.967348863,      -5.890664011,             0.448,     0.03430291304,      0.2315099214,                 0,                 0,                 0,     0.03131637527,     0.02924438756,      0.2322031424,                 0,        6.74898721
          0,           0,         169,      -6.456485308,      -7.249724338,      -6.981000155,      -5.906338715,             0.448,     0.03430275122,      0.2315075383,                 0,                 0,                 0,     0.03131601539,     0.02924427776,      0.2322007564,                 0,       6.748949577
          0,           0,         170,      -6.472467511,      -7.269072427,      -6.995154851,      -5.922386209,             0.448,     0.03430257638,      0.2315053602,                 0,                 0,                 0,     0.03131579096,     0.02924415048,      0.2321985749,                 0,       6.748920478
          0,           0,         171,      -6.488711401,      -7.288093348,      -7.009738634,      -5.938747439,             0.448,     0.03430239166,      0.2315033809,                 0,                 0,                 0,     0.03131569116,     0.02924400898,      0.2321965921,                 0,        6.74889912
          0,           0,         172,      -6.505151829,      -7.306665303,      -7.024667943,      -5.955347492,             0.448,     0.03430220029,      0.2315015981,                 0,                 0,                 0,     0.03131570384,     0.02924385654,      0.2321948056,                 0,       6.748884801
          0,           0,         173,      -6.521726728,      -7.324639662,      -7.039830455,      -5.972116642,             0.448,     0.03430200511,      0.2315000097,                 0,                 0,                 0,     0.03131581795,     0.02924369606,      0.2321932133,                 0,       6.748876894
          0,           0,         174,      -6.538363221,      -7.341894629,      -7.055170352,      -5.988971352,             0.448,     0.03430180886,      0.2314986243,                 0,                 0,                 0,     0.03131602433,     0.02924353008,       0.232191824,                 0,        6.74887512
          0,           0,         175,      -6.554937908,      -7.358318418,      -7.070687285,      -6.005769383,             0.448,      0.0343016151,       0.231497439,                 0,                 0,                 0,     0.03131630854,     0.02924336223,      0.2321906346,                 0,       6.748878683
          0,           0,         176,      -6.571398501,      -7.373916916,      -7.086435006,      -6.022463883,             0.448,     0.03430142693,      0.2314964395,                 0,                 0,                 0,     0.03131665628,     0.02924319591,      0.2321896313,                 0,       6.748886567
          0,           0,         177,      -6.587703769,      -7.388766424,      -7.101967234,      -6.039007075,             0.448,     0.03430124615,      0.2314956239,                 0,                 0,                 0,     0.03131705907,     0.02924303296,      0.2321888119,                 0,       6.748898359
          0,           0,         178,      -6.603834892,       -7.40276964,      -7.117421014,       -6.05536125,             0.448,     0.03430107387,      0.2314949925,                 0,                 0,                 0,     0.03131751065,     0.02924287449,      0.2321881769,                 0,       6.748913849
          0,           0,         179,      -6.619709101,      -7.416016705,      -7.133255052,      -6.071426035,             0.448,     0.03430091191,      0.2314945272,                 0,                 0,                 0,     0.03131799869,     0.02924272272,      0.2321877082,                 0,       6.748932151
          0,           0,         180,      -6.635374404,      -7.428887507,      -7.148808918,      -6.087255455,             0.448,     0.03430076068,      0.2314942199,                 0,                 0,                 0,     0.03131851702,     0.02924257824,      0.2321873977,                 0,       6.748952946
          0,           0,         181,      -6.650820783,      -7.441423787,      -7.164130974,      -6.102825736,             0.448,     0.03430061995,      0.2314940631,                 0,                 0,                 0,     0.03131906154,     0.02924244096,      0.2321872379,                 0,       6.748976067
          0,           0,         182,      -6.666080147,      -7.453721804,      -7.179324605,      -6.118165784,             0.448,     0.03430048951,      0.2314940428,                 0,                 0,                 0,     0.03131962627,     0.02924231099,      0.2321872147,                 0,       6.749001141
          0,           0,         183,      -6.681153916,       -7.46608364,      -7.194450506,      -6.133273436,             0.448,     0.03430036859,      0.2314941543,                 0,                 0,                 0,     0.03132020774,     0.02924218766,      0.2321873236,                 0,       6.749028184
          0,           0,         184,      -6.696021302,      -7.478760634,      -7.209489648,      -6.148126729,             0.448,     0.03430025745,      0.2314943793,                 0,                 0,                 0,     0.03132079609,     0.02924207165,      0.2321875461,                 0,        6.74905661
          0,           0,         185,      -6.710700691,      -7.491834699,      -7.224311102,      -6.162745374,             0.448,     0.03430015661,      0.2314946954,                 0,                 0,                 0,     0.03132138035,     0.02924196393,      0.2321878599,                 0,        6.74908567
          0,           0,         186,       -6.72522072,      -7.505291209,      -7.238953334,      -6.177161803,             0.448,     0.03430006618,       0.231495082,                 0,                 0,                 0,     0.03132195163,     0.02924186509,      0.2321882444,                 0,       6.749114733
          0,           0,         187,       -6.73962778,       -7.51917591,      -7.253498714,      -6.191424552,             0.448,     0.03429998591,      0.2314955327,                 0,                 0,                 0,     0.03132250441,     0.02924177501,      0.2321886933,                 0,       6.749143666
          0,           0,         188,      -6.753956639,      -7.533458325,       -7.26819539,      -6.205579525,             0.448,      0.0342999154,      0.2314960318,                 0,                 0,                 0,     0.03132303275,     0.02924169363,      0.2321891907,                 0,       6.749172092
          0,           0,         189,      -6.768195656,      -7.548396291,      -7.282772656,      -6.219620688,             0.448,     0.03429985415,      0.2314965614,                 0,                 0,                 0,      0.0313235307,     0.02924162084,      0.2321897188,                 0,       6.749199584
          0,           0,         190,      -6.782389438,      -7.563946002,      -7.297240711,       -6.23359972,             0.448,     0.03429980231,       0.231497098,                 0,                 0,                 0,     0.03132398921,      0.0292415573,      0.2321902542,                 0,       6.749225432
          0,           0,         191,      -6.796583644,      -7.579919816,      -7.311871531,      -6.247571591,             0.448,     0.03429975919,       0.231497634,                 0,                 0,                 0,     0.03132440496,     0.02924150251,      0.2321907891,                 0,       6.749249541
          0,           0,         192,      -6.810856752,      -7.596154532,      -7.326473445,       -6.26162937,             0.448,     0.03429972391,      0.2314981658,                 0,                 0,                 0,     0.03132477702,     0.02924145563,        0.23219132,                 0,       6.749271988
          0,           0,         193,       -6.82525375,      -7.612617832,      -7.341181884,      -6.275819033,             0.448,     0.03429969598,      0.2314986796,                 0,                 0,                 0,     0.03132510233,      0.0292414165,      0.2321918331,                 0,       6.749292464
          0,           0,         194,      -6.839827847,      -7.629370674,      -7.356082894,      -6.290199897,             0.448,     0.03429967478,      0.2314991606,                 0,                 0,                 0,     0.03132537875,     0.02924138481,      0.2321923135,                 0,        6.74931066
          0,           0,         195,      -6.854603068,      -7.646420356,      -7.371209693,      -6.304800395,             0.448,      0.0342996594,      0.2314996032,                 0,                 0,                 0,     0.03132560662,     0.02924135978,      0.2321927557,                 0,       6.749326589
          0,           0,         196,      -6.869605287,      -7.663734484,       -7.38654345,      -6.319654375,             0.448,     0.03429964945,      0.2314999986,                 0,                 0,                 0,     0.03132578455,     0.02924134121,      0.2321931507,                 0,       6.749340074
          0,           0,         197,      -6.884850587,      -7.681273696,      -7.402051843,      -6.334784054,             0.448,     0.03429964454,      0.2315003366,                 0,                 0,                 0,      0.0313259117,     0.02924132893,      0.2321934886,                 0,       6.749350895
          0,           0,         198,      -6.900344741,      -7.698965844,      -7.417723333,      -6.350197012,             0.448,     0.03429964393,      0.2315006124,                 0,                 0,                 0,     0.03132598985,      0.0292413223,      0.2321937643,                 0,       6.749359056
          0,           0,         199,      -6.916086644,      -7.716721967,      -7.433557139,       -6.36589221,             0.448,     0.03429964688,      0.2315008236,                 0,                 0,                 0,     0.03132602135,     0.02924132064,      0.2321939755,                 0,       6.749364633
          0,           0,         200,      -6.932056305,       -7.73446335,      -7.449554798,      -6.381848501,             0.448,     0.03429965283,      0.2315009682,                 0,                 0,                 0,     0.03132600809,     0.02924132343,      0.2321941202,                 0,       6.749367679
          0,           0,         201,      -6.948237177,      -7.752127037,      -7.465634887,      -6.398051194,             0.448,     0.03429966126,      0.2315010449,                 0,                 0,                 0,     0.03132595209,     0.02924133019,      0.2321941971,                 0,       6.749368257
          0,           0,         202,      -6.964603545,      -7.769684964,      -7.481727584,      -6.414474894,             0.448,     0.03429967177,      0.2315010501,                 0,                 0,                 0,     0.03132585505,     0.02924134059,      0.2321942025,                 0,       6.749366339
          0,           0,         203,      -6.981127602,      -7.787032751,      -7.497803079,      -6.431089369,             0.448,     0.03429968357,      0.2315009892,                 0,                 0,                 0,     0.03132572159,     0.02924135371,      0.2321941419,                 0,       6.749362243
          0,           0,         204,       -6.99776566,      -7.804024131,      -7.513851162,      -6.447844138,             0.448,     0.03429969606,       0.231500867,                 0,                 0,                 0,      0.0313255556,     0.02924136887,        0.23219402,                 0,       6.749356222
          0,           0,         205,      -7.014477974,      -7.820662076,      -7.529908146,      -6.464694565,             0.448,     0.03429970869,      0.2315006919,                 0,                 0,                 0,     0.03132536167,     0.02924138531,      0.2321938452,                 0,       6.749348632
          0,           0,         206,      -7.031226714,      -7.837017756,      -7.545939735,      -6.481601543,             0.448,     0.03429972137,       0.231500458,                 0,                 0,                 0,     0.03132514086,     0.02924140309,      0.2321936117,                 0,       6.749339317
          0,           0,         207,      -7.047975007,      -7.853067711,      -7.561887469,      -6.498521408,             0.448,     0.03429973372,      0.2315001657,                 0,                 0,                 0,     0.03132489649,     0.02924142181,      0.2321933196,                 0,       6.749328364
          0,           0,         208,      -7.064674633,      -7.868762338,      -7.577706951,      -6.515396586,             0.448,     0.03429974532,      0.2314998187,                 0,                 0,                 0,     0.03132463229,     0.02924144098,       0.232192973,                 0,       6.749315963
          0,           0,         209,      -7.081278768,      -7.884064598,      -7.593378853,      -6.532172945,             0.448,     0.03429975595,      0.2314994205,                 0,                 0,                 0,      0.0313243513,     0.02924146029,      0.2321925751,                 0,       6.749302264
          0,           0,         210,      -7.097733595,       -7.89896635,      -7.608921988,      -6.548789031,             0.448,     0.03429976531,      0.2314989755,                 0,                 0,                 0,     0.03132405679,     0.02924147936,      0.2321921304,                 0,       6.749287448
          0,           0,         211,      -7.114015373,      -7.913487074,      -7.624279101,      -6.565217386,             0.448,     0.03429977317,      0.2314984885,                 0,                 0,                 0,     0.03132375206,     0.02924149784,      0.2321916437,                 0,       6.749271703
          0,           0,         212,      -7.130098237,      -7.927677821,      -7.639456518,      -6.581425485,             0.448,     0.03429977932,      0.2314979644,                 0,                 0,                 0,     0.03132344028,     0.02924151542,      0.2321911199,                 0,       6.749255212
          0,           0,         213,      -7.145968009,       -7.94160212,       -7.65447932,      -6.597392554,             0.448,     0.03429978353,      0.2314974085,                 0,                 0,                 0,     0.03132312477,     0.02924153176,      0.2321905643,                 0,       6.749238179
          0,           0,         214,      -7.161616443,      -7.955345127,      -7.669375714,      -6.613105282,             0.448,     0.03429978563,      0.2314968265,                 0,                 0,                 0,     0.03132280866,     0.02924154656,      0.2321899824,                 0,       6.749220797
          0,           0,         215,      -7.177041757,      -7.968995259,      -7.684163375,      -6.628559264,             0.448,     0.03429978554,      0.2314962236,                 0,                 0,                 0,     0.03132249462,     0.02924155961,      0.2321893796,                 0,       6.749203238
          0,           0,         216,      -7.192253776,      -7.982624316,      -7.698881516,       -6.64376419,             0.448,     0.03429978323,      0.2314956039,                 0,                 0,                 0,     0.03132218492,     0.02924157082,        0.23218876,                 0,       6.749185625
          0,           0,         217,      -7.207269944,      -7.996292914,       -7.71355385,      -6.658738319,             0.448,     0.03429977861,      0.2314949727,                 0,                 0,                 0,     0.03132188223,     0.02924157998,      0.2321881289,                 0,        6.74916813
          0,           0,         218,      -7.222109199,      -8.010010934,      -7.728219994,      -6.673501672,             0.448,     0.03429977166,      0.2314943353,                 0,                 0,                 0,     0.03132158894,     0.02924158693,      0.2321874915,                 0,       6.749150916
          0,           0,         219,      -7.236812234,      -8.023850677,       -7.74292884,      -6.688100344,             0.448,     0.03429976242,      0.2314936969,                 0,                 0,                 0,     0.03132130703,     0.02924159162,       0.232186853,                 0,       6.749134122
          0,           0,         220,      -7.251421047,      -8.037907703,       -7.75769627,      -6.702581589,             0.448,     0.03429975096,      0.2314930622,                 0,                 0,                 0,     0.03132103833,     0.02924159401,      0.2321862182,                 0,       6.749117871
          0,           0,         221,      -7.265977246,      -8.052191459,      -7.772578805,       -6.71699012,             0.448,     0.03429973739,      0.2314924357,                 0,                 0,                 0,     0.03132078455,     0.02924159411,      0.2321855916,                 0,       6.749102277
          0,           0,         222,      -7.280528929,      -8.066689263,      -7.787659385,      -6.731378858,             0.448,     0.03429972179,      0.2314918223,                 0,                 0,                 0,     0.03132054741,     0.02924159189,       0.232184978,                 0,       6.749087463
          0,           0,         223,      -7.295121373,      -8.081402397,       -7.80301437,      -6.745801992,             0.448,      0.0342997043,      0.2314912269,                 0,                 0,                 0,     0.03132032828,      0.0292415874,      0.2321843823,                 0,       6.749073543
          0,           0,         224,      -7.309792975,      -8.096388958,      -7.818586053,      -6.760304313,             0.448,     0.03429968518,      0.2314906528,                 0,                 0,                 0,     0.03132012775,     0.02924158081,       0.232183808,                 0,       6.749060569
          0,           0,         225,      -7.324592907,      -8.111604604,      -7.834414521,      -6.774938314,             0.448,     0.03429966453,      0.2314901033,                 0,                 0,                 0,     0.03131994681,     0.02924157215,      0.2321832581,                 0,       6.749048611
          0,           0,         226,      -7.339566069,      -8.126957231,      -7.850607594,      -6.789756089,             0.448,     0.03429964243,      0.2314895817,                 0,                 0,                 0,     0.03131978637,     0.02924156144,      0.2321827362,                 0,       6.749037752
          0,           0,         227,       -7.35472325,      -8.142520689,      -7.867061896,      -6.804772001,             0.448,     0.03429961915,      0.2314890904,                 0,                 0,                 0,     0.03131964641,     0.02924154888,      0.2321822445,                 0,       6.749028011
          0,           0,         228,      -7.370076563,      -8.158323927,      -7.883655939,       -6.82000196,             0.448,     0.03429959491,      0.2314886322,                 0,                 0,                 0,     0.03131952698,     0.02924153464,      0.2321817859,                 0,       6.749019422
          0,           0,         229,       -7.38563799,      -8.174303551,      -7.900358699,       -6.83546209,             0.448,     0.03429956994,      0.2314882097,                 0,                 0,                 0,     0.03131942808,      0.0292415189,      0.2321813629,                 0,       6.749012015
          0,           0,         230,      -7.401414975,      -8.190401014,      -7.917193394,      -6.851162891,             0.448,      0.0342995445,      0.2314878243,                 0,                 0,                 0,     0.03131934929,     0.02924150187,      0.2321809771,                 0,       6.749005785
          0,           0,         231,      -7.417404698,       -8.20657405,      -7.934143777,      -6.867102999,             0.448,     0.03429951886,      0.2314874769,                 0,                 0,                 0,     0.03131928993,      0.0292414838,      0.2321806292,                 0,       6.749000704
          0,           0,         232,      -7.433598117,      -8.222791925,      -7.951157375,      -6.883274371,             0.448,     0.03429949325,      0.2314871678,                 0,                 0,                 0,     0.03131924909,     0.02924146495,      0.2321803196,                 0,       6.748996729
          0,           0,         233,      -7.449981138,        -8.2390256,      -7.968169021,      -6.899663129,             0.448,     0.03429946795,       0.231486897,                 0,                 0,                 0,      0.0313192257,     0.02924144556,      0.2321800483,                 0,       6.748993813
          0,           0,         234,      -7.466536426,      -8.255254981,      -7.985126255,      -6.916251058,             0.448,     0.03429944318,      0.2314866642,                 0,                 0,                 0,     0.03131921855,     0.02924142588,       0.232179815,                 0,       6.748991899
          0,           0,         235,      -7.483238415,      -8.271464835,      -8.001980798,      -6.933010323,             0.448,     0.03429941917,      0.2314864686,                 0,                 0,                 0,     0.03131922628,     0.02924140614,      0.2321796189,                 0,       6.748990921
          0,           0,         236,       -7.50006017,      -8.287641922,      -8.018683292,      -6.949911167,             0.448,     0.03429939612,      0.2314863088,                 0,                 0,                 0,     0.03131924743,     0.02924138657,      0.2321794587,                 0,         6.7489908
          0,           0,         237,      -7.516970759,      -8.303781773,       -8.03519901,      -6.966919422,             0.448,      0.0342993742,      0.2314861833,                 0,                 0,                 0,     0.03131928046,      0.0292413674,      0.2321793328,                 0,       6.748991453
          0,           0,         238,      -7.533936089,      -8.319898622,      -8.051504025,      -6.983997341,             0.448,     0.03429935356,      0.2314860902,                 0,                 0,                 0,     0.03131932385,      0.0292413488,      0.2321792392,                 0,       6.748992797
          0,           0,         239,      -7.550920937,      -8.336017051,      -8.067579771,      -7.001105499,             0.448,     0.03429933432,      0.2314860272,                 0,                 0,                 0,     0.03131937609,     0.02924133094,      0.2321791759,                 0,       6.748994748
          0,           0,         240,      -7.567890576,      -8.352162983,      -8.083414185,      -7.018204381,             0.448,     0.03429931657,      0.2314859922,                 0,                 0,                 0,     0.03131943568,     0.02924131395,      0.2321791404,                 0,       6.748997221
          0,           0,         241,      -7.584811692,      -8.368361542,      -8.099005719,      -7.035255518,             0.448,     0.03429930034,      0.2314859826,                 0,                 0,                 0,     0.03131950117,     0.02924129794,      0.2321791305,                 0,       6.749000135
          0,           0,         242,      -7.601653724,      -8.384636279,      -8.114364667,      -7.052223206,             0.448,     0.03429928569,      0.2314859959,                 0,                 0,                 0,     0.03131957116,       0.029241283,      0.2321791435,                 0,       6.749003405
          0,           0,         243,      -7.618388377,      -8.401006399,      -8.129522626,       -7.06907417,             0.448,     0.03429927261,      0.2314860294,                 0,                 0,                 0,     0.03131964438,     0.02924126919,      0.2321791767,                 0,       6.749006956
          0,           0,         244,      -7.634993557,      -8.417479649,      -8.144504681,      -7.085781824,             0.448,     0.03429926113,      0.2314860813,                 0,                 0,                 0,     0.03131971952,     0.02924125659,      0.2321792283,                 0,       6.749010726
          0,           0,         245,      -7.651478318,      -8.433909606,      -8.159357288,      -7.102353915,             0.448,     0.03429925133,      0.2314861472,                 0,                 0,                 0,     0.03131979485,     0.02924124535,       0.232179294,                 0,       6.749014577
          0,           0,         246,      -7.667828137,      -8.450337521,      -8.174243301,      -7.118769239,             0.448,     0.03429924304,      0.2314862257,                 0,                 0,                 0,     0.03131986997,     0.02924123535,      0.2321793723,                 0,       6.749018496
          0,           0,         247,      -7.683998656,      -8.466967078,      -8.188969726,      -7.134980518,             0.448,     0.03429923614,      0.2314863143,                 0,                 0,                 0,     0.03131994417,     0.02924122652,      0.2321794607,                 0,       6.749022438
          0,           0,         248,      -7.699985964,      -8.483820205,      -8.203495966,      -7.150982339,             0.448,     0.03429923061,      0.2314864104,                 0,                 0,                 0,     0.03132001636,     0.02924121889,      0.2321795567,                 0,       6.749026327
          0,           0,         249,      -7.715804953,      -8.500798001,      -8.217985696,      -7.166789852,             0.448,     0.03429922634,      0.2314865119,                 0,                 0,                 0,      0.0313200859,     0.02924121241,      0.2321796581,                 0,       6.749030128
          0,           0,         250,      -7.731472082,      -8.517846874,      -8.232611986,      -7.182420261,             0.448,     0.03429922322,      0.2314866173,                 0,                 0,                 0,     0.03132015231,     0.02924120699,      0.2321797634,                 0,       6.749033814
          0,           0,         251,        -7.7470087,      -8.534948668,      -8.247454782,      -7.197896226,             0.448,     0.03429922116,      0.2314867247,                 0,                 0,                 0,     0.03132021508,     0.02924120258,      0.2321798707,                 0,       6.749037352
          0,           0,         252,      -7.762442272,      -8.552075042,       -8.26253499,      -7.213248265,             0.448,     0.03429922004,      0.2314868323,                 0,                 0,                 0,     0.03132027377,     0.02924119912,      0.2321799783,                 0,       6.749040709
          0,           0,         253,      -7.777803564,      -8.569187224,      -8.277868688,      -7.228511236,             0.448,     0.03429921977,      0.2314869388,                 0,                 0,                 0,     0.03132032802,     0.02924119653,      0.2321800847,                 0,       6.749043866
          0,           0,         254,      -7.793126679,      -8.586249178,      -8.293481719,      -7.243723321,             0.448,     0.03429922026,      0.2314870423,                 0,                 0,                 0,     0.03132037745,     0.02924119476,      0.2321801882,                 0,       6.749046789
          0,           0,         255,      -7.808446221,      -8.603242115,       -8.30940013,      -7.258923493,             0.448,      0.0342992214,      0.2314871417,                 0,                 0,                 0,     0.03132042184,     0.02924119373,      0.2321802876,                 0,        6.74904946
          0,           0,         256,       -7.82379598,      -8.620156798,      -8.325639413,      -7.274150495,             0.448,      0.0342992231,      0.2314872357,                 0,                 0,                 0,     0.03132046104,     0.02924119338,      0.2321803816,                 0,       6.749051866
          0,           0,         257,      -7.839206589,       -8.63699806,      -8.342200886,      -7.289439958,             0.448,     0.03429922527,      0.2314873234,                 0,                 0,                 0,     0.03132049493,     0.02924119363,      0.2321804693,                 0,       6.749053997
          0,           0,         258,      -7.854705667,      -8.653775456,      -8.359074883,      -7.304824134,             0.448,     0.03429922781,       0.231487404,                 0,                 0,                 0,     0.03132052348,     0.02924119442,      0.2321805499,                 0,       6.749055845
          0,           0,         259,      -7.870319812,       -8.67049737,      -8.376225766,      -7.320333849,             0.448,     0.03429923065,      0.2314874767,                 0,                 0,                 0,     0.03132054671,     0.02924119567,      0.2321806227,                 0,       6.749057408
          0,           0,         260,      -7.886069904,      -8.687171684,      -8.393618635,       -7.33599376,             0.448,     0.03429923369,      0.2314875411,                 0,                 0,                 0,      0.0313205647,     0.02924119731,      0.2321806872,                 0,       6.749058686
          0,           0,         261,      -7.901967527,      -8.703797751,      -8.411200184,       -7.35181775,             0.448,     0.03429923687,      0.2314875967,                 0,                 0,                 0,     0.03132057755,     0.02924119928,      0.2321807428,                 0,        6.74905968
          0,           0,         262,      -7.918026718,      -8.720392176,      -8.428917207,      -7.367823042,             0.448,     0.03429924012,      0.2314876432,                 0,                 0,                 0,     0.03132058543,     0.02924120151,      0.2321807894,                 0,       6.749060398
          0,           0,         263,       -7.93425198,      -8.736967567,      -8.446702209,      -7.384016209,             0.448,     0.03429924337,      0.2314876805,                 0,                 0,                 0,     0.03132058858,     0.02924120394,      0.2321808268,                 0,       6.749060848
          0,           0,         264,       -7.95064097,      -8.753528224,      -8.464480784,      -7.400395582,             0.448,     0.03429924656,      0.2314877087,                 0,                 0,                 0,     0.03132058725,     0.02924120651,       0.232180855,                 0,       6.749061041
          0,           0,         265,      -7.967186434,      -8.770071803,      -8.482187266,      -7.416953681,             0.448,     0.03429924963,      0.2314877277,                 0,                 0,                 0,     0.03132058175,     0.02924120917,      0.2321808741,                 0,       6.749060992
          0,           0,         266,      -7.983875587,      -8.786606077,      -8.499756989,      -7.433676927,             0.448,     0.03429925255,       0.231487738,                 0,                 0,                 0,     0.03132057239,     0.02924121187,      0.2321808844,                 0,       6.749060716
          0,           0,         267,       -8.00069018,      -8.803141892,        -8.5171396,      -7.450545861,             0.448,     0.03429925527,      0.2314877397,                 0,                 0,                 0,     0.03132055955,     0.02924121454,      0.2321808862,                 0,       6.749060231
          0,           0,         268,      -8.017605066,      -8.819693408,       -8.53428615,      -7.467533153,             0.448,     0.03429925775,      0.2314877332,                 0,                 0,                 0,     0.03132054358,     0.02924121716,      0.2321808798,                 0,       6.749059555
          0,           0,         269,      -8.034594547,      -8.836265381,      -8.551144213,      -7.484610219,             0.448,     0.03429925996,      0.2314877191,                 0,                 0,                 0,     0.03132052485,     0.02924121969,      0.2321808657,                 0,       6.749058708
          0,           0,         270,      -8.051628634,      -8.852857595,      -8.567676989,      -7.501743489,             0.448,      0.0342992619,      0.2314876979,                 0,                 0,                 0,      0.0313205037,     0.02924122209,      0.2321808446,                 0,       6.749057708
          0,           0,         271,      -8.068673325,      -8.869462779,       -8.58386383,       -7.51889488,             0.448,     0.03429926356,      0.2314876701,                 0,                 0,                 0,     0.03132048051,     0.02924122435,      0.2321808168,                 0,       6.749056572
          0,           0,         272,       -8.08569875,      -8.886078098,      -8.599686582,      -7.536031288,             0.448,     0.03429926491,      0.2314876363,                 0,                 0,                 0,     0.03132045561,     0.02924122644,       0.232180783,                 0,       6.749055319
          0,           0,         273,      -8.102672985,      -8.902692916,      -8.615154505,      -7.553116024,             0.448,     0.03429926597,      0.2314875971,                 0,                 0,                 0,     0.03132042936,     0.02924122836,      0.2321807439,                 0,       6.749053969
          0,           0,         274,      -8.119566959,        -8.9192882,      -8.630298206,      -7.570115001,             0.448,     0.03429926673,      0.2314875532,                 0,                 0,                 0,     0.03132040209,     0.02924123007,         0.2321807,                 0,       6.749052539
          0,           0,         275,      -8.136354474,      -8.935847483,      -8.645159021,      -7.586997524,             0.448,      0.0342992672,      0.2314875052,                 0,                 0,                 0,     0.03132037413,     0.02924123159,      0.2321806521,                 0,       6.749051049
          0,           0,         276,      -8.153012667,      -8.952359772,      -8.659784191,      -7.603736984,             0.448,     0.03429926738,      0.2314874538,                 0,                 0,                 0,     0.03132034576,     0.02924123289,      0.2321806007,                 0,       6.749049515
          0,           0,         277,      -8.169523776,      -8.968813049,      -8.674226815,      -7.620312473,             0.448,     0.03429926728,      0.2314873996,                 0,                 0,                 0,     0.03132031728,     0.02924123397,      0.2321805465,                 0,       6.749047954
          0,           0,         278,      -8.185876273,      -8.985191515,      -8.688546824,      -7.636709836,             0.448,     0.03429926691,      0.2314873432,                 0,                 0,                 0,     0.03132028893,     0.02924123484,        0.23218049,                 0,        6.74904638
          0,           0,         279,      -8.202065089,      -9.001477496,      -8.702809913,      -7.652922099,             0.448,      0.0342992663,      0.2314872852,                 0,                 0,                 0,     0.03132026096,     0.02924123549,       0.232180432,                 0,       6.749044809
          0,           0,         280,      -8.218091605,      -9.017652946,      -8.717084776,      -7.668949702,             0.448,     0.03429926545,      0.2314872261,                 0,                 0,                 0,     0.03132023359,     0.02924123593,      0.2321803729,                 0,       6.749043254
          0,           0,         281,      -8.233963558,      -9.033700724,      -8.731439597,      -7.684800485,             0.448,     0.03429926438,      0.2314871665,                 0,                 0,                 0,     0.03132020702,     0.02924123616,      0.2321803133,                 0,       6.749041728
          0,           0,         282,       -8.24969488,       -9.04960367,      -8.745939902,      -7.700489474,             0.448,     0.03429926311,       0.231487107,                 0,                 0,                 0,     0.03132018147,     0.02924123618,      0.2321802538,                 0,       6.749040242
          0,           0,         283,      -8.265305034,      -9.065345956,       -8.76064776,      -7.716038075,             0.448,     0.03429926165,       0.231487048,                 0,                 0,                 0,     0.03132015709,     0.02924123602,      0.2321801948,                 0,        6.74903881
          0,           0,         284,      -8.280818051,      -9.080917308,      -8.775618345,      -7.731473016,             0.448,     0.03429926003,      0.2314869901,                 0,                 0,                 0,     0.03132013406,     0.02924123566,      0.2321801369,                 0,        6.74903744
          0,           0,         285,      -8.296261464,      -9.096312721,      -8.790897481,      -7.746825151,             0.448,     0.03429925826,      0.2314869337,                 0,                 0,                 0,      0.0313201125,     0.02924123512,      0.2321800804,                 0,       6.749036143
          0,           0,         286,      -8.311665115,      -9.111533003,       -8.80652034,      -7.762128078,             0.448,     0.03429925636,      0.2314868791,                 0,                 0,                 0,     0.03132009254,     0.02924123441,      0.2321800259,                 0,       6.749034927
          0,           0,         287,      -8.327059923,      -9.126586145,      -8.822510661,      -7.777416697,             0.448,     0.03429925435,      0.2314868269,                 0,                 0,                 0,     0.03132007426,     0.02924123355,      0.2321799736,                 0,       6.749033798
          0,           0,         288,      -8.342476687,      -9.141488381,      -8.838879933,      -7.792725813,             0.448,     0.03429925226,      0.2314867772,                 0,                 0,                 0,     0.03132005774,     0.02924123254,      0.2321799239,                 0,       6.749032763
          0,           0,         289,      -8.357944979,       -9.15626411,      -8.855626749,      -7.808088866,             0.448,      0.0342992501,      0.2314867305,                 0,                 0,                 0,     0.03132004302,     0.02924123139,      0.2321798771,                 0,       6.749031825
          0,           0,         290,      -8.373492172,       -9.17094487,      -8.872736623,      -7.823536816,             0.448,     0.03429924789,      0.2314866869,                 0,                 0,                 0,     0.03132003014,     0.02924123014,      0.2321798335,                 0,       6.749030988
          0,           0,         291,      -8.389142597,      -9.185567854,      -8.890182242,       -7.83909719,             0.448,     0.03429924566,      0.2314866466,                 0,                 0,                 0,     0.03132001909,     0.02924122879,      0.2321797932,                 0,       6.749030253
          0,           0,         292,      -8.404916858,      -9.200174216,      -8.907924021,      -7.854793307,             0.448,     0.03429924343,      0.2314866098,                 0,                 0,                 0,     0.03132000985,     0.02924122735,      0.2321797564,                 0,       6.749029621
          0,           0,         293,      -8.420831308,      -9.214807482,      -8.925910936,      -7.870643696,             0.448,     0.03429924121,      0.2314865767,                 0,                 0,                 0,     0.03132000239,     0.02924122586,      0.2321797231,                 0,        6.74902909
          0,           0,         294,      -8.436897697,       -9.22951211,      -8.944081797,      -7.886661709,             0.448,     0.03429923902,      0.2314865471,                 0,                 0,                 0,     0.03131999665,     0.02924122432,      0.2321796936,                 0,       6.749028659
          0,           0,         295,      -8.453122949,      -9.244332305,      -8.962366995,      -7.902855279,             0.448,     0.03429923689,      0.2314865213,                 0,                 0,                 0,     0.03131999255,     0.02924122275,      0.2321796677,                 0,       6.749028324
          0,           0,         296,      -8.469509083,      -9.259310956,       -8.98069081,      -7.919226834,             0.448,     0.03429923483,      0.2314864991,                 0,                 0,                 0,     0.03131999001,     0.02924122118,      0.2321796454,                 0,       6.749028082
          0,           0,         297,      -8.486053232,      -9.274488651,      -8.998974236,      -7.935773333,             0.448,     0.03429923286,      0.2314864804,                 0,                 0,                 0,     0.03131998892,     0.02924121961,      0.2321796267,                 0,       6.749027926
          0,           0,         298,      -8.502747789,      -9.289902596,      -9.017138277,       -7.95248643,             0.448,     0.03429923099,      0.2314864652,                 0,                 0,                 0,     0.03131998917,     0.02924121807,      0.2321796115,                 0,       6.749027852
          0,           0,         299,      -8.519580658,      -9.305585488,      -9.035107564,      -7.969352765,             0.448,     0.03429922923,      0.2314864534,                 0,                 0,                 0,     0.03131999065,     0.02924121658,      0.2321795997,                 0,       6.749027853
          0,           0,         300,       -8.53653563,      -9.321564411,      -9.052814023,      -7.986354389,             0.448,      0.0342992276,      0.2314864448,                 0,                 0,                 0,     0.03131999321,     0.02924121514,       0.232179591,                 0,       6.749027921
          0,           0,         301,      -8.553592874,      -9.337859827,      -9.070200282,      -8.003469324,             0.448,      0.0342992261,      0.2314864391,                 0,                 0,                 0,     0.03131999675,     0.02924121376,      0.2321795853,                 0,       6.749028051
          0,           0,         302,      -8.570729567,      -9.354484749,       -9.08722246,      -8.020672272,             0.448,     0.03429922474,      0.2314864362,                 0,                 0,                 0,     0.03132000112,     0.02924121247,      0.2321795823,                 0,       6.749028234
          0,           0,         303,      -8.587920629,       -9.37144404,      -9.103852133,      -8.037935446,             0.448,     0.03429922353,      0.2314864359,                 0,                 0,                 0,      0.0313200062,     0.02924121126,       0.232179582,                 0,       6.749028463
          0,           0,         304,      -8.605139569,      -9.388733916,      -9.120077378,      -8.055229507,             0.448,     0.03429922245,      0.2314864378,                 0,                 0,                 0,     0.03132001188,     0.02924121014,      0.2321795839,                 0,       6.749028733
          0,           0,         305,      -8.622359399,      -9.406341606,      -9.135902972,      -8.072524583,             0.448,     0.03429922152,      0.2314864419,                 0,                 0,                 0,     0.03132001803,     0.02924120912,       0.232179588,                 0,       6.749029035
          0,           0,         306,      -8.639553589,      -9.424245208,      -9.151349863,      -8.089791323,             0.448,     0.03429922072,      0.2314864478,                 0,                 0,                 0,     0.03132002455,     0.02924120819,      0.2321795938,                 0,       6.749029363
          0,           0,         307,      -8.656697021,      -9.442413773,      -9.166454029,      -8.107001953,             0.448,     0.03429922006,      0.2314864553,                 0,                 0,                 0,     0.03132003133,     0.02924120737,      0.2321796014,                 0,       6.749029712
          0,           0,         308,      -8.673766892,      -9.460807523,      -9.181264792,      -8.124131276,             0.448,     0.03429921953,      0.2314864642,                 0,                 0,                 0,     0.03132003829,     0.02924120664,      0.2321796102,                 0,       6.749030076
          0,           0,         309,      -8.690743539,      -9.479378275,      -9.195842621,       -8.14115758,             0.448,     0.03429921913,      0.2314864743,                 0,                 0,                 0,     0.03132004533,     0.02924120602,      0.2321796203,                 0,        6.74903045
          0,           0,         310,      -8.707611137,      -9.498070007,      -9.210256526,      -8.158063409,             0.448,     0.03429921883,      0.2314864853,                 0,                 0,                 0,     0.03132005237,     0.02924120548,      0.2321796313,                 0,       6.749030828
          0,           0,         311,      -8.724358254,      -9.516819724,      -9.224581192,      -8.174836174,             0.448,     0.03429921865,       0.231486497,                 0,                 0,                 0,     0.03132005934,     0.02924120504,       0.232179643,                 0,       6.749031206
          0,           0,         312,      -8.740978243,      -9.535558778,      -9.238894055,      -8.191468586,             0.448,     0.03429921856,      0.2314865093,                 0,                 0,                 0,     0.03132006617,     0.02924120469,      0.2321796553,                 0,        6.74903158
          0,           0,         313,      -8.757469444,       -9.55421485,      -9.253272503,      -8.207958877,             0.448,     0.03429921857,      0.2314865219,                 0,                 0,                 0,      0.0313200728,     0.02924120442,      0.2321796679,                 0,       6.749031947
          0,           0,         314,      -8.773835196,      -9.572714638,       -9.26779128,       -8.22431081,             0.448,     0.03429921866,      0.2314865347,                 0,                 0,                 0,     0.03132007918,     0.02924120423,      0.2321796807,                 0,       6.749032303
          0,           0,         315,       -8.79008363,       -9.59098728,      -9.282520109,      -8.240533444,             0.448,     0.03429921882,      0.2314865475,                 0,                 0,                 0,     0.03132008526,     0.02924120411,      0.2321796935,                 0,       6.749032644
          0,           0,         316,      -8.806227248,      -9.608968226,      -9.297521518,      -8.256640674,             0.448,     0.03429921904,      0.2314865601,                 0,                 0,                 0,     0.03132009099,     0.02924120406,      0.2321797061,                 0,       6.749032969
          0,           0,         317,       -8.82228232,      -9.626603307,      -9.312848854,       -8.27265054,             0.448,     0.03429921933,      0.2314865725,                 0,                 0,                 0,     0.03132009633,     0.02924120407,      0.2321797185,                 0,       6.749033275
          0,           0,         318,      -8.838268114,      -9.643852568,      -9.328544576,      -8.288584376,             0.448,     0.03429921965,      0.2314865845,                 0,                 0,                 0,     0.03132010127,     0.02924120414,      0.2321797305,                 0,       6.749033559
          0,           0,         319,      -8.854206035,      -9.660693387,      -9.344638893,      -8.304465838,             0.448,     0.03429922002,      0.2314865959,                 0,                 0,                 0,     0.03132010577,     0.02924120426,      0.2321797419,                 0,       6.749033821
          0,           0,         320,      -8.870118726,      -9.677122502,      -9.361148813,        -8.3203199,             0.448,     0.03429922042,      0.2314866068,                 0,                 0,                 0,     0.03132010981,     0.02924120442,      0.2321797528,                 0,       6.749034058
          0,           0,         321,      -8.886029171,      -9.693156605,       -9.37807758,      -8.336171853,             0.448,     0.03429922083,      0.2314866169,                 0,                 0,                 0,     0.03132011338,     0.02924120461,      0.2321797629,                 0,       6.749034271
          0,           0,         322,      -8.901959846,      -9.708831316,      -9.395414448,      -8.352046363,             0.448,     0.03429922127,      0.2314866262,                 0,                 0,                 0,     0.03132011648,     0.02924120484,      0.2321797722,                 0,       6.749034458
          0,           0,         323,      -8.917931946,      -9.724198813,      -9.413134727,       -8.36796662,             0.448,     0.03429922171,      0.2314866347,                 0,                 0,                 0,      0.0313201191,      0.0292412051,      0.2321797808,                 0,       6.749034619
          0,           0,         324,      -8.933964695,      -9.739324277,      -9.431200107,      -8.383953593,             0.448,     0.03429922215,      0.2314866423,                 0,                 0,                 0,     0.03132012125,     0.02924120537,      0.2321797884,                 0,       6.749034755
          0,           0,         325,      -8.950074775,      -9.754281957,      -9.449559275,      -8.400025406,             0.448,     0.03429922259,      0.2314866491,                 0,                 0,                 0,     0.03132012293,     0.02924120567,      0.2321797951,                 0,       6.749034864
          0,           0,         326,      -8.966275854,      -9.769151084,      -9.468148937,      -8.416196847,             0.448,     0.03429922301,      0.2314866548,                 0,                 0,                 0,     0.03132012417,     0.02924120597,      0.2321798009,                 0,       6.749034949
          0,           0,         327,      -8.982578236,      -9.784012197,      -9.486895302,      -8.432478994,             0.448,     0.03429922343,      0.2314866597,                 0,                 0,                 0,     0.03132012498,     0.02924120627,      0.2321798057,                 0,       6.749035009
          0,           0,         328,      -8.998988619,      -9.798943815,      -9.505716158,      -8.448878965,             0.448,     0.03429922382,      0.2314866636,                 0,                 0,                 0,     0.03132012538,     0.02924120658,      0.2321798097,                 0,       6.749035046
          0,           0,         329,      -9.015509947,      -9.814019693,      -9.524523565,      -8.465399772,             0.448,     0.03429922418,      0.2314866666,                 0,                 0,                 0,     0.03132012539,     0.02924120688,      0.2321798127,                 0,       6.749035062
          0,           0,         330,       -9.03214137,      -9.829306413,      -9.543227206,      -8.482040284,             0.448,     0.03429922452,      0.2314866687,                 0,                 0,                 0,     0.03132012505,     0.02924120717,      0.2321798148,                 0,       6.749035057
          0,           0,         331,      -9.048878292,      -9.844861362,      -9.561738278,      -8.498795299,             0.448,     0.03429922483,        0.23148667,                 0,                 0,                 0,     0.03132012439,     0.02924120745,      0.2321798161,                 0,       6.749035033
          0,           0,         332,       -9.06571253,      -9.860731122,      -9.579973742,      -8.515655723,             0.448,     0.03429922511,      0.2314866704,                 0,                 0,                 0,     0.03132012343,     0.02924120772,      0.2321798165,                 0,       6.749034992
          0,           0,         333,      -9.082632574,      -9.876950059,      -9.597860569,       -8.53260888,             0.448,     0.03429922535,      0.2314866702,                 0,                 0,                 0,     0.03132012221,     0.02924120797,      0.2321798163,                 0,       6.749034935
          0,           0,         334,      -9.099623964,      -9.893539459,      -9.615339617,      -8.549638934,             0.448,     0.03429922556,      0.2314866692,                 0,                 0,                 0,     0.03132012077,      0.0292412082,      0.2321798153,                 0,       6.749034865
          0,           0,         335,      -9.116669776,      -9.910506826,      -9.632368707,      -8.566727434,             0.448,     0.03429922573,      0.2314866675,                 0,                 0,                 0,     0.03132011914,     0.02924120841,      0.2321798136,                 0,       6.749034784
          0,           0,         336,      -9.133751192,      -9.927845646,       -9.64892466,      -8.583853947,             0.448,     0.03429922587,      0.2314866653,                 0,                 0,                 0,     0.03132011734,      0.0292412086,      0.2321798114,                 0,       6.749034692
          0,           0,         337,       -9.15084816,      -9.945535419,      -9.665004174,       -8.60099678,             0.448,     0.03429922598,      0.2314866626,                 0,                 0,                 0,     0.03132011541,     0.02924120876,      0.2321798087,                 0,       6.749034592
          0,           0,         338,      -9.167940092,      -9.963542051,      -9.680623581,      -8.618133737,             0.448,     0.03429922605,      0.2314866594,                 0,                 0,                 0,     0.03132011338,      0.0292412089,      0.2321798055,                 0,       6.749034485
          0,           0,         339,      -9.185006596,      -9.981818664,      -9.695817656,      -8.635242904,             0.448,     0.03429922609,      0.2314866559,                 0,                 0,                 0,     0.03132011127,     0.02924120902,       0.232179802,                 0,       6.749034373
          0,           0,         340,      -9.202028187,      -10.00030666,      -9.710637632,      -8.652303416,             0.448,      0.0342992261,       0.231486652,                 0,                 0,                 0,     0.03132010911,     0.02924120911,      0.2321797981,                 0,       6.749034257
          0,           0,         341,      -9.218986971,      -10.01893716,      -9.725148566,      -8.669296176,             0.448,     0.03429922608,      0.2314866478,                 0,                 0,                 0,     0.03132010693,     0.02924120919,      0.2321797939,                 0,       6.749034139
          0,           0,         342,      -9.235867247,      -10.03763272,      -9.739426226,      -8.686204505,             0.448,     0.03429922604,      0.2314866434,                 0,                 0,                 0,     0.03132010474,     0.02924120924,      0.2321797895,                 0,        6.74903402
          0,           0,         343,      -9.252656045,      -10.05630939,      -9.753553667,      -8.703014692,             0.448,     0.03429922598,      0.2314866389,                 0,                 0,                 0,     0.03132010257,     0.02924120927,       0.232179785,                 0,         6.7490339
          0,           0,         344,      -9.269343543,      -10.07487918,      -9.767617745,      -8.719716434,             0.448,     0.03429922589,      0.2314866342,                 0,                 0,                 0,     0.03132010043,     0.02924120929,      0.2321797803,                 0,       6.749033782
          0,           0,         345,      -9.285923384,      -10.09325318,      -9.781705733,      -8.736303158,             0.448,     0.03429922578,      0.2314866295,                 0,                 0,                 0,     0.03132009834,     0.02924120928,      0.2321797756,                 0,       6.749033666
          0,           0,         346,      -9.302392866,      -10.11134527,      -9.795902293,      -8.752772208,             0.448,     0.03429922566,      0.2314866248,                 0,                 0,                 0,     0.03132009632,     0.02924120926,      0.2321797709,                 0,       6.749033552
          0,           0,         347,      -9.318753001,      -10.12907635,      -9.810286802,      -8.769124904,             0.448,     0.03429922552,      0.2314866201,                 0,                 0,                 0,     0.03132009437,     0.02924120923,      0.2321797662,                 0,       6.749033443
          0,           0,         348,      -9.335008434,      -10.14637895,      -9.824931121,      -8.785366438,             0.448,     0.03429922537,      0.2314866155,                 0,                 0,                 0,     0.03132009252,     0.02924120918,      0.2321797616,                 0,       6.749033338
          0,           0,         349,       -9.35116722,      -10.16320159,      -9.839897712,      -8.801505633,             0.448,     0.03429922521,       0.231486611,                 0,                 0,                 0,     0.03132009077,     0.02924120912,      0.2321797571,                 0,       6.749033238
          0,           0,         350,      -9.367240476,      -10.17951253,      -9.855238049,      -8.817554549,             0.448,     0.03429922504,      0.2314866066,                 0,                 0,                 0,     0.03132008913,     0.02924120904,      0.2321797527,                 0,       6.749033144
          0,           0,         351,      -9.383241904,       -10.1953025,      -9.870991345,      -8.833527972,             0.448,     0.03429922486,      0.2314866024,                 0,                 0,                 0,     0.03132008761,     0.02924120896,      0.2321797485,                 0,       6.749033056
          0,           0,         352,      -9.399187247,      -10.21058589,      -9.887183548,      -8.849442809,             0.448,     0.03429922469,      0.2314865984,                 0,                 0,                 0,     0.03132008621,     0.02924120887,      0.2321797445,                 0,       6.749032975
          0,           0,         353,      -9.415093685,      -10.22540028,      -9.903826673,      -8.865317437,             0.448,      0.0342992245,      0.2314865946,                 0,                 0,                 0,     0.03132008494,     0.02924120877,      0.2321797407,                 0,         6.7490329
          0,           0,         354,       -9.43097923,      -10.23980447,      -9.920918417,      -8.881171036,             0.448,     0.03429922432,      0.2314865911,                 0,                 0,                 0,      0.0313200838,     0.02924120866,      0.2321797372,                 0,       6.749032833
          0,           0,         355,      -9.446862117,      -10.25387487,      -9.938442072,      -8.897022943,             0.448,     0.03429922414,      0.2314865878,                 0,                 0,                 0,      0.0313200828,     0.02924120856,      0.2321797339,                 0,       6.749032773
          0,           0,         356,      -9.462760237,      -10.26770107,      -9.956366695,      -8.912892045,             0.448,     0.03429922397,      0.2314865848,                 0,                 0,                 0,     0.03132008193,     0.02924120844,      0.2321797309,                 0,        6.74903272
          0,           0,         357,      -9.478690616,      -10.28138097,      -9.974647515,      -8.928796215,             0.448,     0.03429922379,      0.2314865821,                 0,                 0,                 0,     0.03132008119,     0.02924120833,      0.2321797282,                 0,       6.749032675
          0,           0,         358,      -9.494668938,       -10.2950158,      -9.993226662,      -8.944751838,             0.448,     0.03429922362,      0.2314865796,                 0,                 0,                 0,     0.03132008059,     0.02924120822,      0.2321797257,                 0,       6.749032636
          0,           0,         359,      -9.510709143,      -10.30870594,      -10.01203428,      -8.960773377,             0.448,     0.03429922346,      0.2314865775,                 0,                 0,                 0,      0.0313200801,      0.0292412081,      0.2321797236,                 0,       6.749032605
          0,           0,         360,      -9.526823081,      -10.32254727,      -10.03099013,      -8.976873036,             0.448,     0.03429922331,      0.2314865756,                 0,                 0,                 0,     0.03132007974,     0.02924120799,      0.2321797217,                 0,       6.749032581
          0,           0,         361,       -9.54302023,      -10.33662844,      -10.05000576,      -8.993060469,             0.448,     0.03429922317,       0.231486574,                 0,                 0,                 0,      0.0313200795,     0.02924120788,      0.2321797201,                 0,       6.749032563
          0,           0,         362,       -9.55930748,      -10.35102884,      -10.06898739,      -9.009342581,             0.448,     0.03429922303,      0.2314865727,                 0,                 0,                 0,     0.03132007936,     0.02924120777,      0.2321797188,                 0,       6.749032551
          0,           0,         363,      -9.575688971,       -10.3658169,      -10.08783942,      -9.025723366,             0.448,     0.03429922291,      0.2314865717,                 0,                 0,                 0,     0.03132007932,     0.02924120767,      0.2321797177,                 0,       6.749032545
          0,           0,         364,      -9.592165998,      -10.38104913,      -10.10646857,      -9.042203836,             0.448,     0.03429922279,      0.2314865709,                 0,                 0,                 0,     0.03132007938,     0.02924120758,      0.2321797169,                 0,       6.749032544
          0,           0,         365,      -9.608736986,      -10.39676903,      -10.12478829,      -9.058782021,             0.448,     0.03429922269,      0.2314865703,                 0,                 0,                 0,     0.03132007952,     0.02924120749,      0.2321797164,                 0,       6.749032548
          0,           0,         366,      -9.625397538,      -10.41300632,      -10.14272332,      -9.075453041,             0.448,      0.0342992226,        0.23148657,                 0,                 0,                 0,     0.03132007973,      0.0292412074,       0.232179716,                 0,       6.749032556
          0,           0,         367,      -9.642140561,      -10.42977644,      -10.16021374,      -9.092209276,             0.448,     0.03429922252,      0.2314865699,                 0,                 0,                 0,     0.03132008002,     0.02924120732,      0.2321797159,                 0,       6.749032569
          0,           0,         368,      -9.658956482,      -10.44708005,      -10.17721828,      -9.109040607,             0.448,     0.03429922245,      0.2314865699,                 0,                 0,                 0,     0.03132008036,     0.02924120725,       0.232179716,                 0,       6.749032584
          0,           0,         369,      -9.675833527,      -10.46490302,      -10.19371639,      -9.125934738,             0.448,     0.03429922239,      0.2314865702,                 0,                 0,                 0,     0.03132008075,     0.02924120719,      0.2321797162,                 0,       6.749032603
          0,           0,         370,       -9.69275808,      -10.48321605,      -10.20970903,       -9.14287757,             0.448,     0.03429922234,      0.2314865706,                 0,                 0,                 0,     0.03132008118,     0.02924120713,      0.2321797166,                 0,       6.749032624
          0,           0,         371,      -9.709715088,      -10.50197523,      -10.22521823,      -9.159853627,             0.448,      0.0342992223,      0.2314865711,                 0,                 0,                 0,     0.03132008164,     0.02924120708,      0.2321797172,                 0,       6.749032648
          0,           0,         372,      -9.726688513,      -10.52112216,      -10.24028541,       -9.17684652,             0.448,     0.03429922228,      0.2314865718,                 0,                 0,                 0,     0.03132008213,     0.02924120704,      0.2321797178,                 0,       6.749032672
          0,           0,         373,      -9.743661817,      -10.54058502,      -10.25496884,      -9.193839422,             0.448,     0.03429922226,      0.2314865725,                 0,                 0,                 0,     0.03132008264,       0.029241207,      0.2321797186,                 0,       6.749032698
          0,           0,         374,      -9.760618444,       -10.5602795,       -10.2693405,      -9.210815556,             0.448,     0.03429922225,      0.2314865734,                 0,                 0,                 0,     0.03132008316,     0.02924120698,      0.2321797195,                 0,       6.749032725
          0,           0,         375,       -9.77754232,      -10.58011021,      -10.28348244,      -9.227758674,             0.448,     0.03429922224,      0.2314865743,                 0,                 0,                 0,     0.03132008368,     0.02924120695,      0.2321797204,                 0,       6.749032753
          0,           0,         376,      -9.794418317,      -10.59997296,        -10.297483,      -9.244653511,             0.448,     0.03429922225,      0.2314865753,                 0,                 0,                 0,     0.03132008421,     0.02924120694,      0.2321797214,                 0,        6.74903278
          0,           0,         377,      -9.811232718,      -10.61975687,      -10.31143307,      -9.261486226,             0.448,     0.03429922226,      0.2314865763,                 0,                 0,                 0,     0.03132008473,     0.02924120692,      0.2321797224,                 0,       6.749032808
          0,           0,         378,      -9.827973617,      -10.63934849,      -10.32542269,      -9.278244784,             0.448,     0.03429922228,      0.2314865774,                 0,                 0,                 0,     0.03132008524,     0.02924120692,      0.2321797234,                 0,       6.749032835
          0,           0,         379,        -9.8446313,      -10.65863573,      -10.33953792,      -9.294919338,             0.448,      0.0342992223,      0.2314865784,                 0,                 0,                 0,     0.03132008574,     0.02924120691,      0.2321797245,                 0,       6.749032862
          0,           0,         380,      -9.861198552,      -10.67751328,      -10.35385835,      -9.311502509,             0.448,     0.03429922232,      0.2314865795,                 0,                 0,                 0,     0.03132008622,     0.02924120692,      0.2321797255,                 0,       6.749032888
          0,           0,         381,      -9.877670886,       -10.6958883,      -10.36845501,      -9.327989641,             0.448,     0.03429922235,      0.2314865805,                 0,                 0,                 0,     0.03132008668,     0.02924120692,      0.2321797266,                 0,       6.749032913
          0,           0,         382,      -9.894046696,      -10.71368621,      -10.38338874,      -9.344378944,             0.448,     0.03429922238,      0.2314865815,                 0,                 0,                 0,     0.03132008712,     0.02924120693,      0.2321797276,                 0,       6.749032936
          0,           0,         383,      -9.910327291,      -10.73085594,      -10.39870893,      -9.360671545,             0.448,     0.03429922242,      0.2314865825,                 0,                 0,                 0,     0.03132008753,     0.02924120694,      0.2321797286,                 0,       6.749032959
          0,           0,         384,       -9.92651684,      -10.74737344,      -10.41445254,      -9.376871447,             0.448,     0.03429922245,      0.2314865835,                 0,                 0,                 0,     0.03132008791,     0.02924120696,      0.2321797296,                 0,        6.74903298
          0,           0,         385,      -9.942622199,      -10.76324438,      -10.43064322,      -9.392985355,             0.448,     0.03429922249,      0.2314865844,                 0,                 0,                 0,     0.03132008826,     0.02924120698,      0.2321797305,                 0,       6.749032999
          0,           0,         386,      -9.958652651,       -10.7785036,      -10.44729085,      -9.409022428,             0.448,     0.03429922253,      0.2314865853,                 0,                 0,                 0,     0.03132008858,     0.02924120699,      0.2321797313,                 0,       6.749033017
          0,           0,         387,      -9.974619574,       -10.7932131,      -10.46439105,      -9.424993961,             0.448,     0.03429922256,      0.2314865861,                 0,                 0,                 0,     0.03132008887,     0.02924120701,      0.2321797321,                 0,       6.749033033
          0,           0,         388,      -9.990536037,      -10.80745829,      -10.48192522,      -9.440912973,             0.448,      0.0342992226,      0.2314865868,                 0,                 0,                 0,     0.03132008913,     0.02924120704,      0.2321797329,                 0,       6.749033047
          0,           0,         389,      -10.00641638,      -10.82134198,       -10.4998606,      -9.456793795,             0.448,     0.03429922264,      0.2314865875,                 0,                 0,                 0,     0.03132008935,     0.02924120706,      0.2321797336,                 0,        6.74903306
          0,           0,         390,      -10.02227577,       -10.8349786,      -10.51815072,      -9.472651607,             0.448,     0.03429922267,      0.2314865881,                 0,                 0,                 0,     0.03132008954,     0.02924120708,      0.2321797342,                 0,       6.749033071
          0,           0,         391,      -10.03812967,      -10.84848787,      -10.53673615,      -9.488501969,             0.448,     0.03429922271,      0.2314865887,                 0,                 0,                 0,     0.03132008969,      0.0292412071,      0.2321797347,                 0,        6.74903308
          0,           0,         392,      -10.05399346,      -10.86198898,      -10.55554557,      -9.504360349,             0.448,     0.03429922274,      0.2314865891,                 0,                 0,                 0,     0.03132008982,     0.02924120712,      0.2321797352,                 0,       6.749033087
          0,           0,         393,      -10.06988187,      -10.87559557,      -10.57449735,      -9.520241661,             0.448,     0.03429922277,      0.2314865895,                 0,                 0,                 0,     0.03132008991,     0.02924120714,      0.2321797356,                 0,       6.749033093
          0,           0,         394,      -10.08580863,      -10.88941267,      -10.59350173,      -9.536159821,             0.448,      0.0342992228,      0.2314865899,                 0,                 0,                 0,     0.03132008997,     0.02924120717,      0.2321797359,                 0,       6.749033097
          0,           0,         395,        -10.101786,       -10.9035334,      -10.61246351,      -9.552127323,             0.448,     0.03429922282,      0.2314865901,                 0,                 0,                 0,     0.03132009001,     0.02924120719,      0.2321797362,                 0,         6.7490331
          0,           0,         396,      -10.11782441,      -10.91803747,       -10.6312856,      -9.568154887,             0.448,     0.03429922285,      0.2314865903,                 0,                 0,                 0,     0.03132009002,      0.0292412072,      0.2321797364,                 0,       6.749033101
          0,           0,         397,      -10.13393215,      -10.93298993,      -10.64987307,      -9.584251106,             0.448,     0.03429922287,      0.2314865905,                 0,                 0,                 0,        0.03132009,     0.02924120722,      0.2321797365,                 0,       6.749033101
          0,           0,         398,      -10.15011511,      -10.94843971,      -10.66813755,        -9.6004222,             0.448,     0.03429922288,      0.2314865905,                 0,                 0,                 0,     0.03132008996,     0.02924120724,      0.2321797366,                 0,       6.749033099
          0,           0,         399,      -10.16637655,      -10.96441984,      -10.68600187,      -9.616671814,             0.448,      0.0342992229,      0.2314865905,                 0,                 0,                 0,     0.03132008991,     0.02924120725,      0.2321797366,                 0,       6.749033097
          0,           0,         400,      -10.18271702,      -10.98094667,      -10.70340429,      -9.633000906,             0.448,     0.03429922291,      0.2314865905,                 0,                 0,                 0,     0.03132008983,     0.02924120727,      0.2321797366,                 0,       6.749033093
          0,           0,         401,      -10.19913431,      -10.99801912,      -10.72030194,      -9.649407727,             0.448,     0.03429922292,      0.2314865904,                 0,                 0,                 0,     0.03132008974,     0.02924120728,      0.2321797365,                 0,       6.749033089
          0,           0,         402,      -10.21562349,      -11.01561948,      -10.73667323,      -9.665887842,             0.448,     0.03429922293,      0.2314865903,                 0,                 0,                 0,     0.03132008963,     0.02924120729,      0.2321797364,                 0,       6.749033083
          0,           0,         403,      -10.23217707,      -11.03371269,      -10.75251874,      -9.682434285,             0.448,     0.03429922294,      0.2314865901,                 0,                 0,                 0,     0.03132008951,      0.0292412073,      0.2321797362,                 0,       6.749033077
          0,           0,         404,      -10.24878513,      -11.05224756,       -10.7678608,      -9.699037696,             0.448,     0.03429922294,      0.2314865899,                 0,                 0,                 0,     0.03132008938,     0.02924120731,       0.232179736,                 0,       6.749033071
          0,           0,         405,      -10.26543571,      -11.07115678,       -10.7827417,       -9.71568665,             0.448,     0.03429922294,      0.2314865897,                 0,                 0,                 0,     0.03132008925,     0.02924120731,      0.2321797358,                 0,       6.749033064
          0,           0,         406,      -10.28211501,      -11.09035821,      -10.79722096,       -9.73236788,             0.448,     0.03429922294,      0.2314865894,                 0,                 0,                 0,     0.03132008911,     0.02924120732,      0.2321797355,                 0,       6.749033057
          0,           0,         407,      -10.29880791,      -11.10975661,      -10.81137189,        -9.7490667,             0.448,     0.03429922294,      0.2314865892,                 0,                 0,                 0,     0.03132008896,     0.02924120732,      0.2321797352,                 0,       6.749033049
          0,           0,         408,      -10.31549832,      -11.12924549,      -10.82527769,      -9.765767379,             0.448,     0.03429922293,      0.2314865889,                 0,                 0,                 0,     0.03132008881,     0.02924120732,      0.2321797349,                 0,       6.749033041
          0,           0,         409,       -10.3321697,      -11.14871025,       -10.8390276,      -9.782453574,             0.448,     0.03429922292,      0.2314865885,                 0,                 0,                 0,     0.03132008866,     0.02924120732,      0.2321797346,                 0,       6.749033034
          0,           0,         410,      -10.34880556,      -11.16803117,      -10.85271314,      -9.799108824,             0.448,     0.03429922292,      0.2314865882,                 0,                 0,                 0,     0.03132008851,     0.02924120732,      0.2321797343,                 0,       6.749033026
          0,           0,         411,      -10.36538996,       -11.1870879,      -10.86642461,      -9.815717043,             0.448,     0.03429922291,      0.2314865879,                 0,                 0,                 0,     0.03132008837,     0.02924120732,       0.232179734,                 0,       6.749033018
          0,           0,         412,      -10.38190807,      -11.20576488,      -10.88024812,      -9.832263005,             0.448,      0.0342992229,      0.2314865876,                 0,                 0,                 0,     0.03132008822,     0.02924120732,      0.2321797336,                 0,       6.749033011
          0,           0,         413,      -10.39834667,      -11.22395601,      -10.89426317,      -9.848732898,             0.448,     0.03429922289,      0.2314865872,                 0,                 0,                 0,     0.03132008808,     0.02924120731,      0.2321797333,                 0,       6.749033003
          0,           0,         414,      -10.41469467,      -11.24157254,      -10.90854054,      -9.865114807,             0.448,     0.03429922288,      0.2314865869,                 0,                 0,                 0,     0.03132008795,     0.02924120731,       0.232179733,                 0,       6.749032996
          0,           0,         415,      -10.43094347,      -11.25854693,      -10.92314097,      -9.881399177,             0.448,     0.03429922286,      0.2314865866,                 0,                 0,                 0,     0.03132008782,      0.0292412073,      0.2321797327,                 0,       6.749032989
          0,           0,         416,      -10.44708736,       -11.2748388,      -10.93811382,       -9.89757919,             0.448,     0.03429922285,      0.2314865863,                 0,                 0,                 0,     0.03132008769,      0.0292412073,      0.2321797324,                 0,       6.749032982
          0,           0,         417,       -10.4631238,      -11.29043678,      -10.95349643,      -9.913651106,             0.448,     0.03429922284,       0.231486586,                 0,                 0,                 0,     0.03132008758,     0.02924120729,      0.2321797321,                 0,       6.749032976
          0,           0,         418,      -10.47905349,      -11.30536217,       -10.9693134,      -9.929614438,             0.448,     0.03429922283,      0.2314865857,                 0,                 0,                 0,     0.03132008747,     0.02924120729,      0.2321797318,                 0,        6.74903297
          0,           0,         419,      -10.49488044,      -11.31966469,      -10.98557612,      -9.945472032,             0.448,     0.03429922282,      0.2314865854,                 0,                 0,                 0,     0.03132008737,     0.02924120728,      0.2321797315,                 0,       6.749032965
          0,           0,         420,      -10.51061189,       -11.3334208,      -11.00228265,      -9.961230032,             0.448,      0.0342992228,      0.2314865852,                 0,                 0,                 0,     0.03132008728,     0.02924120727,      0.2321797312,                 0,       6.749032959
          0,           0,         421,        -10.526258,      -11.34672946,      -11.01941744,       -9.97689768,             0.448,     0.03429922279,      0.2314865849,                 0,                 0,                 0,     0.03132008719,     0.02924120727,       0.232179731,                 0,       6.749032955
          0,           0,         422,      -10.54183165,      -11.35970361,      -11.03695165,      -9.992487091,             0.448,     0.03429922278,      0.2314865847,                 0,                 0,                 0,     0.03132008712,     0.02924120726,      0.2321797308,                 0,       6.749032951
          0,           0,         423,      -10.55734789,      -11.37246725,       -11.0548434,      -10.00801279,             0.448,     0.03429922277,      0.2314865845,                 0,                 0,                 0,     0.03132008705,     0.02924120725,      0.2321797306,                 0,       6.749032947
          0,           0,         424,      -10.57282355,      -11.38514608,      -11.07303845,      -10.02349127,             0.448,     0.03429922276,      0.2314865843,                 0,                 0,                 0,     0.03132008699,     0.02924120725,      0.2321797304,                 0,       6.749032944
          0,           0,         425,      -10.58827664,       -11.3978631,      -11.09147118,       -10.0389405,             0.448,     0.03429922275,      0.2314865842,                 0,                 0,                 0,     0.03132008694,     0.02924120724,      0.2321797302,                 0,       6.749032941
          0,           0,         426,      -10.60372578,      -11.41073574,        -11.110066,      -10.05437924,             0.448,     0.03429922274,       0.231486584,                 0,                 0,                 0,      0.0313200869,     0.02924120724,      0.2321797301,                 0,       6.749032938
          0,           0,         427,       -10.6191896,      -11.42386896,      -11.12873911,      -10.06982651,             0.448,     0.03429922273,      0.2314865839,                 0,                 0,                 0,     0.03132008687,     0.02924120723,        0.23217973,                 0,       6.749032936
          0,           0,         428,      -10.63468608,      -11.43735634,      -11.14740108,      -10.08530092,             0.448,     0.03429922272,      0.2314865838,                 0,                 0,                 0,     0.03132008685,     0.02924120722,      0.2321797299,                 0,       6.749032935
          0,           0,         429,      -10.65023207,       -11.4512768,      -11.16595974,      -10.10082004,             0.448,     0.03429922272,      0.2314865837,                 0,                 0,                 0,     0.03132008683,     0.02924120722,      0.2321797298,                 0,       6.749032934
          0,           0,         430,      -10.66584265,      -11.46569511,       -11.1843237,      -10.11639994,             0.448,     0.03429922271,      0.2314865836,                 0,                 0,                 0,     0.03132008682,     0.02924120721,      0.2321797297,                 0,       6.749032933
          0,           0,         431,      -10.68153073,      -11.48065832,      -11.20240656,      -10.13205456,             0.448,      0.0342992227,      0.2314865836,                 0,                 0,                 0,     0.03132008682,     0.02924120721,      0.2321797297,                 0,       6.749032933
          0,           0,         432,      -10.69730655,      -11.49620032,      -11.22013098,      -10.14779534,             0.448,      0.0342992227,      0.2314865836,                 0,                 0,                 0,     0.03132008683,      0.0292412072,      0.2321797296,                 0,       6.749032933
          0,           0,         433,      -10.71317747,      -11.51233711,      -11.23743279,      -10.16363083,             0.448,     0.03429922269,      0.2314865835,                 0,                 0,                 0,     0.03132008684,      0.0292412072,      0.2321797296,                 0,       6.749032933
          0,           0,         434,      -10.72914758,      -11.52906962,      -11.25426456,      -10.17956645,             0.448,     0.03429922269,      0.2314865835,                 0,                 0,                 0,     0.03132008685,      0.0292412072,      0.2321797296,                 0,       6.749032934
          0,           0,         435,      -10.74521769,      -11.54638034,      -11.27059816,       -10.1956043,             0.448,     0.03429922269,      0.2314865835,                 0,                 0,                 0,     0.03132008687,     0.02924120719,      0.2321797296,                 0,       6.749032934
          0,           0,         436,      -10.76138516,      -11.56423816,      -11.28642639,      -10.21174305,             0.448,     0.03429922268,      0.2314865836,                 0,                 0,                 0,     0.03132008689,     0.02924120719,      0.2321797296,                 0,       6.749032935
          0,           0,         437,      -10.77764404,      -11.58259326,      -11.30176278,        -10.227978,             0.448,     0.03429922268,      0.2314865836,                 0,                 0,                 0,     0.03132008692,     0.02924120719,      0.2321797296,                 0,       6.749032937
          0,           0,         438,      -10.79398517,        -11.601383,      -11.31664057,      -10.24430118,             0.448,     0.03429922268,      0.2314865836,                 0,                 0,                 0,     0.03132008695,     0.02924120719,      0.2321797297,                 0,       6.749032938
          0,           0,         439,      -10.81039639,      -11.62052718,      -11.33111038,      -10.26070147,             0.448,     0.03429922268,      0.2314865837,                 0,                 0,                 0,     0.03132008698,     0.02924120718,      0.2321797297,                 0,        6.74903294
          0,           0,         440,      -10.82686295,      -11.63993263,      -11.34523702,      -10.27716503,             0.448,     0.03429922268,      0.2314865837,                 0,                 0,                 0,     0.03132008702,     0.02924120718,      0.2321797298,                 0,       6.749032941
          0,           0,         441,       -10.8433678,      -11.65949518,        -11.359096,      -10.29367546,             0.448,     0.03429922268,      0.2314865838,                 0,                 0,                 0,     0.03132008705,     0.02924120718,      0.2321797298,                 0,       6.749032943
          0,           0,         442,      -10.85989221,      -11.67909983,      -11.37276976,       -10.3102144,             0.448,     0.03429922268,      0.2314865839,                 0,                 0,                 0,     0.03132008709,     0.02924120718,      0.2321797299,                 0,       6.749032945
          0,           0,         443,      -10.87641623,      -11.69862542,      -11.38634394,      -10.32676195,             0.448,     0.03429922268,      0.2314865839,                 0,                 0,                 0,     0.03132008713,     0.02924120718,        0.23217973,                 0,       6.749032947
          0,           0,         444,       -10.8929194,      -11.71794869,      -11.39990445,      -10.34329741,             0.448,     0.03429922268,       0.231486584,                 0,                 0,                 0,     0.03132008717,     0.02924120718,      0.2321797301,                 0,       6.749032949
          0,           0,         445,      -10.90938131,      -11.73694747,      -11.41353408,      -10.35979975,             0.448,     0.03429922268,      0.2314865841,                 0,                 0,                 0,      0.0313200872,     0.02924120718,      0.2321797301,                 0,        6.74903295
          0,           0,         446,       -10.9257824,      -11.75550773,      -11.42731018,      -10.37624836,             0.448,     0.03429922269,      0.2314865841,                 0,                 0,                 0,     0.03132008724,     0.02924120718,      0.2321797302,                 0,       6.749032952
          0,           0,         447,      -10.94210459,      -11.77352861,      -11.44130284,      -10.39262383,             0.448,     0.03429922269,      0.2314865842,                 0,                 0,                 0,     0.03132008728,     0.02924120718,      0.2321797303,                 0,       6.749032954
          0,           0,         448,      -10.95833198,      -11.79092913,      -11.45557307,      -10.40890864,             0.448,     0.03429922269,      0.2314865843,                 0,                 0,                 0,     0.03132008731,     0.02924120718,      0.2321797304,                 0,       6.749032956
          0,           0,         449,      -10.97445148,       -11.8076521,      -11.47017175,      -10.42508778,             0.448,     0.03429922269,      0.2314865844,                 0,                 0,                 0,     0.03132008735,     0.02924120718,      0.2321797304,                 0,       6.749032958
          0,           0,         450,       -10.9904533,      -11.82366868,      -11.48513891,      -10.44114941,             0.448,      0.0342992227,      0.2314865845,                 0,                 0,                 0,     0.03132008738,     0.02924120718,      0.2321797305,                 0,       6.749032959
          0,           0,         451,      -11.00633139,      -11.83898358,      -11.50050264,      -10.45708542,             0.448,      0.0342992227,      0.2314865845,                 0,                 0,                 0,     0.03132008741,     0.02924120718,      0.2321797306,                 0,       6.749032961
          0,           0,         452,      -11.02208377,      -11.85362691,      -11.51627926,      -10.47289171,             0.448,      0.0342992227,      0.2314865846,                 0,                 0,                 0,     0.03132008744,     0.02924120718,      0.2321797307,                 0,       6.749032963
          0,           0,         453,      -11.03771257,      -11.86766223,       -11.5324727,      -10.48856847,             0.448,      0.0342992227,      0.2314865847,                 0,                 0,                 0,     0.03132008747,     0.02924120719,      0.2321797307,                 0,       6.749032964
          0,           0,         454,      -11.05322402,       -11.8811769,      -11.54907447,      -10.50412021,             0.448,     0.03429922271,      0.2314865847,                 0,                 0,                 0,     0.03132008749,     0.02924120719,      0.2321797308,                 0,       6.749032965
          0,           0,         455,      -11.06862829,      -11.89427239,      -11.56606385,      -10.51955574,             0.448,     0.03429922271,      0.2314865848,                 0,                 0,                 0,     0.03132008751,     0.02924120719,      0.2321797308,                 0,       6.749032967
          0,           0,         456,      -11.08393909,      -11.90706879,      -11.58340801,      -10.53488765,             0.448,     0.03429922271,      0.2314865848,                 0,                 0,                 0,     0.03132008753,     0.02924120719,      0.2321797309,                 0,       6.749032968
          0,           0,         457,      -11.09917321,      -11.91968863,       -11.6010625,      -10.55013211,             0.448,     0.03429922271,      0.2314865849,                 0,                 0,                 0,     0.03132008755,     0.02924120719,      0.2321797309,                 0,       6.749032969
          0,           0,         458,      -11.11434987,      -11.93225903,      -11.61897212,       -10.5653081,             0.448,     0.03429922271,      0.2314865849,                 0,                 0,                 0,     0.03132008757,     0.02924120719,       0.232179731,                 0,        6.74903297
          0,           0,         459,      -11.12949002,      -11.94489547,      -11.63707173,      -10.58043676,             0.448,     0.03429922272,       0.231486585,                 0,                 0,                 0,     0.03132008758,     0.02924120719,       0.232179731,                 0,        6.74903297
          0,           0,         460,      -11.14461567,      -11.95771218,      -11.65528828,      -10.59554067,             0.448,     0.03429922272,       0.231486585,                 0,                 0,                 0,     0.03132008759,     0.02924120719,      0.2321797311,                 0,       6.749032971
          0,           0,         461,      -11.15974904,      -11.97080802,      -11.67354194,      -10.61064297,             0.448,     0.03429922272,       0.231486585,                 0,                 0,                 0,      0.0313200876,     0.02924120719,      0.2321797311,                 0,       6.749032972
          0,           0,         462,      -11.17491184,       -11.9842687,      -11.69174905,       -10.6257666,             0.448,     0.03429922272,      0.2314865851,                 0,                 0,                 0,     0.03132008761,      0.0292412072,      0.2321797311,                 0,       6.749032972
          0,           0,         463,      -11.19012447,      -11.99816528,       -11.7098249,      -10.64093349,             0.448,     0.03429922272,      0.2314865851,                 0,                 0,                 0,     0.03132008761,      0.0292412072,      0.2321797311,                 0,       6.749032972
          0,           0,         464,      -11.20540538,      -12.01255513,      -11.72768706,      -10.65616375,             0.448,     0.03429922272,      0.2314865851,                 0,                 0,                 0,     0.03132008762,      0.0292412072,      0.2321797312,                 0,       6.749032972
          0,           0,         465,      -11.22077062,      -12.02747882,      -11.74525907,      -10.67147523,             0.448,     0.03429922273,      0.2314865851,                 0,                 0,                 0,     0.03132008762,      0.0292412072,      0.2321797312,                 0,       6.749032973
          0,           0,         466,      -11.23623302,      -12.04295881,      -11.76247422,      -10.68688269,             0.448,     0.03429922273,      0.2314865851,                 0,                 0,                 0,     0.03132008762,      0.0292412072,      0.2321797312,                 0,       6.749032973
          0,           0,         467,      -11.25180211,      -12.05900723,      -11.77927893,      -10.70239763,             0.448,     0.03429922273,      0.2314865851,                 0,                 0,                 0,     0.03132008761,      0.0292412072,      0.2321797312,                 0,       6.749032973
          0,           0,         468,      -11.26748362,      -12.07561357,      -11.79563578,      -10.71802766,             0.448,     0.03429922273,      0.2314865851,                 0,                 0,                 0,     0.03132008761,      0.0292412072,      0.2321797312,                 0,       6.749032972
          0,           0,         469,      -11.28327938,      -12.09275542,      -11.81152574,      -10.73377652,             0.448,     0.03429922273,      0.2314865851,                 0,                 0,                 0,      0.0313200876,      0.0292412072,      0.2321797312,                 0,       6.749032972
          0,           0,         470,      -11.29918729,      -12.11038975,      -11.82694849,      -10.74964385,             0.448,     0.03429922273,      0.2314865851,                 0,                 0,                 0,      0.0313200876,      0.0292412072,      0.2321797312,                 0,       6.749032972
          0,           0,         471,      -11.31520118,      -12.12846225,      -11.84192288,      -10.76562515,             0.448,     0.03429922273,      0.2314865851,                 0,                 0,                 0,     0.03132008759,      0.0292412072,      0.2321797312,                 0,       6.749032972
          0,           0,         472,      -11.33131126,      -12.14690327,      -11.85648467,      -10.78171197,             0.448,     0.03429922273,      0.2314865851,                 0,                 0,                 0,     0.03132008758,      0.0292412072,      0.2321797311,                 0,       6.749032971
          0,           0,         473,      -11.34750414,      -12.16562754,      -11.87068494,      -10.79789213,             0.448,     0.03429922273,      0.2314865851,                 0,                 0,                 0,     0.03132008757,      0.0292412072,      0.2321797311,                 0,       6.749032971
          0,           0,         474,      -11.36376337,      -12.18453883,      -11.88458684,      -10.81415002,             0.448,     0.03429922273,      0.2314865851,                 0,                 0,                 0,     0.03132008756,      0.0292412072,      0.2321797311,                 0,        6.74903297
          0,           0,         475,       -11.3800698,       -12.2035306,      -11.89826181,       -10.8304669,             0.448,     0.03429922273,       0.231486585,                 0,                 0,                 0,     0.03132008755,      0.0292412072,      0.2321797311,                 0,        6.74903297
          0,           0,         476,      -11.39640221,      -12.22248827,      -11.91178735,      -10.84682168,             0.448,     0.03429922273,       0.231486585,                 0,                 0,                 0,     0.03132008754,      0.0292412072,      0.2321797311,                 0,       6.749032969
          0,           0,         477,        -11.412738,      -12.24129611,       -11.9252417,      -10.86319145,             0.448,     0.03429922273,       0.231486585,                 0,                 0,                 0,     0.03132008753,      0.0292412072,      0.2321797311,                 0,       6.749032969
          0,           0,         478,      -11.42905388,      -12.25983667,      -11.93870369,      -10.87955207,             0.448,     0.03429922273,       0.231486585,                 0,                 0,                 0,     0.03132008752,      0.0292412072,       0.232179731,                 0,       6.749032968
          0,           0,         479,      -11.44532682,      -12.27799682,      -11.95224816,      -10.89587923,             0.448,     0.03429922273,       0.231486585,                 0,                 0,                 0,     0.03132008751,      0.0292412072,       0.232179731,                 0,       6.749032968
          0,           0,         480,      -11.46153459,      -12.29568169,      -11.96594474,      -10.91214901,             0.448,     0.03429922273,      0.2314865849,                 0,                 0,                 0,      0.0313200875,      0.0292412072,       0.232179731,                 0,       6.749032967
          0,           0,         481,      -11.47765673,      -12.31280522,      -11.97985554,      -10.92833898,             0.448,     0.03429922273,      0.2314865849,                 0,                 0,                 0,     0.03132008749,      0.0292412072,       0.232179731,                 0,       6.749032967
          0,           0,         482,       -11.4936755,      -12.32930536,      -11.99403432,      -10.94442889,             0.448,     0.03429922273,      0.2314865849,                 0,                 0,                 0,     0.03132008748,      0.0292412072,      0.2321797309,                 0,       6.749032966
          0,           0,         483,      -11.50957638,      -12.34514763,      -12.00852635,      -10.96040173,             0.448,     0.03429922272,      0.2314865849,                 0,                 0,                 0,     0.03132008747,      0.0292412072,      0.2321797309,                 0,       6.749032966
          0,           0,         484,      -11.52534852,      -12.36032292,      -12.02336463,      -10.97624396,             0.448,     0.03429922272,      0.2314865848,                 0,                 0,                 0,     0.03132008746,      0.0292412072,      0.2321797309,                 0,       6.749032965
          0,           0,         485,      -11.54098571,      -12.37485092,      -12.03857338,      -10.99194665,             0.448,     0.03429922272,      0.2314865848,                 0,                 0,                 0,     0.03132008745,      0.0292412072,      0.2321797309,                 0,       6.749032965
          0,           0,         486,      -11.55648626,      -12.38878056,      -12.05416468,      -11.00750568,             0.448,     0.03429922272,      0.2314865848,                 0,                 0,                 0,     0.03132008744,      0.0292412072,      0.2321797309,                 0,       6.749032964
          0,           0,         487,      -11.57185339,      -12.40218562,      -12.07013961,      -11.02292187,             0.448,     0.03429922272,      0.2314865848,                 0,                 0,                 0,     0.03132008743,      0.0292412072,      0.2321797308,                 0,       6.749032964
          0,           0,         488,      -11.58709475,      -12.41515351,      -12.08648846,       -11.0382012,             0.448,     0.03429922272,      0.2314865848,                 0,                 0,                 0,     0.03132008742,      0.0292412072,      0.2321797308,                 0,       6.749032963
          0,           0,         489,      -11.60222258,      -12.42779671,      -12.10318973,      -11.05335445,             0.448,     0.03429922272,      0.2314865847,                 0,                 0,                 0,     0.03132008742,      0.0292412072,      0.2321797308,                 0,       6.749032963
          0,           0,         490,      -11.61725325,      -12.44022537,      -12.12021222,        -11.068397,             0.448,     0.03429922272,      0.2314865847,                 0,                 0,                 0,     0.03132008741,      0.0292412072,      0.2321797308,                 0,       6.749032962
          0,           0,         491,      -11.63220622,       -12.4525524,      -12.13751399,      -11.08334816,             0.448,     0.03429922272,      0.2314865847,                 0,                 0,                 0,      0.0313200874,      0.0292412072,      0.2321797308,                 0,       6.749032962
          0,           0,         492,      -11.64710352,      -12.46490401,      -12.15504261,       -11.0982301,             0.448,     0.03429922272,      0.2314865847,                 0,                 0,                 0,      0.0313200874,      0.0292412072,      0.2321797308,                 0,       6.749032962
          0,           0,         493,      -11.66196942,      -12.47738037,      -12.17273905,      -11.11306771,             0.448,     0.03429922272,      0.2314865847,                 0,                 0,                 0,     0.03132008739,      0.0292412072,      0.2321797307,                 0,       6.749032962
          0,           0,         494,      -11.67682854,       -12.4900839,      -12.19053582,      -11.12788694,             0.448,     0.03429922272,      0.2314865847,                 0,                 0,                 0,     0.03132008739,      0.0292412072,      0.2321797307,                 0,       6.749032961
          0,           0,         495,      -11.69170604,      -12.50311067,      -12.20836047,      -11.14271443,             0.448,     0.03429922272,      0.2314865847,                 0,                 0,                 0,     0.03132008739,      0.0292412072,      0.2321797307,                 0,       6.749032961
          0,           0,         496,      -11.70662584,      -12.51652059,      -12.22613752,      -11.15757611,             0.448,     0.03429922272,      0.2314865847,                 0,                 0,                 0,     0.03132008738,      0.0292412072,      0.2321797307,                 0,       6.749032961
          0,           0,         497,      -11.72161038,      -12.53039454,      -12.24379078,      -11.17249651,             0.448,     0.03429922272,      0.2314865846,                 0,                 0,                 0,     0.03132008738,      0.0292412072,      0.2321797307,                 0,       6.749032961
          0,           0,         498,      -11.73667969,      -12.54476364,      -12.26124661,      -11.18749775,             0.448,     0.03429922272,      0.2314865846,                 0,                 0,                 0,     0.03132008738,      0.0292412072,      0.2321797307,                 0,       6.749032961
          0,           0,         499,      -11.75185094,      -12.55966518,      -12.27843696,      -11.20259956,             0.448,     0.03429922272,      0.2314865846,                 0,                 0,                 0,     0.03132008738,      0.0292412072,      0.2321797307,                 0,       6.749032961
          0,           0,         500,      -11.76713765,       -12.5751266,      -12.29530256,      -11.21781784,             0.448,     0.03429922271,      0.2314865846,                 0,                 0,                 0,     0.03132008738,      0.0292412072,      0.2321797307,                 0,       6.749032961
          0,           0,         501,      -11.78254948,      -12.59113315,      -12.31179702,      -11.23316444,             0.448,     0.03429922271,      0.2314865846,                 0,                 0,                 0,     0.03132008738,      0.0292412072,      0.2321797307,                 0,       6.749032961
          0,           0,         502,       -11.7980917,      -12.60768591,      -12.32788741,       -11.2486469,             0.448,     0.03429922271,      0.2314865846,                 0,                 0,                 0,     0.03132008738,      0.0292412072,      0.2321797307,                 0,       6.749032961
          0,           0,         503,       -11.8137657,      -12.62475308,      -12.34355803,      -11.26426879,             0.448,     0.03429922271,      0.2314865846,                 0,                 0,                 0,     0.03132008738,      0.0292412072,      0.2321797307,                 0,       6.749032961
          0,           0,         504,      -11.82956799,      -12.64228426,      -12.35880908,      -11.28002832,             0.448,     0.03429922271,      0.2314865846,                 0,                 0,                 0,     0.03132008738,      0.0292412072,      0.2321797307,                 0,       6.749032961
          0,           0,         505,      -11.84549089,      -12.66022932,      -12.37365831,      -11.29591955,             0.448,     0.03429922271,      0.2314865846,                 0,                 0,                 0,     0.03132008739,      0.0292412072,      0.2321797307,                 0,       6.749032961
          0,           0,         506,      -11.86152278,      -12.67851465,      -12.38813808,      -11.31193192,             0.448,     0.03429922271,      0.2314865846,                 0,                 0,                 0,     0.03132008739,      0.0292412072,      0.2321797307,                 0,       6.749032961
          0,           0,         507,      -11.87764837,      -12.69705878,      -12.40229485,      -11.32805105,             0.448,     0.03429922271,      0.2314865846,                 0,                 0,                 0,     0.03132008739,      0.0292412072,      0.2321797307,                 0,       6.749032961
          0,           0,         508,      -11.89384856,      -12.71576148,      -12.41618586,      -11.34425876,             0.448,     0.03429922271,      0.2314865846,                 0,                 0,                 0,     0.03132008739,      0.0292412072,      0.2321797307,                 0,       6.749032961
          0,           0,         509,      -11.91010172,      -12.73452762,      -12.42987566,        -11.360533,             0.448,     0.03429922271,      0.2314865846,                 0,                 0,                 0,      0.0313200874,      0.0292412072,      0.2321797307,                 0,       6.749032961
          0,           0,         510,      -11.92638458,      -12.75323684,        -12.443433,      -11.37685029,             0.448,     0.03429922271,      0.2314865846,                 0,                 0,                 0,      0.0313200874,      0.0292412072,      0.2321797307,                 0,       6.749032961
          0,           0,         511,      -11.94267189,      -12.77179451,      -12.45692931,      -11.39318441,             0.448,     0.03429922271,      0.2314865847,                 0,                 0,                 0,      0.0313200874,      0.0292412072,      0.2321797307,                 0,       6.749032962
          0,           0,         512,      -11.95893787,      -12.79007366,      -12.47043582,      -11.40950829,             0.448,     0.03429922271,      0.2314865847,                 0,                 0,                 0,     0.03132008741,      0.0292412072,      0.2321797307,                 0,       6.749032962
          0,           0,         513,       -11.9751576,      -12.80798229,      -12.48402022,      -11.42579513,             0.448,     0.03429922271,      0.2314865847,                 0,                 0,                 0,     0.03132008741,      0.0292412072,      0.2321797307,                 0,       6.749032962
          0,           0,         514,        -11.991307,       -12.8254277,      -12.49774592,      -11.44201844,             0.448,     0.03429922271,      0.2314865847,                 0,                 0,                 0,     0.03132008741,      0.0292412072,      0.2321797307,                 0,       6.749032962
          0,           0,         515,      -12.00736454,      -12.84233626,      -12.51166893,      -11.45815423,             0.448,     0.03429922271,      0.2314865847,                 0,                 0,                 0,     0.03132008742,      0.0292412072,      0.2321797307,                 0,       6.749032962
          0,           0,         516,      -12.02331109,      -12.85866742,      -12.52583757,      -11.47418041,             0.448,     0.03429922271,      0.2314865847,                 0,                 0,                 0,     0.03132008742,      0.0292412072,      0.2321797307,                 0,       6.749032962
          0,           0,         517,      -12.03913202,      -12.87436693,      -12.54029544,      -11.49007934,             0.448,     0.03429922271,      0.2314865847,                 0,                 0,                 0,     0.03132008742,      0.0292412072,      0.2321797308,                 0,       6.749032963
          0,           0,         518,      -12.05481657,      -12.88944554,       -12.5550725,      -11.50583741,             0.448,     0.03429922271,      0.2314865847,                 0,                 0,                 0,     0.03132008742,      0.0292412072,      0.2321797308,                 0,       6.749032963
          0,           0,         519,      -12.07035888,      -12.90392692,       -12.5701892,      -11.52144572,             0.448,     0.03429922271,      0.2314865847,                 0,                 0,                 0,     0.03132008743,      0.0292412072,      0.2321797308,                 0,       6.749032963
          0,           0,         520,       -12.0857583,      -12.91786095,       -12.5856588,      -11.53690087,             0.448,     0.03429922271,      0.2314865847,                 0,                 0,                 0,     0.03132008743,      0.0292412072,      0.2321797308,                 0,       6.749032963
          0,           0,         521,      -12.10101969,      -12.93129818,      -12.60148242,       -11.5522062,             0.448,     0.03429922271,      0.2314865847,                 0,                 0,                 0,     0.03132008743,      0.0292412072,      0.2321797308,                 0,       6.749032963
          0,           0,         522,      -12.11615196,      -12.94435519,      -12.61765146,      -11.56736837,             0.448,     0.03429922272,      0.2314865847,                 0,                 0,                 0,     0.03132008743,      0.0292412072,      0.2321797308,                 0,       6.749032963
          0,           0,         523,      -12.13116967,       -12.9571128,      -12.63414661,       -11.5824013,             0.448,     0.03429922272,      0.2314865847,                 0,                 0,                 0,     0.03132008744,      0.0292412072,      0.2321797308,                 0,       6.749032963
          0,           0,         524,       -12.1460912,      -12.96967517,       -12.6509403,      -11.59732249,             0.448,     0.03429922272,      0.2314865847,                 0,                 0,                 0,     0.03132008744,      0.0292412072,      0.2321797308,                 0,       6.749032963
          0,           0,         525,      -12.16093782,       -12.9821696,      -12.66799358,      -11.61215383,             0.448,     0.03429922272,      0.2314865847,                 0,                 0,                 0,     0.03132008744,      0.0292412072,      0.2321797308,                 0,       6.749032964
          0,           0,         526,      -12.17573463,       -12.9946777,      -12.68526026,      -11.62692076,             0.448,     0.03429922272,      0.2314865847,                 0,                 0,                 0,     0.03132008744,      0.0292412072,      0.2321797308,                 0,       6.749032964
          0,           0,         527,      -12.19050669,      -13.00731966,      -12.70268701,      -11.64165001,             0.448,     0.03429922272,      0.2314865847,                 0,                 0,                 0,     0.03132008744,      0.0292412072,      0.2321797308,                 0,       6.749032964
          0,           0,         528,      -12.20528021,      -13.02018691,      -12.72021135,       -11.6563692,             0.448,     0.03429922272,      0.2314865847,                 0,                 0,                 0,     0.03132008744,      0.0292412072,      0.2321797308,                 0,       6.749032964
          0,           0,         529,      -12.22008219,      -13.03334751,      -12.73776825,      -11.67110754,             0.448,     0.03429922272,      0.2314865847,                 0,                 0,                 0,     0.03132008744,      0.0292412072,      0.2321797308,                 0,       6.749032964
          0,           0,         530,      -12.23493701,      -13.04688927,       -12.7552865,      -11.68589165,             0.448,     0.03429922272,      0.2314865847,                 0,                 0,                 0,     0.03132008745,      0.0292412072,      0.2321797308,                 0,       6.749032964
          0,           0,         531,      -12.24986783,      -13.06086253,      -12.77269649,      -11.70074798,             0.448,     0.03429922272,      0.2314865847,                 0,                 0,                 0,     0.03132008745,      0.0292412072,      0.2321797308,                 0,       6.749032964
          0,           0,         532,      -12.26489401,      -13.07531231,       -12.7899318,      -11.71569752,             0.448,     0.03429922272,      0.2314865848,                 0,                 0,                 0,     0.03132008745,      0.0292412072,      0.2321797308,                 0,       6.749032964
          0,           0,         533,      -12.28003329,      -13.09026856,      -12.80692973,      -11.73076088,             0.448,     0.03429922272,      0.2314865848,                 0,                 0,                 0,     0.03132008745,      0.0292412072,      0.2321797308,                 0,       6.749032964
          0,           0,         534,       -12.2952983,      -13.10572449,      -12.82363237,      -11.74595345,             0.448,     0.03429922272,      0.2314865848,                 0,                 0,                 0,     0.03132008745,      0.0292412072,      0.2321797308,                 0,       6.749032964
          0,           0,         535,      -12.31069695,      -13.12171793,      -12.83999791,      -11.76128539,             0.448,     0.03429922272,      0.2314865848,                 0,                 0,                 0,     0.03132008745,      0.0292412072,      0.2321797308,                 0,       6.749032964
          0,           0,         536,      -12.32623436,      -13.13819496,      -12.85599432,      -11.77676409,             0.448,     0.03429922272,      0.2314865848,                 0,                 0,                 0,     0.03132008745,      0.0292412072,      0.2321797308,                 0,       6.749032964
          0,           0,         537,      -12.34190906,      -13.15515038,      -12.87160535,      -11.79238965,             0.448,     0.03429922272,      0.2314865848,                 0,                 0,                 0,     0.03132008745,      0.0292412072,      0.2321797308,                 0,       6.749032964
          0,           0,         538,      -12.35771687,      -13.17252576,      -12.88683069,      -11.80815983,             0.448,     0.03429922272,      0.2314865848,                 0,                 0,                 0,     0.03132008745,      0.0292412072,      0.2321797308,                 0,       6.749032964
          0,           0,         539,      -12.37364796,      -13.19027472,      -12.90168384,      -11.82406598,             0.448,     0.03429922272,      0.2314865848,                 0,                 0,                 0,     0.03132008744,      0.0292412072,      0.2321797308,                 0,       6.749032964
          0,           0,         540,      -12.38968815,      -13.20832659,      -12.91619257,      -11.84009553,             0.448,     0.03429922272,      0.2314865848,                 0,                 0,                 0,     0.03132008744,      0.0292412072,      0.2321797308,                 0,       6.749032964
          0,           0,         541,      -12.40582129,      -13.22660109,       -12.9303986,       -11.8562321,             0.448,     0.03429922272,      0.2314865848,                 0,                 0,                 0,     0.03132008744,      0.0292412072,      0.2321797308,                 0,       6.749032964
          0,           0,         542,      -12.42202571,      -13.24498399,      -12.94435436,      -11.87245392,             0.448,     0.03429922272,      0.2314865848,                 0,                 0,                 0,     0.03132008744,      0.0292412072,      0.2321797308,                 0,       6.749032964
          0,           0,         543,      -12.43827868,      -13.26340519,       -12.9581191,      -11.88873858,             0.448,     0.03429922272,      0.2314865847,                 0,                 0,                 0,     0.03132008744,      0.0292412072,      0.2321797308,                 0,       6.749032964
          0,           0,         544,       -12.4545539,      -13.28176181,      -12.97175309,      -11.90505865,             0.448,     0.03429922272,      0.2314865847,                 0,                 0,                 0,     0.03132008744,      0.0292412072,      0.2321797308,                 0,       6.749032964
          0,           0,         545,      -12.47082627,      -13.29993274,      -12.98532518,      -11.92138685,             0.448,     0.03429922272,      0.2314865847,                 0,                 0,                 0,     0.03132008744,      0.0292412072,      0.2321797308,                 0,       6.749032964
          0,           0,         546,      -12.48706889,       -13.3178275,      -12.99890013,      -11.93769562,             0.448,     0.03429922272,      0.2314865847,                 0,                 0,                 0,     0.03132008744,      0.0292412072,      0.2321797308,                 0,       6.749032964
          0,           0,         547,      -12.50325565,      -13.33536302,      -13.01253931,      -11.95395606,             0.448,     0.03429922272,      0.2314865847,                 0,                 0,                 0,     0.03132008744,      0.0292412072,      0.2321797308,                 0,       6.749032964
          0,           0,         548,      -12.51936348,      -13.35243138,      -13.02630767,      -11.97014197,             0.448,     0.03429922272,      0.2314865847,                 0,                 0,                 0,     0.03132008744,      0.0292412072,      0.2321797308,                 0,       6.749032964
          0,           0,         549,      -12.53537013,      -13.36900616,      -13.04025574,      -11.98622899,             0.448,     0.03429922272,      0.2314865847,                 0,                 0,                 0,     0.03132008744,      0.0292412072,      0.2321797308,                 0,       6.749032964
          0,           0,         550,       -12.5512586,      -13.38499723,      -13.05443265,       -12.0021969,             0.448,     0.03429922272,      0.2314865847,                 0,                 0,                 0,     0.03132008744,      0.0292412072,      0.2321797308,                 0,       6.749032963
          0,           0,         551,      -12.56701481,      -13.40044167,      -13.06887315,      -12.01802862,             0.448,     0.03429922272,      0.2314865847,                 0,                 0,                 0,     0.03132008743,      0.0292412072,      0.2321797308,                 0,       6.749032963
          0,           0,         552,       -12.5826291,      -13.41532487,      -13.08361233,      -12.03371007,             0.448,     0.03429922272,      0.2314865847,                 0,                 0,                 0,     0.03132008743,      0.0292412072,      0.2321797308,                 0,       6.749032963
          0,           0,         553,      -12.59809943,      -13.42961689,      -13.09867268,      -12.04923938,             0.448,     0.03429922272,      0.2314865847,                 0,                 0,                 0,     0.03132008743,      0.0292412072,      0.2321797308,                 0,       6.749032963
          0,           0,         554,      -12.61342569,      -13.44343705,      -13.11406502,      -12.06461136,             0.448,     0.03429922272,      0.2314865847,                 0,                 0,                 0,     0.03132008743,      0.0292412072,      0.2321797308,                 0,       6.749032963
          0,           0,         555,      -12.62861476,      -13.45683074,       -13.1297949,      -12.07983268,             0.448,     0.03429922272,      0.2314865847,                 0,                 0,                 0,     0.03132008743,      0.0292412072,      0.2321797308,                 0,       6.749032963
          0,           0,         556,      -12.64367982,       -13.4698822,      -13.14585041,       -12.0949152,             0.448,     0.03429922272,      0.2314865847,                 0,                 0,                 0,     0.03132008743,      0.0292412072,      0.2321797308,                 0,       6.749032963
          0,           0,         557,      -12.65863703,      -13.48267999,      -13.16222436,      -12.10987426,             0.448,     0.03429922272,      0.2314865847,                 0,                 0,                 0,     0.03132008743,      0.0292412072,      0.2321797308,                 0,       6.749032963
          0,           0,         558,      -12.67350658,      -13.49527695,      -13.17888709,      -12.12472959,             0.448,     0.03429922272,      0.2314865847,                 0,                 0,                 0,     0.03132008743,      0.0292412072,      0.2321797308,                 0,       6.749032963
          0,           0,         559,      -12.68831176,      -13.50786415,      -13.19580446,      -12.13950604,             0.448,     0.03429922272,      0.2314865847,                 0,                 0,                 0,     0.03132008743,      0.0292412072,      0.2321797308,                 0,       6.749032963
          0,           0,         560,      -12.70307773,      -13.52051742,      -13.21293367,      -12.15422918,             0.448,     0.03429922272,      0.2314865847,                 0,                 0,                 0,     0.03132008743,      0.0292412072,      0.2321797308,                 0,       6.749032963
          0,           0,         561,      -12.71783316,      -13.53327411,      -13.23022344,      -12.16893037,             0.448,     0.03429922272,      0.2314865847,                 0,                 0,                 0,     0.03132008743,      0.0292412072,      0.2321797308,                 0,       6.749032963
          0,           0,         562,      -12.73260365,      -13.54628244,       -13.2476197,      -12.18363595,             0.448,     0.03429922272,      0.2314865847,                 0,                 0,                 0,     0.03132008743,      0.0292412072,      0.2321797308,                 0,       6.749032963
          0,           0,         563,      -12.74741457,       -13.5596103,      -13.26505608,      -12.19837596,             0.448,     0.03429922272,      0.2314865847,                 0,                 0,                 0,     0.03132008743,      0.0292412072,      0.2321797308,                 0,       6.749032963
          0,           0,         564,      -12.76229323,      -13.57329008,      -13.28247266,      -12.21317861,             0.448,     0.03429922272,      0.2314865847,                 0,                 0,                 0,     0.03132008743,      0.0292412072,      0.2321797308,                 0,       6.749032963
          0,           0,         565,      -12.77726164,      -13.58740797,      -13.29979774,      -12.22806837,             0.448,     0.03429922272,      0.2314865847,                 0,                 0,                 0,     0.03132008743,      0.0292412072,      0.2321797308,                 0,       6.749032963
          0,           0,         566,      -12.79233738,      -13.60194945,      -13.31696444,      -12.24306521,             0.448,     0.03429922272,      0.2314865847,                 0,                 0,                 0,     0.03132008743,      0.0292412072,      0.2321797308,                 0,       6.749032963
          0,           0,         567,      -12.80753628,      -13.61698683,      -13.33391571,      -12.25818868,             0.448,     0.03429922272,      0.2314865847,                 0,                 0,                 0,     0.03132008743,      0.0292412072,      0.2321797308,                 0,       6.749032963
          0,           0,         568,      -12.82286769,      -13.63251158,      -13.35059723,      -12.27344957,             0.448,     0.03429922272,      0.2314865847,                 0,                 0,                 0,     0.03132008743,      0.0292412072,      0.2321797308,                 0,       6.749032963
          0,           0,         569,      -12.83834098,      -13.64857025,      -13.36696609,      -12.28886133,             0.448,     0.03429922272,      0.2314865847,                 0,                 0,                 0,     0.03132008743,      0.0292412072,      0.2321797308,                 0,       6.749032963
          0,           0,         570,      -12.85395866,      -13.66513022,      -13.38298655,      -12.30442658,             0.448,     0.03429922272,      0.2314865847,                 0,                 0,                 0,     0.03132008743,      0.0292412072,      0.2321797308,                 0,       6.749032963
          0,           0,         571,      -12.86971841,      -13.68209976,      -13.39864448,      -12.32014282,             0.448,     0.03429922272,      0.2314865847,                 0,                 0,                 0,     0.03132008743,      0.0292412072,      0.2321797308,                 0,       6.749032963
          0,           0,         572,      -12.88561018,      -13.69945696,      -13.41393273,      -12.33600781,             0.448,     0.03429922272,      0.2314865847,                 0,                 0,                 0,     0.03132008743,      0.0292412072,      0.2321797308,                 0,       6.749032963
          0,           0,         573,      -12.90162334,      -13.71717189,      -13.42886778,       -12.3520066,             0.448,     0.03429922272,      0.2314865847,                 0,                 0,                 0,     0.03132008743,      0.0292412072,      0.2321797308,                 0,       6.749032963
          0,           0,         574,      -12.91774472,      -13.73517557,      -13.44346945,       -12.3681268,             0.448,     0.03429922272,      0.2314865847,                 0,                 0,                 0,     0.03132008743,      0.0292412072,      0.2321797308,                 0,       6.749032963
          0,           0,         575,      -12.93395281,      -13.75335426,      -13.45778119,      -12.38434602,             0.448,     0.03429922272,      0.2314865847,                 0,                 0,                 0,     0.03132008743,      0.0292412072,      0.2321797308,                 0,       6.749032963
          0,           0,         576,      -12.95022751,      -13.77167562,      -13.47184133,      -12.40064894,             0.448,     0.03429922272,      0.2314865847,                 0,                 0,                 0,     0.03132008743,      0.0292412072,      0.2321797308,                 0,       6.749032963
          0,           0,         577,      -12.96654082,      -13.78997702,      -13.48572366,      -12.41700315,             0.448,     0.03429922272,      0.2314865847,                 0,                 0,                 0,     0.03132008743,      0.0292412072,      0.2321797308,                 0,       6.749032963
          0,           0,         578,      -12.98286919,      -13.80828339,      -13.49946564,      -12.43338355,             0.448,     0.03429922272,      0.2314865847,                 0,                 0,                 0,     0.03132008743,      0.0292412072,      0.2321797308,                 0,       6.749032963
          0,           0,         579,      -12.99918573,      -13.82634903,      -13.51314049,      -12.44976108,             0.448,     0.03429922272,      0.2314865847,                 0,                 0,                 0,     0.03132008743,      0.0292412072,      0.2321797308,                 0,       6.749032963
          0,           0,         580,      -13.01546438,      -13.84409719,      -13.52681238,      -12.46611152,             0.448,     0.03429922272,      0.2314865847,                 0,                 0,                 0,     0.03132008743,      0.0292412072,      0.2321797308,                 0,       6.749032963
