"Time_Iter","Outer_Iter","Inner_Iter",    "rms[Rho]"    ,    "rms[RhoU]"   ,    "rms[RhoV]"   ,    "rms[RhoE]"   ,     "rms[nu]"    
          0,           0,           0,      -4.315586879,      -16.33137604,      -16.24380326,      -2.864141602,       -10.6629693
          0,           0,           1,      -5.130506281,      -4.213068889,      -4.207140712,      -3.672600568,       -10.9046253
          0,           0,           2,      -5.082652247,      -4.294929382,      -4.574446498,       -3.62573743,      -11.00658845
          0,           0,           3,      -5.115672923,      -4.373015415,      -4.778358736,      -3.662490522,      -10.97711233
          0,           0,           4,      -5.216945894,      -4.431071234,      -4.748168248,      -3.770294084,      -10.98931816
          0,           0,           5,       -5.30350646,      -4.473806187,      -4.755692846,      -3.866219989,      -11.00200995
          0,           0,           6,       -5.34505173,      -4.510067394,       -4.78554099,      -3.914781768,      -11.00327819
          0,           0,           7,      -5.354986988,      -4.545054992,       -4.81440235,      -3.927097114,       -10.9944625
          0,           0,           8,      -5.351918984,      -4.581202065,      -4.837546965,      -3.923602576,      -10.96722891
          0,           0,           9,      -5.344241273,      -4.619774305,      -4.860454994,      -3.912917521,      -10.95366709
          0,           0,          10,      -5.336477118,       -4.65978136,      -4.889232108,      -3.900425776,      -10.95652421
          0,           0,          11,      -5.334391793,      -4.697091877,      -4.922215579,      -3.893693915,      -10.95258707
          0,           0,          12,      -5.342503559,      -4.724082745,      -4.942978479,      -3.900008975,      -10.93681617
          0,           0,          13,      -5.359996176,       -4.73531844,       -4.93227286,      -3.921018739,      -10.91379185
          0,           0,          14,      -5.379917348,      -4.735543716,      -4.898020367,      -3.948689522,      -10.89329906
          0,           0,          15,      -5.393428143,      -4.736681284,      -4.865900054,      -3.967538072,      -10.88071127
          0,           0,          16,      -5.397387528,      -4.747831644,      -4.851548093,      -3.967820574,      -10.87968247
          0,           0,          17,       -5.39697747,      -4.771266442,      -4.857799508,      -3.956147949,      -10.87912558
          0,           0,          18,      -5.400802355,      -4.802790043,      -4.880715776,      -3.947028847,      -10.87482112
          0,           0,          19,      -5.415358135,       -4.83345612,      -4.913279306,      -3.950952297,      -10.86725851
          0,           0,          20,      -5.442459917,      -4.854496719,      -4.947723997,      -3.971594116,      -10.85980099
          0,           0,          21,      -5.478751466,      -4.864364945,      -4.977849335,      -4.006793058,      -10.85376874
          0,           0,          22,      -5.516800569,      -4.869759671,      -5.000965979,      -4.049292626,       -10.8493228
          0,           0,          23,      -5.546524095,      -4.878617752,      -5.017590208,      -4.087484786,      -10.84533677
          0,           0,          24,      -5.561137204,      -4.894291862,      -5.029267293,      -4.110435198,      -10.84014929
          0,           0,          25,      -5.562769299,       -4.91422728,      -5.037009118,      -4.116320784,      -10.83361197
          0,           0,          26,       -5.56005699,       -4.93115644,       -5.04160184,      -4.113443869,      -10.82639165
          0,           0,          27,      -5.561331505,      -4.937516949,      -5.044903082,      -4.112103279,      -10.81972743
          0,           0,          28,      -5.570997005,      -4.932166939,      -5.049965993,      -4.118385429,      -10.81415888
          0,           0,          29,      -5.589711756,      -4.921746844,      -5.059697439,      -4.133634134,      -10.81084248
          0,           0,          30,      -5.615938364,      -4.914943786,      -5.075756053,      -4.156339873,      -10.80965391
          0,           0,          31,      -5.647232791,      -4.917481072,      -5.097989758,      -4.183986116,      -10.80889548
          0,           0,          32,      -5.681118557,      -4.931051881,      -5.124155941,      -4.214353424,      -10.80631735
          0,           0,          33,      -5.715418933,      -4.953782494,      -5.150146095,      -4.245984984,      -10.80079105
          0,           0,          34,      -5.747954098,      -4.980562655,      -5.171340268,      -4.277702502,      -10.79261691
          0,           0,          35,       -5.77634761,      -5.003871176,      -5.185108556,      -4.307963344,      -10.78260891
          0,           0,          36,      -5.798708068,      -5.016949182,      -5.192653206,      -4.334900464,      -10.77153286
          0,           0,          37,      -5.814822412,       -5.01854513,      -5.198104925,      -4.357035395,      -10.76009227
          0,           0,          38,      -5.826773796,      -5.013753317,      -5.205889638,      -4.374326751,      -10.74867926
          0,           0,          39,      -5.838068932,      -5.009556349,      -5.218732831,      -4.388605617,      -10.73736351
          0,           0,          40,      -5.852318371,       -5.01072685,        -5.2369463,      -4.403103835,      -10.72598076
          0,           0,          41,      -5.872597047,      -5.018925499,      -5.258728565,      -4.421601403,      -10.71436413
          0,           0,          42,       -5.90094648,      -5.033416455,      -5.281119477,      -4.447239549,      -10.70252461
          0,           0,          43,      -5.937735848,      -5.051976293,      -5.301343695,      -4.481413775,      -10.69049796
          0,           0,          44,      -5.980968606,      -5.071686393,      -5.318104537,      -4.522996688,      -10.67855741
          0,           0,          45,      -6.025708448,      -5.089733724,      -5.332055364,      -4.567812603,      -10.66676787
          0,           0,          46,      -6.064476932,      -5.104182037,      -5.345169266,      -4.608828853,      -10.65533245
          0,           0,          47,      -6.090258744,      -5.114505767,      -5.359608464,      -4.638550702,      -10.64425939
          0,           0,          48,      -6.101263058,      -5.121537553,      -5.376766938,      -4.653687745,      -10.63363102
          0,           0,          49,      -6.102174885,      -5.126782431,      -5.396744654,      -4.657600992,       -10.6235064
          0,           0,          50,      -6.100349121,      -5.131614061,      -5.418380651,      -4.657377451,      -10.61382496
          0,           0,          51,      -6.101950599,      -5.136867789,      -5.439832974,      -4.659551308,      -10.60467308
          0,           0,          52,      -6.110787156,      -5.142842989,      -5.459406928,      -4.668279765,      -10.59589113
          0,           0,          53,      -6.128770033,      -5.149477646,      -5.476256787,      -4.685544064,      -10.58762505
          0,           0,          54,      -6.156572599,      -5.156528574,      -5.490630228,      -4.711818777,      -10.57979619
          0,           0,          55,        -6.1939223,      -5.163696761,      -5.503566756,       -4.74643871,      -10.57228825
          0,           0,          56,      -6.239419569,      -5.170699697,      -5.516319775,      -4.787507481,      -10.56498246
          0,           0,          57,      -6.289904491,      -5.177301559,      -5.529898048,      -4.831460838,      -10.55770289
          0,           0,          58,      -6.339608492,       -5.18331513,       -5.54490946,      -4.872706579,      -10.55029413
          0,           0,          59,      -6.380073189,      -5.188581149,      -5.561600987,      -4.904291107,      -10.54264418
          0,           0,          60,      -6.402916114,      -5.192966098,      -5.579849794,      -4.920623354,      -10.53487964
          0,           0,          61,      -6.405785048,      -5.196402177,      -5.599040226,      -4.921279994,      -10.52706149
          0,           0,          62,      -6.395297232,      -5.198911108,      -5.618076448,      -4.911992615,      -10.51920627
          0,           0,          63,      -6.382110848,      -5.200589496,      -5.635674307,      -4.901061228,      -10.51146371
          0,           0,          64,      -6.374747019,      -5.201606594,      -5.650790277,      -4.895196509,      -10.50378546
          0,           0,          65,      -6.377855646,       -5.20220728,       -5.66298773,      -4.898141504,      -10.49612585
          0,           0,          66,      -6.393132937,      -5.202690168,      -5.672565519,      -4.911161709,      -10.48851187
          0,           0,          67,      -6.420302624,      -5.203360028,      -5.680410292,      -4.933686754,      -10.48094796
          0,           0,          68,      -6.457291694,      -5.204471572,      -5.687666489,      -4.963479608,        -10.473391
          0,           0,          69,      -6.499667806,      -5.206182673,      -5.695387347,      -4.996475267,      -10.46588902
          0,           0,          70,      -6.539999264,      -5.208528084,      -5.704306729,      -5.026903209,      -10.45844405
          0,           0,          71,       -6.56892521,      -5.211419203,      -5.714761208,      -5.048661341,       -10.4510226
          0,           0,          72,      -6.579731701,      -5.214672771,      -5.726662048,      -5.058101583,      -10.44363498
          0,           0,          73,      -6.573489242,      -5.218064763,      -5.739444937,      -5.056209359,      -10.43630773
          0,           0,          74,      -6.558213364,       -5.22139286,      -5.752152577,      -5.047906417,      -10.42905314
          0,           0,          75,      -6.543069695,      -5.224532845,      -5.763766368,       -5.03917616,      -10.42182069
          0,           0,          76,       -6.53440629,      -5.227468616,       -5.77359868,      -5.034639291,      -10.41463149
          0,           0,          77,      -6.535379797,      -5.230284206,       -5.78151816,      -5.036828974,      -10.40749669
          0,           0,          78,      -6.546890635,      -5.233125403,      -5.787932346,      -5.046464783,      -10.40041239
          0,           0,          79,      -6.568241996,      -5.236146478,       -5.79358285,       -5.06281393,      -10.39333585
          0,           0,          80,      -6.597209659,      -5.239461064,      -5.799273692,      -5.083840642,      -10.38627099
          0,           0,          81,      -6.629722364,       -5.24311202,      -5.805650652,      -5.106281969,      -10.37922304
          0,           0,          82,      -6.659795472,       -5.24706541,      -5.813108079,      -5.126058797,      -10.37219673
          0,           0,          83,      -6.680963936,      -5.251223499,       -5.82185777,      -5.139485348,       -10.3651874
          0,           0,          84,      -6.689514488,      -5.255450161,      -5.832072029,      -5.144936907,      -10.35816161
          0,           0,          85,      -6.686582394,      -5.259611321,      -5.843850595,      -5.143427593,      -10.35112521
          0,           0,          86,      -6.676901018,      -5.263618758,      -5.856998604,      -5.137718604,      -10.34410266
          0,           0,          87,      -6.666171905,      -5.267450812,      -5.870951844,      -5.131162824,      -10.33710884
          0,           0,          88,       -6.65911436,      -5.271149789,      -5.884948177,       -5.12676907,      -10.33015172
          0,           0,          89,      -6.658694565,      -5.274805483,      -5.898257846,        -5.1266019,      -10.32322006
          0,           0,          90,      -6.666199702,       -5.27853083,      -5.910362574,      -5.131607847,      -10.31628823
          0,           0,          91,      -6.681550286,      -5.282434605,      -5.921062887,      -5.141700948,      -10.30937541
          0,           0,          92,      -6.703473768,      -5.286597927,      -5.930492748,      -5.155902388,      -10.30248747
          0,           0,          93,      -6.729503901,       -5.29105986,      -5.939036893,      -5.172486788,      -10.29562365
          0,           0,          94,      -6.756054436,      -5.295814595,      -5.947192969,      -5.189237225,      -10.28879648
          0,           0,          95,      -6.779140241,      -5.300819735,      -5.955465949,      -5.204008628,      -10.28197421
          0,           0,          96,      -6.796121016,      -5.306011668,      -5.964363718,      -5.215607815,       -10.2751477
          0,           0,          97,      -6.807016898,      -5.311321808,      -5.974372486,      -5.224205452,      -10.26833046
          0,           0,          98,       -6.81365065,       -5.31668941,      -5.985727508,       -5.23069779,      -10.26152428
          0,           0,          99,      -6.818399124,      -5.322070832,      -5.998219709,      -5.236151743,      -10.25474165
          0,           0,         100,      -6.823810729,      -5.327444348,      -6.011295221,       -5.24177763,      -10.24799231
          0,           0,         101,      -6.832187437,      -5.332809179,      -6.024295792,      -5.248754618,       -10.2412634
          0,           0,         102,      -6.845078369,      -5.338179949,      -6.036669597,      -5.257889978,      -10.23455205
          0,           0,         103,      -6.863010348,      -5.343579044,      -6.048111047,      -5.269393504,      -10.22787489
          0,           0,         104,      -6.885407008,      -5.349028788,      -6.058616295,      -5.282830721,      -10.22123409
          0,           0,         105,      -6.910566583,      -5.354545263,      -6.068447643,      -5.297211881,      -10.21463881
          0,           0,         106,       -6.93574008,      -5.360134827,      -6.078030052,      -5.311193867,      -10.20809275
          0,           0,         107,      -6.957580325,       -5.36579358,      -6.087838457,      -5.323401888,      -10.20159264
          0,           0,         108,      -6.973272717,      -5.371509501,      -6.098339946,      -5.332856585,      -10.19511389
          0,           0,         109,      -6.981914628,      -5.377266539,      -6.109963921,      -5.339338109,      -10.18866064
          0,           0,         110,      -6.984798443,      -5.383048867,      -6.122966702,      -5.343392658,       -10.1822367
          0,           0,         111,      -6.984534676,        -5.3888433,      -6.137246338,      -5.346061552,      -10.17583964
          0,           0,         112,      -6.984155648,      -5.394640361,      -6.152335409,       -5.34861758,      -10.16946731
          0,           0,         113,      -6.986403968,      -5.400435673,      -6.167563137,      -5.352278826,      -10.16311819
          0,           0,         114,      -6.993207069,      -5.406231056,      -6.182249341,      -5.357919007,      -10.15678757
          0,           0,         115,      -7.005453915,      -5.412034046,      -6.195871045,      -5.365892737,      -10.15045725
          0,           0,         116,      -7.022958081,      -5.417855492,      -6.208175007,      -5.375996465,      -10.14413575
          0,           0,         117,      -7.044449984,      -5.423705745,      -6.219209666,      -5.387530658,      -10.13782314
          0,           0,         118,      -7.067580836,       -5.42959058,      -6.229269556,      -5.399441136,      -10.13153077
          0,           0,         119,      -7.089095677,      -5.435508104,      -6.238780072,      -5.410531087,      -10.12526177
          0,           0,         120,      -7.105515022,      -5.441447851,      -6.248191708,      -5.419744098,       -10.1190142
          0,           0,         121,      -7.114563049,      -5.447392595,       -6.25796216,      -5.426507562,      -10.11279589
          0,           0,         122,      -7.116385563,      -5.453321755,      -6.268546501,      -5.430932662,      -10.10660515
          0,           0,         123,      -7.113115091,      -5.459214595,      -6.280223389,      -5.433642837,      -10.10043168
          0,           0,         124,      -7.107693282,      -5.465053288,      -6.292941555,      -5.435518984,      -10.09428454
          0,           0,         125,      -7.103026914,      -5.470826169,      -6.306375597,      -5.437528645,      -10.08817448
          0,           0,         126,      -7.101416886,      -5.476530401,      -6.320078822,      -5.440532886,      -10.08210779
          0,           0,         127,      -7.104279162,      -5.482172864,      -6.333624076,      -5.445109426,      -10.07608532
          0,           0,         128,       -7.11212994,      -5.487768397,      -6.346709745,      -5.451463205,      -10.07010443
          0,           0,         129,      -7.124688682,      -5.493335627,      -6.359223609,      -5.459430931,      -10.06416577
          0,           0,         130,      -7.141001691,      -5.498891801,      -6.371256011,      -5.468555919,      -10.05826577
          0,           0,         131,      -7.159577354,      -5.504448193,      -6.383060784,      -5.478207509,      -10.05238399
          0,           0,         132,      -7.178582712,      -5.510007453,      -6.394976633,      -5.487722172,      -10.04652085
          0,           0,         133,      -7.196164121,      -5.515563296,      -6.407335872,      -5.496543431,      -10.04067658
          0,           0,         134,      -7.210894773,      -5.521102212,      -6.420390048,       -5.50433646,      -10.03485033
          0,           0,         135,      -7.222202116,      -5.526606473,      -6.434264842,      -5.511049535,      -10.02903921
          0,           0,         136,      -7.230512099,      -5.532057772,      -6.448931714,      -5.516896271,      -10.02323932
          0,           0,         137,      -7.236990212,      -5.537440925,       -6.46418767,      -5.522261469,      -10.01744898
          0,           0,         138,      -7.243062696,      -5.542746651,      -6.479667023,      -5.527574136,      -10.01166926
          0,           0,         139,      -7.249979553,      -5.547972662,      -6.494911059,      -5.533194016,      -10.00590223
          0,           0,         140,      -7.258532088,      -5.553122827,      -6.509483097,      -5.539333163,      -10.00013633
          0,           0,         141,      -7.268918174,      -5.558204953,      -6.523086114,      -5.546019089,      -9.994374841
          0,           0,         142,       -7.28072053,      -5.563227953,      -6.535638674,      -5.553100094,      -9.988628045
          0,           0,         143,      -7.292979414,      -5.568199113,      -6.547282168,       -5.56028756,       -9.98289982
          0,           0,         144,       -7.30437178,      -5.573122161,      -6.558324839,      -5.567225056,      -9.977199325
          0,           0,         145,      -7.313524351,      -5.577996564,      -6.569159763,      -5.573571582,      -9.971527411
          0,           0,         146,      -7.319434755,      -5.582818121,      -6.580196153,      -5.579083687,      -9.965901045
          0,           0,         147,      -7.321827255,      -5.587580367,      -6.591795564,      -5.583673869,       -9.96032445
          0,           0,         148,      -7.321228865,      -5.592276254,      -6.604180078,      -5.587425987,        -9.9548109
          0,           0,         149,      -7.318766713,      -5.596899885,      -6.617345676,      -5.590572046,      -9.949360098
          0,           0,         150,      -7.315839438,       -5.60144796,      -6.631045888,      -5.593441439,       -9.94397619
          0,           0,         151,       -7.31379126,       -5.60592059,      -6.644855281,      -5.596389959,      -9.938681543
          0,           0,         152,      -7.313675118,       -5.61032137,      -6.658282808,      -5.599725593,      -9.933487126
          0,           0,         153,      -7.316135752,      -5.614656704,      -6.670902131,      -5.603651814,      -9.928398695
          0,           0,         154,      -7.321389399,      -5.618934531,      -6.682464248,      -5.608240079,      -9.923417884
          0,           0,         155,      -7.329261098,      -5.623162738,      -6.692957971,      -5.613432494,      -9.918556596
          0,           0,         156,       -7.33925256,      -5.627347677,      -6.702598271,      -5.619068646,      -9.913829853
          0,           0,         157,      -7.350631007,      -5.631493123,      -6.711750423,       -5.62492749,      -9.909240207
          0,           0,         158,      -7.362540746,      -5.635599867,      -6.720822575,      -5.630774771,      -9.904782363
          0,           0,         159,      -7.374138414,      -5.639665945,      -6.730165869,      -5.636407355,      -9.900441068
          0,           0,         160,      -7.384738163,      -5.643687389,      -6.740007893,      -5.641686907,      -9.896205819
          0,           0,         161,      -7.393931418,      -5.647659303,      -6.750422768,      -5.646556955,      -9.892079955
          0,           0,         162,      -7.401638363,      -5.651577061,      -6.761326912,      -5.651040771,       -9.88806673
          0,           0,         163,      -7.408072114,      -5.655437392,      -6.772494934,      -5.655223009,      -9.884156686
          0,           0,         164,      -7.413632871,       -5.65923907,      -6.783602493,      -5.659221551,      -9.880328016
          0,           0,         165,      -7.418768079,      -5.662983045,       -6.79429822,      -5.663155532,       -9.87655921
          0,           0,         166,      -7.423835757,       -5.66667206,      -6.804287612,       -5.66711512,      -9.872840033
          0,           0,         167,      -7.429003888,      -5.670309929,      -6.813400849,      -5.671139599,      -9.869162164
          0,           0,         168,      -7.434208436,      -5.673900698,      -6.821622908,      -5.675209364,         -9.865519
          0,           0,         169,      -7.439178474,      -5.677447893,      -6.829081295,      -5.679253755,      -9.861885265
          0,           0,         170,      -7.443522839,      -5.680954031,      -6.836002425,      -5.683172207,      -9.858220697
          0,           0,         171,      -7.446858659,      -5.684420468,      -6.842654731,      -5.686863085,      -9.854503208
          0,           0,         172,      -7.448945325,      -5.687847596,      -6.849292294,        -5.6902527,      -9.850722582
          0,           0,         173,      -7.449777636,      -5.691235289,      -6.856104742,      -5.693316544,      -9.846862618
          0,           0,         174,      -7.449605093,       -5.69458344,       -6.86317866,      -5.696087182,      -9.842913065
          0,           0,         175,      -7.448877619,      -5.697892423,      -6.870481316,      -5.698647801,      -9.838859012
          0,           0,         176,      -7.448146242,      -5.701163418,      -6.877876444,      -5.701114638,      -9.834662958
          0,           0,         177,      -7.447954236,      -5.704398533,      -6.885170135,      -5.703613336,      -9.830306053
          0,           0,         178,      -7.448746013,      -5.707600726,      -6.892172585,      -5.706254874,      -9.825774791
          0,           0,         179,      -7.450807491,      -5.710773526,      -6.898755753,      -5.709116237,      -9.821074597
          0,           0,         180,      -7.454240824,      -5.713920604,      -6.904889878,      -5.712229581,       -9.81617432
          0,           0,         181,       -7.45896915,      -5.717045277,      -6.910649489,       -5.71558123,      -9.811046986
          0,           0,         182,       -7.46476508,      -5.720150065,      -6.916190361,       -5.71911957,      -9.805677548
          0,           0,         183,      -7.471296597,      -5.723236392,      -6.921707535,      -5.722769117,      -9.800063688
          0,           0,         184,      -7.478184045,      -5.726304499,      -6.927388465,      -5.726447173,      -9.794208141
          0,           0,         185,      -7.485060533,      -5.729353582,      -6.933373582,      -5.730079524,       -9.78811741
          0,           0,         186,       -7.49162596,        -5.7323821,      -6.939731208,      -5.733612213,      -9.781788205
          0,           0,         187,      -7.497684274,      -5.735388195,      -6.946448657,      -5.737017603,      -9.775202718
          0,           0,         188,       -7.50315628,      -5.738370118,      -6.953438114,      -5.740294243,       -9.76837286
          0,           0,         189,      -7.508066494,      -5.741326592,      -6.960555043,      -5.743461455,       -9.76130485
          0,           0,         190,      -7.512509657,       -5.74425703,      -6.967626543,      -5.746550469,      -9.754013356
          0,           0,         191,      -7.516607542,        -5.7471616,      -6.974485367,      -5.749594471,      -9.746506245
          0,           0,         192,      -7.520467726,      -5.750041145,      -6.981002851,      -5.752619736,       -9.73877336
          0,           0,         193,      -7.524154303,      -5.752896996,      -6.987112858,       -5.75563969,      -9.730837179
          0,           0,         194,      -7.527676351,      -5.755730746,      -6.992820878,      -5.758652975,      -9.722721249
          0,           0,         195,      -7.530995215,      -5.758544017,       -6.99819677,      -5.761645616,      -9.714447383
          0,           0,         196,      -7.534047969,      -5.761338293,      -7.003354334,      -5.764596613,      -9.706019205
          0,           0,         197,      -7.536777271,      -5.764114827,      -7.008423591,      -5.767484984,      -9.697459316
          0,           0,         198,      -7.539160244,      -5.766874631,      -7.013522769,      -5.770296541,       -9.68879247
          0,           0,         199,      -7.541227217,      -5.769618522,      -7.018735191,      -5.773028539,      -9.680038255
          0,           0,         200,       -7.54306465,      -5.772347202,      -7.024094789,      -5.775691021,      -9.671202742
          0,           0,         201,      -7.544802613,       -5.77506134,      -7.029582294,       -5.77830479,      -9.662310181
          0,           0,         202,      -7.546590978,      -5.777761622,      -7.035132033,      -5.780896747,      -9.653370078
          0,           0,         203,      -7.548571102,      -5.780448759,      -7.040647138,      -5.783493887,      -9.644389517
          0,           0,         204,      -7.550849342,      -5.783123467,      -7.046019377,      -5.786117391,      -9.635383552
          0,           0,         205,      -7.553478984,      -5.785786394,      -7.051148965,      -5.788778323,      -9.626373098
          0,           0,         206,      -7.556451683,      -5.788438022,      -7.055959204,      -5.791475494,      -9.617367205
          0,           0,         207,      -7.559700427,      -5.791078603,      -7.060403541,      -5.794196053,      -9.608382911
          0,           0,         208,      -7.563112647,      -5.793708085,      -7.064464517,      -5.796918445,       -9.59942192
          0,           0,         209,      -7.566550722,      -5.796326104,      -7.068145686,      -5.799617011,      -9.590496271
          0,           0,         210,      -7.569875829,      -5.798932024,      -7.071460094,       -5.80226713,      -9.581622989
          0,           0,         211,      -7.572971393,      -5.801525038,      -7.074419345,      -5.804850042,       -9.57280096
          0,           0,         212,      -7.575761301,      -5.804104286,      -7.077025713,      -5.807356209,      -9.564036668
          0,           0,         213,      -7.578219671,      -5.806668992,      -7.079269039,      -5.809786841,      -9.555320083
          0,           0,         214,      -7.580370591,      -5.809218589,      -7.081128997,      -5.812153354,      -9.546654419
          0,           0,         215,      -7.582278517,      -5.811752805,      -7.082582084,      -5.814474953,      -9.538054957
          0,           0,         216,      -7.584032546,      -5.814271711,      -7.083611292,       -5.81677514,      -9.529520372
          0,           0,         217,      -7.585728192,      -5.816775723,      -7.084215689,      -5.819077697,      -9.521047388
          0,           0,         218,      -7.587450882,      -5.819265559,      -7.084417039,      -5.821403111,      -9.512644401
          0,           0,         219,      -7.589264154,      -5.821742169,      -7.084261493,       -5.82376603,      -9.504320443
          0,           0,         220,      -7.591203939,      -5.824206639,       -7.08381584,      -5.826173979,      -9.496067978
          0,           0,         221,      -7.593278762,      -5.826660099,      -7.083159168,      -5.828627504,      -9.487894372
          0,           0,         222,      -7.595474717,       -5.82910364,      -7.082372432,      -5.831121328,      -9.479794069
          0,           0,         223,      -7.597763154,      -5.831538248,      -7.081528005,      -5.833646328,      -9.471766452
          0,           0,         224,      -7.600108744,      -5.833964748,      -7.080681668,      -5.836191425,      -9.463808156
          0,           0,         225,      -7.602476005,      -5.836383797,      -7.079867859,      -5.838745353,      -9.455905158
          0,           0,         226,      -7.604833427,      -5.838795864,      -7.079099214,      -5.841297631,      -9.448059242
          0,           0,         227,      -7.607154327,      -5.841201262,      -7.078369416,      -5.843839024,      -9.440293998
          0,           0,         228,      -7.609415897,      -5.843600165,      -7.077658901,      -5.846361425,      -9.432584511
          0,           0,         229,      -7.611596354,      -5.845992632,      -7.076941716,      -5.848857262,      -9.424942472
          0,           0,         230,      -7.613672326,      -5.848378625,      -7.076192362,      -5.851319054,      -9.417368948
          0,           0,         231,      -7.615617575,       -5.85075802,      -7.075391464,      -5.853739202,       -9.40985509
          0,           0,         232,      -7.617403448,      -5.853130619,      -7.074529493,      -5.856110026,      -9.402408584
          0,           0,         233,      -7.619001622,      -5.855496159,      -7.073608128,      -5.858424452,      -9.395021738
          0,           0,         234,       -7.62038858,      -5.857854332,      -7.072639713,       -5.86067696,      -9.387706298
          0,           0,         235,      -7.621550462,      -5.860204808,      -7.071645023,      -5.862864641,      -9.380454158
          0,           0,         236,      -7.622487935,      -5.862547255,      -7.070650449,      -5.864988318,      -9.373272164
          0,           0,         237,      -7.623218818,      -5.864881377,      -7.069684919,      -5.867053136,      -9.366141787
          0,           0,         238,      -7.623778814,      -5.867206955,      -7.068777537,      -5.869068823,      -9.359071236
          0,           0,         239,      -7.624219219,      -5.869523876,      -7.067956029,      -5.871049239,      -9.352082291
          0,           0,         240,      -7.624602317,      -5.871832167,      -7.067245996,      -5.873011225,      -9.345154707
          0,           0,         241,      -7.624995265,      -5.874131994,      -7.066671021,      -5.874973141,      -9.338288483
          0,           0,         242,      -7.625463153,      -5.876423652,      -7.066253154,      -5.876953043,      -9.331476727
          0,           0,         243,      -7.626062502,      -5.878707546,      -7.066013309,      -5.878966879,      -9.324726295
          0,           0,         244,      -7.626836625,      -5.880984145,      -7.065971748,      -5.881027256,      -9.318047441
          0,           0,         245,      -7.627812253,       -5.88325394,      -7.066147811,      -5.883142377,      -9.311430938
          0,           0,         246,      -7.628998759,      -5.885517387,      -7.066559386,      -5.885315758,      -9.304869321
          0,           0,         247,      -7.630389205,      -5.887774866,      -7.067221999,      -5.887546358,      -9.298360827
          0,           0,         248,       -7.63196266,      -5.890026657,      -7.068147629,      -5.889829129,      -9.291913973
          0,           0,         249,      -7.633687749,      -5.892272893,      -7.069344048,      -5.892155947,      -9.285528845
          0,           0,         250,      -7.635526352,      -5.894513574,      -7.070814094,      -5.894516481,      -9.279212096
          0,           0,         251,      -7.637437216,      -5.896748574,      -7.072555634,      -5.896899272,      -9.272936524
          0,           0,         252,      -7.639379028,      -5.898977627,      -7.074562259,      -5.899292505,      -9.266718958
          0,           0,         253,      -7.641312839,      -5.901200381,      -7.076824121,      -5.901684745,      -9.260558239
          0,           0,         254,      -7.643203765,      -5.903416404,       -7.07932929,      -5.904065388,      -9.254453918
          0,           0,         255,      -7.645022293,      -5.905625208,      -7.082065257,      -5.906425124,      -9.248404258
          0,           0,         256,      -7.646744861,      -5.907826299,      -7.085020101,      -5.908756118,      -9.242415891
          0,           0,         257,      -7.648354367,      -5.910019167,      -7.088183694,      -5.911052192,      -9.236479123
          0,           0,         258,      -7.649840668,      -5.912203313,      -7.091548357,      -5.913309056,      -9.230598445
          0,           0,         259,       -7.65120073,       -5.91437828,      -7.095108845,      -5.915524388,      -9.224760763
          0,           0,         260,      -7.652438642,      -5.916543631,      -7.098862307,      -5.917697855,       -9.21897921
          0,           0,         261,      -7.653565551,      -5.918698975,      -7.102807671,      -5.919831231,      -9.213256333
          0,           0,         262,       -7.65459894,      -5.920843982,      -7.106944735,      -5.921928223,      -9.207573691
          0,           0,         263,      -7.655561566,      -5.922978364,      -7.111273459,      -5.923994185,      -9.201949166
          0,           0,         264,      -7.656479935,      -5.925101879,      -7.115793346,      -5.926035823,      -9.196375325
          0,           0,         265,      -7.657382601,      -5.927214347,      -7.120502773,      -5.928060721,       -9.19084672
          0,           0,         266,      -7.658297829,      -5.929315646,      -7.125398637,      -5.930076723,      -9.185368569
          0,           0,         267,      -7.659251521,      -5.931405677,      -7.130476519,      -5.932091265,      -9.179945233
          0,           0,         268,      -7.660265285,      -5.933484356,      -7.135730859,      -5.934110852,      -9.174559938
          0,           0,         269,      -7.661355072,      -5.935551634,      -7.141154728,       -5.93614062,      -9.169222305
          0,           0,         270,      -7.662530087,       -5.93760746,      -7.146740444,      -5.938183892,      -9.163928012
          0,           0,         271,      -7.663792566,      -5.939651758,      -7.152479698,      -5.940242031,      -9.158679468
          0,           0,         272,      -7.665138283,      -5.941684437,      -7.158363558,      -5.942314569,      -9.153477988
          0,           0,         273,      -7.666557142,      -5.943705372,      -7.164382328,      -5.944399261,      -9.148320647
          0,           0,         274,      -7.668034671,      -5.945714416,      -7.170525522,      -5.946492497,      -9.143203828
          0,           0,         275,      -7.669553205,      -5.947711373,      -7.176781984,      -5.948589523,       -9.13812417
          0,           0,         276,      -7.671093663,       -5.94969601,      -7.183139492,      -5.950685041,      -9.133091971
          0,           0,         277,      -7.672636897,      -5.951668082,      -7.189584914,      -5.952773541,      -9.128093338
          0,           0,         278,      -7.674164914,      -5.953627332,      -7.196104151,      -5.954849704,       -9.12313274
          0,           0,         279,      -7.675661637,        -5.9555735,      -7.202682905,       -5.95690851,      -9.118212432
          0,           0,         280,      -7.677113733,      -5.957506308,      -7.209306498,      -5.958945703,      -9.113329774
          0,           0,         281,       -7.67851087,      -5.959425507,      -7.215960515,      -5.960957742,       -9.10849196
          0,           0,         282,      -7.679845978,      -5.961330869,      -7.222631048,      -5.962942058,      -9.103689264
          0,           0,         283,      -7.681114719,      -5.963222208,      -7.229305507,      -5.964896727,      -9.098931999
          0,           0,         284,      -7.682315692,      -5.965099336,       -7.23597248,      -5.966820804,      -9.094212477
          0,           0,         285,      -7.683450294,      -5.966962095,      -7.242621899,      -5.968714156,      -9.089535057
          0,           0,         286,      -7.684522169,      -5.968810342,      -7.249244988,      -5.970577418,      -9.084898761
          0,           0,         287,      -7.685536796,      -5.970643989,      -7.255834396,      -5.972411824,      -9.080302211
          0,           0,         288,      -7.686501187,      -5.972462945,      -7.262383826,      -5.974219186,      -9.075750351
          0,           0,         289,      -7.687423566,       -5.97426714,       -7.26888784,      -5.976001817,      -9.071237845
          0,           0,         290,      -7.688312763,       -5.97605649,      -7.275341686,      -5.977762303,      -9.066766786
          0,           0,         291,      -7.689177534,      -5.977830932,      -7.281741123,      -5.979503343,      -9.062336519
          0,           0,         292,      -7.690026074,      -5.979590429,       -7.28808255,       -5.98122755,      -9.057946659
          0,           0,         293,       -7.69086585,      -5.981334946,      -7.294362899,      -5.982937469,      -9.053599271
          0,           0,         294,      -7.691702856,       -5.98306444,       -7.30057976,      -5.984635219,      -9.049294373
          0,           0,         295,      -7.692541346,      -5.984778818,      -7.306731363,      -5.986322406,      -9.045034249
          0,           0,         296,      -7.693383925,      -5.986478019,      -7.312816763,      -5.988000167,      -9.040818631
          0,           0,         297,       -7.69423156,      -5.988161999,      -7.318835888,      -5.989669174,       -9.03664497
          0,           0,         298,      -7.695083464,      -5.989830707,      -7.324789373,      -5.991329488,      -9.032515637
          0,           0,         299,      -7.695937517,      -5.991484056,      -7.330678384,      -5.992980698,      -9.028429037
          0,           0,         300,      -7.696790685,      -5.993121926,      -7.336504377,      -5.994622044,       -9.02439215
          0,           0,         301,      -7.697639467,      -5.994744226,      -7.342268981,      -5.996252549,      -9.020406527
          0,           0,         302,      -7.698479841,      -5.996350857,      -7.347973531,         -5.997871,      -9.016474621
          0,           0,         303,      -7.699307792,      -5.997941764,      -7.353618904,      -5.999476098,      -9.012599324
          0,           0,         304,       -7.70011971,      -5.999516876,       -7.35920521,      -6.001066654,      -9.008781627
          0,           0,         305,      -7.700912561,      -6.001076111,      -7.364731652,      -6.002641584,      -9.005025834
          0,           0,         306,      -7.701683747,      -6.002619398,      -7.370196514,      -6.004199839,      -9.001331629
          0,           0,         307,      -7.702431382,      -6.004146655,         -7.375597,      -6.005740608,       -8.99770127
          0,           0,         308,      -7.703154191,      -6.005657872,      -7.380929418,      -6.007263257,       -8.99413726
          0,           0,         309,       -7.70385158,      -6.007153052,      -7.386189317,      -6.008767421,      -8.990641746
          0,           0,         310,       -7.70452353,      -6.008632199,      -7.391371391,      -6.010252911,      -8.987215024
          0,           0,         311,      -7.705170543,      -6.010095312,      -7.396469557,      -6.011719695,      -8.983858728
          0,           0,         312,      -7.705793543,      -6.011542387,      -7.401477296,      -6.013167895,      -8.980577124
          0,           0,         313,      -7.706394042,      -6.012973455,      -7.406387743,      -6.014597904,      -8.977371408
          0,           0,         314,      -7.706973743,      -6.014388594,       -7.41119364,      -6.016010202,      -8.974243792
          0,           0,         315,      -7.707534514,      -6.015787883,      -7.415887335,      -6.017405395,      -8.971194267
          0,           0,         316,      -7.708078515,      -6.017171429,       -7.42046098,      -6.018784204,      -8.968227041
          0,           0,         317,      -7.708608102,       -6.01853933,      -7.424906661,      -6.020147481,      -8.965342991
          0,           0,         318,      -7.709125453,      -6.019891698,       -7.42921665,      -6.021496007,       -8.96254273
          0,           0,         319,      -7.709632633,      -6.021228651,      -7.433383349,      -6.022830535,      -8.959823438
          0,           0,         320,      -7.710131474,      -6.022550328,      -7.437399502,      -6.024151788,       -8.95719251
          0,           0,         321,        -7.7106235,      -6.023856917,      -7.441258537,      -6.025460436,      -8.954653295
          0,           0,         322,      -7.711109897,      -6.025148641,      -7.444954546,      -6.026757043,      -8.952205257
          0,           0,         323,      -7.711591429,      -6.026425689,      -7.448482077,      -6.028042045,       -8.94984965
          0,           0,         324,       -7.71206849,      -6.027688281,      -7.451836548,      -6.029315702,       -8.94758824
          0,           0,         325,      -7.712541117,      -6.028936627,      -7.455014208,      -6.030578153,      -8.945420463
          0,           0,         326,      -7.713008996,       -6.03017096,      -7.458012444,      -6.031829425,      -8.943343811
          0,           0,         327,      -7.713471589,      -6.031391541,      -7.460829335,      -6.033069443,      -8.941361939
          0,           0,         328,      -7.713928041,      -6.032598651,      -7.463463769,      -6.034298045,      -8.939474067
          0,           0,         329,      -7.714377412,      -6.033792577,      -7.465915603,      -6.035515049,       -8.93768076
          0,           0,         330,      -7.714818878,      -6.034973607,      -7.468185373,      -6.036720277,        -8.9359815
          0,           0,         331,      -7.715251596,      -6.036142049,      -7.470274704,      -6.037913541,      -8.934375056
          0,           0,         332,      -7.715674812,      -6.037298178,      -7.472186087,      -6.039094675,      -8.932857963
          0,           0,         333,      -7.716087869,      -6.038442309,       -7.47392319,      -6.040263527,      -8.931432085
          0,           0,         334,      -7.716490252,      -6.039574746,      -7.475490772,      -6.041420024,      -8.930097456
          0,           0,         335,      -7.716881651,       -6.04069584,      -7.476895065,      -6.042564219,      -8.928852155
          0,           0,         336,      -7.717262006,      -6.041805952,      -7.478143286,      -6.043696256,      -8.927691903
          0,           0,         337,      -7.717631458,      -6.042905419,      -7.479243517,      -6.044816356,      -8.926617641
          0,           0,         338,      -7.717990345,      -6.043994593,      -7.480204884,       -6.04592481,      -8.925627212
          0,           0,         339,      -7.718339347,      -6.045073811,      -7.481037283,      -6.047022045,      -8.924713464
          0,           0,         340,      -7.718679274,      -6.046143438,      -7.481751632,      -6.048108542,      -8.923879109
          0,           0,         341,      -7.719011069,      -6.047203815,      -7.482359283,       -6.04918485,      -8.923119381
          0,           0,         342,      -7.719335765,      -6.048255319,      -7.482872049,      -6.050251561,      -8.922431963
          0,           0,         343,      -7.719654523,       -6.04929833,      -7.483301855,      -6.051309347,      -8.921820505
          0,           0,         344,      -7.719968552,       -6.05033321,      -7.483660519,      -6.052358898,      -8.921282531
          0,           0,         345,      -7.720279104,      -6.051360342,        -7.4839597,      -6.053400915,       -8.92081591
          0,           0,         346,      -7.720587392,      -6.052380097,      -7.484210561,      -6.054436058,      -8.920418225
          0,           0,         347,       -7.72089449,      -6.053392835,      -7.484423764,      -6.055464954,      -8.920085571
          0,           0,         348,      -7.721201395,       -6.05439891,       -7.48460945,      -6.056488188,      -8.919814694
          0,           0,         349,      -7.721508931,      -6.055398669,      -7.484777217,      -6.057506247,      -8.919602597
          0,           0,         350,      -7.721817674,      -6.056392483,      -7.484936292,      -6.058519549,      -8.919447067
          0,           0,         351,      -7.722128097,      -6.057380689,      -7.485095318,      -6.059528468,      -8.919347331
          0,           0,         352,      -7.722440652,      -6.058363641,      -7.485262038,      -6.060533345,      -8.919300886
          0,           0,         353,      -7.722755593,      -6.059341668,      -7.485443402,      -6.061534427,       -8.91930454
          0,           0,         354,      -7.723073049,       -6.06031508,      -7.485645723,      -6.062531895,      -8.919352694
          0,           0,         355,      -7.723393155,      -6.061284183,      -7.485874793,      -6.063525914,      -8.919446196
          0,           0,         356,      -7.723715993,      -6.062249279,      -7.486135915,      -6.064516597,      -8.919582163
          0,           0,         357,      -7.724041596,      -6.063210654,      -7.486433947,      -6.065504038,      -8.919758302
          0,           0,         358,      -7.724369958,      -6.064168591,       -7.48677362,      -6.066488327,      -8.919967011
          0,           0,         359,      -7.724701173,       -6.06512336,      -7.487159367,      -6.067469566,      -8.920208147
          0,           0,         360,      -7.725035421,      -6.066075234,       -7.48759526,      -6.068447881,      -8.920482449
          0,           0,         361,      -7.725372906,      -6.067024458,      -7.488085086,      -6.069423388,      -8.920783562
          0,           0,         362,      -7.725713962,      -6.067971276,      -7.488632424,      -6.070396247,      -8.921109903
          0,           0,         363,       -7.72605905,      -6.068915931,      -7.489240629,      -6.071366651,      -8.921460843
          0,           0,         364,      -7.726408568,      -6.069858638,      -7.489912846,      -6.072334761,      -8.921836553
          0,           0,         365,      -7.726763077,      -6.070799612,      -7.490652139,       -6.07330081,      -8.922233796
          0,           0,         366,      -7.727123164,      -6.071739057,      -7.491461573,      -6.074265033,        -8.9226511
          0,           0,         367,      -7.727489412,      -6.072677177,      -7.492344291,      -6.075227661,      -8.923085654
          0,           0,         368,      -7.727862456,      -6.073614179,      -7.493303311,      -6.076188935,      -8.923534092
          0,           0,         369,      -7.728242926,      -6.074550233,      -7.494341418,      -6.077149072,      -8.923998572
          0,           0,         370,      -7.728631553,      -6.075485519,      -7.495461224,      -6.078108343,      -8.924473276
          0,           0,         371,      -7.729029067,      -6.076420203,      -7.496665064,      -6.079067007,      -8.924959191
          0,           0,         372,      -7.729436093,      -6.077354432,       -7.49795507,      -6.080025275,      -8.925457648
          0,           0,         373,      -7.729853296,      -6.078288354,      -7.499333208,      -6.080983372,       -8.92596188
          0,           0,         374,      -7.730281273,      -6.079222108,      -7.500801289,       -6.08194147,       -8.92647697
          0,           0,         375,       -7.73072048,      -6.080155823,      -7.502360998,      -6.082899697,      -8.927003397
          0,           0,         376,      -7.731171322,      -6.081089626,      -7.504014038,      -6.083858173,      -8.927540466
          0,           0,         377,      -7.731634109,      -6.082023631,      -7.505762117,      -6.084816963,      -8.928088086
          0,           0,         378,      -7.732109207,      -6.082957932,      -7.507606599,      -6.085776132,      -8.928641174
          0,           0,         379,      -7.732596894,      -6.083892632,      -7.509548792,      -6.086735733,      -8.929204124
          0,           0,         380,       -7.73309737,      -6.084827804,      -7.511589718,      -6.087695761,      -8.929776808
          0,           0,         381,      -7.733610815,       -6.08576352,      -7.513730336,       -6.08865621,       -8.93035889
          0,           0,         382,      -7.734137466,      -6.086699858,      -7.515971257,      -6.089617089,      -8.930949227
          0,           0,         383,      -7.734677385,      -6.087636869,      -7.518312887,      -6.090578332,      -8.931542771
          0,           0,         384,      -7.735230652,      -6.088574596,       -7.52075549,      -6.091539887,      -8.932143197
          0,           0,         385,      -7.735797335,      -6.089513079,      -7.523299296,      -6.092501705,      -8.932742521
          0,           0,         386,      -7.736377493,      -6.090452355,      -7.525944569,      -6.093463733,      -8.933350235
          0,           0,         387,      -7.736971177,      -6.091392441,      -7.528691135,       -6.09442588,      -8.933966399
          0,           0,         388,      -7.737578485,      -6.092333354,      -7.531538558,      -6.095388091,      -8.934591138
          0,           0,         389,      -7.738199459,      -6.093275094,      -7.534486091,      -6.096350287,      -8.935224862
          0,           0,         390,      -7.738834219,      -6.094217654,      -7.537532572,      -6.097312416,      -8.935867963
          0,           0,         391,      -7.739482921,      -6.095161033,      -7.540676344,      -6.098274447,      -8.936516071
          0,           0,         392,      -7.740145628,      -6.096105206,      -7.543915234,      -6.099236296,      -8.937173891
          0,           0,         393,       -7.74082239,      -6.097050141,      -7.547246602,      -6.100197881,      -8.937841759
          0,           0,         394,      -7.741513308,       -6.09799581,      -7.550667249,      -6.101159143,      -8.938513723
          0,           0,         395,      -7.742218376,       -6.09894218,      -7.554173503,      -6.102119975,      -8.939192217
          0,           0,         396,      -7.742937552,      -6.099889207,      -7.557761152,      -6.103080266,      -8.939870559
          0,           0,         397,      -7.743670888,       -6.10083684,      -7.561424992,      -6.104039942,      -8.940556916
          0,           0,         398,      -7.744418385,      -6.101785033,      -7.565159232,      -6.104998921,      -8.941247294
          0,           0,         399,      -7.745179984,      -6.102733722,      -7.568956718,      -6.105957085,      -8.941948143
          0,           0,         400,      -7.745955657,      -6.103682842,      -7.572808997,      -6.106914335,      -8.942661319
          0,           0,         401,      -7.746745293,      -6.104632317,      -7.576707228,      -6.107870532,      -8.943387747
          0,           0,         402,      -7.747548636,      -6.105582061,      -7.580640863,      -6.108825498,      -8.944127117
          0,           0,         403,       -7.74836554,      -6.106532003,      -7.584598115,      -6.109779118,      -8.944877636
          0,           0,         404,      -7.749195768,      -6.107482066,      -7.588565797,      -6.110731232,       -8.94564176
          0,           0,         405,      -7.750038978,      -6.108432168,      -7.592529669,      -6.111681657,      -8.946419831
          0,           0,         406,      -7.750894824,      -6.109382226,      -7.596474168,      -6.112630227,      -8.947207605
          0,           0,         407,       -7.75176296,      -6.110332156,      -7.600381967,       -6.11357678,      -8.948008277
          0,           0,         408,      -7.752642984,      -6.111281873,      -7.604234449,      -6.114521143,      -8.948823603
          0,           0,         409,      -7.753534497,      -6.112231287,      -7.608011472,      -6.115463149,      -8.949653219
          0,           0,         410,      -7.754437065,      -6.113180322,      -7.611691249,      -6.116402639,      -8.950488265
          0,           0,         411,      -7.755350197,      -6.114128903,       -7.61525031,      -6.117339437,      -8.951337298
          0,           0,         412,       -7.75627334,      -6.115076944,      -7.618664233,      -6.118273351,      -8.952201969
          0,           0,         413,      -7.757206007,      -6.116024368,      -7.621907371,      -6.119204234,      -8.953082477
          0,           0,         414,      -7.758147735,      -6.116971121,       -7.62495308,      -6.120131974,      -8.953979174
          0,           0,         415,       -7.75909791,      -6.117917137,      -7.627774106,      -6.121056412,      -8.954891939
          0,           0,         416,      -7.760055978,      -6.118862354,      -7.630342601,      -6.121977425,      -8.955821323
          0,           0,         417,      -7.761021439,      -6.119806732,      -7.632630999,      -6.122894928,      -8.956763634
          0,           0,         418,      -7.761993659,      -6.120750223,      -7.634612039,       -6.12380878,      -8.957722227
          0,           0,         419,      -7.762972104,      -6.121692798,      -7.636259155,      -6.124718903,      -8.958698466
          0,           0,         420,      -7.763956189,      -6.122634431,      -7.637547068,      -6.125625213,      -8.959692502
          0,           0,         421,      -7.764945369,      -6.123575106,      -7.638452174,      -6.126527668,       -8.96070495
          0,           0,         422,      -7.765939089,      -6.124514821,      -7.638952769,      -6.127426242,      -8.961735583
          0,           0,         423,      -7.766936726,      -6.125453571,      -7.639030103,      -6.128320871,      -8.962785374
          0,           0,         424,       -7.76793775,      -6.126391378,      -7.638668476,      -6.129211567,      -8.963853611
          0,           0,         425,      -7.768941568,      -6.127328273,      -7.637855608,      -6.130098329,      -8.964935461
          0,           0,         426,      -7.769947525,      -6.128264286,      -7.636583092,      -6.130981147,      -8.966037507
          0,           0,         427,      -7.770955032,      -6.129199465,      -7.634846664,      -6.131860064,      -8.967159781
          0,           0,         428,      -7.771963572,       -6.13013388,      -7.632646188,      -6.132735172,      -8.968302412
          0,           0,         429,      -7.772972541,      -6.131067612,      -7.629985429,      -6.133606541,      -8.969465112
          0,           0,         430,      -7.773981294,      -6.132000744,      -7.626872382,      -6.134474219,      -8.970646275
          0,           0,         431,       -7.77498927,      -6.132933373,       -7.62331899,      -6.135338327,      -8.971839264
          0,           0,         432,      -7.775995959,      -6.133865614,      -7.619340756,      -6.136199029,       -8.97305377
          0,           0,         433,      -7.777000741,      -6.134797581,      -7.614956324,      -6.137056444,      -8.974290491
          0,           0,         434,      -7.778003135,      -6.135729414,      -7.610187269,      -6.137910787,      -8.975550085
          0,           0,         435,      -7.779002533,      -6.136661252,      -7.605057403,      -6.138762205,      -8.976833279
          0,           0,         436,      -7.779998442,      -6.137593251,      -7.599592459,       -6.13961093,      -8.978140347
          0,           0,         437,      -7.780990332,      -6.138525582,      -7.593819468,      -6.140457183,      -8.979471664
          0,           0,         438,      -7.781977622,      -6.139458415,      -7.587766435,      -6.141301173,      -8.980827618
          0,           0,         439,      -7.782959839,      -6.140391931,      -7.581461974,      -6.142143163,      -8.982208051
          0,           0,         440,      -7.783936614,       -6.14132633,      -7.574934715,      -6.142983484,      -8.983613162
          0,           0,         441,      -7.784907488,      -6.142261816,      -7.568213049,      -6.143822421,      -8.985043788
          0,           0,         442,      -7.785872017,      -6.143198595,      -7.561324785,      -6.144660275,      -8.986493644
          0,           0,         443,      -7.786829812,      -6.144136874,      -7.554296897,      -6.145497373,      -8.987968247
          0,           0,         444,      -7.787780589,      -6.145076879,      -7.547155227,      -6.146334089,      -8.989468098
          0,           0,         445,      -7.788723982,      -6.146018829,      -7.539924367,       -6.14717075,        -8.9909927
          0,           0,         446,      -7.789659668,      -6.146962943,      -7.532627608,      -6.148007704,      -8.992542573
          0,           0,         447,      -7.790587458,      -6.147909456,      -7.525286818,      -6.148845363,      -8.994117732
          0,           0,         448,      -7.791507047,      -6.148858596,      -7.517922364,      -6.149684066,      -8.995718234
          0,           0,         449,      -7.792418214,      -6.149810589,      -7.510553145,      -6.150524193,      -8.997343067
          0,           0,         450,      -7.793320817,       -6.15076567,      -7.503196643,      -6.151366161,      -8.998993633
          0,           0,         451,      -7.794214619,      -6.151724059,      -7.495868946,       -6.15221031,      -9.000668161
          0,           0,         452,      -7.795099547,       -6.15268598,      -7.488584787,      -6.153057064,      -9.002367203
          0,           0,         453,      -7.795975546,      -6.153651659,       -7.48135748,      -6.153906839,      -9.004090212
          0,           0,         454,      -7.796842588,      -6.154621315,      -7.474199107,      -6.154760045,      -9.005837408
          0,           0,         455,      -7.797700612,      -6.155595164,      -7.467120568,      -6.155617056,        -9.0076093
          0,           0,         456,       -7.79854962,      -6.156573412,      -7.460131728,      -6.156478262,      -9.009405429
          0,           0,         457,      -7.799389681,      -6.157556258,      -7.453241382,       -6.15734407,      -9.011225491
          0,           0,         458,      -7.800220838,      -6.158543882,      -7.446457343,      -6.158214849,      -9.013069079
          0,           0,         459,      -7.801043204,      -6.159536471,      -7.439786579,      -6.159090985,      -9.014936334
          0,           0,         460,      -7.801856863,      -6.160534196,      -7.433235219,      -6.159972829,      -9.016826864
          0,           0,         461,      -7.802662001,      -6.161537224,      -7.426808605,       -6.16086077,      -9.018741025
          0,           0,         462,       -7.80345876,       -6.16254571,      -7.420511413,      -6.161755143,      -9.020677883
          0,           0,         463,      -7.804247284,      -6.163559785,      -7.414347758,      -6.162656264,      -9.022636508
          0,           0,         464,       -7.80502785,      -6.164579584,      -7.408321181,      -6.163564502,      -9.024617165
          0,           0,         465,      -7.805800644,       -6.16560522,      -7.402434734,      -6.164480141,       -9.02661928
          0,           0,         466,      -7.806565954,        -6.1666368,      -7.396690944,      -6.165403496,      -9.028642484
          0,           0,         467,      -7.807324063,      -6.167674414,      -7.391091914,       -6.16633486,      -9.030686402
          0,           0,         468,      -7.808075287,      -6.168718145,      -7.385639409,      -6.167274517,      -9.032748661
          0,           0,         469,      -7.808819907,      -6.169768057,      -7.380334861,      -6.168222708,       -9.03482708
          0,           0,         470,      -7.809558251,      -6.170824201,      -7.375179397,      -6.169179678,      -9.036924636
          0,           0,         471,      -7.810290684,      -6.171886621,      -7.370173884,      -6.170145662,      -9.039038127
          0,           0,         472,      -7.811017514,      -6.172955341,      -7.365318939,      -6.171120838,      -9.041169779
          0,           0,         473,      -7.811739093,      -6.174030375,      -7.360614953,      -6.172105394,      -9.043317565
          0,           0,         474,      -7.812455786,      -6.175111721,      -7.356062142,      -6.173099499,      -9.045481131
          0,           0,         475,      -7.813167968,      -6.176199365,      -7.351660522,      -6.174103307,      -9.047659857
          0,           0,         476,      -7.813876016,       -6.17729328,      -7.347409966,       -6.17511695,      -9.049854441
          0,           0,         477,      -7.814580327,      -6.178393427,      -7.343310205,      -6.176140557,      -9.052059788
          0,           0,         478,      -7.815281264,      -6.179499755,      -7.339360834,       -6.17717422,      -9.054280245
          0,           0,         479,      -7.815979177,        -6.1806122,      -7.335561326,      -6.178218003,      -9.056511703
          0,           0,         480,      -7.816674472,      -6.181730694,       -7.33191105,      -6.179271991,      -9.058754751
          0,           0,         481,      -7.817367499,      -6.182855155,      -7.328409279,      -6.180336218,      -9.061004163
          0,           0,         482,      -7.818058595,      -6.183985487,      -7.325055233,      -6.181410695,      -9.063263562
          0,           0,         483,       -7.81874819,      -6.185121573,      -7.321848093,      -6.182495457,      -9.065532703
          0,           0,         484,      -7.819436613,      -6.186263304,      -7.318786803,      -6.183590483,      -9.067810677
          0,           0,         485,      -7.820124197,      -6.187410561,      -7.315870363,      -6.184695769,      -9.070096005
          0,           0,         486,      -7.820811312,      -6.188563232,      -7.313097731,      -6.185811328,      -9.072388659
          0,           0,         487,      -7.821498351,      -6.189721193,      -7.310467779,      -6.186937151,      -9.074687314
          0,           0,         488,       -7.82218558,      -6.190884298,      -7.307979345,      -6.188073144,      -9.076989172
          0,           0,         489,      -7.822873264,      -6.192052411,      -7.305631223,      -6.189219223,      -9.079294741
          0,           0,         490,      -7.823561717,      -6.193225391,      -7.303422157,      -6.190375331,       -9.08160356
          0,           0,         491,       -7.82425125,      -6.194403091,      -7.301350847,      -6.191541389,      -9.083913271
          0,           0,         492,      -7.824942128,       -6.19558537,      -7.299415953,       -6.19271729,       -9.08622258
          0,           0,         493,      -7.825634617,       -6.19677208,      -7.297616108,      -6.193902934,      -9.088529599
          0,           0,         494,      -7.826328952,      -6.197963075,      -7.295949911,      -6.195098203,      -9.090835843
          0,           0,         495,      -7.827025386,      -6.199158215,      -7.294415943,      -6.196302985,      -9.093139882
          0,           0,         496,      -7.827724129,      -6.200357358,      -7.293012748,      -6.197517139,       -9.09544008
          0,           0,         497,      -7.828425377,      -6.201560368,      -7.291738854,      -6.198740526,      -9.097736714
          0,           0,         498,      -7.829129344,      -6.202767114,      -7.290592748,      -6.199973015,      -9.100029297
          0,           0,         499,      -7.829836181,       -6.20397747,      -7.289572889,       -6.20121444,      -9.102315753
          0,           0,         500,      -7.830546052,      -6.205191314,      -7.288677726,      -6.202464652,      -9.104592756
          0,           0,         501,      -7.831259164,      -6.206408535,      -7.287905683,      -6.203723535,      -9.106862294
          0,           0,         502,      -7.831975675,      -6.207629025,      -7.287255172,      -6.204990942,       -9.10912343
          0,           0,         503,      -7.832695728,      -6.208852688,      -7.286724586,      -6.206266723,      -9.111375961
          0,           0,         504,      -7.833419465,       -6.21007944,      -7.286312292,      -6.207550736,      -9.113618297
          0,           0,         505,      -7.834147077,      -6.211309209,      -7.286016611,      -6.208842881,      -9.115849814
          0,           0,         506,      -7.834878609,       -6.21254193,       -7.28583586,      -6.210142968,       -9.11807072
          0,           0,         507,       -7.83561413,      -6.213777546,      -7.285768369,       -6.21145084,      -9.120277988
          0,           0,         508,      -7.836353794,       -6.21501602,      -7.285812435,      -6.212766402,      -9.122468148
          0,           0,         509,      -7.837097719,      -6.216257327,      -7.285966314,      -6.214089538,      -9.124642587
          0,           0,         510,      -7.837845995,      -6.217501454,      -7.286228243,      -6.215420122,      -9.126803506
          0,           0,         511,      -7.838598683,      -6.218748402,      -7.286596455,      -6.216758027,      -9.128945073
          0,           0,         512,      -7.839355894,       -6.21999819,      -7.287069155,      -6.218103167,      -9.131070169
          0,           0,         513,        -7.8401177,      -6.221250849,      -7.287644536,      -6.219455438,      -9.133172751
          0,           0,         514,      -7.840884193,      -6.222506427,      -7.288320774,      -6.220814766,      -9.135252697
          0,           0,         515,      -7.841655446,      -6.223764986,      -7.289096017,      -6.222181074,       -9.13731379
          0,           0,         516,      -7.842431563,      -6.225026606,      -7.289968395,      -6.223554314,      -9.139355162
          0,           0,         517,      -7.843212628,      -6.226291379,      -7.290936025,      -6.224934437,      -9.141377657
          0,           0,         518,      -7.843998737,      -6.227559415,       -7.29199701,      -6.226321415,      -9.143379276
          0,           0,         519,      -7.844789988,       -6.22883084,      -7.293149432,      -6.227715228,      -9.145360348
          0,           0,         520,      -7.845586465,      -6.230105793,      -7.294391362,       -6.22911586,      -9.147321282
          0,           0,         521,      -7.846388267,      -6.231384429,      -7.295720846,      -6.230523314,      -9.149261434
          0,           0,         522,        -7.8471955,      -6.232666923,       -7.29713591,      -6.231937607,      -9.151178505
          0,           0,         523,      -7.848008251,       -6.23395346,      -7.298634567,      -6.233358757,      -9.153073936
          0,           0,         524,       -7.84882664,      -6.235244239,      -7.300214829,      -6.234786807,      -9.154947217
          0,           0,         525,      -7.849650804,      -6.236539476,      -7.301874692,      -6.236221831,      -9.156793372
          0,           0,         526,       -7.85048084,        -6.2378394,      -7.303612137,      -6.237663873,      -9.158611562
          0,           0,         527,      -7.851316833,      -6.239144248,      -7.305425169,      -6.239112994,      -9.160403628
          0,           0,         528,      -7.852158925,       -6.24045427,      -7.307311781,       -6.24056929,      -9.162170343
          0,           0,         529,      -7.853007293,      -6.241769732,      -7.309269929,      -6.242032888,      -9.163906656
          0,           0,         530,      -7.853862068,      -6.243090911,      -7.311297556,      -6.243503891,      -9.165610839
          0,           0,         531,      -7.854723366,      -6.244418088,       -7.31339262,      -6.244982405,      -9.167286706
          0,           0,         532,      -7.855591348,      -6.245751556,      -7.315553086,      -6.246468567,      -9.168934791
          0,           0,         533,      -7.856466196,       -6.24709162,       -7.31777691,      -6.247962537,      -9.170555424
          0,           0,         534,      -7.857348087,      -6.248438587,      -7.320062047,      -6.249464471,      -9.172147235
          0,           0,         535,      -7.858237202,      -6.249792773,      -7.322406457,       -6.25097454,      -9.173711598
          0,           0,         536,      -7.859133746,      -6.251154502,      -7.324808104,      -6.252492928,       -9.17524825
          0,           0,         537,      -7.860037934,      -6.252524103,      -7.327264961,      -6.254019835,      -9.176757233
          0,           0,         538,      -7.860949948,      -6.253901904,      -7.329775024,      -6.255555448,      -9.178238038
          0,           0,         539,      -7.861869993,      -6.255288237,      -7.332336278,      -6.257099967,      -9.179688582
          0,           0,         540,      -7.862798285,      -6.256683438,      -7.334946725,      -6.258653598,      -9.181109545
          0,           0,         541,      -7.863735049,      -6.258087844,      -7.337604377,      -6.260216556,      -9.182502088
          0,           0,         542,      -7.864680499,      -6.259501791,      -7.340307264,      -6.261789053,      -9.183866202
          0,           0,         543,      -7.865634874,      -6.260925616,      -7.343053432,      -6.263371315,      -9.185200761
          0,           0,         544,      -7.866598398,      -6.262359653,      -7.345840948,       -6.26496356,      -9.186506302
          0,           0,         545,        -7.8675713,      -6.263804234,      -7.348667894,       -6.26656601,      -9.187783125
          0,           0,         546,      -7.868553819,      -6.265259695,      -7.351532359,       -6.26817889,      -9.189031133
          0,           0,         547,      -7.869546195,      -6.266726354,      -7.354432507,      -6.269802437,      -9.190250146
          0,           0,         548,       -7.87054867,      -6.268204527,      -7.357366505,      -6.271436879,      -9.191431034
          0,           0,         549,      -7.871561492,      -6.269694525,      -7.360332548,      -6.273082446,       -9.19257516
          0,           0,         550,      -7.872584926,      -6.271196652,      -7.363328861,      -6.274739371,      -9.193685005
          0,           0,         551,      -7.873619232,      -6.272711206,      -7.366353695,      -6.276407884,      -9.194763538
          0,           0,         552,      -7.874664662,      -6.274238477,      -7.369405331,      -6.278088205,      -9.195812465
          0,           0,         553,      -7.875721437,      -6.275778745,      -7.372482087,      -6.279780537,      -9.196827878
          0,           0,         554,      -7.876789789,       -6.27733228,      -7.375582321,      -6.281485084,      -9.197800907
          0,           0,         555,      -7.877869967,      -6.278899352,      -7.378704417,      -6.283202057,      -9.198744489
          0,           0,         556,      -7.878962221,      -6.280480202,      -7.381846862,      -6.284931677,      -9.199659893
          0,           0,         557,      -7.880066785,      -6.282075071,        -7.3850081,      -6.286674129,      -9.200540581
          0,           0,         558,      -7.881183873,      -6.283684186,      -7.388186662,      -6.288429585,      -9.201391835
          0,           0,         559,      -7.882313718,      -6.285307764,      -7.391381081,      -6.290198228,      -9.202211117
          0,           0,         560,       -7.88345656,      -6.286946007,      -7.394589949,      -6.291980239,      -9.203004454
          0,           0,         561,      -7.884612624,      -6.288599107,      -7.397811905,      -6.293775789,      -9.203770783
          0,           0,         562,      -7.885782122,      -6.290267243,      -7.401045632,      -6.295585035,      -9.204511638
          0,           0,         563,      -7.886965253,      -6.291950587,      -7.404289847,       -6.29740812,      -9.205225805
          0,           0,         564,      -7.888162213,      -6.293649289,      -7.407543341,        -6.2992452,      -9.205914638
          0,           0,         565,      -7.889373196,      -6.295363487,      -7.410804919,       -6.30109641,      -9.206579023
          0,           0,         566,      -7.890598374,      -6.297093307,      -7.414073428,      -6.302961862,      -9.207216755
          0,           0,         567,      -7.891837919,      -6.298838863,       -7.41734777,      -6.304841668,      -9.207828205
          0,           0,         568,      -7.893091986,      -6.300600255,      -7.420626893,      -6.306735927,       -9.20839947
          0,           0,         569,      -7.894360719,      -6.302377569,      -7.423909785,      -6.308644725,      -9.208925556
          0,           0,         570,      -7.895644257,      -6.304170877,      -7.427195481,      -6.310568147,       -9.20942547
          0,           0,         571,      -7.896942723,      -6.305980252,      -7.430483077,      -6.312506258,      -9.209897893
          0,           0,         572,      -7.898256236,      -6.307805733,      -7.433771707,      -6.314459143,      -9.210341964
          0,           0,         573,       -7.89958489,      -6.309647357,      -7.437060528,      -6.316426843,      -9.210752949
          0,           0,         574,      -7.900928782,      -6.311505149,      -7.440348755,      -6.318409398,      -9.211134795
          0,           0,         575,      -7.902287997,      -6.313379124,      -7.443635657,      -6.320406848,      -9.211491671
          0,           0,         576,      -7.903662597,      -6.315269286,      -7.446920543,      -6.322419222,      -9.211824376
          0,           0,         577,      -7.905052615,      -6.317175629,      -7.450202768,      -6.324446529,       -9.21213568
          0,           0,         578,      -7.906458071,      -6.319098141,       -7.45348176,      -6.326488772,      -9.212423098
          0,           0,         579,      -7.907878986,       -6.32103679,      -7.456756969,      -6.328545968,      -9.212686373
          0,           0,         580,       -7.90931537,      -6.322991534,      -7.460027884,      -6.330618117,      -9.212924425
          0,           0,         581,      -7.910767211,      -6.324962325,      -7.463294053,      -6.332705198,      -9.213137128
          0,           0,         582,      -7.912234475,      -6.326949106,      -7.466555084,      -6.334807182,      -9.213315509
          0,           0,         583,      -7.913717113,      -6.328951814,      -7.469810653,       -6.33692403,      -9.213469629
          0,           0,         584,      -7.915215071,      -6.330970376,      -7.473060447,      -6.339055718,      -9.213601413
          0,           0,         585,      -7.916728277,      -6.333004725,       -7.47630428,      -6.341202214,      -9.213710648
          0,           0,         586,      -7.918256655,      -6.335054762,       -7.47954194,      -6.343363496,      -9.213798047
          0,           0,         587,      -7.919800101,      -6.337120391,      -7.482773292,      -6.345539515,      -9.213862452
          0,           0,         588,      -7.921358486,      -6.339201508,      -7.485998284,      -6.347730203,      -9.213900366
          0,           0,         589,      -7.922931666,      -6.341298004,      -7.489216929,      -6.349935493,      -9.213900224
          0,           0,         590,      -7.924519477,       -6.34340976,      -7.492429297,      -6.352155316,      -9.213879582
          0,           0,         591,      -7.926121745,      -6.345536659,      -7.495635555,      -6.354389602,      -9.213840252
          0,           0,         592,       -7.92773827,       -6.34767857,      -7.498835908,      -6.356638275,      -9.213779077
          0,           0,         593,      -7.929368837,       -6.34983535,      -7.502030572,      -6.358901246,      -9.213696321
          0,           0,         594,      -7.931013205,      -6.352006857,      -7.505219878,      -6.361178413,      -9.213594767
          0,           0,         595,      -7.932671122,      -6.354192944,      -7.508404236,      -6.363469674,      -9.213470977
          0,           0,         596,       -7.93434232,      -6.356393459,      -7.511584131,      -6.365774928,      -9.213319372
          0,           0,         597,      -7.936026506,       -6.35860825,       -7.51476017,      -6.368094062,      -9.213156758
          0,           0,         598,      -7.937723372,      -6.360837154,      -7.517932997,      -6.370426969,      -9.212986064
          0,           0,         599,      -7.939432605,      -6.363079989,      -7.521103254,      -6.372773537,      -9.212808337
          0,           0,         600,      -7.941153871,      -6.365336574,      -7.524271721,      -6.375133639,      -9.212626232
          0,           0,         601,      -7.942886813,       -6.36760672,      -7.527439253,      -6.377507136,      -9.212434232
          0,           0,         602,      -7.944631042,      -6.369890228,      -7.530606797,      -6.379893874,      -9.212224709
          0,           0,         603,      -7.946386162,      -6.372186905,      -7.533775466,      -6.382293705,      -9.212015067
          0,           0,         604,      -7.948151765,      -6.374496527,      -7.536946228,      -6.384706477,      -9.211805259
          0,           0,         605,      -7.949927437,      -6.376818867,      -7.540120196,      -6.387132024,      -9.211595772
          0,           0,         606,      -7.951712733,       -6.37915369,      -7.543298593,      -6.389570166,      -9.211385774
          0,           0,         607,      -7.953507189,      -6.381500754,      -7.546482717,      -6.392020712,      -9.211173834
          0,           0,         608,      -7.955310329,      -6.383859815,       -7.54967398,      -6.394483466,       -9.21095024
          0,           0,         609,      -7.957121665,      -6.386230611,      -7.552873777,      -6.396958228,      -9.210725323
          0,           0,         610,      -7.958940696,      -6.388612868,      -7.556083557,      -6.399444776,      -9.210499424
          0,           0,         611,      -7.960766902,       -6.39100631,       -7.55930488,      -6.401942873,      -9.210266895
          0,           0,         612,      -7.962599742,       -6.39341065,      -7.562539359,      -6.404452269,      -9.210032995
          0,           0,         613,      -7.964438672,      -6.395825599,       -7.56578871,      -6.406972714,      -9.209799006
          0,           0,         614,      -7.966283136,      -6.398250847,      -7.569054589,      -6.409503945,      -9.209564754
          0,           0,         615,      -7.968132564,      -6.400686074,      -7.572338735,      -6.412045674,      -9.209331453
          0,           0,         616,      -7.969986378,      -6.403130953,      -7.575642955,      -6.414597603,      -9.209097365
          0,           0,         617,      -7.971843998,      -6.405585147,      -7.578969092,       -6.41715943,      -9.208864046
          0,           0,         618,      -7.973704848,      -6.408048314,      -7.582319056,      -6.419730851,      -9.208632702
          0,           0,         619,      -7.975568338,      -6.410520084,      -7.585694664,      -6.422311543,      -9.208403845
          0,           0,         620,      -7.977433873,      -6.413000082,      -7.589097826,      -6.424901155,       -9.20817788
          0,           0,         621,      -7.979300851,      -6.415487925,       -7.59253047,      -6.427499328,      -9.207954788
          0,           0,         622,      -7.981168666,      -6.417983223,      -7.595994586,      -6.430105692,      -9.207734706
          0,           0,         623,      -7.983036701,       -6.42048556,      -7.599492035,      -6.432719854,      -9.207518212
          0,           0,         624,      -7.984904337,      -6.422994513,      -7.603024757,        -6.4353414,      -9.207305716
          0,           0,         625,      -7.986770952,       -6.42550965,      -7.606594687,        -6.4379699,      -9.207097237
          0,           0,         626,      -7.988635941,      -6.428030528,      -7.610203789,      -6.440604923,      -9.206886266
          0,           0,         627,      -7.990498682,      -6.430556685,      -7.613853876,      -6.443246012,      -9.206674163
          0,           0,         628,      -7.992358555,      -6.433087649,       -7.61754682,       -6.44589268,      -9.206466855
          0,           0,         629,      -7.994214949,      -6.435622939,      -7.621284468,      -6.448544435,       -9.20626438
          0,           0,         630,       -7.99606727,      -6.438162061,      -7.625068608,      -6.451200784,      -9.206067399
          0,           0,         631,      -7.997914935,      -6.440704506,       -7.62890093,      -6.453861218,      -9.205875272
          0,           0,         632,      -7.999757379,      -6.443249754,      -7.632783146,      -6.456525216,      -9.205690286
          0,           0,         633,      -8.001594035,      -6.445797279,      -7.636716854,      -6.459192247,      -9.205512454
          0,           0,         634,      -8.003424345,      -6.448346535,      -7.640703522,      -6.461861754,      -9.205342009
          0,           0,         635,      -8.005247753,       -6.45089697,      -7.644744606,      -6.464533155,      -9.205179263
          0,           0,         636,       -8.00706371,      -6.453448019,      -7.648841501,      -6.467205865,      -9.205024611
          0,           0,         637,      -8.008871682,      -6.455999106,      -7.652995438,      -6.469879279,      -9.204877552
          0,           0,         638,      -8.010671141,      -6.458549648,      -7.657207588,      -6.472552777,      -9.204734159
          0,           0,         639,      -8.012461578,      -6.461099051,      -7.661479012,       -6.47522573,      -9.204597559
          0,           0,         640,      -8.014242497,      -6.463646713,      -7.665810628,      -6.477897497,      -9.204468801
          0,           0,         641,      -8.016013412,      -6.466192026,      -7.670203264,      -6.480567421,      -9.204348097
          0,           0,         642,      -8.017773854,      -6.468734378,      -7.674657582,      -6.483234839,      -9.204235448
          0,           0,         643,      -8.019523368,       -6.47127315,      -7.679174134,      -6.485899079,      -9.204130283
          0,           0,         644,       -8.02126152,      -6.473807722,       -7.68375331,      -6.488559463,      -9.204034101
          0,           0,         645,      -8.022987893,      -6.476337469,      -7.688395358,      -6.491215311,      -9.203944615
          0,           0,         646,      -8.024702088,      -6.478861763,      -7.693100354,      -6.493865933,      -9.203864054
          0,           0,         647,      -8.026403726,      -6.481379978,      -7.697868216,      -6.496510644,      -9.203792036
          0,           0,         648,      -8.028092459,      -6.483891486,      -7.702698685,       -6.49914876,      -9.203728483
          0,           0,         649,      -8.029767957,      -6.486395662,      -7.707591325,      -6.501779597,      -9.203673581
          0,           0,         650,      -8.031429904,      -6.488891882,      -7.712545511,      -6.504402473,      -9.203627109
          0,           0,         651,      -8.033078003,      -6.491379526,      -7.717560453,      -6.507016699,      -9.203588659
          0,           0,         652,      -8.034711974,      -6.493857979,      -7.722635119,      -6.509621598,      -9.203559311
          0,           0,         653,      -8.036331561,      -6.496326638,      -7.727768077,       -6.51221651,      -9.203538333
          0,           0,         654,      -8.037936537,      -6.498784901,      -7.732957903,      -6.514800746,      -9.203526296
          0,           0,         655,       -8.03952668,      -6.501232178,      -7.738202955,      -6.517373639,      -9.203523474
          0,           0,         656,      -8.041101794,       -6.50366789,      -7.743501357,      -6.519934544,      -9.203530044
          0,           0,         657,      -8.042661703,      -6.506091466,      -7.748850987,      -6.522482826,      -9.203545327
          0,           0,         658,      -8.044206257,       -6.50850235,      -7.754249483,      -6.525017867,      -9.203569026
          0,           0,         659,       -8.04573533,      -6.510900001,      -7.759694238,      -6.527539065,      -9.203602171
          0,           0,         660,      -8.047248816,      -6.513283892,      -7.765182405,      -6.530045836,      -9.203644734
          0,           0,         661,      -8.048746635,      -6.515653514,      -7.770710899,      -6.532537619,       -9.20369667
          0,           0,         662,      -8.050228717,      -6.518008373,      -7.776276391,      -6.535013861,      -9.203757921
          0,           0,         663,      -8.051695013,      -6.520347998,      -7.781875313,      -6.537474031,      -9.203828696
          0,           0,         664,      -8.053145486,      -6.522671936,      -7.787503856,      -6.539917617,      -9.203909286
          0,           0,         665,      -8.054580123,      -6.524979752,      -7.793157974,      -6.542344132,      -9.203998846
          0,           0,         666,      -8.055998935,      -6.527271035,      -7.798833393,       -6.54475312,      -9.204097676
          0,           0,         667,      -8.057401953,      -6.529545398,      -7.804525621,      -6.547144151,      -9.204205892
          0,           0,         668,      -8.058789224,      -6.531802473,       -7.81022994,      -6.549516821,      -9.204323383
          0,           0,         669,      -8.060160812,       -6.53404192,      -7.815941427,       -6.55187075,      -9.204449654
          0,           0,         670,      -8.061516799,      -6.536263418,      -7.821654962,      -6.554205583,       -9.20458531
          0,           0,         671,      -8.062857285,      -6.538466676,      -7.827365241,      -6.556520999,       -9.20473006
          0,           0,         672,      -8.064182393,      -6.540651425,      -7.833066796,      -6.558816707,      -9.204882282
          0,           0,         673,       -8.06549225,      -6.542817423,      -7.838754003,      -6.561092436,      -9.205037412
          0,           0,         674,      -8.066786996,      -6.544964453,      -7.844421109,      -6.563347943,      -9.205201372
          0,           0,         675,      -8.068066794,      -6.547092322,      -7.850062273,      -6.565583023,      -9.205373856
          0,           0,         676,      -8.069331827,      -6.549200864,      -7.855671565,      -6.567797502,      -9.205555443
          0,           0,         677,      -8.070582285,      -6.551289938,       -7.86124299,      -6.569991231,      -9.205746202
          0,           0,         678,      -8.071818368,      -6.553359427,      -7.866770517,      -6.572164087,      -9.205946273
          0,           0,         679,      -8.073040296,      -6.555409243,      -7.872248114,      -6.574315979,      -9.206155429
          0,           0,         680,      -8.074248299,       -6.55743932,      -7.877669781,      -6.576446845,      -9.206374142
          0,           0,         681,      -8.075442615,      -6.559449616,      -7.883029572,      -6.578556649,      -9.206601299
          0,           0,         682,      -8.076623506,      -6.561440114,      -7.888321628,      -6.580645392,      -9.206837005
          0,           0,         683,      -8.077791249,      -6.563410816,      -7.893540233,      -6.582713101,      -9.207081415
          0,           0,         684,      -8.078946132,       -6.56536175,       -7.89867983,      -6.584759833,      -9.207334905
          0,           0,         685,       -8.08008845,      -6.567292965,       -7.90373508,      -6.586785662,      -9.207595607
          0,           0,         686,      -8.081218505,      -6.569204527,      -7.908700809,      -6.588790687,      -9.207863951
          0,           0,         687,      -8.082336618,      -6.571096526,      -7.913572131,      -6.590775038,      -9.208139875
          0,           0,         688,      -8.083443116,      -6.572969071,      -7.918344441,      -6.592738861,      -9.208423402
          0,           0,         689,      -8.084538325,      -6.574822286,       -7.92301344,      -6.594682319,       -9.20871331
          0,           0,         690,       -8.08562258,      -6.576656315,      -7.927575171,      -6.596605592,      -9.209009334
          0,           0,         691,      -8.086696221,      -6.578471316,       -7.93202604,      -6.598508873,      -9.209312367
          0,           0,         692,      -8.087759594,      -6.580267464,      -7.936362817,      -6.600392375,      -9.209621924
          0,           0,         693,      -8.088813052,      -6.582044949,      -7.940582667,      -6.602256328,      -9.209937936
          0,           0,         694,      -8.089856952,      -6.583803974,      -7.944683148,      -6.604100973,       -9.21026012
          0,           0,         695,      -8.090891659,      -6.585544755,      -7.948662222,      -6.605926568,       -9.21058859
          0,           0,         696,      -8.091917533,      -6.587267521,      -7.952518265,      -6.607733372,      -9.210920692
          0,           0,         697,      -8.092934933,      -6.588972512,      -7.956250059,      -6.609521657,      -9.211258902
          0,           0,         698,      -8.093944226,      -6.590659975,       -7.95985679,      -6.611291702,      -9.211602696
          0,           0,         699,      -8.094945784,      -6.592330167,      -7.963338031,      -6.613043801,      -9.211951754
          0,           0,         700,      -8.095939989,      -6.593983356,      -7.966693736,      -6.614778261,      -9.212305856
          0,           0,         701,      -8.096927225,      -6.595619814,      -7.969924223,      -6.616495398,      -9.212664755
          0,           0,         702,      -8.097907875,      -6.597239822,      -7.973030154,       -6.61819553,      -9.213028279
          0,           0,         703,      -8.098882324,      -6.598843667,      -7.976012515,      -6.619878983,      -9.213396102
          0,           0,         704,      -8.099850953,       -6.60043164,      -7.978872582,      -6.621546084,       -9.21376767
          0,           0,         705,      -8.100814147,      -6.602004037,      -7.981611902,      -6.623197171,       -9.21414319
          0,           0,         706,      -8.101772298,      -6.603561159,      -7.984232272,      -6.624832586,      -9.214521963
          0,           0,         707,      -8.102725782,       -6.60510331,      -7.986735703,      -6.626452665,      -9.214904171
          0,           0,         708,       -8.10367498,      -6.606630798,      -7.989124407,      -6.628057744,      -9.215289535
          0,           0,         709,      -8.104620257,      -6.608143935,      -7.991400752,      -6.629648152,      -9.215677718
          0,           0,         710,      -8.105561977,      -6.609643034,      -7.993567245,      -6.631224219,      -9.216068332
          0,           0,         711,      -8.106500503,      -6.611128407,      -7.995626504,      -6.632786277,      -9.216461229
          0,           0,         712,      -8.107436192,      -6.612600372,      -7.997581238,      -6.634334657,      -9.216856387
          0,           0,         713,      -8.108369404,      -6.614059245,      -7.999434226,      -6.635869699,       -9.21725276
          0,           0,         714,      -8.109300491,      -6.615505344,      -8.001188296,      -6.637391736,      -9.217650743
          0,           0,         715,      -8.110229792,       -6.61693899,      -8.002846307,      -6.638901097,      -9.218049861
          0,           0,         716,      -8.111157625,      -6.618360502,      -8.004411138,       -6.64039809,      -9.218450118
          0,           0,         717,      -8.112084303,        -6.6197702,      -8.005885663,      -6.641883027,      -9.218850968
          0,           0,         718,      -8.113010144,      -6.621168406,      -8.007272741,      -6.643356232,      -9.219252221
          0,           0,         719,       -8.11393546,      -6.622555439,      -8.008575216,      -6.644818032,      -9.219653667
          0,           0,         720,      -8.114860563,      -6.623931621,      -8.009795902,      -6.646268757,      -9.220054891
          0,           0,         721,      -8.115785751,      -6.625297273,      -8.010937594,      -6.647708737,      -9.220455984
          0,           0,         722,       -8.11671131,      -6.626652718,      -8.012003048,      -6.649138294,      -9.220856616
          0,           0,         723,      -8.117637514,      -6.627998277,      -8.012994991,      -6.650557747,      -9.221256327
          0,           0,         724,      -8.118564624,      -6.629334269,      -8.013916122,       -6.65196741,      -9.221654561
          0,           0,         725,       -8.11949289,      -6.630661013,      -8.014769122,      -6.653367599,       -9.22205182
          0,           0,         726,      -8.120422549,       -6.63197883,      -8.015556648,      -6.654758621,      -9.222448085
          0,           0,         727,      -8.121353819,      -6.633288036,       -8.01628134,      -6.656140779,      -9.222841467
          0,           0,         728,      -8.122286908,      -6.634588949,      -8.016945829,      -6.657514373,      -9.223233727
          0,           0,         729,       -8.12322202,      -6.635881884,      -8.017552743,      -6.658879714,      -9.223622394
          0,           0,         730,      -8.124159343,      -6.637167154,       -8.01810472,      -6.660237106,        -9.2240085
          0,           0,         731,      -8.125099055,      -6.638445074,      -8.018604404,      -6.661586855,        -9.2243921
          0,           0,         732,      -8.126041316,      -6.639715954,      -8.019054458,      -6.662929261,      -9.224773091
          0,           0,         733,      -8.126986271,      -6.640980103,      -8.019457574,       -6.66426462,      -9.225151433
          0,           0,         734,      -8.127934048,      -6.642237828,      -8.019816473,      -6.665593222,      -9.225526383
          0,           0,         735,      -8.128884757,      -6.643489435,      -8.020133923,      -6.666915353,      -9.225898167
          0,           0,         736,      -8.129838489,      -6.644735223,      -8.020412733,       -6.66823129,      -9.226266831
          0,           0,         737,      -8.130795327,      -6.645975492,      -8.020655764,      -6.669541316,      -9.226632142
          0,           0,         738,      -8.131755349,      -6.647210535,      -8.020865931,      -6.670845717,      -9.226993778
          0,           0,         739,       -8.13271861,      -6.648440645,        -8.0210462,      -6.672144772,      -9.227351234
          0,           0,         740,      -8.133685142,      -6.649666108,      -8.021199594,      -6.673438741,      -9.227705244
          0,           0,         741,      -8.134654972,      -6.650887208,      -8.021329181,      -6.674727894,      -9.228055059
          0,           0,         742,      -8.135628115,       -6.65210422,      -8.021438087,      -6.676012501,      -9.228400899
          0,           0,         743,      -8.136604573,      -6.653317414,      -8.021529491,       -6.67729283,      -9.228742679
          0,           0,         744,      -8.137584334,      -6.654527056,      -8.021606615,      -6.678569141,      -9.229080287
          0,           0,         745,      -8.138567372,      -6.655733403,      -8.021672733,       -6.67984169,      -9.229413954
          0,           0,         746,      -8.139553643,      -6.656936707,      -8.021731155,      -6.681110722,      -9.229743632
          0,           0,         747,      -8.140543085,      -6.658137209,      -8.021785222,      -6.682376475,        -9.2300692
          0,           0,         748,      -8.141535624,      -6.659335145,        -8.0218383,      -6.683639178,      -9.230390545
          0,           0,         749,      -8.142531176,       -6.66053074,      -8.021893775,      -6.684899058,      -9.230707558
          0,           0,         750,       -8.14352964,      -6.661724211,      -8.021955047,      -6.686156329,       -9.23102025
          0,           0,         751,      -8.144530899,      -6.662915768,      -8.022025521,      -6.687411189,       -9.23132897
          0,           0,         752,      -8.145534817,      -6.664105608,       -8.02210858,      -6.688663824,      -9.231633484
          0,           0,         753,      -8.146541252,      -6.665293916,      -8.022207583,      -6.689914412,      -9.231933915
          0,           0,         754,      -8.147550064,      -6.666480866,      -8.022325856,      -6.691163137,      -9.232230158
          0,           0,         755,      -8.148561106,      -6.667666624,      -8.022466692,      -6.692410177,      -9.232522442
          0,           0,         756,      -8.149574221,      -6.668851342,      -8.022633333,      -6.693655696,      -9.232810615
          0,           0,         757,      -8.150589228,      -6.670035158,      -8.022828962,      -6.694899834,      -9.233095156
          0,           0,         758,      -8.151605937,      -6.671218201,        -8.0230567,      -6.696142717,      -9.233375259
          0,           0,         759,      -8.152624149,      -6.672400584,      -8.023319587,      -6.697384461,      -9.233651956
          0,           0,         760,      -8.153643661,      -6.673582406,      -8.023620576,       -6.69862517,      -9.233925164
          0,           0,         761,      -8.154664257,      -6.674763757,      -8.023962517,      -6.699864935,      -9.234194993
          0,           0,         762,      -8.155685716,       -6.67594471,      -8.024348154,      -6.701103829,      -9.234461484
          0,           0,         763,      -8.156707808,      -6.677125325,      -8.024780123,      -6.702341913,      -9.234724747
          0,           0,         764,      -8.157730304,      -6.678305647,      -8.025260934,       -6.70357924,      -9.234984863
          0,           0,         765,      -8.158752973,       -6.67948571,      -8.025792972,       -6.70481585,      -9.235241951
          0,           0,         766,      -8.159775572,      -6.680665532,      -8.026378488,      -6.706051765,      -9.235496088
          0,           0,         767,      -8.160797852,      -6.681845118,      -8.027019594,      -6.707286987,      -9.235747388
          0,           0,         768,       -8.16181957,      -6.683024458,      -8.027718251,      -6.708521518,      -9.235996007
          0,           0,         769,      -8.162840485,      -6.684203529,      -8.028476257,      -6.709755346,      -9.236242129
          0,           0,         770,      -8.163860357,      -6.685382294,      -8.029295255,      -6.710988448,      -9.236486083
          0,           0,         771,       -8.16487894,      -6.686560703,      -8.030176714,      -6.712220782,      -9.236725944
          0,           0,         772,      -8.165895989,      -6.687738692,      -8.031121936,      -6.713452293,      -9.236964059
          0,           0,         773,      -8.166911258,      -6.688916185,      -8.032132056,      -6.714682911,      -9.237199953
          0,           0,         774,      -8.167924504,      -6.690093093,      -8.033208028,      -6.715912552,      -9.237433804
          0,           0,         775,      -8.168935476,      -6.691269315,      -8.034350631,      -6.717141113,      -9.237665689
          0,           0,         776,       -8.16994393,      -6.692444741,      -8.035560459,      -6.718368481,      -9.237895727
          0,           0,         777,      -8.170949629,      -6.693619246,      -8.036837927,      -6.719594536,      -9.238124124
          0,           0,         778,      -8.171952338,      -6.694792698,      -8.038183262,      -6.720819141,      -9.238350883
          0,           0,         779,      -8.172951817,      -6.695964953,      -8.039596499,      -6.722042142,       -9.23857558
          0,           0,         780,       -8.17394784,      -6.697135858,       -8.04107748,      -6.723263381,      -9.238799123
          0,           0,         781,      -8.174940191,       -6.69830525,      -8.042625863,      -6.724482703,      -9.239021418
          0,           0,         782,      -8.175928659,      -6.699472957,      -8.044241118,      -6.725699936,      -9.239242605
          0,           0,         783,      -8.176913046,      -6.700638802,      -8.045922526,      -6.726914911,      -9.239462782
          0,           0,         784,      -8.177893161,      -6.701802599,      -8.047669173,      -6.728127452,      -9.239682101
          0,           0,         785,      -8.178868815,      -6.702964156,      -8.049479953,       -6.72933737,      -9.239900685
          0,           0,         786,      -8.179839823,      -6.704123277,      -8.051353577,      -6.730544467,      -9.240118728
          0,           0,         787,      -8.180806008,       -6.70527976,      -8.053288565,      -6.731748537,      -9.240336341
          0,           0,         788,        -8.1817672,      -6.706433398,      -8.055283264,      -6.732949374,       -9.24055311
          0,           0,         789,      -8.182723233,      -6.707583981,       -8.05733584,      -6.734146757,      -9.240769864
          0,           0,         790,      -8.183673952,      -6.708731299,      -8.059444279,      -6.735340471,      -9.240986293
          0,           0,         791,      -8.184619217,      -6.709875135,      -8.061606383,      -6.736530299,      -9.241202686
          0,           0,         792,      -8.185558898,      -6.711015273,      -8.063819782,      -6.737716025,      -9.241419368
          0,           0,         793,      -8.186492869,      -6.712151498,      -8.066081941,      -6.738897426,      -9.241636294
          0,           0,         794,      -8.187421009,      -6.713283594,      -8.068390166,      -6.740074276,      -9.241853259
          0,           0,         795,      -8.188343208,      -6.714411343,      -8.070741607,      -6.741246348,      -9.242070781
          0,           0,         796,      -8.189259361,      -6.715534533,      -8.073133268,      -6.742413418,      -9.242288997
          0,           0,         797,       -8.19016938,       -6.71665295,      -8.075562016,      -6.743575271,      -9.242507931
          0,           0,         798,      -8.191073183,      -6.717766386,      -8.078024578,      -6.744731693,      -9.242727695
          0,           0,         799,      -8.191970698,      -6.718874633,      -8.080517553,      -6.745882472,      -9.242948471
          0,           0,         800,      -8.192861862,       -6.71997749,      -8.083037417,      -6.747027402,      -9.243170322
          0,           0,         801,      -8.193746625,      -6.721074758,      -8.085580536,      -6.748166285,      -9.243393117
          0,           0,         802,      -8.194624942,      -6.722166245,      -8.088143179,      -6.749298924,      -9.243616885
          0,           0,         803,      -8.195496772,      -6.723251762,      -8.090721533,      -6.750425121,      -9.243842177
          0,           0,         804,      -8.196362089,      -6.724331127,      -8.093311707,      -6.751544691,       -9.24406887
          0,           0,         805,      -8.197220866,      -6.725404165,      -8.095909743,      -6.752657449,      -9.244297064
          0,           0,         806,      -8.198073084,      -6.726470706,      -8.098511635,       -6.75376321,      -9.244526911
          0,           0,         807,      -8.198918739,      -6.727530589,       -8.10111333,      -6.754861807,      -9.244758366
          0,           0,         808,      -8.199757835,      -6.728583658,      -8.103710755,      -6.755953082,      -9.244991542
          0,           0,         809,      -8.200590387,      -6.729629766,      -8.106299824,      -6.757036886,      -9.245226527
          0,           0,         810,       -8.20141641,      -6.730668773,      -8.108876459,       -6.75811307,      -9.245463388
          0,           0,         811,       -8.20223593,      -6.731700549,      -8.111436594,      -6.759181504,      -9.245702314
          0,           0,         812,      -8.203048988,       -6.73272497,       -8.11397619,      -6.760242067,      -9.245942865
          0,           0,         813,      -8.203855631,      -6.733741921,      -8.116491246,      -6.761294653,      -9.246185478
          0,           0,         814,      -8.204655917,      -6.734751294,      -8.118977828,      -6.762339164,      -9.246430049
          0,           0,         815,      -8.205449903,      -6.735752992,      -8.121432082,      -6.763375506,       -9.24667674
          0,           0,         816,      -8.206237649,      -6.736746924,      -8.123850237,      -6.764403588,      -9.246925542
          0,           0,         817,      -8.207019219,      -6.737733009,      -8.126228623,      -6.765423324,      -9.247176538
          0,           0,         818,       -8.20779468,      -6.738711174,      -8.128563685,      -6.766434637,      -9.247429712
          0,           0,         819,      -8.208564111,      -6.739681355,         -8.130852,      -6.767437466,      -9.247685079
          0,           0,         820,      -8.209327597,      -6.740643494,      -8.133090283,      -6.768431758,      -9.247942662
          0,           0,         821,      -8.210085228,      -6.741597544,      -8.135275395,       -6.76941747,      -9.248202496
          0,           0,         822,      -8.210837098,      -6.742543465,      -8.137404358,      -6.770394562,      -9.248464808
          0,           0,         823,      -8.211583307,      -6.743481225,      -8.139474361,      -6.771363007,      -9.248729668
          0,           0,         824,       -8.21232396,        -6.7444108,      -8.141482769,      -6.772322788,      -9.248993546
          0,           0,         825,      -8.213059166,      -6.745332174,      -8.143427136,      -6.773273897,      -9.249260483
          0,           0,         826,      -8.213789036,      -6.746245339,      -8.145305206,      -6.774216328,      -9.249529354
          0,           0,         827,      -8.214513682,      -6.747150296,      -8.147114924,       -6.77515008,      -9.249800449
          0,           0,         828,       -8.21523321,      -6.748047052,      -8.148854433,      -6.776075151,      -9.250073631
          0,           0,         829,      -8.215947731,      -6.748935621,      -8.150522079,      -6.776991547,      -9.250348682
          0,           0,         830,      -8.216657376,      -6.749816026,      -8.152116403,        -6.7778993,      -9.250625625
          0,           0,         831,      -8.217362274,      -6.750688296,      -8.153636154,      -6.778798447,      -9.250904367
          0,           0,         832,      -8.218062568,      -6.751552466,      -8.155080283,      -6.779689041,      -9.251185024
          0,           0,         833,      -8.218758404,      -6.752408578,      -8.156447947,       -6.78057115,      -9.251467418
          0,           0,         834,      -8.219449925,      -6.753256683,      -8.157738502,      -6.781444836,      -9.251751601
          0,           0,         835,      -8.220137265,      -6.754096834,      -8.158951504,      -6.782310158,      -9.252037481
          0,           0,         836,      -8.220820561,      -6.754929094,      -8.160086704,      -6.783167178,         -9.252325
          0,           0,         837,      -8.221499945,       -6.75575353,      -8.161144052,      -6.784015962,      -9.252614128
          0,           0,         838,      -8.222175557,      -6.756570216,      -8.162123675,      -6.784856581,      -9.252904773
          0,           0,         839,      -8.222847531,      -6.757379231,      -8.163025882,      -6.785689113,      -9.253196883
          0,           0,         840,       -8.22351601,      -6.758180659,      -8.163851158,      -6.786513644,      -9.253490401
          0,           0,         841,       -8.22418113,      -6.758974592,      -8.164600169,      -6.787330263,       -9.25378538
          0,           0,         842,      -8.224843026,      -6.759761125,      -8.165273737,      -6.788139061,      -9.254081365
          0,           0,         843,      -8.225501833,      -6.760540359,      -8.165872845,      -6.788940132,      -9.254378728
          0,           0,         844,      -8.226157684,      -6.761312401,      -8.166398635,      -6.789733581,      -9.254677017
          0,           0,         845,      -8.226810719,      -6.762077361,      -8.166852393,      -6.790519522,      -9.254974004
          0,           0,         846,      -8.227461078,      -6.762835355,      -8.167235552,      -6.791298077,      -9.255272557
          0,           0,         847,      -8.228108897,      -6.763586502,      -8.167549688,       -6.79206937,       -9.25557182
          0,           0,         848,      -8.228754308,      -6.764330929,      -8.167796497,      -6.792833525,      -9.255871616
          0,           0,         849,      -8.229397436,      -6.765068764,      -8.167977796,      -6.793590669,      -9.256171832
          0,           0,         850,      -8.230038404,      -6.765800142,      -8.168095524,      -6.794340931,      -9.256472348
          0,           0,         851,      -8.230677333,        -6.7665252,      -8.168151739,      -6.795084443,      -9.256772932
          0,           0,         852,      -8.231314334,       -6.76724408,       -8.16814861,      -6.795821337,      -9.257073626
          0,           0,         853,       -8.23194951,      -6.767956928,      -8.168088422,       -6.79655174,      -9.257374228
          0,           0,         854,      -8.232582967,      -6.768663895,      -8.167973545,      -6.797275792,      -9.257674792
          0,           0,         855,      -8.233214808,      -6.769365132,      -8.167806437,       -6.79799364,      -9.257975143
          0,           0,         856,      -8.233845142,      -6.770060797,       -8.16758965,      -6.798705441,      -9.258275164
          0,           0,         857,      -8.234474071,       -6.77075105,      -8.167325819,      -6.799411355,      -9.258574746
          0,           0,         858,       -8.23510169,      -6.771436053,       -8.16701767,      -6.800111541,      -9.258873791
          0,           0,         859,      -8.235728086,      -6.772115975,      -8.166668002,      -6.800806158,      -9.259172214
          0,           0,         860,       -8.23635334,      -6.772790983,      -8.166279672,      -6.801495366,      -9.259469943
          0,           0,         861,       -8.23697753,      -6.773461248,      -8.165855597,      -6.802179332,      -9.259767001
          0,           0,         862,      -8.237600737,      -6.774126941,      -8.165398745,       -6.80285823,      -9.260063048
          0,           0,         863,      -8.238223038,      -6.774788237,      -8.164912139,      -6.803532242,      -9.260357791
          0,           0,         864,      -8.238844504,       -6.77544531,      -8.164398853,      -6.804201546,      -9.260651714
          0,           0,         865,      -8.239465194,      -6.776098337,      -8.163861999,      -6.804866319,      -9.260944384
          0,           0,         866,      -8.240085159,      -6.776747496,      -8.163304722,      -6.805526734,      -9.261235238
          0,           0,         867,      -8.240704442,      -6.777392965,      -8.162730192,      -6.806182964,      -9.261525074
          0,           0,         868,      -8.241323078,      -6.778034922,      -8.162141601,       -6.80683518,      -9.261813537
          0,           0,         869,        -8.2419411,      -6.778673547,      -8.161542154,      -6.807483557,      -9.262100566
          0,           0,         870,       -8.24255853,      -6.779309016,      -8.160935068,      -6.808128267,      -9.262385998
          0,           0,         871,      -8.243175389,      -6.779941507,      -8.160323557,      -6.808769483,      -9.262669834
          0,           0,         872,      -8.243791694,      -6.780571198,      -8.159710834,      -6.809407384,      -9.262952017
          0,           0,         873,      -8.244407458,      -6.781198262,      -8.159100094,      -6.810042146,      -9.263232517
          0,           0,         874,      -8.245022695,      -6.781822875,      -8.158494507,      -6.810673954,      -9.263511274
          0,           0,         875,      -8.245637412,      -6.782445209,      -8.157897214,      -6.811302989,      -9.263788248
          0,           0,         876,      -8.246251607,      -6.783065432,      -8.157311325,      -6.811929429,      -9.264063582
          0,           0,         877,      -8.246865272,      -6.783683712,      -8.156739916,      -6.812553443,      -9.264336715
          0,           0,         878,      -8.247478399,      -6.784300213,      -8.156186017,      -6.813175207,      -9.264607181
          0,           0,         879,      -8.248090972,      -6.784915094,      -8.155652603,      -6.813794891,      -9.264875959
          0,           0,         880,      -8.248702972,      -6.785528512,      -8.155142589,      -6.814412664,      -9.265142682
          0,           0,         881,      -8.249314374,      -6.786140618,      -8.154658829,      -6.815028689,      -9.265407355
          0,           0,         882,      -8.249925146,       -6.78675156,      -8.154204101,      -6.815643123,      -9.265669896
          0,           0,         883,      -8.250535255,      -6.787361482,      -8.153781108,      -6.816256118,      -9.265930254
          0,           0,         884,      -8.251144668,       -6.78797052,      -8.153392464,       -6.81686783,      -9.266188414
          0,           0,         885,      -8.251753353,      -6.788578809,      -8.153040701,      -6.817478415,      -9.266444402
          0,           0,         886,      -8.252361274,      -6.789186475,      -8.152728256,      -6.818088019,      -9.266698354
          0,           0,         887,      -8.252968391,      -6.789793642,      -8.152457465,      -6.818696783,      -9.266949674
          0,           0,         888,      -8.253574658,      -6.790400424,      -8.152230566,      -6.819304842,      -9.267198718
          0,           0,         889,      -8.254180027,      -6.791006932,      -8.152049693,      -6.819912322,      -9.267445571
          0,           0,         890,      -8.254784444,      -6.791613268,      -8.151916874,      -6.820519336,      -9.267690109
          0,           0,         891,      -8.255387844,      -6.792219531,      -8.151834025,      -6.821125988,      -9.267932431
          0,           0,         892,      -8.255990173,      -6.792825808,      -8.151802945,      -6.821732379,      -9.268172567
          0,           0,         893,      -8.256591374,      -6.793432185,      -8.151825315,      -6.822338613,      -9.268410465
          0,           0,         894,      -8.257191393,      -6.794038737,      -8.151902688,      -6.822944784,      -9.268646166
          0,           0,         895,      -8.257790171,      -6.794645535,      -8.152036496,      -6.823550976,      -9.268879709
          0,           0,         896,      -8.258387652,      -6.795252642,      -8.152228041,      -6.824157273,      -9.269111087
          0,           0,         897,      -8.258983782,      -6.795860113,      -8.152478496,      -6.824763749,      -9.269340322
          0,           0,         898,      -8.259578505,      -6.796467997,      -8.152788908,      -6.825370472,      -9.269567396
          0,           0,         899,      -8.260171763,      -6.797076336,       -8.15316019,      -6.825977498,      -9.269792453
          0,           0,         900,      -8.260763495,      -6.797685166,      -8.153593124,      -6.826584873,       -9.27001543
          0,           0,         901,      -8.261353646,      -6.798294512,      -8.154088358,      -6.827192643,      -9.270236403
          0,           0,         902,      -8.261942161,      -6.798904398,       -8.15464641,      -6.827800845,      -9.270455426
          0,           0,         903,      -8.262528983,      -6.799514835,      -8.155267661,      -6.828409505,      -9.270672556
          0,           0,         904,      -8.263114058,      -6.800125834,      -8.155952351,      -6.829018643,      -9.270887849
          0,           0,         905,      -8.263697334,      -6.800737393,      -8.156700588,      -6.829628275,       -9.27110138
          0,           0,         906,      -8.264278765,      -6.801349511,      -8.157512339,      -6.830238416,      -9.271313211
          0,           0,         907,      -8.264858304,      -6.801962175,      -8.158387439,      -6.830849069,      -9.271523432
          0,           0,         908,      -8.265435908,       -6.80257537,      -8.159325581,      -6.831460235,      -9.271731987
          0,           0,         909,      -8.266011536,      -6.803189074,      -8.160326327,      -6.832071906,      -9.271938993
          0,           0,         910,      -8.266585145,      -6.803803259,      -8.161389096,      -6.832684065,      -9.272144511
          0,           0,         911,      -8.267156699,      -6.804417891,      -8.162513176,      -6.833296692,      -9.272348506
          0,           0,         912,      -8.267726159,      -6.805032934,      -8.163697725,      -6.833909755,      -9.272551078
          0,           0,         913,      -8.268293493,      -6.805648344,      -8.164941769,      -6.834523222,      -9.272752358
          0,           0,         914,       -8.26885867,      -6.806264075,      -8.166244206,      -6.835137055,      -9.272952406
          0,           0,         915,      -8.269421657,      -6.806880077,      -8.167603802,      -6.835751205,      -9.273151495
          0,           0,         916,      -8.269982423,      -6.807496296,      -8.169019195,      -6.836365618,      -9.273349488
          0,           0,         917,       -8.27054094,      -6.808112675,      -8.170488896,      -6.836980237,      -9.273545877
          0,           0,         918,      -8.271097179,      -6.808729153,        -8.1720113,      -6.837594998,      -9.273741129
          0,           0,         919,       -8.27165112,      -6.809345667,      -8.173584687,      -6.838209843,      -9.273935753
          0,           0,         920,      -8.272202748,      -6.809962153,      -8.175207212,      -6.838824709,      -9.274129522
          0,           0,         921,       -8.27275205,      -6.810578543,      -8.176876916,      -6.839439536,      -9.274322554
          0,           0,         922,      -8.273299017,       -6.81119477,       -8.17859173,      -6.840054258,       -9.27451493
          0,           0,         923,      -8.273843638,      -6.811810762,      -8.180349476,      -6.840668804,      -9.274706708
          0,           0,         924,      -8.274385907,      -6.812426447,      -8.182147883,      -6.841283103,      -9.274897961
          0,           0,         925,       -8.27492582,      -6.813041754,      -8.183984584,      -6.841897085,      -9.275088801
          0,           0,         926,      -8.275463381,       -6.81365661,      -8.185857121,      -6.842510683,      -9.275279518
          0,           0,         927,      -8.275998595,      -6.814270942,      -8.187762946,      -6.843123828,      -9.275468752
          0,           0,         928,      -8.276531466,      -6.814884676,      -8.189699428,      -6.843736446,      -9.275658121
          0,           0,         929,      -8.277061995,      -6.815497741,      -8.191663866,      -6.844348454,      -9.275847282
          0,           0,         930,      -8.277590183,      -6.816110065,      -8.193653481,      -6.844959771,      -9.276036265
          0,           0,         931,       -8.27811604,      -6.816721577,      -8.195665431,      -6.845570321,      -9.276225143
          0,           0,         932,      -8.278639579,      -6.817332206,      -8.197696823,      -6.846180031,      -9.276413975
          0,           0,         933,      -8.279160819,      -6.817941885,      -8.199744714,      -6.846788836,       -9.27660282
          0,           0,         934,      -8.279679784,      -6.818550546,      -8.201806127,      -6.847396672,      -9.276791745
          0,           0,         935,      -8.280196495,      -6.819158125,      -8.203878047,      -6.848003471,      -9.276980807
          0,           0,         936,      -8.280710967,      -6.819764558,      -8.205957436,      -6.848609161,      -9.277170058
          0,           0,         937,      -8.281223219,      -6.820369783,      -8.208041241,      -6.849213673,      -9.277359546
          0,           0,         938,      -8.281733278,      -6.820973741,      -8.210126401,      -6.849816943,      -9.277549314
          0,           0,         939,      -8.282241168,      -6.821576373,      -8.212209859,      -6.850418909,      -9.277739414
          0,           0,         940,      -8.282746923,      -6.822177625,      -8.214288566,      -6.851019519,        -9.2779299
          0,           0,         941,      -8.283250578,      -6.822777444,      -8.216359491,      -6.851618725,      -9.278120799
          0,           0,         942,      -8.283752169,      -6.823375779,      -8.218419631,       -6.85221648,       -9.27831216
          0,           0,         943,      -8.284251731,      -6.823972582,      -8.220466026,      -6.852812736,      -9.278504036
          0,           0,         944,      -8.284749299,      -6.824567809,      -8.222495763,      -6.853407445,      -9.278696473
          0,           0,         945,      -8.285244907,      -6.825161417,      -8.224505985,      -6.854000565,      -9.278889449
          0,           0,         946,      -8.285738597,      -6.825753367,      -8.226493898,      -6.854592056,      -9.279083054
          0,           0,         947,      -8.286230408,      -6.826343621,      -8.228456782,      -6.855181882,      -9.279277248
          0,           0,         948,      -8.286720383,      -6.826932146,      -8.230392001,      -6.855770011,      -9.279472075
          0,           0,         949,      -8.287208564,      -6.827518909,      -8.232297012,      -6.856356413,      -9.279667615
          0,           0,         950,      -8.287694991,      -6.828103882,      -8.234169373,      -6.856941056,      -9.279863995
          0,           0,         951,      -8.288179705,      -6.828687036,      -8.236006749,      -6.857523914,      -9.280060662
          0,           0,         952,      -8.288662748,      -6.829268349,      -8.237806923,      -6.858104959,      -9.280258188
          0,           0,         953,      -8.289144159,      -6.829847799,      -8.239567803,      -6.858684169,      -9.280456483
          0,           0,         954,      -8.289623983,      -6.830425366,      -8.241287426,      -6.859261523,      -9.280655577
          0,           0,         955,      -8.290102259,      -6.831001035,      -8.242963964,      -6.859837004,      -9.280855413
          0,           0,         956,      -8.290579029,      -6.831574792,      -8.244595723,      -6.860410595,      -9.281056019
          0,           0,         957,      -8.291054338,      -6.832146624,      -8.246181155,      -6.860982287,      -9.281257404
          0,           0,         958,      -8.291528234,      -6.832716523,      -8.247718863,      -6.861552076,      -9.281459569
          0,           0,         959,      -8.292000764,      -6.833284482,      -8.249207604,       -6.86211996,      -9.281662521
          0,           0,         960,       -8.29247197,      -6.833850496,      -8.250646297,      -6.862685931,      -9.281866254
          0,           0,         961,      -8.292941892,      -6.834414564,      -8.252034004,      -6.863249984,      -9.282070762
          0,           0,         962,      -8.293410571,      -6.834976684,      -8.253369947,      -6.863812114,      -9.282276026
          0,           0,         963,      -8.293878048,      -6.835536857,      -8.254653507,      -6.864372319,      -9.282482016
          0,           0,         964,      -8.294344365,      -6.836095088,       -8.25588423,      -6.864930601,      -9.282688758
          0,           0,         965,      -8.294809564,      -6.836651381,      -8.257061819,      -6.865486965,      -9.282896226
          0,           0,         966,       -8.29527368,      -6.837205744,      -8.258186132,      -6.866041409,      -9.283104404
          0,           0,         967,      -8.295736751,      -6.837758185,      -8.259257183,      -6.866593936,      -9.283313271
          0,           0,         968,      -8.296198814,      -6.838308715,      -8.260275139,      -6.867144554,      -9.283522804
          0,           0,         969,      -8.296659905,      -6.838857347,      -8.261240318,      -6.867693269,      -9.283732986
          0,           0,         970,      -8.297120062,      -6.839404093,      -8.262153189,      -6.868240091,      -9.283943795
          0,           0,         971,      -8.297579321,       -6.83994897,      -8.263014366,      -6.868785033,      -9.284155204
          0,           0,         972,      -8.298037711,      -6.840491996,      -8.263824607,      -6.869328099,      -9.284367191
          0,           0,         973,      -8.298495258,      -6.841033189,      -8.264584803,      -6.869869295,      -9.284579742
          0,           0,         974,      -8.298951991,      -6.841572571,      -8.265295958,      -6.870408631,      -9.284792829
          0,           0,         975,      -8.299407943,      -6.842110163,      -8.265959204,      -6.870946125,      -9.285006419
          0,           0,         976,      -8.299863149,      -6.842645988,      -8.266575791,      -6.871481802,      -9.285220478
          0,           0,         977,      -8.300317642,      -6.843180071,      -8.267147086,      -6.872015684,      -9.285434987
          0,           0,         978,      -8.300771454,      -6.843712437,      -8.267674565,      -6.872547796,      -9.285649913
          0,           0,         979,      -8.301224611,      -6.844243114,      -8.268159807,      -6.873078157,      -9.285865249
          0,           0,         980,      -8.301677135,      -6.844772132,      -8.268604489,      -6.873606784,       -9.28608123
          0,           0,         981,       -8.30212904,      -6.845299519,      -8.269010371,       -6.87413369,      -9.286296812
          0,           0,         982,      -8.302580342,      -6.845825306,      -8.269379289,       -6.87465889,      -9.286512816
          0,           0,         983,      -8.303031059,      -6.846349525,      -8.269713161,      -6.875182405,      -9.286729133
          0,           0,         984,      -8.303481206,       -6.84687221,      -8.270013972,      -6.875704255,      -9.286945667
          0,           0,         985,      -8.303930794,      -6.847393393,      -8.270283771,      -6.876224458,      -9.287162374
          0,           0,         986,      -8.304379829,      -6.847913111,      -8.270524664,      -6.876743028,      -9.287379227
          0,           0,         987,      -8.304828322,        -6.8484314,      -8.270738799,      -6.877259989,      -9.287596253
          0,           0,         988,      -8.305276289,      -6.848948297,      -8.270928356,      -6.877775372,      -9.287813287
          0,           0,         989,      -8.305723745,      -6.849463841,      -8.271095551,      -6.878289213,      -9.288030312
          0,           0,         990,      -8.306170708,       -6.84997807,      -8.271242625,      -6.878801547,      -9.288247416
          0,           0,         991,      -8.306617186,      -6.850491026,      -8.271371849,      -6.879312408,      -9.288464454
          0,           0,         992,      -8.307063187,      -6.851002748,      -8.271485514,      -6.879821824,      -9.288680969
          0,           0,         993,      -8.307508713,      -6.851513279,      -8.271585912,      -6.880329825,      -9.288897116
          0,           0,         994,      -8.307953768,      -6.852022659,      -8.271675346,      -6.880836443,      -9.289113336
          0,           0,         995,      -8.308398355,      -6.852530931,      -8.271756118,      -6.881341713,      -9.289329399
          0,           0,         996,      -8.308842476,      -6.853038137,       -8.27183052,      -6.881845669,      -9.289545248
          0,           0,         997,      -8.309286132,      -6.853544321,      -8.271900832,      -6.882348346,      -9.289760871
          0,           0,         998,      -8.309729325,      -6.854049527,      -8.271969312,      -6.882849782,      -9.289976339
