"Time_Iter","Outer_Iter","Inner_Iter",    "rms[Rho]"    ,    "rms[RhoU]"   ,    "rms[RhoV]"   ,    "rms[RhoE]"   ,     "rms[nu]"    
          0,           0,           0,      -3.894884716,      -16.32442284,       -16.2231554,      -2.443439439,      -10.66263219
          0,           0,           1,       -4.73749918,      -4.202061597,      -3.967792266,      -3.287061838,      -10.65177175
          0,           0,           2,      -4.786044115,      -4.312420135,      -4.244835959,      -3.322872202,      -10.78162406
          0,           0,           3,      -4.817360276,      -4.357617974,      -4.336453823,      -3.360901313,       -10.8069726
          0,           0,           4,      -4.868779679,      -4.353461117,      -4.320938973,      -3.419686788,      -10.79560096
          0,           0,           5,      -4.909735081,      -4.332004144,      -4.315319116,      -3.465440236,      -10.79398728
          0,           0,           6,      -4.935658454,      -4.310385991,      -4.320110834,      -3.493698705,      -10.78392135
          0,           0,           7,      -4.947702308,       -4.29649239,      -4.330867356,      -3.506645318,      -10.75942485
          0,           0,           8,      -4.945101715,      -4.294562741,      -4.348711455,      -3.504403533,      -10.72369271
          0,           0,           9,      -4.931190466,      -4.306910486,      -4.374396798,      -3.490150162,      -10.68216477
          0,           0,          10,      -4.915360701,       -4.33288121,      -4.404540641,      -3.472572339,      -10.63765258
          0,           0,          11,      -4.906728892,      -4.368382829,      -4.432415646,      -3.460922301,      -10.60022359
          0,           0,          12,      -4.908783953,      -4.404465179,      -4.451432026,      -3.460125998,      -10.57096128
          0,           0,          13,      -4.920038403,      -4.430260188,      -4.458632995,      -3.470345217,      -10.54682935
          0,           0,          14,      -4.936789627,      -4.440251166,      -4.456262107,      -3.488612813,      -10.52954718
          0,           0,          15,      -4.955839506,       -4.43773038,      -4.449748725,      -3.510963081,      -10.52017425
          0,           0,          16,      -4.975806836,      -4.429526936,        -4.4436567,      -3.534603794,      -10.51778437
          0,           0,          17,      -4.997142069,      -4.420466111,      -4.439778298,      -3.558904776,      -10.52002322
          0,           0,          18,      -5.020542014,      -4.412726418,      -4.438050299,      -3.584319045,      -10.52526808
          0,           0,          19,      -5.045015032,      -4.407633142,      -4.438287332,      -3.610116483,      -10.53182277
          0,           0,          20,      -5.066775374,      -4.406728086,      -4.441177754,      -3.632806036,      -10.53744477
          0,           0,          21,      -5.080508752,       -4.41159963,      -4.448181237,      -3.646882589,      -10.54067361
          0,           0,          22,      -5.082706828,      -4.423035499,      -4.460754433,      -3.648476283,      -10.54120616
          0,           0,          23,      -5.074606971,      -4.440010405,       -4.47935967,      -3.639039021,      -10.53999911
          0,           0,          24,      -5.061759712,      -4.458833878,      -4.502800639,      -3.624833927,      -10.53788697
          0,           0,          25,      -5.050816326,      -4.473484929,      -4.528090411,      -3.613085268,      -10.53591091
          0,           0,          26,      -5.046915254,       -4.47809242,      -4.550847049,      -3.609105245,      -10.53393061
          0,           0,          27,      -5.052973409,       -4.47050206,      -4.566614267,      -3.615746363,      -10.53162217
          0,           0,          28,      -5.070070257,      -4.453651696,      -4.573025321,      -3.633885048,      -10.52790582
          0,           0,          29,      -5.097798562,      -4.433215865,      -4.571201864,      -3.662798537,      -10.52202979
          0,           0,          30,      -5.134292261,      -4.414432459,      -4.564927357,      -3.700051856,      -10.51351567
          0,           0,          31,      -5.175718127,      -4.400663667,      -4.558519135,      -3.740948073,      -10.50218614
          0,           0,          32,      -5.215909339,      -4.393441707,      -4.555318592,      -3.778228107,      -10.48806776
          0,           0,          33,       -5.24734187,      -4.392951058,      -4.557377542,      -3.803816054,      -10.47196546
          0,           0,          34,      -5.264504696,      -4.398362716,      -4.565616346,      -3.813457517,       -10.4540837
          0,           0,          35,      -5.267878607,      -4.407921059,      -4.579710054,      -3.809999942,      -10.43482954
          0,           0,          36,      -5.263868016,       -4.41906364,      -4.598039652,      -3.801240328,      -10.41418344
          0,           0,          37,       -5.26032763,      -4.428865951,       -4.61800616,      -3.795000176,      -10.39226999
          0,           0,          38,      -5.262952404,      -4.434875063,      -4.636568108,        -3.7963585,      -10.36959502
          0,           0,          39,      -5.274630481,       -4.43592875,      -4.651012723,      -3.807662786,      -10.34642518
          0,           0,          40,      -5.296082035,      -4.432447969,       -4.65982151,      -3.829327413,      -10.32266239
          0,           0,          41,      -5.326330076,      -4.426013796,      -4.663119975,      -3.860297287,       -10.2982336
          0,           0,          42,      -5.362679288,      -4.418575732,      -4.662370626,      -3.898036307,      -10.27315525
          0,           0,          43,      -5.400503742,      -4.411798011,      -4.659572381,      -3.938141695,      -10.24754381
          0,           0,          44,      -5.433441708,      -4.406765677,      -4.656471916,      -3.974115899,      -10.22177125
          0,           0,          45,       -5.45501896,      -4.403976489,      -4.654275892,      -3.998750106,       -10.1958462
          0,           0,          46,      -5.462189446,      -4.403456409,      -4.653830669,      -4.007930433,      -10.16955792
          0,           0,          47,      -5.457604745,      -4.404876114,      -4.655756333,      -4.003785662,      -10.14240037
          0,           0,          48,       -5.44741223,      -4.407644731,      -4.660238236,      -3.992822761,      -10.11394899
          0,           0,          49,      -5.437706931,      -4.411027193,      -4.666894736,      -3.981771466,      -10.08370866
          0,           0,          50,      -5.432889948,      -4.414280688,      -4.674917769,      -3.975435411,      -10.05136023
          0,           0,          51,      -5.435555268,      -4.416797576,      -4.683293877,      -3.976518326,      -10.01679934
          0,           0,          52,      -5.446884191,        -4.4182218,       -4.69100115,      -3.986117915,      -9.980073466
          0,           0,          53,      -5.467012593,      -4.418496604,       -4.69722684,      -4.004155266,      -9.941263758
          0,           0,          54,      -5.495133267,      -4.417833234,      -4.701547553,      -4.029490741,      -9.900517734
          0,           0,          55,      -5.529288205,      -4.416615076,      -4.703999173,      -4.059735259,      -9.857956136
          0,           0,          56,      -5.565956916,      -4.415283579,      -4.705002682,      -4.090968641,      -9.813494167
          0,           0,          57,      -5.599840616,      -4.414240394,      -4.705192963,      -4.117864519,      -9.767052527
          0,           0,          58,      -5.624785878,      -4.413783997,      -4.705250975,      -4.135031262,      -9.718537015
          0,           0,          59,       -5.63656094,       -4.41407354,      -4.705808247,      -4.139717952,      -9.667866066
          0,           0,          60,      -5.635698305,      -4.415146214,       -4.70734259,      -4.133756364,      -9.615014805
          0,           0,          61,       -5.62713678,      -4.416912072,      -4.710019647,      -4.122299238,      -9.560093721
          0,           0,          62,      -5.617244667,      -4.419170252,      -4.713627878,      -4.110921896,      -9.503323861
          0,           0,          63,      -5.611237689,      -4.421667421,      -4.717691613,      -4.103797763,      -9.444952017
          0,           0,          64,      -5.612278052,       -4.42417828,      -4.721673981,      -4.103289358,      -9.385283067
          0,           0,          65,      -5.621646624,      -4.426570994,      -4.725173955,      -4.110195599,      -9.324650853
          0,           0,          66,      -5.639120572,       -4.42884309,      -4.728048456,       -4.12407091,      -9.263367934
          0,           0,          67,      -5.663157462,      -4.431119195,      -4.730428488,      -4.143402341,      -9.201726377
          0,           0,          68,      -5.690883475,      -4.433611416,      -4.732640127,      -4.165688744,      -9.140048709
          0,           0,          69,      -5.718172623,      -4.436566562,      -4.735084505,      -4.187639533,      -9.078629548
          0,           0,          70,      -5.740333765,      -4.440212919,       -4.73813641,      -4.205774213,      -9.017896971
          0,           0,          71,      -5.753786306,      -4.444724212,      -4.742092194,      -4.217543985,      -8.958260891
          0,           0,          72,      -5.757955093,      -4.450195216,      -4.747168887,      -4.222486767,      -8.900125001
          0,           0,          73,      -5.755591082,      -4.456619666,      -4.753498365,      -4.222439754,      -8.843883181
          0,           0,          74,      -5.751055553,      -4.463881277,      -4.761079998,      -4.220513617,      -8.789821989
          0,           0,          75,      -5.748409166,       -4.47177093,      -4.769758462,      -4.219792342,      -8.738093838
          0,           0,          76,      -5.750517138,      -4.480028079,      -4.779263037,      -4.222571768,      -8.688727165
          0,           0,          77,        -5.7589542,      -4.488391836,      -4.789276486,      -4.230152144,      -8.641659254
          0,           0,          78,      -5.774189662,      -4.496645366,      -4.799500318,      -4.242893427,      -8.596771742
          0,           0,          79,      -5.795748059,      -4.504645467,      -4.809702625,       -4.26032319,      -8.553951783
          0,           0,          80,      -5.822232774,      -4.512334112,      -4.819746145,      -4.281210538,      -8.513057916
          0,           0,          81,      -5.851260077,      -4.519729533,      -4.829590557,      -4.303640243,      -8.473986274
          0,           0,          82,      -5.879489575,      -4.526903309,      -4.839273682,      -4.325195051,      -8.436673205
          0,           0,          83,      -5.903085452,      -4.533946791,      -4.848875015,      -4.343370229,      -8.401068144
          0,           0,          84,      -5.918899421,      -4.540942672,      -4.858493753,      -4.356281862,      -8.367132711
          0,           0,          85,      -5.925954437,      -4.547946613,      -4.868250101,      -4.363429902,      -8.334752097
          0,           0,          86,      -5.925977399,       -4.55497343,      -4.878271782,      -4.365926957,      -8.303736088
          0,           0,          87,      -5.922383668,      -4.561978917,      -4.888635697,      -4.365906835,      -8.273831332
          0,           0,          88,      -5.918723256,      -4.568852149,       -4.89931869,      -4.365630987,      -8.244830134
          0,           0,          89,      -5.917650239,      -4.575421737,      -4.910191735,      -4.366846417,      -8.216495339
          0,           0,          90,      -5.920560779,      -4.581477875,      -4.921062325,      -4.370495806,      -8.188677831
          0,           0,          91,      -5.927576515,      -4.586802787,      -4.931726314,      -4.376632414,      -8.161317132
          0,           0,          92,      -5.937643975,      -4.591201763,      -4.942005846,      -4.384456341,      -8.134407525
          0,           0,          93,      -5.948721359,      -4.594528666,      -4.951769092,      -4.392481393,      -8.107970574
          0,           0,          94,      -5.958155946,      -4.596701434,      -4.960934942,      -4.398864211,      -8.082046563
          0,           0,          95,      -5.963378264,      -4.597706092,      -4.969467536,      -4.401909423,      -8.056692938
          0,           0,          96,      -5.962837763,      -4.597590986,      -4.977367301,      -4.400653358,      -8.031947728
          0,           0,          97,      -5.956670391,      -4.596457695,      -4.984661196,      -4.395247448,      -8.007841827
          0,           0,          98,      -5.946606919,      -4.594451578,      -4.991387499,      -4.386899329,      -7.984381866
          0,           0,          99,      -5.935179907,      -4.591751744,      -4.997576309,      -4.377398739,      -7.961599975
          0,           0,         100,       -5.92485445,      -4.588557632,      -5.003230187,      -4.368554102,      -7.939480807
          0,           0,         101,      -5.917528333,      -4.585076958,      -5.008322155,      -4.361816351,      -7.917992036
          0,           0,         102,      -5.914386682,      -4.581512525,      -5.012813505,      -4.358124547,      -7.897032693
          0,           0,         103,      -5.915968353,      -4.578054357,      -5.016680773,       -4.35791198,      -7.876518949
          0,           0,         104,      -5.922295687,      -4.574868207,      -5.019935804,      -4.361184887,      -7.856329579
          0,           0,         105,      -5.932969577,       -4.57208945,      -5.022636751,      -4.367600461,      -7.836370377
          0,           0,         106,      -5.947218974,      -4.569820072,      -5.024886109,      -4.376532625,      -7.816607525
          0,           0,         107,      -5.963984477,      -4.568129738,      -5.026818012,      -4.387168903,      -7.797050915
          0,           0,         108,      -5.982021291,      -4.567056985,      -5.028580978,      -4.398616675,      -7.777738911
          0,           0,         109,      -6.000009833,      -4.566614896,       -5.03032927,      -4.410001143,      -7.758753651
          0,           0,         110,      -6.016779892,      -4.566797387,      -5.032200434,       -4.42060941,      -7.740139571
          0,           0,         111,      -6.031483975,      -4.567585635,      -5.034309382,      -4.429983693,      -7.721916008
          0,           0,         112,      -6.043640498,       -4.56895301,      -5.036741748,      -4.437930878,      -7.704087939
          0,           0,         113,      -6.053216326,      -4.570869745,      -5.039541056,      -4.444541511,      -7.686606494
          0,           0,         114,      -6.060391136,      -4.573302055,       -5.04270997,      -4.450038649,      -7.669405073
          0,           0,         115,      -6.065406882,      -4.576215111,      -5.046206222,      -4.454678323,      -7.652433795
          0,           0,         116,      -6.068424255,      -4.579572738,      -5.049944972,      -4.458651799,      -7.635568574
          0,           0,         117,      -6.069362127,      -4.583336321,      -5.053809296,      -4.461987803,      -7.618727197
          0,           0,         118,      -6.068082877,      -4.587468418,      -5.057655684,      -4.464626076,      -7.601773638
          0,           0,         119,      -6.064357843,      -4.591929594,      -5.061334743,      -4.466387186,      -7.584630977
          0,           0,         120,      -6.058114464,      -4.596679991,      -5.064697973,      -4.467096339,      -7.567153063
          0,           0,         121,      -6.049497782,      -4.601678188,      -5.067617331,      -4.466635252,       -7.54927606
          0,           0,         122,      -6.038865044,      -4.606879755,      -5.069997888,       -4.46498164,      -7.530856539
          0,           0,         123,      -6.026828098,      -4.612237925,      -5.071786715,      -4.462281915,      -7.512036508
          0,           0,         124,      -6.013989535,      -4.617700543,      -5.072970087,      -4.458745807,      -7.492762291
          0,           0,         125,      -6.001009646,      -4.623214597,      -5.073578439,      -4.454701725,      -7.473398131
          0,           0,         126,      -5.988327991,      -4.628720841,       -5.07366691,      -4.450419608,      -7.454081887
          0,           0,         127,      -5.976283996,      -4.634162893,      -5.073311718,      -4.446159881,       -7.43507283
          0,           0,         128,      -5.964977952,      -4.639483474,      -5.072605647,      -4.442049428,       -7.41645409
          0,           0,         129,      -5.954406674,      -4.644630749,      -5.071641868,       -4.43814563,      -7.398603691
          0,           0,         130,      -5.944416321,      -4.649561108,      -5.070527843,      -4.434383166,      -7.381483822
          0,           0,         131,       -5.93481559,      -4.654239903,      -5.069356718,      -4.430649998,      -7.365250631
          0,           0,         132,      -5.925370132,      -4.658644438,      -5.068228585,      -4.426778024,      -7.349487698
          0,           0,         133,      -5.915899011,      -4.662758927,      -5.067242051,      -4.422622445,      -7.334049573
          0,           0,         134,      -5.906227795,      -4.666576945,      -5.066496197,      -4.418033745,      -7.319321017
          0,           0,         135,      -5.896264605,      -4.670094248,      -5.066080538,      -4.412926509,      -7.305092611
          0,           0,         136,      -5.885931805,      -4.673305363,      -5.066060041,      -4.407237945,      -7.291478752
          0,           0,         137,      -5.875221139,      -4.676209862,      -5.066480459,      -4.400972331,      -7.278079511
          0,           0,         138,      -5.864169365,      -4.678802616,      -5.067396269,      -4.394181618,       -7.26500552
          0,           0,         139,      -5.852820819,      -4.681080089,      -5.068823371,      -4.386934471,      -7.252259683
          0,           0,         140,      -5.841254267,      -4.683036301,      -5.070761466,      -4.379329072,      -7.239652256
          0,           0,         141,       -5.82954627,      -4.684656484,      -5.073236213,      -4.371456325,       -7.22734939
          0,           0,         142,      -5.817777564,       -4.68592921,      -5.076200371,      -4.363405319,      -7.215226816
          0,           0,         143,      -5.806041063,      -4.686834706,      -5.079620016,      -4.355263339,      -7.203230867
          0,           0,         144,      -5.794401675,      -4.687343263,      -5.083474775,       -4.34708249,      -7.191413442
          0,           0,         145,      -5.782945075,      -4.687434226,      -5.087701395,      -4.338930349,      -7.179795697
          0,           0,         146,      -5.771767557,      -4.687086405,      -5.092243573,      -4.330879282,      -7.168371198
          0,           0,         147,      -5.760940381,       -4.68627441,      -5.097052541,      -4.322981906,      -7.157135398
          0,           0,         148,      -5.750540988,       -4.68498305,      -5.102043332,      -4.315305324,      -7.146023682
          0,           0,         149,      -5.740678558,      -4.683210921,      -5.107159258,       -4.30794892,      -7.135137365
          0,           0,         150,       -5.73142451,      -4.680952378,      -5.112344049,      -4.300985758,      -7.124530204
          0,           0,         151,       -5.72283272,      -4.678209745,      -5.117509539,      -4.294486964,      -7.114186568
          0,           0,         152,      -5.715009978,      -4.675012609,      -5.122573666,       -4.28857315,      -7.103998779
          0,           0,         153,        -5.7080047,      -4.671379408,      -5.127462186,       -4.28330548,      -7.094083582
          0,           0,         154,      -5.701800039,       -4.66732328,      -5.132082578,       -4.27868875,      -7.084570011
          0,           0,         155,      -5.696360843,      -4.662867969,      -5.136303007,      -4.274715691,      -7.075474419
          0,           0,         156,      -5.691707857,      -4.658058412,      -5.139986108,      -4.271429214,      -7.066187395
          0,           0,         157,      -5.687855687,      -4.652949271,      -5.143045304,      -4.268857995,      -7.056757408
          0,           0,         158,      -5.684800607,      -4.647603273,      -5.145390515,      -4.267013158,       -7.04758515
          0,           0,         159,      -5.682540376,         -4.642089,       -5.14693474,      -4.265906743,      -7.038759889
          0,           0,         160,      -5.681128265,      -4.636491039,      -5.147626315,       -4.26559681,      -7.030438988
          0,           0,         161,      -5.680591547,      -4.630880251,      -5.147436465,      -4.266109575,      -7.022671918
          0,           0,         162,      -5.680905052,       -4.62530699,       -5.14638037,      -4.267416753,      -7.015392788
          0,           0,         163,      -5.682016535,      -4.619806604,      -5.144488536,      -4.269463496,       -7.00860875
          0,           0,         164,      -5.683865794,      -4.614402059,      -5.141818612,      -4.272181293,      -7.002089744
          0,           0,         165,      -5.686435874,      -4.609117067,      -5.138472223,      -4.275534248,       -6.99570735
          0,           0,         166,      -5.689653606,      -4.603956699,      -5.134562592,      -4.279421741,      -6.989765703
          0,           0,         167,      -5.693410981,      -4.598909884,       -5.13023875,        -4.2837042,      -6.984235766
          0,           0,         168,      -5.697579389,      -4.593962482,      -5.125661362,      -4.288215468,      -6.978989304
          0,           0,         169,      -5.702032349,      -4.589101803,      -5.121036184,      -4.292780159,      -6.974101035
          0,           0,         170,      -5.706668325,      -4.584323666,      -5.116586776,      -4.297240327,      -6.969560878
          0,           0,         171,      -5.711437865,       -4.57963857,      -5.112531016,      -4.301483281,      -6.965379403
          0,           0,         172,      -5.716284436,      -4.575061269,      -5.109047227,      -4.305397947,      -6.961591877
          0,           0,         173,      -5.721193672,      -4.570621136,      -5.106266517,      -4.308932531,      -6.958150169
          0,           0,         174,      -5.726199868,      -4.566364776,      -5.104248881,      -4.312120273,      -6.955002233
          0,           0,         175,      -5.731386431,      -4.562352012,      -5.102986202,      -4.315082487,      -6.952109844
          0,           0,         176,      -5.736886651,      -4.558656274,      -5.102440509,      -4.318040599,      -6.949545405
          0,           0,         177,      -5.742869363,      -4.555361323,      -5.102596262,      -4.321298387,      -6.947249616
          0,           0,         178,      -5.749499174,      -4.552551404,      -5.103486254,      -4.325189016,      -6.945390596
          0,           0,         179,      -5.756843378,      -4.550295691,       -5.10515946,       -4.32997916,      -6.943837767
          0,           0,         180,      -5.764825311,      -4.548645514,      -5.107644935,      -4.335801337,      -6.942615295
          0,           0,         181,      -5.773164442,      -4.547624349,      -5.110914941,      -4.342568515,      -6.941638975
          0,           0,         182,      -5.781333628,      -4.547218535,      -5.114856308,      -4.349901299,      -6.940904888
          0,           0,         183,       -5.78857838,      -4.547366896,      -5.119253276,      -4.357099049,      -6.940358191
          0,           0,         184,      -5.794054497,      -4.547952014,      -5.123779878,      -4.363235198,      -6.939942777
          0,           0,         185,      -5.797110246,      -4.548797926,      -5.128006744,      -4.367420688,      -6.939653979
          0,           0,         186,      -5.797624917,      -4.549684196,      -5.131438422,      -4.369190412,      -6.939436071
          0,           0,         187,       -5.79616824,      -4.550371326,      -5.133584297,      -4.368778613,      -6.939301814
          0,           0,         188,      -5.793856269,      -4.550638104,      -5.134056912,      -4.367085357,       -6.93915486
          0,           0,         189,      -5.791990847,       -4.55032543,       -5.13267296,        -4.3653434,      -6.939000104
          0,           0,         190,      -5.791620659,      -4.549360109,      -5.129498998,      -4.364624337,      -6.938800144
          0,           0,         191,      -5.793234073,      -4.547753532,      -5.124824579,      -4.365458392,      -6.938534288
          0,           0,         192,      -5.796672715,      -4.545578645,      -5.119074946,      -4.367705094,      -6.938179766
          0,           0,         193,      -5.801261254,      -4.542941475,      -5.112721693,      -4.370688529,      -6.937718994
          0,           0,         194,      -5.806087615,       -4.53995815,      -5.106211716,      -4.373510442,      -6.937169743
          0,           0,         195,      -5.810309822,      -4.536735277,      -5.099928593,      -4.375394146,      -6.936532938
          0,           0,         196,      -5.813378869,      -4.533362566,      -5.094174019,      -4.375920152,      -6.935839333
          0,           0,         197,      -5.815112699,      -4.529916735,      -5.089179138,      -4.375077887,      -6.935134958
          0,           0,         198,      -5.815603666,      -4.526466379,      -5.085106031,      -4.373135771,      -6.934437116
          0,           0,         199,      -5.815111126,      -4.523081279,      -5.082049969,      -4.370491442,      -6.933756879
          0,           0,         200,      -5.813943399,      -4.519834919,      -5.080042877,       -4.36753439,      -6.933122032
          0,           0,         201,      -5.812387843,      -4.516803715,      -5.079061638,      -4.364582214,      -6.932537539
          0,           0,         202,      -5.810685706,      -4.514064072,      -5.079033586,      -4.361873169,      -6.932006587
          0,           0,         203,      -5.809021079,      -4.511687009,      -5.079841304,      -4.359566774,      -6.931486147
          0,           0,         204,      -5.807533123,      -4.509731911,      -5.081333889,      -4.357771873,      -6.930956121
          0,           0,         205,      -5.806323043,      -4.508241503,      -5.083340694,       -4.35656411,      -6.930404578
          0,           0,         206,      -5.805460766,       -4.50723874,      -5.085682188,       -4.35599724,      -6.929816641
          0,           0,         207,      -5.804995449,       -4.50672496,      -5.088178754,      -4.356108709,      -6.929194524
          0,           0,         208,      -5.804975456,      -4.506680694,      -5.090660413,      -4.356936977,      -6.928541325
          0,           0,         209,      -5.805431893,      -4.507066449,      -5.092976557,      -4.358507135,       -6.92785234
          0,           0,         210,      -5.806399329,      -4.507828283,       -5.09500419,      -4.360840864,      -6.927133502
          0,           0,         211,      -5.807924844,      -4.508903422,      -5.096652919,      -4.363962477,      -6.926391221
          0,           0,         212,      -5.810075628,      -4.510225246,       -5.09786364,      -4.367903361,      -6.925643186
          0,           0,         213,      -5.812929501,      -4.511728117,      -5.098611942,      -4.372697818,      -6.924901803
          0,           0,         214,      -5.816570939,      -4.513352549,      -5.098902072,      -4.378379412,      -6.924181037
          0,           0,         215,      -5.821077406,      -4.515046949,      -5.098760129,      -4.384970338,      -6.923500505
          0,           0,         216,      -5.826509994,       -4.51676925,      -5.098227399,      -4.392475453,      -6.922871892
          0,           0,         217,      -5.832896553,      -4.518487096,      -5.097357463,      -4.400868931,      -6.922308004
          0,           0,         218,      -5.840219312,      -4.520177576,      -5.096206881,      -4.410085804,       -6.92181439
          0,           0,         219,      -5.848398591,      -4.521825849,      -5.094828644,      -4.419999859,      -6.921389993
          0,           0,         220,      -5.857297156,      -4.523423672,       -5.09327612,      -4.430435263,      -6.921035168
          0,           0,         221,      -5.866711017,      -4.524969016,      -5.091597377,      -4.441155026,      -6.920773035
          0,           0,         222,      -5.876370896,      -4.526463619,      -5.089833933,      -4.451867926,      -6.920603884
          0,           0,         223,      -5.885944278,      -4.527912469,      -5.088021409,      -4.462223124,      -6.920539617
          0,           0,         224,      -5.895071497,        -4.5293242,      -5.086188082,      -4.471857567,      -6.920577573
          0,           0,         225,      -5.903381966,      -4.530709363,      -5.084357529,      -4.480409479,      -6.920739267
          0,           0,         226,      -5.910530229,      -4.532081594,      -5.082544438,      -4.487562974,       -6.92101735
          0,           0,         227,      -5.916223704,      -4.533455793,      -5.080756082,      -4.493063524,      -6.921417824
          0,           0,         228,      -5.920271765,       -4.53484883,      -5.078994917,      -4.496780125,      -6.921942768
          0,           0,         229,      -5.922590459,      -4.536278891,      -5.077258308,      -4.498697376,      -6.922597599
          0,           0,         230,      -5.923208936,       -4.53776542,       -5.07553814,      -4.498922476,      -6.923384938
          0,           0,         231,      -5.922250619,      -4.539328604,      -5.073819755,      -4.497644787,       -6.92430799
          0,           0,         232,      -5.919916946,      -4.540988622,      -5.072089185,      -4.495127926,      -6.925366596
          0,           0,         233,      -5.916440167,      -4.542765232,      -5.070333462,      -4.491650794,      -6.926567727
          0,           0,         234,      -5.912058214,      -4.544677537,      -5.068542594,      -4.487484333,      -6.927898782
          0,           0,         235,      -5.906985492,      -4.546743254,       -5.06670247,      -4.482852629,      -6.929370434
          0,           0,         236,      -5.901410449,      -4.548978016,      -5.064805099,       -4.47794429,      -6.930985122
          0,           0,         237,      -5.895476619,      -4.551394836,      -5.062844731,      -4.472887605,      -6.932726733
          0,           0,         238,      -5.889291743,      -4.554003957,      -5.060813981,      -4.467763896,      -6.934608992
          0,           0,         239,      -5.882935296,      -4.556812779,      -5.058708944,      -4.462616265,      -6.936635158
          0,           0,         240,      -5.876459889,      -4.559824795,      -5.056526468,      -4.457457599,      -6.938801453
          0,           0,         241,      -5.869898577,      -4.563040281,      -5.054264755,      -4.452277008,      -6.941094999
          0,           0,         242,      -5.863279296,      -4.566456556,      -5.051917097,      -4.447057199,       -6.94351008
          0,           0,         243,      -5.856632292,      -4.570067893,      -5.049479933,      -4.441793243,      -6.946046345
          0,           0,         244,      -5.849979454,      -4.573865654,      -5.046954903,      -4.436475939,      -6.948694793
          0,           0,         245,      -5.843343507,      -4.577839604,      -5.044338463,      -4.431103058,      -6.951446029
          0,           0,         246,      -5.836748464,      -4.581977258,      -5.041626686,      -4.425681098,      -6.954284929
          0,           0,         247,      -5.830220441,      -4.586264761,      -5.038823004,      -4.420236331,      -6.957216078
          0,           0,         248,      -5.823772635,      -4.590687837,      -5.035928893,      -4.414784602,      -6.960200901
          0,           0,         249,      -5.817412495,       -4.59523194,      -5.032942872,       -4.40933641,      -6.963250103
          0,           0,         250,      -5.811146921,      -4.599882145,      -5.029870435,      -4.403911044,      -6.966348814
          0,           0,         251,      -5.804968619,      -4.604624336,      -5.026716057,      -4.398513713,      -6.969475164
          0,           0,         252,      -5.798864926,      -4.609446221,      -5.023485121,      -4.393143435,      -6.972622834
          0,           0,         253,      -5.792820262,      -4.614336285,      -5.020185254,      -4.387794276,      -6.975786646
          0,           0,         254,      -5.786813677,      -4.619285154,      -5.016825082,      -4.382456986,      -6.978953139
          0,           0,         255,      -5.780815593,      -4.624285804,      -5.013408043,      -4.377105711,      -6.982129335
          0,           0,         256,           -5.7748,      -4.629333191,      -5.009940687,      -4.371719009,      -6.985299291
          0,           0,         257,      -5.768741206,      -4.634425431,      -5.006431045,      -4.366277227,      -6.988471085
          0,           0,         258,      -5.762600941,      -4.639563829,      -5.002879951,      -4.360736082,      -6.991630884
          0,           0,         259,      -5.756356112,      -4.644750719,      -4.999292807,      -4.355073075,      -6.994810257
          0,           0,         260,      -5.749978294,      -4.649990307,      -4.995674566,      -4.349258306,      -6.997977225
          0,           0,         261,      -5.743435733,      -4.655288944,      -4.992021417,      -4.343251647,      -7.001139455
          0,           0,         262,      -5.736710426,      -4.660651184,      -4.988337075,      -4.337032872,      -7.004303653
          0,           0,         263,      -5.729777579,      -4.666081688,      -4.984620964,      -4.330571525,      -7.007476265
          0,           0,         264,      -5.722614168,      -4.671583564,      -4.980867905,      -4.323836442,      -7.010682852
          0,           0,         265,       -5.71521484,      -4.677155504,      -4.977079447,      -4.316823366,      -7.013880172
          0,           0,         266,      -5.707561991,      -4.682794618,      -4.973249167,      -4.309508457,       -7.01706665
          0,           0,         267,      -5.699649304,      -4.688493452,      -4.969372977,      -4.301880724,       -7.02024533
          0,           0,         268,      -5.691482475,      -4.694239926,      -4.965450835,      -4.293950642,      -7.023399546
          0,           0,         269,       -5.68305457,      -4.700018986,      -4.961472518,      -4.285707447,      -7.026536559
          0,           0,         270,      -5.674374592,      -4.705808931,      -4.957434354,      -4.277162217,      -7.029615284
          0,           0,         271,      -5.665444831,      -4.711586763,       -4.95333169,       -4.26831905,      -7.032620563
          0,           0,         272,      -5.656274323,      -4.717322809,      -4.949158224,      -4.259188541,      -7.035538033
          0,           0,         273,      -5.646874806,      -4.722983205,      -4.944912139,      -4.249786521,      -7.038332758
          0,           0,         274,      -5.637248332,      -4.728533638,      -4.940585008,      -4.240114761,      -7.040998586
          0,           0,         275,      -5.627415894,       -4.73393157,      -4.936175013,      -4.230199513,      -7.043475853
          0,           0,         276,      -5.617381961,      -4.739135861,      -4.931676242,      -4.220046805,      -7.045749071
          0,           0,         277,      -5.607162961,      -4.744097437,      -4.927084403,      -4.209676132,      -7.047782531
          0,           0,         278,       -5.59676851,      -4.748765679,      -4.922400326,      -4.199101261,      -7.049561489
          0,           0,         279,      -5.586211538,      -4.753087665,      -4.917615456,       -4.18833655,      -7.051053274
          0,           0,         280,      -5.575510335,      -4.757004386,      -4.912733277,      -4.177406251,      -7.052171463
          0,           0,         281,      -5.564676191,       -4.76045792,      -4.907741791,      -4.166323732,      -7.052934965
          0,           0,         282,      -5.553731435,      -4.763383922,      -4.902645288,       -4.15511774,      -7.053311779
          0,           0,         283,      -5.542688252,      -4.765721049,      -4.897437591,      -4.143802904,      -7.053249253
          0,           0,         284,      -5.531577246,      -4.767402331,      -4.892117189,       -4.13241659,      -7.052719376
          0,           0,         285,      -5.520413266,      -4.768369082,      -4.886676353,       -4.12097806,      -7.051657299
          0,           0,         286,      -5.509232183,      -4.768558929,       -4.88111576,      -4.109529441,      -7.050090703
          0,           0,         287,      -5.498055778,      -4.767922741,      -4.875431879,      -4.098096452,      -7.048021338
          0,           0,         288,      -5.486923942,      -4.766411996,      -4.869623423,      -4.086724455,      -7.045371445
          0,           0,         289,      -5.475865562,      -4.763994773,      -4.863683178,       -4.07544594,      -7.042009074
          0,           0,         290,      -5.464927573,      -4.760646887,      -4.857612779,       -4.06431191,      -7.038109686
          0,           0,         291,      -5.454150679,      -4.756366354,      -4.851412799,      -4.053365273,      -7.033694806
          0,           0,         292,      -5.443583178,      -4.751160605,      -4.845093755,      -4.042655601,      -7.028602809
          0,           0,         293,       -5.43327124,      -4.745057343,       -4.83866461,      -4.032228262,      -7.022690694
          0,           0,         294,      -5.423264447,      -4.738097122,      -4.832129399,       -4.02213019,       -7.01626152
          0,           0,         295,      -5.413621389,      -4.730335478,      -4.825509196,      -4.012417818,       -7.00917274
          0,           0,         296,      -5.404391223,      -4.721846155,      -4.818828297,      -4.003135227,      -7.001498327
          0,           0,         297,      -5.395634329,      -4.712705592,       -4.81211924,      -3.994335582,      -6.993213674
          0,           0,         298,      -5.387398916,      -4.703003402,      -4.805419942,      -3.986059059,      -6.984348229
          0,           0,         299,      -5.379737699,      -4.692829419,      -4.798772924,      -3.978349241,      -6.974961341
          0,           0,         300,       -5.37270096,      -4.682274765,      -4.792226973,      -3.971245059,      -6.965010644
          0,           0,         301,      -5.366329369,      -4.671433991,      -4.785822451,      -3.964775911,      -6.954585441
          0,           0,         302,      -5.360669685,      -4.660388456,      -4.779625766,      -3.958975574,      -6.943774693
          0,           0,         303,      -5.355754843,      -4.649219582,      -4.773688292,      -3.953861736,      -6.932650423
          0,           0,         304,      -5.351612557,      -4.638006286,      -4.768055483,      -3.949447979,      -6.921239693
          0,           0,         305,      -5.348268989,      -4.626814917,      -4.762776092,      -3.945745626,      -6.909586567
          0,           0,         306,      -5.345739541,      -4.615708444,      -4.757887749,      -3.942756303,      -6.897869046
          0,           0,         307,      -5.344034737,      -4.604742201,      -4.753422482,      -3.940477463,      -6.886148638
          0,           0,         308,      -5.343159064,       -4.59396446,      -4.749400351,      -3.938902911,       -6.87447985
          0,           0,         309,      -5.343108962,      -4.583422203,      -4.745822219,      -3.938021314,      -6.863115864
          0,           0,         310,      -5.343879919,      -4.573154603,      -4.742692311,       -3.93782289,      -6.852030774
          0,           0,         311,      -5.345462798,      -4.563200541,      -4.739994021,      -3.938297908,      -6.841469595
          0,           0,         312,      -5.347846038,      -4.553599972,      -4.737701214,      -3.939437576,      -6.831487086
          0,           0,         313,      -5.351021211,      -4.544390585,      -4.735797563,      -3.941239206,        -6.8220958
          0,           0,         314,      -5.354979253,      -4.535613817,      -4.734252308,      -3.943704252,      -6.813591959
          0,           0,         315,      -5.359714618,      -4.527314819,      -4.733032569,      -3.946839025,      -6.805885245
          0,           0,         316,      -5.365227958,      -4.519542154,      -4.732110746,      -3.950657885,      -6.799270732
          0,           0,         317,      -5.371524406,      -4.512349771,      -4.731465719,      -3.955180681,      -6.793698612
          0,           0,         318,      -5.378611317,      -4.505793528,      -4.731076196,      -3.960428336,      -6.789276724
          0,           0,         319,      -5.386498105,      -4.499931978,       -4.73092843,      -3.966423047,      -6.785903145
          0,           0,         320,      -5.395194244,      -4.494822402,      -4.731023906,      -3.973185688,      -6.783558718
          0,           0,         321,      -5.404699614,      -4.490524004,      -4.731370411,      -3.980727558,      -6.782093259
          0,           0,         322,      -5.415003126,      -4.487091934,      -4.731972665,      -3.989048544,      -6.781580743
          0,           0,         323,      -5.426077149,      -4.484578033,       -4.73283407,      -3.998133329,      -6.781878451
          0,           0,         324,      -5.437873256,      -4.483026267,      -4.733966326,      -4.007946684,      -6.782776563
          0,           0,         325,      -5.450314825,      -4.482472126,      -4.735383741,      -4.018429451,      -6.784085972
          0,           0,         326,      -5.463295274,      -4.482941202,       -4.73710507,      -4.029497494,      -6.785726157
          0,           0,         327,      -5.476674155,      -4.484452008,        -4.7391409,      -4.041039895,      -6.787461841
          0,           0,         328,      -5.490282691,      -4.487010156,      -4.741496904,      -4.052921275,       -6.78931626
          0,           0,         329,       -5.50392608,      -4.490611472,      -4.744192793,      -4.064984461,      -6.790976512
          0,           0,         330,       -5.51738554,      -4.495237645,      -4.747236863,      -4.077053957,      -6.792487089
          0,           0,         331,       -5.53043395,      -4.500859625,      -4.750633662,      -4.088945698,      -6.793614946
          0,           0,         332,      -5.542846622,      -4.507435268,      -4.754394611,      -4.100473509,      -6.794482164
          0,           0,         333,      -5.554414026,      -4.514908011,      -4.758513918,      -4.111461399,      -6.794948927
          0,           0,         334,       -5.56496065,      -4.523205365,      -4.762990808,      -4.121753316,       -6.79494009
          0,           0,         335,      -5.574356421,      -4.532244538,      -4.767819059,      -4.131223815,      -6.794514886
          0,           0,         336,       -5.58252585,      -4.541928203,      -4.772988319,      -4.139785418,       -6.79368152
          0,           0,         337,      -5.589442581,      -4.552140514,      -4.778463652,       -4.14739151,      -6.792377137
          0,           0,         338,      -5.595146229,      -4.562756093,      -4.784212062,      -4.154041241,      -6.790689367
          0,           0,         339,      -5.599729632,      -4.573642379,      -4.790193011,      -4.159778358,      -6.788779683
          0,           0,         340,      -5.603328244,      -4.584655618,      -4.796364649,      -4.164682538,      -6.786507249
          0,           0,         341,      -5.606105933,      -4.595651364,      -4.802672994,      -4.168863257,      -6.784149831
          0,           0,         342,      -5.608245977,      -4.606487623,      -4.809070226,      -4.172451113,      -6.781822646
          0,           0,         343,      -5.609934928,      -4.617026414,      -4.815508194,      -4.175587124,      -6.779206879
          0,           0,         344,      -5.611356312,      -4.627147854,      -4.821930587,      -4.178415668,      -6.776671753
          0,           0,         345,      -5.612685569,      -4.636743234,      -4.828297532,      -4.181080592,      -6.774358367
          0,           0,         346,       -5.61407871,      -4.645727739,      -4.834566172,      -4.183717197,      -6.772362914
          0,           0,         347,      -5.615675703,       -4.65404033,      -4.840700108,      -4.186449672,      -6.770846114
          0,           0,         348,      -5.617596663,      -4.661648015,       -4.84667359,      -4.189387606,      -6.769418905
          0,           0,         349,      -5.619942718,      -4.668548843,      -4.852468003,      -4.192625213,      -6.768009276
          0,           0,         350,      -5.622797965,      -4.674764481,      -4.858076739,      -4.196244432,      -6.767084098
          0,           0,         351,      -5.626229744,      -4.680339894,       -4.86350276,      -4.200314638,      -6.766876281
          0,           0,         352,      -5.630289941,      -4.685338844,      -4.868753973,      -4.204892014,      -6.767381514
          0,           0,         353,      -5.635017676,      -4.689839865,      -4.873846036,      -4.210021366,      -6.768803552
          0,           0,         354,      -5.640440811,      -4.693931845,      -4.878800148,      -4.215736854,      -6.771140847
          0,           0,         355,      -5.646577587,      -4.697709293,      -4.883644502,      -4.222063422,       -6.77395324
          0,           0,         356,       -5.65343809,      -4.701269916,      -4.888409923,      -4.229017209,      -6.777450091
          0,           0,         357,      -5.661025699,      -4.704704663,      -4.893130093,      -4.236607719,      -6.781582213
          0,           0,         358,      -5.669337118,      -4.708098752,      -4.897837775,      -4.244837419,      -6.786372589
          0,           0,         359,      -5.678362732,      -4.711529527,      -4.902564395,      -4.253701275,      -6.791942657
          0,           0,         360,      -5.688088331,      -4.715065639,      -4.907340212,      -4.263188541,      -6.798278156
          0,           0,         361,      -5.698495237,      -4.718766463,       -4.91219186,      -4.273282604,       -6.80555719
          0,           0,         362,      -5.709560288,       -4.72268224,      -4.917143262,      -4.283961128,      -6.813746543
          0,           0,         363,      -5.721255802,      -4.726855029,      -4.922214923,      -4.295195843,      -6.822931366
          0,           0,         364,      -5.733549615,      -4.731318621,      -4.927425021,       -4.30695266,      -6.833119154
          0,           0,         365,      -5.746404216,      -4.736100482,      -4.932788489,      -4.319190851,      -6.843759433
          0,           0,         366,      -5.759777598,      -4.741223423,      -4.938315844,      -4.331863113,       -6.85498239
          0,           0,         367,      -5.773622912,       -4.74670372,      -4.944017152,      -4.344916384,      -6.866708102
          0,           0,         368,      -5.787887142,       -4.75255327,       -4.94990002,      -4.358290839,      -6.878808241
          0,           0,         369,       -5.80251098,      -4.758780268,      -4.955969602,      -4.371919384,      -6.891260762
          0,           0,         370,       -5.81742923,      -4.765389511,      -4.962230106,      -4.385728744,      -6.904171551
          0,           0,         371,      -5.832569243,      -4.772382949,      -4.968683131,      -4.399638771,       -6.91744356
          0,           0,         372,      -5.847848875,      -4.779760403,       -4.97532508,      -4.413562515,       -6.93111023
          0,           0,         373,      -5.863197857,      -4.787520084,      -4.982167499,      -4.427420242,      -6.945159946
          0,           0,         374,      -5.878522826,      -4.795658569,      -4.989209613,      -4.441117274,       -6.95946613
          0,           0,         375,       -5.89373008,      -4.804171404,      -4.996449418,      -4.454563034,      -6.973786971
          0,           0,         376,       -5.90872708,      -4.813053934,      -5.003884272,      -4.467671466,      -6.988082623
          0,           0,         377,      -5.923420815,      -4.822298344,      -5.011512695,      -4.480362466,       -7.00213855
          0,           0,         378,      -5.937720607,      -4.831893749,      -5.019329061,      -4.492565671,      -7.015756946
          0,           0,         379,      -5.951543389,      -4.841828328,      -5.027328065,       -4.50422228,      -7.028847937
          0,           0,         380,      -5.964816356,      -4.852087405,      -5.035503205,      -4.515288986,      -7.041222439
          0,           0,         381,      -5.977480297,      -4.862652832,      -5.043846662,      -4.525740375,      -7.052722296
          0,           0,         382,      -5.989492127,      -4.873503425,      -5.052348542,      -4.535569957,       -7.06334818
          0,           0,         383,      -6.000828431,      -4.884613545,      -5.060997261,      -4.544792043,      -7.073073089
          0,           0,         384,      -6.011486542,      -4.895953883,      -5.069778213,      -4.553440887,      -7.081895941
          0,           0,         385,       -6.02148327,      -4.907490864,      -5.078673713,      -4.561567213,      -7.089664343
          0,           0,         386,      -6.030854282,      -4.919186173,      -5.087662584,      -4.569235987,      -7.096453889
          0,           0,         387,      -6.039652113,      -4.930996098,      -5.096720035,      -4.576523128,      -7.102447879
          0,           0,         388,      -6.047943201,      -4.942870875,      -5.105817273,      -4.583512224,      -7.107704235
          0,           0,         389,      -6.055803389,      -4.954756206,      -5.114921116,      -4.590290018,      -7.112187784
          0,           0,         390,      -6.063314342,      -4.966594468,       -5.12399414,      -4.596942508,      -7.116134546
          0,           0,         391,      -6.070559837,      -4.978324267,       -5.13299655,      -4.603550809,      -7.119617655
          0,           0,         392,       -6.07762051,      -4.989879559,      -5.141881842,      -4.610190825,      -7.122679243
          0,           0,         393,      -6.084574476,       -5.00119659,      -5.150601947,      -4.616931525,       -7.12537282
          0,           0,         394,      -6.091490492,      -5.012212765,      -5.159107094,       -4.62382921,      -7.127789681
          0,           0,         395,      -6.098426666,      -5.022868994,      -5.167346327,      -4.630927537,      -7.129846216
          0,           0,         396,      -6.105428754,      -5.033112285,      -5.175269812,      -4.638257053,      -7.131736204
          0,           0,         397,      -6.112528385,      -5.042898698,      -5.182829648,        -4.6458342,      -7.133415624
          0,           0,         398,      -6.119741506,      -5.052194738,      -5.189981374,      -4.653660307,      -7.134905161
          0,           0,         399,      -6.127068399,      -5.060978984,      -5.196685815,      -4.661721791,      -7.136271921
          0,           0,         400,      -6.134492387,      -5.069242877,      -5.202910261,      -4.669989218,      -7.137533839
          0,           0,         401,      -6.141979854,      -5.076991721,      -5.208630943,      -4.678417272,      -7.138662378
          0,           0,         402,      -6.149480265,      -5.084244269,      -5.213832843,      -4.686944687,      -7.139684413
          0,           0,         403,      -6.156927262,       -5.09103181,      -5.218511094,       -4.69549497,      -7.140623544
          0,           0,         404,       -6.16423961,      -5.097396457,      -5.222671312,      -4.703977056,      -7.141470007
          0,           0,         405,      -6.171322912,      -5.103389225,      -5.226328892,      -4.712286241,      -7.142261471
          0,           0,         406,       -6.17807349,      -5.109067694,      -5.229508395,      -4.720307678,      -7.142860488
          0,           0,         407,      -6.184383459,      -5.114494236,      -5.232243974,      -4.727921147,      -7.143310292
          0,           0,         408,      -6.190144099,      -5.119733028,      -5.234576873,      -4.735004144,      -7.143730766
          0,           0,         409,       -6.19525172,       -5.12484801,      -5.236554502,      -4.741437381,      -7.144046564
          0,           0,         410,      -6.199613077,      -5.129900747,      -5.238228447,      -4.747110513,      -7.144286624
          0,           0,         411,      -6.203151493,      -5.134948583,      -5.239652729,      -4.751928941,      -7.144412994
          0,           0,         412,      -6.205812244,        -5.1400434,      -5.240882478,      -4.755819563,      -7.144391614
          0,           0,         413,      -6.207566079,      -5.145230195,      -5.241972235,      -4.758735398,      -7.144289055
          0,           0,         414,      -6.208411614,      -5.150546088,      -5.242974965,      -4.760659113,      -7.144116456
          0,           0,         415,      -6.208375027,      -5.156019375,      -5.243939531,      -4.761603736,      -7.143879448
          0,           0,         416,      -6.207511063,      -5.161669161,      -5.244913488,      -4.761613094,       -7.14354921
          0,           0,         417,      -6.205894833,      -5.167507381,      -5.245939148,      -4.760756712,      -7.143125617
          0,           0,         418,      -6.203621965,      -5.173535472,      -5.247053939,      -4.759128496,      -7.142665602
          0,           0,         419,      -6.200802339,      -5.179745522,      -5.248290364,      -4.756840119,       -7.14216856
          0,           0,         420,      -6.197555087,      -5.186119714,       -5.24967581,      -4.754014697,       -7.14162499
          0,           0,         421,       -6.19400362,      -5.192630465,      -5.251232293,      -4.750781905,      -7.140976628
          0,           0,         422,       -6.19027119,      -5.199241521,      -5.252976976,      -4.747273847,      -7.140328674
          0,           0,         423,      -6.186477659,      -5.205907502,      -5.254922234,      -4.743620327,      -7.139641141
          0,           0,         424,      -6.182737368,      -5.212574397,      -5.257074702,      -4.739946381,       -7.13892195
          0,           0,         425,      -6.179157551,      -5.219180289,      -5.259436537,      -4.736370288,       -7.13819568
          0,           0,         426,      -6.175837571,      -5.225656111,      -5.262004765,      -4.733002867,      -7.137473681
          0,           0,         427,      -6.172868669,      -5.231927179,      -5.264772164,      -4.729946852,      -7.136752881
          0,           0,         428,      -6.170333951,      -5.237914758,         -5.267727,      -4.727296701,       -7.13609526
          0,           0,         429,      -6.168308701,      -5.243538053,      -5.270853523,      -4.725138732,      -7.135484078
          0,           0,         430,      -6.166861171,       -5.24871637,      -5.274131814,       -4.72355206,      -7.134933765
          0,           0,         431,       -6.16605301,       -5.25337154,      -5.277538287,      -4.722608984,      -7.134408012
          0,           0,         432,      -6.165939838,      -5.257430745,      -5.281045967,      -4.722375369,      -7.133975523
          0,           0,         433,      -6.166571926,      -5.260829078,      -5.284625004,      -4.722911497,      -7.133618572
          0,           0,         434,      -6.167994386,      -5.263512376,      -5.288242977,      -4.724272509,      -7.133319537
          0,           0,         435,      -6.170247422,      -5.265439466,      -5.291865648,       -4.72650848,      -7.133093612
          0,           0,         436,      -6.173366511,      -5.266583172,      -5.295457528,      -4.729664692,      -7.132964114
          0,           0,         437,      -6.177382066,       -5.26693208,      -5.298982645,      -4.733781534,      -7.132917509
          0,           0,         438,      -6.182319156,      -5.266491314,      -5.302405597,      -4.738894187,      -7.132940947
          0,           0,         439,      -6.188196788,      -5.265280427,      -5.305692377,      -4.745031826,      -7.133043866
          0,           0,         440,      -6.195027033,      -5.263333062,      -5.308811305,      -4.752217021,      -7.133246266
          0,           0,         441,      -6.202813605,      -5.260695823,      -5.311733945,      -4.760464102,      -7.133492128
          0,           0,         442,      -6.211550232,      -5.257426045,      -5.314436076,      -4.769777386,       -7.13380409
          0,           0,         443,      -6.221218397,      -5.253588846,      -5.316898893,      -4.780148829,      -7.134173498
          0,           0,         444,      -6.231784653,      -5.249256097,      -5.319109273,      -4.791554779,      -7.134588202
          0,           0,         445,      -6.243197676,      -5.244504201,      -5.321060239,      -4.803952404,      -7.135037069
          0,           0,         446,      -6.255384695,      -5.239411504,      -5.322751917,      -4.817275183,      -7.135511104
          0,           0,         447,      -6.268247606,      -5.234057382,      -5.324191227,       -4.83142776,      -7.136008325
          0,           0,         448,       -6.28165902,      -5.228520003,      -5.325391918,      -4.846279765,       -7.13649549
          0,           0,         449,      -6.295459598,      -5.222876763,      -5.326372904,      -4.861661114,      -7.136966299
          0,           0,         450,      -6.309455281,      -5.217201714,      -5.327158869,      -4.877356115,      -7.137409567
          0,           0,         451,      -6.323417474,       -5.21156567,      -5.327778186,      -4.893100604,      -7.137816422
          0,           0,         452,      -6.337086876,      -5.206035333,      -5.328262319,      -4.908583356,      -7.138176809
          0,           0,         453,      -6.350181696,      -5.200673317,      -5.328644617,      -4.923453168,       -7.13848054
          0,           0,         454,      -6.362411647,      -5.195537694,      -5.328959589,      -4.937334485,      -7.138712512
          0,           0,         455,      -6.373497885,      -5.190681966,      -5.329241184,      -4.949852004,      -7.138886918
          0,           0,         456,       -6.38319485,      -5.186154142,      -5.329521916,      -4.960662601,      -7.138987333
          0,           0,         457,      -6.391316689,      -5.181997341,      -5.329832072,      -4.969494455,      -7.139004098
          0,           0,         458,      -6.397756369,       -5.17824935,      -5.330198421,      -4.976179673,      -7.138933047
          0,           0,         459,      -6.402498086,      -5.174941733,      -5.330643704,       -4.98067641,      -7.138789304
          0,           0,         460,       -6.40562189,      -5.172100393,      -5.331186527,      -4.983078161,      -7.138554339
          0,           0,         461,      -6.407293667,      -5.169745376,      -5.331840785,      -4.983601021,      -7.138274232
          0,           0,         462,      -6.407746269,      -5.167890001,      -5.332615638,      -4.982553783,      -7.137936152
          0,           0,         463,      -6.407254753,      -5.166540261,        -5.3335156,      -4.980300653,      -7.137543181
          0,           0,         464,      -6.406111959,      -5.165695062,      -5.334540637,      -4.977224912,      -7.137110143
          0,           0,         465,       -6.40460902,      -5.165346914,      -5.335686669,      -4.973699837,      -7.136647387
          0,           0,         466,      -6.403018061,      -5.165481578,      -5.336945685,      -4.970065647,       -7.13616757
          0,           0,         467,      -6.401580241,      -5.166077952,      -5.338306594,      -4.966614959,      -7.135684368
          0,           0,         468,      -6.400501737,      -5.167109707,      -5.339755722,      -4.963589155,      -7.135208543
          0,           0,         469,      -6.399953971,      -5.168545734,      -5.341277413,      -4.961180269,      -7.134750689
          0,           0,         470,      -6.400071627,      -5.170350191,       -5.34285455,       -4.95953143,      -7.134319526
          0,           0,         471,      -6.400956346,      -5.172484031,      -5.344469006,       -4.95874284,      -7.133938093
          0,           0,         472,      -6.402680685,      -5.174904964,       -5.34610276,      -4.958877963,      -7.133588272
          0,           0,         473,      -6.405292128,      -5.177569763,      -5.347737624,      -4.959969046,      -7.133272536
          0,           0,         474,      -6.408816497,       -5.18043469,      -5.349356211,      -4.962021758,      -7.133013923
          0,           0,         475,      -6.413261507,      -5.183456673,      -5.350942562,      -4.965019742,      -7.132822873
          0,           0,         476,      -6.418618476,       -5.18659388,      -5.352482113,      -4.968926695,      -7.132687854
          0,           0,         477,      -6.424864839,      -5.189806472,       -5.35396227,      -4.973689559,      -7.132616745
          0,           0,         478,      -6.431965288,      -5.193057796,      -5.355372023,      -4.979240069,      -7.132606132
          0,           0,         479,      -6.439872984,      -5.196314565,      -5.356703047,       -4.98549628,      -7.132653043
          0,           0,         480,      -6.448529238,      -5.199547307,      -5.357949148,       -4.99236267,      -7.132755961
          0,           0,         481,      -6.457863393,      -5.202730619,      -5.359106132,      -4.999731047,      -7.132911191
          0,           0,         482,      -6.467793168,      -5.205843374,      -5.360172515,      -5.007482002,      -7.133135246
          0,           0,         483,      -6.478223287,      -5.208868689,      -5.361148821,      -5.015484829,      -7.133426664
          0,           0,         484,      -6.489045806,      -5.211793695,       -5.36203784,      -5.023599874,      -7.133777946
          0,           0,         485,      -6.500139838,       -5.21460904,      -5.362844396,      -5.031680579,      -7.134154072
          0,           0,         486,      -6.511371026,      -5.217308851,      -5.363574653,      -5.039575686,      -7.134584439
          0,           0,         487,      -6.522592294,      -5.219889925,      -5.364236294,      -5.047132938,      -7.135027954
          0,           0,         488,      -6.533645161,      -5.222351517,      -5.364838155,      -5.054203308,      -7.135503125
          0,           0,         489,      -6.544362195,      -5.224695134,      -5.365390454,      -5.060645792,      -7.136031492
          0,           0,         490,      -6.554570914,      -5.226924056,      -5.365903724,      -5.066332956,      -7.136590001
          0,           0,         491,      -6.564099314,      -5.229042917,      -5.366388835,      -5.071156172,      -7.137174194
          0,           0,         492,        -6.5727818,      -5.231057067,      -5.366857104,      -5.075029556,      -7.137780456
          0,           0,         493,      -6.580466441,      -5.232972818,      -5.367319138,      -5.077893548,      -7.138382941
          0,           0,         494,       -6.58702228,      -5.234796724,      -5.367785251,      -5.079716625,      -7.139029096
          0,           0,         495,      -6.592346005,      -5.236535742,      -5.368265501,       -5.08049526,      -7.139695493
          0,           0,         496,      -6.596367452,      -5.238197355,      -5.368768754,      -5.080252367,       -7.14035659
          0,           0,         497,      -6.599053227,      -5.239788599,      -5.369302914,      -5.079034277,      -7.141034844
          0,           0,         498,      -6.600407143,      -5.241316556,      -5.369874695,      -5.076906252,      -7.141743007
          0,           0,         499,      -6.600467778,      -5.242788564,      -5.370489532,      -5.073947327,      -7.142501096
          0,           0,         500,      -6.599304652,       -5.24421149,      -5.371151636,      -5.070245768,      -7.143288094
          0,           0,         501,      -6.597011572,       -5.24559188,      -5.371863532,      -5.065894142,      -7.144086236
          0,           0,         502,      -6.593699502,      -5.246935826,      -5.372626463,      -5.060985234,      -7.144895173
          0,           0,         503,       -6.58948961,      -5.248249608,      -5.373439874,      -5.055609101,      -7.145762641
          0,           0,         504,      -6.584506895,      -5.249539256,      -5.374302282,      -5.049850678,      -7.146649554
          0,           0,         505,      -6.578875252,      -5.250810496,       -5.37521083,      -5.043788715,      -7.147534347
          0,           0,         506,       -6.57271271,       -5.25206847,        -5.3761615,      -5.037494577,      -7.148416377
          0,           0,         507,      -6.566128427,      -5.253317818,      -5.377149052,       -5.03103192,       -7.14927925
          0,           0,         508,      -6.559221485,      -5.254562826,      -5.378167373,      -5.024457079,      -7.150145109
          0,           0,         509,      -6.552080203,      -5.255807273,      -5.379209567,      -5.017819502,      -7.151054193
          0,           0,         510,      -6.544782065,      -5.257054769,      -5.380268276,      -5.011162463,      -7.151950883
          0,           0,         511,      -6.537394149,      -5.258308158,      -5.381335888,      -5.004523606,      -7.152831278
          0,           0,         512,      -6.529974208,      -5.259569889,      -5.382404534,      -4.997935816,      -7.153766744
          0,           0,         513,      -6.522571291,      -5.260842356,      -5.383466326,      -4.991427661,      -7.154759327
          0,           0,         514,      -6.515227003,       -5.26212756,      -5.384513802,      -4.985024102,      -7.155779704
          0,           0,         515,      -6.507976627,      -5.263426845,      -5.385539982,      -4.978747077,        -7.1568114
          0,           0,         516,      -6.500849688,      -5.264741394,      -5.386538422,      -4.972615795,       -7.15786599
          0,           0,         517,      -6.493870786,      -5.266072108,      -5.387503584,      -4.966647071,      -7.158931936
          0,           0,         518,      -6.487060443,       -5.26741952,      -5.388430876,      -4.960855682,      -7.160020066
          0,           0,         519,      -6.480435676,      -5.268783693,      -5.389316777,      -4.955254566,       -7.16115154
          0,           0,         520,      -6.474010615,      -5.270163936,      -5.390158934,      -4.949855083,      -7.162278296
          0,           0,         521,      -6.467796667,      -5.271559835,      -5.390956358,       -4.94466707,        -7.1634176
          0,           0,         522,      -6.461803016,      -5.272970945,      -5.391709151,      -4.939698692,       -7.16455274
          0,           0,         523,      -6.456037302,      -5.274396637,       -5.39241874,        -4.9349571,      -7.165759862
          0,           0,         524,      -6.450505714,       -5.27583531,      -5.393087727,      -4.930448297,      -7.166944232
          0,           0,         525,      -6.445212993,      -5.277285581,       -5.39371973,      -4.926177087,      -7.168145512
          0,           0,         526,      -6.440162447,       -5.27874617,      -5.394319377,      -4.922146846,      -7.169317198
          0,           0,         527,      -6.435356447,      -5.280215638,      -5.394892113,       -4.91835992,      -7.170468176
          0,           0,         528,      -6.430796324,      -5.281692196,      -5.395443962,      -4.914817548,      -7.171657202
          0,           0,         529,      -6.426482237,      -5.283174398,      -5.395981275,      -4.911519729,      -7.172876452
          0,           0,         530,      -6.422413437,      -5.284660565,      -5.396510808,      -4.908465337,      -7.174110946
          0,           0,         531,      -6.418588454,      -5.286148759,      -5.397039453,      -4.905652292,       -7.17535263
          0,           0,         532,      -6.415004886,      -5.287637011,      -5.397573912,       -4.90307749,      -7.176607847
          0,           0,         533,      -6.411659384,      -5.289123449,      -5.398120614,        -4.9007368,       -7.17787673
          0,           0,         534,      -6.408547812,      -5.290606247,        -5.3986856,      -4.898625196,      -7.179156689
          0,           0,         535,      -6.405665245,      -5.292083829,      -5.399274358,      -4.896736805,      -7.180454822
          0,           0,         536,      -6.403005981,      -5.293554817,      -5.399891698,      -4.895064957,      -7.181807965
          0,           0,         537,      -6.400563559,      -5.295017498,      -5.400541772,       -4.89360224,      -7.183127596
          0,           0,         538,      -6.398330748,      -5.296470635,       -5.40122777,      -4.892340595,      -7.184436183
          0,           0,         539,      -6.396299456,      -5.297912966,      -5.401952029,      -4.891271204,      -7.185787364
          0,           0,         540,      -6.394460857,      -5.299343628,      -5.402715877,      -4.890384647,      -7.187127948
          0,           0,         541,      -6.392805407,       -5.30076202,      -5.403519864,      -4.889670912,      -7.188496661
          0,           0,         542,      -6.391323058,      -5.302167567,      -5.404363798,      -4.889119618,      -7.189850332
          0,           0,         543,      -6.390003214,      -5.303559912,      -5.405246606,      -4.888720027,      -7.191190914
          0,           0,         544,      -6.388834664,      -5.304938958,        -5.4061664,      -4.888461009,      -7.192560605
          0,           0,         545,      -6.387805697,      -5.306305215,      -5.407120565,      -4.888331125,      -7.193916261
          0,           0,         546,       -6.38690428,      -5.307659606,      -5.408106117,      -4.888318762,      -7.195195848
          0,           0,         547,      -6.386118198,      -5.309003528,      -5.409119556,      -4.888412279,      -7.196430832
          0,           0,         548,      -6.385434928,      -5.310338352,      -5.410156876,      -4.888599898,      -7.197630872
          0,           0,         549,      -6.384841661,      -5.311665749,       -5.41121376,      -4.888869724,      -7.198965507
          0,           0,         550,      -6.384325565,      -5.312988133,      -5.412285879,      -4.889209912,      -7.200275316
          0,           0,         551,       -6.38387395,      -5.314307416,      -5.413368939,      -4.889608817,      -7.201563919
          0,           0,         552,      -6.383474255,      -5.315625219,      -5.414458457,      -4.890054994,      -7.202914324
          0,           0,         553,       -6.38311405,      -5.316943083,      -5.415549996,      -4.890537165,      -7.204242615
          0,           0,         554,      -6.382781267,      -5.318263097,      -5.416639475,      -4.891044368,      -7.205576554
          0,           0,         555,       -6.38246438,      -5.319587702,      -5.417723164,      -4.891566073,      -7.206958973
          0,           0,         556,      -6.382152432,      -5.320919136,      -5.418797868,       -4.89209223,       -7.20835697
          0,           0,         557,      -6.381835178,      -5.322259352,      -5.419860996,      -4.892613383,      -7.209793197
          0,           0,         558,      -6.381503209,      -5.323610292,      -5.420910461,      -4.893120735,       -7.21127386
          0,           0,         559,      -6.381148026,       -5.32497391,      -5.421944759,      -4.893606168,      -7.212700062
          0,           0,         560,      -6.380762019,      -5.326351359,      -5.422963217,      -4.894062245,      -7.214103426
          0,           0,         561,      -6.380338458,      -5.327744355,      -5.423965459,      -4.894482205,      -7.215592522
          0,           0,         562,      -6.379871458,      -5.329154761,      -5.424951656,      -4.894859886,      -7.217085151
          0,           0,         563,      -6.379356035,      -5.330583718,      -5.425922862,      -4.895189838,      -7.218613067
          0,           0,         564,      -6.378788138,       -5.33203212,      -5.426880493,      -4.895467299,      -7.220138184
          0,           0,         565,      -6.378164506,      -5.333500326,      -5.427826566,      -4.895688087,      -7.221606572
          0,           0,         566,      -6.377482599,      -5.334988556,      -5.428763174,      -4.895848561,      -7.223184258
          0,           0,         567,      -6.376740452,      -5.336496574,      -5.429692373,      -4.895945516,      -7.224751478
          0,           0,         568,      -6.375936568,      -5.338023731,      -5.430616595,      -4.895976143,      -7.226347096
          0,           0,         569,      -6.375069979,      -5.339568583,      -5.431538355,      -4.895938031,      -7.227884647
          0,           0,         570,      -6.374140193,      -5.341129572,      -5.432459996,      -4.895829184,      -7.229437747
          0,           0,         571,      -6.373147067,      -5.342705692,      -5.433383945,      -4.895647885,      -7.231025229
          0,           0,         572,      -6.372090834,      -5.344295657,      -5.434312049,      -4.895392781,      -7.232537997
          0,           0,         573,      -6.370971975,      -5.345897807,      -5.435246136,      -4.895062858,      -7.234079957
          0,           0,         574,      -6.369791243,      -5.347510686,      -5.436187654,      -4.894657391,      -7.235633606
          0,           0,         575,      -6.368549661,      -5.349132741,      -5.437138137,       -4.89417601,      -7.237092232
          0,           0,         576,      -6.367248425,      -5.350762418,      -5.438098477,      -4.893618689,      -7.238661416
          0,           0,         577,      -6.365888956,       -5.35239785,      -5.439068723,      -4.892985726,      -7.240204709
          0,           0,         578,      -6.364472749,        -5.3540366,      -5.440048903,      -4.892277635,      -7.241747715
          0,           0,         579,      -6.363001351,      -5.355676368,      -5.441038642,      -4.891495172,      -7.243271349
          0,           0,         580,      -6.361476468,      -5.357315161,      -5.442037129,      -4.890639448,      -7.244764817
          0,           0,         581,      -6.359899968,      -5.358950489,      -5.443043237,       -4.88971192,      -7.246322836
          0,           0,         582,      -6.358273804,      -5.360580434,      -5.444055424,      -4.888714304,      -7.247871817
          0,           0,         583,      -6.356600047,      -5.362203856,      -5.445072075,      -4.887648555,      -7.249405408
          0,           0,         584,      -6.354880923,      -5.363819701,      -5.446091599,      -4.886516937,      -7.250931047
          0,           0,         585,      -6.353118732,      -5.365426187,      -5.447112276,       -4.88532198,      -7.252456498
          0,           0,         586,      -6.351315822,      -5.367022483,      -5.448132107,      -4.884066428,      -7.253911572
          0,           0,         587,      -6.349474606,      -5.368607804,      -5.449149294,      -4.882753183,      -7.255381717
          0,           0,         588,      -6.347597628,      -5.370181789,      -5.450162081,      -4.881385418,      -7.256791509
          0,           0,         589,      -6.345687444,      -5.371743738,      -5.451168923,      -4.879966458,      -7.258256802
          0,           0,         590,      -6.343746701,      -5.373293502,       -5.45216837,      -4.878499821,      -7.259776597
          0,           0,         591,      -6.341778246,      -5.374831188,      -5.453159325,      -4.876989254,      -7.261334113
          0,           0,         592,      -6.339785151,      -5.376356229,      -5.454141032,      -4.875438763,      -7.262859441
          0,           0,         593,       -6.33777059,      -5.377868636,      -5.455112874,      -4.873852481,       -7.26441407
          0,           0,         594,      -6.335737855,      -5.379368163,      -5.456074737,      -4.872234627,       -7.26599986
          0,           0,         595,      -6.333690382,       -5.38085437,      -5.457026821,      -4.870589569,       -7.26751217
          0,           0,         596,      -6.331631725,      -5.382326559,      -5.457969533,      -4.868921761,      -7.269078988
          0,           0,         597,       -6.32956554,      -5.383784654,      -5.458903526,      -4.867235678,      -7.270686921
          0,           0,         598,      -6.327495548,      -5.385228788,      -5.459829911,      -4.865535762,       -7.27229706
          0,           0,         599,      -6.325425562,      -5.386658953,      -5.460750048,      -4.863826468,      -7.273912803
          0,           0,         600,      -6.323359404,      -5.388075358,      -5.461665397,       -4.86211218,      -7.275600649
          0,           0,         601,      -6.321300838,      -5.389477334,      -5.462577655,      -4.860397148,      -7.277242023
          0,           0,         602,      -6.319253593,      -5.390864817,       -5.46348835,      -4.858685486,      -7.278820436
          0,           0,         603,      -6.317221313,      -5.392237406,      -5.464399284,      -4.856981151,      -7.280431335
          0,           0,         604,      -6.315207525,      -5.393595442,       -5.46531214,      -4.855287911,        -7.2821226
          0,           0,         605,      -6.313215635,      -5.394938497,      -5.466228757,      -4.853609366,       -7.28375806
          0,           0,         606,      -6.311248858,      -5.396266005,      -5.467150691,      -4.851948911,      -7.285388444
          0,           0,         607,      -6.309310152,        -5.3975777,      -5.468079299,      -4.850309636,      -7.287043805
          0,           0,         608,      -6.307402253,      -5.398873543,      -5.469015893,      -4.848694362,      -7.288707629
          0,           0,         609,      -6.305527688,      -5.400153787,      -5.469961675,      -4.847105667,      -7.290378136
          0,           0,         610,      -6.303688706,      -5.401418695,       -5.47091768,      -4.845545844,      -7.292109829
          0,           0,         611,      -6.301887233,      -5.402667866,       -5.47188466,      -4.844016877,      -7.293832135
          0,           0,         612,      -6.300124835,      -5.403901165,      -5.472862988,      -4.842520401,      -7.295517673
          0,           0,         613,        -6.2984027,      -5.405118774,      -5.473852763,      -4.841057686,      -7.297159372
          0,           0,         614,      -6.296721625,      -5.406321093,      -5.474853931,      -4.839629647,      -7.298732063
          0,           0,         615,      -6.295082164,      -5.407508262,      -5.475866185,      -4.838236986,      -7.300528684
          0,           0,         616,      -6.293484489,      -5.408679682,      -5.476888889,      -4.836880066,      -7.302197793
          0,           0,         617,      -6.291928461,      -5.409836323,      -5.477921043,      -4.835558964,      -7.303791461
          0,           0,         618,      -6.290413689,      -5.410977914,      -5.478961827,      -4.834273513,      -7.305396889
          0,           0,         619,       -6.28893958,      -5.412105661,       -5.48001001,        -4.8330234,      -7.306949648
          0,           0,         620,      -6.287505327,      -5.413220598,      -5.481064545,      -4.831808096,       -7.30825294
          0,           0,         621,      -6.286109975,      -5.414322856,      -5.482124263,      -4.830627007,      -7.309839659
          0,           0,         622,      -6.284752424,      -5.415414392,      -5.483187751,      -4.829479414,      -7.311363243
          0,           0,         623,      -6.283431431,      -5.416496299,      -5.484253942,      -4.828364447,      -7.312899836
          0,           0,         624,      -6.282145694,      -5.417569502,      -5.485321625,      -4.827281246,      -7.314472596
          0,           0,         625,      -6.280893841,       -5.41863487,       -5.48638958,      -4.826228888,      -7.316089251
          0,           0,         626,      -6.279674456,      -5.419693204,      -5.487456716,      -4.825206394,      -7.317749625
          0,           0,         627,      -6.278486124,      -5.420745184,      -5.488522089,      -4.824212783,       -7.31942552
          0,           0,         628,      -6.277327447,      -5.421791199,      -5.489584937,      -4.823247087,      -7.321036181
          0,           0,         629,      -6.276197044,      -5.422831103,      -5.490644591,      -4.822308363,      -7.322715623
          0,           0,         630,      -6.275093538,      -5.423865329,      -5.491700404,      -4.821395673,      -7.324456208
          0,           0,         631,      -6.274015698,      -5.424894561,      -5.492752257,      -4.820508195,      -7.326199192
          0,           0,         632,      -6.272962391,      -5.425919295,      -5.493800227,      -4.819645196,      -7.327947114
          0,           0,         633,      -6.271932554,      -5.426939541,      -5.494844527,      -4.818806006,      -7.329683979
          0,           0,         634,      -6.270925154,      -5.427955021,      -5.495885436,       -4.81798997,      -7.331420372
          0,           0,         635,      -6.269939256,      -5.428965237,      -5.496923352,      -4.817196509,      -7.333165724
          0,           0,         636,      -6.268974059,      -5.429969751,      -5.497958827,       -4.81642515,      -7.334978342
          0,           0,         637,      -6.268028916,      -5.430967226,      -5.498992565,      -4.815675525,       -7.33675168
          0,           0,         638,      -6.267103337,      -5.431956714,      -5.500025225,      -4.814947385,      -7.338527643
          0,           0,         639,      -6.266196991,      -5.432937214,      -5.501057623,      -4.814240588,      -7.340213188
          0,           0,         640,      -6.265309741,      -5.433907377,      -5.502090648,      -4.813555141,      -7.341989536
          0,           0,         641,      -6.264441641,      -5.434867105,      -5.503125183,      -4.812891197,      -7.343922185
          0,           0,         642,      -6.263592909,       -5.43581412,      -5.504162381,      -4.812249022,      -7.345865879
          0,           0,         643,      -6.262763878,      -5.436746054,      -5.505202784,      -4.811629019,      -7.347770606
          0,           0,         644,      -6.261955003,       -5.43766141,      -5.506246924,      -4.811031568,      -7.349698955
          0,           0,         645,      -6.261166801,       -5.43855851,      -5.507295583,      -4.810457059,      -7.351587433
          0,           0,         646,       -6.26039984,       -5.43943587,      -5.508349365,      -4.809905946,       -7.35335602
          0,           0,         647,      -6.259654717,      -5.440291817,      -5.509408756,      -4.809378701,      -7.355132922
          0,           0,         648,      -6.258932058,      -5.441125351,      -5.510474073,      -4.808875812,      -7.356921996
          0,           0,         649,      -6.258232506,      -5.441935797,      -5.511545651,      -4.808397764,      -7.358645985
          0,           0,         650,      -6.257556707,       -5.44272214,      -5.512623735,      -4.807945057,      -7.360280672
          0,           0,         651,       -6.25690528,      -5.443483186,      -5.513708303,      -4.807518184,      -7.362041831
          0,           0,         652,      -6.256278812,      -5.444218464,      -5.514799165,      -4.807117595,      -7.363757367
          0,           0,         653,      -6.255677876,      -5.444927184,      -5.515896176,      -4.806743732,      -7.365407239
          0,           0,         654,      -6.255103005,      -5.445608456,      -5.516998971,      -4.806397024,      -7.367171892
          0,           0,         655,      -6.254554688,      -5.446262074,      -5.518107096,      -4.806077849,      -7.368935322
          0,           0,         656,       -6.25403339,      -5.446888195,      -5.519220276,      -4.805786554,      -7.370777286
          0,           0,         657,      -6.253539461,      -5.447486149,      -5.520338144,      -4.805523412,      -7.372552341
          0,           0,         658,      -6.253073165,      -5.448056128,      -5.521460116,       -4.80528861,      -7.374291816
          0,           0,         659,      -6.252634623,      -5.448598385,      -5.522585724,      -4.805082179,       -7.37599568
          0,           0,         660,      -6.252223774,      -5.449112885,      -5.523714579,      -4.804903999,      -7.377894927
          0,           0,         661,      -6.251840416,      -5.449599879,      -5.524846158,      -4.804753832,      -7.379741596
          0,           0,         662,       -6.25148415,      -5.450059325,      -5.525980013,      -4.804631273,      -7.381580109
          0,           0,         663,       -6.25115441,       -5.45049144,       -5.52711574,       -4.80453578,      -7.383428741
          0,           0,         664,      -6.250850512,      -5.450896579,      -5.528253073,        -4.8044667,       -7.38527537
          0,           0,         665,      -6.250571644,      -5.451275156,      -5.529391872,      -4.804423264,      -7.387104516
          0,           0,         666,      -6.250316863,      -5.451627555,      -5.530532096,      -4.804404579,      -7.388902185
          0,           0,         667,      -6.250085129,      -5.451954097,       -5.53167379,      -4.804409687,      -7.390667431
          0,           0,         668,      -6.249875382,       -5.45225508,      -5.532817122,      -4.804437647,      -7.392393152
          0,           0,         669,      -6.249686583,      -5.452530838,      -5.533962349,      -4.804487545,      -7.394090857
          0,           0,         670,      -6.249517725,      -5.452781554,      -5.535109856,        -4.8045585,      -7.395811645
          0,           0,         671,      -6.249367895,      -5.453007069,      -5.536260074,      -4.804649707,      -7.397470213
          0,           0,         672,      -6.249236329,      -5.453207729,      -5.537413447,      -4.804760498,      -7.399102578
          0,           0,         673,      -6.249122456,      -5.453383921,      -5.538570732,      -4.804890348,      -7.400712398
          0,           0,         674,      -6.249025887,      -5.453536058,      -5.539732639,      -4.805038933,      -7.402314629
          0,           0,         675,      -6.248946426,        -5.4536647,      -5.540899917,      -4.805206094,      -7.403861927
          0,           0,         676,      -6.248884044,      -5.453770176,      -5.542073312,       -4.80539181,      -7.405381607
          0,           0,         677,      -6.248838848,      -5.453852207,      -5.543253538,       -4.80559617,      -7.406928122
          0,           0,         678,      -6.248811064,      -5.453911543,      -5.544441055,      -4.805819341,      -7.408432214
          0,           0,         679,      -6.248801011,      -5.453948681,      -5.545636459,      -4.806061536,      -7.409956205
          0,           0,         680,      -6.248809096,      -5.453963848,      -5.546840222,      -4.806323044,       -7.41153432
          0,           0,         681,      -6.248835704,      -5.453957951,       -5.54805258,       -4.80660411,      -7.413109456
          0,           0,         682,      -6.248881171,       -5.45393162,      -5.549273824,      -4.806904904,      -7.414700981
          0,           0,         683,      -6.248945781,      -5.453885408,       -5.55050405,      -4.807225555,      -7.416288898
          0,           0,         684,       -6.24902967,      -5.453819818,      -5.551743175,       -4.80756602,       -7.41790014
          0,           0,         685,      -6.249132809,      -5.453735466,      -5.552990973,      -4.807926096,      -7.419521029
          0,           0,         686,      -6.249255039,       -5.45363313,      -5.554247159,      -4.808305462,      -7.421178736
          0,           0,         687,      -6.249396096,      -5.453513377,      -5.555511381,      -4.808703717,      -7.422826785
          0,           0,         688,      -6.249555554,      -5.453376533,      -5.556783082,      -4.809120313,      -7.424411893
          0,           0,         689,      -6.249732847,       -5.45322301,       -5.55806158,      -4.809554583,       -7.42588684
          0,           0,         690,      -6.249927349,      -5.453053037,      -5.559346179,      -4.810005808,        -7.4274521
          0,           0,         691,      -6.250138324,      -5.452867318,      -5.560636147,      -4.810473167,      -7.428990296
          0,           0,         692,       -6.25036495,      -5.452666477,      -5.561930819,      -4.810955814,      -7.430501542
          0,           0,         693,      -6.250606384,         -5.452451,      -5.563229515,      -4.811452922,      -7.432001075
          0,           0,         694,       -6.25086177,      -5.452221322,      -5.564531542,      -4.811963677,      -7.433494307
          0,           0,         695,      -6.251130263,      -5.451977796,      -5.565836224,      -4.812487265,      -7.434986091
          0,           0,         696,      -6.251411041,      -5.451720737,      -5.567142938,      -4.813022932,      -7.436481641
          0,           0,         697,      -6.251703361,      -5.451450474,      -5.568451148,      -4.813569993,      -7.437980908
          0,           0,         698,      -6.252006509,      -5.451167442,      -5.569760387,      -4.814127799,      -7.439522874
          0,           0,         699,       -6.25231983,      -5.450871749,      -5.571070327,      -4.814695781,       -7.44101951
          0,           0,         700,      -6.252642736,       -5.45056358,      -5.572380642,      -4.815273433,      -7.442472613
          0,           0,         701,      -6.252974692,      -5.450243189,      -5.573691101,      -4.815860277,      -7.443902482
          0,           0,         702,      -6.253315159,      -5.449910808,      -5.575001563,      -4.816455817,      -7.445167653
          0,           0,         703,      -6.253663642,      -5.449566289,      -5.576312008,      -4.817059607,      -7.446539591
          0,           0,         704,       -6.25401971,      -5.449210047,      -5.577622263,      -4.817671255,      -7.447902554
          0,           0,         705,      -6.254382967,      -5.448842446,      -5.578932386,      -4.818290386,      -7.449370538
          0,           0,         706,      -6.254753051,      -5.448463363,      -5.580242549,       -4.81891667,      -7.450769729
          0,           0,         707,      -6.255129694,      -5.448072826,      -5.581552854,       -4.81954987,      -7.452136797
          0,           0,         708,      -6.255512643,       -5.44767093,      -5.582863458,      -4.820189738,      -7.453482402
          0,           0,         709,      -6.255901707,      -5.447257757,      -5.584174599,      -4.820836102,      -7.454802132
          0,           0,         710,       -6.25629681,      -5.446833353,       -5.58548652,      -4.821488916,       -7.45610324
          0,           0,         711,      -6.256697983,      -5.446397823,      -5.586799461,       -4.82214824,      -7.457391232
          0,           0,         712,      -6.257105366,      -5.445951298,      -5.588113666,      -4.822814232,      -7.458666627
          0,           0,         713,      -6.257519193,      -5.445493911,      -5.589429363,       -4.82348712,      -7.459826078
          0,           0,         714,      -6.257939761,       -5.44502558,      -5.590746773,      -4.824167151,      -7.461082575
          0,           0,         715,      -6.258367384,      -5.444546683,      -5.592065996,      -4.824854627,      -7.462333575
          0,           0,         716,      -6.258802441,      -5.444057568,      -5.593387204,      -4.825549895,       -7.46355739
          0,           0,         717,      -6.259245395,       -5.44355853,      -5.594710537,      -4.826253388,      -7.464768173
          0,           0,         718,      -6.259696702,      -5.443049832,      -5.596036035,       -4.82696551,      -7.465970455
          0,           0,         719,      -6.260156768,      -5.442531706,      -5.597363665,      -4.827686597,       -7.46716183
          0,           0,         720,      -6.260625935,      -5.442004364,      -5.598693332,      -4.828416924,      -7.468334824
          0,           0,         721,      -6.261104505,      -5.441467966,      -5.600024857,      -4.829156736,      -7.469479454
          0,           0,         722,      -6.261592806,      -5.440922682,      -5.601357992,      -4.829906334,      -7.470591018
          0,           0,         723,      -6.262091255,      -5.440368796,      -5.602692619,      -4.830666057,      -7.471668289
          0,           0,         724,       -6.26260007,      -5.439806498,      -5.604028404,      -4.831436074,      -7.472712311
          0,           0,         725,      -6.263119384,      -5.439236015,      -5.605365059,      -4.832216484,      -7.473729333
          0,           0,         726,      -6.263649246,      -5.438657606,      -5.606702265,      -4.833007326,      -7.474725619
          0,           0,         727,      -6.264189626,      -5.438071479,      -5.608039699,      -4.833808575,      -7.475739179
          0,           0,         728,      -6.264740479,      -5.437477617,      -5.609377058,      -4.834620207,      -7.476654823
          0,           0,         729,      -6.265301796,      -5.436876312,       -5.61071398,       -4.83544223,      -7.477521309
          0,           0,         730,      -6.265873475,      -5.436267844,      -5.612050212,       -4.83627458,      -7.478353815
          0,           0,         731,        -6.2664554,      -5.435652573,      -5.613385553,      -4.837117207,      -7.479048128
          0,           0,         732,      -6.267047476,      -5.435030742,      -5.614719872,      -4.837970097,      -7.479878463
          0,           0,         733,      -6.267649697,      -5.434402938,       -5.61605302,      -4.838833337,      -7.480693096
          0,           0,         734,      -6.268262178,      -5.433769568,      -5.617385026,       -4.83970713,      -7.481454276
          0,           0,         735,      -6.268885065,      -5.433131116,      -5.618715933,      -4.840591715,      -7.482194948
          0,           0,         736,       -6.26951856,      -5.432488127,      -5.620045856,      -4.841487388,      -7.482914658
          0,           0,         737,      -6.270162952,      -5.431841207,      -5.621374988,      -4.842394537,       -7.48361283
          0,           0,         738,       -6.27081879,      -5.431191056,      -5.622703614,      -4.843313813,      -7.484289833
          0,           0,         739,      -6.271486727,      -5.430538401,      -5.624032036,      -4.844245949,      -7.484946998
          0,           0,         740,      -6.272167386,      -5.429883951,      -5.625360553,      -4.845191616,      -7.485586755
          0,           0,         741,      -6.272861389,      -5.429228403,      -5.626689483,      -4.846151482,      -7.486209326
          0,           0,         742,      -6.273569388,      -5.428572444,      -5.628019147,      -4.847126249,      -7.486813688
          0,           0,         743,       -6.27429212,      -5.427916752,      -5.629349892,      -4.848116664,      -7.487402227
          0,           0,         744,      -6.275030336,      -5.427261963,      -5.630682045,      -4.849123452,       -7.48797526
          0,           0,         745,      -6.275784585,      -5.426608555,      -5.632015733,      -4.850147215,      -7.488530336
          0,           0,         746,      -6.276555499,      -5.425957096,      -5.633351264,       -4.85118856,      -7.489068885
          0,           0,         747,      -6.277343565,      -5.425307943,       -5.63468874,      -4.852247956,      -7.489587615
          0,           0,         748,      -6.278149239,      -5.424661454,      -5.636028272,      -4.853325842,      -7.490083985
          0,           0,         749,      -6.278972955,      -5.424017933,      -5.637369911,      -4.854422617,      -7.490556551
          0,           0,         750,       -6.27981506,      -5.423377618,      -5.638713647,      -4.855538572,       -7.49100526
          0,           0,         751,      -6.280675783,      -5.422740684,      -5.640059422,      -4.856673866,      -7.491430078
          0,           0,         752,        -6.2815552,      -5.422107225,      -5.641407104,      -4.857828508,      -7.491828284
          0,           0,         753,      -6.282453349,      -5.421477307,      -5.642756521,      -4.859002457,      -7.492189902
          0,           0,         754,      -6.283370137,      -5.420850912,      -5.644107449,      -4.860195552,      -7.492528577
          0,           0,         755,      -6.284305325,      -5.420227983,      -5.645459555,      -4.861407512,      -7.492859445
          0,           0,         756,      -6.285258553,      -5.419608453,      -5.646812606,      -4.862637903,      -7.493171333
          0,           0,         757,      -6.286229354,      -5.418992292,      -5.648166277,      -4.863886235,      -7.493461762
          0,           0,         758,       -6.28721726,      -5.418379461,      -5.649520232,         -4.865152,      -7.493731937
          0,           0,         759,       -6.28822173,      -5.417769931,      -5.650874142,      -4.866434681,      -7.493980294
          0,           0,         760,      -6.289242219,      -5.417163712,      -5.652227693,      -4.867733795,      -7.494219259
          0,           0,         761,      -6.290278239,      -5.416560881,      -5.653580604,      -4.869048932,      -7.494442919
          0,           0,         762,      -6.291329352,      -5.415961515,      -5.654932606,      -4.870379712,      -7.494691717
          0,           0,         763,      -6.292395176,      -5.415365665,      -5.656283498,      -4.871725842,      -7.494868269
          0,           0,         764,      -6.293475409,      -5.414773552,      -5.657633075,      -4.873087094,      -7.495018317
          0,           0,         765,      -6.294569915,      -5.414185467,      -5.658981204,      -4.874463403,      -7.495146582
          0,           0,         766,      -6.295678604,      -5.413601729,      -5.660327783,      -4.875854754,      -7.495255232
          0,           0,         767,      -6.296801487,        -5.4130227,      -5.661672731,      -4.877261218,      -7.495347395
          0,           0,         768,      -6.297938682,      -5.412448769,      -5.663015991,      -4.878682963,      -7.495423403
          0,           0,         769,        -6.2990903,      -5.411880301,      -5.664357529,      -4.880120158,      -7.495449813
          0,           0,         770,      -6.300256499,      -5.411317618,      -5.665697342,       -4.88157302,      -7.495481469
          0,           0,         771,       -6.30143748,      -5.410761087,      -5.667035428,      -4.883041796,      -7.495521291
          0,           0,         772,      -6.302633463,      -5.410211055,      -5.668371796,      -4.884526739,      -7.495536053
          0,           0,         773,      -6.303844692,       -5.40966784,      -5.669706495,      -4.886028102,      -7.495533159
          0,           0,         774,      -6.305071439,      -5.409131729,      -5.671039573,      -4.887546145,      -7.495513571
          0,           0,         775,      -6.306313833,      -5.408602898,      -5.672371036,      -4.889081036,      -7.495476085
          0,           0,         776,      -6.307572018,      -5.408081526,      -5.673700917,       -4.89063295,      -7.495419974
          0,           0,         777,      -6.308846137,      -5.407567762,      -5.675029248,      -4.892202039,      -7.495345161
          0,           0,         778,      -6.310136369,      -5.407061762,      -5.676356061,      -4.893788508,      -7.495252086
          0,           0,         779,      -6.311442897,      -5.406563657,      -5.677681375,      -4.895392559,      -7.495141278
          0,           0,         780,      -6.312765928,      -5.406073589,      -5.679005232,      -4.897014408,      -7.495013143
          0,           0,         781,      -6.314105656,      -5.405591669,      -5.680327662,      -4.898654252,      -7.494868034
          0,           0,         782,      -6.315462343,      -5.405118034,      -5.681648691,      -4.900312319,      -7.494705321
          0,           0,         783,      -6.316835972,      -5.404652593,      -5.682968295,      -4.901988545,      -7.494523414
          0,           0,         784,      -6.318226579,      -5.404195401,      -5.684286469,      -4.903682985,      -7.494327407
          0,           0,         785,      -6.319634163,      -5.403746466,      -5.685603177,      -4.905395639,      -7.494120128
          0,           0,         786,      -6.321058667,      -5.403305773,       -5.68691836,      -4.907126454,      -7.493898618
          0,           0,         787,      -6.322500009,      -5.402873302,      -5.688231949,      -4.908875362,      -7.493661889
          0,           0,         788,      -6.323958029,      -5.402448977,      -5.689543854,      -4.910642212,      -7.493410337
          0,           0,         789,      -6.325432562,      -5.402032791,      -5.690854016,      -4.912426817,      -7.493144375
          0,           0,         790,      -6.326923357,      -5.401624629,      -5.692162306,      -4.914228906,       -7.49286458
          0,           0,         791,      -6.328430203,      -5.401224409,      -5.693468612,      -4.916048211,      -7.492571726
          0,           0,         792,      -6.329952614,      -5.400831937,      -5.694772739,      -4.917884307,      -7.492265334
          0,           0,         793,      -6.331490128,       -5.40044708,      -5.696074531,      -4.919736768,      -7.491945427
          0,           0,         794,      -6.333042297,       -5.40006973,      -5.697373853,       -4.92160518,      -7.491612076
          0,           0,         795,      -6.334608683,        -5.3996998,      -5.698670567,      -4.923489144,      -7.491265309
          0,           0,         796,      -6.336189083,      -5.399337345,      -5.699964595,      -4.925388519,      -7.490905236
          0,           0,         797,      -6.337783319,      -5.398982436,      -5.701255867,      -4.927303153,      -7.490532414
          0,           0,         798,      -6.339391058,      -5.398635065,      -5.702544299,      -4.929232748,      -7.490147003
          0,           0,         799,      -6.341012083,      -5.398295328,       -5.70382985,      -4.931177166,      -7.489749128
          0,           0,         800,      -6.342646202,      -5.397963342,      -5.705112511,      -4.933136271,      -7.489339113
          0,           0,         801,      -6.344293216,      -5.397639227,      -5.706392284,      -4.935109934,      -7.488917316
          0,           0,         802,      -6.345952985,      -5.397323155,      -5.707669198,      -4.937098104,      -7.488483901
          0,           0,         803,      -6.347625558,      -5.397015404,      -5.708943367,      -4.939100948,      -7.488038982
          0,           0,         804,      -6.349311032,      -5.396716257,      -5.710214898,      -4.941118649,      -7.487582809
          0,           0,         805,      -6.351009538,      -5.396425994,      -5.711483917,      -4.943151416,      -7.487115728
          0,           0,         806,      -6.352721253,      -5.396144907,      -5.712750554,      -4.945199499,      -7.486638311
          0,           0,         807,      -6.354446369,      -5.395873293,      -5.714014967,      -4.947263161,       -7.48615078
          0,           0,         808,      -6.356185116,      -5.395611436,      -5.715277331,      -4.949342674,      -7.485653339
          0,           0,         809,      -6.357937741,      -5.395359592,       -5.71653779,      -4.951438348,      -7.485146279
          0,           0,         810,      -6.359704375,      -5.395117958,      -5.717796471,      -4.953550378,      -7.484629865
          0,           0,         811,      -6.361485473,      -5.394886952,      -5.719053614,      -4.955679264,      -7.484104781
          0,           0,         812,      -6.363281452,      -5.394666867,      -5.720309412,      -4.957825451,      -7.483571419
          0,           0,         813,      -6.365092639,      -5.394457914,      -5.721564051,      -4.959989263,      -7.483030273
          0,           0,         814,      -6.366919491,      -5.394260372,      -5.722817722,      -4.962171162,      -7.482482102
          0,           0,         815,      -6.368762202,      -5.394074337,      -5.724070511,      -4.964371396,        -7.4819266
          0,           0,         816,      -6.370620893,      -5.393899892,      -5.725322497,      -4.966590101,      -7.481364002
          0,           0,         817,      -6.372495642,      -5.393737102,      -5.726573743,      -4.968827385,       -7.48079471
          0,           0,         818,      -6.374386493,      -5.393585998,      -5.727824286,      -4.971083293,      -7.480219231
          0,           0,         819,      -6.376293475,      -5.393446608,      -5.729074169,      -4.973357866,      -7.479638066
          0,           0,         820,      -6.378216646,      -5.393318972,      -5.730323425,      -4.975651177,      -7.479052186
          0,           0,         821,      -6.380155993,      -5.393203076,      -5.731572067,      -4.977963197,      -7.478462727
          0,           0,         822,      -6.382111452,      -5.393098871,       -5.73282007,      -4.980293838,      -7.477870117
          0,           0,         823,      -6.384082924,      -5.393006292,      -5.734067375,      -4.982642989,      -7.477273799
          0,           0,         824,      -6.386070226,      -5.392925226,      -5.735313897,      -4.985010421,      -7.476673937
          0,           0,         825,      -6.388073083,      -5.392855526,      -5.736559511,      -4.987395819,      -7.476070091
          0,           0,         826,      -6.390091303,      -5.392797118,      -5.737804119,      -4.989798946,      -7.475462797
          0,           0,         827,      -6.392124587,      -5.392749855,      -5.739047608,      -4.992219459,       -7.47485235
          0,           0,         828,      -6.394172558,      -5.392713589,      -5.740289876,      -4.994656969,      -7.474239257
          0,           0,         829,      -6.396234704,      -5.392688057,      -5.741530761,      -4.997110913,      -7.473622706
          0,           0,         830,      -6.398310635,      -5.392673206,      -5.742770217,      -4.999580898,       -7.47300206
          0,           0,         831,      -6.400399807,      -5.392668864,      -5.744008131,       -5.00206635,      -7.472379168
          0,           0,         832,      -6.402501656,      -5.392674877,      -5.745244377,      -5.004566715,      -7.471759513
          0,           0,         833,       -6.40461565,      -5.392691138,       -5.74647886,      -5.007081488,      -7.471142956
          0,           0,         834,       -6.40674129,      -5.392717567,      -5.747711512,      -5.009610203,       -7.47052667
          0,           0,         835,      -6.408878147,      -5.392754129,      -5.748942303,       -5.01215248,      -7.469911324
          0,           0,         836,      -6.411025891,      -5.392800841,      -5.750171225,      -5.014708052,      -7.469297426
          0,           0,         837,      -6.413184351,      -5.392857809,      -5.751398296,       -5.01727685,      -7.468684891
          0,           0,         838,      -6.415353366,      -5.392925128,       -5.75262354,      -5.019858775,      -7.468074147
          0,           0,         839,      -6.417532794,      -5.393002894,      -5.753846995,      -5.022453749,      -7.467465587
          0,           0,         840,      -6.419722539,       -5.39309122,      -5.755068718,      -5.025061755,      -7.466857744
          0,           0,         841,      -6.421922666,      -5.393190307,      -5.756288807,       -5.02768298,      -7.466248423
          0,           0,         842,      -6.424133414,      -5.393300432,      -5.757507374,      -5.030317775,      -7.465637674
          0,           0,         843,      -6.426355035,      -5.393421814,      -5.758724499,      -5.032966469,      -7.465028982
          0,           0,         844,      -6.428587741,       -5.39355462,      -5.759940278,      -5.035629389,      -7.464433237
          0,           0,         845,      -6.430831943,      -5.393699116,      -5.761154839,         -5.038307,      -7.463850197
          0,           0,         846,      -6.433087895,      -5.393855434,      -5.762368244,       -5.04099965,      -7.463267008
          0,           0,         847,      -6.435355627,      -5.394023589,      -5.763580505,      -5.043707462,      -7.462684624
          0,           0,         848,      -6.437635165,      -5.394203605,      -5.764791625,      -5.046430579,      -7.462102898
          0,           0,         849,      -6.439926609,      -5.394395594,      -5.766001628,      -5.049169183,      -7.461521528
          0,           0,         850,      -6.442230038,      -5.394599614,      -5.767210523,      -5.051923451,      -7.460939626
          0,           0,         851,      -6.444545515,      -5.394815705,      -5.768418317,      -5.054693541,      -7.460356773
          0,           0,         852,      -6.446873098,       -5.39504391,       -5.76962503,      -5.057479598,      -7.459779301
          0,           0,         853,      -6.449212809,        -5.3952842,      -5.770830633,       -5.06028172,      -7.459205803
          0,           0,         854,      -6.451564654,       -5.39553664,      -5.772035228,      -5.063099981,      -7.458630022
          0,           0,         855,      -6.453928825,        -5.3958012,      -5.773238578,      -5.065934722,      -7.458048695
          0,           0,         856,      -6.456305331,      -5.396077909,      -5.774440757,      -5.068786015,      -7.457464494
          0,           0,         857,      -6.458694116,      -5.396366741,      -5.775641721,      -5.071653884,      -7.456875444
          0,           0,         858,      -6.461095092,      -5.396667685,      -5.776841451,      -5.074538314,      -7.456298364
          0,           0,         859,      -6.463508163,      -5.396980676,      -5.778039923,      -5.077439287,      -7.455724862
          0,           0,         860,      -6.465933343,      -5.397305712,      -5.779237129,      -5.080356896,      -7.455142209
          0,           0,         861,      -6.468370862,      -5.397642901,      -5.780433054,      -5.083291514,       -7.45455174
          0,           0,         862,      -6.470820857,      -5.397992293,      -5.781627692,      -5.086243403,      -7.453956157
          0,           0,         863,      -6.473283079,       -5.39835374,      -5.782820986,      -5.089212344,      -7.453358692
          0,           0,         864,      -6.475757179,      -5.398727088,      -5.784012867,      -5.092198054,      -7.452760178
          0,           0,         865,      -6.478242766,      -5.399112163,      -5.785203203,      -5.095200241,       -7.45216348
          0,           0,         866,      -6.480739502,      -5.399508832,      -5.786391954,      -5.098218632,      -7.451570952
          0,           0,         867,       -6.48324715,      -5.399917138,      -5.787579196,      -5.101253094,      -7.450987069
          0,           0,         868,      -6.485765497,      -5.400337098,      -5.788764928,      -5.104303534,      -7.450416965
          0,           0,         869,      -6.488294365,      -5.400768734,      -5.789949149,      -5.107369892,      -7.449856089
          0,           0,         870,       -6.49083358,      -5.401212101,      -5.791131894,      -5.110452112,      -7.449321991
          0,           0,         871,      -6.493383036,      -5.401667241,      -5.792313268,      -5.113550223,       -7.44880935
          0,           0,         872,       -6.49594266,       -5.40213418,      -5.793493314,      -5.116664296,      -7.448300071
          0,           0,         873,      -6.498512433,         -5.402613,      -5.794672038,      -5.119794463,      -7.447790843
          0,           0,         874,      -6.501092383,      -5.403103847,      -5.795849503,      -5.122940912,      -7.447282247
          0,           0,         875,      -6.503682486,      -5.403606833,       -5.79702575,      -5.126103745,      -7.446774784
          0,           0,         876,      -6.506282634,      -5.404122034,      -5.798200839,      -5.129282995,      -7.446267162
          0,           0,         877,      -6.508892808,      -5.404649594,      -5.799374831,      -5.132478796,      -7.445758778
          0,           0,         878,      -6.511512981,       -5.40518964,      -5.800547771,      -5.135691311,      -7.445249889
          0,           0,         879,      -6.514143632,      -5.405742658,      -5.801719921,      -5.138921271,      -7.444741545
          0,           0,         880,      -6.516784959,      -5.406308788,      -5.802891371,      -5.142169035,      -7.444235206
          0,           0,         881,       -6.51943708,      -5.406888156,      -5.804062178,      -5.145434867,       -7.44373117
          0,           0,         882,      -6.522100351,      -5.407481052,      -5.805232444,      -5.148719317,      -7.443230337
          0,           0,         883,       -6.52477471,      -5.408087481,      -5.806402167,      -5.152022503,      -7.442730465
          0,           0,         884,      -6.527460195,       -5.40870754,      -5.807571391,      -5.155344616,      -7.442228098
          0,           0,         885,      -6.530156803,      -5.409341306,      -5.808740205,      -5.158685779,      -7.441718571
          0,           0,         886,      -6.532864443,      -5.409988784,      -5.809908667,      -5.162046034,      -7.441178523
          0,           0,         887,      -6.535583035,      -5.410649931,      -5.811076766,      -5.165425407,      -7.440693498
          0,           0,         888,      -6.538312458,       -5.41132471,      -5.812244377,       -5.16882385,      -7.440234788
          0,           0,         889,      -6.541052532,      -5.412013063,      -5.813411423,      -5.172241228,      -7.439810332
          0,           0,         890,      -6.543803068,      -5.412714979,      -5.814577845,      -5.175677395,      -7.439392282
          0,           0,         891,       -6.54656389,      -5.413430477,      -5.815743722,      -5.179132207,      -7.438992668
          0,           0,         892,      -6.549334764,      -5.414159516,      -5.816909085,      -5.182605459,      -7.438600773
          0,           0,         893,       -6.55211546,      -5.414902028,      -5.818073948,      -5.186096962,      -7.438214752
          0,           0,         894,      -6.554905679,      -5.415657874,      -5.819238295,      -5.189606454,      -7.437838622
          0,           0,         895,      -6.557705038,      -5.416426924,       -5.82040208,      -5.193133568,      -7.437478883
          0,           0,         896,      -6.560513031,      -5.417208944,      -5.821565207,      -5.196677747,      -7.437145481
          0,           0,         897,      -6.563329315,      -5.418003963,      -5.822727574,       -5.20023869,      -7.436839582
          0,           0,         898,       -6.56615363,      -5.418811897,      -5.823889224,      -5.203816238,      -7.436528623
          0,           0,         899,      -6.568985615,      -5.419632694,       -5.82505007,      -5.207410079,      -7.436229934
          0,           0,         900,      -6.571824795,      -5.420466367,       -5.82621006,      -5.211019788,      -7.435938922
          0,           0,         901,      -6.574670713,      -5.421312963,      -5.827369263,      -5.214644984,      -7.435654055
          0,           0,         902,      -6.577523029,      -5.422172529,       -5.82852782,      -5.218285438,      -7.435380361
          0,           0,         903,      -6.580381423,      -5.423045077,      -5.829685816,      -5.221940967,      -7.435116212
          0,           0,         904,      -6.583245631,      -5.423930637,      -5.830843263,       -5.22561147,       -7.43485894
          0,           0,         905,      -6.586115408,      -5.424829212,      -5.832000057,      -5.229296857,      -7.434603875
          0,           0,         906,      -6.588990406,      -5.425740736,      -5.833156066,      -5.232996907,      -7.434347241
          0,           0,         907,       -6.59187036,      -5.426665257,      -5.834311215,      -5.236711473,       -7.43408613
          0,           0,         908,      -6.594755083,      -5.427602814,      -5.835465389,      -5.240440517,      -7.433836863
          0,           0,         909,       -6.59764444,      -5.428553521,       -5.83661846,      -5.244184088,      -7.433615614
          0,           0,         910,      -6.600538317,      -5.429517657,      -5.837770397,      -5.247942229,       -7.43336314
          0,           0,         911,      -6.603436856,      -5.430495512,        -5.8389214,      -5.251715264,      -7.433211441
          0,           0,         912,      -6.606340112,      -5.431487236,      -5.840071575,      -5.255503427,      -7.433084456
          0,           0,         913,      -6.609247801,      -5.432492805,      -5.841220885,      -5.259306562,      -7.432951126
          0,           0,         914,      -6.612159547,      -5.433512158,       -5.84236935,      -5.263124389,      -7.432831939
          0,           0,         915,      -6.615075162,      -5.434545357,      -5.843516945,      -5.266956854,      -7.432725541
          0,           0,         916,       -6.61799446,      -5.435592442,       -5.84466358,      -5.270803937,        -7.4326268
          0,           0,         917,      -6.620917107,      -5.436653415,      -5.845809248,      -5.274665396,      -7.432526719
          0,           0,         918,      -6.623843005,      -5.437728417,      -5.846953787,      -5.278541266,      -7.432407835
          0,           0,         919,      -6.626771791,      -5.438817384,       -5.84809719,      -5.282431251,      -7.432252589
          0,           0,         920,      -6.629702977,      -5.439920255,      -5.849239426,      -5.286334924,      -7.432107367
          0,           0,         921,       -6.63263591,       -5.44103708,      -5.850380372,      -5.290251615,      -7.432015102
          0,           0,         922,      -6.635569966,      -5.442168046,      -5.851520177,      -5.294180661,      -7.431913864
          0,           0,         923,      -6.638504616,      -5.443313201,      -5.852659081,      -5.298121544,      -7.431859087
          0,           0,         924,       -6.64143937,      -5.444472249,      -5.853797014,      -5.302073874,      -7.431781787
          0,           0,         925,       -6.64437362,      -5.445644953,      -5.854933575,      -5.306037092,      -7.431694685
          0,           0,         926,      -6.647306689,      -5.446831238,      -5.856068499,      -5.310010506,      -7.431617572
          0,           0,         927,      -6.650237909,      -5.448031006,       -5.85720156,      -5.313993391,      -7.431557652
          0,           0,         928,      -6.653166879,       -5.44924435,      -5.858332731,      -5.317985353,      -7.431496641
          0,           0,         929,      -6.656093311,      -5.450471443,      -5.859462199,      -5.321986117,      -7.431394457
          0,           0,         930,      -6.659016946,        -5.4517124,      -5.860590179,      -5.325995474,      -7.431302138
          0,           0,         931,       -6.66193747,      -5.452967364,      -5.861716729,       -5.33001313,      -7.431282302
          0,           0,         932,      -6.664854475,      -5.454236566,      -5.862841929,      -5.334038564,      -7.431255823
          0,           0,         933,      -6.667767652,      -5.455520242,      -5.863966012,      -5.338071345,      -7.431268388
          0,           0,         934,      -6.670676844,      -5.456818552,      -5.865089292,      -5.342111231,      -7.431347262
          0,           0,         935,      -6.673581838,      -5.458131503,      -5.866211914,      -5.346157947,       -7.43144446
          0,           0,         936,      -6.676482282,      -5.459459028,      -5.867333831,      -5.350211048,      -7.431617303
          0,           0,         937,       -6.67937778,      -5.460800889,      -5.868454874,      -5.354270033,       -7.43179889
          0,           0,         938,      -6.682267843,      -5.462156866,      -5.869574683,      -5.358334283,      -7.431981475
          0,           0,         939,      -6.685151955,      -5.463526738,      -5.870692979,      -5.362403123,      -7.432134526
          0,           0,         940,      -6.688029633,      -5.464910502,      -5.871809481,      -5.366475902,      -7.432276458
          0,           0,         941,      -6.690900559,      -5.466308301,      -5.872924081,      -5.370552204,      -7.432408391
          0,           0,         942,      -6.693764491,      -5.467720365,      -5.874036834,      -5.374631675,      -7.432533093
          0,           0,         943,      -6.696620991,      -5.469146792,      -5.875147753,       -5.37871366,      -7.432655817
          0,           0,         944,      -6.699469442,      -5.470587655,      -5.876256822,      -5.382797181,      -7.432780265
          0,           0,         945,      -6.702309084,      -5.472043019,       -5.87736401,       -5.38688107,      -7.432901087
          0,           0,         946,      -6.705139065,       -5.47351301,      -5.878469344,       -5.39096401,      -7.433017954
          0,           0,         947,      -6.707958495,      -5.474997739,       -5.87957284,      -5.395044604,      -7.433127462
          0,           0,         948,      -6.710766428,      -5.476497337,      -5.880674549,      -5.399121367,      -7.433232589
          0,           0,         949,      -6.713561832,      -5.478011858,      -5.881774448,      -5.403192667,      -7.433336478
          0,           0,         950,      -6.716343704,      -5.479541357,      -5.882872453,      -5.407256891,      -7.433438426
          0,           0,         951,      -6.719110966,      -5.481085852,      -5.883968471,      -5.411312271,      -7.433531256
          0,           0,         952,      -6.721862875,      -5.482645488,      -5.885062426,      -5.415357476,      -7.433611005
          0,           0,         953,      -6.724598289,      -5.484220077,      -5.886154146,      -5.419390596,      -7.433746177
          0,           0,         954,      -6.727316099,      -5.485809701,      -5.887243435,      -5.423409665,      -7.433911507
          0,           0,         955,      -6.730015334,      -5.487414562,      -5.888330333,      -5.427412799,      -7.434076094
          0,           0,         956,      -6.732695271,       -5.48903471,      -5.889414932,      -5.431398489,      -7.434253797
          0,           0,         957,       -6.73535517,      -5.490670099,      -5.890497195,        -5.4353652,      -7.434431608
          0,           0,         958,      -6.737994257,      -5.492320624,      -5.891576986,      -5.439311248,      -7.434568943
          0,           0,         959,       -6.74061184,      -5.493986124,      -5.892654097,      -5.443235043,      -7.434829719
          0,           0,         960,      -6.743207209,      -5.495666779,      -5.893728311,      -5.447134784,       -7.43509403
          0,           0,         961,      -6.745779699,      -5.497362638,      -5.894799728,      -5.451008668,      -7.435359555
          0,           0,         962,      -6.748328805,      -5.499073627,      -5.895868291,      -5.454855217,      -7.435640374
          0,           0,         963,      -6.750853942,       -5.50079976,      -5.896933763,      -5.458672784,      -7.435889014
          0,           0,         964,      -6.753354456,      -5.502541139,       -5.89799603,      -5.462459525,      -7.436286364
          0,           0,         965,       -6.75582978,      -5.504298197,       -5.89905514,      -5.466213516,      -7.436690006
          0,           0,         966,       -6.75827932,      -5.506070896,      -5.900111492,      -5.469932924,      -7.437107926
          0,           0,         967,      -6.760702364,      -5.507859036,      -5.901165015,      -5.473615868,      -7.437546681
          0,           0,         968,      -6.763098045,      -5.509662374,       -5.90221532,      -5.477260156,      -7.438007864
          0,           0,         969,      -6.765465363,       -5.51148095,      -5.903262057,      -5.480863238,       -7.43851681
          0,           0,         970,      -6.767803467,      -5.513314882,      -5.904305289,      -5.484422779,      -7.439044848
          0,           0,         971,      -6.770111765,      -5.515164169,      -5.905345091,      -5.487937094,      -7.439513845
          0,           0,         972,       -6.77238945,       -5.51702861,      -5.906381277,      -5.491404108,      -7.439957936
          0,           0,         973,      -6.774635627,      -5.518907897,      -5.907413639,      -5.494821563,      -7.440343968
          0,           0,         974,      -6.776849278,      -5.520801725,      -5.908441788,      -5.498187043,      -7.440799335
          0,           0,         975,      -6.779029404,      -5.522710336,      -5.909465507,      -5.501497908,      -7.441270631
          0,           0,         976,      -6.781175277,      -5.524634174,      -5.910485163,      -5.504751833,      -7.441715324
          0,           0,         977,      -6.783286473,      -5.526573371,      -5.911501208,      -5.507947209,      -7.442166161
          0,           0,         978,      -6.785362527,      -5.528527905,      -5.912513722,      -5.511082494,      -7.442629992
          0,           0,         979,      -6.787402783,      -5.530497725,       -5.91352262,      -5.514155733,       -7.44311527
          0,           0,         980,      -6.789406576,      -5.532482755,      -5.914527747,      -5.517164918,      -7.443625542
          0,           0,         981,      -6.791373316,      -5.534482989,         -5.915529,      -5.520108161,       -7.44416851
          0,           0,         982,      -6.793302529,      -5.536498476,      -5.916526269,      -5.522983771,      -7.444741754
          0,           0,         983,      -6.795193875,      -5.538529288,      -5.917519685,      -5.525790339,      -7.445342966
          0,           0,         984,      -6.797047166,      -5.540575484,       -5.91850929,      -5.528526775,      -7.445968123
          0,           0,         985,      -6.798862263,      -5.542637146,      -5.919495173,      -5.531192129,      -7.446613324
          0,           0,         986,      -6.800639098,      -5.544714247,      -5.920477307,      -5.533785612,        -7.4472744
          0,           0,         987,      -6.802377544,      -5.546806845,      -5.921455644,      -5.536306326,      -7.447950146
          0,           0,         988,      -6.804077496,      -5.548915209,       -5.92243015,      -5.538753318,      -7.448650625
          0,           0,         989,      -6.805738882,      -5.551039474,      -5.923400932,      -5.541125721,      -7.449384494
          0,           0,         990,      -6.807361674,      -5.553179635,      -5.924367919,      -5.543422925,       -7.45011604
          0,           0,         991,      -6.808945795,      -5.555335582,      -5.925330931,      -5.545644232,      -7.450855431
          0,           0,         992,      -6.810490991,      -5.557507149,       -5.92628977,       -5.54778863,      -7.451582994
          0,           0,         993,      -6.811996955,      -5.559694249,      -5.927244163,      -5.549855064,      -7.452273846
          0,           0,         994,      -6.813463407,      -5.561896729,      -5.928193838,      -5.551842596,      -7.452925538
          0,           0,         995,      -6.814890078,      -5.564114522,      -5.929138625,      -5.553750379,      -7.453692699
          0,           0,         996,      -6.816276714,      -5.566347969,      -5.930078344,      -5.555577423,      -7.454425012
          0,           0,         997,      -6.817623118,      -5.568597196,      -5.931013158,      -5.557322988,      -7.455178253
          0,           0,         998,      -6.818929324,      -5.570862195,      -5.931943122,      -5.558986881,       -7.45595338
