"Time_Iter","Outer_Iter","Inner_Iter",    "rms[Rho]"    ,    "rms[RhoU]"   ,    "rms[RhoV]"   ,    "rms[RhoE]"   ,    "RefForce"    ,       "CD"       ,       "CL"       ,       "CSF"      ,       "CMx"      ,       "CMy"      ,       "CMz"      ,       "CFx"      ,       "CFy"      ,       "CFz"      ,      "CEff"      
          0,           0,           0,      -3.581346632,      -3.698349656,      -4.145839485,      -2.984969488,             0.448,      0.2407162764,      0.1401739534,                 0,                 0,                 0,     0.01642535768,      0.2376011138,      0.1453917937,                 0,      0.5823202132
          0,           0,           1,      -3.833736453,      -3.708488351,      -3.735662346,      -3.222809691,             0.448,     0.09245166468,       0.030093443,                 0,                 0,                 0,   -0.006982717798,     0.09177317869,     0.03210310402,                 0,      0.3255046094
          0,           0,           2,        -3.7685914,      -3.680329827,      -3.700696364,      -3.170203414,             0.448,     0.06811452574,     0.03872367975,                 0,                 0,                 0,   -0.008467950752,     0.06725356371,     0.04020037512,                 0,      0.5685083957
          0,           0,           3,      -3.714040186,      -3.724734144,      -3.702056836,      -3.121669294,             0.448,     0.08299578368,        0.07132476,                 0,                 0,                 0,   -0.006376451145,      0.0814200915,     0.07311833012,                 0,      0.8593781133
          0,           0,           4,      -3.663353519,      -3.692493872,      -3.668822498,      -3.074183814,             0.448,     0.06273099899,     0.06682879022,                 0,                 0,                 0,    -0.01011009129,     0.06125820833,     0.06818135631,                 0,       1.065323226
          0,           0,           5,      -3.658609711,      -3.669989381,      -3.662073302,      -3.073535844,             0.448,     0.04948386688,     0.06248282815,                 0,                 0,                 0,    -0.01493901747,     0.04810903535,      0.0635474438,                 0,       1.262690895
          0,           0,           6,      -3.655039851,      -3.788651034,      -3.699968992,      -3.076449995,             0.448,     0.04547720245,     0.06121882001,                 0,                 0,                 0,    -0.01873424917,     0.04413089859,     0.06219633153,                 0,        1.34614305
          0,           0,           7,      -3.659256133,      -3.791442931,      -3.690717312,      -3.082863439,             0.448,     0.04094977326,     0.05844554033,                 0,                 0,                 0,    -0.02143347223,     0.03966504558,     0.05932494647,                 0,       1.427249425
          0,           0,           8,      -3.642208297,      -3.714630207,      -3.704560123,      -3.064820358,             0.448,     0.03524230889,     0.05618183853,                 0,                 0,                 0,    -0.02315701812,     0.03400832183,     0.05693727569,                 0,       1.594158848
          0,           0,           9,       -3.65673355,      -3.751822882,      -3.710604675,      -3.082887327,             0.448,     0.03054224048,      0.0547338107,                 0,                 0,                 0,    -0.02422666712,     0.02934096047,       0.055387061,                 0,       1.792069273
          0,           0,          10,      -3.663400393,      -3.808583777,      -3.737969037,      -3.093557761,             0.448,     0.02724249523,     0.05377060023,                 0,                 0,                 0,    -0.02477282663,     0.02606301279,     0.05435209618,                 0,       1.973776623
          0,           0,          11,      -3.669556921,      -3.834469928,      -3.762274515,      -3.102033103,             0.448,     0.02421260919,     0.05305904158,                 0,                 0,                 0,     -0.0249030076,     0.02304937035,     0.05357461025,                 0,        2.19138058
          0,           0,          12,       -3.67469599,      -3.846382051,      -3.773040287,      -3.107704511,             0.448,     0.02096262767,     0.05217346946,                 0,                 0,                 0,    -0.02500589711,     0.01981948089,      0.0526183509,                 0,       2.488880225
          0,           0,          13,      -3.677928225,      -3.852403975,      -3.782508085,      -3.109536403,             0.448,     0.01776691458,     0.05131284244,                 0,                 0,                 0,    -0.02521991605,     0.01664330278,     0.05168821458,                 0,       2.888112182
          0,           0,          14,      -3.686049285,       -3.86027837,      -3.793368796,        -3.1155202,             0.448,     0.01481210314,     0.05092877594,                 0,                 0,                 0,    -0.02542672598,     0.01369757287,     0.05123978059,                 0,        3.43832172
          0,           0,          15,      -3.696328378,      -3.869428701,      -3.809304431,      -3.123934187,             0.448,     0.01204062528,     0.05094287719,                 0,                 0,                 0,    -0.02561265254,     0.01092644692,     0.05119341902,                 0,       4.230916254
          0,           0,          16,      -3.707333521,      -3.875156695,      -3.830698473,      -3.134401807,             0.448,    0.009355280142,     0.05109147817,                 0,                 0,                 0,    -0.02581269427,    0.008238499116,     0.05128340415,                 0,       5.461245136
          0,           0,          17,      -3.720090587,       -3.87582988,       -3.85387689,      -3.148207715,             0.448,    0.006713695557,     0.05130414109,                 0,                 0,                 0,    -0.02600925815,    0.005592903939,     0.05143839059,                 0,       7.641713964
          0,           0,          18,       -3.73490022,      -3.873215904,       -3.87764557,      -3.164923641,             0.448,     0.00412322486,     0.05156381441,                 0,                 0,                 0,    -0.02620116678,    0.002997384961,      0.0516414913,                 0,       12.50570031
          0,           0,          19,      -3.752613439,       -3.87187395,      -3.903949759,         -3.184472,             0.448,    0.001618989382,     0.05170523407,                 0,                 0,                 0,    -0.02646357969,   0.0004906603689,     0.05172824769,                 0,       31.93673452
          0,           0,          20,      -3.773972362,      -3.876157211,      -3.934459786,      -3.207070509,             0.448,  -0.0007285745917,     0.05163888828,                 0,                 0,                 0,    -0.02681469937,   -0.001854897622,     0.05161070585,                 0,      -70.87659776
          0,           0,          21,      -3.797421399,      -3.887255002,       -3.96842128,      -3.231044203,             0.448,   -0.002810714099,     0.05155866242,                 0,                 0,                 0,    -0.02716138342,   -0.003934791518,     0.05148507745,                 0,      -18.34361682
          0,           0,          22,      -3.820311293,      -3.903497628,       -4.00240875,      -3.253907541,             0.448,   -0.004520073449,     0.05171108425,                 0,                 0,                 0,    -0.02742934985,   -0.005647069152,     0.05160017353,                 0,      -11.44031946
          0,           0,          23,      -3.841580672,      -3.922028586,      -4.032792075,      -3.274825509,             0.448,   -0.005779808671,     0.05220603954,                 0,                 0,                 0,    -0.02760872745,   -0.006917301984,     0.05206753006,                 0,      -9.032485764
          0,           0,          24,      -3.861341149,      -3.940421921,      -4.058376675,      -3.294081162,             0.448,   -0.006518541604,     0.05326690317,                 0,                 0,                 0,    -0.02763104641,   -0.007679001736,     0.05311202585,                 0,      -8.171598252
          0,           0,          25,      -3.880642802,      -3.958181964,      -4.080750607,      -3.312888484,             0.448,   -0.006743691994,     0.05469149096,                 0,                 0,                 0,    -0.02760968062,   -0.007935175766,       0.054531363,                 0,      -8.110022078
          0,           0,          26,       -3.90088581,      -3.976853513,      -4.102144916,       -3.33275787,             0.448,   -0.006484254204,     0.05631253758,                 0,                 0,                 0,    -0.02763218684,    -0.00771116266,     0.05615768346,                 0,      -8.684504926
          0,           0,          27,      -3.923149759,      -3.998347076,      -4.124611955,      -3.354901087,             0.448,   -0.005777701329,     0.05811972521,                 0,                 0,                 0,      -0.027706841,   -0.007044201516,      0.0579798544,                 0,      -10.05931631
          0,           0,          28,      -3.947363154,      -4.024072131,      -4.150117597,      -3.379328075,             0.448,   -0.004699695635,     0.06001751102,                 0,                 0,                 0,    -0.02786982348,   -0.006007852337,     0.05990070516,                 0,       -12.7705102
          0,           0,          29,       -3.97300758,      -4.054962693,      -4.180212782,      -3.405606833,             0.448,   -0.003360255158,     0.06188734859,                 0,                 0,                 0,    -0.02814304394,   -0.004709520903,      0.0617993175,                 0,      -18.41745513
          0,           0,          30,      -4.000264909,      -4.091459137,       -4.21518914,      -3.434046677,             0.448,   -0.001877120466,     0.06360948188,                 0,                 0,                 0,    -0.02853450019,   -0.003264307296,     0.06355339537,                 0,      -33.88673399
          0,           0,          31,      -4.029699924,      -4.133422915,      -4.253990777,      -3.465017465,             0.448,  -0.0003550332577,     0.06504912415,                 0,                 0,                 0,    -0.02906201364,   -0.001773987934,     0.06502589921,                 0,      -183.2198047
          0,           0,          32,      -4.061028239,      -4.179821445,      -4.294393406,      -3.497815716,             0.448,    0.001117087496,     0.06611199891,                 0,                 0,                 0,    -0.02974502747,  -0.0003254039959,     0.06612063518,                 0,        59.1824715
          0,           0,          33,      -4.093762249,      -4.228608836,      -4.333431531,      -3.531678116,             0.448,     0.00246815848,     0.06672600333,                 0,                 0,                 0,    -0.03059128787,    0.001011951034,     0.06676396694,                 0,       27.03473212
          0,           0,          34,      -4.127399192,      -4.276866987,      -4.368733637,      -3.565876332,             0.448,    0.003655939786,     0.06694525006,                 0,                 0,                 0,    -0.03154575893,    0.002194666838,     0.06700907281,                 0,       18.31136561
          0,           0,          35,       -4.16128796,      -4.321762734,      -4.399837986,      -3.599738897,             0.448,    0.004653695205,     0.06687533511,                 0,                 0,                 0,    -0.03253585268,    0.003193710005,     0.06696094042,                 0,       14.37037282
          0,           0,          36,      -4.194910904,      -4.362050815,       -4.42827963,      -3.632930199,             0.448,     0.00543896142,     0.06660332111,                 0,                 0,                 0,    -0.03350506202,    0.003984723301,     0.06670612164,                 0,       12.24559543
          0,           0,          37,      -4.227677564,      -4.398697199,      -4.456596959,      -3.665192641,             0.448,    0.005994495704,     0.06617577465,                 0,                 0,                 0,    -0.03441517326,     0.00454945226,     0.06629079584,                 0,       11.03942315
          0,           0,          38,      -4.258993798,      -4.433950903,      -4.487325966,      -3.696209447,             0.448,    0.006315078059,     0.06563553616,                 0,                 0,                 0,    -0.03522926653,    0.004881743566,     0.06575767938,                 0,       10.39346395
          0,           0,          39,      -4.288486376,      -4.469892902,      -4.522103321,      -3.725744928,             0.448,    0.006408821661,     0.06504607417,                 0,                 0,                 0,    -0.03591159918,    0.004988323905,     0.06517040268,                 0,       10.14945923
          0,           0,          40,      -4.316032477,      -4.507624627,      -4.561116907,      -3.753730384,             0.448,    0.006295912157,     0.06447535124,                 0,                 0,                 0,    -0.03643553282,    0.004887891526,     0.06459735245,                 0,       10.24082764
          0,           0,          41,      -4.341758453,      -4.547157109,      -4.603077772,       -3.78026207,             0.448,    0.006006274266,     0.06397823023,                 0,                 0,                 0,    -0.03679057011,    0.004609167198,     0.06409403132,                 0,       10.65189956
          0,           0,          42,      -4.365834255,      -4.587612043,       -4.64545982,      -3.805391382,             0.448,    0.005575854404,       0.063599578,                 0,                 0,                 0,      -0.036979901,    0.004187110019,     0.06370607964,                 0,       11.40624797
          0,           0,          43,      -4.388508288,      -4.627582488,      -4.685185019,      -3.829191044,             0.448,    0.005042325898,     0.06336131361,                 0,                 0,                 0,    -0.03702258907,    0.003658906189,     0.06345623309,                 0,        12.5658902
          0,           0,          44,      -4.410001653,      -4.665566117,      -4.719829499,      -3.851728837,             0.448,    0.004442721702,     0.06326983777,                 0,                 0,                 0,     -0.0369430544,    0.003061440218,     0.06335169872,                 0,       14.24123364
          0,           0,          45,       -4.43032509,      -4.700238905,       -4.74866138,      -3.872897103,             0.448,     0.00381171362,     0.06332067619,                 0,                 0,                 0,    -0.03676732512,    0.002429473264,     0.06338875968,                 0,       16.61212843
          0,           0,          46,      -4.449312831,      -4.730660867,      -4.772748163,      -3.892481995,             0.448,    0.003180895977,     0.06350767648,                 0,                 0,                 0,    -0.03651947812,    0.001794726349,     0.06356195425,                 0,       19.96534214
          0,           0,          47,      -4.466738532,      -4.756592167,      -4.794052441,      -3.910273829,             0.448,    0.002577369259,     0.06382149795,                 0,                 0,                 0,     -0.0362201965,    0.001184497275,     0.06386253518,                 0,       24.76226397
          0,           0,          48,      -4.482307819,      -4.778626431,      -4.814529254,      -3.926023156,             0.448,    0.002024572483,     0.06424346569,                 0,                 0,                 0,    -0.03589079959,    0.000622626871,      0.0642723433,                 0,       31.73186746
          0,           0,          49,      -4.495980297,      -4.798168625,      -4.835344653,      -3.939770404,             0.448,    0.001539936093,     0.06476469688,                 0,                 0,                 0,    -0.03554229524,    0.000126735213,     0.06478287816,                 0,       42.05674325
          0,           0,          50,       -4.50801555,      -4.817042747,      -4.856693292,      -3.951869456,             0.448,    0.001135024891,     0.06537296115,                 0,                 0,                 0,    -0.03518408722,  -0.0002913488462,     0.06538216459,                 0,        57.5960595
          0,           0,          51,       -4.51890246,      -4.837028315,      -4.878050611,      -3.962905946,             0.448,   0.0008168846304,     0.06606404328,                 0,                 0,                 0,    -0.03482070032,   -0.000624489275,     0.06606614207,                 0,       80.87316228
          0,           0,          52,       -4.52923117,      -4.859437379,      -4.898368177,      -3.973517551,             0.448,   0.0005880887378,     0.06683637059,                 0,                 0,                 0,    -0.03445461252,   -0.000870078952,     0.06683329443,                 0,       113.6501455
          0,           0,          53,      -4.539399251,      -4.884888039,      -4.916988633,      -3.984065951,             0.448,   0.0004465440947,     0.06767905527,                 0,                 0,                 0,     -0.0340929997,   -0.001029972981,      0.0676726908,                 0,       151.5618638
          0,           0,          54,      -4.549869255,      -4.913331916,      -4.934072458,      -3.994970087,             0.448,   0.0003871394807,     0.06857740448,                 0,                 0,                 0,    -0.03374650763,   -0.001108960843,     0.06856953032,                 0,        177.138752
          0,           0,          55,      -4.561262696,      -4.944247172,      -4.950679232,      -4.006810715,             0.448,   0.0003994553299,     0.06949912375,                 0,                 0,                 0,    -0.03342970926,   -0.001116755124,     0.06949129891,                 0,       173.9847201
          0,           0,          56,      -4.574242246,      -4.976628454,      -4.968360294,      -4.020187245,             0.448,   0.0004704767867,     0.07041930947,                 0,                 0,                 0,    -0.03315030333,   -0.001065824314,     0.07041281498,                 0,       149.6764802
          0,           0,          57,      -4.589097827,      -5.009419027,      -4.988130355,       -4.03538782,             0.448,   0.0005880253048,     0.07132343137,                 0,                 0,                 0,    -0.03290930762,   -0.000968027085,     0.07131928603,                 0,       121.2931328
          0,           0,          58,      -4.606032071,       -5.04184505,       -5.01041713,      -4.052665335,             0.448,   0.0007394214779,     0.07220109655,                 0,                 0,                 0,    -0.03270827147,   -0.000835813105,     0.07220004504,                 0,       97.64538725
          0,           0,          59,      -4.625035855,      -5.073522374,      -5.034857928,      -4.072071124,             0.448,   0.0009105524096,     0.07303193668,                 0,                 0,                 0,     -0.0325528185,  -0.0006828475797,     0.07303442065,                 0,       80.20618683
          0,           0,          60,      -4.645864377,      -5.104327426,       -5.06038805,      -4.093412748,             0.448,    0.001087614334,     0.07379879892,                 0,                 0,                 0,    -0.03244580225,  -0.0005225568029,     0.07380496299,                 0,       67.85383073
          0,           0,          61,      -4.668228927,      -5.134550111,      -5.086145393,      -4.116398997,             0.448,    0.001259676071,     0.07449755233,                 0,                 0,                 0,    -0.03238392592,  -0.0003657792376,     0.07450730362,                 0,       59.14024571
          0,           0,          62,      -4.691814348,      -5.164724625,      -5.111442644,      -4.140678862,             0.448,    0.001417573395,     0.07512801988,                 0,                 0,                 0,    -0.03236245303,  -0.0002216730651,     0.07514106565,                 0,       52.99762264
          0,           0,          63,      -4.716000449,      -5.194939689,      -5.135767437,      -4.165558223,             0.448,    0.001553326331,     0.07568778645,                 0,                 0,                 0,    -0.03237766802,  -9.816367883e-05,     0.07570366044,                 0,       48.72626244
          0,           0,          64,      -4.740118166,      -5.225230653,      -5.159035723,      -4.190313884,             0.448,    0.001661648602,     0.07617341671,                 0,                 0,                 0,    -0.03242663806,  -4.611532077e-07,     0.07619153817,                 0,       45.84207311
          0,           0,          65,       -4.76368042,      -5.255471752,      -5.181369683,      -4.214371335,             0.448,    0.001740163262,     0.07658602629,                 0,                 0,                 0,    -0.03250453839,   6.903379164e-05,     0.07660576235,                 0,       44.01082815
          0,           0,          66,      -4.786305463,      -5.285027912,      -5.203065605,      -4.237282961,             0.448,    0.001788754929,     0.07692655112,                 0,                 0,                 0,    -0.03260713552,   0.0001101853852,     0.07694726616,                 0,       43.00564033
          0,           0,          67,      -4.807815856,      -5.313125489,      -5.224358546,      -4.258866321,             0.448,    0.001808088226,     0.07719184262,                 0,                 0,                 0,    -0.03273215231,   0.0001237267777,     0.07721291629,                 0,       42.69251992
          0,           0,          68,      -4.828317382,       -5.33903844,      -5.245708176,       -4.27923417,             0.448,    0.001800314282,     0.07738799921,                 0,                 0,                 0,     -0.0328729226,   0.0001116755502,     0.07740885661,                 0,       42.98582752
          0,           0,          69,      -4.848179465,      -5.362265907,      -5.267510764,      -4.298773864,             0.448,    0.001769138024,     0.07752315684,                 0,                 0,                 0,    -0.03302241726,   7.755826307e-05,     0.07754330197,                 0,       43.81973356
          0,           0,          70,      -4.867678135,      -5.382488527,      -5.289710266,      -4.317823193,             0.448,    0.001718984594,     0.07760788003,                 0,                 0,                 0,    -0.03317353044,   2.556854139e-05,     0.07762691091,                 0,       45.14751343
          0,           0,          71,      -4.887074282,      -5.399788917,      -5.312475542,      -4.336689917,             0.448,    0.001654197328,     0.07765353252,                 0,                 0,                 0,    -0.03331924455,   -4.01992108e-05,     0.07767113921,                 0,       46.94333089
          0,           0,          72,      -4.906576418,       -5.41456253,      -5.335915662,      -4.355650141,             0.448,    0.001579507138,     0.07766925446,                 0,                 0,                 0,    -0.03345490887,  -0.0001152145982,     0.07768522804,                 0,       49.17309493
          0,           0,          73,      -4.926365756,      -5.427402271,      -5.359902378,      -4.374951264,             0.448,    0.001499313279,     0.07766043929,                 0,                 0,                 0,    -0.03357802114,  -0.0001951970719,     0.07767466555,                 0,       51.79733974
          0,           0,          74,      -4.946560779,      -5.439195879,       -5.38444441,      -4.394744658,             0.448,    0.001417462161,     0.07763487721,                 0,                 0,                 0,    -0.03368554253,  -0.0002764710779,     0.07764732398,                 0,       54.77033487
          0,           0,          75,      -4.967245654,      -5.451004554,      -5.409639284,      -4.415127755,             0.448,    0.001337668977,      0.0776016424,                 0,                 0,                 0,    -0.03377442507,  -0.0003555202596,     0.07761235641,                 0,       58.01259037
          0,           0,          76,      -4.988319141,      -5.463923416,      -5.435191534,      -4.436000142,             0.448,    0.001263003943,     0.07756807291,                 0,                 0,                 0,    -0.03384303819,  -0.0004294352104,     0.07757716609,                 0,       61.41554294
          0,           0,          77,      -5.009612402,       -5.47874013,      -5.460496921,      -4.457182418,             0.448,    0.001195881189,     0.07754111538,                 0,                 0,                 0,    -0.03389073431,  -0.0004959539155,     0.07754875071,                 0,       64.84014974
          0,           0,          78,      -5.030878314,      -5.495910908,      -5.484891943,      -4.478407225,             0.448,    0.001138000376,     0.07752607783,                 0,                 0,                 0,     -0.0339181996,  -0.0005534929124,     0.07753245407,                 0,       68.12482621
          0,           0,          79,      -5.051902807,      -5.515632334,      -5.507664151,      -4.499439397,             0.448,    0.001090195705,     0.07752444719,                 0,                 0,                 0,    -0.03392793086,  -0.0006012506352,     0.07752978097,                 0,       71.11057845
          0,           0,          80,      -5.072570967,      -5.537849741,      -5.528794366,      -4.520147539,             0.448,    0.001052527383,     0.07753995743,                 0,                 0,                 0,    -0.03392117757,  -0.0006392483472,     0.07754446578,                 0,       73.67025191
          0,           0,          81,      -5.092740281,      -5.562475587,      -5.548911325,      -4.540372408,             0.448,    0.001024599662,     0.07757474279,                 0,                 0,                 0,    -0.03389961833,  -0.0006679282604,     0.07757863363,                 0,       75.71224709
          0,           0,          82,      -5.112355195,      -5.589383166,      -5.568480189,      -4.560081789,             0.448,    0.001005802813,     0.07762950967,                 0,                 0,                 0,    -0.03386553584,  -0.0006879153695,     0.07763297742,                 0,       77.18163905
          0,           0,          83,      -5.131464779,      -5.618275041,      -5.587838626,      -4.579365048,             0.448,   0.0009951442443,     0.07770470212,                 0,                 0,                 0,    -0.03382068765,  -0.0007002117163,     0.07770791946,                 0,       78.08385825
          0,           0,          84,      -5.150141817,      -5.648694679,      -5.607227853,      -4.598309127,             0.448,   0.0009914627465,     0.07779965142,                 0,                 0,                 0,    -0.03376713302,  -0.0007059636463,     0.07780276586,                 0,         78.469566
          0,           0,          85,      -5.168537209,         -5.680167,      -5.626908454,      -4.617064542,             0.448,    0.000993522357,     0.07791308865,                 0,                 0,                 0,    -0.03370685991,  -0.0007063791461,     0.07791622102,                 0,       78.42107236
          0,           0,          86,      -5.186757358,      -5.712158983,      -5.647056751,      -4.635721622,             0.448,   0.0009999676344,     0.07804406481,                 0,                 0,                 0,    -0.03364161573,  -0.0007027926322,     0.07804730661,                 0,       78.04659083
          0,           0,          87,       -5.20485864,      -5.744214469,      -5.667720302,       -4.65431965,             0.448,    0.001009653867,     0.07818874112,                 0,                 0,                 0,    -0.03357422877,  -0.0006962648023,      0.0781921598,                 0,       77.44113474
          0,           0,          88,      -5.222902253,      -5.775880429,      -5.688708018,      -4.672903518,             0.448,    0.001021503997,     0.07834287024,                 0,                 0,                 0,    -0.03350730468,  -0.0006877798004,     0.07834651075,                 0,       76.69365018
          0,           0,          89,      -5.240894592,      -5.806839869,      -5.709799673,      -4.691428425,             0.448,    0.001034501833,     0.07850338603,                 0,                 0,                 0,    -0.03344273319,  -0.0006782866915,     0.07850727189,                 0,       75.88520728
          0,           0,          90,       -5.25878079,      -5.836916217,      -5.731106409,      -4.709800532,             0.448,    0.001047844948,     0.07866713445,                 0,                 0,                 0,    -0.03338224073,  -0.0006685189047,     0.07867127242,                 0,       75.07516699
          0,           0,          91,       -5.27645382,       -5.86637049,      -5.752304947,       -4.72788531,             0.448,    0.001060787772,       0.078830391,                 0,                 0,                 0,    -0.03332736002,  -0.0006591405839,     0.07883477247,                 0,       74.31306534
          0,           0,          92,      -5.293876178,      -5.895357635,       -5.77279671,       -4.74562759,             0.448,    0.001072680175,     0.07899116578,                 0,                 0,                 0,    -0.03327845439,   -0.000650758294,     0.07899576842,                 0,        73.6390656
          0,           0,          93,      -5.311054915,      -5.923814346,      -5.792126262,      -4.763007007,             0.448,    0.001083057471,     0.07914745475,                 0,                 0,                 0,     -0.0332356826,   -0.000643792893,     0.07915224657,                 0,       73.07779766
          0,           0,          94,      -5.327982514,        -5.9515761,      -5.810362392,      -4.779989944,             0.448,    0.001091651588,     0.07929641171,                 0,                 0,                 0,    -0.03319964321,  -0.0006384503005,     0.07930135556,                 0,       72.63893771
          0,           0,          95,      -5.344564925,      -5.978577641,      -5.827576769,      -4.796479475,             0.448,    0.001098398308,     0.07943754796,                 0,                 0,                 0,    -0.03316986841,  -0.0006347840577,     0.07944260541,                 0,       72.32125852
          0,           0,          96,      -5.360682865,      -6.004595188,      -5.844034891,      -4.812366603,             0.448,    0.001103313083,     0.07957067344,                 0,                 0,                 0,    -0.03314557229,  -0.0006327745683,     0.07957580642,                 0,       72.11975878
          0,           0,          97,      -5.376337609,      -6.029507808,      -5.860159938,      -4.827682095,             0.448,    0.001106481456,     0.07969539588,                 0,                 0,                 0,    -0.03312615341,  -0.0006323277554,      0.0797005683,                 0,       72.02596613
          0,           0,          98,      -5.391643803,      -6.053229374,        -5.8760126,      -4.842591383,             0.448,    0.001108109777,     0.07981117299,                 0,                 0,                 0,    -0.03311116788,   -0.000633225486,     0.07981635338,                 0,       72.02460859
          0,           0,          99,      -5.406677478,      -6.075747399,      -5.891740518,       -4.85721348,             0.448,    0.001108441099,     0.07991806159,                 0,                 0,                 0,    -0.03309992779,  -0.0006352260052,     0.07992322377,                 0,       72.09951131
          0,           0,         100,      -5.421514744,      -6.097174771,      -5.907498646,      -4.871650547,             0.448,    0.001107682071,     0.08001674594,                 0,                 0,                 0,    -0.03309150899,  -0.0006381376408,     0.08002186808,                 0,       72.23800767
          0,           0,         101,      -5.436264822,      -6.117806092,      -5.923458225,      -4.886034635,             0.448,    0.001106095293,     0.08010856936,                 0,                 0,                 0,    -0.03308491723,  -0.0006417271589,     0.08011363503,                 0,       72.42465445
          0,           0,         102,      -5.450990162,      -6.137904588,      -5.939520986,      -4.900443468,             0.448,    0.001103972791,     0.08019443159,                 0,                 0,                 0,    -0.03307946977,  -0.0006457222301,     0.08019943053,                 0,         72.641674
          0,           0,         103,      -5.465735414,      -6.157693853,      -5.955701134,      -4.914927114,             0.448,     0.00110159165,     0.08027468828,                 0,                 0,                 0,     -0.0330747869,  -0.0006498535955,     0.08027961618,                 0,       72.87154756
          0,           0,         104,      -5.480520729,      -6.177423729,      -5.972001279,      -4.929504039,             0.448,    0.001099138682,     0.08035049987,                 0,                 0,                 0,    -0.03307026723,  -0.0006539598002,     0.08035535621,                 0,       73.10314993
          0,           0,         105,        -5.4953495,      -6.197390795,      -5.988423632,      -4.944179686,             0.448,    0.001096786538,     0.08042182938,                 0,                 0,                 0,    -0.03306581465,  -0.0006578674297,     0.08042661744,                 0,       73.32496032
          0,           0,         106,      -5.510173597,      -6.217767419,      -6.004598039,      -4.958900854,             0.448,    0.001094709329,     0.08048950528,                 0,                 0,                 0,    -0.03306108915,  -0.0006614204859,     0.08049423191,                 0,       73.52591516
          0,           0,         107,      -5.524989723,      -6.238497716,      -6.020349887,      -4.973649207,             0.448,    0.001093023271,     0.08055446262,                 0,                 0,                 0,     -0.0330558084,  -0.0006645231801,     0.08055913701,                 0,       73.69876266
          0,           0,         108,      -5.539756809,      -6.259242162,      -6.035690366,      -4.988367373,             0.448,    0.001091774307,     0.08061697641,                 0,                 0,                 0,    -0.03305007332,  -0.0006671355776,     0.08062160868,                 0,       73.84033116
          0,           0,         109,      -5.554441402,      -6.279680717,      -6.050712135,      -5.003006577,             0.448,    0.001090930193,     0.08067712148,                 0,                 0,                 0,    -0.03304401688,  -0.0006692915485,     0.08068172103,                 0,       73.95259749
          0,           0,         110,      -5.569084998,      -6.299616624,      -6.065403196,      -5.017606356,             0.448,    0.001090468537,     0.08073520001,                 0,                 0,                 0,    -0.03303770934,  -0.0006710200717,     0.08073977567,                 0,       74.03716594
          0,           0,         111,      -5.583663676,      -6.318868609,      -6.079829257,      -5.032130143,             0.448,    0.001090371247,      0.0807917363,                 0,                 0,                 0,    -0.03303120948,  -0.0006723506713,     0.08079629638,                 0,       74.09562252
          0,           0,         112,       -5.59824636,      -6.337480354,      -6.094275255,      -5.046664222,             0.448,    0.001090582946,     0.08084686822,                 0,                 0,                 0,    -0.03302468482,  -0.0006733417186,      0.0808514198,                 0,       74.13179208
          0,           0,         113,      -5.612844346,      -6.355383515,      -6.108747945,      -5.061230341,             0.448,    0.001091023717,     0.08090039907,                 0,                 0,                 0,    -0.03301837876,   -0.000674068822,     0.08090494753,                 0,       74.15090782
          0,           0,         114,      -5.627557429,       -6.37276853,      -6.123465184,       -5.07593165,             0.448,     0.00109160957,     0.08095241985,                 0,                 0,                 0,      -0.033012404,  -0.0006746179353,      0.0809569687,                 0,       74.15876705
          0,           0,         115,      -5.642400496,      -6.389732327,      -6.138317099,      -5.090784321,             0.448,    0.001092251933,     0.08100306245,                 0,                 0,                 0,    -0.03300680895,  -0.0006750804877,     0.08100761326,                 0,       74.16151894
          0,           0,         116,      -5.657346998,      -6.406225245,      -6.153196354,      -5.105758188,             0.448,     0.00109289266,     0.08105232601,                 0,                 0,                 0,    -0.03300166695,  -0.0006755145928,     0.08105687908,                 0,       74.16311683
          0,           0,         117,      -5.672470587,      -6.422327931,      -6.168201536,      -5.120930296,             0.448,    0.001093477053,     0.08109988079,                 0,                 0,                 0,    -0.03299715447,  -0.0006759677407,     0.08110443529,                 0,       74.16697092
          0,           0,         118,      -5.687809887,      -6.438145292,      -6.183599805,      -5.136345629,             0.448,    0.001093949795,     0.08114515355,                 0,                 0,                 0,    -0.03299350393,  -0.0006764827314,     0.08114970759,                 0,       74.17630492
          0,           0,         119,      -5.703333983,      -6.453768824,      -6.199393261,      -5.151971815,             0.448,    0.001094292474,     0.08118823622,                 0,                 0,                 0,    -0.03299067642,  -0.0006770799769,     0.08119278748,                 0,       74.19244683
          0,           0,         120,      -5.719019501,      -6.469131686,      -6.215390165,      -5.167781897,             0.448,     0.00109450684,     0.08122889836,                 0,                 0,                 0,    -0.03298873798,  -0.0006777527021,     0.08123344463,                 0,        74.2150669
          0,           0,         121,      -5.734870836,      -6.484217782,      -6.231282904,      -5.183776104,             0.448,    0.001094601191,     0.08126685829,                 0,                 0,                 0,    -0.03298778014,  -0.0006784864655,     0.08127139758,                 0,       74.24334907
          0,           0,         122,      -5.750859354,      -6.498795768,      -6.246984914,      -5.199919306,             0.448,    0.001094571075,     0.08130197427,                 0,                 0,                 0,     -0.0329878535,  -0.0006792826249,     0.08130650454,                 0,       74.27747372
          0,           0,         123,      -5.766965997,      -6.512747012,      -6.262620536,      -5.216190898,             0.448,    0.001094409915,     0.08133407492,                 0,                 0,                 0,    -0.03298896262,   -0.000680144019,     0.08133859404,                 0,       74.31774313
          0,           0,         124,      -5.783144124,      -6.526086807,      -6.278064843,      -5.232539063,             0.448,    0.001094133084,      0.0813629256,                 0,                 0,                 0,    -0.03299113116,  -0.0006810501578,     0.08136743181,                 0,       74.36291505
          0,           0,         125,       -5.79935457,      -6.538785903,      -6.293210984,      -5.248923006,             0.448,    0.001093774749,     0.08138835713,                 0,                 0,                 0,    -0.03299431902,  -0.0006819631933,     0.08139284948,                 0,       74.41052847
          0,           0,         126,      -5.815556452,      -6.550637621,      -6.308277132,      -5.265291849,             0.448,    0.001093363028,     0.08141058108,                 0,                 0,                 0,    -0.03299843394,    -0.00068285963,     0.08141505916,                 0,       74.45887507
          0,           0,         127,      -5.831716831,      -6.561646528,      -6.323225636,        -5.2816087,             0.448,    0.001092923277,     0.08142964036,                 0,                 0,                 0,    -0.03300343322,   -0.000683715052,      0.0814341043,                 0,       74.50627329
          0,           0,         128,      -5.847770483,      -6.572084275,      -6.337857522,      -5.297815812,             0.448,    0.001092470955,     0.08144541302,                 0,                 0,                 0,    -0.03300928718,  -0.0006845113454,     0.08144986334,                 0,       74.55155916
          0,           0,         129,      -5.863633112,      -6.582125644,      -6.352096279,      -5.313822533,             0.448,    0.001092031847,     0.08145828654,                 0,                 0,                 0,    -0.03301579311,  -0.0006852311826,     0.08146272422,                 0,       74.59332504
          0,           0,         130,      -5.879282374,      -6.591934955,      -6.366150757,      -5.329596059,             0.448,    0.001091614706,     0.08146849945,                 0,                 0,                 0,    -0.03302282236,  -0.0006858710179,      0.0814729256,                 0,       74.63118532
          0,           0,         131,       -5.89471499,      -6.601740788,      -6.380177262,      -5.345128378,             0.448,    0.001091234852,     0.08147608828,                 0,                 0,                 0,     -0.0330303218,  -0.0006864163312,     0.08148050434,                 0,       74.66411848
          0,           0,         132,      -5.909867625,      -6.611765165,      -6.394350086,      -5.360357568,             0.448,    0.001090900661,     0.08148122307,                 0,                 0,                 0,     -0.0330381351,  -0.0006868624571,     0.08148563062,                 0,       74.69169829
          0,           0,         133,       -5.92466106,      -6.622198708,       -6.40844336,      -5.375208569,             0.448,    0.001090610487,     0.08148414503,                 0,                 0,                 0,    -0.03304610226,  -0.0006872163044,     0.08148854556,                 0,       74.71425039
          0,           0,         134,      -5.939052252,      -6.632959296,      -6.422367787,      -5.389636589,             0.448,    0.001090351031,     0.08148505462,                 0,                 0,                 0,    -0.03305410312,  -0.0006874955416,     0.08148944926,                 0,       74.73286337
          0,           0,         135,      -5.953050152,      -6.643988397,      -6.436250963,      -5.403648812,             0.448,    0.001090105912,     0.08148410518,                 0,                 0,                 0,    -0.03306204212,  -0.0006877198904,     0.08148849471,                 0,       74.74879669
          0,           0,         136,      -5.966665522,      -6.655244834,      -6.450293052,      -5.417251706,             0.448,    0.001089874902,     0.08148149595,                 0,                 0,                 0,    -0.03306984804,  -0.0006878939249,     0.08148588105,                 0,       74.76224636
          0,           0,         137,      -5.979894452,       -6.66676495,      -6.464718653,      -5.430443279,             0.448,    0.001089659688,     0.08147743832,                 0,                 0,                 0,    -0.03307744848,   -0.000688020571,      0.0814818197,                 0,       74.77328857
          0,           0,         138,      -5.992756198,      -6.678664015,      -6.479178424,      -5.443243456,             0.448,    0.001089442921,     0.08147216046,                 0,                 0,                 0,     -0.0330847507,  -0.0006881221512,     0.08147653836,                 0,       74.78332175
          0,           0,         139,      -6.005309614,      -6.690913747,      -6.493680864,      -5.455711825,             0.448,    0.001089212198,     0.08146593431,                 0,                 0,                 0,    -0.03309166314,  -0.0006882169966,     0.08147030866,                 0,       74.79344657
          0,           0,         140,      -6.017609076,      -6.703553309,      -6.508009323,      -5.467898734,             0.448,    0.001088968157,     0.08145885766,                 0,                 0,                 0,    -0.03309816437,  -0.0006883066025,     0.08146322837,                 0,       74.80370947
          0,           0,         141,      -6.029739977,      -6.716596354,      -6.522528973,      -5.479890507,             0.448,     0.00108870946,     0.08145108462,                 0,                 0,                 0,    -0.03310421989,  -0.0006883956701,     0.08145545154,                 0,        74.8143445
          0,           0,         142,      -6.041769627,      -6.730218871,      -6.537280993,      -5.491760901,             0.448,    0.001088428339,     0.08144287198,                 0,                 0,                 0,    -0.03310977658,  -0.0006884975662,     0.08144723472,                 0,       74.82612225
          0,           0,         143,      -6.053740327,      -6.744547778,      -6.552076246,      -5.503555372,             0.448,    0.001088111746,      0.0814343738,                 0,                 0,                 0,    -0.03311481694,  -0.0006886286979,     0.08143873166,                 0,       74.84008341
          0,           0,         144,      -6.065704637,      -6.759558221,      -6.566830855,      -5.515328695,             0.448,    0.001087747494,     0.08142573575,                 0,                 0,                 0,    -0.03311932757,  -0.0006888044243,     0.08143008772,                 0,       74.85720369
          0,           0,         145,      -6.077748578,       -6.77523437,      -6.581650701,       -5.52717558,             0.448,    0.001087350762,      0.0814170507,                 0,                 0,                 0,    -0.03312332143,  -0.0006890115992,     0.08142139607,                 0,       74.87652887
          0,           0,         146,       -6.08991534,      -6.791623334,      -6.596419202,      -5.539146316,             0.448,    0.001086930003,     0.08140842649,                 0,                 0,                 0,    -0.03312679055,  -0.0006892441212,     0.08141276474,                 0,       74.89757964
          0,           0,         147,      -6.102257772,      -6.808808532,      -6.611104084,       -5.55129905,             0.448,    0.001086485708,     0.08140002262,                 0,                 0,                 0,    -0.03312971935,  -0.0006895049809,     0.08140435318,                 0,       74.92047248
          0,           0,         148,      -6.114810509,      -6.826756613,      -6.625592839,      -5.563669625,             0.448,    0.001086023305,     0.08139185331,                 0,                 0,                 0,    -0.03313215693,  -0.0006897890622,     0.08139617572,                 0,       74.94484968
          0,           0,         149,      -6.127581647,      -6.845424125,      -6.640036527,      -5.576267628,             0.448,    0.001085552926,     0.08138399749,                 0,                 0,                 0,     -0.0331341252,  -0.0006900879553,     0.08138831152,                 0,       74.97008718
          0,           0,         150,      -6.140614565,      -6.864751304,       -6.65433597,      -5.589144303,             0.448,    0.001085080318,     0.08137657102,                 0,                 0,                 0,    -0.03313562965,  -0.0006903984427,      0.0813808765,                 0,       74.99589629
          0,           0,         151,      -6.153912872,      -6.884644518,      -6.668458477,      -5.602308511,             0.448,    0.001084613206,     0.08136952279,                 0,                 0,                 0,     -0.0331367287,  -0.0006907116872,     0.08137381976,                 0,        75.0216965
          0,           0,         152,       -6.16747782,      -6.904875692,      -6.682234548,      -5.615765785,             0.448,    0.001084168381,     0.08136287081,                 0,                 0,                 0,    -0.03313745291,  -0.0006910112947,     0.08136715965,                 0,       75.04634175
          0,           0,         153,      -6.181302343,      -6.925245145,      -6.695498778,      -5.629510838,             0.448,    0.001083757165,      0.0813566266,                 0,                 0,                 0,    -0.03313783576,  -0.0006912861963,     0.08136090796,                 0,       75.06905537
          0,           0,         154,      -6.195349527,      -6.945512877,       -6.70826418,      -5.643505533,             0.448,    0.001083378116,     0.08135089785,                 0,                 0,                 0,    -0.03313790677,  -0.0006915401828,     0.08135517231,                 0,       75.09003242
          0,           0,         155,       -6.20961484,       -6.96563784,      -6.720707162,      -5.657744811,             0.448,    0.001083031725,     0.08134566646,                 0,                 0,                 0,    -0.03313770513,  -0.0006917723689,     0.08134993461,                 0,       75.10921847
          0,           0,         156,      -6.224079443,      -6.985279344,      -6.733040403,      -5.672214967,             0.448,    0.001082725004,     0.08134090187,                 0,                 0,                 0,    -0.03313725455,  -0.0006919750782,     0.08134516446,                 0,       75.12609534
          0,           0,         157,      -6.238656889,      -7.003851681,      -6.745129014,      -5.686832137,             0.448,    0.001082463285,     0.08133666594,                 0,                 0,                 0,    -0.03313656284,  -0.0006921443287,     0.08134092383,                 0,       75.14034617
          0,           0,         158,      -6.253308676,      -7.021065692,      -6.756842883,      -5.701558845,             0.448,    0.001082249326,     0.08133291499,                 0,                 0,                 0,    -0.03313568867,  -0.0006922764104,      0.0813371691,                 0,       75.15173543
          0,           0,         159,      -6.267983819,      -7.036718106,      -6.768215427,      -5.716338044,             0.448,    0.001082084933,     0.08132960683,                 0,                 0,                 0,    -0.03313467472,  -0.0006923685963,     0.08133385814,                 0,        75.1600954
          0,           0,         160,      -6.282604437,      -7.050621775,      -6.779543177,      -5.731086125,             0.448,    0.001081967203,     0.08132671075,                 0,                 0,                 0,     -0.0331335427,  -0.0006924231214,     0.08133096019,                 0,       75.16559702
          0,           0,         161,      -6.297132425,      -7.062726809,      -6.790965535,      -5.745765431,             0.448,    0.001081887974,     0.08132423021,                 0,                 0,                 0,    -0.03313231116,  -0.0006924482183,     0.08132847851,                 0,       75.16880873
          0,           0,         162,      -6.311513073,      -7.073129114,      -6.802304493,       -5.76031758,             0.448,    0.001081848014,     0.08132213013,                 0,                 0,                 0,    -0.03313101283,  -0.0006924423556,     0.08132637805,                 0,       75.16964402
          0,           0,         163,      -6.325687778,      -7.081973915,      -6.813723789,      -5.774677937,             0.448,    0.001081849703,     0.08132039101,                 0,                 0,                 0,    -0.03312966852,   -0.000692402729,     0.08132463938,                 0,       75.16791917
          0,           0,         164,      -6.339587772,      -7.089459582,      -6.825328552,      -5.788769279,             0.448,     0.00108188578,     0.08131901973,                 0,                 0,                 0,    -0.03312828914,  -0.0006923367461,     0.08132326922,                 0,       75.16414508
          0,           0,         165,      -6.353188887,      -7.095925915,      -6.837378494,      -5.802570341,             0.448,      0.0010819437,     0.08131796418,                 0,                 0,                 0,    -0.03312689265,  -0.0006922558134,     0.08132221518,                 0,       75.15914572
          0,           0,         166,      -6.366480587,      -7.101804817,      -6.849688625,      -5.816066367,             0.448,    0.001082014375,      0.0813171876,                 0,                 0,                 0,    -0.03312549194,  -0.0006921682139,     0.08132144033,                 0,       75.15351873
          0,           0,         167,      -6.379469587,      -7.107445481,      -6.862172022,      -5.829256324,             0.448,    0.001082095275,      0.0813167218,                 0,                 0,                 0,    -0.03312407903,  -0.0006920771719,      0.0813209764,                 0,       75.14746962
          0,           0,         168,      -6.392188153,      -7.113131456,      -6.874804162,      -5.842167921,             0.448,    0.001082180503,      0.0813165559,                 0,                 0,                 0,    -0.03312266101,  -0.0006919883451,     0.08132081241,                 0,       75.14139802
          0,           0,         169,      -6.404651839,      -7.119091797,       -6.88762667,      -5.854809931,             0.448,    0.001082268848,     0.08131667064,                 0,                 0,                 0,    -0.03312124854,  -0.0006919025242,     0.08132092904,                 0,       75.13537029
          0,           0,         170,      -6.416881385,      -7.125577046,      -6.900723579,      -5.867199058,             0.448,    0.001082358752,     0.08131703978,                 0,                 0,                 0,    -0.03311985462,  -0.0006918206941,     0.08132130005,                 0,       75.12947036
          0,           0,         171,      -6.428904462,      -7.132791745,      -6.913993458,      -5.879362125,             0.448,    0.001082445603,      0.0813176195,                 0,                 0,                 0,      -0.033118495,    -0.00069174651,     0.08132188153,                 0,       75.12397782
          0,           0,         172,      -6.440770464,      -7.140804132,      -6.927310127,      -5.891345706,             0.448,    0.001082526134,     0.08131838921,                 0,                 0,                 0,    -0.03311717315,    -0.00069168279,     0.08132265281,                 0,        75.1191003
          0,           0,         173,      -6.452542013,      -7.149723229,      -6.940835802,      -5.903209583,             0.448,    0.001082598173,     0.08131933017,                 0,                 0,                 0,    -0.03311588938,  -0.0006916312947,     0.08132359513,                 0,       75.11497081
          0,           0,         174,      -6.464269354,      -7.159698608,      -6.954646105,      -5.915002737,             0.448,    0.001082659321,     0.08132042983,                 0,                 0,                 0,    -0.03311464647,  -0.0006915941506,     0.08132469586,                 0,       75.11174409
          0,           0,         175,       -6.47598909,       -7.17080671,      -6.968706409,      -5.926762644,             0.448,    0.001082707632,     0.08132164798,                 0,                 0,                 0,    -0.03311345719,  -0.0006915724247,     0.08132591477,                 0,       75.10951764
          0,           0,         176,      -6.487723728,      -7.183065514,      -6.982996381,      -5.938511118,             0.448,    0.001082742821,     0.08132296918,                 0,                 0,                 0,    -0.03311233001,  -0.0006915660663,     0.08132723643,                 0,       75.10829686
          0,           0,         177,       -6.49951848,      -7.196541925,      -6.997346058,      -5.950296605,             0.448,    0.001082766865,     0.08132436324,                 0,                 0,                 0,     -0.0331112781,  -0.0006915724386,     0.08132863068,                 0,       75.10791644
          0,           0,         178,      -6.511410409,      -7.211191653,      -7.011811379,      -5.962157655,             0.448,    0.001082779205,     0.08132580909,                 0,                 0,                 0,    -0.03311030602,  -0.0006915916427,     0.08133007646,                 0,       75.10839579
          0,           0,         179,      -6.523395998,      -7.226787994,      -7.026054179,      -5.974086141,             0.448,    0.001082781476,     0.08132730412,                 0,                 0,                 0,    -0.03310940753,  -0.0006916219865,     0.08133157118,                 0,       75.10961902
          0,           0,         180,      -6.535536217,      -7.243310581,       -7.04038074,      -5.986146201,             0.448,    0.001082775417,     0.08132881892,                 0,                 0,                 0,    -0.03310858722,  -0.0006916610886,     0.08133308549,                 0,       75.11143827
          0,           0,         181,      -6.547878283,      -7.260766565,      -7.054831335,      -5.998392131,             0.448,    0.001082758346,     0.08133030154,                 0,                 0,                 0,    -0.03310785628,  -0.0006917104991,     0.08133456738,                 0,       75.11399182
          0,           0,         182,      -6.560406866,      -7.279239124,      -7.069278093,      -6.010808158,             0.448,    0.001082730636,     0.08133172338,                 0,                 0,                 0,    -0.03310722022,  -0.0006917692198,     0.08133598828,                 0,       75.11722738
          0,           0,         183,      -6.573114651,      -7.298651981,      -7.083500671,      -6.023392335,             0.448,    0.001082695275,     0.08133307407,                 0,                 0,                 0,    -0.03310667809,  -0.0006918340377,     0.08133733787,                 0,       75.12092827
          0,           0,         184,      -6.586006642,      -7.318774854,      -7.097307466,      -6.036155205,             0.448,    0.001082653338,      0.0813343482,                 0,                 0,                 0,    -0.03310622977,  -0.0006919037594,     0.08133861078,                 0,       75.12501494
          0,           0,         185,      -6.599061503,      -7.339372173,       -7.11075046,      -6.049072857,             0.448,    0.001082607679,     0.08133550483,                 0,                 0,                 0,    -0.03310588304,  -0.0006919746391,     0.08133976614,                 0,        75.1292517
          0,           0,         186,      -6.612273741,      -7.360163568,      -7.124001251,      -6.062141508,             0.448,    0.001082558467,     0.08133653355,                 0,                 0,                 0,    -0.03310563648,  -0.0006920462816,     0.08134079355,                 0,       75.13361732
          0,           0,         187,      -6.625615914,      -7.380907907,      -7.137180345,       -6.07533688,             0.448,    0.001082507127,     0.08133740804,                 0,                 0,                 0,    -0.03310549364,  -0.0006921166855,     0.08134166671,                 0,       75.13798846
          0,           0,         188,      -6.639033172,      -7.401442611,      -7.150093882,      -6.088608923,             0.448,    0.001082452707,     0.08133812807,                 0,                 0,                 0,    -0.03310544738,  -0.0006921868001,     0.08134238538,                 0,        75.1424312
          0,           0,         189,      -6.652490192,      -7.421486376,      -7.162531046,      -6.101924465,             0.448,    0.001082394987,     0.08133866564,                 0,                 0,                 0,    -0.03310549883,  -0.0006922562334,     0.08134292156,                 0,       75.14693491
          0,           0,         190,      -6.665977561,      -7.440671524,      -7.174579355,      -6.115276184,             0.448,    0.001082334386,     0.08133900174,                 0,                 0,                 0,    -0.03310564683,   -0.000692324152,     0.08134325626,                 0,         75.151453
          0,           0,         191,      -6.679478739,      -7.458655092,      -7.186419385,      -6.128648394,             0.448,    0.001082271806,     0.08133915363,                 0,                 0,                 0,    -0.03310587947,  -0.0006923900308,     0.08134340675,                 0,       75.15593883
          0,           0,         192,       -6.69297213,      -7.475189602,      -7.198162792,      -6.142021654,             0.448,    0.001082207707,     0.08133912343,                 0,                 0,                 0,    -0.03310619103,  -0.0006924534559,     0.08134337516,                 0,       75.16036241
          0,           0,         193,      -6.706440985,      -7.490127791,      -7.209824779,      -6.155380575,             0.448,    0.001082141764,      0.0813388925,                 0,                 0,                 0,    -0.03310658056,  -0.0006925143449,     0.08134314284,                 0,       75.16472905
          0,           0,         194,      -6.719873244,      -7.503410842,      -7.221397927,      -6.168714667,             0.448,    0.001082074817,     0.08133845637,                 0,                 0,                 0,    -0.03310704171,   -0.000692571762,     0.08134270536,                 0,       75.16897638
          0,           0,         195,      -6.733245827,      -7.515083341,      -7.232895277,      -6.182002206,             0.448,    0.001082007605,     0.08133781396,                 0,                 0,                 0,    -0.03310756985,  -0.0006926249439,     0.08134206163,                 0,         75.173052
          0,           0,         196,      -6.746533378,      -7.525295159,      -7.244360534,      -6.195219436,             0.448,    0.001081940098,     0.08133696277,                 0,                 0,                 0,    -0.03310816384,  -0.0006926738664,     0.08134120917,                 0,       75.17695566
          0,           0,         197,      -6.759728657,      -7.534242293,      -7.255818862,      -6.208361089,             0.448,    0.001081872823,     0.08133590786,                 0,                 0,                 0,    -0.03310881457,  -0.0006927181131,     0.08134015305,                 0,        75.1806554
          0,           0,         198,       -6.77286092,      -7.542134359,      -7.267154987,      -6.221455696,             0.448,      0.0010818051,     0.08133464957,                 0,                 0,                 0,    -0.03310951169,  -0.0006927583704,     0.08133889358,                 0,        75.1841987
          0,           0,         199,      -6.785932573,      -7.549209295,      -7.278682659,      -6.234497738,             0.448,    0.001081736698,     0.08133321458,                 0,                 0,                 0,    -0.03311024431,  -0.0006927954516,     0.08133745744,                 0,       75.18762628
          0,           0,         200,      -6.798961171,      -7.555829335,      -7.290554826,      -6.247506986,             0.448,    0.001081668414,      0.0813316105,                 0,                 0,                 0,    -0.03311100636,   -0.000692828727,     0.08133585226,                 0,       75.19088981
          0,           0,         201,      -6.811971485,      -7.562366018,      -7.302778207,      -6.260509867,             0.448,    0.001081600673,     0.08132984124,                 0,                 0,                 0,    -0.03311179125,  -0.0006928578552,     0.08133408193,                 0,       75.19396324
          0,           0,         202,      -6.824983719,       -7.56903566,      -7.315332631,      -6.273526881,             0.448,    0.001081533929,     0.08132792093,                 0,                 0,                 0,    -0.03311259143,  -0.0006928826924,     0.08133216063,                 0,       75.19682811
          0,           0,         203,      -6.838024276,      -7.576050244,      -7.328232504,      -6.286583694,             0.448,    0.001081468799,     0.08132586182,                 0,                 0,                 0,    -0.03311340011,  -0.0006929028875,     0.08133010059,                 0,       75.19945274
          0,           0,         204,       -6.85112824,       -7.58359708,      -7.341567086,      -6.299713228,             0.448,    0.001081405924,     0.08132367736,                 0,                 0,                 0,    -0.03311421057,  -0.0006929180931,     0.08132791527,                 0,       75.20180491
          0,           0,         205,      -6.864340647,      -7.591872108,      -7.355269752,      -6.312959667,             0.448,    0.001081345537,     0.08132139025,                 0,                 0,                 0,     -0.0331150139,  -0.0006929285731,     0.08132562739,                 0,       75.20388948
          0,           0,         206,      -6.877652701,      -7.601058386,      -7.369439219,      -6.326308028,             0.448,    0.001081287002,     0.08131901751,                 0,                 0,                 0,    -0.03311580282,  -0.0006929353328,     0.08132325393,                 0,       75.20576622
          0,           0,         207,      -6.891076165,      -7.611265474,      -7.383957493,      -6.339772011,             0.448,    0.001081230691,     0.08131656845,                 0,                 0,                 0,    -0.03311657312,  -0.0006929382049,     0.08132080423,                 0,       75.20741793
          0,           0,         208,      -6.904626502,       -7.62252999,      -7.398757881,      -6.353366791,             0.448,    0.001081177472,     0.08131405634,                 0,                 0,                 0,    -0.03311731979,  -0.0006929366098,     0.08131829156,                 0,       75.20879639
          0,           0,         209,      -6.918320942,      -7.634834428,      -7.413836018,      -6.367108133,             0.448,    0.001081127457,     0.08131150526,                 0,                 0,                 0,    -0.03311803679,  -0.0006929309614,     0.08131573999,                 0,       75.20991604
          0,           0,         210,      -6.932174294,      -7.648181341,      -7.429184895,      -6.381010386,             0.448,    0.001081080563,     0.08130893267,                 0,                 0,                 0,    -0.03311871978,   -0.000692921723,     0.08131316699,                 0,       75.21079874
          0,           0,         211,      -6.946192027,       -7.66258104,      -7.444760576,      -6.395078548,             0.448,    0.001081037104,     0.08130635461,                 0,                 0,                 0,    -0.03311936397,  -0.0006929089321,      0.0813105886,                 0,       75.21143753
          0,           0,         212,      -6.960366548,      -7.678000881,      -7.460495784,      -6.409303083,             0.448,    0.001080997707,     0.08130379491,                 0,                 0,                 0,    -0.03311996383,    -0.00069289248,     0.08130802865,                 0,        75.2118107
          0,           0,         213,      -6.974700678,      -7.694393293,      -7.476369239,      -6.423688525,             0.448,     0.00108096284,     0.08130127051,                 0,                 0,                 0,    -0.03312051757,  -0.0006928722694,     0.08130550409,                 0,       75.21190138
          0,           0,         214,      -6.989188223,      -7.711697914,       -7.49233515,      -6.438229121,             0.448,    0.001080932492,     0.08129879091,                 0,                 0,                 0,    -0.03312102523,  -0.0006928485177,     0.08130302442,                 0,       75.21171905
          0,           0,         215,      -7.003804622,      -7.729810425,      -7.508318844,      -6.452900393,             0.448,    0.001080906971,     0.08129636389,                 0,                 0,                 0,    -0.03312148696,  -0.0006928210875,     0.08130059742,                 0,        75.2112495
          0,           0,         216,      -7.018529259,      -7.748533009,      -7.524228998,      -6.467682624,             0.448,    0.001080886314,     0.08129400443,                 0,                 0,                 0,    -0.03312190102,  -0.0006927902678,     0.08129823806,                 0,       75.21050395
          0,           0,         217,      -7.033337788,      -7.767662323,      -7.540004801,       -6.48255125,             0.448,    0.001080870262,     0.08129172836,                 0,                 0,                 0,    -0.03312226627,  -0.0006927566639,     0.08129596219,                 0,       75.20951514
          0,           0,         218,      -7.048188012,      -7.787015307,      -7.555576083,      -6.497463508,             0.448,     0.00108085854,     0.08128954542,                 0,                 0,                 0,    -0.03312258364,  -0.0006927207628,     0.08129377951,                 0,       75.20831117
          0,           0,         219,      -7.063039926,      -7.806401888,      -7.570865411,      -6.512379979,             0.448,    0.001080851339,       0.081287456,                 0,                 0,                 0,    -0.03312285606,  -0.0006926823816,     0.08129169044,                 0,       75.20687911
          0,           0,         220,      -7.077862321,      -7.825593581,      -7.585816997,      -6.527269365,             0.448,    0.001080848604,     0.08128546412,                 0,                 0,                 0,    -0.03312308588,   -0.000692641663,     0.08128969897,                 0,       75.20522651
          0,           0,         221,      -7.092608309,      -7.844320716,      -7.600376284,      -6.542082945,             0.448,    0.001080849974,      0.0812835809,                 0,                 0,                 0,    -0.03312327343,  -0.0006925992111,     0.08128781622,                 0,       75.20338884
          0,           0,         222,      -7.107226848,      -7.862327627,      -7.614503383,      -6.556769194,             0.448,    0.001080855446,     0.08128180764,                 0,                 0,                 0,    -0.03312342161,  -0.0006925550576,      0.0812860435,                 0,       75.20136754
          0,           0,         223,      -7.121687286,       -7.87935061,      -7.628159001,      -6.571297903,             0.448,    0.001080864964,     0.08128014253,                 0,                 0,                 0,    -0.03312353383,  -0.0006925092175,       0.081284379,                 0,       75.19916478
          0,           0,         224,      -7.135949388,      -7.895192596,      -7.641323472,      -6.585626308,             0.448,    0.001080878158,     0.08127858497,                 0,                 0,                 0,    -0.03312361328,  -0.0006924620481,      0.0812828221,                 0,        75.1968058
          0,           0,         225,      -7.149978011,      -7.909751214,      -7.653996958,       -6.59971799,             0.448,    0.001080894701,     0.08127712848,                 0,                 0,                 0,      -0.033123664,  -0.0006924137365,     0.08128136632,                 0,       75.19430747
          0,           0,         226,      -7.163746566,      -7.922996561,      -7.666211479,      -6.613545318,             0.448,    0.001080914495,     0.08127577472,                 0,                 0,                 0,    -0.03312368835,  -0.0006923644147,     0.08128001331,                 0,       75.19167804
          0,           0,         227,      -7.177233118,      -7.934987539,      -7.678019091,      -6.627085379,             0.448,    0.001080937248,     0.08127452417,                 0,                 0,                 0,    -0.03312368916,  -0.0006923143865,     0.08127876355,                 0,       75.18893839
          0,           0,         228,      -7.190412056,      -7.945841246,      -7.689457125,      -6.640311298,             0.448,    0.001080962637,     0.08127337254,                 0,                 0,                 0,       -0.03312367,  -0.0006922638806,     0.08127761275,                 0,       75.18610701
          0,           0,         229,       -7.20330216,      -7.955694553,      -7.700517295,       -6.65324229,             0.448,    0.001080990383,     0.08127231368,                 0,                 0,                 0,     -0.0331236341,  -0.0006922130432,     0.08127655475,                 0,       75.18319773
          0,           0,         230,      -7.215914681,      -7.964701878,      -7.711318102,      -6.665885364,             0.448,    0.001081019954,     0.08127134425,                 0,                 0,                 0,    -0.03312358443,  -0.0006921623305,     0.08127558619,                 0,       75.18024429
          0,           0,         231,      -7.228272572,      -7.973093908,      -7.721983047,      -6.678260908,             0.448,    0.001081051155,     0.08127046434,                 0,                 0,                 0,    -0.03312352233,  -0.0006921119422,     0.08127470718,                 0,       75.17726054
          0,           0,         232,      -7.240403915,      -7.981162872,      -7.732603423,      -6.690396175,             0.448,    0.001081083629,     0.08126967035,                 0,                 0,                 0,     -0.0331234499,  -0.0006920621546,     0.08127391408,                 0,       75.17426787
          0,           0,         233,       -7.25234082,      -7.989166949,      -7.743244377,      -6.702323555,             0.448,    0.001081117043,      0.0812689571,                 0,                 0,                 0,    -0.03312336954,  -0.0006920131898,     0.08127320173,                 0,       75.17128477
          0,           0,         234,      -7.264123724,      -7.997321404,      -7.753967131,      -6.714083961,             0.448,    0.001081151121,     0.08126832017,                 0,                 0,                 0,    -0.03312328336,  -0.0006919652247,     0.08127256569,                 0,       75.16832621
          0,           0,         235,      -7.275799806,      -8.005826361,      -7.764841636,      -6.725724847,             0.448,    0.001081185474,     0.08126775426,                 0,                 0,                 0,    -0.03312319356,  -0.0006919185349,     0.08127200068,                 0,       75.16541444
          0,           0,         236,      -7.287418993,      -8.014868914,      -7.775938468,      -6.737296508,             0.448,    0.001081219755,     0.08126725414,                 0,                 0,                 0,      -0.033123102,  -0.0006918733518,     0.08127150142,                 0,        75.1625687
          0,           0,         237,      -7.299030916,      -8.024617821,      -7.787313673,      -6.748849511,             0.448,    0.001081253761,     0.08126681502,                 0,                 0,                 0,    -0.03312300995,  -0.0006918297754,     0.08127106315,                 0,       75.15979873
          0,           0,         238,      -7.310686759,       -8.03521072,      -7.798997356,      -6.760436279,             0.448,    0.001081287258,     0.08126643286,                 0,                 0,                 0,    -0.03312291856,  -0.0006917879493,     0.08127068181,                 0,       75.15711692
          0,           0,         239,      -7.322434562,      -8.046740342,      -7.811026337,      -6.772106417,             0.448,    0.001081319892,     0.08126610249,                 0,                 0,                 0,    -0.03312282931,  -0.0006917481155,     0.08127035222,                 0,       75.15454313
          0,           0,         240,      -7.334318792,      -8.059276095,      -7.823435167,      -6.783906215,             0.448,    0.001081351341,     0.08126581835,                 0,                 0,                 0,    -0.03312274353,  -0.0006917104762,     0.08127006884,                 0,       75.15209469
          0,           0,         241,      -7.346377932,      -8.072861336,      -7.836248304,      -6.795875479,             0.448,    0.001081381479,     0.08126557649,                 0,                 0,                 0,    -0.03312266182,  -0.0006916750691,      0.0812698277,                 0,       75.14977654
          0,           0,         242,      -7.358645834,      -8.087520837,      -7.849468848,      -6.808049844,             0.448,    0.001081410149,     0.08126537258,                 0,                 0,                 0,    -0.03312258483,  -0.0006916419575,     0.08126962446,                 0,       75.14759563
          0,           0,         243,      -7.371150249,      -8.103253434,      -7.863088724,      -6.820458981,             0.448,    0.001081437147,      0.0812652022,                 0,                 0,                 0,    -0.03312251326,  -0.0006916112487,     0.08126945471,                 0,       75.14556199
          0,           0,         244,      -7.383913051,      -8.120027753,      -7.877092132,      -6.833126552,             0.448,    0.001081462317,     0.08126506111,                 0,                 0,                 0,    -0.03312244763,  -0.0006915830069,     0.08126931421,                 0,       75.14368259
          0,           0,         245,      -7.396949706,      -8.137788114,      -7.891455729,      -6.846069718,             0.448,    0.001081485545,     0.08126494521,                 0,                 0,                 0,     -0.0331223883,  -0.0006915572562,     0.08126919883,                 0,       75.14196151
          0,           0,         246,      -7.410268501,      -8.156449554,      -7.906149375,      -6.859298385,             0.448,    0.001081506725,     0.08126485064,                 0,                 0,                 0,    -0.03312233556,  -0.0006915340187,     0.08126910475,                 0,       75.14040254
          0,           0,         247,       -7.42387189,       -8.17589863,      -7.921134381,      -6.872816645,             0.448,    0.001081525816,     0.08126477406,                 0,                 0,                 0,    -0.03312228946,  -0.0006915132611,      0.0812690286,                 0,       75.13900532
          0,           0,         248,      -7.437756106,      -8.195987848,      -7.936366417,      -6.886622307,             0.448,    0.001081542736,     0.08126471173,                 0,                 0,                 0,    -0.03312225017,  -0.0006914949854,     0.08126896666,                 0,       75.13777219
          0,           0,         249,      -7.451911019,      -8.216532875,      -7.951799734,      -6.900706596,             0.448,    0.001081557457,     0.08126466046,                 0,                 0,                 0,    -0.03312221768,  -0.0006914791498,     0.08126891572,                 0,       75.13670212
          0,           0,         250,      -7.466320858,      -8.237316759,      -7.967389231,      -6.915054887,             0.448,    0.001081570029,     0.08126461781,                 0,                 0,                 0,    -0.03312219164,  -0.0006914656507,     0.08126887336,                 0,       75.13578933
          0,           0,         251,      -7.480965033,       -8.25809739,      -7.983086025,       -6.92964756,             0.448,    0.001081580478,     0.08126458134,                 0,                 0,                 0,    -0.03312217182,  -0.0006914544086,     0.08126883713,                 0,       75.13502973
          0,           0,         252,      -7.495817293,       -8.27860305,      -7.998838265,      -6.944459103,             0.448,    0.001081588901,     0.08126454928,                 0,                 0,                 0,     -0.0331221577,  -0.0006914452874,     0.08126880525,                 0,       75.13441492
          0,           0,         253,      -7.510847213,      -8.298549474,       -8.01459215,      -6.959459662,             0.448,      0.0010815954,     0.08126452002,                 0,                 0,                 0,    -0.03312214879,  -0.0006914381522,     0.08126877614,                 0,       75.13393644
          0,           0,         254,       -7.52602136,      -8.317652361,      -8.030296654,      -6.974616143,             0.448,    0.001081600071,     0.08126449214,                 0,                 0,                 0,    -0.03312214459,  -0.0006914328738,     0.08126874837,                 0,       75.13358616
          0,           0,         255,      -7.541304089,      -8.335653257,       -8.04590773,      -6.989892944,             0.448,    0.001081603029,     0.08126446453,                 0,                 0,                 0,    -0.03312214452,  -0.0006914293139,     0.08126872083,                 0,       75.13335514
          0,           0,         256,      -7.556658226,       -8.35234477,      -8.061389768,      -7.005252623,             0.448,    0.001081604399,      0.0812644363,                 0,                 0,                 0,      -0.033122148,  -0.0006914273291,     0.08126869264,                 0,       75.13323392
          0,           0,         257,      -7.572045854,      -8.367587349,      -8.076714933,      -7.020656693,             0.448,    0.001081604312,     0.08126440681,                 0,                 0,                 0,    -0.03312215442,  -0.0006914267723,     0.08126866315,                 0,       75.13321267
          0,           0,         258,      -7.587429702,      -8.381323701,      -8.091861906,      -7.036067068,             0.448,    0.001081602909,     0.08126437566,                 0,                 0,                 0,    -0.03312216315,  -0.0006914274956,     0.08126863198,                 0,       75.13328134
          0,           0,         259,      -7.602774185,      -8.393576916,      -8.106817537,      -7.051447036,             0.448,    0.001081600325,     0.08126434263,                 0,                 0,                 0,    -0.03312217357,  -0.0006914293586,      0.0812685989,                 0,       75.13343031
          0,           0,         260,      -7.618046642,      -8.404455232,      -8.121577852,      -7.066762528,             0.448,    0.001081596691,     0.08126430769,                 0,                 0,                 0,    -0.03312218509,  -0.0006914322291,     0.08126856389,                 0,       75.13365041
          0,           0,         261,      -7.633218478,      -8.414143217,      -8.136147107,      -7.081983369,             0.448,    0.001081592138,     0.08126427108,                 0,                 0,                 0,    -0.03312219706,  -0.0006914359824,     0.08126852719,                 0,       75.13393284
          0,           0,         262,      -7.648265692,      -8.422878661,      -8.150537546,      -7.097083814,             0.448,    0.001081586812,     0.08126423307,                 0,                 0,                 0,    -0.03312220893,  -0.0006914404778,     0.08126848907,                 0,       75.13426767
          0,           0,         263,      -7.663170092,      -8.430929901,      -8.164768678,      -7.112043842,             0.448,    0.001081580851,     0.08126419408,                 0,                 0,                 0,    -0.03312222013,  -0.0006914455869,     0.08126844997,                 0,       75.13464572
          0,           0,         264,      -7.677919484,      -8.438576406,      -8.178865863,      -7.126849381,             0.448,    0.001081574384,      0.0812641547,                 0,                 0,                 0,    -0.03312223015,  -0.0006914511935,     0.08126841045,                 0,       75.13505857
          0,           0,         265,      -7.692507788,      -8.446092381,      -8.192858552,      -7.141492542,             0.448,    0.001081567536,     0.08126411555,                 0,                 0,                 0,    -0.03312223849,  -0.0006914571863,     0.08126837116,                 0,       75.13549813
          0,           0,         266,      -7.706935342,      -8.453734166,      -8.206778183,      -7.155972012,             0.448,    0.001081560412,     0.08126407731,                 0,                 0,                 0,    -0.03312224474,   -0.000691463474,     0.08126833278,                 0,       75.13595765
          0,           0,         267,      -7.721208625,      -8.461731444,      -8.220656855,      -7.170292823,             0.448,    0.001081553098,     0.08126404058,                 0,                 0,                 0,    -0.03312224858,  -0.0006914699853,      0.0812682959,                 0,       75.13643181
          0,           0,         268,      -7.735339381,      -8.470283112,       -8.23452638,       -7.18446545,             0.448,    0.001081545714,     0.08126400637,                 0,                 0,                 0,    -0.03312224958,  -0.0006914766208,     0.08126826153,                 0,       75.13691313
          0,           0,         269,      -7.749343854,       -8.47955784,      -8.248414344,      -7.198505175,             0.448,    0.001081538362,     0.08126397561,                 0,                 0,                 0,    -0.03312224742,  -0.0006914833004,     0.08126823062,                 0,       75.13739547
          0,           0,         270,      -7.763241304,      -8.489690754,      -8.262342179,      -7.212430703,             0.448,    0.001081531124,      0.0812639491,                 0,                 0,                 0,    -0.03312224183,  -0.0006914899582,     0.08126820396,                 0,        75.1378738
          0,           0,         271,      -7.777053695,      -8.500784913,      -8.276326863,      -7.226263771,             0.448,    0.001081524082,     0.08126392772,                 0,                 0,                 0,    -0.03312223262,  -0.0006914965322,     0.08126818243,                 0,       75.13834327
          0,           0,         272,      -7.790805058,      -8.512917616,      -8.290382304,      -7.240028454,             0.448,    0.001081517299,     0.08126391233,                 0,                 0,                 0,    -0.03312221965,  -0.0006915029776,      0.0812681669,                 0,       75.13880027
          0,           0,         273,      -7.804519428,       -8.52614216,      -8.304517872,      -7.253749117,             0.448,    0.001081510828,     0.08126390366,                 0,                 0,                 0,    -0.03312220286,  -0.0006915092577,     0.08126815809,                 0,       75.13924181
          0,           0,         274,      -7.818219616,      -8.540485814,       -8.31873414,      -7.267449239,             0.448,    0.001081504719,     0.08126390239,                 0,                 0,                 0,    -0.03312218222,  -0.0006915153376,     0.08126815668,                 0,       75.13966508
          0,           0,         275,      -7.831926551,      -8.555951464,       -8.33302203,      -7.281150663,             0.448,    0.001081499012,     0.08126390913,                 0,                 0,                 0,    -0.03312215777,  -0.0006915211907,     0.08126816329,                 0,       75.14006785
          0,           0,         276,      -7.845658387,      -8.572518971,      -8.347364718,      -7.294872616,             0.448,    0.001081493733,     0.08126392433,                 0,                 0,                 0,    -0.03312212959,  -0.0006915267999,     0.08126817838,                 0,       75.14044866
          0,           0,         277,      -7.859431216,      -8.590143726,      -8.361739517,      -7.308632593,             0.448,    0.001081488921,     0.08126394859,                 0,                 0,                 0,    -0.03312209777,  -0.0006915321399,     0.08126820253,                 0,       75.14080542
          0,           0,         278,      -7.873256817,      -8.608759354,      -8.376122444,      -7.322443733,             0.448,    0.001081484593,     0.08126398223,                 0,                 0,                 0,    -0.03312206248,  -0.0006915372007,     0.08126823607,                 0,       75.14113723
          0,           0,         279,      -7.887142869,      -8.628274978,      -8.390485055,      -7.336315106,             0.448,    0.001081480749,     0.08126402536,                 0,                 0,                 0,    -0.03312202398,   -0.000691541985,     0.08126827911,                 0,       75.14144421
          0,           0,         280,       -7.90109095,      -8.648567395,      -8.404794058,       -7.35024959,             0.448,    0.001081477394,     0.08126407809,                 0,                 0,                 0,     -0.0331219825,  -0.0006915464894,     0.08126833174,                 0,       75.14172608
          0,           0,         281,      -7.915099829,      -8.669476958,      -8.419013775,      -7.364247513,             0.448,    0.001081474534,     0.08126414048,                 0,                 0,                 0,    -0.03312193831,  -0.0006915507102,     0.08126839406,                 0,       75.14198251
          0,           0,         282,      -7.929164259,       -8.69081692,      -8.433111574,      -7.378304918,             0.448,    0.001081472161,     0.08126421246,                 0,                 0,                 0,    -0.03312189171,  -0.0006915546519,     0.08126846597,                 0,       75.14221388
          0,           0,         283,      -7.943274987,      -8.712372744,      -8.447057519,      -7.392413618,             0.448,    0.001081470267,     0.08126429384,                 0,                 0,                 0,    -0.03312184302,  -0.0006915583211,     0.08126854729,                 0,       75.14242076
          0,           0,         284,      -7.957419083,      -8.733900643,      -8.460824616,      -7.406561639,             0.448,    0.001081468837,     0.08126438436,                 0,                 0,                 0,    -0.03312179258,   -0.000691561725,     0.08126863775,                 0,       75.14260378
          0,           0,         285,      -7.971580892,      -8.755133132,      -8.474390705,       -7.42073409,             0.448,    0.001081467855,     0.08126448367,                 0,                 0,                 0,    -0.03312174074,  -0.0006915648737,     0.08126873702,                 0,       75.14276388
          0,           0,         286,      -7.985742719,      -8.775790938,       -8.48774097,       -7.43491374,             0.448,    0.001081467298,     0.08126459134,                 0,                 0,                 0,    -0.03312168786,  -0.0006915677794,     0.08126884465,                 0,       75.14290214
          0,           0,         287,      -7.999885493,      -8.795599001,      -8.500869714,      -7.449081672,             0.448,    0.001081467142,     0.08126470687,                 0,                 0,                 0,     -0.0331216343,  -0.0006915704556,     0.08126896015,                 0,        75.1430198
          0,           0,         288,      -8.013989576,      -8.814305451,      -8.513780954,      -7.463218105,             0.448,    0.001081467361,      0.0812648297,                 0,                 0,                 0,    -0.03312158043,  -0.0006915729166,     0.08126908296,                 0,       75.14311819
          0,           0,         289,      -8.028035666,      -8.831701895,      -8.526488192,      -7.477303282,             0.448,    0.001081467925,     0.08126495922,                 0,                 0,                 0,    -0.03312152661,  -0.0006915751781,     0.08126921245,                 0,       75.14319876
          0,           0,         290,      -8.042005675,      -8.847642519,      -8.539013968,      -7.491318358,             0.448,    0.001081468803,     0.08126509473,                 0,                 0,                 0,     -0.0331214732,  -0.0006915772561,     0.08126934796,                 0,       75.14326304
          0,           0,         291,      -8.055883561,      -8.862058738,       -8.55138932,      -7.505246246,             0.448,    0.001081469964,     0.08126523553,                 0,                 0,                 0,    -0.03312142055,  -0.0006915791674,     0.08126948875,                 0,       75.14331259
          0,           0,         292,      -8.069656058,       -8.87496614,      -8.563652949,      -7.519072398,             0.448,    0.001081471373,     0.08126538085,                 0,                 0,                 0,    -0.03312136901,  -0.0006915809287,     0.08126963407,                 0,       75.14334905
          0,           0,         293,       -8.08331329,      -8.886462073,      -8.575849918,      -7.532785461,             0.448,    0.001081472996,     0.08126552989,                 0,                 0,                 0,     -0.0331213189,  -0.0006915825569,     0.08126978311,                 0,       75.14337406
          0,           0,         294,      -8.096849246,      -8.896714494,      -8.588029948,      -7.546377814,             0.448,    0.001081474799,     0.08126568182,                 0,                 0,                 0,    -0.03312127055,  -0.0006915840686,     0.08126993503,                 0,       75.14338926
          0,           0,         295,      -8.110262072,      -8.905944565,      -8.600245508,      -7.559845924,             0.448,    0.001081476746,     0.08126583576,                 0,                 0,                 0,    -0.03312122424,  -0.0006915854801,     0.08127008898,                 0,       75.14339632
          0,           0,         296,       -8.12355417,      -8.914406245,      -8.612549873,      -7.573190514,             0.448,    0.001081478803,     0.08126599083,                 0,                 0,                 0,    -0.03312118025,  -0.0006915868074,     0.08127024406,                 0,       75.14339684
          0,           0,         297,      -8.136732083,      -8.922366228,      -8.624995245,      -7.586416514,             0.448,    0.001081480934,     0.08126614616,                 0,                 0,                 0,    -0.03312113883,  -0.0006915880653,      0.0812703994,                 0,        75.1433924
          0,           0,         298,      -8.149806188,      -8.930086639,      -8.637630998,      -7.599532808,             0.448,    0.001081483106,     0.08126630085,                 0,                 0,                 0,    -0.03312110019,  -0.0006915892678,      0.0812705541,                 0,       75.14338448
          0,           0,         299,      -8.162790209,      -8.937811895,      -8.650502108,      -7.612551804,             0.448,    0.001081485288,     0.08126645402,                 0,                 0,                 0,    -0.03312106452,  -0.0006915904279,     0.08127070728,                 0,       75.14337451
          0,           0,         300,      -8.175700599,      -8.945759973,       -8.66364779,      -7.625488854,             0.448,    0.001081487449,     0.08126660482,                 0,                 0,                 0,    -0.03312103198,  -0.0006915915573,     0.08127085809,                 0,       75.14336381
          0,           0,         301,      -8.188555814,      -8.954117555,      -8.677100368,      -7.638361565,             0.448,     0.00108148956,     0.08126675243,                 0,                 0,                 0,    -0.03312100269,  -0.0006915926664,     0.08127100572,                 0,       75.14335359
          0,           0,         302,      -8.201375527,       -8.96303812,      -8.690884362,      -7.651189034,             0.448,    0.001081491596,     0.08126689608,                 0,                 0,                 0,    -0.03312097674,  -0.0006915937644,     0.08127114938,                 0,       75.14334494
          0,           0,         303,      -8.214179826,      -8.972642059,      -8.705015783,      -7.663991063,             0.448,    0.001081493533,     0.08126703503,                 0,                 0,                 0,    -0.03312095418,  -0.0006915948591,     0.08127128834,                 0,       75.14333884
          0,           0,         304,      -8.226988427,      -8.983017995,      -8.719501609,      -7.676787373,             0.448,     0.00108149535,     0.08126716862,                 0,                 0,                 0,    -0.03312093503,  -0.0006915959567,     0.08127142193,                 0,       75.14333611
          0,           0,         305,      -8.239819935,      -8.994224696,      -8.734339419,      -7.689596873,             0.448,    0.001081497029,     0.08126729622,                 0,                 0,                 0,    -0.03312091928,  -0.0006915970622,     0.08127154954,                 0,       75.14333747
          0,           0,         306,      -8.252691194,      -9.006293137,      -8.749517171,      -7.702436983,             0.448,    0.001081498554,      0.0812674173,                 0,                 0,                 0,    -0.03312090689,  -0.0006915981791,     0.08127167062,                 0,       75.14334349
          0,           0,         307,      -8.265616713,      -9.019228426,      -8.765013124,      -7.715323057,             0.448,    0.001081499912,     0.08126753138,                 0,                 0,                 0,     -0.0331208978,  -0.0006915993096,      0.0812717847,                 0,       75.14335458
          0,           0,         308,      -8.278608212,       -9.03301142,      -8.780795904,      -7.728267897,             0.448,    0.001081501094,     0.08126763804,                 0,                 0,                 0,    -0.03312089191,  -0.0006916004545,     0.08127189137,                 0,       75.14337106
          0,           0,         309,      -8.291674272,        -9.0476001,       -8.79682476,      -7.741281372,             0.448,    0.001081502094,     0.08126773697,                 0,                 0,                 0,     -0.0331208891,  -0.0006916016133,     0.08127199029,                 0,       75.14339309
          0,           0,         310,      -8.304820105,      -9.062930625,      -8.813050046,       -7.75437016,             0.448,    0.001081502906,     0.08126782789,                 0,                 0,                 0,    -0.03312088922,  -0.0006916027846,     0.08127208121,                 0,       75.14342072
          0,           0,         311,      -8.318047446,        -9.0789184,      -8.829413977,      -7.767537592,             0.448,     0.00108150353,      0.0812679106,                 0,                 0,                 0,    -0.03312089213,  -0.0006916039651,     0.08127216391,                 0,       75.14345384
          0,           0,         312,      -8.331354585,      -9.095459017,      -8.845851705,      -7.780783659,             0.448,    0.001081503967,       0.081267985,                 0,                 0,                 0,    -0.03312089764,  -0.0006916051516,      0.0812722383,                 0,        75.1434923
          0,           0,         313,      -8.344736369,      -9.112430052,      -8.862292836,      -7.794104949,             0.448,    0.001081504219,     0.08126805104,                 0,                 0,                 0,    -0.03312090557,  -0.0006916063401,     0.08127230434,                 0,       75.14353584
          0,           0,         314,      -8.358184562,      -9.129693865,       -8.87866334,      -7.807494989,             0.448,    0.001081504292,     0.08126810875,                 0,                 0,                 0,     -0.0331209157,  -0.0006916075257,     0.08127236203,                 0,        75.1435841
          0,           0,         315,      -8.371688159,      -9.147100651,      -8.894887923,      -7.820944501,             0.448,    0.001081504194,      0.0812681582,                 0,                 0,                 0,    -0.03312092784,  -0.0006916087027,     0.08127241146,                 0,       75.14363665
          0,           0,         316,      -8.385233783,      -9.164492617,      -8.910892519,      -7.834441764,             0.448,    0.001081503934,     0.08126819954,                 0,                 0,                 0,    -0.03312094176,  -0.0006916098651,     0.08127245279,                 0,       75.14369298
          0,           0,         317,      -8.398806186,      -9.181709896,      -8.926607154,      -7.847973064,             0.448,    0.001081503521,     0.08126823298,                 0,                 0,                 0,    -0.03312095725,  -0.0006916110067,     0.08127248622,                 0,       75.14375255
          0,           0,         318,      -8.412388826,      -9.198597883,      -8.941969006,      -7.861523225,             0.448,    0.001081502969,     0.08126825877,                 0,                 0,                 0,    -0.03312097408,  -0.0006916121215,     0.08127251199,                 0,       75.14381477
          0,           0,         319,      -8.425964511,      -9.215015592,      -8.956925326,      -7.875076227,             0.448,    0.001081502289,     0.08126827721,                 0,                 0,                 0,    -0.03312099205,  -0.0006916132031,     0.08127253041,                 0,       75.14387903
          0,           0,         320,      -8.439516104,      -9.230844415,      -8.971435961,      -7.888615873,             0.448,    0.001081501496,     0.08126828865,                 0,                 0,                 0,    -0.03312101092,  -0.0006916142455,     0.08127254183,                 0,       75.14394471
          0,           0,         321,      -8.453027059,      -9.245995488,      -8.985475341,      -7.902126282,             0.448,    0.001081500604,     0.08126829345,                 0,                 0,                 0,     -0.0331210305,  -0.0006916152425,      0.0812725466,                 0,       75.14401117
          0,           0,         322,      -8.466482101,      -9.260415926,       -8.99903358,      -7.915592553,             0.448,    0.001081499626,     0.08126829202,                 0,                 0,                 0,    -0.03312105059,  -0.0006916161889,     0.08127254516,                 0,       75.14407778
          0,           0,         323,      -8.479867877,       -9.27409297,      -9.012116783,      -7.929001404,             0.448,    0.001081498578,      0.0812682848,                 0,                 0,                 0,    -0.03312107099,  -0.0006916170796,     0.08127253791,                 0,       75.14414395
          0,           0,         324,      -8.493173415,      -9.287054234,      -9.024746405,       -7.94234162,             0.448,    0.001081497472,     0.08126827223,                 0,                 0,                 0,    -0.03312109152,  -0.0006916179102,     0.08127252532,                 0,       75.14420911
          0,           0,         325,      -8.506390532,      -9.299364725,       -9.03695775,      -7.955604466,             0.448,    0.001081496325,     0.08126825477,                 0,                 0,                 0,      -0.033121112,  -0.0006916186762,     0.08127250784,                 0,       75.14427267
          0,           0,         326,       -8.51951412,       -9.31112146,      -9.048797828,      -7.968783994,             0.448,     0.00108149515,     0.08126823289,                 0,                 0,                 0,    -0.03312113228,   -0.000691619374,     0.08127248595,                 0,        75.1443341
          0,           0,         327,      -8.532542298,      -9.322446245,      -9.060322745,      -7.981877217,             0.448,     0.00108149396,     0.08126820707,                 0,                 0,                 0,    -0.03312115221,  -0.0006916200001,      0.0812724601,                 0,        75.1443929
          0,           0,         328,      -8.545476432,      -9.333477328,      -9.071594862,      -7.994884164,             0.448,    0.001081492769,     0.08126817777,                 0,                 0,                 0,    -0.03312117165,   -0.000691620552,     0.08127243079,                 0,       75.14444858
          0,           0,         329,      -8.558321021,      -9.344361175,      -9.082679913,      -8.007807815,             0.448,    0.001081491589,     0.08126814547,                 0,                 0,                 0,    -0.03312119048,  -0.0006916210275,     0.08127239846,                 0,       75.14450073
          0,           0,         330,      -8.571083435,      -9.355244806,      -9.093644235,      -8.020653891,             0.448,    0.001081490431,     0.08126811061,                 0,                 0,                 0,    -0.03312120859,  -0.0006916214247,     0.08127236359,                 0,       75.14454895
          0,           0,         331,      -8.583773546,      -9.366269283,      -9.104552257,      -8.033430535,             0.448,    0.001081489306,     0.08126807367,                 0,                 0,                 0,    -0.03312122587,  -0.0006916217428,     0.08127232663,                 0,       75.14459291
          0,           0,         332,      -8.596403246,      -9.377564634,      -9.115464348,      -8.046147889,             0.448,    0.001081488226,     0.08126803508,                 0,                 0,                 0,    -0.03312124225,  -0.0006916219812,     0.08127228803,                 0,       75.14463231
          0,           0,         333,      -8.608985901,      -9.389246146,      -9.126435075,      -8.058817597,             0.448,    0.001081487198,     0.08126799526,                 0,                 0,                 0,    -0.03312125763,    -0.00069162214,      0.0812722482,                 0,       75.14466689
          0,           0,         334,      -8.621535746,      -9.401411935,      -9.137511902,      -8.071452257,             0.448,    0.001081486232,     0.08126795463,                 0,                 0,                 0,    -0.03312127198,  -0.0006916222199,     0.08127220756,                 0,       75.14469647
          0,           0,         335,      -8.634067273,      -9.414141317,      -9.148734257,       -8.08406484,             0.448,    0.001081485334,     0.08126791358,                 0,                 0,                 0,    -0.03312128523,  -0.0006916222222,      0.0812721665,                 0,       75.14472091
          0,           0,         336,      -8.646594613,      -9.427493771,      -9.160132983,      -8.096668118,             0.448,    0.001081484511,     0.08126787249,                 0,                 0,                 0,    -0.03312129734,  -0.0006916221487,      0.0812721254,                 0,       75.14474011
          0,           0,         337,      -8.659130952,      -9.441508314,      -9.171730087,      -8.109274106,             0.448,    0.001081483768,     0.08126783171,                 0,                 0,                 0,     -0.0331213083,   -0.000691622002,     0.08127208462,                 0,       75.14475403
          0,           0,         338,      -8.671688006,       -9.45620309,      -9.183538752,      -8.121893551,             0.448,    0.001081483109,     0.08126779157,                 0,                 0,                 0,    -0.03312131808,  -0.0006916217849,     0.08127204447,                 0,       75.14476269
          0,           0,         339,      -8.684275557,      -9.471574941,      -9.195563591,      -8.134535492,             0.448,    0.001081482537,     0.08126775237,                 0,                 0,                 0,    -0.03312132668,  -0.0006916215011,     0.08127200527,                 0,       75.14476615
          0,           0,         340,       -8.69690109,      -9.487599055,      -9.207801103,      -8.147206889,             0.448,    0.001081482056,     0.08126771439,                 0,                 0,                 0,    -0.03312133412,  -0.0006916211544,     0.08127196728,                 0,       75.14476452
          0,           0,         341,      -8.709569511,      -9.504228551,      -9.220240321,      -8.159912352,             0.448,    0.001081481664,     0.08126767788,                 0,                 0,                 0,     -0.0331213404,  -0.0006916207492,     0.08127193077,                 0,       75.14475795
          0,           0,         342,       -8.72228299,      -9.521394213,      -9.232863623,       -8.17265397,             0.448,    0.001081481363,     0.08126764306,                 0,                 0,                 0,    -0.03312134555,  -0.0006916202903,     0.08127189595,                 0,       75.14474665
          0,           0,         343,      -8.735040898,      -9.539004484,      -9.245647722,      -8.185431237,             0.448,    0.001081481152,     0.08126761011,                 0,                 0,                 0,    -0.03312134962,  -0.0006916197824,     0.08127186301,                 0,       75.14473084
          0,           0,         344,      -8.747839863,      -9.556945914,      -9.258564786,      -8.198241098,             0.448,     0.00108148103,      0.0812675792,                 0,                 0,                 0,    -0.03312135263,  -0.0006916192309,      0.0812718321,                 0,       75.14471079
          0,           0,         345,       -8.76067393,      -9.575084547,      -9.271583696,      -8.211078081,             0.448,    0.001081480993,     0.08126755046,                 0,                 0,                 0,    -0.03312135465,  -0.0006916186408,     0.08127180337,                 0,       75.14468678
          0,           0,         346,      -8.773534825,      -9.593268347,      -9.284671418,      -8.223934543,             0.448,    0.001081481038,     0.08126752399,                 0,                 0,                 0,    -0.03312135572,  -0.0006916180177,     0.08127177691,                 0,       75.14465913
          0,           0,         347,      -8.786412311,      -9.611331225,      -9.297794455,      -8.236800997,             0.448,    0.001081481163,     0.08126749987,                 0,                 0,                 0,    -0.03312135591,  -0.0006916173667,     0.08127175279,                 0,       75.14462816
          0,           0,         348,      -8.799294631,      -9.629098902,      -9.310920333,       -8.24966653,             0.448,    0.001081481363,     0.08126747814,                 0,                 0,                 0,    -0.03312135527,  -0.0006916166931,     0.08127173107,                 0,        75.1445942
          0,           0,         349,      -8.812169014,      -9.646396544,      -9.324019078,      -8.262519279,             0.448,    0.001081481632,     0.08126745882,                 0,                 0,                 0,    -0.03312135389,  -0.0006916160022,     0.08127171176,                 0,       75.14455761
          0,           0,         350,       -8.82502224,      -9.663058076,        -9.3370646,      -8.275346965,             0.448,    0.001081481967,     0.08126744192,                 0,                 0,                 0,    -0.03312135181,  -0.0006916152991,     0.08127169487,                 0,       75.14451874
          0,           0,         351,      -8.837841232,      -9.678936536,      -9.350035914,      -8.288137457,             0.448,    0.001081482361,     0.08126742741,                 0,                 0,                 0,    -0.03312134912,  -0.0006916145886,     0.08127168037,                 0,       75.14447794
          0,           0,         352,      -8.850613654,      -9.693914457,      -9.362918118,      -8.300879344,             0.448,    0.001081482809,     0.08126741526,                 0,                 0,                 0,    -0.03312134589,  -0.0006916138757,     0.08127166824,                 0,       75.14443558
          0,           0,         353,      -8.863328502,      -9.707912852,      -9.375703075,      -8.313562497,             0.448,    0.001081483305,     0.08126740541,                 0,                 0,                 0,    -0.03312134217,   -0.000691613165,      0.0812716584,                 0,       75.14439201
          0,           0,         354,      -8.875976645,      -9.720897917,      -9.388389746,      -8.326178586,             0.448,    0.001081483843,      0.0812673978,                 0,                 0,                 0,    -0.03312133805,  -0.0006916124611,      0.0812716508,                 0,       75.14434759
          0,           0,         355,      -8.888551312,      -9.732883726,      -9.400984153,      -8.338721549,             0.448,    0.001081484417,     0.08126739233,                 0,                 0,                 0,    -0.03312133358,  -0.0006916117681,     0.08127164535,                 0,       75.14430267
          0,           0,         356,       -8.90104848,      -9.743931302,      -9.413498977,      -8.351187963,             0.448,     0.00108148502,     0.08126738892,                 0,                 0,                 0,    -0.03312132884,  -0.0006916110903,     0.08127164195,                 0,       75.14425757
          0,           0,         357,      -8.913467169,      -9.754143366,      -9.425952854,      -8.363577325,             0.448,    0.001081485647,     0.08126738745,                 0,                 0,                 0,    -0.03312132388,  -0.0006916104314,      0.0812716405,                 0,       75.14421265
          0,           0,         358,      -8.925809604,      -9.763656326,      -9.438369365,      -8.375892213,             0.448,    0.001081486292,     0.08126738783,                 0,                 0,                 0,    -0.03312131877,  -0.0006916097949,     0.08127164089,                 0,        75.1441682
          0,           0,         359,      -8.938081261,      -9.772630292,      -9.450775848,      -8.388138322,             0.448,    0.001081486948,     0.08126738991,                 0,                 0,                 0,    -0.03312131356,  -0.0006916091843,     0.08127164299,                 0,       75.14412452
          0,           0,         360,      -8.950290766,      -9.781238612,      -9.463202069,      -8.400324377,             0.448,    0.001081487611,     0.08126739359,                 0,                 0,                 0,     -0.0331213083,  -0.0006916086024,     0.08127164667,                 0,       75.14408191
          0,           0,         361,      -8.962449686,      -9.789658151,      -9.475678835,      -8.412461926,             0.448,    0.001081488273,     0.08126739872,                 0,                 0,                 0,    -0.03312130305,  -0.0006916080518,     0.08127165182,                 0,       75.14404061
          0,           0,         362,      -8.974572186,      -9.798060993,      -9.488236631,      -8.424565018,             0.448,    0.001081488931,     0.08126740517,                 0,                 0,                 0,    -0.03312129786,   -0.000691607535,     0.08127165828,                 0,       75.14400087
          0,           0,         363,      -8.986674611,      -9.806608082,      -9.500904308,      -8.436649794,             0.448,    0.001081489579,     0.08126741281,                 0,                 0,                 0,    -0.03312129276,  -0.0006916070538,     0.08127166593,                 0,       75.14396292
          0,           0,         364,      -8.998774971,      -9.815444738,      -9.513707899,      -8.448733997,             0.448,    0.001081490212,     0.08126742149,                 0,                 0,                 0,    -0.03312128779,  -0.0006916066099,     0.08127167463,                 0,       75.14392693
          0,           0,         365,      -9.010892387,      -9.824697894,      -9.526669566,      -8.460836439,             0.448,    0.001081490827,     0.08126743109,                 0,                 0,                 0,    -0.03312128299,  -0.0006916062045,     0.08127168424,                 0,       75.14389308
          0,           0,         366,        -9.0230465,      -9.834474701,      -9.539806699,      -8.472976427,             0.448,     0.00108149142,     0.08126744146,                 0,                 0,                 0,    -0.03312127839,  -0.0006916058386,     0.08127169462,                 0,       75.14386152
          0,           0,         367,      -9.035256882,      -9.844862232,      -9.553131201,      -8.485173195,             0.448,    0.001081491986,     0.08126745248,                 0,                 0,                 0,    -0.03312127402,  -0.0006916055128,     0.08127170565,                 0,       75.14383236
          0,           0,         368,       -9.04754245,       -9.85592766,      -9.566648921,       -8.49744534,             0.448,    0.001081492523,       0.081267464,                 0,                 0,                 0,    -0.03312126989,  -0.0006916052274,     0.08127171718,                 0,        75.1438057
          0,           0,         369,      -9.059920915,      -9.867718895,      -9.580359272,      -8.509810285,             0.448,    0.001081493028,     0.08126747592,                 0,                 0,                 0,    -0.03312126603,  -0.0006916049822,     0.08127172911,                 0,       75.14378162
          0,           0,         370,      -9.072408278,      -9.880265241,      -9.594255015,      -8.522283787,             0.448,    0.001081493499,      0.0812674881,                 0,                 0,                 0,    -0.03312126245,  -0.0006916047771,      0.0812717413,                 0,       75.14376016
          0,           0,         371,       -9.08501837,      -9.893578131,      -9.608322207,      -8.534879493,             0.448,    0.001081493934,     0.08126750044,                 0,                 0,                 0,    -0.03312125916,  -0.0006916046114,     0.08127175364,                 0,       75.14374134
          0,           0,         372,      -9.097762463,      -9.907651413,      -9.622540344,      -8.547608555,             0.448,    0.001081494331,     0.08126751282,                 0,                 0,                 0,    -0.03312125617,  -0.0006916044841,     0.08127176603,                 0,       75.14372517
          0,           0,         373,      -9.110648938,      -9.922462007,      -9.636882678,      -8.560479305,             0.448,     0.00108149469,     0.08126752515,                 0,                 0,                 0,    -0.03312125347,  -0.0006916043943,     0.08127177836,                 0,       75.14371164
          0,           0,         374,      -9.123683024,      -9.937969805,      -9.651316737,      -8.573497001,             0.448,     0.00108149501,     0.08126753733,                 0,                 0,                 0,    -0.03312125108,  -0.0006916043405,     0.08127179055,                 0,        75.1437007
          0,           0,         375,      -9.136866612,      -9.954117957,      -9.665805044,      -8.586663636,             0.448,     0.00108149529,     0.08126754928,                 0,                 0,                 0,    -0.03312124899,  -0.0006916043213,      0.0812718025,                 0,       75.14369229
          0,           0,         376,      -9.150198137,      -9.970832756,      -9.680306066,      -8.599977823,             0.448,     0.00108149553,     0.08126756092,                 0,                 0,                 0,    -0.03312124719,  -0.0006916043348,     0.08127181414,                 0,       75.14368635
          0,           0,         377,      -9.163672542,      -9.988024132,      -9.694775364,      -8.613434757,             0.448,    0.001081495732,     0.08126757218,                 0,                 0,                 0,    -0.03312124567,  -0.0006916043792,      0.0812718254,                 0,       75.14368277
          0,           0,         378,      -9.177281321,      -10.00558626,      -9.709166934,      -8.627026248,             0.448,    0.001081495895,     0.08126758301,                 0,                 0,                 0,    -0.03312124443,  -0.0006916044525,     0.08127183623,                 0,       75.14368147
          0,           0,         379,      -9.191012646,      -10.02339885,      -9.723434725,      -8.640740849,             0.448,     0.00108149602,     0.08126759335,                 0,                 0,                 0,    -0.03312124344,  -0.0006916045526,     0.08127184657,                 0,       75.14368231
          0,           0,         380,      -9.204851571,      -10.04132934,      -9.737534275,       -8.65456405,             0.448,    0.001081496109,     0.08126760316,                 0,                 0,                 0,     -0.0331212427,  -0.0006916046774,     0.08127185639,                 0,       75.14368517
          0,           0,         381,      -9.218780335,      -10.05923595,      -9.751424401,      -8.668478571,             0.448,    0.001081496164,     0.08126761242,                 0,                 0,                 0,    -0.03312124219,  -0.0006916048245,     0.08127186564,                 0,       75.14368993
          0,           0,         382,      -9.232778739,      -10.07697238,      -9.765068853,       -8.68246473,             0.448,    0.001081496186,     0.08126762109,                 0,                 0,                 0,    -0.03312124189,  -0.0006916049919,     0.08127187431,                 0,       75.14369643
          0,           0,         383,      -9.246824601,      -10.09439318,      -9.778437857,      -8.696500878,             0.448,    0.001081496177,     0.08126762916,                 0,                 0,                 0,    -0.03312124178,  -0.0006916051773,     0.08127188238,                 0,       75.14370454
          0,           0,         384,      -9.260894292,      -10.11136041,      -9.791509457,      -8.710563924,             0.448,    0.001081496138,     0.08126763662,                 0,                 0,                 0,    -0.03312124185,  -0.0006916053784,     0.08127188984,                 0,        75.1437141
          0,           0,         385,      -9.274963322,        -10.127751,       -9.80427051,      -8.724629897,             0.448,    0.001081496073,     0.08126764348,                 0,                 0,                 0,    -0.03312124207,  -0.0006916055933,     0.08127189669,                 0,       75.14372498
          0,           0,         386,      -9.289006986,      -10.14346375,      -9.816717347,      -8.738674567,             0.448,    0.001081495983,     0.08126764973,                 0,                 0,                 0,    -0.03312124243,  -0.0006916058197,     0.08127190294,                 0,       75.14373702
          0,           0,         387,      -9.303001031,      -10.15842581,      -9.828855972,      -8.752674096,             0.448,     0.00108149587,     0.08126765538,                 0,                 0,                 0,    -0.03312124291,  -0.0006916060557,     0.08127190858,                 0,       75.14375008
          0,           0,         388,      -9.316922341,       -10.1725971,      -9.840701827,      -8.766605688,             0.448,    0.001081495737,     0.08126766044,                 0,                 0,                 0,    -0.03312124349,  -0.0006916062992,     0.08127191365,                 0,       75.14376401
          0,           0,         389,      -9.330749601,      -10.18597316,      -9.852279123,      -8.780448241,             0.448,    0.001081495586,     0.08126766495,                 0,                 0,                 0,    -0.03312124414,  -0.0006916065485,     0.08127191815,                 0,       75.14377867
          0,           0,         390,      -9.344463934,      -10.19858441,       -9.86361978,      -8.794182958,             0.448,    0.001081495419,     0.08126766891,                 0,                 0,                 0,    -0.03312124486,  -0.0006916068017,      0.0812719221,                 0,       75.14379392
          0,           0,         391,      -9.358049456,      -10.21049384,      -9.874762121,      -8.807793894,             0.448,    0.001081495239,     0.08126767235,                 0,                 0,                 0,    -0.03312124563,  -0.0006916070572,     0.08127192554,                 0,       75.14380964
          0,           0,         392,      -9.371493761,      -10.22179163,      -9.885749312,      -8.821268425,             0.448,    0.001081495047,     0.08126767531,                 0,                 0,                 0,    -0.03312124644,  -0.0006916073132,     0.08127192849,                 0,       75.14382569
          0,           0,         393,      -9.384788269,      -10.23258898,      -9.896627752,      -8.834597609,             0.448,    0.001081494846,      0.0812676778,                 0,                 0,                 0,    -0.03312124725,  -0.0006916075684,     0.08127193098,                 0,       75.14384195
          0,           0,         394,      -9.397928457,      -10.24301062,      -9.907445435,      -8.847776414,             0.448,    0.001081494638,     0.08126767986,                 0,                 0,                 0,    -0.03312124808,  -0.0006916078213,     0.08127193304,                 0,       75.14385831
          0,           0,         395,      -9.410913937,      -10.25318801,      -9.918250411,      -8.860803818,             0.448,    0.001081494425,     0.08126768153,                 0,                 0,                 0,    -0.03312124889,  -0.0006916080707,      0.0812719347,                 0,       75.14387465
          0,           0,         396,      -9.423748385,      -10.26325256,      -9.929089383,      -8.873682755,             0.448,    0.001081494209,     0.08126768283,                 0,                 0,                 0,    -0.03312124969,  -0.0006916083152,       0.081271936,                 0,       75.14389088
          0,           0,         397,      -9.436439322,      -10.27333035,      -9.940006481,      -8.886419927,             0.448,    0.001081493992,      0.0812676838,                 0,                 0,                 0,    -0.03312125046,  -0.0006916085539,     0.08127193696,                 0,       75.14390689
          0,           0,         398,      -9.448997762,      -10.28353785,      -9.951042242,      -8.899025483,             0.448,    0.001081493774,     0.08126768447,                 0,                 0,                 0,    -0.03312125119,  -0.0006916087858,     0.08127193762,                 0,       75.14392261
          0,           0,         399,      -9.461437745,      -10.29397857,      -9.962232808,      -8.911512578,             0.448,    0.001081493559,     0.08126768487,                 0,                 0,                 0,    -0.03312125188,  -0.0006916090099,     0.08127193802,                 0,       75.14393795
          0,           0,         400,      -9.473775776,      -10.30474128,      -9.973609311,      -8.923896847,             0.448,    0.001081493347,     0.08126768504,                 0,                 0,                 0,    -0.03312125251,  -0.0006916092255,     0.08127193819,                 0,       75.14395283
          0,           0,         401,      -9.486030211,      -10.31589852,      -9.985197468,       -8.93619582,             0.448,    0.001081493139,     0.08126768501,                 0,                 0,                 0,    -0.03312125309,   -0.000691609432,     0.08127193815,                 0,        75.1439672
          0,           0,         402,      -9.498220594,      -10.32750617,      -9.997017333,       -8.94842828,             0.448,    0.001081492938,      0.0812676848,                 0,                 0,                 0,    -0.03312125361,  -0.0006916096287,     0.08127193793,                 0,         75.143981
          0,           0,         403,      -9.510367008,      -10.33960296,       -10.0090832,      -8.960613638,             0.448,    0.001081492744,     0.08126768444,                 0,                 0,                 0,    -0.03312125406,  -0.0006916098152,     0.08127193757,                 0,       75.14399417
          0,           0,         404,      -9.522489434,       -10.3522109,      -10.02140364,      -8.972771298,             0.448,    0.001081492557,     0.08126768397,                 0,                 0,                 0,    -0.03312125445,  -0.0006916099912,     0.08127193709,                 0,       75.14400668
          0,           0,         405,      -9.534607167,      -10.36533535,      -10.03398167,      -8.984920091,             0.448,     0.00108149238,      0.0812676834,                 0,                 0,                 0,    -0.03312125478,  -0.0006916101563,     0.08127193652,                 0,       75.14401849
          0,           0,         406,      -9.546738282,      -10.37896539,      -10.04681497,      -8.997077736,             0.448,    0.001081492212,     0.08126768276,                 0,                 0,                 0,    -0.03312125504,  -0.0006916103104,     0.08127193588,                 0,       75.14402958
          0,           0,         407,      -9.558899184,      -10.39307437,      -10.05989624,      -9.009260393,             0.448,    0.001081492054,     0.08126768208,                 0,                 0,                 0,    -0.03312125523,  -0.0006916104534,      0.0812719352,                 0,       75.14403992
          0,           0,         408,      -9.571104241,      -10.40762063,      -10.07321363,      -9.021482286,             0.448,    0.001081491907,     0.08126768137,                 0,                 0,                 0,    -0.03312125536,  -0.0006916105853,     0.08127193449,                 0,        75.1440495
          0,           0,         409,      -9.583365502,      -10.42254782,      -10.08675121,      -9.033755417,             0.448,     0.00108149177,     0.08126768066,                 0,                 0,                 0,    -0.03312125544,  -0.0006916107061,     0.08127193377,                 0,       75.14405833
          0,           0,         410,      -9.595692507,      -10.43778642,      -10.10048953,      -9.046089362,             0.448,    0.001081491645,     0.08126767995,                 0,                 0,                 0,    -0.03312125545,  -0.0006916108161,     0.08127193306,                 0,       75.14406639
          0,           0,         411,      -9.608092177,      -10.45325489,      -10.11440625,      -9.058491148,             0.448,     0.00108149153,     0.08126767926,                 0,                 0,                 0,    -0.03312125541,  -0.0006916109153,     0.08127193237,                 0,       75.14407369
          0,           0,         412,      -9.620568798,      -10.46886172,      -10.12847677,      -9.070965229,             0.448,    0.001081491427,     0.08126767861,                 0,                 0,                 0,    -0.03312125532,  -0.0006916110042,     0.08127193171,                 0,       75.14408025
          0,           0,         413,      -9.633124075,      -10.48450794,      -10.14267497,      -9.083513518,             0.448,    0.001081491335,       0.081267678,                 0,                 0,                 0,    -0.03312125518,  -0.0006916110829,      0.0812719311,                 0,       75.14408608
          0,           0,         414,      -9.645757241,       -10.5000902,      -10.15697392,      -9.096135496,             0.448,    0.001081491254,     0.08126767744,                 0,                 0,                 0,      -0.033121255,  -0.0006916111519,     0.08127193055,                 0,       75.14409121
          0,           0,         415,      -9.658465258,      -10.51550476,      -10.17134662,      -9.108828396,             0.448,    0.001081491184,     0.08126767695,                 0,                 0,                 0,    -0.03312125479,  -0.0006916112116,     0.08127193005,                 0,       75.14409565
          0,           0,         416,      -9.671243045,      -10.53065185,      -10.18576672,      -9.121587417,             0.448,    0.001081491123,     0.08126767651,                 0,                 0,                 0,    -0.03312125454,  -0.0006916112624,     0.08127192961,                 0,       75.14409943
          0,           0,         417,      -9.684083764,      -10.54544021,       -10.2002092,      -9.134406011,             0.448,    0.001081491073,     0.08126767614,                 0,                 0,                 0,    -0.03312125427,  -0.0006916113047,     0.08127192924,                 0,        75.1441026
          0,           0,         418,      -9.696979142,      -10.55979207,      -10.21465098,      -9.147276195,             0.448,    0.001081491032,     0.08126767584,                 0,                 0,                 0,    -0.03312125398,  -0.0006916113392,     0.08127192894,                 0,       75.14410517
          0,           0,         419,      -9.709919815,      -10.57364736,      -10.22907145,      -9.160188889,             0.448,       0.001081491,      0.0812676756,                 0,                 0,                 0,    -0.03312125368,  -0.0006916113662,      0.0812719287,                 0,       75.14410719
          0,           0,         420,      -9.722895705,      -10.58696717,      -10.24345285,      -9.173134287,             0.448,    0.001081490976,     0.08126767543,                 0,                 0,                 0,    -0.03312125336,  -0.0006916113863,     0.08127192853,                 0,       75.14410868
          0,           0,         421,      -9.735896385,       -10.5997362,      -10.25778056,      -9.186102233,             0.448,     0.00108149096,     0.08126767533,                 0,                 0,                 0,    -0.03312125304,  -0.0006916113999,     0.08127192842,                 0,        75.1441097
          0,           0,         422,      -9.748911457,      -10.61196351,      -10.27204322,      -9.199082584,             0.448,    0.001081490951,     0.08126767528,                 0,                 0,                 0,    -0.03312125272,  -0.0006916114078,     0.08127192837,                 0,       75.14411027
          0,           0,         423,      -9.761930906,      -10.62368185,      -10.28623269,      -9.212065579,             0.448,    0.001081490949,     0.08126767528,                 0,                 0,                 0,    -0.03312125241,  -0.0006916114102,     0.08127192837,                 0,       75.14411044
          0,           0,         424,      -9.774945432,      -10.63494544,      -10.30034391,      -9.225042165,             0.448,    0.001081490952,     0.08126767533,                 0,                 0,                 0,    -0.03312125211,  -0.0006916114078,     0.08127192842,                 0,       75.14411024
          0,           0,         425,      -9.787946745,      -10.64582641,      -10.31437456,      -9.238004303,             0.448,    0.001081490961,     0.08126767542,                 0,                 0,                 0,    -0.03312125181,   -0.000691611401,     0.08127192852,                 0,       75.14410972
          0,           0,         426,      -9.800927806,      -10.65641095,      -10.32832467,      -9.250945212,             0.448,    0.001081490974,     0.08126767555,                 0,                 0,                 0,    -0.03312125154,  -0.0006916113904,     0.08127192864,                 0,        75.1441089
          0,           0,         427,      -9.813883011,      -10.66679435,      -10.34219609,      -9.263859561,             0.448,    0.001081490992,      0.0812676757,                 0,                 0,                 0,    -0.03312125129,  -0.0006916113763,      0.0812719288,                 0,       75.14410783
          0,           0,         428,       -9.82680832,       -10.6770765,      -10.35599194,      -9.276743601,             0.448,    0.001081491013,     0.08126767588,                 0,                 0,                 0,    -0.03312125106,  -0.0006916113592,     0.08127192898,                 0,       75.14410654
          0,           0,         429,      -9.839701307,      -10.68735772,      -10.36971602,      -9.289595226,             0.448,    0.001081491037,     0.08126767607,                 0,                 0,                 0,    -0.03312125086,  -0.0006916113395,     0.08127192916,                 0,       75.14410506
          0,           0,         430,      -9.852561142,      -10.69773505,      -10.38337219,      -9.302413963,             0.448,    0.001081491063,     0.08126767626,                 0,                 0,                 0,    -0.03312125068,  -0.0006916113176,     0.08127192936,                 0,       75.14410342
          0,           0,         431,      -9.865388511,      -10.70829902,      -10.39696383,      -9.315200892,             0.448,     0.00108149109,     0.08126767645,                 0,                 0,                 0,    -0.03312125054,  -0.0006916112939,     0.08127192955,                 0,       75.14410166
          0,           0,         432,      -9.878185471,      -10.71913173,      -10.41049332,      -9.327958508,             0.448,     0.00108149112,     0.08126767663,                 0,                 0,                 0,    -0.03312125043,  -0.0006916112687,     0.08127192973,                 0,        75.1440998
          0,           0,         433,      -9.890955239,      -10.73030482,      -10.42396166,      -9.340690515,             0.448,     0.00108149115,     0.08126767679,                 0,                 0,                 0,    -0.03312125035,  -0.0006916112423,     0.08127192989,                 0,       75.14409787
          0,           0,         434,      -9.903701961,      -10.74187839,      -10.43736808,      -9.353401589,             0.448,     0.00108149118,     0.08126767693,                 0,                 0,                 0,     -0.0331212503,  -0.0006916112149,     0.08127193003,                 0,       75.14409589
          0,           0,         435,      -9.916430411,      -10.75390034,      -10.45070992,      -9.366097087,             0.448,     0.00108149121,     0.08126767704,                 0,                 0,                 0,    -0.03312125029,   -0.000691611187,     0.08127193014,                 0,       75.14409388
          0,           0,         436,      -9.929145706,      -10.76640597,      -10.46398245,      -9.378782744,             0.448,     0.00108149124,     0.08126767711,                 0,                 0,                 0,    -0.03312125031,  -0.0006916111585,     0.08127193021,                 0,       75.14409186
          0,           0,         437,      -9.941852982,      -10.77941751,      -10.47717902,      -9.391464359,             0.448,     0.00108149127,     0.08126767715,                 0,                 0,                 0,    -0.03312125037,  -0.0006916111299,     0.08127193025,                 0,       75.14408985
          0,           0,         438,      -9.954557095,      -10.79294449,      -10.49029116,      -9.404147466,             0.448,    0.001081491298,     0.08126767714,                 0,                 0,                 0,    -0.03312125045,  -0.0006916111011,     0.08127193024,                 0,       75.14408786
          0,           0,         439,      -9.967262319,       -10.8069833,       -10.5033089,      -9.416837046,             0.448,    0.001081491326,     0.08126767708,                 0,                 0,                 0,    -0.03312125057,  -0.0006916110725,     0.08127193018,                 0,        75.1440859
          0,           0,         440,      -9.979972095,      -10.82151748,       -10.5162212,      -9.429537237,             0.448,    0.001081491352,     0.08126767696,                 0,                 0,                 0,    -0.03312125072,   -0.000691611044,     0.08127193007,                 0,       75.14408399
          0,           0,         441,      -9.992688782,      -10.83651789,       -10.5290164,      -9.442251092,             0.448,    0.001081491376,      0.0812676768,                 0,                 0,                 0,    -0.03312125089,  -0.0006916110159,      0.0812719299,                 0,       75.14408214
          0,           0,         442,      -10.00541349,      -10.85194259,      -10.54168287,       -9.45498037,             0.448,    0.001081491399,     0.08126767658,                 0,                 0,                 0,    -0.03312125109,  -0.0006916109882,     0.08127192968,                 0,       75.14408034
          0,           0,         443,      -10.01814593,      -10.86773762,      -10.55420956,      -9.467725385,             0.448,     0.00108149142,      0.0812676763,                 0,                 0,                 0,    -0.03312125131,  -0.0006916109609,      0.0812719294,                 0,       75.14407861
          0,           0,         444,      -10.03088434,      -10.88383717,       -10.5665867,      -9.480484898,             0.448,     0.00108149144,     0.08126767596,                 0,                 0,                 0,    -0.03312125156,  -0.0006916109342,     0.08127192906,                 0,       75.14407696
          0,           0,         445,      -10.04362546,      -10.90016485,      -10.57880637,      -9.493256077,             0.448,    0.001081491457,     0.08126767556,                 0,                 0,                 0,    -0.03312125182,  -0.0006916109081,     0.08127192867,                 0,       75.14407537
          0,           0,         446,      -10.05636455,      -10.91663469,      -10.59086316,      -9.506034497,             0.448,    0.001081491473,     0.08126767511,                 0,                 0,                 0,     -0.0331212521,  -0.0006916108825,     0.08127192822,                 0,       75.14407386
          0,           0,         447,      -10.06909553,      -10.93315305,      -10.60275463,       -9.51881422,             0.448,    0.001081491487,     0.08126767461,                 0,                 0,                 0,     -0.0331212524,  -0.0006916108576,     0.08127192772,                 0,       75.14407243
          0,           0,         448,      -10.08181107,      -10.94962108,      -10.61448169,      -9.531587911,             0.448,    0.001081491499,     0.08126767405,                 0,                 0,                 0,    -0.03312125271,  -0.0006916108332,     0.08127192716,                 0,       75.14407107
          0,           0,         449,      -10.09450283,      -10.96593762,      -10.62604892,      -9.544347041,             0.448,    0.001081491509,     0.08126767344,                 0,                 0,                 0,    -0.03312125302,  -0.0006916108095,     0.08127192655,                 0,       75.14406978
          0,           0,         450,      -10.10716169,      -10.98200263,      -10.63746472,      -9.557082082,             0.448,    0.001081491518,     0.08126767278,                 0,                 0,                 0,    -0.03312125335,  -0.0006916107864,     0.08127192589,                 0,       75.14406856
          0,           0,         451,      -10.11977804,       -10.9977216,      -10.64874122,      -9.569782798,             0.448,    0.001081491525,     0.08126767208,                 0,                 0,                 0,    -0.03312125368,  -0.0006916107638,     0.08127192519,                 0,       75.14406741
          0,           0,         452,      -10.13234207,      -11.01300899,      -10.65989409,      -9.582438562,             0.448,    0.001081491531,     0.08126767134,                 0,                 0,                 0,    -0.03312125401,  -0.0006916107419,     0.08127192445,                 0,       75.14406632
          0,           0,         453,      -10.14484416,      -11.02779287,      -10.67094237,      -9.595038663,             0.448,    0.001081491536,     0.08126767057,                 0,                 0,                 0,    -0.03312125434,  -0.0006916107204,     0.08127192368,                 0,       75.14406529
          0,           0,         454,      -10.15727514,      -11.04201845,      -10.68190784,      -9.607572657,             0.448,    0.001081491539,     0.08126766976,                 0,                 0,                 0,    -0.03312125467,  -0.0006916106995,     0.08127192287,                 0,       75.14406431
          0,           0,         455,      -10.16962667,       -11.0556507,      -10.69281455,      -9.620030723,             0.448,    0.001081491541,     0.08126766892,                 0,                 0,                 0,    -0.03312125499,  -0.0006916106791,     0.08127192203,                 0,       75.14406339
          0,           0,         456,      -10.18189154,      -11.06867602,      -10.70368822,      -9.632403993,             0.448,    0.001081491542,     0.08126766806,                 0,                 0,                 0,    -0.03312125531,  -0.0006916106591,     0.08127192117,                 0,       75.14406251
          0,           0,         457,      -10.19406393,      -11.08110277,      -10.71455552,      -9.644684864,             0.448,    0.001081491543,     0.08126766718,                 0,                 0,                 0,    -0.03312125562,  -0.0006916106396,     0.08127192029,                 0,       75.14406167
          0,           0,         458,      -10.20613969,      -11.09296003,      -10.72544343,      -9.656867277,             0.448,    0.001081491542,     0.08126766629,                 0,                 0,                 0,    -0.03312125592,  -0.0006916106204,      0.0812719194,                 0,       75.14406086
          0,           0,         459,       -10.2181165,      -11.10429575,      -10.73637847,      -9.668946961,             0.448,    0.001081491542,     0.08126766539,                 0,                 0,                 0,    -0.03312125621,  -0.0006916106016,      0.0812719185,                 0,       75.14406009
          0,           0,         460,        -10.229994,      -11.11517244,      -10.74738621,      -9.680921612,             0.448,     0.00108149154,     0.08126766448,                 0,                 0,                 0,    -0.03312125649,  -0.0006916105832,     0.08127191759,                 0,       75.14405935
          0,           0,         461,      -10.24177385,      -11.12566484,      -10.75849063,      -9.692791006,             0.448,    0.001081491539,     0.08126766358,                 0,                 0,                 0,    -0.03312125675,   -0.000691610565,     0.08127191669,                 0,       75.14405862
          0,           0,         462,      -10.25345976,      -11.13585391,      -10.76971363,      -9.704557076,             0.448,    0.001081491537,     0.08126766268,                 0,                 0,                 0,      -0.033121257,  -0.0006916105472,     0.08127191579,                 0,       75.14405792
          0,           0,         463,       -10.2650574,      -11.14582495,      -10.78107446,      -9.716223856,             0.448,    0.001081491535,     0.08126766178,                 0,                 0,                 0,    -0.03312125723,  -0.0006916105297,     0.08127191489,                 0,       75.14405722
          0,           0,         464,      -10.27657425,      -11.15566182,      -10.79258943,      -9.727797452,             0.448,    0.001081491533,     0.08126766091,                 0,                 0,                 0,    -0.03312125745,  -0.0006916105124,     0.08127191402,                 0,       75.14405654
          0,           0,         465,      -10.28801946,      -11.16544475,      -10.80427174,      -9.739285852,             0.448,    0.001081491531,     0.08126766005,                 0,                 0,                 0,    -0.03312125765,  -0.0006916104954,     0.08127191316,                 0,       75.14405587
          0,           0,         466,      -10.29940358,      -11.17524791,      -10.81613093,      -9.750698734,             0.448,     0.00108149153,     0.08126765921,                 0,                 0,                 0,    -0.03312125783,  -0.0006916104787,     0.08127191232,                 0,       75.14405521
          0,           0,         467,      -10.31073829,      -11.18513686,      -10.82817294,      -9.762047216,             0.448,    0.001081491528,     0.08126765839,                 0,                 0,                 0,    -0.03312125799,  -0.0006916104622,     0.08127191151,                 0,       75.14405454
          0,           0,         468,       -10.3220361,      -11.19516783,      -10.84039987,      -9.773343551,             0.448,    0.001081491527,     0.08126765761,                 0,                 0,                 0,    -0.03312125813,  -0.0006916104461,     0.08127191072,                 0,       75.14405388
          0,           0,         469,      -10.33331005,      -11.20538651,      -10.85281011,      -9.784600842,             0.448,    0.001081491527,     0.08126765686,                 0,                 0,                 0,    -0.03312125826,  -0.0006916104302,     0.08127190997,                 0,       75.14405322
          0,           0,         470,      -10.34457341,      -11.21582754,      -10.86539825,      -9.795832698,             0.448,    0.001081491527,     0.08126765614,                 0,                 0,                 0,    -0.03312125837,  -0.0006916104146,     0.08127190925,                 0,       75.14405256
          0,           0,         471,      -10.35583937,      -11.22651414,      -10.87815535,      -9.807052966,             0.448,    0.001081491527,     0.08126765546,                 0,                 0,                 0,    -0.03312125845,  -0.0006916103993,     0.08127190857,                 0,        75.1440519
          0,           0,         472,      -10.36712075,      -11.23746111,      -10.89106902,      -9.818275349,             0.448,    0.001081491528,     0.08126765482,                 0,                 0,                 0,    -0.03312125852,  -0.0006916103843,     0.08127190793,                 0,       75.14405124
          0,           0,         473,      -10.37842978,      -11.24867099,      -10.90412391,      -9.829513249,             0.448,     0.00108149153,     0.08126765421,                 0,                 0,                 0,    -0.03312125858,  -0.0006916103697,     0.08127190733,                 0,       75.14405058
          0,           0,         474,      -10.38977785,      -11.26013804,       -10.9173019,      -9.840779399,             0.448,    0.001081491532,     0.08126765366,                 0,                 0,                 0,    -0.03312125861,  -0.0006916103554,     0.08127190677,                 0,       75.14404992
          0,           0,         475,      -10.40117537,      -11.27184893,      -10.93058256,      -9.852085735,             0.448,    0.001081491534,     0.08126765314,                 0,                 0,                 0,    -0.03312125863,  -0.0006916103416,     0.08127190625,                 0,       75.14404927
          0,           0,         476,      -10.41263162,      -11.28378115,      -10.94394373,      -9.863443209,             0.448,    0.001081491538,     0.08126765267,                 0,                 0,                 0,    -0.03312125864,  -0.0006916103282,     0.08127190578,                 0,       75.14404861
          0,           0,         477,      -10.42415461,      -11.29590695,      -10.95736191,      -9.874861606,             0.448,    0.001081491541,     0.08126765225,                 0,                 0,                 0,    -0.03312125863,  -0.0006916103152,     0.08127190536,                 0,       75.14404796
          0,           0,         478,      -10.43575103,      -11.30819496,      -10.97081285,      -9.886349465,             0.448,    0.001081491545,     0.08126765187,                 0,                 0,                 0,     -0.0331212586,  -0.0006916103028,     0.08127190498,                 0,       75.14404732
          0,           0,         479,      -10.44742624,      -11.32060932,      -10.98427209,       -9.89791403,             0.448,     0.00108149155,     0.08126765153,                 0,                 0,                 0,    -0.03312125857,  -0.0006916102908,     0.08127190465,                 0,       75.14404669
          0,           0,         480,      -10.45918422,      -11.33311174,       -10.9977157,      -9.909561188,             0.448,    0.001081491555,     0.08126765124,                 0,                 0,                 0,    -0.03312125852,  -0.0006916102794,     0.08127190436,                 0,       75.14404606
          0,           0,         481,      -10.47102767,      -11.34566547,      -11.01112071,      -9.921295486,             0.448,    0.001081491561,       0.081267651,                 0,                 0,                 0,    -0.03312125846,  -0.0006916102685,     0.08127190411,                 0,       75.14404545
          0,           0,         482,      -10.48295796,       -11.3582339,      -11.02446571,      -9.933120118,             0.448,    0.001081491567,      0.0812676508,                 0,                 0,                 0,    -0.03312125839,  -0.0006916102582,     0.08127190391,                 0,       75.14404486
          0,           0,         483,      -10.49497525,       -11.3707843,      -11.03773129,      -9.945036973,             0.448,    0.001081491573,     0.08126765064,                 0,                 0,                 0,    -0.03312125831,  -0.0006916102486,     0.08127190375,                 0,       75.14404428
          0,           0,         484,      -10.50707864,      -11.38328844,      -11.05090066,      -9.957046757,             0.448,    0.001081491579,     0.08126765052,                 0,                 0,                 0,    -0.03312125822,  -0.0006916102396,     0.08127190364,                 0,       75.14404372
          0,           0,         485,      -10.51926615,      -11.39572222,      -11.06395982,      -9.969148953,             0.448,    0.001081491586,     0.08126765045,                 0,                 0,                 0,    -0.03312125813,  -0.0006916102312,     0.08127190356,                 0,       75.14404319
          0,           0,         486,      -10.53153491,      -11.40806975,      -11.07689787,      -9.981342034,             0.448,    0.001081491593,     0.08126765041,                 0,                 0,                 0,    -0.03312125803,  -0.0006916102235,     0.08127190352,                 0,       75.14404268
          0,           0,         487,      -10.54388125,      -11.42032347,      -11.08970716,      -9.993623451,             0.448,      0.0010814916,      0.0812676504,                 0,                 0,                 0,    -0.03312125793,  -0.0006916102165,     0.08127190352,                 0,       75.14404219
          0,           0,         488,      -10.55630084,      -11.43248088,      -11.10238335,      -10.00598984,             0.448,    0.001081491607,     0.08126765043,                 0,                 0,                 0,    -0.03312125782,  -0.0006916102102,     0.08127190355,                 0,       75.14404173
          0,           0,         489,      -10.56878876,      -11.44454851,      -11.11492522,      -10.01843697,             0.448,    0.001081491614,      0.0812676505,                 0,                 0,                 0,    -0.03312125771,  -0.0006916102046,     0.08127190361,                 0,       75.14404131
          0,           0,         490,      -10.58133965,      -11.45654155,      -11.12733469,      -10.03096005,             0.448,    0.001081491621,     0.08126765059,                 0,                 0,                 0,     -0.0331212576,  -0.0006916101997,     0.08127190371,                 0,       75.14404091
          0,           0,         491,      -10.59394782,       -11.4684786,      -11.13961613,      -10.04355363,             0.448,    0.001081491628,     0.08126765071,                 0,                 0,                 0,    -0.03312125748,  -0.0006916101955,     0.08127190383,                 0,       75.14404055
          0,           0,         492,       -10.6066073,      -11.48038759,      -11.15177652,      -10.05621181,             0.448,    0.001081491634,     0.08126765086,                 0,                 0,                 0,    -0.03312125737,  -0.0006916101921,     0.08127190398,                 0,       75.14404022
          0,           0,         493,      -10.61931194,      -11.49229675,       -11.1638245,      -10.06892827,             0.448,    0.001081491641,     0.08126765103,                 0,                 0,                 0,    -0.03312125726,  -0.0006916101893,     0.08127190414,                 0,       75.14403993
          0,           0,         494,       -10.6320555,      -11.50424071,      -11.17577028,      -10.08169635,             0.448,    0.001081491647,     0.08126765122,                 0,                 0,                 0,    -0.03312125715,  -0.0006916101872,     0.08127190433,                 0,       75.14403967
          0,           0,         495,       -10.6448317,      -11.51625396,      -11.18762484,      -10.09450914,             0.448,    0.001081491653,     0.08126765143,                 0,                 0,                 0,    -0.03312125704,  -0.0006916101858,     0.08127190454,                 0,       75.14403945
          0,           0,         496,      -10.65763423,      -11.52837112,      -11.19939973,      -10.10735952,             0.448,    0.001081491658,     0.08126765165,                 0,                 0,                 0,    -0.03312125693,  -0.0006916101851,     0.08127190477,                 0,       75.14403927
          0,           0,         497,      -10.67045682,      -11.54062545,      -11.21110647,      -10.12024019,             0.448,    0.001081491664,     0.08126765189,                 0,                 0,                 0,    -0.03312125682,   -0.000691610185,       0.081271905,                 0,       75.14403912
          0,           0,         498,      -10.68329325,       -11.5530484,      -11.22275606,      -10.13314374,             0.448,    0.001081491669,     0.08126765214,                 0,                 0,                 0,    -0.03312125672,  -0.0006916101855,     0.08127190525,                 0,       75.14403901
          0,           0,         499,      -10.69613738,      -11.56566675,      -11.23435887,       -10.1460627,             0.448,    0.001081491673,      0.0812676524,                 0,                 0,                 0,    -0.03312125663,  -0.0006916101867,     0.08127190551,                 0,       75.14403894
          0,           0,         500,      -10.70898313,      -11.57850221,      -11.24592416,      -10.15898953,             0.448,    0.001081491677,     0.08126765266,                 0,                 0,                 0,    -0.03312125653,  -0.0006916101884,     0.08127190578,                 0,        75.1440389
          0,           0,         501,      -10.72182445,      -11.59157166,      -11.25745989,      -10.17191667,             0.448,    0.001081491681,     0.08126765293,                 0,                 0,                 0,    -0.03312125644,  -0.0006916101906,     0.08127190605,                 0,        75.1440389
          0,           0,         502,      -10.73465544,      -11.60488369,      -11.26897262,      -10.18483661,             0.448,    0.001081491684,      0.0812676532,                 0,                 0,                 0,    -0.03312125636,  -0.0006916101934,     0.08127190632,                 0,       75.14403893
          0,           0,         503,      -10.74747026,      -11.61844171,      -11.28046759,      -10.19774191,             0.448,    0.001081491687,     0.08126765348,                 0,                 0,                 0,    -0.03312125628,  -0.0006916101966,     0.08127190659,                 0,       75.14403899
          0,           0,         504,      -10.76026314,      -11.63224142,      -11.29194854,      -10.21062521,             0.448,    0.001081491689,     0.08126765375,                 0,                 0,                 0,    -0.03312125621,  -0.0006916102003,     0.08127190687,                 0,       75.14403909
          0,           0,         505,      -10.77302851,      -11.64627035,      -11.30341789,      -10.22347935,             0.448,    0.001081491691,     0.08126765402,                 0,                 0,                 0,    -0.03312125614,  -0.0006916102044,     0.08127190714,                 0,       75.14403921
          0,           0,         506,       -10.7857609,      -11.66050617,      -11.31487731,      -10.23629743,             0.448,    0.001081491692,     0.08126765429,                 0,                 0,                 0,    -0.03312125608,  -0.0006916102089,      0.0812719074,                 0,       75.14403937
          0,           0,         507,      -10.79845502,      -11.67492212,      -11.32632714,      -10.24907275,             0.448,    0.001081491693,     0.08126765455,                 0,                 0,                 0,    -0.03312125602,  -0.0006916102137,     0.08127190766,                 0,       75.14403955
          0,           0,         508,      -10.81110588,      -11.68948311,      -11.33776735,      -10.26179907,             0.448,    0.001081491693,      0.0812676548,                 0,                 0,                 0,    -0.03312125597,  -0.0006916102188,     0.08127190792,                 0,       75.14403975
          0,           0,         509,      -10.82370882,      -11.70414391,      -11.34919774,      -10.27447064,             0.448,    0.001081491694,     0.08126765505,                 0,                 0,                 0,    -0.03312125592,  -0.0006916102242,     0.08127190817,                 0,       75.14403998
          0,           0,         510,      -10.83625955,      -11.71885593,      -11.36061811,      -10.28708227,             0.448,    0.001081491693,     0.08126765529,                 0,                 0,                 0,    -0.03312125588,  -0.0006916102299,     0.08127190841,                 0,       75.14404023
          0,           0,         511,      -10.84875426,      -11.73356811,      -11.37202845,      -10.29962936,             0.448,    0.001081491692,     0.08126765552,                 0,                 0,                 0,    -0.03312125584,  -0.0006916102357,     0.08127190864,                 0,        75.1440405
          0,           0,         512,      -10.86118976,      -11.74822073,       -11.3834294,      -10.31210815,             0.448,    0.001081491691,     0.08126765574,                 0,                 0,                 0,    -0.03312125581,  -0.0006916102417,     0.08127190886,                 0,       75.14404078
          0,           0,         513,      -10.87356347,      -11.76275614,      -11.39482257,       -10.3245157,             0.448,     0.00108149169,     0.08126765595,                 0,                 0,                 0,    -0.03312125578,  -0.0006916102478,     0.08127190907,                 0,       75.14404108
          0,           0,         514,      -10.88587369,      -11.77711413,      -11.40621063,      -10.33685006,             0.448,    0.001081491688,     0.08126765615,                 0,                 0,                 0,    -0.03312125576,   -0.000691610254,     0.08127190927,                 0,        75.1440414
          0,           0,         515,       -10.8981195,       -11.7912399,      -11.41759753,      -10.34911036,             0.448,    0.001081491686,     0.08126765634,                 0,                 0,                 0,    -0.03312125574,  -0.0006916102603,     0.08127190946,                 0,       75.14404172
          0,           0,         516,      -10.91030102,      -11.80508031,       -11.4289886,      -10.36129681,             0.448,    0.001081491683,     0.08126765652,                 0,                 0,                 0,    -0.03312125573,  -0.0006916102666,     0.08127190963,                 0,       75.14404205
          0,           0,         517,      -10.92241941,      -11.81859124,      -11.44039072,      -10.37341086,             0.448,     0.00108149168,     0.08126765668,                 0,                 0,                 0,    -0.03312125572,  -0.0006916102729,      0.0812719098,                 0,        75.1440424
          0,           0,         518,      -10.93447699,      -11.83173775,      -11.45181234,      -10.38545532,             0.448,    0.001081491677,     0.08126765683,                 0,                 0,                 0,    -0.03312125571,  -0.0006916102792,     0.08127190995,                 0,       75.14404274
          0,           0,         519,      -10.94647723,      -11.84449452,      -11.46326327,      -10.39743415,             0.448,    0.001081491674,     0.08126765698,                 0,                 0,                 0,     -0.0331212557,  -0.0006916102854,     0.08127191009,                 0,       75.14404309
          0,           0,         520,      -10.95842483,      -11.85684681,      -11.47475476,      -10.40935277,             0.448,    0.001081491671,      0.0812676571,                 0,                 0,                 0,     -0.0331212557,  -0.0006916102915,     0.08127191022,                 0,       75.14404344
          0,           0,         521,      -10.97032573,      -11.86879672,      -11.48629904,      -10.42121782,             0.448,    0.001081491667,     0.08126765722,                 0,                 0,                 0,     -0.0331212557,  -0.0006916102976,     0.08127191034,                 0,       75.14404379
          0,           0,         522,      -10.98218696,      -11.88035554,      -11.49790947,      -10.43303715,             0.448,    0.001081491664,     0.08126765733,                 0,                 0,                 0,    -0.03312125571,  -0.0006916103035,     0.08127191044,                 0,       75.14404414
          0,           0,         523,      -10.99401673,      -11.89154886,      -11.50959981,      -10.44481978,             0.448,     0.00108149166,     0.08126765742,                 0,                 0,                 0,    -0.03312125571,  -0.0006916103092,     0.08127191054,                 0,       75.14404449
          0,           0,         524,      -11.00582418,      -11.90241348,      -11.52138417,      -10.45657574,             0.448,    0.001081491656,     0.08126765751,                 0,                 0,                 0,    -0.03312125572,  -0.0006916103148,     0.08127191062,                 0,       75.14404482
          0,           0,         525,      -11.01761934,      -11.91299519,      -11.53327639,      -10.46831588,             0.448,    0.001081491653,     0.08126765758,                 0,                 0,                 0,    -0.03312125573,  -0.0006916103202,     0.08127191069,                 0,       75.14404516
          0,           0,         526,      -11.02941293,      -11.92334705,      -11.54528972,      -10.48005174,             0.448,    0.001081491649,     0.08126765764,                 0,                 0,                 0,    -0.03312125574,  -0.0006916103254,     0.08127191076,                 0,       75.14404548
          0,           0,         527,      -11.04121621,      -11.93352619,      -11.55743663,       -10.4917954,             0.448,    0.001081491645,     0.08126765769,                 0,                 0,                 0,    -0.03312125575,  -0.0006916103304,     0.08127191081,                 0,       75.14404579
          0,           0,         528,      -11.05304074,       -11.9436005,      -11.56972809,      -10.50355916,             0.448,    0.001081491641,     0.08126765774,                 0,                 0,                 0,    -0.03312125577,  -0.0006916103351,     0.08127191085,                 0,       75.14404609
          0,           0,         529,      -11.06489825,      -11.95362646,      -11.58217366,      -10.51535544,             0.448,    0.001081491638,     0.08126765777,                 0,                 0,                 0,    -0.03312125578,  -0.0006916103396,     0.08127191089,                 0,       75.14404638
          0,           0,         530,      -11.07680036,       -11.9636697,      -11.59478074,      -10.52719645,             0.448,    0.001081491634,      0.0812676578,                 0,                 0,                 0,     -0.0331212558,  -0.0006916103438,     0.08127191091,                 0,       75.14404666
          0,           0,         531,      -11.08875848,      -11.97378818,      -11.60755454,      -10.53909421,             0.448,     0.00108149163,     0.08126765782,                 0,                 0,                 0,    -0.03312125581,  -0.0006916103477,     0.08127191093,                 0,       75.14404692
          0,           0,         532,      -11.10078336,      -11.98403694,      -11.62049808,      -10.55105995,             0.448,    0.001081491627,     0.08126765783,                 0,                 0,                 0,    -0.03312125583,  -0.0006916103514,     0.08127191095,                 0,       75.14404717
          0,           0,         533,      -11.11288526,      -11.99446264,      -11.63361115,      -10.56310438,             0.448,    0.001081491624,     0.08126765784,                 0,                 0,                 0,    -0.03312125584,  -0.0006916103548,     0.08127191095,                 0,        75.1440474
          0,           0,         534,      -11.12507345,       -12.0051045,      -11.64689141,      -10.57523712,             0.448,    0.001081491621,     0.08126765784,                 0,                 0,                 0,    -0.03312125586,  -0.0006916103579,     0.08127191095,                 0,       75.14404762
          0,           0,         535,      -11.13735624,      -12.01600304,      -11.66033341,      -10.58746681,             0.448,    0.001081491618,     0.08126765783,                 0,                 0,                 0,    -0.03312125588,  -0.0006916103607,     0.08127191095,                 0,       75.14404782
          0,           0,         536,      -11.14974068,       -12.0271841,      -11.67392874,       -10.5998008,             0.448,    0.001081491615,     0.08126765782,                 0,                 0,                 0,    -0.03312125589,  -0.0006916103633,     0.08127191093,                 0,         75.144048
          0,           0,         537,      -11.16223258,      -12.03866649,      -11.68766626,      -10.61224509,             0.448,    0.001081491612,      0.0812676578,                 0,                 0,                 0,    -0.03312125591,  -0.0006916103655,     0.08127191092,                 0,       75.14404817
          0,           0,         538,      -11.17483627,      -12.05046526,      -11.70153198,      -10.62480428,             0.448,     0.00108149161,     0.08126765779,                 0,                 0,                 0,    -0.03312125592,  -0.0006916103675,      0.0812719109,                 0,       75.14404832
          0,           0,         539,      -11.18755457,       -12.0625821,      -11.71550928,      -10.63748128,             0.448,    0.001081491608,     0.08126765776,                 0,                 0,                 0,    -0.03312125594,  -0.0006916103692,     0.08127191088,                 0,       75.14404845
          0,           0,         540,      -11.20038874,      -12.07501906,      -11.72957918,      -10.65027756,             0.448,    0.001081491606,     0.08126765774,                 0,                 0,                 0,    -0.03312125595,  -0.0006916103707,     0.08127191085,                 0,       75.14404857
          0,           0,         541,       -11.2133384,      -12.08777183,      -11.74372041,      -10.66319282,             0.448,    0.001081491604,     0.08126765771,                 0,                 0,                 0,    -0.03312125597,  -0.0006916103719,     0.08127191082,                 0,       75.14404867
          0,           0,         542,      -11.22640144,      -12.10082064,      -11.75790983,      -10.67622511,             0.448,    0.001081491602,     0.08126765768,                 0,                 0,                 0,    -0.03312125598,  -0.0006916103728,     0.08127191079,                 0,       75.14404875
          0,           0,         543,      -11.23957415,      -12.11414921,       -11.7721229,      -10.68937078,             0.448,    0.001081491601,     0.08126765764,                 0,                 0,                 0,    -0.03312125599,  -0.0006916103735,     0.08127191076,                 0,       75.14404882
          0,           0,         544,      -11.25285129,      -12.12773326,      -11.78633412,      -10.70262472,             0.448,    0.001081491599,     0.08126765761,                 0,                 0,                 0,      -0.033121256,   -0.000691610374,     0.08127191072,                 0,       75.14404888
          0,           0,         545,      -11.26622585,      -12.14154712,      -11.80051709,      -10.71597999,             0.448,    0.001081491598,     0.08126765757,                 0,                 0,                 0,    -0.03312125601,  -0.0006916103743,     0.08127191069,                 0,       75.14404892
          0,           0,         546,      -11.27968947,      -12.15555604,       -11.8146461,      -10.72942831,             0.448,    0.001081491598,     0.08126765754,                 0,                 0,                 0,    -0.03312125602,  -0.0006916103744,     0.08127191065,                 0,       75.14404894
          0,           0,         547,      -11.29323241,      -12.16973045,      -11.82869514,      -10.74296005,             0.448,    0.001081491597,      0.0812676575,                 0,                 0,                 0,    -0.03312125603,  -0.0006916103742,     0.08127191061,                 0,       75.14404896
          0,           0,         548,      -11.30684356,      -12.18403075,      -11.84264036,      -10.75656416,             0.448,    0.001081491596,     0.08126765746,                 0,                 0,                 0,    -0.03312125604,   -0.000691610374,     0.08127191058,                 0,       75.14404896
          0,           0,         549,      -11.32051087,      -12.19842257,      -11.85645915,      -10.77022865,             0.448,    0.001081491596,     0.08126765743,                 0,                 0,                 0,    -0.03312125605,  -0.0006916103735,     0.08127191054,                 0,       75.14404895
          0,           0,         550,      -11.33422129,      -12.21287035,      -11.87013125,      -10.78394049,             0.448,    0.001081491596,     0.08126765739,                 0,                 0,                 0,    -0.03312125606,  -0.0006916103729,      0.0812719105,                 0,       75.14404893
          0,           0,         551,      -11.34796103,      -12.22734142,      -11.88363932,      -10.79768601,             0.448,    0.001081491596,     0.08126765735,                 0,                 0,                 0,    -0.03312125607,  -0.0006916103721,     0.08127191047,                 0,        75.1440489
          0,           0,         552,       -11.3617161,      -12.24180117,      -11.89696942,      -10.81145112,             0.448,    0.001081491596,     0.08126765732,                 0,                 0,                 0,    -0.03312125607,  -0.0006916103713,     0.08127191043,                 0,       75.14404886
          0,           0,         553,      -11.37547218,      -12.25621567,      -11.91011104,      -10.82522151,             0.448,    0.001081491596,     0.08126765728,                 0,                 0,                 0,    -0.03312125608,  -0.0006916103703,      0.0812719104,                 0,       75.14404881
          0,           0,         554,      -11.38921483,      -12.27057133,      -11.92305801,      -10.83898275,             0.448,    0.001081491596,     0.08126765725,                 0,                 0,                 0,    -0.03312125609,  -0.0006916103692,     0.08127191036,                 0,       75.14404876
          0,           0,         555,      -11.40293026,      -12.28483688,      -11.93580781,      -10.85272097,             0.448,    0.001081491597,     0.08126765722,                 0,                 0,                 0,    -0.03312125609,  -0.0006916103681,     0.08127191033,                 0,        75.1440487
          0,           0,         556,      -11.41660508,      -12.29900512,      -11.94836183,      -10.86642261,             0.448,    0.001081491597,     0.08126765718,                 0,                 0,                 0,     -0.0331212561,  -0.0006916103669,      0.0812719103,                 0,       75.14404863
          0,           0,         557,      -11.43022682,      -12.31306395,      -11.96072521,      -10.88007501,             0.448,    0.001081491598,     0.08126765715,                 0,                 0,                 0,     -0.0331212561,  -0.0006916103656,     0.08127191027,                 0,       75.14404856
          0,           0,         558,      -11.44378412,      -12.32700949,      -11.97290802,      -10.89366657,             0.448,    0.001081491599,     0.08126765712,                 0,                 0,                 0,    -0.03312125611,  -0.0006916103642,     0.08127191024,                 0,       75.14404848
          0,           0,         559,      -11.45726701,       -12.3408377,      -11.98492232,      -10.90718708,             0.448,    0.001081491599,     0.08126765709,                 0,                 0,                 0,    -0.03312125611,  -0.0006916103629,     0.08127191021,                 0,        75.1440484
          0,           0,         560,      -11.47066675,      -12.35455815,      -11.99678377,      -10.92062748,             0.448,      0.0010814916,     0.08126765707,                 0,                 0,                 0,    -0.03312125611,  -0.0006916103615,     0.08127191018,                 0,       75.14404832
          0,           0,         561,      -11.48397657,      -12.36817825,      -12.00851022,      -10.93398054,             0.448,    0.001081491601,     0.08126765704,                 0,                 0,                 0,    -0.03312125612,    -0.00069161036,     0.08127191015,                 0,       75.14404824
          0,           0,         562,      -11.49719135,      -12.38171392,      -12.02012211,      -10.94724077,             0.448,    0.001081491602,     0.08126765702,                 0,                 0,                 0,    -0.03312125612,  -0.0006916103586,     0.08127191013,                 0,       75.14404816
          0,           0,         563,      -11.51030762,      -12.39517529,       -12.0316408,       -10.9604041,             0.448,    0.001081491603,     0.08126765699,                 0,                 0,                 0,    -0.03312125612,  -0.0006916103572,     0.08127191011,                 0,       75.14404807
          0,           0,         564,      -11.52332403,      -12.40858097,      -12.04308923,      -10.97346874,             0.448,    0.001081491604,     0.08126765697,                 0,                 0,                 0,    -0.03312125613,  -0.0006916103557,     0.08127191008,                 0,       75.14404798
          0,           0,         565,      -11.53624078,      -12.42194361,       -12.0544907,      -10.98643431,             0.448,    0.001081491605,     0.08126765695,                 0,                 0,                 0,    -0.03312125613,  -0.0006916103543,     0.08127191006,                 0,        75.1440479
          0,           0,         566,      -11.54905985,      -12.43528398,      -12.06586765,      -10.99930218,             0.448,    0.001081491606,     0.08126765693,                 0,                 0,                 0,    -0.03312125613,  -0.0006916103529,     0.08127191004,                 0,       75.14404781
          0,           0,         567,      -11.56178481,      -12.44860943,      -12.07724292,       -11.0120753,             0.448,    0.001081491607,     0.08126765691,                 0,                 0,                 0,    -0.03312125614,  -0.0006916103515,     0.08127191002,                 0,       75.14404773
          0,           0,         568,      -11.57442076,      -12.46193302,      -12.08863813,      -11.02475814,             0.448,    0.001081491608,     0.08126765689,                 0,                 0,                 0,    -0.03312125614,  -0.0006916103502,        0.08127191,                 0,       75.14404764
          0,           0,         569,      -11.58697384,      -12.47526524,      -12.10007391,      -11.03735635,             0.448,    0.001081491609,     0.08126765687,                 0,                 0,                 0,    -0.03312125614,  -0.0006916103488,     0.08127190998,                 0,       75.14404756
          0,           0,         570,      -11.59945142,      -12.48860413,      -12.11156949,      -11.04987665,             0.448,    0.001081491609,     0.08126765685,                 0,                 0,                 0,    -0.03312125614,  -0.0006916103476,     0.08127190997,                 0,       75.14404748
          0,           0,         571,      -11.61186174,      -12.50195364,       -12.1231429,      -11.06232683,             0.448,     0.00108149161,     0.08126765684,                 0,                 0,                 0,    -0.03312125615,  -0.0006916103463,     0.08127190995,                 0,       75.14404741
          0,           0,         572,      -11.62421324,       -12.5153109,      -12.13480905,      -11.07471471,             0.448,    0.001081491611,     0.08126765682,                 0,                 0,                 0,    -0.03312125615,  -0.0006916103451,     0.08127190994,                 0,       75.14404733
          0,           0,         573,      -11.63651544,      -12.52866287,      -12.14658217,      -11.08704941,             0.448,    0.001081491612,     0.08126765681,                 0,                 0,                 0,    -0.03312125615,   -0.000691610344,     0.08127190992,                 0,       75.14404726
          0,           0,         574,       -11.6487776,      -12.54199643,       -12.1584743,      -11.09933986,             0.448,    0.001081491613,     0.08126765679,                 0,                 0,                 0,    -0.03312125615,  -0.0006916103428,     0.08127190991,                 0,       75.14404719
          0,           0,         575,      -11.66100894,      -12.55530592,      -12.17049594,      -11.11159482,             0.448,    0.001081491614,     0.08126765678,                 0,                 0,                 0,    -0.03312125615,  -0.0006916103418,     0.08127190989,                 0,       75.14404713
          0,           0,         576,      -11.67321861,      -12.56855914,      -12.18265491,      -11.12382333,             0.448,    0.001081491614,     0.08126765677,                 0,                 0,                 0,    -0.03312125616,  -0.0006916103408,     0.08127190988,                 0,       75.14404706
          0,           0,         577,      -11.68541548,      -12.58174692,      -12.19495793,      -11.13603383,             0.448,    0.001081491615,     0.08126765676,                 0,                 0,                 0,    -0.03312125616,  -0.0006916103398,     0.08127190987,                 0,         75.144047
          0,           0,         578,      -11.69760798,       -12.5948322,      -12.20740961,      -11.14823488,             0.448,    0.001081491616,     0.08126765675,                 0,                 0,                 0,    -0.03312125616,  -0.0006916103389,     0.08127190986,                 0,       75.14404695
          0,           0,         579,      -11.70980362,      -12.60780252,      -12.22001296,      -11.16043378,             0.448,    0.001081491616,     0.08126765674,                 0,                 0,                 0,    -0.03312125616,  -0.0006916103381,     0.08127190985,                 0,       75.14404689
          0,           0,         580,      -11.72200959,      -12.62063949,      -12.23276899,      -11.17263771,             0.448,    0.001081491617,     0.08126765673,                 0,                 0,                 0,    -0.03312125617,  -0.0006916103373,     0.08127190984,                 0,       75.14404685
          0,           0,         581,      -11.73423242,      -12.63330288,      -12.24567819,      -11.18485327,             0.448,    0.001081491617,     0.08126765672,                 0,                 0,                 0,    -0.03312125617,  -0.0006916103365,     0.08127190983,                 0,        75.1440468
          0,           0,         582,      -11.74647749,      -12.64580293,      -12.25873838,      -11.19708581,             0.448,    0.001081491618,     0.08126765671,                 0,                 0,                 0,    -0.03312125617,  -0.0006916103359,     0.08127190982,                 0,       75.14404676
          0,           0,         583,      -11.75874968,      -12.65810279,      -12.27194648,      -11.20934049,             0.448,    0.001081491618,      0.0812676567,                 0,                 0,                 0,    -0.03312125617,  -0.0006916103352,     0.08127190981,                 0,       75.14404672
          0,           0,         584,      -11.77105332,       -12.6702124,      -12.28529832,      -11.22162171,             0.448,    0.001081491619,     0.08126765669,                 0,                 0,                 0,    -0.03312125617,  -0.0006916103346,      0.0812719098,                 0,       75.14404668
          0,           0,         585,      -11.78339166,      -12.68211161,      -12.29878788,      -11.23393302,             0.448,    0.001081491619,     0.08126765668,                 0,                 0,                 0,    -0.03312125617,  -0.0006916103341,      0.0812719098,                 0,       75.14404665
          0,           0,         586,      -11.79576718,      -12.69382337,      -12.31240911,      -11.24627727,             0.448,    0.001081491619,     0.08126765668,                 0,                 0,                 0,    -0.03312125618,  -0.0006916103336,     0.08127190979,                 0,       75.14404662
          0,           0,         587,      -11.80818249,      -12.70533727,      -12.32615297,      -11.25865708,             0.448,     0.00108149162,     0.08126765667,                 0,                 0,                 0,    -0.03312125618,  -0.0006916103332,     0.08127190978,                 0,       75.14404659
          0,           0,         588,      -11.82063846,      -12.71668226,      -12.34001118,      -11.27107402,             0.448,     0.00108149162,     0.08126765666,                 0,                 0,                 0,    -0.03312125618,  -0.0006916103328,     0.08127190978,                 0,       75.14404657
          0,           0,         589,      -11.83313622,      -12.72788325,      -12.35397302,      -11.28352954,             0.448,     0.00108149162,     0.08126765666,                 0,                 0,                 0,    -0.03312125618,  -0.0006916103324,     0.08127190977,                 0,       75.14404655
          0,           0,         590,      -11.84567654,      -12.73895286,      -12.36802728,      -11.29602455,             0.448,     0.00108149162,     0.08126765665,                 0,                 0,                 0,    -0.03312125618,  -0.0006916103321,     0.08127190977,                 0,       75.14404653
          0,           0,         591,      -11.85825939,      -12.74993277,       -12.3821622,      -11.30855961,             0.448,    0.001081491621,     0.08126765665,                 0,                 0,                 0,    -0.03312125618,  -0.0006916103319,     0.08127190976,                 0,       75.14404651
          0,           0,         592,      -11.87088451,      -12.76085163,      -12.39636416,      -11.32113506,             0.448,    0.001081491621,     0.08126765664,                 0,                 0,                 0,    -0.03312125618,  -0.0006916103316,     0.08127190976,                 0,        75.1440465
          0,           0,         593,      -11.88355142,      -12.77175866,      -12.41061853,      -11.33375086,             0.448,    0.001081491621,     0.08126765664,                 0,                 0,                 0,    -0.03312125618,  -0.0006916103314,     0.08127190975,                 0,       75.14404649
          0,           0,         594,      -11.89625964,      -12.78268126,      -12.42491186,      -11.34640684,             0.448,    0.001081491621,     0.08126765663,                 0,                 0,                 0,    -0.03312125618,  -0.0006916103313,     0.08127190975,                 0,       75.14404648
          0,           0,         595,      -11.90900788,      -12.79365934,      -12.43922714,      -11.35910257,             0.448,    0.001081491621,     0.08126765663,                 0,                 0,                 0,    -0.03312125618,  -0.0006916103311,     0.08127190975,                 0,       75.14404647
          0,           0,         596,      -11.92179498,      -12.80473149,      -12.45354896,      -11.37183759,             0.448,    0.001081491621,     0.08126765663,                 0,                 0,                 0,    -0.03312125618,   -0.000691610331,     0.08127190974,                 0,       75.14404647
          0,           0,         597,      -11.93461999,      -12.81594496,      -12.46785922,      -11.38461091,             0.448,    0.001081491621,     0.08126765663,                 0,                 0,                 0,    -0.03312125618,   -0.000691610331,     0.08127190974,                 0,       75.14404646
          0,           0,         598,      -11.94748126,      -12.82731718,      -12.48214072,      -11.39742202,             0.448,    0.001081491621,     0.08126765663,                 0,                 0,                 0,    -0.03312125618,  -0.0006916103309,     0.08127190974,                 0,       75.14404646
          0,           0,         599,      -11.96037718,      -12.83889992,      -12.49637591,      -11.41026993,             0.448,    0.001081491621,     0.08126765663,                 0,                 0,                 0,    -0.03312125618,  -0.0006916103309,     0.08127190974,                 0,       75.14404646
          0,           0,         600,      -11.97330595,      -12.85071224,      -12.51054714,      -11.42315329,             0.448,    0.001081491621,     0.08126765663,                 0,                 0,                 0,    -0.03312125618,  -0.0006916103309,     0.08127190974,                 0,       75.14404646
          0,           0,         601,      -11.98626543,      -12.86277405,      -12.52463637,       -11.4360706,             0.448,    0.001081491621,     0.08126765663,                 0,                 0,                 0,    -0.03312125618,  -0.0006916103309,     0.08127190974,                 0,       75.14404646
          0,           0,         602,      -11.99925339,      -12.87511521,      -12.53862563,      -11.44902043,             0.448,    0.001081491621,     0.08126765663,                 0,                 0,                 0,    -0.03312125618,   -0.000691610331,     0.08127190974,                 0,       75.14404647
          0,           0,         603,      -12.01226733,       -12.8877346,      -12.55249871,      -11.46200061,             0.448,    0.001081491621,     0.08126765663,                 0,                 0,                 0,    -0.03312125617,   -0.000691610331,     0.08127190974,                 0,       75.14404647
          0,           0,         604,      -12.02530463,       -12.9006419,      -12.56624003,      -11.47500939,             0.448,    0.001081491621,     0.08126765663,                 0,                 0,                 0,    -0.03312125617,  -0.0006916103311,     0.08127190974,                 0,       75.14404647
          0,           0,         605,      -12.03836159,      -12.91386236,      -12.57983433,      -11.48804347,             0.448,    0.001081491621,     0.08126765663,                 0,                 0,                 0,    -0.03312125617,  -0.0006916103312,     0.08127190974,                 0,       75.14404648
          0,           0,         606,      -12.05143491,      -12.92737412,      -12.59326853,      -11.50110046,             0.448,    0.001081491621,     0.08126765663,                 0,                 0,                 0,    -0.03312125617,  -0.0006916103313,     0.08127190975,                 0,       75.14404649
          0,           0,         607,      -12.06452077,      -12.94117553,      -12.60653122,      -11.51417641,             0.448,    0.001081491621,     0.08126765664,                 0,                 0,                 0,    -0.03312125617,  -0.0006916103314,     0.08127190975,                 0,       75.14404649
          0,           0,         608,      -12.07761459,      -12.95525019,      -12.61961354,      -11.52726713,             0.448,    0.001081491621,     0.08126765664,                 0,                 0,                 0,    -0.03312125617,  -0.0006916103316,     0.08127190975,                 0,        75.1440465
          0,           0,         609,      -12.09071184,      -12.96958081,       -12.6325088,       -11.5403691,             0.448,    0.001081491621,     0.08126765664,                 0,                 0,                 0,    -0.03312125616,  -0.0006916103317,     0.08127190976,                 0,       75.14404651
          0,           0,         610,      -12.10380708,      -12.98415785,      -12.64521125,      -11.55347682,             0.448,    0.001081491621,     0.08126765665,                 0,                 0,                 0,    -0.03312125616,  -0.0006916103318,     0.08127190976,                 0,       75.14404651
          0,           0,         611,      -12.11689508,      -12.99893373,      -12.65772064,      -11.56658499,             0.448,    0.001081491621,     0.08126765665,                 0,                 0,                 0,    -0.03312125616,   -0.000691610332,     0.08127190976,                 0,       75.14404652
          0,           0,         612,      -12.12997012,      -13.01387353,      -12.67003823,      -11.57968803,             0.448,    0.001081491621,     0.08126765665,                 0,                 0,                 0,    -0.03312125616,  -0.0006916103321,     0.08127190977,                 0,       75.14404653
          0,           0,         613,      -12.14302574,      -13.02895868,      -12.68216624,      -11.59277973,             0.448,     0.00108149162,     0.08126765666,                 0,                 0,                 0,    -0.03312125616,  -0.0006916103323,     0.08127190977,                 0,       75.14404654
          0,           0,         614,      -12.15605605,      -13.04412671,      -12.69411245,      -11.60585379,             0.448,     0.00108149162,     0.08126765666,                 0,                 0,                 0,    -0.03312125615,  -0.0006916103325,     0.08127190978,                 0,       75.14404655
          0,           0,         615,      -12.16905448,      -13.05936838,      -12.70588754,      -11.61890308,             0.448,     0.00108149162,     0.08126765667,                 0,                 0,                 0,    -0.03312125615,  -0.0006916103326,     0.08127190978,                 0,       75.14404656
          0,           0,         616,      -12.18201446,      -13.07458545,      -12.71750093,      -11.63192091,             0.448,     0.00108149162,     0.08126765668,                 0,                 0,                 0,    -0.03312125615,  -0.0006916103328,     0.08127190979,                 0,       75.14404656
          0,           0,         617,      -12.19492961,      -13.08978476,       -12.7289675,      -11.64490051,             0.448,     0.00108149162,     0.08126765668,                 0,                 0,                 0,    -0.03312125615,   -0.000691610333,      0.0812719098,                 0,       75.14404657
          0,           0,         618,      -12.20779424,      -13.10488551,      -12.74030446,      -11.65783492,             0.448,     0.00108149162,     0.08126765669,                 0,                 0,                 0,    -0.03312125614,  -0.0006916103332,      0.0812719098,                 0,       75.14404658
          0,           0,         619,      -12.22060218,      -13.11984355,        -12.751529,      -11.67071792,             0.448,     0.00108149162,     0.08126765669,                 0,                 0,                 0,    -0.03312125614,  -0.0006916103334,     0.08127190981,                 0,       75.14404659
          0,           0,         620,      -12.23334779,      -13.13464934,      -12.76266031,      -11.68354209,             0.448,     0.00108149162,      0.0812676567,                 0,                 0,                 0,    -0.03312125614,  -0.0006916103335,     0.08127190981,                 0,        75.1440466
          0,           0,         621,      -12.24602682,      -13.14922649,      -12.77371957,       -11.6963028,             0.448,     0.00108149162,     0.08126765671,                 0,                 0,                 0,    -0.03312125614,  -0.0006916103337,     0.08127190982,                 0,       75.14404661
          0,           0,         622,      -12.25863474,      -13.16355922,      -12.78472515,      -11.70899406,             0.448,     0.00108149162,     0.08126765671,                 0,                 0,                 0,    -0.03312125614,  -0.0006916103339,     0.08127190983,                 0,       75.14404662
          0,           0,         623,       -12.2711681,      -13.17761685,      -12.79570189,      -11.72161137,             0.448,     0.00108149162,     0.08126765672,                 0,                 0,                 0,    -0.03312125613,  -0.0006916103341,     0.08127190983,                 0,       75.14404663
          0,           0,         624,      -12.28362567,       -13.1913595,       -12.8066719,      -11.73415214,             0.448,     0.00108149162,     0.08126765673,                 0,                 0,                 0,    -0.03312125613,  -0.0006916103343,     0.08127190984,                 0,       75.14404664
          0,           0,         625,      -12.29600478,      -13.20479869,      -12.81765059,      -11.74661268,             0.448,     0.00108149162,     0.08126765673,                 0,                 0,                 0,    -0.03312125613,  -0.0006916103345,     0.08127190985,                 0,       75.14404664
          0,           0,         626,       -12.3083053,      -13.21790547,      -12.82866312,       -11.7589916,             0.448,     0.00108149162,     0.08126765674,                 0,                 0,                 0,    -0.03312125613,  -0.0006916103346,     0.08127190985,                 0,       75.14404665
          0,           0,         627,      -12.32052765,      -13.23073932,      -12.83972548,       -11.7712872,             0.448,     0.00108149162,     0.08126765674,                 0,                 0,                 0,    -0.03312125613,  -0.0006916103348,     0.08127190986,                 0,       75.14404666
          0,           0,         628,      -12.33267405,      -13.24323303,      -12.85085534,      -11.78350199,             0.448,     0.00108149162,     0.08126765675,                 0,                 0,                 0,    -0.03312125613,   -0.000691610335,     0.08127190986,                 0,       75.14404667
          0,           0,         629,      -12.34474678,      -13.25544009,      -12.86207536,      -11.79563643,             0.448,     0.00108149162,     0.08126765676,                 0,                 0,                 0,    -0.03312125612,  -0.0006916103352,     0.08127190987,                 0,       75.14404668
          0,           0,         630,      -12.35675079,      -13.26733893,      -12.87339623,       -11.8076942,             0.448,     0.00108149162,     0.08126765676,                 0,                 0,                 0,    -0.03312125612,  -0.0006916103353,     0.08127190988,                 0,       75.14404669
          0,           0,         631,      -12.36868951,      -13.27903521,       -12.8848273,      -11.81967828,             0.448,     0.00108149162,     0.08126765677,                 0,                 0,                 0,    -0.03312125612,  -0.0006916103355,     0.08127190988,                 0,        75.1440467
          0,           0,         632,      -12.38056974,      -13.29041532,      -12.89638847,      -11.83159456,             0.448,     0.00108149162,     0.08126765677,                 0,                 0,                 0,    -0.03312125612,  -0.0006916103357,     0.08127190989,                 0,        75.1440467
          0,           0,         633,      -12.39239669,      -13.30167302,      -12.90808222,      -11.84344851,             0.448,     0.00108149162,     0.08126765678,                 0,                 0,                 0,    -0.03312125612,  -0.0006916103358,     0.08127190989,                 0,       75.14404671
          0,           0,         634,       -12.4041787,      -13.31272649,      -12.91992293,       -11.8552468,             0.448,     0.00108149162,     0.08126765678,                 0,                 0,                 0,    -0.03312125612,   -0.000691610336,      0.0812719099,                 0,       75.14404672
          0,           0,         635,       -12.4159234,      -13.32365986,      -12.93191081,      -11.86699798,             0.448,    0.001081491619,     0.08126765679,                 0,                 0,                 0,    -0.03312125612,  -0.0006916103361,      0.0812719099,                 0,       75.14404673
          0,           0,         636,      -12.42763953,      -13.33445555,      -12.94405243,      -11.87870974,             0.448,    0.001081491619,     0.08126765679,                 0,                 0,                 0,    -0.03312125612,  -0.0006916103363,     0.08127190991,                 0,       75.14404674
          0,           0,         637,      -12.43933493,      -13.34520289,      -12.95634786,      -11.89039088,             0.448,    0.001081491619,      0.0812676568,                 0,                 0,                 0,    -0.03312125612,  -0.0006916103364,     0.08127190991,                 0,       75.14404674
          0,           0,         638,      -12.45101864,      -13.35584764,      -12.96880158,      -11.90205135,             0.448,    0.001081491619,      0.0812676568,                 0,                 0,                 0,    -0.03312125612,  -0.0006916103366,     0.08127190992,                 0,       75.14404675
          0,           0,         639,      -12.46269906,      -13.36654405,      -12.98140229,      -11.91369773,             0.448,    0.001081491619,     0.08126765681,                 0,                 0,                 0,    -0.03312125612,  -0.0006916103367,     0.08127190992,                 0,       75.14404676
          0,           0,         640,      -12.47438694,       -13.3771315,      -12.99415398,      -11.92534378,             0.448,    0.001081491619,     0.08126765681,                 0,                 0,                 0,    -0.03312125612,  -0.0006916103369,     0.08127190992,                 0,       75.14404677
          0,           0,         641,      -12.48608773,      -13.38779188,      -13.00704769,      -11.93699499,             0.448,    0.001081491619,     0.08126765681,                 0,                 0,                 0,    -0.03312125612,   -0.000691610337,     0.08127190993,                 0,       75.14404677
          0,           0,         642,      -12.49781174,      -13.39844879,      -13.02007815,      -11.94866233,             0.448,    0.001081491619,     0.08126765682,                 0,                 0,                 0,    -0.03312125612,  -0.0006916103371,     0.08127190993,                 0,       75.14404678
          0,           0,         643,      -12.50956692,      -13.40918038,      -13.03323029,      -11.96035406,             0.448,    0.001081491619,     0.08126765682,                 0,                 0,                 0,    -0.03312125612,  -0.0006916103372,     0.08127190993,                 0,       75.14404679
          0,           0,         644,      -12.52135975,      -13.41999589,      -13.04650092,      -11.97207824,             0.448,    0.001081491619,     0.08126765682,                 0,                 0,                 0,    -0.03312125612,  -0.0006916103373,     0.08127190993,                 0,       75.14404679
          0,           0,         645,      -12.53319692,      -13.43084513,      -13.05987304,       -11.9838428,             0.448,    0.001081491619,     0.08126765682,                 0,                 0,                 0,    -0.03312125612,  -0.0006916103374,     0.08127190994,                 0,        75.1440468
          0,           0,         646,      -12.54508586,      -13.44176128,      -13.07333211,      -11.99565712,             0.448,    0.001081491619,     0.08126765683,                 0,                 0,                 0,    -0.03312125612,  -0.0006916103375,     0.08127190994,                 0,        75.1440468
          0,           0,         647,      -12.55703026,      -13.45278994,      -13.08687021,       -12.0075235,             0.448,    0.001081491619,     0.08126765683,                 0,                 0,                 0,    -0.03312125612,  -0.0006916103376,     0.08127190994,                 0,       75.14404681
          0,           0,         648,      -12.56903672,      -13.46386369,      -13.10046932,      -12.01945124,             0.448,    0.001081491619,     0.08126765683,                 0,                 0,                 0,    -0.03312125612,  -0.0006916103377,     0.08127190994,                 0,       75.14404681
          0,           0,         649,      -12.58110759,      -13.47506067,      -13.11411329,       -12.0314446,             0.448,    0.001081491619,     0.08126765683,                 0,                 0,                 0,    -0.03312125612,  -0.0006916103378,     0.08127190994,                 0,       75.14404682
          0,           0,         650,      -12.59324742,      -13.48630344,      -13.12778846,      -12.04350724,             0.448,    0.001081491619,     0.08126765683,                 0,                 0,                 0,    -0.03312125612,  -0.0006916103379,     0.08127190994,                 0,       75.14404682
          0,           0,         651,      -12.60545749,      -13.49778481,      -13.14147793,      -12.05564214,             0.448,    0.001081491619,     0.08126765683,                 0,                 0,                 0,    -0.03312125612,  -0.0006916103379,     0.08127190994,                 0,       75.14404683
          0,           0,         652,       -12.6177407,      -13.50926175,      -13.15516375,      -12.06785392,             0.448,    0.001081491619,     0.08126765683,                 0,                 0,                 0,    -0.03312125612,   -0.000691610338,     0.08127190994,                 0,       75.14404683
          0,           0,         653,      -12.63009669,      -13.52090706,       -13.1688299,      -12.08014258,             0.448,    0.001081491618,     0.08126765683,                 0,                 0,                 0,    -0.03312125612,  -0.0006916103381,     0.08127190994,                 0,       75.14404684
          0,           0,         654,      -12.64252682,      -13.53263684,      -13.18246511,      -12.09251108,             0.448,    0.001081491618,     0.08126765683,                 0,                 0,                 0,    -0.03312125612,  -0.0006916103381,     0.08127190994,                 0,       75.14404684
          0,           0,         655,      -12.65503001,      -13.54456581,      -13.19605231,      -12.10495736,             0.448,    0.001081491618,     0.08126765683,                 0,                 0,                 0,    -0.03312125612,  -0.0006916103382,     0.08127190994,                 0,       75.14404684
          0,           0,         656,      -12.66760524,       -13.5565997,      -13.20957418,      -12.11748244,             0.448,    0.001081491618,     0.08126765683,                 0,                 0,                 0,    -0.03312125612,  -0.0006916103382,     0.08127190994,                 0,       75.14404685
          0,           0,         657,      -12.68025098,      -13.56875715,      -13.22302327,       -12.1300855,             0.448,    0.001081491618,     0.08126765683,                 0,                 0,                 0,    -0.03312125612,  -0.0006916103382,     0.08127190994,                 0,       75.14404685
          0,           0,         658,      -12.69296231,      -13.58105493,      -13.23638356,      -12.14276029,             0.448,    0.001081491618,     0.08126765683,                 0,                 0,                 0,    -0.03312125612,  -0.0006916103383,     0.08127190994,                 0,       75.14404685
          0,           0,         659,      -12.70573794,      -13.59356325,      -13.24964423,      -12.15550834,             0.448,    0.001081491618,     0.08126765683,                 0,                 0,                 0,    -0.03312125612,  -0.0006916103383,     0.08127190994,                 0,       75.14404685
          0,           0,         660,      -12.71857359,       -13.6062547,      -13.26280162,      -12.16832483,             0.448,    0.001081491618,     0.08126765683,                 0,                 0,                 0,    -0.03312125612,  -0.0006916103383,     0.08127190994,                 0,       75.14404686
          0,           0,         661,      -12.73146511,      -13.61896428,      -13.27584414,      -12.18120424,             0.448,    0.001081491618,     0.08126765683,                 0,                 0,                 0,    -0.03312125612,  -0.0006916103383,     0.08127190994,                 0,       75.14404686
          0,           0,         662,      -12.74440445,      -13.63197769,      -13.28875086,       -12.1941399,             0.448,    0.001081491618,     0.08126765682,                 0,                 0,                 0,    -0.03312125613,  -0.0006916103383,     0.08127190994,                 0,       75.14404686
          0,           0,         663,      -12.75738884,       -13.6450924,      -13.30154439,      -12.20713062,             0.448,    0.001081491618,     0.08126765682,                 0,                 0,                 0,    -0.03312125613,  -0.0006916103383,     0.08127190994,                 0,       75.14404686
          0,           0,         664,       -12.7704107,      -13.65843401,      -13.31419801,      -12.22016487,             0.448,    0.001081491618,     0.08126765682,                 0,                 0,                 0,    -0.03312125613,  -0.0006916103383,     0.08127190993,                 0,       75.14404686
          0,           0,         665,       -12.7834639,      -13.67193696,      -13.32672168,      -12.23323957,             0.448,    0.001081491618,     0.08126765682,                 0,                 0,                 0,    -0.03312125613,  -0.0006916103383,     0.08127190993,                 0,       75.14404686
          0,           0,         666,      -12.79654121,      -13.68562989,      -13.33910771,      -12.24634566,             0.448,    0.001081491618,     0.08126765682,                 0,                 0,                 0,    -0.03312125613,  -0.0006916103383,     0.08127190993,                 0,       75.14404686
          0,           0,         667,      -12.80963414,      -13.69949225,      -13.35136541,      -12.25947317,             0.448,    0.001081491618,     0.08126765682,                 0,                 0,                 0,    -0.03312125613,  -0.0006916103383,     0.08127190993,                 0,       75.14404686
          0,           0,         668,      -12.82273664,        -13.713489,      -13.36348651,      -12.27261774,             0.448,    0.001081491618,     0.08126765681,                 0,                 0,                 0,    -0.03312125613,  -0.0006916103382,     0.08127190993,                 0,       75.14404686
          0,           0,         669,      -12.83583662,      -13.72750744,       -13.3754822,      -12.28576614,             0.448,    0.001081491618,     0.08126765681,                 0,                 0,                 0,    -0.03312125613,  -0.0006916103382,     0.08127190993,                 0,       75.14404686
          0,           0,         670,      -12.84892973,      -13.74170812,      -13.38735569,      -12.29891383,             0.448,    0.001081491618,     0.08126765681,                 0,                 0,                 0,    -0.03312125613,  -0.0006916103382,     0.08127190992,                 0,       75.14404686
          0,           0,         671,      -12.86200786,      -13.75618988,      -13.39911428,       -12.3120492,             0.448,    0.001081491618,     0.08126765681,                 0,                 0,                 0,    -0.03312125613,  -0.0006916103382,     0.08127190992,                 0,       75.14404686
          0,           0,         672,      -12.87506031,      -13.77054257,      -13.41075154,      -12.32516354,             0.448,    0.001081491618,     0.08126765681,                 0,                 0,                 0,    -0.03312125613,  -0.0006916103381,     0.08127190992,                 0,       75.14404686
          0,           0,         673,      -12.88808142,      -13.78503794,      -13.42228776,      -12.33824903,             0.448,    0.001081491618,     0.08126765681,                 0,                 0,                 0,    -0.03312125613,  -0.0006916103381,     0.08127190992,                 0,       75.14404685
          0,           0,         674,      -12.90106118,      -13.79960983,       -13.4337514,      -12.35129452,             0.448,    0.001081491618,      0.0812676568,                 0,                 0,                 0,    -0.03312125613,   -0.000691610338,     0.08127190992,                 0,       75.14404685
          0,           0,         675,      -12.91399129,      -13.81416743,      -13.44511666,      -12.36429312,             0.448,    0.001081491618,      0.0812676568,                 0,                 0,                 0,    -0.03312125613,   -0.000691610338,     0.08127190992,                 0,       75.14404685
          0,           0,         676,      -12.92686765,      -13.82866018,       -13.4564053,      -12.37723831,             0.448,    0.001081491618,      0.0812676568,                 0,                 0,                 0,    -0.03312125613,   -0.000691610338,     0.08127190991,                 0,       75.14404685
          0,           0,         677,      -12.93968287,       -13.8430445,      -13.46764643,       -12.3901207,             0.448,    0.001081491618,      0.0812676568,                 0,                 0,                 0,    -0.03312125613,  -0.0006916103379,     0.08127190991,                 0,       75.14404685
          0,           0,         678,      -12.95243333,      -13.85736773,      -13.47883106,      -12.40293605,             0.448,    0.001081491618,      0.0812676568,                 0,                 0,                 0,    -0.03312125613,  -0.0006916103379,     0.08127190991,                 0,       75.14404684
          0,           0,         679,      -12.96510957,      -13.87155804,      -13.48996706,      -12.41567486,             0.448,    0.001081491618,      0.0812676568,                 0,                 0,                 0,    -0.03312125613,  -0.0006916103378,     0.08127190991,                 0,       75.14404684
          0,           0,         680,      -12.97771191,       -13.8854195,      -13.50109427,       -12.4283361,             0.448,    0.001081491618,     0.08126765679,                 0,                 0,                 0,    -0.03312125613,  -0.0006916103378,     0.08127190991,                 0,       75.14404684
          0,           0,         681,      -12.99023521,      -13.89943672,      -13.51220766,      -12.44091648,             0.448,    0.001081491618,     0.08126765679,                 0,                 0,                 0,    -0.03312125613,  -0.0006916103377,     0.08127190991,                 0,       75.14404684
          0,           0,         682,      -13.00268127,      -13.91277477,      -13.52333177,      -12.45341192,             0.448,    0.001081491618,     0.08126765679,                 0,                 0,                 0,    -0.03312125613,  -0.0006916103377,     0.08127190991,                 0,       75.14404683
