NDIME= 2
NELEM= 10216
5	417	69	311	0
5	302	55	56	1
5	405	159	384	2
5	594	427	450	3
5	315	71	72	4
5	319	4	262	5
5	270	39	40	6
5	327	65	66	7
5	451	259	325	8
5	441	40	41	9
5	358	147	148	10
5	287	12	13	11
5	252	144	145	12
5	254	56	57	13
5	348	96	269	14
5	262	4	5	15
5	647	465	525	16
5	453	308	449	17
5	309	282	15	18
5	560	265	470	19
5	369	185	186	20
5	420	271	27	21
5	432	137	376	22
5	643	471	270	23
5	429	121	354	24
5	282	14	15	25
5	568	446	456	26
5	292	257	31	27
5	617	385	457	28
5	831	694	478	29
5	274	24	25	30
5	470	346	454	31
5	311	69	70	32
5	291	20	278	33
5	286	24	274	34
5	257	30	31	35
5	255	0	1	36
5	996	809	797	37
5	342	79	312	38
5	280	18	19	39
5	543	319	518	40
5	316	42	294	41
5	507	356	439	42
5	543	293	319	43
5	546	298	299	44
5	324	288	9	45
5	749	548	648	46
5	270	251	39	47
5	542	459	257	48
5	258	36	37	49
5	322	18	280	50
5	315	72	290	51
5	555	313	342	52
5	288	8	9	53
5	645	348	465	54
5	323	14	282	55
5	308	62	63	56
5	300	75	76	57
5	335	84	303	58
5	421	60	305	59
5	334	38	251	60
5	749	549	548	61
5	285	53	54	62
5	302	56	254	63
5	751	644	725	64
5	250	82	83	65
5	294	42	43	66
5	301	87	88	67
5	279	80	81	68
5	305	60	61	69
5	531	475	278	70
5	554	448	540	71
5	271	26	27	72
5	284	89	90	73
5	416	111	112	74
5	329	260	33	75
5	475	291	278	76
5	340	0	255	77
5	277	106	107	78
5	420	28	272	79
5	295	52	53	80
5	316	41	42	81
5	333	294	43	82
5	825	476	650	83
5	331	300	76	84
5	762	555	664	85
5	295	53	285	86
5	290	72	73	87
5	337	90	91	88
5	312	79	80	89
5	511	320	336	90
5	1041	890	895	91
5	555	342	464	92
5	946	762	848	93
5	564	314	556	94
5	345	52	295	95
5	335	250	83	96
5	449	63	64	97
5	338	254	57	98
5	842	642	557	99
5	338	57	58	100
5	517	256	293	101
5	259	101	102	102
5	512	281	350	103
5	348	95	96	104
5	441	270	40	105
5	361	177	178	106
5	266	99	100	107
5	510	451	325	108
5	580	353	413	109
5	372	115	116	110
5	367	117	118	111
5	357	151	349	112
5	412	375	127	113
5	639	273	436	114
5	381	157	158	115
5	492	368	430	116
5	377	147	358	117
5	400	173	390	118
5	437	365	182	119
5	406	161	253	120
5	403	253	162	121
5	395	181	365	122
5	397	175	393	123
5	408	157	381	124
5	619	408	381	125
5	401	386	166	126
5	399	388	170	127
5	834	690	450	128
5	585	377	358	129
5	387	163	164	130
5	404	165	386	131
5	353	112	113	132
5	424	321	109	133
5	363	252	145	134
5	363	145	146	135
5	481	429	354	136
5	607	393	484	137
5	1544	685	720	138
5	653	485	490	139
5	275	132	133	140
5	409	382	129	141
5	373	135	136	142
5	614	482	253	143
5	355	143	144	144
5	409	130	383	145
5	380	354	122	146
5	486	435	273	147
5	436	273	140	148
5	411	126	375	149
5	360	186	187	150
5	593	394	488	151
5	850	681	706	152
5	393	175	176	153
5	806	611	604	154
5	398	177	361	155
5	784	587	502	156
5	403	162	163	157
5	402	169	388	158
5	253	161	162	159
5	396	188	359	160
5	388	169	170	161
5	1083	868	726	162
5	390	173	174	163
5	484	393	398	164
5	356	195	196	165
5	380	122	123	166
5	432	373	136	167
5	375	126	127	168
5	412	128	382	169
5	357	150	151	170
5	355	144	252	171
5	364	141	142	172
5	624	483	375	173
5	435	139	273	174
5	482	479	406	175
5	424	110	351	176
5	623	412	382	177
5	595	501	352	178
5	325	259	102	179
5	328	46	296	180
5	269	96	97	181
5	1361	1264	1068	182
5	530	286	462	183
5	550	306	421	184
5	251	38	39	185
5	423	103	104	186
5	350	99	266	187
5	693	451	510	188
5	483	411	375	189
5	352	114	115	190
5	633	478	424	191
5	444	150	357	192
5	427	117	367	193
5	588	395	365	194
5	385	154	261	195
5	655	491	587	196
5	369	186	360	197
5	581	431	485	198
5	386	165	166	199
5	5232	5214	5229	200
5	508	503	443	201
5	5232	5226	5214	202
5	1099	878	1090	203
5	5231	207	5222	204
5	5231	206	207	205
5	5230	5210	5219	206
5	5230	5213	5210	207
5	5229	5199	5213	208
5	5229	5214	5199	209
5	5228	204	205	210
5	5228	5217	204	211
5	5225	5219	5200	212
5	5225	249	5219	213
5	5232	5229	202	214
5	5232	202	203	215
5	5227	247	248	216
5	5227	5196	5212	217
5	5224	5195	5209	218
5	5224	5202	5195	219
5	5223	225	226	220
5	5223	5220	225	221
5	5224	5228	205	222
5	5231	205	206	223
5	5221	5173	5203	224
5	5221	5201	5173	225
5	5220	5211	225	226
5	5220	5181	5211	227
5	5230	200	201	228
5	5230	5229	5213	229
5	5219	5210	5191	230
5	5225	5218	248	231
5	5231	5202	5224	232
5	5231	5222	5202	233
5	5216	227	228	234
5	5216	5208	227	235
5	5215	207	208	236
5	5222	5206	5189	237
5	5232	203	5226	238
5	5230	201	5229	239
5	5214	5205	5174	240
5	5229	201	202	241
5	5212	246	247	242
5	5221	246	5212	243
5	5211	5180	224	244
5	5211	5181	5180	245
5	5210	5152	5191	246
5	5210	5190	5152	247
5	5231	5224	205	248
5	5228	5224	5209	249
5	5223	5208	5185	250
5	5223	226	227	251
5	5207	5180	5166	252
5	5207	223	5180	253
5	5222	5189	5202	254
5	5222	5215	5206	255
5	5226	5205	5214	256
5	5217	5188	5205	257
5	5197	229	230	258
5	5197	5179	229	259
5	5203	5163	5193	260
5	5203	5173	5163	261
5	5215	208	209	262
5	5222	207	5215	263
5	5221	5212	5201	264
5	5221	245	246	265
5	5230	5219	200	266
5	5219	249	200	267
5	5205	5154	5174	268
5	5226	5217	5205	269
5	5198	221	222	270
5	5198	5186	221	271
5	5197	5121	5179	272
5	5197	5088	5121	273
5	5212	5196	5170	274
5	5201	5170	5145	275
5	5195	5140	5169	276
5	5195	5157	5140	277
5	5192	241	5168	278
5	5192	240	241	279
5	5193	5160	243	280
5	5193	5163	5160	281
5	5223	5185	5220	282
5	5211	224	225	283
5	5213	5199	5190	284
5	5225	248	249	285
5	5184	5150	218	286
5	5184	5127	5150	287
5	5183	212	5155	288
5	5183	211	212	289
5	5228	5209	5217	290
5	5209	5169	5188	291
5	5187	241	242	292
5	5187	5160	5139	293
5	5186	220	221	294
5	5186	5151	220	295
5	5220	5185	5161	296
5	5220	5161	5181	297
5	5184	219	5151	298
5	5184	5151	5127	299
5	5183	5155	5125	300
5	5149	210	211	301
5	5190	5113	5152	302
5	5182	5112	5162	303
5	5223	227	5208	304
5	5181	5167	5147	305
5	5180	223	224	306
5	5207	5166	5194	307
5	5216	5179	5177	308
5	5179	5158	5177	309
5	5178	5156	5135	310
5	5178	215	5156	311
5	5177	5158	5130	312
5	5179	228	229	313
5	5191	5129	5143	314
5	5227	5212	247	315
5	5204	5142	5175	316
5	5204	214	5178	317
5	5174	5118	5146	318
5	5174	5154	5118	319
5	5171	5144	238	320
5	5171	5116	5144	321
5	5171	5148	5116	322
5	5172	216	217	323
5	5171	238	239	324
5	5172	217	5150	325
5	5176	5133	5153	326
5	5218	5176	5196	327
5	5202	5189	5157	328
5	5226	204	5217	329
5	5194	5166	5131	330
5	5192	5138	5148	331
5	5167	5134	5122	332
5	5167	5161	5134	333
5	5166	5096	5131	334
5	5166	5147	5096	335
5	5165	5091	5123	336
5	5165	5130	5091	337
5	5198	5194	5164	338
5	5207	222	223	339
5	5201	5145	5173	340
5	5203	5193	244	341
5	5162	5108	5128	342
5	5162	5112	5108	343
5	5181	5147	5180	344
5	5208	5165	5185	345
5	5208	5177	5165	346
5	5216	5177	5208	347
5	5159	5087	5111	348
5	5159	5115	5087	349
5	5158	5105	5130	350
5	5192	5168	5138	351
5	5189	5114	5157	352
5	5206	5128	5189	353
5	5192	5148	240	354
5	5148	239	240	355
5	5155	5090	5125	356
5	5155	5132	5090	357
5	5154	5101	5118	358
5	5154	5119	5101	359
5	5153	5082	5124	360
5	5153	5133	5082	361
5	5191	5152	5129	362
5	5227	248	5218	363
5	5164	5107	5137	364
5	5151	219	220	365
5	5184	218	219	366
5	5150	217	218	367
5	5217	5209	5188	368
5	5182	5162	209	369
5	5178	214	215	370
5	5148	5138	5086	371
5	5207	5194	222	372
5	5147	5122	5096	373
5	5199	5174	5146	374
5	5219	5191	5200	375
5	5145	5098	5126	376
5	5145	5124	5098	377
5	5144	237	238	378
5	5144	5115	237	379
5	5152	5076	5129	380
5	5200	5191	5143	381
5	5175	5155	212	382
5	5183	5149	211	383
5	5141	5094	5061	384
5	5141	5121	5094	385
5	5215	5162	5206	386
5	5214	5174	5199	387
5	5139	5102	5100	388
5	5139	5120	5102	389
5	5187	242	243	390
5	5194	5131	5164	391
5	5198	5164	5186	392
5	5186	5164	5137	393
5	5197	5136	5088	394
5	5197	230	5136	395
5	5135	5047	5093	396
5	5135	5092	5047	397
5	5167	5122	5147	398
5	438	198	199	399
5	5161	5106	5134	400
5	1036	844	843	401
5	307	86	87	402
5	661	506	199	403
5	5189	5128	5114	404
5	508	443	356	405
5	5112	5074	5108	406
5	685	657	503	407
5	5156	5092	5135	408
5	508	356	507	409
5	5204	5178	5142	410
5	659	438	506	411
5	5161	5123	5106	412
5	439	356	196	413
5	5187	5139	5168	414
5	443	195	356	415
5	5177	5130	5165	416
5	485	431	433	417
5	5185	5123	5161	418
5	660	517	543	419
5	5129	5071	5081	420
5	385	153	154	421
5	5129	5076	5071	422
5	661	199	515	423
5	5190	5146	5113	424
5	5188	5169	5119	425
5	5186	5137	5151	426
5	354	121	122	427
5	5182	210	5149	428
5	416	351	111	429
5	5170	5124	5145	430
5	1230	1086	1051	431
5	5203	244	245	432
5	410	132	275	433
5	5183	5125	5149	434
5	415	108	321	435
5	5182	5149	5112	436
5	347	101	259	437
5	5124	5045	5098	438
5	318	89	284	439
5	5124	5082	5045	440
5	425	106	277	441
5	5187	5168	241	442
5	578	347	452	443
5	5180	5147	5166	444
5	325	102	103	445
5	5134	5097	5109	446
5	473	464	312	447
5	5134	5109	5122	448
5	769	737	516	449
5	5179	5121	5158	450
5	5158	5121	5141	451
5	5160	5120	5139	452
5	347	100	101	453
5	5168	5100	5138	454
5	445	95	348	455
5	5140	5103	5056	456
5	671	579	645	457
5	5205	5188	5154	458
5	303	84	85	459
5	5146	5118	5089	460
5	445	336	94	461
5	5146	5089	5113	462
5	721	509	477	463
5	5117	5077	5046	464
5	320	92	93	465
5	5117	234	5077	466
5	335	83	84	467
5	5116	5086	5064	468
5	447	82	250	469
5	5138	5100	5070	470
5	764	754	540	471
5	5159	236	237	472
5	339	71	315	473
5	5159	237	5115	474
5	306	58	59	475
5	5169	5140	5085	476
5	5140	5056	5085	477
5	5113	5052	5076	478
5	292	31	32	479
5	5113	5089	5052	480
5	419	12	287	481
5	5159	5111	236	482
5	288	268	8	483
5	5111	235	236	484
5	293	2	3	485
5	5128	5084	5114	486
5	293	256	2	487
5	5111	5087	5057	488
5	1394	1257	1239	489
5	5110	5048	5092	490
5	340	199	0	491
5	5110	5079	5048	492
5	1218	517	853	493
5	5109	5049	5038	494
5	729	460	521	495
5	5109	5097	5049	496
5	746	543	518	497
5	5149	5099	5112	498
5	5209	5195	5169	499
5	5107	5020	5063	500
5	5107	5068	5020	501
5	312	80	279	502
5	762	562	555	503
5	460	263	267	504
5	670	470	454	505
5	273	139	140	506
5	641	588	365	507
5	384	159	160	508
5	261	154	155	509
5	304	55	302	510
5	573	332	466	511
5	742	537	741	512
5	1505	888	1371	513
5	256	255	1	514
5	256	1	2	515
5	330	30	257	516
5	472	345	295	517
5	346	36	258	518
5	260	32	33	519
5	511	456	320	520
5	452	259	451	521
5	329	34	265	522
5	292	32	260	523
5	813	617	667	524
5	349	151	152	525
5	521	460	267	526
5	726	515	340	527
5	263	262	5	528
5	263	5	6	529
5	264	261	155	530
5	264	155	156	531
5	329	33	34	532
5	265	34	35	533
5	510	325	423	534
5	514	284	467	535
5	267	263	6	536
5	267	6	7	537
5	268	267	7	538
5	268	7	8	539
5	452	347	259	540
5	509	418	425	541
5	476	330	459	542
5	422	296	47	543
5	326	26	271	544
5	317	22	276	545
5	420	27	28	546
5	272	28	29	547
5	480	400	390	548
5	374	275	133	549
5	570	474	254	550
5	276	22	23	551
5	590	519	252	552
5	374	133	134	553
5	575	343	308	554
5	278	20	21	555
5	415	107	108	556
5	625	321	478	557
5	565	557	294	558
5	557	316	294	559
5	466	332	417	560
5	563	540	300	561
5	642	441	316	562
5	471	251	270	563
5	281	269	97	564
5	281	97	98	565
5	309	16	283	566
5	470	265	346	567
5	309	15	16	568
5	283	16	17	569
5	307	87	301	570
5	675	568	456	571
5	333	43	44	572
5	314	44	45	573
5	286	276	23	574
5	286	23	24	575
5	528	462	274	576
5	533	455	280	577
5	324	10	289	578
5	535	323	282	579
5	324	9	10	580
5	289	10	11	581
5	498	466	417	582
5	310	290	73	583
5	291	280	19	584
5	291	19	20	585
5	938	928	741	586
5	537	468	287	587
5	534	283	322	588
5	521	267	268	589
5	514	318	284	590
5	297	50	51	591
5	422	47	48	592
5	296	46	47	593
5	644	307	536	594
5	573	341	332	595
5	298	48	49	596
5	299	50	297	597
5	505	315	290	598
5	422	48	298	599
5	299	298	49	600
5	299	49	50	601
5	310	73	74	602
5	448	75	300	603
5	913	671	859	604
5	1110	871	1094	605
5	304	54	55	606
5	304	285	54	607
5	442	86	307	608
5	442	85	86	609
5	576	343	575	610
5	665	534	652	611
5	343	62	308	612
5	344	64	65	613
5	556	314	328	614
5	338	58	306	615
5	442	303	85	616
5	467	284	337	617
5	343	61	62	618
5	343	305	61	619
5	497	334	251	620
5	497	251	471	621
5	701	547	662	622
5	532	447	516	623
5	332	67	68	624
5	449	64	344	625
5	313	77	78	626
5	331	76	77	627
5	469	290	310	628
5	331	77	313	629
5	455	322	280	630
5	333	44	314	631
5	339	70	71	632
5	339	311	70	633
5	524	263	460	634
5	441	41	316	635
5	317	278	21	636
5	317	21	22	637
5	318	301	88	638
5	318	88	89	639
5	319	293	3	640
5	319	3	4	641
5	337	284	90	642
5	446	92	320	643
5	415	277	107	644
5	321	108	109	645
5	322	283	17	646
5	322	17	18	647
5	323	287	13	648
5	323	13	14	649
5	552	283	534	650
5	538	289	419	651
5	423	104	418	652
5	694	625	478	653
5	326	274	25	654
5	326	25	26	655
5	341	67	332	656
5	344	65	327	657
5	328	314	45	658
5	328	45	46	659
5	734	677	462	660
5	459	330	257	661
5	330	272	29	662
5	330	29	30	663
5	562	313	555	664
5	498	417	311	665
5	341	66	67	666
5	341	327	66	667
5	468	419	287	668
5	1362	1084	1218	669
5	334	258	37	670
5	334	37	38	671
5	897	675	861	672
5	540	448	300	673
5	336	320	93	674
5	336	93	94	675
5	547	318	514	676
5	768	567	566	677
5	756	520	651	678
5	461	421	305	679
5	652	534	455	680
5	746	660	543	681
5	753	741	535	682
5	1043	889	916	683
5	550	421	461	684
5	643	270	441	685
5	342	313	78	686
5	342	78	79	687
5	575	308	453	688
5	474	302	254	689
5	556	328	520	690
5	449	308	63	691
5	345	297	51	692
5	345	51	52	693
5	346	265	35	694
5	346	35	36	695
5	692	465	647	696
5	347	266	100	697
5	445	94	95	698
5	725	536	701	699
5	407	153	385	700
5	618	407	617	701
5	350	281	98	702
5	350	98	99	703
5	424	109	110	704
5	351	110	111	705
5	413	114	352	706
5	416	112	353	707
5	478	321	424	708
5	496	371	429	709
5	426	367	118	710
5	372	352	115	711
5	378	143	355	712
5	436	140	141	713
5	807	611	806	714
5	359	188	189	715
5	495	383	410	716
5	591	364	378	717
5	783	584	782	718
5	493	410	275	719
5	489	398	361	720
5	394	185	369	721
5	992	880	704	722
5	365	181	182	723
5	605	391	400	724
5	392	178	179	725
5	362	358	148	726
5	362	148	149	727
5	834	450	635	728
5	799	708	504	729
5	603	387	404	730
5	436	141	364	731
5	366	179	180	732
5	392	361	178	733
5	608	480	390	734
5	392	179	366	735
5	426	119	371	736
5	626	353	580	737
5	368	359	189	738
5	368	189	190	739
5	370	183	184	740
5	437	182	183	741
5	839	640	593	742
5	437	183	370	743
5	426	118	119	744
5	371	119	120	745
5	501	413	352	746
5	627	351	416	747
5	428	135	373	748
5	599	380	414	749
5	718	598	689	750
5	824	626	823	751
5	379	124	125	752
5	414	124	379	753
5	432	136	137	754
5	376	137	138	755
5	377	363	146	756
5	377	146	147	757
5	378	364	142	758
5	378	142	143	759
5	600	481	354	760
5	686	583	487	761
5	816	620	619	762
5	689	598	483	763
5	408	156	157	764
5	408	264	156	765
5	412	127	128	766
5	382	128	129	767
5	409	129	130	768
5	383	130	131	769
5	405	158	159	770
5	405	381	158	771
5	407	152	153	772
5	407	349	152	773
5	604	389	402	774
5	640	370	593	775
5	609	391	605	776
5	403	163	387	777
5	389	167	168	778
5	401	166	167	779
5	604	402	601	780
5	401	167	389	781
5	391	171	172	782
5	399	170	171	783
5	479	384	406	784
5	399	171	391	785
5	606	504	392	786
5	593	370	394	787
5	397	174	175	788
5	397	390	174	789
5	394	370	184	790
5	394	184	185	791
5	395	366	180	792
5	395	180	181	793
5	396	360	187	794
5	396	187	188	795
5	620	523	264	796
5	615	384	479	797
5	398	393	176	798
5	398	176	177	799
5	482	406	253	800
5	614	253	403	801
5	400	391	172	802
5	400	172	173	803
5	605	400	480	804
5	489	484	398	805
5	402	389	168	806
5	402	168	169	807
5	974	788	732	808
5	622	382	409	809
5	404	387	164	810
5	404	164	165	811
5	494	376	435	812
5	621	409	383	813
5	406	384	160	814
5	406	160	161	815
5	638	436	364	816
5	583	362	444	817
5	487	444	357	818
5	583	444	487	819
5	636	376	494	820
5	617	407	385	821
5	410	383	131	822
5	410	131	132	823
5	411	379	125	824
5	411	125	126	825
5	529	428	373	826
5	634	426	371	827
5	413	353	113	828
5	413	113	114	829
5	414	380	123	830
5	414	123	124	831
5	580	413	501	832
5	509	425	477	833
5	496	429	481	834
5	527	378	355	835
5	417	332	68	836
5	417	68	69	837
5	423	325	103	838
5	418	104	105	839
5	419	289	11	840
5	419	11	12	841
5	534	322	455	842
5	533	280	291	843
5	421	306	59	844
5	421	59	60	845
5	574	327	341	846
5	646	449	344	847
5	632	418	509	848
5	861	675	669	849
5	624	375	412	850
5	500	414	379	851
5	425	418	105	852
5	425	105	106	853
5	595	372	594	854
5	690	594	450	855
5	427	372	116	856
5	427	116	117	857
5	428	374	134	858
5	428	134	135	859
5	429	371	120	860
5	429	120	121	861
5	430	368	190	862
5	430	190	191	863
5	431	430	191	864
5	431	191	192	865
5	494	435	486	866
5	639	486	273	867
5	433	431	192	868
5	433	192	193	869
5	434	433	193	870
5	434	193	194	871
5	435	376	138	872
5	435	138	139	873
5	601	402	388	874
5	602	404	386	875
5	867	506	661	876
5	812	616	615	877
5	439	196	197	878
5	440	198	438	879
5	592	395	588	880
5	586	368	492	881
5	440	439	197	882
5	440	197	198	883
5	539	521	268	884
5	541	292	260	885
5	473	312	279	886
5	532	473	279	887
5	443	434	194	888
5	443	194	195	889
5	444	362	149	890
5	444	149	150	891
5	951	767	751	892
5	1051	856	915	893
5	446	337	91	894
5	446	91	92	895
5	447	279	81	896
5	447	81	82	897
5	448	310	74	898
5	448	74	75	899
5	526	295	285	900
5	569	306	550	901
5	450	427	367	902
5	635	450	367	903
5	884	790	690	904
5	791	781	501	905
5	978	793	977	906
5	902	702	717	907
5	646	453	449	908
5	577	344	327	909
5	454	346	258	910
5	497	458	334	911
5	628	272	476	912
5	629	463	271	913
5	456	446	320	914
5	951	751	856	915
5	457	385	261	916
5	523	457	261	917
5	458	454	258	918
5	458	258	334	919
5	476	272	330	920
5	462	286	274	921
5	825	628	476	922
5	736	475	531	923
5	548	302	474	924
5	544	345	472	925
5	528	326	463	926
5	679	524	666	927
5	528	274	326	928
5	463	326	271	929
5	464	342	312	930
5	775	498	572	931
5	465	348	269	932
5	698	512	513	933
5	754	554	540	934
5	737	532	516	935
5	567	250	335	936
5	532	279	447	937
5	539	268	288	938
5	538	419	468	939
5	572	498	311	940
5	505	290	469	941
5	561	541	260	942
5	542	257	292	943
5	843	643	642	944
5	631	520	296	945
5	544	297	345	946
5	520	328	296	947
5	701	536	547	948
5	536	307	301	949
5	548	304	302	950
5	526	472	295	951
5	531	317	522	952
5	533	291	475	953
5	628	420	272	954
5	629	271	420	955
5	477	425	277	956
5	499	477	277	957
5	499	277	415	958
5	698	513	578	959
5	615	405	384	960
5	523	261	264	961
5	610	601	388	962
5	862	707	655	963
5	635	426	634	964
5	634	371	496	965
5	705	479	482	966
5	792	597	687	967
5	598	411	483	968
5	600	354	380	969
5	607	397	393	970
5	608	390	397	971
5	808	797	602	972
5	488	394	369	973
5	596	493	275	974
5	596	275	374	975
5	590	252	363	976
5	519	355	252	977
5	988	802	801	978
5	587	360	396	979
5	798	592	789	980
5	800	607	484	981
5	490	485	433	982
5	490	433	434	983
5	491	488	369	984
5	491	369	360	985
5	502	396	359	986
5	587	491	360	987
5	730	457	523	988
5	495	410	493	989
5	711	529	637	990
5	597	428	529	991
5	835	636	710	992
5	621	383	495	993
5	822	689	483	994
5	635	367	426	995
5	771	570	569	996
5	770	569	550	997
5	571	315	505	998
5	776	466	716	999
5	717	625	694	1000
5	901	852	695	1001
5	821	623	820	1002
5	599	414	500	1003
5	627	416	626	1004
5	626	416	353	1005
5	706	581	654	1006
5	587	396	502	1007
5	503	490	434	1008
5	503	434	443	1009
5	504	489	361	1010
5	504	361	392	1011
5	571	339	315	1012
5	572	311	339	1013
5	506	438	199	1014
5	943	917	743	1015
5	685	503	508	1016
5	910	681	850	1017
5	654	485	653	1018
5	987	801	800	1019
5	663	578	452	1020
5	852	663	695	1021
5	1199	1020	1198	1022
5	724	647	525	1023
5	698	578	663	1024
5	722	632	656	1025
5	859	692	847	1026
5	525	281	512	1027
5	513	512	350	1028
5	513	350	266	1029
5	566	335	303	1030
5	516	447	250	1031
5	1219	658	1080	1032
5	515	199	340	1033
5	1038	845	780	1034
5	551	303	442	1035
5	668	256	517	1036
5	868	661	515	1037
5	543	517	293	1038
5	518	319	262	1039
5	584	362	583	1040
5	527	355	519	1041
5	545	297	544	1042
5	631	296	422	1043
5	740	652	455	1044
5	752	552	665	1045
5	531	278	317	1046
5	522	317	276	1047
5	616	405	615	1048
5	782	584	583	1049
5	524	518	262	1050
5	524	262	263	1051
5	525	465	269	1052
5	525	269	281	1053
5	549	304	548	1054
5	757	556	756	1055
5	839	593	683	1056
5	591	378	527	1057
5	665	552	534	1058
5	742	696	468	1059
5	637	432	636	1060
5	637	373	432	1061
5	530	522	276	1062
5	530	276	286	1063
5	874	700	731	1064
5	747	544	700	1065
5	673	662	514	1066
5	773	505	699	1067
5	829	631	630	1068
5	765	565	564	1069
5	553	535	282	1070
5	537	287	323	1071
5	553	309	552	1072
5	537	323	535	1073
5	567	335	566	1074
5	566	303	551	1075
5	760	560	672	1076
5	744	542	541	1077
5	559	539	288	1078
5	558	289	538	1079
5	559	324	558	1080
5	759	559	758	1081
5	554	310	448	1082
5	554	469	310	1083
5	561	329	560	1084
5	542	292	541	1085
5	674	522	530	1086
5	1017	828	748	1087
5	889	758	728	1088
5	1528	1266	1364	1089
5	545	299	297	1090
5	630	422	298	1091
5	748	546	545	1092
5	546	299	545	1093
5	844	714	471	1094
5	630	298	546	1095
5	547	536	301	1096
5	547	301	318	1097
5	549	285	304	1098
5	549	526	285	1099
5	700	544	472	1100
5	715	678	458	1101
5	569	338	306	1102
5	570	254	338	1103
5	751	551	644	1104
5	567	516	250	1105
5	553	282	309	1106
5	552	309	283	1107
5	745	459	542	1108
5	672	560	470	1109
5	780	577	574	1110
5	776	573	466	1111
5	562	331	313	1112
5	563	300	331	1113
5	763	562	762	1114
5	738	473	532	1115
5	565	333	564	1116
5	642	316	557	1117
5	559	288	324	1118
5	558	324	289	1119
5	679	518	524	1120
5	753	553	752	1121
5	561	260	329	1122
5	560	329	265	1123
5	746	518	679	1124
5	734	528	733	1125
5	953	769	768	1126
5	563	331	562	1127
5	846	453	646	1128
5	699	505	469	1129
5	565	294	333	1130
5	564	333	314	1131
5	777	574	573	1132
5	845	646	577	1133
5	1086	856	1051	1134
5	723	511	579	1135
5	723	579	671	1136
5	669	456	511	1137
5	568	467	337	1138
5	568	337	446	1139
5	761	744	541	1140
5	570	338	569	1141
5	750	549	749	1142
5	1667	1374	1548	1143
5	1136	946	1047	1144
5	572	339	571	1145
5	676	550	461	1146
5	846	649	453	1147
5	773	571	505	1148
5	574	341	573	1149
5	1142	954	953	1150
5	577	327	574	1151
5	576	305	343	1152
5	576	461	305	1153
5	1037	714	844	1154
5	829	651	631	1155
5	1039	846	845	1156
5	646	344	577	1157
5	578	513	266	1158
5	578	266	347	1159
5	579	511	336	1160
5	579	336	445	1161
5	790	594	690	1162
5	633	351	627	1163
5	581	492	430	1164
5	581	430	431	1165
5	582	487	357	1166
5	582	357	349	1167
5	584	358	362	1168
5	589	363	377	1169
5	712	495	493	1170
5	585	358	584	1171
5	688	494	486	1172
5	589	377	585	1173
5	586	502	359	1174
5	586	359	368	1175
5	1092	867	661	1176
5	802	703	480	1177
5	592	366	395	1178
5	606	392	366	1179
5	1030	905	688	1180
5	590	363	589	1181
5	840	641	640	1182
5	1154	968	910	1183
5	803	605	703	1184
5	638	364	591	1185
5	789	592	588	1186
5	606	366	592	1187
5	640	437	370	1188
5	641	365	437	1189
5	595	352	372	1190
5	594	372	427	1191
5	794	500	718	1192
5	796	481	600	1193
5	787	519	590	1194
5	838	688	486	1195
5	597	596	374	1196
5	597	374	428	1197
5	598	500	379	1198
5	598	379	411	1199
5	793	596	792	1200
5	600	380	599	1201
5	821	624	623	1202
5	793	712	493	1203
5	612	602	386	1204
5	613	403	387	1205
5	611	389	604	1206
5	603	404	602	1207
5	683	593	488	1208
5	613	387	603	1209
5	611	401	389	1210
5	612	386	401	1211
5	609	399	391	1212
5	610	388	399	1213
5	681	586	492	1214
5	707	491	655	1215
5	803	609	605	1216
5	608	397	607	1217
5	840	640	839	1218
5	983	798	789	1219
5	708	489	504	1220
5	610	399	609	1221
5	812	615	684	1222
5	684	615	479	1223
5	810	614	613	1224
5	612	401	611	1225
5	1032	840	839	1226
5	801	608	607	1227
5	709	489	708	1228
5	614	403	613	1229
5	788	527	732	1230
5	682	487	582	1231
5	616	381	405	1232
5	620	264	408	1233
5	1026	834	1025	1234
5	619	381	616	1235
5	618	349	407	1236
5	618	582	349	1237
5	686	487	682	1238
5	782	583	686	1239
5	732	527	519	1240
5	620	408	619	1241
5	787	732	519	1242
5	785	589	585	1243
5	687	597	529	1244
5	622	409	621	1245
5	820	623	622	1246
5	623	382	622	1247
5	1001	813	877	1248
5	624	412	623	1249
5	713	496	481	1250
5	702	477	499	1251
5	625	499	415	1252
5	625	415	321	1253
5	781	580	501	1254
5	633	424	351	1255
5	911	702	902	1256
5	721	477	702	1257
5	826	628	825	1258
5	629	420	628	1259
5	827	733	463	1260
5	883	666	729	1261
5	651	520	631	1262
5	631	422	630	1263
5	715	497	714	1264
5	740	455	533	1265
5	632	510	423	1266
5	632	423	418	1267
5	791	595	790	1268
5	831	478	633	1269
5	718	500	598	1270
5	796	713	481	1271
5	831	633	830	1272
5	1007	819	818	1273
5	637	529	373	1274
5	636	432	376	1275
5	813	618	617	1276
5	836	638	591	1277
5	797	603	602	1278
5	639	436	638	1279
5	811	705	482	1280
5	705	684	479	1281
5	903	684	705	1282
5	641	437	640	1283
5	654	581	485	1284
5	817	730	523	1285
5	649	575	453	1286
5	643	441	642	1287
5	778	575	649	1288
5	770	550	676	1289
5	644	551	442	1290
5	644	442	307	1291
5	645	579	445	1292
5	645	445	348	1293
5	950	766	765	1294
5	937	752	855	1295
5	695	452	451	1296
5	1220	1045	1048	1297
5	648	548	474	1298
5	772	648	474	1299
5	778	576	575	1300
5	772	474	570	1301
5	650	476	459	1302
5	745	650	459	1303
5	756	556	520	1304
5	844	471	643	1305
5	735	522	674	1306
5	759	743	539	1307
5	1219	507	658	1308
5	863	685	849	1309
5	1069	983	1031	1310
5	1318	1171	1317	1311
5	719	586	681	1312
5	784	655	587	1313
5	656	632	509	1314
5	721	656	509	1315
5	657	653	490	1316
5	657	490	503	1317
5	658	507	439	1318
5	658	439	440	1319
5	691	438	659	1320
5	691	440	438	1321
5	1063	942	889	1322
5	909	891	678	1323
5	668	255	256	1324
5	868	515	726	1325
5	662	547	514	1326
5	1115	1079	873	1327
5	695	451	693	1328
5	1022	694	831	1329
5	664	555	464	1330
5	738	532	737	1331
5	696	538	468	1332
5	666	524	460	1333
5	728	538	696	1334
5	758	558	728	1335
5	667	617	457	1336
5	730	667	457	1337
5	853	517	660	1338
5	727	255	668	1339
5	673	514	467	1340
5	675	456	669	1341
5	1018	829	828	1342
5	672	470	670	1343
5	723	669	511	1344
5	1012	781	976	1345
5	1086	951	856	1346
5	1040	875	649	1347
5	680	568	675	1348
5	680	467	568	1349
5	735	531	522	1350
5	739	533	475	1351
5	680	673	467	1352
5	915	856	725	1353
5	779	576	778	1354
5	779	676	461	1355
5	677	674	530	1356
5	677	530	462	1357
5	678	670	454	1358
5	678	454	458	1359
5	896	666	883	1360
5	1134	943	1133	1361
5	856	751	725	1362
5	915	701	871	1363
5	719	502	586	1364
5	784	502	719	1365
5	814	618	813	1366
5	814	582	618	1367
5	841	588	641	1368
5	703	605	480	1369
5	993	807	806	1370
5	704	604	601	1371
5	867	659	506	1372
5	720	685	508	1373
5	1028	837	836	1374
5	838	486	639	1375
5	710	494	688	1376
5	711	687	529	1377
5	710	636	494	1378
5	999	903	705	1379
5	818	495	712	1380
5	819	622	621	1381
5	832	496	713	1382
5	1202	1024	1023	1383
5	720	508	507	1384
5	691	658	440	1385
5	692	671	645	1386
5	692	645	465	1387
5	695	663	452	1388
5	1267	1109	914	1389
5	823	580	781	1390
5	830	633	627	1391
5	1107	902	1054	1392
5	901	695	693	1393
5	728	558	538	1394
5	729	666	460	1395
5	697	664	464	1396
5	697	464	473	1397
5	724	512	698	1398
5	724	525	512	1399
5	755	554	754	1400
5	716	466	498	1401
5	747	545	544	1402
5	828	630	546	1403
5	725	644	536	1404
5	738	697	473	1405
5	1198	1020	1013	1406
5	864	693	722	1407
5	805	704	601	1408
5	806	604	704	1409
5	804	609	803	1410
5	1366	1224	1264	1411
5	809	603	797	1412
5	995	808	994	1413
5	706	681	492	1414
5	706	492	581	1415
5	707	683	488	1416
5	707	488	491	1417
5	709	484	489	1418
5	802	480	608	1419
5	995	797	808	1420
5	800	484	709	1421
5	991	805	804	1422
5	993	806	880	1423
5	865	812	684	1424
5	1002	812	865	1425
5	818	621	495	1426
5	820	622	819	1427
5	832	634	496	1428
5	833	635	634	1429
5	715	458	497	1430
5	714	497	471	1431
5	925	739	736	1432
5	921	735	674	1433
5	774	571	773	1434
5	775	716	498	1435
5	717	702	499	1436
5	717	499	625	1437
5	794	599	500	1438
5	795	600	599	1439
5	910	719	681	1440
5	1032	839	879	1441
5	1070	1032	879	1442
5	1068	857	863	1443
5	1021	831	830	1444
5	1026	884	690	1445
5	722	693	510	1446
5	722	510	632	1447
5	1253	1102	1225	1448
5	1258	1059	1082	1449
5	1221	1059	852	1450
5	1057	698	663	1451
5	954	737	769	1452
5	1060	913	859	1453
5	1222	1093	868	1454
5	1061	888	932	1455
5	727	726	340	1456
5	727	340	255	1457
5	893	670	891	1458
5	930	745	744	1459
5	922	735	921	1460
5	1289	1124	1064	1461
5	815	616	812	1462
5	1062	900	905	1463
5	731	700	472	1464
5	731	472	526	1465
5	788	591	527	1466
5	837	639	638	1467
5	734	462	528	1468
5	733	528	463	1469
5	941	757	756	1470
5	1015	826	1014	1471
5	855	752	665	1472
5	736	531	735	1473
5	938	753	937	1474
5	739	475	736	1475
5	767	551	751	1476
5	875	778	649	1477
5	958	872	648	1478
5	960	774	959	1479
5	929	742	928	1480
5	740	533	739	1481
5	1407	1228	1294	1482
5	1810	1652	1504	1483
5	742	468	537	1484
5	741	537	535	1485
5	855	665	854	1486
5	1014	826	825	1487
5	743	729	521	1488
5	743	521	539	1489
5	761	561	760	1490
5	745	542	744	1491
5	1019	651	829	1492
5	935	750	749	1493
5	1139	941	1076	1494
5	1120	854	927	1495
5	931	650	745	1496
5	748	545	747	1497
5	1014	825	869	1498
5	828	546	748	1499
5	750	526	549	1500
5	750	731	526	1501
5	920	885	677	1502
5	927	652	740	1503
5	767	566	551	1504
5	769	516	567	1505
5	753	535	553	1506
5	752	553	552	1507
5	929	916	696	1508
5	1213	1035	1212	1509
5	755	469	554	1510
5	755	699	469	1511
5	948	754	764	1512
5	939	755	754	1513
5	757	564	556	1514
5	766	557	565	1515
5	941	756	851	1516
5	765	564	757	1517
5	759	539	559	1518
5	758	559	558	1519
5	1120	1085	854	1520
5	922	736	735	1521
5	761	541	561	1522
5	760	561	560	1523
5	956	771	770	1524
5	935	749	872	1525
5	763	563	562	1526
5	764	540	563	1527
5	959	774	773	1528
5	764	563	763	1529
5	963	777	776	1530
5	961	775	960	1531
5	891	670	678	1532
5	766	565	765	1533
5	1035	843	842	1534
5	842	557	766	1535
5	915	725	701	1536
5	768	566	767	1537
5	948	939	754	1538
5	769	567	768	1539
5	947	763	946	1540
5	1040	649	846	1541
5	872	749	648	1542
5	771	569	770	1543
5	956	770	955	1544
5	772	570	771	1545
5	965	778	875	1546
5	957	772	771	1547
5	774	572	571	1548
5	775	572	774	1549
5	952	767	951	1550
5	859	671	692	1551
5	871	701	662	1552
5	923	738	737	1553
5	873	664	697	1554
5	777	573	776	1555
5	873	848	664	1556
5	780	574	777	1557
5	779	461	576	1558
5	933	747	700	1559
5	1127	935	1067	1560
5	934	748	747	1561
5	946	763	762	1562
5	845	577	780	1563
5	823	626	580	1564
5	824	627	626	1565
5	783	585	584	1566
5	786	590	589	1567
5	1029	838	837	1568
5	785	585	783	1569
5	986	709	904	1570
5	985	904	708	1571
5	967	782	858	1572
5	786	589	785	1573
5	970	783	967	1574
5	787	590	786	1575
5	900	835	710	1576
5	973	732	787	1577
5	1011	689	822	1578
5	836	591	788	1579
5	798	606	592	1580
5	799	504	606	1581
5	791	501	595	1582
5	790	595	594	1583
5	1008	820	819	1584
5	1020	830	824	1585
5	793	493	596	1586
5	792	596	597	1587
5	1027	836	788	1588
5	906	835	900	1589
5	981	795	980	1590
5	795	599	794	1591
5	1020	824	1013	1592
5	796	600	795	1593
5	975	791	790	1594
5	976	791	975	1595
5	809	613	603	1596
5	811	482	614	1597
5	1081	850	876	1598
5	799	606	798	1599
5	969	862	655	1600
5	1257	1081	1239	1601
5	898	803	703	1602
5	801	607	800	1603
5	904	709	708	1604
5	802	608	801	1605
5	878	707	862	1606
5	998	811	810	1607
5	804	610	609	1608
5	805	601	610	1609
5	880	806	704	1610
5	805	610	804	1611
5	989	898	703	1612
5	1078	857	1068	1613
5	807	612	611	1614
5	808	602	612	1615
5	1209	1029	1208	1616
5	808	612	807	1617
5	1182	1002	1073	1618
5	877	813	667	1619
5	1253	1056	1102	1620
5	810	613	809	1621
5	1004	817	816	1622
5	811	614	810	1623
5	903	865	684	1624
5	1159	972	971	1625
5	815	619	616	1626
5	817	523	620	1627
5	814	682	582	1628
5	971	786	785	1629
5	882	792	687	1630
5	1102	1056	901	1631
5	879	683	878	1632
5	816	619	815	1633
5	1002	815	812	1634
5	817	620	816	1635
5	907	882	687	1636
5	1006	818	712	1637
5	977	793	792	1638
5	819	621	818	1639
5	1025	834	833	1640
5	822	624	821	1641
5	1025	833	1024	1642
5	822	483	624	1643
5	1012	823	781	1644
5	975	790	884	1645
5	979	718	881	1646
5	981	796	795	1647
5	1013	823	1012	1648
5	979	794	718	1649
5	976	781	791	1650
5	830	627	824	1651
5	826	629	628	1652
5	827	463	629	1653
5	1019	829	1018	1654
5	827	629	826	1655
5	869	825	650	1656
5	894	760	672	1657
5	949	757	941	1658
5	829	630	828	1659
5	1037	908	714	1660
5	1145	955	1144	1661
5	1056	852	901	1662
5	911	721	702	1663
5	901	693	864	1664
5	902	717	860	1665
5	982	796	981	1666
5	833	634	832	1667
5	977	792	882	1668
5	834	635	833	1669
5	967	783	782	1670
5	1104	907	906	1671
5	835	711	637	1672
5	835	637	636	1673
5	978	712	793	1674
5	837	638	836	1675
5	1030	688	838	1676
5	838	639	837	1677
5	1003	815	1002	1678
5	878	683	707	1679
5	1367	1092	1265	1680
5	841	641	840	1681
5	984	798	983	1682
5	841	789	588	1683
5	1226	1090	1156	1684
5	876	706	654	1685
5	921	674	885	1686
5	843	642	842	1687
5	931	869	650	1688
5	844	643	843	1689
5	894	672	893	1690
5	909	715	908	1691
5	870	773	699	1692
5	846	646	845	1693
5	961	716	775	1694
5	959	773	870	1695
5	847	692	647	1696
5	914	647	724	1697
5	848	762	664	1698
5	1138	1131	939	1699
5	1044	691	659	1700
5	1686	1371	1519	1701
5	1154	910	1049	1702
5	857	653	657	1703
5	851	756	651	1704
5	1148	872	958	1705
5	1082	724	1058	1706
5	914	847	647	1707
5	1506	863	1042	1708
5	1083	726	727	1709
5	854	665	652	1710
5	927	854	652	1711
5	1101	891	909	1712
5	1260	1100	1228	1713
5	954	923	737	1714
5	1308	1152	1307	1715
5	876	850	706	1716
5	887	653	857	1717
5	858	782	686	1718
5	899	858	686	1719
5	1231	1045	1220	1720
5	1507	1408	1431	1721
5	860	717	694	1722
5	1336	1191	1335	1723
5	1369	1220	1271	1724
5	1598	1554	1440	1725
5	968	719	910	1726
5	1156	862	969	1727
5	863	857	657	1728
5	863	657	685	1729
5	1162	975	884	1730
5	1167	980	1166	1731
5	1005	918	730	1732
5	1278	1105	1104	1733
5	866	864	722	1734
5	866	722	656	1735
5	1406	1093	1222	1736
5	1264	1224	1078	1737
5	1527	1061	932	1738
5	1371	888	1227	1739
5	1016	919	733	1740
5	885	674	677	1741
5	940	755	939	1742
5	962	716	961	1743
5	1140	952	951	1744
5	1094	890	1041	1745
5	1217	875	1040	1746
5	955	770	676	1747
5	924	738	923	1748
5	924	697	738	1749
5	936	750	935	1750
5	933	700	874	1751
5	1150	960	1149	1752
5	958	648	772	1753
5	1171	985	1170	1754
5	1155	968	1154	1755
5	1077	905	1030	1756
5	899	686	682	1757
5	879	839	683	1758
5	1033	840	1032	1759
5	1078	887	857	1760
5	1171	904	985	1761
5	990	803	898	1762
5	996	797	995	1763
5	881	718	689	1764
5	1011	881	689	1765
5	1006	712	978	1766
5	1010	822	821	1767
5	1135	945	944	1768
5	917	883	729	1769
5	980	794	979	1770
5	1024	833	832	1771
5	920	734	919	1772
5	925	736	922	1773
5	1508	720	886	1774
5	886	720	507	1775
5	887	876	654	1776
5	887	654	653	1777
5	932	679	896	1778
5	932	746	679	1779
5	917	729	743	1780
5	942	758	889	1781
5	890	871	662	1782
5	890	662	673	1783
5	893	672	670	1784
5	945	930	744	1785
5	892	861	669	1786
5	892	669	723	1787
5	1113	921	885	1788
5	944	760	894	1789
5	1046	944	894	1790
5	1195	1111	919	1791
5	895	890	673	1792
5	895	673	680	1793
5	932	888	746	1794
5	896	679	666	1795
5	897	895	680	1796
5	897	680	675	1797
5	990	804	803	1798
5	992	704	805	1799
5	1071	1000	1001	1800
5	1206	1027	974	1801
5	906	711	835	1802
5	907	687	711	1803
5	1108	1055	912	1804
5	1221	852	1056	1805
5	912	656	721	1806
5	912	721	911	1807
5	994	807	993	1808
5	1180	996	1179	1809
5	986	800	709	1810
5	989	703	802	1811
5	905	900	710	1812
5	905	710	688	1813
5	1190	881	1011	1814
5	907	711	906	1815
5	1187	1009	1008	1816
5	1165	978	977	1817
5	909	678	715	1818
5	908	715	714	1819
5	1123	1066	931	1820
5	1119	927	926	1821
5	968	784	719	1822
5	969	655	784	1823
5	1335	1163	1313	1824
5	912	866	656	1825
5	1229	1087	1109	1826
5	1205	884	1026	1827
5	913	892	723	1828
5	913	723	671	1829
5	1091	864	866	1830
5	1060	1050	913	1831
5	1269	1140	1086	1832
5	1151	961	1150	1833
5	916	889	728	1834
5	916	728	696	1835
5	943	759	942	1836
5	1228	1100	1134	1837
5	918	877	667	1838
5	918	667	730	1839
5	920	677	734	1840
5	919	734	733	1841
5	1144	964	1095	1842
5	1217	1096	875	1843
5	1146	957	956	1844
5	926	740	739	1845
5	1238	1076	1197	1846
5	1195	919	1016	1847
5	924	873	697	1848
5	1321	1177	1176	1849
5	1153	966	963	1850
5	1290	1128	1247	1851
5	1283	1112	1111	1852
5	926	739	925	1853
5	1121	929	928	1854
5	927	740	926	1855
5	1129	937	1065	1856
5	1085	855	854	1857
5	929	696	742	1858
5	928	742	741	1859
5	1063	889	1043	1860
5	1133	942	1063	1861
5	945	761	944	1862
5	931	745	930	1863
5	1123	930	945	1864
5	1065	937	855	1865
5	1286	1117	1284	1866
5	1604	1461	1460	1867
5	1283	1113	1112	1868
5	934	747	933	1869
5	1194	1016	1015	1870
5	1017	748	934	1871
5	936	731	750	1872
5	936	874	731	1873
5	1125	933	874	1874
5	1139	949	941	1875
5	938	741	753	1876
5	937	753	752	1877
5	1130	1121	928	1878
5	1227	888	1061	1879
5	940	699	755	1880
5	940	870	699	1881
5	1131	940	939	1882
5	1052	959	870	1883
5	949	765	757	1884
5	1034	842	766	1885
5	943	743	759	1886
5	942	759	758	1887
5	1368	1227	1061	1888
5	1124	932	896	1889
5	945	744	761	1890
5	944	761	760	1891
5	1117	925	922	1892
5	1123	945	1135	1893
5	947	764	763	1894
5	948	764	947	1895
5	1297	1136	1244	1896
5	1106	908	1037	1897
5	1095	964	965	1898
5	1304	1144	1240	1899
5	1149	960	959	1900
5	950	765	949	1901
5	1320	1176	1175	1902
5	1034	766	950	1903
5	952	768	767	1904
5	953	768	952	1905
5	1089	892	1050	1906
5	1282	1094	1236	1907
5	1430	1280	1373	1908
5	954	769	953	1909
5	1137	947	1136	1910
5	1151	962	961	1911
5	1146	956	1145	1912
5	1212	950	1139	1913
5	1152	962	1151	1914
5	957	771	956	1915
5	1197	1017	1196	1916
5	958	772	957	1917
5	1340	1126	1290	1918
5	1196	1017	934	1919
5	960	775	774	1920
5	962	776	716	1921
5	1110	1051	915	1922
5	963	776	962	1923
5	1094	871	890	1924
5	966	780	777	1925
5	1140	951	1086	1926
5	1425	1282	1370	1927
5	1079	1047	848	1928
5	966	777	963	1929
5	964	955	676	1930
5	964	676	779	1931
5	965	964	779	1932
5	965	779	778	1933
5	1298	1293	1131	1934
5	1038	780	966	1935
5	970	785	783	1936
5	972	787	786	1937
5	1169	983	1069	1938
5	969	784	968	1939
5	1173	987	986	1940
5	1090	878	862	1941
5	1182	1003	1002	1942
5	971	785	970	1943
5	1183	918	1005	1944
5	972	786	971	1945
5	1259	1087	1229	1946
5	973	787	972	1947
5	1179	995	994	1948
5	974	732	973	1949
5	1074	880	1178	1950
5	1027	788	974	1951
5	1185	1007	1006	1952
5	1013	824	823	1953
5	1347	1201	1346	1954
5	1343	1199	1198	1955
5	1172	986	904	1956
5	1007	818	1006	1957
5	1160	973	972	1958
5	1008	819	1007	1959
5	980	795	794	1960
5	982	713	796	1961
5	1168	981	1167	1962
5	1023	832	713	1963
5	1191	1012	976	1964
5	1205	1162	884	1965
5	1332	1188	1331	1966
5	1023	713	982	1967
5	984	799	798	1968
5	985	708	799	1969
5	1310	1226	1156	1970
5	985	799	984	1971
5	1318	1173	1172	1972
5	1176	989	1175	1973
5	1169	984	983	1974
5	987	800	986	1975
5	1178	991	1177	1976
5	988	801	987	1977
5	1177	991	990	1978
5	989	802	988	1979
5	1174	988	987	1980
5	1310	1156	1155	1981
5	1181	1073	903	1982
5	991	804	990	1983
5	1175	989	988	1984
5	992	805	991	1985
5	1170	984	1169	1986
5	1157	970	967	1987
5	994	808	807	1988
5	999	705	811	1989
5	1172	904	1171	1990
5	997	810	809	1991
5	1161	974	973	1992
5	1207	1028	1027	1993
5	1075	967	858	1994
5	997	809	996	1995
5	1101	1046	893	1996
5	998	810	997	1997
5	1584	1430	1509	1998
5	999	811	998	1999
5	1073	865	903	2000
5	1183	1098	918	2001
5	1000	899	682	2002
5	1000	682	814	2003
5	1001	1000	814	2004
5	1001	814	813	2005
5	1003	816	815	2006
5	1005	730	817	2007
5	1181	903	999	2008
5	1004	816	1003	2009
5	1178	880	992	2010
5	1005	817	1004	2011
5	1073	1002	865	2012
5	1183	1004	1182	2013
5	1189	1011	1010	2014
5	1009	821	820	2015
5	1104	906	1103	2016
5	1334	1250	1053	2017
5	1166	980	979	2018
5	1009	820	1008	2019
5	1203	1025	1024	2020
5	1010	821	1009	2021
5	1191	976	1163	2022
5	1011	822	1010	2023
5	1166	979	1053	2024
5	1168	982	981	2025
5	1192	1013	1012	2026
5	1021	830	1020	2027
5	1201	982	1168	2028
5	1022	831	1021	2029
5	1015	827	826	2030
5	1016	733	827	2031
5	1046	894	893	2032
5	1016	827	1015	2033
5	1212	1034	950	2034
5	1128	936	1127	2035
5	1135	944	1046	2036
5	1018	828	1017	2037
5	1106	1101	909	2038
5	1019	851	651	2039
5	1076	941	851	2040
5	1212	1035	1034	2041
5	1415	1056	1253	2042
5	1163	975	1162	2043
5	1349	1203	1348	2044
5	1022	860	694	2045
5	1091	866	1055	2046
5	1055	866	912	2047
5	1192	1012	1191	2048
5	1024	832	1023	2049
5	1164	977	882	2050
5	1026	690	834	2051
5	1184	1006	978	2052
5	1103	900	1062	2053
5	1179	996	995	2054
5	1105	882	907	2055
5	1072	899	1000	2056
5	1028	836	1027	2057
5	1180	998	997	2058
5	1029	837	1028	2059
5	1105	907	1104	2060
5	1030	838	1029	2061
5	1103	906	900	2062
5	1188	1010	1009	2063
5	1031	983	789	2064
5	1031	789	841	2065
5	1033	841	840	2066
5	1033	1031	841	2067
5	1355	1211	1210	2068
5	1517	1470	1397	2069
5	1076	851	1019	2070
5	1035	842	1034	2071
5	1118	926	925	2072
5	1036	843	1035	2073
5	1066	869	931	2074
5	1037	844	1036	2075
5	1085	1065	855	2076
5	1122	929	1121	2077
5	1136	947	946	2078
5	1039	845	1038	2079
5	1214	1038	966	2080
5	1040	846	1039	2081
5	1149	959	1052	2082
5	1216	1040	1039	2083
5	1050	892	913	2084
5	1422	1270	1246	2085
5	1042	863	849	2086
5	1044	659	867	2087
5	1436	1289	1260	2088
5	1122	916	929	2089
5	1256	691	1044	2090
5	1080	658	691	2091
5	1045	1041	895	2092
5	1045	895	897	2093
5	1101	893	891	2094
5	1106	1037	1213	2095
5	1047	946	848	2096
5	1273	1051	1110	2097
5	1048	1045	897	2098
5	1048	897	861	2099
5	1049	910	850	2100
5	1326	1073	1181	2101
5	1089	861	892	2102
5	1089	1048	861	2103
5	1143	923	954	2104
5	1079	848	873	2105
5	1132	940	1131	2106
5	1290	1126	1125	2107
5	1053	979	881	2108
5	1190	1053	881	2109
5	1054	902	860	2110
5	1200	1088	1022	2111
5	1108	911	1107	2112
5	1270	1050	1246	2113
5	1102	864	1091	2114
5	1102	901	864	2115
5	1058	698	1057	2116
5	1058	724	698	2117
5	1082	914	724	2118
5	1258	1057	1059	2119
5	1059	1057	663	2120
5	1059	663	852	2121
5	1246	1050	1060	2122
5	1345	1200	1344	2123
5	1356	1243	1212	2124
5	1124	896	1064	2125
5	1405	1310	1376	2126
5	1077	1062	905	2127
5	1064	896	883	2128
5	1294	1133	1223	2129
5	1443	1295	1377	2130
5	1134	917	943	2131
5	1193	1015	1014	2132
5	1338	1195	1194	2133
5	1111	920	919	2134
5	1066	1014	869	2135
5	1067	935	872	2136
5	1148	1067	872	2137
5	1097	887	1078	2138
5	1081	1049	850	2139
5	1210	1032	1070	2140
5	1211	1031	1033	2141
5	1210	1033	1032	2142
5	1211	1069	1031	2143
5	1249	1079	1248	2144
5	1157	967	1075	2145
5	1312	1160	1311	2146
5	1072	1000	1071	2147
5	1071	1001	877	2148
5	1182	1004	1003	2149
5	1181	998	1180	2150
5	1074	994	993	2151
5	1072	1075	858	2152
5	1378	1232	1353	2153
5	1139	950	949	2154
5	1127	936	935	2155
5	1158	970	1157	2156
5	1208	1029	1028	2157
5	1323	1074	1322	2158
5	1239	1097	1224	2159
5	1141	952	1140	2160
5	1231	1041	1045	2161
5	1550	1367	1265	2162
5	1754	1607	1753	2163
5	1126	933	1125	2164
5	1197	1018	1017	2165
5	1267	914	1082	2166
5	1281	1235	1055	2167
5	1289	1064	1260	2168
5	1233	867	1092	2169
5	1268	727	1084	2170
5	1084	727	668	2171
5	1112	920	1111	2172
5	1563	1452	1533	2173
5	1411	1259	1375	2174
5	1115	873	924	2175
5	1087	1060	859	2176
5	1087	859	847	2177
5	1088	1054	860	2178
5	1088	860	1022	2179
5	1449	1304	1448	2180
5	1303	1116	1143	2181
5	1099	879	878	2182
5	1099	1070	879	2183
5	1277	1103	1062	2184
5	1072	858	899	2185
5	1233	1044	867	2186
5	1222	868	1083	2187
5	1093	1092	661	2188
5	1093	661	868	2189
5	1110	915	871	2190
5	1270	1089	1050	2191
5	1144	955	964	2192
5	1145	956	955	2193
5	1096	1095	965	2194
5	1096	965	875	2195
5	1097	1081	876	2196
5	1097	876	887	2197
5	1098	1071	877	2198
5	1098	877	918	2199
5	1354	1070	1275	2200
5	1318	1172	1171	2201
5	1100	1064	883	2202
5	1100	883	917	2203
5	1262	1075	1072	2204
5	1382	1351	1350	2205
5	1179	994	1074	2206
5	1074	993	880	2207
5	1352	1207	1206	2208
5	1164	882	1105	2209
5	1322	1178	1316	2210
5	1165	977	1164	2211
5	1276	1071	1272	2212
5	1184	978	1165	2213
5	1106	909	908	2214
5	1357	1213	1243	2215
5	1108	912	911	2216
5	1107	911	902	2217
5	1721	1375	1577	2218
5	1383	1234	1254	2219
5	1109	1087	847	2220
5	1109	847	914	2221
5	1384	1220	1369	2222
5	1269	1086	1230	2223
5	1112	885	920	2224
5	1114	922	921	2225
5	1284	1117	1114	2226
5	1113	885	1112	2227
5	1338	1194	1193	2228
5	1114	921	1113	2229
5	1339	1283	1111	2230
5	1117	922	1114	2231
5	1385	1247	1306	2232
5	1141	953	952	2233
5	1116	1115	924	2234
5	1116	924	923	2235
5	1242	1065	1085	2236
5	1118	925	1117	2237
5	1389	1223	1237	2238
5	1119	926	1118	2239
5	1292	1130	1291	2240
5	1120	927	1119	2241
5	1439	1416	1288	2242
5	1255	1043	1122	2243
5	1130	938	1129	2244
5	1122	1043	916	2245
5	1433	1380	1286	2246
5	1589	1438	1510	2247
5	1123	931	930	2248
5	1193	1014	1066	2249
5	1286	1118	1117	2250
5	1287	1119	1286	2251
5	1126	934	933	2252
5	1197	1076	1019	2253
5	1295	1123	1135	2254
5	1196	934	1126	2255
5	1128	874	936	2256
5	1128	1125	874	2257
5	1452	1357	1387	2258
5	1450	1293	1446	2259
5	1130	928	938	2260
5	1129	938	937	2261
5	1337	1066	1296	2262
5	1435	1386	1241	2263
5	1132	870	940	2264
5	1132	1052	870	2265
5	1360	1216	1359	2266
5	1240	1144	1095	2267
5	1134	1100	917	2268
5	1133	943	942	2269
5	1511	1222	1420	2270
5	1953	1664	1706	2271
5	1285	1248	1115	2272
5	1245	1052	1293	2273
5	1137	948	947	2274
5	1138	939	948	2275
5	1293	1132	1131	2276
5	1138	948	1137	2277
5	1307	1152	1151	2278
5	1298	1131	1138	2279
5	1299	1076	1238	2280
5	1213	1037	1036	2281
5	1143	954	1142	2282
5	1142	953	1141	2283
5	1300	1141	1140	2284
5	1143	1116	923	2285
5	1557	1381	1552	2286
5	1297	1138	1137	2287
5	1365	1302	1301	2288
5	1586	1525	1380	2289
5	1240	1095	1096	2290
5	1147	958	957	2291
5	1308	1214	1153	2292
5	1245	1150	1149	2293
5	1304	1145	1144	2294
5	1147	957	1146	2295
5	1359	1214	1308	2296
5	1148	958	1147	2297
5	1360	1240	1096	2298
5	1411	1246	1259	2299
5	1150	961	960	2300
5	1152	963	962	2301
5	1305	1146	1304	2302
5	1153	963	1152	2303
5	1305	1148	1147	2304
5	1214	966	1153	2305
5	1359	1216	1215	2306
5	1215	1039	1038	2307
5	1306	1067	1148	2308
5	1307	1151	1150	2309
5	1155	969	968	2310
5	1156	1090	862	2311
5	1515	1080	1256	2312
5	1156	969	1155	2313
5	1899	1755	1754	2314
5	1274	1090	1226	2315
5	1158	971	970	2316
5	1209	1030	1029	2317
5	1232	1062	1077	2318
5	1159	971	1158	2319
5	1259	1060	1087	2320
5	1160	972	1159	2321
5	1329	1272	1098	2322
5	1161	973	1160	2323
5	1348	1203	1202	2324
5	1206	974	1161	2325
5	1163	976	975	2326
5	1199	1021	1020	2327
5	1333	1190	1189	2328
5	1200	1021	1199	2329
5	1277	1104	1103	2330
5	1185	1006	1184	2331
5	1346	1168	1315	2332
5	1186	1008	1007	2333
5	1167	981	980	2334
5	1201	1023	982	2335
5	1315	1168	1167	2336
5	1202	1023	1201	2337
5	1336	1192	1191	2338
5	1203	1024	1202	2339
5	1170	985	984	2340
5	1274	1099	1090	2341
5	1746	1600	1570	2342
5	1173	986	1172	2343
5	1462	1459	1321	2344
5	1174	987	1173	2345
5	1641	1426	1583	2346
5	1175	988	1174	2347
5	1239	1081	1097	2348
5	1176	990	898	2349
5	1355	1210	1354	2350
5	1176	898	989	2351
5	1252	1069	1211	2352
5	1317	1169	1252	2353
5	1317	1171	1170	2354
5	1177	990	1176	2355
5	1252	1169	1069	2356
5	1178	992	991	2357
5	1464	1322	1463	2358
5	1180	997	996	2359
5	1311	1159	1158	2360
5	1181	999	998	2361
5	1272	1071	1098	2362
5	1329	1098	1183	2363
5	1325	1181	1180	2364
5	1316	1178	1177	2365
5	1317	1170	1169	2366
5	1183	1005	1004	2367
5	1276	1072	1071	2368
5	1328	1183	1182	2369
5	1343	1198	1342	2370
5	1259	1246	1060	2371
5	1351	1313	1162	2372
5	1186	1007	1185	2373
5	1331	1186	1330	2374
5	1187	1008	1186	2375
5	1330	1185	1184	2376
5	1188	1009	1187	2377
5	1277	1062	1232	2378
5	1189	1010	1188	2379
5	1620	1456	1475	2380
5	1190	1011	1189	2381
5	1342	1192	1336	2382
5	1330	1186	1185	2383
5	1351	1162	1205	2384
5	1374	1253	1225	2385
5	1280	1107	1234	2386
5	1198	1013	1192	2387
5	1284	1114	1113	2388
5	1194	1015	1193	2389
5	1291	1129	1241	2390
5	1195	1016	1194	2391
5	1241	1129	1065	2392
5	1287	1120	1119	2393
5	1284	1113	1283	2394
5	1197	1019	1018	2395
5	1295	1135	1261	2396
5	1358	1106	1357	2397
5	1234	1107	1054	2398
5	1200	1022	1021	2399
5	1345	1254	1088	2400
5	1344	1199	1343	2401
5	1342	1198	1192	2402
5	1313	1163	1162	2403
5	1335	1191	1163	2404
5	1204	1026	1025	2405
5	1349	1204	1203	2406
5	1350	1205	1204	2407
5	1492	1312	1311	2408
5	1204	1025	1203	2409
5	1263	1157	1075	2410
5	1205	1026	1204	2411
5	1278	1164	1105	2412
5	1346	1201	1168	2413
5	1323	1179	1074	2414
5	1207	1027	1206	2415
5	1314	1184	1165	2416
5	1208	1028	1207	2417
5	1263	1158	1157	2418
5	1209	1077	1030	2419
5	1353	1209	1208	2420
5	1232	1077	1209	2421
5	1319	1175	1174	2422
5	1211	1033	1210	2423
5	1321	1316	1177	2424
5	1324	1179	1323	2425
5	1478	1296	1443	2426
5	1213	1036	1035	2427
5	1370	1282	1236	2428
5	1243	1213	1212	2429
5	1654	1531	1581	2430
5	1215	1038	1214	2431
5	1285	1115	1116	2432
5	1216	1039	1215	2433
5	1384	1231	1220	2434
5	1217	1040	1216	2435
5	1306	1247	1067	2436
5	1247	1127	1067	2437
5	1218	1084	668	2438
5	1218	668	517	2439
5	1521	1233	1367	2440
5	1219	886	507	2441
5	1271	1048	1089	2442
5	1271	1089	1270	2443
5	1403	1082	1059	2444
5	1403	1267	1082	2445
5	1264	1078	1068	2446
5	1260	1064	1100	2447
5	1223	1133	1063	2448
5	1514	1404	1416	2449
5	1224	1097	1078	2450
5	1562	1428	1538	2451
5	1225	1102	1091	2452
5	1235	1225	1091	2453
5	1495	1275	1426	2454
5	1309	1155	1154	2455
5	1420	1083	1268	2456
5	1519	1227	1518	2457
5	1436	1260	1417	2458
5	1439	1292	1438	2459
5	1423	1369	1271	2460
5	1423	1270	1422	2461
5	1236	1041	1231	2462
5	1558	1391	1557	2463
5	1236	1094	1041	2464
5	1273	1230	1051	2465
5	1319	1173	1318	2466
5	1278	1104	1277	2467
5	1684	1662	1401	2468
5	1265	1092	1093	2469
5	1235	1091	1055	2470
5	1476	1313	1382	2471
5	1281	1108	1280	2472
5	1628	1482	1627	2473
5	1365	1303	1302	2474
5	1647	1499	1646	2475
5	1237	1223	1063	2476
5	1237	1063	1043	2477
5	1340	1196	1126	2478
5	1290	1125	1128	2479
5	1251	1154	1049	2480
5	1309	1154	1251	2481
5	1399	1279	1358	2482
5	1247	1128	1127	2483
5	1292	1288	1121	2484
5	1255	1237	1043	2485
5	1242	1120	1287	2486
5	1242	1241	1065	2487
5	1356	1139	1299	2488
5	1261	1135	1046	2489
5	1244	1136	1047	2490
5	1248	1079	1115	2491
5	1293	1052	1132	2492
5	1307	1150	1245	2493
5	1375	1259	1229	2494
5	1391	1230	1381	2495
5	1304	1146	1145	2496
5	1305	1147	1146	2497
5	1249	1047	1079	2498
5	1249	1244	1047	2499
5	1447	1301	1300	2500
5	1568	1412	1564	2501
5	1315	1167	1250	2502
5	1250	1167	1166	2503
5	1559	1402	1080	2504
5	1426	1274	1396	2505
5	1275	1099	1274	2506
5	1319	1174	1173	2507
5	1419	1109	1267	2508
5	1419	1229	1109	2509
5	1254	1234	1054	2510
5	1254	1054	1088	2511
5	1573	1407	1565	2512
5	1438	1291	1386	2513
5	1379	1042	1266	2514
5	1256	1080	691	2515
5	1257	1251	1049	2516
5	1257	1049	1081	2517
5	1258	1082	1058	2518
5	1258	1058	1057	2519
5	1347	1202	1201	2520
5	1330	1184	1314	2521
5	1518	1227	1368	2522
5	1390	1294	1223	2523
5	1622	1443	1526	2524
5	1358	1101	1106	2525
5	1496	1457	1252	2526
5	1263	1075	1262	2527
5	1312	1206	1161	2528
5	1311	1158	1263	2529
5	1527	1368	1061	2530
5	1687	1512	1513	2531
5	1367	1233	1092	2532
5	1266	1042	849	2533
5	1460	1319	1318	2534
5	1664	1518	1368	2535
5	1415	1221	1056	2536
5	1548	1374	1408	2537
5	1530	1268	1084	2538
5	1268	1083	727	2539
5	1391	1269	1230	2540
5	1300	1140	1269	2541
5	1663	1415	1571	2542
5	1271	1220	1048	2543
5	1447	1300	1392	2544
5	1392	1300	1269	2545
5	1276	1262	1072	2546
5	1640	1494	1493	2547
5	1413	1249	1412	2548
5	1381	1230	1273	2549
5	1275	1070	1099	2550
5	1354	1210	1070	2551
5	1460	1318	1458	2552
5	1355	1252	1211	2553
5	1469	1429	1328	2554
5	1464	1323	1322	2555
5	1428	1232	1378	2556
5	1332	1189	1188	2557
5	1250	1166	1053	2558
5	1455	1311	1263	2559
5	1279	1261	1046	2560
5	1279	1046	1101	2561
5	1281	1055	1108	2562
5	1280	1108	1107	2563
5	1431	1281	1430	2564
5	1572	1419	1267	2565
5	1282	1273	1110	2566
5	1282	1110	1094	2567
5	1296	1123	1295	2568
5	1296	1066	1123	2569
5	1301	1141	1300	2570
5	1242	1085	1120	2571
5	1647	1500	1499	2572
5	1286	1119	1118	2573
5	1444	1297	1244	2574
5	1387	1357	1243	2575
5	1443	1296	1295	2576
5	1380	1287	1286	2577
5	1288	1255	1122	2578
5	1288	1122	1121	2579
5	1723	1688	1417	2580
5	1512	1289	1436	2581
5	1437	1247	1385	2582
5	1341	1197	1196	2583
5	1292	1121	1130	2584
5	1291	1130	1129	2585
5	1390	1223	1389	2586
5	1386	1291	1241	2587
5	1297	1137	1136	2588
5	1625	1437	1534	2589
5	1294	1228	1134	2590
5	1294	1134	1133	2591
5	1437	1290	1247	2592
5	1337	1193	1066	2593
5	1441	1338	1337	2594
5	1338	1193	1337	2595
5	1400	1248	1285	2596
5	1298	1138	1297	2597
5	1450	1245	1293	2598
5	1412	1248	1400	2599
5	1356	1212	1139	2600
5	1299	1139	1076	2601
5	1301	1142	1141	2602
5	1302	1143	1142	2603
5	1392	1269	1391	2604
5	1302	1142	1301	2605
5	1303	1285	1116	2606
5	1303	1143	1302	2607
5	1359	1215	1214	2608
5	1245	1149	1052	2609
5	1502	1448	1240	2610
5	1388	1299	1238	2611
5	1480	1290	1437	2612
5	1306	1148	1305	2613
5	1421	1303	1365	2614
5	1448	1304	1240	2615
5	1444	1244	1413	2616
5	1360	1096	1217	2617
5	1479	1432	1283	2618
5	1308	1153	1152	2619
5	1458	1318	1317	2620
5	1310	1155	1309	2621
5	1311	1160	1159	2622
5	1353	1208	1352	2623
5	1602	1455	1454	2624
5	1493	1352	1312	2625
5	1352	1206	1312	2626
5	1312	1161	1160	2627
5	1314	1164	1278	2628
5	1331	1188	1187	2629
5	1314	1165	1164	2630
5	1331	1187	1186	2631
5	1485	1345	1344	2632
5	1348	1202	1347	2633
5	1322	1074	1178	2634
5	1324	1180	1179	2635
5	1395	1224	1366	2636
5	1396	1274	1226	2637
5	2029	1881	2028	2638
5	1321	1176	1320	2639
5	1466	1325	1324	2640
5	1320	1175	1319	2641
5	1463	1322	1316	2642
5	1426	1275	1274	2643
5	1495	1355	1354	2644
5	1463	1316	1459	2645
5	1454	1263	1262	2646
5	1325	1180	1324	2647
5	1454	1262	1424	2648
5	1326	1181	1325	2649
5	1427	1272	1398	2650
5	1327	1182	1073	2651
5	1398	1272	1329	2652
5	1468	1327	1326	2653
5	1467	1326	1325	2654
5	1327	1073	1326	2655
5	1459	1316	1321	2656
5	1328	1182	1327	2657
5	1603	1457	1536	2658
5	1329	1183	1328	2659
5	1489	1347	1488	2660
5	1618	1471	1615	2661
5	1488	1347	1346	2662
5	1333	1189	1332	2663
5	1468	1326	1467	2664
5	1334	1053	1190	2665
5	1458	1317	1457	2666
5	1467	1325	1466	2667
5	1397	1278	1277	2668
5	1334	1190	1333	2669
5	1627	1477	1621	2670
5	1476	1335	1313	2671
5	1617	1475	1474	2672
5	1490	1349	1348	2673
5	1487	1315	1456	2674
5	1345	1088	1200	2675
5	1407	1294	1390	2676
5	1434	1287	1380	2677
5	1339	1195	1338	2678
5	1339	1111	1195	2679
5	1442	1338	1441	2680
5	1478	1441	1337	2681
5	1341	1238	1197	2682
5	1341	1196	1340	2683
5	1418	1261	1279	2684
5	1791	1645	1790	2685
5	1488	1346	1487	2686
5	1344	1200	1199	2687
5	1456	1315	1250	2688
5	1541	1383	1522	2689
5	1487	1346	1315	2690
5	1483	1343	1342	2691
5	1383	1373	1234	2692
5	1572	1267	1403	2693
5	1473	1332	1331	2694
5	1470	1278	1397	2695
5	1475	1456	1250	2696
5	1350	1204	1349	2697
5	1489	1348	1347	2698
5	1351	1205	1350	2699
5	1657	1549	1640	2700
5	1491	1382	1350	2701
5	1382	1313	1351	2702
5	1482	1336	1477	2703
5	1470	1314	1278	2704
5	1352	1208	1207	2705
5	1472	1330	1471	2706
5	1353	1232	1209	2707
5	1474	1333	1332	2708
5	1474	1334	1333	2709
5	1414	1251	1257	2710
5	1560	1516	1376	2711
5	1414	1257	1394	2712
5	1756	1609	1755	2713
5	1498	1387	1243	2714
5	1575	1377	1418	2715
5	1358	1279	1101	2716
5	1357	1106	1213	2717
5	1440	1385	1306	2718
5	1440	1306	1305	2719
5	1449	1440	1305	2720
5	1360	1217	1216	2721
5	1449	1305	1304	2722
5	1412	1249	1248	2723
5	1393	1256	1044	2724
5	1393	1044	1233	2725
5	1652	853	1504	2726
5	1420	1222	1083	2727
5	1363	1362	1218	2728
5	1363	1218	853	2729
5	1364	1266	849	2730
5	1544	849	685	2731
5	1413	1244	1249	2732
5	1446	1298	1445	2733
5	1545	1264	1361	2734
5	1406	1265	1093	2735
5	1658	1591	1592	2736
5	1544	720	1508	2737
5	1512	1372	1289	2738
5	1417	1260	1228	2739
5	1423	1271	1270	2740
5	1422	1246	1411	2741
5	1409	1231	1384	2742
5	1409	1236	1231	2743
5	1504	853	660	2744
5	1505	746	888	2745
5	1578	1084	1362	2746
5	1372	1124	1289	2747
5	1373	1280	1234	2748
5	1484	1344	1343	2749
5	1581	1423	1580	2750
5	1431	1408	1235	2751
5	1630	1485	1484	2752
5	1630	1484	1629	2753
5	1376	1310	1309	2754
5	1453	1309	1251	2755
5	1377	1295	1261	2756
5	1418	1377	1261	2757
5	1636	1491	1490	2758
5	1494	1352	1493	2759
5	1511	1406	1222	2760
5	1555	1404	1514	2761
5	1433	1284	1432	2762
5	1710	1555	1709	2763
5	1552	1425	1520	2764
5	1872	1727	1845	2765
5	1627	1482	1477	2766
5	1483	1342	1482	2767
5	1477	1335	1476	2768
5	1482	1342	1336	2769
5	1409	1370	1236	2770
5	1552	1381	1425	2771
5	1540	1410	1481	2772
5	1645	1387	1498	2773
5	1435	1242	1434	2774
5	1573	1417	1407	2775
5	1497	1299	1388	2776
5	1788	1543	1703	2777
5	1497	1356	1299	2778
5	1498	1243	1356	2779
5	1587	1434	1525	2780
5	1722	1573	1565	2781
5	1586	1433	1585	2782
5	1417	1228	1407	2783
5	1595	1392	1558	2784
5	1447	1365	1301	2785
5	1843	1670	1842	2786
5	1568	1413	1412	2787
5	1503	1401	1402	2788
5	1852	1707	1528	2789
5	1561	1405	1516	2790
5	1453	1251	1414	2791
5	1395	1394	1239	2792
5	1395	1239	1224	2793
5	1876	1731	1676	2794
5	1457	1317	1252	2795
5	1635	1490	1489	2796
5	1634	1488	1633	2797
5	1424	1262	1276	2798
5	1494	1353	1352	2799
5	1624	1432	1479	2800
5	1418	1279	1399	2801
5	1564	1400	1421	2802
5	1446	1293	1298	2803
5	1844	1689	1559	2804
5	1401	886	1219	2805
5	1402	1401	1219	2806
5	1402	1219	1080	2807
5	1403	1059	1221	2808
5	1801	1667	1548	2809
5	1404	1389	1237	2810
5	1404	1237	1255	2811
5	1405	1396	1226	2812
5	1405	1226	1310	2813
5	1706	1368	1527	2814
5	1665	1363	1652	2815
5	1525	1434	1380	2816
5	1590	1514	1416	2817
5	1408	1374	1225	2818
5	1408	1225	1235	2819
5	1593	1445	1444	2820
5	1596	1365	1447	2821
5	1410	1388	1238	2822
5	1410	1238	1341	2823
5	1571	1415	1253	2824
5	1553	1520	1370	2825
5	1595	1447	1392	2826
5	1569	1444	1413	2827
5	1792	1646	1599	2828
5	1534	1437	1385	2829
5	1608	1463	1607	2830
5	1453	1376	1309	2831
5	1571	1253	1374	2832
5	1576	1221	1415	2833
5	1416	1404	1255	2834
5	1416	1255	1288	2835
5	1556	1389	1555	2836
5	1521	1393	1233	2837
5	1586	1380	1433	2838
5	1767	1591	1658	2839
5	1802	1663	1571	2840
5	1702	1509	1541	2841
5	1668	1578	1362	2842
5	1669	1528	1364	2843
5	1421	1400	1285	2844
5	1421	1285	1303	2845
5	1531	1384	1369	2846
5	1581	1369	1423	2847
5	1579	1422	1411	2848
5	1670	1566	1531	2849
5	1582	1427	1532	2850
5	1538	1428	1378	2851
5	1425	1381	1273	2852
5	1425	1273	1282	2853
5	1536	1457	1496	2854
5	1642	1536	1496	2855
5	1427	1424	1276	2856
5	1427	1276	1272	2857
5	1428	1397	1277	2858
5	1428	1277	1232	2859
5	1429	1398	1329	2860
5	1429	1329	1328	2861
5	1431	1235	1281	2862
5	1430	1281	1280	2863
5	1580	1422	1579	2864
5	1548	1408	1507	2865
5	1433	1286	1284	2866
5	1432	1284	1283	2867
5	1768	1623	1767	2868
5	1770	1625	1672	2869
5	1435	1241	1242	2870
5	1434	1242	1287	2871
5	1555	1389	1404	2872
5	1565	1407	1390	2873
5	1542	1394	1395	2874
5	1565	1390	1556	2875
5	1480	1340	1290	2876
5	1481	1341	1340	2877
5	1439	1288	1292	2878
5	1438	1292	1291	2879
5	1803	1709	1739	2880
5	1738	1589	1673	2881
5	1445	1297	1444	2882
5	1500	1359	1308	2883
5	1442	1339	1338	2884
5	1479	1283	1339	2885
5	1591	1442	1441	2886
5	1479	1339	1442	2887
5	1478	1337	1296	2888
5	1598	1449	1597	2889
5	1445	1298	1297	2890
5	1501	1360	1359	2891
5	1646	1451	1599	2892
5	1499	1307	1451	2893
5	1599	1451	1450	2894
5	1500	1308	1499	2895
5	1580	1423	1422	2896
5	1577	1229	1419	2897
5	1451	1245	1450	2898
5	1499	1308	1307	2899
5	1794	1647	1793	2900
5	1804	1716	1791	2901
5	1451	1307	1245	2902
5	1501	1359	1500	2903
5	1599	1450	1523	2904
5	1543	1410	1540	2905
5	1452	1399	1358	2906
5	1452	1358	1357	2907
5	1676	1516	1656	2908
5	1608	1464	1463	2909
5	1562	1517	1397	2910
5	1455	1263	1454	2911
5	1607	1463	1459	2912
5	1492	1311	1455	2913
5	1471	1314	1470	2914
5	1471	1330	1314	2915
5	1495	1354	1275	2916
5	1496	1252	1355	2917
5	1561	1396	1405	2918
5	1604	1460	1537	2919
5	1461	1319	1460	2920
5	1465	1324	1323	2921
5	1461	1320	1319	2922
5	1462	1321	1320	2923
5	1609	1465	1464	2924
5	1462	1320	1461	2925
5	1607	1459	1606	2926
5	1676	1561	1516	2927
5	1611	1467	1466	2928
5	1613	1469	1468	2929
5	1612	1467	1611	2930
5	1465	1323	1464	2931
5	1610	1466	1465	2932
5	1466	1324	1465	2933
5	1606	1462	1605	2934
5	1469	1327	1468	2935
5	1605	1461	1604	2936
5	1469	1328	1327	2937
5	1537	1460	1458	2938
5	1750	1537	1699	2939
5	1640	1493	1639	2940
5	1757	1611	1610	2941
5	1473	1331	1472	2942
5	1472	1331	1330	2943
5	1615	1470	1517	2944
5	1617	1474	1616	2945
5	1636	1490	1635	2946
5	1474	1332	1473	2947
5	1762	1617	1616	2948
5	1582	1424	1427	2949
5	1475	1334	1474	2950
5	1475	1250	1334	2951
5	1606	1459	1462	2952
5	1605	1462	1461	2953
5	1477	1336	1335	2954
5	1486	1345	1485	2955
5	1751	1605	1604	2956
5	1621	1476	1539	2957
5	2080	1934	2079	2958
5	1585	1433	1432	2959
5	1588	1386	1435	2960
5	1650	1448	1502	2961
5	1481	1410	1341	2962
5	1481	1340	1480	2963
5	1543	1388	1410	2964
5	1648	1501	1500	2965
5	1484	1343	1483	2966
5	1485	1344	1484	2967
5	1629	1483	1628	2968
5	1631	1486	1485	2969
5	1628	1483	1482	2970
5	1486	1254	1345	2971
5	1774	1629	1628	2972
5	1486	1383	1254	2973
5	1780	1636	1635	2974
5	1634	1489	1488	2975
5	1562	1397	1428	2976
5	1490	1348	1489	2977
5	1633	1488	1487	2978
5	1491	1350	1349	2979
5	1633	1487	1632	2980
5	1615	1471	1470	2981
5	1752	1606	1605	2982
5	1491	1349	1490	2983
5	1773	1627	1772	2984
5	1621	1477	1476	2985
5	1760	1614	1613	2986
5	1493	1312	1492	2987
5	1601	1424	1582	2988
5	1494	1378	1353	2989
5	1860	1714	1700	2990
5	1616	1474	1473	2991
5	1570	1414	1394	2992
5	1496	1355	1495	2993
5	1807	1570	1653	2994
5	1786	1583	1731	2995
5	1533	1452	1387	2996
5	1498	1356	1497	2997
5	1645	1533	1387	2998
5	1643	1388	1543	2999
5	1649	1502	1501	3000
5	1502	1240	1360	3001
5	1648	1500	1647	3002
5	1569	1413	1568	3003
5	1558	1392	1391	3004
5	1502	1360	1501	3005
5	1524	1421	1365	3006
5	1564	1421	1524	3007
5	1814	1551	1696	3008
5	1515	1256	1393	3009
5	1519	1371	1227	3010
5	1849	1706	1687	3011
5	1505	1504	660	3012
5	1505	660	746	3013
5	1506	1068	863	3014
5	1506	1042	1379	3015
5	1584	1507	1431	3016
5	1541	1509	1373	3017
5	1809	1508	1662	3018
5	1546	1366	1545	3019
5	1584	1431	1430	3020
5	1509	1430	1373	3021
5	1510	1438	1386	3022
5	1588	1510	1386	3023
5	1685	1379	1529	3024
5	1556	1390	1389	3025
5	1810	1504	1505	3026
5	1687	1372	1512	3027
5	1513	1512	1436	3028
5	2136	1943	1816	3029
5	1590	1439	1589	3030
5	1735	1587	1525	3031
5	1559	1080	1515	3032
5	1689	1402	1559	3033
5	1516	1405	1376	3034
5	1867	1688	1723	3035
5	1997	1852	1669	3036
5	1506	1361	1068	3037
5	1695	1521	1367	3038
5	1691	1515	1393	3039
5	1956	1695	1853	3040
5	1951	1693	1848	3041
5	1520	1425	1370	3042
5	1812	1713	1743	3043
5	1948	1817	1818	3044
5	1578	1530	1084	3045
5	1541	1373	1383	3046
5	1522	1383	1486	3047
5	1523	1450	1446	3048
5	1594	1523	1446	3049
5	1593	1444	1569	3050
5	1564	1412	1400	3051
5	1587	1435	1434	3052
5	1588	1435	1587	3053
5	1526	1443	1377	3054
5	1575	1526	1377	3055
5	1527	932	1124	3056
5	1547	1362	1363	3057
5	1529	1266	1528	3058
5	1529	1379	1266	3059
5	1941	1692	1940	3060
5	1690	1361	1506	3061
5	1698	1420	1530	3062
5	1530	1420	1268	3063
5	1553	1370	1409	3064
5	1566	1384	1531	3065
5	1532	1427	1398	3066
5	1614	1535	1429	3067
5	1563	1399	1452	3068
5	1574	1418	1399	3069
5	1626	1540	1481	3070
5	1643	1497	1388	3071
5	1535	1532	1398	3072
5	1535	1398	1429	3073
5	1583	1396	1561	3074
5	1642	1496	1495	3075
5	1751	1604	1750	3076
5	1901	1756	1900	3077
5	1700	1538	1549	3078
5	1639	1493	1492	3079
5	1539	1476	1382	3080
5	1637	1382	1491	3081
5	1626	1480	1625	3082
5	1644	1498	1497	3083
5	1774	1628	1773	3084
5	1909	1765	1908	3085
5	1560	1376	1453	3086
5	1570	1394	1542	3087
5	1703	1543	1540	3088
5	1788	1643	1543	3089
5	1809	1364	1544	3090
5	1544	1364	849	3091
5	1858	1710	1709	3092
5	1545	1366	1264	3093
5	1817	1704	1705	3094
5	1818	1366	1546	3095
5	1527	1124	1372	3096
5	1819	1521	1695	3097
5	1567	1411	1375	3098
5	1579	1411	1567	3099
5	1549	1538	1378	3100
5	1549	1378	1494	3101
5	1853	1550	1697	3102
5	1691	1393	1521	3103
5	1551	1550	1265	3104
5	1551	1265	1406	3105
5	1557	1391	1381	3106
5	1596	1447	1595	3107
5	1741	1594	1593	3108
5	1659	1552	1520	3109
5	1554	1534	1385	3110
5	1554	1385	1440	3111
5	1735	1525	1680	3112
5	1910	1820	1734	3113
5	1944	1910	1912	3114
5	1799	1573	1722	3115
5	2023	1875	1874	3116
5	1850	1694	1708	3117
5	1712	1557	1711	3118
5	1711	1557	1552	3119
5	1660	1559	1515	3120
5	1691	1660	1515	3121
5	1600	1414	1570	3122
5	1656	1516	1560	3123
5	1583	1426	1396	3124
5	1641	1495	1426	3125
5	1824	1766	1782	3126
5	1900	1755	1899	3127
5	1770	1626	1625	3128
5	1574	1399	1563	3129
5	1822	1567	1721	3130
5	1729	1580	1579	3131
5	1680	1525	1586	3132
5	1736	1588	1587	3133
5	1566	1553	1409	3134
5	1566	1409	1384	3135
5	1720	1569	1568	3136
5	1718	1564	1524	3137
5	1719	1564	1718	3138
5	1594	1446	1445	3139
5	1742	1523	1594	3140
5	1712	1558	1557	3141
5	1600	1453	1414	3142
5	1600	1560	1453	3143
5	1577	1375	1229	3144
5	1701	1522	1681	3145
5	1822	1728	1567	3146
5	1576	1419	1572	3147
5	1688	1436	1417	3148
5	1826	1436	1688	3149
5	1797	1744	1597	3150
5	1575	1418	1574	3151
5	1675	1672	1534	3152
5	1882	1737	1736	3153
5	1576	1572	1403	3154
5	1576	1403	1221	3155
5	1727	1419	1576	3156
5	1667	1571	1374	3157
5	1945	1668	1547	3158
5	1668	1362	1547	3159
5	1775	1630	1629	3160
5	1720	1568	1719	3161
5	1887	1712	1711	3162
5	1581	1531	1369	3163
5	1713	1524	1596	3164
5	1670	1531	1654	3165
5	1601	1454	1424	3166
5	1638	1492	1455	3167
5	1807	1746	1570	3168
5	2072	1927	1876	3169
5	1727	1576	1663	3170
5	1729	1579	1728	3171
5	1623	1442	1591	3172
5	1624	1585	1432	3173
5	1820	1680	1734	3174
5	1930	1790	1789	3175
5	1829	1674	1742	3176
5	1716	1563	1533	3177
5	1830	1722	1565	3178
5	1717	1556	1710	3179
5	1590	1416	1439	3180
5	1589	1439	1438	3181
5	1709	1555	1514	3182
5	1880	1735	1680	3183
5	1623	1479	1442	3184
5	1624	1479	1623	3185
5	1592	1591	1441	3186
5	1592	1441	1478	3187
5	1932	1792	1839	3188
5	1594	1445	1593	3189
5	1793	1646	1792	3190
5	1745	1675	1554	3191
5	2012	1863	1958	3192
5	1596	1524	1365	3193
5	1741	1593	1740	3194
5	2078	1933	1932	3195
5	1598	1440	1449	3196
5	1597	1449	1448	3197
5	1890	1675	1745	3198
5	1724	1563	1716	3199
5	1646	1499	1451	3200
5	1649	1501	1648	3201
5	1876	1676	1800	3202
5	1891	1833	1747	3203
5	1748	1582	1678	3204
5	1602	1454	1601	3205
5	1784	1639	1638	3206
5	1638	1455	1602	3207
5	1603	1537	1458	3208
5	1603	1458	1457	3209
5	1677	1536	1661	3210
5	1612	1468	1467	3211
5	1759	1613	1612	3212
5	1753	1606	1752	3213
5	1758	1612	1611	3214
5	1609	1464	1608	3215
5	1677	1603	1536	3216
5	1610	1465	1609	3217
5	1755	1608	1754	3218
5	1613	1468	1612	3219
5	1785	1639	1784	3220
5	1749	1602	1601	3221
5	1761	1683	1535	3222
5	1611	1466	1610	3223
5	1759	1612	1758	3224
5	1614	1469	1613	3225
5	1755	1609	1608	3226
5	1614	1429	1469	3227
5	1699	1537	1603	3228
5	1841	1657	1785	3229
5	1904	1760	1759	3230
5	1678	1582	1532	3231
5	1619	1616	1473	3232
5	1620	1475	1617	3233
5	1619	1472	1618	3234
5	1632	1456	1620	3235
5	1781	1637	1636	3236
5	1632	1487	1456	3237
5	1619	1473	1472	3238
5	1618	1472	1471	3239
5	1753	1607	1606	3240
5	1715	1517	1562	3241
5	1777	1620	1765	3242
5	1682	1615	1679	3243
5	1775	1629	1774	3244
5	1631	1522	1486	3245
5	1622	1592	1478	3246
5	1622	1478	1443	3247
5	1767	1623	1591	3248
5	1769	1585	1624	3249
5	1768	1624	1623	3250
5	1989	1723	1799	3251
5	1626	1481	1480	3252
5	1625	1480	1437	3253
5	1937	1889	1744	3254
5	1725	1574	1724	3255
5	1702	1541	1701	3256
5	1629	1484	1483	3257
5	1681	1522	1631	3258
5	1921	1781	1780	3259
5	1776	1631	1630	3260
5	1778	1632	1777	3261
5	1772	1621	1766	3262
5	1631	1485	1630	3263
5	1879	1651	1733	3264
5	1732	1509	1702	3265
5	1773	1628	1627	3266
5	1635	1489	1634	3267
5	1682	1618	1615	3268
5	1765	1620	1617	3269
5	2099	1995	1957	3270
5	1637	1491	1636	3271
5	1772	1627	1621	3272
5	1637	1539	1382	3273
5	1779	1635	1634	3274
5	1781	1636	1780	3275
5	1765	1617	1762	3276
5	1777	1632	1620	3277
5	1908	1765	1762	3278
5	1639	1492	1638	3279
5	1679	1615	1517	3280
5	1640	1549	1494	3281
5	1763	1618	1682	3282
5	1700	1549	1657	3283
5	1661	1536	1642	3284
5	1642	1495	1641	3285
5	1699	1603	1677	3286
5	1787	1661	1642	3287
5	1934	1794	1933	3288
5	1644	1497	1643	3289
5	1724	1574	1563	3290
5	1645	1498	1644	3291
5	1832	1771	1770	3292
5	1726	1575	1725	3293
5	1792	1599	1674	3294
5	1796	1649	1795	3295
5	1797	1650	1796	3296
5	1650	1502	1649	3297
5	1931	1791	1790	3298
5	1650	1597	1448	3299
5	1675	1534	1554	3300
5	1711	1552	1659	3301
5	1719	1568	1564	3302
5	1796	1650	1649	3303
5	1651	1548	1507	3304
5	1733	1651	1507	3305
5	1665	1547	1363	3306
5	1652	1363	853	3307
5	1653	1570	1542	3308
5	2093	1857	1983	3309
5	1730	1581	1580	3310
5	1728	1579	1567	3311
5	1655	1546	1545	3312
5	1655	1545	1361	3313
5	1747	1600	1746	3314
5	1747	1560	1600	3315
5	1860	1700	1806	3316
5	1785	1640	1639	3317
5	1726	1671	1526	3318
5	1725	1575	1574	3319
5	1855	1701	1681	3320
5	1694	1520	1553	3321
5	1684	1401	1503	3322
5	2127	1997	1977	3323
5	1731	1561	1676	3324
5	1787	1642	1641	3325
5	1662	1508	886	3326
5	1662	886	1401	3327
5	1802	1571	1667	3328
5	1663	1576	1415	3329
5	1811	1696	1511	3330
5	1707	1529	1528	3331
5	1810	1505	1371	3332
5	1810	1371	1686	3333
5	1666	1658	1592	3334
5	1666	1592	1622	3335
5	1845	1727	1663	3336
5	1721	1567	1375	3337
5	1808	1519	1692	3338
5	1693	1530	1578	3339
5	1690	1655	1361	3340
5	1950	1687	1513	3341
5	1694	1659	1520	3342
5	1708	1566	1670	3343
5	1671	1666	1622	3344
5	1671	1622	1526	3345
5	1672	1625	1534	3346
5	1836	1788	1703	3347
5	1673	1589	1510	3348
5	1737	1673	1510	3349
5	1674	1599	1523	3350
5	1742	1674	1523	3351
5	1745	1598	1744	3352
5	1795	1649	1648	3353
5	1731	1583	1561	3354
5	1786	1641	1583	3355
5	1897	1752	1896	3356
5	1899	1754	1898	3357
5	1748	1601	1582	3358
5	1783	1638	1602	3359
5	1714	1538	1700	3360
5	1715	1679	1517	3361
5	1737	1588	1736	3362
5	1736	1587	1735	3363
5	1701	1541	1522	3364
5	1733	1584	1732	3365
5	1903	1759	1758	3366
5	1897	1753	1752	3367
5	1683	1678	1532	3368
5	1683	1532	1535	3369
5	2152	1977	1809	3370
5	1809	1544	1508	3371
5	1692	1519	1518	3372
5	1951	1854	1693	3373
5	1798	1692	1518	3374
5	1945	1848	1668	3375
5	1706	1664	1368	3376
5	2157	1867	1989	3377
5	1717	1565	1556	3378
5	1710	1556	1555	3379
5	2003	1844	1660	3380
5	1689	1503	1402	3381
5	1690	1506	1379	3382
5	1690	1379	1685	3383
5	1698	1511	1420	3384
5	1695	1367	1550	3385
5	1808	1686	1519	3386
5	1954	1685	1813	3387
5	1696	1551	1406	3388
5	1696	1406	1511	3389
5	1955	1842	1873	3390
5	2026	1651	1879	3391
5	1819	1691	1521	3392
5	1851	1691	1819	3393
5	1811	1511	1698	3394
5	1852	1528	1669	3395
5	2004	1697	1814	3396
5	1697	1550	1551	3397
5	1698	1530	1693	3398
5	1814	1697	1551	3399
5	1750	1604	1537	3400
5	1752	1605	1751	3401
5	1714	1562	1538	3402
5	1715	1562	1714	3403
5	1733	1507	1584	3404
5	1732	1584	1509	3405
5	1856	1701	1855	3406
5	1917	1774	1916	3407
5	1771	1626	1770	3408
5	1871	1671	1726	3409
5	1857	1653	1542	3410
5	1704	1542	1395	3411
5	1705	1704	1395	3412
5	1705	1395	1366	3413
5	1706	1527	1372	3414
5	1706	1372	1687	3415
5	1798	1518	1664	3416
5	1813	1685	1529	3417
5	1708	1694	1553	3418
5	1708	1553	1566	3419
5	1739	1590	1738	3420
5	1739	1514	1590	3421
5	1866	1717	1710	3422
5	2087	1799	1991	3423
5	1743	1595	1712	3424
5	1718	1524	1713	3425
5	1932	1793	1792	3426
5	1712	1595	1558	3427
5	1743	1596	1595	3428
5	1865	1719	1864	3429
5	2056	1909	1908	3430
5	1908	1762	1838	3431
5	1861	1714	1860	3432
5	2053	1906	1905	3433
5	1789	1643	1788	3434
5	1790	1645	1644	3435
5	1799	1723	1573	3436
5	1723	1417	1573	3437
5	2034	1865	2013	3438
5	1740	1593	1569	3439
5	1913	1703	1771	3440
5	1740	1569	1720	3441
5	2196	2050	2195	3442
5	1885	1720	1865	3443
5	1801	1548	1651	3444
5	2007	1855	2006	3445
5	2015	1858	2014	3446
5	1813	1529	1707	3447
5	2088	1513	2016	3448
5	1867	1826	1688	3449
5	1868	1724	1716	3450
5	1726	1526	1575	3451
5	2032	1884	1835	3452
5	2030	1882	2029	3453
5	1870	1726	1725	3454
5	1871	1828	1671	3455
5	1998	1802	1972	3456
5	1727	1577	1419	3457
5	1873	1842	1654	3458
5	1730	1580	1729	3459
5	1823	1659	1694	3460
5	1730	1654	1581	3461
5	2002	1843	2001	3462
5	2160	2001	2089	3463
5	1902	1757	1901	3464
5	1846	1677	1661	3465
5	1877	1732	1702	3466
5	2025	1878	1877	3467
5	1855	1681	1837	3468
5	1845	1663	1802	3469
5	1734	1680	1586	3470
5	1734	1586	1585	3471
5	2028	1880	1964	3472
5	1737	1510	1588	3473
5	1884	1739	1738	3474
5	1883	1835	1673	3475
5	1880	1680	1820	3476
5	1821	1767	1658	3477
5	1739	1709	1514	3478
5	1738	1590	1589	3479
5	1858	1709	1803	3480
5	1830	1565	1717	3481
5	1831	1711	1659	3482
5	1831	1659	1823	3483
5	1874	1729	1728	3484
5	1742	1594	1741	3485
5	1839	1674	1829	3486
5	1743	1713	1596	3487
5	1935	1795	1934	3488
5	1863	1713	1812	3489
5	1745	1554	1598	3490
5	1744	1598	1597	3491
5	1839	1792	1674	3492
5	1933	1793	1932	3493
5	1747	1656	1560	3494
5	1896	1751	1895	3495
5	2016	1513	1826	3496
5	1928	1827	1787	3497
5	1896	1752	1751	3498
5	1749	1601	1748	3499
5	2071	1926	1925	3500
5	1783	1602	1749	3501
5	1895	1750	1894	3502
5	1898	1754	1753	3503
5	1894	1699	1815	3504
5	1754	1608	1607	3505
5	1895	1751	1750	3506
5	1756	1610	1609	3507
5	2240	1866	2100	3508
5	1846	1661	1827	3509
5	1927	1731	1876	3510
5	1757	1610	1756	3511
5	1928	1787	1786	3512
5	1760	1613	1759	3513
5	1892	1748	1678	3514
5	1924	1783	1749	3515
5	1834	1678	1683	3516
5	1758	1611	1757	3517
5	1905	1761	1760	3518
5	1761	1614	1760	3519
5	1902	1758	1757	3520
5	1761	1535	1614	3521
5	1898	1753	1897	3522
5	1894	1750	1699	3523
5	2090	2040	1962	3524
5	1841	1806	1657	3525
5	1764	1619	1763	3526
5	1764	1616	1619	3527
5	1764	1762	1616	3528
5	1763	1619	1618	3529
5	1906	1834	1683	3530
5	2009	1860	1963	3531
5	1838	1762	1764	3532
5	1779	1634	1633	3533
5	1766	1621	1539	3534
5	1782	1637	1781	3535
5	1964	1880	1820	3536
5	1769	1624	1768	3537
5	2170	2020	2169	3538
5	1769	1734	1585	3539
5	1805	1658	1666	3540
5	1821	1658	1805	3541
5	1771	1540	1626	3542
5	1771	1703	1540	3543
5	1966	1840	1890	3544
5	1937	1797	1936	3545
5	1918	1775	1917	3546
5	1914	1766	1824	3547
5	1856	1702	1701	3548
5	1776	1630	1775	3549
5	2063	1918	2062	3550
5	2059	1915	1914	3551
5	2197	2052	2051	3552
5	1776	1681	1631	3553
5	2064	1968	1919	3554
5	1919	1777	1909	3555
5	1778	1633	1632	3556
5	1779	1633	1778	3557
5	1922	1778	1919	3558
5	1837	1681	1776	3559
5	1782	1766	1539	3560
5	1780	1635	1779	3561
5	1918	1837	1776	3562
5	1782	1539	1637	3563
5	1907	1763	1825	3564
5	2059	1914	1967	3565
5	1878	1732	1877	3566
5	1914	1772	1766	3567
5	1926	1785	1784	3568
5	1784	1638	1783	3569
5	1825	1763	1682	3570
5	1785	1657	1640	3571
5	1862	1847	1679	3572
5	1920	1780	1779	3573
5	2072	1876	1946	3574
5	1787	1641	1786	3575
5	2093	2008	1857	3576
5	2133	1983	1817	3577
5	1789	1644	1643	3578
5	1791	1533	1645	3579
5	1869	1724	1868	3580
5	1790	1644	1789	3581
5	1911	1767	1821	3582
5	1791	1716	1533	3583
5	1884	1738	1835	3584
5	1868	1716	1804	3585
5	1793	1647	1646	3586
5	1794	1648	1647	3587
5	1929	1788	1836	3588
5	1832	1672	1840	3589
5	1864	1718	1863	3590
5	1795	1648	1794	3591
5	2082	1937	1936	3592
5	1797	1597	1650	3593
5	2081	1936	1935	3594
5	1865	1720	1719	3595
5	1863	1718	1713	3596
5	1840	1672	1675	3597
5	1954	1690	1685	3598
5	1816	1655	1690	3599
5	1866	1710	1858	3600
5	1835	1738	1673	3601
5	1800	1676	1656	3602
5	2193	2047	2192	3603
5	1873	1654	1730	3604
5	2174	2027	2025	3605
5	1972	1802	1667	3606
5	2095	1969	2036	3607
5	1884	1803	1739	3608
5	2033	2014	1803	3609
5	2228	2101	2110	3610
5	1929	1789	1788	3611
5	1985	1821	1960	3612
5	2096	1944	1959	3613
5	1806	1700	1657	3614
5	1988	1957	1825	3615
5	1891	1747	1746	3616
5	2074	1827	1928	3617
5	1854	1698	1693	3618
5	1854	1811	1698	3619
5	1977	1669	1809	3620
5	1809	1669	1364	3621
5	1978	1810	1686	3622
5	2147	1810	1978	3623
5	1942	1811	1854	3624
5	1979	1696	1811	3625
5	1888	1743	1712	3626
5	1842	1670	1654	3627
5	2128	1814	1979	3628
5	1853	1695	1550	3629
5	2416	2244	2415	3630
5	1982	1547	1665	3631
5	1815	1699	1677	3632
5	1827	1661	1787	3633
5	1952	1686	1808	3634
5	1984	1503	1939	3635
5	2084	1717	1866	3636
5	1857	1542	1704	3637
5	1818	1817	1705	3638
5	1818	1705	1366	3639
5	1939	1689	1844	3640
5	1844	1559	1660	3641
5	2316	2175	2121	3642
5	1911	1768	1767	3643
5	1910	1734	1769	3644
5	2169	2019	2168	3645
5	1879	1733	1878	3646
5	1998	1845	1802	3647
5	1888	1712	1887	3648
5	1887	1711	1831	3649
5	1923	1782	1781	3650
5	1923	1781	1921	3651
5	1995	1907	1957	3652
5	2345	2207	2206	3653
5	1989	1867	1723	3654
5	1826	1513	1436	3655
5	1846	1815	1677	3656
5	1990	1815	1846	3657
5	1828	1805	1666	3658
5	1828	1666	1671	3659
5	1886	1741	1740	3660
5	1885	1740	1720	3661
5	2084	1830	1717	3662
5	1991	1722	1830	3663
5	2301	2155	2173	3664
5	2026	1801	1651	3665
5	2168	2018	2091	3666
5	1931	1790	1930	3667
5	1833	1800	1656	3668
5	1833	1656	1747	3669
5	2050	1902	2049	3670
5	1892	1678	1834	3671
5	1881	1735	1880	3672
5	1881	1736	1735	3673
5	1832	1770	1672	3674
5	1974	1965	1804	3675
5	1915	1772	1914	3676
5	1916	1774	1773	3677
5	2068	1921	2065	3678
5	1909	1777	1765	3679
5	1936	1797	1796	3680
5	2078	1932	1938	3681
5	1890	1745	1889	3682
5	1935	1796	1795	3683
5	1893	1748	1892	3684
5	1925	1784	1783	3685
5	1843	1708	1670	3686
5	1850	1823	1694	3687
5	2037	1887	1831	3688
5	1850	1708	1843	3689
5	2131	1854	1951	3690
5	1939	1503	1689	3691
5	1987	1874	1728	3692
5	1872	1577	1727	3693
5	2044	1897	1896	3694
5	2047	1900	1899	3695
5	1847	1825	1682	3696
5	1847	1682	1679	3697
5	1848	1693	1578	3698
5	1848	1578	1668	3699
5	2041	1815	1990	3700
5	2295	2148	1980	3701
5	2182	2035	2181	3702
5	2001	1842	1955	3703
5	2305	2127	2152	3704
5	1851	1660	1691	3705
5	1979	1811	1942	3706
5	1979	1814	1696	3707
5	2104	1956	1853	3708
5	2105	1851	2005	3709
5	1941	1808	1692	3710
5	1943	1655	1816	3711
5	1972	1667	1801	3712
5	1877	1702	1856	3713
5	2371	2265	2425	3714
5	2025	1877	1961	3715
5	2151	1746	1807	3716
5	2106	1971	1891	3717
5	1940	1692	1798	3718
5	2270	1989	2087	3719
5	1859	1829	1742	3720
5	1859	1742	1741	3721
5	1861	1715	1714	3722
5	1862	1679	1715	3723
5	2069	1893	2040	3724
5	1862	1715	1861	3725
5	2165	2163	2011	3726
5	2349	2123	2236	3727
5	1864	1719	1718	3728
5	1886	1740	1885	3729
5	2287	2160	2286	3730
5	1969	1829	1859	3731
5	2114	2078	1938	3732
5	1886	1859	1741	3733
5	2031	1835	1883	3734
5	2015	1866	1858	3735
5	2135	1953	2086	3736
5	1950	1849	1687	3737
5	1869	1725	1724	3738
5	1870	1725	1869	3739
5	2225	2080	2224	3740
5	2020	1871	1870	3741
5	2175	2028	2121	3742
5	1871	1726	1870	3743
5	1975	1960	1805	3744
5	2058	1993	1913	3745
5	2022	1872	1999	3746
5	1872	1721	1577	3747
5	1875	1729	1874	3748
5	2116	2012	1958	3749
5	1875	1730	1729	3750
5	1875	1873	1730	3751
5	1992	1831	1823	3752
5	2001	1843	1842	3753
5	1927	1786	1731	3754
5	1928	1786	1927	3755
5	1878	1733	1732	3756
5	1999	1872	1845	3757
5	2006	1855	1837	3758
5	2234	1987	2145	3759
5	2055	1838	1995	3760
5	1987	1728	1822	3761
5	1883	1737	1882	3762
5	1882	1736	1881	3763
5	1974	1804	1931	3764
5	1883	1673	1737	3765
5	2299	2154	2153	3766
5	2360	2223	2282	3767
5	1975	1805	1828	3768
5	1986	1910	1944	3769
5	2141	1986	2098	3770
5	2029	1882	1881	3771
5	2108	1958	1973	3772
5	2012	1864	1863	3773
5	2204	2058	2203	3774
5	2222	2077	2076	3775
5	1995	1838	1907	3776
5	1888	1812	1743	3777
5	2160	2002	2001	3778
5	2116	1958	2108	3779
5	1890	1840	1675	3780
5	1889	1745	1744	3781
5	2076	1929	2075	3782
5	1993	1836	1913	3783
5	2179	2033	2113	3784
5	2245	2151	2008	3785
5	1893	1749	1748	3786
5	1926	1784	1925	3787
5	1988	1825	1847	3788
5	1924	1749	1893	3789
5	2043	1895	2042	3790
5	2042	1894	2041	3791
5	2049	1901	2048	3792
5	1900	1756	1755	3793
5	2047	1899	2046	3794
5	2073	1927	2072	3795
5	2119	1990	2000	3796
5	1901	1757	1756	3797
5	2073	1928	1927	3798
5	1905	1760	1904	3799
5	2041	1894	1815	3800
5	2043	1896	1895	3801
5	2042	1895	1894	3802
5	1903	1758	1902	3803
5	2052	1905	1904	3804
5	1904	1759	1903	3805
5	2048	1900	2047	3806
5	2045	1897	2044	3807
5	2045	1898	1897	3808
5	1906	1761	1905	3809
5	2215	2124	2071	3810
5	1906	1683	1761	3811
5	2192	2047	2046	3812
5	2009	1861	1860	3813
5	2194	2049	2048	3814
5	2040	1892	1962	3815
5	1907	1838	1764	3816
5	1907	1764	1763	3817
5	1921	1780	1920	3818
5	1919	1778	1777	3819
5	2011	1847	1862	3820
5	2342	2201	2260	3821
5	1912	1768	1911	3822
5	2280	2015	2178	3823
5	1912	1769	1768	3824
5	1912	1910	1769	3825
5	1913	1836	1703	3826
5	1913	1771	1832	3827
5	2018	1869	1868	3828
5	1965	1868	1804	3829
5	1915	1773	1772	3830
5	1917	1775	1774	3831
5	2122	2059	1967	3832
5	1916	1773	1915	3833
5	2208	2063	2062	3834
5	1918	1776	1775	3835
5	2007	1961	1856	3836
5	2007	1856	1855	3837
5	2064	1919	1909	3838
5	2062	1917	2061	3839
5	2050	1903	1902	3840
5	1963	1860	1806	3841
5	1968	1922	1919	3842
5	2063	2006	1837	3843
5	2211	2107	2065	3844
5	1923	1824	1782	3845
5	1922	1920	1779	3846
5	1922	1779	1778	3847
5	2066	1922	1968	3848
5	2207	2061	2206	3849
5	2040	1893	1892	3850
5	1925	1783	1924	3851
5	2213	2069	2040	3852
5	1926	1841	1785	3853
5	2051	1904	1903	3854
5	2044	1896	2043	3855
5	2046	1899	1898	3856
5	2049	1902	1901	3857
5	2117	1946	1970	3858
5	2028	1881	1880	3859
5	2079	1933	2078	3860
5	1930	1789	1929	3861
5	2058	1832	2057	3862
5	1931	1804	1791	3863
5	2057	1840	1966	3864
5	2283	2115	2142	3865
5	1933	1794	1793	3866
5	1934	1795	1794	3867
5	2238	2114	2125	3868
5	1936	1796	1935	3869
5	2077	1930	2076	3870
5	2081	1935	2080	3871
5	2035	1885	2034	3872
5	1937	1744	1797	3873
5	2111	2057	1966	3874
5	2037	1831	1992	3875
5	2036	1859	1886	3876
5	1969	1947	1829	3877
5	1938	1932	1839	3878
5	2126	1969	2095	3879
5	2146	1852	1997	3880
5	2152	1662	1684	3881
5	1943	1546	1655	3882
5	2239	2085	2129	3883
5	2245	2008	2093	3884
5	2128	2004	1814	3885
5	1956	1819	1695	3886
5	2104	2005	1956	3887
5	2129	1546	1943	3888
5	1991	1799	1722	3889
5	1985	1959	1911	3890
5	2224	2079	2223	3891
5	2131	1942	1854	3892
5	2132	1848	1945	3893
5	1946	1876	1800	3894
5	1983	1857	1704	3895
5	1947	1938	1839	3896
5	1947	1839	1829	3897
5	2241	2093	1983	3898
5	1983	1704	1817	3899
5	1949	1948	1818	3900
5	1949	1818	1546	3901
5	2086	1849	1950	3902
5	1953	1706	1849	3903
5	2293	2097	1940	3904
5	2134	1808	1941	3905
5	2149	1978	1952	3906
5	1978	1686	1952	3907
5	2135	1940	1798	3908
5	1953	1798	1664	3909
5	2550	2304	2380	3910
5	1954	1816	1690	3911
5	2024	1875	2023	3912
5	2024	1873	1875	3913
5	2103	1844	2003	3914
5	2097	1941	1940	3915
5	1957	1907	1825	3916
5	2243	2138	2163	3917
5	1958	1863	1812	3918
5	2038	1888	1887	3919
5	1959	1944	1912	3920
5	1959	1912	1911	3921
5	1985	1911	1821	3922
5	1960	1821	1805	3923
5	1961	1877	1856	3924
5	2144	2026	1879	3925
5	1962	1892	1834	3926
5	2054	1962	1834	3927
5	2199	2053	2198	3928
5	2070	1925	1924	3929
5	2177	2030	2176	3930
5	2112	2032	2031	3931
5	2021	1975	1828	3932
5	2018	1868	1965	3933
5	2220	1993	2204	3934
5	2083	1937	2082	3935
5	1967	1914	1824	3936
5	2208	2062	2207	3937
5	2065	1921	1920	3938
5	2067	1824	1923	3939
5	2013	1864	2012	3940
5	2035	1886	1885	3941
5	1970	1946	1800	3942
5	1970	1800	1833	3943
5	1971	1970	1833	3944
5	1971	1833	1891	3945
5	2144	1879	2027	3946
5	2145	1987	1822	3947
5	1973	1958	1812	3948
5	1973	1812	1888	3949
5	2075	1836	1993	3950
5	2076	1930	1929	3951
5	2019	1869	2018	3952
5	2019	1870	1869	3953
5	1976	1963	1806	3954
5	1976	1806	1841	3955
5	1997	1669	1977	3956
5	2244	2127	2229	3957
5	1982	1945	1547	3958
5	2150	1945	1982	3959
5	2005	1851	1819	3960
5	2004	1853	1697	3961
5	2148	2136	1954	3962
5	1980	1813	1707	3963
5	1981	1980	1707	3964
5	1981	1707	1852	3965
5	2296	2289	2149	3966
5	2134	1952	1808	3967
5	2379	2167	2233	3968
5	2008	1653	1857	3969
5	2152	1684	1984	3970
5	1984	1684	1503	3971
5	2220	2075	1993	3972
5	2221	2076	2075	3973
5	1986	1964	1820	3974
5	1986	1820	1910	3975
5	2185	2108	1973	3976
5	2375	2370	2262	3977
5	2010	1861	2009	3978
5	2010	1862	1861	3979
5	2217	2072	1946	3980
5	2157	2017	1867	3981
5	2074	1928	2073	3982
5	2217	1946	2117	3983
5	2113	2032	2112	3984
5	2008	1807	1653	3985
5	2038	1973	1888	3986
5	2038	1887	2037	3987
5	2075	1929	1836	3988
5	2077	1931	1930	3989
5	1994	1976	1841	3990
5	1994	1841	1926	3991
5	2055	1908	1838	3992
5	2064	1909	2056	3993
5	1996	1992	1823	3994
5	1996	1823	1850	3995
5	2103	1939	1844	3996
5	2003	1660	1851	3997
5	2022	1822	1721	3998
5	1999	1845	1998	3999
5	2172	1999	2159	4000
5	2022	1721	1872	4001
5	2000	1990	1846	4002
5	2000	1846	1827	4003
5	2002	1850	1843	4004
5	2002	1996	1850	4005
5	2320	2166	2310	4006
5	2161	2102	1996	4007
5	2128	1979	1942	4008
5	2005	1819	1956	4009
5	2369	1941	2097	4010
5	2147	1652	1810	4011
5	2105	2003	1851	4012
5	2684	2517	2518	4013
5	2060	1915	2059	4014
5	2061	1917	1916	4015
5	2212	2068	2107	4016
5	2422	2260	2276	4017
5	2249	2087	1991	4018
5	2084	1991	1830	4019
5	2202	2055	2201	4020
5	2011	1862	2010	4021
5	2213	2040	2090	4022
5	2011	1988	1847	4023
5	2092	2009	1963	4024
5	2371	2308	2250	4025
5	2013	1865	1864	4026
5	2034	1885	1865	4027
5	2185	1973	2038	4028
5	2036	1886	2035	4029
5	2100	1866	2015	4030
5	2014	1858	1803	4031
5	2033	1884	2032	4032
5	2240	2084	1866	4033
5	2136	1816	1954	4034
5	2135	1798	1953	4035
5	2017	2016	1826	4036
5	2017	1826	1867	4037
5	2021	1871	2020	4038
5	2020	1870	2019	4039
5	2154	1959	1985	4040
5	2021	1828	1871	4041
5	2098	1944	2096	4042
5	2121	2028	1964	4043
5	2450	2311	2372	4044
5	2203	2057	2111	4045
5	2109	1801	2026	4046
5	2109	1972	1801	4047
5	2027	1878	2025	4048
5	2024	1955	1873	4049
5	2102	1992	1996	4050
5	2324	2184	2183	4051
5	2314	2246	2172	4052
5	2253	1972	2109	4053
5	2159	1999	1998	4054
5	2027	1879	1878	4055
5	2166	2012	2116	4056
5	2183	2037	1992	4057
5	2031	1883	2030	4058
5	2030	1883	1882	4059
5	2153	1960	2130	4060
5	2171	1975	2021	4061
5	2168	2019	2018	4062
5	2032	1835	2031	4063
5	2098	1986	1944	4064
5	2255	2113	2254	4065
5	2033	1803	1884	4066
5	2268	2141	2098	4067
5	2176	2029	2175	4068
5	2176	2030	2029	4069
5	2373	2256	2283	4070
5	2363	2226	2362	4071
5	2273	2228	2110	4072
5	2036	1969	1859	4073
5	2362	2225	2361	4074
5	2223	2078	2114	4075
5	2156	2023	1874	4076
5	2205	2060	2059	4077
5	2374	2263	2350	4078
5	2856	2731	2765	4079
5	2039	1966	1890	4080
5	2039	1890	1889	4081
5	2069	1924	1893	4082
5	2071	1925	2070	4083
5	2188	2042	2187	4084
5	2189	2043	2188	4085
5	2186	1990	2119	4086
5	2046	1898	2045	4087
5	2190	2045	2044	4088
5	2336	2195	2194	4089
5	2218	2072	2217	4090
5	2048	1901	1900	4091
5	2186	2041	1990	4092
5	2195	2049	2194	4093
5	2187	2041	2186	4094
5	2053	1905	2052	4095
5	2187	2042	2041	4096
5	2188	2043	2042	4097
5	2190	2044	2189	4098
5	2051	1903	2050	4099
5	2199	2054	2053	4100
5	2052	1904	2051	4101
5	2198	2052	2197	4102
5	2192	2046	2191	4103
5	2189	2044	2043	4104
5	2054	1906	2053	4105
5	2196	2051	2050	4106
5	2054	1834	1906	4107
5	2140	2092	1963	4108
5	2352	2213	2351	4109
5	2164	2009	2092	4110
5	2164	2010	2009	4111
5	2210	2064	2056	4112
5	2056	1908	2055	4113
5	2236	2123	2200	4114
5	2165	2010	2164	4115
5	2058	1913	1832	4116
5	2057	1832	1840	4117
5	2115	1966	2039	4118
5	2223	2079	2078	4119
5	2060	1916	1915	4120
5	2063	1837	1918	4121
5	2062	1918	1917	4122
5	2061	1916	2060	4123
5	2303	2094	2262	4124
5	2346	2207	2345	4125
5	2285	2143	2261	4126
5	2139	1961	2007	4127
5	2139	2094	1961	4128
5	2205	2059	2122	4129
5	2201	1995	2099	4130
5	2206	2060	2205	4131
5	2285	2122	2143	4132
5	2067	1967	1824	4133
5	2066	2065	1920	4134
5	2066	1920	1922	4135
5	2107	2068	2065	4136
5	2201	2055	1995	4137
5	2068	2067	1923	4138
5	2068	1923	1921	4139
5	2090	2054	2199	4140
5	2070	1924	2069	4141
5	2419	2144	2315	4142
5	2071	1994	1926	4143
5	2448	2308	2371	4144
5	2475	2336	2474	4145
5	2191	2045	2190	4146
5	2074	2000	1827	4147
5	2219	2073	2218	4148
5	2266	1971	2106	4149
5	2331	2189	2330	4150
5	2194	2048	2193	4151
5	2299	2153	2298	4152
5	2627	2494	2502	4153
5	2171	2130	1975	4154
5	2077	1974	1931	4155
5	2377	2274	2300	4156
5	2298	2153	2130	4157
5	2079	1934	1933	4158
5	2080	1935	1934	4159
5	2180	2034	2013	4160
5	2083	1889	1937	4161
5	2183	1992	2102	4162
5	2166	2013	2012	4163
5	2115	2111	1966	4164
5	2082	1936	2081	4165
5	2227	2142	2083	4166
5	2083	2039	1889	4167
5	2343	2203	2111	4168
5	2226	2081	2225	4169
5	2085	1948	1949	4170
5	2086	1953	1849	4171
5	2270	2157	1989	4172
5	2087	1989	1799	4173
5	2167	2088	2016	4174
5	2369	2134	1941	4175
5	2151	1807	2008	4176
5	2133	1817	1948	4177
5	2386	2135	2086	4178
5	2088	1950	1513	4179
5	2089	2001	1955	4180
5	2155	2089	1955	4181
5	2330	2188	2329	4182
5	2337	2196	2195	4183
5	2091	2018	1965	4184
5	2237	2130	2171	4185
5	2140	1976	2120	4186
5	2215	2071	2070	4187
5	2271	2086	1950	4188
5	2429	2271	2304	4189
5	2094	2025	1961	4190
5	2478	2272	2339	4191
5	2182	2036	2035	4192
5	2181	2035	2034	4193
5	2154	2096	1959	4194
5	2130	1960	1975	4195
5	2167	2016	2017	4196
5	2148	1813	1980	4197
5	2275	2141	2268	4198
5	2496	2361	2360	4199
5	2696	2564	2520	4200
5	2341	2200	2210	4201
5	2178	2015	2014	4202
5	2555	2432	2280	4203
5	2101	2091	1965	4204
5	2101	1965	1974	4205
5	2161	2002	2160	4206
5	2324	2183	2251	4207
5	2388	2148	2295	4208
5	2278	2003	2105	4209
5	2384	2105	2277	4210
5	2104	1853	2004	4211
5	2152	1809	1662	4212
5	2158	1939	2103	4213
5	2113	2033	2032	4214
5	2279	2119	2216	4215
5	2211	2066	2123	4216
5	2202	2056	2055	4217
5	2184	2037	2183	4218
5	2306	2102	2161	4219
5	2314	2159	2253	4220
5	2145	1822	2022	4221
5	2110	2101	1974	4222
5	2110	1974	2077	4223
5	2203	2058	2057	4224
5	2204	1993	2058	4225
5	2280	2100	2015	4226
5	2318	2254	2112	4227
5	2255	2179	2113	4228
5	2266	2118	1971	4229
5	2226	2082	2081	4230
5	2282	2114	2238	4231
5	2273	2110	2222	4232
5	2256	2111	2115	4233
5	2180	2013	2166	4234
5	2181	2034	2180	4235
5	2317	2175	2316	4236
5	2457	2319	2385	4237
5	2118	2117	1970	4238
5	2118	1970	1971	4239
5	2219	2074	2073	4240
5	2334	2193	2192	4241
5	2140	1963	1976	4242
5	2120	1976	1994	4243
5	2175	2029	2028	4244
5	2177	2031	2030	4245
5	2462	2324	2398	4246
5	2345	2205	2230	4247
5	2211	2065	2066	4248
5	2123	2066	1968	4249
5	2124	2120	1994	4250
5	2124	1994	2071	4251
5	2125	2114	1938	4252
5	2125	1938	1947	4253
5	2126	2125	1947	4254
5	2126	1947	1969	4255
5	2303	2174	2094	4256
5	2383	2277	2104	4257
5	2296	2149	2290	4258
5	2277	2005	2104	4259
5	2129	2085	1949	4260
5	2129	1949	1546	4261
5	2153	1985	1960	4262
5	2154	1985	2153	4263
5	2289	2147	2149	4264
5	2290	2149	1952	4265
5	2291	2131	1951	4266
5	2132	1951	1848	4267
5	2292	2133	1948	4268
5	2249	1991	2084	4269
5	2150	2132	1945	4270
5	2149	2147	1978	4271
5	2386	2086	2378	4272
5	2417	2383	2247	4273
5	2518	2388	2295	4274
5	2504	2408	2409	4275
5	2148	1954	1813	4276
5	2137	1980	1981	4277
5	2138	2099	1957	4278
5	2138	1957	1988	4279
5	2209	2006	2063	4280
5	2207	2062	2061	4281
5	2338	2197	2196	4282
5	2340	2199	2272	4283
5	2141	2121	1964	4284
5	2141	1964	1986	4285
5	2142	2115	2039	4286
5	2142	2039	2083	4287
5	2143	2122	1967	4288
5	2143	1967	2067	4289
5	2174	2025	2094	4290
5	2155	1955	2024	4291
5	2156	1874	1987	4292
5	2172	2022	1999	4293
5	2416	2137	1981	4294
5	2146	1981	1852	4295
5	2147	1982	1665	4296
5	2147	1665	1652	4297
5	2295	1980	2137	4298
5	2652	2544	2387	4299
5	2417	2248	2391	4300
5	2247	2104	2004	4301
5	2391	2248	2128	4302
5	2291	1951	2132	4303
5	2297	1891	2151	4304
5	2151	1891	1746	4305
5	2158	1984	1939	4306
5	2152	2127	1977	4307
5	2267	2101	2228	4308
5	2317	2176	2175	4309
5	2298	2130	2237	4310
5	2311	2169	2168	4311
5	2368	2258	2156	4312
5	2262	2094	2139	4313
5	2345	2206	2205	4314
5	2234	2156	1987	4315
5	2242	1943	2136	4316
5	2271	1950	2088	4317
5	2305	1984	2158	4318
5	2305	2152	1984	4319
5	2172	2145	2022	4320
5	2723	2453	2540	4321
5	2161	1996	2002	4322
5	2320	2180	2166	4323
5	2277	2105	2005	4324
5	2288	2128	1942	4325
5	2162	2139	2007	4326
5	2162	2007	2006	4327
5	2163	2138	1988	4328
5	2163	1988	2011	4329
5	2165	2011	2010	4330
5	2422	2276	2394	4331
5	2335	2193	2334	4332
5	2307	2163	2165	4333
5	2310	2116	2309	4334
5	2449	2322	2320	4335
5	2438	2241	2133	4336
5	2292	1948	2085	4337
5	2169	2020	2019	4338
5	2170	2021	2020	4339
5	2644	2585	2511	4340
5	2316	2121	2275	4341
5	2358	2221	2220	4342
5	2171	2021	2170	4343
5	2358	2220	2357	4344
5	2360	2224	2223	4345
5	2314	2172	2159	4346
5	2252	2026	2144	4347
5	2173	2155	2024	4348
5	2173	2024	2023	4349
5	2258	2023	2156	4350
5	2433	2261	2423	4351
5	2411	2228	2273	4352
5	2443	2298	2396	4353
5	2318	2112	2177	4354
5	2275	2121	2141	4355
5	2319	2176	2317	4356
5	2177	2112	2031	4357
5	2284	2179	2255	4358
5	2505	2266	2397	4359
5	2179	2178	2014	4360
5	2179	2014	2033	4361
5	2326	2108	2185	4362
5	2364	2283	2142	4363
5	2418	2398	2251	4364
5	2182	2095	2036	4365
5	2322	2180	2320	4366
5	2325	2184	2324	4367
5	2184	2038	2037	4368
5	2185	2038	2184	4369
5	2462	2325	2324	4370
5	2309	2116	2108	4371
5	2326	2309	2108	4372
5	2446	2286	2435	4373
5	2330	2189	2188	4374
5	2329	2187	2328	4375
5	2475	2337	2336	4376
5	2193	2048	2047	4377
5	2430	2275	2268	4378
5	2441	2397	2106	4379
5	2327	2186	2119	4380
5	2191	2046	2045	4381
5	2336	2194	2335	4382
5	2334	2192	2333	4383
5	2328	2187	2186	4384
5	2329	2188	2187	4385
5	2331	2190	2189	4386
5	2197	2051	2196	4387
5	2351	2090	2340	4388
5	2195	2050	2049	4389
5	2272	2199	2198	4390
5	2339	2198	2197	4391
5	2339	2197	2338	4392
5	2198	2053	2052	4393
5	2337	2195	2336	4394
5	2332	2191	2190	4395
5	2352	2214	2213	4396
5	2090	1962	2054	4397
5	2404	2259	2376	4398
5	2214	2070	2069	4399
5	2484	2403	2341	4400
5	2250	2164	2092	4401
5	2200	2123	1968	4402
5	2200	1968	2064	4403
5	2260	2201	2099	4404
5	2210	2056	2202	4405
5	2341	2236	2200	4406
5	2210	2200	2064	4407
5	2498	2363	2362	4408
5	2221	2075	2220	4409
5	2480	2344	2343	4410
5	2222	2110	2077	4411
5	2206	2061	2060	4412
5	2209	2063	2208	4413
5	2424	2173	2258	4414
5	2287	2161	2160	4415
5	2615	2481	2506	4416
5	2209	2162	2006	4417
5	2231	2139	2162	4418
5	2485	2350	2349	4419
5	2483	2348	2342	4420
5	2350	2211	2349	4421
5	2448	2307	2308	4422
5	2276	2138	2243	4423
5	2342	2202	2201	4424
5	2556	2402	2482	4425
5	2212	2143	2067	4426
5	2212	2067	2068	4427
5	2259	2120	2124	4428
5	2214	2069	2213	4429
5	2352	2264	2215	4430
5	2215	2070	2214	4431
5	2508	2376	2488	4432
5	2332	2190	2331	4433
5	2216	2119	2000	4434
5	2216	2000	2074	4435
5	2218	2073	2072	4436
5	2327	2119	2279	4437
5	2766	2644	2694	4438
5	2355	2216	2219	4439
5	2328	2186	2327	4440
5	2219	2216	2074	4441
5	2497	2362	2361	4442
5	2421	2255	2254	4443
5	2311	2168	2235	4444
5	2222	2076	2221	4445
5	2235	2168	2091	4446
5	2412	2235	2267	4447
5	2224	2080	2079	4448
5	2225	2081	2080	4449
5	2357	2204	2344	4450
5	2227	2083	2082	4451
5	2633	2500	2499	4452
5	2322	2181	2180	4453
5	2460	2323	2322	4454
5	2227	2082	2226	4455
5	2458	2310	2309	4456
5	2282	2223	2114	4457
5	2359	2222	2221	4458
5	2555	2178	2284	4459
5	2244	1997	2127	4460
5	2244	2146	1997	4461
5	2230	2205	2122	4462
5	2285	2230	2122	4463
5	2347	2209	2208	4464
5	2401	2375	2231	4465
5	2232	2231	2162	4466
5	2232	2162	2209	4467
5	2233	2167	2017	4468
5	2233	2017	2157	4469
5	2252	2109	2026	4470
5	2258	2173	2023	4471
5	2585	2450	2511	4472
5	2451	2312	2450	4473
5	2261	2143	2212	4474
5	2400	2345	2230	4475
5	2312	2169	2311	4476
5	2312	2170	2169	4477
5	2321	2269	2095	4478
5	2461	2321	2323	4479
5	2293	1940	2135	4480
5	2241	1983	2133	4481
5	2249	2084	2240	4482
5	2567	2428	2270	4483
5	2678	2389	2503	4484
5	2297	2106	1891	4485
5	2242	2239	2129	4486
5	2242	2129	1943	4487
5	2485	2349	2382	4488
5	2265	2092	2140	4489
5	2431	2229	2158	4490
5	2416	2146	2244	4491
5	2365	2292	2085	4492
5	2544	2097	2387	4493
5	2246	2234	2145	4494
5	2246	2145	2172	4495
5	2288	1942	2131	4496
5	2416	1981	2146	4497
5	2248	2247	2004	4498
5	2248	2004	2128	4499
5	2378	2086	2271	4500
5	2353	2117	2281	4501
5	2307	2243	2163	4502
5	2308	2164	2250	4503
5	2251	2183	2102	4504
5	2598	2462	2512	4505
5	2419	2252	2144	4506
5	2262	2139	2231	4507
5	2355	2279	2216	4508
5	2420	2279	2355	4509
5	2354	2217	2353	4510
5	2254	2113	2112	4511
5	2675	2510	2405	4512
5	2284	2178	2179	4513
5	2359	2273	2222	4514
5	2343	2111	2256	4515
5	2257	2238	2125	4516
5	2257	2125	2126	4517
5	2315	2144	2027	4518
5	2315	2027	2174	4519
5	2294	2120	2259	4520
5	2265	2250	2092	4521
5	2487	2352	2351	4522
5	2488	2264	2352	4523
5	2423	2261	2263	4524
5	2350	2107	2211	4525
5	2573	2433	2572	4526
5	2286	2160	2089	4527
5	2263	2261	2212	4528
5	2263	2212	2107	4529
5	2264	2259	2124	4530
5	2264	2124	2215	4531
5	2514	2394	2414	4532
5	2381	2342	2260	4533
5	2486	2351	2340	4534
5	2281	2117	2118	4535
5	2267	2235	2091	4536
5	2267	2091	2101	4537
5	2555	2284	2510	4538
5	2427	2268	2274	4539
5	2269	2257	2126	4540
5	2269	2126	2095	4541
5	2501	2438	2292	4542
5	2516	2233	2428	4543
5	2432	2366	2100	4544
5	2429	2378	2271	4545
5	2340	2090	2199	4546
5	2351	2213	2090	4547
5	2344	2203	2343	4548
5	2399	2343	2256	4549
5	2274	2268	2098	4550
5	2274	2098	2096	4551
5	2455	2275	2430	4552
5	2444	2300	2299	4553
5	2276	2260	2099	4554
5	2276	2099	2138	4555
5	2384	2278	2105	4556
5	2278	2103	2003	4557
5	2431	2158	2103	4558
5	2431	2103	2278	4559
5	2253	2159	1998	4560
5	2253	1998	1972	4561
5	2505	2118	2266	4562
5	2366	2240	2100	4563
5	2353	2217	2117	4564
5	2354	2218	2217	4565
5	2363	2227	2226	4566
5	2283	2256	2115	4567
5	2361	2224	2360	4568
5	2763	2632	2762	4569
5	2441	2106	2297	4570
5	2397	2266	2106	4571
5	2481	2345	2400	4572
5	2401	2231	2232	4573
5	2526	2445	2301	4574
5	2434	2230	2285	4575
5	2306	2251	2102	4576
5	2306	2161	2287	4577
5	2503	2389	2439	4578
5	2290	1952	2134	4579
5	2289	2150	1982	4580
5	2289	1982	2147	4581
5	2383	2104	2247	4582
5	2390	2131	2291	4583
5	2390	2288	2131	4584
5	2518	2295	2440	4585
5	2428	2233	2157	4586
5	2791	2567	2651	4587
5	2380	2304	2167	4588
5	2388	2136	2148	4589
5	2294	2265	2140	4590
5	2294	2140	2120	4591
5	2519	2293	2386	4592
5	2365	2085	2239	4593
5	2436	2132	2150	4594
5	2296	2150	2289	4595
5	2297	2151	2245	4596
5	2432	2100	2280	4597
5	2300	2096	2154	4598
5	2300	2154	2299	4599
5	2395	2267	2228	4600
5	2300	2274	2096	4601
5	2412	2267	2395	4602
5	2638	2504	2509	4603
5	2375	2262	2231	4604
5	2302	2155	2301	4605
5	2302	2286	2089	4606
5	2302	2089	2155	4607
5	2368	2156	2234	4608
5	2452	2253	2109	4609
5	2304	2271	2088	4610
5	2304	2088	2167	4611
5	2305	2158	2229	4612
5	2305	2229	2127	4613
5	2435	2286	2302	4614
5	2619	2485	2618	4615
5	2483	2342	2381	4616
5	2572	2433	2423	4617
5	2308	2307	2165	4618
5	2308	2165	2164	4619
5	2310	2166	2116	4620
5	2321	2095	2182	4621
5	2459	2310	2458	4622
5	2632	2499	2498	4623
5	2313	2171	2170	4624
5	2313	2170	2312	4625
5	2570	2430	2427	4626
5	2313	2237	2171	4627
5	2427	2274	2377	4628
5	2444	2377	2300	4629
5	2452	2393	2314	4630
5	2452	2109	2252	4631
5	2588	2315	2453	4632
5	2767	2642	2588	4633
5	2489	2353	2281	4634
5	2454	2254	2318	4635
5	2451	2407	2313	4636
5	2780	2644	2766	4637
5	2491	2355	2356	4638
5	2405	2284	2255	4639
5	2319	2318	2177	4640
5	2319	2177	2176	4641
5	2464	2309	2326	4642
5	2630	2497	2496	4643
5	2323	2181	2322	4644
5	2406	2360	2282	4645
5	2323	2182	2181	4646
5	2323	2321	2182	4647
5	2460	2322	2449	4648
5	2499	2363	2498	4649
5	2325	2185	2184	4650
5	2326	2185	2325	4651
5	2463	2325	2462	4652
5	2761	2630	2760	4653
5	2599	2463	2598	4654
5	2689	2522	2543	4655
5	2466	2327	2465	4656
5	2465	2279	2420	4657
5	2490	2353	2489	4658
5	2333	2191	2332	4659
5	2465	2327	2279	4660
5	2479	2340	2272	4661
5	2467	2328	2466	4662
5	2466	2328	2327	4663
5	2487	2351	2486	4664
5	2333	2192	2191	4665
5	2477	2339	2338	4666
5	2467	2329	2328	4667
5	2471	2332	2470	4668
5	2335	2194	2193	4669
5	2468	2330	2329	4670
5	2473	2334	2472	4671
5	2469	2330	2468	4672
5	2338	2196	2337	4673
5	2469	2331	2330	4674
5	2470	2332	2331	4675
5	2472	2333	2471	4676
5	2339	2272	2198	4677
5	2471	2333	2332	4678
5	2478	2339	2477	4679
5	2472	2334	2333	4680
5	2473	2335	2334	4681
5	2479	2272	2478	4682
5	2352	2215	2214	4683
5	2348	2202	2342	4684
5	2484	2348	2483	4685
5	2348	2210	2202	4686
5	2348	2341	2210	4687
5	2344	2204	2203	4688
5	2357	2220	2204	4689
5	2412	2372	2235	4690
5	2359	2221	2358	4691
5	2346	2208	2207	4692
5	2347	2232	2209	4693
5	2370	2303	2262	4694
5	2347	2208	2346	4695
5	2418	2251	2306	4696
5	2711	2572	2528	4697
5	2425	2265	2294	4698
5	2620	2479	2614	4699
5	2350	2263	2107	4700
5	2349	2211	2123	4701
5	2528	2423	2374	4702
5	2423	2263	2374	4703
5	2474	2336	2335	4704
5	2371	2250	2265	4705
5	2376	2259	2264	4706
5	2477	2338	2476	4707
5	2430	2268	2427	4708
5	2356	2218	2354	4709
5	2586	2524	2407	4710
5	2566	2457	2529	4711
5	2470	2331	2469	4712
5	2468	2329	2467	4713
5	2356	2355	2219	4714
5	2356	2219	2218	4715
5	2821	2722	2780	4716
5	2761	2631	2630	4717
5	2726	2589	2724	4718
5	2463	2326	2325	4719
5	2496	2360	2406	4720
5	2632	2498	2631	4721
5	2361	2225	2224	4722
5	2362	2226	2225	4723
5	2630	2496	2629	4724
5	2364	2142	2227	4725
5	3011	2931	2887	4726
5	2912	2884	2769	4727
5	2494	2357	2492	4728
5	2364	2227	2363	4729
5	2411	2395	2228	4730
5	2399	2256	2373	4731
5	2674	2505	2397	4732
5	2428	2157	2270	4733
5	2367	2240	2366	4734
5	2367	2249	2240	4735
5	2537	2241	2438	4736
5	2695	2537	2637	4737
5	2523	2258	2368	4738
5	2523	2424	2258	4739
5	2437	2296	2290	4740
5	2369	2290	2134	4741
5	2733	2598	2647	4742
5	2540	2303	2370	4743
5	2448	2414	2307	4744
5	2546	2381	2521	4745
5	2372	2311	2235	4746
5	2524	2396	2407	4747
5	2500	2373	2283	4748
5	2499	2364	2363	4749
5	2485	2374	2350	4750
5	2572	2423	2528	4751
5	2482	2346	2481	4752
5	2520	2375	2401	4753
5	2404	2294	2259	4754
5	2425	2294	2404	4755
5	2570	2427	2522	4756
5	2396	2298	2237	4757
5	2552	2369	2544	4758
5	2801	2501	2648	4759
5	2438	2133	2292	4760
5	2380	2167	2379	4761
5	2516	2379	2233	4762
5	2391	2128	2288	4763
5	2382	2349	2236	4764
5	2698	2616	2690	4765
5	2563	2394	2514	4766
5	2565	2371	2425	4767
5	2417	2247	2248	4768
5	2548	2415	2229	4769
5	2549	2277	2383	4770
5	2415	2244	2229	4771
5	2385	2319	2317	4772
5	2455	2316	2275	4773
5	2387	2097	2293	4774
5	2386	2293	2135	4775
5	2569	2545	2378	4776
5	2389	2239	2242	4777
5	2648	2365	2551	4778
5	2555	2280	2178	4779
5	2548	2229	2431	4780
5	2439	2136	2388	4781
5	2552	2437	2369	4782
5	2576	2296	2437	4783
5	2553	2288	2390	4784
5	2437	2290	2369	4785
5	2392	2368	2234	4786
5	2392	2234	2246	4787
5	2393	2392	2246	4788
5	2393	2246	2314	4789
5	2422	2381	2260	4790
5	2394	2276	2243	4791
5	2840	2707	2692	4792
5	2760	2629	2759	4793
5	2443	2299	2298	4794
5	2444	2299	2443	4795
5	2534	2367	2366	4796
5	2426	2356	2354	4797
5	2398	2324	2251	4798
5	2573	2507	2434	4799
5	2493	2411	2273	4800
5	2480	2343	2399	4801
5	2526	2301	2424	4802
5	2424	2301	2173	4803
5	2513	2435	2445	4804
5	2482	2347	2346	4805
5	2402	2401	2232	4806
5	2402	2232	2347	4807
5	2403	2382	2236	4808
5	2403	2236	2341	4809
5	2673	2528	2619	4810
5	2584	2371	2565	4811
5	2557	2420	2491	4812
5	2716	2534	2535	4813
5	2498	2362	2497	4814
5	2497	2361	2496	4815
5	2407	2396	2237	4816
5	2407	2237	2313	4817
5	2408	2406	2282	4818
5	2408	2282	2238	4819
5	2409	2408	2238	4820
5	2409	2238	2257	4821
5	2410	2409	2257	4822
5	2410	2257	2269	4823
5	2492	2344	2480	4824
5	2494	2358	2357	4825
5	2530	2502	2492	4826
5	2530	2480	2399	4827
5	2413	2410	2269	4828
5	2413	2269	2321	4829
5	2414	2394	2243	4830
5	2414	2243	2307	4831
5	2544	2369	2097	4832
5	2440	2295	2137	4833
5	2685	2440	2653	4834
5	2653	2440	2560	4835
5	2667	2515	2505	4836
5	2660	2571	2384	4837
5	2447	2418	2306	4838
5	2447	2287	2446	4839
5	2689	2682	2522	4840
5	2452	2314	2253	4841
5	2491	2420	2355	4842
5	2491	2356	2426	4843
5	2590	2456	2455	4844
5	2421	2405	2255	4845
5	2690	2616	2617	4846
5	2892	2781	2782	4847
5	2433	2285	2261	4848
5	2434	2285	2433	4849
5	2453	2174	2303	4850
5	2618	2485	2382	4851
5	2521	2381	2422	4852
5	2975	2841	2893	4853
5	2693	2566	2529	4854
5	2625	2558	2421	4855
5	2456	2385	2317	4856
5	2668	2645	2554	4857
5	2567	2270	2087	4858
5	2658	2367	2534	4859
5	2661	2429	2550	4860
5	2519	2387	2293	4861
5	2591	2385	2456	4862
5	2626	2491	2426	4863
5	2660	2548	2571	4864
5	2701	2561	2415	4865
5	2510	2284	2405	4866
5	2771	2550	2659	4867
5	2720	2520	2583	4868
5	2434	2400	2230	4869
5	2730	2525	2596	4870
5	2712	2572	2711	4871
5	2698	2547	2616	4872
5	2446	2287	2286	4873
5	2575	2291	2436	4874
5	2436	2150	2296	4875
5	2839	2666	2553	4876
5	2436	2291	2132	4877
5	2501	2292	2365	4878
5	3006	2834	2756	4879
5	2439	2389	2242	4880
5	2439	2242	2136	4881
5	2654	2552	2544	4882
5	2773	2552	2654	4883
5	3145	3066	3083	4884
5	2623	2426	2490	4885
5	2442	2441	2297	4886
5	2442	2297	2245	4887
5	2628	2493	2495	4888
5	2724	2570	2682	4889
5	2532	2395	2411	4890
5	2603	2467	2602	4891
5	2445	2435	2302	4892
5	2445	2302	2301	4893
5	2447	2306	2287	4894
5	2525	2410	2413	4895
5	2546	2483	2381	4896
5	2596	2461	2595	4897
5	2614	2479	2478	4898
5	2610	2474	2609	4899
5	2461	2413	2321	4900
5	2461	2323	2460	4901
5	2451	2313	2312	4902
5	2450	2312	2311	4903
5	2722	2585	2644	4904
5	2586	2451	2585	4905
5	2587	2252	2419	4906
5	2587	2452	2252	4907
5	2588	2419	2315	4908
5	2453	2315	2174	4909
5	2490	2354	2353	4910
5	2454	2421	2254	4911
5	2456	2316	2455	4912
5	2456	2317	2316	4913
5	2579	2396	2524	4914
5	2762	2632	2631	4915
5	2457	2454	2318	4916
5	2457	2318	2319	4917
5	2459	2320	2310	4918
5	2459	2449	2320	4919
5	2574	2446	2435	4920
5	2649	2502	2530	4921
5	2596	2525	2413	4922
5	2598	2463	2462	4923
5	2595	2461	2460	4924
5	2525	2509	2410	4925
5	2845	2822	2665	4926
5	2464	2326	2463	4927
5	2592	2459	2458	4928
5	2464	2458	2309	4929
5	2594	2460	2449	4930
5	2729	2594	2593	4931
5	2611	2476	2475	4932
5	2602	2466	2601	4933
5	2604	2468	2603	4934
5	2600	2465	2420	4935
5	2612	2477	2476	4936
5	2558	2405	2421	4937
5	2601	2466	2465	4938
5	2474	2335	2473	4939
5	2608	2472	2607	4940
5	2605	2469	2604	4941
5	2602	2467	2466	4942
5	2612	2476	2611	4943
5	2603	2468	2467	4944
5	2476	2338	2337	4945
5	2609	2473	2608	4946
5	2614	2478	2613	4947
5	2604	2469	2468	4948
5	2605	2470	2469	4949
5	2607	2471	2606	4950
5	2476	2337	2475	4951
5	2606	2470	2605	4952
5	2606	2471	2470	4953
5	2613	2477	2612	4954
5	2488	2352	2487	4955
5	2607	2472	2471	4956
5	2608	2473	2472	4957
5	2621	2486	2620	4958
5	2486	2340	2479	4959
5	2609	2474	2473	4960
5	2610	2475	2474	4961
5	2492	2357	2344	4962
5	2493	2273	2359	4963
5	2482	2402	2347	4964
5	2481	2346	2345	4965
5	2583	2520	2401	4966
5	2581	2418	2447	4967
5	2484	2341	2348	4968
5	2943	2831	2798	4969
5	2541	2404	2376	4970
5	2584	2448	2371	4971
5	2618	2382	2547	4972
5	2749	2547	2698	4973
5	2622	2488	2487	4974
5	2841	2706	2775	4975
5	2721	2584	2565	4976
5	2488	2376	2264	4977
5	2617	2483	2546	4978
5	2541	2376	2508	4979
5	2490	2426	2354	4980
5	2600	2420	2557	4981
5	2674	2667	2505	4982
5	2705	2555	2704	4983
5	2704	2555	2510	4984
5	2601	2465	2600	4985
5	3015	2905	2913	4986
5	2628	2495	2627	4987
5	2495	2358	2494	4988
5	2542	2372	2412	4989
5	2495	2359	2358	4990
5	2495	2493	2359	4991
5	2591	2529	2385	4992
5	2543	2522	2377	4993
5	2533	2408	2504	4994
5	2633	2531	2373	4995
5	2533	2406	2408	4996
5	2500	2283	2364	4997
5	2530	2399	2531	4998
5	2530	2492	2480	4999
5	2633	2373	2500	5000
5	2500	2364	2499	5001
5	2827	2650	2664	5002
5	2631	2498	2497	5003
5	2705	2432	2555	5004
5	2567	2087	2249	5005
5	2502	2494	2492	5006
5	2629	2406	2533	5007
5	2678	2551	2389	5008
5	2551	2239	2389	5009
5	2593	2449	2459	5010
5	2596	2413	2461	5011
5	2515	2281	2505	5012
5	2505	2281	2118	5013
5	2506	2481	2400	5014
5	2573	2434	2433	5015
5	2507	2506	2400	5016
5	2507	2400	2434	5017
5	2679	2508	2622	5018
5	2620	2486	2479	5019
5	2509	2504	2409	5020
5	2509	2409	2410	5021
5	2537	2093	2241	5022
5	2515	2489	2281	5023
5	2511	2450	2372	5024
5	2542	2511	2372	5025
5	2512	2462	2398	5026
5	2854	2765	2729	5027
5	2583	2401	2402	5028
5	2574	2435	2513	5029
5	2878	2751	2877	5030
5	2541	2425	2404	5031
5	2697	2559	2640	5032
5	2589	2430	2570	5033
5	2550	2429	2304	5034
5	2811	2685	2653	5035
5	2517	2503	2439	5036
5	2517	2439	2388	5037
5	2634	2503	2517	5038
5	2518	2517	2388	5039
5	2770	2700	2569	5040
5	2569	2378	2429	5041
5	2540	2453	2303	5042
5	2564	2375	2520	5043
5	2750	2673	2619	5044
5	2691	2546	2656	5045
5	2522	2427	2377	5046
5	2783	2717	2643	5047
5	2642	2419	2588	5048
5	2639	2424	2523	5049
5	2543	2377	2444	5050
5	2795	2689	2669	5051
5	2593	2459	2592	5052
5	3090	2957	3016	5053
5	2635	2445	2526	5054
5	2639	2526	2424	5055
5	2527	2514	2414	5056
5	2527	2414	2448	5057
5	2781	2690	2691	5058
5	2836	2698	2690	5059
5	2529	2457	2385	5060
5	2682	2570	2522	5061
5	2692	2626	2623	5062
5	2758	2668	2628	5063
5	2755	2623	2624	5064
5	2531	2399	2373	5065
5	2559	2395	2532	5066
5	2776	2768	2640	5067
5	2629	2496	2406	5068
5	2631	2497	2630	5069
5	2536	2442	2245	5070
5	2637	2537	2438	5071
5	2535	2534	2366	5072
5	2535	2366	2432	5073
5	2577	2397	2441	5074
5	2967	2578	2636	5075
5	2537	2536	2245	5076
5	2537	2245	2093	5077
5	2538	2523	2368	5078
5	2538	2368	2392	5079
5	2539	2512	2398	5080
5	2539	2398	2418	5081
5	2663	2512	2539	5082
5	2639	2538	2655	5083
5	2565	2425	2541	5084
5	2583	2402	2556	5085
5	2669	2543	2580	5086
5	2883	2840	2692	5087
5	2580	2443	2579	5088
5	2580	2543	2444	5089
5	2660	2384	2549	5090
5	2553	2391	2288	5091
5	2545	2519	2386	5092
5	2545	2386	2378	5093
5	2547	2382	2403	5094
5	2619	2374	2485	5095
5	2749	2618	2547	5096
5	2688	2521	2563	5097
5	2549	2384	2277	5098
5	2571	2278	2384	5099
5	2701	2415	2548	5100
5	2654	2544	2652	5101
5	2785	2577	2715	5102
5	2551	2365	2239	5103
5	2666	2417	2391	5104
5	2666	2391	2553	5105
5	2702	2653	2560	5106
5	2648	2501	2365	5107
5	3059	2837	2938	5108
5	2576	2436	2296	5109
5	2554	2532	2411	5110
5	2554	2411	2493	5111
5	2774	2705	2704	5112
5	2815	2651	2568	5113
5	2681	2527	2584	5114
5	2584	2527	2448	5115
5	2626	2426	2623	5116
5	2727	2725	2591	5117
5	3136	3031	2946	5118
5	2625	2421	2454	5119
5	2559	2542	2412	5120
5	2559	2412	2395	5121
5	2560	2440	2137	5122
5	2560	2137	2416	5123
5	2561	2560	2416	5124
5	2561	2416	2415	5125
5	2562	2538	2392	5126
5	2562	2392	2393	5127
5	2563	2521	2422	5128
5	2563	2422	2394	5129
5	2767	2588	2723	5130
5	2564	2370	2375	5131
5	2900	2788	2789	5132
5	2871	2745	2870	5133
5	2625	2454	2566	5134
5	2566	2454	2457	5135
5	2801	2637	2501	5136
5	2791	2428	2567	5137
5	2568	2567	2249	5138
5	2568	2249	2367	5139
5	2686	2652	2387	5140
5	2686	2387	2519	5141
5	2589	2455	2430	5142
5	2590	2455	2589	5143
5	2571	2548	2431	5144
5	2571	2431	2278	5145
5	2827	2796	2650	5146
5	2713	2507	2573	5147
5	2671	2664	2615	5148
5	2796	2720	2650	5149
5	2581	2539	2418	5150
5	2582	2446	2574	5151
5	2714	2390	2575	5152
5	2575	2390	2291	5153
5	2714	2575	2576	5154
5	2576	2575	2436	5155
5	2825	2678	2503	5156
5	2803	2695	2637	5157
5	2578	2577	2441	5158
5	2578	2441	2442	5159
5	2580	2444	2443	5160
5	2579	2443	2396	5161
5	2708	2489	2515	5162
5	2689	2543	2669	5163
5	2719	2574	2677	5164
5	2728	2593	2592	5165
5	2582	2581	2447	5166
5	2582	2447	2446	5167
5	2720	2583	2650	5168
5	2720	2696	2520	5169
5	2798	2657	2672	5170
5	2706	2541	2508	5171
5	2586	2407	2451	5172
5	2585	2451	2450	5173
5	2676	2627	2502	5174
5	2800	2759	2646	5175
5	2587	2562	2393	5176
5	2587	2393	2452	5177
5	2723	2588	2453	5178
5	2655	2538	2562	5179
5	2717	2579	2643	5180
5	2852	2726	2793	5181
5	2725	2693	2529	5182
5	2591	2456	2590	5183
5	3178	3143	3015	5184
5	2963	2795	2919	5185
5	2595	2460	2594	5186
5	2594	2449	2593	5187
5	2848	2696	2720	5188
5	2728	2592	2662	5189
5	2778	2733	2647	5190
5	2763	2633	2632	5191
5	2733	2599	2598	5192
5	2731	2595	2594	5193
5	2729	2593	2728	5194
5	2764	2633	2763	5195
5	2597	2592	2458	5196
5	2597	2458	2464	5197
5	2599	2464	2463	5198
5	2599	2597	2464	5199
5	2662	2592	2597	5200
5	2731	2594	2729	5201
5	2724	2589	2570	5202
5	2797	2755	2624	5203
5	2708	2624	2489	5204
5	2737	2601	2736	5205
5	2736	2601	2600	5206
5	2737	2602	2601	5207
5	2735	2600	2557	5208
5	2707	2557	2626	5209
5	2741	2605	2740	5210
5	2613	2478	2477	5211
5	2752	2621	2620	5212
5	2738	2603	2602	5213
5	2743	2607	2742	5214
5	2622	2487	2621	5215
5	2739	2604	2603	5216
5	2753	2622	2621	5217
5	2744	2608	2743	5218
5	2740	2605	2604	5219
5	2745	2610	2609	5220
5	2611	2475	2610	5221
5	2741	2606	2605	5222
5	2746	2611	2610	5223
5	2742	2607	2606	5224
5	2748	2612	2747	5225
5	2743	2608	2607	5226
5	2748	2614	2613	5227
5	2745	2609	2744	5228
5	2621	2487	2486	5229
5	2751	2614	2748	5230
5	2744	2609	2608	5231
5	2615	2556	2482	5232
5	2615	2482	2481	5233
5	2616	2547	2403	5234
5	2616	2403	2484	5235
5	2617	2616	2484	5236
5	2617	2484	2483	5237
5	3020	2893	2898	5238
5	2619	2528	2374	5239
5	2688	2563	2657	5240
5	2721	2681	2584	5241
5	2746	2610	2745	5242
5	2622	2508	2488	5243
5	2747	2612	2611	5244
5	2751	2620	2614	5245
5	2681	2672	2527	5246
5	2706	2508	2679	5247
5	2738	2602	2737	5248
5	2626	2557	2491	5249
5	2624	2623	2490	5250
5	2624	2490	2489	5251
5	2735	2557	2707	5252
5	2707	2626	2692	5253
5	3163	3041	3154	5254
5	3204	3061	3137	5255
5	2628	2554	2493	5256
5	2627	2495	2494	5257
5	2882	2754	2881	5258
5	2901	2769	2792	5259
5	2646	2504	2638	5260
5	2764	2757	2531	5261
5	2951	2799	2804	5262
5	2650	2583	2556	5263
5	2832	2639	2655	5264
5	2633	2499	2632	5265
5	2646	2533	2504	5266
5	2885	2760	2759	5267
5	2759	2533	2646	5268
5	2764	2531	2633	5269
5	2940	2801	2648	5270
5	2637	2438	2501	5271
5	2924	2767	2723	5272
5	2635	2513	2445	5273
5	2636	2578	2442	5274
5	2636	2442	2536	5275
5	2906	2830	2779	5276
5	2651	2567	2568	5277
5	2854	2729	2728	5278
5	2730	2641	2525	5279
5	2709	2370	2564	5280
5	2642	2587	2419	5281
5	2640	2559	2532	5282
5	2784	2697	2768	5283
5	2641	2638	2509	5284
5	2641	2509	2525	5285
5	2639	2523	2538	5286
5	2642	2655	2562	5287
5	2643	2579	2524	5288
5	2670	2643	2524	5289
5	2670	2524	2586	5290
5	3107	2983	3105	5291
5	2645	2640	2532	5292
5	2645	2532	2554	5293
5	2807	2638	2799	5294
5	2759	2629	2533	5295
5	2647	2598	2512	5296
5	2663	2647	2512	5297
5	2659	2550	2380	5298
5	2946	2785	2715	5299
5	2668	2554	2628	5300
5	2676	2502	2649	5301
5	2853	2728	2662	5302
5	2677	2574	2513	5303
5	2695	2536	2537	5304
5	2659	2380	2379	5305
5	2703	2576	2437	5306
5	2810	2654	2652	5307
5	3027	2779	2935	5308
5	2915	2654	2810	5309
5	2702	2560	2561	5310
5	2969	2846	2896	5311
5	2642	2562	2587	5312
5	2847	2719	2677	5313
5	2656	2546	2521	5314
5	2876	2673	2750	5315
5	2688	2656	2521	5316
5	2657	2563	2514	5317
5	2815	2568	2658	5318
5	2658	2568	2367	5319
5	2904	2678	2825	5320
5	2661	2569	2429	5321
5	2938	2837	2702	5322
5	2699	2383	2417	5323
5	2947	2774	2894	5324
5	2818	2551	2678	5325
5	2734	2599	2733	5326
5	2857	2734	2733	5327
5	2671	2506	2665	5328
5	2711	2528	2673	5329
5	2664	2650	2556	5330
5	2664	2556	2615	5331
5	2671	2615	2506	5332
5	2665	2506	2507	5333
5	2817	2549	2699	5334
5	2699	2549	2383	5335
5	2675	2405	2558	5336
5	2756	2558	2625	5337
5	2758	2627	2676	5338
5	2784	2766	2694	5339
5	3133	2952	3050	5340
5	2912	2769	2901	5341
5	2780	2722	2644	5342
5	3061	2930	3026	5343
5	2809	2718	2719	5344
5	2680	2663	2539	5345
5	2672	2657	2514	5346
5	2672	2514	2527	5347
5	2713	2573	2712	5348
5	2712	2573	2572	5349
5	2674	2397	2577	5350
5	2715	2577	2578	5351
5	2756	2625	2754	5352
5	2739	2603	2738	5353
5	2758	2628	2627	5354
5	2889	2763	2762	5355
5	2680	2539	2581	5356
5	2777	2663	2680	5357
5	3027	2906	2779	5358
5	2779	2687	2700	5359
5	2753	2679	2622	5360
5	2752	2620	2751	5361
5	2790	2663	2777	5362
5	2978	2895	2854	5363
5	2710	2541	2706	5364
5	3004	2898	2880	5365
5	2851	2693	2725	5366
5	2986	2852	2793	5367
5	2683	2659	2379	5368
5	2683	2379	2516	5369
5	2938	2702	2838	5370
5	2684	2634	2517	5371
5	2685	2684	2518	5372
5	2685	2518	2440	5373
5	3138	3040	3023	5374
5	2770	2569	2661	5375
5	2687	2686	2519	5376
5	2687	2519	2545	5377
5	2788	2672	2681	5378
5	2921	2836	2916	5379
5	2966	2802	2635	5380
5	2833	2639	2832	5381
5	2750	2618	2749	5382
5	2750	2619	2618	5383
5	2691	2690	2617	5384
5	2691	2617	2546	5385
5	2753	2621	2752	5386
5	2736	2600	2735	5387
5	2754	2566	2693	5388
5	2834	2558	2756	5389
5	2694	2644	2511	5390
5	2694	2511	2542	5391
5	2786	2708	2515	5392
5	2835	2636	2536	5393
5	2802	2513	2635	5394
5	2709	2540	2370	5395
5	2697	2694	2542	5396
5	2697	2542	2559	5397
5	2843	2711	2842	5398
5	2874	2698	2836	5399
5	2812	2417	2666	5400
5	2838	2702	2561	5401
5	2700	2687	2545	5402
5	2700	2545	2569	5403
5	2830	2686	2687	5404
5	2907	2810	2830	5405
5	2838	2561	2701	5406
5	2703	2437	2552	5407
5	3023	2969	2896	5408
5	2714	2553	2390	5409
5	3186	2940	3058	5410
5	2772	2704	2510	5411
5	2923	2658	2534	5412
5	2705	2535	2432	5413
5	2710	2565	2541	5414
5	2721	2565	2710	5415
5	3008	2981	2840	5416
5	2726	2590	2589	5417
5	2862	2736	2861	5418
5	2754	2625	2566	5419
5	2787	2655	2642	5420
5	2850	2723	2540	5421
5	2831	2657	2798	5422
5	2814	2656	2688	5423
5	2849	2789	2721	5424
5	2713	2665	2507	5425
5	2843	2712	2711	5426
5	2922	2790	2920	5427
5	2999	2876	2875	5428
5	2925	2765	2895	5429
5	2839	2553	2714	5430
5	2846	2576	2703	5431
5	2774	2535	2705	5432
5	2772	2510	2675	5433
5	2816	2771	2659	5434
5	3014	2786	2897	5435
5	2717	2669	2580	5436
5	2717	2580	2579	5437
5	2718	2680	2581	5438
5	2718	2581	2582	5439
5	2719	2718	2582	5440
5	2719	2582	2574	5441
5	2874	2749	2698	5442
5	2857	2733	2778	5443
5	3127	3003	3002	5444
5	2877	2751	2748	5445
5	2722	2670	2586	5446
5	2722	2586	2585	5447
5	2924	2787	2767	5448
5	2802	2677	2513	5449
5	2725	2529	2591	5450
5	2828	2794	2682	5451
5	2727	2590	2726	5452
5	2863	2737	2862	5453
5	2727	2591	2590	5454
5	2879	2752	2878	5455
5	2881	2754	2693	5456
5	2740	2604	2739	5457
5	3052	2895	3041	5458
5	2799	2638	2641	5459
5	3140	3050	3055	5460
5	2889	2762	2887	5461
5	2732	2595	2731	5462
5	2732	2596	2595	5463
5	2732	2730	2596	5464
5	2942	2913	2780	5465
5	2888	2792	2757	5466
5	3010	2886	2885	5467
5	2734	2597	2599	5468
5	2734	2662	2597	5469
5	2826	2680	2718	5470
5	2822	2671	2665	5471
5	2913	2821	2780	5472
5	3117	2992	3116	5473
5	2828	2689	2795	5474
5	2852	2727	2726	5475
5	2882	2756	2754	5476
5	2742	2606	2741	5477
5	2928	2883	2755	5478
5	2861	2736	2735	5479
5	2871	2746	2745	5480
5	2863	2738	2737	5481
5	2862	2737	2736	5482
5	2865	2739	2864	5483
5	2864	2739	2738	5484
5	2748	2613	2612	5485
5	2873	2748	2747	5486
5	2868	2742	2867	5487
5	2865	2740	2739	5488
5	2869	2743	2868	5489
5	2866	2741	2740	5490
5	2872	2746	2871	5491
5	2880	2775	2679	5492
5	2747	2611	2746	5493
5	2867	2742	2741	5494
5	2868	2743	2742	5495
5	2877	2748	2873	5496
5	2869	2744	2743	5497
5	2880	2679	2753	5498
5	2870	2745	2744	5499
5	2836	2690	2781	5500
5	2842	2711	2673	5501
5	2970	2843	2842	5502
5	3002	2877	3001	5503
5	2878	2752	2751	5504
5	2872	2747	2746	5505
5	2879	2753	2752	5506
5	3545	3387	3529	5507
5	2798	2672	2788	5508
5	2849	2710	2841	5509
5	2864	2738	2863	5510
5	2797	2624	2708	5511
5	2861	2735	2859	5512
5	2755	2692	2623	5513
5	2774	2716	2535	5514
5	2929	2675	2834	5515
5	2757	2649	2530	5516
5	2757	2530	2531	5517
5	2930	2768	2776	5518
5	3011	2887	2886	5519
5	2760	2630	2629	5520
5	2762	2631	2761	5521
5	2886	2760	2885	5522
5	2885	2759	2800	5523
5	2886	2761	2760	5524
5	2942	2780	2766	5525
5	2884	2676	2769	5526
5	2887	2762	2761	5527
5	2769	2676	2649	5528
5	2911	2805	2823	5529
5	2888	2757	2764	5530
5	2887	2761	2886	5531
5	2765	2731	2729	5532
5	2854	2728	2853	5533
5	3026	2939	3021	5534
5	2952	2807	2891	5535
5	3070	2961	2847	5536
5	2787	2642	2767	5537
5	2784	2694	2697	5538
5	2768	2697	2640	5539
5	2776	2640	2645	5540
5	3079	2933	3074	5541
5	2818	2648	2551	5542
5	3076	2770	2936	5543
5	3156	3060	2953	5544
5	2771	2661	2550	5545
5	2937	2708	2786	5546
5	2786	2515	2667	5547
5	3028	2936	2771	5548
5	2773	2703	2552	5549
5	2785	2674	2577	5550
5	2785	2667	2674	5551
5	2775	2706	2679	5552
5	2880	2753	2879	5553
5	3029	3012	3013	5554
5	3169	3082	3143	5555
5	2845	2665	2713	5556
5	2824	2671	2822	5557
5	2844	2712	2843	5558
5	2960	2920	2777	5559
5	3037	3024	2918	5560
5	2935	2779	2700	5561
5	3207	3074	3204	5562
5	3233	3067	3201	5563
5	2814	2782	2656	5564
5	2998	2874	2921	5565
5	2782	2781	2691	5566
5	2782	2691	2656	5567
5	3047	3008	2883	5568
5	3170	3081	3169	5569
5	2945	2768	2930	5570
5	2913	2905	2821	5571
5	3031	2785	2946	5572
5	2894	2774	2704	5573
5	3032	2834	3006	5574
5	2897	2786	2667	5575
5	2966	2635	2833	5576
5	2850	2540	2709	5577
5	2973	2845	2844	5578
5	2971	2957	2822	5579
5	2789	2788	2681	5580
5	2789	2681	2721	5581
5	2790	2778	2647	5582
5	2790	2647	2663	5583
5	2808	2428	2791	5584
5	2808	2516	2428	5585
5	2792	2769	2649	5586
5	2792	2649	2757	5587
5	2793	2726	2724	5588
5	2820	2717	2783	5589
5	2794	2793	2724	5590
5	2794	2724	2682	5591
5	2828	2682	2689	5592
5	3372	3258	3270	5593
5	2845	2713	2844	5594
5	2847	2809	2719	5595
5	2834	2675	2558	5596
5	2894	2704	2772	5597
5	3127	3002	3126	5598
5	2950	2788	2900	5599
5	3009	2885	2800	5600
5	3009	2800	2952	5601
5	3158	3021	3053	5602
5	2932	2901	2792	5603
5	2835	2536	2695	5604
5	3160	2637	2801	5605
5	2813	2564	2696	5606
5	2848	2720	2796	5607
5	2816	2659	2683	5608
5	2808	2683	2516	5609
5	2804	2799	2641	5610
5	2804	2641	2730	5611
5	2805	2776	2645	5612
5	2805	2645	2668	5613
5	2806	2783	2643	5614
5	2806	2643	2670	5615
5	2807	2800	2646	5616
5	2807	2646	2638	5617
5	2936	2661	2771	5618
5	3174	2929	3032	5619
5	2813	2709	2564	5620
5	2824	2664	2671	5621
5	2829	2684	2811	5622
5	2811	2684	2685	5623
5	2830	2687	2779	5624
5	2825	2503	2634	5625
5	2817	2660	2549	5626
5	2812	2699	2417	5627
5	2832	2655	2787	5628
5	2954	2709	2813	5629
5	2916	2836	2781	5630
5	2999	2875	2998	5631
5	2918	2695	2803	5632
5	2904	2818	2678	5633
5	2909	2791	2651	5634
5	2918	2835	2695	5635
5	3097	2968	2908	5636
5	2819	2660	2817	5637
5	2907	2830	2906	5638
5	3065	2801	2940	5639
5	2819	2701	2548	5640
5	2819	2548	2660	5641
5	2820	2795	2669	5642
5	2820	2669	2717	5643
5	2821	2806	2670	5644
5	2821	2670	2722	5645
5	2827	2664	2824	5646
5	2826	2718	2809	5647
5	2823	2805	2668	5648
5	2823	2668	2758	5649
5	2974	2827	2958	5650
5	2920	2790	2777	5651
5	2959	2829	2811	5652
5	2935	2700	2770	5653
5	3092	3016	2971	5654
5	2826	2777	2680	5655
5	2914	2857	2778	5656
5	2962	2696	2848	5657
5	2919	2820	2899	5658
5	2982	2851	2860	5659
5	3058	2940	2818	5660
5	2829	2634	2684	5661
5	2830	2810	2652	5662
5	2830	2652	2686	5663
5	2831	2814	2688	5664
5	2831	2688	2657	5665
5	2833	2526	2639	5666
5	2833	2635	2526	5667
5	2903	2677	2802	5668
5	3166	3086	2961	5669
5	2859	2707	2840	5670
5	2859	2735	2707	5671
5	2967	2835	2918	5672
5	2967	2636	2835	5673
5	2876	2842	2673	5674
5	2844	2713	2712	5675
5	2837	2811	2653	5676
5	2837	2653	2702	5677
5	3063	2773	2915	5678
5	2968	2819	2908	5679
5	2896	2846	2703	5680
5	2896	2703	2773	5681
5	2866	2740	2865	5682
5	2867	2741	2866	5683
5	2849	2721	2710	5684
5	2841	2710	2706	5685
5	2875	2749	2874	5686
5	2916	2781	2892	5687
5	3101	3051	2972	5688
5	2895	2765	2854	5689
5	2921	2874	2836	5690
5	2957	2824	2822	5691
5	2978	2854	2853	5692
5	3038	2979	2914	5693
5	2846	2839	2714	5694
5	2846	2714	2576	5695
5	2958	2824	2957	5696
5	2961	2960	2826	5697
5	2977	2787	2924	5698
5	3147	2954	3093	5699
5	3148	3080	3141	5700
5	3191	3064	3167	5701
5	3045	2850	2954	5702
5	2924	2723	2850	5703
5	2881	2693	2851	5704
5	3046	2923	2716	5705
5	2860	2727	2852	5706
5	2860	2725	2727	5707
5	2858	2734	2857	5708
5	3068	2998	2921	5709
5	2951	2891	2799	5710
5	2926	2804	2855	5711
5	2855	2804	2730	5712
5	2855	2730	2732	5713
5	2856	2855	2732	5714
5	2856	2732	2731	5715
5	2858	2662	2734	5716
5	2858	2853	2662	5717
5	2958	2827	2824	5718
5	2922	2778	2790	5719
5	2981	2859	2840	5720
5	3047	2883	2928	5721
5	2989	2864	2988	5722
5	2860	2851	2725	5723
5	3005	2881	2851	5724
5	2986	2793	2927	5725
5	2984	2860	2852	5726
5	2919	2795	2820	5727
5	3019	2919	3018	5728
5	2939	2805	2911	5729
5	2983	2861	2859	5730
5	2870	2744	2869	5731
5	2985	2862	2861	5732
5	2992	2867	2991	5733
5	2987	2863	2862	5734
5	2988	2864	2863	5735
5	2996	2872	2871	5736
5	2989	2865	2864	5737
5	2993	2868	2992	5738
5	2990	2866	2865	5739
5	2994	2869	2993	5740
5	2991	2867	2866	5741
5	3004	2879	3003	5742
5	2873	2747	2872	5743
5	2992	2868	2867	5744
5	3003	2879	2878	5745
5	2995	2870	2994	5746
5	2993	2869	2868	5747
5	2994	2870	2869	5748
5	3257	3172	3242	5749
5	2875	2750	2749	5750
5	2876	2750	2875	5751
5	2973	2971	2845	5752
5	2955	2831	2943	5753
5	3256	3154	3226	5754
5	3001	2873	2997	5755
5	2995	2871	2870	5756
5	2997	2873	2872	5757
5	3373	3260	3297	5758
5	3002	2878	2877	5759
5	3004	2880	2879	5760
5	3001	2877	2873	5761
5	3043	2893	3020	5762
5	3244	3242	3124	5763
5	2996	2871	2995	5764
5	3174	3072	2929	5765
5	2883	2692	2755	5766
5	2983	2859	2981	5767
5	2928	2755	2797	5768
5	2990	2865	2989	5769
5	2884	2823	2758	5770
5	2884	2758	2676	5771
5	2931	2889	2887	5772
5	3135	3034	3011	5773
5	3122	2998	3068	5774
5	3041	2895	2978	5775
5	3000	2970	2842	5776
5	2952	2800	2807	5777
5	2890	2763	2889	5778
5	2890	2888	2764	5779
5	2890	2764	2763	5780
5	3026	2930	2939	5781
5	3152	3056	3073	5782
5	3307	3193	3258	5783
5	2891	2807	2799	5784
5	3135	3010	3134	5785
5	2948	2892	2782	5786
5	2948	2782	2814	5787
5	2893	2841	2775	5788
5	3003	2878	3002	5789
5	2923	2534	2716	5790
5	2897	2667	2785	5791
5	2902	2855	2856	5792
5	2926	2855	2902	5793
5	2956	2699	2812	5794
5	3063	2896	2773	5795
5	2988	2863	2987	5796
5	3183	3162	2947	5797
5	2898	2893	2775	5798
5	2898	2775	2880	5799
5	2899	2820	2783	5800
5	2905	2806	2821	5801
5	2976	2849	2975	5802
5	2976	2900	2789	5803
5	3258	3193	3205	5804
5	3013	2889	2931	5805
5	3154	3041	3062	5806
5	3057	2925	3052	5807
5	2960	2777	2826	5808
5	2903	2847	2677	5809
5	3182	2906	3027	5810
5	3156	2953	3035	5811
5	2944	2806	2905	5812
5	2944	2783	2806	5813
5	3098	2968	3097	5814
5	2908	2819	2817	5815
5	2941	2811	2837	5816
5	3017	2810	2907	5817
5	2968	2701	2819	5818
5	2968	2838	2701	5819
5	3028	2771	2816	5820
5	3076	2935	2770	5821
5	2910	2909	2651	5822
5	2910	2651	2815	5823
5	2934	2884	2912	5824
5	2934	2823	2884	5825
5	2934	2911	2823	5826
5	3061	2945	2930	5827
5	3030	2913	2942	5828
5	3292	3132	3168	5829
5	3100	2922	3099	5830
5	2979	2857	2914	5831
5	3063	3023	2896	5832
5	2915	2773	2654	5833
5	3103	2975	3043	5834
5	3080	2950	3025	5835
5	2917	2812	2666	5836
5	2917	2666	2839	5837
5	3037	2918	2803	5838
5	3162	3046	2947	5839
5	2927	2793	2794	5840
5	3019	2963	2919	5841
5	3092	2971	2973	5842
5	2922	2914	2778	5843
5	3243	3122	3157	5844
5	3064	2916	2892	5845
5	2998	2875	2874	5846
5	2972	2843	2970	5847
5	2923	2910	2815	5848
5	2923	2815	2658	5849
5	3099	2920	3091	5850
5	2965	2833	2832	5851
5	2925	2902	2856	5852
5	2925	2856	2765	5853
5	3052	2925	2895	5854
5	2951	2804	2926	5855
5	3151	2937	3014	5856
5	3178	3030	3144	5857
5	3006	2756	2882	5858
5	3014	2937	2786	5859
5	3072	2894	2772	5860
5	2929	2772	2675	5861
5	2933	2766	2784	5862
5	2942	2766	2933	5863
5	2932	2792	2888	5864
5	3053	2911	2934	5865
5	3075	3053	2934	5866
5	3073	3012	3029	5867
5	3467	3356	3466	5868
5	3056	2901	2932	5869
5	3390	3258	3372	5870
5	3053	3021	2911	5871
5	3159	2935	3076	5872
5	2936	2770	2661	5873
5	2940	2648	2818	5874
5	2964	2634	2829	5875
5	3077	2797	2937	5876
5	2937	2797	2708	5877
5	3017	2915	2810	5878
5	3181	3017	2907	5879
5	2939	2930	2776	5880
5	2939	2776	2805	5881
5	3160	2801	3065	5882
5	3058	2818	2904	5883
5	3181	2907	3078	5884
5	2959	2811	2941	5885
5	3135	3011	3010	5886
5	3030	3015	2913	5887
5	3064	2892	3044	5888
5	3260	3141	3149	5889
5	3115	2990	3114	5890
5	2944	2899	2783	5891
5	2945	2933	2784	5892
5	2945	2784	2768	5893
5	3083	2923	3046	5894
5	2947	2716	2774	5895
5	3196	3136	2946	5896
5	3096	2946	2715	5897
5	3172	3051	3101	5898
5	3323	3191	3167	5899
5	2949	2927	2794	5900
5	2949	2794	2828	5901
5	2950	2943	2798	5902
5	2950	2798	2788	5903
5	3374	3261	3315	5904
5	3057	2902	2925	5905
5	3011	2886	3010	5906
5	3010	2885	3009	5907
5	2953	2816	2683	5908
5	2953	2683	2808	5909
5	3093	2813	2962	5910
5	2954	2850	2709	5911
5	2955	2948	2814	5912
5	2955	2814	2831	5913
5	2956	2908	2817	5914
5	2956	2817	2699	5915
5	2973	2844	2972	5916
5	3055	2891	2951	5917
5	2961	2809	2847	5918
5	3102	2958	3090	5919
5	3078	2907	2906	5920
5	3089	2964	2829	5921
5	3087	2962	2848	5922
5	3070	2847	2903	5923
5	2961	2826	2809	5924
5	3286	3173	3263	5925
5	3244	3124	3123	5926
5	2962	2813	2696	5927
5	2963	2949	2828	5928
5	2963	2828	2795	5929
5	3281	3037	3142	5930
5	2964	2825	2634	5931
5	3039	2903	2802	5932
5	3166	2961	3070	5933
5	2966	2833	2965	5934
5	3039	2802	2966	5935
5	3096	2715	2967	5936
5	2967	2715	2578	5937
5	3022	2908	2956	5938
5	3098	2938	2838	5939
5	2969	2917	2839	5940
5	2969	2839	2846	5941
5	2971	2822	2845	5942
5	3090	2958	2957	5943
5	2972	2844	2843	5944
5	3016	2957	2971	5945
5	3091	2960	3086	5946
5	2980	2978	2853	5947
5	2974	2796	2827	5948
5	2974	2848	2796	5949
5	3062	3041	2978	5950
5	3095	3039	2966	5951
5	2976	2789	2849	5952
5	2975	2849	2841	5953
5	3044	2892	2948	5954
5	3103	3033	2976	5955
5	2977	2965	2832	5956
5	2977	2832	2787	5957
5	2980	2858	2979	5958
5	3086	2960	2961	5959
5	2980	2853	2858	5960
5	2979	2858	2857	5961
5	3100	2914	2922	5962
5	3248	3179	3128	5963
5	2985	2861	2983	5964
5	2987	2862	2985	5965
5	3005	2851	2982	5966
5	3007	2881	3005	5967
5	3168	3008	3047	5968
5	2991	2866	2990	5969
5	3129	3005	2982	5970
5	2984	2982	2860	5971
5	3106	2982	2984	5972
5	2997	2872	2996	5973
5	3110	2986	2927	5974
5	2986	2984	2852	5975
5	3018	2919	2899	5976
5	3082	2905	3015	5977
5	3229	3108	3110	5978
5	3331	3204	3259	5979
5	3067	2949	2963	5980
5	3251	3129	3249	5981
5	3109	2987	2985	5982
5	3111	2988	2987	5983
5	3118	2993	3117	5984
5	3113	2989	2988	5985
5	3119	2994	3118	5986
5	3126	3002	3001	5987
5	3114	2990	2989	5988
5	3120	2995	3119	5989
5	3115	2991	2990	5990
5	3128	3004	3003	5991
5	3116	2992	2991	5992
5	3128	3003	3127	5993
5	3117	2993	2992	5994
5	3121	2996	3120	5995
5	3118	2994	2993	5996
5	3128	3048	3004	5997
5	3000	2842	2876	5998
5	3000	2876	2999	5999
5	3241	3121	3120	6000
5	3428	3373	3297	6001
5	3122	2999	2998	6002
5	3062	2978	2980	6003
5	3119	2995	2994	6004
5	3246	3125	3245	6005
5	3121	2997	2996	6006
5	3245	3121	3241	6007
5	3263	3173	3179	6008
5	3120	2996	2995	6009
5	3321	3225	3276	6010
5	3161	3044	3084	6011
5	3132	3105	2981	6012
5	3444	3442	3324	6013
5	3008	2840	2883	6014
5	3175	3006	3130	6015
5	3264	3014	2897	6016
5	3007	2882	2881	6017
5	3109	2985	3107	6018
5	3105	2983	2981	6019
5	3177	3052	3163	6020
5	3254	3133	3253	6021
5	3253	3133	3050	6022
5	3163	3052	3041	6023
5	3054	2931	3034	6024
5	3054	3013	2931	6025
5	3012	2932	2888	6026
5	3012	2888	2890	6027
5	3013	3012	2890	6028
5	3013	2890	2889	6029
5	3130	3006	2882	6030
5	3032	2929	2834	6031
5	3185	3029	3054	6032
5	3180	3137	3026	6033
5	3104	3062	2980	6034
5	3050	2952	2891	6035
5	3036	2956	2812	6036
5	3059	2941	2837	6037
5	3112	2949	3067	6038
5	3112	2927	2949	6039
5	3108	2984	2986	6040
5	3067	2963	3019	6041
5	3247	3127	3126	6042
5	3125	3001	2997	6043
5	3021	2939	2911	6044
5	3075	2912	2901	6045
5	3098	2838	2968	6046
5	3097	2908	3022	6047
5	3036	2812	2917	6048
5	3036	3022	2956	6049
5	3096	2967	3024	6050
5	3024	2967	2918	6051
5	3025	2950	2900	6052
5	3043	2975	2893	6053
5	3200	3018	3170	6054
5	3350	3347	3231	6055
5	3265	3197	3017	6056
5	3266	3078	3182	6057
5	3094	2904	2825	6058
5	3089	2829	2959	6059
5	3034	2931	3011	6060
5	3134	3010	3009	6061
5	3074	2945	3061	6062
5	3074	2933	2945	6063
5	3271	3060	3156	6064
5	3031	2897	2785	6065
5	3376	3309	3162	6066
5	3072	2772	2929	6067
5	3033	3025	2900	6068
5	3033	2900	2976	6069
5	3054	3029	3013	6070
5	3436	3312	3435	6071
5	3186	3065	2940	6072
5	3060	2816	2953	6073
5	3220	3098	3219	6074
5	3040	2969	3023	6075
5	3142	3037	2803	6076
5	3046	2716	2947	6077
5	3051	2973	2972	6078
5	3194	3055	3085	6079
5	3188	2962	3087	6080
5	3045	2924	2850	6081
5	3040	3036	2917	6082
5	3040	2917	2969	6083
5	3092	2973	3051	6084
5	3104	2979	3038	6085
5	3095	2965	3042	6086
5	3042	2965	2977	6087
5	3103	2976	2975	6088
5	3202	3157	3068	6089
5	3084	2955	3049	6090
5	3084	2948	2955	6091
5	3319	3192	3268	6092
5	3482	3372	3417	6093
5	3035	2791	2909	6094
5	3035	2808	2791	6095
5	3130	2882	3007	6096
5	3116	2991	3115	6097
5	3048	3020	2898	6098
5	3048	2898	3004	6099
5	3084	3044	2948	6100
5	3049	2955	2943	6101
5	3133	3009	2952	6102
5	3134	3009	3133	6103
5	3148	3049	3080	6104
5	3124	2970	3000	6105
5	3085	2951	2926	6106
5	3055	3050	2891	6107
5	3075	2934	2912	6108
5	3205	3056	3152	6109
5	3270	3205	3152	6110
5	3255	3176	3135	6111
5	3071	2902	3057	6112
5	3071	2926	2902	6113
5	3395	3316	3289	6114
5	3075	2901	3056	6115
5	3253	3050	3140	6116
5	3085	2926	3071	6117
5	3060	3028	2816	6118
5	3035	2953	2808	6119
5	3219	3097	3218	6120
5	3094	2825	2964	6121
5	3066	2909	2910	6122
5	3376	3162	3183	6123
5	3079	2942	2933	6124
5	3079	3030	2942	6125
5	3101	2972	2970	6126
5	3203	3057	3177	6127
5	3220	3059	2938	6128
5	3218	3097	3022	6129
5	3069	2916	3064	6130
5	3104	2980	2979	6131
5	3159	3027	2935	6132
5	3160	2803	2637	6133
5	3303	3065	3186	6134
5	3199	2909	3066	6135
5	3170	3018	3081	6136
5	3207	3079	3074	6137
5	3214	3051	3172	6138
5	3444	3322	3396	6139
5	3069	3068	2921	6140
5	3069	2921	2916	6141
5	3087	2848	2974	6142
5	3102	2974	2958	6143
5	3410	3268	3273	6144
5	3085	3055	2951	6145
5	3196	2946	3096	6146
5	3275	3028	3060	6147
5	3073	3056	2932	6148
5	3073	2932	3012	6149
5	3316	3144	3289	6150
5	3501	3379	3498	6151
5	3180	3026	3021	6152
5	3556	3446	3436	6153
5	3275	3139	3028	6154
5	3165	3058	2904	6155
5	3206	3047	2928	6156
5	3077	2928	2797	6157
5	3088	2959	2941	6158
5	3195	2941	3059	6159
5	3345	3228	3288	6160
5	3180	3021	3158	6161
5	3080	3049	2943	6162
5	3080	2943	2950	6163
5	3081	3018	2899	6164
5	3081	2899	2944	6165
5	3082	3081	2944	6166
5	3082	2944	2905	6167
5	3083	3066	2910	6168
5	3083	2910	2923	6169
5	3580	3374	3471	6170
5	3364	3246	3363	6171
5	3045	3042	2977	6172
5	3045	2977	2924	6173
5	3091	2920	2960	6174
5	3213	3090	3016	6175
5	3209	3038	3100	6176
5	3093	2954	2813	6177
5	3182	3078	2906	6178
5	3210	3089	2959	6179
5	3210	2959	3088	6180
5	3382	3088	3195	6181
5	3320	3215	3147	6182
5	3344	3224	3213	6183
5	3279	3086	3166	6184
5	3212	3091	3086	6185
5	3311	3167	3161	6186
5	3099	2922	2920	6187
5	3095	2966	2965	6188
5	3211	3087	2974	6189
5	3155	2964	3089	6190
5	3299	3037	3281	6191
5	3282	3221	3212	6192
5	3209	3164	3038	6193
5	3264	3031	3136	6194
5	3151	3077	2937	6195
5	3198	3138	3023	6196
5	3187	3022	3036	6197
5	3198	3023	3063	6198
5	3219	3098	3097	6199
5	3322	3203	3261	6200
5	3100	3038	2914	6201
5	3221	3099	3091	6202
5	3261	3203	3177	6203
5	3123	2999	3122	6204
5	3123	3000	2999	6205
5	3448	3334	3332	6206
5	3146	2903	3039	6207
5	3189	3033	3103	6208
5	3276	3225	3150	6209
5	3202	3068	3069	6210
5	3324	3194	3190	6211
5	3107	2985	2983	6212
5	3114	2989	3113	6213
5	3129	2982	3106	6214
5	3131	3005	3129	6215
5	3111	2987	3109	6216
5	3113	2988	3111	6217
5	3227	3106	3108	6218
5	3108	3106	2984	6219
5	3201	3019	3200	6220
5	3125	2997	3121	6221
5	3238	3117	3237	6222
5	3110	3108	2986	6223
5	3368	3249	3366	6224
5	3317	3180	3158	6225
5	3231	3110	3112	6226
5	3112	3110	2927	6227
5	3201	3067	3019	6228
5	3200	3019	3018	6229
5	3169	3081	3082	6230
5	3406	3346	3347	6231
5	3230	3109	3228	6232
5	3232	3113	3111	6233
5	3237	3116	3236	6234
5	3126	3001	3125	6235
5	3234	3114	3113	6236
5	3239	3118	3238	6237
5	3235	3115	3114	6238
5	3241	3120	3240	6239
5	3236	3116	3115	6240
5	3237	3117	3116	6241
5	3248	3127	3247	6242
5	3238	3118	3117	6243
5	3545	3521	3428	6244
5	3239	3119	3118	6245
5	3244	3123	3243	6246
5	3124	3000	3123	6247
5	3396	3261	3374	6248
5	3124	3101	2970	6249
5	3208	3049	3148	6250
5	3167	3044	3161	6251
5	3246	3126	3125	6252
5	3240	3120	3119	6253
5	3245	3125	3121	6254
5	3399	3311	3262	6255
5	3248	3128	3127	6256
5	3428	3321	3387	6257
5	3150	3043	3020	6258
5	3443	3311	3399	6259
5	3249	3129	3106	6260
5	3283	3151	3014	6261
5	3132	2981	3008	6262
5	3264	2897	3031	6263
5	3661	3548	3506	6264
5	3131	3007	3005	6265
5	3252	3171	3105	6266
5	3295	3130	3250	6267
5	3535	3413	3494	6268
5	3255	3135	3134	6269
5	3416	3293	3378	6270
5	3324	3190	3322	6271
5	3177	3057	3052	6272
5	3194	3085	3190	6273
5	3509	3309	3376	6274
5	3206	2928	3077	6275
5	3137	3061	3026	6276
5	3289	3144	3207	6277
5	3187	3036	3040	6278
5	3187	3040	3138	6279
5	3139	3076	2936	6280
5	3139	2936	3028	6281
5	3194	3140	3055	6282
5	3190	3085	3071	6283
5	3141	3080	3025	6284
5	3262	3161	3208	6285
5	3303	3281	3142	6286
5	3155	3094	2964	6287
5	3143	3082	3015	6288
5	3440	3317	3307	6289
5	3178	3015	3030	6290
5	3144	3030	3079	6291
5	3217	3046	3162	6292
5	3398	3159	3277	6293
5	3226	3104	3164	6294
5	3146	3070	2903	6295
5	3146	3039	3095	6296
5	3147	3045	2954	6297
5	3323	3167	3311	6298
5	3392	3300	3381	6299
5	3149	3141	3025	6300
5	3149	3025	3033	6301
5	3189	3149	3033	6302
5	3225	3043	3150	6303
5	3301	3206	3077	6304
5	3250	3130	3007	6305
5	3556	3436	3551	6306
5	3176	3034	3135	6307
5	3153	3152	3073	6308
5	3153	3073	3029	6309
5	3226	3062	3104	6310
5	3164	3104	3038	6311
5	3302	3094	3155	6312
5	3303	3142	3065	6313
5	3304	3199	3066	6314
5	3305	3156	3199	6315
5	3157	3122	3068	6316
5	3381	3300	3260	6317
5	3874	3769	3765	6318
5	3352	3233	3201	6319
5	3165	2904	3094	6320
5	3393	3266	3182	6321
5	3160	3065	3142	6322
5	3160	3142	2803	6323
5	3167	3064	3044	6324
5	3191	3069	3064	6325
5	3764	3430	3536	6326
5	3217	3083	3046	6327
5	3310	3163	3154	6328
5	3285	3214	3172	6329
5	3215	3042	3147	6330
5	3147	3042	3045	6331
5	3274	3058	3165	6332
5	3333	3155	3089	6333
5	3278	3087	3211	6334
5	3211	2974	3102	6335
5	3362	3245	3241	6336
5	3300	3141	3260	6337
5	3171	3107	3105	6338
5	3168	3132	3008	6339
5	3312	3143	3298	6340
5	3233	3112	3067	6341
5	3397	3259	3296	6342
5	3328	3200	3170	6343
5	3232	3111	3230	6344
5	3230	3111	3109	6345
5	3223	3213	3016	6346
5	3222	3100	3099	6347
5	3173	3150	3020	6348
5	3173	3020	3048	6349
5	3326	3136	3196	6350
5	3183	2947	2894	6351
5	3314	3174	3032	6352
5	3175	3032	3006	6353
5	3185	3153	3029	6354
5	3192	3034	3176	6355
5	3291	3226	3164	6356
5	3520	3396	3484	6357
5	3446	3313	3436	6358
5	3485	3380	3440	6359
5	3179	3173	3048	6360
5	3179	3048	3128	6361
5	3270	3258	3205	6362
5	3370	3253	3294	6363
5	3195	3088	2941	6364
5	3197	2915	3017	6365
5	3418	3275	3060	6366
5	3308	3027	3159	6367
5	3301	3077	3151	6368
5	3283	3014	3264	6369
5	3184	3183	2894	6370
5	3184	2894	3072	6371
5	3440	3307	3390	6372
5	3269	3152	3153	6373
5	3418	3060	3271	6374
5	3337	3145	3217	6375
5	3218	3022	3187	6376
5	3220	2938	3098	6377
5	3320	3093	3188	6378
5	3188	3093	2962	6379
5	3381	3260	3373	6380
5	3311	3161	3262	6381
5	3310	3154	3256	6382
5	3294	3140	3287	6383
5	3474	3364	3363	6384
5	3202	3069	3191	6385
5	3192	3185	3054	6386
5	3192	3054	3034	6387
5	3193	3158	3053	6388
5	3193	3053	3075	6389
5	3315	3177	3163	6390
5	3287	3140	3194	6391
5	3651	3393	3534	6392
5	3400	3078	3266	6393
5	3337	3217	3309	6394
5	3309	3217	3162	6395
5	3198	3063	3197	6396
5	3197	3063	2915	6397
5	3318	3210	3088	6398
5	3265	3017	3181	6399
5	3199	3156	3035	6400
5	3199	3035	2909	6401
5	3313	3170	3169	6402
5	3240	3119	3239	6403
5	3234	3113	3232	6404
5	3228	3109	3107	6405
5	3401	3257	3360	6406
5	3360	3242	3244	6407
5	3203	3190	3071	6408
5	3203	3071	3057	6409
5	3207	3144	3079	6410
5	3204	3074	3061	6411
5	3205	3193	3075	6412
5	3205	3075	3056	6413
5	3250	3007	3131	6414
5	3402	3330	3206	6415
5	3298	3143	3178	6416
5	3317	3158	3307	6417
5	3208	3161	3084	6418
5	3208	3084	3049	6419
5	3486	3411	3447	6420
5	3278	3188	3087	6421
5	3302	3165	3094	6422
5	3487	3266	3393	6423
5	3224	3102	3090	6424
5	3331	3289	3207	6425
5	3221	3091	3212	6426
5	3223	3092	3214	6427
5	3224	3090	3213	6428
5	3335	3102	3224	6429
5	3371	3254	3370	6430
5	3214	3092	3051	6431
5	3215	3146	3095	6432
5	3215	3095	3042	6433
5	3216	3196	3096	6434
5	3216	3096	3024	6435
5	3299	3024	3037	6436
5	3217	3145	3083	6437
5	3340	3059	3220	6438
5	3338	3198	3327	6439
5	3327	3198	3197	6440
5	3338	3138	3198	6441
5	3218	3187	3138	6442
5	3339	3220	3219	6443
5	3222	3099	3221	6444
5	3222	3209	3100	6445
5	3223	3016	3092	6446
5	3280	3243	3157	6447
5	3291	3256	3226	6448
5	3405	3282	3212	6449
5	3342	3221	3282	6450
5	3361	3243	3280	6451
5	3225	3189	3103	6452
5	3225	3103	3043	6453
5	3284	3164	3209	6454
5	3226	3154	3062	6455
5	3228	3107	3171	6456
5	3249	3106	3227	6457
5	3247	3126	3246	6458
5	3351	3232	3348	6459
5	3488	3389	3367	6460
5	3229	3227	3108	6461
5	3236	3115	3235	6462
5	3235	3114	3234	6463
5	3313	3169	3312	6464
5	3231	3229	3110	6465
5	3349	3200	3328	6466
5	3349	3201	3200	6467
5	3353	3234	3351	6468
5	3233	3231	3112	6469
5	3346	3227	3229	6470
5	3478	3366	3476	6471
5	3328	3170	3313	6472
5	3312	3169	3143	6473
5	3348	3232	3230	6474
5	3359	3241	3240	6475
5	3351	3234	3232	6476
5	3357	3238	3356	6477
5	3353	3235	3234	6478
5	3362	3241	3359	6479
5	3354	3236	3235	6480
5	3355	3237	3236	6481
5	3365	3247	3364	6482
5	3356	3238	3237	6483
5	3363	3245	3362	6484
5	3357	3239	3238	6485
5	3242	3172	3101	6486
5	3242	3101	3124	6487
5	3336	3223	3214	6488
5	3243	3123	3122	6489
5	3343	3223	3336	6490
5	3428	3297	3321	6491
5	3358	3240	3239	6492
5	3359	3240	3358	6493
5	3365	3290	3248	6494
5	3363	3246	3245	6495
5	3762	3632	3716	6496
5	3529	3420	3489	6497
5	3491	3385	3407	6498
5	3530	3381	3526	6499
5	3492	3479	3369	6500
5	3292	3252	3132	6501
5	3252	3105	3132	6502
5	3295	3175	3130	6503
5	3593	3388	3496	6504
5	3251	3131	3129	6505
5	3288	3228	3171	6506
5	3369	3288	3171	6507
5	3254	3134	3133	6508
5	3255	3134	3254	6509
5	3371	3255	3254	6510
5	3378	3319	3377	6511
5	3322	3190	3203	6512
5	3416	3269	3293	6513
5	3526	3373	3521	6514
5	3447	3323	3443	6515
5	3403	3279	3166	6516
5	3335	3211	3102	6517
5	3417	3270	3269	6518
5	3270	3152	3269	6519
5	3259	3204	3137	6520
5	3551	3436	3435	6521
5	3297	3260	3149	6522
5	3297	3149	3189	6523
5	3360	3257	3242	6524
5	3495	3386	3481	6525
5	3420	3286	3385	6526
5	3584	3474	3583	6527
5	3364	3247	3246	6528
5	3365	3248	3247	6529
5	3314	3032	3175	6530
5	3511	3409	3330	6531
5	3327	3197	3265	6532
5	3338	3219	3218	6533
5	3419	3139	3275	6534
5	3415	3318	3382	6535
5	3267	3184	3072	6536
5	3267	3072	3174	6537
5	3268	3192	3176	6538
5	3371	3273	3255	6539
5	3800	3705	3768	6540
5	3417	3269	3416	6541
5	3650	3501	3629	6542
5	3553	3440	3390	6543
5	3499	3391	3303	6544
5	3277	3076	3139	6545
5	3272	3262	3208	6546
5	3272	3208	3148	6547
5	3273	3268	3176	6548
5	3273	3176	3255	6549
5	3375	3136	3326	6550
5	3274	3186	3058	6551
5	3419	3275	3418	6552
5	3277	3159	3076	6553
5	3521	3373	3428	6554
5	3387	3321	3276	6555
5	3595	3505	3549	6556
5	3308	3182	3027	6557
5	3343	3213	3223	6558
5	3279	3212	3086	6559
5	3332	3146	3215	6560
5	3334	3070	3146	6561
5	3652	3539	3579	6562
5	3413	3272	3392	6563
5	3547	3274	3430	6564
5	3299	3216	3024	6565
5	3558	3448	3383	6566
5	3341	3209	3222	6567
5	3444	3324	3322	6568
5	3367	3250	3131	6569
5	3285	3172	3257	6570
5	3291	3164	3284	6571
5	3336	3214	3285	6572
5	3344	3213	3343	6573
5	3286	3276	3150	6574
5	3286	3150	3173	6575
5	3294	3253	3140	6576
5	3370	3254	3253	6577
5	3345	3230	3228	6578
5	3355	3236	3354	6579
5	3553	3390	3497	6580
5	3446	3328	3313	6581
5	3290	3263	3179	6582
5	3290	3179	3248	6583
5	3425	3257	3401	6584
5	3502	3425	3401	6585
5	3366	3249	3227	6586
5	3503	3292	3409	6587
5	3293	3269	3153	6588
5	3293	3153	3185	6589
5	3456	3344	3343	6590
5	3412	3256	3291	6591
5	3375	3264	3136	6592
5	3519	3437	3314	6593
5	3296	3259	3137	6594
5	3296	3137	3180	6595
5	3438	3256	3412	6596
5	3589	3481	3480	6597
5	3669	3497	3596	6598
5	3397	3296	3380	6599
5	3304	3066	3145	6600
5	3325	3196	3216	6601
5	3300	3272	3148	6602
5	3300	3148	3141	6603
5	3330	3047	3206	6604
5	3330	3168	3047	6605
5	3431	3304	3394	6606
5	3536	3302	3404	6607
5	3735	3656	3542	6608
5	3487	3415	3266	6609
5	3305	3271	3156	6610
5	3305	3199	3304	6611
5	3500	3281	3391	6612
5	3431	3305	3304	6613
5	3306	3280	3157	6614
5	3306	3157	3202	6615
5	3317	3296	3180	6616
5	3307	3158	3193	6617
5	3441	3210	3318	6618
5	3382	3195	3340	6619
5	3483	3325	3433	6620
5	3506	3431	3394	6621
5	3315	3261	3177	6622
5	3315	3163	3310	6623
5	3329	3202	3191	6624
5	3329	3191	3323	6625
5	3628	3533	3594	6626
5	3423	3331	3379	6627
5	3435	3298	3429	6628
5	3429	3316	3395	6629
5	3414	3184	3267	6630
5	3437	3174	3314	6631
5	3481	3370	3480	6632
5	3538	3386	3495	6633
5	3316	3298	3178	6634
5	3316	3178	3144	6635
5	3497	3372	3482	6636
5	3378	3293	3319	6637
5	3441	3333	3210	6638
5	3333	3089	3210	6639
5	3319	3293	3185	6640
5	3319	3185	3192	6641
5	3320	3147	3093	6642
5	3331	3207	3204	6643
5	3321	3297	3189	6644
5	3321	3189	3225	6645
5	3324	3287	3194	6646
5	3447	3411	3329	6647
5	3507	3454	3450	6648
5	3329	3306	3202	6649
5	3396	3322	3261	6650
5	3527	3447	3443	6651
5	3326	3196	3325	6652
5	3388	3301	3151	6653
5	3801	3711	3601	6654
5	3388	3151	3283	6655
5	3340	3195	3059	6656
5	3338	3218	3138	6657
5	3435	3312	3298	6658
5	3358	3239	3357	6659
5	3392	3272	3300	6660
5	3599	3563	3507	6661
5	3737	3633	3493	6662
5	3367	3131	3251	6663
5	3515	3279	3403	6664
5	3332	3215	3320	6665
5	3334	3146	3332	6666
5	3334	3166	3070	6667
5	3404	3155	3333	6668
5	3393	3182	3308	6669
5	3403	3166	3334	6670
5	3448	3403	3334	6671
5	3448	3332	3383	6672
5	3449	3211	3335	6673
5	3471	3315	3310	6674
5	3616	3405	3515	6675
5	3524	3506	3394	6676
5	3391	3281	3303	6677
5	3340	3220	3339	6678
5	3339	3219	3338	6679
5	3452	3327	3265	6680
5	3400	3265	3181	6681
5	3400	3181	3078	6682
5	3382	3318	3088	6683
5	3453	3424	3284	6684
5	3341	3284	3209	6685
5	3342	3341	3222	6686
5	3342	3222	3221	6687
5	3450	3336	3285	6688
5	3425	3285	3257	6689
5	3454	3343	3336	6690
5	3597	3513	3560	6691
5	3348	3230	3345	6692
5	3356	3237	3355	6693
5	3476	3366	3346	6694
5	3366	3227	3346	6695
5	3347	3346	3229	6696
5	3347	3229	3231	6697
5	3736	3592	3626	6698
5	3354	3235	3353	6699
5	3352	3201	3349	6700
5	3350	3231	3233	6701
5	3474	3363	3473	6702
5	3461	3458	3350	6703
5	3458	3347	3350	6704
5	3459	3351	3348	6705
5	3458	3406	3347	6706
5	3352	3350	3233	6707
5	3565	3384	3457	6708
5	3460	3352	3349	6709
5	3463	3328	3446	6710
5	3429	3298	3316	6711
5	3436	3313	3312	6712
5	3462	3351	3459	6713
5	3462	3353	3351	6714
5	3464	3354	3353	6715
5	3582	3473	3472	6716
5	3465	3355	3354	6717
5	3473	3362	3472	6718
5	3466	3356	3355	6719
5	3475	3364	3474	6720
5	3467	3357	3356	6721
5	3411	3306	3329	6722
5	3510	3401	3470	6723
5	3361	3360	3244	6724
5	3361	3244	3243	6725
5	3472	3359	3469	6726
5	3468	3358	3357	6727
5	3469	3359	3358	6728
5	3475	3408	3365	6729
5	3473	3363	3362	6730
5	3983	3911	3982	6731
5	3699	3606	3641	6732
5	3472	3362	3359	6733
5	3479	3457	3288	6734
5	3426	3252	3292	6735
5	3369	3171	3252	6736
5	3711	3492	3601	6737
5	3704	3488	3608	6738
5	3368	3251	3249	6739
5	3476	3346	3406	6740
5	3384	3348	3345	6741
5	3481	3386	3371	6742
5	3480	3370	3294	6743
5	3696	3544	3657	6744
5	3410	3273	3386	6745
5	3417	3372	3270	6746
5	3481	3371	3370	6747
5	3491	3407	3490	6748
5	3602	3490	3517	6749
5	3438	3310	3256	6750
5	3741	3522	3616	6751
5	3552	3414	3267	6752
5	3434	3337	3309	6753
5	3524	3394	3337	6754
5	3493	3376	3414	6755
5	3377	3319	3268	6756
5	3386	3273	3371	6757
5	3518	3442	3444	6758
5	3544	3442	3518	6759
5	3379	3331	3259	6760
5	3629	3498	3628	6761
5	3397	3379	3259	6762
5	3380	3296	3317	6763
5	3951	3855	3927	6764
5	3603	3521	3545	6765
5	3452	3339	3338	6766
5	3452	3265	3400	6767
5	3902	3706	3813	6768
5	3383	3188	3278	6769
5	3466	3355	3465	6770
5	3468	3357	3467	6771
5	3385	3286	3263	6772
5	3475	3365	3364	6773
5	3410	3377	3268	6774
5	3703	3594	3610	6775
5	3494	3413	3392	6776
5	3742	3659	3707	6777
5	3402	3301	3388	6778
5	3402	3206	3301	6779
5	3389	3295	3250	6780
5	3389	3250	3367	6781
5	3440	3380	3317	6782
5	3390	3307	3258	6783
5	3433	3216	3299	6784
5	3433	3325	3216	6785
5	3648	3530	3526	6786
5	3526	3381	3373	6787
5	3404	3302	3155	6788
5	3531	3404	3333	6789
5	3394	3304	3145	6790
5	3394	3145	3337	6791
5	3550	3429	3546	6792
5	3533	3380	3485	6793
5	3427	3294	3287	6794
5	3480	3294	3427	6795
5	3498	3379	3397	6796
5	3546	3395	3532	6797
5	3534	3393	3308	6798
5	3398	3308	3159	6799
5	3743	3728	3604	6800
5	3627	3490	3602	6801
5	3452	3340	3339	6802
5	3452	3338	3327	6803
5	3421	3306	3411	6804
5	3607	3518	3520	6805
5	3409	3292	3168	6806
5	3409	3168	3330	6807
5	3451	3342	3282	6808
5	3405	3212	3279	6809
5	3432	3305	3431	6810
5	3764	3547	3430	6811
5	3422	3335	3224	6812
5	3422	3224	3344	6813
5	3569	3459	3516	6814
5	3457	3345	3288	6815
5	3407	3385	3263	6816
5	3407	3263	3290	6817
5	3408	3407	3290	6818
5	3408	3290	3365	6819
5	3704	3600	3488	6820
5	3426	3369	3252	6821
5	4003	3938	3984	6822
5	3609	3528	3538	6823
5	3439	3361	3280	6824
5	3504	3439	3421	6825
5	3421	3280	3306	6826
5	3470	3360	3361	6827
5	3413	3399	3262	6828
5	3413	3262	3272	6829
5	3414	3376	3183	6830
5	3414	3183	3184	6831
5	3415	3382	3400	6832
5	3415	3400	3266	6833
5	3540	3416	3378	6834
5	3610	3594	3485	6835
5	3667	3551	3550	6836
5	3692	3623	3584	6837
5	3542	3277	3419	6838
5	3419	3277	3139	6839
5	3430	3165	3302	6840
5	3505	3419	3418	6841
5	3420	3387	3276	6842
5	3420	3276	3286	6843
5	3705	3605	3655	6844
5	3688	3543	3604	6845
5	3455	3341	3342	6846
5	3512	3403	3448	6847
5	3423	3395	3289	6848
5	3423	3289	3331	6849
5	3424	3412	3291	6850
5	3424	3291	3284	6851
5	3450	3285	3425	6852
5	3522	3451	3282	6853
5	3477	3367	3251	6854
5	3477	3251	3368	6855
5	3543	3411	3486	6856
5	3804	3721	3790	6857
5	3936	3817	3812	6858
5	3794	3692	3691	6859
5	3532	3423	3501	6860
5	3463	3349	3328	6861
5	3499	3303	3186	6862
5	3430	3274	3165	6863
5	3432	3271	3305	6864
5	3432	3418	3271	6865
5	3500	3299	3281	6866
5	3547	3499	3186	6867
5	3524	3337	3434	6868
5	3555	3375	3326	6869
5	3600	3523	3389	6870
5	3375	3283	3264	6871
5	3754	3628	3753	6872
5	3501	3423	3379	6873
5	3551	3435	3550	6874
5	3532	3395	3423	6875
5	3631	3402	3593	6876
5	3437	3267	3174	6877
5	3439	3280	3421	6878
5	3471	3310	3438	6879
5	3470	3361	3439	6880
5	3470	3401	3360	6881
5	3541	3417	3416	6882
5	3645	3528	3609	6883
5	3554	3318	3415	6884
5	3591	3531	3441	6885
5	3442	3427	3287	6886
5	3442	3287	3324	6887
5	3447	3329	3323	6888
5	3443	3323	3311	6889
5	3519	3314	3175	6890
5	3511	3330	3402	6891
5	3708	3615	3555	6892
5	3445	3326	3325	6893
5	3572	3446	3556	6894
5	3469	3358	3468	6895
5	3383	3332	3320	6896
5	3383	3320	3188	6897
5	3449	3278	3211	6898
5	3598	3561	3456	6899
5	3558	3278	3449	6900
5	3558	3383	3278	6901
5	3559	3450	3425	6902
5	3515	3403	3512	6903
5	3455	3342	3451	6904
5	3453	3284	3341	6905
5	3452	3400	3382	6906
5	3452	3382	3340	6907
5	3454	3336	3450	6908
5	3559	3425	3502	6909
5	3456	3343	3454	6910
5	3741	3616	3701	6911
5	3709	3561	3598	6912
5	3455	3453	3341	6913
5	3736	3707	3592	6914
5	3580	3471	3539	6915
5	3573	3464	3571	6916
5	3457	3384	3345	6917
5	3459	3348	3384	6918
5	3516	3459	3384	6919
5	3464	3353	3462	6920
5	3465	3354	3464	6921
5	3461	3352	3460	6922
5	3461	3350	3352	6923
5	3805	3755	3635	6924
5	3537	3476	3406	6925
5	3618	3537	3566	6926
5	3583	3473	3582	6927
5	3666	3516	3619	6928
5	3463	3460	3349	6929
5	3569	3462	3459	6930
5	3567	3461	3460	6931
5	3806	3608	3745	6932
5	3546	3429	3395	6933
5	3550	3435	3429	6934
5	3904	3711	3801	6935
5	3571	3464	3462	6936
5	3573	3465	3464	6937
5	3584	3517	3475	6938
5	3574	3466	3465	6939
5	3692	3583	3691	6940
5	3575	3467	3466	6941
5	3604	3543	3486	6942
5	3530	3392	3381	6943
5	3589	3480	3588	6944
5	3471	3374	3315	6945
5	3690	3582	3581	6946
5	3576	3468	3467	6947
5	3582	3472	3581	6948
5	3577	3469	3468	6949
5	3583	3474	3473	6950
5	3626	3489	3491	6951
5	3581	3472	3469	6952
5	3584	3475	3474	6953
5	3585	3368	3478	6954
5	3488	3367	3477	6955
5	3479	3288	3369	6956
5	3503	3426	3292	6957
5	3600	3389	3488	6958
5	3478	3368	3366	6959
5	3492	3369	3426	6960
5	3570	3460	3463	6961
5	3513	3412	3424	6962
5	3541	3416	3540	6963
5	3525	3378	3377	6964
5	3654	3540	3525	6965
5	3541	3482	3417	6966
5	3540	3378	3525	6967
5	3624	3445	3483	6968
5	3483	3445	3325	6969
5	3484	3396	3374	6970
5	3580	3484	3374	6971
5	3753	3594	3703	6972
5	3768	3655	3654	6973
5	3766	3687	3652	6974
5	3527	3486	3447	6975
5	3542	3398	3277	6976
5	3554	3441	3318	6977
5	3519	3175	3295	6978
5	3555	3326	3445	6979
5	3489	3420	3385	6980
5	3788	3686	3653	6981
5	3491	3489	3385	6982
5	3490	3407	3408	6983
5	3626	3592	3489	6984
5	3934	3836	3897	6985
5	3608	3477	3585	6986
5	3586	3476	3537	6987
5	3509	3434	3309	6988
5	3509	3376	3493	6989
5	3508	3443	3399	6990
5	3527	3443	3508	6991
5	3589	3495	3481	6992
5	3588	3427	3544	6993
5	3496	3388	3283	6994
5	3496	3283	3375	6995
5	3553	3485	3440	6996
5	3497	3390	3372	6997
5	3747	3610	3669	6998
5	3660	3532	3650	6999
5	3548	3432	3431	7000
5	3549	3432	3548	7001
5	3514	3299	3500	7002
5	3514	3433	3299	7003
5	3610	3485	3553	7004
5	3747	3703	3610	7005
5	3578	3439	3504	7006
5	3612	3507	3559	7007
5	4010	3835	3944	7008
5	3585	3477	3368	7009
5	3578	3470	3439	7010
5	3510	3502	3401	7011
5	3531	3333	3441	7012
5	3534	3308	3398	7013
5	3549	3505	3418	7014
5	3548	3431	3506	7015
5	3563	3456	3454	7016
5	3579	3412	3513	7017
5	3648	3526	3646	7018
5	3898	3808	3868	7019
5	3633	3509	3493	7020
5	3643	3524	3434	7021
5	3539	3471	3438	7022
5	3564	3455	3451	7023
5	3608	3488	3477	7024
5	3805	3635	3733	7025
5	3616	3522	3405	7026
5	3515	3405	3279	7027
5	3716	3606	3699	7028
5	3653	3578	3504	7029
5	3644	3506	3524	7030
5	3590	3483	3433	7031
5	3563	3454	3507	7032
5	3522	3282	3405	7033
5	3574	3465	3573	7034
5	3572	3463	3446	7035
5	3517	3490	3408	7036
5	3517	3408	3475	7037
5	3544	3427	3442	7038
5	3588	3480	3427	7039
5	3640	3437	3519	7040
5	3552	3267	3437	7041
5	3520	3518	3444	7042
5	3520	3444	3396	7043
5	3530	3494	3392	7044
5	3808	3715	3762	7045
5	3557	3335	3422	7046
5	3642	3422	3561	7047
5	3523	3519	3295	7048
5	3523	3295	3389	7049
5	3644	3524	3643	7050
5	3590	3433	3514	7051
5	3799	3696	3717	7052
5	3654	3525	3645	7053
5	4029	3898	4020	7054
5	3817	3752	3718	7055
5	3657	3518	3607	7056
5	3767	3645	3761	7057
5	3528	3525	3377	7058
5	3528	3377	3410	7059
5	3545	3428	3387	7060
5	3529	3387	3420	7061
5	3659	3529	3592	7062
5	3606	3535	3494	7063
5	3649	3404	3531	7064
5	3536	3430	3302	7065
5	3655	3541	3540	7066
5	3628	3498	3533	7067
5	3533	3498	3397	7068
5	3533	3397	3380	7069
5	3554	3415	3487	7070
5	3670	3554	3487	7071
5	3535	3508	3399	7072
5	3535	3399	3413	7073
5	3649	3536	3404	7074
5	3547	3186	3274	7075
5	3621	3479	3492	7076
5	3587	3565	3457	7077
5	3538	3528	3410	7078
5	3538	3410	3386	7079
5	3696	3588	3544	7080
5	3638	3513	3597	7081
5	3719	3605	3705	7082
5	3645	3525	3528	7083
5	3869	3754	3864	7084
5	3655	3605	3541	7085
5	3651	3487	3393	7086
5	3656	3398	3542	7087
5	3543	3504	3421	7088
5	3543	3421	3411	7089
5	4118	4026	4045	7090
5	3854	3743	3847	7091
5	3646	3521	3603	7092
5	3715	3625	3647	7093
5	3665	3550	3546	7094
5	3629	3501	3498	7095
5	3723	3651	3656	7096
5	3549	3418	3432	7097
5	3671	3445	3624	7098
5	3724	3639	3662	7099
5	3749	3624	3483	7100
5	3842	3771	3664	7101
5	3667	3550	3665	7102
5	3694	3537	3618	7103
5	3665	3546	3660	7104
5	3650	3532	3501	7105
5	3613	3493	3414	7106
5	3593	3402	3388	7107
5	3655	3540	3654	7108
5	3769	3660	3650	7109
5	3649	3531	3591	7110
5	3591	3441	3554	7111
5	3634	3434	3509	7112
5	3708	3555	3671	7113
5	3780	3727	3622	7114
5	3905	3731	3826	7115
5	3672	3449	3557	7116
5	3557	3449	3335	7117
5	3672	3558	3449	7118
5	3558	3512	3448	7119
5	3673	3597	3560	7120
5	3559	3507	3450	7121
5	3560	3513	3424	7122
5	3560	3424	3453	7123
5	3561	3422	3344	7124
5	3561	3344	3456	7125
5	3562	3560	3453	7126
5	3562	3453	3455	7127
5	3598	3456	3563	7128
5	3675	3562	3564	7129
5	3702	3653	3688	7130
5	3564	3562	3455	7131
5	3568	3461	3567	7132
5	3565	3516	3384	7133
5	3566	3537	3406	7134
5	3566	3406	3458	7135
5	3568	3458	3461	7136
5	3568	3566	3458	7137
5	3581	3469	3577	7138
5	4076	3991	3925	7139
5	3571	3462	3569	7140
5	3577	3468	3576	7141
5	3679	3571	3622	7142
5	3570	3567	3460	7143
5	3576	3467	3575	7144
5	3575	3466	3574	7145
5	3677	3620	3567	7146
5	3572	3570	3463	7147
5	3620	3568	3567	7148
5	3676	3568	3620	7149
5	3826	3731	3692	7150
5	3676	3618	3566	7151
5	3681	3573	3679	7152
5	3689	3577	3685	7153
5	3679	3573	3571	7154
5	3681	3574	3573	7155
5	3691	3582	3690	7156
5	3683	3575	3574	7157
5	3612	3599	3507	7158
5	3578	3510	3470	7159
5	3579	3539	3438	7160
5	3579	3438	3412	7161
5	4110	4019	4075	7162
5	3730	3609	3614	7163
5	3812	3718	3732	7164
5	3684	3576	3575	7165
5	3690	3581	3689	7166
5	3685	3577	3576	7167
5	3846	3732	3731	7168
5	3691	3583	3582	7169
5	4063	3981	3987	7170
5	3732	3623	3731	7171
5	3587	3457	3479	7172
5	3750	3668	3523	7173
5	3711	3621	3492	7174
5	3586	3478	3476	7175
5	3700	3587	3621	7176
5	3695	3619	3565	7177
5	4034	3924	4003	7178
5	3658	3614	3495	7179
5	3625	3604	3486	7180
5	3732	3602	3623	7181
5	3726	3595	3663	7182
5	3671	3555	3445	7183
5	3735	3542	3419	7184
5	3735	3419	3505	7185
5	3592	3529	3489	7186
5	3936	3812	3935	7187
5	3850	3633	3737	7188
5	3901	3805	3733	7189
5	3594	3533	3485	7190
5	3765	3629	3754	7191
5	3663	3548	3661	7192
5	3661	3506	3644	7193
5	3596	3497	3482	7194
5	3820	3719	3705	7195
5	3790	3687	3766	7196
5	3638	3579	3513	7197
5	3740	3675	3564	7198
5	3675	3673	3562	7199
5	4064	3999	4030	7200
5	3740	3564	3674	7201
5	3750	3523	3600	7202
5	3613	3414	3552	7203
5	3601	3492	3426	7204
5	3601	3426	3503	7205
5	3689	3581	3577	7206
5	3692	3584	3583	7207
5	3836	3742	3802	7208
5	3710	3646	3603	7209
5	3763	3646	3710	7210
5	3817	3718	3812	7211
5	3605	3596	3482	7212
5	3605	3482	3541	7213
5	3625	3486	3527	7214
5	3632	3535	3606	7215
5	3687	3539	3652	7216
5	3762	3647	3632	7217
5	3745	3585	3693	7218
5	3621	3587	3479	7219
5	3790	3721	3617	7220
5	3657	3544	3518	7221
5	3875	3769	3874	7222
5	3747	3669	3713	7223
5	3611	3607	3520	7224
5	3611	3520	3484	7225
5	3788	3653	3702	7226
5	3673	3560	3562	7227
5	3615	3375	3555	7228
5	3749	3483	3590	7229
5	3614	3609	3538	7230
5	3614	3538	3495	7231
5	3816	3671	3751	7232
5	3615	3496	3375	7233
5	3672	3512	3558	7234
5	3741	3674	3522	7235
5	3617	3611	3484	7236
5	3617	3484	3580	7237
5	3622	3571	3569	7238
5	3619	3516	3565	7239
5	3660	3546	3532	7240
5	3676	3566	3568	7241
5	3682	3551	3667	7242
5	3680	3572	3556	7243
5	3693	3585	3478	7244
5	3693	3478	3586	7245
5	3683	3574	3681	7246
5	3677	3567	3570	7247
5	3623	3602	3517	7248
5	3623	3517	3584	7249
5	3815	3600	3704	7250
5	3816	3708	3671	7251
5	3647	3508	3632	7252
5	3647	3527	3508	7253
5	3752	3627	3718	7254
5	3931	3802	3834	7255
5	3627	3626	3491	7256
5	3627	3491	3490	7257
5	3785	3682	3667	7258
5	4065	3833	3912	7259
5	3713	3669	3596	7260
5	3753	3628	3594	7261
5	3630	3612	3559	7262
5	3630	3559	3502	7263
5	3904	3837	3711	7264
5	3631	3511	3402	7265
5	3647	3625	3527	7266
5	3632	3508	3535	7267
5	3634	3509	3633	7268
5	3663	3549	3548	7269
5	3848	3822	3774	7270
5	3643	3434	3634	7271
5	3635	3503	3409	7272
5	3635	3409	3511	7273
5	3636	3616	3515	7274
5	3636	3515	3512	7275
5	3637	3630	3502	7276
5	3637	3502	3510	7277
5	3652	3579	3638	7278
5	3687	3580	3539	7279
5	3639	3590	3514	7280
5	3639	3514	3500	7281
5	3757	3640	3668	7282
5	3640	3552	3437	7283
5	3641	3606	3494	7284
5	3641	3494	3530	7285
5	3642	3636	3557	7286
5	3642	3557	3422	7287
5	3758	3643	3634	7288
5	3770	3724	3725	7289
5	3821	3749	3759	7290
5	3835	3593	3814	7291
5	3838	3719	3820	7292
5	3768	3654	3767	7293
5	3648	3641	3530	7294
5	3646	3526	3521	7295
5	3819	3746	3798	7296
5	3734	3720	3607	7297
5	3722	3699	3641	7298
5	3761	3609	3730	7299
5	3841	3664	3499	7300
5	3774	3649	3591	7301
5	3773	3665	3772	7302
5	3772	3660	3769	7303
5	3670	3487	3651	7304
5	3670	3591	3554	7305
5	3686	3510	3578	7306
5	3738	3630	3637	7307
5	3686	3578	3653	7308
5	3686	3637	3510	7309
5	3761	3645	3609	7310
5	4065	3903	3833	7311
5	3829	3730	3746	7312
5	3820	3705	3800	7313
5	3656	3651	3534	7314
5	3656	3534	3398	7315
5	3658	3495	3589	7316
5	3734	3611	3721	7317
5	3697	3588	3696	7318
5	3697	3589	3588	7319
5	3659	3603	3545	7320
5	3659	3545	3529	7321
5	3863	3753	3703	7322
5	3754	3629	3628	7323
5	3759	3639	3724	7324
5	3968	3883	3917	7325
5	3662	3639	3500	7326
5	3662	3500	3391	7327
5	3723	3670	3651	7328
5	3663	3595	3549	7329
5	3664	3662	3391	7330
5	3664	3391	3499	7331
5	4150	4066	4134	7332
5	3682	3556	3551	7333
5	3666	3622	3569	7334
5	3666	3569	3516	7335
5	3765	3650	3629	7336
5	3772	3665	3660	7337
5	3668	3640	3519	7338
5	3668	3519	3523	7339
5	3669	3610	3553	7340
5	3669	3553	3497	7341
5	3906	3841	3764	7342
5	3774	3591	3670	7343
5	3835	3733	3631	7344
5	3737	3493	3613	7345
5	3672	3557	3636	7346
5	3672	3636	3512	7347
5	3776	3597	3673	7348
5	3775	3599	3612	7349
5	3674	3564	3451	7350
5	3674	3451	3522	7351
5	3813	3675	3740	7352
5	3852	3741	3701	7353
5	3729	3618	3676	7354
5	3778	3666	3619	7355
5	3783	3680	3682	7356
5	3779	3712	3677	7357
5	3678	3677	3570	7358
5	3678	3570	3572	7359
5	3685	3576	3684	7360
5	3684	3575	3683	7361
5	3779	3677	3678	7362
5	3680	3678	3572	7363
5	3712	3620	3677	7364
5	3773	3667	3665	7365
5	3785	3667	3773	7366
5	3682	3680	3556	7367
5	3782	3679	3727	7368
5	3794	3691	3793	7369
5	3826	3692	3794	7370
5	3769	3650	3765	7371
5	3926	3831	3907	7372
5	3784	3683	3681	7373
5	3706	3673	3675	7374
5	3714	3637	3686	7375
5	3748	3630	3738	7376
5	3687	3617	3580	7377
5	3688	3653	3504	7378
5	3688	3504	3543	7379
5	3792	3689	3791	7380
5	3786	3684	3683	7381
5	3793	3691	3690	7382
5	3787	3685	3684	7383
5	3846	3812	3732	7384
5	3793	3690	3792	7385
5	3791	3689	3685	7386
5	3792	3690	3689	7387
5	3695	3565	3587	7388
5	3992	3827	3929	7389
5	3827	3693	3795	7390
5	3694	3586	3537	7391
5	3700	3695	3587	7392
5	3777	3620	3712	7393
5	3697	3658	3589	7394
5	3932	3828	3839	7395
5	3873	3800	3768	7396
5	3890	3728	3854	7397
5	3735	3505	3698	7398
5	3698	3505	3595	7399
5	4254	4211	4214	7400
5	3722	3641	3648	7401
5	3825	3782	3727	7402
5	3796	3618	3729	7403
5	3701	3616	3636	7404
5	3701	3636	3642	7405
5	3909	3800	3873	7406
5	3829	3746	3819	7407
5	3833	3703	3747	7408
5	3767	3654	3645	7409
5	3745	3608	3585	7410
5	3994	3801	3933	7411
5	3768	3705	3655	7412
5	3872	3761	3867	7413
5	3748	3612	3630	7414
5	3789	3638	3744	7415
5	3707	3659	3592	7416
5	3840	3763	3807	7417
5	3814	3496	3615	7418
5	4077	3988	3910	7419
5	3709	3701	3642	7420
5	3709	3642	3561	7421
5	3943	3849	3913	7422
5	3807	3763	3710	7423
5	3801	3601	3755	7424
5	3910	3815	3704	7425
5	3797	3619	3695	7426
5	3727	3679	3622	7427
5	3873	3768	3767	7428
5	3912	3833	3857	7429
5	3738	3637	3714	7430
5	3775	3612	3748	7431
5	3743	3625	3715	7432
5	3728	3688	3604	7433
5	3762	3715	3647	7434
5	3716	3632	3606	7435
5	3717	3696	3657	7436
5	3721	3611	3617	7437
5	3718	3627	3602	7438
5	3993	3948	3945	7439
5	3719	3713	3596	7440
5	3719	3596	3605	7441
5	3720	3717	3657	7442
5	3720	3657	3607	7443
5	3734	3607	3611	7444
5	3847	3743	3715	7445
5	3834	3802	3707	7446
5	4162	4138	4087	7447
5	3764	3536	3649	7448
5	3774	3670	3723	7449
5	3771	3662	3664	7450
5	3725	3663	3661	7451
5	3841	3547	3764	7452
5	3726	3663	3725	7453
5	3771	3724	3662	7454
5	3841	3499	3547	7455
5	3786	3683	3784	7456
5	3784	3681	3782	7457
5	3790	3617	3687	7458
5	3728	3702	3688	7459
5	3843	3695	3700	7460
5	3881	3777	3712	7461
5	3854	3728	3743	7462
5	3867	3730	3829	7463
5	3732	3718	3602	7464
5	3731	3623	3692	7465
5	4134	4066	4107	7466
5	3834	3707	3736	7467
5	3733	3635	3511	7468
5	3733	3511	3631	7469
5	3743	3604	3625	7470
5	3923	3871	3890	7471
5	3971	3886	3876	7472
5	3848	3656	3735	7473
5	3849	3752	3817	7474
5	3936	3913	3817	7475
5	3756	3634	3633	7476
5	3850	3756	3633	7477
5	3744	3638	3597	7478
5	3859	3775	3748	7479
5	3739	3598	3563	7480
5	3739	3563	3599	7481
5	3824	3823	3740	7482
5	3852	3740	3674	7483
5	3852	3701	3709	7484
5	3824	3598	3739	7485
5	3742	3710	3603	7486
5	3742	3603	3659	7487
5	3982	3934	3981	7488
5	3889	3766	3870	7489
5	3856	3789	3744	7490
5	3832	3798	3799	7491
5	3827	3745	3693	7492
5	3796	3694	3618	7493
5	3746	3730	3614	7494
5	3746	3614	3658	7495
5	3950	3838	3924	7496
5	3966	3881	3926	7497
5	3945	3847	3808	7498
5	3858	3748	3738	7499
5	3770	3661	3644	7500
5	3760	3643	3758	7501
5	3757	3552	3640	7502
5	3988	3815	3910	7503
5	3751	3671	3624	7504
5	3821	3818	3862	7505
5	3752	3736	3626	7506
5	3752	3626	3627	7507
5	4245	4197	4147	7508
5	3857	3747	3713	7509
5	4073	4038	3954	7510
5	3857	3713	3838	7511
5	3755	3601	3503	7512
5	3755	3503	3635	7513
5	3760	3644	3643	7514
5	3758	3634	3756	7515
5	3865	3613	3757	7516
5	3757	3613	3552	7517
5	3962	3875	3874	7518
5	3818	3760	3758	7519
5	3759	3749	3590	7520
5	3759	3590	3639	7521
5	3770	3644	3760	7522
5	3770	3725	3661	7523
5	3960	3867	3956	7524
5	3945	3808	3898	7525
5	3868	3716	3809	7526
5	3974	3804	3889	7527
5	3763	3722	3648	7528
5	3763	3648	3646	7529
5	4047	3968	4018	7530
5	3810	3595	3726	7531
5	3864	3753	3863	7532
5	3864	3754	3753	7533
5	3922	3775	3859	7534
5	3989	3803	3902	7535
5	3872	3767	3761	7536
5	3938	3800	3909	7537
5	3960	3872	3867	7538
5	3990	3920	3958	7539
5	3883	3782	3825	7540
5	3874	3765	3869	7541
5	3821	3760	3818	7542
5	3770	3759	3724	7543
5	3771	3726	3725	7544
5	3771	3725	3724	7545
5	4016	3962	4001	7546
5	3869	3765	3754	7547
5	3886	3773	3876	7548
5	3782	3681	3679	7549
5	3848	3774	3723	7550
5	3822	3649	3774	7551
5	3776	3673	3706	7552
5	3813	3706	3675	7553
5	3871	3788	3702	7554
5	3776	3744	3597	7555
5	3777	3729	3676	7556
5	3777	3676	3620	7557
5	3925	3896	3797	7558
5	3780	3666	3778	7559
5	3831	3712	3779	7560
5	3780	3622	3666	7561
5	3970	3885	3968	7562
5	3844	3729	3777	7563
5	3781	3779	3678	7564
5	3781	3678	3680	7565
5	3791	3685	3787	7566
5	3787	3684	3786	7567
5	3905	3846	3731	7568
5	3783	3781	3680	7569
5	3879	3779	3781	7570
5	3876	3773	3772	7571
5	3886	3785	3773	7572
5	3785	3783	3682	7573
5	4045	3894	3978	7574
5	3875	3772	3769	7575
5	3879	3831	3779	7576
5	3876	3772	3875	7577
5	3952	3859	3858	7578
5	3788	3714	3686	7579
5	3789	3766	3652	7580
5	3789	3652	3638	7581
5	3828	3717	3720	7582
5	3853	3734	3721	7583
5	3887	3786	3885	7584
5	3885	3786	3784	7585
5	3928	3905	3826	7586
5	3887	3787	3786	7587
5	3891	3791	3787	7588
5	3892	3791	3891	7589
5	3928	3826	3794	7590
5	4189	4079	4135	7591
5	3795	3693	3586	7592
5	3795	3586	3694	7593
5	3797	3778	3619	7594
5	3979	3895	3844	7595
5	4124	4039	4051	7596
5	3895	3729	3844	7597
5	3798	3746	3658	7598
5	3798	3658	3697	7599
5	3799	3798	3697	7600
5	3799	3697	3696	7601
5	3873	3767	3872	7602
5	3867	3761	3730	7603
5	4070	3908	4012	7604
5	3815	3750	3600	7605
5	3802	3742	3707	7606
5	4086	3981	4063	7607
5	3877	3744	3776	7608
5	3803	3776	3706	7609
5	4050	3972	3997	7610
5	3868	3762	3716	7611
5	3806	3704	3608	7612
5	4071	3904	3994	7613
5	3843	3797	3695	7614
5	3910	3704	3806	7615
5	4028	3931	3943	7616
5	3921	3830	3900	7617
5	3847	3715	3808	7618
5	3855	3738	3714	7619
5	3868	3808	3762	7620
5	3809	3716	3699	7621
5	3822	3764	3649	7622
5	3810	3698	3595	7623
5	3811	3795	3694	7624
5	3811	3694	3796	7625
5	4135	4079	4118	7626
5	3935	3812	3846	7627
5	3851	3599	3775	7628
5	3922	3851	3775	7629
5	3814	3615	3708	7630
5	3894	3793	3893	7631
5	3901	3733	3835	7632
5	3835	3631	3593	7633
5	3861	3757	3668	7634
5	3865	3757	3861	7635
5	4000	3913	3999	7636
5	3931	3897	3802	7637
5	4033	4008	3952	7638
5	3866	3862	3818	7639
5	3942	3845	3918	7640
5	3853	3721	3804	7641
5	4072	3984	4005	7642
5	4259	4217	4198	7643
5	3862	3624	3749	7644
5	3821	3862	3749	7645
5	3860	3668	3750	7646
5	3814	3593	3496	7647
5	3823	3813	3740	7648
5	3824	3739	3823	7649
5	3852	3674	3741	7650
5	3824	3740	3852	7651
5	3883	3784	3782	7652
5	3885	3784	3883	7653
5	3893	3792	3892	7654
5	3892	3792	3791	7655
5	3994	3904	3801	7656
5	4077	3995	4067	7657
5	3832	3819	3798	7658
5	3845	3717	3828	7659
5	3956	3829	3940	7660
5	3937	3819	3832	7661
5	3830	3809	3699	7662
5	3830	3699	3722	7663
5	3908	3843	3700	7664
5	3996	3929	3811	7665
5	4052	3997	3923	7666
5	4029	3993	3945	7667
5	3838	3713	3719	7668
5	3950	3857	3838	7669
5	3999	3913	3936	7670
5	4000	3943	3913	7671
5	3944	3814	3899	7672
5	3861	3668	3860	7673
5	3836	3807	3710	7674
5	3836	3710	3742	7675
5	3837	3700	3621	7676
5	3837	3621	3711	7677
5	3857	3833	3747	7678
5	4038	3990	3958	7679
5	3839	3828	3720	7680
5	3839	3720	3734	7681
5	3840	3830	3722	7682
5	3840	3722	3763	7683
5	3842	3726	3771	7684
5	3842	3664	3841	7685
5	4001	3962	3920	7686
5	3842	3810	3726	7687
5	3895	3796	3729	7688
5	3878	3727	3780	7689
5	3878	3825	3727	7690
5	3881	3712	3831	7691
5	3845	3832	3799	7692
5	3845	3799	3717	7693
5	3893	3793	3792	7694
5	3894	3794	3793	7695
5	3918	3845	3828	7696
5	3858	3738	3855	7697
5	3848	3723	3656	7698
5	3848	3735	3698	7699
5	3849	3834	3736	7700
5	3849	3736	3752	7701
5	3953	3866	3946	7702
5	3866	3751	3862	7703
5	3851	3823	3739	7704
5	3851	3739	3599	7705
5	3824	3852	3709	7706
5	3824	3709	3598	7707
5	3932	3918	3828	7708
5	3853	3839	3734	7709
5	3921	3809	3830	7710
5	4139	4088	4110	7711
5	3870	3766	3789	7712
5	3859	3748	3858	7713
5	3870	3789	3856	7714
5	3889	3790	3766	7715
5	4004	3954	3863	7716
5	3958	3920	3869	7717
5	3951	3858	3855	7718
5	3963	3877	3914	7719
5	3877	3776	3803	7720
5	3902	3803	3706	7721
5	3899	3708	3816	7722
5	3865	3737	3613	7723
5	3944	3835	3814	7724
5	3946	3866	3756	7725
5	4035	4033	3951	7726
5	3862	3751	3624	7727
5	4286	4209	4136	7728
5	4100	4006	4034	7729
5	4073	3954	4004	7730
5	4126	4047	4084	7731
5	4002	3850	3955	7732
5	3955	3865	3861	7733
5	3866	3818	3758	7734
5	3866	3758	3756	7735
5	3961	3909	3873	7736
5	4169	4099	4098	7737
5	3923	3890	3916	7738
5	3916	3890	3854	7739
5	4001	3920	3990	7740
5	4023	3966	3926	7741
5	3888	3714	3788	7742
5	3927	3855	3888	7743
5	3888	3788	3871	7744
5	3888	3855	3714	7745
5	3940	3829	3819	7746
5	3961	3873	3872	7747
5	4190	4142	4161	7748
5	4006	3912	3950	7749
5	3821	3759	3770	7750
5	3821	3770	3760	7751
5	4007	3964	3967	7752
5	3971	3876	3915	7753
5	3906	3848	3698	7754
5	3906	3698	3810	7755
5	4241	4189	4135	7756
5	3877	3856	3744	7757
5	3896	3778	3797	7758
5	3884	3783	3785	7759
5	3964	3879	3882	7760
5	3907	3831	3879	7761
5	3880	3878	3780	7762
5	3880	3780	3778	7763
5	3926	3881	3831	7764
5	3881	3844	3777	7765
5	3882	3879	3781	7766
5	3882	3781	3783	7767
5	3928	3794	3894	7768
5	3891	3787	3887	7769
5	3965	3917	3825	7770
5	3884	3882	3783	7771
5	3917	3883	3825	7772
5	3966	3844	3881	7773
5	3962	3874	3920	7774
5	3886	3884	3785	7775
5	3958	3864	3954	7776
5	3978	3893	3977	7777
5	4008	3963	3914	7778
5	3914	3877	3803	7779
5	3948	3854	3847	7780
5	3889	3804	3790	7781
5	3890	3871	3702	7782
5	3890	3702	3728	7783
5	4057	3978	3977	7784
5	4432	4401	4332	7785
5	3970	3887	3885	7786
5	3975	3887	3970	7787
5	3975	3891	3887	7788
5	3976	3891	3975	7789
5	3976	3892	3891	7790
5	3977	3893	3892	7791
5	3896	3880	3778	7792
5	3996	3811	3941	7793
5	3925	3797	3843	7794
5	4044	3907	4009	7795
5	3897	3836	3802	7796
5	4141	4062	4094	7797
5	3983	3900	3911	7798
5	3900	3830	3840	7799
5	4011	3861	3860	7800
5	3899	3814	3708	7801
5	3957	3898	3868	7802
5	3957	3809	3921	7803
5	4102	4011	4010	7804
5	3988	3919	3815	7805
5	4099	4003	4098	7806
5	4400	4393	4341	7807
5	3903	3863	3703	7808
5	3903	3703	3833	7809
5	3908	3700	3837	7810
5	4139	4110	4137	7811
5	4060	4030	3935	7812
5	3978	3894	3893	7813
5	4013	3816	3953	7814
5	3946	3756	3850	7815
5	3969	3884	3886	7816
5	4004	3863	3903	7817
5	4092	3939	3992	7818
5	4070	4069	4014	7819
5	3961	3872	3960	7820
5	3956	3867	3829	7821
5	4077	3910	3995	7822
5	3919	3750	3815	7823
5	3911	3900	3840	7824
5	3911	3840	3807	7825
5	3924	3838	3820	7826
5	4040	3956	4036	7827
5	3913	3849	3817	7828
5	4028	3987	3931	7829
5	3972	3888	3871	7830
5	3972	3871	3923	7831
5	3915	3876	3875	7832
5	4170	4096	4167	7833
5	3940	3819	3937	7834
5	4296	4245	4147	7835
5	4104	4045	3978	7836
5	3968	3885	3883	7837
5	3957	3868	3809	7838
5	4029	3945	3898	7839
5	4010	3901	3835	7840
5	3919	3860	3750	7841
5	3962	3915	3875	7842
5	3920	3874	3869	7843
5	3982	3911	3934	7844
5	4019	3900	3983	7845
5	3989	3914	3803	7846
5	3922	3823	3851	7847
5	3973	3856	3963	7848
5	4025	3948	3993	7849
5	3950	3912	3857	7850
5	4240	4159	4201	7851
5	3979	3844	3966	7852
5	4094	4017	3998	7853
5	3930	3878	3880	7854
5	4044	3926	3907	7855
5	4051	3959	4042	7856
5	4049	3963	4008	7857
5	4289	4144	4242	7858
5	4045	4026	3928	7859
5	3929	3827	3795	7860
5	3929	3795	3811	7861
5	4009	3964	4007	7862
5	3965	3878	3930	7863
5	4095	3999	4064	7864
5	4150	4063	4066	7865
5	3974	3889	3959	7866
5	4025	3916	3948	7867
5	3933	3801	3755	7868
5	3933	3755	3805	7869
5	3934	3911	3807	7870
5	3934	3807	3836	7871
5	3902	3813	3823	7872
5	3902	3823	3922	7873
5	4258	4173	4192	7874
5	4028	3943	4000	7875
5	3998	3918	3932	7876
5	4031	3937	3942	7877
5	3938	3924	3820	7878
5	3938	3820	3800	7879
5	3939	3806	3745	7880
5	3939	3745	3827	7881
5	4017	3918	3998	7882
5	4017	3942	3918	7883
5	3941	3811	3796	7884
5	3941	3796	3895	7885
5	3942	3937	3832	7886
5	3942	3832	3845	7887
5	3943	3931	3834	7888
5	3943	3834	3849	7889
5	3906	3810	3842	7890
5	3906	3842	3841	7891
5	4122	4035	4050	7892
5	3948	3847	3945	7893
5	3955	3737	3865	7894
5	4097	4013	4002	7895
5	3947	3932	3839	7896
5	3947	3839	3853	7897
5	3959	3889	3870	7898
5	3948	3916	3854	7899
5	3949	3947	3853	7900
5	3949	3853	3804	7901
5	4003	3924	3938	7902
5	4333	4291	4251	7903
5	3963	3856	3877	7904
5	3952	3858	3951	7905
5	4039	3949	3974	7906
5	3989	3952	3914	7907
5	3953	3816	3751	7908
5	3953	3751	3866	7909
5	3958	3869	3864	7910
5	3954	3864	3863	7911
5	4033	3952	3951	7912
5	3955	3850	3737	7913
5	4036	3940	4032	7914
5	4032	3940	3937	7915
5	4037	3921	4019	7916
5	3997	3972	3923	7917
5	4056	3976	4055	7918
5	4054	3971	3915	7919
5	3974	3949	3804	7920
5	4153	4073	4004	7921
5	4098	3984	4072	7922
5	4040	3960	3956	7923
5	4041	3961	3960	7924
5	4041	3960	4040	7925
5	3906	3764	3822	7926
5	3906	3822	3848	7927
5	3973	3959	3870	7928
5	4050	4035	3927	7929
5	3965	3825	3878	7930
5	3964	3907	3879	7931
5	4082	3979	4058	7932
5	4009	3907	3964	7933
5	3980	3880	3896	7934
5	4092	3994	3995	7935
5	3967	3964	3882	7936
5	3967	3882	3884	7937
5	4045	3928	3894	7938
5	3977	3892	3976	7939
5	4046	3967	3969	7940
5	3969	3967	3884	7941
5	4172	4105	4155	7942
5	4016	3915	3962	7943
5	4127	4048	4054	7944
5	3971	3969	3886	7945
5	3973	3870	3856	7946
5	3972	3927	3888	7947
5	4085	3993	4078	7948
5	4008	3914	3952	7949
5	4050	3927	3972	7950
5	4041	4005	3961	7951
5	4048	3969	3971	7952
5	4288	4252	4189	7953
5	4038	3958	3954	7954
5	4129	4054	4016	7955
5	4053	3975	3970	7956
5	4055	3975	4053	7957
5	4055	3976	3975	7958
5	4189	4160	4079	7959
5	3980	3930	3880	7960
5	3991	3896	3925	7961
5	3991	3980	3896	7962
5	4058	3966	4023	7963
5	3981	3934	3897	7964
5	4307	4204	4246	7965
5	4094	4062	4017	7966
5	4087	4075	3983	7967
5	4216	4150	4194	7968
5	4107	4000	4095	7969
5	3984	3938	3909	7970
5	4036	3956	3940	7971
5	3985	3935	3846	7972
5	3985	3846	3905	7973
5	3986	3933	3805	7974
5	4101	3988	4015	7975
5	3987	3981	3897	7976
5	3987	3897	3931	7977
5	4101	4011	3988	7978
5	4015	3805	3901	7979
5	4229	4174	4166	7980
5	4089	4027	4083	7981
5	4096	4001	3990	7982
5	4090	3990	4038	7983
5	4105	4091	4009	7984
5	4076	4014	4069	7985
5	4075	4019	3983	7986
5	3992	3939	3827	7987
5	4039	4024	3949	7988
5	4114	4025	4085	7989
5	4175	4112	4111	7990
5	4067	3933	3986	7991
5	3995	3910	3806	7992
5	3995	3806	3939	7993
5	4092	4071	3994	7994
5	4058	3979	3966	7995
5	4032	3937	4031	7996
5	4031	3942	4017	7997
5	4264	4230	4243	7998
5	4426	4330	4397	7999
5	4118	4045	4104	8000
5	4060	3935	3985	8001
5	4173	4134	4107	8002
5	4503	4402	4401	8003
5	4096	3990	4090	8004
5	4220	4155	4202	8005
5	4102	4013	4097	8006
5	4011	3919	3988	8007
5	4168	4098	4072	8008
5	4244	4218	4231	8009
5	4100	4034	4099	8010
5	4253	4167	4224	8011
5	4005	3984	3909	8012
5	4005	3909	3961	8013
5	4098	4003	3984	8014
5	4099	4034	4003	8015
5	3989	3902	3922	8016
5	4087	3982	4086	8017
5	4042	3959	3973	8018
5	4287	4251	4197	8019
5	4018	3968	3917	8020
5	4057	3977	4056	8021
5	4101	4010	4011	8022
5	4011	3860	3919	8023
5	4097	3861	4011	8024
5	4013	3899	3816	8025
5	4012	3908	3837	8026
5	4012	3837	3904	8027
5	4013	3944	3899	8028
5	4035	3951	3927	8029
5	4014	3925	3843	8030
5	4014	3843	3908	8031
5	4077	4015	3988	8032
5	4015	3986	3805	8033
5	4253	4227	4167	8034
5	4104	3978	4057	8035
5	4019	3921	3900	8036
5	4108	4029	4020	8037
5	4047	3970	3968	8038
5	4054	3915	4016	8039
5	4020	3898	3957	8040
5	4078	3993	4029	8041
5	3989	3922	3859	8042
5	3989	3859	3952	8043
5	4021	3998	3932	8044
5	4021	3932	3947	8045
5	4022	3941	3895	8046
5	4022	3895	3979	8047
5	4140	4119	4120	8048
5	4059	3930	3980	8049
5	4024	4021	3947	8050
5	4024	3947	3949	8051
5	4149	4114	4085	8052
5	4052	3916	4025	8053
5	4026	3985	3905	8054
5	4026	3905	3928	8055
5	4027	4018	3917	8056
5	4027	3917	3965	8057
5	4199	4137	4138	8058
5	4152	4063	4150	8059
5	4391	4294	4291	8060
5	4151	4081	4116	8061
5	4030	3999	3936	8062
5	4030	3936	3935	8063
5	4062	4031	4017	8064
5	4173	4107	4095	8065
5	4125	4113	3997	8066
5	4116	4081	4041	8067
5	4002	3946	3850	8068
5	4102	4097	4011	8069
5	4034	4006	3950	8070
5	4034	3950	3924	8071
5	4002	4013	3953	8072
5	4002	3953	3946	8073
5	4115	4036	4112	8074
5	4112	4032	4111	8075
5	4037	4020	3957	8076
5	4037	3957	3921	8077
5	4153	4004	4065	8078
5	4287	4197	4245	8079
5	4124	4051	4123	8080
5	4109	4021	4093	8081
5	4166	4108	4088	8082
5	4154	4081	4151	8083
5	4116	4041	4040	8084
5	4116	4040	4115	8085
5	4051	3974	3959	8086
5	4051	4039	3974	8087
5	4043	4027	3965	8088
5	4043	3965	3930	8089
5	4132	4023	4117	8090
5	4044	4023	3926	8091
5	4158	4030	4060	8092
5	4056	3977	3976	8093
5	4148	4126	4084	8094
5	4046	4007	3967	8095
5	4118	4079	4026	8096
5	4053	3970	4047	8097
5	4103	4001	4096	8098
5	4048	4046	3969	8099
5	4049	4042	3973	8100
5	4049	3973	3963	8101
5	4080	4008	4033	8102
5	4121	4049	4080	8103
5	4080	4033	4035	8104
5	4052	3923	3916	8105
5	4085	4025	3993	8106
5	4123	4051	4042	8107
5	4156	4057	4131	8108
5	4103	4016	4001	8109
5	4126	4053	4047	8110
5	4054	4048	3971	8111
5	4091	4044	4009	8112
5	4129	4016	4103	8113
5	4201	4068	4146	8114
5	4163	4090	4038	8115
5	4212	4202	4140	8116
5	4209	4131	4136	8117
5	4059	4043	3930	8118
5	4132	4058	4023	8119
5	4074	3980	3991	8120
5	4117	4023	4044	8121
5	4185	4104	4156	8122
5	4298	4241	4256	8123
5	4071	4012	3904	8124
5	4061	3992	3929	8125
5	4545	4493	4475	8126
5	4111	4032	4031	8127
5	4290	4260	4278	8128
5	4107	4028	4000	8129
5	4367	4300	4271	8130
5	4198	4153	4159	8131
5	4240	4198	4159	8132
5	4065	4004	3903	8133
5	4066	4063	3987	8134
5	4066	3987	4028	8135
5	4067	3995	3994	8136
5	4067	3994	3933	8137
5	4068	4065	3912	8138
5	4068	3912	4006	8139
5	4069	3996	3941	8140
5	4074	4059	3980	8141
5	4092	3995	3939	8142
5	4070	4012	4061	8143
5	4070	4014	3908	8144
5	4061	3929	3996	8145
5	4111	4031	4062	8146
5	4115	4040	4036	8147
5	4163	4038	4073	8148
5	4239	4187	4238	8149
5	4074	3991	4082	8150
5	4362	4313	4312	8151
5	4071	3992	4061	8152
5	4071	4061	4012	8153
5	4082	4022	3979	8154
5	4076	4082	3991	8155
5	4077	4067	3986	8156
5	4077	3986	4015	8157
5	4069	3941	4022	8158
5	4076	3925	4014	8159
5	4160	3985	4079	8160
5	4079	3985	4026	8161
5	4080	4049	4008	8162
5	4397	4330	4331	8163
5	4081	4072	4005	8164
5	4081	4005	4041	8165
5	4076	4069	4022	8166
5	4076	4022	4082	8167
5	4083	4027	4043	8168
5	4133	4059	4132	8169
5	4131	4056	4130	8170
5	4084	4047	4018	8171
5	4093	4021	4024	8172
5	4165	4094	4109	8173
5	4087	3983	3982	8174
5	4086	3982	3981	8175
5	4335	4290	4324	8176
5	4143	4062	4141	8177
5	4108	4020	4088	8178
5	4088	4020	4037	8179
5	4089	4084	4018	8180
5	4089	4018	4027	8181
5	4184	4140	4120	8182
5	4168	4072	4154	8183
5	4105	4009	4007	8184
5	4117	4044	4091	8185
5	4177	4115	4112	8186
5	4092	3992	4071	8187
5	4070	4061	3996	8188
5	4070	3996	4069	8189
5	4247	4199	4210	8190
5	4162	4087	4086	8191
5	4107	4066	4028	8192
5	4095	4000	3999	8193
5	4205	4188	4170	8194
5	4184	4120	4127	8195
5	4097	4002	3955	8196
5	4097	3955	3861	8197
5	4177	4112	4175	8198
5	4154	4072	4081	8199
5	4200	4147	4099	8200
5	4296	4147	4200	8201
5	4113	4050	3997	8202
5	4122	4050	4113	8203
5	4101	4015	3901	8204
5	4101	3901	4010	8205
5	4102	4010	3944	8206
5	4102	3944	4013	8207
5	4156	4104	4057	8208
5	4128	4055	4053	8209
5	4130	4055	4128	8210
5	4130	4056	4055	8211
5	4172	4091	4105	8212
5	4145	4084	4089	8213
5	4106	4093	4024	8214
5	4106	4024	4039	8215
5	4258	4203	4173	8216
5	4303	4281	4265	8217
5	4215	4181	4149	8218
5	4108	4078	4029	8219
5	4109	4094	3998	8220
5	4109	3998	4021	8221
5	4110	4088	4037	8222
5	4110	4037	4019	8223
5	4112	4036	4032	8224
5	4200	4099	4169	8225
5	4230	4142	4190	8226
5	4180	4106	4124	8227
5	4121	4042	4049	8228
5	4182	4124	4123	8229
5	4125	4052	4114	8230
5	4114	4052	4025	8231
5	4248	4200	4169	8232
5	4143	4111	4062	8233
5	4248	4169	4226	8234
5	4533	4508	4525	8235
5	4179	4091	4172	8236
5	4133	4132	4117	8237
5	4131	4057	4056	8238
5	4158	4064	4030	8239
5	4119	4105	4007	8240
5	4119	4007	4046	8241
5	4120	4119	4046	8242
5	4120	4046	4048	8243
5	4123	4042	4121	8244
5	4142	4109	4093	8245
5	4122	4121	4080	8246
5	4122	4080	4035	8247
5	4176	4122	4113	8248
5	4124	4106	4039	8249
5	4125	3997	4052	8250
5	4181	4114	4149	8251
5	4180	4161	4106	8252
5	4176	4121	4122	8253
5	4256	4241	4135	8254
5	4128	4053	4126	8255
5	4227	4170	4167	8256
5	4127	4120	4048	8257
5	4332	4258	4289	8258
5	4333	4251	4287	8259
5	4155	4105	4119	8260
5	4129	4127	4054	8261
5	4224	4167	4090	8262
5	4221	4188	4205	8263
5	4074	4082	4058	8264
5	4132	4074	4058	8265
5	4133	4043	4059	8266
5	4132	4059	4074	8267
5	4179	4172	4171	8268
5	4133	4083	4043	8269
5	4288	4189	4241	8270
5	4379	4346	4288	8271
5	4209	4193	4156	8272
5	4155	4119	4140	8273
5	4136	4131	4130	8274
5	4187	4128	4157	8275
5	4137	4110	4075	8276
5	4450	4403	4393	8277
5	4138	4137	4075	8278
5	4138	4075	4087	8279
5	4178	4116	4115	8280
5	4235	4183	4181	8281
5	4212	4140	4184	8282
5	4157	4128	4126	8283
5	4175	4111	4143	8284
5	4232	4175	4191	8285
5	4165	4109	4142	8286
5	4165	4141	4094	8287
5	4207	4164	4206	8288
5	4233	4231	4178	8289
5	4144	4095	4064	8290
5	4399	4332	4289	8291
5	4148	4084	4145	8292
5	4251	4146	4197	8293
5	4146	4068	4006	8294
5	4146	4006	4100	8295
5	4147	4100	4099	8296
5	4169	4098	4168	8297
5	4157	4126	4148	8298
5	4187	4130	4128	8299
5	4266	4207	4206	8300
5	4161	4093	4106	8301
5	4152	4086	4063	8302
5	4162	4086	4152	8303
5	4178	4115	4177	8304
5	4348	4296	4248	8305
5	4278	4222	4216	8306
5	4338	4324	4261	8307
5	4201	4159	4068	8308
5	4170	4103	4096	8309
5	4291	4240	4201	8310
5	4225	4154	4218	8311
5	4228	4145	4171	8312
5	4171	4089	4083	8313
5	4185	4118	4104	8314
5	4185	4135	4118	8315
5	4188	4103	4170	8316
5	4237	4212	4184	8317
5	4208	4148	4196	8318
5	4252	4160	4189	8319
5	4159	4153	4065	8320
5	4159	4065	4068	8321
5	4252	4060	4160	8322
5	4160	4060	3985	8323
5	4174	4078	4108	8324
5	4161	4142	4093	8325
5	4402	4343	4401	8326
5	4222	4152	4216	8327
5	4217	4073	4153	8328
5	4294	4240	4291	8329
5	4164	4149	4085	8330
5	4164	4085	4078	8331
5	4214	4137	4199	8332
5	4166	4088	4139	8333
5	4174	4108	4166	8334
5	4174	4164	4078	8335
5	4167	4096	4090	8336
5	4346	4252	4288	8337
5	4339	4302	4325	8338
5	4233	4177	4232	8339
5	4283	4232	4250	8340
5	4226	4169	4168	8341
5	4238	4187	4157	8342
5	4208	4157	4148	8343
5	4391	4291	4376	8344
5	4171	4145	4089	8345
5	4179	4171	4083	8346
5	4188	4129	4103	8347
5	4418	4392	4354	8348
5	4444	4384	4344	8349
5	4235	4181	4215	8350
5	4207	4149	4164	8351
5	4378	4295	4345	8352
5	4178	4151	4116	8353
5	4182	4180	4124	8354
5	4181	4125	4114	8355
5	4279	4218	4244	8356
5	4340	4297	4316	8357
5	4206	4164	4174	8358
5	4281	4229	4265	8359
5	4188	4186	4129	8360
5	4179	4117	4091	8361
5	4182	4123	4176	8362
5	4176	4123	4121	8363
5	4183	4125	4181	8364
5	4183	4113	4125	8365
5	4183	4176	4113	8366
5	4215	4149	4207	8367
5	4234	4180	4182	8368
5	4236	4234	4182	8369
5	4202	4155	4140	8370
5	4196	4148	4145	8371
5	4307	4242	4204	8372
5	4256	4185	4193	8373
5	4186	4184	4127	8374
5	4186	4127	4129	8375
5	4237	4186	4221	8376
5	4187	4136	4130	8377
5	4179	4083	4133	8378
5	4179	4133	4117	8379
5	4372	4256	4300	8380
5	4242	4144	4204	8381
5	4222	4162	4152	8382
5	4350	4314	4323	8383
5	4191	4175	4143	8384
5	4213	4143	4141	8385
5	4192	4173	4095	8386
5	4192	4095	4144	8387
5	4193	4185	4156	8388
5	4379	4377	4346	8389
5	4194	4150	4134	8390
5	4399	4336	4383	8391
5	4195	4190	4161	8392
5	4195	4161	4180	8393
5	4407	4349	4305	8394
5	4209	4156	4131	8395
5	4197	4146	4100	8396
5	4197	4100	4147	8397
5	4217	4163	4073	8398
5	4217	4153	4198	8399
5	4282	4244	4231	8400
5	4437	4394	4405	8401
5	4225	4168	4154	8402
5	4226	4168	4225	8403
5	4375	4287	4330	8404
5	4291	4201	4251	8405
5	4228	4196	4145	8406
5	4219	4171	4172	8407
5	4262	4134	4203	8408
5	4203	4134	4173	8409
5	4204	4144	4064	8410
5	4204	4064	4158	8411
5	4380	4319	4349	8412
5	4263	4217	4259	8413
5	4283	4282	4233	8414
5	4265	4229	4211	8415
5	4255	4213	4223	8416
5	4371	4326	4309	8417
5	4270	4205	4249	8418
5	4299	4284	4268	8419
5	4321	4270	4319	8420
5	4410	4298	4372	8421
5	4210	4199	4138	8422
5	4210	4138	4162	8423
5	4229	4166	4211	8424
5	4211	4166	4139	8425
5	4284	4237	4268	8426
5	4269	4238	4208	8427
5	4243	4230	4190	8428
5	4213	4191	4143	8429
5	4214	4211	4139	8430
5	4214	4139	4137	8431
5	4278	4216	4261	8432
5	4276	4195	4234	8433
5	4222	4210	4162	8434
5	4216	4152	4150	8435
5	4227	4205	4170	8436
5	4224	4090	4163	8437
5	4218	4154	4151	8438
5	4232	4177	4175	8439
5	4277	4196	4228	8440
5	4228	4171	4219	8441
5	4220	4219	4172	8442
5	4220	4172	4155	8443
5	4237	4184	4186	8444
5	4221	4186	4188	8445
5	4309	4250	4293	8446
5	4274	4191	4213	8447
5	4223	4213	4141	8448
5	4223	4141	4165	8449
5	4457	4434	4386	8450
5	4395	4390	4368	8451
5	4548	4457	4530	8452
5	4301	4244	4282	8453
5	4279	4225	4218	8454
5	4280	4225	4279	8455
5	4268	4237	4221	8456
5	4249	4205	4227	8457
5	4420	4331	4381	8458
5	4555	4515	4513	8459
5	4275	4215	4207	8460
5	4229	4206	4174	8461
5	4230	4223	4165	8462
5	4230	4165	4142	8463
5	4231	4218	4151	8464
5	4231	4151	4178	8465
5	4233	4178	4177	8466
5	4325	4244	4301	8467
5	4322	4274	4255	8468
5	4282	4231	4233	8469
5	4267	4190	4195	8470
5	4234	4195	4180	8471
5	4236	4182	4176	8472
5	4236	4176	4183	8473
5	4236	4183	4235	8474
5	4236	4235	4234	8475
5	4238	4157	4208	8476
5	4304	4269	4272	8477
5	4312	4263	4259	8478
5	4328	4286	4239	8479
5	4286	4136	4239	8480
5	4239	4136	4187	8481
5	4251	4201	4146	8482
5	4436	4413	4389	8483
5	4256	4135	4185	8484
5	4496	4459	4442	8485
5	4382	4354	4361	8486
5	4441	4377	4428	8487
5	4257	4199	4247	8488
5	4326	4282	4283	8489
5	4359	4325	4301	8490
5	4250	4232	4191	8491
5	4296	4200	4248	8492
5	4280	4226	4225	8493
5	4383	4336	4337	8494
5	4246	4204	4158	8495
5	4324	4278	4261	8496
5	4343	4203	4258	8497
5	4375	4333	4287	8498
5	4338	4261	4311	8499
5	4308	4284	4299	8500
5	4300	4256	4193	8501
5	4369	4322	4315	8502
5	4306	4260	4290	8503
5	4348	4248	4295	8504
5	4330	4287	4245	8505
5	4310	4060	4252	8506
5	4310	4158	4060	8507
5	4320	4269	4304	8508
5	4407	4305	4363	8509
5	4275	4207	4266	8510
5	4265	4211	4254	8511
5	4274	4213	4255	8512
5	4274	4250	4191	8513
5	4271	4193	4209	8514
5	4300	4193	4271	8515
5	4257	4254	4214	8516
5	4257	4214	4199	8517
5	4324	4290	4278	8518
5	4422	4374	4402	8519
5	4263	4163	4217	8520
5	4263	4224	4163	8521
5	4260	4247	4210	8522
5	4260	4210	4222	8523
5	4278	4260	4222	8524
5	4261	4216	4194	8525
5	4364	4314	4350	8526
5	4262	4194	4134	8527
5	4423	4362	4384	8528
5	4313	4263	4312	8529
5	4264	4255	4223	8530
5	4264	4223	4230	8531
5	4322	4293	4274	8532
5	4345	4280	4302	8533
5	4316	4266	4281	8534
5	4327	4275	4297	8535
5	4297	4275	4266	8536
5	4267	4243	4190	8537
5	4285	4238	4269	8538
5	4273	4202	4212	8539
5	4376	4291	4333	8540
5	4321	4268	4270	8541
5	4270	4268	4221	8542
5	4270	4221	4205	8543
5	4411	4300	4367	8544
5	4328	4239	4285	8545
5	4272	4269	4208	8546
5	4272	4208	4196	8547
5	4277	4228	4219	8548
5	4277	4220	4202	8549
5	4403	4351	4355	8550
5	4293	4250	4274	8551
5	4276	4234	4235	8552
5	4283	4233	4232	8553
5	4276	4235	4215	8554
5	4276	4215	4275	8555
5	4277	4272	4196	8556
5	4277	4219	4220	8557
5	4386	4339	4359	8558
5	4292	4257	4247	8559
5	4434	4387	4339	8560
5	4387	4345	4302	8561
5	4277	4202	4273	8562
5	4388	4360	4308	8563
5	4281	4266	4206	8564
5	4281	4206	4229	8565
5	4315	4255	4264	8566
5	4424	4412	4421	8567
5	4327	4276	4275	8568
5	4276	4267	4195	8569
5	4284	4273	4212	8570
5	4284	4212	4237	8571
5	4286	4271	4209	8572
5	4285	4239	4238	8573
5	4372	4298	4256	8574
5	4438	4334	4380	8575
5	4444	4344	4391	8576
5	4423	4406	4362	8577
5	4346	4310	4252	8578
5	4392	4337	4307	8579
5	4289	4258	4192	8580
5	4289	4192	4144	8581
5	4341	4290	4335	8582
5	4347	4203	4343	8583
5	4345	4295	4280	8584
5	4381	4331	4296	8585
5	4425	4374	4422	8586
5	4605	4581	4601	8587
5	4370	4293	4322	8588
5	4326	4283	4309	8589
5	4294	4259	4198	8590
5	4294	4198	4240	8591
5	4295	4248	4226	8592
5	4295	4226	4280	8593
5	4391	4344	4294	8594
5	4473	4426	4397	8595
5	4316	4281	4303	8596
5	4323	4257	4292	8597
5	4435	4410	4372	8598
5	4501	4443	4456	8599
5	4308	4273	4284	8600
5	4353	4320	4304	8601
5	4319	4270	4249	8602
5	4329	4271	4286	8603
5	4309	4283	4250	8604
5	4427	4386	4394	8605
5	4302	4280	4279	8606
5	4554	4513	4511	8607
5	4529	4522	4524	8608
5	4327	4267	4276	8609
5	4320	4285	4269	8610
5	4379	4288	4342	8611
5	4305	4249	4227	8612
5	4305	4227	4253	8613
5	4306	4292	4247	8614
5	4306	4247	4260	8615
5	4440	4342	4410	8616
5	4432	4332	4399	8617
5	4360	4304	4272	8618
5	4360	4273	4308	8619
5	4326	4301	4282	8620
5	4359	4301	4356	8621
5	4361	4310	4346	8622
5	4310	4246	4158	8623
5	4311	4261	4194	8624
5	4311	4194	4262	8625
5	4313	4253	4224	8626
5	4313	4224	4263	8627
5	4349	4319	4249	8628
5	4363	4313	4362	8629
5	4314	4303	4265	8630
5	4314	4265	4254	8631
5	4624	4582	4570	8632
5	4322	4255	4315	8633
5	4352	4315	4317	8634
5	4316	4297	4266	8635
5	4317	4315	4264	8636
5	4317	4264	4243	8637
5	4318	4317	4243	8638
5	4318	4243	4267	8639
5	4404	4320	4353	8640
5	4334	4321	4319	8641
5	4390	4353	4357	8642
5	4404	4353	4390	8643
5	4357	4308	4299	8644
5	4321	4299	4268	8645
5	4364	4303	4314	8646
5	4370	4358	4293	8647
5	4323	4314	4254	8648
5	4323	4254	4257	8649
5	4429	4335	4398	8650
5	4393	4355	4341	8651
5	4325	4302	4279	8652
5	4325	4279	4244	8653
5	4341	4306	4290	8654
5	4355	4306	4341	8655
5	4327	4297	4318	8656
5	4327	4318	4267	8657
5	4390	4357	4368	8658
5	4329	4286	4328	8659
5	4349	4249	4305	8660
5	4380	4334	4319	8661
5	4430	4348	4378	8662
5	4535	4501	4456	8663
5	4331	4330	4245	8664
5	4331	4245	4296	8665
5	4343	4258	4332	8666
5	4402	4347	4343	8667
5	4443	4391	4376	8668
5	4381	4296	4348	8669
5	4366	4285	4320	8670
5	4368	4321	4334	8671
5	4425	4338	4374	8672
5	4464	4392	4418	8673
5	4399	4289	4336	8674
5	4336	4289	4242	8675
5	4337	4336	4242	8676
5	4337	4242	4307	8677
5	4347	4262	4203	8678
5	4598	4560	4559	8679
5	4371	4309	4358	8680
5	4400	4341	4335	8681
5	4365	4316	4303	8682
5	4340	4318	4297	8683
5	4476	4433	4400	8684
5	4522	4461	4486	8685
5	4342	4288	4241	8686
5	4342	4241	4298	8687
5	4347	4311	4262	8688
5	4572	4536	4500	8689
5	4344	4312	4259	8690
5	4344	4259	4294	8691
5	4626	4537	4576	8692
5	4378	4348	4295	8693
5	4354	4307	4246	8694
5	4646	4566	4621	8695
5	4433	4393	4400	8696
5	4471	4401	4432	8697
5	4434	4339	4386	8698
5	4511	4460	4497	8699
5	4406	4363	4362	8700
5	4448	4390	4395	8701
5	4358	4309	4293	8702
5	4356	4301	4326	8703
5	4351	4350	4323	8704
5	4351	4323	4292	8705
5	4539	4495	4472	8706
5	4369	4315	4352	8707
5	4404	4396	4366	8708
5	4366	4328	4285	8709
5	4382	4361	4377	8710
5	4418	4354	4382	8711
5	4355	4351	4292	8712
5	4355	4292	4306	8713
5	4359	4339	4325	8714
5	4387	4302	4339	8715
5	4388	4304	4360	8716
5	4388	4308	4357	8717
5	4371	4356	4326	8718
5	4465	4430	4460	8719
5	4340	4352	4317	8720
5	4340	4317	4318	8721
5	4360	4272	4277	8722
5	4360	4277	4273	8723
5	4361	4354	4246	8724
5	4361	4246	4310	8725
5	4363	4305	4253	8726
5	4363	4253	4313	8727
5	4438	4395	4334	8728
5	4407	4363	4406	8729
5	4365	4340	4316	8730
5	4365	4303	4364	8731
5	4389	4369	4352	8732
5	4409	4340	4365	8733
5	4367	4271	4329	8734
5	4373	4328	4366	8735
5	4464	4442	4392	8736
5	4439	4411	4367	8737
5	4368	4357	4299	8738
5	4368	4299	4321	8739
5	4408	4365	4364	8740
5	4370	4322	4369	8741
5	4424	4408	4412	8742
5	4414	4351	4403	8743
5	4569	4563	4523	8744
5	4445	4421	4414	8745
5	4462	4411	4439	8746
5	4446	4373	4396	8747
5	4462	4435	4372	8748
5	4373	4329	4328	8749
5	4374	4338	4311	8750
5	4374	4311	4347	8751
5	4426	4375	4330	8752
5	4444	4391	4443	8753
5	4535	4431	4463	8754
5	4513	4467	4465	8755
5	4567	4493	4545	8756
5	4377	4361	4346	8757
5	4613	4577	4547	8758
5	4556	4498	4550	8759
5	4428	4377	4379	8760
5	4479	4428	4440	8761
5	4469	4439	4416	8762
5	4525	4489	4488	8763
5	4467	4420	4465	8764
5	4463	4431	4375	8765
5	4410	4342	4298	8766
5	4440	4428	4379	8767
5	4392	4307	4354	8768
5	4657	4603	4655	8769
5	4384	4362	4312	8770
5	4384	4312	4344	8771
5	4415	4358	4385	8772
5	4385	4358	4370	8773
5	4483	4450	4433	8774
5	4405	4394	4356	8775
5	4420	4397	4331	8776
5	4473	4397	4467	8777
5	4388	4357	4353	8778
5	4388	4353	4304	8779
5	4413	4369	4389	8780
5	4413	4370	4369	8781
5	4396	4373	4366	8782
5	4395	4368	4334	8783
5	4451	4407	4406	8784
5	4508	4484	4438	8785
5	4442	4337	4392	8786
5	4441	4382	4377	8787
5	4403	4355	4393	8788
5	4445	4414	4403	8789
5	4394	4386	4359	8790
5	4394	4359	4356	8791
5	4526	4484	4508	8792
5	4404	4366	4320	8793
5	4515	4467	4513	8794
5	4574	4547	4501	8795
5	4465	4420	4430	8796
5	4588	4494	4548	8797
5	4398	4335	4324	8798
5	4398	4324	4338	8799
5	4401	4343	4332	8800
5	4402	4374	4347	8801
5	4603	4539	4571	8802
5	4425	4398	4338	8803
5	4666	4610	4598	8804
5	4506	4475	4441	8805
5	4540	4509	4458	8806
5	4429	4400	4335	8807
5	4450	4393	4433	8808
5	4405	4356	4371	8809
5	4485	4448	4484	8810
5	4449	4396	4404	8811
5	4627	4568	4529	8812
5	4490	4470	4453	8813
5	4463	4375	4426	8814
5	4557	4480	4519	8815
5	4481	4444	4443	8816
5	4452	4407	4451	8817
5	4409	4352	4340	8818
5	4409	4365	4408	8819
5	4409	4408	4389	8820
5	4409	4389	4352	8821
5	4416	4367	4329	8822
5	4411	4372	4300	8823
5	4462	4372	4411	8824
5	4416	4329	4373	8825
5	4412	4408	4364	8826
5	4412	4364	4350	8827
5	4421	4412	4414	8828
5	4413	4385	4370	8829
5	4414	4412	4350	8830
5	4414	4350	4351	8831
5	4415	4405	4371	8832
5	4415	4371	4358	8833
5	4498	4439	4469	8834
5	4440	4379	4342	8835
5	4417	4378	4345	8836
5	4417	4345	4387	8837
5	4442	4383	4337	8838
5	4566	4538	4543	8839
5	4447	4415	4419	8840
5	4419	4415	4385	8841
5	4537	4502	4473	8842
5	4515	4473	4467	8843
5	4585	4529	4565	8844
5	4424	4389	4408	8845
5	4504	4472	4422	8846
5	4503	4401	4471	8847
5	4542	4525	4488	8848
5	4501	4481	4443	8849
5	4453	4419	4385	8850
5	4436	4389	4424	8851
5	4476	4400	4429	8852
5	4450	4445	4403	8853
5	4467	4397	4420	8854
5	4502	4426	4473	8855
5	4583	4530	4582	8856
5	4492	4474	4437	8857
5	4531	4496	4464	8858
5	4597	4559	4558	8859
5	4539	4472	4504	8860
5	4571	4539	4504	8861
5	4430	4420	4381	8862
5	4430	4381	4348	8863
5	4431	4376	4333	8864
5	4431	4333	4375	8865
5	4528	4504	4503	8866
5	4699	4697	4658	8867
5	4604	4539	4603	8868
5	4505	4491	4487	8869
5	4570	4544	4492	8870
5	4457	4386	4427	8871
5	4478	4440	4410	8872
5	4478	4410	4435	8873
5	4477	4424	4421	8874
5	4453	4413	4436	8875
5	4474	4394	4437	8876
5	4474	4427	4394	8877
5	4446	4416	4373	8878
5	4439	4367	4416	8879
5	4448	4404	4390	8880
5	4571	4504	4528	8881
5	4479	4440	4478	8882
5	4506	4441	4480	8883
5	4517	4478	4435	8884
5	4480	4428	4479	8885
5	4475	4382	4441	8886
5	4496	4442	4464	8887
5	4466	4406	4423	8888
5	4537	4473	4515	8889
5	4466	4451	4406	8890
5	4482	4444	4481	8891
5	4492	4437	4461	8892
5	4453	4385	4413	8893
5	4542	4488	4512	8894
5	4589	4514	4549	8895
5	4447	4437	4405	8896
5	4447	4405	4415	8897
5	4508	4438	4489	8898
5	4449	4404	4448	8899
5	4556	4516	4498	8900
5	4469	4416	4446	8901
5	4540	4458	4495	8902
5	4477	4436	4424	8903
5	4452	4380	4349	8904
5	4452	4349	4407	8905
5	4484	4448	4395	8906
5	4489	4438	4380	8907
5	4470	4419	4453	8908
5	4491	4421	4445	8909
5	4454	4432	4399	8910
5	4454	4399	4383	8911
5	4455	4417	4387	8912
5	4455	4387	4434	8913
5	4456	4443	4376	8914
5	4456	4376	4431	8915
5	4582	4530	4544	8916
5	4583	4548	4530	8917
5	4458	4429	4398	8918
5	4458	4398	4425	8919
5	4459	4454	4383	8920
5	4459	4383	4442	8921
5	4460	4430	4378	8922
5	4460	4378	4417	8923
5	4461	4437	4447	8924
5	4487	4445	4450	8925
5	4510	4468	4507	8926
5	4484	4395	4438	8927
5	4649	4622	4579	8928
5	4535	4456	4431	8929
5	4519	4480	4479	8930
5	4475	4418	4382	8931
5	4584	4532	4502	8932
5	4541	4497	4455	8933
5	4600	4542	4512	8934
5	4580	4578	4564	8935
5	4511	4465	4460	8936
5	4513	4465	4511	8937
5	4468	4446	4396	8938
5	4468	4396	4449	8939
5	4525	4508	4489	8940
5	4488	4452	4451	8941
5	4486	4419	4470	8942
5	4486	4447	4419	8943
5	4528	4503	4471	8944
5	4504	4422	4503	8945
5	4472	4458	4425	8946
5	4472	4425	4422	8947
5	4553	4511	4497	8948
5	4502	4463	4426	8949
5	4544	4474	4492	8950
5	4509	4476	4429	8951
5	4480	4441	4428	8952
5	4545	4475	4506	8953
5	4546	4492	4461	8954
5	4487	4450	4483	8955
5	4490	4436	4477	8956
5	4490	4453	4436	8957
5	4507	4468	4485	8958
5	4498	4462	4439	8959
5	4510	4469	4446	8960
5	4519	4479	4518	8961
5	4516	4435	4462	8962
5	4518	4479	4478	8963
5	4482	4423	4384	8964
5	4482	4384	4444	8965
5	4674	4659	4616	8966
5	4521	4482	4520	8967
5	4569	4523	4536	8968
5	4551	4500	4476	8969
5	4485	4449	4448	8970
5	4485	4468	4449	8971
5	4517	4435	4516	8972
5	4677	4673	4636	8973
5	4546	4461	4522	8974
5	4486	4461	4447	8975
5	4527	4490	4477	8976
5	4523	4487	4483	8977
5	4489	4452	4488	8978
5	4489	4380	4452	8979
5	4611	4561	4577	8980
5	4526	4485	4484	8981
5	4527	4477	4491	8982
5	4491	4445	4487	8983
5	4527	4470	4490	8984
5	4491	4477	4421	8985
5	4652	4609	4588	8986
5	4582	4544	4570	8987
5	4493	4464	4418	8988
5	4493	4418	4475	8989
5	4494	4455	4434	8990
5	4494	4434	4457	8991
5	4509	4429	4458	8992
5	4495	4458	4472	8993
5	4531	4464	4493	8994
5	4558	4517	4516	8995
5	4497	4460	4417	8996
5	4497	4417	4455	8997
5	4518	4478	4517	8998
5	4516	4462	4498	8999
5	4499	4471	4432	9000
5	4499	4432	4454	9001
5	4500	4483	4433	9002
5	4500	4433	4476	9003
5	4520	4482	4481	9004
5	4547	4520	4481	9005
5	4535	4463	4532	9006
5	4532	4463	4502	9007
5	4607	4495	4604	9008
5	4503	4422	4402	9009
5	4549	4459	4496	9010
5	4655	4605	4639	9011
5	4565	4505	4563	9012
5	4527	4491	4505	9013
5	4606	4531	4567	9014
5	4590	4557	4519	9015
5	4510	4446	4468	9016
5	4550	4498	4469	9017
5	4534	4508	4533	9018
5	4561	4521	4520	9019
5	4536	4483	4500	9020
5	4607	4586	4540	9021
5	4558	4516	4556	9022
5	4564	4526	4534	9023
5	4609	4608	4587	9024
5	4541	4455	4494	9025
5	4512	4488	4451	9026
5	4512	4451	4466	9027
5	4592	4555	4554	9028
5	4619	4588	4548	9029
5	4514	4499	4454	9030
5	4514	4454	4459	9031
5	4555	4513	4554	9032
5	4576	4515	4555	9033
5	4674	4616	4644	9034
5	4560	4519	4518	9035
5	4578	4552	4564	9036
5	4559	4517	4558	9037
5	4632	4595	4620	9038
5	4620	4595	4557	9039
5	4634	4597	4596	9040
5	4559	4518	4517	9041
5	4521	4466	4423	9042
5	4521	4423	4482	9043
5	4909	4870	4819	9044
5	4562	4521	4561	9045
5	4563	4505	4523	9046
5	4694	4660	4614	9047
5	4570	4492	4546	9048
5	4523	4505	4487	9049
5	4524	4522	4486	9050
5	4524	4486	4470	9051
5	4598	4559	4597	9052
5	4648	4577	4613	9053
5	4534	4526	4508	9054
5	4526	4507	4485	9055
5	4568	4546	4522	9056
5	4527	4524	4470	9057
5	4617	4536	4572	9058
5	4754	4739	4744	9059
5	4565	4529	4524	9060
5	4536	4523	4483	9061
5	4777	4719	4774	9062
5	4530	4457	4427	9063
5	4567	4531	4493	9064
5	4589	4543	4514	9065
5	4648	4611	4577	9066
5	4626	4584	4537	9067
5	4613	4547	4574	9068
5	4576	4537	4515	9069
5	4560	4518	4559	9070
5	4550	4469	4510	9071
5	4579	4533	4525	9072
5	4547	4481	4501	9073
5	4658	4607	4604	9074
5	4664	4624	4641	9075
5	4584	4502	4537	9076
5	4711	4675	4685	9077
5	4538	4528	4471	9078
5	4538	4471	4499	9079
5	4647	4614	4586	9080
5	4586	4509	4540	9081
5	4586	4551	4509	9082
5	4551	4476	4509	9083
5	4554	4511	4553	9084
5	4609	4587	4541	9085
5	4611	4599	4561	9086
5	4649	4579	4637	9087
5	4543	4538	4499	9088
5	4543	4499	4514	9089
5	4544	4530	4427	9090
5	4544	4427	4474	9091
5	4712	4646	4693	9092
5	4606	4575	4531	9093
5	4607	4540	4495	9094
5	4615	4563	4569	9095
5	4574	4501	4535	9096
5	4880	4848	4845	9097
5	4588	4541	4494	9098
5	4548	4494	4457	9099
5	4621	4566	4543	9100
5	4549	4514	4459	9101
5	4596	4556	4594	9102
5	4590	4519	4560	9103
5	4572	4500	4551	9104
5	4678	4650	4615	9105
5	4552	4550	4510	9106
5	4552	4510	4507	9107
5	4777	4753	4719	9108
5	4592	4554	4591	9109
5	4619	4548	4583	9110
5	4591	4554	4553	9111
5	4651	4576	4618	9112
5	4745	4726	4741	9113
5	4593	4552	4578	9114
5	4632	4545	4595	9115
5	4620	4557	4590	9116
5	4557	4506	4480	9117
5	4579	4525	4542	9118
5	4595	4506	4557	9119
5	4593	4550	4552	9120
5	4594	4556	4550	9121
5	4666	4598	4635	9122
5	4596	4558	4556	9123
5	4562	4512	4466	9124
5	4562	4466	4521	9125
5	4902	4828	4866	9126
5	4677	4636	4640	9127
5	4568	4522	4529	9128
5	4585	4565	4563	9129
5	4564	4552	4507	9130
5	4564	4507	4526	9131
5	4565	4524	4527	9132
5	4565	4527	4505	9133
5	4621	4543	4589	9134
5	4716	4686	4667	9135
5	4681	4645	4610	9136
5	4712	4676	4646	9137
5	4609	4541	4588	9138
5	4625	4582	4624	9139
5	4779	4720	4746	9140
5	4641	4624	4602	9141
5	4624	4570	4602	9142
5	4617	4569	4536	9143
5	4581	4538	4566	9144
5	4604	4495	4539	9145
5	4650	4627	4585	9146
5	4655	4603	4605	9147
5	4574	4535	4573	9148
5	4573	4535	4532	9149
5	4599	4562	4561	9150
5	4763	4734	4689	9151
5	4575	4549	4496	9152
5	4575	4496	4531	9153
5	4638	4612	4584	9154
5	4665	4591	4608	9155
5	4577	4561	4520	9156
5	4577	4520	4547	9157
5	4580	4564	4534	9158
5	4622	4533	4579	9159
5	4630	4578	4623	9160
5	4580	4534	4533	9161
5	4690	4611	4648	9162
5	4622	4580	4533	9163
5	4581	4571	4528	9164
5	4581	4528	4538	9165
5	4732	4663	4703	9166
5	4678	4615	4643	9167
5	4703	4625	4664	9168
5	4701	4641	4661	9169
5	4638	4584	4626	9170
5	4747	4679	4713	9171
5	4615	4585	4563	9172
5	4627	4529	4585	9173
5	4667	4567	4632	9174
5	4693	4646	4621	9175
5	4587	4553	4497	9176
5	4587	4497	4541	9177
5	4713	4679	4654	9178
5	4653	4608	4609	9179
5	4715	4693	4642	9180
5	4776	4742	4709	9181
5	4736	4645	4681	9182
5	4707	4666	4635	9183
5	4704	4653	4696	9184
5	4766	4695	4727	9185
5	4848	4810	4845	9186
5	4713	4654	4675	9187
5	4597	4558	4596	9188
5	4594	4550	4593	9189
5	4662	4580	4622	9190
5	4623	4578	4580	9191
5	4667	4606	4567	9192
5	4595	4545	4506	9193
5	4630	4593	4578	9194
5	4631	4593	4630	9195
5	4709	4672	4671	9196
5	4635	4598	4597	9197
5	4631	4594	4593	9198
5	4633	4596	4594	9199
5	4600	4562	4599	9200
5	4600	4512	4562	9201
5	4633	4594	4631	9202
5	4637	4579	4542	9203
5	4601	4581	4566	9204
5	4676	4601	4646	9205
5	4602	4570	4546	9206
5	4602	4546	4568	9207
5	4698	4655	4682	9208
5	4768	4678	4725	9209
5	4657	4604	4603	9210
5	4650	4585	4615	9211
5	4605	4603	4571	9212
5	4605	4571	4581	9213
5	4628	4549	4575	9214
5	4716	4667	4680	9215
5	4647	4586	4607	9216
5	4646	4601	4566	9217
5	4608	4591	4553	9218
5	4608	4553	4587	9219
5	4717	4650	4678	9220
5	4625	4583	4582	9221
5	4610	4590	4560	9222
5	4610	4560	4598	9223
5	4735	4690	4695	9224
5	4636	4600	4599	9225
5	4612	4573	4532	9226
5	4612	4532	4584	9227
5	4640	4636	4599	9228
5	4719	4644	4683	9229
5	4614	4572	4551	9230
5	4614	4551	4586	9231
5	4660	4617	4572	9232
5	4661	4568	4627	9233
5	4616	4613	4574	9234
5	4616	4574	4573	9235
5	4725	4678	4643	9236
5	4643	4569	4617	9237
5	4618	4576	4555	9238
5	4618	4555	4592	9239
5	4652	4588	4619	9240
5	4683	4644	4612	9241
5	4671	4634	4633	9242
5	4749	4681	4729	9243
5	4676	4639	4601	9244
5	4628	4589	4549	9245
5	4932	4873	4888	9246
5	4742	4672	4709	9247
5	4640	4599	4611	9248
5	4687	4662	4622	9249
5	4775	4724	4740	9250
5	4797	4758	4732	9251
5	4720	4703	4664	9252
5	4643	4615	4569	9253
5	4689	4626	4651	9254
5	4763	4689	4651	9255
5	4663	4583	4625	9256
5	4661	4641	4602	9257
5	4714	4656	4686	9258
5	4680	4632	4620	9259
5	4629	4592	4591	9260
5	4665	4629	4591	9261
5	4803	4728	4761	9262
5	4634	4596	4633	9263
5	4669	4633	4631	9264
5	4635	4597	4634	9265
5	4681	4610	4666	9266
5	4632	4567	4545	9267
5	4672	4634	4671	9268
5	4687	4622	4649	9269
5	4668	4631	4630	9270
5	4730	4670	4692	9271
5	4709	4671	4708	9272
5	4672	4635	4634	9273
5	4637	4600	4636	9274
5	4637	4542	4600	9275
5	4662	4623	4580	9276
5	4680	4667	4632	9277
5	4651	4626	4576	9278
5	4755	4675	4711	9279
5	4639	4605	4601	9280
5	4849	4781	4823	9281
5	4752	4718	4735	9282
5	4814	4777	4774	9283
5	4764	4748	4737	9284
5	4660	4572	4614	9285
5	4642	4621	4589	9286
5	4642	4589	4628	9287
5	4739	4698	4710	9288
5	4684	4617	4660	9289
5	4644	4616	4573	9290
5	4644	4573	4612	9291
5	4645	4620	4590	9292
5	4645	4590	4610	9293
5	4693	4621	4642	9294
5	4849	4829	4781	9295
5	4699	4657	4698	9296
5	4684	4643	4617	9297
5	4722	4662	4687	9298
5	4690	4640	4611	9299
5	4708	4669	4705	9300
5	4723	4649	4673	9301
5	4724	4688	4701	9302
5	4661	4602	4568	9303
5	4794	4713	4755	9304
5	4683	4612	4638	9305
5	4665	4608	4653	9306
5	4653	4609	4652	9307
5	4704	4665	4653	9308
5	4704	4685	4665	9309
5	4654	4618	4592	9310
5	4654	4592	4629	9311
5	4698	4657	4655	9312
5	4658	4604	4657	9313
5	4656	4628	4575	9314
5	4656	4575	4606	9315
5	4748	4721	4737	9316
5	4658	4647	4607	9317
5	4799	4784	4748	9318
5	4829	4756	4781	9319
5	4659	4648	4613	9320
5	4659	4613	4616	9321
5	4757	4684	4721	9322
5	4821	4790	4750	9323
5	4700	4627	4650	9324
5	4700	4661	4627	9325
5	4669	4631	4668	9326
5	4671	4633	4669	9327
5	4702	4619	4663	9328
5	4663	4619	4583	9329
5	4801	4741	4773	9330
5	4664	4625	4624	9331
5	4778	4651	4679	9332
5	4877	4779	4817	9333
5	4729	4666	4707	9334
5	4759	4715	4691	9335
5	4715	4642	4691	9336
5	4714	4691	4656	9337
5	4735	4718	4690	9338
5	4820	4783	4776	9339
5	4761	4718	4752	9340
5	4707	4635	4672	9341
5	4670	4668	4630	9342
5	4670	4630	4623	9343
5	4762	4729	4707	9344
5	4692	4623	4662	9345
5	4731	4708	4705	9346
5	4762	4707	4742	9347
5	4673	4649	4637	9348
5	4673	4637	4636	9349
5	4774	4683	4734	9350
5	4878	4803	4841	9351
5	4675	4654	4629	9352
5	4703	4663	4625	9353
5	4838	4805	4816	9354
5	4836	4795	4744	9355
5	4921	4858	4881	9356
5	4803	4761	4780	9357
5	4732	4702	4663	9358
5	4771	4726	4745	9359
5	4679	4651	4618	9360
5	4679	4618	4654	9361
5	5001	4966	4941	9362
5	4680	4620	4645	9363
5	4765	4686	4716	9364
5	4708	4671	4669	9365
5	4682	4655	4639	9366
5	4733	4682	4639	9367
5	4842	4747	4819	9368
5	4719	4674	4644	9369
5	5058	5001	5021	9370
5	4694	4614	4647	9371
5	4685	4675	4629	9372
5	4685	4629	4665	9373
5	4686	4656	4606	9374
5	4686	4606	4667	9375
5	4692	4670	4623	9376
5	4705	4669	4668	9377
5	4688	4664	4641	9378
5	4757	4721	4748	9379
5	4734	4638	4689	9380
5	4689	4638	4626	9381
5	4766	4735	4695	9382
5	4807	4788	4769	9383
5	4691	4642	4628	9384
5	4691	4628	4656	9385
5	4765	4714	4686	9386
5	4772	4716	4680	9387
5	4733	4639	4676	9388
5	4836	4744	4785	9389
5	4751	4732	4703	9390
5	5133	5060	5082	9391
5	4695	4690	4648	9392
5	4695	4648	4659	9393
5	4696	4653	4652	9394
5	4779	4751	4720	9395
5	4697	4694	4647	9396
5	4697	4647	4658	9397
5	4699	4658	4657	9398
5	4965	4937	4909	9399
5	4790	4733	4750	9400
5	4764	4738	4754	9401
5	4701	4661	4700	9402
5	4701	4688	4641	9403
5	4916	4911	4913	9404
5	4905	4817	4857	9405
5	4702	4696	4652	9406
5	4702	4652	4619	9407
5	4720	4664	4688	9408
5	4809	4746	4724	9409
5	5095	232	5043	9410
5	4981	4951	4975	9411
5	4761	4677	4718	9412
5	4731	4705	4706	9413
5	4706	4705	4668	9414
5	4706	4668	4670	9415
5	4742	4707	4672	9416
5	4729	4681	4666	9417
5	4851	4835	4834	9418
5	4854	4783	4820	9419
5	4807	4767	4788	9420
5	4789	4769	4788	9421
5	4710	4698	4682	9422
5	4770	4682	4733	9423
5	4822	4794	4755	9424
5	5012	4946	4988	9425
5	4885	4816	4865	9426
5	4947	4888	4934	9427
5	4855	4822	4787	9428
5	4794	4747	4713	9429
5	4772	4680	4736	9430
5	4886	4849	4823	9431
5	4756	4712	4693	9432
5	4770	4710	4682	9433
5	4826	4796	4765	9434
5	4749	4736	4681	9435
5	4740	4724	4701	9436
5	4717	4700	4650	9437
5	4718	4677	4640	9438
5	4718	4640	4690	9439
5	4856	4841	4780	9440
5	4864	4791	4824	9441
5	4901	4813	4837	9442
5	4751	4703	4720	9443
5	4721	4684	4660	9444
5	4721	4660	4694	9445
5	4730	4706	4670	9446
5	4722	4692	4662	9447
5	4723	4722	4687	9448
5	4723	4687	4649	9449
5	4740	4700	4717	9450
5	4725	4643	4684	9451
5	4740	4701	4700	9452
5	4818	4784	4799	9453
5	4726	4711	4685	9454
5	4726	4685	4704	9455
5	4727	4695	4659	9456
5	4727	4659	4674	9457
5	4728	4723	4673	9458
5	4728	4673	4677	9459
5	4783	4742	4776	9460
5	4736	4680	4645	9461
5	4743	4708	4731	9462
5	4731	4706	4730	9463
5	4858	4793	4835	9464
5	4793	4776	4743	9465
5	4758	4702	4732	9466
5	4850	4846	4812	9467
5	4756	4693	4715	9468
5	4785	4710	4770	9469
5	4774	4719	4683	9470
5	4734	4683	4638	9471
5	4791	4735	4766	9472
5	4883	4864	4824	9473
5	4806	4716	4772	9474
5	4879	4806	4843	9475
5	4737	4721	4694	9476
5	4737	4694	4697	9477
5	4738	4737	4697	9478
5	4738	4697	4699	9479
5	4739	4738	4699	9480
5	4739	4699	4698	9481
5	4799	4748	4764	9482
5	4757	4725	4684	9483
5	4741	4726	4704	9484
5	4741	4704	4696	9485
5	4793	4743	4760	9486
5	4767	4723	4728	9487
5	4776	4709	4743	9488
5	4743	4709	4708	9489
5	4744	4739	4710	9490
5	4785	4744	4710	9491
5	4773	4741	4696	9492
5	4859	4785	4815	9493
5	4746	4720	4688	9494
5	4746	4688	4724	9495
5	4833	4763	4778	9496
5	4755	4713	4675	9497
5	4754	4738	4739	9498
5	4805	4754	4795	9499
5	4811	4736	4749	9500
5	4806	4765	4716	9501
5	4750	4733	4676	9502
5	4750	4676	4712	9503
5	4758	4696	4702	9504
5	4801	4745	4741	9505
5	4778	4679	4747	9506
5	4875	4842	4870	9507
5	4753	4727	4674	9508
5	4753	4674	4719	9509
5	4764	4737	4738	9510
5	4890	4853	4818	9511
5	4771	4711	4726	9512
5	4982	4959	4919	9513
5	5128	5067	5084	9514
5	4759	4691	4714	9515
5	4800	4775	4786	9516
5	4768	4717	4678	9517
5	4773	4696	4758	9518
5	4845	4810	4745	9519
5	4914	4897	4849	9520
5	4821	4750	4782	9521
5	4760	4743	4731	9522
5	4789	4730	4769	9523
5	4803	4767	4728	9524
5	4761	4728	4677	9525
5	4820	4776	4793	9526
5	4918	4889	4896	9527
5	4804	4774	4734	9528
5	4798	4727	4753	9529
5	4923	4867	4908	9530
5	4784	4757	4748	9531
5	4904	4827	4863	9532
5	4915	4852	4882	9533
5	4804	4734	4763	9534
5	4828	4753	4777	9535
5	4791	4752	4735	9536
5	4807	4723	4767	9537
5	4808	4725	4757	9538
5	4892	4857	4825	9539
5	4769	4730	4692	9540
5	4769	4692	4722	9541
5	4790	4770	4733	9542
5	4903	4879	4843	9543
5	4855	4787	4830	9544
5	5078	5043	232	9545
5	4826	4765	4806	9546
5	4831	4762	4783	9547
5	4797	4732	4751	9548
5	4812	4758	4797	9549
5	4978	4939	4902	9550
5	4814	4774	4804	9551
5	4825	4809	4775	9552
5	4809	4724	4775	9553
5	4783	4762	4742	9554
5	4835	4793	4760	9555
5	4798	4766	4727	9556
5	4864	4832	4791	9557
5	4833	4804	4763	9558
5	4778	4763	4651	9559
5	4850	4812	4813	9560
5	4837	4751	4779	9561
5	4780	4761	4752	9562
5	5000	4958	4940	9563
5	4781	4756	4715	9564
5	4781	4715	4759	9565
5	4782	4750	4712	9566
5	4782	4712	4756	9567
5	4941	4904	4863	9568
5	4992	4922	4963	9569
5	4786	4717	4768	9570
5	4808	4768	4725	9571
5	4829	4782	4756	9572
5	4872	4825	4775	9573
5	4786	4775	4740	9574
5	4786	4740	4717	9575
5	4787	4755	4711	9576
5	4787	4711	4771	9577
5	4802	4760	4731	9578
5	4789	4731	4730	9579
5	4802	4731	4789	9580
5	4834	4760	4802	9581
5	5028	4950	4993	9582
5	4873	4790	4821	9583
5	4891	4841	4856	9584
5	4866	4777	4814	9585
5	4792	4749	4729	9586
5	4792	4729	4762	9587
5	4835	4760	4834	9588
5	4827	4811	4749	9589
5	4847	4794	4822	9590
5	4948	4898	4937	9591
5	4795	4754	4744	9592
5	4865	4795	4836	9593
5	4796	4759	4714	9594
5	4796	4714	4765	9595
5	4890	4818	4867	9596
5	5062	5013	5008	9597
5	4982	4919	4956	9598
5	4828	4798	4753	9599
5	4865	4816	4795	9600
5	4867	4818	4838	9601
5	4800	4786	4768	9602
5	4808	4800	4768	9603
5	4906	4865	4836	9604
5	4845	4745	4801	9605
5	4839	4789	4788	9606
5	4966	4904	4941	9607
5	4922	4854	4893	9608
5	4840	4767	4803	9609
5	4871	4804	4833	9610
5	4871	4814	4804	9611
5	4805	4799	4764	9612
5	4805	4764	4754	9613
5	4811	4772	4736	9614
5	4914	4849	4886	9615
5	4807	4769	4722	9616
5	4807	4722	4723	9617
5	4808	4757	4784	9618
5	4844	4808	4784	9619
5	4924	4882	4879	9620
5	4837	4797	4751	9621
5	4810	4771	4745	9622
5	4905	4877	4817	9623
5	4831	4792	4762	9624
5	4895	4831	4854	9625
5	4846	4773	4812	9626
5	4812	4773	4758	9627
5	4813	4812	4797	9628
5	4837	4813	4797	9629
5	4998	4925	4972	9630
5	4894	4856	4832	9631
5	4815	4785	4770	9632
5	4815	4770	4790	9633
5	4816	4805	4795	9634
5	5069	4984	5011	9635
5	4817	4779	4746	9636
5	4817	4746	4809	9637
5	4913	4853	4890	9638
5	4933	4880	4899	9639
5	4819	4747	4794	9640
5	4822	4755	4787	9641
5	4854	4831	4783	9642
5	4843	4772	4811	9643
5	4873	4815	4790	9644
5	4906	4836	4859	9645
5	4847	4819	4794	9646
5	4972	4925	4898	9647
5	4823	4781	4759	9648
5	4823	4759	4796	9649
5	4824	4791	4766	9650
5	4824	4766	4798	9651
5	4916	4913	4890	9652
5	4857	4817	4809	9653
5	4958	4903	4940	9654
5	4827	4749	4792	9655
5	4903	4843	4874	9656
5	4904	4874	4827	9657
5	5076	5025	5071	9658
5	4972	4898	4948	9659
5	4879	4826	4806	9660
5	5047	5004	5017	9661
5	4830	4787	4771	9662
5	4830	4771	4810	9663
5	4895	4863	4831	9664
5	4858	4820	4793	9665
5	4832	4780	4752	9666
5	4832	4752	4791	9667
5	4866	4828	4777	9668
5	4925	4871	4875	9669
5	4876	4788	4840	9670
5	4840	4788	4767	9671
5	4856	4780	4832	9672
5	4928	4841	4891	9673
5	4859	4836	4785	9674
5	4897	4829	4849	9675
5	4951	4933	4938	9676
5	4877	4837	4779	9677
5	4838	4818	4799	9678
5	4838	4799	4805	9679
5	4839	4834	4802	9680
5	4839	4802	4789	9681
5	5143	5129	5081	9682
5	4921	4893	4858	9683
5	5044	4992	5024	9684
5	4841	4803	4780	9685
5	4842	4833	4778	9686
5	4842	4778	4747	9687
5	4886	4823	4852	9688
5	4843	4806	4772	9689
5	4997	4914	4954	9690
5	4844	4800	4808	9691
5	5144	5104	5115	9692
5	4861	4810	4848	9693
5	4899	4801	4846	9694
5	4846	4801	4773	9695
5	5077	5057	5014	9696
5	4925	4875	4898	9697
5	5037	4957	4994	9698
5	4942	4907	4848	9699
5	4941	4863	4895	9700
5	5004	4932	4947	9701
5	4901	4837	4877	9702
5	4857	4809	4825	9703
5	4939	4860	4902	9704
5	5060	5015	4996	9705
5	4852	4823	4796	9706
5	4852	4796	4826	9707
5	4853	4844	4784	9708
5	4853	4784	4818	9709
5	4958	4924	4903	9710
5	4924	4879	4903	9711
5	4861	4830	4810	9712
5	5078	232	233	9713
5	4960	4920	4889	9714
5	5015	4983	4960	9715
5	4976	4905	4929	9716
5	4929	4857	4892	9717
5	4960	4889	4918	9718
5	4889	4851	4869	9719
5	5006	4935	4976	9720
5	5047	5018	5004	9721
5	4860	4824	4798	9722
5	4860	4798	4828	9723
5	5117	233	234	9724
5	4961	4880	4933	9725
5	4862	4821	4782	9726
5	4862	4782	4829	9727
5	4863	4827	4792	9728
5	4863	4792	4831	9729
5	5005	4948	4937	9730
5	4883	4824	4860	9731
5	4932	4900	4873	9732
5	4923	4890	4867	9733
5	4910	4866	4814	9734
5	4996	4918	4974	9735
5	4885	4868	4816	9736
5	4908	4867	4868	9737
5	4868	4867	4838	9738
5	4868	4838	4816	9739
5	4869	4851	4834	9740
5	4869	4834	4839	9741
5	4870	4842	4819	9742
5	4909	4819	4847	9743
5	4937	4898	4870	9744
5	4910	4814	4871	9745
5	4872	4775	4800	9746
5	5017	4947	4984	9747
5	4897	4862	4829	9748
5	4954	4914	4886	9749
5	4874	4843	4811	9750
5	4874	4811	4827	9751
5	4875	4871	4833	9752
5	4875	4833	4842	9753
5	4876	4869	4839	9754
5	4876	4839	4788	9755
5	4987	4971	4977	9756
5	4929	4905	4857	9757
5	4928	4912	4878	9758
5	4878	4840	4803	9759
5	4872	4800	4844	9760
5	4913	4844	4853	9761
5	4988	4946	4957	9762
5	4899	4846	4850	9763
5	4881	4858	4835	9764
5	4881	4835	4851	9765
5	4882	4852	4826	9766
5	4882	4826	4879	9767
5	5042	4972	5009	9768
5	4894	4832	4864	9769
5	4884	4847	4822	9770
5	4884	4822	4855	9771
5	5093	5047	5017	9772
5	5079	5050	5016	9773
5	4915	4886	4852	9774
5	4934	4888	4862	9775
5	4887	4855	4830	9776
5	4887	4830	4861	9777
5	4888	4873	4821	9778
5	4888	4821	4862	9779
5	4928	4878	4841	9780
5	5163	5120	5160	9781
5	5080	5063	5028	9782
5	4975	4901	4935	9783
5	4912	4840	4878	9784
5	5106	5066	5073	9785
5	5038	4971	4987	9786
5	5080	5028	5050	9787
5	4893	4854	4820	9788
5	4893	4820	4858	9789
5	4936	4864	4883	9790
5	4936	4894	4864	9791
5	5044	5021	4992	9792
5	4922	4895	4854	9793
5	4896	4889	4869	9794
5	4896	4869	4876	9795
5	5090	5011	5053	9796
5	4964	4934	4897	9797
5	4898	4875	4870	9798
5	4965	4909	4917	9799
5	4899	4880	4845	9800
5	4899	4845	4801	9801
5	4900	4859	4815	9802
5	4900	4815	4873	9803
5	4938	4850	4901	9804
5	4901	4850	4813	9805
5	4944	4866	4910	9806
5	4902	4860	4828	9807
5	4940	4903	4874	9808
5	5031	4966	5001	9809
5	4940	4874	4904	9810
5	4967	4895	4922	9811
5	5022	4968	4995	9812
5	4916	4892	4911	9813
5	5156	215	216	9814
5	5050	5028	4993	9815
5	4907	4861	4848	9816
5	4942	4848	4880	9817
5	4943	4908	4868	9818
5	4943	4868	4885	9819
5	4937	4870	4909	9820
5	5046	4980	5012	9821
5	5200	5143	5176	9822
5	4944	4910	4925	9823
5	4911	4892	4825	9824
5	4911	4825	4872	9825
5	4912	4896	4876	9826
5	4912	4876	4840	9827
5	4913	4911	4872	9828
5	4913	4872	4844	9829
5	5035	4997	4954	9830
5	4934	4862	4897	9831
5	5007	4924	4958	9832
5	4964	4897	4914	9833
5	4994	4942	4961	9834
5	4990	4929	4973	9835
5	4917	4909	4847	9836
5	4917	4847	4884	9837
5	4939	4883	4860	9838
5	4952	4891	4927	9839
5	4919	4884	4855	9840
5	4919	4855	4887	9841
5	4920	4881	4851	9842
5	4920	4851	4889	9843
5	5143	5081	5133	9844
5	5082	5060	5026	9845
5	4966	4940	4904	9846
5	5052	5024	4991	9847
5	4995	4968	4923	9848
5	4995	4923	4971	9849
5	4967	4941	4895	9850
5	5103	5010	5056	9851
5	5054	5039	5042	9852
5	4925	4910	4871	9853
5	4926	4885	4865	9854
5	4926	4865	4906	9855
5	4927	4891	4856	9856
5	4927	4856	4894	9857
5	4928	4896	4912	9858
5	5070	5054	5009	9859
5	4973	4892	4916	9860
5	4935	4877	4905	9861
5	4930	4906	4859	9862
5	4930	4859	4900	9863
5	4931	4887	4861	9864
5	4931	4861	4907	9865
5	5170	5153	5124	9866
5	4928	4918	4896	9867
5	4961	4942	4880	9868
5	4935	4901	4877	9869
5	4997	4964	4914	9870
5	4947	4932	4888	9871
5	4976	4935	4905	9872
5	4973	4929	4892	9873
5	4974	4891	4952	9874
5	5026	4974	4952	9875
5	5013	4965	5008	9876
5	5039	4985	4978	9877
5	4938	4933	4899	9878
5	4938	4899	4850	9879
5	5102	5054	5100	9880
5	5034	4970	4985	9881
5	5101	5021	5044	9882
5	5114	5084	5059	9883
5	5001	4941	4967	9884
5	4996	4960	4918	9885
5	5012	4980	4946	9886
5	5032	4961	5003	9887
5	5002	4943	4950	9888
5	5022	4916	4968	9889
5	4978	4902	4944	9890
5	4944	4902	4866	9891
5	4945	4915	4882	9892
5	4945	4882	4924	9893
5	4946	4931	4907	9894
5	5003	4933	4951	9895
5	5028	5002	4950	9896
5	5004	4962	4932	9897
5	5005	4937	4965	9898
5	5111	5077	235	9899
5	4949	4927	4894	9900
5	4949	4894	4936	9901
5	4950	4943	4885	9902
5	4950	4885	4926	9903
5	5091	5033	5066	9904
5	5006	4981	4975	9905
5	5026	4996	4974	9906
5	5055	5034	4985	9907
5	4953	4921	4881	9908
5	4953	4881	4920	9909
5	4979	4915	4945	9910
5	4979	4955	4915	9911
5	4955	4954	4886	9912
5	4955	4886	4915	9913
5	4956	4919	4887	9914
5	4956	4887	4931	9915
5	4957	4946	4907	9916
5	4957	4907	4942	9917
5	5085	5031	5058	9918
5	5067	4979	5030	9919
5	4959	4917	4884	9920
5	4959	4884	4919	9921
5	5060	4996	5026	9922
5	5031	5000	4966	9923
5	5141	5061	5105	9924
5	5003	4961	4933	9925
5	4962	4930	4900	9926
5	4962	4900	4932	9927
5	4963	4922	4893	9928
5	4963	4893	4921	9929
5	5175	212	213	9930
5	5132	5069	5090	9931
5	5171	239	5148	9932
5	5040	4948	5005	9933
5	5000	4940	4966	9934
5	5059	5030	5007	9935
5	5024	4963	4991	9936
5	4992	4967	4922	9937
5	4968	4916	4890	9938
5	4968	4890	4923	9939
5	4969	4926	4906	9940
5	4969	4906	4930	9941
5	4970	4936	4883	9942
5	4970	4883	4939	9943
5	4971	4923	4908	9944
5	5097	5019	5049	9945
5	4998	4944	4925	9946
5	5144	5116	5104	9947
5	5006	4975	4935	9948
5	5049	5019	5022	9949
5	4974	4918	4928	9950
5	4974	4928	4891	9951
5	4975	4951	4938	9952
5	4975	4938	4901	9953
5	5187	243	5160	9954
5	5033	4981	5006	9955
5	4977	4971	4908	9956
5	4977	4908	4943	9957
5	5086	5070	5040	9958
5	5034	4999	4970	9959
5	5035	4954	5027	9960
5	5059	5007	5010	9961
5	4980	4956	4931	9962
5	4980	4931	4946	9963
5	4990	4976	4929	9964
5	5065	4981	5033	9965
5	5111	5057	5077	9966
5	5057	5036	4982	9967
5	4983	4953	4920	9968
5	4983	4920	4960	9969
5	4984	4947	4934	9970
5	4984	4934	4964	9971
5	4985	4970	4939	9972
5	4985	4939	4978	9973
5	4986	4952	4927	9974
5	4986	4927	4949	9975
5	5002	4977	4943	9976
5	5050	4993	5016	9977
5	5105	5029	5065	9978
5	5037	4988	4957	9979
5	4989	4969	4930	9980
5	4989	4930	4962	9981
5	5065	5029	4981	9982
5	5066	5033	5041	9983
5	4991	4963	4921	9984
5	4991	4921	4953	9985
5	5025	4953	4983	9986
5	5071	4983	5015	9987
5	4993	4950	4926	9988
5	4993	4926	4969	9989
5	5204	213	214	9990
5	4994	4957	4942	9991
5	5038	4995	4971	9992
5	5070	5009	5040	9993
5	5015	4960	4996	9994
5	5026	4952	4986	9995
5	5017	5004	4947	9996
5	5172	5156	216	9997
5	5039	4978	4998	9998
5	4998	4978	4944	9999
5	4999	4949	4936	10000
5	4999	4936	4970	10001
5	5108	5074	5027	10002
5	5007	4945	4924	10003
5	5024	4992	4963	10004
5	5225	5200	5218	10005
5	5068	4987	5020	10006
5	5150	5079	5110	10007
5	5032	4994	4961	10008
5	5094	4994	5032	10009
5	5069	5017	4984	10010
5	5090	5069	5011	10011
5	5013	5005	4965	10012
5	5040	5009	4948	10013
5	5041	4976	4990	10014
5	5091	5065	5033	10015
5	5112	5099	5074	10016
5	5056	5000	5031	10017
5	5008	4965	4917	10018
5	5008	4917	4959	10019
5	5055	4985	5039	10020
5	5009	4972	4948	10021
5	5010	5007	4958	10022
5	5010	4958	5000	10023
5	5011	4984	4964	10024
5	5011	4964	4997	10025
5	5014	4982	4956	10026
5	5014	4956	4980	10027
5	5221	5203	245	10028
5	5116	5064	5104	10029
5	5117	5078	233	10030
5	5077	5014	5046	10031
5	5118	5044	5089	10032
5	5025	4991	4953	10033
5	5016	4993	4969	10034
5	5016	4969	4989	10035
5	5142	5135	5093	10036
5	5175	5142	5132	10037
5	5018	4989	4962	10038
5	5018	4962	5004	10039
5	5019	4990	4973	10040
5	5073	4990	5019	10041
5	5020	4987	4977	10042
5	5020	4977	5002	10043
5	5021	5001	4967	10044
5	5021	4967	4992	10045
5	5022	5019	4973	10046
5	5022	4973	4916	10047
5	5023	4986	4949	10048
5	5023	4949	4999	10049
5	5188	5119	5154	10050
5	5056	5010	5000	10051
5	5071	5025	4983	10052
5	5052	4991	5025	10053
5	5120	5083	5102	10054
5	5082	5026	5045	10055
5	5027	4954	4955	10056
5	5027	4955	4979	10057
5	5079	5016	5048	10058
5	5216	228	5179	10059
5	5029	5003	4951	10060
5	5029	4951	4981	10061
5	5030	4979	4945	10062
5	5030	4945	5007	10063
5	5081	5015	5060	10064
5	5058	5031	5001	10065
5	5121	5088	5094	10066
5	5095	5043	5072	10067
5	5198	222	5194	10068
5	5123	5091	5066	10069
5	5126	5051	5083	10070
5	5173	5145	5163	10071
5	5125	5053	5099	10072
5	5125	5090	5053	10073
5	5036	5008	4959	10074
5	5036	4959	4982	10075
5	5136	231	5095	10076
5	5204	5175	213	10077
5	5075	5038	4987	10078
5	5049	4995	5038	10079
5	5126	5098	5051	10080
5	5055	5039	5054	10081
5	5102	5055	5054	10082
5	5100	5054	5070	10083
5	5041	5033	5006	10084
5	5041	5006	4976	10085
5	5042	5039	4998	10086
5	5042	4998	4972	10087
5	5043	5012	4988	10088
5	5095	231	232	10089
5	5119	5085	5058	10090
5	5169	5085	5119	10091
5	5045	5026	4986	10092
5	5045	4986	5023	10093
5	5057	4982	5014	10094
5	5046	5014	4980	10095
5	5172	5150	5110	10096
5	5127	5050	5079	10097
5	5048	5016	4989	10098
5	5048	4989	5018	10099
5	5182	209	210	10100
5	5181	5161	5167	10101
5	5127	5080	5050	10102
5	5172	5110	5156	10103
5	5051	5023	4999	10104
5	5051	4999	5034	10105
5	5076	5052	5025	10106
5	5118	5101	5044	10107
5	5053	5011	4997	10108
5	5053	4997	5035	10109
5	5054	5042	5009	10110
5	5086	5040	5064	10111
5	5163	5126	5120	10112
5	5193	243	244	10113
5	5067	5027	4979	10114
5	5103	5059	5010	10115
5	5133	5081	5060	10116
5	5062	5008	5036	10117
5	5085	5056	5031	10118
5	5199	5146	5190	10119
5	5101	5058	5021	10120
5	5149	5125	5099	10121
5	5212	5170	5201	10122
5	5218	5200	5176	10123
5	5061	5032	5003	10124
5	5061	5003	5029	10125
5	5115	5062	5087	10126
5	5115	5104	5062	10127
5	5063	5020	5002	10128
5	5063	5002	5028	10129
5	5064	5040	5005	10130
5	5064	5005	5013	10131
5	5094	5032	5061	10132
5	5130	5065	5091	10133
5	5164	5131	5107	10134
5	5049	5022	4995	10135
5	5108	5027	5067	10136
5	5215	209	5162	10137
5	5137	5063	5080	10138
5	5131	5068	5107	10139
5	5132	5093	5069	10140
5	5175	5132	5155	10141
5	5075	4987	5068	10142
5	5106	5073	5097	10143
5	5196	5176	5153	10144
5	5081	5071	5015	10145
5	5072	5043	4988	10146
5	5072	4988	5037	10147
5	5073	5066	5041	10148
5	5073	5041	4990	10149
5	5074	5035	5027	10150
5	5206	5162	5128	10151
5	5097	5073	5019	10152
5	5122	5075	5096	10153
5	5089	5044	5024	10154
5	5089	5024	5052	10155
5	5117	5046	5078	10156
5	5077	234	235	10157
5	5078	5046	5012	10158
5	5078	5012	5043	10159
5	5150	5127	5079	10160
5	5151	5137	5080	10161
5	5151	5080	5127	10162
5	5131	5096	5068	10163
5	5176	5143	5133	10164
5	5152	5113	5076	10165
5	5168	5139	5100	10166
5	5227	5218	5196	10167
5	5083	5051	5034	10168
5	5083	5034	5055	10169
5	5084	5067	5030	10170
5	5084	5030	5059	10171
5	5157	5114	5103	10172
5	5114	5059	5103	10173
5	5138	5070	5086	10174
5	5102	5083	5055	10175
5	5087	5062	5036	10176
5	5087	5036	5057	10177
5	5088	5072	5037	10178
5	5136	5095	5072	10179
5	5213	5190	5210	10180
5	5196	5153	5170	10181
5	5202	5157	5195	10182
5	5093	5017	5069	10183
5	5185	5165	5123	10184
5	5130	5105	5065	10185
5	5092	5048	5018	10186
5	5092	5018	5047	10187
5	5156	5110	5092	10188
5	5142	5093	5132	10189
5	5094	5088	5037	10190
5	5094	5037	4994	10191
5	5136	5072	5088	10192
5	5136	230	231	10193
5	5096	5075	5068	10194
5	5137	5107	5063	10195
5	5109	5038	5075	10196
5	5123	5066	5106	10197
5	5098	5045	5023	10198
5	5098	5023	5051	10199
5	5099	5053	5035	10200
5	5099	5035	5074	10201
5	5148	5086	5116	10202
5	5178	5135	5142	10203
5	5226	203	204	10204
5	5119	5058	5101	10205
5	5163	5145	5126	10206
5	5126	5083	5120	10207
5	5157	5103	5140	10208
5	5128	5108	5067	10209
5	5104	5064	5013	10210
5	5104	5013	5062	10211
5	5158	5141	5105	10212
5	5105	5061	5029	10213
5	5134	5106	5097	10214
5	5122	5109	5075	10215
NPOIN= 5233
9.997500181200000e-01	-3.633242182332590e-05	0
9.990000128750000e-01	-1.454719496742139e-04	1
9.977599978450000e-01	-3.275032267180248e-04	2
9.960200190539999e-01	-5.899047379135851e-04	3
9.937800168990000e-01	-9.470137792280576e-04	4
9.910500049590000e-01	-1.421872195954966e-03	5
9.878399968150000e-01	-2.045007870370312e-03	6
9.841300249100000e-01	-2.852677359202038e-03	7
9.799500107769999e-01	-3.857170768465442e-03	8
9.752799868580000e-01	-5.055678835175658e-03	9
9.701499938960000e-01	-6.401524313938237e-03	10
9.645400047300000e-01	-7.836487226062163e-03	11
9.584699869160000e-01	-9.285627240865544e-03	12
9.519400000570000e-01	-1.069412060334057e-02	13
9.449599981310000e-01	-1.203468422517003e-02	14
9.375399947170000e-01	-1.331250307990558e-02	15
9.296900033950000e-01	-1.455578030659519e-02	16
9.214000105860000e-01	-1.580380631190346e-02	17
9.126999974250000e-01	-1.708483101009785e-02	18
9.035800099370001e-01	-1.842095694528110e-02	19
8.940600156780000e-01	-1.981678180247333e-02	20
8.841500282290000e-01	-2.126855984613677e-02	21
8.738499879840000e-01	-2.276885917963797e-02	22
8.631799817090000e-01	-2.430608870038821e-02	23
8.521599769590000e-01	-2.586987823093720e-02	24
8.407700061800000e-01	-2.745741667600657e-02	25
8.290500044819999e-01	-2.905918602058298e-02	26
8.170099854470000e-01	-3.067102470787351e-02	27
8.046399950980000e-01	-3.229174821001787e-02	28
7.919700145720000e-01	-3.391477444253640e-02	29
7.790099978450000e-01	-3.553586438573480e-02	30
7.657799720760000e-01	-3.714913497941614e-02	31
7.522799968720000e-01	-3.875080193007800e-02	32
7.385200262070000e-01	-4.033557806026219e-02	33
7.245299816130000e-01	-4.189587685937848e-02	34
7.103199958800001e-01	-4.342654146289971e-02	35
6.958900094030001e-01	-4.492361863957055e-02	36
6.812700033190000e-01	-4.638032031068688e-02	37
6.664699912070000e-01	-4.779239994917099e-02	38
6.514999866490000e-01	-4.915602428500072e-02	39
6.363800168040000e-01	-5.046697263020470e-02	40
6.211299896240000e-01	-5.172170065381283e-02	41
6.057599782940000e-01	-5.291808795768825e-02	42
5.902799963950000e-01	-5.405452093375989e-02	43
5.747100114820000e-01	-5.512920410482482e-02	44
5.590599775310000e-01	-5.614159203110240e-02	45
5.433599948880000e-01	-5.709036775258770e-02	46
5.276100039480000e-01	-5.797653023124172e-02	47
5.118399858470000e-01	-5.879968252269647e-02	48
4.960500001910000e-01	-5.956133404294676e-02	49
4.802699983120000e-01	-6.026169380692436e-02	50
4.645099937920000e-01	-6.090208911926363e-02	51
4.487800002100000e-01	-6.148380782776719e-02	52
4.331099987030000e-01	-6.200739137991859e-02	53
4.174999892710000e-01	-6.247431725479852e-02	54
4.019699990750000e-01	-6.288517147972776e-02	55
3.865399956700000e-01	-6.324036332653328e-02	56
3.712300062180000e-01	-6.354007005445618e-02	57
3.560400009160000e-01	-6.378448681484654e-02	58
3.409900069240000e-01	-6.397300943082775e-02	59
3.261100053790000e-01	-6.410464320380037e-02	60
3.113999962810000e-01	-6.417831582107833e-02	61
2.968699932100000e-01	-6.419233353615462e-02	62
2.825500071050000e-01	-6.414463558428940e-02	63
2.684499919410000e-01	-6.403286095096718e-02	64
2.545700073240000e-01	-6.385407485044368e-02	65
2.409400045870000e-01	-6.360535452307693e-02	66
2.275699973110000e-01	-6.328332238770426e-02	67
2.144699990750000e-01	-6.288429255104479e-02	68
2.016600072380000e-01	-6.240471898394914e-02	69
1.891400069000000e-01	-6.184015903625021e-02	70
1.769299954180000e-01	-6.118683083904222e-02	71
1.650400012730000e-01	-6.044051299589365e-02	72
1.534900069240000e-01	-5.959771025775089e-02	73
1.422899961470000e-01	-5.865448833699869e-02	74
1.314399987460000e-01	-5.760599658598183e-02	75
1.209499984980000e-01	-5.644815504391732e-02	76
1.108499988910000e-01	-5.517970815682442e-02	77
1.011300012470000e-01	-5.379495872458975e-02	78
9.181000292300000e-02	-5.229226038107233e-02	79
8.290000259900000e-02	-5.066925133650229e-02	80
7.440000027400000e-02	-4.892195441648613e-02	81
6.633000075800000e-02	-4.705089917718985e-02	82
5.869000032500000e-02	-4.505296520799741e-02	83
5.149000138000000e-02	-4.292779121466939e-02	84
4.473999887700000e-02	-4.067604925748485e-02	85
3.844000026600000e-02	-3.829572327451856e-02	86
3.260000050100000e-02	-3.578891188942097e-02	87
2.723000012300000e-02	-3.315951293134350e-02	88
2.232000045500000e-02	-3.040186404189032e-02	89
1.789999939500000e-02	-2.753418935354881e-02	90
1.394999958600000e-02	-2.454600688248038e-02	91
1.049000024800000e-02	-2.145541559966047e-02	92
7.519999985000000e-03	-1.827008030466530e-02	93
5.040000193000000e-03	-1.499967967504796e-02	94
3.049999941000000e-03	-1.165611915253505e-02	95
1.560000004000000e-03	-8.279445641017763e-03	96
5.600000150000000e-04	-4.877748640163686e-03	97
5.999999800000000e-05	-1.530966804929790e-03	98
0.000000000000000e+00	0.000000000000000e+00	99
5.999999800000000e-05	1.394601914356245e-03	100
5.600000150000000e-04	4.200517473631152e-03	101
1.560000004000000e-03	6.878153575557933e-03	102
3.049999941000000e-03	9.418487992331474e-03	103
5.040000193000000e-03	1.184415032209531e-02	104
7.519999985000000e-03	1.414578604709786e-02	105
1.049000024800000e-02	1.633093171771116e-02	106
1.394999958600000e-02	1.840613039647918e-02	107
1.789999939500000e-02	2.037766315101826e-02	108
2.232000045500000e-02	2.224391562798315e-02	109
2.723000012300000e-02	2.402096239001403e-02	110
3.260000050100000e-02	2.570540509250017e-02	111
3.844000026600000e-02	2.730846656078166e-02	112
4.473999887700000e-02	2.883447687427041e-02	113
5.149000138000000e-02	3.028819267489170e-02	114
5.869000032500000e-02	3.167631988487821e-02	115
6.633000075800000e-02	3.300314069650031e-02	116
7.440000027400000e-02	3.427289292972185e-02	117
8.290000259900000e-02	3.549101392120614e-02	118
9.181000292300000e-02	3.665971460982811e-02	119
1.011300012470000e-01	3.778368531530137e-02	120
1.108499988910000e-01	3.886582845847780e-02	121
1.209499984980000e-01	3.990771684513908e-02	122
1.314399987460000e-01	4.091360416015858e-02	123
1.422899961470000e-01	4.188336024665830e-02	124
1.534900069240000e-01	4.281854895676081e-02	125
1.650400012730000e-01	4.372103636625968e-02	126
1.769299954180000e-01	4.459134485224382e-02	127
1.891400069000000e-01	4.542890483119626e-02	128
2.016600072380000e-01	4.623350365476785e-02	129
2.144699990750000e-01	4.700390793997693e-02	130
2.275699973110000e-01	4.773969122144700e-02	131
2.409400045870000e-01	4.843883328558239e-02	132
2.545700073240000e-01	4.909951485815719e-02	133
2.684499919410000e-01	4.971951109837201e-02	134
2.825500071050000e-01	5.029543104680577e-02	135
2.968699932100000e-01	5.082486924873331e-02	136
3.113999962810000e-01	5.130461133117609e-02	137
3.261100053790000e-01	5.173057923851031e-02	138
3.409900069240000e-01	5.209919105231901e-02	139
3.560400009160000e-01	5.240679835324228e-02	140
3.712300062180000e-01	5.264894717216487e-02	141
3.865399956700000e-01	5.282146768162670e-02	142
4.019699990750000e-01	5.292034724754185e-02	143
4.174999892710000e-01	5.294133079655653e-02	144
4.331099987030000e-01	5.288035739036943e-02	145
4.487800002100000e-01	5.273363643195926e-02	146
4.645099937920000e-01	5.249736987896970e-02	147
4.802699983120000e-01	5.216843340412285e-02	148
4.960500001910000e-01	5.174384614088823e-02	149
5.118399858470000e-01	5.122097171563741e-02	150
5.276100039480000e-01	5.059844122565148e-02	151
5.433599948880000e-01	4.987442542465866e-02	152
5.590599775310000e-01	4.904907803962207e-02	153
5.747100114820000e-01	4.812184698890773e-02	154
5.902799963950000e-01	4.709471166051264e-02	155
6.057599782940000e-01	4.596942890931030e-02	156
6.211299896240000e-01	4.474940089132549e-02	157
6.363800168040000e-01	4.343825922206738e-02	158
6.514999866490000e-01	4.204051648473297e-02	159
6.664699912070000e-01	4.056257209544671e-02	160
6.812700033190000e-01	3.901194954173874e-02	161
6.958900094030001e-01	3.739609598800984e-02	162
7.103199958800001e-01	3.572322266498156e-02	163
7.245299816130000e-01	3.400469569532491e-02	164
7.385200262070000e-01	3.224899787099908e-02	165
7.522799968720000e-01	3.046624199408783e-02	166
7.657799720760000e-01	2.866956830339949e-02	167
7.790099978450000e-01	2.686983005124240e-02	168
7.919700145720000e-01	2.507654737601539e-02	169
8.046399950980000e-01	2.330189444110881e-02	170
8.170099854470000e-01	2.155639661943201e-02	171
8.290500044819999e-01	1.985284121157836e-02	172
8.407700061800000e-01	1.819735784921978e-02	173
8.521599769590000e-01	1.659732758507767e-02	174
8.631799817090000e-01	1.506203256086419e-02	175
8.738499879840000e-01	1.358949626761500e-02	176
8.841500282290000e-01	1.218027761523242e-02	177
8.940600156780000e-01	1.083259580709304e-02	178
9.035800099370001e-01	9.541720572110581e-03	179
9.126999974250000e-01	8.307602524291460e-03	180
9.214000105860000e-01	7.138974123879278e-03	181
9.296900033950000e-01	6.051013069515062e-03	182
9.375399947170000e-01	5.074058728174348e-03	183
9.449599981310000e-01	4.237318311388153e-03	184
9.519400000570000e-01	3.565880074796633e-03	185
9.584699869160000e-01	3.065618063926452e-03	186
9.645400047300000e-01	2.715306580930289e-03	187
9.701499938960000e-01	2.468282236495152e-03	188
9.752799868580000e-01	2.266476081878519e-03	189
9.799500107769999e-01	2.055876260789844e-03	190
9.841300249100000e-01	1.805622842761630e-03	191
9.878399968150000e-01	1.509024296457631e-03	192
9.910500049590000e-01	1.185428216997804e-03	193
9.937800168990000e-01	8.612976291748198e-04	194
9.960200190539999e-01	5.661496769229967e-04	195
9.977599978450000e-01	3.231000510019085e-04	196
9.990000128750000e-01	1.450702769080780e-04	197
9.997500181200000e-01	3.632605846277464e-05	198
1.000000000000000e+00	0.000000000000000e+00	199
1.984229087829600e+01	2.506659984589000e+00	200
1.937166023254400e+01	4.973800182343000e+00	201
1.859552955627400e+01	7.362490177155000e+00	202
1.752613067627000e+01	9.635069847106999e+00	203
1.618033981323200e+01	1.175570964813200e+01	204
1.457936954498300e+01	1.369093990325900e+01	205
1.274847984314000e+01	1.541026973724400e+01	206
1.071654033660900e+01	1.688656044006300e+01	207
8.515589714050000e+00	1.809654045105000e+01	208
6.180339813232000e+00	1.902112960815400e+01	209
3.747629880905000e+00	1.964575004577600e+01	210
1.255810022354000e+00	1.996052932739300e+01	211
-1.255810022354000e+00	1.996052932739300e+01	212
-3.747629880905000e+00	1.964574050903300e+01	213
-6.180339813232000e+00	1.902112960815400e+01	214
-8.515589714050000e+00	1.809654045105000e+01	215
-1.071654033660900e+01	1.688656044006300e+01	216
-1.274847984314000e+01	1.541026020050000e+01	217
-1.457936954498300e+01	1.369093990325900e+01	218
-1.618033981323200e+01	1.175570011138900e+01	219
-1.752613067627000e+01	9.635069847106999e+00	220
-1.859552955627400e+01	7.362490177155000e+00	221
-1.937166023254400e+01	4.973800182343000e+00	222
-1.984229087829600e+01	2.506659984589000e+00	223
-2.000000000000000e+01	0.000000000000000e+00	224
-1.984229087829600e+01	-2.506669998169000e+00	225
-1.937166023254400e+01	-4.973800182343000e+00	226
-1.859552955627400e+01	-7.362490177155000e+00	227
-1.752613067627000e+01	-9.635080337524000e+00	228
-1.618033981323200e+01	-1.175570964813200e+01	229
-1.457936954498300e+01	-1.369093990325900e+01	230
-1.274847984314000e+01	-1.541026973724400e+01	231
-1.071652984619100e+01	-1.688656044006300e+01	232
-8.515580177306999e+00	-1.809654045105000e+01	233
-6.180339813232000e+00	-1.902112960815400e+01	234
-3.747620105743000e+00	-1.964575004577600e+01	235
-1.255810022354000e+00	-1.996052932739300e+01	236
1.255810022354000e+00	-1.996052932739300e+01	237
3.747629880905000e+00	-1.964574050903300e+01	238
6.180339813232000e+00	-1.902112960815400e+01	239
8.515589714050000e+00	-1.809654045105000e+01	240
1.071654033660900e+01	-1.688656044006300e+01	241
1.274847984314000e+01	-1.541026020050000e+01	242
1.457936954498300e+01	-1.369093990325900e+01	243
1.618033981323200e+01	-1.175570011138900e+01	244
1.752614021301300e+01	-9.635069847106999e+00	245
1.859552955627400e+01	-7.362490177155000e+00	246
1.937166023254400e+01	-4.973790168762000e+00	247
1.984229087829600e+01	-2.506659984589000e+00	248
2.000000000000000e+01	0.000000000000000e+00	249
6.048768557486282e-02	-5.291298217619925e-02	250
6.602944086718574e-01	-6.212140691380556e-02	251
4.256184346914564e-01	6.710726962903679e-02	252
6.899394869703332e-01	5.141827685276117e-02	253
3.792481581046616e-01	-7.752343070260419e-02	254
9.994677119685944e-01	-7.281661206975432e-04	255
9.985546578429139e-01	-1.332438836291784e-03	256
7.738997487832617e-01	-4.841966841467026e-02	257
6.899647230019772e-01	-5.898313412306307e-02	258
-1.507299804428269e-03	6.384135556394966e-03	259
7.468749573454679e-01	-5.209186226564736e-02	260
5.834875860753348e-01	6.165244978627402e-02	261
9.928163951448170e-01	-3.738297617776521e-03	262
9.899364770911665e-01	-4.746459895389557e-03	263
5.990706885734904e-01	6.049175531937905e-02	264
7.188655974493181e-01	-5.562339904782078e-02	265
-1.706225377408813e-03	6.766522103224302e-04	266
9.865733507779513e-01	-5.908877362420932e-03	267
9.827339578530838e-01	-7.228814445162018e-03	268
-1.718099436679170e-03	-7.526322453992117e-03	269
6.452111595524486e-01	-6.359753337176906e-02	270
8.245463344254464e-01	-4.086172791391853e-02	271
7.998182538002161e-01	-4.467073553867752e-02	272
3.485118481502109e-01	6.604145896294741e-02	273
8.479546658783901e-01	-3.705463753709703e-02	274
2.473738460358308e-01	6.138985572355239e-02	275
8.699831521425994e-01	-3.327543812701302e-02	276
1.011279946458055e-02	2.053164863637672e-02	277
8.905260934151544e-01	-2.957969498131758e-02	278
7.683151487465775e-02	-5.749292281374403e-02	279
9.095119718511375e-01	-2.601834362423610e-02	280
-2.099169838845294e-03	-3.691579019663849e-03	281
9.424910566881373e-01	-1.918338891138244e-02	282
9.268611801969577e-01	-2.258700637820939e-02	283
1.751055618118042e-02	-3.279885213655332e-02	284
4.258567026789927e-01	-7.660625869686784e-02	285
8.591504093929909e-01	-3.515604028105138e-02	286
9.563405549945567e-01	-1.567268142867912e-02	287
9.784103956200431e-01	-8.727770154853109e-03	288
9.683329143185709e-01	-1.208349980240086e-02	289
1.583052504212219e-01	-7.067814436621643e-02	290
9.002205527415640e-01	-2.778059193417617e-02	291
7.605205169934257e-01	-5.026951137381232e-02	292
9.971361800031032e-01	-2.088744485794481e-03	293
5.991547837444466e-01	-6.761256483344510e-02	294
4.415566269859378e-01	-7.615706098538756e-02	295
5.364239178549309e-01	-7.192750680542530e-02	296
4.731241770947672e-01	-7.504237841575370e-02	297
5.047824432110447e-01	-7.363453448697058e-02	298
4.889412188924358e-01	-7.437470540894268e-02	299
1.249146394993008e-01	-6.665122452151803e-02	300
2.744453011666479e-02	-3.919058566166675e-02	301
3.946903007704307e-01	-7.728985268836425e-02	302
4.590084247631532e-02	-4.781936846856293e-02	303
4.102278323562474e-01	-7.698487939885698e-02	304
3.188530549852207e-01	-7.774860771160112e-02	305
3.487449051108761e-01	-7.778287564372592e-02	306
3.313357737715153e-02	-4.218361850154553e-02	307
2.896517983775266e-01	-7.742305315459923e-02	308
9.348957873195017e-01	-2.089009251148505e-02	309
1.468228926804042e-01	-6.944809135785569e-02	310
1.947412512671605e-01	-7.370551284287689e-02	311
8.563822748034623e-02	-5.958464142786688e-02	312
1.044930712371227e-01	-6.337997434421676e-02	313
5.679263130903531e-01	-6.992705299455285e-02	314
1.701290531722562e-01	-7.179750305255243e-02	315
6.146327784186202e-01	-6.634265827262137e-02	316
8.804487777136700e-01	-3.141463436906063e-02	317
2.224777842769098e-02	-3.606098453418624e-02	318
9.952220858308002e-01	-2.871933964472283e-03	319
6.275025460655231e-03	-2.242432283436695e-02	320
1.817423269518741e-02	2.540315140236971e-02	321
9.183947238916174e-01	-2.429026821487887e-02	322
9.496468570780959e-01	-1.744648956439015e-02	323
9.736109841016330e-01	-1.035184837885887e-02	324
-1.703168835964539e-04	9.449693997972491e-03	325
8.364178773942544e-01	-3.895596007057618e-02	326
2.474616600175818e-01	-7.636012076362436e-02	327
5.522037195521911e-01	-7.096868985221026e-02	328
7.329836024629185e-01	-5.387579368339343e-02	329
7.869993054052218e-01	-4.655332677034572e-02	330
1.145099908593622e-01	-6.508532467234696e-02	331
2.205538435079011e-01	-7.521386283625023e-02	332
5.835867266482964e-01	-6.880769826119024e-02	333
6.752092479881526e-01	-6.058231968308308e-02	334
5.296028519163764e-02	-5.044105111685884e-02	335
3.517053398878988e-03	-1.878395574985089e-02	336
1.327784370017679e-02	-2.945529552690119e-02	337
3.639351363959605e-01	-7.768974244509487e-02	338
1.822872255298873e-01	-7.280474615869229e-02	339
9.999377644951368e-01	-3.815551590867992e-04	340
2.338685724140138e-01	-7.583068527920120e-02	341
9.486369343346279e-02	-6.154768135090422e-02	342
3.041551487649870e-01	-7.762734370904688e-02	343
2.612992142908923e-01	-7.678966731101930e-02	344
4.573168633694326e-01	-7.563810433898560e-02	345
7.045094867641438e-01	-5.733030035560849e-02	346
-2.065726634953907e-03	3.136890190514692e-03	347
-4.900812815421508e-04	-1.130770832973776e-02	348
5.362743511779204e-01	6.445148762279095e-02	349
-1.690270651445122e-03	-9.547602770441522e-04	350
2.815095245899842e-02	2.988643076415663e-02	351
5.365089589147898e-02	3.776434075119733e-02	352
4.000080790566499e-02	3.398162952071115e-02	353
1.149530432902344e-01	4.889348552925164e-02	354
4.099855673936090e-01	6.707451236964569e-02	355
9.970979199146897e-01	2.023835728102290e-03	356
5.204454748198428e-01	6.515942896861793e-02	357
4.729119622296294e-01	6.661260557220564e-02	358
9.731749251057248e-01	7.170325019705073e-03	359
9.620282455626015e-01	8.698946170175567e-03	360
8.901523094952982e-01	2.067920834659173e-02	361
4.887419875958392e-01	6.623765074737703e-02	362
4.413247209218698e-01	6.704374903328361e-02	363
3.790055260501472e-01	6.672707809911034e-02	364
9.263512202520005e-01	1.439325750406606e-02	365
9.090701171740585e-01	1.740969222082148e-02	366
7.744128013373758e-02	4.288604844964788e-02	367
9.780516698581435e-01	6.460154289788179e-03	368
9.557671687129826e-01	9.588740604727197e-03	369
9.419266512736486e-01	1.174180970067785e-02	370
9.539736739144018e-02	4.600117218428738e-02	371
6.115480453178593e-02	3.952671327761254e-02	372
2.894765928575646e-01	6.375673063639303e-02	373
2.611779193504321e-01	6.222944974061455e-02	374
1.703166336790238e-01	5.525548442036425e-02	375
3.186414093285496e-01	6.503786943071214e-02	376
4.570936297870411e-01	6.688199150391838e-02	377
3.944466165351512e-01	6.694596223998756e-02	378
1.471148431465346e-01	5.283728591669198e-02	379
1.253083706148683e-01	5.024752898745545e-02	380
6.299232802558290e-01	5.785023187946343e-02	381
1.948271277595282e-01	5.748316424828250e-02	382
2.205462060159010e-01	5.952871397007257e-02	383
6.602584123088653e-01	5.481214459962123e-02	384
5.678111810094949e-01	6.270185797308946e-02	385
7.468325133811350e-01	4.384116521855382e-02	386
7.188386873590156e-01	4.773304074996705e-02	387
7.996976757614380e-01	3.576129077322981e-02	388
7.738260223109401e-01	3.981352028796917e-02	389
8.477140857001811e-01	2.786886096040982e-02	390
8.243686842578130e-01	3.174657585482715e-02	391
8.998128787052997e-01	1.901643730725108e-02	392
8.696764576967295e-01	2.416878227150809e-02	393
9.490692765638475e-01	1.059988971717082e-02	394
9.179185958053425e-01	1.586459448093274e-02	395
9.678312591566159e-01	7.904416070812874e-03	396
8.588770470468696e-01	2.599142863991925e-02	397
8.801084502317316e-01	2.239805325269116e-02	398
8.121915375778200e-01	3.374447690731415e-02	399
8.362093497257880e-01	2.978705667413251e-02	400
7.604645434591477e-01	4.183754797291443e-02	401
7.869038174771574e-01	3.778613441120365e-02	402
7.044849945218931e-01	4.960952945730666e-02	403
7.329507201461904e-01	4.580742122451772e-02	404
6.451657979613136e-01	5.638023009912818e-02	405
6.751800191578746e-01	5.315617530623033e-02	406
5.520717025699339e-01	6.363693186170059e-02	407
6.145629677388998e-01	5.922188282797493e-02	408
2.075456852430601e-01	5.852902443717214e-02	409
2.338189047536893e-01	6.048309739362817e-02	410
1.585450569836840e-01	5.406851306393768e-02	411
1.824231449353595e-01	5.639343432788076e-02	412
4.660603832068036e-02	3.591027202601048e-02	413
1.360395954132956e-01	5.156725339430647e-02	414
1.390825854586829e-02	2.303299824680037e-02	415
3.384562790487030e-02	3.196807607284625e-02	416
2.075079958617910e-01	-7.450748554481733e-02	417
3.991429106377759e-03	1.522901915322633e-02	418
9.625770857555033e-01	-1.387311184010979e-02	419
8.123397499014755e-01	-4.277165292409489e-02	420
3.337099604525565e-01	-7.779865191581180e-02	421
5.206126740692522e-01	-7.281803447872380e-02	422
1.667828720393189e-03	1.240409365826108e-02	423
2.293716678736959e-02	2.769786139356833e-02	424
6.809986006967283e-03	1.793842063786186e-02	425
8.621206887556840e-02	4.447180700127162e-02	426
6.908466261050381e-02	4.123828164970500e-02	427
2.752197223311147e-01	6.302043251485852e-02	428
1.049828562947636e-01	4.747356556205949e-02	429
9.824569722476110e-01	5.725428362516365e-03	430
9.863707104630473e-01	4.982909676849998e-03	431
3.039595189681962e-01	6.443412333958010e-02	432
9.897966799660060e-01	4.219286737780761e-03	433
9.927234635888277e-01	3.458870353683145e-03	434
3.334859814746066e-01	6.557304164293479e-02	435
3.636960454369180e-01	6.642648529689461e-02	436
9.343553066995156e-01	1.301087927953068e-02	437
9.999290153526446e-01	3.827074859760600e-04	438
9.985314223570411e-01	1.305990723890078e-03	439
9.994533083723804e-01	7.207566868074181e-04	440
6.299801304782948e-01	-6.500377720498630e-02	441
3.928819791283737e-02	-4.506788642547267e-02	442
9.951618297329458e-01	2.733085470439186e-03	443
5.045984231482579e-01	6.575523577130049e-02	444
1.264099370174061e-03	-1.507748385523114e-02	445
9.526361301606901e-03	-2.597689073250285e-02	446
6.844356264393237e-02	-5.526860485676424e-02	447
1.356962078538349e-01	-6.811001210666738e-02	448
2.753701304373836e-01	-7.714396391460436e-02	449
7.147976428190068e-02	5.065294328358322e-02	450
-3.681407295572352e-03	9.006628377531573e-03	451
-4.739794720021723e-03	5.123266776315361e-03	452
2.821974941155175e-01	-9.192312382459666e-02	453
6.989769394390505e-01	-7.293769218043696e-02	454
9.158512158175145e-01	-3.406468600196402e-02	455
4.727014341942249e-03	-2.711084872354642e-02	456
5.767913148879477e-01	7.791316623682838e-02	457
6.842763190966823e-01	-7.475427665510030e-02	458
7.823870932368409e-01	-6.080383340549363e-02	459
9.893142714402399e-01	-8.800157282819963e-03	460
3.262635535258991e-01	-9.301138823921314e-02	461
8.555399004464899e-01	-4.747255856944205e-02	462
8.324734998391027e-01	-5.197360529054140e-02	463
8.803150618899884e-02	-6.975541282976816e-02	464
-4.174717279857031e-03	-1.055393870389799e-02	465
2.131832822544229e-01	-8.821598434537088e-02	466
1.225342871386059e-02	-3.500496944192498e-02	467
9.610611515137575e-01	-2.087422159443976e-02	468
1.511001603085382e-01	-8.171133554152679e-02	469
7.134744820566116e-01	-7.104705437302283e-02	470
6.543359415337398e-01	-7.817574257514490e-02	471
4.501142067089113e-01	-9.198520132675521e-02	472
7.889939576207534e-02	-6.726650111299975e-02	473
3.873134668321201e-01	-9.320891740009044e-02	474
8.973150122736381e-01	-3.847940132207568e-02	475
7.953625623977023e-01	-5.864221655506692e-02	476
5.798353616857007e-03	2.233044597177637e-02	477
1.809711484919536e-02	3.119610839972142e-02	478
6.693005079731835e-01	6.899773248859080e-02	479
8.436775221372224e-01	4.062819908175815e-02	480
1.085143123007345e-01	5.852064488448758e-02	481
6.841989122174699e-01	6.713028867641703e-02	482
1.633530174256142e-01	6.680483382735847e-02	483
8.764900985170245e-01	3.403186486210354e-02	484
9.889404325913113e-01	8.003643087827569e-03	485
3.408383805160357e-01	8.108972064848602e-02	486
5.133122359603175e-01	8.137513840003403e-02	487
9.535355710340740e-01	1.721189245974630e-02	488
8.866798553764600e-01	3.191158013393110e-02	489
9.920547644051659e-01	6.701368277409432e-03	490
9.599721388965747e-01	1.576498598542627e-02	491
9.812020076562614e-01	1.054795458432402e-02	492
2.399179340322223e-01	7.484736082024940e-02	493
3.258323526651174e-01	8.043250075306296e-02	494
2.264398057659681e-01	7.365479698700017e-02	495
9.865659334244167e-02	5.666122668923395e-02	496
6.693877504868886e-01	-7.650348964635420e-02	497
2.001597751572184e-01	-8.715236296670681e-02	498
9.410667542109398e-03	2.538132310499932e-02	499
1.403628676965756e-01	6.363919352771541e-02	500
4.807442236379747e-02	4.404406230223781e-02	501
9.715043708118608e-01	1.308873000553431e-02	502
9.946755789006597e-01	5.496613640700540e-03	503
8.964760254586801e-01	2.983904412084617e-02	504
1.628789740750568e-01	-8.326325424088184e-02	505
1.000202613186300e+00	2.372736507925275e-04	506
9.984691553019680e-01	2.975088469955033e-03	507
9.968204998373993e-01	4.260428913840744e-03	508
2.690056336797717e-03	1.915678620303730e-02	509
-2.052160241160884e-03	1.249542554738131e-02	510
1.736463744800836e-03	-2.304400856000635e-02	511
-4.127320625030379e-03	-2.035447230985492e-03	512
-3.247048829694988e-03	-2.084670194159062e-04	513
1.677134058230097e-02	-3.877292164810410e-02	514
1.000208696479893e+00	-2.296696283119603e-04	515
6.191303003546963e-02	-6.186366917225285e-02	516
9.985475876981431e-01	-3.038174731633890e-03	517
9.948629259461791e-01	-5.767368027262657e-03	518
4.180689964155571e-01	8.289280683862572e-02	519
5.454320096440812e-01	-8.748314678650534e-02	520
9.858036466537735e-01	-1.049997630647199e-02	521
8.771907258450866e-01	-4.296268617246061e-02	522
5.925030215593605e-01	7.672016525461145e-02	523
9.923211459323145e-01	-7.179136174091508e-03	524
-4.963715659218278e-03	-6.045447406721310e-03	525
4.343041578508086e-01	-9.242243720423814e-02	526
4.023986483688154e-01	8.274075887230158e-02	527
8.441737568152163e-01	-4.973344278891655e-02	528
2.818838986767390e-01	7.795926363762717e-02	529
8.665477487008164e-01	-4.521058807640884e-02	530
8.874499166616739e-01	-4.071366479714549e-02	531
7.019109594364503e-02	-6.463597754332602e-02	532
9.067893483031688e-01	-3.626639666454304e-02	533
9.244962965112851e-01	-3.187816064748245e-02	534
9.478001047076505e-01	-2.531228393795048e-02	535
2.729505823150453e-02	-4.605137923881206e-02	536
9.546652906860555e-01	-2.309960709096225e-02	537
9.669832229277519e-01	-1.865913697013664e-02	538
9.818410121879669e-01	-1.239022947139052e-02	539
1.285958231663821e-01	-7.824968038061926e-02	540
7.555893593568836e-01	-6.504387742258566e-02	541
7.691299335571147e-01	-6.293789905758358e-02	542
9.969463054777409e-01	-4.400975998943434e-03	543
4.659843437516243e-01	-9.145738927919526e-02	544
4.818712571179520e-01	-9.083494748457049e-02	545
4.977710079830447e-01	-9.013006905070711e-02	546
2.177495553341286e-02	-4.248842621191565e-02	547
4.028916176797515e-01	-9.304070597629741e-02	548
4.185588696871097e-01	-9.277802271645090e-02	549
3.412929511583729e-01	-9.319832490607073e-02	550
3.974380367014806e-02	-5.278503592333552e-02	551
9.327121218860376e-01	-2.969420807701214e-02	552
9.404781331119285e-01	-2.750553799705713e-02	553
1.396770098435303e-01	-8.004262021076616e-02	554
9.758275806319257e-02	-7.210798911030290e-02	555
5.612622605768720e-01	-8.643965237096171e-02	556
6.082959138082119e-01	-8.269455678982553e-02	557
9.724130003887542e-01	-1.648451229590518e-02	558
9.773587466729933e-01	-1.439248327807891e-02	559
7.277512050768887e-01	-6.909444722166115e-02	560
7.417855524931576e-01	-6.709737706339693e-02	561
1.075291625130571e-01	-7.431439617429514e-02	562
1.178842469672685e-01	-7.635689758506434e-02	563
5.770241157723562e-01	-8.528484099801087e-02	564
5.927058858027089e-01	-8.403488289187723e-02	565
4.665723150981406e-02	-5.597511967863681e-02	566
5.407279606910566e-02	-5.900635817130433e-02	567
8.238682380540298e-03	-3.108226681155191e-02	568
3.565042872664406e-01	-9.329786502020002e-02	569
3.718487028337046e-01	-9.329523891982160e-02	570
1.750021659706726e-01	-8.468533361843829e-02	571
1.874314084603921e-01	-8.597937785544577e-02	572
2.264697651934695e-01	-8.917426095721132e-02	573
2.400324376179496e-01	-9.002793254955124e-02	574
2.966863480227807e-01	-9.238567565707347e-02	575
3.113952085224432e-01	-9.274831860449084e-02	576
2.538728193916280e-01	-9.076177808143195e-02	577
-4.131668440816212e-03	1.507306321976324e-03	578
-7.477918258336936e-04	-1.891984037416931e-02	579
4.117364346948476e-02	4.164835021767508e-02	580
9.853053546621242e-01	9.251030918937541e-03	581
5.292373324777959e-01	8.069266492262289e-02	582
4.973700491257495e-01	8.193076669612485e-02	583
4.814432002170396e-01	8.235895996028629e-02	584
4.655338803805638e-01	8.267201484812188e-02	585
9.765784025118025e-01	1.181862219176826e-02	586
9.659685301054283e-01	1.439891741215637e-02	587
9.234638069882763e-01	2.395494365258449e-02	588
4.496458207343458e-01	8.286001722900542e-02	589
4.338226437732342e-01	8.292989261485942e-02	590
3.868227709319464e-01	8.247566194198799e-02	591
9.148789961367307e-01	2.585486137829377e-02	592
9.466617708752849e-01	1.875042198900921e-02	593
6.325291799558889e-02	4.850294104921968e-02	594
5.545679226819797e-02	4.632993064114500e-02	595
2.536824968010659e-01	7.595902302292187e-02	596
2.676694988233624e-01	7.698240424775732e-02	597
1.516808873715704e-01	6.524620552827855e-02	598
1.293845930801424e-01	6.197810667307885e-02	599
1.187727486477039e-01	6.028841660718490e-02	600
7.951084514526729e-01	4.978992525264554e-02	601
7.416818050334432e-01	5.885831590821515e-02	602
7.276644214587805e-01	6.102167016507212e-02	603
7.821831317252844e-01	5.208397486456818e-02	604
8.320419133709515e-01	4.288299252817787e-02	605
9.058822378555204e-01	2.782160507097460e-02	606
8.659165325209071e-01	3.618523972994250e-02	607
8.549768488490861e-01	3.838872244344695e-02	608
8.200637351291796e-01	4.517538678127678e-02	609
8.077426971063738e-01	4.748619155163267e-02	610
7.689681987042210e-01	5.436872920668689e-02	611
7.554609498584669e-01	5.663726656306937e-02	612
7.133975769761306e-01	6.313515732572969e-02	613
6.989031235330858e-01	6.517690635353891e-02	614
6.542332025058842e-01	7.076558254490119e-02	615
6.389929286848672e-01	7.242306406862963e-02	616
5.609976175643476e-01	7.897704768786007e-02	617
5.451332127944625e-01	7.989380233818329e-02	618
6.236226988692445e-01	7.396814995776091e-02	619
6.081216438010479e-01	7.540357097381292e-02	620
2.132451056387150e-01	7.240189034214814e-02	621
2.003194969058351e-01	7.109223718299486e-02	622
1.876933143771745e-01	6.972732688962956e-02	623
1.753692918955157e-01	6.829932833146903e-02	624
1.351286083412399e-02	2.836392169132910e-02	625
3.470917835302662e-02	3.916323347193425e-02	626
2.870674450647613e-02	3.663312338141605e-02	627
8.080526093817074e-01	-5.644732719196634e-02	628
8.204331827731437e-01	-5.421718058321512e-02	629
5.136813395197298e-01	-8.933279323405352e-02	630
5.295715628444980e-01	-8.844661245029629e-02	631
7.283035514379781e-05	1.588237362357581e-02	632
2.315597318948679e-02	3.398162212500087e-02	633
8.918609422077363e-02	5.472725936400548e-02	634
8.012588420709957e-02	5.272684494824587e-02	635
3.109944367815384e-01	7.969960952320554e-02	636
2.963245591750469e-01	7.887250219643992e-02	637
3.713651498645992e-01	8.211400918808549e-02	638
3.560325422258171e-01	8.165699677432933e-02	639
9.393574704641185e-01	2.038611394691348e-02	640
9.316281794413843e-01	2.212748355594970e-02	641
6.237700664841052e-01	-8.126815308913900e-02	642
6.391161481257326e-01	-7.976351667652452e-02	643
3.328266661014812e-02	-4.945862322843971e-02	644
-2.721057077414569e-03	-1.474394512232638e-02	645
2.679258467245398e-01	-9.137788214633870e-02	646
-7.962557397593524e-03	-9.042496477195308e-03	647
3.954128138748763e-01	-1.107907189328858e-01	648
2.888933779572541e-01	-1.085617595761275e-01	649
7.913678809409367e-01	-7.438047341931366e-02	650
5.387506746207891e-01	-1.058654863425239e-01	651
9.227304001455424e-01	-4.252134811198761e-02	652
9.919212400304548e-01	1.056642314551497e-02	653
9.885698061216167e-01	1.248710110249350e-02	654
9.646941120057347e-01	2.196423408345155e-02	655
-1.844482962363424e-03	1.987929731678157e-02	656
9.946377879290192e-01	8.773989640593002e-03	657
9.994563067270689e-01	1.750090291208444e-03	658
1.000192354024192e+00	5.485490277548327e-04	659
9.989030503268297e-01	-5.105879202843430e-03	660
1.000464787530247e+00	7.754415193391231e-06	661
1.552106293414183e-02	-4.550484122699656e-02	662
-7.245339833804014e-03	2.741721317265850e-03	663
8.996014672872350e-02	-8.131975421811824e-02	664
9.311274493160573e-01	-3.980725942308805e-02	665
9.924289250037437e-01	-1.120344394367215e-02	666
5.701974305509361e-01	9.607099313531942e-02	667
9.995013891585298e-01	-1.768686587298039e-03	668
-4.110969877929763e-04	-2.778600123953757e-02	669
7.084318610458236e-01	-8.835999467582173e-02	670
-5.258370076569388e-03	-1.859124406363071e-02	671
7.228833353497308e-01	-8.618905102361005e-02	672
1.082349266382458e-02	-4.120594160834391e-02	673
8.744849335239357e-01	-5.604698209303363e-02	674
2.829430594767843e-03	-3.232093981936288e-02	675
3.336069587976318e-01	-1.101641405923555e-01	676
8.636663202165114e-01	-5.872626158469221e-02	677
6.937546135941581e-01	-9.044230087310930e-02	678
9.950110470824770e-01	-9.161504171579156e-03	679
6.496977865046454e-03	-3.682148693213747e-02	680
9.804839601189806e-01	1.625420443757154e-02	681
5.222361122678770e-01	9.878706522506714e-02	682
9.519013185574287e-01	2.597903266625712e-02	683
6.636672846013413e-01	8.674021514649309e-02	684
9.969612450311961e-01	6.948169712037515e-03	685
5.061884148549376e-01	9.942786027804380e-02	686
2.739905727836631e-01	9.354075964787509e-02	687
3.329493946263192e-01	9.768582907679373e-02	688
1.558935790453526e-01	7.926536589274683e-02	689
6.486018380025535e-02	5.871322896220110e-02	690
1.000030483296376e+00	1.040349535289599e-03	691
-6.893623783650133e-03	-1.396857216224056e-02	692
-6.081568116354812e-03	1.208066555745448e-02	693
1.270589106014307e-02	3.440474929921081e-02	694
-7.452017029746371e-03	7.776538057794362e-03	695
9.662258423796796e-01	-2.619351122003834e-02	696
8.049125567252192e-02	-7.837158380609696e-02	697
-5.439124988901123e-03	-2.953597313726798e-04	698
1.550271542105885e-01	-9.560998087747360e-02	699
4.588118717756545e-01	-1.096745855873701e-01	700
2.082371434152882e-02	-4.977258403029406e-02	701
4.436737535305352e-03	2.731022931540812e-02	702
8.401484849438799e-01	5.501813156244651e-02	703
7.909682597024887e-01	6.555861813846689e-02	704
6.787321440062934e-01	8.473465944945319e-02	705
9.848185457322957e-01	1.432828986670510e-02	706
9.585189473402415e-01	2.394145720767058e-02	707
8.937125250660044e-01	4.212827984630344e-02	708
8.837631802854841e-01	4.465246484937986e-02	709
3.179362314607520e-01	9.680757021486336e-02	710
2.884029623077681e-01	9.472579615757271e-02	711
2.321000669618538e-01	8.955780201102716e-02	712
1.014735643069611e-01	6.877272243703651e-02	713
6.638443613619357e-01	-9.434290972562827e-02	714
6.788914093948326e-01	-9.243593812981628e-02	715
2.053164750604581e-01	-1.023592081327749e-01	716
8.259723773761976e-03	3.093309751671155e-02	717
1.443146337840916e-01	7.728149150079890e-02	718
9.756762663080358e-01	1.813662964979682e-02	719
9.987367798784327e-01	5.008251744408068e-03	720
1.029471556281073e-03	2.363802764670810e-02	721
-4.215860686076680e-03	1.602134213420632e-02	722
-3.096574223188119e-03	-2.321045665110380e-02	723
-7.312385784046665e-03	-3.492970441022251e-03	724
2.668626140666564e-02	-5.376417549267105e-02	725
1.000207024812672e+00	-5.412285065521965e-04	726
1.000058521114710e+00	-1.039166267441478e-03	727
9.718216563524703e-01	-2.349951568754690e-02	728
9.892485438641064e-01	-1.349218235365520e-02	729
5.860609106849058e-01	9.485307089292809e-02	730
4.428601568262330e-01	-1.101129160418613e-01	731
4.104072707618805e-01	1.003934648491269e-01	732
8.409165753431553e-01	-6.405568504608754e-02	733
8.524728585696848e-01	-6.140551822078940e-02	734
8.849473227263573e-01	-5.335254629374998e-02	735
8.950016431269435e-01	-5.064485472094199e-02	736
6.284163708398495e-02	-7.201953968150236e-02	737
7.144796905852410e-02	-7.527255667262872e-02	738
9.046516642795680e-01	-4.794130437067020e-02	739
9.139074789090126e-01	-4.523181197781655e-02	740
9.535829803070138e-01	-3.164500781332184e-02	741
9.601456037539774e-01	-2.891381617467187e-02	742
9.856760765269597e-01	-1.579586232608000e-02	743
7.647892962869043e-01	-7.927579692170471e-02	744
7.782202519315801e-01	-7.684736567273140e-02	745
9.972189450142559e-01	-7.157996979378412e-03	746
4.748032620233006e-01	-1.091217785810760e-01	747
4.907904967003129e-01	-1.084633558655393e-01	748
4.111570627092649e-01	-1.106790747062056e-01	749
4.269796820763340e-01	-1.104488588730307e-01	750
3.291577092063917e-02	-5.769629170699021e-02	751
9.390742173064048e-01	-3.708475406150870e-02	752
9.465510591981283e-01	-3.436790840771906e-02	753
1.318945201553841e-01	-9.139306774923653e-02	754
1.432868048238408e-01	-9.356694386687228e-02	755
5.546829480703978e-01	-1.048487969798575e-01	756
5.705985634136627e-01	-1.036762430826074e-01	757
9.769120160242720e-01	-2.087110535801414e-02	758
9.815362018992443e-01	-1.831050710180162e-02	759
7.370857732214532e-01	-8.395369505646977e-02	760
7.510607600193697e-01	-8.165329442456684e-02	761
9.985136302692495e-02	-8.411510215810562e-02	762
1.101754787883842e-01	-8.674414554358958e-02	763
1.208864334143856e-01	-8.909458649509133e-02	764
5.864191088502192e-01	-1.023816024241703e-01	765
6.021479460315741e-01	-1.009738990106955e-01	766
3.966137633850229e-02	-6.154117196235437e-02	767
4.694047753254619e-02	-6.525172500742464e-02	768
5.473214050618050e-02	-6.866870897905616e-02	769
3.488468300612672e-01	-1.104918059632311e-01	770
3.642606632868202e-01	-1.107015942435391e-01	771
3.797805292731569e-01	-1.107947241329807e-01	772
1.671367445274036e-01	-9.751703609780382e-02	773
1.795692452833822e-01	-9.927312876016531e-02	774
1.922996319948083e-01	-1.008830797364406e-01	775
2.186070450418470e-01	-1.037140222126524e-01	776
2.321692165772634e-01	-1.049470292394410e-01	777
3.036284589661702e-01	-1.092141899947387e-01	778
3.185512414275815e-01	-1.097423510772995e-01	779
2.460282985810464e-01	-1.060519802429450e-01	780
4.181474081091608e-02	5.040176553054444e-02	781
4.901389111680959e-01	9.992562590325815e-02	782
4.741179358319227e-01	1.002873571169740e-01	783
9.704226770900150e-01	2.003058619330963e-02	784
4.580998433860449e-01	1.005151238704265e-01	785
4.421281387008404e-01	1.006018803281670e-01	786
4.262348002118627e-01	1.005617378259717e-01	787
3.946669818496499e-01	1.000884378194203e-01	788
9.211599563767413e-01	3.483565105282228e-02	789
5.680758027622725e-02	5.602225840771599e-02	790
4.907200914221192e-02	5.333385744249522e-02	791
2.598233219425060e-01	9.228990973730052e-02	792
2.458315909354881e-01	9.100530492934110e-02	793
1.330801669649171e-01	7.523697100482044e-02	794
1.222221421331463e-01	7.313849546943596e-02	795
1.116611483595905e-01	7.105967633783025e-02	796
7.368989721432915e-01	7.570650978946743e-02	797
9.124210346966295e-01	3.721708497607416e-02	798
9.032608769146644e-01	3.965175663174661e-02	799
8.734072193422765e-01	4.720460195023696e-02	800
8.626934312952224e-01	4.978069262263914e-02	801
8.516038588006839e-01	5.239492936900197e-02	802
8.283750768100318e-01	5.764716403667298e-02	803
8.162382430415426e-01	6.029961745021241e-02	804
8.037514307462298e-01	6.294341110825148e-02	805
7.778960323951266e-01	6.815052821618875e-02	806
7.645248321114186e-01	7.072265661704447e-02	807
7.508417676878523e-01	7.325205567196645e-02	808
7.227189607639127e-01	7.809151070076704e-02	809
7.082794463083603e-01	8.040657750445582e-02	810
6.936040295752898e-01	8.262274989840905e-02	811
6.484181185566085e-01	8.862147975685795e-02	812
5.542344138084070e-01	9.713371358895358e-02	813
5.382489476600243e-01	9.800674845782763e-02	814
6.330197391682795e-01	9.037225356211674e-02	815
6.174922356584573e-01	9.199746544766180e-02	816
6.018312880274189e-01	9.349402387531451e-02	817
2.186773543063456e-01	8.802756139786484e-02	818
2.055364897132463e-01	8.642512873332418e-02	819
1.926766249602899e-01	8.475583574230082e-02	820
1.801077806832921e-01	8.301101603901051e-02	821
1.678391202916173e-01	8.118141864123510e-02	822
3.506057593940434e-02	4.737209144958190e-02	823
2.879808405612963e-02	4.428165564351851e-02	824
8.042378834807823e-01	-7.186467839899024e-02	825
8.168153541575298e-01	-6.929129696544364e-02	826
8.290467317321641e-01	-6.667747979120971e-02	827
5.067968766511448e-01	-1.077011312854268e-01	828
5.227930645944896e-01	-1.068318586508164e-01	829
2.289628857603446e-02	4.117585079060931e-02	830
1.751265529816929e-02	3.781339128893707e-02	831
9.170366289199326e-02	6.638819184350689e-02	832
8.234165208699601e-02	6.391727743442208e-02	833
7.339066037896859e-02	6.136065268071225e-02	834
3.030685692693005e-01	9.582399549511879e-02	835
3.790468411551555e-01	9.966249399967754e-02	836
3.635455148841705e-01	9.912864473323675e-02	837
3.481565374347642e-01	9.846860151129549e-02	838
9.448525325390951e-01	2.807956225586624e-02	839
9.373911837760486e-01	3.025505471379243e-02	840
9.294890876264488e-01	3.251374028394811e-02	841
6.177679126510399e-01	-9.946153834787307e-02	842
6.332568196209971e-01	-9.785284613189892e-02	843
6.486219434738247e-01	-9.614938628431995e-02	844
2.601323745355048e-01	-1.069576230640398e-01	845
2.743971834106252e-01	-1.078043673344574e-01	846
-1.123187086281541e-02	-1.246619760273998e-02	847
9.128564719012069e-02	-9.442137748975167e-02	848
9.993183654807719e-01	7.309464462698641e-03	849
9.849908572014885e-01	2.018850968723455e-02	850
5.481695899156250e-01	-1.253141864896200e-01	851
-1.095422319214818e-02	4.927977174235029e-03	852
9.995764517724494e-01	-3.929655751263615e-03	853
9.303102436230470e-01	-5.132212789625304e-02	854
9.384426643492580e-01	-4.800410177815974e-02	855
2.537629691832908e-02	-6.241295087786569e-02	856
9.951986067590750e-01	1.248329761450024e-02	857
4.990390843235928e-01	1.195224060666241e-01	858
-9.997764923245153e-03	-1.777428362677514e-02	859
6.626538343181304e-03	3.725400136342312e-02	860
-3.016085319111496e-03	-3.309028787681666e-02	861
9.641739338494010e-01	3.061969892563528e-02	862
9.975246452472333e-01	1.000715984535135e-02	863
-8.845197118553257e-03	1.561289519341047e-02	864
6.583068533442012e-01	1.066016166446468e-01	865
-6.793301252109975e-03	2.005501333764986e-02	866
1.000494741076925e+00	3.658441323051207e-04	867
1.000505153016614e+00	-3.494972726096585e-04	868
8.010154237827201e-01	-8.921515467788689e-02	869
1.585095246026555e-01	-1.113202643436148e-01	870
1.364993666728099e-02	-5.306476588621286e-02	871
4.035575228624040e-01	-1.304819414826918e-01	872
8.146033417246008e-02	-9.094238021473654e-02	873
4.515571523142482e-01	-1.298869360675561e-01	874
2.954256810945382e-01	-1.272640250938127e-01	875
9.888955153718421e-01	1.762439697655278e-02	876
5.636788354322828e-01	1.163448638979792e-01	877
9.578204451667801e-01	3.326511207332100e-02	878
9.510211586220075e-01	3.594486714319994e-02	879
7.874098551988814e-01	8.326518765458635e-02	880
1.477772422229594e-01	9.265365864841334e-02	881
2.656882504253204e-01	1.106099815262841e-01	882
9.931408378577460e-01	-1.575303338616926e-02	883
5.747248337972533e-02	6.698256494392134e-02	884
8.724926265278088e-01	-7.082446657983875e-02	885
9.994508676748696e-01	3.879392556741915e-03	886
9.923417655256211e-01	1.501193219621899e-02	887
9.996021998347187e-01	-7.423983303915735e-03	888
9.772180742913131e-01	-2.817963197775468e-02	889
8.720089974454894e-03	-4.809200221337495e-02	890
7.037938474018369e-01	-1.077760424712519e-01	891
-5.909867539083759e-03	-2.798718233845281e-02	892
7.184587986244375e-01	-1.053845759951004e-01	893
7.328693203932680e-01	-1.028767029163857e-01	894
4.274068058387075e-03	-4.327770144000152e-02	895
9.957999972575126e-01	-1.294143960700021e-02	896
3.248185745105998e-04	-3.807285617635280e-02	897
8.372694984439532e-01	7.121316474723818e-02	898
5.152447617285097e-01	1.189332111200087e-01	899
3.096611462290179e-01	1.148199373152165e-01	900
-1.040908988055425e-02	1.090319867245443e-02	901
2.474863609928784e-03	3.292095662658812e-02	902
6.735971392838008e-01	1.044721588640910e-01	903
8.916748675475047e-01	5.601218609421509e-02	904
3.247381953560979e-01	1.159750440508054e-01	905
2.947415081966641e-01	1.135252462592778e-01	906
2.800774257576429e-01	1.121104379713553e-01	907
6.738676517638174e-01	-1.122465240907737e-01	908
6.889153999666476e-01	-1.100734407150403e-01	909
9.804684141114205e-01	2.283008163488547e-02	910
-1.081563735326984e-03	2.874667448875163e-02	911
-4.213977483210469e-03	2.443489617521103e-02	912
-8.227172481421977e-03	-2.287539245947415e-02	913
-1.123579427901169e-02	-5.941177390614670e-03	914
1.934660132913279e-02	-5.799633389190813e-02	915
9.719793656422208e-01	-3.143715125520095e-02	916
9.899202389215545e-01	-1.874581917491783e-02	917
5.797460971560195e-01	1.151115715842667e-01	918
8.500717719589949e-01	-7.712136240649406e-02	919
8.614826713718998e-01	-7.398295016353916e-02	920
8.831486280335860e-01	-6.764490526275554e-02	921
8.934274459223086e-01	-6.441810076879634e-02	922
6.312725925782721e-02	-8.349344320896224e-02	923
7.207376009148371e-02	-8.730232581651065e-02	924
9.032706838686385e-01	-6.117272116377453e-02	925
9.127137195042617e-01	-5.790930688175983e-02	926
9.217346865017764e-01	-5.462162088301505e-02	927
9.599930155051858e-01	-3.805508735529417e-02	928
9.662305896172592e-01	-3.473774970275993e-02	929
7.746111221592968e-01	-9.488087709462652e-02	930
7.879446247965990e-01	-9.209222922066142e-02	931
9.979543932095923e-01	-1.026488277911090e-02	932
4.676820323545920e-01	-1.294311223653145e-01	933
4.838102636478479e-01	-1.288372505420889e-01	934
4.195051058947620e-01	-1.304166815850378e-01	935
4.355013747556691e-01	-1.302117825069303e-01	936
9.460880641616771e-01	-4.468698900587143e-02	937
9.532665445989698e-01	-4.137716039121642e-02	938
1.346847392060087e-01	-1.062479030583974e-01	939
1.464085352631835e-01	-1.088561232553091e-01	940
5.642719629476282e-01	-1.241961017095973e-01	941
9.819607163408797e-01	-2.498001406987464e-02	942
9.862457202826578e-01	-2.177255168060669e-02	943
7.470284426821563e-01	-1.003067459116828e-01	944
7.609659268524861e-01	-9.763719058542611e-02	945
1.015718961729921e-01	-9.772634606181073e-02	946
1.124049124774337e-01	-1.007893371627821e-01	947
1.233336488449468e-01	-1.034970610233001e-01	948
5.803004045708759e-01	-1.228662139026881e-01	949
5.961972638333073e-01	-1.214061696881730e-01	950
3.186362521734260e-02	-6.696933589651236e-02	951
3.894107897511558e-02	-7.144258472987092e-02	952
4.671492420135043e-02	-7.575331738635611e-02	953
5.469592407285517e-02	-7.956473822216922e-02	954
3.408658120249690e-01	-1.294184287461167e-01	955
3.563625043483709e-01	-1.298883663261481e-01	956
3.719968390719853e-01	-1.302103992569891e-01	957
3.877159628686811e-01	-1.304060092375065e-01	958
1.709732779977513e-01	-1.136200510140153e-01	959
1.837435482260510e-01	-1.157464557319516e-01	960
1.967955274485473e-01	-1.177067668360194e-01	961
2.101141052133416e-01	-1.195216565038542e-01	962
2.237096115498377e-01	-1.211993930119124e-01	963
3.255767569889166e-01	-1.288244870814378e-01	964
3.104328375584809e-01	-1.281156263659619e-01	965
2.376028063744731e-01	-1.227309421220866e-01	966
4.828746724793275e-01	1.199375358244700e-01	967
9.755090204464809e-01	2.540774510016109e-02	968
9.700791342389068e-01	2.800130475501884e-02	969
4.667140781282557e-01	1.202177870821915e-01	970
4.505640705121580e-01	1.203366466055284e-01	971
4.344903283946018e-01	1.202996806800180e-01	972
4.184862388460573e-01	1.201191544893766e-01	973
4.025446149482928e-01	1.197796967884015e-01	974
4.955662621061493e-02	6.386891493928415e-02	975
4.182353327764652e-02	6.033826199645484e-02	976
2.515513758996451e-01	1.091137315899893e-01	977
2.374715396983213e-01	1.074310654917913e-01	978
1.362689335606630e-01	9.017600644128826e-02	979
1.251257561062813e-01	8.762908975543433e-02	980
1.143938027543425e-01	8.519498865188727e-02	981
1.037533859135101e-01	8.248063705062227e-02	982
9.196069955007894e-01	4.713795793981113e-02	983
9.106966523543252e-01	5.006192835945213e-02	984
9.013812137390198e-01	5.301918649056640e-02	985
8.815383659039100e-01	5.903821921444469e-02	986
8.710233704716451e-01	6.206211073758725e-02	987
8.601509752600401e-01	6.510577811362776e-02	988
8.488868346452350e-01	6.816502410034156e-02	989
8.253376613816261e-01	7.425372010643841e-02	990
8.130049349160776e-01	7.729853975266443e-02	991
8.003329252177194e-01	8.030155506926422e-02	992
7.741496570342660e-01	8.619016646002464e-02	993
7.605961370809652e-01	8.908764245275330e-02	994
7.466889676911610e-01	9.189090705125651e-02	995
7.325825342217536e-01	9.461441791960103e-02	996
7.181871800151055e-01	9.723172150203431e-02	997
7.035447143503292e-01	9.978017519855359e-02	998
6.886569588323896e-01	1.021673784426732e-01	999
5.314044706874645e-01	1.182188039958083e-01	1000
5.475048314510719e-01	1.173389561259774e-01	1001
6.428609317328885e-01	1.086229951246923e-01	1002
6.272733176343037e-01	1.104497129304302e-01	1003
6.115520131095854e-01	1.121795764542613e-01	1004
5.957016925148095e-01	1.137048972607916e-01	1005
2.237671600572411e-01	1.055956062373203e-01	1006
2.103759679042069e-01	1.036655161853353e-01	1007
1.972732263156322e-01	1.016563104150265e-01	1008
1.844442132814932e-01	9.956334488429894e-02	1009
1.718977261235535e-01	9.736601336793471e-02	1010
1.596573795614497e-01	9.505959030035528e-02	1011
3.473388064154956e-02	5.666824699039785e-02	1012
2.819518055963708e-02	5.293187927215000e-02	1013
8.138061747203655e-01	-8.627464590381778e-02	1014
8.262658967053355e-01	-8.324872693375544e-02	1015
8.383319032610167e-01	-8.019751716355547e-02	1016
4.999320682443271e-01	-1.281230996048336e-01	1017
5.160702115361148e-01	-1.272853023410350e-01	1018
5.321518294432023e-01	-1.263341192131041e-01	1019
2.210565000842759e-02	4.935205213393634e-02	1020
1.630922017125024e-02	4.532083565441099e-02	1021
1.123047782500275e-02	4.121595909989274e-02	1022
9.363030864906542e-02	7.958951735197725e-02	1023
8.394448083823523e-02	7.658488698370949e-02	1024
7.467760010726623e-02	7.347872069228892e-02	1025
6.583058777965015e-02	7.026403981986167e-02	1026
3.867228874796011e-01	1.192875016881105e-01	1027
3.710341411086291e-01	1.186704055184815e-01	1028
3.554334967187846e-01	1.179188727770045e-01	1029
3.399776269597077e-01	1.170120335800382e-01	1030
9.280974078262280e-01	4.426388886567491e-02	1031
9.438116587487635e-01	3.865849689927055e-02	1032
9.361773625066294e-01	4.143205675846623e-02	1033
6.120047401335782e-01	-1.198027895524160e-01	1034
6.276612616444998e-01	-1.180963288847409e-01	1035
6.432048137566215e-01	-1.162617366509994e-01	1036
6.586079053107184e-01	-1.143271237932823e-01	1037
2.518534212890197e-01	-1.240609901206727e-01	1038
2.661364526970975e-01	-1.251803221315413e-01	1039
2.806535149260768e-01	-1.262764157989301e-01	1040
1.359594525011722e-03	-5.035336294763527e-02	1041
9.995797284614572e-01	9.419877498683824e-03	1042
9.784246382468078e-01	-3.630907428199435e-02	1043
1.000454536465126e+00	8.042744090891939e-04	1044
-2.800870592528413e-03	-4.448965760208917e-02	1045
7.364490304604849e-01	-1.226458503232639e-01	1046
9.186859510377951e-02	-1.092140139140068e-01	1047
-6.293483068955863e-03	-3.889783850447815e-02	1048
9.859544508725515e-01	2.677332692321941e-02	1049
-1.163806618849510e-02	-2.756251259699930e-02	1050
1.715554572781845e-02	-6.707074035776886e-02	1051
1.614375888598798e-01	-1.290294039267152e-01	1052
1.387985424461356e-01	1.069441257461077e-01	1053
-1.042532432899840e-04	3.925871986962948e-02	1054
-9.797747953687546e-03	2.456230216079385e-02	1055
-1.471069157609109e-02	8.086944364867059e-03	1056
-7.646764322141376e-03	4.285175581854053e-04	1057
-7.647124292750397e-03	-1.140221584325172e-03	1058
-1.101822290076220e-02	7.872629441520989e-04	1059
-1.350646779992530e-02	-2.193390040428289e-02	1060
9.999820417952880e-01	-9.559454336548713e-03	1061
3.160193903392304e-01	1.360909634568360e-01	1062
9.832633407231952e-01	-3.236216887163777e-02	1063
9.972209428091000e-01	-1.706672322811458e-02	1064
9.466109875152902e-01	-5.633064851162074e-02	1065
8.050502965521781e-01	-1.070070472233054e-01	1066
4.117666230894295e-01	-1.525142544970252e-01	1067
9.985938027439342e-01	1.329664931865621e-02	1068
9.276441692947346e-01	5.745592441463282e-02	1069
9.510846258210836e-01	4.714700773520548e-02	1070
5.490595062066159e-01	1.393667650397175e-01	1071
5.164251283714131e-01	1.409733205754402e-01	1072
6.610205639558696e-01	1.276265738042229e-01	1073
7.777346748840800e-01	1.047603454944303e-01	1074
4.918566118410724e-01	1.418140949273309e-01	1075
5.499143987069662e-01	-1.475574812276890e-01	1076
3.313758878371881e-01	1.374544317794301e-01	1077
9.963617778801908e-01	1.658977868003905e-02	1078
8.163582176390644e-02	-1.051147331733078e-01	1079
1.000307877009399e+00	1.854855079079475e-03	1080
9.899952067129901e-01	2.335732542402274e-02	1081
-1.102282775407388e-02	-1.598822174187486e-03	1082
1.000478125442019e+00	-7.899365393321862e-04	1083
1.000365041891653e+00	-1.851273352287720e-03	1084
9.387745329188342e-01	-6.033026554354155e-02	1085
2.321370535836853e-02	-7.205675071201376e-02	1086
-1.485406598878125e-02	-1.621648766084132e-02	1087
4.302317063754561e-03	4.427240185555911e-02	1088
-9.195371663319791e-03	-3.325650466897265e-02	1089
9.645785059433772e-01	4.036871674900898e-02	1090
-1.199566822187494e-02	1.957168823846512e-02	1091
1.000773722491149e+00	1.626582897233521e-04	1092
1.000778387888329e+00	-1.374652254659669e-04	1093
5.842769739030983e-03	-5.572434001442342e-02	1094
3.170349245157285e-01	-1.493271492182974e-01	1095
3.017453792347763e-01	-1.482480594936235e-01	1096
9.934629322765378e-01	1.993201881554434e-02	1097
5.735728246782184e-01	1.376506938068845e-01	1098
9.580483339958920e-01	4.375822558592184e-02	1099
9.945773007619698e-01	-2.070359749902229e-02	1100
7.071245384548845e-01	-1.281832411676117e-01	1101
-1.370690724000086e-02	1.442562784893028e-02	1102
3.008531785819178e-01	1.345952909256052e-01	1103
2.858559205068272e-01	1.329098212936163e-01	1104
2.712120353802226e-01	1.311495402925972e-01	1105
6.769234547075748e-01	-1.332126144293596e-01	1106
-3.856523441743440e-03	3.444629211695060e-02	1107
-7.045677985111090e-03	2.954581066090294e-02	1108
-1.530008911521695e-02	-9.316004961704349e-03	1109
1.110405577737002e-02	-6.155535456145791e-02	1110
8.601480141965913e-01	-9.114371434654923e-02	1111
8.713888709941019e-01	-8.744493757266711e-02	1112
8.822365851666442e-01	-8.374086126164107e-02	1113
8.927492747283660e-01	-7.993290802898934e-02	1114
7.189427343267529e-02	-1.008454869499970e-01	1115
6.260307055659406e-02	-9.639579350073046e-02	1116
9.028337192650998e-01	-7.609841173446702e-02	1117
9.124676753196048e-01	-7.220151333160078e-02	1118
9.216949493360279e-01	-6.827868670693785e-02	1119
9.304637465951806e-01	-6.432424745688056e-02	1120
9.671761442871628e-01	-4.431245718722127e-02	1121
9.730584647741488e-01	-4.030176220062159e-02	1122
7.784546146410449e-01	-1.135089502451818e-01	1123
9.992219141217437e-01	-1.356003333630903e-02	1124
4.604400437838349e-01	-1.519807174405720e-01	1125
4.767689659778850e-01	-1.514819854856651e-01	1126
4.279509740924508e-01	-1.524875809830160e-01	1127
4.441449635786988e-01	-1.523002701628309e-01	1128
9.539271396103195e-01	-5.233377926122406e-02	1129
9.607899474192622e-01	-4.832966485551168e-02	1130
1.368189869643137e-01	-1.229918753632916e-01	1131
1.489128648673902e-01	-1.260961211351495e-01	1132
9.876249582505809e-01	-2.837608855110483e-02	1133
9.913867410100060e-01	-2.450463819471688e-02	1134
7.577883298734239e-01	-1.181997932201129e-01	1135
1.027433649479374e-01	-1.131155905980700e-01	1136
1.139982818769385e-01	-1.164893288080347e-01	1137
1.251066290428418e-01	-1.197318101075611e-01	1138
5.824326614071478e-01	-1.449587218707880e-01	1139
2.998521307967429e-02	-7.736295723499548e-02	1140
3.754516245564855e-02	-8.262041498245765e-02	1141
4.577423328273093e-02	-8.742235044258659e-02	1142
5.382645913046964e-02	-9.179814373125654e-02	1143
3.324336673358655e-01	-1.502241193441520e-01	1144
3.480240655447591e-01	-1.510123453068768e-01	1145
3.638125671392820e-01	-1.516146075706886e-01	1146
3.796898481938078e-01	-1.520735050747117e-01	1147
3.956566073922562e-01	-1.523700366322344e-01	1148
1.742654184234663e-01	-1.317655330561543e-01	1149
1.874187887266258e-01	-1.342999982388198e-01	1150
2.007905685472061e-01	-1.366591579188077e-01	1151
2.144621120001579e-01	-1.388464782332026e-01	1152
2.284126840587596e-01	-1.408887295407429e-01	1153
9.813184638353932e-01	3.022736960779126e-02	1154
9.762313676853925e-01	3.360097968545311e-02	1155
9.706451027411388e-01	3.698445947324782e-02	1156
4.755386501912771e-01	1.421858897070080e-01	1157
4.591569630936783e-01	1.423771017617102e-01	1158
4.428716915871345e-01	1.423478539187253e-01	1159
4.266271584293501e-01	1.421616123385259e-01	1160
4.104767586924845e-01	1.417852706132763e-01	1161
4.932400991810236e-02	7.558741348209055e-02	1162
4.116019258832485e-02	7.156731585688397e-02	1163
2.569081247478001e-01	1.293091103650584e-01	1164
2.425752334645430e-01	1.274899538535910e-01	1165
1.273568578397943e-01	1.039097470933278e-01	1166
1.165076125184375e-01	1.009400084970827e-01	1167
1.054928432425070e-01	9.793768440875847e-02	1168
9.189897596584793e-01	6.093480847382084e-02	1169
9.099052833463973e-01	6.449347244934683e-02	1170
9.004394270382826e-01	6.802524081420491e-02	1171
8.905278919490400e-01	7.162520972391374e-02	1172
8.802031372843928e-01	7.519202653489611e-02	1173
8.695082431783935e-01	7.876313960413620e-02	1174
8.584171320793231e-01	8.230525604323385e-02	1175
8.410631311560706e-01	8.764754740654915e-02	1176
8.229905413469765e-01	9.290346922013203e-02	1177
8.040162122873418e-01	9.803639262073434e-02	1178
7.501238115962410e-01	1.111981424625002e-01	1179
7.214196536466221e-01	1.171961896881948e-01	1180
6.916545368715791e-01	1.227063311852356e-01	1181
6.296810226700241e-01	1.318744106901660e-01	1182
5.977624405699933e-01	1.354290829708899e-01	1183
2.284216391874777e-01	1.252961872894913e-01	1184
2.147349419306188e-01	1.230270622625314e-01	1185
2.013464731082459e-01	1.205979161645602e-01	1186
1.882645806449800e-01	1.181433168615192e-01	1187
1.754161019233375e-01	1.155264937201420e-01	1188
1.628539816787384e-01	1.128069446103124e-01	1189
1.506232391842450e-01	1.099348348588397e-01	1190
3.359276221059755e-02	6.712985429424878e-02	1191
2.675167236189068e-02	6.263708968456184e-02	1192
8.242860804725657e-01	-1.018724928043759e-01	1193
8.365862522508638e-01	-9.833487082773712e-02	1194
8.485091506882246e-01	-9.478199430341763e-02	1195
4.930877909676899e-01	-1.508138282225908e-01	1196
5.175305460781785e-01	-1.495556683735358e-01	1197
2.059819657292132e-02	5.843429409358786e-02	1198
1.443073758507049e-02	5.380488088567911e-02	1199
8.986204851793425e-03	4.884782548013502e-02	1200
9.483658985360291e-02	9.447511661816548e-02	1201
8.477075256016080e-02	9.086108583863906e-02	1202
7.516847098622582e-02	8.712383468009130e-02	1203
6.599662387307023e-02	8.325767368942529e-02	1204
5.731327961070484e-02	7.929925742861142e-02	1205
3.943689942916892e-01	1.412286213296431e-01	1206
3.784802292873188e-01	1.405161181034846e-01	1207
3.626484519343571e-01	1.396684731941107e-01	1208
3.469045887592823e-01	1.386453729120627e-01	1209
9.437125565495953e-01	5.054293498585478e-02	1210
9.358917531635853e-01	5.397530799820550e-02	1211
6.144753958488658e-01	-1.416100882649113e-01	1212
6.459703536999032e-01	-1.376932614882742e-01	1213
2.428006066904402e-01	-1.427220914865867e-01	1214
2.573534601751861e-01	-1.442154721767624e-01	1215
2.718225153260185e-01	-1.456440649943026e-01	1216
2.866383193393912e-01	-1.470258175338619e-01	1217
9.998660821683207e-01	-2.564992416184214e-03	1218
9.997896662323759e-01	2.544878407051612e-03	1219
-1.020699272442846e-02	-4.520813042414031e-02	1220
-1.467374826228091e-02	3.345043895378027e-03	1221
1.000823292899834e+00	-5.403354487409354e-04	1222
9.899387007841747e-01	-3.551313581364768e-02	1223
9.981068383529454e-01	2.096502619660371e-02	1224
-1.754575413176748e-02	1.836476253565037e-02	1225
9.722962747404486e-01	4.693783780403644e-02	1226
1.001116178346209e+00	-8.260683077117531e-03	1227
9.967892355789224e-01	-2.594077376644381e-02	1228
-1.964773731669053e-02	-1.317756753033776e-02	1229
1.388913122511736e-02	-7.696430598895748e-02	1230
-6.670315618093653e-03	-5.157464341885085e-02	1231
3.300812359402599e-01	1.600649995171030e-01	1232
1.000805860848106e+00	5.661972698093477e-04	1233
-7.266566861053609e-03	4.071483052503534e-02	1234
-1.574923429510707e-02	2.400223311457996e-02	1235
-2.451670782051626e-03	-5.799374278824092e-02	1236
9.855791907605916e-01	-4.039162330457623e-02	1237
5.356566298960757e-01	-1.733962010218184e-01	1238
9.953522232084188e-01	2.521206362146660e-02	1239
3.156033263016352e-01	-1.718569236554527e-01	1240
9.557911691091533e-01	-6.449828387421852e-02	1241
9.442957806049607e-01	-7.169939593720272e-02	1242
6.335576164202718e-01	-1.637222856302991e-01	1243
9.162473094386851e-02	-1.258891693841238e-01	1244
1.701916652003449e-01	-1.505525664009740e-01	1245
-1.763115365785178e-02	-2.649310802047142e-02	1246
4.282943896528579e-01	-1.761372176581525e-01	1247
7.070288417036116e-02	-1.160114455183587e-01	1248
8.083191443087039e-02	-1.210259923330287e-01	1249
1.231730821270395e-01	1.203670615774587e-01	1250
9.878487358536333e-01	3.398422860164722e-02	1251
9.325173718671107e-01	7.005789118692608e-02	1252
-1.871567065083885e-02	1.175680528721733e-02	1253
-3.419860611056717e-03	4.632790291030326e-02	1254
9.806888857389442e-01	-4.521147606970488e-02	1255
1.000409655197574e+00	1.223045933052611e-03	1256
9.919523901834248e-01	2.963097340544067e-02	1257
-9.841778453570186e-03	-3.893069666617120e-04	1258
-1.902641138310657e-02	-2.031046069663057e-02	1259
9.992314165920955e-01	-2.140719451769119e-02	1260
7.517738329730265e-01	-1.420192939556854e-01	1261
5.055480310123071e-01	1.660112143039419e-01	1262
4.763680730112895e-01	1.657222964135351e-01	1263
1.000258831493105e+00	1.679058008849961e-02	1264
1.001104377333983e+00	1.796732399148794e-05	1265
1.000770891132150e+00	8.200500419220300e-03	1266
-1.488521367641583e-02	-4.293862540946868e-03	1267
1.000446297923357e+00	-1.211886934420734e-03	1268
2.003621084377718e-02	-8.274627827347630e-02	1269
-1.567024214662822e-02	-3.270334430331700e-02	1270
-1.319578515399526e-02	-3.888789558228938e-02	1271
5.632990294424985e-01	1.629497971739911e-01	1272
7.816005120227608e-03	-7.103536072858914e-02	1273
9.660860192823062e-01	5.119226483381404e-02	1274
9.593988717357458e-01	5.541263684163055e-02	1275
5.344408569748876e-01	1.646351184648085e-01	1276
2.990971645286092e-01	1.567534486285254e-01	1277
2.691358426431412e-01	1.525290831343977e-01	1278
7.262199967250920e-01	-1.476874405819096e-01	1279
-1.058897031098234e-02	3.510932939012948e-02	1280
-1.341274401440707e-02	2.959193037712197e-02	1281
2.124135487080619e-03	-6.419658687812883e-02	1282
8.766861236307744e-01	-1.032994690418374e-01	1283
8.982050353655968e-01	-9.466676039454479e-02	1284
6.107092720149174e-02	-1.108177597814299e-01	1285
9.180375121714490e-01	-8.565444353286274e-02	1286
9.317641272286461e-01	-7.878139153809305e-02	1287
9.752374288918145e-01	-5.005893255061830e-02	1288
1.001100076257303e+00	-1.701849838306659e-02	1289
4.612457519176449e-01	-1.757798179451792e-01	1290
9.627516402911780e-01	-5.972118175779528e-02	1291
9.692503448085751e-01	-5.489921131268033e-02	1292
1.443427411843578e-01	-1.436623584470658e-01	1293
9.937189195784017e-01	-3.072163382016527e-02	1294
7.730269755536892e-01	-1.367781040313839e-01	1295
7.968323513072281e-01	-1.303487930731091e-01	1296
1.089232358754319e-01	-1.322309768425204e-01	1297
1.259583359774172e-01	-1.379453979874609e-01	1298
5.685528183063731e-01	-1.710311645364425e-01	1299
2.720475778719581e-02	-8.900126458705593e-02	1300
3.544964407734814e-02	-9.518445008740120e-02	1301
4.369971115346565e-02	-1.003168396293321e-01	1302
5.195077058668424e-02	-1.054634272876380e-01	1303
3.471098723530701e-01	-1.740302798478392e-01	1304
3.792602575688448e-01	-1.754067844235231e-01	1305
4.036535702973561e-01	-1.760614093573387e-01	1306
1.972541915925766e-01	-1.564360725762718e-01	1307
2.254569316475643e-01	-1.616515561148099e-01	1308
9.831770247191024e-01	3.836758567768430e-02	1309
9.780032661508317e-01	4.265534120522851e-02	1310
4.432141212158018e-01	1.658086635492587e-01	1311
4.103400782316343e-01	1.651228305673386e-01	1312
3.981029098636422e-02	8.416147390327525e-02	1313
2.401067713634595e-01	1.485543281968977e-01	1314
1.067051145617254e-01	1.153100017527790e-01	1315
8.181740913458311e-01	1.147707852710413e-01	1316
9.148146906600428e-01	7.832284338419383e-02	1317
8.954064475937402e-01	8.663947026749320e-02	1318
8.743131320813476e-01	9.485687547697108e-02	1319
8.546711436135517e-01	1.027575430155156e-01	1320
8.368761587761846e-01	1.088150482769570e-01	1321
7.953698948319887e-01	1.214997884710528e-01	1322
7.682304341678345e-01	1.289422510746546e-01	1323
7.398232456992017e-01	1.359261664565890e-01	1324
7.103201059707887e-01	1.423604937849710e-01	1325
6.798106170339406e-01	1.481651213807027e-01	1326
6.484731650052393e-01	1.532482969466157e-01	1327
6.164923966588208e-01	1.575648536985205e-01	1328
5.881126201310346e-01	1.607761762060224e-01	1329
2.117175186765581e-01	1.431658916984467e-01	1330
1.848902155868927e-01	1.374240673591299e-01	1331
1.653922092722706e-01	1.327122843549901e-01	1332
1.527193551012919e-01	1.293486704581382e-01	1333
1.404606652305396e-01	1.257949297329019e-01	1334
3.156876460613194e-02	7.886664220708073e-02	1335
2.431012759027606e-02	7.344582387918155e-02	1336
8.199096644051099e-01	-1.236516915054635e-01	1337
8.416832794521046e-01	-1.157700031570962e-01	1338
8.596516768589587e-01	-1.096929074613178e-01	1339
4.861121079506976e-01	-1.749733923699377e-01	1340
5.069085817044383e-01	-1.751152419490805e-01	1341
1.802784013940369e-02	6.842162069769565e-02	1342
1.181031336258405e-02	6.331573911383073e-02	1343
5.904960168964376e-03	5.737669243505109e-02	1344
1.082275070830421e-03	5.194705973086428e-02	1345
9.528016268583184e-02	1.112292208829204e-01	1346
8.465400145992184e-02	1.068879770162843e-01	1347
7.466213087147416e-02	1.024141461538394e-01	1348
6.515093148726793e-02	9.779234761820425e-02	1349
5.614917334682076e-02	9.304085736785579e-02	1350
4.797044065725827e-02	8.856143725629015e-02	1351
3.778983408356859e-01	1.635444641322162e-01	1352
3.538423912962230e-01	1.621524040813511e-01	1353
9.522915851649831e-01	5.960937006850328e-02	1354
9.447232086717479e-01	6.377931531265908e-02	1355
6.013881604815250e-01	-1.677597364220054e-01	1356
6.651621817000150e-01	-1.590279046542456e-01	1357
6.961132501204006e-01	-1.536682366134168e-01	1358
2.550344867577846e-01	-1.655390181696817e-01	1359
2.847218018177786e-01	-1.690025704261026e-01	1360
1.001256269199773e+00	1.418274441894760e-02	1361
1.000505808990945e+00	-2.481297153083302e-03	1362
1.000286956435959e+00	-3.369623951335794e-03	1363
1.000685896048665e+00	6.713395247567305e-03	1364
3.624400602343138e-02	-1.117819554441297e-01	1365
1.001458920318456e+00	2.003462668367462e-02	1366
1.001099633143580e+00	3.694679540314434e-04	1367
1.001656201324429e+00	-9.885883424690475e-03	1368
-1.794786016747857e-02	-4.498927167910685e-02	1369
-7.323690551855451e-03	-6.625174142338264e-02	1370
1.000954298289850e+00	-6.755347032459624e-03	1371
1.001943212715330e+00	-1.430945545264503e-02	1372
-1.488239070915652e-02	4.121318859728603e-02	1373
-2.332819273972129e-02	1.576987654884572e-02	1374
-2.459384629386045e-02	-1.729964008249726e-02	1375
9.861870576263251e-01	4.715861321876995e-02	1376
7.683759742004380e-01	-1.629275153646191e-01	1377
3.404655202703364e-01	1.872387182107310e-01	1378
1.001219405270904e+00	9.825096508833229e-03	1379
9.319227232432087e-01	-9.618987269791303e-02	1380
3.442850129534793e-03	-8.139002739497347e-02	1381
4.127909799272553e-02	1.004951607732210e-01	1382
-1.158229644540533e-02	4.755095292358000e-02	1383
-1.502709101812479e-02	-5.200193851272364e-02	1384
4.161100660795296e-01	-2.035146594309184e-01	1385
9.660192590972968e-01	-7.208247320657389e-02	1386
6.536573992109085e-01	-1.879221551300926e-01	1387
5.545209015572433e-01	-1.998892767682060e-01	1388
9.932890493914092e-01	-4.306136093861743e-02	1389
9.968865405436480e-01	-3.725191366829507e-02	1390
9.323379094300007e-03	-8.771448536207713e-02	1391
1.572876369522792e-02	-9.456187614262096e-02	1392
1.000803056488845e+00	1.011096976102600e-03	1393
9.980918030562042e-01	3.077405886100509e-02	1394
1.000739603075237e+00	2.563801364204392e-02	1395
9.752075488416604e-01	5.779342809312116e-02	1396
2.815279060878318e-01	1.795296368504308e-01	1397
5.783521643891639e-01	1.890309498890463e-01	1398
7.164381388582001e-01	-1.758186681548778e-01	1399
5.829260568624638e-02	-1.268200409134695e-01	1400
1.000174728053504e+00	3.352882488020382e-03	1401
1.000425008427308e+00	2.483061026331379e-03	1402
-1.378682004147056e-02	1.354405181285901e-05	1403
9.890452426612851e-01	-4.898589840915180e-02	1404
9.809817746785932e-01	5.247797334124529e-02	1405
1.001111222838023e+00	-3.337271965103089e-04	1406
9.998444644543183e-01	-3.138616445743902e-02	1407
-2.206197061553674e-02	2.270716025911815e-02	1408
-1.147235286029241e-02	-5.924732477159313e-02	1409
5.233247373437128e-01	-2.020340163875167e-01	1410
-2.388450993978763e-02	-2.473046992816016e-02	1411
6.828468143441321e-02	-1.329015526286167e-01	1412
7.892581820190953e-02	-1.388106246026879e-01	1413
9.947471815400862e-01	3.628452682491027e-02	1414
-1.961673042719468e-02	5.827732257131939e-03	1415
9.841624824010116e-01	-5.479793191871937e-02	1416
1.002136456819910e+00	-2.598351392839205e-02	1417
7.446187217742115e-01	-1.691821724350655e-01	1418
-2.008045035259940e-02	-6.901492950848907e-03	1419
1.000834963177634e+00	-9.864922326070595e-04	1420
4.886171391406938e-02	-1.205656040790291e-01	1421
-2.246966691167153e-02	-3.148535973713815e-02	1422
-2.049212677642315e-02	-3.824301115087954e-02	1423
5.218260079463934e-01	1.926890393703908e-01	1424
-2.476363468204489e-03	-7.362362419932625e-02	1425
9.688877348847111e-01	6.305643034737406e-02	1426
5.508911620353506e-01	1.910577873953297e-01	1427
3.128054003283385e-01	1.840678660539787e-01	1428
6.055104739763877e-01	1.860433252456262e-01	1429
-1.781088139029339e-02	3.510254074998084e-02	1430
-2.020403402618149e-02	2.893552041689552e-02	1431
8.944104774028244e-01	-1.160049882516232e-01	1432
9.152208284877896e-01	-1.055545762296085e-01	1433
9.451450213450054e-01	-8.781116925648869e-02	1434
9.569975464780017e-01	-7.932251300545505e-02	1435
1.002505444173914e+00	-2.024049374565077e-02	1436
4.454060311685829e-01	-2.035721833261431e-01	1437
9.726492539990772e-01	-6.643489739909537e-02	1438
9.786887145127602e-01	-6.063443867240419e-02	1439
3.909224193015665e-01	-2.028930726965333e-01	1440
8.383078971434567e-01	-1.399041813956481e-01	1441
8.573513482338693e-01	-1.321542902808652e-01	1442
7.912192397394324e-01	-1.562046554118921e-01	1443
9.363094374558875e-02	-1.457253016799895e-01	1444
1.110602368143401e-01	-1.526133128503330e-01	1445
1.288454996453404e-01	-1.594393720287177e-01	1446
2.351003331147650e-02	-1.020390249288226e-01	1447
3.295862684596582e-01	-1.991378284417130e-01	1448
3.621825012931602e-01	-2.015036710837603e-01	1449
1.513529612577233e-01	-1.670846890152602e-01	1450
1.785437934866504e-01	-1.749268659401949e-01	1451
6.854394128798399e-01	-1.822515674725105e-01	1452
9.907838314603422e-01	4.169197640920958e-02	1453
4.912768607756899e-01	1.932146392856797e-01	1454
4.606824319010026e-01	1.930004890862800e-01	1455
1.094917585574293e-01	1.356094592529695e-01	1456
9.300433921101472e-01	8.862418400064721e-02	1457
9.114835352695111e-01	9.852945851638412e-02	1458
8.335971225179504e-01	1.326186181433664e-01	1459
8.911150895271753e-01	1.083270222328912e-01	1460
8.713465889024683e-01	1.174217975876168e-01	1461
8.519987776946971e-01	1.257032093672394e-01	1462
8.125745419556316e-01	1.399058819807920e-01	1463
7.873864148098951e-01	1.479496110594919e-01	1464
7.592902963328144e-01	1.561231023069194e-01	1465
7.299796325453429e-01	1.636785831456561e-01	1466
6.995739853754083e-01	1.705425986397215e-01	1467
6.682078407241482e-01	1.766319293802451e-01	1468
6.360930699789336e-01	1.818661300516485e-01	1469
2.520964546502132e-01	1.748196622591717e-01	1470
2.222336620215541e-01	1.691781123723189e-01	1471
1.941397368743401e-01	1.624923825947963e-01	1472
1.703732658677307e-01	1.561332455298327e-01	1473
1.478438239852596e-01	1.479466472913877e-01	1474
1.262462962685907e-01	1.416216983658800e-01	1475
2.867325682314775e-02	9.205600552909314e-02	1476
2.075859021679665e-02	8.544286309985107e-02	1477
8.148324766039617e-01	-1.486561922684784e-01	1478
8.751683094195577e-01	-1.247815300571410e-01	1479
4.748875266654461e-01	-2.030974452542356e-01	1480
4.966052999480736e-01	-2.028488255774757e-01	1481
1.417615762497530e-02	7.935659954892077e-02	1482
8.114830473278958e-03	7.377318323597092e-02	1483
1.945177710631248e-03	6.689966108529681e-02	1484
-3.196407774271619e-03	6.032583687791002e-02	1485
-7.665257817444009e-03	5.406267462080915e-02	1486
9.496263293770282e-02	1.300639421787639e-01	1487
8.347959029149504e-02	1.248366949067561e-01	1488
7.294801814576789e-02	1.194720506314287e-01	1489
6.305234508477722e-02	1.139707523315414e-01	1490
5.367694687825990e-02	1.082990819813553e-01	1491
4.271272453623368e-01	1.925384251434906e-01	1492
3.937799736326241e-01	1.911142014500980e-01	1493
3.651308175953259e-01	1.893348936746089e-01	1494
9.583621630155436e-01	7.054512250904234e-02	1495
9.450739934435195e-01	7.975624216018309e-02	1496
5.881271718564011e-01	-1.968847358330394e-01	1497
6.212608313431526e-01	-1.928144328486252e-01	1498
2.067331835625819e-01	-1.817397323192146e-01	1499
2.367706982750969e-01	-1.874936444480738e-01	1500
2.668054423717219e-01	-1.918991107489417e-01	1501
2.977267031202074e-01	-1.959046107198708e-01	1502
1.000830037671533e+00	3.070437495022738e-03	1503
1.000341207284607e+00	-5.154320635822363e-03	1504
9.996168905118316e-01	-5.748571995357461e-03	1505
1.000282393873292e+00	1.156814295203814e-02	1506
-2.727038437372365e-02	2.744900088715391e-02	1507
1.000154127892618e+00	5.113330645895043e-03	1508
-2.305439366143296e-02	4.114607879619176e-02	1509
9.773399503125170e-01	-7.879884484245218e-02	1510
1.001184882858928e+00	-7.414976805687834e-04	1511
1.003627958784275e+00	-1.633411942774197e-02	1512
1.005248675034245e+00	-1.711886429119549e-02	1513
9.936886015320621e-01	-5.798146141397136e-02	1514
1.000787240760897e+00	1.454147926983841e-03	1515
9.903877684108038e-01	5.642247792495387e-02	1516
2.633494828226227e-01	2.043506748635769e-01	1517
1.002537083039841e+00	-8.692068478396115e-03	1518
1.002079874017422e+00	-7.398414261660829e-03	1519
-1.328926095566561e-02	-7.530159004899512e-02	1520
1.001159435959834e+00	7.786113884221819e-04	1521
-1.693993993910670e-02	5.497227413589720e-02	1522
1.323970934096254e-01	-1.842392727310283e-01	1523
3.335462861497700e-02	-1.286334404857908e-01	1524
9.473219181898727e-01	-1.059011710487263e-01	1525
7.874771311453357e-01	-1.850099971418793e-01	1526
1.000810233410100e+00	-1.170509193296416e-02	1527
1.001765926339092e+00	7.397470080485333e-03	1528
1.002152675800683e+00	8.693420684498967e-03	1529
1.000834063529934e+00	-1.432151197092386e-03	1530
-2.368649148148655e-02	-5.145804206455281e-02	1531
5.672329703841288e-01	2.204889734261238e-01	1532
6.751192797247791e-01	-2.142734812289485e-01	1533
4.309832526541511e-01	-2.342138631929186e-01	1534
5.954877608986322e-01	2.177007713829587e-01	1535
9.456885348143214e-01	9.845092560181040e-02	1536
9.094119696913522e-01	1.214342327518057e-01	1537
3.242572305896717e-01	2.143927526454845e-01	1538
2.663918295469216e-02	1.081650377395356e-01	1539
5.112581845251630e-01	-2.334623512830125e-01	1540
-2.016512598927382e-02	4.777322067614115e-02	1541
1.002634659187533e+00	2.984603309340749e-02	1542
5.414630280657473e-01	-2.318766226296241e-01	1543
9.994136811734738e-01	5.669095344159581e-03	1544
1.002810275153253e+00	1.626478828218986e-02	1545
1.004370961280064e+00	1.712664321505974e-02	1546
1.000937296275579e+00	-3.059597070688250e-03	1547
-2.856509617674432e-02	2.010196592215578e-02	1548
3.511349814496861e-01	2.175596429798246e-01	1549
1.001471847161259e+00	1.989332415065738e-04	1550
1.001477891587872e+00	-1.504595955385308e-04	1551
-8.206478907554795e-03	-8.392769392969632e-02	1552
-1.742076127486590e-02	-6.740675320374483e-02	1553
4.029639007010771e-01	-2.336087507829547e-01	1554
9.978031938778842e-01	-5.089787666122566e-02	1555
1.000975586636692e+00	-4.390094584962579e-02	1556
-2.360340473671257e-03	-9.249017485744682e-02	1557
3.373189471772941e-03	-9.942919600894529e-02	1558
1.000819061401999e+00	2.085207834848931e-03	1559
9.948945035293878e-01	4.976269627664872e-02	1560
9.853144190502681e-01	6.293822146580889e-02	1561
2.941037472766617e-01	2.098075759488024e-01	1562
7.071468840799147e-01	-2.073832400508082e-01	1563
4.925477421450578e-02	-1.406054334949264e-01	1564
1.003912648815046e+00	-3.720849732114835e-02	1565
-2.088963817703178e-02	-5.930065418678584e-02	1566
-3.017494423501536e-02	-2.166228157652427e-02	1567
6.477439527876462e-02	-1.510477968927898e-01	1568
7.768778319402496e-02	-1.594741632741086e-01	1569
1.001835568370215e+00	3.677101582032682e-02	1570
-2.432591024738006e-02	9.606459928823681e-03	1571
-1.811072840466447e-02	-2.382980445060926e-03	1572
1.004292778383982e+00	-3.012505351996497e-02	1573
7.372632145888527e-01	-1.999190888672933e-01	1574
7.636845596081948e-01	-1.925208021236748e-01	1575
-1.990655295709486e-02	-4.590529763586004e-04	1576
-2.510203071557688e-02	-1.079886964520891e-02	1577
1.000888701942638e+00	-2.066194141915097e-03	1578
-2.944715653357735e-02	-2.947814060203580e-02	1579
-2.816968920290179e-02	-3.685652177286761e-02	1580
-2.616441004690177e-02	-4.424616169762777e-02	1581
5.385643931652784e-01	2.223286730255365e-01	1582
9.795714402710830e-01	6.943418883505129e-02	1583
-2.551058379409869e-02	3.432504267882804e-02	1584
9.136354385299799e-01	-1.281636898345131e-01	1585
9.323583747087528e-01	-1.164699182562590e-01	1586
9.597772955217539e-01	-9.581268611485315e-02	1587
9.700213712851866e-01	-8.641382112737515e-02	1588
9.835788074136813e-01	-7.190979867490745e-02	1589
9.889795735205362e-01	-6.494214054049553e-02	1590
8.567538500634719e-01	-1.575608924889745e-01	1591
8.352975205067296e-01	-1.671582560723060e-01	1592
9.439573913369469e-02	-1.679293840839456e-01	1593
1.119372450193020e-01	-1.755654177673308e-01	1594
1.029777901094484e-02	-1.076682110451481e-01	1595
2.084472104668115e-02	-1.181541721051424e-01	1596
3.438260536010116e-01	-2.297635127119873e-01	1597
3.752529284605334e-01	-2.322126590305145e-01	1598
1.578316527434582e-01	-1.936281445983279e-01	1599
9.984789988397460e-01	4.313171221460362e-02	1600
5.076872968172987e-01	2.234757268392052e-01	1601
4.765065211200535e-01	2.235456988019892e-01	1602
9.289440403831619e-01	1.097074868619528e-01	1603
8.895925489131656e-01	1.323587851098616e-01	1604
8.700093550669054e-01	1.424386616126968e-01	1605
8.506064708060097e-01	1.514108615238133e-01	1606
8.305965597919033e-01	1.596447639058710e-01	1607
8.071709347143355e-01	1.684496192149112e-01	1608
7.801902930838805e-01	1.776917925392820e-01	1609
7.510184246328210e-01	1.866296254868728e-01	1610
7.206536921818388e-01	1.947923962904280e-01	1611
6.892104861537331e-01	2.020922642930742e-01	1612
6.568714554161867e-01	2.084517356543692e-01	1613
6.249851948464143e-01	2.137063665814989e-01	1614
2.329932411401620e-01	1.983888669854058e-01	1615
1.516514127544298e-01	1.740377105070132e-01	1616
1.309431380230588e-01	1.659625406961718e-01	1617
2.029268827426781e-01	1.908967171922624e-01	1618
1.764175404314164e-01	1.830957040009260e-01	1619
1.108611978332393e-01	1.583161921418802e-01	1620
1.606842221906883e-02	9.877373832606985e-02	1621
8.109991297343158e-01	-1.767793187214796e-01	1622
8.748519886914541e-01	-1.489476012854346e-01	1623
8.935865444011443e-01	-1.394465491739015e-01	1624
4.609664449312955e-01	-2.341823752511479e-01	1625
4.863774016000860e-01	-2.339345573411644e-01	1626
8.943047630643668e-03	9.133482491363838e-02	1627
3.003377084430690e-03	8.506599564077041e-02	1628
-3.135506904608935e-03	7.735912695507904e-02	1629
-8.564041850660710e-03	6.955665011175741e-02	1630
-1.305949697350189e-02	6.237708981645993e-02	1631
9.500690657582964e-02	1.516915959317715e-01	1632
8.137492049844053e-02	1.445942590538305e-01	1633
7.015236775118450e-02	1.378764865958810e-01	1634
5.973066551871051e-02	1.314792417883192e-01	1635
4.981115543556431e-02	1.251205739526304e-01	1636
3.903786896826747e-02	1.174742028040573e-01	1637
4.444031953941440e-01	2.230644197112266e-01	1638
4.101691348377544e-01	2.218631578950293e-01	1639
3.785361838537952e-01	2.199101783472731e-01	1640
9.712188837624384e-01	7.747597822493905e-02	1641
9.599674047983755e-01	8.734276716135793e-02	1642
5.745256964805020e-01	-2.292348664412520e-01	1643
6.088617901908158e-01	-2.252857289169034e-01	1644
6.423691022756801e-01	-2.202430506425782e-01	1645
1.862772107044844e-01	-2.025670168697189e-01	1646
2.164126762759459e-01	-2.103358580877642e-01	1647
2.475440082223349e-01	-2.166052809727979e-01	1648
2.785092995855658e-01	-2.216484830676204e-01	1649
3.107052570197537e-01	-2.261937947687987e-01	1650
-3.455543339956205e-02	2.473899114638161e-02	1651
1.000475640106857e+00	-4.338729383879061e-03	1652
1.006105742459918e+00	3.376668988541699e-02	1653
-3.287199225911314e-02	-5.058071819874796e-02	1654
1.003522712813578e+00	1.411972350625702e-02	1655
9.999444897174963e-01	5.801824832760388e-02	1656
3.629240391897161e-01	2.515448030845686e-01	1657
8.569693511805143e-01	-1.864175281052448e-01	1658
-2.050067786479354e-02	-8.518534403497650e-02	1659
1.001246811128271e+00	1.748152463153635e-03	1660
9.629333779520795e-01	1.061982706734949e-01	1661
1.000321542835858e+00	4.316041350975155e-03	1662
-2.439010943479871e-02	3.454355273463523e-03	1663
1.003161540292771e+00	-1.007861759420424e-02	1664
1.000978135486973e+00	-3.977650278182940e-03	1665
8.335490270552512e-01	-1.977314559127276e-01	1666
-2.961220107776946e-02	1.341525065640253e-02	1667
1.001072581177298e+00	-2.619530847753535e-03	1668
1.001743768352790e+00	6.239686468907668e-03	1669
-3.057972209281952e-02	-5.827800053357279e-02	1670
8.089910251453444e-01	-2.081949310305285e-01	1671
4.463004313610160e-01	-2.684785084485118e-01	1672
9.897779988258776e-01	-8.390960280884173e-02	1673
1.357889662594009e-01	-2.125505749867321e-01	1674
4.164712242423716e-01	-2.679334094125711e-01	1675
9.959056996406678e-01	6.593950491138320e-02	1676
9.475030131783359e-01	1.197635776594290e-01	1677
5.555150523136290e-01	2.553651210179740e-01	1678
2.432014365798684e-01	2.310837981392703e-01	1679
9.506180986772472e-01	-1.264670019353071e-01	1680
-2.352947179198471e-02	6.292152234425834e-02	1681
2.117024424787710e-01	2.229590343627118e-01	1682
5.850222619829447e-01	2.529458468124639e-01	1683
1.000833140616168e+00	3.979154935495044e-03	1684
1.002698070912962e+00	1.009016200382439e-02	1685
1.002000554737790e+00	-6.227021929116240e-03	1686
1.004219699213477e+00	-1.411975967760017e-02	1687
1.005041521069454e+00	-2.329803268447545e-02	1688
1.000980766665291e+00	2.639950097356968e-03	1689
1.002241868898490e+00	1.190371285731434e-02	1690
1.001193057005998e+00	1.234747972020023e-03	1691
1.003381671917286e+00	-7.666988303355418e-03	1692
1.001306970656832e+00	-1.711867933626088e-03	1693
-2.462122235274427e-02	-7.608859308038421e-02	1694
1.001477412356916e+00	5.756870745263984e-04	1695
1.001496569354201e+00	-5.272698453034297e-04	1696
1.001887442151153e+00	3.155446315282614e-05	1697
1.001234416596445e+00	-1.197908141358482e-03	1698
9.294471163199343e-01	1.334838539222317e-01	1699
3.347989182915866e-01	2.481804891532599e-01	1700
-2.660778956279979e-02	5.477278424719778e-02	1701
-2.933467865399550e-02	4.760456820223771e-02	1702
5.285616067786642e-01	-2.672286177395103e-01	1703
1.004830392421863e+00	2.635062366528861e-02	1704
1.003801580656508e+00	2.318357702737650e-02	1705
1.002802296435536e+00	-1.194058069424960e-02	1706
1.003039646934045e+00	7.723296310342164e-03	1707
-2.798008065582958e-02	-6.703977081620940e-02	1708
1.003234190426453e+00	-5.887456333985582e-02	1709
1.006083567722688e+00	-5.050411201213690e-02	1710
-1.540506495126455e-02	-9.488456675684508e-02	1711
-6.727272827333589e-03	-1.081662032426614e-01	1712
1.629245575418361e-02	-1.357413077771176e-01	1713
3.053918711926575e-01	2.435369831722846e-01	1714
2.742866481975736e-01	2.375903710434308e-01	1715
6.983720974287237e-01	-2.427752457547414e-01	1716
1.006949271172447e+00	-4.256836968072834e-02	1717
3.040834819433668e-02	-1.483483907041696e-01	1718
4.597889638812955e-02	-1.613857883288772e-01	1719
5.968783525170528e-02	-1.721768554384663e-01	1720
-3.070064330782109e-02	-1.463329046922429e-02	1721
1.007987063018139e+00	-3.388019944513436e-02	1722
1.006266433315324e+00	-2.644204381618711e-02	1723
7.301834646356995e-01	-2.345440481575558e-01	1724
7.590729661188154e-01	-2.259842692784256e-01	1725
7.848206631674359e-01	-2.173392388112075e-01	1726
-2.520807745920521e-02	-5.260824531400726e-03	1727
-3.651735678734735e-02	-2.625919248133269e-02	1728
-3.593435616665684e-02	-3.443472587535140e-02	1729
-3.469023715115554e-02	-4.261545927396978e-02	1730
9.911145053572861e-01	7.385080951432858e-02	1731
-3.163037567896046e-02	4.016342087416083e-02	1732
-3.340044688332382e-02	3.247992576388686e-02	1733
9.338733615519302e-01	-1.396682956459241e-01	1734
9.642199499721004e-01	-1.141046544856050e-01	1735
9.752458806171540e-01	-1.024828985544687e-01	1736
9.836679356229480e-01	-9.229341976299983e-02	1737
9.952371922822598e-01	-7.547132011927299e-02	1738
9.996246939857779e-01	-6.716552340465662e-02	1739
7.577414861998752e-02	-1.829219392715906e-01	1740
9.356107000333658e-02	-1.926166137363754e-01	1741
1.123608400666606e-01	-2.017097028944282e-01	1742
4.853853454292359e-03	-1.232485144292732e-01	1743
3.570627492598988e-01	-2.640343557314250e-01	1744
3.875783064042554e-01	-2.665302724476168e-01	1745
1.004544278929987e+00	4.225484784565064e-02	1746
1.003239584381407e+00	4.996975215164540e-02	1747
5.249771586536894e-01	2.569307086099640e-01	1748
4.928772658405661e-01	2.575189054183444e-01	1749
9.099027155451636e-01	1.467795770544340e-01	1750
8.903238760214224e-01	1.589816579756453e-01	1751
8.705033937645289e-01	1.702025883898449e-01	1752
8.502584671689283e-01	1.803559934132741e-01	1753
8.281339247873823e-01	1.902676233612453e-01	1754
8.025154543357461e-01	2.006526271898255e-01	1755
7.739164685167319e-01	2.110759473713729e-01	1756
7.435098333725310e-01	2.208417553446816e-01	1757
7.118973552667933e-01	2.296439094932268e-01	1758
6.792473920927563e-01	2.373918932029533e-01	1759
6.464030304240612e-01	2.439343232901871e-01	1760
6.149643289016106e-01	2.491282473138039e-01	1761
1.325290333785231e-01	1.933037679346390e-01	1762
1.824359384509240e-01	2.137497080383587e-01	1763
1.554783370515561e-01	2.034334477694909e-01	1764
1.126131301333052e-01	1.841946286409959e-01	1765
1.122499076915337e-02	1.145220955927152e-01	1766
8.767082605104197e-01	-1.758999903153302e-01	1767
8.950653623911005e-01	-1.653937046880416e-01	1768
9.145779100035172e-01	-1.531625779800392e-01	1769
4.742957092759047e-01	-2.685192933172074e-01	1770
4.997727194474107e-01	-2.682745719887276e-01	1771
2.330586453554322e-03	1.045368940326229e-01	1772
-3.483738147777155e-03	9.688519576031984e-02	1773
-9.659431444197609e-03	8.858037563898560e-02	1774
-1.516840044899340e-02	7.968565471555375e-02	1775
-1.971127113816991e-02	7.129812149841057e-02	1776
9.410350501277949e-02	1.760837088291777e-01	1777
7.817102354148489e-02	1.673326423963803e-01	1778
6.052223513551705e-02	1.541291370890760e-01	1779
4.519485503405583e-02	1.431003654291586e-01	1780
3.416984845276370e-02	1.354903484201640e-01	1781
2.272637286600214e-02	1.258636987450379e-01	1782
4.607973899784530e-01	2.571758104741064e-01	1783
4.271019241264907e-01	2.561060662803754e-01	1784
3.932932695800899e-01	2.541574486206881e-01	1785
9.844194008676369e-01	8.286149090296768e-02	1786
9.752743127118138e-01	9.359285176394459e-02	1787
5.611809475506355e-01	-2.650062179211997e-01	1788
5.960778404934233e-01	-2.614551440178577e-01	1789
6.311040554721699e-01	-2.563710805531991e-01	1790
6.651342279966490e-01	-2.501181412638140e-01	1791
1.634524593528131e-01	-2.236437171604984e-01	1792
1.937949175000192e-01	-2.338569511646956e-01	1793
2.257419819047746e-01	-2.425454630947146e-01	1794
2.578632735126883e-01	-2.492886931090048e-01	1795
2.900757065333137e-01	-2.551478391902649e-01	1796
3.237892834634293e-01	-2.602209108080848e-01	1797
1.003974778704501e+00	-8.914972868149209e-03	1798
1.009513329059815e+00	-3.060055922063993e-02	1799
1.006540351151859e+00	6.638259583537047e-02	1800
-3.557401547896294e-02	1.739059869099309e-02	1801
-3.017918033254142e-02	6.467237618826046e-03	1802
1.010188941164487e+00	-6.688974856076779e-02	1803
6.900959757551121e-01	-2.824276044094631e-01	1804
8.584366135930507e-01	-2.189546631557696e-01	1805
3.454600386670166e-01	2.859599755310000e-01	1806
1.006634147033107e+00	3.898890572466697e-02	1807
1.003056219078560e+00	-6.746249162055160e-03	1808
1.000762339956985e+00	5.470299232183774e-03	1809
1.000972522520001e+00	-5.490340258484166e-03	1810
1.001597054172463e+00	-9.486629353047717e-04	1811
-2.092844703537316e-03	-1.406239188477584e-01	1812
1.003563261501739e+00	8.983018567140023e-03	1813
1.001904838154960e+00	-3.178430625237784e-04	1814
9.510542877480577e-01	1.437337343247591e-01	1815
1.004315110725233e+00	1.218798331416110e-02	1816
1.007151639762413e+00	2.385454330810828e-02	1817
1.004672863373265e+00	2.010913027639457e-02	1818
1.001562677202239e+00	9.992418497319299e-04	1819
9.553840149717648e-01	-1.497387248987367e-01	1820
8.803113593199593e-01	-2.061666538400385e-01	1821
-3.697171183484689e-02	-1.855889266768981e-02	1822
-3.318868891073786e-02	-8.532003433927661e-02	1823
4.914785867307445e-03	1.321100599687521e-01	1824
1.883344919957136e-01	2.484614866000798e-01	1825
1.005729223987049e+00	-2.012589817697455e-02	1826
9.808510586106469e-01	1.116013299407838e-01	1827
8.337650540183735e-01	-2.318126133847857e-01	1828
1.122133539828683e-01	-2.314739911751683e-01	1829
1.008831974082051e+00	-3.914194445549370e-02	1830
-2.920591281779866e-02	-9.577823341611043e-02	1831
4.741015031821538e-01	-3.061709237900938e-01	1832
1.007659616106529e+00	5.648506633318871e-02	1833
5.737680510344945e-01	2.920687120943724e-01	1834
1.002719671590379e+00	-8.636849751806115e-02	1835
5.479010792866741e-01	-3.045790421446091e-01	1836
-3.149335924367562e-02	7.139763544313336e-02	1837
1.330268376620892e-01	2.242583968338022e-01	1838
1.383711405634810e-01	-2.446371994487131e-01	1839
4.309623021792144e-01	-3.062435920843781e-01	1840
3.759097584288167e-01	2.896142759885066e-01	1841
-4.078939317849924e-02	-5.711138352269630e-02	1842
-3.880021532897447e-02	-6.540612178055100e-02	1843
1.001359219673544e+00	2.261107479095707e-03	1844
-2.875248279800617e-02	-6.547311373397641e-04	1845
9.675369105684490e-01	1.273498827168159e-01	1846
2.200710947876319e-01	2.589588184463670e-01	1847
1.001439347629438e+00	-2.223842786483670e-03	1848
1.004906235058136e+00	-1.212020711944565e-02	1849
-3.643520183639695e-02	-7.522221957085452e-02	1850
1.001669388592676e+00	1.445191030078173e-03	1851
1.002762535051098e+00	6.799166511916746e-03	1852
1.001892176228226e+00	3.811827023583678e-04	1853
1.001720466917745e+00	-1.392238475219349e-03	1854
-3.438845106336168e-02	6.216904953666156e-02	1855
-3.683892329335509e-02	5.434854142576482e-02	1856
1.007818147147531e+00	3.063287270961224e-02	1857
1.010801965494532e+00	-5.681344277564934e-02	1858
9.127067166451833e-02	-2.202412107126672e-01	1859
3.154913233785731e-01	2.811042355696872e-01	1860
2.842927935630090e-01	2.747790842956295e-01	1861
2.526986688033011e-01	2.675853042546656e-01	1862
1.062939016479342e-02	-1.556955134919455e-01	1863
2.509328862902022e-02	-1.698067582757782e-01	1864
3.919939377159889e-02	-1.834149830444027e-01	1865
1.014897436153937e+00	-4.747425260916571e-02	1866
1.008440503309677e+00	-2.377900489673660e-02	1867
7.236341657781433e-01	-2.734464668891532e-01	1868
7.548481254940494e-01	-2.637345739240872e-01	1869
7.829646602217114e-01	-2.537322740189014e-01	1870
8.086816525063891e-01	-2.433221094945520e-01	1871
-3.093550418136008e-02	-7.888273639322619e-03	1872
-4.235279460825082e-02	-4.855747285206186e-02	1873
-4.381341483737786e-02	-3.093365420739982e-02	1874
-4.338154336810367e-02	-3.977474381615575e-02	1875
1.002695390619478e+00	7.547827920698709e-02	1876
-3.890313718634951e-02	4.627016296609300e-02	1877
-4.048027589855425e-02	3.794884181603786e-02	1878
-4.150487195580919e-02	2.952869399793220e-02	1879
9.702871472817872e-01	-1.344958896820386e-01	1880
9.821735643434711e-01	-1.201658086793309e-01	1881
9.912595588705588e-01	-1.072130691894159e-01	1882
9.977877336427637e-01	-9.623456583028733e-02	1883
1.006793541926739e+00	-7.632262617512457e-02	1884
5.452312255117733e-02	-1.964870080017329e-01	1885
7.246079475718145e-02	-2.091760356096772e-01	1886
-2.266480282954256e-02	-1.088491932949895e-01	1887
-1.357471207057918e-02	-1.249461693056812e-01	1888
3.694044849375840e-01	-3.023346595516915e-01	1889
4.003828439243654e-01	-3.048787672915956e-01	1890
1.012276302238155e+00	4.756285370343750e-02	1891
5.427152328609445e-01	2.940677420704184e-01	1892
5.102888911228255e-01	2.951952147077069e-01	1893
9.325018321937608e-01	1.597360141722097e-01	1894
9.131363663561677e-01	1.746596174102378e-01	1895
8.933466165326297e-01	1.884210256350072e-01	1896
8.728025011086382e-01	2.011284608529517e-01	1897
8.510352505084152e-01	2.129763049894787e-01	1898
8.266458672499013e-01	2.248148944191044e-01	1899
7.989603802293237e-01	2.368495827045073e-01	1900
7.687091790824311e-01	2.485026441721112e-01	1901
7.368304991975652e-01	2.591827311992394e-01	1902
7.037470554509698e-01	2.686685141941519e-01	1903
6.700280049688543e-01	2.768149879325091e-01	1904
6.369432089612992e-01	2.834675885586481e-01	1905
6.050657930601775e-01	2.885858659454360e-01	1906
1.588531360661626e-01	2.365829635232012e-01	1907
1.116862226456051e-01	2.130458841161798e-01	1908
9.303867771153482e-02	2.037444560606020e-01	1909
9.375996575268055e-01	-1.654856092462436e-01	1910
8.993231369213998e-01	-1.939494731625292e-01	1911
9.182741756661380e-01	-1.806271519175043e-01	1912
5.159326820284069e-01	-3.063511609946107e-01	1913
-5.069310982480981e-03	1.198040441664250e-01	1914
-1.205084167500247e-02	1.092371892145239e-01	1915
-1.751825594302140e-02	1.006078273658745e-01	1916
-2.326961647148867e-02	9.061562678033577e-02	1917
-2.774083861281408e-02	8.084849904586193e-02	1918
7.440752883294234e-02	1.931275049928969e-01	1919
4.057942296946347e-02	1.654648383640869e-01	1920
2.831919140775644e-02	1.553569374839014e-01	1921
5.589137465780078e-02	1.789637758602892e-01	1922
1.629625048682375e-02	1.447838061739489e-01	1923
4.772196173235983e-01	2.952072496325501e-01	1924
4.436893284811099e-01	2.942757745689377e-01	1925
4.090627108657553e-01	2.924104992421293e-01	1926
9.977622852453103e-01	8.582618656818999e-02	1927
9.907692017323728e-01	9.763281344758193e-02	1928
5.829779815576738e-01	-3.016123761530822e-01	1929
6.195231534749740e-01	-2.967054981242572e-01	1930
6.553375419648877e-01	-2.902241385368920e-01	1931
1.683742311625497e-01	-2.575700975346744e-01	1932
2.008953685165468e-01	-2.691622564541323e-01	1933
2.345740813724164e-01	-2.787414735416105e-01	1934
2.676052069617478e-01	-2.860879636962592e-01	1935
3.015629120080569e-01	-2.928081776257598e-01	1936
3.363034998211631e-01	-2.983416679261707e-01	1937
1.399387920666159e-01	-2.809008021467497e-01	1938
1.001560155241714e+00	2.839651150373215e-03	1939
1.004784155562309e+00	-7.766608854239142e-03	1940
1.004264756388020e+00	-6.838688824890569e-03	1941
1.002110064050917e+00	-1.044891492278448e-03	1942
1.005586705789902e+00	1.383360737488486e-02	1943
9.442154696171151e-01	-1.937729477980547e-01	1944
1.001664376937709e+00	-2.798932656337301e-03	1945
1.012460556178140e+00	7.426160957553582e-02	1946
1.110268080624577e-01	-2.651898392750482e-01	1947
1.008161017589664e+00	2.050876061680836e-02	1948
1.006860603822397e+00	1.838348321083779e-02	1949
1.006278375489908e+00	-1.371779544191912e-02	1950
1.001837342468686e+00	-1.892422516446893e-03	1951
1.002950580971582e+00	-5.624701931336369e-03	1952
1.004722162891474e+00	-1.030707010081299e-02	1953
1.004230494386543e+00	1.039331248817078e-02	1954
-5.131484848467583e-02	-5.460191527112728e-02	1955
1.001946739770130e+00	7.020425597946702e-04	1956
1.616178194067099e-01	2.739708063375060e-01	1957
-1.053911246850203e-02	-1.601685073105409e-01	1958
9.252103489505235e-01	-2.105239134532578e-01	1959
8.856801924734229e-01	-2.401712808842261e-01	1960
-4.749506412160614e-02	5.256420618461397e-02	1961
5.614342100196017e-01	3.353909557094382e-01	1962
3.250176571347946e-01	3.230332429249768e-01	1963
9.782424910070520e-01	-1.572046798060801e-01	1964
7.177260831677167e-01	-3.170965278192677e-01	1965
4.139724117343911e-01	-3.477272276226814e-01	1966
-1.395953587604995e-02	1.369474430853474e-01	1967
4.971799818794864e-02	2.063589724208127e-01	1968
8.754044344909319e-02	-2.513116006411954e-01	1969
1.014165636525472e+00	6.228159413671112e-02	1970
1.015597201182499e+00	5.490836347551220e-02	1971
-3.620667730284506e-02	1.014475135722953e-02	1972
-2.239677783910679e-02	-1.430409465387912e-01	1973
6.822073437883809e-01	-3.268287483504869e-01	1974
8.618978983015612e-01	-2.553170713533763e-01	1975
3.567714184727759e-01	3.282469303075248e-01	1976
1.001772958005373e+00	5.192723058345013e-03	1977
1.001980801030894e+00	-5.166214190575279e-03	1978
1.001971190199011e+00	-6.370398208874530e-04	1979
1.004423093520572e+00	7.887940740953741e-03	1980
1.003954147686153e+00	6.946406045306550e-03	1981
1.001588698952362e+00	-3.491939342975927e-03	1982
1.008366861646650e+00	2.729003400239679e-02	1983
1.001457214636861e+00	3.522790566380668e-03	1984
9.062740708101106e-01	-2.254870054300633e-01	1985
9.623984178582771e-01	-1.755653679500893e-01	1986
-4.405048307280360e-02	-2.251530038606384e-02	1987
1.938168787447933e-01	2.875815401456672e-01	1988
1.009863366962541e+00	-2.718432217684403e-02	1989
9.741299092612635e-01	1.508509400237443e-01	1990
1.012545743192013e+00	-3.489501515949873e-02	1991
-4.320315931580664e-02	-9.497906197497163e-02	1992
5.346513142138574e-01	-3.484194460933416e-01	1993
3.900009000081605e-01	3.322006028085535e-01	1994
1.327182629142814e-01	2.592866972099637e-01	1995
-4.638227394849881e-02	-8.387886900336657e-02	1996
1.002711040654749e+00	5.687165943295221e-03	1997
-3.469561429087340e-02	1.689867022504950e-03	1998
-3.491608857032959e-02	-2.797920553477299e-03	1999
9.882321628801966e-01	1.315924868080603e-01	2000
-5.007625843805268e-02	-6.368964350252242e-02	2001
-4.849632830925499e-02	-7.284168435396939e-02	2002
1.001766824478232e+00	1.946727404515550e-03	2003
1.002357267454545e+00	4.014288019276233e-05	2004
1.002070019923456e+00	1.113646266762753e-03	2005
-4.366133468772407e-02	6.995588202163240e-02	2006
-4.574013580765993e-02	6.123277320218408e-02	2007
1.010590428166407e+00	3.503664531695202e-02	2008
2.930968897549391e-01	3.162743063043470e-01	2009
2.609763773011041e-01	3.083173899659897e-01	2010
2.277615039900321e-01	2.992400260916381e-01	2011
2.814387494598203e-03	-1.776000944607860e-01	2012
1.625266403548819e-02	-1.924740777718288e-01	2013
1.017565509716453e+00	-6.226111846334999e-02	2014
1.018592659607164e+00	-5.472660730672369e-02	2015
1.007821910111241e+00	-1.825469750968642e-02	2016
1.009249493701109e+00	-2.033035262226320e-02	2017
7.512793162889296e-01	-3.062227418541436e-01	2018
7.819810095632532e-01	-2.947090143058320e-01	2019
8.098902822823935e-01	-2.826999721695439e-01	2020
8.362046087865691e-01	-2.697586859218010e-01	2021
-3.709615065118317e-02	-1.128732528017523e-02	2022
-5.217560150947806e-02	-3.580336488989417e-02	2023
-5.201550539167971e-02	-4.524501708309824e-02	2024
-4.875856963722951e-02	4.362146946712719e-02	2025
-4.234336972468384e-02	2.146249596158391e-02	2026
-4.952355482805194e-02	3.456940401087640e-02	2027
9.909433858437052e-01	-1.395772845578362e-01	2028
1.000482963387437e+00	-1.233908859741423e-01	2029
1.007160841090019e+00	-1.092762630148154e-01	2030
1.011841656920159e+00	-9.713621719432125e-02	2031
1.013472301928662e+00	-8.490243047589671e-02	2032
1.016451643811322e+00	-7.450412355692457e-02	2033
3.085665906486117e-02	-2.080315879322589e-01	2034
4.808237901030101e-02	-2.237995800048398e-01	2035
6.737614563220651e-02	-2.384353572947105e-01	2036
-3.896849932397128e-02	-1.086210421270748e-01	2037
-3.156031855587701e-02	-1.241498626444610e-01	2038
3.816045365863078e-01	-3.451361482492021e-01	2039
5.285613234078409e-01	3.369948793361336e-01	2040
9.571709320919486e-01	1.701177735758341e-01	2041
9.386196730423110e-01	1.883640373915463e-01	2042
9.191988726531388e-01	2.052458789319093e-01	2043
8.987571868821924e-01	2.209722794145355e-01	2044
8.769734263095361e-01	2.356543453894030e-01	2045
8.532514005295145e-01	2.496622131651905e-01	2046
8.265493194167728e-01	2.636417905903613e-01	2047
7.967728932763501e-01	2.774440474573261e-01	2048
7.646838308531134e-01	2.904326203191429e-01	2049
7.310380396234237e-01	3.021263469726198e-01	2050
6.964017742158211e-01	3.123080013917130e-01	2051
6.617749847756922e-01	3.207971584574092e-01	2052
6.279250526597004e-01	3.275518620779346e-01	2053
5.944658950870995e-01	3.325158920821704e-01	2054
1.087554204307852e-01	2.452094260270924e-01	2055
8.951981285707045e-02	2.343289852031973e-01	2056
4.529294247786425e-01	-3.488075698472978e-01	2057
4.952325424519393e-01	-3.491591535548558e-01	2058
-2.222722727178899e-02	1.233677641262037e-01	2059
-2.748681505594494e-02	1.127678781913125e-01	2060
-3.294975228470193e-02	1.025910209215434e-01	2061
-3.723977501982282e-02	9.090789792002167e-02	2062
-4.096433056287455e-02	8.042426008023172e-02	2063
7.012842793528513e-02	2.223600770260551e-01	2064
2.026480512286133e-02	1.774032435136287e-01	2065
3.278149297226870e-02	1.898001286171106e-01	2066
-3.699481728526456e-03	1.510414793980147e-01	2067
8.335808293406684e-03	1.656196940809056e-01	2068
4.945016011359361e-01	3.374996835434012e-01	2069
4.601405899956712e-01	3.368248902339477e-01	2070
4.250971192112987e-01	3.350718225246804e-01	2071
1.008809595740968e+00	8.478003192299502e-02	2072
1.005916467907935e+00	9.870602571211341e-02	2073
9.986563460148444e-01	1.138886985113378e-01	2074
5.694658547597024e-01	-3.459468821139345e-01	2075
6.073870155602562e-01	-3.416299836030051e-01	2076
6.453889851137194e-01	-3.350746967277414e-01	2077
1.725421522785673e-01	-2.958479494406617e-01	2078
2.073893628307746e-01	-3.088903298586135e-01	2079
2.426154556065609e-01	-3.192362663210798e-01	2080
2.768933199183264e-01	-3.274914819261422e-01	2081
3.125954057637449e-01	-3.350406533388022e-01	2082
3.479985216956264e-01	-3.409782715077247e-01	2083
1.014176099014626e+00	-4.012502273862933e-02	2084
1.009669365944778e+00	1.813341846634901e-02	2085
1.006663259379626e+00	-1.141802139315817e-02	2086
1.013793592933148e+00	-2.985990397225181e-02	2087
1.007420965121740e+00	-1.565324452495009e-02	2088
-6.173247162238396e-02	-6.062417733929540e-02	2089
5.652076754930749e-01	3.823183991957317e-01	2090
7.485532940784789e-01	-3.539620820193717e-01	2091
3.009127966979434e-01	3.625818249920350e-01	2092
1.012122923693606e+00	3.015744864103763e-02	2093
-5.843542235282650e-02	4.934836144086583e-02	2094
6.023544356353876e-02	-2.710145444418420e-01	2095
9.543057762934207e-01	-2.243037648272747e-01	2096
1.005557071714838e+00	-6.725448705101599e-03	2097
9.723934725091610e-01	-2.036938441717254e-01	2098
1.314535830685842e-01	2.988354264864242e-01	2099
1.022128986477338e+00	-4.831001671892510e-02	2100
7.124200312401736e-01	-3.660376292447206e-01	2101
-5.793016545307558e-02	-9.308025002748346e-02	2102
1.001894451554305e+00	2.534692823413831e-03	2103
1.002434021214689e+00	6.144983486991471e-04	2104
1.002205126663835e+00	1.633610268337677e-03	2105
1.019468757559024e+00	4.878975299084376e-02	2106
-2.231951417230982e-03	1.880123285799794e-01	2107
-3.322089703197434e-02	-1.628022672954168e-01	2108
-4.284077451597599e-02	1.373300938334135e-02	2109
6.744079186228870e-01	-3.765411072587391e-01	2110
4.323671205994838e-01	-3.955028033264325e-01	2111
1.023164710525259e+00	-9.238255053285721e-02	2112
1.023826948360517e+00	-8.226662346374458e-02	2113
1.403523189511018e-01	-3.218038322293830e-01	2114
3.941845251509102e-01	-3.929695817477835e-01	2115
-2.093360287895660e-02	-1.814803437823927e-01	2116
1.021332136604093e+00	6.945514248134718e-02	2117
1.021884945841224e+00	5.996690555964451e-02	2118
9.977961525043147e-01	1.536745999029753e-01	2119
3.689453450501013e-01	3.755681759570387e-01	2120
1.001814242679070e+00	-1.608021210169456e-01	2121
-3.366991526015968e-02	1.394323903930301e-01	2122
2.305327607118071e-02	2.168233513406080e-01	2123
4.047413324896507e-01	3.797588236398555e-01	2124
1.084606414980925e-01	-3.032506973286286e-01	2125
8.215030999421126e-02	-2.862840031839900e-01	2126
1.002634916291567e+00	4.696301571207440e-03	2127
1.002455812733303e+00	-5.313600745396374e-04	2128
1.006609961907013e+00	1.580047647334760e-02	2129
8.933279285613629e-01	-2.781440217213835e-01	2130
1.002265549449957e+00	-1.561392301014791e-03	2131
1.001988781212097e+00	-2.478830724025541e-03	2132
1.010616050642269e+00	2.377171893530573e-02	2133
1.004007122154705e+00	-6.092506668810277e-03	2134
1.005520443360351e+00	-9.035709861518814e-03	2135
1.006094381045594e+00	1.158531021722491e-02	2136
1.005240508487759e+00	6.893836635866671e-03	2137
1.635771663705420e-01	3.160646282034342e-01	2138
-5.757344675783650e-02	5.892129808636083e-02	2139
3.345564539462591e-01	3.699095283213806e-01	2140
9.885889478326633e-01	-1.821443047254540e-01	2141
3.592179603228238e-01	-3.886406728583933e-01	2142
-2.509532535485672e-02	1.555940165747542e-01	2143
-5.013694772901044e-02	2.557682750924120e-02	2144
-4.397359062277727e-02	-1.461210230574310e-02	2145
1.003734810125628e+00	6.196361392688448e-03	2146
1.001717543266571e+00	-4.280478735632844e-03	2147
1.005088288187312e+00	9.177760482768750e-03	2148
1.002827798027411e+00	-4.627345878066041e-03	2149
1.002261271117776e+00	-3.215072924697015e-03	2150
1.011928266836414e+00	4.028901139773072e-02	2151
1.001551928844821e+00	4.307495377051388e-03	2152
9.158257526477651e-01	-2.604720707812334e-01	2153
9.355832775916271e-01	-2.429928362896868e-01	2154
-6.202054763120550e-02	-5.069075428509294e-02	2155
-5.214515109520526e-02	-2.645714369851799e-02	2156
1.011903342099874e+00	-2.349351334722759e-02	2157
1.002134920686179e+00	3.275333655309728e-03	2158
-4.009075855333370e-02	-3.728858462618225e-04	2159
-6.077170032166789e-02	-7.019394932600294e-02	2160
-5.980885798528935e-02	-8.062360228073404e-02	2161
-5.608758879901272e-02	6.812785876740915e-02	2162
1.985787557316191e-01	3.314901607404096e-01	2163
2.677029426277531e-01	3.537241342483774e-01	2164
2.342262423397636e-01	3.441168710144097e-01	2165
-8.339487220775262e-03	-2.006783662538440e-01	2166
1.010624825993682e+00	-1.784898893072562e-02	2167
7.820509074336206e-01	-3.408011187206372e-01	2168
8.126176550407038e-01	-3.268928950911332e-01	2169
8.408893938112028e-01	-3.120630935863888e-01	2170
8.679119317312869e-01	-2.957329302722357e-01	2171
-4.184840697241206e-02	-5.606235920777100e-03	2172
-6.178854378819449e-02	-4.070402470057996e-02	2173
-5.881126584833298e-02	3.970553323719565e-02	2174
1.011651026861494e+00	-1.408942392323532e-01	2175
1.018208889173663e+00	-1.231555911573019e-01	2176
1.020637423681399e+00	-1.075119662084902e-01	2177
1.025130090957940e+00	-5.947051614500048e-02	2178
1.025042385791946e+00	-6.911084606133594e-02	2179
4.818314914693568e-03	-2.172581835538309e-01	2180
2.085278620290801e-02	-2.355795206803812e-01	2181
3.967288082455213e-02	-2.541564122904782e-01	2182
-5.495631061403707e-02	-1.059045449411547e-01	2183
-5.009943098631143e-02	-1.232279302787496e-01	2184
-4.279074881588749e-02	-1.408883413892883e-01	2185
9.833831122319551e-01	1.764800503774263e-01	2186
9.665046169390147e-01	1.986515888097402e-01	2187
9.480479438712758e-01	2.193930552466634e-01	2188
9.282203703111470e-01	2.387633643221476e-01	2189
9.067082116781382e-01	2.569840195148975e-01	2190
8.832629056737392e-01	2.741928851425026e-01	2191
8.573116073715988e-01	2.907937963336475e-01	2192
8.282093916071605e-01	3.071608572591903e-01	2193
7.961622423183909e-01	3.229109921200116e-01	2194
7.619294869922555e-01	3.373910249556797e-01	2195
7.262734134391654e-01	3.501817244883424e-01	2196
6.900738049174455e-01	3.610459097355543e-01	2197
6.542017898097688e-01	3.698856053974875e-01	2198
6.185168144764008e-01	3.767321928021952e-01	2199
4.226843660783183e-02	2.370140317030131e-01	2200
1.040885088823948e-01	2.814147087690303e-01	2201
8.328216911859472e-02	2.681133277504580e-01	2202
4.740032820874253e-01	-3.966340008719522e-01	2203
5.161864060586846e-01	-3.966746455897037e-01	2204
-3.987471440905277e-02	1.253939497566247e-01	2205
-4.433613667045781e-02	1.150184075977242e-01	2206
-4.873885324946639e-02	1.015987149183821e-01	2207
-5.205877189161878e-02	9.006430918959281e-02	2208
-5.457074854589854e-02	7.816236547750112e-02	2209
6.363050461067279e-02	2.546990696612020e-01	2210
9.001585733723233e-03	2.012286784022986e-01	2211
-1.411739739724883e-02	1.716893886189335e-01	2212
5.129249409114731e-01	3.844154593918229e-01	2213
4.771993895219965e-01	3.841968603623068e-01	2214
4.411611011278715e-01	3.826177399139665e-01	2215
1.008611860474544e+00	1.318526280976447e-01	2216
1.019418550356677e+00	8.259603583046371e-02	2217
1.017915875890260e+00	9.403168054863699e-02	2218
1.013467850628590e+00	1.117295843668955e-01	2219
5.557912583650748e-01	-3.949676429678921e-01	2220
5.942407571298625e-01	-3.914511861888990e-01	2221
6.348729813571147e-01	-3.851663795709152e-01	2222
1.758051860477323e-01	-3.389444578418650e-01	2223
2.130785341837383e-01	-3.534508004796185e-01	2224
2.495934107657566e-01	-3.645850913516293e-01	2225
2.855862406900447e-01	-3.739716251514932e-01	2226
3.228391631848676e-01	-3.823100335124546e-01	2227
7.074841622777093e-01	-4.209010558101365e-01	2228
1.003081626645711e+00	3.741006895764505e-03	2229
-5.407301867495840e-02	1.398416406174172e-01	2230
-6.931519716077754e-02	6.534523728466497e-02	2231
-6.835606235464520e-02	7.495032486990234e-02	2232
1.012334483818954e+00	-2.043093526583047e-02	2233
-5.169378510579793e-02	-1.781609097436632e-02	2234
7.833666173811398e-01	-3.925944202615536e-01	2235
1.138563372379210e-02	2.473583687423459e-01	2236
9.038730688007083e-01	-3.202626274742730e-01	2237
1.042655985813846e-01	-3.461248134438913e-01	2238
1.009501283029286e+00	1.519705734901668e-02	2239
1.019496713412190e+00	-4.278888004866001e-02	2240
1.012371843337224e+00	2.735390560909837e-02	2241
1.007638647386006e+00	1.311294967315407e-02	2242
1.644844157826174e-01	3.633438560736902e-01	2243
1.003602536235053e+00	5.112049622277804e-03	2244
1.015559904823783e+00	3.519585030450315e-02	2245
-4.999687473327173e-02	-8.520709335341808e-03	2246
1.002917634516270e+00	2.582135104526248e-04	2247
1.002925750624827e+00	-1.565390782742057e-04	2248
1.017508424610230e+00	-3.477779082111844e-02	2249
2.728725374712229e-01	4.044535054323347e-01	2250
-7.107308689339617e-02	-1.027517039639260e-01	2251
-5.029246735348822e-02	1.716338253061354e-02	2252
-4.103672137482652e-02	6.318917682585179e-03	2253
1.033786324763606e+00	-8.797924772653548e-02	2254
1.033489307341950e+00	-7.653398759016360e-02	2255
4.099520175477322e-01	-4.464254986411558e-01	2256
7.482315548668490e-02	-3.256287208927381e-01	2257
-6.132139789196084e-02	-3.037358443135119e-02	2258
3.818489276341357e-01	4.284700187688714e-01	2259
9.788994901527948e-02	3.223052340756851e-01	2260
-3.839042524331572e-02	1.762188846783874e-01	2261
-6.968799187936518e-02	5.499192815869906e-02	2262
-2.753975541010022e-02	1.938189121100921e-01	2263
4.198807956990847e-01	4.327697204723215e-01	2264
3.081551549302698e-01	4.143120516437249e-01	2265
1.023130418221819e+00	5.535329743328922e-02	2266
7.467146561675566e-01	-4.075488882456338e-01	2267
1.001910658450152e+00	-2.089849380128384e-01	2268
5.071694732614811e-02	-3.072701937599792e-01	2269
1.013874113431583e+00	-2.701769067258279e-02	2270
1.008299791519217e+00	-1.288089679095242e-02	2271
6.465082853009065e-01	4.246882311507416e-01	2272
6.662125302937472e-01	-4.321825978074861e-01	2273
9.859556517737459e-01	-2.337745457539058e-01	2274
1.015013495590976e+00	-1.837261770367336e-01	2275
1.289841854241279e-01	3.433799568966350e-01	2276
1.002663089561325e+00	1.206586607277671e-03	2277
1.002343357369093e+00	2.180722289111825e-03	2278
1.017932877836291e+00	1.502242858806080e-01	2279
1.026126206970674e+00	-5.475516085831387e-02	2280
1.029610988168531e+00	6.520705429691698e-02	2281
1.394316881738903e-01	-3.678521213956184e-01	2282
3.704523634149903e-01	-4.417480560138344e-01	2283
1.033070979162225e+00	-6.436859827211500e-02	2284
-4.718335201047821e-02	1.567732686273774e-01	2285
-7.377455246120883e-02	-6.663655598053775e-02	2286
-7.333627863592249e-02	-7.652864520265817e-02	2287
1.002708232207861e+00	-1.115611197471201e-03	2288
1.002190262413359e+00	-3.993010910711721e-03	2289
1.003822056524104e+00	-5.004522666505498e-03	2290
1.002425966968697e+00	-2.105523819097348e-03	2291
1.011222008833679e+00	2.077466231837776e-02	2292
1.006250557275034e+00	-7.877154737435034e-03	2293
3.445055939828877e-01	4.223791510158298e-01	2294
1.005871163849723e+00	8.066694256974805e-03	2295
1.003234435214841e+00	-3.645190498037923e-03	2296
1.017125702980303e+00	4.319798455655738e-02	2297
9.282472807154937e-01	-2.992362913501099e-01	2298
9.493795692490749e-01	-2.783525103522177e-01	2299
9.682906215451542e-01	-2.569398991076524e-01	2300
-7.283181764552453e-02	-4.544536591464109e-02	2301
-7.355873720577390e-02	-5.597432656508424e-02	2302
-6.956773970714156e-02	4.475104417125456e-02	2303
1.010285725460893e+00	-1.489059395057639e-02	2304
1.002031631366450e+00	4.042696926988730e-03	2305
-7.287009239717113e-02	-8.884788983887493e-02	2306
2.021496252047380e-01	3.805515611417175e-01	2307
2.388882548282004e-01	3.939307994274396e-01	2308
-4.620003810047708e-02	-1.843383240776679e-01	2309
-3.491822602162868e-02	-2.039188051525984e-01	2310
8.169999124978208e-01	-3.764957513613233e-01	2311
8.478694074835664e-01	-3.592994921375799e-01	2312
8.767794858390832e-01	-3.405832385500496e-01	2313
-4.731459840218648e-02	-9.136908718373892e-04	2314
-5.902888862180060e-02	2.971524075759933e-02	2315
1.022081682147928e+00	-1.584185093305609e-01	2316
1.029237503535657e+00	-1.372988070425205e-01	2317
1.033346520382535e+00	-1.018440889028548e-01	2318
1.032715055372498e+00	-1.173392815237692e-01	2319
-2.273688220961302e-02	-2.251432211876057e-01	2320
2.878279709706758e-02	-2.877058285747696e-01	2321
-8.877627896102705e-03	-2.448473887821443e-01	2322
8.821433942213838e-03	-2.659506454782598e-01	2323
-6.836496915389671e-02	-1.187733731066540e-01	2324
-6.351618327080492e-02	-1.388605173755747e-01	2325
-5.631637514117602e-02	-1.594416076670437e-01	2326
1.009899069692921e+00	1.775601042515063e-01	2327
9.958956159063256e-01	2.038867007580379e-01	2328
9.794206022096530e-01	2.291563892533940e-01	2329
9.609678343116060e-01	2.529348783924165e-01	2330
9.403733087510479e-01	2.754580355706468e-01	2331
9.174764296561650e-01	2.968187897281460e-01	2332
8.920398346913393e-01	3.171401348169873e-01	2333
8.636442637988218e-01	3.367867760987815e-01	2334
8.319319786928142e-01	3.558585708583094e-01	2335
7.972924192698519e-01	3.738026631066310e-01	2336
7.605687777501995e-01	3.899510801818264e-01	2337
7.227091161800405e-01	4.039033832064997e-01	2338
6.846353087306714e-01	4.154707065625707e-01	2339
5.979730956012990e-01	4.320502773954765e-01	2340
3.246048788102900e-02	2.707711990425967e-01	2341
7.426466287592298e-02	3.055862367407128e-01	2342
4.519729622095063e-01	-4.489279213302915e-01	2343
4.953248441553222e-01	-4.499160851260534e-01	2344
-6.206953880427898e-02	1.132853213238023e-01	2345
-6.490379944294557e-02	9.983410976658000e-02	2346
-6.725582955832239e-02	8.686948528234430e-02	2347
5.401506536776409e-02	2.900869425997247e-01	2348
-4.782139905793717e-03	2.277767256599914e-01	2349
-1.633340344570377e-02	2.112775222085094e-01	2350
5.421084443879448e-01	4.360859482073077e-01	2351
4.766383706239223e-01	4.359486165440394e-01	2352
1.029428979223759e+00	7.738487502917855e-02	2353
1.029032690906655e+00	8.974041478295856e-02	2354
1.024825785666270e+00	1.252762046949046e-01	2355
1.027288721775096e+00	1.058871053147231e-01	2356
5.385910283798218e-01	-4.491881296136123e-01	2357
5.802031407485587e-01	-4.464617721387598e-01	2358
6.230675168893147e-01	-4.409756949797157e-01	2359
1.780002427903200e-01	-3.873564697853787e-01	2360
2.175230233422004e-01	-4.033270198307783e-01	2361
2.553729192104903e-01	-4.153801123668253e-01	2362
2.933874321411389e-01	-4.260430211256796e-01	2363
3.323664081411827e-01	-4.351677207619198e-01	2364
1.012383358706499e+00	1.731620676941244e-02	2365
1.025966505684043e+00	-4.306248426274108e-02	2366
1.023357939831714e+00	-3.756906924193364e-02	2367
-6.044120200086481e-02	-2.082854109027446e-02	2368
1.004909618431788e+00	-5.381314350593690e-03	2369
-8.197476238603701e-02	4.952827340094571e-02	2370
2.591072161992599e-01	4.552726509797214e-01	2371
8.232324840634683e-01	-4.321514869795460e-01	2372
3.834750754966468e-01	-5.014139151149497e-01	2373
-4.452770903180996e-02	2.169749044217765e-01	2374
-8.269046538505247e-02	6.045503272409439e-02	2375
3.953843920847516e-01	4.863497022928962e-01	2376
1.003548254365638e+00	-2.654144716091918e-01	2377
1.008664435128388e+00	-1.082107754301990e-02	2378
1.013715316511656e+00	-1.765370347545409e-02	2379
1.012880575900557e+00	-1.609983307069728e-02	2380
6.273168886551719e-02	3.474871312398556e-01	2381
-2.074829945315337e-02	2.574750778379198e-01	2382
1.003033800334870e+00	7.955714709069443e-04	2383
1.002828355382557e+00	1.801960752926456e-03	2384
1.045640794289375e+00	-1.298337425189418e-01	2385
1.007113760731613e+00	-9.232992855345084e-03	2386
1.007002177427854e+00	-6.640173578426231e-03	2387
1.006658487706324e+00	9.450001894015497e-03	2388
1.010106245644476e+00	1.279048201212286e-02	2389
1.002897745786067e+00	-1.706192350950490e-03	2390
1.003063287343356e+00	-6.895189460144197e-04	2391
-5.943996108433155e-02	-1.170391803158547e-02	2392
-5.567936623624784e-02	-2.297628529244416e-03	2393
1.250137958372150e-01	3.934371787288030e-01	2394
7.456174314157876e-01	-4.676980056706848e-01	2395
9.440402248183790e-01	-3.419678801614197e-01	2396
1.026941920320052e+00	4.897779067253154e-02	2397
-8.643812607079675e-02	-1.134060807867053e-01	2398
4.276116167027451e-01	-5.061589483059881e-01	2399
-7.681104531493596e-02	1.319768135527775e-01	2400
-8.275718720849932e-02	7.136085101135542e-02	2401
-8.256574419517290e-02	8.210331933922527e-02	2402
-2.717941262030574e-03	2.814645065240406e-01	2403
3.551110048082717e-01	4.803117589709872e-01	2404
1.042253266269609e+00	-7.013948522595288e-02	2405
1.369914913717234e-01	-4.195962861933946e-01	2406
9.178071752276663e-01	-3.667900575837349e-01	2407
9.819563767232845e-02	-3.943380366707973e-01	2408
6.529166639658381e-02	-3.698722214186674e-01	2409
3.849410104617125e-02	-3.476107475414189e-01	2410
7.024517412346539e-01	-4.824152858584325e-01	2411
7.860176193070827e-01	-4.507632847643980e-01	2412
1.495048624095551e-02	-3.246408847485053e-01	2413
1.639641018951228e-01	4.162770615962910e-01	2414
1.004143179996064e+00	4.122956083020643e-03	2415
1.004663276655493e+00	5.533528713413268e-03	2416
1.003510176749304e+00	6.241979918514580e-05	2417
-8.781523559291030e-02	-9.773284645035757e-02	2418
-5.879531177439205e-02	2.040959611415643e-02	2419
1.036727939207095e+00	1.421452871692878e-01	2420
1.043858616137559e+00	-8.198276468739833e-02	2421
9.000366528870382e-02	3.684585149067336e-01	2422
-5.444087615831573e-02	1.980776658138259e-01	2423
-7.172104009106781e-02	-3.407478283008343e-02	2424
3.153388626616976e-01	4.719588431905050e-01	2425
1.039865873246877e+00	9.916109828308417e-02	2426
1.018818933756239e+00	-2.373152337952151e-01	2427
1.015509470324654e+00	-2.300863217935515e-02	2428
1.010758734695645e+00	-1.243030223359996e-02	2429
1.032934833678727e+00	-2.089921073273503e-01	2430
1.002705358371031e+00	2.862247375539442e-03	2431
1.029589892516433e+00	-4.809762092854582e-02	2432
-6.349782101741257e-02	1.757541904068617e-01	2433
-7.038586477089609e-02	1.561933776020540e-01	2434
-8.679608701956185e-02	-6.100265016864931e-02	2435
1.002817828235486e+00	-2.776290605546011e-03	2436
1.004319512282963e+00	-3.984448742525746e-03	2437
1.014236566763190e+00	2.349248128647962e-02	2438
1.008112796997159e+00	1.109569230760687e-02	2439
1.006679152311357e+00	6.876788451566192e-03	2440
1.023586165500939e+00	4.381680992226981e-02	2441
1.021277631609373e+00	3.825949751924702e-02	2442
9.667561768044218e-01	-3.169069018271898e-01	2443
9.862630360723329e-01	-2.917480970566109e-01	2444
-8.546577294156435e-02	-4.984942418299560e-02	2445
-8.745146246541236e-02	-7.215639376095782e-02	2446
-8.781163571961115e-02	-8.313947984893648e-02	2447
2.040377017362257e-01	4.351612878528074e-01	2448
-4.009199522215767e-02	-2.516089656932917e-01	2449
8.572868331120290e-01	-4.120905445998108e-01	2450
8.887127922349575e-01	-3.903673875430383e-01	2451
-4.958381661031919e-02	7.718442186705777e-03	2452
-6.916985019580056e-02	3.369571896752298e-02	2453
1.045052304182069e+00	-9.525291473319046e-02	2454
1.037397844033183e+00	-1.762199466731174e-01	2455
1.041671336664080e+00	-1.532702040264633e-01	2456
1.046059618640365e+00	-1.100800117448208e-01	2457
-6.265373002470750e-02	-2.064977033559445e-01	2458
-5.248175620547641e-02	-2.276599622404618e-01	2459
-2.504186486263961e-02	-2.758166349518230e-01	2460
-6.479613149996634e-03	-2.994101176207439e-01	2461
-8.405009209443942e-02	-1.329360996428454e-01	2462
-7.893251898267936e-02	-1.555214492294671e-01	2463
-7.227085853751372e-02	-1.800266430772329e-01	2464
1.032049413270418e+00	1.694475661656391e-01	2465
1.022086153644516e+00	2.011504944097230e-01	2466
1.011974287904059e+00	2.326981238905090e-01	2467
9.961369627187303e-01	2.615437147676529e-01	2468
9.775077359794671e-01	2.891432543188941e-01	2469
9.559737774207157e-01	3.155729838960620e-01	2470
9.314087915269536e-01	3.408070203046703e-01	2471
9.037507452140378e-01	3.648957259964141e-01	2472
8.726416861010819e-01	3.881199347848316e-01	2473
8.379662894473867e-01	4.103032961556619e-01	2474
8.003233626608574e-01	4.307440474369829e-01	2475
7.607587712835924e-01	4.487446594208331e-01	2476
7.203025298524844e-01	4.639486880507468e-01	2477
6.791791938009385e-01	4.753156865443681e-01	2478
6.315304040843713e-01	4.863934205072043e-01	2479
4.724985530256255e-01	-5.085571974714401e-01	2480
-8.014763519508294e-02	1.098695534386688e-01	2481
-8.190227048079440e-02	9.601303843926091e-02	2482
4.124723510474523e-02	3.280326189378934e-01	2483
1.927397388202725e-02	3.073911163266063e-01	2484
-3.396307350851819e-02	2.359318239596806e-01	2485
5.750258356710484e-01	4.927585165851585e-01	2486
5.103341156463592e-01	4.947167879793823e-01	2487
4.461498498956583e-01	4.924401976136991e-01	2488
1.038546659333866e+00	7.147497728052048e-02	2489
1.039561181610055e+00	8.394831804124336e-02	2490
1.039596729186180e+00	1.174266428134232e-01	2491
5.181970191696919e-01	-5.090355875483106e-01	2492
6.567537751750525e-01	-4.944076042120243e-01	2493
5.635475960868568e-01	-5.072300871648479e-01	2494
6.094959654705600e-01	-5.028610785391590e-01	2495
1.787035200934993e-01	-4.415805806476658e-01	2496
2.203707337077251e-01	-4.590371997474022e-01	2497
2.597565006676190e-01	-4.722400307461358e-01	2498
3.002147922658881e-01	-4.843142966720039e-01	2499
3.418275243123789e-01	-4.938504867719588e-01	2500
1.014635524679458e+00	1.992194960285286e-02	2501
5.437002227389336e-01	-5.737451113141602e-01	2502
1.010334514407262e+00	1.051081785754660e-02	2503
5.327592606182181e-02	-4.196010192488331e-01	2504
1.031076260157427e+00	5.574101933349204e-02	2505
-9.758695550702330e-02	1.236674600743463e-01	2506
-9.486253235022875e-02	1.494877191074001e-01	2507
4.141352200319295e-01	5.533910622816814e-01	2508
2.326255803222534e-02	-3.925296981336792e-01	2509
1.042167084543018e+00	-5.994193091616261e-02	2510
8.693144441040180e-01	-4.710418265489422e-01	2511
-1.042639653310621e-01	-1.252817935563535e-01	2512
-9.986290179111054e-02	-5.375172498556247e-02	2513
1.191353636181579e-01	4.495426226410594e-01	2514
1.039020762019306e+00	6.139229717869210e-02	2515
1.015659421837747e+00	-2.036902466871311e-02	2516
1.008606204884823e+00	9.198730791800365e-03	2517
1.007470786356319e+00	8.152430825095593e-03	2518
1.007862523831018e+00	-7.886292203299339e-03	2519
-9.753035363765096e-02	6.563311087310363e-02	2520
4.867048183635841e-02	3.946418183756901e-01	2521
1.040065072574228e+00	-2.669581580060362e-01	2522
-7.025853938055349e-02	-2.360986210742579e-02	2523
9.637312122070669e-01	-3.888252998556672e-01	2524
-2.257878505755438e-03	-3.652229216123879e-01	2525
-8.346846865382428e-02	-3.738052956296001e-02	2526
1.614418545889459e-01	4.753667697558016e-01	2527
-7.406662686579393e-02	2.203206358302748e-01	2528
1.060514897955967e+00	-1.202193814103183e-01	2529
4.707526635237187e-01	-5.736588524321355e-01	2530
3.987172593756430e-01	-5.677903856913852e-01	2531
7.448453418466876e-01	-5.352558536190883e-01	2532
9.001060244315581e-02	-4.484796167281888e-01	2533
1.029649628972210e+00	-3.793249316149415e-02	2534
1.032756047866898e+00	-4.196161112061113e-02	2535
1.020648772528792e+00	3.262835643893049e-02	2536
1.016553017861586e+00	2.697718495080995e-02	2537
-6.947419080559165e-02	-1.533307627215941e-02	2538
-1.046468586982044e-01	-1.069808571830177e-01	2539
-8.072594119355962e-02	3.731808092850175e-02	2540
3.454794375423897e-01	5.385844017175706e-01	2541
8.314551644603019e-01	-4.945929487421178e-01	2542
1.025211772902993e+00	-2.983470256500396e-01	2543
1.006232667222656e+00	-5.521618312288691e-03	2544
1.009057443198361e+00	-8.884039904733883e-03	2545
2.337176105229872e-02	3.698191472039709e-01	2546
-3.948225545596910e-02	2.904383914401312e-01	2547
1.003721529711601e+00	3.099633345056259e-03	2548
1.003307945513676e+00	1.372182199431104e-03	2549
1.012733235849365e+00	-1.409434080469225e-02	2550
1.011976781824782e+00	1.453557236422240e-02	2551
1.005515854774678e+00	-4.303974610550837e-03	2552
1.003361165377375e+00	-1.256219620777003e-03	2553
6.964206671418691e-01	-5.514145155096439e-01	2554
1.034061498878901e+00	-5.471209984615544e-02	2555
-9.887211316129138e-02	8.967321590084255e-02	2556
1.053627356094940e+00	1.317243854173712e-01	2557
1.053096474424943e+00	-7.468943065086511e-02	2558
7.899336132355316e-01	-5.161047907743639e-01	2559
1.005970083096852e+00	5.732121419908834e-03	2560
1.005316467750206e+00	4.492036649874715e-03	2561
-6.538866879943345e-02	-3.908710812273937e-03	2562
8.010387565242763e-02	4.204586117901807e-01	2563
-9.620647256208884e-02	5.389590208715640e-02	2564
2.715018024772380e-01	5.211646547671221e-01	2565
1.058416028138847e+00	-1.017559760825289e-01	2566
1.018027565637363e+00	-2.639856866779957e-02	2567
1.022419268885513e+00	-3.191448895923943e-02	2568
1.010862559881380e+00	-1.012070533807587e-02	2569
1.048851381172251e+00	-2.345827051988026e-01	2570
1.002969570427302e+00	2.482386512222768e-03	2571
-8.269402375260161e-02	1.964514820605458e-01	2572
-8.882607331257773e-02	1.735535698672672e-01	2573
-1.018196969877014e-01	-6.567447935255849e-02	2574
1.003067555343405e+00	-2.383694221818216e-03	2575
1.003849495130463e+00	-2.973137394307110e-03	2576
1.030429123477739e+00	4.308219105410183e-02	2577
1.027540517149133e+00	3.894286245559797e-02	2578
9.880415809884813e-01	-3.588420901574716e-01	2579
1.008322230033028e+00	-3.288460496179151e-01	2580
-1.043533305805948e-01	-9.031299928313606e-02	2581
-1.030482700088957e-01	-7.707382284596309e-02	2582
-9.818798796924917e-02	7.684983442468568e-02	2583
2.127855293438865e-01	4.996816696328165e-01	2584
9.039439892015559e-01	-4.456701155816139e-01	2585
9.355056863540450e-01	-4.180984756149009e-01	2586
-5.886117290243521e-02	8.731175220673284e-03	2587
-6.840032581766657e-02	2.345230893795457e-02	2588
1.056882171493986e+00	-1.953701006806392e-01	2589
1.058410981085325e+00	-1.681882238980053e-01	2590
1.060204176209665e+00	-1.443239818195656e-01	2591
-8.294491687618427e-02	-2.289287788444100e-01	2592
-7.346677542967600e-02	-2.532606807430777e-01	2593
-6.031920794444616e-02	-2.804939968696090e-01	2594
-4.428953438098707e-02	-3.095416936681490e-01	2595
-2.514049180411215e-02	-3.363879360989561e-01	2596
-9.157218211212174e-02	-2.016360069505252e-01	2597
-1.023883395302645e-01	-1.487089968812976e-01	2598
-9.766714027685565e-02	-1.734340057644153e-01	2599
1.052419752067045e+00	1.590732802904436e-01	2600
1.047349142570317e+00	1.918832188338478e-01	2601
1.040664555292670e+00	2.247682879302837e-01	2602
1.033951968677052e+00	2.638617874999132e-01	2603
1.016706374520395e+00	2.958414821322884e-01	2604
9.979260036098917e-01	3.281072357697561e-01	2605
9.753492988241613e-01	3.593626766758425e-01	2606
9.489899941442292e-01	3.892723490533662e-01	2607
9.188483358557997e-01	4.179077521279446e-01	2608
8.846476493308002e-01	4.453652263615909e-01	2609
8.465498547856116e-01	4.711575045279064e-01	2610
8.054394821502686e-01	4.944359679321151e-01	2611
7.625038351653671e-01	5.145017181009567e-01	2612
7.164705736838715e-01	5.293481924013227e-01	2613
6.704477882294758e-01	5.440666508812726e-01	2614
-9.856324318636622e-02	1.049734892451965e-01	2615
-2.021769934409787e-02	3.188376201283395e-01	2616
2.863936400894183e-03	3.470872397310318e-01	2617
-5.436408012542588e-02	2.633555460167349e-01	2618
-6.543655534841505e-02	2.410307306538084e-01	2619
6.112702516367507e-01	5.548112920741317e-01	2620
5.455864781010005e-01	5.592239163859904e-01	2621
4.770335857830815e-01	5.587874407827959e-01	2622
1.051329911505743e+00	9.139535620926297e-02	2623
1.049242905876141e+00	7.693616535689386e-02	2624
1.055803180930317e+00	-8.757548548236338e-02	2625
1.053130063529936e+00	1.085965234794159e-01	2626
5.930264334958185e-01	-5.711965705346247e-01	2627
6.450414714920673e-01	-5.638053892030970e-01	2628
1.326296186918909e-01	-4.775799432145164e-01	2629
1.774840009246322e-01	-5.021587711235982e-01	2630
2.212226821813135e-01	-5.211674354101758e-01	2631
2.626252391083617e-01	-5.358497995818123e-01	2632
3.293764612608977e-01	-5.537386576809360e-01	2633
1.010528033162101e+00	8.469069292337685e-03	2634
-9.727807142202212e-02	-4.155028553384050e-02	2635
1.025887414916436e+00	3.490078571565339e-02	2636
1.018020259909383e+00	2.267850656818470e-02	2637
4.730871347860395e-03	-4.426026722274664e-01	2638
-8.090068989360837e-02	-2.225824366568971e-02	2639
7.947827305336524e-01	-5.895894876650860e-01	2640
-2.295959999638256e-02	-4.095780154464265e-01	2641
-6.859800336578702e-02	9.040531744431066e-03	2642
1.013622071237698e+00	-4.042289757836083e-01	2643
9.226281679833067e-01	-5.071783767510079e-01	2644
7.435310453684627e-01	-6.112317283899704e-01	2645
3.848716080977310e-02	-4.754722876887951e-01	2646
-1.249286841851925e-01	-1.384803718189898e-01	2647
1.015159108405381e+00	1.618299651120977e-02	2648
5.072652272776558e-01	-6.472618674037842e-01	2649
-1.159211341202871e-01	8.217887726747423e-02	2650
1.023465693157207e+00	-2.654296222066398e-02	2651
1.007648434462787e+00	-5.373143793980225e-03	2652
1.007384092961446e+00	5.650092278718458e-03	2653
1.006831930891793e+00	-4.350419873440523e-03	2654
-7.642029652904915e-02	-6.457518510531121e-03	2655
2.797436364714895e-03	4.166070155750305e-01	2656
6.774469801663600e-02	4.788946034668891e-01	2657
1.027778219578743e+00	-3.393838950767818e-02	2658
1.015333770290669e+00	-1.491758817602062e-02	2659
1.003519521182056e+00	2.039772776269496e-03	2660
1.013015203032441e+00	-1.147808110430729e-02	2661
-1.152813463988797e-01	-2.237718556257300e-01	2662
-1.242741094468793e-01	-1.163770062201182e-01	2663
-1.174353357692937e-01	9.751080836908732e-02	2664
-1.186762627305032e-01	1.387843217455511e-01	2665
1.003771228703199e+00	-6.796409372704200e-04	2666
1.039536438137543e+00	5.233997068533226e-02	2667
6.881078441048705e-01	-6.287574790477171e-01	2668
1.051325006448108e+00	-3.325829479434904e-01	2669
9.877830068548286e-01	-4.400232998321766e-01	2670
-1.179948624048548e-01	1.152083627642049e-01	2671
1.107651933266928e-01	5.122110097362049e-01	2672
-9.799154334887493e-02	2.424321606068737e-01	2673
1.034673459829915e+00	4.909519008536998e-02	2674
1.051301271736424e+00	-6.426648733647683e-02	2675
5.721381609117561e-01	-6.437793263313323e-01	2676
-1.161693012318287e-01	-5.715536303902205e-02	2677
1.012400995895394e+00	1.196115341240004e-02	2678
4.404519655082391e-01	6.280641405387243e-01	2679
-1.231590998465084e-01	-9.820399215010842e-02	2680
1.615216843700761e-01	5.436430101838385e-01	2681
1.072067202184396e+00	-2.580992926751667e-01	2682
1.017063798733737e+00	-1.730639030485999e-02	2683
1.009093038467978e+00	7.534214863343937e-03	2684
1.008261950480687e+00	6.779975368939065e-03	2685
1.008586699469369e+00	-6.467618008921944e-03	2686
1.009459691996697e+00	-7.185472812714258e-03	2687
3.205166254476713e-02	4.476342307137864e-01	2688
1.061943617804819e+00	-2.964229973680489e-01	2689
-4.124322600283293e-02	3.597940112830713e-01	2690
-1.976764478660207e-02	3.884503426638268e-01	2691
1.065359434075927e+00	9.871587725691555e-02	2692
1.073838131297617e+00	-1.093048274676771e-01	2693
8.843564755783562e-01	-5.370424551287615e-01	2694
1.021985846877514e+00	2.738810425391379e-02	2695
-1.123871691114075e-01	5.782771107148789e-02	2696
8.416875702134053e-01	-5.647010281029188e-01	2697
-6.177658571842282e-02	3.264688316560936e-01	2698
1.003740355592873e+00	8.136815396064860e-04	2699
1.010947541454742e+00	-8.056253210544598e-03	2700
1.004861002936980e+00	3.358142186920700e-03	2701
1.006622283068101e+00	4.597045582552159e-03	2702
1.005005465610732e+00	-3.184446458061015e-03	2703
1.042251592927774e+00	-5.080443790656175e-02	2704
1.037299439755464e+00	-4.782660023086002e-02	2705
3.662487608040846e-01	6.149458417064418e-01	2706
1.068621915281359e+00	1.199631082134665e-01	2707
1.048084227872229e+00	6.630410760942138e-02	2708
-9.431900811058885e-02	4.186938293402345e-02	2709
2.940668232575493e-01	5.960411670042355e-01	2710
-1.058293605540921e-01	2.182214409413541e-01	2711
-1.109922675867096e-01	1.916927760274452e-01	2712
-1.150396705497985e-01	1.671278809427265e-01	2713
1.003600985592598e+00	-1.917036449118467e-03	2714
1.033839280995758e+00	3.765854791205385e-02	2715
1.035870103898272e+00	-3.632303163732814e-02	2716
1.034624971651964e+00	-3.683065302685836e-01	2717
-1.209132656154730e-01	-8.190001560896214e-02	2718
-1.187797870131935e-01	-6.956659741902872e-02	2719
-1.143716052810866e-01	7.010044885785460e-02	2720
2.207474205697972e-01	5.718710153458904e-01	2721
9.573308646305954e-01	-4.746592890522665e-01	2722
-7.920826155961151e-02	2.613651727206650e-02	2723
1.077457959301139e+00	-2.198780085377978e-01	2724
1.076924885633400e+00	-1.324393858702191e-01	2725
1.079126117673358e+00	-1.828517705516795e-01	2726
1.078331915139078e+00	-1.576271134229205e-01	2727
-1.070933357465974e-01	-2.519878379114014e-01	2728
-9.796237609747693e-02	-2.814503370249877e-01	2729
-4.758109935041752e-02	-3.771340115908049e-01	2730
-8.448306815755900e-02	-3.122889836617639e-01	2731
-6.748062403500096e-02	-3.458486297832744e-01	2732
-1.230803783720541e-01	-1.652207985499501e-01	2733
-1.199423945933137e-01	-1.926491061516198e-01	2734
1.070905703284820e+00	1.463548921462764e-01	2735
1.070514279960487e+00	1.788652213452981e-01	2736
1.067826719246828e+00	2.133931874848167e-01	2737
1.064695077988879e+00	2.493073829397013e-01	2738
1.053720153608497e+00	2.953667990913177e-01	2739
1.042037262413150e+00	3.324626182505248e-01	2740
1.022522897050566e+00	3.699429591599397e-01	2741
9.989236873508274e-01	4.069875276424584e-01	2742
9.707095711730778e-01	4.425762259593913e-01	2743
9.377517822145985e-01	4.766990569986562e-01	2744
8.999841852741929e-01	5.091805863840909e-01	2745
8.579318060456911e-01	5.391752191610711e-01	2746
8.127213489876696e-01	5.657265543299214e-01	2747
7.381968037566065e-01	5.960419750217418e-01	2748
-7.811570831703911e-02	2.941732748801377e-01	2749
-8.974091058055082e-02	2.670077205045235e-01	2750
6.544742567201614e-01	6.210882283293211e-01	2751
5.841330805215983e-01	6.299657703429713e-01	2752
5.118307968307709e-01	6.319457572715627e-01	2753
1.069670235522173e+00	-9.231678191962514e-02	2754
1.061656020311548e+00	8.259305353314454e-02	2755
1.065511801472427e+00	-7.878915789785755e-02	2756
4.289163934808147e-01	-6.430433365487807e-01	2757
6.296130100189408e-01	-6.408165567090114e-01	2758
7.944378684044205e-02	-5.089319043792890e-01	2759
1.258717711693605e-01	-5.423691676601671e-01	2760
1.738479415331976e-01	-5.696780334620380e-01	2761
2.204617523632767e-01	-5.884923962879375e-01	2762
2.783132349275649e-01	-6.101583135222982e-01	2763
3.499497516200881e-01	-6.298965785645446e-01	2764
-1.254238730413975e-01	-3.114195468397763e-01	2765
9.453983681917880e-01	-5.755020319329108e-01	2766
-7.702387808240220e-02	1.309882603045156e-02	2767
8.537039350057596e-01	-6.435643826001765e-01	2768
5.442130020126079e-01	-7.274390791742776e-01	2769
1.012910927884860e+00	-9.132644192901881e-03	2770
1.015233741979103e+00	-1.304867828877248e-02	2771
1.050449410863330e+00	-5.483781018124342e-02	2772
1.006181134118691e+00	-3.312477429346069e-03	2773
1.040072875461788e+00	-4.154862368155272e-02	2774
3.906762528628933e-01	6.996086790339190e-01	2775
7.997741768429339e-01	-6.724115819806800e-01	2776
-1.443014271026558e-01	-1.059043558261255e-01	2777
-1.480673920388682e-01	-1.532823701495626e-01	2778
1.011038780181938e+00	-6.189393719680050e-03	2779
9.834992996661518e-01	-5.370825200993320e-01	2780
-6.828117856623041e-02	4.026599886649952e-01	2781
-4.717800194950438e-02	4.339530112201027e-01	2782
1.066062378073033e+00	-4.106060552314754e-01	2783
9.022518607357392e-01	-6.110284032683273e-01	2784
1.037763494167184e+00	4.303015553819325e-02	2785
1.047661049045895e+00	5.679058388431774e-02	2786
-8.149907333402304e-02	5.765145570653608e-03	2787
1.024572900396280e-01	5.838260484557847e-01	2788
1.619267544489194e-01	6.211339540115921e-01	2789
-1.469476556766416e-01	-1.265602405003991e-01	2790
1.020826429099032e+00	-2.263347733931877e-02	2791
4.637245554543257e-01	-7.264312988705279e-01	2792
1.102889807674716e+00	-2.023172126649732e-01	2793
1.102784215156469e+00	-2.427934252097796e-01	2794
1.091581246983004e+00	-3.245566280365506e-01	2795
-1.329139637546815e-01	7.370909666568821e-02	2796
1.059436293843671e+00	7.024331544182466e-02	2797
5.232870857005077e-02	5.443393955077467e-01	2798
-4.856033439566612e-02	-4.585929499787601e-01	2799
2.079556571621483e-02	-5.382207106177862e-01	2800
1.018104666973263e+00	1.864475990903424e-02	2801
-1.128830436405183e-01	-4.459511612736694e-02	2802
1.022945718719550e+00	2.258669421088502e-02	2803
-7.389273069382306e-02	-4.221440013179869e-01	2804
7.402825984011053e-01	-6.967628791684576e-01	2805
1.043916540009218e+00	-4.530909538621349e-01	2806
-1.742768145612009e-02	-4.984951940167903e-01	2807
1.019255960999497e+00	-2.018137043891340e-02	2808
-1.375499376031053e-01	-7.261046321879740e-02	2809
1.008203056841849e+00	-4.094086267096815e-03	2810
1.008904676752985e+00	5.377187311961452e-03	2811
1.004273689346407e+00	7.777971883189380e-05	2812
-1.097798467942097e-01	4.539200191984168e-02	2813
-2.100849804090070e-02	4.689329972492691e-01	2814
1.027437398546455e+00	-3.013350884886714e-02	2815
1.018487541787240e+00	-1.445372318291712e-02	2816
1.004063849658085e+00	1.503671539164876e-03	2817
1.014521189741525e+00	1.362771813963397e-02	2818
1.004416087363632e+00	2.434009002497232e-03	2819
1.079421831417968e+00	-3.673105286693731e-01	2820
1.016635017815598e+00	-4.958400888665545e-01	2821
-1.408948244716636e-01	1.262300201747059e-01	2822
6.755799038260005e-01	-7.152284507397315e-01	2823
-1.384375980722385e-01	1.055266260419851e-01	2824
1.012424326233590e+00	9.631764625315767e-03	2825
-1.412722325134607e-01	-8.729552523914365e-02	2826
-1.360878479127794e-01	8.776472644513104e-02	2827
1.098307817336610e+00	-2.853816186920055e-01	2828
1.010715286233861e+00	6.619456157936503e-03	2829
1.009160062010240e+00	-5.026875442182529e-03	2830
1.224855932378118e-02	5.070166461062889e-01	2831
-8.910588127225279e-02	-1.149885162916448e-02	2832
-9.406697177909580e-02	-2.740873949777338e-02	2833
1.062426346217604e+00	-6.710760397999874e-02	2834
1.025748711985438e+00	3.112239028210540e-02	2835
-8.798329947099309e-02	3.658302572198068e-01	2836
1.007998577056005e+00	4.405083951631036e-03	2837
1.006024290790638e+00	3.536561875967693e-03	2838
1.004124022049043e+00	-1.357369286268825e-03	2839
1.081792127360873e+00	1.071853034025660e-01	2840
3.118763067303035e-01	6.797020400288788e-01	2841
-1.318609852113164e-01	2.399437681260199e-01	2842
-1.372336391680540e-01	2.105477823129362e-01	2843
-1.396182403209272e-01	1.836819476434719e-01	2844
-1.412085656756826e-01	1.558534089451819e-01	2845
1.004517415509094e+00	-2.275649974178489e-03	2846
-1.345096763022529e-01	-5.973516137739130e-02	2847
-1.306469185141641e-01	6.099984790892537e-02	2848
2.353669992165541e-01	6.541209015230457e-01	2849
-9.225298858280888e-02	2.983219503340404e-02	2850
1.091560019226880e+00	-1.186591367284991e-01	2851
1.100029466062169e+00	-1.694732529254512e-01	2852
-1.416140076881872e-01	-2.463971469717398e-01	2853
-1.357728220697352e-01	-2.766329680297951e-01	2854
-9.471951283387865e-02	-3.846801194716076e-01	2855
-1.128053853060752e-01	-3.472506103907828e-01	2856
-1.478969369189744e-01	-1.816584893024814e-01	2857
-1.465550567866076e-01	-2.121709995786679e-01	2858
1.087219255609062e+00	1.318029916164150e-01	2859
1.096490405124517e+00	-1.439191919952205e-01	2860
1.091161839594649e+00	1.630422967952243e-01	2861
1.093043112127015e+00	1.981993491558147e-01	2862
1.093496142545275e+00	2.339738232082233e-01	2863
1.090135110928202e+00	2.799734177167474e-01	2864
1.082087433067481e+00	3.249278543799021e-01	2865
1.068058581860834e+00	3.700465993621349e-01	2866
1.052001718446202e+00	4.150013017630350e-01	2867
1.027175818881969e+00	4.585869822829216e-01	2868
9.969905841396196e-01	5.011230972249229e-01	2869
9.608680959166170e-01	5.418950349652358e-01	2870
9.189995350357403e-01	5.803238858557297e-01	2871
8.722980630519573e-01	6.152407477912232e-01	2872
8.046669387603023e-01	6.518355885716546e-01	2873
-1.056358939185883e-01	3.285312157713720e-01	2874
-1.173540403446218e-01	2.949606793578865e-01	2875
-1.262618765088118e-01	2.656395125932259e-01	2876
7.197922898544332e-01	6.851011623129071e-01	2877
6.302166303946363e-01	7.064182547630250e-01	2878
5.510733847908408e-01	7.123118590760565e-01	2879
4.727110760583285e-01	7.107897295013775e-01	2880
1.085639359318349e+00	-9.735698507274289e-02	2881
1.079707625170564e+00	-8.179522429512559e-02	2882
1.076213291658058e+00	8.782301356924441e-02	2883
6.050959907409716e-01	-7.245367828950655e-01	2884
6.545794803105362e-02	-5.765653699806486e-01	2885
1.161466069587927e-01	-6.145564037769492e-01	2886
1.703381849264451e-01	-6.449605930973890e-01	2887
3.762828027542402e-01	-7.148828495364234e-01	2888
2.232544220335171e-01	-6.683884219437548e-01	2889
2.936022964887605e-01	-6.938184471242652e-01	2890
-7.861436720610426e-02	-5.135545078981089e-01	2891
-1.008345185098377e-01	4.476399211332940e-01	2892
3.311900274089757e-01	7.735097332177765e-01	2893
1.049787468589591e+00	-4.568338840588419e-02	2894
-1.679935934586235e-01	-3.047677277888908e-01	2895
1.005612137553247e+00	-2.320577246641635e-03	2896
1.047441524645377e+00	4.766562011344563e-02	2897
4.206750256967961e-01	7.935204655600000e-01	2898
1.127556586209313e+00	-4.054895463224735e-01	2899
9.372539567306161e-02	6.653545068457601e-01	2900
5.028019712595476e-01	-8.180631298997557e-01	2901
-1.459366247267003e-01	-3.858886830010223e-01	2902
-1.304549753724134e-01	-4.667928788746321e-02	2903
1.014744048982622e+00	1.089863790163485e-02	2904
1.079683466566586e+00	-5.057370636032980e-01	2905
1.010902699605936e+00	-4.305200028724284e-03	2906
1.009627462360336e+00	-3.590507949894235e-03	2907
1.004975336008544e+00	1.690604668537761e-03	2908
1.025428455379913e+00	-2.236306813621023e-02	2909
1.028435453890666e+00	-2.500369813269599e-02	2910
7.329000092769569e-01	-7.930457663066769e-01	2911
5.788247984566390e-01	-8.139426317280694e-01	2912
1.050487145187831e+00	-5.566917784917086e-01	2913
-1.752701473823485e-01	-1.673713767059807e-01	2914
1.007375748933987e+00	-3.165806695037140e-03	2915
-1.205920353525211e-01	4.072418492310816e-01	2916
1.004603144031630e+00	-6.924658119932293e-04	2917
1.026810272344375e+00	2.595648379022467e-02	2918
1.124450611534813e+00	-3.568153891043369e-01	2919
-1.686293171667758e-01	-1.131195547633364e-01	2920
-1.374150190738820e-01	3.665561039016773e-01	2921
-1.732142913379248e-01	-1.386251223155229e-01	2922
1.032731753559845e+00	-3.159070793319801e-02	2923
-8.975735957008725e-02	1.614560812672853e-02	2924
-1.587168255715671e-01	-3.428505883326943e-01	2925
-1.275994631815324e-01	-4.269919546919020e-01	2926
1.130699944325340e+00	-2.224711367836694e-01	2927
1.072496611465873e+00	7.410884299704469e-02	2928
1.060140620375812e+00	-5.873759413414242e-02	2929
8.668386913080535e-01	-7.325719580719243e-01	2930
1.641907514055307e-01	-7.296969512437539e-01	2931
4.081524301723532e-01	-8.093437542686990e-01	2932
9.722001805098888e-01	-6.517022270100459e-01	2933
6.523690754527124e-01	-8.109465963123679e-01	2934
1.012806482202738e+00	-7.085263751758339e-03	2935
1.015305099886552e+00	-1.029119185489076e-02	2936
1.057235168419169e+00	6.114135382601638e-02	2937
1.007219985893633e+00	3.444114410219022e-03	2938
8.035282979798551e-01	-7.660082330919438e-01	2939
1.017978430420687e+00	1.472165448551086e-02	2940
1.009441584985018e+00	3.970136819488751e-03	2941
1.014665144357197e+00	-6.058013682631920e-01	2942
-1.138551381944414e-02	5.733757453237870e-01	2943
1.098991910699800e+00	-4.545733674083194e-01	2944
9.230088333431522e-01	-6.941430966510825e-01	2945
1.040967612306072e+00	3.661249927432995e-02	2946
1.042923002903851e+00	-3.492031384589277e-02	2947
-7.859639679116980e-02	4.851903559474355e-01	2948
1.132593923191705e+00	-2.672894990183717e-01	2949
3.521381165235683e-02	6.187781627581873e-01	2950
-1.057767128620174e-01	-4.708309696597340e-01	2951
-4.336850362355622e-02	-5.610787700624349e-01	2952
1.020608866276316e+00	-1.704012550072800e-02	2953
-1.070557771166106e-01	3.324694447057201e-02	2954
-4.867618551080682e-02	5.272868071749416e-01	2955
1.004569833754074e+00	8.603597069409136e-04	2956
-1.628692830168254e-01	1.129794987904082e-01	2957
-1.587246819340138e-01	9.359701689015858e-02	2958
1.010676229795036e+00	4.740481630863898e-03	2959
-1.640162714766782e-01	-9.304109995164703e-02	2960
-1.568167760148545e-01	-6.830787837211116e-02	2961
-1.272662684043529e-01	4.801495815021990e-02	2962
1.130808191847690e+00	-3.109440014812585e-01	2963
1.012428554661563e+00	7.594255302329845e-03	2964
-1.043582539416489e-01	-1.553195999917606e-02	2965
-1.084082999418508e-01	-3.009135706038607e-02	2966
1.030951751281360e+00	3.282211631404083e-02	2967
1.005503689833163e+00	2.525179724069297e-03	2968
1.005045219035575e+00	-1.506729882474736e-03	2969
-1.674224559776983e-01	2.311899992676421e-01	2970
-1.671810514083818e-01	1.405660023497750e-01	2971
-1.686168674174343e-01	1.997451792332584e-01	2972
-1.681546552845238e-01	1.712044008620226e-01	2973
-1.524738975147417e-01	6.995430914487667e-02	2974
2.482544674787842e-01	7.458999591583797e-01	2975
1.670842335772445e-01	7.101824810732270e-01	2976
-9.587247772153651e-02	1.652182646548229e-03	2977
-1.736319719937557e-01	-2.679234499019683e-01	2978
-1.771660334475509e-01	-1.979026782258908e-01	2979
-1.762475417260885e-01	-2.335938010382564e-01	2980
1.101282320972180e+00	1.159412915892983e-01	2981
1.112325934236718e+00	-1.276490348788468e-01	2982
1.109062599932592e+00	1.450921017769891e-01	2983
1.119207808001032e+00	-1.537146943579689e-01	2984
1.115596084648225e+00	1.795694833140039e-01	2985
1.125637398755791e+00	-1.836493655070164e-01	2986
1.120250723411186e+00	2.159688771625644e-01	2987
1.123053921398413e+00	2.595287238192605e-01	2988
1.121325013751962e+00	3.090019428229853e-01	2989
1.113847717361232e+00	3.597736406022176e-01	2990
1.102800491457870e+00	4.080437072556069e-01	2991
1.083158121003968e+00	4.618011546905069e-01	2992
1.060853854493555e+00	5.146462280010673e-01	2993
1.028291625271132e+00	5.653799164105142e-01	2994
9.886046468794263e-01	6.141913624928234e-01	2995
9.419996666329310e-01	6.597055489945296e-01	2996
8.778915359756305e-01	7.059324161317206e-01	2997
-1.500408299319874e-01	3.253504100484519e-01	2998
-1.586030243034370e-01	2.915135634525671e-01	2999
-1.634625044285246e-01	2.603099784387244e-01	3000
7.943778266598184e-01	7.493179084072973e-01	3001
6.965211342154358e-01	7.833676807820291e-01	3002
5.981686195100031e-01	7.999488185757243e-01	3003
5.110030039934842e-01	8.020256873744960e-01	3004
1.104100056379469e+00	-1.036417825286138e-01	3005
1.074976079459660e+00	-6.928407383195230e-02	3006
1.095902004324774e+00	-8.448777212000110e-02	3007
1.093176271386277e+00	9.353029527491336e-02	3008
-1.240806086472057e-03	-6.083953741861161e-01	3009
4.782371546991793e-02	-6.521911843431087e-01	3010
1.058247727924336e-01	-6.957952529123873e-01	3011
3.133774124637765e-01	-7.880758732902704e-01	3012
2.298904474356940e-01	-7.592470214943503e-01	3013
1.056146661226459e+00	5.143693439817289e-02	3014
1.118059799371004e+00	-5.613040051944805e-01	3015
-1.911397781142365e-01	1.225526637463683e-01	3016
1.008707640958754e+00	-2.813207411217629e-03	3017
1.170998140995050e+00	-3.778404595021245e-01	3018
1.168047259750287e+00	-3.392918714182499e-01	3019
3.556966277868135e-01	8.786256856773326e-01	3020
8.037415346853637e-01	-8.720141235533213e-01	3021
1.005511879855099e+00	9.149081098458308e-04	3022
1.006063176678223e+00	-1.402542466252304e-03	3023
1.033126157674477e+00	2.685669388331551e-02	3024
1.644701362006606e-02	7.035809853791074e-01	3025
8.798171590288919e-01	-8.334676392292418e-01	3026
1.012686987042420e+00	-5.098790873822144e-03	3027
1.017781530977565e+00	-1.174454496825076e-02	3028
2.407308559573701e-01	-8.622037166627663e-01	3029
1.089860860117387e+00	-6.227374605541481e-01	3030
1.045591862922067e+00	4.288219472406971e-02	3031
1.071285489944527e+00	-6.019292589770867e-02	3032
8.761924107452683e-02	7.594695788072942e-01	3033
9.190738332600851e-02	-7.862936627290237e-01	3034
1.023011864556642e+00	-1.939679038488007e-02	3035
1.005144618356697e+00	9.585501940144875e-05	3036
1.027614309943032e+00	2.116887368775364e-02	3037
-2.069397236735810e-01	-1.804384859282717e-01	3038
-1.244409165513153e-01	-3.105693291878547e-02	3039
1.005547928898250e+00	-7.073914475075923e-04	3040
-2.102898527618380e-01	-2.920168611217598e-01	3041
-1.092154070732599e-01	-2.479774235826113e-03	3042
2.610919747532406e-01	8.487530041534532e-01	3043
-1.390940355959317e-01	4.959954521422892e-01	3044
-1.038538809010572e-01	1.681008950844184e-02	3045
1.039060394202539e+00	-3.078400312161262e-02	3046
1.088075300804802e+00	7.759011144190175e-02	3047
4.573767960243286e-01	8.973726261776596e-01	3048
-8.155289161616663e-02	5.927104057777275e-01	3049
-1.132512972587737e-01	-5.754861724201134e-01	3050
-1.996727140108614e-01	1.848862481902823e-01	3051
-2.051370505076565e-01	-3.336123159223023e-01	3052
7.147234102452980e-01	-9.011734547239739e-01	3053
1.598315754647604e-01	-8.264669954930064e-01	3054
-1.422841349223401e-01	-5.235494745729754e-01	3055
4.460404489890873e-01	-9.137285164095650e-01	3056
-1.975730088344668e-01	-3.773488110782650e-01	3057
1.017129543044298e+00	1.246248859168661e-02	3058
1.008563321749330e+00	3.153802044726363e-03	3059
1.021941708177331e+00	-1.378122009751115e-02	3060
9.461564418285602e-01	-7.879108783781789e-01	3061
-2.114153722138179e-01	-2.532003269235784e-01	3062
1.006705932851369e+00	-2.261553678126380e-03	3063
-1.592014678478577e-01	4.514316990352646e-01	3064
1.021169711919903e+00	1.657732979152415e-02	3065
1.029733616504174e+00	-2.047244057187088e-02	3066
1.167768583814291e+00	-2.904110725163906e-01	3067
-1.876007088721846e-01	3.595742802882531e-01	3068
-1.746275915478681e-01	4.059558226900851e-01	3069
-1.500738467811790e-01	-4.770707300775519e-02	3070
-1.831043368512028e-01	-4.267016445196122e-01	3071
1.058590416590019e+00	-4.906667236045292e-02	3072
3.391402983399464e-01	-8.938226260509213e-01	3073
1.003136842613945e+00	-7.369669711391673e-01	3074
5.829262891833957e-01	-9.159124879544869e-01	3075
1.014894370177008e+00	-8.010220361269043e-03	3076
1.068521557262077e+00	6.326250979291791e-02	3077
1.010989208904948e+00	-2.654430757983806e-03	3078
1.050993776529584e+00	-6.816923808348709e-01	3079
-3.827479003826538e-02	6.484429274253939e-01	3080
1.157406040027916e+00	-4.557820330200341e-01	3081
1.141493762784458e+00	-4.995237313676143e-01	3082
1.034728915924659e+00	-2.558589831248027e-02	3083
-1.147026674661265e-01	5.430012980226903e-01	3084
-1.664608636963836e-01	-4.731987785004586e-01	3085
-1.817816015490436e-01	-7.428784309391868e-02	3086
-1.469482141983047e-01	4.962518578109108e-02	3087
1.010844426118741e+00	3.101640200047951e-03	3088
1.012413151109786e+00	5.613660010961596e-03	3089
-1.846339896936748e-01	9.804892774126009e-02	3090
-1.898842694305696e-01	-9.751533199584504e-02	3091
-1.963108041330113e-01	1.547743501236021e-01	3092
-1.237662265681783e-01	3.563657163097032e-02	3093
1.014458445130753e+00	8.614430625253331e-03	3094
-1.207171636289958e-01	-1.892349967555453e-02	3095
1.037327573646727e+00	3.232632047659729e-02	3096
1.005994600329661e+00	1.630419832598679e-03	3097
1.006595556054088e+00	2.514257915341667e-03	3098
-1.966502613237796e-01	-1.210304501564089e-01	3099
-2.023634804909646e-01	-1.507811374936178e-01	3100
-2.020368788863231e-01	2.167354988593301e-01	3101
-1.773769402117355e-01	7.581586908129211e-02	3102
1.723981828449612e-01	8.104444602583583e-01	3103
-2.112761930166956e-01	-2.162988323232116e-01	3104
1.124135469415914e+00	1.256280173404321e-01	3105
1.136018086918079e+00	-1.352545022484134e-01	3106
1.135000835305526e+00	1.582373186957614e-01	3107
1.145900577743833e+00	-1.635171024666982e-01	3108
1.144322996732718e+00	1.946092253326313e-01	3109
1.155376253838338e+00	-1.993560615048852e-01	3110
1.152460544976769e+00	2.360263355518027e-01	3111
1.163477352644259e+00	-2.433563437564988e-01	3112
1.157606263306918e+00	2.857671778684021e-01	3113
1.157862594983559e+00	3.405688192749640e-01	3114
1.152907114811730e+00	3.943477549728438e-01	3115
1.140729782474562e+00	4.525894765382210e-01	3116
1.124036769456346e+00	5.104121746766843e-01	3117
1.096693367989854e+00	5.736170771960185e-01	3118
1.064971921611289e+00	6.358503262417188e-01	3119
1.021377270030224e+00	6.943922413267045e-01	3120
9.610520585408497e-01	7.535020403284295e-01	3121
-1.951124500069756e-01	3.188141849464702e-01	3122
-1.999005547694800e-01	2.820276895336530e-01	3123
-2.016576397325001e-01	2.506260168089894e-01	3124
8.795167070754862e-01	8.104730537131702e-01	3125
7.783192186982270e-01	8.592136587268105e-01	3126
6.648865276886178e-01	8.912904659375794e-01	3127
5.577873764740736e-01	9.019756915776037e-01	3128
1.125595843226602e+00	-1.096140307635280e-01	3129
1.089567271605906e+00	-7.041876569235725e-02	3130
1.114600842559191e+00	-8.775660594372632e-02	3131
1.113107097618543e+00	9.913339664615402e-02	3132
-7.415864803141638e-02	-6.302778695351074e-01	3133
-2.752468328627800e-02	-6.865720045123426e-01	3134
2.832652175595118e-02	-7.377900902790520e-01	3135
1.048915389123612e+00	3.564239631604100e-02	3136
9.706669481267515e-01	-8.943672274401223e-01	3137
1.006553589944353e+00	-5.003610432606549e-04	3138
1.017586708816501e+00	-8.817017836586156e-03	3139
-1.860704803168433e-01	-5.815716556609459e-01	3140
-6.828652505622211e-02	7.338599870035010e-01	3141
1.024168527445686e+00	1.822676252622790e-02	3142
1.188002711563253e+00	-5.522037077250695e-01	3143
1.132896048374245e+00	-6.930817192016967e-01	3144
1.035598105105554e+00	-1.971842700651735e-02	3145
-1.404256606058570e-01	-2.542250071144377e-02	3146
-1.196747801884101e-01	1.520416266911449e-02	3147
-1.189645900802646e-01	6.671618829804068e-01	3148
-1.904289175541075e-03	8.014775332304952e-01	3149
2.775454655062759e-01	9.645296216025980e-01	3150
1.066291278311704e+00	5.521689957377625e-02	3151
3.722011449780672e-01	-1.011752106395635e+00	3152
2.572604587599591e-01	-9.785612804485789e-01	3153
-2.519354709475867e-01	-2.734449566127588e-01	3154
1.014342947982287e+00	6.457044610243432e-03	3155
1.024310884464385e+00	-1.622858013300678e-02	3156
-2.377967852329947e-01	3.478873022935944e-01	3157
7.939273359819679e-01	-9.925456675127750e-01	3158
1.014663204486116e+00	-5.851233881921913e-03	3159
1.021541213870376e+00	2.041451032461775e-02	3160
-1.840300137933503e-01	5.495676327474551e-01	3161
1.045511505133166e+00	-2.860414839407428e-02	3162
-2.516885956392684e-01	-3.179046115573625e-01	3163
-2.435594477491444e-01	-1.938651636113400e-01	3164
1.017096519056375e+00	9.548006907519484e-03	3165
-1.735984922425269e-01	-5.067765756376602e-02	3166
-2.041994198098550e-01	4.988220981740280e-01	3167
1.106097104946612e+00	8.117364866781401e-02	3168
1.203406330962222e+00	-4.971339861746844e-01	3169
1.214725175154053e+00	-4.253219075614469e-01	3170
1.151025476732595e+00	1.349852375175396e-01	3171
-2.359098185979915e-01	1.981635293654298e-01	3172
3.875960794920741e-01	9.959312386157759e-01	3173
1.068841858588294e+00	-5.241196096575577e-02	3174
1.083809567559122e+00	-6.039447160031822e-02	3175
5.005293174630544e-03	-8.335720327443115e-01	3176
-2.489789874043881e-01	-3.633044346669086e-01	3177
1.166403757655204e+00	-6.203180027829597e-01	3178
5.032808701767150e-01	1.011630013448364e+00	3179
8.903731011362810e-01	-9.483972058995608e-01	3180
1.010041657227924e+00	-2.166732741243289e-03	3181
1.012568316938923e+00	-3.567410199026091e-03	3182
1.052445877732609e+00	-3.639829735394291e-02	3183
1.057064888345322e+00	-3.971827148530760e-02	3184
1.589234547256915e-01	-9.370937363566983e-01	3185
1.020657359682887e+00	1.281920747378097e-02	3186
1.006130125225510e+00	1.169174656631426e-04	3187
-1.425387281125584e-01	3.679787435776862e-02	3188
8.201616750517755e-02	8.664917834307962e-01	3189
-2.284583343811832e-01	-4.687157118434204e-01	3190
-2.194115658419648e-01	4.467593671317656e-01	3191
7.678093892605627e-02	-8.886502586277748e-01	3192
6.611038969991869e-01	-1.021135024422978e+00	3193
-2.105607565440113e-01	-5.248783860960714e-01	3194
1.009924150510878e+00	2.571474901232197e-03	3195
1.043897661286036e+00	3.047368014592193e-02	3196
1.007940608514677e+00	-2.048874130190653e-03	3197
1.007198840602290e+00	-1.224018826861260e-03	3198
1.027210987128851e+00	-1.843488985609856e-02	3199
1.214608144874528e+00	-3.548377639283704e-01	3200
1.208818024259954e+00	-3.144115314599221e-01	3201
-2.299989920353567e-01	3.965936413045525e-01	3202
-2.421043996768919e-01	-4.167585897403036e-01	3203
1.037934677676519e+00	-8.328874875012536e-01	3204
5.125516427025655e-01	-1.027248637174198e+00	3205
1.081466649101600e+00	6.472409737926503e-02	3206
1.092704894228828e+00	-7.658317409768088e-01	3207
-1.559529942587500e-01	6.069014266676603e-01	3208
-2.360666427500962e-01	-1.605195974225557e-01	3209
1.012372701278030e+00	4.083826480909315e-03	3210
-1.701826306214711e-01	5.288947640699124e-02	3211
-2.096088701923616e-01	-7.745999267292196e-02	3212
-2.144127798974845e-01	1.031153179847412e-01	3213
-2.301389992629704e-01	1.661173164188680e-01	3214
-1.288982374042675e-01	-8.191430238668724e-04	3215
1.039633981303193e+00	2.624235771463840e-02	3216
1.041142874220471e+00	-2.462939971126141e-02	3217
1.006524925440277e+00	7.521354162436937e-04	3218
1.007135058902671e+00	1.502476289496862e-03	3219
1.007835662522635e+00	2.357601909181940e-03	3220
-2.194016810545824e-01	-1.015694722656985e-01	3221
-2.281670084505312e-01	-1.302008617585958e-01	3222
-2.229380748854049e-01	1.337878977798815e-01	3223
-2.051431223359837e-01	7.886276646642688e-02	3224
1.773330765700855e-01	9.230573290207005e-01	3225
-2.490155862161237e-01	-2.343137849701510e-01	3226
1.163405932246477e+00	-1.414227305133422e-01	3227
1.165043698209883e+00	1.701355090924515e-01	3228
1.176820265426319e+00	-1.743651979019132e-01	3229
1.178261780811408e+00	2.096999049341717e-01	3230
1.190319292867515e+00	-2.154833999157092e-01	3231
1.189848734736244e+00	2.575662813421611e-01	3232
1.201342014379888e+00	-2.634385782229064e-01	3233
1.198247607514736e+00	3.132501775091881e-01	3234
1.200857927600559e+00	3.718945617163070e-01	3235
1.197242996825369e+00	4.342486808719833e-01	3236
1.187455498498068e+00	4.976282075831315e-01	3237
1.168413004535270e+00	5.673269786203637e-01	3238
1.143088417175036e+00	6.366767527878388e-01	3239
1.104216859829962e+00	7.106837990288766e-01	3240
1.054221153392896e+00	7.882388209747105e-01	3241
-2.396541480557646e-01	2.340577750432880e-01	3242
-2.407413243993581e-01	3.060927573170851e-01	3243
-2.415691988944535e-01	2.686306981609639e-01	3244
9.770231942076113e-01	8.628877646357148e-01	3245
8.753435697266737e-01	9.303641655628161e-01	3246
7.524657036695543e-01	9.821423736347606e-01	3247
6.232942510828099e-01	1.008727833561634e+00	3248
1.149976970168336e+00	-1.145551420380513e-01	3249
1.106698957555393e+00	-7.136261993514954e-02	3250
1.136272505449885e+00	-9.046730765314832e-02	3251
1.136401604039594e+00	1.051502673749810e-01	3252
-1.537804034524613e-01	-6.451529490660501e-01	3253
-1.111214304116636e-01	-7.076993475551304e-01	3254
-5.742595704795959e-02	-7.745751550173924e-01	3255
-2.927202718695356e-01	-2.504036988415357e-01	3256
-2.766455433931363e-01	2.120005723303235e-01	3257
5.916833257418201e-01	-1.149675812577378e+00	3258
1.075957291878568e+00	-9.416784002689327e-01	3259
-9.959592606483529e-02	8.319599964114794e-01	3260
-2.994393976969024e-01	-3.965085562324001e-01	3261
-2.349022799211238e-01	6.104529458033581e-01	3262
4.297233258302674e-01	1.126088861971917e+00	3263
1.055081506667557e+00	4.208850811575036e-02	3264
1.009204936632797e+00	-1.548126207474735e-03	3265
1.012599169821243e+00	-1.691223607120658e-03	3266
1.066517176069550e+00	-4.246041941056632e-02	3267
-2.140755969411991e-02	-9.415505398878995e-01	3268
2.812993647541636e-01	-1.109515487764616e+00	3269
4.284741297525580e-01	-1.142399180936960e+00	3270
1.025555397386739e+00	-1.264870603965051e-02	3271
-2.033758471018540e-01	6.780411413154120e-01	3272
-9.207832669847411e-02	-8.730955850237097e-01	3273
1.019777783858076e+00	1.096996143523830e-02	3274
1.020349892629583e+00	-1.011360701588260e-02	3275
1.844554420791623e-01	1.049900454318623e+00	3276
1.016954152464568e+00	-6.703643740425428e-03	3277
-1.635314961668954e-01	3.653585730843387e-02	3278
-1.990758898750978e-01	-5.295775709324835e-02	3279
-2.880692858214358e-01	3.305188914968045e-01	3280
1.028455742663058e+00	1.672639190044111e-02	3281
-2.407859190905301e-01	-7.867757758604442e-02	3282
1.064496890674838e+00	4.468893071340969e-02	3283
-2.747031589062040e-01	-1.690636267207033e-01	3284
-2.688155667452711e-01	1.756199900803365e-01	3285
3.008495272719127e-01	1.094778379389189e+00	3286
-2.613928721651148e-01	-5.800050770948820e-01	3287
1.181957143475801e+00	1.432434961946348e-01	3288
1.186700311973572e+00	-7.698446193325323e-01	3289
5.671010472014770e-01	1.135292160349008e+00	3290
-2.846541712156128e-01	-2.086027354131562e-01	3291
1.127351914554581e+00	8.448067653421114e-02	3292
1.631418450773188e-01	-1.063396582141840e+00	3293
-2.369741108900602e-01	-6.468306821352762e-01	3294
1.097755063940700e+00	-5.902307337378845e-02	3295
9.945185993411692e-01	-1.016193976518258e+00	3296
-2.060461470306328e-02	9.135918030163948e-01	3297
1.244049930375390e+00	-6.071252155569034e-01	3298
1.034818476036177e+00	2.113202992502631e-02	3299
-1.608652319026716e-01	7.523561811439216e-01	3300
1.077792045083541e+00	5.637993734743028e-02	3301
1.016580415162386e+00	7.416145358914407e-03	3302
1.024238599613359e+00	1.432959597625607e-02	3303
1.031075243432960e+00	-1.621784601694685e-02	3304
1.028019133800976e+00	-1.434662182653989e-02	3305
-2.862548512116937e-01	3.807463415707862e-01	3306
7.537135490329355e-01	-1.129474062650073e+00	3307
1.014464782511676e+00	-4.194030969397643e-03	3308
1.047385679264607e+00	-2.213405474607519e-02	3309
-2.979340389123226e-01	-2.955781897113605e-01	3310
-2.559596687564422e-01	5.490775500142876e-01	3311
1.257531485221020e+00	-5.417373954133130e-01	3312
1.266136753365107e+00	-4.699888753039924e-01	3313
1.080269639456699e+00	-5.310875151476792e-02	3314
-3.000501206046649e-01	-3.431918896796700e-01	3315
1.219446482723351e+00	-6.884984716857676e-01	3316
8.925723197999571e-01	-1.080505022745349e+00	3317
1.012498843608280e+00	2.214906989880781e-03	3318
6.268678371258400e-02	-1.005568614166465e+00	3319
-1.363650543866461e-01	1.736991194472186e-02	3320
7.572429774692377e-02	9.874110891273629e-01	3321
-2.920972933278062e-01	-4.572665212792129e-01	3322
-2.714532046596366e-01	4.904968397937913e-01	3323
-2.805159508456562e-01	-5.157674270901179e-01	3324
1.046044380667732e+00	2.408730555224039e-02	3325
1.051298387742267e+00	2.836349645988824e-02	3326
1.008418619799941e+00	-8.743047175770386e-04	3327
1.265813968161190e+00	-3.896505788376725e-01	3328
-2.805650629823765e-01	4.336806367808899e-01	3329
1.098194658124495e+00	6.541930060677903e-02	3330
1.136076897137249e+00	-8.568049993800761e-01	3331
-1.501646724632323e-01	-5.992622328949824e-03	3332
1.014231063590324e+00	4.798033243733804e-03	3333
-1.684003015080369e-01	-2.229963762291589e-02	3334
-1.953534676874078e-01	5.504433818583986e-02	3335
-2.591937368781235e-01	1.425265342394653e-01	3336
1.041839450930454e+00	-1.823188851127381e-02	3337
1.007531699809614e+00	2.260528241749093e-04	3338
1.008368119300786e+00	1.208217458083804e-03	3339
1.009120037984441e+00	1.916270615837872e-03	3340
-2.639766431911871e-01	-1.368387494037610e-01	3341
-2.530741238065856e-01	-1.067349133557959e-01	3342
-2.485093503860216e-01	1.099694364097555e-01	3343
-2.364796815797094e-01	8.060184941567709e-02	3344
1.200104687466317e+00	1.806633261331138e-01	3345
1.194907297058778e+00	-1.476553616592634e-01	3346
1.212994292746503e+00	-1.850794301537330e-01	3347
1.217618671100574e+00	2.257821805427357e-01	3348
1.256742894049872e+00	-3.279505834427138e-01	3349
1.230417460729285e+00	-2.313132692295873e-01	3350
1.233721426685096e+00	2.797155044121762e-01	3351
1.245445383910509e+00	-2.827869789089013e-01	3352
1.245164116791101e+00	3.408091084751851e-01	3353
1.250907968151223e+00	4.063375099180769e-01	3354
1.249898011475135e+00	4.750678948851658e-01	3355
1.240179711286094e+00	5.497127970137823e-01	3356
1.222864770459757e+00	6.267306676874170e-01	3357
1.192938441686211e+00	7.102494610539533e-01	3358
1.151770340484494e+00	7.964396217319800e-01	3359
-2.829107333465482e-01	2.489951257276697e-01	3360
-2.874221777975267e-01	2.884039357511806e-01	3361
1.086297590055429e+00	8.986155397928776e-01	3362
9.884987507849359e-01	9.901347665649243e-01	3363
8.611389668700170e-01	1.067199104053846e+00	3364
7.137761979163855e-01	1.117867275256875e+00	3365
1.177729996963342e+00	-1.173565784313060e-01	3366
1.126267089942916e+00	-7.231987043176145e-02	3367
1.160863332612445e+00	-9.232325173148231e-02	3368
1.163626113308246e+00	1.105131819735645e-01	3369
-2.002917208991153e-01	-7.221125345211308e-01	3370
-1.531189113826316e-01	-7.957178645115112e-01	3371
5.035049751989665e-01	-1.284723166297171e+00	3372
-1.338392858746399e-01	9.451953428425200e-01	3373
-3.556853764817059e-01	-3.700723455309984e-01	3374
1.058488987876345e+00	3.435292197593948e-02	3375
1.052770872388439e+00	-2.724597446536391e-02	3376
-4.924886335960049e-02	-1.064545349692040e+00	3377
5.174134856966204e-02	-1.139752689711872e+00	3378
1.190480947358200e+00	-9.585485861515244e-01	3379
1.012582999549115e+00	-1.157514429259127e+00	3380
-2.068261283211067e-01	8.518879451011133e-01	3381
1.010391019793076e+00	1.180034517202745e-03	3382
-1.563419162292365e-01	1.880715219177841e-02	3383
1.240602155750593e+00	1.911817623136191e-01	3384
3.344405339668921e-01	1.241220943257220e+00	3385
-2.008008509713762e-01	-8.953808449191056e-01	3386
7.031885003083385e-02	1.124413995941739e+00	3387
1.075254872857799e+00	4.827029694842859e-02	3388
1.115407884649857e+00	-5.664119230114373e-02	3389
6.896897648315868e-01	-1.278548361830003e+00	3390
1.028185724133455e+00	1.232797927040262e-02	3391
-2.579299377843085e-01	7.591890678913653e-01	3392
1.014232141320616e+00	-2.400442414047822e-03	3393
1.036825548418843e+00	-1.427086251046732e-02	3394
1.283547677357558e+00	-7.611705292697788e-01	3395
-3.558985038239733e-01	-4.337314325810316e-01	3396
1.115624552614043e+00	-1.066405807472476e+00	3397
1.016637913470798e+00	-4.779327891184296e-03	3398
-3.161056637050260e-01	6.043786960379303e-01	3399
1.010439861640065e+00	-7.521059728688724e-04	3400
-3.230337460094987e-01	2.231477248290413e-01	3401
1.090614425225583e+00	5.575119735775382e-02	3402
-1.882658611540145e-01	-2.569437948774194e-02	3403
1.016366983667454e+00	5.485823207813189e-03	3404
-2.273148903864766e-01	-5.241252960578118e-02	3405
1.231466661253228e+00	-1.528859712102058e-01	3406
4.899753566872252e-01	1.268907627004537e+00	3407
6.576285017472735e-01	1.265075113444170e+00	3408
1.117408707838944e+00	6.684287385975202e-02	3409
-1.315477517890788e-01	-9.838298614435323e-01	3410
-3.421679290701827e-01	4.136767305935374e-01	3411
-3.315169037613039e-01	-2.209180446477312e-01	3412
-2.916480981679830e-01	6.784923677941257e-01	3413
1.064090488352195e+00	-3.293282275339521e-02	3414
1.012548770166916e+00	2.623476289595788e-04	3415
1.747605880611476e-01	-1.206823219727041e+00	3416
3.250881404500888e-01	-1.257210312380815e+00	3417
1.024284669263368e+00	-8.616947040934271e-03	3418
1.019862455135484e+00	-7.070040981270540e-03	3419
1.969426255199597e-01	1.193250362985750e+00	3420
-3.420360326107444e-01	3.577186704775605e-01	3421
-2.238286040631444e-01	5.443616128530362e-02	3422
1.243026761157479e+00	-8.604575846157276e-01	3423
-3.183506030058291e-01	-1.788064348851382e-01	3424
-3.126260557583853e-01	1.851436219439679e-01	3425
1.151853663585505e+00	8.739905706983633e-02	3426
-3.218281476421478e-01	-6.394331320848822e-01	3427
-4.079583374465551e-02	1.041040475813492e+00	3428
1.307175236551150e+00	-6.702685212897134e-01	3429
1.019459399611189e+00	7.923976873496856e-03	3430
1.031629266881110e+00	-1.186324061549927e-02	3431
1.028852108796577e+00	-1.048953433735425e-02	3432
1.041087961552325e+00	1.993832274232063e-02	3433
1.047962864873347e+00	-1.538874476209640e-02	3434
1.321455620626500e+00	-5.887221703589676e-01	3435
1.326886780687207e+00	-5.134151937920393e-01	3436
1.077376441123725e+00	-4.520235008474085e-02	3437
-3.425839551592043e-01	-2.671931325426015e-01	3438
-3.385435452910763e-01	3.086976159935501e-01	3439
8.685799466647718e-01	-1.234071692664316e+00	3440
1.014092031116760e+00	2.999789267012826e-03	3441
-3.410565157876660e-01	-5.682815916204940e-01	3442
-3.302679340279381e-01	5.376500626549522e-01	3443
-3.510735922607314e-01	-4.989063403812597e-01	3444
1.052865407354662e+00	2.112749332087777e-02	3445
1.323870953554582e+00	-4.292819169861961e-01	3446
-3.392724455130057e-01	4.724834116207841e-01	3447
-1.721085602055593e-01	6.173735918875937e-04	3448
-1.875400532892264e-01	3.608854939821928e-02	3449
-3.001751824673244e-01	1.484459912497838e-01	3450
-2.761976946016292e-01	-7.971556540878538e-02	3451
1.009435137119369e+00	2.440328901020349e-04	3452
-3.044641389255794e-01	-1.410076376175467e-01	3453
-2.868347883851434e-01	1.152390053063735e-01	3454
-2.907381468673578e-01	-1.099330623512489e-01	3455
-2.723107460635214e-01	8.287167853985296e-02	3456
1.217600021792342e+00	1.493273571875711e-01	3457
1.254493110764892e+00	-1.956356438652018e-01	3458
1.263645017831121e+00	2.417165269029968e-01	3459
1.295396624155904e+00	-2.940586726728493e-01	3460
1.276802808689130e+00	-2.454709208976548e-01	3461
1.284073056831021e+00	3.021968672186780e-01	3462
1.311911457332289e+00	-3.510438720959340e-01	3463
1.299933701287218e+00	3.693096196578515e-01	3464
1.309284873802484e+00	4.418343160105361e-01	3465
1.310122699585573e+00	5.211125052429157e-01	3466
1.302810827464368e+00	6.044889823848059e-01	3467
1.283560918251608e+00	6.958180152018624e-01	3468
1.252489277944049e+00	7.918376926993621e-01	3469
-3.322408677087367e-01	2.633422962392477e-01	3470
-3.502954442905466e-01	-3.167509947840544e-01	3471
1.201884944314657e+00	9.008709046704578e-01	3472
1.117816008289196e+00	1.030255719552994e+00	3473
9.913332677638831e-01	1.138116576545424e+00	3474
8.323853690967821e-01	1.221612265365045e+00	3475
1.209344376765234e+00	-1.193105514121700e-01	3476
1.148531666818592e+00	-7.221913572356851e-02	3477
1.188559811918593e+00	-9.173739444490497e-02	3478
1.194857892201356e+00	1.147539033027953e-01	3479
-2.947432093044197e-01	-7.209580453100115e-01	3480
-2.534422242939095e-01	-8.074794894793730e-01	3481
3.906394814762190e-01	-1.421052155289336e+00	3482
1.047182627263746e+00	1.724391531011450e-02	3483
-4.181328086722021e-01	-4.012760797268241e-01	3484
1.009490871814355e+00	-1.325249229443142e+00	3485
-4.069914452281968e-01	4.465356191927513e-01	3486
1.014233376838503e+00	-5.329967745337780e-04	3487
1.135595220360077e+00	-5.510399962750072e-02	3488
2.184113142075430e-01	1.355330627890667e+00	3489
5.781003969442340e-01	1.421717309367110e+00	3490
3.864857278546670e-01	1.404509109577750e+00	3491
1.180072290723514e+00	8.907308548800130e-02	3492
1.061810407799705e+00	-2.322487339474998e-02	3493
-3.581438031705347e-01	7.541715505167276e-01	3494
-3.154464723913448e-01	-9.036435861577520e-01	3495
1.071059898692632e+00	3.626128654052747e-02	3496
6.013123753538784e-01	-1.436619832940329e+00	3497
1.249530888573174e+00	-1.078826303545201e+00	3498
1.024668547714230e+00	1.029580029946272e-02	3499
1.032361055420989e+00	1.426743775128924e-02	3500
1.311130258900894e+00	-9.596022934499603e-01	3501
-3.616933711202711e-01	1.920713484164900e-01	3502
1.139634252752474e+00	6.757933302816632e-02	3503
-3.971270142552699e-01	3.292200237826681e-01	3504
1.023014196854835e+00	-5.116841400837259e-03	3505
1.036053166300958e+00	-9.079228518692247e-03	3506
-3.298071687085359e-01	1.171096249356561e-01	3507
-3.988681677507385e-01	5.873826901811294e-01	3508
1.054346873733914e+00	-1.960286696155808e-02	3509
-3.755023870559309e-01	2.322837261018525e-01	3510
1.104922644950153e+00	5.244165698688109e-02	3511
-1.990015289139107e-01	-9.661339718513952e-04	3512
-3.678430178926235e-01	-1.861330569932783e-01	3513
1.037036623942027e+00	1.568669028331968e-02	3514
-2.152728921042604e-01	-2.856378266701159e-02	3515
1.287690368396107e+00	2.005536086065593e-01	3516
7.828117261265587e-01	1.392913589755222e+00	3517
-4.194747992740046e-01	-5.437133937749477e-01	3518
1.089264065736179e+00	-4.534578337198266e-02	3519
-4.214928158954621e-01	-4.709256005816619e-01	3520
-1.709987013856872e-01	1.075475854156696e+00	3521
-2.597674749504891e-01	-4.978139702604278e-02	3522
1.104694027067084e+00	-4.446681860626761e-02	3523
1.042545089007451e+00	-1.202161452836248e-02	3524
-7.657087997378768e-02	-1.205721130137536e+00	3525
-2.562857403604878e-01	9.665513730774900e-01	3526
-4.054036069179024e-01	5.150541765569101e-01	3527
-1.744720990192850e-01	-1.109130910494891e+00	3528
6.859824709476675e-02	1.280281423459922e+00	3529
-3.189735632794011e-01	8.539720610801907e-01	3530
1.016165693840077e+00	3.741258635099848e-03	3531
1.354072670147756e+00	-8.474594778220323e-01	3532
1.153208464280898e+00	-1.212301144892771e+00	3533
1.016344564597842e+00	-3.042250873305929e-03	3534
-3.836460072452771e-01	6.681105353191290e-01	3535
1.018824065885098e+00	6.188646810824223e-03	3536
1.245600456702951e+00	-1.193117955431945e-01	3537
-2.546669022424056e-01	-1.008152733026686e+00	3538
-3.987820693293989e-01	-2.834867007633867e-01	3539
4.682278829631996e-02	-1.293957812832777e+00	3540
2.029999497059589e-01	-1.370388095571117e+00	3541
1.019133765344938e+00	-5.363246739585697e-03	3542
-4.032613305020905e-01	3.856546332228938e-01	3543
-4.086403793097943e-01	-6.242721203397289e-01	3544
-6.177054047655756e-02	1.186103351662880e+00	3545
1.381627696260645e+00	-7.377621683979696e-01	3546
1.022446036731496e+00	9.146126926296827e-03	3547
1.031972464936216e+00	-7.654893989931547e-03	3548
1.027859736353107e+00	-6.369822635446053e-03	3549
1.394017897234072e+00	-6.431358235314883e-01	3550
1.397890041132213e+00	-5.561070688398414e-01	3551
1.074202231132814e+00	-3.496975926752705e-02	3552
8.161536280664524e-01	-1.406199128099925e+00	3553
1.014190154592448e+00	1.136855985351953e-03	3554
1.059422370605915e+00	2.593010013988515e-02	3555
1.391452740938637e+00	-4.686754637741080e-01	3556
-2.145866077883127e-01	3.576440712218204e-02	3557
-1.792520059975355e-01	2.140210825184211e-02	3558
-3.464700321871305e-01	1.531000012684390e-01	3559
-3.504606572191332e-01	-1.452924292560051e-01	3560
-2.569853254868428e-01	5.247404083349935e-02	3561
-3.328275200446846e-01	-1.096946571195625e-01	3562
-3.125848119479755e-01	8.402369977093571e-02	3563
-3.157434822395680e-01	-7.913524929823214e-02	3564
1.258497176773832e+00	1.543906574363878e-01	3565
1.273416831239438e+00	-1.576564160924488e-01	3566
1.328370049522787e+00	-2.533445648088343e-01	3567
1.302212131395162e+00	-2.039425754965533e-01	3568
1.316472341536970e+00	2.578833474849377e-01	3569
1.352891128792304e+00	-3.079929729510002e-01	3570
1.342586380344094e+00	3.241138860747839e-01	3571
1.375094820765133e+00	-3.810955384994735e-01	3572
1.363368567839944e+00	3.982933886318190e-01	3573
1.376200363742295e+00	4.810429294462568e-01	3574
1.380670782140633e+00	5.695707542767350e-01	3575
1.373702430298049e+00	6.673683521819656e-01	3576
1.354938097457183e+00	7.721934233352915e-01	3577
-3.875800158176331e-01	2.787756704423812e-01	3578
-3.847400386726022e-01	-2.323110264798080e-01	3579
-4.103746604629879e-01	-3.372235073762241e-01	3580
1.318918573987401e+00	8.891941898149234e-01	3581
1.253541561467613e+00	1.026750810378632e+00	3582
1.135348325828747e+00	1.178830474724459e+00	3583
9.801278610265771e-01	1.309137429046619e+00	3584
1.173203839911921e+00	-7.070914527403717e-02	3585
1.219828542483238e+00	-8.963828541991350e-02	3586
1.230485408357679e+00	1.163597938285408e-01	3587
-3.909632385941736e-01	-7.070872503212030e-01	3588
-3.589293243347390e-01	-8.041269419293293e-01	3589
1.042403582306491e+00	1.390097683210787e-02	3590
1.016105991732134e+00	2.169216966445658e-03	3591
7.423326562884293e-02	1.458018767728587e+00	3592
1.085401536750302e+00	4.042004396858585e-02	3593
1.176639510848803e+00	-1.389571111066633e+00	3594
1.026222338746650e+00	-2.649700353695249e-03	3595
4.828554933534460e-01	-1.599250041774481e+00	3596
-4.019506065426721e-01	-1.472141959954842e-01	3597
-2.944993603980064e-01	4.809863854448713e-02	3598
-3.573838903817712e-01	8.153642833545323e-02	3599
1.122473607739823e+00	-4.075449989705662e-02	3600
1.164933993429682e+00	6.725252746215148e-02	3601
7.051242874590897e-01	1.577914293411452e+00	3602
-2.107792007767372e-01	1.225150893594305e+00	3603
-4.737155129708681e-01	4.120363217659230e-01	3604
2.532665039965575e-01	-1.554816718385361e+00	3605
-4.607343867969558e-01	7.381366852094059e-01	3606
-4.970907042945022e-01	-5.089879377556941e-01	3607
1.158103887599754e+00	-5.211689775890006e-02	3608
-3.149947170420291e-01	-1.137625144006543e+00	3609
9.772202756442078e-01	-1.519636069497361e+00	3610
-4.900208199942886e-01	-4.322826337017824e-01	3611
-3.780376293167857e-01	1.165003764264349e-01	3612
1.070994539404701e+00	-2.573144452054421e-02	3613
-3.856451364958108e-01	-1.013662009356064e+00	3614
1.067137249131819e+00	3.100397121233489e-02	3615
-2.454692326789142e-01	-2.827031953921260e-02	3616
-4.785978081225493e-01	-3.610547277654098e-01	3617
1.287112477767463e+00	-1.182415303946646e-01	3618
1.305644750628346e+00	1.572295859874425e-01	3619
1.355040587601862e+00	-2.073384954776981e-01	3620
1.211752047776539e+00	8.901566017796184e-02	3621
1.377554061504416e+00	2.724118099047390e-01	3622
9.469314954812212e-01	1.504395133934947e+00	3623
1.053681511013598e+00	1.389626135547118e-02	3624
-4.806338575709883e-01	4.827047971662393e-01	3625
2.569822932441548e-01	1.538320127632989e+00	3626
4.678294648104579e-01	1.583217708802749e+00	3627
1.309786940014733e+00	-1.223142287279465e+00	3628
1.388289967502579e+00	-1.074458809964174e+00	3629
-3.980473981368903e-01	1.553142097049441e-01	3630
1.094984689770957e+00	4.202841081801575e-02	3631
-4.767756098616080e-01	6.441914730603738e-01	3632
1.061219933879738e+00	-1.484783708330902e-02	3633
1.054689663041321e+00	-1.210132450592334e-02	3634
1.125849061146648e+00	5.044128507978607e-02	3635
-2.284365062246344e-01	4.716806731908798e-03	3636
-4.167860182186442e-01	1.955988456333837e-01	3637
-4.237845425557171e-01	-1.915102473124091e-01	3638
1.036023784885720e+00	1.069437530077842e-02	3639
1.085711023764487e+00	-3.704555696558363e-02	3640
-4.336990846793708e-01	8.419788647118035e-01	3641
-2.449550836055729e-01	3.206674223410989e-02	3642
1.048243683820528e+00	-8.863513789906411e-03	3643
1.041285242592548e+00	-6.118163067057898e-03	3644
-2.209080301447565e-01	-1.253209656542382e+00	3645
-3.092301436798767e-01	1.096649682967457e+00	3646
-4.820290448279708e-01	5.586953432199852e-01	3647
-3.856971993774903e-01	9.655813927433087e-01	3648
1.018527177875558e+00	4.349940822427980e-03	3649
1.435995627675562e+00	-9.426938134579105e-01	3650
1.016202038667208e+00	-1.471993571509731e-03	3651
-4.444551177153777e-01	-2.431067601464057e-01	3652
-4.504443642084709e-01	2.930314784171766e-01	3653
-1.005941363107586e-01	-1.368653299425536e+00	3654
5.562568973190579e-02	-1.472319652686649e+00	3655
1.018739355057899e+00	-3.536261742056031e-03	3656
-4.960856874499837e-01	-5.945625628647913e-01	3657
-4.345853226606866e-01	-8.957954248946494e-01	3658
-8.134218735596392e-02	1.351952502143919e+00	3659
1.465756120482101e+00	-8.167944508909883e-01	3660
1.035399397086117e+00	-4.349617023711505e-03	3661
1.031967311153973e+00	9.695110636923947e-03	3662
1.031014653817811e+00	-3.453203847540285e-03	3663
1.028199769927797e+00	8.275268268373374e-03	3664
1.478609354739397e+00	-7.019782676644368e-01	3665
1.341793627260975e+00	2.096275675662068e-01	3666
1.478801819255368e+00	-6.030053750631351e-01	3667
1.096207771570358e+00	-3.284926780845076e-02	3668
7.325551224796855e-01	-1.592355780270297e+00	3669
1.016169906040809e+00	3.492346383194901e-04	3670
1.060463736717524e+00	1.770421653030081e-02	3671
-2.034763703313273e-01	1.721024396568849e-02	3672
-3.803876098132436e-01	-1.080551991675441e-01	3673
-2.962032726334082e-01	-4.624984567707405e-02	3674
-3.594162946668744e-01	-7.458695130055359e-02	3675
1.321397453396502e+00	-1.596510226638425e-01	3676
1.387355932935890e+00	-2.594069667108037e-01	3677
1.419317078060554e+00	-3.274183245872354e-01	3678
1.410067669507246e+00	3.455437266687136e-01	3679
1.448438261304470e+00	-4.123726574671907e-01	3680
1.436058745077290e+00	4.296936869315497e-01	3681
1.469510352822937e+00	-5.065668974008218e-01	3682
1.453990343238867e+00	5.217795706023686e-01	3683
1.460967206554125e+00	6.247052061163750e-01	3684
1.456547364910343e+00	7.365562738726257e-01	3685
-4.343945123321492e-01	2.417873807638191e-01	3686
-4.627576273442135e-01	-2.974363678353705e-01	3687
-4.646112719574260e-01	3.504947863742272e-01	3688
1.436363342117892e+00	8.615821911780304e-01	3689
1.389986338097134e+00	1.007583782737543e+00	3690
1.296012242413522e+00	1.181871146026235e+00	3691
1.168674777753396e+00	1.376241849011790e+00	3692
1.201028942975837e+00	-6.651951291626841e-02	3693
1.255196572065782e+00	-8.475416145818061e-02	3694
1.271074372530631e+00	1.161087765063866e-01	3695
-4.878591558226295e-01	-6.839640816682016e-01	3696
-4.682121733844313e-01	-7.858134728250465e-01	3697
1.022814685906301e+00	-1.545918608907660e-03	3698
-5.497197040358858e-01	8.171848550995688e-01	3699
1.247958121513083e+00	8.585527715154195e-02	3700
-2.596985494695183e-01	3.573946251693263e-03	3701
-5.218799724077257e-01	3.059590136483590e-01	3702
1.172984255347885e+00	-1.601521747476991e+00	3703
1.142675715504408e+00	-3.660317680705409e-02	3704
8.532639389717110e-02	-1.677396764365810e+00	3705
-4.081711550282384e-01	-6.710991996417591e-02	3706
-9.613950926209788e-02	1.542298393810982e+00	3707
1.067855481359347e+00	2.219197903265055e-02	3708
-2.775441318931473e-01	2.638642181168277e-02	3709
-3.696300767860454e-01	1.245798129592199e+00	3710
1.193588982603354e+00	6.512304133856424e-02	3711
1.414533603705088e+00	-2.061668107415076e-01	3712
6.124661657917291e-01	-1.786696186676367e+00	3713
-4.788559072174801e-01	1.983434086721211e-01	3714
-5.644402071851776e-01	5.193684171093604e-01	3715
-5.646601298376895e-01	7.078426411955048e-01	3716
-5.848295820726975e-01	-6.473205506947020e-01	3717
5.914650132802236e-01	1.771424257642778e+00	3718
3.321460326381208e-01	-1.759356222291863e+00	3719
-5.820846566009776e-01	-5.523248210480232e-01	3720
-5.558681556950784e-01	-3.847842166124881e-01	3721
-5.178223340902738e-01	9.463731269461424e-01	3722
1.018387268326456e+00	-5.271245021232951e-04	3723
1.035036609886849e+00	6.049496453192948e-03	3724
1.034007541514609e+00	8.959417954545795e-05	3725
1.029183675501151e+00	4.054623360660080e-04	3726
1.447221730207999e+00	2.856031912182848e-01	3727
-5.397264842654889e-01	3.708775281594333e-01	3728
1.334299279125294e+00	-1.137989705068684e-01	3729
-4.647402941876909e-01	-1.140057790448971e+00	3730
1.146067045051418e+00	1.592610334176587e+00	3731
8.814675711416954e-01	1.722011840291725e+00	3732
1.109543437218336e+00	3.820322916134963e-02	3733
-5.723069801009540e-01	-4.629290295988300e-01	3734
1.021457428877873e+00	-3.913510203644793e-03	3735
9.487831410772378e-02	1.661265939178464e+00	3736
1.069499241432489e+00	-1.852290307178147e-02	3737
-4.554124915917738e-01	1.530608724856756e-01	3738
-3.350096098093410e-01	4.666629814635829e-02	3739
-3.368832709484658e-01	-4.023328294974744e-02	3740
-2.780020606998718e-01	-2.203293923896295e-02	3741
-2.517112109896238e-01	1.397599228659808e+00	3742
-5.539505045305686e-01	4.400079727648345e-01	3743
-4.597894491642343e-01	-1.459218236087131e-01	3744
1.182756425218327e+00	-4.738392690926679e-02	3745
-5.211701969348235e-01	-1.000138527800017e+00	3746
9.086340109919451e-01	-1.737333608262426e+00	3747
-4.317000330112594e-01	1.132634932326582e-01	3748
1.047895432102258e+00	1.055584108466580e-02	3749
1.110827811356891e+00	-3.106802658903579e-02	3750
1.060568485607617e+00	9.659013960058046e-03	3751
3.245185321832459e-01	1.742657907169329e+00	3752
1.361710424061178e+00	-1.400469990204203e+00	3753
1.471435361588603e+00	-1.212825289873458e+00	3754
1.149253623316467e+00	4.853114369844885e-02	3755
1.060675351509036e+00	-6.925519251488739e-03	3756
1.081667162296970e+00	-2.665587696020341e-02	3757
1.054267996063716e+00	-4.855178727700213e-03	3758
1.041454840056308e+00	7.904983556045728e-03	3759
1.046746694391093e+00	-2.400983945162736e-03	3760
-3.798612156380937e-01	-1.285718374086811e+00	3761
-5.694950191349241e-01	6.072536639071039e-01	3762
-4.598259245449868e-01	1.097354480259838e+00	3763
1.021219214616333e+00	4.857318409311690e-03	3764
1.530428583044366e+00	-1.050914539651182e+00	3765
-5.118359837242995e-01	-2.502979085039934e-01	3766
-2.672860596653523e-01	-1.420942904566469e+00	3767
-1.148509516814968e-01	-1.558429240029219e+00	3768
1.561947995437620e+00	-9.055771230469566e-01	3769
1.039673989255478e+00	-7.379650794278682e-04	3770
1.031451149789667e+00	5.400401174043545e-03	3771
1.575293545600475e+00	-7.705316366646778e-01	3772
1.572639143684029e+00	-6.523295159759184e-01	3773
1.018338754206468e+00	1.331077854464833e-03	3774
-4.072032069864945e-01	7.551071456479595e-02	3775
-4.335264671886946e-01	-1.040546484341885e-01	3776
1.374624573647075e+00	-1.575346508238231e-01	3777
1.359790594172768e+00	1.589225295992504e-01	3778
1.455539986971983e+00	-2.685519829053119e-01	3779
1.404070519168550e+00	2.161204327967704e-01	3780
1.496559493204774e+00	-3.480479176621601e-01	3781
1.487364523816326e+00	3.680982705108313e-01	3782
1.532752320153032e+00	-4.426112937123801e-01	3783
1.520104425694473e+00	4.614366579837063e-01	3784
1.558258636219755e+00	-5.463633565008854e-01	3785
1.542721768905468e+00	5.677544942082990e-01	3786
1.554486987727431e+00	6.847011548668288e-01	3787
-5.009312455794440e-01	2.490854936931571e-01	3788
-4.868526556035092e-01	-1.958525493942918e-01	3789
-5.355768934904207e-01	-3.126927537942357e-01	3790
1.551895434001263e+00	8.163829465162712e-01	3791
1.525719100682108e+00	9.706266352795528e-01	3792
1.459560103114119e+00	1.157830635939519e+00	3793
1.356828405565398e+00	1.361149869154756e+00	3794
1.232210330123133e+00	-6.024314886466246e-02	3795
1.295495387749543e+00	-7.806745189346369e-02	3796
1.317382087775550e+00	1.126436563291042e-01	3797
-5.564612562618687e-01	-8.723316058481484e-01	3798
-5.777125759110161e-01	-7.535595295950629e-01	3799
-1.116684503782865e-01	-1.779479865356369e+00	3800
1.175141527519517e+00	4.497867318171783e-02	3801
-2.910137843820639e-01	1.597081772304933e+00	3802
-4.626104573134735e-01	-5.671570208512078e-02	3803
-6.176828191836886e-01	-3.280909388974161e-01	3804
1.131531106482787e+00	3.280201977302742e-02	3805
1.165010026591771e+00	-3.066726436328025e-02	3806
-5.375660122847482e-01	1.246828949491465e+00	3807
-6.603659297414208e-01	5.581596395487781e-01	3808
-6.661427495862581e-01	7.777458579576851e-01	3809
1.025407488309857e+00	9.793566498593857e-04	3810
1.267676240073972e+00	-5.072883514800234e-02	3811
7.726515752905976e-01	1.955704772752090e+00	3812
-3.826579180592699e-01	-3.455583145796035e-02	3813
1.078786794897098e+00	2.806883870295857e-02	3814
1.127569076783585e+00	-2.409610238746855e-02	3815
1.068327432345622e+00	1.341952044389259e-02	3816
4.362811466020391e-01	1.965781862764532e+00	3817
1.052361209843398e+00	2.146447716124974e-03	3818
-6.586892753510930e-01	-9.686817938446806e-01	3819
1.445311293236151e-01	-1.909503443151990e+00	3820
1.045591017261905e+00	3.826747967114244e-03	3821
1.020352424033701e+00	2.100985275090157e-03	3822
-3.756993457297479e-01	3.402487788958855e-03	3823
-3.133780078458211e-01	1.581174495399599e-02	3824
1.527682786810016e+00	2.978612240596693e-01	3825
1.277124191486831e+00	1.530778303514210e+00	3826
1.210193508586666e+00	-3.953358509158177e-02	3827
-6.798433302698742e-01	-5.965596106830063e-01	3828
-6.192771823498965e-01	-1.120283895731793e+00	3829
-6.503365532278200e-01	9.110418736012009e-01	3830
1.483015773709766e+00	-2.054776280771158e-01	3831
-6.790531724486403e-01	-8.324178541102335e-01	3832
1.133184500920351e+00	-1.848424312172440e+00	3833
-9.935163082898132e-02	1.761918933712425e+00	3834
1.099176766034909e+00	2.823923360492645e-02	3835
-4.348839619643438e-01	1.419156057599984e+00	3836
1.225453170953337e+00	6.081552178561796e-02	3837
4.513106633753423e-01	-1.981779921351639e+00	3838
-6.656375864025914e-01	-4.975047266342859e-01	3839
-6.120705853872798e-01	1.069856138001952e+00	3840
1.024705179319782e+00	6.175361384172657e-03	3841
1.027479482493448e+00	4.192487134273034e-03	3842
1.288822662612918e+00	8.018907780181515e-02	3843
1.386824273772128e+00	-1.055255236959677e-01	3844
-6.861612606926427e-01	-7.069393536763235e-01	3845
1.102728679027581e+00	1.838467757515979e+00	3846
-6.445308772913343e-01	4.685514133046024e-01	3847
1.020631991091991e+00	-3.686506084509144e-04	3848
1.431185064624095e-01	1.892287544656170e+00	3849
1.068619266433986e+00	-9.875514731013708e-03	3850
-3.795598978237390e-01	3.825845137105877e-02	3851
-3.043396950189726e-01	-9.332898585085901e-03	3852
-6.439427145967384e-01	-4.066253566896504e-01	3853
-6.252631454649176e-01	3.894012247081573e-01	3854
-5.197612223460463e-01	1.483852919592986e-01	3855
-5.249914051116981e-01	-1.425554538325489e-01	3856
7.950174801425772e-01	-1.971287879762474e+00	3857
-4.909134902085133e-01	1.048280783267517e-01	3858
-4.625727671222595e-01	6.621681418438150e-02	3859
1.101941668689778e+00	-1.973954243411048e-02	3860
1.093176035590642e+00	-1.966884351715489e-02	3861
1.053818112965578e+00	6.468236193985488e-03	3862
1.395428676297797e+00	-1.620664661923838e+00	3863
1.552394658844814e+00	-1.385441320552749e+00	3864
1.079147371555927e+00	-2.032376225787283e-02	3865
1.059571456177100e+00	6.985092667544163e-04	3866
-5.512393166996356e-01	-1.287188679230842e+00	3867
-6.686036845161315e-01	6.626783424992286e-01	3868
1.635611464130467e+00	-1.180394248015157e+00	3869
-5.570739787939977e-01	-1.962471878611862e-01	3870
-5.758995633562081e-01	2.537849955929671e-01	3871
-4.471242335331880e-01	-1.455339665725263e+00	3872
-3.080645067021520e-01	-1.618252487646440e+00	3873
1.673147934600799e+00	-1.005312827117579e+00	3874
1.685427953416392e+00	-8.491829004795196e-01	3875
1.680426901314601e+00	-7.086550181759068e-01	3876
-4.927110186222321e-01	-9.582181609804852e-02	3877
1.474893726921864e+00	2.206869755596981e-01	3878
1.534766826549763e+00	-2.776246716975574e-01	3879
1.421814900646907e+00	1.570819875787232e-01	3880
1.433717805733341e+00	-1.493963159922001e-01	3881
1.585411312967724e+00	-3.678630331899063e-01	3882
1.576353610642216e+00	3.896550105602098e-01	3883
1.628519961452744e+00	-4.737257523888140e-01	3884
1.616076737668225e+00	4.969045172447752e-01	3885
1.660536977683497e+00	-5.860873890838846e-01	3886
1.645744045693492e+00	6.167678717032934e-01	3887
-5.482612548893646e-01	1.982829438622511e-01	3888
-5.882420440903612e-01	-2.565570203149430e-01	3889
-6.021355782270058e-01	3.188396701071300e-01	3890
1.662508280017698e+00	7.530031583998597e-01	3891
1.658306879007272e+00	9.140815032648413e-01	3892
1.620978575408554e+00	1.109888946246294e+00	3893
1.544577514197304e+00	1.328863935677743e+00	3894
1.340929014539918e+00	-6.736666350875209e-02	3895
1.370410143186082e+00	1.070440777068658e-01	3896
-5.024165414769745e-01	1.621901819530248e+00	3897
-7.695407622347570e-01	6.023522466501505e-01	3898
1.076861344544614e+00	1.822468702163395e-02	3899
-7.639257625025123e-01	1.022943179717304e+00	3900
1.113513713999791e+00	2.379002503004603e-02	3901
-4.279522596599560e-01	-1.489693119937414e-02	3902
1.267562175124346e+00	-1.786223106157501e+00	3903
1.203901710683345e+00	3.907914573359014e-02	3904
1.290384320231154e+00	1.727308024811402e+00	3905
1.023324630781047e+00	1.614249397811514e-03	3906
1.562301429598251e+00	-2.028378543944117e-01	3907
1.261521874071375e+00	5.274220403456395e-02	3908
-3.359107738273593e-01	-1.851093705740561e+00	3909
1.147321922595501e+00	-1.714721088692443e-02	3910
-7.169922300536155e-01	1.218775928231693e+00	3911
1.042451061867635e+00	-2.126253034147490e+00	3912
2.350004525129684e-01	2.150481113893904e+00	3913
-5.220667734149035e-01	-4.187114574171245e-02	3914
1.803329293867078e+00	-7.742285358361143e-01	3915
-6.926576759000169e-01	3.282865556978016e-01	3916
1.620043945223987e+00	3.081060136857866e-01	3917
-7.915716808144391e-01	-6.450274958834570e-01	3918
1.116740541842299e+00	-1.730240601824760e-02	3919
1.799249892610399e+00	-1.123396183563719e+00	3920
-7.818985108500065e-01	8.594335567378215e-01	3921
-4.292950705197753e-01	2.558359144569283e-02	3922
-6.601521030779086e-01	2.576215103357608e-01	3923
2.449726935639871e-01	-2.167241188688622e+00	3924
1.335778752503947e+00	7.056542758898002e-02	3925
1.501183391555360e+00	-1.394265978804820e-01	3926
-5.914940224880026e-01	1.404241915599836e-01	3927
1.475132768033316e+00	1.513783659941496e+00	3928
1.240867743730353e+00	-2.912667511846338e-02	3929
1.492371331480425e+00	1.526150418225034e-01	3930
-3.229146065129470e-01	1.829323391541027e+00	3931
-7.713793573511207e-01	-5.324323080927787e-01	3932
1.155863970744730e+00	2.793727855589034e-02	3933
-6.269022716802269e-01	1.417548590722566e+00	3934
1.015213260093087e+00	2.114368139363398e+00	3935
6.121622682478514e-01	2.195353766790969e+00	3936
-7.962423880026502e-01	-9.189759944180422e-01	3937
-8.105936166356226e-02	-2.034808916652419e+00	3938
1.189181894721600e+00	-2.275907031133394e-02	3939
-7.753559694151403e-01	-1.079224734032140e+00	3940
1.307531000663042e+00	-3.857432775803554e-02	3941
-8.010492521763569e-01	-7.758536866502033e-01	3942
-7.858992360247419e-02	2.015766480729455e+00	3943
1.089163344271407e+00	1.758352563748269e-02	3944
-7.478845356871772e-01	4.966596621451974e-01	3945
1.067455318693324e+00	-1.589660699098298e-03	3946
-7.441472024540671e-01	-4.302859483762792e-01	3947
-7.233243523015770e-01	4.075389640012815e-01	3948
-7.106885862251094e-01	-3.402331981857421e-01	3949
6.297674773639454e-01	-2.210882261774389e+00	3950
-5.568208167338948e-01	9.239745249394868e-02	3951
-5.225143656367497e-01	5.173672960285838e-02	3952
1.067756552396950e+00	4.397680295015483e-03	3953
1.624474861351812e+00	-1.602825594238658e+00	3954
1.077790213995352e+00	-1.336395368136848e-02	3955
-7.283781016321726e-01	-1.261266584677509e+00	3956
-7.814155091319424e-01	7.229071041693347e-01	3957
1.744959035503721e+00	-1.343610983459134e+00	3958
-6.360805931352262e-01	-1.932599115195928e-01	3959
-6.457521973238968e-01	-1.461156155876975e+00	3960
-5.164802587647740e-01	-1.654347757967096e+00	3961
1.812688843634041e+00	-9.372846810168792e-01	3962
-5.590632516186870e-01	-8.419832418568841e-02	3963
1.626037231171005e+00	-2.853185114502900e-01	3964
1.556368691855375e+00	2.220507902257937e-01	3965
1.444508971956102e+00	-9.049242264562218e-02	3966
1.686585257812473e+00	-3.879832213524542e-01	3967
1.678073418328427e+00	4.133190174461865e-01	3968
1.738238376319613e+00	-5.028206752021351e-01	3969
1.727111694735191e+00	5.333677691509764e-01	3970
1.778018673631548e+00	-6.295326485741772e-01	3971
-6.259624617075052e-01	1.941974662087973e-01	3972
-5.975049625618581e-01	-1.353302983982380e-01	3973
-6.743172441362252e-01	-2.625786342237522e-01	3974
1.764862443986298e+00	6.715899823326059e-01	3975
1.784498477464519e+00	8.370835222940695e-01	3976
1.776889813109494e+00	1.038465228217657e+00	3977
1.731119182984160e+00	1.271525803139774e+00	3978
1.391626379253718e+00	-5.273161096392660e-02	3979
1.430783893034820e+00	9.694788464202626e-02	3980
-7.241829055292114e-01	1.617686607864693e+00	3981
-8.271909547114727e-01	1.388997246520955e+00	3982
-8.906394057135939e-01	1.157399686860131e+00	3983
-3.406595257193132e-01	-2.124818808218685e+00	3984
1.285472625385413e+00	2.003210796474566e+00	3985
1.140544776450299e+00	1.408244698569894e-02	3986
-5.674802078683073e-01	1.860630446999547e+00	3987
1.129900435033843e+00	-8.274358591831052e-03	3988
-4.826849811860060e-01	1.212749502732207e-03	3989
1.936894290706437e+00	-1.273593161366388e+00	3990
1.388899419906229e+00	5.788017276887411e-02	3991
1.215824414743509e+00	-1.121477537944402e-02	3992
-8.325712588710761e-01	4.254428703631677e-01	3993
1.182135505421375e+00	2.100911081635493e-02	3994
1.169075133329269e+00	-8.248037748713690e-03	3995
1.275539302583671e+00	-1.475499162621011e-02	3996
-7.131456399887404e-01	1.880763120535069e-01	3997
-8.921435773737733e-01	-5.683994795193309e-01	3998
3.939931396803674e-01	2.427717344603606e+00	3999
-1.676981239935525e-02	2.306272228734705e+00	4000
1.958348945193405e+00	-1.040845649531921e+00	4001
1.076273140025346e+00	-2.611264475158219e-03	4002
-9.968029310367454e-03	-2.325132534186908e+00	4003
1.506694140649775e+00	-1.816752711094577e+00	4004
-5.792932433161186e-01	-1.892087731902701e+00	4005
8.879738171219465e-01	-2.422605443703911e+00	4006
1.730406002425306e+00	-2.925284512633684e-01	4007
-5.877415751932206e-01	-2.144345931300834e-02	4008
1.653711017805086e+00	-1.976259770959196e-01	4009
1.102718284930120e+00	1.460499499192768e-02	4010
1.107170999344219e+00	-6.036702421221738e-03	4011
1.235482268276609e+00	3.050323512042414e-02	4012
1.079684550428733e+00	8.175296881199327e-03	4013
1.302219204541449e+00	4.154396531070068e-02	4014
1.129265512642749e+00	1.507446466941343e-02	4015
1.945291937399232e+00	-8.474303714377571e-01	4016
-9.187718333625070e-01	-7.010461557413096e-01	4017
1.725743378752270e+00	3.188274780722133e-01	4018
-9.134724138402998e-01	9.570336026230692e-01	4019
-8.930906368726136e-01	6.512369473311137e-01	4020
-8.571935967158212e-01	-4.544112532990568e-01	4021
1.351942779212784e+00	-2.172975987592562e-02	4022
1.509736462060790e+00	-7.181060892876805e-02	4023
-8.163233293156439e-01	-3.517905123262994e-01	4024
-7.949311477681043e-01	3.343468827619256e-01	4025
1.528889418843416e+00	1.747120159730174e+00	4026
1.649826132255542e+00	2.199632317897819e-01	4027
-3.361871385187054e-01	2.101404846855099e+00	4028
-8.656500863134363e-01	5.277623196820963e-01	4029
8.653571330226687e-01	2.409640492584428e+00	4030
-9.319193761135343e-01	-8.513380576296609e-01	4031
-9.304986536779870e-01	-1.017304398381546e+00	4032
-5.884138604931788e-01	3.084334217194086e-02	4033
4.077662252787959e-01	-2.443967867113595e+00	4034
-6.294530555265443e-01	7.637439198109389e-02	4035
-9.067475781888238e-01	-1.209454615768186e+00	4036
-9.107633420286875e-01	7.909980945786139e-01	4037
1.854802048246543e+00	-1.551645176833448e+00	4038
-7.712629910690950e-01	-2.641151148172884e-01	4039
-8.495439013199664e-01	-1.427488641011943e+00	4040
-7.437842663980601e-01	-1.665742910408893e+00	4041
-6.783698967284102e-01	-1.229476103687803e-01	4042
1.572966002721572e+00	1.430698875486230e-01	4043
1.578708539447093e+00	-1.254257059938804e-01	4044
1.681141975265014e+00	1.473263410790269e+00	4045
1.802086162166009e+00	-4.046435429738339e-01	4046
1.795315234316433e+00	4.358498683034180e-01	4047
1.863938212464729e+00	-5.325467411144167e-01	4048
-6.322716752422433e-01	-6.887204629313740e-02	4049
-6.712212175542278e-01	1.271814996662985e-01	4050
-7.254574980232402e-01	-1.888053744147614e-01	4051
-7.547231688529908e-01	2.569301067259271e-01	4052
1.855408556244507e+00	5.729528235976220e-01	4053
1.912154725860763e+00	-6.802261501559843e-01	4054
1.900561319994895e+00	7.397184759052823e-01	4055
1.923713274851413e+00	9.434964474847238e-01	4056
1.912351388143375e+00	1.186440049305095e+00	4057
1.446823193037827e+00	-3.092439263814378e-02	4058
1.499496192351390e+00	8.336436184620077e-02	4059
1.210916681406190e+00	2.336390865229113e+00	4060
1.245446477201367e+00	3.316774817269883e-03	4061
-1.062773988474932e+00	-7.636519596953271e-01	4062
-8.251520451135823e-01	1.855631710433551e+00	4063
6.413422118821166e-01	2.705928937433518e+00	4064
1.358400503574367e+00	-2.013715326413612e+00	4065
-6.204956788909352e-01	2.144101576291352e+00	4066
1.160364386434467e+00	7.690832052161384e-03	4067
1.204174969813330e+00	-2.396009109526314e+00	4068
1.314178512374842e+00	2.720822469152472e-03	4069
1.270850692060943e+00	1.750893655665635e-02	4070
1.210699474190961e+00	1.149714177845205e-02	4071
-6.294928238401009e-01	-2.180935336530252e+00	4072
1.764731128176614e+00	-1.793238357938318e+00	4073
1.449565686729652e+00	3.960636306037811e-02	4074
-1.062093425991668e+00	1.075849218297807e+00	4075
1.348711207006292e+00	2.549817272885983e-02	4076
1.145942831137069e+00	1.873480437162211e-03	4077
-9.568582098897113e-01	4.418633035556167e-01	4078
1.568357360321429e+00	2.028508997338776e+00	4079
-6.605530673407966e-01	3.901107703951967e-03	4080
-8.426764680270871e-01	-1.909624398309446e+00	4081
1.400288176437174e+00	-2.177635049715023e-04	4082
1.665131169721272e+00	1.283454680044645e-01	4083
1.847110432703950e+00	3.263092130173632e-01	4084
-9.101616859434303e-01	3.400921070095680e-01	4085
-9.530342719234949e-01	1.583784622334763e+00	4086
-1.029202454651227e+00	1.320307585475528e+00	4087
-1.034627547241251e+00	7.045455411186522e-01	4088
1.757123840639001e+00	2.166231031792597e-01	4089
2.082002285622130e+00	-1.467021528588600e+00	4090
1.668001234956459e+00	-1.072577298777457e-01	4091
1.192405244069019e+00	2.796750632142858e-03	4092
-9.354547224885946e-01	-3.633694133854805e-01	4093
-1.029940033593955e+00	-6.092305331461958e-01	4094
1.104404797271808e-01	2.634203070431346e+00	4095
2.122026981346514e+00	-1.172770713255390e+00	4096
1.086552829779889e+00	-6.721601887236119e-03	4097
-3.103764191858597e-01	-2.446230101546768e+00	4098
1.220959560381028e-01	-2.651376939761536e+00	4099
6.600037640913635e-01	-2.719863206682060e+00	4100
1.116744118170821e+00	9.142960488825208e-03	4101
1.092704596244551e+00	5.379312709370971e-03	4102
2.108613421288994e+00	-9.330695937566020e-01	4103
1.888942976940930e+00	1.401790325502752e+00	4104
1.758715058113529e+00	-1.907507450896340e-01	4105
-8.809153159116845e-01	-2.627545049845605e-01	4106
-3.169357428392582e-01	2.424328363626517e+00	4107
-9.987844841240771e-01	5.630942353590773e-01	4108
-9.857461239025787e-01	-4.768840013758210e-01	4109
-1.058554700953109e+00	8.719226259399808e-01	4110
-1.082297825603073e+00	-9.350154068581791e-01	4111
-1.083006214582650e+00	-1.132997097472557e+00	4112
-7.606476913613437e-01	1.103674758711166e-01	4113
-8.606620503989739e-01	2.510702058257602e-01	4114
-1.054176867864055e+00	-1.363841965454701e+00	4115
-9.845115649374965e-01	-1.629050574526643e+00	4116
1.583847668366430e+00	-4.713488183743642e-02	4117
1.780059279477284e+00	1.707897078880734e+00	4118
1.849364715515882e+00	-2.949677993449903e-01	4119
1.934057478396838e+00	-4.192807061308279e-01	4120
-7.131984226684666e-01	-4.624214018719731e-02	4121
-7.094376076543986e-01	5.310465428797333e-02	4122
-7.695735550556468e-01	-1.071717760945669e-01	4123
-8.252382378138272e-01	-1.793311202801868e-01	4124
-8.105739626133175e-01	1.761724208651092e-01	4125
1.930533118067512e+00	4.587002170161084e-01	4126
2.007561818443008e+00	-5.669459857444602e-01	4127
2.002513794616533e+00	6.229558119333446e-01	4128
2.066957989951167e+00	-7.359868389930039e-01	4129
2.057424376095408e+00	8.254235738228877e-01	4130
2.083260907843244e+00	1.073016556287860e+00	4131
1.508633123723757e+00	-4.127929924903323e-03	4132
1.577426132628016e+00	6.319224737022222e-02	4133
-6.523566067888877e-01	2.484343424083652e+00	4134
1.867209119137092e+00	1.995918422473532e+00	4135
2.238523146738244e+00	9.319790303415999e-01	4136
-1.226944316507979e+00	9.712824555533203e-01	4137
-1.226616975823778e+00	1.222770743541268e+00	4138
-1.196696456359110e+00	7.669851102984556e-01	4139
1.985045780773514e+00	-2.930365607897916e-01	4140
-1.185840883380553e+00	-6.562967498417785e-01	4141
-1.070327938029673e+00	-3.710674523341571e-01	4142
-1.227893322308129e+00	-8.310819646593212e-01	4143
3.348032713825699e-01	2.980880938287745e+00	4144
1.880055063045902e+00	2.080886484004229e-01	4145
1.041965153773859e+00	-2.725155576604489e+00	4146
3.505024734199946e-01	-2.995869465292122e+00	4147
1.986691776371892e+00	3.312801356763112e-01	4148
-9.799849498283006e-01	2.429764154148288e-01	4149
-9.218899366471570e-01	2.141874142537231e+00	4150
-1.118223168967667e+00	-1.871907158387805e+00	4151
-1.090177792120971e+00	1.814908287916826e+00	4152
1.633483104196095e+00	-2.039122946156994e+00	4153
-9.336338286219762e-01	-2.199456040385194e+00	4154
1.878313559556415e+00	-1.776773019652015e-01	4155
2.091313717997566e+00	1.296838591899649e+00	4156
2.086314682257085e+00	4.886974622491471e-01	4157
1.045004703983740e+00	2.696955236653933e+00	4158
1.512245722453646e+00	-2.295363849763248e+00	4159
1.407266061072853e+00	2.255201115734051e+00	4160
-1.005194177990421e+00	-2.600706943807841e-01	4161
-1.185056042854777e+00	1.508549823087892e+00	4162
2.026044791606250e+00	-1.727808441158467e+00	4163
-1.040264367295776e+00	3.420267239265773e-01	4164
-1.132309740043367e+00	-5.010135998134414e-01	4165
-1.150930444130049e+00	5.999469231715924e-01	4166
2.300600732551572e+00	-1.346387126469580e+00	4167
-6.450421711171171e-01	-2.522814477780677e+00	4168
-2.213301554404644e-01	-2.815179372407340e+00	4169
2.295289208511184e+00	-1.042335321817945e+00	4170
1.771292312298085e+00	1.102940268384193e-01	4171
1.770959732869370e+00	-8.597061260795598e-02	4172
-2.330347851786975e-01	2.795021769150921e+00	4173
-1.098383137587505e+00	4.608462587385759e-01	4174
-1.254099759057541e+00	-1.032752580668699e+00	4175
-8.004843714759247e-01	-1.689226554718777e-03	4176
-1.255567398631497e+00	-1.271029461434678e+00	4177
-1.220283681115276e+00	-1.548306180107986e+00	4178
1.659330068251776e+00	1.060625647693755e-02	4179
-9.373694127105396e-01	-1.643872869891110e-01	4180
-9.191469124441792e-01	1.577143461142616e-01	4181
-8.705779529605939e-01	-8.644991384315144e-02	4182
-8.592236017827960e-01	8.728279167428310e-02	4183
2.084968601006972e+00	-4.358367644260914e-01	4184
2.029166678609180e+00	1.624545061340755e+00	4185
2.173012379811276e+00	-6.033094418255183e-01	4186
2.173692450653127e+00	6.855472620002436e-01	4187
2.245508890880036e+00	-8.007125965241578e-01	4188
1.720478254490147e+00	2.275360262882884e+00	4189
-1.144768899932943e+00	-2.523658216221745e-01	4190
-1.416919280573540e+00	-9.084720978491083e-01	4191
7.079792927116928e-02	3.002094108951560e+00	4192
2.269167230196527e+00	1.500638827597673e+00	4193
-1.009428856731974e+00	2.488815470193420e+00	4194
-1.064450834980836e+00	-1.458096965798778e-01	4195
2.020980055669289e+00	1.943349109291434e-01	4196
7.864816528726960e-01	-3.074244362093161e+00	4197
1.805661957181862e+00	-2.275786164465381e+00	4198
-1.415497798396232e+00	1.097499413424017e+00	4199
8.941642248678283e-02	-3.018776120046339e+00	4200
1.412422484647758e+00	-2.646482102589097e+00	4201
2.013867387478523e+00	-1.587966096499726e-01	4202
-6.269639601688648e-01	2.889990859292125e+00	4203
7.788703084546673e-01	3.057258698741653e+00	4204
2.451586214518565e+00	-8.836895365406018e-01	4205
-1.188182814544150e+00	3.433022955354038e-01	4206
-1.114224337720140e+00	2.291170816881353e-01	4207
2.148049501927124e+00	3.397957868097026e-01	4208
2.281113098918538e+00	1.158295703934610e+00	4209
-1.412624538011061e+00	1.396058183684418e+00	4210
-1.325143577562570e+00	6.421333999458220e-01	4211
2.140395677989691e+00	-2.902006694859752e-01	4212
-1.364081179533597e+00	-7.053527760315946e-01	4213
-1.382320718816275e+00	8.440818147223879e-01	4214
-1.040357706924657e+00	1.354661152004517e-01	4215
-1.240526137814595e+00	2.099719287756828e+00	4216
1.928597607528082e+00	-2.006550821633605e+00	4217
-1.254476474082910e+00	-2.163529055694903e+00	4218
1.864947945537817e+00	1.079670401314429e-02	4219
1.887977408932832e+00	-5.672428363890683e-02	4220
2.363959568772016e+00	-6.447107795712437e-01	4221
-1.358217267401316e+00	1.730486943876193e+00	4222
-1.299341444532250e+00	-5.298435501189237e-01	4223
2.283776533028625e+00	-1.621562058771738e+00	4224
-1.003833777272236e+00	-2.551376100311018e+00	4225
-6.109561594402360e-01	-2.924978417274593e+00	4226
2.504308128553183e+00	-1.190260929569574e+00	4227
1.892956057191553e+00	8.529400706073044e-02	4228
-1.258835172436534e+00	4.797564205555309e-01	4229
-1.223696929932488e+00	-3.772117764586442e-01	4230
-1.403387708562498e+00	-1.783006853301168e+00	4231
-1.449805006296461e+00	-1.150017155694581e+00	4232
-1.451110886549395e+00	-1.435991024409754e+00	4233
-9.831177703622772e-01	-5.719345965881995e-02	4234
-9.682093800650459e-01	5.525014598928712e-02	4235
-9.098239709060589e-01	3.148269812543393e-03	4236
2.258419471994094e+00	-4.510381832165398e-01	4237
2.268111232282275e+00	5.261838823806471e-01	4238
2.372748816210505e+00	7.652333650264465e-01	4239
1.675749067412424e+00	-2.562507809030194e+00	4240
2.028195190369176e+00	2.259308568793503e+00	4241
4.975752771459256e-01	3.368714226676490e+00	4242
-1.302743957468615e+00	-2.394499572770280e-01	4243
-1.583252843098767e+00	-2.071997863336268e+00	4244
5.047418188345362e-01	-3.383915680028982e+00	4245
1.182924049885752e+00	3.080068161510999e+00	4246
-1.630037975193646e+00	1.249062719230015e+00	4247
-2.869987059129971e-01	-3.195463980896559e+00	4248
2.686837759033469e+00	-1.000578079007214e+00	4249
-1.633187123608114e+00	-1.001431478042822e+00	4250
1.241503154306847e+00	-3.048945772207677e+00	4251
1.548027299749190e+00	2.537270235953003e+00	4252
2.530279325099395e+00	-1.473192679031252e+00	4253
-1.525203336424843e+00	6.946594685515959e-01	4254
-1.488596667751128e+00	-5.592769099589958e-01	4255
2.212020708298487e+00	1.836635731207489e+00	4256
-1.593839780182245e+00	9.453878529347777e-01	4257
-3.114191985757743e-01	3.172647718252317e+00	4258
2.110724492650355e+00	-2.251314296309906e+00	4259
-1.621596421332284e+00	1.601997649021471e+00	4260
-1.378741707313574e+00	2.445549673290996e+00	4261
-8.291068870961217e-01	2.791334509548304e+00	4262
2.226875879357156e+00	-1.922817952074253e+00	4263
-1.398935210178569e+00	-3.849878265827916e-01	4264
-1.442371622475662e+00	4.995745539087295e-01	4265
-1.266415800927624e+00	2.115267427918341e-01	4266
-1.206448724780315e+00	-1.219225718570719e-01	4267
2.458493008807024e+00	-4.670875925392486e-01	4268
2.336455401612059e+00	3.507260416845361e-01	4269
2.583962771180810e+00	-6.990999385208854e-01	4270
2.493135313378786e+00	1.337341666750915e+00	4271
2.184394739741115e+00	1.802444794580375e-01	4272
2.169982035131540e+00	-1.345416855015742e-01	4273
-1.568064532885831e+00	-7.601894105217206e-01	4274
-1.176012181365383e+00	1.043348259628645e-01	4275
-1.099963762239640e+00	-3.288602027496552e-03	4276
2.026509441995298e+00	1.605135070224372e-02	4277
-1.551582363457290e+00	1.996036459097446e+00	4278
-1.381688913331366e+00	-2.519613318845659e+00	4279
-1.034160805897955e+00	-2.975270778875312e+00	4280
-1.355507818739224e+00	3.431423830303388e-01	4281
-1.669213247811828e+00	-1.641868442286501e+00	4282
-1.672709911861024e+00	-1.291280122080326e+00	4283
2.318554340542871e+00	-2.826235916137486e-01	4284
2.480692552814791e+00	5.758805266209374e-01	4285
2.451434782670142e+00	9.875826907261657e-01	4286
9.784010893912432e-01	-3.452023751481175e+00	4287
1.882676157387473e+00	2.558604061076850e+00	4288
2.427959473175635e-02	3.415990871322058e+00	4289
-1.856619197988700e+00	1.847327257144122e+00	4290
1.637351510709457e+00	-2.900091718984490e+00	4291
-1.833540646658062e+00	1.070870612248750e+00	4292
-1.801933606956879e+00	-8.259227736992611e-01	4293
1.993018050214708e+00	-2.544380523731883e+00	4294
-7.279996589468402e-01	-3.317075434676178e+00	4295
5.626684150166323e-02	-3.432385724684464e+00	4296
-1.329501627053360e+00	6.657355585328673e-02	4297
2.371467938553110e+00	2.157588630783252e+00	4298
2.523887877616318e+00	-2.715938518320778e-01	4299
2.502067365854948e+00	1.659842178991629e+00	4300
-1.903404430974464e+00	-1.911480134042169e+00	4301
-1.482063411412285e+00	-2.955370144635926e+00	4302
-1.546044860638627e+00	3.396100115906576e-01	4303
2.375156547002696e+00	1.637814531774635e-01	4304
2.757683845642059e+00	-1.283752737478270e+00	4305
-1.873188872511163e+00	1.431618840960650e+00	4306
9.373372881695948e-01	3.448972530608904e+00	4307
2.348961782019100e+00	-1.027539223622445e-01	4308
-1.880615298307207e+00	-1.114683768713015e+00	4309
1.405292731602552e+00	2.784005418931815e+00	4310
-1.214034883466063e+00	2.794065108566198e+00	4311
2.431810040074621e+00	-2.179204076872942e+00	4312
2.519416655844291e+00	-1.790299722888403e+00	4313
-1.653444435171783e+00	5.250857005799939e-01	4314
-1.597483831067280e+00	-3.926513203625734e-01	4315
-1.437882006901451e+00	1.912633995693138e-01	4316
-1.483171071154375e+00	-2.243789733809544e-01	4317
-1.366293946894827e+00	-8.881581727575479e-02	4318
2.840650084532523e+00	-7.793233526998862e-01	4319
2.557487346706425e+00	3.682531099870836e-01	4320
2.689431577842123e+00	-4.916503006111996e-01	4321
-1.704777300097629e+00	-5.894706446323787e-01	4322
-1.755429519393791e+00	7.664256495051344e-01	4323
-1.751348722316330e+00	2.331313633811655e+00	4324
-1.768365199274715e+00	-2.423659181314142e+00	4325
-1.925122816345910e+00	-1.468349723894123e+00	4326
-1.245295576642633e+00	-2.587761729077911e-02	4327
2.595622138345594e+00	7.874770661471597e-01	4328
2.693765750732729e+00	1.136293483998166e+00	4329
6.833553800130211e-01	-3.813737076119022e+00	4330
3.237813775437635e-01	-3.801978735295511e+00	4331
-3.663111679477747e-01	3.603529258443691e+00	4332
1.489445591954246e+00	-3.374176547868153e+00	4333
2.960788015387278e+00	-5.321308797252466e-01	4334
-2.114525194931869e+00	2.157178848796224e+00	4335
2.998089511862415e-01	3.786575333342445e+00	4336
6.467281766618161e-01	3.802695504811623e+00	4337
-1.631822522842762e+00	2.733904581899899e+00	4338
-1.942331373875111e+00	-2.859286159218995e+00	4339
-1.525183367443166e+00	-1.290663443370768e-02	4340
-2.148402594139820e+00	1.650924061575648e+00	4341
2.256214771875245e+00	2.517096071295780e+00	4342
-7.046425710903937e-01	3.295482769629761e+00	4343
2.334731207129627e+00	-2.509756274829832e+00	4344
-1.216552055862756e+00	-3.366277572295150e+00	4345
1.697338382107684e+00	2.855903867992538e+00	4346
-1.020854499856440e+00	3.137001754304547e+00	4347
-3.684375354500498e-01	-3.625497435914836e+00	4348
2.958494743644021e+00	-1.055010314086203e+00	4349
-1.897718129774818e+00	5.640124755153587e-01	4350
-2.017701489352460e+00	8.613122658408010e-01	4351
-1.687470815455068e+00	-2.081955087548489e-01	4352
2.599029315681855e+00	1.480600873815906e-01	4353
1.378511927365116e+00	3.478735489185859e+00	4354
-2.107494399716739e+00	1.223342957393943e+00	4355
-2.215997221252724e+00	-1.703900905572296e+00	4356
2.555275717516246e+00	-6.339898766102425e-02	4357
-2.070396009783352e+00	-9.073233816134952e-01	4358
-2.150401852423191e+00	-2.249657320413922e+00	4359
2.250975847503610e+00	2.423285929218506e-02	4360
1.562518831154978e+00	3.135201497510257e+00	4361
2.758473010092518e+00	-2.047732803091681e+00	4362
2.797065473528746e+00	-1.608650303879094e+00	4363
-1.764830489718368e+00	3.366608154973838e-01	4364
-1.632249672828162e+00	1.629896665783317e-01	4365
2.707368327097892e+00	5.621450044949292e-01	4366
2.757042343373578e+00	1.449401760080390e+00	4367
2.761748802379438e+00	-2.644726235894878e-01	4368
-1.823414797513784e+00	-3.967345964910884e-01	4369
-1.952758063357457e+00	-6.252834191937167e-01	4370
-2.163383433882474e+00	-1.258093298723210e+00	4371
2.709738936870272e+00	1.980775879168422e+00	4372
2.863514812974566e+00	9.005342140626220e-01	4373
-1.453957529916504e+00	3.131654450621853e+00	4374
1.226911499310532e+00	-3.856208435208583e+00	4375
1.906776323955216e+00	-3.241539921869833e+00	4376
1.944445019521623e+00	3.148690049492826e+00	4377
-8.707787950656420e-01	-3.759338623181011e+00	4378
2.087048763869725e+00	2.869882463759988e+00	4379
3.123772612814554e+00	-7.912101288422951e-01	4380
-1.418006783693878e-01	-3.854419528507883e+00	4381
1.805799767725571e+00	3.488202636385296e+00	4382
4.527954709344907e-01	4.236304302899664e+00	4383
2.699436941972619e+00	-2.419346287262418e+00	4384
-2.238078263465306e+00	-6.713567506540743e-01	4385
-2.400914255241304e+00	-2.674583709827945e+00	4386
-1.734803196266979e+00	-3.331173146485123e+00	4387
2.423155401895604e+00	5.550616605075051e-02	4388
-1.919459358631802e+00	-1.838830042204906e-01	4389
2.779819287114317e+00	-1.031714089081982e-02	4390
2.121609877616015e+00	-2.903197959380178e+00	4391
1.123425918519633e+00	3.885163061377505e+00	4392
-2.419801996703812e+00	1.409196824554998e+00	4393
-2.517638243006065e+00	-2.016350282020330e+00	4394
3.041527545848632e+00	-2.638339607950875e-01	4395
2.992819235145226e+00	6.358350776455436e-01	4396
4.888370358233292e-01	-4.250563413101641e+00	4397
-2.054550344675557e+00	2.592325785722994e+00	4398
3.405756026959719e-03	3.877133993507203e+00	4399
-2.456611650252388e+00	1.925944546393378e+00	4400
-8.052590515590929e-01	3.747282609931006e+00	4401
-1.036728321892832e+00	3.562390293434743e+00	4402
-2.318786561288811e+00	9.786635082642009e-01	4403
2.780942953281653e+00	3.172834409821845e-01	4404
-2.486821065999545e+00	-1.445213251314590e+00	4405
3.076977327971388e+00	-1.853840290269644e+00	4406
3.050534243001159e+00	-1.379106941292592e+00	4407
-1.854877839721820e+00	1.303365358180495e-01	4408
-1.733918461472162e+00	-2.033692253471485e-02	4409
2.648514804152361e+00	2.386907615414169e+00	4410
2.802512199519624e+00	1.761612940317663e+00	4411
-2.018525871364317e+00	3.407020115249649e-01	4412
-2.082071685029458e+00	-4.008135290314265e-01	4413
-2.178323538871655e+00	6.234356459833519e-01	4414
-2.379051395678315e+00	-1.012671559690168e+00	4415
2.978070503091026e+00	1.202013892245726e+00	4416
-1.432942594854074e+00	-3.806664635985497e+00	4417
1.594084804005102e+00	3.899806684014512e+00	4418
-2.567475235913969e+00	-7.346300053524646e-01	4419
6.164262813653876e-02	-4.225694765384700e+00	4420
-2.313801939009978e+00	3.600251863648187e-01	4421
-1.541978737434867e+00	3.634666956050514e+00	4422
3.070988199534091e+00	-2.257626492456162e+00	4423
-2.113112204519231e+00	9.789730891249328e-02	4424
-1.931067078427884e+00	3.055081079284202e+00	4425
1.005188494981121e+00	-4.216686436960146e+00	4426
-2.842077504140795e+00	-2.412423186750003e+00	4427
2.343198999362853e+00	3.177615202432244e+00	4428
-2.464459965337599e+00	2.379361289904686e+00	4429
-5.619045710595161e-01	-4.041393847323097e+00	4430
1.768869186348662e+00	-3.746515830425682e+00	4431
-4.453758111846783e-01	4.086753099975883e+00	4432
-2.774040429356845e+00	1.643590906560984e+00	4433
-2.268256582510202e+00	-3.202077517294279e+00	4434
2.999841914119311e+00	2.232559661585158e+00	4435
-2.184400105337547e+00	-1.542959240700308e-01	4436
-2.849155467985304e+00	-1.711556496372018e+00	4437
3.247474885048498e+00	-4.984610091438694e-01	4438
3.066439158097932e+00	1.536870695836130e+00	4439
2.520348374154146e+00	2.806610107719743e+00	4440
2.239315242245086e+00	3.468482089373455e+00	4441
8.867850634146330e-01	4.247964618887557e+00	4442
2.330999920640560e+00	-3.272145925084664e+00	4443
2.565076648802884e+00	-2.833258507072916e+00	4444
-2.501841229961438e+00	7.006054412368942e-01	4445
3.158590800563572e+00	9.184278098906449e-01	4446
-2.732245318826782e+00	-1.153820334736540e+00	4447
3.032778955007764e+00	8.823954022062706e-02	4448
3.079337533295094e+00	3.487515069528300e-01	4449
-2.663992600903309e+00	1.124600400498850e+00	4450
3.373299071630854e+00	-1.598653889291899e+00	4451
3.270407545068565e+00	-1.104531403233516e+00	4452
-2.379800257912670e+00	-4.089796212835347e-01	4453
-4.516657393847733e-02	4.411875949127245e+00	4454
-2.032368360540643e+00	-3.751982369372579e+00	4455
2.087964072718769e+00	-3.657502059848361e+00	4456
-2.792461055854535e+00	-2.974513301443110e+00	4457
-2.406901903882743e+00	2.877845737635552e+00	4458
6.568047253574892e-01	4.737791607854231e+00	4459
-1.067898697069914e+00	-4.236982460508719e+00	4460
-3.137946528880622e+00	-1.359330709241884e+00	4461
3.133387938119672e+00	1.880521761573704e+00	4462
1.550767204769361e+00	-4.260571914689879e+00	4463
1.372178445368174e+00	4.340525808069394e+00	4464
-3.861482088240442e-01	-4.592658849319639e+00	4465
3.430972132245260e+00	-2.021712041206221e+00	4466
2.466419819826168e-01	-4.728833633403631e+00	4467
3.291117631717478e+00	6.043705259140648e-01	4468
3.303922019319247e+00	1.252950414621491e+00	4469
-2.724381192461972e+00	-4.269930120542034e-01	4470
-9.373637506554912e-01	4.249405092440459e+00	4471
-2.097363783436350e+00	3.587427273193213e+00	4472
7.791359776966245e-01	-4.726734135044286e+00	4473
-2.936924205956650e+00	-2.142868757183305e+00	4474
2.061655182404318e+00	3.896006190147696e+00	4475
-2.847342699504714e+00	2.101722630295985e+00	4476
-2.401807627342746e+00	5.589406665712855e-02	4477
2.945970732412554e+00	2.665190647779301e+00	4478
2.781809786809310e+00	3.159760974975925e+00	4479
2.679332698143168e+00	3.462549668752620e+00	4480
2.796132489060297e+00	-3.237251784004742e+00	4481
3.001067967435745e+00	-2.701464390924833e+00	4482
-3.059063657153226e+00	1.311747482409757e+00	4483
3.311341004199295e+00	-1.470627662201991e-01	4484
3.303243376930002e+00	1.730580265972988e-01	4485
-2.948333389403947e+00	-8.264969093172270e-01	4486
-2.874660634238233e+00	8.006509214433731e-01	4487
3.633917536863736e+00	-1.286094117051633e+00	4488
3.446537288705731e+00	-7.905222321728064e-01	4489
-2.489418514555009e+00	-1.221968420848422e-01	4490
-2.653179061864550e+00	3.942982165564786e-01	4491
-3.286506794906232e+00	-1.815355824232391e+00	4492
1.868038418412190e+00	4.347902663061422e+00	4493
-2.645732298372145e+00	-3.585761255268034e+00	4494
-2.664642372211699e+00	3.413062015849402e+00	4495
1.035789309949434e+00	4.792204990611279e+00	4496
-1.696567397094048e+00	-4.294955088330771e+00	4497
3.419884633439251e+00	1.621149380561635e+00	4498
-5.463789468344938e-01	4.631108744228936e+00	4499
-3.197069945355653e+00	1.767290190674623e+00	4500
2.580920252868180e+00	-3.683665961601650e+00	4501
1.299229827279917e+00	-4.708267980580895e+00	4502
-1.228848233048157e+00	4.034369133899857e+00	4503
-1.860986127532035e+00	4.074986248214805e+00	4504
-3.046314390988921e+00	4.429543381119830e-01	4505
2.513719259068350e+00	3.879811806329474e+00	4506
3.580328876605058e+00	3.949055436211422e-01	4507
3.569587794881222e+00	-4.279831340188028e-01	4508
-2.867399357836041e+00	2.620210519546636e+00	4509
3.494893729078407e+00	9.196602225450836e-01	4510
-9.658636457955511e-01	-4.870849958901432e+00	4511
3.761975348733731e+00	-1.714010569624440e+00	4512
-1.834573020306524e-01	-5.187835709736649e+00	4513
8.430424086572512e-02	5.055386695992837e+00	4514
5.148426098325766e-01	-5.275548416722863e+00	4515
3.392494204263916e+00	2.179405002949431e+00	4516
3.340547452720059e+00	2.495204145296335e+00	4517
3.247514686629752e+00	3.040248350377906e+00	4518
3.142906238920651e+00	3.451310227645904e+00	4519
3.282314172295401e+00	-3.115179135099473e+00	4520
3.430440565819357e+00	-2.493895937409843e+00	4521
-3.387785852352528e+00	-9.698498666751314e-01	4522
-3.304268110169708e+00	9.340213753391976e-01	4523
-3.125142244785795e+00	-4.645790291428507e-01	4524
3.845443166159209e+00	-9.224149298580757e-01	4525
3.587241447118485e+00	1.839601645731721e-02	4526
-2.843214465362113e+00	-9.245583927361027e-02	4527
-1.377059266928359e+00	4.540639834146544e+00	4528
-3.590623314262689e+00	-5.432430261398759e-01	4529
-3.260143992190088e+00	-2.731764100973393e+00	4530
1.623850571932166e+00	4.872929288714889e+00	4531
1.870684428622356e+00	-4.732231473073988e+00	4532
3.994938827294135e+00	-5.143700625574890e-01	4533
3.892486735340761e+00	-2.192516100791865e-01	4534
2.308244505397016e+00	-4.125862487008170e+00	4535
-3.508476034299604e+00	1.379103378930474e+00	4536
1.108472190185538e+00	-5.258051095291470e+00	4537
-1.102144842413229e+00	4.810806664937628e+00	4538
-2.475139400043991e+00	4.006887432613610e+00	4539
-2.853792273366479e+00	3.132271369974009e+00	4540
-2.382103140796014e+00	-4.221325843973390e+00	4541
4.047730724243651e+00	-1.339831131237694e+00	4542
-5.414910015244522e-01	5.307213421099293e+00	4543
-3.401610236594531e+00	-2.291312408156000e+00	4544
2.357758690818017e+00	4.340224710673744e+00	4545
-3.597854319640004e+00	-1.421676566618589e+00	4546
3.118575265336289e+00	-3.631377189615238e+00	4547
-3.192303564479103e+00	-3.392657495618243e+00	4548
7.678840610460301e-01	5.316390312951594e+00	4549
3.675932486210253e+00	1.290974645846342e+00	4550
-3.294783009390937e+00	2.288936477553997e+00	4551
3.852051029903309e+00	7.063716794758904e-01	4552
-1.671071517235645e+00	-5.012061630836665e+00	4553
-7.948246118620848e-01	-5.571061866006364e+00	4554
8.995742940067729e-02	-5.832186252884469e+00	4555
3.771738259684722e+00	1.917941937741711e+00	4556
2.976372843489816e+00	3.882183914154065e+00	4557
3.756929124580105e+00	2.401509805875039e+00	4558
3.709747642832165e+00	2.839132461187006e+00	4559
3.639962316975670e+00	3.359422747554295e+00	4560
3.773747084269626e+00	-2.903252347211758e+00	4561
3.839368550239558e+00	-2.203985339519382e+00	4562
-3.502236071021041e+00	5.161137088439307e-01	4563
3.899113542075903e+00	2.107469430824863e-01	4564
-3.258080920602965e+00	-9.679364789489570e-03	4565
-1.210991891301515e+00	5.500258773759462e+00	4566
2.175114585394823e+00	4.851624328133759e+00	4567
-3.865973738141893e+00	-9.772256572823135e-01	4568
-3.772689925760909e+00	9.407013520131475e-01	4569
-3.780939650120207e+00	-1.920230017665239e+00	4570
-2.107879319538227e+00	4.628358149346077e+00	4571
-3.681077694868082e+00	1.893747441805233e+00	4572
2.516572454785745e+00	-4.734589498023595e+00	4573
2.874847094189176e+00	-4.147012109078654e+00	4574
1.334867726403619e+00	5.358888792775027e+00	4575
8.166916971694530e-01	-5.906507612030429e+00	4576
3.679606971785491e+00	-3.476657256512326e+00	4577
4.227785802615701e+00	4.899469591522106e-01	4578
4.272677318629694e+00	-9.063383507522211e-01	4579
4.264715208228558e+00	-1.308928924536006e-01	4580
-1.629735532748527e+00	5.073453202037027e+00	4581
-3.786990479725422e+00	-2.658638582105560e+00	4582
-3.731039126185437e+00	-3.113139007058905e+00	4583
1.644560412237999e+00	-5.220849239999897e+00	4584
-3.742804565075554e+00	8.771302251795295e-03	4585
-3.342061622169245e+00	2.851127568992735e+00	4586
-2.094794625144607e+00	-4.799184277918893e+00	4587
-3.047929345038084e+00	-4.044648468803537e+00	4588
1.033590989320785e-01	5.742123288330574e+00	4589
3.500677476120007e+00	3.866834943476109e+00	4590
-1.570286226607237e+00	-5.818816437056157e+00	4591
-5.394081337380370e-01	-6.333207160139480e+00	4592
4.106060643645582e+00	1.099284367100029e+00	4593
4.097845073470635e+00	1.547291110427683e+00	4594
2.826527022222981e+00	4.324957789706687e+00	4595
4.182695987917234e+00	2.172326616435273e+00	4596
4.180767660108756e+00	2.668735175896962e+00	4597
4.151948070879043e+00	3.163613704923767e+00	4598
4.251197042749426e+00	-2.594681159607699e+00	4599
4.208101414664868e+00	-1.832154733677012e+00	4600
-1.867357131074945e+00	5.726404666212758e+00	4601
-4.119332367904302e+00	-1.473449212361093e+00	4602
-2.774814349008714e+00	4.603679607877976e+00	4603
-3.062181713969303e+00	3.867443352666127e+00	4604
-2.277694880728890e+00	5.289990614466970e+00	4605
1.951294995622662e+00	5.426359039815555e+00	4606
-3.347236109459623e+00	3.421314989633890e+00	4607
-2.154855711716996e+00	-5.448275768229879e+00	4608
-2.806481112682975e+00	-4.724227192076550e+00	4609
4.077994739579285e+00	3.748595963757076e+00	4610
4.243540216567503e+00	-3.214170397417138e+00	4611
2.233855166224273e+00	-5.258580603406930e+00	4612
3.494522920578540e+00	-4.074730958142072e+00	4613
-3.810241099697368e+00	2.474263975535291e+00	4614
-3.996637378625627e+00	4.708908809353864e-01	4615
3.167224596460856e+00	-4.726408622447542e+00	4616
-4.020424808375834e+00	1.439759860968470e+00	4617
2.972468601900767e-01	-6.584801548397847e+00	4618
-3.686292411370116e+00	-3.788209480400301e+00	4619
3.327124467892140e+00	4.336307038866870e+00	4620
-6.379998106951532e-01	6.031516701306762e+00	4621
4.441479371982878e+00	-5.162275539779934e-01	4622
4.641148698491914e+00	2.007846596892563e-01	4623
-4.288577184078139e+00	-2.285163428192599e+00	4624
-4.296678090609972e+00	-2.951696873567180e+00	4625
1.418561495665960e+00	-5.856128361654722e+00	4626
-4.082996348056231e+00	-4.558504221884870e-01	4627
8.912416364558446e-01	6.013627324097662e+00	4628
-1.371963254412419e+00	-6.709933167410854e+00	4629
4.555831789075818e+00	8.701419115882837e-01	4630
4.509131145908683e+00	1.329604862190926e+00	4631
2.695762187414479e+00	4.826656169884142e+00	4632
4.572783920930197e+00	1.800866035801252e+00	4633
4.658714529392816e+00	2.422287843794726e+00	4634
4.676763660435706e+00	2.946056601980187e+00	4635
4.691782893066512e+00	-2.186738919162017e+00	4636
4.520710058542493e+00	-1.384443498224752e+00	4637
1.898011112895595e+00	-5.855833774607445e+00	4638
-2.565990056076699e+00	5.972507973091125e+00	4639
4.787012039392453e+00	-2.836952150919550e+00	4640
-4.716986550699441e+00	-1.771909554350262e+00	4641
1.277218615131723e-01	6.520734401142884e+00	4642
-4.304522880402887e+00	9.420464949526026e-01	4643
2.874176549050991e+00	-5.301309027411127e+00	4644
3.920232775078574e+00	4.325098213618205e+00	4645
-1.350893673852497e+00	6.250925884413232e+00	4646
-3.883705819703584e+00	3.097051820805838e+00	4647
4.141439217383023e+00	-3.880862210845878e+00	4648
4.755799244898610e+00	-9.136304618888862e-01	4649
-4.264544507836834e+00	3.226447564830723e-02	4650
1.148745920420812e+00	-6.621006114587568e+00	4651
-3.540614205796669e+00	-4.526368981460425e+00	4652
-2.964132225853269e+00	-5.520601740731754e+00	4653
-4.889795211505975e-01	-7.190606862485196e+00	4654
-3.043796449253885e+00	5.321806249521810e+00	4655
1.574843280082867e+00	6.027561219328343e+00	4656
-3.467825964533774e+00	4.450350417210037e+00	4657
-3.677377207074616e+00	3.945346104331277e+00	4658
3.850815675109359e+00	-4.660299412199824e+00	4659
-4.234060519070900e+00	2.016000183429579e+00	4660
-4.409164471536464e+00	-9.535434076188827e-01	4661
4.721985662005086e+00	-1.548479159128235e-01	4662
-4.170362832700667e+00	-3.586308885850732e+00	4663
-4.865820129379915e+00	-2.611271560968933e+00	4664
-2.200444866266120e+00	-6.313961181063364e+00	4665
4.642029130853257e+00	3.541902610718136e+00	4666
2.541777474585519e+00	5.392157530786168e+00	4667
4.978791756125776e+00	1.143692586961895e+00	4668
5.002051592045122e+00	1.502390840292386e+00	4669
5.036806762989354e+00	5.892203167340514e-01	4670
5.111718830996742e+00	2.042702099818384e+00	4671
5.209586720364986e+00	2.665433431483568e+00	4672
5.073508083707995e+00	-1.685507351486012e+00	4673
3.573634013321618e+00	-5.306958151638296e+00	4674
-1.317234619309902e+00	-7.658398737474722e+00	4675
-2.047769764480158e+00	6.504233373422672e+00	4676
5.281958753337038e+00	-2.344658494626734e+00	4677
-4.543748091587109e+00	4.710693341258889e-01	4678
5.384168407413500e-01	-7.437871965746393e+00	4679
3.356679924829168e+00	5.128507748214085e+00	4680
4.567783417181701e+00	4.196034892780263e+00	4681
-3.389073157708573e+00	6.076220254635831e+00	4682
2.568977941141744e+00	-5.894833533562284e+00	4683
-4.601405252861573e+00	1.493728570956349e+00	4684
-2.121983279620793e+00	-7.214337046998610e+00	4685
2.303376438461892e+00	6.067200319951600e+00	4686
4.923022232304055e+00	-6.017688887892986e-01	4687
-5.381599272602938e+00	-2.086670728016225e+00	4688
1.657730966891717e+00	-6.547269513195899e+00	4689
4.788698606488347e+00	-3.557353148010017e+00	4690
1.062990441873792e+00	6.797718917500394e+00	4691
5.116818134573926e+00	1.206864015600099e-01	4692
-7.137833926235506e-01	6.855626791275812e+00	4693
-4.399215791693607e+00	2.663390554127467e+00	4694
4.570146278671091e+00	-4.483486744426179e+00	4695
-3.845925915217445e+00	-5.366508036915972e+00	4696
-4.357358481229602e+00	3.660958739498753e+00	4697
-3.861899187515479e+00	5.181096153726601e+00	4698
-4.158088919169207e+00	4.440598680663524e+00	4699
-4.639229367430084e+00	-4.091384919607572e-01	4700
-5.070089306003354e+00	-1.171616096381352e+00	4701
-4.165043832275076e+00	-4.259212171395047e+00	4702
-4.864532069823693e+00	-3.349596071461506e+00	4703
-3.115646626868713e+00	-6.429410744365025e+00	4704
5.497626320702470e+00	1.289320878841426e+00	4705
5.503335511588379e+00	9.165427131993157e-01	4706
5.225193410188200e+00	3.296536940090724e+00	4707
5.577319756901864e+00	1.666464925240778e+00	4708
5.725431954627348e+00	2.264969277847795e+00	4709
-4.304823411992848e+00	5.987443042354492e+00	4710
-2.144712767948062e+00	-8.205372593944027e+00	4711
-1.498233104219389e+00	7.096348616589103e+00	4712
-3.288439763725440e-01	-8.147053195025629e+00	4713
1.911386814948735e+00	6.785890784312217e+00	4714
1.843340442867397e-01	7.401567840535032e+00	4715
3.105910815563846e+00	5.921740611141217e+00	4716
-4.828159015106753e+00	-1.920914119861575e-02	4717
5.406613553823167e+00	-3.098243009783301e+00	4718
3.269751033703486e+00	-5.940981159822433e+00	4719
-5.550174857117192e+00	-2.893414324686833e+00	4720
-4.863088239237912e+00	2.134882737644766e+00	4721
5.186266997549406e+00	-3.990273638320565e-01	4722
5.256623330518175e+00	-9.830485392973555e-01	4723
-5.814977304665429e+00	-1.428352777737590e+00	4724
-4.900699486583861e+00	9.536863461897841e-01	4725
-3.140237978774135e+00	-7.481140854776713e+00	4726
4.343775110489421e+00	-5.228902542803085e+00	4727
5.702041447771246e+00	-1.848573172374500e+00	4728
5.200783477616853e+00	3.965566084537077e+00	4729
5.565390635144878e+00	3.865422280608543e-01	4730
6.043232517357321e+00	1.110067699169899e+00	4731
-4.772094905058251e+00	-4.006316390438627e+00	4732
-2.868896319475337e+00	6.779848786663369e+00	4733
2.191205282413232e+00	-6.571746433424682e+00	4734
5.305368658941486e+00	-4.167212076711152e+00	4735
4.369527927782859e+00	4.881289093053579e+00	4736
-4.996858242821494e+00	3.187670642039221e+00	4737
-4.911266705781801e+00	4.217316777186090e+00	4738
-4.677694329369651e+00	5.077793729198144e+00	4739
-5.340985981934489e+00	-5.151919200464247e-01	4740
-4.126883422910318e+00	-6.340516411759305e+00	4741
5.838840144925561e+00	2.956448644670516e+00	4742
6.239072536025249e+00	1.819603615108040e+00	4743
-5.247482465316137e+00	5.842385864258714e+00	4744
-4.312091437916803e+00	-7.496691022003572e+00	4745
-6.147966872548985e+00	-2.240590406553607e+00	4746
6.689024169392606e-01	-8.477352377165451e+00	4747
-5.566241858855425e+00	2.579851382523514e+00	4748
5.115906119469108e+00	4.718233840485588e+00	4749
-2.281680555949454e+00	7.376911770421771e+00	4750
-5.548083334497977e+00	-3.738948617587948e+00	4751
6.025518078201059e+00	-3.695392501729516e+00	4752
4.046162804695205e+00	-5.952736800073994e+00	4753
-5.533465282088499e+00	4.847716002664407e+00	4754
-1.224881172346268e+00	-8.710661533280566e+00	4755
-7.789037141328259e-01	7.791152361648074e+00	4756
-5.256687148572897e+00	1.545927521046759e+00	4757
-4.735009541913781e+00	-4.778224134932193e+00	4758
1.291866302004863e+00	7.681898402948078e+00	4759
6.761688336733267e+00	1.292606698658256e+00	4760
5.945773425397762e+00	-2.553196406049144e+00	4761
5.862093067395617e+00	3.678391725124194e+00	4762
1.887865550576367e+00	-7.330793598544250e+00	4763
-5.660171868519793e+00	3.760567960494315e+00	4764
2.798640093351854e+00	6.748123980423554e+00	4765
5.168597890691693e+00	-5.012171708310949e+00	4766
5.975611728331961e+00	-1.159517612360158e+00	4767
-5.155203072070339e+00	4.422136767784559e-01	4768
5.626952691268857e+00	-1.303334398291889e-01	4769
-3.858444269084945e+00	6.882291322715818e+00	4770
-3.202421348677278e+00	-8.611924405931681e+00	4771
3.957372998298238e+00	5.699902080064535e+00	4772
-4.738142522800482e+00	-5.633880726151064e+00	4773
2.944265651694325e+00	-6.614248070401353e+00	4774
-6.148941341969216e+00	-6.752973026538852e-01	4775
6.416172715298464e+00	2.517490193158856e+00	4776
3.718716234972223e+00	-6.657507152499964e+00	4777
1.467347790465021e+00	-7.849490411085553e+00	4778
-6.338206464376133e+00	-3.191579551790087e+00	4779
6.683864111111260e+00	-3.074787574988725e+00	4780
2.774327200532201e-01	8.397606682144051e+00	4781
-1.668997508843726e+00	8.053043886089856e+00	4782
6.550873012142108e+00	3.292289153622878e+00	4783
-6.045777182594907e+00	1.872187109373334e+00	4784
-4.886371469728102e+00	6.799887267583497e+00	4785
-5.455855163833395e+00	-1.187786023267537e-01	4786
-2.236347070226385e+00	-9.336661102082982e+00	4787
6.354896062879251e+00	-4.581784054507131e-01	4788
6.150965818876038e+00	1.922484536845098e-01	4789
-3.234102309470356e+00	7.691687114914738e+00	4790
6.013793644228520e+00	-4.625016067605543e+00	4791
5.839795309946810e+00	4.445945337013328e+00	4792
6.993099826804317e+00	2.018931391855503e+00	4793
-1.963028438211873e-01	-9.232263661187746e+00	4794
-6.226152755841063e+00	5.584867410709370e+00	4795
2.334615876048911e+00	7.637431299881221e+00	4796
-5.443988835115225e+00	-4.498792349448136e+00	4797
4.918583633367769e+00	-5.862208263872974e+00	4798
-6.348575213986885e+00	3.110942094535001e+00	4799
-5.866142042378149e+00	2.350743531119489e-02	4800
-5.096216254368444e+00	-6.660550467846453e+00	4801
6.560705456567454e+00	5.871496335803561e-01	4802
6.413840522207034e+00	-1.863594064661509e+00	4803
2.650982085639289e+00	-7.312573183922518e+00	4804
-6.399576014888177e+00	4.397036286844066e+00	4805
3.691353354556368e+00	6.565647934616831e+00	4806
5.678597088130608e+00	-7.108822534667043e-01	4807
-5.570271447032038e+00	9.498318174069625e-01	4808
-6.629853324901010e+00	-1.451241719837755e+00	4809
-4.480306091983440e+00	-8.772779447908647e+00	4810
4.854977691964089e+00	5.559850029034539e+00	4811
-5.529625220550459e+00	-5.201338751071463e+00	4812
-6.309681353820505e+00	-4.748276435349280e+00	4813
3.420723980381571e+00	-7.367925461316557e+00	4814
-4.365717962948315e+00	7.811876399397840e+00	4815
-7.223384755602483e+00	5.123168785182436e+00	4816
-7.022327991179719e+00	-2.405360326852373e+00	4817
-6.939102378893658e+00	2.309333591830484e+00	4818
8.996424642809226e-01	-9.610755694897314e+00	4819
7.201340770091076e+00	2.801165559397421e+00	4820
-2.561535433510290e+00	8.365213435498251e+00	4821
-1.178707873192553e+00	-9.902085235785474e+00	4822
1.584630696189791e+00	8.679060097344841e+00	4823
5.863779355590477e+00	-5.600722141655567e+00	4824
-7.013656252030005e+00	-6.759738428261941e-01	4825
3.362071646659342e+00	7.524017581108020e+00	4826
5.733761171300241e+00	5.330853393770093e+00	4827
4.589188848996526e+00	-6.676803983332213e+00	4828
-8.384948501884883e-01	8.853718099143991e+00	4829
-3.533779734638746e+00	-9.802248029437223e+00	4830
6.587997322859523e+00	4.111255717172988e+00	4831
6.833575410870993e+00	-4.055271719214478e+00	4832
2.288625262930629e+00	-8.183940096545676e+00	4833
7.326836756354909e+00	7.486724327061308e-01	4834
7.577213867197568e+00	1.431847372492092e+00	4835
-5.954386185074057e+00	6.629088229732504e+00	4836
-6.332699879782888e+00	-4.170849240326830e+00	4837
-7.219064298393121e+00	3.719585838316979e+00	4838
6.858988275957690e+00	5.590861677057093e-02	4839
6.730936112485865e+00	-1.141613719449337e+00	4840
7.256580829219434e+00	-2.310585947559214e+00	4841
1.651240659081355e+00	-8.901166840800085e+00	4842
4.548038204463508e+00	6.378780117128294e+00	4843
-6.348253226245425e+00	6.855999844797461e-01	4844
-5.415155424998743e+00	-7.872728322518816e+00	4845
-5.544109004836219e+00	-6.172818892742712e+00	4846
-3.634439476673620e-02	-1.045714318853269e+01	4847
-5.719499612894281e+00	-9.124268997852626e+00	4848
4.091746004969250e-01	9.524093305234183e+00	4849
-6.399117196872766e+00	-5.708217572070075e+00	4850
8.191650288283615e+00	8.178752313318939e-01	4851
2.834950470797648e+00	8.597133536008887e+00	4852
-6.824269212540105e+00	1.417551107156370e+00	4853
7.360232858811285e+00	3.672638173704105e+00	4854
-2.366887634253483e+00	-1.062488693760884e+01	4855
7.577914291997730e+00	-3.306092863252792e+00	4856
-7.552662535694773e+00	-1.519618000436137e+00	4857
7.849631904699557e+00	2.242281015017684e+00	4858
-5.542285101649589e+00	7.724462981331165e+00	4859
5.582590057876869e+00	-6.572698473161769e+00	4860
-4.859201395789430e+00	-1.006953099686951e+01	4861
-1.863011435502278e+00	9.140551301614012e+00	4862
6.567671416324391e+00	4.998819680026586e+00	4863
6.832841383155232e+00	-5.132215636441141e+00	4864
-7.092482253049702e+00	6.301497814998818e+00	4865
4.248629859392630e+00	-7.435797503016718e+00	4866
-7.941101491875167e+00	2.842175588129062e+00	4867
-8.187950977098691e+00	4.417398778943300e+00	4868
7.698580492161055e+00	-7.802226451742802e-03	4869
2.007741178835409e+00	-1.002809854225716e+01	4870
2.970333408906539e+00	-8.223783441193742e+00	4871
-6.624525419115533e+00	-8.265384168918560e-03	4872
-3.644520926761762e+00	8.727601684588496e+00	4873
5.488731504451064e+00	6.249170097076514e+00	4874
2.706655365448715e+00	-9.194384915001217e+00	4875
7.109251270190273e+00	-5.745186034237406e-01	4876
-7.239645656240262e+00	-3.516369691822950e+00	4877
7.211390419511308e+00	-1.785840064502937e+00	4878
4.321303990062916e+00	7.312525187175364e+00	4879
-6.656258412670878e+00	-8.230993862749900e+00	4880
8.491874482000302e+00	1.643219849351934e+00	4881
4.000704322541468e+00	8.406690258877649e+00	4882
6.667262691969383e+00	-6.259064756423931e+00	4883
-1.137045817162230e+00	-1.125313626178689e+01	4884
-8.259218518566225e+00	5.718321677342169e+00	4885
1.942502454551847e+00	9.803051885066825e+00	4886
-3.801257938589969e+00	-1.117542031907440e+01	4887
-2.877561306364928e+00	9.486793319432582e+00	4888
8.661489795101200e+00	-2.442652899783518e-02	4889
-7.770539260152999e+00	1.785140211227134e+00	4890
8.211829507551567e+00	-2.551185278554988e+00	4891
-7.987513491489738e+00	-6.472772092283602e-01	4892
8.093588841295986e+00	3.120706155440419e+00	4893
7.767130765162788e+00	-4.443984546024117e+00	4894
7.415144556681262e+00	4.603930199326909e+00	4895
7.936085747938544e+00	-8.454635408564091e-01	4896
-8.909728080072147e-01	1.006102589163067e+01	4897
3.211830952247507e+00	-1.032461191473860e+01	4898
-6.432395891871114e+00	-6.792670876964296e+00	4899
-4.933738659977555e+00	8.871380730022562e+00	4900
-7.280158975859917e+00	-5.140728700401430e+00	4901
5.216075132579058e+00	-7.481800792939322e+00	4902
5.218147101038917e+00	7.120494044227266e+00	4903
6.464890393980626e+00	5.993068772069143e+00	4904
-8.013098015671600e+00	-2.601185018727974e+00	4905
-6.774450238574828e+00	7.511439877716062e+00	4906
-6.220375931387463e+00	-1.044355707481296e+01	4907
-9.061091885168512e+00	3.472321381215112e+00	4908
1.125260101420081e+00	-1.087960356254268e+01	4909
3.889440072941661e+00	-8.276037075653440e+00	4910
-7.490444911955168e+00	4.891465515863272e-02	4911
7.520984037567587e+00	-1.260888100895871e+00	4912
-7.201114002083878e+00	6.257181895220395e-01	4913
5.821893023484380e-01	1.079944793657672e+01	4914
3.415835054725423e+00	9.678337801652614e+00	4915
-8.277528544262308e+00	4.633395149232495e-01	4916
1.326998142818926e-01	-1.183855434659126e+01	4917
8.953322395330581e+00	-1.015272622284285e+00	4918
-2.474208249961045e+00	-1.208713919238260e+01	4919
9.197823001344316e+00	8.780787582573287e-01	4920
8.807782288038778e+00	2.517894565222785e+00	4921
8.282503997271403e+00	4.101623681232859e+00	4922
-8.885603757075842e+00	2.227616429067505e+00	4923
5.035867921804652e+00	8.145530746197872e+00	4924
3.660523886037737e+00	-9.282524371610233e+00	4925
-8.096454219857408e+00	7.099971970990934e+00	4926
8.582321323979182e+00	-3.617708864751184e+00	4927
8.177454458012928e+00	-1.780213542180669e+00	4928
-8.601279141033828e+00	-1.594528163229328e+00	4929
-6.290777458513282e+00	8.773743431723554e+00	4930
-5.234281373649637e+00	-1.152948809425386e+01	4931
-4.104651494628687e+00	9.904306163388311e+00	4932
-7.642146392189845e+00	-7.337988803755120e+00	4933
-2.076468526525307e+00	1.037934559211990e+01	4934
-8.284036570210940e+00	-3.987318712610473e+00	4935
7.779139833369952e+00	-5.693316989366576e+00	4936
2.363911455128902e+00	-1.132846620187430e+01	4937
-7.405229935041142e+00	-6.243491239279780e+00	4938
6.347438070346726e+00	-7.370030767996052e+00	4939
6.231675506612505e+00	6.993023369379961e+00	4940
7.407023385496737e+00	5.611170344317679e+00	4941
-7.092678436556513e+00	-9.449760730096953e+00	4942
-9.374632427979019e+00	4.845241552620807e+00	4943
4.825427767496264e+00	-8.335839918583366e+00	4944
4.737186000537499e+00	9.399205467255639e+00	4945
-6.780669407098211e+00	-1.194204378491133e+01	4946
-3.231159753445133e+00	1.076100032799726e+01	4947
3.753146727950743e+00	-1.163849385767251e+01	4948
8.828171830152366e+00	-4.892891032414690e+00	4949
-9.451155820621860e+00	6.378850737799056e+00	4950
-8.638997538952047e+00	-6.547018049633114e+00	4951
9.300160093497748e+00	-2.769809039479458e+00	4952
9.546766580845672e+00	1.831983824637152e+00	4953
1.963374279031690e+00	1.126036180237734e+01	4954
2.777222738022455e+00	1.088664325426507e+01	4955
-4.051178490900985e+00	-1.273756384018343e+01	4956
-7.690276055153669e+00	-1.085398263309659e+01	4957
5.984680994324264e+00	7.930347273542433e+00	4958
-1.074838441958602e+00	-1.277822019643293e+01	4959
9.732702526053657e+00	-1.576224819176154e-01	4960
-8.004711950080621e+00	-8.553593274114093e+00	4961
-5.575647654153091e+00	1.007640261262687e+01	4962
9.098301123475940e+00	3.488909990356885e+00	4963
-9.326788298012624e-01	1.143256885337419e+01	4964
1.416642597924522e+00	-1.229900107903445e+01	4965
7.312449700349861e+00	6.717677064355425e+00	4966
8.361434812267406e+00	5.154058706414125e+00	4967
-8.675349251384239e+00	1.136517117183793e+00	4968
-7.719796315889927e+00	8.507503593642451e+00	4969
7.594116345296487e+00	-6.996288211849170e+00	4970
-1.004259531443649e+01	2.697630679107188e+00	4971
4.498688423612919e+00	-1.025800034949374e+01	4972
-9.064602070300936e+00	-4.669386240108570e-01	4973
9.157096624465458e+00	-2.092265125521163e+00	4974
-8.475527903745038e+00	-5.410092301893274e+00	4975
-9.144378338157598e+00	-2.849208772919426e+00	4976
-1.033958049658034e+01	3.901606595136109e+00	4977
5.920748533297709e+00	-8.397276417375858e+00	4978
4.237720283756299e+00	1.076560605725147e+01	4979
-5.663243037926904e+00	-1.317737381527705e+01	4980
-9.729874869042412e+00	-5.808439457504255e+00	4981
-2.559367933160157e+00	-1.374123803440446e+01	4982
1.035370921983665e+01	9.157782130064828e-01	4983
-2.308599778805820e+00	1.179149358683681e+01	4984
7.220630244410691e+00	-8.274229548933519e+00	4985
9.731340476179156e+00	-3.959196434671687e+00	4986
-1.138026818415510e+01	3.004955317597175e+00	4987
-8.423994581126086e+00	-1.239119871653488e+01	4988
-7.145570868088480e+00	9.965530155839234e+00	4989
-9.802859257967587e+00	-1.614424187751228e+00	4990
9.899652807738777e+00	2.814846042789774e+00	4991
9.330933287642445e+00	4.584016347490295e+00	4992
-9.253530757462654e+00	7.995248133367702e+00	4993
-8.495025521030184e+00	-9.966047378124857e+00	4994
-9.829777050920280e+00	1.475961727656009e+00	4995
1.005630025474257e+01	-1.315685382581445e+00	4996
5.941740006777352e-01	1.226514810983425e+01	4997
5.308244720667080e+00	-9.469880601882995e+00	4998
8.862637467841935e+00	-6.325118112138028e+00	4999
7.084106262055507e+00	7.807917265820875e+00	5000
8.371084490569013e+00	6.288281484695274e+00	5001
-1.069266297835442e+01	5.403201162223203e+00	5002
-8.960844172398726e+00	-7.747684620938449e+00	5003
-4.621776109629399e+00	1.124089088425628e+01	5004
2.810747088406770e+00	-1.277323440473432e+01	5005
-9.517178254504520e+00	-4.310621709824975e+00	5006
5.752107145822231e+00	9.098130471416709e+00	5007
3.486799452932765e-01	-1.339308014041734e+01	5008
5.281982753035448e+00	-1.156957984840394e+01	5009
6.824791091986619e+00	8.867516404530898e+00	5010
-1.049126383003110e+00	1.297722744237034e+01	5011
-7.293087606184093e+00	-1.368540256981515e+01	5012
1.787067402029864e+00	-1.388841021313000e+01	5013
-4.310368514640952e+00	-1.450663097057886e+01	5014
1.096019146702658e+01	-3.074856634921112e-01	5015
-8.806190452561889e+00	9.635072587200552e+00	5016
-3.626117230248269e+00	1.220987274855477e+01	5017
-6.302563165416234e+00	1.144680219037057e+01	5018
-1.034153520463653e+01	-4.559909839089551e-01	5019
-1.175015082810777e+01	4.395613034578753e+00	5020
9.441980351766242e+00	5.766519114876960e+00	5021
-9.544278539197467e+00	3.196929915887649e-01	5022
1.004177160007131e+01	-5.397210088992463e+00	5023
1.024038712064961e+01	3.895789289823686e+00	5024
1.075654701639574e+01	2.024496649535415e+00	5025
1.054361684891589e+01	-2.991205915741176e+00	5026
3.615488698857430e+00	1.211820276057556e+01	5027
-1.079562044242870e+01	7.146504454200449e+00	5028
-9.961214367180929e+00	-7.021760649986889e+00	5029
5.612697925203232e+00	1.045100714884256e+01	5030
8.283947000050441e+00	7.518065738799737e+00	5031
-9.353762967960778e+00	-9.186562253225382e+00	5032
-1.085043823479524e+01	-4.884388133920844e+00	5033
8.656502489469540e+00	-7.831779026127562e+00	5034
2.079200720636052e+00	1.285493110275947e+01	5035
-9.743038919587182e-01	-1.449416820242423e+01	5036
-9.215420194971289e+00	-1.142843413983489e+01	5037
-1.103441536277643e+01	1.779509549723090e+00	5038
6.657075721775563e+00	-9.513071546588440e+00	5039
4.481031034463393e+00	-1.306652963190442e+01	5040
-1.044662796090845e+01	-3.028809018863638e+00	5041
5.768749744770574e+00	-1.075188633290418e+01	5042
-9.171954572724024e+00	-1.418526263452691e+01	5043
1.052542851113302e+01	5.119135568322271e+00	5044
1.104727737294231e+01	-4.329079205488202e+00	5045
-6.070542762216318e+00	-1.504491303176568e+01	5046
-5.203746728892261e+00	1.275957912899078e+01	5047
-8.120979162541147e+00	1.132041484400486e+01	5048
-1.073319844120134e+01	5.942896521399990e-01	5049
-1.057154502245507e+01	9.013246360007777e+00	5050
1.010432644906719e+01	-7.039817538871454e+00	5051
1.114462203717132e+01	3.137801804901762e+00	5052
5.763598618615932e-01	1.392685822277333e+01	5053
7.297376970324486e+00	-1.090829343873388e+01	5054
8.196330038747098e+00	-9.336533402409945e+00	5055
8.045661247454595e+00	8.729057560925746e+00	5056
-2.619841999621555e+00	-1.561419643051980e+01	5057
9.473054884331548e+00	7.040398160112350e+00	5058
6.547993646509353e+00	1.018404058588555e+01	5059
1.138177840224973e+01	-1.704982948825073e+00	5060
-1.026977711429994e+01	-8.502835475250048e+00	5061
6.299691787013909e-01	-1.514085028201044e+01	5062
-1.217639452757453e+01	6.052852208261164e+00	5063
3.403192353222698e+00	-1.439378478546065e+01	5064
-1.114380324620475e+01	-6.268299008218190e+00	5065
-1.191580436755070e+01	-3.680296967282125e+00	5066
5.190016283577206e+00	1.195600410013515e+01	5067
-1.290086521465169e+01	3.343616319860546e+00	5068
-2.596822370095103e+00	1.338433025738746e+01	5069
6.197602826131651e+00	-1.301857277228251e+01	5070
1.167718616797651e+01	9.461158146294290e-01	5071
-1.013525382814611e+01	-1.299136437273660e+01	5072
-1.116288678452220e+01	-1.678912953767113e+00	5073
3.480689555616841e+00	1.380737594669885e+01	5074
-1.247088002648145e+01	2.033932882292941e+00	5075
1.214043303756779e+01	2.232157570265032e+00	5076
-4.552236591746198e+00	-1.651120872185496e+01	5077
-7.894607590095616e+00	-1.564279226418503e+01	5078
-1.004664016528233e+01	1.091702500575740e+01	5079
-1.231745861687400e+01	8.025817909572917e+00	5080
1.237608901560772e+01	-4.750137245020348e-01	5081
1.197986595236129e+01	-3.121954778431677e+00	5082
9.865636820313068e+00	-8.793721992137836e+00	5083
6.453639623415252e+00	1.162181912738799e+01	5084
9.386015290432121e+00	8.415194600987610e+00	5085
5.288921426560594e+00	-1.469594062459225e+01	5086
-8.185978896169246e-01	-1.643246240916550e+01	5087
-1.115056781003547e+01	-1.133958535811118e+01	5088
1.153923457839485e+01	4.343756910610804e+00	5089
-1.222830640200068e+00	1.471908410681504e+01	5090
-1.239753016807298e+01	-5.246275554772200e+00	5091
-7.125981272757060e+00	1.300577400486837e+01	5092
-4.081236767421254e+00	1.384831780295191e+01	5093
-1.071826620459855e+01	-1.006196849829404e+01	5094
-1.114353203390608e+01	-1.479035962077257e+01	5095
-1.409556632143204e+01	2.224280269378829e+00	5096
-1.172073984843614e+01	-3.683278513755318e-01	5097
1.142894888944345e+01	-5.959044324887409e+00	5098
2.067689123548369e+00	1.462603792353581e+01	5099
8.115219373845390e+00	-1.267280687076329e+01	5100
1.067508695245576e+01	6.447135920416992e+00	5101
8.993379008262204e+00	-1.083423500085327e+01	5102
7.767299402833492e+00	9.934438150215275e+00	5103
2.263455637105884e+00	-1.567167051427698e+01	5104
-1.142152595829725e+01	-7.659314219431527e+00	5105
-1.280453924112273e+01	-2.203084587472183e+00	5106
-1.336201344082872e+01	4.906324202089357e+00	5107
4.553354483168969e+00	1.348873611079718e+01	5108
-1.204149426265889e+01	7.511850569595449e-01	5109
-9.230665821558448e+00	1.286280963081371e+01	5110
-2.640478204737128e+00	-1.773268432961380e+01	5111
4.042893223460621e+00	1.542952394031221e+01	5112
1.256219715912966e+01	3.494408621900706e+00	5113
7.437373229651496e+00	1.142009248186888e+01	5114
9.965516117620390e-01	-1.710209439087730e+01	5115
4.099452877338189e+00	-1.621952973733256e+01	5116
-6.509839430182151e+00	-1.715478248189205e+01	5117
1.188630801410024e+01	5.710945736750154e+00	5118
1.072803452905586e+01	7.882884809727188e+00	5119
1.084124471265240e+01	-1.041652476232874e+01	5120
-1.255343010667418e+01	-1.015048062923529e+01	5121
-1.352602586573763e+01	8.085280328661347e-01	5122
-1.358699272739623e+01	-3.862213883702805e+00	5123
1.257026931170765e+01	-4.692207477793087e+00	5124
4.830457658022725e-01	1.579377739499025e+01	5125
1.152207462180955e+01	-7.850052654074276e+00	5126
-1.207077587520173e+01	1.017134305207652e+01	5127
6.245237455799010e+00	1.327266064299133e+01	5128
1.319166611499237e+01	9.796402615869946e-01	5129
-1.273553598775279e+01	-6.795539375479001e+00	5130
-1.460139057259832e+01	3.803674553462572e+00	5131
-2.947306373508052e+00	1.517752295041222e+01	5132
1.289629686567186e+01	-1.910128749494627e+00	5133
-1.319112348962964e+01	-1.859688444633465e-01	5134
-5.863464158395636e+00	1.448238798639294e+01	5135
-1.226947539774193e+01	-1.304309545139679e+01	5136
-1.386628349591633e+01	6.773864646219223e+00	5137
7.339904227735643e+00	-1.457631232503894e+01	5138
1.003918325571868e+01	-1.246047433807932e+01	5139
9.132849285715064e+00	9.771106565585740e+00	5140
-1.188376046198742e+01	-9.090532064462055e+00	5141
-4.605630535287510e+00	1.569677494170718e+01	5142
1.399376055931402e+01	-5.781467057643641e-01	5143
2.839396779055061e+00	-1.767410344241848e+01	5144
1.302813288734791e+01	-6.572350577380666e+00	5145
1.301614024436157e+01	4.840513467315414e+00	5146
-1.528608958270010e+01	9.209378450746198e-01	5147
6.278713639172985e+00	-1.651846748464065e+01	5148
2.353436710350165e+00	1.663175813017865e+01	5149
-1.145948963594801e+01	1.237621287034033e+01	5150
-1.404973924072934e+01	9.018344413178768e+00	5151
1.372016409575906e+01	2.465814173278868e+00	5152
1.358260861594903e+01	-3.387336502251578e+00	5153
1.208086714404305e+01	7.206073304533512e+00	5154
-1.469156912437063e+00	1.667679139193298e+01	5155
-8.059017201921600e+00	1.477891855658581e+01	5156
8.829635395233515e+00	1.114776700538528e+01	5157
-1.337652284015278e+01	-8.461784169083439e+00	5158
-5.875119584792990e-01	-1.861774415268270e+01	5159
1.207631281172005e+01	-1.207889258883343e+01	5160
-1.453115471116637e+01	-1.927084040692074e+00	5161
6.361812573240114e+00	1.559425027045472e+01	5162
1.274768680044326e+01	-9.547821412780358e+00	5163
-1.516761567595686e+01	5.502302862887035e+00	5164
-1.415029184274842e+01	-5.632402214989897e+00	5165
-1.594612331322958e+01	2.500396129550155e+00	5166
-1.480528367548102e+01	-1.775585326105271e-01	5167
9.314063613899094e+00	-1.429825897361758e+01	5168
1.063935660381543e+01	9.428270420331545e+00	5169
1.430095435386377e+01	-5.124261000344475e+00	5170
4.985119095854081e+00	-1.816601159902309e+01	5171
-1.049139592407003e+01	1.461915075460331e+01	5172
1.458879210500832e+01	-8.219561709382821e+00	5173
1.343461291552620e+01	6.368232035954076e+00	5174
-3.371759609463830e+00	1.719048323713875e+01	5175
1.460316858956031e+01	-2.108523671620135e+00	5176
-1.458241598172246e+01	-7.270478210482209e+00	5177
-6.610916736150751e+00	1.643554512515102e+01	5178
-1.461257662062907e+01	-1.011050974621232e+01	5179
-1.727421173620452e+01	1.015477354000837e+00	5180
-1.648163223279669e+01	-8.187071620146906e-01	5181
4.676647389938277e+00	1.746639512507585e+01	5182
4.660438441495285e-01	1.792141396920633e+01	5183
-1.377925543090367e+01	1.148470140595973e+01	5184
-1.550021622826916e+01	-3.930910944683224e+00	5185
-1.578127727191385e+01	7.587821024844081e+00	5186
1.140981955333387e+01	-1.408740303243026e+01	5187
1.215707511571543e+01	8.828849832057628e+00	5188
8.437260367998567e+00	1.283006598389667e+01	5189
1.417339871922129e+01	3.894038785302461e+00	5190
1.491592251035403e+01	1.054144983692673e+00	5191
8.543340915354884e+00	-1.639439559065345e+01	5192
1.422093359746581e+01	-1.129216723235598e+01	5193
-1.653701770566603e+01	4.258189749993625e+00	5194
1.036284391877267e+01	1.095212599436922e+01	5195
1.539773090823652e+01	-3.695557816817720e+00	5196
-1.376962282049207e+01	-1.219203974452911e+01	5197
-1.721685112320633e+01	6.143697443903253e+00	5198
1.469128742412542e+01	5.392669567602537e+00	5199
1.583227701235993e+01	-6.544772191928344e-01	5200
1.492655854514861e+01	-6.962335867842901e+00	5201
1.002997128425681e+01	1.252760387952991e+01	5202
1.566823651923903e+01	-9.548584583483049e+00	5203
-5.208158241930015e+00	1.777717996192386e+01	5204
1.368238648130529e+01	8.054443725237292e+00	5205
7.680917706085779e+00	1.472626802567239e+01	5206
-1.803351842006122e+01	2.899010181297255e+00	5207
-1.615874070842156e+01	-5.944933242611160e+00	5208
1.206373870194503e+01	1.057273673343986e+01	5209
1.551487949891825e+01	2.748281696440059e+00	5210
-1.865216442595746e+01	-6.710257689275528e-01	5211
1.626726611370042e+01	-5.476037059441584e+00	5212
1.599734803850302e+01	4.351880788777805e+00	5213
1.519473912219497e+01	7.099151807305967e+00	5214
8.074263021305102e+00	1.675866061627807e+01	5215
-1.660109053048187e+01	-8.075995863778282e+00	5216
1.378115566161931e+01	9.893214427775330e+00	5217
1.653025082219321e+01	-2.312344212420275e+00	5218
1.687622809946507e+01	1.170632727773415e+00	5219
-1.769944651062036e+01	-2.663733888395281e+00	5220
1.669212176118006e+01	-7.560979643993376e+00	5221
9.650925109223104e+00	1.443936079075259e+01	5222
-1.761894391007104e+01	-4.351648543731319e+00	5223
1.175668522606861e+01	1.229097376770595e+01	5224
1.791896205451991e+01	-7.164282545341687e-01	5225
1.550589200088515e+01	9.005357525981807e+00	5226
1.744136912263131e+01	-3.972611022385429e+00	5227
1.368257068406078e+01	1.186696218211620e+01	5228
1.658531526991988e+01	6.011530241986160e+00	5229
1.754994740806410e+01	3.091903944671100e+00	5230
1.141575367624278e+01	1.405618974393602e+01	5231
1.719304785200867e+01	7.914123065421775e+00	5232
NMARK= 2
MARKER_TAG= airfoil
MARKER_ELEMS= 200
3	199	0
3	0	1
3	1	2
3	2	3
3	3	4
3	4	5
3	5	6
3	6	7
3	7	8
3	8	9
3	9	10
3	10	11
3	11	12
3	12	13
3	13	14
3	14	15
3	15	16
3	16	17
3	17	18
3	18	19
3	19	20
3	20	21
3	21	22
3	22	23
3	23	24
3	24	25
3	25	26
3	26	27
3	27	28
3	28	29
3	29	30
3	30	31
3	31	32
3	32	33
3	33	34
3	34	35
3	35	36
3	36	37
3	37	38
3	38	39
3	39	40
3	40	41
3	41	42
3	42	43
3	43	44
3	44	45
3	45	46
3	46	47
3	47	48
3	48	49
3	49	50
3	50	51
3	51	52
3	52	53
3	53	54
3	54	55
3	55	56
3	56	57
3	57	58
3	58	59
3	59	60
3	60	61
3	61	62
3	62	63
3	63	64
3	64	65
3	65	66
3	66	67
3	67	68
3	68	69
3	69	70
3	70	71
3	71	72
3	72	73
3	73	74
3	74	75
3	75	76
3	76	77
3	77	78
3	78	79
3	79	80
3	80	81
3	81	82
3	82	83
3	83	84
3	84	85
3	85	86
3	86	87
3	87	88
3	88	89
3	89	90
3	90	91
3	91	92
3	92	93
3	93	94
3	94	95
3	95	96
3	96	97
3	97	98
3	98	99
3	99	100
3	100	101
3	101	102
3	102	103
3	103	104
3	104	105
3	105	106
3	106	107
3	107	108
3	108	109
3	109	110
3	110	111
3	111	112
3	112	113
3	113	114
3	114	115
3	115	116
3	116	117
3	117	118
3	118	119
3	119	120
3	120	121
3	121	122
3	122	123
3	123	124
3	124	125
3	125	126
3	126	127
3	127	128
3	128	129
3	129	130
3	130	131
3	131	132
3	132	133
3	133	134
3	134	135
3	135	136
3	136	137
3	137	138
3	138	139
3	139	140
3	140	141
3	141	142
3	142	143
3	143	144
3	144	145
3	145	146
3	146	147
3	147	148
3	148	149
3	149	150
3	150	151
3	151	152
3	152	153
3	153	154
3	154	155
3	155	156
3	156	157
3	157	158
3	158	159
3	159	160
3	160	161
3	161	162
3	162	163
3	163	164
3	164	165
3	165	166
3	166	167
3	167	168
3	168	169
3	169	170
3	170	171
3	171	172
3	172	173
3	173	174
3	174	175
3	175	176
3	176	177
3	177	178
3	178	179
3	179	180
3	180	181
3	181	182
3	182	183
3	183	184
3	184	185
3	185	186
3	186	187
3	187	188
3	188	189
3	189	190
3	190	191
3	191	192
3	192	193
3	193	194
3	194	195
3	195	196
3	196	197
3	197	198
3	198	199
MARKER_TAG= farfield
MARKER_ELEMS= 50
3	200	201
3	201	202
3	202	203
3	203	204
3	204	205
3	205	206
3	206	207
3	207	208
3	208	209
3	209	210
3	210	211
3	211	212
3	212	213
3	213	214
3	214	215
3	215	216
3	216	217
3	217	218
3	218	219
3	219	220
3	220	221
3	221	222
3	222	223
3	223	224
3	224	225
3	225	226
3	226	227
3	227	228
3	228	229
3	229	230
3	230	231
3	231	232
3	232	233
3	233	234
3	234	235
3	235	236
3	236	237
3	237	238
3	238	239
3	239	240
3	240	241
3	241	242
3	242	243
3	243	244
3	244	245
3	245	246
3	246	247
3	247	248
3	248	249
3	249	200
