"Time_Iter","Outer_Iter","Inner_Iter",    "rms[Rho]"    ,    "rms[RhoU]"   ,    "rms[RhoV]"   ,    "rms[RhoE]"   ,    "RefForce"    ,       "CD"       ,       "CL"       ,       "CSF"      ,       "CMx"      ,       "CMy"      ,       "CMz"      ,       "CFx"      ,       "CFy"      ,       "CFz"      ,      "CEff"      
          0,           0,           0,      -3.527671962,      -3.639873643,      -4.081908671,      -2.931294818,             0.448,      0.2893635869,      0.1672516451,                 0,                 0,                 0,     0.05327361527,      0.2856461508,      0.1735242772,                 0,      0.5779982441
          0,           0,           1,      -3.776082356,      -3.656970595,      -3.674001661,      -3.165522482,             0.448,      0.1133418796,     0.07702660021,                 0,                 0,                 0,    0.007436686389,      0.1116345809,     0.07948081004,                 0,      0.6795952254
          0,           0,           2,       -3.71139572,      -3.627016122,      -3.646094766,      -3.113336221,             0.448,     0.08715145329,     0.09474893453,                 0,                 0,                 0,      0.0114208326,     0.08506377649,     0.09662758579,                 0,       1.087175612
          0,           0,           3,      -3.659630336,      -3.668854065,       -3.64529304,      -3.067139334,             0.448,      0.1042057886,      0.1310194587,                 0,                 0,                 0,     0.01759740013,       0.101322816,      0.1332615169,                 0,       1.257314593
          0,           0,           4,      -3.606204395,      -3.627810608,      -3.616622814,      -3.017124859,             0.448,     0.08047733353,      0.1339288503,                 0,                 0,                 0,     0.01144616079,     0.07753653964,      0.1356525827,                 0,       1.664181012
          0,           0,           5,      -3.600318978,      -3.606061952,       -3.60443886,      -3.015889566,             0.448,     0.06811281763,      0.1372421758,                 0,                 0,                 0,    0.009813244659,     0.06510268633,      0.1386953891,                 0,       2.014924364
          0,           0,           6,      -3.595745184,       -3.72138176,       -3.63764204,      -3.017899803,             0.448,     0.06618832079,      0.1459256615,                 0,                 0,                 0,    0.008628344146,     0.06298921823,      0.1473348258,                 0,        2.20470409
          0,           0,           7,      -3.595863531,      -3.706545711,       -3.62802314,      -3.019439927,             0.448,     0.06291422086,      0.1546250766,                 0,                 0,                 0,    0.008461322724,     0.05952612071,      0.1559607465,                 0,       2.457712652
          0,           0,           8,      -3.579485324,      -3.636743161,      -3.643508809,      -3.002414408,             0.448,     0.05895475005,      0.1618934649,                 0,                 0,                 0,     0.01076088953,     0.05540903309,      0.1631410297,                 0,       2.746063121
          0,           0,           9,      -3.594339781,      -3.671708473,      -3.653195063,      -3.021206592,             0.448,     0.05648448773,      0.1676657099,                 0,                 0,                 0,     0.01386678813,     0.05281343776,      0.1688580126,                 0,        2.96834966
          0,           0,          10,      -3.604386501,      -3.724260275,      -3.679743829,      -3.035010696,             0.448,     0.05512929561,      0.1729757114,                 0,                 0,                 0,     0.01708358992,     0.05134273108,      0.1741371871,                 0,       3.137636886
          0,           0,          11,      -3.613142687,      -3.747384343,      -3.703591477,      -3.045546248,             0.448,     0.05376780161,      0.1782228688,                 0,                 0,                 0,     0.02062569864,     0.04986709494,       0.179353395,                 0,       3.314676507
          0,           0,          12,      -3.619932801,      -3.760542327,      -3.717455086,       -3.05279591,             0.448,      0.0521927825,      0.1832253945,                 0,                 0,                 0,     0.02447182597,     0.04818332111,      0.1843203713,                 0,       3.510550419
          0,           0,          13,      -3.624440561,      -3.771429627,       -3.73123363,      -3.056130807,             0.448,      0.0506560743,      0.1880162218,                 0,                 0,                 0,     0.02833615198,     0.04654246727,      0.1890765355,                 0,       3.711622434
          0,           0,          14,      -3.633836004,      -3.788886179,      -3.745946443,      -3.063744248,             0.448,     0.04919795097,      0.1927144642,                 0,                 0,                 0,     0.03194869812,     0.04498219931,      0.1937418511,                 0,       3.917123791
          0,           0,          15,      -3.645755266,      -3.812929599,      -3.765136956,      -3.074239964,             0.448,     0.04769896172,      0.1972846424,                 0,                 0,                 0,     0.03513592894,     0.04338386886,      0.1982782413,                 0,        4.13603641
          0,           0,          16,       -3.65990556,      -3.838027566,      -3.788137305,      -3.088212105,             0.448,     0.04605511123,       0.201700148,                 0,                 0,                 0,     0.03779734646,     0.04164408583,      0.2026568357,                 0,        4.37953883
          0,           0,          17,      -3.677269687,      -3.859446894,      -3.811709257,      -3.106662998,             0.448,     0.04421429617,      0.2059185813,                 0,                 0,                 0,      0.0398574252,     0.03971168418,      0.2068341081,                 0,       4.657285068
          0,           0,          18,       -3.69739441,      -3.874946996,      -3.836678388,      -3.128228873,             0.448,     0.04220453057,       0.209854727,                 0,                 0,                 0,     0.04129880989,     0.03761653029,      0.2107254743,                 0,       4.972327003
          0,           0,          19,      -3.720182867,      -3.888017486,      -3.865480067,      -3.152130992,             0.448,      0.0401163519,      0.2133842883,                 0,                 0,                 0,     0.04213243632,     0.03545185157,      0.2142086422,                 0,       5.319134922
          0,           0,          20,      -3.744782603,      -3.904771449,      -3.898644587,      -3.177460223,             0.448,     0.03803342226,      0.2162511623,                 0,                 0,                 0,     0.04231644945,     0.03330687709,      0.2170293951,                 0,       5.685819193
          0,           0,          21,      -3.768767493,      -3.928784847,      -3.934329377,      -3.202189472,             0.448,     0.03609672977,      0.2187416162,                 0,                 0,                 0,     0.04203106445,     0.03131631652,      0.2194770076,                 0,         6.0598735
          0,           0,          22,      -3.789864855,      -3.959206933,      -3.969261952,      -3.224375176,             0.448,     0.03441478011,      0.2210908854,                 0,                 0,                 0,     0.04140224884,     0.02958351808,      0.2217890263,                 0,       6.424300394
          0,           0,          23,      -3.807591864,      -3.991891057,      -4.000438231,      -3.243352114,             0.448,     0.03306565745,      0.2234237153,                 0,                 0,                 0,     0.04050765682,     0.02818382605,        0.22409187,                 0,       6.756971811
          0,           0,          24,       -3.82282052,      -4.022092486,       -4.02664313,      -3.259389473,             0.448,     0.03211795466,      0.2258227043,                 0,                 0,                 0,     0.03941476122,     0.02718401512,      0.2264696141,                 0,       7.031042503
          0,           0,          25,       -3.83716683,      -4.047011323,      -4.048830807,      -3.273561213,             0.448,     0.03159313969,      0.2281486294,                 0,                 0,                 0,     0.03810192467,     0.02660858526,      0.2287835369,                 0,       7.221461102
          0,           0,          26,      -3.852571522,      -4.066749716,       -4.06911602,      -3.287920346,             0.448,     0.03149195296,      0.2303402744,                 0,                 0,                 0,     0.03662366787,     0.02645961213,       0.230972453,                 0,       7.314258174
          0,           0,          27,      -3.867662533,      -4.085384752,      -4.090664376,      -3.301849303,             0.448,     0.03183331898,      0.2326641268,                 0,                 0,                 0,      0.0351487968,     0.02675020234,      0.2333031992,                 0,       7.308824032
          0,           0,          28,      -3.878102227,      -4.108278377,      -4.117023931,      -3.311941327,             0.448,      0.0324699121,       0.234442784,                 0,                 0,                 0,     0.03345338285,     0.02734784276,      0.2350953204,                 0,       7.220308553
          0,           0,          29,       -3.88462145,      -4.138413118,      -4.149993642,      -3.319581507,             0.448,     0.03333159232,      0.2356915305,                 0,                 0,                 0,     0.03170095345,     0.02818207666,      0.2363625672,                 0,       7.071115243
          0,           0,          30,      -3.894558747,      -4.174926893,      -4.189436157,      -3.332063938,             0.448,     0.03439996875,      0.2368823303,                 0,                 0,                 0,     0.03011551565,     0.02922422169,        0.23757639,                 0,       6.886120507
          0,           0,          31,      -3.913811602,      -4.215386287,      -4.232648328,        -3.3544363,             0.448,     0.03552275461,      0.2375431025,                 0,                 0,                 0,     0.02850729782,     0.03033232569,      0.2382614985,                 0,       6.687068756
          0,           0,          32,      -3.945913516,      -4.258537911,      -4.275722271,      -3.388954975,             0.448,     0.03663687657,      0.2377259139,                 0,                 0,                 0,     0.02698865624,      0.0314421945,      0.2384685709,                 0,       6.488705812
          0,           0,          33,      -3.990396393,      -4.302336619,      -4.314054142,      -3.434247582,             0.448,     0.03777516019,      0.2380552055,                 0,                 0,                 0,     0.02582543882,     0.03257302378,      0.2388226156,                 0,       6.301897974
          0,           0,          34,      -4.042654662,      -4.341740461,      -4.345571224,      -3.485330394,             0.448,     0.03884818144,      0.2382453797,                 0,                 0,                 0,     0.02488565881,     0.03364164106,      0.2390361524,                 0,       6.132729277
          0,           0,          35,      -4.096780874,      -4.372578723,      -4.372333764,      -3.536861826,             0.448,     0.03979564887,      0.2381735331,                 0,                 0,                 0,      0.0241379223,     0.03459045034,      0.2389849918,                 0,       5.984913926
          0,           0,          36,      -4.149096418,      -4.396536241,      -4.398167327,      -3.586154148,             0.448,     0.04060113367,      0.2379870347,                 0,                 0,                 0,     0.02363216641,      0.0353998119,      0.2388161093,                 0,        5.86158595
          0,           0,          37,      -4.196232057,      -4.416173389,      -4.425370253,      -3.630942729,             0.448,     0.04123791092,      0.2376945247,                 0,                 0,                 0,     0.02333330788,     0.03604281868,      0.2385375602,                 0,       5.763980751
          0,           0,          38,      -4.234611984,      -4.433701794,      -4.455043873,      -3.668685866,             0.448,     0.04168738792,      0.2372704365,                 0,                 0,                 0,     0.02320375683,     0.03650144016,      0.2381233781,                 0,       5.691659956
          0,           0,          39,      -4.260478385,      -4.452594113,      -4.488024784,      -3.695898212,             0.448,     0.04194996353,      0.2367450995,                 0,                 0,                 0,     0.02322483095,     0.03677541344,      0.2376038943,                 0,       5.643511451
          0,           0,          40,      -4.272944205,      -4.475097293,      -4.523696928,      -3.710969319,             0.448,     0.04202591472,      0.2360823962,                 0,                 0,                 0,     0.02334617465,     0.03686580336,      0.2369430055,                 0,       5.617543314
          0,           0,          41,      -4.273681834,      -4.502449261,      -4.559861437,       -3.71419438,             0.448,     0.04193891446,      0.2353624456,                 0,                 0,                 0,     0.02355345475,     0.03679452944,      0.2362213283,                 0,       5.612029988
          0,           0,          42,      -4.267485662,      -4.531878954,      -4.593231422,      -3.709318472,             0.448,     0.04172287711,      0.2346973117,                 0,                 0,                 0,     0.02384366758,     0.03659305332,      0.2355516399,                 0,       5.625146874
          0,           0,          43,      -4.262703841,      -4.557481442,      -4.622310728,      -3.704728062,             0.448,     0.04140502107,      0.2341250881,                 0,                 0,                 0,     0.02420208071,     0.03628775591,      0.2349726185,                 0,       5.654509576
          0,           0,          44,      -4.263677373,      -4.578295861,      -4.648698953,      -3.705223872,             0.448,     0.04101569355,      0.2336834735,                 0,                 0,                 0,     0.02467111044,     0.03590815482,      0.2345226158,                 0,       5.697416117
          0,           0,          45,      -4.269071885,      -4.592745133,      -4.674860957,       -3.70980714,             0.448,     0.04057386132,      0.2333515869,                 0,                 0,                 0,     0.02520463058,      0.0354736678,      0.2341811697,                 0,       5.751278761
          0,           0,          46,      -4.281440216,      -4.597573299,      -4.697366044,      -3.720891534,             0.448,     0.04010871181,      0.2331673757,                 0,                 0,                 0,     0.02576553944,     0.03501264753,      0.2339868551,                 0,       5.813384802
          0,           0,          47,      -4.299566276,      -4.592428337,      -4.716036861,      -3.736778123,             0.448,     0.03963251232,      0.2330377847,                 0,                 0,                 0,     0.02626881858,     0.03453938837,      0.2338469067,                 0,       5.879964985
          0,           0,          48,      -4.334079511,       -4.59611386,      -4.736069729,      -3.769123513,             0.448,     0.03917143859,      0.2329621746,                 0,                 0,                 0,      0.0266924796,     0.03408007379,      0.2337612563,                 0,       5.947245825
          0,           0,          49,      -4.382986871,      -4.623919633,      -4.760660518,      -3.816600449,             0.448,     0.03876224968,       0.233031545,                 0,                 0,                 0,     0.02708489872,     0.03366946895,      0.2338216839,                 0,       6.011816831
          0,           0,          50,      -4.438133577,      -4.672542183,      -4.788412646,      -3.871412663,             0.448,     0.03841390017,      0.2331785467,                 0,                 0,                 0,     0.02742549508,     0.03331799551,      0.2339610513,                 0,       6.070160688
          0,           0,          51,      -4.488968185,      -4.730303797,      -4.818269896,      -3.923478947,             0.448,     0.03814150045,      0.2334269416,                 0,                 0,                 0,     0.02772353571,     0.03304024191,      0.2342034448,                 0,        6.12002514
          0,           0,          52,      -4.527265858,      -4.785680313,      -4.848546831,      -3.964686557,             0.448,      0.0379511548,      0.2337825324,                 0,                 0,                 0,     0.02799376479,     0.03284218438,      0.2345547986,                 0,       6.160090087
          0,           0,          53,      -4.549647552,      -4.834673919,      -4.877697127,      -3.991044382,             0.448,     0.03784533838,      0.2342605215,                 0,                 0,                 0,     0.02825251739,     0.03272596587,      0.2350303655,                 0,       6.189943901
          0,           0,          54,      -4.557993412,      -4.877913666,      -4.905027111,      -4.003200182,             0.448,     0.03781493918,      0.2348205391,                 0,                 0,                 0,     0.02849019949,     0.03268335719,      0.2355895867,                 0,       6.209729387
          0,           0,          55,      -4.558711286,      -4.916677741,      -4.930844559,      -4.006599199,             0.448,     0.03784762269,      0.2354179346,                 0,                 0,                 0,     0.02869596887,      0.0327030008,       0.236187553,                 0,       6.220151171
          0,           0,          56,      -4.558518062,      -4.950663555,      -4.955353719,      -4.007717028,             0.448,     0.03793318398,      0.2360249455,                 0,                 0,                 0,     0.02886047327,     0.03277529986,       0.236796286,                 0,       6.222123237
          0,           0,          57,      -4.562056833,      -4.979736692,      -4.978111464,      -4.011402801,             0.448,     0.03805803648,      0.2365947085,                 0,                 0,                 0,     0.02897162602,     0.03288769333,       0.237368637,                 0,       6.216681951
          0,           0,          58,       -4.57250994,      -5.004184941,      -4.998866214,      -4.021275079,             0.448,     0.03821036474,      0.2371026487,                 0,                 0,                 0,      0.0290228004,     0.03302890469,      0.2378797794,                 0,       6.205191976
          0,           0,          59,      -4.590634636,      -5.024067813,      -5.018038751,       -4.03829481,             0.448,     0.03837814242,      0.2375293848,                 0,                 0,                 0,      0.0290140283,     0.03318733324,       0.238310074,                 0,       6.189183996
          0,           0,          60,      -4.616008887,      -5.041173058,      -5.037754445,      -4.062403524,             0.448,     0.03855061189,      0.2378684161,                 0,                 0,                 0,     0.02895469032,     0.03335236574,       0.238652787,                 0,        6.17028899
          0,           0,          61,      -4.646674807,      -5.057896742,       -5.05961973,      -4.091780527,             0.448,     0.03871628706,      0.2380979588,                 0,                 0,                 0,     0.02884826433,     0.03351299403,      0.2388858892,                 0,        6.14981386
          0,           0,          62,      -4.679827813,      -5.076694948,      -5.083760728,       -4.12370715,             0.448,     0.03886812142,      0.2382157785,                 0,                 0,                 0,     0.02870786259,     0.03366222203,      0.2390069932,                 0,       6.128821507
          0,           0,          63,       -4.71364298,      -5.097103039,      -5.109621913,      -4.156794876,             0.448,     0.03900066086,      0.2382266566,                 0,                 0,                 0,     0.02854702609,     0.03379449264,        0.23902076,                 0,       6.108272303
          0,           0,          64,      -4.745814447,      -5.120595894,      -5.136781051,      -4.188963466,             0.448,     0.03911002476,      0.2381423655,                 0,                 0,                 0,     0.02837966997,      0.0339056693,      0.2389388748,                 0,        6.08903643
          0,           0,          65,      -4.774671954,      -5.148700038,      -5.164937597,      -4.218698305,             0.448,     0.03919337097,      0.2379799644,                 0,                 0,                 0,     0.02821787701,     0.03399253844,      0.2387783305,                 0,       6.071944273
          0,           0,          66,       -4.79875443,       -5.18238123,      -5.193859627,      -4.244418654,             0.448,      0.0392495296,      0.2377583327,                 0,                 0,                 0,     0.02807029075,     0.03405351859,      0.2385579766,                 0,       6.057609736
          0,           0,          67,      -4.817637509,      -5.221103579,      -5.222970894,      -4.265307116,             0.448,      0.0392790945,      0.2374937224,                 0,                 0,                 0,     0.02794123418,     0.03408884889,      0.2382940742,                 0,       6.046313577
          0,           0,          68,      -4.832119815,      -5.262007333,      -5.251772915,      -4.281621843,             0.448,     0.03928367106,      0.2372018082,                 0,                 0,                 0,     0.02783308391,     0.03409979244,      0.2380023294,                 0,       6.038178251
          0,           0,          69,      -4.844276097,      -5.300190555,      -5.279989064,      -4.295041882,             0.448,     0.03926648977,      0.2368987824,                 0,                 0,                 0,     0.02774736267,     0.03408922571,      0.2376990009,                 0,       6.033103132
          0,           0,          70,      -4.856602191,      -5.330680471,      -5.307044457,      -4.307968639,             0.448,     0.03923062781,      0.2365950436,                 0,                 0,                 0,     0.02768323211,     0.03405999831,       0.237394552,                 0,       6.030875791
          0,           0,          71,      -4.871134354,      -5.351927648,       -5.33296215,      -4.322487393,             0.448,     0.03917925798,      0.2363028786,                 0,                 0,                 0,     0.02764111006,     0.03401501425,      0.2371013359,                 0,       6.031326033
          0,           0,          72,      -4.888965033,      -5.366127487,      -5.358082106,      -4.339844457,             0.448,     0.03911626894,      0.2360328534,                 0,                 0,                 0,     0.02762181898,     0.03395793077,      0.2368300009,                 0,       6.034135152
          0,           0,          73,       -4.91037907,      -5.378077991,       -5.38245447,      -4.360556109,             0.448,     0.03904598802,      0.2357964881,                 0,                 0,                 0,     0.02762637237,     0.03389282285,      0.2365921587,                 0,       6.038942798
          0,           0,          74,      -4.934797724,      -5.391096937,      -5.406039886,      -4.384246252,             0.448,     0.03897166887,      0.2355979017,                 0,                 0,                 0,     0.02765203654,     0.03382285352,      0.2363919983,                 0,       6.045363429
          0,           0,          75,      -4.960734053,      -5.407907659,      -5.428528582,      -4.409576757,             0.448,     0.03889718942,      0.2354420033,                 0,                 0,                 0,     0.02769628532,     0.03375179271,      0.2362345122,                 0,        6.05293099
          0,           0,          76,      -4.986251265,      -5.429737502,      -5.449663711,      -4.434724968,             0.448,     0.03882640342,      0.2353340773,                 0,                 0,                 0,     0.02775692054,     0.03368337795,      0.2361250677,                 0,       6.061186631
          0,           0,          77,      -5.009226716,      -5.456624882,      -5.469477149,      -4.457632393,             0.448,     0.03876193164,      0.2352723721,                 0,                 0,                 0,     0.02782952083,      0.0336202676,      0.2360619708,                 0,       6.069676154
          0,           0,          78,      -5.028078692,      -5.488161699,      -5.488311629,      -4.476692522,             0.448,     0.03870586858,      0.2352543907,                 0,                 0,                 0,     0.02791021619,     0.03356461015,      0.2360427706,                 0,       6.078003139
          0,           0,          79,      -5.042470008,       -5.52306004,      -5.506606426,      -4.491429146,             0.448,     0.03865919017,      0.2352742229,                 0,                 0,                 0,     0.02799434847,     0.03351751021,      0.2360615798,                 0,       6.085854925
          0,           0,          80,      -5.053194694,      -5.559423598,      -5.524617077,      -4.502455613,             0.448,     0.03862257136,      0.2353269923,                 0,                 0,                 0,     0.02807868878,     0.03347974895,      0.2361135378,                 0,       6.092991326
          0,           0,          81,      -5.061872316,      -5.595016848,      -5.542589529,      -4.511261106,             0.448,     0.03859609209,      0.2354061854,                 0,                 0,                 0,      0.0281598496,      0.0334515484,      0.2361921344,                 0,       6.099223331
          0,           0,          82,      -5.070244331,      -5.627663229,      -5.560677982,      -4.519540525,             0.448,     0.03857926143,      0.2355038034,                 0,                 0,                 0,      0.0282343601,     0.03343259221,       0.236289362,                 0,       6.104414515
          0,           0,          83,      -5.079842891,      -5.655651742,      -5.579096473,      -4.528857742,             0.448,     0.03857122326,      0.2356130251,                 0,                 0,                 0,     0.02829995663,      0.0334221733,      0.2363983824,                 0,        6.10851835
          0,           0,          84,      -5.091686992,      -5.678281109,      -5.598139959,      -4.540310525,             0.448,     0.03857108849,       0.235729168,                 0,                 0,                 0,     0.02835562125,     0.03341950492,      0.2365144947,                 0,       6.111550833
          0,           0,          85,      -5.106343561,      -5.696315408,      -5.617938897,        -4.5545588,             0.448,       0.038577315,      0.2358432031,                 0,                 0,                 0,      0.0283986603,     0.03342324228,      0.2366286385,                 0,       6.113520422
          0,           0,          86,      -5.123827404,      -5.711091451,      -5.638533701,      -4.571711859,             0.448,     0.03858880024,      0.2359505746,                 0,                 0,                 0,     0.02842900096,     0.03343238249,       0.236736235,                 0,         6.1144833
          0,           0,          87,      -5.143705579,      -5.724520523,      -5.659649436,      -4.591420372,             0.448,     0.03860442639,      0.2360497742,                 0,                 0,                 0,     0.02844792877,      0.0334458409,      0.2368357519,                 0,       6.114577945
          0,           0,          88,       -5.16540787,      -5.738185393,      -5.680917097,      -4.613189186,             0.448,     0.03862276427,      0.2361366861,                 0,                 0,                 0,      0.0284554325,     0.03346227844,      0.2369230431,                 0,       6.113925053
          0,           0,          89,      -5.188075986,      -5.753520201,      -5.702494226,      -4.636206381,             0.448,     0.03864240608,      0.2362072415,                 0,                 0,                 0,     0.02845173171,     0.03348037641,      0.2369940102,                 0,       6.112643219
          0,           0,          90,      -5.210707928,      -5.771637527,      -5.724124408,      -4.659507423,             0.448,     0.03866222635,      0.2362593367,                 0,                 0,                 0,     0.02843803605,     0.03349905552,      0.2370465254,                 0,       6.110857004
          0,           0,          91,      -5.232468782,      -5.793164289,      -5.745103478,      -4.682230355,             0.448,     0.03868124358,      0.2362917276,                 0,                 0,                 0,     0.02841559978,     0.03351736162,      0.2370793234,                 0,       6.108690045
          0,           0,          92,      -5.252745795,      -5.818094774,       -5.76494084,      -4.703659326,             0.448,     0.03869869317,      0.2363039268,                 0,                 0,                 0,      0.0283857639,     0.03353454094,      0.2370919004,                 0,       6.106250817
          0,           0,          93,      -5.271235662,      -5.845836756,      -5.783396961,      -4.723339743,             0.448,     0.03871401949,      0.2362972647,                 0,                 0,                 0,     0.02835026918,     0.03355000894,      0.2370855742,                 0,       6.103661356
          0,           0,          94,      -5.287990674,      -5.875345486,      -5.800506256,      -4.741158163,             0.448,     0.03872691364,      0.2362728955,                 0,                 0,                 0,     0.02831055198,     0.03356343163,      0.2370614921,                 0,       6.100999879
          0,           0,          95,      -5.303353274,      -5.905349934,      -5.816486042,      -4.757325672,             0.448,      0.0387372438,       0.236232174,                 0,                 0,                 0,      0.0282678785,     0.03357464767,      0.2370210057,                 0,       6.098321688
          0,           0,          96,      -5.317853103,      -5.934464988,      -5.831687186,      -4.772289364,             0.448,     0.03874494809,      0.2361771721,                 0,                 0,                 0,     0.02822374168,     0.03358354998,      0.2369661849,                 0,        6.09568947
          0,           0,          97,      -5.332135616,      -5.961386159,       -5.84664264,      -4.786677368,             0.448,     0.03875002323,      0.2361110256,                 0,                 0,                 0,     0.02817984873,      0.0335900669,      0.2369001648,                 0,       6.093184104
          0,           0,          98,      -5.346748207,      -5.985308229,      -5.861924737,      -4.801071064,             0.448,     0.03875254954,      0.2360368727,                 0,                 0,                 0,     0.02813776881,     0.03359421025,      0.2368260847,                 0,       6.090873387
          0,           0,          99,      -5.362154627,      -6.006312096,      -5.877691331,      -4.815993936,             0.448,     0.03875277752,      0.2359567137,                 0,                 0,                 0,     0.02809832567,     0.03359618683,      0.2367459498,                 0,       6.088769085
          0,           0,         100,      -5.378478959,      -6.024923733,      -5.894446465,      -4.831643625,             0.448,      0.0387509755,      0.2358726632,                 0,                 0,                 0,     0.02806223841,     0.03359621878,        0.23666188,                 0,       6.086883238
          0,           0,         101,      -5.395655524,      -6.042531209,      -5.911677035,       -4.84803331,             0.448,     0.03874743469,      0.2357875567,                 0,                 0,                 0,     0.02803042649,     0.03359453541,      0.2365767165,                 0,       6.085243024
          0,           0,         102,      -5.413505858,      -6.060076695,      -5.929447144,      -4.865054273,             0.448,     0.03874247045,      0.2357039432,                 0,                 0,                 0,       0.028003498,     0.03359139637,      0.2364930146,                 0,       6.083864567
          0,           0,         103,      -5.431736527,      -6.078499039,      -5.947701639,      -4.882475456,             0.448,      0.0387364215,      0.2356238043,                 0,                 0,                 0,     0.02798171702,     0.03358709708,      0.2364127628,                 0,       6.082745776
          0,           0,         104,      -5.449981573,      -6.098604415,      -5.966355288,      -4.899986747,             0.448,     0.03872961666,      0.2355489128,                 0,                 0,                 0,     0.02796519335,     0.03358192761,      0.2363377406,                 0,       6.081880821
          0,           0,         105,       -5.46793226,      -6.120813898,      -5.985175153,      -4.917326091,             0.448,     0.03872234561,       0.235480909,                 0,                 0,                 0,     0.02795392938,     0.03357614178,      0.2362695944,                 0,       6.081266651
          0,           0,         106,      -5.485298638,      -6.145181555,      -6.003644459,      -4.934222752,             0.448,     0.03871491968,      0.2354206584,                 0,                 0,                 0,     0.02794750149,     0.03357003198,      0.2362091961,                 0,       6.080876837
          0,           0,         107,      -5.501896257,      -6.171470157,      -6.021518649,       -4.95048987,             0.448,     0.03870761079,      0.2353685438,                 0,                 0,                 0,     0.02794536638,      0.0335638617,      0.2361569345,                 0,       6.080678683
          0,           0,         108,      -5.517732251,      -6.199092417,      -6.038807177,      -4.966123325,             0.448,     0.03870060803,      0.2353250526,                 0,                 0,                 0,      0.0279471141,     0.03355780936,      0.2361133009,                 0,       6.080655177
          0,           0,         109,      -5.532886215,      -6.227277738,      -6.055403349,      -4.981179789,             0.448,     0.03869408827,      0.2352899799,                 0,                 0,                 0,     0.02795209131,     0.03355205627,      0.2360780943,                 0,       6.080773327
          0,           0,         110,      -5.547569402,      -6.255162599,      -6.071092611,      -4.995853369,             0.448,     0.03868818397,      0.2352629004,                 0,                 0,                 0,     0.02795962923,      0.0335467441,      0.2360508925,                 0,       6.081001388
          0,           0,         111,      -5.562119884,      -6.281714896,       -6.08593269,       -5.01046975,             0.448,     0.03868298215,      0.2352431934,                 0,                 0,                 0,     0.02796909462,     0.03354197343,      0.2360310767,                 0,       6.081309669
          0,           0,         112,      -5.576791286,      -6.305915184,      -6.100146449,      -5.025254787,             0.448,     0.03867852054,      0.2352303684,                 0,                 0,                 0,     0.02797996221,     0.03353779265,      0.2360181574,                 0,       6.081679577
          0,           0,         113,      -5.591815402,      -6.327168038,       -6.11392603,      -5.040422429,             0.448,     0.03867480073,       0.235223852,                 0,                 0,                 0,     0.02799177935,     0.03353421589,      0.2360115614,                 0,        6.08209603
          0,           0,         114,      -5.607388486,      -6.345366543,      -6.127473663,      -5.056152836,             0.448,     0.03867182039,      0.2352228945,                 0,                 0,                 0,      0.0280040357,     0.03353125715,      0.2360105391,                 0,       6.082540002
          0,           0,         115,      -5.623540823,      -6.360651463,      -6.141911451,      -5.072488247,             0.448,     0.03866955084,      0.2352263376,                 0,                 0,                 0,     0.02801625995,     0.03352891303,      0.2360139319,                 0,        6.08298603
          0,           0,         116,      -5.640244386,      -6.373924882,      -6.157067376,      -5.089424944,             0.448,     0.03866790927,      0.2352334252,                 0,                 0,                 0,       0.028028261,     0.03352711723,       0.236020982,                 0,       6.083427567
          0,           0,         117,      -5.657392195,      -6.386076004,      -6.172589035,      -5.106848491,             0.448,     0.03866681003,       0.235243429,                 0,                 0,                 0,     0.02803987279,     0.03352580002,      0.2360309595,                 0,       6.083859228
          0,           0,         118,      -5.674890153,      -6.397726418,      -6.188510163,      -5.124660306,             0.448,     0.03866617934,         0.2352555,                 0,                 0,                 0,     0.02805088613,     0.03352490615,      0.2360430138,                 0,       6.084270648
          0,           0,         119,      -5.692602898,      -6.409585472,      -6.204844372,      -5.142718975,             0.448,      0.0386659403,      0.2352689858,                 0,                 0,                 0,     0.02806117673,     0.03352437297,      0.2360564912,                 0,       6.084657038
          0,           0,         120,      -5.710381588,      -6.422202793,      -6.221746915,      -5.160874422,             0.448,     0.03866602575,      0.2352832088,                 0,                 0,                 0,     0.02807064259,     0.03352414813,      0.2360707127,                 0,       6.085011435
          0,           0,         121,      -5.728037388,      -6.435955346,      -6.239086471,      -5.178931825,             0.448,     0.03866635256,      0.2352977752,                 0,                 0,                 0,     0.02807933635,      0.0335241571,      0.2360852827,                 0,       6.085336722
          0,           0,         122,      -5.745450778,      -6.450953816,      -6.256596122,      -5.196753777,             0.448,     0.03866684028,      0.2353124526,                 0,                 0,                 0,     0.02808735743,     0.03352432452,      0.2360999673,                 0,       6.085639553
          0,           0,         123,      -5.762517959,      -6.467140007,      -6.274049196,       -5.21421146,             0.448,     0.03866742633,      0.2353270866,                 0,                 0,                 0,     0.02809477958,     0.03352459119,      0.2361146106,                 0,       6.085925776
          0,           0,         124,      -5.779187499,      -6.484523021,      -6.291258631,      -5.231232695,             0.448,     0.03866807027,      0.2353415181,                 0,                 0,                 0,     0.02810163022,     0.03352492016,      0.2361290527,                 0,       6.086197641
          0,           0,         125,      -5.795373449,      -6.502983823,      -6.308032083,      -5.247703906,             0.448,     0.03866873188,      0.2353555003,                 0,                 0,                 0,     0.02810796537,     0.03352527659,       0.236143046,                 0,       6.086455098
          0,           0,         126,      -5.811060035,      -6.522226324,      -6.324093713,      -5.263594049,             0.448,     0.03866938042,      0.2353690419,                 0,                 0,                 0,     0.02811386482,     0.03352562956,      0.2361565985,                 0,        6.08670321
          0,           0,         127,      -5.826236626,      -6.541762385,      -6.339563788,      -5.278878918,             0.448,     0.03867000314,      0.2353819912,                 0,                 0,                 0,     0.02811933963,     0.03352596965,      0.2361695584,                 0,        6.08694006
          0,           0,         128,      -5.840947057,      -6.561358024,      -6.354664918,       -5.29360272,             0.448,     0.03867057878,      0.2353943552,                 0,                 0,                 0,     0.02812447136,     0.03352627543,       0.236181932,                 0,       6.087169178
          0,           0,         129,      -5.855245516,      -6.580691721,      -6.369274474,      -5.307827142,             0.448,     0.03867109808,      0.2354061623,                 0,                 0,                 0,     0.02812930961,     0.03352653703,      0.2361937476,                 0,       6.087392757
          0,           0,         130,      -5.869187006,      -6.599716991,      -6.383472539,      -5.321606814,             0.448,     0.03867155976,      0.2354174377,                 0,                 0,                 0,     0.02813387786,     0.03352675264,      0.2362050303,                 0,       6.087611649
          0,           0,         131,       -5.88283618,      -6.618422058,      -6.397385446,      -5.335027906,             0.448,     0.03867195544,      0.2354282579,                 0,                 0,                 0,     0.02813823826,     0.03352691218,      0.2362158566,                 0,       6.087829158
          0,           0,         132,      -5.896206414,       -6.63679834,      -6.411007584,      -5.348113995,             0.448,     0.03867228159,      0.2354386213,                 0,                 0,                 0,     0.02814242443,     0.03352701218,      0.2362262246,                 0,       6.088045794
          0,           0,         133,      -5.909382017,      -6.654752028,      -6.424419229,       -5.36096763,             0.448,     0.03867254523,      0.2354485379,                 0,                 0,                 0,     0.02814643258,     0.03352705943,      0.2362361447,                 0,       6.088260716
          0,           0,         134,      -5.922433606,      -6.672241485,      -6.437847869,      -5.373685095,             0.448,     0.03867275813,      0.2354579667,                 0,                 0,                 0,     0.02815023783,     0.03352706659,      0.2362455759,                 0,       6.088471008
          0,           0,         135,      -5.935394947,      -6.689291469,      -6.451294545,       -5.38632121,             0.448,     0.03867291778,      0.2354670165,                 0,                 0,                 0,     0.02815389301,     0.03352702878,       0.236254627,                 0,       6.088679882
          0,           0,         136,      -5.948332795,      -6.705986977,      -6.464798186,      -5.398949686,             0.448,     0.03867302516,      0.2354757602,                 0,                 0,                 0,     0.02815742699,     0.03352694539,      0.2362633709,                 0,        6.08888907
          0,           0,         137,      -5.961339222,      -6.722432977,      -6.478523887,      -5.411671353,             0.448,     0.03867309267,      0.2354841759,                 0,                 0,                 0,     0.02816080268,      0.0335268293,      0.2362717861,                 0,       6.089096051
          0,           0,         138,      -5.974484229,      -6.738744164,      -6.492593034,      -5.424566486,             0.448,     0.03867313171,      0.2354922714,                 0,                 0,                 0,     0.02816398829,     0.03352669172,      0.2362798805,                 0,       6.089299238
          0,           0,         139,      -5.987807774,      -6.755132274,      -6.506855209,      -5.437689949,             0.448,      0.0386731536,      0.2355000993,                 0,                 0,                 0,     0.02816696019,     0.03352654285,      0.2362877071,                 0,       6.089498202
          0,           0,         140,      -6.001340467,      -6.771740939,      -6.521080903,      -5.451079217,             0.448,     0.03867317406,      0.2355075684,                 0,                 0,                 0,     0.02816966118,     0.03352640037,      0.2362951748,                 0,       6.089688113
          0,           0,         141,      -6.015138194,      -6.788596362,      -6.535234069,      -5.464796033,             0.448,     0.03867320517,      0.2355146599,                 0,                 0,                 0,     0.02817205753,     0.03352627676,      0.2363022653,                 0,       6.089866585
          0,           0,         142,      -6.029235838,      -6.805722755,      -6.549455833,      -5.478877155,             0.448,     0.03867326325,      0.2355212527,                 0,                 0,                 0,      0.0281740826,     0.03352619101,      0.2363088578,                 0,       6.090027913
          0,           0,         143,      -6.043609659,      -6.823091984,      -6.563712942,       -5.49329029,             0.448,     0.03867335587,       0.235527304,                 0,                 0,                 0,     0.02817571348,      0.0335261516,      0.2363149097,                 0,       6.090169801
          0,           0,         144,      -6.058262096,      -6.840566674,      -6.577923813,      -5.508028849,             0.448,     0.03867348353,      0.2355327883,                 0,                 0,                 0,     0.02817695661,     0.03352615959,      0.2363203955,                 0,       6.090291507
          0,           0,         145,      -6.073175576,      -6.858045125,      -6.592136282,      -5.523067208,             0.448,     0.03867364624,       0.235537717,                 0,                 0,                 0,     0.02817782233,     0.03352621474,      0.2363253266,                 0,       6.090393328
          0,           0,         146,      -6.088331796,      -6.875405315,      -6.606391724,      -5.538383436,             0.448,     0.03867384114,      0.2355421511,                 0,                 0,                 0,     0.02817833558,     0.03352631287,      0.2363297638,                 0,       6.090477287
          0,           0,         147,      -6.103680485,      -6.892595406,       -6.62075254,      -5.553928065,             0.448,     0.03867406737,      0.2355460267,                 0,                 0,                 0,     0.02817849742,     0.03352645449,      0.2363336434,                 0,       6.090541872
          0,           0,         148,      -6.119200128,      -6.909632672,       -6.63520387,      -5.569682821,             0.448,     0.03867432584,      0.2355493119,                 0,                 0,                 0,      0.0281783081,     0.03352664124,      0.2363369335,                 0,       6.090586112
          0,           0,         149,      -6.134823212,      -6.926414883,      -6.649423318,      -5.585559962,             0.448,     0.03867461623,      0.2355519729,                 0,                 0,                 0,     0.02817777571,     0.03352687351,      0.2363396002,                 0,       6.090609186
          0,           0,         150,      -6.150508463,      -6.942642675,      -6.663701288,      -5.601504319,             0.448,     0.03867493278,      0.2355539816,                 0,                 0,                 0,     0.02817693112,     0.03352714617,      0.2363416153,                 0,       6.090611273
          0,           0,         151,      -6.166211864,      -6.958125978,      -6.678484669,       -5.61746688,             0.448,     0.03867526873,      0.2355553491,                 0,                 0,                 0,     0.02817581098,     0.03352745221,      0.2363429899,                 0,       6.090593727
          0,           0,         152,       -6.18187228,      -6.972967679,      -6.693751344,      -5.633378349,             0.448,     0.03867561663,        0.23555612,                 0,                 0,                 0,     0.02817445599,      0.0335277832,      0.2363437682,                 0,       6.090558872
          0,           0,         153,      -6.197440422,      -6.987241939,      -6.709258881,      -5.649183238,             0.448,     0.03867597038,       0.235556329,                 0,                 0,                 0,     0.02817289914,     0.03352813231,      0.2363439849,                 0,        6.09050857
          0,           0,         154,      -6.212907376,      -7.000871991,      -6.724844041,      -5.664863359,             0.448,     0.03867632224,      0.2355560627,                 0,                 0,                 0,     0.02817118783,     0.03352848989,      0.2363437263,                 0,       6.090446276
          0,           0,         155,      -6.228212143,      -7.014065487,      -6.740602734,      -5.680347461,             0.448,     0.03867666404,      0.2355554078,                 0,                 0,                 0,     0.02816937301,      0.0335288459,       0.236343079,                 0,       6.090375519
          0,           0,         156,      -6.243289141,      -7.027088853,       -6.75649548,      -5.695561931,             0.448,     0.03867699136,      0.2355543694,                 0,                 0,                 0,     0.02816748041,      0.0335291958,       0.236342048,                 0,       6.090297128
          0,           0,         157,      -6.258112159,       -7.03995909,      -6.772170013,      -5.710480087,             0.448,     0.03867730053,      0.2355529396,                 0,                 0,                 0,     0.02816553044,     0.03352953608,      0.2363406253,                 0,       6.090211478
          0,           0,         158,      -6.272681515,      -7.052649661,      -6.787769642,      -5.725098203,             0.448,     0.03867758538,      0.2355511881,                 0,                 0,                 0,     0.02816356368,     0.03352985907,      0.2363388804,                 0,        6.09012134
          0,           0,         159,      -6.286993622,      -7.065393377,      -6.803132309,      -5.739411095,             0.448,     0.03867784168,      0.2355491543,                 0,                 0,                 0,      0.0281616098,     0.03353015968,      0.2363368526,                 0,       6.090028399
          0,           0,         160,      -6.301062656,      -7.078285316,       -6.81836846,        -5.7534332,             0.448,     0.03867806482,      0.2355469073,                 0,                 0,                 0,     0.02815970361,     0.03353043178,      0.2363346111,                 0,       6.089935172
          0,           0,         161,       -6.31491427,      -7.091401324,      -6.833530154,      -5.767196423,             0.448,     0.03867825262,      0.2355444917,                 0,                 0,                 0,       0.028157866,     0.03353067223,      0.2363322002,                 0,        6.08984315
          0,           0,         162,      -6.328550643,      -7.104893567,      -6.848438982,      -5.780702693,             0.448,     0.03867840606,      0.2355419394,                 0,                 0,                 0,       0.028156104,     0.03353088132,      0.2363296518,                 0,       6.089753001
          0,           0,         163,      -6.342006013,      -7.118761471,      -6.863346154,      -5.793992589,             0.448,     0.03867852481,       0.235539346,                 0,                 0,                 0,     0.02815443999,     0.03353105662,      0.2363270616,                 0,       6.089667254
          0,           0,         164,       -6.35529806,      -7.133326013,      -6.877869886,      -5.807093182,             0.448,     0.03867861274,      0.2355366941,                 0,                 0,                 0,     0.02815286699,     0.03353120237,      0.2363244122,                 0,       6.089584848
          0,           0,         165,      -6.368488609,      -7.148584545,      -6.891972016,       -5.82007527,             0.448,     0.03867866864,      0.2355340172,                 0,                 0,                 0,     0.02815140409,     0.03353131666,      0.2363217372,                 0,       6.089506839
          0,           0,         166,      -6.381664497,      -7.164390411,      -6.905958526,      -5.833037962,             0.448,     0.03867869198,      0.2355313446,                 0,                 0,                 0,     0.02815006479,      0.0335313983,      0.2363190657,                 0,       6.089434066
          0,           0,         167,      -6.394874605,      -7.180719775,      -6.919814402,      -5.846039521,             0.448,     0.03867868476,      0.2355286998,                 0,                 0,                 0,     0.02814884985,     0.03353144877,      0.2363164214,                 0,       6.089366825
          0,           0,         168,      -6.408164548,      -7.197532913,      -6.933467878,      -5.859130262,             0.448,     0.03867864926,      0.2355261149,                 0,                 0,                 0,      0.0281477601,     0.03353146967,      0.2363138364,                 0,       6.089305584
          0,           0,         169,      -6.421597343,      -7.214648864,      -6.946921658,      -5.872380746,             0.448,     0.03867858895,      0.2355236082,                 0,                 0,                 0,     0.02814679132,     0.03353146405,       0.236311329,                 0,       6.089250272
          0,           0,         170,      -6.435211761,      -7.232026763,      -6.960235318,      -5.885833066,             0.448,     0.03867850806,      0.2355211768,                 0,                 0,                 0,     0.02814593485,     0.03353143622,      0.2363088963,                 0,       6.089200144
          0,           0,         171,      -6.449045062,      -7.249674232,      -6.973513416,      -5.899524868,             0.448,     0.03867840766,      0.2355188683,                 0,                 0,                 0,     0.02814520131,     0.03353138621,      0.2363065862,                 0,       6.089156265
          0,           0,         172,      -6.463136737,      -7.267562285,        -6.9869278,      -5.913498899,             0.448,     0.03867828948,      0.2355167108,                 0,                 0,                 0,     0.02814459509,     0.03353131513,      0.2363044266,                 0,       6.089119088
          0,           0,         173,      -6.477490909,      -7.285607095,      -7.000386811,      -5.927761049,             0.448,     0.03867815875,      0.2355147004,                 0,                 0,                 0,      0.0281441011,     0.03353122828,      0.2363024139,                 0,       6.089087693
          0,           0,         174,       -6.49211651,      -7.303744839,      -7.013841823,      -5.942323802,             0.448,     0.03867802075,      0.2355128179,                 0,                 0,                 0,     0.02814370092,     0.03353113138,      0.2363005288,                 0,       6.089060746
          0,           0,         175,      -6.506972671,      -7.321804274,      -7.027263017,      -5.957142062,             0.448,      0.0386778785,      0.2355110782,                 0,                 0,                 0,     0.02814338944,     0.03353102712,      0.2362987864,                 0,        6.08903816
          0,           0,         176,      -6.522057633,      -7.339621636,      -7.040652634,      -5.972210511,             0.448,     0.03867773436,      0.2355094963,                 0,                 0,                 0,     0.02814316312,     0.03353091752,      0.2362972017,                 0,       6.089019954
          0,           0,         177,      -6.537351606,      -7.357029061,      -7.054656716,      -5.987508062,             0.448,     0.03867759085,      0.2355080442,                 0,                 0,                 0,     0.02814301017,     0.03353080572,      0.2362957469,                 0,       6.089005003
          0,           0,         178,      -6.552838516,      -7.374032367,      -7.069154304,      -6.003023829,             0.448,     0.03867744796,      0.2355067367,                 0,                 0,                 0,     0.02814293262,     0.03353069139,      0.2362944366,                 0,       6.088993694
          0,           0,         179,      -6.568483604,      -7.390633462,      -7.084000861,      -6.018719458,             0.448,     0.03867730781,      0.2355055634,                 0,                 0,                 0,     0.02814291936,     0.03353057686,      0.2362932605,                 0,       6.088985422
          0,           0,         180,      -6.584242011,      -7.406902461,      -7.099040367,       -6.03454721,             0.448,     0.03867717282,      0.2355045086,                 0,                 0,                 0,     0.02814295691,     0.03353046492,       0.236292203,                 0,       6.088979402
          0,           0,         181,      -6.600079243,      -7.422922046,      -7.113992278,      -6.050467042,             0.448,      0.0386770443,      0.2355035661,                 0,                 0,                 0,      0.0281430377,     0.03353035699,      0.2362912579,                 0,       6.088975266
          0,           0,         182,      -6.615923539,      -7.438580217,      -7.129021014,      -6.066396989,             0.448,     0.03867692299,      0.2355027302,                 0,                 0,                 0,     0.02814315663,     0.03353025395,      0.2362904195,                 0,        6.08897275
          0,           0,         183,      -6.631726772,      -7.453873443,      -7.143955047,      -6.082289541,             0.448,     0.03867680906,      0.2355019989,                 0,                 0,                 0,     0.02814331135,     0.03353015599,      0.2362896859,                 0,        6.08897178
          0,           0,         184,      -6.647444546,      -7.468713821,      -7.158841561,      -6.098097881,             0.448,     0.03867670292,      0.2355013646,                 0,                 0,                 0,     0.02814349712,     0.03353006372,      0.2362890494,                 0,       6.088972089
          0,           0,         185,      -6.663079292,       -7.48303536,      -7.173767001,        -6.1138288,             0.448,     0.03867660366,      0.2355008352,                 0,                 0,                 0,      0.0281437156,     0.03352997603,      0.2362885181,                 0,       6.088974029
          0,           0,         186,      -6.678563081,      -7.496935953,      -7.188740801,      -6.129403323,             0.448,     0.03867651152,       0.235500403,                 0,                 0,                 0,     0.02814396112,     0.03352989334,      0.2362880839,                 0,       6.088977359
          0,           0,         187,      -6.693889365,      -7.510642832,      -7.203671354,      -6.144814659,             0.448,     0.03867642634,      0.2355000599,                 0,                 0,                 0,     0.02814422884,     0.03352981567,      0.2362877391,                 0,         6.0889819
          0,           0,         188,      -6.709086931,      -7.524163861,      -7.218221763,      -6.160091401,             0.448,     0.03867634702,      0.2354998036,                 0,                 0,                 0,      0.0281445184,     0.03352974196,      0.2362874811,                 0,        6.08898776
          0,           0,         189,      -6.724155261,      -7.537461985,      -7.232601649,      -6.175227101,             0.448,     0.03867627273,      0.2354996248,                 0,                 0,                 0,     0.02814482733,     0.03352967158,      0.2362873007,                 0,       6.088994832
          0,           0,         190,      -6.739121606,      -7.550681668,       -7.24688926,      -6.190247414,             0.448,      0.0386762024,      0.2354995189,                 0,                 0,                 0,     0.02814515426,     0.03352960358,      0.2362871933,                 0,       6.089003167
          0,           0,         191,      -6.753972819,      -7.564046576,      -7.261117062,      -6.205136511,             0.448,     0.03867613543,      0.2354994831,                 0,                 0,                 0,     0.02814549607,      0.0335295374,      0.2362871561,                 0,       6.089012786
          0,           0,         192,      -6.768688487,       -7.57768463,      -7.275253293,      -6.219872363,             0.448,     0.03867607164,      0.2354995129,                 0,                 0,                 0,     0.02814584812,     0.03352947298,      0.2362871845,                 0,       6.089023598
          0,           0,         193,      -6.783287465,      -7.591601866,      -7.289308026,      -6.234475524,             0.448,     0.03867601132,      0.2354995915,                 0,                 0,                 0,     0.02814620315,     0.03352941096,      0.2362872618,                 0,       6.089035128
          0,           0,         194,      -6.797789227,      -7.605782195,      -7.303362332,       -6.24896469,             0.448,     0.03867595431,      0.2354997103,                 0,                 0,                 0,     0.02814655719,     0.03352935137,      0.2362873793,                 0,       6.089047175
          0,           0,         195,      -6.812211415,      -7.620231348,      -7.317456906,      -6.263356528,             0.448,     0.03867590045,      0.2354998658,                 0,                 0,                 0,      0.0281469069,     0.03352929414,      0.2362875335,                 0,       6.089059673
          0,           0,         196,      -6.826560903,      -7.634952578,      -7.331563794,      -6.277658219,             0.448,      0.0386758503,      0.2355000517,                 0,                 0,                 0,     0.02814724587,     0.03352923994,      0.2362877183,                 0,       6.089072377
          0,           0,         197,      -6.840868035,      -7.649815753,      -7.345906009,      -6.291902506,             0.448,     0.03867580431,      0.2355002534,                 0,                 0,                 0,       0.028147567,     0.03352918956,       0.236287919,                 0,       6.089084833
          0,           0,         198,      -6.855111676,      -7.664919383,      -7.360348627,      -6.306071271,             0.448,     0.03867576156,      0.2355004736,                 0,                 0,                 0,     0.02814787125,     0.03352914202,      0.2362881382,                 0,       6.089097257
          0,           0,         199,      -6.869265319,      -7.680374645,      -7.374861686,      -6.320137697,             0.448,     0.03867572226,      0.2355006932,                 0,                 0,                 0,     0.02814815226,     0.03352909794,      0.2362883568,                 0,       6.089109121
          0,           0,         200,      -6.883404638,      -7.696010363,      -7.389422661,      -6.334187432,             0.448,     0.03867568647,      0.2355009052,                 0,                 0,                 0,     0.02814840641,     0.03352905753,       0.236288568,                 0,       6.089120238
          0,           0,         201,       -6.89757634,      -7.711584794,      -7.404181222,      -6.348267703,             0.448,     0.03867565423,      0.2355011033,                 0,                 0,                 0,     0.02814863104,     0.03352902097,      0.2362887654,                 0,       6.089130437
          0,           0,         202,      -6.911809458,      -7.727089662,      -7.419268473,      -6.362407949,             0.448,      0.0386756253,      0.2355012827,                 0,                 0,                 0,     0.02814882537,     0.03352898814,      0.2362889441,                 0,       6.089139628
          0,           0,         203,      -6.926134542,      -7.742605249,      -7.434669858,      -6.376640966,             0.448,     0.03867559951,      0.2355014357,                 0,                 0,                 0,     0.02814898846,     0.03352895902,      0.2362890965,                 0,       6.089147647
          0,           0,         204,      -6.940575235,       -7.75813424,      -7.450328096,      -6.390993411,             0.448,     0.03867557667,      0.2355015586,                 0,                 0,                 0,     0.02814911994,      0.0335289335,      0.2362892189,                 0,        6.08915442
          0,           0,         205,      -6.955151381,      -7.773658978,      -7.466198347,      -6.405489881,             0.448,     0.03867555669,      0.2355016489,                 0,                 0,                 0,     0.02814921963,     0.03352891156,      0.2362893087,                 0,       6.089159899
          0,           0,         206,      -6.969867896,       -7.78917191,      -7.482250015,      -6.420136835,             0.448,      0.0386755395,      0.2355016994,                 0,                 0,                 0,     0.02814928688,     0.03352889327,      0.2362893588,                 0,       6.089163912
          0,           0,         207,      -6.984730724,      -7.804684783,      -7.498459866,      -6.434940431,             0.448,     0.03867552487,      0.2355017061,                 0,                 0,                 0,     0.02814932229,      0.0335288785,      0.2362893652,                 0,       6.089166388
          0,           0,         208,       -6.99974408,      -7.820200894,      -7.514785718,      -6.449905392,             0.448,     0.03867551252,      0.2355016677,                 0,                 0,                 0,     0.02814932698,     0.03352886699,      0.2362893266,                 0,       6.089167341
          0,           0,         209,      -7.014911968,      -7.835732613,      -7.531143683,      -6.465037452,             0.448,     0.03867550224,      0.2355015841,                 0,                 0,                 0,     0.02814930198,     0.03352885854,      0.2362892427,                 0,       6.089166796
          0,           0,         210,      -7.030217472,      -7.851258666,      -7.547498179,       -6.48031933,             0.448,     0.03867549384,      0.2355014542,                 0,                 0,                 0,     0.02814924819,     0.03352885297,      0.2362891127,                 0,       6.089164761
          0,           0,         211,      -7.045647554,      -7.866765807,      -7.563768391,      -6.495738396,             0.448,       0.038675487,      0.2355012762,                 0,                 0,                 0,     0.02814916694,     0.03352885002,      0.2362889346,                 0,       6.089161236
          0,           0,         212,      -7.061189548,      -7.882217818,      -7.579911392,      -6.511281524,             0.448,     0.03867548117,       0.235501054,                 0,                 0,                 0,     0.02814906134,     0.03352884904,      0.2362887123,                 0,       6.089156409
          0,           0,         213,       -7.07682748,      -7.897572465,      -7.595875545,      -6.526931759,             0.448,     0.03867547591,      0.2355007925,                 0,                 0,                 0,      0.0281489343,     0.03352884948,      0.2362884507,                 0,       6.089150473
          0,           0,         214,      -7.092537975,      -7.912836832,      -7.611634091,       -6.54266335,             0.448,     0.03867547097,      0.2355004927,                 0,                 0,                 0,     0.02814878759,     0.03352885108,      0.2362881509,                 0,         6.0891435
          0,           0,         215,      -7.108298476,      -7.928077233,      -7.627177897,      -6.558453864,             0.448,     0.03867546603,      0.2355001593,                 0,                 0,                 0,     0.02814862385,     0.03352885342,      0.2362878175,                 0,       6.089135658
          0,           0,         216,      -7.124090654,      -7.943344696,      -7.642506113,      -6.574284054,             0.448,     0.03867546099,       0.235499791,                 0,                 0,                 0,     0.02814844423,     0.03352885641,      0.2362874492,                 0,       6.089126929
          0,           0,         217,      -7.139903656,      -7.958657938,      -7.657575967,      -6.590141407,             0.448,     0.03867545565,      0.2354993886,                 0,                 0,                 0,     0.02814825061,     0.03352885985,      0.2362870467,                 0,       6.089117365
          0,           0,         218,      -7.155712754,      -7.973994379,      -7.672350604,      -6.605997885,             0.448,     0.03867544976,      0.2354989552,                 0,                 0,                 0,     0.02814804538,     0.03352886342,      0.2362866133,                 0,       6.089107086
          0,           0,         219,      -7.171496543,      -7.989315366,      -7.686819406,      -6.621830535,             0.448,     0.03867544315,      0.2354984942,                 0,                 0,                 0,     0.02814783075,     0.03352886687,      0.2362861523,                 0,       6.089096207
          0,           0,         220,      -7.187236649,      -8.004580221,      -7.701002613,      -6.637619328,             0.448,     0.03867543559,      0.2354980105,                 0,                 0,                 0,     0.02814760929,     0.03352886986,      0.2362856686,                 0,       6.089084892
          0,           0,         221,      -7.202915129,      -8.019783954,      -7.714935993,      -6.653344158,             0.448,     0.03867542688,      0.2354975098,                 0,                 0,                 0,     0.02814738366,     0.03352887207,      0.2362851678,                 0,       6.089073317
          0,           0,         222,      -7.218515516,      -8.034953477,      -7.728659957,      -6.668987203,             0.448,     0.03867541697,      0.2354969935,                 0,                 0,                 0,     0.02814715533,     0.03352887343,      0.2362846513,                 0,       6.089061525
          0,           0,         223,      -7.234029294,      -8.050108803,      -7.742221733,      -6.684537687,             0.448,      0.0386754058,      0.2354964649,                 0,                 0,                 0,     0.02814692627,     0.03352887379,      0.2362841227,                 0,       6.089049618
          0,           0,         224,      -7.249444431,      -8.065262669,      -7.755658506,      -6.699981643,             0.448,     0.03867539334,      0.2354959278,                 0,                 0,                 0,     0.02814669831,     0.03352887306,      0.2362835854,                 0,       6.089037692
          0,           0,         225,      -7.264747581,      -8.080402694,      -7.769012078,      -6.715304405,             0.448,     0.03867537965,      0.2354953858,                 0,                 0,                 0,       0.028146473,     0.03352887119,      0.2362830432,                 0,       6.089025832
          0,           0,         226,      -7.279941993,      -8.095510746,      -7.782402749,      -6.730511408,             0.448,     0.03867536479,      0.2354948418,                 0,                 0,                 0,     0.02814625173,      0.0335288682,      0.2362824991,                 0,       6.089014108
          0,           0,         227,      -7.295031316,      -8.110582165,      -7.795831811,      -6.745605799,             0.448,     0.03867534882,      0.2354942995,                 0,                 0,                 0,     0.02814603597,     0.03352886406,      0.2362819565,                 0,       6.089002599
          0,           0,         228,       -7.31002219,      -8.125566259,      -7.809361262,      -6.760593155,             0.448,     0.03867533181,      0.2354937619,                 0,                 0,                 0,      0.0281458271,     0.03352885878,      0.2362814187,                 0,       6.088991378
          0,           0,         229,      -7.324914128,      -8.140422801,      -7.823072979,       -6.77547215,             0.448,     0.03867531382,      0.2354932325,                 0,                 0,                 0,     0.02814562647,     0.03352885235,       0.236280889,                 0,       6.088980521
          0,           0,         230,      -7.339726441,      -8.155160174,      -7.837049092,      -6.790263548,             0.448,     0.03867529496,      0.2354927144,                 0,                 0,                 0,     0.02814543529,      0.0335288448,      0.2362803707,                 0,       6.088970095
          0,           0,         231,      -7.354474644,      -8.169766285,      -7.851298218,      -6.804984553,             0.448,     0.03867527536,      0.2354922106,                 0,                 0,                 0,     0.02814525443,     0.03352883619,      0.2362798665,                 0,       6.088960153
          0,           0,         232,      -7.369172914,      -8.184196961,      -7.865818992,      -6.819649928,             0.448,     0.03867525519,      0.2354917232,                 0,                 0,                 0,     0.02814508448,     0.03352882666,      0.2362793788,                 0,       6.088950728
          0,           0,         233,      -7.383838896,      -8.198450541,      -7.880657719,      -6.834276768,             0.448,     0.03867523462,      0.2354912548,                 0,                 0,                 0,     0.02814492609,     0.03352881631,      0.2362789101,                 0,       6.088941855
          0,           0,         234,      -7.398491563,       -8.21252962,      -7.895859689,      -6.848884603,             0.448,     0.03867521378,      0.2354908077,                 0,                 0,                 0,     0.02814477992,     0.03352880523,      0.2362784626,                 0,       6.088933575
          0,           0,         235,      -7.413147838,      -8.226444255,      -7.911442606,      -6.863492307,             0.448,     0.03867519283,      0.2354903839,                 0,                 0,                 0,     0.02814464643,     0.03352879353,      0.2362780384,                 0,       6.088925915
          0,           0,         236,      -7.427823434,       -8.24021091,       -7.92740114,      -6.878117664,             0.448,      0.0386751719,      0.2354899848,                 0,                 0,                 0,     0.02814452586,     0.03352878131,       0.236277639,                 0,       6.088918892
          0,           0,         237,      -7.442534431,       -8.25384504,       -7.94371861,      -6.892778097,             0.448,     0.03867515114,      0.2354896119,                 0,                 0,                 0,     0.02814441828,     0.03352876869,      0.2362772658,                 0,       6.088912518
          0,           0,         238,      -7.457296376,      -8.267364237,       -7.96037207,      -6.907490052,             0.448,     0.03867513073,      0.2354892663,                 0,                 0,                 0,      0.0281443236,     0.03352875582,      0.2362769197,                 0,       6.088906794
          0,           0,         239,      -7.472120684,      -8.280821949,      -7.977328626,      -6.922265873,             0.448,     0.03867511081,      0.2354889484,                 0,                 0,                 0,     0.02814424151,     0.03352874285,      0.2362766015,                 0,        6.08890171
          0,           0,         240,      -7.487016892,      -8.294245466,      -7.994538976,      -6.937116002,             0.448,     0.03867509154,      0.2354886591,                 0,                 0,                 0,     0.02814417179,     0.03352872989,      0.2362763119,                 0,       6.088897266
          0,           0,         241,      -7.501998975,      -8.307659883,      -8.011945755,      -6.952057178,             0.448,     0.03867507301,       0.235488398,                 0,                 0,                 0,     0.02814411397,     0.03352871706,      0.2362760504,                 0,       6.088893431
          0,           0,         242,      -7.517075661,       -8.32109289,      -8.029498886,      -6.967097592,             0.448,     0.03867505531,      0.2354881651,                 0,                 0,                 0,     0.02814406777,     0.03352870445,      0.2362758172,                 0,       6.088890197
          0,           0,         243,      -7.532258703,      -8.334569268,      -8.047119363,      -6.982252259,             0.448,     0.03867503852,      0.2354879604,                 0,                 0,                 0,      0.0281440327,     0.03352869212,      0.2362756121,                 0,       6.088887546
          0,           0,         244,      -7.547540179,      -8.348158133,      -8.064757097,      -6.997507919,             0.448,      0.0386750227,      0.2354877834,                 0,                 0,                 0,     0.02814400816,     0.03352868017,      0.2362754349,                 0,        6.08888546
          0,           0,         245,      -7.562926743,      -8.361900986,      -8.082347905,      -7.012874385,             0.448,     0.03867500795,      0.2354876329,                 0,                 0,                 0,     0.02814399336,     0.03352866871,      0.2362752841,                 0,       6.088883891
          0,           0,         246,      -7.578413201,      -8.375900791,      -8.099796761,      -7.028347346,             0.448,     0.03867499428,      0.2354875078,                 0,                 0,                 0,     0.02814398764,     0.03352865777,      0.2362751587,                 0,       6.088882807
          0,           0,         247,      -7.593988258,      -8.390249392,      -8.116983137,      -7.043914852,             0.448,     0.03867498171,      0.2354874072,                 0,                 0,                 0,     0.02814399041,     0.03352864739,      0.2362750579,                 0,       6.088882187
          0,           0,         248,      -7.609640344,      -8.404983353,      -8.133814279,      -7.059565008,             0.448,     0.03867497023,      0.2354873302,                 0,                 0,                 0,     0.02814400097,      0.0335286376,      0.2362749806,                 0,       6.088882002
          0,           0,         249,       -7.62535993,      -8.420104479,      -8.150249017,      -7.075288172,             0.448,     0.03867495986,      0.2354872753,                 0,                 0,                 0,     0.02814401856,     0.03352862843,      0.2362749255,                 0,       6.088882215
          0,           0,         250,       -7.64113597,      -8.435623546,      -8.166270926,      -7.091072854,             0.448,     0.03867495058,       0.235487241,                 0,                 0,                 0,     0.02814404241,      0.0335286199,       0.236274891,                 0,       6.088882791
          0,           0,         251,      -7.656955414,      -8.451559542,      -8.181865647,       -7.10690559,             0.448,     0.03867494239,      0.2354872259,                 0,                 0,                 0,     0.02814407164,     0.03352861204,      0.2362748757,                 0,       6.088883688
          0,           0,         252,      -7.672808445,      -8.467896242,      -8.197060371,      -7.122776568,             0.448,     0.03867493532,      0.2354872278,                 0,                 0,                 0,     0.02814410527,     0.03352860493,      0.2362748775,                 0,       6.088884851
          0,           0,         253,      -7.688692642,      -8.484628798,      -8.211825294,      -7.138684369,             0.448,     0.03867492928,      0.2354872451,                 0,                 0,                 0,     0.02814414265,     0.03352859852,      0.2362748946,                 0,       6.088886249
          0,           0,         254,      -7.704596358,      -8.501745072,      -8.226110062,      -7.154615833,             0.448,     0.03867492424,      0.2354872762,                 0,                 0,                 0,      0.0281441831,      0.0335285928,      0.2362749256,                 0,       6.088887847
          0,           0,         255,      -7.720502529,      -8.519205266,      -8.240038163,      -7.170549821,             0.448,     0.03867492014,      0.2354873195,                 0,                 0,                 0,     0.02814422594,     0.03352858775,      0.2362749688,                 0,       6.088889613
          0,           0,         256,      -7.736395287,      -8.537002931,      -8.253610426,      -7.186471489,             0.448,     0.03867491691,      0.2354873732,                 0,                 0,                 0,     0.02814427053,     0.03352858335,      0.2362750225,                 0,       6.088891511
          0,           0,         257,      -7.752256757,      -8.555145019,      -8.266853083,      -7.202361741,             0.448,     0.03867491449,      0.2354874357,                 0,                 0,                 0,      0.0281443162,     0.03352857957,      0.2362750848,                 0,       6.088893505
          0,           0,         258,       -7.76807728,      -8.573575702,       -8.27984561,      -7.218210295,             0.448,     0.03867491283,      0.2354875053,                 0,                 0,                 0,     0.02814436242,     0.03352857639,      0.2362751544,                 0,       6.088895568
          0,           0,         259,       -7.78384908,      -8.592216779,      -8.292694164,        -7.2340089,             0.448,     0.03867491185,      0.2354875808,                 0,                 0,                 0,     0.02814440871,     0.03352857377,      0.2362752299,                 0,       6.088897674
          0,           0,         260,      -7.799565714,      -8.610991747,      -8.305496293,      -7.249750407,             0.448,     0.03867491148,      0.2354876608,                 0,                 0,                 0,     0.02814445463,     0.03352857166,      0.2362753098,                 0,         6.0888998
          0,           0,         261,      -7.815222439,      -8.629820852,      -8.318331101,      -7.265429587,             0.448,     0.03867491167,      0.2354877439,                 0,                 0,                 0,     0.02814449975,     0.03352857002,      0.2362753929,                 0,       6.088901919
          0,           0,         262,      -7.830816275,      -8.648616504,      -8.331267985,      -7.281043327,             0.448,     0.03867491233,      0.2354878288,                 0,                 0,                 0,     0.02814454367,     0.03352856884,      0.2362754778,                 0,        6.08890401
          0,           0,         263,      -7.846346548,      -8.667285168,      -8.344374812,       -7.29659081,             0.448,     0.03867491343,      0.2354879144,                 0,                 0,                 0,     0.02814458607,     0.03352856806,      0.2362755635,                 0,       6.088906052
          0,           0,         264,       -7.86181495,       -8.68573295,      -8.357718236,      -7.312073513,             0.448,     0.03867491489,      0.2354879997,                 0,                 0,                 0,     0.02814462663,     0.03352856766,      0.2362756487,                 0,       6.088908026
          0,           0,         265,      -7.877224986,      -8.703872277,      -8.371359765,      -7.327494892,             0.448,     0.03867491665,      0.2354880835,                 0,                 0,                 0,      0.0281446651,      0.0335285676,      0.2362757326,                 0,       6.088909916
          0,           0,         266,      -7.892581559,      -8.721626656,      -8.385352318,      -7.342860041,             0.448,     0.03867491866,      0.2354881651,                 0,                 0,                 0,     0.02814470126,     0.03352856783,      0.2362758142,                 0,       6.088911709
          0,           0,         267,      -7.907890828,      -8.738932661,      -8.399738723,      -7.358175422,             0.448,     0.03867492087,      0.2354882437,                 0,                 0,                 0,     0.02814473492,     0.03352856833,      0.2362758928,                 0,       6.088913393
          0,           0,         268,      -7.923160041,      -8.755741142,      -8.414551344,      -7.373448619,             0.448,     0.03867492322,      0.2354883184,                 0,                 0,                 0,     0.02814476593,     0.03352856904,      0.2362759676,                 0,       6.088914956
          0,           0,         269,      -7.938397265,      -8.772019288,      -8.429811812,      -7.388688054,             0.448,     0.03867492566,      0.2354883888,                 0,                 0,                 0,     0.02814479416,     0.03352856995,       0.236276038,                 0,       6.088916392
          0,           0,         270,      -7.953611054,      -8.787753307,      -8.445530568,      -7.403902652,             0.448,     0.03867492815,      0.2354884543,                 0,                 0,                 0,     0.02814481951,     0.03352857101,      0.2362761035,                 0,       6.088917692
          0,           0,         271,      -7.968810125,      -8.802950481,      -8.461706422,      -7.419101504,             0.448,     0.03867493065,      0.2354885143,                 0,                 0,                 0,     0.02814484193,     0.03352857219,      0.2362761636,                 0,       6.088918852
          0,           0,         272,      -7.984003049,      -8.817639639,       -8.47832635,       -7.43429355,             0.448,      0.0386749331,      0.2354885686,                 0,                 0,                 0,     0.02814486138,     0.03352857347,      0.2362762179,                 0,       6.088919869
          0,           0,         273,      -7.999197986,      -8.831869773,      -8.495365513,      -7.449487296,             0.448,     0.03867493549,      0.2354886168,                 0,                 0,                 0,     0.02814487785,      0.0335285748,      0.2362762662,                 0,        6.08892074
          0,           0,         274,      -8.014402473,      -8.845707093,      -8.512787382,      -7.464690582,             0.448,     0.03867493777,      0.2354886588,                 0,                 0,                 0,     0.02814489137,     0.03352857617,      0.2362763082,                 0,       6.088921465
          0,           0,         275,      -8.029623242,      -8.859230983,      -8.530543919,      -7.479910381,             0.448,     0.03867493992,      0.2354886943,                 0,                 0,                 0,     0.02814490198,     0.03352857754,      0.2362763437,                 0,       6.088922045
          0,           0,         276,      -8.044866071,       -8.87252946,      -8.548575914,      -7.495152641,             0.448,     0.03867494191,      0.2354887233,                 0,                 0,                 0,     0.02814490976,      0.0335285789,      0.2362763728,                 0,       6.088922482
          0,           0,         277,      -8.060135675,      -8.885694718,      -8.566813653,      -7.510422176,             0.448,     0.03867494372,      0.2354887458,                 0,                 0,                 0,      0.0281449148,     0.03352858022,      0.2362763953,                 0,        6.08892278
          0,           0,         278,      -8.075435634,      -8.898819195,      -8.585178031,      -7.525722587,             0.448,     0.03867494533,      0.2354887619,                 0,                 0,                 0,     0.02814491721,     0.03352858147,      0.2362764115,                 0,       6.088922943
          0,           0,         279,      -8.090768354,      -8.911992353,      -8.603582185,      -7.541056222,             0.448,     0.03867494672,      0.2354887718,                 0,                 0,                 0,     0.02814491713,     0.03352858265,      0.2362764213,                 0,       6.088922977
          0,           0,         280,       -8.10613505,      -8.925298111,      -8.621933712,      -7.556424169,             0.448,     0.03867494789,      0.2354887755,                 0,                 0,                 0,     0.02814491469,     0.03352858374,      0.2362764251,                 0,        6.08892289
          0,           0,         281,      -8.121535762,      -8.938812848,      -8.640137493,      -7.571826275,             0.448,     0.03867494882,      0.2354887733,                 0,                 0,                 0,     0.02814491006,     0.03352858471,      0.2362764229,                 0,       6.088922688
          0,           0,         282,      -8.136969388,      -8.952603825,      -8.658099123,       -7.58726119,             0.448,     0.03867494951,      0.2354887656,                 0,                 0,                 0,     0.02814490342,     0.03352858557,      0.2362764152,                 0,        6.08892238
          0,           0,         283,      -8.152433744,      -8.966727954,      -8.675728841,      -7.602726438,             0.448,     0.03867494995,      0.2354887526,                 0,                 0,                 0,     0.02814489495,     0.03352858629,      0.2362764022,                 0,       6.088921974
          0,           0,         284,       -8.16792565,      -8.981230808,      -8.692945741,      -7.618218525,             0.448,     0.03867495015,      0.2354887347,                 0,                 0,                 0,     0.02814488485,     0.03352858688,      0.2362763844,                 0,       6.088921481
          0,           0,         285,      -8.183441045,      -8.996145841,      -8.709681942,      -7.633733074,             0.448,     0.03867495011,      0.2354887124,                 0,                 0,                 0,      0.0281448733,     0.03352858733,      0.2362763621,                 0,       6.088920909
          0,           0,         286,      -8.198975129,      -9.011493782,      -8.725886312,      -7.649265001,             0.448,     0.03867494984,       0.235488686,                 0,                 0,                 0,      0.0281448605,     0.03352858764,      0.2362763357,                 0,       6.088920269
          0,           0,         287,      -8.214522535,      -9.027282175,      -8.741527347,      -7.664808706,             0.448,     0.03867494935,       0.235488656,                 0,                 0,                 0,     0.02814484665,      0.0335285878,      0.2362763056,                 0,        6.08891957
          0,           0,         288,      -8.230077512,      -9.043505108,       -8.75659488,      -7.680358288,             0.448,     0.03867494865,      0.2354886228,                 0,                 0,                 0,     0.02814483192,     0.03352858783,      0.2362762724,                 0,       6.088918822
          0,           0,         289,      -8.245634123,       -9.06014314,      -8.771100457,       -7.69590776,             0.448,     0.03867494775,      0.2354885868,                 0,                 0,                 0,      0.0281448165,     0.03352858771,      0.2362762364,                 0,       6.088918033
          0,           0,         290,      -8.261186432,       -9.07716344,      -8.785076397,      -7.711451256,             0.448,     0.03867494667,      0.2354885485,                 0,                 0,                 0,     0.02814480057,     0.03352858746,      0.2362761981,                 0,       6.088917214
          0,           0,         291,      -8.276728686,      -9.094520194,      -8.798573687,       -7.72698321,             0.448,     0.03867494542,      0.2354885083,                 0,                 0,                 0,     0.02814478427,     0.03352858709,      0.2362761579,                 0,       6.088916371
          0,           0,         292,      -8.292255472,      -9.112155252,      -8.811659019,      -7.742498518,             0.448,     0.03867494402,      0.2354884666,                 0,                 0,                 0,     0.02814476777,      0.0335285866,      0.2362761162,                 0,       6.088915513
          0,           0,         293,       -8.30776184,      -9.129999058,       -8.82441126,      -7.757992648,             0.448,     0.03867494249,      0.2354884238,                 0,                 0,                 0,      0.0281447512,     0.03352858601,      0.2362760733,                 0,       6.088914647
          0,           0,         294,      -8.323243407,      -9.147971897,       -8.83691768,      -7.773461727,             0.448,     0.03867494085,      0.2354883803,                 0,                 0,                 0,      0.0281447347,     0.03352858532,      0.2362760298,                 0,        6.08891378
          0,           0,         295,      -8.338696415,       -9.16598551,      -8.849270226,      -7.788902571,             0.448,     0.03867493911,      0.2354883364,                 0,                 0,                 0,     0.02814471838,     0.03352858453,      0.2362759859,                 0,       6.088912919
          0,           0,         296,      -8.354117771,      -9.183945194,      -8.861562047,      -7.804312699,             0.448,     0.03867493729,      0.2354882925,                 0,                 0,                 0,     0.02814470234,     0.03352858367,      0.2362759419,                 0,        6.08891207
          0,           0,         297,       -8.36950506,      -9.201752497,      -8.873884435,      -7.819690309,             0.448,     0.03867493541,      0.2354882488,                 0,                 0,                 0,      0.0281446867,     0.03352858275,      0.2362758983,                 0,       6.088911238
          0,           0,         298,      -8.384856543,       -9.21930851,       -8.88632426,       -7.83503424,             0.448,     0.03867493348,      0.2354882058,                 0,                 0,                 0,     0.02814467153,     0.03352858176,      0.2362758552,                 0,       6.088910427
          0,           0,         299,      -8.400171139,      -9.236517815,      -8.898961927,      -7.850343926,             0.448,     0.03867493153,      0.2354881635,                 0,                 0,                 0,     0.02814465691,     0.03352858073,      0.2362758129,                 0,       6.088909643
          0,           0,         300,      -8.415448404,      -9.253292829,      -8.911869814,      -7.865619345,             0.448,     0.03867492956,      0.2354881224,                 0,                 0,                 0,     0.02814464292,     0.03352857966,      0.2362757717,                 0,       6.088908889
          0,           0,         301,      -8.430688501,      -9.269558362,      -8.925111134,      -7.880860968,             0.448,     0.03867492759,      0.2354880825,                 0,                 0,                 0,      0.0281446296,     0.03352857856,      0.2362757318,                 0,       6.088908169
          0,           0,         302,      -8.445892171,      -9.285255916,       -8.93873913,      -7.896069713,             0.448,     0.03867492563,      0.2354880442,                 0,                 0,                 0,     0.02814461702,     0.03352857744,      0.2362756934,                 0,       6.088907485
          0,           0,         303,      -8.461060696,      -9.300347358,      -8.952796522,      -7.911246896,             0.448,      0.0386749237,      0.2354880075,                 0,                 0,                 0,     0.02814460521,     0.03352857631,      0.2362756567,                 0,        6.08890684
          0,           0,         304,      -8.476195858,      -9.314817567,      -8.967315127,      -7.926394189,             0.448,     0.03867492181,      0.2354879726,                 0,                 0,                 0,     0.02814459421,     0.03352857518,      0.2362756218,                 0,       6.088906236
          0,           0,         305,      -8.491299895,      -9.328675705,      -8.982315568,      -7.941513578,             0.448,     0.03867491997,      0.2354879396,                 0,                 0,                 0,     0.02814458404,     0.03352857405,      0.2362755888,                 0,       6.088905674
          0,           0,         306,      -8.506375445,      -9.341954998,       -8.99780706,      -7.956607317,             0.448,     0.03867491818,      0.2354879088,                 0,                 0,                 0,     0.02814457472,     0.03352857294,      0.2362755579,                 0,       6.088905157
          0,           0,         307,      -8.521425497,      -9.354711013,      -9.013787229,      -7.971677891,             0.448,     0.03867491647,        0.23548788,                 0,                 0,                 0,     0.02814456626,     0.03352857185,      0.2362755291,                 0,       6.088904684
          0,           0,         308,      -8.536453329,      -9.367018614,      -9.030241992,      -7.986727975,             0.448,     0.03867491482,      0.2354878534,                 0,                 0,                 0,     0.02814455866,     0.03352857079,      0.2362755025,                 0,       6.088904255
          0,           0,         309,      -8.551462462,      -9.378967925,       -9.04714552,      -8.001760409,             0.448,     0.03867491326,      0.2354878291,                 0,                 0,                 0,     0.02814455192,     0.03352856976,      0.2362754782,                 0,       6.088903871
          0,           0,         310,      -8.566456612,      -9.390659703,      -9.064460309,      -8.016778177,             0.448,     0.03867491179,       0.235487807,                 0,                 0,                 0,     0.02814454602,     0.03352856877,       0.236275456,                 0,       6.088903532
          0,           0,         311,      -8.581439648,      -9.402200569,      -9.082137401,      -8.031784398,             0.448,     0.03867491041,      0.2354877872,                 0,                 0,                 0,     0.02814454096,     0.03352856783,      0.2362754362,                 0,       6.088903236
          0,           0,         312,      -8.596415552,      -9.413698548,      -9.100116788,       -8.04678231,             0.448,     0.03867490913,      0.2354877696,                 0,                 0,                 0,      0.0281445367,     0.03352856693,      0.2362754186,                 0,       6.088902983
          0,           0,         313,      -8.611388379,      -9.425259166,      -9.118328066,      -8.061775261,             0.448,     0.03867490795,      0.2354877542,                 0,                 0,                 0,     0.02814453322,     0.03352856608,      0.2362754031,                 0,       6.088902771
          0,           0,         314,      -8.626362203,       -9.43698237,       -9.13669143,      -8.076766683,             0.448,     0.03867490686,      0.2354877409,                 0,                 0,                 0,      0.0281445305,     0.03352856529,      0.2362753899,                 0,         6.0889026
          0,           0,         315,      -8.641341065,       -9.44896026,      -9.155119102,      -8.091760053,             0.448,     0.03867490588,      0.2354877298,                 0,                 0,                 0,     0.02814452849,     0.03352856455,      0.2362753787,                 0,       6.088902466
          0,           0,         316,      -8.656328906,      -9.461275534,      -9.173517301,      -8.106758848,             0.448,       0.038674905,      0.2354877207,                 0,                 0,                 0,     0.02814452716,     0.03352856386,      0.2362753696,                 0,       6.088902369
          0,           0,         317,      -8.671329493,       -9.47400057,      -9.191788826,      -8.121766477,             0.448,     0.03867490422,      0.2354877135,                 0,                 0,                 0,     0.02814452647,     0.03352856324,      0.2362753624,                 0,       6.088902306
          0,           0,         318,      -8.686346335,      -9.487196786,      -9.209836262,      -8.136786206,             0.448,     0.03867490354,      0.2354877081,                 0,                 0,                 0,     0.02814452637,     0.03352856268,       0.236275357,                 0,       6.088902275
          0,           0,         319,      -8.701382593,      -9.500914337,      -9.227565738,      -8.151821073,             0.448,     0.03867490295,      0.2354877045,                 0,                 0,                 0,     0.02814452682,     0.03352856217,      0.2362753534,                 0,       6.088902274
          0,           0,         320,      -8.716440999,      -9.515191794,      -9.244891079,      -8.166873804,             0.448,     0.03867490246,      0.2354877025,                 0,                 0,                 0,     0.02814452777,     0.03352856172,      0.2362753514,                 0,       6.088902299
          0,           0,         321,      -8.731523765,      -9.530055897,      -9.261738042,      -8.181946741,             0.448,     0.03867490206,       0.235487702,                 0,                 0,                 0,     0.02814452916,     0.03352856134,      0.2362753509,                 0,        6.08890235
          0,           0,         322,      -8.746632523,      -9.545521316,      -9.278048286,      -8.197041771,             0.448,     0.03867490175,      0.2354877029,                 0,                 0,                 0,     0.02814453095,       0.033528561,      0.2362753518,                 0,       6.088902422
          0,           0,         323,      -8.761768263,        -9.5615904,      -9.293782654,      -8.212160282,             0.448,     0.03867490152,      0.2354877051,                 0,                 0,                 0,      0.0281445331,     0.03352856072,      0.2362753539,                 0,       6.088902514
          0,           0,         324,      -8.776931304,      -9.578252962,       -9.30892338,      -8.227303124,             0.448,     0.03867490136,      0.2354877083,                 0,                 0,                 0,     0.02814453555,      0.0335285605,      0.2362753572,                 0,       6.088902622
          0,           0,         325,      -8.792121271,      -9.595486054,      -9.323474992,      -8.242470593,             0.448,     0.03867490128,      0.2354877126,                 0,                 0,                 0,     0.02814453825,     0.03352856032,      0.2362753614,                 0,       6.088902746
          0,           0,         326,      -8.807337093,      -9.613253914,      -9.337463796,      -8.257662412,             0.448,     0.03867490126,      0.2354877177,                 0,                 0,                 0,     0.02814454116,     0.03352856019,      0.2362753665,                 0,       6.088902881
          0,           0,         327,      -8.822577013,      -9.631507878,      -9.350936054,      -8.272877723,             0.448,      0.0386749013,      0.2354877236,                 0,                 0,                 0,     0.02814454424,     0.03352856011,      0.2362753724,                 0,       6.088903026
          0,           0,         328,      -8.837838599,      -9.650186578,      -9.363955116,      -8.288115085,             0.448,      0.0386749014,      0.2354877301,                 0,                 0,                 0,     0.02814454744,     0.03352856006,      0.2362753789,                 0,       6.088903179
          0,           0,         329,      -8.853118767,      -9.669216244,      -9.376597823,      -8.303372462,             0.448,     0.03867490154,      0.2354877371,                 0,                 0,                 0,     0.02814455074,     0.03352856005,      0.2362753859,                 0,       6.088903338
          0,           0,         330,      -8.868413811,      -9.688511304,      -9.388950577,      -8.318647216,             0.448,     0.03867490173,      0.2354877445,                 0,                 0,                 0,     0.02814455409,     0.03352856007,      0.2362753933,                 0,       6.088903501
          0,           0,         331,      -8.883719436,      -9.707975304,      -9.401105393,      -8.333936109,             0.448,     0.03867490195,      0.2354877522,                 0,                 0,                 0,     0.02814455745,     0.03352856013,       0.236275401,                 0,       6.088903665
          0,           0,         332,        -8.8990308,      -9.727502363,      -9.413156208,      -8.349235294,             0.448,      0.0386749022,      0.2354877601,                 0,                 0,                 0,     0.02814456081,      0.0335285602,       0.236275409,                 0,        6.08890383
          0,           0,         333,      -8.914342571,      -9.746979192,      -9.425195637,      -8.364540337,             0.448,     0.03867490247,      0.2354877682,                 0,                 0,                 0,     0.02814456414,     0.03352856031,       0.236275417,                 0,       6.088903994
          0,           0,         334,      -8.929648998,      -9.766287862,      -9.437312263,      -8.379846241,             0.448,     0.03867490277,      0.2354877762,                 0,                 0,                 0,      0.0281445674,     0.03352856043,      0.2362754251,                 0,       6.088904156
          0,           0,         335,      -8.944944004,       -9.78530942,      -9.449588489,      -8.395147503,             0.448,     0.03867490308,      0.2354877842,                 0,                 0,                 0,     0.02814457058,     0.03352856056,      0.2362754331,                 0,       6.088904314
          0,           0,         336,        -8.9602213,      -9.803928325,      -9.462098935,      -8.410438196,             0.448,     0.03867490341,      0.2354877921,                 0,                 0,                 0,     0.02814457365,     0.03352856071,       0.236275441,                 0,       6.088904467
          0,           0,         337,      -8.975474521,       -9.82203746,      -9.474909274,      -8.425712081,             0.448,     0.03867490373,      0.2354877998,                 0,                 0,                 0,      0.0281445766,     0.03352856087,      0.2362754487,                 0,       6.088904615
          0,           0,         338,      -8.990697382,       -9.83954347,      -9.488075464,      -8.440962752,             0.448,     0.03867490407,      0.2354878073,                 0,                 0,                 0,     0.02814457942,     0.03352856104,      0.2362754561,                 0,       6.088904756
          0,           0,         339,      -9.005883854,       -9.85637198,      -9.501643247,      -8.456183799,             0.448,     0.03867490439,      0.2354878145,                 0,                 0,                 0,     0.02814458208,     0.03352856122,      0.2362754633,                 0,       6.088904889
          0,           0,         340,      -9.021028337,      -9.872472095,      -9.515647842,      -8.471368996,             0.448,     0.03867490472,      0.2354878213,                 0,                 0,                 0,     0.02814458458,     0.03352856139,      0.2362754702,                 0,       6.088905015
          0,           0,         341,      -9.036125844,      -9.887819747,       -9.53011376,      -8.486512501,             0.448,     0.03867490504,      0.2354878277,                 0,                 0,                 0,     0.02814458691,     0.03352856157,      0.2362754766,                 0,       6.088905132
          0,           0,         342,      -9.051172171,      -9.902419392,      -9.545054668,      -8.501609047,             0.448,     0.03867490534,      0.2354878338,                 0,                 0,                 0,     0.02814458907,     0.03352856174,      0.2362754827,                 0,        6.08890524
          0,           0,         343,       -9.06616405,      -9.916303943,      -9.560473275,      -8.516654134,             0.448,     0.03867490563,      0.2354878394,                 0,                 0,                 0,     0.02814459103,     0.03352856191,      0.2362754883,                 0,       6.088905339
          0,           0,         344,      -9.081099272,       -9.92953273,      -9.576361221,      -8.531644196,             0.448,     0.03867490591,      0.2354878445,                 0,                 0,                 0,     0.02814459281,     0.03352856208,      0.2362754934,                 0,       6.088905428
          0,           0,         345,       -9.09597679,      -9.942187966,      -9.592699008,      -8.546576742,             0.448,     0.03867490617,      0.2354878492,                 0,                 0,                 0,      0.0281445944,     0.03352856223,      0.2362754981,                 0,       6.088905508
          0,           0,         346,      -9.110796789,      -9.954369837,      -9.609456015,      -8.561450483,             0.448,     0.03867490641,      0.2354878534,                 0,                 0,                 0,      0.0281445958,     0.03352856238,      0.2362755023,                 0,       6.088905578
          0,           0,         347,      -9.125560727,       -9.96619087,      -9.626590642,      -8.576265422,             0.448,     0.03867490664,      0.2354878571,                 0,                 0,                 0,     0.02814459701,     0.03352856253,       0.236275506,                 0,       6.088905639
          0,           0,         348,      -9.140271342,      -9.977770252,      -9.644050655,      -8.591022912,             0.448,     0.03867490684,      0.2354878603,                 0,                 0,                 0,     0.02814459803,     0.03352856266,      0.2362755092,                 0,        6.08890569
          0,           0,         349,      -9.154932631,      -9.989228393,      -9.661773737,      -8.605725688,             0.448,     0.03867490702,       0.235487863,                 0,                 0,                 0,     0.02814459887,     0.03352856278,      0.2362755119,                 0,       6.088905732
          0,           0,         350,       -9.16954977,      -10.00068223,      -9.679688308,      -8.620377833,             0.448,     0.03867490717,      0.2354878653,                 0,                 0,                 0,     0.02814459953,     0.03352856289,      0.2362755142,                 0,       6.088905765
          0,           0,         351,      -9.184129011,      -10.01224163,       -9.69771466,      -8.634984705,             0.448,     0.03867490731,       0.235487867,                 0,                 0,                 0,     0.02814460002,     0.03352856298,      0.2362755159,                 0,       6.088905789
          0,           0,         352,      -9.198677514,       -10.0240067,      -9.715766507,      -8.649552802,             0.448,     0.03867490742,      0.2354878683,                 0,                 0,                 0,     0.02814460034,     0.03352856307,      0.2362755172,                 0,       6.088905805
          0,           0,         353,      -9.213203161,      -10.03606614,      -9.733753017,      -8.664089582,             0.448,     0.03867490751,      0.2354878692,                 0,                 0,                 0,      0.0281446005,     0.03352856314,      0.2362755181,                 0,       6.088905813
          0,           0,         354,      -9.227714324,      -10.04849629,      -9.751581377,      -8.678603244,             0.448,     0.03867490758,      0.2354878696,                 0,                 0,                 0,     0.02814460052,      0.0335285632,      0.2362755185,                 0,       6.088905813
          0,           0,         355,      -9.242219618,      -10.06136068,      -9.769159906,      -8.693102465,             0.448,     0.03867490763,      0.2354878696,                 0,                 0,                 0,     0.02814460039,     0.03352856325,      0.2362755185,                 0,       6.088905806
          0,           0,         356,      -9.256727643,      -10.07470977,      -9.786401598,      -8.707596141,             0.448,     0.03867490766,      0.2354878692,                 0,                 0,                 0,     0.02814460014,     0.03352856328,      0.2362755182,                 0,       6.088905792
          0,           0,         357,      -9.271246718,      -10.08858088,      -9.803227941,      -8.722093101,             0.448,     0.03867490767,      0.2354878685,                 0,                 0,                 0,     0.02814459976,     0.03352856331,      0.2362755175,                 0,       6.088905772
          0,           0,         358,      -9.285784635,      -10.10299806,      -9.819572741,      -8.736601846,             0.448,     0.03867490766,      0.2354878675,                 0,                 0,                 0,     0.02814459928,     0.03352856332,      0.2362755164,                 0,       6.088905747
          0,           0,         359,      -9.300348422,      -10.11797206,      -9.835385601,      -8.751130297,             0.448,     0.03867490763,      0.2354878662,                 0,                 0,                 0,     0.02814459869,     0.03352856332,      0.2362755151,                 0,       6.088905717
          0,           0,         360,      -9.314944141,      -10.13350017,      -9.850634699,      -8.765685575,             0.448,     0.03867490759,      0.2354878646,                 0,                 0,                 0,     0.02814459803,     0.03352856332,      0.2362755135,                 0,       6.088905682
          0,           0,         361,       -9.32957672,      -10.14956622,      -9.865308561,      -8.780273808,             0.448,     0.03867490753,      0.2354878627,                 0,                 0,                 0,     0.02814459728,      0.0335285633,      0.2362755117,                 0,       6.088905644
          0,           0,         362,       -9.34424981,      -10.16614061,      -9.879416583,      -8.794899973,             0.448,     0.03867490746,      0.2354878607,                 0,                 0,                 0,     0.02814459647,     0.03352856327,      0.2362755096,                 0,       6.088905602
          0,           0,         363,      -9.358965688,      -10.18318042,      -9.892988286,      -8.809567771,             0.448,     0.03867490738,      0.2354878585,                 0,                 0,                 0,     0.02814459561,     0.03352856324,      0.2362755074,                 0,       6.088905558
          0,           0,         364,       -9.37372519,      -10.20062977,      -9.906071384,      -8.824279521,             0.448,     0.03867490728,      0.2354878561,                 0,                 0,                 0,     0.02814459471,      0.0335285632,       0.236275505,                 0,       6.088905511
          0,           0,         365,      -9.388527681,      -10.21842031,      -9.918728918,      -8.839036102,             0.448,     0.03867490718,      0.2354878536,                 0,                 0,                 0,     0.02814459377,     0.03352856315,      0.2362755026,                 0,       6.088905463
          0,           0,         366,      -9.403371049,      -10.23647205,      -9.931035793,      -8.853836907,             0.448,     0.03867490707,       0.235487851,                 0,                 0,                 0,     0.02814459281,     0.03352856309,         0.2362755,                 0,       6.088905414
          0,           0,         367,      -9.418251744,      -10.25469454,      -9.943075066,      -8.868679833,             0.448,     0.03867490696,      0.2354878484,                 0,                 0,                 0,     0.02814459183,     0.03352856303,      0.2362754973,                 0,       6.088905364
          0,           0,         368,      -9.433164838,      -10.27298847,      -9.954934273,        -8.8835613,             0.448,     0.03867490683,      0.2354878457,                 0,                 0,                 0,     0.02814459085,     0.03352856297,      0.2362754946,                 0,       6.088905313
          0,           0,         369,      -9.448104131,      -10.29124794,      -9.966702051,      -8.898476308,             0.448,     0.03867490671,       0.235487843,                 0,                 0,                 0,     0.02814458986,     0.03352856291,      0.2362754919,                 0,       6.088905263
          0,           0,         370,       -9.46306228,      -10.30936305,      -9.978465222,      -8.913418525,             0.448,     0.03867490658,      0.2354878403,                 0,                 0,                 0,     0.02814458889,     0.03352856284,      0.2362754892,                 0,       6.088905213
          0,           0,         371,      -9.478030971,      -10.32722352,      -9.990306394,      -8.928380412,             0.448,     0.03867490645,      0.2354878376,                 0,                 0,                 0,     0.02814458793,     0.03352856277,      0.2362754865,                 0,       6.088905163
          0,           0,         372,      -9.493001128,      -10.34472256,      -10.00230208,      -8.943353396,             0.448,     0.03867490632,      0.2354878349,                 0,                 0,                 0,     0.02814458698,     0.03352856269,      0.2362754838,                 0,       6.088905115
          0,           0,         373,      -9.507963157,      -10.36176126,      -10.01452133,      -8.958328085,             0.448,     0.03867490619,      0.2354878323,                 0,                 0,                 0,     0.02814458607,     0.03352856262,      0.2362754812,                 0,       6.088905068
          0,           0,         374,      -9.522907208,      -10.37825343,      -10.02702472,      -8.973294518,             0.448,     0.03867490606,      0.2354878298,                 0,                 0,                 0,     0.02814458518,     0.03352856255,      0.2362754787,                 0,       6.088905022
          0,           0,         375,      -9.537823479,      -10.39413001,      -10.03986377,      -8.988242453,             0.448,     0.03867490594,      0.2354878273,                 0,                 0,                 0,     0.02814458433,     0.03352856248,      0.2362754762,                 0,       6.088904979
          0,           0,         376,      -9.552702526,      -10.40934298,      -10.05308046,      -9.003161685,             0.448,     0.03867490582,       0.235487825,                 0,                 0,                 0,     0.02814458351,     0.03352856241,      0.2362754739,                 0,       6.088904937
          0,           0,         377,      -9.567535569,      -10.42386821,      -10.06670709,      -9.018042378,             0.448,      0.0386749057,      0.2354878227,                 0,                 0,                 0,     0.02814458274,     0.03352856234,      0.2362754716,                 0,       6.088904897
          0,           0,         378,      -9.582314804,      -10.43770709,      -10.08076607,      -9.032875404,             0.448,     0.03867490558,      0.2354878206,                 0,                 0,                 0,     0.02814458201,     0.03352856227,      0.2362754695,                 0,        6.08890486
          0,           0,         379,      -9.597033675,      -10.45088668,      -10.09526983,      -9.047652655,             0.448,     0.03867490547,      0.2354878185,                 0,                 0,                 0,     0.02814458132,      0.0335285622,      0.2362754674,                 0,       6.088904825
          0,           0,         380,      -9.611687119,      -10.46345808,      -10.11022076,      -9.062367346,             0.448,     0.03867490537,      0.2354878167,                 0,                 0,                 0,     0.02814458068,     0.03352856214,      0.2362754655,                 0,       6.088904792
          0,           0,         381,      -9.626271752,      -10.47549346,       -10.1256111,      -9.077014258,             0.448,     0.03867490527,      0.2354878149,                 0,                 0,                 0,      0.0281445801,     0.03352856208,      0.2362754638,                 0,       6.088904762
          0,           0,         382,      -9.640786008,      -10.48708229,      -10.14142293,      -9.091589943,             0.448,     0.03867490518,      0.2354878133,                 0,                 0,                 0,     0.02814457956,     0.03352856203,      0.2362754622,                 0,       6.088904735
          0,           0,         383,      -9.655230224,      -10.49832633,      -10.15762819,      -9.106092867,             0.448,      0.0386749051,      0.2354878118,                 0,                 0,                 0,     0.02814457907,     0.03352856197,      0.2362754607,                 0,        6.08890471
          0,           0,         384,      -9.669606661,      -10.50933469,      -10.17418895,      -9.120523509,             0.448,     0.03867490502,      0.2354878104,                 0,                 0,                 0,     0.02814457864,     0.03352856192,      0.2362754593,                 0,       6.088904688
          0,           0,         385,      -9.683919481,      -10.52021928,      -10.19105773,      -9.134884396,             0.448,     0.03867490494,      0.2354878092,                 0,                 0,                 0,     0.02814457825,     0.03352856188,      0.2362754581,                 0,       6.088904668
          0,           0,         386,      -9.698174663,      -10.53108991,      -10.20817821,      -9.149180087,             0.448,     0.03867490488,      0.2354878082,                 0,                 0,                 0,     0.02814457792,     0.03352856184,      0.2362754571,                 0,        6.08890465
          0,           0,         387,      -9.712379854,      -10.54205104,      -10.22548594,      -9.163417066,             0.448,     0.03867490482,      0.2354878072,                 0,                 0,                 0,     0.02814457763,      0.0335285618,      0.2362754561,                 0,       6.088904636
          0,           0,         388,      -9.726544161,      -10.55319911,       -10.2429095,      -9.177603581,             0.448,     0.03867490477,      0.2354878065,                 0,                 0,                 0,     0.02814457739,     0.03352856176,      0.2362754553,                 0,       6.088904623
          0,           0,         389,      -9.740677891,      -10.56462064,      -10.26037176,      -9.191749403,             0.448,     0.03867490472,      0.2354878058,                 0,                 0,                 0,      0.0281445772,     0.03352856173,      0.2362754547,                 0,       6.088904613
          0,           0,         390,      -9.754792246,      -10.57639128,      -10.27779168,      -9.205865521,             0.448,     0.03867490468,      0.2354878052,                 0,                 0,                 0,     0.02814457706,     0.03352856171,      0.2362754541,                 0,       6.088904605
          0,           0,         391,      -9.768898976,       -10.5885754,      -10.29508641,      -9.219963801,             0.448,     0.03867490465,      0.2354878048,                 0,                 0,                 0,     0.02814457696,     0.03352856168,      0.2362754537,                 0,         6.0889046
          0,           0,         392,      -9.783010028,      -10.60122598,      -10.31217393,      -9.234056593,             0.448,     0.03867490463,      0.2354878045,                 0,                 0,                 0,     0.02814457689,     0.03352856166,      0.2362754534,                 0,       6.088904596
          0,           0,         393,      -9.797137185,      -10.61438455,      -10.32897594,      -9.248156366,             0.448,      0.0386749046,      0.2354878043,                 0,                 0,                 0,     0.02814457687,     0.03352856165,      0.2362754532,                 0,       6.088904595
          0,           0,         394,      -9.811291699,      -10.62808117,      -10.34542104,      -9.262275289,             0.448,     0.03867490459,      0.2354878043,                 0,                 0,                 0,     0.02814457689,     0.03352856163,      0.2362754531,                 0,       6.088904595
          0,           0,         395,      -9.825483966,      -10.64233457,      -10.36144801,      -9.276424891,             0.448,     0.03867490458,      0.2354878043,                 0,                 0,                 0,     0.02814457693,     0.03352856162,      0.2362754531,                 0,       6.088904597
          0,           0,         396,      -9.839723227,       -10.6571518,      -10.37700875,      -9.290615712,             0.448,     0.03867490457,      0.2354878044,                 0,                 0,                 0,     0.02814457701,     0.03352856161,      0.2362754532,                 0,         6.0889046
          0,           0,         397,      -9.854017294,      -10.67252829,      -10.39207084,      -9.304857005,             0.448,     0.03867490457,      0.2354878045,                 0,                 0,                 0,     0.02814457712,     0.03352856161,      0.2362754534,                 0,       6.088904605
          0,           0,         398,      -9.868372351,      -10.68844755,       -10.4066192,      -9.319156509,             0.448,     0.03867490457,      0.2354878048,                 0,                 0,                 0,     0.02814457725,     0.03352856161,      0.2362754537,                 0,       6.088904611
          0,           0,         399,      -9.882792771,      -10.70488119,      -10.42065693,      -9.333520221,             0.448,     0.03867490458,      0.2354878051,                 0,                 0,                 0,      0.0281445774,     0.03352856161,       0.236275454,                 0,       6.088904618
          0,           0,         400,      -9.897281027,      -10.72178887,      -10.43420491,      -9.347952279,             0.448,     0.03867490459,      0.2354878055,                 0,                 0,                 0,     0.02814457758,     0.03352856161,      0.2362754544,                 0,       6.088904627
          0,           0,         401,      -9.911837609,      -10.73911866,      -10.44730058,      -9.362454846,             0.448,      0.0386749046,      0.2354878059,                 0,                 0,                 0,     0.02814457777,     0.03352856161,      0.2362754548,                 0,       6.088904636
          0,           0,         402,      -9.926461024,      -10.75680722,      -10.45999569,      -9.377028069,             0.448,     0.03867490462,      0.2354878064,                 0,                 0,                 0,     0.02814457797,     0.03352856162,      0.2362754553,                 0,       6.088904645
          0,           0,         403,      -9.941147828,      -10.77478027,      -10.47235353,      -9.391670065,             0.448,     0.03867490464,      0.2354878069,                 0,                 0,                 0,     0.02814457819,     0.03352856162,      0.2362754558,                 0,       6.088904656
          0,           0,         404,      -9.955892702,      -10.79295375,      -10.48444583,      -9.406376967,             0.448,     0.03867490466,      0.2354878074,                 0,                 0,                 0,     0.02814457841,     0.03352856163,      0.2362754563,                 0,       6.088904666
          0,           0,         405,      -9.970688583,      -10.81123503,      -10.49634958,      -9.421143001,             0.448,     0.03867490468,       0.235487808,                 0,                 0,                 0,     0.02814457864,     0.03352856164,      0.2362754569,                 0,       6.088904677
          0,           0,         406,      -9.985526828,      -10.82952464,      -10.50814397,      -9.435960614,             0.448,      0.0386749047,      0.2354878086,                 0,                 0,                 0,     0.02814457888,     0.03352856165,      0.2362754575,                 0,       6.088904689
          0,           0,         407,      -10.00039742,       -10.8477188,      -10.51990775,      -9.450820639,             0.448,     0.03867490473,      0.2354878092,                 0,                 0,                 0,     0.02814457912,     0.03352856166,       0.236275458,                 0,         6.0889047
          0,           0,         408,      -10.01528922,      -10.86571221,      -10.53171689,      -9.465712512,             0.448,     0.03867490475,      0.2354878098,                 0,                 0,                 0,     0.02814457935,     0.03352856167,      0.2362754586,                 0,       6.088904712
          0,           0,         409,      -10.03019027,       -10.8834015,       -10.5436428,       -9.48062453,             0.448,     0.03867490478,      0.2354878104,                 0,                 0,                 0,     0.02814457959,     0.03352856169,      0.2362754592,                 0,       6.088904723
          0,           0,         410,      -10.04508808,      -10.90068928,      -10.55575082,      -9.495544137,             0.448,      0.0386749048,      0.2354878109,                 0,                 0,                 0,     0.02814457982,      0.0335285617,      0.2362754598,                 0,       6.088904734
          0,           0,         411,         -10.05997,      -10.91748822,      -10.56809926,      -9.510458281,             0.448,     0.03867490483,      0.2354878115,                 0,                 0,                 0,     0.02814458005,     0.03352856171,      0.2362754604,                 0,       6.088904745
          0,           0,         412,       -10.0748236,      -10.93372531,      -10.58073859,      -9.525353761,             0.448,     0.03867490485,      0.2354878121,                 0,                 0,                 0,     0.02814458027,     0.03352856172,       0.236275461,                 0,       6.088904756
          0,           0,         413,        -10.089637,      -10.94934545,      -10.59371097,      -9.540217635,             0.448,     0.03867490488,      0.2354878126,                 0,                 0,                 0,     0.02814458049,     0.03352856174,      0.2362754615,                 0,       6.088904766
          0,           0,         414,       -10.1043993,       -10.9643149,      -10.60704993,       -9.55503761,             0.448,      0.0386749049,      0.2354878131,                 0,                 0,                 0,     0.02814458069,     0.03352856175,       0.236275462,                 0,       6.088904776
          0,           0,         415,      -10.11910091,      -10.97862296,      -10.62078013,      -9.569802443,             0.448,     0.03867490492,      0.2354878136,                 0,                 0,                 0,     0.02814458089,     0.03352856176,      0.2362754625,                 0,       6.088904785
          0,           0,         416,      -10.13373385,      -10.99228276,      -10.63491714,      -9.584502318,             0.448,     0.03867490494,      0.2354878141,                 0,                 0,                 0,     0.02814458107,     0.03352856177,       0.236275463,                 0,       6.088904794
          0,           0,         417,      -10.14829206,      -11.00533093,      -10.64946747,      -9.599129173,             0.448,     0.03867490496,      0.2354878146,                 0,                 0,                 0,     0.02814458124,     0.03352856178,      0.2362754635,                 0,       6.088904803
          0,           0,         418,      -10.16277156,      -11.01782457,      -10.66442827,      -9.613676976,             0.448,     0.03867490498,       0.235487815,                 0,                 0,                 0,     0.02814458141,     0.03352856179,      0.2362754639,                 0,        6.08890481
          0,           0,         419,      -10.17717063,      -11.02983971,      -10.67978736,      -9.628141925,             0.448,       0.038674905,      0.2354878154,                 0,                 0,                 0,     0.02814458156,      0.0335285618,      0.2362754643,                 0,       6.088904818
          0,           0,         420,      -10.19148986,      -11.04146561,      -10.69552325,      -9.642522608,             0.448,     0.03867490502,      0.2354878157,                 0,                 0,                 0,     0.02814458169,     0.03352856181,      0.2362754646,                 0,       6.088904824
          0,           0,         421,      -10.20573213,      -11.05280124,       -10.7116052,      -9.656820045,             0.448,     0.03867490503,      0.2354878161,                 0,                 0,                 0,     0.02814458182,     0.03352856182,      0.2362754649,                 0,        6.08890483
          0,           0,         422,      -10.21990256,      -11.06395013,      -10.72799372,      -9.671037712,             0.448,     0.03867490505,      0.2354878163,                 0,                 0,                 0,     0.02814458193,     0.03352856183,      0.2362754652,                 0,       6.088904835
          0,           0,         423,      -10.23400837,      -11.07501662,      -10.74464096,      -9.685181439,             0.448,     0.03867490506,      0.2354878166,                 0,                 0,                 0,     0.02814458202,     0.03352856183,      0.2362754655,                 0,        6.08890484
          0,           0,         424,      -10.24805866,      -11.08610142,      -10.76149143,      -9.699259276,             0.448,     0.03867490507,      0.2354878168,                 0,                 0,                 0,     0.02814458211,     0.03352856184,      0.2362754657,                 0,       6.088904844
          0,           0,         425,      -10.26206417,      -11.09729928,      -10.77848287,      -9.713281244,             0.448,     0.03867490508,       0.235487817,                 0,                 0,                 0,     0.02814458218,     0.03352856184,      0.2362754659,                 0,       6.088904848
          0,           0,         426,      -10.27603689,      -11.10869645,      -10.79554738,      -9.727259008,             0.448,     0.03867490509,      0.2354878172,                 0,                 0,                 0,     0.02814458224,     0.03352856185,      0.2362754661,                 0,        6.08890485
          0,           0,         427,      -10.28998977,      -11.12036944,      -10.81261269,      -9.741205531,             0.448,     0.03867490509,      0.2354878173,                 0,                 0,                 0,     0.02814458228,     0.03352856185,      0.2362754662,                 0,       6.088904853
          0,           0,         428,      -10.30393625,      -11.13238437,      -10.82960401,      -9.755134619,             0.448,      0.0386749051,      0.2354878174,                 0,                 0,                 0,     0.02814458232,     0.03352856186,      0.2362754663,                 0,       6.088904854
          0,           0,         429,      -10.31788987,      -11.14479659,      -10.84644602,      -9.769060517,             0.448,      0.0386749051,      0.2354878175,                 0,                 0,                 0,     0.02814458234,     0.03352856186,      0.2362754663,                 0,       6.088904855
          0,           0,         430,      -10.33186385,      -11.15765075,       -10.8630654,      -9.782997395,             0.448,     0.03867490511,      0.2354878175,                 0,                 0,                 0,     0.02814458235,     0.03352856186,      0.2362754664,                 0,       6.088904856
          0,           0,         431,      -10.34587073,      -11.17098061,      -10.87939353,      -9.796958981,             0.448,     0.03867490511,      0.2354878175,                 0,                 0,                 0,     0.02814458235,     0.03352856186,      0.2362754664,                 0,       6.088904856
          0,           0,         432,      -10.35992196,      -11.18480833,      -10.89536932,      -9.810958123,             0.448,     0.03867490511,      0.2354878175,                 0,                 0,                 0,     0.02814458234,     0.03352856186,      0.2362754664,                 0,       6.088904855
          0,           0,         433,      -10.37402762,      -11.19914518,      -10.91094204,      -9.825006418,             0.448,     0.03867490511,      0.2354878175,                 0,                 0,                 0,     0.02814458232,     0.03352856186,      0.2362754663,                 0,       6.088904854
          0,           0,         434,      -10.38819611,      -11.21399106,      -10.92607381,      -9.839113897,             0.448,     0.03867490511,      0.2354878174,                 0,                 0,                 0,     0.02814458229,     0.03352856186,      0.2362754663,                 0,       6.088904853
          0,           0,         435,      -10.40243394,      -11.22933431,      -10.94074158,      -9.853288791,             0.448,      0.0386749051,      0.2354878173,                 0,                 0,                 0,     0.02814458226,     0.03352856186,      0.2362754662,                 0,       6.088904851
          0,           0,         436,       -10.4167456,      -11.24515177,      -10.95493826,      -9.867537322,             0.448,      0.0386749051,      0.2354878172,                 0,                 0,                 0,     0.02814458221,     0.03352856186,      0.2362754661,                 0,       6.088904849
          0,           0,         437,      -10.43113343,      -11.26140928,      -10.96867316,      -9.881863542,             0.448,     0.03867490509,      0.2354878171,                 0,                 0,                 0,     0.02814458216,     0.03352856186,       0.236275466,                 0,       6.088904847
          0,           0,         438,      -10.44559758,      -11.27806133,      -10.98197128,      -9.896269301,             0.448,     0.03867490509,       0.235487817,                 0,                 0,                 0,     0.02814458211,     0.03352856186,      0.2362754658,                 0,       6.088904844
          0,           0,         439,      -10.46013601,      -11.29505117,      -10.99487196,      -9.910754182,             0.448,     0.03867490508,      0.2354878168,                 0,                 0,                 0,     0.02814458205,     0.03352856185,      0.2362754657,                 0,       6.088904842
          0,           0,         440,      -10.47474458,      -11.31231234,      -11.00742668,      -9.925315548,             0.448,     0.03867490508,      0.2354878167,                 0,                 0,                 0,     0.02814458199,     0.03352856185,      0.2362754655,                 0,       6.088904839
          0,           0,         441,      -10.48941715,      -11.32976982,      -11.01969648,      -9.939948602,             0.448,     0.03867490507,      0.2354878165,                 0,                 0,                 0,     0.02814458192,     0.03352856185,      0.2362754654,                 0,       6.088904835
          0,           0,         442,      -10.50414572,      -11.34733968,      -11.03174922,       -9.95464653,             0.448,     0.03867490506,      0.2354878163,                 0,                 0,                 0,     0.02814458186,     0.03352856184,      0.2362754652,                 0,       6.088904832
          0,           0,         443,       -10.5189207,      -11.36493229,      -11.04365666,      -9.969400669,             0.448,     0.03867490506,      0.2354878162,                 0,                 0,                 0,     0.02814458179,     0.03352856184,       0.236275465,                 0,       6.088904829
          0,           0,         444,      -10.53373108,      -11.38245482,      -11.05549198,      -9.984200702,             0.448,     0.03867490505,       0.235487816,                 0,                 0,                 0,     0.02814458171,     0.03352856184,      0.2362754649,                 0,       6.088904825
          0,           0,         445,      -10.54856479,      -11.39981166,       -11.0673274,      -9.999034936,             0.448,     0.03867490504,      0.2354878158,                 0,                 0,                 0,     0.02814458164,     0.03352856183,      0.2362754647,                 0,       6.088904822
          0,           0,         446,      -10.56340893,      -11.41691047,      -11.07923216,       -10.0138906,             0.448,     0.03867490503,      0.2354878156,                 0,                 0,                 0,     0.02814458157,     0.03352856183,      0.2362754645,                 0,       6.088904818
          0,           0,         447,      -10.57825025,      -11.43366371,      -11.09127104,      -10.02875419,             0.448,     0.03867490503,      0.2354878154,                 0,                 0,                 0,      0.0281445815,     0.03352856183,      0.2362754643,                 0,       6.088904815
          0,           0,         448,      -10.59307543,      -11.44999218,      -11.10350305,      -10.04361179,             0.448,     0.03867490502,      0.2354878153,                 0,                 0,                 0,     0.02814458143,     0.03352856182,      0.2362754641,                 0,       6.088904812
          0,           0,         449,      -10.60787151,      -11.46582866,      -11.11598057,      -10.05844956,             0.448,     0.03867490501,      0.2354878151,                 0,                 0,                 0,     0.02814458136,     0.03352856182,       0.236275464,                 0,       6.088904808
          0,           0,         450,      -10.62262625,      -11.48112276,      -11.12874875,      -10.07325405,             0.448,       0.038674905,      0.2354878149,                 0,                 0,                 0,      0.0281445813,     0.03352856181,      0.2362754638,                 0,       6.088904805
          0,           0,         451,      -10.63732858,      -11.49584087,      -11.14184478,      -10.08801269,             0.448,       0.038674905,      0.2354878147,                 0,                 0,                 0,     0.02814458123,     0.03352856181,      0.2362754636,                 0,       6.088904802
          0,           0,         452,       -10.6519689,      -11.50997076,      -11.15529785,      -10.10271416,             0.448,     0.03867490499,      0.2354878146,                 0,                 0,                 0,     0.02814458117,     0.03352856181,      0.2362754635,                 0,       6.088904799
          0,           0,         453,      -10.66653941,      -11.52351984,      -11.16912872,      -10.11734878,             0.448,     0.03867490498,      0.2354878144,                 0,                 0,                 0,     0.02814458111,      0.0335285618,      0.2362754633,                 0,       6.088904796
          0,           0,         454,      -10.68103438,      -11.53651682,      -11.18334953,      -10.13190878,             0.448,     0.03867490498,      0.2354878143,                 0,                 0,                 0,     0.02814458106,      0.0335285618,      0.2362754632,                 0,       6.088904793
          0,           0,         455,      -10.69545033,      -11.54900886,      -11.19796369,      -10.14638867,             0.448,     0.03867490497,      0.2354878142,                 0,                 0,                 0,       0.028144581,      0.0335285618,       0.236275463,                 0,       6.088904791
          0,           0,         456,      -10.70978616,      -11.56106127,       -11.2129656,       -10.1607853,             0.448,     0.03867490496,       0.235487814,                 0,                 0,                 0,     0.02814458095,     0.03352856179,      0.2362754629,                 0,       6.088904788
          0,           0,         457,      -10.72404318,       -11.5727495,      -11.22834097,      -10.17509809,             0.448,     0.03867490496,      0.2354878139,                 0,                 0,                 0,     0.02814458091,     0.03352856179,      0.2362754628,                 0,       6.088904786
          0,           0,         458,      -10.73822506,      -11.58416163,      -11.24406643,      -10.18932894,             0.448,     0.03867490495,      0.2354878138,                 0,                 0,                 0,     0.02814458087,     0.03352856179,      0.2362754627,                 0,       6.088904784
          0,           0,         459,      -10.75233774,      -11.59538942,      -11.26011012,      -10.20348228,             0.448,     0.03867490495,      0.2354878137,                 0,                 0,                 0,     0.02814458083,     0.03352856179,      0.2362754626,                 0,       6.088904782
          0,           0,         460,      -10.76638928,      -11.60652814,      -11.27643197,      -10.21756494,             0.448,     0.03867490494,      0.2354878136,                 0,                 0,                 0,      0.0281445808,     0.03352856178,      0.2362754625,                 0,       6.088904781
          0,           0,         461,      -10.78038958,      -11.61766828,      -11.29298429,      -10.23158595,             0.448,     0.03867490494,      0.2354878135,                 0,                 0,                 0,     0.02814458077,     0.03352856178,      0.2362754624,                 0,       6.088904779
          0,           0,         462,      -10.79435007,       -11.6288993,      -11.30971246,      -10.24555616,             0.448,     0.03867490494,      0.2354878135,                 0,                 0,                 0,     0.02814458074,     0.03352856178,      0.2362754623,                 0,       6.088904778
          0,           0,         463,      -10.80828344,      -11.64030176,      -11.32655569,      -10.25948812,             0.448,     0.03867490493,      0.2354878134,                 0,                 0,                 0,     0.02814458072,     0.03352856178,      0.2362754623,                 0,       6.088904777
          0,           0,         464,      -10.82220316,      -11.65195078,      -11.34344807,      -10.27339548,             0.448,     0.03867490493,      0.2354878133,                 0,                 0,                 0,      0.0281445807,     0.03352856178,      0.2362754622,                 0,       6.088904776
          0,           0,         465,      -10.83612308,      -11.66390901,       -11.3603202,      -10.28729259,             0.448,     0.03867490493,      0.2354878133,                 0,                 0,                 0,     0.02814458069,     0.03352856178,      0.2362754622,                 0,       6.088904775
          0,           0,         466,      -10.85005708,      -11.67623183,      -11.37710083,      -10.30119419,             0.448,     0.03867490493,      0.2354878133,                 0,                 0,                 0,     0.02814458067,     0.03352856177,      0.2362754621,                 0,       6.088904774
          0,           0,         467,      -10.86401855,      -11.68896587,      -11.39371889,      -10.31511468,             0.448,     0.03867490493,      0.2354878132,                 0,                 0,                 0,     0.02814458067,     0.03352856177,      0.2362754621,                 0,       6.088904774
          0,           0,         468,      -10.87802007,      -11.70214516,      -11.41010597,      -10.32906797,             0.448,     0.03867490492,      0.2354878132,                 0,                 0,                 0,     0.02814458066,     0.03352856177,      0.2362754621,                 0,       6.088904774
          0,           0,         469,      -10.89207303,      -11.71579679,      -11.42619898,      -10.34306684,             0.448,     0.03867490492,      0.2354878132,                 0,                 0,                 0,     0.02814458066,     0.03352856177,      0.2362754621,                 0,       6.088904774
          0,           0,         470,      -10.90618735,      -11.72993477,      -11.44194279,       -10.3571228,             0.448,     0.03867490492,      0.2354878132,                 0,                 0,                 0,     0.02814458066,     0.03352856177,      0.2362754621,                 0,       6.088904774
          0,           0,         471,      -10.92037109,      -11.74456522,      -11.45729297,      -10.37124554,             0.448,     0.03867490492,      0.2354878132,                 0,                 0,                 0,     0.02814458067,     0.03352856177,      0.2362754621,                 0,       6.088904774
          0,           0,         472,      -10.93463047,       -11.7596812,      -11.47221784,      -10.38544292,             0.448,     0.03867490492,      0.2354878132,                 0,                 0,                 0,     0.02814458068,     0.03352856177,      0.2362754621,                 0,       6.088904774
          0,           0,         473,       -10.9489695,      -11.77526688,      -11.48670016,      -10.39972063,             0.448,     0.03867490492,      0.2354878132,                 0,                 0,                 0,     0.02814458069,     0.03352856177,      0.2362754621,                 0,       6.088904774
          0,           0,         474,      -10.96339001,      -11.79129443,      -11.50073811,      -10.41408211,             0.448,     0.03867490492,      0.2354878133,                 0,                 0,                 0,      0.0281445807,     0.03352856177,      0.2362754621,                 0,       6.088904775
          0,           0,         475,      -10.97789155,      -11.80772747,      -11.51434526,       -10.4285285,             0.448,     0.03867490492,      0.2354878133,                 0,                 0,                 0,     0.02814458071,     0.03352856177,      0.2362754622,                 0,       6.088904776
          0,           0,         476,       -10.9924715,      -11.82451729,       -11.5275497,      -10.44305865,             0.448,     0.03867490492,      0.2354878133,                 0,                 0,                 0,     0.02814458073,     0.03352856177,      0.2362754622,                 0,       6.088904776
          0,           0,         477,      -11.00712513,      -11.84160638,      -11.54039252,      -10.45766916,             0.448,     0.03867490493,      0.2354878134,                 0,                 0,                 0,     0.02814458074,     0.03352856177,      0.2362754622,                 0,       6.088904777
          0,           0,         478,      -11.02184564,      -11.85892663,      -11.55292587,      -10.47235443,             0.448,     0.03867490493,      0.2354878134,                 0,                 0,                 0,     0.02814458076,     0.03352856177,      0.2362754623,                 0,       6.088904778
          0,           0,         479,      -11.03662445,      -11.87640419,      -11.56521013,      -10.48710688,             0.448,     0.03867490493,      0.2354878134,                 0,                 0,                 0,     0.02814458078,     0.03352856177,      0.2362754623,                 0,       6.088904779
          0,           0,         480,      -11.05145142,      -11.89395793,      -11.57731148,      -10.50191713,             0.448,     0.03867490493,      0.2354878135,                 0,                 0,                 0,      0.0281445808,     0.03352856177,      0.2362754624,                 0,        6.08890478
          0,           0,         481,      -11.06631503,      -11.91150018,      -11.58929928,      -10.51677419,             0.448,     0.03867490493,      0.2354878135,                 0,                 0,                 0,     0.02814458082,     0.03352856177,      0.2362754624,                 0,       6.088904781
          0,           0,         482,      -11.08120271,      -11.92894356,      -11.60124333,      -10.53166577,             0.448,     0.03867490493,      0.2354878136,                 0,                 0,                 0,     0.02814458084,     0.03352856177,      0.2362754625,                 0,       6.088904781
          0,           0,         483,      -11.09610134,      -11.94619767,      -11.61321251,      -10.54657871,             0.448,     0.03867490494,      0.2354878136,                 0,                 0,                 0,     0.02814458086,     0.03352856177,      0.2362754625,                 0,       6.088904782
          0,           0,         484,      -11.11099725,      -11.96317636,      -11.62527238,      -10.56149898,             0.448,     0.03867490494,      0.2354878137,                 0,                 0,                 0,     0.02814458088,     0.03352856177,      0.2362754625,                 0,       6.088904783
          0,           0,         485,      -11.12587702,      -11.97980018,      -11.63748385,      -10.57641256,             0.448,     0.03867490494,      0.2354878137,                 0,                 0,                 0,      0.0281445809,     0.03352856178,      0.2362754626,                 0,       6.088904784
          0,           0,         486,      -11.14072761,      -11.99599792,      -11.64990225,      -10.59130542,             0.448,     0.03867490494,      0.2354878138,                 0,                 0,                 0,     0.02814458092,     0.03352856178,      0.2362754626,                 0,       6.088904785
          0,           0,         487,      -11.15553669,      -12.01171365,      -11.66257619,      -10.60616404,             0.448,     0.03867490494,      0.2354878138,                 0,                 0,                 0,     0.02814458094,     0.03352856178,      0.2362754627,                 0,       6.088904786
          0,           0,         488,      -11.17029331,       -12.0269009,      -11.67554741,      -10.62097602,             0.448,     0.03867490494,      0.2354878139,                 0,                 0,                 0,     0.02814458096,     0.03352856178,      0.2362754627,                 0,       6.088904787
          0,           0,         489,      -11.18498791,      -12.04153748,      -11.68884985,      -10.63573009,             0.448,     0.03867490495,      0.2354878139,                 0,                 0,                 0,     0.02814458098,     0.03352856178,      0.2362754628,                 0,       6.088904788
          0,           0,         490,      -11.19961287,      -12.05561638,      -11.70250934,      -10.65041681,             0.448,     0.03867490495,      0.2354878139,                 0,                 0,                 0,     0.02814458099,     0.03352856178,      0.2362754628,                 0,       6.088904789
          0,           0,         491,      -11.21416267,      -12.06915158,      -11.71654334,      -10.66502876,             0.448,     0.03867490495,       0.235487814,                 0,                 0,                 0,     0.02814458101,     0.03352856178,      0.2362754629,                 0,        6.08890479
          0,           0,         492,      -11.22863395,      -12.08217562,      -11.73096108,      -10.67956066,             0.448,     0.03867490495,       0.235487814,                 0,                 0,                 0,     0.02814458102,     0.03352856178,      0.2362754629,                 0,        6.08890479
          0,           0,         493,      -11.24302579,      -12.09473668,       -11.7457632,      -10.69400972,             0.448,     0.03867490495,      0.2354878141,                 0,                 0,                 0,     0.02814458104,     0.03352856178,      0.2362754629,                 0,       6.088904791
          0,           0,         494,      -11.25733966,      -12.10689829,      -11.76094096,      -10.70837565,             0.448,     0.03867490495,      0.2354878141,                 0,                 0,                 0,     0.02814458105,     0.03352856178,       0.236275463,                 0,       6.088904792
          0,           0,         495,      -11.27157936,      -12.11874027,      -11.77647728,       -10.7226606,             0.448,     0.03867490495,      0.2354878141,                 0,                 0,                 0,     0.02814458106,     0.03352856178,       0.236275463,                 0,       6.088904792
          0,           0,         496,      -11.28575102,       -12.1303435,      -11.79234627,      -10.73686932,             0.448,     0.03867490496,      0.2354878141,                 0,                 0,                 0,     0.02814458108,     0.03352856178,       0.236275463,                 0,       6.088904793
          0,           0,         497,      -11.29986267,      -12.14179506,      -11.80851398,      -10.75100879,             0.448,     0.03867490496,      0.2354878142,                 0,                 0,                 0,     0.02814458109,     0.03352856178,      0.2362754631,                 0,       6.088904793
          0,           0,         498,      -11.31392421,      -12.15318308,      -11.82493812,      -10.76508808,             0.448,     0.03867490496,      0.2354878142,                 0,                 0,                 0,      0.0281445811,     0.03352856178,      0.2362754631,                 0,       6.088904794
          0,           0,         499,      -11.32794699,      -12.16459926,      -11.84156921,      -10.77911819,             0.448,     0.03867490496,      0.2354878142,                 0,                 0,                 0,      0.0281445811,     0.03352856178,      0.2362754631,                 0,       6.088904794
          0,           0,         500,       -11.3419435,       -12.1761209,      -11.85835103,      -10.79311147,             0.448,     0.03867490496,      0.2354878142,                 0,                 0,                 0,     0.02814458111,     0.03352856179,      0.2362754631,                 0,       6.088904795
          0,           0,         501,      -11.35592705,      -12.18782637,      -11.87522153,      -10.80708145,             0.448,     0.03867490496,      0.2354878143,                 0,                 0,                 0,     0.02814458112,     0.03352856179,      0.2362754631,                 0,       6.088904795
          0,           0,         502,      -11.36991132,      -12.19978154,      -11.89211419,      -10.82104239,             0.448,     0.03867490496,      0.2354878143,                 0,                 0,                 0,     0.02814458112,     0.03352856179,      0.2362754632,                 0,       6.088904795
          0,           0,         503,      -11.38390974,      -12.21204729,      -11.90895931,      -10.83500849,             0.448,     0.03867490496,      0.2354878143,                 0,                 0,                 0,     0.02814458112,     0.03352856179,      0.2362754632,                 0,       6.088904795
          0,           0,         504,      -11.39793552,        -12.224676,      -11.92568591,      -10.84899408,             0.448,     0.03867490496,      0.2354878143,                 0,                 0,                 0,     0.02814458113,     0.03352856179,      0.2362754632,                 0,       6.088904795
          0,           0,         505,      -11.41200084,      -12.23770683,       -11.9422245,      -10.86301259,             0.448,     0.03867490496,      0.2354878143,                 0,                 0,                 0,     0.02814458113,     0.03352856179,      0.2362754632,                 0,       6.088904795
          0,           0,         506,      -11.42611673,      -12.25117137,      -11.95850874,      -10.87707634,             0.448,     0.03867490496,      0.2354878143,                 0,                 0,                 0,     0.02814458113,     0.03352856179,      0.2362754632,                 0,       6.088904795
          0,           0,         507,      -11.44029279,      -12.26509008,      -11.97447909,      -10.89119649,             0.448,     0.03867490496,      0.2354878143,                 0,                 0,                 0,     0.02814458113,     0.03352856179,      0.2362754632,                 0,       6.088904795
          0,           0,         508,      -11.45453696,      -12.27947486,       -11.9900845,      -10.90538246,             0.448,     0.03867490496,      0.2354878143,                 0,                 0,                 0,     0.02814458113,     0.03352856179,      0.2362754632,                 0,       6.088904795
          0,           0,         509,      -11.46885499,      -12.29432785,      -12.00528612,      -10.91964158,             0.448,     0.03867490496,      0.2354878143,                 0,                 0,                 0,     0.02814458112,     0.03352856179,      0.2362754632,                 0,       6.088904795
          0,           0,         510,      -11.48325076,       -12.3096402,       -12.0200579,      -10.93397926,             0.448,     0.03867490496,      0.2354878143,                 0,                 0,                 0,     0.02814458112,     0.03352856179,      0.2362754632,                 0,       6.088904795
          0,           0,         511,      -11.49772586,      -12.32538768,      -12.03438925,      -10.94839861,             0.448,     0.03867490496,      0.2354878143,                 0,                 0,                 0,     0.02814458112,     0.03352856179,      0.2362754632,                 0,       6.088904795
          0,           0,         512,      -11.51227982,      -12.34154266,      -12.04828468,      -10.96290056,             0.448,     0.03867490496,      0.2354878143,                 0,                 0,                 0,     0.02814458111,     0.03352856179,      0.2362754632,                 0,       6.088904795
          0,           0,         513,      -11.52690987,      -12.35806246,      -12.06176347,      -10.97748371,             0.448,     0.03867490496,      0.2354878143,                 0,                 0,                 0,     0.02814458111,     0.03352856179,      0.2362754631,                 0,       6.088904795
          0,           0,         514,      -11.54161132,      -12.37489732,      -12.07485964,      -10.99214451,             0.448,     0.03867490496,      0.2354878143,                 0,                 0,                 0,      0.0281445811,     0.03352856179,      0.2362754631,                 0,       6.088904794
          0,           0,         515,      -11.55637748,      -12.39198585,      -12.08761878,      -11.00687739,             0.448,     0.03867490496,      0.2354878142,                 0,                 0,                 0,      0.0281445811,     0.03352856179,      0.2362754631,                 0,       6.088904794
          0,           0,         516,       -11.5711999,      -12.40926002,      -12.10009646,       -11.0216748,             0.448,     0.03867490496,      0.2354878142,                 0,                 0,                 0,     0.02814458109,     0.03352856179,      0.2362754631,                 0,       6.088904794
          0,           0,         517,       -11.5860687,      -12.42664613,      -12.11235543,      -11.03652748,             0.448,     0.03867490496,      0.2354878142,                 0,                 0,                 0,     0.02814458109,     0.03352856179,      0.2362754631,                 0,       6.088904794
          0,           0,         518,      -11.60097255,      -12.44405889,      -12.12446306,      -11.05142469,             0.448,     0.03867490496,      0.2354878142,                 0,                 0,                 0,     0.02814458108,     0.03352856179,      0.2362754631,                 0,       6.088904793
          0,           0,         519,      -11.61589931,      -12.46141283,      -12.13648944,       -11.0663544,             0.448,     0.03867490496,      0.2354878142,                 0,                 0,                 0,     0.02814458107,     0.03352856179,      0.2362754631,                 0,       6.088904793
          0,           0,         520,      -11.63083624,      -12.47862805,      -12.14850367,      -11.08130383,             0.448,     0.03867490496,      0.2354878142,                 0,                 0,                 0,     0.02814458107,     0.03352856179,      0.2362754631,                 0,       6.088904793
          0,           0,         521,      -11.64577037,      -12.49561696,      -12.16057275,       -11.0962597,             0.448,     0.03867490496,      0.2354878142,                 0,                 0,                 0,     0.02814458106,     0.03352856179,       0.236275463,                 0,       6.088904793
          0,           0,         522,      -11.66068855,      -12.51229585,      -12.17276141,      -11.11120835,             0.448,     0.03867490496,      0.2354878141,                 0,                 0,                 0,     0.02814458106,     0.03352856179,       0.236275463,                 0,       6.088904792
          0,           0,         523,      -11.67557821,      -12.52860002,      -12.18512711,      -11.12613623,             0.448,     0.03867490496,      0.2354878141,                 0,                 0,                 0,     0.02814458105,     0.03352856179,       0.236275463,                 0,       6.088904792
          0,           0,         524,      -11.69042771,       -12.5444597,      -12.19772342,      -11.14103075,             0.448,     0.03867490496,      0.2354878141,                 0,                 0,                 0,     0.02814458104,     0.03352856179,       0.236275463,                 0,       6.088904792
          0,           0,         525,      -11.70522659,      -12.55982991,      -12.21059548,      -11.15587995,             0.448,     0.03867490496,      0.2354878141,                 0,                 0,                 0,     0.02814458104,     0.03352856179,       0.236275463,                 0,       6.088904791
          0,           0,         526,      -11.71996557,      -12.57467843,      -12.22378208,      -11.17067302,             0.448,     0.03867490496,      0.2354878141,                 0,                 0,                 0,     0.02814458103,     0.03352856179,       0.236275463,                 0,       6.088904791
          0,           0,         527,      -11.73463745,      -12.58898823,      -12.23731358,      -11.18540137,             0.448,     0.03867490496,      0.2354878141,                 0,                 0,                 0,     0.02814458103,     0.03352856178,       0.236275463,                 0,       6.088904791
          0,           0,         528,      -11.74923689,      -12.60277259,      -12.25121238,       -11.2000576,             0.448,     0.03867490496,      0.2354878141,                 0,                 0,                 0,     0.02814458102,     0.03352856178,      0.2362754629,                 0,       6.088904791
          0,           0,         529,      -11.76376106,      -12.61603924,      -12.26549232,      -11.21463719,             0.448,     0.03867490495,       0.235487814,                 0,                 0,                 0,     0.02814458102,     0.03352856178,      0.2362754629,                 0,        6.08890479
          0,           0,         530,      -11.77820895,      -12.62883434,        -12.280159,       -11.2291376,             0.448,     0.03867490495,       0.235487814,                 0,                 0,                 0,     0.02814458101,     0.03352856178,      0.2362754629,                 0,        6.08890479
          0,           0,         531,      -11.79258169,       -12.6412197,      -12.29520801,      -11.24355821,             0.448,     0.03867490495,       0.235487814,                 0,                 0,                 0,     0.02814458101,     0.03352856178,      0.2362754629,                 0,        6.08890479
          0,           0,         532,       -11.8068836,      -12.65325762,      -12.31062723,      -11.25790174,             0.448,     0.03867490495,       0.235487814,                 0,                 0,                 0,     0.02814458101,     0.03352856178,      0.2362754629,                 0,        6.08890479
          0,           0,         533,      -11.82112003,      -12.66502098,      -12.32639537,      -11.27217249,             0.448,     0.03867490495,       0.235487814,                 0,                 0,                 0,       0.028144581,     0.03352856178,      0.2362754629,                 0,        6.08890479
          0,           0,         534,      -11.83529896,      -12.67661111,      -12.34248195,      -11.28637735,             0.448,     0.03867490495,       0.235487814,                 0,                 0,                 0,       0.028144581,     0.03352856178,      0.2362754629,                 0,       6.088904789
          0,           0,         535,      -11.84942997,       -12.6880983,      -12.35885014,      -11.30052509,             0.448,     0.03867490495,       0.235487814,                 0,                 0,                 0,       0.028144581,     0.03352856178,      0.2362754629,                 0,       6.088904789
          0,           0,         536,       -11.8635237,      -12.69956894,      -12.37545206,      -11.31462596,             0.448,     0.03867490495,       0.235487814,                 0,                 0,                 0,     0.02814458099,     0.03352856178,      0.2362754629,                 0,       6.088904789
          0,           0,         537,      -11.87759227,      -12.71110983,       -12.3922355,      -11.32869211,             0.448,     0.03867490495,       0.235487814,                 0,                 0,                 0,     0.02814458099,     0.03352856178,      0.2362754629,                 0,       6.088904789
          0,           0,         538,      -11.89164855,      -12.72280459,       -12.4091403,       -11.3427364,             0.448,     0.03867490495,       0.235487814,                 0,                 0,                 0,     0.02814458099,     0.03352856178,      0.2362754629,                 0,       6.088904789
          0,           0,         539,      -11.90570542,      -12.73471337,       -12.4261009,       -11.3567722,             0.448,     0.03867490495,       0.235487814,                 0,                 0,                 0,     0.02814458099,     0.03352856178,      0.2362754629,                 0,       6.088904789
          0,           0,         540,        -11.919776,      -12.74690985,      -12.44304831,      -11.37081354,             0.448,     0.03867490495,       0.235487814,                 0,                 0,                 0,     0.02814458099,     0.03352856178,      0.2362754628,                 0,       6.088904789
          0,           0,         541,      -11.93387265,      -12.75943887,      -12.45991163,      -11.38487354,             0.448,     0.03867490495,       0.235487814,                 0,                 0,                 0,     0.02814458099,     0.03352856178,      0.2362754628,                 0,       6.088904789
          0,           0,         542,      -11.94800752,      -12.77235002,      -12.47661922,      -11.39896563,             0.448,     0.03867490495,       0.235487814,                 0,                 0,                 0,     0.02814458099,     0.03352856178,      0.2362754628,                 0,       6.088904789
          0,           0,         543,      -11.96219126,       -12.7856813,      -12.49310123,      -11.41310159,             0.448,     0.03867490495,       0.235487814,                 0,                 0,                 0,     0.02814458099,     0.03352856178,      0.2362754628,                 0,       6.088904789
          0,           0,         544,      -11.97643292,       -12.7994588,      -12.50929354,      -11.42729192,             0.448,     0.03867490495,       0.235487814,                 0,                 0,                 0,     0.02814458099,     0.03352856178,      0.2362754628,                 0,       6.088904789
          0,           0,         545,      -11.99074017,      -12.81369626,      -12.52514152,      -11.44154544,             0.448,     0.03867490495,       0.235487814,                 0,                 0,                 0,     0.02814458099,     0.03352856178,      0.2362754628,                 0,       6.088904789
          0,           0,         546,      -12.00511906,      -12.82840694,      -12.54059854,      -11.45587012,             0.448,     0.03867490495,       0.235487814,                 0,                 0,                 0,     0.02814458099,     0.03352856178,      0.2362754628,                 0,       6.088904789
          0,           0,         547,      -12.01957305,      -12.84357945,       -12.5556319,      -11.47027027,             0.448,     0.03867490495,       0.235487814,                 0,                 0,                 0,     0.02814458099,     0.03352856178,      0.2362754628,                 0,       6.088904789
          0,           0,         548,      -12.03410425,      -12.85920251,      -12.57022359,      -11.48474951,             0.448,     0.03867490495,       0.235487814,                 0,                 0,                 0,     0.02814458099,     0.03352856178,      0.2362754628,                 0,       6.088904789
          0,           0,         549,      -12.04871169,      -12.87525129,      -12.58437141,      -11.49930834,             0.448,     0.03867490495,       0.235487814,                 0,                 0,                 0,     0.02814458099,     0.03352856178,      0.2362754628,                 0,       6.088904789
          0,           0,         550,      -12.06339347,      -12.89168485,      -12.59808758,      -11.51394617,             0.448,     0.03867490495,       0.235487814,                 0,                 0,                 0,     0.02814458099,     0.03352856178,      0.2362754628,                 0,       6.088904789
          0,           0,         551,      -12.07814469,      -12.90846223,      -12.61140179,      -11.52865907,             0.448,     0.03867490495,       0.235487814,                 0,                 0,                 0,     0.02814458099,     0.03352856178,      0.2362754629,                 0,       6.088904789
          0,           0,         552,      -12.09295966,      -12.92553137,      -12.62435236,      -11.54344208,             0.448,     0.03867490495,       0.235487814,                 0,                 0,                 0,     0.02814458099,     0.03352856178,      0.2362754629,                 0,       6.088904789
          0,           0,         553,      -12.10782958,      -12.94282845,      -12.63699371,      -11.55828782,             0.448,     0.03867490495,       0.235487814,                 0,                 0,                 0,       0.028144581,     0.03352856178,      0.2362754629,                 0,       6.088904789
          0,           0,         554,      -12.12274574,      -12.96027164,       -12.6493866,      -11.57318772,             0.448,     0.03867490495,       0.235487814,                 0,                 0,                 0,       0.028144581,     0.03352856178,      0.2362754629,                 0,       6.088904789
          0,           0,         555,      -12.13769696,      -12.97778724,      -12.66159445,      -11.58813117,             0.448,     0.03867490495,       0.235487814,                 0,                 0,                 0,       0.028144581,     0.03352856178,      0.2362754629,                 0,       6.088904789
          0,           0,         556,      -12.15267216,      -12.99529217,      -12.67369116,      -11.60310784,             0.448,     0.03867490495,       0.235487814,                 0,                 0,                 0,       0.028144581,     0.03352856178,      0.2362754629,                 0,       6.088904789
          0,           0,         557,      -12.16765866,      -13.01271103,      -12.68574576,      -11.61810437,             0.448,     0.03867490495,       0.235487814,                 0,                 0,                 0,       0.028144581,     0.03352856178,      0.2362754629,                 0,       6.088904789
          0,           0,         558,      -12.18264361,      -13.02995118,      -12.69782681,      -11.63310822,             0.448,     0.03867490495,       0.235487814,                 0,                 0,                 0,       0.028144581,     0.03352856178,      0.2362754629,                 0,        6.08890479
          0,           0,         559,      -12.19761509,      -13.04692093,      -12.71000139,      -11.64810677,             0.448,     0.03867490495,       0.235487814,                 0,                 0,                 0,     0.02814458101,     0.03352856178,      0.2362754629,                 0,        6.08890479
          0,           0,         560,      -12.21256053,      -13.06354624,      -12.72233217,      -11.66308672,             0.448,     0.03867490495,       0.235487814,                 0,                 0,                 0,     0.02814458101,     0.03352856178,      0.2362754629,                 0,        6.08890479
          0,           0,         561,      -12.22746921,      -13.07976443,      -12.73487387,      -11.67803647,             0.448,     0.03867490495,       0.235487814,                 0,                 0,                 0,     0.02814458101,     0.03352856178,      0.2362754629,                 0,        6.08890479
          0,           0,         562,      -12.24232969,      -13.09551508,      -12.74767645,      -11.69294323,             0.448,     0.03867490495,       0.235487814,                 0,                 0,                 0,     0.02814458101,     0.03352856178,      0.2362754629,                 0,        6.08890479
          0,           0,         563,      -12.25713346,      -13.11076442,      -12.76078103,      -11.70779736,             0.448,     0.03867490495,       0.235487814,                 0,                 0,                 0,     0.02814458101,     0.03352856178,      0.2362754629,                 0,        6.08890479
          0,           0,         564,      -12.27187345,      -13.12547686,      -12.77422398,      -11.72258999,             0.448,     0.03867490495,       0.235487814,                 0,                 0,                 0,     0.02814458101,     0.03352856178,      0.2362754629,                 0,        6.08890479
          0,           0,         565,       -12.2865446,      -13.13963894,       -12.7880304,      -11.73731499,             0.448,     0.03867490495,       0.235487814,                 0,                 0,                 0,     0.02814458102,     0.03352856178,      0.2362754629,                 0,        6.08890479
          0,           0,         566,      -12.30114225,      -13.15327248,      -12.80221936,      -11.75196566,             0.448,     0.03867490495,       0.235487814,                 0,                 0,                 0,     0.02814458102,     0.03352856178,      0.2362754629,                 0,        6.08890479
          0,           0,         567,      -12.31566621,      -13.16640833,      -12.81679743,      -11.76654038,             0.448,     0.03867490495,       0.235487814,                 0,                 0,                 0,     0.02814458102,     0.03352856178,      0.2362754629,                 0,        6.08890479
          0,           0,         568,      -12.33011705,      -13.17910014,      -12.83176604,      -11.78103819,             0.448,     0.03867490495,       0.235487814,                 0,                 0,                 0,     0.02814458102,     0.03352856178,      0.2362754629,                 0,        6.08890479
          0,           0,         569,      -12.34449812,      -13.19142026,      -12.84711451,      -11.79546076,             0.448,     0.03867490495,       0.235487814,                 0,                 0,                 0,     0.02814458102,     0.03352856178,      0.2362754629,                 0,        6.08890479
          0,           0,         570,      -12.35881431,      -13.20340055,      -12.86282765,      -11.80981181,             0.448,     0.03867490495,       0.235487814,                 0,                 0,                 0,     0.02814458102,     0.03352856178,      0.2362754629,                 0,        6.08890479
          0,           0,         571,      -12.37307243,      -13.21514681,      -12.87887638,      -11.82409713,             0.448,     0.03867490495,       0.235487814,                 0,                 0,                 0,     0.02814458102,     0.03352856178,      0.2362754629,                 0,        6.08890479
          0,           0,         572,      -12.38728223,      -13.22675365,      -12.89522629,       -11.8383265,             0.448,     0.03867490495,       0.235487814,                 0,                 0,                 0,     0.02814458102,     0.03352856178,      0.2362754629,                 0,        6.08890479
          0,           0,         573,      -12.40145269,      -13.23829751,      -12.91183241,        -11.852507,             0.448,     0.03867490495,       0.235487814,                 0,                 0,                 0,     0.02814458102,     0.03352856178,      0.2362754629,                 0,       6.088904791
          0,           0,         574,      -12.41559537,      -13.24987758,      -12.92864391,       -11.8666511,             0.448,     0.03867490495,       0.235487814,                 0,                 0,                 0,     0.02814458102,     0.03352856178,      0.2362754629,                 0,       6.088904791
          0,           0,         575,      -12.42972211,      -13.26156559,      -12.94560206,      -11.88077029,             0.448,     0.03867490495,       0.235487814,                 0,                 0,                 0,     0.02814458103,     0.03352856178,      0.2362754629,                 0,       6.088904791
          0,           0,         576,      -12.44384639,      -13.27343767,      -12.96264203,       -11.8948778,             0.448,     0.03867490495,       0.235487814,                 0,                 0,                 0,     0.02814458103,     0.03352856178,      0.2362754629,                 0,       6.088904791
          0,           0,         577,      -12.45798003,      -13.28555302,      -12.97969469,      -11.90898714,             0.448,     0.03867490495,       0.235487814,                 0,                 0,                 0,     0.02814458103,     0.03352856178,      0.2362754629,                 0,       6.088904791
          0,           0,         578,       -12.4721345,      -13.29796424,      -12.99668881,      -11.92311028,             0.448,     0.03867490495,      0.2354878141,                 0,                 0,                 0,     0.02814458103,     0.03352856178,      0.2362754629,                 0,       6.088904791
          0,           0,         579,      -12.48632214,       -13.3107543,       -13.0135496,      -11.93725997,             0.448,     0.03867490495,      0.2354878141,                 0,                 0,                 0,     0.02814458103,     0.03352856178,      0.2362754629,                 0,       6.088904791
          0,           0,         580,      -12.50055389,       -13.3239527,       -13.0302068,      -11.95144866,             0.448,     0.03867490495,      0.2354878141,                 0,                 0,                 0,     0.02814458103,     0.03352856178,      0.2362754629,                 0,       6.088904791
          0,           0,         581,      -12.51483789,      -13.33757421,      -13.04659139,       -11.9656865,             0.448,     0.03867490495,      0.2354878141,                 0,                 0,                 0,     0.02814458103,     0.03352856178,      0.2362754629,                 0,       6.088904791
          0,           0,         582,      -12.52918254,      -13.35166841,      -13.06264308,      -11.97998138,             0.448,     0.03867490495,      0.2354878141,                 0,                 0,                 0,     0.02814458103,     0.03352856178,      0.2362754629,                 0,       6.088904791
          0,           0,         583,      -12.54359485,      -13.36623547,      -13.07831189,      -11.99434275,             0.448,     0.03867490495,      0.2354878141,                 0,                 0,                 0,     0.02814458103,     0.03352856178,      0.2362754629,                 0,       6.088904791
          0,           0,         584,      -12.55807634,      -13.38126111,       -13.0935563,      -12.00877311,             0.448,     0.03867490495,      0.2354878141,                 0,                 0,                 0,     0.02814458103,     0.03352856178,      0.2362754629,                 0,       6.088904791
          0,           0,         585,      -12.57263168,      -13.39675309,      -13.10835836,      -12.02327905,             0.448,     0.03867490495,      0.2354878141,                 0,                 0,                 0,     0.02814458103,     0.03352856178,      0.2362754629,                 0,       6.088904791
          0,           0,         586,      -12.58725958,      -13.41265774,       -13.1227045,      -12.03785971,             0.448,     0.03867490495,      0.2354878141,                 0,                 0,                 0,     0.02814458103,     0.03352856178,      0.2362754629,                 0,       6.088904791
          0,           0,         587,      -12.60195934,      -13.42898402,      -13.13660742,      -12.05251594,             0.448,     0.03867490495,       0.235487814,                 0,                 0,                 0,     0.02814458103,     0.03352856178,      0.2362754629,                 0,       6.088904791
          0,           0,         588,       -12.6167259,      -13.44568025,      -13.15008604,      -12.06724384,             0.448,     0.03867490495,       0.235487814,                 0,                 0,                 0,     0.02814458102,     0.03352856178,      0.2362754629,                 0,       6.088904791
          0,           0,         589,      -12.63155483,       -13.4626866,       -13.1631768,      -12.08204002,             0.448,     0.03867490495,       0.235487814,                 0,                 0,                 0,     0.02814458102,     0.03352856178,      0.2362754629,                 0,       6.088904791
          0,           0,         590,      -12.64643777,      -13.47993808,      -13.17593776,      -12.09689657,             0.448,     0.03867490495,       0.235487814,                 0,                 0,                 0,     0.02814458102,     0.03352856178,      0.2362754629,                 0,       6.088904791
          0,           0,         591,       -12.6613683,      -13.49740175,      -13.18841957,      -12.11180803,             0.448,     0.03867490495,       0.235487814,                 0,                 0,                 0,     0.02814458102,     0.03352856178,      0.2362754629,                 0,       6.088904791
          0,           0,         592,       -12.6763334,      -13.51494099,      -13.20068976,      -12.12676235,             0.448,     0.03867490495,       0.235487814,                 0,                 0,                 0,     0.02814458102,     0.03352856178,      0.2362754629,                 0,        6.08890479
          0,           0,         593,      -12.69132454,      -13.53250238,      -13.21282357,      -12.14175042,             0.448,     0.03867490495,       0.235487814,                 0,                 0,                 0,     0.02814458102,     0.03352856178,      0.2362754629,                 0,        6.08890479
          0,           0,         594,       -12.7063296,      -13.55000399,      -13.22488765,      -12.15676192,             0.448,     0.03867490495,       0.235487814,                 0,                 0,                 0,     0.02814458102,     0.03352856178,      0.2362754629,                 0,        6.08890479
          0,           0,         595,      -12.72133537,      -13.56738769,       -13.2369573,      -12.17178126,             0.448,     0.03867490495,       0.235487814,                 0,                 0,                 0,     0.02814458102,     0.03352856178,      0.2362754629,                 0,        6.08890479
          0,           0,         596,      -12.73633127,      -13.58450972,      -13.24909799,       -12.1867994,             0.448,     0.03867490495,       0.235487814,                 0,                 0,                 0,     0.02814458102,     0.03352856178,      0.2362754629,                 0,        6.08890479
          0,           0,         597,      -12.75130499,      -13.60132832,      -13.26137821,      -12.20180264,             0.448,     0.03867490495,       0.235487814,                 0,                 0,                 0,     0.02814458102,     0.03352856178,      0.2362754629,                 0,        6.08890479
          0,           0,         598,      -12.76624515,      -13.61773065,       -13.2738506,      -12.21677945,             0.448,     0.03867490495,       0.235487814,                 0,                 0,                 0,     0.02814458102,     0.03352856178,      0.2362754629,                 0,        6.08890479
          0,           0,         599,      -12.78114171,      -13.63367008,      -13.28657848,       -12.2317186,             0.448,     0.03867490495,       0.235487814,                 0,                 0,                 0,     0.02814458102,     0.03352856178,      0.2362754629,                 0,        6.08890479
          0,           0,         600,      -12.79598581,      -13.64912378,      -13.29959728,       -12.2466086,             0.448,     0.03867490495,       0.235487814,                 0,                 0,                 0,     0.02814458102,     0.03352856178,      0.2362754629,                 0,        6.08890479
          0,           0,         601,      -12.81077061,      -13.66405979,      -13.31294927,      -12.26144326,             0.448,     0.03867490495,       0.235487814,                 0,                 0,                 0,     0.02814458102,     0.03352856178,      0.2362754629,                 0,        6.08890479
          0,           0,         602,      -12.82548685,      -13.67846067,      -13.32665623,      -12.27621034,             0.448,     0.03867490495,       0.235487814,                 0,                 0,                 0,     0.02814458102,     0.03352856178,      0.2362754629,                 0,        6.08890479
          0,           0,         603,      -12.84013498,      -13.69226852,      -13.34075244,      -12.29090938,             0.448,     0.03867490495,       0.235487814,                 0,                 0,                 0,     0.02814458102,     0.03352856178,      0.2362754629,                 0,        6.08890479
          0,           0,         604,      -12.85471159,      -13.70556173,      -13.35523995,      -12.30553603,             0.448,     0.03867490495,       0.235487814,                 0,                 0,                 0,     0.02814458102,     0.03352856178,      0.2362754629,                 0,        6.08890479
          0,           0,         605,      -12.86921518,      -13.71839628,       -13.3701259,      -12.32008737,             0.448,     0.03867490495,       0.235487814,                 0,                 0,                 0,     0.02814458102,     0.03352856178,      0.2362754629,                 0,        6.08890479
          0,           0,         606,      -12.88364989,      -13.73082749,      -13.38539848,      -12.33456378,             0.448,     0.03867490495,       0.235487814,                 0,                 0,                 0,     0.02814458102,     0.03352856178,      0.2362754629,                 0,        6.08890479
          0,           0,         607,      -12.89802079,      -13.74289917,      -13.40104734,      -12.34897152,             0.448,     0.03867490495,       0.235487814,                 0,                 0,                 0,     0.02814458102,     0.03352856178,      0.2362754629,                 0,        6.08890479
          0,           0,         608,      -12.91233037,      -13.75467934,      -13.41704967,      -12.36331225,             0.448,     0.03867490495,       0.235487814,                 0,                 0,                 0,     0.02814458102,     0.03352856178,      0.2362754629,                 0,        6.08890479
          0,           0,         609,      -12.92659134,      -13.76620933,      -13.43336778,      -12.37759649,             0.448,     0.03867490495,       0.235487814,                 0,                 0,                 0,     0.02814458102,     0.03352856178,      0.2362754629,                 0,        6.08890479
          0,           0,         610,      -12.94080934,       -13.7777951,      -13.44996473,       -12.3918286,             0.448,     0.03867490495,       0.235487814,                 0,                 0,                 0,     0.02814458102,     0.03352856178,      0.2362754629,                 0,        6.08890479
          0,           0,         611,      -12.95499708,      -13.78938065,      -13.46677984,      -12.40602201,             0.448,     0.03867490495,       0.235487814,                 0,                 0,                 0,     0.02814458102,     0.03352856178,      0.2362754629,                 0,        6.08890479
          0,           0,         612,      -12.96916469,      -13.80097059,      -13.48376558,      -12.42018734,             0.448,     0.03867490495,       0.235487814,                 0,                 0,                 0,     0.02814458102,     0.03352856178,      0.2362754629,                 0,        6.08890479
          0,           0,         613,      -12.98332368,      -13.81275813,      -13.50085383,      -12.43433388,             0.448,     0.03867490495,       0.235487814,                 0,                 0,                 0,     0.02814458102,     0.03352856178,      0.2362754629,                 0,        6.08890479
          0,           0,         614,      -12.99748924,      -13.82477216,      -13.51798511,      -12.44848113,             0.448,     0.03867490495,       0.235487814,                 0,                 0,                 0,     0.02814458101,     0.03352856178,      0.2362754629,                 0,        6.08890479
          0,           0,         615,      -13.01167031,      -13.83702031,      -13.53507685,      -12.46263563,             0.448,     0.03867490495,       0.235487814,                 0,                 0,                 0,     0.02814458101,     0.03352856178,      0.2362754629,                 0,        6.08890479
