NDIME= 2
NELEM= 10216
5	417	69	311	0
5	302	55	56	1
5	405	159	384	2
5	594	427	450	3
5	315	71	72	4
5	319	4	262	5
5	270	39	40	6
5	327	65	66	7
5	451	259	325	8
5	441	40	41	9
5	358	147	148	10
5	287	12	13	11
5	252	144	145	12
5	254	56	57	13
5	348	96	269	14
5	262	4	5	15
5	647	465	525	16
5	453	308	449	17
5	309	282	15	18
5	560	265	470	19
5	369	185	186	20
5	420	271	27	21
5	432	137	376	22
5	643	471	270	23
5	429	121	354	24
5	282	14	15	25
5	568	446	456	26
5	292	257	31	27
5	617	385	457	28
5	831	694	478	29
5	274	24	25	30
5	470	346	454	31
5	311	69	70	32
5	291	20	278	33
5	286	24	274	34
5	257	30	31	35
5	255	0	1	36
5	996	809	797	37
5	342	79	312	38
5	280	18	19	39
5	543	319	518	40
5	316	42	294	41
5	507	356	439	42
5	543	293	319	43
5	546	298	299	44
5	324	288	9	45
5	749	548	648	46
5	270	251	39	47
5	542	459	257	48
5	258	36	37	49
5	322	18	280	50
5	315	72	290	51
5	555	313	342	52
5	288	8	9	53
5	645	348	465	54
5	323	14	282	55
5	308	62	63	56
5	300	75	76	57
5	335	84	303	58
5	421	60	305	59
5	334	38	251	60
5	749	549	548	61
5	285	53	54	62
5	302	56	254	63
5	751	644	725	64
5	250	82	83	65
5	294	42	43	66
5	301	87	88	67
5	279	80	81	68
5	305	60	61	69
5	531	475	278	70
5	554	448	540	71
5	271	26	27	72
5	284	89	90	73
5	416	111	112	74
5	329	260	33	75
5	475	291	278	76
5	340	0	255	77
5	277	106	107	78
5	420	28	272	79
5	295	52	53	80
5	316	41	42	81
5	333	294	43	82
5	825	476	650	83
5	331	300	76	84
5	762	555	664	85
5	295	53	285	86
5	290	72	73	87
5	337	90	91	88
5	312	79	80	89
5	511	320	336	90
5	1041	890	895	91
5	555	342	464	92
5	946	762	848	93
5	564	314	556	94
5	345	52	295	95
5	335	250	83	96
5	449	63	64	97
5	338	254	57	98
5	842	642	557	99
5	338	57	58	100
5	517	256	293	101
5	259	101	102	102
5	512	281	350	103
5	348	95	96	104
5	441	270	40	105
5	361	177	178	106
5	266	99	100	107
5	510	451	325	108
5	580	353	413	109
5	372	115	116	110
5	367	117	118	111
5	357	151	349	112
5	412	375	127	113
5	639	273	436	114
5	381	157	158	115
5	492	368	430	116
5	377	147	358	117
5	400	173	390	118
5	437	365	182	119
5	406	161	253	120
5	403	253	162	121
5	395	181	365	122
5	397	175	393	123
5	408	157	381	124
5	619	408	381	125
5	401	386	166	126
5	399	388	170	127
5	834	690	450	128
5	585	377	358	129
5	387	163	164	130
5	404	165	386	131
5	353	112	113	132
5	424	321	109	133
5	363	252	145	134
5	363	145	146	135
5	481	429	354	136
5	607	393	484	137
5	1544	685	720	138
5	653	485	490	139
5	275	132	133	140
5	409	382	129	141
5	373	135	136	142
5	614	482	253	143
5	355	143	144	144
5	409	130	383	145
5	380	354	122	146
5	486	435	273	147
5	436	273	140	148
5	411	126	375	149
5	360	186	187	150
5	593	394	488	151
5	850	681	706	152
5	393	175	176	153
5	806	611	604	154
5	398	177	361	155
5	784	587	502	156
5	403	162	163	157
5	402	169	388	158
5	253	161	162	159
5	396	188	359	160
5	388	169	170	161
5	1083	868	726	162
5	390	173	174	163
5	484	393	398	164
5	356	195	196	165
5	380	122	123	166
5	432	373	136	167
5	375	126	127	168
5	412	128	382	169
5	357	150	151	170
5	355	144	252	171
5	364	141	142	172
5	624	483	375	173
5	435	139	273	174
5	482	479	406	175
5	424	110	351	176
5	623	412	382	177
5	595	501	352	178
5	325	259	102	179
5	328	46	296	180
5	269	96	97	181
5	1361	1264	1068	182
5	530	286	462	183
5	550	306	421	184
5	251	38	39	185
5	423	103	104	186
5	350	99	266	187
5	693	451	510	188
5	483	411	375	189
5	352	114	115	190
5	633	478	424	191
5	444	150	357	192
5	427	117	367	193
5	588	395	365	194
5	385	154	261	195
5	655	491	587	196
5	369	186	360	197
5	581	431	485	198
5	386	165	166	199
5	5232	5214	5229	200
5	508	503	443	201
5	5232	5226	5214	202
5	1099	878	1090	203
5	5231	207	5222	204
5	5231	206	207	205
5	5230	5210	5219	206
5	5230	5213	5210	207
5	5229	5199	5213	208
5	5229	5214	5199	209
5	5228	204	205	210
5	5228	5217	204	211
5	5225	5219	5200	212
5	5225	249	5219	213
5	5232	5229	202	214
5	5232	202	203	215
5	5227	247	248	216
5	5227	5196	5212	217
5	5224	5195	5209	218
5	5224	5202	5195	219
5	5223	225	226	220
5	5223	5220	225	221
5	5224	5228	205	222
5	5231	205	206	223
5	5221	5173	5203	224
5	5221	5201	5173	225
5	5220	5211	225	226
5	5220	5181	5211	227
5	5230	200	201	228
5	5230	5229	5213	229
5	5219	5210	5191	230
5	5225	5218	248	231
5	5231	5202	5224	232
5	5231	5222	5202	233
5	5216	227	228	234
5	5216	5208	227	235
5	5215	207	208	236
5	5222	5206	5189	237
5	5232	203	5226	238
5	5230	201	5229	239
5	5214	5205	5174	240
5	5229	201	202	241
5	5212	246	247	242
5	5221	246	5212	243
5	5211	5180	224	244
5	5211	5181	5180	245
5	5210	5152	5191	246
5	5210	5190	5152	247
5	5231	5224	205	248
5	5228	5224	5209	249
5	5223	5208	5185	250
5	5223	226	227	251
5	5207	5180	5166	252
5	5207	223	5180	253
5	5222	5189	5202	254
5	5222	5215	5206	255
5	5226	5205	5214	256
5	5217	5188	5205	257
5	5197	229	230	258
5	5197	5179	229	259
5	5203	5163	5193	260
5	5203	5173	5163	261
5	5215	208	209	262
5	5222	207	5215	263
5	5221	5212	5201	264
5	5221	245	246	265
5	5230	5219	200	266
5	5219	249	200	267
5	5205	5154	5174	268
5	5226	5217	5205	269
5	5198	221	222	270
5	5198	5186	221	271
5	5197	5121	5179	272
5	5197	5088	5121	273
5	5212	5196	5170	274
5	5201	5170	5145	275
5	5195	5140	5169	276
5	5195	5157	5140	277
5	5192	241	5168	278
5	5192	240	241	279
5	5193	5160	243	280
5	5193	5163	5160	281
5	5223	5185	5220	282
5	5211	224	225	283
5	5213	5199	5190	284
5	5225	248	249	285
5	5184	5150	218	286
5	5184	5127	5150	287
5	5183	212	5155	288
5	5183	211	212	289
5	5228	5209	5217	290
5	5209	5169	5188	291
5	5187	241	242	292
5	5187	5160	5139	293
5	5186	220	221	294
5	5186	5151	220	295
5	5220	5185	5161	296
5	5220	5161	5181	297
5	5184	219	5151	298
5	5184	5151	5127	299
5	5183	5155	5125	300
5	5149	210	211	301
5	5190	5113	5152	302
5	5182	5112	5162	303
5	5223	227	5208	304
5	5181	5167	5147	305
5	5180	223	224	306
5	5207	5166	5194	307
5	5216	5179	5177	308
5	5179	5158	5177	309
5	5178	5156	5135	310
5	5178	215	5156	311
5	5177	5158	5130	312
5	5179	228	229	313
5	5191	5129	5143	314
5	5227	5212	247	315
5	5204	5142	5175	316
5	5204	214	5178	317
5	5174	5118	5146	318
5	5174	5154	5118	319
5	5171	5144	238	320
5	5171	5116	5144	321
5	5171	5148	5116	322
5	5172	216	217	323
5	5171	238	239	324
5	5172	217	5150	325
5	5176	5133	5153	326
5	5218	5176	5196	327
5	5202	5189	5157	328
5	5226	204	5217	329
5	5194	5166	5131	330
5	5192	5138	5148	331
5	5167	5134	5122	332
5	5167	5161	5134	333
5	5166	5096	5131	334
5	5166	5147	5096	335
5	5165	5091	5123	336
5	5165	5130	5091	337
5	5198	5194	5164	338
5	5207	222	223	339
5	5201	5145	5173	340
5	5203	5193	244	341
5	5162	5108	5128	342
5	5162	5112	5108	343
5	5181	5147	5180	344
5	5208	5165	5185	345
5	5208	5177	5165	346
5	5216	5177	5208	347
5	5159	5087	5111	348
5	5159	5115	5087	349
5	5158	5105	5130	350
5	5192	5168	5138	351
5	5189	5114	5157	352
5	5206	5128	5189	353
5	5192	5148	240	354
5	5148	239	240	355
5	5155	5090	5125	356
5	5155	5132	5090	357
5	5154	5101	5118	358
5	5154	5119	5101	359
5	5153	5082	5124	360
5	5153	5133	5082	361
5	5191	5152	5129	362
5	5227	248	5218	363
5	5164	5107	5137	364
5	5151	219	220	365
5	5184	218	219	366
5	5150	217	218	367
5	5217	5209	5188	368
5	5182	5162	209	369
5	5178	214	215	370
5	5148	5138	5086	371
5	5207	5194	222	372
5	5147	5122	5096	373
5	5199	5174	5146	374
5	5219	5191	5200	375
5	5145	5098	5126	376
5	5145	5124	5098	377
5	5144	237	238	378
5	5144	5115	237	379
5	5152	5076	5129	380
5	5200	5191	5143	381
5	5175	5155	212	382
5	5183	5149	211	383
5	5141	5094	5061	384
5	5141	5121	5094	385
5	5215	5162	5206	386
5	5214	5174	5199	387
5	5139	5102	5100	388
5	5139	5120	5102	389
5	5187	242	243	390
5	5194	5131	5164	391
5	5198	5164	5186	392
5	5186	5164	5137	393
5	5197	5136	5088	394
5	5197	230	5136	395
5	5135	5047	5093	396
5	5135	5092	5047	397
5	5167	5122	5147	398
5	438	198	199	399
5	5161	5106	5134	400
5	1036	844	843	401
5	307	86	87	402
5	661	506	199	403
5	5189	5128	5114	404
5	508	443	356	405
5	5112	5074	5108	406
5	685	657	503	407
5	5156	5092	5135	408
5	508	356	507	409
5	5204	5178	5142	410
5	659	438	506	411
5	5161	5123	5106	412
5	439	356	196	413
5	5187	5139	5168	414
5	443	195	356	415
5	5177	5130	5165	416
5	485	431	433	417
5	5185	5123	5161	418
5	660	517	543	419
5	5129	5071	5081	420
5	385	153	154	421
5	5129	5076	5071	422
5	661	199	515	423
5	5190	5146	5113	424
5	5188	5169	5119	425
5	5186	5137	5151	426
5	354	121	122	427
5	5182	210	5149	428
5	416	351	111	429
5	5170	5124	5145	430
5	1230	1086	1051	431
5	5203	244	245	432
5	410	132	275	433
5	5183	5125	5149	434
5	415	108	321	435
5	5182	5149	5112	436
5	347	101	259	437
5	5124	5045	5098	438
5	318	89	284	439
5	5124	5082	5045	440
5	425	106	277	441
5	5187	5168	241	442
5	578	347	452	443
5	5180	5147	5166	444
5	325	102	103	445
5	5134	5097	5109	446
5	473	464	312	447
5	5134	5109	5122	448
5	769	737	516	449
5	5179	5121	5158	450
5	5158	5121	5141	451
5	5160	5120	5139	452
5	347	100	101	453
5	5168	5100	5138	454
5	445	95	348	455
5	5140	5103	5056	456
5	671	579	645	457
5	5205	5188	5154	458
5	303	84	85	459
5	5146	5118	5089	460
5	445	336	94	461
5	5146	5089	5113	462
5	721	509	477	463
5	5117	5077	5046	464
5	320	92	93	465
5	5117	234	5077	466
5	335	83	84	467
5	5116	5086	5064	468
5	447	82	250	469
5	5138	5100	5070	470
5	764	754	540	471
5	5159	236	237	472
5	339	71	315	473
5	5159	237	5115	474
5	306	58	59	475
5	5169	5140	5085	476
5	5140	5056	5085	477
5	5113	5052	5076	478
5	292	31	32	479
5	5113	5089	5052	480
5	419	12	287	481
5	5159	5111	236	482
5	288	268	8	483
5	5111	235	236	484
5	293	2	3	485
5	5128	5084	5114	486
5	293	256	2	487
5	5111	5087	5057	488
5	1394	1257	1239	489
5	5110	5048	5092	490
5	340	199	0	491
5	5110	5079	5048	492
5	1218	517	853	493
5	5109	5049	5038	494
5	729	460	521	495
5	5109	5097	5049	496
5	746	543	518	497
5	5149	5099	5112	498
5	5209	5195	5169	499
5	5107	5020	5063	500
5	5107	5068	5020	501
5	312	80	279	502
5	762	562	555	503
5	460	263	267	504
5	670	470	454	505
5	273	139	140	506
5	641	588	365	507
5	384	159	160	508
5	261	154	155	509
5	304	55	302	510
5	573	332	466	511
5	742	537	741	512
5	1505	888	1371	513
5	256	255	1	514
5	256	1	2	515
5	330	30	257	516
5	472	345	295	517
5	346	36	258	518
5	260	32	33	519
5	511	456	320	520
5	452	259	451	521
5	329	34	265	522
5	292	32	260	523
5	813	617	667	524
5	349	151	152	525
5	521	460	267	526
5	726	515	340	527
5	263	262	5	528
5	263	5	6	529
5	264	261	155	530
5	264	155	156	531
5	329	33	34	532
5	265	34	35	533
5	510	325	423	534
5	514	284	467	535
5	267	263	6	536
5	267	6	7	537
5	268	267	7	538
5	268	7	8	539
5	452	347	259	540
5	509	418	425	541
5	476	330	459	542
5	422	296	47	543
5	326	26	271	544
5	317	22	276	545
5	420	27	28	546
5	272	28	29	547
5	480	400	390	548
5	374	275	133	549
5	570	474	254	550
5	276	22	23	551
5	590	519	252	552
5	374	133	134	553
5	575	343	308	554
5	278	20	21	555
5	415	107	108	556
5	625	321	478	557
5	565	557	294	558
5	557	316	294	559
5	466	332	417	560
5	563	540	300	561
5	642	441	316	562
5	471	251	270	563
5	281	269	97	564
5	281	97	98	565
5	309	16	283	566
5	470	265	346	567
5	309	15	16	568
5	283	16	17	569
5	307	87	301	570
5	675	568	456	571
5	333	43	44	572
5	314	44	45	573
5	286	276	23	574
5	286	23	24	575
5	528	462	274	576
5	533	455	280	577
5	324	10	289	578
5	535	323	282	579
5	324	9	10	580
5	289	10	11	581
5	498	466	417	582
5	310	290	73	583
5	291	280	19	584
5	291	19	20	585
5	938	928	741	586
5	537	468	287	587
5	534	283	322	588
5	521	267	268	589
5	514	318	284	590
5	297	50	51	591
5	422	47	48	592
5	296	46	47	593
5	644	307	536	594
5	573	341	332	595
5	298	48	49	596
5	299	50	297	597
5	505	315	290	598
5	422	48	298	599
5	299	298	49	600
5	299	49	50	601
5	310	73	74	602
5	448	75	300	603
5	913	671	859	604
5	1110	871	1094	605
5	304	54	55	606
5	304	285	54	607
5	442	86	307	608
5	442	85	86	609
5	576	343	575	610
5	665	534	652	611
5	343	62	308	612
5	344	64	65	613
5	556	314	328	614
5	338	58	306	615
5	442	303	85	616
5	467	284	337	617
5	343	61	62	618
5	343	305	61	619
5	497	334	251	620
5	497	251	471	621
5	701	547	662	622
5	532	447	516	623
5	332	67	68	624
5	449	64	344	625
5	313	77	78	626
5	331	76	77	627
5	469	290	310	628
5	331	77	313	629
5	455	322	280	630
5	333	44	314	631
5	339	70	71	632
5	339	311	70	633
5	524	263	460	634
5	441	41	316	635
5	317	278	21	636
5	317	21	22	637
5	318	301	88	638
5	318	88	89	639
5	319	293	3	640
5	319	3	4	641
5	337	284	90	642
5	446	92	320	643
5	415	277	107	644
5	321	108	109	645
5	322	283	17	646
5	322	17	18	647
5	323	287	13	648
5	323	13	14	649
5	552	283	534	650
5	538	289	419	651
5	423	104	418	652
5	694	625	478	653
5	326	274	25	654
5	326	25	26	655
5	341	67	332	656
5	344	65	327	657
5	328	314	45	658
5	328	45	46	659
5	734	677	462	660
5	459	330	257	661
5	330	272	29	662
5	330	29	30	663
5	562	313	555	664
5	498	417	311	665
5	341	66	67	666
5	341	327	66	667
5	468	419	287	668
5	1362	1084	1218	669
5	334	258	37	670
5	334	37	38	671
5	897	675	861	672
5	540	448	300	673
5	336	320	93	674
5	336	93	94	675
5	547	318	514	676
5	768	567	566	677
5	756	520	651	678
5	461	421	305	679
5	652	534	455	680
5	746	660	543	681
5	753	741	535	682
5	1043	889	916	683
5	550	421	461	684
5	643	270	441	685
5	342	313	78	686
5	342	78	79	687
5	575	308	453	688
5	474	302	254	689
5	556	328	520	690
5	449	308	63	691
5	345	297	51	692
5	345	51	52	693
5	346	265	35	694
5	346	35	36	695
5	692	465	647	696
5	347	266	100	697
5	445	94	95	698
5	725	536	701	699
5	407	153	385	700
5	618	407	617	701
5	350	281	98	702
5	350	98	99	703
5	424	109	110	704
5	351	110	111	705
5	413	114	352	706
5	416	112	353	707
5	478	321	424	708
5	496	371	429	709
5	426	367	118	710
5	372	352	115	711
5	378	143	355	712
5	436	140	141	713
5	807	611	806	714
5	359	188	189	715
5	495	383	410	716
5	591	364	378	717
5	783	584	782	718
5	493	410	275	719
5	489	398	361	720
5	394	185	369	721
5	992	880	704	722
5	365	181	182	723
5	605	391	400	724
5	392	178	179	725
5	362	358	148	726
5	362	148	149	727
5	834	450	635	728
5	799	708	504	729
5	603	387	404	730
5	436	141	364	731
5	366	179	180	732
5	392	361	178	733
5	608	480	390	734
5	392	179	366	735
5	426	119	371	736
5	626	353	580	737
5	368	359	189	738
5	368	189	190	739
5	370	183	184	740
5	437	182	183	741
5	839	640	593	742
5	437	183	370	743
5	426	118	119	744
5	371	119	120	745
5	501	413	352	746
5	627	351	416	747
5	428	135	373	748
5	599	380	414	749
5	718	598	689	750
5	824	626	823	751
5	379	124	125	752
5	414	124	379	753
5	432	136	137	754
5	376	137	138	755
5	377	363	146	756
5	377	146	147	757
5	378	364	142	758
5	378	142	143	759
5	600	481	354	760
5	686	583	487	761
5	816	620	619	762
5	689	598	483	763
5	408	156	157	764
5	408	264	156	765
5	412	127	128	766
5	382	128	129	767
5	409	129	130	768
5	383	130	131	769
5	405	158	159	770
5	405	381	158	771
5	407	152	153	772
5	407	349	152	773
5	604	389	402	774
5	640	370	593	775
5	609	391	605	776
5	403	163	387	777
5	389	167	168	778
5	401	166	167	779
5	604	402	601	780
5	401	167	389	781
5	391	171	172	782
5	399	170	171	783
5	479	384	406	784
5	399	171	391	785
5	606	504	392	786
5	593	370	394	787
5	397	174	175	788
5	397	390	174	789
5	394	370	184	790
5	394	184	185	791
5	395	366	180	792
5	395	180	181	793
5	396	360	187	794
5	396	187	188	795
5	620	523	264	796
5	615	384	479	797
5	398	393	176	798
5	398	176	177	799
5	482	406	253	800
5	614	253	403	801
5	400	391	172	802
5	400	172	173	803
5	605	400	480	804
5	489	484	398	805
5	402	389	168	806
5	402	168	169	807
5	974	788	732	808
5	622	382	409	809
5	404	387	164	810
5	404	164	165	811
5	494	376	435	812
5	621	409	383	813
5	406	384	160	814
5	406	160	161	815
5	638	436	364	816
5	583	362	444	817
5	487	444	357	818
5	583	444	487	819
5	636	376	494	820
5	617	407	385	821
5	410	383	131	822
5	410	131	132	823
5	411	379	125	824
5	411	125	126	825
5	529	428	373	826
5	634	426	371	827
5	413	353	113	828
5	413	113	114	829
5	414	380	123	830
5	414	123	124	831
5	580	413	501	832
5	509	425	477	833
5	496	429	481	834
5	527	378	355	835
5	417	332	68	836
5	417	68	69	837
5	423	325	103	838
5	418	104	105	839
5	419	289	11	840
5	419	11	12	841
5	534	322	455	842
5	533	280	291	843
5	421	306	59	844
5	421	59	60	845
5	574	327	341	846
5	646	449	344	847
5	632	418	509	848
5	861	675	669	849
5	624	375	412	850
5	500	414	379	851
5	425	418	105	852
5	425	105	106	853
5	595	372	594	854
5	690	594	450	855
5	427	372	116	856
5	427	116	117	857
5	428	374	134	858
5	428	134	135	859
5	429	371	120	860
5	429	120	121	861
5	430	368	190	862
5	430	190	191	863
5	431	430	191	864
5	431	191	192	865
5	494	435	486	866
5	639	486	273	867
5	433	431	192	868
5	433	192	193	869
5	434	433	193	870
5	434	193	194	871
5	435	376	138	872
5	435	138	139	873
5	601	402	388	874
5	602	404	386	875
5	867	506	661	876
5	812	616	615	877
5	439	196	197	878
5	440	198	438	879
5	592	395	588	880
5	586	368	492	881
5	440	439	197	882
5	440	197	198	883
5	539	521	268	884
5	541	292	260	885
5	473	312	279	886
5	532	473	279	887
5	443	434	194	888
5	443	194	195	889
5	444	362	149	890
5	444	149	150	891
5	951	767	751	892
5	1051	856	915	893
5	446	337	91	894
5	446	91	92	895
5	447	279	81	896
5	447	81	82	897
5	448	310	74	898
5	448	74	75	899
5	526	295	285	900
5	569	306	550	901
5	450	427	367	902
5	635	450	367	903
5	884	790	690	904
5	791	781	501	905
5	978	793	977	906
5	902	702	717	907
5	646	453	449	908
5	577	344	327	909
5	454	346	258	910
5	497	458	334	911
5	628	272	476	912
5	629	463	271	913
5	456	446	320	914
5	951	751	856	915
5	457	385	261	916
5	523	457	261	917
5	458	454	258	918
5	458	258	334	919
5	476	272	330	920
5	462	286	274	921
5	825	628	476	922
5	736	475	531	923
5	548	302	474	924
5	544	345	472	925
5	528	326	463	926
5	679	524	666	927
5	528	274	326	928
5	463	326	271	929
5	464	342	312	930
5	775	498	572	931
5	465	348	269	932
5	698	512	513	933
5	754	554	540	934
5	737	532	516	935
5	567	250	335	936
5	532	279	447	937
5	539	268	288	938
5	538	419	468	939
5	572	498	311	940
5	505	290	469	941
5	561	541	260	942
5	542	257	292	943
5	843	643	642	944
5	631	520	296	945
5	544	297	345	946
5	520	328	296	947
5	701	536	547	948
5	536	307	301	949
5	548	304	302	950
5	526	472	295	951
5	531	317	522	952
5	533	291	475	953
5	628	420	272	954
5	629	271	420	955
5	477	425	277	956
5	499	477	277	957
5	499	277	415	958
5	698	513	578	959
5	615	405	384	960
5	523	261	264	961
5	610	601	388	962
5	862	707	655	963
5	635	426	634	964
5	634	371	496	965
5	705	479	482	966
5	792	597	687	967
5	598	411	483	968
5	600	354	380	969
5	607	397	393	970
5	608	390	397	971
5	808	797	602	972
5	488	394	369	973
5	596	493	275	974
5	596	275	374	975
5	590	252	363	976
5	519	355	252	977
5	988	802	801	978
5	587	360	396	979
5	798	592	789	980
5	800	607	484	981
5	490	485	433	982
5	490	433	434	983
5	491	488	369	984
5	491	369	360	985
5	502	396	359	986
5	587	491	360	987
5	730	457	523	988
5	495	410	493	989
5	711	529	637	990
5	597	428	529	991
5	835	636	710	992
5	621	383	495	993
5	822	689	483	994
5	635	367	426	995
5	771	570	569	996
5	770	569	550	997
5	571	315	505	998
5	776	466	716	999
5	717	625	694	1000
5	901	852	695	1001
5	821	623	820	1002
5	599	414	500	1003
5	627	416	626	1004
5	626	416	353	1005
5	706	581	654	1006
5	587	396	502	1007
5	503	490	434	1008
5	503	434	443	1009
5	504	489	361	1010
5	504	361	392	1011
5	571	339	315	1012
5	572	311	339	1013
5	506	438	199	1014
5	943	917	743	1015
5	685	503	508	1016
5	910	681	850	1017
5	654	485	653	1018
5	987	801	800	1019
5	663	578	452	1020
5	852	663	695	1021
5	1199	1020	1198	1022
5	724	647	525	1023
5	698	578	663	1024
5	722	632	656	1025
5	859	692	847	1026
5	525	281	512	1027
5	513	512	350	1028
5	513	350	266	1029
5	566	335	303	1030
5	516	447	250	1031
5	1219	658	1080	1032
5	515	199	340	1033
5	1038	845	780	1034
5	551	303	442	1035
5	668	256	517	1036
5	868	661	515	1037
5	543	517	293	1038
5	518	319	262	1039
5	584	362	583	1040
5	527	355	519	1041
5	545	297	544	1042
5	631	296	422	1043
5	740	652	455	1044
5	752	552	665	1045
5	531	278	317	1046
5	522	317	276	1047
5	616	405	615	1048
5	782	584	583	1049
5	524	518	262	1050
5	524	262	263	1051
5	525	465	269	1052
5	525	269	281	1053
5	549	304	548	1054
5	757	556	756	1055
5	839	593	683	1056
5	591	378	527	1057
5	665	552	534	1058
5	742	696	468	1059
5	637	432	636	1060
5	637	373	432	1061
5	530	522	276	1062
5	530	276	286	1063
5	874	700	731	1064
5	747	544	700	1065
5	673	662	514	1066
5	773	505	699	1067
5	829	631	630	1068
5	765	565	564	1069
5	553	535	282	1070
5	537	287	323	1071
5	553	309	552	1072
5	537	323	535	1073
5	567	335	566	1074
5	566	303	551	1075
5	760	560	672	1076
5	744	542	541	1077
5	559	539	288	1078
5	558	289	538	1079
5	559	324	558	1080
5	759	559	758	1081
5	554	310	448	1082
5	554	469	310	1083
5	561	329	560	1084
5	542	292	541	1085
5	674	522	530	1086
5	1017	828	748	1087
5	889	758	728	1088
5	1528	1266	1364	1089
5	545	299	297	1090
5	630	422	298	1091
5	748	546	545	1092
5	546	299	545	1093
5	844	714	471	1094
5	630	298	546	1095
5	547	536	301	1096
5	547	301	318	1097
5	549	285	304	1098
5	549	526	285	1099
5	700	544	472	1100
5	715	678	458	1101
5	569	338	306	1102
5	570	254	338	1103
5	751	551	644	1104
5	567	516	250	1105
5	553	282	309	1106
5	552	309	283	1107
5	745	459	542	1108
5	672	560	470	1109
5	780	577	574	1110
5	776	573	466	1111
5	562	331	313	1112
5	563	300	331	1113
5	763	562	762	1114
5	738	473	532	1115
5	565	333	564	1116
5	642	316	557	1117
5	559	288	324	1118
5	558	324	289	1119
5	679	518	524	1120
5	753	553	752	1121
5	561	260	329	1122
5	560	329	265	1123
5	746	518	679	1124
5	734	528	733	1125
5	953	769	768	1126
5	563	331	562	1127
5	846	453	646	1128
5	699	505	469	1129
5	565	294	333	1130
5	564	333	314	1131
5	777	574	573	1132
5	845	646	577	1133
5	1086	856	1051	1134
5	723	511	579	1135
5	723	579	671	1136
5	669	456	511	1137
5	568	467	337	1138
5	568	337	446	1139
5	761	744	541	1140
5	570	338	569	1141
5	750	549	749	1142
5	1667	1374	1548	1143
5	1136	946	1047	1144
5	572	339	571	1145
5	676	550	461	1146
5	846	649	453	1147
5	773	571	505	1148
5	574	341	573	1149
5	1142	954	953	1150
5	577	327	574	1151
5	576	305	343	1152
5	576	461	305	1153
5	1037	714	844	1154
5	829	651	631	1155
5	1039	846	845	1156
5	646	344	577	1157
5	578	513	266	1158
5	578	266	347	1159
5	579	511	336	1160
5	579	336	445	1161
5	790	594	690	1162
5	633	351	627	1163
5	581	492	430	1164
5	581	430	431	1165
5	582	487	357	1166
5	582	357	349	1167
5	584	358	362	1168
5	589	363	377	1169
5	712	495	493	1170
5	585	358	584	1171
5	688	494	486	1172
5	589	377	585	1173
5	586	502	359	1174
5	586	359	368	1175
5	1092	867	661	1176
5	802	703	480	1177
5	592	366	395	1178
5	606	392	366	1179
5	1030	905	688	1180
5	590	363	589	1181
5	840	641	640	1182
5	1154	968	910	1183
5	803	605	703	1184
5	638	364	591	1185
5	789	592	588	1186
5	606	366	592	1187
5	640	437	370	1188
5	641	365	437	1189
5	595	352	372	1190
5	594	372	427	1191
5	794	500	718	1192
5	796	481	600	1193
5	787	519	590	1194
5	838	688	486	1195
5	597	596	374	1196
5	597	374	428	1197
5	598	500	379	1198
5	598	379	411	1199
5	793	596	792	1200
5	600	380	599	1201
5	821	624	623	1202
5	793	712	493	1203
5	612	602	386	1204
5	613	403	387	1205
5	611	389	604	1206
5	603	404	602	1207
5	683	593	488	1208
5	613	387	603	1209
5	611	401	389	1210
5	612	386	401	1211
5	609	399	391	1212
5	610	388	399	1213
5	681	586	492	1214
5	707	491	655	1215
5	803	609	605	1216
5	608	397	607	1217
5	840	640	839	1218
5	983	798	789	1219
5	708	489	504	1220
5	610	399	609	1221
5	812	615	684	1222
5	684	615	479	1223
5	810	614	613	1224
5	612	401	611	1225
5	1032	840	839	1226
5	801	608	607	1227
5	709	489	708	1228
5	614	403	613	1229
5	788	527	732	1230
5	682	487	582	1231
5	616	381	405	1232
5	620	264	408	1233
5	1026	834	1025	1234
5	619	381	616	1235
5	618	349	407	1236
5	618	582	349	1237
5	686	487	682	1238
5	782	583	686	1239
5	732	527	519	1240
5	620	408	619	1241
5	787	732	519	1242
5	785	589	585	1243
5	687	597	529	1244
5	622	409	621	1245
5	820	623	622	1246
5	623	382	622	1247
5	1001	813	877	1248
5	624	412	623	1249
5	713	496	481	1250
5	702	477	499	1251
5	625	499	415	1252
5	625	415	321	1253
5	781	580	501	1254
5	633	424	351	1255
5	911	702	902	1256
5	721	477	702	1257
5	826	628	825	1258
5	629	420	628	1259
5	827	733	463	1260
5	883	666	729	1261
5	651	520	631	1262
5	631	422	630	1263
5	715	497	714	1264
5	740	455	533	1265
5	632	510	423	1266
5	632	423	418	1267
5	791	595	790	1268
5	831	478	633	1269
5	718	500	598	1270
5	796	713	481	1271
5	831	633	830	1272
5	1007	819	818	1273
5	637	529	373	1274
5	636	432	376	1275
5	813	618	617	1276
5	836	638	591	1277
5	797	603	602	1278
5	639	436	638	1279
5	811	705	482	1280
5	705	684	479	1281
5	903	684	705	1282
5	641	437	640	1283
5	654	581	485	1284
5	817	730	523	1285
5	649	575	453	1286
5	643	441	642	1287
5	778	575	649	1288
5	770	550	676	1289
5	644	551	442	1290
5	644	442	307	1291
5	645	579	445	1292
5	645	445	348	1293
5	950	766	765	1294
5	937	752	855	1295
5	695	452	451	1296
5	1220	1045	1048	1297
5	648	548	474	1298
5	772	648	474	1299
5	778	576	575	1300
5	772	474	570	1301
5	650	476	459	1302
5	745	650	459	1303
5	756	556	520	1304
5	844	471	643	1305
5	735	522	674	1306
5	759	743	539	1307
5	1219	507	658	1308
5	863	685	849	1309
5	1069	983	1031	1310
5	1318	1171	1317	1311
5	719	586	681	1312
5	784	655	587	1313
5	656	632	509	1314
5	721	656	509	1315
5	657	653	490	1316
5	657	490	503	1317
5	658	507	439	1318
5	658	439	440	1319
5	691	438	659	1320
5	691	440	438	1321
5	1063	942	889	1322
5	909	891	678	1323
5	668	255	256	1324
5	868	515	726	1325
5	662	547	514	1326
5	1115	1079	873	1327
5	695	451	693	1328
5	1022	694	831	1329
5	664	555	464	1330
5	738	532	737	1331
5	696	538	468	1332
5	666	524	460	1333
5	728	538	696	1334
5	758	558	728	1335
5	667	617	457	1336
5	730	667	457	1337
5	853	517	660	1338
5	727	255	668	1339
5	673	514	467	1340
5	675	456	669	1341
5	1018	829	828	1342
5	672	470	670	1343
5	723	669	511	1344
5	1012	781	976	1345
5	1086	951	856	1346
5	1040	875	649	1347
5	680	568	675	1348
5	680	467	568	1349
5	735	531	522	1350
5	739	533	475	1351
5	680	673	467	1352
5	915	856	725	1353
5	779	576	778	1354
5	779	676	461	1355
5	677	674	530	1356
5	677	530	462	1357
5	678	670	454	1358
5	678	454	458	1359
5	896	666	883	1360
5	1134	943	1133	1361
5	856	751	725	1362
5	915	701	871	1363
5	719	502	586	1364
5	784	502	719	1365
5	814	618	813	1366
5	814	582	618	1367
5	841	588	641	1368
5	703	605	480	1369
5	993	807	806	1370
5	704	604	601	1371
5	867	659	506	1372
5	720	685	508	1373
5	1028	837	836	1374
5	838	486	639	1375
5	710	494	688	1376
5	711	687	529	1377
5	710	636	494	1378
5	999	903	705	1379
5	818	495	712	1380
5	819	622	621	1381
5	832	496	713	1382
5	1202	1024	1023	1383
5	720	508	507	1384
5	691	658	440	1385
5	692	671	645	1386
5	692	645	465	1387
5	695	663	452	1388
5	1267	1109	914	1389
5	823	580	781	1390
5	830	633	627	1391
5	1107	902	1054	1392
5	901	695	693	1393
5	728	558	538	1394
5	729	666	460	1395
5	697	664	464	1396
5	697	464	473	1397
5	724	512	698	1398
5	724	525	512	1399
5	755	554	754	1400
5	716	466	498	1401
5	747	545	544	1402
5	828	630	546	1403
5	725	644	536	1404
5	738	697	473	1405
5	1198	1020	1013	1406
5	864	693	722	1407
5	805	704	601	1408
5	806	604	704	1409
5	804	609	803	1410
5	1366	1224	1264	1411
5	809	603	797	1412
5	995	808	994	1413
5	706	681	492	1414
5	706	492	581	1415
5	707	683	488	1416
5	707	488	491	1417
5	709	484	489	1418
5	802	480	608	1419
5	995	797	808	1420
5	800	484	709	1421
5	991	805	804	1422
5	993	806	880	1423
5	865	812	684	1424
5	1002	812	865	1425
5	818	621	495	1426
5	820	622	819	1427
5	832	634	496	1428
5	833	635	634	1429
5	715	458	497	1430
5	714	497	471	1431
5	925	739	736	1432
5	921	735	674	1433
5	774	571	773	1434
5	775	716	498	1435
5	717	702	499	1436
5	717	499	625	1437
5	794	599	500	1438
5	795	600	599	1439
5	910	719	681	1440
5	1032	839	879	1441
5	1070	1032	879	1442
5	1068	857	863	1443
5	1021	831	830	1444
5	1026	884	690	1445
5	722	693	510	1446
5	722	510	632	1447
5	1253	1102	1225	1448
5	1258	1059	1082	1449
5	1221	1059	852	1450
5	1057	698	663	1451
5	954	737	769	1452
5	1060	913	859	1453
5	1222	1093	868	1454
5	1061	888	932	1455
5	727	726	340	1456
5	727	340	255	1457
5	893	670	891	1458
5	930	745	744	1459
5	922	735	921	1460
5	1289	1124	1064	1461
5	815	616	812	1462
5	1062	900	905	1463
5	731	700	472	1464
5	731	472	526	1465
5	788	591	527	1466
5	837	639	638	1467
5	734	462	528	1468
5	733	528	463	1469
5	941	757	756	1470
5	1015	826	1014	1471
5	855	752	665	1472
5	736	531	735	1473
5	938	753	937	1474
5	739	475	736	1475
5	767	551	751	1476
5	875	778	649	1477
5	958	872	648	1478
5	960	774	959	1479
5	929	742	928	1480
5	740	533	739	1481
5	1407	1228	1294	1482
5	1810	1652	1504	1483
5	742	468	537	1484
5	741	537	535	1485
5	855	665	854	1486
5	1014	826	825	1487
5	743	729	521	1488
5	743	521	539	1489
5	761	561	760	1490
5	745	542	744	1491
5	1019	651	829	1492
5	935	750	749	1493
5	1139	941	1076	1494
5	1120	854	927	1495
5	931	650	745	1496
5	748	545	747	1497
5	1014	825	869	1498
5	828	546	748	1499
5	750	526	549	1500
5	750	731	526	1501
5	920	885	677	1502
5	927	652	740	1503
5	767	566	551	1504
5	769	516	567	1505
5	753	535	553	1506
5	752	553	552	1507
5	929	916	696	1508
5	1213	1035	1212	1509
5	755	469	554	1510
5	755	699	469	1511
5	948	754	764	1512
5	939	755	754	1513
5	757	564	556	1514
5	766	557	565	1515
5	941	756	851	1516
5	765	564	757	1517
5	759	539	559	1518
5	758	559	558	1519
5	1120	1085	854	1520
5	922	736	735	1521
5	761	541	561	1522
5	760	561	560	1523
5	956	771	770	1524
5	935	749	872	1525
5	763	563	562	1526
5	764	540	563	1527
5	959	774	773	1528
5	764	563	763	1529
5	963	777	776	1530
5	961	775	960	1531
5	891	670	678	1532
5	766	565	765	1533
5	1035	843	842	1534
5	842	557	766	1535
5	915	725	701	1536
5	768	566	767	1537
5	948	939	754	1538
5	769	567	768	1539
5	947	763	946	1540
5	1040	649	846	1541
5	872	749	648	1542
5	771	569	770	1543
5	956	770	955	1544
5	772	570	771	1545
5	965	778	875	1546
5	957	772	771	1547
5	774	572	571	1548
5	775	572	774	1549
5	952	767	951	1550
5	859	671	692	1551
5	871	701	662	1552
5	923	738	737	1553
5	873	664	697	1554
5	777	573	776	1555
5	873	848	664	1556
5	780	574	777	1557
5	779	461	576	1558
5	933	747	700	1559
5	1127	935	1067	1560
5	934	748	747	1561
5	946	763	762	1562
5	845	577	780	1563
5	823	626	580	1564
5	824	627	626	1565
5	783	585	584	1566
5	786	590	589	1567
5	1029	838	837	1568
5	785	585	783	1569
5	986	709	904	1570
5	985	904	708	1571
5	967	782	858	1572
5	786	589	785	1573
5	970	783	967	1574
5	787	590	786	1575
5	900	835	710	1576
5	973	732	787	1577
5	1011	689	822	1578
5	836	591	788	1579
5	798	606	592	1580
5	799	504	606	1581
5	791	501	595	1582
5	790	595	594	1583
5	1008	820	819	1584
5	1020	830	824	1585
5	793	493	596	1586
5	792	596	597	1587
5	1027	836	788	1588
5	906	835	900	1589
5	981	795	980	1590
5	795	599	794	1591
5	1020	824	1013	1592
5	796	600	795	1593
5	975	791	790	1594
5	976	791	975	1595
5	809	613	603	1596
5	811	482	614	1597
5	1081	850	876	1598
5	799	606	798	1599
5	969	862	655	1600
5	1257	1081	1239	1601
5	898	803	703	1602
5	801	607	800	1603
5	904	709	708	1604
5	802	608	801	1605
5	878	707	862	1606
5	998	811	810	1607
5	804	610	609	1608
5	805	601	610	1609
5	880	806	704	1610
5	805	610	804	1611
5	989	898	703	1612
5	1078	857	1068	1613
5	807	612	611	1614
5	808	602	612	1615
5	1209	1029	1208	1616
5	808	612	807	1617
5	1182	1002	1073	1618
5	877	813	667	1619
5	1253	1056	1102	1620
5	810	613	809	1621
5	1004	817	816	1622
5	811	614	810	1623
5	903	865	684	1624
5	1159	972	971	1625
5	815	619	616	1626
5	817	523	620	1627
5	814	682	582	1628
5	971	786	785	1629
5	882	792	687	1630
5	1102	1056	901	1631
5	879	683	878	1632
5	816	619	815	1633
5	1002	815	812	1634
5	817	620	816	1635
5	907	882	687	1636
5	1006	818	712	1637
5	977	793	792	1638
5	819	621	818	1639
5	1025	834	833	1640
5	822	624	821	1641
5	1025	833	1024	1642
5	822	483	624	1643
5	1012	823	781	1644
5	975	790	884	1645
5	979	718	881	1646
5	981	796	795	1647
5	1013	823	1012	1648
5	979	794	718	1649
5	976	781	791	1650
5	830	627	824	1651
5	826	629	628	1652
5	827	463	629	1653
5	1019	829	1018	1654
5	827	629	826	1655
5	869	825	650	1656
5	894	760	672	1657
5	949	757	941	1658
5	829	630	828	1659
5	1037	908	714	1660
5	1145	955	1144	1661
5	1056	852	901	1662
5	911	721	702	1663
5	901	693	864	1664
5	902	717	860	1665
5	982	796	981	1666
5	833	634	832	1667
5	977	792	882	1668
5	834	635	833	1669
5	967	783	782	1670
5	1104	907	906	1671
5	835	711	637	1672
5	835	637	636	1673
5	978	712	793	1674
5	837	638	836	1675
5	1030	688	838	1676
5	838	639	837	1677
5	1003	815	1002	1678
5	878	683	707	1679
5	1367	1092	1265	1680
5	841	641	840	1681
5	984	798	983	1682
5	841	789	588	1683
5	1226	1090	1156	1684
5	876	706	654	1685
5	921	674	885	1686
5	843	642	842	1687
5	931	869	650	1688
5	844	643	843	1689
5	894	672	893	1690
5	909	715	908	1691
5	870	773	699	1692
5	846	646	845	1693
5	961	716	775	1694
5	959	773	870	1695
5	847	692	647	1696
5	914	647	724	1697
5	848	762	664	1698
5	1138	1131	939	1699
5	1044	691	659	1700
5	1686	1371	1519	1701
5	1154	910	1049	1702
5	857	653	657	1703
5	851	756	651	1704
5	1148	872	958	1705
5	1082	724	1058	1706
5	914	847	647	1707
5	1506	863	1042	1708
5	1083	726	727	1709
5	854	665	652	1710
5	927	854	652	1711
5	1101	891	909	1712
5	1260	1100	1228	1713
5	954	923	737	1714
5	1308	1152	1307	1715
5	876	850	706	1716
5	887	653	857	1717
5	858	782	686	1718
5	899	858	686	1719
5	1231	1045	1220	1720
5	1507	1408	1431	1721
5	860	717	694	1722
5	1336	1191	1335	1723
5	1369	1220	1271	1724
5	1598	1554	1440	1725
5	968	719	910	1726
5	1156	862	969	1727
5	863	857	657	1728
5	863	657	685	1729
5	1162	975	884	1730
5	1167	980	1166	1731
5	1005	918	730	1732
5	1278	1105	1104	1733
5	866	864	722	1734
5	866	722	656	1735
5	1406	1093	1222	1736
5	1264	1224	1078	1737
5	1527	1061	932	1738
5	1371	888	1227	1739
5	1016	919	733	1740
5	885	674	677	1741
5	940	755	939	1742
5	962	716	961	1743
5	1140	952	951	1744
5	1094	890	1041	1745
5	1217	875	1040	1746
5	955	770	676	1747
5	924	738	923	1748
5	924	697	738	1749
5	936	750	935	1750
5	933	700	874	1751
5	1150	960	1149	1752
5	958	648	772	1753
5	1171	985	1170	1754
5	1155	968	1154	1755
5	1077	905	1030	1756
5	899	686	682	1757
5	879	839	683	1758
5	1033	840	1032	1759
5	1078	887	857	1760
5	1171	904	985	1761
5	990	803	898	1762
5	996	797	995	1763
5	881	718	689	1764
5	1011	881	689	1765
5	1006	712	978	1766
5	1010	822	821	1767
5	1135	945	944	1768
5	917	883	729	1769
5	980	794	979	1770
5	1024	833	832	1771
5	920	734	919	1772
5	925	736	922	1773
5	1508	720	886	1774
5	886	720	507	1775
5	887	876	654	1776
5	887	654	653	1777
5	932	679	896	1778
5	932	746	679	1779
5	917	729	743	1780
5	942	758	889	1781
5	890	871	662	1782
5	890	662	673	1783
5	893	672	670	1784
5	945	930	744	1785
5	892	861	669	1786
5	892	669	723	1787
5	1113	921	885	1788
5	944	760	894	1789
5	1046	944	894	1790
5	1195	1111	919	1791
5	895	890	673	1792
5	895	673	680	1793
5	932	888	746	1794
5	896	679	666	1795
5	897	895	680	1796
5	897	680	675	1797
5	990	804	803	1798
5	992	704	805	1799
5	1071	1000	1001	1800
5	1206	1027	974	1801
5	906	711	835	1802
5	907	687	711	1803
5	1108	1055	912	1804
5	1221	852	1056	1805
5	912	656	721	1806
5	912	721	911	1807
5	994	807	993	1808
5	1180	996	1179	1809
5	986	800	709	1810
5	989	703	802	1811
5	905	900	710	1812
5	905	710	688	1813
5	1190	881	1011	1814
5	907	711	906	1815
5	1187	1009	1008	1816
5	1165	978	977	1817
5	909	678	715	1818
5	908	715	714	1819
5	1123	1066	931	1820
5	1119	927	926	1821
5	968	784	719	1822
5	969	655	784	1823
5	1335	1163	1313	1824
5	912	866	656	1825
5	1229	1087	1109	1826
5	1205	884	1026	1827
5	913	892	723	1828
5	913	723	671	1829
5	1091	864	866	1830
5	1060	1050	913	1831
5	1269	1140	1086	1832
5	1151	961	1150	1833
5	916	889	728	1834
5	916	728	696	1835
5	943	759	942	1836
5	1228	1100	1134	1837
5	918	877	667	1838
5	918	667	730	1839
5	920	677	734	1840
5	919	734	733	1841
5	1144	964	1095	1842
5	1217	1096	875	1843
5	1146	957	956	1844
5	926	740	739	1845
5	1238	1076	1197	1846
5	1195	919	1016	1847
5	924	873	697	1848
5	1321	1177	1176	1849
5	1153	966	963	1850
5	1290	1128	1247	1851
5	1283	1112	1111	1852
5	926	739	925	1853
5	1121	929	928	1854
5	927	740	926	1855
5	1129	937	1065	1856
5	1085	855	854	1857
5	929	696	742	1858
5	928	742	741	1859
5	1063	889	1043	1860
5	1133	942	1063	1861
5	945	761	944	1862
5	931	745	930	1863
5	1123	930	945	1864
5	1065	937	855	1865
5	1286	1117	1284	1866
5	1604	1461	1460	1867
5	1283	1113	1112	1868
5	934	747	933	1869
5	1194	1016	1015	1870
5	1017	748	934	1871
5	936	731	750	1872
5	936	874	731	1873
5	1125	933	874	1874
5	1139	949	941	1875
5	938	741	753	1876
5	937	753	752	1877
5	1130	1121	928	1878
5	1227	888	1061	1879
5	940	699	755	1880
5	940	870	699	1881
5	1131	940	939	1882
5	1052	959	870	1883
5	949	765	757	1884
5	1034	842	766	1885
5	943	743	759	1886
5	942	759	758	1887
5	1368	1227	1061	1888
5	1124	932	896	1889
5	945	744	761	1890
5	944	761	760	1891
5	1117	925	922	1892
5	1123	945	1135	1893
5	947	764	763	1894
5	948	764	947	1895
5	1297	1136	1244	1896
5	1106	908	1037	1897
5	1095	964	965	1898
5	1304	1144	1240	1899
5	1149	960	959	1900
5	950	765	949	1901
5	1320	1176	1175	1902
5	1034	766	950	1903
5	952	768	767	1904
5	953	768	952	1905
5	1089	892	1050	1906
5	1282	1094	1236	1907
5	1430	1280	1373	1908
5	954	769	953	1909
5	1137	947	1136	1910
5	1151	962	961	1911
5	1146	956	1145	1912
5	1212	950	1139	1913
5	1152	962	1151	1914
5	957	771	956	1915
5	1197	1017	1196	1916
5	958	772	957	1917
5	1340	1126	1290	1918
5	1196	1017	934	1919
5	960	775	774	1920
5	962	776	716	1921
5	1110	1051	915	1922
5	963	776	962	1923
5	1094	871	890	1924
5	966	780	777	1925
5	1140	951	1086	1926
5	1425	1282	1370	1927
5	1079	1047	848	1928
5	966	777	963	1929
5	964	955	676	1930
5	964	676	779	1931
5	965	964	779	1932
5	965	779	778	1933
5	1298	1293	1131	1934
5	1038	780	966	1935
5	970	785	783	1936
5	972	787	786	1937
5	1169	983	1069	1938
5	969	784	968	1939
5	1173	987	986	1940
5	1090	878	862	1941
5	1182	1003	1002	1942
5	971	785	970	1943
5	1183	918	1005	1944
5	972	786	971	1945
5	1259	1087	1229	1946
5	973	787	972	1947
5	1179	995	994	1948
5	974	732	973	1949
5	1074	880	1178	1950
5	1027	788	974	1951
5	1185	1007	1006	1952
5	1013	824	823	1953
5	1347	1201	1346	1954
5	1343	1199	1198	1955
5	1172	986	904	1956
5	1007	818	1006	1957
5	1160	973	972	1958
5	1008	819	1007	1959
5	980	795	794	1960
5	982	713	796	1961
5	1168	981	1167	1962
5	1023	832	713	1963
5	1191	1012	976	1964
5	1205	1162	884	1965
5	1332	1188	1331	1966
5	1023	713	982	1967
5	984	799	798	1968
5	985	708	799	1969
5	1310	1226	1156	1970
5	985	799	984	1971
5	1318	1173	1172	1972
5	1176	989	1175	1973
5	1169	984	983	1974
5	987	800	986	1975
5	1178	991	1177	1976
5	988	801	987	1977
5	1177	991	990	1978
5	989	802	988	1979
5	1174	988	987	1980
5	1310	1156	1155	1981
5	1181	1073	903	1982
5	991	804	990	1983
5	1175	989	988	1984
5	992	805	991	1985
5	1170	984	1169	1986
5	1157	970	967	1987
5	994	808	807	1988
5	999	705	811	1989
5	1172	904	1171	1990
5	997	810	809	1991
5	1161	974	973	1992
5	1207	1028	1027	1993
5	1075	967	858	1994
5	997	809	996	1995
5	1101	1046	893	1996
5	998	810	997	1997
5	1584	1430	1509	1998
5	999	811	998	1999
5	1073	865	903	2000
5	1183	1098	918	2001
5	1000	899	682	2002
5	1000	682	814	2003
5	1001	1000	814	2004
5	1001	814	813	2005
5	1003	816	815	2006
5	1005	730	817	2007
5	1181	903	999	2008
5	1004	816	1003	2009
5	1178	880	992	2010
5	1005	817	1004	2011
5	1073	1002	865	2012
5	1183	1004	1182	2013
5	1189	1011	1010	2014
5	1009	821	820	2015
5	1104	906	1103	2016
5	1334	1250	1053	2017
5	1166	980	979	2018
5	1009	820	1008	2019
5	1203	1025	1024	2020
5	1010	821	1009	2021
5	1191	976	1163	2022
5	1011	822	1010	2023
5	1166	979	1053	2024
5	1168	982	981	2025
5	1192	1013	1012	2026
5	1021	830	1020	2027
5	1201	982	1168	2028
5	1022	831	1021	2029
5	1015	827	826	2030
5	1016	733	827	2031
5	1046	894	893	2032
5	1016	827	1015	2033
5	1212	1034	950	2034
5	1128	936	1127	2035
5	1135	944	1046	2036
5	1018	828	1017	2037
5	1106	1101	909	2038
5	1019	851	651	2039
5	1076	941	851	2040
5	1212	1035	1034	2041
5	1415	1056	1253	2042
5	1163	975	1162	2043
5	1349	1203	1348	2044
5	1022	860	694	2045
5	1091	866	1055	2046
5	1055	866	912	2047
5	1192	1012	1191	2048
5	1024	832	1023	2049
5	1164	977	882	2050
5	1026	690	834	2051
5	1184	1006	978	2052
5	1103	900	1062	2053
5	1179	996	995	2054
5	1105	882	907	2055
5	1072	899	1000	2056
5	1028	836	1027	2057
5	1180	998	997	2058
5	1029	837	1028	2059
5	1105	907	1104	2060
5	1030	838	1029	2061
5	1103	906	900	2062
5	1188	1010	1009	2063
5	1031	983	789	2064
5	1031	789	841	2065
5	1033	841	840	2066
5	1033	1031	841	2067
5	1355	1211	1210	2068
5	1517	1470	1397	2069
5	1076	851	1019	2070
5	1035	842	1034	2071
5	1118	926	925	2072
5	1036	843	1035	2073
5	1066	869	931	2074
5	1037	844	1036	2075
5	1085	1065	855	2076
5	1122	929	1121	2077
5	1136	947	946	2078
5	1039	845	1038	2079
5	1214	1038	966	2080
5	1040	846	1039	2081
5	1149	959	1052	2082
5	1216	1040	1039	2083
5	1050	892	913	2084
5	1422	1270	1246	2085
5	1042	863	849	2086
5	1044	659	867	2087
5	1436	1289	1260	2088
5	1122	916	929	2089
5	1256	691	1044	2090
5	1080	658	691	2091
5	1045	1041	895	2092
5	1045	895	897	2093
5	1101	893	891	2094
5	1106	1037	1213	2095
5	1047	946	848	2096
5	1273	1051	1110	2097
5	1048	1045	897	2098
5	1048	897	861	2099
5	1049	910	850	2100
5	1326	1073	1181	2101
5	1089	861	892	2102
5	1089	1048	861	2103
5	1143	923	954	2104
5	1079	848	873	2105
5	1132	940	1131	2106
5	1290	1126	1125	2107
5	1053	979	881	2108
5	1190	1053	881	2109
5	1054	902	860	2110
5	1200	1088	1022	2111
5	1108	911	1107	2112
5	1270	1050	1246	2113
5	1102	864	1091	2114
5	1102	901	864	2115
5	1058	698	1057	2116
5	1058	724	698	2117
5	1082	914	724	2118
5	1258	1057	1059	2119
5	1059	1057	663	2120
5	1059	663	852	2121
5	1246	1050	1060	2122
5	1345	1200	1344	2123
5	1356	1243	1212	2124
5	1124	896	1064	2125
5	1405	1310	1376	2126
5	1077	1062	905	2127
5	1064	896	883	2128
5	1294	1133	1223	2129
5	1443	1295	1377	2130
5	1134	917	943	2131
5	1193	1015	1014	2132
5	1338	1195	1194	2133
5	1111	920	919	2134
5	1066	1014	869	2135
5	1067	935	872	2136
5	1148	1067	872	2137
5	1097	887	1078	2138
5	1081	1049	850	2139
5	1210	1032	1070	2140
5	1211	1031	1033	2141
5	1210	1033	1032	2142
5	1211	1069	1031	2143
5	1249	1079	1248	2144
5	1157	967	1075	2145
5	1312	1160	1311	2146
5	1072	1000	1071	2147
5	1071	1001	877	2148
5	1182	1004	1003	2149
5	1181	998	1180	2150
5	1074	994	993	2151
5	1072	1075	858	2152
5	1378	1232	1353	2153
5	1139	950	949	2154
5	1127	936	935	2155
5	1158	970	1157	2156
5	1208	1029	1028	2157
5	1323	1074	1322	2158
5	1239	1097	1224	2159
5	1141	952	1140	2160
5	1231	1041	1045	2161
5	1550	1367	1265	2162
5	1754	1607	1753	2163
5	1126	933	1125	2164
5	1197	1018	1017	2165
5	1267	914	1082	2166
5	1281	1235	1055	2167
5	1289	1064	1260	2168
5	1233	867	1092	2169
5	1268	727	1084	2170
5	1084	727	668	2171
5	1112	920	1111	2172
5	1563	1452	1533	2173
5	1411	1259	1375	2174
5	1115	873	924	2175
5	1087	1060	859	2176
5	1087	859	847	2177
5	1088	1054	860	2178
5	1088	860	1022	2179
5	1449	1304	1448	2180
5	1303	1116	1143	2181
5	1099	879	878	2182
5	1099	1070	879	2183
5	1277	1103	1062	2184
5	1072	858	899	2185
5	1233	1044	867	2186
5	1222	868	1083	2187
5	1093	1092	661	2188
5	1093	661	868	2189
5	1110	915	871	2190
5	1270	1089	1050	2191
5	1144	955	964	2192
5	1145	956	955	2193
5	1096	1095	965	2194
5	1096	965	875	2195
5	1097	1081	876	2196
5	1097	876	887	2197
5	1098	1071	877	2198
5	1098	877	918	2199
5	1354	1070	1275	2200
5	1318	1172	1171	2201
5	1100	1064	883	2202
5	1100	883	917	2203
5	1262	1075	1072	2204
5	1382	1351	1350	2205
5	1179	994	1074	2206
5	1074	993	880	2207
5	1352	1207	1206	2208
5	1164	882	1105	2209
5	1322	1178	1316	2210
5	1165	977	1164	2211
5	1276	1071	1272	2212
5	1184	978	1165	2213
5	1106	909	908	2214
5	1357	1213	1243	2215
5	1108	912	911	2216
5	1107	911	902	2217
5	1721	1375	1577	2218
5	1383	1234	1254	2219
5	1109	1087	847	2220
5	1109	847	914	2221
5	1384	1220	1369	2222
5	1269	1086	1230	2223
5	1112	885	920	2224
5	1114	922	921	2225
5	1284	1117	1114	2226
5	1113	885	1112	2227
5	1338	1194	1193	2228
5	1114	921	1113	2229
5	1339	1283	1111	2230
5	1117	922	1114	2231
5	1385	1247	1306	2232
5	1141	953	952	2233
5	1116	1115	924	2234
5	1116	924	923	2235
5	1242	1065	1085	2236
5	1118	925	1117	2237
5	1389	1223	1237	2238
5	1119	926	1118	2239
5	1292	1130	1291	2240
5	1120	927	1119	2241
5	1439	1416	1288	2242
5	1255	1043	1122	2243
5	1130	938	1129	2244
5	1122	1043	916	2245
5	1433	1380	1286	2246
5	1589	1438	1510	2247
5	1123	931	930	2248
5	1193	1014	1066	2249
5	1286	1118	1117	2250
5	1287	1119	1286	2251
5	1126	934	933	2252
5	1197	1076	1019	2253
5	1295	1123	1135	2254
5	1196	934	1126	2255
5	1128	874	936	2256
5	1128	1125	874	2257
5	1452	1357	1387	2258
5	1450	1293	1446	2259
5	1130	928	938	2260
5	1129	938	937	2261
5	1337	1066	1296	2262
5	1435	1386	1241	2263
5	1132	870	940	2264
5	1132	1052	870	2265
5	1360	1216	1359	2266
5	1240	1144	1095	2267
5	1134	1100	917	2268
5	1133	943	942	2269
5	1511	1222	1420	2270
5	1953	1664	1706	2271
5	1285	1248	1115	2272
5	1245	1052	1293	2273
5	1137	948	947	2274
5	1138	939	948	2275
5	1293	1132	1131	2276
5	1138	948	1137	2277
5	1307	1152	1151	2278
5	1298	1131	1138	2279
5	1299	1076	1238	2280
5	1213	1037	1036	2281
5	1143	954	1142	2282
5	1142	953	1141	2283
5	1300	1141	1140	2284
5	1143	1116	923	2285
5	1557	1381	1552	2286
5	1297	1138	1137	2287
5	1365	1302	1301	2288
5	1586	1525	1380	2289
5	1240	1095	1096	2290
5	1147	958	957	2291
5	1308	1214	1153	2292
5	1245	1150	1149	2293
5	1304	1145	1144	2294
5	1147	957	1146	2295
5	1359	1214	1308	2296
5	1148	958	1147	2297
5	1360	1240	1096	2298
5	1411	1246	1259	2299
5	1150	961	960	2300
5	1152	963	962	2301
5	1305	1146	1304	2302
5	1153	963	1152	2303
5	1305	1148	1147	2304
5	1214	966	1153	2305
5	1359	1216	1215	2306
5	1215	1039	1038	2307
5	1306	1067	1148	2308
5	1307	1151	1150	2309
5	1155	969	968	2310
5	1156	1090	862	2311
5	1515	1080	1256	2312
5	1156	969	1155	2313
5	1899	1755	1754	2314
5	1274	1090	1226	2315
5	1158	971	970	2316
5	1209	1030	1029	2317
5	1232	1062	1077	2318
5	1159	971	1158	2319
5	1259	1060	1087	2320
5	1160	972	1159	2321
5	1329	1272	1098	2322
5	1161	973	1160	2323
5	1348	1203	1202	2324
5	1206	974	1161	2325
5	1163	976	975	2326
5	1199	1021	1020	2327
5	1333	1190	1189	2328
5	1200	1021	1199	2329
5	1277	1104	1103	2330
5	1185	1006	1184	2331
5	1346	1168	1315	2332
5	1186	1008	1007	2333
5	1167	981	980	2334
5	1201	1023	982	2335
5	1315	1168	1167	2336
5	1202	1023	1201	2337
5	1336	1192	1191	2338
5	1203	1024	1202	2339
5	1170	985	984	2340
5	1274	1099	1090	2341
5	1746	1600	1570	2342
5	1173	986	1172	2343
5	1462	1459	1321	2344
5	1174	987	1173	2345
5	1641	1426	1583	2346
5	1175	988	1174	2347
5	1239	1081	1097	2348
5	1176	990	898	2349
5	1355	1210	1354	2350
5	1176	898	989	2351
5	1252	1069	1211	2352
5	1317	1169	1252	2353
5	1317	1171	1170	2354
5	1177	990	1176	2355
5	1252	1169	1069	2356
5	1178	992	991	2357
5	1464	1322	1463	2358
5	1180	997	996	2359
5	1311	1159	1158	2360
5	1181	999	998	2361
5	1272	1071	1098	2362
5	1329	1098	1183	2363
5	1325	1181	1180	2364
5	1316	1178	1177	2365
5	1317	1170	1169	2366
5	1183	1005	1004	2367
5	1276	1072	1071	2368
5	1328	1183	1182	2369
5	1343	1198	1342	2370
5	1259	1246	1060	2371
5	1351	1313	1162	2372
5	1186	1007	1185	2373
5	1331	1186	1330	2374
5	1187	1008	1186	2375
5	1330	1185	1184	2376
5	1188	1009	1187	2377
5	1277	1062	1232	2378
5	1189	1010	1188	2379
5	1620	1456	1475	2380
5	1190	1011	1189	2381
5	1342	1192	1336	2382
5	1330	1186	1185	2383
5	1351	1162	1205	2384
5	1374	1253	1225	2385
5	1280	1107	1234	2386
5	1198	1013	1192	2387
5	1284	1114	1113	2388
5	1194	1015	1193	2389
5	1291	1129	1241	2390
5	1195	1016	1194	2391
5	1241	1129	1065	2392
5	1287	1120	1119	2393
5	1284	1113	1283	2394
5	1197	1019	1018	2395
5	1295	1135	1261	2396
5	1358	1106	1357	2397
5	1234	1107	1054	2398
5	1200	1022	1021	2399
5	1345	1254	1088	2400
5	1344	1199	1343	2401
5	1342	1198	1192	2402
5	1313	1163	1162	2403
5	1335	1191	1163	2404
5	1204	1026	1025	2405
5	1349	1204	1203	2406
5	1350	1205	1204	2407
5	1492	1312	1311	2408
5	1204	1025	1203	2409
5	1263	1157	1075	2410
5	1205	1026	1204	2411
5	1278	1164	1105	2412
5	1346	1201	1168	2413
5	1323	1179	1074	2414
5	1207	1027	1206	2415
5	1314	1184	1165	2416
5	1208	1028	1207	2417
5	1263	1158	1157	2418
5	1209	1077	1030	2419
5	1353	1209	1208	2420
5	1232	1077	1209	2421
5	1319	1175	1174	2422
5	1211	1033	1210	2423
5	1321	1316	1177	2424
5	1324	1179	1323	2425
5	1478	1296	1443	2426
5	1213	1036	1035	2427
5	1370	1282	1236	2428
5	1243	1213	1212	2429
5	1654	1531	1581	2430
5	1215	1038	1214	2431
5	1285	1115	1116	2432
5	1216	1039	1215	2433
5	1384	1231	1220	2434
5	1217	1040	1216	2435
5	1306	1247	1067	2436
5	1247	1127	1067	2437
5	1218	1084	668	2438
5	1218	668	517	2439
5	1521	1233	1367	2440
5	1219	886	507	2441
5	1271	1048	1089	2442
5	1271	1089	1270	2443
5	1403	1082	1059	2444
5	1403	1267	1082	2445
5	1264	1078	1068	2446
5	1260	1064	1100	2447
5	1223	1133	1063	2448
5	1514	1404	1416	2449
5	1224	1097	1078	2450
5	1562	1428	1538	2451
5	1225	1102	1091	2452
5	1235	1225	1091	2453
5	1495	1275	1426	2454
5	1309	1155	1154	2455
5	1420	1083	1268	2456
5	1519	1227	1518	2457
5	1436	1260	1417	2458
5	1439	1292	1438	2459
5	1423	1369	1271	2460
5	1423	1270	1422	2461
5	1236	1041	1231	2462
5	1558	1391	1557	2463
5	1236	1094	1041	2464
5	1273	1230	1051	2465
5	1319	1173	1318	2466
5	1278	1104	1277	2467
5	1684	1662	1401	2468
5	1265	1092	1093	2469
5	1235	1091	1055	2470
5	1476	1313	1382	2471
5	1281	1108	1280	2472
5	1628	1482	1627	2473
5	1365	1303	1302	2474
5	1647	1499	1646	2475
5	1237	1223	1063	2476
5	1237	1063	1043	2477
5	1340	1196	1126	2478
5	1290	1125	1128	2479
5	1251	1154	1049	2480
5	1309	1154	1251	2481
5	1399	1279	1358	2482
5	1247	1128	1127	2483
5	1292	1288	1121	2484
5	1255	1237	1043	2485
5	1242	1120	1287	2486
5	1242	1241	1065	2487
5	1356	1139	1299	2488
5	1261	1135	1046	2489
5	1244	1136	1047	2490
5	1248	1079	1115	2491
5	1293	1052	1132	2492
5	1307	1150	1245	2493
5	1375	1259	1229	2494
5	1391	1230	1381	2495
5	1304	1146	1145	2496
5	1305	1147	1146	2497
5	1249	1047	1079	2498
5	1249	1244	1047	2499
5	1447	1301	1300	2500
5	1568	1412	1564	2501
5	1315	1167	1250	2502
5	1250	1167	1166	2503
5	1559	1402	1080	2504
5	1426	1274	1396	2505
5	1275	1099	1274	2506
5	1319	1174	1173	2507
5	1419	1109	1267	2508
5	1419	1229	1109	2509
5	1254	1234	1054	2510
5	1254	1054	1088	2511
5	1573	1407	1565	2512
5	1438	1291	1386	2513
5	1379	1042	1266	2514
5	1256	1080	691	2515
5	1257	1251	1049	2516
5	1257	1049	1081	2517
5	1258	1082	1058	2518
5	1258	1058	1057	2519
5	1347	1202	1201	2520
5	1330	1184	1314	2521
5	1518	1227	1368	2522
5	1390	1294	1223	2523
5	1622	1443	1526	2524
5	1358	1101	1106	2525
5	1496	1457	1252	2526
5	1263	1075	1262	2527
5	1312	1206	1161	2528
5	1311	1158	1263	2529
5	1527	1368	1061	2530
5	1687	1512	1513	2531
5	1367	1233	1092	2532
5	1266	1042	849	2533
5	1460	1319	1318	2534
5	1664	1518	1368	2535
5	1415	1221	1056	2536
5	1548	1374	1408	2537
5	1530	1268	1084	2538
5	1268	1083	727	2539
5	1391	1269	1230	2540
5	1300	1140	1269	2541
5	1663	1415	1571	2542
5	1271	1220	1048	2543
5	1447	1300	1392	2544
5	1392	1300	1269	2545
5	1276	1262	1072	2546
5	1640	1494	1493	2547
5	1413	1249	1412	2548
5	1381	1230	1273	2549
5	1275	1070	1099	2550
5	1354	1210	1070	2551
5	1460	1318	1458	2552
5	1355	1252	1211	2553
5	1469	1429	1328	2554
5	1464	1323	1322	2555
5	1428	1232	1378	2556
5	1332	1189	1188	2557
5	1250	1166	1053	2558
5	1455	1311	1263	2559
5	1279	1261	1046	2560
5	1279	1046	1101	2561
5	1281	1055	1108	2562
5	1280	1108	1107	2563
5	1431	1281	1430	2564
5	1572	1419	1267	2565
5	1282	1273	1110	2566
5	1282	1110	1094	2567
5	1296	1123	1295	2568
5	1296	1066	1123	2569
5	1301	1141	1300	2570
5	1242	1085	1120	2571
5	1647	1500	1499	2572
5	1286	1119	1118	2573
5	1444	1297	1244	2574
5	1387	1357	1243	2575
5	1443	1296	1295	2576
5	1380	1287	1286	2577
5	1288	1255	1122	2578
5	1288	1122	1121	2579
5	1723	1688	1417	2580
5	1512	1289	1436	2581
5	1437	1247	1385	2582
5	1341	1197	1196	2583
5	1292	1121	1130	2584
5	1291	1130	1129	2585
5	1390	1223	1389	2586
5	1386	1291	1241	2587
5	1297	1137	1136	2588
5	1625	1437	1534	2589
5	1294	1228	1134	2590
5	1294	1134	1133	2591
5	1437	1290	1247	2592
5	1337	1193	1066	2593
5	1441	1338	1337	2594
5	1338	1193	1337	2595
5	1400	1248	1285	2596
5	1298	1138	1297	2597
5	1450	1245	1293	2598
5	1412	1248	1400	2599
5	1356	1212	1139	2600
5	1299	1139	1076	2601
5	1301	1142	1141	2602
5	1302	1143	1142	2603
5	1392	1269	1391	2604
5	1302	1142	1301	2605
5	1303	1285	1116	2606
5	1303	1143	1302	2607
5	1359	1215	1214	2608
5	1245	1149	1052	2609
5	1502	1448	1240	2610
5	1388	1299	1238	2611
5	1480	1290	1437	2612
5	1306	1148	1305	2613
5	1421	1303	1365	2614
5	1448	1304	1240	2615
5	1444	1244	1413	2616
5	1360	1096	1217	2617
5	1479	1432	1283	2618
5	1308	1153	1152	2619
5	1458	1318	1317	2620
5	1310	1155	1309	2621
5	1311	1160	1159	2622
5	1353	1208	1352	2623
5	1602	1455	1454	2624
5	1493	1352	1312	2625
5	1352	1206	1312	2626
5	1312	1161	1160	2627
5	1314	1164	1278	2628
5	1331	1188	1187	2629
5	1314	1165	1164	2630
5	1331	1187	1186	2631
5	1485	1345	1344	2632
5	1348	1202	1347	2633
5	1322	1074	1178	2634
5	1324	1180	1179	2635
5	1395	1224	1366	2636
5	1396	1274	1226	2637
5	2029	1881	2028	2638
5	1321	1176	1320	2639
5	1466	1325	1324	2640
5	1320	1175	1319	2641
5	1463	1322	1316	2642
5	1426	1275	1274	2643
5	1495	1355	1354	2644
5	1463	1316	1459	2645
5	1454	1263	1262	2646
5	1325	1180	1324	2647
5	1454	1262	1424	2648
5	1326	1181	1325	2649
5	1427	1272	1398	2650
5	1327	1182	1073	2651
5	1398	1272	1329	2652
5	1468	1327	1326	2653
5	1467	1326	1325	2654
5	1327	1073	1326	2655
5	1459	1316	1321	2656
5	1328	1182	1327	2657
5	1603	1457	1536	2658
5	1329	1183	1328	2659
5	1489	1347	1488	2660
5	1618	1471	1615	2661
5	1488	1347	1346	2662
5	1333	1189	1332	2663
5	1468	1326	1467	2664
5	1334	1053	1190	2665
5	1458	1317	1457	2666
5	1467	1325	1466	2667
5	1397	1278	1277	2668
5	1334	1190	1333	2669
5	1627	1477	1621	2670
5	1476	1335	1313	2671
5	1617	1475	1474	2672
5	1490	1349	1348	2673
5	1487	1315	1456	2674
5	1345	1088	1200	2675
5	1407	1294	1390	2676
5	1434	1287	1380	2677
5	1339	1195	1338	2678
5	1339	1111	1195	2679
5	1442	1338	1441	2680
5	1478	1441	1337	2681
5	1341	1238	1197	2682
5	1341	1196	1340	2683
5	1418	1261	1279	2684
5	1791	1645	1790	2685
5	1488	1346	1487	2686
5	1344	1200	1199	2687
5	1456	1315	1250	2688
5	1541	1383	1522	2689
5	1487	1346	1315	2690
5	1483	1343	1342	2691
5	1383	1373	1234	2692
5	1572	1267	1403	2693
5	1473	1332	1331	2694
5	1470	1278	1397	2695
5	1475	1456	1250	2696
5	1350	1204	1349	2697
5	1489	1348	1347	2698
5	1351	1205	1350	2699
5	1657	1549	1640	2700
5	1491	1382	1350	2701
5	1382	1313	1351	2702
5	1482	1336	1477	2703
5	1470	1314	1278	2704
5	1352	1208	1207	2705
5	1472	1330	1471	2706
5	1353	1232	1209	2707
5	1474	1333	1332	2708
5	1474	1334	1333	2709
5	1414	1251	1257	2710
5	1560	1516	1376	2711
5	1414	1257	1394	2712
5	1756	1609	1755	2713
5	1498	1387	1243	2714
5	1575	1377	1418	2715
5	1358	1279	1101	2716
5	1357	1106	1213	2717
5	1440	1385	1306	2718
5	1440	1306	1305	2719
5	1449	1440	1305	2720
5	1360	1217	1216	2721
5	1449	1305	1304	2722
5	1412	1249	1248	2723
5	1393	1256	1044	2724
5	1393	1044	1233	2725
5	1652	853	1504	2726
5	1420	1222	1083	2727
5	1363	1362	1218	2728
5	1363	1218	853	2729
5	1364	1266	849	2730
5	1544	849	685	2731
5	1413	1244	1249	2732
5	1446	1298	1445	2733
5	1545	1264	1361	2734
5	1406	1265	1093	2735
5	1658	1591	1592	2736
5	1544	720	1508	2737
5	1512	1372	1289	2738
5	1417	1260	1228	2739
5	1423	1271	1270	2740
5	1422	1246	1411	2741
5	1409	1231	1384	2742
5	1409	1236	1231	2743
5	1504	853	660	2744
5	1505	746	888	2745
5	1578	1084	1362	2746
5	1372	1124	1289	2747
5	1373	1280	1234	2748
5	1484	1344	1343	2749
5	1581	1423	1580	2750
5	1431	1408	1235	2751
5	1630	1485	1484	2752
5	1630	1484	1629	2753
5	1376	1310	1309	2754
5	1453	1309	1251	2755
5	1377	1295	1261	2756
5	1418	1377	1261	2757
5	1636	1491	1490	2758
5	1494	1352	1493	2759
5	1511	1406	1222	2760
5	1555	1404	1514	2761
5	1433	1284	1432	2762
5	1710	1555	1709	2763
5	1552	1425	1520	2764
5	1872	1727	1845	2765
5	1627	1482	1477	2766
5	1483	1342	1482	2767
5	1477	1335	1476	2768
5	1482	1342	1336	2769
5	1409	1370	1236	2770
5	1552	1381	1425	2771
5	1540	1410	1481	2772
5	1645	1387	1498	2773
5	1435	1242	1434	2774
5	1573	1417	1407	2775
5	1497	1299	1388	2776
5	1788	1543	1703	2777
5	1497	1356	1299	2778
5	1498	1243	1356	2779
5	1587	1434	1525	2780
5	1722	1573	1565	2781
5	1586	1433	1585	2782
5	1417	1228	1407	2783
5	1595	1392	1558	2784
5	1447	1365	1301	2785
5	1843	1670	1842	2786
5	1568	1413	1412	2787
5	1503	1401	1402	2788
5	1852	1707	1528	2789
5	1561	1405	1516	2790
5	1453	1251	1414	2791
5	1395	1394	1239	2792
5	1395	1239	1224	2793
5	1876	1731	1676	2794
5	1457	1317	1252	2795
5	1635	1490	1489	2796
5	1634	1488	1633	2797
5	1424	1262	1276	2798
5	1494	1353	1352	2799
5	1624	1432	1479	2800
5	1418	1279	1399	2801
5	1564	1400	1421	2802
5	1446	1293	1298	2803
5	1844	1689	1559	2804
5	1401	886	1219	2805
5	1402	1401	1219	2806
5	1402	1219	1080	2807
5	1403	1059	1221	2808
5	1801	1667	1548	2809
5	1404	1389	1237	2810
5	1404	1237	1255	2811
5	1405	1396	1226	2812
5	1405	1226	1310	2813
5	1706	1368	1527	2814
5	1665	1363	1652	2815
5	1525	1434	1380	2816
5	1590	1514	1416	2817
5	1408	1374	1225	2818
5	1408	1225	1235	2819
5	1593	1445	1444	2820
5	1596	1365	1447	2821
5	1410	1388	1238	2822
5	1410	1238	1341	2823
5	1571	1415	1253	2824
5	1553	1520	1370	2825
5	1595	1447	1392	2826
5	1569	1444	1413	2827
5	1792	1646	1599	2828
5	1534	1437	1385	2829
5	1608	1463	1607	2830
5	1453	1376	1309	2831
5	1571	1253	1374	2832
5	1576	1221	1415	2833
5	1416	1404	1255	2834
5	1416	1255	1288	2835
5	1556	1389	1555	2836
5	1521	1393	1233	2837
5	1586	1380	1433	2838
5	1767	1591	1658	2839
5	1802	1663	1571	2840
5	1702	1509	1541	2841
5	1668	1578	1362	2842
5	1669	1528	1364	2843
5	1421	1400	1285	2844
5	1421	1285	1303	2845
5	1531	1384	1369	2846
5	1581	1369	1423	2847
5	1579	1422	1411	2848
5	1670	1566	1531	2849
5	1582	1427	1532	2850
5	1538	1428	1378	2851
5	1425	1381	1273	2852
5	1425	1273	1282	2853
5	1536	1457	1496	2854
5	1642	1536	1496	2855
5	1427	1424	1276	2856
5	1427	1276	1272	2857
5	1428	1397	1277	2858
5	1428	1277	1232	2859
5	1429	1398	1329	2860
5	1429	1329	1328	2861
5	1431	1235	1281	2862
5	1430	1281	1280	2863
5	1580	1422	1579	2864
5	1548	1408	1507	2865
5	1433	1286	1284	2866
5	1432	1284	1283	2867
5	1768	1623	1767	2868
5	1770	1625	1672	2869
5	1435	1241	1242	2870
5	1434	1242	1287	2871
5	1555	1389	1404	2872
5	1565	1407	1390	2873
5	1542	1394	1395	2874
5	1565	1390	1556	2875
5	1480	1340	1290	2876
5	1481	1341	1340	2877
5	1439	1288	1292	2878
5	1438	1292	1291	2879
5	1803	1709	1739	2880
5	1738	1589	1673	2881
5	1445	1297	1444	2882
5	1500	1359	1308	2883
5	1442	1339	1338	2884
5	1479	1283	1339	2885
5	1591	1442	1441	2886
5	1479	1339	1442	2887
5	1478	1337	1296	2888
5	1598	1449	1597	2889
5	1445	1298	1297	2890
5	1501	1360	1359	2891
5	1646	1451	1599	2892
5	1499	1307	1451	2893
5	1599	1451	1450	2894
5	1500	1308	1499	2895
5	1580	1423	1422	2896
5	1577	1229	1419	2897
5	1451	1245	1450	2898
5	1499	1308	1307	2899
5	1794	1647	1793	2900
5	1804	1716	1791	2901
5	1451	1307	1245	2902
5	1501	1359	1500	2903
5	1599	1450	1523	2904
5	1543	1410	1540	2905
5	1452	1399	1358	2906
5	1452	1358	1357	2907
5	1676	1516	1656	2908
5	1608	1464	1463	2909
5	1562	1517	1397	2910
5	1455	1263	1454	2911
5	1607	1463	1459	2912
5	1492	1311	1455	2913
5	1471	1314	1470	2914
5	1471	1330	1314	2915
5	1495	1354	1275	2916
5	1496	1252	1355	2917
5	1561	1396	1405	2918
5	1604	1460	1537	2919
5	1461	1319	1460	2920
5	1465	1324	1323	2921
5	1461	1320	1319	2922
5	1462	1321	1320	2923
5	1609	1465	1464	2924
5	1462	1320	1461	2925
5	1607	1459	1606	2926
5	1676	1561	1516	2927
5	1611	1467	1466	2928
5	1613	1469	1468	2929
5	1612	1467	1611	2930
5	1465	1323	1464	2931
5	1610	1466	1465	2932
5	1466	1324	1465	2933
5	1606	1462	1605	2934
5	1469	1327	1468	2935
5	1605	1461	1604	2936
5	1469	1328	1327	2937
5	1537	1460	1458	2938
5	1750	1537	1699	2939
5	1640	1493	1639	2940
5	1757	1611	1610	2941
5	1473	1331	1472	2942
5	1472	1331	1330	2943
5	1615	1470	1517	2944
5	1617	1474	1616	2945
5	1636	1490	1635	2946
5	1474	1332	1473	2947
5	1762	1617	1616	2948
5	1582	1424	1427	2949
5	1475	1334	1474	2950
5	1475	1250	1334	2951
5	1606	1459	1462	2952
5	1605	1462	1461	2953
5	1477	1336	1335	2954
5	1486	1345	1485	2955
5	1751	1605	1604	2956
5	1621	1476	1539	2957
5	2080	1934	2079	2958
5	1585	1433	1432	2959
5	1588	1386	1435	2960
5	1650	1448	1502	2961
5	1481	1410	1341	2962
5	1481	1340	1480	2963
5	1543	1388	1410	2964
5	1648	1501	1500	2965
5	1484	1343	1483	2966
5	1485	1344	1484	2967
5	1629	1483	1628	2968
5	1631	1486	1485	2969
5	1628	1483	1482	2970
5	1486	1254	1345	2971
5	1774	1629	1628	2972
5	1486	1383	1254	2973
5	1780	1636	1635	2974
5	1634	1489	1488	2975
5	1562	1397	1428	2976
5	1490	1348	1489	2977
5	1633	1488	1487	2978
5	1491	1350	1349	2979
5	1633	1487	1632	2980
5	1615	1471	1470	2981
5	1752	1606	1605	2982
5	1491	1349	1490	2983
5	1773	1627	1772	2984
5	1621	1477	1476	2985
5	1760	1614	1613	2986
5	1493	1312	1492	2987
5	1601	1424	1582	2988
5	1494	1378	1353	2989
5	1860	1714	1700	2990
5	1616	1474	1473	2991
5	1570	1414	1394	2992
5	1496	1355	1495	2993
5	1807	1570	1653	2994
5	1786	1583	1731	2995
5	1533	1452	1387	2996
5	1498	1356	1497	2997
5	1645	1533	1387	2998
5	1643	1388	1543	2999
5	1649	1502	1501	3000
5	1502	1240	1360	3001
5	1648	1500	1647	3002
5	1569	1413	1568	3003
5	1558	1392	1391	3004
5	1502	1360	1501	3005
5	1524	1421	1365	3006
5	1564	1421	1524	3007
5	1814	1551	1696	3008
5	1515	1256	1393	3009
5	1519	1371	1227	3010
5	1849	1706	1687	3011
5	1505	1504	660	3012
5	1505	660	746	3013
5	1506	1068	863	3014
5	1506	1042	1379	3015
5	1584	1507	1431	3016
5	1541	1509	1373	3017
5	1809	1508	1662	3018
5	1546	1366	1545	3019
5	1584	1431	1430	3020
5	1509	1430	1373	3021
5	1510	1438	1386	3022
5	1588	1510	1386	3023
5	1685	1379	1529	3024
5	1556	1390	1389	3025
5	1810	1504	1505	3026
5	1687	1372	1512	3027
5	1513	1512	1436	3028
5	2136	1943	1816	3029
5	1590	1439	1589	3030
5	1735	1587	1525	3031
5	1559	1080	1515	3032
5	1689	1402	1559	3033
5	1516	1405	1376	3034
5	1867	1688	1723	3035
5	1997	1852	1669	3036
5	1506	1361	1068	3037
5	1695	1521	1367	3038
5	1691	1515	1393	3039
5	1956	1695	1853	3040
5	1951	1693	1848	3041
5	1520	1425	1370	3042
5	1812	1713	1743	3043
5	1948	1817	1818	3044
5	1578	1530	1084	3045
5	1541	1373	1383	3046
5	1522	1383	1486	3047
5	1523	1450	1446	3048
5	1594	1523	1446	3049
5	1593	1444	1569	3050
5	1564	1412	1400	3051
5	1587	1435	1434	3052
5	1588	1435	1587	3053
5	1526	1443	1377	3054
5	1575	1526	1377	3055
5	1527	932	1124	3056
5	1547	1362	1363	3057
5	1529	1266	1528	3058
5	1529	1379	1266	3059
5	1941	1692	1940	3060
5	1690	1361	1506	3061
5	1698	1420	1530	3062
5	1530	1420	1268	3063
5	1553	1370	1409	3064
5	1566	1384	1531	3065
5	1532	1427	1398	3066
5	1614	1535	1429	3067
5	1563	1399	1452	3068
5	1574	1418	1399	3069
5	1626	1540	1481	3070
5	1643	1497	1388	3071
5	1535	1532	1398	3072
5	1535	1398	1429	3073
5	1583	1396	1561	3074
5	1642	1496	1495	3075
5	1751	1604	1750	3076
5	1901	1756	1900	3077
5	1700	1538	1549	3078
5	1639	1493	1492	3079
5	1539	1476	1382	3080
5	1637	1382	1491	3081
5	1626	1480	1625	3082
5	1644	1498	1497	3083
5	1774	1628	1773	3084
5	1909	1765	1908	3085
5	1560	1376	1453	3086
5	1570	1394	1542	3087
5	1703	1543	1540	3088
5	1788	1643	1543	3089
5	1809	1364	1544	3090
5	1544	1364	849	3091
5	1858	1710	1709	3092
5	1545	1366	1264	3093
5	1817	1704	1705	3094
5	1818	1366	1546	3095
5	1527	1124	1372	3096
5	1819	1521	1695	3097
5	1567	1411	1375	3098
5	1579	1411	1567	3099
5	1549	1538	1378	3100
5	1549	1378	1494	3101
5	1853	1550	1697	3102
5	1691	1393	1521	3103
5	1551	1550	1265	3104
5	1551	1265	1406	3105
5	1557	1391	1381	3106
5	1596	1447	1595	3107
5	1741	1594	1593	3108
5	1659	1552	1520	3109
5	1554	1534	1385	3110
5	1554	1385	1440	3111
5	1735	1525	1680	3112
5	1910	1820	1734	3113
5	1944	1910	1912	3114
5	1799	1573	1722	3115
5	2023	1875	1874	3116
5	1850	1694	1708	3117
5	1712	1557	1711	3118
5	1711	1557	1552	3119
5	1660	1559	1515	3120
5	1691	1660	1515	3121
5	1600	1414	1570	3122
5	1656	1516	1560	3123
5	1583	1426	1396	3124
5	1641	1495	1426	3125
5	1824	1766	1782	3126
5	1900	1755	1899	3127
5	1770	1626	1625	3128
5	1574	1399	1563	3129
5	1822	1567	1721	3130
5	1729	1580	1579	3131
5	1680	1525	1586	3132
5	1736	1588	1587	3133
5	1566	1553	1409	3134
5	1566	1409	1384	3135
5	1720	1569	1568	3136
5	1718	1564	1524	3137
5	1719	1564	1718	3138
5	1594	1446	1445	3139
5	1742	1523	1594	3140
5	1712	1558	1557	3141
5	1600	1453	1414	3142
5	1600	1560	1453	3143
5	1577	1375	1229	3144
5	1701	1522	1681	3145
5	1822	1728	1567	3146
5	1576	1419	1572	3147
5	1688	1436	1417	3148
5	1826	1436	1688	3149
5	1797	1744	1597	3150
5	1575	1418	1574	3151
5	1675	1672	1534	3152
5	1882	1737	1736	3153
5	1576	1572	1403	3154
5	1576	1403	1221	3155
5	1727	1419	1576	3156
5	1667	1571	1374	3157
5	1945	1668	1547	3158
5	1668	1362	1547	3159
5	1775	1630	1629	3160
5	1720	1568	1719	3161
5	1887	1712	1711	3162
5	1581	1531	1369	3163
5	1713	1524	1596	3164
5	1670	1531	1654	3165
5	1601	1454	1424	3166
5	1638	1492	1455	3167
5	1807	1746	1570	3168
5	2072	1927	1876	3169
5	1727	1576	1663	3170
5	1729	1579	1728	3171
5	1623	1442	1591	3172
5	1624	1585	1432	3173
5	1820	1680	1734	3174
5	1930	1790	1789	3175
5	1829	1674	1742	3176
5	1716	1563	1533	3177
5	1830	1722	1565	3178
5	1717	1556	1710	3179
5	1590	1416	1439	3180
5	1589	1439	1438	3181
5	1709	1555	1514	3182
5	1880	1735	1680	3183
5	1623	1479	1442	3184
5	1624	1479	1623	3185
5	1592	1591	1441	3186
5	1592	1441	1478	3187
5	1932	1792	1839	3188
5	1594	1445	1593	3189
5	1793	1646	1792	3190
5	1745	1675	1554	3191
5	2012	1863	1958	3192
5	1596	1524	1365	3193
5	1741	1593	1740	3194
5	2078	1933	1932	3195
5	1598	1440	1449	3196
5	1597	1449	1448	3197
5	1890	1675	1745	3198
5	1724	1563	1716	3199
5	1646	1499	1451	3200
5	1649	1501	1648	3201
5	1876	1676	1800	3202
5	1891	1833	1747	3203
5	1748	1582	1678	3204
5	1602	1454	1601	3205
5	1784	1639	1638	3206
5	1638	1455	1602	3207
5	1603	1537	1458	3208
5	1603	1458	1457	3209
5	1677	1536	1661	3210
5	1612	1468	1467	3211
5	1759	1613	1612	3212
5	1753	1606	1752	3213
5	1758	1612	1611	3214
5	1609	1464	1608	3215
5	1677	1603	1536	3216
5	1610	1465	1609	3217
5	1755	1608	1754	3218
5	1613	1468	1612	3219
5	1785	1639	1784	3220
5	1749	1602	1601	3221
5	1761	1683	1535	3222
5	1611	1466	1610	3223
5	1759	1612	1758	3224
5	1614	1469	1613	3225
5	1755	1609	1608	3226
5	1614	1429	1469	3227
5	1699	1537	1603	3228
5	1841	1657	1785	3229
5	1904	1760	1759	3230
5	1678	1582	1532	3231
5	1619	1616	1473	3232
5	1620	1475	1617	3233
5	1619	1472	1618	3234
5	1632	1456	1620	3235
5	1781	1637	1636	3236
5	1632	1487	1456	3237
5	1619	1473	1472	3238
5	1618	1472	1471	3239
5	1753	1607	1606	3240
5	1715	1517	1562	3241
5	1777	1620	1765	3242
5	1682	1615	1679	3243
5	1775	1629	1774	3244
5	1631	1522	1486	3245
5	1622	1592	1478	3246
5	1622	1478	1443	3247
5	1767	1623	1591	3248
5	1769	1585	1624	3249
5	1768	1624	1623	3250
5	1989	1723	1799	3251
5	1626	1481	1480	3252
5	1625	1480	1437	3253
5	1937	1889	1744	3254
5	1725	1574	1724	3255
5	1702	1541	1701	3256
5	1629	1484	1483	3257
5	1681	1522	1631	3258
5	1921	1781	1780	3259
5	1776	1631	1630	3260
5	1778	1632	1777	3261
5	1772	1621	1766	3262
5	1631	1485	1630	3263
5	1879	1651	1733	3264
5	1732	1509	1702	3265
5	1773	1628	1627	3266
5	1635	1489	1634	3267
5	1682	1618	1615	3268
5	1765	1620	1617	3269
5	2099	1995	1957	3270
5	1637	1491	1636	3271
5	1772	1627	1621	3272
5	1637	1539	1382	3273
5	1779	1635	1634	3274
5	1781	1636	1780	3275
5	1765	1617	1762	3276
5	1777	1632	1620	3277
5	1908	1765	1762	3278
5	1639	1492	1638	3279
5	1679	1615	1517	3280
5	1640	1549	1494	3281
5	1763	1618	1682	3282
5	1700	1549	1657	3283
5	1661	1536	1642	3284
5	1642	1495	1641	3285
5	1699	1603	1677	3286
5	1787	1661	1642	3287
5	1934	1794	1933	3288
5	1644	1497	1643	3289
5	1724	1574	1563	3290
5	1645	1498	1644	3291
5	1832	1771	1770	3292
5	1726	1575	1725	3293
5	1792	1599	1674	3294
5	1796	1649	1795	3295
5	1797	1650	1796	3296
5	1650	1502	1649	3297
5	1931	1791	1790	3298
5	1650	1597	1448	3299
5	1675	1534	1554	3300
5	1711	1552	1659	3301
5	1719	1568	1564	3302
5	1796	1650	1649	3303
5	1651	1548	1507	3304
5	1733	1651	1507	3305
5	1665	1547	1363	3306
5	1652	1363	853	3307
5	1653	1570	1542	3308
5	2093	1857	1983	3309
5	1730	1581	1580	3310
5	1728	1579	1567	3311
5	1655	1546	1545	3312
5	1655	1545	1361	3313
5	1747	1600	1746	3314
5	1747	1560	1600	3315
5	1860	1700	1806	3316
5	1785	1640	1639	3317
5	1726	1671	1526	3318
5	1725	1575	1574	3319
5	1855	1701	1681	3320
5	1694	1520	1553	3321
5	1684	1401	1503	3322
5	2127	1997	1977	3323
5	1731	1561	1676	3324
5	1787	1642	1641	3325
5	1662	1508	886	3326
5	1662	886	1401	3327
5	1802	1571	1667	3328
5	1663	1576	1415	3329
5	1811	1696	1511	3330
5	1707	1529	1528	3331
5	1810	1505	1371	3332
5	1810	1371	1686	3333
5	1666	1658	1592	3334
5	1666	1592	1622	3335
5	1845	1727	1663	3336
5	1721	1567	1375	3337
5	1808	1519	1692	3338
5	1693	1530	1578	3339
5	1690	1655	1361	3340
5	1950	1687	1513	3341
5	1694	1659	1520	3342
5	1708	1566	1670	3343
5	1671	1666	1622	3344
5	1671	1622	1526	3345
5	1672	1625	1534	3346
5	1836	1788	1703	3347
5	1673	1589	1510	3348
5	1737	1673	1510	3349
5	1674	1599	1523	3350
5	1742	1674	1523	3351
5	1745	1598	1744	3352
5	1795	1649	1648	3353
5	1731	1583	1561	3354
5	1786	1641	1583	3355
5	1897	1752	1896	3356
5	1899	1754	1898	3357
5	1748	1601	1582	3358
5	1783	1638	1602	3359
5	1714	1538	1700	3360
5	1715	1679	1517	3361
5	1737	1588	1736	3362
5	1736	1587	1735	3363
5	1701	1541	1522	3364
5	1733	1584	1732	3365
5	1903	1759	1758	3366
5	1897	1753	1752	3367
5	1683	1678	1532	3368
5	1683	1532	1535	3369
5	2152	1977	1809	3370
5	1809	1544	1508	3371
5	1692	1519	1518	3372
5	1951	1854	1693	3373
5	1798	1692	1518	3374
5	1945	1848	1668	3375
5	1706	1664	1368	3376
5	2157	1867	1989	3377
5	1717	1565	1556	3378
5	1710	1556	1555	3379
5	2003	1844	1660	3380
5	1689	1503	1402	3381
5	1690	1506	1379	3382
5	1690	1379	1685	3383
5	1698	1511	1420	3384
5	1695	1367	1550	3385
5	1808	1686	1519	3386
5	1954	1685	1813	3387
5	1696	1551	1406	3388
5	1696	1406	1511	3389
5	1955	1842	1873	3390
5	2026	1651	1879	3391
5	1819	1691	1521	3392
5	1851	1691	1819	3393
5	1811	1511	1698	3394
5	1852	1528	1669	3395
5	2004	1697	1814	3396
5	1697	1550	1551	3397
5	1698	1530	1693	3398
5	1814	1697	1551	3399
5	1750	1604	1537	3400
5	1752	1605	1751	3401
5	1714	1562	1538	3402
5	1715	1562	1714	3403
5	1733	1507	1584	3404
5	1732	1584	1509	3405
5	1856	1701	1855	3406
5	1917	1774	1916	3407
5	1771	1626	1770	3408
5	1871	1671	1726	3409
5	1857	1653	1542	3410
5	1704	1542	1395	3411
5	1705	1704	1395	3412
5	1705	1395	1366	3413
5	1706	1527	1372	3414
5	1706	1372	1687	3415
5	1798	1518	1664	3416
5	1813	1685	1529	3417
5	1708	1694	1553	3418
5	1708	1553	1566	3419
5	1739	1590	1738	3420
5	1739	1514	1590	3421
5	1866	1717	1710	3422
5	2087	1799	1991	3423
5	1743	1595	1712	3424
5	1718	1524	1713	3425
5	1932	1793	1792	3426
5	1712	1595	1558	3427
5	1743	1596	1595	3428
5	1865	1719	1864	3429
5	2056	1909	1908	3430
5	1908	1762	1838	3431
5	1861	1714	1860	3432
5	2053	1906	1905	3433
5	1789	1643	1788	3434
5	1790	1645	1644	3435
5	1799	1723	1573	3436
5	1723	1417	1573	3437
5	2034	1865	2013	3438
5	1740	1593	1569	3439
5	1913	1703	1771	3440
5	1740	1569	1720	3441
5	2196	2050	2195	3442
5	1885	1720	1865	3443
5	1801	1548	1651	3444
5	2007	1855	2006	3445
5	2015	1858	2014	3446
5	1813	1529	1707	3447
5	2088	1513	2016	3448
5	1867	1826	1688	3449
5	1868	1724	1716	3450
5	1726	1526	1575	3451
5	2032	1884	1835	3452
5	2030	1882	2029	3453
5	1870	1726	1725	3454
5	1871	1828	1671	3455
5	1998	1802	1972	3456
5	1727	1577	1419	3457
5	1873	1842	1654	3458
5	1730	1580	1729	3459
5	1823	1659	1694	3460
5	1730	1654	1581	3461
5	2002	1843	2001	3462
5	2160	2001	2089	3463
5	1902	1757	1901	3464
5	1846	1677	1661	3465
5	1877	1732	1702	3466
5	2025	1878	1877	3467
5	1855	1681	1837	3468
5	1845	1663	1802	3469
5	1734	1680	1586	3470
5	1734	1586	1585	3471
5	2028	1880	1964	3472
5	1737	1510	1588	3473
5	1884	1739	1738	3474
5	1883	1835	1673	3475
5	1880	1680	1820	3476
5	1821	1767	1658	3477
5	1739	1709	1514	3478
5	1738	1590	1589	3479
5	1858	1709	1803	3480
5	1830	1565	1717	3481
5	1831	1711	1659	3482
5	1831	1659	1823	3483
5	1874	1729	1728	3484
5	1742	1594	1741	3485
5	1839	1674	1829	3486
5	1743	1713	1596	3487
5	1935	1795	1934	3488
5	1863	1713	1812	3489
5	1745	1554	1598	3490
5	1744	1598	1597	3491
5	1839	1792	1674	3492
5	1933	1793	1932	3493
5	1747	1656	1560	3494
5	1896	1751	1895	3495
5	2016	1513	1826	3496
5	1928	1827	1787	3497
5	1896	1752	1751	3498
5	1749	1601	1748	3499
5	2071	1926	1925	3500
5	1783	1602	1749	3501
5	1895	1750	1894	3502
5	1898	1754	1753	3503
5	1894	1699	1815	3504
5	1754	1608	1607	3505
5	1895	1751	1750	3506
5	1756	1610	1609	3507
5	2240	1866	2100	3508
5	1846	1661	1827	3509
5	1927	1731	1876	3510
5	1757	1610	1756	3511
5	1928	1787	1786	3512
5	1760	1613	1759	3513
5	1892	1748	1678	3514
5	1924	1783	1749	3515
5	1834	1678	1683	3516
5	1758	1611	1757	3517
5	1905	1761	1760	3518
5	1761	1614	1760	3519
5	1902	1758	1757	3520
5	1761	1535	1614	3521
5	1898	1753	1897	3522
5	1894	1750	1699	3523
5	2090	2040	1962	3524
5	1841	1806	1657	3525
5	1764	1619	1763	3526
5	1764	1616	1619	3527
5	1764	1762	1616	3528
5	1763	1619	1618	3529
5	1906	1834	1683	3530
5	2009	1860	1963	3531
5	1838	1762	1764	3532
5	1779	1634	1633	3533
5	1766	1621	1539	3534
5	1782	1637	1781	3535
5	1964	1880	1820	3536
5	1769	1624	1768	3537
5	2170	2020	2169	3538
5	1769	1734	1585	3539
5	1805	1658	1666	3540
5	1821	1658	1805	3541
5	1771	1540	1626	3542
5	1771	1703	1540	3543
5	1966	1840	1890	3544
5	1937	1797	1936	3545
5	1918	1775	1917	3546
5	1914	1766	1824	3547
5	1856	1702	1701	3548
5	1776	1630	1775	3549
5	2063	1918	2062	3550
5	2059	1915	1914	3551
5	2197	2052	2051	3552
5	1776	1681	1631	3553
5	2064	1968	1919	3554
5	1919	1777	1909	3555
5	1778	1633	1632	3556
5	1779	1633	1778	3557
5	1922	1778	1919	3558
5	1837	1681	1776	3559
5	1782	1766	1539	3560
5	1780	1635	1779	3561
5	1918	1837	1776	3562
5	1782	1539	1637	3563
5	1907	1763	1825	3564
5	2059	1914	1967	3565
5	1878	1732	1877	3566
5	1914	1772	1766	3567
5	1926	1785	1784	3568
5	1784	1638	1783	3569
5	1825	1763	1682	3570
5	1785	1657	1640	3571
5	1862	1847	1679	3572
5	1920	1780	1779	3573
5	2072	1876	1946	3574
5	1787	1641	1786	3575
5	2093	2008	1857	3576
5	2133	1983	1817	3577
5	1789	1644	1643	3578
5	1791	1533	1645	3579
5	1869	1724	1868	3580
5	1790	1644	1789	3581
5	1911	1767	1821	3582
5	1791	1716	1533	3583
5	1884	1738	1835	3584
5	1868	1716	1804	3585
5	1793	1647	1646	3586
5	1794	1648	1647	3587
5	1929	1788	1836	3588
5	1832	1672	1840	3589
5	1864	1718	1863	3590
5	1795	1648	1794	3591
5	2082	1937	1936	3592
5	1797	1597	1650	3593
5	2081	1936	1935	3594
5	1865	1720	1719	3595
5	1863	1718	1713	3596
5	1840	1672	1675	3597
5	1954	1690	1685	3598
5	1816	1655	1690	3599
5	1866	1710	1858	3600
5	1835	1738	1673	3601
5	1800	1676	1656	3602
5	2193	2047	2192	3603
5	1873	1654	1730	3604
5	2174	2027	2025	3605
5	1972	1802	1667	3606
5	2095	1969	2036	3607
5	1884	1803	1739	3608
5	2033	2014	1803	3609
5	2228	2101	2110	3610
5	1929	1789	1788	3611
5	1985	1821	1960	3612
5	2096	1944	1959	3613
5	1806	1700	1657	3614
5	1988	1957	1825	3615
5	1891	1747	1746	3616
5	2074	1827	1928	3617
5	1854	1698	1693	3618
5	1854	1811	1698	3619
5	1977	1669	1809	3620
5	1809	1669	1364	3621
5	1978	1810	1686	3622
5	2147	1810	1978	3623
5	1942	1811	1854	3624
5	1979	1696	1811	3625
5	1888	1743	1712	3626
5	1842	1670	1654	3627
5	2128	1814	1979	3628
5	1853	1695	1550	3629
5	2416	2244	2415	3630
5	1982	1547	1665	3631
5	1815	1699	1677	3632
5	1827	1661	1787	3633
5	1952	1686	1808	3634
5	1984	1503	1939	3635
5	2084	1717	1866	3636
5	1857	1542	1704	3637
5	1818	1817	1705	3638
5	1818	1705	1366	3639
5	1939	1689	1844	3640
5	1844	1559	1660	3641
5	2316	2175	2121	3642
5	1911	1768	1767	3643
5	1910	1734	1769	3644
5	2169	2019	2168	3645
5	1879	1733	1878	3646
5	1998	1845	1802	3647
5	1888	1712	1887	3648
5	1887	1711	1831	3649
5	1923	1782	1781	3650
5	1923	1781	1921	3651
5	1995	1907	1957	3652
5	2345	2207	2206	3653
5	1989	1867	1723	3654
5	1826	1513	1436	3655
5	1846	1815	1677	3656
5	1990	1815	1846	3657
5	1828	1805	1666	3658
5	1828	1666	1671	3659
5	1886	1741	1740	3660
5	1885	1740	1720	3661
5	2084	1830	1717	3662
5	1991	1722	1830	3663
5	2301	2155	2173	3664
5	2026	1801	1651	3665
5	2168	2018	2091	3666
5	1931	1790	1930	3667
5	1833	1800	1656	3668
5	1833	1656	1747	3669
5	2050	1902	2049	3670
5	1892	1678	1834	3671
5	1881	1735	1880	3672
5	1881	1736	1735	3673
5	1832	1770	1672	3674
5	1974	1965	1804	3675
5	1915	1772	1914	3676
5	1916	1774	1773	3677
5	2068	1921	2065	3678
5	1909	1777	1765	3679
5	1936	1797	1796	3680
5	2078	1932	1938	3681
5	1890	1745	1889	3682
5	1935	1796	1795	3683
5	1893	1748	1892	3684
5	1925	1784	1783	3685
5	1843	1708	1670	3686
5	1850	1823	1694	3687
5	2037	1887	1831	3688
5	1850	1708	1843	3689
5	2131	1854	1951	3690
5	1939	1503	1689	3691
5	1987	1874	1728	3692
5	1872	1577	1727	3693
5	2044	1897	1896	3694
5	2047	1900	1899	3695
5	1847	1825	1682	3696
5	1847	1682	1679	3697
5	1848	1693	1578	3698
5	1848	1578	1668	3699
5	2041	1815	1990	3700
5	2295	2148	1980	3701
5	2182	2035	2181	3702
5	2001	1842	1955	3703
5	2305	2127	2152	3704
5	1851	1660	1691	3705
5	1979	1811	1942	3706
5	1979	1814	1696	3707
5	2104	1956	1853	3708
5	2105	1851	2005	3709
5	1941	1808	1692	3710
5	1943	1655	1816	3711
5	1972	1667	1801	3712
5	1877	1702	1856	3713
5	2371	2265	2425	3714
5	2025	1877	1961	3715
5	2151	1746	1807	3716
5	2106	1971	1891	3717
5	1940	1692	1798	3718
5	2270	1989	2087	3719
5	1859	1829	1742	3720
5	1859	1742	1741	3721
5	1861	1715	1714	3722
5	1862	1679	1715	3723
5	2069	1893	2040	3724
5	1862	1715	1861	3725
5	2165	2163	2011	3726
5	2349	2123	2236	3727
5	1864	1719	1718	3728
5	1886	1740	1885	3729
5	2287	2160	2286	3730
5	1969	1829	1859	3731
5	2114	2078	1938	3732
5	1886	1859	1741	3733
5	2031	1835	1883	3734
5	2015	1866	1858	3735
5	2135	1953	2086	3736
5	1950	1849	1687	3737
5	1869	1725	1724	3738
5	1870	1725	1869	3739
5	2225	2080	2224	3740
5	2020	1871	1870	3741
5	2175	2028	2121	3742
5	1871	1726	1870	3743
5	1975	1960	1805	3744
5	2058	1993	1913	3745
5	2022	1872	1999	3746
5	1872	1721	1577	3747
5	1875	1729	1874	3748
5	2116	2012	1958	3749
5	1875	1730	1729	3750
5	1875	1873	1730	3751
5	1992	1831	1823	3752
5	2001	1843	1842	3753
5	1927	1786	1731	3754
5	1928	1786	1927	3755
5	1878	1733	1732	3756
5	1999	1872	1845	3757
5	2006	1855	1837	3758
5	2234	1987	2145	3759
5	2055	1838	1995	3760
5	1987	1728	1822	3761
5	1883	1737	1882	3762
5	1882	1736	1881	3763
5	1974	1804	1931	3764
5	1883	1673	1737	3765
5	2299	2154	2153	3766
5	2360	2223	2282	3767
5	1975	1805	1828	3768
5	1986	1910	1944	3769
5	2141	1986	2098	3770
5	2029	1882	1881	3771
5	2108	1958	1973	3772
5	2012	1864	1863	3773
5	2204	2058	2203	3774
5	2222	2077	2076	3775
5	1995	1838	1907	3776
5	1888	1812	1743	3777
5	2160	2002	2001	3778
5	2116	1958	2108	3779
5	1890	1840	1675	3780
5	1889	1745	1744	3781
5	2076	1929	2075	3782
5	1993	1836	1913	3783
5	2179	2033	2113	3784
5	2245	2151	2008	3785
5	1893	1749	1748	3786
5	1926	1784	1925	3787
5	1988	1825	1847	3788
5	1924	1749	1893	3789
5	2043	1895	2042	3790
5	2042	1894	2041	3791
5	2049	1901	2048	3792
5	1900	1756	1755	3793
5	2047	1899	2046	3794
5	2073	1927	2072	3795
5	2119	1990	2000	3796
5	1901	1757	1756	3797
5	2073	1928	1927	3798
5	1905	1760	1904	3799
5	2041	1894	1815	3800
5	2043	1896	1895	3801
5	2042	1895	1894	3802
5	1903	1758	1902	3803
5	2052	1905	1904	3804
5	1904	1759	1903	3805
5	2048	1900	2047	3806
5	2045	1897	2044	3807
5	2045	1898	1897	3808
5	1906	1761	1905	3809
5	2215	2124	2071	3810
5	1906	1683	1761	3811
5	2192	2047	2046	3812
5	2009	1861	1860	3813
5	2194	2049	2048	3814
5	2040	1892	1962	3815
5	1907	1838	1764	3816
5	1907	1764	1763	3817
5	1921	1780	1920	3818
5	1919	1778	1777	3819
5	2011	1847	1862	3820
5	2342	2201	2260	3821
5	1912	1768	1911	3822
5	2280	2015	2178	3823
5	1912	1769	1768	3824
5	1912	1910	1769	3825
5	1913	1836	1703	3826
5	1913	1771	1832	3827
5	2018	1869	1868	3828
5	1965	1868	1804	3829
5	1915	1773	1772	3830
5	1917	1775	1774	3831
5	2122	2059	1967	3832
5	1916	1773	1915	3833
5	2208	2063	2062	3834
5	1918	1776	1775	3835
5	2007	1961	1856	3836
5	2007	1856	1855	3837
5	2064	1919	1909	3838
5	2062	1917	2061	3839
5	2050	1903	1902	3840
5	1963	1860	1806	3841
5	1968	1922	1919	3842
5	2063	2006	1837	3843
5	2211	2107	2065	3844
5	1923	1824	1782	3845
5	1922	1920	1779	3846
5	1922	1779	1778	3847
5	2066	1922	1968	3848
5	2207	2061	2206	3849
5	2040	1893	1892	3850
5	1925	1783	1924	3851
5	2213	2069	2040	3852
5	1926	1841	1785	3853
5	2051	1904	1903	3854
5	2044	1896	2043	3855
5	2046	1899	1898	3856
5	2049	1902	1901	3857
5	2117	1946	1970	3858
5	2028	1881	1880	3859
5	2079	1933	2078	3860
5	1930	1789	1929	3861
5	2058	1832	2057	3862
5	1931	1804	1791	3863
5	2057	1840	1966	3864
5	2283	2115	2142	3865
5	1933	1794	1793	3866
5	1934	1795	1794	3867
5	2238	2114	2125	3868
5	1936	1796	1935	3869
5	2077	1930	2076	3870
5	2081	1935	2080	3871
5	2035	1885	2034	3872
5	1937	1744	1797	3873
5	2111	2057	1966	3874
5	2037	1831	1992	3875
5	2036	1859	1886	3876
5	1969	1947	1829	3877
5	1938	1932	1839	3878
5	2126	1969	2095	3879
5	2146	1852	1997	3880
5	2152	1662	1684	3881
5	1943	1546	1655	3882
5	2239	2085	2129	3883
5	2245	2008	2093	3884
5	2128	2004	1814	3885
5	1956	1819	1695	3886
5	2104	2005	1956	3887
5	2129	1546	1943	3888
5	1991	1799	1722	3889
5	1985	1959	1911	3890
5	2224	2079	2223	3891
5	2131	1942	1854	3892
5	2132	1848	1945	3893
5	1946	1876	1800	3894
5	1983	1857	1704	3895
5	1947	1938	1839	3896
5	1947	1839	1829	3897
5	2241	2093	1983	3898
5	1983	1704	1817	3899
5	1949	1948	1818	3900
5	1949	1818	1546	3901
5	2086	1849	1950	3902
5	1953	1706	1849	3903
5	2293	2097	1940	3904
5	2134	1808	1941	3905
5	2149	1978	1952	3906
5	1978	1686	1952	3907
5	2135	1940	1798	3908
5	1953	1798	1664	3909
5	2550	2304	2380	3910
5	1954	1816	1690	3911
5	2024	1875	2023	3912
5	2024	1873	1875	3913
5	2103	1844	2003	3914
5	2097	1941	1940	3915
5	1957	1907	1825	3916
5	2243	2138	2163	3917
5	1958	1863	1812	3918
5	2038	1888	1887	3919
5	1959	1944	1912	3920
5	1959	1912	1911	3921
5	1985	1911	1821	3922
5	1960	1821	1805	3923
5	1961	1877	1856	3924
5	2144	2026	1879	3925
5	1962	1892	1834	3926
5	2054	1962	1834	3927
5	2199	2053	2198	3928
5	2070	1925	1924	3929
5	2177	2030	2176	3930
5	2112	2032	2031	3931
5	2021	1975	1828	3932
5	2018	1868	1965	3933
5	2220	1993	2204	3934
5	2083	1937	2082	3935
5	1967	1914	1824	3936
5	2208	2062	2207	3937
5	2065	1921	1920	3938
5	2067	1824	1923	3939
5	2013	1864	2012	3940
5	2035	1886	1885	3941
5	1970	1946	1800	3942
5	1970	1800	1833	3943
5	1971	1970	1833	3944
5	1971	1833	1891	3945
5	2144	1879	2027	3946
5	2145	1987	1822	3947
5	1973	1958	1812	3948
5	1973	1812	1888	3949
5	2075	1836	1993	3950
5	2076	1930	1929	3951
5	2019	1869	2018	3952
5	2019	1870	1869	3953
5	1976	1963	1806	3954
5	1976	1806	1841	3955
5	1997	1669	1977	3956
5	2244	2127	2229	3957
5	1982	1945	1547	3958
5	2150	1945	1982	3959
5	2005	1851	1819	3960
5	2004	1853	1697	3961
5	2148	2136	1954	3962
5	1980	1813	1707	3963
5	1981	1980	1707	3964
5	1981	1707	1852	3965
5	2296	2289	2149	3966
5	2134	1952	1808	3967
5	2379	2167	2233	3968
5	2008	1653	1857	3969
5	2152	1684	1984	3970
5	1984	1684	1503	3971
5	2220	2075	1993	3972
5	2221	2076	2075	3973
5	1986	1964	1820	3974
5	1986	1820	1910	3975
5	2185	2108	1973	3976
5	2375	2370	2262	3977
5	2010	1861	2009	3978
5	2010	1862	1861	3979
5	2217	2072	1946	3980
5	2157	2017	1867	3981
5	2074	1928	2073	3982
5	2217	1946	2117	3983
5	2113	2032	2112	3984
5	2008	1807	1653	3985
5	2038	1973	1888	3986
5	2038	1887	2037	3987
5	2075	1929	1836	3988
5	2077	1931	1930	3989
5	1994	1976	1841	3990
5	1994	1841	1926	3991
5	2055	1908	1838	3992
5	2064	1909	2056	3993
5	1996	1992	1823	3994
5	1996	1823	1850	3995
5	2103	1939	1844	3996
5	2003	1660	1851	3997
5	2022	1822	1721	3998
5	1999	1845	1998	3999
5	2172	1999	2159	4000
5	2022	1721	1872	4001
5	2000	1990	1846	4002
5	2000	1846	1827	4003
5	2002	1850	1843	4004
5	2002	1996	1850	4005
5	2320	2166	2310	4006
5	2161	2102	1996	4007
5	2128	1979	1942	4008
5	2005	1819	1956	4009
5	2369	1941	2097	4010
5	2147	1652	1810	4011
5	2105	2003	1851	4012
5	2684	2517	2518	4013
5	2060	1915	2059	4014
5	2061	1917	1916	4015
5	2212	2068	2107	4016
5	2422	2260	2276	4017
5	2249	2087	1991	4018
5	2084	1991	1830	4019
5	2202	2055	2201	4020
5	2011	1862	2010	4021
5	2213	2040	2090	4022
5	2011	1988	1847	4023
5	2092	2009	1963	4024
5	2371	2308	2250	4025
5	2013	1865	1864	4026
5	2034	1885	1865	4027
5	2185	1973	2038	4028
5	2036	1886	2035	4029
5	2100	1866	2015	4030
5	2014	1858	1803	4031
5	2033	1884	2032	4032
5	2240	2084	1866	4033
5	2136	1816	1954	4034
5	2135	1798	1953	4035
5	2017	2016	1826	4036
5	2017	1826	1867	4037
5	2021	1871	2020	4038
5	2020	1870	2019	4039
5	2154	1959	1985	4040
5	2021	1828	1871	4041
5	2098	1944	2096	4042
5	2121	2028	1964	4043
5	2450	2311	2372	4044
5	2203	2057	2111	4045
5	2109	1801	2026	4046
5	2109	1972	1801	4047
5	2027	1878	2025	4048
5	2024	1955	1873	4049
5	2102	1992	1996	4050
5	2324	2184	2183	4051
5	2314	2246	2172	4052
5	2253	1972	2109	4053
5	2159	1999	1998	4054
5	2027	1879	1878	4055
5	2166	2012	2116	4056
5	2183	2037	1992	4057
5	2031	1883	2030	4058
5	2030	1883	1882	4059
5	2153	1960	2130	4060
5	2171	1975	2021	4061
5	2168	2019	2018	4062
5	2032	1835	2031	4063
5	2098	1986	1944	4064
5	2255	2113	2254	4065
5	2033	1803	1884	4066
5	2268	2141	2098	4067
5	2176	2029	2175	4068
5	2176	2030	2029	4069
5	2373	2256	2283	4070
5	2363	2226	2362	4071
5	2273	2228	2110	4072
5	2036	1969	1859	4073
5	2362	2225	2361	4074
5	2223	2078	2114	4075
5	2156	2023	1874	4076
5	2205	2060	2059	4077
5	2374	2263	2350	4078
5	2856	2731	2765	4079
5	2039	1966	1890	4080
5	2039	1890	1889	4081
5	2069	1924	1893	4082
5	2071	1925	2070	4083
5	2188	2042	2187	4084
5	2189	2043	2188	4085
5	2186	1990	2119	4086
5	2046	1898	2045	4087
5	2190	2045	2044	4088
5	2336	2195	2194	4089
5	2218	2072	2217	4090
5	2048	1901	1900	4091
5	2186	2041	1990	4092
5	2195	2049	2194	4093
5	2187	2041	2186	4094
5	2053	1905	2052	4095
5	2187	2042	2041	4096
5	2188	2043	2042	4097
5	2190	2044	2189	4098
5	2051	1903	2050	4099
5	2199	2054	2053	4100
5	2052	1904	2051	4101
5	2198	2052	2197	4102
5	2192	2046	2191	4103
5	2189	2044	2043	4104
5	2054	1906	2053	4105
5	2196	2051	2050	4106
5	2054	1834	1906	4107
5	2140	2092	1963	4108
5	2352	2213	2351	4109
5	2164	2009	2092	4110
5	2164	2010	2009	4111
5	2210	2064	2056	4112
5	2056	1908	2055	4113
5	2236	2123	2200	4114
5	2165	2010	2164	4115
5	2058	1913	1832	4116
5	2057	1832	1840	4117
5	2115	1966	2039	4118
5	2223	2079	2078	4119
5	2060	1916	1915	4120
5	2063	1837	1918	4121
5	2062	1918	1917	4122
5	2061	1916	2060	4123
5	2303	2094	2262	4124
5	2346	2207	2345	4125
5	2285	2143	2261	4126
5	2139	1961	2007	4127
5	2139	2094	1961	4128
5	2205	2059	2122	4129
5	2201	1995	2099	4130
5	2206	2060	2205	4131
5	2285	2122	2143	4132
5	2067	1967	1824	4133
5	2066	2065	1920	4134
5	2066	1920	1922	4135
5	2107	2068	2065	4136
5	2201	2055	1995	4137
5	2068	2067	1923	4138
5	2068	1923	1921	4139
5	2090	2054	2199	4140
5	2070	1924	2069	4141
5	2419	2144	2315	4142
5	2071	1994	1926	4143
5	2448	2308	2371	4144
5	2475	2336	2474	4145
5	2191	2045	2190	4146
5	2074	2000	1827	4147
5	2219	2073	2218	4148
5	2266	1971	2106	4149
5	2331	2189	2330	4150
5	2194	2048	2193	4151
5	2299	2153	2298	4152
5	2627	2494	2502	4153
5	2171	2130	1975	4154
5	2077	1974	1931	4155
5	2377	2274	2300	4156
5	2298	2153	2130	4157
5	2079	1934	1933	4158
5	2080	1935	1934	4159
5	2180	2034	2013	4160
5	2083	1889	1937	4161
5	2183	1992	2102	4162
5	2166	2013	2012	4163
5	2115	2111	1966	4164
5	2082	1936	2081	4165
5	2227	2142	2083	4166
5	2083	2039	1889	4167
5	2343	2203	2111	4168
5	2226	2081	2225	4169
5	2085	1948	1949	4170
5	2086	1953	1849	4171
5	2270	2157	1989	4172
5	2087	1989	1799	4173
5	2167	2088	2016	4174
5	2369	2134	1941	4175
5	2151	1807	2008	4176
5	2133	1817	1948	4177
5	2386	2135	2086	4178
5	2088	1950	1513	4179
5	2089	2001	1955	4180
5	2155	2089	1955	4181
5	2330	2188	2329	4182
5	2337	2196	2195	4183
5	2091	2018	1965	4184
5	2237	2130	2171	4185
5	2140	1976	2120	4186
5	2215	2071	2070	4187
5	2271	2086	1950	4188
5	2429	2271	2304	4189
5	2094	2025	1961	4190
5	2478	2272	2339	4191
5	2182	2036	2035	4192
5	2181	2035	2034	4193
5	2154	2096	1959	4194
5	2130	1960	1975	4195
5	2167	2016	2017	4196
5	2148	1813	1980	4197
5	2275	2141	2268	4198
5	2496	2361	2360	4199
5	2696	2564	2520	4200
5	2341	2200	2210	4201
5	2178	2015	2014	4202
5	2555	2432	2280	4203
5	2101	2091	1965	4204
5	2101	1965	1974	4205
5	2161	2002	2160	4206
5	2324	2183	2251	4207
5	2388	2148	2295	4208
5	2278	2003	2105	4209
5	2384	2105	2277	4210
5	2104	1853	2004	4211
5	2152	1809	1662	4212
5	2158	1939	2103	4213
5	2113	2033	2032	4214
5	2279	2119	2216	4215
5	2211	2066	2123	4216
5	2202	2056	2055	4217
5	2184	2037	2183	4218
5	2306	2102	2161	4219
5	2314	2159	2253	4220
5	2145	1822	2022	4221
5	2110	2101	1974	4222
5	2110	1974	2077	4223
5	2203	2058	2057	4224
5	2204	1993	2058	4225
5	2280	2100	2015	4226
5	2318	2254	2112	4227
5	2255	2179	2113	4228
5	2266	2118	1971	4229
5	2226	2082	2081	4230
5	2282	2114	2238	4231
5	2273	2110	2222	4232
5	2256	2111	2115	4233
5	2180	2013	2166	4234
5	2181	2034	2180	4235
5	2317	2175	2316	4236
5	2457	2319	2385	4237
5	2118	2117	1970	4238
5	2118	1970	1971	4239
5	2219	2074	2073	4240
5	2334	2193	2192	4241
5	2140	1963	1976	4242
5	2120	1976	1994	4243
5	2175	2029	2028	4244
5	2177	2031	2030	4245
5	2462	2324	2398	4246
5	2345	2205	2230	4247
5	2211	2065	2066	4248
5	2123	2066	1968	4249
5	2124	2120	1994	4250
5	2124	1994	2071	4251
5	2125	2114	1938	4252
5	2125	1938	1947	4253
5	2126	2125	1947	4254
5	2126	1947	1969	4255
5	2303	2174	2094	4256
5	2383	2277	2104	4257
5	2296	2149	2290	4258
5	2277	2005	2104	4259
5	2129	2085	1949	4260
5	2129	1949	1546	4261
5	2153	1985	1960	4262
5	2154	1985	2153	4263
5	2289	2147	2149	4264
5	2290	2149	1952	4265
5	2291	2131	1951	4266
5	2132	1951	1848	4267
5	2292	2133	1948	4268
5	2249	1991	2084	4269
5	2150	2132	1945	4270
5	2149	2147	1978	4271
5	2386	2086	2378	4272
5	2417	2383	2247	4273
5	2518	2388	2295	4274
5	2504	2408	2409	4275
5	2148	1954	1813	4276
5	2137	1980	1981	4277
5	2138	2099	1957	4278
5	2138	1957	1988	4279
5	2209	2006	2063	4280
5	2207	2062	2061	4281
5	2338	2197	2196	4282
5	2340	2199	2272	4283
5	2141	2121	1964	4284
5	2141	1964	1986	4285
5	2142	2115	2039	4286
5	2142	2039	2083	4287
5	2143	2122	1967	4288
5	2143	1967	2067	4289
5	2174	2025	2094	4290
5	2155	1955	2024	4291
5	2156	1874	1987	4292
5	2172	2022	1999	4293
5	2416	2137	1981	4294
5	2146	1981	1852	4295
5	2147	1982	1665	4296
5	2147	1665	1652	4297
5	2295	1980	2137	4298
5	2652	2544	2387	4299
5	2417	2248	2391	4300
5	2247	2104	2004	4301
5	2391	2248	2128	4302
5	2291	1951	2132	4303
5	2297	1891	2151	4304
5	2151	1891	1746	4305
5	2158	1984	1939	4306
5	2152	2127	1977	4307
5	2267	2101	2228	4308
5	2317	2176	2175	4309
5	2298	2130	2237	4310
5	2311	2169	2168	4311
5	2368	2258	2156	4312
5	2262	2094	2139	4313
5	2345	2206	2205	4314
5	2234	2156	1987	4315
5	2242	1943	2136	4316
5	2271	1950	2088	4317
5	2305	1984	2158	4318
5	2305	2152	1984	4319
5	2172	2145	2022	4320
5	2723	2453	2540	4321
5	2161	1996	2002	4322
5	2320	2180	2166	4323
5	2277	2105	2005	4324
5	2288	2128	1942	4325
5	2162	2139	2007	4326
5	2162	2007	2006	4327
5	2163	2138	1988	4328
5	2163	1988	2011	4329
5	2165	2011	2010	4330
5	2422	2276	2394	4331
5	2335	2193	2334	4332
5	2307	2163	2165	4333
5	2310	2116	2309	4334
5	2449	2322	2320	4335
5	2438	2241	2133	4336
5	2292	1948	2085	4337
5	2169	2020	2019	4338
5	2170	2021	2020	4339
5	2644	2585	2511	4340
5	2316	2121	2275	4341
5	2358	2221	2220	4342
5	2171	2021	2170	4343
5	2358	2220	2357	4344
5	2360	2224	2223	4345
5	2314	2172	2159	4346
5	2252	2026	2144	4347
5	2173	2155	2024	4348
5	2173	2024	2023	4349
5	2258	2023	2156	4350
5	2433	2261	2423	4351
5	2411	2228	2273	4352
5	2443	2298	2396	4353
5	2318	2112	2177	4354
5	2275	2121	2141	4355
5	2319	2176	2317	4356
5	2177	2112	2031	4357
5	2284	2179	2255	4358
5	2505	2266	2397	4359
5	2179	2178	2014	4360
5	2179	2014	2033	4361
5	2326	2108	2185	4362
5	2364	2283	2142	4363
5	2418	2398	2251	4364
5	2182	2095	2036	4365
5	2322	2180	2320	4366
5	2325	2184	2324	4367
5	2184	2038	2037	4368
5	2185	2038	2184	4369
5	2462	2325	2324	4370
5	2309	2116	2108	4371
5	2326	2309	2108	4372
5	2446	2286	2435	4373
5	2330	2189	2188	4374
5	2329	2187	2328	4375
5	2475	2337	2336	4376
5	2193	2048	2047	4377
5	2430	2275	2268	4378
5	2441	2397	2106	4379
5	2327	2186	2119	4380
5	2191	2046	2045	4381
5	2336	2194	2335	4382
5	2334	2192	2333	4383
5	2328	2187	2186	4384
5	2329	2188	2187	4385
5	2331	2190	2189	4386
5	2197	2051	2196	4387
5	2351	2090	2340	4388
5	2195	2050	2049	4389
5	2272	2199	2198	4390
5	2339	2198	2197	4391
5	2339	2197	2338	4392
5	2198	2053	2052	4393
5	2337	2195	2336	4394
5	2332	2191	2190	4395
5	2352	2214	2213	4396
5	2090	1962	2054	4397
5	2404	2259	2376	4398
5	2214	2070	2069	4399
5	2484	2403	2341	4400
5	2250	2164	2092	4401
5	2200	2123	1968	4402
5	2200	1968	2064	4403
5	2260	2201	2099	4404
5	2210	2056	2202	4405
5	2341	2236	2200	4406
5	2210	2200	2064	4407
5	2498	2363	2362	4408
5	2221	2075	2220	4409
5	2480	2344	2343	4410
5	2222	2110	2077	4411
5	2206	2061	2060	4412
5	2209	2063	2208	4413
5	2424	2173	2258	4414
5	2287	2161	2160	4415
5	2615	2481	2506	4416
5	2209	2162	2006	4417
5	2231	2139	2162	4418
5	2485	2350	2349	4419
5	2483	2348	2342	4420
5	2350	2211	2349	4421
5	2448	2307	2308	4422
5	2276	2138	2243	4423
5	2342	2202	2201	4424
5	2556	2402	2482	4425
5	2212	2143	2067	4426
5	2212	2067	2068	4427
5	2259	2120	2124	4428
5	2214	2069	2213	4429
5	2352	2264	2215	4430
5	2215	2070	2214	4431
5	2508	2376	2488	4432
5	2332	2190	2331	4433
5	2216	2119	2000	4434
5	2216	2000	2074	4435
5	2218	2073	2072	4436
5	2327	2119	2279	4437
5	2766	2644	2694	4438
5	2355	2216	2219	4439
5	2328	2186	2327	4440
5	2219	2216	2074	4441
5	2497	2362	2361	4442
5	2421	2255	2254	4443
5	2311	2168	2235	4444
5	2222	2076	2221	4445
5	2235	2168	2091	4446
5	2412	2235	2267	4447
5	2224	2080	2079	4448
5	2225	2081	2080	4449
5	2357	2204	2344	4450
5	2227	2083	2082	4451
5	2633	2500	2499	4452
5	2322	2181	2180	4453
5	2460	2323	2322	4454
5	2227	2082	2226	4455
5	2458	2310	2309	4456
5	2282	2223	2114	4457
5	2359	2222	2221	4458
5	2555	2178	2284	4459
5	2244	1997	2127	4460
5	2244	2146	1997	4461
5	2230	2205	2122	4462
5	2285	2230	2122	4463
5	2347	2209	2208	4464
5	2401	2375	2231	4465
5	2232	2231	2162	4466
5	2232	2162	2209	4467
5	2233	2167	2017	4468
5	2233	2017	2157	4469
5	2252	2109	2026	4470
5	2258	2173	2023	4471
5	2585	2450	2511	4472
5	2451	2312	2450	4473
5	2261	2143	2212	4474
5	2400	2345	2230	4475
5	2312	2169	2311	4476
5	2312	2170	2169	4477
5	2321	2269	2095	4478
5	2461	2321	2323	4479
5	2293	1940	2135	4480
5	2241	1983	2133	4481
5	2249	2084	2240	4482
5	2567	2428	2270	4483
5	2678	2389	2503	4484
5	2297	2106	1891	4485
5	2242	2239	2129	4486
5	2242	2129	1943	4487
5	2485	2349	2382	4488
5	2265	2092	2140	4489
5	2431	2229	2158	4490
5	2416	2146	2244	4491
5	2365	2292	2085	4492
5	2544	2097	2387	4493
5	2246	2234	2145	4494
5	2246	2145	2172	4495
5	2288	1942	2131	4496
5	2416	1981	2146	4497
5	2248	2247	2004	4498
5	2248	2004	2128	4499
5	2378	2086	2271	4500
5	2353	2117	2281	4501
5	2307	2243	2163	4502
5	2308	2164	2250	4503
5	2251	2183	2102	4504
5	2598	2462	2512	4505
5	2419	2252	2144	4506
5	2262	2139	2231	4507
5	2355	2279	2216	4508
5	2420	2279	2355	4509
5	2354	2217	2353	4510
5	2254	2113	2112	4511
5	2675	2510	2405	4512
5	2284	2178	2179	4513
5	2359	2273	2222	4514
5	2343	2111	2256	4515
5	2257	2238	2125	4516
5	2257	2125	2126	4517
5	2315	2144	2027	4518
5	2315	2027	2174	4519
5	2294	2120	2259	4520
5	2265	2250	2092	4521
5	2487	2352	2351	4522
5	2488	2264	2352	4523
5	2423	2261	2263	4524
5	2350	2107	2211	4525
5	2573	2433	2572	4526
5	2286	2160	2089	4527
5	2263	2261	2212	4528
5	2263	2212	2107	4529
5	2264	2259	2124	4530
5	2264	2124	2215	4531
5	2514	2394	2414	4532
5	2381	2342	2260	4533
5	2486	2351	2340	4534
5	2281	2117	2118	4535
5	2267	2235	2091	4536
5	2267	2091	2101	4537
5	2555	2284	2510	4538
5	2427	2268	2274	4539
5	2269	2257	2126	4540
5	2269	2126	2095	4541
5	2501	2438	2292	4542
5	2516	2233	2428	4543
5	2432	2366	2100	4544
5	2429	2378	2271	4545
5	2340	2090	2199	4546
5	2351	2213	2090	4547
5	2344	2203	2343	4548
5	2399	2343	2256	4549
5	2274	2268	2098	4550
5	2274	2098	2096	4551
5	2455	2275	2430	4552
5	2444	2300	2299	4553
5	2276	2260	2099	4554
5	2276	2099	2138	4555
5	2384	2278	2105	4556
5	2278	2103	2003	4557
5	2431	2158	2103	4558
5	2431	2103	2278	4559
5	2253	2159	1998	4560
5	2253	1998	1972	4561
5	2505	2118	2266	4562
5	2366	2240	2100	4563
5	2353	2217	2117	4564
5	2354	2218	2217	4565
5	2363	2227	2226	4566
5	2283	2256	2115	4567
5	2361	2224	2360	4568
5	2763	2632	2762	4569
5	2441	2106	2297	4570
5	2397	2266	2106	4571
5	2481	2345	2400	4572
5	2401	2231	2232	4573
5	2526	2445	2301	4574
5	2434	2230	2285	4575
5	2306	2251	2102	4576
5	2306	2161	2287	4577
5	2503	2389	2439	4578
5	2290	1952	2134	4579
5	2289	2150	1982	4580
5	2289	1982	2147	4581
5	2383	2104	2247	4582
5	2390	2131	2291	4583
5	2390	2288	2131	4584
5	2518	2295	2440	4585
5	2428	2233	2157	4586
5	2791	2567	2651	4587
5	2380	2304	2167	4588
5	2388	2136	2148	4589
5	2294	2265	2140	4590
5	2294	2140	2120	4591
5	2519	2293	2386	4592
5	2365	2085	2239	4593
5	2436	2132	2150	4594
5	2296	2150	2289	4595
5	2297	2151	2245	4596
5	2432	2100	2280	4597
5	2300	2096	2154	4598
5	2300	2154	2299	4599
5	2395	2267	2228	4600
5	2300	2274	2096	4601
5	2412	2267	2395	4602
5	2638	2504	2509	4603
5	2375	2262	2231	4604
5	2302	2155	2301	4605
5	2302	2286	2089	4606
5	2302	2089	2155	4607
5	2368	2156	2234	4608
5	2452	2253	2109	4609
5	2304	2271	2088	4610
5	2304	2088	2167	4611
5	2305	2158	2229	4612
5	2305	2229	2127	4613
5	2435	2286	2302	4614
5	2619	2485	2618	4615
5	2483	2342	2381	4616
5	2572	2433	2423	4617
5	2308	2307	2165	4618
5	2308	2165	2164	4619
5	2310	2166	2116	4620
5	2321	2095	2182	4621
5	2459	2310	2458	4622
5	2632	2499	2498	4623
5	2313	2171	2170	4624
5	2313	2170	2312	4625
5	2570	2430	2427	4626
5	2313	2237	2171	4627
5	2427	2274	2377	4628
5	2444	2377	2300	4629
5	2452	2393	2314	4630
5	2452	2109	2252	4631
5	2588	2315	2453	4632
5	2767	2642	2588	4633
5	2489	2353	2281	4634
5	2454	2254	2318	4635
5	2451	2407	2313	4636
5	2780	2644	2766	4637
5	2491	2355	2356	4638
5	2405	2284	2255	4639
5	2319	2318	2177	4640
5	2319	2177	2176	4641
5	2464	2309	2326	4642
5	2630	2497	2496	4643
5	2323	2181	2322	4644
5	2406	2360	2282	4645
5	2323	2182	2181	4646
5	2323	2321	2182	4647
5	2460	2322	2449	4648
5	2499	2363	2498	4649
5	2325	2185	2184	4650
5	2326	2185	2325	4651
5	2463	2325	2462	4652
5	2761	2630	2760	4653
5	2599	2463	2598	4654
5	2689	2522	2543	4655
5	2466	2327	2465	4656
5	2465	2279	2420	4657
5	2490	2353	2489	4658
5	2333	2191	2332	4659
5	2465	2327	2279	4660
5	2479	2340	2272	4661
5	2467	2328	2466	4662
5	2466	2328	2327	4663
5	2487	2351	2486	4664
5	2333	2192	2191	4665
5	2477	2339	2338	4666
5	2467	2329	2328	4667
5	2471	2332	2470	4668
5	2335	2194	2193	4669
5	2468	2330	2329	4670
5	2473	2334	2472	4671
5	2469	2330	2468	4672
5	2338	2196	2337	4673
5	2469	2331	2330	4674
5	2470	2332	2331	4675
5	2472	2333	2471	4676
5	2339	2272	2198	4677
5	2471	2333	2332	4678
5	2478	2339	2477	4679
5	2472	2334	2333	4680
5	2473	2335	2334	4681
5	2479	2272	2478	4682
5	2352	2215	2214	4683
5	2348	2202	2342	4684
5	2484	2348	2483	4685
5	2348	2210	2202	4686
5	2348	2341	2210	4687
5	2344	2204	2203	4688
5	2357	2220	2204	4689
5	2412	2372	2235	4690
5	2359	2221	2358	4691
5	2346	2208	2207	4692
5	2347	2232	2209	4693
5	2370	2303	2262	4694
5	2347	2208	2346	4695
5	2418	2251	2306	4696
5	2711	2572	2528	4697
5	2425	2265	2294	4698
5	2620	2479	2614	4699
5	2350	2263	2107	4700
5	2349	2211	2123	4701
5	2528	2423	2374	4702
5	2423	2263	2374	4703
5	2474	2336	2335	4704
5	2371	2250	2265	4705
5	2376	2259	2264	4706
5	2477	2338	2476	4707
5	2430	2268	2427	4708
5	2356	2218	2354	4709
5	2586	2524	2407	4710
5	2566	2457	2529	4711
5	2470	2331	2469	4712
5	2468	2329	2467	4713
5	2356	2355	2219	4714
5	2356	2219	2218	4715
5	2821	2722	2780	4716
5	2761	2631	2630	4717
5	2726	2589	2724	4718
5	2463	2326	2325	4719
5	2496	2360	2406	4720
5	2632	2498	2631	4721
5	2361	2225	2224	4722
5	2362	2226	2225	4723
5	2630	2496	2629	4724
5	2364	2142	2227	4725
5	3011	2931	2887	4726
5	2912	2884	2769	4727
5	2494	2357	2492	4728
5	2364	2227	2363	4729
5	2411	2395	2228	4730
5	2399	2256	2373	4731
5	2674	2505	2397	4732
5	2428	2157	2270	4733
5	2367	2240	2366	4734
5	2367	2249	2240	4735
5	2537	2241	2438	4736
5	2695	2537	2637	4737
5	2523	2258	2368	4738
5	2523	2424	2258	4739
5	2437	2296	2290	4740
5	2369	2290	2134	4741
5	2733	2598	2647	4742
5	2540	2303	2370	4743
5	2448	2414	2307	4744
5	2546	2381	2521	4745
5	2372	2311	2235	4746
5	2524	2396	2407	4747
5	2500	2373	2283	4748
5	2499	2364	2363	4749
5	2485	2374	2350	4750
5	2572	2423	2528	4751
5	2482	2346	2481	4752
5	2520	2375	2401	4753
5	2404	2294	2259	4754
5	2425	2294	2404	4755
5	2570	2427	2522	4756
5	2396	2298	2237	4757
5	2552	2369	2544	4758
5	2801	2501	2648	4759
5	2438	2133	2292	4760
5	2380	2167	2379	4761
5	2516	2379	2233	4762
5	2391	2128	2288	4763
5	2382	2349	2236	4764
5	2698	2616	2690	4765
5	2563	2394	2514	4766
5	2565	2371	2425	4767
5	2417	2247	2248	4768
5	2548	2415	2229	4769
5	2549	2277	2383	4770
5	2415	2244	2229	4771
5	2385	2319	2317	4772
5	2455	2316	2275	4773
5	2387	2097	2293	4774
5	2386	2293	2135	4775
5	2569	2545	2378	4776
5	2389	2239	2242	4777
5	2648	2365	2551	4778
5	2555	2280	2178	4779
5	2548	2229	2431	4780
5	2439	2136	2388	4781
5	2552	2437	2369	4782
5	2576	2296	2437	4783
5	2553	2288	2390	4784
5	2437	2290	2369	4785
5	2392	2368	2234	4786
5	2392	2234	2246	4787
5	2393	2392	2246	4788
5	2393	2246	2314	4789
5	2422	2381	2260	4790
5	2394	2276	2243	4791
5	2840	2707	2692	4792
5	2760	2629	2759	4793
5	2443	2299	2298	4794
5	2444	2299	2443	4795
5	2534	2367	2366	4796
5	2426	2356	2354	4797
5	2398	2324	2251	4798
5	2573	2507	2434	4799
5	2493	2411	2273	4800
5	2480	2343	2399	4801
5	2526	2301	2424	4802
5	2424	2301	2173	4803
5	2513	2435	2445	4804
5	2482	2347	2346	4805
5	2402	2401	2232	4806
5	2402	2232	2347	4807
5	2403	2382	2236	4808
5	2403	2236	2341	4809
5	2673	2528	2619	4810
5	2584	2371	2565	4811
5	2557	2420	2491	4812
5	2716	2534	2535	4813
5	2498	2362	2497	4814
5	2497	2361	2496	4815
5	2407	2396	2237	4816
5	2407	2237	2313	4817
5	2408	2406	2282	4818
5	2408	2282	2238	4819
5	2409	2408	2238	4820
5	2409	2238	2257	4821
5	2410	2409	2257	4822
5	2410	2257	2269	4823
5	2492	2344	2480	4824
5	2494	2358	2357	4825
5	2530	2502	2492	4826
5	2530	2480	2399	4827
5	2413	2410	2269	4828
5	2413	2269	2321	4829
5	2414	2394	2243	4830
5	2414	2243	2307	4831
5	2544	2369	2097	4832
5	2440	2295	2137	4833
5	2685	2440	2653	4834
5	2653	2440	2560	4835
5	2667	2515	2505	4836
5	2660	2571	2384	4837
5	2447	2418	2306	4838
5	2447	2287	2446	4839
5	2689	2682	2522	4840
5	2452	2314	2253	4841
5	2491	2420	2355	4842
5	2491	2356	2426	4843
5	2590	2456	2455	4844
5	2421	2405	2255	4845
5	2690	2616	2617	4846
5	2892	2781	2782	4847
5	2433	2285	2261	4848
5	2434	2285	2433	4849
5	2453	2174	2303	4850
5	2618	2485	2382	4851
5	2521	2381	2422	4852
5	2975	2841	2893	4853
5	2693	2566	2529	4854
5	2625	2558	2421	4855
5	2456	2385	2317	4856
5	2668	2645	2554	4857
5	2567	2270	2087	4858
5	2658	2367	2534	4859
5	2661	2429	2550	4860
5	2519	2387	2293	4861
5	2591	2385	2456	4862
5	2626	2491	2426	4863
5	2660	2548	2571	4864
5	2701	2561	2415	4865
5	2510	2284	2405	4866
5	2771	2550	2659	4867
5	2720	2520	2583	4868
5	2434	2400	2230	4869
5	2730	2525	2596	4870
5	2712	2572	2711	4871
5	2698	2547	2616	4872
5	2446	2287	2286	4873
5	2575	2291	2436	4874
5	2436	2150	2296	4875
5	2839	2666	2553	4876
5	2436	2291	2132	4877
5	2501	2292	2365	4878
5	3006	2834	2756	4879
5	2439	2389	2242	4880
5	2439	2242	2136	4881
5	2654	2552	2544	4882
5	2773	2552	2654	4883
5	3145	3066	3083	4884
5	2623	2426	2490	4885
5	2442	2441	2297	4886
5	2442	2297	2245	4887
5	2628	2493	2495	4888
5	2724	2570	2682	4889
5	2532	2395	2411	4890
5	2603	2467	2602	4891
5	2445	2435	2302	4892
5	2445	2302	2301	4893
5	2447	2306	2287	4894
5	2525	2410	2413	4895
5	2546	2483	2381	4896
5	2596	2461	2595	4897
5	2614	2479	2478	4898
5	2610	2474	2609	4899
5	2461	2413	2321	4900
5	2461	2323	2460	4901
5	2451	2313	2312	4902
5	2450	2312	2311	4903
5	2722	2585	2644	4904
5	2586	2451	2585	4905
5	2587	2252	2419	4906
5	2587	2452	2252	4907
5	2588	2419	2315	4908
5	2453	2315	2174	4909
5	2490	2354	2353	4910
5	2454	2421	2254	4911
5	2456	2316	2455	4912
5	2456	2317	2316	4913
5	2579	2396	2524	4914
5	2762	2632	2631	4915
5	2457	2454	2318	4916
5	2457	2318	2319	4917
5	2459	2320	2310	4918
5	2459	2449	2320	4919
5	2574	2446	2435	4920
5	2649	2502	2530	4921
5	2596	2525	2413	4922
5	2598	2463	2462	4923
5	2595	2461	2460	4924
5	2525	2509	2410	4925
5	2845	2822	2665	4926
5	2464	2326	2463	4927
5	2592	2459	2458	4928
5	2464	2458	2309	4929
5	2594	2460	2449	4930
5	2729	2594	2593	4931
5	2611	2476	2475	4932
5	2602	2466	2601	4933
5	2604	2468	2603	4934
5	2600	2465	2420	4935
5	2612	2477	2476	4936
5	2558	2405	2421	4937
5	2601	2466	2465	4938
5	2474	2335	2473	4939
5	2608	2472	2607	4940
5	2605	2469	2604	4941
5	2602	2467	2466	4942
5	2612	2476	2611	4943
5	2603	2468	2467	4944
5	2476	2338	2337	4945
5	2609	2473	2608	4946
5	2614	2478	2613	4947
5	2604	2469	2468	4948
5	2605	2470	2469	4949
5	2607	2471	2606	4950
5	2476	2337	2475	4951
5	2606	2470	2605	4952
5	2606	2471	2470	4953
5	2613	2477	2612	4954
5	2488	2352	2487	4955
5	2607	2472	2471	4956
5	2608	2473	2472	4957
5	2621	2486	2620	4958
5	2486	2340	2479	4959
5	2609	2474	2473	4960
5	2610	2475	2474	4961
5	2492	2357	2344	4962
5	2493	2273	2359	4963
5	2482	2402	2347	4964
5	2481	2346	2345	4965
5	2583	2520	2401	4966
5	2581	2418	2447	4967
5	2484	2341	2348	4968
5	2943	2831	2798	4969
5	2541	2404	2376	4970
5	2584	2448	2371	4971
5	2618	2382	2547	4972
5	2749	2547	2698	4973
5	2622	2488	2487	4974
5	2841	2706	2775	4975
5	2721	2584	2565	4976
5	2488	2376	2264	4977
5	2617	2483	2546	4978
5	2541	2376	2508	4979
5	2490	2426	2354	4980
5	2600	2420	2557	4981
5	2674	2667	2505	4982
5	2705	2555	2704	4983
5	2704	2555	2510	4984
5	2601	2465	2600	4985
5	3015	2905	2913	4986
5	2628	2495	2627	4987
5	2495	2358	2494	4988
5	2542	2372	2412	4989
5	2495	2359	2358	4990
5	2495	2493	2359	4991
5	2591	2529	2385	4992
5	2543	2522	2377	4993
5	2533	2408	2504	4994
5	2633	2531	2373	4995
5	2533	2406	2408	4996
5	2500	2283	2364	4997
5	2530	2399	2531	4998
5	2530	2492	2480	4999
5	2633	2373	2500	5000
5	2500	2364	2499	5001
5	2827	2650	2664	5002
5	2631	2498	2497	5003
5	2705	2432	2555	5004
5	2567	2087	2249	5005
5	2502	2494	2492	5006
5	2629	2406	2533	5007
5	2678	2551	2389	5008
5	2551	2239	2389	5009
5	2593	2449	2459	5010
5	2596	2413	2461	5011
5	2515	2281	2505	5012
5	2505	2281	2118	5013
5	2506	2481	2400	5014
5	2573	2434	2433	5015
5	2507	2506	2400	5016
5	2507	2400	2434	5017
5	2679	2508	2622	5018
5	2620	2486	2479	5019
5	2509	2504	2409	5020
5	2509	2409	2410	5021
5	2537	2093	2241	5022
5	2515	2489	2281	5023
5	2511	2450	2372	5024
5	2542	2511	2372	5025
5	2512	2462	2398	5026
5	2854	2765	2729	5027
5	2583	2401	2402	5028
5	2574	2435	2513	5029
5	2878	2751	2877	5030
5	2541	2425	2404	5031
5	2697	2559	2640	5032
5	2589	2430	2570	5033
5	2550	2429	2304	5034
5	2811	2685	2653	5035
5	2517	2503	2439	5036
5	2517	2439	2388	5037
5	2634	2503	2517	5038
5	2518	2517	2388	5039
5	2770	2700	2569	5040
5	2569	2378	2429	5041
5	2540	2453	2303	5042
5	2564	2375	2520	5043
5	2750	2673	2619	5044
5	2691	2546	2656	5045
5	2522	2427	2377	5046
5	2783	2717	2643	5047
5	2642	2419	2588	5048
5	2639	2424	2523	5049
5	2543	2377	2444	5050
5	2795	2689	2669	5051
5	2593	2459	2592	5052
5	3090	2957	3016	5053
5	2635	2445	2526	5054
5	2639	2526	2424	5055
5	2527	2514	2414	5056
5	2527	2414	2448	5057
5	2781	2690	2691	5058
5	2836	2698	2690	5059
5	2529	2457	2385	5060
5	2682	2570	2522	5061
5	2692	2626	2623	5062
5	2758	2668	2628	5063
5	2755	2623	2624	5064
5	2531	2399	2373	5065
5	2559	2395	2532	5066
5	2776	2768	2640	5067
5	2629	2496	2406	5068
5	2631	2497	2630	5069
5	2536	2442	2245	5070
5	2637	2537	2438	5071
5	2535	2534	2366	5072
5	2535	2366	2432	5073
5	2577	2397	2441	5074
5	2967	2578	2636	5075
5	2537	2536	2245	5076
5	2537	2245	2093	5077
5	2538	2523	2368	5078
5	2538	2368	2392	5079
5	2539	2512	2398	5080
5	2539	2398	2418	5081
5	2663	2512	2539	5082
5	2639	2538	2655	5083
5	2565	2425	2541	5084
5	2583	2402	2556	5085
5	2669	2543	2580	5086
5	2883	2840	2692	5087
5	2580	2443	2579	5088
5	2580	2543	2444	5089
5	2660	2384	2549	5090
5	2553	2391	2288	5091
5	2545	2519	2386	5092
5	2545	2386	2378	5093
5	2547	2382	2403	5094
5	2619	2374	2485	5095
5	2749	2618	2547	5096
5	2688	2521	2563	5097
5	2549	2384	2277	5098
5	2571	2278	2384	5099
5	2701	2415	2548	5100
5	2654	2544	2652	5101
5	2785	2577	2715	5102
5	2551	2365	2239	5103
5	2666	2417	2391	5104
5	2666	2391	2553	5105
5	2702	2653	2560	5106
5	2648	2501	2365	5107
5	3059	2837	2938	5108
5	2576	2436	2296	5109
5	2554	2532	2411	5110
5	2554	2411	2493	5111
5	2774	2705	2704	5112
5	2815	2651	2568	5113
5	2681	2527	2584	5114
5	2584	2527	2448	5115
5	2626	2426	2623	5116
5	2727	2725	2591	5117
5	3136	3031	2946	5118
5	2625	2421	2454	5119
5	2559	2542	2412	5120
5	2559	2412	2395	5121
5	2560	2440	2137	5122
5	2560	2137	2416	5123
5	2561	2560	2416	5124
5	2561	2416	2415	5125
5	2562	2538	2392	5126
5	2562	2392	2393	5127
5	2563	2521	2422	5128
5	2563	2422	2394	5129
5	2767	2588	2723	5130
5	2564	2370	2375	5131
5	2900	2788	2789	5132
5	2871	2745	2870	5133
5	2625	2454	2566	5134
5	2566	2454	2457	5135
5	2801	2637	2501	5136
5	2791	2428	2567	5137
5	2568	2567	2249	5138
5	2568	2249	2367	5139
5	2686	2652	2387	5140
5	2686	2387	2519	5141
5	2589	2455	2430	5142
5	2590	2455	2589	5143
5	2571	2548	2431	5144
5	2571	2431	2278	5145
5	2827	2796	2650	5146
5	2713	2507	2573	5147
5	2671	2664	2615	5148
5	2796	2720	2650	5149
5	2581	2539	2418	5150
5	2582	2446	2574	5151
5	2714	2390	2575	5152
5	2575	2390	2291	5153
5	2714	2575	2576	5154
5	2576	2575	2436	5155
5	2825	2678	2503	5156
5	2803	2695	2637	5157
5	2578	2577	2441	5158
5	2578	2441	2442	5159
5	2580	2444	2443	5160
5	2579	2443	2396	5161
5	2708	2489	2515	5162
5	2689	2543	2669	5163
5	2719	2574	2677	5164
5	2728	2593	2592	5165
5	2582	2581	2447	5166
5	2582	2447	2446	5167
5	2720	2583	2650	5168
5	2720	2696	2520	5169
5	2798	2657	2672	5170
5	2706	2541	2508	5171
5	2586	2407	2451	5172
5	2585	2451	2450	5173
5	2676	2627	2502	5174
5	2800	2759	2646	5175
5	2587	2562	2393	5176
5	2587	2393	2452	5177
5	2723	2588	2453	5178
5	2655	2538	2562	5179
5	2717	2579	2643	5180
5	2852	2726	2793	5181
5	2725	2693	2529	5182
5	2591	2456	2590	5183
5	3178	3143	3015	5184
5	2963	2795	2919	5185
5	2595	2460	2594	5186
5	2594	2449	2593	5187
5	2848	2696	2720	5188
5	2728	2592	2662	5189
5	2778	2733	2647	5190
5	2763	2633	2632	5191
5	2733	2599	2598	5192
5	2731	2595	2594	5193
5	2729	2593	2728	5194
5	2764	2633	2763	5195
5	2597	2592	2458	5196
5	2597	2458	2464	5197
5	2599	2464	2463	5198
5	2599	2597	2464	5199
5	2662	2592	2597	5200
5	2731	2594	2729	5201
5	2724	2589	2570	5202
5	2797	2755	2624	5203
5	2708	2624	2489	5204
5	2737	2601	2736	5205
5	2736	2601	2600	5206
5	2737	2602	2601	5207
5	2735	2600	2557	5208
5	2707	2557	2626	5209
5	2741	2605	2740	5210
5	2613	2478	2477	5211
5	2752	2621	2620	5212
5	2738	2603	2602	5213
5	2743	2607	2742	5214
5	2622	2487	2621	5215
5	2739	2604	2603	5216
5	2753	2622	2621	5217
5	2744	2608	2743	5218
5	2740	2605	2604	5219
5	2745	2610	2609	5220
5	2611	2475	2610	5221
5	2741	2606	2605	5222
5	2746	2611	2610	5223
5	2742	2607	2606	5224
5	2748	2612	2747	5225
5	2743	2608	2607	5226
5	2748	2614	2613	5227
5	2745	2609	2744	5228
5	2621	2487	2486	5229
5	2751	2614	2748	5230
5	2744	2609	2608	5231
5	2615	2556	2482	5232
5	2615	2482	2481	5233
5	2616	2547	2403	5234
5	2616	2403	2484	5235
5	2617	2616	2484	5236
5	2617	2484	2483	5237
5	3020	2893	2898	5238
5	2619	2528	2374	5239
5	2688	2563	2657	5240
5	2721	2681	2584	5241
5	2746	2610	2745	5242
5	2622	2508	2488	5243
5	2747	2612	2611	5244
5	2751	2620	2614	5245
5	2681	2672	2527	5246
5	2706	2508	2679	5247
5	2738	2602	2737	5248
5	2626	2557	2491	5249
5	2624	2623	2490	5250
5	2624	2490	2489	5251
5	2735	2557	2707	5252
5	2707	2626	2692	5253
5	3163	3041	3154	5254
5	3204	3061	3137	5255
5	2628	2554	2493	5256
5	2627	2495	2494	5257
5	2882	2754	2881	5258
5	2901	2769	2792	5259
5	2646	2504	2638	5260
5	2764	2757	2531	5261
5	2951	2799	2804	5262
5	2650	2583	2556	5263
5	2832	2639	2655	5264
5	2633	2499	2632	5265
5	2646	2533	2504	5266
5	2885	2760	2759	5267
5	2759	2533	2646	5268
5	2764	2531	2633	5269
5	2940	2801	2648	5270
5	2637	2438	2501	5271
5	2924	2767	2723	5272
5	2635	2513	2445	5273
5	2636	2578	2442	5274
5	2636	2442	2536	5275
5	2906	2830	2779	5276
5	2651	2567	2568	5277
5	2854	2729	2728	5278
5	2730	2641	2525	5279
5	2709	2370	2564	5280
5	2642	2587	2419	5281
5	2640	2559	2532	5282
5	2784	2697	2768	5283
5	2641	2638	2509	5284
5	2641	2509	2525	5285
5	2639	2523	2538	5286
5	2642	2655	2562	5287
5	2643	2579	2524	5288
5	2670	2643	2524	5289
5	2670	2524	2586	5290
5	3107	2983	3105	5291
5	2645	2640	2532	5292
5	2645	2532	2554	5293
5	2807	2638	2799	5294
5	2759	2629	2533	5295
5	2647	2598	2512	5296
5	2663	2647	2512	5297
5	2659	2550	2380	5298
5	2946	2785	2715	5299
5	2668	2554	2628	5300
5	2676	2502	2649	5301
5	2853	2728	2662	5302
5	2677	2574	2513	5303
5	2695	2536	2537	5304
5	2659	2380	2379	5305
5	2703	2576	2437	5306
5	2810	2654	2652	5307
5	3027	2779	2935	5308
5	2915	2654	2810	5309
5	2702	2560	2561	5310
5	2969	2846	2896	5311
5	2642	2562	2587	5312
5	2847	2719	2677	5313
5	2656	2546	2521	5314
5	2876	2673	2750	5315
5	2688	2656	2521	5316
5	2657	2563	2514	5317
5	2815	2568	2658	5318
5	2658	2568	2367	5319
5	2904	2678	2825	5320
5	2661	2569	2429	5321
5	2938	2837	2702	5322
5	2699	2383	2417	5323
5	2947	2774	2894	5324
5	2818	2551	2678	5325
5	2734	2599	2733	5326
5	2857	2734	2733	5327
5	2671	2506	2665	5328
5	2711	2528	2673	5329
5	2664	2650	2556	5330
5	2664	2556	2615	5331
5	2671	2615	2506	5332
5	2665	2506	2507	5333
5	2817	2549	2699	5334
5	2699	2549	2383	5335
5	2675	2405	2558	5336
5	2756	2558	2625	5337
5	2758	2627	2676	5338
5	2784	2766	2694	5339
5	3133	2952	3050	5340
5	2912	2769	2901	5341
5	2780	2722	2644	5342
5	3061	2930	3026	5343
5	2809	2718	2719	5344
5	2680	2663	2539	5345
5	2672	2657	2514	5346
5	2672	2514	2527	5347
5	2713	2573	2712	5348
5	2712	2573	2572	5349
5	2674	2397	2577	5350
5	2715	2577	2578	5351
5	2756	2625	2754	5352
5	2739	2603	2738	5353
5	2758	2628	2627	5354
5	2889	2763	2762	5355
5	2680	2539	2581	5356
5	2777	2663	2680	5357
5	3027	2906	2779	5358
5	2779	2687	2700	5359
5	2753	2679	2622	5360
5	2752	2620	2751	5361
5	2790	2663	2777	5362
5	2978	2895	2854	5363
5	2710	2541	2706	5364
5	3004	2898	2880	5365
5	2851	2693	2725	5366
5	2986	2852	2793	5367
5	2683	2659	2379	5368
5	2683	2379	2516	5369
5	2938	2702	2838	5370
5	2684	2634	2517	5371
5	2685	2684	2518	5372
5	2685	2518	2440	5373
5	3138	3040	3023	5374
5	2770	2569	2661	5375
5	2687	2686	2519	5376
5	2687	2519	2545	5377
5	2788	2672	2681	5378
5	2921	2836	2916	5379
5	2966	2802	2635	5380
5	2833	2639	2832	5381
5	2750	2618	2749	5382
5	2750	2619	2618	5383
5	2691	2690	2617	5384
5	2691	2617	2546	5385
5	2753	2621	2752	5386
5	2736	2600	2735	5387
5	2754	2566	2693	5388
5	2834	2558	2756	5389
5	2694	2644	2511	5390
5	2694	2511	2542	5391
5	2786	2708	2515	5392
5	2835	2636	2536	5393
5	2802	2513	2635	5394
5	2709	2540	2370	5395
5	2697	2694	2542	5396
5	2697	2542	2559	5397
5	2843	2711	2842	5398
5	2874	2698	2836	5399
5	2812	2417	2666	5400
5	2838	2702	2561	5401
5	2700	2687	2545	5402
5	2700	2545	2569	5403
5	2830	2686	2687	5404
5	2907	2810	2830	5405
5	2838	2561	2701	5406
5	2703	2437	2552	5407
5	3023	2969	2896	5408
5	2714	2553	2390	5409
5	3186	2940	3058	5410
5	2772	2704	2510	5411
5	2923	2658	2534	5412
5	2705	2535	2432	5413
5	2710	2565	2541	5414
5	2721	2565	2710	5415
5	3008	2981	2840	5416
5	2726	2590	2589	5417
5	2862	2736	2861	5418
5	2754	2625	2566	5419
5	2787	2655	2642	5420
5	2850	2723	2540	5421
5	2831	2657	2798	5422
5	2814	2656	2688	5423
5	2849	2789	2721	5424
5	2713	2665	2507	5425
5	2843	2712	2711	5426
5	2922	2790	2920	5427
5	2999	2876	2875	5428
5	2925	2765	2895	5429
5	2839	2553	2714	5430
5	2846	2576	2703	5431
5	2774	2535	2705	5432
5	2772	2510	2675	5433
5	2816	2771	2659	5434
5	3014	2786	2897	5435
5	2717	2669	2580	5436
5	2717	2580	2579	5437
5	2718	2680	2581	5438
5	2718	2581	2582	5439
5	2719	2718	2582	5440
5	2719	2582	2574	5441
5	2874	2749	2698	5442
5	2857	2733	2778	5443
5	3127	3003	3002	5444
5	2877	2751	2748	5445
5	2722	2670	2586	5446
5	2722	2586	2585	5447
5	2924	2787	2767	5448
5	2802	2677	2513	5449
5	2725	2529	2591	5450
5	2828	2794	2682	5451
5	2727	2590	2726	5452
5	2863	2737	2862	5453
5	2727	2591	2590	5454
5	2879	2752	2878	5455
5	2881	2754	2693	5456
5	2740	2604	2739	5457
5	3052	2895	3041	5458
5	2799	2638	2641	5459
5	3140	3050	3055	5460
5	2889	2762	2887	5461
5	2732	2595	2731	5462
5	2732	2596	2595	5463
5	2732	2730	2596	5464
5	2942	2913	2780	5465
5	2888	2792	2757	5466
5	3010	2886	2885	5467
5	2734	2597	2599	5468
5	2734	2662	2597	5469
5	2826	2680	2718	5470
5	2822	2671	2665	5471
5	2913	2821	2780	5472
5	3117	2992	3116	5473
5	2828	2689	2795	5474
5	2852	2727	2726	5475
5	2882	2756	2754	5476
5	2742	2606	2741	5477
5	2928	2883	2755	5478
5	2861	2736	2735	5479
5	2871	2746	2745	5480
5	2863	2738	2737	5481
5	2862	2737	2736	5482
5	2865	2739	2864	5483
5	2864	2739	2738	5484
5	2748	2613	2612	5485
5	2873	2748	2747	5486
5	2868	2742	2867	5487
5	2865	2740	2739	5488
5	2869	2743	2868	5489
5	2866	2741	2740	5490
5	2872	2746	2871	5491
5	2880	2775	2679	5492
5	2747	2611	2746	5493
5	2867	2742	2741	5494
5	2868	2743	2742	5495
5	2877	2748	2873	5496
5	2869	2744	2743	5497
5	2880	2679	2753	5498
5	2870	2745	2744	5499
5	2836	2690	2781	5500
5	2842	2711	2673	5501
5	2970	2843	2842	5502
5	3002	2877	3001	5503
5	2878	2752	2751	5504
5	2872	2747	2746	5505
5	2879	2753	2752	5506
5	3545	3387	3529	5507
5	2798	2672	2788	5508
5	2849	2710	2841	5509
5	2864	2738	2863	5510
5	2797	2624	2708	5511
5	2861	2735	2859	5512
5	2755	2692	2623	5513
5	2774	2716	2535	5514
5	2929	2675	2834	5515
5	2757	2649	2530	5516
5	2757	2530	2531	5517
5	2930	2768	2776	5518
5	3011	2887	2886	5519
5	2760	2630	2629	5520
5	2762	2631	2761	5521
5	2886	2760	2885	5522
5	2885	2759	2800	5523
5	2886	2761	2760	5524
5	2942	2780	2766	5525
5	2884	2676	2769	5526
5	2887	2762	2761	5527
5	2769	2676	2649	5528
5	2911	2805	2823	5529
5	2888	2757	2764	5530
5	2887	2761	2886	5531
5	2765	2731	2729	5532
5	2854	2728	2853	5533
5	3026	2939	3021	5534
5	2952	2807	2891	5535
5	3070	2961	2847	5536
5	2787	2642	2767	5537
5	2784	2694	2697	5538
5	2768	2697	2640	5539
5	2776	2640	2645	5540
5	3079	2933	3074	5541
5	2818	2648	2551	5542
5	3076	2770	2936	5543
5	3156	3060	2953	5544
5	2771	2661	2550	5545
5	2937	2708	2786	5546
5	2786	2515	2667	5547
5	3028	2936	2771	5548
5	2773	2703	2552	5549
5	2785	2674	2577	5550
5	2785	2667	2674	5551
5	2775	2706	2679	5552
5	2880	2753	2879	5553
5	3029	3012	3013	5554
5	3169	3082	3143	5555
5	2845	2665	2713	5556
5	2824	2671	2822	5557
5	2844	2712	2843	5558
5	2960	2920	2777	5559
5	3037	3024	2918	5560
5	2935	2779	2700	5561
5	3207	3074	3204	5562
5	3233	3067	3201	5563
5	2814	2782	2656	5564
5	2998	2874	2921	5565
5	2782	2781	2691	5566
5	2782	2691	2656	5567
5	3047	3008	2883	5568
5	3170	3081	3169	5569
5	2945	2768	2930	5570
5	2913	2905	2821	5571
5	3031	2785	2946	5572
5	2894	2774	2704	5573
5	3032	2834	3006	5574
5	2897	2786	2667	5575
5	2966	2635	2833	5576
5	2850	2540	2709	5577
5	2973	2845	2844	5578
5	2971	2957	2822	5579
5	2789	2788	2681	5580
5	2789	2681	2721	5581
5	2790	2778	2647	5582
5	2790	2647	2663	5583
5	2808	2428	2791	5584
5	2808	2516	2428	5585
5	2792	2769	2649	5586
5	2792	2649	2757	5587
5	2793	2726	2724	5588
5	2820	2717	2783	5589
5	2794	2793	2724	5590
5	2794	2724	2682	5591
5	2828	2682	2689	5592
5	3372	3258	3270	5593
5	2845	2713	2844	5594
5	2847	2809	2719	5595
5	2834	2675	2558	5596
5	2894	2704	2772	5597
5	3127	3002	3126	5598
5	2950	2788	2900	5599
5	3009	2885	2800	5600
5	3009	2800	2952	5601
5	3158	3021	3053	5602
5	2932	2901	2792	5603
5	2835	2536	2695	5604
5	3160	2637	2801	5605
5	2813	2564	2696	5606
5	2848	2720	2796	5607
5	2816	2659	2683	5608
5	2808	2683	2516	5609
5	2804	2799	2641	5610
5	2804	2641	2730	5611
5	2805	2776	2645	5612
5	2805	2645	2668	5613
5	2806	2783	2643	5614
5	2806	2643	2670	5615
5	2807	2800	2646	5616
5	2807	2646	2638	5617
5	2936	2661	2771	5618
5	3174	2929	3032	5619
5	2813	2709	2564	5620
5	2824	2664	2671	5621
5	2829	2684	2811	5622
5	2811	2684	2685	5623
5	2830	2687	2779	5624
5	2825	2503	2634	5625
5	2817	2660	2549	5626
5	2812	2699	2417	5627
5	2832	2655	2787	5628
5	2954	2709	2813	5629
5	2916	2836	2781	5630
5	2999	2875	2998	5631
5	2918	2695	2803	5632
5	2904	2818	2678	5633
5	2909	2791	2651	5634
5	2918	2835	2695	5635
5	3097	2968	2908	5636
5	2819	2660	2817	5637
5	2907	2830	2906	5638
5	3065	2801	2940	5639
5	2819	2701	2548	5640
5	2819	2548	2660	5641
5	2820	2795	2669	5642
5	2820	2669	2717	5643
5	2821	2806	2670	5644
5	2821	2670	2722	5645
5	2827	2664	2824	5646
5	2826	2718	2809	5647
5	2823	2805	2668	5648
5	2823	2668	2758	5649
5	2974	2827	2958	5650
5	2920	2790	2777	5651
5	2959	2829	2811	5652
5	2935	2700	2770	5653
5	3092	3016	2971	5654
5	2826	2777	2680	5655
5	2914	2857	2778	5656
5	2962	2696	2848	5657
5	2919	2820	2899	5658
5	2982	2851	2860	5659
5	3058	2940	2818	5660
5	2829	2634	2684	5661
5	2830	2810	2652	5662
5	2830	2652	2686	5663
5	2831	2814	2688	5664
5	2831	2688	2657	5665
5	2833	2526	2639	5666
5	2833	2635	2526	5667
5	2903	2677	2802	5668
5	3166	3086	2961	5669
5	2859	2707	2840	5670
5	2859	2735	2707	5671
5	2967	2835	2918	5672
5	2967	2636	2835	5673
5	2876	2842	2673	5674
5	2844	2713	2712	5675
5	2837	2811	2653	5676
5	2837	2653	2702	5677
5	3063	2773	2915	5678
5	2968	2819	2908	5679
5	2896	2846	2703	5680
5	2896	2703	2773	5681
5	2866	2740	2865	5682
5	2867	2741	2866	5683
5	2849	2721	2710	5684
5	2841	2710	2706	5685
5	2875	2749	2874	5686
5	2916	2781	2892	5687
5	3101	3051	2972	5688
5	2895	2765	2854	5689
5	2921	2874	2836	5690
5	2957	2824	2822	5691
5	2978	2854	2853	5692
5	3038	2979	2914	5693
5	2846	2839	2714	5694
5	2846	2714	2576	5695
5	2958	2824	2957	5696
5	2961	2960	2826	5697
5	2977	2787	2924	5698
5	3147	2954	3093	5699
5	3148	3080	3141	5700
5	3191	3064	3167	5701
5	3045	2850	2954	5702
5	2924	2723	2850	5703
5	2881	2693	2851	5704
5	3046	2923	2716	5705
5	2860	2727	2852	5706
5	2860	2725	2727	5707
5	2858	2734	2857	5708
5	3068	2998	2921	5709
5	2951	2891	2799	5710
5	2926	2804	2855	5711
5	2855	2804	2730	5712
5	2855	2730	2732	5713
5	2856	2855	2732	5714
5	2856	2732	2731	5715
5	2858	2662	2734	5716
5	2858	2853	2662	5717
5	2958	2827	2824	5718
5	2922	2778	2790	5719
5	2981	2859	2840	5720
5	3047	2883	2928	5721
5	2989	2864	2988	5722
5	2860	2851	2725	5723
5	3005	2881	2851	5724
5	2986	2793	2927	5725
5	2984	2860	2852	5726
5	2919	2795	2820	5727
5	3019	2919	3018	5728
5	2939	2805	2911	5729
5	2983	2861	2859	5730
5	2870	2744	2869	5731
5	2985	2862	2861	5732
5	2992	2867	2991	5733
5	2987	2863	2862	5734
5	2988	2864	2863	5735
5	2996	2872	2871	5736
5	2989	2865	2864	5737
5	2993	2868	2992	5738
5	2990	2866	2865	5739
5	2994	2869	2993	5740
5	2991	2867	2866	5741
5	3004	2879	3003	5742
5	2873	2747	2872	5743
5	2992	2868	2867	5744
5	3003	2879	2878	5745
5	2995	2870	2994	5746
5	2993	2869	2868	5747
5	2994	2870	2869	5748
5	3257	3172	3242	5749
5	2875	2750	2749	5750
5	2876	2750	2875	5751
5	2973	2971	2845	5752
5	2955	2831	2943	5753
5	3256	3154	3226	5754
5	3001	2873	2997	5755
5	2995	2871	2870	5756
5	2997	2873	2872	5757
5	3373	3260	3297	5758
5	3002	2878	2877	5759
5	3004	2880	2879	5760
5	3001	2877	2873	5761
5	3043	2893	3020	5762
5	3244	3242	3124	5763
5	2996	2871	2995	5764
5	3174	3072	2929	5765
5	2883	2692	2755	5766
5	2983	2859	2981	5767
5	2928	2755	2797	5768
5	2990	2865	2989	5769
5	2884	2823	2758	5770
5	2884	2758	2676	5771
5	2931	2889	2887	5772
5	3135	3034	3011	5773
5	3122	2998	3068	5774
5	3041	2895	2978	5775
5	3000	2970	2842	5776
5	2952	2800	2807	5777
5	2890	2763	2889	5778
5	2890	2888	2764	5779
5	2890	2764	2763	5780
5	3026	2930	2939	5781
5	3152	3056	3073	5782
5	3307	3193	3258	5783
5	2891	2807	2799	5784
5	3135	3010	3134	5785
5	2948	2892	2782	5786
5	2948	2782	2814	5787
5	2893	2841	2775	5788
5	3003	2878	3002	5789
5	2923	2534	2716	5790
5	2897	2667	2785	5791
5	2902	2855	2856	5792
5	2926	2855	2902	5793
5	2956	2699	2812	5794
5	3063	2896	2773	5795
5	2988	2863	2987	5796
5	3183	3162	2947	5797
5	2898	2893	2775	5798
5	2898	2775	2880	5799
5	2899	2820	2783	5800
5	2905	2806	2821	5801
5	2976	2849	2975	5802
5	2976	2900	2789	5803
5	3258	3193	3205	5804
5	3013	2889	2931	5805
5	3154	3041	3062	5806
5	3057	2925	3052	5807
5	2960	2777	2826	5808
5	2903	2847	2677	5809
5	3182	2906	3027	5810
5	3156	2953	3035	5811
5	2944	2806	2905	5812
5	2944	2783	2806	5813
5	3098	2968	3097	5814
5	2908	2819	2817	5815
5	2941	2811	2837	5816
5	3017	2810	2907	5817
5	2968	2701	2819	5818
5	2968	2838	2701	5819
5	3028	2771	2816	5820
5	3076	2935	2770	5821
5	2910	2909	2651	5822
5	2910	2651	2815	5823
5	2934	2884	2912	5824
5	2934	2823	2884	5825
5	2934	2911	2823	5826
5	3061	2945	2930	5827
5	3030	2913	2942	5828
5	3292	3132	3168	5829
5	3100	2922	3099	5830
5	2979	2857	2914	5831
5	3063	3023	2896	5832
5	2915	2773	2654	5833
5	3103	2975	3043	5834
5	3080	2950	3025	5835
5	2917	2812	2666	5836
5	2917	2666	2839	5837
5	3037	2918	2803	5838
5	3162	3046	2947	5839
5	2927	2793	2794	5840
5	3019	2963	2919	5841
5	3092	2971	2973	5842
5	2922	2914	2778	5843
5	3243	3122	3157	5844
5	3064	2916	2892	5845
5	2998	2875	2874	5846
5	2972	2843	2970	5847
5	2923	2910	2815	5848
5	2923	2815	2658	5849
5	3099	2920	3091	5850
5	2965	2833	2832	5851
5	2925	2902	2856	5852
5	2925	2856	2765	5853
5	3052	2925	2895	5854
5	2951	2804	2926	5855
5	3151	2937	3014	5856
5	3178	3030	3144	5857
5	3006	2756	2882	5858
5	3014	2937	2786	5859
5	3072	2894	2772	5860
5	2929	2772	2675	5861
5	2933	2766	2784	5862
5	2942	2766	2933	5863
5	2932	2792	2888	5864
5	3053	2911	2934	5865
5	3075	3053	2934	5866
5	3073	3012	3029	5867
5	3467	3356	3466	5868
5	3056	2901	2932	5869
5	3390	3258	3372	5870
5	3053	3021	2911	5871
5	3159	2935	3076	5872
5	2936	2770	2661	5873
5	2940	2648	2818	5874
5	2964	2634	2829	5875
5	3077	2797	2937	5876
5	2937	2797	2708	5877
5	3017	2915	2810	5878
5	3181	3017	2907	5879
5	2939	2930	2776	5880
5	2939	2776	2805	5881
5	3160	2801	3065	5882
5	3058	2818	2904	5883
5	3181	2907	3078	5884
5	2959	2811	2941	5885
5	3135	3011	3010	5886
5	3030	3015	2913	5887
5	3064	2892	3044	5888
5	3260	3141	3149	5889
5	3115	2990	3114	5890
5	2944	2899	2783	5891
5	2945	2933	2784	5892
5	2945	2784	2768	5893
5	3083	2923	3046	5894
5	2947	2716	2774	5895
5	3196	3136	2946	5896
5	3096	2946	2715	5897
5	3172	3051	3101	5898
5	3323	3191	3167	5899
5	2949	2927	2794	5900
5	2949	2794	2828	5901
5	2950	2943	2798	5902
5	2950	2798	2788	5903
5	3374	3261	3315	5904
5	3057	2902	2925	5905
5	3011	2886	3010	5906
5	3010	2885	3009	5907
5	2953	2816	2683	5908
5	2953	2683	2808	5909
5	3093	2813	2962	5910
5	2954	2850	2709	5911
5	2955	2948	2814	5912
5	2955	2814	2831	5913
5	2956	2908	2817	5914
5	2956	2817	2699	5915
5	2973	2844	2972	5916
5	3055	2891	2951	5917
5	2961	2809	2847	5918
5	3102	2958	3090	5919
5	3078	2907	2906	5920
5	3089	2964	2829	5921
5	3087	2962	2848	5922
5	3070	2847	2903	5923
5	2961	2826	2809	5924
5	3286	3173	3263	5925
5	3244	3124	3123	5926
5	2962	2813	2696	5927
5	2963	2949	2828	5928
5	2963	2828	2795	5929
5	3281	3037	3142	5930
5	2964	2825	2634	5931
5	3039	2903	2802	5932
5	3166	2961	3070	5933
5	2966	2833	2965	5934
5	3039	2802	2966	5935
5	3096	2715	2967	5936
5	2967	2715	2578	5937
5	3022	2908	2956	5938
5	3098	2938	2838	5939
5	2969	2917	2839	5940
5	2969	2839	2846	5941
5	2971	2822	2845	5942
5	3090	2958	2957	5943
5	2972	2844	2843	5944
5	3016	2957	2971	5945
5	3091	2960	3086	5946
5	2980	2978	2853	5947
5	2974	2796	2827	5948
5	2974	2848	2796	5949
5	3062	3041	2978	5950
5	3095	3039	2966	5951
5	2976	2789	2849	5952
5	2975	2849	2841	5953
5	3044	2892	2948	5954
5	3103	3033	2976	5955
5	2977	2965	2832	5956
5	2977	2832	2787	5957
5	2980	2858	2979	5958
5	3086	2960	2961	5959
5	2980	2853	2858	5960
5	2979	2858	2857	5961
5	3100	2914	2922	5962
5	3248	3179	3128	5963
5	2985	2861	2983	5964
5	2987	2862	2985	5965
5	3005	2851	2982	5966
5	3007	2881	3005	5967
5	3168	3008	3047	5968
5	2991	2866	2990	5969
5	3129	3005	2982	5970
5	2984	2982	2860	5971
5	3106	2982	2984	5972
5	2997	2872	2996	5973
5	3110	2986	2927	5974
5	2986	2984	2852	5975
5	3018	2919	2899	5976
5	3082	2905	3015	5977
5	3229	3108	3110	5978
5	3331	3204	3259	5979
5	3067	2949	2963	5980
5	3251	3129	3249	5981
5	3109	2987	2985	5982
5	3111	2988	2987	5983
5	3118	2993	3117	5984
5	3113	2989	2988	5985
5	3119	2994	3118	5986
5	3126	3002	3001	5987
5	3114	2990	2989	5988
5	3120	2995	3119	5989
5	3115	2991	2990	5990
5	3128	3004	3003	5991
5	3116	2992	2991	5992
5	3128	3003	3127	5993
5	3117	2993	2992	5994
5	3121	2996	3120	5995
5	3118	2994	2993	5996
5	3128	3048	3004	5997
5	3000	2842	2876	5998
5	3000	2876	2999	5999
5	3241	3121	3120	6000
5	3428	3373	3297	6001
5	3122	2999	2998	6002
5	3062	2978	2980	6003
5	3119	2995	2994	6004
5	3246	3125	3245	6005
5	3121	2997	2996	6006
5	3245	3121	3241	6007
5	3263	3173	3179	6008
5	3120	2996	2995	6009
5	3321	3225	3276	6010
5	3161	3044	3084	6011
5	3132	3105	2981	6012
5	3444	3442	3324	6013
5	3008	2840	2883	6014
5	3175	3006	3130	6015
5	3264	3014	2897	6016
5	3007	2882	2881	6017
5	3109	2985	3107	6018
5	3105	2983	2981	6019
5	3177	3052	3163	6020
5	3254	3133	3253	6021
5	3253	3133	3050	6022
5	3163	3052	3041	6023
5	3054	2931	3034	6024
5	3054	3013	2931	6025
5	3012	2932	2888	6026
5	3012	2888	2890	6027
5	3013	3012	2890	6028
5	3013	2890	2889	6029
5	3130	3006	2882	6030
5	3032	2929	2834	6031
5	3185	3029	3054	6032
5	3180	3137	3026	6033
5	3104	3062	2980	6034
5	3050	2952	2891	6035
5	3036	2956	2812	6036
5	3059	2941	2837	6037
5	3112	2949	3067	6038
5	3112	2927	2949	6039
5	3108	2984	2986	6040
5	3067	2963	3019	6041
5	3247	3127	3126	6042
5	3125	3001	2997	6043
5	3021	2939	2911	6044
5	3075	2912	2901	6045
5	3098	2838	2968	6046
5	3097	2908	3022	6047
5	3036	2812	2917	6048
5	3036	3022	2956	6049
5	3096	2967	3024	6050
5	3024	2967	2918	6051
5	3025	2950	2900	6052
5	3043	2975	2893	6053
5	3200	3018	3170	6054
5	3350	3347	3231	6055
5	3265	3197	3017	6056
5	3266	3078	3182	6057
5	3094	2904	2825	6058
5	3089	2829	2959	6059
5	3034	2931	3011	6060
5	3134	3010	3009	6061
5	3074	2945	3061	6062
5	3074	2933	2945	6063
5	3271	3060	3156	6064
5	3031	2897	2785	6065
5	3376	3309	3162	6066
5	3072	2772	2929	6067
5	3033	3025	2900	6068
5	3033	2900	2976	6069
5	3054	3029	3013	6070
5	3436	3312	3435	6071
5	3186	3065	2940	6072
5	3060	2816	2953	6073
5	3220	3098	3219	6074
5	3040	2969	3023	6075
5	3142	3037	2803	6076
5	3046	2716	2947	6077
5	3051	2973	2972	6078
5	3194	3055	3085	6079
5	3188	2962	3087	6080
5	3045	2924	2850	6081
5	3040	3036	2917	6082
5	3040	2917	2969	6083
5	3092	2973	3051	6084
5	3104	2979	3038	6085
5	3095	2965	3042	6086
5	3042	2965	2977	6087
5	3103	2976	2975	6088
5	3202	3157	3068	6089
5	3084	2955	3049	6090
5	3084	2948	2955	6091
5	3319	3192	3268	6092
5	3482	3372	3417	6093
5	3035	2791	2909	6094
5	3035	2808	2791	6095
5	3130	2882	3007	6096
5	3116	2991	3115	6097
5	3048	3020	2898	6098
5	3048	2898	3004	6099
5	3084	3044	2948	6100
5	3049	2955	2943	6101
5	3133	3009	2952	6102
5	3134	3009	3133	6103
5	3148	3049	3080	6104
5	3124	2970	3000	6105
5	3085	2951	2926	6106
5	3055	3050	2891	6107
5	3075	2934	2912	6108
5	3205	3056	3152	6109
5	3270	3205	3152	6110
5	3255	3176	3135	6111
5	3071	2902	3057	6112
5	3071	2926	2902	6113
5	3395	3316	3289	6114
5	3075	2901	3056	6115
5	3253	3050	3140	6116
5	3085	2926	3071	6117
5	3060	3028	2816	6118
5	3035	2953	2808	6119
5	3219	3097	3218	6120
5	3094	2825	2964	6121
5	3066	2909	2910	6122
5	3376	3162	3183	6123
5	3079	2942	2933	6124
5	3079	3030	2942	6125
5	3101	2972	2970	6126
5	3203	3057	3177	6127
5	3220	3059	2938	6128
5	3218	3097	3022	6129
5	3069	2916	3064	6130
5	3104	2980	2979	6131
5	3159	3027	2935	6132
5	3160	2803	2637	6133
5	3303	3065	3186	6134
5	3199	2909	3066	6135
5	3170	3018	3081	6136
5	3207	3079	3074	6137
5	3214	3051	3172	6138
5	3444	3322	3396	6139
5	3069	3068	2921	6140
5	3069	2921	2916	6141
5	3087	2848	2974	6142
5	3102	2974	2958	6143
5	3410	3268	3273	6144
5	3085	3055	2951	6145
5	3196	2946	3096	6146
5	3275	3028	3060	6147
5	3073	3056	2932	6148
5	3073	2932	3012	6149
5	3316	3144	3289	6150
5	3501	3379	3498	6151
5	3180	3026	3021	6152
5	3556	3446	3436	6153
5	3275	3139	3028	6154
5	3165	3058	2904	6155
5	3206	3047	2928	6156
5	3077	2928	2797	6157
5	3088	2959	2941	6158
5	3195	2941	3059	6159
5	3345	3228	3288	6160
5	3180	3021	3158	6161
5	3080	3049	2943	6162
5	3080	2943	2950	6163
5	3081	3018	2899	6164
5	3081	2899	2944	6165
5	3082	3081	2944	6166
5	3082	2944	2905	6167
5	3083	3066	2910	6168
5	3083	2910	2923	6169
5	3580	3374	3471	6170
5	3364	3246	3363	6171
5	3045	3042	2977	6172
5	3045	2977	2924	6173
5	3091	2920	2960	6174
5	3213	3090	3016	6175
5	3209	3038	3100	6176
5	3093	2954	2813	6177
5	3182	3078	2906	6178
5	3210	3089	2959	6179
5	3210	2959	3088	6180
5	3382	3088	3195	6181
5	3320	3215	3147	6182
5	3344	3224	3213	6183
5	3279	3086	3166	6184
5	3212	3091	3086	6185
5	3311	3167	3161	6186
5	3099	2922	2920	6187
5	3095	2966	2965	6188
5	3211	3087	2974	6189
5	3155	2964	3089	6190
5	3299	3037	3281	6191
5	3282	3221	3212	6192
5	3209	3164	3038	6193
5	3264	3031	3136	6194
5	3151	3077	2937	6195
5	3198	3138	3023	6196
5	3187	3022	3036	6197
5	3198	3023	3063	6198
5	3219	3098	3097	6199
5	3322	3203	3261	6200
5	3100	3038	2914	6201
5	3221	3099	3091	6202
5	3261	3203	3177	6203
5	3123	2999	3122	6204
5	3123	3000	2999	6205
5	3448	3334	3332	6206
5	3146	2903	3039	6207
5	3189	3033	3103	6208
5	3276	3225	3150	6209
5	3202	3068	3069	6210
5	3324	3194	3190	6211
5	3107	2985	2983	6212
5	3114	2989	3113	6213
5	3129	2982	3106	6214
5	3131	3005	3129	6215
5	3111	2987	3109	6216
5	3113	2988	3111	6217
5	3227	3106	3108	6218
5	3108	3106	2984	6219
5	3201	3019	3200	6220
5	3125	2997	3121	6221
5	3238	3117	3237	6222
5	3110	3108	2986	6223
5	3368	3249	3366	6224
5	3317	3180	3158	6225
5	3231	3110	3112	6226
5	3112	3110	2927	6227
5	3201	3067	3019	6228
5	3200	3019	3018	6229
5	3169	3081	3082	6230
5	3406	3346	3347	6231
5	3230	3109	3228	6232
5	3232	3113	3111	6233
5	3237	3116	3236	6234
5	3126	3001	3125	6235
5	3234	3114	3113	6236
5	3239	3118	3238	6237
5	3235	3115	3114	6238
5	3241	3120	3240	6239
5	3236	3116	3115	6240
5	3237	3117	3116	6241
5	3248	3127	3247	6242
5	3238	3118	3117	6243
5	3545	3521	3428	6244
5	3239	3119	3118	6245
5	3244	3123	3243	6246
5	3124	3000	3123	6247
5	3396	3261	3374	6248
5	3124	3101	2970	6249
5	3208	3049	3148	6250
5	3167	3044	3161	6251
5	3246	3126	3125	6252
5	3240	3120	3119	6253
5	3245	3125	3121	6254
5	3399	3311	3262	6255
5	3248	3128	3127	6256
5	3428	3321	3387	6257
5	3150	3043	3020	6258
5	3443	3311	3399	6259
5	3249	3129	3106	6260
5	3283	3151	3014	6261
5	3132	2981	3008	6262
5	3264	2897	3031	6263
5	3661	3548	3506	6264
5	3131	3007	3005	6265
5	3252	3171	3105	6266
5	3295	3130	3250	6267
5	3535	3413	3494	6268
5	3255	3135	3134	6269
5	3416	3293	3378	6270
5	3324	3190	3322	6271
5	3177	3057	3052	6272
5	3194	3085	3190	6273
5	3509	3309	3376	6274
5	3206	2928	3077	6275
5	3137	3061	3026	6276
5	3289	3144	3207	6277
5	3187	3036	3040	6278
5	3187	3040	3138	6279
5	3139	3076	2936	6280
5	3139	2936	3028	6281
5	3194	3140	3055	6282
5	3190	3085	3071	6283
5	3141	3080	3025	6284
5	3262	3161	3208	6285
5	3303	3281	3142	6286
5	3155	3094	2964	6287
5	3143	3082	3015	6288
5	3440	3317	3307	6289
5	3178	3015	3030	6290
5	3144	3030	3079	6291
5	3217	3046	3162	6292
5	3398	3159	3277	6293
5	3226	3104	3164	6294
5	3146	3070	2903	6295
5	3146	3039	3095	6296
5	3147	3045	2954	6297
5	3323	3167	3311	6298
5	3392	3300	3381	6299
5	3149	3141	3025	6300
5	3149	3025	3033	6301
5	3189	3149	3033	6302
5	3225	3043	3150	6303
5	3301	3206	3077	6304
5	3250	3130	3007	6305
5	3556	3436	3551	6306
5	3176	3034	3135	6307
5	3153	3152	3073	6308
5	3153	3073	3029	6309
5	3226	3062	3104	6310
5	3164	3104	3038	6311
5	3302	3094	3155	6312
5	3303	3142	3065	6313
5	3304	3199	3066	6314
5	3305	3156	3199	6315
5	3157	3122	3068	6316
5	3381	3300	3260	6317
5	3874	3769	3765	6318
5	3352	3233	3201	6319
5	3165	2904	3094	6320
5	3393	3266	3182	6321
5	3160	3065	3142	6322
5	3160	3142	2803	6323
5	3167	3064	3044	6324
5	3191	3069	3064	6325
5	3764	3430	3536	6326
5	3217	3083	3046	6327
5	3310	3163	3154	6328
5	3285	3214	3172	6329
5	3215	3042	3147	6330
5	3147	3042	3045	6331
5	3274	3058	3165	6332
5	3333	3155	3089	6333
5	3278	3087	3211	6334
5	3211	2974	3102	6335
5	3362	3245	3241	6336
5	3300	3141	3260	6337
5	3171	3107	3105	6338
5	3168	3132	3008	6339
5	3312	3143	3298	6340
5	3233	3112	3067	6341
5	3397	3259	3296	6342
5	3328	3200	3170	6343
5	3232	3111	3230	6344
5	3230	3111	3109	6345
5	3223	3213	3016	6346
5	3222	3100	3099	6347
5	3173	3150	3020	6348
5	3173	3020	3048	6349
5	3326	3136	3196	6350
5	3183	2947	2894	6351
5	3314	3174	3032	6352
5	3175	3032	3006	6353
5	3185	3153	3029	6354
5	3192	3034	3176	6355
5	3291	3226	3164	6356
5	3520	3396	3484	6357
5	3446	3313	3436	6358
5	3485	3380	3440	6359
5	3179	3173	3048	6360
5	3179	3048	3128	6361
5	3270	3258	3205	6362
5	3370	3253	3294	6363
5	3195	3088	2941	6364
5	3197	2915	3017	6365
5	3418	3275	3060	6366
5	3308	3027	3159	6367
5	3301	3077	3151	6368
5	3283	3014	3264	6369
5	3184	3183	2894	6370
5	3184	2894	3072	6371
5	3440	3307	3390	6372
5	3269	3152	3153	6373
5	3418	3060	3271	6374
5	3337	3145	3217	6375
5	3218	3022	3187	6376
5	3220	2938	3098	6377
5	3320	3093	3188	6378
5	3188	3093	2962	6379
5	3381	3260	3373	6380
5	3311	3161	3262	6381
5	3310	3154	3256	6382
5	3294	3140	3287	6383
5	3474	3364	3363	6384
5	3202	3069	3191	6385
5	3192	3185	3054	6386
5	3192	3054	3034	6387
5	3193	3158	3053	6388
5	3193	3053	3075	6389
5	3315	3177	3163	6390
5	3287	3140	3194	6391
5	3651	3393	3534	6392
5	3400	3078	3266	6393
5	3337	3217	3309	6394
5	3309	3217	3162	6395
5	3198	3063	3197	6396
5	3197	3063	2915	6397
5	3318	3210	3088	6398
5	3265	3017	3181	6399
5	3199	3156	3035	6400
5	3199	3035	2909	6401
5	3313	3170	3169	6402
5	3240	3119	3239	6403
5	3234	3113	3232	6404
5	3228	3109	3107	6405
5	3401	3257	3360	6406
5	3360	3242	3244	6407
5	3203	3190	3071	6408
5	3203	3071	3057	6409
5	3207	3144	3079	6410
5	3204	3074	3061	6411
5	3205	3193	3075	6412
5	3205	3075	3056	6413
5	3250	3007	3131	6414
5	3402	3330	3206	6415
5	3298	3143	3178	6416
5	3317	3158	3307	6417
5	3208	3161	3084	6418
5	3208	3084	3049	6419
5	3486	3411	3447	6420
5	3278	3188	3087	6421
5	3302	3165	3094	6422
5	3487	3266	3393	6423
5	3224	3102	3090	6424
5	3331	3289	3207	6425
5	3221	3091	3212	6426
5	3223	3092	3214	6427
5	3224	3090	3213	6428
5	3335	3102	3224	6429
5	3371	3254	3370	6430
5	3214	3092	3051	6431
5	3215	3146	3095	6432
5	3215	3095	3042	6433
5	3216	3196	3096	6434
5	3216	3096	3024	6435
5	3299	3024	3037	6436
5	3217	3145	3083	6437
5	3340	3059	3220	6438
5	3338	3198	3327	6439
5	3327	3198	3197	6440
5	3338	3138	3198	6441
5	3218	3187	3138	6442
5	3339	3220	3219	6443
5	3222	3099	3221	6444
5	3222	3209	3100	6445
5	3223	3016	3092	6446
5	3280	3243	3157	6447
5	3291	3256	3226	6448
5	3405	3282	3212	6449
5	3342	3221	3282	6450
5	3361	3243	3280	6451
5	3225	3189	3103	6452
5	3225	3103	3043	6453
5	3284	3164	3209	6454
5	3226	3154	3062	6455
5	3228	3107	3171	6456
5	3249	3106	3227	6457
5	3247	3126	3246	6458
5	3351	3232	3348	6459
5	3488	3389	3367	6460
5	3229	3227	3108	6461
5	3236	3115	3235	6462
5	3235	3114	3234	6463
5	3313	3169	3312	6464
5	3231	3229	3110	6465
5	3349	3200	3328	6466
5	3349	3201	3200	6467
5	3353	3234	3351	6468
5	3233	3231	3112	6469
5	3346	3227	3229	6470
5	3478	3366	3476	6471
5	3328	3170	3313	6472
5	3312	3169	3143	6473
5	3348	3232	3230	6474
5	3359	3241	3240	6475
5	3351	3234	3232	6476
5	3357	3238	3356	6477
5	3353	3235	3234	6478
5	3362	3241	3359	6479
5	3354	3236	3235	6480
5	3355	3237	3236	6481
5	3365	3247	3364	6482
5	3356	3238	3237	6483
5	3363	3245	3362	6484
5	3357	3239	3238	6485
5	3242	3172	3101	6486
5	3242	3101	3124	6487
5	3336	3223	3214	6488
5	3243	3123	3122	6489
5	3343	3223	3336	6490
5	3428	3297	3321	6491
5	3358	3240	3239	6492
5	3359	3240	3358	6493
5	3365	3290	3248	6494
5	3363	3246	3245	6495
5	3762	3632	3716	6496
5	3529	3420	3489	6497
5	3491	3385	3407	6498
5	3530	3381	3526	6499
5	3492	3479	3369	6500
5	3292	3252	3132	6501
5	3252	3105	3132	6502
5	3295	3175	3130	6503
5	3593	3388	3496	6504
5	3251	3131	3129	6505
5	3288	3228	3171	6506
5	3369	3288	3171	6507
5	3254	3134	3133	6508
5	3255	3134	3254	6509
5	3371	3255	3254	6510
5	3378	3319	3377	6511
5	3322	3190	3203	6512
5	3416	3269	3293	6513
5	3526	3373	3521	6514
5	3447	3323	3443	6515
5	3403	3279	3166	6516
5	3335	3211	3102	6517
5	3417	3270	3269	6518
5	3270	3152	3269	6519
5	3259	3204	3137	6520
5	3551	3436	3435	6521
5	3297	3260	3149	6522
5	3297	3149	3189	6523
5	3360	3257	3242	6524
5	3495	3386	3481	6525
5	3420	3286	3385	6526
5	3584	3474	3583	6527
5	3364	3247	3246	6528
5	3365	3248	3247	6529
5	3314	3032	3175	6530
5	3511	3409	3330	6531
5	3327	3197	3265	6532
5	3338	3219	3218	6533
5	3419	3139	3275	6534
5	3415	3318	3382	6535
5	3267	3184	3072	6536
5	3267	3072	3174	6537
5	3268	3192	3176	6538
5	3371	3273	3255	6539
5	3800	3705	3768	6540
5	3417	3269	3416	6541
5	3650	3501	3629	6542
5	3553	3440	3390	6543
5	3499	3391	3303	6544
5	3277	3076	3139	6545
5	3272	3262	3208	6546
5	3272	3208	3148	6547
5	3273	3268	3176	6548
5	3273	3176	3255	6549
5	3375	3136	3326	6550
5	3274	3186	3058	6551
5	3419	3275	3418	6552
5	3277	3159	3076	6553
5	3521	3373	3428	6554
5	3387	3321	3276	6555
5	3595	3505	3549	6556
5	3308	3182	3027	6557
5	3343	3213	3223	6558
5	3279	3212	3086	6559
5	3332	3146	3215	6560
5	3334	3070	3146	6561
5	3652	3539	3579	6562
5	3413	3272	3392	6563
5	3547	3274	3430	6564
5	3299	3216	3024	6565
5	3558	3448	3383	6566
5	3341	3209	3222	6567
5	3444	3324	3322	6568
5	3367	3250	3131	6569
5	3285	3172	3257	6570
5	3291	3164	3284	6571
5	3336	3214	3285	6572
5	3344	3213	3343	6573
5	3286	3276	3150	6574
5	3286	3150	3173	6575
5	3294	3253	3140	6576
5	3370	3254	3253	6577
5	3345	3230	3228	6578
5	3355	3236	3354	6579
5	3553	3390	3497	6580
5	3446	3328	3313	6581
5	3290	3263	3179	6582
5	3290	3179	3248	6583
5	3425	3257	3401	6584
5	3502	3425	3401	6585
5	3366	3249	3227	6586
5	3503	3292	3409	6587
5	3293	3269	3153	6588
5	3293	3153	3185	6589
5	3456	3344	3343	6590
5	3412	3256	3291	6591
5	3375	3264	3136	6592
5	3519	3437	3314	6593
5	3296	3259	3137	6594
5	3296	3137	3180	6595
5	3438	3256	3412	6596
5	3589	3481	3480	6597
5	3669	3497	3596	6598
5	3397	3296	3380	6599
5	3304	3066	3145	6600
5	3325	3196	3216	6601
5	3300	3272	3148	6602
5	3300	3148	3141	6603
5	3330	3047	3206	6604
5	3330	3168	3047	6605
5	3431	3304	3394	6606
5	3536	3302	3404	6607
5	3735	3656	3542	6608
5	3487	3415	3266	6609
5	3305	3271	3156	6610
5	3305	3199	3304	6611
5	3500	3281	3391	6612
5	3431	3305	3304	6613
5	3306	3280	3157	6614
5	3306	3157	3202	6615
5	3317	3296	3180	6616
5	3307	3158	3193	6617
5	3441	3210	3318	6618
5	3382	3195	3340	6619
5	3483	3325	3433	6620
5	3506	3431	3394	6621
5	3315	3261	3177	6622
5	3315	3163	3310	6623
5	3329	3202	3191	6624
5	3329	3191	3323	6625
5	3628	3533	3594	6626
5	3423	3331	3379	6627
5	3435	3298	3429	6628
5	3429	3316	3395	6629
5	3414	3184	3267	6630
5	3437	3174	3314	6631
5	3481	3370	3480	6632
5	3538	3386	3495	6633
5	3316	3298	3178	6634
5	3316	3178	3144	6635
5	3497	3372	3482	6636
5	3378	3293	3319	6637
5	3441	3333	3210	6638
5	3333	3089	3210	6639
5	3319	3293	3185	6640
5	3319	3185	3192	6641
5	3320	3147	3093	6642
5	3331	3207	3204	6643
5	3321	3297	3189	6644
5	3321	3189	3225	6645
5	3324	3287	3194	6646
5	3447	3411	3329	6647
5	3507	3454	3450	6648
5	3329	3306	3202	6649
5	3396	3322	3261	6650
5	3527	3447	3443	6651
5	3326	3196	3325	6652
5	3388	3301	3151	6653
5	3801	3711	3601	6654
5	3388	3151	3283	6655
5	3340	3195	3059	6656
5	3338	3218	3138	6657
5	3435	3312	3298	6658
5	3358	3239	3357	6659
5	3392	3272	3300	6660
5	3599	3563	3507	6661
5	3737	3633	3493	6662
5	3367	3131	3251	6663
5	3515	3279	3403	6664
5	3332	3215	3320	6665
5	3334	3146	3332	6666
5	3334	3166	3070	6667
5	3404	3155	3333	6668
5	3393	3182	3308	6669
5	3403	3166	3334	6670
5	3448	3403	3334	6671
5	3448	3332	3383	6672
5	3449	3211	3335	6673
5	3471	3315	3310	6674
5	3616	3405	3515	6675
5	3524	3506	3394	6676
5	3391	3281	3303	6677
5	3340	3220	3339	6678
5	3339	3219	3338	6679
5	3452	3327	3265	6680
5	3400	3265	3181	6681
5	3400	3181	3078	6682
5	3382	3318	3088	6683
5	3453	3424	3284	6684
5	3341	3284	3209	6685
5	3342	3341	3222	6686
5	3342	3222	3221	6687
5	3450	3336	3285	6688
5	3425	3285	3257	6689
5	3454	3343	3336	6690
5	3597	3513	3560	6691
5	3348	3230	3345	6692
5	3356	3237	3355	6693
5	3476	3366	3346	6694
5	3366	3227	3346	6695
5	3347	3346	3229	6696
5	3347	3229	3231	6697
5	3736	3592	3626	6698
5	3354	3235	3353	6699
5	3352	3201	3349	6700
5	3350	3231	3233	6701
5	3474	3363	3473	6702
5	3461	3458	3350	6703
5	3458	3347	3350	6704
5	3459	3351	3348	6705
5	3458	3406	3347	6706
5	3352	3350	3233	6707
5	3565	3384	3457	6708
5	3460	3352	3349	6709
5	3463	3328	3446	6710
5	3429	3298	3316	6711
5	3436	3313	3312	6712
5	3462	3351	3459	6713
5	3462	3353	3351	6714
5	3464	3354	3353	6715
5	3582	3473	3472	6716
5	3465	3355	3354	6717
5	3473	3362	3472	6718
5	3466	3356	3355	6719
5	3475	3364	3474	6720
5	3467	3357	3356	6721
5	3411	3306	3329	6722
5	3510	3401	3470	6723
5	3361	3360	3244	6724
5	3361	3244	3243	6725
5	3472	3359	3469	6726
5	3468	3358	3357	6727
5	3469	3359	3358	6728
5	3475	3408	3365	6729
5	3473	3363	3362	6730
5	3983	3911	3982	6731
5	3699	3606	3641	6732
5	3472	3362	3359	6733
5	3479	3457	3288	6734
5	3426	3252	3292	6735
5	3369	3171	3252	6736
5	3711	3492	3601	6737
5	3704	3488	3608	6738
5	3368	3251	3249	6739
5	3476	3346	3406	6740
5	3384	3348	3345	6741
5	3481	3386	3371	6742
5	3480	3370	3294	6743
5	3696	3544	3657	6744
5	3410	3273	3386	6745
5	3417	3372	3270	6746
5	3481	3371	3370	6747
5	3491	3407	3490	6748
5	3602	3490	3517	6749
5	3438	3310	3256	6750
5	3741	3522	3616	6751
5	3552	3414	3267	6752
5	3434	3337	3309	6753
5	3524	3394	3337	6754
5	3493	3376	3414	6755
5	3377	3319	3268	6756
5	3386	3273	3371	6757
5	3518	3442	3444	6758
5	3544	3442	3518	6759
5	3379	3331	3259	6760
5	3629	3498	3628	6761
5	3397	3379	3259	6762
5	3380	3296	3317	6763
5	3951	3855	3927	6764
5	3603	3521	3545	6765
5	3452	3339	3338	6766
5	3452	3265	3400	6767
5	3902	3706	3813	6768
5	3383	3188	3278	6769
5	3466	3355	3465	6770
5	3468	3357	3467	6771
5	3385	3286	3263	6772
5	3475	3365	3364	6773
5	3410	3377	3268	6774
5	3703	3594	3610	6775
5	3494	3413	3392	6776
5	3742	3659	3707	6777
5	3402	3301	3388	6778
5	3402	3206	3301	6779
5	3389	3295	3250	6780
5	3389	3250	3367	6781
5	3440	3380	3317	6782
5	3390	3307	3258	6783
5	3433	3216	3299	6784
5	3433	3325	3216	6785
5	3648	3530	3526	6786
5	3526	3381	3373	6787
5	3404	3302	3155	6788
5	3531	3404	3333	6789
5	3394	3304	3145	6790
5	3394	3145	3337	6791
5	3550	3429	3546	6792
5	3533	3380	3485	6793
5	3427	3294	3287	6794
5	3480	3294	3427	6795
5	3498	3379	3397	6796
5	3546	3395	3532	6797
5	3534	3393	3308	6798
5	3398	3308	3159	6799
5	3743	3728	3604	6800
5	3627	3490	3602	6801
5	3452	3340	3339	6802
5	3452	3338	3327	6803
5	3421	3306	3411	6804
5	3607	3518	3520	6805
5	3409	3292	3168	6806
5	3409	3168	3330	6807
5	3451	3342	3282	6808
5	3405	3212	3279	6809
5	3432	3305	3431	6810
5	3764	3547	3430	6811
5	3422	3335	3224	6812
5	3422	3224	3344	6813
5	3569	3459	3516	6814
5	3457	3345	3288	6815
5	3407	3385	3263	6816
5	3407	3263	3290	6817
5	3408	3407	3290	6818
5	3408	3290	3365	6819
5	3704	3600	3488	6820
5	3426	3369	3252	6821
5	4003	3938	3984	6822
5	3609	3528	3538	6823
5	3439	3361	3280	6824
5	3504	3439	3421	6825
5	3421	3280	3306	6826
5	3470	3360	3361	6827
5	3413	3399	3262	6828
5	3413	3262	3272	6829
5	3414	3376	3183	6830
5	3414	3183	3184	6831
5	3415	3382	3400	6832
5	3415	3400	3266	6833
5	3540	3416	3378	6834
5	3610	3594	3485	6835
5	3667	3551	3550	6836
5	3692	3623	3584	6837
5	3542	3277	3419	6838
5	3419	3277	3139	6839
5	3430	3165	3302	6840
5	3505	3419	3418	6841
5	3420	3387	3276	6842
5	3420	3276	3286	6843
5	3705	3605	3655	6844
5	3688	3543	3604	6845
5	3455	3341	3342	6846
5	3512	3403	3448	6847
5	3423	3395	3289	6848
5	3423	3289	3331	6849
5	3424	3412	3291	6850
5	3424	3291	3284	6851
5	3450	3285	3425	6852
5	3522	3451	3282	6853
5	3477	3367	3251	6854
5	3477	3251	3368	6855
5	3543	3411	3486	6856
5	3804	3721	3790	6857
5	3936	3817	3812	6858
5	3794	3692	3691	6859
5	3532	3423	3501	6860
5	3463	3349	3328	6861
5	3499	3303	3186	6862
5	3430	3274	3165	6863
5	3432	3271	3305	6864
5	3432	3418	3271	6865
5	3500	3299	3281	6866
5	3547	3499	3186	6867
5	3524	3337	3434	6868
5	3555	3375	3326	6869
5	3600	3523	3389	6870
5	3375	3283	3264	6871
5	3754	3628	3753	6872
5	3501	3423	3379	6873
5	3551	3435	3550	6874
5	3532	3395	3423	6875
5	3631	3402	3593	6876
5	3437	3267	3174	6877
5	3439	3280	3421	6878
5	3471	3310	3438	6879
5	3470	3361	3439	6880
5	3470	3401	3360	6881
5	3541	3417	3416	6882
5	3645	3528	3609	6883
5	3554	3318	3415	6884
5	3591	3531	3441	6885
5	3442	3427	3287	6886
5	3442	3287	3324	6887
5	3447	3329	3323	6888
5	3443	3323	3311	6889
5	3519	3314	3175	6890
5	3511	3330	3402	6891
5	3708	3615	3555	6892
5	3445	3326	3325	6893
5	3572	3446	3556	6894
5	3469	3358	3468	6895
5	3383	3332	3320	6896
5	3383	3320	3188	6897
5	3449	3278	3211	6898
5	3598	3561	3456	6899
5	3558	3278	3449	6900
5	3558	3383	3278	6901
5	3559	3450	3425	6902
5	3515	3403	3512	6903
5	3455	3342	3451	6904
5	3453	3284	3341	6905
5	3452	3400	3382	6906
5	3452	3382	3340	6907
5	3454	3336	3450	6908
5	3559	3425	3502	6909
5	3456	3343	3454	6910
5	3741	3616	3701	6911
5	3709	3561	3598	6912
5	3455	3453	3341	6913
5	3736	3707	3592	6914
5	3580	3471	3539	6915
5	3573	3464	3571	6916
5	3457	3384	3345	6917
5	3459	3348	3384	6918
5	3516	3459	3384	6919
5	3464	3353	3462	6920
5	3465	3354	3464	6921
5	3461	3352	3460	6922
5	3461	3350	3352	6923
5	3805	3755	3635	6924
5	3537	3476	3406	6925
5	3618	3537	3566	6926
5	3583	3473	3582	6927
5	3666	3516	3619	6928
5	3463	3460	3349	6929
5	3569	3462	3459	6930
5	3567	3461	3460	6931
5	3806	3608	3745	6932
5	3546	3429	3395	6933
5	3550	3435	3429	6934
5	3904	3711	3801	6935
5	3571	3464	3462	6936
5	3573	3465	3464	6937
5	3584	3517	3475	6938
5	3574	3466	3465	6939
5	3692	3583	3691	6940
5	3575	3467	3466	6941
5	3604	3543	3486	6942
5	3530	3392	3381	6943
5	3589	3480	3588	6944
5	3471	3374	3315	6945
5	3690	3582	3581	6946
5	3576	3468	3467	6947
5	3582	3472	3581	6948
5	3577	3469	3468	6949
5	3583	3474	3473	6950
5	3626	3489	3491	6951
5	3581	3472	3469	6952
5	3584	3475	3474	6953
5	3585	3368	3478	6954
5	3488	3367	3477	6955
5	3479	3288	3369	6956
5	3503	3426	3292	6957
5	3600	3389	3488	6958
5	3478	3368	3366	6959
5	3492	3369	3426	6960
5	3570	3460	3463	6961
5	3513	3412	3424	6962
5	3541	3416	3540	6963
5	3525	3378	3377	6964
5	3654	3540	3525	6965
5	3541	3482	3417	6966
5	3540	3378	3525	6967
5	3624	3445	3483	6968
5	3483	3445	3325	6969
5	3484	3396	3374	6970
5	3580	3484	3374	6971
5	3753	3594	3703	6972
5	3768	3655	3654	6973
5	3766	3687	3652	6974
5	3527	3486	3447	6975
5	3542	3398	3277	6976
5	3554	3441	3318	6977
5	3519	3175	3295	6978
5	3555	3326	3445	6979
5	3489	3420	3385	6980
5	3788	3686	3653	6981
5	3491	3489	3385	6982
5	3490	3407	3408	6983
5	3626	3592	3489	6984
5	3934	3836	3897	6985
5	3608	3477	3585	6986
5	3586	3476	3537	6987
5	3509	3434	3309	6988
5	3509	3376	3493	6989
5	3508	3443	3399	6990
5	3527	3443	3508	6991
5	3589	3495	3481	6992
5	3588	3427	3544	6993
5	3496	3388	3283	6994
5	3496	3283	3375	6995
5	3553	3485	3440	6996
5	3497	3390	3372	6997
5	3747	3610	3669	6998
5	3660	3532	3650	6999
5	3548	3432	3431	7000
5	3549	3432	3548	7001
5	3514	3299	3500	7002
5	3514	3433	3299	7003
5	3610	3485	3553	7004
5	3747	3703	3610	7005
5	3578	3439	3504	7006
5	3612	3507	3559	7007
5	4010	3835	3944	7008
5	3585	3477	3368	7009
5	3578	3470	3439	7010
5	3510	3502	3401	7011
5	3531	3333	3441	7012
5	3534	3308	3398	7013
5	3549	3505	3418	7014
5	3548	3431	3506	7015
5	3563	3456	3454	7016
5	3579	3412	3513	7017
5	3648	3526	3646	7018
5	3898	3808	3868	7019
5	3633	3509	3493	7020
5	3643	3524	3434	7021
5	3539	3471	3438	7022
5	3564	3455	3451	7023
5	3608	3488	3477	7024
5	3805	3635	3733	7025
5	3616	3522	3405	7026
5	3515	3405	3279	7027
5	3716	3606	3699	7028
5	3653	3578	3504	7029
5	3644	3506	3524	7030
5	3590	3483	3433	7031
5	3563	3454	3507	7032
5	3522	3282	3405	7033
5	3574	3465	3573	7034
5	3572	3463	3446	7035
5	3517	3490	3408	7036
5	3517	3408	3475	7037
5	3544	3427	3442	7038
5	3588	3480	3427	7039
5	3640	3437	3519	7040
5	3552	3267	3437	7041
5	3520	3518	3444	7042
5	3520	3444	3396	7043
5	3530	3494	3392	7044
5	3808	3715	3762	7045
5	3557	3335	3422	7046
5	3642	3422	3561	7047
5	3523	3519	3295	7048
5	3523	3295	3389	7049
5	3644	3524	3643	7050
5	3590	3433	3514	7051
5	3799	3696	3717	7052
5	3654	3525	3645	7053
5	4029	3898	4020	7054
5	3817	3752	3718	7055
5	3657	3518	3607	7056
5	3767	3645	3761	7057
5	3528	3525	3377	7058
5	3528	3377	3410	7059
5	3545	3428	3387	7060
5	3529	3387	3420	7061
5	3659	3529	3592	7062
5	3606	3535	3494	7063
5	3649	3404	3531	7064
5	3536	3430	3302	7065
5	3655	3541	3540	7066
5	3628	3498	3533	7067
5	3533	3498	3397	7068
5	3533	3397	3380	7069
5	3554	3415	3487	7070
5	3670	3554	3487	7071
5	3535	3508	3399	7072
5	3535	3399	3413	7073
5	3649	3536	3404	7074
5	3547	3186	3274	7075
5	3621	3479	3492	7076
5	3587	3565	3457	7077
5	3538	3528	3410	7078
5	3538	3410	3386	7079
5	3696	3588	3544	7080
5	3638	3513	3597	7081
5	3719	3605	3705	7082
5	3645	3525	3528	7083
5	3869	3754	3864	7084
5	3655	3605	3541	7085
5	3651	3487	3393	7086
5	3656	3398	3542	7087
5	3543	3504	3421	7088
5	3543	3421	3411	7089
5	4118	4026	4045	7090
5	3854	3743	3847	7091
5	3646	3521	3603	7092
5	3715	3625	3647	7093
5	3665	3550	3546	7094
5	3629	3501	3498	7095
5	3723	3651	3656	7096
5	3549	3418	3432	7097
5	3671	3445	3624	7098
5	3724	3639	3662	7099
5	3749	3624	3483	7100
5	3842	3771	3664	7101
5	3667	3550	3665	7102
5	3694	3537	3618	7103
5	3665	3546	3660	7104
5	3650	3532	3501	7105
5	3613	3493	3414	7106
5	3593	3402	3388	7107
5	3655	3540	3654	7108
5	3769	3660	3650	7109
5	3649	3531	3591	7110
5	3591	3441	3554	7111
5	3634	3434	3509	7112
5	3708	3555	3671	7113
5	3780	3727	3622	7114
5	3905	3731	3826	7115
5	3672	3449	3557	7116
5	3557	3449	3335	7117
5	3672	3558	3449	7118
5	3558	3512	3448	7119
5	3673	3597	3560	7120
5	3559	3507	3450	7121
5	3560	3513	3424	7122
5	3560	3424	3453	7123
5	3561	3422	3344	7124
5	3561	3344	3456	7125
5	3562	3560	3453	7126
5	3562	3453	3455	7127
5	3598	3456	3563	7128
5	3675	3562	3564	7129
5	3702	3653	3688	7130
5	3564	3562	3455	7131
5	3568	3461	3567	7132
5	3565	3516	3384	7133
5	3566	3537	3406	7134
5	3566	3406	3458	7135
5	3568	3458	3461	7136
5	3568	3566	3458	7137
5	3581	3469	3577	7138
5	4076	3991	3925	7139
5	3571	3462	3569	7140
5	3577	3468	3576	7141
5	3679	3571	3622	7142
5	3570	3567	3460	7143
5	3576	3467	3575	7144
5	3575	3466	3574	7145
5	3677	3620	3567	7146
5	3572	3570	3463	7147
5	3620	3568	3567	7148
5	3676	3568	3620	7149
5	3826	3731	3692	7150
5	3676	3618	3566	7151
5	3681	3573	3679	7152
5	3689	3577	3685	7153
5	3679	3573	3571	7154
5	3681	3574	3573	7155
5	3691	3582	3690	7156
5	3683	3575	3574	7157
5	3612	3599	3507	7158
5	3578	3510	3470	7159
5	3579	3539	3438	7160
5	3579	3438	3412	7161
5	4110	4019	4075	7162
5	3730	3609	3614	7163
5	3812	3718	3732	7164
5	3684	3576	3575	7165
5	3690	3581	3689	7166
5	3685	3577	3576	7167
5	3846	3732	3731	7168
5	3691	3583	3582	7169
5	4063	3981	3987	7170
5	3732	3623	3731	7171
5	3587	3457	3479	7172
5	3750	3668	3523	7173
5	3711	3621	3492	7174
5	3586	3478	3476	7175
5	3700	3587	3621	7176
5	3695	3619	3565	7177
5	4034	3924	4003	7178
5	3658	3614	3495	7179
5	3625	3604	3486	7180
5	3732	3602	3623	7181
5	3726	3595	3663	7182
5	3671	3555	3445	7183
5	3735	3542	3419	7184
5	3735	3419	3505	7185
5	3592	3529	3489	7186
5	3936	3812	3935	7187
5	3850	3633	3737	7188
5	3901	3805	3733	7189
5	3594	3533	3485	7190
5	3765	3629	3754	7191
5	3663	3548	3661	7192
5	3661	3506	3644	7193
5	3596	3497	3482	7194
5	3820	3719	3705	7195
5	3790	3687	3766	7196
5	3638	3579	3513	7197
5	3740	3675	3564	7198
5	3675	3673	3562	7199
5	4064	3999	4030	7200
5	3740	3564	3674	7201
5	3750	3523	3600	7202
5	3613	3414	3552	7203
5	3601	3492	3426	7204
5	3601	3426	3503	7205
5	3689	3581	3577	7206
5	3692	3584	3583	7207
5	3836	3742	3802	7208
5	3710	3646	3603	7209
5	3763	3646	3710	7210
5	3817	3718	3812	7211
5	3605	3596	3482	7212
5	3605	3482	3541	7213
5	3625	3486	3527	7214
5	3632	3535	3606	7215
5	3687	3539	3652	7216
5	3762	3647	3632	7217
5	3745	3585	3693	7218
5	3621	3587	3479	7219
5	3790	3721	3617	7220
5	3657	3544	3518	7221
5	3875	3769	3874	7222
5	3747	3669	3713	7223
5	3611	3607	3520	7224
5	3611	3520	3484	7225
5	3788	3653	3702	7226
5	3673	3560	3562	7227
5	3615	3375	3555	7228
5	3749	3483	3590	7229
5	3614	3609	3538	7230
5	3614	3538	3495	7231
5	3816	3671	3751	7232
5	3615	3496	3375	7233
5	3672	3512	3558	7234
5	3741	3674	3522	7235
5	3617	3611	3484	7236
5	3617	3484	3580	7237
5	3622	3571	3569	7238
5	3619	3516	3565	7239
5	3660	3546	3532	7240
5	3676	3566	3568	7241
5	3682	3551	3667	7242
5	3680	3572	3556	7243
5	3693	3585	3478	7244
5	3693	3478	3586	7245
5	3683	3574	3681	7246
5	3677	3567	3570	7247
5	3623	3602	3517	7248
5	3623	3517	3584	7249
5	3815	3600	3704	7250
5	3816	3708	3671	7251
5	3647	3508	3632	7252
5	3647	3527	3508	7253
5	3752	3627	3718	7254
5	3931	3802	3834	7255
5	3627	3626	3491	7256
5	3627	3491	3490	7257
5	3785	3682	3667	7258
5	4065	3833	3912	7259
5	3713	3669	3596	7260
5	3753	3628	3594	7261
5	3630	3612	3559	7262
5	3630	3559	3502	7263
5	3904	3837	3711	7264
5	3631	3511	3402	7265
5	3647	3625	3527	7266
5	3632	3508	3535	7267
5	3634	3509	3633	7268
5	3663	3549	3548	7269
5	3848	3822	3774	7270
5	3643	3434	3634	7271
5	3635	3503	3409	7272
5	3635	3409	3511	7273
5	3636	3616	3515	7274
5	3636	3515	3512	7275
5	3637	3630	3502	7276
5	3637	3502	3510	7277
5	3652	3579	3638	7278
5	3687	3580	3539	7279
5	3639	3590	3514	7280
5	3639	3514	3500	7281
5	3757	3640	3668	7282
5	3640	3552	3437	7283
5	3641	3606	3494	7284
5	3641	3494	3530	7285
5	3642	3636	3557	7286
5	3642	3557	3422	7287
5	3758	3643	3634	7288
5	3770	3724	3725	7289
5	3821	3749	3759	7290
5	3835	3593	3814	7291
5	3838	3719	3820	7292
5	3768	3654	3767	7293
5	3648	3641	3530	7294
5	3646	3526	3521	7295
5	3819	3746	3798	7296
5	3734	3720	3607	7297
5	3722	3699	3641	7298
5	3761	3609	3730	7299
5	3841	3664	3499	7300
5	3774	3649	3591	7301
5	3773	3665	3772	7302
5	3772	3660	3769	7303
5	3670	3487	3651	7304
5	3670	3591	3554	7305
5	3686	3510	3578	7306
5	3738	3630	3637	7307
5	3686	3578	3653	7308
5	3686	3637	3510	7309
5	3761	3645	3609	7310
5	4065	3903	3833	7311
5	3829	3730	3746	7312
5	3820	3705	3800	7313
5	3656	3651	3534	7314
5	3656	3534	3398	7315
5	3658	3495	3589	7316
5	3734	3611	3721	7317
5	3697	3588	3696	7318
5	3697	3589	3588	7319
5	3659	3603	3545	7320
5	3659	3545	3529	7321
5	3863	3753	3703	7322
5	3754	3629	3628	7323
5	3759	3639	3724	7324
5	3968	3883	3917	7325
5	3662	3639	3500	7326
5	3662	3500	3391	7327
5	3723	3670	3651	7328
5	3663	3595	3549	7329
5	3664	3662	3391	7330
5	3664	3391	3499	7331
5	4150	4066	4134	7332
5	3682	3556	3551	7333
5	3666	3622	3569	7334
5	3666	3569	3516	7335
5	3765	3650	3629	7336
5	3772	3665	3660	7337
5	3668	3640	3519	7338
5	3668	3519	3523	7339
5	3669	3610	3553	7340
5	3669	3553	3497	7341
5	3906	3841	3764	7342
5	3774	3591	3670	7343
5	3835	3733	3631	7344
5	3737	3493	3613	7345
5	3672	3557	3636	7346
5	3672	3636	3512	7347
5	3776	3597	3673	7348
5	3775	3599	3612	7349
5	3674	3564	3451	7350
5	3674	3451	3522	7351
5	3813	3675	3740	7352
5	3852	3741	3701	7353
5	3729	3618	3676	7354
5	3778	3666	3619	7355
5	3783	3680	3682	7356
5	3779	3712	3677	7357
5	3678	3677	3570	7358
5	3678	3570	3572	7359
5	3685	3576	3684	7360
5	3684	3575	3683	7361
5	3779	3677	3678	7362
5	3680	3678	3572	7363
5	3712	3620	3677	7364
5	3773	3667	3665	7365
5	3785	3667	3773	7366
5	3682	3680	3556	7367
5	3782	3679	3727	7368
5	3794	3691	3793	7369
5	3826	3692	3794	7370
5	3769	3650	3765	7371
5	3926	3831	3907	7372
5	3784	3683	3681	7373
5	3706	3673	3675	7374
5	3714	3637	3686	7375
5	3748	3630	3738	7376
5	3687	3617	3580	7377
5	3688	3653	3504	7378
5	3688	3504	3543	7379
5	3792	3689	3791	7380
5	3786	3684	3683	7381
5	3793	3691	3690	7382
5	3787	3685	3684	7383
5	3846	3812	3732	7384
5	3793	3690	3792	7385
5	3791	3689	3685	7386
5	3792	3690	3689	7387
5	3695	3565	3587	7388
5	3992	3827	3929	7389
5	3827	3693	3795	7390
5	3694	3586	3537	7391
5	3700	3695	3587	7392
5	3777	3620	3712	7393
5	3697	3658	3589	7394
5	3932	3828	3839	7395
5	3873	3800	3768	7396
5	3890	3728	3854	7397
5	3735	3505	3698	7398
5	3698	3505	3595	7399
5	4254	4211	4214	7400
5	3722	3641	3648	7401
5	3825	3782	3727	7402
5	3796	3618	3729	7403
5	3701	3616	3636	7404
5	3701	3636	3642	7405
5	3909	3800	3873	7406
5	3829	3746	3819	7407
5	3833	3703	3747	7408
5	3767	3654	3645	7409
5	3745	3608	3585	7410
5	3994	3801	3933	7411
5	3768	3705	3655	7412
5	3872	3761	3867	7413
5	3748	3612	3630	7414
5	3789	3638	3744	7415
5	3707	3659	3592	7416
5	3840	3763	3807	7417
5	3814	3496	3615	7418
5	4077	3988	3910	7419
5	3709	3701	3642	7420
5	3709	3642	3561	7421
5	3943	3849	3913	7422
5	3807	3763	3710	7423
5	3801	3601	3755	7424
5	3910	3815	3704	7425
5	3797	3619	3695	7426
5	3727	3679	3622	7427
5	3873	3768	3767	7428
5	3912	3833	3857	7429
5	3738	3637	3714	7430
5	3775	3612	3748	7431
5	3743	3625	3715	7432
5	3728	3688	3604	7433
5	3762	3715	3647	7434
5	3716	3632	3606	7435
5	3717	3696	3657	7436
5	3721	3611	3617	7437
5	3718	3627	3602	7438
5	3993	3948	3945	7439
5	3719	3713	3596	7440
5	3719	3596	3605	7441
5	3720	3717	3657	7442
5	3720	3657	3607	7443
5	3734	3607	3611	7444
5	3847	3743	3715	7445
5	3834	3802	3707	7446
5	4162	4138	4087	7447
5	3764	3536	3649	7448
5	3774	3670	3723	7449
5	3771	3662	3664	7450
5	3725	3663	3661	7451
5	3841	3547	3764	7452
5	3726	3663	3725	7453
5	3771	3724	3662	7454
5	3841	3499	3547	7455
5	3786	3683	3784	7456
5	3784	3681	3782	7457
5	3790	3617	3687	7458
5	3728	3702	3688	7459
5	3843	3695	3700	7460
5	3881	3777	3712	7461
5	3854	3728	3743	7462
5	3867	3730	3829	7463
5	3732	3718	3602	7464
5	3731	3623	3692	7465
5	4134	4066	4107	7466
5	3834	3707	3736	7467
5	3733	3635	3511	7468
5	3733	3511	3631	7469
5	3743	3604	3625	7470
5	3923	3871	3890	7471
5	3971	3886	3876	7472
5	3848	3656	3735	7473
5	3849	3752	3817	7474
5	3936	3913	3817	7475
5	3756	3634	3633	7476
5	3850	3756	3633	7477
5	3744	3638	3597	7478
5	3859	3775	3748	7479
5	3739	3598	3563	7480
5	3739	3563	3599	7481
5	3824	3823	3740	7482
5	3852	3740	3674	7483
5	3852	3701	3709	7484
5	3824	3598	3739	7485
5	3742	3710	3603	7486
5	3742	3603	3659	7487
5	3982	3934	3981	7488
5	3889	3766	3870	7489
5	3856	3789	3744	7490
5	3832	3798	3799	7491
5	3827	3745	3693	7492
5	3796	3694	3618	7493
5	3746	3730	3614	7494
5	3746	3614	3658	7495
5	3950	3838	3924	7496
5	3966	3881	3926	7497
5	3945	3847	3808	7498
5	3858	3748	3738	7499
5	3770	3661	3644	7500
5	3760	3643	3758	7501
5	3757	3552	3640	7502
5	3988	3815	3910	7503
5	3751	3671	3624	7504
5	3821	3818	3862	7505
5	3752	3736	3626	7506
5	3752	3626	3627	7507
5	4245	4197	4147	7508
5	3857	3747	3713	7509
5	4073	4038	3954	7510
5	3857	3713	3838	7511
5	3755	3601	3503	7512
5	3755	3503	3635	7513
5	3760	3644	3643	7514
5	3758	3634	3756	7515
5	3865	3613	3757	7516
5	3757	3613	3552	7517
5	3962	3875	3874	7518
5	3818	3760	3758	7519
5	3759	3749	3590	7520
5	3759	3590	3639	7521
5	3770	3644	3760	7522
5	3770	3725	3661	7523
5	3960	3867	3956	7524
5	3945	3808	3898	7525
5	3868	3716	3809	7526
5	3974	3804	3889	7527
5	3763	3722	3648	7528
5	3763	3648	3646	7529
5	4047	3968	4018	7530
5	3810	3595	3726	7531
5	3864	3753	3863	7532
5	3864	3754	3753	7533
5	3922	3775	3859	7534
5	3989	3803	3902	7535
5	3872	3767	3761	7536
5	3938	3800	3909	7537
5	3960	3872	3867	7538
5	3990	3920	3958	7539
5	3883	3782	3825	7540
5	3874	3765	3869	7541
5	3821	3760	3818	7542
5	3770	3759	3724	7543
5	3771	3726	3725	7544
5	3771	3725	3724	7545
5	4016	3962	4001	7546
5	3869	3765	3754	7547
5	3886	3773	3876	7548
5	3782	3681	3679	7549
5	3848	3774	3723	7550
5	3822	3649	3774	7551
5	3776	3673	3706	7552
5	3813	3706	3675	7553
5	3871	3788	3702	7554
5	3776	3744	3597	7555
5	3777	3729	3676	7556
5	3777	3676	3620	7557
5	3925	3896	3797	7558
5	3780	3666	3778	7559
5	3831	3712	3779	7560
5	3780	3622	3666	7561
5	3970	3885	3968	7562
5	3844	3729	3777	7563
5	3781	3779	3678	7564
5	3781	3678	3680	7565
5	3791	3685	3787	7566
5	3787	3684	3786	7567
5	3905	3846	3731	7568
5	3783	3781	3680	7569
5	3879	3779	3781	7570
5	3876	3773	3772	7571
5	3886	3785	3773	7572
5	3785	3783	3682	7573
5	4045	3894	3978	7574
5	3875	3772	3769	7575
5	3879	3831	3779	7576
5	3876	3772	3875	7577
5	3952	3859	3858	7578
5	3788	3714	3686	7579
5	3789	3766	3652	7580
5	3789	3652	3638	7581
5	3828	3717	3720	7582
5	3853	3734	3721	7583
5	3887	3786	3885	7584
5	3885	3786	3784	7585
5	3928	3905	3826	7586
5	3887	3787	3786	7587
5	3891	3791	3787	7588
5	3892	3791	3891	7589
5	3928	3826	3794	7590
5	4189	4079	4135	7591
5	3795	3693	3586	7592
5	3795	3586	3694	7593
5	3797	3778	3619	7594
5	3979	3895	3844	7595
5	4124	4039	4051	7596
5	3895	3729	3844	7597
5	3798	3746	3658	7598
5	3798	3658	3697	7599
5	3799	3798	3697	7600
5	3799	3697	3696	7601
5	3873	3767	3872	7602
5	3867	3761	3730	7603
5	4070	3908	4012	7604
5	3815	3750	3600	7605
5	3802	3742	3707	7606
5	4086	3981	4063	7607
5	3877	3744	3776	7608
5	3803	3776	3706	7609
5	4050	3972	3997	7610
5	3868	3762	3716	7611
5	3806	3704	3608	7612
5	4071	3904	3994	7613
5	3843	3797	3695	7614
5	3910	3704	3806	7615
5	4028	3931	3943	7616
5	3921	3830	3900	7617
5	3847	3715	3808	7618
5	3855	3738	3714	7619
5	3868	3808	3762	7620
5	3809	3716	3699	7621
5	3822	3764	3649	7622
5	3810	3698	3595	7623
5	3811	3795	3694	7624
5	3811	3694	3796	7625
5	4135	4079	4118	7626
5	3935	3812	3846	7627
5	3851	3599	3775	7628
5	3922	3851	3775	7629
5	3814	3615	3708	7630
5	3894	3793	3893	7631
5	3901	3733	3835	7632
5	3835	3631	3593	7633
5	3861	3757	3668	7634
5	3865	3757	3861	7635
5	4000	3913	3999	7636
5	3931	3897	3802	7637
5	4033	4008	3952	7638
5	3866	3862	3818	7639
5	3942	3845	3918	7640
5	3853	3721	3804	7641
5	4072	3984	4005	7642
5	4259	4217	4198	7643
5	3862	3624	3749	7644
5	3821	3862	3749	7645
5	3860	3668	3750	7646
5	3814	3593	3496	7647
5	3823	3813	3740	7648
5	3824	3739	3823	7649
5	3852	3674	3741	7650
5	3824	3740	3852	7651
5	3883	3784	3782	7652
5	3885	3784	3883	7653
5	3893	3792	3892	7654
5	3892	3792	3791	7655
5	3994	3904	3801	7656
5	4077	3995	4067	7657
5	3832	3819	3798	7658
5	3845	3717	3828	7659
5	3956	3829	3940	7660
5	3937	3819	3832	7661
5	3830	3809	3699	7662
5	3830	3699	3722	7663
5	3908	3843	3700	7664
5	3996	3929	3811	7665
5	4052	3997	3923	7666
5	4029	3993	3945	7667
5	3838	3713	3719	7668
5	3950	3857	3838	7669
5	3999	3913	3936	7670
5	4000	3943	3913	7671
5	3944	3814	3899	7672
5	3861	3668	3860	7673
5	3836	3807	3710	7674
5	3836	3710	3742	7675
5	3837	3700	3621	7676
5	3837	3621	3711	7677
5	3857	3833	3747	7678
5	4038	3990	3958	7679
5	3839	3828	3720	7680
5	3839	3720	3734	7681
5	3840	3830	3722	7682
5	3840	3722	3763	7683
5	3842	3726	3771	7684
5	3842	3664	3841	7685
5	4001	3962	3920	7686
5	3842	3810	3726	7687
5	3895	3796	3729	7688
5	3878	3727	3780	7689
5	3878	3825	3727	7690
5	3881	3712	3831	7691
5	3845	3832	3799	7692
5	3845	3799	3717	7693
5	3893	3793	3792	7694
5	3894	3794	3793	7695
5	3918	3845	3828	7696
5	3858	3738	3855	7697
5	3848	3723	3656	7698
5	3848	3735	3698	7699
5	3849	3834	3736	7700
5	3849	3736	3752	7701
5	3953	3866	3946	7702
5	3866	3751	3862	7703
5	3851	3823	3739	7704
5	3851	3739	3599	7705
5	3824	3852	3709	7706
5	3824	3709	3598	7707
5	3932	3918	3828	7708
5	3853	3839	3734	7709
5	3921	3809	3830	7710
5	4139	4088	4110	7711
5	3870	3766	3789	7712
5	3859	3748	3858	7713
5	3870	3789	3856	7714
5	3889	3790	3766	7715
5	4004	3954	3863	7716
5	3958	3920	3869	7717
5	3951	3858	3855	7718
5	3963	3877	3914	7719
5	3877	3776	3803	7720
5	3902	3803	3706	7721
5	3899	3708	3816	7722
5	3865	3737	3613	7723
5	3944	3835	3814	7724
5	3946	3866	3756	7725
5	4035	4033	3951	7726
5	3862	3751	3624	7727
5	4286	4209	4136	7728
5	4100	4006	4034	7729
5	4073	3954	4004	7730
5	4126	4047	4084	7731
5	4002	3850	3955	7732
5	3955	3865	3861	7733
5	3866	3818	3758	7734
5	3866	3758	3756	7735
5	3961	3909	3873	7736
5	4169	4099	4098	7737
5	3923	3890	3916	7738
5	3916	3890	3854	7739
5	4001	3920	3990	7740
5	4023	3966	3926	7741
5	3888	3714	3788	7742
5	3927	3855	3888	7743
5	3888	3788	3871	7744
5	3888	3855	3714	7745
5	3940	3829	3819	7746
5	3961	3873	3872	7747
5	4190	4142	4161	7748
5	4006	3912	3950	7749
5	3821	3759	3770	7750
5	3821	3770	3760	7751
5	4007	3964	3967	7752
5	3971	3876	3915	7753
5	3906	3848	3698	7754
5	3906	3698	3810	7755
5	4241	4189	4135	7756
5	3877	3856	3744	7757
5	3896	3778	3797	7758
5	3884	3783	3785	7759
5	3964	3879	3882	7760
5	3907	3831	3879	7761
5	3880	3878	3780	7762
5	3880	3780	3778	7763
5	3926	3881	3831	7764
5	3881	3844	3777	7765
5	3882	3879	3781	7766
5	3882	3781	3783	7767
5	3928	3794	3894	7768
5	3891	3787	3887	7769
5	3965	3917	3825	7770
5	3884	3882	3783	7771
5	3917	3883	3825	7772
5	3966	3844	3881	7773
5	3962	3874	3920	7774
5	3886	3884	3785	7775
5	3958	3864	3954	7776
5	3978	3893	3977	7777
5	4008	3963	3914	7778
5	3914	3877	3803	7779
5	3948	3854	3847	7780
5	3889	3804	3790	7781
5	3890	3871	3702	7782
5	3890	3702	3728	7783
5	4057	3978	3977	7784
5	4432	4401	4332	7785
5	3970	3887	3885	7786
5	3975	3887	3970	7787
5	3975	3891	3887	7788
5	3976	3891	3975	7789
5	3976	3892	3891	7790
5	3977	3893	3892	7791
5	3896	3880	3778	7792
5	3996	3811	3941	7793
5	3925	3797	3843	7794
5	4044	3907	4009	7795
5	3897	3836	3802	7796
5	4141	4062	4094	7797
5	3983	3900	3911	7798
5	3900	3830	3840	7799
5	4011	3861	3860	7800
5	3899	3814	3708	7801
5	3957	3898	3868	7802
5	3957	3809	3921	7803
5	4102	4011	4010	7804
5	3988	3919	3815	7805
5	4099	4003	4098	7806
5	4400	4393	4341	7807
5	3903	3863	3703	7808
5	3903	3703	3833	7809
5	3908	3700	3837	7810
5	4139	4110	4137	7811
5	4060	4030	3935	7812
5	3978	3894	3893	7813
5	4013	3816	3953	7814
5	3946	3756	3850	7815
5	3969	3884	3886	7816
5	4004	3863	3903	7817
5	4092	3939	3992	7818
5	4070	4069	4014	7819
5	3961	3872	3960	7820
5	3956	3867	3829	7821
5	4077	3910	3995	7822
5	3919	3750	3815	7823
5	3911	3900	3840	7824
5	3911	3840	3807	7825
5	3924	3838	3820	7826
5	4040	3956	4036	7827
5	3913	3849	3817	7828
5	4028	3987	3931	7829
5	3972	3888	3871	7830
5	3972	3871	3923	7831
5	3915	3876	3875	7832
5	4170	4096	4167	7833
5	3940	3819	3937	7834
5	4296	4245	4147	7835
5	4104	4045	3978	7836
5	3968	3885	3883	7837
5	3957	3868	3809	7838
5	4029	3945	3898	7839
5	4010	3901	3835	7840
5	3919	3860	3750	7841
5	3962	3915	3875	7842
5	3920	3874	3869	7843
5	3982	3911	3934	7844
5	4019	3900	3983	7845
5	3989	3914	3803	7846
5	3922	3823	3851	7847
5	3973	3856	3963	7848
5	4025	3948	3993	7849
5	3950	3912	3857	7850
5	4240	4159	4201	7851
5	3979	3844	3966	7852
5	4094	4017	3998	7853
5	3930	3878	3880	7854
5	4044	3926	3907	7855
5	4051	3959	4042	7856
5	4049	3963	4008	7857
5	4289	4144	4242	7858
5	4045	4026	3928	7859
5	3929	3827	3795	7860
5	3929	3795	3811	7861
5	4009	3964	4007	7862
5	3965	3878	3930	7863
5	4095	3999	4064	7864
5	4150	4063	4066	7865
5	3974	3889	3959	7866
5	4025	3916	3948	7867
5	3933	3801	3755	7868
5	3933	3755	3805	7869
5	3934	3911	3807	7870
5	3934	3807	3836	7871
5	3902	3813	3823	7872
5	3902	3823	3922	7873
5	4258	4173	4192	7874
5	4028	3943	4000	7875
5	3998	3918	3932	7876
5	4031	3937	3942	7877
5	3938	3924	3820	7878
5	3938	3820	3800	7879
5	3939	3806	3745	7880
5	3939	3745	3827	7881
5	4017	3918	3998	7882
5	4017	3942	3918	7883
5	3941	3811	3796	7884
5	3941	3796	3895	7885
5	3942	3937	3832	7886
5	3942	3832	3845	7887
5	3943	3931	3834	7888
5	3943	3834	3849	7889
5	3906	3810	3842	7890
5	3906	3842	3841	7891
5	4122	4035	4050	7892
5	3948	3847	3945	7893
5	3955	3737	3865	7894
5	4097	4013	4002	7895
5	3947	3932	3839	7896
5	3947	3839	3853	7897
5	3959	3889	3870	7898
5	3948	3916	3854	7899
5	3949	3947	3853	7900
5	3949	3853	3804	7901
5	4003	3924	3938	7902
5	4333	4291	4251	7903
5	3963	3856	3877	7904
5	3952	3858	3951	7905
5	4039	3949	3974	7906
5	3989	3952	3914	7907
5	3953	3816	3751	7908
5	3953	3751	3866	7909
5	3958	3869	3864	7910
5	3954	3864	3863	7911
5	4033	3952	3951	7912
5	3955	3850	3737	7913
5	4036	3940	4032	7914
5	4032	3940	3937	7915
5	4037	3921	4019	7916
5	3997	3972	3923	7917
5	4056	3976	4055	7918
5	4054	3971	3915	7919
5	3974	3949	3804	7920
5	4153	4073	4004	7921
5	4098	3984	4072	7922
5	4040	3960	3956	7923
5	4041	3961	3960	7924
5	4041	3960	4040	7925
5	3906	3764	3822	7926
5	3906	3822	3848	7927
5	3973	3959	3870	7928
5	4050	4035	3927	7929
5	3965	3825	3878	7930
5	3964	3907	3879	7931
5	4082	3979	4058	7932
5	4009	3907	3964	7933
5	3980	3880	3896	7934
5	4092	3994	3995	7935
5	3967	3964	3882	7936
5	3967	3882	3884	7937
5	4045	3928	3894	7938
5	3977	3892	3976	7939
5	4046	3967	3969	7940
5	3969	3967	3884	7941
5	4172	4105	4155	7942
5	4016	3915	3962	7943
5	4127	4048	4054	7944
5	3971	3969	3886	7945
5	3973	3870	3856	7946
5	3972	3927	3888	7947
5	4085	3993	4078	7948
5	4008	3914	3952	7949
5	4050	3927	3972	7950
5	4041	4005	3961	7951
5	4048	3969	3971	7952
5	4288	4252	4189	7953
5	4038	3958	3954	7954
5	4129	4054	4016	7955
5	4053	3975	3970	7956
5	4055	3975	4053	7957
5	4055	3976	3975	7958
5	4189	4160	4079	7959
5	3980	3930	3880	7960
5	3991	3896	3925	7961
5	3991	3980	3896	7962
5	4058	3966	4023	7963
5	3981	3934	3897	7964
5	4307	4204	4246	7965
5	4094	4062	4017	7966
5	4087	4075	3983	7967
5	4216	4150	4194	7968
5	4107	4000	4095	7969
5	3984	3938	3909	7970
5	4036	3956	3940	7971
5	3985	3935	3846	7972
5	3985	3846	3905	7973
5	3986	3933	3805	7974
5	4101	3988	4015	7975
5	3987	3981	3897	7976
5	3987	3897	3931	7977
5	4101	4011	3988	7978
5	4015	3805	3901	7979
5	4229	4174	4166	7980
5	4089	4027	4083	7981
5	4096	4001	3990	7982
5	4090	3990	4038	7983
5	4105	4091	4009	7984
5	4076	4014	4069	7985
5	4075	4019	3983	7986
5	3992	3939	3827	7987
5	4039	4024	3949	7988
5	4114	4025	4085	7989
5	4175	4112	4111	7990
5	4067	3933	3986	7991
5	3995	3910	3806	7992
5	3995	3806	3939	7993
5	4092	4071	3994	7994
5	4058	3979	3966	7995
5	4032	3937	4031	7996
5	4031	3942	4017	7997
5	4264	4230	4243	7998
5	4426	4330	4397	7999
5	4118	4045	4104	8000
5	4060	3935	3985	8001
5	4173	4134	4107	8002
5	4503	4402	4401	8003
5	4096	3990	4090	8004
5	4220	4155	4202	8005
5	4102	4013	4097	8006
5	4011	3919	3988	8007
5	4168	4098	4072	8008
5	4244	4218	4231	8009
5	4100	4034	4099	8010
5	4253	4167	4224	8011
5	4005	3984	3909	8012
5	4005	3909	3961	8013
5	4098	4003	3984	8014
5	4099	4034	4003	8015
5	3989	3902	3922	8016
5	4087	3982	4086	8017
5	4042	3959	3973	8018
5	4287	4251	4197	8019
5	4018	3968	3917	8020
5	4057	3977	4056	8021
5	4101	4010	4011	8022
5	4011	3860	3919	8023
5	4097	3861	4011	8024
5	4013	3899	3816	8025
5	4012	3908	3837	8026
5	4012	3837	3904	8027
5	4013	3944	3899	8028
5	4035	3951	3927	8029
5	4014	3925	3843	8030
5	4014	3843	3908	8031
5	4077	4015	3988	8032
5	4015	3986	3805	8033
5	4253	4227	4167	8034
5	4104	3978	4057	8035
5	4019	3921	3900	8036
5	4108	4029	4020	8037
5	4047	3970	3968	8038
5	4054	3915	4016	8039
5	4020	3898	3957	8040
5	4078	3993	4029	8041
5	3989	3922	3859	8042
5	3989	3859	3952	8043
5	4021	3998	3932	8044
5	4021	3932	3947	8045
5	4022	3941	3895	8046
5	4022	3895	3979	8047
5	4140	4119	4120	8048
5	4059	3930	3980	8049
5	4024	4021	3947	8050
5	4024	3947	3949	8051
5	4149	4114	4085	8052
5	4052	3916	4025	8053
5	4026	3985	3905	8054
5	4026	3905	3928	8055
5	4027	4018	3917	8056
5	4027	3917	3965	8057
5	4199	4137	4138	8058
5	4152	4063	4150	8059
5	4391	4294	4291	8060
5	4151	4081	4116	8061
5	4030	3999	3936	8062
5	4030	3936	3935	8063
5	4062	4031	4017	8064
5	4173	4107	4095	8065
5	4125	4113	3997	8066
5	4116	4081	4041	8067
5	4002	3946	3850	8068
5	4102	4097	4011	8069
5	4034	4006	3950	8070
5	4034	3950	3924	8071
5	4002	4013	3953	8072
5	4002	3953	3946	8073
5	4115	4036	4112	8074
5	4112	4032	4111	8075
5	4037	4020	3957	8076
5	4037	3957	3921	8077
5	4153	4004	4065	8078
5	4287	4197	4245	8079
5	4124	4051	4123	8080
5	4109	4021	4093	8081
5	4166	4108	4088	8082
5	4154	4081	4151	8083
5	4116	4041	4040	8084
5	4116	4040	4115	8085
5	4051	3974	3959	8086
5	4051	4039	3974	8087
5	4043	4027	3965	8088
5	4043	3965	3930	8089
5	4132	4023	4117	8090
5	4044	4023	3926	8091
5	4158	4030	4060	8092
5	4056	3977	3976	8093
5	4148	4126	4084	8094
5	4046	4007	3967	8095
5	4118	4079	4026	8096
5	4053	3970	4047	8097
5	4103	4001	4096	8098
5	4048	4046	3969	8099
5	4049	4042	3973	8100
5	4049	3973	3963	8101
5	4080	4008	4033	8102
5	4121	4049	4080	8103
5	4080	4033	4035	8104
5	4052	3923	3916	8105
5	4085	4025	3993	8106
5	4123	4051	4042	8107
5	4156	4057	4131	8108
5	4103	4016	4001	8109
5	4126	4053	4047	8110
5	4054	4048	3971	8111
5	4091	4044	4009	8112
5	4129	4016	4103	8113
5	4201	4068	4146	8114
5	4163	4090	4038	8115
5	4212	4202	4140	8116
5	4209	4131	4136	8117
5	4059	4043	3930	8118
5	4132	4058	4023	8119
5	4074	3980	3991	8120
5	4117	4023	4044	8121
5	4185	4104	4156	8122
5	4298	4241	4256	8123
5	4071	4012	3904	8124
5	4061	3992	3929	8125
5	4545	4493	4475	8126
5	4111	4032	4031	8127
5	4290	4260	4278	8128
5	4107	4028	4000	8129
5	4367	4300	4271	8130
5	4198	4153	4159	8131
5	4240	4198	4159	8132
5	4065	4004	3903	8133
5	4066	4063	3987	8134
5	4066	3987	4028	8135
5	4067	3995	3994	8136
5	4067	3994	3933	8137
5	4068	4065	3912	8138
5	4068	3912	4006	8139
5	4069	3996	3941	8140
5	4074	4059	3980	8141
5	4092	3995	3939	8142
5	4070	4012	4061	8143
5	4070	4014	3908	8144
5	4061	3929	3996	8145
5	4111	4031	4062	8146
5	4115	4040	4036	8147
5	4163	4038	4073	8148
5	4239	4187	4238	8149
5	4074	3991	4082	8150
5	4362	4313	4312	8151
5	4071	3992	4061	8152
5	4071	4061	4012	8153
5	4082	4022	3979	8154
5	4076	4082	3991	8155
5	4077	4067	3986	8156
5	4077	3986	4015	8157
5	4069	3941	4022	8158
5	4076	3925	4014	8159
5	4160	3985	4079	8160
5	4079	3985	4026	8161
5	4080	4049	4008	8162
5	4397	4330	4331	8163
5	4081	4072	4005	8164
5	4081	4005	4041	8165
5	4076	4069	4022	8166
5	4076	4022	4082	8167
5	4083	4027	4043	8168
5	4133	4059	4132	8169
5	4131	4056	4130	8170
5	4084	4047	4018	8171
5	4093	4021	4024	8172
5	4165	4094	4109	8173
5	4087	3983	3982	8174
5	4086	3982	3981	8175
5	4335	4290	4324	8176
5	4143	4062	4141	8177
5	4108	4020	4088	8178
5	4088	4020	4037	8179
5	4089	4084	4018	8180
5	4089	4018	4027	8181
5	4184	4140	4120	8182
5	4168	4072	4154	8183
5	4105	4009	4007	8184
5	4117	4044	4091	8185
5	4177	4115	4112	8186
5	4092	3992	4071	8187
5	4070	4061	3996	8188
5	4070	3996	4069	8189
5	4247	4199	4210	8190
5	4162	4087	4086	8191
5	4107	4066	4028	8192
5	4095	4000	3999	8193
5	4205	4188	4170	8194
5	4184	4120	4127	8195
5	4097	4002	3955	8196
5	4097	3955	3861	8197
5	4177	4112	4175	8198
5	4154	4072	4081	8199
5	4200	4147	4099	8200
5	4296	4147	4200	8201
5	4113	4050	3997	8202
5	4122	4050	4113	8203
5	4101	4015	3901	8204
5	4101	3901	4010	8205
5	4102	4010	3944	8206
5	4102	3944	4013	8207
5	4156	4104	4057	8208
5	4128	4055	4053	8209
5	4130	4055	4128	8210
5	4130	4056	4055	8211
5	4172	4091	4105	8212
5	4145	4084	4089	8213
5	4106	4093	4024	8214
5	4106	4024	4039	8215
5	4258	4203	4173	8216
5	4303	4281	4265	8217
5	4215	4181	4149	8218
5	4108	4078	4029	8219
5	4109	4094	3998	8220
5	4109	3998	4021	8221
5	4110	4088	4037	8222
5	4110	4037	4019	8223
5	4112	4036	4032	8224
5	4200	4099	4169	8225
5	4230	4142	4190	8226
5	4180	4106	4124	8227
5	4121	4042	4049	8228
5	4182	4124	4123	8229
5	4125	4052	4114	8230
5	4114	4052	4025	8231
5	4248	4200	4169	8232
5	4143	4111	4062	8233
5	4248	4169	4226	8234
5	4533	4508	4525	8235
5	4179	4091	4172	8236
5	4133	4132	4117	8237
5	4131	4057	4056	8238
5	4158	4064	4030	8239
5	4119	4105	4007	8240
5	4119	4007	4046	8241
5	4120	4119	4046	8242
5	4120	4046	4048	8243
5	4123	4042	4121	8244
5	4142	4109	4093	8245
5	4122	4121	4080	8246
5	4122	4080	4035	8247
5	4176	4122	4113	8248
5	4124	4106	4039	8249
5	4125	3997	4052	8250
5	4181	4114	4149	8251
5	4180	4161	4106	8252
5	4176	4121	4122	8253
5	4256	4241	4135	8254
5	4128	4053	4126	8255
5	4227	4170	4167	8256
5	4127	4120	4048	8257
5	4332	4258	4289	8258
5	4333	4251	4287	8259
5	4155	4105	4119	8260
5	4129	4127	4054	8261
5	4224	4167	4090	8262
5	4221	4188	4205	8263
5	4074	4082	4058	8264
5	4132	4074	4058	8265
5	4133	4043	4059	8266
5	4132	4059	4074	8267
5	4179	4172	4171	8268
5	4133	4083	4043	8269
5	4288	4189	4241	8270
5	4379	4346	4288	8271
5	4209	4193	4156	8272
5	4155	4119	4140	8273
5	4136	4131	4130	8274
5	4187	4128	4157	8275
5	4137	4110	4075	8276
5	4450	4403	4393	8277
5	4138	4137	4075	8278
5	4138	4075	4087	8279
5	4178	4116	4115	8280
5	4235	4183	4181	8281
5	4212	4140	4184	8282
5	4157	4128	4126	8283
5	4175	4111	4143	8284
5	4232	4175	4191	8285
5	4165	4109	4142	8286
5	4165	4141	4094	8287
5	4207	4164	4206	8288
5	4233	4231	4178	8289
5	4144	4095	4064	8290
5	4399	4332	4289	8291
5	4148	4084	4145	8292
5	4251	4146	4197	8293
5	4146	4068	4006	8294
5	4146	4006	4100	8295
5	4147	4100	4099	8296
5	4169	4098	4168	8297
5	4157	4126	4148	8298
5	4187	4130	4128	8299
5	4266	4207	4206	8300
5	4161	4093	4106	8301
5	4152	4086	4063	8302
5	4162	4086	4152	8303
5	4178	4115	4177	8304
5	4348	4296	4248	8305
5	4278	4222	4216	8306
5	4338	4324	4261	8307
5	4201	4159	4068	8308
5	4170	4103	4096	8309
5	4291	4240	4201	8310
5	4225	4154	4218	8311
5	4228	4145	4171	8312
5	4171	4089	4083	8313
5	4185	4118	4104	8314
5	4185	4135	4118	8315
5	4188	4103	4170	8316
5	4237	4212	4184	8317
5	4208	4148	4196	8318
5	4252	4160	4189	8319
5	4159	4153	4065	8320
5	4159	4065	4068	8321
5	4252	4060	4160	8322
5	4160	4060	3985	8323
5	4174	4078	4108	8324
5	4161	4142	4093	8325
5	4402	4343	4401	8326
5	4222	4152	4216	8327
5	4217	4073	4153	8328
5	4294	4240	4291	8329
5	4164	4149	4085	8330
5	4164	4085	4078	8331
5	4214	4137	4199	8332
5	4166	4088	4139	8333
5	4174	4108	4166	8334
5	4174	4164	4078	8335
5	4167	4096	4090	8336
5	4346	4252	4288	8337
5	4339	4302	4325	8338
5	4233	4177	4232	8339
5	4283	4232	4250	8340
5	4226	4169	4168	8341
5	4238	4187	4157	8342
5	4208	4157	4148	8343
5	4391	4291	4376	8344
5	4171	4145	4089	8345
5	4179	4171	4083	8346
5	4188	4129	4103	8347
5	4418	4392	4354	8348
5	4444	4384	4344	8349
5	4235	4181	4215	8350
5	4207	4149	4164	8351
5	4378	4295	4345	8352
5	4178	4151	4116	8353
5	4182	4180	4124	8354
5	4181	4125	4114	8355
5	4279	4218	4244	8356
5	4340	4297	4316	8357
5	4206	4164	4174	8358
5	4281	4229	4265	8359
5	4188	4186	4129	8360
5	4179	4117	4091	8361
5	4182	4123	4176	8362
5	4176	4123	4121	8363
5	4183	4125	4181	8364
5	4183	4113	4125	8365
5	4183	4176	4113	8366
5	4215	4149	4207	8367
5	4234	4180	4182	8368
5	4236	4234	4182	8369
5	4202	4155	4140	8370
5	4196	4148	4145	8371
5	4307	4242	4204	8372
5	4256	4185	4193	8373
5	4186	4184	4127	8374
5	4186	4127	4129	8375
5	4237	4186	4221	8376
5	4187	4136	4130	8377
5	4179	4083	4133	8378
5	4179	4133	4117	8379
5	4372	4256	4300	8380
5	4242	4144	4204	8381
5	4222	4162	4152	8382
5	4350	4314	4323	8383
5	4191	4175	4143	8384
5	4213	4143	4141	8385
5	4192	4173	4095	8386
5	4192	4095	4144	8387
5	4193	4185	4156	8388
5	4379	4377	4346	8389
5	4194	4150	4134	8390
5	4399	4336	4383	8391
5	4195	4190	4161	8392
5	4195	4161	4180	8393
5	4407	4349	4305	8394
5	4209	4156	4131	8395
5	4197	4146	4100	8396
5	4197	4100	4147	8397
5	4217	4163	4073	8398
5	4217	4153	4198	8399
5	4282	4244	4231	8400
5	4437	4394	4405	8401
5	4225	4168	4154	8402
5	4226	4168	4225	8403
5	4375	4287	4330	8404
5	4291	4201	4251	8405
5	4228	4196	4145	8406
5	4219	4171	4172	8407
5	4262	4134	4203	8408
5	4203	4134	4173	8409
5	4204	4144	4064	8410
5	4204	4064	4158	8411
5	4380	4319	4349	8412
5	4263	4217	4259	8413
5	4283	4282	4233	8414
5	4265	4229	4211	8415
5	4255	4213	4223	8416
5	4371	4326	4309	8417
5	4270	4205	4249	8418
5	4299	4284	4268	8419
5	4321	4270	4319	8420
5	4410	4298	4372	8421
5	4210	4199	4138	8422
5	4210	4138	4162	8423
5	4229	4166	4211	8424
5	4211	4166	4139	8425
5	4284	4237	4268	8426
5	4269	4238	4208	8427
5	4243	4230	4190	8428
5	4213	4191	4143	8429
5	4214	4211	4139	8430
5	4214	4139	4137	8431
5	4278	4216	4261	8432
5	4276	4195	4234	8433
5	4222	4210	4162	8434
5	4216	4152	4150	8435
5	4227	4205	4170	8436
5	4224	4090	4163	8437
5	4218	4154	4151	8438
5	4232	4177	4175	8439
5	4277	4196	4228	8440
5	4228	4171	4219	8441
5	4220	4219	4172	8442
5	4220	4172	4155	8443
5	4237	4184	4186	8444
5	4221	4186	4188	8445
5	4309	4250	4293	8446
5	4274	4191	4213	8447
5	4223	4213	4141	8448
5	4223	4141	4165	8449
5	4457	4434	4386	8450
5	4395	4390	4368	8451
5	4548	4457	4530	8452
5	4301	4244	4282	8453
5	4279	4225	4218	8454
5	4280	4225	4279	8455
5	4268	4237	4221	8456
5	4249	4205	4227	8457
5	4420	4331	4381	8458
5	4555	4515	4513	8459
5	4275	4215	4207	8460
5	4229	4206	4174	8461
5	4230	4223	4165	8462
5	4230	4165	4142	8463
5	4231	4218	4151	8464
5	4231	4151	4178	8465
5	4233	4178	4177	8466
5	4325	4244	4301	8467
5	4322	4274	4255	8468
5	4282	4231	4233	8469
5	4267	4190	4195	8470
5	4234	4195	4180	8471
5	4236	4182	4176	8472
5	4236	4176	4183	8473
5	4236	4183	4235	8474
5	4236	4235	4234	8475
5	4238	4157	4208	8476
5	4304	4269	4272	8477
5	4312	4263	4259	8478
5	4328	4286	4239	8479
5	4286	4136	4239	8480
5	4239	4136	4187	8481
5	4251	4201	4146	8482
5	4436	4413	4389	8483
5	4256	4135	4185	8484
5	4496	4459	4442	8485
5	4382	4354	4361	8486
5	4441	4377	4428	8487
5	4257	4199	4247	8488
5	4326	4282	4283	8489
5	4359	4325	4301	8490
5	4250	4232	4191	8491
5	4296	4200	4248	8492
5	4280	4226	4225	8493
5	4383	4336	4337	8494
5	4246	4204	4158	8495
5	4324	4278	4261	8496
5	4343	4203	4258	8497
5	4375	4333	4287	8498
5	4338	4261	4311	8499
5	4308	4284	4299	8500
5	4300	4256	4193	8501
5	4369	4322	4315	8502
5	4306	4260	4290	8503
5	4348	4248	4295	8504
5	4330	4287	4245	8505
5	4310	4060	4252	8506
5	4310	4158	4060	8507
5	4320	4269	4304	8508
5	4407	4305	4363	8509
5	4275	4207	4266	8510
5	4265	4211	4254	8511
5	4274	4213	4255	8512
5	4274	4250	4191	8513
5	4271	4193	4209	8514
5	4300	4193	4271	8515
5	4257	4254	4214	8516
5	4257	4214	4199	8517
5	4324	4290	4278	8518
5	4422	4374	4402	8519
5	4263	4163	4217	8520
5	4263	4224	4163	8521
5	4260	4247	4210	8522
5	4260	4210	4222	8523
5	4278	4260	4222	8524
5	4261	4216	4194	8525
5	4364	4314	4350	8526
5	4262	4194	4134	8527
5	4423	4362	4384	8528
5	4313	4263	4312	8529
5	4264	4255	4223	8530
5	4264	4223	4230	8531
5	4322	4293	4274	8532
5	4345	4280	4302	8533
5	4316	4266	4281	8534
5	4327	4275	4297	8535
5	4297	4275	4266	8536
5	4267	4243	4190	8537
5	4285	4238	4269	8538
5	4273	4202	4212	8539
5	4376	4291	4333	8540
5	4321	4268	4270	8541
5	4270	4268	4221	8542
5	4270	4221	4205	8543
5	4411	4300	4367	8544
5	4328	4239	4285	8545
5	4272	4269	4208	8546
5	4272	4208	4196	8547
5	4277	4228	4219	8548
5	4277	4220	4202	8549
5	4403	4351	4355	8550
5	4293	4250	4274	8551
5	4276	4234	4235	8552
5	4283	4233	4232	8553
5	4276	4235	4215	8554
5	4276	4215	4275	8555
5	4277	4272	4196	8556
5	4277	4219	4220	8557
5	4386	4339	4359	8558
5	4292	4257	4247	8559
5	4434	4387	4339	8560
5	4387	4345	4302	8561
5	4277	4202	4273	8562
5	4388	4360	4308	8563
5	4281	4266	4206	8564
5	4281	4206	4229	8565
5	4315	4255	4264	8566
5	4424	4412	4421	8567
5	4327	4276	4275	8568
5	4276	4267	4195	8569
5	4284	4273	4212	8570
5	4284	4212	4237	8571
5	4286	4271	4209	8572
5	4285	4239	4238	8573
5	4372	4298	4256	8574
5	4438	4334	4380	8575
5	4444	4344	4391	8576
5	4423	4406	4362	8577
5	4346	4310	4252	8578
5	4392	4337	4307	8579
5	4289	4258	4192	8580
5	4289	4192	4144	8581
5	4341	4290	4335	8582
5	4347	4203	4343	8583
5	4345	4295	4280	8584
5	4381	4331	4296	8585
5	4425	4374	4422	8586
5	4605	4581	4601	8587
5	4370	4293	4322	8588
5	4326	4283	4309	8589
5	4294	4259	4198	8590
5	4294	4198	4240	8591
5	4295	4248	4226	8592
5	4295	4226	4280	8593
5	4391	4344	4294	8594
5	4473	4426	4397	8595
5	4316	4281	4303	8596
5	4323	4257	4292	8597
5	4435	4410	4372	8598
5	4501	4443	4456	8599
5	4308	4273	4284	8600
5	4353	4320	4304	8601
5	4319	4270	4249	8602
5	4329	4271	4286	8603
5	4309	4283	4250	8604
5	4427	4386	4394	8605
5	4302	4280	4279	8606
5	4554	4513	4511	8607
5	4529	4522	4524	8608
5	4327	4267	4276	8609
5	4320	4285	4269	8610
5	4379	4288	4342	8611
5	4305	4249	4227	8612
5	4305	4227	4253	8613
5	4306	4292	4247	8614
5	4306	4247	4260	8615
5	4440	4342	4410	8616
5	4432	4332	4399	8617
5	4360	4304	4272	8618
5	4360	4273	4308	8619
5	4326	4301	4282	8620
5	4359	4301	4356	8621
5	4361	4310	4346	8622
5	4310	4246	4158	8623
5	4311	4261	4194	8624
5	4311	4194	4262	8625
5	4313	4253	4224	8626
5	4313	4224	4263	8627
5	4349	4319	4249	8628
5	4363	4313	4362	8629
5	4314	4303	4265	8630
5	4314	4265	4254	8631
5	4624	4582	4570	8632
5	4322	4255	4315	8633
5	4352	4315	4317	8634
5	4316	4297	4266	8635
5	4317	4315	4264	8636
5	4317	4264	4243	8637
5	4318	4317	4243	8638
5	4318	4243	4267	8639
5	4404	4320	4353	8640
5	4334	4321	4319	8641
5	4390	4353	4357	8642
5	4404	4353	4390	8643
5	4357	4308	4299	8644
5	4321	4299	4268	8645
5	4364	4303	4314	8646
5	4370	4358	4293	8647
5	4323	4314	4254	8648
5	4323	4254	4257	8649
5	4429	4335	4398	8650
5	4393	4355	4341	8651
5	4325	4302	4279	8652
5	4325	4279	4244	8653
5	4341	4306	4290	8654
5	4355	4306	4341	8655
5	4327	4297	4318	8656
5	4327	4318	4267	8657
5	4390	4357	4368	8658
5	4329	4286	4328	8659
5	4349	4249	4305	8660
5	4380	4334	4319	8661
5	4430	4348	4378	8662
5	4535	4501	4456	8663
5	4331	4330	4245	8664
5	4331	4245	4296	8665
5	4343	4258	4332	8666
5	4402	4347	4343	8667
5	4443	4391	4376	8668
5	4381	4296	4348	8669
5	4366	4285	4320	8670
5	4368	4321	4334	8671
5	4425	4338	4374	8672
5	4464	4392	4418	8673
5	4399	4289	4336	8674
5	4336	4289	4242	8675
5	4337	4336	4242	8676
5	4337	4242	4307	8677
5	4347	4262	4203	8678
5	4598	4560	4559	8679
5	4371	4309	4358	8680
5	4400	4341	4335	8681
5	4365	4316	4303	8682
5	4340	4318	4297	8683
5	4476	4433	4400	8684
5	4522	4461	4486	8685
5	4342	4288	4241	8686
5	4342	4241	4298	8687
5	4347	4311	4262	8688
5	4572	4536	4500	8689
5	4344	4312	4259	8690
5	4344	4259	4294	8691
5	4626	4537	4576	8692
5	4378	4348	4295	8693
5	4354	4307	4246	8694
5	4646	4566	4621	8695
5	4433	4393	4400	8696
5	4471	4401	4432	8697
5	4434	4339	4386	8698
5	4511	4460	4497	8699
5	4406	4363	4362	8700
5	4448	4390	4395	8701
5	4358	4309	4293	8702
5	4356	4301	4326	8703
5	4351	4350	4323	8704
5	4351	4323	4292	8705
5	4539	4495	4472	8706
5	4369	4315	4352	8707
5	4404	4396	4366	8708
5	4366	4328	4285	8709
5	4382	4361	4377	8710
5	4418	4354	4382	8711
5	4355	4351	4292	8712
5	4355	4292	4306	8713
5	4359	4339	4325	8714
5	4387	4302	4339	8715
5	4388	4304	4360	8716
5	4388	4308	4357	8717
5	4371	4356	4326	8718
5	4465	4430	4460	8719
5	4340	4352	4317	8720
5	4340	4317	4318	8721
5	4360	4272	4277	8722
5	4360	4277	4273	8723
5	4361	4354	4246	8724
5	4361	4246	4310	8725
5	4363	4305	4253	8726
5	4363	4253	4313	8727
5	4438	4395	4334	8728
5	4407	4363	4406	8729
5	4365	4340	4316	8730
5	4365	4303	4364	8731
5	4389	4369	4352	8732
5	4409	4340	4365	8733
5	4367	4271	4329	8734
5	4373	4328	4366	8735
5	4464	4442	4392	8736
5	4439	4411	4367	8737
5	4368	4357	4299	8738
5	4368	4299	4321	8739
5	4408	4365	4364	8740
5	4370	4322	4369	8741
5	4424	4408	4412	8742
5	4414	4351	4403	8743
5	4569	4563	4523	8744
5	4445	4421	4414	8745
5	4462	4411	4439	8746
5	4446	4373	4396	8747
5	4462	4435	4372	8748
5	4373	4329	4328	8749
5	4374	4338	4311	8750
5	4374	4311	4347	8751
5	4426	4375	4330	8752
5	4444	4391	4443	8753
5	4535	4431	4463	8754
5	4513	4467	4465	8755
5	4567	4493	4545	8756
5	4377	4361	4346	8757
5	4613	4577	4547	8758
5	4556	4498	4550	8759
5	4428	4377	4379	8760
5	4479	4428	4440	8761
5	4469	4439	4416	8762
5	4525	4489	4488	8763
5	4467	4420	4465	8764
5	4463	4431	4375	8765
5	4410	4342	4298	8766
5	4440	4428	4379	8767
5	4392	4307	4354	8768
5	4657	4603	4655	8769
5	4384	4362	4312	8770
5	4384	4312	4344	8771
5	4415	4358	4385	8772
5	4385	4358	4370	8773
5	4483	4450	4433	8774
5	4405	4394	4356	8775
5	4420	4397	4331	8776
5	4473	4397	4467	8777
5	4388	4357	4353	8778
5	4388	4353	4304	8779
5	4413	4369	4389	8780
5	4413	4370	4369	8781
5	4396	4373	4366	8782
5	4395	4368	4334	8783
5	4451	4407	4406	8784
5	4508	4484	4438	8785
5	4442	4337	4392	8786
5	4441	4382	4377	8787
5	4403	4355	4393	8788
5	4445	4414	4403	8789
5	4394	4386	4359	8790
5	4394	4359	4356	8791
5	4526	4484	4508	8792
5	4404	4366	4320	8793
5	4515	4467	4513	8794
5	4574	4547	4501	8795
5	4465	4420	4430	8796
5	4588	4494	4548	8797
5	4398	4335	4324	8798
5	4398	4324	4338	8799
5	4401	4343	4332	8800
5	4402	4374	4347	8801
5	4603	4539	4571	8802
5	4425	4398	4338	8803
5	4666	4610	4598	8804
5	4506	4475	4441	8805
5	4540	4509	4458	8806
5	4429	4400	4335	8807
5	4450	4393	4433	8808
5	4405	4356	4371	8809
5	4485	4448	4484	8810
5	4449	4396	4404	8811
5	4627	4568	4529	8812
5	4490	4470	4453	8813
5	4463	4375	4426	8814
5	4557	4480	4519	8815
5	4481	4444	4443	8816
5	4452	4407	4451	8817
5	4409	4352	4340	8818
5	4409	4365	4408	8819
5	4409	4408	4389	8820
5	4409	4389	4352	8821
5	4416	4367	4329	8822
5	4411	4372	4300	8823
5	4462	4372	4411	8824
5	4416	4329	4373	8825
5	4412	4408	4364	8826
5	4412	4364	4350	8827
5	4421	4412	4414	8828
5	4413	4385	4370	8829
5	4414	4412	4350	8830
5	4414	4350	4351	8831
5	4415	4405	4371	8832
5	4415	4371	4358	8833
5	4498	4439	4469	8834
5	4440	4379	4342	8835
5	4417	4378	4345	8836
5	4417	4345	4387	8837
5	4442	4383	4337	8838
5	4566	4538	4543	8839
5	4447	4415	4419	8840
5	4419	4415	4385	8841
5	4537	4502	4473	8842
5	4515	4473	4467	8843
5	4585	4529	4565	8844
5	4424	4389	4408	8845
5	4504	4472	4422	8846
5	4503	4401	4471	8847
5	4542	4525	4488	8848
5	4501	4481	4443	8849
5	4453	4419	4385	8850
5	4436	4389	4424	8851
5	4476	4400	4429	8852
5	4450	4445	4403	8853
5	4467	4397	4420	8854
5	4502	4426	4473	8855
5	4583	4530	4582	8856
5	4492	4474	4437	8857
5	4531	4496	4464	8858
5	4597	4559	4558	8859
5	4539	4472	4504	8860
5	4571	4539	4504	8861
5	4430	4420	4381	8862
5	4430	4381	4348	8863
5	4431	4376	4333	8864
5	4431	4333	4375	8865
5	4528	4504	4503	8866
5	4699	4697	4658	8867
5	4604	4539	4603	8868
5	4505	4491	4487	8869
5	4570	4544	4492	8870
5	4457	4386	4427	8871
5	4478	4440	4410	8872
5	4478	4410	4435	8873
5	4477	4424	4421	8874
5	4453	4413	4436	8875
5	4474	4394	4437	8876
5	4474	4427	4394	8877
5	4446	4416	4373	8878
5	4439	4367	4416	8879
5	4448	4404	4390	8880
5	4571	4504	4528	8881
5	4479	4440	4478	8882
5	4506	4441	4480	8883
5	4517	4478	4435	8884
5	4480	4428	4479	8885
5	4475	4382	4441	8886
5	4496	4442	4464	8887
5	4466	4406	4423	8888
5	4537	4473	4515	8889
5	4466	4451	4406	8890
5	4482	4444	4481	8891
5	4492	4437	4461	8892
5	4453	4385	4413	8893
5	4542	4488	4512	8894
5	4589	4514	4549	8895
5	4447	4437	4405	8896
5	4447	4405	4415	8897
5	4508	4438	4489	8898
5	4449	4404	4448	8899
5	4556	4516	4498	8900
5	4469	4416	4446	8901
5	4540	4458	4495	8902
5	4477	4436	4424	8903
5	4452	4380	4349	8904
5	4452	4349	4407	8905
5	4484	4448	4395	8906
5	4489	4438	4380	8907
5	4470	4419	4453	8908
5	4491	4421	4445	8909
5	4454	4432	4399	8910
5	4454	4399	4383	8911
5	4455	4417	4387	8912
5	4455	4387	4434	8913
5	4456	4443	4376	8914
5	4456	4376	4431	8915
5	4582	4530	4544	8916
5	4583	4548	4530	8917
5	4458	4429	4398	8918
5	4458	4398	4425	8919
5	4459	4454	4383	8920
5	4459	4383	4442	8921
5	4460	4430	4378	8922
5	4460	4378	4417	8923
5	4461	4437	4447	8924
5	4487	4445	4450	8925
5	4510	4468	4507	8926
5	4484	4395	4438	8927
5	4649	4622	4579	8928
5	4535	4456	4431	8929
5	4519	4480	4479	8930
5	4475	4418	4382	8931
5	4584	4532	4502	8932
5	4541	4497	4455	8933
5	4600	4542	4512	8934
5	4580	4578	4564	8935
5	4511	4465	4460	8936
5	4513	4465	4511	8937
5	4468	4446	4396	8938
5	4468	4396	4449	8939
5	4525	4508	4489	8940
5	4488	4452	4451	8941
5	4486	4419	4470	8942
5	4486	4447	4419	8943
5	4528	4503	4471	8944
5	4504	4422	4503	8945
5	4472	4458	4425	8946
5	4472	4425	4422	8947
5	4553	4511	4497	8948
5	4502	4463	4426	8949
5	4544	4474	4492	8950
5	4509	4476	4429	8951
5	4480	4441	4428	8952
5	4545	4475	4506	8953
5	4546	4492	4461	8954
5	4487	4450	4483	8955
5	4490	4436	4477	8956
5	4490	4453	4436	8957
5	4507	4468	4485	8958
5	4498	4462	4439	8959
5	4510	4469	4446	8960
5	4519	4479	4518	8961
5	4516	4435	4462	8962
5	4518	4479	4478	8963
5	4482	4423	4384	8964
5	4482	4384	4444	8965
5	4674	4659	4616	8966
5	4521	4482	4520	8967
5	4569	4523	4536	8968
5	4551	4500	4476	8969
5	4485	4449	4448	8970
5	4485	4468	4449	8971
5	4517	4435	4516	8972
5	4677	4673	4636	8973
5	4546	4461	4522	8974
5	4486	4461	4447	8975
5	4527	4490	4477	8976
5	4523	4487	4483	8977
5	4489	4452	4488	8978
5	4489	4380	4452	8979
5	4611	4561	4577	8980
5	4526	4485	4484	8981
5	4527	4477	4491	8982
5	4491	4445	4487	8983
5	4527	4470	4490	8984
5	4491	4477	4421	8985
5	4652	4609	4588	8986
5	4582	4544	4570	8987
5	4493	4464	4418	8988
5	4493	4418	4475	8989
5	4494	4455	4434	8990
5	4494	4434	4457	8991
5	4509	4429	4458	8992
5	4495	4458	4472	8993
5	4531	4464	4493	8994
5	4558	4517	4516	8995
5	4497	4460	4417	8996
5	4497	4417	4455	8997
5	4518	4478	4517	8998
5	4516	4462	4498	8999
5	4499	4471	4432	9000
5	4499	4432	4454	9001
5	4500	4483	4433	9002
5	4500	4433	4476	9003
5	4520	4482	4481	9004
5	4547	4520	4481	9005
5	4535	4463	4532	9006
5	4532	4463	4502	9007
5	4607	4495	4604	9008
5	4503	4422	4402	9009
5	4549	4459	4496	9010
5	4655	4605	4639	9011
5	4565	4505	4563	9012
5	4527	4491	4505	9013
5	4606	4531	4567	9014
5	4590	4557	4519	9015
5	4510	4446	4468	9016
5	4550	4498	4469	9017
5	4534	4508	4533	9018
5	4561	4521	4520	9019
5	4536	4483	4500	9020
5	4607	4586	4540	9021
5	4558	4516	4556	9022
5	4564	4526	4534	9023
5	4609	4608	4587	9024
5	4541	4455	4494	9025
5	4512	4488	4451	9026
5	4512	4451	4466	9027
5	4592	4555	4554	9028
5	4619	4588	4548	9029
5	4514	4499	4454	9030
5	4514	4454	4459	9031
5	4555	4513	4554	9032
5	4576	4515	4555	9033
5	4674	4616	4644	9034
5	4560	4519	4518	9035
5	4578	4552	4564	9036
5	4559	4517	4558	9037
5	4632	4595	4620	9038
5	4620	4595	4557	9039
5	4634	4597	4596	9040
5	4559	4518	4517	9041
5	4521	4466	4423	9042
5	4521	4423	4482	9043
5	4909	4870	4819	9044
5	4562	4521	4561	9045
5	4563	4505	4523	9046
5	4694	4660	4614	9047
5	4570	4492	4546	9048
5	4523	4505	4487	9049
5	4524	4522	4486	9050
5	4524	4486	4470	9051
5	4598	4559	4597	9052
5	4648	4577	4613	9053
5	4534	4526	4508	9054
5	4526	4507	4485	9055
5	4568	4546	4522	9056
5	4527	4524	4470	9057
5	4617	4536	4572	9058
5	4754	4739	4744	9059
5	4565	4529	4524	9060
5	4536	4523	4483	9061
5	4777	4719	4774	9062
5	4530	4457	4427	9063
5	4567	4531	4493	9064
5	4589	4543	4514	9065
5	4648	4611	4577	9066
5	4626	4584	4537	9067
5	4613	4547	4574	9068
5	4576	4537	4515	9069
5	4560	4518	4559	9070
5	4550	4469	4510	9071
5	4579	4533	4525	9072
5	4547	4481	4501	9073
5	4658	4607	4604	9074
5	4664	4624	4641	9075
5	4584	4502	4537	9076
5	4711	4675	4685	9077
5	4538	4528	4471	9078
5	4538	4471	4499	9079
5	4647	4614	4586	9080
5	4586	4509	4540	9081
5	4586	4551	4509	9082
5	4551	4476	4509	9083
5	4554	4511	4553	9084
5	4609	4587	4541	9085
5	4611	4599	4561	9086
5	4649	4579	4637	9087
5	4543	4538	4499	9088
5	4543	4499	4514	9089
5	4544	4530	4427	9090
5	4544	4427	4474	9091
5	4712	4646	4693	9092
5	4606	4575	4531	9093
5	4607	4540	4495	9094
5	4615	4563	4569	9095
5	4574	4501	4535	9096
5	4880	4848	4845	9097
5	4588	4541	4494	9098
5	4548	4494	4457	9099
5	4621	4566	4543	9100
5	4549	4514	4459	9101
5	4596	4556	4594	9102
5	4590	4519	4560	9103
5	4572	4500	4551	9104
5	4678	4650	4615	9105
5	4552	4550	4510	9106
5	4552	4510	4507	9107
5	4777	4753	4719	9108
5	4592	4554	4591	9109
5	4619	4548	4583	9110
5	4591	4554	4553	9111
5	4651	4576	4618	9112
5	4745	4726	4741	9113
5	4593	4552	4578	9114
5	4632	4545	4595	9115
5	4620	4557	4590	9116
5	4557	4506	4480	9117
5	4579	4525	4542	9118
5	4595	4506	4557	9119
5	4593	4550	4552	9120
5	4594	4556	4550	9121
5	4666	4598	4635	9122
5	4596	4558	4556	9123
5	4562	4512	4466	9124
5	4562	4466	4521	9125
5	4902	4828	4866	9126
5	4677	4636	4640	9127
5	4568	4522	4529	9128
5	4585	4565	4563	9129
5	4564	4552	4507	9130
5	4564	4507	4526	9131
5	4565	4524	4527	9132
5	4565	4527	4505	9133
5	4621	4543	4589	9134
5	4716	4686	4667	9135
5	4681	4645	4610	9136
5	4712	4676	4646	9137
5	4609	4541	4588	9138
5	4625	4582	4624	9139
5	4779	4720	4746	9140
5	4641	4624	4602	9141
5	4624	4570	4602	9142
5	4617	4569	4536	9143
5	4581	4538	4566	9144
5	4604	4495	4539	9145
5	4650	4627	4585	9146
5	4655	4603	4605	9147
5	4574	4535	4573	9148
5	4573	4535	4532	9149
5	4599	4562	4561	9150
5	4763	4734	4689	9151
5	4575	4549	4496	9152
5	4575	4496	4531	9153
5	4638	4612	4584	9154
5	4665	4591	4608	9155
5	4577	4561	4520	9156
5	4577	4520	4547	9157
5	4580	4564	4534	9158
5	4622	4533	4579	9159
5	4630	4578	4623	9160
5	4580	4534	4533	9161
5	4690	4611	4648	9162
5	4622	4580	4533	9163
5	4581	4571	4528	9164
5	4581	4528	4538	9165
5	4732	4663	4703	9166
5	4678	4615	4643	9167
5	4703	4625	4664	9168
5	4701	4641	4661	9169
5	4638	4584	4626	9170
5	4747	4679	4713	9171
5	4615	4585	4563	9172
5	4627	4529	4585	9173
5	4667	4567	4632	9174
5	4693	4646	4621	9175
5	4587	4553	4497	9176
5	4587	4497	4541	9177
5	4713	4679	4654	9178
5	4653	4608	4609	9179
5	4715	4693	4642	9180
5	4776	4742	4709	9181
5	4736	4645	4681	9182
5	4707	4666	4635	9183
5	4704	4653	4696	9184
5	4766	4695	4727	9185
5	4848	4810	4845	9186
5	4713	4654	4675	9187
5	4597	4558	4596	9188
5	4594	4550	4593	9189
5	4662	4580	4622	9190
5	4623	4578	4580	9191
5	4667	4606	4567	9192
5	4595	4545	4506	9193
5	4630	4593	4578	9194
5	4631	4593	4630	9195
5	4709	4672	4671	9196
5	4635	4598	4597	9197
5	4631	4594	4593	9198
5	4633	4596	4594	9199
5	4600	4562	4599	9200
5	4600	4512	4562	9201
5	4633	4594	4631	9202
5	4637	4579	4542	9203
5	4601	4581	4566	9204
5	4676	4601	4646	9205
5	4602	4570	4546	9206
5	4602	4546	4568	9207
5	4698	4655	4682	9208
5	4768	4678	4725	9209
5	4657	4604	4603	9210
5	4650	4585	4615	9211
5	4605	4603	4571	9212
5	4605	4571	4581	9213
5	4628	4549	4575	9214
5	4716	4667	4680	9215
5	4647	4586	4607	9216
5	4646	4601	4566	9217
5	4608	4591	4553	9218
5	4608	4553	4587	9219
5	4717	4650	4678	9220
5	4625	4583	4582	9221
5	4610	4590	4560	9222
5	4610	4560	4598	9223
5	4735	4690	4695	9224
5	4636	4600	4599	9225
5	4612	4573	4532	9226
5	4612	4532	4584	9227
5	4640	4636	4599	9228
5	4719	4644	4683	9229
5	4614	4572	4551	9230
5	4614	4551	4586	9231
5	4660	4617	4572	9232
5	4661	4568	4627	9233
5	4616	4613	4574	9234
5	4616	4574	4573	9235
5	4725	4678	4643	9236
5	4643	4569	4617	9237
5	4618	4576	4555	9238
5	4618	4555	4592	9239
5	4652	4588	4619	9240
5	4683	4644	4612	9241
5	4671	4634	4633	9242
5	4749	4681	4729	9243
5	4676	4639	4601	9244
5	4628	4589	4549	9245
5	4932	4873	4888	9246
5	4742	4672	4709	9247
5	4640	4599	4611	9248
5	4687	4662	4622	9249
5	4775	4724	4740	9250
5	4797	4758	4732	9251
5	4720	4703	4664	9252
5	4643	4615	4569	9253
5	4689	4626	4651	9254
5	4763	4689	4651	9255
5	4663	4583	4625	9256
5	4661	4641	4602	9257
5	4714	4656	4686	9258
5	4680	4632	4620	9259
5	4629	4592	4591	9260
5	4665	4629	4591	9261
5	4803	4728	4761	9262
5	4634	4596	4633	9263
5	4669	4633	4631	9264
5	4635	4597	4634	9265
5	4681	4610	4666	9266
5	4632	4567	4545	9267
5	4672	4634	4671	9268
5	4687	4622	4649	9269
5	4668	4631	4630	9270
5	4730	4670	4692	9271
5	4709	4671	4708	9272
5	4672	4635	4634	9273
5	4637	4600	4636	9274
5	4637	4542	4600	9275
5	4662	4623	4580	9276
5	4680	4667	4632	9277
5	4651	4626	4576	9278
5	4755	4675	4711	9279
5	4639	4605	4601	9280
5	4849	4781	4823	9281
5	4752	4718	4735	9282
5	4814	4777	4774	9283
5	4764	4748	4737	9284
5	4660	4572	4614	9285
5	4642	4621	4589	9286
5	4642	4589	4628	9287
5	4739	4698	4710	9288
5	4684	4617	4660	9289
5	4644	4616	4573	9290
5	4644	4573	4612	9291
5	4645	4620	4590	9292
5	4645	4590	4610	9293
5	4693	4621	4642	9294
5	4849	4829	4781	9295
5	4699	4657	4698	9296
5	4684	4643	4617	9297
5	4722	4662	4687	9298
5	4690	4640	4611	9299
5	4708	4669	4705	9300
5	4723	4649	4673	9301
5	4724	4688	4701	9302
5	4661	4602	4568	9303
5	4794	4713	4755	9304
5	4683	4612	4638	9305
5	4665	4608	4653	9306
5	4653	4609	4652	9307
5	4704	4665	4653	9308
5	4704	4685	4665	9309
5	4654	4618	4592	9310
5	4654	4592	4629	9311
5	4698	4657	4655	9312
5	4658	4604	4657	9313
5	4656	4628	4575	9314
5	4656	4575	4606	9315
5	4748	4721	4737	9316
5	4658	4647	4607	9317
5	4799	4784	4748	9318
5	4829	4756	4781	9319
5	4659	4648	4613	9320
5	4659	4613	4616	9321
5	4757	4684	4721	9322
5	4821	4790	4750	9323
5	4700	4627	4650	9324
5	4700	4661	4627	9325
5	4669	4631	4668	9326
5	4671	4633	4669	9327
5	4702	4619	4663	9328
5	4663	4619	4583	9329
5	4801	4741	4773	9330
5	4664	4625	4624	9331
5	4778	4651	4679	9332
5	4877	4779	4817	9333
5	4729	4666	4707	9334
5	4759	4715	4691	9335
5	4715	4642	4691	9336
5	4714	4691	4656	9337
5	4735	4718	4690	9338
5	4820	4783	4776	9339
5	4761	4718	4752	9340
5	4707	4635	4672	9341
5	4670	4668	4630	9342
5	4670	4630	4623	9343
5	4762	4729	4707	9344
5	4692	4623	4662	9345
5	4731	4708	4705	9346
5	4762	4707	4742	9347
5	4673	4649	4637	9348
5	4673	4637	4636	9349
5	4774	4683	4734	9350
5	4878	4803	4841	9351
5	4675	4654	4629	9352
5	4703	4663	4625	9353
5	4838	4805	4816	9354
5	4836	4795	4744	9355
5	4921	4858	4881	9356
5	4803	4761	4780	9357
5	4732	4702	4663	9358
5	4771	4726	4745	9359
5	4679	4651	4618	9360
5	4679	4618	4654	9361
5	5001	4966	4941	9362
5	4680	4620	4645	9363
5	4765	4686	4716	9364
5	4708	4671	4669	9365
5	4682	4655	4639	9366
5	4733	4682	4639	9367
5	4842	4747	4819	9368
5	4719	4674	4644	9369
5	5058	5001	5021	9370
5	4694	4614	4647	9371
5	4685	4675	4629	9372
5	4685	4629	4665	9373
5	4686	4656	4606	9374
5	4686	4606	4667	9375
5	4692	4670	4623	9376
5	4705	4669	4668	9377
5	4688	4664	4641	9378
5	4757	4721	4748	9379
5	4734	4638	4689	9380
5	4689	4638	4626	9381
5	4766	4735	4695	9382
5	4807	4788	4769	9383
5	4691	4642	4628	9384
5	4691	4628	4656	9385
5	4765	4714	4686	9386
5	4772	4716	4680	9387
5	4733	4639	4676	9388
5	4836	4744	4785	9389
5	4751	4732	4703	9390
5	5133	5060	5082	9391
5	4695	4690	4648	9392
5	4695	4648	4659	9393
5	4696	4653	4652	9394
5	4779	4751	4720	9395
5	4697	4694	4647	9396
5	4697	4647	4658	9397
5	4699	4658	4657	9398
5	4965	4937	4909	9399
5	4790	4733	4750	9400
5	4764	4738	4754	9401
5	4701	4661	4700	9402
5	4701	4688	4641	9403
5	4916	4911	4913	9404
5	4905	4817	4857	9405
5	4702	4696	4652	9406
5	4702	4652	4619	9407
5	4720	4664	4688	9408
5	4809	4746	4724	9409
5	5095	232	5043	9410
5	4981	4951	4975	9411
5	4761	4677	4718	9412
5	4731	4705	4706	9413
5	4706	4705	4668	9414
5	4706	4668	4670	9415
5	4742	4707	4672	9416
5	4729	4681	4666	9417
5	4851	4835	4834	9418
5	4854	4783	4820	9419
5	4807	4767	4788	9420
5	4789	4769	4788	9421
5	4710	4698	4682	9422
5	4770	4682	4733	9423
5	4822	4794	4755	9424
5	5012	4946	4988	9425
5	4885	4816	4865	9426
5	4947	4888	4934	9427
5	4855	4822	4787	9428
5	4794	4747	4713	9429
5	4772	4680	4736	9430
5	4886	4849	4823	9431
5	4756	4712	4693	9432
5	4770	4710	4682	9433
5	4826	4796	4765	9434
5	4749	4736	4681	9435
5	4740	4724	4701	9436
5	4717	4700	4650	9437
5	4718	4677	4640	9438
5	4718	4640	4690	9439
5	4856	4841	4780	9440
5	4864	4791	4824	9441
5	4901	4813	4837	9442
5	4751	4703	4720	9443
5	4721	4684	4660	9444
5	4721	4660	4694	9445
5	4730	4706	4670	9446
5	4722	4692	4662	9447
5	4723	4722	4687	9448
5	4723	4687	4649	9449
5	4740	4700	4717	9450
5	4725	4643	4684	9451
5	4740	4701	4700	9452
5	4818	4784	4799	9453
5	4726	4711	4685	9454
5	4726	4685	4704	9455
5	4727	4695	4659	9456
5	4727	4659	4674	9457
5	4728	4723	4673	9458
5	4728	4673	4677	9459
5	4783	4742	4776	9460
5	4736	4680	4645	9461
5	4743	4708	4731	9462
5	4731	4706	4730	9463
5	4858	4793	4835	9464
5	4793	4776	4743	9465
5	4758	4702	4732	9466
5	4850	4846	4812	9467
5	4756	4693	4715	9468
5	4785	4710	4770	9469
5	4774	4719	4683	9470
5	4734	4683	4638	9471
5	4791	4735	4766	9472
5	4883	4864	4824	9473
5	4806	4716	4772	9474
5	4879	4806	4843	9475
5	4737	4721	4694	9476
5	4737	4694	4697	9477
5	4738	4737	4697	9478
5	4738	4697	4699	9479
5	4739	4738	4699	9480
5	4739	4699	4698	9481
5	4799	4748	4764	9482
5	4757	4725	4684	9483
5	4741	4726	4704	9484
5	4741	4704	4696	9485
5	4793	4743	4760	9486
5	4767	4723	4728	9487
5	4776	4709	4743	9488
5	4743	4709	4708	9489
5	4744	4739	4710	9490
5	4785	4744	4710	9491
5	4773	4741	4696	9492
5	4859	4785	4815	9493
5	4746	4720	4688	9494
5	4746	4688	4724	9495
5	4833	4763	4778	9496
5	4755	4713	4675	9497
5	4754	4738	4739	9498
5	4805	4754	4795	9499
5	4811	4736	4749	9500
5	4806	4765	4716	9501
5	4750	4733	4676	9502
5	4750	4676	4712	9503
5	4758	4696	4702	9504
5	4801	4745	4741	9505
5	4778	4679	4747	9506
5	4875	4842	4870	9507
5	4753	4727	4674	9508
5	4753	4674	4719	9509
5	4764	4737	4738	9510
5	4890	4853	4818	9511
5	4771	4711	4726	9512
5	4982	4959	4919	9513
5	5128	5067	5084	9514
5	4759	4691	4714	9515
5	4800	4775	4786	9516
5	4768	4717	4678	9517
5	4773	4696	4758	9518
5	4845	4810	4745	9519
5	4914	4897	4849	9520
5	4821	4750	4782	9521
5	4760	4743	4731	9522
5	4789	4730	4769	9523
5	4803	4767	4728	9524
5	4761	4728	4677	9525
5	4820	4776	4793	9526
5	4918	4889	4896	9527
5	4804	4774	4734	9528
5	4798	4727	4753	9529
5	4923	4867	4908	9530
5	4784	4757	4748	9531
5	4904	4827	4863	9532
5	4915	4852	4882	9533
5	4804	4734	4763	9534
5	4828	4753	4777	9535
5	4791	4752	4735	9536
5	4807	4723	4767	9537
5	4808	4725	4757	9538
5	4892	4857	4825	9539
5	4769	4730	4692	9540
5	4769	4692	4722	9541
5	4790	4770	4733	9542
5	4903	4879	4843	9543
5	4855	4787	4830	9544
5	5078	5043	232	9545
5	4826	4765	4806	9546
5	4831	4762	4783	9547
5	4797	4732	4751	9548
5	4812	4758	4797	9549
5	4978	4939	4902	9550
5	4814	4774	4804	9551
5	4825	4809	4775	9552
5	4809	4724	4775	9553
5	4783	4762	4742	9554
5	4835	4793	4760	9555
5	4798	4766	4727	9556
5	4864	4832	4791	9557
5	4833	4804	4763	9558
5	4778	4763	4651	9559
5	4850	4812	4813	9560
5	4837	4751	4779	9561
5	4780	4761	4752	9562
5	5000	4958	4940	9563
5	4781	4756	4715	9564
5	4781	4715	4759	9565
5	4782	4750	4712	9566
5	4782	4712	4756	9567
5	4941	4904	4863	9568
5	4992	4922	4963	9569
5	4786	4717	4768	9570
5	4808	4768	4725	9571
5	4829	4782	4756	9572
5	4872	4825	4775	9573
5	4786	4775	4740	9574
5	4786	4740	4717	9575
5	4787	4755	4711	9576
5	4787	4711	4771	9577
5	4802	4760	4731	9578
5	4789	4731	4730	9579
5	4802	4731	4789	9580
5	4834	4760	4802	9581
5	5028	4950	4993	9582
5	4873	4790	4821	9583
5	4891	4841	4856	9584
5	4866	4777	4814	9585
5	4792	4749	4729	9586
5	4792	4729	4762	9587
5	4835	4760	4834	9588
5	4827	4811	4749	9589
5	4847	4794	4822	9590
5	4948	4898	4937	9591
5	4795	4754	4744	9592
5	4865	4795	4836	9593
5	4796	4759	4714	9594
5	4796	4714	4765	9595
5	4890	4818	4867	9596
5	5062	5013	5008	9597
5	4982	4919	4956	9598
5	4828	4798	4753	9599
5	4865	4816	4795	9600
5	4867	4818	4838	9601
5	4800	4786	4768	9602
5	4808	4800	4768	9603
5	4906	4865	4836	9604
5	4845	4745	4801	9605
5	4839	4789	4788	9606
5	4966	4904	4941	9607
5	4922	4854	4893	9608
5	4840	4767	4803	9609
5	4871	4804	4833	9610
5	4871	4814	4804	9611
5	4805	4799	4764	9612
5	4805	4764	4754	9613
5	4811	4772	4736	9614
5	4914	4849	4886	9615
5	4807	4769	4722	9616
5	4807	4722	4723	9617
5	4808	4757	4784	9618
5	4844	4808	4784	9619
5	4924	4882	4879	9620
5	4837	4797	4751	9621
5	4810	4771	4745	9622
5	4905	4877	4817	9623
5	4831	4792	4762	9624
5	4895	4831	4854	9625
5	4846	4773	4812	9626
5	4812	4773	4758	9627
5	4813	4812	4797	9628
5	4837	4813	4797	9629
5	4998	4925	4972	9630
5	4894	4856	4832	9631
5	4815	4785	4770	9632
5	4815	4770	4790	9633
5	4816	4805	4795	9634
5	5069	4984	5011	9635
5	4817	4779	4746	9636
5	4817	4746	4809	9637
5	4913	4853	4890	9638
5	4933	4880	4899	9639
5	4819	4747	4794	9640
5	4822	4755	4787	9641
5	4854	4831	4783	9642
5	4843	4772	4811	9643
5	4873	4815	4790	9644
5	4906	4836	4859	9645
5	4847	4819	4794	9646
5	4972	4925	4898	9647
5	4823	4781	4759	9648
5	4823	4759	4796	9649
5	4824	4791	4766	9650
5	4824	4766	4798	9651
5	4916	4913	4890	9652
5	4857	4817	4809	9653
5	4958	4903	4940	9654
5	4827	4749	4792	9655
5	4903	4843	4874	9656
5	4904	4874	4827	9657
5	5076	5025	5071	9658
5	4972	4898	4948	9659
5	4879	4826	4806	9660
5	5047	5004	5017	9661
5	4830	4787	4771	9662
5	4830	4771	4810	9663
5	4895	4863	4831	9664
5	4858	4820	4793	9665
5	4832	4780	4752	9666
5	4832	4752	4791	9667
5	4866	4828	4777	9668
5	4925	4871	4875	9669
5	4876	4788	4840	9670
5	4840	4788	4767	9671
5	4856	4780	4832	9672
5	4928	4841	4891	9673
5	4859	4836	4785	9674
5	4897	4829	4849	9675
5	4951	4933	4938	9676
5	4877	4837	4779	9677
5	4838	4818	4799	9678
5	4838	4799	4805	9679
5	4839	4834	4802	9680
5	4839	4802	4789	9681
5	5143	5129	5081	9682
5	4921	4893	4858	9683
5	5044	4992	5024	9684
5	4841	4803	4780	9685
5	4842	4833	4778	9686
5	4842	4778	4747	9687
5	4886	4823	4852	9688
5	4843	4806	4772	9689
5	4997	4914	4954	9690
5	4844	4800	4808	9691
5	5144	5104	5115	9692
5	4861	4810	4848	9693
5	4899	4801	4846	9694
5	4846	4801	4773	9695
5	5077	5057	5014	9696
5	4925	4875	4898	9697
5	5037	4957	4994	9698
5	4942	4907	4848	9699
5	4941	4863	4895	9700
5	5004	4932	4947	9701
5	4901	4837	4877	9702
5	4857	4809	4825	9703
5	4939	4860	4902	9704
5	5060	5015	4996	9705
5	4852	4823	4796	9706
5	4852	4796	4826	9707
5	4853	4844	4784	9708
5	4853	4784	4818	9709
5	4958	4924	4903	9710
5	4924	4879	4903	9711
5	4861	4830	4810	9712
5	5078	232	233	9713
5	4960	4920	4889	9714
5	5015	4983	4960	9715
5	4976	4905	4929	9716
5	4929	4857	4892	9717
5	4960	4889	4918	9718
5	4889	4851	4869	9719
5	5006	4935	4976	9720
5	5047	5018	5004	9721
5	4860	4824	4798	9722
5	4860	4798	4828	9723
5	5117	233	234	9724
5	4961	4880	4933	9725
5	4862	4821	4782	9726
5	4862	4782	4829	9727
5	4863	4827	4792	9728
5	4863	4792	4831	9729
5	5005	4948	4937	9730
5	4883	4824	4860	9731
5	4932	4900	4873	9732
5	4923	4890	4867	9733
5	4910	4866	4814	9734
5	4996	4918	4974	9735
5	4885	4868	4816	9736
5	4908	4867	4868	9737
5	4868	4867	4838	9738
5	4868	4838	4816	9739
5	4869	4851	4834	9740
5	4869	4834	4839	9741
5	4870	4842	4819	9742
5	4909	4819	4847	9743
5	4937	4898	4870	9744
5	4910	4814	4871	9745
5	4872	4775	4800	9746
5	5017	4947	4984	9747
5	4897	4862	4829	9748
5	4954	4914	4886	9749
5	4874	4843	4811	9750
5	4874	4811	4827	9751
5	4875	4871	4833	9752
5	4875	4833	4842	9753
5	4876	4869	4839	9754
5	4876	4839	4788	9755
5	4987	4971	4977	9756
5	4929	4905	4857	9757
5	4928	4912	4878	9758
5	4878	4840	4803	9759
5	4872	4800	4844	9760
5	4913	4844	4853	9761
5	4988	4946	4957	9762
5	4899	4846	4850	9763
5	4881	4858	4835	9764
5	4881	4835	4851	9765
5	4882	4852	4826	9766
5	4882	4826	4879	9767
5	5042	4972	5009	9768
5	4894	4832	4864	9769
5	4884	4847	4822	9770
5	4884	4822	4855	9771
5	5093	5047	5017	9772
5	5079	5050	5016	9773
5	4915	4886	4852	9774
5	4934	4888	4862	9775
5	4887	4855	4830	9776
5	4887	4830	4861	9777
5	4888	4873	4821	9778
5	4888	4821	4862	9779
5	4928	4878	4841	9780
5	5163	5120	5160	9781
5	5080	5063	5028	9782
5	4975	4901	4935	9783
5	4912	4840	4878	9784
5	5106	5066	5073	9785
5	5038	4971	4987	9786
5	5080	5028	5050	9787
5	4893	4854	4820	9788
5	4893	4820	4858	9789
5	4936	4864	4883	9790
5	4936	4894	4864	9791
5	5044	5021	4992	9792
5	4922	4895	4854	9793
5	4896	4889	4869	9794
5	4896	4869	4876	9795
5	5090	5011	5053	9796
5	4964	4934	4897	9797
5	4898	4875	4870	9798
5	4965	4909	4917	9799
5	4899	4880	4845	9800
5	4899	4845	4801	9801
5	4900	4859	4815	9802
5	4900	4815	4873	9803
5	4938	4850	4901	9804
5	4901	4850	4813	9805
5	4944	4866	4910	9806
5	4902	4860	4828	9807
5	4940	4903	4874	9808
5	5031	4966	5001	9809
5	4940	4874	4904	9810
5	4967	4895	4922	9811
5	5022	4968	4995	9812
5	4916	4892	4911	9813
5	5156	215	216	9814
5	5050	5028	4993	9815
5	4907	4861	4848	9816
5	4942	4848	4880	9817
5	4943	4908	4868	9818
5	4943	4868	4885	9819
5	4937	4870	4909	9820
5	5046	4980	5012	9821
5	5200	5143	5176	9822
5	4944	4910	4925	9823
5	4911	4892	4825	9824
5	4911	4825	4872	9825
5	4912	4896	4876	9826
5	4912	4876	4840	9827
5	4913	4911	4872	9828
5	4913	4872	4844	9829
5	5035	4997	4954	9830
5	4934	4862	4897	9831
5	5007	4924	4958	9832
5	4964	4897	4914	9833
5	4994	4942	4961	9834
5	4990	4929	4973	9835
5	4917	4909	4847	9836
5	4917	4847	4884	9837
5	4939	4883	4860	9838
5	4952	4891	4927	9839
5	4919	4884	4855	9840
5	4919	4855	4887	9841
5	4920	4881	4851	9842
5	4920	4851	4889	9843
5	5143	5081	5133	9844
5	5082	5060	5026	9845
5	4966	4940	4904	9846
5	5052	5024	4991	9847
5	4995	4968	4923	9848
5	4995	4923	4971	9849
5	4967	4941	4895	9850
5	5103	5010	5056	9851
5	5054	5039	5042	9852
5	4925	4910	4871	9853
5	4926	4885	4865	9854
5	4926	4865	4906	9855
5	4927	4891	4856	9856
5	4927	4856	4894	9857
5	4928	4896	4912	9858
5	5070	5054	5009	9859
5	4973	4892	4916	9860
5	4935	4877	4905	9861
5	4930	4906	4859	9862
5	4930	4859	4900	9863
5	4931	4887	4861	9864
5	4931	4861	4907	9865
5	5170	5153	5124	9866
5	4928	4918	4896	9867
5	4961	4942	4880	9868
5	4935	4901	4877	9869
5	4997	4964	4914	9870
5	4947	4932	4888	9871
5	4976	4935	4905	9872
5	4973	4929	4892	9873
5	4974	4891	4952	9874
5	5026	4974	4952	9875
5	5013	4965	5008	9876
5	5039	4985	4978	9877
5	4938	4933	4899	9878
5	4938	4899	4850	9879
5	5102	5054	5100	9880
5	5034	4970	4985	9881
5	5101	5021	5044	9882
5	5114	5084	5059	9883
5	5001	4941	4967	9884
5	4996	4960	4918	9885
5	5012	4980	4946	9886
5	5032	4961	5003	9887
5	5002	4943	4950	9888
5	5022	4916	4968	9889
5	4978	4902	4944	9890
5	4944	4902	4866	9891
5	4945	4915	4882	9892
5	4945	4882	4924	9893
5	4946	4931	4907	9894
5	5003	4933	4951	9895
5	5028	5002	4950	9896
5	5004	4962	4932	9897
5	5005	4937	4965	9898
5	5111	5077	235	9899
5	4949	4927	4894	9900
5	4949	4894	4936	9901
5	4950	4943	4885	9902
5	4950	4885	4926	9903
5	5091	5033	5066	9904
5	5006	4981	4975	9905
5	5026	4996	4974	9906
5	5055	5034	4985	9907
5	4953	4921	4881	9908
5	4953	4881	4920	9909
5	4979	4915	4945	9910
5	4979	4955	4915	9911
5	4955	4954	4886	9912
5	4955	4886	4915	9913
5	4956	4919	4887	9914
5	4956	4887	4931	9915
5	4957	4946	4907	9916
5	4957	4907	4942	9917
5	5085	5031	5058	9918
5	5067	4979	5030	9919
5	4959	4917	4884	9920
5	4959	4884	4919	9921
5	5060	4996	5026	9922
5	5031	5000	4966	9923
5	5141	5061	5105	9924
5	5003	4961	4933	9925
5	4962	4930	4900	9926
5	4962	4900	4932	9927
5	4963	4922	4893	9928
5	4963	4893	4921	9929
5	5175	212	213	9930
5	5132	5069	5090	9931
5	5171	239	5148	9932
5	5040	4948	5005	9933
5	5000	4940	4966	9934
5	5059	5030	5007	9935
5	5024	4963	4991	9936
5	4992	4967	4922	9937
5	4968	4916	4890	9938
5	4968	4890	4923	9939
5	4969	4926	4906	9940
5	4969	4906	4930	9941
5	4970	4936	4883	9942
5	4970	4883	4939	9943
5	4971	4923	4908	9944
5	5097	5019	5049	9945
5	4998	4944	4925	9946
5	5144	5116	5104	9947
5	5006	4975	4935	9948
5	5049	5019	5022	9949
5	4974	4918	4928	9950
5	4974	4928	4891	9951
5	4975	4951	4938	9952
5	4975	4938	4901	9953
5	5187	243	5160	9954
5	5033	4981	5006	9955
5	4977	4971	4908	9956
5	4977	4908	4943	9957
5	5086	5070	5040	9958
5	5034	4999	4970	9959
5	5035	4954	5027	9960
5	5059	5007	5010	9961
5	4980	4956	4931	9962
5	4980	4931	4946	9963
5	4990	4976	4929	9964
5	5065	4981	5033	9965
5	5111	5057	5077	9966
5	5057	5036	4982	9967
5	4983	4953	4920	9968
5	4983	4920	4960	9969
5	4984	4947	4934	9970
5	4984	4934	4964	9971
5	4985	4970	4939	9972
5	4985	4939	4978	9973
5	4986	4952	4927	9974
5	4986	4927	4949	9975
5	5002	4977	4943	9976
5	5050	4993	5016	9977
5	5105	5029	5065	9978
5	5037	4988	4957	9979
5	4989	4969	4930	9980
5	4989	4930	4962	9981
5	5065	5029	4981	9982
5	5066	5033	5041	9983
5	4991	4963	4921	9984
5	4991	4921	4953	9985
5	5025	4953	4983	9986
5	5071	4983	5015	9987
5	4993	4950	4926	9988
5	4993	4926	4969	9989
5	5204	213	214	9990
5	4994	4957	4942	9991
5	5038	4995	4971	9992
5	5070	5009	5040	9993
5	5015	4960	4996	9994
5	5026	4952	4986	9995
5	5017	5004	4947	9996
5	5172	5156	216	9997
5	5039	4978	4998	9998
5	4998	4978	4944	9999
5	4999	4949	4936	10000
5	4999	4936	4970	10001
5	5108	5074	5027	10002
5	5007	4945	4924	10003
5	5024	4992	4963	10004
5	5225	5200	5218	10005
5	5068	4987	5020	10006
5	5150	5079	5110	10007
5	5032	4994	4961	10008
5	5094	4994	5032	10009
5	5069	5017	4984	10010
5	5090	5069	5011	10011
5	5013	5005	4965	10012
5	5040	5009	4948	10013
5	5041	4976	4990	10014
5	5091	5065	5033	10015
5	5112	5099	5074	10016
5	5056	5000	5031	10017
5	5008	4965	4917	10018
5	5008	4917	4959	10019
5	5055	4985	5039	10020
5	5009	4972	4948	10021
5	5010	5007	4958	10022
5	5010	4958	5000	10023
5	5011	4984	4964	10024
5	5011	4964	4997	10025
5	5014	4982	4956	10026
5	5014	4956	4980	10027
5	5221	5203	245	10028
5	5116	5064	5104	10029
5	5117	5078	233	10030
5	5077	5014	5046	10031
5	5118	5044	5089	10032
5	5025	4991	4953	10033
5	5016	4993	4969	10034
5	5016	4969	4989	10035
5	5142	5135	5093	10036
5	5175	5142	5132	10037
5	5018	4989	4962	10038
5	5018	4962	5004	10039
5	5019	4990	4973	10040
5	5073	4990	5019	10041
5	5020	4987	4977	10042
5	5020	4977	5002	10043
5	5021	5001	4967	10044
5	5021	4967	4992	10045
5	5022	5019	4973	10046
5	5022	4973	4916	10047
5	5023	4986	4949	10048
5	5023	4949	4999	10049
5	5188	5119	5154	10050
5	5056	5010	5000	10051
5	5071	5025	4983	10052
5	5052	4991	5025	10053
5	5120	5083	5102	10054
5	5082	5026	5045	10055
5	5027	4954	4955	10056
5	5027	4955	4979	10057
5	5079	5016	5048	10058
5	5216	228	5179	10059
5	5029	5003	4951	10060
5	5029	4951	4981	10061
5	5030	4979	4945	10062
5	5030	4945	5007	10063
5	5081	5015	5060	10064
5	5058	5031	5001	10065
5	5121	5088	5094	10066
5	5095	5043	5072	10067
5	5198	222	5194	10068
5	5123	5091	5066	10069
5	5126	5051	5083	10070
5	5173	5145	5163	10071
5	5125	5053	5099	10072
5	5125	5090	5053	10073
5	5036	5008	4959	10074
5	5036	4959	4982	10075
5	5136	231	5095	10076
5	5204	5175	213	10077
5	5075	5038	4987	10078
5	5049	4995	5038	10079
5	5126	5098	5051	10080
5	5055	5039	5054	10081
5	5102	5055	5054	10082
5	5100	5054	5070	10083
5	5041	5033	5006	10084
5	5041	5006	4976	10085
5	5042	5039	4998	10086
5	5042	4998	4972	10087
5	5043	5012	4988	10088
5	5095	231	232	10089
5	5119	5085	5058	10090
5	5169	5085	5119	10091
5	5045	5026	4986	10092
5	5045	4986	5023	10093
5	5057	4982	5014	10094
5	5046	5014	4980	10095
5	5172	5150	5110	10096
5	5127	5050	5079	10097
5	5048	5016	4989	10098
5	5048	4989	5018	10099
5	5182	209	210	10100
5	5181	5161	5167	10101
5	5127	5080	5050	10102
5	5172	5110	5156	10103
5	5051	5023	4999	10104
5	5051	4999	5034	10105
5	5076	5052	5025	10106
5	5118	5101	5044	10107
5	5053	5011	4997	10108
5	5053	4997	5035	10109
5	5054	5042	5009	10110
5	5086	5040	5064	10111
5	5163	5126	5120	10112
5	5193	243	244	10113
5	5067	5027	4979	10114
5	5103	5059	5010	10115
5	5133	5081	5060	10116
5	5062	5008	5036	10117
5	5085	5056	5031	10118
5	5199	5146	5190	10119
5	5101	5058	5021	10120
5	5149	5125	5099	10121
5	5212	5170	5201	10122
5	5218	5200	5176	10123
5	5061	5032	5003	10124
5	5061	5003	5029	10125
5	5115	5062	5087	10126
5	5115	5104	5062	10127
5	5063	5020	5002	10128
5	5063	5002	5028	10129
5	5064	5040	5005	10130
5	5064	5005	5013	10131
5	5094	5032	5061	10132
5	5130	5065	5091	10133
5	5164	5131	5107	10134
5	5049	5022	4995	10135
5	5108	5027	5067	10136
5	5215	209	5162	10137
5	5137	5063	5080	10138
5	5131	5068	5107	10139
5	5132	5093	5069	10140
5	5175	5132	5155	10141
5	5075	4987	5068	10142
5	5106	5073	5097	10143
5	5196	5176	5153	10144
5	5081	5071	5015	10145
5	5072	5043	4988	10146
5	5072	4988	5037	10147
5	5073	5066	5041	10148
5	5073	5041	4990	10149
5	5074	5035	5027	10150
5	5206	5162	5128	10151
5	5097	5073	5019	10152
5	5122	5075	5096	10153
5	5089	5044	5024	10154
5	5089	5024	5052	10155
5	5117	5046	5078	10156
5	5077	234	235	10157
5	5078	5046	5012	10158
5	5078	5012	5043	10159
5	5150	5127	5079	10160
5	5151	5137	5080	10161
5	5151	5080	5127	10162
5	5131	5096	5068	10163
5	5176	5143	5133	10164
5	5152	5113	5076	10165
5	5168	5139	5100	10166
5	5227	5218	5196	10167
5	5083	5051	5034	10168
5	5083	5034	5055	10169
5	5084	5067	5030	10170
5	5084	5030	5059	10171
5	5157	5114	5103	10172
5	5114	5059	5103	10173
5	5138	5070	5086	10174
5	5102	5083	5055	10175
5	5087	5062	5036	10176
5	5087	5036	5057	10177
5	5088	5072	5037	10178
5	5136	5095	5072	10179
5	5213	5190	5210	10180
5	5196	5153	5170	10181
5	5202	5157	5195	10182
5	5093	5017	5069	10183
5	5185	5165	5123	10184
5	5130	5105	5065	10185
5	5092	5048	5018	10186
5	5092	5018	5047	10187
5	5156	5110	5092	10188
5	5142	5093	5132	10189
5	5094	5088	5037	10190
5	5094	5037	4994	10191
5	5136	5072	5088	10192
5	5136	230	231	10193
5	5096	5075	5068	10194
5	5137	5107	5063	10195
5	5109	5038	5075	10196
5	5123	5066	5106	10197
5	5098	5045	5023	10198
5	5098	5023	5051	10199
5	5099	5053	5035	10200
5	5099	5035	5074	10201
5	5148	5086	5116	10202
5	5178	5135	5142	10203
5	5226	203	204	10204
5	5119	5058	5101	10205
5	5163	5145	5126	10206
5	5126	5083	5120	10207
5	5157	5103	5140	10208
5	5128	5108	5067	10209
5	5104	5064	5013	10210
5	5104	5013	5062	10211
5	5158	5141	5105	10212
5	5105	5061	5029	10213
5	5134	5106	5097	10214
5	5122	5109	5075	10215
NPOIN= 5233
9.997500181200000e-01	-3.633415617342052e-05	0
9.990000128750000e-01	-1.455814375062214e-04	1
9.977599978450000e-01	-3.287036624507692e-04	2
9.960200190539999e-01	-5.963829828466000e-04	3
9.937800168990000e-01	-9.703999279629470e-04	4
9.910500049590000e-01	-1.486424061381849e-03	5
9.878399968150000e-01	-2.191473976933476e-03	6
9.841300249100000e-01	-3.139179325613314e-03	7
9.799500107769999e-01	-4.350957839651266e-03	8
9.752799868580000e-01	-5.822236205481652e-03	9
9.701499938960000e-01	-7.486321036229714e-03	10
9.645400047300000e-01	-9.255843419803882e-03	11
9.584699869160000e-01	-1.102115971758014e-02	12
9.519400000570000e-01	-1.270139489509044e-02	13
9.449599981310000e-01	-1.425755146939852e-02	14
9.375399947170000e-01	-1.569920973599442e-02	15
9.296900033950000e-01	-1.707037740902024e-02	16
9.214000105860000e-01	-1.843042190682955e-02	17
9.126999974250000e-01	-1.982465340427402e-02	18
9.035800099370001e-01	-2.128676400720347e-02	19
8.940600156780000e-01	-2.282605864460624e-02	20
8.841500282290000e-01	-2.443873859485127e-02	21
8.738499879840000e-01	-2.611488441509468e-02	22
8.631799817090000e-01	-2.783936594947584e-02	23
8.521599769590000e-01	-2.959864382218515e-02	24
8.407700061800000e-01	-3.138816778749885e-02	25
8.290500044819999e-01	-3.319617774522500e-02	26
8.170099854470000e-01	-3.501701085976401e-02	27
8.046399950980000e-01	-3.684818039189659e-02	28
7.919700145720000e-01	-3.868074116988485e-02	29
7.790099978450000e-01	-4.050797501612365e-02	30
7.657799720760000e-01	-4.232092183071548e-02	31
7.522799968720000e-01	-4.411267467764272e-02	32
7.385200262070000e-01	-4.587443366428193e-02	33
7.245299816130000e-01	-4.759480312392544e-02	34
7.103199958800001e-01	-4.926519378328020e-02	35
6.958900094030001e-01	-5.087851651210189e-02	36
6.812700033190000e-01	-5.242496008074447e-02	37
6.664699912070000e-01	-5.389793227540724e-02	38
6.514999866490000e-01	-5.529180917716851e-02	39
6.363800168040000e-01	-5.660121975735040e-02	40
6.211299896240000e-01	-5.782223716549453e-02	41
6.057599782940000e-01	-5.895310367618107e-02	42
5.902799963950000e-01	-5.999329309743967e-02	43
5.747100114820000e-01	-6.094290251661641e-02	44
5.590599775310000e-01	-6.180392733111831e-02	45
5.433599948880000e-01	-6.257846377058908e-02	46
5.276100039480000e-01	-6.327120042254174e-02	47
5.118399858470000e-01	-6.388627860900942e-02	48
4.960500001910000e-01	-6.442976953254011e-02	49
4.802699983120000e-01	-6.490713954358898e-02	50
4.645099937920000e-01	-6.532488068070554e-02	51
4.487800002100000e-01	-6.568950835117976e-02	52
4.331099987030000e-01	-6.600700988538831e-02	53
4.174999892710000e-01	-6.628373970100930e-02	54
4.019699990750000e-01	-6.652516202620538e-02	55
3.865399956700000e-01	-6.673616963088980e-02	56
3.712300062180000e-01	-6.692092558783498e-02	57
3.560400009160000e-01	-6.708293415682873e-02	58
3.409900069240000e-01	-6.722446304053629e-02	59
3.261100053790000e-01	-6.734667282918691e-02	60
3.113999962810000e-01	-6.744987673529840e-02	61
2.968699932100000e-01	-6.753312315368595e-02	62
2.825500071050000e-01	-6.759421141513247e-02	63
2.684499919410000e-01	-6.762994154616866e-02	64
2.545700073240000e-01	-6.763598247330922e-02	65
2.409400045870000e-01	-6.760691487797363e-02	66
2.275699973110000e-01	-6.753638423401954e-02	67
2.144699990750000e-01	-6.741710062785446e-02	68
2.016600072380000e-01	-6.724107782484141e-02	69
1.891400069000000e-01	-6.699934442566627e-02	70
1.769299954180000e-01	-6.668260756677892e-02	71
1.650400012730000e-01	-6.628093283339294e-02	72
1.534900069240000e-01	-6.578444086423291e-02	73
1.422899961470000e-01	-6.518280012216193e-02	74
1.314399987460000e-01	-6.446485223483335e-02	75
1.209499984980000e-01	-6.361973924656585e-02	76
1.108499988910000e-01	-6.263876802247538e-02	77
1.011300012470000e-01	-6.150996934230819e-02	78
9.181000292300000e-02	-6.022464923890382e-02	79
8.290000259900000e-02	-5.877387333613776e-02	80
7.440000027400000e-02	-5.714748616841275e-02	81
6.633000075800000e-02	-5.533986687987714e-02	82
5.869000032500000e-02	-5.334243119759795e-02	83
5.149000138000000e-02	-5.114975448542350e-02	84
4.473999887700000e-02	-4.875817465660463e-02	85
3.844000026600000e-02	-4.616184909056104e-02	86
3.260000050100000e-02	-4.336012068964917e-02	87
2.723000012300000e-02	-4.035544510783851e-02	88
2.232000045500000e-02	-3.714029093857968e-02	89
1.789999939500000e-02	-3.373629433380786e-02	90
1.394999958600000e-02	-3.013288537469210e-02	91
1.049000024800000e-02	-2.635549822988249e-02	92
7.519999985000000e-03	-2.241976777619719e-02	93
5.040000193000000e-03	-1.834708336443164e-02	94
3.049999941000000e-03	-1.416639214965265e-02	95
1.560000004000000e-03	-9.949579242108120e-03	96
5.600000150000000e-04	-5.743255854751827e-03	97
5.999999800000000e-05	-1.722507686561865e-03	98
0.000000000000000e+00	0.000000000000000e+00	99
5.999999800000000e-05	1.469744954460298e-03	100
5.600000150000000e-04	4.513546184615466e-03	101
1.560000004000000e-03	7.446773532868947e-03	102
3.049999941000000e-03	1.023001606290850e-02	103
5.040000193000000e-03	1.287717591093249e-02	104
7.519999985000000e-03	1.537398062855933e-02	105
1.049000024800000e-02	1.772809709770548e-02	106
1.394999958600000e-02	1.994802800063388e-02	107
1.789999939500000e-02	2.204314014995547e-02	108
2.232000045500000e-02	2.401516401210248e-02	109
2.723000012300000e-02	2.588491136577162e-02	110
3.260000050100000e-02	2.765278546045467e-02	111
3.844000026600000e-02	2.933455090554305e-02	112
4.473999887700000e-02	3.093857356159121e-02	113
5.149000138000000e-02	3.247341367884836e-02	114
5.869000032500000e-02	3.394937278966220e-02	115
6.633000075800000e-02	3.537382771673911e-02	116
7.440000027400000e-02	3.675368237741632e-02	117
8.290000259900000e-02	3.809672947706270e-02	118
9.181000292300000e-02	3.940677052908129e-02	119
1.011300012470000e-01	4.068990055088054e-02	120
1.108499988910000e-01	4.194979194174955e-02	121
1.209499984980000e-01	4.318809739419482e-02	122
1.314399987460000e-01	4.440925982767948e-02	123
1.422899961470000e-01	4.561207582640693e-02	124
1.534900069240000e-01	4.679697662510943e-02	125
1.650400012730000e-01	4.796451497621272e-02	126
1.769299954180000e-01	4.911329633856344e-02	127
1.891400069000000e-01	5.024023097392280e-02	128
2.016600072380000e-01	5.134248920607970e-02	129
2.144699990750000e-01	5.241569814879028e-02	130
2.275699973110000e-01	5.345651861303056e-02	131
2.409400045870000e-01	5.445934026784031e-02	132
2.545700073240000e-01	5.541882603467227e-02	133
2.684499919410000e-01	5.632910748790294e-02	134
2.825500071050000e-01	5.718268498576008e-02	135
2.968699932100000e-01	5.797364361120651e-02	136
3.113999962810000e-01	5.869505424636874e-02	137
3.261100053790000e-01	5.933889446244475e-02	138
3.409900069240000e-01	5.989813007332220e-02	139
3.560400009160000e-01	6.036590732997072e-02	140
3.712300062180000e-01	6.073444948866865e-02	141
3.865399956700000e-01	6.099673520681380e-02	142
4.019699990750000e-01	6.114632461616613e-02	143
4.174999892710000e-01	6.117676472420269e-02	144
4.331099987030000e-01	6.108226355291346e-02	145
4.487800002100000e-01	6.085780847609866e-02	146
4.645099937920000e-01	6.049874031876604e-02	147
4.802699983120000e-01	6.000178347308358e-02	148
4.960500001910000e-01	5.936422265616047e-02	149
5.118399858470000e-01	5.858419495702182e-02	150
5.276100039480000e-01	5.766203457853780e-02	151
5.433599948880000e-01	5.659767130835553e-02	152
5.590599775310000e-01	5.539420378372556e-02	153
5.747100114820000e-01	5.405390644201239e-02	154
5.902799963950000e-01	5.258288880454102e-02	155
6.057599782940000e-01	5.098703509406747e-02	156
6.211299896240000e-01	4.927462467342808e-02	157
6.363800168040000e-01	4.745425247414936e-02	158
6.514999866490000e-01	4.553569752687841e-02	159
6.664699912070000e-01	4.353120658790811e-02	160
6.812700033190000e-01	4.145431674855252e-02	161
6.958900094030001e-01	3.931817210698842e-02	162
7.103199958800001e-01	3.713660768255567e-02	163
7.245299816130000e-01	3.492712025279155e-02	164
7.385200262070000e-01	3.270296330185472e-02	165
7.522799968720000e-01	3.047899045713261e-02	166
7.657799720760000e-01	2.827318551182591e-02	167
7.790099978450000e-01	2.609997859943181e-02	168
7.919700145720000e-01	2.397158584609133e-02	169
8.046399950980000e-01	2.190274420617916e-02	170
8.170099854470000e-01	1.990552381100215e-02	171
8.290500044819999e-01	1.799377892263512e-02	172
8.407700061800000e-01	1.617303276543369e-02	173
8.521599769590000e-01	1.444938923708078e-02	174
8.631799817090000e-01	1.282968332168744e-02	175
8.738499879840000e-01	1.130739191410158e-02	176
8.841500282290000e-01	9.877372646508887e-03	177
8.940600156780000e-01	8.531014339833557e-03	178
9.035800099370001e-01	7.256925023781085e-03	179
9.126999974250000e-01	6.050530526928152e-03	180
9.214000105860000e-01	4.920346983437100e-03	181
9.296900033950000e-01	3.887473440416188e-03	182
9.375399947170000e-01	2.993671215384820e-03	183
9.449599981310000e-01	2.282551637674466e-03	184
9.519400000570000e-01	1.790449887967298e-03	185
9.584699869160000e-01	1.524855492201097e-03	186
9.645400047300000e-01	1.452309349168397e-03	187
9.701499938960000e-01	1.501590848015076e-03	188
9.752799868580000e-01	1.582760983545515e-03	189
9.799500107769999e-01	1.615203274629735e-03	190
9.841300249100000e-01	1.549846461443533e-03	191
9.878399968150000e-01	1.378235289319664e-03	192
9.910500049590000e-01	1.127776876215668e-03	193
9.937800168990000e-01	8.404092784871885e-04	194
9.960200190539999e-01	5.603629456930404e-04	195
9.977599978450000e-01	3.220277037719095e-04	196
9.990000128750000e-01	1.449724686195756e-04	197
9.997500181200000e-01	3.632450909640173e-05	198
1.000000000000000e+00	0.000000000000000e+00	199
1.984229087829600e+01	2.506659984589000e+00	200
1.937166023254400e+01	4.973800182343000e+00	201
1.859552955627400e+01	7.362490177155000e+00	202
1.752613067627000e+01	9.635069847106999e+00	203
1.618033981323200e+01	1.175570964813200e+01	204
1.457936954498300e+01	1.369093990325900e+01	205
1.274847984314000e+01	1.541026973724400e+01	206
1.071654033660900e+01	1.688656044006300e+01	207
8.515589714050000e+00	1.809654045105000e+01	208
6.180339813232000e+00	1.902112960815400e+01	209
3.747629880905000e+00	1.964575004577600e+01	210
1.255810022354000e+00	1.996052932739300e+01	211
-1.255810022354000e+00	1.996052932739300e+01	212
-3.747629880905000e+00	1.964574050903300e+01	213
-6.180339813232000e+00	1.902112960815400e+01	214
-8.515589714050000e+00	1.809654045105000e+01	215
-1.071654033660900e+01	1.688656044006300e+01	216
-1.274847984314000e+01	1.541026020050000e+01	217
-1.457936954498300e+01	1.369093990325900e+01	218
-1.618033981323200e+01	1.175570011138900e+01	219
-1.752613067627000e+01	9.635069847106999e+00	220
-1.859552955627400e+01	7.362490177155000e+00	221
-1.937166023254400e+01	4.973800182343000e+00	222
-1.984229087829600e+01	2.506659984589000e+00	223
-2.000000000000000e+01	0.000000000000000e+00	224
-1.984229087829600e+01	-2.506669998169000e+00	225
-1.937166023254400e+01	-4.973800182343000e+00	226
-1.859552955627400e+01	-7.362490177155000e+00	227
-1.752613067627000e+01	-9.635080337524000e+00	228
-1.618033981323200e+01	-1.175570964813200e+01	229
-1.457936954498300e+01	-1.369093990325900e+01	230
-1.274847984314000e+01	-1.541026973724400e+01	231
-1.071652984619100e+01	-1.688656044006300e+01	232
-8.515580177306999e+00	-1.809654045105000e+01	233
-6.180339813232000e+00	-1.902112960815400e+01	234
-3.747620105743000e+00	-1.964575004577600e+01	235
-1.255810022354000e+00	-1.996052932739300e+01	236
1.255810022354000e+00	-1.996052932739300e+01	237
3.747629880905000e+00	-1.964574050903300e+01	238
6.180339813232000e+00	-1.902112960815400e+01	239
8.515589714050000e+00	-1.809654045105000e+01	240
1.071654033660900e+01	-1.688656044006300e+01	241
1.274847984314000e+01	-1.541026020050000e+01	242
1.457936954498300e+01	-1.369093990325900e+01	243
1.618033981323200e+01	-1.175570011138900e+01	244
1.752614021301300e+01	-9.635069847106999e+00	245
1.859552955627400e+01	-7.362490177155000e+00	246
1.937166023254400e+01	-4.973790168762000e+00	247
1.984229087829600e+01	-2.506659984589000e+00	248
2.000000000000000e+01	0.000000000000000e+00	249
6.026975666612127e-02	-6.110196186529929e-02	250
6.603562829840774e-01	-6.816483671882570e-02	251
4.256595639559798e-01	7.519301596629543e-02	252
6.902333578996637e-01	5.358998094978319e-02	253
3.792520532396698e-01	-8.109417021908481e-02	254
9.994714549833416e-01	-7.327863962930028e-04	255
9.985599200396911e-01	-1.343557136685944e-03	256
7.740582202837095e-01	-5.345161413642571e-02	257
6.900580337969823e-01	-6.490966538441757e-02	258
-1.802724821692843e-03	6.823838406240177e-03	259
7.470174946255251e-01	-5.748917506672939e-02	260
5.837510427164537e-01	6.726697499326881e-02	261
9.928396413039904e-01	-3.821475156748275e-03	262
9.899726922244266e-01	-4.898431732005354e-03	263
5.993481109845727e-01	6.566030018188918e-02	264
7.189864207840311e-01	-6.132738529199507e-02	265
-1.928523578814641e-03	6.520605282788619e-04	266
9.866272805768425e-01	-6.171424769895523e-03	267
9.828090680913196e-01	-7.651650247936631e-03	268
-2.139613453080309e-03	-8.862710905211686e-03	269
6.452567331645158e-01	-6.965538235280958e-02	270
8.247211199049597e-01	-4.508358376277793e-02	271
7.999874534393010e-01	-4.930359271539336e-02	272
3.484435785828416e-01	7.382307798618241e-02	273
8.481314812608536e-01	-4.087153806918430e-02	274
2.472178048087298e-01	6.754137143932631e-02	275
8.701599837940653e-01	-3.670622351465524e-02	276
9.905933850075523e-03	2.202725235690569e-02	277
8.907019640209594e-01	-3.265774063815016e-02	278
7.669605469682625e-02	-6.560736068127519e-02	279
9.096873284119058e-01	-2.878829201223282e-02	280
-2.404277434452479e-03	-4.325841849721736e-03	281
9.426683568950217e-01	-2.135622393061089e-02	282
9.270378130363479e-01	-2.507768920015597e-02	283
1.704480415546396e-02	-3.907966768676482e-02	284
4.258285048375988e-01	-8.059770024025252e-02	285
8.593273863276182e-01	-3.877663946735334e-02	286
9.565096560906836e-01	-1.740536346673725e-02	287
9.785092146287451e-01	-9.363561050602480e-03	288
9.684751571982970e-01	-1.325847137251176e-02	289
1.584219426494685e-01	-7.681856452705391e-02	290
9.003960078148115e-01	-3.069891919051971e-02	291
7.606717171028883e-01	-5.548983841355128e-02	292
9.971448815183032e-01	-2.111591579870841e-03	293
5.991539302572425e-01	-7.353201967398104e-02	294
4.415211795868882e-01	-8.032894737404979e-02	295
5.363822832637459e-01	-7.728758434598001e-02	296
4.730792763465685e-01	-7.960909778308958e-02	297
5.047349206520630e-01	-7.860961485592596e-02	298
4.888941121894457e-01	-7.914604806972209e-02	299
1.249591965980791e-01	-7.373724827582107e-02	300
2.703193669603609e-02	-4.638763378637842e-02	301
3.946817913869437e-01	-8.097659687386037e-02	302
4.559928635847966e-02	-5.582810498268845e-02	303
4.102086309766166e-01	-8.081314595020811e-02	304
3.189186222179753e-01	-8.117601004384874e-02	305
3.487779760268150e-01	-8.121261009574497e-02	306
3.275589602853298e-02	-4.972616788800720e-02	307
2.897499871799945e-01	-8.099823560633199e-02	308
9.350732052554785e-01	-2.323258770221223e-02	309
1.469192750744809e-01	-7.591610516862625e-02	310
1.948919191734471e-01	-7.886508226449246e-02	311
8.554291121384629e-02	-6.757822386672474e-02	312
1.044729773242826e-01	-7.099198912894725e-02	313
5.679006725561818e-01	-7.561231943371073e-02	314
1.702616859829042e-01	-7.760633680683625e-02	315
6.146466236364903e-01	-7.233817567982191e-02	316
8.806252226866611e-01	-3.466387279948795e-02	317
2.180605501281677e-02	-4.283800076147832e-02	318
9.952364648619133e-01	-2.915847822496519e-03	319
5.775651020007464e-03	-2.681714766947610e-02	320
1.799695267193365e-02	2.716753825634596e-02	321
9.185704656391885e-01	-2.691998266007506e-02	322
9.498219759893531e-01	-1.941742326756076e-02	323
9.737328143854083e-01	-1.124395741309358e-02	324
-4.438129729822969e-04	1.014123494320624e-02	325
8.365939877447338e-01	-4.297376714399004e-02	326
2.475991230372147e-01	-8.043358892878597e-02	327
5.521688054285260e-01	-7.650101070231882e-02	328
7.331159998365828e-01	-5.943543257022404e-02	329
7.871637743929937e-01	-5.138854848449970e-02	330
1.145238314096857e-01	-7.244920117238987e-02	331
2.207052133753396e-01	-7.978180225820780e-02	332
5.835725954359099e-01	-7.462305963726033e-02	333
6.752871040310158e-01	-6.658157088872481e-02	334
5.269982928919561e-02	-5.857395635663845e-02	335
3.021228468750308e-03	-2.243805738041772e-02	336
1.279339421483003e-02	-3.517123248620297e-02	337
3.639529018426205e-01	-8.117387227427809e-02	338
1.824310773110601e-01	-7.828423411412527e-02	339
9.999407656706881e-01	-3.828199029139285e-04	340
2.340147338625007e-01	-8.013735243277791e-02	341
9.480702346951339e-02	-6.937175847303424e-02	342
3.042373523054454e-01	-8.110964225531415e-02	343
2.614252614473397e-01	-8.066184563410495e-02	344
4.572758602089001e-01	-8.000329350098039e-02	345
7.046171602457743e-01	-6.315765453224462e-02	346
-2.360032336988054e-03	3.319504843422070e-03	347
-9.510105133158306e-04	-1.340662322455765e-02	348
5.364829241441247e-01	7.122342660075293e-02	349
-1.897314708418344e-03	-1.161702670380678e-03	350
2.799875295104592e-02	3.185886008196015e-02	351
5.353029068035418e-02	4.009134485885174e-02	352
3.986814579145333e-02	3.613149781836036e-02	353
1.148263596834098e-01	5.217014510788602e-02	354
4.100028908380471e-01	7.517689558697742e-02	355
9.970870594794063e-01	2.012767744439817e-03	356
5.206320860023842e-01	7.224547454274680e-02	357
4.730265124363041e-01	7.439256486721693e-02	358
9.730665341154151e-01	6.394978263157639e-03	359
9.618929054618081e-01	7.425870779921597e-03	360
8.900985156513388e-01	1.846629062449967e-02	361
4.888809623913368e-01	7.382914526737906e-02	362
4.413900836008272e-01	7.507074477336628e-02	363
3.789777017401263e-01	7.474231934929848e-02	364
9.262349574195019e-01	1.232525044490228e-02	365
9.089820603280662e-01	1.523365620676048e-02	366
7.732628100028541e-02	4.553563172387708e-02	367
9.779619858591843e-01	5.910589017355586e-03	368
9.556264593232029e-01	8.084320353228633e-03	369
9.417908566667795e-01	9.881596753034211e-03	370
9.527871712411844e-02	4.893138960400586e-02	371
6.103770563047294e-02	4.195071152381086e-02	372
2.893462301405801e-01	7.072127826573400e-02	373
2.610283566137722e-01	6.866393883956233e-02	374
1.701642329085468e-01	5.968830225913375e-02	375
3.185386673230055e-01	7.246119225432140e-02	376
4.571835235097638e-01	7.480719939321991e-02	377
3.944408926823803e-01	7.502425804683634e-02	378
1.469728435120170e-01	5.676144913518589e-02	379
1.251769447714183e-01	5.372327300223630e-02	380
6.302202904489295e-01	6.206024040766876e-02	381
1.946672838382852e-01	6.247091797572366e-02	382
2.203843944371987e-01	6.509770282244473e-02	383
6.605613780659478e-01	5.800816113026528e-02	384
5.680583800136927e-01	6.873484674485510e-02	385
7.470661922164240e-01	4.411379181161345e-02	386
7.191088641027331e-01	4.891581934757946e-02	387
7.998323977936871e-01	3.458965636689431e-02	388
7.740128940375348e-01	3.929151845888472e-02	389
8.477458298368613e-01	2.588176882157767e-02	390
8.244504940940113e-01	3.008534227749029e-02	391
8.997412267818029e-01	1.681286748122885e-02	392
8.696626311955646e-01	2.200699769888257e-02	393
9.489285803450731e-01	8.897842606470696e-03	394
9.178156420905008e-01	1.373302984975096e-02	395
9.677070805644027e-01	6.881039713842416e-03	396
8.588853128799310e-01	2.389937913029117e-02	397
8.800738672065772e-01	2.019751228414954e-02	398
8.122996321932758e-01	3.230748114403571e-02	399
8.362656802394959e-01	2.794290052588849e-02	400
7.606758405823847e-01	4.169619624409430e-02	401
7.870649742101234e-01	3.692006360353037e-02	402
7.047687844697522e-01	5.127996911498880e-02	403
7.332040936305955e-01	4.652300487662010e-02	404
6.454676806206670e-01	6.008735794481398e-02	405
6.754803019891682e-01	5.583883292975107e-02	406
5.523006257103846e-01	7.005674310195485e-02	407
6.148517689932925e-01	6.392036050604433e-02	408
2.073839954052377e-01	6.380568124703798e-02	409
2.336588740740873e-01	6.634465844982157e-02	410
1.583976818426994e-01	5.824014857021298e-02	411
1.822664689457619e-01	6.109931597974945e-02	412
4.648041319765132e-02	3.814698371800235e-02	413
1.359029236516720e-01	5.525929071120047e-02	414
1.371615274853162e-02	2.467268612371907e-02	415
3.370420207664223e-02	3.403087557755870e-02	416
2.076610108459155e-01	-7.936120415564851e-02	417
3.752621233531397e-03	1.637017741370736e-02	418
9.627354393965351e-01	-1.533531393067729e-02	419
8.125123490153019e-01	-4.719923818810759e-02	420
3.337591413836839e-01	-8.120887000623378e-02	421
5.205668741034343e-01	-7.799087801889108e-02	422
1.412465740405257e-03	1.333201049552945e-02	423
2.277305706186433e-02	2.957226447967919e-02	424
6.587381726866876e-03	1.926870119985304e-02	425
8.609591426685466e-02	4.725392735449430e-02	426
6.896941360079244e-02	4.376914183646637e-02	427
2.750787290898916e-01	6.972720840279181e-02	428
1.048606224349852e-01	5.056844125787066e-02	429
9.823871140107321e-01	5.363781680022666e-03	430
9.863189472533872e-01	4.762748646981678e-03	431
3.038419411624186e-01	7.163884301608425e-02	432
9.897602522972961e-01	4.096519849857633e-03	433
9.926986210968293e-01	3.396366096940474e-03	434
3.333996545199409e-01	7.318952636895697e-02	435
3.636473910661068e-01	7.434203722818863e-02	436
9.342278980527975e-01	1.103083907889321e-02	437
9.999275632893972e-01	3.844986559275836e-04	438
9.985248732048131e-01	1.303269688244765e-03	439
9.994497359435747e-01	7.214652552234822e-04	440
6.300095284550279e-01	-7.104560992649037e-02	441
3.894714410800233e-02	-5.288052653318480e-02	442
9.951451968337288e-01	2.704539868837546e-03	443
5.047616654582563e-01	7.311499048972328e-02	444
7.807158413852765e-04	-1.796126109974580e-02	445
9.031187759213272e-03	-3.105958755965727e-02	446
6.826699919201391e-02	-6.344996394888221e-02	447
1.357683861211867e-01	-7.489506944292132e-02	448
2.754829597324393e-01	-8.084943347537421e-02	449
7.122961065970204e-02	5.335972976592561e-02	450
-4.254022678959455e-03	9.564723657767754e-03	451
-5.354540512998249e-03	5.389130696242800e-03	452
2.824127084215628e-01	-9.575293352406075e-02	453
6.991892856130751e-01	-7.874910328358088e-02	454
9.162215130057976e-01	-3.670338743809396e-02	455
3.757892682593397e-03	-3.171369217007287e-02	456
5.773150458640277e-01	8.364069157240557e-02	457
6.844580867158617e-01	-8.064950693500732e-02	458
7.827251523980936e-01	-6.569868922754007e-02	459
9.894150811930895e-01	-9.037017328286276e-03	460
3.263846866376954e-01	-9.660373894723043e-02	461
8.559123203924166e-01	-5.117133785073653e-02	462
8.328419776225114e-01	-5.606933483650123e-02	463
8.784718025475570e-02	-7.766828880501678e-02	464
-5.026919230968633e-03	-1.230370782861273e-02	465
2.134850267444418e-01	-9.311407652605820e-02	466
1.131354237783228e-02	-4.083073653759660e-02	467
9.613825913460768e-01	-2.235086049547235e-02	468
1.512963415207715e-01	-8.815558821961800e-02	469
7.137150914510331e-01	-7.675009218122820e-02	470
6.544526910489354e-01	-8.415748517288420e-02	471
4.500491903230872e-01	-9.631963635912837e-02	472
7.863600298173865e-02	-7.529736183430601e-02	473
3.873178858702975e-01	-9.696970126356019e-02	474
8.976871418146940e-01	-4.144555839678361e-02	475
7.957121952348170e-01	-6.334219017143158e-02	476
5.349055717083597e-03	2.377143441201509e-02	477
1.773080600036911e-02	3.307560775691449e-02	478
6.699196753837537e-01	7.190454117709635e-02	479
8.437664206152592e-01	3.880433072102287e-02	480
1.082518976491175e-01	6.181324865537436e-02	481
6.848085238966102e-01	6.953597515096822e-02	482
1.630459328387123e-01	7.116858979127599e-02	483
8.764392335720922e-01	3.194537610184640e-02	484
9.888460106444120e-01	7.822994325336487e-03	485
3.406861077096269e-01	8.870314993759526e-02	486
5.136726930011465e-01	8.847550234839356e-02	487
9.532619796952618e-01	1.576368266933464e-02	488
8.865876642385478e-01	2.979970141362112e-02	489
9.919868688986219e-01	6.598072510811372e-03	490
9.597063095899635e-01	1.451480097592501e-02	491
9.810429254590284e-01	1.011117723020058e-02	492
2.395976391401088e-01	8.084648667352347e-02	493
3.256447497378634e-01	8.787758786713729e-02	494
2.261131544172096e-01	7.937394130346247e-02	495
9.840062099746180e-02	5.978576475106439e-02	496
6.695373920654086e-01	-8.245598623384812e-02	497
2.004586265625135e-01	-9.234115701186542e-02	498
8.990286054221275e-03	2.698708085931759e-02	499
1.400750277603033e-01	6.752998175325874e-02	500
4.780375277996123e-02	4.643189868264511e-02	501
9.712803609914341e-01	1.226789836711838e-02	502
9.946275598928968e-01	5.443178800490703e-03	503
8.963454607105562e-01	2.772777752275034e-02	504
1.631148437485954e-01	-8.939245925227804e-02	505
1.000202772421427e+00	2.400990090945066e-04	506
9.984496864756046e-01	2.969363076296281e-03	507
9.967883963584159e-01	4.237601765400422e-03	508
2.212751076630447e-03	2.041135556158588e-02	509
-2.589237153515880e-03	1.330781004085633e-02	510
7.742533431791369e-04	-2.696514201784402e-02	511
-4.638754702649410e-03	-2.459956765765081e-03	512
-3.651952377559548e-03	-3.834414819122862e-04	513
1.586686069532623e-02	-4.512104200764083e-02	514
1.000211968310060e+00	-2.286654157673744e-04	515
6.148762596836237e-02	-6.997236358007250e-02	516
9.985683294258504e-01	-3.065723523833347e-03	517
9.949119710678125e-01	-5.855931873224721e-03	518
4.181336820270991e-01	9.086311868725276e-02	519
5.453632726389024e-01	-9.289844978630729e-02	520
9.859399986338709e-01	-1.086390957840422e-02	521
8.775640167220676e-01	-4.628202823124323e-02	522
5.930576131749152e-01	8.202562872571395e-02	523
9.923918258570317e-01	-7.326238668866505e-03	524
-5.699205336258033e-03	-7.056935730281369e-03	525
4.342515462497537e-01	-9.658831225060725e-02	526
4.024156699618219e-01	9.071262642645578e-02	527
8.445448078199480e-01	-5.362919355585559e-02	528
2.816109746566126e-01	8.475371081967675e-02	529
8.669207851623449e-01	-4.871686796384943e-02	530
8.878228092118255e-01	-4.385275506243082e-02	531
6.984694601482697e-02	-7.273373956958476e-02	532
9.071606748424204e-01	-3.906637588564743e-02	533
9.248653653781154e-01	-3.435625226031811e-02	534
9.481548435783672e-01	-2.724854056760975e-02	535
2.649331750502642e-02	-5.324860686186255e-02	536
9.550068888864417e-01	-2.481617408102751e-02	537
9.672769572819990e-01	-1.988345423352258e-02	538
9.820181831748411e-01	-1.292135719156792e-02	539
1.286889957839538e-01	-8.528732218357624e-02	540
7.558968145017786e-01	-7.030319114865768e-02	541
7.694539129817329e-01	-6.801995838563332e-02	542
9.969790725198953e-01	-4.451987603117775e-03	543
4.659100071227635e-01	-9.597056622123185e-02	544
4.817905378271277e-01	-9.553242880122756e-02	545
4.976869106293851e-01	-9.501390525341212e-02	546
2.091468952594766e-02	-4.929545194569908e-02	547
4.028736857420428e-01	-9.691584384353284e-02	548
4.185219305555732e-01	-9.678947384595542e-02	549
3.413822502427860e-01	-9.678370105504415e-02	550
3.907821251325690e-02	-6.055179193638194e-02	551
9.330790261174855e-01	-3.200626866521060e-02	552
9.408406291631538e-01	-2.963924900154857e-02	553
1.398253327095975e-01	-8.679140117499261e-02	554
9.747488643699337e-02	-7.985669800287352e-02	555
5.612092211772414e-01	-9.200784517075954e-02	556
6.083168502886382e-01	-8.859097314267089e-02	557
9.726718846906937e-01	-1.745787406939286e-02	558
9.775780416733473e-01	-1.513081124106649e-02	559
7.280171518480784e-01	-7.466723674952723e-02	560
7.420737149937398e-01	-7.252129494931889e-02	561
1.074939382010026e-01	-8.185861227273050e-02	562
1.179163281151437e-01	-8.366112573349380e-02	563
5.769918566870111e-01	-9.098630599740870e-02	564
5.926985636057686e-01	-8.984662022355140e-02	565
4.606796721341208e-02	-6.392220837850608e-02	566
5.356555261972141e-02	-6.706583216566395e-02	567
7.278175641365332e-03	-3.632214205711216e-02	568
3.565627132684254e-01	-9.691067000080829e-02	569
3.718786114041011e-01	-9.696745981272060e-02	570
1.752684248998809e-01	-9.049544422341455e-02	571
1.877186222775510e-01	-9.147398543180321e-02	572
2.267665845705406e-01	-9.380247296073285e-02	573
2.403169503035744e-01	-9.441076199394743e-02	574
2.968718422806694e-01	-9.610007473944390e-02	575
3.115487139995199e-01	-9.638344844343484e-02	576
2.541382504210642e-01	-9.492734154241705e-02	577
-4.659256324124169e-03	1.489394021357827e-03	578
-1.689257089049551e-03	-2.212637732064559e-02	579
4.089006608476359e-02	4.394079527149613e-02	580
9.851805186081481e-01	8.959802663171798e-03	581
5.296442146263745e-01	8.750387088436280e-02	582
4.976817004520372e-01	8.927990005574105e-02	583
4.817053296918155e-01	8.991522828657091e-02	584
4.657463942184574e-01	9.039380627943466e-02	585
9.763851812779889e-01	1.120148713742099e-02	586
9.657194687417230e-01	1.336240736027000e-02	587
9.232390071470397e-01	2.198078856689965e-02	588
4.498086018044397e-01	9.070602499981573e-02	589
4.339360788457176e-01	9.085857421811200e-02	590
3.867938558199314e-01	9.041045530300248e-02	591
9.146815191953998e-01	2.381325332203038e-02	592
9.463894358018554e-01	1.712864674393791e-02	593
6.299920096384240e-02	5.109484896812450e-02	594
5.519566829003229e-02	4.881660373590663e-02	595
2.533734936554846e-01	8.223388449362851e-02	596
2.673765090960598e-01	8.352335817003899e-02	597
1.513833733195862e-01	6.936646963957864e-02	598
1.291061920344896e-01	6.565394659294624e-02	599
1.185025469155457e-01	6.376504467884532e-02	600
7.954095788553283e-01	4.883543104364878e-02	601
7.421807842014617e-01	5.937532499431230e-02	602
7.282009899072897e-01	6.198263092186695e-02	603
7.825381712058973e-01	5.144407589761441e-02	604
8.321817515811095e-01	4.121782855481904e-02	605
9.057163411958875e-01	2.573429271017137e-02	606
8.659096699849843e-01	3.415312942286378e-02	607
8.550165765562113e-01	3.644316302538411e-02	608
8.202562723137169e-01	4.370759533800048e-02	609
8.079893133591570e-01	4.625542532355057e-02	610
7.693751224646702e-01	5.408068909909388e-02	611
7.559164071181477e-01	5.673621578176031e-02	612
7.139655922466727e-01	6.456245538443892e-02	613
6.994957139838426e-01	6.708760823801418e-02	614
6.548541429413811e-01	7.417360482267261e-02	615
6.396077219152592e-01	7.632754333265847e-02	616
5.614865472038753e-01	8.509833622479732e-02	617
5.455829501198298e-01	8.637768184327370e-02	618
6.242239441392030e-01	7.835753385974317e-02	619
6.087025208384478e-01	8.026156796889003e-02	620
2.129163568222726e-01	7.784016824289144e-02	621
1.999923223509666e-01	7.625143726788534e-02	622
1.873706891962368e-01	7.461287298089558e-02	623
1.750535941566843e-01	7.291904204042139e-02	624
1.311944991747356e-02	3.011514039786119e-02	625
3.440926164915523e-02	4.136025426173447e-02	626
2.838659550430199e-02	3.873211570039702e-02	627
8.084110986480652e-01	-6.094730947330221e-02	628
8.207977598255031e-01	-5.851486699431911e-02	629
5.135974938905751e-01	-9.440148229955168e-02	630
5.294926196424611e-01	-9.369399141987853e-02	631
-4.334329608417815e-04	1.692758832887004e-02	632
2.281356031940216e-02	3.597626998627888e-02	633
8.893459105003668e-02	5.769870610780360e-02	634
7.987637021832246e-02	5.555953360719783e-02	635
3.107745672022336e-01	8.694997768446316e-02	636
2.960759880975379e-01	8.590451712692461e-02	637
3.712925901448806e-01	8.997514852646145e-02	638
3.559187769978641e-01	8.941016382325567e-02	639
9.390944062906601e-01	1.861926600049986e-02	640
9.313811346576154e-01	2.024408162344568e-02	641
6.238216130632097e-01	-8.722174474647454e-02	642
6.391998620196583e-01	-8.574566453111586e-02	643
3.254634526029485e-02	-5.697530338131540e-02	644
-3.626284297369082e-03	-1.721810639601059e-02	645
2.681678432394180e-01	-9.535852563549577e-02	646
-9.136209479061522e-03	-1.044218429463034e-02	647
3.954161947463756e-01	-1.147393768483268e-01	648
2.892002392190271e-01	-1.125263678959506e-01	649
7.919094235162679e-01	-7.914015961097894e-02	650
5.386507508721352e-01	-1.111793156530431e-01	651
9.233091360073128e-01	-4.499277025803554e-02	652
9.917956071375694e-01	1.043359533237438e-02	653
9.884022036873805e-01	1.226520554416582e-02	654
9.643227138697287e-01	2.094598551829564e-02	655
-2.603455495506759e-03	2.104400188887936e-02	656
9.945457797508616e-01	8.700794642747360e-03	657
9.994461650851102e-01	1.751912335593903e-03	658
1.000190661289925e+00	5.525769073214866e-04	659
9.989498935715907e-01	-5.150368638398615e-03	660
1.000467806370693e+00	1.168484326798906e-05	661
1.419709814753655e-02	-5.191051659287297e-02	662
-8.122020311090395e-03	2.753093583770836e-03	663
8.969116685622373e-02	-8.918888009961036e-02	664
9.316986788245845e-01	-4.209755982529707e-02	665
9.925684881878062e-01	-1.140618770603227e-02	666
5.709770235918532e-01	1.019039700587234e-01	667
9.995143090656570e-01	-1.780452647644982e-03	668
-1.818264533448570e-03	-3.193578567001519e-02	669
7.087920299335938e-01	-9.406241040373220e-02	670
-6.597026826885887e-03	-2.139020499228766e-02	671
7.232850334832874e-01	-9.177319408016642e-02	672
9.456437984656275e-03	-4.712993415907470e-02	673
8.750743843731550e-01	-5.942742745195184e-02	674
1.418445706994674e-03	-3.710761505820639e-02	675
3.337737227385432e-01	-1.139260059258675e-01	676
8.642543678706184e-01	-6.229818209193695e-02	677
6.940689923435558e-01	-9.623995510978837e-02	678
9.951132827246930e-01	-9.292549208379632e-03	679
5.092023019156029e-03	-4.219630287225917e-02	680
9.802255103589990e-01	1.577516620737009e-02	681
5.228298686713171e-01	1.056370668472593e-01	682
9.515013297486559e-01	2.459859216298340e-02	683
6.646248121393942e-01	8.985838072570065e-02	684
9.968983571977273e-01	6.916560034943283e-03	685
5.067073526705965e-01	1.065424840217499e-01	686
2.735621410092661e-01	1.001830029451873e-01	687
3.326974855199265e-01	1.051465759830248e-01	688
1.554278691306328e-01	8.358104755743133e-02	689
6.444967456609103e-02	6.148855012918857e-02	690
1.000025387645803e+00	1.044834261013036e-03	691
-8.170650584794976e-03	-1.608200004626174e-02	692
-6.924582622045845e-03	1.275839438129004e-02	693
1.210168854481631e-02	3.628067069343884e-02	694
-8.348961289835595e-03	8.157471746240468e-03	695
9.666791301612351e-01	-2.743926776948864e-02	696
8.010537562219949e-02	-8.635281628543119e-02	697
-6.103105503443243e-03	-5.462663025908043e-04	698
1.553275600250416e-01	-1.020682480310013e-01	699
4.587257381817373e-01	-1.141611718319369e-01	700
1.956608467426112e-02	-5.660951592648696e-02	701
3.757250461618934e-03	2.887041957111081e-02	702
8.403214642440733e-01	5.335178598058076e-02	703
7.914697387592601e-01	6.480238331592353e-02	704
6.796806141596076e-01	8.735996688871757e-02	705
9.846071922217799e-01	1.399363870216131e-02	706
9.581275558714514e-01	2.273645574447663e-02	707
8.935396874363548e-01	4.011431871984972e-02	708
8.836517804157578e-01	4.264700612997278e-02	709
3.176320179174156e-01	1.040978823687058e-01	710
2.880094296913154e-01	1.016027389133783e-01	711
2.316067000923027e-01	9.542243099215059e-02	712
1.010620507654611e-01	7.210108869236208e-02	713
6.640601657602069e-01	-1.002542169684254e-01	714
6.791573828472600e-01	-9.830372948248806e-02	715
2.057613880817781e-01	-1.076025774368090e-01	716
7.615389517091204e-03	3.266042778103263e-02	717
1.438618049023061e-01	8.137188522585505e-02	718
9.753738198289145e-01	1.749032133160527e-02	719
9.986978634140387e-01	5.000859895087331e-03	720
3.099716390706122e-04	2.501099711752029e-02	721
-5.015347287314667e-03	1.695436801632717e-02	722
-4.479094091268816e-03	-2.669493151391609e-02	723
-8.206367875604512e-03	-4.145540035047214e-03	724
2.551758268256619e-02	-6.096725616080303e-02	725
1.000212837356794e+00	-5.416127471834700e-04	726
1.000067761861130e+00	-1.043245553168052e-03	727
9.722286207728736e-01	-2.451870863821918e-02	728
9.894369525505208e-01	-1.380004624711176e-02	729
5.868897201773144e-01	1.002874416058235e-01	730
4.427893610503236e-01	-1.144444993335483e-01	731
4.104774069745542e-01	1.082565064352655e-01	732
8.414991610606114e-01	-6.802025654577470e-02	733
8.530588282905868e-01	-6.517233895207149e-02	734
8.855373602478505e-01	-5.654471891570060e-02	735
8.955908955323717e-01	-5.365285346245577e-02	736
6.221752609590839e-02	-8.007566870316005e-02	737
7.094324648201342e-02	-8.331765869674079e-02	738
9.052389219063984e-01	-5.076880959193018e-02	739
9.144913991993956e-01	-4.788106695941013e-02	740
9.541045260286272e-01	-3.333960735225819e-02	741
9.606371826765205e-01	-3.038721149265095e-02	742
9.859162309987928e-01	-1.623576046729668e-02	743
7.652859928693213e-01	-8.440063630968944e-02	744
7.787410002338355e-01	-8.179461206859262e-02	745
9.972895523845724e-01	-7.237210813731442e-03	746
4.747057304699501e-01	-1.137705385590668e-01	747
4.906844243297200e-01	-1.132780839760853e-01	748
4.111309485365484e-01	-1.147382250472857e-01	749
4.269288384133153e-01	-1.146368622047983e-01	750
3.183626787837664e-02	-6.519680740008406e-02	751
9.396342344615622e-01	-3.918714813569815e-02	752
9.470948724189387e-01	-3.627263768070543e-02	753
1.320410820153026e-01	-9.842335545969728e-02	754
1.435159176188789e-01	-1.003194851163804e-01	755
5.546018365753939e-01	-1.103142382944006e-01	756
5.705450259586471e-01	-1.092777246565281e-01	757
9.772664804175327e-01	-2.167552881476625e-02	758
9.818342998276771e-01	-1.891912208495169e-02	759
7.375238510442086e-01	-8.939970372384581e-02	760
7.515302184322972e-01	-8.694553950245684e-02	761
9.969640133767382e-02	-9.182798653981267e-02	762
1.101296789086935e-01	-9.425980080346923e-02	763
1.209412968532599e-01	-9.637921658656556e-02	764
5.864004583562540e-01	-1.080986511521443e-01	765
6.021699072437300e-01	-1.067830427859680e-01	766
3.868408449354933e-02	-6.927662561656393e-02	767
4.607747051398513e-02	-7.315672559103704e-02	768
5.399173210900983e-02	-7.667870434336327e-02	769
3.489673269034678e-01	-1.142552805090331e-01	770
3.643373915153926e-01	-1.144988843681405e-01	771
3.798181249832561e-01	-1.146549209665695e-01	772
1.674953561628269e-01	-1.036692909813125e-01	773
1.799712898381564e-01	-1.051160046245927e-01	774
1.927301784093707e-01	-1.064208435459440e-01	775
2.190534270177988e-01	-1.086793643515164e-01	776
2.326051839125292e-01	-1.096553567189780e-01	777
3.038899841341213e-01	-1.130759805321151e-01	778
3.187652412556707e-01	-1.135366080069196e-01	779
2.464426165865508e-01	-1.105277140253925e-01	780
4.136038794568828e-02	5.285481470470605e-02	781
4.905821477127077e-01	1.072642154398879e-01	782
4.744859676625430e-01	1.078088352712176e-01	783
9.700816365071265e-01	1.920212549155067e-02	784
4.583930917586828e-01	1.081810614829673e-01	785
4.423465132999034e-01	1.083731002389177e-01	786
4.263786588014074e-01	1.083985422618673e-01	787
3.946654573192895e-01	1.079392548126672e-01	788
9.208359309309997e-01	3.295301649535588e-02	789
5.638671445708467e-02	5.868451192888272e-02	790
4.863550547198089e-02	5.589057068594387e-02	791
2.593665428505553e-01	9.868365073334226e-02	792
2.453524368021216e-01	9.713803437261102e-02	793
1.326400209269723e-01	7.911555632946507e-02	794
1.217931383315451e-01	7.681997179929145e-02	795
1.112410616131740e-01	7.455806485357201e-02	796
7.376971569917434e-01	7.644948858277735e-02	797
9.121404630052655e-01	3.526581070411447e-02	798
9.030313725100346e-01	3.765632095751859e-02	799
8.733613846667210e-01	4.523642052035157e-02	800
8.627163328284723e-01	4.787976169637632e-02	801
8.517000027716052e-01	5.059335786139628e-02	802
8.286268651606541e-01	5.615204083493663e-02	803
8.165716155750702e-01	5.901244439329914e-02	804
8.041678225735023e-01	6.190313549816075e-02	805
7.784807002900230e-01	6.771695188400803e-02	806
7.651880420097069e-01	7.064909446588566e-02	807
7.515769409556731e-01	7.357246841650147e-02	808
7.235707418179964e-01	7.928024559964889e-02	809
7.091747535082665e-01	8.206156820619263e-02	810
6.945317919040822e-01	8.475856926921901e-02	811
6.493722125892736e-01	9.223089528282888e-02	812
5.549585052978971e-01	1.033378352132165e-01	813
5.389114750011443e-01	1.045518977374289e-01	814
6.339584432255986e-01	9.446441352698981e-02	815
6.184039602691122e-01	9.655825034842914e-02	816
6.027057071407810e-01	9.850394979863328e-02	817
2.181769144975881e-01	9.362232884150429e-02	818
2.050351901356616e-01	9.175099559816620e-02	819
1.921795597012397e-01	8.981686524499617e-02	820
1.796188448901817e-01	8.781406876644064e-02	821
1.673609997777833e-01	8.573540914615997e-02	822
3.458352453344919e-02	4.972141800490246e-02	823
2.829404777236142e-02	4.652415080308903e-02	824
8.047959889267536e-01	-7.642895814166907e-02	825
8.173853584641615e-01	-7.365590446390025e-02	826
8.296243472715786e-01	-7.084130518910239e-02	827
5.066863638742376e-01	-1.126845079773563e-01	828
5.226834677907328e-01	-1.119833827278501e-01	829
2.235890999101649e-02	4.330774920661201e-02	830
1.694259668957655e-02	3.982345907507826e-02	831
9.129762795735183e-02	6.956051400122434e-02	832
8.193777097976505e-02	6.694621742188905e-02	833
7.298539508133890e-02	6.425775277227716e-02	834
3.027166768942566e-01	1.029184409816240e-01	835
3.789770692295856e-01	1.074645409916605e-01	836
3.634112060009920e-01	1.068478462599419e-01	837
3.479613101164153e-01	1.060730688869715e-01	838
9.444554826050736e-01	2.654113569175671e-02	839
9.370078089308999e-01	2.857970989292303e-02	840
9.291303061755068e-01	3.072333860414943e-02	841
6.178349712869202e-01	-1.053373633900977e-01	842
6.333718799624309e-01	-1.037682082689083e-01	843
6.487870625937651e-01	-1.020767175834624e-01	844
2.605158105247667e-01	-1.112296038147034e-01	845
2.747450004094227e-01	-1.119061555812899e-01	846
-1.282956068261952e-02	-1.422447305949092e-02	847
9.093428486940730e-02	-1.022915852417936e-01	848
9.992537415345678e-01	7.304563493386773e-03	849
9.846866873976908e-01	1.983766462935697e-02	850
5.480639854351279e-01	-1.306917703446385e-01	851
-1.217595937937359e-02	5.019148233906537e-03	852
9.996130726377737e-01	-3.957704935847510e-03	853
9.311031342899342e-01	-5.359486542756888e-02	854
9.392161377062559e-01	-5.007928509668511e-02	855
2.384941868771278e-02	-6.962812017376106e-02	856
9.950542621160198e-01	1.240266065802457e-02	857
4.996981009141530e-01	1.266647817854197e-01	858
-1.169360046257515e-02	-2.020399477075554e-02	859
5.746292184500705e-03	3.911519222595194e-02	860
-4.852157969047330e-03	-3.743995006694550e-02	861
9.636830394701252e-01	2.964368633155604e-02	862
9.974231276918394e-01	9.972775061667149e-03	863
-9.961920085897077e-03	1.641114884333924e-02	864
6.596155022784362e-01	1.099237313116719e-01	865
-7.861372296894476e-03	2.111011745667692e-02	866
1.000495345889976e+00	3.714000210545924e-04	867
1.000511100168372e+00	-3.467773696454873e-04	868
8.017880812894315e-01	-9.383673965831658e-02	869
1.589232588148104e-01	-1.178300142857920e-01	870
1.192217233917334e-02	-5.952523473373989e-02	871
4.035598208428310e-01	-1.346150983840950e-01	872
8.095468030140390e-02	-9.891508046505940e-02	873
4.514764300139089e-01	-1.343755056369305e-01	874
2.958126826600193e-01	-1.313666225301721e-01	875
9.886472490089431e-01	1.738565500924161e-02	876
5.647110767354627e-01	1.222826359560095e-01	877
9.573070400413504e-01	3.212109116727439e-02	878
9.504985335605083e-01	3.463991726693972e-02	879
7.881591175858109e-01	8.267066246987080e-02	880
1.471462202822256e-01	9.694286293074909e-02	881
2.650889793025862e-01	1.171220436589993e-01	882
9.933665780696783e-01	-1.599812224003132e-02	883
5.687171617826295e-02	6.983551511017742e-02	884
8.733164269865661e-01	-7.425686962206419e-02	885
9.994227791042133e-01	3.880486639287126e-03	886
9.921486301008353e-01	1.486447855693444e-02	887
9.996846406411829e-01	-7.480492901648379e-03	888
9.777184797057369e-01	-2.901865841682906e-02	889
6.936788190957695e-03	-5.409386118065271e-02	890
7.042749496031017e-01	-1.134826961854696e-01	891
-7.722167755304897e-03	-3.170921677302709e-02	892
7.189999014264531e-01	-1.109918133893707e-01	893
7.334655485637667e-01	-1.083444635953509e-01	894
2.446921426997034e-03	-4.877822038852456e-02	895
9.959696539242789e-01	-1.310361383398372e-02	896
-1.517182327207960e-03	-4.300609681414253e-02	897
8.375529923435837e-01	6.969444420414896e-02	898
5.160049304345454e-01	1.258285761818125e-01	899
3.092230191844458e-01	1.219785212203410e-01	900
-1.158167914789238e-02	1.140699730533948e-02	901
1.551006431217556e-03	3.460769896597283e-02	902
6.749210793365202e-01	1.073075002410831e-01	903
8.914803254072519e-01	5.409234507941921e-02	904
3.243699807920294e-01	1.233061985508760e-01	905
2.942404383544163e-01	1.204863725993826e-01	906
2.795225992392772e-01	1.188546841858749e-01	907
6.742157190181316e-01	-1.180949946504013e-01	908
6.893284298695596e-01	-1.158728202274232e-01	909
9.801073753234841e-01	2.234092861057789e-02	910
-2.052175895981052e-03	3.024544519817425e-02	911
-5.233906179435882e-03	2.572286641707495e-02	912
-9.991364218831993e-03	-2.595359951338794e-02	913
-1.258930531235367e-02	-6.908528619602202e-03	914
1.771287201617609e-02	-6.487207131403175e-02	915
9.725438770725946e-01	-3.247490095738816e-02	916
9.902113737680474e-01	-1.910152486833305e-02	917
5.808452841445422e-01	1.206741699228572e-01	918
8.508890153342590e-01	-8.094541148452421e-02	919
8.623034909428339e-01	-7.760996404158682e-02	920
8.839746455440558e-01	-7.088291932016809e-02	921
8.942536399768780e-01	-6.746223112107302e-02	922
6.231104592359810e-02	-9.153157391837767e-02	923
7.141316726472495e-02	-9.533233882191663e-02	924
9.040939478745476e-01	-6.402406350616496e-02	925
9.135307908537229e-01	-6.056826176076687e-02	926
9.225419248819806e-01	-5.708843195538869e-02	927
9.606646198612943e-01	-3.951265861682070e-02	928
9.668525864956405e-01	-3.598394799491384e-02	929
7.753223818118011e-01	-9.987328430911255e-02	930
7.886907008979105e-01	-9.691232385177560e-02	931
9.980763013741756e-01	-1.036752080712460e-02	932
4.675868510335463e-01	-1.340595282699014e-01	933
4.837032536423696e-01	-1.336071835692010e-01	934
4.194741695736983e-01	-1.346544633133879e-01	935
4.354421321353148e-01	-1.345685921529975e-01	936
9.468351254338920e-01	-4.656082099326242e-02	937
9.539796726778016e-01	-4.304502788510342e-02	938
1.348923310156838e-01	-1.133161067217407e-01	939
1.467262436733936e-01	-1.156551455897731e-01	940
5.641867719062610e-01	-1.297170045713733e-01	941
9.823924503379607e-01	-2.563559745329455e-02	942
9.866048850684697e-01	-2.226285161460299e-02	943
7.476687537123730e-01	-1.056306785312166e-01	944
7.616438815411494e-01	-1.028016595235709e-01	945
1.013742402185564e-01	-1.054498322866099e-01	946
1.123554907734235e-01	-1.083189808031142e-01	947
1.234169387538616e-01	-1.108102021959344e-01	948
5.802693336230939e-01	-1.285042327665785e-01	949
5.962086269497151e-01	-1.271495179391231e-01	950
3.045071364525963e-02	-7.446987266840110e-02	951
3.766318441792989e-02	-7.917005537829354e-02	952
4.559416049186089e-02	-8.364371272013421e-02	953
5.372776365230712e-02	-8.755631979991400e-02	954
3.410670304881077e-01	-1.333490355843817e-01	955
3.565039436852755e-01	-1.338289101064055e-01	956
3.720842377706121e-01	-1.341910123436747e-01	957
3.877574594763107e-01	-1.344528741300626e-01	958
1.714629774671891e-01	-1.198274822614152e-01	959
1.842868551398919e-01	-1.216490582250183e-01	960
1.973721777045001e-01	-1.233104804806681e-01	961
2.107049008895956e-01	-1.248390419063553e-01	962
2.242977578371577e-01	-1.262477140086112e-01	963
3.258396878256562e-01	-1.327781422795291e-01	964
3.107585292440053e-01	-1.321262503315567e-01	965
2.381719583386745e-01	-1.275314543043005e-01	966
4.834284912325776e-01	1.272705447842265e-01	967
9.750966552326849e-01	2.476566919372899e-02	968
9.696225811674759e-01	2.719502162057992e-02	969
4.671704679836276e-01	1.277121266132756e-01	970
4.509214397617276e-01	1.279580045328415e-01	971
4.347469302617393e-01	1.280102705851724e-01	972
4.186417956767581e-01	1.278801791915585e-01	973
4.026003061803879e-01	1.275524408732305e-01	974
4.893352186620978e-02	6.661131968325325e-02	975
4.117768787082351e-02	6.296921932352463e-02	976
2.509159757354996e-01	1.153817628073865e-01	977
2.368094958528457e-01	1.134406581165661e-01	978
1.356528456060882e-01	9.425779861069369e-02	979
1.245237146770341e-01	9.151715342840823e-02	980
1.138003599170547e-01	8.890577189084034e-02	981
1.031694031647480e-01	8.602115695904401e-02	982
9.191936903993069e-01	4.533947440220985e-02	983
9.103471765588490e-01	4.819452492444519e-02	984
9.011057570676693e-01	5.111122945236213e-02	985
8.814305909541263e-01	5.713677420306573e-02	986
8.710053655736664e-01	6.020854216698462e-02	987
8.602260408621868e-01	6.332885659271989e-02	988
8.490676649325769e-01	6.649070672235891e-02	989
8.257323618950994e-01	7.290810931898607e-02	990
8.135090435334150e-01	7.616874708658883e-02	991
8.009467040891335e-01	7.942767709010326e-02	992
7.749979550708411e-01	8.594111598940091e-02	993
7.615660719394914e-01	8.919955837842386e-02	994
7.477356081036727e-01	9.241492911661400e-02	995
7.337279308781864e-01	9.555974600352318e-02	996
7.193811722898767e-01	9.863269868075070e-02	997
7.048106434758024e-01	1.016464702083230e-01	998
6.899404928546394e-01	1.045160280528911e-01	999
5.322804718548254e-01	1.248447927491234e-01	1000
5.484571064944098e-01	1.236245381674420e-01	1001
6.441756289724603e-01	1.124327795767619e-01	1002
6.285393656545875e-01	1.147264192383044e-01	1003
6.127892674532660e-01	1.169190319003333e-01	1004
5.968589233774616e-01	1.188652935602582e-01	1005
2.230898158030829e-01	1.113445949210770e-01	1006
2.096927847291202e-01	1.091541361446898e-01	1007
1.965924782722346e-01	1.068883127424261e-01	1008
1.837722556651609e-01	1.045453137236622e-01	1009
1.712380557743099e-01	1.021067290312732e-01	1010
1.590118668243701e-01	9.956910389618495e-02	1011
3.405968038489668e-02	5.918718862137207e-02	1012
2.748756559057818e-02	5.533517445219819e-02	1013
8.145998477799474e-01	-9.070032241888841e-02	1014
8.270712507580007e-01	-8.747040610652838e-02	1015
8.391441022833743e-01	-8.421947628960941e-02	1016
4.998084164004669e-01	-1.330388009881655e-01	1017
5.159445444415773e-01	-1.323552917014509e-01	1018
5.320158340065780e-01	-1.315621810283782e-01	1019
2.135568147198110e-02	5.163800358209395e-02	1020
1.551787777718131e-02	4.747675155667249e-02	1021
1.039839916863340e-02	4.322934832897807e-02	1022
9.305159349839094e-02	8.297291531225083e-02	1023
8.336678436564601e-02	7.982195938222847e-02	1024
7.409691152308172e-02	7.657920839527789e-02	1025
6.524272816696310e-02	7.323675017717017e-02	1026
3.866831448397902e-01	1.270345286087437e-01	1027
3.709050007429943e-01	1.263571713875543e-01	1028
3.552199939312069e-01	1.255151840726780e-01	1029
3.396846447813117e-01	1.244887750318752e-01	1030
9.276335678224196e-01	4.255988640588950e-02	1031
9.432934456581943e-01	3.720481628101308e-02	1032
9.356781730147947e-01	3.984421895801807e-02	1033
6.120840384124235e-01	-1.256150401665349e-01	1034
6.277970592730391e-01	-1.239657384775366e-01	1035
6.434146740459499e-01	-1.221460362233747e-01	1036
6.588818373575888e-01	-1.202158193898642e-01	1037
2.523882052566452e-01	-1.286375612835726e-01	1038
2.666290648777843e-01	-1.295670376595611e-01	1039
2.810970026142310e-01	-1.305047686832498e-01	1040
-8.773122363658877e-04	-5.596149526297321e-02	1041
9.994885771212365e-01	9.414353037543635e-03	1042
9.790795998983470e-01	-3.715603098080551e-02	1043
1.000451993317232e+00	8.110535964653123e-04	1044
-5.061998831285384e-03	-4.955469962755047e-02	1045
7.372552519944109e-01	-1.280549267262464e-01	1046
9.143340752266160e-02	-1.171412531971285e-01	1047
-8.552457094429405e-03	-4.341024631083802e-02	1048
9.855568457111309e-01	2.643251481028686e-02	1049
-1.381694981645723e-02	-3.088207986036303e-02	1050
1.515948570366440e-02	-7.399583704729028e-02	1051
1.619979478815214e-01	-1.356229130439454e-01	1052
1.379906465471978e-01	1.112252195727735e-01	1053
-1.287022207461468e-03	4.108236038654060e-02	1054
-1.113569844792502e-02	2.574311739523867e-02	1055
-1.623186376577621e-02	8.320986086362881e-03	1056
-8.559334877600614e-03	2.028048885367295e-04	1057
-8.551451221067624e-03	-1.530686492925516e-03	1058
-1.227068875502545e-02	5.370292014858910e-04	1059
-1.561234346172015e-02	-2.463582864755787e-02	1060
1.000099951415917e+00	-9.629108303470059e-03	1061
3.155102571785499e-01	1.433300603573285e-01	1062
9.838373946990684e-01	-3.303633195317798e-02	1063
9.974691565111884e-01	-1.724672768366250e-02	1064
9.475820232760731e-01	-5.817224490769619e-02	1065
8.060711003198466e-01	-1.115706642781760e-01	1066
4.117701417912645e-01	-1.568276785723514e-01	1067
9.984487249704229e-01	1.326967972762775e-02	1068
9.270794981949662e-01	5.582780354519671e-02	1069
9.504380659045888e-01	4.592413760530203e-02	1070
5.502723949012431e-01	1.455349063724910e-01	1071
5.173676250663388e-01	1.477847901151103e-01	1072
6.626455023357694e-01	1.309012871847285e-01	1073
7.787700163056491e-01	1.045207532158767e-01	1074
4.926012885359287e-01	1.489741522047897e-01	1075
5.498326604122653e-01	-1.529309615055673e-01	1076
3.309714329818260e-01	1.448318056623258e-01	1077
9.961602364081400e-01	1.651526070934507e-02	1078
8.100751796866623e-02	-1.131278354980472e-01	1079
1.000297448177892e+00	1.862869389350688e-03	1080
9.896644233065658e-01	2.312572241462431e-02	1081
-1.226265669161851e-02	-2.079175401251443e-03	1082
1.000487688913474e+00	-7.895245992541980e-04	1083
1.000383997808398e+00	-1.857850400568914e-03	1084
9.397788759674974e-01	-6.237821349630847e-02	1085
2.133113910519584e-02	-7.930047280843711e-02	1086
-1.686245491467663e-02	-1.828621080735232e-02	1087
3.172393982932015e-03	4.627737402771272e-02	1088
-1.142362630523427e-02	-3.718879762512269e-02	1089
9.639695450459839e-01	3.945475348449895e-02	1090
-1.338615050716951e-02	2.049340200083604e-02	1091
1.000777029401989e+00	1.696610666296351e-04	1092
1.000784092689909e+00	-1.316566308408770e-04	1093
3.649907118507037e-03	-6.179605907338451e-02	1094
3.174099377132703e-01	-1.534883885425930e-01	1095
3.022019848395296e-01	-1.524733129520629e-01	1096
9.931991677051800e-01	1.978931481064546e-02	1097
5.748855054070537e-01	1.432995037481121e-01	1098
9.574130960478864e-01	4.268804632386499e-02	1099
9.948992053508766e-01	-2.097208787715625e-02	1100
7.077776832624861e-01	-1.338370508576147e-01	1101
-1.515508357763294e-02	1.505479555376461e-02	1102
3.002627044644487e-01	1.416487535426648e-01	1103
2.851791400086126e-01	1.397689661256334e-01	1104
2.704788245177031e-01	1.377856522407264e-01	1105
6.774088739124705e-01	-1.390134408231121e-01	1106
-5.092232269250156e-03	3.607637294215743e-02	1107
-8.330779411353777e-03	3.096282403547344e-02	1108
-1.710408118320974e-02	-1.062667427757720e-02	1109
8.987478843453725e-03	-6.807963304991947e-02	1110
8.612179008506696e-01	-9.481506496615988e-02	1111
8.724610974018705e-01	-9.091788922446672e-02	1112
8.833166236908944e-01	-8.702188973244426e-02	1113
8.938292775027228e-01	-8.300698464780414e-02	1114
7.107838309071106e-02	-1.089036092913477e-01	1115
6.159995323239836e-02	-1.044569049134810e-01	1116
9.039153502622914e-01	-7.897443350509838e-02	1117
9.135376877317503e-01	-7.486624087843809e-02	1118
9.227512873802978e-01	-7.074081455693336e-02	1119
9.314990668694817e-01	-6.658183744541896e-02	1120
9.679771367336417e-01	-4.554091507213862e-02	1121
9.737896129078075e-01	-4.133499098830799e-02	1122
7.793800128815487e-01	-1.184442193082346e-01	1123
9.994043325108865e-01	-1.367429289070949e-02	1124
4.603641099322014e-01	-1.566261380130200e-01	1125
4.766854286120165e-01	-1.562432968552036e-01	1126
4.279234716955199e-01	-1.568995957282665e-01	1127
4.440756340274960e-01	-1.568133561784126e-01	1128
9.548477899110266e-01	-5.396661385093478e-02	1129
9.616540118826666e-01	-4.975872424288676e-02	1130
1.371016851839320e-01	-1.301490574790539e-01	1131
1.493283092788918e-01	-1.329893870193973e-01	1132
9.881131003038505e-01	-2.889154240065506e-02	1133
9.917904247692497e-01	-2.488482830942445e-02	1134
7.586592198759378e-01	-1.233761486090636e-01	1135
1.025184735938390e-01	-1.209051967703957e-01	1136
1.139515942984055e-01	-1.240837089691581e-01	1137
1.252344842239751e-01	-1.271272847007376e-01	1138
5.824454469210205e-01	-1.505808015630236e-01	1139
2.824360279204378e-02	-8.488924558491621e-02	1140
3.598037920626825e-02	-9.037448160350495e-02	1141
4.440973042557542e-02	-9.533597162961086e-02	1142
5.263653262053750e-02	-9.981142102769607e-02	1143
3.327313188632667e-01	-1.543208386177546e-01	1144
3.482450929697537e-01	-1.551131771608089e-01	1145
3.639580309188931e-01	-1.557191255798783e-01	1146
3.797787682361780e-01	-1.562439468952168e-01	1147
3.956984641278323e-01	-1.566018964602017e-01	1148
1.748920055848479e-01	-1.380571496146673e-01	1149
1.881255103575536e-01	-1.402763718547993e-01	1150
2.015114011043342e-01	-1.423486942875407e-01	1151
2.152107304863201e-01	-1.442408589482601e-01	1152
2.291341033670797e-01	-1.460326654158506e-01	1153
9.808560223083184e-01	2.975769938571050e-02	1154
9.757110961435042e-01	3.299152490784350e-02	1155
9.700751868770252e-01	3.622542254592766e-02	1156
4.761845148635720e-01	1.495121704459973e-01	1157
4.596923433955812e-01	1.498710361114539e-01	1158
4.432772751738538e-01	1.499422225698689e-01	1159
4.269039617638865e-01	1.498469760828413e-01	1160
4.106219279068798e-01	1.494919567783197e-01	1161
4.849815100196728e-02	7.852747835740147e-02	1162
4.030308624888894e-02	7.439232273252241e-02	1163
2.561130288835500e-01	1.357199091055005e-01	1164
2.417462945080048e-01	1.336517014003391e-01	1165
1.265677013083596e-01	1.080043831355613e-01	1166
1.157297917366388e-01	1.048599186817687e-01	1167
1.047228336384618e-01	1.016984318605293e-01	1168
9.184966429642409e-01	5.919334448048396e-02	1169
9.095051910627938e-01	6.270016333325910e-02	1170
9.001406200759844e-01	6.618178617025929e-02	1171
8.903370544210129e-01	6.979490571776392e-02	1172
8.801278423827736e-01	7.337662697524888e-02	1173
8.695372007665670e-01	7.702530090067569e-02	1174
8.585455594414630e-01	8.064064019171271e-02	1175
8.414046371116188e-01	8.619929807329448e-02	1176
8.235134141366234e-01	9.173043663785344e-02	1177
8.047395454880890e-01	9.717815971148477e-02	1178
7.514115214992404e-01	1.117175473484793e-01	1179
7.228945929939412e-01	1.185771061090080e-01	1180
6.932446501769393e-01	1.250196950982368e-01	1181
6.312545360021840e-01	1.360961581447704e-01	1182
5.991878777748565e-01	1.405396960228293e-01	1183
2.275546334361258e-01	1.312021898662426e-01	1184
2.138630033779965e-01	1.286784841918678e-01	1185
2.004641346832937e-01	1.259945555870687e-01	1186
1.874002953657970e-01	1.232984344740330e-01	1187
1.745632683817577e-01	1.204458950324804e-01	1188
1.620199477739234e-01	1.175069835434808e-01	1189
1.498024703868257e-01	1.144231212314053e-01	1190
3.270132633351736e-02	6.983523810923466e-02	1191
2.582059560123142e-02	6.521783576406553e-02	1192
8.253446189092862e-01	-1.061363916276678e-01	1193
8.376472242094471e-01	-1.023978995974214e-01	1194
8.495753853615601e-01	-9.865079492482301e-02	1195
4.930091014819328e-01	-1.556781934349113e-01	1196
5.174256271402329e-01	-1.546217062784463e-01	1197
1.962014611954517e-02	6.088869078290317e-02	1198
1.339983475301221e-02	5.612192584386665e-02	1199
7.907673995332713e-03	5.101194822996417e-02	1200
9.406974117872556e-02	9.807940923897358e-02	1201
8.400119820412859e-02	9.431773130521244e-02	1202
7.439231281692138e-02	9.043990875041384e-02	1203
6.521080547244558e-02	8.643980387781532e-02	1204
5.651281767662923e-02	8.235524892811098e-02	1205
3.943845826058275e-01	1.489456912999600e-01	1206
3.783796570919835e-01	1.481773768171471e-01	1207
3.624399688677858e-01	1.472650345682445e-01	1208
3.465952052797830e-01	1.461463646749374e-01	1209
9.430704189268001e-01	4.917371412273102e-02	1210
9.352739663248696e-01	5.246257775881050e-02	1211
6.146262526927904e-01	-1.473933777865617e-01	1212
6.462835614327362e-01	-1.435376305409545e-01	1213
2.435035083387624e-01	-1.476061047085330e-01	1214
2.579960008343759e-01	-1.489000066877361e-01	1215
2.724202174127991e-01	-1.501346758674449e-01	1216
2.871633872306615e-01	-1.513850969647132e-01	1217
9.998891200447233e-01	-2.580360464441802e-03	1218
9.997734399948333e-01	2.549280886753555e-03	1219
-1.287694081843103e-02	-4.986445345861995e-02	1220
-1.621905699980119e-02	3.252065405017210e-03	1221
1.000832611424704e+00	-5.359371954078920e-04	1222
9.905613527052579e-01	-3.602913505208492e-02	1223
9.978485045961459e-01	2.091072601486251e-02	1224
-1.928143176112381e-02	1.912088821271983e-02	1225
9.716146908905813e-01	4.625002350284782e-02	1226
1.001220307810606e+00	-8.305111850346136e-03	1227
9.972126622670162e-01	-2.621304014589981e-02	1228
-2.188622946334750e-02	-1.481692605756064e-02	1229
1.152301392254510e-02	-8.394536342132521e-02	1230
-9.344169339033875e-03	-5.676165870043155e-02	1231
3.296314904151658e-01	1.674311935845975e-01	1232
1.000806212714618e+00	5.749281561956840e-04	1233
-8.776148234914948e-03	4.248290309929990e-02	1234
-1.742609422049419e-02	2.504947218243083e-02	1235
-5.096600358217288e-03	-6.369005383578930e-02	1236
9.863014958424827e-01	-4.105871837628379e-02	1237
5.357161734279692e-01	-1.786359423257148e-01	1238
9.950191638675361e-01	2.509313180144555e-02	1239
3.160505455624668e-01	-1.762374550973999e-01	1240
9.569381674423290e-01	-6.607103047560575e-02	1241
9.455224466779045e-01	-7.360318554168306e-02	1242
6.339782763691908e-01	-1.694541032874236e-01	1243
9.107273757950339e-02	-1.339549172585753e-01	1244
1.708635708011690e-01	-1.571307723687275e-01	1245
-2.014700801369364e-02	-2.942821327923177e-02	1246
4.283179223936275e-01	-1.806778717760444e-01	1247
6.972154168047506e-02	-1.241419091088914e-01	1248
8.006063289705172e-02	-1.291364774596442e-01	1249
1.221944650270052e-01	1.245893000897411e-01	1250
9.873613355830897e-01	3.367852186313571e-02	1251
9.318083910586528e-01	6.857870364814868e-02	1252
-2.052082428897008e-02	1.213647274124727e-02	1253
-4.875841378841223e-03	4.829843076005419e-02	1254
9.815052728676235e-01	-4.604244656827111e-02	1255
1.000404036144166e+00	1.230633332500406e-03	1256
9.915410984763833e-01	2.942851816876381e-02	1257
-1.097018857796210e-02	-7.352760537705159e-04	1258
-2.144338032309186e-02	-2.264732379734501e-02	1259
9.995626926588410e-01	-2.159107328472522e-02	1260
7.528434766216782e-01	-1.472039247747828e-01	1261
5.065702279138482e-01	1.728139891829552e-01	1262
4.771775364634859e-01	1.729381590766187e-01	1263
1.000068844739696e+00	1.678164766374884e-02	1264
1.001110332679765e+00	2.712908077091322e-05	1265
1.000695666269748e+00	8.211532282359591e-03	1266
-1.652641629542225e-02	-5.081998105285509e-03	1267
1.000459495869022e+00	-1.213989893745822e-03	1268
1.779303840670694e-02	-9.004283125822590e-02	1269
-1.825945663222846e-02	-3.623171469652368e-02	1270
-1.583521324664923e-02	-4.298835455671939e-02	1271
5.647267140605412e-01	1.686921521190370e-01	1272
5.322570327719131e-03	-7.764075311380092e-02	1273
9.653570807718035e-01	5.036043942044082e-02	1274
9.586344694534658e-01	5.442779328490065e-02	1275
5.356674355922098e-01	1.709349924674307e-01	1276
2.984046369763404e-01	1.638083293893468e-01	1277
2.682653217875914e-01	1.591840570042073e-01	1278
7.271767405863901e-01	-1.531030815355683e-01	1279
-1.215182521441892e-02	3.665660605580600e-02	1280
-1.503161027340745e-02	3.090162149004816e-02	1281
-4.732019720580776e-04	-7.034312733595383e-02	1282
8.780032817068791e-01	-1.066972400418701e-01	1283
8.995406981768397e-01	-9.764901722184585e-02	1284
5.988153072607855e-02	-1.189394920279902e-01	1285
9.193657338345284e-01	-8.819946413008958e-02	1286
9.330462281586981e-01	-8.100193542980026e-02	1287
9.761432634921166e-01	-5.106585748219131e-02	1288
1.001349616847838e+00	-1.713362818278432e-02	1289
4.611974963739891e-01	-1.805570936114281e-01	1290
9.638208393515043e-01	-6.110228904763558e-02	1291
9.702401772274116e-01	-5.609052485413657e-02	1292
1.447441644456647e-01	-1.508645939323085e-01	1293
9.942415740430466e-01	-3.110452921362308e-02	1294
7.741562121419618e-01	-1.417281111107765e-01	1295
7.980429891830029e-01	-1.349911725568534e-01	1296
1.087504709295842e-01	-1.400360783108959e-01	1297
1.260638651480348e-01	-1.454772545225645e-01	1298
5.686871676601579e-01	-1.765104879475532e-01	1299
2.513530272327652e-02	-9.659133448979396e-02	1300
3.361769139008058e-02	-1.030205486329750e-01	1301
4.209251995552055e-02	-1.082950613073219e-01	1302
5.055316348490291e-02	-1.135477913996547e-01	1303
3.473786608518560e-01	-1.783328244496880e-01	1304
3.793628447263805e-01	-1.797718337885383e-01	1305
4.037211313823287e-01	-1.805139364754471e-01	1306
1.980556855497987e-01	-1.624030286309175e-01	1307
2.262747547081957e-01	-1.670625159012143e-01	1308
9.826170996516614e-01	3.794407085210780e-02	1309
9.773785463716940e-01	4.210424913253098e-02	1310
4.437217056300130e-01	1.733271614149467e-01	1311
4.105267390773584e-01	1.727686481351368e-01	1312
3.872952044989590e-02	8.719302917200787e-02	1313
2.391141493479470e-01	1.547521761542926e-01	1314
1.057532654601195e-01	1.193036337539283e-01	1315
8.188069833017092e-01	1.138703586080510e-01	1316
9.143240913053694e-01	7.665112222220311e-02	1317
8.951747564481540e-01	8.491661988364552e-02	1318
8.743611622094046e-01	9.323412920040425e-02	1319
8.549405568137829e-01	1.013653086036629e-01	1320
8.373221042699209e-01	1.076447589472412e-01	1321
7.962547903626193e-01	1.210449741697940e-01	1322
7.694277859382399e-01	1.291487406858352e-01	1323
7.412694752180014e-01	1.369048476275868e-01	1324
7.119418846337009e-01	1.441937504941362e-01	1325
6.815267443633942e-01	1.509042230543305e-01	1326
6.501940789433832e-01	1.569065909743146e-01	1327
6.181214619000012e-01	1.621187317153629e-01	1328
5.896398261276568e-01	1.660191206693286e-01	1329
2.106668223835840e-01	1.488629782574293e-01	1330
1.838493583852542e-01	1.426308818618938e-01	1331
1.643781903229417e-01	1.375914734768983e-01	1332
1.517086405915629e-01	1.340420606046077e-01	1333
1.394456040725764e-01	1.302975160228798e-01	1334
3.044182810923644e-02	8.177627977437218e-02	1335
2.313528444093737e-02	7.622078213670148e-02	1336
8.211912341606481e-01	-1.279717729670398e-01	1337
8.429963035778938e-01	-1.197566804825909e-01	1338
8.609695306526515e-01	-1.133814408654179e-01	1339
4.860955432840551e-01	-1.799028708628629e-01	1340
5.069319193670474e-01	-1.801465755253409e-01	1341
1.680180131768692e-02	7.105879717133828e-02	1342
1.052281388440624e-02	6.580914394759796e-02	1343
4.560892318267013e-03	5.970501175153110e-02	1344
-3.149442008219749e-04	5.410477152305191e-02	1345
9.431595942933263e-02	1.150686677052627e-01	1346
8.367746129600184e-02	1.105779322759320e-01	1347
7.367083149083105e-02	1.059595237712080e-01	1348
6.414389910432354e-02	1.011961924305953e-01	1349
5.512925804459647e-02	9.630644020516484e-02	1350
4.692367567414870e-02	9.170802865388680e-02	1351
3.777725482037272e-01	1.711475273263621e-01	1352
3.535564033300421e-01	1.696511186629535e-01	1353
9.515149321632886e-01	5.848216189812395e-02	1354
9.439356017824025e-01	6.250628111146252e-02	1355
6.016493830554168e-01	-1.734097819509243e-01	1356
6.657604402360393e-01	-1.647480762968743e-01	1357
6.968938887585399e-01	-1.592818999311885e-01	1358
2.557738506233034e-01	-1.704722825314774e-01	1359
2.853364302570717e-01	-1.735990993721422e-01	1360
1.001103679862567e+00	1.419259369702894e-02	1361
1.000532069902780e+00	-2.490536214033495e-03	1362
1.000321641396689e+00	-3.386824440770453e-03	1363
1.000628197831357e+00	6.724821194900964e-03	1364
3.426500779070540e-02	-1.197875074855233e-01	1365
1.001225075291919e+00	2.003851899797264e-02	1366
1.001102662887959e+00	3.799230916383352e-04	1367
1.001788122260570e+00	-9.935178577333181e-03	1368
-2.099457610552769e-02	-4.923477021515248e-02	1369
-1.038303674304592e-02	-7.202419161977301e-02	1370
1.001035806518044e+00	-6.790236838536752e-03	1371
1.002149058220532e+00	-1.438940162931398e-02	1372
-1.673650681355464e-02	4.289604837260227e-02	1373
-2.543518305847857e-02	1.629447702249912e-02	1374
-2.725984559109426e-02	-1.921621641938535e-02	1375
9.855361906022110e-01	4.680595971059745e-02	1376
7.697272624588872e-01	-1.678795043712606e-01	1377
3.401144126474815e-01	1.945866299153098e-01	1378
1.001124060105643e+00	9.840217118894217e-03	1379
9.334581239290024e-01	-9.839913626545985e-02	1380
5.647045240699438e-04	-8.808656760485872e-02	1381
3.996647173674297e-02	1.038026537830719e-01	1382
-1.338402083305710e-02	4.946209029904442e-02	1383
-1.810887479395353e-02	-5.677687928963383e-02	1384
4.162853601716572e-01	-2.082878993635580e-01	1385
9.672953289291997e-01	-7.339470684409852e-02	1386
6.543905438665859e-01	-1.935708285196525e-01	1387
5.548045415395736e-01	-2.052823968168607e-01	1388
9.940487517640572e-01	-4.355445662818944e-02	1389
9.975314113292428e-01	-3.761917151270166e-02	1390
6.566226945945565e-03	-9.476325107299816e-02	1391
1.311021493834782e-02	-1.019399755345059e-01	1392
1.000800018528608e+00	1.021174995188525e-03	1393
9.976944939262894e-01	3.069832547726441e-02	1394
1.000426600179490e+00	2.561972669840361e-02	1395
9.744169072955018e-01	5.720624975645978e-02	1396
2.807269744479741e-01	1.863650891293462e-01	1397
5.799770113091749e-01	1.943701200231434e-01	1398
7.175493964916269e-01	-1.812254223679029e-01	1399
5.689995160351771e-02	-1.350209217373597e-01	1400
1.000151525687121e+00	3.360641379269056e-03	1401
1.000409639457583e+00	2.492651384722992e-03	1402
-1.528089631453356e-02	-3.472670127353917e-04	1403
9.899194966750696e-01	-4.962268016250485e-02	1404
9.802584456094209e-01	5.201147289212313e-02	1405
1.001120224011036e+00	-3.259675146678500e-04	1406
1.000370194273115e+00	-3.164242363636705e-02	1407
-2.409938049515929e-02	2.359133365693982e-02	1408
-1.455910706172553e-02	-6.454169193573321e-02	1409
5.235333455037731e-01	-2.072580518301139e-01	1410
-2.671175809815598e-02	-2.729288830630364e-02	1411
6.711857920107278e-02	-1.411414269920132e-01	1412
7.796702144518734e-02	-1.470483754757426e-01	1413
9.942603982878581e-01	3.612866658923959e-02	1414
-2.151143276397651e-02	5.818841156482750e-03	1415
9.851444489024577e-01	-5.559053192128486e-02	1416
1.002556416834290e+00	-2.615463361537849e-02	1417
7.458801336167670e-01	-1.743695387581184e-01	1418
-2.218804410902361e-02	-7.934723869468372e-03	1419
1.000848348398046e+00	-9.841402049228932e-04	1420
4.726153538168884e-02	-1.287069545942717e-01	1421
-2.539706869617273e-02	-3.462287811413443e-02	1422
-2.349292135491667e-02	-4.194447848313361e-02	1423
5.231082404462939e-01	1.990507472702968e-01	1424
-5.473945111963443e-03	-7.986067813671963e-02	1425
9.680322842326039e-01	6.234498903714487e-02	1426
5.523679270179714e-01	1.969137147295042e-01	1427
3.122455767352568e-01	1.912261340063889e-01	1428
6.072284463959703e-01	1.908105296511603e-01	1429
-1.972601986686335e-02	3.654373214209702e-02	1430
-2.218039679394896e-02	3.011236633653805e-02	1431
8.959840834644999e-01	-1.190481273926419e-01	1432
9.167958722306742e-01	-1.081486927892162e-01	1433
9.466084144639066e-01	-8.969348423507992e-02	1434
9.583708483724226e-01	-8.088263236134846e-02	1435
1.002819335650858e+00	-2.035805018308712e-02	1436
4.455456867825529e-01	-2.084719721825717e-01	1437
9.738331019198339e-01	-6.756816795262408e-02	1438
9.797742500084760e-01	-6.159363195511519e-02	1439
3.911101875323789e-01	-2.076230595485463e-01	1440
8.398706008873608e-01	-1.439192760362595e-01	1441
8.589261538598322e-01	-1.358665548754905e-01	1442
7.926445494836754e-01	-1.608861939669112e-01	1443
9.297709410432260e-02	-1.538492000851701e-01	1444
1.107622066081951e-01	-1.605237289578540e-01	1445
1.288559237765485e-01	-1.671255173567276e-01	1446
2.108997486251444e-02	-1.097361588391554e-01	1447
3.300101116084646e-01	-2.039026344038419e-01	1448
3.624493543260399e-01	-2.062193597347816e-01	1449
1.516692618110218e-01	-1.743616334285601e-01	1450
1.791159193345753e-01	-1.816168117079237e-01	1451
6.863616760649361e-01	-1.878211972489827e-01	1452
9.902127985449698e-01	4.144469386601775e-02	1453
4.923177055680553e-01	2.000279362542215e-01	1454
4.614546804461516e-01	2.001470694059092e-01	1455
1.083316912325955e-01	1.399048797708594e-01	1456
9.293505643350757e-01	8.730177927033765e-02	1457
9.110454698149839e-01	9.708870591047454e-02	1458
8.341391310194928e-01	1.317348613346308e-01	1459
8.909785397662038e-01	1.069056271042172e-01	1460
8.714762223298904e-01	1.161269980129293e-01	1461
8.523593268752899e-01	1.246002512811170e-01	1462
8.133406645271014e-01	1.393522638033723e-01	1463
7.884461612691318e-01	1.479139780388069e-01	1464
7.606526584532735e-01	1.567683529246190e-01	1465
7.315774348527160e-01	1.650961560255320e-01	1466
7.013284651116511e-01	1.727986835631468e-01	1467
6.700310853882550e-01	1.797625039715341e-01	1468
6.378908988173709e-01	1.858727138303562e-01	1469
2.511232538711948e-01	1.812835797688102e-01	1470
2.211387869606209e-01	1.751942096636639e-01	1471
1.929909434312679e-01	1.680507430247335e-01	1472
1.691950472498107e-01	1.613141041178915e-01	1473
1.466620733663922e-01	1.527604639822963e-01	1474
1.250832046756924e-01	1.461435739536815e-01	1475
2.729632717039762e-02	9.520016949283519e-02	1476
1.931883004028454e-02	8.843270597418640e-02	1477
8.163357389162000e-01	-1.530232622259902e-01	1478
8.767420910143280e-01	-1.281914485087496e-01	1479
4.750042431050404e-01	-2.081418309686590e-01	1480
4.967599183058442e-01	-2.079540809193820e-01	1481
1.267833659426830e-02	8.219228311091727e-02	1482
6.551056422212404e-03	7.645712385084978e-02	1483
3.168622760529270e-04	6.940600299026693e-02	1484
-4.882796004677089e-03	6.264557491253418e-02	1485
-9.411711188830095e-03	5.618794479755067e-02	1486
9.379052723217687e-02	1.341637117210175e-01	1487
8.228218864874756e-02	1.287800046397484e-01	1488
7.172361119665151e-02	1.232651320260568e-01	1489
6.179833282155003e-02	1.176150364428759e-01	1490
5.238986703201657e-02	1.117918037734207e-01	1491
4.275545290192813e-01	1.999243061912161e-01	1492
3.938534988438135e-01	1.985761301325585e-01	1493
3.649510419129113e-01	1.967685203316302e-01	1494
9.574731805479634e-01	6.960455494520981e-02	1495
9.442457645160932e-01	7.860189277580058e-02	1496
5.885283937325985e-01	-2.024391617697339e-01	1497
6.218166519022242e-01	-1.984575544023887e-01	1498
2.074370551364670e-01	-1.878777757871144e-01	1499
2.374907988992087e-01	-1.931173825663039e-01	1500
2.674748516209091e-01	-1.971228715247230e-01	1501
2.982920557563650e-01	-2.008426072603732e-01	1502
1.000809832816212e+00	3.084058525150188e-03	1503
1.000397598830762e+00	-5.183849114170683e-03	1504
9.996758094230512e-01	-5.790232665473087e-03	1505
1.000163791507985e+00	1.156886101366206e-02	1506
-2.961788683618945e-02	2.846474558974658e-02	1507
1.000113745411264e+00	5.120367779261302e-03	1508
-2.528062677066404e-02	4.272383242772321e-02	1509
9.787170524630464e-01	-7.986010799437515e-02	1510
1.001197913100960e+00	-7.349323475031856e-04	1511
1.003876367613609e+00	-1.640398382415376e-02	1512
1.005518843203532e+00	-1.716936557457244e-02	1513
9.947149400227523e-01	-5.856872124722672e-02	1514
1.000780716368928e+00	1.465200813176907e-03	1515
9.896571572967648e-01	5.616160300986779e-02	1516
2.624341887894147e-01	2.110419691591951e-01	1517
1.002656341759940e+00	-8.720924011539115e-03	1518
1.002177658773740e+00	-7.424070679577016e-03	1519
-1.677104266683038e-02	-8.115373842823786e-02	1520
1.001159346445190e+00	7.909366620593671e-04	1521
-1.905412301308618e-02	5.703227496264263e-02	1522
1.322737388944210e-01	-1.920683206017574e-01	1523
3.109735312020701e-02	-1.367238379730580e-01	1524
9.490315305076806e-01	-1.077612525204057e-01	1525
7.891410850063788e-01	-1.897053932377967e-01	1526
1.000966483945122e+00	-1.178030585662136e-02	1527
1.001700571112934e+00	7.420817221556645e-03	1528
1.002071935008483e+00	8.720821904371869e-03	1529
1.000851653396335e+00	-1.432188119423435e-03	1530
-2.714566279678938e-02	-5.581824558370742e-02	1531
5.689239330171584e-01	2.259411941755659e-01	1532
6.762057810037694e-01	-2.198123505898023e-01	1533
4.312940103580423e-01	-2.393383489264128e-01	1534
5.972975246634540e-01	2.226145466837929e-01	1535
9.448666307237200e-01	9.745529106051941e-02	1536
9.090796488666876e-01	1.202483123977573e-01	1537
3.238196408748621e-01	2.215992975963240e-01	1538
2.497490945301715e-02	1.115782092999256e-01	1539
5.116347261355965e-01	-2.387714916482704e-01	1540
-2.233015481109951e-02	4.959430520877269e-02	1541
1.002267624245625e+00	2.985271550786643e-02	1542
5.419181429654770e-01	-2.372857078795616e-01	1543
9.993675515580234e-01	5.668146875334328e-03	1544
1.002631461425199e+00	1.629387325233955e-02	1545
1.004182199221517e+00	1.717645996631821e-02	1546
1.000972497734113e+00	-3.068301613676792e-03	1547
-3.098082952564482e-02	2.077104793530844e-02	1548
3.509070757399366e-01	2.248693697837853e-01	1549
1.001477826355970e+00	2.119687680791129e-04	1550
1.001486990705312e+00	-1.387256816103698e-04	1551
-1.161505031489984e-02	-9.026517249816823e-02	1552
-2.092922947058268e-02	-7.278866569476887e-02	1553
4.032828898155560e-01	-2.386981923193974e-01	1554
9.987006270131491e-01	-5.134721557393467e-02	1555
1.001740381392881e+00	-4.423149474892028e-02	1556
-5.649875779532935e-03	-9.928983868885595e-02	1557
2.066710822803113e-04	-1.065608473573450e-01	1558
1.000807495767513e+00	2.097674474697870e-03	1559
9.942493309763343e-01	4.959382206218203e-02	1560
9.845050359861625e-01	6.258156197998455e-02	1561
2.934189006146442e-01	2.167982727575953e-01	1562
7.084288223223901e-01	-2.127802695512155e-01	1563
4.750156803448759e-02	-1.488762453105919e-01	1564
1.004547888372117e+00	-3.743275660087690e-02	1565
-2.438931246261285e-02	-6.417577368184325e-02	1566
-3.326593261543238e-02	-2.381267597891586e-02	1567
6.338428667600308e-02	-1.593582825692549e-01	1568
7.654294052587778e-02	-1.678025279333860e-01	1569
1.001377326861322e+00	3.675311283279693e-02	1570
-2.651804066733817e-02	9.768942097694739e-03	1571
-1.999202524290462e-02	-3.008642667733018e-03	1572
1.004796778098429e+00	-3.028744042317175e-02	1573
7.387190703354323e-01	-2.051106343892228e-01	1574
7.652630293924314e-01	-1.974751428166696e-01	1575
-2.191962436195249e-02	-9.222517192021301e-04	1576
-2.763937436045744e-02	-1.215257353839874e-02	1577
1.000913051785451e+00	-2.069311197029590e-03	1578
-3.268572838720167e-02	-3.223431669390571e-02	1579
-3.151380099548052e-02	-4.016504386198417e-02	1580
-2.957812239191115e-02	-4.809830649957123e-02	1581
5.400893296884469e-01	2.282729658450871e-01	1582
9.786886901404999e-01	6.897766650616273e-02	1583
-2.780159316356037e-02	3.563434854269479e-02	1584
9.154575162990531e-01	-1.308143332984794e-01	1585
9.341440654775308e-01	-1.186920118569603e-01	1586
9.613832726562460e-01	-9.734865807239801e-02	1587
9.715107064518546e-01	-8.767043621411966e-02	1588
9.848450908111276e-01	-7.280097337658853e-02	1589
9.901281928212116e-01	-6.567571883373105e-02	1590
8.585990918877819e-01	-1.612761468677240e-01	1591
8.371105317313673e-01	-1.712088973844281e-01	1592
9.359951023271440e-02	-1.761514101377350e-01	1593
1.114784605046897e-01	-1.836406305801541e-01	1594
7.303432910162103e-03	-1.151564764393589e-01	1595
1.818749460549791e-02	-1.259704024503485e-01	1596
3.442468271616816e-01	-2.349304802429462e-01	1597
3.755908420542624e-01	-2.373160535541858e-01	1598
1.580377640997152e-01	-2.010197315043666e-01	1599
9.979244652564275e-01	4.304201091371414e-02	1600
5.089783008855175e-01	2.298951092131083e-01	1601
4.775266880832371e-01	2.303518844413523e-01	1602
9.283170750767951e-01	1.085746433948629e-01	1603
8.895513223602844e-01	1.312259626068924e-01	1604
8.702282471323823e-01	1.414389366397063e-01	1605
8.510511428431171e-01	1.505963780331686e-01	1606
8.312515063544356e-01	1.590791711598307e-01	1607
8.080943875585949e-01	1.682735724173836e-01	1608
7.814258341811787e-01	1.780748985394970e-01	1609
7.525422011651849e-01	1.876994676810639e-01	1610
7.223943768438302e-01	1.966258419353515e-01	1611
6.910853751891022e-01	2.047420142555302e-01	1612
6.587899805760202e-01	2.119411568045176e-01	1613
6.268703219218841e-01	2.179797104661854e-01	1614
2.318992263142049e-01	2.047165435404975e-01	1615
1.503233753449774e-01	1.792046853891033e-01	1616
1.295924660819536e-01	1.708432101468398e-01	1617
2.017074620924130e-01	1.968052689434651e-01	1618
1.751225777876467e-01	1.886252875742421e-01	1619
1.094901985186945e-01	1.629288612366399e-01	1620
1.433722946178820e-02	1.020002738490436e-01	1621
8.127393045953045e-01	-1.811790128890961e-01	1622
8.766945367081065e-01	-1.523624305018624e-01	1623
8.954212987119951e-01	-1.425172287551331e-01	1624
4.612615768302108e-01	-2.393900431963817e-01	1625
4.866971246196625e-01	-2.391928104672000e-01	1626
7.145584823900407e-03	9.438613536474223e-02	1627
1.138344659936086e-03	8.795310336688730e-02	1628
-5.068553665835618e-03	8.005561850461211e-02	1629
-1.056158014939641e-02	7.204963866177025e-02	1630
-1.511787349698215e-02	6.466303851031399e-02	1631
9.360285957575566e-02	1.560975229243708e-01	1632
7.994611362047381e-02	1.488056379367353e-01	1633
6.868975771550700e-02	1.419291468467549e-01	1634
5.822921898176404e-02	1.353787293046292e-01	1635
4.825662898629330e-02	1.288735055224051e-01	1636
3.743190722508852e-02	1.210634802653793e-01	1637
4.451077741634033e-01	2.301589635088266e-01	1638
4.104953883562675e-01	2.291441857165491e-01	1639
3.785389939188323e-01	2.272477899541970e-01	1640
9.702857987355125e-01	7.686985613069570e-02	1641
9.590437168570578e-01	8.654327197249517e-02	1642
5.750944578596509e-01	-2.347547331196501e-01	1643
6.095818946361274e-01	-2.308840163646249e-01	1644
6.432651101501420e-01	-2.258488185974238e-01	1645
1.867358450638296e-01	-2.094323480293792e-01	1646
2.170042963900943e-01	-2.166888472952351e-01	1647
2.481729081276290e-01	-2.225070001323044e-01	1648
2.791172291236168e-01	-2.272127756571508e-01	1649
3.112378133796085e-01	-2.315097769098832e-01	1650
-3.728912950631239e-02	2.555093597835529e-02	1651
1.000522920703233e+00	-4.360636899115464e-03	1652
1.005698594027872e+00	3.382228218792184e-02	1653
-3.670525291714618e-02	-5.455514697728268e-02	1654
1.003373304664195e+00	1.416052363345771e-02	1655
9.992375533651182e-01	5.793965304954334e-02	1656
3.628702654717836e-01	2.588109179074784e-01	1657
8.590916085869496e-01	-1.901424197023415e-01	1658
-2.442159878658743e-02	-9.111803962291802e-02	1659
1.001238883328695e+00	1.763688530539689e-03	1660
9.620148593951283e-01	1.055379092065739e-01	1661
1.000289163121386e+00	4.325181706003159e-03	1662
-2.663585648672622e-02	3.218339295995789e-03	1663
1.003305180879855e+00	-1.010868947554289e-02	1664
1.001024336944211e+00	-3.991852666281559e-03	1665
8.356224768867829e-01	-2.018141117720871e-01	1666
-3.211057769867147e-02	1.372869214153484e-02	1667
1.001103853888782e+00	-2.624149420608238e-03	1668
1.001691661690226e+00	6.263096993190850e-03	1669
-3.446166764948959e-02	-6.272702092098509e-02	1670
8.109904549314489e-01	-2.126133433413677e-01	1671
4.467806015120902e-01	-2.739235656189153e-01	1672
9.912248479178485e-01	-8.472260803332020e-02	1673
1.355154200631905e-01	-2.205408398921071e-01	1674
4.169539136650762e-01	-2.733841540319168e-01	1675
9.951106948182918e-01	6.578743294019879e-02	1676
9.467373969999958e-01	1.189386740368450e-01	1677
5.572623179459769e-01	2.609352930033283e-01	1678
2.421493478811487e-01	2.376984826245737e-01	1679
9.525783649642149e-01	-1.283176159866009e-01	1680
-2.597933752253591e-02	6.513488674266776e-02	1681
2.104560979007103e-01	2.292194848625119e-01	1682
5.869117802454178e-01	2.580026726603509e-01	1683
1.000804333886604e+00	3.993216369316559e-03	1684
1.002600294689287e+00	1.012372923655949e-02	1685
1.002081774577583e+00	-6.245356958979309e-03	1686
1.004434226093866e+00	-1.416437711062643e-02	1687
1.005419899410742e+00	-2.339859834630156e-02	1688
1.000964615581542e+00	2.654532904498731e-03	1689
1.002120500821261e+00	1.193003937779724e-02	1690
1.001189316886251e+00	1.248644966477408e-03	1691
1.003491232966266e+00	-7.677796480404893e-03	1692
1.001330107522113e+00	-1.709072683688325e-03	1693
-2.856338997014942e-02	-8.154352810235536e-02	1694
1.001480140225564e+00	5.900916305800531e-04	1695
1.001509187697829e+00	-5.169488445633193e-04	1696
1.001896645384553e+00	4.771102255178218e-05	1697
1.001252014824742e+00	-1.193108047524202e-03	1698
9.289303614442022e-01	1.325623989381125e-01	1699
3.344993478240409e-01	2.554101411314292e-01	1700
-2.910653176504079e-02	5.673458065591649e-02	1701
-3.189019086486117e-02	4.932073337801882e-02	1702
5.292073126189606e-01	-2.727568061559960e-01	1703
1.004517371375093e+00	2.639643295770495e-02	1704
1.003530279312813e+00	2.321714103366679e-02	1705
1.002973066386297e+00	-1.198922983946140e-02	1706
1.002971225325401e+00	7.761536453024326e-03	1707
-3.190929160764386e-02	-7.199512821765811e-02	1708
1.004266432648427e+00	-5.926776064621837e-02	1709
1.006970951188058e+00	-5.078503438692587e-02	1710
-1.926963202815536e-02	-1.013065465969878e-01	1711
-1.037360044282308e-02	-1.152248639322508e-01	1712
1.336584412007870e-02	-1.436634223317410e-01	1713
3.048372894351953e-01	2.506451356947964e-01	1714
2.734682334339035e-01	2.444858905488201e-01	1715
6.998493835034194e-01	-2.481799673417024e-01	1716
1.007691320100310e+00	-4.276832496325127e-02	1717
2.792116270806894e-02	-1.565270706393978e-01	1718
4.394271744432266e-02	-1.697208665771720e-01	1719
5.797227899313571e-02	-1.806158293362203e-01	1720
-3.366281555024814e-02	-1.623370788549566e-02	1721
1.008568168089756e+00	-3.400574447838456e-02	1722
1.006706525378948e+00	-2.654367794064964e-02	1723
7.318478029551346e-01	-2.397507123582096e-01	1724
7.608862261155758e-01	-2.309512990421491e-01	1725
7.867395605847364e-01	-2.220445071620504e-01	1726
-2.764957914603342e-02	-6.165742325137658e-03	1727
-4.003345677642094e-02	-2.860817266636705e-02	1728
-3.959067695960250e-02	-3.734778933350922e-02	1729
-3.845068093075179e-02	-4.607628921509329e-02	1730
9.902385986170174e-01	7.362288612505292e-02	1731
-3.424442097450534e-02	4.160918538421677e-02	1732
-3.607396613338059e-02	3.362481985522411e-02	1733
9.359141984574215e-01	-1.419214529859062e-01	1734
9.660656518961939e-01	-1.156088410542610e-01	1735
9.769563920563259e-01	-1.036903611284744e-01	1736
9.852410114319485e-01	-9.327082981388181e-02	1737
9.965501653725642e-01	-7.612757106633743e-02	1738
1.000800295758466e+00	-6.768487788991899e-02	1739
7.441348213967963e-02	-1.913716158832198e-01	1740
9.256927995630387e-02	-2.009969336305931e-01	1741
1.117125892351157e-01	-2.099706789546181e-01	1742
1.589124890065801e-03	-1.308235137351692e-01	1743
3.575430707412922e-01	-2.696049604583699e-01	1744
3.880487371825516e-01	-2.720201319463194e-01	1745
1.004019744236016e+00	4.227745374417202e-02	1746
1.002626384481214e+00	4.995255663795737e-02	1747
5.265211966703328e-01	2.629778180934098e-01	1748
4.941530700035114e-01	2.640011549721725e-01	1749
9.096820497081335e-01	1.458483793685293e-01	1750
8.903797322113365e-01	1.581250277100169e-01	1751
8.708148817705181e-01	1.694868356174454e-01	1752
8.508035213844531e-01	1.798396130501792e-01	1753
8.289279038672295e-01	1.900419956535440e-01	1754
8.036102619923892e-01	2.008629780653221e-01	1755
7.753259933663587e-01	2.118678609463541e-01	1756
7.451902213172509e-01	2.223174432708444e-01	1757
7.137743286916048e-01	2.318687162667870e-01	1758
6.812364559807387e-01	2.404065740852234e-01	1759
6.484197797073332e-01	2.477250942339410e-01	1760
6.169437964041100e-01	2.536027722007330e-01	1761
1.309957430056057e-01	1.985411784736872e-01	1762
1.810507915560978e-01	2.196458520843555e-01	1763
1.540056879169485e-01	2.089751143933886e-01	1764
1.110245782548089e-01	1.891754299593301e-01	1765
9.176724375533157e-03	1.180095232410983e-01	1766
8.788354695190699e-01	-1.793025030213057e-01	1767
8.971764038680826e-01	-1.684708926302075e-01	1768
9.166643914970211e-01	-1.558484400741055e-01	1769
4.748005938951453e-01	-2.739918438180293e-01	1770
5.003267055200744e-01	-2.737590195125744e-01	1771
2.056654391581234e-04	1.078199337989281e-01	1772
-5.668539599701313e-03	9.998222308502566e-02	1773
-1.192075516479560e-02	9.147593109559192e-02	1774
-1.749956764556115e-02	8.236285693568496e-02	1775
-2.210448586544998e-02	7.375088485466413e-02	1776
9.245061880919156e-02	1.808318576196633e-01	1777
7.645827849204555e-02	1.718619500246844e-01	1778
5.878505870181945e-02	1.583790139671539e-01	1779
4.338483178624052e-02	1.471349509662420e-01	1780
3.227068101394839e-02	1.393621468681361e-01	1781
2.075116817419120e-02	1.295543168916482e-01	1782
4.617713266583020e-01	2.639967507111686e-01	1783
4.277165508449034e-01	2.631818281173273e-01	1784
3.935362651846673e-01	2.613823132709551e-01	1785
9.834767690191730e-01	8.252717060458874e-02	1786
9.743041045643477e-01	9.311210997920565e-02	1787
5.619426698610489e-01	-2.705860268014497e-01	1788
5.969900739133257e-01	-2.670744161871456e-01	1789
6.321930490899750e-01	-2.619831182366990e-01	1790
6.664138772307632e-01	-2.556591871608006e-01	1791
1.635277974986789e-01	-2.312129277765956e-01	1792
1.941278417494101e-01	-2.409451534594149e-01	1793
2.262244644456822e-01	-2.491679091435596e-01	1794
2.584152749982701e-01	-2.555233457880287e-01	1795
2.906421890748456e-01	-2.610899845608237e-01	1796
3.243168445097034e-01	-2.659369076857175e-01	1797
1.004105868142191e+00	-8.926235736103282e-03	1798
1.010039981100931e+00	-3.067708371290276e-02	1799
1.005785396802646e+00	6.640966606344997e-02	1800
-3.838913392278277e-02	1.784906610236629e-02	1801
-3.276910132288514e-02	6.368215369510702e-03	1802
1.011354105278483e+00	-6.720545940874097e-02	1803
6.917993184520187e-01	-2.878770204860520e-01	1804
8.608455943747326e-01	-2.226980120001201e-01	1805
3.453317151824051e-01	2.932144590749035e-01	1806
1.006160375659533e+00	3.904432092583757e-02	1807
1.003151149273403e+00	-6.755215747455586e-03	1808
1.000718224064735e+00	5.483438210682682e-03	1809
1.001037305635850e+00	-5.515182130738923e-03	1810
1.001614160486972e+00	-9.393182421823141e-04	1811
-5.680586587585581e-03	-1.482961506487211e-01	1812
1.003479988275090e+00	9.027525555045580e-03	1813
1.001917382824579e+00	-3.028819391485873e-04	1814
9.503883343998613e-01	1.430897724007218e-01	1815
1.004192132412347e+00	1.224074427958039e-02	1816
1.006877191764147e+00	2.393546466494722e-02	1817
1.004444429546949e+00	2.015978267374433e-02	1818
1.001562023690734e+00	1.015704063845153e-03	1819
9.576035850408313e-01	-1.515939793529937e-01	1820
8.827356820421276e-01	-2.095571447135741e-01	1821
-4.035506675067152e-02	-2.036146280480170e-02	1822
-3.757596736714976e-02	-9.083458452534120e-02	1823
2.526874740300525e-03	1.358704539424807e-01	1824
1.868910557666455e-01	2.547395723104217e-01	1825
1.006053706523000e+00	-2.019113456078872e-02	1826
9.798808570919538e-01	1.112493557133848e-01	1827
8.361191061154359e-01	-2.359213488189118e-01	1828
1.113623703467305e-01	-2.399451259717114e-01	1829
1.009514135645692e+00	-3.928975443785618e-02	1830
-3.358367582209899e-02	-1.017747178909052e-01	1831
4.748245801641518e-01	-3.119196543719322e-01	1832
1.007001373318710e+00	5.653401317193024e-02	1833
5.757356148836301e-01	2.972879815641193e-01	1834
1.004195095978944e+00	-8.693815818200216e-02	1835
5.488785972094098e-01	-3.103308015351707e-01	1836
-3.430372048387611e-02	7.376881654124551e-02	1837
1.313145322850591e-01	2.298814838813436e-01	1838
1.379338186062694e-01	-2.528344970232550e-01	1839
4.316807121711772e-01	-3.120399536534704e-01	1840
3.760793908257700e-01	2.968403156273870e-01	1841
-4.505080863670297e-02	-6.117679231084037e-02	1842
-4.311831484870988e-02	-6.992042069835433e-02	1843
1.001347018681117e+00	2.278570213497035e-03	1844
-3.133981872089359e-02	-1.222354343844447e-03	1845
9.666670787647419e-01	1.268360095102170e-01	1846
2.188394257368973e-01	2.655633352579300e-01	1847
1.001468565757390e+00	-2.222554631026623e-03	1848
1.005091728915255e+00	-1.214076094971542e-02	1849
-4.080649073395615e-02	-8.024096717461975e-02	1850
1.001665125413919e+00	1.463787832986215e-03	1851
1.002704745158836e+00	6.834006203689911e-03	1852
1.001898173171453e+00	3.986487391419557e-04	1853
1.001742611848765e+00	-1.383852211610041e-03	1854
-3.724643856833734e-02	6.427310833985697e-02	1855
-3.974595238355014e-02	5.620114490656299e-02	1856
1.007455161091802e+00	3.071717040058249e-02	1857
1.011797568051026e+00	-5.705385619182086e-02	1858
9.004493700802398e-02	-2.288258977278290e-01	1859
3.150817113411103e-01	2.883111943769157e-01	1860
2.835943526846866e-01	2.818580773180901e-01	1861
2.517245603634501e-01	2.744662511060034e-01	1862
7.434892360987477e-03	-1.637288273786333e-01	1863
2.233300645995632e-02	-1.780948393465316e-01	1864
3.681565054155818e-02	-1.918961039995281e-01	1865
1.015728465653007e+00	-4.757781806386834e-02	1866
1.008841486871666e+00	-2.382744446080752e-02	1867
7.255308766988279e-01	-2.786935445331350e-01	1868
7.569115458123096e-01	-2.687348499529347e-01	1869
7.851538895917078e-01	-2.584601052550569e-01	1870
8.109621452444565e-01	-2.477582813052702e-01	1871
-3.377785089693863e-02	-8.974833937840723e-03	1872
-4.653723152926994e-02	-5.213613256327765e-02	1873
-4.775801610366071e-02	-3.344095530399540e-02	1874
-4.746141081098380e-02	-4.283003128543950e-02	1875
1.001854951783705e+00	7.544595267951926e-02	1876
-4.186160029842636e-02	4.784862167547481e-02	1877
-4.349207710589005e-02	3.922563780975816e-02	1878
-4.457209652787440e-02	3.047444078809654e-02	1879
9.723798688119175e-01	-1.359722532268638e-01	1880
9.841129212292600e-01	-1.213219939700793e-01	1881
9.930366898663875e-01	-1.081141151573907e-01	1882
9.994121178172697e-01	-9.695071752630713e-02	1883
1.008111057068011e+00	-7.675973315023234e-02	1884
5.250768379640710e-02	-2.050857079678794e-01	1885
7.085511292699655e-02	-2.177979101897472e-01	1886
-2.691135681210060e-02	-1.154206552751839e-01	1887
-1.754443313286652e-02	-1.321163090242808e-01	1888
3.700122316541221e-01	-3.083190472253243e-01	1889
4.010406925638832e-01	-3.107593042250883e-01	1890
1.011732120027237e+00	4.769808288761010e-02	1891
5.445080231622221e-01	2.997864198166880e-01	1892
5.118351526966540e-01	3.013785754854861e-01	1893
9.321075657603847e-01	1.590342085106858e-01	1894
9.130251426427669e-01	1.739789024323542e-01	1895
8.935049861703391e-01	1.878321222361846e-01	1896
8.732193177916229e-01	2.006948796930793e-01	1897
8.517064295022282e-01	2.127681658993384e-01	1898
8.276012508681923e-01	2.249387385849900e-01	1899
8.002342280491831e-01	2.374424880397615e-01	1900
7.702910493606641e-01	2.496872936715111e-01	1901
7.386649884071524e-01	2.610431010807104e-01	1902
7.057584330656136e-01	2.712590737179415e-01	1903
6.721338058207942e-01	2.801515883287031e-01	1904
6.390678096505569e-01	2.875027967407053e-01	1905
6.071456314699542e-01	2.932440036577591e-01	1906
1.572534096571428e-01	2.425219562654291e-01	1907
1.098817563272042e-01	2.184036282654610e-01	1908
9.113878640750342e-02	2.088786692972096e-01	1909
9.399100482158073e-01	-1.677641263935226e-01	1910
9.017281401676089e-01	-1.970113555606666e-01	1911
9.206422218498398e-01	-1.833249467986872e-01	1912
5.167762304150254e-01	-3.121277331985365e-01	1913
-7.542943859448792e-03	1.233381174871279e-01	1914
-1.459151692697091e-02	1.125475718691470e-01	1915
-2.012664699889590e-02	1.037122329677574e-01	1916
-2.595883582626866e-02	9.348648101510945e-02	1917
-3.049237715487527e-02	8.347439069076845e-02	1918
7.241692828909503e-02	1.980246042571037e-01	1919
3.846181299420062e-02	1.698502578622087e-01	1920
2.611332862529481e-02	1.595397483110355e-01	1921
5.383688984563761e-02	1.835962333927653e-01	1922
1.399203724202993e-02	1.487657163189713e-01	1923
4.784644866080786e-01	3.017837949298395e-01	1924
4.445937583812789e-01	3.011588549937246e-01	1925
4.095867590461962e-01	2.995169273962267e-01	1926
9.968401697874656e-01	8.572346160280302e-02	1927
9.897940102574797e-01	9.742363101849429e-02	1928
5.841101078470441e-01	-3.073442144176197e-01	1929
6.208347340872478e-01	-3.023936630054874e-01	1930
6.568423367989924e-01	-2.958205081931050e-01	1931
1.683067210249855e-01	-2.653725195646729e-01	1932
2.011043643449036e-01	-2.765241978212740e-01	1933
2.349620289270075e-01	-2.856889094917623e-01	1934
2.681048211269195e-01	-2.927051162883906e-01	1935
3.021198712070702e-01	-2.991565870081225e-01	1936
3.368819943489105e-01	-3.044753165568199e-01	1937
1.393299490894352e-01	-2.893576803817123e-01	1938
1.001542952052586e+00	2.859804398141778e-03	1939
1.004903306028176e+00	-7.760031728036507e-03	1940
1.004368122895536e+00	-6.832985167790494e-03	1941
1.002130681946625e+00	-1.031103778888953e-03	1942
1.005443762844791e+00	1.390222037491271e-02	1943
9.468125521977445e-01	-1.960596327047830e-01	1944
1.001701111051320e+00	-2.798649472818885e-03	1945
1.011662792243583e+00	7.436701696526682e-02	1946
1.099647077268028e-01	-2.739102570001705e-01	1947
1.007933746043989e+00	2.060806476317649e-02	1948
1.006659215559398e+00	1.846580081039292e-02	1949
1.006496754658698e+00	-1.372958320214620e-02	1950
1.001865286068813e+00	-1.885413208584251e-03	1951
1.003029809393859e+00	-5.627588741240158e-03	1952
1.004878269113362e+00	-1.031735531330394e-02	1953
1.004130230694823e+00	1.044598618304085e-02	1954
-5.593300801085650e-02	-5.826657130618104e-02	1955
1.001950008959162e+00	7.210750120927522e-04	1956
1.599159442756092e-01	2.803288005487945e-01	1957
-1.444901922088356e-02	-1.679658662280779e-01	1958
9.278788637773333e-01	-2.132087048761079e-01	1959
8.884150441863565e-01	-2.435607243834588e-01	1960
-5.082245411871465e-02	5.427028461016728e-02	1961
5.634843607117236e-01	3.408156260126045e-01	1962
3.247749126936646e-01	3.303466737967203e-01	1963
9.805927066823066e-01	-1.586598798285160e-01	1964
7.198864173425727e-01	-3.224259433994693e-01	1965
4.148725554032346e-01	-3.540171806707677e-01	1966
-1.680619343546148e-02	1.407439622306705e-01	1967
4.734029329842922e-02	2.113796533898255e-01	1968
8.605925393926321e-02	-2.601413682667252e-01	1969
1.013473645590145e+00	6.242755823962186e-02	1970
1.014989282426652e+00	5.507981342357238e-02	1971
-3.911179657567453e-02	1.021350668514514e-02	1972
-2.669761980709434e-02	-1.503605116090591e-01	1973
6.841707749333549e-01	-3.323788530851292e-01	1974
8.646120381762710e-01	-2.590846047053616e-01	1975
3.568513972120304e-01	3.355428547373514e-01	1976
1.001732293086529e+00	5.216476091325650e-03	1977
1.002047973640317e+00	-5.177426780529636e-03	1978
1.001987105439130e+00	-6.228011870299630e-04	1979
1.004354146162178e+00	7.942624883546310e-03	1980
1.003895800943295e+00	6.995073666613234e-03	1981
1.001632921032616e+00	-3.496613150686616e-03	1982
1.008048963564462e+00	2.738522626367699e-02	1983
1.001433358296582e+00	3.542645990911615e-03	1984
9.089897939837167e-01	-2.285243771407264e-01	1985
9.648911321532209e-01	-1.774258295659551e-01	1986
-4.785578937395388e-02	-2.448201402144414e-02	1987
1.923500247437347e-01	2.942509706336097e-01	1988
1.010330254264960e+00	-2.723221290112256e-02	1989
9.733474456460111e-01	1.504903670626008e-01	1990
1.013159633472582e+00	-3.495026406898902e-02	1991
-4.804156312006746e-02	-1.005382461671269e-01	1992
5.358733386079919e-01	-3.544543168879331e-01	1993
3.904327110247493e-01	3.393994121895436e-01	1994
1.308358640479649e-01	2.653280998143281e-01	1995
-5.120600879305698e-02	-8.894896264690355e-02	1996
1.002665782536365e+00	5.721154280944858e-03	1997
-3.761555608408411e-02	1.255517292484954e-03	1998
-3.789230172616662e-02	-3.515886112780338e-03	1999
9.872995386753913e-01	1.313705908905888e-01	2000
-5.477561559961956e-02	-6.781312919083890e-02	2001
-5.326404774665814e-02	-7.740262551970056e-02	2002
1.001758281869502e+00	1.967332010533726e-03	2003
1.002368316350836e+00	6.073159231114905e-05	2004
1.002069912903388e+00	1.135038534217422e-03	2005
-4.690595612306799e-02	7.220394622961655e-02	2006
-4.902442601503296e-02	6.321670813782486e-02	2007
1.010177875488677e+00	3.515575291634890e-02	2008
2.925346513779692e-01	3.235319342443030e-01	2009
2.601033009825371e-01	3.154517244998338e-01	2010
2.265817945715768e-01	3.061803670562891e-01	2011
-6.776876664940567e-04	-1.857714478364486e-01	2012
1.313265221007538e-02	-2.009189308117827e-01	2013
1.018656768589715e+00	-6.241565349252913e-02	2014
1.019554719842934e+00	-5.482050583518702e-02	2015
1.008123532928884e+00	-1.827488913874756e-02	2016
1.009592036640594e+00	-2.034217970256717e-02	2017
7.536169918041450e-01	-3.112892870045940e-01	2018
7.844606216829685e-01	-2.994849911055198e-01	2019
8.124738616073087e-01	-2.871682255862956e-01	2020
8.388643144540531e-01	-2.738949333003812e-01	2021
-4.034966049753312e-02	-1.257950537379263e-02	2022
-5.655397485876591e-02	-3.844572051394915e-02	2023
-5.652702550233685e-02	-4.841293040374440e-02	2024
-5.212947940704985e-02	4.502429548763304e-02	2025
-4.548462565586588e-02	2.205662875179392e-02	2026
-5.294044171049280e-02	3.564263814180914e-02	2027
9.931194228452416e-01	-1.406840902295170e-01	2028
1.002471453819376e+00	-1.242184667317644e-01	2029
1.008965929974785e+00	-1.098961986801655e-01	2030
1.013477726396364e+00	-9.760499561903298e-02	2031
1.014926514751330e+00	-8.527137881737458e-02	2032
1.017746166329191e+00	-7.476131712081235e-02	2033
2.811683370968510e-02	-2.166936655789412e-01	2034
4.576762972090695e-02	-2.325943991829681e-01	2035
6.549721089327276e-02	-2.472778022221303e-01	2036
-4.376849069961252e-02	-1.147304992648584e-01	2037
-3.616573077719627e-02	-1.308632723988675e-01	2038
3.823978515567915e-01	-3.515536539289581e-01	2039
5.304080751651898e-01	3.429334017629188e-01	2040
9.566244320675256e-01	1.696621882416751e-01	2041
9.383458708031125e-01	1.878835207405753e-01	2042
9.191992748631258e-01	2.048098774270434e-01	2043
8.990292044216798e-01	2.206458742581813e-01	2044
8.775159163747958e-01	2.355037836235060e-01	2045
8.540739969770439e-01	2.497676725096591e-01	2046
8.276821819817443e-01	2.641144202768356e-01	2047
7.982305867375316e-01	2.784078928698761e-01	2048
7.664382277893704e-01	2.919907434931254e-01	2049
7.330274546318745e-01	3.043483036957324e-01	2050
6.985504049335668e-01	3.152295547514701e-01	2051
6.640063780649484e-01	3.244043398254343e-01	2052
6.301749024874116e-01	3.317980831328655e-01	2053
5.966801901720897e-01	3.373784003750581e-01	2054
1.067342238060253e-01	2.509664606348871e-01	2055
8.737217199896341e-02	2.398631140272165e-01	2056
4.539156796053507e-01	-3.549898045393778e-01	2057
4.963157368884642e-01	-3.552644770433099e-01	2058
-2.515453102384002e-02	1.269097236994504e-01	2059
-3.047233529883624e-02	1.160790769589817e-01	2060
-3.602106726182637e-02	1.056678379241552e-01	2061
-4.037127442629548e-02	9.371249276238330e-02	2062
-4.416063301480704e-02	8.295848498648817e-02	2063
6.785682903096608e-02	2.276588266886331e-01	2064
1.771209095542908e-02	1.819183441568589e-01	2065
3.031926851032258e-02	1.945435511121157e-01	2066
-6.453039351899795e-03	1.550860842765292e-01	2067
5.679961482271994e-03	1.699148382284162e-01	2068
4.960333142454266e-01	3.438742695936577e-01	2069
4.613328391801359e-01	3.435550938825606e-01	2070
4.259155368219078e-01	3.420801656305494e-01	2071
1.007927369403368e+00	8.483623861643148e-02	2072
1.004968008299799e+00	9.872203454595899e-02	2073
9.976766063284925e-01	1.138053528278372e-01	2074
5.708448075173346e-01	-3.518961357899720e-01	2075
6.089502926367736e-01	-3.474832945306370e-01	2076
6.471507294610130e-01	-3.407983791991863e-01	2077
1.723332034829218e-01	-3.039381369713293e-01	2078
2.074893886234309e-01	-3.165805774081211e-01	2079
2.429375056149151e-01	-3.265638219576382e-01	2080
2.773762085959644e-01	-3.345310155973110e-01	2081
3.131940971640065e-01	-3.418245907213438e-01	2082
3.486927513757261e-01	-3.475541699301421e-01	2083
1.014884496794917e+00	-4.018678712506767e-02	2084
1.009476574023344e+00	1.825336553302729e-02	2085
1.006847277072145e+00	-1.140940833406020e-02	2086
1.014321545364313e+00	-2.985957676733176e-02	2087
1.007677289779105e+00	-1.566147828944880e-02	2088
-6.679503678843098e-02	-6.434385044375261e-02	2089
5.674348174763344e-01	3.877273996611627e-01	2090
7.511968239194824e-01	-3.591416722994101e-01	2091
3.005038734183254e-01	3.700360361801641e-01	2092
1.011774756840928e+00	3.030444166140250e-02	2093
-6.219170139234924e-02	5.086797771168552e-02	2094
5.805934445111989e-02	-2.801246171261155e-01	2095
9.572078008608657e-01	-2.265756631533111e-01	2096
1.005666207158677e+00	-6.703084460382234e-03	2097
9.751755579596817e-01	-2.055485341828499e-01	2098
1.294157115054827e-01	3.053265227731313e-01	2099
1.022989303403561e+00	-4.830488363547995e-02	2100
7.148792342079533e-01	-3.715079159825713e-01	2101
-6.321259209765857e-02	-9.819576318619512e-02	2102
1.001880679460821e+00	2.557570230864913e-03	2103
1.002439834114375e+00	6.377941426495055e-04	2104
1.002200571173125e+00	1.657609271805815e-03	2105
1.018936641231144e+00	4.902036952324817e-02	2106
-5.271475776132024e-03	1.926327853440245e-01	2107
-3.785952350018558e-02	-1.702878620086615e-01	2108
-4.606495301333879e-02	1.395762605368709e-02	2109
6.766652195353444e-01	-3.822650534719817e-01	2110
4.335440509878444e-01	-4.022101093962609e-01	2111
1.024736658933381e+00	-9.263403701435456e-02	2112
1.025246716175062e+00	-8.245304253913324e-02	2113
1.395741713053552e-01	-3.305760826965205e-01	2114
3.952141759808079e-01	-3.998430448886107e-01	2115
-2.517645938277901e-02	-1.894331657448095e-01	2116
1.020604303366563e+00	6.969140761999111e-02	2117
1.021241637109367e+00	6.022162322325760e-02	2118
9.969342766017550e-01	1.535921262172326e-01	2119
3.692640711200099e-01	3.829308118311657e-01	2120
1.004236304860157e+00	-1.618588115931246e-01	2121
-3.700257317046898e-02	1.432135036531855e-01	2122
2.022533633823319e-02	2.219457456798001e-01	2123
4.054501725122435e-01	3.869622905822095e-01	2124
1.071830761339856e-01	-3.122689258922666e-01	2125
8.040123788514450e-02	-2.954031092804904e-01	2126
1.002600340596047e+00	4.728952410753711e-03	2127
1.002472914025275e+00	-5.120162240015406e-04	2128
1.006442203556452e+00	1.588134600195626e-02	2129
8.963926577197713e-01	-2.815448025680836e-01	2130
1.002292287767815e+00	-1.548474627774128e-03	2131
1.002023857645414e+00	-2.473375721240537e-03	2132
1.010350163297898e+00	2.390184543356207e-02	2133
1.004098976795016e+00	-6.085625819395885e-03	2134
1.005661854679641e+00	-9.027226134257580e-03	2135
1.005981393500632e+00	1.166101348703200e-02	2136
1.005184686719438e+00	6.957408131764316e-03	2137
1.618007918261400e-01	3.228611122126893e-01	2138
-6.129727852543548e-02	6.074779648983147e-02	2139
3.345072668669100e-01	3.773546962119410e-01	2140
9.912113815909225e-01	-1.835802049457936e-01	2141
3.600867466712369e-01	-3.956879796302824e-01	2142
-2.834728752805704e-02	1.596614619183997e-01	2143
-5.362025714248904e-02	2.629107644025352e-02	2144
-4.764177699904711e-02	-1.607105313483832e-02	2145
1.003684957093527e+00	6.241982629993718e-03	2146
1.001771796010215e+00	-4.288746469897332e-03	2147
1.005004382709815e+00	9.241062322379827e-03	2148
1.002893400761604e+00	-4.625296071489848e-03	2149
1.002306217519600e+00	-3.210858717575175e-03	2150
1.011456805467081e+00	4.042504772691068e-02	2151
1.001520357275623e+00	4.328788936044449e-03	2152
9.188697745303829e-01	-2.634894760245542e-01	2153
9.385712588995319e-01	-2.456468887205553e-01	2154
-6.697301304306491e-02	-5.393888345419537e-02	2155
-5.637768362733551e-02	-2.855334339547867e-02	2156
1.012311785924486e+00	-2.348493822159047e-02	2157
1.002114364200522e+00	3.301603869341521e-03	2158
-4.333744629893901e-02	-9.335682969723171e-04	2159
-6.591626561522863e-02	-7.434690430697066e-02	2160
-6.503821763322427e-02	-8.522025297555084e-02	2161
-5.977382786370958e-02	7.023666046411800e-02	2162
1.971214038371123e-01	3.385587607104490e-01	2163
2.669435379055664e-01	3.611185230632448e-01	2164
2.331234842898222e-01	3.513910052890902e-01	2165
-1.220422069396359e-02	-2.090200715923810e-01	2166
1.010932082151522e+00	-1.782548476841284e-02	2167
7.848477292500767e-01	-3.456629560052530e-01	2168
8.155297838944692e-01	-3.314208853741124e-01	2169
8.438822631261076e-01	-3.162407853528671e-01	2170
8.709571708080788e-01	-2.995318045344175e-01	2171
-4.525037748365988e-02	-6.487257878954429e-03	2172
-6.660867584426548e-02	-4.345315868097054e-02	2173
-6.260059983807283e-02	4.089606242301326e-02	2174
1.013855222510498e+00	-1.416499037779292e-01	2175
1.020202422978384e+00	-1.236825610189793e-01	2176
1.022425968447521e+00	-1.079005880444204e-01	2177
1.026183855755074e+00	-5.948371508428341e-02	2178
1.026253024157538e+00	-6.918891853744182e-02	2179
1.299320756970546e-03	-2.258938693562869e-01	2180
1.775657385361619e-02	-2.444551187542468e-01	2181
3.704164338352797e-02	-2.631897627599900e-01	2182
-6.024741306979338e-02	-1.115234409725591e-01	2183
-5.529342102114720e-02	-1.294855790262378e-01	2184
-4.777494852980053e-02	-1.477467815214884e-01	2185
9.827106577945498e-01	1.762795305000682e-01	2186
9.660800480318071e-01	1.983883310638275e-01	2187
9.478931235768365e-01	2.191308993955748e-01	2188
9.283406305349725e-01	2.385664510031787e-01	2189
9.071098995195247e-01	2.569166241084695e-01	2190
8.839529114373608e-01	2.743252350591863e-01	2191
8.583060300259444e-01	2.912123259486736e-01	2192
8.295306481665639e-01	3.079745053803640e-01	2193
7.978076145348998e-01	3.242302005367749e-01	2194
7.638583305548623e-01	3.393022318671947e-01	2195
7.284194884005936e-01	3.527372056397608e-01	2196
6.923615916851441e-01	3.642540791986116e-01	2197
6.565623804742344e-01	3.737108694257190e-01	2198
6.208990928103022e-01	3.811270082620595e-01	2199
3.956087998223392e-02	2.424486326174900e-01	2200
1.018476823598500e-01	2.876041988950494e-01	2201
8.087876537748190e-02	2.740674240007667e-01	2202
4.753216783584926e-01	-4.031872005834900e-01	2203
5.176621254045189e-01	-4.030874018664729e-01	2204
-4.325999490388515e-02	1.289134349244746e-01	2205
-4.780949362760836e-02	1.183058666847040e-01	2206
-5.228702798923043e-02	1.045902404624905e-01	2207
-5.566740071793304e-02	9.276909274969940e-02	2208
-5.823014496044297e-02	8.055731368450156e-02	2209
6.107241807061473e-02	2.604186954398751e-01	2210
6.063544631240458e-03	2.060876062295411e-01	2211
-1.726005516550617e-02	1.760330312334439e-01	2212
5.147342632418171e-01	3.906690386663646e-01	2213
4.786752019382872e-01	3.908270132061253e-01	2214
4.422792566043394e-01	3.895866246908152e-01	2215
1.007661585883753e+00	1.318894976371229e-01	2216
1.018589582649583e+00	8.278825227603169e-02	2217
1.017013661141014e+00	9.420307125943837e-02	2218
1.012507809291415e+00	1.118279697898110e-01	2219
5.574411894513832e-01	-4.012391328528471e-01	2220
5.960798000189230e-01	-3.975706827070347e-01	2221
6.369208505555044e-01	-3.911056448367881e-01	2222
1.754691491866175e-01	-3.473805493500590e-01	2223
2.130980087492714e-01	-3.615277433927529e-01	2224
2.498872760029435e-01	-3.723498530416928e-01	2225
2.861005622268744e-01	-3.814735243665205e-01	2226
3.235401475287594e-01	-3.895656144068267e-01	2227
7.102774535249855e-01	-4.265861984152141e-01	2228
1.003057901880621e+00	3.777504055631019e-03	2229
-5.792191477587751e-02	1.435333477815996e-01	2230
-7.346659374865339e-02	6.728520474206505e-02	2231
-7.248437585790468e-02	7.717361620280976e-02	2232
1.012692030600765e+00	-2.039719936702934e-02	2233
-5.577641058393860e-02	-1.940655735281968e-02	2234
7.865141146408895e-01	-3.975915373800573e-01	2235
8.171392101547654e-03	2.528904834397546e-01	2236
9.072940979407703e-01	-3.236867424768296e-01	2237
1.027742217132809e-01	-3.554958451206358e-01	2238
1.009347640795941e+00	1.531633968964080e-02	2239
1.020259410258339e+00	-4.279051093896995e-02	2240
1.012062456667935e+00	2.750494396221149e-02	2241
1.007508342075032e+00	1.320851265260432e-02	2242
1.626585900274815e-01	3.705975776642264e-01	2243
1.003564756445748e+00	5.155438084549861e-03	2244
1.015163101288034e+00	3.538233545990910e-02	2245
-5.385776540868049e-02	-9.556883429001479e-03	2246
1.002928780973091e+00	2.850396048991300e-04	2247
1.002941103712939e+00	-1.311393161526197e-04	2248
1.018132988535547e+00	-3.475614458993797e-02	2249
2.722374284260627e-01	4.121372749150018e-01	2250
-7.681452925499800e-02	-1.079132947573583e-01	2251
-5.383949619455044e-02	1.751343905346745e-02	2252
-4.424896747750150e-02	6.154351803985228e-03	2253
1.035299749030984e+00	-8.804341849413355e-02	2254
1.034824739425422e+00	-7.653505447421603e-02	2255
4.112663753713645e-01	-4.537539492508526e-01	2256
7.279938936137552e-02	-3.350865647747495e-01	2257
-6.598663983980219e-02	-3.257174838132607e-02	2258
3.824101613155587e-01	4.359275529692528e-01	2259
9.543055423309625e-02	3.289651940132127e-01	2260
-4.207961465306270e-02	1.805736126604205e-01	2261
-7.385961052086287e-02	5.661650719404412e-02	2262
-3.111123508857417e-02	1.984736736220518e-01	2263
4.208196119514365e-01	4.400312942949192e-01	2264
3.079279084433046e-01	4.220028237502897e-01	2265
1.022542034294420e+00	5.562316575064802e-02	2266
7.497001457182718e-01	-4.129021171435833e-01	2267
1.004819872388144e+00	-2.103982920267921e-01	2268
4.822382846104294e-02	-3.166966362934703e-01	2269
1.014352105166503e+00	-2.700071573959113e-02	2270
1.008514967587557e+00	-1.285874044170824e-02	2271
6.489707903767828e-01	4.287281173668814e-01	2272
6.687932209486261e-01	-4.381689383949585e-01	2273
9.890424679592621e-01	-2.356044084591008e-01	2274
1.017704143842460e+00	-1.847383532461538e-01	2275
1.268083515284276e-01	3.503497419791735e-01	2276
1.002663967100723e+00	1.233867417249433e-03	2277
1.002333933115610e+00	2.207262224277752e-03	2278
1.017031629901974e+00	1.503385194699552e-01	2279
1.027104129044980e+00	-5.473011436098352e-02	2280
1.028952217242436e+00	6.555161020588138e-02	2281
1.384964028250139e-01	-3.770008593683055e-01	2282
3.715512621680013e-01	-4.492916087778483e-01	2283
1.034215102090641e+00	-6.429680972435359e-02	2284
-5.095894033337875e-02	1.607920580015078e-01	2285
-7.929268697803322e-02	-7.038677446252221e-02	2286
-7.894341793285942e-02	-8.067792714081622e-02	2287
1.002732509956987e+00	-1.096238009319361e-03	2288
1.002244095072982e+00	-3.994136683060139e-03	2289
1.003898449949365e+00	-4.993273211234980e-03	2290
1.002459352985912e+00	-2.093671258826472e-03	2291
1.010997084376091e+00	2.091465065567149e-02	2292
1.006379391538527e+00	-7.852499886912933e-03	2293
3.446756620894723e-01	4.299821650347906e-01	2294
1.005802176268437e+00	8.138771718797845e-03	2295
1.003290073241635e+00	-3.632852964900145e-03	2296
1.016646351598786e+00	4.340014608360877e-02	2297
9.316412317403251e-01	-3.022446268480162e-01	2298
9.527065697273736e-01	-2.809703916512937e-01	2299
9.715158477032160e-01	-2.591743265689632e-01	2300
-7.810003259348590e-02	-4.827001183344096e-02	2301
-7.896104335372703e-02	-5.927007755258406e-02	2302
-7.375758791928864e-02	4.604535445154185e-02	2303
1.010542345108289e+00	-1.485399636711809e-02	2304
1.002003188694584e+00	4.068668641356030e-03	2305
-7.856941638156091e-02	-9.347841848079821e-02	2306
2.007232845210745e-01	3.880315000778014e-01	2307
2.378728597810402e-01	4.015602637979575e-01	2308
-5.118823073668852e-02	-1.920098506633475e-01	2309
-3.956940922582418e-02	-2.120406167846651e-01	2310
8.202714328755756e-01	-3.811225392511793e-01	2311
8.512262697642414e-01	-3.635447422943450e-01	2312
8.801865506122589e-01	-3.444275960728811e-01	2313
-5.094987119257495e-02	-1.504375122875939e-03	2314
-6.287256340475628e-02	3.053460817489357e-02	2315
1.024505970702280e+00	-1.591356959798269e-01	2316
1.031421050130721e+00	-1.377595165185078e-01	2317
1.035060664428965e+00	-1.020003790429593e-01	2318
1.034645542721817e+00	-1.176053115495812e-01	2319
-2.703175997526797e-02	-2.336775166835624e-01	2320
2.581294603918612e-02	-2.970239329677570e-01	2321
-1.280552213645686e-02	-2.537083578242452e-01	2322
5.363395815458764e-03	-2.750769755756949e-01	2323
-7.409672337218311e-02	-1.245030156822319e-01	2324
-6.911738507240171e-02	-1.452637577958866e-01	2325
-6.169007665238173e-02	-1.664646654415879e-01	2326
1.009136420487404e+00	1.776085820686758e-01	2327
9.953355793486673e-01	2.038534149966767e-01	2328
9.791172951715884e-01	2.290825346961183e-01	2329
9.609368946037444e-01	2.528862574241823e-01	2330
9.406261788604372e-01	2.754958834380652e-01	2331
9.180250328896501e-01	2.970076120169462e-01	2332
8.928961727521293e-01	3.175533492738080e-01	2333
8.648248578650555e-01	3.375131695157257e-01	2334
8.334489493838079e-01	3.570019859022615e-01	2335
7.991289336501666e-01	3.754610212868864e-01	2336
7.626741625821200e-01	3.921951613458378e-01	2337
7.250108330033961e-01	4.067654730184183e-01	2338
6.870534018717533e-01	4.189398871623033e-01	2339
6.003438459216264e-01	4.369017124016769e-01	2340
2.941523352727044e-02	2.766407402921991e-01	2341
7.159134007607024e-02	3.119885333733719e-01	2342
4.534864971949889e-01	-4.560406699572208e-01	2343
4.970368775871120e-01	-4.568207227985490e-01	2344
-6.605846888913323e-02	1.164951369787448e-01	2345
-6.895199806807681e-02	1.027118144898645e-01	2346
-7.135947941061511e-02	8.941523429200242e-02	2347
5.115675009308643e-02	2.962462591454642e-01	2348
-8.138691865966994e-03	2.330045818192827e-01	2349
-1.979558389280977e-02	2.162266808082174e-01	2350
5.442216025606879e-01	4.418615641393825e-01	2351
4.782149966294981e-01	4.426957598393856e-01	2352
1.028674826208448e+00	7.771148648737899e-02	2353
1.028191654773579e+00	9.004713880620453e-02	2354
1.023881199689494e+00	1.254880511387332e-01	2355
1.026376360086100e+00	1.061555425476248e-01	2356
5.405094033960350e-01	-4.558876443898897e-01	2357
5.823328250759163e-01	-4.529531013950476e-01	2358
6.254217568627720e-01	-4.472323317250004e-01	2359
1.775629862995738e-01	-3.962019594611094e-01	2360
2.174995159236236e-01	-4.118584294553727e-01	2361
2.556843639811750e-01	-4.236412522323789e-01	2362
2.939909997901710e-01	-4.340546186267614e-01	2363
3.332309667911434e-01	-4.429335745381731e-01	2364
1.012207475722494e+00	1.747264874297786e-02	2365
1.026748094672941e+00	-4.296852653592901e-02	2366
1.024039658719499e+00	-3.748112853083935e-02	2367
-6.494118688649275e-02	-2.251345245824855e-02	2368
1.004997025959644e+00	-5.359226467844782e-03	2369
-8.659629314109599e-02	5.090801657554865e-02	2370
2.583883502534631e-01	4.632838420199955e-01	2371
8.268998148796842e-01	-4.369260010863897e-01	2372
3.848713435955358e-01	-5.094581162295629e-01	2373
-4.856931427456524e-02	2.219484824857714e-01	2374
-8.730977954198677e-02	6.217084173467437e-02	2375
3.961973909409013e-01	4.939139279768379e-01	2376
1.006954719957323e+00	-2.671959363978623e-01	2377
1.008849400217700e+00	-1.078182452922463e-02	2378
1.014032364865371e+00	-1.758337199008102e-02	2379
1.013168948203649e+00	-1.603361920122928e-02	2380
5.977596755191746e-02	3.543741767722662e-01	2381
-2.454478598423031e-02	2.630985637840940e-01	2382
1.003039955521769e+00	8.252937929113372e-04	2383
1.002823865033441e+00	1.832401321414090e-03	2384
1.047744577744460e+00	-1.300054532538871e-01	2385
1.007266523821085e+00	-9.204897623199561e-03	2386
1.007117667160716e+00	-6.599315153964878e-03	2387
1.006573709673250e+00	9.532677667332186e-03	2388
1.009985336720015e+00	1.291716620772779e-02	2389
1.002929244605887e+00	-1.687550556128290e-03	2390
1.003084738324064e+00	-6.647645556353834e-04	2391
-6.377730493871284e-02	-1.289013076221210e-02	2392
-5.973297060467526e-02	-2.965738162806215e-03	2393
1.227156260819168e-01	4.009125226847057e-01	2394
7.489818100301746e-01	-4.732989244279754e-01	2395
9.478110123693986e-01	-3.449794913787085e-01	2396
1.026433074250423e+00	4.930332551412103e-02	2397
-9.265061795860897e-02	-1.186249651156742e-01	2398
4.292768478848603e-01	-5.139321607849172e-01	2399
-8.129015512066623e-02	1.354617179813216e-01	2400
-8.736679880245536e-02	7.339678490879865e-02	2401
-8.717100053152899e-02	8.444091287427190e-02	2402
-6.333116451973684e-03	2.874337611284403e-01	2403
3.555181524450162e-01	4.880754517497321e-01	2404
1.043497503325767e+00	-6.997551866019143e-02	2405
1.359195598936458e-01	-4.291893701630437e-01	2406
9.216163853387859e-01	-3.702519708504938e-01	2407
9.649816433950402e-02	-4.041237160395562e-01	2408
6.299123425706814e-02	-3.797236980037338e-01	2409
3.566675861885783e-02	-3.574049449114280e-01	2410
7.056100797184900e-01	-4.884041557477634e-01	2411
7.895536761670328e-01	-4.559565761621550e-01	2412
1.161538669374916e-02	-3.342895667808411e-01	2413
1.621016697401266e-01	4.240064203829583e-01	2414
1.004117390385534e+00	4.171254734638012e-03	2415
1.004622419631588e+00	5.589225724635642e-03	2416
1.003525621004765e+00	9.452565758985958e-05	2417
-9.399177604835979e-02	-1.024061776106223e-01	2418
-6.268566434757863e-02	2.085650543423702e-02	2419
1.035823905588688e+00	1.424519752599592e-01	2420
1.045288547015792e+00	-8.186686831234957e-02	2421
8.733055889318574e-02	3.756265734259769e-01	2422
-5.859627066905281e-02	2.027309270065519e-01	2423
-7.682985505883728e-02	-3.634636715276620e-02	2424
3.153401401349607e-01	4.798774123745764e-01	2425
1.039020375923485e+00	9.957890072795024e-02	2426
1.022020200227282e+00	-2.386841458477813e-01	2427
1.015922372236624e+00	-2.294183284081335e-02	2428
1.010978919285839e+00	-1.237243022089658e-02	2429
1.035902300654091e+00	-2.099442119240209e-01	2430
1.002689984777409e+00	2.893643447569719e-03	2431
1.030463959290825e+00	-4.797912160456442e-02	2432
-6.775972095530614e-02	1.800343360071693e-01	2433
-7.473442971313821e-02	1.601125993658815e-01	2434
-9.265860459942690e-02	-6.431562609717612e-02	2435
1.002860799337368e+00	-2.763815985455643e-03	2436
1.004385430271795e+00	-3.961837546812795e-03	2437
1.013983138092093e+00	2.367190695286987e-02	2438
1.008009640649220e+00	1.119683247039000e-02	2439
1.006626197481630e+00	6.957364463397103e-03	2440
1.023123426014554e+00	4.410298672456011e-02	2441
1.020871475023484e+00	3.852012900518600e-02	2442
9.704447577974168e-01	-3.194916032445319e-01	2443
9.898300274255866e-01	-2.939304863339383e-01	2444
-9.118504979122473e-02	-5.271394739286037e-02	2445
-9.343285078207847e-02	-7.589987181590158e-02	2446
-9.389777802492985e-02	-8.728287521557197e-02	2447
2.026300555615992e-01	4.430699398631866e-01	2448
-4.484867839936170e-02	-2.603606330228179e-01	2449
8.610427765769419e-01	-4.164397225797509e-01	2450
8.925161795750652e-01	-3.942800685575366e-01	2451
-5.320614403809024e-02	7.606211527696225e-03	2452
-7.339834012988639e-02	3.460415223686617e-02	2453
1.046679995086907e+00	-9.520037533971190e-02	2454
1.040040384851007e+00	-1.768413891186876e-01	2455
1.044058094524487e+00	-1.536715283898092e-01	2456
1.047900045637140e+00	-1.101058255091885e-01	2457
-6.806001692568432e-02	-2.143523897786617e-01	2458
-5.760172337718092e-02	-2.359680020311552e-01	2459
-2.938440299528407e-02	-2.849396911709990e-01	2460
-1.033853444591695e-02	-3.088281979310997e-01	2461
-9.022807596703242e-02	-1.387975976398617e-01	2462
-8.494628940534245e-02	-1.620829678221528e-01	2463
-7.803938662943766e-02	-1.872440831273020e-01	2464
1.031220292248402e+00	1.696771073391754e-01	2465
1.021426234742529e+00	2.012942316951218e-01	2466
1.011530039929421e+00	2.328133994916955e-01	2467
9.959642070252486e-01	2.616543538436156e-01	2468
9.776104904837404e-01	2.893064730050973e-01	2469
9.563720981430633e-01	3.158430208362178e-01	2470
9.321194142587632e-01	3.412496813375416e-01	2471
9.047867584093605e-01	3.655859407599910e-01	2472
8.740172654386653e-01	3.891467954269544e-01	2473
8.396835143533953e-01	4.117645144765620e-01	2474
8.023545911773629e-01	4.327256758502761e-01	2475
7.630462462199671e-01	4.513037775723453e-01	2476
7.227643675286671e-01	4.671097541191329e-01	2477
6.817203772220966e-01	4.790620479564670e-01	2478
6.340495221029090e-01	4.908712248478515e-01	2479
4.744106608035357e-01	-5.160674683739651e-01	2480
-8.469270984205031e-02	1.129135109576263e-01	2481
-8.648493567938273e-02	9.870995074281486e-02	2482
3.807399299626056e-02	3.346469686744414e-01	2483
1.587542839606301e-02	3.137137086204054e-01	2484
-3.789141862137194e-02	2.412195440053179e-01	2485
5.773448923712028e-01	4.981246534501411e-01	2486
5.122132407115461e-01	5.010523676575929e-01	2487
4.474448548892558e-01	4.995717241611347e-01	2488
1.037874676254523e+00	7.191936246906931e-02	2489
1.038798280893837e+00	8.438581160055880e-02	2490
1.038692374826160e+00	1.178080748935450e-01	2491
5.203630820952396e-01	-5.162755077942881e-01	2492
6.596768254696997e-01	-5.007606355366894e-01	2493
5.659595743775934e-01	-5.142045595069078e-01	2494
6.121633479361756e-01	-5.095471550075814e-01	2495
1.781973127629432e-01	-4.509111407783714e-01	2496
2.203462039433655e-01	-4.681007672997818e-01	2497
2.601385435412437e-01	-4.810672771015539e-01	2498
3.009817897905024e-01	-4.928866475984551e-01	2499
3.429152539982154e-01	-5.021561523343180e-01	2500
1.014430604614153e+00	2.010736040764838e-02	2501
5.463498990716376e-01	-5.813146895709863e-01	2502
1.010243679455330e+00	1.063930452761948e-02	2503
5.070127338509974e-02	-4.299076123596484e-01	2504
1.030510630476354e+00	5.611402168377182e-02	2505
-1.026523216331364e-01	1.269112668220819e-01	2506
-9.984338950508877e-02	1.532107550191501e-01	2507
4.152564862204493e-01	5.609232545377127e-01	2508
2.008657533209771e-02	-4.027476302160850e-01	2509
1.043253562429530e+00	-5.971916826372566e-02	2510
8.735083337714937e-01	-4.755394994773090e-01	2511
-1.109610978149596e-01	-1.305831834955190e-01	2512
-1.060485270541236e-01	-5.661189222303958e-02	2513
1.167252327970512e-01	4.575489024536444e-01	2514
1.038437233962935e+00	6.185219714999375e-02	2515
1.016029489792682e+00	-2.028642966107937e-02	2516
1.008528284767440e+00	9.305046086870309e-03	2517
1.007403722290903e+00	8.243855397572998e-03	2518
1.007999855972544e+00	-7.841135965505988e-03	2519
-1.026293273515946e-01	6.742576577101414e-02	2520
4.542232864335886e-02	4.020548824236972e-01	2521
1.043581443966134e+00	-2.682602674607623e-01	2522
-7.518562921599323e-02	-2.535582041263447e-02	2523
9.679099230724394e-01	-3.918534939066768e-01	2524
-5.986765206493008e-03	-3.752515525467114e-01	2525
-8.900839855347663e-02	-3.970568104773547e-02	2526
1.595450803606708e-01	4.835905390008410e-01	2527
-7.872681614209631e-02	2.252724445623314e-01	2528
1.062503400668328e+00	-1.201245571829066e-01	2529
4.729566919057363e-01	-5.817218759430858e-01	2530
4.004290227944198e-01	-5.763558118998819e-01	2531
7.486225232141843e-01	-5.411925148680399e-01	2532
8.811942732490256e-02	-4.587486939116087e-01	2533
1.030356637943461e+00	-3.775556246145468e-02	2534
1.033538012079832e+00	-4.176254777553676e-02	2535
1.020307189524147e+00	3.288330789384459e-02	2536
1.016260115796511e+00	2.718707559305383e-02	2537
-7.427921716688549e-02	-1.666716139903715e-02	2538
-1.113053300632191e-01	-1.117007980764804e-01	2539
-8.536565384734096e-02	3.829866109743052e-02	2540
3.459019406345603e-01	5.466271531766989e-01	2541
8.355587974122943e-01	-4.995733767518043e-01	2542
1.028952232327551e+00	-3.000592805071156e-01	2543
1.006328923689541e+00	-5.484476371035722e-03	2544
1.009215104376826e+00	-8.828674238705885e-03	2545
1.983458432640121e-02	3.769203305668284e-01	2546
-4.373875634002417e-02	2.964826556223044e-01	2547
1.003705921759427e+00	3.141855191920074e-03	2548
1.003309188218155e+00	1.406314625359828e-03	2549
1.012989251531970e+00	-1.401902808653111e-02	2550
1.011837033307813e+00	1.468668260100476e-02	2551
1.005592230477633e+00	-4.269199168067276e-03	2552
1.003390029771620e+00	-1.230781559749714e-03	2553
6.999654757448214e-01	-5.578132115641572e-01	2554
1.035052372637554e+00	-5.456602696597489e-02	2555
-1.039859296039903e-01	9.212361111340937e-02	2556
1.052756078275758e+00	1.322150659936974e-01	2557
1.054424732145951e+00	-7.440666570318216e-02	2558
7.938976616688012e-01	-5.215664831069617e-01	2559
1.005929504219703e+00	5.803016519458300e-03	2560
1.005289029292388e+00	4.553833129652213e-03	2561
-6.988104891398271e-02	-4.657268370367362e-03	2562
7.722318934004267e-02	4.281705982084069e-01	2563
-1.012958177745411e-01	5.534314296534749e-02	2564
2.709941207575638e-01	5.294836440057435e-01	2565
1.060148914788573e+00	-1.015638287821705e-01	2566
1.018506667320842e+00	-2.631360651038381e-02	2567
1.023003484823020e+00	-3.180710448583533e-02	2568
1.011047606239228e+00	-1.004852799202451e-02	2569
1.052100864128195e+00	-2.355330477531399e-01	2570
1.002958601880203e+00	2.515723003989283e-03	2571
-8.747078606253690e-02	2.010104510207741e-01	2572
-9.368514403703003e-02	1.777124845717794e-01	2573
-1.081563179212353e-01	-6.897675825701677e-02	2574
1.003107435723880e+00	-2.366508859966746e-03	2575
1.003900379961401e+00	-2.950517466390704e-03	2576
1.029996896850264e+00	4.345359916449168e-02	2577
1.027146198758134e+00	3.928035383891421e-02	2578
9.921179397055518e-01	-3.614012488885376e-01	2579
1.012252069091284e+00	-3.309704884408532e-01	2580
-1.109326866790420e-01	-9.446635440468515e-02	2581
-1.095073939669232e-01	-8.077669564001536e-02	2582
-1.032927932150385e-01	7.896009787612118e-02	2583
2.115312898241158e-01	5.080206768090454e-01	2584
9.081817439927392e-01	-4.496817826083222e-01	2585
9.397385562465802e-01	-4.216172847592645e-01	2586
-6.288918725236874e-02	8.638309283808475e-03	2587
-7.265850295736960e-02	2.396918027035843e-02	2588
1.059756835023771e+00	-1.958801520272087e-01	2589
1.060988364548804e+00	-1.684738691611703e-01	2590
1.062499714082324e+00	-1.444148308416756e-01	2591
-8.884122069833054e-02	-2.369595928424743e-01	2592
-7.909269170055469e-02	-2.617787613589504e-01	2593
-6.555231129818552e-02	-2.894936998152414e-01	2594
-4.906500322338194e-02	-3.189660241979232e-01	2595
-2.942689082070892e-02	-3.461441288178249e-01	2596
-9.777844641724211e-02	-2.090510738871747e-01	2597
-1.090216354534385e-01	-1.547223345971274e-01	2598
-1.041312437421226e-01	-1.801461834967641e-01	2599
1.051573795249738e+00	1.594925479740892e-01	2600
1.046620262983480e+00	1.922205847323686e-01	2601
1.040095076384158e+00	2.250542587727668e-01	2602
1.033652435839437e+00	2.641613927668057e-01	2603
1.016665745309733e+00	2.961508512228993e-01	2604
9.981716368922702e-01	3.284813448558371e-01	2605
9.759041810239151e-01	3.598640740431404e-01	2606
9.498724603915486e-01	3.899669605005067e-01	2607
9.200711930440353e-01	4.188714752054558e-01	2608
8.862208483347273e-01	4.466856315559849e-01	2609
8.484664750533558e-01	4.729232300372191e-01	2610
8.076688164812381e-01	4.967183064863736e-01	2611
7.650086145479352e-01	5.173522372790115e-01	2612
7.191070329558936e-01	5.328609141584543e-01	2613
6.731415384138709e-01	5.482389018436615e-01	2614
-1.036571207603297e-01	1.078043940888588e-01	2615
-2.425223340761911e-02	3.252672758256086e-01	2616
-9.043661580638326e-04	3.538849098493150e-01	2617
-5.879069675807669e-02	2.690072368215612e-01	2618
-6.999495091622086e-02	2.463280091112466e-01	2619
6.137937009813321e-01	5.598989780957961e-01	2620
5.477545494323358e-01	5.652534267566262e-01	2621
4.786860791391046e-01	5.656964607478018e-01	2622
1.050569684655220e+00	9.194950429183889e-02	2623
1.048570898293381e+00	7.749316116266622e-02	2624
1.057328036960003e+00	-8.733287988595564e-02	2625
1.052295251104579e+00	1.091350938068872e-01	2626
5.959888033491655e-01	-5.784351543786204e-01	2627
6.483104615892599e-01	-5.706461040526107e-01	2628
1.314433631515105e-01	-4.876972832407465e-01	2629
1.769391487623121e-01	-5.120639212538638e-01	2630
2.212309545713501e-01	-5.308621690582539e-01	2631
2.631252118647150e-01	-5.453631669876265e-01	2632
3.305391654361490e-01	-5.627555536410181e-01	2633
1.010463792713184e+00	8.598014003759875e-03	2634
-1.032823367403589e-01	-4.393249334612290e-02	2635
1.025535264040754e+00	3.521912966636907e-02	2636
1.017789045572060e+00	2.290825239787036e-02	2637
1.198003121534301e-03	-4.533052797906912e-01	2638
-8.621109143803668e-02	-2.386352317714361e-02	2639
7.992127486491005e-01	-5.954038479149933e-01	2640
-2.710416802443476e-02	-4.200382136970405e-01	2641
-7.302125295872766e-02	8.930925569394026e-03	2642
1.018113851073985e+00	-4.067742687543455e-01	2643
9.273406781208200e-01	-5.113269206618944e-01	2644
7.477480676172111e-01	-6.176090249515145e-01	2645
3.564447850195524e-02	-4.863017192697042e-01	2646
-1.321203301294365e-01	-1.438902602800299e-01	2647
1.015005266996748e+00	1.637533235958887e-02	2648
5.100215334505074e-01	-6.556885701081756e-01	2649
-1.215586649273843e-01	8.435062796768629e-02	2650
1.023963305598954e+00	-2.638643172546058e-02	2651
1.007749769284852e+00	-5.317887601994911e-03	2652
1.007347580273232e+00	5.737429902843550e-03	2653
1.006915563581945e+00	-4.300261511040314e-03	2654
-8.136879119270168e-02	-7.309959535179916e-03	2655
-1.118838034691931e-03	4.242377974614838e-01	2656
6.466135308530876e-02	4.871854998809453e-01	2657
1.028413717145488e+00	-3.376615557891745e-02	2658
1.015614264318863e+00	-1.480986879834230e-02	2659
1.003514520305904e+00	2.077772056461905e-03	2660
1.013231408460966e+00	-1.138444150807421e-02	2661
-1.219991363397978e-01	-2.313683266495432e-01	2662
-1.314374404696252e-01	-1.211301626408356e-01	2663
-1.230861870788073e-01	1.000669477279304e-01	2664
-1.242985168538474e-01	1.422244345017734e-01	2665
1.003795729184037e+00	-6.475809939244666e-04	2666
1.039037583546973e+00	5.281196001024205e-02	2667
6.920480973267085e-01	-6.356926999054765e-01	2668
1.055420543571503e+00	-3.342132345747040e-01	2669
9.924024516678009e-01	-4.430826911631471e-01	2670
-1.236372521658625e-01	1.181747121926919e-01	2671
1.082456875192532e-01	5.207760159137188e-01	2672
-1.032112444626011e-01	2.476738860291527e-01	2673
1.034193062371980e+00	4.951301078199779e-02	2674
1.052468409262368e+00	-6.395035656905229e-02	2675
5.753434953670509e-01	-6.516916573927277e-01	2676
-1.228426310890955e-01	-5.998713093723032e-02	2677
1.012296078490591e+00	1.211629652804072e-02	2678
4.418613639260977e-01	6.355579757502952e-01	2679
-1.302425688079900e-01	-1.023901337543845e-01	2680
1.596656789141683e-01	5.523779685205913e-01	2681
1.075584684609863e+00	-2.589454820616945e-01	2682
1.017389534249160e+00	-1.718760497501990e-02	2683
1.009037009276612e+00	7.644547629865266e-03	2684
1.008213567943227e+00	6.879243242766444e-03	2685
1.008707771036091e+00	-6.406049565722576e-03	2686
1.009595072593447e+00	-7.116131798276124e-03	2687
2.850803004971605e-02	4.556140071652551e-01	2688
1.065772412846038e+00	-2.976776863443809e-01	2689
-4.571563828476789e-02	3.667098941740353e-01	2690
-2.396489420801129e-02	3.957324582695163e-01	2691
1.064617866789423e+00	9.939666268437886e-02	2692
1.075689761126894e+00	-1.089730118910285e-01	2693
8.890325539702686e-01	-5.417381214095947e-01	2694
1.021710096807868e+00	2.766396792004465e-02	2695
-1.179758444670227e-01	5.932482542281817e-02	2696
8.462698192848050e-01	-5.699541665791147e-01	2697
-6.651705693889903e-02	3.329557346238998e-01	2698
1.003748820709779e+00	8.505756309092350e-04	2699
1.011102390365715e+00	-7.972357042387015e-03	2700
1.004845367288681e+00	3.413034267132825e-03	2701
1.006596663272374e+00	4.673860508956101e-03	2702
1.005064987676424e+00	-3.150065135431086e-03	2703
1.043199872558250e+00	-5.052702250129238e-02	2704
1.038187224689292e+00	-4.759989491891838e-02	2705
3.669235198057262e-01	6.230560796099283e-01	2706
1.067818756917401e+00	1.206232193514144e-01	2707
1.047495929064158e+00	6.685976694246688e-02	2708
-9.940109183363167e-02	4.294244274172560e-02	2709
2.939113582679072e-01	6.045586572215470e-01	2710
-1.111663695367718e-01	2.230619739470746e-01	2711
-1.164095616813999e-01	1.960907165553488e-01	2712
-1.205351841011248e-01	1.710857576610929e-01	2713
1.003638284307317e+00	-1.892010575941995e-03	2714
1.033480940408702e+00	3.807014891733428e-02	2715
1.036570574271978e+00	-3.605197265055147e-02	2716
1.038940513105983e+00	-3.703728647601460e-01	2717
-1.278721407683412e-01	-8.555786715720415e-02	2718
-1.256061614608318e-01	-7.282436182853638e-02	2719
-1.199842581502459e-01	7.194526066343079e-02	2720
2.196601185891660e-01	5.806284494562129e-01	2721
9.620253467229548e-01	-4.782581135509130e-01	2722
-8.386473043964730e-02	2.671791495240984e-02	2723
1.080610869287272e+00	-2.203439454140835e-01	2724
1.079084848149127e+00	-1.322387403353429e-01	2725
1.081894590968388e+00	-1.829873567028812e-01	2726
1.080805690107205e+00	-1.575947676431745e-01	2727
-1.135390247920679e-01	-2.601919336231694e-01	2728
-1.041161878736264e-01	-2.902082362361146e-01	2729
-5.232136829160729e-02	-3.872767019625319e-01	2730
-9.023015084891350e-02	-3.215678657404214e-01	2731
-7.272926257451393e-02	-3.556079044142395e-01	2732
-1.301802203228531e-01	-1.713934274390931e-01	2733
-1.268966272649301e-01	-1.995243681800936e-01	2734
1.070087279263805e+00	1.469647328837911e-01	2735
1.069758546934216e+00	1.794007989626049e-01	2736
1.067192190921298e+00	2.138641770776564e-01	2737
1.064230851870289e+00	2.497500703284456e-01	2738
1.053581200534880e+00	2.958018778669201e-01	2739
1.042134817912807e+00	3.329605093868996e-01	2740
1.022916052683600e+00	3.705295564736847e-01	2741
9.996439025240033e-01	4.077206148536930e-01	2742
9.717687949151121e-01	4.435239593724734e-01	2743
9.391617243631307e-01	4.779371680768323e-01	2744
9.017458957873050e-01	5.107914427897320e-01	2745
8.600224957453856e-01	5.412282714665907e-01	2746
8.150925685868179e-01	5.682518839174379e-01	2747
7.409677525176811e-01	5.996372578961682e-01	2748
-8.307453858848643e-02	3.002179233672414e-01	2749
-9.485370263112691e-02	2.726434871798790e-01	2750
6.571913012000163e-01	6.260266695249522e-01	2751
5.865521859255357e-01	6.358267783627716e-01	2752
5.137964739708780e-01	6.386911772390805e-01	2753
1.071279521571778e+00	-9.192848335788380e-02	2754
1.060996635915906e+00	8.326991060040793e-02	2755
1.066918234349917e+00	-7.837444019799297e-02	2756
4.310791980552891e-01	-6.520797497679915e-01	2757
6.332130113105382e-01	-6.482862930690583e-01	2758
7.737347474463611e-02	-5.197603433049119e-01	2759
1.245892081142628e-01	-5.530997645166879e-01	2760
1.732815019362018e-01	-5.802530859271416e-01	2761
2.205140660307600e-01	-5.988926720093111e-01	2762
2.790421619171907e-01	-6.202667824424160e-01	2763
3.514194066722621e-01	-6.395168606905370e-01	2764
-1.321146672697479e-01	-3.204474679434789e-01	2765
9.506303552022107e-01	-5.798246280243645e-01	2766
-8.173820509949806e-02	1.314798365019777e-02	2767
8.588064509413764e-01	-6.491667191913911e-01	2768
5.476101454351023e-01	-7.362232857752874e-01	2769
1.013090768869003e+00	-9.028601336988930e-03	2770
1.015484904263558e+00	-1.293301310991238e-02	2771
1.051473842726671e+00	-5.448282193351972e-02	2772
1.006248140070954e+00	-3.265198743604469e-03	2773
1.040870517425739e+00	-4.124815267389596e-02	2774
3.916415434853554e-01	7.078415026944772e-01	2775
8.047028070625017e-01	-6.786776124277260e-01	2776
-1.518959318685927e-01	-1.101131288064494e-01	2777
-1.557535473515701e-01	-1.588386207932093e-01	2778
1.011167530422333e+00	-6.095811880302266e-03	2779
9.886945723715562e-01	-5.407893059577136e-01	2780
-7.324567037142923e-02	4.100743973597423e-01	2781
-5.185081485521038e-02	4.417555905140848e-01	2782
1.070791879461997e+00	-4.126277374594223e-01	2783
9.074540087482423e-01	-6.159813864810719e-01	2784
1.037358407251771e+00	4.348653062842742e-02	2785
1.047156712061714e+00	5.734781075055149e-02	2786
-8.644211303721941e-02	5.504820671155796e-03	2787
9.987095783883426e-02	5.929793192175750e-01	2788
1.601523231610510e-01	6.303891539057966e-01	2789
-1.546361528885764e-01	-1.313618590350304e-01	2790
1.021250910974136e+00	-2.249006027284901e-02	2791
4.664629149316003e-01	-7.359068089163184e-01	2792
1.105895187970663e+00	-2.023440029324612e-01	2793
1.106210273254969e+00	-2.431616086986340e-01	2794
1.095723115708863e+00	-3.256770050992913e-01	2795
-1.390599194284763e-01	7.558263182171751e-02	2796
1.058862178356773e+00	7.091495975014370e-02	2797
4.904186228541054e-02	5.532462379709837e-01	2798
-5.316644004411622e-02	-4.695430876087695e-01	2799
1.769350332826908e-02	-5.496450369095613e-01	2800
1.017926987440967e+00	1.887434183262693e-02	2801
-1.193725117599836e-01	-4.697104523281526e-02	2802
1.022731442783626e+00	2.287808633265525e-02	2803
-7.910555648687564e-02	-4.327248954444594e-01	2804
7.449558819396338e-01	-7.037055060991542e-01	2805
1.048846802881669e+00	-4.556299793320223e-01	2806
-2.132601835906798e-02	-5.097443229692257e-01	2807
1.019636015383470e+00	-2.004732860089028e-02	2808
-1.448745922095523e-01	-7.580267313034672e-02	2809
1.008289842386398e+00	-4.026134103596604e-03	2810
1.008875152350479e+00	5.482231508385658e-03	2811
1.004292055962151e+00	1.178305885182399e-04	2812
-1.153403554053729e-01	4.651910820283274e-02	2813
-2.531867749854058e-02	4.771347398642399e-01	2814
1.028010783317150e+00	-2.994477798254356e-02	2815
1.018774680239350e+00	-1.430097158167635e-02	2816
1.004066131019307e+00	1.545934025602900e-03	2817
1.014399618862849e+00	1.381055526564541e-02	2818
1.004409458861043e+00	2.482248488731468e-03	2819
1.083879760153710e+00	-3.688696840728274e-01	2820
1.021728778810085e+00	-4.989450808082492e-01	2821
-1.471250187257256e-01	1.293268305605448e-01	2822
6.799075339574953e-01	-7.228507789297999e-01	2823
-1.446492456175855e-01	1.081748759383720e-01	2824
1.012349911931548e+00	9.785261308285494e-03	2825
-1.487532059566669e-01	-9.094305301488345e-02	2826
-1.422815937866393e-01	8.999948817091967e-02	2827
1.102123496796763e+00	-2.861431339125239e-01	2828
1.010675127588363e+00	6.747904896438417e-03	2829
1.009263791077259e+00	-4.951134366490779e-03	2830
8.403789824571560e-03	5.156032479786156e-01	2831
-9.455362805265510e-02	-1.256036623624191e-02	2832
-9.983957915868147e-02	-2.918795434410207e-02	2833
1.063653501727613e+00	-6.666744588114566e-02	2834
1.025439840096981e+00	3.143891126401502e-02	2835
-9.323308627328078e-02	3.727830170746528e-01	2836
1.007978729935045e+00	4.497575470070733e-03	2837
1.006009617379154e+00	3.604679340156497e-03	2838
1.004157565096895e+00	-1.324363457889403e-03	2839
1.081088047548944e+00	1.079968370789422e-01	2840
3.119970372753446e-01	6.884634744752417e-01	2841
-1.377775054738609e-01	2.450597694441151e-01	2842
-1.432569852470630e-01	2.151811587185946e-01	2843
-1.456989317927546e-01	1.878471681265688e-01	2844
-1.473626361288103e-01	1.595132186254699e-01	2845
1.004563463034676e+00	-2.242460053535701e-03	2846
-1.416934864875194e-01	-6.251603636478534e-02	2847
-1.367692452560426e-01	6.252749076045878e-02	2848
2.345607191754081e-01	6.632262688959798e-01	2849
-9.734317093837969e-02	3.050697700007956e-02	2850
1.093554010088626e+00	-1.181983758047690e-01	2851
1.102667093378906e+00	-1.692771870269714e-01	2852
-1.488685191871401e-01	-2.541867566538362e-01	2853
-1.428198292290681e-01	-2.850280621483020e-01	2854
-1.004778728943475e-01	-3.948112427798814e-01	2855
-1.190933138811752e-01	-3.568539584048150e-01	2856
-1.555229219174559e-01	-1.879557517782758e-01	2857
-1.540573643630265e-01	-2.191982558996169e-01	2858
1.086469599595353e+00	1.325925733370519e-01	2859
1.098814297278482e+00	-1.435862158237028e-01	2860
1.090425882318075e+00	1.637763955194753e-01	2861
1.092385301032762e+00	1.988685261653024e-01	2862
1.092949602302591e+00	2.345962543401507e-01	2863
1.089841511437761e+00	2.805728293029789e-01	2864
1.082064103070674e+00	3.255282041050227e-01	2865
1.068317580707584e+00	3.707165315264587e-01	2866
1.052559126604264e+00	4.157990096193176e-01	2867
1.028064188498172e+00	4.595579081424402e-01	2868
9.982297541802548e-01	5.023326756215032e-01	2869
9.624600898925583e-01	5.434205773230624e-01	2870
9.209312208178039e-01	5.822428402717829e-01	2871
8.745230463573476e-01	6.176120262303333e-01	2872
8.072226664115850e-01	6.550610804189521e-01	2873
-1.111546653507634e-01	3.349961545338022e-01	2874
-1.230489728123105e-01	3.009479882373141e-01	2875
-1.320947103312965e-01	2.711761063069702e-01	2876
7.225503863475183e-01	6.895805903460061e-01	2877
6.328481065277323e-01	7.121769049747829e-01	2878
5.533128717305635e-01	7.189923566712766e-01	2879
4.744134159480890e-01	7.182843483618541e-01	2880
1.087338659762949e+00	-9.681800263244264e-02	2881
1.081179464964924e+00	-8.123219959599831e-02	2882
1.075584162893892e+00	8.862915577348179e-02	2883
6.089500463318521e-01	-7.328218900758163e-01	2884
6.320522459449258e-02	-5.880432981855387e-01	2885
1.147710159047789e-01	-6.259942167142746e-01	2886
1.697823561058273e-01	-6.562653874250008e-01	2887
3.781951364176340e-01	-7.250603309892197e-01	2888
2.234048473167526e-01	-6.795286692773831e-01	2889
2.946168647746274e-01	-7.045749962654515e-01	2890
-8.370200057928075e-02	-5.250547377144184e-01	2891
-1.063431478646400e-01	4.555671185828937e-01	2892
3.315817924629386e-01	7.825608151150846e-01	2893
1.050670516712483e+00	-4.529114182799711e-02	2894
-1.756401253174420e-01	-3.134017376166329e-01	2895
1.005664046538099e+00	-2.275400561923934e-03	2896
1.047026641823445e+00	4.822935659544871e-02	2897
4.219493381086558e-01	8.019031237101816e-01	2898
1.132428453560647e+00	-4.068287234496352e-01	2899
9.110971779777183e-02	6.751224816451280e-01	2900
5.062564317651546e-01	-8.279707874470676e-01	2901
-1.527969587875291e-01	-3.958528405645577e-01	2902
-1.374553509794106e-01	-4.901616522628688e-02	2903
1.014658983252123e+00	1.108210030930505e-02	2904
1.085083504403090e+00	-5.082731630822060e-01	2905
1.011004438027926e+00	-4.205118181449604e-03	2906
1.009713948002204e+00	-3.503032562499999e-03	2907
1.004978544804636e+00	1.743014446693687e-03	2908
1.025866023515666e+00	-2.215685217844419e-02	2909
1.028927457157606e+00	-2.476993897698802e-02	2910
7.380281183616777e-01	-8.006997093839425e-01	2911
5.829020344301031e-01	-8.231415445715051e-01	2912
1.056089628196109e+00	-5.598584121087669e-01	2913
-1.835070696905263e-01	-1.730227577201885e-01	2914
1.007446560713511e+00	-3.103784548465962e-03	2915
-1.264158613783957e-01	4.146730889265496e-01	2916
1.004631405731174e+00	-6.516985881048980e-04	2917
1.026565504450132e+00	2.629043461033089e-02	2918
1.128931365388274e+00	-3.578235685820694e-01	2919
-1.767545870672678e-01	-1.173193678253662e-01	2920
-1.435216836208703e-01	3.734653465010021e-01	2921
-1.814422413780352e-01	-1.435160550044132e-01	2922
1.033347873234705e+00	-3.133752270440529e-02	2923
-9.489725610784303e-02	1.630615169168071e-02	2924
-1.660285932176241e-01	-3.521525401631188e-01	2925
-1.339331914914466e-01	-4.375285170358016e-01	2926
1.133958436660104e+00	-2.223785169879550e-01	2927
1.071948165531337e+00	7.490210528692372e-02	2928
1.061242001822988e+00	-5.828725400392234e-02	2929
8.724974160170490e-01	-7.386128301704914e-01	2930
1.636455193303536e-01	-7.418128281018994e-01	2931
4.106422275470960e-01	-8.200650421106275e-01	2932
9.779959303028161e-01	-6.562450636210695e-01	2933
6.570266893103214e-01	-8.194771157376436e-01	2934
1.012955861168846e+00	-6.973180230135012e-03	2935
1.015513314518796e+00	-1.016095581651139e-02	2936
1.056733192331886e+00	6.179345325524706e-02	2937
1.007209617203368e+00	3.525649500271128e-03	2938
8.089764760027849e-01	-7.728423439944229e-01	2939
1.017851706520787e+00	1.494874970254553e-02	2940
1.009431088760068e+00	4.078800968109191e-03	2941
1.020403453495034e+00	-6.096415106781777e-01	2942
-1.554186913191780e-02	5.826110211997132e-01	2943
1.104119034348567e+00	-4.565741439902890e-01	2944
9.287803197336140e-01	-6.994193275749857e-01	2945
1.040647423508323e+00	3.710681345206111e-02	2946
1.043619838700651e+00	-3.454846094065916e-02	2947
-8.377154238987793e-02	4.935605438463345e-01	2948
1.136305250592801e+00	-2.675484386479733e-01	2949
3.174668907284075e-02	6.283405689857074e-01	2950
-1.115193900841598e-01	-4.818945306287326e-01	2951
-4.763696503210300e-02	-5.729402615745389e-01	2952
1.020945020945445e+00	-1.687234269173631e-02	2953
-1.125975698442186e-01	3.399563979784254e-02	2954
-5.339705305145708e-02	5.361010806968446e-01	2955
1.004580779224495e+00	9.060672574610752e-04	2956
-1.696918132604473e-01	1.156864784915058e-01	2957
-1.654862611664551e-01	9.586418526565504e-02	2958
1.010659761712616e+00	4.865362744162103e-03	2959
-1.719901830247546e-01	-9.669504399424782e-02	2960
-1.645774175105050e-01	-7.121937826597899e-02	2961
-1.333436726543650e-01	4.916297083034466e-02	2962
1.134918913645983e+00	-3.115552540678536e-01	2963
1.012380528513620e+00	7.745111207374740e-03	2964
-1.103253424783696e-01	-1.673362751032892e-02	2965
-1.146409488431086e-01	-3.189560814273994e-02	2966
1.030638841572133e+00	3.319897645112414e-02	2967
1.005499161305887e+00	2.585394708302135e-03	2968
1.005084770888863e+00	-1.464427955660889e-03	2969
-1.740905208206455e-01	2.360693712195272e-01	2970
-1.740132543292996e-01	1.438277665617092e-01	2971
-1.753440228621589e-01	2.040973182029407e-01	2972
-1.749160816859025e-01	1.750425188982643e-01	2973
-1.591736888004024e-01	7.165578648515783e-02	2974
2.477033482767080e-01	7.553847023707749e-01	2975
1.654922267205190e-01	7.199302038006993e-01	2976
-1.013736572230955e-01	1.192938184014704e-03	2977
-1.815282786129173e-01	-2.758577765578553e-01	2978
-1.853813953040653e-01	-2.043009257562003e-01	2979
-1.843082856691448e-01	-2.408079115391392e-01	2980
1.100638719637642e+00	1.168921894068828e-01	2981
1.114461029944000e+00	-1.270437069018614e-01	2982
1.108393596389315e+00	1.460161709181077e-01	2983
1.121677903829890e+00	-1.532151293069038e-01	2984
1.114960432128770e+00	1.804421119726899e-01	2985
1.128464509610552e+00	-1.832972245747047e-01	2986
1.119685128574330e+00	2.167912359244714e-01	2987
1.122653320900358e+00	2.603158612527720e-01	2988
1.121177018279686e+00	3.097607154245152e-01	2989
1.113980516343885e+00	3.605600560251180e-01	2990
1.103197592306612e+00	4.089042763719476e-01	2991
1.083896612080320e+00	4.628075082298053e-01	2992
1.061923879874213e+00	5.158644700002352e-01	2993
1.029710782429801e+00	5.668717563390063e-01	2994
9.903751119184143e-01	6.160328655326180e-01	2995
9.440894674494147e-01	6.619749381341299e-01	2996
8.803254957284807e-01	7.089140695557929e-01	2997
-1.563748729645193e-01	3.317039254969433e-01	2998
-1.650909074955934e-01	2.973645242278535e-01	2999
-1.700419997526875e-01	2.656708113450358e-01	3000
7.971012477679928e-01	7.533932880166333e-01	3001
6.992995988783498e-01	7.888039979842051e-01	3002
6.006601982500429e-01	8.066191038823114e-01	3003
5.129911784831541e-01	8.095819758560278e-01	3004
1.105908393635026e+00	-1.029574455106825e-01	3005
1.076258069553253e+00	-6.870734358117285e-02	3006
1.097437608155833e+00	-8.377068653427036e-02	3007
1.092596841206243e+00	9.447241134785474e-02	3008
-4.618579558109832e-03	-6.205009679519602e-01	3009
4.538227281948337e-02	-6.644084850819670e-01	3010
1.043909332095185e-01	-7.079999052732945e-01	3011
3.147913343041873e-01	-7.994925760978919e-01	3012
2.302454986019407e-01	-7.711400093050496e-01	3013
1.055729954319424e+00	5.208389959792981e-02	3014
1.123946999825415e+00	-5.638662895214739e-01	3015
-1.986064920010872e-01	1.253431291732169e-01	3016
1.008779903005869e+00	-2.733763886256583e-03	3017
1.175774779075821e+00	-3.785337574793163e-01	3018
1.172475180095200e+00	-3.397602869164507e-01	3019
3.563822782962113e-01	8.879909100568417e-01	3020
8.097013574962371e-01	-8.795521932416551e-01	3021
1.005525593542016e+00	9.709311050278029e-04	3022
1.006106039422901e+00	-1.348436692433529e-03	3023
1.032895454578957e+00	2.726152099502922e-02	3024
1.282749221204163e-02	7.138369407136551e-01	3025
8.860536290117796e-01	-8.400546442451600e-01	3026
1.012807558887675e+00	-4.979932957820607e-03	3027
1.018023157841233e+00	-1.158785555018275e-02	3028
2.414028550421030e-01	-8.748724189216966e-01	3029
1.096010679150951e+00	-6.259842633839915e-01	3030
1.045219733404201e+00	4.342290918191542e-02	3031
1.072430053861465e+00	-5.961776550011833e-02	3032
8.505643481621339e-02	7.698571508597352e-01	3033
9.040838287578536e-02	-7.993551989032488e-01	3034
1.023393825093411e+00	-1.920795630767343e-02	3035
1.005166232551197e+00	1.452647966763089e-04	3036
1.027431688653373e+00	2.151490131488703e-02	3037
-2.157950847201723e-01	-1.861397345747278e-01	3038
-1.311557549443914e-01	-3.280188230850448e-02	3039
1.005580399025948e+00	-6.564163284725003e-04	3040
-2.188543674693010e-01	-3.001260621983857e-01	3041
-1.152131080085991e-01	-3.103075000606869e-03	3042
2.607752460066615e-01	8.586706734703999e-01	3043
-1.452008849689926e-01	5.044596132164221e-01	3044
-1.094588962941629e-01	1.697239749854117e-02	3045
1.039681070787390e+00	-3.044532632054743e-02	3046
1.087573706907847e+00	7.851427860538090e-02	3047
4.589664386984987e-01	9.059426239286457e-01	3048
-8.671672919550556e-02	6.021843847427548e-01	3049
-1.188244556637926e-01	-5.876052182572729e-01	3050
-2.071112887961326e-01	1.888670881201963e-01	3051
-2.134395241025137e-01	-3.424894597993040e-01	3052
7.202239995889678e-01	-9.097237256190065e-01	3053
1.593723863795261e-01	-8.394391859247963e-01	3054
-1.485840853706225e-01	-5.351427247258667e-01	3055
4.492157477191901e-01	-9.250316816813955e-01	3056
-2.055487956792929e-01	-3.869603926818135e-01	3057
1.017030293587520e+00	1.267673830922619e-02	3058
1.008560313647545e+00	3.250285977293955e-03	3059
1.022233508455540e+00	-1.358048140514995e-02	3060
9.525342705100573e-01	-7.935885706656832e-01	3061
-2.201356376947364e-01	-2.605358073031651e-01	3062
1.006762221119740e+00	-2.203556607063454e-03	3063
-1.656542997305663e-01	4.593619289537813e-01	3064
1.021027931496145e+00	1.684363888057889e-02	3065
1.030157252153788e+00	-2.019855737379490e-02	3066
1.171761492605603e+00	-2.905145122376068e-01	3067
-1.946099883833940e-01	3.663222894233266e-01	3068
-1.813680752347390e-01	4.133143156275168e-01	3069
-1.575743488806949e-01	-4.997269873672448e-02	3070
-1.905598726260553e-01	-4.370592554473295e-01	3071
1.059544803843423e+00	-4.858650827638700e-02	3072
3.410798800337479e-01	-9.059101426163948e-01	3073
1.009539033247951e+00	-7.417835605393667e-01	3074
5.874655986732373e-01	-9.258848281064731e-01	3075
1.015066352865919e+00	-7.875184709802118e-03	3076
1.068047638629464e+00	6.402628006927852e-02	3077
1.011069219938791e+00	-2.546461437179970e-03	3078
1.057316304112156e+00	-6.856973570517680e-01	3079
-4.273928635355090e-02	6.583717585440994e-01	3080
1.162728851241231e+00	-4.572588464179659e-01	3081
1.147061776488205e+00	-5.014288610664649e-01	3082
1.035252146354664e+00	-2.527671143611791e-02	3083
-1.204057134826806e-01	5.519861274691312e-01	3084
-1.734213654072866e-01	-4.841902500046405e-01	3085
-1.900517459634625e-01	-7.722066681340695e-02	3086
-1.535976567099397e-01	5.075934679518059e-02	3087
1.010848833587777e+00	3.224973032920206e-03	3088
1.012390734147824e+00	5.760989942110025e-03	3089
-1.920341051563529e-01	1.003124599777027e-01	3090
-1.983939467841883e-01	-1.010986118168598e-01	3091
-2.037607378165875e-01	1.581953528760524e-01	3092
-1.297943290580926e-01	3.640992624056779e-02	3093
1.014402658914553e+00	8.791698405794027e-03	3094
-1.272316536645139e-01	-2.021732821643865e-02	3095
1.037045768408066e+00	3.277756650392256e-02	3096
1.006001766299095e+00	1.693843399021602e-03	3097
1.006594349290238e+00	2.586608500993766e-03	3098
-2.053390627518603e-01	-1.252297535523160e-01	3099
-2.111551350800707e-01	-1.557584204025785e-01	3100
-2.094568998265093e-01	2.212726602802274e-01	3101
-1.846909316751772e-01	7.755211235828380e-02	3102
1.710038582010086e-01	8.207037096414128e-01	3103
-2.201133145420475e-01	-2.228265595117107e-01	3104
1.123577894787970e+00	1.267243663363398e-01	3105
1.138281197600309e+00	-1.344808292634144e-01	3106
1.134436224041449e+00	1.593080830008779e-01	3107
1.148519682671695e+00	-1.628368290550696e-01	3108
1.143791266974614e+00	1.956388182875861e-01	3109
1.158417543981175e+00	-1.988514182821207e-01	3110
1.152025167458680e+00	2.370196901782740e-01	3111
1.167000069900384e+00	-2.431295738681186e-01	3112
1.157363440348149e+00	2.867208912759562e-01	3113
1.157881199043590e+00	3.415134012154203e-01	3114
1.153181682835865e+00	3.953277370392514e-01	3115
1.141313877787435e+00	4.536711783324973e-01	3116
1.124932878067332e+00	5.116431169157594e-01	3117
1.097960091509211e+00	5.750935780570466e-01	3118
1.066584772964265e+00	6.376493681961110e-01	3119
1.023326170460608e+00	6.965880657544483e-01	3120
9.633730354326504e-01	7.563121390817565e-01	3121
-2.022891215336634e-01	3.249844624066903e-01	3122
-2.071978658021272e-01	2.876381759187024e-01	3123
-2.090139182714780e-01	2.557273717814100e-01	3124
8.821911254912744e-01	8.142387125960522e-01	3125
7.811869344393813e-01	8.642784002603275e-01	3126
6.676202839712987e-01	8.977959741515021e-01	3127
5.600618368049650e-01	9.096387124825717e-01	3128
1.127514561413406e+00	-1.087737731977078e-01	3129
1.090895300312214e+00	-6.969104170299585e-02	3130
1.116211382419792e+00	-8.688634701290421e-02	3131
1.112601857166251e+00	1.002219064055363e-01	3132
-7.881734753043675e-02	-6.428250836903392e-01	3133
-3.118591096655129e-02	-6.994415839062804e-01	3134
2.572681934658095e-02	-7.508157019286614e-01	3135
1.048636664201775e+00	3.622431835495989e-02	3136
9.776765417365204e-01	-9.005466869498671e-01	3137
1.006587654635015e+00	-4.372734619406732e-04	3138
1.017781984231529e+00	-8.650034415546688e-03	3139
-1.930010036287609e-01	-5.937440419492935e-01	3140
-7.304658937835688e-02	7.445280503100317e-01	3141
1.024013126142472e+00	1.853068416284583e-02	3142
1.194054081721245e+00	-5.540782275958963e-01	3143
1.139611342277595e+00	-6.964376714231423e-01	3144
1.036030451872120e+00	-1.937065227285535e-02	3145
-1.475429315353095e-01	-2.687516281267456e-02	3146
-1.257789015905846e-01	1.527320491094850e-02	3147
-1.245812785827238e-01	6.773495548896731e-01	3148
-5.613542657460968e-03	8.124533022494783e-01	3149
2.774761267004747e-01	9.749182770445083e-01	3150
1.065882981308236e+00	5.595710380449632e-02	3151
3.747805181199637e-01	-1.024516744600501e+00	3152
2.583716829602730e-01	-9.920227698480617e-01	3153
-2.613738946491636e-01	-2.809002799206042e-01	3154
1.014315206412297e+00	6.629505716853855e-03	3155
1.024648996958241e+00	-1.600830578695979e-02	3156
-2.457268520426778e-01	3.543806976296976e-01	3157
8.003145712306112e-01	-1.001010108951546e+00	3158
1.014802736666749e+00	-5.710349848967029e-03	3159
1.021351104231566e+00	2.068686728249712e-02	3160
-1.907956043853001e-01	5.586053795497766e-01	3161
1.046114462452356e+00	-2.817370404590471e-02	3162
-2.609540504916185e-01	-3.262140739738687e-01	3163
-2.530776020421145e-01	-1.996150437278561e-01	3164
1.017035648188043e+00	9.759074856984587e-03	3165
-1.815919251244248e-01	-5.290280739908930e-02	3166
-2.113394882008776e-01	5.072700573513257e-01	3167
1.105664960111593e+00	8.223550898584810e-02	3168
1.209144779752481e+00	-4.985121991968041e-01	3169
1.219955059785726e+00	-4.260312940695324e-01	3170
1.150580611388126e+00	1.362380292186983e-01	3171
-2.440806286600730e-01	2.022663405924163e-01	3172
3.886000175122175e-01	1.005632385454427e+00	3173
1.069870231960603e+00	-5.183286794089832e-02	3174
1.084987561296184e+00	-5.967799145979578e-02	3175
2.246620913647603e-03	-8.474922745611043e-01	3176
-2.580226981324529e-01	-3.724191221302379e-01	3177
1.172816689947771e+00	-6.228653503362768e-01	3178
5.051955421258020e-01	1.020420916254084e+00	3179
8.971820155446524e-01	-9.556721569412181e-01	3180
1.010111251804877e+00	-2.068564761270977e-03	3181
1.012667435917154e+00	-3.443901650101500e-03	3182
1.053192307335539e+00	-3.593000314573686e-02	3183
1.057873137278308e+00	-3.920975688031542e-02	3184
1.586554625947237e-01	-9.509580823919428e-01	3185
1.020563025923157e+00	1.307790878264881e-02	3186
1.006155321552566e+00	1.772430728008512e-04	3187
-1.491059663652801e-01	3.755497679043202e-02	3188
7.954507363582992e-02	8.775194241048792e-01	3189
-2.366343339460109e-01	-4.794658070635950e-01	3190
-2.268704558880154e-01	4.545702847591245e-01	3191
7.525055107612888e-02	-9.026383861679936e-01	3192
6.665694748824050e-01	-1.031122660864884e+00	3193
-2.181652916376111e-01	-5.363750257161416e-01	3194
1.009932407012457e+00	2.682586463439444e-03	3195
1.043661733289360e+00	3.100108641353431e-02	3196
1.007999752147633e+00	-1.975540356159496e-03	3197
1.007244441847841e+00	-1.156133357985888e-03	3198
1.027593783714021e+00	-1.818630153976304e-02	3199
1.219278392014450e+00	-3.549778761595605e-01	3200
1.213104043765343e+00	-3.143439968852415e-01	3201
-2.377113913112429e-01	4.037531315898832e-01	3202
-2.507619832224450e-01	-4.267301266908724e-01	3203
1.044979807807721e+00	-8.380424503953549e-01	3204
5.166690847630381e-01	-1.038790430864784e+00	3205
1.081035442028889e+00	6.560799722460126e-02	3206
1.099651932957112e+00	-7.700445529120507e-01	3207
-1.622096515206344e-01	6.165381015220162e-01	3208
-2.454910248729343e-01	-1.654983938480228e-01	3209
1.012369657404065e+00	4.227425612058336e-03	3210
-1.774386716845947e-01	5.403009410357150e-02	3211
-2.184424427498953e-01	-8.032639278691581e-02	3212
-2.224877059481599e-01	1.053828556626363e-01	3213
-2.382857737855140e-01	1.696378132800744e-01	3214
-1.354319877892520e-01	-1.346234747957795e-03	3215
1.039435965985850e+00	2.672083374480922e-02	3216
1.041671702265825e+00	-2.423810516424344e-02	3217
1.006544064807191e+00	8.190107891822206e-04	3218
1.007147422370796e+00	1.578372629667814e-03	3219
1.007840089911589e+00	2.443702534881742e-03	3220
-2.284926121738892e-01	-1.050714358375185e-01	3221
-2.374469123574966e-01	-1.344375935081084e-01	3222
-2.310599231064820e-01	1.366861045242744e-01	3223
-2.131107799475203e-01	8.058044989093004e-02	3224
1.761238652202541e-01	9.338772199005574e-01	3225
-2.585135978222570e-01	-2.409658461831495e-01	3226
1.165785202617615e+00	-1.404586775403354e-01	3227
1.164596758010120e+00	1.713685882761765e-01	3228
1.179609228579460e+00	-1.735057656307598e-01	3229
1.177860390757401e+00	2.109069508713799e-01	3230
1.193589042724193e+00	-2.148156647402076e-01	3231
1.189572021973744e+00	2.587364461784439e-01	3232
1.205130382114856e+00	-2.630483626060231e-01	3233
1.198183789636078e+00	3.143911439687749e-01	3234
1.201037808063444e+00	3.730367374121318e-01	3235
1.197703533904260e+00	4.354510290920130e-01	3236
1.188209361964908e+00	4.989379543467926e-01	3237
1.169517087436230e+00	5.688298897760834e-01	3238
1.144533222255909e+00	6.384333173397870e-01	3239
1.106033787811462e+00	7.128125670243530e-01	3240
1.056417260910733e+00	7.909130826936241e-01	3241
-2.478044510622042e-01	2.387744071923596e-01	3242
-2.487888050255699e-01	3.119688785687418e-01	3243
-2.496914902373164e-01	2.739195081202492e-01	3244
9.796270064598400e-01	8.664081687690914e-01	3245
8.782525957921358e-01	9.350848628031782e-01	3246
7.554070171874466e-01	9.883593180369724e-01	3247
6.258777874274726e-01	1.016395598565518e+00	3248
1.151999831805193e+00	-1.135440263894848e-01	3249
1.108076387855822e+00	-7.048038020094850e-02	3250
1.137957687952538e+00	-8.943429794882737e-02	3251
1.135995150134102e+00	1.063939012219822e-01	3252
-1.598626982753589e-01	-6.579584979384174e-01	3253
-1.162126249532223e-01	-7.210103003167969e-01	3254
-6.136152848852180e-02	-7.882805249666051e-01	3255
-3.029645219767654e-01	-2.571162685592479e-01	3256
-2.855849181771204e-01	2.162216472262972e-01	3257
5.968413781717200e-01	-1.161338784552314e+00	3258
1.083680546450684e+00	-9.472613649836681e-01	3259
-1.046016392059736e-01	8.434051160944536e-01	3260
-3.092601521907881e-01	-4.058967463620130e-01	3261
-2.423562968434101e-01	6.201133435781546e-01	3262
4.310717962196169e-01	1.136142261147255e+00	3263
1.054755463627033e+00	4.273080246910907e-02	3264
1.009263073371663e+00	-1.457750312107553e-03	3265
1.012673178913953e+00	-1.560758135435027e-03	3266
1.067392390632675e+00	-4.186078141345125e-02	3267
-2.431161339853833e-02	-9.564454687256152e-01	3268
2.829755116121718e-01	-1.123773161546280e+00	3269
4.319480877880308e-01	-1.155601934310827e+00	3270
1.025843861644931e+00	-1.239808759803303e-02	3271
-2.102225870536207e-01	6.883725187675295e-01	3272
-9.629582382494184e-02	-8.877183723796976e-01	3273
1.019705541085295e+00	1.121496932687445e-02	3274
1.020576616572174e+00	-9.915751288603020e-03	3275
1.834379439728580e-01	1.061325260186535e+00	3276
1.017115428192140e+00	-6.536600663323484e-03	3277
-1.706785476218028e-01	3.722336430917336e-02	3278
-2.075999250572011e-01	-5.512877987939376e-02	3279
-2.969387554860111e-01	3.366453054711254e-01	3280
1.028334814831637e+00	1.708146978213807e-02	3281
-2.502201176445820e-01	-8.142713581458032e-02	3282
1.064181207925608e+00	4.542084326894056e-02	3283
-2.848158732239907e-01	-1.740084094761301e-01	3284
-2.777235154368877e-01	1.791969278308530e-01	3285
3.010594566786229e-01	1.105662003382206e+00	3286
-2.696995052078171e-01	-5.920423515142588e-01	3287
1.181645317310789e+00	1.446651451067339e-01	3288
1.194028524397228e+00	-7.732858759608889e-01	3289
5.693755774417820e-01	1.144236742331210e+00	3290
-2.948641823505205e-01	-2.144322290407403e-01	3291
1.127016718942850e+00	8.569312989250508e-02	3292
1.631897465001607e-01	-1.078177839759183e+00	3293
-2.445709993752937e-01	-6.596469212459231e-01	3294
1.098948025091139e+00	-5.816793634002772e-02	3295
1.002164565799710e+00	-1.023012474878434e+00	3296
-2.435617837066507e-02	9.253159038346486e-01	3297
1.250616607075635e+00	-6.089332321608195e-01	3298
1.034667568626594e+00	2.155846802204463e-02	3299
-1.669291168737954e-01	7.633123319437580e-01	3300
1.077420347205981e+00	5.722742154524710e-02	3301
1.016546442711323e+00	7.617752962997540e-03	3302
1.024135191606862e+00	1.463172457483606e-02	3303
1.031437624168094e+00	-1.590892473230993e-02	3304
1.028341757312166e+00	-1.407042091458378e-02	3305
-2.949763896793771e-01	3.875878965131164e-01	3306
7.602134795942267e-01	-1.139360995291134e+00	3307
1.014580338534217e+00	-4.049231629804812e-03	3308
1.047894746121032e+00	-2.165800770540924e-02	3309
-3.081237562612097e-01	-3.031780325963070e-01	3310
-2.638480662010057e-01	5.580570070740213e-01	3311
1.263714899763080e+00	-5.429973215361933e-01	3312
1.271829706239214e+00	-4.706519130382849e-01	3313
1.081335436779225e+00	-5.240318911632551e-02	3314
-3.101083038662553e-01	-3.516712721029884e-01	3315
1.226428823251186e+00	-6.910963837735605e-01	3316
8.998906760366436e-01	-1.088692632899721e+00	3317
1.012520434403618e+00	2.355389565085231e-03	3318
6.120037593767776e-02	-1.020538524872378e+00	3319
-1.429251159585182e-01	1.750553625172516e-02	3320
7.334858458576698e-02	9.991225361173312e-01	3321
-3.014894131123217e-01	-4.676156104998941e-01	3322
-2.796976697047239e-01	4.987738093255122e-01	3323
-2.894526228394071e-01	-5.269629281445675e-01	3324
1.045895938164372e+00	2.463753476126712e-02	3325
1.051116084274816e+00	2.897303714839283e-02	3326
1.008465034398704e+00	-7.909136980952119e-04	3327
1.270867857672904e+00	-3.896598342801341e-01	3328
-2.890762418443940e-01	4.412362946115500e-01	3329
1.097838419714990e+00	6.644401225967941e-02	3330
1.143657137780289e+00	-8.612868027919802e-01	3331
-1.572938757679135e-01	-6.695261559997190e-03	3332
1.014224533465044e+00	4.965756153243618e-03	3333
-1.760684958729011e-01	-2.353535767715611e-02	3334
-2.032184996183533e-01	5.616696705794728e-02	3335
-2.680329528963433e-01	1.454787931176309e-01	3336
1.042270413727152e+00	-1.780605236069251e-02	3337
1.007560766360581e+00	3.027693129224559e-04	3338
1.008388175055211e+00	1.297388155862668e-03	3339
1.009133864385243e+00	2.016206177552954e-03	3340
-2.739047496203372e-01	-1.410378546221883e-01	3341
-2.627843036697112e-01	-1.102003360420380e-01	3342
-2.572770424436094e-01	1.122691213935506e-01	3343
-2.451361484959979e-01	8.226727406177245e-02	3344
1.199799491452034e+00	1.820794427948756e-01	3345
1.197414660025113e+00	-1.464973290359651e-01	3346
1.215966121634755e+00	-1.840315065092480e-01	3347
1.217379425645673e+00	2.271758395370534e-01	3348
1.261250794750933e+00	-3.275748567694730e-01	3349
1.233925723399554e+00	-2.304676685976255e-01	3350
1.233632235904700e+00	2.810787551019615e-01	3351
1.249501110065050e+00	-2.822065893197866e-01	3352
1.245286850983070e+00	3.421519064732214e-01	3353
1.251282042210144e+00	4.077053953428959e-01	3354
1.250547422208878e+00	4.765085329100541e-01	3355
1.241148522651635e+00	5.512954756682463e-01	3356
1.224164677054086e+00	6.285180005621657e-01	3357
1.194605774131450e+00	7.123519727108768e-01	3358
1.153805409305821e+00	7.989742059109864e-01	3359
-2.918681028112964e-01	2.538425893696844e-01	3360
-2.963692905998002e-01	2.938844181216548e-01	3361
1.088800722679315e+00	9.019285139509251e-01	3362
9.914000744463949e-01	9.945469682387703e-01	3363
8.642282663905521e-01	1.073071240030283e+00	3364
7.166684735689304e-01	1.125383170049161e+00	3365
1.179839508961052e+00	-1.161533208000924e-01	3366
1.127698299576131e+00	-7.128145443651911e-02	3367
1.162622673179949e+00	-9.111760973580418e-02	3368
1.163346200356972e+00	1.119226147040335e-01	3369
-2.069075227015661e-01	-7.356692816711373e-01	3370
-1.586412363729448e-01	-8.098725174982556e-01	3371
5.080518252104009e-01	-1.298201476348310e+00	3372
-1.390673175983267e-01	9.574581609641334e-01	3373
-3.665965715083659e-01	-3.787324843000635e-01	3374
1.058264526661753e+00	3.503636232471202e-02	3375
1.053371989698551e+00	-2.672663451322480e-02	3376
-5.224969108472620e-02	-1.080483676523785e+00	3377
5.040862042326678e-02	-1.155746033534659e+00	3378
1.198741723882834e+00	-9.632943322928250e-01	3379
1.020821074962664e+00	-1.165182428525527e+00	3380
-2.133089686371446e-01	8.636643462163545e-01	3381
1.010418171694041e+00	1.293216343823893e-03	3382
-1.634006129700455e-01	1.895803432336106e-02	3383
1.240470356136620e+00	1.927919914540754e-01	3384
3.349684117350401e-01	1.252611026877006e+00	3385
-2.067508857824053e-01	-9.104627500325150e-01	3386
6.804713386925720e-02	1.136854378377538e+00	3387
1.074946926029569e+00	4.909359870457603e-02	3388
1.116605682425109e+00	-5.562353620342374e-02	3389
6.959934268151282e-01	-1.290180358728796e+00	3390
1.028123273015933e+00	1.267527060399789e-02	3391
-2.653999118011486e-01	7.702703616185309e-01	3392
1.014321990947448e+00	-2.252205565268696e-03	3393
1.037178413233862e+00	-1.388680420456377e-02	3394
1.291137658673388e+00	-7.637863414548051e-01	3395
-3.665163304636700e-01	-4.434450167343864e-01	3396
1.124032986665924e+00	-1.072542843633541e+00	3397
1.016770353438273e+00	-4.609084332073377e-03	3398
-3.248139424196085e-01	6.139177070033539e-01	3399
1.010492542948760e+00	-6.438873936928536e-04	3400
-3.328146248348583e-01	2.274315274429357e-01	3401
1.090307803194890e+00	5.671061608096296e-02	3402
-1.964249745479706e-01	-2.699858664080633e-02	3403
1.016357878660832e+00	5.681265034635628e-03	3404
-2.363993351873894e-01	-5.444718948227417e-02	3405
1.234109004696795e+00	-1.515236491924968e-01	3406
4.917155897254328e-01	1.279255994338799e+00	3407
6.602902166557516e-01	1.274023103440201e+00	3408
1.117146848481941e+00	6.800710268343435e-02	3409
-1.360496903653186e-01	-9.994492790255565e-01	3410
-3.517559993629469e-01	4.208504772521803e-01	3411
-3.424939130087903e-01	-2.267622550056587e-01	3412
-2.998105711424020e-01	6.888154763959894e-01	3413
1.064816292174595e+00	-3.232097821060038e-02	3414
1.012596433143404e+00	3.980905022588373e-04	3415
1.752648112236108e-01	-1.222526610659566e+00	3416
3.275811811281800e-01	-1.272108007589290e+00	3417
1.024504742672362e+00	-8.365094909070026e-03	3418
1.020040189160953e+00	-6.866247056957098e-03	3419
1.961429649622941e-01	1.205310727456447e+00	3420
-3.517770903459883e-01	3.641103150136504e-01	3421
-2.323486606689170e-01	5.547311404697509e-02	3422
1.251004863665579e+00	-8.641025459770916e-01	3423
-3.291840134763470e-01	-1.837515783930266e-01	3424
-3.223400684147503e-01	1.887641223610557e-01	3425
1.151640253289592e+00	8.877189538085101e-02	3426
-3.309407143686641e-01	-6.520364765924543e-01	3427
-4.457482421186262e-02	1.053552497735993e+00	3428
1.314301446587575e+00	-6.720570826626989e-01	3429
1.019426589275492e+00	8.162134175345148e-03	3430
1.031926631030407e+00	-1.153132995700803e-02	3431
1.029119777900330e+00	-1.018902518973524e-02	3432
1.040975071339210e+00	2.043341987259819e-02	3433
1.048371474328659e+00	-1.488310045758425e-02	3434
1.328113436921993e+00	-5.898368364843275e-01	3435
1.333041349502154e+00	-5.139662585554161e-01	3436
1.078322194288420e+00	-4.449796177326878e-02	3437
-3.536231501054673e-01	-2.739690325624820e-01	3438
-3.483549556734899e-01	3.143624956680736e-01	3439
8.761653008618646e-01	-1.243626540497251e+00	3440
1.014108688910173e+00	3.161751651876407e-03	3441
-3.508087653761695e-01	-5.799648890495597e-01	3442
-3.393490275817584e-01	5.464104656240601e-01	3443
-3.613131817460680e-01	-5.096213472280765e-01	3444
1.052779817998592e+00	2.175106875450790e-02	3445
1.329370174523030e+00	-4.292038941004355e-01	3446
-3.486625615786315e-01	4.804353855311533e-01	3447
-1.797076162802378e-01	1.622343329512075e-04	3448
-1.953048029729998e-01	3.670888161345775e-02	3449
-3.097956416859851e-01	1.513930507781316e-01	3450
-2.862732888694093e-01	-8.236359678795566e-02	3451
1.009471094189316e+00	3.430448615826669e-04	3452
-3.150946508697745e-01	-1.451077421483913e-01	3453
-2.963354592299100e-01	1.175360416612900e-01	3454
-3.011102934929646e-01	-1.133191948306206e-01	3455
-2.816829636832029e-01	8.449339020361681e-02	3456
1.217447912630987e+00	1.509360907079059e-01	3457
1.257664837456691e+00	-1.943934267192921e-01	3458
1.263602700284888e+00	2.433111160542981e-01	3459
1.299661178007241e+00	-2.931906266293227e-01	3460
1.280547884831768e+00	-2.444205383602746e-01	3461
1.284193293130443e+00	3.037664950485208e-01	3462
1.316727225621557e+00	-3.504437332970352e-01	3463
1.300269859663436e+00	3.708807015214297e-01	3464
1.309872055335736e+00	4.434488286423418e-01	3465
1.311001398803075e+00	5.228276750182772e-01	3466
1.304000289262371e+00	6.063668916486169e-01	3467
1.285101214217529e+00	6.979528071843341e-01	3468
1.254391096605789e+00	7.943339661003218e-01	3469
-3.420698710193976e-01	2.682935897833173e-01	3470
-3.613086872836255e-01	-3.244659144476513e-01	3471
1.204209489516303e+00	9.039607068688258e-01	3472
1.120649099167239e+00	1.034401001815360e+00	3473
9.944896430642201e-01	1.143623249277175e+00	3474
8.355442368051614e-01	1.228832767409655e+00	3475
1.211544722027824e+00	-1.179088691454284e-01	3476
1.150012447496632e+00	-7.101537748148852e-02	3477
1.190376399925883e+00	-9.034251637857110e-02	3478
1.194728844737022e+00	1.163388678117360e-01	3479
-3.030159789513286e-01	-7.344863117543478e-01	3480
-2.606233330060909e-01	-8.218524668912787e-01	3481
3.941815187310294e-01	-1.436417075540931e+00	3482
1.047126040319690e+00	1.780379570244012e-02	3483
-4.299122436292812e-01	-4.101758941569757e-01	3484
1.018137133751908e+00	-1.334173503874265e+00	3485
-4.175403327939804e-01	4.540187488037641e-01	3486
1.014297754953190e+00	-3.788352806142542e-04	3487
1.136823973666883e+00	-5.392734602465756e-02	3488
2.178690828592314e-01	1.368040961794037e+00	3489
5.802849649627539e-01	1.432217116441209e+00	3490
3.874001714527895e-01	1.416349865107876e+00	3491
1.180008841588178e+00	9.061606369765811e-02	3492
1.062377987672843e+00	-2.259743911469471e-02	3493
-3.670895425958562e-01	7.651929944268754e-01	3494
-3.232414044721954e-01	-9.189099148219506e-01	3495
1.070863102503770e+00	3.707145595570334e-02	3496
6.070758964647504e-01	-1.450188410807235e+00	3497
1.258501487407734e+00	-1.083961851371333e+00	3498
1.024620704425113e+00	1.059940616537245e-02	3499
1.032288757002834e+00	1.466537961595403e-02	3500
1.319795804636271e+00	-9.634359087157489e-01	3501
-3.722711408564585e-01	1.956832485384837e-01	3502
1.139495629457440e+00	6.889699390198734e-02	3503
-4.078735382634237e-01	3.350503406227809e-01	3504
1.023175419370252e+00	-4.866771651800071e-03	3505
1.036324528015095e+00	-8.685199434257532e-03	3506
-3.401003093739312e-01	1.193328788129532e-01	3507
-4.088815574675154e-01	5.966281960475441e-01	3508
1.054838183936283e+00	-1.904069629314774e-02	3509
-3.861915550792299e-01	2.365849395720310e-01	3510
1.104715220902571e+00	5.352814154015803e-02	3511
-2.072185078790361e-01	-1.443310649976099e-03	3512
-3.794605397274892e-01	-1.910215380840502e-01	3513
1.036962925796697e+00	1.613593679001384e-02	3514
-2.240154941925284e-01	-2.992301839057590e-02	3515
1.287770350692313e+00	2.023713003932608e-01	3516
7.858449320298716e-01	1.401663963172570e+00	3517
-4.306381851041694e-01	-5.548117118505487e-01	3518
1.090240930506655e+00	-4.450888012937305e-02	3519
-4.330148755632016e-01	-4.809421395420687e-01	3520
-1.764286318599871e-01	1.088602886861464e+00	3521
-2.694630274467894e-01	-5.163398343471109e-02	3522
1.105696691581412e+00	-4.349367019991314e-02	3523
1.042885380849455e+00	-1.156575317204524e-02	3524
-7.958101088370295e-02	-1.222759127488843e+00	3525
-2.631440831188978e-01	9.791871591706817e-01	3526
-4.157214131885638e-01	5.234202137349959e-01	3527
-1.792272603374016e-01	-1.125816352359971e+00	3528
6.645665266943250e-02	1.293484423762207e+00	3529
-3.270595561112198e-01	8.658605880376125e-01	3530
1.016179124581024e+00	3.930511686886306e-03	3531
1.362316277331439e+00	-8.501910957761289e-01	3532
1.162272778482497e+00	-1.219177206637794e+00	3533
1.016451453631182e+00	-2.869603419702008e-03	3534
-3.932022378227754e-01	6.782561481514556e-01	3535
1.018812773012952e+00	6.415797668862278e-03	3536
1.247890737056136e+00	-1.177011336014217e-01	3537
-2.610427235300561e-01	-1.024241696861921e+00	3538
-4.106735001762543e-01	-2.903104119431817e-01	3539
4.578767875568308e-02	-1.310994308709199e+00	3540
2.042022117383997e-01	-1.386914908084846e+00	3541
1.019284320201463e+00	-5.163093381467173e-03	3542
-4.139322633561515e-01	3.923016028219645e-01	3543
-4.192507703720272e-01	-6.364756852923877e-01	3544
-6.556664129729609e-02	1.199447531752218e+00	3545
1.389347911678584e+00	-7.395102926478436e-01	3546
1.022406088206715e+00	9.420977810406236e-03	3547
1.032208501980381e+00	-7.305568572859951e-03	3548
1.028060496331766e+00	-6.066764759509160e-03	3549
1.401198528134062e+00	-6.441448206608043e-01	3550
1.404510367353506e+00	-5.564939638555051e-01	3551
1.074987578889293e+00	-3.425555945223813e-02	3552
8.236890783555141e-01	-1.417509561101694e+00	3553
1.014231957521506e+00	1.295282083446319e-03	3554
1.059302319506381e+00	2.662356441971729e-02	3555
1.397412999226264e+00	-4.684747145049965e-01	3556
-2.229764242081082e-01	3.633717074914240e-02	3557
-1.868703265311892e-01	2.160825847789017e-02	3558
-3.569209877452258e-01	1.560090519710991e-01	3559
-3.618338247705248e-01	-1.493067864529871e-01	3560
-2.662133135761763e-01	5.338449612405110e-02	3561
-3.439060982701546e-01	-1.129224237861056e-01	3562
-3.227016009979438e-01	8.557440964493626e-02	3563
-3.264981894523634e-01	-8.166583643980346e-02	3564
1.258537114994146e+00	1.561974731331522e-01	3565
1.276213781480907e+00	-1.560877186870386e-01	3566
1.332308005734164e+00	-2.520240117559364e-01	3567
1.305583037811523e+00	-2.024839806275807e-01	3568
1.316660111832248e+00	2.596890557276292e-01	3569
1.357402317043944e+00	-3.068564898362136e-01	3570
1.342945566027126e+00	3.259135256676449e-01	3571
1.380300524029090e+00	-3.803370787375855e-01	3572
1.363946843429730e+00	4.001156062139152e-01	3573
1.377041607386833e+00	4.829339776791977e-01	3574
1.381799201045948e+00	5.715891989533367e-01	3575
1.375157362305076e+00	6.695940978854423e-01	3576
1.356741103496885e+00	7.747226487980403e-01	3577
-3.983235960380546e-01	2.838307503613642e-01	3578
-3.965411347967254e-01	-2.381435299996887e-01	3579
-4.222912807699260e-01	-3.450247439976063e-01	3580
1.321115744598138e+00	8.921956691993984e-01	3581
1.256221471744241e+00	1.030561458585717e+00	3582
1.138522684507313e+00	1.183940673209153e+00	3583
9.834811732436725e-01	1.315968098882859e+00	3584
1.174729047195253e+00	-6.933334486940101e-02	3585
1.221702290638401e+00	-8.804838896147066e-02	3586
1.230537711939051e+00	1.181334309360992e-01	3587
-4.009159958380631e-01	-7.203263486452319e-01	3588
-3.678789081867476e-01	-8.184365003082652e-01	3589
1.042372399797374e+00	1.440506984808954e-02	3590
1.016140223523419e+00	2.354168753921556e-03	3591
7.226501344137300e-02	1.472000048184237e+00	3592
1.085228631725917e+00	4.133964947544991e-02	3593
1.186218230286191e+00	-1.397540504918463e+00	3594
1.026360403874629e+00	-2.353744159308395e-03	3595
4.876464959964174e-01	-1.614867958741774e+00	3596
-4.141148323123184e-01	-1.510983210016474e-01	3597
-3.044845158864474e-01	4.884116054807000e-02	3598
-3.682982140238527e-01	8.294251652446047e-02	3599
1.123475911578243e+00	-3.962405079630847e-02	3600
1.164942986640900e+00	6.873320381305574e-02	3601
7.077756341377824e-01	1.588338182121176e+00	3602
-2.163883640788443e-01	1.239189241961773e+00	3603
-4.854160636634450e-01	4.188925206021453e-01	3604
2.554285673845046e-01	-1.572010528335385e+00	3605
-4.711994133744143e-01	7.489131829905409e-01	3606
-5.096125478710593e-01	-5.192939641778567e-01	3607
1.159358788960156e+00	-5.077691263941081e-02	3608
-3.217836746457738e-01	-1.154798030587505e+00	3609
9.859807478496961e-01	-1.530225317452772e+00	3610
-5.027625439954336e-01	-4.413972942003553e-01	3611
-3.891740536068986e-01	1.185986905299424e-01	3612
1.071631417439552e+00	-2.501641688657090e-02	3613
-3.940601430041801e-01	-1.029900895524698e+00	3614
1.066984660113762e+00	3.177269955947087e-02	3615
-2.548006886087888e-01	-2.957721439643814e-02	3616
-4.914510238608557e-01	-3.689874877245901e-01	3617
1.289510961734204e+00	-1.164207782086345e-01	3618
1.305918046100606e+00	1.592463841773499e-01	3619
1.358583304118263e+00	-2.056226126025370e-01	3620
1.211862819701835e+00	9.073510011961095e-02	3621
1.378009350069630e+00	2.744477816546947e-01	3622
9.502408091758647e-01	1.512751700104730e+00	3623
1.053693480441360e+00	1.452342075738631e-02	3624
-4.922045529155263e-01	4.905063303270801e-01	3625
2.567746319325684e-01	1.551635152678216e+00	3626
4.692156046461367e-01	1.595365045746774e+00	3627
1.319463257166211e+00	-1.228866837026993e+00	3628
1.397676224971503e+00	-1.078558297046416e+00	3629
-4.093781964447167e-01	1.581377441566491e-01	3630
1.094838764798771e+00	4.303513232796888e-02	3631
-4.877701666776960e-01	6.539555183315843e-01	3632
1.061664580526206e+00	-1.419654697403766e-02	3633
1.055072332745729e+00	-1.151305944078764e-02	3634
1.125781767342113e+00	5.168462550412009e-02	3635
-2.372741677273300e-01	4.409108099184320e-03	3636
-4.282954792105065e-01	1.991356720579303e-01	3637
-4.362447931773566e-01	-1.963027353174291e-01	3638
1.036009562587131e+00	1.112862691679120e-02	3639
1.086563171849258e+00	-3.622058047506123e-02	3640
-4.434529400161641e-01	8.537550101970312e-01	3641
-2.539958988706468e-01	3.248383281330485e-02	3642
1.048557908061679e+00	-8.335728431117779e-03	3643
1.041533038968959e+00	-5.657496492108238e-03	3644
-2.258779092097447e-01	-1.271027096577574e+00	3645
-3.164271583582263e-01	1.110179873953223e+00	3646
-4.933773020193858e-01	5.674575849969947e-01	3647
-3.943542055600938e-01	9.783348213097739e-01	3648
1.018539538199950e+00	4.569691962911268e-03	3649
1.444927690959618e+00	-9.455530942332314e-01	3650
1.016286460780515e+00	-1.295888035365195e-03	3651
-4.571304793635487e-01	-2.489154241168210e-01	3652
-4.621728366315904e-01	2.981532924631736e-01	3653
-1.034867066422475e-01	-1.386823889744276e+00	3654
5.512486881473946e-02	-1.490344738082653e+00	3655
1.018862649609266e+00	-3.334619028436363e-03	3656
-5.081980792790823e-01	-6.061010667799016e-01	3657
-4.443069075697078e-01	-9.109370077100505e-01	3658
-8.513071305247487e-02	1.366163644030900e+00	3659
1.474119501464050e+00	-8.185718635725270e-01	3660
1.035599143446251e+00	-3.949085082232439e-03	3661
1.031953099070992e+00	1.008257632044685e-02	3662
1.031184539157783e+00	-3.102616716109046e-03	3663
1.028191639531938e+00	8.616922442144317e-03	3664
1.486348963205312e+00	-7.028747774370837e-01	3665
1.342125452390086e+00	2.116596176176418e-01	3666
1.485919938418917e+00	-6.032394510833827e-01	3667
1.097031982491083e+00	-3.190790096506946e-02	3668
7.396696700023877e-01	-1.605688602910384e+00	3669
1.016229195551763e+00	5.300916363347952e-04	3670
1.060451287104274e+00	1.840569697778505e-02	3671
-2.117052008007916e-01	1.727079549525502e-02	3672
-3.922127945306133e-01	-1.111058121405400e-01	3673
-3.065623618984594e-01	-4.793310992179040e-02	3674
-3.708695438593354e-01	-7.691040255749311e-02	3675
1.324349734657967e+00	-1.578592741315685e-01	3676
1.391489637747240e+00	-2.578014846080474e-01	3677
1.424152487694732e+00	-3.260657383173304e-01	3678
1.410701934017050e+00	3.475951517212014e-01	3679
1.454072147297087e+00	-4.114531856792962e-01	3680
1.436923928574789e+00	4.317917053222151e-01	3681
1.475933654473976e+00	-5.061964480119763e-01	3682
1.455117497277122e+00	5.239774132495151e-01	3683
1.462393801622669e+00	6.270713624892436e-01	3684
1.458300186800644e+00	7.391770921394613e-01	3685
-4.460360527545192e-01	2.460971294976428e-01	3686
-4.755840946695142e-01	-3.042518803082242e-01	3687
-4.763682674552696e-01	3.564743726378906e-01	3688
1.438485438343721e+00	8.645914318181865e-01	3689
1.392553423592297e+00	1.011232476235850e+00	3690
1.299072363559385e+00	1.186645754413542e+00	3691
1.171989489333963e+00	1.382710148620787e+00	3692
1.202583503960673e+00	-6.495912140540136e-02	3693
1.257120264257875e+00	-8.296068696836391e-02	3694
1.271343014214043e+00	1.180801415719080e-01	3695
-4.994398990503994e-01	-6.966965247413808e-01	3696
-4.789921202432220e-01	-7.997681450873915e-01	3697
1.022924081960938e+00	-1.287544975481104e-03	3698
-5.611621611977192e-01	8.286249480933474e-01	3699
1.248281522583000e+00	8.776218266398418e-02	3700
-2.691684341680318e-01	3.199871683896047e-03	3701
-5.346642148194036e-01	3.111077547593942e-01	3702
1.182772082892362e+00	-1.610979082122149e+00	3703
1.143688120237642e+00	-3.531921819728259e-02	3704
8.564730753509427e-02	-1.696281446954480e+00	3705
-4.203682490089934e-01	-6.916545223876375e-02	3706
-9.987641025598838e-02	1.557392073770872e+00	3707
1.067813518259295e+00	2.297120446938313e-02	3708
-2.872734668206348e-01	2.662114789015157e-02	3709
-3.771988917107285e-01	1.260263826047914e+00	3710
1.193773539913451e+00	6.677312220573342e-02	3711
1.418230099757411e+00	-2.041672303898345e-01	3712
6.186981062611461e-01	-1.802225373086094e+00	3713
-4.913466454445560e-01	2.017812710336732e-01	3714
-5.771182142266483e-01	5.274650277383145e-01	3715
-5.766821701678246e-01	7.181526618153339e-01	3716
-5.980040202747220e-01	-6.592897413673043e-01	3717
5.934000746199128e-01	1.783636546426048e+00	3718
3.355171580469999e-01	-1.776997369829961e+00	3719
-5.956384730406904e-01	-5.629682484593109e-01	3720
-5.697278226086324e-01	-3.928351709424131e-01	3721
-5.283609098696905e-01	9.589662563703412e-01	3722
1.018466229209232e+00	-3.212833807146767e-04	3723
1.035080061838246e+00	6.467584365904958e-03	3724
1.034137194030333e+00	4.857579833426016e-04	3725
1.029289067386354e+00	7.454673493400774e-04	3726
1.447984189131642e+00	2.878829778557373e-01	3727
-5.525497063290873e-01	3.769780174593692e-01	3728
1.336806850915226e+00	-1.117559678698935e-01	3729
-4.737681816783724e-01	-1.157346667284874e+00	3730
1.149452757595455e+00	1.600456360142645e+00	3731
8.845451524158384e-01	1.732061615139288e+00	3732
1.109508744811791e+00	3.933792901581250e-02	3733
-5.861080379049196e-01	-4.722314191391189e-01	3734
1.021596069903270e+00	-3.679430831881918e-03	3735
9.316585319532095e-02	1.675989439895885e+00	3736
1.070029238147423e+00	-1.779724930134013e-02	3737
-4.676859634038528e-01	1.557168785555085e-01	3738
-3.456891959309752e-01	4.733584894645188e-02	3739
-3.479346222333284e-01	-4.176364047341576e-02	3740
-2.879301562315961e-01	-2.310272098684245e-02	3741
-2.574678917587950e-01	1.412581899818253e+00	3742
-5.667527085225771e-01	4.470654798817455e-01	3743
-4.728003027692913e-01	-1.496159517985142e-01	3744
1.184030823110539e+00	-4.587661068344027e-02	3745
-5.317003460072965e-01	-1.016183602496917e+00	3746
9.171853389264213e-01	-1.749908367703208e+00	3747
-4.437242174571137e-01	1.151914515607652e-01	3748
1.047929864696640e+00	1.111582611651649e-02	3749
1.111670055092033e+00	-3.000220250413516e-02	3750
1.060663107903918e+00	1.035513846197353e-02	3751
3.247584131739071e-01	1.756444328993963e+00	3752
1.372003796168595e+00	-1.407130187120422e+00	3753
1.481559804287224e+00	-1.217367399964841e+00	3754
1.149338238669880e+00	4.993288870512280e-02	3755
1.061004090666700e+00	-6.257664508865868e-03	3756
1.082355199102844e+00	-2.583030719545787e-02	3757
1.054545169547931e+00	-4.253196533335399e-03	3758
1.041500110895225e+00	8.390908694839659e-03	3759
1.046960998561854e+00	-1.873792738619952e-03	3760
-3.870070983539696e-01	-1.304038396057992e+00	3761
-5.819414973073659e-01	6.164264171680006e-01	3762
-4.690219547944094e-01	1.111019726843025e+00	3763
1.021233147143531e+00	5.111977226618119e-03	3764
1.540083264189940e+00	-1.053946557874687e+00	3765
-5.254625672090952e-01	-2.560060713170407e-01	3766
-2.723598608011275e-01	-1.439945143986351e+00	3767
-1.174098732725033e-01	-1.577712973773615e+00	3768
1.570994622129894e+00	-9.074191035618404e-01	3769
1.039839212163837e+00	-2.806260436880941e-04	3770
1.031492614619705e+00	5.775122551850500e-03	3771
1.583645876084553e+00	-7.713693645636220e-01	3772
1.580281258476096e+00	-6.523969859929276e-01	3773
1.018392403056954e+00	1.541648145827558e-03	3774
-4.189632795196242e-01	7.670264187424800e-02	3775
-4.461430136703874e-01	-1.068933589842734e-01	3776
1.377720436571414e+00	-1.554961746088412e-01	3777
1.360341070553895e+00	1.611534602483835e-01	3778
1.459935767622820e+00	-2.666956799699957e-01	3779
1.404699534504745e+00	2.183796756459082e-01	3780
1.501768787960690e+00	-3.464902129969794e-01	3781
1.488323970717717e+00	3.704189743342505e-01	3782
1.538830745257524e+00	-4.415058972341170e-01	3783
1.521299160704450e+00	4.638388989356916e-01	3784
1.565167027553351e+00	-5.458196386366930e-01	3785
1.544188443288742e+00	5.702969065969008e-01	3786
1.556253666255204e+00	6.874602636171723e-01	3787
-5.135925170006264e-01	2.533536004921584e-01	3788
-5.002062569498040e-01	-2.005352046787235e-01	3789
-5.493878331707523e-01	-3.195169396241895e-01	3790
1.554004260700089e+00	8.194686355857805e-01	3791
1.528240142466175e+00	9.742334835418752e-01	3792
1.462579603726174e+00	1.162369156510026e+00	3793
1.360245552827177e+00	1.367099023779901e+00	3794
1.233793379745310e+00	-5.849410087960089e-02	3795
1.297483548132422e+00	-7.606970878426145e-02	3796
1.317911496541934e+00	1.148216380987202e-01	3797
-5.681312219367611e-01	-8.870469570013680e-01	3798
-5.902813625733792e-01	-7.668900426486708e-01	3799
-1.136016504726139e-01	-1.799782678609086e+00	3800
1.175400116182251e+00	4.654140058026653e-02	3801
-2.968663095137185e-01	1.613023364797150e+00	3802
-4.755902641158939e-01	-5.848481373685852e-02	3803
-6.325351245037315e-01	-3.349240783548479e-01	3804
1.131680391823175e+00	3.410493049711454e-02	3805
1.166025824158057e+00	-2.922661960371737e-02	3806
-5.472278272160517e-01	1.261440609492849e+00	3807
-6.742380434743405e-01	5.665350457894401e-01	3808
-6.792812919869423e-01	7.886085561286533e-01	3809
1.025490373337505e+00	1.275612955915143e-03	3810
1.269283496895171e+00	-4.878476148388704e-02	3811
7.751649475959964e-01	1.967641410073101e+00	3812
-3.943705451132809e-01	-3.588588024721479e-02	3813
1.078714965823052e+00	2.895541403703793e-02	3814
1.128371362766826e+00	-2.288319022895017e-02	3815
1.068398538014714e+00	1.419892341484926e-02	3816
4.370907128053438e-01	1.979805203947968e+00	3817
1.052529780577839e+00	2.741363851308366e-03	3818
-6.713322053790054e-01	-9.841994248483542e-01	3819
1.459760283578649e-01	-1.929029449231585e+00	3820
1.045711868736547e+00	4.351633227311275e-03	3821
1.020402247592036e+00	2.338631880341043e-03	3822
-3.871475146457470e-01	2.976450007636508e-03	3823
-3.238739952735643e-01	1.577094768931785e-02	3824
1.528812557993671e+00	3.004010357234224e-01	3825
1.280738890314590e+00	1.537925903978913e+00	3826
1.211471353722836e+00	-3.785095817392729e-02	3827
-6.945369834691457e-01	-6.075156660067583e-01	3828
-6.306231219418692e-01	-1.137307211284742e+00	3829
-6.627633857687959e-01	9.232023107875282e-01	3830
1.486918334165418e+00	-2.032125948963293e-01	3831
-6.926391247232813e-01	-8.464063082558937e-01	3832
1.143143210888601e+00	-1.859545912759596e+00	3833
-1.029517693818381e-01	1.777865752635713e+00	3834
1.099212429029639e+00	2.928213285654294e-02	3835
-4.427993915666949e-01	1.434602912921214e+00	3836
1.225839820230324e+00	6.263911592433831e-02	3837
4.561327958445433e-01	-1.999525755377124e+00	3838
-6.805454876332019e-01	-5.070269207784805e-01	3839
-6.233610490117732e-01	1.083321829081007e+00	3840
1.024713337454623e+00	6.472417079035100e-03	3841
1.027525064056903e+00	4.519367172197150e-03	3842
1.289395431253523e+00	8.228733841385454e-02	3843
1.389441970789053e+00	-1.032472962963222e-01	3844
-7.004503566435656e-01	-7.193783086668319e-01	3845
1.106133777131239e+00	1.847952669044880e+00	3846
-6.585039654098341e-01	4.757881919978428e-01	3847
1.020716798905441e+00	-1.342943682244513e-04	3848
1.417949929976011e-01	1.907630316378585e+00	3849
1.069019887678299e+00	-9.130135006870793e-03	3850
-3.910015583117942e-01	3.864426468575063e-02	3851
-3.147313163692337e-01	-1.004070375438709e-02	3852
-6.589057761276609e-01	-4.147450307462505e-01	3853
-6.392433403360434e-01	3.955693024166076e-01	3854
-5.330271198309738e-01	1.508278596371137e-01	3855
-5.388989665016214e-01	-1.460345861858521e-01	3856
8.028507046569416e-01	-1.986185026640801e+00	3857
-5.038782773873586e-01	1.064959398242911e-01	3858
-4.752228944238228e-01	6.715952250607490e-02	3859
1.102609173634430e+00	-1.871162751019315e-02	3860
1.093818139966506e+00	-1.871520135939367e-02	3861
1.053933474029994e+00	7.088528341929372e-03	3862
1.406102673191660e+00	-1.628753195955181e+00	3863
1.563222049303342e+00	-1.390754886463476e+00	3864
1.079740184689490e+00	-1.950149028000189e-02	3865
1.059788146735997e+00	1.371391854505523e-03	3866
-5.608181039140696e-01	-1.305608908325205e+00	3867
-6.821963110143141e-01	6.722858858299878e-01	3868
1.646022649071538e+00	-1.183740612268947e+00	3869
-5.713814973680849e-01	-2.007477595337371e-01	3870
-5.896477247424893e-01	2.579586265931810e-01	3871
-4.545292680534685e-01	-1.474855063523529e+00	3872
-3.130334500915440e-01	-1.638453465500901e+00	3873
1.682913999742677e+00	-1.007250892648617e+00	3874
1.694443698933114e+00	-8.500124648958576e-01	3875
1.688642942097865e+00	-7.085910093370785e-01	3876
-5.061671602324880e-01	-9.838036452031207e-02	3877
1.475865216723128e+00	2.231792997312342e-01	3878
1.539476231977416e+00	-2.755298900474278e-01	3879
1.422693558044848e+00	1.595335801523899e-01	3880
1.436931885215455e+00	-1.470854662177199e-01	3881
1.591027919044169e+00	-3.660952944874238e-01	3882
1.577692992261756e+00	3.922693129177486e-01	3883
1.635068965007894e+00	-4.724325672289768e-01	3884
1.617660985113367e+00	4.996424228466362e-01	3885
1.667944182139245e+00	-5.853469742561672e-01	3886
1.647601250387856e+00	6.196965752380655e-01	3887
-5.617888293701614e-01	2.015685940724465e-01	3888
-6.028794958450858e-01	-2.621500406144831e-01	3889
-6.160304618250872e-01	3.239971359943202e-01	3890
1.664677891506965e+00	7.562137571640801e-01	3891
1.660855291739332e+00	9.177271627075040e-01	3892
1.624007109701593e+00	1.114285546992749e+00	3893
1.548084987105771e+00	1.334419170665754e+00	3894
1.342981502622254e+00	-6.515597698548355e-02	3895
1.371246730084545e+00	1.094310247465597e-01	3896
-5.106156696588143e-01	1.638346976277317e+00	3897
-7.846632079826438e-01	6.110174953191405e-01	3898
1.076904549435721e+00	1.908941518835339e-02	3899
-7.773193476224757e-01	1.035880499264395e+00	3900
1.113666305483331e+00	2.495475686531448e-02	3901
-4.403340567851884e-01	-1.572708693500865e-02	3902
1.278023948493120e+00	-1.796210469477759e+00	3903
1.204362749335278e+00	4.080587603638764e-02	3904
1.294237817131196e+00	1.735530880437859e+00	3905
1.023392363422168e+00	1.887079969213428e-03	3906
1.566459374590710e+00	-2.003160155789827e-01	3907
1.262153587517410e+00	5.474570721088178e-02	3908
-3.404771259538695e-01	-1.872434176670528e+00	3909
1.148109661825472e+00	-1.579031231781342e-02	3910
-7.289772173103456e-01	1.233163931403556e+00	3911
1.051909146466711e+00	-2.139833569954672e+00	3912
2.342236727044488e-01	2.166220791594745e+00	3913
-5.358805960988470e-01	-4.329381293493643e-02	3914
1.812177759666411e+00	-7.740858760829648e-01	3915
-7.077449878256243e-01	3.333820127639237e-01	3916
1.621608531038007e+00	3.109194102381033e-01	3917
-8.074779887627263e-01	-6.563102843876285e-01	3918
1.117430263493853e+00	-1.615987390925838e-02	3919
1.809780898330486e+00	-1.125538808267058e+00	3920
-7.961905221051623e-01	8.708885633059619e-01	3921
-4.415896605504849e-01	2.565267015127028e-02	3922
-6.750372919006926e-01	2.616756238318437e-01	3923
2.478338499359958e-01	-2.187068754973946e+00	3924
1.336654128619389e+00	7.286192197055689e-02	3925
1.504555759309120e+00	-1.368508689821217e-01	3926
-6.058025226245209e-01	1.425971760266238e-01	3927
1.478948522636364e+00	1.520362054573409e+00	3928
1.242149262807619e+00	-2.726710567906273e-02	3929
1.493626674181955e+00	1.552838687571848e-01	3930
-3.287702637373890e-01	1.846197455130043e+00	3931
-7.874784869430711e-01	-5.421513160560172e-01	3932
1.156193208032279e+00	2.939906164595422e-02	3933
-6.370878977306949e-01	1.433124590112302e+00	3934
1.018263567607300e+00	2.125728159128526e+00	3935
6.136540808132743e-01	2.209257122409229e+00	3936
-8.109416135077223e-01	-9.336401476344822e-01	3937
-8.202394361494200e-02	-2.055933461411699e+00	3938
1.190195800000046e+00	-2.116125078794997e-02	3939
-7.890050121340959e-01	-1.095605585157150e+00	3940
1.309174932020200e+00	-3.643575965268556e-02	3941
-8.164815876802453e-01	-7.888214978776514e-01	3942
-8.190604671094752e-02	2.032455479095410e+00	3943
1.089273987334336e+00	1.855565968942310e-02	3944
-7.631228861322383e-01	5.040276763564704e-01	3945
1.067732051480259e+00	-8.381134150986574e-04	3946
-7.602732783791397e-01	-4.384843550805518e-01	3947
-7.385479639793570e-01	4.137346833469395e-01	3948
-7.266706774992818e-01	-3.470106516266392e-01	3949
6.362819574388663e-01	-2.228171437241541e+00	3950
-5.707712508470880e-01	9.373156580548875e-02	3951
-5.360653690299114e-01	5.234162747942846e-02	3952
1.067952561590681e+00	5.166054761288282e-03	3953
1.635868857697122e+00	-1.609364503711877e+00	3954
1.078280127660754e+00	-1.253062833401952e-02	3955
-7.404953697645189e-01	-1.279349848387632e+00	3956
-7.962285709430199e-01	7.329461944237160e-01	3957
1.756137998615684e+00	-1.347568349441583e+00	3958
-6.514046411119879e-01	-1.975257231039461e-01	3959
-6.557964731663716e-01	-1.480776443659524e+00	3960
-5.240223695123070e-01	-1.675082005511223e+00	3961
1.822409987323602e+00	-9.381351273716497e-01	3962
-5.733981397520689e-01	-8.642889925795040e-02	3963
1.631107357364049e+00	-2.829927134618986e-01	3964
1.557750172767107e+00	2.247836399637987e-01	3965
1.447213118265386e+00	-8.795896635761245e-02	3966
1.692647580651544e+00	-3.860127873347035e-01	3967
1.679860284181218e+00	4.162516908441158e-01	3968
1.745265795504892e+00	-5.013146165288997e-01	3969
1.729145766973625e+00	5.364785801147642e-01	3970
1.785964720154823e+00	-6.286118857444210e-01	3971
-6.405900730621952e-01	1.972617074016245e-01	3972
-6.123602809655283e-01	-1.385340851890814e-01	3973
-6.900169070380063e-01	-2.680624434235380e-01	3974
1.767178847061573e+00	6.749541368898365e-01	3975
1.787157495897782e+00	8.408215733447449e-01	3976
1.779991091631433e+00	1.042813119173371e+00	3977
1.734715108488216e+00	1.276823477216021e+00	3978
1.393753806701933e+00	-5.030089077134985e-02	3979
1.431982198007774e+00	9.954535577067654e-02	3980
-7.348512214360664e-01	1.634257361881101e+00	3981
-8.397697749423120e-01	1.404350087677258e+00	3982
-9.049311986297595e-01	1.171172702058358e+00	3983
-3.444412194177796e-01	-2.147138412239639e+00	3984
1.289258861437436e+00	2.013086788484821e+00	3985
1.140946258218475e+00	1.544210668341742e-02	3986
-5.758527870983704e-01	1.878050699742617e+00	3987
1.130527046752282e+00	-7.020759731684189e-03	3988
-4.958530202847642e-01	7.344672037955849e-04	3989
1.948238654107273e+00	-1.276195063134028e+00	3990
1.390120051012833e+00	6.036932358910514e-02	3991
1.216816058271482e+00	-9.454975502081450e-03	3992
-8.490894921897922e-01	4.316389131574878e-01	3993
1.182667806563489e+00	2.262235434952035e-02	3994
1.169842993543022e+00	-6.741986590050483e-03	3995
1.276816452330938e+00	-1.271444580452314e-02	3996
-7.289157969329741e-01	1.908888065860170e-01	3997
-9.095221227392846e-01	-5.782921133360734e-01	3998
3.939339958762735e-01	2.443512279324733e+00	3999
-1.961188122743213e-02	2.323489042216699e+00	4000
1.968830088144151e+00	-1.041801246793245e+00	4001
1.076598841590874e+00	-1.767597159181771e-03	4002
-9.613084551541543e-03	-2.346740689767759e+00	4003
1.518119082075374e+00	-1.825384390635221e+00	4004
-5.867013981482757e-01	-1.914027253276880e+00	4005
8.963268886431339e-01	-2.438614277875843e+00	4006
1.735888876484379e+00	-2.899900067051436e-01	4007
-6.023115373189780e-01	-2.239555635955983e-02	4008
1.658184688404931e+00	-1.948609709954821e-01	4009
1.102923411065897e+00	1.567369108513004e-02	4010
1.107681651599948e+00	-4.945439399533780e-03	4011
1.236177371528483e+00	3.239347436357798e-02	4012
1.079869927736821e+00	9.059522243180738e-03	4013
1.303140040685972e+00	4.372629949689761e-02	4014
1.129600012918553e+00	1.634089471521796e-02	4015
1.954820140177206e+00	-8.472357029145298e-01	4016
-9.359278447597572e-01	-7.127030047543701e-01	4017
1.727821846731246e+00	3.219303306393714e-01	4018
-9.289158225455399e-01	9.691331888092989e-01	4019
-9.095211048421168e-01	6.601933114940436e-01	4020
-8.745496319360591e-01	-4.626784062115152e-01	4021
1.353621288790792e+00	-1.938886250080080e-02	4022
1.512557080019206e+00	-6.902431353158356e-02	4023
-8.335011458305359e-01	-3.584961980549974e-01	4024
-8.112875297502973e-01	3.393096342146011e-01	4025
1.533028142412575e+00	1.754963371222434e+00	4026
1.651697046936475e+00	2.229351574187548e-01	4027
-3.418860837069609e-01	2.119110946114776e+00	4028
-8.822200600381916e-01	5.352553609948623e-01	4029
8.675704490103602e-01	2.423042573514922e+00	4030
-9.485674105946444e-01	-8.648493204710034e-01	4031
-9.463661891471542e-01	-1.032686824825588e+00	4032
-6.029236746417859e-01	3.094424918856386e-02	4033
4.123433046203002e-01	-2.463553770199854e+00	4034
-6.444328890931686e-01	7.732289191553958e-02	4035
-9.213772316042331e-01	-1.226776708466594e+00	4036
-9.268625156432603e-01	8.014778075338116e-01	4037
1.866693239822591e+00	-1.556623093779822e+00	4038
-7.881005074788202e-01	-2.694136617005681e-01	4039
-8.623617124423316e-01	-1.446706317849628e+00	4040
-7.541194317553753e-01	-1.686606651792795e+00	4041
-6.942368419369593e-01	-1.258051669967467e-01	4042
1.574674632830972e+00	1.459497607228527e-01	4043
1.582285590045355e+00	-1.225872675160040e-01	4044
1.685078110895908e+00	1.479437436304770e+00	4045
1.808603255042695e+00	-4.024506865407684e-01	4046
1.797619636645631e+00	4.391333964780064e-01	4047
1.871475217945313e+00	-5.308307364016457e-01	4048
-6.475257141721558e-01	-7.072839231047531e-02	4049
-6.866299046525415e-01	1.290104088925439e-01	4050
-7.418527190072455e-01	-1.928345119716875e-01	4051
-7.708143576706086e-01	2.607840804126063e-01	4052
1.857967281310819e+00	5.764768973928232e-01	4053
1.920700366900019e+00	-6.791701269339810e-01	4054
1.903425803888118e+00	7.435776156265952e-01	4055
1.926973326230139e+00	9.478661860895895e-01	4056
1.916084208471613e+00	1.191596639755752e+00	4057
1.449010519091724e+00	-2.825809192670333e-02	4058
1.501094906475421e+00	8.615827859817995e-02	4059
1.214326451750980e+00	2.348044314318391e+00	4060
1.246428468524623e+00	5.234557282456364e-03	4061
-1.081227811190742e+00	-7.757091623141051e-01	4062
-8.361788793207844e-01	1.873181896308256e+00	4063
6.421375709220689e-01	2.721421227917593e+00	4064
1.369576902024311e+00	-2.024313304719015e+00	4065
-6.288640309862938e-01	2.162394330732515e+00	4066
1.160927895953141e+00	9.173170207882272e-03	4067
1.214362445194368e+00	-2.409836994820899e+00	4068
1.315476331357257e+00	4.937378352302985e-03	4069
1.271820199923932e+00	1.956865661457168e-02	4070
1.211455600025401e+00	1.326728889852873e-02	4071
-6.364148115349962e-01	-2.203962974646997e+00	4072
1.776904463651241e+00	-1.800270227966453e+00	4073
1.451206429817533e+00	4.229656680624545e-02	4074
-1.078638023778362e+00	1.088657950937616e+00	4075
1.349977192516828e+00	2.786860155420728e-02	4076
1.146499867925284e+00	3.237655594742343e-03	4077
-9.747534637676988e-01	4.480024567451354e-01	4078
1.572637302697742e+00	2.037969273272936e+00	4079
-6.760802053363572e-01	3.465154694897991e-03	4080
-8.530805686362206e-01	-1.931707114863272e+00	4081
1.402013744380636e+00	2.322698129469922e-03	4082
1.667370654414944e+00	1.314066768720418e-01	4083
1.849782268900088e+00	3.297327025454122e-01	4084
-9.278410469506223e-01	3.448970255277921e-01	4085
-9.662407635515209e-01	1.600095688750223e+00	4086
-1.044282154697838e+00	1.334981549091341e+00	4087
-1.052442949036903e+00	7.137751713960204e-01	4088
1.759586795746105e+00	2.198369802102168e-01	4089
2.094173706667537e+00	-1.470449876129413e+00	4090
1.671864619889878e+00	-1.041645042239509e-01	4091
1.193161111010083e+00	4.440077414995723e-03	4092
-9.538858445734907e-01	-3.700020100582365e-01	4093
-1.048647963329383e+00	-6.193235300044169e-01	4094
1.082151326277893e-01	2.651607792233524e+00	4095
2.133344579996112e+00	-1.174037128653084e+00	4096
1.086975358777900e+00	-5.786481520835728e-03	4097
-3.129662018324955e-01	-2.469193916961697e+00	4098
1.240482758292525e-01	-2.672882502153790e+00	4099
6.665725769506375e-01	-2.738487589385312e+00	4100
1.117082745509307e+00	1.030867112546701e-02	4101
1.092980394499116e+00	6.368759669208962e-03	4102
2.118883696331368e+00	-9.328886638882781e-01	4103
1.893011907894121e+00	1.407700500491459e+00	4104
1.763571265699460e+00	-1.877800328840863e-01	4105
-8.989575537209333e-01	-2.678272558834978e-01	4106
-3.222981605413873e-01	2.442648959983453e+00	4107
-1.016730149256567e+00	5.707170810533396e-01	4108
-1.004421253480129e+00	-4.851701090604592e-01	4109
-1.075959281390230e+00	8.828803694034812e-01	4110
-1.100239412890534e+00	-9.490783808045403e-01	4111
-1.100036967097043e+00	-1.149163897533160e+00	4112
-7.771815058346810e-01	1.118264709640616e-01	4113
-8.780263289083104e-01	2.546343769318688e-01	4114
-1.069729673282965e+00	-1.382178604770529e+00	4115
-9.978982222500383e-01	-1.649455906586374e+00	4116
1.586827395974368e+00	-4.408771779062494e-02	4117
1.784462439744245e+00	1.715299090443240e+00	4118
1.855269970293151e+00	-2.922043433672139e-01	4119
1.941057100758752e+00	-4.168602034134112e-01	4120
-7.294684161094982e-01	-4.763450450960403e-02	4121
-7.255123164823778e-01	5.359025938856196e-02	4122
-7.865031794814015e-01	-1.096753543951439e-01	4123
-8.427553183680335e-01	-1.830509838960746e-01	4124
-8.275370983409923e-01	1.786339057369350e-01	4125
1.933435348622694e+00	4.623652903444285e-01	4126
2.015668945359320e+00	-5.650538773678920e-01	4127
2.005688200087381e+00	6.269379700941708e-01	4128
2.076152060108443e+00	-7.348156769968441e-01	4129
2.060946619245078e+00	8.298533466473562e-01	4130
2.087216833512107e+00	1.078112870676043e+00	4131
1.510892206442378e+00	-1.237497819718403e-03	4132
1.579533705304468e+00	6.616398060646671e-02	4133
-6.605638449192737e-01	2.503256717265196e+00	4134
1.872005494237994e+00	2.004857929936001e+00	4135
2.242809198564116e+00	9.370543958289734e-01	4136
-1.245621671322769e+00	9.827789747338957e-01	4137
-1.244138698533726e+00	1.236369014047868e+00	4138
-1.215932484243456e+00	7.765036435242729e-01	4139
1.991406737257324e+00	-2.900323201914138e-01	4140
-1.205909896028861e+00	-6.666307260994502e-01	4141
-1.090093910369995e+00	-3.775584971379629e-01	4142
-1.247727307498116e+00	-8.435197843002310e-01	4143
3.334775912096437e-01	2.998448933763968e+00	4144
1.883196775063319e+00	2.116000830459318e-01	4145
1.051262217783471e+00	-2.741535914295178e+00	4146
3.543272927552213e-01	-3.017061687079349e+00	4147
1.990036702241607e+00	3.350394007858076e-01	4148
-9.986753485253879e-01	2.462127066093514e-01	4149
-9.330421098344112e-01	2.160312358195784e+00	4150
-1.131813401951677e+00	-1.893563992957174e+00	4151
-1.103921559788030e+00	1.832173930964990e+00	4152
1.645557322197449e+00	-2.048351222678017e+00	4153
-9.437557767596256e-01	-2.222704088342600e+00	4154
1.883536160044593e+00	-1.744936225731664e-01	4155
2.095584679673185e+00	1.302597134691423e+00	4156
2.089909470320075e+00	4.927747191082426e-01	4157
1.047508498864192e+00	2.710894748300503e+00	4158
1.523907723232106e+00	-2.306625791859835e+00	4159
1.411202031501521e+00	2.266094279555477e+00	4160
-1.024500922276780e+00	-2.649137355535225e-01	4161
-1.200898153295704e+00	1.524135738311249e+00	4162
2.038767213502559e+00	-1.733167323504369e+00	4163
-1.059339379079265e+00	3.466011220653529e-01	4164
-1.152363808637046e+00	-5.093202352422133e-01	4165
-1.170328736225986e+00	6.076589020208386e-01	4166
2.312824802721561e+00	-1.348288254926683e+00	4167
-6.509050684330949e-01	-2.546687401789235e+00	4168
-2.221956748031808e-01	-2.838183140692994e+00	4169
2.306396049539917e+00	-1.042326205328229e+00	4170
1.774236336019546e+00	1.134954386078003e-01	4171
1.775218670180315e+00	-8.272475878596340e-02	4172
-2.377289684171277e-01	2.813634906090239e+00	4173
-1.117705281402072e+00	4.669222198809847e-01	4174
-1.273350264313036e+00	-1.047413278826022e+00	4175
-8.176474665078224e-01	-2.268038562604745e-03	4176
-1.273712436149631e+00	-1.288052551273680e+00	4177
-1.236662057263525e+00	-1.567721777954013e+00	4178
1.662196988841893e+00	1.382683371532802e-02	4179
-9.560773350828543e-01	-1.677235202980476e-01	4180
-9.373679094881664e-01	1.597201555861260e-01	4181
-8.885482167913061e-01	-8.851217953716153e-02	4182
-8.768662173867418e-01	8.820999625649412e-02	4183
2.092512715243358e+00	-4.332122626669712e-01	4184
2.033816448567364e+00	1.631568871847060e+00	4185
2.181736683698176e+00	-6.012525622766673e-01	4186
2.177590783431548e+00	6.900408601475343e-01	4187
2.255417978256155e+00	-7.994744924986861e-01	4188
1.725057343535347e+00	2.285807483027412e+00	4189
-1.165398700503063e+00	-2.569124905575697e-01	4190
-1.438163127811964e+00	-9.213098810817018e-01	4191
6.810522845667737e-02	3.020362947513804e+00	4192
2.274137485417584e+00	1.507422914279494e+00	4193
-1.020417121731666e+00	2.507891172952675e+00	4194
-1.084419309731989e+00	-1.487600117171248e-01	4195
2.024844709221317e+00	1.981108263139972e-01	4196
7.938144252308978e-01	-3.093430124732683e+00	4197
1.818458721929288e+00	-2.285547210887132e+00	4198
-1.435323820769569e+00	1.109634717088146e+00	4199
9.149544966611255e-02	-3.041030272666715e+00	4200
1.423755109020090e+00	-2.660190067933494e+00	4201
2.019532843442823e+00	-1.553400907759838e-01	4202
-6.347286967945632e-01	2.909626780376933e+00	4203
7.798581301734112e-01	3.073415898745387e+00	4204
2.462313725639346e+00	-8.824991298044305e-01	4205
-1.208702784795737e+00	3.476170970192161e-01	4206
-1.134300125207395e+00	2.319412769643560e-01	4207
2.152177933325540e+00	3.439043434396355e-01	4208
2.285690108499467e+00	1.163965277970486e+00	4209
-1.431065095775446e+00	1.410470489334265e+00	4210
-1.346039135454292e+00	6.499291096921330e-01	4211
2.147282563284994e+00	-2.869783343941103e-01	4212
-1.385584703024278e+00	-7.158892452215513e-01	4213
-1.402963033414597e+00	8.539393202113639e-01	4214
-1.059880649981854e+00	1.370042717984128e-01	4215
-1.254634258576933e+00	2.117856640877311e+00	4216
1.941531985290944e+00	-2.014146626875297e+00	4217
-1.267982818464749e+00	-2.186380960633184e+00	4218
1.869009438751331e+00	1.418220070280560e-02	4219
1.892432715659421e+00	-5.332282097812434e-02	4220
2.373368524457973e+00	-6.425195082044830e-01	4221
-1.374742436818437e+00	1.746974668630310e+00	4222
-1.320806320525575e+00	-5.382137947733079e-01	4223
2.296810090798759e+00	-1.625218531816639e+00	4224
-1.013154883460017e+00	-2.575617627530062e+00	4225
-6.151464052188433e-01	-2.949210783562148e+00	4226
2.516364678257439e+00	-1.190698300634203e+00	4227
1.896700233868845e+00	8.886273920082213e-02	4228
-1.279640112574623e+00	4.857311045199207e-01	4229
-1.244863079968392e+00	-3.835411576470303e-01	4230
-1.420302407607827e+00	-1.803570870659572e+00	4231
-1.470326710580953e+00	-1.165341063635678e+00	4232
-1.470292771310888e+00	-1.453925958482541e+00	4233
-1.002303546010401e+00	-5.869761855783116e-02	4234
-9.871576015645854e-01	5.555782193235657e-02	4235
-9.281193175570696e-01	2.633365795968433e-03	4236
2.266550226082985e+00	-4.482122900136389e-01	4237
2.272505299974004e+00	5.307116523906785e-01	4238
2.377480497319296e+00	7.702884962651277e-01	4239
1.688225977190698e+00	-2.574492593305917e+00	4240
2.033407042065137e+00	2.269426153418143e+00	4241
4.969857572078663e-01	3.386628144365282e+00	4242
-1.324776027850007e+00	-2.436593226651216e-01	4243
-1.600212071339665e+00	-2.093808584188208e+00	4244
5.100428896605756e-01	-3.405272364537989e+00	4245
1.185535165846438e+00	3.094983602213398e+00	4246
-1.650936823785032e+00	1.261870457107524e+00	4247
-2.877286563299591e-01	-3.219424871871519e+00	4248
2.698528652606678e+00	-9.996567981313663e-01	4249
-1.655814365059991e+00	-1.014721190195328e+00	4250
1.251830241830305e+00	-3.065533217980175e+00	4251
1.552124147480623e+00	2.549115561954249e+00	4252
2.543363923915749e+00	-1.475164299479780e+00	4253
-1.547595046573956e+00	7.025713933481440e-01	4254
-1.511514690420702e+00	-5.676877577971514e-01	4255
2.217213077404650e+00	1.844697847749562e+00	4256
-1.615784873626161e+00	9.556874282633554e-01	4257
-3.165793618858522e-01	3.192257537031832e+00	4258
2.124443303364048e+00	-2.259593782196052e+00	4259
-1.640857781322871e+00	1.617227900554073e+00	4260
-1.392742930097325e+00	2.464466661472713e+00	4261
-8.381450049294923e-01	2.810960725638537e+00	4262
2.240458644265080e+00	-1.928592703509433e+00	4263
-1.421537702429123e+00	-3.911967624693513e-01	4264
-1.464707671846514e+00	5.054120177503623e-01	4265
-1.287928061641524e+00	2.138892632928488e-01	4266
-1.227654407337277e+00	-1.243916842092953e-01	4267
2.467277881595852e+00	-4.640681054902908e-01	4268
2.341470777489581e+00	3.552285343876148e-01	4269
2.594165153455138e+00	-6.968518025071440e-01	4270
2.498536975218699e+00	1.343920511747272e+00	4271
2.189175944780706e+00	1.842632560080067e-01	4272
2.176173611590750e+00	-1.308930038246868e-01	4273
-1.591037331431337e+00	-7.709258306433554e-01	4274
-1.196845454890902e+00	1.052391205558342e-01	4275
-1.120204325825725e+00	-3.966872714093291e-03	4276
2.031151161525806e+00	1.983282059066843e-02	4277
-1.568641798558648e+00	2.013376023566252e+00	4278
-1.394644011899719e+00	-2.543564097610158e+00	4279
-1.042010255844632e+00	-3.000162768617649e+00	4280
-1.377511235222628e+00	3.471692596731951e-01	4281
-1.689195879139526e+00	-1.660805316330173e+00	4282
-1.694427816608907e+00	-1.307326344218380e+00	4283
2.325988791946827e+00	-2.791781520586278e-01	4284
2.485986398988384e+00	5.808815593736617e-01	4285
2.456431435168043e+00	9.931812592512610e-01	4286
9.868252115681422e-01	-3.471509498575109e+00	4287
1.887578222459895e+00	2.570111663946139e+00	4288
2.119288459556400e-02	3.435407767070747e+00	4289
-1.876561316672062e+00	1.863346380078650e+00	4290
1.649799171126475e+00	-2.913999756478870e+00	4291
-1.856677655399215e+00	1.081683505547832e+00	4292
-1.826355010481598e+00	-8.368949804080056e-01	4293
2.006725081382891e+00	-2.554732039490021e+00	4294
-7.321554367859084e-01	-3.342324911591334e+00	4295
5.843401199200345e-02	-3.455738215718887e+00	4296
-1.351809763102057e+00	6.678982079217845e-02	4297
2.377224782650976e+00	2.167130079480729e+00	4298
2.531940495756491e+00	-2.678925740228251e-01	4299
2.507696530372693e+00	1.667459533290071e+00	4300
-1.923721115175285e+00	-1.931537744494527e+00	4301
-1.493812532138600e+00	-2.980186986492736e+00	4302
-1.569565369337003e+00	3.432808265919932e-01	4303
2.380941866975545e+00	1.681845000477571e-01	4304
2.770569149931462e+00	-1.284114982237340e+00	4305
-1.895044806749803e+00	1.445123198540502e+00	4306
9.387451578401127e-01	3.465909915075568e+00	4307
2.355608307871656e+00	-9.888521172519524e-02	4308
-1.904551057578534e+00	-1.128482174218313e+00	4309
1.408770127322414e+00	2.797157685541701e+00	4310
-1.225863342622296e+00	2.814018939811119e+00	4311
2.446212583940285e+00	-2.185801058196971e+00	4312
2.533351505815407e+00	-1.794189649503642e+00	4313
-1.677319934547448e+00	5.307963950409973e-01	4314
-1.621528656690741e+00	-3.987378265244700e-01	4315
-1.460841886254037e+00	1.931936876040459e-01	4316
-1.506653362946418e+00	-2.283094965354795e-01	4317
-1.388982211963890e+00	-9.079460632674574e-02	4318
2.851801859336961e+00	-7.771803936787671e-01	4319
2.563450009046326e+00	3.731380218294193e-01	4320
2.698991244617167e+00	-4.884836605572812e-01	4321
-1.729181803028639e+00	-5.978865210414649e-01	4322
-1.779236500011487e+00	7.745501614900840e-01	4323
-1.768528979214813e+00	2.349450219396400e+00	4324
-1.784986649507715e+00	-2.446607218496321e+00	4325
-1.947853216027134e+00	-1.485203226339144e+00	4326
-1.266849109725571e+00	-2.697584458637571e-02	4327
2.601153569463831e+00	7.929875275655112e-01	4328
2.699697084243872e+00	1.142659597779990e+00	4329
6.898639253624949e-01	-3.835529266692062e+00	4330
3.282038899376964e-01	-3.825011677529902e+00	4331
-3.715463037035183e-01	3.624171710837819e+00	4332
1.500856909219242e+00	-3.390775199469814e+00	4333
2.971279774534649e+00	-5.289292746526296e-01	4334
-2.134795159915292e+00	2.173937951958574e+00	4335
2.981690659645364e-01	3.806092226431188e+00	4336
6.466798779322700e-01	3.821457128649226e+00	4337
-1.646871934343211e+00	2.753609383842500e+00	4338
-1.958038647697542e+00	-2.883221345325734e+00	4339
-1.549003991771693e+00	-1.387417849170012e-02	4340
-2.171056719874320e+00	1.665113635521682e+00	4341
2.261903312256800e+00	2.528104083539086e+00	4342
-7.123090958226820e-01	3.316029126017915e+00	4343
2.349338854668685e+00	-2.518490444581290e+00	4344
-1.224675845203437e+00	-3.392190468905688e+00	4345
1.701666152853899e+00	2.868910190752527e+00	4346
-1.030619524734448e+00	3.157666580788737e+00	4347
-3.689924177227065e-01	-3.650358176880713e+00	4348
2.970955877801175e+00	-1.053885492878671e+00	4349
-1.923074837897827e+00	5.696791859400789e-01	4350
-2.042796157779173e+00	8.697631714312484e-01	4351
-1.712286284873444e+00	-2.118144449356746e-01	4352
2.605728308320705e+00	1.527685119039222e-01	4353
1.381596906303949e+00	3.494591418526485e+00	4354
-2.131702348704167e+00	1.234700160071707e+00	4355
-2.239352924807076e+00	-1.721595300044525e+00	4356
2.562498516877636e+00	-5.917591952374181e-02	4357
-2.096189681058463e+00	-9.185878429135551e-01	4358
-2.170606235690820e+00	-2.270787734225905e+00	4359
2.256770400808823e+00	2.815341105321755e-02	4360
1.566361066122272e+00	3.149437118531003e+00	4361
2.773298291648842e+00	-2.052487820263425e+00	4362
2.811045525457506e+00	-1.610677432055099e+00	4363
-1.789891068118646e+00	3.399561128477382e-01	4364
-1.656623812089541e+00	1.643021104437740e-01	4365
2.713548273812201e+00	5.675137862183415e-01	4366
2.763264694113168e+00	1.456656601236226e+00	4367
2.770569654596348e+00	-2.605273414560404e-01	4368
-1.848932712330342e+00	-4.026495930946147e-01	4369
-1.978632275373993e+00	-6.337200567135874e-01	4370
-2.188450146579301e+00	-1.272476012795480e+00	4371
2.716036768515810e+00	1.989690913343686e+00	4372
2.870068204827411e+00	9.066609526582219e-01	4373
-1.466690351539377e+00	3.152582163390547e+00	4374
1.236477994078397e+00	-3.875758680284482e+00	4375
1.919901763372681e+00	-3.255608608710499e+00	4376
1.949325376942114e+00	3.162395281749748e+00	4377
-8.748882404058095e-01	-3.785627930877347e+00	4378
2.092326832846975e+00	2.882448519961365e+00	4379
3.135627194855378e+00	-7.887649303560643e-01	4380
-1.404757869797007e-01	-3.879305491517750e+00	4381
1.810219534447998e+00	3.503263889321176e+00	4382
4.521189340574326e-01	4.256581314413713e+00	4383
2.714748585864566e+00	-2.426277095420908e+00	4384
-2.265349521236179e+00	-6.798702300555435e-01	4385
-2.420540410568937e+00	-2.696759098962117e+00	4386
-1.747174656869700e+00	-3.356881354330856e+00	4387
2.429455643896380e+00	5.977143172017442e-02	4388
-1.945793350198556e+00	-1.871961112063579e-01	4389
2.787708392444991e+00	-5.723063961745595e-03	4390
2.135587873904671e+00	-2.914821826205923e+00	4391
1.125355572258442e+00	3.902934290849215e+00	4392
-2.444900890865533e+00	1.421105904515963e+00	4393
-2.540979342065580e+00	-2.034964927161714e+00	4394
3.051286120927319e+00	-2.597380955587966e-01	4395
3.000087522598760e+00	6.416625675453871e-01	4396
4.946274361212273e-01	-4.274098861058366e+00	4397
-2.072968481292124e+00	2.611028947499800e+00	4398
4.617432918567843e-04	3.897597758385859e+00	4399
-2.479737623423643e+00	1.940798447411978e+00	4400
-8.130240681105154e-01	3.768875556353439e+00	4401
-1.045760319990804e+00	3.583809795476351e+00	4402
-2.345033105974367e+00	9.874937235415703e-01	4403
2.787863137406382e+00	3.224073734409819e-01	4404
-2.512662152006060e+00	-1.460277942919874e+00	4405
3.091934811322400e+00	-1.856680198591915e+00	4406
3.064271427331602e+00	-1.379363541703140e+00	4407
-1.880834156992607e+00	1.310541687082395e-01	4408
-1.759102399156810e+00	-2.147403817635653e-02	4409
2.654926027099358e+00	2.397244243271689e+00	4410
2.808993209616602e+00	1.769851675937737e+00	4411
-2.045073958673762e+00	3.436752751335207e-01	4412
-2.109037448963145e+00	-4.065436598714488e-01	4413
-2.205038080397746e+00	6.292141201663954e-01	4414
-2.406043916776102e+00	-1.024323726385060e+00	4415
2.984916141200662e+00	1.208909712336086e+00	4416
-1.441426009320499e+00	-3.833541971285288e+00	4417
1.597678301924800e+00	3.916576368195472e+00	4418
-2.595985040749030e+00	-7.433431846436398e-01	4419
6.506989602803663e-02	-4.250648281254963e+00	4420
-2.341778662838902e+00	3.628467587456115e-01	4421
-1.554041433421440e+00	3.656329330086208e+00	4422
3.086741690611862e+00	-2.262565080684101e+00	4423
-2.140353415707059e+00	9.795520800442518e-02	4424
-1.947294668297950e+00	3.075527384942053e+00	4425
1.013694736742883e+00	-4.238095198992625e+00	4426
-2.865495423313549e+00	-2.432106973626887e+00	4427
2.349008165666968e+00	3.190992894449768e+00	4428
-2.486058347881723e+00	2.396445180196078e+00	4429
-5.631050067639231e-01	-4.067914251225421e+00	4430
1.781430677885816e+00	-3.763135047025255e+00	4431
-4.507926298240384e-01	4.108487384310229e+00	4432
-2.799721555427807e+00	1.656058105935849e+00	4433
-2.284916970666461e+00	-3.226643133783453e+00	4434
3.006952028974309e+00	2.242372124400799e+00	4435
-2.212015234561671e+00	-1.571723251453489e-01	4436
-2.875031204920457e+00	-1.727511068575248e+00	4437
3.258603454669245e+00	-4.948873701624084e-01	4438
3.073564047125740e+00	1.544667317344475e+00	4439
2.526583201167623e+00	2.818539914173559e+00	4440
2.244871542719724e+00	3.482846876351727e+00	4441
8.877867589291734e-01	4.267253079473525e+00	4442
2.345545495620347e+00	-3.284761034542973e+00	4443
2.580340056955815e+00	-2.842813868927177e+00	4444
-2.529753075284145e+00	7.066075122869246e-01	4445
3.166137509611525e+00	9.249520732601634e-01	4446
-2.760124356869447e+00	-1.166007912289983e+00	4447
3.041322496901648e+00	9.309987479333562e-02	4448
3.087444605960981e+00	3.541898992280492e-01	4449
-2.691186012823927e+00	1.133827490425271e+00	4450
3.388089394890003e+00	-1.599600104918687e+00	4451
3.283650480309483e+00	-1.103167645279556e+00	4452
-2.408155892387736e+00	-4.145703005819277e-01	4453
-4.832164530801970e-02	4.433624411328287e+00	4454
-2.045410386957986e+00	-3.778412157056928e+00	4455
2.101641799345149e+00	-3.672640220019441e+00	4456
-2.813190509987912e+00	-2.997069643484441e+00	4457
-2.426628992236608e+00	2.896914516117612e+00	4458
6.570794427746270e-01	4.758497480933788e+00	4459
-1.072518521099359e+00	-4.264604485093850e+00	4460
-3.166118625973466e+00	-1.372295284605651e+00	4461
3.140741094532399e+00	1.889300189508954e+00	4462
1.561682222439339e+00	-4.280104567805364e+00	4463
1.374936788745720e+00	4.359001828397415e+00	4464
-3.851591586196854e-01	-4.619280648023089e+00	4465
3.446846098040698e+00	-2.024566954314356e+00	4466
2.516794043409415e-01	-4.753840136269459e+00	4467
3.299463175295937e+00	6.104649649205766e-01	4468
3.311748028840829e+00	1.260289862278906e+00	4469
-2.753982854818323e+00	-4.326392175015470e-01	4470
-9.454049759239297e-01	4.271947210104321e+00	4471
-2.112978183968439e+00	3.608633884176213e+00	4472
7.867190043679012e-01	-4.749902731538128e+00	4473
-2.961467702872633e+00	-2.161255184869278e+00	4474
2.066608058736378e+00	3.911937818824244e+00	4475
-2.871855315838449e+00	2.116671080575353e+00	4476
-2.430631711413718e+00	5.506810516467622e-02	4477
2.953072155237040e+00	2.676384326165278e+00	4478
2.788573471878404e+00	3.172704983996552e+00	4479
2.685896762044183e+00	3.476441683119498e+00	4480
2.811889103316503e+00	-3.248035056870387e+00	4481
3.017219780516634e+00	-2.708877193744396e+00	4482
-3.086911335827768e+00	1.321386105734319e+00	4483
3.321492559825355e+00	-1.425151976105431e-01	4484
3.312500318656998e+00	1.783423939692611e-01	4485
-2.977793993598084e+00	-8.355751358761933e-01	4486
-2.903507105281621e+00	8.068709621853577e-01	4487
3.648258701387060e+00	-1.285254865199717e+00	4488
3.459092268278749e+00	-7.877413447758547e-01	4489
-2.518485349993129e+00	-1.246847525755064e-01	4490
-2.682370004184165e+00	3.973511345053961e-01	4491
-3.313685825093396e+00	-1.831237711008709e+00	4492
1.872332972844081e+00	4.365416896309731e+00	4493
-2.663292469110399e+00	-3.610739262685006e+00	4494
-2.684253379868624e+00	3.433064267957776e+00	4495
1.037281310371971e+00	4.812413817159274e+00	4496
-1.705749686677067e+00	-4.322624021966889e+00	4497
3.427957864405838e+00	1.629415467640680e+00	4498
-5.521152326588136e-01	4.653961165431937e+00	4499
-3.224167289177171e+00	1.779598380598233e+00	4500
2.596122625119262e+00	-3.697044409812730e+00	4501
1.309015947421950e+00	-4.729553535319119e+00	4502
-1.238355541324091e+00	4.056704181584633e+00	4503
-1.874192045704903e+00	4.097420962726450e+00	4504
-3.076244912484600e+00	4.459548216534495e-01	4505
2.519806746715489e+00	3.895086404185834e+00	4506
3.590028035084891e+00	4.008300619683223e-01	4507
3.581252628646153e+00	-4.240063090803718e-01	4508
-2.890196557565477e+00	2.637494413561802e+00	4509
3.503501379487148e+00	9.264992982554990e-01	4510
-9.684942478857828e-01	-4.898716624995423e+00	4511
3.777630543314062e+00	-1.714803376120002e+00	4512
-1.804646729497170e-01	-5.214398808664295e+00	4513
8.182092679338134e-02	5.077721458954135e+00	4514
5.215807044661572e-01	-5.300228402369359e+00	4515
3.400519869602285e+00	2.189134833674569e+00	4516
3.348459548972761e+00	2.505791798599858e+00	4517
3.255244544888005e+00	3.052501470841957e+00	4518
3.150449485352090e+00	3.464787576432558e+00	4519
3.299008133223678e+00	-3.123865549303897e+00	4520
3.447097085215397e+00	-2.499055668405117e+00	4521
-3.417714885966186e+00	-9.795277975683434e-01	4522
-3.333784892966751e+00	9.404580341083788e-01	4523
-3.155690071456015e+00	-4.704264591660783e-01	4524
3.859092613266157e+00	-9.199737370210346e-01	4525
3.597733235667538e+00	2.350516821378087e-02	4526
-2.873495914210762e+00	-9.508298407400123e-02	4527
-1.386715825789524e+00	4.563723019379804e+00	4528
-3.621638025636604e+00	-5.494300736129671e-01	4529
-3.284034061288492e+00	-2.752280157836101e+00	4530
1.627257633185041e+00	4.892121673473188e+00	4531
1.882426872100110e+00	-4.751600772047334e+00	4532
4.007700108369618e+00	-5.105210886708537e-01	4533
3.904404577663165e+00	-2.146562796973756e-01	4534
2.322569761399659e+00	-4.141670196332211e+00	4535
-3.537702275664532e+00	1.388287728214737e+00	4536
1.117689442493449e+00	-5.280789316289655e+00	4537
-1.110628046617064e+00	4.834276164135347e+00	4538
-2.491892717994725e+00	4.028726880365487e+00	4539
-2.874793475132250e+00	3.151363876367686e+00	4540
-2.395784546317784e+00	-4.248250255228111e+00	4541
4.062843846891574e+00	-1.338685788147480e+00	4542
-5.469621341015564e-01	5.330661358469642e+00	4543
-3.427555149300959e+00	-2.309771312594220e+00	4544
2.363358806940473e+00	4.356949226153572e+00	4545
-3.627308004374046e+00	-1.434424213035356e+00	4546
3.135046841445826e+00	-3.642765020036054e+00	4547
-3.213369531410268e+00	-3.415953653462836e+00	4548
7.684972739468234e-01	5.337942400474217e+00	4549
3.684789577025129e+00	1.298673509098006e+00	4550
-3.320608319543949e+00	2.303900590626185e+00	4551
3.862043812745177e+00	7.130422291190996e-01	4552
-1.678694328344583e+00	-5.040187853197781e+00	4553
-7.952374061282553e-01	-5.598901685135435e+00	4554
9.488549984156222e-02	-5.858316487474376e+00	4555
3.780661580610905e+00	1.927120782295274e+00	4556
2.983512332111716e+00	3.896977216729297e+00	4557
3.765750982712580e+00	2.411876098449233e+00	4558
3.718417088761263e+00	2.850618066025208e+00	4559
3.648480605393839e+00	3.372296673759732e+00	4560
3.791052960019784e+00	-2.909658944237353e+00	4561
3.856137357672085e+00	-2.206836945981139e+00	4562
-3.532828350180485e+00	5.190953482015069e-01	4563
3.910092763718012e+00	2.164575202548976e-01	4564
-3.288968245775728e+00	-1.133698669266568e-02	4565
-1.219458235131962e+00	5.524261069936579e+00	4566
2.180092923093897e+00	4.869851895959095e+00	4567
-3.897095788419602e+00	-9.863959168214240e-01	4568
-3.803449660062395e+00	9.463673134521778e-01	4569
-3.809514879624468e+00	-1.936043772975240e+00	4570
-2.121222910767219e+00	4.651407603862426e+00	4571
-3.709551851851152e+00	1.905778609939604e+00	4572
2.530578715549058e+00	-4.751610024405035e+00	4573
2.890593705138532e+00	-4.161072704577796e+00	4574
1.337312663818252e+00	5.379539494131047e+00	4575
8.249993068246132e-01	-5.930760682682837e+00	4576
3.697075227879681e+00	-3.485763842330947e+00	4577
4.239102870486128e+00	4.963373508354952e-01	4578
4.286962467744118e+00	-9.034745596795409e-01	4579
4.277328641895498e+00	-1.259118456453941e-01	4580
-1.640130590311436e+00	5.097137902584691e+00	4581
-3.812705628763833e+00	-2.678269047284521e+00	4582
-3.755279735349126e+00	-3.134354399158580e+00	4583
1.655583126824403e+00	-5.241868761631068e+00	4584
-3.774105280164747e+00	7.353302489771153e-03	4585
-3.366188923275464e+00	2.868539487661297e+00	4586
-2.104905122921603e+00	-4.827230107653618e+00	4587
-3.066088616021168e+00	-4.070188141528767e+00	4588
1.009172196369282e-01	5.765278668858160e+00	4589
3.508896484780790e+00	3.881076324718138e+00	4590
-1.575426447243498e+00	-5.847216666890453e+00	4591
-5.375652523622645e-01	-6.360484318935913e+00	4592
4.116268883765550e+00	1.106810832269709e+00	4593
4.107711233354887e+00	1.555758323842671e+00	4594
2.833263045892681e+00	4.341066754081782e+00	4595
4.192461536349981e+00	2.182202125068098e+00	4596
4.190388772323651e+00	2.679733245970072e+00	4597
4.161416841441691e+00	3.175734706675528e+00	4598
4.268741769153270e+00	-2.598687618305274e+00	4599
4.224588966253684e+00	-1.832742171392114e+00	4600
-1.878152155837365e+00	5.750611858969314e+00	4601
-4.150155623121366e+00	-1.485818496375251e+00	4602
-2.791448414453426e+00	4.626321088114777e+00	4603
-3.082223036197822e+00	3.888249871848956e+00	4604
-2.290480401425154e+00	5.313703156573684e+00	4605
1.955496661856071e+00	5.446090481248189e+00	4606
-3.369599600233825e+00	3.440755716888489e+00	4607
-2.163577366248177e+00	-5.477101353278507e+00	4608
-2.821060885481510e+00	-4.751789169757068e+00	4609
4.087233429259478e+00	3.762052828141863e+00	4610
4.261653444609704e+00	-3.220773210963275e+00	4611
2.246740660440551e+00	-5.277843959496840e+00	4612
3.511588271233680e+00	-4.086698157492211e+00	4613
-3.837441353799930e+00	2.489150248594363e+00	4614
-4.028243691519599e+00	4.728486890680811e-01	4615
3.182948313334939e+00	-4.741498295405917e+00	4616
-4.050987445994268e+00	1.448316030605938e+00	4617
3.032625556205118e-01	-6.610681898052281e+00	4618
-3.708195006037230e+00	-3.811658438953479e+00	4619
3.335019636837033e+00	4.351848726787832e+00	4620
-6.437319079334317e-01	6.055607023286790e+00	4621
4.455164152091286e+00	-5.121690860489966e-01	4622
4.653965931883267e+00	2.065938011822936e-01	4623
-4.316882377335578e+00	-2.302110610393049e+00	4624
-4.322947213180533e+00	-2.971664340995602e+00	4625
1.428937178774574e+00	-5.878546065469403e+00	4626
-4.114943304847680e+00	-4.607758925393338e-01	4627
8.920601763551514e-01	6.035858713573206e+00	4628
-1.374361720965825e+00	-6.737724142320155e+00	4629
4.567357743679257e+00	8.773667239596744e-01	4630
4.520100524814903e+00	1.337741150564076e+00	4631
2.702054397390476e+00	4.844191592438683e+00	4632
4.583565404759857e+00	1.809995279701534e+00	4633
4.669302696546774e+00	2.432728871203422e+00	4634
4.687182740524532e+00	2.957553556100362e+00	4635
4.709165913034036e+00	-2.188314578205774e+00	4636
4.536531162934259e+00	-1.382908606135063e+00	4637
1.909665299330843e+00	-5.877115888589930e+00	4638
-2.578901786834189e+00	5.996664108281903e+00	4639
4.805341373967646e+00	-2.840909064102850e+00	4640
-4.747723866655573e+00	-1.785155213375680e+00	4641
1.252728122454563e-01	6.544451710266391e+00	4642
-4.336474730823198e+00	9.468008908189817e-01	4643
2.888795047519805e+00	-5.318757145386675e+00	4644
3.929175287672572e+00	4.339860900622242e+00	4645
-1.359362202961556e+00	6.275368440081920e+00	4646
-3.909228003976518e+00	3.114615200583559e+00	4647
4.159579599376440e+00	-3.890362568499123e+00	4648
4.770746251907027e+00	-9.103562292531624e-01	4649
-4.296796490152064e+00	3.096978132263129e-02	4650
1.158529708376121e+00	-6.644715587813256e+00	4651
-3.559745281412776e+00	-4.552191037453417e+00	4652
-2.976931308674424e+00	-5.548702808301276e+00	4653
-4.866992720895412e-01	-7.217564614885785e+00	4654
-3.059698468891499e+00	5.345036290871017e+00	4655
1.577796084819414e+00	6.048766526737879e+00	4656
-3.487972861570200e+00	4.471871408870954e+00	4657
-3.699248045580565e+00	3.965752321248159e+00	4658
3.867918553102188e+00	-4.673357943936204e+00	4659
-4.263924130430527e+00	2.027610119302080e+00	4660
-4.441507394706036e+00	-9.617677418616372e-01	4661
4.735514027206433e+00	-1.497636582764432e-01	4662
-4.194346722863799e+00	-3.608557391740097e+00	4663
-4.894307638416831e+00	-2.628789474779346e+00	4664
-2.207264932993399e+00	-6.342572796852293e+00	4665
4.652184637685509e+00	3.554579190715589e+00	4666
2.547435847844317e+00	5.411007554106183e+00	4667
4.990880165996527e+00	1.151583025834133e+00	4668
5.013908226633339e+00	1.510990130080341e+00	4669
5.049743664877862e+00	5.959921571564268e-01	4670
5.123351831325169e+00	2.052375860945680e+00	4671
5.220970335418941e+00	2.676289640875478e+00	4672
5.090386054446561e+00	-1.684715320630751e+00	4673
3.589782934749685e+00	-5.322544897851117e+00	4674
-1.318264726320751e+00	-7.685792730241130e+00	4675
-2.058348204826307e+00	6.528772390500242e+00	4676
5.300024618624381e+00	-2.345966914382712e+00	4677
-4.576486412702745e+00	4.724844689394501e-01	4678
5.451783455588576e-01	-7.463077523507925e+00	4679
3.364114908084137e+00	5.145639305473271e+00	4680
4.577614198972731e+00	4.209946862304484e+00	4681
-3.404636091247320e+00	6.099781547821196e+00	4682
2.582521783178593e+00	-5.914264357269040e+00	4683
-4.633279499402472e+00	1.501517759262754e+00	4684
-2.126537186413573e+00	-7.242420210665257e+00	4685
2.308170873211550e+00	6.087326202585554e+00	4686
4.937659798339189e+00	-5.976502411365672e-01	4687
-5.412265344700409e+00	-2.100590353688937e+00	4688
1.668747066822105e+00	-6.569753225713863e+00	4689
4.807519786388698e+00	-3.564098145242707e+00	4690
1.064077512818258e+00	6.820369922721580e+00	4691
5.130598534903609e+00	1.265629664463687e-01	4692
-7.196222326797670e-01	6.880096521601717e+00	4693
-4.427852180571363e+00	2.678093287660173e+00	4694
4.588336114748190e+00	-4.494187244753265e+00	4695
-3.863399640856169e+00	-5.392688935612095e+00	4696
-4.382193879911369e+00	3.679408277486446e+00	4697
-3.881337303322586e+00	5.203126412290140e+00	4698
-4.180213823751656e+00	4.461271522021225e+00	4699
-4.672240780692761e+00	-4.131112031650382e-01	4700
-5.102625626612029e+00	-1.180461959022980e+00	4701
-4.187407777301869e+00	-4.283174998545163e+00	4702
-4.890858039693359e+00	-3.369988814461371e+00	4703
-3.126547048227156e+00	-6.457428768015867e+00	4704
5.510523695230896e+00	1.297627685413877e+00	4705
5.516605956831856e+00	9.241503009331135e-01	4706
5.236267498581614e+00	3.308514173722423e+00	4707
5.590035157820604e+00	1.675485771961000e+00	4708
5.737832340365092e+00	2.275030113301217e+00	4709
-4.323476046225745e+00	6.009707295096646e+00	4710
-2.147968758122752e+00	-8.232658869281321e+00	4711
-1.506647266692570e+00	7.121012465226260e+00	4712
-3.256377801288587e-01	-8.173160031270626e+00	4713
1.914931343278513e+00	6.807276484696816e+00	4714
1.819568220722986e-01	7.425499788929480e+00	4715
3.112368299925310e+00	5.940364203611315e+00	4716
-4.861433519462264e+00	-2.094624779001873e-02	4717
5.425607349964173e+00	-3.102057585108352e+00	4718
3.284834670790830e+00	-5.958684760562461e+00	4719
-5.579097124444252e+00	-2.910858148157993e+00	4720
-4.894346946367761e+00	2.145921441610787e+00	4721
5.201016478723572e+00	-3.942621534937989e-01	4722
5.272314834780165e+00	-9.796080145629044e-01	4723
-5.847380183716196e+00	-1.437916916193341e+00	4724
-4.933842137453719e+00	9.576785942205008e-01	4725
-3.148526190590395e+00	-7.508544868095449e+00	4726
4.361280741104694e+00	-5.242356143163254e+00	4727
5.719669625654963e+00	-1.847809933598326e+00	4728
5.211506467394503e+00	3.978657526690882e+00	4729
5.579505494084095e+00	3.931477941945822e-01	4730
6.057094327391353e+00	1.118174861782247e+00	4731
-4.796386266633735e+00	-4.028620793374063e+00	4732
-2.881665007522915e+00	6.804174726752954e+00	4733
2.203426923100309e+00	-6.593080664873918e+00	4734
5.324279981143974e+00	-4.175215655872679e+00	4735
4.378754146692735e+00	4.896425591054740e+00	4736
-5.024849237046183e+00	3.203152001865628e+00	4737
-4.935794205845117e+00	4.236193365103055e+00	4738
-4.699545754780791e+00	5.098595384900374e+00	4739
-5.374479953632961e+00	-5.192801007594428e-01	4740
-4.142638370637184e+00	-6.366610218825003e+00	4741
5.850882984752906e+00	2.967641258792774e+00	4742
6.252454778058038e+00	1.828877152593666e+00	4743
-5.268615134862962e+00	5.863115199222510e+00	4744
-4.325080969770646e+00	-7.522191060135921e+00	4745
-6.179224740854844e+00	-2.253948597188674e+00	4746
6.758497405335361e-01	-8.501772806979359e+00	4747
-5.596983574500382e+00	2.591493725224206e+00	4748
5.126130433098481e+00	4.732494269683808e+00	4749
-2.292065255310939e+00	7.401489303970772e+00	4750
-5.574427006029345e+00	-3.759439827507718e+00	4751
6.044704509472083e+00	-3.700428094327984e+00	4752
4.062644628078761e+00	-5.968620938593557e+00	4753
-5.557524704390555e+00	4.866649836629066e+00	4754
-1.224655471870717e+00	-8.737166671041226e+00	4755
-7.847228199349345e-01	7.815637829113163e+00	4756
-5.289802518810014e+00	1.552918017919748e+00	4757
-4.757202712745732e+00	-4.801618109038770e+00	4758
1.293266510113264e+00	7.704530426520208e+00	4759
6.776122695233153e+00	1.300932635674359e+00	4760
5.964521146610991e+00	-2.554307810729056e+00	4761
5.873704444888810e+00	3.690685527398227e+00	4762
1.899277049267628e+00	-7.353096159309668e+00	4763
-5.687428639365632e+00	3.776566462672887e+00	4764
2.804148969464848e+00	6.768025774269852e+00	4765
5.187204462649110e+00	-5.023068056541615e+00	4766
5.992244482586460e+00	-1.156320136474128e+00	4767
-5.189051463202191e+00	4.429068078756465e-01	4768
5.641857940144880e+00	-1.247790544109500e-01	4769
-3.874015314322188e+00	6.905752671382438e+00	4770
-3.208773916152829e+00	-8.638205679519279e+00	4771
3.965324339027314e+00	5.716845963923207e+00	4772
-4.757591017975685e+00	-5.658348790187591e+00	4773
2.958204563648477e+00	-6.633706171661175e+00	4774
-6.182562718241860e+00	-6.802234165044829e-01	4775
6.429165989835567e+00	2.527825979154906e+00	4776
3.734076890686383e+00	-6.675325690010744e+00	4777
1.477406512892630e+00	-7.872500503037863e+00	4778
-6.367255469880472e+00	-3.208781860386691e+00	4779
6.702848007038963e+00	-3.076824865702402e+00	4780
2.752404593423586e-01	8.421263636950409e+00	4781
-1.677284112327101e+00	8.077540227949369e+00	4782
6.563400182750655e+00	3.303702600000579e+00	4783
-6.078394288410411e+00	1.879448011922448e+00	4784
-4.904726477479801e+00	6.821952718752566e+00	4785
-5.489647920630085e+00	-1.211728143872046e-01	4786
-2.238845226520574e+00	-9.362750495820507e+00	4787
6.370944658164539e+00	-4.532426560054593e-01	4788
6.166022895274602e+00	1.984976206342479e-01	4789
-3.246591266994046e+00	7.715786220679909e+00	4790
6.033102555216573e+00	-4.632959747648940e+00	4791
5.850918208682618e+00	4.459295148350768e+00	4792
7.007029314711096e+00	2.028382881928683e+00	4793
-1.924045725779496e-01	-9.257404668866634e+00	4794
-6.249378075470378e+00	5.603552138964241e+00	4795
2.338748006569137e+00	7.658485798951497e+00	4796
-5.467949802300183e+00	-4.520891792125305e+00	4797
4.936357025181477e+00	-5.875876761135610e+00	4798
-6.378394340903339e+00	3.123027116770546e+00	4799
-5.900354822216278e+00	2.132922228992937e-02	4800
-5.114032870904101e+00	-6.685219026949107e+00	4801
6.575763243734014e+00	5.941939416194252e-01	4802
6.431730423937138e+00	-1.862084439718799e+00	4803
2.663972020217422e+00	-7.333325841026458e+00	4804
-6.425948986614839e+00	4.413159207212352e+00	4805
3.698477813571650e+00	6.583883778423145e+00	4806
5.694411201967691e+00	-7.066763956002484e-01	4807
-5.604465203041094e+00	9.531428780722296e-01	4808
-6.662677184322436e+00	-1.459904000379789e+00	4809
-4.490598237286949e+00	-8.796951755605100e+00	4810
4.864268970895757e+00	5.575444784060841e+00	4811
-5.552007167742648e+00	-5.224320922740673e+00	4812
-6.334157459929225e+00	-4.769684193737509e+00	4813
3.435155528225019e+00	-7.387196612100396e+00	4814
-4.380877218968423e+00	7.834894699211514e+00	4815
-7.248542498397271e+00	5.138996738030325e+00	4816
-7.053677555282567e+00	-2.417924119614010e+00	4817
-6.970827725756941e+00	2.316577221272552e+00	4818
9.067960042483199e-01	-9.634265089977930e+00	4819
7.214749295311922e+00	2.811643284978219e+00	4820
-2.571629044548103e+00	8.389390554735018e+00	4821
-1.177637392994275e+00	-9.927245835773938e+00	4822
1.586381310607216e+00	8.701073558644261e+00	4823
5.882597714240381e+00	-5.611643011093958e+00	4824
-7.047155868790092e+00	-6.806707827928007e-01	4825
3.368235221365225e+00	7.543336122901560e+00	4826
5.744147682933082e+00	5.345325230577566e+00	4827
4.605839334942233e+00	-6.692803349602783e+00	4828
-8.441587587441404e-01	8.877705386411053e+00	4829
-3.539824418099254e+00	-9.826786859056638e+00	4830
6.599963467692115e+00	4.123704925825858e+00	4831
6.853081764223205e+00	-4.060021688337930e+00	4832
2.300345633024826e+00	-8.205745458965282e+00	4833
7.342291881271585e+00	7.561013615268127e-01	4834
7.592115434470052e+00	1.440315758877102e+00	4835
-5.975054593032174e+00	6.649380121433302e+00	4836
-6.358579065839345e+00	-4.191600048891473e+00	4837
-7.247634023102819e+00	3.731873673346006e+00	4838
6.874903874714374e+00	6.200697109668084e-02	4839
6.747993188728782e+00	-1.138198330131621e+00	4840
7.274910274139804e+00	-2.309527532204159e+00	4841
1.660830482173266e+00	-8.923969927975602e+00	4842
4.556395789866250e+00	6.395596824464699e+00	4843
-6.381921722327447e+00	6.862087196007561e-01	4844
-5.429426720988704e+00	-7.896468153735060e+00	4845
-5.563542525246174e+00	-6.196647162646542e+00	4846
-3.201824140444377e-02	-1.048077952992772e+01	4847
-5.731584847386828e+00	-9.146443299144966e+00	4848
4.073185237866697e-01	9.546822508497874e+00	4849
-6.420898456950234e+00	-5.730472317416447e+00	4850
8.207412596728101e+00	8.254224117600355e-01	4851
2.839571079134551e+00	8.617320003225036e+00	4852
-6.857159840169513e+00	1.421330152258350e+00	4853
7.373030675373654e+00	3.684112899914242e+00	4854
-2.368773314076957e+00	-1.064906278512220e+01	4855
7.597071412693109e+00	-3.307612249643610e+00	4856
-7.585307687276676e+00	-1.527564924277398e+00	4857
7.863871738987007e+00	2.251808743808570e+00	4858
-5.560011606562262e+00	7.745900662677721e+00	4859
5.600416996006878e+00	-6.586363348967276e+00	4860
-4.868252859420955e+00	-1.009203138863242e+01	4861
-1.871033531061895e+00	9.164353158707099e+00	4862
6.578969111480611e+00	5.012244016930271e+00	4863
6.852267766697470e+00	-5.139948251098315e+00	4864
-7.115185394992462e+00	6.319381518691510e+00	4865
4.264252584230313e+00	-7.453494735133446e+00	4866
-7.971388344123708e+00	2.849697831016611e+00	4867
-8.214789206451448e+00	4.429463589943552e+00	4868
7.715143783381031e+00	-1.742682857993377e-03	4869
2.017097519716021e+00	-1.005002124363296e+01	4870
2.983200236726916e+00	-8.244597462487635e+00	4871
-6.658299538522502e+00	-1.045002058720837e-02	4872
-3.656477204159932e+00	8.751025663568598e+00	4873
5.498147726118729e+00	6.264774418068328e+00	4874
2.718259336068690e+00	-9.215674219768026e+00	4875
7.126035381361108e+00	-5.697376091204690e-01	4876
-7.268639942794055e+00	-3.532806765976398e+00	4877
7.229335511674609e+00	-1.783730590365273e+00	4878
4.328930864644095e+00	7.330225159772735e+00	4879
-6.671366742157718e+00	-8.252141312707916e+00	4880
8.506870179375044e+00	1.651864879745622e+00	4881
4.007335075314196e+00	8.425075696325241e+00	4882
6.685989212087710e+00	-6.269780204506087e+00	4883
-1.135436264746806e+00	-1.127623053810157e+01	4884
-8.283735560002089e+00	5.732910688674247e+00	4885
1.944573043034092e+00	9.823631454083356e+00	4886
-3.806536293420078e+00	-1.119768663862853e+01	4887
-2.887152525439533e+00	9.510035399490114e+00	4888
8.678212153576503e+00	-1.831672083062247e-02	4889
-7.802431738540117e+00	1.789615705470286e+00	4890
8.230513128384294e+00	-2.550184948883523e+00	4891
-8.020591765999866e+00	-6.514644799879349e-01	4892
8.107158464292830e+00	3.131168202796964e+00	4893
7.786592556515139e+00	-4.448293892666237e+00	4894
7.427224957339092e+00	4.616337306754845e+00	4895
7.953725146395959e+00	-8.410940182827765e-01	4896
-8.962862476934412e-01	1.008385633686316e+01	4897
3.222948581413576e+00	-1.034482731242059e+01	4898
-6.451805113959198e+00	-6.815135709310598e+00	4899
-4.948091860709895e+00	8.893478498124878e+00	4900
-7.303422436325386e+00	-5.161458659777350e+00	4901
5.232762762101883e+00	-7.497633387842186e+00	4902
5.226749109223012e+00	7.136928711026671e+00	4903
6.475298722300183e+00	6.007466790065020e+00	4904
-8.043878445878240e+00	-2.612802661952965e+00	4905
-6.794286506125588e+00	7.530827923029239e+00	4906
-6.230986490667576e+00	-1.046374581586147e+01	4907
-9.089201447148886e+00	3.479847618677741e+00	4908
1.132054661147580e+00	-1.090165821697464e+01	4909
3.903861449487743e+00	-8.295087181361712e+00	4910
-7.523898654510864e+00	4.706366973437580e-02	4911
7.538657989609442e+00	-1.257498485765887e+00	4912
-7.234759953443025e+00	6.255997553879329e-01	4913
5.809400727175437e-01	1.082044000222487e+01	4914
3.420617892851660e+00	9.697067694301046e+00	4915
-8.309940990646117e+00	4.626869939690310e-01	4916
1.370643805625166e-01	-1.186003343754506e+01	4917
8.970979911705919e+00	-1.011006267804953e+00	4918
-2.475501683724397e+00	-1.210868129712689e+01	4919
9.213589303264067e+00	8.856036946506688e-01	4920
8.822009149562851e+00	2.527425396660245e+00	4921
8.295299166535075e+00	4.112953890778590e+00	4922
-8.915784633697790e+00	2.232154505019659e+00	4923
5.043751693390804e+00	8.162405180946003e+00	4924
3.673408728603885e+00	-9.302496834656830e+00	4925
-8.118082732884979e+00	7.116579773686413e+00	4926
8.601387312893207e+00	-3.618928049417828e+00	4927
8.195857761658893e+00	-1.777661360717304e+00	4928
-8.633027753649229e+00	-1.601714210168710e+00	4929
-6.307420969746530e+00	8.794011612345724e+00	4930
-5.241926698308654e+00	-1.154957538923755e+01	4931
-4.115738515256190e+00	9.926483110591354e+00	4932
-7.660342960464341e+00	-7.357855381694651e+00	4933
-2.083999307618298e+00	1.040179996813470e+01	4934
-8.310871341974622e+00	-4.002690283089677e+00	4935
7.798284436680616e+00	-5.700614683019419e+00	4936
2.372413153549624e+00	-1.134876999653166e+01	4937
-7.425855771982535e+00	-6.264162827338328e+00	4938
6.365013581174050e+00	-7.383374379415967e+00	4939
6.241087578092247e+00	7.008286591951613e+00	4940
7.418272127052255e+00	5.624410385751407e+00	4941
-7.105848083262212e+00	-9.469533792795074e+00	4942
-9.400488303042032e+00	4.855647429652577e+00	4943
4.841169447683908e+00	-8.353206986862217e+00	4944
4.744004935022247e+00	9.416230437049691e+00	4945
-6.789565052990915e+00	-1.195938851968244e+01	4946
-3.239949309855167e+00	1.078264319265892e+01	4947
3.763010122917701e+00	-1.165684085851966e+01	4948
8.847163348061958e+00	-4.896713684559557e+00	4949
-9.474240452237298e+00	6.391720784536779e+00	4950
-8.658589498754388e+00	-6.565258414534983e+00	4951
9.318677949925148e+00	-2.768664045723375e+00	4952
9.561545856617062e+00	1.840584158624597e+00	4953
1.965286842244699e+00	1.127955554818500e+01	4954
2.780024938824800e+00	1.090528463839738e+01	4955
-4.055444961286702e+00	-1.275677044979229e+01	4956
-7.701444515384942e+00	-1.087145546464446e+01	4957
5.993328667053028e+00	7.946116614029362e+00	4958
-1.072950147323520e+00	-1.279845407219652e+01	4959
9.749330546701779e+00	-1.517499806318806e-01	4960
-8.020134115890668e+00	-8.572486663305105e+00	4961
-5.588732968878630e+00	1.009695353560867e+01	4962
9.111703525068863e+00	3.499189130259310e+00	4963
-9.373630651998333e-01	1.145344861679090e+01	4964
1.422848427418192e+00	-1.231879610892913e+01	4965
7.322683430024840e+00	6.731674308388689e+00	4966
8.373350830208519e+00	5.166164650456698e+00	4967
-8.707004258533019e+00	1.137889180993445e+00	4968
-7.738235743239001e+00	8.525404745565915e+00	4969
7.612327983632281e+00	-7.006481311531058e+00	4970
-1.007065401453585e+01	2.702298574095633e+00	4971
4.511355838140784e+00	-1.027599088741984e+01	4972
-9.096072584943665e+00	-4.698581050481446e-01	4973
9.175630881610472e+00	-2.090213023275911e+00	4974
-8.497603550516535e+00	-5.428109350887135e+00	4975
-9.173401533317090e+00	-2.859904916116284e+00	4976
-1.036594221490538e+01	3.908325861339725e+00	4977
5.937070762045701e+00	-8.412544896937238e+00	4978
4.242846343396136e+00	1.078265029873532e+01	4979
-5.669314321157060e+00	-1.319393711614939e+01	4980
-9.750207541062430e+00	-5.824525597731215e+00	4981
-2.560099016265272e+00	-1.375924013550072e+01	4982
1.036902737594485e+01	9.230895259877053e-01	4983
-2.315332197271902e+00	1.181180487182943e+01	4984
7.237495592646083e+00	-8.286846653707464e+00	4985
9.749769115179548e+00	-3.960160653098421e+00	4986
-1.140603077535734e+01	3.009044837888283e+00	4987
-8.432861675502236e+00	-1.240542965605058e+01	4988
-7.160546508336511e+00	9.983941169376561e+00	4989
-9.832747917655547e+00	-1.620350221823110e+00	4990
9.913487277228011e+00	2.824171377123119e+00	4991
9.343390602699312e+00	4.594952325358998e+00	4992
-9.273340376810067e+00	8.009982052700115e+00	4993
-8.507978027066777e+00	-9.983504028802539e+00	4994
-9.859318594488299e+00	1.477961783621159e+00	4995
1.007367916713254e+01	-1.311600611040994e+00	4996
5.931571582064140e-01	1.228405488578954e+01	4997
5.322569253519673e+00	-9.486479902452297e+00	4998
8.880981599722624e+00	-6.331746408205572e+00	4999
7.093326515892580e+00	7.822498527754902e+00	5000
8.382015881644120e+00	6.301014303326327e+00	5001
-1.071653359668776e+01	5.411987421256855e+00	5002
-8.977908048999533e+00	-7.765357426399526e+00	5003
-4.631578459237519e+00	1.126109730316190e+01	5004
2.818085110011050e+00	-1.279108787449235e+01	5005
-9.541861609194365e+00	-4.324789981306137e+00	5006
5.759819706552915e+00	9.114049546107571e+00	5007
3.527570655968367e-01	-1.341153152105398e+01	5008
5.293684666010423e+00	-1.158596069309358e+01	5009
6.833180385953412e+00	8.882321852253419e+00	5010
-1.053125763765196e+00	1.299551243561325e+01	5011
-7.299536468194370e+00	-1.369901176258681e+01	5012
1.792342770118045e+00	-1.390498910332351e+01	5013
-4.313519015169805e+00	-1.452167542638674e+01	5014
1.097609021778561e+01	-3.020001766762908e-01	5015
-8.822486198857588e+00	9.650762809398676e+00	5016
-3.633729775776955e+00	1.222909848793748e+01	5017
-6.313827785513558e+00	1.146500794455083e+01	5018
-1.037112863536249e+01	-4.580237923330079e-01	5019
-1.177382924267438e+01	4.401349444852490e+00	5020
9.453395574044867e+00	5.778000597220222e+00	5021
-9.574949854831383e+00	3.188149679414000e-01	5022
1.005965672792764e+01	-5.400419207934844e+00	5023
1.025322656181258e+01	3.905624968675264e+00	5024
1.077065758559198e+01	2.032807785822069e+00	5025
1.056130733105547e+01	-2.990303908948388e+00	5026
3.619120046015401e+00	1.213481537294210e+01	5027
-1.081632701901506e+01	7.157304724299279e+00	5028
-9.979211157618643e+00	-7.037960032147144e+00	5029
5.619520584348455e+00	1.046644252289220e+01	5030
8.293752979922967e+00	7.531284450225286e+00	5031
-9.367939306515520e+00	-9.203023865414558e+00	5032
-1.087164305876752e+01	-4.897583159985994e+00	5033
8.673615636579418e+00	-7.841071138515714e+00	5034
2.080456444513972e+00	1.287180437456536e+01	5035
-9.723879226455706e-01	-1.451054106990327e+01	5036
-9.225132917524419e+00	-1.144322064326528e+01	5037
-1.106176597636685e+01	1.781717130056443e+00	5038
6.672202298472517e+00	-9.527489587113859e+00	5039
4.489338866814149e+00	-1.308197055145760e+01	5040
-1.047338385867313e+01	-3.038360039654234e+00	5041
5.781364417718646e+00	-1.076777633978487e+01	5042
-9.178184882156177e+00	-1.419504261410931e+01	5043
1.053714182109905e+01	5.129345112296292e+00	5044
1.106430336439800e+01	-4.329689455441119e+00	5045
-6.074643685499789e+00	-1.505690920932352e+01	5046
-5.211772976921227e+00	1.277690847516202e+01	5047
-8.133558596906861e+00	1.133609414191564e+01	5048
-1.076174566902960e+01	5.943326342403907e-01	5049
-1.058857410426015e+01	9.025484682841661e+00	5050
1.012115152439568e+01	-7.045476083080178e+00	5051
1.115760369290552e+01	3.146642237863361e+00	5052
5.755144522820309e-01	1.394291859540774e+01	5053
7.310556396554540e+00	-1.092159090925684e+01	5054
8.211735684657549e+00	-9.347989808852942e+00	5055
8.054406359144016e+00	8.742557633744800e+00	5056
-2.620091436761318e+00	-1.562743547129051e+01	5057
9.483334558423349e+00	7.052228763473272e+00	5058
6.555257985122350e+00	1.019875235239993e+01	5059
1.139781773375722e+01	-1.701649019395592e+00	5060
-1.028469891464914e+01	-8.518350018465574e+00	5061
6.334003013345766e-01	-1.515520771628300e+01	5062
-1.219716165408231e+01	6.059837073992311e+00	5063
3.408974427545248e+00	-1.440796911881090e+01	5064
-1.116208655201488e+01	-6.282364425066454e+00	5065
-1.193787631428241e+01	-3.689720225380574e+00	5066
5.195362239095894e+00	1.197102550219286e+01	5067
-1.292326331363734e+01	3.346920157531112e+00	5068
-2.602520878843761e+00	1.340167133592004e+01	5069
6.206203469816498e+00	-1.303160174158511e+01	5070
1.169149689073076e+01	9.529462254601229e-01	5071
-1.014210694352241e+01	-1.300212391311165e+01	5072
-1.119051554660409e+01	-1.683739097296926e+00	5073
3.483338097560009e+00	1.382182047123306e+01	5074
-1.249513455302772e+01	2.036035070324924e+00	5075
1.215332570968163e+01	2.239872458628358e+00	5076
-4.554221881965601e+00	-1.652091014247854e+01	5077
-7.897972749285466e+00	-1.565152937819043e+01	5078
-1.005983898063436e+01	1.092964619121021e+01	5079
-1.233462294523261e+01	8.034157337539803e+00	5080
1.239053765607015e+01	-4.702797224976292e-01	5081
1.199552454022482e+01	-3.120533377353276e+00	5082
9.880813319702201e+00	-8.801689032988817e+00	5083
6.460075704583246e+00	1.163568644841452e+01	5084
9.395046737222685e+00	8.427176759051855e+00	5085
5.294938581435730e+00	-1.470736821994545e+01	5086
-8.170119697003879e-01	-1.644363132735395e+01	5087
-1.116015282948640e+01	-1.135128416282687e+01	5088
1.155103877792965e+01	4.352810144622525e+00	5089
-1.226092113486916e+00	1.473393604833204e+01	5090
-1.241603088758053e+01	-5.257504941497741e+00	5091
-7.134791634002908e+00	1.302063294324378e+01	5092
-4.087308590825782e+00	1.386415510740015e+01	5093
-1.073055151753791e+01	-1.007543819364670e+01	5094
-1.114672340827580e+01	-1.479468299458646e+01	5095
-1.411575032556383e+01	2.225929074186843e+00	5096
-1.174772957942707e+01	-3.692590692182862e-01	5097
1.144486689702101e+01	-5.961426306938080e+00	5098
2.068519454346379e+00	1.464026898241251e+01	5099
8.124332396246746e+00	-1.268268328112807e+01	5100
1.068558728706661e+01	6.457582929795047e+00	5101
9.005552445799376e+00	-1.084429123379035e+01	5102
7.775169034393515e+00	9.947872666641578e+00	5103
2.267438544455266e+00	-1.568382437788489e+01	5104
-1.143706861532303e+01	-7.673162857998821e+00	5105
-1.282721605271853e+01	-2.208063532269382e+00	5106
-1.338176496734017e+01	4.910622719175612e+00	5107
4.556679725357060e+00	1.350320392359886e+01	5108
-1.206726740896050e+01	7.515971049959289e-01	5109
-9.239942188594886e+00	1.287461683486578e+01	5110
-2.640260298881533e+00	-1.773948908199782e+01	5111
4.044714554208718e+00	1.544103808065014e+01	5112
1.257378136220238e+01	3.502415600369083e+00	5113
7.444221039487567e+00	1.143328242761234e+01	5114
9.988481805742442e-01	-1.711126327915159e+01	5115
4.103225305898438e+00	-1.622871088872206e+01	5116
-6.511383080932443e+00	-1.716031796198967e+01	5117
1.189678364623398e+01	5.720006308738164e+00	5118
1.073722938665971e+01	7.893322345540486e+00	5119
1.085218585091737e+01	-1.042347036157252e+01	5120
-1.256405044275623e+01	-1.016124587953444e+01	5121
-1.354814079319991e+01	8.089236651866650e-01	5122
-1.360559077355481e+01	-3.869933659454140e+00	5123
1.258484064588136e+01	-4.692216375120037e+00	5124
4.822467990186660e-01	1.580622027907476e+01	5125
1.153645936329907e+01	-7.854365364945137e+00	5126
-1.208373724064523e+01	1.018036143409602e+01	5127
6.250283776274748e+00	1.328541782856014e+01	5128
1.320433592516217e+01	9.856475573058807e-01	5129
-1.275097896832010e+01	-6.807061047826867e+00	5130
-1.461904725101180e+01	3.806262807692474e+00	5131
-2.951794829428559e+00	1.519086237376052e+01	5132
1.291046984441710e+01	-1.907239807843254e+00	5133
-1.321409183339118e+01	-1.856262252296238e-01	5134
-5.869171344685649e+00	1.449569878741798e+01	5135
-1.227424419098617e+01	-1.304917136796752e+01	5136
-1.388256829661333e+01	6.778637797115054e+00	5137
7.345975877220791e+00	-1.458493848859668e+01	5138
1.004728036143344e+01	-1.246772771668653e+01	5139
9.140763349876918e+00	9.782991209819556e+00	5140
-1.189625949913508e+01	-9.102909517567083e+00	5141
-4.609816787813066e+00	1.570792166201964e+01	5142
1.400612064657589e+01	-5.742539106288975e-01	5143
2.841930530024301e+00	-1.768045006941433e+01	5144
1.304080376574035e+01	-6.573525717827724e+00	5145
1.302634080184073e+01	4.848367400536051e+00	5146
-1.530340376699126e+01	9.213059588562085e-01	5147
6.281796767656282e+00	-1.652450521111500e+01	5148
2.353795807206507e+00	1.664179681453386e+01	5149
-1.146845294674286e+01	1.238476542266817e+01	5150
-1.406207301072826e+01	9.023881964623193e+00	5151
1.373120960538097e+01	2.472559964610266e+00	5152
1.359572574435194e+01	-3.385819105549209e+00	5153
1.208993255796665e+01	7.214971062709206e+00	5154
-1.471583079168454e+00	1.668741199386781e+01	5155
-8.064791451984551e+00	1.478928352821368e+01	5156
8.836638967611266e+00	1.115911370948037e+01	5157
-1.338823621608525e+01	-8.472106071513455e+00	5158
-5.872477863280059e-01	-1.862170926584800e+01	5159
1.208286527954291e+01	-1.208347988437245e+01	5160
-1.454987187990577e+01	-1.929573718906237e+00	5161
6.365112613152788e+00	1.560212715400503e+01	5162
1.275706669962750e+01	-9.551286024453288e+00	5163
-1.518200071056605e+01	5.505029411060155e+00	5164
-1.416481944390833e+01	-5.641220071641222e+00	5165
-1.596066650254960e+01	2.501539217317416e+00	5166
-1.482374980129196e+01	-1.771370377877067e-01	5167
9.319741545874573e+00	-1.430466815864380e+01	5168
1.064715068242467e+01	9.438435668452284e+00	5169
1.431204050014496e+01	-5.123985501192272e+00	5170
4.986473774021112e+00	-1.816869038749513e+01	5171
-1.049601743923153e+01	1.462524845622172e+01	5172
1.459604028448586e+01	-8.219975262205498e+00	5173
1.344323646550640e+01	6.375622368974020e+00	5174
-3.375113360318275e+00	1.719838593833129e+01	5175
1.461474951462696e+01	-2.106173970931578e+00	5176
-1.459416049433801e+01	-7.278762042859380e+00	5177
-6.613524830202724e+00	1.644329871529092e+01	5178
-1.461896665682860e+01	-1.011704540120147e+01	5179
-1.728468130907012e+01	1.015944498823403e+00	5180
-1.649456826466069e+01	-8.184221993780678e-01	5181
4.677780490245834e+00	1.747193460052229e+01	5182
4.658396316169801e-01	1.792816047584884e+01	5183
-1.378605571083781e+01	1.148939238325457e+01	5184
-1.551315066721362e+01	-3.936325672515271e+00	5185
-1.579134129556160e+01	7.589889644971051e+00	5186
1.141379094171660e+01	-1.409101382234744e+01	5187
1.216463691509138e+01	8.837297129680021e+00	5188
8.443134851961574e+00	1.283993626827531e+01	5189
1.418295381609520e+01	3.900797701038582e+00	5190
1.492629220783202e+01	1.059042065210400e+00	5191
8.545521889840201e+00	-1.639787016490947e+01	5192
1.422485404304409e+01	-1.129365143247822e+01	5193
-1.654854954004809e+01	4.259778777601851e+00	5194
1.036943283393122e+01	1.096170045804342e+01	5195
1.540752598891783e+01	-3.694356609034132e+00	5196
-1.377290346325152e+01	-1.219674399737502e+01	5197
-1.722351331978845e+01	6.145195706179643e+00	5198
1.469919209722743e+01	5.398855070244460e+00	5199
1.584176702854494e+01	-6.515873360382836e-01	5200
1.493458341507164e+01	-6.963025472763336e+00	5201
1.003546473343618e+01	1.253593644056473e+01	5202
1.567193018523247e+01	-9.548761102986997e+00	5203
-5.210166167044467e+00	1.778157941413765e+01	5204
1.368936885291334e+01	8.061132605684454e+00	5205
7.684424114034242e+00	1.473425689442490e+01	5206
-1.804033958960361e+01	2.899214602365989e+00	5207
-1.616792329758489e+01	-5.950226333133986e+00	5208
1.206969495334838e+01	1.058039919010145e+01	5209
1.552340982187439e+01	2.753632599234347e+00	5210
-1.865650904718350e+01	-6.706890151676481e-01	5211
1.627449448366431e+01	-5.475896268294150e+00	5212
1.600418109393358e+01	4.356928622995101e+00	5213
1.520068456522189e+01	7.104208510430664e+00	5214
8.075668248387728e+00	1.676177133398041e+01	5215
-1.660573029141926e+01	-8.078841140668828e+00	5216
1.378645579428925e+01	9.899051331385909e+00	5217
1.653860289153933e+01	-2.310743890208480e+00	5218
1.688364025411128e+01	1.174102956526943e+00	5219
-1.770574418333156e+01	-2.664938003128538e+00	5220
1.669629584244721e+01	-7.561312482902945e+00	5221
9.654783412263718e+00	1.444561944780063e+01	5222
-1.762521001781102e+01	-4.353302024292827e+00	5223
1.176141934533439e+01	1.229752107918095e+01	5224
1.792420085825022e+01	-7.145858996676868e-01	5225
1.550999355897849e+01	9.008668181801129e+00	5226
1.744698166368567e+01	-3.972265515593995e+00	5227
1.368560135546628e+01	1.187113750910270e+01	5228
1.658997220723869e+01	6.015860549401958e+00	5229
1.755537036377111e+01	3.095112611118932e+00	5230
1.141865937526656e+01	1.406077005285059e+01	5231
1.719490888185922e+01	7.915624676159488e+00	5232
NMARK= 2
MARKER_TAG= airfoil
MARKER_ELEMS= 200
3	199	0
3	0	1
3	1	2
3	2	3
3	3	4
3	4	5
3	5	6
3	6	7
3	7	8
3	8	9
3	9	10
3	10	11
3	11	12
3	12	13
3	13	14
3	14	15
3	15	16
3	16	17
3	17	18
3	18	19
3	19	20
3	20	21
3	21	22
3	22	23
3	23	24
3	24	25
3	25	26
3	26	27
3	27	28
3	28	29
3	29	30
3	30	31
3	31	32
3	32	33
3	33	34
3	34	35
3	35	36
3	36	37
3	37	38
3	38	39
3	39	40
3	40	41
3	41	42
3	42	43
3	43	44
3	44	45
3	45	46
3	46	47
3	47	48
3	48	49
3	49	50
3	50	51
3	51	52
3	52	53
3	53	54
3	54	55
3	55	56
3	56	57
3	57	58
3	58	59
3	59	60
3	60	61
3	61	62
3	62	63
3	63	64
3	64	65
3	65	66
3	66	67
3	67	68
3	68	69
3	69	70
3	70	71
3	71	72
3	72	73
3	73	74
3	74	75
3	75	76
3	76	77
3	77	78
3	78	79
3	79	80
3	80	81
3	81	82
3	82	83
3	83	84
3	84	85
3	85	86
3	86	87
3	87	88
3	88	89
3	89	90
3	90	91
3	91	92
3	92	93
3	93	94
3	94	95
3	95	96
3	96	97
3	97	98
3	98	99
3	99	100
3	100	101
3	101	102
3	102	103
3	103	104
3	104	105
3	105	106
3	106	107
3	107	108
3	108	109
3	109	110
3	110	111
3	111	112
3	112	113
3	113	114
3	114	115
3	115	116
3	116	117
3	117	118
3	118	119
3	119	120
3	120	121
3	121	122
3	122	123
3	123	124
3	124	125
3	125	126
3	126	127
3	127	128
3	128	129
3	129	130
3	130	131
3	131	132
3	132	133
3	133	134
3	134	135
3	135	136
3	136	137
3	137	138
3	138	139
3	139	140
3	140	141
3	141	142
3	142	143
3	143	144
3	144	145
3	145	146
3	146	147
3	147	148
3	148	149
3	149	150
3	150	151
3	151	152
3	152	153
3	153	154
3	154	155
3	155	156
3	156	157
3	157	158
3	158	159
3	159	160
3	160	161
3	161	162
3	162	163
3	163	164
3	164	165
3	165	166
3	166	167
3	167	168
3	168	169
3	169	170
3	170	171
3	171	172
3	172	173
3	173	174
3	174	175
3	175	176
3	176	177
3	177	178
3	178	179
3	179	180
3	180	181
3	181	182
3	182	183
3	183	184
3	184	185
3	185	186
3	186	187
3	187	188
3	188	189
3	189	190
3	190	191
3	191	192
3	192	193
3	193	194
3	194	195
3	195	196
3	196	197
3	197	198
3	198	199
MARKER_TAG= farfield
MARKER_ELEMS= 50
3	200	201
3	201	202
3	202	203
3	203	204
3	204	205
3	205	206
3	206	207
3	207	208
3	208	209
3	209	210
3	210	211
3	211	212
3	212	213
3	213	214
3	214	215
3	215	216
3	216	217
3	217	218
3	218	219
3	219	220
3	220	221
3	221	222
3	222	223
3	223	224
3	224	225
3	225	226
3	226	227
3	227	228
3	228	229
3	229	230
3	230	231
3	231	232
3	232	233
3	233	234
3	234	235
3	235	236
3	236	237
3	237	238
3	238	239
3	239	240
3	240	241
3	241	242
3	242	243
3	243	244
3	244	245
3	245	246
3	246	247
3	247	248
3	248	249
3	249	200
