"Time_Iter","Outer_Iter","Inner_Iter",    "rms[Rho]"    ,    "rms[RhoU]"   ,    "rms[RhoV]"   ,    "rms[RhoE]"   ,     "rms[nu]"    
          0,           0,           0,      -4.336633222,       -16.2336482,      -16.52623781,      -2.885187945,      -10.66014619
          0,           0,           1,      -5.137663047,      -4.218076422,      -4.278856058,      -3.678306764,      -10.92234658
          0,           0,           2,      -5.137372972,      -4.294491377,      -4.644013355,      -3.680837709,      -10.99720466
          0,           0,           3,      -5.179173904,      -4.370223618,      -4.818025531,      -3.727000244,      -10.96780493
          0,           0,           4,        -5.2788787,        -4.4285767,      -4.790368877,      -3.835111134,      -10.98485972
          0,           0,           5,       -5.35639841,       -4.47361604,       -4.80098962,      -3.922996867,      -11.00219377
          0,           0,           6,       -5.38740866,      -4.512803793,      -4.829674669,      -3.959517898,      -11.01151908
          0,           0,           7,      -5.390298181,      -4.550585408,      -4.854645646,      -3.962857591,      -11.01125756
          0,           0,           8,      -5.382908279,      -4.589206888,      -4.874130747,      -3.953921067,      -10.97824776
          0,           0,           9,      -5.371958794,      -4.629626132,       -4.89626413,      -3.939094914,      -10.96150216
          0,           0,          10,      -5.362034381,      -4.671222708,      -4.927481827,      -3.923428878,      -10.97130667
          0,           0,          11,      -5.359677549,      -4.709748074,      -4.963128674,      -3.915695269,      -10.97304886
          0,           0,          12,      -5.369403352,      -4.736728512,      -4.980979205,      -3.923749797,       -10.9608057
          0,           0,          13,      -5.389631617,      -4.746547067,      -4.960813468,      -3.948808227,      -10.93594087
          0,           0,          14,      -5.412022037,       -4.74543341,      -4.918532243,      -3.981156692,      -10.90827983
          0,           0,          15,      -5.425598018,      -4.746705271,      -4.884117828,      -4.001624857,      -10.89832455
          0,           0,          16,      -5.426336211,      -4.760136044,      -4.872195416,      -3.998005824,      -10.90142333
          0,           0,          17,      -5.421195212,      -4.788329144,      -4.884408566,       -3.97966679,      -10.90558132
          0,           0,          18,      -5.420928764,      -4.826762981,       -4.91618806,      -3.964790053,      -10.90225624
          0,           0,          19,      -5.432750507,      -4.864263294,      -4.959127121,      -3.965007882,      -10.89000865
          0,           0,          20,      -5.458672639,      -4.888281903,      -5.002501577,      -3.984033311,      -10.87493551
          0,           0,          21,      -5.496322925,      -4.895812228,      -5.036838285,      -4.020272014,      -10.86408269
          0,           0,          22,      -5.539309638,       -4.89594347,      -5.058552062,       -4.06766608,      -10.86024102
          0,           0,          23,      -5.577847643,      -4.899925386,      -5.070481224,      -4.115314987,      -10.86178142
          0,           0,          24,      -5.602757903,      -4.913272745,       -5.07732747,      -4.149980287,      -10.86274018
          0,           0,          25,      -5.612123889,      -4.934535282,       -5.08190965,      -4.164654128,      -10.85896142
          0,           0,          26,      -5.612569022,      -4.956548736,      -5.085355788,      -4.164644919,      -10.84958153
          0,           0,          27,      -5.613120659,      -4.970277755,      -5.089148913,      -4.161462366,      -10.83733745
          0,           0,          28,      -5.619934927,      -4.972036854,      -5.096004699,      -4.163854303,       -10.8270307
          0,           0,          29,      -5.635406373,      -4.966956247,      -5.108908846,       -4.17531363,      -10.82215697
          0,           0,          30,      -5.659216192,      -4.964034763,      -5.129765448,      -4.195552931,      -10.82315733
          0,           0,          31,       -5.68943538,      -4.969977181,      -5.158257841,      -4.222452685,      -10.82754841
          0,           0,          32,      -5.723445302,      -4.987024906,       -5.19084305,      -4.253568632,      -10.83107979
          0,           0,          33,      -5.758605534,      -5.013025672,      -5.220786924,      -4.286949492,      -10.82923653
          0,           0,          34,      -5.792331282,      -5.041640408,      -5.240759405,      -4.321015446,      -10.82126454
          0,           0,          35,      -5.822092493,      -5.063697637,      -5.247816531,      -4.354052031,      -10.80958321
          0,           0,          36,      -5.846109747,      -5.072246126,      -5.245975412,      -4.384116366,      -10.79730987
          0,           0,          37,      -5.864396957,      -5.068372616,       -5.24292933,      -4.409523743,      -10.78668571
          0,           0,          38,      -5.879125242,      -5.060098668,       -5.24539793,         -4.429851,      -10.77833188
          0,           0,          39,       -5.89337745,      -5.055899636,      -5.256972161,      -4.446277296,      -10.77097851
          0,           0,          40,      -5.909920316,      -5.060743212,       -5.27790422,      -4.461294531,      -10.76361567
          0,           0,          41,      -5.931116385,      -5.075913879,       -5.30578691,      -4.478395546,      -10.75584628
          0,           0,          42,      -5.958767922,       -5.09991203,      -5.336480654,      -4.501052223,       -10.7474036
          0,           0,          43,      -5.993622375,      -5.129171872,      -5.365464919,      -4.531498698,      -10.73825463
          0,           0,          44,      -6.034777834,      -5.158741401,      -5.389593329,      -4.569938409,      -10.72854671
          0,           0,          45,      -6.079341765,      -5.183580597,      -5.408392538,      -4.614275059,      -10.71849241
          0,           0,          46,      -6.122703784,      -5.200617429,        -5.4238439,      -4.660279662,      -10.70826284
          0,           0,          47,      -6.159921863,      -5.210237934,      -5.438887776,      -4.702540728,      -10.69807095
          0,           0,          48,      -6.188110803,      -5.215626236,        -5.4559259,      -4.736590372,      -10.68816336
          0,           0,          49,      -6.208186564,      -5.220575046,      -5.476046331,      -4.761457059,      -10.67876701
          0,           0,          50,      -6.224053012,      -5.227748412,      -5.498932811,      -4.780127953,      -10.66999407
          0,           0,          51,      -6.240396381,       -5.23819188,      -5.523268533,      -4.797500804,      -10.66188577
          0,           0,          52,      -6.261004052,      -5.251629943,      -5.547414708,      -4.817965921,      -10.65438208
          0,           0,          53,      -6.288174861,      -5.266984668,      -5.570096268,      -4.844193534,      -10.64741113
          0,           0,          54,       -6.32277751,      -5.282861715,       -5.59083573,      -4.877029831,      -10.64081844
          0,           0,          55,      -6.364416468,      -5.297959593,      -5.609977513,      -4.915787306,        -10.634385
          0,           0,          56,      -6.411443645,      -5.311375643,      -5.628343432,      -4.958502374,      -10.62785711
          0,           0,          57,      -6.460768674,      -5.322750353,      -5.646778487,      -5.002087567,      -10.62096801
          0,           0,          58,      -6.507709143,      -5.332223392,      -5.665855382,      -5.042555596,      -10.61360164
          0,           0,          59,      -6.546602418,      -5.340255683,      -5.685815041,      -5.075703654,      -10.60571573
          0,           0,          60,      -6.572953549,      -5.347415018,      -5.706634982,      -5.098559208,      -10.59742785
          0,           0,          61,       -6.58614009,      -5.354195844,      -5.728075483,      -5.110932044,      -10.58891704
          0,           0,          62,      -6.589882105,       -5.36089416,      -5.749672357,      -5.115609457,      -10.58031984
          0,           0,          63,      -6.589966184,       -5.36757031,      -5.770779904,      -5.116989136,      -10.57176589
          0,           0,          64,      -6.591689697,      -5.374107122,      -5.790731479,      -5.119405136,       -10.5632489
          0,           0,          65,      -6.598671967,      -5.380324088,       -5.80905283,      -5.126081829,      -10.55484329
          0,           0,          66,      -6.612779424,      -5.386091926,      -5.825626791,      -5.138781733,      -10.54645788
          0,           0,          67,      -6.634349774,       -5.39139955,      -5.840722507,      -5.157837389,      -10.53816834
          0,           0,          68,      -6.662307325,      -5.396352294,      -5.854876051,      -5.182243431,      -10.52990533
          0,           0,          69,      -6.694110713,      -5.401120629,      -5.868706867,      -5.209695318,      -10.52171133
          0,           0,          70,      -6.725663256,       -5.40587117,      -5.882742856,      -5.236702774,      -10.51361029
          0,           0,          71,      -6.751660267,      -5.410707026,      -5.897280318,      -5.259105314,       -10.5055457
          0,           0,          72,      -6.767088217,       -5.41563412,      -5.912288543,      -5.273312793,      -10.49760671
          0,           0,          73,      -6.769820989,      -5.420567169,      -5.927403565,      -5.277940349,      -10.48974686
          0,           0,          74,      -6.762296792,      -5.425377903,      -5.942064886,      -5.274627638,      -10.48198167
          0,           0,          75,      -6.750103646,      -5.429956803,      -5.955743936,      -5.267219545,      -10.47434393
          0,           0,          76,      -6.738994107,      -5.434256978,       -5.96815474,      -5.259990834,      -10.46678655
          0,           0,          77,      -6.733134558,      -5.438309351,      -5.979339555,      -5.256314265,      -10.45933317
          0,           0,          78,      -6.734865004,      -5.442208885,      -5.989607602,      -5.258254805,      -10.45197441
          0,           0,          79,      -6.745009223,      -5.446079437,      -5.999382509,      -5.266649958,      -10.44467832
          0,           0,          80,      -6.763094849,      -5.450031528,      -6.009040526,      -5.281227741,      -10.43746729
          0,           0,          81,      -6.787320457,      -5.454128268,      -6.018810628,      -5.300616092,      -10.43032539
          0,           0,          82,       -6.81438462,      -5.458369709,      -6.028760129,      -5.322319482,      -10.42323749
          0,           0,          83,      -6.839570087,      -5.462698102,      -6.038847562,      -5.342903355,      -10.41622727
          0,           0,          84,      -6.857734824,      -5.467018686,      -6.049002589,      -5.358697361,      -10.40927866
          0,           0,          85,      -6.865488211,       -5.47123036,      -6.059203823,      -5.367076555,       -10.4023792
          0,           0,          86,      -6.863241773,      -5.475261256,      -6.069529695,      -5.367716334,      -10.39555004
          0,           0,          87,      -6.854935463,      -5.479094237,      -6.080126513,      -5.362786656,      -10.38879166
          0,           0,          88,      -6.845678813,      -5.482768328,      -6.091130823,       -5.35582205,      -10.38208055
          0,           0,          89,       -6.83968287,      -5.486360366,      -6.102605089,       -5.35026239,      -10.37543899
          0,           0,          90,      -6.839549321,      -5.489958749,      -6.114498665,      -5.348587111,      -10.36887923
          0,           0,          91,      -6.846386464,      -5.493639745,      -6.126644617,      -5.352099425,      -10.36236495
          0,           0,          92,      -6.860099469,      -5.497451237,      -6.138798427,      -5.361028021,      -10.35590691
          0,           0,          93,      -6.879591791,      -5.501405917,       -6.15070814,      -5.374695585,      -10.34951744
          0,           0,          94,      -6.902876647,       -5.50548342,      -6.162193131,      -5.391679131,      -10.34317225
          0,           0,          95,      -6.927232572,      -5.509639755,      -6.173203788,      -5.410006665,      -10.33686397
          0,           0,          96,      -6.949621414,      -5.513821294,      -6.183840922,      -5.427488554,       -10.3305989
          0,           0,          97,      -6.967530668,      -5.517980328,      -6.194331114,      -5.442248609,      -10.32438227
          0,           0,          98,      -6.979961646,      -5.522088668,      -6.204974383,      -5.453315604,      -10.31818496
          0,           0,          99,      -6.987763187,      -5.526142968,      -6.216068454,      -5.460891995,      -10.31201542
          0,           0,         100,      -6.992992281,      -5.530158378,      -6.227803555,      -5.466101193,      -10.30588236
          0,           0,         101,      -6.997956336,       -5.53415658,      -6.240179057,      -5.470455727,      -10.29978768
          0,           0,         102,      -7.004544462,      -5.538156363,      -6.253001209,      -5.475359223,      -10.29371386
          0,           0,         103,       -7.01392226,      -5.542168881,      -6.265959024,      -5.481779687,      -10.28767522
          0,           0,         104,      -7.026462304,      -5.546196693,      -6.278736106,      -5.490110696,      -10.28167611
          0,           0,         105,      -7.041794371,      -5.550235681,      -6.291114407,      -5.500180038,      -10.27571876
          0,           0,         106,      -7.058914712,      -5.554278515,       -6.30303799,       -5.51135338,      -10.26979001
          0,           0,         107,      -7.076355541,      -5.558318238,      -6.314623052,      -5.522699794,      -10.26390015
          0,           0,         108,      -7.092464366,      -5.562350808,      -6.326119722,      -5.533208418,       -10.2580521
          0,           0,         109,      -7.105831636,      -5.566376373,      -6.337841494,      -5.542047377,      -10.25224553
          0,           0,         110,      -7.115760118,      -5.570399212,      -6.350075334,      -5.548810109,      -10.24646299
          0,           0,         111,      -7.122485576,       -5.57442503,      -6.362987189,      -5.553625423,      -10.24070878
          0,           0,         112,      -7.126990586,      -5.578456062,      -6.376554798,      -5.557061386,       -10.2349841
          0,           0,         113,      -7.130605667,       -5.58248782,      -6.390560096,      -5.559906314,       -10.2292918
          0,           0,         114,      -7.134638698,      -5.586509849,      -6.404647358,       -5.56294374,      -10.22361204
          0,           0,         115,      -7.140109782,      -5.590509471,      -6.418426187,      -5.566777701,       -10.2179476
          0,           0,         116,      -7.147594522,      -5.594475967,      -6.431582419,      -5.571728085,      -10.21230157
          0,           0,         117,      -7.157164544,      -5.598403487,      -6.443958141,      -5.577799111,      -10.20667511
          0,           0,         118,      -7.168407179,      -5.602291834,      -6.455576676,      -5.584711806,       -10.2010649
          0,           0,         119,       -7.18051213,      -5.606145231,      -6.466612644,      -5.591985803,      -10.19546454
          0,           0,         120,      -7.192425288,      -5.609969868,      -6.477327031,      -5.599054025,      -10.18988311
          0,           0,         121,      -7.203071509,      -5.613771238,      -6.487994172,      -5.605391552,      -10.18432156
          0,           0,         122,      -7.211623947,      -5.617552154,      -6.498840264,       -5.61063756,       -10.1787809
          0,           0,         123,      -7.217741136,      -5.621311963,      -6.510001077,      -5.614681783,      -10.17325214
          0,           0,         124,      -7.221657611,      -5.625047092,       -6.52150146,      -5.617681347,      -10.16774104
          0,           0,         125,      -7.224084006,      -5.628752662,      -6.533262939,      -5.619999846,      -10.16225685
          0,           0,         126,      -7.225980964,      -5.632424821,      -6.545142487,      -5.622099967,      -10.15680194
          0,           0,         127,      -7.228307356,      -5.636062781,      -6.556990195,      -5.624429366,      -10.15137212
          0,           0,         128,      -7.231820362,      -5.639669807,      -6.568702938,      -5.627328654,      -10.14595844
          0,           0,         129,      -7.236961899,      -5.643252688,      -6.580255879,       -5.63097772,      -10.14057188
          0,           0,         130,      -7.243827283,      -5.646819948,      -6.591705386,      -5.635383991,      -10.13521469
          0,           0,         131,      -7.252194983,      -5.650379476,      -6.603167378,      -5.640406223,      -10.12988548
          0,           0,         132,      -7.261598417,      -5.653936388,      -6.614781505,      -5.645802643,      -10.12457027
          0,           0,         133,      -7.271428099,      -5.657491789,       -6.62667268,      -5.651291143,      -10.11926769
          0,           0,         134,      -7.281054347,      -5.661042642,      -6.638919028,      -5.656609595,       -10.1139826
          0,           0,         135,       -7.28995398,      -5.664582679,      -6.651531175,      -5.661565656,      -10.10871703
          0,           0,         136,      -7.297814565,      -5.668103982,      -6.664444435,      -5.666067643,      -10.10346883
          0,           0,         137,      -7.304585853,      -5.671598869,      -6.677524075,      -5.670131147,      -10.09822279
          0,           0,         138,      -7.310459215,      -5.675061567,      -6.690583554,      -5.673860161,      -10.09298099
          0,           0,         139,      -7.315781838,      -5.678489249,      -6.703414393,      -5.677408105,      -10.08775099
          0,           0,         140,      -7.320937956,      -5.681882245,      -6.715824191,      -5.680930796,      -10.08253788
          0,           0,         141,      -7.326237313,      -5.685243376,      -6.727675016,      -5.684545133,      -10.07734586
          0,           0,         142,      -7.331839848,      -5.688576806,      -6.738911772,      -5.688303461,      -10.07216203
          0,           0,         143,      -7.337728239,       -5.69188674,      -6.749571871,      -5.692187271,       -10.0669913
          0,           0,         144,      -7.343726433,       -5.69517636,      -6.759773691,      -5.696118504,      -10.06183727
          0,           0,         145,      -7.349554601,      -5.698447218,      -6.769688622,      -5.699983259,      -10.05671703
          0,           0,         146,      -7.354906876,      -5.701699118,      -6.779505115,      -5.703661328,      -10.05163457
          0,           0,         147,      -7.359535533,      -5.704930484,      -6.789391676,      -5.707055811,      -10.04658217
          0,           0,         148,      -7.363322746,      -5.708138994,      -6.799462976,      -5.710117732,      -10.04156453
          0,           0,         149,      -7.366320843,      -5.711322356,      -6.809754288,      -5.712860335,      -10.03658612
          0,           0,         150,       -7.36874835,      -5.714478998,      -6.820212007,      -5.715358551,      -10.03166295
          0,           0,         151,      -7.370943225,      -5.717608551,      -6.830706102,      -5.717733144,      -10.02680804
          0,           0,         152,      -7.373288992,      -5.720712023,      -6.841063315,      -5.720124077,      -10.02201594
          0,           0,         153,       -7.37613655,      -5.723791673,      -6.851112115,      -5.722660768,      -10.01728685
          0,           0,         154,      -7.379741437,       -5.72685064,      -6.860726293,      -5.725437113,       -10.0126438
          0,           0,         155,      -7.384227508,        -5.7298924,      -6.869854537,      -5.728496682,      -10.00808642
          0,           0,         156,      -7.389579058,      -5.732920187,      -6.878528237,       -5.73183003,      -10.00363125
          0,           0,         157,      -7.395657716,      -5.735936489,      -6.886847214,      -5.735382982,      -9.999288568
          0,           0,         158,      -7.402237682,      -5.738942724,      -6.894949947,      -5.739072474,      -9.995054435
          0,           0,         159,      -7.409051724,      -5.741939136,      -6.902978286,      -5.742805664,      -9.990943041
          0,           0,         160,      -7.415839602,      -5.744924924,      -6.911045855,      -5.746498039,      -9.986963887
          0,           0,         161,      -7.422390362,      -5.747898546,      -6.919215986,      -5.750087152,      -9.983114911
          0,           0,         162,      -7.428570767,      -5.750858115,      -6.927491689,      -5.753539951,      -9.979384736
          0,           0,         163,      -7.434334681,      -5.753801832,       -6.93581813,      -5.756853048,       -9.97577184
          0,           0,         164,      -7.439712391,      -5.756728345,      -6.944096683,      -5.760046669,      -9.972286875
          0,           0,         165,      -7.444784008,      -5.759636967,      -6.952207979,      -5.763154299,      -9.968922421
          0,           0,         166,       -7.44964513,      -5.762527725,      -6.960039489,      -5.766210823,      -9.965668674
          0,           0,         167,       -7.45437426,      -5.765401259,      -6.967511134,      -5.769242184,      -9.962526855
          0,           0,         168,      -7.459009984,      -5.768258599,      -6.974592508,      -5.772258826,      -9.959464876
          0,           0,         169,      -7.463542517,      -5.771100899,      -6.981307521,      -5.775254051,      -9.956454916
          0,           0,         170,      -7.467920313,        -5.7739292,      -6.987725979,      -5.778207164,      -9.953510909
          0,           0,         171,      -7.472068863,      -5.776744255,      -6.993945096,      -5.781090196,       -9.95061542
          0,           0,         172,      -7.475916368,      -5.779546464,      -7.000066152,      -5.783876326,      -9.947748486
          0,           0,         173,      -7.479419596,      -5.782335919,       -7.00617214,      -5.786547981,      -9.944892903
          0,           0,         174,      -7.482583313,      -5.785112533,      -7.012311405,      -5.789102753,      -9.942014689
          0,           0,         175,      -7.485468345,      -5.787876221,      -7.018490672,      -5.791555793,       -9.93909222
          0,           0,         176,      -7.488186361,      -5.790627082,      -7.024678809,      -5.793938241,      -9.936131067
          0,           0,         177,      -7.490882994,      -5.793365522,      -7.030820124,       -5.79629213,      -9.933111516
          0,           0,         178,       -7.49371388,      -5.796092317,      -7.036853493,        -5.7986631,      -9.930019435
          0,           0,         179,      -7.496819442,      -5.798808566,       -7.04273209,       -5.80109267,      -9.926837875
          0,           0,         180,      -7.500303734,      -5.801515572,      -7.048438344,      -5.803611735,      -9.923530767
          0,           0,         181,      -7.504220953,      -5.804214668,      -7.053990264,      -5.806236482,      -9.920078629
          0,           0,         182,      -7.508571181,      -5.806907028,       -7.05943814,       -5.80896735,      -9.916484387
          0,           0,         183,       -7.51330491,      -5.809593498,      -7.064853299,      -5.811790752,       -9.91273972
          0,           0,         184,       -7.51833466,      -5.812274492,      -7.070312471,      -5.814682966,      -9.908827455
          0,           0,         185,      -7.523551005,      -5.814949957,      -7.075881815,      -5.817615144,      -9.904732372
          0,           0,         186,      -7.528840006,      -5.817619426,      -7.081603999,      -5.820558367,      -9.900435399
          0,           0,         187,      -7.534099059,       -5.82028213,      -7.087490636,      -5.823487864,      -9.895926903
          0,           0,         188,      -7.539248624,      -5.822937136,       -7.09352094,       -5.82638576,      -9.891215836
          0,           0,         189,      -7.544238127,      -5.825583509,      -7.099646332,       -5.82924206,      -9.886302543
          0,           0,         190,      -7.549045694,      -5.828220435,      -7.105799888,      -5.832054003,      -9.881184269
          0,           0,         191,      -7.553672653,      -5.830847313,       -7.11190882,      -5.834824192,      -9.875845901
          0,           0,         192,      -7.558134756,      -5.833463792,      -7.117907376,      -5.837558063,      -9.870283791
          0,           0,         193,      -7.562452684,      -5.836069762,      -7.123747622,      -5.840261409,      -9.864522217
          0,           0,         194,      -7.566644219,      -5.838665296,      -7.129406012,      -5.842938434,      -9.858571771
          0,           0,         195,      -7.570719798,       -5.84125059,       -7.13488477,       -5.84559078,      -9.852424501
          0,           0,         196,       -7.57468205,      -5.843825886,      -7.140207965,      -5.848217599,      -9.846095034
          0,           0,         197,       -7.57852889,       -5.84639142,      -7.145413911,       -5.85081653,      -9.839596014
          0,           0,         198,       -7.58225873,      -5.848947397,      -7.150545488,      -5.853385162,      -9.832941082
          0,           0,         199,       -7.58587605,      -5.851493983,      -7.155640708,      -5.855922577,      -9.826142727
          0,           0,         200,      -7.589395669,      -5.854031321,      -7.160725664,      -5.858430492,      -9.819217623
          0,           0,         201,      -7.592844319,      -5.856559559,      -7.165810782,      -5.860913703,       -9.81217862
          0,           0,         202,      -7.596258921,      -5.859078872,      -7.170890613,      -5.863379697,      -9.805043616
          0,           0,         203,      -7.599682135,      -5.861589481,       -7.17594717,      -5.865837597,      -9.797815023
          0,           0,         204,      -7.603155913,      -5.864091651,      -7.180955108,      -5.868296598,      -9.790513949
          0,           0,         205,      -7.606714644,      -5.866585674,       -7.18588761,      -5.870764333,      -9.783153204
          0,           0,         206,      -7.610379411,      -5.869071835,      -7.190721474,      -5.873245496,      -9.775744574
          0,           0,         207,      -7.614154317,      -5.871550371,      -7.195440008,      -5.875741011,      -9.768302021
          0,           0,         208,      -7.618025642,      -5.874021436,      -7.200033613,      -5.878247918,      -9.760830773
          0,           0,         209,       -7.62196445,      -5.876485071,      -7.204497928,      -5.880760042,      -9.753342726
          0,           0,         210,      -7.625931193,      -5.878941201,      -7.208830287,      -5.883269182,      -9.745847722
          0,           0,         211,      -7.629881835,      -5.881389643,      -7.213025998,      -5.885766583,      -9.738357154
          0,           0,         212,      -7.633774785,      -5.883830136,      -7.217075363,      -5.888244474,      -9.730878194
          0,           0,         213,      -7.637576735,      -5.886262388,      -7.220962306,       -5.89069727,      -9.723421704
          0,           0,         214,      -7.641267214,      -5.888686116,      -7.224665227,      -5.893122464,      -9.715985939
          0,           0,         215,      -7.644839946,      -5.891101101,      -7.228159637,      -5.895520721,      -9.708581805
          0,           0,         216,      -7.648302352,      -5.893507232,      -7.231422464,      -5.897895623,      -9.701210315
          0,           0,         217,      -7.651672544,      -5.895904534,      -7.234436962,      -5.900252874,      -9.693880733
          0,           0,         218,      -7.654974953,      -5.898293169,      -7.237196574,      -5.902599165,       -9.68659818
          0,           0,         219,       -7.65823561,      -5.900673429,      -7.239707464,      -5.904941143,      -9.679362836
          0,           0,         220,      -7.661478092,      -5.903045718,      -7.241988827,      -5.907284459,      -9.672173757
          0,           0,         221,      -7.664720359,      -5.905410519,      -7.244070983,      -5.909633138,      -9.665041386
          0,           0,         222,      -7.667973339,      -5.907768368,      -7.245991748,      -5.911989314,      -9.657964578
          0,           0,         223,      -7.671241198,      -5.910119822,      -7.247792058,      -5.914353358,       -9.65095078
          0,           0,         224,      -7.674522282,      -5.912465423,      -7.249511121,       -5.91672417,      -9.643997251
          0,           0,         225,      -7.677810993,      -5.914805686,      -7.251182517,      -5.919099648,      -9.637104234
          0,           0,         226,      -7.681099532,      -5.917141085,      -7.252831836,      -5.921477185,      -9.630276486
          0,           0,         227,      -7.684379598,      -5.919472057,      -7.254475964,      -5.923854051,      -9.623509807
          0,           0,         228,      -7.687642987,      -5.921798997,      -7.256123673,       -5.92622766,      -9.616810656
          0,           0,         229,       -7.69088223,      -5.924122259,      -7.257777603,      -5.928595657,      -9.610174483
          0,           0,         230,      -7.694089727,      -5.926442159,       -7.25943667,      -5.930955853,      -9.603602259
          0,           0,         231,      -7.697257725,      -5.928758974,      -7.261098756,      -5.933306168,       -9.59709961
          0,           0,         232,      -7.700377673,      -5.931072949,      -7.262762964,      -5.935644589,      -9.590660436
          0,           0,         233,      -7.703440217,      -5.933384289,      -7.264431023,      -5.937969142,      -9.584281617
          0,           0,         234,      -7.706435717,      -5.935693174,       -7.26610815,      -5.940278055,      -9.577971625
          0,           0,         235,      -7.709355352,      -5.937999744,      -7.267802816,      -5.942569898,      -9.571725483
          0,           0,         236,        -7.7121922,      -5.940304118,      -7.269526047,       -5.94484388,      -9.565540148
          0,           0,         237,       -7.71494304,      -5.942606396,      -7.271290564,      -5.947100083,      -9.559414105
          0,           0,         238,      -7.717609247,      -5.944906676,      -7.273109811,       -5.94933971,        -9.5533469
          0,           0,         239,      -7.720197558,      -5.947205059,      -7.274997051,      -5.951565105,      -9.547342635
          0,           0,         240,      -7.722720019,      -5.949501669,      -7.276965038,      -5.953779815,       -9.54139813
          0,           0,         241,      -7.725193441,      -5.951796661,      -7.279025973,      -5.955988294,      -9.535510803
          0,           0,         242,      -7.727637369,      -5.954090225,      -7.281191573,      -5.958195568,      -9.529682623
          0,           0,         243,      -7.730072671,      -5.956382583,      -7.283473403,      -5.960406774,      -9.523905175
          0,           0,         244,      -7.732518994,      -5.958673989,      -7.285883018,      -5.962626721,      -9.518183095
          0,           0,         245,      -7.734993515,      -5.960964729,       -7.28843219,      -5.964859501,       -9.51251861
          0,           0,         246,      -7.737508751,      -5.963255089,      -7.291132513,      -5.967108111,      -9.506900552
          0,           0,         247,      -7.740072022,      -5.965545358,      -7.293994958,       -5.96937426,      -9.501333893
          0,           0,         248,      -7.742685161,      -5.967835802,      -7.297029283,       -5.97165836,      -9.495825095
          0,           0,         249,      -7.745344815,      -5.970126665,      -7.300243176,      -5.973959627,      -9.490357759
          0,           0,         250,      -7.748043578,      -5.972418152,       -7.30364183,       -5.97627625,      -9.484936839
          0,           0,         251,      -7.750770561,      -5.974710434,      -7.307227226,      -5.978605716,      -9.479566316
          0,           0,         252,      -7.753513216,      -5.977003639,      -7.310998181,      -5.980945025,      -9.474240894
          0,           0,         253,      -7.756258006,      -5.979297856,      -7.314950257,      -5.983291018,      -9.468960296
          0,           0,         254,      -7.758991851,      -5.981593145,      -7.319076431,      -5.985640577,       -9.46371833
          0,           0,         255,      -7.761702732,       -5.98388953,      -7.323367538,      -5.987990814,       -9.45851699
          0,           0,         256,      -7.764380046,       -5.98618702,      -7.327813056,      -5.990339209,      -9.453361398
          0,           0,         257,      -7.767014954,      -5.988485601,      -7.332401751,      -5.992683634,      -9.448247484
          0,           0,         258,      -7.769600718,       -5.99078525,      -7.337122339,      -5.995022485,      -9.443167091
          0,           0,         259,      -7.772132336,      -5.993085933,      -7.341963841,      -5.997354562,      -9.438132877
          0,           0,         260,      -7.774607187,      -5.995387611,      -7.346915887,      -5.999679191,       -9.43313755
          0,           0,         261,      -7.777024429,      -5.997690239,       -7.35196855,      -6.001996192,      -9.428176439
          0,           0,         262,      -7.779385345,      -5.999993771,      -7.357112218,      -6.004305821,      -9.423247213
          0,           0,         263,      -7.781693094,      -6.002298159,      -7.362337418,      -6.006608786,      -9.418354028
          0,           0,         264,      -7.783952377,      -6.004603356,       -7.36763428,      -6.008906213,      -9.413498783
          0,           0,         265,      -7.786169665,      -6.006909323,       -7.37299258,      -6.011199537,      -9.408676826
          0,           0,         266,      -7.788352273,      -6.009216019,      -7.378401452,      -6.013490445,      -9.403884493
          0,           0,         267,       -7.79050811,      -6.011523415,      -7.383849339,      -6.015780752,      -9.399127644
          0,           0,         268,      -7.792645157,      -6.013831487,      -7.389324372,       -6.01807225,      -9.394401935
          0,           0,         269,      -7.794770561,      -6.016140215,      -7.394814421,      -6.020366596,      -9.389702507
          0,           0,         270,      -7.796890279,      -6.018449588,      -7.400307399,      -6.022665188,      -9.385034229
          0,           0,         271,       -7.79900861,      -6.020759593,      -7.405791649,      -6.024969021,      -9.380400259
          0,           0,         272,      -7.801128091,      -6.023070225,      -7.411256107,      -6.027278722,      -9.375793218
          0,           0,         273,      -7.803249157,      -6.025381472,      -7.416690404,      -6.029594475,      -9.371213392
          0,           0,         274,      -7.805370572,       -6.02769332,      -7.422085073,      -6.031916014,      -9.366662209
          0,           0,         275,      -7.807489495,      -6.030005751,      -7.427431494,      -6.034242761,      -9.362141403
          0,           0,         276,      -7.809602048,       -6.03231875,      -7.432721726,      -6.036573949,      -9.357648786
          0,           0,         277,      -7.811703577,      -6.034632297,       -7.43794857,      -6.038908556,      -9.353187609
          0,           0,         278,      -7.813789189,      -6.036946366,      -7.443105636,      -6.041245493,      -9.348749477
          0,           0,         279,      -7.815854102,      -6.039260932,      -7.448187165,      -6.043583742,        -9.3443375
          0,           0,         280,       -7.81789396,      -6.041575968,      -7.453188118,      -6.045922349,      -9.339954344
          0,           0,         281,      -7.819905174,      -6.043891448,      -7.458104471,      -6.048260465,      -9.335597859
          0,           0,         282,      -7.821884877,      -6.046207342,      -7.462933314,        -6.0505974,      -9.331273349
          0,           0,         283,      -7.823830854,       -6.04852363,      -7.467672599,      -6.052932729,      -9.326970365
          0,           0,         284,      -7.825741842,      -6.050840282,      -7.472321664,      -6.055266064,      -9.322686547
          0,           0,         285,      -7.827617122,      -6.053157268,      -7.476881119,      -6.057597226,      -9.318428491
          0,           0,         286,       -7.82945684,      -6.055474562,      -7.481352813,      -6.059926186,      -9.314200286
          0,           0,         287,      -7.831261321,      -6.057792136,      -7.485739401,      -6.062253098,      -9.309997671
          0,           0,         288,      -7.833031512,      -6.060109953,      -7.490044581,      -6.064578094,      -9.305821226
          0,           0,         289,      -7.834768725,      -6.062427975,      -7.494272737,      -6.066901473,      -9.301671144
          0,           0,         290,      -7.836474581,      -6.064746156,      -7.498428878,      -6.069223556,      -9.297541982
          0,           0,         291,      -7.838150864,      -6.067064449,      -7.502518162,       -6.07154483,      -9.293430044
          0,           0,         292,      -7.839799723,      -6.069382793,      -7.506546165,      -6.073865658,      -9.289341747
          0,           0,         293,      -7.841423262,      -6.071701127,      -7.510518633,      -6.076186519,      -9.285278924
          0,           0,         294,      -7.843023662,      -6.074019383,        -7.5144416,      -6.078507833,      -9.281241592
          0,           0,         295,      -7.844602882,      -6.076337502,      -7.518320911,       -6.08083012,      -9.277225801
          0,           0,         296,      -7.846162833,      -6.078655413,      -7.522162594,      -6.083153715,      -9.273234345
          0,           0,         297,      -7.847705018,      -6.080973044,      -7.525972842,      -6.085478906,      -9.269264963
          0,           0,         298,      -7.849230722,      -6.083290315,      -7.529758002,      -6.087805844,      -9.265311124
          0,           0,         299,      -7.850740656,      -6.085607147,      -7.533524107,      -6.090134667,      -9.261377421
          0,           0,         300,      -7.852235156,      -6.087923466,       -7.53727664,      -6.092465461,      -9.257475008
          0,           0,         301,      -7.853714337,      -6.090239183,      -7.541020977,      -6.094798027,      -9.253595332
          0,           0,         302,      -7.855177734,      -6.092554207,      -7.544761793,      -6.097132128,      -9.249740552
          0,           0,         303,      -7.856624728,      -6.094868445,       -7.54850295,      -6.099467498,      -9.245906204
          0,           0,         304,      -7.858054638,      -6.097181802,      -7.552247224,      -6.101803853,      -9.242088577
          0,           0,         305,      -7.859466461,      -6.099494173,       -7.55599621,      -6.104140781,      -9.238286285
          0,           0,         306,      -7.860859265,       -6.10180545,      -7.559750355,      -6.106477884,      -9.234505411
          0,           0,         307,      -7.862232156,      -6.104115511,      -7.563509271,       -6.10881469,      -9.230751869
          0,           0,         308,      -7.863584316,      -6.106424236,       -7.56727152,      -6.111150802,       -9.22701837
          0,           0,         309,      -7.864914719,      -6.108731509,      -7.571034202,      -6.113485942,      -9.223308161
          0,           0,         310,      -7.866222682,      -6.111037195,      -7.574793984,      -6.115819641,      -9.219619109
          0,           0,         311,      -7.867507648,      -6.113341155,      -7.578547065,      -6.118151533,      -9.215950983
          0,           0,         312,      -7.868769079,      -6.115643246,      -7.582289182,      -6.120481255,      -9.212298859
          0,           0,         313,      -7.870006614,      -6.117943304,      -7.586015945,      -6.122808454,      -9.208661684
          0,           0,         314,       -7.87121991,      -6.120241171,      -7.589722677,      -6.125132958,      -9.205039661
          0,           0,         315,      -7.872408917,      -6.122536676,      -7.593404885,      -6.127454539,      -9.201437982
          0,           0,         316,      -7.873573838,       -6.12482965,      -7.597058511,      -6.129772995,      -9.197858842
          0,           0,         317,      -7.874715075,      -6.127119924,      -7.600679918,      -6.132088251,      -9.194299113
          0,           0,         318,      -7.875833318,      -6.129407316,      -7.604266144,      -6.134400226,      -9.190761091
          0,           0,         319,      -7.876929335,       -6.13169165,       -7.60781466,      -6.136708967,      -9.187239911
          0,           0,         320,      -7.878004012,      -6.133972757,      -7.611323289,      -6.139014646,      -9.183742966
          0,           0,         321,      -7.879058527,      -6.136250446,      -7.614790977,      -6.141317205,      -9.180267751
          0,           0,         322,      -7.880093956,      -6.138524537,      -7.618217416,      -6.143616774,      -9.176803323
          0,           0,         323,      -7.881111315,      -6.140794833,       -7.62160298,      -6.145913338,      -9.173349715
          0,           0,         324,      -7.882111517,      -6.143061131,      -7.624948798,      -6.148206874,      -9.169915714
          0,           0,         325,      -7.883095299,      -6.145323252,      -7.628256334,      -6.150497586,      -9.166500766
          0,           0,         326,      -7.884063282,      -6.147581005,      -7.631527543,      -6.152785397,      -9.163105342
          0,           0,         327,      -7.885015972,      -6.149834194,      -7.634765008,      -6.155070121,      -9.159729613
          0,           0,         328,      -7.885953357,      -6.152082629,      -7.637971304,      -6.157351652,      -9.156377199
          0,           0,         329,      -7.886875517,      -6.154326101,      -7.641149422,      -6.159629665,      -9.153042051
          0,           0,         330,      -7.887782298,      -6.156564405,      -7.644302483,      -6.161903874,      -9.149721824
          0,           0,         331,      -7.888673288,      -6.158797342,      -7.647433033,      -6.164174103,      -9.146419771
          0,           0,         332,      -7.889548201,      -6.161024709,      -7.650543555,      -6.166439972,       -9.14313422
          0,           0,         333,      -7.890406524,      -6.163246297,      -7.653636477,      -6.168701038,      -9.139856173
          0,           0,         334,       -7.89124786,      -6.165461882,      -7.656714196,      -6.170956915,      -9.136595551
          0,           0,         335,      -7.892071757,      -6.167671248,      -7.659778884,      -6.173207194,      -9.133351936
          0,           0,         336,        -7.8928779,       -6.16987417,      -7.662832596,      -6.175451468,      -9.130126414
          0,           0,         337,      -7.893666159,      -6.172070437,      -7.665876963,      -6.177689614,      -9.126915688
          0,           0,         338,      -7.894436322,      -6.174259845,      -7.668912881,      -6.179921369,      -9.123722584
          0,           0,         339,      -7.895188622,      -6.176442155,       -7.67194195,      -6.182146245,      -9.120546924
          0,           0,         340,      -7.895923049,      -6.178617167,      -7.674965089,      -6.184364242,      -9.117386719
          0,           0,         341,      -7.896639875,      -6.180784665,      -7.677982969,      -6.186575011,      -9.114241778
          0,           0,         342,      -7.897339828,      -6.182944407,      -7.680996977,       -6.18877831,      -9.111113461
          0,           0,         343,       -7.89802319,      -6.185096211,      -7.684007165,      -6.190974347,      -9.108000668
          0,           0,         344,      -7.898690745,      -6.187239866,      -7.687013481,      -6.193162984,      -9.104903154
          0,           0,         345,      -7.899343353,      -6.189375136,      -7.690016441,      -6.195343952,      -9.101815561
          0,           0,         346,      -7.899981269,      -6.191501853,      -7.693014903,       -6.19751759,       -9.09874338
          0,           0,         347,      -7.900605682,      -6.193619786,      -7.696008884,      -6.199683495,      -9.095689308
          0,           0,         348,      -7.901217395,      -6.195728713,      -7.698998562,      -6.201841593,      -9.092651018
          0,           0,         349,      -7.901816628,      -6.197828475,      -7.701982296,      -6.203992152,      -9.089627115
          0,           0,         350,      -7.902404366,      -6.199918869,      -7.704959351,      -6.206134906,      -9.086618961
          0,           0,         351,      -7.902980994,      -6.201999703,      -7.707928692,      -6.208269796,      -9.083628791
          0,           0,         352,      -7.903546632,      -6.204070822,      -7.710888571,      -6.210396792,      -9.080652885
          0,           0,         353,      -7.904101777,       -6.20613204,      -7.713838039,       -6.21251556,      -9.077690724
          0,           0,         354,      -7.904646474,      -6.208183173,      -7.716775911,      -6.214625801,      -9.074743775
          0,           0,         355,       -7.90518077,      -6.210224058,      -7.719700846,      -6.216727386,      -9.071811548
          0,           0,         356,      -7.905704745,      -6.212254525,      -7.722611686,      -6.218820067,      -9.068893871
          0,           0,         357,      -7.906218247,        -6.2142744,      -7.725507099,      -6.220903519,      -9.065989765
          0,           0,         358,      -7.906721077,      -6.216283534,      -7.728385444,      -6.222977537,      -9.063096439
          0,           0,         359,      -7.907213075,      -6.218281769,      -7.731245444,       -6.22504177,      -9.060218391
          0,           0,         360,      -7.907694089,       -6.22026895,       -7.73408615,      -6.227095809,      -9.057353758
          0,           0,         361,      -7.908164138,      -6.222244918,      -7.736906978,      -6.229139311,      -9.054501949
          0,           0,         362,      -7.908623091,      -6.224209539,      -7.739707153,      -6.231172093,      -9.051663246
          0,           0,         363,       -7.90907091,      -6.226162682,      -7.742485742,      -6.233193924,      -9.048837074
          0,           0,         364,      -7.909507785,      -6.228104205,      -7.745242414,      -6.235204535,      -9.046025755
          0,           0,         365,       -7.90993364,      -6.230033998,      -7.747976173,       -6.23720392,      -9.043228632
          0,           0,         366,      -7.910348668,      -6.231951941,      -7.750686623,      -6.239191774,      -9.040444396
          0,           0,         367,      -7.910753201,      -6.233857913,      -7.753374155,      -6.241167891,       -9.03767456
          0,           0,         368,      -7.911147394,      -6.235751813,      -7.756038505,      -6.243132135,      -9.034918348
          0,           0,         369,        -7.9115316,      -6.237633542,      -7.758679766,      -6.245084407,      -9.032176372
          0,           0,         370,      -7.911906172,      -6.239503012,       -7.76129828,      -6.247024705,      -9.029448114
          0,           0,         371,      -7.912271455,      -6.241360135,      -7.763894094,      -6.248952884,      -9.026732643
          0,           0,         372,      -7.912627889,      -6.243204848,        -7.7664672,      -6.250869078,       -9.02403052
          0,           0,         373,      -7.912975908,      -6.245037077,      -7.769017816,      -6.252773194,      -9.021341939
          0,           0,         374,       -7.91331574,      -6.246856761,      -7.771546035,       -6.25466514,      -9.018665036
          0,           0,         375,       -7.91364784,      -6.248663834,      -7.774052519,      -6.256544834,       -9.01600219
          0,           0,         376,      -7.913972518,      -6.250458233,      -7.776537851,      -6.258412225,      -9.013353328
          0,           0,         377,      -7.914289952,      -6.252239908,      -7.779002268,      -6.260267279,      -9.010718715
          0,           0,         378,      -7.914600411,      -6.254008812,      -7.781446081,       -6.26210993,      -9.008097516
          0,           0,         379,      -7.914904184,      -6.255764897,      -7.783869723,      -6.263940091,      -9.005490556
          0,           0,         380,      -7.915201306,      -6.257508152,      -7.786272734,      -6.265757908,      -9.002895853
          0,           0,         381,      -7.915491973,      -6.259238553,      -7.788655148,      -6.267563128,      -9.000315679
          0,           0,         382,      -7.915776389,      -6.260956084,      -7.791017574,      -6.269355654,      -8.997748724
          0,           0,         383,       -7.91605462,      -6.262660735,      -7.793360038,       -6.27113536,      -8.995196564
          0,           0,         384,      -7.916326753,      -6.264352514,      -7.795682235,      -6.272902234,      -8.992656557
          0,           0,         385,      -7.916592903,      -6.266031429,      -7.797984041,      -6.274656208,      -8.990129276
          0,           0,         386,      -7.916853108,      -6.267697486,      -7.800264904,      -6.276397179,      -8.987614616
          0,           0,         387,      -7.917107576,      -6.269350697,      -7.802524331,      -6.278125148,      -8.985115622
          0,           0,         388,      -7.917356411,      -6.270991091,      -7.804761665,      -6.279840235,      -8.982628861
          0,           0,         389,      -7.917599598,      -6.272618688,      -7.806975768,      -6.281542187,      -8.980156344
          0,           0,         390,      -7.917837282,      -6.274233517,       -7.80916593,      -6.283230985,      -8.977699539
          0,           0,         391,      -7.918069704,       -6.27583561,      -7.811331699,      -6.284906579,      -8.975258421
          0,           0,         392,      -7.918296985,      -6.277425005,      -7.813471883,      -6.286568977,      -8.972833617
          0,           0,         393,      -7.918519338,      -6.279001758,      -7.815585295,      -6.288218235,      -8.970424375
          0,           0,         394,      -7.918737021,      -6.280565918,      -7.817670948,      -6.289854381,      -8.968031277
          0,           0,         395,      -7.918950258,      -6.282117542,      -7.819727366,      -6.291477414,      -8.965652777
          0,           0,         396,      -7.919159261,      -6.283656728,       -7.82175275,      -6.293087672,      -8.963291499
          0,           0,         397,      -7.919364321,      -6.285183544,      -7.823745657,      -6.294685028,      -8.960947263
          0,           0,         398,      -7.919565684,      -6.286698076,      -7.825704973,      -6.296269589,       -8.95862066
          0,           0,         399,      -7.919763622,      -6.288200409,      -7.827629404,      -6.297841392,      -8.956312055
          0,           0,         400,      -7.919958497,      -6.289690631,      -7.829517677,      -6.299400555,      -8.954021841
          0,           0,         401,      -7.920150583,      -6.291168833,        -7.8313683,      -6.300947213,      -8.951751058
          0,           0,         402,      -7.920340089,      -6.292635125,       -7.83317935,      -6.302481541,      -8.949500637
          0,           0,         403,      -7.920527312,      -6.294089599,      -7.834949361,      -6.304003545,       -8.94726809
          0,           0,         404,       -7.92071261,      -6.295532362,      -7.836677026,      -6.305513458,       -8.94505548
          0,           0,         405,      -7.920896135,      -6.296963555,      -7.838360391,      -6.307011539,      -8.942863448
          0,           0,         406,      -7.921078092,      -6.298383286,      -7.839997796,      -6.308497639,      -8.940693143
          0,           0,         407,      -7.921258747,      -6.299791684,      -7.841588144,      -6.309971915,      -8.938543288
          0,           0,         408,      -7.921438194,      -6.301188889,      -7.843129963,      -6.311434487,      -8.936415996
          0,           0,         409,      -7.921616706,      -6.302575019,      -7.844621799,      -6.312885369,      -8.934307349
          0,           0,         410,      -7.921794425,      -6.303950236,      -7.846062101,      -6.314324866,      -8.932220896
          0,           0,         411,      -7.921971546,      -6.305314661,      -7.847449689,      -6.315752896,      -8.930158526
          0,           0,         412,      -7.922148239,      -6.306668423,      -7.848783096,       -6.31716958,      -8.928120107
          0,           0,         413,       -7.92232462,      -6.308011713,      -7.850060507,      -6.318575366,      -8.926106317
          0,           0,         414,      -7.922500976,      -6.309344642,      -7.851280785,      -6.319969993,      -8.924118267
          0,           0,         415,       -7.92267735,      -6.310667391,      -7.852442463,      -6.321353856,      -8.922156489
          0,           0,         416,      -7.922853921,      -6.311980109,      -7.853544415,      -6.322726857,      -8.920221257
          0,           0,         417,      -7.923031009,      -6.313282916,      -7.854586161,       -6.32408899,      -8.918312556
          0,           0,         418,      -7.923208715,      -6.314576026,      -7.855566614,      -6.325440854,      -8.916429382
          0,           0,         419,      -7.923387249,      -6.315859572,      -7.856484386,      -6.326782176,       -8.91457232
          0,           0,         420,      -7.923566813,      -6.317133723,      -7.857338693,      -6.328113243,      -8.912742962
          0,           0,         421,      -7.923747578,      -6.318398682,      -7.858128706,      -6.329434393,       -8.91094273
          0,           0,         422,      -7.923929802,      -6.319654606,      -7.858853786,      -6.330745608,      -8.909171552
          0,           0,         423,      -7.924113661,      -6.320901706,      -7.859513303,      -6.332047253,      -8.907429768
          0,           0,         424,      -7.924299458,      -6.322140183,        -7.8601068,      -6.333339488,      -8.905716487
          0,           0,         425,       -7.92448741,      -6.323370189,      -7.860634415,      -6.334622233,      -8.904031487
          0,           0,         426,      -7.924677652,      -6.324591949,      -7.861095714,      -6.335895952,      -8.902377303
          0,           0,         427,      -7.924870543,      -6.325805642,      -7.861490848,      -6.337160713,      -8.900752853
          0,           0,         428,      -7.925066279,      -6.327011449,      -7.861819989,      -6.338416771,      -8.899158764
          0,           0,         429,      -7.925265083,      -6.328209556,      -7.862083326,      -6.339664305,      -8.897595248
          0,           0,         430,      -7.925467177,      -6.329400145,      -7.862281266,      -6.340903532,      -8.896061407
          0,           0,         431,      -7.925672686,      -6.330583407,      -7.862414281,      -6.342134696,      -8.894556327
          0,           0,         432,      -7.925881874,      -6.331759528,      -7.862483344,      -6.343357931,      -8.893081868
          0,           0,         433,      -7.926094825,      -6.332928716,      -7.862489018,      -6.344573492,      -8.891637163
          0,           0,         434,      -7.926311665,      -6.334091156,      -7.862432063,      -6.345781414,      -8.890223258
          0,           0,         435,      -7.926532592,      -6.335247034,      -7.862313862,       -6.34698186,      -8.888840721
          0,           0,         436,      -7.926757715,      -6.336396551,      -7.862136082,      -6.348175071,      -8.887488765
          0,           0,         437,      -7.926987182,      -6.337539898,      -7.861900003,      -6.349361191,      -8.886166653
          0,           0,         438,       -7.92722118,      -6.338677265,      -7.861607066,      -6.350540406,      -8.884874412
          0,           0,         439,      -7.927459803,      -6.339808856,      -7.861258814,      -6.351712981,      -8.883613151
          0,           0,         440,      -7.927703214,      -6.340934863,      -7.860856848,      -6.352879029,      -8.882382069
          0,           0,         441,      -7.927951449,      -6.342055512,      -7.860402765,      -6.354038935,       -8.88118066
          0,           0,         442,      -7.928204642,      -6.343170995,      -7.859898604,      -6.355192678,      -8.880007893
          0,           0,         443,      -7.928462977,      -6.344281506,      -7.859346608,      -6.356340509,      -8.878864691
          0,           0,         444,      -7.928726486,      -6.345387235,      -7.858748754,       -6.35748257,      -8.877750345
          0,           0,         445,      -7.928995269,      -6.346488381,      -7.858106895,      -6.358619132,      -8.876666038
          0,           0,         446,      -7.929269451,      -6.347585104,      -7.857423401,      -6.359750204,      -8.875610229
          0,           0,         447,      -7.929549168,       -6.34867758,      -7.856700616,        -6.3608761,      -8.874582999
          0,           0,         448,      -7.929834508,      -6.349765984,      -7.855940521,      -6.361996985,      -8.873583217
          0,           0,         449,      -7.930125523,      -6.350850478,      -7.855145352,      -6.363113041,      -8.872610143
          0,           0,         450,      -7.930422357,      -6.351931232,      -7.854317428,       -6.36422447,      -8.871664692
          0,           0,         451,      -7.930725097,      -6.353008424,      -7.853459294,      -6.365331524,      -8.870746305
          0,           0,         452,      -7.931033699,      -6.354082225,      -7.852573327,      -6.366434271,      -8.869854952
          0,           0,         453,      -7.931348263,       -6.35515281,      -7.851661864,      -6.367532915,      -8.868989879
          0,           0,         454,      -7.931668891,       -6.35622033,      -7.850727279,      -6.368627513,      -8.868150179
          0,           0,         455,      -7.931995632,      -6.357284978,      -7.849771864,      -6.369718486,      -8.867336147
          0,           0,         456,      -7.932328456,      -6.358346892,      -7.848797757,      -6.370805734,      -8.866546963
          0,           0,         457,      -7.932667481,      -6.359406247,      -7.847807515,      -6.371889631,      -8.865782295
          0,           0,         458,      -7.933012784,      -6.360463193,      -7.846803504,      -6.372970291,      -8.865042045
          0,           0,         459,      -7.933364469,      -6.361517862,      -7.845788138,      -6.374047853,      -8.864326279
          0,           0,         460,      -7.933722464,      -6.362570423,      -7.844763617,      -6.375122644,      -8.863634484
          0,           0,         461,      -7.934086824,      -6.363621022,      -7.843731923,      -6.376194783,      -8.862965684
          0,           0,         462,      -7.934457519,      -6.364669799,      -7.842695296,      -6.377264358,       -8.86232002
          0,           0,         463,      -7.934834501,      -6.365716861,      -7.841655993,      -6.378331452,      -8.861697678
          0,           0,         464,      -7.935217745,      -6.366762339,      -7.840616115,      -6.379396248,      -8.861098289
          0,           0,         465,      -7.935607275,      -6.367806333,      -7.839577652,       -6.38045886,      -8.860521492
          0,           0,         466,      -7.936003054,      -6.368848946,      -7.838542466,       -6.38151943,      -8.859965839
          0,           0,         467,      -7.936405039,      -6.369890272,      -7.837512543,      -6.382578041,      -8.859430348
          0,           0,         468,      -7.936813162,      -6.370930391,      -7.836489705,      -6.383634766,      -8.858913757
          0,           0,         469,      -7.937227358,      -6.371969433,      -7.835475556,      -6.384689923,      -8.858417455
          0,           0,         470,      -7.937647644,      -6.373007463,      -7.834471815,      -6.385743396,       -8.85794158
          0,           0,         471,      -7.938073908,      -6.374044617,      -7.833480348,       -6.38679559,      -8.857485096
          0,           0,         472,      -7.938506052,      -6.375080973,      -7.832502628,      -6.387846349,       -8.85704754
          0,           0,         473,       -7.93894404,      -6.376116614,      -7.831540216,      -6.388895833,       -8.85662895
          0,           0,         474,      -7.939387753,      -6.377151637,       -7.83059463,      -6.389944205,      -8.856228752
          0,           0,         475,      -7.939837151,      -6.378186091,      -7.829667385,      -6.390991414,      -8.855847089
          0,           0,         476,      -7.940292166,      -6.379220064,      -7.828759777,      -6.392037735,      -8.855482654
          0,           0,         477,      -7.940752659,      -6.380253619,      -7.827872642,      -6.393083206,      -8.855136098
          0,           0,         478,      -7.941218525,      -6.381286815,      -7.827007069,      -6.394127907,      -8.854806681
          0,           0,         479,       -7.94168971,      -6.382319683,       -7.82616421,      -6.395171848,      -8.854495449
          0,           0,         480,      -7.942166089,      -6.383352287,       -7.82534521,      -6.396215289,      -8.854201168
          0,           0,         481,      -7.942647531,      -6.384384681,      -7.824551056,        -6.3972582,      -8.853921231
          0,           0,         482,      -7.943133934,      -6.385416903,      -7.823782676,      -6.398300674,      -8.853656921
          0,           0,         483,      -7.943625134,      -6.386448979,      -7.823041003,       -6.39934272,      -8.853407385
          0,           0,         484,      -7.944121051,      -6.387480931,      -7.822326855,      -6.400384388,      -8.853173245
          0,           0,         485,      -7.944621474,       -6.38851278,      -7.821640803,      -6.401425752,      -8.852953979
          0,           0,         486,      -7.945126244,      -6.389544544,      -7.820983453,      -6.402466807,      -8.852749517
          0,           0,         487,      -7.945635273,      -6.390576224,      -7.820355548,      -6.403507613,      -8.852558391
          0,           0,         488,      -7.946148439,      -6.391607836,        -7.8197576,      -6.404548263,      -8.852381467
          0,           0,         489,       -7.94666551,      -6.392639372,      -7.819190107,       -6.40558871,       -8.85221877
          0,           0,         490,      -7.947186333,      -6.393670845,      -7.818653483,      -6.406629023,      -8.852069995
          0,           0,         491,      -7.947710771,      -6.394702266,        -7.8181482,      -6.407669264,      -8.851935422
          0,           0,         492,      -7.948238608,      -6.395733649,      -7.817674806,      -6.408709439,      -8.851813969
          0,           0,         493,      -7.948769681,      -6.396764972,        -7.8172336,      -6.409749463,      -8.851703014
          0,           0,         494,      -7.949303781,      -6.397796257,      -7.816824857,      -6.410789474,      -8.851604445
          0,           0,         495,      -7.949840731,      -6.398827474,      -7.816448749,      -6.411829355,      -8.851518141
          0,           0,         496,      -7.950380384,      -6.399858625,      -7.816105491,      -6.412869253,      -8.851443999
          0,           0,         497,      -7.950922541,      -6.400889668,      -7.815795285,      -6.413909011,      -8.851382308
          0,           0,         498,       -7.95146699,      -6.401920583,      -7.815518359,      -6.414948706,       -8.85133246
          0,           0,         499,      -7.952013588,      -6.402951353,       -7.81527476,      -6.415988392,      -8.851294622
          0,           0,         500,       -7.95256217,      -6.403981934,      -7.815064494,      -6.417027969,      -8.851268355
          0,           0,         501,      -7.953112541,       -6.40501232,      -7.814887684,      -6.418067572,      -8.851251218
          0,           0,         502,       -7.95366448,      -6.406042503,      -7.814744236,      -6.419107118,      -8.851243487
          0,           0,         503,      -7.954217747,      -6.407072442,      -7.814634055,      -6.420146536,       -8.85124624
          0,           0,         504,      -7.954772144,      -6.408102122,      -7.814557135,      -6.421185886,       -8.85125785
          0,           0,         505,      -7.955327499,      -6.409131485,      -7.814513452,       -6.42222502,      -8.851279639
          0,           0,         506,      -7.955883651,      -6.410160479,      -7.814503032,      -6.423263948,       -8.85131115
          0,           0,         507,       -7.95644046,      -6.411189074,      -7.814525701,      -6.424302762,      -8.851352408
          0,           0,         508,      -7.956997708,      -6.412217226,      -7.814581211,      -6.425341399,      -8.851402385
          0,           0,         509,       -7.95755523,      -6.413244861,      -7.814669299,      -6.426379693,      -8.851462074
          0,           0,         510,      -7.958112858,      -6.414271943,      -7.814789906,      -6.427417771,      -8.851531713
          0,           0,         511,      -7.958670421,      -6.415298415,      -7.814942718,       -6.42845552,      -8.851610421
          0,           0,         512,      -7.959227681,       -6.41632425,      -7.815127424,      -6.429492951,      -8.851696518
          0,           0,         513,      -7.959784461,       -6.41734943,      -7.815343873,      -6.430530072,      -8.851790111
          0,           0,         514,       -7.96034056,      -6.418373881,      -7.815591805,      -6.431566666,      -8.851891103
          0,           0,         515,       -7.96089583,      -6.419397553,      -7.815870951,      -6.432602769,      -8.851998241
          0,           0,         516,       -7.96145008,        -6.4204204,      -7.816181034,      -6.433638376,      -8.852113135
          0,           0,         517,      -7.962003102,      -6.421442348,      -7.816521733,      -6.434673303,        -8.8522358
          0,           0,         518,      -7.962554773,      -6.422463342,      -7.816892745,      -6.435707591,      -8.852365727
          0,           0,         519,      -7.963105006,      -6.423483323,      -7.817293689,      -6.436741221,      -8.852502516
          0,           0,         520,      -7.963653616,      -6.424502231,      -7.817724126,      -6.437774142,      -8.852646574
          0,           0,         521,      -7.964200427,      -6.425520014,      -7.818183552,       -6.43880629,      -8.852797354
          0,           0,         522,      -7.964745257,      -6.426536614,        -7.8186716,      -6.439837567,      -8.852955338
          0,           0,         523,      -7.965287999,       -6.42755199,      -7.819188033,      -6.440867977,      -8.853119932
          0,           0,         524,      -7.965828512,      -6.428566101,      -7.819732446,      -6.441897477,      -8.853290222
          0,           0,         525,      -7.966366637,       -6.42957887,      -7.820304472,      -6.442925904,      -8.853465967
          0,           0,         526,      -7.966902252,      -6.430590226,      -7.820903753,       -6.44395323,      -8.853647914
          0,           0,         527,      -7.967435224,      -6.431600134,      -7.821529821,      -6.444979474,      -8.853835665
          0,           0,         528,      -7.967965468,      -6.432608516,      -7.822182154,      -6.446004515,      -8.854029583
          0,           0,         529,      -7.968492816,      -6.433615308,      -7.822860229,       -6.44702827,      -8.854229196
          0,           0,         530,      -7.969017164,       -6.43462045,      -7.823563637,      -6.448050709,      -8.854434744
          0,           0,         531,      -7.969538393,       -6.43562388,       -7.82429186,      -6.449071745,      -8.854646019
          0,           0,         532,      -7.970056453,      -6.436625543,      -7.825044447,      -6.450091381,      -8.854862573
          0,           0,         533,       -7.97057128,      -6.437625407,      -7.825820976,      -6.451109601,       -8.85508461
          0,           0,         534,      -7.971082752,      -6.438623418,      -7.826620973,      -6.452126272,      -8.855310687
          0,           0,         535,      -7.971590759,      -6.439619529,      -7.827444054,      -6.453141358,      -8.855542022
          0,           0,         536,      -7.972095218,      -6.440613692,      -7.828289816,      -6.454154826,      -8.855778363
          0,           0,         537,      -7.972596037,      -6.441605841,      -7.829157763,      -6.455166552,      -8.856019479
          0,           0,         538,      -7.973093159,      -6.442595917,      -7.830047416,      -6.456176493,      -8.856264789
          0,           0,         539,      -7.973586536,      -6.443583863,       -7.83095825,      -6.457184619,      -8.856514849
          0,           0,         540,      -7.974076116,      -6.444569623,      -7.831889727,       -6.45819089,      -8.856768163
          0,           0,         541,      -7.974561806,      -6.445553167,      -7.832841296,      -6.459195267,      -8.857026263
          0,           0,         542,      -7.975043563,      -6.446534438,      -7.833812498,      -6.460197645,      -8.857289007
          0,           0,         543,      -7.975521324,       -6.44751338,      -7.834802961,      -6.461197948,      -8.857555089
          0,           0,         544,      -7.975995103,      -6.448489977,      -7.835812201,      -6.462196237,      -8.857825636
          0,           0,         545,      -7.976464822,      -6.449464201,      -7.836839808,      -6.463192453,      -8.858099836
          0,           0,         546,      -7.976930423,       -6.45043601,      -7.837885363,      -6.464186495,      -8.858377897
          0,           0,         547,      -7.977391886,      -6.451405375,      -7.838948434,      -6.465178356,      -8.858660159
          0,           0,         548,      -7.977849187,      -6.452372234,      -7.840028473,      -6.466167939,      -8.858946936
          0,           0,         549,       -7.97830231,      -6.453336554,      -7.841124974,      -6.467155263,      -8.859237907
          0,           0,         550,      -7.978751225,      -6.454298277,      -7.842237506,      -6.468140214,      -8.859533086
          0,           0,         551,      -7.979195918,      -6.455257353,      -7.843365645,      -6.469122726,      -8.859831451
          0,           0,         552,      -7.979636428,      -6.456213741,      -7.844508953,      -6.470102811,      -8.860133696
          0,           0,         553,      -7.980072782,      -6.457167416,      -7.845667042,      -6.471080486,      -8.860439686
          0,           0,         554,      -7.980504962,      -6.458118343,      -7.846839344,      -6.472055655,      -8.860749262
          0,           0,         555,      -7.980932957,      -6.459066489,      -7.848025473,      -6.473028275,      -8.861061267
          0,           0,         556,      -7.981356734,      -6.460011854,      -7.849225128,      -6.473998341,      -8.861376569
          0,           0,         557,      -7.981776288,      -6.460954418,       -7.85043792,      -6.474965828,      -8.861695942
          0,           0,         558,      -7.982191618,      -6.461894147,      -7.851663381,      -6.475930645,      -8.862019071
          0,           0,         559,      -7.982602736,      -6.462831006,      -7.852901072,      -6.476892761,      -8.862343708
          0,           0,         560,      -7.983009682,      -6.463764947,      -7.854150562,      -6.477852136,      -8.862671445
          0,           0,         561,      -7.983412483,       -6.46469595,      -7.855411448,      -6.478808796,      -8.863002628
          0,           0,         562,      -7.983811157,      -6.465623976,      -7.856683276,      -6.479762656,      -8.863335634
          0,           0,         563,      -7.984205728,      -6.466548984,      -7.857965758,      -6.480713662,      -8.863670807
          0,           0,         564,       -7.98459623,      -6.467470945,      -7.859258573,       -6.48166178,      -8.864009052
          0,           0,         565,       -7.98498274,      -6.468389826,      -7.860561337,      -6.482607033,      -8.864350125
          0,           0,         566,      -7.985365294,       -6.46930562,      -7.861873714,       -6.48354945,      -8.864694615
          0,           0,         567,        -7.9857439,      -6.470218327,      -7.863195365,      -6.484488964,      -8.865042026
          0,           0,         568,      -7.986118559,       -6.47112792,      -7.864525933,      -6.485425504,      -8.865392349
          0,           0,         569,        -7.9864893,       -6.47203437,      -7.865865008,      -6.486359024,      -8.865745436
          0,           0,         570,      -7.986856176,      -6.472937661,      -7.867212257,      -6.487289557,      -8.866101155
          0,           0,         571,      -7.987219221,      -6.473837768,      -7.868567338,      -6.488217046,      -8.866457171
          0,           0,         572,      -7.987578423,      -6.474734654,      -7.869929986,       -6.48914141,      -8.866815092
          0,           0,         573,      -7.987933859,      -6.475628276,      -7.871299877,      -6.490062623,      -8.867175358
          0,           0,         574,      -7.988285626,      -6.476518635,      -7.872676767,      -6.490980794,      -8.867538361
          0,           0,         575,      -7.988633734,      -6.477405699,      -7.874060272,        -6.4918958,      -8.867904126
          0,           0,         576,      -7.988978256,      -6.478289444,      -7.875450103,      -6.492807631,      -8.868272065
          0,           0,         577,      -7.989319209,      -6.479169834,      -7.876846057,      -6.493716223,      -8.868641891
          0,           0,         578,      -7.989656647,      -6.480046864,      -7.878247918,      -6.494621601,      -8.869014305
          0,           0,         579,      -7.989990615,      -6.480920532,      -7.879655457,      -6.495523756,      -8.869389252
          0,           0,         580,      -7.990321148,      -6.481790808,      -7.881068361,      -6.496422601,      -8.869765787
          0,           0,         581,      -7.990648295,      -6.482657667,      -7.882486365,      -6.497318124,      -8.870143431
          0,           0,         582,      -7.990972118,      -6.483521091,      -7.883909163,      -6.498210331,      -8.870522651
          0,           0,         583,      -7.991292625,       -6.48438108,      -7.885336533,      -6.499099208,      -8.870904247
          0,           0,         584,      -7.991609879,      -6.485237614,      -7.886768258,      -6.499984701,       -8.87128794
          0,           0,         585,      -7.991923926,      -6.486090663,      -7.888204232,       -6.50086677,       -8.87167353
          0,           0,         586,      -7.992234822,      -6.486940197,      -7.889644237,      -6.501745399,      -8.872059149
          0,           0,         587,      -7.992542654,      -6.487786219,      -7.891088059,      -6.502620676,      -8.872446088
          0,           0,         588,      -7.992847472,      -6.488628714,      -7.892535539,      -6.503492553,      -8.872834788
          0,           0,         589,      -7.993149291,       -6.48946765,      -7.893986461,      -6.504360943,      -8.873224393
          0,           0,         590,      -7.993448139,      -6.490302999,      -7.895440689,      -6.505225802,      -8.873612469
          0,           0,         591,      -7.993744078,      -6.491134761,       -7.89689799,      -6.506087156,      -8.874001254
          0,           0,         592,      -7.994037128,      -6.491962917,      -7.898358217,      -6.506944936,      -8.874391171
          0,           0,         593,      -7.994327336,      -6.492787439,      -7.899821205,       -6.50779909,      -8.874782249
          0,           0,         594,       -7.99461474,      -6.493608301,      -7.901286857,      -6.508649601,      -8.875174776
          0,           0,         595,      -7.994899438,      -6.494425515,       -7.90275503,      -6.509496558,      -8.875568651
          0,           0,         596,       -7.99518148,      -6.495239101,      -7.904225653,      -6.510339973,      -8.875963883
          0,           0,         597,       -7.99546088,      -6.496049029,      -7.905698535,      -6.511179744,      -8.876360455
          0,           0,         598,      -7.995737702,      -6.496855275,      -7.907173545,      -6.512015884,      -8.876758061
          0,           0,         599,       -7.99601199,      -6.497657825,      -7.908650617,      -6.512848387,      -8.877156014
          0,           0,         600,      -7.996283806,      -6.498456679,        -7.9101297,      -6.513677273,      -8.877554547
          0,           0,         601,      -7.996553167,      -6.499251808,      -7.911610733,      -6.514502453,      -8.877953565
          0,           0,         602,      -7.996820121,      -6.500043172,      -7.913093568,      -6.515323882,       -8.87835316
          0,           0,         603,      -7.997084705,      -6.500830759,      -7.914578072,      -6.516141556,      -8.878753392
          0,           0,         604,      -7.997346934,      -6.501614574,      -7.916064108,      -6.516955466,      -8.879154358
          0,           0,         605,      -7.997606841,      -6.502394597,      -7.917551591,       -6.51776555,      -8.879555854
          0,           0,         606,      -7.997864458,       -6.50317082,      -7.919040479,      -6.518571807,      -8.879957394
          0,           0,         607,       -7.99811983,      -6.503943232,      -7.920530752,      -6.519374224,      -8.880358943
          0,           0,         608,      -7.998373012,      -6.504711851,      -7.922022397,      -6.520172839,      -8.880759548
          0,           0,         609,      -7.998624058,       -6.50547667,      -7.923515347,      -6.520967656,      -8.881159953
          0,           0,         610,      -7.998873042,      -6.506237683,       -7.92500953,      -6.521758705,       -8.88156034
          0,           0,         611,      -7.999119994,      -6.506994879,      -7.926504893,      -6.522545958,      -8.881960273
          0,           0,         612,      -7.999364948,      -6.507748269,      -7.928001412,      -6.523329429,      -8.882360437
          0,           0,         613,      -7.999607904,      -6.508497835,      -7.929499056,      -6.524109038,      -8.882760801
          0,           0,         614,      -7.999848892,      -6.509243541,      -7.930997758,      -6.524884737,      -8.883161275
          0,           0,         615,      -8.000087941,      -6.509985365,      -7.932497461,      -6.525656516,      -8.883561713
          0,           0,         616,      -8.000325066,      -6.510723293,      -7.933998104,      -6.526424335,      -8.883961636
          0,           0,         617,      -8.000560317,      -6.511457314,      -7.935499656,      -6.527188206,      -8.884360388
          0,           0,         618,      -8.000793745,      -6.512187434,      -7.937002061,      -6.527948167,       -8.88475917
          0,           0,         619,      -8.001025348,      -6.512913644,      -7.938505317,      -6.528704135,      -8.885157701
          0,           0,         620,       -8.00125517,      -6.513635944,      -7.940009415,      -6.529456131,       -8.88555605
          0,           0,         621,      -8.001483259,      -6.514354349,      -7.941514346,        -6.5302042,       -8.88595325
          0,           0,         622,      -8.001709633,      -6.515068854,      -7.943020086,      -6.530948317,      -8.886348984
          0,           0,         623,      -8.001934337,      -6.515779461,       -7.94452662,      -6.531688512,      -8.886744455
          0,           0,         624,      -8.002157383,      -6.516486171,      -7.946033984,      -6.532424752,        -8.8871396
          0,           0,         625,      -8.002378816,      -6.517188991,      -7.947542142,      -6.533157062,        -8.8875334
          0,           0,         626,       -8.00259865,      -6.517887912,      -7.949051014,      -6.533885411,      -8.887926473
          0,           0,         627,      -8.002816904,      -6.518582924,      -7.950560543,      -6.534609779,       -8.88831923
          0,           0,         628,      -8.003033577,      -6.519274003,      -7.952070672,      -6.535330108,      -8.888711838
          0,           0,         629,       -8.00324871,       -6.51996114,      -7.953581392,      -6.536046414,      -8.889103741
          0,           0,         630,      -8.003462322,      -6.520644325,      -7.955092721,      -6.536758689,      -8.889495077
          0,           0,         631,      -8.003674448,       -6.52132355,      -7.956604689,      -6.537466921,      -8.889886049
          0,           0,         632,      -8.003885138,       -6.52199881,      -7.958117268,      -6.538171129,      -8.890276747
          0,           0,         633,      -8.004094428,      -6.522670114,      -7.959630397,      -6.538871341,      -8.890667117
          0,           0,         634,      -8.004302322,      -6.523337464,      -7.961144034,      -6.539567526,      -8.891057279
          0,           0,         635,      -8.004508854,      -6.524000875,      -7.962658169,      -6.540259722,      -8.891447008
          0,           0,         636,      -8.004714019,      -6.524660352,       -7.96417288,      -6.540947884,      -8.891836118
          0,           0,         637,       -8.00491784,      -6.525315905,      -7.965688162,      -6.541632035,      -8.892224509
          0,           0,         638,      -8.005120316,      -6.525967543,      -7.967203983,      -6.542312168,       -8.89261146
          0,           0,         639,       -8.00532145,      -6.526615255,      -7.968720296,      -6.542988257,      -8.892997796
          0,           0,         640,      -8.005521286,      -6.527259052,      -7.970237038,      -6.543660348,      -8.893383698
          0,           0,         641,      -8.005719834,      -6.527898932,      -7.971754101,      -6.544328418,      -8.893769084
          0,           0,         642,      -8.005917108,      -6.528534879,      -7.973271499,      -6.544992438,      -8.894153746
          0,           0,         643,      -8.006113147,      -6.529166911,      -7.974789294,       -6.54565245,      -8.894537707
          0,           0,         644,       -8.00630796,      -6.529795006,      -7.976307478,      -6.546308399,      -8.894919727
          0,           0,         645,      -8.006501587,      -6.530419149,      -7.977826054,      -6.546960309,      -8.895300899
          0,           0,         646,      -8.006694048,      -6.531039348,      -7.979345024,        -6.5476082,       -8.89568109
          0,           0,         647,       -8.00688538,      -6.531655599,      -7.980864365,      -6.548252096,      -8.896059639
          0,           0,         648,      -8.007075598,      -6.532267926,      -7.982384082,      -6.548892008,      -8.896436778
          0,           0,         649,      -8.007264697,      -6.532876345,      -7.983904127,      -6.549527916,      -8.896812948
          0,           0,         650,      -8.007452663,      -6.533480853,      -7.985424462,      -6.550159778,      -8.897188432
          0,           0,         651,       -8.00763951,      -6.534081469,      -7.986945108,      -6.550787618,      -8.897562656
          0,           0,         652,      -8.007825244,      -6.534678196,      -7.988466053,      -6.551411425,      -8.897935879
          0,           0,         653,      -8.008009891,      -6.535271038,      -7.989987258,      -6.552031226,      -8.898308072
          0,           0,         654,       -8.00819346,      -6.535860012,      -7.991508698,      -6.552647046,      -8.898679364
          0,           0,         655,      -8.008375975,      -6.536445125,      -7.993030397,      -6.553258899,       -8.89904958
          0,           0,         656,      -8.008557451,       -6.53702639,      -7.994552345,      -6.553866795,      -8.899418775
          0,           0,         657,      -8.008737896,      -6.537603803,      -7.996074493,      -6.554470718,      -8.899786734
          0,           0,         658,      -8.008917332,      -6.538177353,      -7.997596847,      -6.555070669,      -8.900153692
          0,           0,         659,      -8.009095779,      -6.538747046,       -7.99911943,       -6.55566667,      -8.900519619
          0,           0,         660,       -8.00927325,       -6.53931288,      -8.000642253,      -6.556258711,      -8.900884333
          0,           0,         661,      -8.009449737,      -6.539874853,      -8.002165335,      -6.556846761,      -8.901247769
          0,           0,         662,      -8.009625249,      -6.540432977,      -8.003688654,      -6.557430832,      -8.901610195
          0,           0,         663,      -8.009799818,      -6.540987263,      -8.005212179,      -6.558010968,      -8.901971212
          0,           0,         664,      -8.009973439,      -6.541537734,      -8.006735895,      -6.558587151,       -8.90232972
          0,           0,         665,      -8.010146116,      -6.542084406,      -8.008259761,      -6.559159386,      -8.902686709
          0,           0,         666,      -8.010317852,      -6.542627286,      -8.009783729,      -6.559727688,      -8.903042331
          0,           0,         667,       -8.01048865,      -6.543166395,      -8.011307827,      -6.560292061,       -8.90339635
          0,           0,         668,      -8.010658523,      -6.543701748,      -8.012832106,      -6.560852531,      -8.903748904
          0,           0,         669,      -8.010827483,      -6.544233352,       -8.01435661,      -6.561409105,      -8.904099711
          0,           0,         670,      -8.010995549,      -6.544761226,      -8.015881331,       -6.56196182,      -8.904449063
          0,           0,         671,      -8.011162749,      -6.545285372,      -8.017406228,      -6.562510711,       -8.90479687
          0,           0,         672,      -8.011329078,      -6.545805807,      -8.018931276,      -6.563055763,      -8.905143303
          0,           0,         673,      -8.011494518,      -6.546322525,      -8.020456453,      -6.563596931,      -8.905488163
          0,           0,         674,      -8.011659069,      -6.546835534,       -8.02198178,      -6.564134216,      -8.905831516
          0,           0,         675,      -8.011822742,      -6.547344834,      -8.023507232,      -6.564667623,      -8.906173067
          0,           0,         676,      -8.011985537,      -6.547850426,      -8.025032779,      -6.565197152,      -8.906512783
          0,           0,         677,      -8.012147451,      -6.548352321,       -8.02655843,      -6.565722797,      -8.906850906
          0,           0,         678,      -8.012308513,      -6.548850531,      -8.028084134,      -6.566244608,      -8.907187599
          0,           0,         679,      -8.012468743,      -6.549345079,      -8.029609834,      -6.566762624,      -8.907522544
          0,           0,         680,       -8.01262813,      -6.549835991,      -8.031135498,      -6.567276831,      -8.907855905
          0,           0,         681,      -8.012786686,      -6.550323293,      -8.032661163,      -6.567787254,      -8.908187619
          0,           0,         682,      -8.012944411,      -6.550807011,      -8.034186879,      -6.568293902,      -8.908517217
          0,           0,         683,      -8.013101311,      -6.551287152,      -8.035712678,      -6.568796787,      -8.908844321
          0,           0,         684,      -8.013257404,      -6.551763725,       -8.03723856,      -6.569295945,      -8.909169848
          0,           0,         685,      -8.013412689,      -6.552236735,      -8.038764548,      -6.569791372,      -8.909493723
          0,           0,         686,      -8.013567184,      -6.552706204,      -8.040290638,      -6.570283112,      -8.909815648
          0,           0,         687,      -8.013720873,      -6.553172143,      -8.041816785,      -6.570771144,      -8.910136019
          0,           0,         688,      -8.013873756,       -6.55363456,      -8.043342964,      -6.571255461,      -8.910454125
          0,           0,         689,      -8.014025818,      -6.554093454,      -8.044869137,      -6.571736039,      -8.910770401
          0,           0,         690,      -8.014177059,      -6.554548831,      -8.046395292,      -6.572212884,      -8.911084886
          0,           0,         691,      -8.014327494,      -6.555000693,      -8.047921418,      -6.572686013,      -8.911397425
          0,           0,         692,      -8.014477134,      -6.555449043,       -8.04944749,      -6.573155448,      -8.911708214
          0,           0,         693,       -8.01462598,      -6.555893893,      -8.050973502,      -6.573621197,       -8.91201714
          0,           0,         694,      -8.014774049,      -6.556335279,      -8.052499474,      -6.574083313,      -8.912324005
          0,           0,         695,       -8.01492134,      -6.556773235,      -8.054025429,      -6.574541804,      -8.912629113
          0,           0,         696,       -8.01506785,      -6.557207778,      -8.055551401,      -6.574996671,      -8.912932633
          0,           0,         697,      -8.015213586,      -6.557638924,      -8.057077467,      -6.575447931,      -8.913234367
          0,           0,         698,      -8.015358565,      -6.558066697,      -8.058603683,      -6.575895616,      -8.913534117
          0,           0,         699,       -8.01550278,      -6.558491107,      -8.060130077,      -6.576339725,      -8.913831799
          0,           0,         700,      -8.015646226,      -6.558912158,      -8.061656692,      -6.576780261,      -8.914127694
          0,           0,         701,       -8.01578891,      -6.559329851,      -8.063183555,      -6.577217238,      -8.914421468
          0,           0,         702,      -8.015930855,      -6.559744204,      -8.064710641,      -6.577650701,      -8.914713214
          0,           0,         703,       -8.01607206,      -6.560155227,        -8.0662379,      -6.578080641,      -8.915003106
          0,           0,         704,      -8.016212523,      -6.560562922,      -8.067765305,      -6.578507052,      -8.915291309
          0,           0,         705,      -8.016352239,      -6.560967289,      -8.069292856,      -6.578929929,      -8.915577837
          0,           0,         706,      -8.016491208,      -6.561368329,       -8.07082058,      -6.579349262,      -8.915862648
          0,           0,         707,      -8.016629427,      -6.561766043,      -8.072348535,      -6.579765053,      -8.916145653
          0,           0,         708,      -8.016766893,       -6.56216044,      -8.073876769,      -6.580177305,      -8.916426878
          0,           0,         709,      -8.016903618,       -6.56255154,      -8.075405321,      -6.580586044,      -8.916706274
          0,           0,         710,      -8.017039607,      -6.562939376,      -8.076934164,      -6.580991293,      -8.916984068
          0,           0,         711,      -8.017174862,      -6.563323971,      -8.078463267,      -6.581393052,      -8.917260338
          0,           0,         712,       -8.01730939,      -6.563705347,      -8.079992661,      -6.581791334,      -8.917534888
          0,           0,         713,      -8.017443185,      -6.564083518,      -8.081522378,      -6.582186144,      -8.917807457
          0,           0,         714,      -8.017576259,      -6.564458485,      -8.083052437,      -6.582577514,      -8.918077749
          0,           0,         715,      -8.017708613,      -6.564830255,      -8.084582847,      -6.582965459,      -8.918346156
          0,           0,         716,      -8.017840251,      -6.565198827,      -8.086113588,      -6.583349984,      -8.918612872
          0,           0,         717,      -8.017971189,      -6.565564212,      -8.087644626,      -6.583731123,      -8.918877881
          0,           0,         718,       -8.01810144,      -6.565926426,      -8.089175913,      -6.584108894,      -8.919140879
          0,           0,         719,      -8.018230993,      -6.566285477,      -8.090707438,      -6.584483258,      -8.919402475
          0,           0,         720,      -8.018359844,      -6.566641356,      -8.092239198,      -6.584854191,      -8.919662508
          0,           0,         721,      -8.018488006,      -6.566994054,       -8.09377119,        -6.5852217,      -8.919920754
          0,           0,         722,      -8.018615464,      -6.567343563,      -8.095303324,      -6.585585763,       -8.92017724
          0,           0,         723,      -8.018742201,      -6.567689873,      -8.096835442,      -6.585946344,      -8.920431971
          0,           0,         724,      -8.018868217,       -6.56803298,       -8.09836742,      -6.586303443,      -8.920684918
          0,           0,         725,      -8.018993543,      -6.568372927,       -8.09989916,      -6.586657117,      -8.920936266
          0,           0,         726,      -8.019118178,      -6.568709756,      -8.101430565,      -6.587007357,      -8.921185984
          0,           0,         727,      -8.019242112,       -6.56904347,      -8.102961505,      -6.587354156,      -8.921434195
          0,           0,         728,      -8.019365358,      -6.569374066,       -8.10449189,      -6.587697537,      -8.921680716
          0,           0,         729,      -8.019487915,      -6.569701552,      -8.106021672,       -6.58803751,      -8.921925503
          0,           0,         730,      -8.019609795,      -6.570025936,      -8.107550855,      -6.588374096,      -8.922168342
          0,           0,         731,      -8.019731008,      -6.570347224,      -8.109079434,      -6.588707323,      -8.922409259
          0,           0,         732,      -8.019851565,      -6.570665441,       -8.11060736,      -6.589037218,      -8.922648653
          0,           0,         733,      -8.019971472,      -6.570980642,      -8.112134481,      -6.589363817,      -8.922886627
          0,           0,         734,      -8.020090707,      -6.571292834,      -8.113660523,      -6.589687109,      -8.923122812
          0,           0,         735,      -8.020209254,      -6.571602017,      -8.115185212,      -6.590007051,      -8.923357338
          0,           0,         736,      -8.020327106,      -6.571908189,       -8.11670843,      -6.590323617,      -8.923589687
          0,           0,         737,      -8.020444285,      -6.572211352,      -8.118230204,      -6.590636851,      -8.923820225
          0,           0,         738,      -8.020560817,      -6.572511524,      -8.119750545,      -6.590946811,      -8.924049214
          0,           0,         739,      -8.020676687,      -6.572808735,      -8.121269301,      -6.591253481,      -8.924276834
          0,           0,         740,      -8.020791907,      -6.573103039,      -8.122786332,      -6.591556878,      -8.924503047
          0,           0,         741,      -8.020906497,      -6.573394458,      -8.124301618,      -6.591857062,      -8.924727257
          0,           0,         742,      -8.021020471,      -6.573683011,      -8.125815184,      -6.592154063,      -8.924949791
          0,           0,         743,      -8.021133848,      -6.573968727,      -8.127327047,      -6.592447941,      -8.925170603
          0,           0,         744,       -8.02124663,      -6.574251646,      -8.128837146,      -6.592738728,      -8.925389938
          0,           0,         745,      -8.021358815,      -6.574531817,      -8.130345345,      -6.593026464,      -8.925607919
          0,           0,         746,       -8.02147038,      -6.574809282,      -8.131851572,      -6.593311185,      -8.925824645
          0,           0,         747,      -8.021581311,      -6.575084092,       -8.13335573,      -6.593592884,      -8.926040212
          0,           0,         748,      -8.021691612,      -6.575356298,      -8.134857846,      -6.593871611,      -8.926254529
          0,           0,         749,      -8.021801296,      -6.575625944,      -8.136357984,      -6.594147394,      -8.926467345
          0,           0,         750,      -8.021910379,      -6.575893064,      -8.137856369,      -6.594420298,      -8.926678897
          0,           0,         751,      -8.022018875,       -6.57615771,      -8.139353247,       -6.59469041,       -8.92688937
          0,           0,         752,      -8.022126785,       -6.57641992,      -8.140848647,      -6.594957742,      -8.927098536
          0,           0,         753,       -8.02223412,      -6.576679737,      -8.142342542,      -6.595222331,      -8.927306422
          0,           0,         754,      -8.022340891,      -6.576937212,      -8.143834915,      -6.595484242,      -8.927513176
          0,           0,         755,      -8.022447123,      -6.577192398,      -8.145325685,      -6.595743538,      -8.927718689
          0,           0,         756,      -8.022552842,       -6.57744534,      -8.146814898,      -6.596000305,       -8.92792284
          0,           0,         757,      -8.022658046,      -6.577696086,      -8.148302537,      -6.596254588,      -8.928125826
          0,           0,         758,      -8.022762736,      -6.577944681,      -8.149788524,      -6.596506421,       -8.92832774
          0,           0,         759,      -8.022866915,       -6.57819116,      -8.151272686,       -6.59675582,      -8.928528534
          0,           0,         760,      -8.022970591,      -6.578435563,      -8.152754899,      -6.597002821,      -8.928728041
          0,           0,         761,      -8.023073791,      -6.578677937,      -8.154235176,      -6.597247518,      -8.928926364
          0,           0,         762,       -8.02317653,      -6.578918327,      -8.155713333,      -6.597489953,      -8.929123251
          0,           0,         763,      -8.023278809,      -6.579156774,      -8.157189253,      -6.597730168,      -8.929318868
          0,           0,         764,      -8.023380547,      -6.579393323,      -8.158663677,       -6.59796808,      -8.929513491
          0,           0,         765,      -8.023481727,      -6.579628008,      -8.160136848,      -6.598203714,       -8.92970695
          0,           0,         766,      -8.023582341,      -6.579860875,      -8.161608649,      -6.598437088,      -8.929899337
          0,           0,         767,      -8.023682402,      -6.580091953,      -8.163078894,      -6.598668251,      -8.930090421
          0,           0,         768,      -8.023781906,      -6.580321275,      -8.164547514,      -6.598897208,      -8.930280093
          0,           0,         769,      -8.023880864,      -6.580548868,      -8.166014526,      -6.599124007,      -8.930468357
          0,           0,         770,      -8.023979299,      -6.580774769,      -8.167479875,      -6.599348723,      -8.930654962
          0,           0,         771,      -8.024077237,      -6.580999017,       -8.16894327,      -6.599571437,      -8.930840263
          0,           0,         772,      -8.024174672,      -6.581221632,      -8.170404618,      -6.599792145,      -8.931024245
          0,           0,         773,      -8.024271652,      -6.581442656,      -8.171863708,      -6.600010953,      -8.931207003
          0,           0,         774,      -8.024368175,      -6.581662115,      -8.173320482,      -6.600227867,      -8.931388433
          0,           0,         775,      -8.024464217,       -6.58188003,      -8.174775116,      -6.600442861,      -8.931568611
          0,           0,         776,      -8.024559793,       -6.58209643,      -8.176227618,      -6.600655984,      -8.931747319
          0,           0,         777,      -8.024654899,      -6.582311328,      -8.177677989,      -6.600867247,      -8.931924578
          0,           0,         778,      -8.024749556,      -6.582524742,      -8.179126119,      -6.601076716,      -8.932100121
          0,           0,         779,      -8.024843758,      -6.582736707,      -8.180572258,      -6.601284424,      -8.932274365
          0,           0,         780,      -8.024937497,      -6.582947246,      -8.182016207,      -6.601490357,      -8.932447224
          0,           0,         781,      -8.025030793,      -6.583156379,      -8.183457463,      -6.601694569,      -8.932618628
          0,           0,         782,      -8.025123667,      -6.583364128,      -8.184895482,      -6.601897087,      -8.932788738
          0,           0,         783,      -8.025216081,      -6.583570509,      -8.186330457,       -6.60209786,      -8.932957632
          0,           0,         784,      -8.025308063,      -6.583775534,      -8.187762184,      -6.602296963,      -8.933125077
          0,           0,         785,      -8.025399641,      -6.583979226,      -8.189190139,      -6.602494458,      -8.933291153
          0,           0,         786,      -8.025490842,      -6.584181598,      -8.190613833,      -6.602690369,      -8.933455717
          0,           0,         787,      -8.025581676,       -6.58438268,      -8.192033041,      -6.602884716,      -8.933619039
          0,           0,         788,      -8.025672142,       -6.58458248,      -8.193447631,      -6.603077522,       -8.93378102
          0,           0,         789,       -8.02576227,      -6.584781017,      -8.194857523,      -6.603268832,      -8.933941697
          0,           0,         790,      -8.025852001,       -6.58497831,       -8.19626332,      -6.603458541,      -8.934101118
          0,           0,         791,      -8.025941337,      -6.585174368,      -8.197665324,      -6.603646695,      -8.934259105
          0,           0,         792,      -8.026030311,      -6.585369196,      -8.199063271,       -6.60383335,      -8.934415625
          0,           0,         793,      -8.026118952,      -6.585562812,      -8.200456793,      -6.604018563,      -8.934570778
          0,           0,         794,      -8.026207272,      -6.585755226,      -8.201845817,      -6.604202336,      -8.934724646
          0,           0,         795,      -8.026295282,      -6.585946451,       -8.20323043,      -6.604384681,      -8.934877243
          0,           0,         796,      -8.026382981,      -6.586136499,      -8.204610705,      -6.604565627,      -8.935028572
          0,           0,         797,      -8.026470376,      -6.586325384,      -8.205986671,      -6.604745195,      -8.935178668
          0,           0,         798,      -8.026557423,      -6.586513117,      -8.207358802,       -6.60492331,      -8.935327553
          0,           0,         799,      -8.026644137,       -6.58669971,      -8.208727214,      -6.605100004,       -8.93547521
          0,           0,         800,      -8.026730521,      -6.586885167,      -8.210091565,        -6.6052753,      -8.935621439
          0,           0,         801,      -8.026816606,      -6.587069493,      -8.211451662,      -6.605449245,      -8.935766292
          0,           0,         802,      -8.026902424,      -6.587252702,      -8.212807316,      -6.605621884,      -8.935909832
          0,           0,         803,      -8.026988003,      -6.587434815,      -8.214158373,      -6.605793268,       -8.93605219
          0,           0,         804,      -8.027073323,      -6.587615848,      -8.215505032,      -6.605963355,       -8.93619355
          0,           0,         805,      -8.027158366,      -6.587795806,      -8.216847479,      -6.606132141,        -8.9363337
          0,           0,         806,       -8.02724311,      -6.587974703,      -8.218186133,      -6.606299591,        -8.9364729
          0,           0,         807,      -8.027327583,      -6.588152551,      -8.219520859,      -6.606465765,      -8.936611111
          0,           0,         808,      -8.027411811,      -6.588329368,      -8.220851375,      -6.606630717,        -8.9367483
          0,           0,         809,      -8.027495805,       -6.58850516,        -8.2221775,      -6.606794448,      -8.936884342
          0,           0,         810,      -8.027579582,      -6.588679934,      -8.223499281,      -6.606956974,      -8.937019268
          0,           0,         811,      -8.027663152,      -6.588853692,      -8.224816714,      -6.607118328,      -8.937153101
          0,           0,         812,      -8.027746533,       -6.58902645,      -8.226129761,      -6.607278551,      -8.937285885
          0,           0,         813,      -8.027829717,      -6.589198223,      -8.227438435,      -6.607437641,      -8.937417661
          0,           0,         814,       -8.02791268,      -6.589369014,      -8.228742923,      -6.607595572,      -8.937548519
          0,           0,         815,      -8.027995413,      -6.589538834,      -8.230043368,      -6.607752315,      -8.937678538
          0,           0,         816,      -8.028077932,      -6.589707695,      -8.231339898,      -6.607907903,      -8.937807574
          0,           0,         817,      -8.028160247,      -6.589875615,      -8.232632339,      -6.608062375,      -8.937935752
          0,           0,         818,      -8.028242365,      -6.590042599,      -8.233920504,      -6.608215752,      -8.938062862
          0,           0,         819,      -8.028324301,      -6.590208648,       -8.23520424,      -6.608368055,      -8.938189071
          0,           0,         820,      -8.028406073,      -6.590373767,      -8.236483422,      -6.608519312,      -8.938314301
          0,           0,         821,      -8.028487697,      -6.590537969,      -8.237757912,      -6.608669548,      -8.938438526
          0,           0,         822,      -8.028569157,      -6.590701278,      -8.239027973,      -6.608818743,      -8.938561937
          0,           0,         823,      -8.028650437,       -6.59086371,      -8.240293777,      -6.608966872,      -8.938684341
          0,           0,         824,       -8.02873151,      -6.591025276,      -8.241555435,      -6.609113895,      -8.938805837
          0,           0,         825,        -8.0288124,      -6.591185985,      -8.242813047,      -6.609259876,      -8.938926601
          0,           0,         826,      -8.028893129,       -6.59134584,      -8.244066468,      -6.609404849,      -8.939046613
          0,           0,         827,      -8.028973741,      -6.591504866,       -8.24531556,      -6.609548888,      -8.939165977
          0,           0,         828,      -8.029054245,      -6.591663074,       -8.24656017,      -6.609692009,      -8.939284545
          0,           0,         829,      -8.029134636,      -6.591820467,        -8.2478002,      -6.609834212,      -8.939402425
          0,           0,         830,      -8.029214905,       -6.59197705,      -8.249035733,      -6.609975482,      -8.939519555
          0,           0,         831,      -8.029295027,      -6.592132831,      -8.250267138,      -6.610115803,      -8.939635978
          0,           0,         832,      -8.029375012,      -6.592287823,      -8.251494276,      -6.610255203,      -8.939751682
          0,           0,         833,      -8.029454862,      -6.592442051,      -8.252717077,      -6.610393684,      -8.939866996
          0,           0,         834,      -8.029534576,       -6.59259552,      -8.253935438,      -6.610531256,      -8.939981712
          0,           0,         835,      -8.029614177,      -6.592748239,      -8.255149367,      -6.610667956,      -8.940095908
          0,           0,         836,      -8.029693671,      -6.592900214,      -8.256358861,      -6.610803798,      -8.940209279
          0,           0,         837,      -8.029773066,      -6.593051448,      -8.257563901,      -6.610938801,      -8.940321994
          0,           0,         838,       -8.02985238,      -6.593201954,      -8.258764507,      -6.611073001,      -8.940434106
          0,           0,         839,      -8.029931606,      -6.593351745,      -8.259960745,      -6.611206378,      -8.940545694
          0,           0,         840,      -8.030010719,      -6.593500829,      -8.261152778,      -6.611338917,      -8.940656662
          0,           0,         841,      -8.030089722,      -6.593649215,      -8.262340408,      -6.611470638,      -8.940766831
          0,           0,         842,      -8.030168629,      -6.593796912,      -8.263523301,      -6.611601563,      -8.940876329
          0,           0,         843,       -8.03024744,      -6.593943944,      -8.264701523,      -6.611731679,      -8.940985291
          0,           0,         844,      -8.030326155,      -6.594090328,      -8.265875079,      -6.611861014,      -8.941093753
          0,           0,         845,      -8.030404787,      -6.594236074,      -8.267043829,      -6.611989594,      -8.941201661
          0,           0,         846,      -8.030483351,      -6.594381191,      -8.268207766,      -6.612117438,       -8.94130903
          0,           0,         847,      -8.030561859,      -6.594525687,      -8.269366952,      -6.612244567,      -8.941415828
          0,           0,         848,      -8.030640313,      -6.594669565,      -8.270521544,      -6.612370987,      -8.941522142
          0,           0,         849,      -8.030718715,      -6.594812841,      -8.271671803,      -6.612496714,      -8.941627975
          0,           0,         850,      -8.030797047,      -6.594955522,      -8.272817879,      -6.612621743,      -8.941733323
          0,           0,         851,      -8.030875324,      -6.595097617,       -8.27395953,        -6.6127461,      -8.941838271
          0,           0,         852,      -8.030953547,      -6.595239132,      -8.275096469,      -6.612869792,      -8.941942735
          0,           0,         853,      -8.031031708,      -6.595380074,      -8.276228644,      -6.612992807,       -8.94204675
          0,           0,         854,      -8.031109817,       -6.59552046,      -8.277356201,      -6.613115164,      -8.942150508
          0,           0,         855,      -8.031187871,      -6.595660299,      -8.278479159,      -6.613236879,      -8.942253833
          0,           0,         856,       -8.03126588,      -6.595799597,       -8.27959743,      -6.613357968,       -8.94235674
          0,           0,         857,      -8.031343854,      -6.595938361,      -8.280710894,       -6.61347845,      -8.942459248
          0,           0,         858,      -8.031421798,      -6.596076598,      -8.281819417,      -6.613598336,      -8.942561382
          0,           0,         859,      -8.031499709,      -6.596214323,      -8.282923263,      -6.613717621,      -8.942662974
          0,           0,         860,      -8.031577572,      -6.596351541,      -8.284022603,      -6.613836294,       -8.94276424
          0,           0,         861,        -8.0316554,      -6.596488265,       -8.28511724,      -6.613954393,      -8.942864978
          0,           0,         862,      -8.031733192,      -6.596624498,      -8.286206895,      -6.614071924,      -8.942965095
          0,           0,         863,      -8.031810958,      -6.596760253,      -8.287291385,      -6.614188906,      -8.943064914
          0,           0,         864,      -8.031888692,      -6.596895543,      -8.288370863,      -6.614305325,      -8.943164501
          0,           0,         865,      -8.031966397,      -6.597030382,      -8.289445415,      -6.614421199,      -8.943263821
          0,           0,         866,      -8.032044076,      -6.597164779,      -8.290515036,      -6.614536542,      -8.943362882
          0,           0,         867,      -8.032121736,       -6.59729874,      -8.291579732,      -6.614651366,      -8.943461592
          0,           0,         868,      -8.032199382,      -6.597432271,      -8.292639509,      -6.614765685,      -8.943559941
          0,           0,         869,      -8.032277027,      -6.597565379,      -8.293694363,      -6.614879522,       -8.94365792
          0,           0,         870,      -8.032354662,      -6.597698072,       -8.29474457,      -6.614992877,      -8.943755596
          0,           0,         871,      -8.032432292,      -6.597830355,      -8.295790084,      -6.615105752,      -8.943852947
          0,           0,         872,      -8.032509915,      -6.597962232,      -8.296830759,      -6.615218148,      -8.943949929
          0,           0,         873,      -8.032587537,      -6.598093713,      -8.297866507,      -6.615330088,      -8.944046664
          0,           0,         874,      -8.032665168,      -6.598224813,      -8.298897382,      -6.615441596,      -8.944143029
          0,           0,         875,      -8.032742799,      -6.598355537,      -8.299923449,      -6.615552655,      -8.944239173
          0,           0,         876,      -8.032820426,      -6.598485892,      -8.300944786,      -6.615663266,      -8.944334975
          0,           0,         877,      -8.032898058,      -6.598615885,      -8.301961293,      -6.615773454,      -8.944430518
          0,           0,         878,       -8.03297571,      -6.598745528,      -8.302972856,      -6.615883246,      -8.944525834
          0,           0,         879,       -8.03305338,      -6.598874828,      -8.303979402,      -6.615992642,      -8.944620893
          0,           0,         880,      -8.033131071,      -6.599003786,      -8.304980893,      -6.616101649,      -8.944715636
          0,           0,         881,      -8.033208772,      -6.599132405,      -8.305977586,      -6.616210264,      -8.944810114
          0,           0,         882,      -8.033286488,      -6.599260688,      -8.306969257,      -6.616318503,      -8.944904288
          0,           0,         883,       -8.03336423,      -6.599388645,      -8.307955612,      -6.616426385,      -8.944998222
          0,           0,         884,      -8.033441994,      -6.599516286,      -8.308936505,      -6.616533906,      -8.945091822
          0,           0,         885,      -8.033519775,       -6.59964362,      -8.309912022,      -6.616641053,      -8.945185209
          0,           0,         886,      -8.033597564,      -6.599770652,      -8.310882209,      -6.616747827,      -8.945278292
          0,           0,         887,      -8.033675365,      -6.599897394,       -8.31184726,      -6.616854236,      -8.945371152
          0,           0,         888,       -8.03375317,      -6.600023856,      -8.312807314,      -6.616960277,      -8.945463919
          0,           0,         889,      -8.033830989,       -6.60015004,      -8.313762367,       -6.61706597,      -8.945556501
          0,           0,         890,      -8.033908839,      -6.600275954,      -8.314712538,      -6.617171343,      -8.945648933
          0,           0,         891,      -8.033986733,      -6.600401609,      -8.315657949,       -6.61727642,      -8.945741077
          0,           0,         892,      -8.034064664,      -6.600527007,      -8.316598894,        -6.6173812,       -8.94583297
          0,           0,         893,      -8.034142634,      -6.600652154,      -8.317535435,      -6.617485697,      -8.945924628
          0,           0,         894,      -8.034220657,      -6.600777056,       -8.31846733,      -6.617589933,       -8.94601609
          0,           0,         895,      -8.034298735,      -6.600901717,      -8.319394316,      -6.617693914,      -8.946107295
          0,           0,         896,      -8.034376869,       -6.60102614,      -8.320316187,      -6.617797644,      -8.946198249
          0,           0,         897,      -8.034455059,      -6.601150328,      -8.321232838,      -6.617901122,      -8.946288928
          0,           0,         898,      -8.034533305,      -6.601274287,       -8.32214416,      -6.618004355,      -8.946379377
          0,           0,         899,      -8.034611601,      -6.601398023,      -8.323050034,      -6.618107339,      -8.946469619
          0,           0,         900,      -8.034689932,      -6.601521541,      -8.323950776,       -6.61821004,      -8.946559676
          0,           0,         901,      -8.034768298,      -6.601644848,      -8.324846487,      -6.618312477,       -8.94664954
          0,           0,         902,      -8.034846695,      -6.601767949,      -8.325737066,      -6.618414653,      -8.946739237
          0,           0,         903,      -8.034925133,      -6.601890845,      -8.326622419,      -6.618516584,      -8.946828675
          0,           0,         904,      -8.035003616,      -6.602013541,      -8.327502692,      -6.618618284,      -8.946917822
          0,           0,         905,       -8.03508215,      -6.602136049,       -8.32837798,      -6.618719768,      -8.947006787
          0,           0,         906,      -8.035160739,      -6.602258375,      -8.329248169,      -6.618821045,      -8.947095592
          0,           0,         907,      -8.035239384,      -6.602380525,      -8.330113152,      -6.618922122,      -8.947184175
          0,           0,         908,      -8.035318092,      -6.602502506,      -8.330972964,      -6.619023009,      -8.947272438
          0,           0,         909,      -8.035396861,      -6.602624322,      -8.331827712,      -6.619123707,      -8.947360559
          0,           0,         910,      -8.035475693,      -6.602745976,      -8.332677475,      -6.619224222,      -8.947448408
          0,           0,         911,       -8.03555459,      -6.602867474,      -8.333522303,      -6.619324564,      -8.947536004
          0,           0,         912,      -8.035633554,      -6.602988819,      -8.334362246,      -6.619424736,       -8.94762335
          0,           0,         913,      -8.035712575,      -6.603110015,      -8.335197421,       -6.61952473,      -8.947710449
          0,           0,         914,      -8.035791655,       -6.60323107,      -8.336027914,      -6.619624553,      -8.947797255
          0,           0,         915,      -8.035870796,      -6.603351987,      -8.336853643,      -6.619724216,      -8.947883852
          0,           0,         916,      -8.035950012,      -6.603472773,      -8.337674498,      -6.619823743,      -8.947970271
          0,           0,         917,      -8.036029296,      -6.603593431,      -8.338490725,      -6.619923125,      -8.948056595
          0,           0,         918,      -8.036108646,      -6.603713964,      -8.339302239,      -6.620022362,      -8.948142654
          0,           0,         919,      -8.036188068,      -6.603834378,      -8.340108821,      -6.620121471,      -8.948228532
          0,           0,         920,      -8.036267564,      -6.603954676,      -8.340910336,      -6.620220457,      -8.948314267
          0,           0,         921,      -8.036347135,       -6.60407486,      -8.341706723,      -6.620319325,      -8.948399777
          0,           0,         922,      -8.036426785,      -6.604194932,      -8.342497957,      -6.620418083,      -8.948485141
          0,           0,         923,      -8.036506514,      -6.604314896,      -8.343284009,      -6.620516737,      -8.948570285
          0,           0,         924,      -8.036586322,      -6.604434754,      -8.344064852,      -6.620615289,      -8.948655109
          0,           0,         925,      -8.036666207,      -6.604554508,      -8.344840469,      -6.620713738,      -8.948739703
          0,           0,         926,      -8.036746168,       -6.60467416,      -8.345610865,      -6.620812087,      -8.948824037
          0,           0,         927,      -8.036826204,      -6.604793721,       -8.34637617,      -6.620910333,       -8.94890818
          0,           0,         928,      -8.036906303,      -6.604913194,       -8.34713657,      -6.621008463,      -8.948992181
          0,           0,         929,      -8.036986469,      -6.605032589,      -8.347892236,      -6.621106485,       -8.94907607
          0,           0,         930,      -8.037066696,      -6.605151907,      -8.348643317,      -6.621204398,       -8.94915981
          0,           0,         931,      -8.037146991,      -6.605271155,      -8.349389957,       -6.62130222,      -8.949243373
          0,           0,         932,      -8.037227362,      -6.605390337,      -8.350131978,      -6.621399969,      -8.949326813
          0,           0,         933,      -8.037307824,       -6.60550946,      -8.350869195,      -6.621497669,      -8.949410067
          0,           0,         934,      -8.037388378,      -6.605628523,      -8.351601461,      -6.621595322,      -8.949493224
          0,           0,         935,      -8.037469031,      -6.605747535,      -8.352328795,      -6.621692944,      -8.949576099
          0,           0,         936,      -8.037549778,      -6.605866497,      -8.353051296,      -6.621790529,       -8.94965883
          0,           0,         937,      -8.037630613,      -6.605985412,       -8.35376923,      -6.621888068,      -8.949741469
          0,           0,         938,      -8.037711532,      -6.606104283,      -8.354482697,      -6.621985561,       -8.94982398
          0,           0,         939,      -8.037792533,      -6.606223109,      -8.355191738,      -6.622083013,      -8.949906222
          0,           0,         940,       -8.03787362,      -6.606341894,      -8.355896328,      -6.622180434,      -8.949988306
          0,           0,         941,      -8.037954797,      -6.606460638,      -8.356596407,      -6.622277833,      -8.950070204
          0,           0,         942,      -8.038036061,      -6.606579345,      -8.357291958,      -6.622375208,      -8.950151893
          0,           0,         943,      -8.038117406,      -6.606698019,      -8.357983055,      -6.622472548,      -8.950233415
          0,           0,         944,      -8.038198828,       -6.60681666,      -8.358669643,      -6.622569856,      -8.950314665
          0,           0,         945,      -8.038280323,      -6.606935271,       -8.35935185,      -6.622667129,      -8.950395789
          0,           0,         946,        -8.0383619,      -6.607053854,      -8.360029475,      -6.622764381,       -8.95047677
          0,           0,         947,      -8.038443566,      -6.607172412,      -8.360702337,      -6.622861622,      -8.950557511
          0,           0,         948,      -8.038525323,      -6.607290949,      -8.361370361,       -6.62295886,      -8.950638128
          0,           0,         949,      -8.038607174,      -6.607409471,      -8.362033523,      -6.623056102,      -8.950718577
          0,           0,         950,      -8.038689121,      -6.607527986,      -8.362691836,      -6.623153355,      -8.950798863
          0,           0,         951,      -8.038771165,      -6.607646499,        -8.3633453,      -6.623250623,       -8.95087904
          0,           0,         952,      -8.038853307,      -6.607765017,      -8.363993997,      -6.623347911,       -8.95095907
          0,           0,         953,       -8.03893554,      -6.607883541,      -8.364638124,      -6.623445209,      -8.951038897
          0,           0,         954,      -8.039017863,      -6.608002073,      -8.365277851,       -6.62354252,      -8.951118611
          0,           0,         955,      -8.039100282,      -6.608120615,      -8.365913315,      -6.623639855,      -8.951198187
          0,           0,         956,      -8.039182799,       -6.60823917,      -8.366544613,      -6.623737223,      -8.951277638
          0,           0,         957,      -8.039265417,      -6.608357738,      -8.367171805,       -6.62383463,      -8.951356965
          0,           0,         958,      -8.039348136,      -6.608476321,       -8.36779499,      -6.623932077,      -8.951436202
          0,           0,         959,      -8.039430946,      -6.608594922,      -8.368414506,      -6.624029542,       -8.95151526
          0,           0,         960,      -8.039513832,      -6.608713542,      -8.369030624,      -6.624127018,      -8.951594221
          0,           0,         961,      -8.039596799,      -6.608832185,      -8.369643286,      -6.624224519,      -8.951673049
          0,           0,         962,      -8.039679855,      -6.608950852,      -8.370252281,       -6.62432206,      -8.951751785
          0,           0,         963,      -8.039763006,      -6.609069546,      -8.370857411,      -6.624419652,      -8.951830303
          0,           0,         964,      -8.039846256,      -6.609188265,      -8.371458537,      -6.624517303,      -8.951908655
          0,           0,         965,       -8.03992961,      -6.609307013,      -8.372055574,       -6.62461502,      -8.951986897
          0,           0,         966,      -8.040013069,       -6.60942579,      -8.372648474,      -6.624712806,       -8.95206499
          0,           0,         967,       -8.04009663,      -6.609544598,      -8.373237218,      -6.624810661,      -8.952142907
          0,           0,         968,      -8.040180291,      -6.609663439,      -8.373821831,       -6.62490858,       -8.95222059
          0,           0,         969,      -8.040264049,      -6.609782314,      -8.374402357,      -6.625006561,      -8.952298112
          0,           0,         970,       -8.04034791,      -6.609901233,      -8.374978859,      -6.625104618,      -8.952375503
          0,           0,         971,      -8.040431873,      -6.610020203,       -8.37555138,       -6.62520275,       -8.95245276
          0,           0,         972,      -8.040515931,      -6.610139228,      -8.376119914,      -6.625300951,      -8.952529964
          0,           0,         973,      -8.040600084,      -6.610258307,      -8.376684472,      -6.625399223,      -8.952607055
          0,           0,         974,      -8.040684338,      -6.610377443,      -8.377245092,      -6.625497576,      -8.952683977
          0,           0,         975,      -8.040768695,      -6.610496637,      -8.377801827,      -6.625596016,      -8.952760768
          0,           0,         976,      -8.040853149,      -6.610615891,      -8.378354975,      -6.625694535,      -8.952837456
          0,           0,         977,      -8.040937695,      -6.610735205,      -8.378904788,      -6.625793128,      -8.952914096
          0,           0,         978,      -8.041022335,      -6.610854582,      -8.379451217,      -6.625891803,      -8.952990581
          0,           0,         979,      -8.041107076,      -6.610974025,      -8.379994242,       -6.62599057,      -8.953066931
          0,           0,         980,      -8.041191919,      -6.611093535,      -8.380533885,      -6.626089433,      -8.953143171
          0,           0,         981,      -8.041276865,      -6.611213114,      -8.381070179,      -6.626188396,      -8.953219245
          0,           0,         982,      -8.041361913,      -6.611332762,      -8.381603166,       -6.62628746,      -8.953295169
          0,           0,         983,      -8.041447062,      -6.611452478,      -8.382133011,       -6.62638662,      -8.953370977
          0,           0,         984,      -8.041532309,      -6.611572265,      -8.382659821,      -6.626485873,      -8.953446579
          0,           0,         985,      -8.041617651,      -6.611692124,      -8.383183639,      -6.626585221,      -8.953522085
          0,           0,         986,      -8.041703091,      -6.611812054,      -8.383704484,       -6.62668467,      -8.953597506
          0,           0,         987,      -8.041788631,      -6.611932058,      -8.384222349,      -6.626784226,      -8.953672673
          0,           0,         988,      -8.041874274,      -6.612052135,      -8.384737217,      -6.626883895,       -8.95374771
          0,           0,         989,      -8.041960018,      -6.612172287,      -8.385249058,      -6.626983678,      -8.953822652
          0,           0,         990,      -8.042045868,      -6.612292517,      -8.385757887,      -6.627083582,      -8.953897446
          0,           0,         991,      -8.042131827,      -6.612412831,      -8.386263743,      -6.627183613,      -8.953972212
          0,           0,         992,      -8.042217889,      -6.612533231,      -8.386766695,      -6.627283765,      -8.954046794
          0,           0,         993,      -8.042304049,      -6.612653722,      -8.387266711,      -6.627384035,      -8.954121318
          0,           0,         994,      -8.042390302,      -6.612774304,      -8.387763901,      -6.627484418,      -8.954195816
          0,           0,         995,      -8.042476646,      -6.612894979,      -8.388258373,      -6.627584908,      -8.954270243
          0,           0,         996,      -8.042563083,      -6.613015748,      -8.388750034,      -6.627685512,      -8.954344543
          0,           0,         997,      -8.042649619,      -6.613136613,      -8.389238762,      -6.627786242,      -8.954418829
          0,           0,         998,      -8.042736261,      -6.613257575,      -8.389724501,      -6.627887107,      -8.954493033
