NDIME= 2
NELEM= 10216
5	417	69	311	0
5	302	55	56	1
5	405	159	384	2
5	594	427	450	3
5	315	71	72	4
5	319	4	262	5
5	270	39	40	6
5	327	65	66	7
5	451	259	325	8
5	441	40	41	9
5	358	147	148	10
5	287	12	13	11
5	252	144	145	12
5	254	56	57	13
5	348	96	269	14
5	262	4	5	15
5	647	465	525	16
5	453	308	449	17
5	309	282	15	18
5	560	265	470	19
5	369	185	186	20
5	420	271	27	21
5	432	137	376	22
5	643	471	270	23
5	429	121	354	24
5	282	14	15	25
5	568	446	456	26
5	292	257	31	27
5	617	385	457	28
5	831	694	478	29
5	274	24	25	30
5	470	346	454	31
5	311	69	70	32
5	291	20	278	33
5	286	24	274	34
5	257	30	31	35
5	255	0	1	36
5	996	809	797	37
5	342	79	312	38
5	280	18	19	39
5	543	319	518	40
5	316	42	294	41
5	507	356	439	42
5	543	293	319	43
5	546	298	299	44
5	324	288	9	45
5	749	548	648	46
5	270	251	39	47
5	542	459	257	48
5	258	36	37	49
5	322	18	280	50
5	315	72	290	51
5	555	313	342	52
5	288	8	9	53
5	645	348	465	54
5	323	14	282	55
5	308	62	63	56
5	300	75	76	57
5	335	84	303	58
5	421	60	305	59
5	334	38	251	60
5	749	549	548	61
5	285	53	54	62
5	302	56	254	63
5	751	644	725	64
5	250	82	83	65
5	294	42	43	66
5	301	87	88	67
5	279	80	81	68
5	305	60	61	69
5	531	475	278	70
5	554	448	540	71
5	271	26	27	72
5	284	89	90	73
5	416	111	112	74
5	329	260	33	75
5	475	291	278	76
5	340	0	255	77
5	277	106	107	78
5	420	28	272	79
5	295	52	53	80
5	316	41	42	81
5	333	294	43	82
5	825	476	650	83
5	331	300	76	84
5	762	555	664	85
5	295	53	285	86
5	290	72	73	87
5	337	90	91	88
5	312	79	80	89
5	511	320	336	90
5	1041	890	895	91
5	555	342	464	92
5	946	762	848	93
5	564	314	556	94
5	345	52	295	95
5	335	250	83	96
5	449	63	64	97
5	338	254	57	98
5	842	642	557	99
5	338	57	58	100
5	517	256	293	101
5	259	101	102	102
5	512	281	350	103
5	348	95	96	104
5	441	270	40	105
5	361	177	178	106
5	266	99	100	107
5	510	451	325	108
5	580	353	413	109
5	372	115	116	110
5	367	117	118	111
5	357	151	349	112
5	412	375	127	113
5	639	273	436	114
5	381	157	158	115
5	492	368	430	116
5	377	147	358	117
5	400	173	390	118
5	437	365	182	119
5	406	161	253	120
5	403	253	162	121
5	395	181	365	122
5	397	175	393	123
5	408	157	381	124
5	619	408	381	125
5	401	386	166	126
5	399	388	170	127
5	834	690	450	128
5	585	377	358	129
5	387	163	164	130
5	404	165	386	131
5	353	112	113	132
5	424	321	109	133
5	363	252	145	134
5	363	145	146	135
5	481	429	354	136
5	607	393	484	137
5	1544	685	720	138
5	653	485	490	139
5	275	132	133	140
5	409	382	129	141
5	373	135	136	142
5	614	482	253	143
5	355	143	144	144
5	409	130	383	145
5	380	354	122	146
5	486	435	273	147
5	436	273	140	148
5	411	126	375	149
5	360	186	187	150
5	593	394	488	151
5	850	681	706	152
5	393	175	176	153
5	806	611	604	154
5	398	177	361	155
5	784	587	502	156
5	403	162	163	157
5	402	169	388	158
5	253	161	162	159
5	396	188	359	160
5	388	169	170	161
5	1083	868	726	162
5	390	173	174	163
5	484	393	398	164
5	356	195	196	165
5	380	122	123	166
5	432	373	136	167
5	375	126	127	168
5	412	128	382	169
5	357	150	151	170
5	355	144	252	171
5	364	141	142	172
5	624	483	375	173
5	435	139	273	174
5	482	479	406	175
5	424	110	351	176
5	623	412	382	177
5	595	501	352	178
5	325	259	102	179
5	328	46	296	180
5	269	96	97	181
5	1361	1264	1068	182
5	530	286	462	183
5	550	306	421	184
5	251	38	39	185
5	423	103	104	186
5	350	99	266	187
5	693	451	510	188
5	483	411	375	189
5	352	114	115	190
5	633	478	424	191
5	444	150	357	192
5	427	117	367	193
5	588	395	365	194
5	385	154	261	195
5	655	491	587	196
5	369	186	360	197
5	581	431	485	198
5	386	165	166	199
5	5232	5214	5229	200
5	508	503	443	201
5	5232	5226	5214	202
5	1099	878	1090	203
5	5231	207	5222	204
5	5231	206	207	205
5	5230	5210	5219	206
5	5230	5213	5210	207
5	5229	5199	5213	208
5	5229	5214	5199	209
5	5228	204	205	210
5	5228	5217	204	211
5	5225	5219	5200	212
5	5225	249	5219	213
5	5232	5229	202	214
5	5232	202	203	215
5	5227	247	248	216
5	5227	5196	5212	217
5	5224	5195	5209	218
5	5224	5202	5195	219
5	5223	225	226	220
5	5223	5220	225	221
5	5224	5228	205	222
5	5231	205	206	223
5	5221	5173	5203	224
5	5221	5201	5173	225
5	5220	5211	225	226
5	5220	5181	5211	227
5	5230	200	201	228
5	5230	5229	5213	229
5	5219	5210	5191	230
5	5225	5218	248	231
5	5231	5202	5224	232
5	5231	5222	5202	233
5	5216	227	228	234
5	5216	5208	227	235
5	5215	207	208	236
5	5222	5206	5189	237
5	5232	203	5226	238
5	5230	201	5229	239
5	5214	5205	5174	240
5	5229	201	202	241
5	5212	246	247	242
5	5221	246	5212	243
5	5211	5180	224	244
5	5211	5181	5180	245
5	5210	5152	5191	246
5	5210	5190	5152	247
5	5231	5224	205	248
5	5228	5224	5209	249
5	5223	5208	5185	250
5	5223	226	227	251
5	5207	5180	5166	252
5	5207	223	5180	253
5	5222	5189	5202	254
5	5222	5215	5206	255
5	5226	5205	5214	256
5	5217	5188	5205	257
5	5197	229	230	258
5	5197	5179	229	259
5	5203	5163	5193	260
5	5203	5173	5163	261
5	5215	208	209	262
5	5222	207	5215	263
5	5221	5212	5201	264
5	5221	245	246	265
5	5230	5219	200	266
5	5219	249	200	267
5	5205	5154	5174	268
5	5226	5217	5205	269
5	5198	221	222	270
5	5198	5186	221	271
5	5197	5121	5179	272
5	5197	5088	5121	273
5	5212	5196	5170	274
5	5201	5170	5145	275
5	5195	5140	5169	276
5	5195	5157	5140	277
5	5192	241	5168	278
5	5192	240	241	279
5	5193	5160	243	280
5	5193	5163	5160	281
5	5223	5185	5220	282
5	5211	224	225	283
5	5213	5199	5190	284
5	5225	248	249	285
5	5184	5150	218	286
5	5184	5127	5150	287
5	5183	212	5155	288
5	5183	211	212	289
5	5228	5209	5217	290
5	5209	5169	5188	291
5	5187	241	242	292
5	5187	5160	5139	293
5	5186	220	221	294
5	5186	5151	220	295
5	5220	5185	5161	296
5	5220	5161	5181	297
5	5184	219	5151	298
5	5184	5151	5127	299
5	5183	5155	5125	300
5	5149	210	211	301
5	5190	5113	5152	302
5	5182	5112	5162	303
5	5223	227	5208	304
5	5181	5167	5147	305
5	5180	223	224	306
5	5207	5166	5194	307
5	5216	5179	5177	308
5	5179	5158	5177	309
5	5178	5156	5135	310
5	5178	215	5156	311
5	5177	5158	5130	312
5	5179	228	229	313
5	5191	5129	5143	314
5	5227	5212	247	315
5	5204	5142	5175	316
5	5204	214	5178	317
5	5174	5118	5146	318
5	5174	5154	5118	319
5	5171	5144	238	320
5	5171	5116	5144	321
5	5171	5148	5116	322
5	5172	216	217	323
5	5171	238	239	324
5	5172	217	5150	325
5	5176	5133	5153	326
5	5218	5176	5196	327
5	5202	5189	5157	328
5	5226	204	5217	329
5	5194	5166	5131	330
5	5192	5138	5148	331
5	5167	5134	5122	332
5	5167	5161	5134	333
5	5166	5096	5131	334
5	5166	5147	5096	335
5	5165	5091	5123	336
5	5165	5130	5091	337
5	5198	5194	5164	338
5	5207	222	223	339
5	5201	5145	5173	340
5	5203	5193	244	341
5	5162	5108	5128	342
5	5162	5112	5108	343
5	5181	5147	5180	344
5	5208	5165	5185	345
5	5208	5177	5165	346
5	5216	5177	5208	347
5	5159	5087	5111	348
5	5159	5115	5087	349
5	5158	5105	5130	350
5	5192	5168	5138	351
5	5189	5114	5157	352
5	5206	5128	5189	353
5	5192	5148	240	354
5	5148	239	240	355
5	5155	5090	5125	356
5	5155	5132	5090	357
5	5154	5101	5118	358
5	5154	5119	5101	359
5	5153	5082	5124	360
5	5153	5133	5082	361
5	5191	5152	5129	362
5	5227	248	5218	363
5	5164	5107	5137	364
5	5151	219	220	365
5	5184	218	219	366
5	5150	217	218	367
5	5217	5209	5188	368
5	5182	5162	209	369
5	5178	214	215	370
5	5148	5138	5086	371
5	5207	5194	222	372
5	5147	5122	5096	373
5	5199	5174	5146	374
5	5219	5191	5200	375
5	5145	5098	5126	376
5	5145	5124	5098	377
5	5144	237	238	378
5	5144	5115	237	379
5	5152	5076	5129	380
5	5200	5191	5143	381
5	5175	5155	212	382
5	5183	5149	211	383
5	5141	5094	5061	384
5	5141	5121	5094	385
5	5215	5162	5206	386
5	5214	5174	5199	387
5	5139	5102	5100	388
5	5139	5120	5102	389
5	5187	242	243	390
5	5194	5131	5164	391
5	5198	5164	5186	392
5	5186	5164	5137	393
5	5197	5136	5088	394
5	5197	230	5136	395
5	5135	5047	5093	396
5	5135	5092	5047	397
5	5167	5122	5147	398
5	438	198	199	399
5	5161	5106	5134	400
5	1036	844	843	401
5	307	86	87	402
5	661	506	199	403
5	5189	5128	5114	404
5	508	443	356	405
5	5112	5074	5108	406
5	685	657	503	407
5	5156	5092	5135	408
5	508	356	507	409
5	5204	5178	5142	410
5	659	438	506	411
5	5161	5123	5106	412
5	439	356	196	413
5	5187	5139	5168	414
5	443	195	356	415
5	5177	5130	5165	416
5	485	431	433	417
5	5185	5123	5161	418
5	660	517	543	419
5	5129	5071	5081	420
5	385	153	154	421
5	5129	5076	5071	422
5	661	199	515	423
5	5190	5146	5113	424
5	5188	5169	5119	425
5	5186	5137	5151	426
5	354	121	122	427
5	5182	210	5149	428
5	416	351	111	429
5	5170	5124	5145	430
5	1230	1086	1051	431
5	5203	244	245	432
5	410	132	275	433
5	5183	5125	5149	434
5	415	108	321	435
5	5182	5149	5112	436
5	347	101	259	437
5	5124	5045	5098	438
5	318	89	284	439
5	5124	5082	5045	440
5	425	106	277	441
5	5187	5168	241	442
5	578	347	452	443
5	5180	5147	5166	444
5	325	102	103	445
5	5134	5097	5109	446
5	473	464	312	447
5	5134	5109	5122	448
5	769	737	516	449
5	5179	5121	5158	450
5	5158	5121	5141	451
5	5160	5120	5139	452
5	347	100	101	453
5	5168	5100	5138	454
5	445	95	348	455
5	5140	5103	5056	456
5	671	579	645	457
5	5205	5188	5154	458
5	303	84	85	459
5	5146	5118	5089	460
5	445	336	94	461
5	5146	5089	5113	462
5	721	509	477	463
5	5117	5077	5046	464
5	320	92	93	465
5	5117	234	5077	466
5	335	83	84	467
5	5116	5086	5064	468
5	447	82	250	469
5	5138	5100	5070	470
5	764	754	540	471
5	5159	236	237	472
5	339	71	315	473
5	5159	237	5115	474
5	306	58	59	475
5	5169	5140	5085	476
5	5140	5056	5085	477
5	5113	5052	5076	478
5	292	31	32	479
5	5113	5089	5052	480
5	419	12	287	481
5	5159	5111	236	482
5	288	268	8	483
5	5111	235	236	484
5	293	2	3	485
5	5128	5084	5114	486
5	293	256	2	487
5	5111	5087	5057	488
5	1394	1257	1239	489
5	5110	5048	5092	490
5	340	199	0	491
5	5110	5079	5048	492
5	1218	517	853	493
5	5109	5049	5038	494
5	729	460	521	495
5	5109	5097	5049	496
5	746	543	518	497
5	5149	5099	5112	498
5	5209	5195	5169	499
5	5107	5020	5063	500
5	5107	5068	5020	501
5	312	80	279	502
5	762	562	555	503
5	460	263	267	504
5	670	470	454	505
5	273	139	140	506
5	641	588	365	507
5	384	159	160	508
5	261	154	155	509
5	304	55	302	510
5	573	332	466	511
5	742	537	741	512
5	1505	888	1371	513
5	256	255	1	514
5	256	1	2	515
5	330	30	257	516
5	472	345	295	517
5	346	36	258	518
5	260	32	33	519
5	511	456	320	520
5	452	259	451	521
5	329	34	265	522
5	292	32	260	523
5	813	617	667	524
5	349	151	152	525
5	521	460	267	526
5	726	515	340	527
5	263	262	5	528
5	263	5	6	529
5	264	261	155	530
5	264	155	156	531
5	329	33	34	532
5	265	34	35	533
5	510	325	423	534
5	514	284	467	535
5	267	263	6	536
5	267	6	7	537
5	268	267	7	538
5	268	7	8	539
5	452	347	259	540
5	509	418	425	541
5	476	330	459	542
5	422	296	47	543
5	326	26	271	544
5	317	22	276	545
5	420	27	28	546
5	272	28	29	547
5	480	400	390	548
5	374	275	133	549
5	570	474	254	550
5	276	22	23	551
5	590	519	252	552
5	374	133	134	553
5	575	343	308	554
5	278	20	21	555
5	415	107	108	556
5	625	321	478	557
5	565	557	294	558
5	557	316	294	559
5	466	332	417	560
5	563	540	300	561
5	642	441	316	562
5	471	251	270	563
5	281	269	97	564
5	281	97	98	565
5	309	16	283	566
5	470	265	346	567
5	309	15	16	568
5	283	16	17	569
5	307	87	301	570
5	675	568	456	571
5	333	43	44	572
5	314	44	45	573
5	286	276	23	574
5	286	23	24	575
5	528	462	274	576
5	533	455	280	577
5	324	10	289	578
5	535	323	282	579
5	324	9	10	580
5	289	10	11	581
5	498	466	417	582
5	310	290	73	583
5	291	280	19	584
5	291	19	20	585
5	938	928	741	586
5	537	468	287	587
5	534	283	322	588
5	521	267	268	589
5	514	318	284	590
5	297	50	51	591
5	422	47	48	592
5	296	46	47	593
5	644	307	536	594
5	573	341	332	595
5	298	48	49	596
5	299	50	297	597
5	505	315	290	598
5	422	48	298	599
5	299	298	49	600
5	299	49	50	601
5	310	73	74	602
5	448	75	300	603
5	913	671	859	604
5	1110	871	1094	605
5	304	54	55	606
5	304	285	54	607
5	442	86	307	608
5	442	85	86	609
5	576	343	575	610
5	665	534	652	611
5	343	62	308	612
5	344	64	65	613
5	556	314	328	614
5	338	58	306	615
5	442	303	85	616
5	467	284	337	617
5	343	61	62	618
5	343	305	61	619
5	497	334	251	620
5	497	251	471	621
5	701	547	662	622
5	532	447	516	623
5	332	67	68	624
5	449	64	344	625
5	313	77	78	626
5	331	76	77	627
5	469	290	310	628
5	331	77	313	629
5	455	322	280	630
5	333	44	314	631
5	339	70	71	632
5	339	311	70	633
5	524	263	460	634
5	441	41	316	635
5	317	278	21	636
5	317	21	22	637
5	318	301	88	638
5	318	88	89	639
5	319	293	3	640
5	319	3	4	641
5	337	284	90	642
5	446	92	320	643
5	415	277	107	644
5	321	108	109	645
5	322	283	17	646
5	322	17	18	647
5	323	287	13	648
5	323	13	14	649
5	552	283	534	650
5	538	289	419	651
5	423	104	418	652
5	694	625	478	653
5	326	274	25	654
5	326	25	26	655
5	341	67	332	656
5	344	65	327	657
5	328	314	45	658
5	328	45	46	659
5	734	677	462	660
5	459	330	257	661
5	330	272	29	662
5	330	29	30	663
5	562	313	555	664
5	498	417	311	665
5	341	66	67	666
5	341	327	66	667
5	468	419	287	668
5	1362	1084	1218	669
5	334	258	37	670
5	334	37	38	671
5	897	675	861	672
5	540	448	300	673
5	336	320	93	674
5	336	93	94	675
5	547	318	514	676
5	768	567	566	677
5	756	520	651	678
5	461	421	305	679
5	652	534	455	680
5	746	660	543	681
5	753	741	535	682
5	1043	889	916	683
5	550	421	461	684
5	643	270	441	685
5	342	313	78	686
5	342	78	79	687
5	575	308	453	688
5	474	302	254	689
5	556	328	520	690
5	449	308	63	691
5	345	297	51	692
5	345	51	52	693
5	346	265	35	694
5	346	35	36	695
5	692	465	647	696
5	347	266	100	697
5	445	94	95	698
5	725	536	701	699
5	407	153	385	700
5	618	407	617	701
5	350	281	98	702
5	350	98	99	703
5	424	109	110	704
5	351	110	111	705
5	413	114	352	706
5	416	112	353	707
5	478	321	424	708
5	496	371	429	709
5	426	367	118	710
5	372	352	115	711
5	378	143	355	712
5	436	140	141	713
5	807	611	806	714
5	359	188	189	715
5	495	383	410	716
5	591	364	378	717
5	783	584	782	718
5	493	410	275	719
5	489	398	361	720
5	394	185	369	721
5	992	880	704	722
5	365	181	182	723
5	605	391	400	724
5	392	178	179	725
5	362	358	148	726
5	362	148	149	727
5	834	450	635	728
5	799	708	504	729
5	603	387	404	730
5	436	141	364	731
5	366	179	180	732
5	392	361	178	733
5	608	480	390	734
5	392	179	366	735
5	426	119	371	736
5	626	353	580	737
5	368	359	189	738
5	368	189	190	739
5	370	183	184	740
5	437	182	183	741
5	839	640	593	742
5	437	183	370	743
5	426	118	119	744
5	371	119	120	745
5	501	413	352	746
5	627	351	416	747
5	428	135	373	748
5	599	380	414	749
5	718	598	689	750
5	824	626	823	751
5	379	124	125	752
5	414	124	379	753
5	432	136	137	754
5	376	137	138	755
5	377	363	146	756
5	377	146	147	757
5	378	364	142	758
5	378	142	143	759
5	600	481	354	760
5	686	583	487	761
5	816	620	619	762
5	689	598	483	763
5	408	156	157	764
5	408	264	156	765
5	412	127	128	766
5	382	128	129	767
5	409	129	130	768
5	383	130	131	769
5	405	158	159	770
5	405	381	158	771
5	407	152	153	772
5	407	349	152	773
5	604	389	402	774
5	640	370	593	775
5	609	391	605	776
5	403	163	387	777
5	389	167	168	778
5	401	166	167	779
5	604	402	601	780
5	401	167	389	781
5	391	171	172	782
5	399	170	171	783
5	479	384	406	784
5	399	171	391	785
5	606	504	392	786
5	593	370	394	787
5	397	174	175	788
5	397	390	174	789
5	394	370	184	790
5	394	184	185	791
5	395	366	180	792
5	395	180	181	793
5	396	360	187	794
5	396	187	188	795
5	620	523	264	796
5	615	384	479	797
5	398	393	176	798
5	398	176	177	799
5	482	406	253	800
5	614	253	403	801
5	400	391	172	802
5	400	172	173	803
5	605	400	480	804
5	489	484	398	805
5	402	389	168	806
5	402	168	169	807
5	974	788	732	808
5	622	382	409	809
5	404	387	164	810
5	404	164	165	811
5	494	376	435	812
5	621	409	383	813
5	406	384	160	814
5	406	160	161	815
5	638	436	364	816
5	583	362	444	817
5	487	444	357	818
5	583	444	487	819
5	636	376	494	820
5	617	407	385	821
5	410	383	131	822
5	410	131	132	823
5	411	379	125	824
5	411	125	126	825
5	529	428	373	826
5	634	426	371	827
5	413	353	113	828
5	413	113	114	829
5	414	380	123	830
5	414	123	124	831
5	580	413	501	832
5	509	425	477	833
5	496	429	481	834
5	527	378	355	835
5	417	332	68	836
5	417	68	69	837
5	423	325	103	838
5	418	104	105	839
5	419	289	11	840
5	419	11	12	841
5	534	322	455	842
5	533	280	291	843
5	421	306	59	844
5	421	59	60	845
5	574	327	341	846
5	646	449	344	847
5	632	418	509	848
5	861	675	669	849
5	624	375	412	850
5	500	414	379	851
5	425	418	105	852
5	425	105	106	853
5	595	372	594	854
5	690	594	450	855
5	427	372	116	856
5	427	116	117	857
5	428	374	134	858
5	428	134	135	859
5	429	371	120	860
5	429	120	121	861
5	430	368	190	862
5	430	190	191	863
5	431	430	191	864
5	431	191	192	865
5	494	435	486	866
5	639	486	273	867
5	433	431	192	868
5	433	192	193	869
5	434	433	193	870
5	434	193	194	871
5	435	376	138	872
5	435	138	139	873
5	601	402	388	874
5	602	404	386	875
5	867	506	661	876
5	812	616	615	877
5	439	196	197	878
5	440	198	438	879
5	592	395	588	880
5	586	368	492	881
5	440	439	197	882
5	440	197	198	883
5	539	521	268	884
5	541	292	260	885
5	473	312	279	886
5	532	473	279	887
5	443	434	194	888
5	443	194	195	889
5	444	362	149	890
5	444	149	150	891
5	951	767	751	892
5	1051	856	915	893
5	446	337	91	894
5	446	91	92	895
5	447	279	81	896
5	447	81	82	897
5	448	310	74	898
5	448	74	75	899
5	526	295	285	900
5	569	306	550	901
5	450	427	367	902
5	635	450	367	903
5	884	790	690	904
5	791	781	501	905
5	978	793	977	906
5	902	702	717	907
5	646	453	449	908
5	577	344	327	909
5	454	346	258	910
5	497	458	334	911
5	628	272	476	912
5	629	463	271	913
5	456	446	320	914
5	951	751	856	915
5	457	385	261	916
5	523	457	261	917
5	458	454	258	918
5	458	258	334	919
5	476	272	330	920
5	462	286	274	921
5	825	628	476	922
5	736	475	531	923
5	548	302	474	924
5	544	345	472	925
5	528	326	463	926
5	679	524	666	927
5	528	274	326	928
5	463	326	271	929
5	464	342	312	930
5	775	498	572	931
5	465	348	269	932
5	698	512	513	933
5	754	554	540	934
5	737	532	516	935
5	567	250	335	936
5	532	279	447	937
5	539	268	288	938
5	538	419	468	939
5	572	498	311	940
5	505	290	469	941
5	561	541	260	942
5	542	257	292	943
5	843	643	642	944
5	631	520	296	945
5	544	297	345	946
5	520	328	296	947
5	701	536	547	948
5	536	307	301	949
5	548	304	302	950
5	526	472	295	951
5	531	317	522	952
5	533	291	475	953
5	628	420	272	954
5	629	271	420	955
5	477	425	277	956
5	499	477	277	957
5	499	277	415	958
5	698	513	578	959
5	615	405	384	960
5	523	261	264	961
5	610	601	388	962
5	862	707	655	963
5	635	426	634	964
5	634	371	496	965
5	705	479	482	966
5	792	597	687	967
5	598	411	483	968
5	600	354	380	969
5	607	397	393	970
5	608	390	397	971
5	808	797	602	972
5	488	394	369	973
5	596	493	275	974
5	596	275	374	975
5	590	252	363	976
5	519	355	252	977
5	988	802	801	978
5	587	360	396	979
5	798	592	789	980
5	800	607	484	981
5	490	485	433	982
5	490	433	434	983
5	491	488	369	984
5	491	369	360	985
5	502	396	359	986
5	587	491	360	987
5	730	457	523	988
5	495	410	493	989
5	711	529	637	990
5	597	428	529	991
5	835	636	710	992
5	621	383	495	993
5	822	689	483	994
5	635	367	426	995
5	771	570	569	996
5	770	569	550	997
5	571	315	505	998
5	776	466	716	999
5	717	625	694	1000
5	901	852	695	1001
5	821	623	820	1002
5	599	414	500	1003
5	627	416	626	1004
5	626	416	353	1005
5	706	581	654	1006
5	587	396	502	1007
5	503	490	434	1008
5	503	434	443	1009
5	504	489	361	1010
5	504	361	392	1011
5	571	339	315	1012
5	572	311	339	1013
5	506	438	199	1014
5	943	917	743	1015
5	685	503	508	1016
5	910	681	850	1017
5	654	485	653	1018
5	987	801	800	1019
5	663	578	452	1020
5	852	663	695	1021
5	1199	1020	1198	1022
5	724	647	525	1023
5	698	578	663	1024
5	722	632	656	1025
5	859	692	847	1026
5	525	281	512	1027
5	513	512	350	1028
5	513	350	266	1029
5	566	335	303	1030
5	516	447	250	1031
5	1219	658	1080	1032
5	515	199	340	1033
5	1038	845	780	1034
5	551	303	442	1035
5	668	256	517	1036
5	868	661	515	1037
5	543	517	293	1038
5	518	319	262	1039
5	584	362	583	1040
5	527	355	519	1041
5	545	297	544	1042
5	631	296	422	1043
5	740	652	455	1044
5	752	552	665	1045
5	531	278	317	1046
5	522	317	276	1047
5	616	405	615	1048
5	782	584	583	1049
5	524	518	262	1050
5	524	262	263	1051
5	525	465	269	1052
5	525	269	281	1053
5	549	304	548	1054
5	757	556	756	1055
5	839	593	683	1056
5	591	378	527	1057
5	665	552	534	1058
5	742	696	468	1059
5	637	432	636	1060
5	637	373	432	1061
5	530	522	276	1062
5	530	276	286	1063
5	874	700	731	1064
5	747	544	700	1065
5	673	662	514	1066
5	773	505	699	1067
5	829	631	630	1068
5	765	565	564	1069
5	553	535	282	1070
5	537	287	323	1071
5	553	309	552	1072
5	537	323	535	1073
5	567	335	566	1074
5	566	303	551	1075
5	760	560	672	1076
5	744	542	541	1077
5	559	539	288	1078
5	558	289	538	1079
5	559	324	558	1080
5	759	559	758	1081
5	554	310	448	1082
5	554	469	310	1083
5	561	329	560	1084
5	542	292	541	1085
5	674	522	530	1086
5	1017	828	748	1087
5	889	758	728	1088
5	1528	1266	1364	1089
5	545	299	297	1090
5	630	422	298	1091
5	748	546	545	1092
5	546	299	545	1093
5	844	714	471	1094
5	630	298	546	1095
5	547	536	301	1096
5	547	301	318	1097
5	549	285	304	1098
5	549	526	285	1099
5	700	544	472	1100
5	715	678	458	1101
5	569	338	306	1102
5	570	254	338	1103
5	751	551	644	1104
5	567	516	250	1105
5	553	282	309	1106
5	552	309	283	1107
5	745	459	542	1108
5	672	560	470	1109
5	780	577	574	1110
5	776	573	466	1111
5	562	331	313	1112
5	563	300	331	1113
5	763	562	762	1114
5	738	473	532	1115
5	565	333	564	1116
5	642	316	557	1117
5	559	288	324	1118
5	558	324	289	1119
5	679	518	524	1120
5	753	553	752	1121
5	561	260	329	1122
5	560	329	265	1123
5	746	518	679	1124
5	734	528	733	1125
5	953	769	768	1126
5	563	331	562	1127
5	846	453	646	1128
5	699	505	469	1129
5	565	294	333	1130
5	564	333	314	1131
5	777	574	573	1132
5	845	646	577	1133
5	1086	856	1051	1134
5	723	511	579	1135
5	723	579	671	1136
5	669	456	511	1137
5	568	467	337	1138
5	568	337	446	1139
5	761	744	541	1140
5	570	338	569	1141
5	750	549	749	1142
5	1667	1374	1548	1143
5	1136	946	1047	1144
5	572	339	571	1145
5	676	550	461	1146
5	846	649	453	1147
5	773	571	505	1148
5	574	341	573	1149
5	1142	954	953	1150
5	577	327	574	1151
5	576	305	343	1152
5	576	461	305	1153
5	1037	714	844	1154
5	829	651	631	1155
5	1039	846	845	1156
5	646	344	577	1157
5	578	513	266	1158
5	578	266	347	1159
5	579	511	336	1160
5	579	336	445	1161
5	790	594	690	1162
5	633	351	627	1163
5	581	492	430	1164
5	581	430	431	1165
5	582	487	357	1166
5	582	357	349	1167
5	584	358	362	1168
5	589	363	377	1169
5	712	495	493	1170
5	585	358	584	1171
5	688	494	486	1172
5	589	377	585	1173
5	586	502	359	1174
5	586	359	368	1175
5	1092	867	661	1176
5	802	703	480	1177
5	592	366	395	1178
5	606	392	366	1179
5	1030	905	688	1180
5	590	363	589	1181
5	840	641	640	1182
5	1154	968	910	1183
5	803	605	703	1184
5	638	364	591	1185
5	789	592	588	1186
5	606	366	592	1187
5	640	437	370	1188
5	641	365	437	1189
5	595	352	372	1190
5	594	372	427	1191
5	794	500	718	1192
5	796	481	600	1193
5	787	519	590	1194
5	838	688	486	1195
5	597	596	374	1196
5	597	374	428	1197
5	598	500	379	1198
5	598	379	411	1199
5	793	596	792	1200
5	600	380	599	1201
5	821	624	623	1202
5	793	712	493	1203
5	612	602	386	1204
5	613	403	387	1205
5	611	389	604	1206
5	603	404	602	1207
5	683	593	488	1208
5	613	387	603	1209
5	611	401	389	1210
5	612	386	401	1211
5	609	399	391	1212
5	610	388	399	1213
5	681	586	492	1214
5	707	491	655	1215
5	803	609	605	1216
5	608	397	607	1217
5	840	640	839	1218
5	983	798	789	1219
5	708	489	504	1220
5	610	399	609	1221
5	812	615	684	1222
5	684	615	479	1223
5	810	614	613	1224
5	612	401	611	1225
5	1032	840	839	1226
5	801	608	607	1227
5	709	489	708	1228
5	614	403	613	1229
5	788	527	732	1230
5	682	487	582	1231
5	616	381	405	1232
5	620	264	408	1233
5	1026	834	1025	1234
5	619	381	616	1235
5	618	349	407	1236
5	618	582	349	1237
5	686	487	682	1238
5	782	583	686	1239
5	732	527	519	1240
5	620	408	619	1241
5	787	732	519	1242
5	785	589	585	1243
5	687	597	529	1244
5	622	409	621	1245
5	820	623	622	1246
5	623	382	622	1247
5	1001	813	877	1248
5	624	412	623	1249
5	713	496	481	1250
5	702	477	499	1251
5	625	499	415	1252
5	625	415	321	1253
5	781	580	501	1254
5	633	424	351	1255
5	911	702	902	1256
5	721	477	702	1257
5	826	628	825	1258
5	629	420	628	1259
5	827	733	463	1260
5	883	666	729	1261
5	651	520	631	1262
5	631	422	630	1263
5	715	497	714	1264
5	740	455	533	1265
5	632	510	423	1266
5	632	423	418	1267
5	791	595	790	1268
5	831	478	633	1269
5	718	500	598	1270
5	796	713	481	1271
5	831	633	830	1272
5	1007	819	818	1273
5	637	529	373	1274
5	636	432	376	1275
5	813	618	617	1276
5	836	638	591	1277
5	797	603	602	1278
5	639	436	638	1279
5	811	705	482	1280
5	705	684	479	1281
5	903	684	705	1282
5	641	437	640	1283
5	654	581	485	1284
5	817	730	523	1285
5	649	575	453	1286
5	643	441	642	1287
5	778	575	649	1288
5	770	550	676	1289
5	644	551	442	1290
5	644	442	307	1291
5	645	579	445	1292
5	645	445	348	1293
5	950	766	765	1294
5	937	752	855	1295
5	695	452	451	1296
5	1220	1045	1048	1297
5	648	548	474	1298
5	772	648	474	1299
5	778	576	575	1300
5	772	474	570	1301
5	650	476	459	1302
5	745	650	459	1303
5	756	556	520	1304
5	844	471	643	1305
5	735	522	674	1306
5	759	743	539	1307
5	1219	507	658	1308
5	863	685	849	1309
5	1069	983	1031	1310
5	1318	1171	1317	1311
5	719	586	681	1312
5	784	655	587	1313
5	656	632	509	1314
5	721	656	509	1315
5	657	653	490	1316
5	657	490	503	1317
5	658	507	439	1318
5	658	439	440	1319
5	691	438	659	1320
5	691	440	438	1321
5	1063	942	889	1322
5	909	891	678	1323
5	668	255	256	1324
5	868	515	726	1325
5	662	547	514	1326
5	1115	1079	873	1327
5	695	451	693	1328
5	1022	694	831	1329
5	664	555	464	1330
5	738	532	737	1331
5	696	538	468	1332
5	666	524	460	1333
5	728	538	696	1334
5	758	558	728	1335
5	667	617	457	1336
5	730	667	457	1337
5	853	517	660	1338
5	727	255	668	1339
5	673	514	467	1340
5	675	456	669	1341
5	1018	829	828	1342
5	672	470	670	1343
5	723	669	511	1344
5	1012	781	976	1345
5	1086	951	856	1346
5	1040	875	649	1347
5	680	568	675	1348
5	680	467	568	1349
5	735	531	522	1350
5	739	533	475	1351
5	680	673	467	1352
5	915	856	725	1353
5	779	576	778	1354
5	779	676	461	1355
5	677	674	530	1356
5	677	530	462	1357
5	678	670	454	1358
5	678	454	458	1359
5	896	666	883	1360
5	1134	943	1133	1361
5	856	751	725	1362
5	915	701	871	1363
5	719	502	586	1364
5	784	502	719	1365
5	814	618	813	1366
5	814	582	618	1367
5	841	588	641	1368
5	703	605	480	1369
5	993	807	806	1370
5	704	604	601	1371
5	867	659	506	1372
5	720	685	508	1373
5	1028	837	836	1374
5	838	486	639	1375
5	710	494	688	1376
5	711	687	529	1377
5	710	636	494	1378
5	999	903	705	1379
5	818	495	712	1380
5	819	622	621	1381
5	832	496	713	1382
5	1202	1024	1023	1383
5	720	508	507	1384
5	691	658	440	1385
5	692	671	645	1386
5	692	645	465	1387
5	695	663	452	1388
5	1267	1109	914	1389
5	823	580	781	1390
5	830	633	627	1391
5	1107	902	1054	1392
5	901	695	693	1393
5	728	558	538	1394
5	729	666	460	1395
5	697	664	464	1396
5	697	464	473	1397
5	724	512	698	1398
5	724	525	512	1399
5	755	554	754	1400
5	716	466	498	1401
5	747	545	544	1402
5	828	630	546	1403
5	725	644	536	1404
5	738	697	473	1405
5	1198	1020	1013	1406
5	864	693	722	1407
5	805	704	601	1408
5	806	604	704	1409
5	804	609	803	1410
5	1366	1224	1264	1411
5	809	603	797	1412
5	995	808	994	1413
5	706	681	492	1414
5	706	492	581	1415
5	707	683	488	1416
5	707	488	491	1417
5	709	484	489	1418
5	802	480	608	1419
5	995	797	808	1420
5	800	484	709	1421
5	991	805	804	1422
5	993	806	880	1423
5	865	812	684	1424
5	1002	812	865	1425
5	818	621	495	1426
5	820	622	819	1427
5	832	634	496	1428
5	833	635	634	1429
5	715	458	497	1430
5	714	497	471	1431
5	925	739	736	1432
5	921	735	674	1433
5	774	571	773	1434
5	775	716	498	1435
5	717	702	499	1436
5	717	499	625	1437
5	794	599	500	1438
5	795	600	599	1439
5	910	719	681	1440
5	1032	839	879	1441
5	1070	1032	879	1442
5	1068	857	863	1443
5	1021	831	830	1444
5	1026	884	690	1445
5	722	693	510	1446
5	722	510	632	1447
5	1253	1102	1225	1448
5	1258	1059	1082	1449
5	1221	1059	852	1450
5	1057	698	663	1451
5	954	737	769	1452
5	1060	913	859	1453
5	1222	1093	868	1454
5	1061	888	932	1455
5	727	726	340	1456
5	727	340	255	1457
5	893	670	891	1458
5	930	745	744	1459
5	922	735	921	1460
5	1289	1124	1064	1461
5	815	616	812	1462
5	1062	900	905	1463
5	731	700	472	1464
5	731	472	526	1465
5	788	591	527	1466
5	837	639	638	1467
5	734	462	528	1468
5	733	528	463	1469
5	941	757	756	1470
5	1015	826	1014	1471
5	855	752	665	1472
5	736	531	735	1473
5	938	753	937	1474
5	739	475	736	1475
5	767	551	751	1476
5	875	778	649	1477
5	958	872	648	1478
5	960	774	959	1479
5	929	742	928	1480
5	740	533	739	1481
5	1407	1228	1294	1482
5	1810	1652	1504	1483
5	742	468	537	1484
5	741	537	535	1485
5	855	665	854	1486
5	1014	826	825	1487
5	743	729	521	1488
5	743	521	539	1489
5	761	561	760	1490
5	745	542	744	1491
5	1019	651	829	1492
5	935	750	749	1493
5	1139	941	1076	1494
5	1120	854	927	1495
5	931	650	745	1496
5	748	545	747	1497
5	1014	825	869	1498
5	828	546	748	1499
5	750	526	549	1500
5	750	731	526	1501
5	920	885	677	1502
5	927	652	740	1503
5	767	566	551	1504
5	769	516	567	1505
5	753	535	553	1506
5	752	553	552	1507
5	929	916	696	1508
5	1213	1035	1212	1509
5	755	469	554	1510
5	755	699	469	1511
5	948	754	764	1512
5	939	755	754	1513
5	757	564	556	1514
5	766	557	565	1515
5	941	756	851	1516
5	765	564	757	1517
5	759	539	559	1518
5	758	559	558	1519
5	1120	1085	854	1520
5	922	736	735	1521
5	761	541	561	1522
5	760	561	560	1523
5	956	771	770	1524
5	935	749	872	1525
5	763	563	562	1526
5	764	540	563	1527
5	959	774	773	1528
5	764	563	763	1529
5	963	777	776	1530
5	961	775	960	1531
5	891	670	678	1532
5	766	565	765	1533
5	1035	843	842	1534
5	842	557	766	1535
5	915	725	701	1536
5	768	566	767	1537
5	948	939	754	1538
5	769	567	768	1539
5	947	763	946	1540
5	1040	649	846	1541
5	872	749	648	1542
5	771	569	770	1543
5	956	770	955	1544
5	772	570	771	1545
5	965	778	875	1546
5	957	772	771	1547
5	774	572	571	1548
5	775	572	774	1549
5	952	767	951	1550
5	859	671	692	1551
5	871	701	662	1552
5	923	738	737	1553
5	873	664	697	1554
5	777	573	776	1555
5	873	848	664	1556
5	780	574	777	1557
5	779	461	576	1558
5	933	747	700	1559
5	1127	935	1067	1560
5	934	748	747	1561
5	946	763	762	1562
5	845	577	780	1563
5	823	626	580	1564
5	824	627	626	1565
5	783	585	584	1566
5	786	590	589	1567
5	1029	838	837	1568
5	785	585	783	1569
5	986	709	904	1570
5	985	904	708	1571
5	967	782	858	1572
5	786	589	785	1573
5	970	783	967	1574
5	787	590	786	1575
5	900	835	710	1576
5	973	732	787	1577
5	1011	689	822	1578
5	836	591	788	1579
5	798	606	592	1580
5	799	504	606	1581
5	791	501	595	1582
5	790	595	594	1583
5	1008	820	819	1584
5	1020	830	824	1585
5	793	493	596	1586
5	792	596	597	1587
5	1027	836	788	1588
5	906	835	900	1589
5	981	795	980	1590
5	795	599	794	1591
5	1020	824	1013	1592
5	796	600	795	1593
5	975	791	790	1594
5	976	791	975	1595
5	809	613	603	1596
5	811	482	614	1597
5	1081	850	876	1598
5	799	606	798	1599
5	969	862	655	1600
5	1257	1081	1239	1601
5	898	803	703	1602
5	801	607	800	1603
5	904	709	708	1604
5	802	608	801	1605
5	878	707	862	1606
5	998	811	810	1607
5	804	610	609	1608
5	805	601	610	1609
5	880	806	704	1610
5	805	610	804	1611
5	989	898	703	1612
5	1078	857	1068	1613
5	807	612	611	1614
5	808	602	612	1615
5	1209	1029	1208	1616
5	808	612	807	1617
5	1182	1002	1073	1618
5	877	813	667	1619
5	1253	1056	1102	1620
5	810	613	809	1621
5	1004	817	816	1622
5	811	614	810	1623
5	903	865	684	1624
5	1159	972	971	1625
5	815	619	616	1626
5	817	523	620	1627
5	814	682	582	1628
5	971	786	785	1629
5	882	792	687	1630
5	1102	1056	901	1631
5	879	683	878	1632
5	816	619	815	1633
5	1002	815	812	1634
5	817	620	816	1635
5	907	882	687	1636
5	1006	818	712	1637
5	977	793	792	1638
5	819	621	818	1639
5	1025	834	833	1640
5	822	624	821	1641
5	1025	833	1024	1642
5	822	483	624	1643
5	1012	823	781	1644
5	975	790	884	1645
5	979	718	881	1646
5	981	796	795	1647
5	1013	823	1012	1648
5	979	794	718	1649
5	976	781	791	1650
5	830	627	824	1651
5	826	629	628	1652
5	827	463	629	1653
5	1019	829	1018	1654
5	827	629	826	1655
5	869	825	650	1656
5	894	760	672	1657
5	949	757	941	1658
5	829	630	828	1659
5	1037	908	714	1660
5	1145	955	1144	1661
5	1056	852	901	1662
5	911	721	702	1663
5	901	693	864	1664
5	902	717	860	1665
5	982	796	981	1666
5	833	634	832	1667
5	977	792	882	1668
5	834	635	833	1669
5	967	783	782	1670
5	1104	907	906	1671
5	835	711	637	1672
5	835	637	636	1673
5	978	712	793	1674
5	837	638	836	1675
5	1030	688	838	1676
5	838	639	837	1677
5	1003	815	1002	1678
5	878	683	707	1679
5	1367	1092	1265	1680
5	841	641	840	1681
5	984	798	983	1682
5	841	789	588	1683
5	1226	1090	1156	1684
5	876	706	654	1685
5	921	674	885	1686
5	843	642	842	1687
5	931	869	650	1688
5	844	643	843	1689
5	894	672	893	1690
5	909	715	908	1691
5	870	773	699	1692
5	846	646	845	1693
5	961	716	775	1694
5	959	773	870	1695
5	847	692	647	1696
5	914	647	724	1697
5	848	762	664	1698
5	1138	1131	939	1699
5	1044	691	659	1700
5	1686	1371	1519	1701
5	1154	910	1049	1702
5	857	653	657	1703
5	851	756	651	1704
5	1148	872	958	1705
5	1082	724	1058	1706
5	914	847	647	1707
5	1506	863	1042	1708
5	1083	726	727	1709
5	854	665	652	1710
5	927	854	652	1711
5	1101	891	909	1712
5	1260	1100	1228	1713
5	954	923	737	1714
5	1308	1152	1307	1715
5	876	850	706	1716
5	887	653	857	1717
5	858	782	686	1718
5	899	858	686	1719
5	1231	1045	1220	1720
5	1507	1408	1431	1721
5	860	717	694	1722
5	1336	1191	1335	1723
5	1369	1220	1271	1724
5	1598	1554	1440	1725
5	968	719	910	1726
5	1156	862	969	1727
5	863	857	657	1728
5	863	657	685	1729
5	1162	975	884	1730
5	1167	980	1166	1731
5	1005	918	730	1732
5	1278	1105	1104	1733
5	866	864	722	1734
5	866	722	656	1735
5	1406	1093	1222	1736
5	1264	1224	1078	1737
5	1527	1061	932	1738
5	1371	888	1227	1739
5	1016	919	733	1740
5	885	674	677	1741
5	940	755	939	1742
5	962	716	961	1743
5	1140	952	951	1744
5	1094	890	1041	1745
5	1217	875	1040	1746
5	955	770	676	1747
5	924	738	923	1748
5	924	697	738	1749
5	936	750	935	1750
5	933	700	874	1751
5	1150	960	1149	1752
5	958	648	772	1753
5	1171	985	1170	1754
5	1155	968	1154	1755
5	1077	905	1030	1756
5	899	686	682	1757
5	879	839	683	1758
5	1033	840	1032	1759
5	1078	887	857	1760
5	1171	904	985	1761
5	990	803	898	1762
5	996	797	995	1763
5	881	718	689	1764
5	1011	881	689	1765
5	1006	712	978	1766
5	1010	822	821	1767
5	1135	945	944	1768
5	917	883	729	1769
5	980	794	979	1770
5	1024	833	832	1771
5	920	734	919	1772
5	925	736	922	1773
5	1508	720	886	1774
5	886	720	507	1775
5	887	876	654	1776
5	887	654	653	1777
5	932	679	896	1778
5	932	746	679	1779
5	917	729	743	1780
5	942	758	889	1781
5	890	871	662	1782
5	890	662	673	1783
5	893	672	670	1784
5	945	930	744	1785
5	892	861	669	1786
5	892	669	723	1787
5	1113	921	885	1788
5	944	760	894	1789
5	1046	944	894	1790
5	1195	1111	919	1791
5	895	890	673	1792
5	895	673	680	1793
5	932	888	746	1794
5	896	679	666	1795
5	897	895	680	1796
5	897	680	675	1797
5	990	804	803	1798
5	992	704	805	1799
5	1071	1000	1001	1800
5	1206	1027	974	1801
5	906	711	835	1802
5	907	687	711	1803
5	1108	1055	912	1804
5	1221	852	1056	1805
5	912	656	721	1806
5	912	721	911	1807
5	994	807	993	1808
5	1180	996	1179	1809
5	986	800	709	1810
5	989	703	802	1811
5	905	900	710	1812
5	905	710	688	1813
5	1190	881	1011	1814
5	907	711	906	1815
5	1187	1009	1008	1816
5	1165	978	977	1817
5	909	678	715	1818
5	908	715	714	1819
5	1123	1066	931	1820
5	1119	927	926	1821
5	968	784	719	1822
5	969	655	784	1823
5	1335	1163	1313	1824
5	912	866	656	1825
5	1229	1087	1109	1826
5	1205	884	1026	1827
5	913	892	723	1828
5	913	723	671	1829
5	1091	864	866	1830
5	1060	1050	913	1831
5	1269	1140	1086	1832
5	1151	961	1150	1833
5	916	889	728	1834
5	916	728	696	1835
5	943	759	942	1836
5	1228	1100	1134	1837
5	918	877	667	1838
5	918	667	730	1839
5	920	677	734	1840
5	919	734	733	1841
5	1144	964	1095	1842
5	1217	1096	875	1843
5	1146	957	956	1844
5	926	740	739	1845
5	1238	1076	1197	1846
5	1195	919	1016	1847
5	924	873	697	1848
5	1321	1177	1176	1849
5	1153	966	963	1850
5	1290	1128	1247	1851
5	1283	1112	1111	1852
5	926	739	925	1853
5	1121	929	928	1854
5	927	740	926	1855
5	1129	937	1065	1856
5	1085	855	854	1857
5	929	696	742	1858
5	928	742	741	1859
5	1063	889	1043	1860
5	1133	942	1063	1861
5	945	761	944	1862
5	931	745	930	1863
5	1123	930	945	1864
5	1065	937	855	1865
5	1286	1117	1284	1866
5	1604	1461	1460	1867
5	1283	1113	1112	1868
5	934	747	933	1869
5	1194	1016	1015	1870
5	1017	748	934	1871
5	936	731	750	1872
5	936	874	731	1873
5	1125	933	874	1874
5	1139	949	941	1875
5	938	741	753	1876
5	937	753	752	1877
5	1130	1121	928	1878
5	1227	888	1061	1879
5	940	699	755	1880
5	940	870	699	1881
5	1131	940	939	1882
5	1052	959	870	1883
5	949	765	757	1884
5	1034	842	766	1885
5	943	743	759	1886
5	942	759	758	1887
5	1368	1227	1061	1888
5	1124	932	896	1889
5	945	744	761	1890
5	944	761	760	1891
5	1117	925	922	1892
5	1123	945	1135	1893
5	947	764	763	1894
5	948	764	947	1895
5	1297	1136	1244	1896
5	1106	908	1037	1897
5	1095	964	965	1898
5	1304	1144	1240	1899
5	1149	960	959	1900
5	950	765	949	1901
5	1320	1176	1175	1902
5	1034	766	950	1903
5	952	768	767	1904
5	953	768	952	1905
5	1089	892	1050	1906
5	1282	1094	1236	1907
5	1430	1280	1373	1908
5	954	769	953	1909
5	1137	947	1136	1910
5	1151	962	961	1911
5	1146	956	1145	1912
5	1212	950	1139	1913
5	1152	962	1151	1914
5	957	771	956	1915
5	1197	1017	1196	1916
5	958	772	957	1917
5	1340	1126	1290	1918
5	1196	1017	934	1919
5	960	775	774	1920
5	962	776	716	1921
5	1110	1051	915	1922
5	963	776	962	1923
5	1094	871	890	1924
5	966	780	777	1925
5	1140	951	1086	1926
5	1425	1282	1370	1927
5	1079	1047	848	1928
5	966	777	963	1929
5	964	955	676	1930
5	964	676	779	1931
5	965	964	779	1932
5	965	779	778	1933
5	1298	1293	1131	1934
5	1038	780	966	1935
5	970	785	783	1936
5	972	787	786	1937
5	1169	983	1069	1938
5	969	784	968	1939
5	1173	987	986	1940
5	1090	878	862	1941
5	1182	1003	1002	1942
5	971	785	970	1943
5	1183	918	1005	1944
5	972	786	971	1945
5	1259	1087	1229	1946
5	973	787	972	1947
5	1179	995	994	1948
5	974	732	973	1949
5	1074	880	1178	1950
5	1027	788	974	1951
5	1185	1007	1006	1952
5	1013	824	823	1953
5	1347	1201	1346	1954
5	1343	1199	1198	1955
5	1172	986	904	1956
5	1007	818	1006	1957
5	1160	973	972	1958
5	1008	819	1007	1959
5	980	795	794	1960
5	982	713	796	1961
5	1168	981	1167	1962
5	1023	832	713	1963
5	1191	1012	976	1964
5	1205	1162	884	1965
5	1332	1188	1331	1966
5	1023	713	982	1967
5	984	799	798	1968
5	985	708	799	1969
5	1310	1226	1156	1970
5	985	799	984	1971
5	1318	1173	1172	1972
5	1176	989	1175	1973
5	1169	984	983	1974
5	987	800	986	1975
5	1178	991	1177	1976
5	988	801	987	1977
5	1177	991	990	1978
5	989	802	988	1979
5	1174	988	987	1980
5	1310	1156	1155	1981
5	1181	1073	903	1982
5	991	804	990	1983
5	1175	989	988	1984
5	992	805	991	1985
5	1170	984	1169	1986
5	1157	970	967	1987
5	994	808	807	1988
5	999	705	811	1989
5	1172	904	1171	1990
5	997	810	809	1991
5	1161	974	973	1992
5	1207	1028	1027	1993
5	1075	967	858	1994
5	997	809	996	1995
5	1101	1046	893	1996
5	998	810	997	1997
5	1584	1430	1509	1998
5	999	811	998	1999
5	1073	865	903	2000
5	1183	1098	918	2001
5	1000	899	682	2002
5	1000	682	814	2003
5	1001	1000	814	2004
5	1001	814	813	2005
5	1003	816	815	2006
5	1005	730	817	2007
5	1181	903	999	2008
5	1004	816	1003	2009
5	1178	880	992	2010
5	1005	817	1004	2011
5	1073	1002	865	2012
5	1183	1004	1182	2013
5	1189	1011	1010	2014
5	1009	821	820	2015
5	1104	906	1103	2016
5	1334	1250	1053	2017
5	1166	980	979	2018
5	1009	820	1008	2019
5	1203	1025	1024	2020
5	1010	821	1009	2021
5	1191	976	1163	2022
5	1011	822	1010	2023
5	1166	979	1053	2024
5	1168	982	981	2025
5	1192	1013	1012	2026
5	1021	830	1020	2027
5	1201	982	1168	2028
5	1022	831	1021	2029
5	1015	827	826	2030
5	1016	733	827	2031
5	1046	894	893	2032
5	1016	827	1015	2033
5	1212	1034	950	2034
5	1128	936	1127	2035
5	1135	944	1046	2036
5	1018	828	1017	2037
5	1106	1101	909	2038
5	1019	851	651	2039
5	1076	941	851	2040
5	1212	1035	1034	2041
5	1415	1056	1253	2042
5	1163	975	1162	2043
5	1349	1203	1348	2044
5	1022	860	694	2045
5	1091	866	1055	2046
5	1055	866	912	2047
5	1192	1012	1191	2048
5	1024	832	1023	2049
5	1164	977	882	2050
5	1026	690	834	2051
5	1184	1006	978	2052
5	1103	900	1062	2053
5	1179	996	995	2054
5	1105	882	907	2055
5	1072	899	1000	2056
5	1028	836	1027	2057
5	1180	998	997	2058
5	1029	837	1028	2059
5	1105	907	1104	2060
5	1030	838	1029	2061
5	1103	906	900	2062
5	1188	1010	1009	2063
5	1031	983	789	2064
5	1031	789	841	2065
5	1033	841	840	2066
5	1033	1031	841	2067
5	1355	1211	1210	2068
5	1517	1470	1397	2069
5	1076	851	1019	2070
5	1035	842	1034	2071
5	1118	926	925	2072
5	1036	843	1035	2073
5	1066	869	931	2074
5	1037	844	1036	2075
5	1085	1065	855	2076
5	1122	929	1121	2077
5	1136	947	946	2078
5	1039	845	1038	2079
5	1214	1038	966	2080
5	1040	846	1039	2081
5	1149	959	1052	2082
5	1216	1040	1039	2083
5	1050	892	913	2084
5	1422	1270	1246	2085
5	1042	863	849	2086
5	1044	659	867	2087
5	1436	1289	1260	2088
5	1122	916	929	2089
5	1256	691	1044	2090
5	1080	658	691	2091
5	1045	1041	895	2092
5	1045	895	897	2093
5	1101	893	891	2094
5	1106	1037	1213	2095
5	1047	946	848	2096
5	1273	1051	1110	2097
5	1048	1045	897	2098
5	1048	897	861	2099
5	1049	910	850	2100
5	1326	1073	1181	2101
5	1089	861	892	2102
5	1089	1048	861	2103
5	1143	923	954	2104
5	1079	848	873	2105
5	1132	940	1131	2106
5	1290	1126	1125	2107
5	1053	979	881	2108
5	1190	1053	881	2109
5	1054	902	860	2110
5	1200	1088	1022	2111
5	1108	911	1107	2112
5	1270	1050	1246	2113
5	1102	864	1091	2114
5	1102	901	864	2115
5	1058	698	1057	2116
5	1058	724	698	2117
5	1082	914	724	2118
5	1258	1057	1059	2119
5	1059	1057	663	2120
5	1059	663	852	2121
5	1246	1050	1060	2122
5	1345	1200	1344	2123
5	1356	1243	1212	2124
5	1124	896	1064	2125
5	1405	1310	1376	2126
5	1077	1062	905	2127
5	1064	896	883	2128
5	1294	1133	1223	2129
5	1443	1295	1377	2130
5	1134	917	943	2131
5	1193	1015	1014	2132
5	1338	1195	1194	2133
5	1111	920	919	2134
5	1066	1014	869	2135
5	1067	935	872	2136
5	1148	1067	872	2137
5	1097	887	1078	2138
5	1081	1049	850	2139
5	1210	1032	1070	2140
5	1211	1031	1033	2141
5	1210	1033	1032	2142
5	1211	1069	1031	2143
5	1249	1079	1248	2144
5	1157	967	1075	2145
5	1312	1160	1311	2146
5	1072	1000	1071	2147
5	1071	1001	877	2148
5	1182	1004	1003	2149
5	1181	998	1180	2150
5	1074	994	993	2151
5	1072	1075	858	2152
5	1378	1232	1353	2153
5	1139	950	949	2154
5	1127	936	935	2155
5	1158	970	1157	2156
5	1208	1029	1028	2157
5	1323	1074	1322	2158
5	1239	1097	1224	2159
5	1141	952	1140	2160
5	1231	1041	1045	2161
5	1550	1367	1265	2162
5	1754	1607	1753	2163
5	1126	933	1125	2164
5	1197	1018	1017	2165
5	1267	914	1082	2166
5	1281	1235	1055	2167
5	1289	1064	1260	2168
5	1233	867	1092	2169
5	1268	727	1084	2170
5	1084	727	668	2171
5	1112	920	1111	2172
5	1563	1452	1533	2173
5	1411	1259	1375	2174
5	1115	873	924	2175
5	1087	1060	859	2176
5	1087	859	847	2177
5	1088	1054	860	2178
5	1088	860	1022	2179
5	1449	1304	1448	2180
5	1303	1116	1143	2181
5	1099	879	878	2182
5	1099	1070	879	2183
5	1277	1103	1062	2184
5	1072	858	899	2185
5	1233	1044	867	2186
5	1222	868	1083	2187
5	1093	1092	661	2188
5	1093	661	868	2189
5	1110	915	871	2190
5	1270	1089	1050	2191
5	1144	955	964	2192
5	1145	956	955	2193
5	1096	1095	965	2194
5	1096	965	875	2195
5	1097	1081	876	2196
5	1097	876	887	2197
5	1098	1071	877	2198
5	1098	877	918	2199
5	1354	1070	1275	2200
5	1318	1172	1171	2201
5	1100	1064	883	2202
5	1100	883	917	2203
5	1262	1075	1072	2204
5	1382	1351	1350	2205
5	1179	994	1074	2206
5	1074	993	880	2207
5	1352	1207	1206	2208
5	1164	882	1105	2209
5	1322	1178	1316	2210
5	1165	977	1164	2211
5	1276	1071	1272	2212
5	1184	978	1165	2213
5	1106	909	908	2214
5	1357	1213	1243	2215
5	1108	912	911	2216
5	1107	911	902	2217
5	1721	1375	1577	2218
5	1383	1234	1254	2219
5	1109	1087	847	2220
5	1109	847	914	2221
5	1384	1220	1369	2222
5	1269	1086	1230	2223
5	1112	885	920	2224
5	1114	922	921	2225
5	1284	1117	1114	2226
5	1113	885	1112	2227
5	1338	1194	1193	2228
5	1114	921	1113	2229
5	1339	1283	1111	2230
5	1117	922	1114	2231
5	1385	1247	1306	2232
5	1141	953	952	2233
5	1116	1115	924	2234
5	1116	924	923	2235
5	1242	1065	1085	2236
5	1118	925	1117	2237
5	1389	1223	1237	2238
5	1119	926	1118	2239
5	1292	1130	1291	2240
5	1120	927	1119	2241
5	1439	1416	1288	2242
5	1255	1043	1122	2243
5	1130	938	1129	2244
5	1122	1043	916	2245
5	1433	1380	1286	2246
5	1589	1438	1510	2247
5	1123	931	930	2248
5	1193	1014	1066	2249
5	1286	1118	1117	2250
5	1287	1119	1286	2251
5	1126	934	933	2252
5	1197	1076	1019	2253
5	1295	1123	1135	2254
5	1196	934	1126	2255
5	1128	874	936	2256
5	1128	1125	874	2257
5	1452	1357	1387	2258
5	1450	1293	1446	2259
5	1130	928	938	2260
5	1129	938	937	2261
5	1337	1066	1296	2262
5	1435	1386	1241	2263
5	1132	870	940	2264
5	1132	1052	870	2265
5	1360	1216	1359	2266
5	1240	1144	1095	2267
5	1134	1100	917	2268
5	1133	943	942	2269
5	1511	1222	1420	2270
5	1953	1664	1706	2271
5	1285	1248	1115	2272
5	1245	1052	1293	2273
5	1137	948	947	2274
5	1138	939	948	2275
5	1293	1132	1131	2276
5	1138	948	1137	2277
5	1307	1152	1151	2278
5	1298	1131	1138	2279
5	1299	1076	1238	2280
5	1213	1037	1036	2281
5	1143	954	1142	2282
5	1142	953	1141	2283
5	1300	1141	1140	2284
5	1143	1116	923	2285
5	1557	1381	1552	2286
5	1297	1138	1137	2287
5	1365	1302	1301	2288
5	1586	1525	1380	2289
5	1240	1095	1096	2290
5	1147	958	957	2291
5	1308	1214	1153	2292
5	1245	1150	1149	2293
5	1304	1145	1144	2294
5	1147	957	1146	2295
5	1359	1214	1308	2296
5	1148	958	1147	2297
5	1360	1240	1096	2298
5	1411	1246	1259	2299
5	1150	961	960	2300
5	1152	963	962	2301
5	1305	1146	1304	2302
5	1153	963	1152	2303
5	1305	1148	1147	2304
5	1214	966	1153	2305
5	1359	1216	1215	2306
5	1215	1039	1038	2307
5	1306	1067	1148	2308
5	1307	1151	1150	2309
5	1155	969	968	2310
5	1156	1090	862	2311
5	1515	1080	1256	2312
5	1156	969	1155	2313
5	1899	1755	1754	2314
5	1274	1090	1226	2315
5	1158	971	970	2316
5	1209	1030	1029	2317
5	1232	1062	1077	2318
5	1159	971	1158	2319
5	1259	1060	1087	2320
5	1160	972	1159	2321
5	1329	1272	1098	2322
5	1161	973	1160	2323
5	1348	1203	1202	2324
5	1206	974	1161	2325
5	1163	976	975	2326
5	1199	1021	1020	2327
5	1333	1190	1189	2328
5	1200	1021	1199	2329
5	1277	1104	1103	2330
5	1185	1006	1184	2331
5	1346	1168	1315	2332
5	1186	1008	1007	2333
5	1167	981	980	2334
5	1201	1023	982	2335
5	1315	1168	1167	2336
5	1202	1023	1201	2337
5	1336	1192	1191	2338
5	1203	1024	1202	2339
5	1170	985	984	2340
5	1274	1099	1090	2341
5	1746	1600	1570	2342
5	1173	986	1172	2343
5	1462	1459	1321	2344
5	1174	987	1173	2345
5	1641	1426	1583	2346
5	1175	988	1174	2347
5	1239	1081	1097	2348
5	1176	990	898	2349
5	1355	1210	1354	2350
5	1176	898	989	2351
5	1252	1069	1211	2352
5	1317	1169	1252	2353
5	1317	1171	1170	2354
5	1177	990	1176	2355
5	1252	1169	1069	2356
5	1178	992	991	2357
5	1464	1322	1463	2358
5	1180	997	996	2359
5	1311	1159	1158	2360
5	1181	999	998	2361
5	1272	1071	1098	2362
5	1329	1098	1183	2363
5	1325	1181	1180	2364
5	1316	1178	1177	2365
5	1317	1170	1169	2366
5	1183	1005	1004	2367
5	1276	1072	1071	2368
5	1328	1183	1182	2369
5	1343	1198	1342	2370
5	1259	1246	1060	2371
5	1351	1313	1162	2372
5	1186	1007	1185	2373
5	1331	1186	1330	2374
5	1187	1008	1186	2375
5	1330	1185	1184	2376
5	1188	1009	1187	2377
5	1277	1062	1232	2378
5	1189	1010	1188	2379
5	1620	1456	1475	2380
5	1190	1011	1189	2381
5	1342	1192	1336	2382
5	1330	1186	1185	2383
5	1351	1162	1205	2384
5	1374	1253	1225	2385
5	1280	1107	1234	2386
5	1198	1013	1192	2387
5	1284	1114	1113	2388
5	1194	1015	1193	2389
5	1291	1129	1241	2390
5	1195	1016	1194	2391
5	1241	1129	1065	2392
5	1287	1120	1119	2393
5	1284	1113	1283	2394
5	1197	1019	1018	2395
5	1295	1135	1261	2396
5	1358	1106	1357	2397
5	1234	1107	1054	2398
5	1200	1022	1021	2399
5	1345	1254	1088	2400
5	1344	1199	1343	2401
5	1342	1198	1192	2402
5	1313	1163	1162	2403
5	1335	1191	1163	2404
5	1204	1026	1025	2405
5	1349	1204	1203	2406
5	1350	1205	1204	2407
5	1492	1312	1311	2408
5	1204	1025	1203	2409
5	1263	1157	1075	2410
5	1205	1026	1204	2411
5	1278	1164	1105	2412
5	1346	1201	1168	2413
5	1323	1179	1074	2414
5	1207	1027	1206	2415
5	1314	1184	1165	2416
5	1208	1028	1207	2417
5	1263	1158	1157	2418
5	1209	1077	1030	2419
5	1353	1209	1208	2420
5	1232	1077	1209	2421
5	1319	1175	1174	2422
5	1211	1033	1210	2423
5	1321	1316	1177	2424
5	1324	1179	1323	2425
5	1478	1296	1443	2426
5	1213	1036	1035	2427
5	1370	1282	1236	2428
5	1243	1213	1212	2429
5	1654	1531	1581	2430
5	1215	1038	1214	2431
5	1285	1115	1116	2432
5	1216	1039	1215	2433
5	1384	1231	1220	2434
5	1217	1040	1216	2435
5	1306	1247	1067	2436
5	1247	1127	1067	2437
5	1218	1084	668	2438
5	1218	668	517	2439
5	1521	1233	1367	2440
5	1219	886	507	2441
5	1271	1048	1089	2442
5	1271	1089	1270	2443
5	1403	1082	1059	2444
5	1403	1267	1082	2445
5	1264	1078	1068	2446
5	1260	1064	1100	2447
5	1223	1133	1063	2448
5	1514	1404	1416	2449
5	1224	1097	1078	2450
5	1562	1428	1538	2451
5	1225	1102	1091	2452
5	1235	1225	1091	2453
5	1495	1275	1426	2454
5	1309	1155	1154	2455
5	1420	1083	1268	2456
5	1519	1227	1518	2457
5	1436	1260	1417	2458
5	1439	1292	1438	2459
5	1423	1369	1271	2460
5	1423	1270	1422	2461
5	1236	1041	1231	2462
5	1558	1391	1557	2463
5	1236	1094	1041	2464
5	1273	1230	1051	2465
5	1319	1173	1318	2466
5	1278	1104	1277	2467
5	1684	1662	1401	2468
5	1265	1092	1093	2469
5	1235	1091	1055	2470
5	1476	1313	1382	2471
5	1281	1108	1280	2472
5	1628	1482	1627	2473
5	1365	1303	1302	2474
5	1647	1499	1646	2475
5	1237	1223	1063	2476
5	1237	1063	1043	2477
5	1340	1196	1126	2478
5	1290	1125	1128	2479
5	1251	1154	1049	2480
5	1309	1154	1251	2481
5	1399	1279	1358	2482
5	1247	1128	1127	2483
5	1292	1288	1121	2484
5	1255	1237	1043	2485
5	1242	1120	1287	2486
5	1242	1241	1065	2487
5	1356	1139	1299	2488
5	1261	1135	1046	2489
5	1244	1136	1047	2490
5	1248	1079	1115	2491
5	1293	1052	1132	2492
5	1307	1150	1245	2493
5	1375	1259	1229	2494
5	1391	1230	1381	2495
5	1304	1146	1145	2496
5	1305	1147	1146	2497
5	1249	1047	1079	2498
5	1249	1244	1047	2499
5	1447	1301	1300	2500
5	1568	1412	1564	2501
5	1315	1167	1250	2502
5	1250	1167	1166	2503
5	1559	1402	1080	2504
5	1426	1274	1396	2505
5	1275	1099	1274	2506
5	1319	1174	1173	2507
5	1419	1109	1267	2508
5	1419	1229	1109	2509
5	1254	1234	1054	2510
5	1254	1054	1088	2511
5	1573	1407	1565	2512
5	1438	1291	1386	2513
5	1379	1042	1266	2514
5	1256	1080	691	2515
5	1257	1251	1049	2516
5	1257	1049	1081	2517
5	1258	1082	1058	2518
5	1258	1058	1057	2519
5	1347	1202	1201	2520
5	1330	1184	1314	2521
5	1518	1227	1368	2522
5	1390	1294	1223	2523
5	1622	1443	1526	2524
5	1358	1101	1106	2525
5	1496	1457	1252	2526
5	1263	1075	1262	2527
5	1312	1206	1161	2528
5	1311	1158	1263	2529
5	1527	1368	1061	2530
5	1687	1512	1513	2531
5	1367	1233	1092	2532
5	1266	1042	849	2533
5	1460	1319	1318	2534
5	1664	1518	1368	2535
5	1415	1221	1056	2536
5	1548	1374	1408	2537
5	1530	1268	1084	2538
5	1268	1083	727	2539
5	1391	1269	1230	2540
5	1300	1140	1269	2541
5	1663	1415	1571	2542
5	1271	1220	1048	2543
5	1447	1300	1392	2544
5	1392	1300	1269	2545
5	1276	1262	1072	2546
5	1640	1494	1493	2547
5	1413	1249	1412	2548
5	1381	1230	1273	2549
5	1275	1070	1099	2550
5	1354	1210	1070	2551
5	1460	1318	1458	2552
5	1355	1252	1211	2553
5	1469	1429	1328	2554
5	1464	1323	1322	2555
5	1428	1232	1378	2556
5	1332	1189	1188	2557
5	1250	1166	1053	2558
5	1455	1311	1263	2559
5	1279	1261	1046	2560
5	1279	1046	1101	2561
5	1281	1055	1108	2562
5	1280	1108	1107	2563
5	1431	1281	1430	2564
5	1572	1419	1267	2565
5	1282	1273	1110	2566
5	1282	1110	1094	2567
5	1296	1123	1295	2568
5	1296	1066	1123	2569
5	1301	1141	1300	2570
5	1242	1085	1120	2571
5	1647	1500	1499	2572
5	1286	1119	1118	2573
5	1444	1297	1244	2574
5	1387	1357	1243	2575
5	1443	1296	1295	2576
5	1380	1287	1286	2577
5	1288	1255	1122	2578
5	1288	1122	1121	2579
5	1723	1688	1417	2580
5	1512	1289	1436	2581
5	1437	1247	1385	2582
5	1341	1197	1196	2583
5	1292	1121	1130	2584
5	1291	1130	1129	2585
5	1390	1223	1389	2586
5	1386	1291	1241	2587
5	1297	1137	1136	2588
5	1625	1437	1534	2589
5	1294	1228	1134	2590
5	1294	1134	1133	2591
5	1437	1290	1247	2592
5	1337	1193	1066	2593
5	1441	1338	1337	2594
5	1338	1193	1337	2595
5	1400	1248	1285	2596
5	1298	1138	1297	2597
5	1450	1245	1293	2598
5	1412	1248	1400	2599
5	1356	1212	1139	2600
5	1299	1139	1076	2601
5	1301	1142	1141	2602
5	1302	1143	1142	2603
5	1392	1269	1391	2604
5	1302	1142	1301	2605
5	1303	1285	1116	2606
5	1303	1143	1302	2607
5	1359	1215	1214	2608
5	1245	1149	1052	2609
5	1502	1448	1240	2610
5	1388	1299	1238	2611
5	1480	1290	1437	2612
5	1306	1148	1305	2613
5	1421	1303	1365	2614
5	1448	1304	1240	2615
5	1444	1244	1413	2616
5	1360	1096	1217	2617
5	1479	1432	1283	2618
5	1308	1153	1152	2619
5	1458	1318	1317	2620
5	1310	1155	1309	2621
5	1311	1160	1159	2622
5	1353	1208	1352	2623
5	1602	1455	1454	2624
5	1493	1352	1312	2625
5	1352	1206	1312	2626
5	1312	1161	1160	2627
5	1314	1164	1278	2628
5	1331	1188	1187	2629
5	1314	1165	1164	2630
5	1331	1187	1186	2631
5	1485	1345	1344	2632
5	1348	1202	1347	2633
5	1322	1074	1178	2634
5	1324	1180	1179	2635
5	1395	1224	1366	2636
5	1396	1274	1226	2637
5	2029	1881	2028	2638
5	1321	1176	1320	2639
5	1466	1325	1324	2640
5	1320	1175	1319	2641
5	1463	1322	1316	2642
5	1426	1275	1274	2643
5	1495	1355	1354	2644
5	1463	1316	1459	2645
5	1454	1263	1262	2646
5	1325	1180	1324	2647
5	1454	1262	1424	2648
5	1326	1181	1325	2649
5	1427	1272	1398	2650
5	1327	1182	1073	2651
5	1398	1272	1329	2652
5	1468	1327	1326	2653
5	1467	1326	1325	2654
5	1327	1073	1326	2655
5	1459	1316	1321	2656
5	1328	1182	1327	2657
5	1603	1457	1536	2658
5	1329	1183	1328	2659
5	1489	1347	1488	2660
5	1618	1471	1615	2661
5	1488	1347	1346	2662
5	1333	1189	1332	2663
5	1468	1326	1467	2664
5	1334	1053	1190	2665
5	1458	1317	1457	2666
5	1467	1325	1466	2667
5	1397	1278	1277	2668
5	1334	1190	1333	2669
5	1627	1477	1621	2670
5	1476	1335	1313	2671
5	1617	1475	1474	2672
5	1490	1349	1348	2673
5	1487	1315	1456	2674
5	1345	1088	1200	2675
5	1407	1294	1390	2676
5	1434	1287	1380	2677
5	1339	1195	1338	2678
5	1339	1111	1195	2679
5	1442	1338	1441	2680
5	1478	1441	1337	2681
5	1341	1238	1197	2682
5	1341	1196	1340	2683
5	1418	1261	1279	2684
5	1791	1645	1790	2685
5	1488	1346	1487	2686
5	1344	1200	1199	2687
5	1456	1315	1250	2688
5	1541	1383	1522	2689
5	1487	1346	1315	2690
5	1483	1343	1342	2691
5	1383	1373	1234	2692
5	1572	1267	1403	2693
5	1473	1332	1331	2694
5	1470	1278	1397	2695
5	1475	1456	1250	2696
5	1350	1204	1349	2697
5	1489	1348	1347	2698
5	1351	1205	1350	2699
5	1657	1549	1640	2700
5	1491	1382	1350	2701
5	1382	1313	1351	2702
5	1482	1336	1477	2703
5	1470	1314	1278	2704
5	1352	1208	1207	2705
5	1472	1330	1471	2706
5	1353	1232	1209	2707
5	1474	1333	1332	2708
5	1474	1334	1333	2709
5	1414	1251	1257	2710
5	1560	1516	1376	2711
5	1414	1257	1394	2712
5	1756	1609	1755	2713
5	1498	1387	1243	2714
5	1575	1377	1418	2715
5	1358	1279	1101	2716
5	1357	1106	1213	2717
5	1440	1385	1306	2718
5	1440	1306	1305	2719
5	1449	1440	1305	2720
5	1360	1217	1216	2721
5	1449	1305	1304	2722
5	1412	1249	1248	2723
5	1393	1256	1044	2724
5	1393	1044	1233	2725
5	1652	853	1504	2726
5	1420	1222	1083	2727
5	1363	1362	1218	2728
5	1363	1218	853	2729
5	1364	1266	849	2730
5	1544	849	685	2731
5	1413	1244	1249	2732
5	1446	1298	1445	2733
5	1545	1264	1361	2734
5	1406	1265	1093	2735
5	1658	1591	1592	2736
5	1544	720	1508	2737
5	1512	1372	1289	2738
5	1417	1260	1228	2739
5	1423	1271	1270	2740
5	1422	1246	1411	2741
5	1409	1231	1384	2742
5	1409	1236	1231	2743
5	1504	853	660	2744
5	1505	746	888	2745
5	1578	1084	1362	2746
5	1372	1124	1289	2747
5	1373	1280	1234	2748
5	1484	1344	1343	2749
5	1581	1423	1580	2750
5	1431	1408	1235	2751
5	1630	1485	1484	2752
5	1630	1484	1629	2753
5	1376	1310	1309	2754
5	1453	1309	1251	2755
5	1377	1295	1261	2756
5	1418	1377	1261	2757
5	1636	1491	1490	2758
5	1494	1352	1493	2759
5	1511	1406	1222	2760
5	1555	1404	1514	2761
5	1433	1284	1432	2762
5	1710	1555	1709	2763
5	1552	1425	1520	2764
5	1872	1727	1845	2765
5	1627	1482	1477	2766
5	1483	1342	1482	2767
5	1477	1335	1476	2768
5	1482	1342	1336	2769
5	1409	1370	1236	2770
5	1552	1381	1425	2771
5	1540	1410	1481	2772
5	1645	1387	1498	2773
5	1435	1242	1434	2774
5	1573	1417	1407	2775
5	1497	1299	1388	2776
5	1788	1543	1703	2777
5	1497	1356	1299	2778
5	1498	1243	1356	2779
5	1587	1434	1525	2780
5	1722	1573	1565	2781
5	1586	1433	1585	2782
5	1417	1228	1407	2783
5	1595	1392	1558	2784
5	1447	1365	1301	2785
5	1843	1670	1842	2786
5	1568	1413	1412	2787
5	1503	1401	1402	2788
5	1852	1707	1528	2789
5	1561	1405	1516	2790
5	1453	1251	1414	2791
5	1395	1394	1239	2792
5	1395	1239	1224	2793
5	1876	1731	1676	2794
5	1457	1317	1252	2795
5	1635	1490	1489	2796
5	1634	1488	1633	2797
5	1424	1262	1276	2798
5	1494	1353	1352	2799
5	1624	1432	1479	2800
5	1418	1279	1399	2801
5	1564	1400	1421	2802
5	1446	1293	1298	2803
5	1844	1689	1559	2804
5	1401	886	1219	2805
5	1402	1401	1219	2806
5	1402	1219	1080	2807
5	1403	1059	1221	2808
5	1801	1667	1548	2809
5	1404	1389	1237	2810
5	1404	1237	1255	2811
5	1405	1396	1226	2812
5	1405	1226	1310	2813
5	1706	1368	1527	2814
5	1665	1363	1652	2815
5	1525	1434	1380	2816
5	1590	1514	1416	2817
5	1408	1374	1225	2818
5	1408	1225	1235	2819
5	1593	1445	1444	2820
5	1596	1365	1447	2821
5	1410	1388	1238	2822
5	1410	1238	1341	2823
5	1571	1415	1253	2824
5	1553	1520	1370	2825
5	1595	1447	1392	2826
5	1569	1444	1413	2827
5	1792	1646	1599	2828
5	1534	1437	1385	2829
5	1608	1463	1607	2830
5	1453	1376	1309	2831
5	1571	1253	1374	2832
5	1576	1221	1415	2833
5	1416	1404	1255	2834
5	1416	1255	1288	2835
5	1556	1389	1555	2836
5	1521	1393	1233	2837
5	1586	1380	1433	2838
5	1767	1591	1658	2839
5	1802	1663	1571	2840
5	1702	1509	1541	2841
5	1668	1578	1362	2842
5	1669	1528	1364	2843
5	1421	1400	1285	2844
5	1421	1285	1303	2845
5	1531	1384	1369	2846
5	1581	1369	1423	2847
5	1579	1422	1411	2848
5	1670	1566	1531	2849
5	1582	1427	1532	2850
5	1538	1428	1378	2851
5	1425	1381	1273	2852
5	1425	1273	1282	2853
5	1536	1457	1496	2854
5	1642	1536	1496	2855
5	1427	1424	1276	2856
5	1427	1276	1272	2857
5	1428	1397	1277	2858
5	1428	1277	1232	2859
5	1429	1398	1329	2860
5	1429	1329	1328	2861
5	1431	1235	1281	2862
5	1430	1281	1280	2863
5	1580	1422	1579	2864
5	1548	1408	1507	2865
5	1433	1286	1284	2866
5	1432	1284	1283	2867
5	1768	1623	1767	2868
5	1770	1625	1672	2869
5	1435	1241	1242	2870
5	1434	1242	1287	2871
5	1555	1389	1404	2872
5	1565	1407	1390	2873
5	1542	1394	1395	2874
5	1565	1390	1556	2875
5	1480	1340	1290	2876
5	1481	1341	1340	2877
5	1439	1288	1292	2878
5	1438	1292	1291	2879
5	1803	1709	1739	2880
5	1738	1589	1673	2881
5	1445	1297	1444	2882
5	1500	1359	1308	2883
5	1442	1339	1338	2884
5	1479	1283	1339	2885
5	1591	1442	1441	2886
5	1479	1339	1442	2887
5	1478	1337	1296	2888
5	1598	1449	1597	2889
5	1445	1298	1297	2890
5	1501	1360	1359	2891
5	1646	1451	1599	2892
5	1499	1307	1451	2893
5	1599	1451	1450	2894
5	1500	1308	1499	2895
5	1580	1423	1422	2896
5	1577	1229	1419	2897
5	1451	1245	1450	2898
5	1499	1308	1307	2899
5	1794	1647	1793	2900
5	1804	1716	1791	2901
5	1451	1307	1245	2902
5	1501	1359	1500	2903
5	1599	1450	1523	2904
5	1543	1410	1540	2905
5	1452	1399	1358	2906
5	1452	1358	1357	2907
5	1676	1516	1656	2908
5	1608	1464	1463	2909
5	1562	1517	1397	2910
5	1455	1263	1454	2911
5	1607	1463	1459	2912
5	1492	1311	1455	2913
5	1471	1314	1470	2914
5	1471	1330	1314	2915
5	1495	1354	1275	2916
5	1496	1252	1355	2917
5	1561	1396	1405	2918
5	1604	1460	1537	2919
5	1461	1319	1460	2920
5	1465	1324	1323	2921
5	1461	1320	1319	2922
5	1462	1321	1320	2923
5	1609	1465	1464	2924
5	1462	1320	1461	2925
5	1607	1459	1606	2926
5	1676	1561	1516	2927
5	1611	1467	1466	2928
5	1613	1469	1468	2929
5	1612	1467	1611	2930
5	1465	1323	1464	2931
5	1610	1466	1465	2932
5	1466	1324	1465	2933
5	1606	1462	1605	2934
5	1469	1327	1468	2935
5	1605	1461	1604	2936
5	1469	1328	1327	2937
5	1537	1460	1458	2938
5	1750	1537	1699	2939
5	1640	1493	1639	2940
5	1757	1611	1610	2941
5	1473	1331	1472	2942
5	1472	1331	1330	2943
5	1615	1470	1517	2944
5	1617	1474	1616	2945
5	1636	1490	1635	2946
5	1474	1332	1473	2947
5	1762	1617	1616	2948
5	1582	1424	1427	2949
5	1475	1334	1474	2950
5	1475	1250	1334	2951
5	1606	1459	1462	2952
5	1605	1462	1461	2953
5	1477	1336	1335	2954
5	1486	1345	1485	2955
5	1751	1605	1604	2956
5	1621	1476	1539	2957
5	2080	1934	2079	2958
5	1585	1433	1432	2959
5	1588	1386	1435	2960
5	1650	1448	1502	2961
5	1481	1410	1341	2962
5	1481	1340	1480	2963
5	1543	1388	1410	2964
5	1648	1501	1500	2965
5	1484	1343	1483	2966
5	1485	1344	1484	2967
5	1629	1483	1628	2968
5	1631	1486	1485	2969
5	1628	1483	1482	2970
5	1486	1254	1345	2971
5	1774	1629	1628	2972
5	1486	1383	1254	2973
5	1780	1636	1635	2974
5	1634	1489	1488	2975
5	1562	1397	1428	2976
5	1490	1348	1489	2977
5	1633	1488	1487	2978
5	1491	1350	1349	2979
5	1633	1487	1632	2980
5	1615	1471	1470	2981
5	1752	1606	1605	2982
5	1491	1349	1490	2983
5	1773	1627	1772	2984
5	1621	1477	1476	2985
5	1760	1614	1613	2986
5	1493	1312	1492	2987
5	1601	1424	1582	2988
5	1494	1378	1353	2989
5	1860	1714	1700	2990
5	1616	1474	1473	2991
5	1570	1414	1394	2992
5	1496	1355	1495	2993
5	1807	1570	1653	2994
5	1786	1583	1731	2995
5	1533	1452	1387	2996
5	1498	1356	1497	2997
5	1645	1533	1387	2998
5	1643	1388	1543	2999
5	1649	1502	1501	3000
5	1502	1240	1360	3001
5	1648	1500	1647	3002
5	1569	1413	1568	3003
5	1558	1392	1391	3004
5	1502	1360	1501	3005
5	1524	1421	1365	3006
5	1564	1421	1524	3007
5	1814	1551	1696	3008
5	1515	1256	1393	3009
5	1519	1371	1227	3010
5	1849	1706	1687	3011
5	1505	1504	660	3012
5	1505	660	746	3013
5	1506	1068	863	3014
5	1506	1042	1379	3015
5	1584	1507	1431	3016
5	1541	1509	1373	3017
5	1809	1508	1662	3018
5	1546	1366	1545	3019
5	1584	1431	1430	3020
5	1509	1430	1373	3021
5	1510	1438	1386	3022
5	1588	1510	1386	3023
5	1685	1379	1529	3024
5	1556	1390	1389	3025
5	1810	1504	1505	3026
5	1687	1372	1512	3027
5	1513	1512	1436	3028
5	2136	1943	1816	3029
5	1590	1439	1589	3030
5	1735	1587	1525	3031
5	1559	1080	1515	3032
5	1689	1402	1559	3033
5	1516	1405	1376	3034
5	1867	1688	1723	3035
5	1997	1852	1669	3036
5	1506	1361	1068	3037
5	1695	1521	1367	3038
5	1691	1515	1393	3039
5	1956	1695	1853	3040
5	1951	1693	1848	3041
5	1520	1425	1370	3042
5	1812	1713	1743	3043
5	1948	1817	1818	3044
5	1578	1530	1084	3045
5	1541	1373	1383	3046
5	1522	1383	1486	3047
5	1523	1450	1446	3048
5	1594	1523	1446	3049
5	1593	1444	1569	3050
5	1564	1412	1400	3051
5	1587	1435	1434	3052
5	1588	1435	1587	3053
5	1526	1443	1377	3054
5	1575	1526	1377	3055
5	1527	932	1124	3056
5	1547	1362	1363	3057
5	1529	1266	1528	3058
5	1529	1379	1266	3059
5	1941	1692	1940	3060
5	1690	1361	1506	3061
5	1698	1420	1530	3062
5	1530	1420	1268	3063
5	1553	1370	1409	3064
5	1566	1384	1531	3065
5	1532	1427	1398	3066
5	1614	1535	1429	3067
5	1563	1399	1452	3068
5	1574	1418	1399	3069
5	1626	1540	1481	3070
5	1643	1497	1388	3071
5	1535	1532	1398	3072
5	1535	1398	1429	3073
5	1583	1396	1561	3074
5	1642	1496	1495	3075
5	1751	1604	1750	3076
5	1901	1756	1900	3077
5	1700	1538	1549	3078
5	1639	1493	1492	3079
5	1539	1476	1382	3080
5	1637	1382	1491	3081
5	1626	1480	1625	3082
5	1644	1498	1497	3083
5	1774	1628	1773	3084
5	1909	1765	1908	3085
5	1560	1376	1453	3086
5	1570	1394	1542	3087
5	1703	1543	1540	3088
5	1788	1643	1543	3089
5	1809	1364	1544	3090
5	1544	1364	849	3091
5	1858	1710	1709	3092
5	1545	1366	1264	3093
5	1817	1704	1705	3094
5	1818	1366	1546	3095
5	1527	1124	1372	3096
5	1819	1521	1695	3097
5	1567	1411	1375	3098
5	1579	1411	1567	3099
5	1549	1538	1378	3100
5	1549	1378	1494	3101
5	1853	1550	1697	3102
5	1691	1393	1521	3103
5	1551	1550	1265	3104
5	1551	1265	1406	3105
5	1557	1391	1381	3106
5	1596	1447	1595	3107
5	1741	1594	1593	3108
5	1659	1552	1520	3109
5	1554	1534	1385	3110
5	1554	1385	1440	3111
5	1735	1525	1680	3112
5	1910	1820	1734	3113
5	1944	1910	1912	3114
5	1799	1573	1722	3115
5	2023	1875	1874	3116
5	1850	1694	1708	3117
5	1712	1557	1711	3118
5	1711	1557	1552	3119
5	1660	1559	1515	3120
5	1691	1660	1515	3121
5	1600	1414	1570	3122
5	1656	1516	1560	3123
5	1583	1426	1396	3124
5	1641	1495	1426	3125
5	1824	1766	1782	3126
5	1900	1755	1899	3127
5	1770	1626	1625	3128
5	1574	1399	1563	3129
5	1822	1567	1721	3130
5	1729	1580	1579	3131
5	1680	1525	1586	3132
5	1736	1588	1587	3133
5	1566	1553	1409	3134
5	1566	1409	1384	3135
5	1720	1569	1568	3136
5	1718	1564	1524	3137
5	1719	1564	1718	3138
5	1594	1446	1445	3139
5	1742	1523	1594	3140
5	1712	1558	1557	3141
5	1600	1453	1414	3142
5	1600	1560	1453	3143
5	1577	1375	1229	3144
5	1701	1522	1681	3145
5	1822	1728	1567	3146
5	1576	1419	1572	3147
5	1688	1436	1417	3148
5	1826	1436	1688	3149
5	1797	1744	1597	3150
5	1575	1418	1574	3151
5	1675	1672	1534	3152
5	1882	1737	1736	3153
5	1576	1572	1403	3154
5	1576	1403	1221	3155
5	1727	1419	1576	3156
5	1667	1571	1374	3157
5	1945	1668	1547	3158
5	1668	1362	1547	3159
5	1775	1630	1629	3160
5	1720	1568	1719	3161
5	1887	1712	1711	3162
5	1581	1531	1369	3163
5	1713	1524	1596	3164
5	1670	1531	1654	3165
5	1601	1454	1424	3166
5	1638	1492	1455	3167
5	1807	1746	1570	3168
5	2072	1927	1876	3169
5	1727	1576	1663	3170
5	1729	1579	1728	3171
5	1623	1442	1591	3172
5	1624	1585	1432	3173
5	1820	1680	1734	3174
5	1930	1790	1789	3175
5	1829	1674	1742	3176
5	1716	1563	1533	3177
5	1830	1722	1565	3178
5	1717	1556	1710	3179
5	1590	1416	1439	3180
5	1589	1439	1438	3181
5	1709	1555	1514	3182
5	1880	1735	1680	3183
5	1623	1479	1442	3184
5	1624	1479	1623	3185
5	1592	1591	1441	3186
5	1592	1441	1478	3187
5	1932	1792	1839	3188
5	1594	1445	1593	3189
5	1793	1646	1792	3190
5	1745	1675	1554	3191
5	2012	1863	1958	3192
5	1596	1524	1365	3193
5	1741	1593	1740	3194
5	2078	1933	1932	3195
5	1598	1440	1449	3196
5	1597	1449	1448	3197
5	1890	1675	1745	3198
5	1724	1563	1716	3199
5	1646	1499	1451	3200
5	1649	1501	1648	3201
5	1876	1676	1800	3202
5	1891	1833	1747	3203
5	1748	1582	1678	3204
5	1602	1454	1601	3205
5	1784	1639	1638	3206
5	1638	1455	1602	3207
5	1603	1537	1458	3208
5	1603	1458	1457	3209
5	1677	1536	1661	3210
5	1612	1468	1467	3211
5	1759	1613	1612	3212
5	1753	1606	1752	3213
5	1758	1612	1611	3214
5	1609	1464	1608	3215
5	1677	1603	1536	3216
5	1610	1465	1609	3217
5	1755	1608	1754	3218
5	1613	1468	1612	3219
5	1785	1639	1784	3220
5	1749	1602	1601	3221
5	1761	1683	1535	3222
5	1611	1466	1610	3223
5	1759	1612	1758	3224
5	1614	1469	1613	3225
5	1755	1609	1608	3226
5	1614	1429	1469	3227
5	1699	1537	1603	3228
5	1841	1657	1785	3229
5	1904	1760	1759	3230
5	1678	1582	1532	3231
5	1619	1616	1473	3232
5	1620	1475	1617	3233
5	1619	1472	1618	3234
5	1632	1456	1620	3235
5	1781	1637	1636	3236
5	1632	1487	1456	3237
5	1619	1473	1472	3238
5	1618	1472	1471	3239
5	1753	1607	1606	3240
5	1715	1517	1562	3241
5	1777	1620	1765	3242
5	1682	1615	1679	3243
5	1775	1629	1774	3244
5	1631	1522	1486	3245
5	1622	1592	1478	3246
5	1622	1478	1443	3247
5	1767	1623	1591	3248
5	1769	1585	1624	3249
5	1768	1624	1623	3250
5	1989	1723	1799	3251
5	1626	1481	1480	3252
5	1625	1480	1437	3253
5	1937	1889	1744	3254
5	1725	1574	1724	3255
5	1702	1541	1701	3256
5	1629	1484	1483	3257
5	1681	1522	1631	3258
5	1921	1781	1780	3259
5	1776	1631	1630	3260
5	1778	1632	1777	3261
5	1772	1621	1766	3262
5	1631	1485	1630	3263
5	1879	1651	1733	3264
5	1732	1509	1702	3265
5	1773	1628	1627	3266
5	1635	1489	1634	3267
5	1682	1618	1615	3268
5	1765	1620	1617	3269
5	2099	1995	1957	3270
5	1637	1491	1636	3271
5	1772	1627	1621	3272
5	1637	1539	1382	3273
5	1779	1635	1634	3274
5	1781	1636	1780	3275
5	1765	1617	1762	3276
5	1777	1632	1620	3277
5	1908	1765	1762	3278
5	1639	1492	1638	3279
5	1679	1615	1517	3280
5	1640	1549	1494	3281
5	1763	1618	1682	3282
5	1700	1549	1657	3283
5	1661	1536	1642	3284
5	1642	1495	1641	3285
5	1699	1603	1677	3286
5	1787	1661	1642	3287
5	1934	1794	1933	3288
5	1644	1497	1643	3289
5	1724	1574	1563	3290
5	1645	1498	1644	3291
5	1832	1771	1770	3292
5	1726	1575	1725	3293
5	1792	1599	1674	3294
5	1796	1649	1795	3295
5	1797	1650	1796	3296
5	1650	1502	1649	3297
5	1931	1791	1790	3298
5	1650	1597	1448	3299
5	1675	1534	1554	3300
5	1711	1552	1659	3301
5	1719	1568	1564	3302
5	1796	1650	1649	3303
5	1651	1548	1507	3304
5	1733	1651	1507	3305
5	1665	1547	1363	3306
5	1652	1363	853	3307
5	1653	1570	1542	3308
5	2093	1857	1983	3309
5	1730	1581	1580	3310
5	1728	1579	1567	3311
5	1655	1546	1545	3312
5	1655	1545	1361	3313
5	1747	1600	1746	3314
5	1747	1560	1600	3315
5	1860	1700	1806	3316
5	1785	1640	1639	3317
5	1726	1671	1526	3318
5	1725	1575	1574	3319
5	1855	1701	1681	3320
5	1694	1520	1553	3321
5	1684	1401	1503	3322
5	2127	1997	1977	3323
5	1731	1561	1676	3324
5	1787	1642	1641	3325
5	1662	1508	886	3326
5	1662	886	1401	3327
5	1802	1571	1667	3328
5	1663	1576	1415	3329
5	1811	1696	1511	3330
5	1707	1529	1528	3331
5	1810	1505	1371	3332
5	1810	1371	1686	3333
5	1666	1658	1592	3334
5	1666	1592	1622	3335
5	1845	1727	1663	3336
5	1721	1567	1375	3337
5	1808	1519	1692	3338
5	1693	1530	1578	3339
5	1690	1655	1361	3340
5	1950	1687	1513	3341
5	1694	1659	1520	3342
5	1708	1566	1670	3343
5	1671	1666	1622	3344
5	1671	1622	1526	3345
5	1672	1625	1534	3346
5	1836	1788	1703	3347
5	1673	1589	1510	3348
5	1737	1673	1510	3349
5	1674	1599	1523	3350
5	1742	1674	1523	3351
5	1745	1598	1744	3352
5	1795	1649	1648	3353
5	1731	1583	1561	3354
5	1786	1641	1583	3355
5	1897	1752	1896	3356
5	1899	1754	1898	3357
5	1748	1601	1582	3358
5	1783	1638	1602	3359
5	1714	1538	1700	3360
5	1715	1679	1517	3361
5	1737	1588	1736	3362
5	1736	1587	1735	3363
5	1701	1541	1522	3364
5	1733	1584	1732	3365
5	1903	1759	1758	3366
5	1897	1753	1752	3367
5	1683	1678	1532	3368
5	1683	1532	1535	3369
5	2152	1977	1809	3370
5	1809	1544	1508	3371
5	1692	1519	1518	3372
5	1951	1854	1693	3373
5	1798	1692	1518	3374
5	1945	1848	1668	3375
5	1706	1664	1368	3376
5	2157	1867	1989	3377
5	1717	1565	1556	3378
5	1710	1556	1555	3379
5	2003	1844	1660	3380
5	1689	1503	1402	3381
5	1690	1506	1379	3382
5	1690	1379	1685	3383
5	1698	1511	1420	3384
5	1695	1367	1550	3385
5	1808	1686	1519	3386
5	1954	1685	1813	3387
5	1696	1551	1406	3388
5	1696	1406	1511	3389
5	1955	1842	1873	3390
5	2026	1651	1879	3391
5	1819	1691	1521	3392
5	1851	1691	1819	3393
5	1811	1511	1698	3394
5	1852	1528	1669	3395
5	2004	1697	1814	3396
5	1697	1550	1551	3397
5	1698	1530	1693	3398
5	1814	1697	1551	3399
5	1750	1604	1537	3400
5	1752	1605	1751	3401
5	1714	1562	1538	3402
5	1715	1562	1714	3403
5	1733	1507	1584	3404
5	1732	1584	1509	3405
5	1856	1701	1855	3406
5	1917	1774	1916	3407
5	1771	1626	1770	3408
5	1871	1671	1726	3409
5	1857	1653	1542	3410
5	1704	1542	1395	3411
5	1705	1704	1395	3412
5	1705	1395	1366	3413
5	1706	1527	1372	3414
5	1706	1372	1687	3415
5	1798	1518	1664	3416
5	1813	1685	1529	3417
5	1708	1694	1553	3418
5	1708	1553	1566	3419
5	1739	1590	1738	3420
5	1739	1514	1590	3421
5	1866	1717	1710	3422
5	2087	1799	1991	3423
5	1743	1595	1712	3424
5	1718	1524	1713	3425
5	1932	1793	1792	3426
5	1712	1595	1558	3427
5	1743	1596	1595	3428
5	1865	1719	1864	3429
5	2056	1909	1908	3430
5	1908	1762	1838	3431
5	1861	1714	1860	3432
5	2053	1906	1905	3433
5	1789	1643	1788	3434
5	1790	1645	1644	3435
5	1799	1723	1573	3436
5	1723	1417	1573	3437
5	2034	1865	2013	3438
5	1740	1593	1569	3439
5	1913	1703	1771	3440
5	1740	1569	1720	3441
5	2196	2050	2195	3442
5	1885	1720	1865	3443
5	1801	1548	1651	3444
5	2007	1855	2006	3445
5	2015	1858	2014	3446
5	1813	1529	1707	3447
5	2088	1513	2016	3448
5	1867	1826	1688	3449
5	1868	1724	1716	3450
5	1726	1526	1575	3451
5	2032	1884	1835	3452
5	2030	1882	2029	3453
5	1870	1726	1725	3454
5	1871	1828	1671	3455
5	1998	1802	1972	3456
5	1727	1577	1419	3457
5	1873	1842	1654	3458
5	1730	1580	1729	3459
5	1823	1659	1694	3460
5	1730	1654	1581	3461
5	2002	1843	2001	3462
5	2160	2001	2089	3463
5	1902	1757	1901	3464
5	1846	1677	1661	3465
5	1877	1732	1702	3466
5	2025	1878	1877	3467
5	1855	1681	1837	3468
5	1845	1663	1802	3469
5	1734	1680	1586	3470
5	1734	1586	1585	3471
5	2028	1880	1964	3472
5	1737	1510	1588	3473
5	1884	1739	1738	3474
5	1883	1835	1673	3475
5	1880	1680	1820	3476
5	1821	1767	1658	3477
5	1739	1709	1514	3478
5	1738	1590	1589	3479
5	1858	1709	1803	3480
5	1830	1565	1717	3481
5	1831	1711	1659	3482
5	1831	1659	1823	3483
5	1874	1729	1728	3484
5	1742	1594	1741	3485
5	1839	1674	1829	3486
5	1743	1713	1596	3487
5	1935	1795	1934	3488
5	1863	1713	1812	3489
5	1745	1554	1598	3490
5	1744	1598	1597	3491
5	1839	1792	1674	3492
5	1933	1793	1932	3493
5	1747	1656	1560	3494
5	1896	1751	1895	3495
5	2016	1513	1826	3496
5	1928	1827	1787	3497
5	1896	1752	1751	3498
5	1749	1601	1748	3499
5	2071	1926	1925	3500
5	1783	1602	1749	3501
5	1895	1750	1894	3502
5	1898	1754	1753	3503
5	1894	1699	1815	3504
5	1754	1608	1607	3505
5	1895	1751	1750	3506
5	1756	1610	1609	3507
5	2240	1866	2100	3508
5	1846	1661	1827	3509
5	1927	1731	1876	3510
5	1757	1610	1756	3511
5	1928	1787	1786	3512
5	1760	1613	1759	3513
5	1892	1748	1678	3514
5	1924	1783	1749	3515
5	1834	1678	1683	3516
5	1758	1611	1757	3517
5	1905	1761	1760	3518
5	1761	1614	1760	3519
5	1902	1758	1757	3520
5	1761	1535	1614	3521
5	1898	1753	1897	3522
5	1894	1750	1699	3523
5	2090	2040	1962	3524
5	1841	1806	1657	3525
5	1764	1619	1763	3526
5	1764	1616	1619	3527
5	1764	1762	1616	3528
5	1763	1619	1618	3529
5	1906	1834	1683	3530
5	2009	1860	1963	3531
5	1838	1762	1764	3532
5	1779	1634	1633	3533
5	1766	1621	1539	3534
5	1782	1637	1781	3535
5	1964	1880	1820	3536
5	1769	1624	1768	3537
5	2170	2020	2169	3538
5	1769	1734	1585	3539
5	1805	1658	1666	3540
5	1821	1658	1805	3541
5	1771	1540	1626	3542
5	1771	1703	1540	3543
5	1966	1840	1890	3544
5	1937	1797	1936	3545
5	1918	1775	1917	3546
5	1914	1766	1824	3547
5	1856	1702	1701	3548
5	1776	1630	1775	3549
5	2063	1918	2062	3550
5	2059	1915	1914	3551
5	2197	2052	2051	3552
5	1776	1681	1631	3553
5	2064	1968	1919	3554
5	1919	1777	1909	3555
5	1778	1633	1632	3556
5	1779	1633	1778	3557
5	1922	1778	1919	3558
5	1837	1681	1776	3559
5	1782	1766	1539	3560
5	1780	1635	1779	3561
5	1918	1837	1776	3562
5	1782	1539	1637	3563
5	1907	1763	1825	3564
5	2059	1914	1967	3565
5	1878	1732	1877	3566
5	1914	1772	1766	3567
5	1926	1785	1784	3568
5	1784	1638	1783	3569
5	1825	1763	1682	3570
5	1785	1657	1640	3571
5	1862	1847	1679	3572
5	1920	1780	1779	3573
5	2072	1876	1946	3574
5	1787	1641	1786	3575
5	2093	2008	1857	3576
5	2133	1983	1817	3577
5	1789	1644	1643	3578
5	1791	1533	1645	3579
5	1869	1724	1868	3580
5	1790	1644	1789	3581
5	1911	1767	1821	3582
5	1791	1716	1533	3583
5	1884	1738	1835	3584
5	1868	1716	1804	3585
5	1793	1647	1646	3586
5	1794	1648	1647	3587
5	1929	1788	1836	3588
5	1832	1672	1840	3589
5	1864	1718	1863	3590
5	1795	1648	1794	3591
5	2082	1937	1936	3592
5	1797	1597	1650	3593
5	2081	1936	1935	3594
5	1865	1720	1719	3595
5	1863	1718	1713	3596
5	1840	1672	1675	3597
5	1954	1690	1685	3598
5	1816	1655	1690	3599
5	1866	1710	1858	3600
5	1835	1738	1673	3601
5	1800	1676	1656	3602
5	2193	2047	2192	3603
5	1873	1654	1730	3604
5	2174	2027	2025	3605
5	1972	1802	1667	3606
5	2095	1969	2036	3607
5	1884	1803	1739	3608
5	2033	2014	1803	3609
5	2228	2101	2110	3610
5	1929	1789	1788	3611
5	1985	1821	1960	3612
5	2096	1944	1959	3613
5	1806	1700	1657	3614
5	1988	1957	1825	3615
5	1891	1747	1746	3616
5	2074	1827	1928	3617
5	1854	1698	1693	3618
5	1854	1811	1698	3619
5	1977	1669	1809	3620
5	1809	1669	1364	3621
5	1978	1810	1686	3622
5	2147	1810	1978	3623
5	1942	1811	1854	3624
5	1979	1696	1811	3625
5	1888	1743	1712	3626
5	1842	1670	1654	3627
5	2128	1814	1979	3628
5	1853	1695	1550	3629
5	2416	2244	2415	3630
5	1982	1547	1665	3631
5	1815	1699	1677	3632
5	1827	1661	1787	3633
5	1952	1686	1808	3634
5	1984	1503	1939	3635
5	2084	1717	1866	3636
5	1857	1542	1704	3637
5	1818	1817	1705	3638
5	1818	1705	1366	3639
5	1939	1689	1844	3640
5	1844	1559	1660	3641
5	2316	2175	2121	3642
5	1911	1768	1767	3643
5	1910	1734	1769	3644
5	2169	2019	2168	3645
5	1879	1733	1878	3646
5	1998	1845	1802	3647
5	1888	1712	1887	3648
5	1887	1711	1831	3649
5	1923	1782	1781	3650
5	1923	1781	1921	3651
5	1995	1907	1957	3652
5	2345	2207	2206	3653
5	1989	1867	1723	3654
5	1826	1513	1436	3655
5	1846	1815	1677	3656
5	1990	1815	1846	3657
5	1828	1805	1666	3658
5	1828	1666	1671	3659
5	1886	1741	1740	3660
5	1885	1740	1720	3661
5	2084	1830	1717	3662
5	1991	1722	1830	3663
5	2301	2155	2173	3664
5	2026	1801	1651	3665
5	2168	2018	2091	3666
5	1931	1790	1930	3667
5	1833	1800	1656	3668
5	1833	1656	1747	3669
5	2050	1902	2049	3670
5	1892	1678	1834	3671
5	1881	1735	1880	3672
5	1881	1736	1735	3673
5	1832	1770	1672	3674
5	1974	1965	1804	3675
5	1915	1772	1914	3676
5	1916	1774	1773	3677
5	2068	1921	2065	3678
5	1909	1777	1765	3679
5	1936	1797	1796	3680
5	2078	1932	1938	3681
5	1890	1745	1889	3682
5	1935	1796	1795	3683
5	1893	1748	1892	3684
5	1925	1784	1783	3685
5	1843	1708	1670	3686
5	1850	1823	1694	3687
5	2037	1887	1831	3688
5	1850	1708	1843	3689
5	2131	1854	1951	3690
5	1939	1503	1689	3691
5	1987	1874	1728	3692
5	1872	1577	1727	3693
5	2044	1897	1896	3694
5	2047	1900	1899	3695
5	1847	1825	1682	3696
5	1847	1682	1679	3697
5	1848	1693	1578	3698
5	1848	1578	1668	3699
5	2041	1815	1990	3700
5	2295	2148	1980	3701
5	2182	2035	2181	3702
5	2001	1842	1955	3703
5	2305	2127	2152	3704
5	1851	1660	1691	3705
5	1979	1811	1942	3706
5	1979	1814	1696	3707
5	2104	1956	1853	3708
5	2105	1851	2005	3709
5	1941	1808	1692	3710
5	1943	1655	1816	3711
5	1972	1667	1801	3712
5	1877	1702	1856	3713
5	2371	2265	2425	3714
5	2025	1877	1961	3715
5	2151	1746	1807	3716
5	2106	1971	1891	3717
5	1940	1692	1798	3718
5	2270	1989	2087	3719
5	1859	1829	1742	3720
5	1859	1742	1741	3721
5	1861	1715	1714	3722
5	1862	1679	1715	3723
5	2069	1893	2040	3724
5	1862	1715	1861	3725
5	2165	2163	2011	3726
5	2349	2123	2236	3727
5	1864	1719	1718	3728
5	1886	1740	1885	3729
5	2287	2160	2286	3730
5	1969	1829	1859	3731
5	2114	2078	1938	3732
5	1886	1859	1741	3733
5	2031	1835	1883	3734
5	2015	1866	1858	3735
5	2135	1953	2086	3736
5	1950	1849	1687	3737
5	1869	1725	1724	3738
5	1870	1725	1869	3739
5	2225	2080	2224	3740
5	2020	1871	1870	3741
5	2175	2028	2121	3742
5	1871	1726	1870	3743
5	1975	1960	1805	3744
5	2058	1993	1913	3745
5	2022	1872	1999	3746
5	1872	1721	1577	3747
5	1875	1729	1874	3748
5	2116	2012	1958	3749
5	1875	1730	1729	3750
5	1875	1873	1730	3751
5	1992	1831	1823	3752
5	2001	1843	1842	3753
5	1927	1786	1731	3754
5	1928	1786	1927	3755
5	1878	1733	1732	3756
5	1999	1872	1845	3757
5	2006	1855	1837	3758
5	2234	1987	2145	3759
5	2055	1838	1995	3760
5	1987	1728	1822	3761
5	1883	1737	1882	3762
5	1882	1736	1881	3763
5	1974	1804	1931	3764
5	1883	1673	1737	3765
5	2299	2154	2153	3766
5	2360	2223	2282	3767
5	1975	1805	1828	3768
5	1986	1910	1944	3769
5	2141	1986	2098	3770
5	2029	1882	1881	3771
5	2108	1958	1973	3772
5	2012	1864	1863	3773
5	2204	2058	2203	3774
5	2222	2077	2076	3775
5	1995	1838	1907	3776
5	1888	1812	1743	3777
5	2160	2002	2001	3778
5	2116	1958	2108	3779
5	1890	1840	1675	3780
5	1889	1745	1744	3781
5	2076	1929	2075	3782
5	1993	1836	1913	3783
5	2179	2033	2113	3784
5	2245	2151	2008	3785
5	1893	1749	1748	3786
5	1926	1784	1925	3787
5	1988	1825	1847	3788
5	1924	1749	1893	3789
5	2043	1895	2042	3790
5	2042	1894	2041	3791
5	2049	1901	2048	3792
5	1900	1756	1755	3793
5	2047	1899	2046	3794
5	2073	1927	2072	3795
5	2119	1990	2000	3796
5	1901	1757	1756	3797
5	2073	1928	1927	3798
5	1905	1760	1904	3799
5	2041	1894	1815	3800
5	2043	1896	1895	3801
5	2042	1895	1894	3802
5	1903	1758	1902	3803
5	2052	1905	1904	3804
5	1904	1759	1903	3805
5	2048	1900	2047	3806
5	2045	1897	2044	3807
5	2045	1898	1897	3808
5	1906	1761	1905	3809
5	2215	2124	2071	3810
5	1906	1683	1761	3811
5	2192	2047	2046	3812
5	2009	1861	1860	3813
5	2194	2049	2048	3814
5	2040	1892	1962	3815
5	1907	1838	1764	3816
5	1907	1764	1763	3817
5	1921	1780	1920	3818
5	1919	1778	1777	3819
5	2011	1847	1862	3820
5	2342	2201	2260	3821
5	1912	1768	1911	3822
5	2280	2015	2178	3823
5	1912	1769	1768	3824
5	1912	1910	1769	3825
5	1913	1836	1703	3826
5	1913	1771	1832	3827
5	2018	1869	1868	3828
5	1965	1868	1804	3829
5	1915	1773	1772	3830
5	1917	1775	1774	3831
5	2122	2059	1967	3832
5	1916	1773	1915	3833
5	2208	2063	2062	3834
5	1918	1776	1775	3835
5	2007	1961	1856	3836
5	2007	1856	1855	3837
5	2064	1919	1909	3838
5	2062	1917	2061	3839
5	2050	1903	1902	3840
5	1963	1860	1806	3841
5	1968	1922	1919	3842
5	2063	2006	1837	3843
5	2211	2107	2065	3844
5	1923	1824	1782	3845
5	1922	1920	1779	3846
5	1922	1779	1778	3847
5	2066	1922	1968	3848
5	2207	2061	2206	3849
5	2040	1893	1892	3850
5	1925	1783	1924	3851
5	2213	2069	2040	3852
5	1926	1841	1785	3853
5	2051	1904	1903	3854
5	2044	1896	2043	3855
5	2046	1899	1898	3856
5	2049	1902	1901	3857
5	2117	1946	1970	3858
5	2028	1881	1880	3859
5	2079	1933	2078	3860
5	1930	1789	1929	3861
5	2058	1832	2057	3862
5	1931	1804	1791	3863
5	2057	1840	1966	3864
5	2283	2115	2142	3865
5	1933	1794	1793	3866
5	1934	1795	1794	3867
5	2238	2114	2125	3868
5	1936	1796	1935	3869
5	2077	1930	2076	3870
5	2081	1935	2080	3871
5	2035	1885	2034	3872
5	1937	1744	1797	3873
5	2111	2057	1966	3874
5	2037	1831	1992	3875
5	2036	1859	1886	3876
5	1969	1947	1829	3877
5	1938	1932	1839	3878
5	2126	1969	2095	3879
5	2146	1852	1997	3880
5	2152	1662	1684	3881
5	1943	1546	1655	3882
5	2239	2085	2129	3883
5	2245	2008	2093	3884
5	2128	2004	1814	3885
5	1956	1819	1695	3886
5	2104	2005	1956	3887
5	2129	1546	1943	3888
5	1991	1799	1722	3889
5	1985	1959	1911	3890
5	2224	2079	2223	3891
5	2131	1942	1854	3892
5	2132	1848	1945	3893
5	1946	1876	1800	3894
5	1983	1857	1704	3895
5	1947	1938	1839	3896
5	1947	1839	1829	3897
5	2241	2093	1983	3898
5	1983	1704	1817	3899
5	1949	1948	1818	3900
5	1949	1818	1546	3901
5	2086	1849	1950	3902
5	1953	1706	1849	3903
5	2293	2097	1940	3904
5	2134	1808	1941	3905
5	2149	1978	1952	3906
5	1978	1686	1952	3907
5	2135	1940	1798	3908
5	1953	1798	1664	3909
5	2550	2304	2380	3910
5	1954	1816	1690	3911
5	2024	1875	2023	3912
5	2024	1873	1875	3913
5	2103	1844	2003	3914
5	2097	1941	1940	3915
5	1957	1907	1825	3916
5	2243	2138	2163	3917
5	1958	1863	1812	3918
5	2038	1888	1887	3919
5	1959	1944	1912	3920
5	1959	1912	1911	3921
5	1985	1911	1821	3922
5	1960	1821	1805	3923
5	1961	1877	1856	3924
5	2144	2026	1879	3925
5	1962	1892	1834	3926
5	2054	1962	1834	3927
5	2199	2053	2198	3928
5	2070	1925	1924	3929
5	2177	2030	2176	3930
5	2112	2032	2031	3931
5	2021	1975	1828	3932
5	2018	1868	1965	3933
5	2220	1993	2204	3934
5	2083	1937	2082	3935
5	1967	1914	1824	3936
5	2208	2062	2207	3937
5	2065	1921	1920	3938
5	2067	1824	1923	3939
5	2013	1864	2012	3940
5	2035	1886	1885	3941
5	1970	1946	1800	3942
5	1970	1800	1833	3943
5	1971	1970	1833	3944
5	1971	1833	1891	3945
5	2144	1879	2027	3946
5	2145	1987	1822	3947
5	1973	1958	1812	3948
5	1973	1812	1888	3949
5	2075	1836	1993	3950
5	2076	1930	1929	3951
5	2019	1869	2018	3952
5	2019	1870	1869	3953
5	1976	1963	1806	3954
5	1976	1806	1841	3955
5	1997	1669	1977	3956
5	2244	2127	2229	3957
5	1982	1945	1547	3958
5	2150	1945	1982	3959
5	2005	1851	1819	3960
5	2004	1853	1697	3961
5	2148	2136	1954	3962
5	1980	1813	1707	3963
5	1981	1980	1707	3964
5	1981	1707	1852	3965
5	2296	2289	2149	3966
5	2134	1952	1808	3967
5	2379	2167	2233	3968
5	2008	1653	1857	3969
5	2152	1684	1984	3970
5	1984	1684	1503	3971
5	2220	2075	1993	3972
5	2221	2076	2075	3973
5	1986	1964	1820	3974
5	1986	1820	1910	3975
5	2185	2108	1973	3976
5	2375	2370	2262	3977
5	2010	1861	2009	3978
5	2010	1862	1861	3979
5	2217	2072	1946	3980
5	2157	2017	1867	3981
5	2074	1928	2073	3982
5	2217	1946	2117	3983
5	2113	2032	2112	3984
5	2008	1807	1653	3985
5	2038	1973	1888	3986
5	2038	1887	2037	3987
5	2075	1929	1836	3988
5	2077	1931	1930	3989
5	1994	1976	1841	3990
5	1994	1841	1926	3991
5	2055	1908	1838	3992
5	2064	1909	2056	3993
5	1996	1992	1823	3994
5	1996	1823	1850	3995
5	2103	1939	1844	3996
5	2003	1660	1851	3997
5	2022	1822	1721	3998
5	1999	1845	1998	3999
5	2172	1999	2159	4000
5	2022	1721	1872	4001
5	2000	1990	1846	4002
5	2000	1846	1827	4003
5	2002	1850	1843	4004
5	2002	1996	1850	4005
5	2320	2166	2310	4006
5	2161	2102	1996	4007
5	2128	1979	1942	4008
5	2005	1819	1956	4009
5	2369	1941	2097	4010
5	2147	1652	1810	4011
5	2105	2003	1851	4012
5	2684	2517	2518	4013
5	2060	1915	2059	4014
5	2061	1917	1916	4015
5	2212	2068	2107	4016
5	2422	2260	2276	4017
5	2249	2087	1991	4018
5	2084	1991	1830	4019
5	2202	2055	2201	4020
5	2011	1862	2010	4021
5	2213	2040	2090	4022
5	2011	1988	1847	4023
5	2092	2009	1963	4024
5	2371	2308	2250	4025
5	2013	1865	1864	4026
5	2034	1885	1865	4027
5	2185	1973	2038	4028
5	2036	1886	2035	4029
5	2100	1866	2015	4030
5	2014	1858	1803	4031
5	2033	1884	2032	4032
5	2240	2084	1866	4033
5	2136	1816	1954	4034
5	2135	1798	1953	4035
5	2017	2016	1826	4036
5	2017	1826	1867	4037
5	2021	1871	2020	4038
5	2020	1870	2019	4039
5	2154	1959	1985	4040
5	2021	1828	1871	4041
5	2098	1944	2096	4042
5	2121	2028	1964	4043
5	2450	2311	2372	4044
5	2203	2057	2111	4045
5	2109	1801	2026	4046
5	2109	1972	1801	4047
5	2027	1878	2025	4048
5	2024	1955	1873	4049
5	2102	1992	1996	4050
5	2324	2184	2183	4051
5	2314	2246	2172	4052
5	2253	1972	2109	4053
5	2159	1999	1998	4054
5	2027	1879	1878	4055
5	2166	2012	2116	4056
5	2183	2037	1992	4057
5	2031	1883	2030	4058
5	2030	1883	1882	4059
5	2153	1960	2130	4060
5	2171	1975	2021	4061
5	2168	2019	2018	4062
5	2032	1835	2031	4063
5	2098	1986	1944	4064
5	2255	2113	2254	4065
5	2033	1803	1884	4066
5	2268	2141	2098	4067
5	2176	2029	2175	4068
5	2176	2030	2029	4069
5	2373	2256	2283	4070
5	2363	2226	2362	4071
5	2273	2228	2110	4072
5	2036	1969	1859	4073
5	2362	2225	2361	4074
5	2223	2078	2114	4075
5	2156	2023	1874	4076
5	2205	2060	2059	4077
5	2374	2263	2350	4078
5	2856	2731	2765	4079
5	2039	1966	1890	4080
5	2039	1890	1889	4081
5	2069	1924	1893	4082
5	2071	1925	2070	4083
5	2188	2042	2187	4084
5	2189	2043	2188	4085
5	2186	1990	2119	4086
5	2046	1898	2045	4087
5	2190	2045	2044	4088
5	2336	2195	2194	4089
5	2218	2072	2217	4090
5	2048	1901	1900	4091
5	2186	2041	1990	4092
5	2195	2049	2194	4093
5	2187	2041	2186	4094
5	2053	1905	2052	4095
5	2187	2042	2041	4096
5	2188	2043	2042	4097
5	2190	2044	2189	4098
5	2051	1903	2050	4099
5	2199	2054	2053	4100
5	2052	1904	2051	4101
5	2198	2052	2197	4102
5	2192	2046	2191	4103
5	2189	2044	2043	4104
5	2054	1906	2053	4105
5	2196	2051	2050	4106
5	2054	1834	1906	4107
5	2140	2092	1963	4108
5	2352	2213	2351	4109
5	2164	2009	2092	4110
5	2164	2010	2009	4111
5	2210	2064	2056	4112
5	2056	1908	2055	4113
5	2236	2123	2200	4114
5	2165	2010	2164	4115
5	2058	1913	1832	4116
5	2057	1832	1840	4117
5	2115	1966	2039	4118
5	2223	2079	2078	4119
5	2060	1916	1915	4120
5	2063	1837	1918	4121
5	2062	1918	1917	4122
5	2061	1916	2060	4123
5	2303	2094	2262	4124
5	2346	2207	2345	4125
5	2285	2143	2261	4126
5	2139	1961	2007	4127
5	2139	2094	1961	4128
5	2205	2059	2122	4129
5	2201	1995	2099	4130
5	2206	2060	2205	4131
5	2285	2122	2143	4132
5	2067	1967	1824	4133
5	2066	2065	1920	4134
5	2066	1920	1922	4135
5	2107	2068	2065	4136
5	2201	2055	1995	4137
5	2068	2067	1923	4138
5	2068	1923	1921	4139
5	2090	2054	2199	4140
5	2070	1924	2069	4141
5	2419	2144	2315	4142
5	2071	1994	1926	4143
5	2448	2308	2371	4144
5	2475	2336	2474	4145
5	2191	2045	2190	4146
5	2074	2000	1827	4147
5	2219	2073	2218	4148
5	2266	1971	2106	4149
5	2331	2189	2330	4150
5	2194	2048	2193	4151
5	2299	2153	2298	4152
5	2627	2494	2502	4153
5	2171	2130	1975	4154
5	2077	1974	1931	4155
5	2377	2274	2300	4156
5	2298	2153	2130	4157
5	2079	1934	1933	4158
5	2080	1935	1934	4159
5	2180	2034	2013	4160
5	2083	1889	1937	4161
5	2183	1992	2102	4162
5	2166	2013	2012	4163
5	2115	2111	1966	4164
5	2082	1936	2081	4165
5	2227	2142	2083	4166
5	2083	2039	1889	4167
5	2343	2203	2111	4168
5	2226	2081	2225	4169
5	2085	1948	1949	4170
5	2086	1953	1849	4171
5	2270	2157	1989	4172
5	2087	1989	1799	4173
5	2167	2088	2016	4174
5	2369	2134	1941	4175
5	2151	1807	2008	4176
5	2133	1817	1948	4177
5	2386	2135	2086	4178
5	2088	1950	1513	4179
5	2089	2001	1955	4180
5	2155	2089	1955	4181
5	2330	2188	2329	4182
5	2337	2196	2195	4183
5	2091	2018	1965	4184
5	2237	2130	2171	4185
5	2140	1976	2120	4186
5	2215	2071	2070	4187
5	2271	2086	1950	4188
5	2429	2271	2304	4189
5	2094	2025	1961	4190
5	2478	2272	2339	4191
5	2182	2036	2035	4192
5	2181	2035	2034	4193
5	2154	2096	1959	4194
5	2130	1960	1975	4195
5	2167	2016	2017	4196
5	2148	1813	1980	4197
5	2275	2141	2268	4198
5	2496	2361	2360	4199
5	2696	2564	2520	4200
5	2341	2200	2210	4201
5	2178	2015	2014	4202
5	2555	2432	2280	4203
5	2101	2091	1965	4204
5	2101	1965	1974	4205
5	2161	2002	2160	4206
5	2324	2183	2251	4207
5	2388	2148	2295	4208
5	2278	2003	2105	4209
5	2384	2105	2277	4210
5	2104	1853	2004	4211
5	2152	1809	1662	4212
5	2158	1939	2103	4213
5	2113	2033	2032	4214
5	2279	2119	2216	4215
5	2211	2066	2123	4216
5	2202	2056	2055	4217
5	2184	2037	2183	4218
5	2306	2102	2161	4219
5	2314	2159	2253	4220
5	2145	1822	2022	4221
5	2110	2101	1974	4222
5	2110	1974	2077	4223
5	2203	2058	2057	4224
5	2204	1993	2058	4225
5	2280	2100	2015	4226
5	2318	2254	2112	4227
5	2255	2179	2113	4228
5	2266	2118	1971	4229
5	2226	2082	2081	4230
5	2282	2114	2238	4231
5	2273	2110	2222	4232
5	2256	2111	2115	4233
5	2180	2013	2166	4234
5	2181	2034	2180	4235
5	2317	2175	2316	4236
5	2457	2319	2385	4237
5	2118	2117	1970	4238
5	2118	1970	1971	4239
5	2219	2074	2073	4240
5	2334	2193	2192	4241
5	2140	1963	1976	4242
5	2120	1976	1994	4243
5	2175	2029	2028	4244
5	2177	2031	2030	4245
5	2462	2324	2398	4246
5	2345	2205	2230	4247
5	2211	2065	2066	4248
5	2123	2066	1968	4249
5	2124	2120	1994	4250
5	2124	1994	2071	4251
5	2125	2114	1938	4252
5	2125	1938	1947	4253
5	2126	2125	1947	4254
5	2126	1947	1969	4255
5	2303	2174	2094	4256
5	2383	2277	2104	4257
5	2296	2149	2290	4258
5	2277	2005	2104	4259
5	2129	2085	1949	4260
5	2129	1949	1546	4261
5	2153	1985	1960	4262
5	2154	1985	2153	4263
5	2289	2147	2149	4264
5	2290	2149	1952	4265
5	2291	2131	1951	4266
5	2132	1951	1848	4267
5	2292	2133	1948	4268
5	2249	1991	2084	4269
5	2150	2132	1945	4270
5	2149	2147	1978	4271
5	2386	2086	2378	4272
5	2417	2383	2247	4273
5	2518	2388	2295	4274
5	2504	2408	2409	4275
5	2148	1954	1813	4276
5	2137	1980	1981	4277
5	2138	2099	1957	4278
5	2138	1957	1988	4279
5	2209	2006	2063	4280
5	2207	2062	2061	4281
5	2338	2197	2196	4282
5	2340	2199	2272	4283
5	2141	2121	1964	4284
5	2141	1964	1986	4285
5	2142	2115	2039	4286
5	2142	2039	2083	4287
5	2143	2122	1967	4288
5	2143	1967	2067	4289
5	2174	2025	2094	4290
5	2155	1955	2024	4291
5	2156	1874	1987	4292
5	2172	2022	1999	4293
5	2416	2137	1981	4294
5	2146	1981	1852	4295
5	2147	1982	1665	4296
5	2147	1665	1652	4297
5	2295	1980	2137	4298
5	2652	2544	2387	4299
5	2417	2248	2391	4300
5	2247	2104	2004	4301
5	2391	2248	2128	4302
5	2291	1951	2132	4303
5	2297	1891	2151	4304
5	2151	1891	1746	4305
5	2158	1984	1939	4306
5	2152	2127	1977	4307
5	2267	2101	2228	4308
5	2317	2176	2175	4309
5	2298	2130	2237	4310
5	2311	2169	2168	4311
5	2368	2258	2156	4312
5	2262	2094	2139	4313
5	2345	2206	2205	4314
5	2234	2156	1987	4315
5	2242	1943	2136	4316
5	2271	1950	2088	4317
5	2305	1984	2158	4318
5	2305	2152	1984	4319
5	2172	2145	2022	4320
5	2723	2453	2540	4321
5	2161	1996	2002	4322
5	2320	2180	2166	4323
5	2277	2105	2005	4324
5	2288	2128	1942	4325
5	2162	2139	2007	4326
5	2162	2007	2006	4327
5	2163	2138	1988	4328
5	2163	1988	2011	4329
5	2165	2011	2010	4330
5	2422	2276	2394	4331
5	2335	2193	2334	4332
5	2307	2163	2165	4333
5	2310	2116	2309	4334
5	2449	2322	2320	4335
5	2438	2241	2133	4336
5	2292	1948	2085	4337
5	2169	2020	2019	4338
5	2170	2021	2020	4339
5	2644	2585	2511	4340
5	2316	2121	2275	4341
5	2358	2221	2220	4342
5	2171	2021	2170	4343
5	2358	2220	2357	4344
5	2360	2224	2223	4345
5	2314	2172	2159	4346
5	2252	2026	2144	4347
5	2173	2155	2024	4348
5	2173	2024	2023	4349
5	2258	2023	2156	4350
5	2433	2261	2423	4351
5	2411	2228	2273	4352
5	2443	2298	2396	4353
5	2318	2112	2177	4354
5	2275	2121	2141	4355
5	2319	2176	2317	4356
5	2177	2112	2031	4357
5	2284	2179	2255	4358
5	2505	2266	2397	4359
5	2179	2178	2014	4360
5	2179	2014	2033	4361
5	2326	2108	2185	4362
5	2364	2283	2142	4363
5	2418	2398	2251	4364
5	2182	2095	2036	4365
5	2322	2180	2320	4366
5	2325	2184	2324	4367
5	2184	2038	2037	4368
5	2185	2038	2184	4369
5	2462	2325	2324	4370
5	2309	2116	2108	4371
5	2326	2309	2108	4372
5	2446	2286	2435	4373
5	2330	2189	2188	4374
5	2329	2187	2328	4375
5	2475	2337	2336	4376
5	2193	2048	2047	4377
5	2430	2275	2268	4378
5	2441	2397	2106	4379
5	2327	2186	2119	4380
5	2191	2046	2045	4381
5	2336	2194	2335	4382
5	2334	2192	2333	4383
5	2328	2187	2186	4384
5	2329	2188	2187	4385
5	2331	2190	2189	4386
5	2197	2051	2196	4387
5	2351	2090	2340	4388
5	2195	2050	2049	4389
5	2272	2199	2198	4390
5	2339	2198	2197	4391
5	2339	2197	2338	4392
5	2198	2053	2052	4393
5	2337	2195	2336	4394
5	2332	2191	2190	4395
5	2352	2214	2213	4396
5	2090	1962	2054	4397
5	2404	2259	2376	4398
5	2214	2070	2069	4399
5	2484	2403	2341	4400
5	2250	2164	2092	4401
5	2200	2123	1968	4402
5	2200	1968	2064	4403
5	2260	2201	2099	4404
5	2210	2056	2202	4405
5	2341	2236	2200	4406
5	2210	2200	2064	4407
5	2498	2363	2362	4408
5	2221	2075	2220	4409
5	2480	2344	2343	4410
5	2222	2110	2077	4411
5	2206	2061	2060	4412
5	2209	2063	2208	4413
5	2424	2173	2258	4414
5	2287	2161	2160	4415
5	2615	2481	2506	4416
5	2209	2162	2006	4417
5	2231	2139	2162	4418
5	2485	2350	2349	4419
5	2483	2348	2342	4420
5	2350	2211	2349	4421
5	2448	2307	2308	4422
5	2276	2138	2243	4423
5	2342	2202	2201	4424
5	2556	2402	2482	4425
5	2212	2143	2067	4426
5	2212	2067	2068	4427
5	2259	2120	2124	4428
5	2214	2069	2213	4429
5	2352	2264	2215	4430
5	2215	2070	2214	4431
5	2508	2376	2488	4432
5	2332	2190	2331	4433
5	2216	2119	2000	4434
5	2216	2000	2074	4435
5	2218	2073	2072	4436
5	2327	2119	2279	4437
5	2766	2644	2694	4438
5	2355	2216	2219	4439
5	2328	2186	2327	4440
5	2219	2216	2074	4441
5	2497	2362	2361	4442
5	2421	2255	2254	4443
5	2311	2168	2235	4444
5	2222	2076	2221	4445
5	2235	2168	2091	4446
5	2412	2235	2267	4447
5	2224	2080	2079	4448
5	2225	2081	2080	4449
5	2357	2204	2344	4450
5	2227	2083	2082	4451
5	2633	2500	2499	4452
5	2322	2181	2180	4453
5	2460	2323	2322	4454
5	2227	2082	2226	4455
5	2458	2310	2309	4456
5	2282	2223	2114	4457
5	2359	2222	2221	4458
5	2555	2178	2284	4459
5	2244	1997	2127	4460
5	2244	2146	1997	4461
5	2230	2205	2122	4462
5	2285	2230	2122	4463
5	2347	2209	2208	4464
5	2401	2375	2231	4465
5	2232	2231	2162	4466
5	2232	2162	2209	4467
5	2233	2167	2017	4468
5	2233	2017	2157	4469
5	2252	2109	2026	4470
5	2258	2173	2023	4471
5	2585	2450	2511	4472
5	2451	2312	2450	4473
5	2261	2143	2212	4474
5	2400	2345	2230	4475
5	2312	2169	2311	4476
5	2312	2170	2169	4477
5	2321	2269	2095	4478
5	2461	2321	2323	4479
5	2293	1940	2135	4480
5	2241	1983	2133	4481
5	2249	2084	2240	4482
5	2567	2428	2270	4483
5	2678	2389	2503	4484
5	2297	2106	1891	4485
5	2242	2239	2129	4486
5	2242	2129	1943	4487
5	2485	2349	2382	4488
5	2265	2092	2140	4489
5	2431	2229	2158	4490
5	2416	2146	2244	4491
5	2365	2292	2085	4492
5	2544	2097	2387	4493
5	2246	2234	2145	4494
5	2246	2145	2172	4495
5	2288	1942	2131	4496
5	2416	1981	2146	4497
5	2248	2247	2004	4498
5	2248	2004	2128	4499
5	2378	2086	2271	4500
5	2353	2117	2281	4501
5	2307	2243	2163	4502
5	2308	2164	2250	4503
5	2251	2183	2102	4504
5	2598	2462	2512	4505
5	2419	2252	2144	4506
5	2262	2139	2231	4507
5	2355	2279	2216	4508
5	2420	2279	2355	4509
5	2354	2217	2353	4510
5	2254	2113	2112	4511
5	2675	2510	2405	4512
5	2284	2178	2179	4513
5	2359	2273	2222	4514
5	2343	2111	2256	4515
5	2257	2238	2125	4516
5	2257	2125	2126	4517
5	2315	2144	2027	4518
5	2315	2027	2174	4519
5	2294	2120	2259	4520
5	2265	2250	2092	4521
5	2487	2352	2351	4522
5	2488	2264	2352	4523
5	2423	2261	2263	4524
5	2350	2107	2211	4525
5	2573	2433	2572	4526
5	2286	2160	2089	4527
5	2263	2261	2212	4528
5	2263	2212	2107	4529
5	2264	2259	2124	4530
5	2264	2124	2215	4531
5	2514	2394	2414	4532
5	2381	2342	2260	4533
5	2486	2351	2340	4534
5	2281	2117	2118	4535
5	2267	2235	2091	4536
5	2267	2091	2101	4537
5	2555	2284	2510	4538
5	2427	2268	2274	4539
5	2269	2257	2126	4540
5	2269	2126	2095	4541
5	2501	2438	2292	4542
5	2516	2233	2428	4543
5	2432	2366	2100	4544
5	2429	2378	2271	4545
5	2340	2090	2199	4546
5	2351	2213	2090	4547
5	2344	2203	2343	4548
5	2399	2343	2256	4549
5	2274	2268	2098	4550
5	2274	2098	2096	4551
5	2455	2275	2430	4552
5	2444	2300	2299	4553
5	2276	2260	2099	4554
5	2276	2099	2138	4555
5	2384	2278	2105	4556
5	2278	2103	2003	4557
5	2431	2158	2103	4558
5	2431	2103	2278	4559
5	2253	2159	1998	4560
5	2253	1998	1972	4561
5	2505	2118	2266	4562
5	2366	2240	2100	4563
5	2353	2217	2117	4564
5	2354	2218	2217	4565
5	2363	2227	2226	4566
5	2283	2256	2115	4567
5	2361	2224	2360	4568
5	2763	2632	2762	4569
5	2441	2106	2297	4570
5	2397	2266	2106	4571
5	2481	2345	2400	4572
5	2401	2231	2232	4573
5	2526	2445	2301	4574
5	2434	2230	2285	4575
5	2306	2251	2102	4576
5	2306	2161	2287	4577
5	2503	2389	2439	4578
5	2290	1952	2134	4579
5	2289	2150	1982	4580
5	2289	1982	2147	4581
5	2383	2104	2247	4582
5	2390	2131	2291	4583
5	2390	2288	2131	4584
5	2518	2295	2440	4585
5	2428	2233	2157	4586
5	2791	2567	2651	4587
5	2380	2304	2167	4588
5	2388	2136	2148	4589
5	2294	2265	2140	4590
5	2294	2140	2120	4591
5	2519	2293	2386	4592
5	2365	2085	2239	4593
5	2436	2132	2150	4594
5	2296	2150	2289	4595
5	2297	2151	2245	4596
5	2432	2100	2280	4597
5	2300	2096	2154	4598
5	2300	2154	2299	4599
5	2395	2267	2228	4600
5	2300	2274	2096	4601
5	2412	2267	2395	4602
5	2638	2504	2509	4603
5	2375	2262	2231	4604
5	2302	2155	2301	4605
5	2302	2286	2089	4606
5	2302	2089	2155	4607
5	2368	2156	2234	4608
5	2452	2253	2109	4609
5	2304	2271	2088	4610
5	2304	2088	2167	4611
5	2305	2158	2229	4612
5	2305	2229	2127	4613
5	2435	2286	2302	4614
5	2619	2485	2618	4615
5	2483	2342	2381	4616
5	2572	2433	2423	4617
5	2308	2307	2165	4618
5	2308	2165	2164	4619
5	2310	2166	2116	4620
5	2321	2095	2182	4621
5	2459	2310	2458	4622
5	2632	2499	2498	4623
5	2313	2171	2170	4624
5	2313	2170	2312	4625
5	2570	2430	2427	4626
5	2313	2237	2171	4627
5	2427	2274	2377	4628
5	2444	2377	2300	4629
5	2452	2393	2314	4630
5	2452	2109	2252	4631
5	2588	2315	2453	4632
5	2767	2642	2588	4633
5	2489	2353	2281	4634
5	2454	2254	2318	4635
5	2451	2407	2313	4636
5	2780	2644	2766	4637
5	2491	2355	2356	4638
5	2405	2284	2255	4639
5	2319	2318	2177	4640
5	2319	2177	2176	4641
5	2464	2309	2326	4642
5	2630	2497	2496	4643
5	2323	2181	2322	4644
5	2406	2360	2282	4645
5	2323	2182	2181	4646
5	2323	2321	2182	4647
5	2460	2322	2449	4648
5	2499	2363	2498	4649
5	2325	2185	2184	4650
5	2326	2185	2325	4651
5	2463	2325	2462	4652
5	2761	2630	2760	4653
5	2599	2463	2598	4654
5	2689	2522	2543	4655
5	2466	2327	2465	4656
5	2465	2279	2420	4657
5	2490	2353	2489	4658
5	2333	2191	2332	4659
5	2465	2327	2279	4660
5	2479	2340	2272	4661
5	2467	2328	2466	4662
5	2466	2328	2327	4663
5	2487	2351	2486	4664
5	2333	2192	2191	4665
5	2477	2339	2338	4666
5	2467	2329	2328	4667
5	2471	2332	2470	4668
5	2335	2194	2193	4669
5	2468	2330	2329	4670
5	2473	2334	2472	4671
5	2469	2330	2468	4672
5	2338	2196	2337	4673
5	2469	2331	2330	4674
5	2470	2332	2331	4675
5	2472	2333	2471	4676
5	2339	2272	2198	4677
5	2471	2333	2332	4678
5	2478	2339	2477	4679
5	2472	2334	2333	4680
5	2473	2335	2334	4681
5	2479	2272	2478	4682
5	2352	2215	2214	4683
5	2348	2202	2342	4684
5	2484	2348	2483	4685
5	2348	2210	2202	4686
5	2348	2341	2210	4687
5	2344	2204	2203	4688
5	2357	2220	2204	4689
5	2412	2372	2235	4690
5	2359	2221	2358	4691
5	2346	2208	2207	4692
5	2347	2232	2209	4693
5	2370	2303	2262	4694
5	2347	2208	2346	4695
5	2418	2251	2306	4696
5	2711	2572	2528	4697
5	2425	2265	2294	4698
5	2620	2479	2614	4699
5	2350	2263	2107	4700
5	2349	2211	2123	4701
5	2528	2423	2374	4702
5	2423	2263	2374	4703
5	2474	2336	2335	4704
5	2371	2250	2265	4705
5	2376	2259	2264	4706
5	2477	2338	2476	4707
5	2430	2268	2427	4708
5	2356	2218	2354	4709
5	2586	2524	2407	4710
5	2566	2457	2529	4711
5	2470	2331	2469	4712
5	2468	2329	2467	4713
5	2356	2355	2219	4714
5	2356	2219	2218	4715
5	2821	2722	2780	4716
5	2761	2631	2630	4717
5	2726	2589	2724	4718
5	2463	2326	2325	4719
5	2496	2360	2406	4720
5	2632	2498	2631	4721
5	2361	2225	2224	4722
5	2362	2226	2225	4723
5	2630	2496	2629	4724
5	2364	2142	2227	4725
5	3011	2931	2887	4726
5	2912	2884	2769	4727
5	2494	2357	2492	4728
5	2364	2227	2363	4729
5	2411	2395	2228	4730
5	2399	2256	2373	4731
5	2674	2505	2397	4732
5	2428	2157	2270	4733
5	2367	2240	2366	4734
5	2367	2249	2240	4735
5	2537	2241	2438	4736
5	2695	2537	2637	4737
5	2523	2258	2368	4738
5	2523	2424	2258	4739
5	2437	2296	2290	4740
5	2369	2290	2134	4741
5	2733	2598	2647	4742
5	2540	2303	2370	4743
5	2448	2414	2307	4744
5	2546	2381	2521	4745
5	2372	2311	2235	4746
5	2524	2396	2407	4747
5	2500	2373	2283	4748
5	2499	2364	2363	4749
5	2485	2374	2350	4750
5	2572	2423	2528	4751
5	2482	2346	2481	4752
5	2520	2375	2401	4753
5	2404	2294	2259	4754
5	2425	2294	2404	4755
5	2570	2427	2522	4756
5	2396	2298	2237	4757
5	2552	2369	2544	4758
5	2801	2501	2648	4759
5	2438	2133	2292	4760
5	2380	2167	2379	4761
5	2516	2379	2233	4762
5	2391	2128	2288	4763
5	2382	2349	2236	4764
5	2698	2616	2690	4765
5	2563	2394	2514	4766
5	2565	2371	2425	4767
5	2417	2247	2248	4768
5	2548	2415	2229	4769
5	2549	2277	2383	4770
5	2415	2244	2229	4771
5	2385	2319	2317	4772
5	2455	2316	2275	4773
5	2387	2097	2293	4774
5	2386	2293	2135	4775
5	2569	2545	2378	4776
5	2389	2239	2242	4777
5	2648	2365	2551	4778
5	2555	2280	2178	4779
5	2548	2229	2431	4780
5	2439	2136	2388	4781
5	2552	2437	2369	4782
5	2576	2296	2437	4783
5	2553	2288	2390	4784
5	2437	2290	2369	4785
5	2392	2368	2234	4786
5	2392	2234	2246	4787
5	2393	2392	2246	4788
5	2393	2246	2314	4789
5	2422	2381	2260	4790
5	2394	2276	2243	4791
5	2840	2707	2692	4792
5	2760	2629	2759	4793
5	2443	2299	2298	4794
5	2444	2299	2443	4795
5	2534	2367	2366	4796
5	2426	2356	2354	4797
5	2398	2324	2251	4798
5	2573	2507	2434	4799
5	2493	2411	2273	4800
5	2480	2343	2399	4801
5	2526	2301	2424	4802
5	2424	2301	2173	4803
5	2513	2435	2445	4804
5	2482	2347	2346	4805
5	2402	2401	2232	4806
5	2402	2232	2347	4807
5	2403	2382	2236	4808
5	2403	2236	2341	4809
5	2673	2528	2619	4810
5	2584	2371	2565	4811
5	2557	2420	2491	4812
5	2716	2534	2535	4813
5	2498	2362	2497	4814
5	2497	2361	2496	4815
5	2407	2396	2237	4816
5	2407	2237	2313	4817
5	2408	2406	2282	4818
5	2408	2282	2238	4819
5	2409	2408	2238	4820
5	2409	2238	2257	4821
5	2410	2409	2257	4822
5	2410	2257	2269	4823
5	2492	2344	2480	4824
5	2494	2358	2357	4825
5	2530	2502	2492	4826
5	2530	2480	2399	4827
5	2413	2410	2269	4828
5	2413	2269	2321	4829
5	2414	2394	2243	4830
5	2414	2243	2307	4831
5	2544	2369	2097	4832
5	2440	2295	2137	4833
5	2685	2440	2653	4834
5	2653	2440	2560	4835
5	2667	2515	2505	4836
5	2660	2571	2384	4837
5	2447	2418	2306	4838
5	2447	2287	2446	4839
5	2689	2682	2522	4840
5	2452	2314	2253	4841
5	2491	2420	2355	4842
5	2491	2356	2426	4843
5	2590	2456	2455	4844
5	2421	2405	2255	4845
5	2690	2616	2617	4846
5	2892	2781	2782	4847
5	2433	2285	2261	4848
5	2434	2285	2433	4849
5	2453	2174	2303	4850
5	2618	2485	2382	4851
5	2521	2381	2422	4852
5	2975	2841	2893	4853
5	2693	2566	2529	4854
5	2625	2558	2421	4855
5	2456	2385	2317	4856
5	2668	2645	2554	4857
5	2567	2270	2087	4858
5	2658	2367	2534	4859
5	2661	2429	2550	4860
5	2519	2387	2293	4861
5	2591	2385	2456	4862
5	2626	2491	2426	4863
5	2660	2548	2571	4864
5	2701	2561	2415	4865
5	2510	2284	2405	4866
5	2771	2550	2659	4867
5	2720	2520	2583	4868
5	2434	2400	2230	4869
5	2730	2525	2596	4870
5	2712	2572	2711	4871
5	2698	2547	2616	4872
5	2446	2287	2286	4873
5	2575	2291	2436	4874
5	2436	2150	2296	4875
5	2839	2666	2553	4876
5	2436	2291	2132	4877
5	2501	2292	2365	4878
5	3006	2834	2756	4879
5	2439	2389	2242	4880
5	2439	2242	2136	4881
5	2654	2552	2544	4882
5	2773	2552	2654	4883
5	3145	3066	3083	4884
5	2623	2426	2490	4885
5	2442	2441	2297	4886
5	2442	2297	2245	4887
5	2628	2493	2495	4888
5	2724	2570	2682	4889
5	2532	2395	2411	4890
5	2603	2467	2602	4891
5	2445	2435	2302	4892
5	2445	2302	2301	4893
5	2447	2306	2287	4894
5	2525	2410	2413	4895
5	2546	2483	2381	4896
5	2596	2461	2595	4897
5	2614	2479	2478	4898
5	2610	2474	2609	4899
5	2461	2413	2321	4900
5	2461	2323	2460	4901
5	2451	2313	2312	4902
5	2450	2312	2311	4903
5	2722	2585	2644	4904
5	2586	2451	2585	4905
5	2587	2252	2419	4906
5	2587	2452	2252	4907
5	2588	2419	2315	4908
5	2453	2315	2174	4909
5	2490	2354	2353	4910
5	2454	2421	2254	4911
5	2456	2316	2455	4912
5	2456	2317	2316	4913
5	2579	2396	2524	4914
5	2762	2632	2631	4915
5	2457	2454	2318	4916
5	2457	2318	2319	4917
5	2459	2320	2310	4918
5	2459	2449	2320	4919
5	2574	2446	2435	4920
5	2649	2502	2530	4921
5	2596	2525	2413	4922
5	2598	2463	2462	4923
5	2595	2461	2460	4924
5	2525	2509	2410	4925
5	2845	2822	2665	4926
5	2464	2326	2463	4927
5	2592	2459	2458	4928
5	2464	2458	2309	4929
5	2594	2460	2449	4930
5	2729	2594	2593	4931
5	2611	2476	2475	4932
5	2602	2466	2601	4933
5	2604	2468	2603	4934
5	2600	2465	2420	4935
5	2612	2477	2476	4936
5	2558	2405	2421	4937
5	2601	2466	2465	4938
5	2474	2335	2473	4939
5	2608	2472	2607	4940
5	2605	2469	2604	4941
5	2602	2467	2466	4942
5	2612	2476	2611	4943
5	2603	2468	2467	4944
5	2476	2338	2337	4945
5	2609	2473	2608	4946
5	2614	2478	2613	4947
5	2604	2469	2468	4948
5	2605	2470	2469	4949
5	2607	2471	2606	4950
5	2476	2337	2475	4951
5	2606	2470	2605	4952
5	2606	2471	2470	4953
5	2613	2477	2612	4954
5	2488	2352	2487	4955
5	2607	2472	2471	4956
5	2608	2473	2472	4957
5	2621	2486	2620	4958
5	2486	2340	2479	4959
5	2609	2474	2473	4960
5	2610	2475	2474	4961
5	2492	2357	2344	4962
5	2493	2273	2359	4963
5	2482	2402	2347	4964
5	2481	2346	2345	4965
5	2583	2520	2401	4966
5	2581	2418	2447	4967
5	2484	2341	2348	4968
5	2943	2831	2798	4969
5	2541	2404	2376	4970
5	2584	2448	2371	4971
5	2618	2382	2547	4972
5	2749	2547	2698	4973
5	2622	2488	2487	4974
5	2841	2706	2775	4975
5	2721	2584	2565	4976
5	2488	2376	2264	4977
5	2617	2483	2546	4978
5	2541	2376	2508	4979
5	2490	2426	2354	4980
5	2600	2420	2557	4981
5	2674	2667	2505	4982
5	2705	2555	2704	4983
5	2704	2555	2510	4984
5	2601	2465	2600	4985
5	3015	2905	2913	4986
5	2628	2495	2627	4987
5	2495	2358	2494	4988
5	2542	2372	2412	4989
5	2495	2359	2358	4990
5	2495	2493	2359	4991
5	2591	2529	2385	4992
5	2543	2522	2377	4993
5	2533	2408	2504	4994
5	2633	2531	2373	4995
5	2533	2406	2408	4996
5	2500	2283	2364	4997
5	2530	2399	2531	4998
5	2530	2492	2480	4999
5	2633	2373	2500	5000
5	2500	2364	2499	5001
5	2827	2650	2664	5002
5	2631	2498	2497	5003
5	2705	2432	2555	5004
5	2567	2087	2249	5005
5	2502	2494	2492	5006
5	2629	2406	2533	5007
5	2678	2551	2389	5008
5	2551	2239	2389	5009
5	2593	2449	2459	5010
5	2596	2413	2461	5011
5	2515	2281	2505	5012
5	2505	2281	2118	5013
5	2506	2481	2400	5014
5	2573	2434	2433	5015
5	2507	2506	2400	5016
5	2507	2400	2434	5017
5	2679	2508	2622	5018
5	2620	2486	2479	5019
5	2509	2504	2409	5020
5	2509	2409	2410	5021
5	2537	2093	2241	5022
5	2515	2489	2281	5023
5	2511	2450	2372	5024
5	2542	2511	2372	5025
5	2512	2462	2398	5026
5	2854	2765	2729	5027
5	2583	2401	2402	5028
5	2574	2435	2513	5029
5	2878	2751	2877	5030
5	2541	2425	2404	5031
5	2697	2559	2640	5032
5	2589	2430	2570	5033
5	2550	2429	2304	5034
5	2811	2685	2653	5035
5	2517	2503	2439	5036
5	2517	2439	2388	5037
5	2634	2503	2517	5038
5	2518	2517	2388	5039
5	2770	2700	2569	5040
5	2569	2378	2429	5041
5	2540	2453	2303	5042
5	2564	2375	2520	5043
5	2750	2673	2619	5044
5	2691	2546	2656	5045
5	2522	2427	2377	5046
5	2783	2717	2643	5047
5	2642	2419	2588	5048
5	2639	2424	2523	5049
5	2543	2377	2444	5050
5	2795	2689	2669	5051
5	2593	2459	2592	5052
5	3090	2957	3016	5053
5	2635	2445	2526	5054
5	2639	2526	2424	5055
5	2527	2514	2414	5056
5	2527	2414	2448	5057
5	2781	2690	2691	5058
5	2836	2698	2690	5059
5	2529	2457	2385	5060
5	2682	2570	2522	5061
5	2692	2626	2623	5062
5	2758	2668	2628	5063
5	2755	2623	2624	5064
5	2531	2399	2373	5065
5	2559	2395	2532	5066
5	2776	2768	2640	5067
5	2629	2496	2406	5068
5	2631	2497	2630	5069
5	2536	2442	2245	5070
5	2637	2537	2438	5071
5	2535	2534	2366	5072
5	2535	2366	2432	5073
5	2577	2397	2441	5074
5	2967	2578	2636	5075
5	2537	2536	2245	5076
5	2537	2245	2093	5077
5	2538	2523	2368	5078
5	2538	2368	2392	5079
5	2539	2512	2398	5080
5	2539	2398	2418	5081
5	2663	2512	2539	5082
5	2639	2538	2655	5083
5	2565	2425	2541	5084
5	2583	2402	2556	5085
5	2669	2543	2580	5086
5	2883	2840	2692	5087
5	2580	2443	2579	5088
5	2580	2543	2444	5089
5	2660	2384	2549	5090
5	2553	2391	2288	5091
5	2545	2519	2386	5092
5	2545	2386	2378	5093
5	2547	2382	2403	5094
5	2619	2374	2485	5095
5	2749	2618	2547	5096
5	2688	2521	2563	5097
5	2549	2384	2277	5098
5	2571	2278	2384	5099
5	2701	2415	2548	5100
5	2654	2544	2652	5101
5	2785	2577	2715	5102
5	2551	2365	2239	5103
5	2666	2417	2391	5104
5	2666	2391	2553	5105
5	2702	2653	2560	5106
5	2648	2501	2365	5107
5	3059	2837	2938	5108
5	2576	2436	2296	5109
5	2554	2532	2411	5110
5	2554	2411	2493	5111
5	2774	2705	2704	5112
5	2815	2651	2568	5113
5	2681	2527	2584	5114
5	2584	2527	2448	5115
5	2626	2426	2623	5116
5	2727	2725	2591	5117
5	3136	3031	2946	5118
5	2625	2421	2454	5119
5	2559	2542	2412	5120
5	2559	2412	2395	5121
5	2560	2440	2137	5122
5	2560	2137	2416	5123
5	2561	2560	2416	5124
5	2561	2416	2415	5125
5	2562	2538	2392	5126
5	2562	2392	2393	5127
5	2563	2521	2422	5128
5	2563	2422	2394	5129
5	2767	2588	2723	5130
5	2564	2370	2375	5131
5	2900	2788	2789	5132
5	2871	2745	2870	5133
5	2625	2454	2566	5134
5	2566	2454	2457	5135
5	2801	2637	2501	5136
5	2791	2428	2567	5137
5	2568	2567	2249	5138
5	2568	2249	2367	5139
5	2686	2652	2387	5140
5	2686	2387	2519	5141
5	2589	2455	2430	5142
5	2590	2455	2589	5143
5	2571	2548	2431	5144
5	2571	2431	2278	5145
5	2827	2796	2650	5146
5	2713	2507	2573	5147
5	2671	2664	2615	5148
5	2796	2720	2650	5149
5	2581	2539	2418	5150
5	2582	2446	2574	5151
5	2714	2390	2575	5152
5	2575	2390	2291	5153
5	2714	2575	2576	5154
5	2576	2575	2436	5155
5	2825	2678	2503	5156
5	2803	2695	2637	5157
5	2578	2577	2441	5158
5	2578	2441	2442	5159
5	2580	2444	2443	5160
5	2579	2443	2396	5161
5	2708	2489	2515	5162
5	2689	2543	2669	5163
5	2719	2574	2677	5164
5	2728	2593	2592	5165
5	2582	2581	2447	5166
5	2582	2447	2446	5167
5	2720	2583	2650	5168
5	2720	2696	2520	5169
5	2798	2657	2672	5170
5	2706	2541	2508	5171
5	2586	2407	2451	5172
5	2585	2451	2450	5173
5	2676	2627	2502	5174
5	2800	2759	2646	5175
5	2587	2562	2393	5176
5	2587	2393	2452	5177
5	2723	2588	2453	5178
5	2655	2538	2562	5179
5	2717	2579	2643	5180
5	2852	2726	2793	5181
5	2725	2693	2529	5182
5	2591	2456	2590	5183
5	3178	3143	3015	5184
5	2963	2795	2919	5185
5	2595	2460	2594	5186
5	2594	2449	2593	5187
5	2848	2696	2720	5188
5	2728	2592	2662	5189
5	2778	2733	2647	5190
5	2763	2633	2632	5191
5	2733	2599	2598	5192
5	2731	2595	2594	5193
5	2729	2593	2728	5194
5	2764	2633	2763	5195
5	2597	2592	2458	5196
5	2597	2458	2464	5197
5	2599	2464	2463	5198
5	2599	2597	2464	5199
5	2662	2592	2597	5200
5	2731	2594	2729	5201
5	2724	2589	2570	5202
5	2797	2755	2624	5203
5	2708	2624	2489	5204
5	2737	2601	2736	5205
5	2736	2601	2600	5206
5	2737	2602	2601	5207
5	2735	2600	2557	5208
5	2707	2557	2626	5209
5	2741	2605	2740	5210
5	2613	2478	2477	5211
5	2752	2621	2620	5212
5	2738	2603	2602	5213
5	2743	2607	2742	5214
5	2622	2487	2621	5215
5	2739	2604	2603	5216
5	2753	2622	2621	5217
5	2744	2608	2743	5218
5	2740	2605	2604	5219
5	2745	2610	2609	5220
5	2611	2475	2610	5221
5	2741	2606	2605	5222
5	2746	2611	2610	5223
5	2742	2607	2606	5224
5	2748	2612	2747	5225
5	2743	2608	2607	5226
5	2748	2614	2613	5227
5	2745	2609	2744	5228
5	2621	2487	2486	5229
5	2751	2614	2748	5230
5	2744	2609	2608	5231
5	2615	2556	2482	5232
5	2615	2482	2481	5233
5	2616	2547	2403	5234
5	2616	2403	2484	5235
5	2617	2616	2484	5236
5	2617	2484	2483	5237
5	3020	2893	2898	5238
5	2619	2528	2374	5239
5	2688	2563	2657	5240
5	2721	2681	2584	5241
5	2746	2610	2745	5242
5	2622	2508	2488	5243
5	2747	2612	2611	5244
5	2751	2620	2614	5245
5	2681	2672	2527	5246
5	2706	2508	2679	5247
5	2738	2602	2737	5248
5	2626	2557	2491	5249
5	2624	2623	2490	5250
5	2624	2490	2489	5251
5	2735	2557	2707	5252
5	2707	2626	2692	5253
5	3163	3041	3154	5254
5	3204	3061	3137	5255
5	2628	2554	2493	5256
5	2627	2495	2494	5257
5	2882	2754	2881	5258
5	2901	2769	2792	5259
5	2646	2504	2638	5260
5	2764	2757	2531	5261
5	2951	2799	2804	5262
5	2650	2583	2556	5263
5	2832	2639	2655	5264
5	2633	2499	2632	5265
5	2646	2533	2504	5266
5	2885	2760	2759	5267
5	2759	2533	2646	5268
5	2764	2531	2633	5269
5	2940	2801	2648	5270
5	2637	2438	2501	5271
5	2924	2767	2723	5272
5	2635	2513	2445	5273
5	2636	2578	2442	5274
5	2636	2442	2536	5275
5	2906	2830	2779	5276
5	2651	2567	2568	5277
5	2854	2729	2728	5278
5	2730	2641	2525	5279
5	2709	2370	2564	5280
5	2642	2587	2419	5281
5	2640	2559	2532	5282
5	2784	2697	2768	5283
5	2641	2638	2509	5284
5	2641	2509	2525	5285
5	2639	2523	2538	5286
5	2642	2655	2562	5287
5	2643	2579	2524	5288
5	2670	2643	2524	5289
5	2670	2524	2586	5290
5	3107	2983	3105	5291
5	2645	2640	2532	5292
5	2645	2532	2554	5293
5	2807	2638	2799	5294
5	2759	2629	2533	5295
5	2647	2598	2512	5296
5	2663	2647	2512	5297
5	2659	2550	2380	5298
5	2946	2785	2715	5299
5	2668	2554	2628	5300
5	2676	2502	2649	5301
5	2853	2728	2662	5302
5	2677	2574	2513	5303
5	2695	2536	2537	5304
5	2659	2380	2379	5305
5	2703	2576	2437	5306
5	2810	2654	2652	5307
5	3027	2779	2935	5308
5	2915	2654	2810	5309
5	2702	2560	2561	5310
5	2969	2846	2896	5311
5	2642	2562	2587	5312
5	2847	2719	2677	5313
5	2656	2546	2521	5314
5	2876	2673	2750	5315
5	2688	2656	2521	5316
5	2657	2563	2514	5317
5	2815	2568	2658	5318
5	2658	2568	2367	5319
5	2904	2678	2825	5320
5	2661	2569	2429	5321
5	2938	2837	2702	5322
5	2699	2383	2417	5323
5	2947	2774	2894	5324
5	2818	2551	2678	5325
5	2734	2599	2733	5326
5	2857	2734	2733	5327
5	2671	2506	2665	5328
5	2711	2528	2673	5329
5	2664	2650	2556	5330
5	2664	2556	2615	5331
5	2671	2615	2506	5332
5	2665	2506	2507	5333
5	2817	2549	2699	5334
5	2699	2549	2383	5335
5	2675	2405	2558	5336
5	2756	2558	2625	5337
5	2758	2627	2676	5338
5	2784	2766	2694	5339
5	3133	2952	3050	5340
5	2912	2769	2901	5341
5	2780	2722	2644	5342
5	3061	2930	3026	5343
5	2809	2718	2719	5344
5	2680	2663	2539	5345
5	2672	2657	2514	5346
5	2672	2514	2527	5347
5	2713	2573	2712	5348
5	2712	2573	2572	5349
5	2674	2397	2577	5350
5	2715	2577	2578	5351
5	2756	2625	2754	5352
5	2739	2603	2738	5353
5	2758	2628	2627	5354
5	2889	2763	2762	5355
5	2680	2539	2581	5356
5	2777	2663	2680	5357
5	3027	2906	2779	5358
5	2779	2687	2700	5359
5	2753	2679	2622	5360
5	2752	2620	2751	5361
5	2790	2663	2777	5362
5	2978	2895	2854	5363
5	2710	2541	2706	5364
5	3004	2898	2880	5365
5	2851	2693	2725	5366
5	2986	2852	2793	5367
5	2683	2659	2379	5368
5	2683	2379	2516	5369
5	2938	2702	2838	5370
5	2684	2634	2517	5371
5	2685	2684	2518	5372
5	2685	2518	2440	5373
5	3138	3040	3023	5374
5	2770	2569	2661	5375
5	2687	2686	2519	5376
5	2687	2519	2545	5377
5	2788	2672	2681	5378
5	2921	2836	2916	5379
5	2966	2802	2635	5380
5	2833	2639	2832	5381
5	2750	2618	2749	5382
5	2750	2619	2618	5383
5	2691	2690	2617	5384
5	2691	2617	2546	5385
5	2753	2621	2752	5386
5	2736	2600	2735	5387
5	2754	2566	2693	5388
5	2834	2558	2756	5389
5	2694	2644	2511	5390
5	2694	2511	2542	5391
5	2786	2708	2515	5392
5	2835	2636	2536	5393
5	2802	2513	2635	5394
5	2709	2540	2370	5395
5	2697	2694	2542	5396
5	2697	2542	2559	5397
5	2843	2711	2842	5398
5	2874	2698	2836	5399
5	2812	2417	2666	5400
5	2838	2702	2561	5401
5	2700	2687	2545	5402
5	2700	2545	2569	5403
5	2830	2686	2687	5404
5	2907	2810	2830	5405
5	2838	2561	2701	5406
5	2703	2437	2552	5407
5	3023	2969	2896	5408
5	2714	2553	2390	5409
5	3186	2940	3058	5410
5	2772	2704	2510	5411
5	2923	2658	2534	5412
5	2705	2535	2432	5413
5	2710	2565	2541	5414
5	2721	2565	2710	5415
5	3008	2981	2840	5416
5	2726	2590	2589	5417
5	2862	2736	2861	5418
5	2754	2625	2566	5419
5	2787	2655	2642	5420
5	2850	2723	2540	5421
5	2831	2657	2798	5422
5	2814	2656	2688	5423
5	2849	2789	2721	5424
5	2713	2665	2507	5425
5	2843	2712	2711	5426
5	2922	2790	2920	5427
5	2999	2876	2875	5428
5	2925	2765	2895	5429
5	2839	2553	2714	5430
5	2846	2576	2703	5431
5	2774	2535	2705	5432
5	2772	2510	2675	5433
5	2816	2771	2659	5434
5	3014	2786	2897	5435
5	2717	2669	2580	5436
5	2717	2580	2579	5437
5	2718	2680	2581	5438
5	2718	2581	2582	5439
5	2719	2718	2582	5440
5	2719	2582	2574	5441
5	2874	2749	2698	5442
5	2857	2733	2778	5443
5	3127	3003	3002	5444
5	2877	2751	2748	5445
5	2722	2670	2586	5446
5	2722	2586	2585	5447
5	2924	2787	2767	5448
5	2802	2677	2513	5449
5	2725	2529	2591	5450
5	2828	2794	2682	5451
5	2727	2590	2726	5452
5	2863	2737	2862	5453
5	2727	2591	2590	5454
5	2879	2752	2878	5455
5	2881	2754	2693	5456
5	2740	2604	2739	5457
5	3052	2895	3041	5458
5	2799	2638	2641	5459
5	3140	3050	3055	5460
5	2889	2762	2887	5461
5	2732	2595	2731	5462
5	2732	2596	2595	5463
5	2732	2730	2596	5464
5	2942	2913	2780	5465
5	2888	2792	2757	5466
5	3010	2886	2885	5467
5	2734	2597	2599	5468
5	2734	2662	2597	5469
5	2826	2680	2718	5470
5	2822	2671	2665	5471
5	2913	2821	2780	5472
5	3117	2992	3116	5473
5	2828	2689	2795	5474
5	2852	2727	2726	5475
5	2882	2756	2754	5476
5	2742	2606	2741	5477
5	2928	2883	2755	5478
5	2861	2736	2735	5479
5	2871	2746	2745	5480
5	2863	2738	2737	5481
5	2862	2737	2736	5482
5	2865	2739	2864	5483
5	2864	2739	2738	5484
5	2748	2613	2612	5485
5	2873	2748	2747	5486
5	2868	2742	2867	5487
5	2865	2740	2739	5488
5	2869	2743	2868	5489
5	2866	2741	2740	5490
5	2872	2746	2871	5491
5	2880	2775	2679	5492
5	2747	2611	2746	5493
5	2867	2742	2741	5494
5	2868	2743	2742	5495
5	2877	2748	2873	5496
5	2869	2744	2743	5497
5	2880	2679	2753	5498
5	2870	2745	2744	5499
5	2836	2690	2781	5500
5	2842	2711	2673	5501
5	2970	2843	2842	5502
5	3002	2877	3001	5503
5	2878	2752	2751	5504
5	2872	2747	2746	5505
5	2879	2753	2752	5506
5	3545	3387	3529	5507
5	2798	2672	2788	5508
5	2849	2710	2841	5509
5	2864	2738	2863	5510
5	2797	2624	2708	5511
5	2861	2735	2859	5512
5	2755	2692	2623	5513
5	2774	2716	2535	5514
5	2929	2675	2834	5515
5	2757	2649	2530	5516
5	2757	2530	2531	5517
5	2930	2768	2776	5518
5	3011	2887	2886	5519
5	2760	2630	2629	5520
5	2762	2631	2761	5521
5	2886	2760	2885	5522
5	2885	2759	2800	5523
5	2886	2761	2760	5524
5	2942	2780	2766	5525
5	2884	2676	2769	5526
5	2887	2762	2761	5527
5	2769	2676	2649	5528
5	2911	2805	2823	5529
5	2888	2757	2764	5530
5	2887	2761	2886	5531
5	2765	2731	2729	5532
5	2854	2728	2853	5533
5	3026	2939	3021	5534
5	2952	2807	2891	5535
5	3070	2961	2847	5536
5	2787	2642	2767	5537
5	2784	2694	2697	5538
5	2768	2697	2640	5539
5	2776	2640	2645	5540
5	3079	2933	3074	5541
5	2818	2648	2551	5542
5	3076	2770	2936	5543
5	3156	3060	2953	5544
5	2771	2661	2550	5545
5	2937	2708	2786	5546
5	2786	2515	2667	5547
5	3028	2936	2771	5548
5	2773	2703	2552	5549
5	2785	2674	2577	5550
5	2785	2667	2674	5551
5	2775	2706	2679	5552
5	2880	2753	2879	5553
5	3029	3012	3013	5554
5	3169	3082	3143	5555
5	2845	2665	2713	5556
5	2824	2671	2822	5557
5	2844	2712	2843	5558
5	2960	2920	2777	5559
5	3037	3024	2918	5560
5	2935	2779	2700	5561
5	3207	3074	3204	5562
5	3233	3067	3201	5563
5	2814	2782	2656	5564
5	2998	2874	2921	5565
5	2782	2781	2691	5566
5	2782	2691	2656	5567
5	3047	3008	2883	5568
5	3170	3081	3169	5569
5	2945	2768	2930	5570
5	2913	2905	2821	5571
5	3031	2785	2946	5572
5	2894	2774	2704	5573
5	3032	2834	3006	5574
5	2897	2786	2667	5575
5	2966	2635	2833	5576
5	2850	2540	2709	5577
5	2973	2845	2844	5578
5	2971	2957	2822	5579
5	2789	2788	2681	5580
5	2789	2681	2721	5581
5	2790	2778	2647	5582
5	2790	2647	2663	5583
5	2808	2428	2791	5584
5	2808	2516	2428	5585
5	2792	2769	2649	5586
5	2792	2649	2757	5587
5	2793	2726	2724	5588
5	2820	2717	2783	5589
5	2794	2793	2724	5590
5	2794	2724	2682	5591
5	2828	2682	2689	5592
5	3372	3258	3270	5593
5	2845	2713	2844	5594
5	2847	2809	2719	5595
5	2834	2675	2558	5596
5	2894	2704	2772	5597
5	3127	3002	3126	5598
5	2950	2788	2900	5599
5	3009	2885	2800	5600
5	3009	2800	2952	5601
5	3158	3021	3053	5602
5	2932	2901	2792	5603
5	2835	2536	2695	5604
5	3160	2637	2801	5605
5	2813	2564	2696	5606
5	2848	2720	2796	5607
5	2816	2659	2683	5608
5	2808	2683	2516	5609
5	2804	2799	2641	5610
5	2804	2641	2730	5611
5	2805	2776	2645	5612
5	2805	2645	2668	5613
5	2806	2783	2643	5614
5	2806	2643	2670	5615
5	2807	2800	2646	5616
5	2807	2646	2638	5617
5	2936	2661	2771	5618
5	3174	2929	3032	5619
5	2813	2709	2564	5620
5	2824	2664	2671	5621
5	2829	2684	2811	5622
5	2811	2684	2685	5623
5	2830	2687	2779	5624
5	2825	2503	2634	5625
5	2817	2660	2549	5626
5	2812	2699	2417	5627
5	2832	2655	2787	5628
5	2954	2709	2813	5629
5	2916	2836	2781	5630
5	2999	2875	2998	5631
5	2918	2695	2803	5632
5	2904	2818	2678	5633
5	2909	2791	2651	5634
5	2918	2835	2695	5635
5	3097	2968	2908	5636
5	2819	2660	2817	5637
5	2907	2830	2906	5638
5	3065	2801	2940	5639
5	2819	2701	2548	5640
5	2819	2548	2660	5641
5	2820	2795	2669	5642
5	2820	2669	2717	5643
5	2821	2806	2670	5644
5	2821	2670	2722	5645
5	2827	2664	2824	5646
5	2826	2718	2809	5647
5	2823	2805	2668	5648
5	2823	2668	2758	5649
5	2974	2827	2958	5650
5	2920	2790	2777	5651
5	2959	2829	2811	5652
5	2935	2700	2770	5653
5	3092	3016	2971	5654
5	2826	2777	2680	5655
5	2914	2857	2778	5656
5	2962	2696	2848	5657
5	2919	2820	2899	5658
5	2982	2851	2860	5659
5	3058	2940	2818	5660
5	2829	2634	2684	5661
5	2830	2810	2652	5662
5	2830	2652	2686	5663
5	2831	2814	2688	5664
5	2831	2688	2657	5665
5	2833	2526	2639	5666
5	2833	2635	2526	5667
5	2903	2677	2802	5668
5	3166	3086	2961	5669
5	2859	2707	2840	5670
5	2859	2735	2707	5671
5	2967	2835	2918	5672
5	2967	2636	2835	5673
5	2876	2842	2673	5674
5	2844	2713	2712	5675
5	2837	2811	2653	5676
5	2837	2653	2702	5677
5	3063	2773	2915	5678
5	2968	2819	2908	5679
5	2896	2846	2703	5680
5	2896	2703	2773	5681
5	2866	2740	2865	5682
5	2867	2741	2866	5683
5	2849	2721	2710	5684
5	2841	2710	2706	5685
5	2875	2749	2874	5686
5	2916	2781	2892	5687
5	3101	3051	2972	5688
5	2895	2765	2854	5689
5	2921	2874	2836	5690
5	2957	2824	2822	5691
5	2978	2854	2853	5692
5	3038	2979	2914	5693
5	2846	2839	2714	5694
5	2846	2714	2576	5695
5	2958	2824	2957	5696
5	2961	2960	2826	5697
5	2977	2787	2924	5698
5	3147	2954	3093	5699
5	3148	3080	3141	5700
5	3191	3064	3167	5701
5	3045	2850	2954	5702
5	2924	2723	2850	5703
5	2881	2693	2851	5704
5	3046	2923	2716	5705
5	2860	2727	2852	5706
5	2860	2725	2727	5707
5	2858	2734	2857	5708
5	3068	2998	2921	5709
5	2951	2891	2799	5710
5	2926	2804	2855	5711
5	2855	2804	2730	5712
5	2855	2730	2732	5713
5	2856	2855	2732	5714
5	2856	2732	2731	5715
5	2858	2662	2734	5716
5	2858	2853	2662	5717
5	2958	2827	2824	5718
5	2922	2778	2790	5719
5	2981	2859	2840	5720
5	3047	2883	2928	5721
5	2989	2864	2988	5722
5	2860	2851	2725	5723
5	3005	2881	2851	5724
5	2986	2793	2927	5725
5	2984	2860	2852	5726
5	2919	2795	2820	5727
5	3019	2919	3018	5728
5	2939	2805	2911	5729
5	2983	2861	2859	5730
5	2870	2744	2869	5731
5	2985	2862	2861	5732
5	2992	2867	2991	5733
5	2987	2863	2862	5734
5	2988	2864	2863	5735
5	2996	2872	2871	5736
5	2989	2865	2864	5737
5	2993	2868	2992	5738
5	2990	2866	2865	5739
5	2994	2869	2993	5740
5	2991	2867	2866	5741
5	3004	2879	3003	5742
5	2873	2747	2872	5743
5	2992	2868	2867	5744
5	3003	2879	2878	5745
5	2995	2870	2994	5746
5	2993	2869	2868	5747
5	2994	2870	2869	5748
5	3257	3172	3242	5749
5	2875	2750	2749	5750
5	2876	2750	2875	5751
5	2973	2971	2845	5752
5	2955	2831	2943	5753
5	3256	3154	3226	5754
5	3001	2873	2997	5755
5	2995	2871	2870	5756
5	2997	2873	2872	5757
5	3373	3260	3297	5758
5	3002	2878	2877	5759
5	3004	2880	2879	5760
5	3001	2877	2873	5761
5	3043	2893	3020	5762
5	3244	3242	3124	5763
5	2996	2871	2995	5764
5	3174	3072	2929	5765
5	2883	2692	2755	5766
5	2983	2859	2981	5767
5	2928	2755	2797	5768
5	2990	2865	2989	5769
5	2884	2823	2758	5770
5	2884	2758	2676	5771
5	2931	2889	2887	5772
5	3135	3034	3011	5773
5	3122	2998	3068	5774
5	3041	2895	2978	5775
5	3000	2970	2842	5776
5	2952	2800	2807	5777
5	2890	2763	2889	5778
5	2890	2888	2764	5779
5	2890	2764	2763	5780
5	3026	2930	2939	5781
5	3152	3056	3073	5782
5	3307	3193	3258	5783
5	2891	2807	2799	5784
5	3135	3010	3134	5785
5	2948	2892	2782	5786
5	2948	2782	2814	5787
5	2893	2841	2775	5788
5	3003	2878	3002	5789
5	2923	2534	2716	5790
5	2897	2667	2785	5791
5	2902	2855	2856	5792
5	2926	2855	2902	5793
5	2956	2699	2812	5794
5	3063	2896	2773	5795
5	2988	2863	2987	5796
5	3183	3162	2947	5797
5	2898	2893	2775	5798
5	2898	2775	2880	5799
5	2899	2820	2783	5800
5	2905	2806	2821	5801
5	2976	2849	2975	5802
5	2976	2900	2789	5803
5	3258	3193	3205	5804
5	3013	2889	2931	5805
5	3154	3041	3062	5806
5	3057	2925	3052	5807
5	2960	2777	2826	5808
5	2903	2847	2677	5809
5	3182	2906	3027	5810
5	3156	2953	3035	5811
5	2944	2806	2905	5812
5	2944	2783	2806	5813
5	3098	2968	3097	5814
5	2908	2819	2817	5815
5	2941	2811	2837	5816
5	3017	2810	2907	5817
5	2968	2701	2819	5818
5	2968	2838	2701	5819
5	3028	2771	2816	5820
5	3076	2935	2770	5821
5	2910	2909	2651	5822
5	2910	2651	2815	5823
5	2934	2884	2912	5824
5	2934	2823	2884	5825
5	2934	2911	2823	5826
5	3061	2945	2930	5827
5	3030	2913	2942	5828
5	3292	3132	3168	5829
5	3100	2922	3099	5830
5	2979	2857	2914	5831
5	3063	3023	2896	5832
5	2915	2773	2654	5833
5	3103	2975	3043	5834
5	3080	2950	3025	5835
5	2917	2812	2666	5836
5	2917	2666	2839	5837
5	3037	2918	2803	5838
5	3162	3046	2947	5839
5	2927	2793	2794	5840
5	3019	2963	2919	5841
5	3092	2971	2973	5842
5	2922	2914	2778	5843
5	3243	3122	3157	5844
5	3064	2916	2892	5845
5	2998	2875	2874	5846
5	2972	2843	2970	5847
5	2923	2910	2815	5848
5	2923	2815	2658	5849
5	3099	2920	3091	5850
5	2965	2833	2832	5851
5	2925	2902	2856	5852
5	2925	2856	2765	5853
5	3052	2925	2895	5854
5	2951	2804	2926	5855
5	3151	2937	3014	5856
5	3178	3030	3144	5857
5	3006	2756	2882	5858
5	3014	2937	2786	5859
5	3072	2894	2772	5860
5	2929	2772	2675	5861
5	2933	2766	2784	5862
5	2942	2766	2933	5863
5	2932	2792	2888	5864
5	3053	2911	2934	5865
5	3075	3053	2934	5866
5	3073	3012	3029	5867
5	3467	3356	3466	5868
5	3056	2901	2932	5869
5	3390	3258	3372	5870
5	3053	3021	2911	5871
5	3159	2935	3076	5872
5	2936	2770	2661	5873
5	2940	2648	2818	5874
5	2964	2634	2829	5875
5	3077	2797	2937	5876
5	2937	2797	2708	5877
5	3017	2915	2810	5878
5	3181	3017	2907	5879
5	2939	2930	2776	5880
5	2939	2776	2805	5881
5	3160	2801	3065	5882
5	3058	2818	2904	5883
5	3181	2907	3078	5884
5	2959	2811	2941	5885
5	3135	3011	3010	5886
5	3030	3015	2913	5887
5	3064	2892	3044	5888
5	3260	3141	3149	5889
5	3115	2990	3114	5890
5	2944	2899	2783	5891
5	2945	2933	2784	5892
5	2945	2784	2768	5893
5	3083	2923	3046	5894
5	2947	2716	2774	5895
5	3196	3136	2946	5896
5	3096	2946	2715	5897
5	3172	3051	3101	5898
5	3323	3191	3167	5899
5	2949	2927	2794	5900
5	2949	2794	2828	5901
5	2950	2943	2798	5902
5	2950	2798	2788	5903
5	3374	3261	3315	5904
5	3057	2902	2925	5905
5	3011	2886	3010	5906
5	3010	2885	3009	5907
5	2953	2816	2683	5908
5	2953	2683	2808	5909
5	3093	2813	2962	5910
5	2954	2850	2709	5911
5	2955	2948	2814	5912
5	2955	2814	2831	5913
5	2956	2908	2817	5914
5	2956	2817	2699	5915
5	2973	2844	2972	5916
5	3055	2891	2951	5917
5	2961	2809	2847	5918
5	3102	2958	3090	5919
5	3078	2907	2906	5920
5	3089	2964	2829	5921
5	3087	2962	2848	5922
5	3070	2847	2903	5923
5	2961	2826	2809	5924
5	3286	3173	3263	5925
5	3244	3124	3123	5926
5	2962	2813	2696	5927
5	2963	2949	2828	5928
5	2963	2828	2795	5929
5	3281	3037	3142	5930
5	2964	2825	2634	5931
5	3039	2903	2802	5932
5	3166	2961	3070	5933
5	2966	2833	2965	5934
5	3039	2802	2966	5935
5	3096	2715	2967	5936
5	2967	2715	2578	5937
5	3022	2908	2956	5938
5	3098	2938	2838	5939
5	2969	2917	2839	5940
5	2969	2839	2846	5941
5	2971	2822	2845	5942
5	3090	2958	2957	5943
5	2972	2844	2843	5944
5	3016	2957	2971	5945
5	3091	2960	3086	5946
5	2980	2978	2853	5947
5	2974	2796	2827	5948
5	2974	2848	2796	5949
5	3062	3041	2978	5950
5	3095	3039	2966	5951
5	2976	2789	2849	5952
5	2975	2849	2841	5953
5	3044	2892	2948	5954
5	3103	3033	2976	5955
5	2977	2965	2832	5956
5	2977	2832	2787	5957
5	2980	2858	2979	5958
5	3086	2960	2961	5959
5	2980	2853	2858	5960
5	2979	2858	2857	5961
5	3100	2914	2922	5962
5	3248	3179	3128	5963
5	2985	2861	2983	5964
5	2987	2862	2985	5965
5	3005	2851	2982	5966
5	3007	2881	3005	5967
5	3168	3008	3047	5968
5	2991	2866	2990	5969
5	3129	3005	2982	5970
5	2984	2982	2860	5971
5	3106	2982	2984	5972
5	2997	2872	2996	5973
5	3110	2986	2927	5974
5	2986	2984	2852	5975
5	3018	2919	2899	5976
5	3082	2905	3015	5977
5	3229	3108	3110	5978
5	3331	3204	3259	5979
5	3067	2949	2963	5980
5	3251	3129	3249	5981
5	3109	2987	2985	5982
5	3111	2988	2987	5983
5	3118	2993	3117	5984
5	3113	2989	2988	5985
5	3119	2994	3118	5986
5	3126	3002	3001	5987
5	3114	2990	2989	5988
5	3120	2995	3119	5989
5	3115	2991	2990	5990
5	3128	3004	3003	5991
5	3116	2992	2991	5992
5	3128	3003	3127	5993
5	3117	2993	2992	5994
5	3121	2996	3120	5995
5	3118	2994	2993	5996
5	3128	3048	3004	5997
5	3000	2842	2876	5998
5	3000	2876	2999	5999
5	3241	3121	3120	6000
5	3428	3373	3297	6001
5	3122	2999	2998	6002
5	3062	2978	2980	6003
5	3119	2995	2994	6004
5	3246	3125	3245	6005
5	3121	2997	2996	6006
5	3245	3121	3241	6007
5	3263	3173	3179	6008
5	3120	2996	2995	6009
5	3321	3225	3276	6010
5	3161	3044	3084	6011
5	3132	3105	2981	6012
5	3444	3442	3324	6013
5	3008	2840	2883	6014
5	3175	3006	3130	6015
5	3264	3014	2897	6016
5	3007	2882	2881	6017
5	3109	2985	3107	6018
5	3105	2983	2981	6019
5	3177	3052	3163	6020
5	3254	3133	3253	6021
5	3253	3133	3050	6022
5	3163	3052	3041	6023
5	3054	2931	3034	6024
5	3054	3013	2931	6025
5	3012	2932	2888	6026
5	3012	2888	2890	6027
5	3013	3012	2890	6028
5	3013	2890	2889	6029
5	3130	3006	2882	6030
5	3032	2929	2834	6031
5	3185	3029	3054	6032
5	3180	3137	3026	6033
5	3104	3062	2980	6034
5	3050	2952	2891	6035
5	3036	2956	2812	6036
5	3059	2941	2837	6037
5	3112	2949	3067	6038
5	3112	2927	2949	6039
5	3108	2984	2986	6040
5	3067	2963	3019	6041
5	3247	3127	3126	6042
5	3125	3001	2997	6043
5	3021	2939	2911	6044
5	3075	2912	2901	6045
5	3098	2838	2968	6046
5	3097	2908	3022	6047
5	3036	2812	2917	6048
5	3036	3022	2956	6049
5	3096	2967	3024	6050
5	3024	2967	2918	6051
5	3025	2950	2900	6052
5	3043	2975	2893	6053
5	3200	3018	3170	6054
5	3350	3347	3231	6055
5	3265	3197	3017	6056
5	3266	3078	3182	6057
5	3094	2904	2825	6058
5	3089	2829	2959	6059
5	3034	2931	3011	6060
5	3134	3010	3009	6061
5	3074	2945	3061	6062
5	3074	2933	2945	6063
5	3271	3060	3156	6064
5	3031	2897	2785	6065
5	3376	3309	3162	6066
5	3072	2772	2929	6067
5	3033	3025	2900	6068
5	3033	2900	2976	6069
5	3054	3029	3013	6070
5	3436	3312	3435	6071
5	3186	3065	2940	6072
5	3060	2816	2953	6073
5	3220	3098	3219	6074
5	3040	2969	3023	6075
5	3142	3037	2803	6076
5	3046	2716	2947	6077
5	3051	2973	2972	6078
5	3194	3055	3085	6079
5	3188	2962	3087	6080
5	3045	2924	2850	6081
5	3040	3036	2917	6082
5	3040	2917	2969	6083
5	3092	2973	3051	6084
5	3104	2979	3038	6085
5	3095	2965	3042	6086
5	3042	2965	2977	6087
5	3103	2976	2975	6088
5	3202	3157	3068	6089
5	3084	2955	3049	6090
5	3084	2948	2955	6091
5	3319	3192	3268	6092
5	3482	3372	3417	6093
5	3035	2791	2909	6094
5	3035	2808	2791	6095
5	3130	2882	3007	6096
5	3116	2991	3115	6097
5	3048	3020	2898	6098
5	3048	2898	3004	6099
5	3084	3044	2948	6100
5	3049	2955	2943	6101
5	3133	3009	2952	6102
5	3134	3009	3133	6103
5	3148	3049	3080	6104
5	3124	2970	3000	6105
5	3085	2951	2926	6106
5	3055	3050	2891	6107
5	3075	2934	2912	6108
5	3205	3056	3152	6109
5	3270	3205	3152	6110
5	3255	3176	3135	6111
5	3071	2902	3057	6112
5	3071	2926	2902	6113
5	3395	3316	3289	6114
5	3075	2901	3056	6115
5	3253	3050	3140	6116
5	3085	2926	3071	6117
5	3060	3028	2816	6118
5	3035	2953	2808	6119
5	3219	3097	3218	6120
5	3094	2825	2964	6121
5	3066	2909	2910	6122
5	3376	3162	3183	6123
5	3079	2942	2933	6124
5	3079	3030	2942	6125
5	3101	2972	2970	6126
5	3203	3057	3177	6127
5	3220	3059	2938	6128
5	3218	3097	3022	6129
5	3069	2916	3064	6130
5	3104	2980	2979	6131
5	3159	3027	2935	6132
5	3160	2803	2637	6133
5	3303	3065	3186	6134
5	3199	2909	3066	6135
5	3170	3018	3081	6136
5	3207	3079	3074	6137
5	3214	3051	3172	6138
5	3444	3322	3396	6139
5	3069	3068	2921	6140
5	3069	2921	2916	6141
5	3087	2848	2974	6142
5	3102	2974	2958	6143
5	3410	3268	3273	6144
5	3085	3055	2951	6145
5	3196	2946	3096	6146
5	3275	3028	3060	6147
5	3073	3056	2932	6148
5	3073	2932	3012	6149
5	3316	3144	3289	6150
5	3501	3379	3498	6151
5	3180	3026	3021	6152
5	3556	3446	3436	6153
5	3275	3139	3028	6154
5	3165	3058	2904	6155
5	3206	3047	2928	6156
5	3077	2928	2797	6157
5	3088	2959	2941	6158
5	3195	2941	3059	6159
5	3345	3228	3288	6160
5	3180	3021	3158	6161
5	3080	3049	2943	6162
5	3080	2943	2950	6163
5	3081	3018	2899	6164
5	3081	2899	2944	6165
5	3082	3081	2944	6166
5	3082	2944	2905	6167
5	3083	3066	2910	6168
5	3083	2910	2923	6169
5	3580	3374	3471	6170
5	3364	3246	3363	6171
5	3045	3042	2977	6172
5	3045	2977	2924	6173
5	3091	2920	2960	6174
5	3213	3090	3016	6175
5	3209	3038	3100	6176
5	3093	2954	2813	6177
5	3182	3078	2906	6178
5	3210	3089	2959	6179
5	3210	2959	3088	6180
5	3382	3088	3195	6181
5	3320	3215	3147	6182
5	3344	3224	3213	6183
5	3279	3086	3166	6184
5	3212	3091	3086	6185
5	3311	3167	3161	6186
5	3099	2922	2920	6187
5	3095	2966	2965	6188
5	3211	3087	2974	6189
5	3155	2964	3089	6190
5	3299	3037	3281	6191
5	3282	3221	3212	6192
5	3209	3164	3038	6193
5	3264	3031	3136	6194
5	3151	3077	2937	6195
5	3198	3138	3023	6196
5	3187	3022	3036	6197
5	3198	3023	3063	6198
5	3219	3098	3097	6199
5	3322	3203	3261	6200
5	3100	3038	2914	6201
5	3221	3099	3091	6202
5	3261	3203	3177	6203
5	3123	2999	3122	6204
5	3123	3000	2999	6205
5	3448	3334	3332	6206
5	3146	2903	3039	6207
5	3189	3033	3103	6208
5	3276	3225	3150	6209
5	3202	3068	3069	6210
5	3324	3194	3190	6211
5	3107	2985	2983	6212
5	3114	2989	3113	6213
5	3129	2982	3106	6214
5	3131	3005	3129	6215
5	3111	2987	3109	6216
5	3113	2988	3111	6217
5	3227	3106	3108	6218
5	3108	3106	2984	6219
5	3201	3019	3200	6220
5	3125	2997	3121	6221
5	3238	3117	3237	6222
5	3110	3108	2986	6223
5	3368	3249	3366	6224
5	3317	3180	3158	6225
5	3231	3110	3112	6226
5	3112	3110	2927	6227
5	3201	3067	3019	6228
5	3200	3019	3018	6229
5	3169	3081	3082	6230
5	3406	3346	3347	6231
5	3230	3109	3228	6232
5	3232	3113	3111	6233
5	3237	3116	3236	6234
5	3126	3001	3125	6235
5	3234	3114	3113	6236
5	3239	3118	3238	6237
5	3235	3115	3114	6238
5	3241	3120	3240	6239
5	3236	3116	3115	6240
5	3237	3117	3116	6241
5	3248	3127	3247	6242
5	3238	3118	3117	6243
5	3545	3521	3428	6244
5	3239	3119	3118	6245
5	3244	3123	3243	6246
5	3124	3000	3123	6247
5	3396	3261	3374	6248
5	3124	3101	2970	6249
5	3208	3049	3148	6250
5	3167	3044	3161	6251
5	3246	3126	3125	6252
5	3240	3120	3119	6253
5	3245	3125	3121	6254
5	3399	3311	3262	6255
5	3248	3128	3127	6256
5	3428	3321	3387	6257
5	3150	3043	3020	6258
5	3443	3311	3399	6259
5	3249	3129	3106	6260
5	3283	3151	3014	6261
5	3132	2981	3008	6262
5	3264	2897	3031	6263
5	3661	3548	3506	6264
5	3131	3007	3005	6265
5	3252	3171	3105	6266
5	3295	3130	3250	6267
5	3535	3413	3494	6268
5	3255	3135	3134	6269
5	3416	3293	3378	6270
5	3324	3190	3322	6271
5	3177	3057	3052	6272
5	3194	3085	3190	6273
5	3509	3309	3376	6274
5	3206	2928	3077	6275
5	3137	3061	3026	6276
5	3289	3144	3207	6277
5	3187	3036	3040	6278
5	3187	3040	3138	6279
5	3139	3076	2936	6280
5	3139	2936	3028	6281
5	3194	3140	3055	6282
5	3190	3085	3071	6283
5	3141	3080	3025	6284
5	3262	3161	3208	6285
5	3303	3281	3142	6286
5	3155	3094	2964	6287
5	3143	3082	3015	6288
5	3440	3317	3307	6289
5	3178	3015	3030	6290
5	3144	3030	3079	6291
5	3217	3046	3162	6292
5	3398	3159	3277	6293
5	3226	3104	3164	6294
5	3146	3070	2903	6295
5	3146	3039	3095	6296
5	3147	3045	2954	6297
5	3323	3167	3311	6298
5	3392	3300	3381	6299
5	3149	3141	3025	6300
5	3149	3025	3033	6301
5	3189	3149	3033	6302
5	3225	3043	3150	6303
5	3301	3206	3077	6304
5	3250	3130	3007	6305
5	3556	3436	3551	6306
5	3176	3034	3135	6307
5	3153	3152	3073	6308
5	3153	3073	3029	6309
5	3226	3062	3104	6310
5	3164	3104	3038	6311
5	3302	3094	3155	6312
5	3303	3142	3065	6313
5	3304	3199	3066	6314
5	3305	3156	3199	6315
5	3157	3122	3068	6316
5	3381	3300	3260	6317
5	3874	3769	3765	6318
5	3352	3233	3201	6319
5	3165	2904	3094	6320
5	3393	3266	3182	6321
5	3160	3065	3142	6322
5	3160	3142	2803	6323
5	3167	3064	3044	6324
5	3191	3069	3064	6325
5	3764	3430	3536	6326
5	3217	3083	3046	6327
5	3310	3163	3154	6328
5	3285	3214	3172	6329
5	3215	3042	3147	6330
5	3147	3042	3045	6331
5	3274	3058	3165	6332
5	3333	3155	3089	6333
5	3278	3087	3211	6334
5	3211	2974	3102	6335
5	3362	3245	3241	6336
5	3300	3141	3260	6337
5	3171	3107	3105	6338
5	3168	3132	3008	6339
5	3312	3143	3298	6340
5	3233	3112	3067	6341
5	3397	3259	3296	6342
5	3328	3200	3170	6343
5	3232	3111	3230	6344
5	3230	3111	3109	6345
5	3223	3213	3016	6346
5	3222	3100	3099	6347
5	3173	3150	3020	6348
5	3173	3020	3048	6349
5	3326	3136	3196	6350
5	3183	2947	2894	6351
5	3314	3174	3032	6352
5	3175	3032	3006	6353
5	3185	3153	3029	6354
5	3192	3034	3176	6355
5	3291	3226	3164	6356
5	3520	3396	3484	6357
5	3446	3313	3436	6358
5	3485	3380	3440	6359
5	3179	3173	3048	6360
5	3179	3048	3128	6361
5	3270	3258	3205	6362
5	3370	3253	3294	6363
5	3195	3088	2941	6364
5	3197	2915	3017	6365
5	3418	3275	3060	6366
5	3308	3027	3159	6367
5	3301	3077	3151	6368
5	3283	3014	3264	6369
5	3184	3183	2894	6370
5	3184	2894	3072	6371
5	3440	3307	3390	6372
5	3269	3152	3153	6373
5	3418	3060	3271	6374
5	3337	3145	3217	6375
5	3218	3022	3187	6376
5	3220	2938	3098	6377
5	3320	3093	3188	6378
5	3188	3093	2962	6379
5	3381	3260	3373	6380
5	3311	3161	3262	6381
5	3310	3154	3256	6382
5	3294	3140	3287	6383
5	3474	3364	3363	6384
5	3202	3069	3191	6385
5	3192	3185	3054	6386
5	3192	3054	3034	6387
5	3193	3158	3053	6388
5	3193	3053	3075	6389
5	3315	3177	3163	6390
5	3287	3140	3194	6391
5	3651	3393	3534	6392
5	3400	3078	3266	6393
5	3337	3217	3309	6394
5	3309	3217	3162	6395
5	3198	3063	3197	6396
5	3197	3063	2915	6397
5	3318	3210	3088	6398
5	3265	3017	3181	6399
5	3199	3156	3035	6400
5	3199	3035	2909	6401
5	3313	3170	3169	6402
5	3240	3119	3239	6403
5	3234	3113	3232	6404
5	3228	3109	3107	6405
5	3401	3257	3360	6406
5	3360	3242	3244	6407
5	3203	3190	3071	6408
5	3203	3071	3057	6409
5	3207	3144	3079	6410
5	3204	3074	3061	6411
5	3205	3193	3075	6412
5	3205	3075	3056	6413
5	3250	3007	3131	6414
5	3402	3330	3206	6415
5	3298	3143	3178	6416
5	3317	3158	3307	6417
5	3208	3161	3084	6418
5	3208	3084	3049	6419
5	3486	3411	3447	6420
5	3278	3188	3087	6421
5	3302	3165	3094	6422
5	3487	3266	3393	6423
5	3224	3102	3090	6424
5	3331	3289	3207	6425
5	3221	3091	3212	6426
5	3223	3092	3214	6427
5	3224	3090	3213	6428
5	3335	3102	3224	6429
5	3371	3254	3370	6430
5	3214	3092	3051	6431
5	3215	3146	3095	6432
5	3215	3095	3042	6433
5	3216	3196	3096	6434
5	3216	3096	3024	6435
5	3299	3024	3037	6436
5	3217	3145	3083	6437
5	3340	3059	3220	6438
5	3338	3198	3327	6439
5	3327	3198	3197	6440
5	3338	3138	3198	6441
5	3218	3187	3138	6442
5	3339	3220	3219	6443
5	3222	3099	3221	6444
5	3222	3209	3100	6445
5	3223	3016	3092	6446
5	3280	3243	3157	6447
5	3291	3256	3226	6448
5	3405	3282	3212	6449
5	3342	3221	3282	6450
5	3361	3243	3280	6451
5	3225	3189	3103	6452
5	3225	3103	3043	6453
5	3284	3164	3209	6454
5	3226	3154	3062	6455
5	3228	3107	3171	6456
5	3249	3106	3227	6457
5	3247	3126	3246	6458
5	3351	3232	3348	6459
5	3488	3389	3367	6460
5	3229	3227	3108	6461
5	3236	3115	3235	6462
5	3235	3114	3234	6463
5	3313	3169	3312	6464
5	3231	3229	3110	6465
5	3349	3200	3328	6466
5	3349	3201	3200	6467
5	3353	3234	3351	6468
5	3233	3231	3112	6469
5	3346	3227	3229	6470
5	3478	3366	3476	6471
5	3328	3170	3313	6472
5	3312	3169	3143	6473
5	3348	3232	3230	6474
5	3359	3241	3240	6475
5	3351	3234	3232	6476
5	3357	3238	3356	6477
5	3353	3235	3234	6478
5	3362	3241	3359	6479
5	3354	3236	3235	6480
5	3355	3237	3236	6481
5	3365	3247	3364	6482
5	3356	3238	3237	6483
5	3363	3245	3362	6484
5	3357	3239	3238	6485
5	3242	3172	3101	6486
5	3242	3101	3124	6487
5	3336	3223	3214	6488
5	3243	3123	3122	6489
5	3343	3223	3336	6490
5	3428	3297	3321	6491
5	3358	3240	3239	6492
5	3359	3240	3358	6493
5	3365	3290	3248	6494
5	3363	3246	3245	6495
5	3762	3632	3716	6496
5	3529	3420	3489	6497
5	3491	3385	3407	6498
5	3530	3381	3526	6499
5	3492	3479	3369	6500
5	3292	3252	3132	6501
5	3252	3105	3132	6502
5	3295	3175	3130	6503
5	3593	3388	3496	6504
5	3251	3131	3129	6505
5	3288	3228	3171	6506
5	3369	3288	3171	6507
5	3254	3134	3133	6508
5	3255	3134	3254	6509
5	3371	3255	3254	6510
5	3378	3319	3377	6511
5	3322	3190	3203	6512
5	3416	3269	3293	6513
5	3526	3373	3521	6514
5	3447	3323	3443	6515
5	3403	3279	3166	6516
5	3335	3211	3102	6517
5	3417	3270	3269	6518
5	3270	3152	3269	6519
5	3259	3204	3137	6520
5	3551	3436	3435	6521
5	3297	3260	3149	6522
5	3297	3149	3189	6523
5	3360	3257	3242	6524
5	3495	3386	3481	6525
5	3420	3286	3385	6526
5	3584	3474	3583	6527
5	3364	3247	3246	6528
5	3365	3248	3247	6529
5	3314	3032	3175	6530
5	3511	3409	3330	6531
5	3327	3197	3265	6532
5	3338	3219	3218	6533
5	3419	3139	3275	6534
5	3415	3318	3382	6535
5	3267	3184	3072	6536
5	3267	3072	3174	6537
5	3268	3192	3176	6538
5	3371	3273	3255	6539
5	3800	3705	3768	6540
5	3417	3269	3416	6541
5	3650	3501	3629	6542
5	3553	3440	3390	6543
5	3499	3391	3303	6544
5	3277	3076	3139	6545
5	3272	3262	3208	6546
5	3272	3208	3148	6547
5	3273	3268	3176	6548
5	3273	3176	3255	6549
5	3375	3136	3326	6550
5	3274	3186	3058	6551
5	3419	3275	3418	6552
5	3277	3159	3076	6553
5	3521	3373	3428	6554
5	3387	3321	3276	6555
5	3595	3505	3549	6556
5	3308	3182	3027	6557
5	3343	3213	3223	6558
5	3279	3212	3086	6559
5	3332	3146	3215	6560
5	3334	3070	3146	6561
5	3652	3539	3579	6562
5	3413	3272	3392	6563
5	3547	3274	3430	6564
5	3299	3216	3024	6565
5	3558	3448	3383	6566
5	3341	3209	3222	6567
5	3444	3324	3322	6568
5	3367	3250	3131	6569
5	3285	3172	3257	6570
5	3291	3164	3284	6571
5	3336	3214	3285	6572
5	3344	3213	3343	6573
5	3286	3276	3150	6574
5	3286	3150	3173	6575
5	3294	3253	3140	6576
5	3370	3254	3253	6577
5	3345	3230	3228	6578
5	3355	3236	3354	6579
5	3553	3390	3497	6580
5	3446	3328	3313	6581
5	3290	3263	3179	6582
5	3290	3179	3248	6583
5	3425	3257	3401	6584
5	3502	3425	3401	6585
5	3366	3249	3227	6586
5	3503	3292	3409	6587
5	3293	3269	3153	6588
5	3293	3153	3185	6589
5	3456	3344	3343	6590
5	3412	3256	3291	6591
5	3375	3264	3136	6592
5	3519	3437	3314	6593
5	3296	3259	3137	6594
5	3296	3137	3180	6595
5	3438	3256	3412	6596
5	3589	3481	3480	6597
5	3669	3497	3596	6598
5	3397	3296	3380	6599
5	3304	3066	3145	6600
5	3325	3196	3216	6601
5	3300	3272	3148	6602
5	3300	3148	3141	6603
5	3330	3047	3206	6604
5	3330	3168	3047	6605
5	3431	3304	3394	6606
5	3536	3302	3404	6607
5	3735	3656	3542	6608
5	3487	3415	3266	6609
5	3305	3271	3156	6610
5	3305	3199	3304	6611
5	3500	3281	3391	6612
5	3431	3305	3304	6613
5	3306	3280	3157	6614
5	3306	3157	3202	6615
5	3317	3296	3180	6616
5	3307	3158	3193	6617
5	3441	3210	3318	6618
5	3382	3195	3340	6619
5	3483	3325	3433	6620
5	3506	3431	3394	6621
5	3315	3261	3177	6622
5	3315	3163	3310	6623
5	3329	3202	3191	6624
5	3329	3191	3323	6625
5	3628	3533	3594	6626
5	3423	3331	3379	6627
5	3435	3298	3429	6628
5	3429	3316	3395	6629
5	3414	3184	3267	6630
5	3437	3174	3314	6631
5	3481	3370	3480	6632
5	3538	3386	3495	6633
5	3316	3298	3178	6634
5	3316	3178	3144	6635
5	3497	3372	3482	6636
5	3378	3293	3319	6637
5	3441	3333	3210	6638
5	3333	3089	3210	6639
5	3319	3293	3185	6640
5	3319	3185	3192	6641
5	3320	3147	3093	6642
5	3331	3207	3204	6643
5	3321	3297	3189	6644
5	3321	3189	3225	6645
5	3324	3287	3194	6646
5	3447	3411	3329	6647
5	3507	3454	3450	6648
5	3329	3306	3202	6649
5	3396	3322	3261	6650
5	3527	3447	3443	6651
5	3326	3196	3325	6652
5	3388	3301	3151	6653
5	3801	3711	3601	6654
5	3388	3151	3283	6655
5	3340	3195	3059	6656
5	3338	3218	3138	6657
5	3435	3312	3298	6658
5	3358	3239	3357	6659
5	3392	3272	3300	6660
5	3599	3563	3507	6661
5	3737	3633	3493	6662
5	3367	3131	3251	6663
5	3515	3279	3403	6664
5	3332	3215	3320	6665
5	3334	3146	3332	6666
5	3334	3166	3070	6667
5	3404	3155	3333	6668
5	3393	3182	3308	6669
5	3403	3166	3334	6670
5	3448	3403	3334	6671
5	3448	3332	3383	6672
5	3449	3211	3335	6673
5	3471	3315	3310	6674
5	3616	3405	3515	6675
5	3524	3506	3394	6676
5	3391	3281	3303	6677
5	3340	3220	3339	6678
5	3339	3219	3338	6679
5	3452	3327	3265	6680
5	3400	3265	3181	6681
5	3400	3181	3078	6682
5	3382	3318	3088	6683
5	3453	3424	3284	6684
5	3341	3284	3209	6685
5	3342	3341	3222	6686
5	3342	3222	3221	6687
5	3450	3336	3285	6688
5	3425	3285	3257	6689
5	3454	3343	3336	6690
5	3597	3513	3560	6691
5	3348	3230	3345	6692
5	3356	3237	3355	6693
5	3476	3366	3346	6694
5	3366	3227	3346	6695
5	3347	3346	3229	6696
5	3347	3229	3231	6697
5	3736	3592	3626	6698
5	3354	3235	3353	6699
5	3352	3201	3349	6700
5	3350	3231	3233	6701
5	3474	3363	3473	6702
5	3461	3458	3350	6703
5	3458	3347	3350	6704
5	3459	3351	3348	6705
5	3458	3406	3347	6706
5	3352	3350	3233	6707
5	3565	3384	3457	6708
5	3460	3352	3349	6709
5	3463	3328	3446	6710
5	3429	3298	3316	6711
5	3436	3313	3312	6712
5	3462	3351	3459	6713
5	3462	3353	3351	6714
5	3464	3354	3353	6715
5	3582	3473	3472	6716
5	3465	3355	3354	6717
5	3473	3362	3472	6718
5	3466	3356	3355	6719
5	3475	3364	3474	6720
5	3467	3357	3356	6721
5	3411	3306	3329	6722
5	3510	3401	3470	6723
5	3361	3360	3244	6724
5	3361	3244	3243	6725
5	3472	3359	3469	6726
5	3468	3358	3357	6727
5	3469	3359	3358	6728
5	3475	3408	3365	6729
5	3473	3363	3362	6730
5	3983	3911	3982	6731
5	3699	3606	3641	6732
5	3472	3362	3359	6733
5	3479	3457	3288	6734
5	3426	3252	3292	6735
5	3369	3171	3252	6736
5	3711	3492	3601	6737
5	3704	3488	3608	6738
5	3368	3251	3249	6739
5	3476	3346	3406	6740
5	3384	3348	3345	6741
5	3481	3386	3371	6742
5	3480	3370	3294	6743
5	3696	3544	3657	6744
5	3410	3273	3386	6745
5	3417	3372	3270	6746
5	3481	3371	3370	6747
5	3491	3407	3490	6748
5	3602	3490	3517	6749
5	3438	3310	3256	6750
5	3741	3522	3616	6751
5	3552	3414	3267	6752
5	3434	3337	3309	6753
5	3524	3394	3337	6754
5	3493	3376	3414	6755
5	3377	3319	3268	6756
5	3386	3273	3371	6757
5	3518	3442	3444	6758
5	3544	3442	3518	6759
5	3379	3331	3259	6760
5	3629	3498	3628	6761
5	3397	3379	3259	6762
5	3380	3296	3317	6763
5	3951	3855	3927	6764
5	3603	3521	3545	6765
5	3452	3339	3338	6766
5	3452	3265	3400	6767
5	3902	3706	3813	6768
5	3383	3188	3278	6769
5	3466	3355	3465	6770
5	3468	3357	3467	6771
5	3385	3286	3263	6772
5	3475	3365	3364	6773
5	3410	3377	3268	6774
5	3703	3594	3610	6775
5	3494	3413	3392	6776
5	3742	3659	3707	6777
5	3402	3301	3388	6778
5	3402	3206	3301	6779
5	3389	3295	3250	6780
5	3389	3250	3367	6781
5	3440	3380	3317	6782
5	3390	3307	3258	6783
5	3433	3216	3299	6784
5	3433	3325	3216	6785
5	3648	3530	3526	6786
5	3526	3381	3373	6787
5	3404	3302	3155	6788
5	3531	3404	3333	6789
5	3394	3304	3145	6790
5	3394	3145	3337	6791
5	3550	3429	3546	6792
5	3533	3380	3485	6793
5	3427	3294	3287	6794
5	3480	3294	3427	6795
5	3498	3379	3397	6796
5	3546	3395	3532	6797
5	3534	3393	3308	6798
5	3398	3308	3159	6799
5	3743	3728	3604	6800
5	3627	3490	3602	6801
5	3452	3340	3339	6802
5	3452	3338	3327	6803
5	3421	3306	3411	6804
5	3607	3518	3520	6805
5	3409	3292	3168	6806
5	3409	3168	3330	6807
5	3451	3342	3282	6808
5	3405	3212	3279	6809
5	3432	3305	3431	6810
5	3764	3547	3430	6811
5	3422	3335	3224	6812
5	3422	3224	3344	6813
5	3569	3459	3516	6814
5	3457	3345	3288	6815
5	3407	3385	3263	6816
5	3407	3263	3290	6817
5	3408	3407	3290	6818
5	3408	3290	3365	6819
5	3704	3600	3488	6820
5	3426	3369	3252	6821
5	4003	3938	3984	6822
5	3609	3528	3538	6823
5	3439	3361	3280	6824
5	3504	3439	3421	6825
5	3421	3280	3306	6826
5	3470	3360	3361	6827
5	3413	3399	3262	6828
5	3413	3262	3272	6829
5	3414	3376	3183	6830
5	3414	3183	3184	6831
5	3415	3382	3400	6832
5	3415	3400	3266	6833
5	3540	3416	3378	6834
5	3610	3594	3485	6835
5	3667	3551	3550	6836
5	3692	3623	3584	6837
5	3542	3277	3419	6838
5	3419	3277	3139	6839
5	3430	3165	3302	6840
5	3505	3419	3418	6841
5	3420	3387	3276	6842
5	3420	3276	3286	6843
5	3705	3605	3655	6844
5	3688	3543	3604	6845
5	3455	3341	3342	6846
5	3512	3403	3448	6847
5	3423	3395	3289	6848
5	3423	3289	3331	6849
5	3424	3412	3291	6850
5	3424	3291	3284	6851
5	3450	3285	3425	6852
5	3522	3451	3282	6853
5	3477	3367	3251	6854
5	3477	3251	3368	6855
5	3543	3411	3486	6856
5	3804	3721	3790	6857
5	3936	3817	3812	6858
5	3794	3692	3691	6859
5	3532	3423	3501	6860
5	3463	3349	3328	6861
5	3499	3303	3186	6862
5	3430	3274	3165	6863
5	3432	3271	3305	6864
5	3432	3418	3271	6865
5	3500	3299	3281	6866
5	3547	3499	3186	6867
5	3524	3337	3434	6868
5	3555	3375	3326	6869
5	3600	3523	3389	6870
5	3375	3283	3264	6871
5	3754	3628	3753	6872
5	3501	3423	3379	6873
5	3551	3435	3550	6874
5	3532	3395	3423	6875
5	3631	3402	3593	6876
5	3437	3267	3174	6877
5	3439	3280	3421	6878
5	3471	3310	3438	6879
5	3470	3361	3439	6880
5	3470	3401	3360	6881
5	3541	3417	3416	6882
5	3645	3528	3609	6883
5	3554	3318	3415	6884
5	3591	3531	3441	6885
5	3442	3427	3287	6886
5	3442	3287	3324	6887
5	3447	3329	3323	6888
5	3443	3323	3311	6889
5	3519	3314	3175	6890
5	3511	3330	3402	6891
5	3708	3615	3555	6892
5	3445	3326	3325	6893
5	3572	3446	3556	6894
5	3469	3358	3468	6895
5	3383	3332	3320	6896
5	3383	3320	3188	6897
5	3449	3278	3211	6898
5	3598	3561	3456	6899
5	3558	3278	3449	6900
5	3558	3383	3278	6901
5	3559	3450	3425	6902
5	3515	3403	3512	6903
5	3455	3342	3451	6904
5	3453	3284	3341	6905
5	3452	3400	3382	6906
5	3452	3382	3340	6907
5	3454	3336	3450	6908
5	3559	3425	3502	6909
5	3456	3343	3454	6910
5	3741	3616	3701	6911
5	3709	3561	3598	6912
5	3455	3453	3341	6913
5	3736	3707	3592	6914
5	3580	3471	3539	6915
5	3573	3464	3571	6916
5	3457	3384	3345	6917
5	3459	3348	3384	6918
5	3516	3459	3384	6919
5	3464	3353	3462	6920
5	3465	3354	3464	6921
5	3461	3352	3460	6922
5	3461	3350	3352	6923
5	3805	3755	3635	6924
5	3537	3476	3406	6925
5	3618	3537	3566	6926
5	3583	3473	3582	6927
5	3666	3516	3619	6928
5	3463	3460	3349	6929
5	3569	3462	3459	6930
5	3567	3461	3460	6931
5	3806	3608	3745	6932
5	3546	3429	3395	6933
5	3550	3435	3429	6934
5	3904	3711	3801	6935
5	3571	3464	3462	6936
5	3573	3465	3464	6937
5	3584	3517	3475	6938
5	3574	3466	3465	6939
5	3692	3583	3691	6940
5	3575	3467	3466	6941
5	3604	3543	3486	6942
5	3530	3392	3381	6943
5	3589	3480	3588	6944
5	3471	3374	3315	6945
5	3690	3582	3581	6946
5	3576	3468	3467	6947
5	3582	3472	3581	6948
5	3577	3469	3468	6949
5	3583	3474	3473	6950
5	3626	3489	3491	6951
5	3581	3472	3469	6952
5	3584	3475	3474	6953
5	3585	3368	3478	6954
5	3488	3367	3477	6955
5	3479	3288	3369	6956
5	3503	3426	3292	6957
5	3600	3389	3488	6958
5	3478	3368	3366	6959
5	3492	3369	3426	6960
5	3570	3460	3463	6961
5	3513	3412	3424	6962
5	3541	3416	3540	6963
5	3525	3378	3377	6964
5	3654	3540	3525	6965
5	3541	3482	3417	6966
5	3540	3378	3525	6967
5	3624	3445	3483	6968
5	3483	3445	3325	6969
5	3484	3396	3374	6970
5	3580	3484	3374	6971
5	3753	3594	3703	6972
5	3768	3655	3654	6973
5	3766	3687	3652	6974
5	3527	3486	3447	6975
5	3542	3398	3277	6976
5	3554	3441	3318	6977
5	3519	3175	3295	6978
5	3555	3326	3445	6979
5	3489	3420	3385	6980
5	3788	3686	3653	6981
5	3491	3489	3385	6982
5	3490	3407	3408	6983
5	3626	3592	3489	6984
5	3934	3836	3897	6985
5	3608	3477	3585	6986
5	3586	3476	3537	6987
5	3509	3434	3309	6988
5	3509	3376	3493	6989
5	3508	3443	3399	6990
5	3527	3443	3508	6991
5	3589	3495	3481	6992
5	3588	3427	3544	6993
5	3496	3388	3283	6994
5	3496	3283	3375	6995
5	3553	3485	3440	6996
5	3497	3390	3372	6997
5	3747	3610	3669	6998
5	3660	3532	3650	6999
5	3548	3432	3431	7000
5	3549	3432	3548	7001
5	3514	3299	3500	7002
5	3514	3433	3299	7003
5	3610	3485	3553	7004
5	3747	3703	3610	7005
5	3578	3439	3504	7006
5	3612	3507	3559	7007
5	4010	3835	3944	7008
5	3585	3477	3368	7009
5	3578	3470	3439	7010
5	3510	3502	3401	7011
5	3531	3333	3441	7012
5	3534	3308	3398	7013
5	3549	3505	3418	7014
5	3548	3431	3506	7015
5	3563	3456	3454	7016
5	3579	3412	3513	7017
5	3648	3526	3646	7018
5	3898	3808	3868	7019
5	3633	3509	3493	7020
5	3643	3524	3434	7021
5	3539	3471	3438	7022
5	3564	3455	3451	7023
5	3608	3488	3477	7024
5	3805	3635	3733	7025
5	3616	3522	3405	7026
5	3515	3405	3279	7027
5	3716	3606	3699	7028
5	3653	3578	3504	7029
5	3644	3506	3524	7030
5	3590	3483	3433	7031
5	3563	3454	3507	7032
5	3522	3282	3405	7033
5	3574	3465	3573	7034
5	3572	3463	3446	7035
5	3517	3490	3408	7036
5	3517	3408	3475	7037
5	3544	3427	3442	7038
5	3588	3480	3427	7039
5	3640	3437	3519	7040
5	3552	3267	3437	7041
5	3520	3518	3444	7042
5	3520	3444	3396	7043
5	3530	3494	3392	7044
5	3808	3715	3762	7045
5	3557	3335	3422	7046
5	3642	3422	3561	7047
5	3523	3519	3295	7048
5	3523	3295	3389	7049
5	3644	3524	3643	7050
5	3590	3433	3514	7051
5	3799	3696	3717	7052
5	3654	3525	3645	7053
5	4029	3898	4020	7054
5	3817	3752	3718	7055
5	3657	3518	3607	7056
5	3767	3645	3761	7057
5	3528	3525	3377	7058
5	3528	3377	3410	7059
5	3545	3428	3387	7060
5	3529	3387	3420	7061
5	3659	3529	3592	7062
5	3606	3535	3494	7063
5	3649	3404	3531	7064
5	3536	3430	3302	7065
5	3655	3541	3540	7066
5	3628	3498	3533	7067
5	3533	3498	3397	7068
5	3533	3397	3380	7069
5	3554	3415	3487	7070
5	3670	3554	3487	7071
5	3535	3508	3399	7072
5	3535	3399	3413	7073
5	3649	3536	3404	7074
5	3547	3186	3274	7075
5	3621	3479	3492	7076
5	3587	3565	3457	7077
5	3538	3528	3410	7078
5	3538	3410	3386	7079
5	3696	3588	3544	7080
5	3638	3513	3597	7081
5	3719	3605	3705	7082
5	3645	3525	3528	7083
5	3869	3754	3864	7084
5	3655	3605	3541	7085
5	3651	3487	3393	7086
5	3656	3398	3542	7087
5	3543	3504	3421	7088
5	3543	3421	3411	7089
5	4118	4026	4045	7090
5	3854	3743	3847	7091
5	3646	3521	3603	7092
5	3715	3625	3647	7093
5	3665	3550	3546	7094
5	3629	3501	3498	7095
5	3723	3651	3656	7096
5	3549	3418	3432	7097
5	3671	3445	3624	7098
5	3724	3639	3662	7099
5	3749	3624	3483	7100
5	3842	3771	3664	7101
5	3667	3550	3665	7102
5	3694	3537	3618	7103
5	3665	3546	3660	7104
5	3650	3532	3501	7105
5	3613	3493	3414	7106
5	3593	3402	3388	7107
5	3655	3540	3654	7108
5	3769	3660	3650	7109
5	3649	3531	3591	7110
5	3591	3441	3554	7111
5	3634	3434	3509	7112
5	3708	3555	3671	7113
5	3780	3727	3622	7114
5	3905	3731	3826	7115
5	3672	3449	3557	7116
5	3557	3449	3335	7117
5	3672	3558	3449	7118
5	3558	3512	3448	7119
5	3673	3597	3560	7120
5	3559	3507	3450	7121
5	3560	3513	3424	7122
5	3560	3424	3453	7123
5	3561	3422	3344	7124
5	3561	3344	3456	7125
5	3562	3560	3453	7126
5	3562	3453	3455	7127
5	3598	3456	3563	7128
5	3675	3562	3564	7129
5	3702	3653	3688	7130
5	3564	3562	3455	7131
5	3568	3461	3567	7132
5	3565	3516	3384	7133
5	3566	3537	3406	7134
5	3566	3406	3458	7135
5	3568	3458	3461	7136
5	3568	3566	3458	7137
5	3581	3469	3577	7138
5	4076	3991	3925	7139
5	3571	3462	3569	7140
5	3577	3468	3576	7141
5	3679	3571	3622	7142
5	3570	3567	3460	7143
5	3576	3467	3575	7144
5	3575	3466	3574	7145
5	3677	3620	3567	7146
5	3572	3570	3463	7147
5	3620	3568	3567	7148
5	3676	3568	3620	7149
5	3826	3731	3692	7150
5	3676	3618	3566	7151
5	3681	3573	3679	7152
5	3689	3577	3685	7153
5	3679	3573	3571	7154
5	3681	3574	3573	7155
5	3691	3582	3690	7156
5	3683	3575	3574	7157
5	3612	3599	3507	7158
5	3578	3510	3470	7159
5	3579	3539	3438	7160
5	3579	3438	3412	7161
5	4110	4019	4075	7162
5	3730	3609	3614	7163
5	3812	3718	3732	7164
5	3684	3576	3575	7165
5	3690	3581	3689	7166
5	3685	3577	3576	7167
5	3846	3732	3731	7168
5	3691	3583	3582	7169
5	4063	3981	3987	7170
5	3732	3623	3731	7171
5	3587	3457	3479	7172
5	3750	3668	3523	7173
5	3711	3621	3492	7174
5	3586	3478	3476	7175
5	3700	3587	3621	7176
5	3695	3619	3565	7177
5	4034	3924	4003	7178
5	3658	3614	3495	7179
5	3625	3604	3486	7180
5	3732	3602	3623	7181
5	3726	3595	3663	7182
5	3671	3555	3445	7183
5	3735	3542	3419	7184
5	3735	3419	3505	7185
5	3592	3529	3489	7186
5	3936	3812	3935	7187
5	3850	3633	3737	7188
5	3901	3805	3733	7189
5	3594	3533	3485	7190
5	3765	3629	3754	7191
5	3663	3548	3661	7192
5	3661	3506	3644	7193
5	3596	3497	3482	7194
5	3820	3719	3705	7195
5	3790	3687	3766	7196
5	3638	3579	3513	7197
5	3740	3675	3564	7198
5	3675	3673	3562	7199
5	4064	3999	4030	7200
5	3740	3564	3674	7201
5	3750	3523	3600	7202
5	3613	3414	3552	7203
5	3601	3492	3426	7204
5	3601	3426	3503	7205
5	3689	3581	3577	7206
5	3692	3584	3583	7207
5	3836	3742	3802	7208
5	3710	3646	3603	7209
5	3763	3646	3710	7210
5	3817	3718	3812	7211
5	3605	3596	3482	7212
5	3605	3482	3541	7213
5	3625	3486	3527	7214
5	3632	3535	3606	7215
5	3687	3539	3652	7216
5	3762	3647	3632	7217
5	3745	3585	3693	7218
5	3621	3587	3479	7219
5	3790	3721	3617	7220
5	3657	3544	3518	7221
5	3875	3769	3874	7222
5	3747	3669	3713	7223
5	3611	3607	3520	7224
5	3611	3520	3484	7225
5	3788	3653	3702	7226
5	3673	3560	3562	7227
5	3615	3375	3555	7228
5	3749	3483	3590	7229
5	3614	3609	3538	7230
5	3614	3538	3495	7231
5	3816	3671	3751	7232
5	3615	3496	3375	7233
5	3672	3512	3558	7234
5	3741	3674	3522	7235
5	3617	3611	3484	7236
5	3617	3484	3580	7237
5	3622	3571	3569	7238
5	3619	3516	3565	7239
5	3660	3546	3532	7240
5	3676	3566	3568	7241
5	3682	3551	3667	7242
5	3680	3572	3556	7243
5	3693	3585	3478	7244
5	3693	3478	3586	7245
5	3683	3574	3681	7246
5	3677	3567	3570	7247
5	3623	3602	3517	7248
5	3623	3517	3584	7249
5	3815	3600	3704	7250
5	3816	3708	3671	7251
5	3647	3508	3632	7252
5	3647	3527	3508	7253
5	3752	3627	3718	7254
5	3931	3802	3834	7255
5	3627	3626	3491	7256
5	3627	3491	3490	7257
5	3785	3682	3667	7258
5	4065	3833	3912	7259
5	3713	3669	3596	7260
5	3753	3628	3594	7261
5	3630	3612	3559	7262
5	3630	3559	3502	7263
5	3904	3837	3711	7264
5	3631	3511	3402	7265
5	3647	3625	3527	7266
5	3632	3508	3535	7267
5	3634	3509	3633	7268
5	3663	3549	3548	7269
5	3848	3822	3774	7270
5	3643	3434	3634	7271
5	3635	3503	3409	7272
5	3635	3409	3511	7273
5	3636	3616	3515	7274
5	3636	3515	3512	7275
5	3637	3630	3502	7276
5	3637	3502	3510	7277
5	3652	3579	3638	7278
5	3687	3580	3539	7279
5	3639	3590	3514	7280
5	3639	3514	3500	7281
5	3757	3640	3668	7282
5	3640	3552	3437	7283
5	3641	3606	3494	7284
5	3641	3494	3530	7285
5	3642	3636	3557	7286
5	3642	3557	3422	7287
5	3758	3643	3634	7288
5	3770	3724	3725	7289
5	3821	3749	3759	7290
5	3835	3593	3814	7291
5	3838	3719	3820	7292
5	3768	3654	3767	7293
5	3648	3641	3530	7294
5	3646	3526	3521	7295
5	3819	3746	3798	7296
5	3734	3720	3607	7297
5	3722	3699	3641	7298
5	3761	3609	3730	7299
5	3841	3664	3499	7300
5	3774	3649	3591	7301
5	3773	3665	3772	7302
5	3772	3660	3769	7303
5	3670	3487	3651	7304
5	3670	3591	3554	7305
5	3686	3510	3578	7306
5	3738	3630	3637	7307
5	3686	3578	3653	7308
5	3686	3637	3510	7309
5	3761	3645	3609	7310
5	4065	3903	3833	7311
5	3829	3730	3746	7312
5	3820	3705	3800	7313
5	3656	3651	3534	7314
5	3656	3534	3398	7315
5	3658	3495	3589	7316
5	3734	3611	3721	7317
5	3697	3588	3696	7318
5	3697	3589	3588	7319
5	3659	3603	3545	7320
5	3659	3545	3529	7321
5	3863	3753	3703	7322
5	3754	3629	3628	7323
5	3759	3639	3724	7324
5	3968	3883	3917	7325
5	3662	3639	3500	7326
5	3662	3500	3391	7327
5	3723	3670	3651	7328
5	3663	3595	3549	7329
5	3664	3662	3391	7330
5	3664	3391	3499	7331
5	4150	4066	4134	7332
5	3682	3556	3551	7333
5	3666	3622	3569	7334
5	3666	3569	3516	7335
5	3765	3650	3629	7336
5	3772	3665	3660	7337
5	3668	3640	3519	7338
5	3668	3519	3523	7339
5	3669	3610	3553	7340
5	3669	3553	3497	7341
5	3906	3841	3764	7342
5	3774	3591	3670	7343
5	3835	3733	3631	7344
5	3737	3493	3613	7345
5	3672	3557	3636	7346
5	3672	3636	3512	7347
5	3776	3597	3673	7348
5	3775	3599	3612	7349
5	3674	3564	3451	7350
5	3674	3451	3522	7351
5	3813	3675	3740	7352
5	3852	3741	3701	7353
5	3729	3618	3676	7354
5	3778	3666	3619	7355
5	3783	3680	3682	7356
5	3779	3712	3677	7357
5	3678	3677	3570	7358
5	3678	3570	3572	7359
5	3685	3576	3684	7360
5	3684	3575	3683	7361
5	3779	3677	3678	7362
5	3680	3678	3572	7363
5	3712	3620	3677	7364
5	3773	3667	3665	7365
5	3785	3667	3773	7366
5	3682	3680	3556	7367
5	3782	3679	3727	7368
5	3794	3691	3793	7369
5	3826	3692	3794	7370
5	3769	3650	3765	7371
5	3926	3831	3907	7372
5	3784	3683	3681	7373
5	3706	3673	3675	7374
5	3714	3637	3686	7375
5	3748	3630	3738	7376
5	3687	3617	3580	7377
5	3688	3653	3504	7378
5	3688	3504	3543	7379
5	3792	3689	3791	7380
5	3786	3684	3683	7381
5	3793	3691	3690	7382
5	3787	3685	3684	7383
5	3846	3812	3732	7384
5	3793	3690	3792	7385
5	3791	3689	3685	7386
5	3792	3690	3689	7387
5	3695	3565	3587	7388
5	3992	3827	3929	7389
5	3827	3693	3795	7390
5	3694	3586	3537	7391
5	3700	3695	3587	7392
5	3777	3620	3712	7393
5	3697	3658	3589	7394
5	3932	3828	3839	7395
5	3873	3800	3768	7396
5	3890	3728	3854	7397
5	3735	3505	3698	7398
5	3698	3505	3595	7399
5	4254	4211	4214	7400
5	3722	3641	3648	7401
5	3825	3782	3727	7402
5	3796	3618	3729	7403
5	3701	3616	3636	7404
5	3701	3636	3642	7405
5	3909	3800	3873	7406
5	3829	3746	3819	7407
5	3833	3703	3747	7408
5	3767	3654	3645	7409
5	3745	3608	3585	7410
5	3994	3801	3933	7411
5	3768	3705	3655	7412
5	3872	3761	3867	7413
5	3748	3612	3630	7414
5	3789	3638	3744	7415
5	3707	3659	3592	7416
5	3840	3763	3807	7417
5	3814	3496	3615	7418
5	4077	3988	3910	7419
5	3709	3701	3642	7420
5	3709	3642	3561	7421
5	3943	3849	3913	7422
5	3807	3763	3710	7423
5	3801	3601	3755	7424
5	3910	3815	3704	7425
5	3797	3619	3695	7426
5	3727	3679	3622	7427
5	3873	3768	3767	7428
5	3912	3833	3857	7429
5	3738	3637	3714	7430
5	3775	3612	3748	7431
5	3743	3625	3715	7432
5	3728	3688	3604	7433
5	3762	3715	3647	7434
5	3716	3632	3606	7435
5	3717	3696	3657	7436
5	3721	3611	3617	7437
5	3718	3627	3602	7438
5	3993	3948	3945	7439
5	3719	3713	3596	7440
5	3719	3596	3605	7441
5	3720	3717	3657	7442
5	3720	3657	3607	7443
5	3734	3607	3611	7444
5	3847	3743	3715	7445
5	3834	3802	3707	7446
5	4162	4138	4087	7447
5	3764	3536	3649	7448
5	3774	3670	3723	7449
5	3771	3662	3664	7450
5	3725	3663	3661	7451
5	3841	3547	3764	7452
5	3726	3663	3725	7453
5	3771	3724	3662	7454
5	3841	3499	3547	7455
5	3786	3683	3784	7456
5	3784	3681	3782	7457
5	3790	3617	3687	7458
5	3728	3702	3688	7459
5	3843	3695	3700	7460
5	3881	3777	3712	7461
5	3854	3728	3743	7462
5	3867	3730	3829	7463
5	3732	3718	3602	7464
5	3731	3623	3692	7465
5	4134	4066	4107	7466
5	3834	3707	3736	7467
5	3733	3635	3511	7468
5	3733	3511	3631	7469
5	3743	3604	3625	7470
5	3923	3871	3890	7471
5	3971	3886	3876	7472
5	3848	3656	3735	7473
5	3849	3752	3817	7474
5	3936	3913	3817	7475
5	3756	3634	3633	7476
5	3850	3756	3633	7477
5	3744	3638	3597	7478
5	3859	3775	3748	7479
5	3739	3598	3563	7480
5	3739	3563	3599	7481
5	3824	3823	3740	7482
5	3852	3740	3674	7483
5	3852	3701	3709	7484
5	3824	3598	3739	7485
5	3742	3710	3603	7486
5	3742	3603	3659	7487
5	3982	3934	3981	7488
5	3889	3766	3870	7489
5	3856	3789	3744	7490
5	3832	3798	3799	7491
5	3827	3745	3693	7492
5	3796	3694	3618	7493
5	3746	3730	3614	7494
5	3746	3614	3658	7495
5	3950	3838	3924	7496
5	3966	3881	3926	7497
5	3945	3847	3808	7498
5	3858	3748	3738	7499
5	3770	3661	3644	7500
5	3760	3643	3758	7501
5	3757	3552	3640	7502
5	3988	3815	3910	7503
5	3751	3671	3624	7504
5	3821	3818	3862	7505
5	3752	3736	3626	7506
5	3752	3626	3627	7507
5	4245	4197	4147	7508
5	3857	3747	3713	7509
5	4073	4038	3954	7510
5	3857	3713	3838	7511
5	3755	3601	3503	7512
5	3755	3503	3635	7513
5	3760	3644	3643	7514
5	3758	3634	3756	7515
5	3865	3613	3757	7516
5	3757	3613	3552	7517
5	3962	3875	3874	7518
5	3818	3760	3758	7519
5	3759	3749	3590	7520
5	3759	3590	3639	7521
5	3770	3644	3760	7522
5	3770	3725	3661	7523
5	3960	3867	3956	7524
5	3945	3808	3898	7525
5	3868	3716	3809	7526
5	3974	3804	3889	7527
5	3763	3722	3648	7528
5	3763	3648	3646	7529
5	4047	3968	4018	7530
5	3810	3595	3726	7531
5	3864	3753	3863	7532
5	3864	3754	3753	7533
5	3922	3775	3859	7534
5	3989	3803	3902	7535
5	3872	3767	3761	7536
5	3938	3800	3909	7537
5	3960	3872	3867	7538
5	3990	3920	3958	7539
5	3883	3782	3825	7540
5	3874	3765	3869	7541
5	3821	3760	3818	7542
5	3770	3759	3724	7543
5	3771	3726	3725	7544
5	3771	3725	3724	7545
5	4016	3962	4001	7546
5	3869	3765	3754	7547
5	3886	3773	3876	7548
5	3782	3681	3679	7549
5	3848	3774	3723	7550
5	3822	3649	3774	7551
5	3776	3673	3706	7552
5	3813	3706	3675	7553
5	3871	3788	3702	7554
5	3776	3744	3597	7555
5	3777	3729	3676	7556
5	3777	3676	3620	7557
5	3925	3896	3797	7558
5	3780	3666	3778	7559
5	3831	3712	3779	7560
5	3780	3622	3666	7561
5	3970	3885	3968	7562
5	3844	3729	3777	7563
5	3781	3779	3678	7564
5	3781	3678	3680	7565
5	3791	3685	3787	7566
5	3787	3684	3786	7567
5	3905	3846	3731	7568
5	3783	3781	3680	7569
5	3879	3779	3781	7570
5	3876	3773	3772	7571
5	3886	3785	3773	7572
5	3785	3783	3682	7573
5	4045	3894	3978	7574
5	3875	3772	3769	7575
5	3879	3831	3779	7576
5	3876	3772	3875	7577
5	3952	3859	3858	7578
5	3788	3714	3686	7579
5	3789	3766	3652	7580
5	3789	3652	3638	7581
5	3828	3717	3720	7582
5	3853	3734	3721	7583
5	3887	3786	3885	7584
5	3885	3786	3784	7585
5	3928	3905	3826	7586
5	3887	3787	3786	7587
5	3891	3791	3787	7588
5	3892	3791	3891	7589
5	3928	3826	3794	7590
5	4189	4079	4135	7591
5	3795	3693	3586	7592
5	3795	3586	3694	7593
5	3797	3778	3619	7594
5	3979	3895	3844	7595
5	4124	4039	4051	7596
5	3895	3729	3844	7597
5	3798	3746	3658	7598
5	3798	3658	3697	7599
5	3799	3798	3697	7600
5	3799	3697	3696	7601
5	3873	3767	3872	7602
5	3867	3761	3730	7603
5	4070	3908	4012	7604
5	3815	3750	3600	7605
5	3802	3742	3707	7606
5	4086	3981	4063	7607
5	3877	3744	3776	7608
5	3803	3776	3706	7609
5	4050	3972	3997	7610
5	3868	3762	3716	7611
5	3806	3704	3608	7612
5	4071	3904	3994	7613
5	3843	3797	3695	7614
5	3910	3704	3806	7615
5	4028	3931	3943	7616
5	3921	3830	3900	7617
5	3847	3715	3808	7618
5	3855	3738	3714	7619
5	3868	3808	3762	7620
5	3809	3716	3699	7621
5	3822	3764	3649	7622
5	3810	3698	3595	7623
5	3811	3795	3694	7624
5	3811	3694	3796	7625
5	4135	4079	4118	7626
5	3935	3812	3846	7627
5	3851	3599	3775	7628
5	3922	3851	3775	7629
5	3814	3615	3708	7630
5	3894	3793	3893	7631
5	3901	3733	3835	7632
5	3835	3631	3593	7633
5	3861	3757	3668	7634
5	3865	3757	3861	7635
5	4000	3913	3999	7636
5	3931	3897	3802	7637
5	4033	4008	3952	7638
5	3866	3862	3818	7639
5	3942	3845	3918	7640
5	3853	3721	3804	7641
5	4072	3984	4005	7642
5	4259	4217	4198	7643
5	3862	3624	3749	7644
5	3821	3862	3749	7645
5	3860	3668	3750	7646
5	3814	3593	3496	7647
5	3823	3813	3740	7648
5	3824	3739	3823	7649
5	3852	3674	3741	7650
5	3824	3740	3852	7651
5	3883	3784	3782	7652
5	3885	3784	3883	7653
5	3893	3792	3892	7654
5	3892	3792	3791	7655
5	3994	3904	3801	7656
5	4077	3995	4067	7657
5	3832	3819	3798	7658
5	3845	3717	3828	7659
5	3956	3829	3940	7660
5	3937	3819	3832	7661
5	3830	3809	3699	7662
5	3830	3699	3722	7663
5	3908	3843	3700	7664
5	3996	3929	3811	7665
5	4052	3997	3923	7666
5	4029	3993	3945	7667
5	3838	3713	3719	7668
5	3950	3857	3838	7669
5	3999	3913	3936	7670
5	4000	3943	3913	7671
5	3944	3814	3899	7672
5	3861	3668	3860	7673
5	3836	3807	3710	7674
5	3836	3710	3742	7675
5	3837	3700	3621	7676
5	3837	3621	3711	7677
5	3857	3833	3747	7678
5	4038	3990	3958	7679
5	3839	3828	3720	7680
5	3839	3720	3734	7681
5	3840	3830	3722	7682
5	3840	3722	3763	7683
5	3842	3726	3771	7684
5	3842	3664	3841	7685
5	4001	3962	3920	7686
5	3842	3810	3726	7687
5	3895	3796	3729	7688
5	3878	3727	3780	7689
5	3878	3825	3727	7690
5	3881	3712	3831	7691
5	3845	3832	3799	7692
5	3845	3799	3717	7693
5	3893	3793	3792	7694
5	3894	3794	3793	7695
5	3918	3845	3828	7696
5	3858	3738	3855	7697
5	3848	3723	3656	7698
5	3848	3735	3698	7699
5	3849	3834	3736	7700
5	3849	3736	3752	7701
5	3953	3866	3946	7702
5	3866	3751	3862	7703
5	3851	3823	3739	7704
5	3851	3739	3599	7705
5	3824	3852	3709	7706
5	3824	3709	3598	7707
5	3932	3918	3828	7708
5	3853	3839	3734	7709
5	3921	3809	3830	7710
5	4139	4088	4110	7711
5	3870	3766	3789	7712
5	3859	3748	3858	7713
5	3870	3789	3856	7714
5	3889	3790	3766	7715
5	4004	3954	3863	7716
5	3958	3920	3869	7717
5	3951	3858	3855	7718
5	3963	3877	3914	7719
5	3877	3776	3803	7720
5	3902	3803	3706	7721
5	3899	3708	3816	7722
5	3865	3737	3613	7723
5	3944	3835	3814	7724
5	3946	3866	3756	7725
5	4035	4033	3951	7726
5	3862	3751	3624	7727
5	4286	4209	4136	7728
5	4100	4006	4034	7729
5	4073	3954	4004	7730
5	4126	4047	4084	7731
5	4002	3850	3955	7732
5	3955	3865	3861	7733
5	3866	3818	3758	7734
5	3866	3758	3756	7735
5	3961	3909	3873	7736
5	4169	4099	4098	7737
5	3923	3890	3916	7738
5	3916	3890	3854	7739
5	4001	3920	3990	7740
5	4023	3966	3926	7741
5	3888	3714	3788	7742
5	3927	3855	3888	7743
5	3888	3788	3871	7744
5	3888	3855	3714	7745
5	3940	3829	3819	7746
5	3961	3873	3872	7747
5	4190	4142	4161	7748
5	4006	3912	3950	7749
5	3821	3759	3770	7750
5	3821	3770	3760	7751
5	4007	3964	3967	7752
5	3971	3876	3915	7753
5	3906	3848	3698	7754
5	3906	3698	3810	7755
5	4241	4189	4135	7756
5	3877	3856	3744	7757
5	3896	3778	3797	7758
5	3884	3783	3785	7759
5	3964	3879	3882	7760
5	3907	3831	3879	7761
5	3880	3878	3780	7762
5	3880	3780	3778	7763
5	3926	3881	3831	7764
5	3881	3844	3777	7765
5	3882	3879	3781	7766
5	3882	3781	3783	7767
5	3928	3794	3894	7768
5	3891	3787	3887	7769
5	3965	3917	3825	7770
5	3884	3882	3783	7771
5	3917	3883	3825	7772
5	3966	3844	3881	7773
5	3962	3874	3920	7774
5	3886	3884	3785	7775
5	3958	3864	3954	7776
5	3978	3893	3977	7777
5	4008	3963	3914	7778
5	3914	3877	3803	7779
5	3948	3854	3847	7780
5	3889	3804	3790	7781
5	3890	3871	3702	7782
5	3890	3702	3728	7783
5	4057	3978	3977	7784
5	4432	4401	4332	7785
5	3970	3887	3885	7786
5	3975	3887	3970	7787
5	3975	3891	3887	7788
5	3976	3891	3975	7789
5	3976	3892	3891	7790
5	3977	3893	3892	7791
5	3896	3880	3778	7792
5	3996	3811	3941	7793
5	3925	3797	3843	7794
5	4044	3907	4009	7795
5	3897	3836	3802	7796
5	4141	4062	4094	7797
5	3983	3900	3911	7798
5	3900	3830	3840	7799
5	4011	3861	3860	7800
5	3899	3814	3708	7801
5	3957	3898	3868	7802
5	3957	3809	3921	7803
5	4102	4011	4010	7804
5	3988	3919	3815	7805
5	4099	4003	4098	7806
5	4400	4393	4341	7807
5	3903	3863	3703	7808
5	3903	3703	3833	7809
5	3908	3700	3837	7810
5	4139	4110	4137	7811
5	4060	4030	3935	7812
5	3978	3894	3893	7813
5	4013	3816	3953	7814
5	3946	3756	3850	7815
5	3969	3884	3886	7816
5	4004	3863	3903	7817
5	4092	3939	3992	7818
5	4070	4069	4014	7819
5	3961	3872	3960	7820
5	3956	3867	3829	7821
5	4077	3910	3995	7822
5	3919	3750	3815	7823
5	3911	3900	3840	7824
5	3911	3840	3807	7825
5	3924	3838	3820	7826
5	4040	3956	4036	7827
5	3913	3849	3817	7828
5	4028	3987	3931	7829
5	3972	3888	3871	7830
5	3972	3871	3923	7831
5	3915	3876	3875	7832
5	4170	4096	4167	7833
5	3940	3819	3937	7834
5	4296	4245	4147	7835
5	4104	4045	3978	7836
5	3968	3885	3883	7837
5	3957	3868	3809	7838
5	4029	3945	3898	7839
5	4010	3901	3835	7840
5	3919	3860	3750	7841
5	3962	3915	3875	7842
5	3920	3874	3869	7843
5	3982	3911	3934	7844
5	4019	3900	3983	7845
5	3989	3914	3803	7846
5	3922	3823	3851	7847
5	3973	3856	3963	7848
5	4025	3948	3993	7849
5	3950	3912	3857	7850
5	4240	4159	4201	7851
5	3979	3844	3966	7852
5	4094	4017	3998	7853
5	3930	3878	3880	7854
5	4044	3926	3907	7855
5	4051	3959	4042	7856
5	4049	3963	4008	7857
5	4289	4144	4242	7858
5	4045	4026	3928	7859
5	3929	3827	3795	7860
5	3929	3795	3811	7861
5	4009	3964	4007	7862
5	3965	3878	3930	7863
5	4095	3999	4064	7864
5	4150	4063	4066	7865
5	3974	3889	3959	7866
5	4025	3916	3948	7867
5	3933	3801	3755	7868
5	3933	3755	3805	7869
5	3934	3911	3807	7870
5	3934	3807	3836	7871
5	3902	3813	3823	7872
5	3902	3823	3922	7873
5	4258	4173	4192	7874
5	4028	3943	4000	7875
5	3998	3918	3932	7876
5	4031	3937	3942	7877
5	3938	3924	3820	7878
5	3938	3820	3800	7879
5	3939	3806	3745	7880
5	3939	3745	3827	7881
5	4017	3918	3998	7882
5	4017	3942	3918	7883
5	3941	3811	3796	7884
5	3941	3796	3895	7885
5	3942	3937	3832	7886
5	3942	3832	3845	7887
5	3943	3931	3834	7888
5	3943	3834	3849	7889
5	3906	3810	3842	7890
5	3906	3842	3841	7891
5	4122	4035	4050	7892
5	3948	3847	3945	7893
5	3955	3737	3865	7894
5	4097	4013	4002	7895
5	3947	3932	3839	7896
5	3947	3839	3853	7897
5	3959	3889	3870	7898
5	3948	3916	3854	7899
5	3949	3947	3853	7900
5	3949	3853	3804	7901
5	4003	3924	3938	7902
5	4333	4291	4251	7903
5	3963	3856	3877	7904
5	3952	3858	3951	7905
5	4039	3949	3974	7906
5	3989	3952	3914	7907
5	3953	3816	3751	7908
5	3953	3751	3866	7909
5	3958	3869	3864	7910
5	3954	3864	3863	7911
5	4033	3952	3951	7912
5	3955	3850	3737	7913
5	4036	3940	4032	7914
5	4032	3940	3937	7915
5	4037	3921	4019	7916
5	3997	3972	3923	7917
5	4056	3976	4055	7918
5	4054	3971	3915	7919
5	3974	3949	3804	7920
5	4153	4073	4004	7921
5	4098	3984	4072	7922
5	4040	3960	3956	7923
5	4041	3961	3960	7924
5	4041	3960	4040	7925
5	3906	3764	3822	7926
5	3906	3822	3848	7927
5	3973	3959	3870	7928
5	4050	4035	3927	7929
5	3965	3825	3878	7930
5	3964	3907	3879	7931
5	4082	3979	4058	7932
5	4009	3907	3964	7933
5	3980	3880	3896	7934
5	4092	3994	3995	7935
5	3967	3964	3882	7936
5	3967	3882	3884	7937
5	4045	3928	3894	7938
5	3977	3892	3976	7939
5	4046	3967	3969	7940
5	3969	3967	3884	7941
5	4172	4105	4155	7942
5	4016	3915	3962	7943
5	4127	4048	4054	7944
5	3971	3969	3886	7945
5	3973	3870	3856	7946
5	3972	3927	3888	7947
5	4085	3993	4078	7948
5	4008	3914	3952	7949
5	4050	3927	3972	7950
5	4041	4005	3961	7951
5	4048	3969	3971	7952
5	4288	4252	4189	7953
5	4038	3958	3954	7954
5	4129	4054	4016	7955
5	4053	3975	3970	7956
5	4055	3975	4053	7957
5	4055	3976	3975	7958
5	4189	4160	4079	7959
5	3980	3930	3880	7960
5	3991	3896	3925	7961
5	3991	3980	3896	7962
5	4058	3966	4023	7963
5	3981	3934	3897	7964
5	4307	4204	4246	7965
5	4094	4062	4017	7966
5	4087	4075	3983	7967
5	4216	4150	4194	7968
5	4107	4000	4095	7969
5	3984	3938	3909	7970
5	4036	3956	3940	7971
5	3985	3935	3846	7972
5	3985	3846	3905	7973
5	3986	3933	3805	7974
5	4101	3988	4015	7975
5	3987	3981	3897	7976
5	3987	3897	3931	7977
5	4101	4011	3988	7978
5	4015	3805	3901	7979
5	4229	4174	4166	7980
5	4089	4027	4083	7981
5	4096	4001	3990	7982
5	4090	3990	4038	7983
5	4105	4091	4009	7984
5	4076	4014	4069	7985
5	4075	4019	3983	7986
5	3992	3939	3827	7987
5	4039	4024	3949	7988
5	4114	4025	4085	7989
5	4175	4112	4111	7990
5	4067	3933	3986	7991
5	3995	3910	3806	7992
5	3995	3806	3939	7993
5	4092	4071	3994	7994
5	4058	3979	3966	7995
5	4032	3937	4031	7996
5	4031	3942	4017	7997
5	4264	4230	4243	7998
5	4426	4330	4397	7999
5	4118	4045	4104	8000
5	4060	3935	3985	8001
5	4173	4134	4107	8002
5	4503	4402	4401	8003
5	4096	3990	4090	8004
5	4220	4155	4202	8005
5	4102	4013	4097	8006
5	4011	3919	3988	8007
5	4168	4098	4072	8008
5	4244	4218	4231	8009
5	4100	4034	4099	8010
5	4253	4167	4224	8011
5	4005	3984	3909	8012
5	4005	3909	3961	8013
5	4098	4003	3984	8014
5	4099	4034	4003	8015
5	3989	3902	3922	8016
5	4087	3982	4086	8017
5	4042	3959	3973	8018
5	4287	4251	4197	8019
5	4018	3968	3917	8020
5	4057	3977	4056	8021
5	4101	4010	4011	8022
5	4011	3860	3919	8023
5	4097	3861	4011	8024
5	4013	3899	3816	8025
5	4012	3908	3837	8026
5	4012	3837	3904	8027
5	4013	3944	3899	8028
5	4035	3951	3927	8029
5	4014	3925	3843	8030
5	4014	3843	3908	8031
5	4077	4015	3988	8032
5	4015	3986	3805	8033
5	4253	4227	4167	8034
5	4104	3978	4057	8035
5	4019	3921	3900	8036
5	4108	4029	4020	8037
5	4047	3970	3968	8038
5	4054	3915	4016	8039
5	4020	3898	3957	8040
5	4078	3993	4029	8041
5	3989	3922	3859	8042
5	3989	3859	3952	8043
5	4021	3998	3932	8044
5	4021	3932	3947	8045
5	4022	3941	3895	8046
5	4022	3895	3979	8047
5	4140	4119	4120	8048
5	4059	3930	3980	8049
5	4024	4021	3947	8050
5	4024	3947	3949	8051
5	4149	4114	4085	8052
5	4052	3916	4025	8053
5	4026	3985	3905	8054
5	4026	3905	3928	8055
5	4027	4018	3917	8056
5	4027	3917	3965	8057
5	4199	4137	4138	8058
5	4152	4063	4150	8059
5	4391	4294	4291	8060
5	4151	4081	4116	8061
5	4030	3999	3936	8062
5	4030	3936	3935	8063
5	4062	4031	4017	8064
5	4173	4107	4095	8065
5	4125	4113	3997	8066
5	4116	4081	4041	8067
5	4002	3946	3850	8068
5	4102	4097	4011	8069
5	4034	4006	3950	8070
5	4034	3950	3924	8071
5	4002	4013	3953	8072
5	4002	3953	3946	8073
5	4115	4036	4112	8074
5	4112	4032	4111	8075
5	4037	4020	3957	8076
5	4037	3957	3921	8077
5	4153	4004	4065	8078
5	4287	4197	4245	8079
5	4124	4051	4123	8080
5	4109	4021	4093	8081
5	4166	4108	4088	8082
5	4154	4081	4151	8083
5	4116	4041	4040	8084
5	4116	4040	4115	8085
5	4051	3974	3959	8086
5	4051	4039	3974	8087
5	4043	4027	3965	8088
5	4043	3965	3930	8089
5	4132	4023	4117	8090
5	4044	4023	3926	8091
5	4158	4030	4060	8092
5	4056	3977	3976	8093
5	4148	4126	4084	8094
5	4046	4007	3967	8095
5	4118	4079	4026	8096
5	4053	3970	4047	8097
5	4103	4001	4096	8098
5	4048	4046	3969	8099
5	4049	4042	3973	8100
5	4049	3973	3963	8101
5	4080	4008	4033	8102
5	4121	4049	4080	8103
5	4080	4033	4035	8104
5	4052	3923	3916	8105
5	4085	4025	3993	8106
5	4123	4051	4042	8107
5	4156	4057	4131	8108
5	4103	4016	4001	8109
5	4126	4053	4047	8110
5	4054	4048	3971	8111
5	4091	4044	4009	8112
5	4129	4016	4103	8113
5	4201	4068	4146	8114
5	4163	4090	4038	8115
5	4212	4202	4140	8116
5	4209	4131	4136	8117
5	4059	4043	3930	8118
5	4132	4058	4023	8119
5	4074	3980	3991	8120
5	4117	4023	4044	8121
5	4185	4104	4156	8122
5	4298	4241	4256	8123
5	4071	4012	3904	8124
5	4061	3992	3929	8125
5	4545	4493	4475	8126
5	4111	4032	4031	8127
5	4290	4260	4278	8128
5	4107	4028	4000	8129
5	4367	4300	4271	8130
5	4198	4153	4159	8131
5	4240	4198	4159	8132
5	4065	4004	3903	8133
5	4066	4063	3987	8134
5	4066	3987	4028	8135
5	4067	3995	3994	8136
5	4067	3994	3933	8137
5	4068	4065	3912	8138
5	4068	3912	4006	8139
5	4069	3996	3941	8140
5	4074	4059	3980	8141
5	4092	3995	3939	8142
5	4070	4012	4061	8143
5	4070	4014	3908	8144
5	4061	3929	3996	8145
5	4111	4031	4062	8146
5	4115	4040	4036	8147
5	4163	4038	4073	8148
5	4239	4187	4238	8149
5	4074	3991	4082	8150
5	4362	4313	4312	8151
5	4071	3992	4061	8152
5	4071	4061	4012	8153
5	4082	4022	3979	8154
5	4076	4082	3991	8155
5	4077	4067	3986	8156
5	4077	3986	4015	8157
5	4069	3941	4022	8158
5	4076	3925	4014	8159
5	4160	3985	4079	8160
5	4079	3985	4026	8161
5	4080	4049	4008	8162
5	4397	4330	4331	8163
5	4081	4072	4005	8164
5	4081	4005	4041	8165
5	4076	4069	4022	8166
5	4076	4022	4082	8167
5	4083	4027	4043	8168
5	4133	4059	4132	8169
5	4131	4056	4130	8170
5	4084	4047	4018	8171
5	4093	4021	4024	8172
5	4165	4094	4109	8173
5	4087	3983	3982	8174
5	4086	3982	3981	8175
5	4335	4290	4324	8176
5	4143	4062	4141	8177
5	4108	4020	4088	8178
5	4088	4020	4037	8179
5	4089	4084	4018	8180
5	4089	4018	4027	8181
5	4184	4140	4120	8182
5	4168	4072	4154	8183
5	4105	4009	4007	8184
5	4117	4044	4091	8185
5	4177	4115	4112	8186
5	4092	3992	4071	8187
5	4070	4061	3996	8188
5	4070	3996	4069	8189
5	4247	4199	4210	8190
5	4162	4087	4086	8191
5	4107	4066	4028	8192
5	4095	4000	3999	8193
5	4205	4188	4170	8194
5	4184	4120	4127	8195
5	4097	4002	3955	8196
5	4097	3955	3861	8197
5	4177	4112	4175	8198
5	4154	4072	4081	8199
5	4200	4147	4099	8200
5	4296	4147	4200	8201
5	4113	4050	3997	8202
5	4122	4050	4113	8203
5	4101	4015	3901	8204
5	4101	3901	4010	8205
5	4102	4010	3944	8206
5	4102	3944	4013	8207
5	4156	4104	4057	8208
5	4128	4055	4053	8209
5	4130	4055	4128	8210
5	4130	4056	4055	8211
5	4172	4091	4105	8212
5	4145	4084	4089	8213
5	4106	4093	4024	8214
5	4106	4024	4039	8215
5	4258	4203	4173	8216
5	4303	4281	4265	8217
5	4215	4181	4149	8218
5	4108	4078	4029	8219
5	4109	4094	3998	8220
5	4109	3998	4021	8221
5	4110	4088	4037	8222
5	4110	4037	4019	8223
5	4112	4036	4032	8224
5	4200	4099	4169	8225
5	4230	4142	4190	8226
5	4180	4106	4124	8227
5	4121	4042	4049	8228
5	4182	4124	4123	8229
5	4125	4052	4114	8230
5	4114	4052	4025	8231
5	4248	4200	4169	8232
5	4143	4111	4062	8233
5	4248	4169	4226	8234
5	4533	4508	4525	8235
5	4179	4091	4172	8236
5	4133	4132	4117	8237
5	4131	4057	4056	8238
5	4158	4064	4030	8239
5	4119	4105	4007	8240
5	4119	4007	4046	8241
5	4120	4119	4046	8242
5	4120	4046	4048	8243
5	4123	4042	4121	8244
5	4142	4109	4093	8245
5	4122	4121	4080	8246
5	4122	4080	4035	8247
5	4176	4122	4113	8248
5	4124	4106	4039	8249
5	4125	3997	4052	8250
5	4181	4114	4149	8251
5	4180	4161	4106	8252
5	4176	4121	4122	8253
5	4256	4241	4135	8254
5	4128	4053	4126	8255
5	4227	4170	4167	8256
5	4127	4120	4048	8257
5	4332	4258	4289	8258
5	4333	4251	4287	8259
5	4155	4105	4119	8260
5	4129	4127	4054	8261
5	4224	4167	4090	8262
5	4221	4188	4205	8263
5	4074	4082	4058	8264
5	4132	4074	4058	8265
5	4133	4043	4059	8266
5	4132	4059	4074	8267
5	4179	4172	4171	8268
5	4133	4083	4043	8269
5	4288	4189	4241	8270
5	4379	4346	4288	8271
5	4209	4193	4156	8272
5	4155	4119	4140	8273
5	4136	4131	4130	8274
5	4187	4128	4157	8275
5	4137	4110	4075	8276
5	4450	4403	4393	8277
5	4138	4137	4075	8278
5	4138	4075	4087	8279
5	4178	4116	4115	8280
5	4235	4183	4181	8281
5	4212	4140	4184	8282
5	4157	4128	4126	8283
5	4175	4111	4143	8284
5	4232	4175	4191	8285
5	4165	4109	4142	8286
5	4165	4141	4094	8287
5	4207	4164	4206	8288
5	4233	4231	4178	8289
5	4144	4095	4064	8290
5	4399	4332	4289	8291
5	4148	4084	4145	8292
5	4251	4146	4197	8293
5	4146	4068	4006	8294
5	4146	4006	4100	8295
5	4147	4100	4099	8296
5	4169	4098	4168	8297
5	4157	4126	4148	8298
5	4187	4130	4128	8299
5	4266	4207	4206	8300
5	4161	4093	4106	8301
5	4152	4086	4063	8302
5	4162	4086	4152	8303
5	4178	4115	4177	8304
5	4348	4296	4248	8305
5	4278	4222	4216	8306
5	4338	4324	4261	8307
5	4201	4159	4068	8308
5	4170	4103	4096	8309
5	4291	4240	4201	8310
5	4225	4154	4218	8311
5	4228	4145	4171	8312
5	4171	4089	4083	8313
5	4185	4118	4104	8314
5	4185	4135	4118	8315
5	4188	4103	4170	8316
5	4237	4212	4184	8317
5	4208	4148	4196	8318
5	4252	4160	4189	8319
5	4159	4153	4065	8320
5	4159	4065	4068	8321
5	4252	4060	4160	8322
5	4160	4060	3985	8323
5	4174	4078	4108	8324
5	4161	4142	4093	8325
5	4402	4343	4401	8326
5	4222	4152	4216	8327
5	4217	4073	4153	8328
5	4294	4240	4291	8329
5	4164	4149	4085	8330
5	4164	4085	4078	8331
5	4214	4137	4199	8332
5	4166	4088	4139	8333
5	4174	4108	4166	8334
5	4174	4164	4078	8335
5	4167	4096	4090	8336
5	4346	4252	4288	8337
5	4339	4302	4325	8338
5	4233	4177	4232	8339
5	4283	4232	4250	8340
5	4226	4169	4168	8341
5	4238	4187	4157	8342
5	4208	4157	4148	8343
5	4391	4291	4376	8344
5	4171	4145	4089	8345
5	4179	4171	4083	8346
5	4188	4129	4103	8347
5	4418	4392	4354	8348
5	4444	4384	4344	8349
5	4235	4181	4215	8350
5	4207	4149	4164	8351
5	4378	4295	4345	8352
5	4178	4151	4116	8353
5	4182	4180	4124	8354
5	4181	4125	4114	8355
5	4279	4218	4244	8356
5	4340	4297	4316	8357
5	4206	4164	4174	8358
5	4281	4229	4265	8359
5	4188	4186	4129	8360
5	4179	4117	4091	8361
5	4182	4123	4176	8362
5	4176	4123	4121	8363
5	4183	4125	4181	8364
5	4183	4113	4125	8365
5	4183	4176	4113	8366
5	4215	4149	4207	8367
5	4234	4180	4182	8368
5	4236	4234	4182	8369
5	4202	4155	4140	8370
5	4196	4148	4145	8371
5	4307	4242	4204	8372
5	4256	4185	4193	8373
5	4186	4184	4127	8374
5	4186	4127	4129	8375
5	4237	4186	4221	8376
5	4187	4136	4130	8377
5	4179	4083	4133	8378
5	4179	4133	4117	8379
5	4372	4256	4300	8380
5	4242	4144	4204	8381
5	4222	4162	4152	8382
5	4350	4314	4323	8383
5	4191	4175	4143	8384
5	4213	4143	4141	8385
5	4192	4173	4095	8386
5	4192	4095	4144	8387
5	4193	4185	4156	8388
5	4379	4377	4346	8389
5	4194	4150	4134	8390
5	4399	4336	4383	8391
5	4195	4190	4161	8392
5	4195	4161	4180	8393
5	4407	4349	4305	8394
5	4209	4156	4131	8395
5	4197	4146	4100	8396
5	4197	4100	4147	8397
5	4217	4163	4073	8398
5	4217	4153	4198	8399
5	4282	4244	4231	8400
5	4437	4394	4405	8401
5	4225	4168	4154	8402
5	4226	4168	4225	8403
5	4375	4287	4330	8404
5	4291	4201	4251	8405
5	4228	4196	4145	8406
5	4219	4171	4172	8407
5	4262	4134	4203	8408
5	4203	4134	4173	8409
5	4204	4144	4064	8410
5	4204	4064	4158	8411
5	4380	4319	4349	8412
5	4263	4217	4259	8413
5	4283	4282	4233	8414
5	4265	4229	4211	8415
5	4255	4213	4223	8416
5	4371	4326	4309	8417
5	4270	4205	4249	8418
5	4299	4284	4268	8419
5	4321	4270	4319	8420
5	4410	4298	4372	8421
5	4210	4199	4138	8422
5	4210	4138	4162	8423
5	4229	4166	4211	8424
5	4211	4166	4139	8425
5	4284	4237	4268	8426
5	4269	4238	4208	8427
5	4243	4230	4190	8428
5	4213	4191	4143	8429
5	4214	4211	4139	8430
5	4214	4139	4137	8431
5	4278	4216	4261	8432
5	4276	4195	4234	8433
5	4222	4210	4162	8434
5	4216	4152	4150	8435
5	4227	4205	4170	8436
5	4224	4090	4163	8437
5	4218	4154	4151	8438
5	4232	4177	4175	8439
5	4277	4196	4228	8440
5	4228	4171	4219	8441
5	4220	4219	4172	8442
5	4220	4172	4155	8443
5	4237	4184	4186	8444
5	4221	4186	4188	8445
5	4309	4250	4293	8446
5	4274	4191	4213	8447
5	4223	4213	4141	8448
5	4223	4141	4165	8449
5	4457	4434	4386	8450
5	4395	4390	4368	8451
5	4548	4457	4530	8452
5	4301	4244	4282	8453
5	4279	4225	4218	8454
5	4280	4225	4279	8455
5	4268	4237	4221	8456
5	4249	4205	4227	8457
5	4420	4331	4381	8458
5	4555	4515	4513	8459
5	4275	4215	4207	8460
5	4229	4206	4174	8461
5	4230	4223	4165	8462
5	4230	4165	4142	8463
5	4231	4218	4151	8464
5	4231	4151	4178	8465
5	4233	4178	4177	8466
5	4325	4244	4301	8467
5	4322	4274	4255	8468
5	4282	4231	4233	8469
5	4267	4190	4195	8470
5	4234	4195	4180	8471
5	4236	4182	4176	8472
5	4236	4176	4183	8473
5	4236	4183	4235	8474
5	4236	4235	4234	8475
5	4238	4157	4208	8476
5	4304	4269	4272	8477
5	4312	4263	4259	8478
5	4328	4286	4239	8479
5	4286	4136	4239	8480
5	4239	4136	4187	8481
5	4251	4201	4146	8482
5	4436	4413	4389	8483
5	4256	4135	4185	8484
5	4496	4459	4442	8485
5	4382	4354	4361	8486
5	4441	4377	4428	8487
5	4257	4199	4247	8488
5	4326	4282	4283	8489
5	4359	4325	4301	8490
5	4250	4232	4191	8491
5	4296	4200	4248	8492
5	4280	4226	4225	8493
5	4383	4336	4337	8494
5	4246	4204	4158	8495
5	4324	4278	4261	8496
5	4343	4203	4258	8497
5	4375	4333	4287	8498
5	4338	4261	4311	8499
5	4308	4284	4299	8500
5	4300	4256	4193	8501
5	4369	4322	4315	8502
5	4306	4260	4290	8503
5	4348	4248	4295	8504
5	4330	4287	4245	8505
5	4310	4060	4252	8506
5	4310	4158	4060	8507
5	4320	4269	4304	8508
5	4407	4305	4363	8509
5	4275	4207	4266	8510
5	4265	4211	4254	8511
5	4274	4213	4255	8512
5	4274	4250	4191	8513
5	4271	4193	4209	8514
5	4300	4193	4271	8515
5	4257	4254	4214	8516
5	4257	4214	4199	8517
5	4324	4290	4278	8518
5	4422	4374	4402	8519
5	4263	4163	4217	8520
5	4263	4224	4163	8521
5	4260	4247	4210	8522
5	4260	4210	4222	8523
5	4278	4260	4222	8524
5	4261	4216	4194	8525
5	4364	4314	4350	8526
5	4262	4194	4134	8527
5	4423	4362	4384	8528
5	4313	4263	4312	8529
5	4264	4255	4223	8530
5	4264	4223	4230	8531
5	4322	4293	4274	8532
5	4345	4280	4302	8533
5	4316	4266	4281	8534
5	4327	4275	4297	8535
5	4297	4275	4266	8536
5	4267	4243	4190	8537
5	4285	4238	4269	8538
5	4273	4202	4212	8539
5	4376	4291	4333	8540
5	4321	4268	4270	8541
5	4270	4268	4221	8542
5	4270	4221	4205	8543
5	4411	4300	4367	8544
5	4328	4239	4285	8545
5	4272	4269	4208	8546
5	4272	4208	4196	8547
5	4277	4228	4219	8548
5	4277	4220	4202	8549
5	4403	4351	4355	8550
5	4293	4250	4274	8551
5	4276	4234	4235	8552
5	4283	4233	4232	8553
5	4276	4235	4215	8554
5	4276	4215	4275	8555
5	4277	4272	4196	8556
5	4277	4219	4220	8557
5	4386	4339	4359	8558
5	4292	4257	4247	8559
5	4434	4387	4339	8560
5	4387	4345	4302	8561
5	4277	4202	4273	8562
5	4388	4360	4308	8563
5	4281	4266	4206	8564
5	4281	4206	4229	8565
5	4315	4255	4264	8566
5	4424	4412	4421	8567
5	4327	4276	4275	8568
5	4276	4267	4195	8569
5	4284	4273	4212	8570
5	4284	4212	4237	8571
5	4286	4271	4209	8572
5	4285	4239	4238	8573
5	4372	4298	4256	8574
5	4438	4334	4380	8575
5	4444	4344	4391	8576
5	4423	4406	4362	8577
5	4346	4310	4252	8578
5	4392	4337	4307	8579
5	4289	4258	4192	8580
5	4289	4192	4144	8581
5	4341	4290	4335	8582
5	4347	4203	4343	8583
5	4345	4295	4280	8584
5	4381	4331	4296	8585
5	4425	4374	4422	8586
5	4605	4581	4601	8587
5	4370	4293	4322	8588
5	4326	4283	4309	8589
5	4294	4259	4198	8590
5	4294	4198	4240	8591
5	4295	4248	4226	8592
5	4295	4226	4280	8593
5	4391	4344	4294	8594
5	4473	4426	4397	8595
5	4316	4281	4303	8596
5	4323	4257	4292	8597
5	4435	4410	4372	8598
5	4501	4443	4456	8599
5	4308	4273	4284	8600
5	4353	4320	4304	8601
5	4319	4270	4249	8602
5	4329	4271	4286	8603
5	4309	4283	4250	8604
5	4427	4386	4394	8605
5	4302	4280	4279	8606
5	4554	4513	4511	8607
5	4529	4522	4524	8608
5	4327	4267	4276	8609
5	4320	4285	4269	8610
5	4379	4288	4342	8611
5	4305	4249	4227	8612
5	4305	4227	4253	8613
5	4306	4292	4247	8614
5	4306	4247	4260	8615
5	4440	4342	4410	8616
5	4432	4332	4399	8617
5	4360	4304	4272	8618
5	4360	4273	4308	8619
5	4326	4301	4282	8620
5	4359	4301	4356	8621
5	4361	4310	4346	8622
5	4310	4246	4158	8623
5	4311	4261	4194	8624
5	4311	4194	4262	8625
5	4313	4253	4224	8626
5	4313	4224	4263	8627
5	4349	4319	4249	8628
5	4363	4313	4362	8629
5	4314	4303	4265	8630
5	4314	4265	4254	8631
5	4624	4582	4570	8632
5	4322	4255	4315	8633
5	4352	4315	4317	8634
5	4316	4297	4266	8635
5	4317	4315	4264	8636
5	4317	4264	4243	8637
5	4318	4317	4243	8638
5	4318	4243	4267	8639
5	4404	4320	4353	8640
5	4334	4321	4319	8641
5	4390	4353	4357	8642
5	4404	4353	4390	8643
5	4357	4308	4299	8644
5	4321	4299	4268	8645
5	4364	4303	4314	8646
5	4370	4358	4293	8647
5	4323	4314	4254	8648
5	4323	4254	4257	8649
5	4429	4335	4398	8650
5	4393	4355	4341	8651
5	4325	4302	4279	8652
5	4325	4279	4244	8653
5	4341	4306	4290	8654
5	4355	4306	4341	8655
5	4327	4297	4318	8656
5	4327	4318	4267	8657
5	4390	4357	4368	8658
5	4329	4286	4328	8659
5	4349	4249	4305	8660
5	4380	4334	4319	8661
5	4430	4348	4378	8662
5	4535	4501	4456	8663
5	4331	4330	4245	8664
5	4331	4245	4296	8665
5	4343	4258	4332	8666
5	4402	4347	4343	8667
5	4443	4391	4376	8668
5	4381	4296	4348	8669
5	4366	4285	4320	8670
5	4368	4321	4334	8671
5	4425	4338	4374	8672
5	4464	4392	4418	8673
5	4399	4289	4336	8674
5	4336	4289	4242	8675
5	4337	4336	4242	8676
5	4337	4242	4307	8677
5	4347	4262	4203	8678
5	4598	4560	4559	8679
5	4371	4309	4358	8680
5	4400	4341	4335	8681
5	4365	4316	4303	8682
5	4340	4318	4297	8683
5	4476	4433	4400	8684
5	4522	4461	4486	8685
5	4342	4288	4241	8686
5	4342	4241	4298	8687
5	4347	4311	4262	8688
5	4572	4536	4500	8689
5	4344	4312	4259	8690
5	4344	4259	4294	8691
5	4626	4537	4576	8692
5	4378	4348	4295	8693
5	4354	4307	4246	8694
5	4646	4566	4621	8695
5	4433	4393	4400	8696
5	4471	4401	4432	8697
5	4434	4339	4386	8698
5	4511	4460	4497	8699
5	4406	4363	4362	8700
5	4448	4390	4395	8701
5	4358	4309	4293	8702
5	4356	4301	4326	8703
5	4351	4350	4323	8704
5	4351	4323	4292	8705
5	4539	4495	4472	8706
5	4369	4315	4352	8707
5	4404	4396	4366	8708
5	4366	4328	4285	8709
5	4382	4361	4377	8710
5	4418	4354	4382	8711
5	4355	4351	4292	8712
5	4355	4292	4306	8713
5	4359	4339	4325	8714
5	4387	4302	4339	8715
5	4388	4304	4360	8716
5	4388	4308	4357	8717
5	4371	4356	4326	8718
5	4465	4430	4460	8719
5	4340	4352	4317	8720
5	4340	4317	4318	8721
5	4360	4272	4277	8722
5	4360	4277	4273	8723
5	4361	4354	4246	8724
5	4361	4246	4310	8725
5	4363	4305	4253	8726
5	4363	4253	4313	8727
5	4438	4395	4334	8728
5	4407	4363	4406	8729
5	4365	4340	4316	8730
5	4365	4303	4364	8731
5	4389	4369	4352	8732
5	4409	4340	4365	8733
5	4367	4271	4329	8734
5	4373	4328	4366	8735
5	4464	4442	4392	8736
5	4439	4411	4367	8737
5	4368	4357	4299	8738
5	4368	4299	4321	8739
5	4408	4365	4364	8740
5	4370	4322	4369	8741
5	4424	4408	4412	8742
5	4414	4351	4403	8743
5	4569	4563	4523	8744
5	4445	4421	4414	8745
5	4462	4411	4439	8746
5	4446	4373	4396	8747
5	4462	4435	4372	8748
5	4373	4329	4328	8749
5	4374	4338	4311	8750
5	4374	4311	4347	8751
5	4426	4375	4330	8752
5	4444	4391	4443	8753
5	4535	4431	4463	8754
5	4513	4467	4465	8755
5	4567	4493	4545	8756
5	4377	4361	4346	8757
5	4613	4577	4547	8758
5	4556	4498	4550	8759
5	4428	4377	4379	8760
5	4479	4428	4440	8761
5	4469	4439	4416	8762
5	4525	4489	4488	8763
5	4467	4420	4465	8764
5	4463	4431	4375	8765
5	4410	4342	4298	8766
5	4440	4428	4379	8767
5	4392	4307	4354	8768
5	4657	4603	4655	8769
5	4384	4362	4312	8770
5	4384	4312	4344	8771
5	4415	4358	4385	8772
5	4385	4358	4370	8773
5	4483	4450	4433	8774
5	4405	4394	4356	8775
5	4420	4397	4331	8776
5	4473	4397	4467	8777
5	4388	4357	4353	8778
5	4388	4353	4304	8779
5	4413	4369	4389	8780
5	4413	4370	4369	8781
5	4396	4373	4366	8782
5	4395	4368	4334	8783
5	4451	4407	4406	8784
5	4508	4484	4438	8785
5	4442	4337	4392	8786
5	4441	4382	4377	8787
5	4403	4355	4393	8788
5	4445	4414	4403	8789
5	4394	4386	4359	8790
5	4394	4359	4356	8791
5	4526	4484	4508	8792
5	4404	4366	4320	8793
5	4515	4467	4513	8794
5	4574	4547	4501	8795
5	4465	4420	4430	8796
5	4588	4494	4548	8797
5	4398	4335	4324	8798
5	4398	4324	4338	8799
5	4401	4343	4332	8800
5	4402	4374	4347	8801
5	4603	4539	4571	8802
5	4425	4398	4338	8803
5	4666	4610	4598	8804
5	4506	4475	4441	8805
5	4540	4509	4458	8806
5	4429	4400	4335	8807
5	4450	4393	4433	8808
5	4405	4356	4371	8809
5	4485	4448	4484	8810
5	4449	4396	4404	8811
5	4627	4568	4529	8812
5	4490	4470	4453	8813
5	4463	4375	4426	8814
5	4557	4480	4519	8815
5	4481	4444	4443	8816
5	4452	4407	4451	8817
5	4409	4352	4340	8818
5	4409	4365	4408	8819
5	4409	4408	4389	8820
5	4409	4389	4352	8821
5	4416	4367	4329	8822
5	4411	4372	4300	8823
5	4462	4372	4411	8824
5	4416	4329	4373	8825
5	4412	4408	4364	8826
5	4412	4364	4350	8827
5	4421	4412	4414	8828
5	4413	4385	4370	8829
5	4414	4412	4350	8830
5	4414	4350	4351	8831
5	4415	4405	4371	8832
5	4415	4371	4358	8833
5	4498	4439	4469	8834
5	4440	4379	4342	8835
5	4417	4378	4345	8836
5	4417	4345	4387	8837
5	4442	4383	4337	8838
5	4566	4538	4543	8839
5	4447	4415	4419	8840
5	4419	4415	4385	8841
5	4537	4502	4473	8842
5	4515	4473	4467	8843
5	4585	4529	4565	8844
5	4424	4389	4408	8845
5	4504	4472	4422	8846
5	4503	4401	4471	8847
5	4542	4525	4488	8848
5	4501	4481	4443	8849
5	4453	4419	4385	8850
5	4436	4389	4424	8851
5	4476	4400	4429	8852
5	4450	4445	4403	8853
5	4467	4397	4420	8854
5	4502	4426	4473	8855
5	4583	4530	4582	8856
5	4492	4474	4437	8857
5	4531	4496	4464	8858
5	4597	4559	4558	8859
5	4539	4472	4504	8860
5	4571	4539	4504	8861
5	4430	4420	4381	8862
5	4430	4381	4348	8863
5	4431	4376	4333	8864
5	4431	4333	4375	8865
5	4528	4504	4503	8866
5	4699	4697	4658	8867
5	4604	4539	4603	8868
5	4505	4491	4487	8869
5	4570	4544	4492	8870
5	4457	4386	4427	8871
5	4478	4440	4410	8872
5	4478	4410	4435	8873
5	4477	4424	4421	8874
5	4453	4413	4436	8875
5	4474	4394	4437	8876
5	4474	4427	4394	8877
5	4446	4416	4373	8878
5	4439	4367	4416	8879
5	4448	4404	4390	8880
5	4571	4504	4528	8881
5	4479	4440	4478	8882
5	4506	4441	4480	8883
5	4517	4478	4435	8884
5	4480	4428	4479	8885
5	4475	4382	4441	8886
5	4496	4442	4464	8887
5	4466	4406	4423	8888
5	4537	4473	4515	8889
5	4466	4451	4406	8890
5	4482	4444	4481	8891
5	4492	4437	4461	8892
5	4453	4385	4413	8893
5	4542	4488	4512	8894
5	4589	4514	4549	8895
5	4447	4437	4405	8896
5	4447	4405	4415	8897
5	4508	4438	4489	8898
5	4449	4404	4448	8899
5	4556	4516	4498	8900
5	4469	4416	4446	8901
5	4540	4458	4495	8902
5	4477	4436	4424	8903
5	4452	4380	4349	8904
5	4452	4349	4407	8905
5	4484	4448	4395	8906
5	4489	4438	4380	8907
5	4470	4419	4453	8908
5	4491	4421	4445	8909
5	4454	4432	4399	8910
5	4454	4399	4383	8911
5	4455	4417	4387	8912
5	4455	4387	4434	8913
5	4456	4443	4376	8914
5	4456	4376	4431	8915
5	4582	4530	4544	8916
5	4583	4548	4530	8917
5	4458	4429	4398	8918
5	4458	4398	4425	8919
5	4459	4454	4383	8920
5	4459	4383	4442	8921
5	4460	4430	4378	8922
5	4460	4378	4417	8923
5	4461	4437	4447	8924
5	4487	4445	4450	8925
5	4510	4468	4507	8926
5	4484	4395	4438	8927
5	4649	4622	4579	8928
5	4535	4456	4431	8929
5	4519	4480	4479	8930
5	4475	4418	4382	8931
5	4584	4532	4502	8932
5	4541	4497	4455	8933
5	4600	4542	4512	8934
5	4580	4578	4564	8935
5	4511	4465	4460	8936
5	4513	4465	4511	8937
5	4468	4446	4396	8938
5	4468	4396	4449	8939
5	4525	4508	4489	8940
5	4488	4452	4451	8941
5	4486	4419	4470	8942
5	4486	4447	4419	8943
5	4528	4503	4471	8944
5	4504	4422	4503	8945
5	4472	4458	4425	8946
5	4472	4425	4422	8947
5	4553	4511	4497	8948
5	4502	4463	4426	8949
5	4544	4474	4492	8950
5	4509	4476	4429	8951
5	4480	4441	4428	8952
5	4545	4475	4506	8953
5	4546	4492	4461	8954
5	4487	4450	4483	8955
5	4490	4436	4477	8956
5	4490	4453	4436	8957
5	4507	4468	4485	8958
5	4498	4462	4439	8959
5	4510	4469	4446	8960
5	4519	4479	4518	8961
5	4516	4435	4462	8962
5	4518	4479	4478	8963
5	4482	4423	4384	8964
5	4482	4384	4444	8965
5	4674	4659	4616	8966
5	4521	4482	4520	8967
5	4569	4523	4536	8968
5	4551	4500	4476	8969
5	4485	4449	4448	8970
5	4485	4468	4449	8971
5	4517	4435	4516	8972
5	4677	4673	4636	8973
5	4546	4461	4522	8974
5	4486	4461	4447	8975
5	4527	4490	4477	8976
5	4523	4487	4483	8977
5	4489	4452	4488	8978
5	4489	4380	4452	8979
5	4611	4561	4577	8980
5	4526	4485	4484	8981
5	4527	4477	4491	8982
5	4491	4445	4487	8983
5	4527	4470	4490	8984
5	4491	4477	4421	8985
5	4652	4609	4588	8986
5	4582	4544	4570	8987
5	4493	4464	4418	8988
5	4493	4418	4475	8989
5	4494	4455	4434	8990
5	4494	4434	4457	8991
5	4509	4429	4458	8992
5	4495	4458	4472	8993
5	4531	4464	4493	8994
5	4558	4517	4516	8995
5	4497	4460	4417	8996
5	4497	4417	4455	8997
5	4518	4478	4517	8998
5	4516	4462	4498	8999
5	4499	4471	4432	9000
5	4499	4432	4454	9001
5	4500	4483	4433	9002
5	4500	4433	4476	9003
5	4520	4482	4481	9004
5	4547	4520	4481	9005
5	4535	4463	4532	9006
5	4532	4463	4502	9007
5	4607	4495	4604	9008
5	4503	4422	4402	9009
5	4549	4459	4496	9010
5	4655	4605	4639	9011
5	4565	4505	4563	9012
5	4527	4491	4505	9013
5	4606	4531	4567	9014
5	4590	4557	4519	9015
5	4510	4446	4468	9016
5	4550	4498	4469	9017
5	4534	4508	4533	9018
5	4561	4521	4520	9019
5	4536	4483	4500	9020
5	4607	4586	4540	9021
5	4558	4516	4556	9022
5	4564	4526	4534	9023
5	4609	4608	4587	9024
5	4541	4455	4494	9025
5	4512	4488	4451	9026
5	4512	4451	4466	9027
5	4592	4555	4554	9028
5	4619	4588	4548	9029
5	4514	4499	4454	9030
5	4514	4454	4459	9031
5	4555	4513	4554	9032
5	4576	4515	4555	9033
5	4674	4616	4644	9034
5	4560	4519	4518	9035
5	4578	4552	4564	9036
5	4559	4517	4558	9037
5	4632	4595	4620	9038
5	4620	4595	4557	9039
5	4634	4597	4596	9040
5	4559	4518	4517	9041
5	4521	4466	4423	9042
5	4521	4423	4482	9043
5	4909	4870	4819	9044
5	4562	4521	4561	9045
5	4563	4505	4523	9046
5	4694	4660	4614	9047
5	4570	4492	4546	9048
5	4523	4505	4487	9049
5	4524	4522	4486	9050
5	4524	4486	4470	9051
5	4598	4559	4597	9052
5	4648	4577	4613	9053
5	4534	4526	4508	9054
5	4526	4507	4485	9055
5	4568	4546	4522	9056
5	4527	4524	4470	9057
5	4617	4536	4572	9058
5	4754	4739	4744	9059
5	4565	4529	4524	9060
5	4536	4523	4483	9061
5	4777	4719	4774	9062
5	4530	4457	4427	9063
5	4567	4531	4493	9064
5	4589	4543	4514	9065
5	4648	4611	4577	9066
5	4626	4584	4537	9067
5	4613	4547	4574	9068
5	4576	4537	4515	9069
5	4560	4518	4559	9070
5	4550	4469	4510	9071
5	4579	4533	4525	9072
5	4547	4481	4501	9073
5	4658	4607	4604	9074
5	4664	4624	4641	9075
5	4584	4502	4537	9076
5	4711	4675	4685	9077
5	4538	4528	4471	9078
5	4538	4471	4499	9079
5	4647	4614	4586	9080
5	4586	4509	4540	9081
5	4586	4551	4509	9082
5	4551	4476	4509	9083
5	4554	4511	4553	9084
5	4609	4587	4541	9085
5	4611	4599	4561	9086
5	4649	4579	4637	9087
5	4543	4538	4499	9088
5	4543	4499	4514	9089
5	4544	4530	4427	9090
5	4544	4427	4474	9091
5	4712	4646	4693	9092
5	4606	4575	4531	9093
5	4607	4540	4495	9094
5	4615	4563	4569	9095
5	4574	4501	4535	9096
5	4880	4848	4845	9097
5	4588	4541	4494	9098
5	4548	4494	4457	9099
5	4621	4566	4543	9100
5	4549	4514	4459	9101
5	4596	4556	4594	9102
5	4590	4519	4560	9103
5	4572	4500	4551	9104
5	4678	4650	4615	9105
5	4552	4550	4510	9106
5	4552	4510	4507	9107
5	4777	4753	4719	9108
5	4592	4554	4591	9109
5	4619	4548	4583	9110
5	4591	4554	4553	9111
5	4651	4576	4618	9112
5	4745	4726	4741	9113
5	4593	4552	4578	9114
5	4632	4545	4595	9115
5	4620	4557	4590	9116
5	4557	4506	4480	9117
5	4579	4525	4542	9118
5	4595	4506	4557	9119
5	4593	4550	4552	9120
5	4594	4556	4550	9121
5	4666	4598	4635	9122
5	4596	4558	4556	9123
5	4562	4512	4466	9124
5	4562	4466	4521	9125
5	4902	4828	4866	9126
5	4677	4636	4640	9127
5	4568	4522	4529	9128
5	4585	4565	4563	9129
5	4564	4552	4507	9130
5	4564	4507	4526	9131
5	4565	4524	4527	9132
5	4565	4527	4505	9133
5	4621	4543	4589	9134
5	4716	4686	4667	9135
5	4681	4645	4610	9136
5	4712	4676	4646	9137
5	4609	4541	4588	9138
5	4625	4582	4624	9139
5	4779	4720	4746	9140
5	4641	4624	4602	9141
5	4624	4570	4602	9142
5	4617	4569	4536	9143
5	4581	4538	4566	9144
5	4604	4495	4539	9145
5	4650	4627	4585	9146
5	4655	4603	4605	9147
5	4574	4535	4573	9148
5	4573	4535	4532	9149
5	4599	4562	4561	9150
5	4763	4734	4689	9151
5	4575	4549	4496	9152
5	4575	4496	4531	9153
5	4638	4612	4584	9154
5	4665	4591	4608	9155
5	4577	4561	4520	9156
5	4577	4520	4547	9157
5	4580	4564	4534	9158
5	4622	4533	4579	9159
5	4630	4578	4623	9160
5	4580	4534	4533	9161
5	4690	4611	4648	9162
5	4622	4580	4533	9163
5	4581	4571	4528	9164
5	4581	4528	4538	9165
5	4732	4663	4703	9166
5	4678	4615	4643	9167
5	4703	4625	4664	9168
5	4701	4641	4661	9169
5	4638	4584	4626	9170
5	4747	4679	4713	9171
5	4615	4585	4563	9172
5	4627	4529	4585	9173
5	4667	4567	4632	9174
5	4693	4646	4621	9175
5	4587	4553	4497	9176
5	4587	4497	4541	9177
5	4713	4679	4654	9178
5	4653	4608	4609	9179
5	4715	4693	4642	9180
5	4776	4742	4709	9181
5	4736	4645	4681	9182
5	4707	4666	4635	9183
5	4704	4653	4696	9184
5	4766	4695	4727	9185
5	4848	4810	4845	9186
5	4713	4654	4675	9187
5	4597	4558	4596	9188
5	4594	4550	4593	9189
5	4662	4580	4622	9190
5	4623	4578	4580	9191
5	4667	4606	4567	9192
5	4595	4545	4506	9193
5	4630	4593	4578	9194
5	4631	4593	4630	9195
5	4709	4672	4671	9196
5	4635	4598	4597	9197
5	4631	4594	4593	9198
5	4633	4596	4594	9199
5	4600	4562	4599	9200
5	4600	4512	4562	9201
5	4633	4594	4631	9202
5	4637	4579	4542	9203
5	4601	4581	4566	9204
5	4676	4601	4646	9205
5	4602	4570	4546	9206
5	4602	4546	4568	9207
5	4698	4655	4682	9208
5	4768	4678	4725	9209
5	4657	4604	4603	9210
5	4650	4585	4615	9211
5	4605	4603	4571	9212
5	4605	4571	4581	9213
5	4628	4549	4575	9214
5	4716	4667	4680	9215
5	4647	4586	4607	9216
5	4646	4601	4566	9217
5	4608	4591	4553	9218
5	4608	4553	4587	9219
5	4717	4650	4678	9220
5	4625	4583	4582	9221
5	4610	4590	4560	9222
5	4610	4560	4598	9223
5	4735	4690	4695	9224
5	4636	4600	4599	9225
5	4612	4573	4532	9226
5	4612	4532	4584	9227
5	4640	4636	4599	9228
5	4719	4644	4683	9229
5	4614	4572	4551	9230
5	4614	4551	4586	9231
5	4660	4617	4572	9232
5	4661	4568	4627	9233
5	4616	4613	4574	9234
5	4616	4574	4573	9235
5	4725	4678	4643	9236
5	4643	4569	4617	9237
5	4618	4576	4555	9238
5	4618	4555	4592	9239
5	4652	4588	4619	9240
5	4683	4644	4612	9241
5	4671	4634	4633	9242
5	4749	4681	4729	9243
5	4676	4639	4601	9244
5	4628	4589	4549	9245
5	4932	4873	4888	9246
5	4742	4672	4709	9247
5	4640	4599	4611	9248
5	4687	4662	4622	9249
5	4775	4724	4740	9250
5	4797	4758	4732	9251
5	4720	4703	4664	9252
5	4643	4615	4569	9253
5	4689	4626	4651	9254
5	4763	4689	4651	9255
5	4663	4583	4625	9256
5	4661	4641	4602	9257
5	4714	4656	4686	9258
5	4680	4632	4620	9259
5	4629	4592	4591	9260
5	4665	4629	4591	9261
5	4803	4728	4761	9262
5	4634	4596	4633	9263
5	4669	4633	4631	9264
5	4635	4597	4634	9265
5	4681	4610	4666	9266
5	4632	4567	4545	9267
5	4672	4634	4671	9268
5	4687	4622	4649	9269
5	4668	4631	4630	9270
5	4730	4670	4692	9271
5	4709	4671	4708	9272
5	4672	4635	4634	9273
5	4637	4600	4636	9274
5	4637	4542	4600	9275
5	4662	4623	4580	9276
5	4680	4667	4632	9277
5	4651	4626	4576	9278
5	4755	4675	4711	9279
5	4639	4605	4601	9280
5	4849	4781	4823	9281
5	4752	4718	4735	9282
5	4814	4777	4774	9283
5	4764	4748	4737	9284
5	4660	4572	4614	9285
5	4642	4621	4589	9286
5	4642	4589	4628	9287
5	4739	4698	4710	9288
5	4684	4617	4660	9289
5	4644	4616	4573	9290
5	4644	4573	4612	9291
5	4645	4620	4590	9292
5	4645	4590	4610	9293
5	4693	4621	4642	9294
5	4849	4829	4781	9295
5	4699	4657	4698	9296
5	4684	4643	4617	9297
5	4722	4662	4687	9298
5	4690	4640	4611	9299
5	4708	4669	4705	9300
5	4723	4649	4673	9301
5	4724	4688	4701	9302
5	4661	4602	4568	9303
5	4794	4713	4755	9304
5	4683	4612	4638	9305
5	4665	4608	4653	9306
5	4653	4609	4652	9307
5	4704	4665	4653	9308
5	4704	4685	4665	9309
5	4654	4618	4592	9310
5	4654	4592	4629	9311
5	4698	4657	4655	9312
5	4658	4604	4657	9313
5	4656	4628	4575	9314
5	4656	4575	4606	9315
5	4748	4721	4737	9316
5	4658	4647	4607	9317
5	4799	4784	4748	9318
5	4829	4756	4781	9319
5	4659	4648	4613	9320
5	4659	4613	4616	9321
5	4757	4684	4721	9322
5	4821	4790	4750	9323
5	4700	4627	4650	9324
5	4700	4661	4627	9325
5	4669	4631	4668	9326
5	4671	4633	4669	9327
5	4702	4619	4663	9328
5	4663	4619	4583	9329
5	4801	4741	4773	9330
5	4664	4625	4624	9331
5	4778	4651	4679	9332
5	4877	4779	4817	9333
5	4729	4666	4707	9334
5	4759	4715	4691	9335
5	4715	4642	4691	9336
5	4714	4691	4656	9337
5	4735	4718	4690	9338
5	4820	4783	4776	9339
5	4761	4718	4752	9340
5	4707	4635	4672	9341
5	4670	4668	4630	9342
5	4670	4630	4623	9343
5	4762	4729	4707	9344
5	4692	4623	4662	9345
5	4731	4708	4705	9346
5	4762	4707	4742	9347
5	4673	4649	4637	9348
5	4673	4637	4636	9349
5	4774	4683	4734	9350
5	4878	4803	4841	9351
5	4675	4654	4629	9352
5	4703	4663	4625	9353
5	4838	4805	4816	9354
5	4836	4795	4744	9355
5	4921	4858	4881	9356
5	4803	4761	4780	9357
5	4732	4702	4663	9358
5	4771	4726	4745	9359
5	4679	4651	4618	9360
5	4679	4618	4654	9361
5	5001	4966	4941	9362
5	4680	4620	4645	9363
5	4765	4686	4716	9364
5	4708	4671	4669	9365
5	4682	4655	4639	9366
5	4733	4682	4639	9367
5	4842	4747	4819	9368
5	4719	4674	4644	9369
5	5058	5001	5021	9370
5	4694	4614	4647	9371
5	4685	4675	4629	9372
5	4685	4629	4665	9373
5	4686	4656	4606	9374
5	4686	4606	4667	9375
5	4692	4670	4623	9376
5	4705	4669	4668	9377
5	4688	4664	4641	9378
5	4757	4721	4748	9379
5	4734	4638	4689	9380
5	4689	4638	4626	9381
5	4766	4735	4695	9382
5	4807	4788	4769	9383
5	4691	4642	4628	9384
5	4691	4628	4656	9385
5	4765	4714	4686	9386
5	4772	4716	4680	9387
5	4733	4639	4676	9388
5	4836	4744	4785	9389
5	4751	4732	4703	9390
5	5133	5060	5082	9391
5	4695	4690	4648	9392
5	4695	4648	4659	9393
5	4696	4653	4652	9394
5	4779	4751	4720	9395
5	4697	4694	4647	9396
5	4697	4647	4658	9397
5	4699	4658	4657	9398
5	4965	4937	4909	9399
5	4790	4733	4750	9400
5	4764	4738	4754	9401
5	4701	4661	4700	9402
5	4701	4688	4641	9403
5	4916	4911	4913	9404
5	4905	4817	4857	9405
5	4702	4696	4652	9406
5	4702	4652	4619	9407
5	4720	4664	4688	9408
5	4809	4746	4724	9409
5	5095	232	5043	9410
5	4981	4951	4975	9411
5	4761	4677	4718	9412
5	4731	4705	4706	9413
5	4706	4705	4668	9414
5	4706	4668	4670	9415
5	4742	4707	4672	9416
5	4729	4681	4666	9417
5	4851	4835	4834	9418
5	4854	4783	4820	9419
5	4807	4767	4788	9420
5	4789	4769	4788	9421
5	4710	4698	4682	9422
5	4770	4682	4733	9423
5	4822	4794	4755	9424
5	5012	4946	4988	9425
5	4885	4816	4865	9426
5	4947	4888	4934	9427
5	4855	4822	4787	9428
5	4794	4747	4713	9429
5	4772	4680	4736	9430
5	4886	4849	4823	9431
5	4756	4712	4693	9432
5	4770	4710	4682	9433
5	4826	4796	4765	9434
5	4749	4736	4681	9435
5	4740	4724	4701	9436
5	4717	4700	4650	9437
5	4718	4677	4640	9438
5	4718	4640	4690	9439
5	4856	4841	4780	9440
5	4864	4791	4824	9441
5	4901	4813	4837	9442
5	4751	4703	4720	9443
5	4721	4684	4660	9444
5	4721	4660	4694	9445
5	4730	4706	4670	9446
5	4722	4692	4662	9447
5	4723	4722	4687	9448
5	4723	4687	4649	9449
5	4740	4700	4717	9450
5	4725	4643	4684	9451
5	4740	4701	4700	9452
5	4818	4784	4799	9453
5	4726	4711	4685	9454
5	4726	4685	4704	9455
5	4727	4695	4659	9456
5	4727	4659	4674	9457
5	4728	4723	4673	9458
5	4728	4673	4677	9459
5	4783	4742	4776	9460
5	4736	4680	4645	9461
5	4743	4708	4731	9462
5	4731	4706	4730	9463
5	4858	4793	4835	9464
5	4793	4776	4743	9465
5	4758	4702	4732	9466
5	4850	4846	4812	9467
5	4756	4693	4715	9468
5	4785	4710	4770	9469
5	4774	4719	4683	9470
5	4734	4683	4638	9471
5	4791	4735	4766	9472
5	4883	4864	4824	9473
5	4806	4716	4772	9474
5	4879	4806	4843	9475
5	4737	4721	4694	9476
5	4737	4694	4697	9477
5	4738	4737	4697	9478
5	4738	4697	4699	9479
5	4739	4738	4699	9480
5	4739	4699	4698	9481
5	4799	4748	4764	9482
5	4757	4725	4684	9483
5	4741	4726	4704	9484
5	4741	4704	4696	9485
5	4793	4743	4760	9486
5	4767	4723	4728	9487
5	4776	4709	4743	9488
5	4743	4709	4708	9489
5	4744	4739	4710	9490
5	4785	4744	4710	9491
5	4773	4741	4696	9492
5	4859	4785	4815	9493
5	4746	4720	4688	9494
5	4746	4688	4724	9495
5	4833	4763	4778	9496
5	4755	4713	4675	9497
5	4754	4738	4739	9498
5	4805	4754	4795	9499
5	4811	4736	4749	9500
5	4806	4765	4716	9501
5	4750	4733	4676	9502
5	4750	4676	4712	9503
5	4758	4696	4702	9504
5	4801	4745	4741	9505
5	4778	4679	4747	9506
5	4875	4842	4870	9507
5	4753	4727	4674	9508
5	4753	4674	4719	9509
5	4764	4737	4738	9510
5	4890	4853	4818	9511
5	4771	4711	4726	9512
5	4982	4959	4919	9513
5	5128	5067	5084	9514
5	4759	4691	4714	9515
5	4800	4775	4786	9516
5	4768	4717	4678	9517
5	4773	4696	4758	9518
5	4845	4810	4745	9519
5	4914	4897	4849	9520
5	4821	4750	4782	9521
5	4760	4743	4731	9522
5	4789	4730	4769	9523
5	4803	4767	4728	9524
5	4761	4728	4677	9525
5	4820	4776	4793	9526
5	4918	4889	4896	9527
5	4804	4774	4734	9528
5	4798	4727	4753	9529
5	4923	4867	4908	9530
5	4784	4757	4748	9531
5	4904	4827	4863	9532
5	4915	4852	4882	9533
5	4804	4734	4763	9534
5	4828	4753	4777	9535
5	4791	4752	4735	9536
5	4807	4723	4767	9537
5	4808	4725	4757	9538
5	4892	4857	4825	9539
5	4769	4730	4692	9540
5	4769	4692	4722	9541
5	4790	4770	4733	9542
5	4903	4879	4843	9543
5	4855	4787	4830	9544
5	5078	5043	232	9545
5	4826	4765	4806	9546
5	4831	4762	4783	9547
5	4797	4732	4751	9548
5	4812	4758	4797	9549
5	4978	4939	4902	9550
5	4814	4774	4804	9551
5	4825	4809	4775	9552
5	4809	4724	4775	9553
5	4783	4762	4742	9554
5	4835	4793	4760	9555
5	4798	4766	4727	9556
5	4864	4832	4791	9557
5	4833	4804	4763	9558
5	4778	4763	4651	9559
5	4850	4812	4813	9560
5	4837	4751	4779	9561
5	4780	4761	4752	9562
5	5000	4958	4940	9563
5	4781	4756	4715	9564
5	4781	4715	4759	9565
5	4782	4750	4712	9566
5	4782	4712	4756	9567
5	4941	4904	4863	9568
5	4992	4922	4963	9569
5	4786	4717	4768	9570
5	4808	4768	4725	9571
5	4829	4782	4756	9572
5	4872	4825	4775	9573
5	4786	4775	4740	9574
5	4786	4740	4717	9575
5	4787	4755	4711	9576
5	4787	4711	4771	9577
5	4802	4760	4731	9578
5	4789	4731	4730	9579
5	4802	4731	4789	9580
5	4834	4760	4802	9581
5	5028	4950	4993	9582
5	4873	4790	4821	9583
5	4891	4841	4856	9584
5	4866	4777	4814	9585
5	4792	4749	4729	9586
5	4792	4729	4762	9587
5	4835	4760	4834	9588
5	4827	4811	4749	9589
5	4847	4794	4822	9590
5	4948	4898	4937	9591
5	4795	4754	4744	9592
5	4865	4795	4836	9593
5	4796	4759	4714	9594
5	4796	4714	4765	9595
5	4890	4818	4867	9596
5	5062	5013	5008	9597
5	4982	4919	4956	9598
5	4828	4798	4753	9599
5	4865	4816	4795	9600
5	4867	4818	4838	9601
5	4800	4786	4768	9602
5	4808	4800	4768	9603
5	4906	4865	4836	9604
5	4845	4745	4801	9605
5	4839	4789	4788	9606
5	4966	4904	4941	9607
5	4922	4854	4893	9608
5	4840	4767	4803	9609
5	4871	4804	4833	9610
5	4871	4814	4804	9611
5	4805	4799	4764	9612
5	4805	4764	4754	9613
5	4811	4772	4736	9614
5	4914	4849	4886	9615
5	4807	4769	4722	9616
5	4807	4722	4723	9617
5	4808	4757	4784	9618
5	4844	4808	4784	9619
5	4924	4882	4879	9620
5	4837	4797	4751	9621
5	4810	4771	4745	9622
5	4905	4877	4817	9623
5	4831	4792	4762	9624
5	4895	4831	4854	9625
5	4846	4773	4812	9626
5	4812	4773	4758	9627
5	4813	4812	4797	9628
5	4837	4813	4797	9629
5	4998	4925	4972	9630
5	4894	4856	4832	9631
5	4815	4785	4770	9632
5	4815	4770	4790	9633
5	4816	4805	4795	9634
5	5069	4984	5011	9635
5	4817	4779	4746	9636
5	4817	4746	4809	9637
5	4913	4853	4890	9638
5	4933	4880	4899	9639
5	4819	4747	4794	9640
5	4822	4755	4787	9641
5	4854	4831	4783	9642
5	4843	4772	4811	9643
5	4873	4815	4790	9644
5	4906	4836	4859	9645
5	4847	4819	4794	9646
5	4972	4925	4898	9647
5	4823	4781	4759	9648
5	4823	4759	4796	9649
5	4824	4791	4766	9650
5	4824	4766	4798	9651
5	4916	4913	4890	9652
5	4857	4817	4809	9653
5	4958	4903	4940	9654
5	4827	4749	4792	9655
5	4903	4843	4874	9656
5	4904	4874	4827	9657
5	5076	5025	5071	9658
5	4972	4898	4948	9659
5	4879	4826	4806	9660
5	5047	5004	5017	9661
5	4830	4787	4771	9662
5	4830	4771	4810	9663
5	4895	4863	4831	9664
5	4858	4820	4793	9665
5	4832	4780	4752	9666
5	4832	4752	4791	9667
5	4866	4828	4777	9668
5	4925	4871	4875	9669
5	4876	4788	4840	9670
5	4840	4788	4767	9671
5	4856	4780	4832	9672
5	4928	4841	4891	9673
5	4859	4836	4785	9674
5	4897	4829	4849	9675
5	4951	4933	4938	9676
5	4877	4837	4779	9677
5	4838	4818	4799	9678
5	4838	4799	4805	9679
5	4839	4834	4802	9680
5	4839	4802	4789	9681
5	5143	5129	5081	9682
5	4921	4893	4858	9683
5	5044	4992	5024	9684
5	4841	4803	4780	9685
5	4842	4833	4778	9686
5	4842	4778	4747	9687
5	4886	4823	4852	9688
5	4843	4806	4772	9689
5	4997	4914	4954	9690
5	4844	4800	4808	9691
5	5144	5104	5115	9692
5	4861	4810	4848	9693
5	4899	4801	4846	9694
5	4846	4801	4773	9695
5	5077	5057	5014	9696
5	4925	4875	4898	9697
5	5037	4957	4994	9698
5	4942	4907	4848	9699
5	4941	4863	4895	9700
5	5004	4932	4947	9701
5	4901	4837	4877	9702
5	4857	4809	4825	9703
5	4939	4860	4902	9704
5	5060	5015	4996	9705
5	4852	4823	4796	9706
5	4852	4796	4826	9707
5	4853	4844	4784	9708
5	4853	4784	4818	9709
5	4958	4924	4903	9710
5	4924	4879	4903	9711
5	4861	4830	4810	9712
5	5078	232	233	9713
5	4960	4920	4889	9714
5	5015	4983	4960	9715
5	4976	4905	4929	9716
5	4929	4857	4892	9717
5	4960	4889	4918	9718
5	4889	4851	4869	9719
5	5006	4935	4976	9720
5	5047	5018	5004	9721
5	4860	4824	4798	9722
5	4860	4798	4828	9723
5	5117	233	234	9724
5	4961	4880	4933	9725
5	4862	4821	4782	9726
5	4862	4782	4829	9727
5	4863	4827	4792	9728
5	4863	4792	4831	9729
5	5005	4948	4937	9730
5	4883	4824	4860	9731
5	4932	4900	4873	9732
5	4923	4890	4867	9733
5	4910	4866	4814	9734
5	4996	4918	4974	9735
5	4885	4868	4816	9736
5	4908	4867	4868	9737
5	4868	4867	4838	9738
5	4868	4838	4816	9739
5	4869	4851	4834	9740
5	4869	4834	4839	9741
5	4870	4842	4819	9742
5	4909	4819	4847	9743
5	4937	4898	4870	9744
5	4910	4814	4871	9745
5	4872	4775	4800	9746
5	5017	4947	4984	9747
5	4897	4862	4829	9748
5	4954	4914	4886	9749
5	4874	4843	4811	9750
5	4874	4811	4827	9751
5	4875	4871	4833	9752
5	4875	4833	4842	9753
5	4876	4869	4839	9754
5	4876	4839	4788	9755
5	4987	4971	4977	9756
5	4929	4905	4857	9757
5	4928	4912	4878	9758
5	4878	4840	4803	9759
5	4872	4800	4844	9760
5	4913	4844	4853	9761
5	4988	4946	4957	9762
5	4899	4846	4850	9763
5	4881	4858	4835	9764
5	4881	4835	4851	9765
5	4882	4852	4826	9766
5	4882	4826	4879	9767
5	5042	4972	5009	9768
5	4894	4832	4864	9769
5	4884	4847	4822	9770
5	4884	4822	4855	9771
5	5093	5047	5017	9772
5	5079	5050	5016	9773
5	4915	4886	4852	9774
5	4934	4888	4862	9775
5	4887	4855	4830	9776
5	4887	4830	4861	9777
5	4888	4873	4821	9778
5	4888	4821	4862	9779
5	4928	4878	4841	9780
5	5163	5120	5160	9781
5	5080	5063	5028	9782
5	4975	4901	4935	9783
5	4912	4840	4878	9784
5	5106	5066	5073	9785
5	5038	4971	4987	9786
5	5080	5028	5050	9787
5	4893	4854	4820	9788
5	4893	4820	4858	9789
5	4936	4864	4883	9790
5	4936	4894	4864	9791
5	5044	5021	4992	9792
5	4922	4895	4854	9793
5	4896	4889	4869	9794
5	4896	4869	4876	9795
5	5090	5011	5053	9796
5	4964	4934	4897	9797
5	4898	4875	4870	9798
5	4965	4909	4917	9799
5	4899	4880	4845	9800
5	4899	4845	4801	9801
5	4900	4859	4815	9802
5	4900	4815	4873	9803
5	4938	4850	4901	9804
5	4901	4850	4813	9805
5	4944	4866	4910	9806
5	4902	4860	4828	9807
5	4940	4903	4874	9808
5	5031	4966	5001	9809
5	4940	4874	4904	9810
5	4967	4895	4922	9811
5	5022	4968	4995	9812
5	4916	4892	4911	9813
5	5156	215	216	9814
5	5050	5028	4993	9815
5	4907	4861	4848	9816
5	4942	4848	4880	9817
5	4943	4908	4868	9818
5	4943	4868	4885	9819
5	4937	4870	4909	9820
5	5046	4980	5012	9821
5	5200	5143	5176	9822
5	4944	4910	4925	9823
5	4911	4892	4825	9824
5	4911	4825	4872	9825
5	4912	4896	4876	9826
5	4912	4876	4840	9827
5	4913	4911	4872	9828
5	4913	4872	4844	9829
5	5035	4997	4954	9830
5	4934	4862	4897	9831
5	5007	4924	4958	9832
5	4964	4897	4914	9833
5	4994	4942	4961	9834
5	4990	4929	4973	9835
5	4917	4909	4847	9836
5	4917	4847	4884	9837
5	4939	4883	4860	9838
5	4952	4891	4927	9839
5	4919	4884	4855	9840
5	4919	4855	4887	9841
5	4920	4881	4851	9842
5	4920	4851	4889	9843
5	5143	5081	5133	9844
5	5082	5060	5026	9845
5	4966	4940	4904	9846
5	5052	5024	4991	9847
5	4995	4968	4923	9848
5	4995	4923	4971	9849
5	4967	4941	4895	9850
5	5103	5010	5056	9851
5	5054	5039	5042	9852
5	4925	4910	4871	9853
5	4926	4885	4865	9854
5	4926	4865	4906	9855
5	4927	4891	4856	9856
5	4927	4856	4894	9857
5	4928	4896	4912	9858
5	5070	5054	5009	9859
5	4973	4892	4916	9860
5	4935	4877	4905	9861
5	4930	4906	4859	9862
5	4930	4859	4900	9863
5	4931	4887	4861	9864
5	4931	4861	4907	9865
5	5170	5153	5124	9866
5	4928	4918	4896	9867
5	4961	4942	4880	9868
5	4935	4901	4877	9869
5	4997	4964	4914	9870
5	4947	4932	4888	9871
5	4976	4935	4905	9872
5	4973	4929	4892	9873
5	4974	4891	4952	9874
5	5026	4974	4952	9875
5	5013	4965	5008	9876
5	5039	4985	4978	9877
5	4938	4933	4899	9878
5	4938	4899	4850	9879
5	5102	5054	5100	9880
5	5034	4970	4985	9881
5	5101	5021	5044	9882
5	5114	5084	5059	9883
5	5001	4941	4967	9884
5	4996	4960	4918	9885
5	5012	4980	4946	9886
5	5032	4961	5003	9887
5	5002	4943	4950	9888
5	5022	4916	4968	9889
5	4978	4902	4944	9890
5	4944	4902	4866	9891
5	4945	4915	4882	9892
5	4945	4882	4924	9893
5	4946	4931	4907	9894
5	5003	4933	4951	9895
5	5028	5002	4950	9896
5	5004	4962	4932	9897
5	5005	4937	4965	9898
5	5111	5077	235	9899
5	4949	4927	4894	9900
5	4949	4894	4936	9901
5	4950	4943	4885	9902
5	4950	4885	4926	9903
5	5091	5033	5066	9904
5	5006	4981	4975	9905
5	5026	4996	4974	9906
5	5055	5034	4985	9907
5	4953	4921	4881	9908
5	4953	4881	4920	9909
5	4979	4915	4945	9910
5	4979	4955	4915	9911
5	4955	4954	4886	9912
5	4955	4886	4915	9913
5	4956	4919	4887	9914
5	4956	4887	4931	9915
5	4957	4946	4907	9916
5	4957	4907	4942	9917
5	5085	5031	5058	9918
5	5067	4979	5030	9919
5	4959	4917	4884	9920
5	4959	4884	4919	9921
5	5060	4996	5026	9922
5	5031	5000	4966	9923
5	5141	5061	5105	9924
5	5003	4961	4933	9925
5	4962	4930	4900	9926
5	4962	4900	4932	9927
5	4963	4922	4893	9928
5	4963	4893	4921	9929
5	5175	212	213	9930
5	5132	5069	5090	9931
5	5171	239	5148	9932
5	5040	4948	5005	9933
5	5000	4940	4966	9934
5	5059	5030	5007	9935
5	5024	4963	4991	9936
5	4992	4967	4922	9937
5	4968	4916	4890	9938
5	4968	4890	4923	9939
5	4969	4926	4906	9940
5	4969	4906	4930	9941
5	4970	4936	4883	9942
5	4970	4883	4939	9943
5	4971	4923	4908	9944
5	5097	5019	5049	9945
5	4998	4944	4925	9946
5	5144	5116	5104	9947
5	5006	4975	4935	9948
5	5049	5019	5022	9949
5	4974	4918	4928	9950
5	4974	4928	4891	9951
5	4975	4951	4938	9952
5	4975	4938	4901	9953
5	5187	243	5160	9954
5	5033	4981	5006	9955
5	4977	4971	4908	9956
5	4977	4908	4943	9957
5	5086	5070	5040	9958
5	5034	4999	4970	9959
5	5035	4954	5027	9960
5	5059	5007	5010	9961
5	4980	4956	4931	9962
5	4980	4931	4946	9963
5	4990	4976	4929	9964
5	5065	4981	5033	9965
5	5111	5057	5077	9966
5	5057	5036	4982	9967
5	4983	4953	4920	9968
5	4983	4920	4960	9969
5	4984	4947	4934	9970
5	4984	4934	4964	9971
5	4985	4970	4939	9972
5	4985	4939	4978	9973
5	4986	4952	4927	9974
5	4986	4927	4949	9975
5	5002	4977	4943	9976
5	5050	4993	5016	9977
5	5105	5029	5065	9978
5	5037	4988	4957	9979
5	4989	4969	4930	9980
5	4989	4930	4962	9981
5	5065	5029	4981	9982
5	5066	5033	5041	9983
5	4991	4963	4921	9984
5	4991	4921	4953	9985
5	5025	4953	4983	9986
5	5071	4983	5015	9987
5	4993	4950	4926	9988
5	4993	4926	4969	9989
5	5204	213	214	9990
5	4994	4957	4942	9991
5	5038	4995	4971	9992
5	5070	5009	5040	9993
5	5015	4960	4996	9994
5	5026	4952	4986	9995
5	5017	5004	4947	9996
5	5172	5156	216	9997
5	5039	4978	4998	9998
5	4998	4978	4944	9999
5	4999	4949	4936	10000
5	4999	4936	4970	10001
5	5108	5074	5027	10002
5	5007	4945	4924	10003
5	5024	4992	4963	10004
5	5225	5200	5218	10005
5	5068	4987	5020	10006
5	5150	5079	5110	10007
5	5032	4994	4961	10008
5	5094	4994	5032	10009
5	5069	5017	4984	10010
5	5090	5069	5011	10011
5	5013	5005	4965	10012
5	5040	5009	4948	10013
5	5041	4976	4990	10014
5	5091	5065	5033	10015
5	5112	5099	5074	10016
5	5056	5000	5031	10017
5	5008	4965	4917	10018
5	5008	4917	4959	10019
5	5055	4985	5039	10020
5	5009	4972	4948	10021
5	5010	5007	4958	10022
5	5010	4958	5000	10023
5	5011	4984	4964	10024
5	5011	4964	4997	10025
5	5014	4982	4956	10026
5	5014	4956	4980	10027
5	5221	5203	245	10028
5	5116	5064	5104	10029
5	5117	5078	233	10030
5	5077	5014	5046	10031
5	5118	5044	5089	10032
5	5025	4991	4953	10033
5	5016	4993	4969	10034
5	5016	4969	4989	10035
5	5142	5135	5093	10036
5	5175	5142	5132	10037
5	5018	4989	4962	10038
5	5018	4962	5004	10039
5	5019	4990	4973	10040
5	5073	4990	5019	10041
5	5020	4987	4977	10042
5	5020	4977	5002	10043
5	5021	5001	4967	10044
5	5021	4967	4992	10045
5	5022	5019	4973	10046
5	5022	4973	4916	10047
5	5023	4986	4949	10048
5	5023	4949	4999	10049
5	5188	5119	5154	10050
5	5056	5010	5000	10051
5	5071	5025	4983	10052
5	5052	4991	5025	10053
5	5120	5083	5102	10054
5	5082	5026	5045	10055
5	5027	4954	4955	10056
5	5027	4955	4979	10057
5	5079	5016	5048	10058
5	5216	228	5179	10059
5	5029	5003	4951	10060
5	5029	4951	4981	10061
5	5030	4979	4945	10062
5	5030	4945	5007	10063
5	5081	5015	5060	10064
5	5058	5031	5001	10065
5	5121	5088	5094	10066
5	5095	5043	5072	10067
5	5198	222	5194	10068
5	5123	5091	5066	10069
5	5126	5051	5083	10070
5	5173	5145	5163	10071
5	5125	5053	5099	10072
5	5125	5090	5053	10073
5	5036	5008	4959	10074
5	5036	4959	4982	10075
5	5136	231	5095	10076
5	5204	5175	213	10077
5	5075	5038	4987	10078
5	5049	4995	5038	10079
5	5126	5098	5051	10080
5	5055	5039	5054	10081
5	5102	5055	5054	10082
5	5100	5054	5070	10083
5	5041	5033	5006	10084
5	5041	5006	4976	10085
5	5042	5039	4998	10086
5	5042	4998	4972	10087
5	5043	5012	4988	10088
5	5095	231	232	10089
5	5119	5085	5058	10090
5	5169	5085	5119	10091
5	5045	5026	4986	10092
5	5045	4986	5023	10093
5	5057	4982	5014	10094
5	5046	5014	4980	10095
5	5172	5150	5110	10096
5	5127	5050	5079	10097
5	5048	5016	4989	10098
5	5048	4989	5018	10099
5	5182	209	210	10100
5	5181	5161	5167	10101
5	5127	5080	5050	10102
5	5172	5110	5156	10103
5	5051	5023	4999	10104
5	5051	4999	5034	10105
5	5076	5052	5025	10106
5	5118	5101	5044	10107
5	5053	5011	4997	10108
5	5053	4997	5035	10109
5	5054	5042	5009	10110
5	5086	5040	5064	10111
5	5163	5126	5120	10112
5	5193	243	244	10113
5	5067	5027	4979	10114
5	5103	5059	5010	10115
5	5133	5081	5060	10116
5	5062	5008	5036	10117
5	5085	5056	5031	10118
5	5199	5146	5190	10119
5	5101	5058	5021	10120
5	5149	5125	5099	10121
5	5212	5170	5201	10122
5	5218	5200	5176	10123
5	5061	5032	5003	10124
5	5061	5003	5029	10125
5	5115	5062	5087	10126
5	5115	5104	5062	10127
5	5063	5020	5002	10128
5	5063	5002	5028	10129
5	5064	5040	5005	10130
5	5064	5005	5013	10131
5	5094	5032	5061	10132
5	5130	5065	5091	10133
5	5164	5131	5107	10134
5	5049	5022	4995	10135
5	5108	5027	5067	10136
5	5215	209	5162	10137
5	5137	5063	5080	10138
5	5131	5068	5107	10139
5	5132	5093	5069	10140
5	5175	5132	5155	10141
5	5075	4987	5068	10142
5	5106	5073	5097	10143
5	5196	5176	5153	10144
5	5081	5071	5015	10145
5	5072	5043	4988	10146
5	5072	4988	5037	10147
5	5073	5066	5041	10148
5	5073	5041	4990	10149
5	5074	5035	5027	10150
5	5206	5162	5128	10151
5	5097	5073	5019	10152
5	5122	5075	5096	10153
5	5089	5044	5024	10154
5	5089	5024	5052	10155
5	5117	5046	5078	10156
5	5077	234	235	10157
5	5078	5046	5012	10158
5	5078	5012	5043	10159
5	5150	5127	5079	10160
5	5151	5137	5080	10161
5	5151	5080	5127	10162
5	5131	5096	5068	10163
5	5176	5143	5133	10164
5	5152	5113	5076	10165
5	5168	5139	5100	10166
5	5227	5218	5196	10167
5	5083	5051	5034	10168
5	5083	5034	5055	10169
5	5084	5067	5030	10170
5	5084	5030	5059	10171
5	5157	5114	5103	10172
5	5114	5059	5103	10173
5	5138	5070	5086	10174
5	5102	5083	5055	10175
5	5087	5062	5036	10176
5	5087	5036	5057	10177
5	5088	5072	5037	10178
5	5136	5095	5072	10179
5	5213	5190	5210	10180
5	5196	5153	5170	10181
5	5202	5157	5195	10182
5	5093	5017	5069	10183
5	5185	5165	5123	10184
5	5130	5105	5065	10185
5	5092	5048	5018	10186
5	5092	5018	5047	10187
5	5156	5110	5092	10188
5	5142	5093	5132	10189
5	5094	5088	5037	10190
5	5094	5037	4994	10191
5	5136	5072	5088	10192
5	5136	230	231	10193
5	5096	5075	5068	10194
5	5137	5107	5063	10195
5	5109	5038	5075	10196
5	5123	5066	5106	10197
5	5098	5045	5023	10198
5	5098	5023	5051	10199
5	5099	5053	5035	10200
5	5099	5035	5074	10201
5	5148	5086	5116	10202
5	5178	5135	5142	10203
5	5226	203	204	10204
5	5119	5058	5101	10205
5	5163	5145	5126	10206
5	5126	5083	5120	10207
5	5157	5103	5140	10208
5	5128	5108	5067	10209
5	5104	5064	5013	10210
5	5104	5013	5062	10211
5	5158	5141	5105	10212
5	5105	5061	5029	10213
5	5134	5106	5097	10214
5	5122	5109	5075	10215
NPOIN= 5233
9.997500181200000e-01	-3.632992137441646e-05	0
9.990000128750000e-01	-1.453141166369706e-04	1
9.977599978450000e-01	-3.257730902026002e-04	2
9.960200190539999e-01	-5.805710762012425e-04	3
9.937800168990000e-01	-9.133370209275755e-04	4
9.910500049590000e-01	-1.328985200024242e-03	5
9.878399968150000e-01	-1.834474241897159e-03	6
9.841300249100000e-01	-2.441467631354340e-03	7
9.799500107769999e-01	-3.149906605450299e-03	8
9.752799868580000e-01	-3.960822319621241e-03	9
9.701499938960000e-01	-4.858087192380409e-03	10
9.645400047300000e-01	-5.827577960040056e-03	11
9.584699869160000e-01	-6.846419663445007e-03	12
9.519400000570000e-01	-7.899196109171468e-03	13
9.449599981310000e-01	-8.976889371821178e-03	14
9.375399947170000e-01	-1.007923680894491e-02	15
9.296900033950000e-01	-1.121217286595795e-02	16
9.214000105860000e-01	-1.238660986209630e-02	17
9.126999974250000e-01	-1.360638699019173e-02	18
9.035800099370001e-01	-1.487766915205338e-02	19
8.940600156780000e-01	-1.619885481852206e-02	20
8.841500282290000e-01	-1.756705629308013e-02	21
8.738499879840000e-01	-1.897931207158857e-02	22
8.631799817090000e-01	-2.042945767727163e-02	23
8.521599769590000e-01	-2.191154656903341e-02	24
8.407700061800000e-01	-2.342528832608034e-02	25
8.290500044819999e-01	-2.496259402962385e-02	26
8.170099854470000e-01	-2.651943608290814e-02	27
8.046399950980000e-01	-2.809412939567660e-02	28
7.919700145720000e-01	-2.967955613664924e-02	29
7.790099978450000e-01	-3.127086201063715e-02	30
7.657799720760000e-01	-3.286167390722753e-02	31
7.522799968720000e-01	-3.444779906372076e-02	32
7.385200262070000e-01	-3.602366002028289e-02	33
7.245299816130000e-01	-3.758143483082339e-02	34
7.103199958800001e-01	-3.911573170358542e-02	35
6.958900094030001e-01	-4.062237930652679e-02	36
6.812700033190000e-01	-4.209434764858998e-02	37
6.664699912070000e-01	-4.352714614094925e-02	38
6.514999866490000e-01	-4.491669586879735e-02	39
6.363800168040000e-01	-4.625851028194793e-02	40
6.211299896240000e-01	-4.754877362100118e-02	41
6.057599782940000e-01	-4.878512010163714e-02	42
5.902799963950000e-01	-4.996570345655647e-02	43
5.747100114820000e-01	-5.108847732442504e-02	44
5.590599775310000e-01	-5.215268488560126e-02	45
5.433599948880000e-01	-5.315673903445175e-02	46
5.276100039480000e-01	-5.410148120483070e-02	47
5.118399858470000e-01	-5.498625702017727e-02	48
4.960500001910000e-01	-5.581243984955581e-02	49
4.802699983120000e-01	-5.657998917949938e-02	50
4.645099937920000e-01	-5.729006702952928e-02	51
4.487800002100000e-01	-5.794380228064032e-02	52
4.331099987030000e-01	-5.854148618996150e-02	53
4.174999892710000e-01	-5.908448620242367e-02	54
4.019699990750000e-01	-5.957318481609380e-02	55
3.865399956700000e-01	-6.000778444303480e-02	56
3.712300062180000e-01	-6.038825154626581e-02	57
3.560400009160000e-01	-6.071467661362746e-02	58
3.409900069240000e-01	-6.098624555234268e-02	59
3.261100053790000e-01	-6.120169464898341e-02	60
3.113999962810000e-01	-6.135985071566114e-02	61
2.968699932100000e-01	-6.145886861788317e-02	62
2.825500071050000e-01	-6.149642142468349e-02	63
2.684499919410000e-01	-6.147000303600788e-02	64
2.545700073240000e-01	-6.137660324410483e-02	65
2.409400045870000e-01	-6.121304918541005e-02	66
2.275699973110000e-01	-6.097584411757173e-02	67
2.144699990750000e-01	-6.066119558263020e-02	68
2.016600072380000e-01	-6.026539909501833e-02	69
1.891400069000000e-01	-5.978399849545153e-02	70
1.769299954180000e-01	-5.921308253606884e-02	71
1.650400012730000e-01	-5.854838188234623e-02	72
1.534900069240000e-01	-5.778630044228032e-02	73
1.422899961470000e-01	-5.692288700852668e-02	74
1.314399987460000e-01	-5.595336405584073e-02	75
1.209499984980000e-01	-5.487367313063995e-02	76
1.108499988910000e-01	-5.368244173413931e-02	77
1.011300012470000e-01	-5.237417203588006e-02	78
9.181000292300000e-02	-5.094720108282499e-02	79
8.290000259900000e-02	-4.939923545051917e-02	80
7.440000027400000e-02	-4.772646198389427e-02	81
6.633000075800000e-02	-4.592940528040858e-02	82
5.869000032500000e-02	-4.400511796462768e-02	83
5.149000138000000e-02	-4.195331937301153e-02	84
4.473999887700000e-02	-3.977474765116781e-02	85
3.844000026600000e-02	-3.746754769846780e-02	86
3.260000050100000e-02	-3.503384874303385e-02	87
2.723000012300000e-02	-3.247753109600458e-02	88
2.232000045500000e-02	-2.979315719259971e-02	89
1.789999939500000e-02	-2.699851455568435e-02	90
1.394999958600000e-02	-2.408338667026305e-02	91
1.049000024800000e-02	-2.106534953155556e-02	92
7.519999985000000e-03	-1.795171543803615e-02	93
5.040000193000000e-03	-1.475160624817388e-02	94
3.049999941000000e-03	-1.147606716317852e-02	95
1.560000004000000e-03	-8.163315331652193e-03	96
5.600000150000000e-04	-4.819379547845101e-03	97
5.999999800000000e-05	-1.518472071321352e-03	98
0.000000000000000e+00	0.000000000000000e+00	99
5.999999800000000e-05	1.428529262118175e-03	100
5.600000150000000e-04	4.416842852963120e-03	101
1.560000004000000e-03	7.400306315082224e-03	102
3.049999941000000e-03	1.035681057266958e-02	103
5.040000193000000e-03	1.330496440164040e-02	104
7.519999985000000e-03	1.622651604657724e-02	105
1.049000024800000e-02	1.912282904217311e-02	106
1.394999958600000e-02	2.199390124350658e-02	107
1.789999939500000e-02	2.483900981146878e-02	108
2.232000045500000e-02	2.764486902849585e-02	109
2.723000012300000e-02	3.042404334272449e-02	110
3.260000050100000e-02	3.315886677775692e-02	111
3.844000026600000e-02	3.585414425903103e-02	112
4.473999887700000e-02	3.850350406513059e-02	113
5.149000138000000e-02	4.110092804088107e-02	114
5.869000032500000e-02	4.364387982441785e-02	115
6.633000075800000e-02	4.612559473083695e-02	116
7.440000027400000e-02	4.853934239345428e-02	117
8.290000259900000e-02	5.088100920406265e-02	118
9.181000292300000e-02	5.314071814808312e-02	119
1.011300012470000e-01	5.531388987913134e-02	120
1.108499988910000e-01	5.739312450622674e-02	121
1.209499984980000e-01	5.936922802051851e-02	122
1.314399987460000e-01	6.123889591576069e-02	123
1.422899961470000e-01	6.299149925796986e-02	124
1.534900069240000e-01	6.462068808837175e-02	125
1.650400012730000e-01	6.612158162948234e-02	126
1.769299954180000e-01	6.748796015049750e-02	127
1.891400069000000e-01	6.871308843727859e-02	128
2.016600072380000e-01	6.979206087449959e-02	129
2.144699990750000e-01	7.071984296107836e-02	130
2.275699973110000e-01	7.149356657826560e-02	131
2.409400045870000e-01	7.210968120259426e-02	132
2.545700073240000e-01	7.256610883838582e-02	133
2.684499919410000e-01	7.286150194774443e-02	134
2.825500071050000e-01	7.299521178077460e-02	135
2.968699932100000e-01	7.296806708700798e-02	136
3.113999962810000e-01	7.278143317856706e-02	137
3.261100053790000e-01	7.243807033919344e-02	138
3.409900069240000e-01	7.194159351369174e-02	139
3.560400009160000e-01	7.129591711824537e-02	140
3.712300062180000e-01	7.050705132128543e-02	141
3.865399956700000e-01	6.958178916494659e-02	142
4.019699990750000e-01	6.852645095678150e-02	143
4.174999892710000e-01	6.734924771467481e-02	144
4.331099987030000e-01	6.605920996019628e-02	145
4.487800002100000e-01	6.466607187581770e-02	146
4.645099937920000e-01	6.317818512189333e-02	147
4.802699983120000e-01	6.160699721846045e-02	148
4.960500001910000e-01	5.996234459094081e-02	149
5.118399858470000e-01	5.825407173410919e-02	150
5.276100039480000e-01	5.649418829513566e-02	151
5.433599948880000e-01	5.469126296511050e-02	152
5.590599775310000e-01	5.285695766229474e-02	153
5.747100114820000e-01	5.099906415413991e-02	154
5.902799963950000e-01	4.912841345852077e-02	155
6.057599782940000e-01	4.725285118279363e-02	156
6.211299896240000e-01	4.538073120826635e-02	157
6.363800168040000e-01	4.351843705978153e-02	158
6.514999866490000e-01	4.167154984075125e-02	159
6.664699912070000e-01	3.984602527716612e-02	160
6.812700033190000e-01	3.804699527573955e-02	161
6.958900094030001e-01	3.627755316234455e-02	162
7.103199958800001e-01	3.454002367068241e-02	163
7.245299816130000e-01	3.283841001250495e-02	164
7.385200262070000e-01	3.117246765311674e-02	165
7.522799968720000e-01	2.954265095602708e-02	166
7.657799720760000e-01	2.795131732106928e-02	167
7.790099978450000e-01	2.639814155799267e-02	168
7.919700145720000e-01	2.488146659692259e-02	169
8.046399950980000e-01	2.340191313677485e-02	170
8.170099854470000e-01	2.195895248726931e-02	171
8.290500044819999e-01	2.055448530315325e-02	172
8.407700061800000e-01	1.918585102640084e-02	173
8.521599769590000e-01	1.785273956168466e-02	174
8.631799817090000e-01	1.655825335283615e-02	175
8.738499879840000e-01	1.529823559865550e-02	176
8.841500282290000e-01	1.407293639434816e-02	177
8.940600156780000e-01	1.288259049327648e-02	178
9.035800099370001e-01	1.172555837535809e-02	179
9.126999974250000e-01	1.060291693385212e-02	180
9.214000105860000e-01	9.519690873659425e-03	181
9.296900033950000e-01	8.480706123599822e-03	182
9.375399947170000e-01	7.499066130062354e-03	183
9.449599981310000e-01	6.584335586900386e-03	184
9.519400000570000e-01	5.746774846429010e-03	185
9.584699869160000e-01	4.991060597229047e-03	186
9.645400047300000e-01	4.313857360590066e-03	187
9.701499938960000e-01	3.703294233057675e-03	188
9.752799868580000e-01	3.145931488821477e-03	189
9.799500107769999e-01	2.625527478217008e-03	190
9.841300249100000e-01	2.137447016613532e-03	191
9.878399968150000e-01	1.679138618116285e-03	192
9.910500049590000e-01	1.260551511207213e-03	193
9.937800168990000e-01	8.885515139169692e-04	194
9.960200190539999e-01	5.737065152648411e-04	195
9.977599978450000e-01	3.245012301223382e-04	196
9.990000128750000e-01	1.451981234650425e-04	197
9.997500181200000e-01	3.632808405350645e-05	198
1.000000000000000e+00	0.000000000000000e+00	199
1.984229087829600e+01	2.506659984589000e+00	200
1.937166023254400e+01	4.973800182343000e+00	201
1.859552955627400e+01	7.362490177155000e+00	202
1.752613067627000e+01	9.635069847106999e+00	203
1.618033981323200e+01	1.175570964813200e+01	204
1.457936954498300e+01	1.369093990325900e+01	205
1.274847984314000e+01	1.541026973724400e+01	206
1.071654033660900e+01	1.688656044006300e+01	207
8.515589714050000e+00	1.809654045105000e+01	208
6.180339813232000e+00	1.902112960815400e+01	209
3.747629880905000e+00	1.964575004577600e+01	210
1.255810022354000e+00	1.996052932739300e+01	211
-1.255810022354000e+00	1.996052932739300e+01	212
-3.747629880905000e+00	1.964574050903300e+01	213
-6.180339813232000e+00	1.902112960815400e+01	214
-8.515589714050000e+00	1.809654045105000e+01	215
-1.071654033660900e+01	1.688656044006300e+01	216
-1.274847984314000e+01	1.541026020050000e+01	217
-1.457936954498300e+01	1.369093990325900e+01	218
-1.618033981323200e+01	1.175570011138900e+01	219
-1.752613067627000e+01	9.635069847106999e+00	220
-1.859552955627400e+01	7.362490177155000e+00	221
-1.937166023254400e+01	4.973800182343000e+00	222
-1.984229087829600e+01	2.506659984589000e+00	223
-2.000000000000000e+01	0.000000000000000e+00	224
-1.984229087829600e+01	-2.506669998169000e+00	225
-1.937166023254400e+01	-4.973800182343000e+00	226
-1.859552955627400e+01	-7.362490177155000e+00	227
-1.752613067627000e+01	-9.635080337524000e+00	228
-1.618033981323200e+01	-1.175570964813200e+01	229
-1.457936954498300e+01	-1.369093990325900e+01	230
-1.274847984314000e+01	-1.541026973724400e+01	231
-1.071652984619100e+01	-1.688656044006300e+01	232
-8.515580177306999e+00	-1.809654045105000e+01	233
-6.180339813232000e+00	-1.902112960815400e+01	234
-3.747620105743000e+00	-1.964575004577600e+01	235
-1.255810022354000e+00	-1.996052932739300e+01	236
1.255810022354000e+00	-1.996052932739300e+01	237
3.747629880905000e+00	-1.964574050903300e+01	238
6.180339813232000e+00	-1.902112960815400e+01	239
8.515589714050000e+00	-1.809654045105000e+01	240
1.071654033660900e+01	-1.688656044006300e+01	241
1.274847984314000e+01	-1.541026020050000e+01	242
1.457936954498300e+01	-1.369093990325900e+01	243
1.618033981323200e+01	-1.175570011138900e+01	244
1.752614021301300e+01	-9.635069847106999e+00	245
1.859552955627400e+01	-7.362490177155000e+00	246
1.937166023254400e+01	-4.973790168762000e+00	247
1.984229087829600e+01	-2.506659984589000e+00	248
2.000000000000000e+01	0.000000000000000e+00	249
6.059139397552488e-02	-5.189670525444205e-02	250
6.602895435516752e-01	-5.786761168655886e-02	251
4.262633509533255e-01	8.091991289328825e-02	252
6.901274094850426e-01	5.067504703769476e-02	253
3.793264243409046e-01	-7.433016028122733e-02	254
9.994625452421579e-01	-7.228519987390105e-04	255
9.985470806742760e-01	-1.318745161578729e-03	256
7.738299622635777e-01	-4.415365881864543e-02	257
6.899450256154016e-01	-5.468959298694575e-02	258
-1.739737913680960e-03	6.863297690444102e-03	259
7.468226968528821e-01	-4.779050765502440e-02	260
5.840221661756169e-01	6.441414469904748e-02	261
9.927833903806841e-01	-3.624307571113656e-03	262
9.898854236260298e-01	-4.535196139595045e-03	263
5.995619360212930e-01	6.246777820622761e-02	264
7.188299514927711e-01	-5.131338751334991e-02	265
-1.785497173376875e-03	7.562047937476118e-04	266
9.864978428535375e-01	-5.541069474064327e-03	267
9.826294082695852e-01	-6.634412618673831e-03	268
-1.795100180129801e-03	-7.478489458109057e-03	269
6.452132274532467e-01	-5.937160887325532e-02	270
8.244382760455701e-01	-3.676008546131278e-02	271
7.997294783668677e-01	-4.047005812288856e-02	272
3.489535738856029e-01	8.525401461576025e-02	273
8.478278869836630e-01	-3.308715249314351e-02	274
2.473148552162179e-01	8.467167504626413e-02	275
8.698378949736508e-01	-2.947324219020349e-02	276
9.606704032234266e-03	2.378699604045256e-02	277
8.903623111132346e-01	-2.595945263327784e-02	278
7.694187245149978e-02	-5.631803970687383e-02	279
9.093289439648561e-01	-2.257964912588397e-02	280
-2.198049377314416e-03	-3.678303457250654e-03	281
9.422702638536856e-01	-1.625529246944217e-02	282
9.266576018544521e-01	-1.934817460353831e-02	283
1.756094676697624e-02	-3.232168487146984e-02	284
4.259255680224860e-01	-7.317689398281162e-02	285
8.590144082986487e-01	-3.126792309679240e-02	286
9.561185148416023e-01	-1.328130215785410e-02	287
9.782738063597156e-01	-7.833509039951253e-03	288
9.681399917088485e-01	-1.043955017854223e-02	289
1.584198125921397e-01	-6.884698808142763e-02	290
9.000472989946351e-01	-2.425149290994216e-02	291
7.604596609960302e-01	-4.598232550710818e-02	292
9.971235994326411e-01	-2.059277258770118e-03	293
5.991757678993035e-01	-6.349882387761994e-02	294
4.416221087733386e-01	-7.265253259071856e-02	295
5.364659275964624e-01	-6.802070041857201e-02	296
4.731825446644824e-01	-7.139378428043887e-02	297
5.048331230107881e-01	-6.985137849251273e-02	298
4.889958349226937e-01	-7.065760256417082e-02	299
1.250308690143412e-01	-6.507080805208436e-02	300
2.751655208533797e-02	-3.856342322587086e-02	301
3.947655581914841e-01	-7.401628241876802e-02	302
4.599530728242704e-02	-4.696018479146251e-02	303
4.102999628130605e-01	-7.363256967360020e-02	304
3.189423627555277e-01	-7.488812509487264e-02	305
3.488289112538493e-01	-7.475402233522806e-02	306
3.321403720737702e-02	-4.147969176473127e-02	307
2.897460712100092e-01	-7.473371588044318e-02	308
9.346825718760577e-01	-1.778453486621050e-02	309
1.469384043481134e-01	-6.770109393415009e-02	310
1.948509314796243e-01	-7.161921156165281e-02	311
8.575087649417937e-02	-5.832976668763577e-02	312
1.046085461031682e-01	-6.196348118973941e-02	313
5.679584365374309e-01	-6.590938686847340e-02	314
1.702422852291804e-01	-6.988169403988875e-02	315
6.146477513570743e-01	-6.218699926133570e-02	316
8.802942262191452e-01	-2.770263981340930e-02	317
2.230969929942110e-02	-3.550933830062326e-02	318
9.952014779816405e-01	-2.813202454328144e-03	319
6.281501062735104e-03	-2.215734810232206e-02	320
1.757050162041290e-02	3.034746604928766e-02	321
9.182015558831697e-01	-2.094519427483930e-02	322
9.494222396416871e-01	-1.475474557113700e-02	323
9.734439825104462e-01	-9.099109271825037e-03	324
-4.653996572895824e-04	1.029405424988391e-02	325
8.363004116320709e-01	-3.491708333880009e-02	326
2.475628922900191e-01	-7.392957958931251e-02	327
5.522409555925349e-01	-6.700471896829126e-02	328
7.329397270694615e-01	-4.956690519140621e-02	329
7.869201791617150e-01	-4.231598326731244e-02	330
1.146261266013963e-01	-6.358721467498468e-02	331
2.206594047535715e-01	-7.295582404482094e-02	332
5.836134268002872e-01	-6.474001055107437e-02	333
6.751971347793897e-01	-5.630591217080654e-02	334
5.306001063280518e-02	-4.950361980811579e-02	335
3.505641551601227e-03	-1.858048821857616e-02	336
1.331515688597474e-02	-2.905075122575082e-02	337
3.640163250418692e-01	-7.457806433757178e-02	338
1.823987778030278e-01	-7.080383228266238e-02	339
9.999338985365779e-01	-3.804212286382689e-04	340
2.339719959662708e-01	-7.348649439552866e-02	341
9.497803705295069e-02	-6.021227494161059e-02	342
3.042470080243611e-01	-7.485218703577264e-02	343
2.613981269820407e-01	-7.427274881084316e-02	344
4.573788545996172e-01	-7.206045149071913e-02	345
7.044819319964655e-01	-5.302550277911754e-02	346
-2.201786387531037e-03	3.354894158836903e-03	347
-5.426891407763546e-04	-1.121466338508353e-02	348
5.369126881410162e-01	7.005562173566862e-02	349
-1.773364371577408e-03	-9.257266321034234e-04	350
2.745946285814294e-02	3.677067024932960e-02	351
5.284456411710464e-02	4.899347110198836e-02	352
3.924223174718228e-02	4.298618482338009e-02	353
1.141908498363510e-01	6.757885712714955e-02	354
4.106028355192411e-01	8.206365351830160e-02	355
9.971123357439428e-01	2.039930261805851e-03	356
5.211070145043464e-01	7.184595150086372e-02	357
4.735976451169248e-01	7.680079809406008e-02	358
9.733115337898022e-01	8.155646953840254e-03	359
9.621942377051643e-01	1.028270444054594e-02	360
8.901939610442127e-01	2.259877622390201e-02	361
4.894272478767537e-01	7.522924340814297e-02	362
4.419902645311406e-01	7.965596128188236e-02	363
3.795469630710445e-01	8.394727865930147e-02	364
9.264717678024185e-01	1.664854453322538e-02	365
9.091508663143664e-01	1.955892110511072e-02	366
7.661420270623476e-02	5.747699094335872e-02	367
9.781657344925796e-01	7.163779798556097e-03	368
9.559362853246268e-01	1.143134992124220e-02	369
9.420805434776334e-01	1.391857679357867e-02	370
9.458808323313471e-02	6.272810662767965e-02	371
6.033697672039524e-02	5.188487951212983e-02	372
2.896559410347172e-01	8.593284091593072e-02	373
2.612010945358910e-01	8.525851602949791e-02	374
1.697934793616178e-01	7.757128568792257e-02	375
3.189621443201464e-01	8.592361804483899e-02	376
4.577728387876594e-01	7.828195661549087e-02	377
3.950292508516036e-01	8.307460877061147e-02	378
1.464765840264522e-01	7.395996488175045e-02	379
1.245815755872820e-01	6.982117094682962e-02	380
6.303174342364070e-01	5.853192002021731e-02	381
1.944440756190123e-01	8.058151861370268e-02	382
2.203212167682624e-01	8.295691851373543e-02	383
6.605480383498866e-01	5.458839683359648e-02	384
5.683852188962998e-01	6.633508948581895e-02	385
7.468599961685400e-01	4.306503055363121e-02	386
7.189368054612200e-01	4.682440357678211e-02	387
7.996569764084150e-01	3.583516696269680e-02	388
7.738065498233354e-01	3.939353380168936e-02	389
8.476918703291111e-01	2.900852895225142e-02	390
8.243288780010395e-01	3.236583983229877e-02	391
8.998737539920371e-01	2.106454596506124e-02	392
8.696828673880593e-01	2.575058303373579e-02	393
9.492340558444550e-01	1.264312403957853e-02	394
9.180194073480663e-01	1.808493299706406e-02	395
9.679859337241078e-01	9.192893051050116e-03	396
8.588680544992381e-01	2.736440499911198e-02	397
8.801318970105799e-01	2.416237389127819e-02	398
8.121488218704620e-01	3.408979595915943e-02	399
8.361766509305980e-01	3.067349870896539e-02	400
7.604652620080810e-01	4.121677666860252e-02	401
7.868707163091859e-01	3.760129343183342e-02	402
7.046262353601666e-01	4.874239127736072e-02	403
7.330109048554611e-01	4.493203282656739e-02	404
6.455080067584720e-01	5.656001185454174e-02	405
6.754180061037789e-01	5.262591814976064e-02	406
5.526806901521881e-01	6.822002588054113e-02	407
6.150069514516860e-01	6.050268229142854e-02	408
2.072401286462727e-01	8.185092781108810e-02	409
2.336763759181359e-01	8.389842142002031e-02	410
1.579609748429323e-01	7.583586669487453e-02	411
1.819675644525434e-01	7.915504401355931e-02	412
4.582065988521831e-02	4.601926547291906e-02	413
1.353538267363440e-01	7.195652027004247e-02	414
1.335108689927560e-02	2.710038101003453e-02	415
3.311936728436831e-02	3.989424461800117e-02	416
2.076156504322055e-01	-7.233542525914001e-02	417
3.587977278970623e-03	1.710214248945242e-02	418
9.623652890232568e-01	-1.183889124789656e-02	419
8.122412576549639e-01	-3.861610482994195e-02	420
3.337966494629492e-01	-7.485360253315874e-02	421
5.206591639572725e-01	-6.897157645303548e-02	422
1.317242055640991e-03	1.371651601475522e-02	423
2.228769547349990e-02	3.358732697096877e-02	424
6.354634488142105e-03	2.046164845396831e-02	425
8.539032978194150e-02	6.014759003432855e-02	426
6.825896394045047e-02	5.471968974910056e-02	427
2.753225639494782e-01	8.567968339017318e-02	428
1.041934942834628e-01	6.520721096423103e-02	429
9.825464780629884e-01	6.191488558178864e-03	430
9.864374327304331e-01	5.268517588327901e-03	431
3.042119832382446e-01	8.601685492644022e-02	432
9.898438996008178e-01	4.379931454598807e-03	433
9.927558642154652e-01	3.541820705359161e-03	434
3.338695473984936e-01	8.566696375440018e-02	435
3.641905230279786e-01	8.467739679425594e-02	436
9.344939821741652e-01	1.525538411610621e-02	437
9.999313215327456e-01	3.807340881190928e-04	438
9.985402552793318e-01	1.310818483398912e-03	439
9.994583112476744e-01	7.206102053265862e-04	440
6.299888069916418e-01	-6.081067651832454e-02	441
3.937628972834147e-02	-4.428665605829878e-02	442
9.951836832700027e-01	2.772043588335719e-03	443
5.052757380900982e-01	7.357478651231861e-02	444
1.233036991956787e-03	-1.493220907614005e-02	445
9.549080137537245e-03	-2.564267028944897e-02	446
6.855098018076598e-02	-5.417325567489566e-02	447
1.358122908787696e-01	-6.644658961175447e-02	448
2.754667400744843e-01	-7.454071639024645e-02	449
6.979752533021574e-02	6.444267537550323e-02	450
-4.222146782815166e-03	9.741360256624837e-03	451
-5.133257677418950e-03	5.520419172200414e-03	452
2.824005591979445e-01	-8.927984660240207e-02	453
6.989232452822747e-01	-6.863522561164148e-02	454
9.154531414181184e-01	-3.078196586149724e-02	455
4.737327798249324e-03	-2.691476303364348e-02	456
5.779387610334195e-01	8.140788134115561e-02	457
6.842392337444444e-01	-7.046485810342365e-02	458
7.822252118830012e-01	-5.656195025161379e-02	459
9.891748805360768e-01	-8.477085792290683e-03	460
3.264503742796664e-01	-9.010854430160639e-02	461
8.552579810994785e-01	-4.357828164803663e-02	462
8.322303916429357e-01	-4.792903624506623e-02	463
8.827065301600862e-02	-6.852629739903791e-02	464
-4.327561195299312e-03	-1.053221248329326e-02	465
2.134108861568756e-01	-8.601300483987991e-02	466
1.232784409139710e-02	-3.467727146721933e-02	467
9.606404049086286e-01	-1.885874087987994e-02	468
1.513456481386888e-01	-7.995336008405957e-02	469
7.134036038360102e-01	-6.673789015326476e-02	470
6.543300276494030e-01	-7.392996446076684e-02	471
4.502483623999110e-01	-8.844040729541951e-02	472
7.913323506955343e-02	-6.612384032052716e-02	473
3.874758361979472e-01	-8.997307647115048e-02	474
8.969547482837853e-01	-3.496881182955294e-02	475
7.951803559706239e-01	-5.443620712895889e-02	476
4.834239124465961e-03	2.526681994568089e-02	477
1.683981629627910e-02	3.658606016751479e-02	478
6.698632149325910e-01	6.892348873820774e-02	479
8.436433779659221e-01	4.168047786572350e-02	480
1.069198870968191e-01	7.641396031447462e-02	481
6.846579753722911e-01	6.678645400062663e-02	482
1.622005810724654e-01	8.851898861509795e-02	483
8.765394377014474e-01	3.567997935902952e-02	484
9.890628997740123e-01	8.239898737226683e-03	485
3.416679438856374e-01	1.006029814834952e-01	486
5.146871203021872e-01	8.884478587042348e-02	487
9.538607396618380e-01	1.895025376494253e-02	488
8.867639985158436e-01	3.370955182192185e-02	489
9.921436178887973e-01	6.838821005783769e-03	490
9.602946754016571e-01	1.729317719150790e-02	491
9.814050029774621e-01	1.110704225950269e-02	492
2.396925200632454e-01	9.793299807173236e-02	493
3.265384383285218e-01	1.007562072753231e-01	494
2.260431257368438e-01	9.680154524100570e-02	495
9.701801490612431e-02	7.358768535188885e-02	496
6.693666085997438e-01	-7.223309681706490e-02	497
2.003918427981356e-01	-8.503806433663741e-02	498
8.346571862373416e-03	2.906660573174741e-02	499
1.389938545190750e-01	8.406313653455960e-02	500
4.646044934987558e-02	5.454192140481010e-02	501
9.717844881145867e-01	1.411916731397146e-02	502
9.947391142467733e-01	5.569880132820407e-03	503
8.965971137430255e-01	3.175895771371703e-02	504
1.631222123682265e-01	-8.141606214735117e-02	505
1.000203022174035e+00	2.336568046656926e-04	506
9.984959504708688e-01	2.985587747748137e-03	507
9.968636419421645e-01	4.293786319371442e-03	508
1.830029247776691e-03	2.141775439971758e-02	509
-2.701933005782477e-03	1.365030842129360e-02	510
1.710728569984239e-03	-2.290438113318711e-02	511
-4.334574500508899e-03	-2.003681224813365e-03	512
-3.411097522117319e-03	-1.282467241616949e-04	513
1.687346871082272e-02	-3.837270877801922e-02	514
1.000204821440261e+00	-2.314352180467202e-04	515
6.213175765624254e-02	-6.089241597996340e-02	516
9.985191448669791e-01	-3.004648090679999e-03	517
9.947948348616625e-01	-5.650794889705032e-03	518
4.193506902506666e-01	9.731655403422949e-02	519
5.455144134969039e-01	-8.354187782263869e-02	520
9.856159419669656e-01	-9.999455457821611e-03	521
8.768696137571353e-01	-3.924852934393553e-02	522
5.935688384041498e-01	7.939732201525135e-02	523
9.922230953408698e-01	-6.981230361310231e-03	524
-5.173358313497591e-03	-6.044361313418212e-03	525
4.344457559368163e-01	-8.895202115106256e-02	526
4.036150403478863e-01	9.828743126537814e-02	527
8.439111676383052e-01	-4.576000868555984e-02	528
2.821569830524365e-01	1.001539795806577e-01	529
8.662464143273089e-01	-4.140298917475442e-02	530
8.871091246334157e-01	-3.709872719310153e-02	531
7.041819779324392e-02	-6.357926033728779e-02	532
9.064097907685372e-01	-3.286572552559818e-02	533
9.240808671558641e-01	-2.872693667491196e-02	534
9.473559991412299e-01	-2.272257477434803e-02	535
2.744334741306789e-02	-4.549639201760890e-02	536
9.542269502362993e-01	-2.077731769823423e-02	537
9.665926441842749e-01	-1.697726525035426e-02	538
9.815984682566905e-01	-1.165695557035306e-02	539
1.288430481033197e-01	-7.666960654078624e-02	540
7.554653353676868e-01	-6.075443206592627e-02	541
7.689874381635419e-01	-5.866849067000422e-02	542
9.969009516697198e-01	-4.335969183050232e-03	543
4.661108204711550e-01	-8.784032650408584e-02	544
4.819898188258208e-01	-8.714793905659965e-02	545
4.978813636481734e-01	-8.637546999769566e-02	546
2.190207243778578e-02	-4.201239144818867e-02	547
4.030473564410425e-01	-8.972493785935097e-02	548
4.187076859418434e-01	-8.938400634263893e-02	549
3.414740056547890e-01	-9.021059481767807e-02	550
3.992795438392990e-02	-5.206703185713296e-02	551
9.322818301361113e-01	-2.669618229099813e-02	552
9.400376927927729e-01	-2.469175315066046e-02	553
1.399238214705384e-01	-7.837369011500582e-02	554
9.782588539673204e-02	-7.079185719056155e-02	555
5.613340184583505e-01	-8.244250002847910e-02	556
6.083316477729590e-01	-7.855308008577862e-02	557
9.720645581363218e-01	-1.514188011514978e-02	558
9.770608110837389e-01	-1.337225684133972e-02	559
7.276627972839457e-01	-6.478521797770108e-02	560
7.416794676551488e-01	-6.279474271101433e-02	561
1.077749461313029e-01	-7.291077211766524e-02	562
1.181311702981116e-01	-7.486526220144259e-02	563
5.770844973118608e-01	-8.123553900344763e-02	564
5.927542532401058e-01	-7.993739958570174e-02	565
4.685557257431761e-02	-5.517367555210440e-02	566
5.428209848533766e-02	-5.812023718169881e-02	567
8.282665805248321e-03	-3.082303200885104e-02	568
3.566793517186671e-01	-9.022615573578006e-02	569
3.720175044451365e-01	-9.014078559829708e-02	570
1.752422419659173e-01	-8.274890677954466e-02	571
1.876676897118987e-01	-8.395391404772837e-02	572
2.266927807539997e-01	-8.688284656260800e-02	573
2.402507115593372e-01	-8.764822371847251e-02	574
2.968842498287635e-01	-8.965528043148639e-02	575
3.115876835030014e-01	-8.993127620997499e-02	576
2.540860932300393e-01	-8.829387925662546e-02	577
-4.354565959748875e-03	1.680627212102181e-03	578
-8.124380458710697e-04	-1.882924939641782e-02	579
3.961231684709024e-02	5.106299987084223e-02	580
9.854659743430142e-01	9.627398825526172e-03	581
5.305743328098392e-01	8.707774206329455e-02	582
4.987661852559745e-01	9.052744331005619e-02	583
4.828443568129944e-01	9.211001029336643e-02	584
4.669258966917260e-01	9.359422362364536e-02	585
9.768226670860554e-01	1.260122079759456e-02	586
9.662758198379389e-01	1.568465156530444e-02	587
9.236986164394538e-01	2.605228843663026e-02	588
4.510150337321875e-01	9.496012709756257e-02	589
4.351550836922010e-01	9.620073314316241e-02	590
3.879598302922010e-01	9.910347685891442e-02	591
9.150768316506400e-01	2.792776264550260e-02	592
9.469774058542828e-01	2.065384904348555e-02	593
6.158408806016645e-02	6.120065583538390e-02	594
5.380832283711838e-02	5.792968627468368e-02	595
2.536287410702330e-01	9.886305527799669e-02	596
2.677819680254239e-01	9.958857179005552e-02	597
1.504131079725044e-01	8.635965583907336e-02	598
1.279278910779834e-01	8.162966960414715e-02	599
1.172406105881203e-01	7.909453672318033e-02	600
7.950565081636458e-01	4.987553467327981e-02	601
7.417953076851688e-01	5.826256364725632e-02	602
7.278502050545418e-01	6.037849735420706e-02	603
7.821526563285673e-01	5.194680185628540e-02	604
8.319907236661450e-01	4.369994175689852e-02	605
9.060416719811729e-01	2.983409207081180e-02	606
8.659339714785765e-01	3.765742641487237e-02	607
8.549660773358213e-01	3.966125479476745e-02	608
8.200028492886789e-01	4.574770089127432e-02	609
8.076810506798867e-01	4.781167108252225e-02	610
7.689723392670674e-01	5.403653102669747e-02	611
7.555133411645257e-01	5.614857320411304e-02	612
7.136662352538380e-01	6.251303770985883e-02	613
6.992635476944694e-01	6.465224492633065e-02	614
6.549019822469692e-01	7.105346316276905e-02	615
6.397679630643528e-01	7.316821627313647e-02	616
5.622185057297350e-01	8.336631828891099e-02	617
5.464178821345740e-01	8.524937073360407e-02	618
6.245007453974498e-01	7.526515312667194e-02	619
6.090973720094413e-01	7.734596183026669e-02	620
2.126805737983413e-01	9.548984735001131e-02	621
1.995925387777262e-01	9.400333126953456e-02	622
1.868129683656288e-01	9.234702481635847e-02	623
1.743466570363440e-01	9.051807398618744e-02	624
1.234686430779186e-02	3.287284325222991e-02	625
3.321171452125803e-02	4.751538305151186e-02	626
2.727723256145453e-02	4.395787728181154e-02	627
8.078496967042348e-01	-5.228611279536483e-02	628
8.202098681512324e-01	-5.010986763263945e-02	629
5.137830023792319e-01	-8.551306279795182e-02	630
5.296639212071396e-01	-8.456455798886246e-02	631
-6.829066379825009e-04	1.754817641071022e-02	632
2.180574005803116e-02	4.031366247593143e-02	633
8.751865203021338e-02	7.064047912222900e-02	634
7.844398795157351e-02	6.759154232507340e-02	635
3.115665428102937e-01	1.007456206584760e-01	636
2.967514108827121e-01	1.005456289188484e-01	637
3.724109054286247e-01	9.976925946254825e-02	638
3.569758116362777e-01	1.002769963544900e-01	639
9.396533429275409e-01	2.240363301335395e-02	640
9.318965218548049e-01	2.420820624129680e-02	641
6.237925647271810e-01	-7.708714527878430e-02	642
6.391247834896654e-01	-7.554767085967896e-02	643
3.344997146902235e-02	-4.882292192113329e-02	644
-2.827855661783534e-03	-1.469342686074198e-02	645
2.681339807422621e-01	-8.882213083058954e-02	646
-8.269270871114218e-03	-9.071917707771233e-03	647
3.956652384437041e-01	-1.075107918705293e-01	648
2.892133904090078e-01	-1.058788318496484e-01	649
7.910885382969427e-01	-7.016529200493501e-02	650
5.388874922844454e-01	-1.019442012984267e-01	651
9.220937424606389e-01	-3.944542511370847e-02	652
9.920860505749252e-01	1.074375888411935e-02	653
9.887873512648817e-01	1.277714023474629e-02	654
9.651495307706194e-01	2.321000164268231e-02	655
-3.058142804790425e-03	2.187481690229617e-02	656
9.947599815124787e-01	8.874937463765650e-03	657
9.994707596957974e-01	1.749544697609368e-03	658
1.000195438557770e+00	5.437062480776746e-04	659
9.988401329812716e-01	-5.052459540912347e-03	660
1.000461737649537e+00	2.277039858119866e-06	661
1.567742005311969e-02	-4.520264421200454e-02	662
-7.690059001982327e-03	3.013352970628319e-03	663
9.034075564754358e-02	-8.012893902638618e-02	664
9.304731212584532e-01	-3.690120959231380e-02	665
9.922385725640247e-01	-1.093537391982637e-02	666
5.720351374891166e-01	1.002941614921622e-01	667
9.994840850259286e-01	-1.755231384533304e-03	668
-4.529344269898979e-04	-2.773090180569460e-02	669
7.083269457121760e-01	-8.404651379507913e-02	670
-5.421143574898694e-03	-1.860592890209015e-02	671
7.227501712081448e-01	-8.187444637057920e-02	672
1.093536555179445e-02	-4.097395198675161e-02	673
8.739873182484442e-01	-5.233604886998967e-02	674
2.842729454049889e-03	-3.221455806786053e-02	675
3.338999524960484e-01	-1.072183571685256e-01	676
8.631991856489947e-01	-5.491824520032896e-02	677
6.936770494786726e-01	-8.613726296939146e-02	678
9.948716764328409e-01	-8.991675752056233e-03	679
6.561828501459646e-03	-3.665820343446737e-02	680
9.808129351741930e-01	1.686369962674423e-02	681
5.243343667114642e-01	1.059438586803721e-01	682
9.523739493150232e-01	2.760602316439092e-02	683
6.646482736785778e-01	8.712612812375596e-02	684
9.970461479636945e-01	6.995165306796687e-03	685
5.083264974952318e-01	1.076755960518403e-01	686
2.742639136331925e-01	1.157579846980788e-01	687
3.341067234934380e-01	1.174896397961985e-01	688
1.540063593091693e-01	1.003622631667057e-01	689
6.230974600961975e-02	7.169955135994754e-02	690
1.000038263591995e+00	1.035525916560216e-03	691
-7.122796371122846e-03	-1.399741996195387e-02	692
-6.988469616990505e-03	1.306727196438582e-02	693
1.088890036978866e-02	3.931381685989409e-02	694
-8.178210833905318e-03	8.365559558123944e-03	695
9.656355193229000e-01	-2.451570633967370e-02	696
8.086254371749250e-02	-7.727471546756992e-02	697
-5.728991158260800e-03	-1.849099906268606e-04	698
1.554182358474973e-01	-9.384614292915458e-02	699
4.590174824992140e-01	-1.060872209625555e-01	700
2.101935329359572e-02	-4.939214667798590e-02	701
2.919283394442278e-03	3.062416779559851e-02	702
8.401167359858712e-01	5.601393339092672e-02	703
7.909368372221730e-01	6.568708579664417e-02	704
6.795521071576679e-01	8.479664062629672e-02	705
9.850902812764414e-01	1.475949674870035e-02	706
9.589907755420635e-01	2.539081422716423e-02	707
8.938941980303193e-01	4.393458438545601e-02	708
8.838924781203373e-01	4.634467473256716e-02	709
3.188976207800021e-01	1.173555564227715e-01	710
2.889189341657911e-01	1.164912303472688e-01	711
2.315916954719404e-01	1.124517737379694e-01	712
9.898740273522093e-02	8.585847960083391e-02	713
6.638181430644002e-01	-9.007395739362191e-02	714
6.788401204038541e-01	-8.814586304570592e-02	715
2.056844165026705e-01	-1.002195618212923e-01	716
6.585159659909743e-03	3.500655261940385e-02	717
1.422660975803545e-01	9.772605150095265e-02	718
9.760571309465526e-01	1.894912206065230e-02	719
9.987906915315251e-01	5.022707833607094e-03	720
-3.372306235690603e-04	2.625443234027212e-02	721
-5.275736144012457e-03	1.747176376523646e-02	722
-3.196979533901013e-03	-2.319612787020625e-02	723
-7.675920558225949e-03	-3.486514328803769e-03	724
2.691544546500247e-02	-5.329973002945300e-02	725
1.000199777357716e+00	-5.415871996725540e-04	726
1.000046551838635e+00	-1.035266453781084e-03	727
9.712844235797794e-01	-2.212038867602588e-02	728
9.889923754189925e-01	-1.307951890304340e-02	729
5.877853979962075e-01	9.823283260432869e-02	730
4.430781052926828e-01	-1.065992599199494e-01	731
4.123103881389090e-01	1.154148223779318e-01	732
8.405090891205005e-01	-6.007797802383875e-02	733
8.520355917777606e-01	-5.750870294907636e-02	734
8.844186675684491e-01	-4.974768747592689e-02	735
8.944427608415217e-01	-4.715538043677950e-02	736
6.318735394395292e-02	-7.110848833648480e-02	737
7.180772596491103e-02	-7.426891344704431e-02	738
9.040640504411410e-01	-4.457722650921773e-02	739
9.132934336921321e-01	-4.200469221016202e-02	740
9.529289345023609e-01	-2.940008699391118e-02	741
9.595161451317065e-01	-2.694339289340567e-02	742
9.853508177253010e-01	-1.520179084318160e-02	743
7.645713946391134e-01	-7.500014267421870e-02	744
7.779729055330318e-01	-7.259759724853414e-02	745
9.971229641255097e-01	-7.058632972589536e-03	746
4.749962770316341e-01	-1.054629825208178e-01	747
4.909706936138395e-01	-1.047353820157018e-01	748
4.113984955215523e-01	-1.073193118787989e-01	749
4.272096013140472e-01	-1.070110954925648e-01	750
3.317709658211781e-02	-5.714788995694800e-02	751
9.384096619758645e-01	-3.437169070817909e-02	752
9.458861056637388e-01	-3.187442477171517e-02	753
1.322886589891272e-01	-8.982047123995637e-02	754
1.436802532716148e-01	-9.189862621104936e-02	755
5.548031687925331e-01	-1.008691898325166e-01	756
5.707008259047955e-01	-9.964190056655740e-02	757
9.764391320095980e-01	-1.978014389436000e-02	758
9.811351465855156e-01	-1.748551122586669e-02	759
7.369241946422347e-01	-7.964549241701664e-02	760
7.508713006569324e-01	-7.735804204707016e-02	761
1.002389577854154e-01	-8.282947604697298e-02	762
1.105673597388969e-01	-8.536301428831634e-02	763
1.212794235731620e-01	-8.761749325027626e-02	764
5.865024205112925e-01	-9.829666273377449e-02	765
6.022112918067556e-01	-9.684266134469668e-02	766
3.995043928030790e-02	-6.090496116077413e-02	767
4.725210709058636e-02	-6.452486310550372e-02	768
5.506084139862884e-02	-6.784895549240255e-02	769
3.491302099117767e-01	-1.074604830747159e-01	770
3.645340104034355e-01	-1.075858859825649e-01	771
3.800435371804841e-01	-1.075961652962612e-01	772
1.675236787602821e-01	-9.565797548902701e-02	773
1.799506337153268e-01	-9.731964605586482e-02	774
1.926745682419862e-01	-9.883609958873377e-02	775
2.189676850941137e-01	-1.014824353454393e-01	776
2.325222872288675e-01	-1.026241077847122e-01	777
3.039398339108661e-01	-1.064426831916610e-01	778
3.188535558100948e-01	-1.068831134199522e-01	779
2.463734372580766e-01	-1.036381281372994e-01	780
3.940850849328503e-02	6.017094311079724e-02	781
4.922904010117879e-01	1.092923989123012e-01	782
4.762583872171398e-01	1.107882195093507e-01	783
9.708469437011300e-01	2.105895657283653e-02	784
4.602116972099833e-01	1.121589564003860e-01	785
4.441919401787939e-01	1.133875853717650e-01	786
4.282294957789181e-01	1.144764203292510e-01	787
3.964557094534519e-01	1.161806391606536e-01	788
9.215049203206979e-01	3.679384283629641e-02	789
5.429048976693070e-02	6.794629333748725e-02	790
4.659232254774012e-02	6.417617199004413e-02	791
2.598451132932816e-01	1.148476102153238e-01	792
2.455905363141576e-01	1.137908481316234e-01	793
1.308913514044753e-01	9.494640392509535e-02	794
1.199162488132328e-01	9.204090850844659e-02	795
1.092495898596188e-01	8.908242291118945e-02	796
7.371626983347052e-01	7.530887103674309e-02	797
9.127129925001670e-01	3.915942863457325e-02	798
9.034973347399833e-01	4.154230236363087e-02	799
8.734878881993758e-01	4.875545674607589e-02	800
8.627302901584387e-01	5.116699009307909e-02	801
8.516019622218286e-01	5.359498518279790e-02	802
8.283239463893871e-01	5.842789176961079e-02	803
8.161785199899467e-01	6.085922378382082e-02	804
8.036981462648093e-01	6.328317229107293e-02	805
7.779069695006425e-01	6.808848157165596e-02	806
7.646000761846937e-01	7.050210350048393e-02	807
7.510018884799631e-01	7.291603970316740e-02	808
7.231020096795649e-01	7.769534607743918e-02	809
7.087972903257130e-01	8.008276452403179e-02	810
6.942684122033029e-01	8.244967891742028e-02	811
6.495626667001725e-01	8.942386740482881e-02	812
5.561737124466316e-01	1.022724373420679e-01	813
5.402778758862414e-01	1.041229873503065e-01	814
6.343246759632879e-01	9.168414914084794e-02	815
6.189506465138578e-01	9.391141765460181e-02	816
6.034307761552533e-01	9.609973329680514e-02	817
2.179055972027376e-01	1.109077386098845e-01	818
2.045088674462284e-01	1.091709573640717e-01	819
1.914054904358630e-01	1.072497195969118e-01	820
1.786104142396097e-01	1.051410108145063e-01	821
1.661359041979204e-01	1.028429904437567e-01	822
3.274914108097129e-02	5.609697854587471e-02	823
2.659301237899214e-02	5.199919233841458e-02	824
8.039250375132970e-01	-6.769424313566359e-02	825
8.164694844115102e-01	-6.517580530502742e-02	826
8.286692783975615e-01	-6.262678794266312e-02	827
5.069636118343506e-01	-1.039061415139225e-01	828
5.229454566753770e-01	-1.029721939678582e-01	829
2.079802749800396e-02	4.790670740222139e-02	830
1.555222115914578e-02	4.359737057742671e-02	831
8.916916046197565e-02	8.249436783623430e-02	832
7.978100091821692e-02	7.900853933946977e-02	833
7.082463464696680e-02	7.540907018244310e-02	834
3.038154401997624e-01	1.170299030780259e-01	835
3.807014198227492e-01	1.167760124593524e-01	836
3.650497467595912e-01	1.172059816299454e-01	837
3.494946242146207e-01	1.174464815265764e-01	838
9.453109798315017e-01	2.984942208578110e-02	839
9.378225338610809e-01	3.212822423103555e-02	840
9.298816817380698e-01	3.444953313462439e-02	841
6.178103956804711e-01	-9.528849493830185e-02	842
6.332774518626428e-01	-9.364279235981786e-02	843
6.486197323892918e-01	-9.190722649931160e-02	844
2.604688692681479e-01	-1.044533779946729e-01	845
2.747255048302960e-01	-1.052105374062221e-01	846
-1.163620710035909e-02	-1.255539764733305e-02	847
9.182412696635169e-02	-9.328351184919798e-02	848
9.994078875228735e-01	7.322306854849236e-03	849
9.853825838295486e-01	2.064022712781789e-02	850
5.483477908007346e-01	-1.213495901647847e-01	851
-1.174132698711112e-02	5.325498422492274e-03	852
9.995277632337002e-01	-3.897150249107354e-03	853
9.294219303571394e-01	-4.849542585240112e-02	854
9.375447308774981e-01	-4.538019613356238e-02	855
2.569311399914892e-02	-6.206267526275197e-02	856
9.953910760102054e-01	1.259611149325647e-02	857
5.020001120492490e-01	1.285505876767782e-01	858
-1.030628910076536e-02	-1.788051239925044e-02	859
4.295319099544396e-03	4.168315248776776e-02	860
-3.076163842227265e-03	-3.314262905508236e-02	861
9.647753830814708e-01	3.180121016563200e-02	862
9.976623452058941e-01	1.005999492125074e-02	863
-1.016958663841043e-02	1.684149199212144e-02	864
6.598052144218965e-01	1.074483978893749e-01	865
-8.314969016172773e-03	2.178067279879657e-02	866
1.000495092826722e+00	3.586292692035300e-04	867
1.000498179634400e+00	-3.538339924352936e-04	868
8.005872485207181e-01	-8.503081870670007e-02	869
1.590627916499370e-01	-1.095558185282893e-01	870
1.386288215765881e-02	-5.288391102750558e-02	871
4.039060376467219e-01	-1.271558068376113e-01	872
8.198401654960154e-02	-8.990732777926165e-02	873
4.518544767234287e-01	-1.263269813977393e-01	874
2.958736495324483e-01	-1.245417406424056e-01	875
9.892186217438534e-01	1.793722635419141e-02	876
5.662812936819094e-01	1.212791538674501e-01	877
9.584391671940979e-01	3.462417051269044e-02	878
9.516394223673664e-01	3.746175036437459e-02	879
7.874162507029058e-01	8.344569934059268e-02	880
1.450520464668791e-01	1.131242922431179e-01	881
2.658628657123353e-01	1.328773589846398e-01	882
9.928376967157774e-01	-1.543507603821082e-02	883
5.405467942171363e-02	7.917026874992779e-02	884
8.718110634603446e-01	-6.711941915027364e-02	885
9.994904334446952e-01	3.881710300497142e-03	886
9.925960062184758e-01	1.521001344818947e-02	887
9.994926562477530e-01	-7.357597743815694e-03	888
9.765628218729148e-01	-2.706435692494826e-02	889
8.870684560365674e-03	-4.798142996589432e-02	890
7.036555302607426e-01	-1.034533129838481e-01	891
-6.049034162495437e-03	-2.807344632418729e-02	892
7.182844247964167e-01	-1.010548159215871e-01	893
7.326487787861137e-01	-9.855721619440728e-02	894
4.358962047007644e-03	-4.323157540529922e-02	895
9.955720232906042e-01	-1.273538180181466e-02	896
3.392589905087905e-04	-3.808190566406702e-02	897
8.372617691470208e-01	7.218417801545064e-02	898
5.181594790631534e-01	1.268719693108571e-01	899
3.108082992004358e-01	1.356098178117131e-01	900
-1.152106161733787e-02	1.169465612945834e-02	901
3.569756313034911e-04	3.655809956740349e-02	902
6.748764222262117e-01	1.049047934537025e-01	903
8.919182785704282e-01	5.772607067779258e-02	904
3.261632278932462e-01	1.360771442585429e-01	905
2.955825780320765e-01	1.349143159658640e-01	906
2.805922925982896e-01	1.339938168087322e-01	907
6.738046943286173e-01	-1.079514182388479e-01	908
6.888196770950827e-01	-1.057578144134599e-01	909
9.809282906457079e-01	2.345007230290137e-02	910
-3.003118310130719e-03	3.168852648006447e-02	911
-5.935774015619226e-03	2.673157741400946e-02	912
-8.449191407466085e-03	-2.298042615320187e-02	913
-1.176269659132194e-02	-5.974998451200227e-03	914
1.961413840192515e-02	-5.773217881107102e-02	915
9.712487106380181e-01	-3.006135105628579e-02	916
9.895305426734899e-01	-1.827817219571042e-02	917
5.822136156009590e-01	1.191843541742021e-01	918
8.494701493039908e-01	-7.322433384896941e-02	919
8.608416145850090e-01	-7.017811774038728e-02	920
8.824244928145651e-01	-6.405111406415592e-02	921
8.926608127406460e-01	-6.094832230568449e-02	922
6.361230606198159e-02	-8.265983392776313e-02	923
7.257963980899818e-02	-8.636845343034820e-02	924
9.024646219086558e-01	-5.784123345158027e-02	925
9.118729169806306e-01	-5.473076509575694e-02	926
9.208659025751389e-01	-5.161031428785635e-02	927
9.591510863184756e-01	-3.614637725695859e-02	928
9.654370666501085e-01	-3.309389662361167e-02	929
7.742753944834765e-01	-9.062336448257698e-02	930
7.875703749569177e-01	-8.785881183278704e-02	931
9.977910676508499e-01	-1.013870740827461e-02	932
4.679611195858062e-01	-1.257984104465883e-01	933
4.840713631236336e-01	-1.251341638077264e-01	934
4.198374196669677e-01	-1.270103888844655e-01	935
4.358165969834468e-01	-1.267273506907800e-01	936
9.451941268497822e-01	-4.228425561423362e-02	937
9.523913255040848e-01	-3.921362148368670e-02	938
1.352430765897164e-01	-1.046907422632367e-01	939
1.469659249648986e-01	-1.071952782683552e-01	940
5.644271652554380e-01	-1.201717416559982e-01	941
9.813901116556272e-01	-2.410867014744161e-02	942
9.857673311132823e-01	-2.112322889258962e-02	943
7.467704431041079e-01	-9.600052074391288e-02	944
7.606703408446940e-01	-9.335169270307647e-02	945
1.021210668839004e-01	-9.648361280310974e-02	946
1.129589845956120e-01	-9.944047798160213e-02	947
1.238902470703266e-01	-1.020442035525536e-01	948
5.804264787063147e-01	-1.187902791939552e-01	949
5.962978792465032e-01	-1.172792380759239e-01	950
3.222716780412692e-02	-6.653006065991968e-02	951
3.934439307475811e-02	-7.090812810551710e-02	952
4.714899153253244e-02	-7.511797753650860e-02	953
5.515605581582694e-02	-7.883002110855482e-02	954
3.412739142176083e-01	-1.264287241055045e-01	955
3.567563040091176e-01	-1.268120948258148e-01	956
3.723757833725445e-01	-1.270491747012456e-01	957
3.880798843618970e-01	-1.271617021942033e-01	958
1.715195713033900e-01	-1.117534406796533e-01	959
1.842812283581373e-01	-1.137798310688235e-01	960
1.973235449977991e-01	-1.156417684790133e-01	961
2.106320018714778e-01	-1.173598882656160e-01	962
2.242169161306813e-01	-1.189419031467804e-01	963
3.259986022993115e-01	-1.259225604829752e-01	964
3.108679829771601e-01	-1.253028237969959e-01	965
2.380990389570977e-01	-1.203786784108954e-01	966
4.858037084728022e-01	1.300786602819301e-01	967
9.760282711081492e-01	2.620991873765139e-02	968
9.706467185932214e-01	2.899366042225231e-02	969
4.696092039869725e-01	1.314626576604147e-01	970
4.534062864673827e-01	1.326929118695927e-01	971
4.372522084055401e-01	1.337638017409939e-01	972
4.211360928232608e-01	1.346759160571197e-01	973
4.050487983804305e-01	1.354020055643732e-01	974
4.618245216399031e-02	7.502373993178091e-02	975
3.853394393410385e-02	7.041133850623200e-02	976
2.513744606054985e-01	1.316518198117416e-01	977
2.369220053179031e-01	1.301283588093864e-01	978
1.333445545467992e-01	1.099414434429753e-01	979
1.220324252054401e-01	1.066133002933638e-01	980
1.111564843097415e-01	1.033377532698654e-01	981
1.004001708145756e-01	9.969701150035556e-02	982
9.200602967854485e-01	4.898192704713202e-02	983
9.110803144368227e-01	5.189730829346448e-02	984
9.016935340167803e-01	5.480965346860880e-02	985
8.817174459257856e-01	6.064618148496215e-02	986
8.711444857783565e-01	6.354126820458976e-02	987
8.602195328066994e-01	6.643665911920089e-02	988
8.489005201034345e-01	6.932409565214420e-02	989
8.253032052986925e-01	7.502957193665989e-02	990
8.129678082508662e-01	7.787700306682337e-02	991
8.003174530385212e-01	8.068929581865532e-02	992
7.742486917940217e-01	8.622298699959335e-02	993
7.607836369920180e-01	8.897169157786643e-02	994
7.470225480837849e-01	9.172047699154809e-02	995
7.330587115425076e-01	9.439658371669192e-02	996
7.188477027743797e-01	9.709002876072335e-02	997
7.043938327567767e-01	9.972662902264202e-02	998
6.897167039399532e-01	1.023487952892220e-01	999
5.342845468986360e-01	1.250600552079101e-01	1000
5.502232616591627e-01	1.232104216072489e-01	1001
6.445931088385488e-01	1.099028288459085e-01	1002
6.292093942960693e-01	1.123302837632334e-01	1003
6.137102196474905e-01	1.146803708003939e-01	1004
5.980145593974313e-01	1.169889759783901e-01	1005
2.228483644886850e-01	1.283241328959296e-01	1006
2.090960173686010e-01	1.263005737122644e-01	1007
1.956468741807763e-01	1.240730474264682e-01	1008
1.824947769414179e-01	1.216420432530481e-01	1009
1.696570903897337e-01	1.190001073236217e-01	1010
1.571590521707511e-01	1.161526926680440e-01	1011
3.156821194732556e-02	6.570430898730789e-02	1012
2.517437272434385e-02	6.097419344289411e-02	1013
8.133316063974431e-01	-8.214308496174842e-02	1014
8.257438254861050e-01	-7.918903361596726e-02	1015
8.377692409738026e-01	-7.621604167926484e-02	1016
5.001753860642192e-01	-1.243507445965256e-01	1017
5.162933394614965e-01	-1.234466397212137e-01	1018
5.323551495435035e-01	-1.224288452973396e-01	1019
1.921961059145695e-02	5.644448752267709e-02	1020
1.360083724208218e-02	5.144680327676499e-02	1021
8.718276057852662e-03	4.645970306457508e-02	1022
9.020705573897095e-02	9.584912975347187e-02	1023
8.048270588366953e-02	9.185828598687093e-02	1024
7.120368913538443e-02	8.773929395082584e-02	1025
6.237113775582392e-02	8.348980083586978e-02	1026
3.890497057628192e-01	1.359282303553996e-01	1027
3.731593243003343e-01	1.362704455773143e-01	1028
3.573426941371222e-01	1.364199123000580e-01	1029
3.416526498072499e-01	1.363485889931075e-01	1030
9.286133702757978e-01	4.607860932190727e-02	1031
9.444123964176859e-01	4.030651597581725e-02	1032
9.367437657353633e-01	4.318071434996300e-02	1033
6.120732094653460e-01	-1.156337229321799e-01	1034
6.277021886810598e-01	-1.138855249007184e-01	1035
6.432105734718510e-01	-1.120190410643154e-01	1036
6.585836856448859e-01	-1.100525445872416e-01	1037
2.523374662175129e-01	-1.216143380381579e-01	1038
2.666083140881556e-01	-1.226412012502023e-01	1039
2.811136199237921e-01	-1.236453872665090e-01	1040
1.464852681564104e-03	-5.044936859407374e-02	1041
9.997055177328428e-01	9.434889483823795e-03	1042
9.775826011992838e-01	-3.520730266242362e-02	1043
1.000459283228883e+00	7.959583727979183e-04	1044
-2.787327377615074e-03	-4.463897734844412e-02	1045
7.361263230223037e-01	-1.183200613822076e-01	1046
9.258415336443279e-02	-1.081461861415889e-01	1047
-6.374259479707534e-03	-3.908443804734885e-02	1048
9.864693643336556e-01	2.721368964527119e-02	1049
-1.191820007218734e-02	-2.778074687424582e-02	1050
1.750003297098292e-02	-6.694528332628748e-02	1051
1.621689062547641e-01	-1.272650267138805e-01	1052
1.351334526829796e-01	1.268015068637525e-01	1053
-2.866625562983317e-03	4.317974363063747e-02	1054
-1.182100815104883e-02	2.653270098698066e-02	1055
-1.589976580113536e-02	8.632484912745285e-03	1056
-8.071779561672909e-03	5.919462568900906e-04	1057
-8.060171348617164e-03	-1.052148916133066e-03	1058
-1.164225773474755e-02	9.732512473430331e-04	1059
-1.389273046482143e-02	-2.214260964800755e-02	1060
9.998260584578207e-01	-9.478158670389343e-03	1061
3.176827741654145e-01	1.565463505591237e-01	1062
9.825178814544023e-01	-3.148525660983713e-02	1063
9.968919002279000e-01	-1.684374741526345e-02	1064
9.454700681556274e-01	-5.401058808967495e-02	1065
8.044582531174554e-01	-1.028382207842497e-01	1066
4.122176548455839e-01	-1.491389679048065e-01	1067
9.987913552567828e-01	1.334201652121094e-02	1068
9.282883682127392e-01	5.917989606951255e-02	1069
9.518565879251856e-01	4.856049612123123e-02	1070
5.524442659990187e-01	1.454852499708379e-01	1071
5.201255949797138e-01	1.492313160352010e-01	1072
6.629735741189806e-01	1.287910326976977e-01	1073
7.779498572900913e-01	1.050111752003306e-01	1074
4.955997303413591e-01	1.517199884845096e-01	1075
5.501400702670655e-01	-1.435788205641252e-01	1076
3.333277433332258e-01	1.571497435344090e-01	1077
9.966321076777720e-01	1.669717210708322e-02	1078
8.232831596785489e-02	-1.041611641691452e-01	1079
1.000323637134375e+00	1.846057037385334e-03	1080
9.904282510050115e-01	2.366327428726315e-02	1081
-1.162215459553144e-02	-1.534871263611481e-03	1082
1.000466278140699e+00	-7.917836625926173e-04	1083
1.000340608162396e+00	-1.845180596340752e-03	1084
9.376315256100237e-01	-5.778684843502083e-02	1085
2.362600139760660e-02	-7.184621727349844e-02	1086
-1.535512089926678e-02	-1.639487697751992e-02	1087
1.278951430014675e-03	4.899600613542554e-02	1088
-9.373381572835484e-03	-3.346519721283975e-02	1089
9.653292364915909e-01	4.147036299614307e-02	1090
-1.377655028756119e-02	2.101926671489885e-02	1091
1.000770810983759e+00	1.531654046903242e-04	1092
1.000772196166536e+00	-1.457484821258572e-04	1093
6.033298010529446e-03	-5.576228003998767e-02	1094
3.176050746550660e-01	-1.464741173784099e-01	1095
3.023321444450669e-01	-1.454850308264130e-01	1096
9.938122484378349e-01	2.012652760089668e-02	1097
5.767411142844593e-01	1.425101869576801e-01	1098
9.588193988072636e-01	4.502284652453774e-02	1099
9.941512478930778e-01	-2.036333530447704e-02	1100
7.069166162273433e-01	-1.238519154598270e-01	1101
-1.524205138194068e-02	1.541113912159131e-02	1102
3.021019739512616e-01	1.556599308066312e-01	1103
2.867253389712059e-01	1.545578919848105e-01	1104
2.716191708379270e-01	1.531891092602851e-01	1105
6.768176621713020e-01	-1.289056155630361e-01	1106
-6.376079351575333e-03	3.766029245985399e-02	1107
-9.316600607941131e-03	3.211234373414834e-02	1108
-1.595211683582008e-02	-9.434812071912135e-03	1109
1.137611768619696e-02	-6.151949000866255e-02	1110
8.593271776189730e-01	-8.734466739818761e-02	1111
8.705204010541733e-01	-8.375247526346713e-02	1112
8.813158580316355e-01	-8.014889247934431e-02	1113
8.917707314395943e-01	-7.648088106515380e-02	1114
7.255986449767869e-02	-1.000014570588746e-01	1115
6.323935372132680e-02	-9.565881786548858e-02	1116
9.018004510060607e-01	-7.278169605553682e-02	1117
9.113885924320205e-01	-6.906468513208391e-02	1118
9.205810370726641e-01	-6.531939771822795e-02	1119
9.293272768830719e-01	-6.156123261115288e-02	1120
9.661736207972437e-01	-4.272632930889001e-02	1121
9.721299168410711e-01	-3.896118466738680e-02	1122
7.779964219604697e-01	-1.092745529633696e-01	1123
9.989802911702309e-01	-1.342343881624080e-02	1124
4.608177438488121e-01	-1.483712533959673e-01	1125
4.771218825697507e-01	-1.478011814873137e-01	1126
4.283794421218992e-01	-1.490316984136535e-01	1127
4.445493765358401e-01	-1.487633820320587e-01	1128
9.528174240668645e-01	-5.025724015252464e-02	1129
9.597269570793659e-01	-4.649704531892553e-02	1130
1.375606880241051e-01	-1.214586915070604e-01	1131
1.496540644923048e-01	-1.244516351787913e-01	1132
9.869856026597489e-01	-2.770811817587027e-02	1133
9.908546429312857e-01	-2.401591754461744e-02	1134
7.573925921512263e-01	-1.139175093680718e-01	1135
1.034723904768075e-01	-1.119251965312706e-01	1136
1.147309459522269e-01	-1.151848516376648e-01	1137
1.258451214721491e-01	-1.183119257007264e-01	1138
5.825853032139228e-01	-1.408668291935039e-01	1139
3.046044507556041e-02	-7.705647445013747e-02	1140
3.807248278557447e-02	-8.220662750357730e-02	1141
4.634038919059024e-02	-8.689497235910898e-02	1142
5.442968227967545e-02	-9.116761911152785e-02	1143
3.329846616911801e-01	-1.472772058059241e-01	1144
3.485565597808296e-01	-1.479784074487315e-01	1145
3.643244800017316e-01	-1.484902521430368e-01	1146
3.801815611156605e-01	-1.488661465404894e-01	1147
3.961283296880611e-01	-1.490777648448479e-01	1148
1.749875133112022e-01	-1.298987629393963e-01	1149
1.881266160517978e-01	-1.323215975255035e-01	1150
2.014872142253106e-01	-1.345829540529759e-01	1151
2.151432967667920e-01	-1.366638818114143e-01	1152
2.290814489583353e-01	-1.386107869079821e-01	1153
9.819107352830310e-01	3.082310650032865e-02	1154
9.768900805827743e-01	3.436141114790062e-02	1155
9.713576263285015e-01	3.791586150658285e-02	1156
4.792226763167284e-01	1.530977695215817e-01	1157
4.628496604422026e-01	1.543478528803631e-01	1158
4.464416460676260e-01	1.554111816078329e-01	1159
4.301228977931034e-01	1.563150169567561e-01	1160
4.137554585307402e-01	1.570023877452051e-01	1161
4.503274488362949e-02	8.700876423733990e-02	1162
3.695090323598596e-02	8.191114175481065e-02	1163
2.568986129449193e-01	1.517078747232171e-01	1164
2.420657536662725e-01	1.500506589106352e-01	1165
1.234616337345779e-01	1.229820114533544e-01	1166
1.124171412236185e-01	1.192159239880912e-01	1167
1.012477567322406e-01	1.152757783579167e-01	1168
9.195461494426255e-01	6.270737336186187e-02	1169
9.103800457776466e-01	6.624806192835293e-02	1170
9.008192999161324e-01	6.974923759580325e-02	1171
8.908388995691278e-01	7.326741518989173e-02	1172
8.804316298239119e-01	7.674354678743955e-02	1173
8.696955369490481e-01	8.019843700234773e-02	1174
8.585482520250962e-01	8.363499937249178e-02	1175
8.411405243217136e-01	8.871260741809450e-02	1176
8.230627646475033e-01	9.373334547122172e-02	1177
8.040745181539850e-01	9.863340481651388e-02	1178
7.506351618659198e-01	1.112740454917315e-01	1179
7.223373830016234e-01	1.173291961303161e-01	1180
6.930652014818237e-01	1.231863512393318e-01	1181
6.321803563811383e-01	1.340913000668513e-01	1182
6.007579088574103e-01	1.390962934691610e-01	1183
2.274397834068202e-01	1.479914971572281e-01	1184
2.132563959878552e-01	1.456221003969481e-01	1185
1.994097264765031e-01	1.430621733683505e-01	1186
1.858756114831662e-01	1.402363434999667e-01	1187
1.726350474050631e-01	1.372048779597213e-01	1188
1.597375159443710e-01	1.339262294896727e-01	1189
1.472239861867977e-01	1.304468647825735e-01	1190
2.953385392516887e-02	7.641543350415494e-02	1191
2.287668496929925e-02	7.093276591129270e-02	1192
8.235973671757222e-01	-9.779694369128854e-02	1193
8.358527042927963e-01	-9.435280131695144e-02	1194
8.477332973825287e-01	-9.088685318940043e-02	1195
4.934173939722333e-01	-1.470672053481145e-01	1196
5.178207490943368e-01	-1.457071372803886e-01	1197
1.689674402972548e-02	6.582622035494312e-02	1198
1.093387026608188e-02	6.023120810600071e-02	1199
5.738830755724693e-03	5.436334650019348e-02	1200
9.049812222771621e-02	1.108526125923961e-01	1201
8.038498475999635e-02	1.062727532021939e-01	1202
7.076574020616441e-02	1.015511903775172e-01	1203
6.160376280576376e-02	9.667833679647070e-02	1204
5.296318238401661e-02	9.170018790377761e-02	1205
3.974761135987068e-01	1.574904284760532e-01	1206
3.812764448008946e-01	1.577268544800217e-01	1207
3.651883542791539e-01	1.577729920026465e-01	1208
3.491641094100876e-01	1.575805152850879e-01	1209
9.444656332814471e-01	5.208685087324510e-02	1210
9.366013009582436e-01	5.563137206853221e-02	1211
6.145485143140742e-01	-1.374251121327754e-01	1212
6.459578193097025e-01	-1.334361564889212e-01	1213
2.434520201632648e-01	-1.403403837566716e-01	1214
2.579893077579322e-01	-1.417398852030607e-01	1215
2.724416721015261e-01	-1.430699683486610e-01	1216
2.872429957585463e-01	-1.443601321192061e-01	1217
9.998356916525429e-01	-2.547900549753392e-03	1218
9.998130222399573e-01	2.541642650804958e-03	1219
-1.030966326291823e-02	-4.555236863999702e-02	1220
-1.561656820088413e-02	3.618996928424782e-03	1221
1.000812279922086e+00	-5.472692638828942e-04	1222
9.891363749801456e-01	-3.486100142236818e-02	1223
9.984564122389602e-01	2.104944131616758e-02	1224
-1.954267376996264e-02	1.952453028360986e-02	1225
9.731602067804652e-01	4.778767750511095e-02	1226
1.000979676893064e+00	-8.211980720514687e-03	1227
9.962365827294150e-01	-2.560581612153473e-02	1228
-2.041518286343806e-02	-1.340274874753967e-02	1229
1.431726808219614e-02	-7.700826153012072e-02	1230
-6.658386194232142e-03	-5.188991475281812e-02	1231
3.323772714561113e-01	1.796777461773321e-01	1232
1.000807100912042e+00	5.548722950239857e-04	1233
-1.041483073583755e-02	4.415445749002150e-02	1234
-1.802953700538647e-02	2.564085026219014e-02	1235
-2.326633991175778e-03	-5.826146698402395e-02	1236
9.846569322863375e-01	-3.954459906166569e-02	1237
5.359584121793445e-01	-1.694743219707034e-01	1238
9.957974990741996e-01	2.537941482099687e-02	1239
3.163302836146554e-01	-1.690203805246698e-01	1240
9.544206601967093e-01	-6.253685183544386e-02	1241
9.428985739511604e-01	-6.935879673644185e-02	1242
6.335406323979833e-01	-1.594975920084881e-01	1243
9.254849438159156e-02	-1.249175440954157e-01	1244
1.711190825165034e-01	-1.487689566219259e-01	1245
-1.810011454891409e-02	-2.683208956195152e-02	1246
4.288355291289899e-01	-1.726732935817257e-01	1247
7.154127338606105e-02	-1.152840461091560e-01	1248
8.171289783579916e-02	-1.201812607903893e-01	1249
1.183385158892762e-01	1.391157220267757e-01	1250
9.884868609808647e-01	3.438393744435956e-02	1251
9.333624691618523e-01	7.167395147754589e-02	1252
-2.035365023351363e-02	1.245999064670069e-02	1253
-6.866429250642372e-03	5.048510750127497e-02	1254
9.796574005662896e-01	-4.415564572694990e-02	1255
1.000418701962509e+00	1.214136432765086e-03	1256
9.924964200939022e-01	2.990343369265898e-02	1257
-1.038646712455431e-02	-2.634746697989697e-04	1258
-1.962873652580115e-02	-2.060807083293375e-02	1259
9.987977164785009e-01	-2.118732223030844e-02	1260
7.512563432183692e-01	-1.377461503866274e-01	1261
5.097319850379652e-01	1.753366904086615e-01	1262
4.806814610395271e-01	1.767803071517869e-01	1263
1.000519460913659e+00	1.681477908666789e-02	1264
1.001098364586311e+00	5.301292932156224e-06	1265
1.000876229932523e+00	8.192769137191186e-03	1266
-1.562901240720764e-02	-4.310833096093164e-03	1267
1.000429572426153e+00	-1.210939515053951e-03	1268
2.055285129153386e-02	-8.270407186669262e-02	1269
-1.601229649696099e-02	-3.306036750580868e-02	1270
-1.341659287551771e-02	-3.924552870717677e-02	1271
5.670334692891815e-01	1.689329755756980e-01	1272
8.151387707783810e-03	-7.116839265791476e-02	1273
9.669978057893601e-01	5.220182343922081e-02	1274
9.603401894039479e-01	5.658388945272559e-02	1275
5.383908904306176e-01	1.722500734319957e-01	1276
3.005093605379445e-01	1.777720665123834e-01	1277
2.695216340407632e-01	1.745040200150038e-01	1278
7.258116544702199e-01	-1.433796819878022e-01	1279
-1.344165044652556e-02	3.788891649241479e-02	1280
-1.597954355729306e-02	3.177438071218470e-02	1281
2.355752310552141e-03	-6.441066423364866e-02	1282
8.756148051311508e-01	-9.969940668183444e-02	1283
8.969851328598853e-01	-9.132554394715366e-02	1284
6.186690443282716e-02	-1.102020239357917e-01	1285
9.166807450606737e-01	-8.266787486641734e-02	1286
9.303766303156396e-01	-7.611262856470502e-02	1287
9.741068118362310e-01	-4.878221914762317e-02	1288
1.000773454796347e+00	-1.688670501549821e-02	1289
4.617128506862457e-01	-1.721557291216530e-01	1290
9.614548305976560e-01	-5.798747424978951e-02	1291
9.680317334344950e-01	-5.339507515466019e-02	1292
1.453004524092414e-01	-1.421191970464866e-01	1293
9.930404554672687e-01	-3.024259635677802e-02	1294
7.724289220477557e-01	-1.325674640543582e-01	1295
7.961122272198756e-01	-1.262160122110051e-01	1296
1.098514581946596e-01	-1.310597283026234e-01	1297
1.269041641475294e-01	-1.365971567925870e-01	1298
5.687563458251841e-01	-1.669868829854137e-01	1299
2.780348005682663e-02	-8.885186326379654e-02	1300
3.611397678548706e-02	-9.490355052168808e-02	1301
4.440823461679760e-02	-9.991959506794293e-02	1302
5.270647326796209e-02	-1.049538620555507e-01	1303
3.477859755062187e-01	-1.710041500645040e-01	1304
3.798789500620767e-01	-1.722008132945846e-01	1305
4.042361092858892e-01	-1.727258841124009e-01	1306
1.981480954440676e-01	-1.544259528900308e-01	1307
2.263151698076521e-01	-1.594247096002708e-01	1308
9.839026379481565e-01	3.890960088135184e-02	1309
9.788043622520924e-01	4.334808130268461e-02	1310
4.474415152650191e-01	1.790305979049248e-01	1311
4.142100567596037e-01	1.804961501980294e-01	1312
3.463435921234077e-02	9.476302012940634e-02	1313
2.393665054728681e-01	1.710173212203355e-01	1314
1.015051903215301e-01	1.327208751833610e-01	1315
8.185101252301173e-01	1.157159172120257e-01	1316
9.154504575100388e-01	8.000834502085695e-02	1317
8.958584092277574e-01	8.824945723297388e-02	1318
8.746435269149146e-01	9.628143461936632e-02	1319
8.550039017431833e-01	1.039837625064107e-01	1320
8.372043662880525e-01	1.098977535621434e-01	1321
7.958139046250445e-01	1.222643169416337e-01	1322
7.689339140235886e-01	1.295343646204713e-01	1323
7.409018919538096e-01	1.365389101174946e-01	1324
7.118692781705427e-01	1.432409141964231e-01	1325
6.818980694812067e-01	1.496069818327539e-01	1326
6.511275808827097e-01	1.555820038538359e-01	1327
6.197014374310863e-01	1.611453570116304e-01	1328
5.916810714579767e-01	1.656005205088987e-01	1329
2.097696284436964e-01	1.656313636357982e-01	1330
1.817555104616465e-01	1.593339718412412e-01	1331
1.615637824425236e-01	1.538707170662286e-01	1332
1.486272309348511e-01	1.498736976908186e-01	1333
1.361241859133037e-01	1.456973813586469e-01	1334
2.657643700569531e-02	8.834883523461884e-02	1335
1.954597558209051e-02	8.192000315826647e-02	1336
8.190711982542546e-01	-1.196097417652352e-01	1337
8.407473314437034e-01	-1.118514837203912e-01	1338
8.586432271925419e-01	-1.059318930298689e-01	1339
4.865273056477984e-01	-1.712453840925760e-01	1340
5.072857491913076e-01	-1.713067097474927e-01	1341
1.348473386476648e-02	7.601610268629241e-02	1342
7.491847423849750e-03	7.000355517070783e-02	1343
1.885482653315340e-03	6.311213462256471e-02	1344
-2.660255870937296e-03	5.688764111499853e-02	1345
8.999329776375477e-02	1.276822921865337e-01	1346
7.932033945407761e-02	1.223869081559250e-01	1347
6.931557041865903e-02	1.169568189113708e-01	1348
5.981513986442433e-02	1.113634521443817e-01	1349
5.083458882004462e-02	1.056254191554581e-01	1350
4.273143864737013e-02	1.001784177939246e-01	1351
3.811354705256171e-01	1.809305863414679e-01	1352
3.565732576300873e-01	1.806906231920972e-01	1353
9.532385485841752e-01	6.092370576410869e-02	1354
9.456670863982625e-01	6.523545453398674e-02	1355
6.014844748366946e-01	-1.636132771647842e-01	1356
6.650243150973565e-01	-1.547488423216588e-01	1357
6.958455061815723e-01	-1.493605547334360e-01	1358
2.558477661022167e-01	-1.631003092711590e-01	1359
2.854947808832797e-01	-1.663633173907560e-01	1360
1.001467301245625e+00	1.418062576602926e-02	1361
1.000471845527587e+00	-2.472435166357939e-03	1362
1.000241573713384e+00	-3.351136918804150e-03	1363
1.000767249306479e+00	6.704033709737961e-03	1364
3.707221041177566e-02	-1.116073118699834e-01	1365
1.001780675036837e+00	2.004395620666228e-02	1366
1.001097629296494e+00	3.555045430140427e-04	1367
1.001483610722312e+00	-9.832807168619812e-03	1368
-1.821586678910228e-02	-4.552272694750104e-02	1369
-7.181512990936717e-03	-6.672480604122112e-02	1370
1.000847533854736e+00	-6.717494060789484e-03	1371
1.001674311218451e+00	-1.422126391636825e-02	1372
-1.834678376438377e-02	4.416082929209094e-02	1373
-2.544243394584172e-02	1.660621832877809e-02	1374
-2.548393911095062e-02	-1.766481545903576e-02	1375
9.870473170976573e-01	4.762058959018260e-02	1376
7.676320058921241e-01	-1.587376359572065e-01	1377
3.429252244280557e-01	2.061716650183188e-01	1378
1.001352495058391e+00	9.813094201996660e-03	1379
9.302887185652864e-01	-9.361347786719187e-02	1380
3.847815052096936e-03	-8.172317919316537e-02	1381
3.511545353537171e-02	1.117703614638793e-01	1382
-1.538885494994007e-02	5.115470027254096e-02	1383
-1.515705132824573e-02	-5.253371048397791e-02	1384
4.168058531138466e-01	-2.001196263339838e-01	1385
9.644903440473591e-01	-7.047533404964854e-02	1386
6.535051711037750e-01	-1.836690095703880e-01	1387
5.548026596965575e-01	-1.958923661344129e-01	1388
9.923250164795990e-01	-4.245668217753151e-02	1389
9.960617696342777e-01	-3.680733498600766e-02	1390
9.841769196378714e-03	-8.796441268269703e-02	1391
1.635967475944212e-02	-9.472127697175932e-02	1392
1.000809032312195e+00	9.984780614584322e-04	1393
9.986304439649859e-01	3.089065305349114e-02	1394
1.001168955763310e+00	2.567920852824908e-02	1395
9.762345464482390e-01	5.853752213683618e-02	1396
2.820764727766474e-01	2.006620168834331e-01	1397
5.824500082615579e-01	1.949917503849960e-01	1398
7.159579967681926e-01	-1.715324700595320e-01	1399
5.925073716203231e-02	-1.263634669835089e-01	1400
1.000208170848286e+00	3.345769311413713e-03	1401
1.000447814323959e+00	2.472696992838829e-03	1402
-1.456485738497403e-02	1.427971145086153e-04	1403
9.879467553057100e-01	-4.819979110674943e-02	1404
9.819300544950025e-01	5.307794997658077e-02	1405
1.001101077534161e+00	-3.449639652519012e-04	1406
9.991672663687167e-01	-3.108402507797867e-02	1407
-2.455692602634270e-02	2.400947277034384e-02	1408
-1.146452482353786e-02	-5.975827797135845e-02	1409
5.237213146559290e-01	-1.981528531289494e-01	1410
-2.459397594302194e-02	-2.517696799300802e-02	1411
6.930581984025251e-02	-1.323241431429684e-01	1412
8.000855521324471e-02	-1.381171103773358e-01	1413
9.954008923678542e-01	3.650254599284435e-02	1414
-2.098714851923196e-02	6.186146951955395e-03	1415
9.829416900087861e-01	-5.381750684361988e-02	1416
1.001594062284948e+00	-2.578976503961682e-02	1417
7.439876624571296e-01	-1.649281524797215e-01	1418
-2.101391127763823e-02	-7.027499517194544e-03	1419
1.000818516793796e+00	-9.912738194106602e-04	1420
4.975607130501910e-02	-1.202155526437491e-01	1421
-2.302592586101109e-02	-3.198269450354334e-02	1422
-2.090164245523008e-02	-3.876745854235000e-02	1423
5.262610619177165e-01	2.015298291826005e-01	1424
-2.201673125486303e-03	-7.404172543476935e-02	1425
9.699861818741933e-01	6.394764522121398e-02	1426
5.551565023007069e-01	1.983475704591646e-01	1427
3.144772095051940e-01	2.040833029128206e-01	1428
6.093559930328898e-01	1.908423481988563e-01	1429
-2.095591803144937e-02	3.744934072408403e-02	1430
-2.302387635951587e-02	3.073234196424080e-02	1431
8.930057955584653e-01	-1.127420218543743e-01	1432
9.136583217515064e-01	-1.026332040289294e-01	1433
9.435120494913616e-01	-8.556814811698008e-02	1434
9.553955823274685e-01	-7.743249536182999e-02	1435
1.002097620735295e+00	-2.011015525845608e-02	1436
4.460222400978379e-01	-2.000262008708456e-01	1437
9.712129172040216e-01	-6.503962438828702e-02	1438
9.773549818075135e-01	-5.944929513671717e-02	1439
3.916704193171054e-01	-1.996365879607878e-01	1440
8.371697770119872e-01	-1.360530400947349e-01	1441
8.561303935862999e-01	-1.284606582818855e-01	1442
7.903587485545417e-01	-1.521033084578665e-01	1443
9.475744383911400e-02	-1.448663452055345e-01	1444
1.122121363285687e-01	-1.515536883611032e-01	1445
1.300330436539762e-01	-1.581844209358892e-01	1446
2.425189191829293e-02	-1.020798097761986e-01	1447
3.304732781334178e-01	-1.962510973167483e-01	1448
3.629933789437981e-01	-1.984160696840962e-01	1449
1.525451370994234e-01	-1.656006791101998e-01	1450
1.797015302342541e-01	-1.731834454181798e-01	1451
6.851276229476874e-01	-1.779670226673969e-01	1452
9.915443918951666e-01	4.202449414487180e-02	1453
4.957896122015780e-01	2.037841159997800e-01	1454
4.650938539553062e-01	2.053597811973283e-01	1455
1.035250246489884e-01	1.532231529429119e-01	1456
9.310407888824479e-01	9.008724696183117e-02	1457
9.123208669942225e-01	1.000342780576104e-01	1458
8.342687417751455e-01	1.337982271340178e-01	1459
8.918261494810424e-01	1.097602212019792e-01	1460
8.720044940187881e-01	1.187493938911810e-01	1461
8.526513535609435e-01	1.269354406699843e-01	1462
8.133246914937089e-01	1.410185433973801e-01	1463
7.883422192193628e-01	1.489876134871507e-01	1464
7.605896318566799e-01	1.571799716685366e-01	1465
7.317198241145985e-01	1.649578235248690e-01	1466
7.018318291831598e-01	1.722947901025700e-01	1467
6.710292891444188e-01	1.791452876443909e-01	1468
6.394847537025273e-01	1.854506750271193e-01	1469
2.514917829001837e-01	1.965818614248486e-01	1470
2.202807202447243e-01	1.911506897831607e-01	1471
1.908703143278254e-01	1.841623186676146e-01	1472
1.661706616541971e-01	1.771963418244827e-01	1473
1.429154346718350e-01	1.681201184051828e-01	1474
1.206545242307545e-01	1.604316413339930e-01	1475
2.271604915735193e-02	1.016627752231727e-01	1476
1.507967504780994e-02	9.401779928076873e-02	1477
8.138357745950168e-01	-1.446626702190756e-01	1478
8.738749744662518e-01	-1.212714014365712e-01	1479
4.754173638525993e-01	-1.994102279473939e-01	1480
4.970830650710499e-01	-1.990722122148034e-01	1481
8.769574541973243e-03	8.705009338429301e-02	1482
2.952380327784010e-03	8.064462073269334e-02	1483
-2.878739537393953e-03	7.281811085331076e-02	1484
-7.683367011348604e-03	6.540866728871983e-02	1485
-1.182490059795072e-02	5.839293338496165e-02	1486
8.873740832350664e-02	1.465531712623689e-01	1487
7.718826963578886e-02	1.403710114391058e-01	1488
6.664800041034649e-02	1.340665526473870e-01	1489
5.678442495470333e-02	1.276273550475075e-01	1490
4.747770452405591e-02	1.210231430115228e-01	1491
4.312480453477628e-01	2.069939058045916e-01	1492
3.973266888634198e-01	2.075941489202585e-01	1493
3.681130838324508e-01	2.072775682013342e-01	1494
9.594927329401484e-01	7.167966430470951e-02	1495
9.461654848042012e-01	8.108949769191466e-02	1496
5.882712804119880e-01	-1.927763536154594e-01	1497
6.212597755060013e-01	-1.886200522106758e-01	1498
2.078516316980994e-01	-1.797496313711998e-01	1499
2.378360843071986e-01	-1.852620745829557e-01	1500
2.678158258841135e-01	-1.894411747203214e-01	1501
2.986799919510009e-01	-1.932287647206316e-01	1502
1.000859973278681e+00	3.055108021182602e-03	1503
1.000267048487154e+00	-5.121495290325565e-03	1504
9.995384697891659e-01	-5.699991475351419e-03	1505
1.000446057275264e+00	1.157642113207801e-02	1506
-3.029412237327369e-02	2.885721735209809e-02	1507
1.000211237364670e+00	5.108619762384846e-03	1508
-2.680890314857118e-02	4.361442513151159e-02	1509
9.756931707582335e-01	-7.753069750183245e-02	1510
1.001169409036081e+00	-7.516744744735955e-04	1511
1.003305876750660e+00	-1.626252461373100e-02	1512
1.004900523870582e+00	-1.707417983251883e-02	1513
9.924185267052755e-01	-5.728113666614427e-02	1514
1.000798079814996e+00	1.440716769315697e-03	1515
9.913817440373175e-01	5.678175648027719e-02	1516
2.628979393172475e-01	2.254315748331936e-01	1517
1.002382301058246e+00	-8.664964810121592e-03	1518
1.001952920926788e+00	-7.373902080772876e-03	1519
-1.313264256428749e-02	-7.601474536334503e-02	1520
1.001161833790091e+00	7.626079728552476e-04	1521
-2.143089907036025e-02	5.867868960103015e-02	1522
1.338339623945348e-01	-1.831008819414737e-01	1523
3.433527552050000e-02	-1.286761498855012e-01	1524
9.454565653600907e-01	-1.037567639016967e-01	1525
7.864624513956880e-01	-1.809393771542277e-01	1526
1.000604624802125e+00	-1.161942140609475e-02	1527
1.001858800447860e+00	7.372612529883462e-03	1528
1.002266893128940e+00	8.664137871854936e-03	1529
1.000812004185780e+00	-1.434322801935954e-03	1530
-2.401039450371220e-02	-5.219868866972933e-02	1531
5.718374352664233e-01	2.276703974588881e-01	1532
6.747824993681394e-01	-2.100093839572398e-01	1533
4.317790208086962e-01	-2.307422906469446e-01	1534
5.998994357399597e-01	2.236582141182530e-01	1535
9.469589225363998e-01	9.963817296517850e-02	1536
9.105024956039992e-01	1.227823974167998e-01	1537
3.261149931474495e-01	2.337154390441942e-01	1538
1.977335396576264e-02	1.181848076015408e-01	1539
5.117709286164550e-01	-2.296148682516069e-01	1540
-2.426419025010761e-02	5.082535263317759e-02	1541
1.003141199038708e+00	2.985728457134116e-02	1542
5.418456716580520e-01	-2.279163087653915e-01	1543
9.994779166796462e-01	5.675539388608770e-03	1544
1.003058909447474e+00	1.623864115887449e-02	1545
1.004635080772415e+00	1.707340142664854e-02	1546
1.000891945932901e+00	-3.052206674126403e-03	1547
-3.118417868375079e-02	2.103695158761799e-02	1548
3.537269833386948e-01	2.359452667426067e-01	1549
1.001466362751773e+00	1.812032225330066e-04	1550
1.001468163971100e+00	-1.668763145961954e-04	1551
-7.885259339985394e-03	-8.458400481462779e-02	1552
-1.742318476531118e-02	-6.814869023245436e-02	1553
4.038455818557083e-01	-2.302955916741581e-01	1554
9.966811565834492e-01	-5.036769357862230e-02	1555
1.000010157550244e+00	-4.351872130177051e-02	1556
-1.877298491600929e-03	-9.305996846726071e-02	1557
3.983237389243542e-03	-9.992336864447608e-02	1558
1.000837007399558e+00	2.070500465564961e-03	1559
9.957752493050886e-01	5.000454670133282e-02	1560
9.864118832059173e-01	6.341983008864045e-02	1561
2.948886392342845e-01	2.301204373634966e-01	1562
7.066107038333641e-01	-2.031174373873159e-01	1563
5.034213141242343e-02	-1.404099882158535e-01	1564
1.003105997195497e+00	-3.696039429587163e-02	1565
-2.105403315520150e-02	-6.005230041440235e-02	1566
-3.118643402888445e-02	-2.219595939788405e-02	1567
6.595906468740018e-02	-1.506724554934119e-01	1568
7.896872985083142e-02	-1.589619696557575e-01	1569
1.002469085826790e+00	3.681786039826024e-02	1570
-2.614465686172306e-02	1.008149858896628e-02	1571
-1.906378812482015e-02	-2.356731262444720e-03	1572
1.003647096483887e+00	-2.994873292793916e-02	1573
7.365365006709769e-01	-1.956864776993023e-01	1574
7.628028596636919e-01	-1.883550940331327e-01	1575
-2.098756050831440e-02	-3.838567963005473e-04	1576
-2.617413802691328e-02	-1.105773290935862e-02	1577
1.000857740415398e+00	-2.065055925418984e-03	1578
-3.026530828308317e-02	-3.010046409077985e-02	1579
-2.881923230685061e-02	-3.754127644938918e-02	1580
-2.664705161169267e-02	-4.496662008735237e-02	1581
5.432826423272402e-01	2.308664324461098e-01	1582
9.807645020729380e-01	7.004365281386211e-02	1583
-2.890442434440722e-02	3.623508896539205e-02	1584
9.118928330498771e-01	-1.253019870831204e-01	1585
9.305110505151052e-01	-1.139752893661679e-01	1586
9.579496132355670e-01	-9.401078499514993e-02	1587
9.682703282565535e-01	-8.492220653460902e-02	1588
9.820459390576567e-01	-7.084211319403064e-02	1589
9.875731324480024e-01	-6.406359967994348e-02	1590
8.553120033751104e-01	-1.539463992270913e-01	1591
8.339783317172647e-01	-1.633655006276981e-01	1592
9.573808627023958e-02	-1.672221545134532e-01	1593
1.133325919085651e-01	-1.746529561452892e-01	1594
1.104591447268041e-02	-1.080593905001218e-01	1595
2.170970605735802e-02	-1.183902060456540e-01	1596
3.448708300822364e-01	-2.268227981697375e-01	1597
3.762086136213312e-01	-2.290680613296691e-01	1598
1.592657465067107e-01	-1.922214690269294e-01	1599
9.992387819318057e-01	4.327216184757128e-02	1600
5.124511933133941e-01	2.336250158906043e-01	1601
4.811661791115690e-01	2.353812807660001e-01	1602
9.301362213193697e-01	1.110171770008734e-01	1603
8.906263336999499e-01	1.336930765710143e-01	1604
8.710375807283032e-01	1.437512529416084e-01	1605
8.516631120579179e-01	1.527216995562618e-01	1606
8.317225065701088e-01	1.609762572037849e-01	1607
8.084571580369321e-01	1.698030446547648e-01	1608
7.817694911657707e-01	1.791168655976261e-01	1609
7.530076257936514e-01	1.882663403861933e-01	1610
7.231313067138555e-01	1.968487256960829e-01	1611
6.922309271156206e-01	2.048139040884417e-01	1612
6.604549137407927e-01	2.121091807494825e-01	1613
6.290647917888642e-01	2.184976850022557e-01	1614
2.311700161812912e-01	2.198222420775033e-01	1615
1.461795970190789e-01	1.940003779750492e-01	1616
1.248354831560302e-01	1.848943828271420e-01	1617
1.996233334698224e-01	2.122421836249797e-01	1618
1.719354210663213e-01	2.039419956755592e-01	1619
1.041613317904826e-01	1.760218521506512e-01	1620
9.474014979835976e-03	1.074024103944909e-01	1621
8.098434460589885e-01	-1.728297404965023e-01	1622
8.733344975182957e-01	-1.455233210803279e-01	1623
8.919751082709514e-01	-1.362619100557920e-01	1624
4.616527485882984e-01	-2.305536095640611e-01	1625
4.869777030043803e-01	-2.301876701882431e-01	1626
2.661927686226013e-03	9.904333237472943e-02	1627
-3.010501396863847e-03	9.201700704061169e-02	1628
-8.785043373736569e-03	8.340397351179639e-02	1629
-1.382263271335333e-02	7.473182239049786e-02	1630
-1.794997845892627e-02	6.680361370540586e-02	1631
8.798194662918185e-02	1.683110382905753e-01	1632
7.414734215733008e-02	1.601807359975084e-01	1633
6.291073854392540e-02	1.524904560133975e-01	1634
5.249999386336644e-02	1.451549335528920e-01	1635
4.267375405417754e-02	1.378372021593886e-01	1636
3.202245607700057e-02	1.290306376383098e-01	1637
4.487724578296353e-01	2.367031609540467e-01	1638
4.140165797483080e-01	2.374890734422128e-01	1639
3.817438626584712e-01	2.371701188834373e-01	1640
9.724894523438692e-01	7.826305689465123e-02	1641
9.612697060254758e-01	8.833836714480973e-02	1642
5.747481105030664e-01	-2.251639286059581e-01	1643
6.089028948005019e-01	-2.211195910289979e-01	1644
6.422242552593624e-01	-2.160125432582077e-01	1645
1.876772121457985e-01	-2.008768733169067e-01	1646
2.177604895266972e-01	-2.083698426545487e-01	1647
2.488255770132607e-01	-2.143748152127742e-01	1648
2.797237401907513e-01	-2.191734373143392e-01	1649
3.118420540503509e-01	-2.234810004209611e-01	1650
-3.770772157692626e-02	2.573445501482412e-02	1651
1.000413734046778e+00	-4.315118792422042e-03	1652
1.006675939737591e+00	3.371618840639970e-02	1653
-3.343719898787571e-02	-5.152794782061920e-02	1654
1.003732034292395e+00	1.407640741802783e-02	1655
1.000940623485719e+00	5.815469997387682e-02	1656
3.656726590653277e-01	2.694135792452741e-01	1657
8.553209001843278e-01	-1.828759292624961e-01	1658
-2.033354102417706e-02	-8.618003335644868e-02	1659
1.001260213139725e+00	1.728871242830099e-03	1660
9.644222533867539e-01	1.070613986143944e-01	1661
1.000367783450600e+00	4.307842521417337e-03	1662
-2.591821658194189e-02	3.641103169300919e-03	1663
1.002975363014115e+00	-1.005173391725495e-02	1664
1.000918253007485e+00	-3.964002988020808e-03	1665
8.320585506602242e-01	-1.939901084824124e-01	1666
-3.189762920804961e-02	1.396695244320651e-02	1667
1.001032629174596e+00	-2.617082463508069e-03	1668
1.001818523971967e+00	6.213789936182692e-03	1669
-3.097197359977029e-02	-5.925980185410810e-02	1670
8.076708456087992e-01	-2.042857212005507e-01	1671
4.471899164727672e-01	-2.649121992408365e-01	1672
9.880532495217471e-01	-8.297223742107891e-02	1673
1.374823621196926e-01	-2.115471047830334e-01	1674
4.174828022278346e-01	-2.645496089900969e-01	1675
9.970292508754429e-01	6.617506065555502e-02	1676
9.489834635509781e-01	1.208094314282093e-01	1677
5.605724205970996e-01	2.637759157849075e-01	1678
2.415542379080205e-01	2.519956552040528e-01	1679
9.485390848075529e-01	-1.244122932817328e-01	1680
-2.872393287836723e-02	6.666174571093035e-02	1681
2.084847472859036e-01	2.439438723526117e-01	1682
5.899650084889778e-01	2.600847330312291e-01	1683
1.000874979663484e+00	3.963999060788765e-03	1684
1.002836013859784e+00	1.005371633311917e-02	1685
1.001895441842352e+00	-6.210804649370914e-03	1686
1.003942341718115e+00	-1.407881752192146e-02	1687
1.004555135285940e+00	-2.319523032625185e-02	1688
1.001005259951265e+00	2.622889890706366e-03	1689
1.002411439917428e+00	1.187826226453228e-02	1690
1.001200565718819e+00	1.217138169172857e-03	1691
1.003240744412111e+00	-7.662815728828158e-03	1692
1.001278144753519e+00	-1.718249807503625e-03	1693
-2.464372702127940e-02	-7.709998693248228e-02	1694
1.001476391741292e+00	5.565691229338162e-04	1695
1.001482101548990e+00	-5.422668192702409e-04	1696
1.001878167983826e+00	9.341491179386163e-06	1697
1.001212884805730e+00	-1.206312139604462e-03	1698
9.308894955610136e-01	1.346548722251671e-01	1699
3.367783774145122e-01	2.670012294661095e-01	1700
-3.136121370297727e-02	5.786276357652986e-02	1701
-3.372036849773476e-02	5.013516153524539e-02	1702
5.290694288599586e-01	-2.632971300421973e-01	1703
1.005266292901644e+00	2.630862663661639e-02	1704
1.004178642947926e+00	2.315562669917136e-02	1705
1.002580101171878e+00	-1.189123792462406e-02	1706
1.003138023917772e+00	7.678664498038637e-03	1707
-2.819013851402072e-02	-6.804742157555947e-02	1708
1.001961717656799e+00	-5.843449781273707e-02	1709
1.004979183889085e+00	-5.019811144496177e-02	1710
-1.503390773407789e-02	-9.583540493073064e-02	1711
-6.107630148065651e-03	-1.089790828811682e-01	1712
1.727414611965936e-02	-1.362272695820438e-01	1713
3.063754748827576e-01	2.632266627461502e-01	1714
2.740235205491963e-01	2.580421757789360e-01	1715
6.977999352814918e-01	-2.385254659953444e-01	1716
1.006013768415733e+00	-4.235827082844732e-02	1717
3.153186218237709e-02	-1.486280760806458e-01	1718
4.723298972530290e-02	-1.614517332413239e-01	1719
6.107229446221261e-02	-1.720758771991651e-01	1720
-3.190967709515398e-02	-1.505638035651079e-02	1721
1.007250505055796e+00	-3.375847745816233e-02	1722
1.005703126511519e+00	-2.634199131595917e-02	1723
7.293821166603605e-01	-2.303300371490718e-01	1724
7.580716630714843e-01	-2.218420345571963e-01	1725
7.836536864753882e-01	-2.132994635249486e-01	1726
-2.643607373891373e-02	-5.371497629915577e-03	1727
-3.765390026708788e-02	-2.698718091201416e-02	1728
-3.687067849913257e-02	-3.526056448316328e-02	1729
-3.543618456727090e-02	-4.351271261331748e-02	1730
9.923575792939268e-01	7.419146267324998e-02	1731
-3.562400189934227e-02	4.214717095808410e-02	1732
-3.697947325993493e-02	3.394356997615604e-02	1733
9.318361670343527e-01	-1.372388000002593e-01	1734
9.621720201462589e-01	-1.124020221197705e-01	1735
9.732800203167724e-01	-1.011004462139124e-01	1736
9.818169270756895e-01	-9.116797733213142e-02	1737
9.936527843011034e-01	-7.471740937732921e-02	1738
9.981907888876168e-01	-6.657364371912049e-02	1739
7.726773327768668e-02	-1.826268906611204e-01	1740
9.513900820563352e-02	-1.921041733974126e-01	1741
1.140115739046291e-01	-2.009752178536089e-01	1742
5.669375982025160e-03	-1.238903686719764e-01	1743
3.582727848091103e-01	-2.610402217994927e-01	1744
3.886887448834044e-01	-2.633293393021875e-01	1745
1.005275313080272e+00	4.225321617883286e-02	1746
1.004101192251094e+00	5.002123732545628e-02	1747
5.300451812187227e-01	2.667776339041603e-01	1748
4.978283054870693e-01	2.689827193676121e-01	1749
9.113153305948120e-01	1.480243607948531e-01	1750
8.917463733364629e-01	1.602805747993899e-01	1751
8.719719049449893e-01	1.715606326469382e-01	1752
8.518061994026609e-01	1.817937688073905e-01	1753
8.298188367956384e-01	1.918074625671558e-01	1754
8.044441559879270e-01	2.023320277588885e-01	1755
7.762110969628662e-01	2.129920135893876e-01	1756
7.462616250237178e-01	2.231568477387401e-01	1757
7.151627427519890e-01	2.325639532067112e-01	1758
6.830542529807955e-01	2.411495371593534e-01	1759
6.507172567761618e-01	2.487367503092643e-01	1760
6.196653299728671e-01	2.550732847205000e-01	1761
1.258517912331843e-01	2.121718294910825e-01	1762
1.777930334161075e-01	2.343707903387732e-01	1763
1.496236053716768e-01	2.232734478320428e-01	1764
1.053789876898694e-01	2.020082027833049e-01	1765
3.721543915862898e-03	1.233712994607218e-01	1766
8.749607911729032e-01	-1.725659044419203e-01	1767
8.932375376167638e-01	-1.622931452313162e-01	1768
9.126439101064353e-01	-1.503659006459833e-01	1769
4.750582587832107e-01	-2.648105702012494e-01	1770
5.004251036078432e-01	-2.644461416292589e-01	1771
-4.835257566685093e-03	1.122204604907200e-01	1772
-1.033029203996775e-02	1.038247945950767e-01	1773
-1.614240163504183e-02	9.466877418730105e-02	1774
-2.122353756103675e-02	8.490664751975098e-02	1775
-2.534695222892601e-02	7.575422482331351e-02	1776
8.639831244380870e-02	1.927903254347379e-01	1777
7.020926647073675e-02	1.829640118393980e-01	1778
5.235201767805789e-02	1.682452698851478e-01	1779
3.709589403333737e-02	1.557424650149449e-01	1780
2.620533444110548e-02	1.470962400979603e-01	1781
1.494917107816625e-02	1.361888925397954e-01	1782
4.654559157745611e-01	2.702796119983378e-01	1783
4.312577740755623e-01	2.709868111469779e-01	1784
3.967647056540155e-01	2.707495758780190e-01	1785
9.857748245931359e-01	8.334223169471629e-02	1786
9.767196722033941e-01	9.425238445688169e-02	1787
5.615092915132093e-01	-2.609659847457534e-01	1788
5.961942984147761e-01	-2.573155545015856e-01	1789
6.309942047256466e-01	-2.521593466964246e-01	1790
6.647957576577063e-01	-2.458697284862328e-01	1791
1.651418941154721e-01	-2.223326604947477e-01	1792
1.954447399427877e-01	-2.322288507649706e-01	1793
2.273260962422278e-01	-2.406084277914037e-01	1794
2.593693517824270e-01	-2.470639667507463e-01	1795
2.914995340968529e-01	-2.526561507709720e-01	1796
3.251100667243974e-01	-2.574679101894799e-01	1797
1.003806179991881e+00	-8.911825208203576e-03	1798
1.008845724675465e+00	-3.053893718318000e-02	1799
1.007646808619759e+00	6.639038656619478e-02	1800
-3.834528450513305e-02	1.797956853234355e-02	1801
-3.213199555789702e-02	6.690732767282439e-03	1802
1.008772547580159e+00	-6.656552627950699e-02	1803
6.895128189109773e-01	-2.781868291512610e-01	1804
8.565980665757198e-01	-2.154751702436749e-01	1805
3.475709214980778e-01	3.043957991632123e-01	1806
1.007299541239474e+00	3.894106894885131e-02	1807
1.002934280137072e+00	-6.743343276446301e-03	1808
1.000825117056662e+00	5.457633752123803e-03	1809
1.000887923568172e+00	-5.464304776841309e-03	1810
1.001576683024322e+00	-9.628975074368007e-04	1811
-1.196927371637951e-03	-1.415765433316906e-01	1812
1.003682431973143e+00	8.930997886974979e-03	1813
1.001891053149986e+00	-3.388775977438740e-04	1814
9.527906205117759e-01	1.446487712540671e-01	1815
1.004489340565319e+00	1.212735785330355e-02	1816
1.007537995633024e+00	2.376381444168926e-02	1817
1.004991910650100e+00	2.005671803237426e-02	1818
1.001566431166928e+00	9.778264287159848e-04	1819
9.531073227637771e-01	-1.477596073846601e-01	1820
8.783412073413449e-01	-2.029191092390858e-01	1821
-3.832248838491336e-02	-1.917124467757961e-02	1822
-3.324687956845921e-02	-8.664139348315010e-02	1823
-3.500636600340894e-03	1.411717090136023e-01	1824
1.836581558205172e-01	2.688755257277127e-01	1825
1.005312014026664e+00	-2.006574092074263e-02	1826
9.824844678390862e-01	1.121277703762637e-01	1827
8.321046400350333e-01	-2.281169086787862e-01	1828
1.141289834718280e-01	-2.309421749803843e-01	1829
1.007972733207343e+00	-3.899675545007243e-02	1830
-2.904338785060346e-02	-9.710311070307008e-02	1831
4.749997029635685e-01	-3.024479744078702e-01	1832
1.008610453977298e+00	5.645600318435731e-02	1833
5.792132329400881e-01	3.004131210950062e-01	1834
1.000964847822019e+00	-8.574979666995208e-02	1835
5.483586374342589e-01	-3.005654756079947e-01	1836
-3.740699311656220e-02	7.510685682809384e-02	1837
1.258519257209935e-01	2.430569723770554e-01	1838
1.403326233485946e-01	-2.437881018517453e-01	1839
4.321105226156236e-01	-3.027851972521249e-01	1840
3.788798319000055e-01	3.070174186178744e-01	1841
-4.145367514649537e-02	-5.831759824936185e-02	1842
-3.927837855470536e-02	-6.666517928807837e-02	1843
1.001378678736398e+00	2.239725043985331e-03	1844
-3.033240168086624e-02	-6.703960082942489e-04	1845
9.692401460521465e-01	1.280797462734050e-01	1846
2.170125985298565e-01	2.796068762118013e-01	1847
1.001402583236378e+00	-2.228855627826300e-03	1848
1.004667552822857e+00	-1.210889793454834e-02	1849
-3.670708346457282e-02	-7.652406568117835e-02	1850
1.001678266075999e+00	1.421371192719300e-03	1851
1.002846147885768e+00	6.758308859569529e-03	1852
1.001887273713819e+00	3.576276929744146e-04	1853
1.001693508576166e+00	-1.405761033318208e-03	1854
-3.981174696980359e-02	6.522758830714988e-02	1855
-4.186706842663453e-02	5.687298874334004e-02	1856
1.008329026146927e+00	3.054205892845325e-02	1857
1.009578014457052e+00	-5.657242866924553e-02	1858
9.309871960278721e-02	-2.199637883201715e-01	1859
3.166143616215074e-01	3.003713765559790e-01	1860
2.842029266865246e-01	2.947542109123266e-01	1861
2.512411053696433e-01	2.880490532648767e-01	1862
1.172408515062028e-02	-1.564699650232334e-01	1863
2.636012767246052e-02	-1.703747043915258e-01	1864
4.063646558541095e-02	-1.837975277339408e-01	1865
1.013868168451013e+00	-4.740283703799001e-02	1866
1.007929575907957e+00	-2.374588890614720e-02	1867
7.227823205071946e-01	-2.692442426947853e-01	1868
7.537509137398566e-01	-2.596101829499355e-01	1869
7.816603577145415e-01	-2.497193029161148e-01	1870
8.071988310209426e-01	-2.394498584005729e-01	1871
-3.235498996898616e-02	-8.163381031091448e-03	1872
-4.321083751602181e-02	-4.969739155428358e-02	1873
-4.508809722314736e-02	-3.188087387533589e-02	1874
-4.444299302123701e-02	-4.083000035123403e-02	1875
1.003940129132322e+00	7.557347511586576e-02	1876
-4.351248542346899e-02	4.826604726244108e-02	1877
-4.464578956387257e-02	3.943276022102119e-02	1878
-4.521121154740115e-02	3.053505787765932e-02	1879
9.680296728455731e-01	-1.328900439597523e-01	1880
9.799986261780902e-01	-1.188954189138244e-01	1881
9.892091086688624e-01	-1.062209392982561e-01	1882
9.958800491088565e-01	-9.544850851856179e-02	1883
1.005208769392054e+00	-7.585675601629475e-02	1884
5.611565862876856e-02	-1.966764899745923e-01	1885
7.418191575312687e-02	-2.091344293238989e-01	1886
-2.225069068317576e-02	-1.101100818568893e-01	1887
-1.290800472711015e-02	-1.260804548622984e-01	1888
3.707918517678083e-01	-2.992896376973497e-01	1889
4.016531320568418e-01	-3.016178640482183e-01	1890
1.013066930196351e+00	4.741736312172645e-02	1891
5.481697079361814e-01	3.037549598815978e-01	1892
5.156084318029471e-01	3.063930163394888e-01	1893
9.342634283018220e-01	1.607990808327593e-01	1894
9.149424173128934e-01	1.758470912958215e-01	1895
8.952266817153888e-01	1.897306693994123e-01	1896
8.747863646128532e-01	2.025741391757901e-01	1897
8.531605615140393e-01	2.145839760161055e-01	1898
8.289846094775137e-01	2.266253886480107e-01	1899
8.016188327434425e-01	2.389385543414093e-01	1900
7.717871650714182e-01	2.509978540458077e-01	1901
7.403909110902610e-01	2.622541361663466e-01	1902
7.078199652909870e-01	2.725130261182664e-01	1903
6.745996513854273e-01	2.816267088336505e-01	1904
6.419324103746420e-01	2.893759039721290e-01	1905
6.103524717688693e-01	2.956668646774115e-01	1906
1.527441095174468e-01	2.563290513092782e-01	1907
1.038672020466112e-01	2.308422343718241e-01	1908
8.477097280655112e-02	2.205507348918563e-01	1909
9.353730437394446e-01	-1.631194584011174e-01	1910
8.972690774793118e-01	-1.909414829534367e-01	1911
9.161366168399734e-01	-1.779060216355214e-01	1912
5.165725396889780e-01	-3.024415812855907e-01	1913
-1.313771078068095e-02	1.275651051785378e-01	1914
-1.972649465395727e-02	1.160473898146041e-01	1915
-2.483469988824181e-02	1.066897385251283e-01	1916
-3.013872803427051e-02	9.581993704187008e-02	1917
-3.413467732149269e-02	8.527497546702638e-02	1918
6.573253973613569e-02	2.087631290466714e-01	1919
3.161745873533233e-02	1.781811592412187e-01	1920
1.945223232274574e-02	1.669859929773051e-01	1921
4.694586826231284e-02	1.930776143183474e-01	1922
7.591202947893404e-03	1.552159790242843e-01	1923
4.822243987965012e-01	3.079852886373417e-01	1924
4.481895531397254e-01	3.086546070138630e-01	1925
4.128546051087334e-01	3.084225035476330e-01	1926
9.991514391253145e-01	8.602544912871499e-02	1927
9.922919468274326e-01	9.797591884576348e-02	1928
5.832044690006438e-01	-2.974965682524142e-01	1929
6.194837512426062e-01	-2.925092363305558e-01	1930
6.550264375264934e-01	-2.859853904904558e-01	1931
1.703301497317705e-01	-2.563689517078802e-01	1932
2.028024999997215e-01	-2.676026200742808e-01	1933
2.364026105676163e-01	-2.768381138086691e-01	1934
2.693460200856113e-01	-2.838740855409970e-01	1935
3.031999007567544e-01	-2.902977684043648e-01	1936
3.378149930188230e-01	-2.955473693148480e-01	1937
1.421804675781853e-01	-2.802242130199928e-01	1938
1.001586743166633e+00	2.815177531573664e-03	1939
1.004632346723312e+00	-7.785945787083956e-03	1940
1.004133168934948e+00	-6.855606845380882e-03	1941
1.002085679591348e+00	-1.065278610735679e-03	1942
1.005789735621421e+00	1.375296101867798e-02	1943
9.417918264038728e-01	-1.914788309199968e-01	1944
1.001617867538314e+00	-2.803331289999459e-03	1945
1.013672162350368e+00	7.416800704796325e-02	1946
1.132180270877468e-01	-2.648845643592072e-01	1947
1.008483575277862e+00	2.039171609807737e-02	1948
1.007145636828454e+00	1.828752154450137e-02	1949
1.005998607908035e+00	-1.372035937395353e-02	1950
1.001802785140713e+00	-1.904732671226501e-03	1951
1.002849293874399e+00	-5.628492165761014e-03	1952
1.004521584609877e+00	-1.030707431133023e-02	1953
1.004373533855758e+00	1.033147818183363e-02	1954
-5.230635092247697e-02	-5.601539044960219e-02	1955
1.001945645727355e+00	6.767492501291488e-04	1956
1.553609747258558e-01	2.936624724087190e-01	1957
-9.564702077579828e-03	-1.614638664455843e-01	1958
9.228564696410121e-01	-2.078918320268870e-01	1959
8.835017705381240e-01	-2.369994195697200e-01	1960
-5.272912131332564e-02	5.450661246288729e-02	1961
5.673584998155221e-01	3.449796937328940e-01	1962
3.262745560159594e-01	3.420513660477648e-01	1963
9.757848600938916e-01	-1.556885063580637e-01	1964
7.168515499323899e-01	-3.128962052160210e-01	1965
4.153972352422464e-01	-3.444017001744764e-01	1966
-2.293126980043684e-02	1.448218965803580e-01	1967
4.000886125904135e-02	2.205447670661270e-01	1968
8.962976793978059e-02	-2.513048937168970e-01	1969
1.015194341213395e+00	6.212931353881860e-02	1970
1.016499686411586e+00	5.471684370435593e-02	1971
-3.861896944600753e-02	1.039336995546873e-02	1972
-2.167784562094384e-02	-1.445159858026029e-01	1973
6.816438885586551e-01	-3.225881810038219e-01	1974
8.598789538835153e-01	-2.518898467361849e-01	1975
3.590778388325311e-01	3.464070838871917e-01	1976
1.001832053180261e+00	5.165477691179253e-03	1977
1.001894266556665e+00	-5.158180505313355e-03	1978
1.001952945070310e+00	-6.575129783496038e-04	1979
1.004523748983058e+00	7.821303599566809e-03	1980
1.004039820085826e+00	6.887006888603702e-03	1981
1.001532151006845e+00	-3.490541510763036e-03	1982
1.008815549488500e+00	2.718241829360029e-02	1983
1.001492870714068e+00	3.499364068208535e-03	1984
9.039928541515624e-01	-2.225744861690517e-01	1985
9.599285634071189e-01	-1.736572732130151e-01	1986
-4.555313689148919e-02	-2.333683790087955e-02	1987
1.891981000158219e-01	3.078417715519758e-01	1988
1.009270942727734e+00	-2.715613456534375e-02	1989
9.760865934211550e-01	1.514498180569176e-01	1990
1.011773934352267e+00	-3.486650686585306e-02	1991
-4.331891674109882e-02	-9.664854214762662e-02	1992
5.352638268199308e-01	-3.444359358133003e-01	1993
3.932785237040628e-01	3.492398545956482e-01	1994
1.251446069432128e-01	2.780632775090107e-01	1995
-4.673693779789968e-02	-8.551286629455321e-02	1996
1.002777458598098e+00	5.646486254617268e-03	1997
-3.663696118016539e-02	1.654300356942600e-03	1998
-3.671285979850990e-02	-3.000482794563892e-03	1999
9.900757625345566e-01	1.319819936424367e-01	2000
-5.086379021351647e-02	-6.518778005050933e-02	2001
-4.908295119143180e-02	-7.441497007709569e-02	2002
1.001781727934909e+00	1.920712317037559e-03	2003
1.002346150309586e+00	1.190093435703627e-05	2004
1.002073717981000e+00	1.085617699883236e-03	2005
-4.976767597189494e-02	7.291685048561437e-02	2006
-5.141147871838224e-02	6.367616931986493e-02	2007
1.011177191806581e+00	3.490177253735692e-02	2008
2.931422648092136e-01	3.359691077901374e-01	2009
2.596721258691059e-01	3.284821850001193e-01	2010
2.248906141686620e-01	3.196315245235503e-01	2011
4.023163828929649e-03	-1.787072972222933e-01	2012
1.767091515524558e-02	-1.934008532685527e-01	2013
1.016236092243880e+00	-6.214026184500039e-02	2014
1.017415309653711e+00	-5.467706979283272e-02	2015
1.007436808242685e+00	-1.825210721025016e-02	2016
1.008813601135353e+00	-2.034178256888459e-02	2017
7.501135807660977e-01	-3.021062875037561e-01	2018
7.805620901222231e-01	-2.907140128660647e-01	2019
8.082569948348068e-01	-2.788578624234192e-01	2020
8.343764142568524e-01	-2.661032338224668e-01	2021
-3.866818467277014e-02	-1.175413223327759e-02	2022
-5.360250505854298e-02	-3.699448194357152e-02	2023
-5.321968217667492e-02	-4.655715694586529e-02	2024
-5.352600802091260e-02	4.507095041780265e-02	2025
-4.562249234157648e-02	2.204523524590031e-02	2026
-5.380751013365267e-02	3.554819914984206e-02	2027
9.885671716057776e-01	-1.384172500253097e-01	2028
9.982388800039723e-01	-1.225273158507611e-01	2029
1.005076073571304e+00	-1.086388716994059e-01	2030
1.009923520545589e+00	-9.666487824065804e-02	2031
1.011743327820498e+00	-8.453720990754542e-02	2032
1.014897600912660e+00	-7.426550128082711e-02	2033
3.247894348316786e-02	-2.087685467724528e-01	2034
4.988787517203206e-02	-2.243080969011731e-01	2035
6.933621384930998e-02	-2.386869792596272e-01	2036
-3.882226583616052e-02	-1.103017518599311e-01	2037
-3.112792410802702e-02	-1.257493062557392e-01	2038
3.831755579836530e-01	-3.420388852226546e-01	2039
5.344162921624105e-01	3.480308241004172e-01	2040
9.592221686777320e-01	1.709168301597858e-01	2041
9.407696535261878e-01	1.893466861395325e-01	2042
9.214647864999292e-01	2.064077643442807e-01	2043
9.011622950486780e-01	2.223243843446314e-01	2044
8.795459615887600e-01	2.372212447737463e-01	2045
8.560350391169562e-01	2.514841351410249e-01	2046
8.296210358316433e-01	2.657860522544560e-01	2047
8.002248132921553e-01	2.800168833300497e-01	2048
7.685859165522678e-01	2.935777140598886e-01	2049
7.354219694023175e-01	3.060107960861579e-01	2050
7.012611737080583e-01	3.171026541934470e-01	2051
6.670546846479849e-01	3.266334415673722e-01	2052
6.335423608167599e-01	3.345132567152355e-01	2053
6.003626626818100e-01	3.407117806976080e-01	2054
1.003510139342843e-01	2.629609512800982e-01	2055
8.065674576760649e-02	2.511588653847913e-01	2056
4.541158198026132e-01	-3.452360374082647e-01	2057
4.961211280642495e-01	-3.453506380182175e-01	2058
-3.077742578093850e-02	1.300841149601281e-01	2059
-3.562157156319963e-02	1.187133028400946e-01	2060
-4.065978326667274e-02	1.077464557433928e-01	2061
-4.439661216374714e-02	9.524115809193696e-02	2062
-4.761209164573637e-02	8.404339174651983e-02	2063
6.082978537039875e-02	2.380810022498518e-01	2064
1.054190370389167e-02	1.890097476871586e-01	2065
2.296529522287785e-02	2.024876801782820e-01	2066
-1.301686583584564e-02	1.602029600225555e-01	2067
-1.245897700109274e-03	1.761343070789365e-01	2068
4.999616037929617e-01	3.501016512099688e-01	2069
4.650541116018587e-01	3.509518335732902e-01	2070
4.292765392735343e-01	3.507089925509325e-01	2071
1.010173883612839e+00	8.476578202162638e-02	2072
1.007455583344373e+00	9.875950784896011e-02	2073
1.000357450387904e+00	1.140878672104594e-01	2074
5.698385793976474e-01	-3.418554314956105e-01	2075
6.074603344691137e-01	-3.374468138808505e-01	2076
6.451427499145201e-01	-3.308396677603353e-01	2077
1.747746751027977e-01	-2.947671610359685e-01	2078
2.095625674540627e-01	-3.074041639915712e-01	2079
2.446995215970191e-01	-3.173719764260030e-01	2080
2.788788976546795e-01	-3.252899482853149e-01	2081
3.144538251078731e-01	-3.325094505718939e-01	2082
3.497129931933402e-01	-3.381435679036890e-01	2083
1.013290496407347e+00	-4.009549813614353e-02	2084
1.009946729362588e+00	1.798665427967778e-02	2085
1.006428774524811e+00	-1.144485765640327e-02	2086
1.013128666375339e+00	-2.989817007040597e-02	2087
1.007093581680299e+00	-1.566304011966747e-02	2088
-6.288563132092972e-02	-6.234202510896766e-02	2089
5.715970457883824e-01	3.924557079131035e-01	2090
7.473492664638101e-01	-3.498404587290970e-01	2091
3.010920175199461e-01	3.822040564390325e-01	2092
1.012620039969475e+00	2.998226187942312e-02	2093
-6.380931839716851e-02	5.070001028913848e-02	2094
6.244355001206559e-02	-2.716009249114389e-01	2095
9.516746301427230e-01	-2.220965381724899e-01	2096
1.005419579366414e+00	-6.764669303650999e-03	2097
9.697279690885570e-01	-2.018622404953461e-01	2098
1.235691874024761e-01	3.176558009366611e-01	2099
1.021073940944951e+00	-4.838130129420345e-02	2100
7.115552617560733e-01	-3.618272698859010e-01	2101
-5.839250276567529e-02	-9.508268573732290e-02	2102
1.001916700883664e+00	2.506187650045915e-03	2103
1.002430131398250e+00	5.832720275774432e-04	2104
1.002215110329847e+00	1.602610577799207e-03	2105
1.020263490771031e+00	4.851379794461357e-02	2106
-1.266416020370977e-02	1.985214560922325e-01	2107
-3.245772293023831e-02	-1.646507543473076e-01	2108
-4.572361331165985e-02	1.395109002505747e-02	2109
6.739026398871658e-01	-3.722913827754009e-01	2110
4.338811431472108e-01	-3.920721279456935e-01	2111
1.021315470934078e+00	-9.217756420447835e-02	2112
1.022143506947278e+00	-8.213045801314806e-02	2113
1.428863238974197e-01	-3.213152902226263e-01	2114
3.959387544997948e-01	-3.898097005959199e-01	2115
-1.988347362372855e-02	-1.831505715894626e-01	2116
1.022454910510826e+00	6.918216515358123e-02	2117
1.022861024094187e+00	5.966440960722723e-02	2118
9.998823320096011e-01	1.539203501425536e-01	2119
3.715337806299236e-01	3.935854358730591e-01	2120
9.992416051362060e-01	-1.597538049789866e-01	2121
-4.309444970423865e-02	1.461624929465208e-01	2122
1.241213821312358e-02	2.295181913697010e-01	2123
4.084052611927904e-01	3.966329513172595e-01	2124
1.109391731531422e-01	-3.031955021128857e-01	2125
8.451157497698875e-02	-2.865817405294946e-01	2126
1.002686594982172e+00	4.656539580995240e-03	2127
1.002436646404661e+00	-5.586274575212966e-04	2128
1.006848261768152e+00	1.570468603876819e-02	2129
8.909538286560621e-01	-2.750358591099590e-01	2130
1.002233170596919e+00	-1.581265805052966e-03	2131
1.001944889440122e+00	-2.489789133393909e-03	2132
1.010996058403103e+00	2.361517999726275e-02	2133
1.003890484181456e+00	-6.110059984123492e-03	2134
1.005340188852026e+00	-9.059277515501651e-03	2135
1.006257137698993e+00	1.149341961103166e-02	2136
1.005324326678425e+00	6.814282028449568e-03	2137
1.572434963600958e-01	3.357701336379615e-01	2138
-6.343274984814790e-02	6.074007950181146e-02	2139
3.360032553184845e-01	3.888404687231902e-01	2140
9.859346771798626e-01	-1.807120888893694e-01	2141
3.611470665655549e-01	-3.857613460374639e-01	2142
-3.495035309087115e-02	1.635339887154910e-01	2143
-5.394518290803777e-02	2.611267361760886e-02	2144
-4.570574372104085e-02	-1.528179591623408e-02	2145
1.003808688796458e+00	6.140391278586967e-03	2146
1.001647793694799e+00	-4.275261386210098e-03	2147
1.005210067987792e+00	9.100678741941716e-03	2148
1.002744400778316e+00	-4.636462555293215e-03	2149
1.002204569531532e+00	-3.225295851894660e-03	2150
1.012604043728286e+00	4.013627854346002e-02	2151
1.001598280077388e+00	4.282841665648704e-03	2152
9.133247102392250e-01	-2.576494936652927e-01	2153
9.330057465131716e-01	-2.404605844968391e-01	2154
-6.339371575151112e-02	-5.228763224461755e-02	2155
-5.381919094417923e-02	-2.750959480453787e-02	2156
1.011386990221339e+00	-2.353580200491834e-02	2157
1.002166773642022e+00	3.242939678496991e-03	2158
-4.218283899193161e-02	-6.058713676424677e-04	2159
-6.171080180470931e-02	-7.201420165331314e-02	2160
-6.052976566116066e-02	-8.254692206897499e-02	2161
-6.239269130591981e-02	7.041738660013039e-02	2162
1.940560320145353e-01	3.516960562712631e-01	2163
2.665004039438442e-01	3.738036580648727e-01	2164
2.315092214790017e-01	3.644113855181324e-01	2165
-7.016255144345781e-03	-2.021842932265549e-01	2166
1.010236278202526e+00	-1.790424274681925e-02	2167
7.805446335164279e-01	-3.368111067699290e-01	2168
8.108537162751235e-01	-3.230696176886625e-01	2169
8.389020962079158e-01	-3.084398421723462e-01	2170
8.657181755154025e-01	-2.923498473091799e-01	2171
-4.382781569393648e-02	-6.035633865462445e-03	2172
-6.338846097748654e-02	-4.216384302676146e-02	2173
-6.368406824194431e-02	4.060664747768081e-02	2174
1.009224242332213e+00	-1.401593776527379e-01	2175
1.015951517506712e+00	-1.226597934447200e-01	2176
1.018570796691387e+00	-1.071574793522991e-01	2177
1.023849872206403e+00	-5.952981689704116e-02	2178
1.023585859790846e+00	-6.909811960635250e-02	2179
6.386145711210084e-03	-2.185993408334967e-01	2180
2.265941817078358e-02	-2.367044887755444e-01	2181
4.169658068936515e-02	-2.550225302820977e-01	2182
-5.515390824276626e-02	-1.079612581470308e-01	2183
-4.997915328857055e-02	-1.252815117590413e-01	2184
-4.235628337342296e-02	-1.428709436458256e-01	2185
9.856413528476348e-01	1.769499733438031e-01	2186
9.689304416357395e-01	1.993454833147373e-01	2187
9.506469470611095e-01	2.203120913087399e-01	2188
9.310062826675228e-01	2.399191029813721e-01	2189
9.097013465534090e-01	2.584018163934562e-01	2190
8.864916503250049e-01	2.759120738398682e-01	2191
8.608224206534326e-01	2.928749869331888e-01	2192
8.320728109054393e-01	3.096975978953312e-01	2193
8.004457401985481e-01	3.260304877298006e-01	2194
7.666675144042698e-01	3.412416286691975e-01	2195
7.314583010066524e-01	3.549142444412866e-01	2196
6.956528207571211e-01	3.667814957710470e-01	2197
6.600858697220351e-01	3.766872302722717e-01	2198
6.246110457219886e-01	3.846288567068106e-01	2199
3.187444642749410e-02	2.513429036020167e-01	2200
9.512499151477413e-02	2.991532633377766e-01	2201
7.378383189385060e-02	2.849225657439566e-01	2202
4.752065659648438e-01	-3.929442941422430e-01	2203
5.170540278512800e-01	-3.927644826460936e-01	2204
-4.888789551735431e-02	1.311271180441989e-01	2205
-5.288675798370369e-02	1.200562418737393e-01	2206
-5.667643390284954e-02	1.057577843429588e-01	2207
-5.945333682653731e-02	9.353963732048608e-02	2208
-6.137339207112000e-02	8.096546237431815e-02	2209
5.370727935307836e-02	2.704855934905015e-01	2210
-1.592321199004051e-03	2.127160827543070e-01	2211
-2.429448735247234e-02	1.809300268389851e-01	2212
5.189784069732605e-01	3.970861212506058e-01	2213
4.826089837037225e-01	3.982885388085833e-01	2214
4.458490181178637e-01	3.981630677359714e-01	2215
1.010507651426347e+00	1.319013728799913e-01	2216
1.020734323699038e+00	8.238705437398151e-02	2217
1.019390326856785e+00	9.386312868278165e-02	2218
1.015155430167626e+00	1.116705423642202e-01	2219
5.563446880992594e-01	-3.909014385158894e-01	2220
5.944773032747168e-01	-3.872819912068040e-01	2221
6.347384228322337e-01	-3.809299523344443e-01	2222
1.783256671481215e-01	-3.379923340113396e-01	2223
2.155299668240275e-01	-3.520427937377915e-01	2224
2.519502831178265e-01	-3.627676116633883e-01	2225
2.878309416595166e-01	-3.717815580349256e-01	2226
3.249349251740805e-01	-3.797561259331752e-01	2227
7.066677619155597e-01	-4.166680299400491e-01	2228
1.003118960691941e+00	3.695173405620782e-03	2229
-6.383201808002889e-02	1.455580067350840e-01	2230
-7.579784362703490e-02	6.697650308276215e-02	2231
-7.528560489795508e-02	7.700251698705007e-02	2232
1.011883539115194e+00	-2.050298462015918e-02	2233
-5.360608296480947e-02	-1.870155315961485e-02	2234
7.818027416728571e-01	-3.885937187093377e-01	2235
-3.135630301479096e-05	2.601269234882814e-01	2236
9.013115914631640e-01	-3.172081864351103e-01	2237
1.070440007456835e-01	-3.463423230107677e-01	2238
1.009724561992774e+00	1.504941901759366e-02	2239
1.018555153034822e+00	-4.284390873172188e-02	2240
1.012815718319641e+00	2.717116637176137e-02	2241
1.007827077572244e+00	1.299561304151951e-02	2242
1.580854064533976e-01	3.831643777183904e-01	2243
1.003659758325754e+00	5.058108965741430e-03	2244
1.016137141165326e+00	3.496971504535878e-02	2245
-5.217355896225550e-02	-9.182672201696773e-03	2246
1.002907177481825e+00	2.217553978369534e-04	2247
1.002909605367972e+00	-1.915754680725490e-04	2248
1.016730670100321e+00	-3.485115221316831e-02	2249
2.717573418973410e-01	4.246798312724597e-01	2250
-7.166773015802609e-02	-1.051512889192892e-01	2251
-5.366840244620531e-02	1.731990132221025e-02	2252
-4.346723197290240e-02	6.290116296659467e-03	2253
1.032007898648147e+00	-8.800719598478467e-02	2254
1.031905483859248e+00	-7.663111521441922e-02	2255
4.118511290075174e-01	-4.431568870866600e-01	2256
7.746734192817729e-02	-3.262638325164074e-01	2257
-6.318577866941112e-02	-3.167906684031709e-02	2258
3.847431957935922e-01	4.465190223112632e-01	2259
8.841198594267066e-02	3.401073339357075e-01	2260
-4.909949575542122e-02	1.842184541192892e-01	2261
-7.566342859969860e-02	5.617878454524699e-02	2262
-3.856118149632455e-02	2.030366623540360e-01	2263
4.238540706750188e-01	4.498330657517459e-01	2264
3.085735145229145e-01	4.340882366380805e-01	2265
1.024025948485223e+00	5.502484600124545e-02	2266
7.455056791620307e-01	-4.034072009911361e-01	2267
9.990635142223230e-01	-2.076347064697873e-01	2268
5.318102014018541e-02	-3.082342988939230e-01	2269
1.013272588397369e+00	-2.707502133845529e-02	2270
1.008026840848113e+00	-1.292781936033170e-02	2271
6.528692594297785e-01	4.324928681883015e-01	2272
6.658130846219137e-01	-4.279150536906821e-01	2273
9.830897117221752e-01	-2.320342516003963e-01	2274
1.012237795602256e+00	-1.827717855618898e-01	2275
1.208394268819272e-01	3.623246784597522e-01	2276
1.002666253725339e+00	1.170626942880237e-03	2277
1.002360195524967e+00	2.146858630799159e-03	2278
1.020030490201562e+00	1.501612126516620e-01	2279
1.024938053125720e+00	-5.485916121546169e-02	2280
1.030649232713272e+00	6.477906740367524e-02	2281
1.422716396853794e-01	-3.675658622327097e-01	2282
3.726066894112268e-01	-4.388067967575259e-01	2283
1.031698300175908e+00	-6.454508697513049e-02	2284
-5.742239499675104e-02	1.635121200408449e-01	2285
-7.512387581761497e-02	-6.869046604591253e-02	2286
-7.447101447475322e-02	-7.870793294430656e-02	2287
1.002679758618850e+00	-1.143664179755227e-03	2288
1.002121675301721e+00	-3.997015903237425e-03	2289
1.003725655339331e+00	-5.026535247266786e-03	2290
1.002384900757311e+00	-2.124659273698436e-03	2291
1.011546062338454e+00	2.060276769192934e-02	2292
1.006087911606000e+00	-7.920958565203617e-03	2293
3.462210198139331e-01	4.413466510583405e-01	2294
1.005973657321612e+00	7.976781131181226e-03	2295
1.003164759175991e+00	-3.666944643846178e-03	2296
1.017832562878042e+00	4.295680244413855e-02	2297
9.255358472013220e-01	-2.964942238812229e-01	2298
9.465785076877208e-01	-2.759233747246682e-01	2299
9.654429324189530e-01	-2.548368070385214e-01	2300
-7.463713353562351e-02	-4.719538471123223e-02	2301
-7.513633814391045e-02	-5.788339065255463e-02	2302
-7.502889700279750e-02	4.551392798282337e-02	2303
1.009961962639185e+00	-1.495969226701284e-02	2304
1.002074204756213e+00	4.011410755747198e-03	2305
-7.375367067964493e-02	-9.115429872352555e-02	2306
1.976719366435457e-01	4.008704444363885e-01	2307
2.362602425046537e-01	4.144192818206354e-01	2308
-4.540094347969868e-02	-1.865945906061712e-01	2309
-3.380597951612481e-02	-2.060361998764083e-01	2310
8.151296951626186e-01	-3.726764633281491e-01	2311
8.457379168227384e-01	-3.556968084057763e-01	2312
8.744178636410596e-01	-3.372357219696480e-01	2313
-4.966986601780519e-02	-1.322532434608407e-03	2314
-6.337645089231857e-02	3.016762652490208e-02	2315
1.019474740685474e+00	-1.577594869781960e-01	2316
1.026817243019243e+00	-1.369067348503674e-01	2317
1.031359399421644e+00	-1.017741520095486e-01	2318
1.030515820980196e+00	-1.171527777714739e-01	2319
-2.131090144069380e-02	-2.271124017097511e-01	2320
3.102937947989739e-02	-2.889732004348814e-01	2321
-7.164438021864904e-03	-2.466446379051933e-01	2322
1.081163287941266e-02	-2.674972417751309e-01	2323
-6.865256109873169e-02	-1.212417373496434e-01	2324
-6.344467354099323e-02	-1.413248186781122e-01	2325
-5.589287904539437e-02	-1.618456543771055e-01	2326
1.012262451648114e+00	1.776623567287555e-01	2327
9.985035775464299e-01	2.042250817556819e-01	2328
9.822716487056028e-01	2.297481302211467e-01	2329
9.640666882745768e-01	2.537969412845901e-01	2330
9.437321641567132e-01	2.766195038794169e-01	2331
9.211138137347705e-01	2.983213511156983e-01	2332
8.959824347862182e-01	3.190416176659106e-01	2333
8.679348014551774e-01	3.391700864525280e-01	2334
8.366242498560846e-01	3.588398794200983e-01	2335
8.024216134566047e-01	3.775220556067451e-01	2336
7.661279108325511e-01	3.945524546562963e-01	2337
7.286425140455159e-01	4.095096506748911e-01	2338
6.908427820424612e-01	4.221575796317221e-01	2339
6.043975826985051e-01	4.416204090907425e-01	2340
2.140444607829926e-02	2.852378204105959e-01	2341
6.409501294970066e-02	3.223750414452523e-01	2342
4.535449991675884e-01	-4.453626288422809e-01	2343
4.965259422593954e-01	-4.460944022395384e-01	2344
-7.082892585297285e-02	1.171801480835990e-01	2345
-7.302758709704556e-02	1.030734051553899e-01	2346
-7.476562122998875e-02	8.946528870179778e-02	2347
4.342069951459347e-02	3.058915227086571e-01	2348
-1.624231315452258e-02	2.391629109727621e-01	2349
-2.761928586585238e-02	2.216345673455603e-01	2350
5.483765775354780e-01	4.479464664029461e-01	2351
4.821723858041516e-01	4.507856309356637e-01	2352
1.030648876173696e+00	7.698531938196916e-02	2353
1.030432119764276e+00	8.937187230701558e-02	2354
1.026664103824194e+00	1.250522535310396e-01	2355
1.028898552514468e+00	1.055795277401872e-01	2356
5.394074318623955e-01	-4.451660208642370e-01	2357
5.806485288082242e-01	-4.423059660242883e-01	2358
6.231029545790298e-01	-4.367357862980852e-01	2359
1.808233929792047e-01	-3.865412157907626e-01	2360
2.202741336940301e-01	-4.020072132176066e-01	2361
2.580289520265504e-01	-4.136176881862248e-01	2362
2.959175768141026e-01	-4.238616413391321e-01	2363
3.347221209748601e-01	-4.325824030711677e-01	2364
1.012641594823475e+00	1.711983352537286e-02	2365
1.025010728001017e+00	-4.324350567200837e-02	2366
1.022519775325291e+00	-3.773619496578327e-02	2367
-6.256356318420300e-02	-2.194959382887354e-02	2368
1.004800026174304e+00	-5.418418557151859e-03	2369
-8.801343821880565e-02	5.009092361673212e-02	2370
2.572821062080682e-01	4.759504402969957e-01	2371
8.212824371008897e-01	-4.283196829904758e-01	2372
3.858496242641865e-01	-4.983492843501767e-01	2373
-5.640452745187089e-02	2.260432127562567e-01	2374
-8.925769254130821e-02	6.141258475020514e-02	2375
3.985934564044973e-01	5.045255735259485e-01	2376
1.000475398319887e+00	-2.637858274857625e-01	2377
1.008431392312780e+00	-1.088828154589073e-02	2378
1.013318049325828e+00	-1.777100178172925e-02	2379
1.012519400615650e+00	-1.620984905317667e-02	2380
5.187562563683864e-02	3.643190399115455e-01	2381
-3.304507646505836e-02	2.688391749488545e-01	2382
1.003030274282586e+00	7.558084173218435e-04	2383
1.002839066689740e+00	1.762369811134783e-03	2384
1.043290385204913e+00	-1.297843244204678e-01	2385
1.006920703482431e+00	-9.283221641588303e-03	2386
1.006858202336710e+00	-6.704206343598014e-03	2387
1.006783467444806e+00	9.347113707024372e-03	2388
1.010285512416721e+00	1.263094463961188e-02	2389
1.002859836299333e+00	-1.734003411767815e-03	2390
1.003039102006571e+00	-7.243296334422877e-04	2391
-6.183365986261480e-02	-1.262111814494855e-02	2392
-5.829238684829038e-02	-2.920777744048785e-03	2393
1.166012595567644e-01	4.125905048387964e-01	2394
7.444410768529741e-01	-4.635213989268795e-01	2395
9.411262989511034e-01	-3.392972129923467e-01	2396
1.027723679227364e+00	4.856898864687030e-02	2397
-8.719667177511090e-02	-1.162408632601297e-01	2398
4.296286020441671e-01	-5.027230161852934e-01	2399
-8.647959549297947e-02	1.361030671417355e-01	2400
-8.983239308372991e-02	7.272783455711759e-02	2401
-9.012796774142737e-02	8.387297957172427e-02	2402
-1.488234742854502e-02	2.943564238640728e-01	2403
3.571166844527714e-01	4.993189648286711e-01	2404
1.040779866459059e+00	-7.044510154889441e-02	2405
1.401538355442324e-01	-4.195275986355281e-01	2406
9.150650203501784e-01	-3.637809602742085e-01	2407
1.012878972878836e-01	-3.948508289000500e-01	2408
6.823037497332310e-02	-3.708769337199995e-01	2409
4.122133394559123e-02	-3.489973529728471e-01	2410
7.017300431133316e-01	-4.781484777841111e-01	2411
7.844280743638342e-01	-4.467352338530566e-01	2412
1.742132504776832e-02	-3.263592754863268e-01	2413
1.573945217966065e-01	4.363279367412612e-01	2414
1.004184691251677e+00	4.061496776136789e-03	2415
1.004725977550258e+00	5.463343633929031e-03	2416
1.003494711523362e+00	1.854939097656207e-05	2417
-8.888824064609396e-02	-1.004541310895794e-01	2418
-6.267129337459558e-02	2.047365630984405e-02	2419
1.038752400012960e+00	1.417737062089811e-01	2420
1.042180592338694e+00	-8.223741002910638e-02	2421
8.004479545824120e-02	3.864147958312963e-01	2422
-6.598904053372337e-02	2.060561920756379e-01	2423
-7.379476401186137e-02	-3.565284055353666e-02	2424
3.161153417527297e-01	4.917299646933726e-01	2425
1.041371078301756e+00	9.862925315905550e-02	2426
1.015783187517651e+00	-2.360744230147230e-01	2427
1.014991789730673e+00	-2.312772144609278e-02	2428
1.010482820001176e+00	-1.252455495292212e-02	2429
1.029976932278060e+00	-2.081592635183175e-01	2430
1.002730793239029e+00	2.822496942981413e-03	2431
1.028527601854905e+00	-4.831616032890648e-02	2432
-7.455233829836641e-02	1.824219747553247e-01	2433
-8.091028523578382e-02	1.617891431577990e-01	2434
-8.862019023647734e-02	-6.325266099511889e-02	2435
1.002764462053333e+00	-2.797134605269320e-03	2436
1.004237626241430e+00	-4.020533186307713e-03	2437
1.014605550127853e+00	2.326926653237877e-02	2438
1.008264835775729e+00	1.096922916636289e-02	2439
1.006760905249610e+00	6.774304716303652e-03	2440
1.024287463621201e+00	4.346001325910645e-02	2441
1.021887836552998e+00	3.793506858102471e-02	2442
9.637352353403865e-01	-3.145785574440769e-01	2443
9.831943506764161e-01	-2.897614187859493e-01	2444
-8.752361659684915e-02	-5.191119104340752e-02	2445
-8.903988422789606e-02	-7.457355019445769e-02	2446
-8.917600861240661e-02	-8.571271501467453e-02	2447
1.992897401345851e-01	4.557997309829361e-01	2448
-3.857820141156824e-02	-2.540951032678060e-01	2449
8.550302399286639e-01	-4.084943026479691e-01	2450
8.861936623126012e-01	-3.870453196666206e-01	2451
-5.243980821126801e-02	7.530185611501873e-03	2452
-7.405327000581916e-02	3.401420823163980e-02	2453
1.043163382504465e+00	-9.544102149058628e-02	2454
1.034616199131379e+00	-1.757055315345679e-01	2455
1.039086073616333e+00	-1.529786148087620e-01	2456
1.043953500161168e+00	-1.101854621138376e-01	2457
-6.184105682481511e-02	-2.092278476361537e-01	2458
-5.132646558478951e-02	-2.302928249945583e-01	2459
-2.318846314398159e-02	-2.781095843833691e-01	2460
-4.309314043432564e-03	-3.014380751502283e-01	2461
-8.444699143756530e-02	-1.358458250277061e-01	2462
-7.892326696396017e-02	-1.584231503583483e-01	2463
-7.186838576054506e-02	-1.828830481145977e-01	2464
1.034369437445048e+00	1.692160179403961e-01	2465
1.024736590506011e+00	2.011377472152263e-01	2466
1.014969754530715e+00	2.328990515231360e-01	2467
9.994526196495507e-01	2.620287707877395e-01	2468
9.811481161742817e-01	2.899489670688664e-01	2469
9.599504944197368e-01	3.167472972810480e-01	2470
9.357371295959839e-01	3.424112047668891e-01	2471
9.084514913159036e-01	3.670071359693610e-01	2472
8.777467612934235e-01	3.908438161263461e-01	2473
8.435049871416010e-01	4.137738796570910e-01	2474
8.062948236359216e-01	4.351068946187414e-01	2475
7.671145729266162e-01	4.541330287883298e-01	2476
7.269379042549002e-01	4.704667410887736e-01	2477
6.859351461741205e-01	4.830039744922566e-01	2478
6.382845385734542e-01	4.956577297612837e-01	2479
4.740985058245373e-01	-5.048343422996053e-01	2480
-8.895434799506458e-02	1.127981521555669e-01	2481
-9.010934007186740e-02	9.835568471474704e-02	2482
2.992327140658869e-02	3.438333162050383e-01	2483
7.513953980592611e-03	3.219443196992282e-01	2484
-4.611491720902584e-02	2.460576109241630e-01	2485
5.814971782018876e-01	5.041063206762892e-01	2486
5.160344454180252e-01	5.087018066522765e-01	2487
4.505809509718252e-01	5.089979772184952e-01	2488
1.039656471935835e+00	7.090575159315464e-02	2489
1.040856022812133e+00	8.338820147960811e-02	2490
1.041336158662995e+00	1.169439482945100e-01	2491
5.193559159638316e-01	-5.050483632407515e-01	2492
6.565198222747798e-01	-4.901179378398967e-01	2493
5.642628012943499e-01	-5.030952369019766e-01	2494
6.097589716931139e-01	-4.986198764325481e-01	2495
1.818531698962885e-01	-4.409181821520036e-01	2496
2.234566575132060e-01	-4.578250178823969e-01	2497
2.627577903531103e-01	-4.705447826191270e-01	2498
3.030811852366530e-01	-4.821215433740026e-01	2499
3.444623801120738e-01	-4.912142063909410e-01	2500
1.014937800936418e+00	1.968814304870210e-02	2501
5.446841021939857e-01	-5.696605897224818e-01	2502
1.010472954980606e+00	1.034698240052714e-02	2503
5.652178902810824e-02	-4.210069292006230e-01	2504
1.031961323794623e+00	5.526932526871839e-02	2505
-1.071963839943371e-01	1.265031196862361e-01	2506
-1.054329166001265e-01	1.536554548390551e-01	2507
4.176659197199055e-01	5.710973753084354e-01	2508
2.626063723245535e-02	-3.943847367890979e-01	2509
1.040873567691130e+00	-6.031259651404134e-02	2510
8.669538321608496e-01	-4.674372644713743e-01	2511
-1.052108207964888e-01	-1.285855693174911e-01	2512
-1.022219015891389e-01	-5.616329857020738e-02	2513
1.103910931007975e-01	4.689637486343507e-01	2514
1.039973430921683e+00	6.079734229923990e-02	2515
1.015197032935155e+00	-2.050593492206211e-02	2516
1.008724475794418e+00	9.063716975037980e-03	2517
1.007572767639850e+00	8.036524089797666e-03	2518
1.007690862087792e+00	-7.957703800101686e-03	2519
-1.046734774029160e-01	6.630044870063305e-02	2520
3.714056742007919e-02	4.115846557435885e-01	2521
1.036827017572658e+00	-2.658405188035172e-01	2522
-7.261221188677626e-02	-2.499085206659791e-02	2523
9.606218154825219e-01	-3.862189519251096e-01	2524
4.376433170148642e-04	-3.674467545374770e-01	2525
-8.580138387559104e-02	-3.922264944372426e-02	2526
1.545347526214135e-01	4.956919295374814e-01	2527
-8.645341371765400e-02	2.281366230091575e-01	2528
1.058278989083706e+00	-1.204932391643924e-01	2529
4.725739867309030e-01	-5.699249176693378e-01	2530
4.012415784009318e-01	-5.646492343599899e-01	2531
7.437460582566910e-01	-5.310319362880931e-01	2532
9.343202462942858e-02	-4.493118371329670e-01	2533
1.028789151340501e+00	-3.821621616564669e-02	2534
1.031808430250135e+00	-4.227849122255017e-02	2535
1.021162179722806e+00	3.230768690359386e-02	2536
1.016981710689316e+00	2.671531526727096e-02	2537
-7.206567007002890e-02	-1.653339534201868e-02	2538
-1.059365915651393e-01	-1.101413432330573e-01	2539
-8.613688294820453e-02	3.744111236704294e-02	2540
3.470686439321961e-01	5.580819681875617e-01	2541
8.294532704081682e-01	-4.907320128709439e-01	2542
1.021925573667769e+00	-2.968490840915602e-01	2543
1.006113125897700e+00	-5.579244712910851e-03	2544
1.008860631659594e+00	-8.970432860900613e-03	2545
1.119519437977913e-02	3.855511836206155e-01	2546
-5.259886747071311e-02	3.018340899163807e-01	2547
1.003748580411084e+00	3.045407079374362e-03	2548
1.003311479671979e+00	1.327088368140245e-03	2549
1.012413750717614e+00	-1.421392140604313e-02	2550
1.012184686989779e+00	1.434443160476645e-02	2551
1.005421698568066e+00	-4.356898541447155e-03	2552
1.003327421119138e+00	-1.292669751364377e-03	2553
6.958528246981909e-01	-5.471087344658057e-01	2554
1.032865990573238e+00	-5.497410461527989e-02	2555
-1.070798989427405e-01	9.113612112230493e-02	2556
1.055523211186821e+00	1.310626242506235e-01	2557
1.051541649980277e+00	-7.515584027939837e-02	2558
7.883534278369866e-01	-5.120337065849613e-01	2559
1.006034104216679e+00	5.641624073662415e-03	2560
1.005361758949678e+00	4.412670499588502e-03	2561
-6.828727849130246e-02	-4.771941048689623e-03	2562
6.967179924329724e-02	4.386423960844090e-01	2563
-1.028022697608691e-01	5.418876139017469e-02	2564
2.697861051456155e-01	5.417799048367506e-01	2565
1.056429585237791e+00	-1.021316016637708e-01	2566
1.017429427190711e+00	-2.654584310828293e-02	2567
1.021699574563109e+00	-3.210031350309003e-02	2568
1.010632484583592e+00	-1.023122387495069e-02	2569
1.045720499446420e+00	-2.337905757746370e-01	2570
1.002989307235896e+00	2.439586029306654e-03	2571
-9.459145836731075e-02	2.030194163149747e-01	2572
-1.001375448263951e-01	1.789969206714287e-01	2573
-1.039316481454535e-01	-6.829611462532946e-02	2574
1.003018651575711e+00	-2.410387852929138e-03	2575
1.003786956610858e+00	-3.007941203897255e-03	2576
1.031103402623939e+00	4.260488457217355e-02	2577
1.028149698952927e+00	3.851068128381371e-02	2578
9.848059403697231e-01	-3.566092425703149e-01	2579
1.005031301607825e+00	-3.269802328837720e-01	2580
-1.059747869704772e-01	-9.331027554903641e-02	2581
-1.049267985885661e-01	-7.988228457571336e-02	2582
-1.058274490078057e-01	7.788087396451672e-02	2583
2.082913789588351e-01	5.204275487636038e-01	2584
9.012806249101828e-01	-4.423626423230383e-01	2585
9.325906940011280e-01	-4.151273492321284e-01	2586
-6.213310665735056e-02	8.369006979252703e-03	2587
-7.276550294158338e-02	2.339698499335575e-02	2588
1.053931023411401e+00	-1.950188726163456e-01	2589
1.055672732177667e+00	-1.680619559232191e-01	2590
1.057698934674940e+00	-1.444005364321121e-01	2591
-8.215307109135203e-02	-2.322040856932386e-01	2592
-7.228893641861987e-02	-2.564665933274987e-01	2593
-5.873124503702691e-02	-2.835396131727748e-01	2594
-4.230255668445602e-02	-3.123727478925915e-01	2595
-2.279225005208385e-02	-3.389506624527355e-01	2596
-9.121587746059003e-02	-2.049958226852498e-01	2597
-1.029196026510490e-01	-1.520946350941993e-01	2598
-9.776055982450015e-02	-1.768303595902268e-01	2599
1.054637270570055e+00	1.585141739511551e-01	2600
1.049935407679840e+00	1.914967470452288e-01	2601
1.043625795833058e+00	2.245719802129161e-01	2602
1.037381805077153e+00	2.638908785280309e-01	2603
1.020514564584335e+00	2.962113122061349e-01	2604
1.002141354437683e+00	3.288529688194166e-01	2605
9.799802125192365e-01	3.605548745096766e-01	2606
9.540442314608474e-01	3.909922287638382e-01	2607
9.243364354023906e-01	4.202535312880462e-01	2608
8.905834963835296e-01	4.484625084342104e-01	2609
8.529328941428174e-01	4.751497062163216e-01	2610
8.122397382637749e-01	4.994610585929094e-01	2611
7.696751458518049e-01	5.206851819369239e-01	2612
7.237625120238055e-01	5.368887221723180e-01	2613
6.777591115561773e-01	5.530485989119074e-01	2614
-1.074276770812984e-01	1.070128862487053e-01	2615
-3.314939066038450e-02	3.318433611567255e-01	2616
-9.640986415852858e-03	3.616981723202310e-01	2617
-6.738567001588122e-02	2.732965676786586e-01	2618
-7.818773988080195e-02	2.498408522686616e-01	2619
6.181653640948440e-01	5.658664032608747e-01	2620
5.516776800645744e-01	5.726150669286514e-01	2621
4.819062039373925e-01	5.746121960269591e-01	2622
1.052704386481564e+00	9.065921436465847e-02	2623
1.050410000682986e+00	7.620092058238372e-02	2624
1.054035216913519e+00	-8.800198056273779e-02	2625
1.054737659000646e+00	1.078748953815903e-01	2626
5.935687949732624e-01	-5.669787895650984e-01	2627
6.450407114052727e-01	-5.595012619701542e-01	2628
1.361368785314599e-01	-4.777533132938561e-01	2629
1.809947006300587e-01	-5.016818591974308e-01	2630
2.246972789521344e-01	-5.201116705232172e-01	2631
2.660640373155311e-01	-5.342878226562779e-01	2632
3.324416177464063e-01	-5.512972227354572e-01	2633
1.010630470155564e+00	8.302774084299382e-03	2634
-9.990137606833903e-02	-4.372604627234505e-02	2635
1.026429730090145e+00	3.449272124126358e-02	2636
1.018365743909999e+00	2.238673584795808e-02	2637
8.008635160709323e-03	-4.449692117450327e-01	2638
-8.362178194008681e-02	-2.383343695364580e-02	2639
7.932529180700267e-01	-5.854627518888802e-01	2640
-2.003839360664181e-02	-4.123583407856320e-01	2641
-7.224768261956568e-02	8.480395355750564e-03	2642
1.010181659246456e+00	-4.020849070415620e-01	2643
9.198368232670541e-01	-5.038756849432994e-01	2644
7.425671328721443e-01	-6.069530046797877e-01	2645
4.205323734135156e-02	-4.773104446499804e-01	2646
-1.260935519834303e-01	-1.422813258041560e-01	2647
1.015391545932577e+00	1.593727463854415e-02	2648
5.088405367179003e-01	-6.434453557108296e-01	2649
-1.241278503037035e-01	8.282805586182579e-02	2650
1.022853844090244e+00	-2.678694827150997e-02	2651
1.007524071426169e+00	-5.454988114919858e-03	2652
1.007444442354676e+00	5.537316709236046e-03	2653
1.006729935829140e+00	-4.424155145514755e-03	2654
-7.960587214100848e-02	-7.617536104814110e-03	2655
-1.022374870214789e-02	4.323598265500562e-01	2656
5.681393439442235e-02	4.973600228697371e-01	2657
1.027003020667965e+00	-3.421164632126986e-02	2658
1.014986038013654e+00	-1.508126159276848e-02	2659
1.003531833313479e+00	1.990177313366673e-03	2660
1.012747615450013e+00	-1.161892031874829e-02	2661
-1.150191494391229e-01	-2.277107515297379e-01	2662
-1.258340058294663e-01	-1.200127409540971e-01	2663
-1.262967353897764e-01	9.864812119049261e-02	2664
-1.291512041848438e-01	1.415216576038206e-01	2665
1.003743930968588e+00	-7.243475343935239e-04	2666
1.040345622593916e+00	5.172228703336607e-02	2667
6.877738652473455e-01	-6.244173725282087e-01	2668
1.047819558130028e+00	-3.312210573212585e-01	2669
9.844863318995403e-01	-4.374783950158337e-01	2670
-1.275633184358696e-01	1.169766189016788e-01	2671
1.015959242287658e-01	5.319268127483057e-01	2672
-1.112227714407751e-01	2.499216916810784e-01	2673
1.035437903757902e+00	4.855484859836711e-02	2674
1.049928349183505e+00	-6.476649661381875e-02	2675
5.730339114061641e-01	-6.396470816673983e-01	2676
-1.188671954114537e-01	-5.994502817555574e-02	2677
1.012561824861507e+00	1.176243173628533e-02	2678
4.442356396021044e-01	6.453763239747983e-01	2679
-1.250634954087826e-01	-1.016495500622464e-01	2680
1.545583375720055e-01	5.642092990001902e-01	2681
1.068760715244951e+00	-2.574609913711689e-01	2682
1.016660320247082e+00	-1.748783481081223e-02	2683
1.009182175470296e+00	7.392143909713296e-03	2684
1.008339619529882e+00	6.652150440589239e-03	2685
1.008437532330314e+00	-6.559303340322473e-03	2686
1.009292796483223e+00	-7.288436671589064e-03	2687
1.985464509574498e-02	4.647625645389174e-01	2688
1.058517250099701e+00	-2.953989104458623e-01	2689
-5.495893349459280e-02	3.729125994814814e-01	2690
-3.318492034469668e-02	4.029642008856347e-01	2691
1.066806407734518e+00	9.777917827455583e-02	2692
1.071749837823399e+00	-1.098725691646654e-01	2693
8.819113505895599e-01	-5.334180603107342e-01	2694
1.022405365976726e+00	2.703534921226247e-02	2695
-1.195289774821120e-01	5.779263563390142e-02	2696
8.396640815270765e-01	-5.607971575034547e-01	2697
-7.572330773540406e-02	3.379006508478513e-01	2698
1.003734675932149e+00	7.641824088011992e-04	2699
1.010757130454785e+00	-8.179936866692078e-03	2700
1.004889627162277e+00	3.287008585218665e-03	2701
1.006666838142623e+00	4.497472102785697e-03	2702
1.004933015361042e+00	-3.235444298718060e-03	2703
1.041119374738669e+00	-5.123397625432185e-02	2704
1.036232248717821e+00	-4.818687618474041e-02	2705
3.678644755814769e-01	6.339977728722510e-01	2706
1.070348999248423e+00	1.190389353026878e-01	2707
1.049089847434961e+00	6.556960141776305e-02	2708
-1.003262252951248e-01	4.178741918102583e-02	2709
2.930125801409300e-01	6.162826115663124e-01	2710
-1.185845210357355e-01	2.246098411999892e-01	2711
-1.231129667173843e-01	1.968996761544783e-01	2712
-1.264606961144766e-01	1.712506323854154e-01	2713
1.003556245958103e+00	-1.953763871956440e-03	2714
1.034412401218581e+00	3.711967189150864e-02	2715
1.035026740215888e+00	-3.672832616772870e-02	2716
1.031113632869805e+00	-3.665614505450808e-01	2717
-1.231256386673999e-01	-8.512913752355117e-02	2718
-1.212288982589897e-01	-7.258301825347174e-02	2719
-1.220620643077666e-01	7.040801800138911e-02	2720
2.164322856565274e-01	5.927529455954705e-01	2721
9.542522441932251e-01	-4.717213882004546e-01	2722
-8.404715153563092e-02	2.588650691568322e-02	2723
1.074335828742023e+00	-2.196233611318492e-01	2724
1.074551531127993e+00	-1.328694468159917e-01	2725
1.076238893460769e+00	-1.829302745633407e-01	2726
1.075687055795939e+00	-1.578791286336394e-01	2727
-1.063633764702984e-01	-2.558775482699879e-01	2728
-9.678316277536544e-02	-2.852786182870339e-01	2729
-4.505867393983010e-02	-3.802860464817726e-01	2730
-8.284109877620503e-02	-3.159568420020434e-01	2731
-6.537555536340453e-02	-3.492771245158062e-01	2732
-1.237658819593763e-01	-1.691085258910505e-01	2733
-1.201676707654012e-01	-1.965913729023074e-01	2734
1.072963132251311e+00	1.454840932481648e-01	2735
1.072960837658527e+00	1.781128402813402e-01	2736
1.070684525445235e+00	2.127969984920030e-01	2737
1.067991486820520e+00	2.488823275236992e-01	2738
1.057588333604005e+00	2.952831829968785e-01	2739
1.046369210671041e+00	3.326981957860380e-01	2740
1.027337291333692e+00	3.706234435089648e-01	2741
1.004235475129529e+00	4.082011081992784e-01	2742
9.765122666981151e-01	4.444242463646020e-01	2743
9.440396344326063e-01	4.793026535365555e-01	2744
9.067413995055932e-01	5.126793741072716e-01	2745
8.651122351405726e-01	5.437000502456476e-01	2746
8.202398933519476e-01	5.713569972491788e-01	2747
7.461029388574886e-01	6.039685545793828e-01	2748
-9.201805006022995e-02	3.039835758643057e-01	2749
-1.033751786009997e-01	2.755557237334201e-01	2750
6.619424951902562e-01	6.320198132172936e-01	2751
5.907163667362311e-01	6.430803839651447e-01	2752
5.171622136378718e-01	6.472763224942421e-01	2753
1.067827811836141e+00	-9.293961684830376e-02	2754
1.062876766893567e+00	8.167416944597730e-02	2755
1.063886298823572e+00	-7.943425654840060e-02	2756
4.313763116908834e-01	-6.397983496585342e-01	2757
6.299393079878164e-01	-6.365252704040019e-01	2758
8.321188011699684e-02	-5.101114305766838e-01	2759
1.297504712850111e-01	-5.428209133202214e-01	2760
1.777541699577771e-01	-5.694356514461366e-01	2761
2.243500102299409e-01	-5.876475903823924e-01	2762
2.820079631023710e-01	-6.085890787277431e-01	2763
3.531569424509851e-01	-6.274492105170640e-01	2764
-1.242574125511535e-01	-3.158994548958369e-01	2765
9.424898756585759e-01	-5.722003717884042e-01	2766
-8.113532883192524e-02	1.247018068501527e-02	2767
8.516928612308352e-01	-6.396074739880030e-01	2768
5.456298859778181e-01	-7.234999709932716e-01	2769
1.012690564470412e+00	-9.284681508017027e-03	2770
1.014923982703062e+00	-1.322062658604605e-02	2771
1.049242471719835e+00	-5.537771100793152e-02	2772
1.006100346359295e+00	-3.381058211122456e-03	2773
1.039117201348212e+00	-4.199721928294149e-02	2774
3.926156773954846e-01	7.184850999926928e-01	2775
7.983464322098798e-01	-6.682210111160731e-01	2776
-1.465363779132575e-01	-1.098129850975259e-01	2777
-1.494611960039274e-01	-1.575992666393010e-01	2778
1.010882973925673e+00	-6.323839098657042e-03	2779
9.802683989651525e-01	-5.341758255162034e-01	2780
-8.291428491517805e-02	4.157492181179966e-01	2781
-6.157088382019991e-02	4.483604933455415e-01	2782
1.062350443098227e+00	-4.089672234566986e-01	2783
8.997471133439638e-01	-6.073738554394242e-01	2784
1.038419448157776e+00	4.243066740883999e-02	2785
1.048517863731491e+00	5.604943100236726e-02	2786
-8.546023728705206e-02	4.799094991459939e-03	2787
9.300883480423275e-02	6.038726238622855e-01	2788
1.550029470214068e-01	6.419753769435049e-01	2789
-1.488196821848317e-01	-1.307030050148537e-01	2790
1.020301932576930e+00	-2.285483598186459e-02	2791
4.660597566878244e-01	-7.230369006631540e-01	2792
1.099848188345141e+00	-2.025662799734777e-01	2793
1.099491100808516e+00	-2.426880768460717e-01	2794
1.087952855861576e+00	-3.237202212759904e-01	2795
-1.411231431768724e-01	7.360293408522306e-02	2796
1.060474202331909e+00	6.933538520847943e-02	2797
4.085074347733154e-02	5.631230307550885e-01	2798
-4.541652975838389e-02	-4.620065294264898e-01	2799
2.469388303708325e-02	-5.405219639568096e-01	2800
1.018375848448658e+00	1.834999904849490e-02	2801
-1.158455145755534e-01	-4.713438919692946e-02	2802
1.023277964971991e+00	2.221010970447963e-02	2803
-7.119868414690714e-02	-4.259339526284484e-01	2804
7.395310192425157e-01	-6.924279727045559e-01	2805
1.040284419521124e+00	-4.510446143221942e-01	2806
-1.386551269648359e-02	-5.014173962083645e-01	2807
1.018786020997699e+00	-2.038691621435837e-02	2808
-1.403814117271710e-01	-7.603039062091183e-02	2809
1.008098752818632e+00	-4.191478227489650e-03	2810
1.008957563994444e+00	5.240230535035710e-03	2811
1.004255371968481e+00	2.313575086300551e-05	2812
-1.163405070279557e-01	4.502078910497216e-02	2813
-3.486656625273456e-02	4.847770768040119e-01	2814
1.026738566851404e+00	-3.042352365158362e-02	2815
1.018136007984355e+00	-1.467681619776537e-02	2816
1.004067008525085e+00	1.447689625072709e-03	2817
1.014708231347561e+00	1.339281505545192e-02	2818
1.004431853737094e+00	2.370938091270989e-03	2819
1.075703631930512e+00	-3.660660657566000e-01	2820
1.013158990518055e+00	-4.933602435877416e-01	2821
-1.512175761036019e-01	1.277139414815821e-01	2822
6.755877157004394e-01	-7.108687599708425e-01	2823
-1.479605576575951e-01	1.063321293838718e-01	2824
1.012543511154887e+00	9.433299296610085e-03	2825
-1.438377056756624e-01	-9.096669902438816e-02	2826
-1.449067042530870e-01	8.801679768218244e-02	2827
1.094824745665446e+00	-2.848866191879366e-01	2828
1.010785333062316e+00	6.452007426235589e-03	2829
1.009034558583867e+00	-5.135850026501434e-03	2830
-6.289087921669857e-04	5.243852056352927e-01	2831
-9.251001478130524e-02	-1.301986453062622e-02	2832
-9.704244104168887e-02	-2.930128182701978e-02	2833
1.060999776439169e+00	-6.777605982541082e-02	2834
1.026226566502898e+00	3.071342724290030e-02	2835
-1.027782913447097e-01	3.772992779957158e-01	2836
1.008037152235318e+00	4.284119366853742e-03	2837
1.006053181103016e+00	3.447697847546147e-03	2838
1.004085052527988e+00	-1.404211170764272e-03	2839
1.083318949394966e+00	1.060308988688559e-01	2840
3.111797648899483e-01	6.998414322420362e-01	2841
-1.454650730723219e-01	2.460757724609784e-01	2842
-1.501874848577930e-01	2.154542578428307e-01	2843
-1.518472369603480e-01	1.875453616564807e-01	2844
-1.525780414291921e-01	1.585809920866383e-01	2845
1.004462260157903e+00	-2.323900644858392e-03	2846
-1.375862479994892e-01	-6.292157065714689e-02	2847
-1.383180963003112e-01	6.056325063205452e-02	2848
2.316563749991316e-01	6.749495650264040e-01	2849
-9.766089384009535e-02	2.937291869208314e-02	2850
1.089361083438802e+00	-1.194124773332488e-01	2851
1.097259028278451e+00	-1.699492650386955e-01	2852
-1.414638900232467e-01	-2.509496753763841e-01	2853
-1.351422453042404e-01	-2.812050282666996e-01	2854
-9.251050418944418e-02	-3.887623745196693e-01	2855
-1.111201872259079e-01	-3.515923276100206e-01	2856
-1.488025763813145e-01	-1.861121903834630e-01	2857
-1.469633948560695e-01	-2.167188381658759e-01	2858
1.089068596923483e+00	1.306498999395128e-01	2859
1.093993958114032e+00	-1.445388330781820e-01	2860
1.093404978060569e+00	1.619474032965719e-01	2861
1.095722675527234e+00	1.972111845053343e-01	2862
1.096624834204694e+00	2.331135173936750e-01	2863
1.093844622819720e+00	2.793632545846206e-01	2864
1.086374617070493e+00	3.246361785673878e-01	2865
1.072920311381637e+00	3.701734562928795e-01	2866
1.057443212309077e+00	4.156090087251988e-01	2867
1.033182917987823e+00	4.598238739451376e-01	2868
1.003554800204922e+00	5.031153011225391e-01	2869
9.679544742717454e-01	5.447875168121187e-01	2870
9.265497179799335e-01	5.842694607079614e-01	2871
8.802059032580175e-01	6.203641312115747e-01	2872
8.128125210586994e-01	6.589562914900873e-01	2873
-1.204366131519370e-01	3.382683462585473e-01	2874
-1.318790103712475e-01	3.032677065439225e-01	2875
-1.403702680287396e-01	2.727400578216870e-01	2876
7.277771267286094e-01	6.950784612804952e-01	2877
6.373663232180554e-01	7.193556516790158e-01	2878
5.569241657980150e-01	7.274192678444821e-01	2879
4.769126280168112e-01	7.278571070471200e-01	2880
1.083725538883155e+00	-9.818704277304653e-02	2881
1.078030626251750e+00	-8.264116278445563e-02	2882
1.077475553308454e+00	8.669804446927480e-02	2883
6.059289279051870e-01	-7.203389103054560e-01	2884
6.959438404019591e-02	-5.781432663821195e-01	2885
1.204236022012989e-01	-6.153400479010119e-01	2886
1.746422441378750e-01	-6.449731890056080e-01	2887
3.795414512313721e-01	-7.123366227258277e-01	2888
2.275102884328853e-01	-6.677347803967144e-01	2889
2.975258548953564e-01	-6.922535579007616e-01	2890
-7.524936767478019e-02	-5.176578284013914e-01	2891
-1.164688219701656e-01	4.606100588905012e-01	2892
3.308671691669223e-01	7.937330274308138e-01	2893
1.048748891503789e+00	-4.626287231679726e-02	2894
-1.674771274912498e-01	-3.100522253658354e-01	2895
1.005550681679831e+00	-2.385099155462030e-03	2896
1.048148725635433e+00	4.691341168023416e-02	2897
4.231226282410315e-01	8.123427840902399e-01	2898
1.123607312388417e+00	-4.045549534611436e-01	2899
8.410977860112308e-02	6.857919791981720e-01	2900
5.050392595084180e-01	-8.144272387567051e-01	2901
-1.442333368197427e-01	-3.909600543534965e-01	2902
-1.337933013393895e-01	-4.960325386155579e-02	2903
1.014881395356535e+00	1.066058657597790e-02	2904
1.075862023654378e+00	-5.037992783804257e-01	2905
1.010782376821207e+00	-4.446169996550046e-03	2906
1.009525543717609e+00	-3.713602880308651e-03	2907
1.004978520249653e+00	1.621063588848519e-03	2908
1.024894969399495e+00	-2.266764055485111e-02	2909
1.027837918391521e+00	-2.534727618774646e-02	2910
7.324547463157868e-01	-7.886609972989911e-01	2911
5.802160034354265e-01	-8.098654770362109e-01	2912
1.046838186701429e+00	-5.542845805864952e-01	2913
-1.769736804505211e-01	-1.722627544392832e-01	2914
1.007291548243111e+00	-3.254089914449686e-03	2915
-1.363405085578905e-01	4.186131072146673e-01	2916
1.004571960457046e+00	-7.490070315354947e-04	2917
1.027195619806154e+00	2.552095040582683e-02	2918
1.120626866449611e+00	-3.561626804615227e-01	2919
-1.712785655788115e-01	-1.175187478691639e-01	2920
-1.531195122836678e-01	3.762593921142746e-01	2921
-1.754330808422869e-01	-1.433064511395499e-01	2922
1.031987993409465e+00	-3.196685652076955e-02	2923
-9.443187546605228e-02	1.529872212100303e-02	2924
-1.576178245675707e-01	-3.480762122569667e-01	2925
-1.253174489322082e-01	-4.318160795230483e-01	2926
1.127504608700880e+00	-2.229018192429343e-01	2927
1.073561351382136e+00	7.301107657188502e-02	2928
1.058860200092145e+00	-5.941052324147138e-02	2929
8.648824417090335e-01	-7.285590728251571e-01	2930
1.689092759862047e-01	-7.300203395590885e-01	2931
4.114263197016395e-01	-8.066395269048171e-01	2932
9.691911824628376e-01	-6.483996730807182e-01	2933
6.529421477942249e-01	-8.065777795914608e-01	2934
1.012625983203990e+00	-7.245676351879513e-03	2935
1.015051093904124e+00	-1.047956548752497e-02	2936
1.058135398604851e+00	6.025829095954931e-02	2937
1.007244659726667e+00	3.336988427130926e-03	2938
8.022669661083629e-01	-7.617551320236593e-01	2939
1.018178412719499e+00	1.442746210679521e-02	2940
1.009469504710682e+00	3.826858268407177e-03	2941
1.011287723330327e+00	-6.029299675384658e-01	2942
-2.497460064767399e-02	5.910278914530870e-01	2943
1.095123133206494e+00	-4.530537928352246e-01	2944
9.204714388356509e-01	-6.904545163210596e-01	2945
1.041504621750047e+00	3.595489355193377e-02	2946
1.042094054930905e+00	-3.545830325102629e-02	2947
-9.397443382585877e-02	4.995682043708666e-01	2948
1.129138044799997e+00	-2.673581242228784e-01	2949
2.326865570383169e-02	6.379439028185959e-01	2950
-1.029304551757558e-01	-4.753391281080485e-01	2951
-3.951778239244604e-02	-5.645980812537398e-01	2952
1.020197590484228e+00	-1.728666235598299e-02	2953
-1.130450437691484e-01	3.254195700738643e-02	2954
-6.338494930142888e-02	5.432778227341502e-01	2955
1.004561964719255e+00	7.989567758668932e-04	2956
-1.730373373663501e-01	1.133931701003777e-01	2957
-1.681585534085468e-01	9.351174045912998e-02	2958
1.010714056573402e+00	4.576056735321622e-03	2959
-1.669986320920895e-01	-9.712836276822563e-02	2960
-1.602218816047604e-01	-7.201178924365996e-02	2961
-1.343423333520181e-01	4.728582371659822e-02	2962
1.127142129389944e+00	-3.106627789427183e-01	2963
1.012511832768511e+00	7.397446837312764e-03	2964
-1.080810646439546e-01	-1.741866063945966e-02	2965
-1.117191814739196e-01	-3.231737813064429e-02	2966
1.031448885822383e+00	3.232839768928569e-02	2967
1.005518096602933e+00	2.445968645051205e-03	2968
1.004999501009268e+00	-1.566360819749575e-03	2969
-1.812351584491850e-01	2.358000176372293e-01	2970
-1.783591725843336e-01	1.419013877341750e-01	2971
-1.816435098465094e-01	2.032190191514877e-01	2972
-1.803408232776543e-01	1.736924372260804e-01	2973
-1.609178801192506e-01	6.922917371335804e-02	2974
2.450104143550560e-01	7.668533222471198e-01	2975
1.605771821236386e-01	7.312643405267358e-01	2976
-1.000751732959832e-01	2.923571575035713e-04	2977
-1.736836974550557e-01	-2.731883737433635e-01	2978
-1.783567293514482e-01	-2.029857209542310e-01	2979
-1.768520064721402e-01	-2.387748937095220e-01	2980
1.102886447385804e+00	1.145439167936970e-01	2981
1.110028698341020e+00	-1.286111523668154e-01	2982
1.111049130805668e+00	1.436908707882910e-01	2983
1.116607542198077e+00	-1.545673651671809e-01	2984
1.118026934062982e+00	1.782141768295504e-01	2985
1.122741683924681e+00	-1.843516847072575e-01	2986
1.123151812510232e+00	2.146935942796582e-01	2987
1.126516163584142e+00	2.584099832801569e-01	2988
1.125433819876644e+00	3.081524643888782e-01	2989
1.118614104016963e+00	3.592949305465012e-01	2990
1.108185418848119e+00	4.079847860356624e-01	2991
1.089227958602802e+00	4.623625202876329e-01	2992
1.067577280426611e+00	5.159108280801260e-01	2993
1.035621444389378e+00	5.675368348934799e-01	2994
9.964852228429856e-01	6.174144868680058e-01	2995
9.503205982157641e-01	6.641630531955911e-01	2996
8.865053769224165e-01	7.122318124521758e-01	2997
-1.654861678467236e-01	3.333845562047517e-01	2998
-1.736104596047680e-01	2.982641268668883e-01	2999
-1.779058991235092e-01	2.659636665046847e-01	3000
8.029360063401306e-01	7.582565398608809e-01	3001
7.043765624139983e-01	7.954972808843692e-01	3002
6.046291529967809e-01	8.149329404790011e-01	3003
5.157450918319429e-01	8.190125359069707e-01	3004
1.102109410055799e+00	-1.046801784963617e-01	3005
1.073505455745031e+00	-7.013707920604789e-02	3006
1.094184833744266e+00	-8.554743503486301e-02	3007
1.094477995061863e+00	9.218066323397864e-02	3008
3.004887381090590e-03	-6.112186273125787e-01	3009
5.234943675573200e-02	-6.542235800596826e-01	3010
1.104993326822384e-01	-6.969233030870775e-01	3011
3.174847127800475e-01	-7.864704084703250e-01	3012
2.344767487254633e-01	-7.587197821758696e-01	3013
1.056894699351226e+00	5.055796404966418e-02	3014
1.114065678225365e+00	-5.594556396428217e-01	3015
-2.020374215641862e-01	1.226316129558386e-01	3016
1.008623374358477e+00	-2.924545378081130e-03	3017
1.166954442966259e+00	-3.775601115466000e-01	3018
1.164209586624018e+00	-3.392324754738592e-01	3019
3.558861663976864e-01	8.990308011166258e-01	3020
8.027204744085780e-01	-8.677340645887268e-01	3021
1.005501600507114e+00	8.395814802891701e-04	3022
1.006014444031814e+00	-1.478006763186959e-03	3023
1.033509749736499e+00	2.632134496955474e-02	3024
4.127958100586141e-03	7.232081039288701e-01	3025
8.779727496021558e-01	-8.294129930300256e-01	3026
1.012544369498442e+00	-5.266030162182867e-03	3027
1.017487650658770e+00	-1.196974533719466e-02	3028
2.456179717358410e-01	-8.617563303543331e-01	3029
1.086045371374700e+00	-6.204033057007312e-01	3030
1.046225162302060e+00	4.215832043402461e-02	3031
1.069971624536469e+00	-6.103511064801431e-02	3032
7.813667858139171e-02	7.803534761686600e-01	3033
9.700800035556546e-02	-7.878325152856073e-01	3034
1.022545352416875e+00	-1.967444196753943e-02	3035
1.005123157775026e+00	2.853871631499821e-05	3036
1.027911676156937e+00	2.071446702485336e-02	3037
-2.090351301424659e-01	-1.859676343261157e-01	3038
-1.281535156099772e-01	-3.364246564101082e-02	3039
1.005512429733208e+00	-7.777852381247684e-04	3040
-2.105822580221819e-01	-2.980423458213266e-01	3041
-1.135986538616858e-01	-4.230212252619920e-03	3042
2.582241740516520e-01	8.700026327156928e-01	3043
-1.557899672717085e-01	5.088067823504148e-01	3044
-1.089764597297355e-01	1.566159647058385e-02	3045
1.038321199192995e+00	-3.127416316196283e-02	3046
1.089153898313187e+00	7.627882346458764e-02	3047
4.604579083424886e-01	9.162519413506307e-01	3048
-9.715872632691859e-02	6.088740520843983e-01	3049
-1.096593879719912e-01	-5.803195785084539e-01	3050
-2.126351133007791e-01	1.869459215299662e-01	3051
-2.047824719606157e-01	-3.396714093777837e-01	3052
7.146974860354882e-01	-8.968246346147739e-01	3053
1.649578541638052e-01	-8.270798350334857e-01	3054
-1.392956782711345e-01	-5.288293227918039e-01	3055
4.494128924546570e-01	-9.108851222749692e-01	3056
-1.965731937600298e-01	-3.833826764731847e-01	3057
1.017290333725895e+00	1.218376387320303e-02	3058
1.008579888299656e+00	3.026133586998033e-03	3059
1.021589947126369e+00	-1.406761332096518e-02	3060
9.436231586298605e-01	-7.841942635686892e-01	3061
-2.123180234110502e-01	-2.591048702598938e-01	3062
1.006640160463077e+00	-2.343305758475752e-03	3063
-1.759849403996959e-01	4.626452978535989e-01	3064
1.021396842220307e+00	1.623038486387350e-02	3065
1.029224075632516e+00	-2.086453488766700e-02	3066
1.164153118866077e+00	-2.907075755455460e-01	3067
-2.039983537592083e-01	3.673988253079937e-01	3068
-1.913004454821924e-01	4.155307480177047e-01	3069
-1.538723334421529e-01	-5.099726399480487e-02	3070
-1.813991864226766e-01	-4.325401767654698e-01	3071
1.057481963497403e+00	-4.976855101271832e-02	3072
3.434085453260242e-01	-8.921438896514813e-01	3073
1.000049777116798e+00	-7.336675441985074e-01	3074
5.846499730790397e-01	-9.118834517024319e-01	3075
1.014687142435821e+00	-8.202517678158305e-03	3076
1.069426883974337e+00	6.220982665846802e-02	3077
1.010897867011889e+00	-2.803950663304781e-03	3078
1.047480731204229e+00	-6.788635201046159e-01	3079
-5.253783599739170e-02	6.664453765266960e-01	3080
1.153346500352411e+00	-4.547892006016527e-01	3081
1.137408047336914e+00	-4.981913811723765e-01	3082
1.034103843516874e+00	-2.603142253368238e-02	3083
-1.310685492423262e-01	5.574229735781085e-01	3084
-1.641235807612987e-01	-4.788400302241086e-01	3085
-1.856927152848514e-01	-7.844414557163862e-02	3086
-1.544722387834844e-01	4.845240462310075e-02	3087
1.010854167898383e+00	2.937516012253851e-03	3088
1.012461698073596e+00	5.419703319296864e-03	3089
-1.946137061015027e-01	9.749480542851933e-02	3090
-1.933895973012698e-01	-1.020854288912061e-01	3091
-2.083304174870008e-01	1.558961062630785e-01	3092
-1.302878345607188e-01	3.463510794584130e-02	3093
1.014555388977760e+00	8.382771914256204e-03	3094
-1.247338717230005e-01	-2.121552863215143e-02	3095
1.037797944208336e+00	3.172732142880704e-02	3096
1.005993832105234e+00	1.545883855605466e-03	3097
1.006606957082248e+00	2.418582386235596e-03	3098
-1.997673860682075e-01	-1.259648280392742e-01	3099
-2.049587742003806e-01	-1.560305180572325e-01	3100
-2.158838051612176e-01	2.197964417712636e-01	3101
-1.864406317823234e-01	7.476374494794509e-02	3102
1.663237097021856e-01	8.318736476941914e-01	3103
-2.127968569006893e-01	-2.220575384295924e-01	3104
1.125823684560787e+00	1.239662742551459e-01	3105
1.133641800264093e+00	-1.364587625123888e-01	3106
1.137122718843023e+00	1.565552866774151e-01	3107
1.143209683193457e+00	-1.646294886840467e-01	3108
1.146927704618259e+00	1.929493971049522e-01	3109
1.152355852334582e+00	-2.002862630502586e-01	3110
1.155611613398567e+00	2.344406742133986e-01	3111
1.160139156695802e+00	-2.439944484831890e-01	3112
1.161416965944815e+00	2.843642954440261e-01	3113
1.162397576777210e+00	3.394662496985139e-01	3114
1.158140248329418e+00	3.936175583513852e-01	3115
1.146701426930193e+00	4.523977661457910e-01	3116
1.130724783840441e+00	5.108503913753870e-01	3117
1.104129550091974e+00	5.749474633544808e-01	3118
1.073082178357592e+00	6.382000448057598e-01	3119
1.030049361868474e+00	6.979863309541768e-01	3120
9.701530436035990e-01	7.588545870312263e-01	3121
-2.110367183354285e-01	3.252089070011894e-01	3122
-2.152168993293622e-01	2.871788451833864e-01	3123
-2.163149966119255e-01	2.548031333451029e-01	3124
8.887172636010748e-01	8.183177473891211e-01	3125
7.870045110867353e-01	8.702385752402242e-01	3126
6.722063860942821e-01	9.056882552538542e-01	3127
5.631890568757926e-01	9.189610231017664e-01	3128
1.123540455568123e+00	-1.108805402806941e-01	3129
1.088070583185087e+00	-7.147747440625048e-02	3130
1.112845196813501e+00	-8.903832235945541e-02	3131
1.114438298636586e+00	9.753485169361034e-02	3132
-7.001185473801445e-02	-6.344505469438649e-01	3133
-2.291629721330798e-02	-6.899680149803721e-01	3134
3.324715119723144e-02	-7.402934361718124e-01	3135
1.049414944686286e+00	3.485724170658970e-02	3136
9.681980834532784e-01	-8.906408147452706e-01	3137
1.006517319555486e+00	-5.868805412600379e-04	3138
1.017352776328566e+00	-9.053014223707604e-03	3139
-1.829692530471292e-01	-5.877242649408566e-01	3140
-8.316153173653541e-02	7.523012510388531e-01	3141
1.024420129012674e+00	1.782899655358867e-02	3142
1.183738996224676e+00	-5.510251815138623e-01	3143
1.128936650297117e+00	-6.908185519953387e-01	3144
1.035088762227217e+00	-2.020994116845888e-02	3145
-1.447445150861986e-01	-2.824178468171539e-02	3146
-1.251594760842745e-01	1.369555924870014e-02	3147
-1.354534929005069e-01	6.835857999604937e-01	3148
-1.437761512989050e-02	8.216673352060522e-01	3149
2.751129435188910e-01	9.861837665258621e-01	3150
1.067074741514883e+00	5.419361591453042e-02	3151
3.766103231232643e-01	-1.010011519817579e+00	3152
2.624147207278116e-01	-9.781606997797386e-01	3153
-2.532002273564539e-01	-2.801354123197708e-01	3154
1.014401638061586e+00	6.229880857032386e-03	3155
1.023903058256632e+00	-1.654436188516770e-02	3156
-2.546754856575825e-01	3.538795294462140e-01	3157
7.933435808792030e-01	-9.883412876634901e-01	3158
1.014498378702410e+00	-6.048995918276622e-03	3159
1.021836907877198e+00	2.006223885042337e-02	3160
-2.018398338373467e-01	5.622156589782059e-01	3161
1.044804247167573e+00	-2.921627402420468e-02	3162
-2.522565229827616e-01	-3.247340452927393e-01	3163
-2.461128968720581e-01	-2.000740198675735e-01	3164
1.017204558039743e+00	9.271200718153239e-03	3165
-1.779793511713876e-01	-5.437411782907268e-02	3166
-2.220713085389487e-01	5.098305735722672e-01	3167
1.107181724036230e+00	7.963167688785081e-02	3168
1.199173602521953e+00	-4.963382915743954e-01	3169
1.210554860035144e+00	-4.251427911758096e-01	3170
1.152790849302771e+00	1.330290560713479e-01	3171
-2.496472130764934e-01	1.997162978497132e-01	3172
3.884423055531144e-01	1.016588041648121e+00	3173
1.067665022580046e+00	-5.325154757894422e-02	3174
1.082476679961861e+00	-6.142520078740521e-02	3175
1.034222465281397e-02	-8.366018399886532e-01	3176
-2.488611483230823e-01	-3.702271811436665e-01	3177
1.162218927375651e+00	-6.186199022674347e-01	3178
5.071124273596133e-01	1.030625910385189e+00	3179
8.887387855185759e-01	-9.443426163067234e-01	3180
1.009962839274654e+00	-2.302501772567308e-03	3181
1.012454012578194e+00	-3.739041610094812e-03	3182
1.051578774198735e+00	-3.707069287886159e-02	3183
1.056129489395851e+00	-4.044869000258872e-02	3184
1.644387209243682e-01	-9.379561240290116e-01	3185
1.020817263791518e+00	1.248011139541442e-02	3186
1.006105227719026e+00	3.483985116438787e-05	3187
-1.495185618315802e-01	3.541200231568439e-02	3188
7.277635124959289e-02	8.879163183795513e-01	3189
-2.268295697961808e-01	-4.754525800884304e-01	3190
-2.371419062278918e-01	4.560561456618292e-01	3191
8.231956370564653e-02	-8.906263684553747e-01	3192
6.621959810774005e-01	-1.017205564847938e+00	3193
-2.081842907752442e-01	-5.313823006619127e-01	3194
1.009927391860378e+00	2.423351736824895e-03	3195
1.044318343127006e+00	2.976566443362010e-02	3196
1.007872770327670e+00	-2.151050981874604e-03	3197
1.007148032806119e+00	-1.317850443696353e-03	3198
1.026750184388854e+00	-1.879119601385406e-02	3199
1.210588784873911e+00	-3.551827901173115e-01	3200
1.205056635194862e+00	-3.149684414457810e-01	3201
-2.473798014764160e-01	4.042278565074910e-01	3202
-2.412284792998200e-01	-4.236427723645848e-01	3203
1.034802891102813e+00	-8.296058521343446e-01	3204
5.155147295317141e-01	-1.024199831891599e+00	3205
1.082362576965940e+00	6.348385793344194e-02	3206
1.089081705087549e+00	-7.630502020065103e-01	3207
-1.733233143785753e-01	6.214128835344772e-01	3208
-2.391554312800131e-01	-1.663919989278835e-01	3209
1.012394945706945e+00	3.893265950822823e-03	3210
-1.782487645839471e-01	5.132402878819366e-02	3211
-2.140997723123635e-01	-8.210338079027084e-02	3212
-2.250004629542870e-01	1.020832520528592e-01	3213
-2.429165226234188e-01	1.667974110315394e-01	3214
-1.339428043581139e-01	-2.914284364213609e-03	3215
1.039988576769085e+00	2.560233143382951e-02	3216
1.040522638966625e+00	-2.518506112865478e-02	3217
1.006508700503266e+00	6.619366510978735e-04	3218
1.007128835814412e+00	1.400885510225187e-03	3219
1.007841163339928e+00	2.243120805150729e-03	3220
-2.234882678326748e-01	-1.066635591626276e-01	3221
-2.317640111422847e-01	-1.357022963442385e-01	3222
-2.346349474555263e-01	1.335708680854376e-01	3223
-2.147688676700462e-01	7.732627592020024e-02	3224
1.716112588087379e-01	9.449680513314852e-01	3225
-2.509025486381354e-01	-2.407828138242822e-01	3226
1.160975050150330e+00	-1.429053542082459e-01	3227
1.167287218278402e+00	1.681357798573922e-01	3228
1.174042689405407e+00	-1.757451346248906e-01	3229
1.181039919170527e+00	2.076983742508122e-01	3230
1.187186518887446e+00	-2.166627044266911e-01	3231
1.193272614524728e+00	2.556508053963371e-01	3232
1.197870571232260e+00	-2.643232124528389e-01	3233
1.202421116303040e+00	3.115375953979747e-01	3234
1.205808915796107e+00	3.704915265592378e-01	3235
1.202994210483232e+00	4.332902898013842e-01	3236
1.193995542776507e+00	4.972298760696979e-01	3237
1.175780165240689e+00	5.677254266604744e-01	3238
1.151228845474360e+00	6.380036059105312e-01	3239
1.113095677183798e+00	7.132684655911351e-01	3240
1.063722016944388e+00	7.924561699311052e-01	3241
-2.543335724759569e-01	2.366620448512699e-01	3242
-2.569622321374960e-01	3.107893038374526e-01	3243
-2.570626827856579e-01	2.722120960902614e-01	3244
9.868389053595558e-01	8.694925270120112e-01	3245
8.848987647262284e-01	9.400946502957911e-01	3246
7.608577566661140e-01	9.955070336353503e-01	3247
6.296402130982318e-01	1.025391419418683e+00	3248
1.147873750333620e+00	-1.160748636327158e-01	3249
1.105187163218132e+00	-7.264014790017613e-02	3250
1.134492826843212e+00	-9.199213692963699e-02	3251
1.137760830203637e+00	1.032801055587238e-01	3252
-1.499684118509239e-01	-6.507738565227481e-01	3253
-1.066784975734380e-01	-7.126082884600391e-01	3254
-5.245118657549472e-02	-7.785785373522393e-01	3255
-2.950930443328597e-01	-2.576532278624389e-01	3256
-2.911771133454462e-01	2.130307493199049e-01	3257
5.941067048135700e-01	-1.146499170765914e+00	3258
1.072838019457630e+00	-9.384207276961004e-01	3259
-1.149183765211358e-01	8.509768890328416e-01	3260
-2.996028724272985e-01	-4.043439138331447e-01	3261
-2.538358308587156e-01	6.230265703553783e-01	3262
4.313711803589060e-01	1.147024381018669e+00	3263
1.055676798228360e+00	4.121461610304316e-02	3264
1.009140228864470e+00	-1.672656510659766e-03	3265
1.012518427841551e+00	-1.870096579612943e-03	3266
1.065520181844741e+00	-4.331799645488058e-02	3267
-1.563869679293732e-02	-9.451520416269377e-01	3268
2.866752872019497e-01	-1.109144827381260e+00	3269
4.326736439322783e-01	-1.140486653218621e+00	3270
1.025214273475081e+00	-1.300120735391254e-02	3271
-2.217877308251605e-01	6.926715183137123e-01	3272
-8.672439016225503e-02	-8.777630886076779e-01	3273
1.019906022344163e+00	1.064774276043976e-02	3274
1.020079089915679e+00	-1.039221006859761e-02	3275
1.790956475182265e-01	1.072397783574762e+00	3276
1.016763969467984e+00	-6.937504400980324e-03	3277
-1.709034882768276e-01	3.470796028101703e-02	3278
-2.040293837757158e-01	-5.709764790528279e-02	3279
-3.052154503844133e-01	3.346711374287998e-01	3280
1.028668432296227e+00	1.625716042796573e-02	3281
-2.459392881082827e-01	-8.382607326109308e-02	3282
1.065113603258500e+00	4.367769022517028e-02	3283
-2.783783511785693e-01	-1.755999276199618e-01	3284
-2.823136694837536e-01	1.757238575008513e-01	3285
2.989851096045860e-01	1.116902121563349e+00	3286
-2.590085612552393e-01	-5.874451767195040e-01	3287
1.183785907759092e+00	1.409618961445147e-01	3288
1.182583621706488e+00	-7.677132852966524e-01	3289
5.719511637034462e-01	1.154188370983904e+00	3290
-2.876921961575269e-01	-2.155204925647468e-01	3291
1.128428983480222e+00	8.268247088985263e-02	3292
1.690125859094050e-01	-1.064463925922502e+00	3293
-2.337735199889241e-01	-6.539220402337490e-01	3294
1.096439095450685e+00	-6.024654343458227e-02	3295
9.922177121176262e-01	-1.012490591436023e+00	3296
-3.309043547067637e-02	9.344547132514308e-01	3297
1.239598083985467e+00	-6.061493152498276e-01	3298
1.035091929794762e+00	2.056485676580350e-02	3299
-1.781896707688932e-01	7.691598996053765e-01	3300
1.078566758113735e+00	5.518963035066816e-02	3301
1.016651014947333e+00	7.150294924184392e-03	3302
1.024418171088654e+00	1.393146350011050e-02	3303
1.030646604449333e+00	-1.665239944060504e-02	3304
1.027637246519645e+00	-1.473548057607997e-02	3305
-3.041220179124712e-01	3.863926263963078e-01	3306
7.541564149135900e-01	-1.125597244768729e+00	3307
1.014331451936444e+00	-4.395101812117529e-03	3308
1.046801761000808e+00	-2.280286882471885e-02	3309
-2.996073599630332e-01	-3.030936259494270e-01	3310
-2.749770470647404e-01	5.598269079314450e-01	3311
1.253123871857101e+00	-5.411852471179114e-01	3312
1.261824080494407e+00	-4.699589338386524e-01	3313
1.079067236101620e+00	-5.411973383856393e-02	3314
-3.009930561540866e-01	-3.509090327821291e-01	3315
1.215112020349641e+00	-6.869339329900879e-01	3316
8.913510097917667e-01	-1.076526360204733e+00	3317
1.012488119242630e+00	2.026543389191608e-03	3318
6.865978399264774e-02	-1.007971811285788e+00	3319
-1.423840669344112e-01	1.557149317331050e-02	3320
6.670574003735995e-02	1.009482288653429e+00	3321
-2.913795516504166e-01	-4.650568991996638e-01	3322
-2.902935638227925e-01	4.994648941165676e-01	3323
-2.789859546757460e-01	-5.234663789936572e-01	3324
1.046343966708315e+00	2.334408661740903e-02	3325
1.051661524287401e+00	2.753701198214727e-02	3326
1.008368492029098e+00	-9.886370670561860e-04	3327
1.261656062390354e+00	-3.902466944377878e-01	3328
-2.990002329980858e-01	4.409344491145475e-01	3329
1.099057141429122e+00	6.395198631006588e-02	3330
1.132389551011003e+00	-8.540656106838047e-01	3331
-1.555647132179438e-01	-8.562489132545231e-03	3332
1.014260846936719e+00	4.575540500074435e-03	3333
-1.736828951690185e-01	-2.546636359096953e-02	3334
-2.039475566961900e-01	5.304613852794737e-02	3335
-2.716281897224088e-01	1.418451216073619e-01	3336
1.041344626882802e+00	-1.882864837859096e-02	3337
1.007503505035891e+00	1.219333789876114e-04	3338
1.008353263159712e+00	1.088287891416204e-03	3339
1.009114625236827e+00	1.782556263718618e-03	3340
-2.681627063078148e-01	-1.429426004120122e-01	3341
-2.577588438813130e-01	-1.123833849980679e-01	3342
-2.598065743987261e-01	1.085130100120262e-01	3343
-2.466581698688614e-01	7.852304051200742e-02	3344
1.202450605625506e+00	1.783060147758685e-01	3345
1.192432609424524e+00	-1.494324623712720e-01	3346
1.210145784137597e+00	-1.867486613884944e-01	3347
1.220585119227400e+00	2.234165240858246e-01	3348
1.252846940833827e+00	-3.289134944836979e-01	3349
1.227185084476324e+00	-2.327670976382230e-01	3350
1.237427097352451e+00	2.774418213025667e-01	3351
1.241860909273203e+00	-2.839627969569726e-01	3352
1.249697325391091e+00	3.387531721126188e-01	3353
1.256300223455020e+00	4.046247063796561e-01	3354
1.256158295590746e+00	4.738311689833341e-01	3355
1.247336097002939e+00	5.491561820093046e-01	3356
1.230895492124271e+00	6.270160702459814e-01	3357
1.201827965500131e+00	7.116867211394288e-01	3358
1.161425599532062e+00	7.993097038265289e-01	3359
-2.983935206912153e-01	2.509596289556866e-01	3360
-3.037864706098952e-01	2.913896136847414e-01	3361
1.096593148046663e+00	9.037790310961498e-01	3362
9.988550430235483e-01	9.983513335216396e-01	3363
8.706730679605009e-01	1.079157987645165e+00	3364
7.213692479262225e-01	1.133707973089514e+00	3365
1.175610066972710e+00	-1.191655010313610e-01	3366
1.124748682384418e+00	-7.382935533521794e-02	3367
1.159073846204499e+00	-9.411211147132961e-02	3368
1.165000558500644e+00	1.083436261525331e-01	3369
-1.962640106121117e-01	-7.285760119507345e-01	3370
-1.483722420347476e-01	-8.014050969451083e-01	3371
5.073050695680462e-01	-1.282618272210215e+00	3372
-1.495092352592768e-01	9.648777924528987e-01	3373
-3.570737773368017e-01	-3.787368011632449e-01	3374
1.058939133961723e+00	3.341919789886503e-02	3375
1.052080023229653e+00	-2.797935445710977e-02	3376
-4.304357011150915e-02	-1.068732460419444e+00	3377
5.812961259823772e-02	-1.142546655659175e+00	3378
1.186721305992758e+00	-9.559298812742498e-01	3379
1.010636124808162e+00	-1.153895673208720e+00	3380
-2.248583259393905e-01	8.692092874248649e-01	3381
1.010369380340116e+00	1.027604955080742e-03	3382
-1.629115259642678e-01	1.670102765837461e-02	3383
1.243051754326291e+00	1.884414605770137e-01	3384
3.333063433622794e-01	1.263826636868792e+00	3385
-1.957383795062920e-01	-9.018857325527871e-01	3386
6.152884460402842e-02	1.147221805940800e+00	3387
1.075908034505577e+00	4.711158682017973e-02	3388
1.114133665956557e+00	-5.810230607731966e-02	3389
6.914785392082826e-01	-1.275302435628896e+00	3390
1.028317203454626e+00	1.186621337422602e-02	3391
-2.774041182449710e-01	7.740036892018431e-01	3392
1.014132650130669e+00	-2.604131501191645e-03	3393
1.036420553877459e+00	-1.480604948216649e-02	3394
1.279050586778839e+00	-7.597990718773107e-01	3395
-3.563591300322521e-01	-4.425112289618354e-01	3396
1.112625509351337e+00	-1.063207787159399e+00	3397
1.016485378772924e+00	-5.015325941992506e-03	3398
-3.363276216644251e-01	6.148474587285052e-01	3399
1.010384137350151e+00	-8.997497011257863e-04	3400
-3.383203310606673e-01	2.234898188708034e-01	3401
1.091345700723474e+00	5.438332045695429e-02	3402
-1.938766370727691e-01	-2.927743106122842e-02	3403
1.016403498657563e+00	5.226441556499024e-03	3404
-2.329428043030640e-01	-5.699996851969060e-02	3405
1.228970512228153e+00	-1.549828510732517e-01	3406
4.926953474010090e-01	1.289948432792783e+00	3407
6.638393364366149e-01	1.283411921282440e+00	3408
1.118241660714574e+00	6.514014227582834e-02	3409
-1.258042820431871e-01	-9.892163610978827e-01	3410
-3.610712390758213e-01	4.188505075156891e-01	3411
-3.351576939605272e-01	-2.285954720395607e-01	3412
-3.117101816074780e-01	6.910686072407303e-01	3413
1.063273083465229e+00	-3.379917028463582e-02	3414
1.012503200571830e+00	7.837935891183935e-05	3415
1.809376022260872e-01	-1.208048778776878e+00	3416
3.304498528520032e-01	-1.256741847833138e+00	3417
1.024029564916509e+00	-8.967043288953846e-03	3418
1.019654647652245e+00	-7.353672588293352e-03	3419
1.920357796421947e-01	1.216397434549290e+00	3420
-3.601527099310752e-01	3.613514167680801e-01	3421
-2.328965015127114e-01	5.189393453859738e-02	3422
1.238835024398058e+00	-8.584350526791444e-01	3423
-3.226454187524450e-01	-1.860315021846802e-01	3424
-3.268612498872166e-01	1.846407807797565e-01	3425
1.152912086217315e+00	8.532265282892912e-02	3426
-3.195029250714527e-01	-6.479294922792466e-01	3427
-5.326406991843521e-02	1.062663992159188e+00	3428
1.302573554177922e+00	-6.694959573357127e-01	3429
1.019532813457029e+00	7.608757061389283e-03	3430
1.031285873706282e+00	-1.232465851998396e-02	3431
1.028543504313611e+00	-1.090717524196754e-02	3432
1.041323663481854e+00	1.927269001965518e-02	3433
1.047509354933621e+00	-1.609262611546651e-02	3434
1.316875037722207e+00	-5.884626499039336e-01	3435
1.322431539038447e+00	-5.136267043602621e-01	3436
1.076316292981122e+00	-4.620539309992924e-02	3437
-3.455147474862805e-01	-2.752650430326309e-01	3438
-3.557973306395515e-01	3.110665500854455e-01	3439
8.682623642063788e-01	-1.230341104746341e+00	3440
1.014090323466645e+00	2.783239355552923e-03	3441
-3.396713849580557e-01	-5.770138363170363e-01	3442
-3.502608572798575e-01	5.462744903878014e-01	3443
-3.506107780094679e-01	-5.077151913085466e-01	3444
1.053093119310058e+00	2.027812442381861e-02	3445
1.319594750943704e+00	-4.300853049445262e-01	3446
-3.588201764114652e-01	4.792659569410868e-01	3447
-1.783172743906269e-01	-2.190975051947368e-03	3448
-1.953427127134440e-01	3.377364468745735e-02	3449
-3.132843424542828e-01	1.471458277276624e-01	3450
-2.820531232059802e-01	-8.538978241362424e-02	3451
1.009400408876763e+00	1.097910852425536e-04	3452
-3.093509726012361e-01	-1.477410492398513e-01	3453
-2.988210895730743e-01	1.132696037650579e-01	3454
-2.961007562776427e-01	-1.161517397553068e-01	3455
-2.831124147484831e-01	8.026169571761577e-02	3456
1.219462344696832e+00	1.466841978121280e-01	3457
1.251588089030317e+00	-1.976116321150980e-01	3458
1.266800295084404e+00	2.389571217895878e-01	3459
1.291724988065139e+00	-2.956388728876185e-01	3460
1.273497867738926e+00	-2.472441714224074e-01	3461
1.288065005452893e+00	2.995409795511388e-01	3462
1.307903328957491e+00	-3.523595836438560e-01	3463
1.304828053646164e+00	3.668828952549632e-01	3464
1.315115322875338e+00	4.397780548072902e-01	3465
1.316924035971117e+00	5.196174485550659e-01	3466
1.310574758117466e+00	6.037259963873366e-01	3467
1.292293405749916e+00	6.960735890889620e-01	3468
1.262126613833770e+00	7.933844529171514e-01	3469
-3.485300279628005e-01	2.645933747824061e-01	3470
-3.524703380741065e-01	-3.251497923813537e-01	3471
1.212331908864372e+00	9.043052931697677e-01	3472
1.128761264586799e+00	1.036708690165488e+00	3473
1.001912173881028e+00	1.148298195592698e+00	3474
8.413972684991480e-01	1.236075293076555e+00	3475
1.207225884855096e+00	-1.214294271665343e-01	3476
1.147025327677307e+00	-7.398175785710673e-02	3477
1.186794506519227e+00	-9.382121361975597e-02	3478
1.196232591367344e+00	1.122584819766742e-01	3479
-2.914519341480842e-01	-7.290267859940979e-01	3480
-2.492058223906867e-01	-8.148505483095257e-01	3481
3.957759884056387e-01	-1.420402029746421e+00	3482
1.047353936475486e+00	1.648425085408426e-02	3483
-4.199840984315155e-01	-4.109095134651917e-01	3484
1.008301006714921e+00	-1.321844922106921e+00	3485
-4.269771374343582e-01	4.510919603053373e-01	3486
1.014167875331082e+00	-7.426874313277877e-04	3487
1.134348554340047e+00	-5.680717182588608e-02	3488
2.141024935851350e-01	1.379141592995017e+00	3489
5.822663286907462e-01	1.442455350220157e+00	3490
3.863870126826649e-01	1.427450567954865e+00	3491
1.181092548982567e+00	8.669439479760117e-02	3492
1.061183853475679e+00	-2.410641398471144e-02	3493
-3.794055809526600e-01	7.667211747492521e-01	3494
-3.110105674565343e-01	-9.120078365483869e-01	3495
1.071511231449808e+00	3.513907503208394e-02	3496
6.045608370411160e-01	-1.434357483182817e+00	3497
1.245800228400674e+00	-1.076354750495451e+00	3498
1.024772340312662e+00	9.892681994434178e-03	3499
1.032515983556586e+00	1.373707340127493e-02	3500
1.306859900388496e+00	-9.577606722977241e-01	3501
-3.766280381922039e-01	1.908363759090308e-01	3502
1.140418007877875e+00	6.561890447439836e-02	3503
-4.152929314370538e-01	3.309041537301803e-01	3504
1.022833266795275e+00	-5.460975781051230e-03	3505
1.035752131280639e+00	-9.622740123085914e-03	3506
-3.424071170876196e-01	1.144807657816347e-01	3507
-4.200860738314193e-01	5.955566559281192e-01	3508
1.053800188195700e+00	-2.038917434003376e-02	3509
-3.915261725011230e-01	2.318257978935061e-01	3510
1.105560274395357e+00	5.087656481345363e-02	3511
-2.057852472435963e-01	-4.268115972017916e-03	3512
-3.728756609881092e-01	-1.940780806000094e-01	3513
1.037205646242242e+00	1.508407427268595e-02	3514
-2.213643869668917e-01	-3.260202211023947e-02	3515
1.290231938963253e+00	1.974008929233445e-01	3516
7.906640580990503e-01	1.410017588639398e+00	3517
-4.193397945354873e-01	-5.536184689251703e-01	3518
1.088184616905167e+00	-4.653010161452543e-02	3519
-4.223542768398409e-01	-4.807437881093503e-01	3520
-1.869571686146913e-01	1.095924316055554e+00	3521
-2.661741795851693e-01	-5.483393729605662e-02	3522
1.103627274520455e+00	-4.585271116165671e-02	3523
1.042168990478476e+00	-1.265342572951687e-02	3524
-6.993596237118452e-02	-1.210473689321512e+00	3525
-2.748930370565414e-01	9.845310962151842e-01	3526
-4.260976558902682e-01	5.213758149630627e-01	3527
-1.683330723239671e-01	-1.115258536268131e+00	3528
6.011412241037967e-02	1.303886355411226e+00	3529
-3.394330894186145e-01	8.691146276009706e-01	3530
1.016171439753763e+00	3.488504665973905e-03	3531
1.349490508148569e+00	-8.462746013867557e-01	3532
1.150490233807323e+00	-1.209225910485815e+00	3533
1.016225501866956e+00	-3.279547104419861e-03	3534
-4.050725753816455e-01	6.783969913495966e-01	3535
1.018867303384451e+00	5.886783615608391e-03	3536
1.243514441230237e+00	-1.217683845631629e-01	3537
-2.492820552535899e-01	-1.015517503265214e+00	3538
-4.023531733316429e-01	-2.924214904322252e-01	3539
5.358766396379135e-02	-1.297083052026105e+00	3540
2.093223910827076e-01	-1.371639695733628e+00	3541
1.018960957381055e+00	-5.640125276000009e-03	3542
-4.223826234123912e-01	3.887127125061375e-01	3543
-4.074293668567284e-01	-6.340884100169700e-01	3544
-7.420557437930526e-02	1.208563835749469e+00	3545
1.376882045921612e+00	-7.372466441875657e-01	3546
1.022534803732944e+00	8.781272289166807e-03	3547
1.031710392895113e+00	-8.135924611912294e-03	3548
1.027636511139839e+00	-6.787057941901969e-03	3549
1.389299852310324e+00	-6.431713495198995e-01	3550
1.393301952170776e+00	-5.566408627370081e-01	3551
1.073331382509654e+00	-3.597826864180705e-02	3552
8.171226470573166e-01	-1.402994415277458e+00	3553
1.014154820931827e+00	9.231759201614790e-04	3554
1.059719816867436e+00	2.498038200679637e-02	3555
1.387074460105545e+00	-4.697404079662662e-01	3556
-2.229057327827186e-01	3.295126837254782e-02	3557
-1.864106123323895e-01	1.892969770555497e-02	3558
-3.602459239750071e-01	1.511173130184477e-01	3559
-3.561080801163276e-01	-1.526737443257349e-01	3560
-2.665355188793873e-01	4.933434798666240e-02	3561
-3.389968872500186e-01	-1.164867938030312e-01	3562
-3.240101245448906e-01	8.084621607390731e-02	3563
-3.223544399671419e-01	-8.533624242578441e-02	3564
1.260381420014999e+00	1.513609224186857e-01	3565
1.270916161707697e+00	-1.600885114688598e-01	3566
1.325026972315331e+00	-2.555204723921263e-01	3567
1.299283434934124e+00	-2.062649666011831e-01	3568
1.319824174911308e+00	2.547115509610769e-01	3569
1.349157746266879e+00	-3.099844055481312e-01	3570
1.346852484524027e+00	3.210436373062122e-01	3571
1.370999661063971e+00	-3.827083874362898e-01	3572
1.368618575904340e+00	3.954685871266662e-01	3573
1.382490312342157e+00	4.786501283446314e-01	3574
1.388005787341930e+00	5.677842051491567e-01	3575
1.382104451452751e+00	6.664536777452976e-01	3576
1.364372674527051e+00	7.724203428845612e-01	3577
-4.047082374746547e-01	2.793170286679707e-01	3578
-3.890815319112759e-01	-2.407831499126559e-01	3579
-4.131600948176401e-01	-3.465677947299392e-01	3580
1.329321910670430e+00	8.910275754191822e-01	3581
1.264733934086062e+00	1.031085689472886e+00	3582
1.146778052415028e+00	1.186957800505882e+00	3583
9.905169049137560e-01	1.321694881373705e+00	3584
1.171729751225105e+00	-7.274226826763390e-02	3585
1.218111680188523e+00	-9.203834728881033e-02	3586
1.231825597404698e+00	1.135093896706942e-01	3587
-3.887117881987027e-01	-7.166988987906527e-01	3588
-3.555432575205762e-01	-8.132014073743579e-01	3589
1.042526915654492e+00	1.321820573793043e-02	3590
1.016083573861338e+00	1.920715717114713e-03	3591
6.619745374857317e-02	1.482437713233730e+00	3592
1.085890135213211e+00	3.911716428728277e-02	3593
1.174533537220307e+00	-1.386746248710747e+00	3594
1.026078062676883e+00	-3.053804593585615e-03	3595
4.875647823459357e-01	-1.598397795528039e+00	3596
-4.084630839750116e-01	-1.552538957633834e-01	3597
-3.045187454754634e-01	4.426970852878384e-02	3598
-3.693579486446161e-01	7.765917526436948e-02	3599
1.121461617949701e+00	-4.237391661396612e-02	3600
1.165650721131092e+00	6.501440148856305e-02	3601
7.111186864195129e-01	1.597658832814289e+00	3602
-2.269730584206043e-01	1.246465325563374e+00	3603
-4.938558481569185e-01	4.143445171697562e-01	3604
2.595393942116642e-01	-1.555967293715227e+00	3605
-4.834181403598137e-01	7.482310636387699e-01	3606
-4.984560511075846e-01	-5.199261698052645e-01	3607
1.156906759637595e+00	-5.407711659442876e-02	3608
-3.092930442759547e-01	-1.145888199537203e+00	3609
9.771695091511061e-01	-1.516691765949294e+00	3610
-4.924444266247036e-01	-4.429572485825849e-01	3611
-3.912190966969090e-01	1.131226921233108e-01	3612
1.070301848027242e+00	-2.673543083770064e-02	3613
-3.810131006947825e-01	-1.023064177974089e+00	3614
1.067508057561353e+00	2.994103789521391e-02	3615
-2.521980575542107e-01	-3.273722762057579e-02	3616
-4.820353938023478e-01	-3.713713655592528e-01	3617
1.285080436545010e+00	-1.210523390731101e-01	3618
1.307525963907828e+00	1.537868155222606e-01	3619
1.352127617359789e+00	-2.100665676211838e-01	3620
1.212712979928827e+00	8.631573167841809e-02	3621
1.381083398503125e+00	2.687985648076474e-01	3622
9.564488178908754e-01	1.519446420156435e+00	3623
1.053773374094512e+00	1.303924274686044e-02	3624
-5.017360223782498e-01	4.866399218274608e-01	3625
2.535714956323817e-01	1.562683837871710e+00	3626
4.691998000126146e-01	1.606127216840941e+00	3627
1.306258409238225e+00	-1.220851759470376e+00	3628
1.384012555282031e+00	-1.072840404409945e+00	3629
-4.124603267468681e-01	1.525543894457489e-01	3630
1.095473150956358e+00	4.059347797000896e-02	3631
-4.992383910544987e-01	6.519708390911073e-01	3632
1.060749041073065e+00	-1.575383710875866e-02	3633
1.054285072296786e+00	-1.291773297995811e-02	3634
1.126391913659219e+00	4.862525800035930e-02	3635
-2.359893777548555e-01	1.024984699521709e-03	3636
-4.323736081402395e-01	1.934929316355609e-01	3637
-4.296641703507626e-01	-2.001990426326120e-01	3638
1.036105779201114e+00	1.010918043876590e-02	3639
1.084783394294701e+00	-3.820825882863835e-02	3640
-4.561551160920010e-01	8.546064713292958e-01	3641
-2.537002226662623e-01	2.870763338449747e-02	3642
1.047914505719036e+00	-9.592435868121725e-03	3643
1.041027080745598e+00	-6.751133239793928e-03	3644
-2.143833020070757e-01	-1.260103305320212e+00	3645
-3.283317649845768e-01	1.115402918819095e+00	3646
-5.039266998968365e-01	5.644169368190683e-01	3647
-4.070141622206776e-01	9.812480843927918e-01	3648
1.018537894491705e+00	4.056292709169314e-03	3649
1.431354467129227e+00	-9.417455950689607e-01	3650
1.016112606321008e+00	-1.712237557977456e-03	3651
-4.495769422127056e-01	-2.523996551295281e-01	3652
-4.684141985987018e-01	2.927707573253035e-01	3653
-9.355792508386442e-02	-1.373920898554517e+00	3654
6.265575349009750e-02	-1.475639761829018e+00	3655
1.018602092263199e+00	-3.812998975304617e-03	3656
-4.962978127824889e-01	-6.056002899391735e-01	3657
-4.311504237678150e-01	-9.059947339428763e-01	3658
-9.367399728646275e-02	1.375306325611866e+00	3659
1.460933529470222e+00	-8.165422036003903e-01	3660
1.035191523576827e+00	-4.897418128033589e-03	3661
1.032040390438313e+00	9.175120494328932e-03	3662
1.030837850232545e+00	-3.932143702815838e-03	3663
1.028256558312188e+00	7.817704793414287e-03	3664
1.473779062670364e+00	-7.023531677630697e-01	3665
1.344432404566669e+00	2.060462124395020e-01	3666
1.474116082960615e+00	-6.038898783412909e-01	3667
1.095341030029434e+00	-3.417453819334067e-02	3668
7.350065336262666e-01	-1.590026292942928e+00	3669
1.016114047884050e+00	1.044184479831299e-04	3670
1.060608482650250e+00	1.674136658870040e-02	3671
-2.109575306205075e-01	1.418968162579214e-02	3672
-3.874564141471902e-01	-1.154235572898412e-01	3673
-3.034084110557743e-01	-5.179518687118569e-02	3674
-3.669335997659856e-01	-8.127534521041024e-02	3675
1.318930677909300e+00	-1.624525869955990e-01	3676
1.384015450200997e+00	-2.620282590010888e-01	3677
1.415546959290735e+00	-3.297836439822023e-01	3678
1.414596617627811e+00	3.420350500678252e-01	3679
1.444288129175548e+00	-4.143007255526396e-01	3680
1.441679291941667e+00	4.264732298397331e-01	3681
1.465053163234775e+00	-5.079691776714699e-01	3682
1.460728704272075e+00	5.190250325393450e-01	3683
1.468861808027375e+00	6.226663906372624e-01	3684
1.465586211779294e+00	7.354921555882000e-01	3685
-4.511826693644497e-01	2.405240156235920e-01	3686
-4.671036481956628e-01	-3.072839894310695e-01	3687
-4.837221723549271e-01	3.514401069918102e-01	3688
1.446516460139881e+00	8.618937170323689e-01	3689
1.401147805786443e+00	1.009996997581064e+00	3690
1.307732029822224e+00	1.187633177671308e+00	3691
1.179862393013231e+00	1.386137131793301e+00	3692
1.199625056226989e+00	-6.885153452091848e-02	3693
1.253568106098332e+00	-8.749750111330844e-02	3694
1.272358205538788e+00	1.128824714560195e-01	3695
-4.869139404010221e-01	-6.949785103875677e-01	3696
-4.660334222973064e-01	-7.965513132123556e-01	3697
1.022702292980481e+00	-1.897632918411145e-03	3698
-5.737073900101456e-01	8.270913599762415e-01	3699
1.248819338979587e+00	8.281001742047606e-02	3700
-2.677654155357497e-01	-5.790782878902082e-04	3701
-5.406979739053389e-01	3.048139199327007e-01	3702
1.171854753016025e+00	-1.599219689630350e+00	3703
1.141726584579550e+00	-3.846261216318113e-02	3704
9.245353905996798e-02	-1.680748344817305e+00	3705
-4.167276695130958e-01	-7.429526836253927e-02	3706
-1.082279821306921e-01	1.566564084394392e+00	3707
1.068064035622841e+00	2.111622598191702e-02	3708
-2.866621575129085e-01	2.238230443751050e-02	3709
-3.892503595532217e-01	1.265321025119264e+00	3710
1.194214619913277e+00	6.258925277915563e-02	3711
1.411692857464806e+00	-2.093545118875904e-01	3712
6.164717402682796e-01	-1.785669690842077e+00	3713
-4.951131285495668e-01	1.953376284115608e-01	3714
-5.866961614486420e-01	5.225744240232990e-01	3715
-5.884005731331517e-01	7.152626653107536e-01	3716
-5.854950139658802e-01	-6.595908559199709e-01	3717
5.948014615127795e-01	1.793654416270931e+00	3718
3.381513498899857e-01	-1.760324017545314e+00	3719
-5.839867867360032e-01	-5.644147092158707e-01	3720
-5.600490454165929e-01	-3.961148889257696e-01	3721
-5.413855181209207e-01	9.592674040123564e-01	3722
1.018308448046535e+00	-8.067584367385032e-04	3723
1.035035837993394e+00	5.483480470405256e-03	3724
1.033889771178885e+00	-4.483197670847670e-04	3725
1.029088324730722e+00	-5.571236067478124e-05	3726
1.450917731528682e+00	2.815317401011855e-01	3727
-5.597949099226358e-01	3.710058806107480e-01	3728
1.332365661278458e+00	-1.169940851147192e-01	3729
-4.599175605289446e-01	-1.150528728782461e+00	3730
1.156925302626104e+00	1.604760477822725e+00	3731
8.895443548563439e-01	1.739773461343504e+00	3732
1.109924871442634e+00	3.657492673861197e-02	3733
-5.754184683640031e-01	-4.747154336825900e-01	3734
1.021304147906674e+00	-4.234706679064728e-03	3735
8.758273626710861e-02	1.686417013845148e+00	3736
1.068939268084794e+00	-1.953407036100392e-02	3737
-4.703924593042783e-01	1.493786333908792e-01	3738
-3.456758802340707e-01	4.230031512984688e-02	3739
-3.448818885703921e-01	-4.621553094185014e-02	3740
-2.855860523101682e-01	-2.690135245439667e-02	3741
-2.680445649913912e-01	1.419843606126948e+00	3742
-5.751476989222092e-01	4.415236924549177e-01	3743
-4.672945387982581e-01	-1.546260895067959e-01	3744
1.181633139029867e+00	-4.961636938678304e-02	3745
-5.177051091661536e-01	-1.011527418439145e+00	3746
9.099320155418885e-01	-1.735117412682899e+00	3747
-4.454414985429549e-01	1.090584810946400e-01	3748
1.047941469397026e+00	9.792019928624687e-03	3749
1.109984349375604e+00	-3.258151333747918e-02	3750
1.060562968896693e+00	8.702197308966318e-03	3751
3.224740264603331e-01	1.767270254471149e+00	3752
1.358703344394099e+00	-1.398419851879656e+00	3753
1.467309948288500e+00	-1.211450899164999e+00	3754
1.149704782830359e+00	4.645438028629426e-02	3755
1.060354577091394e+00	-7.848769481071976e-03	3756
1.080933398799064e+00	-2.781160670989707e-02	3757
1.054001850649442e+00	-5.685478336714695e-03	3758
1.041469874533405e+00	7.243672383111003e-03	3759
1.046546360444754e+00	-3.124708211493860e-03	3760
-3.738433040069126e-01	-1.294873018064622e+00	3761
-5.926347216679524e-01	6.123748656463175e-01	3762
-4.818767064154528e-01	1.113681963172498e+00	3763
1.021231950993313e+00	4.516828749868925e-03	3764
1.525788235986823e+00	-1.050254538000918e+00	3765
-5.178915317977965e-01	-2.604412122618083e-01	3766
-2.603868767945331e-01	-1.428562353850384e+00	3767
-1.074856910396044e-01	-1.564085581554475e+00	3768
1.557098931232595e+00	-9.056191167192629e-01	3769
1.039522108167319e+00	-1.360963783648128e-03	3770
1.031446502229260e+00	4.894263233429461e-03	3771
1.570414415435385e+00	-7.712543174470285e-01	3772
1.567894180162559e+00	-6.536180783283992e-01	3773
1.018293811915321e+00	1.047156654219347e-03	3774
-4.196674898941880e-01	7.083557195181879e-02	3775
-4.415899872499772e-01	-1.120013274050854e-01	3776
1.372233830324499e+00	-1.607466217634381e-01	3777
1.361666800835130e+00	1.550520654630962e-01	3778
1.452229265408751e+00	-2.716000626442673e-01	3779
1.406783338829400e+00	2.120869084142721e-01	3780
1.492795117713140e+00	-3.507905213576004e-01	3781
1.492168356444471e+00	3.641531445696580e-01	3782
1.528586654517740e+00	-4.449038099703241e-01	3783
1.526079628773146e+00	4.578027859057934e-01	3784
1.553762883929206e+00	-5.481441794705955e-01	3785
1.549930188028241e+00	5.646697256482071e-01	3786
1.562935330644704e+00	6.824107432455760e-01	3787
-5.184713598141723e-01	2.469200775612770e-01	3788
-4.936653778902645e-01	-2.052990175058733e-01	3789
-5.407691973562884e-01	-3.234778784844780e-01	3790
1.561585628215680e+00	8.152470028790362e-01	3791
1.536610800514918e+00	9.712706327670912e-01	3792
1.471359442221502e+00	1.161376774310666e+00	3793
1.368715991823084e+00	1.368483333085042e+00	3794
1.230905840743250e+00	-6.289346448338756e-02	3795
1.293983409076458e+00	-8.117238797570689e-02	3796
1.318573115723482e+00	1.090212941954935e-01	3797
-5.543921703226363e-01	-8.842701889943149e-01	3798
-5.770554307361253e-01	-7.658031399132212e-01	3799
-1.041033501927078e-01	-1.785341275742485e+00	3800
1.175480894391874e+00	4.263069689649165e-02	3801
-3.073299232133850e-01	1.620288831568948e+00	3802
-4.722655946021997e-01	-6.437196226921302e-02	3803
-6.237968433414077e-01	-3.398359191009554e-01	3804
1.131753907444905e+00	3.091792972522799e-02	3805
1.164149950593487e+00	-3.278152149773444e-02	3806
-5.602443914283144e-01	1.263977509630955e+00	3807
-6.838079976739908e-01	5.605662505639596e-01	3808
-6.912144616268622e-01	7.847480020287363e-01	3809
1.025335086333675e+00	5.783677696772785e-04	3810
1.266516391157287e+00	-5.372393336724563e-02	3811
7.783905589417637e-01	1.976243894588480e+00	3812
-3.916636419832892e-01	-4.091747558689691e-02	3813
1.079074848230213e+00	2.683272812650014e-02	3814
1.126834073550042e+00	-2.583453993185627e-02	3815
1.068374762964148e+00	1.234222447117257e-02	3816
4.361782323064963e-01	1.990062522116270e+00	3817
1.052235592824772e+00	1.328974753681221e-03	3818
-6.567889948934009e-01	-9.819151684474200e-01	3819
1.515355538115134e-01	-1.912738386363380e+00	3820
1.045514145991366e+00	3.109280310545622e-03	3821
1.020315720927909e+00	1.781145753985915e-03	3822
-3.856942807627081e-01	-2.169566515427757e-03	3823
-3.227565198511226e-01	1.097301503176670e-02	3824
1.531541607359212e+00	2.933291571931030e-01	3825
1.288842754787075e+00	1.541007979783800e+00	3826
1.209187617599557e+00	-4.206186266182940e-02	3827
-6.824054758404973e-01	-6.098820384577925e-01	3828
-6.157941739543453e-01	-1.132896804993880e+00	3829
-6.755936793046885e-01	9.209096564745219e-01	3830
1.480281924773680e+00	-2.091216191225493e-01	3831
-6.787038777546475e-01	-8.459265309959348e-01	3832
1.132898422376838e+00	-1.846627124489529e+00	3833
-1.109150509209087e-01	1.787042342356450e+00	3834
1.099410407950322e+00	2.675566799169982e-02	3835
-4.549519438728473e-01	1.439534037151385e+00	3836
1.225962164463762e+00	5.797290445945626e-02	3837
4.567556442379376e-01	-1.982540186021051e+00	3838
-6.694929181626512e-01	-5.104333050195438e-01	3839
-6.366434390001812e-01	1.083199271719291e+00	3840
1.024732731358778e+00	5.777433067896961e-03	3841
1.027461556483233e+00	3.752118801969640e-03	3842
1.289558329992279e+00	7.678497430271594e-02	3843
1.385032716493857e+00	-1.091332263151644e-01	3844
-6.873370469728055e-01	-7.204899249975766e-01	3845
1.112751826088545e+00	1.853408844242326e+00	3846
-6.668095901636342e-01	4.692132337299060e-01	3847
1.020548876975769e+00	-6.866940116611224e-04	3848
1.370498276884105e-01	1.917922131060888e+00	3849
1.068222562780649e+00	-1.090787977918538e-02	3850
-3.905803536214270e-01	3.319563829631699e-02	3851
-3.127829616232884e-01	-1.441184621832207e-02	3852
-6.490058465664893e-01	-4.190242765402701e-01	3853
-6.462886408923206e-01	3.885797945756487e-01	3854
-5.352984138291305e-01	1.437234255703651e-01	3855
-5.335854691726466e-01	-1.519213573226358e-01	3856
7.979275482424033e-01	-1.970205579263983e+00	3857
-5.051338946282231e-01	9.966151141246574e-02	3858
-4.755295042717188e-01	6.065558345065132e-02	3859
1.101296590250998e+00	-2.118300608314623e-02	3860
1.092538935977210e+00	-2.099806358219282e-02	3861
1.053768004366163e+00	5.618939229368626e-03	3862
1.393435070833994e+00	-1.619031290233589e+00	3863
1.548712740995417e+00	-1.384315843726890e+00	3864
1.078529560730658e+00	-2.146797699066752e-02	3865
1.059397440662007e+00	-2.274839783440076e-04	3866
-5.462141405399243e-01	-1.298709819339512e+00	3867
-6.930118834495683e-01	6.672481433104145e-01	3868
1.631108570161123e+00	-1.180038136604402e+00	3869
-5.649585843167066e-01	-2.064560366714465e-01	3870
-5.941823765592673e-01	2.506225169861727e-01	3871
-4.407897076689606e-01	-1.465339605732614e+00	3872
-3.008269882871316e-01	-1.626466900547877e+00	3873
1.668334804836629e+00	-1.005698722915528e+00	3874
1.680566164420766e+00	-8.502657224138110e-01	3875
1.675687223418203e+00	-7.103648480906648e-01	3876
-5.018955734818942e-01	-1.043306901696652e-01	3877
1.477674359362104e+00	2.161915506641984e-01	3878
1.531537086644361e+00	-2.810993030964490e-01	3879
1.423658147015068e+00	1.527660190637022e-01	3880
1.431471299886744e+00	-1.530690508022186e-01	3881
1.581706351061955e+00	-3.710059899452069e-01	3882
1.581411845536707e+00	3.852662310773388e-01	3883
1.624388434239968e+00	-4.764165750401813e-01	3884
1.622424151866635e+00	4.928861936387806e-01	3885
1.656054521236632e+00	-5.883102079344439e-01	3886
1.653409290310273e+00	6.133525869886730e-01	3887
-5.651694753234519e-01	1.942950852813089e-01	3888
-5.953298204618338e-01	-2.675671167627584e-01	3889
-6.218270010461044e-01	3.167751956596195e-01	3890
1.671521236212100e+00	7.505172890961394e-01	3891
1.668688608659925e+00	9.130801407883942e-01	3892
1.632585353468937e+00	1.111330583664861e+00	3893
1.556872809437518e+00	1.333710447942503e+00	3894
1.339584151889225e+00	-7.085997524615488e-02	3895
1.371495879780757e+00	1.030136699968995e-01	3896
-5.227483975452281e-01	1.643201499885308e+00	3897
-7.941970285747383e-01	6.039909895684853e-01	3898
1.076975893318636e+00	1.702190828278285e-02	3899
-7.903880100628072e-01	1.032949109357551e+00	3900
1.113633155682623e+00	2.212409717007766e-02	3901
-4.382289094517653e-01	-2.153387717993740e-02	3902
1.266662712761691e+00	-1.784439605407446e+00	3903
1.204100499908316e+00	3.644919498476858e-02	3904
1.302217708569493e+00	1.739347277368549e+00	3905
1.023269157360290e+00	1.246249765447575e-03	3906
1.559734366174976e+00	-2.069363342684084e-01	3907
1.261867930960981e+00	4.957499375954778e-02	3908
-3.284266925999590e-01	-1.859698356755960e+00	3909
1.146690962848802e+00	-1.911930170171694e-02	3910
-7.424137992635885e-01	1.232749647241164e+00	3911
1.043906693128105e+00	-2.125374181764097e+00	3912
2.307761169971417e-01	2.176105057594354e+00	3913
-5.329106273471311e-01	-5.000452357776763e-02	3914
1.798669132558644e+00	-7.763615238661761e-01	3915
-7.131986295952498e-01	3.251652641795069e-01	3916
1.624051753415331e+00	3.031214650437247e-01	3917
-7.948765724396865e-01	-6.596326133735837e-01	3918
1.116123660416913e+00	-1.892381944560128e-02	3919
1.794591265055860e+00	-1.124138579633219e+00	3920
-8.083101524038553e-01	8.661033980467967e-01	3921
-4.406689255789843e-01	1.961788460800427e-02	3922
-6.791974863621441e-01	2.534348826600498e-01	3923
2.515623999490691e-01	-2.170262100502145e+00	3924
1.336346155092119e+00	6.678634376680979e-02	3925
1.499125172418050e+00	-1.435650705861245e-01	3926
-6.075660677344239e-01	1.347099381995818e-01	3927
1.487822922024420e+00	1.521418631179442e+00	3928
1.240013501367464e+00	-3.196807113110254e-02	3929
1.494181843391049e+00	1.478474477985405e-01	3930
-3.389259133498357e-01	1.853468394677854e+00	3931
-7.760874300967772e-01	-5.465504614747276e-01	3932
1.155952770901550e+00	2.579409392831336e-02	3933
-6.502365192909021e-01	1.435436106953904e+00	3934
1.023432459441000e+00	2.132156444814294e+00	3935
6.146121626219516e-01	2.218358265525346e+00	3936
-7.962868622314342e-01	-9.338390085687006e-01	3937
-7.349411999880794e-02	-2.040668798005003e+00	3938
1.188437212169613e+00	-2.513916308945508e-02	3939
-7.736573646174939e-01	-1.093799625691809e+00	3940
1.306550587867738e+00	-4.192955463412618e-02	3941
-8.027631465792279e-01	-7.907084345585873e-01	3942
-8.913381131777758e-02	2.041556829070678e+00	3943
1.089231823877007e+00	1.622018464287097e-02	3944
-7.712487110538827e-01	4.963502932827308e-01	3945
1.067219385100037e+00	-2.628075388733230e-03	3946
-7.501715799519305e-01	-4.437760045582146e-01	3947
-7.453209429578720e-01	4.056882968992748e-01	3948
-7.178746973048491e-01	-3.529668384906361e-01	3949
6.342328772523820e-01	-2.211467901163506e+00	3950
-5.714684651246299e-01	8.619502247751461e-02	3951
-5.358723607799746e-01	4.523088419092222e-02	3952
1.067629663999257e+00	3.339559859171525e-03	3953
1.621668471529863e+00	-1.602017728269935e+00	3954
1.077300140761979e+00	-1.451718899241488e-02	3955
-7.248728791039311e-01	-1.275091829950535e+00	3956
-8.071293669576760e-01	7.268811216614115e-01	3957
1.740846808021329e+00	-1.343523717253062e+00	3958
-6.451663551567608e-01	-2.042309738763851e-01	3959
-6.405343683141241e-01	-1.473693584451172e+00	3960
-5.098732335171372e-01	-1.665137091510051e+00	3961
1.807916178586950e+00	-9.387669272561272e-01	3962
-5.694883852487060e-01	-9.323332593951575e-02	3963
1.622954401937606e+00	-2.892222159333733e-01	3964
1.559199808922205e+00	2.170949397093839e-01	3965
1.442935009047338e+00	-9.455266715436965e-02	3966
1.683001033788907e+00	-3.915428959015326e-01	3967
1.683399635881436e+00	4.085171104214820e-01	3968
1.734208556914185e+00	-5.059727055965378e-01	3969
1.733809362204015e+00	5.289667446516013e-01	3970
1.773620258385291e+00	-6.322260489787307e-01	3971
-6.434908790331614e-01	1.891213823728116e-01	3972
-6.073132615097703e-01	-1.453446014774747e-01	3973
-6.825024793086026e-01	-2.744624415531280e-01	3974
1.772989091799664e+00	6.678869024803276e-01	3975
1.794128908700211e+00	8.345741527609932e-01	3976
1.787993277694535e+00	1.037957412558915e+00	3977
1.743378197394984e+00	1.273977180142344e+00	3978
1.390493781840020e+00	-5.663331399964203e-02	3979
1.431728856229835e+00	9.249732106926431e-02	3980
-7.480543886927790e-01	1.636384643510884e+00	3981
-8.533482699058847e-01	1.403789067852611e+00	3982
-9.181798513563040e-01	1.167781820560536e+00	3983
-3.330876460276435e-01	-2.133548266663628e+00	3984
1.296232980291969e+00	2.017521446561837e+00	3985
1.140432504323028e+00	1.211776478803050e-02	3986
-5.877593667428561e-01	1.882876226585413e+00	3987
1.129423552947544e+00	-1.006936399180697e-02	3988
-4.941483399927844e-01	-5.819891851553230e-03	3989
1.932608979594146e+00	-1.274640222488455e+00	3990
1.389285138575239e+00	5.371972360493924e-02	3991
1.215247492128918e+00	-1.388319650338840e-02	3992
-8.555498856553028e-01	4.225264057836136e-01	3993
1.182070407843208e+00	1.860986170675833e-02	3994
1.168573487032619e+00	-1.047057272630234e-02	3995
1.274891893257813e+00	-1.793594807337479e-02	3996
-7.313136207363737e-01	1.818888668595893e-01	3997
-8.978245156167838e-01	-5.837500487377942e-01	3998
3.923081550660609e-01	2.452497856477707e+00	3999
-2.562944835421449e-02	2.332311689541735e+00	4000
1.953775257596989e+00	-1.042734728219837e+00	4001
1.075993262076500e+00	-3.778039187367075e-03	4002
-2.693125434349524e-03	-2.330813336439320e+00	4003
1.504952014161257e+00	-1.815584710818528e+00	4004
-5.724597871389154e-01	-1.903478338361289e+00	4005
8.909330121681122e-01	-2.423220536521134e+00	4006
1.727547403011833e+00	-2.968578376714039e-01	4007
-6.000172909809948e-01	-2.977769197604770e-02	4008
1.651386012404748e+00	-2.021602619852319e-01	4009
1.102710777634540e+00	1.308228567072829e-02	4010
1.106760443479434e+00	-7.572720902961292e-03	4011
1.235509934022259e+00	2.758854895580904e-02	4012
1.079606912446137e+00	6.943774954769551e-03	4013
1.302372151789480e+00	3.804836213375856e-02	4014
1.129202539354839e+00	1.324466683131161e-02	4015
1.940793399193347e+00	-8.500152159916886e-01	4016
-9.228596008072988e-01	-7.169491305612369e-01	4017
1.729912156456989e+00	3.134306675979151e-01	4018
-9.411942432708572e-01	9.635333118264238e-01	4019
-9.189918122503161e-01	6.521056959187415e-01	4020
-8.642675671204980e-01	-4.690145927000208e-01	4021
1.351198033982777e+00	-2.547015567143954e-02	4022
1.508435065155343e+00	-7.633272594371485e-02	4023
-8.246828829118736e-01	-3.655216461800799e-01	4024
-8.162993830374422e-01	3.300607807772333e-01	4025
1.541632798561859e+00	1.756625369228394e+00	4026
1.652701705376137e+00	2.145703453271553e-01	4027
-3.513950125099728e-01	2.126355668602387e+00	4028
-8.901340165743935e-01	5.264763383114637e-01	4029
8.706904481046742e-01	2.430185886626120e+00	4030
-9.342450640057998e-01	-8.675497908268279e-01	4031
-9.309905252403973e-01	-1.033573183902713e+00	4032
-6.019580473711913e-01	2.325888515191752e-02	4033
4.135285897079102e-01	-2.446731916126847e+00	4034
-6.445039680239230e-01	6.906546660049831e-02	4035
-9.052541233530151e-01	-1.225363083826768e+00	4036
-9.378086063972448e-01	7.943800195377335e-01	4037
1.851454414711694e+00	-1.551818745495668e+00	4038
-7.807016213605137e-01	-2.768706431085393e-01	4039
-8.460135484313850e-01	-1.442488440320257e+00	4040
-7.383667694523950e-01	-1.679172701471738e+00	4041
-6.895253293088883e-01	-1.336015749405586e-01	4042
1.574720973612746e+00	1.378648509184742e-01	4043
1.576904478274391e+00	-1.300242718046135e-01	4044
1.694212283668897e+00	1.478243135069435e+00	4045
1.798707610601751e+00	-4.086726543462852e-01	4046
1.800878222742772e+00	4.306417431018146e-01	4047
1.860091147083040e+00	-5.361943604641413e-01	4048
-6.440384497030257e-01	-7.840865415944942e-02	4049
-6.877938683355378e-01	1.203033772649375e-01	4050
-7.358132849471679e-01	-2.005329202694144e-01	4051
-7.744928028798201e-01	2.516004402097948e-01	4052
1.862453258037296e+00	5.682042734359407e-01	4053
1.907919772621079e+00	-6.833888863815061e-01	4054
1.909209328001122e+00	7.358715887446408e-01	4055
1.934014574219196e+00	9.412364367270573e-01	4056
1.924154004997176e+00	1.186671590373892e+00	4057
1.445978960921820e+00	-3.526070581329025e-02	4058
1.500311443995218e+00	7.847647152271450e-02	4059
1.220254952438382e+00	2.353062571703100e+00	4060
1.245071321490634e+00	3.561524900117557e-04	4061
-1.067694310840712e+00	-7.808728324653317e-01	4062
-8.492300808829044e-01	1.875222962990931e+00	4063
6.426769415075093e-01	2.728831963276176e+00	4064
1.357631074695077e+00	-2.012475495325203e+00	4065
-6.401888557259268e-01	2.167208584003344e+00	4066
1.160115455054133e+00	5.523609283081449e-03	4067
1.205597404064247e+00	-2.396089048450536e+00	4068
1.313772389892373e+00	-8.011458732754028e-04	4069
1.270656345050847e+00	1.429449983177905e-02	4070
1.210451514073493e+00	8.829691231016758e-03	4071
-6.225831449340737e-01	-2.192684279333968e+00	4072
1.762267877739183e+00	-1.792902677013474e+00	4073
1.449708788496302e+00	3.506553232332157e-02	4074
-1.091045651330079e+00	1.082412755703658e+00	4075
1.348615720467764e+00	2.166071184168067e-02	4076
1.145636043509762e+00	-1.196289069144425e-04	4077
-9.808119568139790e-01	4.377905503469371e-01	4078
1.580281346545578e+00	2.040341483298836e+00	4079
-6.743228643394031e-01	-4.905283087617474e-03	4080
-8.371228148410262e-01	-1.923787069129300e+00	4081
1.399834177770601e+00	-4.345818654327880e-03	4082
1.666852901716761e+00	1.227310313953964e-01	4083
1.851395160293311e+00	3.205119083619408e-01	4084
-9.323763111754858e-01	3.346234544656085e-01	4085
-9.798848422167425e-01	1.599316416549505e+00	4086
-1.057654321137543e+00	1.331325962803798e+00	4087
-1.061794830829176e+00	7.046008055847277e-01	4088
1.760054567882410e+00	2.108629460489241e-01	4089
2.078398942332330e+00	-1.468290911690578e+00	4090
1.666517202936247e+00	-1.122660741131574e-01	4091
1.192059069333256e+00	3.305513471831529e-04	4092
-9.450591315021637e-01	-3.781015815430618e-01	4093
-1.036652230320707e+00	-6.258227379021695e-01	4094
1.039201620668414e-01	2.659606876602604e+00	4095
2.117835688017082e+00	-1.175002466639739e+00	4096
1.086172488626490e+00	-8.020579350763560e-03	4097
-3.030255155462631e-01	-2.454839278568265e+00	4098
1.286076614304769e-01	-2.656851381267086e+00	4099
6.644957437811991e-01	-2.722424026292482e+00	4100
1.116612091726211e+00	7.466119481185190e-03	4101
1.092549782009538e+00	3.985671938450703e-03	4102
2.104383673315841e+00	-9.361057403400799e-01	4103
1.901880262911157e+00	1.404205891603824e+00	4104
1.756741072077500e+00	-1.956885493185802e-01	4105
-8.917264983387545e-01	-2.763726132824646e-01	4106
-3.306433441736999e-01	2.449657686282039e+00	4107
-1.024418129437182e+00	5.608659000459617e-01	4108
-9.940100209719587e-01	-4.926237133661519e-01	4109
-1.086929793139647e+00	8.748300506820801e-01	4110
-1.085325630777073e+00	-9.526348868719067e-01	4111
-1.083961891990271e+00	-1.150665600117772e+00	4112
-7.777612421742679e-01	1.023239606884271e-01	4113
-8.811059204367893e-01	2.444833799636064e-01	4114
-1.052885768834005e+00	-1.381044231145597e+00	4115
-9.809839224617857e-01	-1.645130537116851e+00	4116
1.582885364979755e+00	-5.211232065180502e-02	4117
1.793361852417916e+00	1.714565827032860e+00	4118
1.846834870349443e+00	-2.997676907088117e-01	4119
1.930976396802071e+00	-4.238101101998748e-01	4120
-7.264363372977289e-01	-5.632391982871027e-02	4121
-7.248675333770735e-01	4.453353180464063e-02	4122
-7.821262889192312e-01	-1.184378704224864e-01	4123
-8.370021524463989e-01	-1.917714332504752e-01	4124
-8.293114019543428e-01	1.687793188543240e-01	4125
1.936323679582032e+00	4.531176093066334e-01	4126
2.003982619174095e+00	-5.710859916226824e-01	4127
2.009968331426860e+00	6.179808769931325e-01	4128
2.062978776312732e+00	-7.396401609120394e-01	4129
2.066655752281827e+00	8.216424960534447e-01	4130
2.094245641527884e+00	1.071265997295794e+00	4131
1.508161778890418e+00	-8.916608738982234e-03	4132
1.578071780286617e+00	5.792375708953941e-02	4133
-6.707536743274680e-01	2.507850025771794e+00	4134
1.880180434580183e+00	2.004973415364501e+00	4135
2.248388660627078e+00	9.285166746182653e-01	4136
-1.256608622650880e+00	9.739306134027010e-01	4137
-1.256646584362776e+00	1.229719466363491e+00	4138
-1.225140046719388e+00	7.662961685661194e-01	4139
1.982935297729706e+00	-2.983228704052313e-01	4140
-1.193606534859797e+00	-6.741263121683264e-01	4141
-1.081327013977635e+00	-3.867966788696928e-01	4142
-1.233758206621369e+00	-8.496530399155984e-01	4143
3.308903526670375e-01	3.005503422212118e+00	4144
1.882945718691865e+00	2.019602739279412e-01	4145
1.044857583899308e+00	-2.726361459270001e+00	4146
3.563426612475985e-01	-3.001151547364109e+00	4147
1.991091160564738e+00	3.251090149785638e-01	4148
-1.001112860885131e+00	2.351010803366386e-01	4149
-9.455627137365503e-01	2.162407290133096e+00	4150
-1.114585584976656e+00	-1.888759066165537e+00	4151
-1.117474492382114e+00	1.831254292993530e+00	4152
1.632096611767014e+00	-2.038596490613166e+00	4153
-9.279731444315183e-01	-2.214074193958663e+00	4154
1.876827902660437e+00	-1.830975720477155e-01	4155
2.103655742868538e+00	1.296907107319699e+00	4156
2.092394342319722e+00	4.828463638736580e-01	4157
1.051114410320687e+00	2.716818549646307e+00	4158
1.511964465708608e+00	-2.295269314257802e+00	4159
1.417872339518479e+00	2.270007394023041e+00	4160
-1.017446524674017e+00	-2.745438599115067e-01	4161
-1.214330905116516e+00	1.520248535776420e+00	4162
2.023076778830051e+00	-1.728442030761677e+00	4163
-1.063302414500273e+00	3.352782884998681e-01	4164
-1.141840276591209e+00	-5.178896083493550e-01	4165
-1.177717734746836e+00	5.967115115819446e-01	4166
2.297042705982195e+00	-1.348833028764700e+00	4167
-6.382111934708959e-01	-2.534474519500845e+00	4168
-2.146891710869516e-01	-2.823340473565159e+00	4169
2.291482115510056e+00	-1.045752076211041e+00	4170
1.773009592252038e+00	1.044601530890261e-01	4171
1.769992766584003e+00	-9.125302204867830e-02	4172
-2.442675962470763e-01	2.820171439043385e+00	4173
-1.123341722480283e+00	4.556424220177022e-01	4174
-1.257864886584045e+00	-1.051773268653138e+00	4175
-8.155941463629162e-01	-1.178677555748569e-02	4176
-1.256980639617807e+00	-1.290048679158886e+00	4177
-1.219191133587801e+00	-1.566718885601055e+00	4178
1.659283220832168e+00	5.064141948469035e-03	4179
-9.506911484090472e-01	-1.775178333578393e-01	4180
-9.383810416692371e-01	1.489923241955914e-01	4181
-8.846795737431322e-01	-9.815460510324547e-02	4182
-8.766609879615755e-01	7.808374625595296e-02	4183
2.082278709532722e+00	-4.408557803503991e-01	4184
2.042512889600747e+00	1.628308531421533e+00	4185
2.169804498183373e+00	-6.079570645944680e-01	4186
2.181619585544504e+00	6.805075930664656e-01	4187
2.241892907311963e+00	-8.048483246010453e-01	4188
1.732425649246409e+00	2.287747743975173e+00	4189
-1.158588937927658e+00	-2.676538563965852e-01	4190
-1.423784261883375e+00	-9.283782494190630e-01	4191
6.401210291057868e-02	3.027346999172763e+00	4192
2.281944288309020e+00	1.501860726282548e+00	4193
-1.031752630643552e+00	2.510085587587154e+00	4194
-1.079373685874568e+00	-1.596309692367607e-01	4195
2.023915078426501e+00	1.878252428045685e-01	4196
7.909951626823044e-01	-3.077466813878323e+00	4197
1.804718545858698e+00	-2.275933021628420e+00	4198
-1.446346249898393e+00	1.100248031391151e+00	4199
9.563828750767342e-02	-3.025232248973671e+00	4200
1.413553805987297e+00	-2.647061587892151e+00	4201
2.012867782789999e+00	-1.646604531122932e-01	4202
-6.437800721314654e-01	2.914046615576689e+00	4203
7.808848387606377e-01	3.079769737706403e+00	4204
2.448465777257140e+00	-8.882336471357877e-01	4205
-1.212058948058768e+00	3.352732065251381e-01	4206
-1.135998621643571e+00	2.198658330144148e-01	4207
2.152617532791678e+00	3.333704037186763e-01	4208
2.292503853246504e+00	1.156294846081972e+00	4209
-1.443612076124037e+00	1.403522542334285e+00	4210
-1.353097718258282e+00	6.379225953947749e-01	4211
2.138820591028553e+00	-2.959351062797797e-01	4212
-1.373019638004902e+00	-7.244217495193944e-01	4213
-1.412032896779135e+00	8.428290700154264e-01	4214
-1.060146203300799e+00	1.253866169035795e-01	4215
-1.267720287996880e+00	2.116918740902422e+00	4216
1.926605286170281e+00	-2.006748835505635e+00	4217
-1.250781362929450e+00	-2.180919499998020e+00	4218
1.865477266216173e+00	4.982563537444733e-03	4219
1.887794836700491e+00	-6.263706977687525e-02	4220
2.361231597837098e+00	-6.498500613459681e-01	4221
-1.388099608053535e+00	1.742933273553248e+00	4222
-1.310151153428566e+00	-5.478377453401784e-01	4223
2.280574406458369e+00	-1.623304598706287e+00	4224
-9.981784443973464e-01	-2.566038495247713e+00	4225
-6.045712974616758e-01	-2.936100282567252e+00	4226
2.501123035334438e+00	-1.193901302216924e+00	4227
1.894291508935677e+00	7.914826394040611e-02	4228
-1.284801446031242e+00	4.733888106220980e-01	4229
-1.236178043441431e+00	-3.939273088821574e-01	4230
-1.402454910363260e+00	-1.802376939036771e+00	4231
-1.454300687419615e+00	-1.170383010113181e+00	4232
-1.452977444752439e+00	-1.456279688962704e+00	4233
-9.989811594460721e-01	-6.949519772506269e-02	4234
-9.859803877483929e-01	4.449643940651744e-02	4235
-9.260881273423792e-01	-7.666265595384691e-03	4236
2.256238700867836e+00	-4.565587069906303e-01	4237
2.274531938292493e+00	5.201847471278342e-01	4238
2.381236493151180e+00	7.603530367034004e-01	4239
1.675963317150950e+00	-2.562906147068302e+00	4240
2.041022217395847e+00	2.269567808841343e+00	4241
4.958726249864184e-01	3.392994237197228e+00	4242
-1.318228446513544e+00	-2.555503746514448e-01	4243
-1.582243257487164e+00	-2.091920463980982e+00	4244
5.102471603038492e-01	-3.389173809041216e+00	4245
1.189201313313529e+00	3.099960060229676e+00	4246
-1.661949022302424e+00	1.252098047013594e+00	4247
-2.804581219652066e-01	-3.204447641112425e+00	4248
2.684365694267305e+00	-1.005353263461639e+00	4249
-1.641048535869272e+00	-1.022608767779558e+00	4250
1.244333521624226e+00	-3.050716212977355e+00	4251
1.558587951386427e+00	2.552339988538906e+00	4252
2.527170545633758e+00	-1.476142092950018e+00	4253
-1.554332272534968e+00	6.896156990778800e-01	4254
-1.500756907972955e+00	-5.783550374071451e-01	4255
2.225499808109865e+00	1.841272951311010e+00	4256
-1.624764159800757e+00	9.439218550568145e-01	4257
-3.230667351396875e-01	3.198154730513743e+00	4258
2.109308531743877e+00	-2.252010857089597e+00	4259
-1.653336877174254e+00	1.610110817923031e+00	4260
-1.404924073515518e+00	2.463923939940002e+00	4261
-8.480305739879286e-01	2.814719460605822e+00	4262
2.224379833201873e+00	-1.923927115868471e+00	4263
-1.412894438882210e+00	-4.026651190476081e-01	4264
-1.469341962506900e+00	4.920371834279521e-01	4265
-1.288836754000759e+00	2.008711438439231e-01	4266
-1.223113491574419e+00	-1.362414422407495e-01	4267
2.456921227083377e+00	-4.730875658540746e-01	4268
2.341193884847135e+00	3.441152408997254e-01	4269
2.581815878208954e+00	-7.046435425603641e-01	4270
2.505043913598947e+00	1.336364603210285e+00	4271
2.187405245292095e+00	1.736268512832133e-01	4272
2.169724933292079e+00	-1.407158599597883e-01	4273
-1.578240745032968e+00	-7.804669315549078e-01	4274
-1.196170173487212e+00	9.285172409376678e-02	4275
-1.117752658242795e+00	-1.566565416528582e-02	4276
2.027303299525057e+00	9.524253992725181e-03	4277
-1.581684095981732e+00	2.009329955050483e+00	4278
-1.377960046837807e+00	-2.537161989796196e+00	4279
-1.028716020481631e+00	-2.989444975044382e+00	4280
-1.380235500932373e+00	3.338333225600728e-01	4281
-1.671439062702216e+00	-1.663205308768096e+00	4282
-1.677912900393301e+00	-1.312897230064926e+00	4283
2.317662767375068e+00	-2.888406024635307e-01	4284
2.487579254896913e+00	5.699059824286603e-01	4285
2.461580632923877e+00	9.837965480092511e-01	4286
9.828901344970113e-01	-3.455666038861087e+00	4287
1.894629320331634e+00	2.571763183146767e+00	4288
1.694158669141477e-02	3.441834832874682e+00	4289
-1.888809952510047e+00	1.856220930541811e+00	4290
1.638607860155070e+00	-2.900974198118372e+00	4291
-1.865588885131111e+00	1.069470623466687e+00	4292
-1.813345164168023e+00	-8.473317331790630e-01	4293
1.992464056219022e+00	-2.544991781225412e+00	4294
-7.217353966115061e-01	-3.328978322202963e+00	4295
6.262732423733548e-02	-3.439810265259216e+00	4296
-1.350096050776729e+00	5.343975719663352e-02	4297
2.384747820634899e+00	2.164544649285872e+00	4298
2.523734466014684e+00	-2.782732363906920e-01	4299
2.514961167596655e+00	1.661339279160512e+00	4300
-1.905777011072573e+00	-1.933463016879173e+00	4301
-1.478378915952695e+00	-2.972537868531607e+00	4302
-1.571583737025380e+00	3.290033849228073e-01	4303
2.378024982418557e+00	1.569890006639913e-01	4304
2.755037317842842e+00	-1.287924009766685e+00	4305
-1.905982013402535e+00	1.435140977136409e+00	4306
9.402966814850529e-01	3.471636901444079e+00	4307
2.349661771542743e+00	-1.094442149743603e-01	4308
-1.889435111151390e+00	-1.137023485692533e+00	4309
1.414104386213439e+00	2.800997428971795e+00	4310
-1.237133079214183e+00	2.815655717068536e+00	4311
2.430057651968865e+00	-2.180711138661704e+00	4312
2.516693814608015e+00	-1.792523552270509e+00	4313
-1.681429844721881e+00	5.164841949454919e-01	4314
-1.612940648100644e+00	-4.112074120847279e-01	4315
-1.461045904017192e+00	1.792740703726742e-01	4316
-1.500264136320004e+00	-2.412878007323286e-01	4317
-1.384782083911756e+00	-1.039279074038972e-01	4318
2.839222962973435e+00	-7.850902062267755e-01	4319
2.562589065510489e+00	3.615277398558897e-01	4320
2.688536922232217e+00	-4.980190945879693e-01	4321
-1.718371897580383e+00	-6.095741357915996e-01	4322
-1.785723934862604e+00	7.608650693090975e-01	4323
-1.780878151697906e+00	2.345803157890239e+00	4324
-1.767324505515427e+00	-2.443796095721819e+00	4325
-1.930938198811111e+00	-1.491034162383653e+00	4326
-1.263762875811433e+00	-3.944739231109496e-02	4327
2.604251021892578e+00	7.822104716452875e-01	4328
2.704543081669859e+00	1.133375642997311e+00	4329
6.889317484777521e-01	-3.819234187336587e+00	4330
3.298062084579241e-01	-3.808686182191914e+00	4331
-3.777558287953213e-01	3.629885981327613e+00	4332
1.492256039728123e+00	-3.376445974343108e+00	4333
2.960698031947450e+00	-5.386587543915078e-01	4334
-2.146512813497234e+00	2.167182306763593e+00	4335
2.958309071720249e-01	3.812312443969656e+00	4336
6.461548715895430e-01	3.827520811887305e+00	4337
-1.659008778655545e+00	2.752424698917807e+00	4338
-1.941252315885681e+00	-2.879164658778357e+00	4339
-1.545810281109140e+00	-2.789116782456749e-02	4340
-2.181803381935495e+00	1.655124165202735e+00	4341
2.269299233465807e+00	2.527640295826850e+00	4342
-7.207311273591985e-01	3.320516100528619e+00	4343
2.333729463747364e+00	-2.510986534374696e+00	4344
-1.211324432805701e+00	-3.381349752370549e+00	4345
1.707656549687668e+00	2.871866990574733e+00	4346
-1.040605692553855e+00	3.161006252030784e+00	4347
-3.620282576930358e-01	-3.635253003161464e+00	4348
2.956696653105303e+00	-1.060321632318860e+00	4349
-1.926745533870907e+00	5.546148400149317e-01	4350
-2.049128775582227e+00	8.555850992730242e-01	4351
-1.706173027327821e+00	-2.256146061077187e-01	4352
2.602179719793628e+00	1.408614513251653e-01	4353
1.385493547136476e+00	3.499062935825335e+00	4354
-2.140513006923329e+00	1.222236834136729e+00	4355
-2.222334074919911e+00	-1.727244369348697e+00	4356
2.556792273242376e+00	-7.055857019872498e-02	4357
-2.082984258001722e+00	-9.297418389393515e-01	4358
-2.152852959378603e+00	-2.271885347483776e+00	4359
2.252540140844718e+00	1.777704382567750e-02	4360
1.571606258535174e+00	3.153061934948028e+00	4361
2.756609519893216e+00	-2.050244712212146e+00	4362
2.794489818135447e+00	-1.612109742886924e+00	4363
-1.791182408589037e+00	3.248060507110814e-01	4364
-1.655905532359704e+00	1.496742638726140e-01	4365
2.714245888333757e+00	5.557534181268898e-01	4366
2.769222982384095e+00	1.448629077124320e+00	4367
2.762341504189194e+00	-2.714530017835391e-01	4368
-1.840448759989310e+00	-4.160990688065642e-01	4369
-1.967788407494777e+00	-6.463206900759990e-01	4370
-2.173055161272680e+00	-1.281398631750539e+00	4371
2.723017712982275e+00	1.984115448484962e+00	4372
2.872840539430979e+00	8.959434903104486e-01	4373
-1.478077423375686e+00	3.153719604681294e+00	4374
1.231361226863332e+00	-3.860243472580129e+00	4375
1.908341523084506e+00	-3.243405173069753e+00	4376
1.955448906114443e+00	3.164631846410809e+00	4377
-8.645972598197068e-01	-3.771984078068817e+00	4378
2.098958853158411e+00	2.883749345507252e+00	4379
3.123187693234740e+00	-7.974654181957648e-01	4380
-1.351693123185542e-01	-3.863316324672644e+00	4381
1.815614045845322e+00	3.506377545927318e+00	4382
4.508248633993247e-01	4.263023120198749e+00	4383
2.698174208331777e+00	-2.421399220057225e+00	4384
-2.254465310635768e+00	-6.932016888855895e-01	4385
-2.403321049584416e+00	-2.696722743051909e+00	4386
-1.731552098666625e+00	-3.349359205928122e+00	4387
2.425318231248316e+00	4.855377500939673e-02	4388
-1.939832784017520e+00	-2.020255229484352e-01	4389
2.782178419810666e+00	-1.768964805306013e-02	4390
2.121954157016899e+00	-2.904582149702761e+00	4391
1.127348568359107e+00	3.908201605403402e+00	4392
-2.453542952719590e+00	1.408637181841517e+00	4393
-2.524158004935023e+00	-2.039812614333281e+00	4394
3.043000416981468e+00	-2.708180289566709e-01	4395
3.000406793938663e+00	6.299416699303192e-01	4396
4.950484704552154e-01	-4.257224753454963e+00	4397
-2.085139866097898e+00	2.606621600736060e+00	4398
-3.336253438359482e-03	3.903983973828448e+00	4399
-2.490098784912496e+00	1.931177859574923e+00	4400
-8.211944648083114e-01	3.773343527118737e+00	4401
-1.054769479897129e+00	3.587682219315104e+00	4402
-2.351234012935869e+00	9.730428736777668e-01	4403
2.785937088760605e+00	3.101596224906187e-01	4404
-2.497128321036388e+00	-1.469124747350486e+00	4405
3.075329092740246e+00	-1.857477571324272e+00	4406
3.048530953069939e+00	-1.383809811358935e+00	4407
-1.879211770827015e+00	1.155193311998374e-01	4408
-1.755601001505053e+00	-3.617153794177898e-02	4409
2.662216819365530e+00	2.394071780711537e+00	4410
2.815587679285002e+00	1.763169417489880e+00	4411
-2.045717883280007e+00	3.278244758740098e-01	4412
-2.100690171985524e+00	-4.208614708452811e-01	4413
-2.208439260377380e+00	6.136273195290389e-01	4414
-2.392661469559005e+00	-1.035904555407793e+00	4415
2.989148040987565e+00	1.199072528238150e+00	4416
-1.427960324119548e+00	-3.822658295369306e+00	4417
1.601712815523253e+00	3.920672024535785e+00	4418
-2.585008032811886e+00	-7.571139425176501e-01	4419
6.830952750852408e-02	-4.233778375629793e+00	4420
-2.341975473754235e+00	3.464388046892261e-01	4421
-1.564318983381418e+00	3.657997740825383e+00	4422
3.069703192749333e+00	-2.260682501488564e+00	4423
-2.137856905168292e+00	8.208077350462890e-02	4424
-1.959421530263774e+00	3.073588197278676e+00	4425
1.010482119429907e+00	-4.221815976676948e+00	4426
-2.848706464665950e+00	-2.436314627160797e+00	4427
2.355537156886522e+00	3.191776408950982e+00	4428
-2.497423563932868e+00	2.388927813468545e+00	4429
-5.550541482202327e-01	-4.052401205058859e+00	4430
1.771710113174277e+00	-3.749254204743020e+00	4431
-4.569025251142868e-01	4.114053706675513e+00	4432
-2.808086210368552e+00	1.643958342993151e+00	4433
-2.267942484223441e+00	-3.223032070166537e+00	4434
3.013723424235617e+00	2.237001122981267e+00	4435
-2.206461804209930e+00	-1.726300526349936e-01	4436
-2.859594507959693e+00	-1.735437467758763e+00	4437
3.248412026100746e+00	-5.053542090843854e-01	4438
3.078996429254062e+00	1.536087733960414e+00	4439
2.533660758557899e+00	2.817641752138601e+00	4440
2.251217521248546e+00	3.484380110405437e+00	4441
8.884678245265263e-01	4.273091826115907e+00	4442
2.332136198546843e+00	-3.274129259500833e+00	4443
2.564809174034183e+00	-2.835103870394162e+00	4444
-2.533012451497754e+00	6.907416264734753e-01	4445
3.168132829555276e+00	9.136557069577991e-01	4446
-2.746586835018973e+00	-1.177577729335566e+00	4447
3.036647053135029e+00	8.116888344114760e-02	4448
3.084926056307293e+00	3.420309711616557e-01	4449
-2.697229215567680e+00	1.119388830346380e+00	4450
3.372273330002157e+00	-1.603431089866720e+00	4451
3.269414968645382e+00	-1.110357397248641e+00	4452
-2.399922545378457e+00	-4.295945766160736e-01	4453
-5.230847033946263e-02	4.439908723846102e+00	4454
-2.029659074930056e+00	-3.771142902789506e+00	4455
2.090247538030110e+00	-3.659957385846725e+00	4456
-2.795881053591515e+00	-2.997625743370064e+00	4457
-2.438474344773138e+00	2.891632838738093e+00	4458
6.569748115145924e-01	4.764631382129229e+00	4459
-1.061573050127848e+00	-4.250788561183146e+00	4460
-3.152505666437440e+00	-1.383115009755475e+00	4461
3.146985105165859e+00	1.881988523324705e+00	4462
1.555286985266135e+00	-4.264726330665042e+00	4463
1.377653006387594e+00	4.363986696426179e+00	4464
-3.793311794122546e-01	-4.602959376197880e+00	4465
3.430021189346486e+00	-2.025889393731138e+00	4466
2.532168199956389e-01	-4.736659037401514e+00	4467
3.298775039517738e+00	5.982089621205664e-01	4468
3.315333012266030e+00	1.249916025138604e+00	4469
-2.745675044141408e+00	-4.480739175375182e-01	4470
-9.533932962290288e-01	4.276214426769015e+00	4471
-2.124091227670193e+00	3.607357824827869e+00	4472
7.850914799308060e-01	-4.733112019837564e+00	4473
-2.945047231004037e+00	-2.166847936102831e+00	4474
2.072031786764411e+00	3.914608674228131e+00	4475
-2.881716330954089e+00	2.106336211070816e+00	4476
-2.426912340474483e+00	3.848892897521453e-02	4477
2.960177228932100e+00	2.672950496219695e+00	4478
2.795354880899404e+00	3.171762953601565e+00	4479
2.692702209203486e+00	3.476411771281710e+00	4480
2.796856369708594e+00	-3.239639667956760e+00	4481
3.000462605198505e+00	-2.704065336233951e+00	4482
-3.092743100232743e+00	1.307322601735375e+00	4483
3.314363436052714e+00	-1.542048900323781e-01	4484
3.308058824254090e+00	1.660022506912747e-01	4485
-2.966682786402795e+00	-8.493538087621704e-01	4486
-2.906603310232918e+00	7.910909129095434e-01	4487
3.633964518591151e+00	-1.291890369902253e+00	4488
3.446960517254753e+00	-7.972037553896729e-01	4489
-2.513204205455507e+00	-1.409500914484022e-01	4490
-2.682630960460611e+00	3.806329651769382e-01	4491
-3.298392627933987e+00	-1.839847343100168e+00	4492
1.876764419223203e+00	4.369125978275598e+00	4493
-2.646285543906534e+00	-3.607631060468872e+00	4494
-2.695591157952563e+00	3.428179071181487e+00	4495
1.038341554399059e+00	4.818159524097623e+00	4496
-1.691965244477841e+00	-4.312055252479592e+00	4497
3.432897532025926e+00	1.620220881279693e+00	4498
-5.583420274602158e-01	4.659357106168022e+00	4499
-3.231888674720552e+00	1.766848955916575e+00	4500
2.582669475261466e+00	-3.686233068254930e+00	4501
1.304474789251994e+00	-4.713556428362171e+00	4502
-1.247218207324214e+00	4.060249605554725e+00	4503
-1.884607595651519e+00	4.098284079868281e+00	4504
-3.076241005376501e+00	4.296170765134938e-01	4505
2.526086506283069e+00	3.896301972938027e+00	4506
3.586827708222612e+00	3.883382493912306e-01	4507
3.571915807690021e+00	-4.350898781760912e-01	4508
-2.901072750063904e+00	2.629359299010174e+00	4509
3.504674861700884e+00	9.147191409100008e-01	4510
-9.594839317536512e-01	-4.884014449644739e+00	4511
3.761813037521575e+00	-1.719306335385035e+00	4512
-1.766905545412469e-01	-5.197559574488901e+00	4513
7.882492074058960e-02	5.083654763589226e+00	4514
5.212278232092220e-01	-5.283074178076411e+00	4515
3.406730292804022e+00	2.182570431124371e+00	4516
3.355065370530602e+00	2.500176389836028e+00	4517
3.262051534069889e+00	3.049337244880192e+00	4518
3.157439743717749e+00	3.463116416089651e+00	4519
3.282793888056732e+00	-3.118198193262519e+00	4520
3.429838170366060e+00	-2.497486271759383e+00	4521
-3.406455667683086e+00	-9.926908915310921e-01	4522
-3.336677909058843e+00	9.250871121209853e-01	4523
-3.147262896527760e+00	-4.858178374731904e-01	4524
3.847009969122755e+00	-9.289571103789663e-01	4525
3.591807790493634e+00	1.129206133811200e-02	4526
-2.867842846532904e+00	-1.116261052176634e-01	4527
-1.395299588994370e+00	4.567102664031101e+00	4528
-3.613148309071581e+00	-5.641934684347965e-01	4529
-3.267035907601000e+00	-2.756179872752375e+00	4530
1.630433877643886e+00	4.896748487316069e+00	4531
1.875259095603860e+00	-4.736869097196190e+00	4532
3.998408592459734e+00	-5.213432192994311e-01	4533
3.896595768955607e+00	-2.261360033417948e-01	4534
2.310968465100670e+00	-4.128912385813713e+00	4535
-3.542714516083823e+00	1.373695770986151e+00	4536
1.114234039338491e+00	-5.264255224805007e+00	4537
-1.118655549845258e+00	4.838249967604012e+00	4538
-2.503031924273385e+00	4.026712343373398e+00	4539
-2.886029622121781e+00	3.145281185163533e+00	4540
-2.380031779309324e+00	-4.241335617987697e+00	4541
4.048864106396096e+00	-1.346077938488545e+00	4542
-5.525193234008352e-01	5.335718340839110e+00	4543
-3.411062878497740e+00	-2.316159908075036e+00	4544
2.368998790703894e+00	4.359288204245578e+00	4545
-3.613931415758531e+00	-1.445856334625336e+00	4546
3.119947022561227e+00	-3.634314103830004e+00	4547
-3.196028590274822e+00	-3.416286012557046e+00	4548
7.686532452391754e-01	5.343945890970380e+00	4549
3.687612913951854e+00	1.287807451964869e+00	4550
-3.329924545364395e+00	2.292951136623390e+00	4551
3.860615215011807e+00	7.008748220991412e-01	4552
-1.666283519245718e+00	-5.028777687294845e+00	4553
-7.883544850761263e-01	-5.583411412342609e+00	4554
9.656975255061286e-02	-5.841351465957622e+00	4555
3.785378896373329e+00	1.918692421146457e+00	4556
2.990316934947612e+00	3.896760042182434e+00	4557
3.771594008924980e+00	2.405064839560237e+00	4558
3.724735958080560e+00	2.845123497950939e+00	4559
3.655321478040868e+00	3.368652040510841e+00	4560
3.774274770294815e+00	-2.907093884366619e+00	4561
3.839205202533198e+00	-2.208692627767195e+00	4562
-3.532563230452446e+00	5.031854406095718e-01	4563
3.905144258036259e+00	2.039948715210327e-01	4564
-3.284352033025300e+00	-2.758536031332448e-02	4565
-1.226988883631293e+00	5.527915642277327e+00	4566
2.184875443769266e+00	4.873251627479347e+00	4567
-3.886306583135442e+00	-1.000081994947514e+00	4568
-3.805335119797575e+00	9.306771750231233e-01	4569
-3.794261376111994e+00	-1.945415878783989e+00	4570
-2.131207368612001e+00	4.652144549918839e+00	4571
-3.716567335532448e+00	1.892432544525792e+00	4572
2.520254536944578e+00	-4.738665524312958e+00	4573
2.877207089825697e+00	-4.150187167251165e+00	4574
1.339299022372524e+00	5.384869241130723e+00	4575
8.229088728401148e-01	-5.913820159804668e+00	4576
3.680784467310924e+00	-3.480192361847455e+00	4577
4.235709946264446e+00	4.841308318092255e-01	4578
4.275611450485806e+00	-9.131604754623028e-01	4579
4.269877525043449e+00	-1.375514478744952e-01	4580
-1.648794920494005e+00	5.099896634733274e+00	4581
-3.795931156659144e+00	-2.683688604044808e+00	4582
-3.738195195039293e+00	-3.137982045289679e+00	4583
1.649764411974533e+00	-5.226248124573263e+00	4584
-3.769817225903146e+00	-8.292688938233601e-03	4585
-3.376658193672335e+00	2.859694598815254e+00	4586
-2.090943372403209e+00	-4.817363114144141e+00	4587
-3.048996078001611e+00	-4.067250278311926e+00	4588
9.805214032508491e-02	5.770978964815603e+00	4589
3.515959964525938e+00	3.879106296826606e+00	4590
-1.564998062522326e+00	-5.834432298412261e+00	4591
-5.330115757362115e-01	-6.344619335351815e+00	4592
4.116675071340198e+00	1.095658989390792e+00	4593
4.109964894986334e+00	1.545509004244681e+00	4594
2.839729869786822e+00	4.342080407724477e+00	4595
4.196884973158320e+00	2.173849985942967e+00	4596
4.195848145765392e+00	2.672666672548712e+00	4597
4.167581946751109e+00	3.169953033686371e+00	4598
4.252167764607046e+00	-2.599459410755598e+00	4599
4.208895795955821e+00	-1.837952615730390e+00	4600
-1.886741476538259e+00	5.752954661346764e+00	4601
-4.137080664799141e+00	-1.498007632089002e+00	4602
-2.802261399351621e+00	4.624587781249801e+00	4603
-3.093480172571058e+00	3.883450655683185e+00	4604
-2.299916949922488e+00	5.314830273097867e+00	4605
1.959211477490073e+00	5.450386138443604e+00	4606
-3.380730209803229e+00	3.433893364001230e+00	4607
-2.150392687122501e+00	-5.466089097567743e+00	4608
-2.804898525162849e+00	-4.745271758658509e+00	4609
4.093973215898861e+00	3.757935019883358e+00	4610
4.244836730743507e+00	-3.218499632792525e+00	4611
2.238496319627705e+00	-5.263403926723715e+00	4612
3.496573017723461e+00	-4.078213097506624e+00	4613
-3.846232901447701e+00	2.477525822226203e+00	4614
-4.026841125823301e+00	4.569304222072695e-01	4615
3.170460581152935e+00	-4.730319569695367e+00	4616
-4.055072522338460e+00	1.433233170095815e+00	4617
3.037659593952484e-01	-6.593893501633659e+00	4618
-3.690890643729959e+00	-3.812466338866594e+00	4619
3.342199717269890e+00	4.351351291909685e+00	4620
-6.492357091837249e-01	6.060285447735242e+00	4621
4.445980599804592e+00	-5.230233517356853e-01	4622
4.648218439877730e+00	1.949507533250934e-01	4623
-4.301385406248358e+00	-2.310395966453862e+00	4624
-4.306167704335551e+00	-2.977133046099791e+00	4625
1.424240029005546e+00	-5.862381021350997e+00	4626
-4.107628070839890e+00	-4.758996140951094e-01	4627
8.923266016609815e-01	6.041496044611852e+00	4628
-1.366516309787423e+00	-6.724092275864557e+00	4629
4.565811649280130e+00	8.659153872340645e-01	4630
4.520598448523937e+00	1.326848255909399e+00	4631
2.708004008392704e+00	4.846496053538369e+00	4632
4.585649590683933e+00	1.799867494528112e+00	4633
4.673376289796423e+00	2.424153565723715e+00	4634
4.692314279442033e+00	2.950074559700119e+00	4635
4.693677473714901e+00	-2.192445709252291e+00	4636
4.523061875405141e+00	-1.391118371975753e+00	4637
1.903416303520956e+00	-5.861565156251488e+00	4638
-2.588153365954700e+00	5.997639429321893e+00	4639
4.788869491473967e+00	-2.842182107346003e+00	4640
-4.734455729244947e+00	-1.796433585299452e+00	4641
1.224880498775710e-01	6.549798949788612e+00	4642
-4.337270081401528e+00	9.308133986840711e-01	4643
2.878317625272322e+00	-5.305785459314458e+00	4644
3.936354022472272e+00	4.337263393194708e+00	4645
-1.366568096776500e+00	6.278793230970135e+00	4646
-3.919439639052373e+00	3.105000358163145e+00	4647
4.143336545202196e+00	-3.884881596661828e+00	4648
4.760102645060699e+00	-9.206694129262308e-01	4649
-4.292552698432132e+00	1.519360617886612e-02	4650
1.154826609598355e+00	-6.628094498903751e+00	4651
-3.542426483969639e+00	-4.549826882737789e+00	4652
-2.961931453447754e+00	-5.540866635080488e+00	4653
-4.827818353614549e-01	-7.202099761250030e+00	4654
-3.069895067218359e+00	5.343891098882694e+00	4655
1.580078223697981e+00	6.053747704238275e+00	4656
-3.499029275668913e+00	4.467264084596228e+00	4657
-3.710294253569490e+00	3.959677280789591e+00	4658
3.853790801614837e+00	-4.664331456621890e+00	4659
-4.270185990383854e+00	2.013631012282629e+00	4660
-4.431538800887276e+00	-9.761454908714191e-01	4661
4.728168622568512e+00	-1.612727664577360e-01	4662
-4.177064968907360e+00	-3.611353239114126e+00	4663
-4.878738397551995e+00	-2.636690452489449e+00	4664
-2.195860284378396e+00	-6.330833801692337e+00	4665
4.658135972589027e+00	3.548527883012634e+00	4666
2.552464897775814e+00	5.414213135119221e+00	4667
4.989984664830391e+00	1.140336137455848e+00	4668
5.014125840783416e+00	1.499923500089053e+00	4669
5.046006916214068e+00	5.843771399625465e-01	4670
5.125340649870893e+00	2.042147265698049e+00	4671
5.224687223979485e+00	2.667315450290047e+00	4672
5.076812253564567e+00	-1.692007959133323e+00	4673
3.577423244656317e+00	-5.311311376913695e+00	4674
-1.311703100456056e+00	-7.671894620978061e+00	4675
-2.066534607639314e+00	6.531049307431556e+00	4676
5.284921009142380e+00	-2.350719902544814e+00	4677
-4.574416556881649e+00	4.562782797676542e-01	4678
5.447116316064118e-01	-7.446885212032928e+00	4679
3.370427724276235e+00	5.146372406374737e+00	4680
4.584108463015137e+00	4.205376045415848e+00	4681
-3.414424018417479e+00	6.098837502710465e+00	4682
2.573852166851481e+00	-5.899975915886758e+00	4683
-4.636386155771630e+00	1.485920592417322e+00	4684
-2.117133089109046e+00	-7.229923313467570e+00	4685
2.312081324448193e+00	6.091171818833839e+00	4686
4.928405003497978e+00	-6.085647634041171e-01	4687
-5.398857281123070e+00	-2.111190833358867e+00	4688
1.663521066134547e+00	-6.553723644420250e+00	4689
4.790777088776005e+00	-3.562126323911484e+00	4690
1.064447943314612e+00	6.825598676012545e+00	4691
5.124575995960564e+00	1.147287788546651e-01	4692
-7.249941083700709e-01	6.884428269629401e+00	4693
-4.436135956031288e+00	2.665690413610441e+00	4694
4.573031065159331e+00	-4.487869100871402e+00	4695
-3.847151681758125e+00	-5.389075357835098e+00	4696
-4.392231829422571e+00	3.670806253258637e+00	4697
-3.891843956675195e+00	5.199194554229178e+00	4698
-4.190921355477830e+00	4.455174414086115e+00	4699
-4.665747762808548e+00	-4.287481979726267e-01	4700
-5.092457703171127e+00	-1.194233271729702e+00	4701
-4.169880622098000e+00	-4.284021112487811e+00	4702
-4.874171935651407e+00	-3.375153206981981e+00	4703
-3.113071801167869e+00	-6.448626895142644e+00	4704
5.509497743818897e+00	1.286035513809349e+00	4705
5.514249690462180e+00	9.124073215051638e-01	4706
5.241144241446445e+00	3.300838228390675e+00	4707
5.590144499584609e+00	1.664079626608754e+00	4708
5.739661757433861e+00	2.264629317357478e+00	4709
-4.333432531346197e+00	6.006349278564834e+00	4710
-2.139895310022471e+00	-8.220090390792569e+00	4711
-1.513572927269918e+00	7.124216987051359e+00	4712
-3.228523758906258e-01	-8.158120961037680e+00	4713
1.917489983463486e+00	6.811665885843497e+00	4714
1.792912714634198e-01	7.430431938430426e+00	4715
3.117496930692060e+00	5.942354519793836e+00	4716
-4.856722645611545e+00	-3.698792132751123e-02	4717
5.409373383960057e+00	-3.103874888720576e+00	4718
3.274246237047167e+00	-5.945820788181838e+00	4719
-5.563791363676163e+00	-2.918900441225224e+00	4720
-4.899817769975808e+00	2.131234802774164e+00	4721
5.192590843759227e+00	-4.057145400502286e-01	4722
5.261942535898078e+00	-9.901929011473608e-01	4723
-5.836917810541072e+00	-1.450938481472131e+00	4724
-4.933754312662534e+00	9.412979563927224e-01	4725
-3.137127876981433e+00	-7.498699520039263e+00	4726
4.347331455393018e+00	-5.233342004601800e+00	4727
5.706367073478668e+00	-1.855038620700804e+00	4728
5.217162152752690e+00	3.972336782363678e+00	4729
5.574663524127073e+00	3.810270383647703e-01	4730
6.055130774458072e+00	1.106071455247898e+00	4731
-4.779307991411683e+00	-4.031533846391572e+00	4732
-2.890569874194369e+00	6.805056528853561e+00	4733
2.196739890391844e+00	-6.577727613285551e+00	4734
5.308443267289209e+00	-4.172128617329463e+00	4735
4.385263043377670e+00	4.893360915918661e+00	4736
-5.033035364125350e+00	3.191782188462721e+00	4737
-4.945552776157583e+00	4.228091147527588e+00	4738
-4.709752479698532e+00	5.092774729884132e+00	4739
-5.367994959102074e+00	-5.347164866122703e-01	4740
-4.127621521599883e+00	-6.362011522544515e+00	4741
5.854260858827546e+00	2.958468886843662e+00	4742
6.252487520915474e+00	1.817616753127658e+00	4743
-5.278233878711056e+00	5.857767351172066e+00	4744
-4.311949121112045e+00	-7.516279993343731e+00	4745
-6.166312949902670e+00	-2.264912024310954e+00	4746
6.749328425469796e-01	-8.486378838082231e+00	4747
-5.602437025427096e+00	2.577745706784169e+00	4748
5.132200898749089e+00	4.727667176215389e+00	4749
-2.299882884750093e+00	7.403617642482047e+00	4750
-5.557994328742130e+00	-3.764481772634803e+00	4751
6.029192348059802e+00	-3.700942821929422e+00	4752
4.050386452296403e+00	-5.957452476411316e+00	4753
-5.566828619698518e+00	4.858980943606502e+00	4754
-1.219402798417446e+00	-8.723352807964764e+00	4755
-7.898871947211902e-01	7.819610166003292e+00	4756
-5.291993513737841e+00	1.536779127044562e+00	4757
-4.740494865945189e+00	-4.802630177028936e+00	4758
1.293755053235852e+00	7.709194502199966e+00	4759
6.774019157847688e+00	1.289228929081940e+00	4760
5.949673162000200e+00	-2.559519197323097e+00	4761
5.878234964027174e+00	3.682846576452429e+00	4762
1.893659370696361e+00	-7.337417716485810e+00	4763
-5.695448889329618e+00	3.766095590185689e+00	4764
2.808258296037257e+00	6.770886472170672e+00	4765
5.172091170673752e+00	-5.016909083983953e+00	4766
5.981901961671507e+00	-1.166349174032386e+00	4767
-5.186221205112737e+00	4.263617259557134e-01	4768
5.634855195607093e+00	-1.366442110661400e-01	4769
-3.883453465092878e+00	6.904619655826379e+00	4770
-3.199109116747415e+00	-8.627989473739326e+00	4771
3.971091486278266e+00	5.716365094703963e+00	4772
-4.741640171243848e+00	-5.656998103942229e+00	4773
2.949337149274904e+00	-6.619696327777126e+00	4774
-6.175451159360607e+00	-6.951522374563350e-01	4775
6.430801407628182e+00	2.517461764539775e+00	4776
3.723494363391250e+00	-6.662646517388977e+00	4777
1.473235576826006e+00	-7.856895074808000e+00	4778
-6.352338451374478e+00	-3.216865956887449e+00	4779
6.688626309289919e+00	-3.080878037268491e+00	4780
2.727777350421723e-01	8.425689883811067e+00	4781
-1.683887596593122e+00	8.080468600776960e+00	4782
6.566457650344820e+00	3.294500410780123e+00	4783
-6.080521681133916e+00	1.864203328751202e+00	4784
-4.914249289476776e+00	6.818668954166815e+00	4785
-5.484388522799832e+00	-1.370746685594701e-01	4786
-2.231756676367302e+00	-9.350587285597292e+00	4787
6.363030180438098e+00	-4.644062768519449e-01	4788
6.160272155180085e+00	1.866966718771176e-01	4789
-3.255057219305656e+00	7.716530049867395e+00	4790
6.017528195679696e+00	-4.630226706659220e+00	4791
5.856175271518090e+00	4.452827992610924e+00	4792
7.006827031956889e+00	2.017259414033718e+00	4793
-1.904785931784399e-01	-9.242824906694674e+00	4794
-6.258111399747524e+00	5.596413216710315e+00	4795
2.341507767111016e+00	7.662025302743498e+00	4796
-5.451440957559138e+00	-4.523647247788975e+00	4797
4.922613093853835e+00	-5.866970633120220e+00	4798
-6.383773653870648e+00	3.110341803455414e+00	4799
-5.895157051600209e+00	5.268672972374674e-03	4800
-5.098808591349480e+00	-6.682744457495357e+00	4801
6.571293159153837e+00	5.823029394649588e-01	4802
6.419523745443270e+00	-1.870198150952007e+00	4803
2.656449739559626e+00	-7.318580848580579e+00	4804
-6.433639237677281e+00	4.403466547300601e+00	4805
3.703569372441312e+00	6.584712249590909e+00	4806
5.685130615477809e+00	-7.176927207508986e-01	4807
-5.603652455332124e+00	9.363878346916161e-01	4808
-6.652910450774314e+00	-1.473198877410286e+00	4809
-4.479500545788491e+00	-8.790185326711310e+00	4810
4.870198678199024e+00	5.572581999347435e+00	4811
-5.535660444730083e+00	-5.225649311888301e+00	4812
-6.318023467537449e+00	-4.773109687005157e+00	4813
3.425915868157457e+00	-7.373495484474105e+00	4814
-4.389816159510427e+00	7.833715096675852e+00	4815
-7.255741415711302e+00	5.130095150088299e+00	4816
-7.041463488429775e+00	-2.429032091163262e+00	4817
-6.972701930154964e+00	2.302335977058087e+00	4818
9.055111797385550e-01	-9.619492220106475e+00	4819
7.216125984777646e+00	2.801398526295197e+00	4820
-2.579017632611185e+00	8.391297240610292e+00	4821
-1.173429760864927e+00	-9.913924786682603e+00	4822
1.587010892781853e+00	8.705001594535661e+00	4823
5.867776246333128e+00	-5.605721870610010e+00	4824
-7.040206139831154e+00	-6.952586780984639e-01	4825
3.372453313062235e+00	7.545140544693876e+00	4826
5.749720225129908e+00	5.340534183526190e+00	4827
4.593739163191100e+00	-6.681789668630604e+00	4828
-8.490112214232384e-01	8.881255443120418e+00	4829
-3.530972409831205e+00	-9.817388781206329e+00	4830
6.604108202128666e+00	4.115832431183482e+00	4831
6.837984551505190e+00	-4.061015573763133e+00	4832
2.294380080780174e+00	-8.190634001974505e+00	4833
7.338285868658808e+00	7.443088228508173e-01	4834
7.589902943568683e+00	1.428773015155797e+00	4835
-5.984146044940906e+00	6.644187324987964e+00	4836
-6.342370664924285e+00	-4.196208231049107e+00	4837
-7.252876077768165e+00	3.720239313597567e+00	4838
6.868723341021952e+00	5.033764702170487e-02	4839
6.738263627471413e+00	-1.147980814012367e+00	4840
7.263034411776227e+00	-2.317069150621148e+00	4841
1.657128980670544e+00	-8.908828695962528e+00	4842
4.561891355981444e+00	6.394453388203812e+00	4843
-6.378879752732576e+00	6.705187814732596e-01	4844
-5.416382520867121e+00	-7.892335409455458e+00	4845
-5.548028856415264e+00	-6.195648225576598e+00	4846
-3.080209578882399e-02	-1.046699333920792e+01	4847
-5.720221261552170e+00	-9.141799116555806e+00	4848
4.051719277306049e-01	9.550625091448381e+00	4849
-6.405286551829085e+00	-5.731782794406143e+00	4850
8.203506952776003e+00	8.138505870877195e-01	4851
2.842419233847103e+00	8.619910750424490e+00	4852
-6.856499798018337e+00	1.406230948736534e+00	4853
7.375757874892243e+00	3.675024654894053e+00	4854
-2.362684280759904e+00	-1.063772321748347e+01	4855
7.583502545996061e+00	-3.312256787778393e+00	4856
-7.576136376879807e+00	-1.540749938078844e+00	4857
7.863495458217391e+00	2.240922058599180e+00	4858
-5.568960041681049e+00	7.742723025658047e+00	4859
5.586962539508027e+00	-6.577678496934299e+00	4860
-4.858319835751300e+00	-1.008540003342569e+01	4861
-1.877218349953435e+00	9.166941310794217e+00	4862
6.583780695417574e+00	5.005829684045865e+00	4863
6.837121975577224e+00	-5.137601131997378e+00	4864
-7.123272328108891e+00	6.312373878080980e+00	4865
4.253580825006446e+00	-7.441090869465758e+00	4866
-7.973375728864478e+00	2.836587774022060e+00	4867
-8.219730569646197e+00	4.418957783853145e+00	4868
7.708706395000471e+00	-1.320354611732774e-02	4869
2.013460784291698e+00	-1.003557502038806e+01	4870
2.975922070291873e+00	-8.230011946527384e+00	4871
-6.653162424293201e+00	-2.579845816364323e-02	4872
-3.664400856821278e+00	8.751640743780086e+00	4873
5.503640114889559e+00	6.261820756022094e+00	4874
2.712350370457216e+00	-9.201071146058075e+00	4875
7.117900572418565e+00	-5.805632408962684e-01	4876
-7.254395283268215e+00	-3.541084039233325e+00	4877
7.218277477052490e+00	-1.792238857981677e+00	4878
4.333906745457586e+00	7.330157380899824e+00	4879
-6.659033275714389e+00	-8.249880594865784e+00	4880
8.504893740016481e+00	1.640655968661974e+00	4881
4.011494172600491e+00	8.425928583831830e+00	4882
6.671618879934975e+00	-6.264203625566095e+00	4883
-1.132146648135067e+00	-1.126388742229388e+01	4884
-8.290121913368639e+00	5.724160914250239e+00	4885
1.945319833765803e+00	9.826630211163453e+00	4886
-3.798785842674555e+00	-1.118908603964810e+01	4887
-2.894003502753211e+00	9.511693219981705e+00	4888
8.672024206117056e+00	-2.940998628418658e-02	4889
-7.802259119652311e+00	1.775335116288735e+00	4890
8.218698041994047e+00	-2.557495225747404e+00	4891
-8.014040741459178e+00	-6.657150069697058e-01	4892
8.108290756530279e+00	3.121180376764780e+00	4893
7.772137563236797e+00	-4.449774599226779e+00	4894
7.430971572453186e+00	4.608605674696394e+00	4895
7.944775583307601e+00	-8.515866884521909e-01	4896
-9.006829407990242e-01	1.008691454955666e+01	4897
3.217284497277314e+00	-1.033110663016339e+01	4898
-6.436981557626972e+00	-6.814819602725269e+00	4899
-4.956381951689403e+00	8.892325158116966e+00	4900
-7.288203662202475e+00	-5.164453292034368e+00	4901
5.220811014557627e+00	-7.486922349211276e+00	4902
5.231937934739656e+00	7.135295730558980e+00	4903
6.480411127384002e+00	6.002748741826799e+00	4904
-8.032529707761313e+00	-2.623758284475763e+00	4905
-6.802705950313435e+00	7.525833404293238e+00	4906
-6.220910668855334e+00	-1.045922676141488e+01	4907
-9.091226122651124e+00	3.468112724927754e+00	4908
1.130780232906537e+00	-1.088791294039584e+01	4909
3.894709912349107e+00	-8.281732209671476e+00	4910
-7.519011089737477e+00	3.210973603616339e-02	4911
7.528827685941155e+00	-1.267155960835861e+00	4912
-7.231134770850398e+00	6.102506875363259e-01	4913
5.792886582017014e-01	1.082350497847512e+01	4914
3.423308716791824e+00	9.698724722989057e+00	4915
-8.305969663444165e+00	4.483671094703807e-01	4916
1.377945114123256e-01	-1.184747127942017e+01	4917
8.962370494822139e+00	-1.020975106030140e+00	4918
-2.470459803016082e+00	-1.209849421909231e+01	4919
9.209786063326719e+00	8.744553660109521e-01	4920
8.821635008495448e+00	2.516913236455578e+00	4921
8.297702882210455e+00	4.104144865091002e+00	4922
-8.915702755661300e+00	2.219021892134071e+00	4923
5.048462062516272e+00	8.161646006536039e+00	4924
3.665975980806831e+00	-9.288630718130552e+00	4925
-8.125365180405140e+00	7.109859493637960e+00	4926
8.588384412191337e+00	-3.623746704231211e+00	4927
8.185047621566151e+00	-1.786612401373044e+00	4928
-8.624554081205387e+00	-1.614431552757951e+00	4929
-6.315621264871970e+00	8.791015051130866e+00	4930
-5.233376057944013e+00	-1.154338307817162e+01	4931
-4.122976669690137e+00	9.926993149709645e+00	4932
-7.647308523850327e+00	-7.358134744139173e+00	4933
-2.089621827054736e+00	1.040401021020759e+01	4934
-8.298037531410969e+00	-4.009999700514795e+00	4935
7.783803596058939e+00	-5.698721017671740e+00	4936
2.369188778660861e+00	-1.133556302638264e+01	4937
-7.411556815979495e+00	-6.265546048143301e+00	4938
6.351985684027359e+00	-7.375095692217378e+00	4939
6.246164579969967e+00	7.005208258689997e+00	4940
7.422645940031522e+00	5.618171528024784e+00	4941
-7.094776636931541e+00	-9.466797307116240e+00	4942
-9.404448039792495e+00	4.845470813962774e+00	4943
4.830458936767180e+00	-8.341158443170592e+00	4944
4.747895258973089e+00	9.416284871502301e+00	4945
-6.781066585232267e+00	-1.195531945308074e+01	4946
-3.246109732659965e+00	1.078404967439872e+01	4947
3.758056220281987e+00	-1.164458384947055e+01	4948
8.833526271762235e+00	-4.898526466844517e+00	4949
-9.479658412676491e+00	6.383418451332728e+00	4950
-8.645946300213872e+00	-6.567208074375532e+00	4951
9.307324871123093e+00	-2.775831432627872e+00	4952
9.559724341889030e+00	1.829887172897317e+00	4953
1.965804341826333e+00	1.128202985450637e+01	4954
2.781247833219526e+00	1.090737725154299e+01	4955
-4.049030075136932e+00	-1.274921652762792e+01	4956
-7.691893225682829e+00	-1.086869889337660e+01	4957
5.998168115320990e+00	7.944131822956093e+00	4958
-1.070476401758090e+00	-1.278755467072578e+01	4959
9.743176581771783e+00	-1.622768728325726e-01	4960
-8.008508041177247e+00	-8.571600325551263e+00	4961
-5.596192366131133e+00	1.009589196669830e+01	4962
9.112679973658240e+00	3.489630633299467e+00	4963
-9.411237596372185e-01	1.145597302036331e+01	4964
1.421608863471198e+00	-1.230652151530666e+01	4965
7.327349532724069e+00	6.727072382416549e+00	4966
8.376706326120885e+00	5.158730826998720e+00	4967
-8.704576339357153e+00	1.123911967397278e+00	4968
-7.745792379447237e+00	8.520732105166759e+00	4969
7.598646539674546e+00	-7.001405004376431e+00	4970
-1.007082134905793e+01	2.690354576295716e+00	4971
4.503756190146412e+00	-1.026372161264882e+01	4972
-9.090585578175991e+00	-4.832349756069106e-01	4973
9.164713861032942e+00	-2.098397559998312e+00	4974
-8.484438279352826e+00	-5.431598230030230e+00	4975
-9.163102717379719e+00	-2.870049774508445e+00	4976
-1.036762565210399e+01	3.897417789635116e+00	4977
5.925493205011073e+00	-8.402409278618229e+00	4978
4.245558235176041e+00	1.078357902022077e+01	4979
-5.662456665820693e+00	-1.318867434891007e+01	4980
-9.738571901303457e+00	-5.827937928575651e+00	4981
-2.556185752371165e+00	-1.375063202722039e+01	4982
1.036541723534426e+01	9.126308193639634e-01	4983
-2.320211281618351e+00	1.181362721030057e+01	4984
7.225157065148522e+00	-8.279212286348082e+00	4985
9.737580005699563e+00	-3.964879013013132e+00	4986
-1.140607578070676e+01	2.998175393379182e+00	4987
-8.425178457112915e+00	-1.240298542651883e+01	4988
-7.167784807385291e+00	9.981233957918723e+00	4989
-9.825423696277250e+00	-1.632212749174317e+00	4990
9.913150916696166e+00	2.814248760845163e+00	4991
9.345507180703468e+00	4.586605872356807e+00	4992
-9.279622825749751e+00	8.003770641677130e+00	4993
-8.497710075649456e+00	-9.981898946510880e+00	4994
-9.857515824443814e+00	1.465191391716875e+00	4995
1.006534589032557e+01	-1.321028266490411e+00	4996
5.917418670699659e-01	1.228656006991475e+01	4997
5.313099522329204e+00	-9.475250221760980e+00	4998
8.867459573763950e+00	-6.330334658281062e+00	4999
7.097985600267160e+00	7.819354927117097e+00	5000
8.385953271685924e+00	6.295063817917261e+00	5001
-1.071968929470429e+01	5.402591661968994e+00	5002
-8.966246677676855e+00	-7.766111541803463e+00	5003
-4.637948429840159e+00	1.126153553521453e+01	5004
2.815346047940834e+00	-1.277958157354237e+01	5005
-9.530347062934547e+00	-4.331350385732481e+00	5006
5.764116021534020e+00	9.113005599885639e+00	5007
3.531159950368565e-01	-1.340071130553170e+01	5008
5.286587426780064e+00	-1.157484037904720e+01	5009
6.837587438473692e+00	8.880205715214768e+00	5010
-1.056247661281938e+00	1.299756033389716e+01	5011
-7.293135394751185e+00	-1.369551208216727e+01	5012
1.791229771453527e+00	-1.389473992000982e+01	5013
-4.308673451713410e+00	-1.451565661120429e+01	5014
1.097026919894716e+01	-3.116282017539760e-01	5015
-8.828947227295950e+00	9.646596076030795e+00	5016
-3.639009654405701e+00	1.223026976467167e+01	5017
-6.320232885630103e+00	1.146411182371917e+01	5018
-1.036644244561725e+01	-4.704839882303918e-01	5019
-1.177518402720239e+01	4.391622367050577e+00	5020
9.456365707202407e+00	5.771031178472127e+00	5021
-9.571005594928852e+00	3.056150434260450e-01	5022
1.004719612973552e+01	-5.402441467893863e+00	5023
1.025407851502878e+01	3.896713584050589e+00	5024
1.076901210445469e+01	2.022882357346964e+00	5025
1.055061312883880e+01	-2.996688104115270e+00	5026
3.620811044881893e+00	1.213629681792342e+01	5027
-1.082072859495487e+01	7.149814058672900e+00	5028
-9.968004311932829e+00	-7.040029350099053e+00	5029
5.623123083475043e+00	1.046599022179525e+01	5030
8.297958769731030e+00	7.526882401569686e+00	5031
-9.357632613124640e+00	-9.202690640548910e+00	5032
-1.086144906415782e+01	-4.902701509157882e+00	5033
8.660976594758738e+00	-7.836660305494640e+00	5034
2.080587951627658e+00	1.287379819409386e+01	5035
-9.706870293610104e-01	-1.450164358793096e+01	5036
-9.216907783853188e+00	-1.144120682952101e+01	5037
-1.106033062211295e+01	1.770032187318467e+00	5038
6.661639847109383e+00	-9.518066189959578e+00	5039
4.485131120772088e+00	-1.307175019968087e+01	5040
-1.046427332953676e+01	-3.047594705309408e+00	5041
5.773324534215384e+00	-1.075708896114554e+01	5042
-9.172858779593295e+00	-1.419330334051090e+01	5043
1.053897870273614e+01	5.121674156575113e+00	5044
1.105340348597772e+01	-4.334149926220096e+00	5045
-6.069851921993929e+00	-1.505293124189879e+01	5046
-5.217051736283649e+00	1.277731373620039e+01	5047
-8.139568451057730e+00	1.133381697249676e+01	5048
-1.075864434010569e+01	5.821561387536844e-01	5049
-1.059367579469563e+01	9.020093862959305e+00	5050
1.010903213171973e+01	-7.044585047217416e+00	5051
1.115732416163572e+01	3.137561808268731e+00	5052
5.743142010114846e-01	1.394491066746788e+01	5053
7.301564932012016e+00	-1.091286372946572e+01	5054
8.200591938711533e+00	-9.341195426676130e+00	5055
8.058590059801517e+00	8.739491643984573e+00	5056
-2.617433220704511e+00	-1.562102192550415e+01	5057
9.486814081461393e+00	7.046708687915091e+00	5058
6.559115836881586e+00	1.019766183468056e+01	5059
1.139013391724148e+01	-1.709562883136811e+00	5060
-1.027455574215269e+01	-8.519024028860482e+00	5061
6.334796865064640e-01	-1.514675356240136e+01	5062
-1.219955599705672e+01	6.051677499468014e+00	5063
3.406804183695768e+00	-1.439888900331247e+01	5064
-1.115193385396971e+01	-6.285625414039799e+00	5065
-1.192969671707951e+01	-3.696622093915458e+00	5066
5.198071639618634e+00	1.197140776900828e+01	5067
-1.292317830569673e+01	3.337537919428257e+00	5068
-2.606537267161082e+00	1.340312577905825e+01	5069
6.201139527948773e+00	-1.302296396058744e+01	5070
1.168817736729360e+01	9.435016057000993e-01	5071
-1.013618378784389e+01	-1.300051816424617e+01	5072
-1.118421597056477e+01	-1.694652117934483e+00	5073
3.484402235422311e+00	1.382320243961802e+01	5074
-1.249396719623686e+01	2.025765452375033e+00	5075
1.215189657384393e+01	2.231020026877604e+00	5076
-4.551170418437098e+00	-1.651697151767547e+01	5077
-7.894185647512411e+00	-1.564897819975015e+01	5078
-1.006493481192663e+01	1.092624024796455e+01	5079
-1.233794036270904e+01	8.027920443666522e+00	5080
1.238521309205017e+01	-4.785329047414313e-01	5081
1.198674395274170e+01	-3.126510683283658e+00	5082
9.869757038951544e+00	-8.798092642528923e+00	5083
6.463352192847148e+00	1.163514590007657e+01	5084
9.398736265187459e+00	8.423123071518829e+00	5085
5.291904037466974e+00	-1.469988378007875e+01	5086
-8.160560723308967e-01	-1.643749671353703e+01	5087
-1.115294498807505e+01	-1.135080324886560e+01	5088
1.155177282457741e+01	4.344796427725036e+00	5089
-1.228547140978828e+00	1.473551865597976e+01	5090
-1.240737921772664e+01	-5.262073885268564e+00	5091
-7.139869294528741e+00	1.301997929799597e+01	5092
-4.091520044936154e+00	1.386510077119559e+01	5093
-1.072189525072826e+01	-1.007553581629083e+01	5094
-1.114418751087055e+01	-1.479415851421040e+01	5095
-1.411473660107031e+01	2.217436817898663e+00	5096
-1.174400523861369e+01	-3.805898444844325e-01	5097
1.143411238106947e+01	-5.963579539033163e+00	5098
2.068465960677643e+00	1.464196830889024e+01	5099
8.118293363019630e+00	-1.267635536949818e+01	5100
1.068814842497783e+01	6.451278976540549e+00	5101
8.996946154322442e+00	-1.083821066899846e+01	5102
7.779093065158925e+00	9.945797902878621e+00	5103
2.266524514729649e+00	-1.567631485540503e+01	5104
-1.142754421109011e+01	-7.675058856383957e+00	5105
-1.282154901857355e+01	-2.216501534846332e+00	5106
-1.338265650060101e+01	4.902554416828182e+00	5107
4.558373812492079e+00	1.350435333347581e+01	5108
-1.206471124546641e+01	7.406963338650078e-01	5109
-9.244374889100010e+00	1.287294751018980e+01	5110
-2.639097523825524e+00	-1.773611575563736e+01	5111
4.045511478585796e+00	1.544226020636999e+01	5112
1.257357427594194e+01	3.494464399327478e+00	5113
7.447735515995302e+00	1.143222813251389e+01	5114
9.988038571686245e-01	-1.710583670815358e+01	5115
4.101783950298492e+00	-1.622285602824099e+01	5116
-6.509347614523800e+00	-1.715834704783420e+01	5117
1.189831983434172e+01	5.713265486929633e+00	5118
1.074019030349471e+01	7.888431491716267e+00	5119
1.084435724602502e+01	-1.041992709992233e+01	5120
-1.255689139795066e+01	-1.016188181511538e+01	5121
-1.354598776317362e+01	7.996500794884769e-01	5122
-1.359889798223476e+01	-3.875786595807380e+00	5123
1.257594844990437e+01	-4.696362073994960e+00	5124
4.812503524027538e-01	1.580775574691319e+01	5125
1.152632632580911e+01	-7.854054328906450e+00	5126
-1.208743884101078e+01	1.017622063137856e+01	5127
6.252862345625639e+00	1.328560356808510e+01	5128
1.320139391738321e+01	9.775649924428108e-01	5129
-1.274263154406673e+01	-6.809980577956532e+00	5130
-1.461899728739239e+01	3.798912280926223e+00	5131
-2.954820354437881e+00	1.519192431721581e+01	5132
1.290381511340770e+01	-1.913976758462580e+00	5133
-1.321159136269495e+01	-1.952553078919355e-01	5134
-5.873092228461487e+00	1.449609259059415e+01	5135
-1.227058967195557e+01	-1.304877508785931e+01	5136
-1.388411983596644e+01	6.772251572625251e+00	5137
7.342319406820739e+00	-1.457930160183277e+01	5138
1.004166014922869e+01	-1.246335457924922e+01	5139
9.144380688778131e+00	9.780164958673192e+00	5140
-1.188804897486664e+01	-9.103818368552165e+00	5141
-4.612719960716397e+00	1.570859373172261e+01	5142
1.400156242353928e+01	-5.810290302057814e-01	5143
2.841171750632656e+00	-1.767647313080349e+01	5144
1.303259663049627e+01	-6.575775102273721e+00	5145
1.302695279030603e+01	4.841548213534212e+00	5146
-1.530176177872198e+01	9.140779148367061e-01	5147
6.280225525349374e+00	-1.652059920101211e+01	5148
2.353694165868901e+00	1.664302258569894e+01	5149
-1.147186514508248e+01	1.238243458191069e+01	5150
-1.406424444998456e+01	9.019375081072685e+00	5151
1.373004319372142e+01	2.465107974859808e+00	5152
1.358872148080222e+01	-3.390981658823375e+00	5153
1.209202550164265e+01	7.209594047588229e+00	5154
-1.473335088992015e+00	1.668854210636749e+01	5155
-8.068244487224403e+00	1.478892042147033e+01	5156
8.839945854267809e+00	1.115719805515541e+01	5157
-1.338114593626708e+01	-8.473644707757343e+00	5158
-5.867693541327405e-01	-1.861957948554081e+01	5159
1.207823955408933e+01	-1.208103518913936e+01	5160
-1.454608992550239e+01	-1.936783074997303e+00	5161
6.366447675990093e+00	1.560229009516508e+01	5162
1.275057945521122e+01	-9.550459263896380e+00	5163
-1.518247909397730e+01	5.499176770376537e+00	5164
-1.415809328909136e+01	-5.644830819205872e+00	5165
-1.595992764422892e+01	2.495451609775897e+00	5166
-1.482180055123462e+01	-1.848277091737042e-01	5167
9.315986356123272e+00	-1.430059541038329e+01	5168
1.065021893602958e+01	9.434932105317779e+00	5169
1.430555636399562e+01	-5.127334617164542e+00	5170
4.985879544467827e+00	-1.816697371488710e+01	5171
-1.049827591162167e+01	1.462443807349736e+01	5172
1.459156000708980e+01	-8.221327380881286e+00	5173
1.344443204583290e+01	6.370134437932704e+00	5174
-3.376990303289127e+00	1.719890624367552e+01	5175
1.460942856162320e+01	-2.111578150731618e+00	5176
-1.458804613365384e+01	-7.281175345625930e+00	5177
-6.615691813130739e+00	1.644369380585225e+01	5178
-1.461469624602077e+01	-1.011755805065719e+01	5179
-1.728381987316432e+01	1.011575226459197e+00	5180
-1.649310260358160e+01	-8.237800680840904e-01	5181
4.678202679434396e+00	1.747246899364006e+01	5182
4.653378508627041e-01	1.792902972529079e+01	5183
-1.378797056482888e+01	1.148720423154431e+01	5184
-1.550855891548388e+01	-3.940375325319637e+00	5185
-1.579194528845022e+01	7.585948893311637e+00	5186
1.141103077854553e+01	-1.408883635174295e+01	5187
1.216697864743921e+01	8.833298114575790e+00	5188
8.445795341508774e+00	1.283878754688832e+01	5189
1.418283755848477e+01	3.894301207154216e+00	5190
1.492388386107929e+01	1.052583840543251e+00	5191
8.544205389173703e+00	-1.639562617901751e+01	5192
1.422220107846147e+01	-1.129322360340266e+01	5193
-1.654847998325165e+01	4.254991797293598e+00	5194
1.037232960655115e+01	1.095930499012798e+01	5195
1.540245043558859e+01	-3.698236687271320e+00	5196
-1.377021782185313e+01	-1.219643733143987e+01	5197
-1.722383536007647e+01	6.142477948363366e+00	5198
1.469969065669549e+01	5.393584890894950e+00	5199
1.583827686375592e+01	-6.566564843175107e-01	5200
1.492957621582926e+01	-6.964584036168792e+00	5201
1.003790444400351e+01	1.253435721134248e+01	5202
1.566964590895034e+01	-9.549423498782962e+00	5203
-5.211359245652607e+00	1.778176405564588e+01	5204
1.369089020983169e+01	8.057029033380296e+00	5205
7.686124449516599e+00	1.473406408292264e+01	5206
-1.803986367091000e+01	2.896390938896301e+00	5207
-1.616384166762573e+01	-5.952604104601415e+00	5208
1.207199658772333e+01	1.057771039887484e+01	5209
1.552256569051521e+01	2.747912123361518e+00	5210
-1.865613855128400e+01	-6.724900678103914e-01	5211
1.627035407673264e+01	-5.478103752931681e+00	5212
1.600418366085301e+01	4.352249400506929e+00	5213
1.520148536581643e+01	7.100422581951811e+00	5214
8.076332420759250e+00	1.676176670298007e+01	5215
-1.660351032951958e+01	-8.079914965491801e+00	5216
1.378807269523222e+01	9.896252624811387e+00	5217
1.653479033394124e+01	-2.314575354310955e+00	5218
1.688192140543721e+01	1.169537140492917e+00	5219
-1.770430103279082e+01	-2.667191616208339e+00	5220
1.669370846111225e+01	-7.562177190337845e+00	5221
9.656487646310485e+00	1.444483049201257e+01	5222
-1.762339804386871e+01	-4.355425208967413e+00	5223
1.176341945180043e+01	1.229577296489815e+01	5224
1.792240634876599e+01	-7.175118663853185e-01	5225
1.551063595755017e+01	9.006352251291533e+00	5226
1.744397985153138e+01	-3.974306928379753e+00	5227
1.368689280383993e+01	1.186975402803338e+01	5228
1.659058248871634e+01	6.012530390060494e+00	5229
1.755476459215798e+01	3.091526500789103e+00	5230
1.142003558128340e+01	1.405992962479302e+01	5231
1.719511256056521e+01	7.914452454549284e+00	5232
NMARK= 2
MARKER_TAG= airfoil
MARKER_ELEMS= 200
3	199	0
3	0	1
3	1	2
3	2	3
3	3	4
3	4	5
3	5	6
3	6	7
3	7	8
3	8	9
3	9	10
3	10	11
3	11	12
3	12	13
3	13	14
3	14	15
3	15	16
3	16	17
3	17	18
3	18	19
3	19	20
3	20	21
3	21	22
3	22	23
3	23	24
3	24	25
3	25	26
3	26	27
3	27	28
3	28	29
3	29	30
3	30	31
3	31	32
3	32	33
3	33	34
3	34	35
3	35	36
3	36	37
3	37	38
3	38	39
3	39	40
3	40	41
3	41	42
3	42	43
3	43	44
3	44	45
3	45	46
3	46	47
3	47	48
3	48	49
3	49	50
3	50	51
3	51	52
3	52	53
3	53	54
3	54	55
3	55	56
3	56	57
3	57	58
3	58	59
3	59	60
3	60	61
3	61	62
3	62	63
3	63	64
3	64	65
3	65	66
3	66	67
3	67	68
3	68	69
3	69	70
3	70	71
3	71	72
3	72	73
3	73	74
3	74	75
3	75	76
3	76	77
3	77	78
3	78	79
3	79	80
3	80	81
3	81	82
3	82	83
3	83	84
3	84	85
3	85	86
3	86	87
3	87	88
3	88	89
3	89	90
3	90	91
3	91	92
3	92	93
3	93	94
3	94	95
3	95	96
3	96	97
3	97	98
3	98	99
3	99	100
3	100	101
3	101	102
3	102	103
3	103	104
3	104	105
3	105	106
3	106	107
3	107	108
3	108	109
3	109	110
3	110	111
3	111	112
3	112	113
3	113	114
3	114	115
3	115	116
3	116	117
3	117	118
3	118	119
3	119	120
3	120	121
3	121	122
3	122	123
3	123	124
3	124	125
3	125	126
3	126	127
3	127	128
3	128	129
3	129	130
3	130	131
3	131	132
3	132	133
3	133	134
3	134	135
3	135	136
3	136	137
3	137	138
3	138	139
3	139	140
3	140	141
3	141	142
3	142	143
3	143	144
3	144	145
3	145	146
3	146	147
3	147	148
3	148	149
3	149	150
3	150	151
3	151	152
3	152	153
3	153	154
3	154	155
3	155	156
3	156	157
3	157	158
3	158	159
3	159	160
3	160	161
3	161	162
3	162	163
3	163	164
3	164	165
3	165	166
3	166	167
3	167	168
3	168	169
3	169	170
3	170	171
3	171	172
3	172	173
3	173	174
3	174	175
3	175	176
3	176	177
3	177	178
3	178	179
3	179	180
3	180	181
3	181	182
3	182	183
3	183	184
3	184	185
3	185	186
3	186	187
3	187	188
3	188	189
3	189	190
3	190	191
3	191	192
3	192	193
3	193	194
3	194	195
3	195	196
3	196	197
3	197	198
3	198	199
MARKER_TAG= farfield
MARKER_ELEMS= 50
3	200	201
3	201	202
3	202	203
3	203	204
3	204	205
3	205	206
3	206	207
3	207	208
3	208	209
3	209	210
3	210	211
3	211	212
3	212	213
3	213	214
3	214	215
3	215	216
3	216	217
3	217	218
3	218	219
3	219	220
3	220	221
3	221	222
3	222	223
3	223	224
3	224	225
3	225	226
3	226	227
3	227	228
3	228	229
3	229	230
3	230	231
3	231	232
3	232	233
3	233	234
3	234	235
3	235	236
3	236	237
3	237	238
3	238	239
3	239	240
3	240	241
3	241	242
3	242	243
3	243	244
3	244	245
3	245	246
3	246	247
3	247	248
3	248	249
3	249	200
