"Time_Iter","Outer_Iter","Inner_Iter",    "rms[Rho]"    ,    "rms[RhoU]"   ,    "rms[RhoV]"   ,    "rms[RhoW]"   ,    "rms[RhoE]"   
          0,           0,           0,      -2.831253576,      -12.13958265,      -12.13146394,      -12.13900926,       2.332281853
          0,           0,           1,      -2.810403052,     -0.3748305691,     -0.4583295694,     -0.4729444108,       2.562564759
          0,           0,           2,      -2.763377341,     -0.2384524444,     -0.3097083471,     -0.3323170463,       2.676014635
          0,           0,           3,      -2.762944189,      -0.203442538,     -0.2834068574,     -0.2970871968,       2.683977073
          0,           0,           4,      -2.829175872,     -0.2192358847,     -0.3348280636,     -0.3507998593,       2.617529116
          0,           0,           5,       -2.93383638,     -0.2525200125,     -0.4080183933,      -0.418264095,       2.521798555
          0,           0,           6,      -3.016647149,     -0.2959377491,     -0.4655961883,     -0.4751655205,       2.439760936
          0,           0,           7,      -3.067611496,     -0.3461299135,     -0.5125117562,     -0.5213862047,       2.387181705
          0,           0,           8,      -3.095876923,     -0.3981720439,     -0.5515943118,     -0.5558275686,       2.357669131
          0,           0,           9,      -3.120099179,     -0.4480131119,     -0.5824095519,     -0.5829739108,       2.334177305
          0,           0,          10,      -3.154282632,     -0.4935994633,     -0.6096979467,     -0.6100711597,       2.302429604
          0,           0,          11,      -3.205811572,     -0.5349110905,     -0.6395362611,     -0.6413368941,       2.251842879
          0,           0,          12,      -3.276669293,     -0.5728950479,     -0.6735459538,     -0.6758432735,         2.1762475
          0,           0,          13,      -3.350810825,     -0.6081741018,     -0.7059973442,      -0.706601169,       2.086965051
          0,           0,          14,      -3.377788769,     -0.6404533211,     -0.7256269134,     -0.7226304387,         2.0404166
          0,           0,          15,      -3.330011739,     -0.6693434927,     -0.7260318006,     -0.7191222819,       2.089518714
          0,           0,          16,      -3.259407167,     -0.6950998547,     -0.7142123194,     -0.7042891927,       2.174075979
          0,           0,          17,      -3.208419915,      -0.718975815,     -0.7035564515,     -0.6914203683,        2.23769681
          0,           0,          18,      -3.188161631,     -0.7428796997,     -0.7038686287,     -0.6898491542,       2.267621925
          0,           0,          19,      -3.199167138,     -0.7685577686,     -0.7194450667,     -0.7035775195,       2.264172287
          0,           0,          20,      -3.240169164,     -0.7967849749,     -0.7505527335,     -0.7327781111,       2.229098558
          0,           0,          21,      -3.309057166,      -0.826995958,     -0.7940370557,     -0.7744300706,       2.164102503
          0,           0,          22,      -3.399472268,     -0.8574818863,     -0.8428230986,     -0.8218942286,       2.073515616
          0,           0,          23,       -3.49510782,     -0.8860182643,     -0.8872301716,     -0.8660637681,       1.969329521
          0,           0,          24,       -3.56428073,     -0.9111568602,     -0.9187358263,     -0.8985907796,       1.882019111
          0,           0,          25,      -3.587335883,     -0.9330045862,     -0.9363858934,      -0.917795644,       1.844587272
          0,           0,          26,      -3.587440275,     -0.9530774491,     -0.9471220442,     -0.9295519778,        1.84354894
          0,           0,          27,      -3.595176137,     -0.9731094961,     -0.9585224146,     -0.9410413381,        1.84167475
          0,           0,          28,      -3.622227508,     -0.9939942123,     -0.9738062401,     -0.9557423775,         1.8211768
          0,           0,          29,      -3.665462244,      -1.015407745,     -0.9917583285,     -0.9729679697,       1.782962436
          0,           0,          30,      -3.712120193,      -1.035994785,      -1.008942862,     -0.9897721777,       1.739224232
          0,           0,          31,      -3.746474888,      -1.054192128,      -1.022468344,       -1.00345473,       1.706478064
          0,           0,          32,      -3.761783519,      -1.069045743,      -1.031640553,      -1.013241687,       1.693495392
          0,           0,          33,      -3.766682455,      -1.080529361,      -1.037881845,      -1.020299358,       1.692732969
          0,           0,          34,      -3.774221505,      -1.089416486,       -1.04314768,      -1.026296959,       1.690571632
          0,           0,          35,      -3.790705435,      -1.096697355,      -1.048412211,      -1.032058076,        1.67966486
          0,           0,          36,      -3.813736441,      -1.103088493,      -1.053371783,      -1.037278665,       1.661319512
          0,           0,          37,      -3.834481499,      -1.108744734,      -1.057088876,      -1.041096231,       1.643270238
          0,           0,          38,      -3.844663946,      -1.113533176,      -1.059137458,       -1.04314353,       1.633432338
          0,           0,          39,      -3.844488237,      -1.117413767,      -1.060251898,      -1.044152167,       1.632587198
          0,           0,          40,      -3.841625268,      -1.120473287,       -1.06183247,      -1.045483112,       1.634385892
          0,           0,          41,      -3.843545158,      -1.122859216,      -1.064990433,      -1.048272116,       1.631753136
          0,           0,          42,       -3.85229336,      -1.124634551,      -1.069886042,       -1.05279613,       1.622143243
          0,           0,          43,      -3.863745172,      -1.125670385,      -1.075662254,      -1.058384127,        1.60891821
          0,           0,          44,      -3.870118502,      -1.125684246,      -1.080906549,      -1.063849534,       1.599622175
          0,           0,          45,      -3.864456854,      -1.124410458,      -1.084273294,      -1.068008102,       1.602108715
          0,           0,          46,      -3.845303374,      -1.121708787,      -1.085001617,      -1.070144663,       1.619394877
          0,           0,          47,      -3.817655211,      -1.117612674,      -1.083157702,      -1.070211425,       1.647289635
          0,           0,          48,      -3.790025555,      -1.112500198,      -1.079801378,      -1.069053424,       1.676954376
          0,           0,          49,      -3.769220555,      -1.106890425,      -1.076396869,      -1.067904595,       1.700822674
          0,           0,          50,      -3.758324048,      -1.101225614,      -1.074062007,      -1.067699104,       1.715201787
          0,           0,          51,      -3.757744797,      -1.095794737,      -1.073280149,      -1.068824536,       1.719302025
          0,           0,          52,      -3.766378599,      -1.090725002,      -1.073953081,      -1.071148241,       1.713968205
          0,           0,          53,      -3.782223155,      -1.086008867,      -1.075599458,      -1.074180136,       1.700978104
          0,           0,          54,      -3.802674973,      -1.081558565,      -1.077573051,      -1.077283403,       1.682708664
          0,           0,          55,      -3.824882686,      -1.077261747,      -1.079265963,      -1.079877138,        1.66181293
          0,           0,          56,      -3.846236942,      -1.073020668,      -1.080256566,      -1.081583972,       1.640801363
          0,           0,          57,      -3.864948786,      -1.068787673,      -1.080375777,      -1.082289052,       1.621537665
          0,           0,          58,      -3.880397552,      -1.064572443,      -1.079679467,      -1.082103906,       1.604884095
          0,           0,          59,      -3.892989538,      -1.060428126,      -1.078358898,      -1.081264176,       1.590741564
          0,           0,          60,      -3.903628209,      -1.056419866,      -1.076643449,      -1.080026908,       1.578459983
          0,           0,          61,      -3.913205716,      -1.052610803,      -1.074737865,      -1.078601209,       1.567299587
          0,           0,          62,      -3.922348751,      -1.049060165,      -1.072795197,      -1.077136409,       1.556706254
          0,           0,          63,      -3.931416787,      -1.045817611,      -1.070930804,      -1.075727077,       1.546353826
          0,           0,          64,      -3.940604375,      -1.042932064,      -1.069225301,      -1.074435765,       1.536066548
          0,           0,          65,      -3.949982084,      -1.040447891,      -1.067735145,      -1.073302838,       1.525775332
          0,           0,          66,      -3.959495926,       -1.03840174,      -1.066493692,      -1.072349247,       1.515512906
          0,           0,          67,      -3.968950349,      -1.036822943,      -1.065509131,      -1.071578123,       1.505430879
          0,           0,          68,      -3.978017103,      -1.035738541,      -1.064773021,      -1.070980796,       1.495801436
          0,           0,          69,      -3.986308241,      -1.035168496,      -1.064265555,      -1.070542346,       1.486960509
          0,           0,          70,      -3.993491586,      -1.035122906,      -1.063965277,      -1.070248478,       1.479210004
          0,           0,          71,      -3.999389159,       -1.03560815,      -1.063857697,      -1.070093725,       1.472723927
          0,           0,          72,      -4.004009088,      -1.036624769,      -1.063932723,       -1.07007983,       1.467510863
          0,           0,          73,       -4.00751268,      -1.038166551,      -1.064188805,      -1.070209347,       1.463437602
          0,           0,          74,      -4.010138007,       -1.04022354,      -1.064624338,      -1.070486846,       1.460295635
          0,           0,          75,      -4.012122075,      -1.042778551,      -1.065237055,      -1.070916036,       1.457873563
          0,           0,          76,      -4.013653291,      -1.045812758,      -1.066016887,      -1.071493125,       1.456003709
          0,           0,          77,      -4.014872693,      -1.049304277,      -1.066953942,      -1.072213711,       1.454562323
          0,           0,          78,      -4.015894164,       -1.05323016,      -1.068036181,      -1.073071715,       1.453446228
          0,           0,          79,      -4.016833591,      -1.057571748,      -1.069253944,       -1.07405885,       1.452541838
          0,           0,          80,       -4.01781777,      -1.062315186,      -1.070595422,      -1.075169945,       1.451714001
          0,           0,          81,      -4.018989543,      -1.067448764,      -1.072052315,      -1.076400743,       1.450800294
          0,           0,          82,      -4.020498592,      -1.072971454,      -1.073613982,      -1.077748218,       1.449621563
          0,           0,          83,      -4.022491249,      -1.078891071,      -1.075271578,      -1.079208564,       1.447997294
          0,           0,          84,      -4.025103002,      -1.085222345,      -1.077016502,      -1.080775935,       1.445757366
          0,           0,          85,       -4.02845432,      -1.091988039,      -1.078837646,      -1.082442537,        1.44274955
          0,           0,          86,      -4.032640782,      -1.099216429,      -1.080723295,      -1.084198243,       1.438852059
          0,           0,          87,      -4.037725651,       -1.10693927,      -1.082661997,      -1.086035675,       1.433980639
          0,           0,          88,      -4.043730748,      -1.115188611,      -1.084638334,       -1.08794466,       1.428099095
          0,           0,          89,      -4.050645838,      -1.123996584,      -1.086635988,      -1.089913856,       1.421207713
          0,           0,          90,      -4.058414915,      -1.133389077,      -1.088640049,      -1.091929566,       1.413356614
          0,           0,          91,      -4.066936821,      -1.143385471,      -1.090635332,      -1.093979778,       1.404643068
          0,           0,          92,      -4.076068485,       -1.15399522,      -1.092609745,      -1.096053691,       1.395208415
          0,           0,          93,      -4.085632269,      -1.165215602,      -1.094552337,      -1.098143663,       1.385231226
          0,           0,          94,      -4.095426341,      -1.177029784,      -1.096460095,       -1.10024692,       1.374918156
          0,           0,          95,      -4.105225695,      -1.189401905,      -1.098336773,      -1.102367973,       1.364502707
          0,           0,          96,      -4.114797122,      -1.202277673,      -1.100197156,      -1.104519907,       1.354232707
          0,           0,          97,      -4.123928269,      -1.215580733,      -1.102066311,      -1.106727245,       1.344341304
          0,           0,          98,      -4.132434998,      -1.229211292,      -1.103987576,      -1.109025318,       1.335042625
          0,           0,          99,      -4.140174898,      -1.243040829,      -1.106016377,      -1.111460947,       1.326514193
          0,           0,         100,      -4.147065659,      -1.256919522,      -1.108222281,      -1.114095116,       1.318877546
          0,           0,         101,      -4.153087567,      -1.270678602,      -1.110687923,      -1.116999972,        1.31219238
          0,           0,         102,      -4.158283108,      -1.284135539,       -1.11350724,      -1.120256805,       1.306450954
          0,           0,         103,      -4.162746821,      -1.297105552,      -1.116782455,      -1.123954411,       1.301585249
          0,           0,         104,      -4.166615602,      -1.309416043,      -1.120620452,      -1.128187216,       1.297473821
          0,           0,         105,      -4.170059405,      -1.320924274,      -1.125128692,      -1.133050841,       1.293950452
          0,           0,         106,      -4.173254778,      -1.331534657,      -1.130409815,      -1.138637338,        1.29083124
          0,           0,         107,      -4.176396469,      -1.341208264,      -1.136558095,      -1.145030302,       1.287905661
          0,           0,         108,      -4.179678942,      -1.349974332,      -1.143654683,      -1.152302309,       1.284956302
          0,           0,         109,      -4.183286476,      -1.357929124,      -1.151762575,       -1.16051262,       1.281772079
          0,           0,         110,      -4.187382681,      -1.365216164,      -1.160918266,      -1.169697203,       1.278159813
          0,           0,         111,      -4.192102879,       -1.37201078,      -1.171129283,      -1.179863192,       1.273953075
          0,           0,         112,      -4.197553923,      -1.378491208,      -1.182366594,      -1.190983856,       1.269014768
          0,           0,         113,      -4.203788917,      -1.384812084,       -1.19455688,        -1.2029967,       1.263261788
          0,           0,         114,      -4.210799662,       -1.39107118,      -1.207572847,      -1.215789771,       1.256673663
          0,           0,         115,      -4.218499527,      -1.397284134,      -1.221229389,       -1.22919428,       1.249309631
          0,           0,         116,       -4.22672416,      -1.403352517,      -1.235272238,      -1.242975834,       1.241309682
          0,           0,         117,      -4.235227189,      -1.409044427,      -1.249374181,      -1.256832902,       1.232902362
          0,           0,         118,      -4.243665852,      -1.413985918,      -1.263132179,      -1.270396541,       1.224422141
          0,           0,         119,      -4.251662122,      -1.417690139,      -1.276080662,      -1.283241057,       1.216255509
          0,           0,         120,      -4.258837836,      -1.419640649,      -1.287729684,      -1.294910703,       1.208806591
          0,           0,         121,      -4.264921237,      -1.419450214,      -1.297655179,      -1.304982287,       1.202393754
          0,           0,         122,      -4.269845798,      -1.417013115,      -1.305610962,      -1.313147023,       1.197144458
          0,           0,         123,      -4.273717576,      -1.412625239,      -1.311620004,      -1.319290433,        1.19302562
          0,           0,         124,      -4.276721112,       -1.40688713,      -1.315947968,      -1.323525906,       1.189922808
          0,           0,         125,      -4.278842193,      -1.400560523,       -1.31899635,      -1.326157086,       1.187916887
          0,           0,         126,      -4.279829858,       -1.39434392,      -1.321150229,      -1.327584316,       1.187311578
          0,           0,         127,      -4.279319981,      -1.388699182,      -1.322686063,       -1.32819515,       1.188503105
          0,           0,         128,      -4.277096059,      -1.383802213,      -1.323785455,      -1.328295244,       1.191700903
          0,           0,         129,      -4.273180996,      -1.379597176,      -1.324590373,      -1.328101916,       1.196843046
          0,           0,         130,      -4.267980383,      -1.375850984,      -1.325266147,      -1.327782684,       1.203446454
          0,           0,         131,      -4.262036509,      -1.372272337,      -1.326004659,       -1.32749479,       1.210877594
          0,           0,         132,      -4.255887006,      -1.368612887,      -1.326999831,      -1.327411819,       1.218514415
          0,           0,         133,      -4.249974352,      -1.364759904,      -1.328396839,      -1.327719185,       1.225848599
          0,           0,         134,      -4.244633236,      -1.360734663,      -1.330260507,      -1.328588935,       1.232499438
          0,           0,         135,      -4.240099184,      -1.356685162,      -1.332579031,      -1.330143826,       1.238203197
          0,           0,         136,      -4.236518206,       -1.35282177,      -1.335292847,      -1.332439363,       1.242798739
          0,           0,         137,      -4.233968098,      -1.349366226,      -1.338328501,      -1.335459102,       1.246201504
          0,           0,         138,      -4.232468855,      -1.346513432,      -1.341619029,      -1.339127339,       1.248391056
          0,           0,         139,      -4.231979316,      -1.344406761,      -1.345111071,      -1.343320328,        1.24941184
          0,           0,         140,       -4.23241334,      -1.343132256,      -1.348757831,      -1.347887982,       1.249357149
          0,           0,         141,      -4.233640204,      -1.342723773,      -1.352501286,      -1.352666707,        1.24836644
          0,           0,         142,      -4.235502728,      -1.343171825,      -1.356260401,       -1.35748894,       1.246609693
          0,           0,         143,      -4.237835546,      -1.344437866,      -1.359929501,      -1.362187887,       1.244266596
          0,           0,         144,      -4.240464764,      -1.346463212,      -1.363381723,       -1.36659997,       1.241527055
          0,           0,         145,      -4.243212062,      -1.349168653,      -1.366480525,      -1.370569518,       1.238586032
          0,           0,         146,      -4.245901844,      -1.352458616,       -1.36909985,      -1.373958899,       1.235636724
          0,           0,         147,      -4.248363579,      -1.356212527,      -1.371143511,      -1.376664737,       1.232867999
          0,           0,         148,      -4.250452987,      -1.360281611,      -1.372566766,      -1.378632273,       1.230443951
          0,           0,         149,      -4.252089281,      -1.364497296,      -1.373392923,       -1.37987179,       1.228468099
          0,           0,         150,      -4.253281709,      -1.368682345,      -1.373711851,      -1.380465132,       1.226955264
          0,           0,         151,      -4.254132423,      -1.372670172,      -1.373672111,       -1.38056126,        1.22582655
          0,           0,         152,      -4.254817564,      -1.376331517,      -1.373458685,      -1.380352745,       1.224923876
          0,           0,         153,      -4.255548963,      -1.379593809,      -1.373271049,      -1.380048019,       1.224045455
          0,           0,         154,      -4.256557633,      -1.382461573,      -1.373312542,      -1.379849584,        1.22296174
          0,           0,         155,      -4.258090613,      -1.385024932,      -1.373776568,        -1.3799454,       1.221421696
          0,           0,         156,      -4.260372614,      -1.387455347,      -1.374831621,      -1.380499079,       1.219190479
          0,           0,         157,      -4.263588552,      -1.389995019,      -1.376612863,      -1.381634832,       1.216068961
          0,           0,         158,      -4.267889198,      -1.392938724,      -1.379210751,      -1.383445679,       1.211888956
          0,           0,         159,      -4.273390907,      -1.396612328,      -1.382669421,      -1.385979164,       1.206513893
          0,           0,         160,      -4.280203663,      -1.401355548,      -1.386991623,      -1.389243027,       1.199815334
          0,           0,         161,      -4.288409336,      -1.407513636,       -1.39214461,      -1.393211044,       1.191691902
          0,           0,         162,      -4.298090503,       -1.41542975,      -1.398061824,      -1.397835199,       1.182042497
          0,           0,         163,      -4.309323004,       -1.42544195,      -1.404654368,      -1.403055868,       1.170774037
          0,           0,         164,       -4.32215443,      -1.437875592,      -1.411820644,      -1.408809924,       1.157820035
          0,           0,         165,      -4.336620359,      -1.453043144,      -1.419453152,      -1.415041571,        1.14312629
          0,           0,         166,      -4.352713248,      -1.471239359,      -1.427454873,      -1.421713656,       1.126678601
          0,           0,         167,      -4.370377167,      -1.492740735,      -1.435747733,      -1.428813759,       1.108509743
          0,           0,         168,      -4.389486828,      -1.517787585,      -1.444283958,      -1.436357541,       1.088720037
          0,           0,         169,       -4.40983059,      -1.546561739,       -1.45304927,      -1.444388649,       1.067498281
          0,           0,         170,      -4.431089845,      -1.579145235,      -1.462067312,      -1.452972101,        1.04514773
          0,           0,         171,      -4.452800924,       -1.61544496,       -1.47138653,      -1.462175498,       1.022129821
          0,           0,         172,      -4.474362271,      -1.655058229,      -1.481060535,      -1.472046894,      0.9990746315
          0,           0,         173,       -4.49506297,      -1.697100774,      -1.491124648,      -1.482591345,      0.9767610249
          0,           0,         174,      -4.514155259,      -1.739977366,      -1.501576672,      -1.493761068,      0.9560505256
          0,           0,         175,        -4.5309116,      -1.781160082,      -1.512367273,      -1.505456463,      0.9378193299
          0,           0,         176,      -4.544696359,      -1.817155524,      -1.523407766,      -1.517537525,       0.922865772
          0,           0,         177,      -4.555065157,      -1.844032993,      -1.534583171,      -1.529838896,      0.9117794084
          0,           0,         178,      -4.561871731,      -1.858713008,      -1.545768579,      -1.542188574,      0.9047979122
          0,           0,         179,      -4.565330344,      -1.860447144,      -1.556849669,      -1.554425416,      0.9017186717
          0,           0,         180,      -4.565984006,      -1.851217541,       -1.56773405,      -1.566412585,      0.9019309083
          0,           0,         181,       -4.56459854,       -1.83466358,      -1.578353342,      -1.578040726,      0.9045471506
          0,           0,         182,      -4.562032199,      -1.814543111,      -1.588661476,      -1.589227236,      0.9085693389
          0,           0,         183,      -4.559122429,      -1.793803743,      -1.598638303,      -1.599916473,      0.9130304328
          0,           0,         184,      -4.556601863,      -1.774405243,      -1.608290948,      -1.610083497,          0.917094
          0,           0,         185,      -4.555071939,      -1.757510748,      -1.617654913,      -1.619734301,      0.9200844918
          0,           0,         186,      -4.554994175,      -1.743745866,      -1.626788547,      -1.628902795,      0.9214916908
          0,           0,         187,      -4.556699908,      -1.733403223,      -1.635765216,      -1.637647895,      0.9209545055
          0,           0,         188,      -4.560409542,      -1.726586376,       -1.64466936,      -1.646047217,      0.9182349001
          0,           0,         189,      -4.566248933,      -1.723295305,      -1.653585489,      -1.654190836,      0.9131962462
          0,           0,         190,       -4.57425901,       -1.72347548,      -1.662590622,      -1.662173244,      0.9057895083
          0,           0,         191,      -4.584407029,      -1.727049618,       -1.67174755,      -1.670086273,      0.8960402461
          0,           0,         192,      -4.596582917,      -1.733921393,      -1.681099593,      -1.678012079,      0.8840507096
          0,           0,         193,      -4.610597132,      -1.743983265,      -1.690663076,      -1.686018063,      0.8700022212
          0,           0,         194,        -4.6261657,      -1.757104518,      -1.700425578,      -1.694152473,      0.8541717586
          0,           0,         195,      -4.642907218,      -1.773115605,      -1.710346476,      -1.702440878,      0.8369385977
          0,           0,         196,      -4.660315795,      -1.791786609,      -1.720354914,      -1.710886392,      0.8188144845
          0,           0,         197,      -4.677792898,      -1.812781356,      -1.730354424,      -1.719471176,      0.8004226961
          0,           0,         198,      -4.694647806,        -1.8356125,      -1.740228097,      -1.728157118,      0.7825021352
          0,           0,         199,      -4.710164405,      -1.859585134,      -1.749847022,      -1.736889125,      0.7658463835
          0,           0,         200,      -4.723681932,       -1.88374309,      -1.759079175,       -1.74559603,      0.7512200306
          0,           0,         201,      -4.734680585,       -1.90685013,      -1.767795693,      -1.754189143,      0.7392599456
          0,           0,         202,      -4.742856879,      -1.927442862,      -1.775876944,      -1.762562332,      0.7303774225
          0,           0,         203,      -4.748156516,      -1.943989114,      -1.783225095,      -1.770595567,      0.7247015569
          0,           0,         204,       -4.75078273,      -1.955179875,      -1.789779917,      -1.778176711,      0.7220549416
          0,           0,         205,      -4.751176081,      -1.960265605,      -1.795537714,      -1.785227907,      0.7219717885
          0,           0,         206,      -4.749944325,      -1.959289932,      -1.800559682,      -1.791724911,      0.7237804409
          0,           0,         207,      -4.747757347,      -1.953075027,      -1.804960001,      -1.797697747,      0.7267278326
          0,           0,         208,      -4.745250949,      -1.942956881,      -1.808888238,      -1.803214866,      0.7300942872
          0,           0,         209,      -4.742972184,      -1.930430412,      -1.812515389,      -1.808373581,      0.7332602315
          0,           0,         210,      -4.741357372,      -1.916875101,      -1.816021643,      -1.813290565,       0.735732414
          0,           0,         211,      -4.740733295,      -1.903417781,      -1.819586727,      -1.818095011,      0.7371432753
          0,           0,         212,      -4.741328553,      -1.890904956,      -1.823381534,      -1.822919447,       0.737237296
          0,           0,         213,      -4.743285244,      -1.879925846,      -1.827555087,      -1.827887667,      0.7358557971
          0,           0,         214,      -4.746672696,      -1.870857538,      -1.832228937,      -1.833108322,      0.7329197962
          0,           0,         215,      -4.751505738,      -1.863919215,      -1.837495503,      -1.838671232,       0.728409979
          0,           0,         216,      -4.757755302,      -1.859219808,      -1.843419141,      -1.844646196,      0.7223536464
          0,           0,         217,      -4.765364759,      -1.856794783,      -1.850038201,      -1.851083702,      0.7148080712
          0,           0,         218,      -4.774239342,       -1.85663201,      -1.857366361,      -1.858014774,      0.7058696889
          0,           0,         219,       -4.78425801,      -1.858688833,      -1.865396632,       -1.86545328,      0.6956626196
          0,           0,         220,      -4.795270478,      -1.862897522,       -1.87410198,      -1.873397762,      0.6843418736
          0,           0,         221,      -4.807090365,      -1.869169378,      -1.883436522,      -1.881832163,      0.6721009646
          0,           0,         222,      -4.819490439,      -1.877392866,      -1.893338049,      -1.890728147,      0.6591779282
          0,           0,         223,       -4.83219236,      -1.887431616,      -1.903727791,      -1.900045409,       0.645866997
          0,           0,         224,      -4.844872633,      -1.899117982,      -1.914511848,       -1.90973264,      0.6325153901
          0,           0,         225,      -4.857152044,      -1.912244983,      -1.925581332,      -1.919724583,      0.6195336995
          0,           0,         226,      -4.868646318,      -1.926557521,      -1.936810953,      -1.929945582,       0.607349612
          0,           0,         227,      -4.878995332,      -1.941749538,      -1.948062413,      -1.940305556,      0.5963741553
          0,           0,         228,      -4.887907775,      -1.957465604,      -1.959185449,      -1.950699401,      0.5869523007
          0,           0,         229,      -4.895189526,      -1.973307946,      -1.970019569,      -1.961004541,      0.5793268426
          0,           0,         230,       -4.90074542,      -1.988850022,      -1.980396972,       -1.97108019,      0.5736284307
          0,           0,         231,      -4.904562434,      -2.003654842,        -1.9901519,      -1.980771336,      0.5698866921
          0,           0,         232,      -4.906703579,      -2.017303367,       -1.99913357,      -1.989922297,       0.568035069
          0,           0,         233,      -4.907322406,      -2.029430234,      -2.007225298,      -1.998395278,       0.567899241
          0,           0,         234,      -4.906692005,       -2.03976921,      -2.014358848,      -2.006089731,      0.5691728051
          0,           0,         235,      -4.905205972,      -2.048196225,      -2.020524093,      -2.012952858,      0.5714224082
          0,           0,         236,      -4.903325033,      -2.054748444,       -2.02576639,      -2.018979405,      0.5741456317
          0,           0,         237,      -4.901496725,      -2.059613407,      -2.030178956,      -2.024205301,      0.5768539342
          0,           0,         238,      -4.900121859,       -2.06310096,      -2.033896756,      -2.028707768,      0.5791097694
          0,           0,         239,      -4.899550335,      -2.065606633,      -2.037089904,      -2.032603061,      0.5805328287
          0,           0,         240,      -4.900080694,      -2.067570473,      -2.039951766,      -2.036037687,       0.580800978
          0,           0,         241,      -4.901954362,      -2.069436202,      -2.042683385,      -2.039177269,      0.5796546506
          0,           0,         242,      -4.905355211,      -2.071621125,      -2.045480405,      -2.042194683,       0.576895832
          0,           0,         243,      -4.910413751,      -2.074497545,      -2.048523405,      -2.045260291,      0.5723824488
          0,           0,         244,      -4.917212191,      -2.078386275,      -2.051971901,       -2.04853434,      0.5660222771
          0,           0,         245,       -4.92578747,      -2.083556097,      -2.055959821,      -2.052161229,      0.5577691571
          0,           0,         246,      -4.936135115,      -2.090230021,      -2.060593366,      -2.056264195,      0.5476181757
          0,           0,         247,      -4.948205335,      -2.098586788,      -2.065951247,      -2.060942886,      0.5356089793
          0,           0,         248,      -4.961898383,      -2.108765266,      -2.072082207,       -2.06627237,      0.5218302526
          0,           0,         249,      -4.977058526,      -2.120868365,      -2.079005181,       -2.07230334,      0.5064261075
          0,           0,         250,      -4.993462968,      -2.134959957,      -2.086709318,      -2.079061327,      0.4896083263
          0,           0,         251,      -5.010813686,      -2.151061736,      -2.095156331,      -2.086547653,      0.4716666456
          0,           0,         252,      -5.028733527,      -2.169141626,      -2.104280902,      -2.094742239,        0.45297734
          0,           0,         253,      -5.046765613,      -2.189095747,      -2.113992205,      -2.103604074,      0.4340072198
          0,           0,         254,      -5.064394819,      -2.210729413,      -2.124175203,      -2.113071702,      0.4152989389
          0,           0,         255,       -5.08108423,      -2.233721703,      -2.134691028,      -2.123059973,      0.3974387829
          0,           0,         256,      -5.096321196,      -2.257596602,      -2.145375433,      -2.133453951,      0.3810102448
          0,           0,         257,      -5.109663301,      -2.281697332,      -2.156039312,       -2.14410304,      0.3665417843
          0,           0,         258,      -5.120774909,      -2.305176638,       -2.16647698,      -2.154821491,      0.3544576839
          0,           0,         259,      -5.129458875,      -2.327025242,      -2.176480619,      -2.165399834,      0.3450313103
          0,           0,         260,       -5.13568677,      -2.346157165,       -2.18585838,      -2.175626417,       0.338342158
          0,           0,         261,      -5.139613624,      -2.361562471,      -2.194453655,      -2.185307248,      0.3342531283
          0,           0,         262,      -5.141565425,      -2.372502985,      -2.202158046,      -2.194283556,      0.3324223742
          0,           0,         263,      -5.141996258,       -2.37867986,      -2.208921185,      -2.202443627,      0.3323527113
          0,           0,         264,      -5.141424126,      -2.380305829,      -2.214759251,      -2.209735145,       0.333466584
          0,           0,         265,       -5.14036931,      -2.378047539,      -2.219753307,      -2.216169423,      0.3351800928
          0,           0,         266,      -5.139307893,      -2.372862224,      -2.224040657,      -2.221817369,      0.3369586867
          0,           0,         267,      -5.138649398,      -2.365804824,      -2.227797969,      -2.226798786,      0.3383441079
          0,           0,         268,      -5.138731416,      -2.357877045,      -2.231227473,      -2.231268378,      0.3389612138
          0,           0,         269,      -5.139826452,      -2.349944947,      -2.234536614,      -2.235400757,      0.3385104185
          0,           0,         270,       -5.14215416,      -2.342707408,      -2.237927213,      -2.239377835,      0.3367542091
          0,           0,         271,      -5.145886657,      -2.336704967,      -2.241585884,      -2.243377395,      0.3335092011
          0,           0,         272,      -5.151156199,      -2.332339978,      -2.245677522,       -2.24756504,      0.3286361758
          0,           0,         273,      -5.158061252,      -2.329907331,      -2.250341473,      -2.252088135,      0.3220325385
          0,           0,         274,      -5.166674901,      -2.329618778,      -2.255690578,       -2.25707351,      0.3136226325
          0,           0,         275,      -5.177038503,      -2.331624156,      -2.261809602,      -2.262624386,      0.3033620765
          0,           0,         276,      -5.189159352,      -2.336024294,      -2.268755405,       -2.26882025,      0.2912395542
          0,           0,         277,      -5.203006569,      -2.342881324,      -2.276558285,      -2.275717831,      0.2772804504
          0,           0,         278,      -5.218501451,       -2.35222421,      -2.285222451,      -2.283351581,      0.2615566039
          0,           0,         279,      -5.235508347,      -2.364048813,      -2.294726626,      -2.291734848,      0.2441959718
          0,           0,         280,      -5.253822474,      -2.378313997,      -2.305025648,      -2.300861518,      0.2253961547
          0,           0,         281,      -5.273158292,      -2.394931565,      -2.316052358,      -2.310708089,        0.20543843
          0,           0,         282,      -5.293139288,      -2.413750846,      -2.327719153,      -2.321234872,      0.1847014634
          0,           0,         283,      -5.313303608,      -2.434534585,      -2.339919468,      -2.332386385,      0.1636618217
          0,           0,         284,       -5.33309864,      -2.456928259,      -2.352527268,      -2.344089334,      0.1429027901
          0,           0,         285,      -5.351932079,      -2.480422437,      -2.365397631,      -2.356247999,      0.1230697014
          0,           0,         286,      -5.369208578,      -2.504326258,      -2.378363703,      -2.368738593,      0.1048324143
          0,           0,         287,      -5.384389327,      -2.527753913,      -2.391238988,      -2.381405682,     0.08881856013
          0,           0,         288,      -5.397057717,      -2.549649223,       -2.40382554,      -2.394065984,     0.07553398053
          0,           0,         289,      -5.406975462,      -2.568874408,      -2.415927787,      -2.406521682,     0.06528768837
          0,           0,         290,       -5.41412273,      -2.584366382,      -2.427369804,      -2.418577847,     0.05813579164
          0,           0,         291,      -5.418707646,      -2.595340558,      -2.438008638,      -2.430057337,     0.05386531319
          0,           0,         292,      -5.421131806,      -2.601468724,      -2.447743623,      -2.440813015,     0.05203229296
          0,           0,         293,      -5.421921822,      -2.602954609,      -2.456526803,      -2.450738894,     0.05204261491
          0,           0,         294,      -5.421654003,      -2.600473664,      -2.464371379,      -2.459782159,     0.05324291381
          0,           0,         295,      -5.420890706,      -2.595007347,      -2.471352544,      -2.467949711,     0.05499763744
          0,           0,         296,      -5.420136906,      -2.587642907,      -2.477599302,      -2.475305491,     0.05674057724
          0,           0,         297,      -5.419818804,      -2.579408993,      -2.483280334,      -2.481960716,     0.05799892552
          0,           0,         298,      -5.420282756,      -2.571182222,      -2.488588058,      -2.488061981,     0.05839365314
          0,           0,         299,      -5.421802373,      -2.563658538,      -2.493723515,      -2.493777868,     0.05762997889
          0,           0,         300,      -5.424586793,      -2.557364289,      -2.498882536,      -2.499284779,     0.05548616495
          0,           0,         301,      -5.428787474,       -2.55268252,      -2.504246229,      -2.504755297,     0.05180381145
          0,           0,         302,      -5.434504095,      -2.549884318,      -2.509973326,      -2.510348844,     0.04647955804
          0,           0,         303,      -5.441789949,      -2.549155289,      -2.516195248,       -2.51620512,     0.03945809735
          0,           0,         304,      -5.450649451,      -2.550617153,      -2.523014095,      -2.522440157,     0.03073285719
          0,           0,         305,      -5.461038231,      -2.554342919,      -2.530500881,       -2.52914367,     0.02034558293
          0,           0,         306,      -5.472857976,      -2.560366798,      -2.538693878,      -2.536378943,     0.00839140898
          0,           0,         307,      -5.485950122,      -2.568688981,      -2.547599792,      -2.544181629,   -0.004973940029
          0,           0,         308,        -5.5000863,      -2.579276422,      -2.557192779,      -2.552559378,    -0.01952333419
          0,           0,         309,      -5.514956637,      -2.592059248,      -2.567413999,      -2.561492359,    -0.03494467056
          0,           0,         310,      -5.530174277,      -2.606921739,      -2.578172134,      -2.570934858,    -0.05084092203
          0,           0,         311,      -5.545272819,      -2.623689392,      -2.589344191,      -2.580816507,    -0.06672467209
          0,           0,         312,      -5.559735439,      -2.642111361,      -2.600778268,      -2.591044826,     -0.0820431383
          0,           0,         313,      -5.573041555,      -2.661840383,       -2.61229859,      -2.601508368,     -0.0962227895
          0,           0,         314,      -5.584724828,      -2.682412298,      -2.623711737,      -2.612077561,     -0.1087304387
          0,           0,         315,      -5.594430022,      -2.703230051,      -2.634810849,      -2.622605379,     -0.1191384615
          0,           0,         316,      -5.601948603,      -2.723563232,      -2.645384668,      -2.632926248,     -0.1271727412
          0,           0,         317,      -5.607230834,      -2.742572586,      -2.655230478,      -2.642860437,     -0.1327368407
          0,           0,         318,      -5.610383521,      -2.759373079,      -2.664172741,      -2.652228679,     -0.1359180109
          0,           0,         319,      -5.611661423,      -2.773142097,      -2.672085315,       -2.66087555,     -0.1369803527
          0,           0,         320,      -5.611441395,      -2.783259968,      -2.678906089,      -2.668690812,       -0.13633461
          0,           0,         321,      -5.610175694,      -2.789436916,      -2.684643189,      -2.675619167,     -0.1344826707
          0,           0,         322,      -5.608334875,      -2.791774808,      -2.689370215,      -2.681661261,     -0.1319504258
          0,           0,         323,      -5.606364873,      -2.790738069,       -2.69321913,       -2.68687027,     -0.1292370012
          0,           0,         324,      -5.604667246,      -2.787054273,      -2.696369953,      -2.691347814,     -0.1267891523
          0,           0,         325,      -5.603589222,      -2.781579366,      -2.699035958,      -2.695236085,     -0.1249893065
          0,           0,         326,      -5.603416382,      -2.775170313,      -2.701444845,      -2.698703648,     -0.1241487788
          0,           0,         327,      -5.604374736,      -2.768598232,      -2.703821846,      -2.701931908,     -0.1245116256
          0,           0,         328,      -5.606637159,      -2.762507798,      -2.706377031,      -2.705102889,     -0.1262630174
          0,           0,         329,      -5.610330394,      -2.757411579,      -2.709297128,      -2.708389794,     -0.1295379724
          0,           0,         330,      -5.615540745,      -2.753703004,      -2.712740909,      -2.711949992,     -0.1344284834
          0,           0,         331,      -5.622316963,      -2.751674939,      -2.716836961,      -2.715920005,     -0.1409876093
          0,           0,         332,      -5.630671266,      -2.751539636,       -2.72168345,      -2.720412742,      -0.149231597
          0,           0,         333,      -5.640577936,      -2.753445731,      -2.727348569,      -2.725516114,     -0.1591390181
          0,           0,         334,       -5.65196869,      -2.757491304,      -2.733871285,      -2.731292948,     -0.1706463986
          0,           0,         335,       -5.66472524,      -2.763732909,      -2.741261831,       -2.73778108,      -0.183640594
          0,           0,         336,      -5.678670739,      -2.772190192,       -2.74950217,      -2.744994264,     -0.1979494186
          0,           0,         337,      -5.693560411,      -2.782846857,      -2.758546233,       -2.75292272,     -0.2133305224
          0,           0,         338,      -5.709076981,      -2.795648095,      -2.768320844,      -2.761534195,     -0.2294642576
          0,           0,         339,      -5.724826374,      -2.810493401,      -2.778726408,      -2.770775542,     -0.2459460526
          0,           0,         340,      -5.740353467,      -2.827224334,      -2.789639321,       -2.78057425,     -0.2622980012
          0,           0,         341,      -5.755170232,      -2.845611162,      -2.800913307,      -2.790839798,     -0.2779933391
          0,           0,         342,      -5.768796706,      -2.865333716,      -2.812381355,      -2.801462976,     -0.2924974198
          0,           0,         343,      -5.780813389,      -2.885964618,      -2.823857471,      -2.812313575,     -0.3053235231
          0,           0,         344,      -5.790903406,      -2.906957576,      -2.835138586,      -2.823236314,     -0.3160839303
          0,           0,         345,      -5.798869347,       -2.92764802,      -2.846010677,      -2.834049527,     -0.3245190518
          0,           0,         346,      -5.804633241,      -2.947274329,      -2.856261654,      -2.844552108,     -0.3305085874
          0,           0,         347,      -5.808235395,      -2.965028584,      -2.865700803,      -2.854541969,     -0.3340770253
          0,           0,         348,      -5.809838842,      -2.980143361,      -2.874179253,      -2.863838947,     -0.3353981797
          0,           0,         349,      -5.809729253,      -2.992004386,      -2.881604987,      -2.872304041,     -0.3347906591
          0,           0,         350,      -5.808307737,      -3.000264833,      -2.887952614,      -2.879851841,     -0.3327021642
          0,           0,         351,      -5.806059063,      -3.004917682,      -2.893266716,      -2.886457441,     -0.3296691064
          0,           0,         352,       -5.80349691,       -3.00629941,      -2.897655824,      -2.892158083,     -0.3262552212
          0,           0,         353,      -5.801103465,      -3.005020392,      -2.901283075,      -2.897046271,     -0.3229870585
          0,           0,         354,      -5.799290701,      -3.001848619,      -2.904348451,      -2.901257785,     -0.3203131775
          0,           0,         355,      -5.798392007,      -2.997592004,      -2.907070562,      -2.904957506,     -0.3185953131
          0,           0,         356,      -5.798670524,      -2.993010571,      -2.909670211,       -2.90832576,     -0.3181172348
          0,           0,         357,      -5.800331793,      -2.988766725,      -2.912357104,      -2.911545825,     -0.3190984841
          0,           0,         358,      -5.803530736,      -2.985408535,      -2.915321106,       -2.91479406,     -0.3217034294
          0,           0,         359,      -5.808379911,      -2.983373106,      -2.918726188,      -2.918232281,     -0.3260510598
          0,           0,         360,      -5.814954219,      -2.983000382,      -2.922707562,      -2.922002778,     -0.3322213052
          0,           0,         361,      -5.823293031,      -2.984550184,      -2.927370414,       -2.92622512,     -0.3402584621
          0,           0,         362,      -5.833399987,      -2.988218604,      -2.932789946,      -2.930994402,     -0.3501720275
          0,           0,         363,      -5.845238797,      -2.994151386,      -2.939011572,      -2.936380783,     -0.3619332821
          0,           0,         364,      -5.858726553,      -3.002453986,      -2.946051321,      -2.942429589,     -0.3754689075
          0,           0,         365,      -5.873723115,      -3.013196058,       -2.95389643,      -2.949162081,     -0.3906503518
          0,           0,         366,      -5.890025726,      -3.026413117,      -2.962506392,      -2.956577017,     -0.4072868895
          0,           0,         367,      -5.907349507,      -3.042101505,      -2.971814065,      -2.964652511,     -0.4251052901
          0,           0,         368,      -5.925322885,      -3.060206396,      -2.981728304,      -2.973348658,     -0.4437414819
          0,           0,         369,       -5.94348691,      -3.080601885,      -2.992135955,      -2.982610007,     -0.4627350127
          0,           0,         370,      -5.961308838,      -3.103060084,      -3.002904715,      -2.992366608,     -0.4815364966
          0,           0,         371,      -5.978216431,      -3.127211135,      -3.013885561,       -3.00253246,     -0.4995358266
          0,           0,         372,      -5.993651695,      -3.152495824,      -3.024912121,      -3.012999816,     -0.5161130445
          0,           0,         373,       -6.00713067,      -3.178121831,      -3.035800958,       -3.02363154,      -0.530702104
          0,           0,         374,      -6.018293295,      -3.203040506,       -3.04635713,      -3.034258256,     -0.5428523252
          0,           0,         375,      -6.026936771,      -3.225976267,      -3.056386518,      -3.044687641,     -0.5522786046
          0,           0,         376,      -6.033035927,      -3.245543257,      -3.065713741,        -3.0547243,     -0.5588975769
          0,           0,         377,      -6.036747524,       -3.26046758,      -3.074199906,      -3.064191148,     -0.5628412851
          0,           0,         378,      -6.038388998,      -3.269871302,      -3.081754155,      -3.072944004,      -0.564437167
          0,           0,         379,      -6.038394787,      -3.273505594,      -3.088342305,      -3.080882603,     -0.5641578633
          0,           0,         380,      -6.037265553,      -3.271816146,       -3.09399382,      -3.087962055,     -0.5625591923
          0,           0,         381,      -6.035518507,      -3.265806898,      -3.098802595,      -3.094199512,     -0.5602185319
          0,           0,         382,      -6.033643952,      -3.256774519,      -3.102917223,       -3.09967066,     -0.5576823214
          0,           0,         383,      -6.032078175,      -3.246040433,      -3.106524369,      -3.104498732,     -0.5554341575
          0,           0,         384,       -6.03119386,      -3.234772313,      -3.109831248,      -3.108840664,     -0.5538837746
          0,           0,         385,      -6.031299437,      -3.223909712,       -3.11304953,      -3.112872403,      -0.553366965
          0,           0,         386,      -6.032642286,      -3.214161793,        -3.1163824,      -3.116775356,      -0.554150321
          0,           0,         387,      -6.035414012,      -3.206040037,      -3.120014955,      -3.120725162,     -0.5564385543
          0,           0,         388,      -6.039757066,      -3.199901173,      -3.124108251,      -3.124883402,     -0.5603830732
          0,           0,         389,      -6.045770464,      -3.195986814,       -3.12879626,      -3.129392556,     -0.5660894509
          0,           0,         390,      -6.053512356,      -3.194456515,      -3.134184668,       -3.13437249,     -0.5736213982
          0,           0,         391,      -6.063001358,       -3.19541105,      -3.140350507,      -3.139919093,     -0.5830030132
          0,           0,         392,      -6.074213436,      -3.198908725,      -3.147342291,      -3.146103594,     -0.5942163036
          0,           0,         393,      -6.087075851,      -3.204975404,      -3.155180153,      -3.152972569,     -0.6071952635
          0,           0,         394,      -6.101458376,      -3.213609148,      -3.163856003,      -3.160548386,     -0.6218166689
          0,           0,         395,      -6.117162692,      -3.224780057,      -3.173333747,      -3.168829996,     -0.6378883259
          0,           0,         396,      -6.133911869,      -3.238425211,      -3.183549859,      -3.177794161,     -0.6551364642
          0,           0,         397,      -6.151345296,      -3.254439443,      -3.194414623,      -3.187397256,     -0.6731971387
          0,           0,         398,      -6.169011147,      -3.272657547,      -3.205813733,      -3.197576983,     -0.6916053672
          0,           0,         399,      -6.186391617,      -3.292832213,       -3.21761105,      -3.208254249,     -0.7098145062
          0,           0,         400,      -6.202927895,      -3.314605465,      -3.229650597,      -3.219333057,     -0.7272184547
          0,           0,         401,      -6.218070961,      -3.337475583,      -3.241758316,      -3.230698013,     -0.7432024423
          0,           0,         402,      -6.231337956,       -3.36076909,      -3.253743261,      -3.242209597,     -0.7572054306
          0,           0,         403,      -6.242361296,      -3.383628019,      -3.265401181,      -3.253700569,     -0.7687807781
          0,           0,         404,      -6.250921004,       -3.40503271,      -3.276524812,       -3.26497943,     -0.7776438854
          0,           0,         405,      -6.256964945,      -3.423878697,      -3.286921899,      -3.275846092,      -0.783705888
          0,           0,         406,      -6.260620727,      -3.439121013,       -3.29643616,      -3.286115231,     -0.7870922519
          0,           0,         407,      -6.262189017,      -3.449967072,       -3.30496373,      -3.295636968,     -0.7881340304
          0,           0,         408,      -6.262105925,      -3.456054959,      -3.312461326,      -3.304308812,     -0.7873211009
          0,           0,         409,      -6.260883402,      -3.457539143,      -3.318948944,      -3.312082051,     -0.7852303848
          0,           0,         410,      -6.259050041,      -3.455045257,      -3.324509155,      -3.318965488,     -0.7824552758
          0,           0,         411,      -6.257104621,      -3.449518326,      -3.329280922,      -3.325024553,     -0.7795511431
          0,           0,         412,      -6.255484679,       -3.44202973,      -3.333445871,       -3.33037298,     -0.7770001809
          0,           0,         413,      -6.254553023,      -3.433611168,      -3.337210452,      -3.335159714,     -0.7751977692
          0,           0,         414,      -6.254599804,      -3.425154681,      -3.340788901,      -3.339555045,     -0.7744562286
          0,           0,         415,      -6.255850932,      -3.417377143,      -3.344389146,      -3.343737501,     -0.7750155247
          0,           0,         416,      -6.258476095,       -3.41082608,      -3.348202154,      -3.347882381,     -0.7770536523
          0,           0,         417,      -6.262595272,      -3.405904435,      -3.352394803,      -3.352152784,     -0.7806953402
          0,           0,         418,        -6.2682838,      -3.402900187,      -3.357105889,      -3.356693339,     -0.7860189344
          0,           0,         419,      -6.275575429,      -3.402013626,       -3.36244437,      -3.361626247,     -0.7930608344
          0,           0,         420,      -6.284462675,      -3.403378974,       -3.36848893,      -3.367049273,     -0.8018168002
          0,           0,         421,      -6.294894217,      -3.407080824,      -3.375288026,      -3.373034583,     -0.8122398506
          0,           0,         422,      -6.306769052,      -3.413164205,      -3.382859994,      -3.379628561,     -0.8242344508
          0,           0,         423,      -6.319928121,      -3.421639868,      -3.391193186,       -3.38685201,     -0.8376475976
          0,           0,         424,      -6.334144539,      -3.432484567,      -3.400246019,      -3.394700728,     -0.8522577943
          0,           0,         425,      -6.349115195,      -3.445636653,       -3.40994736,      -3.403146553,     -0.8677644363
          0,           0,         426,      -6.364457327,      -3.460986741,      -3.420197482,       -3.41213894,     -0.8837810942
          0,           0,         427,      -6.379714844,      -3.478362901,      -3.430870179,      -3.421607186,     -0.8998377003
          0,           0,         428,      -6.394389639,      -3.497510732,      -3.441816925,      -3.431462891,     -0.9154065097
          0,           0,         429,      -6.407976008,      -3.518069055,      -3.452869932,      -3.441601434,     -0.9299352859
          0,           0,         430,      -6.420020946,       -3.53954419,      -3.463846495,      -3.451901105,     -0.9429081759
          0,           0,         431,       -6.43017169,      -3.561291412,      -3.474552336,      -3.462219393,     -0.9539002206
          0,           0,         432,      -6.438203129,      -3.582512501,       -3.48478699,      -3.472390025,     -0.9626162954
          0,           0,         433,      -6.444027125,      -3.602283633,      -3.494355887,      -3.482228199,     -0.9689129072
          0,           0,         434,       -6.44769639,      -3.619629186,      -3.503089708,      -3.491548688,     -0.9728114365
          0,           0,         435,      -6.449407641,      -3.633648895,      -3.510865173,      -3.500190898,     -0.9745049301
          0,           0,         436,      -6.449490415,       -3.64367996,      -3.517618924,      -3.508038481,      -0.974344536
          0,           0,         437,      -6.448369015,      -3.649440138,      -3.523351662,      -3.515027625,     -0.9727946854
          0,           0,         438,      -6.446510499,      -3.651090934,      -3.528126681,      -3.521149115,     -0.9703722893
          0,           0,         439,      -6.444381261,      -3.649195256,      -3.532065566,      -3.526448828,      -0.967594847
          0,           0,         440,      -6.442416014,      -3.644591154,      -3.535338607,      -3.531023754,     -0.9649431799
          0,           0,         441,       -6.44099727,       -3.63823163,      -3.538148929,       -3.53501147,     -0.9628378185
          0,           0,         442,       -6.44044692,       -3.63104532,       -3.54071432,      -3.538576286,     -0.9616301112
          0,           0,         443,      -6.441027189,      -3.623849463,      -3.543251173,      -3.541895617,     -0.9616041454
          0,           0,         444,      -6.442944906,      -3.617314758,      -3.545962333,       -3.54514808,     -0.9629825534
          0,           0,         445,      -6.446356661,      -3.611965401,      -3.549028887,      -3.548503934,     -0.9659333096
          0,           0,         446,       -6.45137416,       -3.60819706,       -3.55260543,      -3.552118082,     -0.9705766096
          0,           0,         447,      -6.458068728,      -3.606300936,      -3.556817876,      -3.556125462,     -0.9769906731
          0,           0,         448,       -6.46647334,      -3.606486637,      -3.561762866,      -3.560638186,     -0.9852148553
          0,           0,         449,      -6.476581877,      -3.608901373,      -3.567507838,       -3.56574417,      -0.995249689
          0,           0,         450,      -6.488346331,      -3.613644365,      -3.574091409,      -3.571506693,      -1.007054417
          0,           0,         451,      -6.501665795,      -3.620775619,      -3.581523407,      -3.577964364,      -1.020536458
          0,           0,         452,      -6.516381833,      -3.630321483,       -3.58978567,      -3.585131981,      -1.035545635
          0,           0,         453,       -6.53226689,      -3.642274724,      -3.598832159,      -3.593001442,       -1.05186137
          0,           0,         454,      -6.549014023,       -3.65658992,      -3.608589927,      -3.601543175,      -1.069180056
          0,           0,         455,       -6.56623209,      -3.673173349,      -3.618960745,      -3.610708056,      -1.087106599
          0,           0,         456,      -6.583450991,       -3.69186659,      -3.629823375,      -3.620429437,      -1.105154973
          0,           0,         457,      -6.600143019,      -3.712423371,      -3.641036039,      -3.630624429,      -1.122764775
          0,           0,         458,      -6.615763877,      -3.734480758,      -3.652438338,      -3.641193114,      -1.139339232
          0,           0,         459,      -6.629807476,        -3.7575286,      -3.663852085,      -3.652014573,      -1.154301503
          0,           0,         460,      -6.641857824,      -3.780885086,      -3.675082481,      -3.662940928,      -1.167154511
          0,           0,         461,       -6.65162267,      -3.803690511,      -3.685923534,      -3.673794815,      -1.177528115
          0,           0,         462,          -6.65895,      -3.824935865,       -3.69617131,      -3.684377558,      -1.185210562
          0,           0,         463,      -6.663839784,      -3.843545131,       -3.70564362,      -3.694489157,      -1.190171312
          0,           0,         464,      -6.666453375,      -3.858520746,      -3.714199603,      -3.703951817,      -1.192574189
          0,           0,         465,      -6.667107542,      -3.869129667,      -3.721753358,      -3.712627581,      -1.192767587
          0,           0,         466,      -6.666244551,      -3.875067967,      -3.728281345,      -3.720429114,      -1.191245477
          0,           0,         467,      -6.664382774,       -3.87653478,      -3.733825807,      -3.727327163,      -1.188586949
          0,           0,         468,      -6.662058989,      -3.874180523,      -3.738492621,      -3.733353637,      -1.185388612
          0,           0,         469,      -6.659774249,      -3.868952557,      -3.742440743,      -3.738596386,      -1.182203884
          0,           0,         470,      -6.657960163,      -3.861905382,      -3.745865314,       -3.74318717,      -1.179506408
          0,           0,         471,      -6.656970644,      -3.854045215,      -3.748979524,      -3.747287433,       -1.17768155
          0,           0,         472,      -6.657088034,      -3.846240524,      -3.751998558,       -3.75107437,      -1.177033667
          0,           0,         473,      -6.658532063,      -3.839191345,      -3.755126789,      -3.754728389,      -1.177796964
          0,           0,         474,      -6.661468329,      -3.833435684,      -3.758548695,      -3.758422917,      -1.180146131
          0,           0,         475,      -6.666015726,      -3.829373384,      -3.762423344,      -3.762316901,      -1.184205838
          0,           0,         476,      -6.672251977,      -3.827294524,      -3.766881627,      -3.766549761,      -1.190058033
          0,           0,         477,      -6.680216416,      -3.827405494,      -3.772025226,      -3.771238336,      -1.197746127
          0,           0,         478,      -6.689909582,       -3.82984999,      -3.777926459,      -3.776475293,      -1.207275618
          0,           0,         479,      -6.701289524,      -3.834724299,      -3.784628445,      -3.782328537,      -1.218611022
          0,           0,         480,      -6.714264887,      -3.842087107,      -3.792145346,      -3.788841284,       -1.23166917
          0,           0,         481,      -6.728685244,      -3.851964165,      -3.800462639,      -3.796032609,      -1.246309183
          0,           0,         482,      -6.744329789,      -3.864347888,      -3.809537575,      -3.803898482,      -1.262320065
          0,           0,         483,      -6.760896663,      -3.879191551,      -3.819300102,      -3.812413332,      -1.279407847
          0,           0,         484,      -6.777996875,      -3.896397253,      -3.829654597,      -3.821532148,      -1.297185965
          0,           0,         485,      -6.795158409,      -3.915796576,        -3.8404824,      -3.831192777,      -1.315174447
          0,           0,         486,      -6.811846935,      -3.937123206,      -3.851644762,      -3.841317468,      -1.332814933
          0,           0,         487,      -6.827506347,      -3.959978306,      -3.862985202,      -3.851812079,       -1.34950663
          0,           0,         488,      -6.841613508,      -3.983792852,      -3.874330529,      -3.862561691,      -1.364660513
          0,           0,         489,      -6.853733745,      -4.007796617,      -3.885491804,      -3.873424012,      -1.377760782
          0,           0,         490,      -6.863563913,      -4.031010717,      -3.896269475,      -3.884226639,      -1.388420327
          0,           0,         491,      -6.870953865,      -4.052286239,      -3.906466362,      -3.894775748,      -1.396418274
          0,           0,         492,      -6.875925716,      -4.070415023,      -3.915907412,      -3.904876825,      -1.401732154
          0,           0,         493,      -6.878675306,       -4.08431996,       -3.92445876,      -3.914358018,      -1.404546148
          0,           0,         494,      -6.879548972,      -4.093283413,      -3.932039925,      -3.923086022,      -1.405226572
          0,           0,         495,      -6.878996071,      -4.097124127,      -3.938629802,      -3.930974819,      -1.404266584
          0,           0,         496,      -6.877515742,      -4.096239197,      -3.944270123,        -3.9379929,      -1.402221883
          0,           0,         497,      -6.875610945,      -4.091493528,      -3.949064586,      -3.944167811,      -1.399653951
          0,           0,         498,      -6.873751187,      -4.084011238,      -3.953169395,      -3.949582668,      -1.397085045
          0,           0,         499,      -6.872348368,      -4.074958124,      -3.956776704,      -3.954365149,      -1.394970334
          0,           0,         500,      -6.871748967,      -4.065386726,      -3.960096604,      -3.958673707,       -1.39368949
          0,           0,         501,      -6.872235854,       -4.05616389,      -3.963341279,      -3.962683638,      -1.393549549
          0,           0,         502,      -6.874032879,      -4.047960029,      -3.966712421,      -3.966574251,      -1.394791282
          0,           0,         503,      -6.877310497,       -4.04127124,      -3.970392247,      -3.970518283,      -1.397596776
          0,           0,         504,      -6.882192696,      -4.036453134,      -3.974538043,      -3.974674162,      -1.402098126
          0,           0,         505,      -6.888758606,       -4.03375374,      -3.979279104,      -3.979180566,      -1.408380872
          0,           0,         506,       -6.89704905,      -4.033341688,      -3.984715915,      -3.984153509,      -1.416491463
          0,           0,         507,      -6.907064432,      -4.035327771,      -3.990919686,      -3.989684623,      -1.426436113
          0,           0,         508,      -6.918760539,      -4.039779301,        -3.9979324,      -3.995840421,      -1.438177093
          0,           0,         509,      -6.932041304,      -4.046729017,      -4.005766826,      -4.002662197,      -1.451625489
          0,           0,         510,      -6.946749154,      -4.056178958,      -4.014406547,      -4.010166408,      -1.466630885
          0,           0,         511,      -6.962654036,      -4.068099585,      -4.023806165,      -4.018345487,      -1.482968897
          0,           0,         512,      -6.979443547,      -4.082424007,      -4.033891983,      -4.027169201,      -1.500328739
          0,           0,         513,      -6.996718046,      -4.099036728,      -4.044563492,      -4.036586561,      -1.518304586
          0,           0,         514,      -7.013996235,       -4.11775613,       -4.05569579,      -4.046528041,      -1.536396466
          0,           0,         515,      -7.030737333,      -4.138310312,      -4.067142613,      -4.056907371,      -1.554027826
          0,           0,         516,      -7.046383043,      -4.160307424,      -4.078739173,       -4.06762158,      -1.570584978
          0,           0,         517,      -7.060413707,      -4.183204664,       -4.09030408,      -4.078548044,      -1.585475452
          0,           0,         518,      -7.072402903,      -4.206284436,      -4.101641281,      -4.089539299,      -1.598191198
          0,           0,         519,      -7.082055193,      -4.228651164,       -4.11254565,      -4.100420542,      -1.608360308
          0,           0,         520,      -7.089226106,      -4.249266941,      -4.122816171,      -4.110997106,      -1.615782105
          0,           0,         521,      -7.093935304,      -4.267045102,      -4.132276067,      -4.121074297,      -1.620451264
          0,           0,         522,      -7.096374175,      -4.281008482,      -4.140793148,      -4.130481744,      -1.622568533
          0,           0,         523,      -7.096893487,      -4.290481953,      -4.148292975,      -4.139091396,      -1.622523377
          0,           0,         524,      -7.095961035,      -4.295248702,      -4.154763925,      -4.146826476,      -1.620841223
          0,           0,         525,      -7.094102436,      -4.295600311,      -4.160258077,      -4.153666386,      -1.618112378
          0,           0,         526,      -7.091844616,      -4.292259724,      -4.164888322,      -4.159648854,      -1.614925385
          0,           0,         527,      -7.089671314,      -4.286213787,      -4.168818504,      -4.164865486,      -1.611816138
          0,           0,         528,      -7.087996294,      -4.278524238,      -4.172246993,      -4.169450397,       -1.60923878
          0,           0,         529,      -7.087156858,      -4.270180634,      -4.175388524,      -4.173566151,      -1.607559721
          0,           0,         530,      -7.087420002,      -4.262021405,      -4.178458246,      -4.177390058,      -1.607065583
          0,           0,         531,      -7.088991223,      -4.254712123,       -4.18165925,      -4.181101861,       -1.60797424
          0,           0,         532,      -7.092022366,      -4.248757489,      -4.185173795,      -4.184873626,      -1.610444938
          0,           0,         533,      -7.096618294,      -4.244527655,      -4.189158013,      -4.188862276,      -1.614587001
          0,           0,         534,      -7.102841831,      -4.242287056,      -4.193739331,      -4.193204622,      -1.620466445
          0,           0,         535,      -7.110716095,      -4.242219909,      -4.199015606,      -4.198014411,      -1.628109585
          0,           0,         536,        -7.1202238,      -4.244450219,      -4.205055101,      -4.203380845,      -1.637503192
          0,           0,         537,      -7.131303308,      -4.249056012,      -4.211896735,      -4.209368053,      -1.648590994
          0,           0,         538,      -7.143841703,      -4.256078173,      -4.219550314,      -4.216015157,      -1.661266711
          0,           0,         539,      -7.157665496,      -4.265524302,      -4.227996719,      -4.223336735,      -1.675364124
          0,           0,         540,      -7.172530522,      -4.277367792,      -4.237188182,      -4.231323648,       -1.69064554
          0,           0,         541,      -7.188113877,      -4.291542012,      -4.247048931,       -4.23994434,      -1.706791232
          0,           0,         542,        -7.2040124,      -4.307929132,        -4.2574766,      -4.249146641,      -1.723394241
          0,           0,         543,      -7.219753658,      -4.326343123,        -4.2683446,      -4.258859873,      -1.739966708
          0,           0,         544,      -7.234824491,      -4.346506915,      -4.279505142,      -4.268996506,      -1.755963869
          0,           0,         545,        -7.2487171,      -4.368025217,      -4.290792097,       -4.27945194,       -1.77082768
          0,           0,         546,      -7.260982602,      -4.390357283,      -4.302022964,      -4.290101167,      -1.784042522
          0,           0,         547,      -7.271275571,      -4.412797902,      -4.313001103,      -4.300793516,      -1.795187765
          0,           0,         548,      -7.279379872,      -4.434479358,      -4.323522218,      -4.311351214,      -1.803975941
          0,           0,         549,      -7.285220521,      -4.454410737,       -4.33338874,      -4.321579045,      -1.810277446
          0,           0,         550,      -7.288871079,      -4.471570833,      -4.342430397,      -4.331285826,      -1.814137071
          0,           0,         551,      -7.290554599,      -4.485057569,      -4.350523735,      -4.340308476,      -1.815777891
          0,           0,         552,      -7.290624569,       -4.49426325,      -4.357604127,      -4.348528291,      -1.815578909
          0,           0,         553,      -7.289522277,      -4.499011503,      -4.363670227,      -4.355878541,       -1.81402481
          0,           0,         554,      -7.287726996,       -4.49959644,       -4.36878446,      -4.362348727,      -1.811646813
          0,           0,         555,      -7.285713563,      -4.496708762,      -4.373069139,      -4.367985901,      -1.808971678
          0,           0,         556,      -7.283919841,      -4.491282093,      -4.376695295,      -4.372889206,      -1.806483295
          0,           0,         557,      -7.282726745,      -4.484320865,      -4.379865562,      -4.377198066,      -1.804600098
          0,           0,         558,      -7.282452649,      -4.476766226,      -4.382796104,      -4.381078165,      -1.803669283
          0,           0,         559,      -7.283356015,      -4.469422568,      -4.385701111,      -4.384707864,      -1.803970513
          0,           0,         560,      -7.285640179,      -4.462935329,      -4.388780956,       -4.38826618,      -1.805722319
          0,           0,         561,      -7.289458809,      -4.457800002,      -4.392214144,      -4.391923177,      -1.809089251
          0,           0,         562,      -7.294921373,      -4.454385205,      -4.396152649,      -4.395832994,      -1.814188929
          0,           0,         563,      -7.302097338,      -4.452958849,      -4.400719708,      -4.400129233,      -1.821097581
          0,           0,         564,      -7.311017861,      -4.453711704,      -4.406009081,      -4.404922229,      -1.829852811
          0,           0,         565,      -7.321674326,      -4.456776124,      -4.412084987,      -4.410297664,      -1.840452924
          0,           0,         566,      -7.334013624,      -4.462239485,       -4.41898227,      -4.416316092,      -1.852852617
          0,           0,         567,      -7.347930411,      -4.470152615,      -4.426706546,      -4.423013077,      -1.866955199
          0,           0,         568,      -7.363257043,      -4.480533432,      -4.435234472,      -4.430399844,      -1.882601812
          0,           0,         569,      -7.379752411,        -4.4933658,      -4.444514323,      -4.438464449,      -1.899558696
          0,           0,         570,      -7.397092043,      -4.508593144,      -4.454467152,      -4.447173513,      -1.917504576
          0,           0,         571,      -7.414863346,      -4.526105935,      -4.464988766,      -4.456474433,       -1.93602189
          0,           0,         572,      -7.432571719,      -4.545721997,      -4.475952406,      -4.466297606,      -1.954597839
          0,           0,         573,      -7.449664327,      -4.567159248,      -4.487211568,      -4.476557637,      -1.972643094
          0,           0,         574,       -7.46557464,      -4.590002438,      -4.498602002,      -4.487152025,      -1.989533489
          0,           0,         575,      -7.479780424,      -4.613669147,      -4.509942619,      -4.497956419,      -2.004670334
          0,           0,         576,      -7.491858022,      -4.637384956,      -4.521037257,      -4.508818566,      -2.017544104
          0,           0,         577,      -7.501518331,      -4.660183496,      -4.531681696,      -4.519557501,      -2.027785526
          0,           0,         578,      -7.508627055,      -4.680952436,      -4.541678853,      -4.529974821,      -2.035201848
          0,           0,         579,      -7.513219701,       -4.69854683,      -4.550859192,      -4.539876821,      -2.039802916
          0,           0,         580,       -7.51550804,      -4.711972083,      -4.559098916,      -4.549097238,       -2.04181035
          0,           0,         581,      -7.515862499,      -4.720593529,      -4.566330944,       -4.55751227,      -2.041634393
          0,           0,         582,      -7.514767463,      -4.724290298,      -4.572550375,      -4.565049504,      -2.039818347
          0,           0,         583,      -7.512763537,      -4.723482746,      -4.577816937,      -4.571694811,      -2.036968517
          0,           0,         584,      -7.510389716,      -4.719021406,      -4.582251586,      -4.577494374,      -2.033686081
          0,           0,         585,      -7.508135868,        -4.7119891,      -4.586024371,       -4.58254797,      -2.030513396
          0,           0,         586,      -7.506417446,       -4.70349972,      -4.589336778,      -4.586996134,      -2.027906613
          0,           0,         587,      -7.505572408,      -4.694557777,      -4.592403884,      -4.591005844,       -2.02623309
          0,           0,         588,      -7.505868374,      -4.685993184,        -4.5954391,      -4.594756735,      -2.025780257
          0,           0,         589,      -7.507511302,      -4.678451532,      -4.598642333,      -4.598428917,      -2.026766548
          0,           0,         590,      -7.510653641,      -4.672414135,      -4.602191891,      -4.602193309,      -2.029351887
          0,           0,         591,       -7.51540144,       -4.66822891,      -4.606239773,      -4.606204711,      -2.033646884
          0,           0,         592,      -7.521819351,      -4.666141291,      -4.610909488,      -4.610597299,      -2.039719562
          0,           0,         593,      -7.529932774,      -4.666320324,      -4.616295352,      -4.615482031,      -2.047598803
          0,           0,         594,      -7.539726826,      -4.668878518,      -4.622462518,      -4.620945415,      -2.057274195
          0,           0,         595,      -7.551142003,      -4.673885575,      -4.629447215,      -4.627049146,      -2.068692148
          0,           0,         596,       -7.56406682,        -4.6813766,      -4.637256986,      -4.633830287,      -2.081748513
          0,           0,         597,      -7.578328076,      -4.691355233,      -4.645870912,      -4.641301857,      -2.096278211
          0,           0,         598,      -7.593680207,      -4.703791898,      -4.655239969,      -4.649453786,      -2.112043139
          0,           0,         599,      -7.609796649,      -4.718616875,      -4.665287831,      -4.658254355,      -2.128720972
          0,           0,         600,        -7.6262677,      -4.735707625,        -4.6759124,      -4.667652078,      -2.145899212
          0,           0,         601,       -7.64261081,      -4.754869644,      -4.686988166,      -4.677577708,      -2.163080606
          0,           0,         602,       -7.65829857,      -4.775810707,       -4.69836898,       -4.68794546,      -2.179706241
          0,           0,         603,      -7.672804491,      -4.798110061,      -4.709890316,      -4.698651945,      -2.195198532
          0,           0,         604,      -7.685657417,      -4.821187403,        -4.7213706,      -4.709571892,      -2.209017556
          0,           0,         605,      -7.696489128,      -4.844281304,      -4.732613156,      -4.720552564,      -2.220716833
          0,           0,         606,       -7.70506549,      -4.866452335,      -4.743413068,      -4.731413136,      -2.229987464
          0,           0,         607,      -7.711303818,      -4.886630624,      -4.753572152,       -4.74195577,      -2.236689348
          0,           0,         608,        -7.7152825,      -4.903726384,      -4.762919593,       -4.75198767,      -2.240870903
          0,           0,         609,      -7.717238477,      -4.916803145,      -4.771330831,      -4.761344228,      -2.242769855
          0,           0,         610,      -7.717540752,      -4.925271996,      -4.778738886,      -4.769904029,      -2.242783125
          0,           0,         611,      -7.716642523,       -4.92903039,      -4.785139107,      -4.777596489,      -2.241410511
          0,           0,         612,      -7.715030935,      -4.928482952,      -4.790590601,      -4.784407224,      -2.239194176
          0,           0,         613,      -7.713185872,      -4.924437497,       -4.79521285,      -4.790380079,      -2.236668294
          0,           0,         614,       -7.71154817,      -4.917923766,      -4.799174387,      -4.795611666,      -2.234321209
          0,           0,         615,      -7.710500206,      -4.910007172,      -4.802675523,      -4.800239469,      -2.232573537
          0,           0,         616,      -7.710360958,      -4.901655423,      -4.805930395,      -4.804427904,      -2.231773252
          0,           0,         617,      -7.711389091,      -4.893674154,      -4.809151609,      -4.808354683,      -2.232200039
          0,           0,         618,      -7.713787816,      -4.886695108,      -4.812538375,      -4.812198584,      -2.234071916
          0,           0,         619,       -7.71771031,      -4.881193292,      -4.816268345,      -4.816129577,      -2.237552468
          0,           0,         620,      -7.723265098,      -4.877515141,      -4.820492777,      -4.820301669,       -2.24275789
          0,           0,         621,       -7.73051999,      -4.875907337,      -4.825334201,      -4.824848183,      -2.249762295
          0,           0,         622,      -7.739503604,      -4.876541433,      -4.830885565,      -4.829878972,       -2.25860033
          0,           0,         623,      -7.750203538,      -4.879532717,      -4.837210066,      -4.835478966,      -2.269266083
          0,           0,         624,      -7.762561286,      -4.884953295,       -4.84434117,      -4.841707615,      -2.281708354
          0,           0,         625,      -7.776464096,      -4.892839897,      -4.852282654,      -4.848598942,      -2.295822343
          0,           0,         626,      -7.791734479,      -4.903196792,      -4.861008707,       -4.85616206,      -2.311438319
          0,           0,         627,      -7.808119062,      -4.915993916,      -4.870464353,      -4.864382239,      -2.328308688
          0,           0,         628,       -7.82527934,      -4.931159814,      -4.880566518,      -4.873222576,      -2.346095806
          0,           0,         629,      -7.842788613,      -4.948568629,      -4.891206017,      -4.882626228,      -2.364364737
          0,           0,         630,      -7.860141231,      -4.968020269,      -4.902250457,      -4.892518802,      -2.382587469
          0,           0,         631,      -7.876780305,       -4.98921361,      -4.913547506,      -4.902809897,      -2.400166037
          0,           0,         632,      -7.892145774,      -5.011714689,      -4.924927571,      -4.913392291,      -2.416478811
          0,           0,         633,       -7.90573367,      -5.034925434,      -4.936205463,      -4.924137802,      -2.430943524
          0,           0,         634,      -7.917148013,      -5.058063246,      -4.947182903,      -4.934891811,      -2.443079819
          0,           0,         635,      -7.926132418,      -5.080166908,      -4.957656227,      -4.945472994,       -2.45255623
          0,           0,         636,      -7.932586464,      -5.100148804,      -4.967432245,       -4.95568521,      -2.459221626
          0,           0,         637,      -7.936578026,      -5.116912215,      -4.976349187,      -4.965340286,      -2.463126903
          0,           0,         638,      -7.938347501,      -5.129531509,      -4.984294804,      -4.974281083,      -2.464530018
          0,           0,         639,       -7.93828697,      -5.137448992,      -4.991216278,      -4.982395933,        -2.4638682
          0,           0,         640,      -7.936891859,      -5.140608751,      -4.997123812,      -4.989625994,      -2.461698203
          0,           0,         641,      -7.934701415,        -5.1394664,      -5.002091149,      -4.995970297,      -2.458624816
          0,           0,         642,      -7.932243042,      -5.134872309,      -5.006250821,      -5.001486409,       -2.45523576
          0,           0,         643,      -7.929989666,      -5.127881433,      -5.009781409,      -5.006283026,      -2.452053758
          0,           0,         644,      -7.928338544,      -5.119566157,      -5.012889688,      -5.010506844,       -2.44951395
          0,           0,         645,      -7.927610261,      -5.110888198,      -5.015792903,      -5.014328233,        -2.4479638
          0,           0,         646,      -7.928056739,      -5.102640573,      -5.018703983,      -5.017927793,      -2.447673028
          0,           0,         647,      -7.929869858,      -5.095440366,      -5.021820352,      -5.021484653,      -2.448844534
          0,           0,         648,      -7.933189452,       -5.08974841,      -5.025316505,       -5.02516734,       -2.45162466
          0,           0,         649,       -7.93810997,      -5.085898578,       -5.02933985,      -5.029127291,      -2.456111834
          0,           0,         650,       -7.94468487,      -5.084126861,        -5.0340089,      -5.033494708,       -2.46236259
          0,           0,         651,      -7.952928383,      -5.084595853,       -5.03941284,      -5.038376249,      -2.470394503
          0,           0,         652,      -7.962813911,      -5.087413318,      -5.045611694,      -5.043853983,      -2.480185374
          0,           0,         653,      -7.974269407,      -5.092644969,      -5.052636647,      -5.049985167,      -2.491668951
          0,           0,         654,      -7.987169755,      -5.100321939,      -5.060490316,      -5.056802506,       -2.50472716
          0,           0,         655,      -8.001327221,      -5.110443374,       -5.06914699,      -5.064314783,      -2.519179781
          0,           0,         656,      -8.016481533,      -5.122974251,      -5.078553014,      -5.072507842,      -2.534772876
          0,           0,         657,      -8.032292867,      -5.137838173,      -5.088627607,      -5.081346009,      -2.551169053
          0,           0,         658,       -8.04834246,      -5.154904632,      -5.099264424,      -5.090773937,      -2.567944163
          0,           0,         659,      -8.064146761,      -5.173970198,      -5.110333899,      -5.100718496,      -2.584596687
          0,           0,         660,      -8.079189363,      -5.194733819,      -5.121685947,      -5.111089761,      -2.600575311
          0,           0,         661,      -8.092968832,      -5.216768143,      -5.133152117,      -5.121779632,      -2.615324972
          0,           0,         662,      -8.105050834,      -5.239491996,      -5.144546913,      -5.132657391,       -2.62834221
          0,           0,         663,      -8.115109493,      -5.262153527,      -5.155670339,      -5.143564576,      -2.639225514
          0,           0,         664,      -8.122951323,      -5.283838223,      -5.166315976,      -5.154315815,      -2.647712052
          0,           0,         665,      -8.128527699,      -5.303519511,      -5.176287172,      -5.164711731,      -2.653702674
          0,           0,         666,      -8.131942205,       -5.32016746,      -5.185418014,      -5.174561888,      -2.657277477
          0,           0,         667,       -8.13344722,      -5.332912458,      -5.193591577,      -5.183707408,      -2.658694153
          0,           0,         668,      -8.133417625,      -5.341222967,       -5.20075042,       -5.19203503,       -2.65835736
          0,           0,         669,      -8.132304974,      -5.345028093,      -5.206900717,      -5.199484197,       -2.65676465
          0,           0,         670,       -8.13058941,       -5.34473118,      -5.212112745,       -5.20605163,      -2.654448908
          0,           0,         671,      -8.128739964,      -5.341110383,      -5.216515967,      -5.211791847,      -2.651930428
          0,           0,         672,      -8.127184024,      -5.335149782,      -5.220286339,      -5.216810205,      -2.649681162
          0,           0,         673,      -8.126290408,      -5.327867108,      -5.223628608,      -5.221250391,      -2.648105742
          0,           0,         674,      -8.126365916,       -5.32019033,      -5.226758564,      -5.225280415,       -2.64753821
          0,           0,         675,      -8.127658786,      -5.312897074,       -5.22988814,      -5.229079178,        -2.6482467
          0,           0,         676,      -8.130363506,      -5.306602136,      -5.233214124,      -5.232824684,      -2.650439913
          0,           0,         677,      -8.134626225,      -5.301772146,      -5.236910595,      -5.236684711,      -2.654274238
          0,           0,         678,      -8.140549815,      -5.298751089,      -5.241124588,      -5.240810154,       -2.65986035
          0,           0,         679,      -8.148197594,      -5.297786965,      -5.245974105,      -5.245330687,      -2.667268239
          0,           0,         680,      -8.157594273,      -5.299054835,      -5.251547428,      -5.250352234,      -2.676529179
          0,           0,         681,      -8.168723696,      -5.302674629,      -5.257903029,      -5.255955705,      -2.687634191
          0,           0,         682,      -8.181523171,      -5.308723539,      -5.265069617,      -5.262196571,      -2.700528676
          0,           0,         683,      -8.195875157,      -5.317243334,      -5.273046278,      -5.269105074,       -2.71510393
          0,           0,         684,      -8.211596407,      -5.328242841,      -5.281802696,      -5.276686934,      -2.731185375
          0,           0,         685,      -8.228426705,      -5.341695488,      -5.291279853,      -5.284924661,      -2.748519458
          0,           0,         686,      -8.246019335,      -5.357531329,      -5.301391393,       -5.29377947,      -2.766761028
          0,           0,         687,      -8.263937984,      -5.375622532,      -5.312025932,      -5.303193705,      -2.785465864
          0,           0,         688,      -8.281666093,      -5.395761326,      -5.323050096,      -5.313093153,      -2.804094733
          0,           0,         689,      -8.298635409,      -5.417630257,      -5.334311578,      -5.323388086,      -2.822037073
          0,           0,         690,      -8.314275503,      -5.440767196,      -5.345641229,      -5.333971439,      -2.838658588
          0,           0,         691,      -8.328074412,      -5.464531562,      -5.356854146,      -5.344713554,       -2.85336592
          0,           0,         692,      -8.339631262,       -5.48808369,      -5.367752345,      -5.355456544,      -2.865670626
          0,           0,         693,      -8.348689106,      -5.510395178,       -5.37813361,      -5.366015665,      -2.875238352
          0,           0,         694,      -8.355153705,      -5.530313132,      -5.387808487,      -5.376193665,      -2.881923382
          0,           0,         695,      -8.359107601,      -5.546697839,       -5.39662098,      -5.385804408,      -2.885792176
          0,           0,         696,      -8.360811316,      -5.558625243,      -5.404465019,      -5.394694314,      -2.887124987
          0,           0,         697,      -8.360676476,      -5.565594696,      -5.411293113,      -5.402755078,      -2.886381285
          0,           0,         698,      -8.359213727,      -5.567653118,      -5.417120369,      -5.409931367,      -2.884135577
          0,           0,         699,      -8.356972763,      -5.565377507,      -5.422025691,      -5.416226827,      -2.881004903
          0,           0,         700,      -8.354486137,      -5.559725956,      -5.426146304,      -5.421704165,      -2.877583067
          0,           0,         701,      -8.352227461,      -5.551825331,      -5.429663817,      -5.426476525,      -2.874393764
          0,           0,         702,      -8.350592422,      -5.542780192,      -5.432785968,       -5.43069381,      -2.871870479
          0,           0,         703,      -8.349899731,      -5.533554157,      -5.435729295,      -5.434528326,      -2.870358479
          0,           0,         704,      -8.350399334,      -5.524924445,       -5.43870479,      -5.438161319,      -2.870125081
          0,           0,         705,      -8.352281021,      -5.517484736,      -5.441907139,      -5.441771425,      -2.871370651
          0,           0,         706,      -8.355682516,      -5.511671207,      -5.445507692,      -5.445525794,      -2.874239043
          0,           0,         707,      -8.360696232,      -5.507795111,      -5.449650628,      -5.449573897,      -2.878826374
          0,           0,         708,      -8.367373555,      -5.506073118,      -5.454451328,      -5.454043637,       -2.88518694
          0,           0,         709,      -8.375726377,      -5.506651937,      -5.459996018,      -5.459039246,      -2.893335911
          0,           0,         710,      -8.385725401,       -5.50962649,      -5.466341962,      -5.464640382,      -2.903248395
          0,           0,         711,      -8.397295044,      -5.515052074,      -5.473517748,      -5.470901971,      -2.914854624
          0,           0,         712,      -8.410305797,      -5.522951156,      -5.481523566,      -5.477854533,       -2.92803213
          0,           0,         713,       -8.42456444,      -5.533315255,       -5.49033143,      -5.485504825,      -2.942595081
          0,           0,         714,      -8.439804362,      -5.546102031,      -5.499885573,      -5.493836873,      -2.958282901
          0,           0,         715,      -8.455678742,      -5.561227295,      -5.510103275,      -5.502813387,      -2.974750605
          0,           0,         716,      -8.471762254,      -5.578551408,      -5.520876455,      -5.512377607,      -2.991566485
          0,           0,         717,        -8.4875663,      -5.597859583,      -5.532074001,      -5.522455081,      -3.008222591
          0,           0,         718,      -8.502572473,       -5.61883631,      -5.543544384,      -5.532954455,      -3.024163967
          0,           0,         719,       -8.51628102,      -5.641036097,      -5.555117708,      -5.543765788,      -3.038835691
          0,           0,         720,      -8.528262642,       -5.66385606,      -5.566606995,      -5.554755903,      -3.051738368
          0,           0,         721,      -8.538199192,      -5.686520495,      -5.577811043,      -5.565763594,      -3.062478251
          0,           0,         722,      -8.545907727,      -5.708092481,      -5.588523186,      -5.576601396,      -3.070804252
          0,           0,         723,      -8.551353238,      -5.727530746,       -5.59854808,      -5.587069534,       -3.07663304
          0,           0,         724,      -8.554655398,      -5.743806512,      -5.607722781,      -5.596979237,      -3.080063663
          0,           0,         725,      -8.556082289,      -5.756073568,      -5.615934517,       -5.60617478,      -3.081372398
          0,           0,         726,      -8.556020006,      -5.763845436,       -5.62313049,      -5.614546723,      -3.080977516
          0,           0,         727,      -8.554924311,      -5.767108346,      -5.629321529,       -5.62203851,      -3.079382327
          0,           0,         728,      -8.553273755,      -5.766320325,      -5.634582242,      -5.628650841,      -3.077118703
          0,           0,         729,      -8.551531978,      -5.762299314,      -5.639045609,      -5.634441741,      -3.074701351
          0,           0,         730,      -8.550119134,      -5.756048756,      -5.642889834,      -5.639519214,      -3.072594299
          0,           0,         731,      -8.549396394,      -5.748587335,      -5.646320532,      -5.644028567,      -3.071193666
          0,           0,         732,      -8.549663411,      -5.740831805,      -5.649553145,      -5.648138468,      -3.070825487
          0,           0,         733,      -8.551161876,      -5.733542904,      -5.652798319,      -5.652027612,      -3.071750628
          0,           0,         734,      -8.554080712,      -5.727317541,       -5.65625091,      -5.655873128,      -3.074171667
          0,           0,         735,       -8.55856073,      -5.722606014,      -5.660082603,      -5.659841318,      -3.078239275
          0,           0,         736,      -8.564700166,       -5.71973846,      -5.664437821,      -5.664081223,      -3.084059262
          0,           0,         737,      -8.572557676,      -5.718951582,       -5.66943177,      -5.668720355,      -3.091696846
          0,           0,         738,      -8.582152704,      -5.720411238,      -5.675149797,      -5.673862227,      -3.101178002
          0,           0,         739,      -8.593463108,      -5.724229655,      -5.681647292,      -5.679585169,      -3.112487753
          0,           0,         740,      -8.606418919,      -5.730477218,      -5.688949708,      -5.685941899,      -3.125564151
          0,           0,         741,      -8.620893495,      -5.739189154,      -5.697052603,      -5.692959712,      -3.140289148
          0,           0,         742,      -8.636692642,      -5.750367403,      -5.705921879,      -5.700641208,      -3.156476664
          0,           0,         743,      -8.653543317,       -5.76397753,      -5.715494433,       -5.70896559,      -3.173859245
          0,           0,         744,      -8.671084829,      -5.779940141,      -5.725679597,      -5.717890615,      -3.192075929
          0,           0,         745,       -8.68886765,      -5.798115768,      -5.736361561,      -5.727355091,      -3.210666557
          0,           0,         746,      -8.706365516,      -5.818282366,      -5.747402595,      -5.737281229,      -3.229078538
          0,           0,         747,      -8.723007909,      -5.840105618,      -5.758646287,      -5.747575703,      -3.246694934
          0,           0,         748,      -8.738232699,      -5.863104877,      -5.769919871,      -5.758127788,      -3.262886068
          0,           0,         749,       -8.75154706,      -5.886621852,      -5.781035629,      -5.768804149,      -3.277075939
          0,           0,         750,      -8.762576821,      -5.909804254,      -5.791794245,      -5.779443676,      -3.288803903
          0,           0,         751,      -8.771094819,      -5.931622264,      -5.801994625,       -5.78986004,       -3.29776971
          0,           0,         752,      -8.777036491,      -5.950939846,      -5.811451766,      -5.799857431,      -3.303863888
          0,           0,         753,      -8.780512127,      -5.966657583,       -5.82001746,      -5.809254688,      -3.307187762
          0,           0,         754,      -8.781805607,      -5.977913289,      -5.827595966,      -5.817906164,      -3.308051021
          0,           0,         755,      -8.781344547,      -5.984277526,      -5.834151529,      -5.825713393,      -3.306933028
          0,           0,         756,      -8.779647193,      -5.985859039,      -5.839711477,      -5.832632034,      -3.304417306
          0,           0,         757,      -8.777262226,      -5.983271634,      -5.844366222,      -5.838676858,      -3.301119308
          0,           0,         758,      -8.774714207,      -5.977479821,      -5.848262515,      -5.843920532,      -3.297623049
          0,           0,         759,      -8.772464357,      -5.969592231,      -5.851588552,       -5.84848394,      -3.294437614
          0,           0,         760,      -8.770895037,      -5.960682258,      -5.854555625,      -5.852522186,      -3.291981034
          0,           0,         761,      -8.770312493,      -5.951680131,      -5.857381079,      -5.856210282,      -3.290584281
          0,           0,         762,      -8.770955249,      -5.943333749,      -5.860274488,      -5.859729964,      -3.290501861
          0,           0,         763,      -8.773003176,      -5.936213818,      -5.863427582,      -5.863258669,      -3.291923239
          0,           0,         764,      -8.776585114,      -5.930739801,      -5.867007784,      -5.866961112,      -3.294982753
          0,           0,         765,      -8.781785288,      -5.927211393,      -5.871154888,      -5.870983544,      -3.299768042
          0,           0,         766,      -8.788647902,      -5.925837562,      -5.875979749,      -5.875450279,      -3.306326085
          0,           0,         767,      -8.797177249,      -5.926759896,      -5.881564062,      -5.880461714,      -3.314664517
          0,           0,         768,      -8.807336186,      -5.930069837,      -5.887960661,      -5.886093696,      -3.324750713
          0,           0,         769,      -8.819040363,      -5.935820054,      -5.895193859,      -5.892397394,      -3.336506286
          0,           0,         770,      -8.832150723,      -5.944030581,      -5.903259744,      -5.899399793,      -3.349799245
          0,           0,         771,      -8.846463616,      -5.954690212,      -5.912126438,       -5.90710434,      -3.364433228
          0,           0,         772,      -8.861701478,       -5.96775304,      -5.921734521,      -5.915492047,      -3.380136242
          0,           0,         773,      -8.877507187,      -5.983129973,      -5.931997994,       -5.92452296,      -3.396552114
          0,           0,         774,      -8.893447873,      -6.000674579,      -5.942805917,       -5.93413799,      -3.413240127
          0,           0,         775,      -8.909032827,      -6.020162912,      -5.954024752,      -5.944260583,      -3.429688216
          0,           0,         776,      -8.923749219,      -6.041267744,      -5.965500824,      -5.954797117,      -3.445344834
          0,           0,         777,      -8.937111332,      -6.063529661,      -5.977062098,      -5.965634737,      -3.459667326
          0,           0,         778,      -8.948710381,      -6.086331058,      -5.988519371,      -5.976636309,      -3.472176266
          0,           0,         779,      -8.958251498,      -6.108883511,      -5.999669642,      -5.987636124,      -3.482502357
          0,           0,         780,      -8.965574695,      -6.130243718,      -6.010305997,      -5.998443226,      -3.490420209
          0,           0,         781,      -8.970666495,      -6.149375812,      -6.020235367,       -6.00885709,      -3.495871738
          0,           0,         782,      -8.973665348,      -6.165273117,      -6.029299544,      -6.018691401,      -3.498978349
          0,           0,         783,      -8.974853726,       -6.17712888,      -6.037392099,        -6.0277951,      -3.500033405
          0,           0,         784,      -8.974625569,      -6.184506925,       -6.04446726,      -6.036064562,      -3.499464405
          0,           0,         785,      -8.973438267,      -6.187442793,      -6.050543341,      -6.043449913,      -3.497776307
          0,           0,         786,      -8.971767692,      -6.186431186,      -6.055702428,      -6.049959153,      -3.495497361
          0,           0,         787,      -8.970071453,      -6.182307486,      -6.060083859,      -6.055657209,      -3.493134769
          0,           0,         788,      -8.968760847,      -6.176073426,      -6.063870108,      -6.060657517,      -3.491142178
          0,           0,         789,      -8.968188527,       -6.16873293,      -6.067268828,      -6.065109101,      -3.489905859
          0,           0,         790,      -8.968646255,      -6.161182676,       -6.07049551,      -6.069182555,      -3.489742997
          0,           0,         791,      -8.970368573,        -6.1541636,       -6.07375926,      -6.073056885,      -3.490906679
          0,           0,         792,      -8.973538734,      -6.148255954,      -6.077252371,      -6.076908272,      -3.493593446
          0,           0,         793,       -8.97829266,      -6.143897267,      -6.081143277,      -6.080901074,      -3.497948966
          0,           0,         794,      -8.984724555,      -6.141408612,      -6.085572817,      -6.085181787,       -3.50407508
          0,           0,         795,      -8.992889537,      -6.141020592,      -6.090652488,      -6.089874967,        -3.5120337
          0,           0,         796,      -9.002803758,      -6.142895202,      -6.096463865,      -6.095080987,      -3.521847818
          0,           0,         797,      -9.014441734,      -6.147142405,      -6.103058552,      -6.100874966,      -3.533499504
          0,           0,         798,      -9.027729015,      -6.153831208,      -6.110458099,      -6.107306368,      -3.546922777
          0,           0,         799,      -9.042533438,       -6.16299591,      -6.118654195,      -6.114399317,      -3.561994464
          0,           0,         800,      -9.058654158,      -6.174637297,      -6.127608918,       -6.12215348,      -3.578522114
          0,           0,         801,      -9.075810711,      -6.188718978,      -6.137255633,      -6.130545523,      -3.596230929
          0,           0,         802,      -9.093632987,      -6.205157765,      -6.147500523,      -6.139531167,      -3.614750218
          0,           0,         803,      -9.111661204,      -6.223807226,      -6.158225324,      -6.149047805,      -3.633608619
          0,           0,         804,      -9.129359129,      -6.244433333,      -6.169290579,      -6.159016799,      -3.652241926
          0,           0,         805,      -9.146147558,      -6.266682718,      -6.180538758,      -6.169344107,      -3.670022143
          0,           0,         806,      -9.161458792,       -6.29004677,      -6.191796241,      -6.179917728,      -3.686311173
          0,           0,         807,      -9.174798646,      -6.313829587,      -6.202874603,      -6.190601957,      -3.700528977
          0,           0,         808,      -9.185795814,      -6.337133421,      -6.213574433,      -6.201232601,       -3.71221621
          0,           0,         809,      -9.194230325,      -6.358881296,       -6.22369625,      -6.211621118,      -3.721079926
          0,           0,         810,      -9.200050855,      -6.377900501,       -6.23305913,      -6.221572159,      -3.727026011
          0,           0,         811,      -9.203386822,      -6.393082042,      -6.241520991,      -6.230907834,       -3.73017824
          0,           0,         812,       -9.20454338,      -6.403594782,       -6.24899292,       -6.23948718,      -3.730871599
          0,           0,         813,      -9.203965748,      -6.409080709,      -6.255445768,      -6.247216743,      -3.729606513
          0,           0,         814,      -9.202184095,       -6.40974365,      -6.260913426,       -6.25405769,      -3.726980884
          0,           0,         815,      -9.199752111,      -6.406290404,      -6.265492622,      -6.260030865,       -3.72361641
          0,           0,         816,      -9.197193731,      -6.399753906,      -6.269335292,      -6.265214634,      -3.720096478
          0,           0,         817,      -9.194965453,      -6.391277267,      -6.272632739,      -6.269734334,      -3.716924966
          0,           0,         818,      -9.193443942,      -6.381938734,      -6.275597342,       -6.27374806,      -3.714513318
          0,           0,         819,      -9.192930518,      -6.372654812,      -6.278445909,      -6.277432375,      -3.713186722
          0,           0,         820,      -9.193658309,       -6.36415108,      -6.281386094,      -6.280969198,      -3.713193312
          0,           0,         821,      -9.195801821,      -6.356974205,      -6.284606892,      -6.284534978,      -3.714716544
          0,           0,         822,      -9.199485811,      -6.351521552,      -6.288272607,       -6.28829273,      -3.717886058
          0,           0,         823,      -9.204789854,      -6.348074013,      -6.292519663,       -6.29238641,      -3.722784501
          0,           0,         824,      -9.211753216,      -6.346825207,      -6.297455557,      -6.296937681,      -3.729453693
          0,           0,         825,       -9.22037575,      -6.347904354,      -6.303158785,      -6.302044265,      -3.737896707
          0,           0,         826,      -9.230614484,      -6.351392983,      -6.309679011,      -6.307779211,      -3.748075013
          0,           0,         827,      -9.242378494,      -6.357335391,      -6.317037496,      -6.314191029,      -3.759903572
          0,           0,         828,      -9.255521643,      -6.365744375,      -6.325227422,      -6.321304078,      -3.773243122
          0,           0,         829,      -9.269831626,      -6.376601831,      -6.334214016,      -6.329119322,       -3.78788827
          0,           0,         830,      -9.285022124,      -6.389854624,      -6.343935147,      -6.337615393,      -3.803557589
          0,           0,         831,      -9.300728297,      -6.405405602,      -6.354302183,      -6.346750142,      -3.819886038
          0,           0,         832,      -9.316511096,       -6.42309874,      -6.365201677,       -6.35646233,      -3.836425093
          0,           0,         833,      -9.331878273,      -6.442698602,      -6.376497737,      -6.366673237,      -3.852659207
          0,           0,         834,      -9.346321914,      -6.463864316,      -6.388034416,      -6.377286887,      -3.868039702
          0,           0,         835,      -9.359367934,       -6.48612126,      -6.399637393,      -6.388187603,      -3.882034096
          0,           0,         836,      -9.370624048,      -6.508836419,      -6.411115342,      -6.399234894,      -3.894179264
          0,           0,         837,      -9.379814804,      -6.531208664,      -6.422263852,      -6.410259796,      -3.904126774
          0,           0,         838,      -9.386800606,      -6.552288912,      -6.432876152,      -6.421069358,      -3.911674395
          0,           0,         839,      -9.391587559,      -6.571048088,      -6.442761558,      -6.431463388,       -3.91678739
          0,           0,         840,      -9.394333207,      -6.586503265,      -6.451766503,      -6.441258588,      -3.919609887
          0,           0,         841,      -9.395334838,      -6.597888742,      -6.459790701,       -6.45030881,      -3.920453003
          0,           0,         842,      -9.394993401,       -6.60481951,      -6.466795296,      -6.458516334,       -3.91975292
          0,           0,         843,      -9.393767592,      -6.607380047,      -6.472805859,      -6.465837845,      -3.918016369
          0,           0,         844,      -9.392127561,      -6.606099965,      -6.477911065,      -6.472287769,      -3.915765303
          0,           0,         845,      -9.390522252,      -6.601829643,      -6.482255664,      -6.477936708,      -3.913497097
          0,           0,         846,      -9.389353482,      -6.595567108,      -6.486025733,      -6.482902448,      -3.911654537
          0,           0,         847,      -9.388963853,      -6.588300375,      -6.489430485,      -6.487336707,      -3.910612503
          0,           0,         848,      -9.389635407,       -6.58090518,       -6.49268518,      -6.491411192,      -3.910677587
          0,           0,         849,      -9.391596112,      -6.574101796,      -6.495997595,      -6.495304921,       -3.91209539
          0,           0,         850,      -9.395021173,      -6.568452727,      -6.499557451,      -6.499192755,      -3.915054084
          0,           0,         851,      -9.400041471,      -6.564381488,      -6.503530251,      -6.503237189,      -3.919694005
          0,           0,         852,      -9.406745635,      -6.562198769,      -6.508053445,      -6.507582174,      -3.926111388
          0,           0,         853,      -9.415183587,      -6.562127515,      -6.513234971,      -6.512349406,      -3.934363082
          0,           0,         854,      -9.425367432,      -6.564324211,      -6.519152807,      -6.517636311,      -3.944468163
          0,           0,         855,      -9.437264274,      -6.568894546,      -6.525854676,      -6.523514654,      -3.956401576
          0,           0,         856,      -9.450793315,      -6.575903953,      -6.533358284,      -6.530030687,      -3.970091071
          0,           0,         857,      -9.465814854,      -6.585383258,      -6.541651332,       -6.53720529,       -3.98540601
          0,           0,         858,      -9.482116579,       -6.59732922,      -6.550691697,      -6.545034689,      -4.002142245
          0,           0,         859,      -9.499407171,      -6.611700312,      -6.560408667,      -6.553492408,      -4.020013315
          0,           0,         860,      -9.517303915,      -6.628406294,       -6.57070445,      -6.562531194,      -4.038634516
          0,           0,         861,      -9.535335121,      -6.647290848,      -6.581457088,      -6.572085733,      -4.057520207
          0,           0,         862,      -9.552956044,      -6.668106366,      -6.592523939,      -6.582074876,      -4.076094569
          0,           0,         863,      -9.569583785,      -6.690481544,      -6.603744615,      -6.592402058,       -4.09372215
          0,           0,         864,      -9.584656737,      -6.713885633,      -6.614943113,      -6.602952404,      -4.109767591
          0,           0,         865,      -9.597694477,      -6.737598217,       -6.62592917,      -6.613586776,      -4.123662636
          0,           0,         866,      -9.608345287,      -6.760698601,      -6.636502816,      -6.624137663,      -4.134968187
          0,           0,         867,      -9.616411551,      -6.782095265,      -6.646466482,      -6.634414921,      -4.143416876
          0,           0,         868,      -9.621866382,      -6.800618399,      -6.655644289,      -6.644224893,      -4.148944236
          0,           0,         869,      -9.624862278,      -6.815187794,      -6.663901787,      -6.653394457,      -4.151703368
          0,           0,         870,      -9.625725139,      -6.825028158,      -6.671159214,      -6.661789611,      -4.152054696
          0,           0,         871,      -9.624915346,      -6.829853685,      -6.677397244,      -6.669325024,      -4.150517435
          0,           0,         872,      -9.622969202,      -6.829937969,      -6.682659629,      -6.675970873,      -4.147697046
          0,           0,         873,      -9.620440881,      -6.826037553,      -6.687052571,        -6.6817572,       -4.14421537
          0,           0,         874,      -9.617848132,      -6.819206449,      -6.690735316,      -6.686770688,      -4.140648383
          0,           0,         875,      -9.615640141,      -6.810583165,      -6.693904188,      -6.691143008,      -4.137490974
          0,           0,         876,      -9.614182968,      -6.801225334,      -6.696773462,      -6.695036198,      -4.135142439
          0,           0,         877,      -9.613767421,      -6.792023157,      -6.699559628,      -6.698628682,      -4.133916034
          0,           0,         878,      -9.614618481,      -6.783676681,      -6.702468483,      -6.702102382,       -4.13405077
          0,           0,         879,      -9.616904405,      -6.776711268,       -6.70568592,      -6.705632495,      -4.135722846
          0,           0,         880,      -9.620741667,      -6.771507382,      -6.709372327,      -6.709379529,      -4.139053304
          0,           0,         881,      -9.626204492,      -6.768333487,       -6.71366021,      -6.713484517,      -4.144119011
          0,           0,         882,      -9.633326065,      -6.767374024,      -6.718652949,      -6.718065803,        -4.1509557
          0,           0,         883,      -9.642100019,      -6.768751666,      -6.724425014,       -6.72321776,      -4.159560212
          0,           0,         884,      -9.652476328,      -6.772542981,      -6.731022161,      -6.729009962,      -4.169887003
          0,           0,         885,      -9.664357334,      -6.778788452,      -6.738462043,      -6.735487743,      -4.181844539
          0,           0,         886,      -9.677588075,      -6.787497342,      -6.746734263,      -6.742672374,      -4.195284708
          0,           0,         887,      -9.691947528,      -6.798647782,      -6.755800708,      -6.750562066,      -4.209993231
          0,           0,         888,      -9.707139755,       -6.81218232,      -6.765596123,      -6.759132902,      -4.225678666
          0,           0,         889,      -9.722790813,      -6.827997935,      -6.776029126,      -6.768340534,      -4.241965938
          0,           0,         890,      -9.738455751,       -6.84593084,       -6.78698396,       -6.77812178,      -4.258399369
          0,           0,         891,       -9.75364188,      -6.865735112,      -6.798322702,      -6.788396241,      -4.274461055
          0,           0,         892,       -9.76784664,      -6.887056578,      -6.809887574,      -6.799065909,      -4.289605941
          0,           0,         893,      -9.780608401,      -6.909404165,      -6.821502419,      -6.810012395,      -4.303312618
          0,           0,         894,      -9.791552083,      -6.932127064,      -6.832974001,      -6.821091634,      -4.315134937
          0,           0,         895,       -9.80042201,      -6.954407486,      -6.844096697,      -6.832130723,      -4.324745192
          0,           0,         896,      -9.807096861,      -6.975285479,      -6.854664084,      -6.842934179,      -4.331961865
          0,           0,         897,      -9.811602755,      -6.993733034,      -6.864488191,      -6.853301984,      -4.336773515
          0,           0,         898,        -9.8141147,      -7.008786278,      -6.873420335,       -6.86305378,      -4.339344682
          0,           0,         899,      -9.814941678,       -7.01971776,       -6.88136607,      -6.872047914,      -4.340000342
          0,           0,         900,      -9.814493365,      -7.026193773,      -6.888293243,      -6.880192193,      -4.339186666
          0,           0,         901,      -9.813228751,      -7.028351107,      -6.894234024,       -6.88744928,      -4.337410633
          0,           0,         902,      -9.811613228,      -7.026760501,      -6.899283428,      -6.893839753,      -4.335188842
          0,           0,         903,      -9.810089133,      -7.022294317,      -6.903591263,      -6.899439928,      -4.333010921
          0,           0,         904,       -9.80905133,      -7.015953697,      -6.907347035,      -6.904371845,      -4.331311259
          0,           0,         905,      -9.808832621,      -7.008715416,      -6.910760828,      -6.908789826,      -4.330454216
          0,           0,         906,      -9.809707494,      -7.001437611,      -6.914047463,      -6.912866806,        -4.3307377
          0,           0,         907,      -9.811898856,      -6.994822079,      -6.917413012,      -6.916781806,      -4.332401859
          0,           0,         908,      -9.815574685,      -6.989414471,      -6.921044476,        -6.9207083,      -4.335627388
          0,           0,         909,      -9.820861862,      -6.985624973,      -6.925104187,       -6.92480685,      -4.340550539
          0,           0,         910,      -9.827846585,       -6.98375399,      -6.929726356,       -6.92921912,      -4.347265109
          0,           0,         911,      -9.836572765,       -6.98401699,       -6.93501521,      -6.934063699,      -4.355822176
          0,           0,         912,      -9.847050787,      -6.986564893,      -6.941045318,      -6.939435351,      -4.366239408
          0,           0,         913,      -9.859242654,      -6.991499548,      -6.947860623,      -6.945402528,      -4.378486778
          0,           0,         914,       -9.87306233,      -6.998883237,      -6.955475114,      -6.952008391,      -4.392487259
          0,           0,         915,      -9.888362279,      -7.008743975,      -6.963872559,      -6.959270559,      -4.408102558
          0,           0,         916,      -9.904925113,      -7.021075392,        -6.9730072,      -6.967182513,      -4.425123123
          0,           0,         917,      -9.922448144,      -7.035831919,      -6.982804541,      -6.975714954,      -4.443250968
          0,           0,         918,      -9.940539056,      -7.052917001,      -6.993163446,      -6.984818377,       -4.46209083
          0,           0,         919,      -9.958714983,      -7.072165089,      -7.003959145,      -6.994425497,      -4.481143922
          0,           0,         920,      -9.976421821,      -7.093314359,      -7.015046689,      -7.004453676,      -4.499822575
          0,           0,         921,      -9.993071296,      -7.115972966,      -7.026264004,      -7.014804798,       -4.51748247
          0,           0,         922,      -10.00809988,      -7.139582614,      -7.037433444,      -7.025361865,      -4.533483587
          0,           0,         923,      -10.02103249,      -7.163388743,      -7.048363732,      -7.035982895,       -4.54726038
          0,           0,         924,      -10.03152712,      -7.186433631,      -7.058855053,       -7.04649744,      -4.558383534
          0,           0,         925,      -10.03940007,      -7.207593195,      -7.068712004,      -7.056714031,      -4.566601146
          0,           0,         926,      -10.04464104,      -7.225681252,      -7.077763665,      -7.066440704,      -4.571869691
          0,           0,         927,      -10.04742506,      -7.239631729,      -7.085882594,      -7.075508681,      -4.574369167
          0,           0,         928,      -10.04809777,      -7.248719303,      -7.092996852,      -7.083789733,      -4.574484811
          0,           0,         929,      -10.04713556,      -7.252736343,        -7.0990949,       -7.09120493,      -4.572755576
          0,           0,         930,       -10.0450851,      -7.252042314,      -7.104228693,      -7.097731632,      -4.569798953
          0,           0,         931,      -10.04250237,      -7.247465101,      -7.108511608,      -7.103407238,      -4.566239245
          0,           0,         932,      -10.03989747,      -7.240100442,      -7.112108085,      -7.108324409,       -4.56264426
          0,           0,         933,      -10.03771541,      -7.231098104,      -7.115218092,      -7.112619866,      -4.559503616
          0,           0,         934,      -10.03631293,      -7.221505482,      -7.118056741,      -7.116458318,      -4.557205825
          0,           0,         935,      -10.03597846,      -7.212191091,      -7.120840241,      -7.120020072,      -4.556060696
          0,           0,         936,      -10.03692576,      -7.203830642,      -7.123771803,      -7.123486344,      -4.556295331
          0,           0,         937,       -10.0393186,      -7.196926539,      -7.127034499,      -7.127031192,      -4.558080171
          0,           0,         938,      -10.04326814,      -7.191840005,      -7.130785439,      -7.130813006,      -4.561530634
          0,           0,         939,      -10.04884089,      -7.188823445,      -7.135153201,      -7.134970029,       -4.56671544
          0,           0,         940,      -10.05606504,      -7.188049178,      -7.140237703,      -7.139617631,      -4.573664992
          0,           0,         941,      -10.06492905,      -7.189630204,      -7.146109948,      -7.144847336,      -4.582371057
          0,           0,         942,      -10.07537466,      -7.193635256,      -7.152812104,      -7.150725596,      -4.592779739
          0,           0,         943,      -10.08729917,      -7.200098086,      -7.160358738,      -7.157295003,      -4.604794456
          0,           0,         944,      -10.10053863,      -7.209022583,       -7.16873617,       -7.16457406,      -4.618257551
          0,           0,         945,      -10.11486068,      -7.220380561,      -7.177903169,      -7.172557946,      -4.632943387
          0,           0,         946,      -10.12996278,      -7.234108147,      -7.187791694,      -7.181220598,      -4.648552881
          0,           0,         947,      -10.14546278,      -7.250094781,      -7.198307714,      -7.190515311,      -4.664701861
          0,           0,         948,       -10.1609113,      -7.268167248,      -7.209332663,      -7.200376765,      -4.680928043
          0,           0,         949,      -10.17581603,       -7.28806823,      -7.220726353,      -7.210722209,      -4.696712249
          0,           0,         950,       -10.1896854,      -7.309430296,      -7.232328809,       -7.22145129,      -4.711518378
          0,           0,         951,      -10.20207131,      -7.331748088,      -7.243961479,      -7.232442418,      -4.724837761
          0,           0,         952,      -10.21262288,      -7.354356833,      -7.255429295,      -7.243548119,      -4.736248012
          0,           0,         953,      -10.22110165,      -7.376429192,       -7.26652519,      -7.254591843,      -4.745441423
          0,           0,         954,      -10.22740853,      -7.397003679,      -7.277043259,      -7.265376402,      -4.752261667
          0,           0,         955,      -10.23159246,      -7.415065024,      -7.286798926,      -7.275702837,      -4.756723582
          0,           0,         956,      -10.23384357,      -7.429678664,      -7.295648404,      -7.285394159,      -4.759010286
          0,           0,         957,      -10.23448758,      -7.440162174,      -7.303504246,      -7.294314455,      -4.759465755
          0,           0,         958,      -10.23393468,      -7.446232639,      -7.310341402,      -7.302377319,       -4.75853795
          0,           0,         959,      -10.23264276,      -7.448071433,       -7.31619919,      -7.309552588,      -4.756732784
          0,           0,         960,      -10.23106872,      -7.446277589,      -7.321179462,      -7.315867189,      -4.754556784
          0,           0,         961,       -10.2296514,      -7.441731963,       -7.32543791,      -7.321403748,      -4.752494977
          0,           0,         962,       -10.2287686,      -7.435427229,      -7.329166627,      -7.326288212,      -4.750963477
          0,           0,         963,      -10.22874662,      -7.428321423,      -7.332577278,      -7.330677591,      -4.750318597
          0,           0,         964,      -10.22985045,      -7.421251196,       -7.33588411,      -7.334745876,      -4.750847996
          0,           0,         965,      -10.23229201,      -7.414898289,      -7.339291053,      -7.338671153,      -4.752780192
          0,           0,         966,      -10.23624124,      -7.409792277,      -7.342983397,      -7.342626652,      -4.756297394
          0,           0,         967,      -10.24181723,      -7.406330791,      -7.347119697,      -7.346770232,      -4.761528063
          0,           0,         968,      -10.24909652,      -7.404804918,      -7.351830306,      -7.351240568,      -4.768556753
          0,           0,         969,      -10.25812488,      -7.405423756,      -7.357216425,      -7.356153879,        -4.7774364
          0,           0,         970,      -10.26890041,      -7.408333976,      -7.363347868,      -7.361600776,      -4.788172824
          0,           0,         971,      -10.28138433,      -7.413633856,        -7.3702652,      -7.367647132,      -4.800735104
          0,           0,         972,      -10.29548436,       -7.42138357,      -7.377978467,      -7.374332476,      -4.815040546
          0,           0,         973,      -10.31104294,      -7.431608177,      -7.386467035,       -7.38167092,      -4.830940465
          0,           0,         974,      -10.32783603,      -7.444298276,      -7.395681268,      -7.389653039,      -4.848219424
          0,           0,         975,      -10.34554926,      -7.459403467,      -7.405542416,      -7.398246554,      -4.866566103
          0,           0,         976,      -10.36377856,      -7.476820931,      -7.415945972,      -7.407399137,      -4.885572177
          0,           0,         977,       -10.3820286,      -7.496374739,      -7.426763627,      -7.417041379,      -4.904725086
          0,           0,         978,        -10.399739,      -7.517788612,      -7.437848308,      -7.427088696,      -4.923426295
          0,           0,         979,      -10.41631603,      -7.540650456,      -7.449035498,      -7.437440983,      -4.941023326
          0,           0,         980,      -10.43120159,      -7.564375458,      -7.460145839,      -7.447978741,      -4.956878153
          0,           0,         981,      -10.44393034,       -7.58817937,      -7.470986867,      -7.458556593,      -4.970432606
          0,           0,         982,      -10.45417476,      -7.611073749,      -7.481358878,      -7.469001184,      -4.981272317
          0,           0,         983,      -10.46176825,      -7.631912703,      -7.491069191,      -7.479119915,       -4.98916606
          0,           0,         984,      -10.46672521,      -7.649508271,      -7.499952796,      -7.488723209,      -4.994099341
          0,           0,         985,      -10.46923974,      -7.662821462,      -7.507889745,      -7.497647215,      -4.996277521
          0,           0,         986,      -10.46967872,      -7.671186073,      -7.514816751,      -7.505770341,      -4.996112044
          0,           0,         987,      -10.46853055,      -7.674472708,      -7.520731039,      -7.513021175,      -4.994156408
          0,           0,         988,      -10.46635102,      -7.673118144,       -7.52569386,      -7.519385019,      -4.991038931
          0,           0,         989,      -10.46369216,      -7.668005167,      -7.529826024,      -7.524907591,      -4.987380462
          0,           0,         990,      -10.46107032,      -7.660256294,      -7.533299298,      -7.529689408,      -4.983753189
          0,           0,         991,      -10.45891139,       -7.65101938,      -7.536316184,      -7.533871453,       -4.98062647
          0,           0,         992,      -10.45757295,      -7.641324249,      -7.539093619,      -7.537622929,      -4.978389587
          0,           0,         993,      -10.45732594,      -7.632014578,      -7.541846175,       -7.54112389,      -4.977332331
          0,           0,         994,      -10.45837858,      -7.623741854,        -7.5447748,      -7.544555683,      -4.977674941
          0,           0,         995,      -10.46088781,      -7.616986667,       -7.54805955,      -7.548090809,      -4.979581288
          0,           0,         996,      -10.46496426,      -7.612093171,      -7.551853739,      -7.551885791,      -4.983164806
          0,           0,         997,      -10.47066635,      -7.609300702,      -7.556282618,       -7.55607533,      -4.988486698
          0,           0,         998,      -10.47801416,      -7.608771511,      -7.561441622,      -7.560771711,      -4.995568783
          0,           0,         999,      -10.48699211,      -7.610610944,      -7.567398243,      -7.566063455,      -5.004398158
          0,           0,        1000,       -10.4975338,      -7.614881684,      -7.574190666,      -7.572013906,       -5.01491399
          0,           0,        1001,      -10.50952922,      -7.621613045,      -7.581830649,      -7.578662003,      -5.027011142
          0,           0,        1002,      -10.52280874,      -7.630803738,       -7.59030111,      -7.586024266,      -5.040527161
          0,           0,        1003,      -10.53712821,      -7.642421737,      -7.599557423,      -7.594092751,      -5.055223706
          0,           0,        1004,      -10.55217709,      -7.656397085,      -7.609528884,      -7.602839201,      -5.070793983
          0,           0,        1005,      -10.56756636,      -7.672612561,      -7.620118808,      -7.612214907,      -5.086844633
          0,           0,        1006,      -10.58284603,      -7.690886474,       -7.63120705,      -7.622152654,      -5.102912528
          0,           0,        1007,      -10.59752371,      -7.710950428,      -7.642651024,      -7.632568122,      -5.118475569
          0,           0,        1008,      -10.61111255,      -7.732422864,      -7.654288729,      -7.643358337,      -5.133001255
          0,           0,        1009,      -10.62318641,      -7.754782455,      -7.665940039,      -7.654399513,        -5.1460024
          0,           0,        1010,      -10.63340263,      -7.777348293,      -7.677407658,      -7.665539389,      -5.157063835
          0,           0,        1011,      -10.64154732,      -7.799278454,      -7.688483423,       -7.67659906,      -5.165904829
          0,           0,        1012,      -10.64754701,      -7.819605158,      -7.698963147,      -7.687379063,      -5.172397775
          0,           0,        1013,      -10.65145893,      -7.837320561,      -7.708664848,      -7.697681284,      -5.176568139
          0,           0,        1014,      -10.65350004,      -7.851515042,      -7.717450064,      -7.707332899,      -5.178628472
          0,           0,        1015,      -10.65399457,      -7.861547041,      -7.725236798,      -7.716201745,      -5.178924234
          0,           0,        1016,      -10.65336555,      -7.867185759,      -7.732006947,      -7.724208037,      -5.177916277
          0,           0,        1017,      -10.65206554,        -7.8686599,      -7.737806472,      -7.731326759,      -5.176104886
          0,           0,        1018,      -10.65055395,      -7.866603395,      -7.742743975,      -7.737591742,      -5.173998172
          0,           0,        1019,      -10.64924939,      -7.861912007,      -7.746978012,      -7.743090191,       -5.17206061
          0,           0,        1020,       -10.6485175,      -7.855574428,      -7.750703828,      -7.747950921,      -5.170693933
          0,           0,        1021,      -10.64869122,      -7.848535628,      -7.754135141,      -7.752334605,      -5.170260823
          0,           0,        1022,      -10.65002406,      -7.841614493,       -7.75748445,      -7.756416192,      -5.171035947
          0,           0,        1023,      -10.65272371,      -7.835474261,      -7.760954298,      -7.760372488,      -5.173243151
          0,           0,        1024,      -10.65694352,      -7.830627263,      -7.764726122,      -7.764375155,      -5.177049888
          0,           0,        1025,      -10.66280221,      -7.827459904,       -7.76895556,      -7.768580036,      -5.182581976
          0,           0,        1026,      -10.67037185,      -7.826252907,      -7.773769934,      -7.773123055,      -5.189920066
          0,           0,        1027,      -10.67969546,      -7.827208642,      -7.779266359,       -7.77811798,      -5.199115206
          0,           0,        1028,      -10.69077444,      -7.830468755,      -7.785512186,      -7.783652625,      -5.210176077
          0,           0,        1029,      -10.70355466,      -7.836128289,      -7.792542787,      -7.789789092,      -5.223056905
          0,           0,        1030,       -10.7179378,      -7.844243492,      -7.800364978,      -7.796563357,      -5.237669578
          0,           0,        1031,      -10.73377198,      -7.854836831,      -7.808955007,      -7.803987264,      -5.253871543
          0,           0,        1032,      -10.75081205,      -7.867895034,      -7.818257636,      -7.812048191,      -5.271424601
          0,           0,        1033,      -10.76872567,      -7.883362729,      -7.828190906,      -7.820709868,      -5.290000017
          0,           0,        1034,      -10.78711883,      -7.901130272,      -7.838647204,      -7.829919196,      -5.309197241
          0,           0,        1035,      -10.80547416,      -7.921011045,      -7.849495671,      -7.839603786,      -5.328480069
          0,           0,        1036,      -10.82322806,       -7.94271267,      -7.860585743,      -7.849677902,      -5.347241399
          0,           0,        1037,      -10.83977573,       -7.96580143,      -7.871751542,      -7.860039245,      -5.364817346
          0,           0,        1038,      -10.85456337,      -7.989663054,      -7.882812636,      -7.870565568,      -5.380568999
          0,           0,        1039,      -10.86713462,      -8.013479439,       -7.89357463,      -7.881109178,        -5.3939448
          0,           0,        1040,      -10.87717194,      -8.036229149,      -7.903839148,      -7.891493348,      -5.404540826
          0,           0,        1041,      -10.88452701,      -8.056740186,      -7.913416723,      -7.901525234,      -5.412148719
          0,           0,        1042,      -10.88923531,      -8.073820446,      -7.922146961,      -7.911018101,      -5.416779105
          0,           0,        1043,      -10.89151705,      -8.086460258,      -7.929920017,      -7.919813037,      -5.418669374
          0,           0,        1044,      -10.89174647,      -8.094054618,        -7.9366781,      -7.927795131,      -5.418241857
          0,           0,        1045,      -10.89043522,      -8.096558456,      -7.942429643,      -7.934899609,      -5.416079676
          0,           0,        1046,      -10.88814145,      -8.094487241,       -7.94724223,      -7.941120261,      -5.412812704
          0,           0,        1047,      -10.88542878,       -8.08878506,      -7.951246178,      -7.946510552,      -5.409074493
          0,           0,        1048,      -10.88278348,      -8.080599618,      -7.954616379,      -7.951176141,      -5.405406258
          0,           0,        1049,      -10.88065293,      -8.071078831,      -7.957560715,      -7.955265634,      -5.402298743
          0,           0,        1050,       -10.8793762,      -8.061234846,      -7.960295758,      -7.958948727,      -5.400117144
          0,           0,        1051,      -10.87920629,      -8.051887777,      -7.963034099,      -7.962406132,      -5.399136273
          0,           0,        1052,      -10.88035489,      -8.043662913,      -7.965975078,      -7.965820043,      -5.399577861
          0,           0,        1053,      -10.88296498,      -8.037019133,       -7.96929537,       -7.96936022,       -5.40158913
          0,           0,        1054,      -10.88714806,      -8.032282886,      -7.973145563,      -7.973181094,      -5.405286548
          0,           0,        1055,       -10.8929533,      -8.029679982,      -7.977645839,      -7.977414888,      -5.410719911
          0,           0,        1056,      -10.90039765,      -8.029361622,      -7.982888218,      -7.982170557,      -5.417908141
          0,           0,        1057,      -10.90944548,       -8.03142428,      -7.988936393,      -7.987532557,      -5.426818882
          0,           0,        1058,      -10.92005096,      -8.035924263,      -7.995826176,      -7.993562873,      -5.437409006
          0,           0,        1059,      -10.93207583,      -8.042886105,      -8.003565349,      -8.000296484,      -5.449548311
          0,           0,        1060,       -10.9453387,      -8.052301536,      -8.012132608,       -8.00774693,      -5.463063244
          0,           0,        1061,      -10.95958758,      -8.064134724,      -8.021481508,      -8.015903053,      -5.477703298
          0,           0,        1062,      -10.97451799,      -8.078308424,      -8.031537799,      -8.024736137,      -5.493168725
          0,           0,        1063,      -10.98973321,      -8.094698387,      -8.042203779,      -8.034194746,      -5.509057611
          0,           0,        1064,      -11.00476244,       -8.11311314,      -8.053354789,      -8.044208194,      -5.524883592
          0,           0,        1065,      -11.01913256,      -8.133273367,      -8.064847619,      -8.054691221,      -5.540142906
          0,           0,        1066,      -11.03237409,      -8.154783416,      -8.076517115,      -8.065538968,      -5.554318067
          0,           0,        1067,      -11.04406292,      -8.177109569,       -8.08818209,      -8.076622322,      -5.566923497
          0,           0,        1068,      -11.05387428,      -8.199556788,      -8.099641881,      -8.087786608,      -5.577562381
          0,           0,        1069,      -11.06163468,      -8.221274769,      -8.110688544,      -8.098849001,      -5.585998142
          0,           0,        1070,      -11.06728084,      -8.241297499,      -8.121118167,      -8.109609748,      -5.592113141
          0,           0,        1071,      -11.07089305,       -8.25863145,      -8.130752802,      -8.119872478,      -5.595962447
          0,           0,        1072,      -11.07269882,      -8.272399487,      -8.139459946,      -8.129466756,      -5.597771923
          0,           0,        1073,      -11.07304079,      -8.282006211,      -8.147163279,      -8.138268018,      -5.597905454
          0,           0,        1074,      -11.07234867,       -8.28726865,      -8.153853067,      -8.146201289,      -5.596830007
          0,           0,        1075,      -11.07104659,      -8.288458265,      -8.159579926,       -8.15324691,       -5.59501962
          0,           0,        1076,      -11.06960995,      -8.286232693,      -8.164461759,      -8.159447149,      -5.592996185
          0,           0,        1077,      -11.06843254,      -8.281491473,       -8.16865922,      -8.164893198,      -5.591200076
          0,           0,        1078,      -11.06789104,       -8.27521471,       -8.17237155,       -8.16971907,      -5.590038189
          0,           0,        1079,      -11.06827419,      -8.268329568,      -8.175811623,      -8.174084958,      -5.589832233
          0,           0,        1080,      -11.06986114,      -8.261631838,      -8.179194237,      -8.178168711,      -5.590881291
          0,           0,        1081,      -11.07283223,      -8.255767514,      -8.182716472,      -8.182146178,      -5.593379495
          0,           0,        1082,      -11.07733855,      -8.251232242,       -8.18655839,      -8.186186421,      -5.597493075
          0,           0,        1083,      -11.08349105,      -8.248403999,       -8.19087158,      -8.190443008,      -5.603339235
          0,           0,        1084,      -11.09137393,      -8.247552417,      -8.195781666,      -8.195051531,      -5.611010159
          0,           0,        1085,      -11.10100768,      -8.248876365,      -8.201379782,      -8.200119354,      -5.620537206
          0,           0,        1086,      -11.11239018,      -8.252511423,       -8.20772994,       -8.20573331,      -5.631925765
          0,           0,        1087,      -11.12549136,      -8.258550974,      -8.214866563,      -8.211951534,      -5.645151782
          0,           0,        1088,      -11.14016855,      -8.267048689,      -8.222787754,      -8.218806507,      -5.660085087
          0,           0,        1089,      -11.15629169,      -8.278026083,      -8.231468574,      -8.226307516,      -5.676600709
          0,           0,        1090,       -11.1735848,      -8.291464692,      -8.240849201,      -8.234437162,      -5.694440618
          0,           0,        1091,      -11.19171474,      -8.307304429,      -8.250842432,      -8.243157614,      -5.713261221
          0,           0,        1092,      -11.21026303,      -8.325429763,      -8.261338676,      -8.252412424,      -5.732645652
          0,           0,        1093,      -11.22872523,       -8.34564244,      -8.272203653,      -8.262128331,      -5.752059496
          0,           0,        1094,      -11.24650611,      -8.367633326,      -8.283284064,      -8.272217618,      -5.770868944
          0,           0,        1095,      -11.26301745,      -8.390944007,      -8.294413147,      -8.282576584,      -5.788415632
          0,           0,        1096,      -11.27769853,      -8.414934715,      -8.305409472,      -8.293079132,      -5.804055409
          0,           0,        1097,      -11.29009911,      -8.438747647,       -8.31607475,      -8.303575719,      -5.817238697
          0,           0,        1098,      -11.29991457,      -8.461331028,      -8.326215257,      -8.313885037,      -5.827578437
          0,           0,        1099,       -11.3070244,      -8.481487546,      -8.335643824,      -8.323817117,       -5.83489065
          0,           0,        1100,      -11.31147586,      -8.498027326,      -8.344206203,      -8.333185838,      -5.839208406
          0,           0,        1101,      -11.31351323,      -8.509972619,      -8.351799894,      -8.341839286,      -5.840795604
          0,           0,        1102,      -11.31353384,       -8.51678857,      -8.358377909,      -8.349669129,      -5.840106657
          0,           0,        1103,      -11.31205363,      -8.518513995,      -8.363955536,      -8.356614654,      -5.837730509
          0,           0,        1104,      -11.30965597,      -8.515743869,      -8.368609954,         -8.362682,       -5.83432422
          0,           0,        1105,      -11.30688339,      -8.509475699,       -8.37247694,      -8.367931043,      -5.830499997
          0,           0,        1106,      -11.30424396,      -8.500878301,      -8.375740689,      -8.372475984,      -5.826821349
          0,           0,        1107,      -11.30214637,      -8.491101894,      -8.378606921,      -8.376466587,       -5.82373271
          0,           0,        1108,       -11.3009144,      -8.481135227,      -8.381292885,      -8.380073647,      -5.821592373
          0,           0,        1109,      -11.30083806,      -8.471772013,      -8.384015971,      -8.383485634,      -5.820702814
          0,           0,        1110,      -11.30205957,      -8.463611783,      -8.386965138,      -8.386876083,      -5.821221083
          0,           0,        1111,      -11.30475626,      -8.457094037,      -8.390317272,      -8.390415486,      -5.823321282
          0,           0,        1112,      -11.30905295,      -8.452527877,      -8.394221152,      -8.394262293,      -5.827141981
          0,           0,        1113,      -11.31498393,      -8.450126362,      -8.398791791,      -8.398540061,      -5.832702757
          0,           0,        1114,      -11.32250648,      -8.450031167,      -8.404114452,      -8.403351328,      -5.839977983
          0,           0,        1115,      -11.33164134,      -8.452329409,      -8.410253431,      -8.408782927,      -5.848986511
          0,           0,        1116,      -11.34227364,      -8.457071953,      -8.417235861,      -8.414888674,        -5.8596181
          0,           0,        1117,       -11.3543164,      -8.464275186,      -8.425071495,      -8.421706032,      -5.871788253
          0,           0,        1118,      -11.36757539,      -8.473928723,      -8.433735328,      -8.429244701,      -5.885307498
          0,           0,        1119,      -11.38177872,      -8.485990293,      -8.443176961,      -8.437491164,      -5.899917698
          0,           0,        1120,      -11.39658118,      -8.500380548,      -8.453316713,      -8.446409134,      -5.915268958
          0,           0,        1121,      -11.41161339,      -8.516960612,      -8.464058592,      -8.455950513,      -5.930985845
          0,           0,        1122,      -11.42641555,      -8.535534723,      -8.475273927,       -8.46604388,      -5.946592371
          0,           0,        1123,      -11.44048788,      -8.555811511,      -8.486818204,      -8.476597946,      -5.961562518
          0,           0,        1124,      -11.45338983,      -8.577383135,      -8.498524677,      -8.487506164,      -5.975388952
          0,           0,        1125,      -11.46471625,      -8.599697003,       -8.51020738,       -8.49863937,      -5.987627235
          0,           0,        1126,      -11.47418875,       -8.62204942,      -8.521667454,      -8.509838268,      -5.997909111
          0,           0,        1127,      -11.48159301,      -8.643575269,      -8.532694134,      -8.520914227,      -6.005970603
          0,           0,        1128,      -11.48693012,      -8.663311944,      -8.543087692,      -8.531669169,       -6.01176483
          0,           0,        1129,      -11.49028888,      -8.680281648,      -8.552671588,      -8.541906335,      -6.015335433
          0,           0,        1130,      -11.49183632,      -8.693631827,      -8.561311029,      -8.551453862,      -6.016880388
          0,           0,        1131,      -11.49208016,       -8.70281639,      -8.568953221,      -8.560206288,      -6.016903341
          0,           0,        1132,      -11.49135106,      -8.707701024,      -8.575581741,      -8.568085262,      -6.015791156
          0,           0,        1133,      -11.49009086,      -8.708596202,      -8.581258777,      -8.575079829,      -6.014026753
          0,           0,        1134,      -11.48874504,      -8.706185594,      -8.586104198,      -8.581234042,      -6.012108342
          0,           0,        1135,      -11.48767327,      -8.701376108,      -8.590279261,      -8.586644066,      -6.010432105
          0,           0,        1136,      -11.48735301,       -8.69513763,      -8.594002237,      -8.591455485,      -6.009507081
          0,           0,        1137,      -11.48798632,      -8.688381398,      -8.597473132,      -8.595824331,      -6.009569906
          0,           0,        1138,      -11.48982149,      -8.681883486,      -8.600902884,      -8.599926067,      -6.010886472
          0,           0,        1139,       -11.4930136,      -8.676276035,      -8.604486028,      -8.603934393,      -6.013625197
          0,           0,        1140,      -11.49778777,      -8.672034633,      -8.608408678,      -8.608023237,      -6.018028555
          0,           0,        1141,      -11.50429451,      -8.669528567,      -8.612823447,      -8.612347476,      -6.024249353
          0,           0,        1142,      -11.51251073,      -8.669020013,      -8.617840378,      -8.617033869,      -6.032277914
          0,           0,        1143,      -11.52242302,      -8.670698418,      -8.623545936,      -8.622179098,      -6.042105827
          0,           0,        1144,       -11.5341301,      -8.674704418,      -8.630009323,      -8.627880552,      -6.053838261
          0,           0,        1145,      -11.54752864,      -8.681116661,      -8.637254857,      -8.634186119,      -6.067383542
          0,           0,        1146,      -11.56250237,      -8.689993482,       -8.64528152,      -8.641126168,      -6.082644048
          0,           0,        1147,       -11.5789189,      -8.701347322,      -8.654057518,      -8.648709057,      -6.099487762
          0,           0,        1148,      -11.59643138,      -8.715163462,      -8.663515377,      -8.656909027,      -6.117577799
          0,           0,        1149,      -11.61475729,      -8.731371511,       -8.67357153,      -8.665687263,      -6.136622918
          0,           0,        1150,      -11.63348866,        -8.7498467,      -8.684106855,      -8.674990326,      -6.156222572
          0,           0,        1151,      -11.65205478,      -8.770383579,      -8.694988141,      -8.684739747,      -6.175769356
          0,           0,        1152,      -11.66986389,      -8.792655407,       -8.70606092,      -8.694839972,      -6.194620954
          0,           0,        1153,      -11.68634563,      -8.816174734,       -8.71714826,       -8.70519529,      -6.212142597
          0,           0,        1154,      -11.70091118,       -8.84027478,      -8.728074728,      -8.715669498,      -6.227662018
          0,           0,        1155,      -11.71314996,      -8.864065069,      -8.738640383,      -8.726112991,      -6.240651468
          0,           0,        1156,      -11.72275547,      -8.886448415,      -8.748651394,      -8.736343954,      -6.250739501
          0,           0,        1157,      -11.72961165,      -8.906218754,      -8.757925181,      -8.746164062,       -6.25774823
          0,           0,        1158,      -11.73381671,      -8.922178923,      -8.766316553,      -8.755403218,      -6.261757411
          0,           0,        1159,      -11.73560669,      -8.933394827,      -8.773726078,      -8.763909353,      -6.263035194
          0,           0,        1160,      -11.73546526,      -8.939407277,      -8.780124432,      -8.771582604,      -6.262129786
          0,           0,        1161,      -11.73381698,      -8.940338837,      -8.785522842,      -8.778367386,      -6.259542598
          0,           0,        1162,      -11.73128671,      -8.936859711,       -8.79001489,       -8.78427798,      -6.255960022
          0,           0,        1163,      -11.72843971,      -8.930028296,       -8.79374504,      -8.789386268,       -6.25202919
          0,           0,        1164,      -11.72576654,      -8.921031053,      -8.796901712,      -8.793804105,      -6.248303253
          0,           0,        1165,      -11.72366899,      -8.911001251,       -8.79968744,      -8.797696506,      -6.245208037
          0,           0,        1166,      -11.72253263,      -8.900915718,       -8.80233485,      -8.801232547,      -6.243145498
          0,           0,        1167,      -11.72251062,      -8.891533591,      -8.805039599,       -8.80459924,      -6.242310072
          0,           0,        1168,      -11.72388674,      -8.883438897,      -8.808006615,      -8.807974871,      -6.242977691
          0,           0,        1169,        -11.726661,      -8.877045485,      -8.811388551,      -8.811520111,      -6.245169339
          0,           0,        1170,       -11.7310442,      -8.872649344,      -8.815348434,      -8.815387251,      -6.249071109
