NDIME= 2
NELEM= 10216
5	417	69	311	0
5	302	55	56	1
5	405	159	384	2
5	594	427	450	3
5	315	71	72	4
5	319	4	262	5
5	270	39	40	6
5	327	65	66	7
5	451	259	325	8
5	441	40	41	9
5	358	147	148	10
5	287	12	13	11
5	252	144	145	12
5	254	56	57	13
5	348	96	269	14
5	262	4	5	15
5	647	465	525	16
5	453	308	449	17
5	309	282	15	18
5	560	265	470	19
5	369	185	186	20
5	420	271	27	21
5	432	137	376	22
5	643	471	270	23
5	429	121	354	24
5	282	14	15	25
5	568	446	456	26
5	292	257	31	27
5	617	385	457	28
5	831	694	478	29
5	274	24	25	30
5	470	346	454	31
5	311	69	70	32
5	291	20	278	33
5	286	24	274	34
5	257	30	31	35
5	255	0	1	36
5	996	809	797	37
5	342	79	312	38
5	280	18	19	39
5	543	319	518	40
5	316	42	294	41
5	507	356	439	42
5	543	293	319	43
5	546	298	299	44
5	324	288	9	45
5	749	548	648	46
5	270	251	39	47
5	542	459	257	48
5	258	36	37	49
5	322	18	280	50
5	315	72	290	51
5	555	313	342	52
5	288	8	9	53
5	645	348	465	54
5	323	14	282	55
5	308	62	63	56
5	300	75	76	57
5	335	84	303	58
5	421	60	305	59
5	334	38	251	60
5	749	549	548	61
5	285	53	54	62
5	302	56	254	63
5	751	644	725	64
5	250	82	83	65
5	294	42	43	66
5	301	87	88	67
5	279	80	81	68
5	305	60	61	69
5	531	475	278	70
5	554	448	540	71
5	271	26	27	72
5	284	89	90	73
5	416	111	112	74
5	329	260	33	75
5	475	291	278	76
5	340	0	255	77
5	277	106	107	78
5	420	28	272	79
5	295	52	53	80
5	316	41	42	81
5	333	294	43	82
5	825	476	650	83
5	331	300	76	84
5	762	555	664	85
5	295	53	285	86
5	290	72	73	87
5	337	90	91	88
5	312	79	80	89
5	511	320	336	90
5	1041	890	895	91
5	555	342	464	92
5	946	762	848	93
5	564	314	556	94
5	345	52	295	95
5	335	250	83	96
5	449	63	64	97
5	338	254	57	98
5	842	642	557	99
5	338	57	58	100
5	517	256	293	101
5	259	101	102	102
5	512	281	350	103
5	348	95	96	104
5	441	270	40	105
5	361	177	178	106
5	266	99	100	107
5	510	451	325	108
5	580	353	413	109
5	372	115	116	110
5	367	117	118	111
5	357	151	349	112
5	412	375	127	113
5	639	273	436	114
5	381	157	158	115
5	492	368	430	116
5	377	147	358	117
5	400	173	390	118
5	437	365	182	119
5	406	161	253	120
5	403	253	162	121
5	395	181	365	122
5	397	175	393	123
5	408	157	381	124
5	619	408	381	125
5	401	386	166	126
5	399	388	170	127
5	834	690	450	128
5	585	377	358	129
5	387	163	164	130
5	404	165	386	131
5	353	112	113	132
5	424	321	109	133
5	363	252	145	134
5	363	145	146	135
5	481	429	354	136
5	607	393	484	137
5	1544	685	720	138
5	653	485	490	139
5	275	132	133	140
5	409	382	129	141
5	373	135	136	142
5	614	482	253	143
5	355	143	144	144
5	409	130	383	145
5	380	354	122	146
5	486	435	273	147
5	436	273	140	148
5	411	126	375	149
5	360	186	187	150
5	593	394	488	151
5	850	681	706	152
5	393	175	176	153
5	806	611	604	154
5	398	177	361	155
5	784	587	502	156
5	403	162	163	157
5	402	169	388	158
5	253	161	162	159
5	396	188	359	160
5	388	169	170	161
5	1083	868	726	162
5	390	173	174	163
5	484	393	398	164
5	356	195	196	165
5	380	122	123	166
5	432	373	136	167
5	375	126	127	168
5	412	128	382	169
5	357	150	151	170
5	355	144	252	171
5	364	141	142	172
5	624	483	375	173
5	435	139	273	174
5	482	479	406	175
5	424	110	351	176
5	623	412	382	177
5	595	501	352	178
5	325	259	102	179
5	328	46	296	180
5	269	96	97	181
5	1361	1264	1068	182
5	530	286	462	183
5	550	306	421	184
5	251	38	39	185
5	423	103	104	186
5	350	99	266	187
5	693	451	510	188
5	483	411	375	189
5	352	114	115	190
5	633	478	424	191
5	444	150	357	192
5	427	117	367	193
5	588	395	365	194
5	385	154	261	195
5	655	491	587	196
5	369	186	360	197
5	581	431	485	198
5	386	165	166	199
5	5232	5214	5229	200
5	508	503	443	201
5	5232	5226	5214	202
5	1099	878	1090	203
5	5231	207	5222	204
5	5231	206	207	205
5	5230	5210	5219	206
5	5230	5213	5210	207
5	5229	5199	5213	208
5	5229	5214	5199	209
5	5228	204	205	210
5	5228	5217	204	211
5	5225	5219	5200	212
5	5225	249	5219	213
5	5232	5229	202	214
5	5232	202	203	215
5	5227	247	248	216
5	5227	5196	5212	217
5	5224	5195	5209	218
5	5224	5202	5195	219
5	5223	225	226	220
5	5223	5220	225	221
5	5224	5228	205	222
5	5231	205	206	223
5	5221	5173	5203	224
5	5221	5201	5173	225
5	5220	5211	225	226
5	5220	5181	5211	227
5	5230	200	201	228
5	5230	5229	5213	229
5	5219	5210	5191	230
5	5225	5218	248	231
5	5231	5202	5224	232
5	5231	5222	5202	233
5	5216	227	228	234
5	5216	5208	227	235
5	5215	207	208	236
5	5222	5206	5189	237
5	5232	203	5226	238
5	5230	201	5229	239
5	5214	5205	5174	240
5	5229	201	202	241
5	5212	246	247	242
5	5221	246	5212	243
5	5211	5180	224	244
5	5211	5181	5180	245
5	5210	5152	5191	246
5	5210	5190	5152	247
5	5231	5224	205	248
5	5228	5224	5209	249
5	5223	5208	5185	250
5	5223	226	227	251
5	5207	5180	5166	252
5	5207	223	5180	253
5	5222	5189	5202	254
5	5222	5215	5206	255
5	5226	5205	5214	256
5	5217	5188	5205	257
5	5197	229	230	258
5	5197	5179	229	259
5	5203	5163	5193	260
5	5203	5173	5163	261
5	5215	208	209	262
5	5222	207	5215	263
5	5221	5212	5201	264
5	5221	245	246	265
5	5230	5219	200	266
5	5219	249	200	267
5	5205	5154	5174	268
5	5226	5217	5205	269
5	5198	221	222	270
5	5198	5186	221	271
5	5197	5121	5179	272
5	5197	5088	5121	273
5	5212	5196	5170	274
5	5201	5170	5145	275
5	5195	5140	5169	276
5	5195	5157	5140	277
5	5192	241	5168	278
5	5192	240	241	279
5	5193	5160	243	280
5	5193	5163	5160	281
5	5223	5185	5220	282
5	5211	224	225	283
5	5213	5199	5190	284
5	5225	248	249	285
5	5184	5150	218	286
5	5184	5127	5150	287
5	5183	212	5155	288
5	5183	211	212	289
5	5228	5209	5217	290
5	5209	5169	5188	291
5	5187	241	242	292
5	5187	5160	5139	293
5	5186	220	221	294
5	5186	5151	220	295
5	5220	5185	5161	296
5	5220	5161	5181	297
5	5184	219	5151	298
5	5184	5151	5127	299
5	5183	5155	5125	300
5	5149	210	211	301
5	5190	5113	5152	302
5	5182	5112	5162	303
5	5223	227	5208	304
5	5181	5167	5147	305
5	5180	223	224	306
5	5207	5166	5194	307
5	5216	5179	5177	308
5	5179	5158	5177	309
5	5178	5156	5135	310
5	5178	215	5156	311
5	5177	5158	5130	312
5	5179	228	229	313
5	5191	5129	5143	314
5	5227	5212	247	315
5	5204	5142	5175	316
5	5204	214	5178	317
5	5174	5118	5146	318
5	5174	5154	5118	319
5	5171	5144	238	320
5	5171	5116	5144	321
5	5171	5148	5116	322
5	5172	216	217	323
5	5171	238	239	324
5	5172	217	5150	325
5	5176	5133	5153	326
5	5218	5176	5196	327
5	5202	5189	5157	328
5	5226	204	5217	329
5	5194	5166	5131	330
5	5192	5138	5148	331
5	5167	5134	5122	332
5	5167	5161	5134	333
5	5166	5096	5131	334
5	5166	5147	5096	335
5	5165	5091	5123	336
5	5165	5130	5091	337
5	5198	5194	5164	338
5	5207	222	223	339
5	5201	5145	5173	340
5	5203	5193	244	341
5	5162	5108	5128	342
5	5162	5112	5108	343
5	5181	5147	5180	344
5	5208	5165	5185	345
5	5208	5177	5165	346
5	5216	5177	5208	347
5	5159	5087	5111	348
5	5159	5115	5087	349
5	5158	5105	5130	350
5	5192	5168	5138	351
5	5189	5114	5157	352
5	5206	5128	5189	353
5	5192	5148	240	354
5	5148	239	240	355
5	5155	5090	5125	356
5	5155	5132	5090	357
5	5154	5101	5118	358
5	5154	5119	5101	359
5	5153	5082	5124	360
5	5153	5133	5082	361
5	5191	5152	5129	362
5	5227	248	5218	363
5	5164	5107	5137	364
5	5151	219	220	365
5	5184	218	219	366
5	5150	217	218	367
5	5217	5209	5188	368
5	5182	5162	209	369
5	5178	214	215	370
5	5148	5138	5086	371
5	5207	5194	222	372
5	5147	5122	5096	373
5	5199	5174	5146	374
5	5219	5191	5200	375
5	5145	5098	5126	376
5	5145	5124	5098	377
5	5144	237	238	378
5	5144	5115	237	379
5	5152	5076	5129	380
5	5200	5191	5143	381
5	5175	5155	212	382
5	5183	5149	211	383
5	5141	5094	5061	384
5	5141	5121	5094	385
5	5215	5162	5206	386
5	5214	5174	5199	387
5	5139	5102	5100	388
5	5139	5120	5102	389
5	5187	242	243	390
5	5194	5131	5164	391
5	5198	5164	5186	392
5	5186	5164	5137	393
5	5197	5136	5088	394
5	5197	230	5136	395
5	5135	5047	5093	396
5	5135	5092	5047	397
5	5167	5122	5147	398
5	438	198	199	399
5	5161	5106	5134	400
5	1036	844	843	401
5	307	86	87	402
5	661	506	199	403
5	5189	5128	5114	404
5	508	443	356	405
5	5112	5074	5108	406
5	685	657	503	407
5	5156	5092	5135	408
5	508	356	507	409
5	5204	5178	5142	410
5	659	438	506	411
5	5161	5123	5106	412
5	439	356	196	413
5	5187	5139	5168	414
5	443	195	356	415
5	5177	5130	5165	416
5	485	431	433	417
5	5185	5123	5161	418
5	660	517	543	419
5	5129	5071	5081	420
5	385	153	154	421
5	5129	5076	5071	422
5	661	199	515	423
5	5190	5146	5113	424
5	5188	5169	5119	425
5	5186	5137	5151	426
5	354	121	122	427
5	5182	210	5149	428
5	416	351	111	429
5	5170	5124	5145	430
5	1230	1086	1051	431
5	5203	244	245	432
5	410	132	275	433
5	5183	5125	5149	434
5	415	108	321	435
5	5182	5149	5112	436
5	347	101	259	437
5	5124	5045	5098	438
5	318	89	284	439
5	5124	5082	5045	440
5	425	106	277	441
5	5187	5168	241	442
5	578	347	452	443
5	5180	5147	5166	444
5	325	102	103	445
5	5134	5097	5109	446
5	473	464	312	447
5	5134	5109	5122	448
5	769	737	516	449
5	5179	5121	5158	450
5	5158	5121	5141	451
5	5160	5120	5139	452
5	347	100	101	453
5	5168	5100	5138	454
5	445	95	348	455
5	5140	5103	5056	456
5	671	579	645	457
5	5205	5188	5154	458
5	303	84	85	459
5	5146	5118	5089	460
5	445	336	94	461
5	5146	5089	5113	462
5	721	509	477	463
5	5117	5077	5046	464
5	320	92	93	465
5	5117	234	5077	466
5	335	83	84	467
5	5116	5086	5064	468
5	447	82	250	469
5	5138	5100	5070	470
5	764	754	540	471
5	5159	236	237	472
5	339	71	315	473
5	5159	237	5115	474
5	306	58	59	475
5	5169	5140	5085	476
5	5140	5056	5085	477
5	5113	5052	5076	478
5	292	31	32	479
5	5113	5089	5052	480
5	419	12	287	481
5	5159	5111	236	482
5	288	268	8	483
5	5111	235	236	484
5	293	2	3	485
5	5128	5084	5114	486
5	293	256	2	487
5	5111	5087	5057	488
5	1394	1257	1239	489
5	5110	5048	5092	490
5	340	199	0	491
5	5110	5079	5048	492
5	1218	517	853	493
5	5109	5049	5038	494
5	729	460	521	495
5	5109	5097	5049	496
5	746	543	518	497
5	5149	5099	5112	498
5	5209	5195	5169	499
5	5107	5020	5063	500
5	5107	5068	5020	501
5	312	80	279	502
5	762	562	555	503
5	460	263	267	504
5	670	470	454	505
5	273	139	140	506
5	641	588	365	507
5	384	159	160	508
5	261	154	155	509
5	304	55	302	510
5	573	332	466	511
5	742	537	741	512
5	1505	888	1371	513
5	256	255	1	514
5	256	1	2	515
5	330	30	257	516
5	472	345	295	517
5	346	36	258	518
5	260	32	33	519
5	511	456	320	520
5	452	259	451	521
5	329	34	265	522
5	292	32	260	523
5	813	617	667	524
5	349	151	152	525
5	521	460	267	526
5	726	515	340	527
5	263	262	5	528
5	263	5	6	529
5	264	261	155	530
5	264	155	156	531
5	329	33	34	532
5	265	34	35	533
5	510	325	423	534
5	514	284	467	535
5	267	263	6	536
5	267	6	7	537
5	268	267	7	538
5	268	7	8	539
5	452	347	259	540
5	509	418	425	541
5	476	330	459	542
5	422	296	47	543
5	326	26	271	544
5	317	22	276	545
5	420	27	28	546
5	272	28	29	547
5	480	400	390	548
5	374	275	133	549
5	570	474	254	550
5	276	22	23	551
5	590	519	252	552
5	374	133	134	553
5	575	343	308	554
5	278	20	21	555
5	415	107	108	556
5	625	321	478	557
5	565	557	294	558
5	557	316	294	559
5	466	332	417	560
5	563	540	300	561
5	642	441	316	562
5	471	251	270	563
5	281	269	97	564
5	281	97	98	565
5	309	16	283	566
5	470	265	346	567
5	309	15	16	568
5	283	16	17	569
5	307	87	301	570
5	675	568	456	571
5	333	43	44	572
5	314	44	45	573
5	286	276	23	574
5	286	23	24	575
5	528	462	274	576
5	533	455	280	577
5	324	10	289	578
5	535	323	282	579
5	324	9	10	580
5	289	10	11	581
5	498	466	417	582
5	310	290	73	583
5	291	280	19	584
5	291	19	20	585
5	938	928	741	586
5	537	468	287	587
5	534	283	322	588
5	521	267	268	589
5	514	318	284	590
5	297	50	51	591
5	422	47	48	592
5	296	46	47	593
5	644	307	536	594
5	573	341	332	595
5	298	48	49	596
5	299	50	297	597
5	505	315	290	598
5	422	48	298	599
5	299	298	49	600
5	299	49	50	601
5	310	73	74	602
5	448	75	300	603
5	913	671	859	604
5	1110	871	1094	605
5	304	54	55	606
5	304	285	54	607
5	442	86	307	608
5	442	85	86	609
5	576	343	575	610
5	665	534	652	611
5	343	62	308	612
5	344	64	65	613
5	556	314	328	614
5	338	58	306	615
5	442	303	85	616
5	467	284	337	617
5	343	61	62	618
5	343	305	61	619
5	497	334	251	620
5	497	251	471	621
5	701	547	662	622
5	532	447	516	623
5	332	67	68	624
5	449	64	344	625
5	313	77	78	626
5	331	76	77	627
5	469	290	310	628
5	331	77	313	629
5	455	322	280	630
5	333	44	314	631
5	339	70	71	632
5	339	311	70	633
5	524	263	460	634
5	441	41	316	635
5	317	278	21	636
5	317	21	22	637
5	318	301	88	638
5	318	88	89	639
5	319	293	3	640
5	319	3	4	641
5	337	284	90	642
5	446	92	320	643
5	415	277	107	644
5	321	108	109	645
5	322	283	17	646
5	322	17	18	647
5	323	287	13	648
5	323	13	14	649
5	552	283	534	650
5	538	289	419	651
5	423	104	418	652
5	694	625	478	653
5	326	274	25	654
5	326	25	26	655
5	341	67	332	656
5	344	65	327	657
5	328	314	45	658
5	328	45	46	659
5	734	677	462	660
5	459	330	257	661
5	330	272	29	662
5	330	29	30	663
5	562	313	555	664
5	498	417	311	665
5	341	66	67	666
5	341	327	66	667
5	468	419	287	668
5	1362	1084	1218	669
5	334	258	37	670
5	334	37	38	671
5	897	675	861	672
5	540	448	300	673
5	336	320	93	674
5	336	93	94	675
5	547	318	514	676
5	768	567	566	677
5	756	520	651	678
5	461	421	305	679
5	652	534	455	680
5	746	660	543	681
5	753	741	535	682
5	1043	889	916	683
5	550	421	461	684
5	643	270	441	685
5	342	313	78	686
5	342	78	79	687
5	575	308	453	688
5	474	302	254	689
5	556	328	520	690
5	449	308	63	691
5	345	297	51	692
5	345	51	52	693
5	346	265	35	694
5	346	35	36	695
5	692	465	647	696
5	347	266	100	697
5	445	94	95	698
5	725	536	701	699
5	407	153	385	700
5	618	407	617	701
5	350	281	98	702
5	350	98	99	703
5	424	109	110	704
5	351	110	111	705
5	413	114	352	706
5	416	112	353	707
5	478	321	424	708
5	496	371	429	709
5	426	367	118	710
5	372	352	115	711
5	378	143	355	712
5	436	140	141	713
5	807	611	806	714
5	359	188	189	715
5	495	383	410	716
5	591	364	378	717
5	783	584	782	718
5	493	410	275	719
5	489	398	361	720
5	394	185	369	721
5	992	880	704	722
5	365	181	182	723
5	605	391	400	724
5	392	178	179	725
5	362	358	148	726
5	362	148	149	727
5	834	450	635	728
5	799	708	504	729
5	603	387	404	730
5	436	141	364	731
5	366	179	180	732
5	392	361	178	733
5	608	480	390	734
5	392	179	366	735
5	426	119	371	736
5	626	353	580	737
5	368	359	189	738
5	368	189	190	739
5	370	183	184	740
5	437	182	183	741
5	839	640	593	742
5	437	183	370	743
5	426	118	119	744
5	371	119	120	745
5	501	413	352	746
5	627	351	416	747
5	428	135	373	748
5	599	380	414	749
5	718	598	689	750
5	824	626	823	751
5	379	124	125	752
5	414	124	379	753
5	432	136	137	754
5	376	137	138	755
5	377	363	146	756
5	377	146	147	757
5	378	364	142	758
5	378	142	143	759
5	600	481	354	760
5	686	583	487	761
5	816	620	619	762
5	689	598	483	763
5	408	156	157	764
5	408	264	156	765
5	412	127	128	766
5	382	128	129	767
5	409	129	130	768
5	383	130	131	769
5	405	158	159	770
5	405	381	158	771
5	407	152	153	772
5	407	349	152	773
5	604	389	402	774
5	640	370	593	775
5	609	391	605	776
5	403	163	387	777
5	389	167	168	778
5	401	166	167	779
5	604	402	601	780
5	401	167	389	781
5	391	171	172	782
5	399	170	171	783
5	479	384	406	784
5	399	171	391	785
5	606	504	392	786
5	593	370	394	787
5	397	174	175	788
5	397	390	174	789
5	394	370	184	790
5	394	184	185	791
5	395	366	180	792
5	395	180	181	793
5	396	360	187	794
5	396	187	188	795
5	620	523	264	796
5	615	384	479	797
5	398	393	176	798
5	398	176	177	799
5	482	406	253	800
5	614	253	403	801
5	400	391	172	802
5	400	172	173	803
5	605	400	480	804
5	489	484	398	805
5	402	389	168	806
5	402	168	169	807
5	974	788	732	808
5	622	382	409	809
5	404	387	164	810
5	404	164	165	811
5	494	376	435	812
5	621	409	383	813
5	406	384	160	814
5	406	160	161	815
5	638	436	364	816
5	583	362	444	817
5	487	444	357	818
5	583	444	487	819
5	636	376	494	820
5	617	407	385	821
5	410	383	131	822
5	410	131	132	823
5	411	379	125	824
5	411	125	126	825
5	529	428	373	826
5	634	426	371	827
5	413	353	113	828
5	413	113	114	829
5	414	380	123	830
5	414	123	124	831
5	580	413	501	832
5	509	425	477	833
5	496	429	481	834
5	527	378	355	835
5	417	332	68	836
5	417	68	69	837
5	423	325	103	838
5	418	104	105	839
5	419	289	11	840
5	419	11	12	841
5	534	322	455	842
5	533	280	291	843
5	421	306	59	844
5	421	59	60	845
5	574	327	341	846
5	646	449	344	847
5	632	418	509	848
5	861	675	669	849
5	624	375	412	850
5	500	414	379	851
5	425	418	105	852
5	425	105	106	853
5	595	372	594	854
5	690	594	450	855
5	427	372	116	856
5	427	116	117	857
5	428	374	134	858
5	428	134	135	859
5	429	371	120	860
5	429	120	121	861
5	430	368	190	862
5	430	190	191	863
5	431	430	191	864
5	431	191	192	865
5	494	435	486	866
5	639	486	273	867
5	433	431	192	868
5	433	192	193	869
5	434	433	193	870
5	434	193	194	871
5	435	376	138	872
5	435	138	139	873
5	601	402	388	874
5	602	404	386	875
5	867	506	661	876
5	812	616	615	877
5	439	196	197	878
5	440	198	438	879
5	592	395	588	880
5	586	368	492	881
5	440	439	197	882
5	440	197	198	883
5	539	521	268	884
5	541	292	260	885
5	473	312	279	886
5	532	473	279	887
5	443	434	194	888
5	443	194	195	889
5	444	362	149	890
5	444	149	150	891
5	951	767	751	892
5	1051	856	915	893
5	446	337	91	894
5	446	91	92	895
5	447	279	81	896
5	447	81	82	897
5	448	310	74	898
5	448	74	75	899
5	526	295	285	900
5	569	306	550	901
5	450	427	367	902
5	635	450	367	903
5	884	790	690	904
5	791	781	501	905
5	978	793	977	906
5	902	702	717	907
5	646	453	449	908
5	577	344	327	909
5	454	346	258	910
5	497	458	334	911
5	628	272	476	912
5	629	463	271	913
5	456	446	320	914
5	951	751	856	915
5	457	385	261	916
5	523	457	261	917
5	458	454	258	918
5	458	258	334	919
5	476	272	330	920
5	462	286	274	921
5	825	628	476	922
5	736	475	531	923
5	548	302	474	924
5	544	345	472	925
5	528	326	463	926
5	679	524	666	927
5	528	274	326	928
5	463	326	271	929
5	464	342	312	930
5	775	498	572	931
5	465	348	269	932
5	698	512	513	933
5	754	554	540	934
5	737	532	516	935
5	567	250	335	936
5	532	279	447	937
5	539	268	288	938
5	538	419	468	939
5	572	498	311	940
5	505	290	469	941
5	561	541	260	942
5	542	257	292	943
5	843	643	642	944
5	631	520	296	945
5	544	297	345	946
5	520	328	296	947
5	701	536	547	948
5	536	307	301	949
5	548	304	302	950
5	526	472	295	951
5	531	317	522	952
5	533	291	475	953
5	628	420	272	954
5	629	271	420	955
5	477	425	277	956
5	499	477	277	957
5	499	277	415	958
5	698	513	578	959
5	615	405	384	960
5	523	261	264	961
5	610	601	388	962
5	862	707	655	963
5	635	426	634	964
5	634	371	496	965
5	705	479	482	966
5	792	597	687	967
5	598	411	483	968
5	600	354	380	969
5	607	397	393	970
5	608	390	397	971
5	808	797	602	972
5	488	394	369	973
5	596	493	275	974
5	596	275	374	975
5	590	252	363	976
5	519	355	252	977
5	988	802	801	978
5	587	360	396	979
5	798	592	789	980
5	800	607	484	981
5	490	485	433	982
5	490	433	434	983
5	491	488	369	984
5	491	369	360	985
5	502	396	359	986
5	587	491	360	987
5	730	457	523	988
5	495	410	493	989
5	711	529	637	990
5	597	428	529	991
5	835	636	710	992
5	621	383	495	993
5	822	689	483	994
5	635	367	426	995
5	771	570	569	996
5	770	569	550	997
5	571	315	505	998
5	776	466	716	999
5	717	625	694	1000
5	901	852	695	1001
5	821	623	820	1002
5	599	414	500	1003
5	627	416	626	1004
5	626	416	353	1005
5	706	581	654	1006
5	587	396	502	1007
5	503	490	434	1008
5	503	434	443	1009
5	504	489	361	1010
5	504	361	392	1011
5	571	339	315	1012
5	572	311	339	1013
5	506	438	199	1014
5	943	917	743	1015
5	685	503	508	1016
5	910	681	850	1017
5	654	485	653	1018
5	987	801	800	1019
5	663	578	452	1020
5	852	663	695	1021
5	1199	1020	1198	1022
5	724	647	525	1023
5	698	578	663	1024
5	722	632	656	1025
5	859	692	847	1026
5	525	281	512	1027
5	513	512	350	1028
5	513	350	266	1029
5	566	335	303	1030
5	516	447	250	1031
5	1219	658	1080	1032
5	515	199	340	1033
5	1038	845	780	1034
5	551	303	442	1035
5	668	256	517	1036
5	868	661	515	1037
5	543	517	293	1038
5	518	319	262	1039
5	584	362	583	1040
5	527	355	519	1041
5	545	297	544	1042
5	631	296	422	1043
5	740	652	455	1044
5	752	552	665	1045
5	531	278	317	1046
5	522	317	276	1047
5	616	405	615	1048
5	782	584	583	1049
5	524	518	262	1050
5	524	262	263	1051
5	525	465	269	1052
5	525	269	281	1053
5	549	304	548	1054
5	757	556	756	1055
5	839	593	683	1056
5	591	378	527	1057
5	665	552	534	1058
5	742	696	468	1059
5	637	432	636	1060
5	637	373	432	1061
5	530	522	276	1062
5	530	276	286	1063
5	874	700	731	1064
5	747	544	700	1065
5	673	662	514	1066
5	773	505	699	1067
5	829	631	630	1068
5	765	565	564	1069
5	553	535	282	1070
5	537	287	323	1071
5	553	309	552	1072
5	537	323	535	1073
5	567	335	566	1074
5	566	303	551	1075
5	760	560	672	1076
5	744	542	541	1077
5	559	539	288	1078
5	558	289	538	1079
5	559	324	558	1080
5	759	559	758	1081
5	554	310	448	1082
5	554	469	310	1083
5	561	329	560	1084
5	542	292	541	1085
5	674	522	530	1086
5	1017	828	748	1087
5	889	758	728	1088
5	1528	1266	1364	1089
5	545	299	297	1090
5	630	422	298	1091
5	748	546	545	1092
5	546	299	545	1093
5	844	714	471	1094
5	630	298	546	1095
5	547	536	301	1096
5	547	301	318	1097
5	549	285	304	1098
5	549	526	285	1099
5	700	544	472	1100
5	715	678	458	1101
5	569	338	306	1102
5	570	254	338	1103
5	751	551	644	1104
5	567	516	250	1105
5	553	282	309	1106
5	552	309	283	1107
5	745	459	542	1108
5	672	560	470	1109
5	780	577	574	1110
5	776	573	466	1111
5	562	331	313	1112
5	563	300	331	1113
5	763	562	762	1114
5	738	473	532	1115
5	565	333	564	1116
5	642	316	557	1117
5	559	288	324	1118
5	558	324	289	1119
5	679	518	524	1120
5	753	553	752	1121
5	561	260	329	1122
5	560	329	265	1123
5	746	518	679	1124
5	734	528	733	1125
5	953	769	768	1126
5	563	331	562	1127
5	846	453	646	1128
5	699	505	469	1129
5	565	294	333	1130
5	564	333	314	1131
5	777	574	573	1132
5	845	646	577	1133
5	1086	856	1051	1134
5	723	511	579	1135
5	723	579	671	1136
5	669	456	511	1137
5	568	467	337	1138
5	568	337	446	1139
5	761	744	541	1140
5	570	338	569	1141
5	750	549	749	1142
5	1667	1374	1548	1143
5	1136	946	1047	1144
5	572	339	571	1145
5	676	550	461	1146
5	846	649	453	1147
5	773	571	505	1148
5	574	341	573	1149
5	1142	954	953	1150
5	577	327	574	1151
5	576	305	343	1152
5	576	461	305	1153
5	1037	714	844	1154
5	829	651	631	1155
5	1039	846	845	1156
5	646	344	577	1157
5	578	513	266	1158
5	578	266	347	1159
5	579	511	336	1160
5	579	336	445	1161
5	790	594	690	1162
5	633	351	627	1163
5	581	492	430	1164
5	581	430	431	1165
5	582	487	357	1166
5	582	357	349	1167
5	584	358	362	1168
5	589	363	377	1169
5	712	495	493	1170
5	585	358	584	1171
5	688	494	486	1172
5	589	377	585	1173
5	586	502	359	1174
5	586	359	368	1175
5	1092	867	661	1176
5	802	703	480	1177
5	592	366	395	1178
5	606	392	366	1179
5	1030	905	688	1180
5	590	363	589	1181
5	840	641	640	1182
5	1154	968	910	1183
5	803	605	703	1184
5	638	364	591	1185
5	789	592	588	1186
5	606	366	592	1187
5	640	437	370	1188
5	641	365	437	1189
5	595	352	372	1190
5	594	372	427	1191
5	794	500	718	1192
5	796	481	600	1193
5	787	519	590	1194
5	838	688	486	1195
5	597	596	374	1196
5	597	374	428	1197
5	598	500	379	1198
5	598	379	411	1199
5	793	596	792	1200
5	600	380	599	1201
5	821	624	623	1202
5	793	712	493	1203
5	612	602	386	1204
5	613	403	387	1205
5	611	389	604	1206
5	603	404	602	1207
5	683	593	488	1208
5	613	387	603	1209
5	611	401	389	1210
5	612	386	401	1211
5	609	399	391	1212
5	610	388	399	1213
5	681	586	492	1214
5	707	491	655	1215
5	803	609	605	1216
5	608	397	607	1217
5	840	640	839	1218
5	983	798	789	1219
5	708	489	504	1220
5	610	399	609	1221
5	812	615	684	1222
5	684	615	479	1223
5	810	614	613	1224
5	612	401	611	1225
5	1032	840	839	1226
5	801	608	607	1227
5	709	489	708	1228
5	614	403	613	1229
5	788	527	732	1230
5	682	487	582	1231
5	616	381	405	1232
5	620	264	408	1233
5	1026	834	1025	1234
5	619	381	616	1235
5	618	349	407	1236
5	618	582	349	1237
5	686	487	682	1238
5	782	583	686	1239
5	732	527	519	1240
5	620	408	619	1241
5	787	732	519	1242
5	785	589	585	1243
5	687	597	529	1244
5	622	409	621	1245
5	820	623	622	1246
5	623	382	622	1247
5	1001	813	877	1248
5	624	412	623	1249
5	713	496	481	1250
5	702	477	499	1251
5	625	499	415	1252
5	625	415	321	1253
5	781	580	501	1254
5	633	424	351	1255
5	911	702	902	1256
5	721	477	702	1257
5	826	628	825	1258
5	629	420	628	1259
5	827	733	463	1260
5	883	666	729	1261
5	651	520	631	1262
5	631	422	630	1263
5	715	497	714	1264
5	740	455	533	1265
5	632	510	423	1266
5	632	423	418	1267
5	791	595	790	1268
5	831	478	633	1269
5	718	500	598	1270
5	796	713	481	1271
5	831	633	830	1272
5	1007	819	818	1273
5	637	529	373	1274
5	636	432	376	1275
5	813	618	617	1276
5	836	638	591	1277
5	797	603	602	1278
5	639	436	638	1279
5	811	705	482	1280
5	705	684	479	1281
5	903	684	705	1282
5	641	437	640	1283
5	654	581	485	1284
5	817	730	523	1285
5	649	575	453	1286
5	643	441	642	1287
5	778	575	649	1288
5	770	550	676	1289
5	644	551	442	1290
5	644	442	307	1291
5	645	579	445	1292
5	645	445	348	1293
5	950	766	765	1294
5	937	752	855	1295
5	695	452	451	1296
5	1220	1045	1048	1297
5	648	548	474	1298
5	772	648	474	1299
5	778	576	575	1300
5	772	474	570	1301
5	650	476	459	1302
5	745	650	459	1303
5	756	556	520	1304
5	844	471	643	1305
5	735	522	674	1306
5	759	743	539	1307
5	1219	507	658	1308
5	863	685	849	1309
5	1069	983	1031	1310
5	1318	1171	1317	1311
5	719	586	681	1312
5	784	655	587	1313
5	656	632	509	1314
5	721	656	509	1315
5	657	653	490	1316
5	657	490	503	1317
5	658	507	439	1318
5	658	439	440	1319
5	691	438	659	1320
5	691	440	438	1321
5	1063	942	889	1322
5	909	891	678	1323
5	668	255	256	1324
5	868	515	726	1325
5	662	547	514	1326
5	1115	1079	873	1327
5	695	451	693	1328
5	1022	694	831	1329
5	664	555	464	1330
5	738	532	737	1331
5	696	538	468	1332
5	666	524	460	1333
5	728	538	696	1334
5	758	558	728	1335
5	667	617	457	1336
5	730	667	457	1337
5	853	517	660	1338
5	727	255	668	1339
5	673	514	467	1340
5	675	456	669	1341
5	1018	829	828	1342
5	672	470	670	1343
5	723	669	511	1344
5	1012	781	976	1345
5	1086	951	856	1346
5	1040	875	649	1347
5	680	568	675	1348
5	680	467	568	1349
5	735	531	522	1350
5	739	533	475	1351
5	680	673	467	1352
5	915	856	725	1353
5	779	576	778	1354
5	779	676	461	1355
5	677	674	530	1356
5	677	530	462	1357
5	678	670	454	1358
5	678	454	458	1359
5	896	666	883	1360
5	1134	943	1133	1361
5	856	751	725	1362
5	915	701	871	1363
5	719	502	586	1364
5	784	502	719	1365
5	814	618	813	1366
5	814	582	618	1367
5	841	588	641	1368
5	703	605	480	1369
5	993	807	806	1370
5	704	604	601	1371
5	867	659	506	1372
5	720	685	508	1373
5	1028	837	836	1374
5	838	486	639	1375
5	710	494	688	1376
5	711	687	529	1377
5	710	636	494	1378
5	999	903	705	1379
5	818	495	712	1380
5	819	622	621	1381
5	832	496	713	1382
5	1202	1024	1023	1383
5	720	508	507	1384
5	691	658	440	1385
5	692	671	645	1386
5	692	645	465	1387
5	695	663	452	1388
5	1267	1109	914	1389
5	823	580	781	1390
5	830	633	627	1391
5	1107	902	1054	1392
5	901	695	693	1393
5	728	558	538	1394
5	729	666	460	1395
5	697	664	464	1396
5	697	464	473	1397
5	724	512	698	1398
5	724	525	512	1399
5	755	554	754	1400
5	716	466	498	1401
5	747	545	544	1402
5	828	630	546	1403
5	725	644	536	1404
5	738	697	473	1405
5	1198	1020	1013	1406
5	864	693	722	1407
5	805	704	601	1408
5	806	604	704	1409
5	804	609	803	1410
5	1366	1224	1264	1411
5	809	603	797	1412
5	995	808	994	1413
5	706	681	492	1414
5	706	492	581	1415
5	707	683	488	1416
5	707	488	491	1417
5	709	484	489	1418
5	802	480	608	1419
5	995	797	808	1420
5	800	484	709	1421
5	991	805	804	1422
5	993	806	880	1423
5	865	812	684	1424
5	1002	812	865	1425
5	818	621	495	1426
5	820	622	819	1427
5	832	634	496	1428
5	833	635	634	1429
5	715	458	497	1430
5	714	497	471	1431
5	925	739	736	1432
5	921	735	674	1433
5	774	571	773	1434
5	775	716	498	1435
5	717	702	499	1436
5	717	499	625	1437
5	794	599	500	1438
5	795	600	599	1439
5	910	719	681	1440
5	1032	839	879	1441
5	1070	1032	879	1442
5	1068	857	863	1443
5	1021	831	830	1444
5	1026	884	690	1445
5	722	693	510	1446
5	722	510	632	1447
5	1253	1102	1225	1448
5	1258	1059	1082	1449
5	1221	1059	852	1450
5	1057	698	663	1451
5	954	737	769	1452
5	1060	913	859	1453
5	1222	1093	868	1454
5	1061	888	932	1455
5	727	726	340	1456
5	727	340	255	1457
5	893	670	891	1458
5	930	745	744	1459
5	922	735	921	1460
5	1289	1124	1064	1461
5	815	616	812	1462
5	1062	900	905	1463
5	731	700	472	1464
5	731	472	526	1465
5	788	591	527	1466
5	837	639	638	1467
5	734	462	528	1468
5	733	528	463	1469
5	941	757	756	1470
5	1015	826	1014	1471
5	855	752	665	1472
5	736	531	735	1473
5	938	753	937	1474
5	739	475	736	1475
5	767	551	751	1476
5	875	778	649	1477
5	958	872	648	1478
5	960	774	959	1479
5	929	742	928	1480
5	740	533	739	1481
5	1407	1228	1294	1482
5	1810	1652	1504	1483
5	742	468	537	1484
5	741	537	535	1485
5	855	665	854	1486
5	1014	826	825	1487
5	743	729	521	1488
5	743	521	539	1489
5	761	561	760	1490
5	745	542	744	1491
5	1019	651	829	1492
5	935	750	749	1493
5	1139	941	1076	1494
5	1120	854	927	1495
5	931	650	745	1496
5	748	545	747	1497
5	1014	825	869	1498
5	828	546	748	1499
5	750	526	549	1500
5	750	731	526	1501
5	920	885	677	1502
5	927	652	740	1503
5	767	566	551	1504
5	769	516	567	1505
5	753	535	553	1506
5	752	553	552	1507
5	929	916	696	1508
5	1213	1035	1212	1509
5	755	469	554	1510
5	755	699	469	1511
5	948	754	764	1512
5	939	755	754	1513
5	757	564	556	1514
5	766	557	565	1515
5	941	756	851	1516
5	765	564	757	1517
5	759	539	559	1518
5	758	559	558	1519
5	1120	1085	854	1520
5	922	736	735	1521
5	761	541	561	1522
5	760	561	560	1523
5	956	771	770	1524
5	935	749	872	1525
5	763	563	562	1526
5	764	540	563	1527
5	959	774	773	1528
5	764	563	763	1529
5	963	777	776	1530
5	961	775	960	1531
5	891	670	678	1532
5	766	565	765	1533
5	1035	843	842	1534
5	842	557	766	1535
5	915	725	701	1536
5	768	566	767	1537
5	948	939	754	1538
5	769	567	768	1539
5	947	763	946	1540
5	1040	649	846	1541
5	872	749	648	1542
5	771	569	770	1543
5	956	770	955	1544
5	772	570	771	1545
5	965	778	875	1546
5	957	772	771	1547
5	774	572	571	1548
5	775	572	774	1549
5	952	767	951	1550
5	859	671	692	1551
5	871	701	662	1552
5	923	738	737	1553
5	873	664	697	1554
5	777	573	776	1555
5	873	848	664	1556
5	780	574	777	1557
5	779	461	576	1558
5	933	747	700	1559
5	1127	935	1067	1560
5	934	748	747	1561
5	946	763	762	1562
5	845	577	780	1563
5	823	626	580	1564
5	824	627	626	1565
5	783	585	584	1566
5	786	590	589	1567
5	1029	838	837	1568
5	785	585	783	1569
5	986	709	904	1570
5	985	904	708	1571
5	967	782	858	1572
5	786	589	785	1573
5	970	783	967	1574
5	787	590	786	1575
5	900	835	710	1576
5	973	732	787	1577
5	1011	689	822	1578
5	836	591	788	1579
5	798	606	592	1580
5	799	504	606	1581
5	791	501	595	1582
5	790	595	594	1583
5	1008	820	819	1584
5	1020	830	824	1585
5	793	493	596	1586
5	792	596	597	1587
5	1027	836	788	1588
5	906	835	900	1589
5	981	795	980	1590
5	795	599	794	1591
5	1020	824	1013	1592
5	796	600	795	1593
5	975	791	790	1594
5	976	791	975	1595
5	809	613	603	1596
5	811	482	614	1597
5	1081	850	876	1598
5	799	606	798	1599
5	969	862	655	1600
5	1257	1081	1239	1601
5	898	803	703	1602
5	801	607	800	1603
5	904	709	708	1604
5	802	608	801	1605
5	878	707	862	1606
5	998	811	810	1607
5	804	610	609	1608
5	805	601	610	1609
5	880	806	704	1610
5	805	610	804	1611
5	989	898	703	1612
5	1078	857	1068	1613
5	807	612	611	1614
5	808	602	612	1615
5	1209	1029	1208	1616
5	808	612	807	1617
5	1182	1002	1073	1618
5	877	813	667	1619
5	1253	1056	1102	1620
5	810	613	809	1621
5	1004	817	816	1622
5	811	614	810	1623
5	903	865	684	1624
5	1159	972	971	1625
5	815	619	616	1626
5	817	523	620	1627
5	814	682	582	1628
5	971	786	785	1629
5	882	792	687	1630
5	1102	1056	901	1631
5	879	683	878	1632
5	816	619	815	1633
5	1002	815	812	1634
5	817	620	816	1635
5	907	882	687	1636
5	1006	818	712	1637
5	977	793	792	1638
5	819	621	818	1639
5	1025	834	833	1640
5	822	624	821	1641
5	1025	833	1024	1642
5	822	483	624	1643
5	1012	823	781	1644
5	975	790	884	1645
5	979	718	881	1646
5	981	796	795	1647
5	1013	823	1012	1648
5	979	794	718	1649
5	976	781	791	1650
5	830	627	824	1651
5	826	629	628	1652
5	827	463	629	1653
5	1019	829	1018	1654
5	827	629	826	1655
5	869	825	650	1656
5	894	760	672	1657
5	949	757	941	1658
5	829	630	828	1659
5	1037	908	714	1660
5	1145	955	1144	1661
5	1056	852	901	1662
5	911	721	702	1663
5	901	693	864	1664
5	902	717	860	1665
5	982	796	981	1666
5	833	634	832	1667
5	977	792	882	1668
5	834	635	833	1669
5	967	783	782	1670
5	1104	907	906	1671
5	835	711	637	1672
5	835	637	636	1673
5	978	712	793	1674
5	837	638	836	1675
5	1030	688	838	1676
5	838	639	837	1677
5	1003	815	1002	1678
5	878	683	707	1679
5	1367	1092	1265	1680
5	841	641	840	1681
5	984	798	983	1682
5	841	789	588	1683
5	1226	1090	1156	1684
5	876	706	654	1685
5	921	674	885	1686
5	843	642	842	1687
5	931	869	650	1688
5	844	643	843	1689
5	894	672	893	1690
5	909	715	908	1691
5	870	773	699	1692
5	846	646	845	1693
5	961	716	775	1694
5	959	773	870	1695
5	847	692	647	1696
5	914	647	724	1697
5	848	762	664	1698
5	1138	1131	939	1699
5	1044	691	659	1700
5	1686	1371	1519	1701
5	1154	910	1049	1702
5	857	653	657	1703
5	851	756	651	1704
5	1148	872	958	1705
5	1082	724	1058	1706
5	914	847	647	1707
5	1506	863	1042	1708
5	1083	726	727	1709
5	854	665	652	1710
5	927	854	652	1711
5	1101	891	909	1712
5	1260	1100	1228	1713
5	954	923	737	1714
5	1308	1152	1307	1715
5	876	850	706	1716
5	887	653	857	1717
5	858	782	686	1718
5	899	858	686	1719
5	1231	1045	1220	1720
5	1507	1408	1431	1721
5	860	717	694	1722
5	1336	1191	1335	1723
5	1369	1220	1271	1724
5	1598	1554	1440	1725
5	968	719	910	1726
5	1156	862	969	1727
5	863	857	657	1728
5	863	657	685	1729
5	1162	975	884	1730
5	1167	980	1166	1731
5	1005	918	730	1732
5	1278	1105	1104	1733
5	866	864	722	1734
5	866	722	656	1735
5	1406	1093	1222	1736
5	1264	1224	1078	1737
5	1527	1061	932	1738
5	1371	888	1227	1739
5	1016	919	733	1740
5	885	674	677	1741
5	940	755	939	1742
5	962	716	961	1743
5	1140	952	951	1744
5	1094	890	1041	1745
5	1217	875	1040	1746
5	955	770	676	1747
5	924	738	923	1748
5	924	697	738	1749
5	936	750	935	1750
5	933	700	874	1751
5	1150	960	1149	1752
5	958	648	772	1753
5	1171	985	1170	1754
5	1155	968	1154	1755
5	1077	905	1030	1756
5	899	686	682	1757
5	879	839	683	1758
5	1033	840	1032	1759
5	1078	887	857	1760
5	1171	904	985	1761
5	990	803	898	1762
5	996	797	995	1763
5	881	718	689	1764
5	1011	881	689	1765
5	1006	712	978	1766
5	1010	822	821	1767
5	1135	945	944	1768
5	917	883	729	1769
5	980	794	979	1770
5	1024	833	832	1771
5	920	734	919	1772
5	925	736	922	1773
5	1508	720	886	1774
5	886	720	507	1775
5	887	876	654	1776
5	887	654	653	1777
5	932	679	896	1778
5	932	746	679	1779
5	917	729	743	1780
5	942	758	889	1781
5	890	871	662	1782
5	890	662	673	1783
5	893	672	670	1784
5	945	930	744	1785
5	892	861	669	1786
5	892	669	723	1787
5	1113	921	885	1788
5	944	760	894	1789
5	1046	944	894	1790
5	1195	1111	919	1791
5	895	890	673	1792
5	895	673	680	1793
5	932	888	746	1794
5	896	679	666	1795
5	897	895	680	1796
5	897	680	675	1797
5	990	804	803	1798
5	992	704	805	1799
5	1071	1000	1001	1800
5	1206	1027	974	1801
5	906	711	835	1802
5	907	687	711	1803
5	1108	1055	912	1804
5	1221	852	1056	1805
5	912	656	721	1806
5	912	721	911	1807
5	994	807	993	1808
5	1180	996	1179	1809
5	986	800	709	1810
5	989	703	802	1811
5	905	900	710	1812
5	905	710	688	1813
5	1190	881	1011	1814
5	907	711	906	1815
5	1187	1009	1008	1816
5	1165	978	977	1817
5	909	678	715	1818
5	908	715	714	1819
5	1123	1066	931	1820
5	1119	927	926	1821
5	968	784	719	1822
5	969	655	784	1823
5	1335	1163	1313	1824
5	912	866	656	1825
5	1229	1087	1109	1826
5	1205	884	1026	1827
5	913	892	723	1828
5	913	723	671	1829
5	1091	864	866	1830
5	1060	1050	913	1831
5	1269	1140	1086	1832
5	1151	961	1150	1833
5	916	889	728	1834
5	916	728	696	1835
5	943	759	942	1836
5	1228	1100	1134	1837
5	918	877	667	1838
5	918	667	730	1839
5	920	677	734	1840
5	919	734	733	1841
5	1144	964	1095	1842
5	1217	1096	875	1843
5	1146	957	956	1844
5	926	740	739	1845
5	1238	1076	1197	1846
5	1195	919	1016	1847
5	924	873	697	1848
5	1321	1177	1176	1849
5	1153	966	963	1850
5	1290	1128	1247	1851
5	1283	1112	1111	1852
5	926	739	925	1853
5	1121	929	928	1854
5	927	740	926	1855
5	1129	937	1065	1856
5	1085	855	854	1857
5	929	696	742	1858
5	928	742	741	1859
5	1063	889	1043	1860
5	1133	942	1063	1861
5	945	761	944	1862
5	931	745	930	1863
5	1123	930	945	1864
5	1065	937	855	1865
5	1286	1117	1284	1866
5	1604	1461	1460	1867
5	1283	1113	1112	1868
5	934	747	933	1869
5	1194	1016	1015	1870
5	1017	748	934	1871
5	936	731	750	1872
5	936	874	731	1873
5	1125	933	874	1874
5	1139	949	941	1875
5	938	741	753	1876
5	937	753	752	1877
5	1130	1121	928	1878
5	1227	888	1061	1879
5	940	699	755	1880
5	940	870	699	1881
5	1131	940	939	1882
5	1052	959	870	1883
5	949	765	757	1884
5	1034	842	766	1885
5	943	743	759	1886
5	942	759	758	1887
5	1368	1227	1061	1888
5	1124	932	896	1889
5	945	744	761	1890
5	944	761	760	1891
5	1117	925	922	1892
5	1123	945	1135	1893
5	947	764	763	1894
5	948	764	947	1895
5	1297	1136	1244	1896
5	1106	908	1037	1897
5	1095	964	965	1898
5	1304	1144	1240	1899
5	1149	960	959	1900
5	950	765	949	1901
5	1320	1176	1175	1902
5	1034	766	950	1903
5	952	768	767	1904
5	953	768	952	1905
5	1089	892	1050	1906
5	1282	1094	1236	1907
5	1430	1280	1373	1908
5	954	769	953	1909
5	1137	947	1136	1910
5	1151	962	961	1911
5	1146	956	1145	1912
5	1212	950	1139	1913
5	1152	962	1151	1914
5	957	771	956	1915
5	1197	1017	1196	1916
5	958	772	957	1917
5	1340	1126	1290	1918
5	1196	1017	934	1919
5	960	775	774	1920
5	962	776	716	1921
5	1110	1051	915	1922
5	963	776	962	1923
5	1094	871	890	1924
5	966	780	777	1925
5	1140	951	1086	1926
5	1425	1282	1370	1927
5	1079	1047	848	1928
5	966	777	963	1929
5	964	955	676	1930
5	964	676	779	1931
5	965	964	779	1932
5	965	779	778	1933
5	1298	1293	1131	1934
5	1038	780	966	1935
5	970	785	783	1936
5	972	787	786	1937
5	1169	983	1069	1938
5	969	784	968	1939
5	1173	987	986	1940
5	1090	878	862	1941
5	1182	1003	1002	1942
5	971	785	970	1943
5	1183	918	1005	1944
5	972	786	971	1945
5	1259	1087	1229	1946
5	973	787	972	1947
5	1179	995	994	1948
5	974	732	973	1949
5	1074	880	1178	1950
5	1027	788	974	1951
5	1185	1007	1006	1952
5	1013	824	823	1953
5	1347	1201	1346	1954
5	1343	1199	1198	1955
5	1172	986	904	1956
5	1007	818	1006	1957
5	1160	973	972	1958
5	1008	819	1007	1959
5	980	795	794	1960
5	982	713	796	1961
5	1168	981	1167	1962
5	1023	832	713	1963
5	1191	1012	976	1964
5	1205	1162	884	1965
5	1332	1188	1331	1966
5	1023	713	982	1967
5	984	799	798	1968
5	985	708	799	1969
5	1310	1226	1156	1970
5	985	799	984	1971
5	1318	1173	1172	1972
5	1176	989	1175	1973
5	1169	984	983	1974
5	987	800	986	1975
5	1178	991	1177	1976
5	988	801	987	1977
5	1177	991	990	1978
5	989	802	988	1979
5	1174	988	987	1980
5	1310	1156	1155	1981
5	1181	1073	903	1982
5	991	804	990	1983
5	1175	989	988	1984
5	992	805	991	1985
5	1170	984	1169	1986
5	1157	970	967	1987
5	994	808	807	1988
5	999	705	811	1989
5	1172	904	1171	1990
5	997	810	809	1991
5	1161	974	973	1992
5	1207	1028	1027	1993
5	1075	967	858	1994
5	997	809	996	1995
5	1101	1046	893	1996
5	998	810	997	1997
5	1584	1430	1509	1998
5	999	811	998	1999
5	1073	865	903	2000
5	1183	1098	918	2001
5	1000	899	682	2002
5	1000	682	814	2003
5	1001	1000	814	2004
5	1001	814	813	2005
5	1003	816	815	2006
5	1005	730	817	2007
5	1181	903	999	2008
5	1004	816	1003	2009
5	1178	880	992	2010
5	1005	817	1004	2011
5	1073	1002	865	2012
5	1183	1004	1182	2013
5	1189	1011	1010	2014
5	1009	821	820	2015
5	1104	906	1103	2016
5	1334	1250	1053	2017
5	1166	980	979	2018
5	1009	820	1008	2019
5	1203	1025	1024	2020
5	1010	821	1009	2021
5	1191	976	1163	2022
5	1011	822	1010	2023
5	1166	979	1053	2024
5	1168	982	981	2025
5	1192	1013	1012	2026
5	1021	830	1020	2027
5	1201	982	1168	2028
5	1022	831	1021	2029
5	1015	827	826	2030
5	1016	733	827	2031
5	1046	894	893	2032
5	1016	827	1015	2033
5	1212	1034	950	2034
5	1128	936	1127	2035
5	1135	944	1046	2036
5	1018	828	1017	2037
5	1106	1101	909	2038
5	1019	851	651	2039
5	1076	941	851	2040
5	1212	1035	1034	2041
5	1415	1056	1253	2042
5	1163	975	1162	2043
5	1349	1203	1348	2044
5	1022	860	694	2045
5	1091	866	1055	2046
5	1055	866	912	2047
5	1192	1012	1191	2048
5	1024	832	1023	2049
5	1164	977	882	2050
5	1026	690	834	2051
5	1184	1006	978	2052
5	1103	900	1062	2053
5	1179	996	995	2054
5	1105	882	907	2055
5	1072	899	1000	2056
5	1028	836	1027	2057
5	1180	998	997	2058
5	1029	837	1028	2059
5	1105	907	1104	2060
5	1030	838	1029	2061
5	1103	906	900	2062
5	1188	1010	1009	2063
5	1031	983	789	2064
5	1031	789	841	2065
5	1033	841	840	2066
5	1033	1031	841	2067
5	1355	1211	1210	2068
5	1517	1470	1397	2069
5	1076	851	1019	2070
5	1035	842	1034	2071
5	1118	926	925	2072
5	1036	843	1035	2073
5	1066	869	931	2074
5	1037	844	1036	2075
5	1085	1065	855	2076
5	1122	929	1121	2077
5	1136	947	946	2078
5	1039	845	1038	2079
5	1214	1038	966	2080
5	1040	846	1039	2081
5	1149	959	1052	2082
5	1216	1040	1039	2083
5	1050	892	913	2084
5	1422	1270	1246	2085
5	1042	863	849	2086
5	1044	659	867	2087
5	1436	1289	1260	2088
5	1122	916	929	2089
5	1256	691	1044	2090
5	1080	658	691	2091
5	1045	1041	895	2092
5	1045	895	897	2093
5	1101	893	891	2094
5	1106	1037	1213	2095
5	1047	946	848	2096
5	1273	1051	1110	2097
5	1048	1045	897	2098
5	1048	897	861	2099
5	1049	910	850	2100
5	1326	1073	1181	2101
5	1089	861	892	2102
5	1089	1048	861	2103
5	1143	923	954	2104
5	1079	848	873	2105
5	1132	940	1131	2106
5	1290	1126	1125	2107
5	1053	979	881	2108
5	1190	1053	881	2109
5	1054	902	860	2110
5	1200	1088	1022	2111
5	1108	911	1107	2112
5	1270	1050	1246	2113
5	1102	864	1091	2114
5	1102	901	864	2115
5	1058	698	1057	2116
5	1058	724	698	2117
5	1082	914	724	2118
5	1258	1057	1059	2119
5	1059	1057	663	2120
5	1059	663	852	2121
5	1246	1050	1060	2122
5	1345	1200	1344	2123
5	1356	1243	1212	2124
5	1124	896	1064	2125
5	1405	1310	1376	2126
5	1077	1062	905	2127
5	1064	896	883	2128
5	1294	1133	1223	2129
5	1443	1295	1377	2130
5	1134	917	943	2131
5	1193	1015	1014	2132
5	1338	1195	1194	2133
5	1111	920	919	2134
5	1066	1014	869	2135
5	1067	935	872	2136
5	1148	1067	872	2137
5	1097	887	1078	2138
5	1081	1049	850	2139
5	1210	1032	1070	2140
5	1211	1031	1033	2141
5	1210	1033	1032	2142
5	1211	1069	1031	2143
5	1249	1079	1248	2144
5	1157	967	1075	2145
5	1312	1160	1311	2146
5	1072	1000	1071	2147
5	1071	1001	877	2148
5	1182	1004	1003	2149
5	1181	998	1180	2150
5	1074	994	993	2151
5	1072	1075	858	2152
5	1378	1232	1353	2153
5	1139	950	949	2154
5	1127	936	935	2155
5	1158	970	1157	2156
5	1208	1029	1028	2157
5	1323	1074	1322	2158
5	1239	1097	1224	2159
5	1141	952	1140	2160
5	1231	1041	1045	2161
5	1550	1367	1265	2162
5	1754	1607	1753	2163
5	1126	933	1125	2164
5	1197	1018	1017	2165
5	1267	914	1082	2166
5	1281	1235	1055	2167
5	1289	1064	1260	2168
5	1233	867	1092	2169
5	1268	727	1084	2170
5	1084	727	668	2171
5	1112	920	1111	2172
5	1563	1452	1533	2173
5	1411	1259	1375	2174
5	1115	873	924	2175
5	1087	1060	859	2176
5	1087	859	847	2177
5	1088	1054	860	2178
5	1088	860	1022	2179
5	1449	1304	1448	2180
5	1303	1116	1143	2181
5	1099	879	878	2182
5	1099	1070	879	2183
5	1277	1103	1062	2184
5	1072	858	899	2185
5	1233	1044	867	2186
5	1222	868	1083	2187
5	1093	1092	661	2188
5	1093	661	868	2189
5	1110	915	871	2190
5	1270	1089	1050	2191
5	1144	955	964	2192
5	1145	956	955	2193
5	1096	1095	965	2194
5	1096	965	875	2195
5	1097	1081	876	2196
5	1097	876	887	2197
5	1098	1071	877	2198
5	1098	877	918	2199
5	1354	1070	1275	2200
5	1318	1172	1171	2201
5	1100	1064	883	2202
5	1100	883	917	2203
5	1262	1075	1072	2204
5	1382	1351	1350	2205
5	1179	994	1074	2206
5	1074	993	880	2207
5	1352	1207	1206	2208
5	1164	882	1105	2209
5	1322	1178	1316	2210
5	1165	977	1164	2211
5	1276	1071	1272	2212
5	1184	978	1165	2213
5	1106	909	908	2214
5	1357	1213	1243	2215
5	1108	912	911	2216
5	1107	911	902	2217
5	1721	1375	1577	2218
5	1383	1234	1254	2219
5	1109	1087	847	2220
5	1109	847	914	2221
5	1384	1220	1369	2222
5	1269	1086	1230	2223
5	1112	885	920	2224
5	1114	922	921	2225
5	1284	1117	1114	2226
5	1113	885	1112	2227
5	1338	1194	1193	2228
5	1114	921	1113	2229
5	1339	1283	1111	2230
5	1117	922	1114	2231
5	1385	1247	1306	2232
5	1141	953	952	2233
5	1116	1115	924	2234
5	1116	924	923	2235
5	1242	1065	1085	2236
5	1118	925	1117	2237
5	1389	1223	1237	2238
5	1119	926	1118	2239
5	1292	1130	1291	2240
5	1120	927	1119	2241
5	1439	1416	1288	2242
5	1255	1043	1122	2243
5	1130	938	1129	2244
5	1122	1043	916	2245
5	1433	1380	1286	2246
5	1589	1438	1510	2247
5	1123	931	930	2248
5	1193	1014	1066	2249
5	1286	1118	1117	2250
5	1287	1119	1286	2251
5	1126	934	933	2252
5	1197	1076	1019	2253
5	1295	1123	1135	2254
5	1196	934	1126	2255
5	1128	874	936	2256
5	1128	1125	874	2257
5	1452	1357	1387	2258
5	1450	1293	1446	2259
5	1130	928	938	2260
5	1129	938	937	2261
5	1337	1066	1296	2262
5	1435	1386	1241	2263
5	1132	870	940	2264
5	1132	1052	870	2265
5	1360	1216	1359	2266
5	1240	1144	1095	2267
5	1134	1100	917	2268
5	1133	943	942	2269
5	1511	1222	1420	2270
5	1953	1664	1706	2271
5	1285	1248	1115	2272
5	1245	1052	1293	2273
5	1137	948	947	2274
5	1138	939	948	2275
5	1293	1132	1131	2276
5	1138	948	1137	2277
5	1307	1152	1151	2278
5	1298	1131	1138	2279
5	1299	1076	1238	2280
5	1213	1037	1036	2281
5	1143	954	1142	2282
5	1142	953	1141	2283
5	1300	1141	1140	2284
5	1143	1116	923	2285
5	1557	1381	1552	2286
5	1297	1138	1137	2287
5	1365	1302	1301	2288
5	1586	1525	1380	2289
5	1240	1095	1096	2290
5	1147	958	957	2291
5	1308	1214	1153	2292
5	1245	1150	1149	2293
5	1304	1145	1144	2294
5	1147	957	1146	2295
5	1359	1214	1308	2296
5	1148	958	1147	2297
5	1360	1240	1096	2298
5	1411	1246	1259	2299
5	1150	961	960	2300
5	1152	963	962	2301
5	1305	1146	1304	2302
5	1153	963	1152	2303
5	1305	1148	1147	2304
5	1214	966	1153	2305
5	1359	1216	1215	2306
5	1215	1039	1038	2307
5	1306	1067	1148	2308
5	1307	1151	1150	2309
5	1155	969	968	2310
5	1156	1090	862	2311
5	1515	1080	1256	2312
5	1156	969	1155	2313
5	1899	1755	1754	2314
5	1274	1090	1226	2315
5	1158	971	970	2316
5	1209	1030	1029	2317
5	1232	1062	1077	2318
5	1159	971	1158	2319
5	1259	1060	1087	2320
5	1160	972	1159	2321
5	1329	1272	1098	2322
5	1161	973	1160	2323
5	1348	1203	1202	2324
5	1206	974	1161	2325
5	1163	976	975	2326
5	1199	1021	1020	2327
5	1333	1190	1189	2328
5	1200	1021	1199	2329
5	1277	1104	1103	2330
5	1185	1006	1184	2331
5	1346	1168	1315	2332
5	1186	1008	1007	2333
5	1167	981	980	2334
5	1201	1023	982	2335
5	1315	1168	1167	2336
5	1202	1023	1201	2337
5	1336	1192	1191	2338
5	1203	1024	1202	2339
5	1170	985	984	2340
5	1274	1099	1090	2341
5	1746	1600	1570	2342
5	1173	986	1172	2343
5	1462	1459	1321	2344
5	1174	987	1173	2345
5	1641	1426	1583	2346
5	1175	988	1174	2347
5	1239	1081	1097	2348
5	1176	990	898	2349
5	1355	1210	1354	2350
5	1176	898	989	2351
5	1252	1069	1211	2352
5	1317	1169	1252	2353
5	1317	1171	1170	2354
5	1177	990	1176	2355
5	1252	1169	1069	2356
5	1178	992	991	2357
5	1464	1322	1463	2358
5	1180	997	996	2359
5	1311	1159	1158	2360
5	1181	999	998	2361
5	1272	1071	1098	2362
5	1329	1098	1183	2363
5	1325	1181	1180	2364
5	1316	1178	1177	2365
5	1317	1170	1169	2366
5	1183	1005	1004	2367
5	1276	1072	1071	2368
5	1328	1183	1182	2369
5	1343	1198	1342	2370
5	1259	1246	1060	2371
5	1351	1313	1162	2372
5	1186	1007	1185	2373
5	1331	1186	1330	2374
5	1187	1008	1186	2375
5	1330	1185	1184	2376
5	1188	1009	1187	2377
5	1277	1062	1232	2378
5	1189	1010	1188	2379
5	1620	1456	1475	2380
5	1190	1011	1189	2381
5	1342	1192	1336	2382
5	1330	1186	1185	2383
5	1351	1162	1205	2384
5	1374	1253	1225	2385
5	1280	1107	1234	2386
5	1198	1013	1192	2387
5	1284	1114	1113	2388
5	1194	1015	1193	2389
5	1291	1129	1241	2390
5	1195	1016	1194	2391
5	1241	1129	1065	2392
5	1287	1120	1119	2393
5	1284	1113	1283	2394
5	1197	1019	1018	2395
5	1295	1135	1261	2396
5	1358	1106	1357	2397
5	1234	1107	1054	2398
5	1200	1022	1021	2399
5	1345	1254	1088	2400
5	1344	1199	1343	2401
5	1342	1198	1192	2402
5	1313	1163	1162	2403
5	1335	1191	1163	2404
5	1204	1026	1025	2405
5	1349	1204	1203	2406
5	1350	1205	1204	2407
5	1492	1312	1311	2408
5	1204	1025	1203	2409
5	1263	1157	1075	2410
5	1205	1026	1204	2411
5	1278	1164	1105	2412
5	1346	1201	1168	2413
5	1323	1179	1074	2414
5	1207	1027	1206	2415
5	1314	1184	1165	2416
5	1208	1028	1207	2417
5	1263	1158	1157	2418
5	1209	1077	1030	2419
5	1353	1209	1208	2420
5	1232	1077	1209	2421
5	1319	1175	1174	2422
5	1211	1033	1210	2423
5	1321	1316	1177	2424
5	1324	1179	1323	2425
5	1478	1296	1443	2426
5	1213	1036	1035	2427
5	1370	1282	1236	2428
5	1243	1213	1212	2429
5	1654	1531	1581	2430
5	1215	1038	1214	2431
5	1285	1115	1116	2432
5	1216	1039	1215	2433
5	1384	1231	1220	2434
5	1217	1040	1216	2435
5	1306	1247	1067	2436
5	1247	1127	1067	2437
5	1218	1084	668	2438
5	1218	668	517	2439
5	1521	1233	1367	2440
5	1219	886	507	2441
5	1271	1048	1089	2442
5	1271	1089	1270	2443
5	1403	1082	1059	2444
5	1403	1267	1082	2445
5	1264	1078	1068	2446
5	1260	1064	1100	2447
5	1223	1133	1063	2448
5	1514	1404	1416	2449
5	1224	1097	1078	2450
5	1562	1428	1538	2451
5	1225	1102	1091	2452
5	1235	1225	1091	2453
5	1495	1275	1426	2454
5	1309	1155	1154	2455
5	1420	1083	1268	2456
5	1519	1227	1518	2457
5	1436	1260	1417	2458
5	1439	1292	1438	2459
5	1423	1369	1271	2460
5	1423	1270	1422	2461
5	1236	1041	1231	2462
5	1558	1391	1557	2463
5	1236	1094	1041	2464
5	1273	1230	1051	2465
5	1319	1173	1318	2466
5	1278	1104	1277	2467
5	1684	1662	1401	2468
5	1265	1092	1093	2469
5	1235	1091	1055	2470
5	1476	1313	1382	2471
5	1281	1108	1280	2472
5	1628	1482	1627	2473
5	1365	1303	1302	2474
5	1647	1499	1646	2475
5	1237	1223	1063	2476
5	1237	1063	1043	2477
5	1340	1196	1126	2478
5	1290	1125	1128	2479
5	1251	1154	1049	2480
5	1309	1154	1251	2481
5	1399	1279	1358	2482
5	1247	1128	1127	2483
5	1292	1288	1121	2484
5	1255	1237	1043	2485
5	1242	1120	1287	2486
5	1242	1241	1065	2487
5	1356	1139	1299	2488
5	1261	1135	1046	2489
5	1244	1136	1047	2490
5	1248	1079	1115	2491
5	1293	1052	1132	2492
5	1307	1150	1245	2493
5	1375	1259	1229	2494
5	1391	1230	1381	2495
5	1304	1146	1145	2496
5	1305	1147	1146	2497
5	1249	1047	1079	2498
5	1249	1244	1047	2499
5	1447	1301	1300	2500
5	1568	1412	1564	2501
5	1315	1167	1250	2502
5	1250	1167	1166	2503
5	1559	1402	1080	2504
5	1426	1274	1396	2505
5	1275	1099	1274	2506
5	1319	1174	1173	2507
5	1419	1109	1267	2508
5	1419	1229	1109	2509
5	1254	1234	1054	2510
5	1254	1054	1088	2511
5	1573	1407	1565	2512
5	1438	1291	1386	2513
5	1379	1042	1266	2514
5	1256	1080	691	2515
5	1257	1251	1049	2516
5	1257	1049	1081	2517
5	1258	1082	1058	2518
5	1258	1058	1057	2519
5	1347	1202	1201	2520
5	1330	1184	1314	2521
5	1518	1227	1368	2522
5	1390	1294	1223	2523
5	1622	1443	1526	2524
5	1358	1101	1106	2525
5	1496	1457	1252	2526
5	1263	1075	1262	2527
5	1312	1206	1161	2528
5	1311	1158	1263	2529
5	1527	1368	1061	2530
5	1687	1512	1513	2531
5	1367	1233	1092	2532
5	1266	1042	849	2533
5	1460	1319	1318	2534
5	1664	1518	1368	2535
5	1415	1221	1056	2536
5	1548	1374	1408	2537
5	1530	1268	1084	2538
5	1268	1083	727	2539
5	1391	1269	1230	2540
5	1300	1140	1269	2541
5	1663	1415	1571	2542
5	1271	1220	1048	2543
5	1447	1300	1392	2544
5	1392	1300	1269	2545
5	1276	1262	1072	2546
5	1640	1494	1493	2547
5	1413	1249	1412	2548
5	1381	1230	1273	2549
5	1275	1070	1099	2550
5	1354	1210	1070	2551
5	1460	1318	1458	2552
5	1355	1252	1211	2553
5	1469	1429	1328	2554
5	1464	1323	1322	2555
5	1428	1232	1378	2556
5	1332	1189	1188	2557
5	1250	1166	1053	2558
5	1455	1311	1263	2559
5	1279	1261	1046	2560
5	1279	1046	1101	2561
5	1281	1055	1108	2562
5	1280	1108	1107	2563
5	1431	1281	1430	2564
5	1572	1419	1267	2565
5	1282	1273	1110	2566
5	1282	1110	1094	2567
5	1296	1123	1295	2568
5	1296	1066	1123	2569
5	1301	1141	1300	2570
5	1242	1085	1120	2571
5	1647	1500	1499	2572
5	1286	1119	1118	2573
5	1444	1297	1244	2574
5	1387	1357	1243	2575
5	1443	1296	1295	2576
5	1380	1287	1286	2577
5	1288	1255	1122	2578
5	1288	1122	1121	2579
5	1723	1688	1417	2580
5	1512	1289	1436	2581
5	1437	1247	1385	2582
5	1341	1197	1196	2583
5	1292	1121	1130	2584
5	1291	1130	1129	2585
5	1390	1223	1389	2586
5	1386	1291	1241	2587
5	1297	1137	1136	2588
5	1625	1437	1534	2589
5	1294	1228	1134	2590
5	1294	1134	1133	2591
5	1437	1290	1247	2592
5	1337	1193	1066	2593
5	1441	1338	1337	2594
5	1338	1193	1337	2595
5	1400	1248	1285	2596
5	1298	1138	1297	2597
5	1450	1245	1293	2598
5	1412	1248	1400	2599
5	1356	1212	1139	2600
5	1299	1139	1076	2601
5	1301	1142	1141	2602
5	1302	1143	1142	2603
5	1392	1269	1391	2604
5	1302	1142	1301	2605
5	1303	1285	1116	2606
5	1303	1143	1302	2607
5	1359	1215	1214	2608
5	1245	1149	1052	2609
5	1502	1448	1240	2610
5	1388	1299	1238	2611
5	1480	1290	1437	2612
5	1306	1148	1305	2613
5	1421	1303	1365	2614
5	1448	1304	1240	2615
5	1444	1244	1413	2616
5	1360	1096	1217	2617
5	1479	1432	1283	2618
5	1308	1153	1152	2619
5	1458	1318	1317	2620
5	1310	1155	1309	2621
5	1311	1160	1159	2622
5	1353	1208	1352	2623
5	1602	1455	1454	2624
5	1493	1352	1312	2625
5	1352	1206	1312	2626
5	1312	1161	1160	2627
5	1314	1164	1278	2628
5	1331	1188	1187	2629
5	1314	1165	1164	2630
5	1331	1187	1186	2631
5	1485	1345	1344	2632
5	1348	1202	1347	2633
5	1322	1074	1178	2634
5	1324	1180	1179	2635
5	1395	1224	1366	2636
5	1396	1274	1226	2637
5	2029	1881	2028	2638
5	1321	1176	1320	2639
5	1466	1325	1324	2640
5	1320	1175	1319	2641
5	1463	1322	1316	2642
5	1426	1275	1274	2643
5	1495	1355	1354	2644
5	1463	1316	1459	2645
5	1454	1263	1262	2646
5	1325	1180	1324	2647
5	1454	1262	1424	2648
5	1326	1181	1325	2649
5	1427	1272	1398	2650
5	1327	1182	1073	2651
5	1398	1272	1329	2652
5	1468	1327	1326	2653
5	1467	1326	1325	2654
5	1327	1073	1326	2655
5	1459	1316	1321	2656
5	1328	1182	1327	2657
5	1603	1457	1536	2658
5	1329	1183	1328	2659
5	1489	1347	1488	2660
5	1618	1471	1615	2661
5	1488	1347	1346	2662
5	1333	1189	1332	2663
5	1468	1326	1467	2664
5	1334	1053	1190	2665
5	1458	1317	1457	2666
5	1467	1325	1466	2667
5	1397	1278	1277	2668
5	1334	1190	1333	2669
5	1627	1477	1621	2670
5	1476	1335	1313	2671
5	1617	1475	1474	2672
5	1490	1349	1348	2673
5	1487	1315	1456	2674
5	1345	1088	1200	2675
5	1407	1294	1390	2676
5	1434	1287	1380	2677
5	1339	1195	1338	2678
5	1339	1111	1195	2679
5	1442	1338	1441	2680
5	1478	1441	1337	2681
5	1341	1238	1197	2682
5	1341	1196	1340	2683
5	1418	1261	1279	2684
5	1791	1645	1790	2685
5	1488	1346	1487	2686
5	1344	1200	1199	2687
5	1456	1315	1250	2688
5	1541	1383	1522	2689
5	1487	1346	1315	2690
5	1483	1343	1342	2691
5	1383	1373	1234	2692
5	1572	1267	1403	2693
5	1473	1332	1331	2694
5	1470	1278	1397	2695
5	1475	1456	1250	2696
5	1350	1204	1349	2697
5	1489	1348	1347	2698
5	1351	1205	1350	2699
5	1657	1549	1640	2700
5	1491	1382	1350	2701
5	1382	1313	1351	2702
5	1482	1336	1477	2703
5	1470	1314	1278	2704
5	1352	1208	1207	2705
5	1472	1330	1471	2706
5	1353	1232	1209	2707
5	1474	1333	1332	2708
5	1474	1334	1333	2709
5	1414	1251	1257	2710
5	1560	1516	1376	2711
5	1414	1257	1394	2712
5	1756	1609	1755	2713
5	1498	1387	1243	2714
5	1575	1377	1418	2715
5	1358	1279	1101	2716
5	1357	1106	1213	2717
5	1440	1385	1306	2718
5	1440	1306	1305	2719
5	1449	1440	1305	2720
5	1360	1217	1216	2721
5	1449	1305	1304	2722
5	1412	1249	1248	2723
5	1393	1256	1044	2724
5	1393	1044	1233	2725
5	1652	853	1504	2726
5	1420	1222	1083	2727
5	1363	1362	1218	2728
5	1363	1218	853	2729
5	1364	1266	849	2730
5	1544	849	685	2731
5	1413	1244	1249	2732
5	1446	1298	1445	2733
5	1545	1264	1361	2734
5	1406	1265	1093	2735
5	1658	1591	1592	2736
5	1544	720	1508	2737
5	1512	1372	1289	2738
5	1417	1260	1228	2739
5	1423	1271	1270	2740
5	1422	1246	1411	2741
5	1409	1231	1384	2742
5	1409	1236	1231	2743
5	1504	853	660	2744
5	1505	746	888	2745
5	1578	1084	1362	2746
5	1372	1124	1289	2747
5	1373	1280	1234	2748
5	1484	1344	1343	2749
5	1581	1423	1580	2750
5	1431	1408	1235	2751
5	1630	1485	1484	2752
5	1630	1484	1629	2753
5	1376	1310	1309	2754
5	1453	1309	1251	2755
5	1377	1295	1261	2756
5	1418	1377	1261	2757
5	1636	1491	1490	2758
5	1494	1352	1493	2759
5	1511	1406	1222	2760
5	1555	1404	1514	2761
5	1433	1284	1432	2762
5	1710	1555	1709	2763
5	1552	1425	1520	2764
5	1872	1727	1845	2765
5	1627	1482	1477	2766
5	1483	1342	1482	2767
5	1477	1335	1476	2768
5	1482	1342	1336	2769
5	1409	1370	1236	2770
5	1552	1381	1425	2771
5	1540	1410	1481	2772
5	1645	1387	1498	2773
5	1435	1242	1434	2774
5	1573	1417	1407	2775
5	1497	1299	1388	2776
5	1788	1543	1703	2777
5	1497	1356	1299	2778
5	1498	1243	1356	2779
5	1587	1434	1525	2780
5	1722	1573	1565	2781
5	1586	1433	1585	2782
5	1417	1228	1407	2783
5	1595	1392	1558	2784
5	1447	1365	1301	2785
5	1843	1670	1842	2786
5	1568	1413	1412	2787
5	1503	1401	1402	2788
5	1852	1707	1528	2789
5	1561	1405	1516	2790
5	1453	1251	1414	2791
5	1395	1394	1239	2792
5	1395	1239	1224	2793
5	1876	1731	1676	2794
5	1457	1317	1252	2795
5	1635	1490	1489	2796
5	1634	1488	1633	2797
5	1424	1262	1276	2798
5	1494	1353	1352	2799
5	1624	1432	1479	2800
5	1418	1279	1399	2801
5	1564	1400	1421	2802
5	1446	1293	1298	2803
5	1844	1689	1559	2804
5	1401	886	1219	2805
5	1402	1401	1219	2806
5	1402	1219	1080	2807
5	1403	1059	1221	2808
5	1801	1667	1548	2809
5	1404	1389	1237	2810
5	1404	1237	1255	2811
5	1405	1396	1226	2812
5	1405	1226	1310	2813
5	1706	1368	1527	2814
5	1665	1363	1652	2815
5	1525	1434	1380	2816
5	1590	1514	1416	2817
5	1408	1374	1225	2818
5	1408	1225	1235	2819
5	1593	1445	1444	2820
5	1596	1365	1447	2821
5	1410	1388	1238	2822
5	1410	1238	1341	2823
5	1571	1415	1253	2824
5	1553	1520	1370	2825
5	1595	1447	1392	2826
5	1569	1444	1413	2827
5	1792	1646	1599	2828
5	1534	1437	1385	2829
5	1608	1463	1607	2830
5	1453	1376	1309	2831
5	1571	1253	1374	2832
5	1576	1221	1415	2833
5	1416	1404	1255	2834
5	1416	1255	1288	2835
5	1556	1389	1555	2836
5	1521	1393	1233	2837
5	1586	1380	1433	2838
5	1767	1591	1658	2839
5	1802	1663	1571	2840
5	1702	1509	1541	2841
5	1668	1578	1362	2842
5	1669	1528	1364	2843
5	1421	1400	1285	2844
5	1421	1285	1303	2845
5	1531	1384	1369	2846
5	1581	1369	1423	2847
5	1579	1422	1411	2848
5	1670	1566	1531	2849
5	1582	1427	1532	2850
5	1538	1428	1378	2851
5	1425	1381	1273	2852
5	1425	1273	1282	2853
5	1536	1457	1496	2854
5	1642	1536	1496	2855
5	1427	1424	1276	2856
5	1427	1276	1272	2857
5	1428	1397	1277	2858
5	1428	1277	1232	2859
5	1429	1398	1329	2860
5	1429	1329	1328	2861
5	1431	1235	1281	2862
5	1430	1281	1280	2863
5	1580	1422	1579	2864
5	1548	1408	1507	2865
5	1433	1286	1284	2866
5	1432	1284	1283	2867
5	1768	1623	1767	2868
5	1770	1625	1672	2869
5	1435	1241	1242	2870
5	1434	1242	1287	2871
5	1555	1389	1404	2872
5	1565	1407	1390	2873
5	1542	1394	1395	2874
5	1565	1390	1556	2875
5	1480	1340	1290	2876
5	1481	1341	1340	2877
5	1439	1288	1292	2878
5	1438	1292	1291	2879
5	1803	1709	1739	2880
5	1738	1589	1673	2881
5	1445	1297	1444	2882
5	1500	1359	1308	2883
5	1442	1339	1338	2884
5	1479	1283	1339	2885
5	1591	1442	1441	2886
5	1479	1339	1442	2887
5	1478	1337	1296	2888
5	1598	1449	1597	2889
5	1445	1298	1297	2890
5	1501	1360	1359	2891
5	1646	1451	1599	2892
5	1499	1307	1451	2893
5	1599	1451	1450	2894
5	1500	1308	1499	2895
5	1580	1423	1422	2896
5	1577	1229	1419	2897
5	1451	1245	1450	2898
5	1499	1308	1307	2899
5	1794	1647	1793	2900
5	1804	1716	1791	2901
5	1451	1307	1245	2902
5	1501	1359	1500	2903
5	1599	1450	1523	2904
5	1543	1410	1540	2905
5	1452	1399	1358	2906
5	1452	1358	1357	2907
5	1676	1516	1656	2908
5	1608	1464	1463	2909
5	1562	1517	1397	2910
5	1455	1263	1454	2911
5	1607	1463	1459	2912
5	1492	1311	1455	2913
5	1471	1314	1470	2914
5	1471	1330	1314	2915
5	1495	1354	1275	2916
5	1496	1252	1355	2917
5	1561	1396	1405	2918
5	1604	1460	1537	2919
5	1461	1319	1460	2920
5	1465	1324	1323	2921
5	1461	1320	1319	2922
5	1462	1321	1320	2923
5	1609	1465	1464	2924
5	1462	1320	1461	2925
5	1607	1459	1606	2926
5	1676	1561	1516	2927
5	1611	1467	1466	2928
5	1613	1469	1468	2929
5	1612	1467	1611	2930
5	1465	1323	1464	2931
5	1610	1466	1465	2932
5	1466	1324	1465	2933
5	1606	1462	1605	2934
5	1469	1327	1468	2935
5	1605	1461	1604	2936
5	1469	1328	1327	2937
5	1537	1460	1458	2938
5	1750	1537	1699	2939
5	1640	1493	1639	2940
5	1757	1611	1610	2941
5	1473	1331	1472	2942
5	1472	1331	1330	2943
5	1615	1470	1517	2944
5	1617	1474	1616	2945
5	1636	1490	1635	2946
5	1474	1332	1473	2947
5	1762	1617	1616	2948
5	1582	1424	1427	2949
5	1475	1334	1474	2950
5	1475	1250	1334	2951
5	1606	1459	1462	2952
5	1605	1462	1461	2953
5	1477	1336	1335	2954
5	1486	1345	1485	2955
5	1751	1605	1604	2956
5	1621	1476	1539	2957
5	2080	1934	2079	2958
5	1585	1433	1432	2959
5	1588	1386	1435	2960
5	1650	1448	1502	2961
5	1481	1410	1341	2962
5	1481	1340	1480	2963
5	1543	1388	1410	2964
5	1648	1501	1500	2965
5	1484	1343	1483	2966
5	1485	1344	1484	2967
5	1629	1483	1628	2968
5	1631	1486	1485	2969
5	1628	1483	1482	2970
5	1486	1254	1345	2971
5	1774	1629	1628	2972
5	1486	1383	1254	2973
5	1780	1636	1635	2974
5	1634	1489	1488	2975
5	1562	1397	1428	2976
5	1490	1348	1489	2977
5	1633	1488	1487	2978
5	1491	1350	1349	2979
5	1633	1487	1632	2980
5	1615	1471	1470	2981
5	1752	1606	1605	2982
5	1491	1349	1490	2983
5	1773	1627	1772	2984
5	1621	1477	1476	2985
5	1760	1614	1613	2986
5	1493	1312	1492	2987
5	1601	1424	1582	2988
5	1494	1378	1353	2989
5	1860	1714	1700	2990
5	1616	1474	1473	2991
5	1570	1414	1394	2992
5	1496	1355	1495	2993
5	1807	1570	1653	2994
5	1786	1583	1731	2995
5	1533	1452	1387	2996
5	1498	1356	1497	2997
5	1645	1533	1387	2998
5	1643	1388	1543	2999
5	1649	1502	1501	3000
5	1502	1240	1360	3001
5	1648	1500	1647	3002
5	1569	1413	1568	3003
5	1558	1392	1391	3004
5	1502	1360	1501	3005
5	1524	1421	1365	3006
5	1564	1421	1524	3007
5	1814	1551	1696	3008
5	1515	1256	1393	3009
5	1519	1371	1227	3010
5	1849	1706	1687	3011
5	1505	1504	660	3012
5	1505	660	746	3013
5	1506	1068	863	3014
5	1506	1042	1379	3015
5	1584	1507	1431	3016
5	1541	1509	1373	3017
5	1809	1508	1662	3018
5	1546	1366	1545	3019
5	1584	1431	1430	3020
5	1509	1430	1373	3021
5	1510	1438	1386	3022
5	1588	1510	1386	3023
5	1685	1379	1529	3024
5	1556	1390	1389	3025
5	1810	1504	1505	3026
5	1687	1372	1512	3027
5	1513	1512	1436	3028
5	2136	1943	1816	3029
5	1590	1439	1589	3030
5	1735	1587	1525	3031
5	1559	1080	1515	3032
5	1689	1402	1559	3033
5	1516	1405	1376	3034
5	1867	1688	1723	3035
5	1997	1852	1669	3036
5	1506	1361	1068	3037
5	1695	1521	1367	3038
5	1691	1515	1393	3039
5	1956	1695	1853	3040
5	1951	1693	1848	3041
5	1520	1425	1370	3042
5	1812	1713	1743	3043
5	1948	1817	1818	3044
5	1578	1530	1084	3045
5	1541	1373	1383	3046
5	1522	1383	1486	3047
5	1523	1450	1446	3048
5	1594	1523	1446	3049
5	1593	1444	1569	3050
5	1564	1412	1400	3051
5	1587	1435	1434	3052
5	1588	1435	1587	3053
5	1526	1443	1377	3054
5	1575	1526	1377	3055
5	1527	932	1124	3056
5	1547	1362	1363	3057
5	1529	1266	1528	3058
5	1529	1379	1266	3059
5	1941	1692	1940	3060
5	1690	1361	1506	3061
5	1698	1420	1530	3062
5	1530	1420	1268	3063
5	1553	1370	1409	3064
5	1566	1384	1531	3065
5	1532	1427	1398	3066
5	1614	1535	1429	3067
5	1563	1399	1452	3068
5	1574	1418	1399	3069
5	1626	1540	1481	3070
5	1643	1497	1388	3071
5	1535	1532	1398	3072
5	1535	1398	1429	3073
5	1583	1396	1561	3074
5	1642	1496	1495	3075
5	1751	1604	1750	3076
5	1901	1756	1900	3077
5	1700	1538	1549	3078
5	1639	1493	1492	3079
5	1539	1476	1382	3080
5	1637	1382	1491	3081
5	1626	1480	1625	3082
5	1644	1498	1497	3083
5	1774	1628	1773	3084
5	1909	1765	1908	3085
5	1560	1376	1453	3086
5	1570	1394	1542	3087
5	1703	1543	1540	3088
5	1788	1643	1543	3089
5	1809	1364	1544	3090
5	1544	1364	849	3091
5	1858	1710	1709	3092
5	1545	1366	1264	3093
5	1817	1704	1705	3094
5	1818	1366	1546	3095
5	1527	1124	1372	3096
5	1819	1521	1695	3097
5	1567	1411	1375	3098
5	1579	1411	1567	3099
5	1549	1538	1378	3100
5	1549	1378	1494	3101
5	1853	1550	1697	3102
5	1691	1393	1521	3103
5	1551	1550	1265	3104
5	1551	1265	1406	3105
5	1557	1391	1381	3106
5	1596	1447	1595	3107
5	1741	1594	1593	3108
5	1659	1552	1520	3109
5	1554	1534	1385	3110
5	1554	1385	1440	3111
5	1735	1525	1680	3112
5	1910	1820	1734	3113
5	1944	1910	1912	3114
5	1799	1573	1722	3115
5	2023	1875	1874	3116
5	1850	1694	1708	3117
5	1712	1557	1711	3118
5	1711	1557	1552	3119
5	1660	1559	1515	3120
5	1691	1660	1515	3121
5	1600	1414	1570	3122
5	1656	1516	1560	3123
5	1583	1426	1396	3124
5	1641	1495	1426	3125
5	1824	1766	1782	3126
5	1900	1755	1899	3127
5	1770	1626	1625	3128
5	1574	1399	1563	3129
5	1822	1567	1721	3130
5	1729	1580	1579	3131
5	1680	1525	1586	3132
5	1736	1588	1587	3133
5	1566	1553	1409	3134
5	1566	1409	1384	3135
5	1720	1569	1568	3136
5	1718	1564	1524	3137
5	1719	1564	1718	3138
5	1594	1446	1445	3139
5	1742	1523	1594	3140
5	1712	1558	1557	3141
5	1600	1453	1414	3142
5	1600	1560	1453	3143
5	1577	1375	1229	3144
5	1701	1522	1681	3145
5	1822	1728	1567	3146
5	1576	1419	1572	3147
5	1688	1436	1417	3148
5	1826	1436	1688	3149
5	1797	1744	1597	3150
5	1575	1418	1574	3151
5	1675	1672	1534	3152
5	1882	1737	1736	3153
5	1576	1572	1403	3154
5	1576	1403	1221	3155
5	1727	1419	1576	3156
5	1667	1571	1374	3157
5	1945	1668	1547	3158
5	1668	1362	1547	3159
5	1775	1630	1629	3160
5	1720	1568	1719	3161
5	1887	1712	1711	3162
5	1581	1531	1369	3163
5	1713	1524	1596	3164
5	1670	1531	1654	3165
5	1601	1454	1424	3166
5	1638	1492	1455	3167
5	1807	1746	1570	3168
5	2072	1927	1876	3169
5	1727	1576	1663	3170
5	1729	1579	1728	3171
5	1623	1442	1591	3172
5	1624	1585	1432	3173
5	1820	1680	1734	3174
5	1930	1790	1789	3175
5	1829	1674	1742	3176
5	1716	1563	1533	3177
5	1830	1722	1565	3178
5	1717	1556	1710	3179
5	1590	1416	1439	3180
5	1589	1439	1438	3181
5	1709	1555	1514	3182
5	1880	1735	1680	3183
5	1623	1479	1442	3184
5	1624	1479	1623	3185
5	1592	1591	1441	3186
5	1592	1441	1478	3187
5	1932	1792	1839	3188
5	1594	1445	1593	3189
5	1793	1646	1792	3190
5	1745	1675	1554	3191
5	2012	1863	1958	3192
5	1596	1524	1365	3193
5	1741	1593	1740	3194
5	2078	1933	1932	3195
5	1598	1440	1449	3196
5	1597	1449	1448	3197
5	1890	1675	1745	3198
5	1724	1563	1716	3199
5	1646	1499	1451	3200
5	1649	1501	1648	3201
5	1876	1676	1800	3202
5	1891	1833	1747	3203
5	1748	1582	1678	3204
5	1602	1454	1601	3205
5	1784	1639	1638	3206
5	1638	1455	1602	3207
5	1603	1537	1458	3208
5	1603	1458	1457	3209
5	1677	1536	1661	3210
5	1612	1468	1467	3211
5	1759	1613	1612	3212
5	1753	1606	1752	3213
5	1758	1612	1611	3214
5	1609	1464	1608	3215
5	1677	1603	1536	3216
5	1610	1465	1609	3217
5	1755	1608	1754	3218
5	1613	1468	1612	3219
5	1785	1639	1784	3220
5	1749	1602	1601	3221
5	1761	1683	1535	3222
5	1611	1466	1610	3223
5	1759	1612	1758	3224
5	1614	1469	1613	3225
5	1755	1609	1608	3226
5	1614	1429	1469	3227
5	1699	1537	1603	3228
5	1841	1657	1785	3229
5	1904	1760	1759	3230
5	1678	1582	1532	3231
5	1619	1616	1473	3232
5	1620	1475	1617	3233
5	1619	1472	1618	3234
5	1632	1456	1620	3235
5	1781	1637	1636	3236
5	1632	1487	1456	3237
5	1619	1473	1472	3238
5	1618	1472	1471	3239
5	1753	1607	1606	3240
5	1715	1517	1562	3241
5	1777	1620	1765	3242
5	1682	1615	1679	3243
5	1775	1629	1774	3244
5	1631	1522	1486	3245
5	1622	1592	1478	3246
5	1622	1478	1443	3247
5	1767	1623	1591	3248
5	1769	1585	1624	3249
5	1768	1624	1623	3250
5	1989	1723	1799	3251
5	1626	1481	1480	3252
5	1625	1480	1437	3253
5	1937	1889	1744	3254
5	1725	1574	1724	3255
5	1702	1541	1701	3256
5	1629	1484	1483	3257
5	1681	1522	1631	3258
5	1921	1781	1780	3259
5	1776	1631	1630	3260
5	1778	1632	1777	3261
5	1772	1621	1766	3262
5	1631	1485	1630	3263
5	1879	1651	1733	3264
5	1732	1509	1702	3265
5	1773	1628	1627	3266
5	1635	1489	1634	3267
5	1682	1618	1615	3268
5	1765	1620	1617	3269
5	2099	1995	1957	3270
5	1637	1491	1636	3271
5	1772	1627	1621	3272
5	1637	1539	1382	3273
5	1779	1635	1634	3274
5	1781	1636	1780	3275
5	1765	1617	1762	3276
5	1777	1632	1620	3277
5	1908	1765	1762	3278
5	1639	1492	1638	3279
5	1679	1615	1517	3280
5	1640	1549	1494	3281
5	1763	1618	1682	3282
5	1700	1549	1657	3283
5	1661	1536	1642	3284
5	1642	1495	1641	3285
5	1699	1603	1677	3286
5	1787	1661	1642	3287
5	1934	1794	1933	3288
5	1644	1497	1643	3289
5	1724	1574	1563	3290
5	1645	1498	1644	3291
5	1832	1771	1770	3292
5	1726	1575	1725	3293
5	1792	1599	1674	3294
5	1796	1649	1795	3295
5	1797	1650	1796	3296
5	1650	1502	1649	3297
5	1931	1791	1790	3298
5	1650	1597	1448	3299
5	1675	1534	1554	3300
5	1711	1552	1659	3301
5	1719	1568	1564	3302
5	1796	1650	1649	3303
5	1651	1548	1507	3304
5	1733	1651	1507	3305
5	1665	1547	1363	3306
5	1652	1363	853	3307
5	1653	1570	1542	3308
5	2093	1857	1983	3309
5	1730	1581	1580	3310
5	1728	1579	1567	3311
5	1655	1546	1545	3312
5	1655	1545	1361	3313
5	1747	1600	1746	3314
5	1747	1560	1600	3315
5	1860	1700	1806	3316
5	1785	1640	1639	3317
5	1726	1671	1526	3318
5	1725	1575	1574	3319
5	1855	1701	1681	3320
5	1694	1520	1553	3321
5	1684	1401	1503	3322
5	2127	1997	1977	3323
5	1731	1561	1676	3324
5	1787	1642	1641	3325
5	1662	1508	886	3326
5	1662	886	1401	3327
5	1802	1571	1667	3328
5	1663	1576	1415	3329
5	1811	1696	1511	3330
5	1707	1529	1528	3331
5	1810	1505	1371	3332
5	1810	1371	1686	3333
5	1666	1658	1592	3334
5	1666	1592	1622	3335
5	1845	1727	1663	3336
5	1721	1567	1375	3337
5	1808	1519	1692	3338
5	1693	1530	1578	3339
5	1690	1655	1361	3340
5	1950	1687	1513	3341
5	1694	1659	1520	3342
5	1708	1566	1670	3343
5	1671	1666	1622	3344
5	1671	1622	1526	3345
5	1672	1625	1534	3346
5	1836	1788	1703	3347
5	1673	1589	1510	3348
5	1737	1673	1510	3349
5	1674	1599	1523	3350
5	1742	1674	1523	3351
5	1745	1598	1744	3352
5	1795	1649	1648	3353
5	1731	1583	1561	3354
5	1786	1641	1583	3355
5	1897	1752	1896	3356
5	1899	1754	1898	3357
5	1748	1601	1582	3358
5	1783	1638	1602	3359
5	1714	1538	1700	3360
5	1715	1679	1517	3361
5	1737	1588	1736	3362
5	1736	1587	1735	3363
5	1701	1541	1522	3364
5	1733	1584	1732	3365
5	1903	1759	1758	3366
5	1897	1753	1752	3367
5	1683	1678	1532	3368
5	1683	1532	1535	3369
5	2152	1977	1809	3370
5	1809	1544	1508	3371
5	1692	1519	1518	3372
5	1951	1854	1693	3373
5	1798	1692	1518	3374
5	1945	1848	1668	3375
5	1706	1664	1368	3376
5	2157	1867	1989	3377
5	1717	1565	1556	3378
5	1710	1556	1555	3379
5	2003	1844	1660	3380
5	1689	1503	1402	3381
5	1690	1506	1379	3382
5	1690	1379	1685	3383
5	1698	1511	1420	3384
5	1695	1367	1550	3385
5	1808	1686	1519	3386
5	1954	1685	1813	3387
5	1696	1551	1406	3388
5	1696	1406	1511	3389
5	1955	1842	1873	3390
5	2026	1651	1879	3391
5	1819	1691	1521	3392
5	1851	1691	1819	3393
5	1811	1511	1698	3394
5	1852	1528	1669	3395
5	2004	1697	1814	3396
5	1697	1550	1551	3397
5	1698	1530	1693	3398
5	1814	1697	1551	3399
5	1750	1604	1537	3400
5	1752	1605	1751	3401
5	1714	1562	1538	3402
5	1715	1562	1714	3403
5	1733	1507	1584	3404
5	1732	1584	1509	3405
5	1856	1701	1855	3406
5	1917	1774	1916	3407
5	1771	1626	1770	3408
5	1871	1671	1726	3409
5	1857	1653	1542	3410
5	1704	1542	1395	3411
5	1705	1704	1395	3412
5	1705	1395	1366	3413
5	1706	1527	1372	3414
5	1706	1372	1687	3415
5	1798	1518	1664	3416
5	1813	1685	1529	3417
5	1708	1694	1553	3418
5	1708	1553	1566	3419
5	1739	1590	1738	3420
5	1739	1514	1590	3421
5	1866	1717	1710	3422
5	2087	1799	1991	3423
5	1743	1595	1712	3424
5	1718	1524	1713	3425
5	1932	1793	1792	3426
5	1712	1595	1558	3427
5	1743	1596	1595	3428
5	1865	1719	1864	3429
5	2056	1909	1908	3430
5	1908	1762	1838	3431
5	1861	1714	1860	3432
5	2053	1906	1905	3433
5	1789	1643	1788	3434
5	1790	1645	1644	3435
5	1799	1723	1573	3436
5	1723	1417	1573	3437
5	2034	1865	2013	3438
5	1740	1593	1569	3439
5	1913	1703	1771	3440
5	1740	1569	1720	3441
5	2196	2050	2195	3442
5	1885	1720	1865	3443
5	1801	1548	1651	3444
5	2007	1855	2006	3445
5	2015	1858	2014	3446
5	1813	1529	1707	3447
5	2088	1513	2016	3448
5	1867	1826	1688	3449
5	1868	1724	1716	3450
5	1726	1526	1575	3451
5	2032	1884	1835	3452
5	2030	1882	2029	3453
5	1870	1726	1725	3454
5	1871	1828	1671	3455
5	1998	1802	1972	3456
5	1727	1577	1419	3457
5	1873	1842	1654	3458
5	1730	1580	1729	3459
5	1823	1659	1694	3460
5	1730	1654	1581	3461
5	2002	1843	2001	3462
5	2160	2001	2089	3463
5	1902	1757	1901	3464
5	1846	1677	1661	3465
5	1877	1732	1702	3466
5	2025	1878	1877	3467
5	1855	1681	1837	3468
5	1845	1663	1802	3469
5	1734	1680	1586	3470
5	1734	1586	1585	3471
5	2028	1880	1964	3472
5	1737	1510	1588	3473
5	1884	1739	1738	3474
5	1883	1835	1673	3475
5	1880	1680	1820	3476
5	1821	1767	1658	3477
5	1739	1709	1514	3478
5	1738	1590	1589	3479
5	1858	1709	1803	3480
5	1830	1565	1717	3481
5	1831	1711	1659	3482
5	1831	1659	1823	3483
5	1874	1729	1728	3484
5	1742	1594	1741	3485
5	1839	1674	1829	3486
5	1743	1713	1596	3487
5	1935	1795	1934	3488
5	1863	1713	1812	3489
5	1745	1554	1598	3490
5	1744	1598	1597	3491
5	1839	1792	1674	3492
5	1933	1793	1932	3493
5	1747	1656	1560	3494
5	1896	1751	1895	3495
5	2016	1513	1826	3496
5	1928	1827	1787	3497
5	1896	1752	1751	3498
5	1749	1601	1748	3499
5	2071	1926	1925	3500
5	1783	1602	1749	3501
5	1895	1750	1894	3502
5	1898	1754	1753	3503
5	1894	1699	1815	3504
5	1754	1608	1607	3505
5	1895	1751	1750	3506
5	1756	1610	1609	3507
5	2240	1866	2100	3508
5	1846	1661	1827	3509
5	1927	1731	1876	3510
5	1757	1610	1756	3511
5	1928	1787	1786	3512
5	1760	1613	1759	3513
5	1892	1748	1678	3514
5	1924	1783	1749	3515
5	1834	1678	1683	3516
5	1758	1611	1757	3517
5	1905	1761	1760	3518
5	1761	1614	1760	3519
5	1902	1758	1757	3520
5	1761	1535	1614	3521
5	1898	1753	1897	3522
5	1894	1750	1699	3523
5	2090	2040	1962	3524
5	1841	1806	1657	3525
5	1764	1619	1763	3526
5	1764	1616	1619	3527
5	1764	1762	1616	3528
5	1763	1619	1618	3529
5	1906	1834	1683	3530
5	2009	1860	1963	3531
5	1838	1762	1764	3532
5	1779	1634	1633	3533
5	1766	1621	1539	3534
5	1782	1637	1781	3535
5	1964	1880	1820	3536
5	1769	1624	1768	3537
5	2170	2020	2169	3538
5	1769	1734	1585	3539
5	1805	1658	1666	3540
5	1821	1658	1805	3541
5	1771	1540	1626	3542
5	1771	1703	1540	3543
5	1966	1840	1890	3544
5	1937	1797	1936	3545
5	1918	1775	1917	3546
5	1914	1766	1824	3547
5	1856	1702	1701	3548
5	1776	1630	1775	3549
5	2063	1918	2062	3550
5	2059	1915	1914	3551
5	2197	2052	2051	3552
5	1776	1681	1631	3553
5	2064	1968	1919	3554
5	1919	1777	1909	3555
5	1778	1633	1632	3556
5	1779	1633	1778	3557
5	1922	1778	1919	3558
5	1837	1681	1776	3559
5	1782	1766	1539	3560
5	1780	1635	1779	3561
5	1918	1837	1776	3562
5	1782	1539	1637	3563
5	1907	1763	1825	3564
5	2059	1914	1967	3565
5	1878	1732	1877	3566
5	1914	1772	1766	3567
5	1926	1785	1784	3568
5	1784	1638	1783	3569
5	1825	1763	1682	3570
5	1785	1657	1640	3571
5	1862	1847	1679	3572
5	1920	1780	1779	3573
5	2072	1876	1946	3574
5	1787	1641	1786	3575
5	2093	2008	1857	3576
5	2133	1983	1817	3577
5	1789	1644	1643	3578
5	1791	1533	1645	3579
5	1869	1724	1868	3580
5	1790	1644	1789	3581
5	1911	1767	1821	3582
5	1791	1716	1533	3583
5	1884	1738	1835	3584
5	1868	1716	1804	3585
5	1793	1647	1646	3586
5	1794	1648	1647	3587
5	1929	1788	1836	3588
5	1832	1672	1840	3589
5	1864	1718	1863	3590
5	1795	1648	1794	3591
5	2082	1937	1936	3592
5	1797	1597	1650	3593
5	2081	1936	1935	3594
5	1865	1720	1719	3595
5	1863	1718	1713	3596
5	1840	1672	1675	3597
5	1954	1690	1685	3598
5	1816	1655	1690	3599
5	1866	1710	1858	3600
5	1835	1738	1673	3601
5	1800	1676	1656	3602
5	2193	2047	2192	3603
5	1873	1654	1730	3604
5	2174	2027	2025	3605
5	1972	1802	1667	3606
5	2095	1969	2036	3607
5	1884	1803	1739	3608
5	2033	2014	1803	3609
5	2228	2101	2110	3610
5	1929	1789	1788	3611
5	1985	1821	1960	3612
5	2096	1944	1959	3613
5	1806	1700	1657	3614
5	1988	1957	1825	3615
5	1891	1747	1746	3616
5	2074	1827	1928	3617
5	1854	1698	1693	3618
5	1854	1811	1698	3619
5	1977	1669	1809	3620
5	1809	1669	1364	3621
5	1978	1810	1686	3622
5	2147	1810	1978	3623
5	1942	1811	1854	3624
5	1979	1696	1811	3625
5	1888	1743	1712	3626
5	1842	1670	1654	3627
5	2128	1814	1979	3628
5	1853	1695	1550	3629
5	2416	2244	2415	3630
5	1982	1547	1665	3631
5	1815	1699	1677	3632
5	1827	1661	1787	3633
5	1952	1686	1808	3634
5	1984	1503	1939	3635
5	2084	1717	1866	3636
5	1857	1542	1704	3637
5	1818	1817	1705	3638
5	1818	1705	1366	3639
5	1939	1689	1844	3640
5	1844	1559	1660	3641
5	2316	2175	2121	3642
5	1911	1768	1767	3643
5	1910	1734	1769	3644
5	2169	2019	2168	3645
5	1879	1733	1878	3646
5	1998	1845	1802	3647
5	1888	1712	1887	3648
5	1887	1711	1831	3649
5	1923	1782	1781	3650
5	1923	1781	1921	3651
5	1995	1907	1957	3652
5	2345	2207	2206	3653
5	1989	1867	1723	3654
5	1826	1513	1436	3655
5	1846	1815	1677	3656
5	1990	1815	1846	3657
5	1828	1805	1666	3658
5	1828	1666	1671	3659
5	1886	1741	1740	3660
5	1885	1740	1720	3661
5	2084	1830	1717	3662
5	1991	1722	1830	3663
5	2301	2155	2173	3664
5	2026	1801	1651	3665
5	2168	2018	2091	3666
5	1931	1790	1930	3667
5	1833	1800	1656	3668
5	1833	1656	1747	3669
5	2050	1902	2049	3670
5	1892	1678	1834	3671
5	1881	1735	1880	3672
5	1881	1736	1735	3673
5	1832	1770	1672	3674
5	1974	1965	1804	3675
5	1915	1772	1914	3676
5	1916	1774	1773	3677
5	2068	1921	2065	3678
5	1909	1777	1765	3679
5	1936	1797	1796	3680
5	2078	1932	1938	3681
5	1890	1745	1889	3682
5	1935	1796	1795	3683
5	1893	1748	1892	3684
5	1925	1784	1783	3685
5	1843	1708	1670	3686
5	1850	1823	1694	3687
5	2037	1887	1831	3688
5	1850	1708	1843	3689
5	2131	1854	1951	3690
5	1939	1503	1689	3691
5	1987	1874	1728	3692
5	1872	1577	1727	3693
5	2044	1897	1896	3694
5	2047	1900	1899	3695
5	1847	1825	1682	3696
5	1847	1682	1679	3697
5	1848	1693	1578	3698
5	1848	1578	1668	3699
5	2041	1815	1990	3700
5	2295	2148	1980	3701
5	2182	2035	2181	3702
5	2001	1842	1955	3703
5	2305	2127	2152	3704
5	1851	1660	1691	3705
5	1979	1811	1942	3706
5	1979	1814	1696	3707
5	2104	1956	1853	3708
5	2105	1851	2005	3709
5	1941	1808	1692	3710
5	1943	1655	1816	3711
5	1972	1667	1801	3712
5	1877	1702	1856	3713
5	2371	2265	2425	3714
5	2025	1877	1961	3715
5	2151	1746	1807	3716
5	2106	1971	1891	3717
5	1940	1692	1798	3718
5	2270	1989	2087	3719
5	1859	1829	1742	3720
5	1859	1742	1741	3721
5	1861	1715	1714	3722
5	1862	1679	1715	3723
5	2069	1893	2040	3724
5	1862	1715	1861	3725
5	2165	2163	2011	3726
5	2349	2123	2236	3727
5	1864	1719	1718	3728
5	1886	1740	1885	3729
5	2287	2160	2286	3730
5	1969	1829	1859	3731
5	2114	2078	1938	3732
5	1886	1859	1741	3733
5	2031	1835	1883	3734
5	2015	1866	1858	3735
5	2135	1953	2086	3736
5	1950	1849	1687	3737
5	1869	1725	1724	3738
5	1870	1725	1869	3739
5	2225	2080	2224	3740
5	2020	1871	1870	3741
5	2175	2028	2121	3742
5	1871	1726	1870	3743
5	1975	1960	1805	3744
5	2058	1993	1913	3745
5	2022	1872	1999	3746
5	1872	1721	1577	3747
5	1875	1729	1874	3748
5	2116	2012	1958	3749
5	1875	1730	1729	3750
5	1875	1873	1730	3751
5	1992	1831	1823	3752
5	2001	1843	1842	3753
5	1927	1786	1731	3754
5	1928	1786	1927	3755
5	1878	1733	1732	3756
5	1999	1872	1845	3757
5	2006	1855	1837	3758
5	2234	1987	2145	3759
5	2055	1838	1995	3760
5	1987	1728	1822	3761
5	1883	1737	1882	3762
5	1882	1736	1881	3763
5	1974	1804	1931	3764
5	1883	1673	1737	3765
5	2299	2154	2153	3766
5	2360	2223	2282	3767
5	1975	1805	1828	3768
5	1986	1910	1944	3769
5	2141	1986	2098	3770
5	2029	1882	1881	3771
5	2108	1958	1973	3772
5	2012	1864	1863	3773
5	2204	2058	2203	3774
5	2222	2077	2076	3775
5	1995	1838	1907	3776
5	1888	1812	1743	3777
5	2160	2002	2001	3778
5	2116	1958	2108	3779
5	1890	1840	1675	3780
5	1889	1745	1744	3781
5	2076	1929	2075	3782
5	1993	1836	1913	3783
5	2179	2033	2113	3784
5	2245	2151	2008	3785
5	1893	1749	1748	3786
5	1926	1784	1925	3787
5	1988	1825	1847	3788
5	1924	1749	1893	3789
5	2043	1895	2042	3790
5	2042	1894	2041	3791
5	2049	1901	2048	3792
5	1900	1756	1755	3793
5	2047	1899	2046	3794
5	2073	1927	2072	3795
5	2119	1990	2000	3796
5	1901	1757	1756	3797
5	2073	1928	1927	3798
5	1905	1760	1904	3799
5	2041	1894	1815	3800
5	2043	1896	1895	3801
5	2042	1895	1894	3802
5	1903	1758	1902	3803
5	2052	1905	1904	3804
5	1904	1759	1903	3805
5	2048	1900	2047	3806
5	2045	1897	2044	3807
5	2045	1898	1897	3808
5	1906	1761	1905	3809
5	2215	2124	2071	3810
5	1906	1683	1761	3811
5	2192	2047	2046	3812
5	2009	1861	1860	3813
5	2194	2049	2048	3814
5	2040	1892	1962	3815
5	1907	1838	1764	3816
5	1907	1764	1763	3817
5	1921	1780	1920	3818
5	1919	1778	1777	3819
5	2011	1847	1862	3820
5	2342	2201	2260	3821
5	1912	1768	1911	3822
5	2280	2015	2178	3823
5	1912	1769	1768	3824
5	1912	1910	1769	3825
5	1913	1836	1703	3826
5	1913	1771	1832	3827
5	2018	1869	1868	3828
5	1965	1868	1804	3829
5	1915	1773	1772	3830
5	1917	1775	1774	3831
5	2122	2059	1967	3832
5	1916	1773	1915	3833
5	2208	2063	2062	3834
5	1918	1776	1775	3835
5	2007	1961	1856	3836
5	2007	1856	1855	3837
5	2064	1919	1909	3838
5	2062	1917	2061	3839
5	2050	1903	1902	3840
5	1963	1860	1806	3841
5	1968	1922	1919	3842
5	2063	2006	1837	3843
5	2211	2107	2065	3844
5	1923	1824	1782	3845
5	1922	1920	1779	3846
5	1922	1779	1778	3847
5	2066	1922	1968	3848
5	2207	2061	2206	3849
5	2040	1893	1892	3850
5	1925	1783	1924	3851
5	2213	2069	2040	3852
5	1926	1841	1785	3853
5	2051	1904	1903	3854
5	2044	1896	2043	3855
5	2046	1899	1898	3856
5	2049	1902	1901	3857
5	2117	1946	1970	3858
5	2028	1881	1880	3859
5	2079	1933	2078	3860
5	1930	1789	1929	3861
5	2058	1832	2057	3862
5	1931	1804	1791	3863
5	2057	1840	1966	3864
5	2283	2115	2142	3865
5	1933	1794	1793	3866
5	1934	1795	1794	3867
5	2238	2114	2125	3868
5	1936	1796	1935	3869
5	2077	1930	2076	3870
5	2081	1935	2080	3871
5	2035	1885	2034	3872
5	1937	1744	1797	3873
5	2111	2057	1966	3874
5	2037	1831	1992	3875
5	2036	1859	1886	3876
5	1969	1947	1829	3877
5	1938	1932	1839	3878
5	2126	1969	2095	3879
5	2146	1852	1997	3880
5	2152	1662	1684	3881
5	1943	1546	1655	3882
5	2239	2085	2129	3883
5	2245	2008	2093	3884
5	2128	2004	1814	3885
5	1956	1819	1695	3886
5	2104	2005	1956	3887
5	2129	1546	1943	3888
5	1991	1799	1722	3889
5	1985	1959	1911	3890
5	2224	2079	2223	3891
5	2131	1942	1854	3892
5	2132	1848	1945	3893
5	1946	1876	1800	3894
5	1983	1857	1704	3895
5	1947	1938	1839	3896
5	1947	1839	1829	3897
5	2241	2093	1983	3898
5	1983	1704	1817	3899
5	1949	1948	1818	3900
5	1949	1818	1546	3901
5	2086	1849	1950	3902
5	1953	1706	1849	3903
5	2293	2097	1940	3904
5	2134	1808	1941	3905
5	2149	1978	1952	3906
5	1978	1686	1952	3907
5	2135	1940	1798	3908
5	1953	1798	1664	3909
5	2550	2304	2380	3910
5	1954	1816	1690	3911
5	2024	1875	2023	3912
5	2024	1873	1875	3913
5	2103	1844	2003	3914
5	2097	1941	1940	3915
5	1957	1907	1825	3916
5	2243	2138	2163	3917
5	1958	1863	1812	3918
5	2038	1888	1887	3919
5	1959	1944	1912	3920
5	1959	1912	1911	3921
5	1985	1911	1821	3922
5	1960	1821	1805	3923
5	1961	1877	1856	3924
5	2144	2026	1879	3925
5	1962	1892	1834	3926
5	2054	1962	1834	3927
5	2199	2053	2198	3928
5	2070	1925	1924	3929
5	2177	2030	2176	3930
5	2112	2032	2031	3931
5	2021	1975	1828	3932
5	2018	1868	1965	3933
5	2220	1993	2204	3934
5	2083	1937	2082	3935
5	1967	1914	1824	3936
5	2208	2062	2207	3937
5	2065	1921	1920	3938
5	2067	1824	1923	3939
5	2013	1864	2012	3940
5	2035	1886	1885	3941
5	1970	1946	1800	3942
5	1970	1800	1833	3943
5	1971	1970	1833	3944
5	1971	1833	1891	3945
5	2144	1879	2027	3946
5	2145	1987	1822	3947
5	1973	1958	1812	3948
5	1973	1812	1888	3949
5	2075	1836	1993	3950
5	2076	1930	1929	3951
5	2019	1869	2018	3952
5	2019	1870	1869	3953
5	1976	1963	1806	3954
5	1976	1806	1841	3955
5	1997	1669	1977	3956
5	2244	2127	2229	3957
5	1982	1945	1547	3958
5	2150	1945	1982	3959
5	2005	1851	1819	3960
5	2004	1853	1697	3961
5	2148	2136	1954	3962
5	1980	1813	1707	3963
5	1981	1980	1707	3964
5	1981	1707	1852	3965
5	2296	2289	2149	3966
5	2134	1952	1808	3967
5	2379	2167	2233	3968
5	2008	1653	1857	3969
5	2152	1684	1984	3970
5	1984	1684	1503	3971
5	2220	2075	1993	3972
5	2221	2076	2075	3973
5	1986	1964	1820	3974
5	1986	1820	1910	3975
5	2185	2108	1973	3976
5	2375	2370	2262	3977
5	2010	1861	2009	3978
5	2010	1862	1861	3979
5	2217	2072	1946	3980
5	2157	2017	1867	3981
5	2074	1928	2073	3982
5	2217	1946	2117	3983
5	2113	2032	2112	3984
5	2008	1807	1653	3985
5	2038	1973	1888	3986
5	2038	1887	2037	3987
5	2075	1929	1836	3988
5	2077	1931	1930	3989
5	1994	1976	1841	3990
5	1994	1841	1926	3991
5	2055	1908	1838	3992
5	2064	1909	2056	3993
5	1996	1992	1823	3994
5	1996	1823	1850	3995
5	2103	1939	1844	3996
5	2003	1660	1851	3997
5	2022	1822	1721	3998
5	1999	1845	1998	3999
5	2172	1999	2159	4000
5	2022	1721	1872	4001
5	2000	1990	1846	4002
5	2000	1846	1827	4003
5	2002	1850	1843	4004
5	2002	1996	1850	4005
5	2320	2166	2310	4006
5	2161	2102	1996	4007
5	2128	1979	1942	4008
5	2005	1819	1956	4009
5	2369	1941	2097	4010
5	2147	1652	1810	4011
5	2105	2003	1851	4012
5	2684	2517	2518	4013
5	2060	1915	2059	4014
5	2061	1917	1916	4015
5	2212	2068	2107	4016
5	2422	2260	2276	4017
5	2249	2087	1991	4018
5	2084	1991	1830	4019
5	2202	2055	2201	4020
5	2011	1862	2010	4021
5	2213	2040	2090	4022
5	2011	1988	1847	4023
5	2092	2009	1963	4024
5	2371	2308	2250	4025
5	2013	1865	1864	4026
5	2034	1885	1865	4027
5	2185	1973	2038	4028
5	2036	1886	2035	4029
5	2100	1866	2015	4030
5	2014	1858	1803	4031
5	2033	1884	2032	4032
5	2240	2084	1866	4033
5	2136	1816	1954	4034
5	2135	1798	1953	4035
5	2017	2016	1826	4036
5	2017	1826	1867	4037
5	2021	1871	2020	4038
5	2020	1870	2019	4039
5	2154	1959	1985	4040
5	2021	1828	1871	4041
5	2098	1944	2096	4042
5	2121	2028	1964	4043
5	2450	2311	2372	4044
5	2203	2057	2111	4045
5	2109	1801	2026	4046
5	2109	1972	1801	4047
5	2027	1878	2025	4048
5	2024	1955	1873	4049
5	2102	1992	1996	4050
5	2324	2184	2183	4051
5	2314	2246	2172	4052
5	2253	1972	2109	4053
5	2159	1999	1998	4054
5	2027	1879	1878	4055
5	2166	2012	2116	4056
5	2183	2037	1992	4057
5	2031	1883	2030	4058
5	2030	1883	1882	4059
5	2153	1960	2130	4060
5	2171	1975	2021	4061
5	2168	2019	2018	4062
5	2032	1835	2031	4063
5	2098	1986	1944	4064
5	2255	2113	2254	4065
5	2033	1803	1884	4066
5	2268	2141	2098	4067
5	2176	2029	2175	4068
5	2176	2030	2029	4069
5	2373	2256	2283	4070
5	2363	2226	2362	4071
5	2273	2228	2110	4072
5	2036	1969	1859	4073
5	2362	2225	2361	4074
5	2223	2078	2114	4075
5	2156	2023	1874	4076
5	2205	2060	2059	4077
5	2374	2263	2350	4078
5	2856	2731	2765	4079
5	2039	1966	1890	4080
5	2039	1890	1889	4081
5	2069	1924	1893	4082
5	2071	1925	2070	4083
5	2188	2042	2187	4084
5	2189	2043	2188	4085
5	2186	1990	2119	4086
5	2046	1898	2045	4087
5	2190	2045	2044	4088
5	2336	2195	2194	4089
5	2218	2072	2217	4090
5	2048	1901	1900	4091
5	2186	2041	1990	4092
5	2195	2049	2194	4093
5	2187	2041	2186	4094
5	2053	1905	2052	4095
5	2187	2042	2041	4096
5	2188	2043	2042	4097
5	2190	2044	2189	4098
5	2051	1903	2050	4099
5	2199	2054	2053	4100
5	2052	1904	2051	4101
5	2198	2052	2197	4102
5	2192	2046	2191	4103
5	2189	2044	2043	4104
5	2054	1906	2053	4105
5	2196	2051	2050	4106
5	2054	1834	1906	4107
5	2140	2092	1963	4108
5	2352	2213	2351	4109
5	2164	2009	2092	4110
5	2164	2010	2009	4111
5	2210	2064	2056	4112
5	2056	1908	2055	4113
5	2236	2123	2200	4114
5	2165	2010	2164	4115
5	2058	1913	1832	4116
5	2057	1832	1840	4117
5	2115	1966	2039	4118
5	2223	2079	2078	4119
5	2060	1916	1915	4120
5	2063	1837	1918	4121
5	2062	1918	1917	4122
5	2061	1916	2060	4123
5	2303	2094	2262	4124
5	2346	2207	2345	4125
5	2285	2143	2261	4126
5	2139	1961	2007	4127
5	2139	2094	1961	4128
5	2205	2059	2122	4129
5	2201	1995	2099	4130
5	2206	2060	2205	4131
5	2285	2122	2143	4132
5	2067	1967	1824	4133
5	2066	2065	1920	4134
5	2066	1920	1922	4135
5	2107	2068	2065	4136
5	2201	2055	1995	4137
5	2068	2067	1923	4138
5	2068	1923	1921	4139
5	2090	2054	2199	4140
5	2070	1924	2069	4141
5	2419	2144	2315	4142
5	2071	1994	1926	4143
5	2448	2308	2371	4144
5	2475	2336	2474	4145
5	2191	2045	2190	4146
5	2074	2000	1827	4147
5	2219	2073	2218	4148
5	2266	1971	2106	4149
5	2331	2189	2330	4150
5	2194	2048	2193	4151
5	2299	2153	2298	4152
5	2627	2494	2502	4153
5	2171	2130	1975	4154
5	2077	1974	1931	4155
5	2377	2274	2300	4156
5	2298	2153	2130	4157
5	2079	1934	1933	4158
5	2080	1935	1934	4159
5	2180	2034	2013	4160
5	2083	1889	1937	4161
5	2183	1992	2102	4162
5	2166	2013	2012	4163
5	2115	2111	1966	4164
5	2082	1936	2081	4165
5	2227	2142	2083	4166
5	2083	2039	1889	4167
5	2343	2203	2111	4168
5	2226	2081	2225	4169
5	2085	1948	1949	4170
5	2086	1953	1849	4171
5	2270	2157	1989	4172
5	2087	1989	1799	4173
5	2167	2088	2016	4174
5	2369	2134	1941	4175
5	2151	1807	2008	4176
5	2133	1817	1948	4177
5	2386	2135	2086	4178
5	2088	1950	1513	4179
5	2089	2001	1955	4180
5	2155	2089	1955	4181
5	2330	2188	2329	4182
5	2337	2196	2195	4183
5	2091	2018	1965	4184
5	2237	2130	2171	4185
5	2140	1976	2120	4186
5	2215	2071	2070	4187
5	2271	2086	1950	4188
5	2429	2271	2304	4189
5	2094	2025	1961	4190
5	2478	2272	2339	4191
5	2182	2036	2035	4192
5	2181	2035	2034	4193
5	2154	2096	1959	4194
5	2130	1960	1975	4195
5	2167	2016	2017	4196
5	2148	1813	1980	4197
5	2275	2141	2268	4198
5	2496	2361	2360	4199
5	2696	2564	2520	4200
5	2341	2200	2210	4201
5	2178	2015	2014	4202
5	2555	2432	2280	4203
5	2101	2091	1965	4204
5	2101	1965	1974	4205
5	2161	2002	2160	4206
5	2324	2183	2251	4207
5	2388	2148	2295	4208
5	2278	2003	2105	4209
5	2384	2105	2277	4210
5	2104	1853	2004	4211
5	2152	1809	1662	4212
5	2158	1939	2103	4213
5	2113	2033	2032	4214
5	2279	2119	2216	4215
5	2211	2066	2123	4216
5	2202	2056	2055	4217
5	2184	2037	2183	4218
5	2306	2102	2161	4219
5	2314	2159	2253	4220
5	2145	1822	2022	4221
5	2110	2101	1974	4222
5	2110	1974	2077	4223
5	2203	2058	2057	4224
5	2204	1993	2058	4225
5	2280	2100	2015	4226
5	2318	2254	2112	4227
5	2255	2179	2113	4228
5	2266	2118	1971	4229
5	2226	2082	2081	4230
5	2282	2114	2238	4231
5	2273	2110	2222	4232
5	2256	2111	2115	4233
5	2180	2013	2166	4234
5	2181	2034	2180	4235
5	2317	2175	2316	4236
5	2457	2319	2385	4237
5	2118	2117	1970	4238
5	2118	1970	1971	4239
5	2219	2074	2073	4240
5	2334	2193	2192	4241
5	2140	1963	1976	4242
5	2120	1976	1994	4243
5	2175	2029	2028	4244
5	2177	2031	2030	4245
5	2462	2324	2398	4246
5	2345	2205	2230	4247
5	2211	2065	2066	4248
5	2123	2066	1968	4249
5	2124	2120	1994	4250
5	2124	1994	2071	4251
5	2125	2114	1938	4252
5	2125	1938	1947	4253
5	2126	2125	1947	4254
5	2126	1947	1969	4255
5	2303	2174	2094	4256
5	2383	2277	2104	4257
5	2296	2149	2290	4258
5	2277	2005	2104	4259
5	2129	2085	1949	4260
5	2129	1949	1546	4261
5	2153	1985	1960	4262
5	2154	1985	2153	4263
5	2289	2147	2149	4264
5	2290	2149	1952	4265
5	2291	2131	1951	4266
5	2132	1951	1848	4267
5	2292	2133	1948	4268
5	2249	1991	2084	4269
5	2150	2132	1945	4270
5	2149	2147	1978	4271
5	2386	2086	2378	4272
5	2417	2383	2247	4273
5	2518	2388	2295	4274
5	2504	2408	2409	4275
5	2148	1954	1813	4276
5	2137	1980	1981	4277
5	2138	2099	1957	4278
5	2138	1957	1988	4279
5	2209	2006	2063	4280
5	2207	2062	2061	4281
5	2338	2197	2196	4282
5	2340	2199	2272	4283
5	2141	2121	1964	4284
5	2141	1964	1986	4285
5	2142	2115	2039	4286
5	2142	2039	2083	4287
5	2143	2122	1967	4288
5	2143	1967	2067	4289
5	2174	2025	2094	4290
5	2155	1955	2024	4291
5	2156	1874	1987	4292
5	2172	2022	1999	4293
5	2416	2137	1981	4294
5	2146	1981	1852	4295
5	2147	1982	1665	4296
5	2147	1665	1652	4297
5	2295	1980	2137	4298
5	2652	2544	2387	4299
5	2417	2248	2391	4300
5	2247	2104	2004	4301
5	2391	2248	2128	4302
5	2291	1951	2132	4303
5	2297	1891	2151	4304
5	2151	1891	1746	4305
5	2158	1984	1939	4306
5	2152	2127	1977	4307
5	2267	2101	2228	4308
5	2317	2176	2175	4309
5	2298	2130	2237	4310
5	2311	2169	2168	4311
5	2368	2258	2156	4312
5	2262	2094	2139	4313
5	2345	2206	2205	4314
5	2234	2156	1987	4315
5	2242	1943	2136	4316
5	2271	1950	2088	4317
5	2305	1984	2158	4318
5	2305	2152	1984	4319
5	2172	2145	2022	4320
5	2723	2453	2540	4321
5	2161	1996	2002	4322
5	2320	2180	2166	4323
5	2277	2105	2005	4324
5	2288	2128	1942	4325
5	2162	2139	2007	4326
5	2162	2007	2006	4327
5	2163	2138	1988	4328
5	2163	1988	2011	4329
5	2165	2011	2010	4330
5	2422	2276	2394	4331
5	2335	2193	2334	4332
5	2307	2163	2165	4333
5	2310	2116	2309	4334
5	2449	2322	2320	4335
5	2438	2241	2133	4336
5	2292	1948	2085	4337
5	2169	2020	2019	4338
5	2170	2021	2020	4339
5	2644	2585	2511	4340
5	2316	2121	2275	4341
5	2358	2221	2220	4342
5	2171	2021	2170	4343
5	2358	2220	2357	4344
5	2360	2224	2223	4345
5	2314	2172	2159	4346
5	2252	2026	2144	4347
5	2173	2155	2024	4348
5	2173	2024	2023	4349
5	2258	2023	2156	4350
5	2433	2261	2423	4351
5	2411	2228	2273	4352
5	2443	2298	2396	4353
5	2318	2112	2177	4354
5	2275	2121	2141	4355
5	2319	2176	2317	4356
5	2177	2112	2031	4357
5	2284	2179	2255	4358
5	2505	2266	2397	4359
5	2179	2178	2014	4360
5	2179	2014	2033	4361
5	2326	2108	2185	4362
5	2364	2283	2142	4363
5	2418	2398	2251	4364
5	2182	2095	2036	4365
5	2322	2180	2320	4366
5	2325	2184	2324	4367
5	2184	2038	2037	4368
5	2185	2038	2184	4369
5	2462	2325	2324	4370
5	2309	2116	2108	4371
5	2326	2309	2108	4372
5	2446	2286	2435	4373
5	2330	2189	2188	4374
5	2329	2187	2328	4375
5	2475	2337	2336	4376
5	2193	2048	2047	4377
5	2430	2275	2268	4378
5	2441	2397	2106	4379
5	2327	2186	2119	4380
5	2191	2046	2045	4381
5	2336	2194	2335	4382
5	2334	2192	2333	4383
5	2328	2187	2186	4384
5	2329	2188	2187	4385
5	2331	2190	2189	4386
5	2197	2051	2196	4387
5	2351	2090	2340	4388
5	2195	2050	2049	4389
5	2272	2199	2198	4390
5	2339	2198	2197	4391
5	2339	2197	2338	4392
5	2198	2053	2052	4393
5	2337	2195	2336	4394
5	2332	2191	2190	4395
5	2352	2214	2213	4396
5	2090	1962	2054	4397
5	2404	2259	2376	4398
5	2214	2070	2069	4399
5	2484	2403	2341	4400
5	2250	2164	2092	4401
5	2200	2123	1968	4402
5	2200	1968	2064	4403
5	2260	2201	2099	4404
5	2210	2056	2202	4405
5	2341	2236	2200	4406
5	2210	2200	2064	4407
5	2498	2363	2362	4408
5	2221	2075	2220	4409
5	2480	2344	2343	4410
5	2222	2110	2077	4411
5	2206	2061	2060	4412
5	2209	2063	2208	4413
5	2424	2173	2258	4414
5	2287	2161	2160	4415
5	2615	2481	2506	4416
5	2209	2162	2006	4417
5	2231	2139	2162	4418
5	2485	2350	2349	4419
5	2483	2348	2342	4420
5	2350	2211	2349	4421
5	2448	2307	2308	4422
5	2276	2138	2243	4423
5	2342	2202	2201	4424
5	2556	2402	2482	4425
5	2212	2143	2067	4426
5	2212	2067	2068	4427
5	2259	2120	2124	4428
5	2214	2069	2213	4429
5	2352	2264	2215	4430
5	2215	2070	2214	4431
5	2508	2376	2488	4432
5	2332	2190	2331	4433
5	2216	2119	2000	4434
5	2216	2000	2074	4435
5	2218	2073	2072	4436
5	2327	2119	2279	4437
5	2766	2644	2694	4438
5	2355	2216	2219	4439
5	2328	2186	2327	4440
5	2219	2216	2074	4441
5	2497	2362	2361	4442
5	2421	2255	2254	4443
5	2311	2168	2235	4444
5	2222	2076	2221	4445
5	2235	2168	2091	4446
5	2412	2235	2267	4447
5	2224	2080	2079	4448
5	2225	2081	2080	4449
5	2357	2204	2344	4450
5	2227	2083	2082	4451
5	2633	2500	2499	4452
5	2322	2181	2180	4453
5	2460	2323	2322	4454
5	2227	2082	2226	4455
5	2458	2310	2309	4456
5	2282	2223	2114	4457
5	2359	2222	2221	4458
5	2555	2178	2284	4459
5	2244	1997	2127	4460
5	2244	2146	1997	4461
5	2230	2205	2122	4462
5	2285	2230	2122	4463
5	2347	2209	2208	4464
5	2401	2375	2231	4465
5	2232	2231	2162	4466
5	2232	2162	2209	4467
5	2233	2167	2017	4468
5	2233	2017	2157	4469
5	2252	2109	2026	4470
5	2258	2173	2023	4471
5	2585	2450	2511	4472
5	2451	2312	2450	4473
5	2261	2143	2212	4474
5	2400	2345	2230	4475
5	2312	2169	2311	4476
5	2312	2170	2169	4477
5	2321	2269	2095	4478
5	2461	2321	2323	4479
5	2293	1940	2135	4480
5	2241	1983	2133	4481
5	2249	2084	2240	4482
5	2567	2428	2270	4483
5	2678	2389	2503	4484
5	2297	2106	1891	4485
5	2242	2239	2129	4486
5	2242	2129	1943	4487
5	2485	2349	2382	4488
5	2265	2092	2140	4489
5	2431	2229	2158	4490
5	2416	2146	2244	4491
5	2365	2292	2085	4492
5	2544	2097	2387	4493
5	2246	2234	2145	4494
5	2246	2145	2172	4495
5	2288	1942	2131	4496
5	2416	1981	2146	4497
5	2248	2247	2004	4498
5	2248	2004	2128	4499
5	2378	2086	2271	4500
5	2353	2117	2281	4501
5	2307	2243	2163	4502
5	2308	2164	2250	4503
5	2251	2183	2102	4504
5	2598	2462	2512	4505
5	2419	2252	2144	4506
5	2262	2139	2231	4507
5	2355	2279	2216	4508
5	2420	2279	2355	4509
5	2354	2217	2353	4510
5	2254	2113	2112	4511
5	2675	2510	2405	4512
5	2284	2178	2179	4513
5	2359	2273	2222	4514
5	2343	2111	2256	4515
5	2257	2238	2125	4516
5	2257	2125	2126	4517
5	2315	2144	2027	4518
5	2315	2027	2174	4519
5	2294	2120	2259	4520
5	2265	2250	2092	4521
5	2487	2352	2351	4522
5	2488	2264	2352	4523
5	2423	2261	2263	4524
5	2350	2107	2211	4525
5	2573	2433	2572	4526
5	2286	2160	2089	4527
5	2263	2261	2212	4528
5	2263	2212	2107	4529
5	2264	2259	2124	4530
5	2264	2124	2215	4531
5	2514	2394	2414	4532
5	2381	2342	2260	4533
5	2486	2351	2340	4534
5	2281	2117	2118	4535
5	2267	2235	2091	4536
5	2267	2091	2101	4537
5	2555	2284	2510	4538
5	2427	2268	2274	4539
5	2269	2257	2126	4540
5	2269	2126	2095	4541
5	2501	2438	2292	4542
5	2516	2233	2428	4543
5	2432	2366	2100	4544
5	2429	2378	2271	4545
5	2340	2090	2199	4546
5	2351	2213	2090	4547
5	2344	2203	2343	4548
5	2399	2343	2256	4549
5	2274	2268	2098	4550
5	2274	2098	2096	4551
5	2455	2275	2430	4552
5	2444	2300	2299	4553
5	2276	2260	2099	4554
5	2276	2099	2138	4555
5	2384	2278	2105	4556
5	2278	2103	2003	4557
5	2431	2158	2103	4558
5	2431	2103	2278	4559
5	2253	2159	1998	4560
5	2253	1998	1972	4561
5	2505	2118	2266	4562
5	2366	2240	2100	4563
5	2353	2217	2117	4564
5	2354	2218	2217	4565
5	2363	2227	2226	4566
5	2283	2256	2115	4567
5	2361	2224	2360	4568
5	2763	2632	2762	4569
5	2441	2106	2297	4570
5	2397	2266	2106	4571
5	2481	2345	2400	4572
5	2401	2231	2232	4573
5	2526	2445	2301	4574
5	2434	2230	2285	4575
5	2306	2251	2102	4576
5	2306	2161	2287	4577
5	2503	2389	2439	4578
5	2290	1952	2134	4579
5	2289	2150	1982	4580
5	2289	1982	2147	4581
5	2383	2104	2247	4582
5	2390	2131	2291	4583
5	2390	2288	2131	4584
5	2518	2295	2440	4585
5	2428	2233	2157	4586
5	2791	2567	2651	4587
5	2380	2304	2167	4588
5	2388	2136	2148	4589
5	2294	2265	2140	4590
5	2294	2140	2120	4591
5	2519	2293	2386	4592
5	2365	2085	2239	4593
5	2436	2132	2150	4594
5	2296	2150	2289	4595
5	2297	2151	2245	4596
5	2432	2100	2280	4597
5	2300	2096	2154	4598
5	2300	2154	2299	4599
5	2395	2267	2228	4600
5	2300	2274	2096	4601
5	2412	2267	2395	4602
5	2638	2504	2509	4603
5	2375	2262	2231	4604
5	2302	2155	2301	4605
5	2302	2286	2089	4606
5	2302	2089	2155	4607
5	2368	2156	2234	4608
5	2452	2253	2109	4609
5	2304	2271	2088	4610
5	2304	2088	2167	4611
5	2305	2158	2229	4612
5	2305	2229	2127	4613
5	2435	2286	2302	4614
5	2619	2485	2618	4615
5	2483	2342	2381	4616
5	2572	2433	2423	4617
5	2308	2307	2165	4618
5	2308	2165	2164	4619
5	2310	2166	2116	4620
5	2321	2095	2182	4621
5	2459	2310	2458	4622
5	2632	2499	2498	4623
5	2313	2171	2170	4624
5	2313	2170	2312	4625
5	2570	2430	2427	4626
5	2313	2237	2171	4627
5	2427	2274	2377	4628
5	2444	2377	2300	4629
5	2452	2393	2314	4630
5	2452	2109	2252	4631
5	2588	2315	2453	4632
5	2767	2642	2588	4633
5	2489	2353	2281	4634
5	2454	2254	2318	4635
5	2451	2407	2313	4636
5	2780	2644	2766	4637
5	2491	2355	2356	4638
5	2405	2284	2255	4639
5	2319	2318	2177	4640
5	2319	2177	2176	4641
5	2464	2309	2326	4642
5	2630	2497	2496	4643
5	2323	2181	2322	4644
5	2406	2360	2282	4645
5	2323	2182	2181	4646
5	2323	2321	2182	4647
5	2460	2322	2449	4648
5	2499	2363	2498	4649
5	2325	2185	2184	4650
5	2326	2185	2325	4651
5	2463	2325	2462	4652
5	2761	2630	2760	4653
5	2599	2463	2598	4654
5	2689	2522	2543	4655
5	2466	2327	2465	4656
5	2465	2279	2420	4657
5	2490	2353	2489	4658
5	2333	2191	2332	4659
5	2465	2327	2279	4660
5	2479	2340	2272	4661
5	2467	2328	2466	4662
5	2466	2328	2327	4663
5	2487	2351	2486	4664
5	2333	2192	2191	4665
5	2477	2339	2338	4666
5	2467	2329	2328	4667
5	2471	2332	2470	4668
5	2335	2194	2193	4669
5	2468	2330	2329	4670
5	2473	2334	2472	4671
5	2469	2330	2468	4672
5	2338	2196	2337	4673
5	2469	2331	2330	4674
5	2470	2332	2331	4675
5	2472	2333	2471	4676
5	2339	2272	2198	4677
5	2471	2333	2332	4678
5	2478	2339	2477	4679
5	2472	2334	2333	4680
5	2473	2335	2334	4681
5	2479	2272	2478	4682
5	2352	2215	2214	4683
5	2348	2202	2342	4684
5	2484	2348	2483	4685
5	2348	2210	2202	4686
5	2348	2341	2210	4687
5	2344	2204	2203	4688
5	2357	2220	2204	4689
5	2412	2372	2235	4690
5	2359	2221	2358	4691
5	2346	2208	2207	4692
5	2347	2232	2209	4693
5	2370	2303	2262	4694
5	2347	2208	2346	4695
5	2418	2251	2306	4696
5	2711	2572	2528	4697
5	2425	2265	2294	4698
5	2620	2479	2614	4699
5	2350	2263	2107	4700
5	2349	2211	2123	4701
5	2528	2423	2374	4702
5	2423	2263	2374	4703
5	2474	2336	2335	4704
5	2371	2250	2265	4705
5	2376	2259	2264	4706
5	2477	2338	2476	4707
5	2430	2268	2427	4708
5	2356	2218	2354	4709
5	2586	2524	2407	4710
5	2566	2457	2529	4711
5	2470	2331	2469	4712
5	2468	2329	2467	4713
5	2356	2355	2219	4714
5	2356	2219	2218	4715
5	2821	2722	2780	4716
5	2761	2631	2630	4717
5	2726	2589	2724	4718
5	2463	2326	2325	4719
5	2496	2360	2406	4720
5	2632	2498	2631	4721
5	2361	2225	2224	4722
5	2362	2226	2225	4723
5	2630	2496	2629	4724
5	2364	2142	2227	4725
5	3011	2931	2887	4726
5	2912	2884	2769	4727
5	2494	2357	2492	4728
5	2364	2227	2363	4729
5	2411	2395	2228	4730
5	2399	2256	2373	4731
5	2674	2505	2397	4732
5	2428	2157	2270	4733
5	2367	2240	2366	4734
5	2367	2249	2240	4735
5	2537	2241	2438	4736
5	2695	2537	2637	4737
5	2523	2258	2368	4738
5	2523	2424	2258	4739
5	2437	2296	2290	4740
5	2369	2290	2134	4741
5	2733	2598	2647	4742
5	2540	2303	2370	4743
5	2448	2414	2307	4744
5	2546	2381	2521	4745
5	2372	2311	2235	4746
5	2524	2396	2407	4747
5	2500	2373	2283	4748
5	2499	2364	2363	4749
5	2485	2374	2350	4750
5	2572	2423	2528	4751
5	2482	2346	2481	4752
5	2520	2375	2401	4753
5	2404	2294	2259	4754
5	2425	2294	2404	4755
5	2570	2427	2522	4756
5	2396	2298	2237	4757
5	2552	2369	2544	4758
5	2801	2501	2648	4759
5	2438	2133	2292	4760
5	2380	2167	2379	4761
5	2516	2379	2233	4762
5	2391	2128	2288	4763
5	2382	2349	2236	4764
5	2698	2616	2690	4765
5	2563	2394	2514	4766
5	2565	2371	2425	4767
5	2417	2247	2248	4768
5	2548	2415	2229	4769
5	2549	2277	2383	4770
5	2415	2244	2229	4771
5	2385	2319	2317	4772
5	2455	2316	2275	4773
5	2387	2097	2293	4774
5	2386	2293	2135	4775
5	2569	2545	2378	4776
5	2389	2239	2242	4777
5	2648	2365	2551	4778
5	2555	2280	2178	4779
5	2548	2229	2431	4780
5	2439	2136	2388	4781
5	2552	2437	2369	4782
5	2576	2296	2437	4783
5	2553	2288	2390	4784
5	2437	2290	2369	4785
5	2392	2368	2234	4786
5	2392	2234	2246	4787
5	2393	2392	2246	4788
5	2393	2246	2314	4789
5	2422	2381	2260	4790
5	2394	2276	2243	4791
5	2840	2707	2692	4792
5	2760	2629	2759	4793
5	2443	2299	2298	4794
5	2444	2299	2443	4795
5	2534	2367	2366	4796
5	2426	2356	2354	4797
5	2398	2324	2251	4798
5	2573	2507	2434	4799
5	2493	2411	2273	4800
5	2480	2343	2399	4801
5	2526	2301	2424	4802
5	2424	2301	2173	4803
5	2513	2435	2445	4804
5	2482	2347	2346	4805
5	2402	2401	2232	4806
5	2402	2232	2347	4807
5	2403	2382	2236	4808
5	2403	2236	2341	4809
5	2673	2528	2619	4810
5	2584	2371	2565	4811
5	2557	2420	2491	4812
5	2716	2534	2535	4813
5	2498	2362	2497	4814
5	2497	2361	2496	4815
5	2407	2396	2237	4816
5	2407	2237	2313	4817
5	2408	2406	2282	4818
5	2408	2282	2238	4819
5	2409	2408	2238	4820
5	2409	2238	2257	4821
5	2410	2409	2257	4822
5	2410	2257	2269	4823
5	2492	2344	2480	4824
5	2494	2358	2357	4825
5	2530	2502	2492	4826
5	2530	2480	2399	4827
5	2413	2410	2269	4828
5	2413	2269	2321	4829
5	2414	2394	2243	4830
5	2414	2243	2307	4831
5	2544	2369	2097	4832
5	2440	2295	2137	4833
5	2685	2440	2653	4834
5	2653	2440	2560	4835
5	2667	2515	2505	4836
5	2660	2571	2384	4837
5	2447	2418	2306	4838
5	2447	2287	2446	4839
5	2689	2682	2522	4840
5	2452	2314	2253	4841
5	2491	2420	2355	4842
5	2491	2356	2426	4843
5	2590	2456	2455	4844
5	2421	2405	2255	4845
5	2690	2616	2617	4846
5	2892	2781	2782	4847
5	2433	2285	2261	4848
5	2434	2285	2433	4849
5	2453	2174	2303	4850
5	2618	2485	2382	4851
5	2521	2381	2422	4852
5	2975	2841	2893	4853
5	2693	2566	2529	4854
5	2625	2558	2421	4855
5	2456	2385	2317	4856
5	2668	2645	2554	4857
5	2567	2270	2087	4858
5	2658	2367	2534	4859
5	2661	2429	2550	4860
5	2519	2387	2293	4861
5	2591	2385	2456	4862
5	2626	2491	2426	4863
5	2660	2548	2571	4864
5	2701	2561	2415	4865
5	2510	2284	2405	4866
5	2771	2550	2659	4867
5	2720	2520	2583	4868
5	2434	2400	2230	4869
5	2730	2525	2596	4870
5	2712	2572	2711	4871
5	2698	2547	2616	4872
5	2446	2287	2286	4873
5	2575	2291	2436	4874
5	2436	2150	2296	4875
5	2839	2666	2553	4876
5	2436	2291	2132	4877
5	2501	2292	2365	4878
5	3006	2834	2756	4879
5	2439	2389	2242	4880
5	2439	2242	2136	4881
5	2654	2552	2544	4882
5	2773	2552	2654	4883
5	3145	3066	3083	4884
5	2623	2426	2490	4885
5	2442	2441	2297	4886
5	2442	2297	2245	4887
5	2628	2493	2495	4888
5	2724	2570	2682	4889
5	2532	2395	2411	4890
5	2603	2467	2602	4891
5	2445	2435	2302	4892
5	2445	2302	2301	4893
5	2447	2306	2287	4894
5	2525	2410	2413	4895
5	2546	2483	2381	4896
5	2596	2461	2595	4897
5	2614	2479	2478	4898
5	2610	2474	2609	4899
5	2461	2413	2321	4900
5	2461	2323	2460	4901
5	2451	2313	2312	4902
5	2450	2312	2311	4903
5	2722	2585	2644	4904
5	2586	2451	2585	4905
5	2587	2252	2419	4906
5	2587	2452	2252	4907
5	2588	2419	2315	4908
5	2453	2315	2174	4909
5	2490	2354	2353	4910
5	2454	2421	2254	4911
5	2456	2316	2455	4912
5	2456	2317	2316	4913
5	2579	2396	2524	4914
5	2762	2632	2631	4915
5	2457	2454	2318	4916
5	2457	2318	2319	4917
5	2459	2320	2310	4918
5	2459	2449	2320	4919
5	2574	2446	2435	4920
5	2649	2502	2530	4921
5	2596	2525	2413	4922
5	2598	2463	2462	4923
5	2595	2461	2460	4924
5	2525	2509	2410	4925
5	2845	2822	2665	4926
5	2464	2326	2463	4927
5	2592	2459	2458	4928
5	2464	2458	2309	4929
5	2594	2460	2449	4930
5	2729	2594	2593	4931
5	2611	2476	2475	4932
5	2602	2466	2601	4933
5	2604	2468	2603	4934
5	2600	2465	2420	4935
5	2612	2477	2476	4936
5	2558	2405	2421	4937
5	2601	2466	2465	4938
5	2474	2335	2473	4939
5	2608	2472	2607	4940
5	2605	2469	2604	4941
5	2602	2467	2466	4942
5	2612	2476	2611	4943
5	2603	2468	2467	4944
5	2476	2338	2337	4945
5	2609	2473	2608	4946
5	2614	2478	2613	4947
5	2604	2469	2468	4948
5	2605	2470	2469	4949
5	2607	2471	2606	4950
5	2476	2337	2475	4951
5	2606	2470	2605	4952
5	2606	2471	2470	4953
5	2613	2477	2612	4954
5	2488	2352	2487	4955
5	2607	2472	2471	4956
5	2608	2473	2472	4957
5	2621	2486	2620	4958
5	2486	2340	2479	4959
5	2609	2474	2473	4960
5	2610	2475	2474	4961
5	2492	2357	2344	4962
5	2493	2273	2359	4963
5	2482	2402	2347	4964
5	2481	2346	2345	4965
5	2583	2520	2401	4966
5	2581	2418	2447	4967
5	2484	2341	2348	4968
5	2943	2831	2798	4969
5	2541	2404	2376	4970
5	2584	2448	2371	4971
5	2618	2382	2547	4972
5	2749	2547	2698	4973
5	2622	2488	2487	4974
5	2841	2706	2775	4975
5	2721	2584	2565	4976
5	2488	2376	2264	4977
5	2617	2483	2546	4978
5	2541	2376	2508	4979
5	2490	2426	2354	4980
5	2600	2420	2557	4981
5	2674	2667	2505	4982
5	2705	2555	2704	4983
5	2704	2555	2510	4984
5	2601	2465	2600	4985
5	3015	2905	2913	4986
5	2628	2495	2627	4987
5	2495	2358	2494	4988
5	2542	2372	2412	4989
5	2495	2359	2358	4990
5	2495	2493	2359	4991
5	2591	2529	2385	4992
5	2543	2522	2377	4993
5	2533	2408	2504	4994
5	2633	2531	2373	4995
5	2533	2406	2408	4996
5	2500	2283	2364	4997
5	2530	2399	2531	4998
5	2530	2492	2480	4999
5	2633	2373	2500	5000
5	2500	2364	2499	5001
5	2827	2650	2664	5002
5	2631	2498	2497	5003
5	2705	2432	2555	5004
5	2567	2087	2249	5005
5	2502	2494	2492	5006
5	2629	2406	2533	5007
5	2678	2551	2389	5008
5	2551	2239	2389	5009
5	2593	2449	2459	5010
5	2596	2413	2461	5011
5	2515	2281	2505	5012
5	2505	2281	2118	5013
5	2506	2481	2400	5014
5	2573	2434	2433	5015
5	2507	2506	2400	5016
5	2507	2400	2434	5017
5	2679	2508	2622	5018
5	2620	2486	2479	5019
5	2509	2504	2409	5020
5	2509	2409	2410	5021
5	2537	2093	2241	5022
5	2515	2489	2281	5023
5	2511	2450	2372	5024
5	2542	2511	2372	5025
5	2512	2462	2398	5026
5	2854	2765	2729	5027
5	2583	2401	2402	5028
5	2574	2435	2513	5029
5	2878	2751	2877	5030
5	2541	2425	2404	5031
5	2697	2559	2640	5032
5	2589	2430	2570	5033
5	2550	2429	2304	5034
5	2811	2685	2653	5035
5	2517	2503	2439	5036
5	2517	2439	2388	5037
5	2634	2503	2517	5038
5	2518	2517	2388	5039
5	2770	2700	2569	5040
5	2569	2378	2429	5041
5	2540	2453	2303	5042
5	2564	2375	2520	5043
5	2750	2673	2619	5044
5	2691	2546	2656	5045
5	2522	2427	2377	5046
5	2783	2717	2643	5047
5	2642	2419	2588	5048
5	2639	2424	2523	5049
5	2543	2377	2444	5050
5	2795	2689	2669	5051
5	2593	2459	2592	5052
5	3090	2957	3016	5053
5	2635	2445	2526	5054
5	2639	2526	2424	5055
5	2527	2514	2414	5056
5	2527	2414	2448	5057
5	2781	2690	2691	5058
5	2836	2698	2690	5059
5	2529	2457	2385	5060
5	2682	2570	2522	5061
5	2692	2626	2623	5062
5	2758	2668	2628	5063
5	2755	2623	2624	5064
5	2531	2399	2373	5065
5	2559	2395	2532	5066
5	2776	2768	2640	5067
5	2629	2496	2406	5068
5	2631	2497	2630	5069
5	2536	2442	2245	5070
5	2637	2537	2438	5071
5	2535	2534	2366	5072
5	2535	2366	2432	5073
5	2577	2397	2441	5074
5	2967	2578	2636	5075
5	2537	2536	2245	5076
5	2537	2245	2093	5077
5	2538	2523	2368	5078
5	2538	2368	2392	5079
5	2539	2512	2398	5080
5	2539	2398	2418	5081
5	2663	2512	2539	5082
5	2639	2538	2655	5083
5	2565	2425	2541	5084
5	2583	2402	2556	5085
5	2669	2543	2580	5086
5	2883	2840	2692	5087
5	2580	2443	2579	5088
5	2580	2543	2444	5089
5	2660	2384	2549	5090
5	2553	2391	2288	5091
5	2545	2519	2386	5092
5	2545	2386	2378	5093
5	2547	2382	2403	5094
5	2619	2374	2485	5095
5	2749	2618	2547	5096
5	2688	2521	2563	5097
5	2549	2384	2277	5098
5	2571	2278	2384	5099
5	2701	2415	2548	5100
5	2654	2544	2652	5101
5	2785	2577	2715	5102
5	2551	2365	2239	5103
5	2666	2417	2391	5104
5	2666	2391	2553	5105
5	2702	2653	2560	5106
5	2648	2501	2365	5107
5	3059	2837	2938	5108
5	2576	2436	2296	5109
5	2554	2532	2411	5110
5	2554	2411	2493	5111
5	2774	2705	2704	5112
5	2815	2651	2568	5113
5	2681	2527	2584	5114
5	2584	2527	2448	5115
5	2626	2426	2623	5116
5	2727	2725	2591	5117
5	3136	3031	2946	5118
5	2625	2421	2454	5119
5	2559	2542	2412	5120
5	2559	2412	2395	5121
5	2560	2440	2137	5122
5	2560	2137	2416	5123
5	2561	2560	2416	5124
5	2561	2416	2415	5125
5	2562	2538	2392	5126
5	2562	2392	2393	5127
5	2563	2521	2422	5128
5	2563	2422	2394	5129
5	2767	2588	2723	5130
5	2564	2370	2375	5131
5	2900	2788	2789	5132
5	2871	2745	2870	5133
5	2625	2454	2566	5134
5	2566	2454	2457	5135
5	2801	2637	2501	5136
5	2791	2428	2567	5137
5	2568	2567	2249	5138
5	2568	2249	2367	5139
5	2686	2652	2387	5140
5	2686	2387	2519	5141
5	2589	2455	2430	5142
5	2590	2455	2589	5143
5	2571	2548	2431	5144
5	2571	2431	2278	5145
5	2827	2796	2650	5146
5	2713	2507	2573	5147
5	2671	2664	2615	5148
5	2796	2720	2650	5149
5	2581	2539	2418	5150
5	2582	2446	2574	5151
5	2714	2390	2575	5152
5	2575	2390	2291	5153
5	2714	2575	2576	5154
5	2576	2575	2436	5155
5	2825	2678	2503	5156
5	2803	2695	2637	5157
5	2578	2577	2441	5158
5	2578	2441	2442	5159
5	2580	2444	2443	5160
5	2579	2443	2396	5161
5	2708	2489	2515	5162
5	2689	2543	2669	5163
5	2719	2574	2677	5164
5	2728	2593	2592	5165
5	2582	2581	2447	5166
5	2582	2447	2446	5167
5	2720	2583	2650	5168
5	2720	2696	2520	5169
5	2798	2657	2672	5170
5	2706	2541	2508	5171
5	2586	2407	2451	5172
5	2585	2451	2450	5173
5	2676	2627	2502	5174
5	2800	2759	2646	5175
5	2587	2562	2393	5176
5	2587	2393	2452	5177
5	2723	2588	2453	5178
5	2655	2538	2562	5179
5	2717	2579	2643	5180
5	2852	2726	2793	5181
5	2725	2693	2529	5182
5	2591	2456	2590	5183
5	3178	3143	3015	5184
5	2963	2795	2919	5185
5	2595	2460	2594	5186
5	2594	2449	2593	5187
5	2848	2696	2720	5188
5	2728	2592	2662	5189
5	2778	2733	2647	5190
5	2763	2633	2632	5191
5	2733	2599	2598	5192
5	2731	2595	2594	5193
5	2729	2593	2728	5194
5	2764	2633	2763	5195
5	2597	2592	2458	5196
5	2597	2458	2464	5197
5	2599	2464	2463	5198
5	2599	2597	2464	5199
5	2662	2592	2597	5200
5	2731	2594	2729	5201
5	2724	2589	2570	5202
5	2797	2755	2624	5203
5	2708	2624	2489	5204
5	2737	2601	2736	5205
5	2736	2601	2600	5206
5	2737	2602	2601	5207
5	2735	2600	2557	5208
5	2707	2557	2626	5209
5	2741	2605	2740	5210
5	2613	2478	2477	5211
5	2752	2621	2620	5212
5	2738	2603	2602	5213
5	2743	2607	2742	5214
5	2622	2487	2621	5215
5	2739	2604	2603	5216
5	2753	2622	2621	5217
5	2744	2608	2743	5218
5	2740	2605	2604	5219
5	2745	2610	2609	5220
5	2611	2475	2610	5221
5	2741	2606	2605	5222
5	2746	2611	2610	5223
5	2742	2607	2606	5224
5	2748	2612	2747	5225
5	2743	2608	2607	5226
5	2748	2614	2613	5227
5	2745	2609	2744	5228
5	2621	2487	2486	5229
5	2751	2614	2748	5230
5	2744	2609	2608	5231
5	2615	2556	2482	5232
5	2615	2482	2481	5233
5	2616	2547	2403	5234
5	2616	2403	2484	5235
5	2617	2616	2484	5236
5	2617	2484	2483	5237
5	3020	2893	2898	5238
5	2619	2528	2374	5239
5	2688	2563	2657	5240
5	2721	2681	2584	5241
5	2746	2610	2745	5242
5	2622	2508	2488	5243
5	2747	2612	2611	5244
5	2751	2620	2614	5245
5	2681	2672	2527	5246
5	2706	2508	2679	5247
5	2738	2602	2737	5248
5	2626	2557	2491	5249
5	2624	2623	2490	5250
5	2624	2490	2489	5251
5	2735	2557	2707	5252
5	2707	2626	2692	5253
5	3163	3041	3154	5254
5	3204	3061	3137	5255
5	2628	2554	2493	5256
5	2627	2495	2494	5257
5	2882	2754	2881	5258
5	2901	2769	2792	5259
5	2646	2504	2638	5260
5	2764	2757	2531	5261
5	2951	2799	2804	5262
5	2650	2583	2556	5263
5	2832	2639	2655	5264
5	2633	2499	2632	5265
5	2646	2533	2504	5266
5	2885	2760	2759	5267
5	2759	2533	2646	5268
5	2764	2531	2633	5269
5	2940	2801	2648	5270
5	2637	2438	2501	5271
5	2924	2767	2723	5272
5	2635	2513	2445	5273
5	2636	2578	2442	5274
5	2636	2442	2536	5275
5	2906	2830	2779	5276
5	2651	2567	2568	5277
5	2854	2729	2728	5278
5	2730	2641	2525	5279
5	2709	2370	2564	5280
5	2642	2587	2419	5281
5	2640	2559	2532	5282
5	2784	2697	2768	5283
5	2641	2638	2509	5284
5	2641	2509	2525	5285
5	2639	2523	2538	5286
5	2642	2655	2562	5287
5	2643	2579	2524	5288
5	2670	2643	2524	5289
5	2670	2524	2586	5290
5	3107	2983	3105	5291
5	2645	2640	2532	5292
5	2645	2532	2554	5293
5	2807	2638	2799	5294
5	2759	2629	2533	5295
5	2647	2598	2512	5296
5	2663	2647	2512	5297
5	2659	2550	2380	5298
5	2946	2785	2715	5299
5	2668	2554	2628	5300
5	2676	2502	2649	5301
5	2853	2728	2662	5302
5	2677	2574	2513	5303
5	2695	2536	2537	5304
5	2659	2380	2379	5305
5	2703	2576	2437	5306
5	2810	2654	2652	5307
5	3027	2779	2935	5308
5	2915	2654	2810	5309
5	2702	2560	2561	5310
5	2969	2846	2896	5311
5	2642	2562	2587	5312
5	2847	2719	2677	5313
5	2656	2546	2521	5314
5	2876	2673	2750	5315
5	2688	2656	2521	5316
5	2657	2563	2514	5317
5	2815	2568	2658	5318
5	2658	2568	2367	5319
5	2904	2678	2825	5320
5	2661	2569	2429	5321
5	2938	2837	2702	5322
5	2699	2383	2417	5323
5	2947	2774	2894	5324
5	2818	2551	2678	5325
5	2734	2599	2733	5326
5	2857	2734	2733	5327
5	2671	2506	2665	5328
5	2711	2528	2673	5329
5	2664	2650	2556	5330
5	2664	2556	2615	5331
5	2671	2615	2506	5332
5	2665	2506	2507	5333
5	2817	2549	2699	5334
5	2699	2549	2383	5335
5	2675	2405	2558	5336
5	2756	2558	2625	5337
5	2758	2627	2676	5338
5	2784	2766	2694	5339
5	3133	2952	3050	5340
5	2912	2769	2901	5341
5	2780	2722	2644	5342
5	3061	2930	3026	5343
5	2809	2718	2719	5344
5	2680	2663	2539	5345
5	2672	2657	2514	5346
5	2672	2514	2527	5347
5	2713	2573	2712	5348
5	2712	2573	2572	5349
5	2674	2397	2577	5350
5	2715	2577	2578	5351
5	2756	2625	2754	5352
5	2739	2603	2738	5353
5	2758	2628	2627	5354
5	2889	2763	2762	5355
5	2680	2539	2581	5356
5	2777	2663	2680	5357
5	3027	2906	2779	5358
5	2779	2687	2700	5359
5	2753	2679	2622	5360
5	2752	2620	2751	5361
5	2790	2663	2777	5362
5	2978	2895	2854	5363
5	2710	2541	2706	5364
5	3004	2898	2880	5365
5	2851	2693	2725	5366
5	2986	2852	2793	5367
5	2683	2659	2379	5368
5	2683	2379	2516	5369
5	2938	2702	2838	5370
5	2684	2634	2517	5371
5	2685	2684	2518	5372
5	2685	2518	2440	5373
5	3138	3040	3023	5374
5	2770	2569	2661	5375
5	2687	2686	2519	5376
5	2687	2519	2545	5377
5	2788	2672	2681	5378
5	2921	2836	2916	5379
5	2966	2802	2635	5380
5	2833	2639	2832	5381
5	2750	2618	2749	5382
5	2750	2619	2618	5383
5	2691	2690	2617	5384
5	2691	2617	2546	5385
5	2753	2621	2752	5386
5	2736	2600	2735	5387
5	2754	2566	2693	5388
5	2834	2558	2756	5389
5	2694	2644	2511	5390
5	2694	2511	2542	5391
5	2786	2708	2515	5392
5	2835	2636	2536	5393
5	2802	2513	2635	5394
5	2709	2540	2370	5395
5	2697	2694	2542	5396
5	2697	2542	2559	5397
5	2843	2711	2842	5398
5	2874	2698	2836	5399
5	2812	2417	2666	5400
5	2838	2702	2561	5401
5	2700	2687	2545	5402
5	2700	2545	2569	5403
5	2830	2686	2687	5404
5	2907	2810	2830	5405
5	2838	2561	2701	5406
5	2703	2437	2552	5407
5	3023	2969	2896	5408
5	2714	2553	2390	5409
5	3186	2940	3058	5410
5	2772	2704	2510	5411
5	2923	2658	2534	5412
5	2705	2535	2432	5413
5	2710	2565	2541	5414
5	2721	2565	2710	5415
5	3008	2981	2840	5416
5	2726	2590	2589	5417
5	2862	2736	2861	5418
5	2754	2625	2566	5419
5	2787	2655	2642	5420
5	2850	2723	2540	5421
5	2831	2657	2798	5422
5	2814	2656	2688	5423
5	2849	2789	2721	5424
5	2713	2665	2507	5425
5	2843	2712	2711	5426
5	2922	2790	2920	5427
5	2999	2876	2875	5428
5	2925	2765	2895	5429
5	2839	2553	2714	5430
5	2846	2576	2703	5431
5	2774	2535	2705	5432
5	2772	2510	2675	5433
5	2816	2771	2659	5434
5	3014	2786	2897	5435
5	2717	2669	2580	5436
5	2717	2580	2579	5437
5	2718	2680	2581	5438
5	2718	2581	2582	5439
5	2719	2718	2582	5440
5	2719	2582	2574	5441
5	2874	2749	2698	5442
5	2857	2733	2778	5443
5	3127	3003	3002	5444
5	2877	2751	2748	5445
5	2722	2670	2586	5446
5	2722	2586	2585	5447
5	2924	2787	2767	5448
5	2802	2677	2513	5449
5	2725	2529	2591	5450
5	2828	2794	2682	5451
5	2727	2590	2726	5452
5	2863	2737	2862	5453
5	2727	2591	2590	5454
5	2879	2752	2878	5455
5	2881	2754	2693	5456
5	2740	2604	2739	5457
5	3052	2895	3041	5458
5	2799	2638	2641	5459
5	3140	3050	3055	5460
5	2889	2762	2887	5461
5	2732	2595	2731	5462
5	2732	2596	2595	5463
5	2732	2730	2596	5464
5	2942	2913	2780	5465
5	2888	2792	2757	5466
5	3010	2886	2885	5467
5	2734	2597	2599	5468
5	2734	2662	2597	5469
5	2826	2680	2718	5470
5	2822	2671	2665	5471
5	2913	2821	2780	5472
5	3117	2992	3116	5473
5	2828	2689	2795	5474
5	2852	2727	2726	5475
5	2882	2756	2754	5476
5	2742	2606	2741	5477
5	2928	2883	2755	5478
5	2861	2736	2735	5479
5	2871	2746	2745	5480
5	2863	2738	2737	5481
5	2862	2737	2736	5482
5	2865	2739	2864	5483
5	2864	2739	2738	5484
5	2748	2613	2612	5485
5	2873	2748	2747	5486
5	2868	2742	2867	5487
5	2865	2740	2739	5488
5	2869	2743	2868	5489
5	2866	2741	2740	5490
5	2872	2746	2871	5491
5	2880	2775	2679	5492
5	2747	2611	2746	5493
5	2867	2742	2741	5494
5	2868	2743	2742	5495
5	2877	2748	2873	5496
5	2869	2744	2743	5497
5	2880	2679	2753	5498
5	2870	2745	2744	5499
5	2836	2690	2781	5500
5	2842	2711	2673	5501
5	2970	2843	2842	5502
5	3002	2877	3001	5503
5	2878	2752	2751	5504
5	2872	2747	2746	5505
5	2879	2753	2752	5506
5	3545	3387	3529	5507
5	2798	2672	2788	5508
5	2849	2710	2841	5509
5	2864	2738	2863	5510
5	2797	2624	2708	5511
5	2861	2735	2859	5512
5	2755	2692	2623	5513
5	2774	2716	2535	5514
5	2929	2675	2834	5515
5	2757	2649	2530	5516
5	2757	2530	2531	5517
5	2930	2768	2776	5518
5	3011	2887	2886	5519
5	2760	2630	2629	5520
5	2762	2631	2761	5521
5	2886	2760	2885	5522
5	2885	2759	2800	5523
5	2886	2761	2760	5524
5	2942	2780	2766	5525
5	2884	2676	2769	5526
5	2887	2762	2761	5527
5	2769	2676	2649	5528
5	2911	2805	2823	5529
5	2888	2757	2764	5530
5	2887	2761	2886	5531
5	2765	2731	2729	5532
5	2854	2728	2853	5533
5	3026	2939	3021	5534
5	2952	2807	2891	5535
5	3070	2961	2847	5536
5	2787	2642	2767	5537
5	2784	2694	2697	5538
5	2768	2697	2640	5539
5	2776	2640	2645	5540
5	3079	2933	3074	5541
5	2818	2648	2551	5542
5	3076	2770	2936	5543
5	3156	3060	2953	5544
5	2771	2661	2550	5545
5	2937	2708	2786	5546
5	2786	2515	2667	5547
5	3028	2936	2771	5548
5	2773	2703	2552	5549
5	2785	2674	2577	5550
5	2785	2667	2674	5551
5	2775	2706	2679	5552
5	2880	2753	2879	5553
5	3029	3012	3013	5554
5	3169	3082	3143	5555
5	2845	2665	2713	5556
5	2824	2671	2822	5557
5	2844	2712	2843	5558
5	2960	2920	2777	5559
5	3037	3024	2918	5560
5	2935	2779	2700	5561
5	3207	3074	3204	5562
5	3233	3067	3201	5563
5	2814	2782	2656	5564
5	2998	2874	2921	5565
5	2782	2781	2691	5566
5	2782	2691	2656	5567
5	3047	3008	2883	5568
5	3170	3081	3169	5569
5	2945	2768	2930	5570
5	2913	2905	2821	5571
5	3031	2785	2946	5572
5	2894	2774	2704	5573
5	3032	2834	3006	5574
5	2897	2786	2667	5575
5	2966	2635	2833	5576
5	2850	2540	2709	5577
5	2973	2845	2844	5578
5	2971	2957	2822	5579
5	2789	2788	2681	5580
5	2789	2681	2721	5581
5	2790	2778	2647	5582
5	2790	2647	2663	5583
5	2808	2428	2791	5584
5	2808	2516	2428	5585
5	2792	2769	2649	5586
5	2792	2649	2757	5587
5	2793	2726	2724	5588
5	2820	2717	2783	5589
5	2794	2793	2724	5590
5	2794	2724	2682	5591
5	2828	2682	2689	5592
5	3372	3258	3270	5593
5	2845	2713	2844	5594
5	2847	2809	2719	5595
5	2834	2675	2558	5596
5	2894	2704	2772	5597
5	3127	3002	3126	5598
5	2950	2788	2900	5599
5	3009	2885	2800	5600
5	3009	2800	2952	5601
5	3158	3021	3053	5602
5	2932	2901	2792	5603
5	2835	2536	2695	5604
5	3160	2637	2801	5605
5	2813	2564	2696	5606
5	2848	2720	2796	5607
5	2816	2659	2683	5608
5	2808	2683	2516	5609
5	2804	2799	2641	5610
5	2804	2641	2730	5611
5	2805	2776	2645	5612
5	2805	2645	2668	5613
5	2806	2783	2643	5614
5	2806	2643	2670	5615
5	2807	2800	2646	5616
5	2807	2646	2638	5617
5	2936	2661	2771	5618
5	3174	2929	3032	5619
5	2813	2709	2564	5620
5	2824	2664	2671	5621
5	2829	2684	2811	5622
5	2811	2684	2685	5623
5	2830	2687	2779	5624
5	2825	2503	2634	5625
5	2817	2660	2549	5626
5	2812	2699	2417	5627
5	2832	2655	2787	5628
5	2954	2709	2813	5629
5	2916	2836	2781	5630
5	2999	2875	2998	5631
5	2918	2695	2803	5632
5	2904	2818	2678	5633
5	2909	2791	2651	5634
5	2918	2835	2695	5635
5	3097	2968	2908	5636
5	2819	2660	2817	5637
5	2907	2830	2906	5638
5	3065	2801	2940	5639
5	2819	2701	2548	5640
5	2819	2548	2660	5641
5	2820	2795	2669	5642
5	2820	2669	2717	5643
5	2821	2806	2670	5644
5	2821	2670	2722	5645
5	2827	2664	2824	5646
5	2826	2718	2809	5647
5	2823	2805	2668	5648
5	2823	2668	2758	5649
5	2974	2827	2958	5650
5	2920	2790	2777	5651
5	2959	2829	2811	5652
5	2935	2700	2770	5653
5	3092	3016	2971	5654
5	2826	2777	2680	5655
5	2914	2857	2778	5656
5	2962	2696	2848	5657
5	2919	2820	2899	5658
5	2982	2851	2860	5659
5	3058	2940	2818	5660
5	2829	2634	2684	5661
5	2830	2810	2652	5662
5	2830	2652	2686	5663
5	2831	2814	2688	5664
5	2831	2688	2657	5665
5	2833	2526	2639	5666
5	2833	2635	2526	5667
5	2903	2677	2802	5668
5	3166	3086	2961	5669
5	2859	2707	2840	5670
5	2859	2735	2707	5671
5	2967	2835	2918	5672
5	2967	2636	2835	5673
5	2876	2842	2673	5674
5	2844	2713	2712	5675
5	2837	2811	2653	5676
5	2837	2653	2702	5677
5	3063	2773	2915	5678
5	2968	2819	2908	5679
5	2896	2846	2703	5680
5	2896	2703	2773	5681
5	2866	2740	2865	5682
5	2867	2741	2866	5683
5	2849	2721	2710	5684
5	2841	2710	2706	5685
5	2875	2749	2874	5686
5	2916	2781	2892	5687
5	3101	3051	2972	5688
5	2895	2765	2854	5689
5	2921	2874	2836	5690
5	2957	2824	2822	5691
5	2978	2854	2853	5692
5	3038	2979	2914	5693
5	2846	2839	2714	5694
5	2846	2714	2576	5695
5	2958	2824	2957	5696
5	2961	2960	2826	5697
5	2977	2787	2924	5698
5	3147	2954	3093	5699
5	3148	3080	3141	5700
5	3191	3064	3167	5701
5	3045	2850	2954	5702
5	2924	2723	2850	5703
5	2881	2693	2851	5704
5	3046	2923	2716	5705
5	2860	2727	2852	5706
5	2860	2725	2727	5707
5	2858	2734	2857	5708
5	3068	2998	2921	5709
5	2951	2891	2799	5710
5	2926	2804	2855	5711
5	2855	2804	2730	5712
5	2855	2730	2732	5713
5	2856	2855	2732	5714
5	2856	2732	2731	5715
5	2858	2662	2734	5716
5	2858	2853	2662	5717
5	2958	2827	2824	5718
5	2922	2778	2790	5719
5	2981	2859	2840	5720
5	3047	2883	2928	5721
5	2989	2864	2988	5722
5	2860	2851	2725	5723
5	3005	2881	2851	5724
5	2986	2793	2927	5725
5	2984	2860	2852	5726
5	2919	2795	2820	5727
5	3019	2919	3018	5728
5	2939	2805	2911	5729
5	2983	2861	2859	5730
5	2870	2744	2869	5731
5	2985	2862	2861	5732
5	2992	2867	2991	5733
5	2987	2863	2862	5734
5	2988	2864	2863	5735
5	2996	2872	2871	5736
5	2989	2865	2864	5737
5	2993	2868	2992	5738
5	2990	2866	2865	5739
5	2994	2869	2993	5740
5	2991	2867	2866	5741
5	3004	2879	3003	5742
5	2873	2747	2872	5743
5	2992	2868	2867	5744
5	3003	2879	2878	5745
5	2995	2870	2994	5746
5	2993	2869	2868	5747
5	2994	2870	2869	5748
5	3257	3172	3242	5749
5	2875	2750	2749	5750
5	2876	2750	2875	5751
5	2973	2971	2845	5752
5	2955	2831	2943	5753
5	3256	3154	3226	5754
5	3001	2873	2997	5755
5	2995	2871	2870	5756
5	2997	2873	2872	5757
5	3373	3260	3297	5758
5	3002	2878	2877	5759
5	3004	2880	2879	5760
5	3001	2877	2873	5761
5	3043	2893	3020	5762
5	3244	3242	3124	5763
5	2996	2871	2995	5764
5	3174	3072	2929	5765
5	2883	2692	2755	5766
5	2983	2859	2981	5767
5	2928	2755	2797	5768
5	2990	2865	2989	5769
5	2884	2823	2758	5770
5	2884	2758	2676	5771
5	2931	2889	2887	5772
5	3135	3034	3011	5773
5	3122	2998	3068	5774
5	3041	2895	2978	5775
5	3000	2970	2842	5776
5	2952	2800	2807	5777
5	2890	2763	2889	5778
5	2890	2888	2764	5779
5	2890	2764	2763	5780
5	3026	2930	2939	5781
5	3152	3056	3073	5782
5	3307	3193	3258	5783
5	2891	2807	2799	5784
5	3135	3010	3134	5785
5	2948	2892	2782	5786
5	2948	2782	2814	5787
5	2893	2841	2775	5788
5	3003	2878	3002	5789
5	2923	2534	2716	5790
5	2897	2667	2785	5791
5	2902	2855	2856	5792
5	2926	2855	2902	5793
5	2956	2699	2812	5794
5	3063	2896	2773	5795
5	2988	2863	2987	5796
5	3183	3162	2947	5797
5	2898	2893	2775	5798
5	2898	2775	2880	5799
5	2899	2820	2783	5800
5	2905	2806	2821	5801
5	2976	2849	2975	5802
5	2976	2900	2789	5803
5	3258	3193	3205	5804
5	3013	2889	2931	5805
5	3154	3041	3062	5806
5	3057	2925	3052	5807
5	2960	2777	2826	5808
5	2903	2847	2677	5809
5	3182	2906	3027	5810
5	3156	2953	3035	5811
5	2944	2806	2905	5812
5	2944	2783	2806	5813
5	3098	2968	3097	5814
5	2908	2819	2817	5815
5	2941	2811	2837	5816
5	3017	2810	2907	5817
5	2968	2701	2819	5818
5	2968	2838	2701	5819
5	3028	2771	2816	5820
5	3076	2935	2770	5821
5	2910	2909	2651	5822
5	2910	2651	2815	5823
5	2934	2884	2912	5824
5	2934	2823	2884	5825
5	2934	2911	2823	5826
5	3061	2945	2930	5827
5	3030	2913	2942	5828
5	3292	3132	3168	5829
5	3100	2922	3099	5830
5	2979	2857	2914	5831
5	3063	3023	2896	5832
5	2915	2773	2654	5833
5	3103	2975	3043	5834
5	3080	2950	3025	5835
5	2917	2812	2666	5836
5	2917	2666	2839	5837
5	3037	2918	2803	5838
5	3162	3046	2947	5839
5	2927	2793	2794	5840
5	3019	2963	2919	5841
5	3092	2971	2973	5842
5	2922	2914	2778	5843
5	3243	3122	3157	5844
5	3064	2916	2892	5845
5	2998	2875	2874	5846
5	2972	2843	2970	5847
5	2923	2910	2815	5848
5	2923	2815	2658	5849
5	3099	2920	3091	5850
5	2965	2833	2832	5851
5	2925	2902	2856	5852
5	2925	2856	2765	5853
5	3052	2925	2895	5854
5	2951	2804	2926	5855
5	3151	2937	3014	5856
5	3178	3030	3144	5857
5	3006	2756	2882	5858
5	3014	2937	2786	5859
5	3072	2894	2772	5860
5	2929	2772	2675	5861
5	2933	2766	2784	5862
5	2942	2766	2933	5863
5	2932	2792	2888	5864
5	3053	2911	2934	5865
5	3075	3053	2934	5866
5	3073	3012	3029	5867
5	3467	3356	3466	5868
5	3056	2901	2932	5869
5	3390	3258	3372	5870
5	3053	3021	2911	5871
5	3159	2935	3076	5872
5	2936	2770	2661	5873
5	2940	2648	2818	5874
5	2964	2634	2829	5875
5	3077	2797	2937	5876
5	2937	2797	2708	5877
5	3017	2915	2810	5878
5	3181	3017	2907	5879
5	2939	2930	2776	5880
5	2939	2776	2805	5881
5	3160	2801	3065	5882
5	3058	2818	2904	5883
5	3181	2907	3078	5884
5	2959	2811	2941	5885
5	3135	3011	3010	5886
5	3030	3015	2913	5887
5	3064	2892	3044	5888
5	3260	3141	3149	5889
5	3115	2990	3114	5890
5	2944	2899	2783	5891
5	2945	2933	2784	5892
5	2945	2784	2768	5893
5	3083	2923	3046	5894
5	2947	2716	2774	5895
5	3196	3136	2946	5896
5	3096	2946	2715	5897
5	3172	3051	3101	5898
5	3323	3191	3167	5899
5	2949	2927	2794	5900
5	2949	2794	2828	5901
5	2950	2943	2798	5902
5	2950	2798	2788	5903
5	3374	3261	3315	5904
5	3057	2902	2925	5905
5	3011	2886	3010	5906
5	3010	2885	3009	5907
5	2953	2816	2683	5908
5	2953	2683	2808	5909
5	3093	2813	2962	5910
5	2954	2850	2709	5911
5	2955	2948	2814	5912
5	2955	2814	2831	5913
5	2956	2908	2817	5914
5	2956	2817	2699	5915
5	2973	2844	2972	5916
5	3055	2891	2951	5917
5	2961	2809	2847	5918
5	3102	2958	3090	5919
5	3078	2907	2906	5920
5	3089	2964	2829	5921
5	3087	2962	2848	5922
5	3070	2847	2903	5923
5	2961	2826	2809	5924
5	3286	3173	3263	5925
5	3244	3124	3123	5926
5	2962	2813	2696	5927
5	2963	2949	2828	5928
5	2963	2828	2795	5929
5	3281	3037	3142	5930
5	2964	2825	2634	5931
5	3039	2903	2802	5932
5	3166	2961	3070	5933
5	2966	2833	2965	5934
5	3039	2802	2966	5935
5	3096	2715	2967	5936
5	2967	2715	2578	5937
5	3022	2908	2956	5938
5	3098	2938	2838	5939
5	2969	2917	2839	5940
5	2969	2839	2846	5941
5	2971	2822	2845	5942
5	3090	2958	2957	5943
5	2972	2844	2843	5944
5	3016	2957	2971	5945
5	3091	2960	3086	5946
5	2980	2978	2853	5947
5	2974	2796	2827	5948
5	2974	2848	2796	5949
5	3062	3041	2978	5950
5	3095	3039	2966	5951
5	2976	2789	2849	5952
5	2975	2849	2841	5953
5	3044	2892	2948	5954
5	3103	3033	2976	5955
5	2977	2965	2832	5956
5	2977	2832	2787	5957
5	2980	2858	2979	5958
5	3086	2960	2961	5959
5	2980	2853	2858	5960
5	2979	2858	2857	5961
5	3100	2914	2922	5962
5	3248	3179	3128	5963
5	2985	2861	2983	5964
5	2987	2862	2985	5965
5	3005	2851	2982	5966
5	3007	2881	3005	5967
5	3168	3008	3047	5968
5	2991	2866	2990	5969
5	3129	3005	2982	5970
5	2984	2982	2860	5971
5	3106	2982	2984	5972
5	2997	2872	2996	5973
5	3110	2986	2927	5974
5	2986	2984	2852	5975
5	3018	2919	2899	5976
5	3082	2905	3015	5977
5	3229	3108	3110	5978
5	3331	3204	3259	5979
5	3067	2949	2963	5980
5	3251	3129	3249	5981
5	3109	2987	2985	5982
5	3111	2988	2987	5983
5	3118	2993	3117	5984
5	3113	2989	2988	5985
5	3119	2994	3118	5986
5	3126	3002	3001	5987
5	3114	2990	2989	5988
5	3120	2995	3119	5989
5	3115	2991	2990	5990
5	3128	3004	3003	5991
5	3116	2992	2991	5992
5	3128	3003	3127	5993
5	3117	2993	2992	5994
5	3121	2996	3120	5995
5	3118	2994	2993	5996
5	3128	3048	3004	5997
5	3000	2842	2876	5998
5	3000	2876	2999	5999
5	3241	3121	3120	6000
5	3428	3373	3297	6001
5	3122	2999	2998	6002
5	3062	2978	2980	6003
5	3119	2995	2994	6004
5	3246	3125	3245	6005
5	3121	2997	2996	6006
5	3245	3121	3241	6007
5	3263	3173	3179	6008
5	3120	2996	2995	6009
5	3321	3225	3276	6010
5	3161	3044	3084	6011
5	3132	3105	2981	6012
5	3444	3442	3324	6013
5	3008	2840	2883	6014
5	3175	3006	3130	6015
5	3264	3014	2897	6016
5	3007	2882	2881	6017
5	3109	2985	3107	6018
5	3105	2983	2981	6019
5	3177	3052	3163	6020
5	3254	3133	3253	6021
5	3253	3133	3050	6022
5	3163	3052	3041	6023
5	3054	2931	3034	6024
5	3054	3013	2931	6025
5	3012	2932	2888	6026
5	3012	2888	2890	6027
5	3013	3012	2890	6028
5	3013	2890	2889	6029
5	3130	3006	2882	6030
5	3032	2929	2834	6031
5	3185	3029	3054	6032
5	3180	3137	3026	6033
5	3104	3062	2980	6034
5	3050	2952	2891	6035
5	3036	2956	2812	6036
5	3059	2941	2837	6037
5	3112	2949	3067	6038
5	3112	2927	2949	6039
5	3108	2984	2986	6040
5	3067	2963	3019	6041
5	3247	3127	3126	6042
5	3125	3001	2997	6043
5	3021	2939	2911	6044
5	3075	2912	2901	6045
5	3098	2838	2968	6046
5	3097	2908	3022	6047
5	3036	2812	2917	6048
5	3036	3022	2956	6049
5	3096	2967	3024	6050
5	3024	2967	2918	6051
5	3025	2950	2900	6052
5	3043	2975	2893	6053
5	3200	3018	3170	6054
5	3350	3347	3231	6055
5	3265	3197	3017	6056
5	3266	3078	3182	6057
5	3094	2904	2825	6058
5	3089	2829	2959	6059
5	3034	2931	3011	6060
5	3134	3010	3009	6061
5	3074	2945	3061	6062
5	3074	2933	2945	6063
5	3271	3060	3156	6064
5	3031	2897	2785	6065
5	3376	3309	3162	6066
5	3072	2772	2929	6067
5	3033	3025	2900	6068
5	3033	2900	2976	6069
5	3054	3029	3013	6070
5	3436	3312	3435	6071
5	3186	3065	2940	6072
5	3060	2816	2953	6073
5	3220	3098	3219	6074
5	3040	2969	3023	6075
5	3142	3037	2803	6076
5	3046	2716	2947	6077
5	3051	2973	2972	6078
5	3194	3055	3085	6079
5	3188	2962	3087	6080
5	3045	2924	2850	6081
5	3040	3036	2917	6082
5	3040	2917	2969	6083
5	3092	2973	3051	6084
5	3104	2979	3038	6085
5	3095	2965	3042	6086
5	3042	2965	2977	6087
5	3103	2976	2975	6088
5	3202	3157	3068	6089
5	3084	2955	3049	6090
5	3084	2948	2955	6091
5	3319	3192	3268	6092
5	3482	3372	3417	6093
5	3035	2791	2909	6094
5	3035	2808	2791	6095
5	3130	2882	3007	6096
5	3116	2991	3115	6097
5	3048	3020	2898	6098
5	3048	2898	3004	6099
5	3084	3044	2948	6100
5	3049	2955	2943	6101
5	3133	3009	2952	6102
5	3134	3009	3133	6103
5	3148	3049	3080	6104
5	3124	2970	3000	6105
5	3085	2951	2926	6106
5	3055	3050	2891	6107
5	3075	2934	2912	6108
5	3205	3056	3152	6109
5	3270	3205	3152	6110
5	3255	3176	3135	6111
5	3071	2902	3057	6112
5	3071	2926	2902	6113
5	3395	3316	3289	6114
5	3075	2901	3056	6115
5	3253	3050	3140	6116
5	3085	2926	3071	6117
5	3060	3028	2816	6118
5	3035	2953	2808	6119
5	3219	3097	3218	6120
5	3094	2825	2964	6121
5	3066	2909	2910	6122
5	3376	3162	3183	6123
5	3079	2942	2933	6124
5	3079	3030	2942	6125
5	3101	2972	2970	6126
5	3203	3057	3177	6127
5	3220	3059	2938	6128
5	3218	3097	3022	6129
5	3069	2916	3064	6130
5	3104	2980	2979	6131
5	3159	3027	2935	6132
5	3160	2803	2637	6133
5	3303	3065	3186	6134
5	3199	2909	3066	6135
5	3170	3018	3081	6136
5	3207	3079	3074	6137
5	3214	3051	3172	6138
5	3444	3322	3396	6139
5	3069	3068	2921	6140
5	3069	2921	2916	6141
5	3087	2848	2974	6142
5	3102	2974	2958	6143
5	3410	3268	3273	6144
5	3085	3055	2951	6145
5	3196	2946	3096	6146
5	3275	3028	3060	6147
5	3073	3056	2932	6148
5	3073	2932	3012	6149
5	3316	3144	3289	6150
5	3501	3379	3498	6151
5	3180	3026	3021	6152
5	3556	3446	3436	6153
5	3275	3139	3028	6154
5	3165	3058	2904	6155
5	3206	3047	2928	6156
5	3077	2928	2797	6157
5	3088	2959	2941	6158
5	3195	2941	3059	6159
5	3345	3228	3288	6160
5	3180	3021	3158	6161
5	3080	3049	2943	6162
5	3080	2943	2950	6163
5	3081	3018	2899	6164
5	3081	2899	2944	6165
5	3082	3081	2944	6166
5	3082	2944	2905	6167
5	3083	3066	2910	6168
5	3083	2910	2923	6169
5	3580	3374	3471	6170
5	3364	3246	3363	6171
5	3045	3042	2977	6172
5	3045	2977	2924	6173
5	3091	2920	2960	6174
5	3213	3090	3016	6175
5	3209	3038	3100	6176
5	3093	2954	2813	6177
5	3182	3078	2906	6178
5	3210	3089	2959	6179
5	3210	2959	3088	6180
5	3382	3088	3195	6181
5	3320	3215	3147	6182
5	3344	3224	3213	6183
5	3279	3086	3166	6184
5	3212	3091	3086	6185
5	3311	3167	3161	6186
5	3099	2922	2920	6187
5	3095	2966	2965	6188
5	3211	3087	2974	6189
5	3155	2964	3089	6190
5	3299	3037	3281	6191
5	3282	3221	3212	6192
5	3209	3164	3038	6193
5	3264	3031	3136	6194
5	3151	3077	2937	6195
5	3198	3138	3023	6196
5	3187	3022	3036	6197
5	3198	3023	3063	6198
5	3219	3098	3097	6199
5	3322	3203	3261	6200
5	3100	3038	2914	6201
5	3221	3099	3091	6202
5	3261	3203	3177	6203
5	3123	2999	3122	6204
5	3123	3000	2999	6205
5	3448	3334	3332	6206
5	3146	2903	3039	6207
5	3189	3033	3103	6208
5	3276	3225	3150	6209
5	3202	3068	3069	6210
5	3324	3194	3190	6211
5	3107	2985	2983	6212
5	3114	2989	3113	6213
5	3129	2982	3106	6214
5	3131	3005	3129	6215
5	3111	2987	3109	6216
5	3113	2988	3111	6217
5	3227	3106	3108	6218
5	3108	3106	2984	6219
5	3201	3019	3200	6220
5	3125	2997	3121	6221
5	3238	3117	3237	6222
5	3110	3108	2986	6223
5	3368	3249	3366	6224
5	3317	3180	3158	6225
5	3231	3110	3112	6226
5	3112	3110	2927	6227
5	3201	3067	3019	6228
5	3200	3019	3018	6229
5	3169	3081	3082	6230
5	3406	3346	3347	6231
5	3230	3109	3228	6232
5	3232	3113	3111	6233
5	3237	3116	3236	6234
5	3126	3001	3125	6235
5	3234	3114	3113	6236
5	3239	3118	3238	6237
5	3235	3115	3114	6238
5	3241	3120	3240	6239
5	3236	3116	3115	6240
5	3237	3117	3116	6241
5	3248	3127	3247	6242
5	3238	3118	3117	6243
5	3545	3521	3428	6244
5	3239	3119	3118	6245
5	3244	3123	3243	6246
5	3124	3000	3123	6247
5	3396	3261	3374	6248
5	3124	3101	2970	6249
5	3208	3049	3148	6250
5	3167	3044	3161	6251
5	3246	3126	3125	6252
5	3240	3120	3119	6253
5	3245	3125	3121	6254
5	3399	3311	3262	6255
5	3248	3128	3127	6256
5	3428	3321	3387	6257
5	3150	3043	3020	6258
5	3443	3311	3399	6259
5	3249	3129	3106	6260
5	3283	3151	3014	6261
5	3132	2981	3008	6262
5	3264	2897	3031	6263
5	3661	3548	3506	6264
5	3131	3007	3005	6265
5	3252	3171	3105	6266
5	3295	3130	3250	6267
5	3535	3413	3494	6268
5	3255	3135	3134	6269
5	3416	3293	3378	6270
5	3324	3190	3322	6271
5	3177	3057	3052	6272
5	3194	3085	3190	6273
5	3509	3309	3376	6274
5	3206	2928	3077	6275
5	3137	3061	3026	6276
5	3289	3144	3207	6277
5	3187	3036	3040	6278
5	3187	3040	3138	6279
5	3139	3076	2936	6280
5	3139	2936	3028	6281
5	3194	3140	3055	6282
5	3190	3085	3071	6283
5	3141	3080	3025	6284
5	3262	3161	3208	6285
5	3303	3281	3142	6286
5	3155	3094	2964	6287
5	3143	3082	3015	6288
5	3440	3317	3307	6289
5	3178	3015	3030	6290
5	3144	3030	3079	6291
5	3217	3046	3162	6292
5	3398	3159	3277	6293
5	3226	3104	3164	6294
5	3146	3070	2903	6295
5	3146	3039	3095	6296
5	3147	3045	2954	6297
5	3323	3167	3311	6298
5	3392	3300	3381	6299
5	3149	3141	3025	6300
5	3149	3025	3033	6301
5	3189	3149	3033	6302
5	3225	3043	3150	6303
5	3301	3206	3077	6304
5	3250	3130	3007	6305
5	3556	3436	3551	6306
5	3176	3034	3135	6307
5	3153	3152	3073	6308
5	3153	3073	3029	6309
5	3226	3062	3104	6310
5	3164	3104	3038	6311
5	3302	3094	3155	6312
5	3303	3142	3065	6313
5	3304	3199	3066	6314
5	3305	3156	3199	6315
5	3157	3122	3068	6316
5	3381	3300	3260	6317
5	3874	3769	3765	6318
5	3352	3233	3201	6319
5	3165	2904	3094	6320
5	3393	3266	3182	6321
5	3160	3065	3142	6322
5	3160	3142	2803	6323
5	3167	3064	3044	6324
5	3191	3069	3064	6325
5	3764	3430	3536	6326
5	3217	3083	3046	6327
5	3310	3163	3154	6328
5	3285	3214	3172	6329
5	3215	3042	3147	6330
5	3147	3042	3045	6331
5	3274	3058	3165	6332
5	3333	3155	3089	6333
5	3278	3087	3211	6334
5	3211	2974	3102	6335
5	3362	3245	3241	6336
5	3300	3141	3260	6337
5	3171	3107	3105	6338
5	3168	3132	3008	6339
5	3312	3143	3298	6340
5	3233	3112	3067	6341
5	3397	3259	3296	6342
5	3328	3200	3170	6343
5	3232	3111	3230	6344
5	3230	3111	3109	6345
5	3223	3213	3016	6346
5	3222	3100	3099	6347
5	3173	3150	3020	6348
5	3173	3020	3048	6349
5	3326	3136	3196	6350
5	3183	2947	2894	6351
5	3314	3174	3032	6352
5	3175	3032	3006	6353
5	3185	3153	3029	6354
5	3192	3034	3176	6355
5	3291	3226	3164	6356
5	3520	3396	3484	6357
5	3446	3313	3436	6358
5	3485	3380	3440	6359
5	3179	3173	3048	6360
5	3179	3048	3128	6361
5	3270	3258	3205	6362
5	3370	3253	3294	6363
5	3195	3088	2941	6364
5	3197	2915	3017	6365
5	3418	3275	3060	6366
5	3308	3027	3159	6367
5	3301	3077	3151	6368
5	3283	3014	3264	6369
5	3184	3183	2894	6370
5	3184	2894	3072	6371
5	3440	3307	3390	6372
5	3269	3152	3153	6373
5	3418	3060	3271	6374
5	3337	3145	3217	6375
5	3218	3022	3187	6376
5	3220	2938	3098	6377
5	3320	3093	3188	6378
5	3188	3093	2962	6379
5	3381	3260	3373	6380
5	3311	3161	3262	6381
5	3310	3154	3256	6382
5	3294	3140	3287	6383
5	3474	3364	3363	6384
5	3202	3069	3191	6385
5	3192	3185	3054	6386
5	3192	3054	3034	6387
5	3193	3158	3053	6388
5	3193	3053	3075	6389
5	3315	3177	3163	6390
5	3287	3140	3194	6391
5	3651	3393	3534	6392
5	3400	3078	3266	6393
5	3337	3217	3309	6394
5	3309	3217	3162	6395
5	3198	3063	3197	6396
5	3197	3063	2915	6397
5	3318	3210	3088	6398
5	3265	3017	3181	6399
5	3199	3156	3035	6400
5	3199	3035	2909	6401
5	3313	3170	3169	6402
5	3240	3119	3239	6403
5	3234	3113	3232	6404
5	3228	3109	3107	6405
5	3401	3257	3360	6406
5	3360	3242	3244	6407
5	3203	3190	3071	6408
5	3203	3071	3057	6409
5	3207	3144	3079	6410
5	3204	3074	3061	6411
5	3205	3193	3075	6412
5	3205	3075	3056	6413
5	3250	3007	3131	6414
5	3402	3330	3206	6415
5	3298	3143	3178	6416
5	3317	3158	3307	6417
5	3208	3161	3084	6418
5	3208	3084	3049	6419
5	3486	3411	3447	6420
5	3278	3188	3087	6421
5	3302	3165	3094	6422
5	3487	3266	3393	6423
5	3224	3102	3090	6424
5	3331	3289	3207	6425
5	3221	3091	3212	6426
5	3223	3092	3214	6427
5	3224	3090	3213	6428
5	3335	3102	3224	6429
5	3371	3254	3370	6430
5	3214	3092	3051	6431
5	3215	3146	3095	6432
5	3215	3095	3042	6433
5	3216	3196	3096	6434
5	3216	3096	3024	6435
5	3299	3024	3037	6436
5	3217	3145	3083	6437
5	3340	3059	3220	6438
5	3338	3198	3327	6439
5	3327	3198	3197	6440
5	3338	3138	3198	6441
5	3218	3187	3138	6442
5	3339	3220	3219	6443
5	3222	3099	3221	6444
5	3222	3209	3100	6445
5	3223	3016	3092	6446
5	3280	3243	3157	6447
5	3291	3256	3226	6448
5	3405	3282	3212	6449
5	3342	3221	3282	6450
5	3361	3243	3280	6451
5	3225	3189	3103	6452
5	3225	3103	3043	6453
5	3284	3164	3209	6454
5	3226	3154	3062	6455
5	3228	3107	3171	6456
5	3249	3106	3227	6457
5	3247	3126	3246	6458
5	3351	3232	3348	6459
5	3488	3389	3367	6460
5	3229	3227	3108	6461
5	3236	3115	3235	6462
5	3235	3114	3234	6463
5	3313	3169	3312	6464
5	3231	3229	3110	6465
5	3349	3200	3328	6466
5	3349	3201	3200	6467
5	3353	3234	3351	6468
5	3233	3231	3112	6469
5	3346	3227	3229	6470
5	3478	3366	3476	6471
5	3328	3170	3313	6472
5	3312	3169	3143	6473
5	3348	3232	3230	6474
5	3359	3241	3240	6475
5	3351	3234	3232	6476
5	3357	3238	3356	6477
5	3353	3235	3234	6478
5	3362	3241	3359	6479
5	3354	3236	3235	6480
5	3355	3237	3236	6481
5	3365	3247	3364	6482
5	3356	3238	3237	6483
5	3363	3245	3362	6484
5	3357	3239	3238	6485
5	3242	3172	3101	6486
5	3242	3101	3124	6487
5	3336	3223	3214	6488
5	3243	3123	3122	6489
5	3343	3223	3336	6490
5	3428	3297	3321	6491
5	3358	3240	3239	6492
5	3359	3240	3358	6493
5	3365	3290	3248	6494
5	3363	3246	3245	6495
5	3762	3632	3716	6496
5	3529	3420	3489	6497
5	3491	3385	3407	6498
5	3530	3381	3526	6499
5	3492	3479	3369	6500
5	3292	3252	3132	6501
5	3252	3105	3132	6502
5	3295	3175	3130	6503
5	3593	3388	3496	6504
5	3251	3131	3129	6505
5	3288	3228	3171	6506
5	3369	3288	3171	6507
5	3254	3134	3133	6508
5	3255	3134	3254	6509
5	3371	3255	3254	6510
5	3378	3319	3377	6511
5	3322	3190	3203	6512
5	3416	3269	3293	6513
5	3526	3373	3521	6514
5	3447	3323	3443	6515
5	3403	3279	3166	6516
5	3335	3211	3102	6517
5	3417	3270	3269	6518
5	3270	3152	3269	6519
5	3259	3204	3137	6520
5	3551	3436	3435	6521
5	3297	3260	3149	6522
5	3297	3149	3189	6523
5	3360	3257	3242	6524
5	3495	3386	3481	6525
5	3420	3286	3385	6526
5	3584	3474	3583	6527
5	3364	3247	3246	6528
5	3365	3248	3247	6529
5	3314	3032	3175	6530
5	3511	3409	3330	6531
5	3327	3197	3265	6532
5	3338	3219	3218	6533
5	3419	3139	3275	6534
5	3415	3318	3382	6535
5	3267	3184	3072	6536
5	3267	3072	3174	6537
5	3268	3192	3176	6538
5	3371	3273	3255	6539
5	3800	3705	3768	6540
5	3417	3269	3416	6541
5	3650	3501	3629	6542
5	3553	3440	3390	6543
5	3499	3391	3303	6544
5	3277	3076	3139	6545
5	3272	3262	3208	6546
5	3272	3208	3148	6547
5	3273	3268	3176	6548
5	3273	3176	3255	6549
5	3375	3136	3326	6550
5	3274	3186	3058	6551
5	3419	3275	3418	6552
5	3277	3159	3076	6553
5	3521	3373	3428	6554
5	3387	3321	3276	6555
5	3595	3505	3549	6556
5	3308	3182	3027	6557
5	3343	3213	3223	6558
5	3279	3212	3086	6559
5	3332	3146	3215	6560
5	3334	3070	3146	6561
5	3652	3539	3579	6562
5	3413	3272	3392	6563
5	3547	3274	3430	6564
5	3299	3216	3024	6565
5	3558	3448	3383	6566
5	3341	3209	3222	6567
5	3444	3324	3322	6568
5	3367	3250	3131	6569
5	3285	3172	3257	6570
5	3291	3164	3284	6571
5	3336	3214	3285	6572
5	3344	3213	3343	6573
5	3286	3276	3150	6574
5	3286	3150	3173	6575
5	3294	3253	3140	6576
5	3370	3254	3253	6577
5	3345	3230	3228	6578
5	3355	3236	3354	6579
5	3553	3390	3497	6580
5	3446	3328	3313	6581
5	3290	3263	3179	6582
5	3290	3179	3248	6583
5	3425	3257	3401	6584
5	3502	3425	3401	6585
5	3366	3249	3227	6586
5	3503	3292	3409	6587
5	3293	3269	3153	6588
5	3293	3153	3185	6589
5	3456	3344	3343	6590
5	3412	3256	3291	6591
5	3375	3264	3136	6592
5	3519	3437	3314	6593
5	3296	3259	3137	6594
5	3296	3137	3180	6595
5	3438	3256	3412	6596
5	3589	3481	3480	6597
5	3669	3497	3596	6598
5	3397	3296	3380	6599
5	3304	3066	3145	6600
5	3325	3196	3216	6601
5	3300	3272	3148	6602
5	3300	3148	3141	6603
5	3330	3047	3206	6604
5	3330	3168	3047	6605
5	3431	3304	3394	6606
5	3536	3302	3404	6607
5	3735	3656	3542	6608
5	3487	3415	3266	6609
5	3305	3271	3156	6610
5	3305	3199	3304	6611
5	3500	3281	3391	6612
5	3431	3305	3304	6613
5	3306	3280	3157	6614
5	3306	3157	3202	6615
5	3317	3296	3180	6616
5	3307	3158	3193	6617
5	3441	3210	3318	6618
5	3382	3195	3340	6619
5	3483	3325	3433	6620
5	3506	3431	3394	6621
5	3315	3261	3177	6622
5	3315	3163	3310	6623
5	3329	3202	3191	6624
5	3329	3191	3323	6625
5	3628	3533	3594	6626
5	3423	3331	3379	6627
5	3435	3298	3429	6628
5	3429	3316	3395	6629
5	3414	3184	3267	6630
5	3437	3174	3314	6631
5	3481	3370	3480	6632
5	3538	3386	3495	6633
5	3316	3298	3178	6634
5	3316	3178	3144	6635
5	3497	3372	3482	6636
5	3378	3293	3319	6637
5	3441	3333	3210	6638
5	3333	3089	3210	6639
5	3319	3293	3185	6640
5	3319	3185	3192	6641
5	3320	3147	3093	6642
5	3331	3207	3204	6643
5	3321	3297	3189	6644
5	3321	3189	3225	6645
5	3324	3287	3194	6646
5	3447	3411	3329	6647
5	3507	3454	3450	6648
5	3329	3306	3202	6649
5	3396	3322	3261	6650
5	3527	3447	3443	6651
5	3326	3196	3325	6652
5	3388	3301	3151	6653
5	3801	3711	3601	6654
5	3388	3151	3283	6655
5	3340	3195	3059	6656
5	3338	3218	3138	6657
5	3435	3312	3298	6658
5	3358	3239	3357	6659
5	3392	3272	3300	6660
5	3599	3563	3507	6661
5	3737	3633	3493	6662
5	3367	3131	3251	6663
5	3515	3279	3403	6664
5	3332	3215	3320	6665
5	3334	3146	3332	6666
5	3334	3166	3070	6667
5	3404	3155	3333	6668
5	3393	3182	3308	6669
5	3403	3166	3334	6670
5	3448	3403	3334	6671
5	3448	3332	3383	6672
5	3449	3211	3335	6673
5	3471	3315	3310	6674
5	3616	3405	3515	6675
5	3524	3506	3394	6676
5	3391	3281	3303	6677
5	3340	3220	3339	6678
5	3339	3219	3338	6679
5	3452	3327	3265	6680
5	3400	3265	3181	6681
5	3400	3181	3078	6682
5	3382	3318	3088	6683
5	3453	3424	3284	6684
5	3341	3284	3209	6685
5	3342	3341	3222	6686
5	3342	3222	3221	6687
5	3450	3336	3285	6688
5	3425	3285	3257	6689
5	3454	3343	3336	6690
5	3597	3513	3560	6691
5	3348	3230	3345	6692
5	3356	3237	3355	6693
5	3476	3366	3346	6694
5	3366	3227	3346	6695
5	3347	3346	3229	6696
5	3347	3229	3231	6697
5	3736	3592	3626	6698
5	3354	3235	3353	6699
5	3352	3201	3349	6700
5	3350	3231	3233	6701
5	3474	3363	3473	6702
5	3461	3458	3350	6703
5	3458	3347	3350	6704
5	3459	3351	3348	6705
5	3458	3406	3347	6706
5	3352	3350	3233	6707
5	3565	3384	3457	6708
5	3460	3352	3349	6709
5	3463	3328	3446	6710
5	3429	3298	3316	6711
5	3436	3313	3312	6712
5	3462	3351	3459	6713
5	3462	3353	3351	6714
5	3464	3354	3353	6715
5	3582	3473	3472	6716
5	3465	3355	3354	6717
5	3473	3362	3472	6718
5	3466	3356	3355	6719
5	3475	3364	3474	6720
5	3467	3357	3356	6721
5	3411	3306	3329	6722
5	3510	3401	3470	6723
5	3361	3360	3244	6724
5	3361	3244	3243	6725
5	3472	3359	3469	6726
5	3468	3358	3357	6727
5	3469	3359	3358	6728
5	3475	3408	3365	6729
5	3473	3363	3362	6730
5	3983	3911	3982	6731
5	3699	3606	3641	6732
5	3472	3362	3359	6733
5	3479	3457	3288	6734
5	3426	3252	3292	6735
5	3369	3171	3252	6736
5	3711	3492	3601	6737
5	3704	3488	3608	6738
5	3368	3251	3249	6739
5	3476	3346	3406	6740
5	3384	3348	3345	6741
5	3481	3386	3371	6742
5	3480	3370	3294	6743
5	3696	3544	3657	6744
5	3410	3273	3386	6745
5	3417	3372	3270	6746
5	3481	3371	3370	6747
5	3491	3407	3490	6748
5	3602	3490	3517	6749
5	3438	3310	3256	6750
5	3741	3522	3616	6751
5	3552	3414	3267	6752
5	3434	3337	3309	6753
5	3524	3394	3337	6754
5	3493	3376	3414	6755
5	3377	3319	3268	6756
5	3386	3273	3371	6757
5	3518	3442	3444	6758
5	3544	3442	3518	6759
5	3379	3331	3259	6760
5	3629	3498	3628	6761
5	3397	3379	3259	6762
5	3380	3296	3317	6763
5	3951	3855	3927	6764
5	3603	3521	3545	6765
5	3452	3339	3338	6766
5	3452	3265	3400	6767
5	3902	3706	3813	6768
5	3383	3188	3278	6769
5	3466	3355	3465	6770
5	3468	3357	3467	6771
5	3385	3286	3263	6772
5	3475	3365	3364	6773
5	3410	3377	3268	6774
5	3703	3594	3610	6775
5	3494	3413	3392	6776
5	3742	3659	3707	6777
5	3402	3301	3388	6778
5	3402	3206	3301	6779
5	3389	3295	3250	6780
5	3389	3250	3367	6781
5	3440	3380	3317	6782
5	3390	3307	3258	6783
5	3433	3216	3299	6784
5	3433	3325	3216	6785
5	3648	3530	3526	6786
5	3526	3381	3373	6787
5	3404	3302	3155	6788
5	3531	3404	3333	6789
5	3394	3304	3145	6790
5	3394	3145	3337	6791
5	3550	3429	3546	6792
5	3533	3380	3485	6793
5	3427	3294	3287	6794
5	3480	3294	3427	6795
5	3498	3379	3397	6796
5	3546	3395	3532	6797
5	3534	3393	3308	6798
5	3398	3308	3159	6799
5	3743	3728	3604	6800
5	3627	3490	3602	6801
5	3452	3340	3339	6802
5	3452	3338	3327	6803
5	3421	3306	3411	6804
5	3607	3518	3520	6805
5	3409	3292	3168	6806
5	3409	3168	3330	6807
5	3451	3342	3282	6808
5	3405	3212	3279	6809
5	3432	3305	3431	6810
5	3764	3547	3430	6811
5	3422	3335	3224	6812
5	3422	3224	3344	6813
5	3569	3459	3516	6814
5	3457	3345	3288	6815
5	3407	3385	3263	6816
5	3407	3263	3290	6817
5	3408	3407	3290	6818
5	3408	3290	3365	6819
5	3704	3600	3488	6820
5	3426	3369	3252	6821
5	4003	3938	3984	6822
5	3609	3528	3538	6823
5	3439	3361	3280	6824
5	3504	3439	3421	6825
5	3421	3280	3306	6826
5	3470	3360	3361	6827
5	3413	3399	3262	6828
5	3413	3262	3272	6829
5	3414	3376	3183	6830
5	3414	3183	3184	6831
5	3415	3382	3400	6832
5	3415	3400	3266	6833
5	3540	3416	3378	6834
5	3610	3594	3485	6835
5	3667	3551	3550	6836
5	3692	3623	3584	6837
5	3542	3277	3419	6838
5	3419	3277	3139	6839
5	3430	3165	3302	6840
5	3505	3419	3418	6841
5	3420	3387	3276	6842
5	3420	3276	3286	6843
5	3705	3605	3655	6844
5	3688	3543	3604	6845
5	3455	3341	3342	6846
5	3512	3403	3448	6847
5	3423	3395	3289	6848
5	3423	3289	3331	6849
5	3424	3412	3291	6850
5	3424	3291	3284	6851
5	3450	3285	3425	6852
5	3522	3451	3282	6853
5	3477	3367	3251	6854
5	3477	3251	3368	6855
5	3543	3411	3486	6856
5	3804	3721	3790	6857
5	3936	3817	3812	6858
5	3794	3692	3691	6859
5	3532	3423	3501	6860
5	3463	3349	3328	6861
5	3499	3303	3186	6862
5	3430	3274	3165	6863
5	3432	3271	3305	6864
5	3432	3418	3271	6865
5	3500	3299	3281	6866
5	3547	3499	3186	6867
5	3524	3337	3434	6868
5	3555	3375	3326	6869
5	3600	3523	3389	6870
5	3375	3283	3264	6871
5	3754	3628	3753	6872
5	3501	3423	3379	6873
5	3551	3435	3550	6874
5	3532	3395	3423	6875
5	3631	3402	3593	6876
5	3437	3267	3174	6877
5	3439	3280	3421	6878
5	3471	3310	3438	6879
5	3470	3361	3439	6880
5	3470	3401	3360	6881
5	3541	3417	3416	6882
5	3645	3528	3609	6883
5	3554	3318	3415	6884
5	3591	3531	3441	6885
5	3442	3427	3287	6886
5	3442	3287	3324	6887
5	3447	3329	3323	6888
5	3443	3323	3311	6889
5	3519	3314	3175	6890
5	3511	3330	3402	6891
5	3708	3615	3555	6892
5	3445	3326	3325	6893
5	3572	3446	3556	6894
5	3469	3358	3468	6895
5	3383	3332	3320	6896
5	3383	3320	3188	6897
5	3449	3278	3211	6898
5	3598	3561	3456	6899
5	3558	3278	3449	6900
5	3558	3383	3278	6901
5	3559	3450	3425	6902
5	3515	3403	3512	6903
5	3455	3342	3451	6904
5	3453	3284	3341	6905
5	3452	3400	3382	6906
5	3452	3382	3340	6907
5	3454	3336	3450	6908
5	3559	3425	3502	6909
5	3456	3343	3454	6910
5	3741	3616	3701	6911
5	3709	3561	3598	6912
5	3455	3453	3341	6913
5	3736	3707	3592	6914
5	3580	3471	3539	6915
5	3573	3464	3571	6916
5	3457	3384	3345	6917
5	3459	3348	3384	6918
5	3516	3459	3384	6919
5	3464	3353	3462	6920
5	3465	3354	3464	6921
5	3461	3352	3460	6922
5	3461	3350	3352	6923
5	3805	3755	3635	6924
5	3537	3476	3406	6925
5	3618	3537	3566	6926
5	3583	3473	3582	6927
5	3666	3516	3619	6928
5	3463	3460	3349	6929
5	3569	3462	3459	6930
5	3567	3461	3460	6931
5	3806	3608	3745	6932
5	3546	3429	3395	6933
5	3550	3435	3429	6934
5	3904	3711	3801	6935
5	3571	3464	3462	6936
5	3573	3465	3464	6937
5	3584	3517	3475	6938
5	3574	3466	3465	6939
5	3692	3583	3691	6940
5	3575	3467	3466	6941
5	3604	3543	3486	6942
5	3530	3392	3381	6943
5	3589	3480	3588	6944
5	3471	3374	3315	6945
5	3690	3582	3581	6946
5	3576	3468	3467	6947
5	3582	3472	3581	6948
5	3577	3469	3468	6949
5	3583	3474	3473	6950
5	3626	3489	3491	6951
5	3581	3472	3469	6952
5	3584	3475	3474	6953
5	3585	3368	3478	6954
5	3488	3367	3477	6955
5	3479	3288	3369	6956
5	3503	3426	3292	6957
5	3600	3389	3488	6958
5	3478	3368	3366	6959
5	3492	3369	3426	6960
5	3570	3460	3463	6961
5	3513	3412	3424	6962
5	3541	3416	3540	6963
5	3525	3378	3377	6964
5	3654	3540	3525	6965
5	3541	3482	3417	6966
5	3540	3378	3525	6967
5	3624	3445	3483	6968
5	3483	3445	3325	6969
5	3484	3396	3374	6970
5	3580	3484	3374	6971
5	3753	3594	3703	6972
5	3768	3655	3654	6973
5	3766	3687	3652	6974
5	3527	3486	3447	6975
5	3542	3398	3277	6976
5	3554	3441	3318	6977
5	3519	3175	3295	6978
5	3555	3326	3445	6979
5	3489	3420	3385	6980
5	3788	3686	3653	6981
5	3491	3489	3385	6982
5	3490	3407	3408	6983
5	3626	3592	3489	6984
5	3934	3836	3897	6985
5	3608	3477	3585	6986
5	3586	3476	3537	6987
5	3509	3434	3309	6988
5	3509	3376	3493	6989
5	3508	3443	3399	6990
5	3527	3443	3508	6991
5	3589	3495	3481	6992
5	3588	3427	3544	6993
5	3496	3388	3283	6994
5	3496	3283	3375	6995
5	3553	3485	3440	6996
5	3497	3390	3372	6997
5	3747	3610	3669	6998
5	3660	3532	3650	6999
5	3548	3432	3431	7000
5	3549	3432	3548	7001
5	3514	3299	3500	7002
5	3514	3433	3299	7003
5	3610	3485	3553	7004
5	3747	3703	3610	7005
5	3578	3439	3504	7006
5	3612	3507	3559	7007
5	4010	3835	3944	7008
5	3585	3477	3368	7009
5	3578	3470	3439	7010
5	3510	3502	3401	7011
5	3531	3333	3441	7012
5	3534	3308	3398	7013
5	3549	3505	3418	7014
5	3548	3431	3506	7015
5	3563	3456	3454	7016
5	3579	3412	3513	7017
5	3648	3526	3646	7018
5	3898	3808	3868	7019
5	3633	3509	3493	7020
5	3643	3524	3434	7021
5	3539	3471	3438	7022
5	3564	3455	3451	7023
5	3608	3488	3477	7024
5	3805	3635	3733	7025
5	3616	3522	3405	7026
5	3515	3405	3279	7027
5	3716	3606	3699	7028
5	3653	3578	3504	7029
5	3644	3506	3524	7030
5	3590	3483	3433	7031
5	3563	3454	3507	7032
5	3522	3282	3405	7033
5	3574	3465	3573	7034
5	3572	3463	3446	7035
5	3517	3490	3408	7036
5	3517	3408	3475	7037
5	3544	3427	3442	7038
5	3588	3480	3427	7039
5	3640	3437	3519	7040
5	3552	3267	3437	7041
5	3520	3518	3444	7042
5	3520	3444	3396	7043
5	3530	3494	3392	7044
5	3808	3715	3762	7045
5	3557	3335	3422	7046
5	3642	3422	3561	7047
5	3523	3519	3295	7048
5	3523	3295	3389	7049
5	3644	3524	3643	7050
5	3590	3433	3514	7051
5	3799	3696	3717	7052
5	3654	3525	3645	7053
5	4029	3898	4020	7054
5	3817	3752	3718	7055
5	3657	3518	3607	7056
5	3767	3645	3761	7057
5	3528	3525	3377	7058
5	3528	3377	3410	7059
5	3545	3428	3387	7060
5	3529	3387	3420	7061
5	3659	3529	3592	7062
5	3606	3535	3494	7063
5	3649	3404	3531	7064
5	3536	3430	3302	7065
5	3655	3541	3540	7066
5	3628	3498	3533	7067
5	3533	3498	3397	7068
5	3533	3397	3380	7069
5	3554	3415	3487	7070
5	3670	3554	3487	7071
5	3535	3508	3399	7072
5	3535	3399	3413	7073
5	3649	3536	3404	7074
5	3547	3186	3274	7075
5	3621	3479	3492	7076
5	3587	3565	3457	7077
5	3538	3528	3410	7078
5	3538	3410	3386	7079
5	3696	3588	3544	7080
5	3638	3513	3597	7081
5	3719	3605	3705	7082
5	3645	3525	3528	7083
5	3869	3754	3864	7084
5	3655	3605	3541	7085
5	3651	3487	3393	7086
5	3656	3398	3542	7087
5	3543	3504	3421	7088
5	3543	3421	3411	7089
5	4118	4026	4045	7090
5	3854	3743	3847	7091
5	3646	3521	3603	7092
5	3715	3625	3647	7093
5	3665	3550	3546	7094
5	3629	3501	3498	7095
5	3723	3651	3656	7096
5	3549	3418	3432	7097
5	3671	3445	3624	7098
5	3724	3639	3662	7099
5	3749	3624	3483	7100
5	3842	3771	3664	7101
5	3667	3550	3665	7102
5	3694	3537	3618	7103
5	3665	3546	3660	7104
5	3650	3532	3501	7105
5	3613	3493	3414	7106
5	3593	3402	3388	7107
5	3655	3540	3654	7108
5	3769	3660	3650	7109
5	3649	3531	3591	7110
5	3591	3441	3554	7111
5	3634	3434	3509	7112
5	3708	3555	3671	7113
5	3780	3727	3622	7114
5	3905	3731	3826	7115
5	3672	3449	3557	7116
5	3557	3449	3335	7117
5	3672	3558	3449	7118
5	3558	3512	3448	7119
5	3673	3597	3560	7120
5	3559	3507	3450	7121
5	3560	3513	3424	7122
5	3560	3424	3453	7123
5	3561	3422	3344	7124
5	3561	3344	3456	7125
5	3562	3560	3453	7126
5	3562	3453	3455	7127
5	3598	3456	3563	7128
5	3675	3562	3564	7129
5	3702	3653	3688	7130
5	3564	3562	3455	7131
5	3568	3461	3567	7132
5	3565	3516	3384	7133
5	3566	3537	3406	7134
5	3566	3406	3458	7135
5	3568	3458	3461	7136
5	3568	3566	3458	7137
5	3581	3469	3577	7138
5	4076	3991	3925	7139
5	3571	3462	3569	7140
5	3577	3468	3576	7141
5	3679	3571	3622	7142
5	3570	3567	3460	7143
5	3576	3467	3575	7144
5	3575	3466	3574	7145
5	3677	3620	3567	7146
5	3572	3570	3463	7147
5	3620	3568	3567	7148
5	3676	3568	3620	7149
5	3826	3731	3692	7150
5	3676	3618	3566	7151
5	3681	3573	3679	7152
5	3689	3577	3685	7153
5	3679	3573	3571	7154
5	3681	3574	3573	7155
5	3691	3582	3690	7156
5	3683	3575	3574	7157
5	3612	3599	3507	7158
5	3578	3510	3470	7159
5	3579	3539	3438	7160
5	3579	3438	3412	7161
5	4110	4019	4075	7162
5	3730	3609	3614	7163
5	3812	3718	3732	7164
5	3684	3576	3575	7165
5	3690	3581	3689	7166
5	3685	3577	3576	7167
5	3846	3732	3731	7168
5	3691	3583	3582	7169
5	4063	3981	3987	7170
5	3732	3623	3731	7171
5	3587	3457	3479	7172
5	3750	3668	3523	7173
5	3711	3621	3492	7174
5	3586	3478	3476	7175
5	3700	3587	3621	7176
5	3695	3619	3565	7177
5	4034	3924	4003	7178
5	3658	3614	3495	7179
5	3625	3604	3486	7180
5	3732	3602	3623	7181
5	3726	3595	3663	7182
5	3671	3555	3445	7183
5	3735	3542	3419	7184
5	3735	3419	3505	7185
5	3592	3529	3489	7186
5	3936	3812	3935	7187
5	3850	3633	3737	7188
5	3901	3805	3733	7189
5	3594	3533	3485	7190
5	3765	3629	3754	7191
5	3663	3548	3661	7192
5	3661	3506	3644	7193
5	3596	3497	3482	7194
5	3820	3719	3705	7195
5	3790	3687	3766	7196
5	3638	3579	3513	7197
5	3740	3675	3564	7198
5	3675	3673	3562	7199
5	4064	3999	4030	7200
5	3740	3564	3674	7201
5	3750	3523	3600	7202
5	3613	3414	3552	7203
5	3601	3492	3426	7204
5	3601	3426	3503	7205
5	3689	3581	3577	7206
5	3692	3584	3583	7207
5	3836	3742	3802	7208
5	3710	3646	3603	7209
5	3763	3646	3710	7210
5	3817	3718	3812	7211
5	3605	3596	3482	7212
5	3605	3482	3541	7213
5	3625	3486	3527	7214
5	3632	3535	3606	7215
5	3687	3539	3652	7216
5	3762	3647	3632	7217
5	3745	3585	3693	7218
5	3621	3587	3479	7219
5	3790	3721	3617	7220
5	3657	3544	3518	7221
5	3875	3769	3874	7222
5	3747	3669	3713	7223
5	3611	3607	3520	7224
5	3611	3520	3484	7225
5	3788	3653	3702	7226
5	3673	3560	3562	7227
5	3615	3375	3555	7228
5	3749	3483	3590	7229
5	3614	3609	3538	7230
5	3614	3538	3495	7231
5	3816	3671	3751	7232
5	3615	3496	3375	7233
5	3672	3512	3558	7234
5	3741	3674	3522	7235
5	3617	3611	3484	7236
5	3617	3484	3580	7237
5	3622	3571	3569	7238
5	3619	3516	3565	7239
5	3660	3546	3532	7240
5	3676	3566	3568	7241
5	3682	3551	3667	7242
5	3680	3572	3556	7243
5	3693	3585	3478	7244
5	3693	3478	3586	7245
5	3683	3574	3681	7246
5	3677	3567	3570	7247
5	3623	3602	3517	7248
5	3623	3517	3584	7249
5	3815	3600	3704	7250
5	3816	3708	3671	7251
5	3647	3508	3632	7252
5	3647	3527	3508	7253
5	3752	3627	3718	7254
5	3931	3802	3834	7255
5	3627	3626	3491	7256
5	3627	3491	3490	7257
5	3785	3682	3667	7258
5	4065	3833	3912	7259
5	3713	3669	3596	7260
5	3753	3628	3594	7261
5	3630	3612	3559	7262
5	3630	3559	3502	7263
5	3904	3837	3711	7264
5	3631	3511	3402	7265
5	3647	3625	3527	7266
5	3632	3508	3535	7267
5	3634	3509	3633	7268
5	3663	3549	3548	7269
5	3848	3822	3774	7270
5	3643	3434	3634	7271
5	3635	3503	3409	7272
5	3635	3409	3511	7273
5	3636	3616	3515	7274
5	3636	3515	3512	7275
5	3637	3630	3502	7276
5	3637	3502	3510	7277
5	3652	3579	3638	7278
5	3687	3580	3539	7279
5	3639	3590	3514	7280
5	3639	3514	3500	7281
5	3757	3640	3668	7282
5	3640	3552	3437	7283
5	3641	3606	3494	7284
5	3641	3494	3530	7285
5	3642	3636	3557	7286
5	3642	3557	3422	7287
5	3758	3643	3634	7288
5	3770	3724	3725	7289
5	3821	3749	3759	7290
5	3835	3593	3814	7291
5	3838	3719	3820	7292
5	3768	3654	3767	7293
5	3648	3641	3530	7294
5	3646	3526	3521	7295
5	3819	3746	3798	7296
5	3734	3720	3607	7297
5	3722	3699	3641	7298
5	3761	3609	3730	7299
5	3841	3664	3499	7300
5	3774	3649	3591	7301
5	3773	3665	3772	7302
5	3772	3660	3769	7303
5	3670	3487	3651	7304
5	3670	3591	3554	7305
5	3686	3510	3578	7306
5	3738	3630	3637	7307
5	3686	3578	3653	7308
5	3686	3637	3510	7309
5	3761	3645	3609	7310
5	4065	3903	3833	7311
5	3829	3730	3746	7312
5	3820	3705	3800	7313
5	3656	3651	3534	7314
5	3656	3534	3398	7315
5	3658	3495	3589	7316
5	3734	3611	3721	7317
5	3697	3588	3696	7318
5	3697	3589	3588	7319
5	3659	3603	3545	7320
5	3659	3545	3529	7321
5	3863	3753	3703	7322
5	3754	3629	3628	7323
5	3759	3639	3724	7324
5	3968	3883	3917	7325
5	3662	3639	3500	7326
5	3662	3500	3391	7327
5	3723	3670	3651	7328
5	3663	3595	3549	7329
5	3664	3662	3391	7330
5	3664	3391	3499	7331
5	4150	4066	4134	7332
5	3682	3556	3551	7333
5	3666	3622	3569	7334
5	3666	3569	3516	7335
5	3765	3650	3629	7336
5	3772	3665	3660	7337
5	3668	3640	3519	7338
5	3668	3519	3523	7339
5	3669	3610	3553	7340
5	3669	3553	3497	7341
5	3906	3841	3764	7342
5	3774	3591	3670	7343
5	3835	3733	3631	7344
5	3737	3493	3613	7345
5	3672	3557	3636	7346
5	3672	3636	3512	7347
5	3776	3597	3673	7348
5	3775	3599	3612	7349
5	3674	3564	3451	7350
5	3674	3451	3522	7351
5	3813	3675	3740	7352
5	3852	3741	3701	7353
5	3729	3618	3676	7354
5	3778	3666	3619	7355
5	3783	3680	3682	7356
5	3779	3712	3677	7357
5	3678	3677	3570	7358
5	3678	3570	3572	7359
5	3685	3576	3684	7360
5	3684	3575	3683	7361
5	3779	3677	3678	7362
5	3680	3678	3572	7363
5	3712	3620	3677	7364
5	3773	3667	3665	7365
5	3785	3667	3773	7366
5	3682	3680	3556	7367
5	3782	3679	3727	7368
5	3794	3691	3793	7369
5	3826	3692	3794	7370
5	3769	3650	3765	7371
5	3926	3831	3907	7372
5	3784	3683	3681	7373
5	3706	3673	3675	7374
5	3714	3637	3686	7375
5	3748	3630	3738	7376
5	3687	3617	3580	7377
5	3688	3653	3504	7378
5	3688	3504	3543	7379
5	3792	3689	3791	7380
5	3786	3684	3683	7381
5	3793	3691	3690	7382
5	3787	3685	3684	7383
5	3846	3812	3732	7384
5	3793	3690	3792	7385
5	3791	3689	3685	7386
5	3792	3690	3689	7387
5	3695	3565	3587	7388
5	3992	3827	3929	7389
5	3827	3693	3795	7390
5	3694	3586	3537	7391
5	3700	3695	3587	7392
5	3777	3620	3712	7393
5	3697	3658	3589	7394
5	3932	3828	3839	7395
5	3873	3800	3768	7396
5	3890	3728	3854	7397
5	3735	3505	3698	7398
5	3698	3505	3595	7399
5	4254	4211	4214	7400
5	3722	3641	3648	7401
5	3825	3782	3727	7402
5	3796	3618	3729	7403
5	3701	3616	3636	7404
5	3701	3636	3642	7405
5	3909	3800	3873	7406
5	3829	3746	3819	7407
5	3833	3703	3747	7408
5	3767	3654	3645	7409
5	3745	3608	3585	7410
5	3994	3801	3933	7411
5	3768	3705	3655	7412
5	3872	3761	3867	7413
5	3748	3612	3630	7414
5	3789	3638	3744	7415
5	3707	3659	3592	7416
5	3840	3763	3807	7417
5	3814	3496	3615	7418
5	4077	3988	3910	7419
5	3709	3701	3642	7420
5	3709	3642	3561	7421
5	3943	3849	3913	7422
5	3807	3763	3710	7423
5	3801	3601	3755	7424
5	3910	3815	3704	7425
5	3797	3619	3695	7426
5	3727	3679	3622	7427
5	3873	3768	3767	7428
5	3912	3833	3857	7429
5	3738	3637	3714	7430
5	3775	3612	3748	7431
5	3743	3625	3715	7432
5	3728	3688	3604	7433
5	3762	3715	3647	7434
5	3716	3632	3606	7435
5	3717	3696	3657	7436
5	3721	3611	3617	7437
5	3718	3627	3602	7438
5	3993	3948	3945	7439
5	3719	3713	3596	7440
5	3719	3596	3605	7441
5	3720	3717	3657	7442
5	3720	3657	3607	7443
5	3734	3607	3611	7444
5	3847	3743	3715	7445
5	3834	3802	3707	7446
5	4162	4138	4087	7447
5	3764	3536	3649	7448
5	3774	3670	3723	7449
5	3771	3662	3664	7450
5	3725	3663	3661	7451
5	3841	3547	3764	7452
5	3726	3663	3725	7453
5	3771	3724	3662	7454
5	3841	3499	3547	7455
5	3786	3683	3784	7456
5	3784	3681	3782	7457
5	3790	3617	3687	7458
5	3728	3702	3688	7459
5	3843	3695	3700	7460
5	3881	3777	3712	7461
5	3854	3728	3743	7462
5	3867	3730	3829	7463
5	3732	3718	3602	7464
5	3731	3623	3692	7465
5	4134	4066	4107	7466
5	3834	3707	3736	7467
5	3733	3635	3511	7468
5	3733	3511	3631	7469
5	3743	3604	3625	7470
5	3923	3871	3890	7471
5	3971	3886	3876	7472
5	3848	3656	3735	7473
5	3849	3752	3817	7474
5	3936	3913	3817	7475
5	3756	3634	3633	7476
5	3850	3756	3633	7477
5	3744	3638	3597	7478
5	3859	3775	3748	7479
5	3739	3598	3563	7480
5	3739	3563	3599	7481
5	3824	3823	3740	7482
5	3852	3740	3674	7483
5	3852	3701	3709	7484
5	3824	3598	3739	7485
5	3742	3710	3603	7486
5	3742	3603	3659	7487
5	3982	3934	3981	7488
5	3889	3766	3870	7489
5	3856	3789	3744	7490
5	3832	3798	3799	7491
5	3827	3745	3693	7492
5	3796	3694	3618	7493
5	3746	3730	3614	7494
5	3746	3614	3658	7495
5	3950	3838	3924	7496
5	3966	3881	3926	7497
5	3945	3847	3808	7498
5	3858	3748	3738	7499
5	3770	3661	3644	7500
5	3760	3643	3758	7501
5	3757	3552	3640	7502
5	3988	3815	3910	7503
5	3751	3671	3624	7504
5	3821	3818	3862	7505
5	3752	3736	3626	7506
5	3752	3626	3627	7507
5	4245	4197	4147	7508
5	3857	3747	3713	7509
5	4073	4038	3954	7510
5	3857	3713	3838	7511
5	3755	3601	3503	7512
5	3755	3503	3635	7513
5	3760	3644	3643	7514
5	3758	3634	3756	7515
5	3865	3613	3757	7516
5	3757	3613	3552	7517
5	3962	3875	3874	7518
5	3818	3760	3758	7519
5	3759	3749	3590	7520
5	3759	3590	3639	7521
5	3770	3644	3760	7522
5	3770	3725	3661	7523
5	3960	3867	3956	7524
5	3945	3808	3898	7525
5	3868	3716	3809	7526
5	3974	3804	3889	7527
5	3763	3722	3648	7528
5	3763	3648	3646	7529
5	4047	3968	4018	7530
5	3810	3595	3726	7531
5	3864	3753	3863	7532
5	3864	3754	3753	7533
5	3922	3775	3859	7534
5	3989	3803	3902	7535
5	3872	3767	3761	7536
5	3938	3800	3909	7537
5	3960	3872	3867	7538
5	3990	3920	3958	7539
5	3883	3782	3825	7540
5	3874	3765	3869	7541
5	3821	3760	3818	7542
5	3770	3759	3724	7543
5	3771	3726	3725	7544
5	3771	3725	3724	7545
5	4016	3962	4001	7546
5	3869	3765	3754	7547
5	3886	3773	3876	7548
5	3782	3681	3679	7549
5	3848	3774	3723	7550
5	3822	3649	3774	7551
5	3776	3673	3706	7552
5	3813	3706	3675	7553
5	3871	3788	3702	7554
5	3776	3744	3597	7555
5	3777	3729	3676	7556
5	3777	3676	3620	7557
5	3925	3896	3797	7558
5	3780	3666	3778	7559
5	3831	3712	3779	7560
5	3780	3622	3666	7561
5	3970	3885	3968	7562
5	3844	3729	3777	7563
5	3781	3779	3678	7564
5	3781	3678	3680	7565
5	3791	3685	3787	7566
5	3787	3684	3786	7567
5	3905	3846	3731	7568
5	3783	3781	3680	7569
5	3879	3779	3781	7570
5	3876	3773	3772	7571
5	3886	3785	3773	7572
5	3785	3783	3682	7573
5	4045	3894	3978	7574
5	3875	3772	3769	7575
5	3879	3831	3779	7576
5	3876	3772	3875	7577
5	3952	3859	3858	7578
5	3788	3714	3686	7579
5	3789	3766	3652	7580
5	3789	3652	3638	7581
5	3828	3717	3720	7582
5	3853	3734	3721	7583
5	3887	3786	3885	7584
5	3885	3786	3784	7585
5	3928	3905	3826	7586
5	3887	3787	3786	7587
5	3891	3791	3787	7588
5	3892	3791	3891	7589
5	3928	3826	3794	7590
5	4189	4079	4135	7591
5	3795	3693	3586	7592
5	3795	3586	3694	7593
5	3797	3778	3619	7594
5	3979	3895	3844	7595
5	4124	4039	4051	7596
5	3895	3729	3844	7597
5	3798	3746	3658	7598
5	3798	3658	3697	7599
5	3799	3798	3697	7600
5	3799	3697	3696	7601
5	3873	3767	3872	7602
5	3867	3761	3730	7603
5	4070	3908	4012	7604
5	3815	3750	3600	7605
5	3802	3742	3707	7606
5	4086	3981	4063	7607
5	3877	3744	3776	7608
5	3803	3776	3706	7609
5	4050	3972	3997	7610
5	3868	3762	3716	7611
5	3806	3704	3608	7612
5	4071	3904	3994	7613
5	3843	3797	3695	7614
5	3910	3704	3806	7615
5	4028	3931	3943	7616
5	3921	3830	3900	7617
5	3847	3715	3808	7618
5	3855	3738	3714	7619
5	3868	3808	3762	7620
5	3809	3716	3699	7621
5	3822	3764	3649	7622
5	3810	3698	3595	7623
5	3811	3795	3694	7624
5	3811	3694	3796	7625
5	4135	4079	4118	7626
5	3935	3812	3846	7627
5	3851	3599	3775	7628
5	3922	3851	3775	7629
5	3814	3615	3708	7630
5	3894	3793	3893	7631
5	3901	3733	3835	7632
5	3835	3631	3593	7633
5	3861	3757	3668	7634
5	3865	3757	3861	7635
5	4000	3913	3999	7636
5	3931	3897	3802	7637
5	4033	4008	3952	7638
5	3866	3862	3818	7639
5	3942	3845	3918	7640
5	3853	3721	3804	7641
5	4072	3984	4005	7642
5	4259	4217	4198	7643
5	3862	3624	3749	7644
5	3821	3862	3749	7645
5	3860	3668	3750	7646
5	3814	3593	3496	7647
5	3823	3813	3740	7648
5	3824	3739	3823	7649
5	3852	3674	3741	7650
5	3824	3740	3852	7651
5	3883	3784	3782	7652
5	3885	3784	3883	7653
5	3893	3792	3892	7654
5	3892	3792	3791	7655
5	3994	3904	3801	7656
5	4077	3995	4067	7657
5	3832	3819	3798	7658
5	3845	3717	3828	7659
5	3956	3829	3940	7660
5	3937	3819	3832	7661
5	3830	3809	3699	7662
5	3830	3699	3722	7663
5	3908	3843	3700	7664
5	3996	3929	3811	7665
5	4052	3997	3923	7666
5	4029	3993	3945	7667
5	3838	3713	3719	7668
5	3950	3857	3838	7669
5	3999	3913	3936	7670
5	4000	3943	3913	7671
5	3944	3814	3899	7672
5	3861	3668	3860	7673
5	3836	3807	3710	7674
5	3836	3710	3742	7675
5	3837	3700	3621	7676
5	3837	3621	3711	7677
5	3857	3833	3747	7678
5	4038	3990	3958	7679
5	3839	3828	3720	7680
5	3839	3720	3734	7681
5	3840	3830	3722	7682
5	3840	3722	3763	7683
5	3842	3726	3771	7684
5	3842	3664	3841	7685
5	4001	3962	3920	7686
5	3842	3810	3726	7687
5	3895	3796	3729	7688
5	3878	3727	3780	7689
5	3878	3825	3727	7690
5	3881	3712	3831	7691
5	3845	3832	3799	7692
5	3845	3799	3717	7693
5	3893	3793	3792	7694
5	3894	3794	3793	7695
5	3918	3845	3828	7696
5	3858	3738	3855	7697
5	3848	3723	3656	7698
5	3848	3735	3698	7699
5	3849	3834	3736	7700
5	3849	3736	3752	7701
5	3953	3866	3946	7702
5	3866	3751	3862	7703
5	3851	3823	3739	7704
5	3851	3739	3599	7705
5	3824	3852	3709	7706
5	3824	3709	3598	7707
5	3932	3918	3828	7708
5	3853	3839	3734	7709
5	3921	3809	3830	7710
5	4139	4088	4110	7711
5	3870	3766	3789	7712
5	3859	3748	3858	7713
5	3870	3789	3856	7714
5	3889	3790	3766	7715
5	4004	3954	3863	7716
5	3958	3920	3869	7717
5	3951	3858	3855	7718
5	3963	3877	3914	7719
5	3877	3776	3803	7720
5	3902	3803	3706	7721
5	3899	3708	3816	7722
5	3865	3737	3613	7723
5	3944	3835	3814	7724
5	3946	3866	3756	7725
5	4035	4033	3951	7726
5	3862	3751	3624	7727
5	4286	4209	4136	7728
5	4100	4006	4034	7729
5	4073	3954	4004	7730
5	4126	4047	4084	7731
5	4002	3850	3955	7732
5	3955	3865	3861	7733
5	3866	3818	3758	7734
5	3866	3758	3756	7735
5	3961	3909	3873	7736
5	4169	4099	4098	7737
5	3923	3890	3916	7738
5	3916	3890	3854	7739
5	4001	3920	3990	7740
5	4023	3966	3926	7741
5	3888	3714	3788	7742
5	3927	3855	3888	7743
5	3888	3788	3871	7744
5	3888	3855	3714	7745
5	3940	3829	3819	7746
5	3961	3873	3872	7747
5	4190	4142	4161	7748
5	4006	3912	3950	7749
5	3821	3759	3770	7750
5	3821	3770	3760	7751
5	4007	3964	3967	7752
5	3971	3876	3915	7753
5	3906	3848	3698	7754
5	3906	3698	3810	7755
5	4241	4189	4135	7756
5	3877	3856	3744	7757
5	3896	3778	3797	7758
5	3884	3783	3785	7759
5	3964	3879	3882	7760
5	3907	3831	3879	7761
5	3880	3878	3780	7762
5	3880	3780	3778	7763
5	3926	3881	3831	7764
5	3881	3844	3777	7765
5	3882	3879	3781	7766
5	3882	3781	3783	7767
5	3928	3794	3894	7768
5	3891	3787	3887	7769
5	3965	3917	3825	7770
5	3884	3882	3783	7771
5	3917	3883	3825	7772
5	3966	3844	3881	7773
5	3962	3874	3920	7774
5	3886	3884	3785	7775
5	3958	3864	3954	7776
5	3978	3893	3977	7777
5	4008	3963	3914	7778
5	3914	3877	3803	7779
5	3948	3854	3847	7780
5	3889	3804	3790	7781
5	3890	3871	3702	7782
5	3890	3702	3728	7783
5	4057	3978	3977	7784
5	4432	4401	4332	7785
5	3970	3887	3885	7786
5	3975	3887	3970	7787
5	3975	3891	3887	7788
5	3976	3891	3975	7789
5	3976	3892	3891	7790
5	3977	3893	3892	7791
5	3896	3880	3778	7792
5	3996	3811	3941	7793
5	3925	3797	3843	7794
5	4044	3907	4009	7795
5	3897	3836	3802	7796
5	4141	4062	4094	7797
5	3983	3900	3911	7798
5	3900	3830	3840	7799
5	4011	3861	3860	7800
5	3899	3814	3708	7801
5	3957	3898	3868	7802
5	3957	3809	3921	7803
5	4102	4011	4010	7804
5	3988	3919	3815	7805
5	4099	4003	4098	7806
5	4400	4393	4341	7807
5	3903	3863	3703	7808
5	3903	3703	3833	7809
5	3908	3700	3837	7810
5	4139	4110	4137	7811
5	4060	4030	3935	7812
5	3978	3894	3893	7813
5	4013	3816	3953	7814
5	3946	3756	3850	7815
5	3969	3884	3886	7816
5	4004	3863	3903	7817
5	4092	3939	3992	7818
5	4070	4069	4014	7819
5	3961	3872	3960	7820
5	3956	3867	3829	7821
5	4077	3910	3995	7822
5	3919	3750	3815	7823
5	3911	3900	3840	7824
5	3911	3840	3807	7825
5	3924	3838	3820	7826
5	4040	3956	4036	7827
5	3913	3849	3817	7828
5	4028	3987	3931	7829
5	3972	3888	3871	7830
5	3972	3871	3923	7831
5	3915	3876	3875	7832
5	4170	4096	4167	7833
5	3940	3819	3937	7834
5	4296	4245	4147	7835
5	4104	4045	3978	7836
5	3968	3885	3883	7837
5	3957	3868	3809	7838
5	4029	3945	3898	7839
5	4010	3901	3835	7840
5	3919	3860	3750	7841
5	3962	3915	3875	7842
5	3920	3874	3869	7843
5	3982	3911	3934	7844
5	4019	3900	3983	7845
5	3989	3914	3803	7846
5	3922	3823	3851	7847
5	3973	3856	3963	7848
5	4025	3948	3993	7849
5	3950	3912	3857	7850
5	4240	4159	4201	7851
5	3979	3844	3966	7852
5	4094	4017	3998	7853
5	3930	3878	3880	7854
5	4044	3926	3907	7855
5	4051	3959	4042	7856
5	4049	3963	4008	7857
5	4289	4144	4242	7858
5	4045	4026	3928	7859
5	3929	3827	3795	7860
5	3929	3795	3811	7861
5	4009	3964	4007	7862
5	3965	3878	3930	7863
5	4095	3999	4064	7864
5	4150	4063	4066	7865
5	3974	3889	3959	7866
5	4025	3916	3948	7867
5	3933	3801	3755	7868
5	3933	3755	3805	7869
5	3934	3911	3807	7870
5	3934	3807	3836	7871
5	3902	3813	3823	7872
5	3902	3823	3922	7873
5	4258	4173	4192	7874
5	4028	3943	4000	7875
5	3998	3918	3932	7876
5	4031	3937	3942	7877
5	3938	3924	3820	7878
5	3938	3820	3800	7879
5	3939	3806	3745	7880
5	3939	3745	3827	7881
5	4017	3918	3998	7882
5	4017	3942	3918	7883
5	3941	3811	3796	7884
5	3941	3796	3895	7885
5	3942	3937	3832	7886
5	3942	3832	3845	7887
5	3943	3931	3834	7888
5	3943	3834	3849	7889
5	3906	3810	3842	7890
5	3906	3842	3841	7891
5	4122	4035	4050	7892
5	3948	3847	3945	7893
5	3955	3737	3865	7894
5	4097	4013	4002	7895
5	3947	3932	3839	7896
5	3947	3839	3853	7897
5	3959	3889	3870	7898
5	3948	3916	3854	7899
5	3949	3947	3853	7900
5	3949	3853	3804	7901
5	4003	3924	3938	7902
5	4333	4291	4251	7903
5	3963	3856	3877	7904
5	3952	3858	3951	7905
5	4039	3949	3974	7906
5	3989	3952	3914	7907
5	3953	3816	3751	7908
5	3953	3751	3866	7909
5	3958	3869	3864	7910
5	3954	3864	3863	7911
5	4033	3952	3951	7912
5	3955	3850	3737	7913
5	4036	3940	4032	7914
5	4032	3940	3937	7915
5	4037	3921	4019	7916
5	3997	3972	3923	7917
5	4056	3976	4055	7918
5	4054	3971	3915	7919
5	3974	3949	3804	7920
5	4153	4073	4004	7921
5	4098	3984	4072	7922
5	4040	3960	3956	7923
5	4041	3961	3960	7924
5	4041	3960	4040	7925
5	3906	3764	3822	7926
5	3906	3822	3848	7927
5	3973	3959	3870	7928
5	4050	4035	3927	7929
5	3965	3825	3878	7930
5	3964	3907	3879	7931
5	4082	3979	4058	7932
5	4009	3907	3964	7933
5	3980	3880	3896	7934
5	4092	3994	3995	7935
5	3967	3964	3882	7936
5	3967	3882	3884	7937
5	4045	3928	3894	7938
5	3977	3892	3976	7939
5	4046	3967	3969	7940
5	3969	3967	3884	7941
5	4172	4105	4155	7942
5	4016	3915	3962	7943
5	4127	4048	4054	7944
5	3971	3969	3886	7945
5	3973	3870	3856	7946
5	3972	3927	3888	7947
5	4085	3993	4078	7948
5	4008	3914	3952	7949
5	4050	3927	3972	7950
5	4041	4005	3961	7951
5	4048	3969	3971	7952
5	4288	4252	4189	7953
5	4038	3958	3954	7954
5	4129	4054	4016	7955
5	4053	3975	3970	7956
5	4055	3975	4053	7957
5	4055	3976	3975	7958
5	4189	4160	4079	7959
5	3980	3930	3880	7960
5	3991	3896	3925	7961
5	3991	3980	3896	7962
5	4058	3966	4023	7963
5	3981	3934	3897	7964
5	4307	4204	4246	7965
5	4094	4062	4017	7966
5	4087	4075	3983	7967
5	4216	4150	4194	7968
5	4107	4000	4095	7969
5	3984	3938	3909	7970
5	4036	3956	3940	7971
5	3985	3935	3846	7972
5	3985	3846	3905	7973
5	3986	3933	3805	7974
5	4101	3988	4015	7975
5	3987	3981	3897	7976
5	3987	3897	3931	7977
5	4101	4011	3988	7978
5	4015	3805	3901	7979
5	4229	4174	4166	7980
5	4089	4027	4083	7981
5	4096	4001	3990	7982
5	4090	3990	4038	7983
5	4105	4091	4009	7984
5	4076	4014	4069	7985
5	4075	4019	3983	7986
5	3992	3939	3827	7987
5	4039	4024	3949	7988
5	4114	4025	4085	7989
5	4175	4112	4111	7990
5	4067	3933	3986	7991
5	3995	3910	3806	7992
5	3995	3806	3939	7993
5	4092	4071	3994	7994
5	4058	3979	3966	7995
5	4032	3937	4031	7996
5	4031	3942	4017	7997
5	4264	4230	4243	7998
5	4426	4330	4397	7999
5	4118	4045	4104	8000
5	4060	3935	3985	8001
5	4173	4134	4107	8002
5	4503	4402	4401	8003
5	4096	3990	4090	8004
5	4220	4155	4202	8005
5	4102	4013	4097	8006
5	4011	3919	3988	8007
5	4168	4098	4072	8008
5	4244	4218	4231	8009
5	4100	4034	4099	8010
5	4253	4167	4224	8011
5	4005	3984	3909	8012
5	4005	3909	3961	8013
5	4098	4003	3984	8014
5	4099	4034	4003	8015
5	3989	3902	3922	8016
5	4087	3982	4086	8017
5	4042	3959	3973	8018
5	4287	4251	4197	8019
5	4018	3968	3917	8020
5	4057	3977	4056	8021
5	4101	4010	4011	8022
5	4011	3860	3919	8023
5	4097	3861	4011	8024
5	4013	3899	3816	8025
5	4012	3908	3837	8026
5	4012	3837	3904	8027
5	4013	3944	3899	8028
5	4035	3951	3927	8029
5	4014	3925	3843	8030
5	4014	3843	3908	8031
5	4077	4015	3988	8032
5	4015	3986	3805	8033
5	4253	4227	4167	8034
5	4104	3978	4057	8035
5	4019	3921	3900	8036
5	4108	4029	4020	8037
5	4047	3970	3968	8038
5	4054	3915	4016	8039
5	4020	3898	3957	8040
5	4078	3993	4029	8041
5	3989	3922	3859	8042
5	3989	3859	3952	8043
5	4021	3998	3932	8044
5	4021	3932	3947	8045
5	4022	3941	3895	8046
5	4022	3895	3979	8047
5	4140	4119	4120	8048
5	4059	3930	3980	8049
5	4024	4021	3947	8050
5	4024	3947	3949	8051
5	4149	4114	4085	8052
5	4052	3916	4025	8053
5	4026	3985	3905	8054
5	4026	3905	3928	8055
5	4027	4018	3917	8056
5	4027	3917	3965	8057
5	4199	4137	4138	8058
5	4152	4063	4150	8059
5	4391	4294	4291	8060
5	4151	4081	4116	8061
5	4030	3999	3936	8062
5	4030	3936	3935	8063
5	4062	4031	4017	8064
5	4173	4107	4095	8065
5	4125	4113	3997	8066
5	4116	4081	4041	8067
5	4002	3946	3850	8068
5	4102	4097	4011	8069
5	4034	4006	3950	8070
5	4034	3950	3924	8071
5	4002	4013	3953	8072
5	4002	3953	3946	8073
5	4115	4036	4112	8074
5	4112	4032	4111	8075
5	4037	4020	3957	8076
5	4037	3957	3921	8077
5	4153	4004	4065	8078
5	4287	4197	4245	8079
5	4124	4051	4123	8080
5	4109	4021	4093	8081
5	4166	4108	4088	8082
5	4154	4081	4151	8083
5	4116	4041	4040	8084
5	4116	4040	4115	8085
5	4051	3974	3959	8086
5	4051	4039	3974	8087
5	4043	4027	3965	8088
5	4043	3965	3930	8089
5	4132	4023	4117	8090
5	4044	4023	3926	8091
5	4158	4030	4060	8092
5	4056	3977	3976	8093
5	4148	4126	4084	8094
5	4046	4007	3967	8095
5	4118	4079	4026	8096
5	4053	3970	4047	8097
5	4103	4001	4096	8098
5	4048	4046	3969	8099
5	4049	4042	3973	8100
5	4049	3973	3963	8101
5	4080	4008	4033	8102
5	4121	4049	4080	8103
5	4080	4033	4035	8104
5	4052	3923	3916	8105
5	4085	4025	3993	8106
5	4123	4051	4042	8107
5	4156	4057	4131	8108
5	4103	4016	4001	8109
5	4126	4053	4047	8110
5	4054	4048	3971	8111
5	4091	4044	4009	8112
5	4129	4016	4103	8113
5	4201	4068	4146	8114
5	4163	4090	4038	8115
5	4212	4202	4140	8116
5	4209	4131	4136	8117
5	4059	4043	3930	8118
5	4132	4058	4023	8119
5	4074	3980	3991	8120
5	4117	4023	4044	8121
5	4185	4104	4156	8122
5	4298	4241	4256	8123
5	4071	4012	3904	8124
5	4061	3992	3929	8125
5	4545	4493	4475	8126
5	4111	4032	4031	8127
5	4290	4260	4278	8128
5	4107	4028	4000	8129
5	4367	4300	4271	8130
5	4198	4153	4159	8131
5	4240	4198	4159	8132
5	4065	4004	3903	8133
5	4066	4063	3987	8134
5	4066	3987	4028	8135
5	4067	3995	3994	8136
5	4067	3994	3933	8137
5	4068	4065	3912	8138
5	4068	3912	4006	8139
5	4069	3996	3941	8140
5	4074	4059	3980	8141
5	4092	3995	3939	8142
5	4070	4012	4061	8143
5	4070	4014	3908	8144
5	4061	3929	3996	8145
5	4111	4031	4062	8146
5	4115	4040	4036	8147
5	4163	4038	4073	8148
5	4239	4187	4238	8149
5	4074	3991	4082	8150
5	4362	4313	4312	8151
5	4071	3992	4061	8152
5	4071	4061	4012	8153
5	4082	4022	3979	8154
5	4076	4082	3991	8155
5	4077	4067	3986	8156
5	4077	3986	4015	8157
5	4069	3941	4022	8158
5	4076	3925	4014	8159
5	4160	3985	4079	8160
5	4079	3985	4026	8161
5	4080	4049	4008	8162
5	4397	4330	4331	8163
5	4081	4072	4005	8164
5	4081	4005	4041	8165
5	4076	4069	4022	8166
5	4076	4022	4082	8167
5	4083	4027	4043	8168
5	4133	4059	4132	8169
5	4131	4056	4130	8170
5	4084	4047	4018	8171
5	4093	4021	4024	8172
5	4165	4094	4109	8173
5	4087	3983	3982	8174
5	4086	3982	3981	8175
5	4335	4290	4324	8176
5	4143	4062	4141	8177
5	4108	4020	4088	8178
5	4088	4020	4037	8179
5	4089	4084	4018	8180
5	4089	4018	4027	8181
5	4184	4140	4120	8182
5	4168	4072	4154	8183
5	4105	4009	4007	8184
5	4117	4044	4091	8185
5	4177	4115	4112	8186
5	4092	3992	4071	8187
5	4070	4061	3996	8188
5	4070	3996	4069	8189
5	4247	4199	4210	8190
5	4162	4087	4086	8191
5	4107	4066	4028	8192
5	4095	4000	3999	8193
5	4205	4188	4170	8194
5	4184	4120	4127	8195
5	4097	4002	3955	8196
5	4097	3955	3861	8197
5	4177	4112	4175	8198
5	4154	4072	4081	8199
5	4200	4147	4099	8200
5	4296	4147	4200	8201
5	4113	4050	3997	8202
5	4122	4050	4113	8203
5	4101	4015	3901	8204
5	4101	3901	4010	8205
5	4102	4010	3944	8206
5	4102	3944	4013	8207
5	4156	4104	4057	8208
5	4128	4055	4053	8209
5	4130	4055	4128	8210
5	4130	4056	4055	8211
5	4172	4091	4105	8212
5	4145	4084	4089	8213
5	4106	4093	4024	8214
5	4106	4024	4039	8215
5	4258	4203	4173	8216
5	4303	4281	4265	8217
5	4215	4181	4149	8218
5	4108	4078	4029	8219
5	4109	4094	3998	8220
5	4109	3998	4021	8221
5	4110	4088	4037	8222
5	4110	4037	4019	8223
5	4112	4036	4032	8224
5	4200	4099	4169	8225
5	4230	4142	4190	8226
5	4180	4106	4124	8227
5	4121	4042	4049	8228
5	4182	4124	4123	8229
5	4125	4052	4114	8230
5	4114	4052	4025	8231
5	4248	4200	4169	8232
5	4143	4111	4062	8233
5	4248	4169	4226	8234
5	4533	4508	4525	8235
5	4179	4091	4172	8236
5	4133	4132	4117	8237
5	4131	4057	4056	8238
5	4158	4064	4030	8239
5	4119	4105	4007	8240
5	4119	4007	4046	8241
5	4120	4119	4046	8242
5	4120	4046	4048	8243
5	4123	4042	4121	8244
5	4142	4109	4093	8245
5	4122	4121	4080	8246
5	4122	4080	4035	8247
5	4176	4122	4113	8248
5	4124	4106	4039	8249
5	4125	3997	4052	8250
5	4181	4114	4149	8251
5	4180	4161	4106	8252
5	4176	4121	4122	8253
5	4256	4241	4135	8254
5	4128	4053	4126	8255
5	4227	4170	4167	8256
5	4127	4120	4048	8257
5	4332	4258	4289	8258
5	4333	4251	4287	8259
5	4155	4105	4119	8260
5	4129	4127	4054	8261
5	4224	4167	4090	8262
5	4221	4188	4205	8263
5	4074	4082	4058	8264
5	4132	4074	4058	8265
5	4133	4043	4059	8266
5	4132	4059	4074	8267
5	4179	4172	4171	8268
5	4133	4083	4043	8269
5	4288	4189	4241	8270
5	4379	4346	4288	8271
5	4209	4193	4156	8272
5	4155	4119	4140	8273
5	4136	4131	4130	8274
5	4187	4128	4157	8275
5	4137	4110	4075	8276
5	4450	4403	4393	8277
5	4138	4137	4075	8278
5	4138	4075	4087	8279
5	4178	4116	4115	8280
5	4235	4183	4181	8281
5	4212	4140	4184	8282
5	4157	4128	4126	8283
5	4175	4111	4143	8284
5	4232	4175	4191	8285
5	4165	4109	4142	8286
5	4165	4141	4094	8287
5	4207	4164	4206	8288
5	4233	4231	4178	8289
5	4144	4095	4064	8290
5	4399	4332	4289	8291
5	4148	4084	4145	8292
5	4251	4146	4197	8293
5	4146	4068	4006	8294
5	4146	4006	4100	8295
5	4147	4100	4099	8296
5	4169	4098	4168	8297
5	4157	4126	4148	8298
5	4187	4130	4128	8299
5	4266	4207	4206	8300
5	4161	4093	4106	8301
5	4152	4086	4063	8302
5	4162	4086	4152	8303
5	4178	4115	4177	8304
5	4348	4296	4248	8305
5	4278	4222	4216	8306
5	4338	4324	4261	8307
5	4201	4159	4068	8308
5	4170	4103	4096	8309
5	4291	4240	4201	8310
5	4225	4154	4218	8311
5	4228	4145	4171	8312
5	4171	4089	4083	8313
5	4185	4118	4104	8314
5	4185	4135	4118	8315
5	4188	4103	4170	8316
5	4237	4212	4184	8317
5	4208	4148	4196	8318
5	4252	4160	4189	8319
5	4159	4153	4065	8320
5	4159	4065	4068	8321
5	4252	4060	4160	8322
5	4160	4060	3985	8323
5	4174	4078	4108	8324
5	4161	4142	4093	8325
5	4402	4343	4401	8326
5	4222	4152	4216	8327
5	4217	4073	4153	8328
5	4294	4240	4291	8329
5	4164	4149	4085	8330
5	4164	4085	4078	8331
5	4214	4137	4199	8332
5	4166	4088	4139	8333
5	4174	4108	4166	8334
5	4174	4164	4078	8335
5	4167	4096	4090	8336
5	4346	4252	4288	8337
5	4339	4302	4325	8338
5	4233	4177	4232	8339
5	4283	4232	4250	8340
5	4226	4169	4168	8341
5	4238	4187	4157	8342
5	4208	4157	4148	8343
5	4391	4291	4376	8344
5	4171	4145	4089	8345
5	4179	4171	4083	8346
5	4188	4129	4103	8347
5	4418	4392	4354	8348
5	4444	4384	4344	8349
5	4235	4181	4215	8350
5	4207	4149	4164	8351
5	4378	4295	4345	8352
5	4178	4151	4116	8353
5	4182	4180	4124	8354
5	4181	4125	4114	8355
5	4279	4218	4244	8356
5	4340	4297	4316	8357
5	4206	4164	4174	8358
5	4281	4229	4265	8359
5	4188	4186	4129	8360
5	4179	4117	4091	8361
5	4182	4123	4176	8362
5	4176	4123	4121	8363
5	4183	4125	4181	8364
5	4183	4113	4125	8365
5	4183	4176	4113	8366
5	4215	4149	4207	8367
5	4234	4180	4182	8368
5	4236	4234	4182	8369
5	4202	4155	4140	8370
5	4196	4148	4145	8371
5	4307	4242	4204	8372
5	4256	4185	4193	8373
5	4186	4184	4127	8374
5	4186	4127	4129	8375
5	4237	4186	4221	8376
5	4187	4136	4130	8377
5	4179	4083	4133	8378
5	4179	4133	4117	8379
5	4372	4256	4300	8380
5	4242	4144	4204	8381
5	4222	4162	4152	8382
5	4350	4314	4323	8383
5	4191	4175	4143	8384
5	4213	4143	4141	8385
5	4192	4173	4095	8386
5	4192	4095	4144	8387
5	4193	4185	4156	8388
5	4379	4377	4346	8389
5	4194	4150	4134	8390
5	4399	4336	4383	8391
5	4195	4190	4161	8392
5	4195	4161	4180	8393
5	4407	4349	4305	8394
5	4209	4156	4131	8395
5	4197	4146	4100	8396
5	4197	4100	4147	8397
5	4217	4163	4073	8398
5	4217	4153	4198	8399
5	4282	4244	4231	8400
5	4437	4394	4405	8401
5	4225	4168	4154	8402
5	4226	4168	4225	8403
5	4375	4287	4330	8404
5	4291	4201	4251	8405
5	4228	4196	4145	8406
5	4219	4171	4172	8407
5	4262	4134	4203	8408
5	4203	4134	4173	8409
5	4204	4144	4064	8410
5	4204	4064	4158	8411
5	4380	4319	4349	8412
5	4263	4217	4259	8413
5	4283	4282	4233	8414
5	4265	4229	4211	8415
5	4255	4213	4223	8416
5	4371	4326	4309	8417
5	4270	4205	4249	8418
5	4299	4284	4268	8419
5	4321	4270	4319	8420
5	4410	4298	4372	8421
5	4210	4199	4138	8422
5	4210	4138	4162	8423
5	4229	4166	4211	8424
5	4211	4166	4139	8425
5	4284	4237	4268	8426
5	4269	4238	4208	8427
5	4243	4230	4190	8428
5	4213	4191	4143	8429
5	4214	4211	4139	8430
5	4214	4139	4137	8431
5	4278	4216	4261	8432
5	4276	4195	4234	8433
5	4222	4210	4162	8434
5	4216	4152	4150	8435
5	4227	4205	4170	8436
5	4224	4090	4163	8437
5	4218	4154	4151	8438
5	4232	4177	4175	8439
5	4277	4196	4228	8440
5	4228	4171	4219	8441
5	4220	4219	4172	8442
5	4220	4172	4155	8443
5	4237	4184	4186	8444
5	4221	4186	4188	8445
5	4309	4250	4293	8446
5	4274	4191	4213	8447
5	4223	4213	4141	8448
5	4223	4141	4165	8449
5	4457	4434	4386	8450
5	4395	4390	4368	8451
5	4548	4457	4530	8452
5	4301	4244	4282	8453
5	4279	4225	4218	8454
5	4280	4225	4279	8455
5	4268	4237	4221	8456
5	4249	4205	4227	8457
5	4420	4331	4381	8458
5	4555	4515	4513	8459
5	4275	4215	4207	8460
5	4229	4206	4174	8461
5	4230	4223	4165	8462
5	4230	4165	4142	8463
5	4231	4218	4151	8464
5	4231	4151	4178	8465
5	4233	4178	4177	8466
5	4325	4244	4301	8467
5	4322	4274	4255	8468
5	4282	4231	4233	8469
5	4267	4190	4195	8470
5	4234	4195	4180	8471
5	4236	4182	4176	8472
5	4236	4176	4183	8473
5	4236	4183	4235	8474
5	4236	4235	4234	8475
5	4238	4157	4208	8476
5	4304	4269	4272	8477
5	4312	4263	4259	8478
5	4328	4286	4239	8479
5	4286	4136	4239	8480
5	4239	4136	4187	8481
5	4251	4201	4146	8482
5	4436	4413	4389	8483
5	4256	4135	4185	8484
5	4496	4459	4442	8485
5	4382	4354	4361	8486
5	4441	4377	4428	8487
5	4257	4199	4247	8488
5	4326	4282	4283	8489
5	4359	4325	4301	8490
5	4250	4232	4191	8491
5	4296	4200	4248	8492
5	4280	4226	4225	8493
5	4383	4336	4337	8494
5	4246	4204	4158	8495
5	4324	4278	4261	8496
5	4343	4203	4258	8497
5	4375	4333	4287	8498
5	4338	4261	4311	8499
5	4308	4284	4299	8500
5	4300	4256	4193	8501
5	4369	4322	4315	8502
5	4306	4260	4290	8503
5	4348	4248	4295	8504
5	4330	4287	4245	8505
5	4310	4060	4252	8506
5	4310	4158	4060	8507
5	4320	4269	4304	8508
5	4407	4305	4363	8509
5	4275	4207	4266	8510
5	4265	4211	4254	8511
5	4274	4213	4255	8512
5	4274	4250	4191	8513
5	4271	4193	4209	8514
5	4300	4193	4271	8515
5	4257	4254	4214	8516
5	4257	4214	4199	8517
5	4324	4290	4278	8518
5	4422	4374	4402	8519
5	4263	4163	4217	8520
5	4263	4224	4163	8521
5	4260	4247	4210	8522
5	4260	4210	4222	8523
5	4278	4260	4222	8524
5	4261	4216	4194	8525
5	4364	4314	4350	8526
5	4262	4194	4134	8527
5	4423	4362	4384	8528
5	4313	4263	4312	8529
5	4264	4255	4223	8530
5	4264	4223	4230	8531
5	4322	4293	4274	8532
5	4345	4280	4302	8533
5	4316	4266	4281	8534
5	4327	4275	4297	8535
5	4297	4275	4266	8536
5	4267	4243	4190	8537
5	4285	4238	4269	8538
5	4273	4202	4212	8539
5	4376	4291	4333	8540
5	4321	4268	4270	8541
5	4270	4268	4221	8542
5	4270	4221	4205	8543
5	4411	4300	4367	8544
5	4328	4239	4285	8545
5	4272	4269	4208	8546
5	4272	4208	4196	8547
5	4277	4228	4219	8548
5	4277	4220	4202	8549
5	4403	4351	4355	8550
5	4293	4250	4274	8551
5	4276	4234	4235	8552
5	4283	4233	4232	8553
5	4276	4235	4215	8554
5	4276	4215	4275	8555
5	4277	4272	4196	8556
5	4277	4219	4220	8557
5	4386	4339	4359	8558
5	4292	4257	4247	8559
5	4434	4387	4339	8560
5	4387	4345	4302	8561
5	4277	4202	4273	8562
5	4388	4360	4308	8563
5	4281	4266	4206	8564
5	4281	4206	4229	8565
5	4315	4255	4264	8566
5	4424	4412	4421	8567
5	4327	4276	4275	8568
5	4276	4267	4195	8569
5	4284	4273	4212	8570
5	4284	4212	4237	8571
5	4286	4271	4209	8572
5	4285	4239	4238	8573
5	4372	4298	4256	8574
5	4438	4334	4380	8575
5	4444	4344	4391	8576
5	4423	4406	4362	8577
5	4346	4310	4252	8578
5	4392	4337	4307	8579
5	4289	4258	4192	8580
5	4289	4192	4144	8581
5	4341	4290	4335	8582
5	4347	4203	4343	8583
5	4345	4295	4280	8584
5	4381	4331	4296	8585
5	4425	4374	4422	8586
5	4605	4581	4601	8587
5	4370	4293	4322	8588
5	4326	4283	4309	8589
5	4294	4259	4198	8590
5	4294	4198	4240	8591
5	4295	4248	4226	8592
5	4295	4226	4280	8593
5	4391	4344	4294	8594
5	4473	4426	4397	8595
5	4316	4281	4303	8596
5	4323	4257	4292	8597
5	4435	4410	4372	8598
5	4501	4443	4456	8599
5	4308	4273	4284	8600
5	4353	4320	4304	8601
5	4319	4270	4249	8602
5	4329	4271	4286	8603
5	4309	4283	4250	8604
5	4427	4386	4394	8605
5	4302	4280	4279	8606
5	4554	4513	4511	8607
5	4529	4522	4524	8608
5	4327	4267	4276	8609
5	4320	4285	4269	8610
5	4379	4288	4342	8611
5	4305	4249	4227	8612
5	4305	4227	4253	8613
5	4306	4292	4247	8614
5	4306	4247	4260	8615
5	4440	4342	4410	8616
5	4432	4332	4399	8617
5	4360	4304	4272	8618
5	4360	4273	4308	8619
5	4326	4301	4282	8620
5	4359	4301	4356	8621
5	4361	4310	4346	8622
5	4310	4246	4158	8623
5	4311	4261	4194	8624
5	4311	4194	4262	8625
5	4313	4253	4224	8626
5	4313	4224	4263	8627
5	4349	4319	4249	8628
5	4363	4313	4362	8629
5	4314	4303	4265	8630
5	4314	4265	4254	8631
5	4624	4582	4570	8632
5	4322	4255	4315	8633
5	4352	4315	4317	8634
5	4316	4297	4266	8635
5	4317	4315	4264	8636
5	4317	4264	4243	8637
5	4318	4317	4243	8638
5	4318	4243	4267	8639
5	4404	4320	4353	8640
5	4334	4321	4319	8641
5	4390	4353	4357	8642
5	4404	4353	4390	8643
5	4357	4308	4299	8644
5	4321	4299	4268	8645
5	4364	4303	4314	8646
5	4370	4358	4293	8647
5	4323	4314	4254	8648
5	4323	4254	4257	8649
5	4429	4335	4398	8650
5	4393	4355	4341	8651
5	4325	4302	4279	8652
5	4325	4279	4244	8653
5	4341	4306	4290	8654
5	4355	4306	4341	8655
5	4327	4297	4318	8656
5	4327	4318	4267	8657
5	4390	4357	4368	8658
5	4329	4286	4328	8659
5	4349	4249	4305	8660
5	4380	4334	4319	8661
5	4430	4348	4378	8662
5	4535	4501	4456	8663
5	4331	4330	4245	8664
5	4331	4245	4296	8665
5	4343	4258	4332	8666
5	4402	4347	4343	8667
5	4443	4391	4376	8668
5	4381	4296	4348	8669
5	4366	4285	4320	8670
5	4368	4321	4334	8671
5	4425	4338	4374	8672
5	4464	4392	4418	8673
5	4399	4289	4336	8674
5	4336	4289	4242	8675
5	4337	4336	4242	8676
5	4337	4242	4307	8677
5	4347	4262	4203	8678
5	4598	4560	4559	8679
5	4371	4309	4358	8680
5	4400	4341	4335	8681
5	4365	4316	4303	8682
5	4340	4318	4297	8683
5	4476	4433	4400	8684
5	4522	4461	4486	8685
5	4342	4288	4241	8686
5	4342	4241	4298	8687
5	4347	4311	4262	8688
5	4572	4536	4500	8689
5	4344	4312	4259	8690
5	4344	4259	4294	8691
5	4626	4537	4576	8692
5	4378	4348	4295	8693
5	4354	4307	4246	8694
5	4646	4566	4621	8695
5	4433	4393	4400	8696
5	4471	4401	4432	8697
5	4434	4339	4386	8698
5	4511	4460	4497	8699
5	4406	4363	4362	8700
5	4448	4390	4395	8701
5	4358	4309	4293	8702
5	4356	4301	4326	8703
5	4351	4350	4323	8704
5	4351	4323	4292	8705
5	4539	4495	4472	8706
5	4369	4315	4352	8707
5	4404	4396	4366	8708
5	4366	4328	4285	8709
5	4382	4361	4377	8710
5	4418	4354	4382	8711
5	4355	4351	4292	8712
5	4355	4292	4306	8713
5	4359	4339	4325	8714
5	4387	4302	4339	8715
5	4388	4304	4360	8716
5	4388	4308	4357	8717
5	4371	4356	4326	8718
5	4465	4430	4460	8719
5	4340	4352	4317	8720
5	4340	4317	4318	8721
5	4360	4272	4277	8722
5	4360	4277	4273	8723
5	4361	4354	4246	8724
5	4361	4246	4310	8725
5	4363	4305	4253	8726
5	4363	4253	4313	8727
5	4438	4395	4334	8728
5	4407	4363	4406	8729
5	4365	4340	4316	8730
5	4365	4303	4364	8731
5	4389	4369	4352	8732
5	4409	4340	4365	8733
5	4367	4271	4329	8734
5	4373	4328	4366	8735
5	4464	4442	4392	8736
5	4439	4411	4367	8737
5	4368	4357	4299	8738
5	4368	4299	4321	8739
5	4408	4365	4364	8740
5	4370	4322	4369	8741
5	4424	4408	4412	8742
5	4414	4351	4403	8743
5	4569	4563	4523	8744
5	4445	4421	4414	8745
5	4462	4411	4439	8746
5	4446	4373	4396	8747
5	4462	4435	4372	8748
5	4373	4329	4328	8749
5	4374	4338	4311	8750
5	4374	4311	4347	8751
5	4426	4375	4330	8752
5	4444	4391	4443	8753
5	4535	4431	4463	8754
5	4513	4467	4465	8755
5	4567	4493	4545	8756
5	4377	4361	4346	8757
5	4613	4577	4547	8758
5	4556	4498	4550	8759
5	4428	4377	4379	8760
5	4479	4428	4440	8761
5	4469	4439	4416	8762
5	4525	4489	4488	8763
5	4467	4420	4465	8764
5	4463	4431	4375	8765
5	4410	4342	4298	8766
5	4440	4428	4379	8767
5	4392	4307	4354	8768
5	4657	4603	4655	8769
5	4384	4362	4312	8770
5	4384	4312	4344	8771
5	4415	4358	4385	8772
5	4385	4358	4370	8773
5	4483	4450	4433	8774
5	4405	4394	4356	8775
5	4420	4397	4331	8776
5	4473	4397	4467	8777
5	4388	4357	4353	8778
5	4388	4353	4304	8779
5	4413	4369	4389	8780
5	4413	4370	4369	8781
5	4396	4373	4366	8782
5	4395	4368	4334	8783
5	4451	4407	4406	8784
5	4508	4484	4438	8785
5	4442	4337	4392	8786
5	4441	4382	4377	8787
5	4403	4355	4393	8788
5	4445	4414	4403	8789
5	4394	4386	4359	8790
5	4394	4359	4356	8791
5	4526	4484	4508	8792
5	4404	4366	4320	8793
5	4515	4467	4513	8794
5	4574	4547	4501	8795
5	4465	4420	4430	8796
5	4588	4494	4548	8797
5	4398	4335	4324	8798
5	4398	4324	4338	8799
5	4401	4343	4332	8800
5	4402	4374	4347	8801
5	4603	4539	4571	8802
5	4425	4398	4338	8803
5	4666	4610	4598	8804
5	4506	4475	4441	8805
5	4540	4509	4458	8806
5	4429	4400	4335	8807
5	4450	4393	4433	8808
5	4405	4356	4371	8809
5	4485	4448	4484	8810
5	4449	4396	4404	8811
5	4627	4568	4529	8812
5	4490	4470	4453	8813
5	4463	4375	4426	8814
5	4557	4480	4519	8815
5	4481	4444	4443	8816
5	4452	4407	4451	8817
5	4409	4352	4340	8818
5	4409	4365	4408	8819
5	4409	4408	4389	8820
5	4409	4389	4352	8821
5	4416	4367	4329	8822
5	4411	4372	4300	8823
5	4462	4372	4411	8824
5	4416	4329	4373	8825
5	4412	4408	4364	8826
5	4412	4364	4350	8827
5	4421	4412	4414	8828
5	4413	4385	4370	8829
5	4414	4412	4350	8830
5	4414	4350	4351	8831
5	4415	4405	4371	8832
5	4415	4371	4358	8833
5	4498	4439	4469	8834
5	4440	4379	4342	8835
5	4417	4378	4345	8836
5	4417	4345	4387	8837
5	4442	4383	4337	8838
5	4566	4538	4543	8839
5	4447	4415	4419	8840
5	4419	4415	4385	8841
5	4537	4502	4473	8842
5	4515	4473	4467	8843
5	4585	4529	4565	8844
5	4424	4389	4408	8845
5	4504	4472	4422	8846
5	4503	4401	4471	8847
5	4542	4525	4488	8848
5	4501	4481	4443	8849
5	4453	4419	4385	8850
5	4436	4389	4424	8851
5	4476	4400	4429	8852
5	4450	4445	4403	8853
5	4467	4397	4420	8854
5	4502	4426	4473	8855
5	4583	4530	4582	8856
5	4492	4474	4437	8857
5	4531	4496	4464	8858
5	4597	4559	4558	8859
5	4539	4472	4504	8860
5	4571	4539	4504	8861
5	4430	4420	4381	8862
5	4430	4381	4348	8863
5	4431	4376	4333	8864
5	4431	4333	4375	8865
5	4528	4504	4503	8866
5	4699	4697	4658	8867
5	4604	4539	4603	8868
5	4505	4491	4487	8869
5	4570	4544	4492	8870
5	4457	4386	4427	8871
5	4478	4440	4410	8872
5	4478	4410	4435	8873
5	4477	4424	4421	8874
5	4453	4413	4436	8875
5	4474	4394	4437	8876
5	4474	4427	4394	8877
5	4446	4416	4373	8878
5	4439	4367	4416	8879
5	4448	4404	4390	8880
5	4571	4504	4528	8881
5	4479	4440	4478	8882
5	4506	4441	4480	8883
5	4517	4478	4435	8884
5	4480	4428	4479	8885
5	4475	4382	4441	8886
5	4496	4442	4464	8887
5	4466	4406	4423	8888
5	4537	4473	4515	8889
5	4466	4451	4406	8890
5	4482	4444	4481	8891
5	4492	4437	4461	8892
5	4453	4385	4413	8893
5	4542	4488	4512	8894
5	4589	4514	4549	8895
5	4447	4437	4405	8896
5	4447	4405	4415	8897
5	4508	4438	4489	8898
5	4449	4404	4448	8899
5	4556	4516	4498	8900
5	4469	4416	4446	8901
5	4540	4458	4495	8902
5	4477	4436	4424	8903
5	4452	4380	4349	8904
5	4452	4349	4407	8905
5	4484	4448	4395	8906
5	4489	4438	4380	8907
5	4470	4419	4453	8908
5	4491	4421	4445	8909
5	4454	4432	4399	8910
5	4454	4399	4383	8911
5	4455	4417	4387	8912
5	4455	4387	4434	8913
5	4456	4443	4376	8914
5	4456	4376	4431	8915
5	4582	4530	4544	8916
5	4583	4548	4530	8917
5	4458	4429	4398	8918
5	4458	4398	4425	8919
5	4459	4454	4383	8920
5	4459	4383	4442	8921
5	4460	4430	4378	8922
5	4460	4378	4417	8923
5	4461	4437	4447	8924
5	4487	4445	4450	8925
5	4510	4468	4507	8926
5	4484	4395	4438	8927
5	4649	4622	4579	8928
5	4535	4456	4431	8929
5	4519	4480	4479	8930
5	4475	4418	4382	8931
5	4584	4532	4502	8932
5	4541	4497	4455	8933
5	4600	4542	4512	8934
5	4580	4578	4564	8935
5	4511	4465	4460	8936
5	4513	4465	4511	8937
5	4468	4446	4396	8938
5	4468	4396	4449	8939
5	4525	4508	4489	8940
5	4488	4452	4451	8941
5	4486	4419	4470	8942
5	4486	4447	4419	8943
5	4528	4503	4471	8944
5	4504	4422	4503	8945
5	4472	4458	4425	8946
5	4472	4425	4422	8947
5	4553	4511	4497	8948
5	4502	4463	4426	8949
5	4544	4474	4492	8950
5	4509	4476	4429	8951
5	4480	4441	4428	8952
5	4545	4475	4506	8953
5	4546	4492	4461	8954
5	4487	4450	4483	8955
5	4490	4436	4477	8956
5	4490	4453	4436	8957
5	4507	4468	4485	8958
5	4498	4462	4439	8959
5	4510	4469	4446	8960
5	4519	4479	4518	8961
5	4516	4435	4462	8962
5	4518	4479	4478	8963
5	4482	4423	4384	8964
5	4482	4384	4444	8965
5	4674	4659	4616	8966
5	4521	4482	4520	8967
5	4569	4523	4536	8968
5	4551	4500	4476	8969
5	4485	4449	4448	8970
5	4485	4468	4449	8971
5	4517	4435	4516	8972
5	4677	4673	4636	8973
5	4546	4461	4522	8974
5	4486	4461	4447	8975
5	4527	4490	4477	8976
5	4523	4487	4483	8977
5	4489	4452	4488	8978
5	4489	4380	4452	8979
5	4611	4561	4577	8980
5	4526	4485	4484	8981
5	4527	4477	4491	8982
5	4491	4445	4487	8983
5	4527	4470	4490	8984
5	4491	4477	4421	8985
5	4652	4609	4588	8986
5	4582	4544	4570	8987
5	4493	4464	4418	8988
5	4493	4418	4475	8989
5	4494	4455	4434	8990
5	4494	4434	4457	8991
5	4509	4429	4458	8992
5	4495	4458	4472	8993
5	4531	4464	4493	8994
5	4558	4517	4516	8995
5	4497	4460	4417	8996
5	4497	4417	4455	8997
5	4518	4478	4517	8998
5	4516	4462	4498	8999
5	4499	4471	4432	9000
5	4499	4432	4454	9001
5	4500	4483	4433	9002
5	4500	4433	4476	9003
5	4520	4482	4481	9004
5	4547	4520	4481	9005
5	4535	4463	4532	9006
5	4532	4463	4502	9007
5	4607	4495	4604	9008
5	4503	4422	4402	9009
5	4549	4459	4496	9010
5	4655	4605	4639	9011
5	4565	4505	4563	9012
5	4527	4491	4505	9013
5	4606	4531	4567	9014
5	4590	4557	4519	9015
5	4510	4446	4468	9016
5	4550	4498	4469	9017
5	4534	4508	4533	9018
5	4561	4521	4520	9019
5	4536	4483	4500	9020
5	4607	4586	4540	9021
5	4558	4516	4556	9022
5	4564	4526	4534	9023
5	4609	4608	4587	9024
5	4541	4455	4494	9025
5	4512	4488	4451	9026
5	4512	4451	4466	9027
5	4592	4555	4554	9028
5	4619	4588	4548	9029
5	4514	4499	4454	9030
5	4514	4454	4459	9031
5	4555	4513	4554	9032
5	4576	4515	4555	9033
5	4674	4616	4644	9034
5	4560	4519	4518	9035
5	4578	4552	4564	9036
5	4559	4517	4558	9037
5	4632	4595	4620	9038
5	4620	4595	4557	9039
5	4634	4597	4596	9040
5	4559	4518	4517	9041
5	4521	4466	4423	9042
5	4521	4423	4482	9043
5	4909	4870	4819	9044
5	4562	4521	4561	9045
5	4563	4505	4523	9046
5	4694	4660	4614	9047
5	4570	4492	4546	9048
5	4523	4505	4487	9049
5	4524	4522	4486	9050
5	4524	4486	4470	9051
5	4598	4559	4597	9052
5	4648	4577	4613	9053
5	4534	4526	4508	9054
5	4526	4507	4485	9055
5	4568	4546	4522	9056
5	4527	4524	4470	9057
5	4617	4536	4572	9058
5	4754	4739	4744	9059
5	4565	4529	4524	9060
5	4536	4523	4483	9061
5	4777	4719	4774	9062
5	4530	4457	4427	9063
5	4567	4531	4493	9064
5	4589	4543	4514	9065
5	4648	4611	4577	9066
5	4626	4584	4537	9067
5	4613	4547	4574	9068
5	4576	4537	4515	9069
5	4560	4518	4559	9070
5	4550	4469	4510	9071
5	4579	4533	4525	9072
5	4547	4481	4501	9073
5	4658	4607	4604	9074
5	4664	4624	4641	9075
5	4584	4502	4537	9076
5	4711	4675	4685	9077
5	4538	4528	4471	9078
5	4538	4471	4499	9079
5	4647	4614	4586	9080
5	4586	4509	4540	9081
5	4586	4551	4509	9082
5	4551	4476	4509	9083
5	4554	4511	4553	9084
5	4609	4587	4541	9085
5	4611	4599	4561	9086
5	4649	4579	4637	9087
5	4543	4538	4499	9088
5	4543	4499	4514	9089
5	4544	4530	4427	9090
5	4544	4427	4474	9091
5	4712	4646	4693	9092
5	4606	4575	4531	9093
5	4607	4540	4495	9094
5	4615	4563	4569	9095
5	4574	4501	4535	9096
5	4880	4848	4845	9097
5	4588	4541	4494	9098
5	4548	4494	4457	9099
5	4621	4566	4543	9100
5	4549	4514	4459	9101
5	4596	4556	4594	9102
5	4590	4519	4560	9103
5	4572	4500	4551	9104
5	4678	4650	4615	9105
5	4552	4550	4510	9106
5	4552	4510	4507	9107
5	4777	4753	4719	9108
5	4592	4554	4591	9109
5	4619	4548	4583	9110
5	4591	4554	4553	9111
5	4651	4576	4618	9112
5	4745	4726	4741	9113
5	4593	4552	4578	9114
5	4632	4545	4595	9115
5	4620	4557	4590	9116
5	4557	4506	4480	9117
5	4579	4525	4542	9118
5	4595	4506	4557	9119
5	4593	4550	4552	9120
5	4594	4556	4550	9121
5	4666	4598	4635	9122
5	4596	4558	4556	9123
5	4562	4512	4466	9124
5	4562	4466	4521	9125
5	4902	4828	4866	9126
5	4677	4636	4640	9127
5	4568	4522	4529	9128
5	4585	4565	4563	9129
5	4564	4552	4507	9130
5	4564	4507	4526	9131
5	4565	4524	4527	9132
5	4565	4527	4505	9133
5	4621	4543	4589	9134
5	4716	4686	4667	9135
5	4681	4645	4610	9136
5	4712	4676	4646	9137
5	4609	4541	4588	9138
5	4625	4582	4624	9139
5	4779	4720	4746	9140
5	4641	4624	4602	9141
5	4624	4570	4602	9142
5	4617	4569	4536	9143
5	4581	4538	4566	9144
5	4604	4495	4539	9145
5	4650	4627	4585	9146
5	4655	4603	4605	9147
5	4574	4535	4573	9148
5	4573	4535	4532	9149
5	4599	4562	4561	9150
5	4763	4734	4689	9151
5	4575	4549	4496	9152
5	4575	4496	4531	9153
5	4638	4612	4584	9154
5	4665	4591	4608	9155
5	4577	4561	4520	9156
5	4577	4520	4547	9157
5	4580	4564	4534	9158
5	4622	4533	4579	9159
5	4630	4578	4623	9160
5	4580	4534	4533	9161
5	4690	4611	4648	9162
5	4622	4580	4533	9163
5	4581	4571	4528	9164
5	4581	4528	4538	9165
5	4732	4663	4703	9166
5	4678	4615	4643	9167
5	4703	4625	4664	9168
5	4701	4641	4661	9169
5	4638	4584	4626	9170
5	4747	4679	4713	9171
5	4615	4585	4563	9172
5	4627	4529	4585	9173
5	4667	4567	4632	9174
5	4693	4646	4621	9175
5	4587	4553	4497	9176
5	4587	4497	4541	9177
5	4713	4679	4654	9178
5	4653	4608	4609	9179
5	4715	4693	4642	9180
5	4776	4742	4709	9181
5	4736	4645	4681	9182
5	4707	4666	4635	9183
5	4704	4653	4696	9184
5	4766	4695	4727	9185
5	4848	4810	4845	9186
5	4713	4654	4675	9187
5	4597	4558	4596	9188
5	4594	4550	4593	9189
5	4662	4580	4622	9190
5	4623	4578	4580	9191
5	4667	4606	4567	9192
5	4595	4545	4506	9193
5	4630	4593	4578	9194
5	4631	4593	4630	9195
5	4709	4672	4671	9196
5	4635	4598	4597	9197
5	4631	4594	4593	9198
5	4633	4596	4594	9199
5	4600	4562	4599	9200
5	4600	4512	4562	9201
5	4633	4594	4631	9202
5	4637	4579	4542	9203
5	4601	4581	4566	9204
5	4676	4601	4646	9205
5	4602	4570	4546	9206
5	4602	4546	4568	9207
5	4698	4655	4682	9208
5	4768	4678	4725	9209
5	4657	4604	4603	9210
5	4650	4585	4615	9211
5	4605	4603	4571	9212
5	4605	4571	4581	9213
5	4628	4549	4575	9214
5	4716	4667	4680	9215
5	4647	4586	4607	9216
5	4646	4601	4566	9217
5	4608	4591	4553	9218
5	4608	4553	4587	9219
5	4717	4650	4678	9220
5	4625	4583	4582	9221
5	4610	4590	4560	9222
5	4610	4560	4598	9223
5	4735	4690	4695	9224
5	4636	4600	4599	9225
5	4612	4573	4532	9226
5	4612	4532	4584	9227
5	4640	4636	4599	9228
5	4719	4644	4683	9229
5	4614	4572	4551	9230
5	4614	4551	4586	9231
5	4660	4617	4572	9232
5	4661	4568	4627	9233
5	4616	4613	4574	9234
5	4616	4574	4573	9235
5	4725	4678	4643	9236
5	4643	4569	4617	9237
5	4618	4576	4555	9238
5	4618	4555	4592	9239
5	4652	4588	4619	9240
5	4683	4644	4612	9241
5	4671	4634	4633	9242
5	4749	4681	4729	9243
5	4676	4639	4601	9244
5	4628	4589	4549	9245
5	4932	4873	4888	9246
5	4742	4672	4709	9247
5	4640	4599	4611	9248
5	4687	4662	4622	9249
5	4775	4724	4740	9250
5	4797	4758	4732	9251
5	4720	4703	4664	9252
5	4643	4615	4569	9253
5	4689	4626	4651	9254
5	4763	4689	4651	9255
5	4663	4583	4625	9256
5	4661	4641	4602	9257
5	4714	4656	4686	9258
5	4680	4632	4620	9259
5	4629	4592	4591	9260
5	4665	4629	4591	9261
5	4803	4728	4761	9262
5	4634	4596	4633	9263
5	4669	4633	4631	9264
5	4635	4597	4634	9265
5	4681	4610	4666	9266
5	4632	4567	4545	9267
5	4672	4634	4671	9268
5	4687	4622	4649	9269
5	4668	4631	4630	9270
5	4730	4670	4692	9271
5	4709	4671	4708	9272
5	4672	4635	4634	9273
5	4637	4600	4636	9274
5	4637	4542	4600	9275
5	4662	4623	4580	9276
5	4680	4667	4632	9277
5	4651	4626	4576	9278
5	4755	4675	4711	9279
5	4639	4605	4601	9280
5	4849	4781	4823	9281
5	4752	4718	4735	9282
5	4814	4777	4774	9283
5	4764	4748	4737	9284
5	4660	4572	4614	9285
5	4642	4621	4589	9286
5	4642	4589	4628	9287
5	4739	4698	4710	9288
5	4684	4617	4660	9289
5	4644	4616	4573	9290
5	4644	4573	4612	9291
5	4645	4620	4590	9292
5	4645	4590	4610	9293
5	4693	4621	4642	9294
5	4849	4829	4781	9295
5	4699	4657	4698	9296
5	4684	4643	4617	9297
5	4722	4662	4687	9298
5	4690	4640	4611	9299
5	4708	4669	4705	9300
5	4723	4649	4673	9301
5	4724	4688	4701	9302
5	4661	4602	4568	9303
5	4794	4713	4755	9304
5	4683	4612	4638	9305
5	4665	4608	4653	9306
5	4653	4609	4652	9307
5	4704	4665	4653	9308
5	4704	4685	4665	9309
5	4654	4618	4592	9310
5	4654	4592	4629	9311
5	4698	4657	4655	9312
5	4658	4604	4657	9313
5	4656	4628	4575	9314
5	4656	4575	4606	9315
5	4748	4721	4737	9316
5	4658	4647	4607	9317
5	4799	4784	4748	9318
5	4829	4756	4781	9319
5	4659	4648	4613	9320
5	4659	4613	4616	9321
5	4757	4684	4721	9322
5	4821	4790	4750	9323
5	4700	4627	4650	9324
5	4700	4661	4627	9325
5	4669	4631	4668	9326
5	4671	4633	4669	9327
5	4702	4619	4663	9328
5	4663	4619	4583	9329
5	4801	4741	4773	9330
5	4664	4625	4624	9331
5	4778	4651	4679	9332
5	4877	4779	4817	9333
5	4729	4666	4707	9334
5	4759	4715	4691	9335
5	4715	4642	4691	9336
5	4714	4691	4656	9337
5	4735	4718	4690	9338
5	4820	4783	4776	9339
5	4761	4718	4752	9340
5	4707	4635	4672	9341
5	4670	4668	4630	9342
5	4670	4630	4623	9343
5	4762	4729	4707	9344
5	4692	4623	4662	9345
5	4731	4708	4705	9346
5	4762	4707	4742	9347
5	4673	4649	4637	9348
5	4673	4637	4636	9349
5	4774	4683	4734	9350
5	4878	4803	4841	9351
5	4675	4654	4629	9352
5	4703	4663	4625	9353
5	4838	4805	4816	9354
5	4836	4795	4744	9355
5	4921	4858	4881	9356
5	4803	4761	4780	9357
5	4732	4702	4663	9358
5	4771	4726	4745	9359
5	4679	4651	4618	9360
5	4679	4618	4654	9361
5	5001	4966	4941	9362
5	4680	4620	4645	9363
5	4765	4686	4716	9364
5	4708	4671	4669	9365
5	4682	4655	4639	9366
5	4733	4682	4639	9367
5	4842	4747	4819	9368
5	4719	4674	4644	9369
5	5058	5001	5021	9370
5	4694	4614	4647	9371
5	4685	4675	4629	9372
5	4685	4629	4665	9373
5	4686	4656	4606	9374
5	4686	4606	4667	9375
5	4692	4670	4623	9376
5	4705	4669	4668	9377
5	4688	4664	4641	9378
5	4757	4721	4748	9379
5	4734	4638	4689	9380
5	4689	4638	4626	9381
5	4766	4735	4695	9382
5	4807	4788	4769	9383
5	4691	4642	4628	9384
5	4691	4628	4656	9385
5	4765	4714	4686	9386
5	4772	4716	4680	9387
5	4733	4639	4676	9388
5	4836	4744	4785	9389
5	4751	4732	4703	9390
5	5133	5060	5082	9391
5	4695	4690	4648	9392
5	4695	4648	4659	9393
5	4696	4653	4652	9394
5	4779	4751	4720	9395
5	4697	4694	4647	9396
5	4697	4647	4658	9397
5	4699	4658	4657	9398
5	4965	4937	4909	9399
5	4790	4733	4750	9400
5	4764	4738	4754	9401
5	4701	4661	4700	9402
5	4701	4688	4641	9403
5	4916	4911	4913	9404
5	4905	4817	4857	9405
5	4702	4696	4652	9406
5	4702	4652	4619	9407
5	4720	4664	4688	9408
5	4809	4746	4724	9409
5	5095	232	5043	9410
5	4981	4951	4975	9411
5	4761	4677	4718	9412
5	4731	4705	4706	9413
5	4706	4705	4668	9414
5	4706	4668	4670	9415
5	4742	4707	4672	9416
5	4729	4681	4666	9417
5	4851	4835	4834	9418
5	4854	4783	4820	9419
5	4807	4767	4788	9420
5	4789	4769	4788	9421
5	4710	4698	4682	9422
5	4770	4682	4733	9423
5	4822	4794	4755	9424
5	5012	4946	4988	9425
5	4885	4816	4865	9426
5	4947	4888	4934	9427
5	4855	4822	4787	9428
5	4794	4747	4713	9429
5	4772	4680	4736	9430
5	4886	4849	4823	9431
5	4756	4712	4693	9432
5	4770	4710	4682	9433
5	4826	4796	4765	9434
5	4749	4736	4681	9435
5	4740	4724	4701	9436
5	4717	4700	4650	9437
5	4718	4677	4640	9438
5	4718	4640	4690	9439
5	4856	4841	4780	9440
5	4864	4791	4824	9441
5	4901	4813	4837	9442
5	4751	4703	4720	9443
5	4721	4684	4660	9444
5	4721	4660	4694	9445
5	4730	4706	4670	9446
5	4722	4692	4662	9447
5	4723	4722	4687	9448
5	4723	4687	4649	9449
5	4740	4700	4717	9450
5	4725	4643	4684	9451
5	4740	4701	4700	9452
5	4818	4784	4799	9453
5	4726	4711	4685	9454
5	4726	4685	4704	9455
5	4727	4695	4659	9456
5	4727	4659	4674	9457
5	4728	4723	4673	9458
5	4728	4673	4677	9459
5	4783	4742	4776	9460
5	4736	4680	4645	9461
5	4743	4708	4731	9462
5	4731	4706	4730	9463
5	4858	4793	4835	9464
5	4793	4776	4743	9465
5	4758	4702	4732	9466
5	4850	4846	4812	9467
5	4756	4693	4715	9468
5	4785	4710	4770	9469
5	4774	4719	4683	9470
5	4734	4683	4638	9471
5	4791	4735	4766	9472
5	4883	4864	4824	9473
5	4806	4716	4772	9474
5	4879	4806	4843	9475
5	4737	4721	4694	9476
5	4737	4694	4697	9477
5	4738	4737	4697	9478
5	4738	4697	4699	9479
5	4739	4738	4699	9480
5	4739	4699	4698	9481
5	4799	4748	4764	9482
5	4757	4725	4684	9483
5	4741	4726	4704	9484
5	4741	4704	4696	9485
5	4793	4743	4760	9486
5	4767	4723	4728	9487
5	4776	4709	4743	9488
5	4743	4709	4708	9489
5	4744	4739	4710	9490
5	4785	4744	4710	9491
5	4773	4741	4696	9492
5	4859	4785	4815	9493
5	4746	4720	4688	9494
5	4746	4688	4724	9495
5	4833	4763	4778	9496
5	4755	4713	4675	9497
5	4754	4738	4739	9498
5	4805	4754	4795	9499
5	4811	4736	4749	9500
5	4806	4765	4716	9501
5	4750	4733	4676	9502
5	4750	4676	4712	9503
5	4758	4696	4702	9504
5	4801	4745	4741	9505
5	4778	4679	4747	9506
5	4875	4842	4870	9507
5	4753	4727	4674	9508
5	4753	4674	4719	9509
5	4764	4737	4738	9510
5	4890	4853	4818	9511
5	4771	4711	4726	9512
5	4982	4959	4919	9513
5	5128	5067	5084	9514
5	4759	4691	4714	9515
5	4800	4775	4786	9516
5	4768	4717	4678	9517
5	4773	4696	4758	9518
5	4845	4810	4745	9519
5	4914	4897	4849	9520
5	4821	4750	4782	9521
5	4760	4743	4731	9522
5	4789	4730	4769	9523
5	4803	4767	4728	9524
5	4761	4728	4677	9525
5	4820	4776	4793	9526
5	4918	4889	4896	9527
5	4804	4774	4734	9528
5	4798	4727	4753	9529
5	4923	4867	4908	9530
5	4784	4757	4748	9531
5	4904	4827	4863	9532
5	4915	4852	4882	9533
5	4804	4734	4763	9534
5	4828	4753	4777	9535
5	4791	4752	4735	9536
5	4807	4723	4767	9537
5	4808	4725	4757	9538
5	4892	4857	4825	9539
5	4769	4730	4692	9540
5	4769	4692	4722	9541
5	4790	4770	4733	9542
5	4903	4879	4843	9543
5	4855	4787	4830	9544
5	5078	5043	232	9545
5	4826	4765	4806	9546
5	4831	4762	4783	9547
5	4797	4732	4751	9548
5	4812	4758	4797	9549
5	4978	4939	4902	9550
5	4814	4774	4804	9551
5	4825	4809	4775	9552
5	4809	4724	4775	9553
5	4783	4762	4742	9554
5	4835	4793	4760	9555
5	4798	4766	4727	9556
5	4864	4832	4791	9557
5	4833	4804	4763	9558
5	4778	4763	4651	9559
5	4850	4812	4813	9560
5	4837	4751	4779	9561
5	4780	4761	4752	9562
5	5000	4958	4940	9563
5	4781	4756	4715	9564
5	4781	4715	4759	9565
5	4782	4750	4712	9566
5	4782	4712	4756	9567
5	4941	4904	4863	9568
5	4992	4922	4963	9569
5	4786	4717	4768	9570
5	4808	4768	4725	9571
5	4829	4782	4756	9572
5	4872	4825	4775	9573
5	4786	4775	4740	9574
5	4786	4740	4717	9575
5	4787	4755	4711	9576
5	4787	4711	4771	9577
5	4802	4760	4731	9578
5	4789	4731	4730	9579
5	4802	4731	4789	9580
5	4834	4760	4802	9581
5	5028	4950	4993	9582
5	4873	4790	4821	9583
5	4891	4841	4856	9584
5	4866	4777	4814	9585
5	4792	4749	4729	9586
5	4792	4729	4762	9587
5	4835	4760	4834	9588
5	4827	4811	4749	9589
5	4847	4794	4822	9590
5	4948	4898	4937	9591
5	4795	4754	4744	9592
5	4865	4795	4836	9593
5	4796	4759	4714	9594
5	4796	4714	4765	9595
5	4890	4818	4867	9596
5	5062	5013	5008	9597
5	4982	4919	4956	9598
5	4828	4798	4753	9599
5	4865	4816	4795	9600
5	4867	4818	4838	9601
5	4800	4786	4768	9602
5	4808	4800	4768	9603
5	4906	4865	4836	9604
5	4845	4745	4801	9605
5	4839	4789	4788	9606
5	4966	4904	4941	9607
5	4922	4854	4893	9608
5	4840	4767	4803	9609
5	4871	4804	4833	9610
5	4871	4814	4804	9611
5	4805	4799	4764	9612
5	4805	4764	4754	9613
5	4811	4772	4736	9614
5	4914	4849	4886	9615
5	4807	4769	4722	9616
5	4807	4722	4723	9617
5	4808	4757	4784	9618
5	4844	4808	4784	9619
5	4924	4882	4879	9620
5	4837	4797	4751	9621
5	4810	4771	4745	9622
5	4905	4877	4817	9623
5	4831	4792	4762	9624
5	4895	4831	4854	9625
5	4846	4773	4812	9626
5	4812	4773	4758	9627
5	4813	4812	4797	9628
5	4837	4813	4797	9629
5	4998	4925	4972	9630
5	4894	4856	4832	9631
5	4815	4785	4770	9632
5	4815	4770	4790	9633
5	4816	4805	4795	9634
5	5069	4984	5011	9635
5	4817	4779	4746	9636
5	4817	4746	4809	9637
5	4913	4853	4890	9638
5	4933	4880	4899	9639
5	4819	4747	4794	9640
5	4822	4755	4787	9641
5	4854	4831	4783	9642
5	4843	4772	4811	9643
5	4873	4815	4790	9644
5	4906	4836	4859	9645
5	4847	4819	4794	9646
5	4972	4925	4898	9647
5	4823	4781	4759	9648
5	4823	4759	4796	9649
5	4824	4791	4766	9650
5	4824	4766	4798	9651
5	4916	4913	4890	9652
5	4857	4817	4809	9653
5	4958	4903	4940	9654
5	4827	4749	4792	9655
5	4903	4843	4874	9656
5	4904	4874	4827	9657
5	5076	5025	5071	9658
5	4972	4898	4948	9659
5	4879	4826	4806	9660
5	5047	5004	5017	9661
5	4830	4787	4771	9662
5	4830	4771	4810	9663
5	4895	4863	4831	9664
5	4858	4820	4793	9665
5	4832	4780	4752	9666
5	4832	4752	4791	9667
5	4866	4828	4777	9668
5	4925	4871	4875	9669
5	4876	4788	4840	9670
5	4840	4788	4767	9671
5	4856	4780	4832	9672
5	4928	4841	4891	9673
5	4859	4836	4785	9674
5	4897	4829	4849	9675
5	4951	4933	4938	9676
5	4877	4837	4779	9677
5	4838	4818	4799	9678
5	4838	4799	4805	9679
5	4839	4834	4802	9680
5	4839	4802	4789	9681
5	5143	5129	5081	9682
5	4921	4893	4858	9683
5	5044	4992	5024	9684
5	4841	4803	4780	9685
5	4842	4833	4778	9686
5	4842	4778	4747	9687
5	4886	4823	4852	9688
5	4843	4806	4772	9689
5	4997	4914	4954	9690
5	4844	4800	4808	9691
5	5144	5104	5115	9692
5	4861	4810	4848	9693
5	4899	4801	4846	9694
5	4846	4801	4773	9695
5	5077	5057	5014	9696
5	4925	4875	4898	9697
5	5037	4957	4994	9698
5	4942	4907	4848	9699
5	4941	4863	4895	9700
5	5004	4932	4947	9701
5	4901	4837	4877	9702
5	4857	4809	4825	9703
5	4939	4860	4902	9704
5	5060	5015	4996	9705
5	4852	4823	4796	9706
5	4852	4796	4826	9707
5	4853	4844	4784	9708
5	4853	4784	4818	9709
5	4958	4924	4903	9710
5	4924	4879	4903	9711
5	4861	4830	4810	9712
5	5078	232	233	9713
5	4960	4920	4889	9714
5	5015	4983	4960	9715
5	4976	4905	4929	9716
5	4929	4857	4892	9717
5	4960	4889	4918	9718
5	4889	4851	4869	9719
5	5006	4935	4976	9720
5	5047	5018	5004	9721
5	4860	4824	4798	9722
5	4860	4798	4828	9723
5	5117	233	234	9724
5	4961	4880	4933	9725
5	4862	4821	4782	9726
5	4862	4782	4829	9727
5	4863	4827	4792	9728
5	4863	4792	4831	9729
5	5005	4948	4937	9730
5	4883	4824	4860	9731
5	4932	4900	4873	9732
5	4923	4890	4867	9733
5	4910	4866	4814	9734
5	4996	4918	4974	9735
5	4885	4868	4816	9736
5	4908	4867	4868	9737
5	4868	4867	4838	9738
5	4868	4838	4816	9739
5	4869	4851	4834	9740
5	4869	4834	4839	9741
5	4870	4842	4819	9742
5	4909	4819	4847	9743
5	4937	4898	4870	9744
5	4910	4814	4871	9745
5	4872	4775	4800	9746
5	5017	4947	4984	9747
5	4897	4862	4829	9748
5	4954	4914	4886	9749
5	4874	4843	4811	9750
5	4874	4811	4827	9751
5	4875	4871	4833	9752
5	4875	4833	4842	9753
5	4876	4869	4839	9754
5	4876	4839	4788	9755
5	4987	4971	4977	9756
5	4929	4905	4857	9757
5	4928	4912	4878	9758
5	4878	4840	4803	9759
5	4872	4800	4844	9760
5	4913	4844	4853	9761
5	4988	4946	4957	9762
5	4899	4846	4850	9763
5	4881	4858	4835	9764
5	4881	4835	4851	9765
5	4882	4852	4826	9766
5	4882	4826	4879	9767
5	5042	4972	5009	9768
5	4894	4832	4864	9769
5	4884	4847	4822	9770
5	4884	4822	4855	9771
5	5093	5047	5017	9772
5	5079	5050	5016	9773
5	4915	4886	4852	9774
5	4934	4888	4862	9775
5	4887	4855	4830	9776
5	4887	4830	4861	9777
5	4888	4873	4821	9778
5	4888	4821	4862	9779
5	4928	4878	4841	9780
5	5163	5120	5160	9781
5	5080	5063	5028	9782
5	4975	4901	4935	9783
5	4912	4840	4878	9784
5	5106	5066	5073	9785
5	5038	4971	4987	9786
5	5080	5028	5050	9787
5	4893	4854	4820	9788
5	4893	4820	4858	9789
5	4936	4864	4883	9790
5	4936	4894	4864	9791
5	5044	5021	4992	9792
5	4922	4895	4854	9793
5	4896	4889	4869	9794
5	4896	4869	4876	9795
5	5090	5011	5053	9796
5	4964	4934	4897	9797
5	4898	4875	4870	9798
5	4965	4909	4917	9799
5	4899	4880	4845	9800
5	4899	4845	4801	9801
5	4900	4859	4815	9802
5	4900	4815	4873	9803
5	4938	4850	4901	9804
5	4901	4850	4813	9805
5	4944	4866	4910	9806
5	4902	4860	4828	9807
5	4940	4903	4874	9808
5	5031	4966	5001	9809
5	4940	4874	4904	9810
5	4967	4895	4922	9811
5	5022	4968	4995	9812
5	4916	4892	4911	9813
5	5156	215	216	9814
5	5050	5028	4993	9815
5	4907	4861	4848	9816
5	4942	4848	4880	9817
5	4943	4908	4868	9818
5	4943	4868	4885	9819
5	4937	4870	4909	9820
5	5046	4980	5012	9821
5	5200	5143	5176	9822
5	4944	4910	4925	9823
5	4911	4892	4825	9824
5	4911	4825	4872	9825
5	4912	4896	4876	9826
5	4912	4876	4840	9827
5	4913	4911	4872	9828
5	4913	4872	4844	9829
5	5035	4997	4954	9830
5	4934	4862	4897	9831
5	5007	4924	4958	9832
5	4964	4897	4914	9833
5	4994	4942	4961	9834
5	4990	4929	4973	9835
5	4917	4909	4847	9836
5	4917	4847	4884	9837
5	4939	4883	4860	9838
5	4952	4891	4927	9839
5	4919	4884	4855	9840
5	4919	4855	4887	9841
5	4920	4881	4851	9842
5	4920	4851	4889	9843
5	5143	5081	5133	9844
5	5082	5060	5026	9845
5	4966	4940	4904	9846
5	5052	5024	4991	9847
5	4995	4968	4923	9848
5	4995	4923	4971	9849
5	4967	4941	4895	9850
5	5103	5010	5056	9851
5	5054	5039	5042	9852
5	4925	4910	4871	9853
5	4926	4885	4865	9854
5	4926	4865	4906	9855
5	4927	4891	4856	9856
5	4927	4856	4894	9857
5	4928	4896	4912	9858
5	5070	5054	5009	9859
5	4973	4892	4916	9860
5	4935	4877	4905	9861
5	4930	4906	4859	9862
5	4930	4859	4900	9863
5	4931	4887	4861	9864
5	4931	4861	4907	9865
5	5170	5153	5124	9866
5	4928	4918	4896	9867
5	4961	4942	4880	9868
5	4935	4901	4877	9869
5	4997	4964	4914	9870
5	4947	4932	4888	9871
5	4976	4935	4905	9872
5	4973	4929	4892	9873
5	4974	4891	4952	9874
5	5026	4974	4952	9875
5	5013	4965	5008	9876
5	5039	4985	4978	9877
5	4938	4933	4899	9878
5	4938	4899	4850	9879
5	5102	5054	5100	9880
5	5034	4970	4985	9881
5	5101	5021	5044	9882
5	5114	5084	5059	9883
5	5001	4941	4967	9884
5	4996	4960	4918	9885
5	5012	4980	4946	9886
5	5032	4961	5003	9887
5	5002	4943	4950	9888
5	5022	4916	4968	9889
5	4978	4902	4944	9890
5	4944	4902	4866	9891
5	4945	4915	4882	9892
5	4945	4882	4924	9893
5	4946	4931	4907	9894
5	5003	4933	4951	9895
5	5028	5002	4950	9896
5	5004	4962	4932	9897
5	5005	4937	4965	9898
5	5111	5077	235	9899
5	4949	4927	4894	9900
5	4949	4894	4936	9901
5	4950	4943	4885	9902
5	4950	4885	4926	9903
5	5091	5033	5066	9904
5	5006	4981	4975	9905
5	5026	4996	4974	9906
5	5055	5034	4985	9907
5	4953	4921	4881	9908
5	4953	4881	4920	9909
5	4979	4915	4945	9910
5	4979	4955	4915	9911
5	4955	4954	4886	9912
5	4955	4886	4915	9913
5	4956	4919	4887	9914
5	4956	4887	4931	9915
5	4957	4946	4907	9916
5	4957	4907	4942	9917
5	5085	5031	5058	9918
5	5067	4979	5030	9919
5	4959	4917	4884	9920
5	4959	4884	4919	9921
5	5060	4996	5026	9922
5	5031	5000	4966	9923
5	5141	5061	5105	9924
5	5003	4961	4933	9925
5	4962	4930	4900	9926
5	4962	4900	4932	9927
5	4963	4922	4893	9928
5	4963	4893	4921	9929
5	5175	212	213	9930
5	5132	5069	5090	9931
5	5171	239	5148	9932
5	5040	4948	5005	9933
5	5000	4940	4966	9934
5	5059	5030	5007	9935
5	5024	4963	4991	9936
5	4992	4967	4922	9937
5	4968	4916	4890	9938
5	4968	4890	4923	9939
5	4969	4926	4906	9940
5	4969	4906	4930	9941
5	4970	4936	4883	9942
5	4970	4883	4939	9943
5	4971	4923	4908	9944
5	5097	5019	5049	9945
5	4998	4944	4925	9946
5	5144	5116	5104	9947
5	5006	4975	4935	9948
5	5049	5019	5022	9949
5	4974	4918	4928	9950
5	4974	4928	4891	9951
5	4975	4951	4938	9952
5	4975	4938	4901	9953
5	5187	243	5160	9954
5	5033	4981	5006	9955
5	4977	4971	4908	9956
5	4977	4908	4943	9957
5	5086	5070	5040	9958
5	5034	4999	4970	9959
5	5035	4954	5027	9960
5	5059	5007	5010	9961
5	4980	4956	4931	9962
5	4980	4931	4946	9963
5	4990	4976	4929	9964
5	5065	4981	5033	9965
5	5111	5057	5077	9966
5	5057	5036	4982	9967
5	4983	4953	4920	9968
5	4983	4920	4960	9969
5	4984	4947	4934	9970
5	4984	4934	4964	9971
5	4985	4970	4939	9972
5	4985	4939	4978	9973
5	4986	4952	4927	9974
5	4986	4927	4949	9975
5	5002	4977	4943	9976
5	5050	4993	5016	9977
5	5105	5029	5065	9978
5	5037	4988	4957	9979
5	4989	4969	4930	9980
5	4989	4930	4962	9981
5	5065	5029	4981	9982
5	5066	5033	5041	9983
5	4991	4963	4921	9984
5	4991	4921	4953	9985
5	5025	4953	4983	9986
5	5071	4983	5015	9987
5	4993	4950	4926	9988
5	4993	4926	4969	9989
5	5204	213	214	9990
5	4994	4957	4942	9991
5	5038	4995	4971	9992
5	5070	5009	5040	9993
5	5015	4960	4996	9994
5	5026	4952	4986	9995
5	5017	5004	4947	9996
5	5172	5156	216	9997
5	5039	4978	4998	9998
5	4998	4978	4944	9999
5	4999	4949	4936	10000
5	4999	4936	4970	10001
5	5108	5074	5027	10002
5	5007	4945	4924	10003
5	5024	4992	4963	10004
5	5225	5200	5218	10005
5	5068	4987	5020	10006
5	5150	5079	5110	10007
5	5032	4994	4961	10008
5	5094	4994	5032	10009
5	5069	5017	4984	10010
5	5090	5069	5011	10011
5	5013	5005	4965	10012
5	5040	5009	4948	10013
5	5041	4976	4990	10014
5	5091	5065	5033	10015
5	5112	5099	5074	10016
5	5056	5000	5031	10017
5	5008	4965	4917	10018
5	5008	4917	4959	10019
5	5055	4985	5039	10020
5	5009	4972	4948	10021
5	5010	5007	4958	10022
5	5010	4958	5000	10023
5	5011	4984	4964	10024
5	5011	4964	4997	10025
5	5014	4982	4956	10026
5	5014	4956	4980	10027
5	5221	5203	245	10028
5	5116	5064	5104	10029
5	5117	5078	233	10030
5	5077	5014	5046	10031
5	5118	5044	5089	10032
5	5025	4991	4953	10033
5	5016	4993	4969	10034
5	5016	4969	4989	10035
5	5142	5135	5093	10036
5	5175	5142	5132	10037
5	5018	4989	4962	10038
5	5018	4962	5004	10039
5	5019	4990	4973	10040
5	5073	4990	5019	10041
5	5020	4987	4977	10042
5	5020	4977	5002	10043
5	5021	5001	4967	10044
5	5021	4967	4992	10045
5	5022	5019	4973	10046
5	5022	4973	4916	10047
5	5023	4986	4949	10048
5	5023	4949	4999	10049
5	5188	5119	5154	10050
5	5056	5010	5000	10051
5	5071	5025	4983	10052
5	5052	4991	5025	10053
5	5120	5083	5102	10054
5	5082	5026	5045	10055
5	5027	4954	4955	10056
5	5027	4955	4979	10057
5	5079	5016	5048	10058
5	5216	228	5179	10059
5	5029	5003	4951	10060
5	5029	4951	4981	10061
5	5030	4979	4945	10062
5	5030	4945	5007	10063
5	5081	5015	5060	10064
5	5058	5031	5001	10065
5	5121	5088	5094	10066
5	5095	5043	5072	10067
5	5198	222	5194	10068
5	5123	5091	5066	10069
5	5126	5051	5083	10070
5	5173	5145	5163	10071
5	5125	5053	5099	10072
5	5125	5090	5053	10073
5	5036	5008	4959	10074
5	5036	4959	4982	10075
5	5136	231	5095	10076
5	5204	5175	213	10077
5	5075	5038	4987	10078
5	5049	4995	5038	10079
5	5126	5098	5051	10080
5	5055	5039	5054	10081
5	5102	5055	5054	10082
5	5100	5054	5070	10083
5	5041	5033	5006	10084
5	5041	5006	4976	10085
5	5042	5039	4998	10086
5	5042	4998	4972	10087
5	5043	5012	4988	10088
5	5095	231	232	10089
5	5119	5085	5058	10090
5	5169	5085	5119	10091
5	5045	5026	4986	10092
5	5045	4986	5023	10093
5	5057	4982	5014	10094
5	5046	5014	4980	10095
5	5172	5150	5110	10096
5	5127	5050	5079	10097
5	5048	5016	4989	10098
5	5048	4989	5018	10099
5	5182	209	210	10100
5	5181	5161	5167	10101
5	5127	5080	5050	10102
5	5172	5110	5156	10103
5	5051	5023	4999	10104
5	5051	4999	5034	10105
5	5076	5052	5025	10106
5	5118	5101	5044	10107
5	5053	5011	4997	10108
5	5053	4997	5035	10109
5	5054	5042	5009	10110
5	5086	5040	5064	10111
5	5163	5126	5120	10112
5	5193	243	244	10113
5	5067	5027	4979	10114
5	5103	5059	5010	10115
5	5133	5081	5060	10116
5	5062	5008	5036	10117
5	5085	5056	5031	10118
5	5199	5146	5190	10119
5	5101	5058	5021	10120
5	5149	5125	5099	10121
5	5212	5170	5201	10122
5	5218	5200	5176	10123
5	5061	5032	5003	10124
5	5061	5003	5029	10125
5	5115	5062	5087	10126
5	5115	5104	5062	10127
5	5063	5020	5002	10128
5	5063	5002	5028	10129
5	5064	5040	5005	10130
5	5064	5005	5013	10131
5	5094	5032	5061	10132
5	5130	5065	5091	10133
5	5164	5131	5107	10134
5	5049	5022	4995	10135
5	5108	5027	5067	10136
5	5215	209	5162	10137
5	5137	5063	5080	10138
5	5131	5068	5107	10139
5	5132	5093	5069	10140
5	5175	5132	5155	10141
5	5075	4987	5068	10142
5	5106	5073	5097	10143
5	5196	5176	5153	10144
5	5081	5071	5015	10145
5	5072	5043	4988	10146
5	5072	4988	5037	10147
5	5073	5066	5041	10148
5	5073	5041	4990	10149
5	5074	5035	5027	10150
5	5206	5162	5128	10151
5	5097	5073	5019	10152
5	5122	5075	5096	10153
5	5089	5044	5024	10154
5	5089	5024	5052	10155
5	5117	5046	5078	10156
5	5077	234	235	10157
5	5078	5046	5012	10158
5	5078	5012	5043	10159
5	5150	5127	5079	10160
5	5151	5137	5080	10161
5	5151	5080	5127	10162
5	5131	5096	5068	10163
5	5176	5143	5133	10164
5	5152	5113	5076	10165
5	5168	5139	5100	10166
5	5227	5218	5196	10167
5	5083	5051	5034	10168
5	5083	5034	5055	10169
5	5084	5067	5030	10170
5	5084	5030	5059	10171
5	5157	5114	5103	10172
5	5114	5059	5103	10173
5	5138	5070	5086	10174
5	5102	5083	5055	10175
5	5087	5062	5036	10176
5	5087	5036	5057	10177
5	5088	5072	5037	10178
5	5136	5095	5072	10179
5	5213	5190	5210	10180
5	5196	5153	5170	10181
5	5202	5157	5195	10182
5	5093	5017	5069	10183
5	5185	5165	5123	10184
5	5130	5105	5065	10185
5	5092	5048	5018	10186
5	5092	5018	5047	10187
5	5156	5110	5092	10188
5	5142	5093	5132	10189
5	5094	5088	5037	10190
5	5094	5037	4994	10191
5	5136	5072	5088	10192
5	5136	230	231	10193
5	5096	5075	5068	10194
5	5137	5107	5063	10195
5	5109	5038	5075	10196
5	5123	5066	5106	10197
5	5098	5045	5023	10198
5	5098	5023	5051	10199
5	5099	5053	5035	10200
5	5099	5035	5074	10201
5	5148	5086	5116	10202
5	5178	5135	5142	10203
5	5226	203	204	10204
5	5119	5058	5101	10205
5	5163	5145	5126	10206
5	5126	5083	5120	10207
5	5157	5103	5140	10208
5	5128	5108	5067	10209
5	5104	5064	5013	10210
5	5104	5013	5062	10211
5	5158	5141	5105	10212
5	5105	5061	5029	10213
5	5134	5106	5097	10214
5	5122	5109	5075	10215
NPOIN= 5233
9.997500181200000e-01	-3.633242185256237e-05	0
9.990000128750000e-01	-1.454719515199002e-04	1
9.977599978450000e-01	-3.275032469546433e-04	2
9.960200190539999e-01	-5.899048471249166e-04	3
9.937800168990000e-01	-9.470141734912364e-04	4
9.910500049590000e-01	-1.421873284286803e-03	5
9.878399968150000e-01	-2.045010339961953e-03	6
9.841300249100000e-01	-2.852682190517378e-03	7
9.799500107769999e-01	-3.857179096566762e-03	8
9.752799868580000e-01	-5.055691766560767e-03	9
9.701499938960000e-01	-6.401542619223629e-03	10
9.645400047300000e-01	-7.836511186390701e-03	11
9.584699869160000e-01	-9.285656554276664e-03	12
9.519400000570000e-01	-1.069415453051984e-02	13
9.449599981310000e-01	-1.203472183080735e-02	14
9.375399947170000e-01	-1.331254350397260e-02	15
9.296900033950000e-01	-1.455582295654287e-02	16
9.214000105860000e-01	-1.580385093500541e-02	17
9.126999974250000e-01	-1.708487764254747e-02	18
9.035800099370001e-01	-1.842100582089780e-02	19
8.940600156780000e-01	-1.981683323688447e-02	20
8.841500282290000e-01	-2.126861415711832e-02	21
8.738499879840000e-01	-2.276891664660182e-02	22
8.631799817090000e-01	-2.430614954643441e-02	23
8.521599769590000e-01	-2.586994262890365e-02	24
8.407700061800000e-01	-2.745748477323483e-02	25
8.290500044819999e-01	-2.905925792844640e-02	26
8.170099854470000e-01	-3.067110051422108e-02	27
8.046399950980000e-01	-3.229182798239289e-02	28
7.919700145720000e-01	-3.391485820805074e-02	29
7.790099978450000e-01	-3.553595212869898e-02	30
7.657799720760000e-01	-3.714922662979234e-02	31
7.522799968720000e-01	-3.875089736246196e-02	32
7.385200262070000e-01	-4.033567708591103e-02	33
7.245299816130000e-01	-4.189597921932516e-02	34
7.103199958800001e-01	-4.342664683429022e-02	35
6.958900094030001e-01	-4.492372664040359e-02	36
6.812700033190000e-01	-4.638043049971555e-02	37
6.664699912070000e-01	-4.779251183781402e-02	38
6.514999866490000e-01	-4.915613734643341e-02	39
6.363800168040000e-01	-5.046708630963702e-02	40
6.211299896240000e-01	-5.172181438160211e-02	41
6.057599782940000e-01	-5.291820116263178e-02	42
5.902799963950000e-01	-5.405463305575721e-02	43
5.747100114820000e-01	-5.512931460874038e-02	44
5.590599775310000e-01	-5.614170041881997e-02	45
5.433599948880000e-01	-5.709047357811751e-02	46
5.276100039480000e-01	-5.797663310718379e-02	47
5.118399858470000e-01	-5.879978213498942e-02	48
4.960500001910000e-01	-5.956143015293297e-02	49
4.802699983120000e-01	-6.026178626384008e-02	50
4.645099937920000e-01	-6.090217786009656e-02	51
4.487800002100000e-01	-6.148389287934969e-02	52
4.331099987030000e-01	-6.200747286375111e-02	53
4.174999892710000e-01	-6.247439537832598e-02	54
4.019699990750000e-01	-6.288524653733113e-02	55
3.865399956700000e-01	-6.324043569372598e-02	56
3.712300062180000e-01	-6.354014018020561e-02	57
3.560400009160000e-01	-6.378455521024870e-02	58
3.409900069240000e-01	-6.397307666248202e-02	59
3.261100053790000e-01	-6.410470988227572e-02	60
3.113999962810000e-01	-6.417838258723742e-02	61
2.968699932100000e-01	-6.419240105045372e-02	62
2.825500071050000e-01	-6.414470451228735e-02	63
2.684499919410000e-01	-6.403293195061711e-02	64
2.545700073240000e-01	-6.385414856193093e-02	65
2.409400045870000e-01	-6.360543155056310e-02	66
2.275699973110000e-01	-6.328340328995459e-02	67
2.144699990750000e-01	-6.288437783009707e-02	68
2.016600072380000e-01	-6.240480907042797e-02	69
1.891400069000000e-01	-6.184025428649682e-02	70
1.769299954180000e-01	-6.118693151810460e-02	71
1.650400012730000e-01	-6.044061927292731e-02	72
1.534900069240000e-01	-5.959782219389526e-02	73
1.422899961470000e-01	-5.865460588399356e-02	74
1.314399987460000e-01	-5.760611958665050e-02	75
1.209499984980000e-01	-5.644828322350199e-02	76
1.108499988910000e-01	-5.517984111112864e-02	77
1.011300012470000e-01	-5.379509593851404e-02	78
9.181000292300000e-02	-5.229240121503984e-02	79
8.290000259900000e-02	-5.066939503375958e-02	80
7.440000027400000e-02	-4.892210010917336e-02	81
6.633000075800000e-02	-4.705104588648870e-02	82
5.869000032500000e-02	-4.505311185529930e-02	83
5.149000138000000e-02	-4.292793662822157e-02	84
4.473999887700000e-02	-4.067619218472281e-02	85
3.844000026600000e-02	-3.829586239058207e-02	86
3.260000050100000e-02	-3.578904581574471e-02	87
2.723000012300000e-02	-3.315964025856205e-02	88
2.232000045500000e-02	-3.040198332227757e-02	89
1.789999939500000e-02	-2.753429919399764e-02	90
1.394999958600000e-02	-2.454610588314579e-02	91
1.049000024800000e-02	-2.145550248507093e-02	92
7.519999985000000e-03	-1.827015393560548e-02	93
5.040000193000000e-03	-1.499973911540265e-02	94
3.049999941000000e-03	-1.165616376459753e-02	95
1.560000004000000e-03	-8.279475349194177e-03	96
5.600000150000000e-04	-4.877764051813936e-03	97
5.999999800000000e-05	-1.530970220326417e-03	98
0.000000000000000e+00	0.000000000000000e+00	99
5.999999800000000e-05	1.394603639124959e-03	100
5.600000150000000e-04	4.200524833409124e-03	101
1.560000004000000e-03	6.878167193859052e-03	102
3.049999941000000e-03	9.418507744228227e-03	103
5.040000193000000e-03	1.184417583455185e-02	104
7.519999985000000e-03	1.414581677845773e-02	105
1.049000024800000e-02	1.633096707818051e-02	106
1.394999958600000e-02	1.840616979156639e-02	107
1.789999939500000e-02	2.037770600939992e-02	108
2.232000045500000e-02	2.224396140815173e-02	109
2.723000012300000e-02	2.402101062049430e-02	110
3.260000050100000e-02	2.570545534993913e-02	111
3.844000026600000e-02	2.730851849382731e-02	112
4.473999887700000e-02	2.883453019548621e-02	113
5.149000138000000e-02	3.028824716078102e-02	114
5.869000032500000e-02	3.167637537488058e-02	115
6.633000075800000e-02	3.300319708737079e-02	116
7.440000027400000e-02	3.427295017107829e-02	117
8.290000259900000e-02	3.549107201116536e-02	118
9.181000292300000e-02	3.665977358712220e-02	119
1.011300012470000e-01	3.778374525509423e-02	120
1.108499988910000e-01	3.886588946501515e-02	121
1.209499984980000e-01	3.990777904406038e-02	122
1.314399987460000e-01	4.091366769561435e-02	123
1.422899961470000e-01	4.188342527003881e-02	124
1.534900069240000e-01	4.281861562278610e-02	125
1.650400012730000e-01	4.372110482866928e-02	126
1.769299954180000e-01	4.459141525684648e-02	127
1.891400069000000e-01	4.542897730883248e-02	128
2.016600072380000e-01	4.623357831794991e-02	129
2.144699990750000e-01	4.700398487664867e-02	130
2.275699973110000e-01	4.773977049450830e-02	131
2.409400045870000e-01	4.843891492579141e-02	132
2.545700073240000e-01	4.909959886284641e-02	133
2.684499919410000e-01	4.971959742885415e-02	134
2.825500071050000e-01	5.029551962315586e-02	135
2.968699932100000e-01	5.082495995331076e-02	136
3.113999962810000e-01	5.130470400585072e-02	137
3.261100053790000e-01	5.173067368179832e-02	138
3.409900069240000e-01	5.209928702259210e-02	139
3.560400009160000e-01	5.240689557003288e-02	140
3.712300062180000e-01	5.264904531481573e-02	141
3.865399956700000e-01	5.282156639291673e-02	142
4.019699990750000e-01	5.292044613681771e-02	143
4.174999892710000e-01	5.294142944188494e-02	144
4.331099987030000e-01	5.288045534277722e-02	145
4.487800002100000e-01	5.273373322028860e-02	146
4.645099937920000e-01	5.249746501289160e-02	147
4.802699983120000e-01	5.216852638212895e-02	148
4.960500001910000e-01	5.174393645428479e-02	149
5.118399858470000e-01	5.122105885412963e-02	150
5.276100039480000e-01	5.059852468828360e-02	151
5.433599948880000e-01	4.987450472026443e-02	152
5.590599775310000e-01	4.904915270144499e-02	153
5.747100114820000e-01	4.812191657352898e-02	154
5.902799963950000e-01	4.709477576454785e-02	155
6.057599782940000e-01	4.596948717040027e-02	156
6.211299896240000e-01	4.474945299872297e-02	157
6.363800168040000e-01	4.343830491928392e-02	158
6.514999866490000e-01	4.204055557510794e-02	159
6.664699912070000e-01	4.056260445153711e-02	160
6.812700033190000e-01	3.901197510975461e-02	161
6.958900094030001e-01	3.739611478614270e-02	162
7.103199958800001e-01	3.572323478486394e-02	163
7.245299816130000e-01	3.400470131125995e-02	164
7.385200262070000e-01	3.224899722452403e-02	165
7.522799968720000e-01	3.046623539583306e-02	166
7.657799720760000e-01	2.866955613682953e-02	167
7.790099978450000e-01	2.686981275764463e-02	168
7.919700145720000e-01	2.507652544413903e-02	169
8.046399950980000e-01	2.330186840675382e-02	170
8.170099854470000e-01	2.155636705233445e-02	171
8.290500044819999e-01	1.985280870910819e-02	172
8.407700061800000e-01	1.819732301228459e-02	173
8.521599769590000e-01	1.659729100698003e-02	174
8.631799817090000e-01	1.506199480778859e-02	175
8.738499879840000e-01	1.358945784491288e-02	176
8.841500282290000e-01	1.218023894647774e-02	177
8.940600156780000e-01	1.083255721439703e-02	178
9.035800099370001e-01	9.541682277910643e-03	179
9.126999974250000e-01	8.307564685880772e-03	180
9.214000105860000e-01	7.138936904648769e-03	181
9.296900033950000e-01	6.050976740871366e-03	182
9.375399947170000e-01	5.074023760965012e-03	183
9.449599981310000e-01	4.237285424459601e-03	184
9.519400000570000e-01	3.565850180222470e-03	185
9.584699869160000e-01	3.065592102886975e-03	186
9.645400047300000e-01	2.715285288525619e-03	187
9.701499938960000e-01	2.468265932560966e-03	188
9.752799868580000e-01	2.266464546879283e-03	189
9.799500107769999e-01	2.055868824399368e-03	190
9.841300249100000e-01	1.805618525758263e-03	191
9.878399968150000e-01	1.509022088712245e-03	192
9.910500049590000e-01	1.185427243741792e-03	193
9.937800168990000e-01	8.612972765198224e-04	194
9.960200190539999e-01	5.661495792221046e-04	195
9.977599978450000e-01	3.231000328962917e-04	196
9.990000128750000e-01	1.450702752566436e-04	197
9.997500181200000e-01	3.632605843661426e-05	198
1.000000000000000e+00	0.000000000000000e+00	199
1.984229087829600e+01	2.506659984589000e+00	200
1.937166023254400e+01	4.973800182343000e+00	201
1.859552955627400e+01	7.362490177155000e+00	202
1.752613067627000e+01	9.635069847106999e+00	203
1.618033981323200e+01	1.175570964813200e+01	204
1.457936954498300e+01	1.369093990325900e+01	205
1.274847984314000e+01	1.541026973724400e+01	206
1.071654033660900e+01	1.688656044006300e+01	207
8.515589714050000e+00	1.809654045105000e+01	208
6.180339813232000e+00	1.902112960815400e+01	209
3.747629880905000e+00	1.964575004577600e+01	210
1.255810022354000e+00	1.996052932739300e+01	211
-1.255810022354000e+00	1.996052932739300e+01	212
-3.747629880905000e+00	1.964574050903300e+01	213
-6.180339813232000e+00	1.902112960815400e+01	214
-8.515589714050000e+00	1.809654045105000e+01	215
-1.071654033660900e+01	1.688656044006300e+01	216
-1.274847984314000e+01	1.541026020050000e+01	217
-1.457936954498300e+01	1.369093990325900e+01	218
-1.618033981323200e+01	1.175570011138900e+01	219
-1.752613067627000e+01	9.635069847106999e+00	220
-1.859552955627400e+01	7.362490177155000e+00	221
-1.937166023254400e+01	4.973800182343000e+00	222
-1.984229087829600e+01	2.506659984589000e+00	223
-2.000000000000000e+01	0.000000000000000e+00	224
-1.984229087829600e+01	-2.506669998169000e+00	225
-1.937166023254400e+01	-4.973800182343000e+00	226
-1.859552955627400e+01	-7.362490177155000e+00	227
-1.752613067627000e+01	-9.635080337524000e+00	228
-1.618033981323200e+01	-1.175570964813200e+01	229
-1.457936954498300e+01	-1.369093990325900e+01	230
-1.274847984314000e+01	-1.541026973724400e+01	231
-1.071652984619100e+01	-1.688656044006300e+01	232
-8.515580177306999e+00	-1.809654045105000e+01	233
-6.180339813232000e+00	-1.902112960815400e+01	234
-3.747620105743000e+00	-1.964575004577600e+01	235
-1.255810022354000e+00	-1.996052932739300e+01	236
1.255810022354000e+00	-1.996052932739300e+01	237
3.747629880905000e+00	-1.964574050903300e+01	238
6.180339813232000e+00	-1.902112960815400e+01	239
8.515589714050000e+00	-1.809654045105000e+01	240
1.071654033660900e+01	-1.688656044006300e+01	241
1.274847984314000e+01	-1.541026020050000e+01	242
1.457936954498300e+01	-1.369093990325900e+01	243
1.618033981323200e+01	-1.175570011138900e+01	244
1.752614021301300e+01	-9.635069847106999e+00	245
1.859552955627400e+01	-7.362490177155000e+00	246
1.937166023254400e+01	-4.973790168762000e+00	247
1.984229087829600e+01	-2.506659984589000e+00	248
2.000000000000000e+01	0.000000000000000e+00	249
6.048768162920715e-02	-5.291312729812538e-02	250
6.602944101293962e-01	-6.212151801762736e-02	251
4.256184357105545e-01	6.710736662486483e-02	252
6.899394908130756e-01	5.141829871582025e-02	253
3.792481580657269e-01	-7.752350408994658e-02	254
9.994677120367755e-01	-7.281661988273698e-04	255
9.985546579394045e-01	-1.332439026049931e-03	256
7.738997517997933e-01	-4.841975749518141e-02	257
6.899647249953237e-01	-5.898324194873462e-02	258
-1.507305775364509e-03	6.384146202542762e-03	259
7.468749601297365e-01	-5.209195863306486e-02	260
5.834875895446342e-01	6.165251537520824e-02	261
9.928163955506959e-01	-3.738299028638819e-03	262
9.899364777175640e-01	-4.746462468706333e-03	263
5.990706922100233e-01	6.049181535368151e-02	264
7.188655998939647e-01	-5.562350182114888e-02	265
-1.706229624264170e-03	6.766522923853398e-04	266
9.865733517052195e-01	-5.908881803302885e-03	267
9.827339591399664e-01	-7.228821593221314e-03	268
-1.718107296668380e-03	-7.526346168339433e-03	269
6.452111607249998e-01	-6.359764535500946e-02	270
8.245463376281438e-01	-4.086180152514723e-02	271
7.998182569544976e-01	-4.467081690569766e-02	272
3.485118480627548e-01	6.604155484466738e-02	273
8.479546690721369e-01	-3.705470365425964e-02	274
2.473738451245328e-01	6.138993889827699e-02	275
8.699831552967003e-01	-3.327549721336213e-02	276
1.011279490813038e-02	2.053168598776564e-02	277
8.905260965170062e-01	-2.957974772593567e-02	278
7.683151237234476e-02	-5.749306682626611e-02	279
9.095119749131204e-01	-2.601839088273935e-02	280
-2.099175709401332e-03	-3.691590189884372e-03	281
9.424910597365974e-01	-1.918342574588579e-02	282
9.268611832546315e-01	-2.258704871780538e-02	283
1.751054780031320e-02	-3.279896349727611e-02	284
4.258567021796411e-01	-7.660633981656181e-02	285
8.591504125690100e-01	-3.515610281087909e-02	286
9.563405578890796e-01	-1.567271074793197e-02	287
9.784103973098224e-01	-8.727780900362758e-03	288
9.683329167486384e-01	-1.208351966485981e-02	289
1.583052522444655e-01	-7.067825582497932e-02	290
9.002205558201531e-01	-2.778064182870506e-02	291
7.605205199066126e-01	-5.026960417776637e-02	292
9.971361801601768e-01	-2.088744875415893e-03	293
5.991547840758478e-01	-6.761267622798227e-02	294
4.415566263949045e-01	-7.615714525663385e-02	295
5.364239173691392e-01	-7.192761045466366e-02	296
4.731241764098442e-01	-7.504246938301061e-02	297
5.047824425524121e-01	-7.363463212345348e-02	298
4.889412182048389e-01	-7.437479975097856e-02	299
1.249146401029690e-01	-6.665135152595116e-02	300
2.744452270892579e-02	-3.919071317208350e-02	301
3.946903005471167e-01	-7.728992829175381e-02	302
4.590083705511906e-02	-4.781951031499170e-02	303
4.102278319796374e-01	-7.698495760307325e-02	304
3.188530559162036e-01	-7.774867731310454e-02	305
3.487449055224863e-01	-7.778294602145652e-02	306
3.313357059807258e-02	-4.218375210188073e-02	307
2.896517998434962e-01	-7.742312445993875e-02	308
9.348957903795129e-01	-2.089013227234126e-02	309
1.468228941630665e-01	-6.944820818131085e-02	310
1.947412536451430e-01	-7.370560842107357e-02	311
8.563822567630658e-02	-5.958478346014531e-02	312
1.044930707331488e-01	-6.338011005924481e-02	313
5.679263129446216e-01	-6.992716139495245e-02	314
1.701290552598329e-01	-7.179760910878563e-02	315
6.146327790217299e-01	-6.634277040268058e-02	316
8.804487808426753e-01	-3.141469018284072e-02	317
2.224777048996264e-02	-3.606110464267815e-02	318
9.952220860854678e-01	-2.871934711257853e-03	319
6.275016409530429e-03	-2.242440084084685e-02	320
1.817422876729008e-02	2.540319591719636e-02	321
9.183947269465073e-01	-2.429031299484341e-02	322
9.496468600813669e-01	-1.744652294188952e-02	323
9.736109861830877e-01	-1.035186345648337e-02	324
-1.703225630379282e-04	9.449710731483861e-03	325
8.364178805972908e-01	-3.895602988906911e-02	326
2.474616621457424e-01	-7.636019931146523e-02	327
5.522037192159027e-01	-7.096879606984638e-02	328
7.329836050908268e-01	-5.387589339439326e-02	329
7.869993085019582e-01	-4.655341202262864e-02	330
1.145099909379095e-01	-6.508545627468532e-02	331
2.205538458823054e-01	-7.521394902866074e-02	332
5.835867267280340e-01	-6.880780840294307e-02	333
6.752092497204157e-01	-6.058242939196731e-02	334
5.296028049730496e-02	-5.044119519017128e-02	335
3.517044377880816e-03	-1.878402067105032e-02	336
1.327783496625464e-02	-2.945539692082503e-02	337
3.639351365687671e-01	-7.768981407279747e-02	338
1.822872278002337e-01	-7.280484688108865e-02	339
9.999377645486970e-01	-3.815551790717268e-04	340
2.338685746940086e-01	-7.583076740113165e-02	341
9.486369229875127e-02	-6.154782058099355e-02	342
3.041551499672005e-01	-7.762741384499705e-02	343
2.612992162239531e-01	-7.678974284053741e-02	344
4.573168627167762e-01	-7.563819191974150e-02	345
7.045094889954786e-01	-5.733040585484285e-02	346
-2.065732322976500e-03	3.136894800956036e-03	347
-4.900897705808678e-04	-1.130774562991457e-02	348
5.362743540104148e-01	6.445156753958076e-02	349
-1.690274681741607e-03	-9.547637130245709e-04	350
2.815094915821074e-02	2.988648052080640e-02	351
5.365089369060928e-02	3.776439688396648e-02	352
4.000080519830536e-02	3.398168299506395e-02	353
1.149530421063903e-01	4.889354869649083e-02	354
4.099855681667379e-01	6.707460992806574e-02	355
9.970979197212447e-01	2.023835537059023e-03	356
5.204454774051650e-01	6.515951277616445e-02	357
4.729119640251130e-01	6.661269814414138e-02	358
9.731749232548913e-01	7.170311928537692e-03	359
9.620282432529221e-01	8.698924697935267e-03	360
8.901523084496596e-01	2.067917104873296e-02	361
4.887419896557538e-01	6.623774088935516e-02	362
4.413247221942058e-01	6.704384502212248e-02	363
3.790055263640334e-01	6.672717554526301e-02	364
9.263512182348445e-01	1.439322273040545e-02	365
9.090701156007921e-01	1.740965563563077e-02	366
7.744127851280147e-02	4.288610757895307e-02	367
9.780516683247613e-01	6.460145005486953e-03	368
9.557671663099319e-01	9.588715245244867e-03	369
9.419266489445859e-01	1.174177838429395e-02	370
9.539736603391344e-02	4.600123320606404e-02	371
6.115480255079196e-02	3.952677048552453e-02	372
2.894765921812451e-01	6.375682016790238e-02	373
2.611779184987091e-01	6.222953510882864e-02	374
1.703166326652671e-01	5.525555504578065e-02	375
3.186414089088091e-01	6.503796257578329e-02	376
4.570936313188071e-01	6.688208602269852e-02	377
3.944466170725746e-01	6.694605993965146e-02	378
1.471148421014478e-01	5.283735315734317e-02	379
1.253083694921136e-01	5.024759338368542e-02	380
6.299232841322331e-01	5.785027987665430e-02	381
1.948271267585125e-01	5.748323875369964e-02	382
2.205462050385029e-01	5.952879272511881e-02	383
6.602584162627015e-01	5.481217969420127e-02	384
5.678111842869742e-01	6.270192875237390e-02	385
7.468325164403063e-01	4.384116195495248e-02	386
7.188386908987527e-01	4.773304963154311e-02	387
7.996976774667552e-01	3.576126779891232e-02	388
7.738260247378854e-01	3.981350625005219e-02	389
8.477140859313452e-01	2.786882663463982e-02	390
8.243686852141651e-01	3.174654607193667e-02	391
8.998128773860848e-01	1.901640022984099e-02	392
8.696764572539536e-01	2.416874556024067e-02	393
9.490692741573099e-01	1.059986104441402e-02	394
9.179185939988354e-01	1.586455864869993e-02	395
9.678312570374635e-01	7.904398800866892e-03	396
8.588770469325893e-01	2.599139286683295e-02	397
8.801084494773104e-01	2.239801605471908e-02	398
8.121915389083710e-01	3.374445024944511e-02	399
8.362093503150696e-01	2.978702433829734e-02	400
7.604645462180178e-01	4.183753911704895e-02	401
7.869038195503312e-01	3.778611565496560e-02	402
7.044849982368504e-01	4.960954476697234e-02	403
7.329507234662458e-01	4.580742389671359e-02	404
6.451658018996296e-01	5.638027172048030e-02	405
6.751800230799860e-01	5.315620379555112e-02	406
5.520717056351814e-01	6.363700742591684e-02	407
6.145629715138229e-01	5.922193697736222e-02	408
2.075456842501716e-01	5.852910103281489e-02	409
2.338189038022422e-01	6.048317835031296e-02	410
1.585450559586709e-01	5.406858192987135e-02	411
1.824231439278652e-01	5.639350683932694e-02	412
4.660603587952987e-02	3.591032693328158e-02	413
1.360395943354628e-01	5.156731914751845e-02	414
1.390825429218652e-02	2.303303944813420e-02	415
3.384562491330913e-02	3.196812784677186e-02	416
2.075079982714423e-01	-7.450757624668107e-02	417
3.991423964572464e-03	1.522904719258213e-02	418
9.625770884625193e-01	-1.387313656788113e-02	419
8.123397530901449e-01	-4.277173039676551e-02	420
3.337099611198708e-01	-7.779872160548780e-02	421
5.206126734763978e-01	-7.281813524307404e-02	422
1.667823310338748e-03	1.240411626416148e-02	423
2.293716317546439e-02	2.769790875310508e-02	424
6.809981151046865e-03	1.793845360711973e-02	425
8.621206739847682e-02	4.447186706036151e-02	426
6.908466082189203e-02	4.123833984314713e-02	427
2.752197215574699e-01	6.302052001520442e-02	428
1.049828550344360e-01	4.747362761103369e-02	429
9.824569710505607e-01	5.725422248533110e-03	430
9.863707095729762e-01	4.982905951085337e-03	431
3.039595184097448e-01	6.443421476711153e-02	432
9.897966793363472e-01	4.219284656799744e-03	433
9.927234631561922e-01	3.458869291271123e-03	434
3.334859812116922e-01	6.557313628361036e-02	435
3.636960455426862e-01	6.642658212638131e-02	436
9.343553045046018e-01	1.301084596732639e-02	437
9.999290153251984e-01	3.827075175056683e-04	438
9.985314222388607e-01	1.305990675697239e-03	439
9.994533083070763e-01	7.207566985100759e-04	440
6.299801313630641e-01	-6.500388953238022e-02	441
3.928819178914848e-02	-4.506802479483153e-02	442
9.951618294403499e-01	2.733084982715445e-03	443
5.045984254742091e-01	6.575532299000766e-02	444
1.264090531421026e-03	-1.507753510802275e-02	445
9.526352353364895e-03	-2.597698094094997e-02	446
6.844355942377583e-02	-5.526874993171527e-02	447
1.356962089272016e-01	-6.811013414421795e-02	448
2.753701321474923e-01	-7.714403702158924e-02	449
7.147976050757547e-02	5.065300360883782e-02	450
-3.681418926139195e-03	9.006642033588679e-03	451
-4.739806818611364e-03	5.123273718857649e-03	452
2.821974973591932e-01	-9.192319930170702e-02	453
6.989769438835395e-01	-7.293779770636358e-02	454
9.158512222737712e-01	-3.406473104325522e-02	455
4.726996739619731e-03	-2.711093053974848e-02	456
5.767913218413903e-01	7.791323317939068e-02	457
6.842763230292008e-01	-7.475438423504931e-02	458
7.823870996311246e-01	-6.080391996931489e-02	459
9.893142731804012e-01	-8.800161298405206e-03	460
3.262635552338248e-01	-9.301146081758586e-02	461
8.555399071524989e-01	-4.747262263228449e-02	462
8.324735065641349e-01	-5.197367667415225e-02	463
8.803150265665036e-02	-6.975555375192229e-02	464
-4.174733117067639e-03	-1.055396971466719e-02	465
2.131832869816980e-01	-8.821607612602914e-02	466
1.225341172881440e-02	-3.500507291375016e-02	467
9.610611570251346e-01	-2.087424661459724e-02	468
1.511001633047372e-01	-8.171145228352591e-02	469
7.134744869645503e-01	-7.104715743666906e-02	470
6.543359443480951e-01	-7.817585288118387e-02	471
4.501142056693917e-01	-9.198528820999413e-02	472
7.889939085437839e-02	-6.726664395316385e-02	473
3.873134667306339e-01	-9.320899403602126e-02	474
8.973150188230111e-01	-3.847945216245111e-02	475
7.953625689432370e-01	-5.864229934926613e-02	476
5.798343957302995e-03	2.233048123065335e-02	477
1.809710693106201e-02	3.119615480195826e-02	478
6.693005160626567e-01	6.899776369518344e-02	479
8.436775229252343e-01	4.062816702009491e-02	480
1.085143096141087e-01	5.852070931058988e-02	481
6.841989201852039e-01	6.713031340033838e-02	482
1.633530152966675e-01	6.680490501958480e-02	483
8.764900972385650e-01	3.403182929613655e-02	484
9.889404309605124e-01	8.003640022581101e-03	485
3.408383802722318e-01	8.108981538974278e-02	486
5.133122410640634e-01	8.137522250373549e-02	487
9.535355663430974e-01	1.721186802675651e-02	488
8.866798534752652e-01	3.191154430472728e-02	489
9.920547632259528e-01	6.701366520803180e-03	490
9.599721343447937e-01	1.576496488261924e-02	491
9.812020049264607e-01	1.054794719240734e-02	492
2.399179321830527e-01	7.484744345629245e-02	493
3.258323520770591e-01	8.043259427974711e-02	494
2.264398038376196e-01	7.365487756797479e-02	495
9.865659044794492e-02	5.666129004580851e-02	496
6.693877538717625e-01	-7.650359883071198e-02	497
2.001597798491363e-01	-8.715245937038128e-02	498
9.410658445347289e-03	2.538136256917369e-02	499
1.403628654300894e-01	6.363926167923903e-02	500
4.807441728992364e-02	4.404411913041841e-02	501
9.715043669774669e-01	1.308871613470703e-02	502
9.946755780603910e-01	5.496612729106750e-03	503
8.964760229740026e-01	2.983900841430141e-02	504
1.628789777373016e-01	-8.326336583604323e-02	505
1.000202613187164e+00	2.372737016494993e-04	506
9.984691549527255e-01	2.975088371050900e-03	507
9.968204992698447e-01	4.260428522620824e-03	508
2.690046171905762e-03	1.915681675035214e-02	509
-2.052171361954827e-03	1.249544522609562e-02	510
1.736446206930946e-03	-2.304407827777069e-02	511
-4.127330533542705e-03	-2.035454352187290e-03	512
-3.247056635307986e-03	-2.084695486681456e-04	513
1.677132426562663e-02	-3.877303435461049e-02	514
1.000208696536868e+00	-2.296696081541379e-04	515
6.191302229244634e-02	-6.186381315242331e-02	516
9.985475880688951e-01	-3.038175198498738e-03	517
9.948629268041892e-01	-5.767369531581934e-03	518
4.180689983635900e-01	8.289290296098079e-02	519
5.454320089705463e-01	-8.748325104651657e-02	520
9.858036489986073e-01	-1.049998247178498e-02	521
8.771907324863125e-01	-4.296274334368803e-02	522
5.925030288754353e-01	7.672022691690673e-02	523
9.923211471593479e-01	-7.179138670409012e-03	524
-4.963729591980335e-03	-6.045465159728485e-03	525
4.343041569575145e-01	-9.242252117847898e-02	526
4.023986498263958e-01	8.274085545143059e-02	527
8.441737635403034e-01	-4.973351046938911e-02	528
2.818838972808239e-01	7.795935225575833e-02	529
8.665477553766299e-01	-4.521064863069075e-02	530
8.874499232589186e-01	-4.071371872763040e-02	531
7.019108962558113e-02	-6.463612143249195e-02	532
9.067893548065437e-01	-3.626644455310027e-02	533
9.244963029199489e-01	-3.187820287224449e-02	534
9.478001108108511e-01	-2.531231679767191e-02	535
2.729504379449843e-02	-4.605150694498443e-02	536
9.546652965514483e-01	-2.309963619627689e-02	537
9.669832279597793e-01	-1.865915770516277e-02	538
9.818410152276315e-01	-1.239023846533848e-02	539
1.285958244138058e-01	-7.824980687061539e-02	540
7.555893653119833e-01	-6.504397120165592e-02	541
7.691299397543312e-01	-6.293798929677367e-02	542
9.969463060566665e-01	-4.400976865495569e-03	543
4.659843426206052e-01	-9.145747918666242e-02	544
4.818712559472622e-01	-9.083504045157967e-02	545
4.977710068262507e-01	-9.013016505141931e-02	546
2.177494003354653e-02	-4.248854702609629e-02	547
4.028916172542748e-01	-9.304078475699751e-02	548
4.185588689979575e-01	-9.277810396628780e-02	549
3.412929523597740e-01	-9.319839771132771e-02	550
3.974379167825325e-02	-5.278517371091562e-02	551
9.327121282341341e-01	-2.969424741112736e-02	552
9.404781393644760e-01	-2.750557424824080e-02	553
1.396770120298795e-01	-8.004274194770072e-02	554
9.758275585523535e-02	-7.210812733418354e-02	555
5.612622602409055e-01	-8.643975885030653e-02	556
6.082959149010273e-01	-8.269466740699814e-02	557
9.724130048227408e-01	-1.648452877631552e-02	558
9.773587504306032e-01	-1.439249577830423e-02	559
7.277512103909606e-01	-6.909454746741628e-02	560
7.417855581548994e-01	-6.709747419696487e-02	561
1.075291615584058e-01	-7.431453102404732e-02	562
1.178842471688127e-01	-7.635702847166120e-02	563
5.770241158543028e-01	-8.528494930899869e-02	564
5.927058863659638e-01	-8.403499259484061e-02	565
4.665722087506744e-02	-5.597526068172865e-02	566
5.407278688402402e-02	-5.900650120860724e-02	567
8.238664984241195e-03	-3.108235991596582e-02	568
3.565042879841901e-01	-9.329793861055621e-02	569
3.718487031136861e-01	-9.329531380504098e-02	570
1.750021701372451e-01	-8.468544002625160e-02	571
1.874314129690492e-01	-8.597947916505483e-02	572
2.264697698254655e-01	-8.917434849148201e-02	573
2.400324420324773e-01	-9.002801627383512e-02	574
2.966863507754879e-01	-9.238574956136197e-02	575
3.113952107525472e-01	-9.274839154333983e-02	576
2.538728234783088e-01	-9.076185848974136e-02	577
-4.131678562510636e-03	1.507307048807692e-03	578
-7.478090627788152e-04	-1.891989738636366e-02	579
4.117363788279608e-02	4.164840555986606e-02	580
9.853053525143676e-01	9.251025985024218e-03	581
5.292373380968306e-01	8.069274539125001e-02	582
4.973700536943294e-01	8.193085396344400e-02	583
4.814432042486247e-01	8.235904991432275e-02	584
4.655338838803186e-01	8.267210702082449e-02	585
9.765783992015818e-01	1.181861175626934e-02	586
9.659685258430164e-01	1.439889990673430e-02	587
9.234638030472886e-01	2.395491038184774e-02	588
4.496458237065720e-01	8.286011116419771e-02	589
4.338226462275092e-01	8.292998786197511e-02	590
3.868227719209034e-01	8.247575858217072e-02	591
9.148789926214764e-01	2.585482695495633e-02	592
9.466617661945286e-01	1.875039464064781e-02	593
6.325291383780654e-02	4.850300031070445e-02	594
5.545678767025734e-02	4.632998875444867e-02	595
2.536824950647448e-01	7.595910771356262e-02	596
2.676694972390389e-01	7.698249094271852e-02	597
1.516808851857769e-01	6.524627514012453e-02	598
1.293845907060570e-01	6.197817347861043e-02	599
1.187727461306943e-01	6.028848217674122e-02	600
7.951084552666599e-01	4.978990516612500e-02	601
7.416818115519130e-01	5.885831575318527e-02	602
7.276644284763101e-01	6.102167592555068e-02	603
7.821831362878979e-01	5.208395908191778e-02	604
8.320419148975524e-01	4.288296265114344e-02	605
9.058822348287304e-01	2.782156983869544e-02	606
8.659165318997128e-01	3.618520485251984e-02	607
8.549768489169873e-01	3.838868872162110e-02	608
8.200637374114088e-01	4.517535962852756e-02	609
8.077427001554898e-01	4.748616766753837e-02	610
7.689682039794453e-01	5.436871821020255e-02	611
7.554609557926721e-01	5.663726079687285e-02	612
7.133975844063546e-01	6.313516925391455e-02	613
6.989031312822362e-01	6.517692462758766e-02	614
6.542332106185762e-01	7.076562019021788e-02	615
6.389929367225528e-01	7.242310804959787e-02	616
5.609976241142651e-01	7.897711954445019e-02	617
5.451332188960322e-01	7.989387871645226e-02	618
6.236227067425761e-01	7.396820008946209e-02	619
6.081216514296693e-01	7.540362701727873e-02	620
2.132451036553505e-01	7.240196889799981e-02	621
2.003194948837085e-01	7.109231376608742e-02	622
1.876933123224743e-01	6.972740157879519e-02	623
1.753692898074708e-01	6.829940122027146e-02	624
1.351285230546032e-02	2.836396487014029e-02	625
3.470917221759303e-02	3.916328707474748e-02	626
2.870673778076848e-02	3.663317495339570e-02	627
8.080526160304067e-01	-5.644740616773845e-02	628
8.204331894777722e-01	-5.421725574051626e-02	629
5.136813384410531e-01	-8.933289218092168e-02	630
5.295715619238484e-01	-8.844671417606133e-02	631
7.281970741047424e-05	1.588239896634913e-02	632
2.315596586043175e-02	3.398167131859733e-02	633
8.918609107747522e-02	5.472732169959502e-02	634
8.012588077055385e-02	5.272690628483884e-02	635
3.109944358846466e-01	7.969970159961401e-02	636
2.963245580075953e-01	7.887259262072990e-02	637
3.713651504125692e-01	8.211410552176192e-02	638
3.560325423621898e-01	8.165709246411454e-02	639
9.393574659249302e-01	2.038608416383453e-02	640
9.316281751522464e-01	2.212745181565801e-02	641
6.237700681375336e-01	-8.126826411744251e-02	642
6.391161503570106e-01	-7.976362760087800e-02	643
3.328265335255464e-02	-4.945875658296685e-02	644
-2.721073752023817e-03	-1.474398908300248e-02	645
2.679258504154550e-01	-9.137795979722779e-02	646
-7.962579437414689e-03	-9.042521071029146e-03	647
3.954128137214271e-01	-1.107907987735901e-01	648
2.888933825550890e-01	-1.085618375966443e-01	649
7.913678911222930e-01	-7.438055749757536e-02	650
5.387506736325356e-01	-1.058655889144471e-01	651
9.227304102259570e-01	-4.252139032223623e-02	652
9.919212378498284e-01	1.056642088722626e-02	653
9.885698032252194e-01	1.248709733610759e-02	654
9.646941056265390e-01	2.196421686725507e-02	655
-1.844498795157403e-03	1.987932531847885e-02	656
9.946377863226784e-01	8.773988394283564e-03	657
9.994563065427728e-01	1.750090323156915e-03	658
1.000192353991250e+00	5.485490994242915e-04	659
9.989030511542978e-01	-5.105879952811360e-03	660
1.000464787581135e+00	7.754487253774582e-06	661
1.552103898675843e-02	-4.550495513348471e-02	662
-7.245356741560727e-03	2.741723106964813e-03	663
8.996014150826118e-02	-8.131989469738157e-02	664
9.311274592301866e-01	-3.980729847721697e-02	665
9.924289274216567e-01	-1.120344738372080e-02	666
5.701974409974934e-01	9.607106137839537e-02	667
9.995013893896743e-01	-1.768686784425471e-03	668
-4.111226821075384e-04	-2.778607509199121e-02	669
7.084318684525586e-01	-8.836009801286966e-02	670
-5.258394748456429e-03	-1.859129380958246e-02	671
7.228833434289699e-01	-8.618915174998611e-02	672
1.082346789770439e-02	-4.120604697449083e-02	673
8.744849440458184e-01	-5.604704046937892e-02	674
2.829404914228166e-03	-3.232102500014967e-02	675
3.336069611327618e-01	-1.101642162188285e-01	676
8.636663307752259e-01	-5.872632343881361e-02	677
6.937546202420064e-01	-9.044240644351402e-02	678
9.950110488625535e-01	-9.161506394553480e-03	679
6.496952360305886e-03	-3.682158256103978e-02	680
9.804839556743109e-01	1.625419632312478e-02	681
5.222361206240964e-01	9.878714628588875e-02	682
9.519013116654669e-01	2.597900934444624e-02	683
6.636672971217971e-01	8.674024892074490e-02	684
9.969612439236525e-01	6.948169172797529e-03	685
5.061884223915865e-01	9.942794472849489e-02	686
2.739905706104170e-01	9.354084766555890e-02	687
3.329493941558389e-01	9.768592294895773e-02	688
1.558935756387407e-01	7.926543802785030e-02	689
6.486017725774768e-02	5.871329062313319e-02	690
1.000030483201975e+00	1.040349614328503e-03	691
-6.893647483091822e-03	-1.396860961525766e-02	692
-6.081585244899748e-03	1.208068212472765e-02	693
1.270587823122912e-02	3.440479464312000e-02	694
-7.452034883591395e-03	7.776547906388460e-03	695
9.662258501679908e-01	-2.619353235823020e-02	696
8.049124841789741e-02	-7.837172609111331e-02	697
-5.439137785233873e-03	-2.953633493125214e-04	698
1.550271587686450e-01	-9.561009819735383e-02	699
4.588118704753029e-01	-1.096746749063651e-01	700
2.082369161576012e-02	-4.977270557462959e-02	701
4.436723132548891e-03	2.731026693638694e-02	702
8.401484866354164e-01	5.501810166540222e-02	703
7.909682660616996e-01	6.555860066040986e-02	704
6.787321564039943e-01	8.473468685896524e-02	705
9.848185420904404e-01	1.432828419255242e-02	706
9.585189406103640e-01	2.394143684272989e-02	707
8.937125216263090e-01	4.212824557349120e-02	708
8.837631777737129e-01	4.465243055791024e-02	709
3.179362304787322e-01	9.680766291288982e-02	710
2.884029604691490e-01	9.472588588322232e-02	711
2.321000641271934e-01	8.955788444451358e-02	712
1.014735596998239e-01	6.877278842707453e-02	713
6.638443663288021e-01	-9.434301846462907e-02	714
6.788914152247602e-01	-9.243604551164121e-02	715
2.053164820087103e-01	-1.023593057976125e-01	716
8.259710073289319e-03	3.093313922541593e-02	717
1.443146302315366e-01	7.728156222882787e-02	718
9.756762611125317e-01	1.813661871014565e-02	719
9.987367791847886e-01	5.008251620004522e-03	720
1.029456404887122e-03	2.363806068598550e-02	721
-4.215877165197395e-03	1.602136462864820e-02	722
-3.096599570385805e-03	-2.321051864583758e-02	723
-7.312402998404841e-03	-3.492981465646246e-03	724
2.668624029639501e-02	-5.376430352070780e-02	725
1.000207024915064e+00	-5.412285092582575e-04	726
1.000058521278990e+00	-1.039166332769881e-03	727
9.718216633415816e-01	-2.349953297439962e-02	728
9.892485471156299e-01	-1.349218757573956e-02	729
5.860609217003183e-01	9.485313412001233e-02	730
4.428601556880005e-01	-1.101130027201107e-01	731
4.104072735500530e-01	1.003935602726412e-01	732
8.409165859365474e-01	-6.405575411386982e-02	733
8.524728691558784e-01	-6.140558364164567e-02	734
8.849473331991772e-01	-5.335260127563356e-02	735
8.950016535301994e-01	-5.064490640615184e-02	736
6.284162566017527e-02	-7.201968303173072e-02	737
7.144795972817691e-02	-7.527269994246770e-02	738
9.046516745965369e-01	-4.794135284746698e-02	739
9.139074891210015e-01	-4.523185730724523e-02	740
9.535829892905404e-01	-3.164503660704555e-02	741
9.601456122085976e-01	-2.891384119023491e-02	742
9.856760806613166e-01	-1.579586978644459e-02	743
7.647893058330545e-01	-7.927588817631255e-02	744
7.782202618267625e-01	-7.684745340727515e-02	745
9.972189462525164e-01	-7.157998321667593e-03	746
4.748032606301358e-01	-1.091218706088542e-01	747
4.907904952662619e-01	-1.084634506128492e-01	748
4.111570621425165e-01	-1.106791565838172e-01	749
4.269796811815855e-01	-1.104489430514161e-01	750
3.291575141939817e-02	-5.769642501547594e-02	751
9.390742269962341e-01	-3.708478986154021e-02	752
9.465510685840393e-01	-3.436794080356150e-02	753
1.318945220993167e-01	-9.139319444753292e-02	754
1.432868081745620e-01	-9.356706600508122e-02	755
5.546829475153821e-01	-1.048489017861254e-01	756
5.705985634332307e-01	-1.036763498006921e-01	757
9.769120221124558e-01	-2.087111899900761e-02	758
9.815362070231380e-01	-1.831051742200731e-02	759
7.370857818752549e-01	-8.395379285595592e-02	760
7.510607691577540e-01	-8.165338905476685e-02	761
9.985135978283879e-02	-8.411524008474414e-02	762
1.101754774283425e-01	-8.674428022871081e-02	763
1.208864337869648e-01	-8.909471737549240e-02	764
5.864191095578650e-01	-1.023817106554350e-01	765
6.021479475121323e-01	-1.009740083113970e-01	766
3.966135866622058e-02	-6.154130945376200e-02	767
4.694046189036660e-02	-6.525186553856213e-02	768
5.473212703284477e-02	-6.866885142600658e-02	769
3.488468316696792e-01	-1.104918819278245e-01	770
3.642606642204703e-01	-1.107016710639728e-01	771
3.797805296184482e-01	-1.107948022668019e-01	772
1.671367500629800e-01	-9.751714842524732e-02	773
1.795692515405586e-01	-9.927323606457308e-02	774
1.922996387176018e-01	-1.008831821171071e-01	775
2.186070519984417e-01	-1.037141154633910e-01	776
2.321692233442934e-01	-1.049471184539921e-01	777
3.036284628225019e-01	-1.092142666322602e-01	778
3.185512445158038e-01	-1.097424269202061e-01	779
2.460283049733422e-01	-1.060520658546027e-01	780
4.181473214133288e-02	5.040182308575156e-02	781
4.901389178843359e-01	9.992571327731670e-02	782
4.741179417414187e-01	1.002874469515513e-01	783
9.704226712339870e-01	2.003057217880478e-02	784
4.580998485010612e-01	1.005152157388364e-01	785
4.421281430278541e-01	1.006019738029137e-01	786
4.262348037620076e-01	1.005618324817531e-01	787
3.946669839022669e-01	1.000885336137077e-01	788
9.211599506242248e-01	3.483561922763061e-02	789
5.680757309484740e-02	5.602231883815204e-02	790
4.907200122675476e-02	5.333391654227929e-02	791
2.598233194928247e-01	9.228999595196329e-02	792
2.458315882635885e-01	9.100538926707194e-02	793
1.330801632267902e-01	7.523704042540567e-02	794
1.222221381562664e-01	7.313856367380710e-02	795
1.116611440874946e-01	7.105974341556018e-02	796
7.368989825560451e-01	7.570651249157211e-02	797
9.124210296124915e-01	3.721705194868720e-02	798
9.032608726126399e-01	3.965172278498993e-02	799
8.734072178130873e-01	4.720456806737604e-02	800
8.626934307874217e-01	4.978065958752322e-02	801
8.516038593715201e-01	5.239489764631454e-02	802
8.283750796391640e-01	5.764713647256736e-02	803
8.162382470360888e-01	6.029959272765455e-02	804
8.037514359140403e-01	6.294338975899058e-02	805
7.778960399076925e-01	6.815051511903819e-02	806
7.645248407009282e-01	7.072264838451445e-02	807
7.508417772541962e-01	7.325205273241638e-02	808
7.227189718903120e-01	7.809151931467755e-02	809
7.082794580088329e-01	8.040659226053448e-02	810
6.936040417015792e-01	8.262277094588795e-02	811
6.484181310428477e-01	8.862151983625972e-02	812
5.542344236213713e-01	9.713378649851653e-02	813
5.382489567786711e-01	9.800682565951380e-02	814
6.330197514745188e-01	9.037229980311749e-02	815
6.174922476457498e-01	9.199751764034313e-02	816
6.018312995758736e-01	9.349408174948706e-02	817
2.186773513517189e-01	8.802764194835284e-02	818
2.055364866678409e-01	8.642520744516946e-02	819
1.926766218374762e-01	8.475591268179047e-02	820
1.801077774817076e-01	8.301109128719408e-02	821
1.678391169983481e-01	8.118149228620801e-02	822
3.506056647685493e-02	4.737214721128308e-02	823
2.879807377631784e-02	4.428170932818046e-02	824
8.042378938706946e-01	-7.186475872458591e-02	825
8.168153646759246e-01	-6.929137350417180e-02	826
8.290467423082527e-01	-6.667755256347002e-02	827
5.067968752516575e-01	-1.077012287402338e-01	828
5.227930633260278e-01	-1.068319587452384e-01	829
2.289627738502831e-02	4.117590209958491e-02	830
1.751264326358970e-02	3.781343981130996e-02	831
9.170365788903245e-02	6.638825677443672e-02	832
8.234164663027406e-02	6.391734130988042e-02	833
7.339065440960001e-02	6.136071547769927e-02	834
3.030685678284560e-01	9.582408679668694e-02	835
3.790468425115803e-01	9.966258979357365e-02	836
3.635455155871697e-01	9.912874018655335e-02	837
3.481565375267449e-01	9.846869631237282e-02	838
9.448525256744665e-01	2.807953627092540e-02	839
9.373911771127708e-01	3.025502641755366e-02	840
9.294890813388132e-01	3.251371003758169e-02	841
6.177679149676261e-01	-9.946164824760030e-02	842
6.332568228087058e-01	-9.785295613837189e-02	843
6.486219475534400e-01	-9.614949590370173e-02	844
2.601323804052666e-01	-1.069577055744666e-01	845
2.743971886854311e-01	-1.078044473184906e-01	846
-1.123190075457432e-02	-1.246622854480213e-02	847
9.128564028582177e-02	-9.442151832717841e-02	848
9.993183643357100e-01	7.309464385182143e-03	849
9.849908519478108e-01	2.018850373449348e-02	850
5.481695891762233e-01	-1.253142898916821e-01	851
-1.095424696878711e-02	4.927981106000924e-03	852
9.995764524197751e-01	-3.929656220597015e-03	853
9.303102574256231e-01	-5.132216673636336e-02	854
9.384426777724711e-01	-4.800413719211667e-02	855
2.537626924931790e-02	-6.241307936624091e-02	856
9.951986042402954e-01	1.248329624462289e-02	857
4.990390941816716e-01	1.195224910709960e-01	858
-9.997796388249774e-03	-1.777432670370714e-02	859
6.626519960236227e-03	3.725404549902142e-02	860
-3.016118911476197e-03	-3.309036537193839e-02	861
9.641739253808080e-01	3.061968239815083e-02	862
9.975246434630018e-01	1.000715926288406e-02	863
-8.845219747985973e-03	1.561291457304740e-02	864
6.583068704801064e-01	1.066016529177349e-01	865
-6.793323131870488e-03	2.005503856020720e-02	866
1.000494741084223e+00	3.658442322284324e-04	867
1.000505153119763e+00	-3.494972204916414e-04	868
8.010154382167792e-01	-8.921523621017069e-02	869
1.585095308516202e-01	-1.113203828898751e-01	870
1.364990532722125e-02	-5.306488096791497e-02	871
4.035575226963058e-01	-1.304820244754895e-01	872
8.146032458085047e-02	-9.094252268326840e-02	873
4.515571511162439e-01	-1.298870253113203e-01	874
2.954256868544178e-01	-1.272641057144716e-01	875
9.888955110743063e-01	1.762439292342937e-02	876
5.636788493993040e-01	1.163449334799439e-01	877
9.578204362952052e-01	3.326509270566405e-02	878
9.510211495657359e-01	3.594484505397964e-02	879
7.874098647381877e-01	8.326517227612776e-02	880
1.477772373036150e-01	9.265373212642475e-02	881
2.656882473825077e-01	1.106100693099224e-01	882
9.931408417667167e-01	-1.575303754218899e-02	883
5.747247339309167e-02	6.698262805460962e-02	884
8.724926412832786e-01	-7.082452599894362e-02	885
9.994508671714865e-01	3.879392578768793e-03	886
9.923417621711534e-01	1.501192969127624e-02	887
9.996022012806189e-01	-7.423984251703218e-03	888
9.772180829083129e-01	-2.817964622643225e-02	889
8.720057582283627e-03	-4.809210913986939e-02	890
7.037938573671451e-01	-1.077761461448613e-01	891
-5.909900819462858e-03	-2.798724861762217e-02	892
7.184588095911876e-01	-1.053846773749453e-01	893
7.328693322191692e-01	-1.028768013456574e-01	894
4.274034806336483e-03	-4.327779944784789e-02	895
9.958000002056855e-01	-1.294144235379575e-02	896
3.247849739870801e-04	-3.807294408375349e-02	897
8.372695013798054e-01	7.121313686542918e-02	898
5.152447726820694e-01	1.189332929024203e-01	899
3.096611447561672e-01	1.148200295461643e-01	900
-1.040911330856700e-02	1.090321149384916e-02	901
2.474844308678016e-03	3.292099664331954e-02	902
6.735971565951231e-01	1.044721888599586e-01	903
8.916748634224068e-01	5.601215319655387e-02	904
3.247381945689702e-01	1.159751374129909e-01	905
2.947415061139161e-01	1.135253371474700e-01	906
2.800774231527204e-01	1.121105273630540e-01	907
6.738676594808317e-01	-1.122466313996249e-01	908
6.889154088118540e-01	-1.100735465795914e-01	909
9.804684078840860e-01	2.283007334120293e-02	910
-1.081583931005661e-03	2.874671007149460e-02	911
-4.213998565098936e-03	2.443492679904162e-02	912
-8.227205027485284e-03	-2.287544720096442e-02	913
-1.123582009177901e-02	-5.941193894989393e-03	914
1.934657171315008e-02	-5.799645634611836e-02	915
9.719793753646134e-01	-3.143716888676869e-02	916
9.899202439498499e-01	-1.874582520987385e-02	917
5.797461118860687e-01	1.151116364114509e-01	918
8.500717867698664e-01	-7.712142899179089e-02	919
8.614826861592058e-01	-7.398301313085609e-02	920
8.831486427446645e-01	-6.764496116647541e-02	921
8.934274605558558e-01	-6.441815319455124e-02	922
6.312724423014779e-02	-8.349358655679040e-02	923
7.207374779245050e-02	-8.730246914572655e-02	924
9.032706983765376e-01	-6.117277015907878e-02	925
9.127137338369659e-01	-5.790935247877300e-02	926
9.217347006042442e-01	-5.462166310767957e-02	927
9.599930270915157e-01	-3.805511215222437e-02	928
9.662306003363996e-01	-3.473777088828611e-02	929
7.746111357341762e-01	-9.488096586116861e-02	930
7.879446388938639e-01	-9.209231456534951e-02	931
9.979543953388255e-01	-1.026488451311075e-02	932
4.676820310421066e-01	-1.294312139551442e-01	933
4.838102622648581e-01	-1.288373444615797e-01	934
4.195051052859314e-01	-1.304167664737835e-01	935
4.355013737923886e-01	-1.302118694904482e-01	936
9.460880770942122e-01	-4.468702094503228e-02	937
9.532665569201095e-01	-4.137718879062657e-02	938
1.346847419498426e-01	-1.062480307554245e-01	939
1.464085398850732e-01	-1.088562465377740e-01	940
5.642719627225486e-01	-1.241962071957146e-01	941
9.819607237780553e-01	-2.498002519932923e-02	942
9.862457264757637e-01	-2.177256000208350e-02	943
7.470284551990705e-01	-1.003068413440052e-01	944
7.609659399405246e-01	-9.763728277853168e-02	945
1.015718919357410e-01	-9.772648451589887e-02	946
1.124049108001897e-01	-1.007894724368836e-01	947
1.233336494570035e-01	-1.034971927416629e-01	948
5.803004053929255e-01	-1.228663209370011e-01	949
5.961972655150020e-01	-1.214062780572917e-01	950
3.186359960529913e-02	-6.696946947079334e-02	951
3.894105577772146e-02	-7.144272236073217e-02	952
4.671490379196302e-02	-7.575345795130178e-02	953
5.469590636842511e-02	-7.956488064785658e-02	954
3.408658148183891e-01	-1.294185074120125e-01	955
3.563625062169843e-01	-1.298884454380383e-01	956
3.719968401249035e-01	-1.302104792925911e-01	957
3.877159632525145e-01	-1.304060906017174e-01	958
1.709732855227171e-01	-1.136201646272261e-01	959
1.837435566410892e-01	-1.157465643965604e-01	960
1.967955364079353e-01	-1.177068706786531e-01	961
2.101141143922213e-01	-1.195217557626056e-01	962
2.237096206670238e-01	-1.211994880019275e-01	963
3.255767607537460e-01	-1.288245658361215e-01	964
3.104328423260507e-01	-1.281157057640793e-01	965
2.376028151587176e-01	-1.227310332245269e-01	966
4.828746812126806e-01	1.199376234290912e-01	967
9.755090133384396e-01	2.540773421914996e-02	968
9.700791263688836e-01	2.800129109696626e-02	969
4.667140858260518e-01	1.202178769563414e-01	970
4.505640771665831e-01	1.203367383730367e-01	971
4.344903339960266e-01	1.202997739333726e-01	972
4.184862434002253e-01	1.201192488198844e-01	973
4.025446184738491e-01	1.197797917950804e-01	974
4.955661525307569e-02	6.386897667126532e-02	975
4.182352130594615e-02	6.033832213057894e-02	976
2.515513724923422e-01	1.091138176957068e-01	977
2.374715360069380e-01	1.074311498347993e-01	978
1.362689283634956e-01	9.017607867417236e-02	979
1.251257505685036e-01	8.762916082653495e-02	980
1.143937967711489e-01	8.519505865355818e-02	981
1.037533794352085e-01	8.248070598811987e-02	982
9.196069880548065e-01	4.713792742899025e-02	983
9.106966458813548e-01	5.006189661319314e-02	984
9.013812083910377e-01	5.301915394968888e-02	985
8.815383630815755e-01	5.903818641560070e-02	986
8.710233689877176e-01	6.206207847406817e-02	987
8.601509751528743e-01	6.510574680602271e-02	988
8.488868360937019e-01	6.816499412332384e-02	989
8.253376659201437e-01	7.425369455535968e-02	990
8.130049410104588e-01	7.729851712574196e-02	991
8.003329328557037e-01	8.030153591153313e-02	992
7.741496679357267e-01	8.619015574984143e-02	993
7.605961496534491e-01	8.908763659564300e-02	994
7.466889812979215e-01	9.189090670491677e-02	995
7.325825491600466e-01	9.461442317632741e-02	996
7.181871955991175e-01	9.723173277733635e-02	997
7.035447308891750e-01	9.978019258674513e-02	998
6.886569756089607e-01	1.021674021235629e-01	999
5.314044829056214e-01	1.182188822870902e-01	1000
5.475048445170504e-01	1.173390301228253e-01	1001
6.428609489662876e-01	1.086230376534706e-01	1002
6.272733342919218e-01	1.104497614238301e-01	1003
6.115520294405499e-01	1.121796308298185e-01	1004
5.957017079112895e-01	1.137049569877551e-01	1005
2.237671561541351e-01	1.055956888351725e-01	1006
2.103759638397950e-01	1.036655970768725e-01	1007
1.972732221170565e-01	1.016563896694297e-01	1008
1.844442089495641e-01	9.956342258255099e-02	1009
1.718977216323956e-01	9.736608958730210e-02	1010
1.596573748747223e-01	9.505966511504299e-02	1011
3.473386763251599e-02	5.666830525925619e-02	1012
2.819516650187264e-02	5.293193538867497e-02	1013
8.138061894131448e-01	-8.627472369610942e-02	1014
8.262659114912390e-01	-8.324880089990923e-02	1015
8.383319180718118e-01	-8.019758740979878e-02	1016
4.999320667194975e-01	-1.281231958878997e-01	1017
5.160702101294645e-01	-1.272854010603946e-01	1018
5.321518280342443e-01	-1.263342203999621e-01	1019
2.210563479971743e-02	4.935210586341985e-02	1020
1.630920384314939e-02	4.532088655220459e-02	1021
1.123046050403959e-02	4.121600677883346e-02	1022
9.363030160016510e-02	7.958958521430257e-02	1023
8.394447315327387e-02	7.658495374495662e-02	1024
7.467759172428519e-02	7.347878631194035e-02	1025
6.583057863245022e-02	7.026410423392621e-02	1026
3.867228900256954e-01	1.192875969900406e-01	1027
3.710341427388220e-01	1.186705007677144e-01	1028
3.554334974878907e-01	1.179189676707888e-01	1029
3.399776269237471e-01	1.170121278333520e-01	1030
9.280973996109835e-01	4.426385999329258e-02	1031
9.438116497297647e-01	3.865847229137180e-02	1032
9.361773537598360e-01	4.143202987213767e-02	1033
6.120047430590161e-01	-1.198028985657653e-01	1034
6.276612656340202e-01	-1.180964383358786e-01	1035
6.432048190531594e-01	-1.162618457710906e-01	1036
6.586079117621164e-01	-1.143272324010781e-01	1037
2.518534294888732e-01	-1.240610777582884e-01	1038
2.661364601931884e-01	-1.251804068856864e-01	1039
2.806535216102991e-01	-1.262764982092189e-01	1040
1.359553712947837e-03	-5.035346303411911e-02	1041
9.995797268526552e-01	9.419877413995525e-03	1042
9.784246495554453e-01	-3.630908868380178e-02	1043
1.000454536415748e+00	8.042745298869285e-04	1044
-2.800911936819779e-03	-4.448974799147726e-02	1045
7.364490463006186e-01	-1.226459476903544e-01	1046
9.186858645949619e-02	-1.092141561026404e-01	1047
-6.293524484027447e-03	-3.889791900325755e-02	1048
9.859544439833678e-01	2.677332113726121e-02	1049
-1.163810642377500e-02	-2.756257168165977e-02	1050
1.715550943050011e-02	-6.707086392888531e-02	1051
1.614375973442573e-01	-1.290295242394063e-01	1052
1.387985357143313e-01	1.069442009342110e-01	1053
-1.042775956994972e-04	3.925876242607065e-02	1054
-9.797775188350507e-03	2.456233008392048e-02	1055
-1.471072138850751e-02	8.086951595667337e-03	1056
-7.646781877875208e-03	4.285147161013601e-04	1057
-7.647141743128322e-03	-1.140227602404314e-03	1058
-1.101824697828016e-02	7.872599371116276e-04	1059
-1.350650687896199e-02	-2.193394834742966e-02	1060
9.999820438560922e-01	-9.559455502698218e-03	1061
3.160193890540631e-01	1.360910567923823e-01	1062
9.832633506355064e-01	-3.236218032677191e-02	1063
9.972209471196080e-01	-1.706672626981666e-02	1064
9.466110043678867e-01	-5.633067996093390e-02	1065
8.050503155563353e-01	-1.070071277646683e-01	1066
4.117666229907384e-01	-1.525143405883939e-01	1067
9.985938001972920e-01	1.329664886837957e-02	1068
9.276441591816169e-01	5.745589673987642e-02	1069
9.510846145507649e-01	4.714698698312546e-02	1070
5.490595229556177e-01	1.393668377036620e-01	1071
5.164251421770425e-01	1.409734014585584e-01	1072
6.610205852773888e-01	1.276266093823792e-01	1073
7.777346880823809e-01	1.047603348368462e-01	1074
4.918566235469432e-01	1.418141804539415e-01	1075
5.499143986546764e-01	-1.475575844703296e-01	1076
3.313758875874139e-01	1.374545259246138e-01	1077
9.963617743607962e-01	1.658977741957292e-02	1078
8.163580974850612e-02	-1.051148766992961e-01	1079
1.000307876818594e+00	1.854855221229455e-03	1080
9.899952009724572e-01	2.335732149235334e-02	1081
-1.102285167518963e-02	-1.598829620569035e-03	1082
1.000478125609742e+00	-7.899365258660558e-04	1083
1.000365042226220e+00	-1.851273456110922e-03	1084
9.387745503976803e-01	-6.033030056197774e-02	1085
2.321367113621694e-02	-7.205687997635074e-02	1086
-1.485410350321277e-02	-1.621652414363753e-02	1087
4.302293860895191e-03	4.427244855196022e-02	1088
-9.195412646353549e-03	-3.325657476454838e-02	1089
9.645784953861580e-01	4.036870124012715e-02	1090
-1.199569629477515e-02	1.957171037581829e-02	1091
1.000773722545653e+00	1.626584165533696e-04	1092
1.000778387985733e+00	-1.374651187653805e-04	1093
5.842729799433812e-03	-5.572444838238549e-02	1094
3.170349299554069e-01	-1.493272314209550e-01	1095
3.017453859721998e-01	-1.482481424657457e-01	1096
9.934629276872782e-01	1.993201639462882e-02	1097
5.735728425317966e-01	1.376507598082481e-01	1098
9.580483229600145e-01	4.375820742682356e-02	1099
9.945773063388780e-01	-2.070360204692972e-02	1100
7.071245518196301e-01	-1.281833438834539e-01	1101
-1.370693617203878e-02	1.442564357457457e-02	1102
3.008531764924181e-01	1.345953831160769e-01	1103
2.858559175869826e-01	1.329099121983947e-01	1104
2.712120318850159e-01	1.311496297694046e-01	1105
6.769234652368329e-01	-1.332127208606377e-01	1106
-3.856548848812271e-03	3.444633025221307e-02	1107
-7.045704305354039e-03	2.954584394092268e-02	1108
-1.530012327639244e-02	-9.316027586263905e-03	1109
1.110401726948240e-02	-6.155547099707397e-02	1110
8.601480335345821e-01	-9.114377823041635e-02	1111
8.713888902689372e-01	-8.744499783280532e-02	1112
8.822366044726927e-01	-8.374091801785155e-02	1113
8.927492939226240e-01	-7.993296107770109e-02	1114
7.189425813493955e-02	-1.008456311124143e-01	1115
6.260305197619660e-02	-9.639593758004268e-02	1116
9.028337383838366e-01	-7.609846123843803e-02	1117
9.124676941427573e-01	-7.220155911649592e-02	1118
9.216949678410971e-01	-6.827872893047390e-02	1119
9.304637646669914e-01	-6.432428610996412e-02	1120
9.671761581315402e-01	-4.431247810882061e-02	1121
9.730584774025334e-01	-4.030177978307231e-02	1122
7.784546322705164e-01	-1.135090380674355e-01	1123
9.992219173000135e-01	-1.356003525917578e-02	1124
4.604400428281797e-01	-1.519808092595607e-01	1125
4.767689650453985e-01	-1.514820792090896e-01	1126
4.279509736250331e-01	-1.524876688233693e-01	1127
4.441449625631819e-01	-1.523003597736694e-01	1128
9.539271555604265e-01	-5.233380712006536e-02	1129
9.607899623690627e-01	-4.832968921493368e-02	1130
1.368189907253909e-01	-1.229920049421365e-01	1131
1.489128708928829e-01	-1.260962463894540e-01	1132
9.876249666838615e-01	-2.837609730290842e-02	1133
9.913867479915311e-01	-2.450464464371250e-02	1134
7.577883466828590e-01	-1.181998858686139e-01	1135
1.027433599584539e-01	-1.131157305528468e-01	1136
1.139982799651200e-01	-1.164894655595519e-01	1137
1.251066301473956e-01	-1.197319435958371e-01	1138
5.824326633372280e-01	-1.449588285426861e-01	1139
2.998518140106929e-02	-7.736309155192397e-02	1140
3.754513393570762e-02	-8.262055337996917e-02	1141
4.577420831991260e-02	-8.742249171990461e-02	1142
5.382643726246326e-02	-9.179828685547872e-02	1143
3.324336715431670e-01	-1.502242007522579e-01	1144
3.480240685748578e-01	-1.510124270551421e-01	1145
3.638125690046539e-01	-1.516146896343025e-01	1146
3.796898492536983e-01	-1.520735884518329e-01	1147
3.956566077950693e-01	-1.523701212167114e-01	1148
1.742654280078522e-01	-1.317656484559181e-01	1149
1.874187996470762e-01	-1.343001084930738e-01	1150
2.007905796837109e-01	-1.366592635680002e-01	1151
2.144621235836286e-01	-1.388465791299605e-01	1152
2.284126951717671e-01	-1.408888264933943e-01	1153
9.813184558296534e-01	3.022736163551622e-02	1154
9.762313586803832e-01	3.360096934161354e-02	1155
9.706450928724267e-01	3.698444659216207e-02	1156
4.755386608423712e-01	1.421859776230116e-01	1157
4.591569725784188e-01	1.423771920435663e-01	1158
4.428716997158084e-01	1.423479458775008e-01	1159
4.266271652193317e-01	1.421617058348117e-01	1160
4.104767641274342e-01	1.417853649670330e-01	1161
4.932399577717967e-02	7.558747818062919e-02	1162
4.116017712194371e-02	7.156737895147217e-02	1163
2.569081206483487e-01	1.293091983226484e-01	1164
2.425752289822773e-01	1.274900402472853e-01	1165
1.273568506514361e-01	1.039098212539299e-01	1166
1.165076048086255e-01	1.009400816240202e-01	1167
1.054928347880777e-01	9.793775663681351e-02	1168
9.189897506308746e-01	6.093477884096460e-02	1169
9.099052757283750e-01	6.449344182508514e-02	1170
9.004394209536623e-01	6.802520921907682e-02	1171
8.905278874833157e-01	7.162517812894659e-02	1172
8.802031345479757e-01	7.519199495420492e-02	1173
8.695082419820260e-01	7.876310897505950e-02	1174
8.584171323480230e-01	8.230522627934278e-02	1175
8.410631345356537e-01	8.764752052478558e-02	1176
8.229905473255434e-01	9.290344601839665e-02	1177
8.040162211216119e-01	9.803637361705221e-02	1178
7.501238282653866e-01	1.111981419604403e-01	1179
7.214196728618604e-01	1.171962005950497e-01	1180
6.916545576586169e-01	1.227063543052020e-01	1181
6.296810434596722e-01	1.318744584288677e-01	1182
5.977624596821148e-01	1.354291420492928e-01	1183
2.284216343099485e-01	1.252962719853816e-01	1184
2.147349368505351e-01	1.230271454315322e-01	1185
2.013464677993514e-01	1.205979977246023e-01	1186
1.882645751940785e-01	1.181433971014624e-01	1187
1.754160962450813e-01	1.155265725938878e-01	1188
1.628539756986207e-01	1.128070222792654e-01	1189
1.506232328224266e-01	1.099349112935166e-01	1190
3.359274541998064e-02	6.712991544819076e-02	1191
2.675165428055695e-02	6.263714858172177e-02	1192
8.242860999219502e-01	-1.018725676611606e-01	1193
8.365862716352729e-01	-9.833494195566049e-02	1194
8.485091700652965e-01	-9.478206182390370e-02	1195
4.930877902442135e-01	-1.508139235840924e-01	1196
5.175305451904680e-01	-1.495557669373076e-01	1197
2.059817719729077e-02	5.843435053009007e-02	1198
1.443071677803212e-02	5.380493444821666e-02	1199
8.986182813483384e-03	4.884787571253267e-02	1200
9.483658059486814e-02	9.447518778662270e-02	1201
8.477074243851537e-02	9.086115586362868e-02	1202
7.516845995737123e-02	8.712390348958222e-02	1203
6.599661189342476e-02	8.325774120960538e-02	1204
5.731326660439384e-02	7.929932357510594e-02	1205
3.943689983948194e-01	1.412287163856424e-01	1206
3.784802321973209e-01	1.405162132512246e-01	1207
3.626484537196641e-01	1.396685683018715e-01	1208
3.469045894929910e-01	1.386454676729971e-01	1209
9.437125453000521e-01	5.054291174448507e-02	1210
9.358917422548227e-01	5.397528231488817e-02	1211
6.144754004115246e-01	-1.416101966982609e-01	1212
6.459703612120865e-01	-1.376933698512766e-01	1213
2.428006174769431e-01	-1.427221843313722e-01	1214
2.573534699573931e-01	-1.442155619692732e-01	1215
2.718225243630213e-01	-1.456441518112398e-01	1216
2.866383271940523e-01	-1.470259024555445e-01	1217
9.998660825767501e-01	-2.564992671029040e-03	1218
9.997896659388111e-01	2.544878485512032e-03	1219
-1.020704177402043e-02	-4.520821360640796e-02	1220
-1.467377819242308e-02	3.345044307285711e-03	1221
1.000823293061444e+00	-5.403353652479154e-04	1222
9.899387115640065e-01	-3.551314457367472e-02	1223
9.981068338333897e-01	2.096502528705280e-02	1224
-1.754578872526851e-02	1.836478108868106e-02	1225
9.722962628788222e-01	4.693782610194166e-02	1226
1.001116180166181e+00	-8.260683810326146e-03	1227
9.967892429219198e-01	-2.594077836901893e-02	1228
-1.964777951307689e-02	-1.317759602614542e-02	1229
1.388908807265088e-02	-7.696443081882734e-02	1230
-6.670364624045933e-03	-5.157473613143319e-02	1231
3.300812360988259e-01	1.600650943379733e-01	1232
1.000805860849510e+00	5.661974263342764e-04	1233
-7.266597546416714e-03	4.071487129290745e-02	1234
-1.574926798158733e-02	2.400225795669703e-02	1235
-2.451719160797706e-03	-5.799384462961037e-02	1236
9.855792032634210e-01	-4.039163464549120e-02	1237
5.356566322056665e-01	-1.733963020697296e-01	1238
9.953522173985222e-01	2.521206161026958e-02	1239
3.156033327916523e-01	-1.718570097016290e-01	1240
9.557911890211694e-01	-6.449831076691298e-02	1241
9.442958019794858e-01	-7.169942853306727e-02	1242
6.335576259387338e-01	-1.637223924645489e-01	1243
9.162471997252146e-02	-1.258893143852263e-01	1244
1.701916752680384e-01	-1.505526869746003e-01	1245
-1.763120037469824e-02	-2.649316015181755e-02	1246
4.282943900739911e-01	-1.761373076570807e-01	1247
7.070286565260646e-02	-1.160115913076706e-01	1248
8.083189960305295e-02	-1.210261379391963e-01	1249
1.231730728494127e-01	1.203671387024864e-01	1250
9.878487273757132e-01	3.398422340898010e-02	1251
9.325173591618262e-01	7.005786594923513e-02	1252
-1.871570615354063e-02	1.175681583513207e-02	1253
-3.419890176220363e-03	4.632794816651597e-02	1254
9.806888998727461e-01	-4.521149021388070e-02	1255
1.000409655092923e+00	1.223046067721699e-03	1256
9.919523830218089e-01	2.963096997114024e-02	1257
-9.841800187687188e-03	-3.893119247474107e-04	1258
-1.902645650783596e-02	-2.031050195167951e-02	1259
9.992314223469579e-01	-2.140719761440471e-02	1260
7.517738535479790e-01	-1.420193871057170e-01	1261
5.055480466804265e-01	1.660112956765296e-01	1262
4.763680863713139e-01	1.657223833542329e-01	1263
1.000258828156463e+00	1.679057995442048e-02	1264
1.001104377434370e+00	1.796749020464456e-05	1265
1.000770889800054e+00	8.200500621036673e-03	1266
-1.488524508030314e-02	-4.293875492054336e-03	1267
1.000446298155774e+00	-1.211886963102038e-03	1268
2.003616994365006e-02	-8.274640876532284e-02	1269
-1.567029001727083e-02	-3.270340716644375e-02	1270
-1.319583378248361e-02	-3.888796876225842e-02	1271
5.632990494110014e-01	1.629498646406477e-01	1272
7.815959619519398e-03	-7.103547884087590e-02	1273
9.660860065803146e-01	5.119225067793712e-02	1274
9.593988583883907e-01	5.541262008198444e-02	1275
5.344408748037628e-01	1.646351932215813e-01	1276
2.990971623041437e-01	1.567535417522686e-01	1277
2.691358386184607e-01	1.525291738470913e-01	1278
7.262200154860535e-01	-1.476875385901819e-01	1279
-1.058900202427123e-02	3.510936525758726e-02	1280
-1.341277673215246e-02	2.959196098337828e-02	1281
2.124088050146100e-03	-6.419669679319258e-02	1282
8.766861473416585e-01	-1.032995280592729e-01	1283
8.982050591181089e-01	-9.466681190341818e-02	1284
6.107090503125599e-02	-1.108179052641052e-01	1285
9.180375355362687e-01	-8.565448730532110e-02	1286
9.317641496717256e-01	-7.878142964118563e-02	1287
9.752374445814881e-01	-5.005894970942501e-02	1288
1.001100080600850e+00	-1.701850030824299e-02	1289
4.612457515748243e-01	-1.757799119515723e-01	1290
9.627516588384534e-01	-5.972120534638006e-02	1291
9.692503619649538e-01	-5.489923163652401e-02	1292
1.443427466943118e-01	-1.436624893003881e-01	1293
9.937189286324790e-01	-3.072164030899624e-02	1294
7.730269970226047e-01	-1.367781924918164e-01	1295
7.968323739570878e-01	-1.303488754907939e-01	1296
1.089232314643253e-01	-1.322311175428589e-01	1297
1.259583363819006e-01	-1.379455342403387e-01	1298
5.685528223366643e-01	-1.710312689730525e-01	1299
2.720472002226452e-02	-8.900140033783438e-02	1300
3.544961055807857e-02	-9.518459023406277e-02	1301
4.369968162160402e-02	-1.003169823551640e-01	1302
5.195074476611978e-02	-1.054635719773294e-01	1303
3.471098760744097e-01	-1.740303651089646e-01	1304
3.792602588235294e-01	-1.754068711662594e-01	1305
4.036535712157804e-01	-1.760614977515467e-01	1306
1.972542038195373e-01	-1.564361832055981e-01	1307
2.254569441293379e-01	-1.616516578370522e-01	1308
9.831770149834723e-01	3.836757847880101e-02	1309
9.780032552866371e-01	4.265533183288299e-02	1310
4.432141314262827e-01	1.658087550173639e-01	1311
4.103400851386493e-01	1.651229247273167e-01	1312
3.981027197455710e-02	8.416154034957654e-02	1313
2.401067660420017e-01	1.485544161778053e-01	1314
1.067051041947532e-01	1.153100778241464e-01	1315
8.181740984400521e-01	1.147707657867697e-01	1316
9.148146812696355e-01	7.832281472677027e-02	1317
8.954064420969200e-01	8.663944037248686e-02	1318
8.743131307389369e-01	9.485684661441890e-02	1319
8.546711454733221e-01	1.027575171420809e-01	1320
8.368761631855608e-01	1.088150252734337e-01	1321
7.953699055164030e-01	1.214997749064711e-01	1322
7.682304492715260e-01	1.289422463287724e-01	1323
7.398232643154833e-01	1.359261719458879e-01	1324
7.103201270973348e-01	1.423605105162385e-01	1325
6.798106396057690e-01	1.481651499356987e-01	1326
6.484731878912635e-01	1.532483374163246e-01	1327
6.164924186808584e-01	1.575649057185394e-01	1328
5.881126411310938e-01	1.607762371364082e-01	1329
2.117175125302571e-01	1.431659767385723e-01	1330
1.848902090240364e-01	1.374241497904635e-01	1331
1.653922022157926e-01	1.327123651431814e-01	1332
1.527193472700056e-01	1.293487502277923e-01	1333
1.404606566364933e-01	1.257950083036820e-01	1334
3.156874381488338e-02	7.886670668006709e-02	1335
2.431010520647896e-02	7.344588593889906e-02	1336
8.199096880583683e-01	-1.236517676823227e-01	1337
8.416833034167546e-01	-1.157700730139486e-01	1338
8.596517007394713e-01	-1.096929718160519e-01	1339
4.861121084080710e-01	-1.749734887824310e-01	1340
5.069085830264186e-01	-1.751153398794134e-01	1341
1.802781630796331e-02	6.842168013720960e-02	1342
1.181028790524588e-02	6.331579565364205e-02	1343
5.904933180580392e-03	5.737674548045436e-02	1344
1.082246814793271e-03	5.194710911555811e-02	1345
9.528015109303103e-02	1.112292958468915e-01	1346
8.465398868923552e-02	1.068880507558908e-01	1347
7.466211692657637e-02	1.024142185652345e-01	1348
6.515091637687112e-02	9.779241859878839e-02	1349
5.614915713347161e-02	9.304092684669120e-02	1350
4.797042311948037e-02	8.856150524435397e-02	1351
3.778983445656773e-01	1.635445592719589e-01	1352
3.538423932706429e-01	1.621524992553881e-01	1353
9.522915715489060e-01	5.960935087232367e-02	1354
9.447231948101812e-01	6.377929361973790e-02	1355
6.013881670321837e-01	-1.677598428816150e-01	1356
6.651621943900274e-01	-1.590280101771792e-01	1357
6.961132659547653e-01	-1.536683391594168e-01	1358
2.550344979373605e-01	-1.655391123818467e-01	1359
2.847218109764425e-01	-1.690026595327196e-01	1360
1.001256266514357e+00	1.418274460763691e-02	1361
1.000505809453405e+00	-2.481297300107810e-03	1362
1.000286957046985e+00	-3.369624233403206e-03	1363
1.000685895023760e+00	6.713395454440180e-03	1364
3.624396957936313e-02	-1.117820989313634e-01	1365
1.001458916212285e+00	2.003462677592328e-02	1366
1.001099633191780e+00	3.694681421271366e-04	1367
1.001656203626289e+00	-9.885884235777366e-03	1368
-1.794791640182083e-02	-4.498934754495096e-02	1369
-7.323746654364190e-03	-6.625184482409108e-02	1370
1.000954299716518e+00	-6.755347606414234e-03	1371
1.001943216300493e+00	-1.430945677796535e-02	1372
-1.488242798481620e-02	4.121322710260159e-02	1373
-2.332823418353548e-02	1.576989027374021e-02	1374
-2.459389644323167e-02	-1.729967354380679e-02	1375
9.861870462516459e-01	4.715860721328460e-02	1376
7.683759998258621e-01	-1.629276042114035e-01	1377
3.404655225604670e-01	1.872388136494744e-01	1378
1.001219403586532e+00	9.825096783691934e-03	1379
9.319227502286399e-01	-9.618991074552190e-02	1380
3.442797462031908e-03	-8.139014738363989e-02	1381
4.127907587337846e-02	1.004952316191250e-01	1382
-1.158233266630854e-02	4.755099637215383e-02	1383
-1.502714775493526e-02	-5.200202394249727e-02	1384
4.161100690535282e-01	-2.035147532766542e-01	1385
9.660192812942797e-01	-7.208249566587335e-02	1386
6.536574144100293e-01	-1.879222598570780e-01	1387
5.545209081313385e-01	-1.998893799181467e-01	1388
9.932890625724606e-01	-4.306136930216842e-02	1389
9.968865517344436e-01	-3.725191987914737e-02	1390
9.323328675476254e-03	-8.771461168400592e-02	1391
1.572871581764466e-02	-9.456200839494221e-02	1392
1.000803056429523e+00	1.011097155787497e-03	1393
9.980917961017309e-01	3.077405759221994e-02	1394
1.000739597583481e+00	2.563801335737560e-02	1395
9.752075350064829e-01	5.779341806079222e-02	1396
2.815279035523650e-01	1.795297303901013e-01	1397
5.783521873637746e-01	1.890310123824194e-01	1398
7.164381605918142e-01	-1.758187665269788e-01	1399
5.829257956145260e-02	-1.268201881450338e-01	1400
1.000174727636126e+00	3.352882626728856e-03	1401
1.000425008148495e+00	2.483061196724110e-03	1402
-1.378684881601205e-02	1.353911352211534e-05	1403
9.890452578320347e-01	-4.898590923378941e-02	1404
9.809817620310055e-01	5.247796538280300e-02	1405
1.001111222992622e+00	-3.337270538484376e-04	1406
9.998444735840342e-01	-3.138616877396232e-02	1407
-2.206201107629371e-02	2.270718156714149e-02	1408
-1.147240956696607e-02	-5.924741956269729e-02	1409
5.233247422217134e-01	-2.020341172297315e-01	1410
-2.388456273249576e-02	-2.473051523095993e-02	1411
6.828465930694974e-02	-1.329017007153103e-01	1412
7.892579972688729e-02	-1.388107728570106e-01	1413
9.947471730303932e-01	3.628452418807901e-02	1414
-1.961676725786386e-02	5.827734819628140e-03	1415
9.841624994474318e-01	-5.479794541785974e-02	1416
1.002136464120762e+00	-2.598351679101216e-02	1417
7.446187459817394e-01	-1.691822660660953e-01	1418
-2.008049048748396e-02	-6.901510243284589e-03	1419
1.000834963411384e+00	-9.864921831539654e-04	1420
4.886168413420024e-02	-1.205657500928653e-01	1421
-2.246972131877329e-02	-3.148541552402495e-02	1422
-2.049218233450955e-02	-3.824307717187133e-02	1423
5.218260274559124e-01	1.926891155702384e-01	1424
-2.476418365978161e-03	-7.362373595353318e-02	1425
9.688877199054449e-01	6.305641817377992e-02	1426
5.508911835286401e-01	1.910578567849995e-01	1427
3.128054003128022e-01	1.840679610410659e-01	1428
6.055104977828267e-01	1.860433801962387e-01	1429
-1.781091980750832e-02	3.510257401309961e-02	1430
-2.020407350692242e-02	2.893554797058847e-02	1431
8.944105055682553e-01	-1.160050411135228e-01	1432
9.152208563671299e-01	-1.055546210682026e-01	1433
9.451450469544190e-01	-8.781120159277921e-02	1434
9.569975704184226e-01	-7.932253975444918e-02	1435
1.002505449633348e+00	-2.024049570133098e-02	1436
4.454060339395506e-01	-2.035722793117487e-01	1437
9.726492745767540e-01	-6.643491676441343e-02	1438
9.786887333680448e-01	-6.063445503670947e-02	1439
3.909224222061239e-01	-2.028931657257538e-01	1440
8.383079257360080e-01	-1.399042521099714e-01	1441
8.573513768389346e-01	-1.321543553449207e-01	1442
7.912192664611277e-01	-1.562047389303536e-01	1443
9.363093059490650e-02	-1.457254481957258e-01	1444
1.110602298583582e-01	-1.526134559191919e-01	1445
1.288454980659559e-01	-1.594395115099612e-01	1446
2.350998902940800e-02	-1.020391629188655e-01	1447
3.295862746825208e-01	-1.991379214228804e-01	1448
3.621825052110682e-01	-2.015037636399170e-01	1449
1.513529649504390e-01	-1.670848218222065e-01	1450
1.785438015410159e-01	-1.749269891271314e-01	1451
6.854394314028704e-01	-1.822516697484900e-01	1452
9.907838214825395e-01	4.169197220779203e-02	1453
4.912768777686992e-01	1.932147217355023e-01	1454
4.606824460755470e-01	1.930005764942167e-01	1455
1.094917459477465e-01	1.356095398469490e-01	1456
9.300433792149468e-01	8.862416113849869e-02	1457
9.114835261805888e-01	9.852943330851027e-02	1458
8.335971278114037e-01	1.326185991302261e-01	1459
8.911150849263836e-01	1.083269967596219e-01	1460
8.713465882121437e-01	1.174217734840676e-01	1461
8.519987803629198e-01	1.257031876036007e-01	1462
8.125745504852866e-01	1.399058672381088e-01	1463
7.873864275732817e-01	1.479496031336776e-01	1464
7.592903134669887e-01	1.561231033675069e-01	1465
7.299796531320099e-01	1.636785943699237e-01	1466
6.995740083732359e-01	1.705426208525047e-01	1467
6.682078650079626e-01	1.766319630066096e-01	1468
6.360930943772179e-01	1.818661750818018e-01	1469
2.520964501412534e-01	1.748197539549211e-01	1470
2.222336559347826e-01	1.691782018018234e-01	1471
1.941397296182867e-01	1.624924697390507e-01	1472
1.703732574273486e-01	1.561333306810365e-01	1473
1.478438143490587e-01	1.479467302462654e-01	1474
1.262462851298490e-01	1.416217801687675e-01	1475
2.867323177892390e-02	9.205607397254767e-02	1476
2.075856319423473e-02	8.544292877937811e-02	1477
8.148325044433234e-01	-1.486562696833235e-01	1478
8.751683378304508e-01	-1.247815895651402e-01	1479
4.748875294536765e-01	-2.030975435699688e-01	1480
4.966053035905062e-01	-2.028489247471121e-01	1481
1.417612893930383e-02	7.935666232898594e-02	1482
8.114800086772060e-03	7.377324304415556e-02	1483
1.945145552335750e-03	6.689971723530244e-02	1484
-3.196441406003754e-03	6.032588911161896e-02	1485
-7.665292826681713e-03	5.406272270120408e-02	1486
9.496261879988953e-02	1.300640215189344e-01	1487
8.347957462273789e-02	1.248367729014638e-01	1488
7.294800097363158e-02	1.194721271490732e-01	1489
6.305232641802505e-02	1.139708272121902e-01	1490
5.367692672805341e-02	1.082991550061113e-01	1491
4.271272559961277e-01	1.925385166619215e-01	1492
3.937799806428330e-01	1.911142954123936e-01	1493
3.651308218891884e-01	1.893349887608819e-01	1494
9.583621473561899e-01	7.054510641524103e-02	1495
9.450739785748382e-01	7.975622233564579e-02	1496
5.881271808632308e-01	-1.968848409325308e-01	1497
6.212608433090282e-01	-1.928145385185148e-01	1498
2.067331938861297e-01	-1.817398465673299e-01	1499
2.367707089381079e-01	-1.874937504751186e-01	1500
2.668054522995755e-01	-1.918992105051358e-01	1501
2.977267114741711e-01	-1.959047061507082e-01	1502
1.000830037306775e+00	3.070437736997430e-03	1503
1.000341208274963e+00	-5.154321124340793e-03	1504
9.996168915483050e-01	-5.748572693487752e-03	1505
1.000282391783933e+00	1.156814297814113e-02	1506
-2.727043080910422e-02	2.744902494934098e-02	1507
1.000154127172346e+00	5.113330773844934e-03	1508
-2.305443798403514e-02	4.114611476852580e-02	1509
9.773399743218816e-01	-7.879886300356909e-02	1510
1.001184883084751e+00	-7.414975572351191e-04	1511
1.003627963107245e+00	-1.633412056997322e-02	1512
1.005248679733231e+00	-1.711886509336307e-02	1513
9.936886193865498e-01	-5.798147138639169e-02	1514
1.000787240639230e+00	1.454148123491632e-03	1515
9.903877555651132e-01	5.642247347085753e-02	1516
2.633494796520878e-01	2.043507700371291e-01	1517
1.002537085119624e+00	-8.692068938105570e-03	1518
1.002079875724482e+00	-7.398414671190968e-03	1519
-1.328932496879167e-02	-7.530169508625148e-02	1520
1.001159435952151e+00	7.786116088432833e-04	1521
-1.693998200044124e-02	5.497232035205878e-02	1522
1.323970891233803e-01	-1.842394153279653e-01	1523
3.335458681530470e-02	-1.286335858919898e-01	1524
9.473219482422948e-01	-1.059012031119859e-01	1525
7.874771623387564e-01	-1.850100812710285e-01	1526
1.000810236135500e+00	-1.170509318725174e-02	1527
1.001765925179168e+00	7.397470496958980e-03	1528
1.002152674370858e+00	8.693421173006770e-03	1529
1.000834063838143e+00	-1.432151187519439e-03	1530
-2.368655545195618e-02	-5.145812008717206e-02	1531
5.672329951411762e-01	2.204890378982995e-01	1532
6.751193013008117e-01	-2.142735834335020e-01	1533
4.309832582759269e-01	-2.342139629976187e-01	1534
5.954877866711149e-01	2.177008285874520e-01	1535
9.456885196050883e-01	9.845090824358743e-02	1536
9.094119616730788e-01	1.214342113107622e-01	1537
3.242572329484520e-01	2.143928490627141e-01	1538
2.663915356799632e-02	1.081651105615802e-01	1539
5.112581923259093e-01	-2.334624536536133e-01	1540
-2.016516912774306e-02	4.777326181914403e-02	1541
1.002634652741296e+00	2.984603324430977e-02	1542
5.414630376041704e-01	-2.318767262166287e-01	1543
9.994136803528648e-01	5.669095332480564e-03	1544
1.002810272005812e+00	1.626478880786194e-02	1545
1.004370957955693e+00	1.712664410339394e-02	1546
1.000937296893204e+00	-3.059597205052309e-03	1547
-2.856514363965081e-02	2.010198272717275e-02	1548
3.511349863048409e-01	2.175597388958851e-01	1549
1.001471847260627e+00	1.989334763406840e-04	1550
1.001477891742668e+00	-1.504593826430711e-04	1551
-8.206541494258540e-03	-8.392780771807302e-02	1552
-1.742082588235091e-02	-6.740684973569862e-02	1553
4.029639060815798e-01	-2.336088499957343e-01	1554
9.978032094825924e-01	-5.089788426426011e-02	1555
1.000975599932388e+00	-4.390095141820004e-02	1556
-2.360400809855586e-03	-9.249029695860714e-02	1557
3.373131413601072e-03	-9.942932410807133e-02	1558
1.000819061190426e+00	2.085208056313208e-03	1559
9.948944921956006e-01	4.976269341137808e-02	1560
9.853144048042615e-01	6.293821534965739e-02	1561
2.941037468104873e-01	2.098076720792381e-01	1562
7.071469090417585e-01	-2.073833387513462e-01	1563
4.925474131413798e-02	-1.406055822523256e-01	1564
1.003912659862370e+00	-3.720850107030225e-02	1565
-2.088970274884196e-02	-5.930074154677959e-02	1566
-3.017500230965094e-02	-2.166231925091063e-02	1567
6.477436875807434e-02	-1.510479466312740e-01	1568
7.768776099867059e-02	-1.594743136074108e-01	1569
1.001835560315292e+00	3.677101555069223e-02	1570
-2.432595297281654e-02	9.606466208598001e-03	1571
-1.811076445165449e-02	-2.382990135582242e-03	1572
1.004292787145801e+00	-3.012505621948709e-02	1573
7.372632424732665e-01	-1.999191830346630e-01	1574
7.636845894846956e-01	-1.925208913928756e-01	1575
-1.990659155643425e-02	-4.590595279135591e-04	1576
-2.510207880868302e-02	-1.079889267608349e-02	1577
1.000888702369743e+00	-2.066194183139087e-03	1578
-2.944721702832873e-02	-2.947818940324571e-02	1579
-2.816975141860426e-02	-3.685658066859004e-02	1580
-2.616447334499208e-02	-4.424623048828043e-02	1581
5.385644163386275e-01	2.223287442606197e-01	1582
9.795714247133505e-01	6.943418097660853e-02	1583
-2.551062929430011e-02	3.432507293716411e-02	1584
9.136354709999064e-01	-1.281637358845426e-01	1585
9.323584062665686e-01	-1.164699566895170e-01	1586
9.597773236421369e-01	-9.581271252144419e-02	1587
9.700213972876857e-01	-8.641384268046996e-02	1588
9.835788294720298e-01	-7.190981388987569e-02	1589
9.889795935143392e-01	-6.494215303356052e-02	1590
8.567538836561472e-01	-1.575609579022039e-01	1591
8.352975537920677e-01	-1.671583277822444e-01	1592
9.439572305263276e-02	-1.679295328510153e-01	1593
1.119372348694728e-01	-1.755655642726681e-01	1594
1.029772410118483e-02	-1.076683455748543e-01	1595
2.084467213290016e-02	-1.181543125453275e-01	1596
3.438260599722699e-01	-2.297636128958166e-01	1597
3.752529338162800e-01	-2.322127583801067e-01	1598
1.578316541727252e-01	-1.936282800763900e-01	1599
9.984789891023351e-01	4.313171071078320e-02	1600
5.076873176642546e-01	2.234758047697107e-01	1601
4.765065391885774e-01	2.235457824831410e-01	1602
9.289440280072147e-01	1.097074668528097e-01	1603
8.895925451825039e-01	1.323587638576359e-01	1604
8.700093551397431e-01	1.424386417620153e-01	1605
8.506064741678089e-01	1.514108438521630e-01	1606
8.305965662167839e-01	1.596447493212600e-01	1607
8.071709450647574e-01	1.684496096311855e-01	1608
7.801903080216371e-01	1.776917902443928e-01	1609
7.510184438670591e-01	1.866296321847551e-01	1610
7.206537147721789e-01	1.947924129940058e-01	1611
6.892105110368949e-01	2.020922916890594e-01	1612
6.568714814544464e-01	2.084517740526747e-01	1613
6.249852210538758e-01	2.137064152842376e-01	1614
2.329932356220008e-01	1.983889607850809e-01	1615
1.516514015349206e-01	1.740377990607899e-01	1616
1.309431249643017e-01	1.659626277108200e-01	1617
2.029268751797149e-01	1.908968092505071e-01	1618
1.764175310061415e-01	1.830957943305056e-01	1619
1.108611828080389e-01	1.583162777606472e-01	1620
1.606839015317495e-02	9.877380806109350e-02	1621
8.109991620370767e-01	-1.767793971035172e-01	1622
8.748520220452246e-01	-1.489476611542425e-01	1623
8.935865773909177e-01	-1.394466027732326e-01	1624
4.609664507341478e-01	-2.341824763561147e-01	1625
4.863774081431093e-01	-2.339346591244581e-01	1626
8.943013618297559e-03	9.133489139511794e-02	1627
3.003341342751939e-03	8.506605897577348e-02	1628
-3.135544517648177e-03	7.735918646850942e-02	1629
-8.564081172782276e-03	6.955670542922988e-02	1630
-1.305953775627223e-02	6.237714081498645e-02	1631
9.500688960796282e-02	1.516916801709315e-01	1632
8.137490181726670e-02	1.445943417022393e-01	1633
7.015234724631592e-02	1.378765676281271e-01	1634
5.973064322641456e-02	1.314793211155777e-01	1635
4.981113112332673e-02	1.251206513994983e-01	1636
3.903784242284749e-02	1.174742780683889e-01	1637
4.444032102046599e-01	2.230645081618041e-01	1638
4.101691457672350e-01	2.218632502068315e-01	1639
3.785361913527969e-01	2.199102730237541e-01	1640
9.712188672320980e-01	7.747596776051041e-02	1641
9.599673882102899e-01	8.734275331351542e-02	1642
5.745257083906614e-01	-2.292349712215853e-01	1643
6.088618050757930e-01	-2.252858341554884e-01	1644
6.423691204386347e-01	-2.202431550326907e-01	1645
1.862772165249600e-01	-2.025671437743405e-01	1646
2.164126844794287e-01	-2.103359767180942e-01	1647
2.475440172296595e-01	-2.166053923933529e-01	1648
2.785093084662343e-01	-2.216485891983371e-01	1649
3.107052649160315e-01	-2.261938971114948e-01	1650
-3.455548700616016e-02	2.473901094085346e-02	1651
1.000475640937499e+00	-4.338729743326319e-03	1652
1.006105735289297e+00	3.376669088931759e-02	1653
-3.287206344870864e-02	-5.058078926053153e-02	1654
1.003522710179844e+00	1.411972423445566e-02	1655
9.999444772212471e-01	5.801824700695261e-02	1656
3.629240472513569e-01	2.515448994369237e-01	1657
8.569693899241516e-01	-1.864175939961167e-01	1658
-2.050075013555802e-02	-8.518545074156715e-02	1659
1.001246810980767e+00	1.748152739380506e-03	1660
9.629333610123613e-01	1.061982590297261e-01	1661
1.000321542256554e+00	4.316041514946090e-03	1662
-2.439015282885332e-02	3.454353564264704e-03	1663
1.003161542795431e+00	-1.007861806945369e-02	1664
1.000978136296960e+00	-3.977650504181258e-03	1665
8.335490652359999e-01	-1.977315285507018e-01	1666
-2.961224980797848e-02	1.341526016657537e-02	1667
1.001072581725340e+00	-2.619530912451204e-03	1668
1.001743767425448e+00	6.239686885592332e-03	1669
-3.057979402598201e-02	-5.827808025760594e-02	1670
8.089910622998836e-01	-2.081950101028144e-01	1671
4.463004402623046e-01	-2.684786137185860e-01	1672
9.897780241058239e-01	-8.390961668962897e-02	1673
1.357889589529545e-01	-2.125507210627106e-01	1674
4.164712327242647e-01	-2.679335148588950e-01	1675
9.959056855624105e-01	6.593950230625133e-02	1676
9.475029983518172e-01	1.197635629264447e-01	1677
5.555150789294209e-01	2.553651877570633e-01	1678
2.432014321780850e-01	2.310838962001937e-01	1679
9.506181333120162e-01	-1.264670339492660e-01	1680
-2.352952006770298e-02	6.292157140338879e-02	1681
2.117024351174523e-01	2.229591314757279e-01	1682
5.850222897630596e-01	2.529459064177655e-01	1683
1.000833140099529e+00	3.979155185945367e-03	1684
1.002698069184323e+00	1.009016260113136e-02	1685
1.002000556156212e+00	-6.227022216083297e-03	1686
1.004219702946625e+00	-1.411976038895237e-02	1687
1.005041527649872e+00	-2.329803433317665e-02	1688
1.000980766372203e+00	2.639950356325674e-03	1689
1.002241866757533e+00	1.190371332989231e-02	1690
1.001193056933138e+00	1.234748219624001e-03	1691
1.003381673825998e+00	-7.666988452180700e-03	1692
1.001306971060731e+00	-1.711867872153731e-03	1693
-2.462129512346625e-02	-7.608869110475990e-02	1694
1.001477412398435e+00	5.756873326379077e-04	1695
1.001496569571364e+00	-5.272696560201302e-04	1696
1.001887442306282e+00	3.155475419511773e-05	1697
1.001234416902915e+00	-1.197908047088481e-03	1698
9.294471050995030e-01	1.334838370721008e-01	1699
3.347989233903101e-01	2.481805868987242e-01	1700
-2.660783893401554e-02	5.477282804669011e-02	1701
-2.933472916566765e-02	4.760460687857582e-02	1702
5.285616196401789e-01	-2.672287235423665e-01	1703
1.004830386915830e+00	2.635062449272535e-02	1704
1.003801575885112e+00	2.318357763956866e-02	1705
1.002802299410571e+00	-1.194058148545571e-02	1706
1.003039645719276e+00	7.723296988088992e-03	1707
-2.798015331564061e-02	-6.703985975862610e-02	1708
1.003234208414333e+00	-5.887456996208557e-02	1709
1.006083583173550e+00	-5.050411670497790e-02	1710
-1.540513607831093e-02	-9.488468234473670e-02	1711
-6.727339881252841e-03	-1.081663302912679e-01	1712
1.629240156047873e-02	-1.357414504583461e-01	1713
3.053918731667739e-01	2.435370816395792e-01	1714
2.742866469021779e-01	2.375904695681404e-01	1715
6.983721260243844e-01	-2.427753450654015e-01	1716
1.006949284082066e+00	-4.256837299719207e-02	1717
3.040830180295031e-02	-1.483485381060990e-01	1718
4.597885795823108e-02	-1.613859387309036e-01	1719
5.968780250131200e-02	-1.721770079442602e-01	1720
-3.070069930864863e-02	-1.463331795095371e-02	1721
1.007987073126326e+00	-3.388020149275789e-02	1722
1.006266440967958e+00	-2.644204547346620e-02	1723
7.301834964325702e-01	-2.345441430592156e-01	1724
7.590730003866187e-01	-2.259843591792876e-01	1725
7.848206991160286e-01	-2.173393234757308e-01	1726
-2.520812399082115e-02	-5.260839117035385e-03	1727
-3.651742280810755e-02	-2.625923374893490e-02	1728
-3.593442450482744e-02	-3.443477752336863e-02	1729
-3.469030718434603e-02	-4.261552095370934e-02	1730
9.911144898134103e-01	7.385080556887302e-02	1731
-3.163042729881625e-02	4.016345388420069e-02	1732
-3.340049954380886e-02	3.247995247646365e-02	1733
9.338733978384514e-01	-1.396683347885742e-01	1734
9.642199824367764e-01	-1.141046804148008e-01	1735
9.752459106037441e-01	-1.024829193025891e-01	1736
9.836679631401968e-01	-9.229343650479227e-02	1737
9.952372151996584e-01	-7.547133128172662e-02	1738
9.996247144873575e-01	-6.716553219977973e-02	1739
7.577412213605368e-02	-1.829220922765774e-01	1740
9.356105003700019e-02	-1.926167658444887e-01	1741
1.123608261780171e-01	-2.017098532568611e-01	1742
4.853793226291599e-03	-1.232486507818778e-01	1743
3.570627568749071e-01	-2.640344630977846e-01	1744
3.875783142699575e-01	-2.665303785515152e-01	1745
1.004544269695267e+00	4.225484827844953e-02	1746
1.003239573559938e+00	4.996975190277205e-02	1747
5.249771833875907e-01	2.569307821780552e-01	1748
4.928772879435761e-01	2.575189854919679e-01	1749
9.099027086597585e-01	1.467795593761461e-01	1750
8.903238731771925e-01	1.589816407608428e-01	1751
8.705033946535120e-01	1.702025726321457e-01	1752
8.502584714770444e-01	1.803559799716493e-01	1753
8.281339327649940e-01	1.902676135067377e-01	1754
8.025154667901065e-01	2.006526228899825e-01	1755
7.739164857228197e-01	2.110759505954569e-01	1756
7.435098547909622e-01	2.208417674804586e-01	1757
7.118973799485173e-01	2.296439314360132e-01	1758
6.792474189754569e-01	2.373919255268427e-01	1759
6.464030584355670e-01	2.439343658681971e-01	1760
6.149643571607909e-01	2.491282990148219e-01	1761
1.325290182272168e-01	1.933038607168414e-01	1762
1.824359283606116e-01	2.137498038830768e-01	1763
1.554783243694815e-01	2.034335421537023e-01	1764
1.126131125207807e-01	1.841947198502526e-01	1765
1.122495359057253e-02	1.145221697999248e-01	1766
8.767082991100531e-01	-1.759000502251213e-01	1767
8.950654004887918e-01	-1.653937586437957e-01	1768
9.145779473914910e-01	-1.531626248588588e-01	1769
4.742957190177098e-01	-2.685193988525825e-01	1770
4.997727303725797e-01	-2.682746774804750e-01	1771
2.330546689062940e-03	1.045369645735610e-01	1772
-3.483779569376849e-03	9.688526279241426e-02	1773
-9.659474899410860e-03	8.858043871490448e-02	1774
-1.516844579307645e-02	7.968571336287490e-02	1775
-1.971131805532702e-02	7.129817553827168e-02	1776
9.410348483689743e-02	1.760837985099427e-01	1777
7.817100092519788e-02	1.673327301653791e-01	1778
6.052220998081790e-02	1.541292221894506e-01	1779
4.519482662892175e-02	1.431004479449804e-01	1780
3.416981727760950e-02	1.354904285844918e-01	1781
2.272633877768395e-02	1.258637762139449e-01	1782
4.607974090002270e-01	2.571758960408430e-01	1783
4.271019394377526e-01	2.561061566099170e-01	1784
3.932932809756273e-01	2.541575426447393e-01	1785
9.844193840621279e-01	8.286148507651141e-02	1786
9.752742952314154e-01	9.359284334391639e-02	1787
5.611809628190007e-01	-2.650063239932623e-01	1788
5.960778587573504e-01	-2.614552499610147e-01	1789
6.311040770980586e-01	-2.563711854412198e-01	1790
6.651342531041760e-01	-2.501182439439198e-01	1791
1.634524581726109e-01	-2.236438564188843e-01	1792
1.937949209016998e-01	-2.338570826223264e-01	1793
2.257419880865722e-01	-2.425455870359199e-01	1794
2.578632811629800e-01	-2.492888108435834e-01	1795
2.900757147661022e-01	-2.551479523132431e-01	1796
3.237892914385926e-01	-2.602210204128310e-01	1797
1.003974780986803e+00	-8.914973019674624e-03	1798
1.009513338218887e+00	-3.060056042624815e-02	1799
1.006540337709015e+00	6.638259633689476e-02	1800
-3.557407036445354e-02	1.739061123915214e-02	1801
-3.017923041910307e-02	6.467238851372051e-03	1802
1.010188961512029e+00	-6.688975382315979e-02	1803
6.900960085017185e-01	-2.824277049592218e-01	1804
8.584366576981860e-01	-2.189547296825995e-01	1805
3.454600470010098e-01	2.859600747147016e-01	1806
1.006634138683019e+00	3.898890673097878e-02	1807
1.003056220732979e+00	-6.746249282495033e-03	1808
1.000762339170910e+00	5.470299467592081e-03	1809
1.000972523654719e+00	-5.490340663353307e-03	1810
1.001597054468659e+00	-9.486627614750031e-04	1811
-2.092911238617000e-03	-1.406240572701102e-01	1812
1.003563260026088e+00	8.983019355380161e-03	1813
1.001904838369220e+00	-3.178427915108834e-04	1814
9.510542739351394e-01	1.437337223544188e-01	1815
1.004315108552739e+00	1.218798424939697e-02	1816
1.007151634926965e+00	2.385454474766722e-02	1817
1.004672859352410e+00	2.010913118258215e-02	1818
1.001562677183382e+00	9.992421435262601e-04	1819
9.553840544002412e-01	-1.497387571055501e-01	1820
8.803114034221672e-01	-2.061667137894617e-01	1821
-3.697177570332509e-02	-1.855892380926176e-02	1822
-3.318877010430610e-02	-8.532013361907674e-02	1823
4.914743324475071e-03	1.321101389420077e-01	1824
1.883344816538215e-01	2.484615882327631e-01	1825
1.005729229630036e+00	-2.012589922374827e-02	1826
9.808510407237697e-01	1.116013236216498e-01	1827
8.337650974555235e-01	-2.318126868244799e-01	1828
1.122133360887220e-01	-2.314741458640825e-01	1829
1.008831985950548e+00	-3.914194687222846e-02	1830
-2.920599373026792e-02	-9.577834150491067e-02	1831
4.741015168419050e-01	-3.061710341194662e-01	1832
1.007659604426981e+00	5.648506722940987e-02	1833
5.737680810210997e-01	2.920687745455539e-01	1834
1.002719697413553e+00	-8.636850717794887e-02	1835
5.479010983350386e-01	-3.045791514298357e-01	1836
-3.149341414469691e-02	7.139768743929951e-02	1837
1.330268203910219e-01	2.242584959635226e-01	1838
1.383711299943335e-01	-2.446373498295013e-01	1839
4.309623150075965e-01	-3.062437035136635e-01	1840
3.759097703227814e-01	2.896143727778689e-01	1841
-4.078947245362129e-02	-5.711145629539000e-02	1842
-3.880029551066696e-02	-6.540620278469507e-02	1843
1.001359219450044e+00	2.261107789217583e-03	1844
-2.875253242618966e-02	-6.547390963453989e-04	1845
9.675368939121765e-01	1.273498733827501e-01	1846
2.200710881892065e-01	2.589589206739512e-01	1847
1.001439348139826e+00	-2.223842748992054e-03	1848
1.004906238285590e+00	-1.212020741952828e-02	1849
-3.643528285862280e-02	-7.522230979520217e-02	1850
1.001669388509454e+00	1.445191361104804e-03	1851
1.002762534023099e+00	6.799167129743581e-03	1852
1.001892176326502e+00	3.811830155892657e-04	1853
1.001720467302400e+00	-1.392238316287664e-03	1854
-3.438850709885347e-02	6.216909601242294e-02	1855
-3.683898036128821e-02	5.434858273881962e-02	1856
1.007818140751217e+00	3.063287421274354e-02	1857
1.010801982858653e+00	-5.681344674848298e-02	1858
9.127064710759600e-02	-2.202413670042845e-01	1859
3.154913281633357e-01	2.811043363801349e-01	1860
2.842927945888002e-01	2.747791861197816e-01	1861
2.526986660521919e-01	2.675854065275000e-01	1862
1.062933064136302e-02	-1.556956585319819e-01	1863
2.509323682893467e-02	-1.698069080566673e-01	1864
3.919934865667728e-02	-1.834151365120318e-01	1865
1.014897450642182e+00	-4.747425422932394e-02	1866
1.008440510281205e+00	-2.377900563646748e-02	1867
7.236342018932393e-01	-2.734465629641523e-01	1868
7.548481644262446e-01	-2.637346648348256e-01	1869
7.829647012042215e-01	-2.537323594525714e-01	1870
8.086816948980443e-01	-2.433221892228042e-01	1871
-3.093555827206230e-02	-7.888291480038476e-03	1872
-4.235287263254982e-02	-4.855753669849750e-02	1873
-4.381348889283711e-02	-3.093369834431942e-02	1874
-4.338161967077148e-02	-3.977479805077358e-02	1875
1.002695375610536e+00	7.547827864969026e-02	1876
-3.890319527315999e-02	4.627019861599661e-02	1877
-4.048033496390822e-02	3.794887121883604e-02	1878
-4.150493194743616e-02	2.952871656229817e-02	1879
9.702871842663128e-01	-1.344959151955582e-01	1880
9.821735984852071e-01	-1.201658285736392e-01	1881
9.912595900690120e-01	-1.072130846246487e-01	1882
9.977877621086788e-01	-9.623457803923320e-02	1883
1.006793564959507e+00	-7.632263353538955e-02	1884
5.452308397067000e-02	-1.964871638557340e-01	1885
7.246076344126695e-02	-2.091761922095882e-01	1886
-2.266488126330431e-02	-1.088493118179282e-01	1887
-1.357478548123475e-02	-1.249462986470597e-01	1888
3.694044949770847e-01	-3.023347742591277e-01	1889
4.003828552748271e-01	-3.048788802351604e-01	1890
1.012276292582135e+00	4.756285609909489e-02	1891
5.427152614493119e-01	2.940678117193251e-01	1892
5.102889174592116e-01	2.951952913562594e-01	1893
9.325018222907244e-01	1.597360006110247e-01	1894
9.131363605601196e-01	1.746596034500855e-01	1895
8.933466146623783e-01	1.884210123471474e-01	1896
8.728025030240359e-01	2.011284491746375e-01	1897
8.510352561847923e-01	2.129762959262602e-01	1898
8.266458771844811e-01	2.248148894344168e-01	1899
7.989603950145843e-01	2.368495836599668e-01	1900
7.687091986815630e-01	2.485026527486925e-01	1901
7.368305229379828e-01	2.591827485728652e-01	1902
7.037470823888708e-01	2.686685411547404e-01	1903
6.700280340658551e-01	2.768150247681276e-01	1904
6.369432392199273e-01	2.834676347357575e-01	1905
6.050658236226742e-01	2.885859205818661e-01	1906
1.588531221486141e-01	2.365830641094318e-01	1907
1.116862022739317e-01	2.130459815354293e-01	1908
9.303865429954483e-02	2.037445518379160e-01	1909
9.375996988334823e-01	-1.654856489918585e-01	1910
8.993231804527163e-01	-1.939495270688584e-01	1911
9.182742182889549e-01	-1.806271992043658e-01	1912
5.159326984054793e-01	-3.063512712277915e-01	1913
-5.069356606231699e-03	1.198041191809986e-01	1914
-1.205088945590114e-02	1.092372600563050e-01	1915
-1.751830553053771e-02	1.006078942360495e-01	1916
-2.326966823778675e-02	9.061568897816874e-02	1917
-2.774089204436780e-02	8.084855627334597e-02	1918
7.440750221187534e-02	1.931275988516929e-01	1919
4.057938982774406e-02	1.654649268007519e-01	1920
2.831915534440460e-02	1.553570230818326e-01	1921
5.589134463464423e-02	1.789638672358014e-01	1922
1.629621118802562e-02	1.447838887459021e-01	1923
4.772196406837280e-01	2.952073326175600e-01	1924
4.436893483295736e-01	2.942758630454004e-01	1925
4.090627266917239e-01	2.924105924718536e-01	1926
9.977622687037839e-01	8.582618474398197e-02	1927
9.907691840811697e-01	9.763280971482759e-02	1928
5.829780036792487e-01	-3.016124843847068e-01	1929
6.195231790605312e-01	-2.967056047263136e-01	1930
6.553375711435030e-01	-2.902242426056816e-01	1931
1.683742271829093e-01	-2.575702415574493e-01	1932
2.008953695665316e-01	-2.691623933506777e-01	1933
2.345740858333810e-01	-2.787416037404940e-01	1934
2.676052137231005e-01	-2.860880885834938e-01	1935
3.015629201939212e-01	-2.928082982159844e-01	1936
3.363035088710873e-01	-2.983417850698458e-01	1937
1.399387781048764e-01	-2.809009577726170e-01	1938
1.001560154929434e+00	2.839651507921787e-03	1939
1.004784157634572e+00	-7.766608698357675e-03	1940
1.004264758186118e+00	-6.838688688100407e-03	1941
1.002110064407095e+00	-1.044891239152997e-03	1942
1.005586703265577e+00	1.383360858876030e-02	1943
9.442155162666765e-01	-1.937729878320513e-01	1944
1.001664377579272e+00	-2.798932633700514e-03	1945
1.012460541878157e+00	7.426161144403430e-02	1946
1.110267859943079e-01	-2.651899990058710e-01	1947
1.008161013579999e+00	2.050876237318085e-02	1948
1.006860600270507e+00	1.838348466912010e-02	1949
1.006278379287181e+00	-1.371779558246160e-02	1950
1.001837342955021e+00	-1.892422379490477e-03	1951
1.002950582352181e+00	-5.624701950440003e-03	1952
1.004722165607770e+00	-1.030707022966756e-02	1953
1.004230492612385e+00	1.039331342010110e-02	1954
-5.131493471403546e-02	-5.460198070518204e-02	1955
1.001946739819845e+00	7.020429000364246e-04	1956
1.616178045914765e-01	2.739709135221929e-01	1957
-1.053918534843147e-02	-1.601686482967065e-01	1958
9.252103971500423e-01	-2.105239606870162e-01	1959
8.856802423558451e-01	-2.401713410633277e-01	1960
-4.749512908970444e-02	5.256424435233460e-02	1961
5.614342425226698e-01	3.353910217685464e-01	1962
3.250176651503593e-01	3.230333463229063e-01	1963
9.782425327421554e-01	-1.572047050091464e-01	1964
7.177261241386116e-01	-3.170966257977729e-01	1965
4.139724275631618e-01	-3.477273477411846e-01	1966
-1.395958760424404e-02	1.369475228360458e-01	1967
4.971796338420297e-02	2.063590703498668e-01	1968
8.754041388834598e-02	-2.513117618605903e-01	1969
1.014165624182390e+00	6.228159672156514e-02	1970
1.015597190348232e+00	5.490836651122110e-02	1971
-3.620673355457200e-02	1.014475607107531e-02	1972
-2.239685775131131e-02	-1.430410788232467e-01	1973
6.822073812682269e-01	-3.268288511122769e-01	1974
8.618979481160826e-01	-2.553171386066134e-01	1975
3.567714305767226e-01	3.282470311312755e-01	1976
1.001772957279236e+00	5.192723480255461e-03	1977
1.001980802204082e+00	-5.166214358020547e-03	1978
1.001971190472671e+00	-6.370395614403888e-04	1979
1.004423092294948e+00	7.887941707337736e-03	1980
1.003954146647239e+00	6.946406906013217e-03	1981
1.001588699725493e+00	-3.491939404045359e-03	1982
1.008366856043360e+00	2.729003569396139e-02	1983
1.001457214207125e+00	3.522790918765024e-03	1984
9.062741200947000e-01	-2.254870591051631e-01	1985
9.623984623653381e-01	-1.755654003496705e-01	1986
-4.405055484133177e-02	-2.251533449970424e-02	1987
1.938168686552583e-01	2.875816478081962e-01	1988
1.009863375080464e+00	-2.718432289519345e-02	1989
9.741298934573980e-01	1.508509330994316e-01	1990
1.012545753871593e+00	-3.489501597884299e-02	1991
-4.320324909693462e-02	-9.497916223171492e-02	1992
5.346513375449206e-01	-3.484195605170549e-01	1993
3.900009162757370e-01	3.322007001166029e-01	1994
1.327182436390439e-01	2.592868032339709e-01	1995
-4.638236357160129e-02	-8.387896028364542e-02	1996
1.002711039847010e+00	5.687166545644969e-03	1997
-3.469567035015875e-02	1.689861800982149e-03	1998
-3.491614555611966e-02	-2.797931235084064e-03	1999
9.882321451395255e-01	1.315924826121671e-01	2000
-5.007634601940660e-02	-6.368971738631418e-02	2001
-4.849641703004028e-02	-7.284176629441773e-02	2002
1.001766824318951e+00	1.946727770613478e-03	2003
1.002357267640779e+00	4.014325001211071e-05	2004
1.002070019913013e+00	1.113646648052804e-03	2005
-4.366139786113363e-02	6.995593121505236e-02	2006
-4.574019987654004e-02	6.123281703474989e-02	2007
1.010590420883138e+00	3.503664743269470e-02	2008
2.930968935010967e-01	3.162744116049598e-01	2009
2.609763766550641e-01	3.083174965630915e-01	2010
2.277614987282751e-01	2.992401335309861e-01	2011
2.814322068114792e-03	-1.776002423402802e-01	2012
1.625260525908400e-02	-1.924742307716506e-01	2013
1.017565528775135e+00	-6.226112092773771e-02	2014
1.018592676399628e+00	-5.472660873075243e-02	2015
1.007821915354885e+00	-1.825469777818268e-02	2016
1.009249499656075e+00	-2.033035273756078e-02	2017
7.512793603095840e-01	-3.062228343644978e-01	2018
7.819810559433512e-01	-2.947091009719179e-01	2019
8.098903303100204e-01	-2.827000528034496e-01	2020
8.362046579263293e-01	-2.697587601674951e-01	2021
-3.709621242147156e-02	-1.128734686912644e-02	2022
-5.217568371747897e-02	-3.580341146958956e-02	2023
-5.201558983497992e-02	-4.524507336589366e-02	2024
-4.875863544843241e-02	4.362150142400213e-02	2025
-4.234343090734079e-02	2.146251132701702e-02	2026
-4.952362145047864e-02	3.456942921422197e-02	2027
9.909434243161032e-01	-1.395773036168873e-01	2028
1.000482998424875e+00	-1.233909001339104e-01	2029
1.007160872817670e+00	-1.092762735439511e-01	2030
1.011841685626089e+00	-9.713622508466617e-02	2031
1.013472327397872e+00	-8.490243663474746e-02	2032
1.016451666454600e+00	-7.450412777841423e-02	2033
3.085660705853633e-02	-2.080317450926330e-01	2034
4.808233456447947e-02	-2.237997398627731e-01	2035
6.737610895375122e-02	-2.384355183618537e-01	2036
-3.896858833000853e-02	-1.086211524449634e-01	2037
-3.156040395835406e-02	-1.241499839338673e-01	2038
3.816045500827923e-01	-3.451362706433930e-01	2039
5.285613544087353e-01	3.369949530129742e-01	2040
9.571709195761569e-01	1.701177644902763e-01	2041
9.386196644189412e-01	1.883640271760164e-01	2042
9.191988679868990e-01	2.052458686346141e-01	2043
8.987571861763597e-01	2.209722700006813e-01	2044
8.769734295971016e-01	2.356543378196754e-01	2045
8.532514080189156e-01	2.496622085694760e-01	2046
8.265493316509993e-01	2.636417904916279e-01	2047
7.967729106026882e-01	2.774440535588814e-01	2048
7.646838530127509e-01	2.904326340686763e-01	2049
7.310380658774078e-01	3.021263693903281e-01	2050
6.964018036195752e-01	3.123080330577319e-01	2051
6.617750163313659e-01	3.207971992934912e-01	2052
6.279250855071102e-01	3.275519115662864e-01	2053
5.944659285905531e-01	3.325159500096312e-01	2054
1.087553971694357e-01	2.452095302894349e-01	2055
8.951978604860124e-02	2.343290876732026e-01	2056
4.529294427406315e-01	-3.488076878470741e-01	2057
4.952325628055355e-01	-3.491592697646688e-01	2058
-2.222728180861830e-02	1.233678392117699e-01	2059
-2.748687138146841e-02	1.127679488643529e-01	2060
-3.294981084298615e-02	1.025910869682803e-01	2061
-3.723983533993855e-02	9.090795847612934e-02	2062
-4.096439252064401e-02	8.042431513953334e-02	2063
7.012839735117798e-02	2.223601774956965e-01	2064
2.026476347485500e-02	1.774033349220897e-01	2065
3.278145439379600e-02	1.898002232837852e-01	2066
-3.699530158008405e-03	1.510415634379703e-01	2067
8.335763408689885e-03	1.656197821501450e-01	2068
4.945016291240366e-01	3.374997643490916e-01	2069
4.601406145328240e-01	3.368249773138435e-01	2070
4.250971397759755e-01	3.350719151614385e-01	2071
1.008809579859872e+00	8.478003289477840e-02	2072
1.005916450661466e+00	9.870602592442375e-02	2073
9.986563279303088e-01	1.138886968942000e-01	2074
5.694658812031808e-01	-3.459469944582659e-01	2075
6.073870455988953e-01	-3.416300934836492e-01	2076
6.453890189044477e-01	-3.350748034489089e-01	2077
1.725421455507002e-01	-2.958480991914451e-01	2078
2.073893618294447e-01	-3.088904731423576e-01	2079
2.426154588842738e-01	-3.192364037210513e-01	2080
2.768933264467867e-01	-3.274916146538706e-01	2081
3.125954148250802e-01	-3.350407818941006e-01	2082
3.479985329596158e-01	-3.409783966096281e-01	2083
1.014176111347355e+00	-4.012502365540458e-02	2084
1.009669362536722e+00	1.813342058406145e-02	2085
1.006663262578035e+00	-1.141802118645641e-02	2086
1.013793602113136e+00	-2.985990384173096e-02	2087
1.007420969577240e+00	-1.565324459539587e-02	2088
-6.173256629055431e-02	-6.062424378604180e-02	2089
5.652077112859849e-01	3.823184657475163e-01	2090
7.485533437442622e-01	-3.539621769590424e-01	2091
3.009128035844058e-01	3.625819341683790e-01	2092
1.012122917545910e+00	3.015745124021179e-02	2093
-5.843549535838223e-02	4.934839575375760e-02	2094
6.023540106385396e-02	-2.710147108216234e-01	2095
9.543058286173117e-01	-2.243038047237446e-01	2096
1.005557073610257e+00	-6.725448276408396e-03	2097
9.723935224059264e-01	-2.036938765553046e-01	2098
1.314535620088528e-01	2.988355399469630e-01	2099
1.022129001484768e+00	-4.831001643124284e-02	2100
7.124200776796005e-01	-3.660377301567973e-01	2101
-5.793026384239394e-02	-9.308034223464061e-02	2102
1.001894451302317e+00	2.534693229315101e-03	2103
1.002434021308092e+00	6.144987649710202e-04	2104
1.002205126574317e+00	1.633610695065396e-03	2105
1.019468748072734e+00	4.878975706772865e-02	2106
-2.232002527627942e-03	1.880124224454937e-01	2107
-3.322098360817367e-02	-1.628024028029997e-01	2108
-4.284083699974033e-02	1.373301727557753e-02	2109
6.744079614188325e-01	-3.765412135262276e-01	2110
4.323671416700504e-01	-3.955029307402828e-01	2111
1.023164738105944e+00	-9.238255461981118e-02	2112
1.023826973238543e+00	-8.226662642483605e-02	2113
1.403523016472554e-01	-3.218039940959634e-01	2114
3.941845430330603e-01	-3.929697122596613e-01	2115
-2.093368233051937e-02	-1.814804878579069e-01	2116
1.021332123532755e+00	6.945514665499330e-02	2117
1.021884934330996e+00	5.996691006068339e-02	2118
9.977961354031715e-01	1.536745979848199e-01	2119
3.689453613999109e-01	3.755682786952643e-01	2120
1.001814285680046e+00	-1.608021392131519e-01	2121
-3.366997661659164e-02	1.394324699168184e-01	2122
2.305323177379644e-02	2.168234526743212e-01	2123
4.047413534821596e-01	3.797589218336342e-01	2124
1.084606151668970e-01	-3.032508629770779e-01	2125
8.215027517777000e-02	-2.862841701335439e-01	2126
1.002634915671915e+00	4.696302149637789e-03	2127
1.002455813026131e+00	-5.313597248689246e-04	2128
1.006609958946095e+00	1.580047790373175e-02	2129
8.933279845984897e-01	-2.781440823402215e-01	2130
1.002265549913401e+00	-1.561392061044882e-03	2131
1.001988781823242e+00	-2.478830611765191e-03	2132
1.010616045947030e+00	2.377172123500248e-02	2133
1.004007123752559e+00	-6.092506514346186e-03	2134
1.005520445819075e+00	-9.035709667299498e-03	2135
1.006094379045298e+00	1.158531155395045e-02	2136
1.005240507491199e+00	6.893837758716114e-03	2137
1.635771510758990e-01	3.160647424026476e-01	2138
-5.757351908860350e-02	5.892133861901767e-02	2139
3.345564656622513e-01	3.699096346632046e-01	2140
9.885889946143220e-01	-1.821443296342196e-01	2141
3.592179748484989e-01	-3.886408064498698e-01	2142
-2.509538372573929e-02	1.555941012533180e-01	2143
-5.013701545683075e-02	2.557684538566892e-02	2144
-4.397366014122640e-02	-1.461212693021345e-02	2145
1.003734809236011e+00	6.196362199932037e-03	2146
1.001717544214932e+00	-4.280478856009119e-03	2147
1.005088286698449e+00	9.177761600440827e-03	2148
1.002827799170224e+00	-4.627345815350553e-03	2149
1.002261271901085e+00	-3.215072830805692e-03	2150
1.011928258498478e+00	4.028901380877683e-02	2151
1.001551928278936e+00	4.307495754944480e-03	2152
9.158258080288578e-01	-2.604721242902430e-01	2153
9.355833317159493e-01	-2.429928831314322e-01	2154
-6.202064041880563e-02	-5.069081201559771e-02	2155
-5.214523088614419e-02	-2.645718014510913e-02	2156
1.011903349199879e+00	-2.349351309415153e-02	2157
1.002134920314071e+00	3.275334120927308e-03	2158
-4.009082077122682e-02	-3.728934560091857e-04	2159
-6.077179638187241e-02	-7.019402378715583e-02	2160
-5.980895550848275e-02	-8.062368494015759e-02	2161
-5.608766030758278e-02	6.812790498886931e-02	2162
1.985787464409920e-01	3.314902747283838e-01	2163
2.677029444835201e-01	3.537242455498622e-01	2164
2.342262389348367e-01	3.441169839313543e-01	2165
-8.339559919749866e-03	-2.006785175438814e-01	2166
1.010624831332711e+00	-1.784898843689526e-02	2167
7.820509596946740e-01	-3.408012072955870e-01	2168
8.126177091693196e-01	-3.268929771233770e-01	2169
8.408894491505641e-01	-3.120631688715573e-01	2170
8.679119877272812e-01	-2.957329983608735e-01	2171
-4.184847194147486e-02	-5.606249631316609e-03	2172
-6.178863431997393e-02	-4.070407319920052e-02	2173
-5.881133947447283e-02	3.970556086868543e-02	2174
1.011651065846740e+00	-1.408942521258495e-01	2175
1.018208924320808e+00	-1.231556000385113e-01	2176
1.020637455132756e+00	-1.075119726747607e-01	2177
1.025130109365926e+00	-5.947051614320120e-02	2178
1.025042406968503e+00	-6.911084716444284e-02	2179
4.818248409035492e-03	-2.172583403775807e-01	2180
2.085272724549715e-02	-2.355796821145033e-01	2181
3.967283016908997e-02	-2.541565769111234e-01	2182
-5.495640907975466e-02	-1.059046464138514e-01	2183
-5.009952762287852e-02	-1.232280434160889e-01	2184
-4.279084160582505e-02	-1.408884654827436e-01	2185
9.833830976157806e-01	1.764800459822218e-01	2186
9.665046057557460e-01	1.986515827074677e-01	2187
9.480479365151295e-01	2.193930483788099e-01	2188
9.282203669231003e-01	2.387633576413285e-01	2189
9.067082124189333e-01	2.569840139536289e-01	2190
8.832629107237220e-01	2.741928817045338e-01	2191
8.573116170712615e-01	2.907937962274599e-01	2192
8.282094064288715e-01	3.071608619880441e-01	2193
7.961622623955474e-01	3.229110032324035e-01	2194
7.619295119100041e-01	3.373910437147754e-01	2195
7.262734423966360e-01	3.501817517260661e-01	2196
6.900738369310361e-01	3.610459457072480e-01	2197
6.542018239141779e-01	3.698856497614454e-01	2198
6.185168499252109e-01	3.767322450371172e-01	2199
4.226839701124699e-02	2.370141366139726e-01	2200
1.040884826354625e-01	2.814148205621479e-01	2201
8.328213863901514e-02	2.681134375761457e-01	2202
4.740033063147047e-01	-3.966341252159319e-01	2203
5.161864336863147e-01	-3.966747669545124e-01	2204
-3.987477789714684e-02	1.253940244564244e-01	2205
-4.433620239037682e-02	1.150184776403609e-01	2206
-4.873892113700202e-02	1.015987789915476e-01	2207
-5.205884136512315e-02	9.006436748585932e-02	2208
-5.457081935177932e-02	7.816241746741084e-02	2209
6.363046990319109e-02	2.546991772905549e-01	2210
9.001537733922961e-03	2.012287760077122e-01	2211
-1.411745209192976e-02	1.716894780064521e-01	2212
5.129249736442479e-01	3.844155389554961e-01	2213
4.771994188522985e-01	3.841969466794624e-01	2214
4.411611267770520e-01	3.826178326104844e-01	2215
1.008611842459793e+00	1.318526285184027e-01	2216
1.019418535375863e+00	8.259603922031816e-02	2217
1.017915859485451e+00	9.403168353804861e-02	2218
1.013467832904763e+00	1.117295860076937e-01	2219
5.557912895483514e-01	-3.949677612676465e-01	2220
5.942407920221855e-01	-3.914513011461737e-01	2221
6.348730202565559e-01	-3.851664905159296e-01	2222
1.758051768517422e-01	-3.389446143461442e-01	2223
2.130785316632587e-01	-3.534509511686279e-01	2224
2.495934135432730e-01	-3.645852369464130e-01	2225
2.855862478518797e-01	-3.739717664261694e-01	2226
3.228391741961993e-01	-3.823101706719655e-01	2227
7.074842148025805e-01	-4.209011609739260e-01	2228
1.003081626216424e+00	3.741007541910969e-03	2229
-5.407308994094545e-02	1.398417184657198e-01	2230
-6.931527740301156e-02	6.534528004559875e-02	2231
-6.835614203483500e-02	7.495037327314459e-02	2232
1.012334490032254e+00	-2.043093458404992e-02	2233
-5.169386238816837e-02	-1.781611797036805e-02	2234
7.833666761242227e-01	-3.925945116288304e-01	2235
1.138558345507818e-02	2.473584772686135e-01	2236
9.038731314833902e-01	-3.202626887300775e-01	2237
1.042655680087203e-01	-3.461249859978990e-01	2238
1.009501280308073e+00	1.519705945215002e-02	2239
1.019496726704405e+00	-4.278887989849010e-02	2240
1.012371837870526e+00	2.735390827904255e-02	2241
1.007638645079110e+00	1.311295135869450e-02	2242
1.644844004414098e-01	3.633439777898734e-01	2243
1.003602535557821e+00	5.112050390097837e-03	2244
1.015559897792540e+00	3.519585360431890e-02	2245
-4.999694825717008e-02	-8.520725892156675e-03	2246
1.002917634702462e+00	2.582139903497813e-04	2247
1.002925750885283e+00	-1.565386224130560e-04	2248
1.017508435478925e+00	-3.477779029445194e-02	2249
2.728725422119559e-01	4.044536220442841e-01	2250
-7.107319409503868e-02	-1.027517970750404e-01	2251
-5.029253609302899e-02	1.716339305001881e-02	2252
-4.103678328257170e-02	6.318917810605663e-03	2253
1.033786351321299e+00	-8.797924852355211e-02	2254
1.033489330742244e+00	-7.653398730939119e-02	2255
4.099520407822082e-01	-4.464256372896523e-01	2256
7.482311526412473e-02	-3.256288944635154e-01	2257
-6.132148582722900e-02	-3.037362269992311e-02	2258
3.818489483862440e-01	4.284701238629529e-01	2259
9.788991980846971e-02	3.223053540932845e-01	2260
-3.839049075890837e-02	1.762189745785891e-01	2261
-6.968807260379398e-02	5.499196458552839e-02	2262
-2.753981717405651e-02	1.938190071329526e-01	2263
4.198808211619697e-01	4.327698205472006e-01	2264
3.081551655749106e-01	4.143121651733209e-01	2265
1.023130407692895e+00	5.535330220863847e-02	2266
7.467147121172831e-01	-4.075489866929912e-01	2267
1.001910710562825e+00	-2.089849625485541e-01	2268
5.071689861486420e-02	-3.072703663245652e-01	2269
1.013874121741600e+00	-2.701769025937687e-02	2270
1.008299795257561e+00	-1.288089634144660e-02	2271
6.465083217214064e-01	4.246882793339892e-01	2272
6.662125789161139e-01	-4.321827091694718e-01	2273
9.859557073437697e-01	-2.337745777642807e-01	2274
1.015013543543621e+00	-1.837261944370469e-01	2275
1.289841628618358e-01	3.433800783664114e-01	2276
1.002663089566834e+00	1.206587092982941e-03	2277
1.002343357193187e+00	2.180722760185790e-03	2278
1.017932860190184e+00	1.502242876149466e-01	2279
1.026126224046186e+00	-5.475516019549157e-02	2280
1.029610976300396e+00	6.520706039398982e-02	2281
1.394316677552639e-01	-3.678522905918898e-01	2282
3.704523822109164e-01	-4.417481985857251e-01	2283
1.033070999174353e+00	-6.436859675337470e-02	2284
-4.718342075643247e-02	1.567733525130358e-01	2285
-7.377465581372544e-02	-6.663662296944621e-02	2286
-7.333638354619758e-02	-7.652871960920996e-02	2287
1.002708232626360e+00	-1.115610845026836e-03	2288
1.002190263352474e+00	-3.993010906984097e-03	2289
1.003822057852365e+00	-5.004522440237521e-03	2290
1.002425967548529e+00	-2.105523595550521e-03	2291
1.011222004857314e+00	2.077466478898801e-02	2292
1.006250559512690e+00	-7.877154264192908e-03	2293
3.445056097797575e-01	4.223792606188133e-01	2294
1.005871162621119e+00	8.066695528973522e-03	2295
1.003234436182137e+00	-3.645190259013673e-03	2296
1.017125694458095e+00	4.319798813318067e-02	2297
9.282473426082362e-01	-2.992363448708852e-01	2298
9.493796296649907e-01	-2.783525566812283e-01	2299
9.682906798723122e-01	-2.569399384380138e-01	2300
-7.283191664583877e-02	-4.544541573553575e-02	2301
-7.355883853859556e-02	-5.597438512523652e-02	2302
-6.956782081728055e-02	4.475107395350636e-02	2303
1.010285729918826e+00	-1.489059323920072e-02	2304
1.002031630855445e+00	4.042697387423448e-03	2305
-7.287019891666188e-02	-8.884797315005001e-02	2306
2.021496172129564e-01	3.805516819634434e-01	2307
2.388882538242506e-01	3.939309184424651e-01	2308
-4.620013158997118e-02	-1.843384631467991e-01	2309
-3.491831344244295e-02	-2.039189525480926e-01	2310
8.169999732897383e-01	-3.764958354900941e-01	2311
8.478694695848267e-01	-3.592995689191255e-01	2312
8.767795485744736e-01	-3.405833077080276e-01	2313
-4.731466797442405e-02	-9.136989805321589e-04	2314
-5.902896317532428e-02	2.971526085434918e-02	2315
1.022081725161414e+00	-1.584185215206350e-01	2316
1.029237542143236e+00	-1.372988147216596e-01	2317
1.033346550523128e+00	-1.018440912881403e-01	2318
1.032715089394867e+00	-1.173392858072036e-01	2319
-2.273696325728138e-02	-2.251433762713519e-01	2320
2.878273979951475e-02	-2.877059987796362e-01	2321
-8.877702366108124e-03	-2.448475500367273e-01	2322
8.821367895780927e-03	-2.659508118420285e-01	2323
-6.836507612648247e-02	-1.187734766693617e-01	2324
-6.351628782678580e-02	-1.388606332557271e-01	2325
-5.631647556259485e-02	-1.594417348906588e-01	2326
1.009899053657843e+00	1.775601044856277e-01	2327
9.958956025169508e-01	2.038866990488231e-01	2328
9.794205923605078e-01	2.291563861419763e-01	2329
9.609678283229866e-01	2.529348748502348e-01	2330
9.403733068745254e-01	2.754580324839170e-01	2331
9.174764321613013e-01	2.968187880169158e-01	2332
8.920398418672689e-01	3.171401355206812e-01	2333
8.636442760321360e-01	3.367867804606024e-01	2334
8.319319963472175e-01	3.558585803339019e-01	2335
7.972924423058405e-01	3.738026791130037e-01	2336
7.605688056219403e-01	3.899511038185987e-01	2337
7.227091479782980e-01	4.039034150912809e-01	2338
6.846353433602707e-01	4.154707467474917e-01	2339
5.979731327570533e-01	4.320503373246036e-01	2340
3.246044330646411e-02	2.707713114357507e-01	2341
7.426462839437810e-02	3.055863546525187e-01	2342
4.519729896315095e-01	-4.489280558739432e-01	2343
4.953248757412106e-01	-4.499162155465027e-01	2344
-6.206961479883295e-02	1.132853895714089e-01	2345
-6.490387697643595e-02	9.983417134750436e-02	2346
-6.725590851161276e-02	8.686954017223027e-02	2347
5.401502615846833e-02	2.900870580190121e-01	2348
-4.782194791010556e-03	2.277768299763644e-01	2349
-1.633346166858602e-02	2.112776221037767e-01	2350
5.421084806033727e-01	4.360860219860447e-01	2351
4.766384027987547e-01	4.359487060178213e-01	2352
1.029428965560468e+00	7.738488080642070e-02	2353
1.029032675577298e+00	8.974042019916251e-02	2354
1.024825767887085e+00	1.252762083313137e-01	2355
1.027288704946373e+00	1.058871100161334e-01	2356
5.385910641915370e-01	-4.491882558459021e-01	2357
5.802031807471769e-01	-4.464618940613339e-01	2358
6.230675612337521e-01	-4.409758119875634e-01	2359
1.780002316055854e-01	-3.873566341656421e-01	2360
2.175230199805344e-01	-4.033271791175287e-01	2361
2.553729222986360e-01	-4.153802672119399e-01	2362
2.933874409619944e-01	-4.260431718087241e-01	2363
3.323664221931397e-01	-4.351678672453075e-01	2364
1.012383355587923e+00	1.731620952671332e-02	2365
1.025966519311138e+00	-4.306248243261032e-02	2366
1.023357951708547e+00	-3.756906753887838e-02	2367
-6.044128713672974e-02	-2.082856975820141e-02	2368
1.004909619949400e+00	-5.381313932337884e-03	2369
-8.197485151987870e-02	4.952830497095646e-02	2370
2.591072207686866e-01	4.552727752081223e-01	2371
8.232325521806165e-01	-4.321515740804723e-01	2372
3.834750998397589e-01	-5.014140668327497e-01	2373
-4.452777876968675e-02	2.169750053608318e-01	2374
-8.269055440115206e-02	6.045507099748694e-02	2375
3.953844173284408e-01	4.863498099395282e-01	2376
1.003548315876545e+00	-2.654145028020504e-01	2377
1.008664438339799e+00	-1.082107680204185e-02	2378
1.013715322017656e+00	-1.765370216337324e-02	2379
1.012880580907856e+00	-1.609983183551776e-02	2380
6.273165017305105e-02	3.474872580073904e-01	2381
-2.074836147572598e-02	2.574751893433360e-01	2382
1.003033800432675e+00	7.955720007736521e-04	2383
1.002828355292866e+00	1.801961293604765e-03	2384
1.045640831462217e+00	-1.298337450918421e-01	2385
1.007113763384985e+00	-9.232992316666615e-03	2386
1.007002179430790e+00	-6.640172825406611e-03	2387
1.006658486199267e+00	9.450003351867454e-03	2388
1.010106243496264e+00	1.279048424459945e-02	2389
1.002897746331012e+00	-1.706192009102573e-03	2390
1.003063287710851e+00	-6.895184998636739e-04	2391
-5.944004348796433e-02	-1.170393730576149e-02	2392
-5.567944366397346e-02	-2.297638005722281e-03	2393
1.250137720243283e-01	3.934373088545093e-01	2394
7.456174943058475e-01	-4.676981089536197e-01	2395
9.440402937268333e-01	-3.419679338950216e-01	2396
1.026941911206311e+00	4.897779643062997e-02	2397
-8.643824235513412e-02	-1.134061749564738e-01	2398
4.276116465494368e-01	-5.061590949808216e-01	2399
-7.681112939874508e-02	1.319768869868623e-01	2400
-8.275727591964248e-02	7.136089565027258e-02	2401
-8.256583266145769e-02	8.210336994515161e-02	2402
-2.717997701547263e-03	2.814646227734161e-01	2403
3.551110247161249e-01	4.803118719160812e-01	2404
1.042253288066194e+00	-7.013948205388934e-02	2405
1.369914682098282e-01	-4.195964639289394e-01	2406
9.178072451402240e-01	-3.667901197153550e-01	2407
9.819560298861575e-02	-3.943382172387896e-01	2408
6.529162070530420e-02	-3.698724025985863e-01	2409
3.849404577670867e-02	-3.476109272086236e-01	2410
7.024518003888983e-01	-4.824153968756950e-01	2411
7.860176852128798e-01	-4.507633800150669e-01	2412
1.495042178346968e-02	-3.246410613488916e-01	2413
1.639640867813387e-01	4.162771915485494e-01	2414
1.004143179528650e+00	4.122956937409899e-03	2415
1.004663275922655e+00	5.533529697886880e-03	2416
1.003510177009606e+00	6.242037316896031e-05	2417
-8.781535127741841e-02	-9.773293053322563e-02	2418
-5.879538707445601e-02	2.040960872365099e-02	2419
1.036727921704582e+00	1.421452924731934e-01	2420
1.043858641227798e+00	-8.198276232112592e-02	2421
9.000363322175169e-02	3.684586438493381e-01	2422
-5.444094942491257e-02	1.980777612080896e-01	2423
-7.172113638073735e-02	-3.407482239264847e-02	2424
3.153388771741631e-01	4.719589608311046e-01	2425
1.039865857642488e+00	9.916110568143510e-02	2426
1.018818991303982e+00	-2.373152575581505e-01	2427
1.015509477500432e+00	-2.300863091042393e-02	2428
1.010758738517381e+00	-1.243030115918263e-02	2429
1.032934886775096e+00	-2.089921236416760e-01	2430
1.002705358089442e+00	2.862247931898464e-03	2431
1.029589907767799e+00	-4.809761864799676e-02	2432
-6.349789800683406e-02	1.757542791078108e-01	2433
-7.038594465658221e-02	1.561934596093646e-01	2434
-8.679619712808072e-02	-6.100270897002696e-02	2435
1.002817828982303e+00	-2.776290368053960e-03	2436
1.004319513426823e+00	-3.984448320931682e-03	2437
1.014236562275549e+00	2.349248445108439e-02	2438
1.008112795165070e+00	1.109569409053713e-02	2439
1.006679151362530e+00	6.876789873469590e-03	2440
1.023586157235731e+00	4.381681498245702e-02	2441
1.021277624369007e+00	3.825950212528873e-02	2442
9.667562439363589e-01	-3.169069476725808e-01	2443
9.862631007416364e-01	-2.917481355329062e-01	2444
-8.546588050650634e-02	-4.984947463048928e-02	2445
-8.745157468379951e-02	-7.215646058089711e-02	2446
-8.781174981690196e-02	-8.313955412167194e-02	2447
2.040376951348569e-01	4.351614166229059e-01	2448
-4.009208524112449e-02	-2.516091249929907e-01	2449
8.572869026167460e-01	-4.120906235222752e-01	2450
8.887128623387270e-01	-3.903674581630348e-01	2451
-4.958388638788302e-02	7.718443467739157e-03	2452
-6.916993198189654e-02	3.369574095708908e-02	2453
1.045052332795892e+00	-9.525291344336877e-02	2454
1.037397891055938e+00	-1.762199571356533e-01	2455
1.041671378990948e+00	-1.532702106125180e-01	2456
1.046059651061711e+00	-1.100800117954027e-01	2457
-6.265383169796544e-02	-2.064978459194974e-01	2458
-5.248185273299848e-02	-2.276601132417077e-01	2459
-2.504194745695013e-02	-2.758168012854691e-01	2460
-6.479687037452865e-03	-2.994102896379598e-01	2461
-8.405020771157913e-02	-1.329362056303393e-01	2462
-7.893263158030014e-02	-1.555215680490702e-01	2463
-7.227096672458107e-02	-1.800267739324925e-01	2464
1.032049396359380e+00	1.694475699001442e-01	2465
1.022086138745918e+00	2.011504962124076e-01	2466
1.011974275792451e+00	2.326981246218725e-01	2467
9.961369543768116e-01	2.615437146224270e-01	2468
9.775077315501619e-01	2.891432541310599e-01	2469
9.559737773041935e-01	3.155729844171998e-01	2470
9.314087960958637e-01	3.408070224601827e-01	2471
9.037507548084395e-01	3.648957308468745e-01	2472
8.726417011148728e-01	3.881199435877772e-01	2473
8.379663101360785e-01	4.103033103119100e-01	2474
8.003233888528706e-01	4.307440682426636e-01	2475
7.607588023388466e-01	4.487446878376964e-01	2476
7.203025647253933e-01	4.639487246684832e-01	2477
6.791792311324982e-01	4.753157314080479e-01	2478
6.315304429842897e-01	4.863934760769362e-01	2479
4.724985879325849e-01	-5.085573390624913e-01	2480
-8.014772181629508e-02	1.098696181037508e-01	2481
-8.190235818565229e-02	9.601309623476086e-02	2482
4.124719101531756e-02	3.280327427100792e-01	2483
1.927392391192326e-02	3.073912367884969e-01	2484
-3.396313972511973e-02	2.359319301930617e-01	2485
5.750258742890377e-01	4.927585857001026e-01	2486
5.103341512916064e-01	4.947168728020495e-01	2487
4.461498803364917e-01	4.924402965797270e-01	2488
1.038546647123560e+00	7.147498515705059e-02	2489
1.039561167666396e+00	8.394832579918787e-02	2490
1.039596712230728e+00	1.174266495401762e-01	2491
5.181970592416207e-01	-5.090357238261747e-01	2492
6.567538299450011e-01	-4.944077225639628e-01	2493
5.635476410224315e-01	-5.072302180956887e-01	2494
6.094960153634061e-01	-5.028612036403417e-01	2495
1.787035074977917e-01	-4.415807542464759e-01	2496
2.203707302378225e-01	-4.590373690185315e-01	2497
2.597565049851120e-01	-4.722401961156449e-01	2498
3.002148040560979e-01	-4.843144577422189e-01	2499
3.418275424797351e-01	-4.938506431667897e-01	2500
1.014635521043829e+00	1.992195287108823e-02	2501
5.437002718269928e-01	-5.737452532333540e-01	2502
1.010334512786149e+00	1.051082012147415e-02	2503
5.327587491974000e-02	-4.196012091425259e-01	2504
1.031076249989174e+00	5.574102593398847e-02	2505
-9.758705122640723e-02	1.236675286137767e-01	2506
-9.486262489409023e-02	1.494877972060746e-01	2507
4.141352492579038e-01	5.533911705987060e-01	2508
2.326249590554321e-02	-3.925298859030410e-01	2509
1.042167103547164e+00	-5.994192674349227e-02	2510
8.693145217221530e-01	-4.710419084063484e-01	2511
-1.042640909779612e-01	-1.252818891881486e-01	2512
-9.986301825646941e-02	-5.375177522877807e-02	2513
1.191353386631084e-01	4.495427621530546e-01	2514
1.039020751447923e+00	6.139230533217666e-02	2515
1.015659428266053e+00	-2.036902313099948e-02	2516
1.008606203494238e+00	9.198732665453358e-03	2517
1.007470785158418e+00	8.152432437284914e-03	2518
1.007862526213399e+00	-7.886291370193397e-03	2519
-9.753045151830100e-02	6.563315071871742e-02	2520
4.867043874451839e-02	3.946419547664651e-01	2521
1.040065135969148e+00	-2.669581805637758e-01	2522
-7.025863257302933e-02	-2.360989183524948e-02	2523
9.637312887055395e-01	-3.888253540184366e-01	2524
-2.257950679319554e-03	-3.652231054795964e-01	2525
-8.346857307672415e-02	-3.738056996771569e-02	2526
1.614418396463317e-01	4.753669087891957e-01	2527
-7.406670877559540e-02	2.203207368405063e-01	2528
1.060514933063703e+00	-1.202193792742944e-01	2529
4.707527037077515e-01	-5.736590041156649e-01	2530
3.987172896123101e-01	-5.677905468776510e-01	2531
7.448454122805331e-01	-5.352559633308366e-01	2532
9.001056386065680e-02	-4.484798065409346e-01	2533
1.029649641289949e+00	-3.793248988974243e-02	2534
1.032756061499331e+00	-4.196160744300427e-02	2535
1.020648766442640e+00	3.262836094357389e-02	2536
1.016553012669926e+00	2.697718865176909e-02	2537
-6.947428192904512e-02	-1.533309824353895e-02	2538
-1.046469836564999e-01	-1.069809420600625e-01	2539
-8.072603067762511e-02	3.731810446895146e-02	2540
3.454794585198230e-01	5.385845211571650e-01	2541
8.314552406380125e-01	-4.945930398598162e-01	2542
1.025211840608736e+00	-2.983470556247768e-01	2543
1.006232668891554e+00	-5.521617628743896e-03	2544
1.009057445933024e+00	-8.884038888798454e-03	2545
2.337171105183372e-02	3.698192802446115e-01	2546
-3.948232490296861e-02	2.904385106190238e-01	2547
1.003721529424136e+00	3.099634092680556e-03	2548
1.003307945524081e+00	1.372182806242809e-03	2549
1.012733240292358e+00	-1.409433941729403e-02	2550
1.011976779341412e+00	1.453557502653473e-02	2551
1.005515856098067e+00	-4.303973973406706e-03	2552
1.003361165874424e+00	-1.256219160469950e-03	2553
6.964207332954749e-01	-5.514146343135896e-01	2554
1.034061516187563e+00	-5.471209705555950e-02	2555
-9.887221094329851e-02	8.967326872660840e-02	2556
1.053627339360153e+00	1.317243941120618e-01	2557
1.053096497721602e+00	-7.468942535171295e-02	2558
7.899336870134717e-01	-5.161048912096072e-01	2559
1.005970082366452e+00	5.732122671966784e-03	2560
1.005316467251670e+00	4.492037742192495e-03	2561
-6.538875445882522e-02	-3.908721669755490e-03	2562
8.010384079776733e-02	4.204587503807485e-01	2563
-9.620657036965061e-02	5.389593508236944e-02	2564
2.715018104898587e-01	5.211647848348433e-01	2565
1.058416058650413e+00	-1.017559722880456e-01	2566
1.018027573966717e+00	-2.639856706843595e-02	2567
1.022419279055228e+00	-3.191448693613085e-02	2568
1.010862563090219e+00	-1.012070402178581e-02	2569
1.048851439510025e+00	-2.345827214389685e-01	2570
1.002969570223037e+00	2.482387103283799e-03	2571
-8.269410950575302e-02	1.964515759983811e-01	2572
-8.882616204751417e-02	1.735536563782338e-01	2573
-1.018198161620572e-01	-6.567453785405322e-02	2574
1.003067556035026e+00	-2.383693902926997e-03	2575
1.003849496012564e+00	-2.973136976965712e-03	2576
1.030429115721915e+00	4.308219762687589e-02	2577
1.027540510088002e+00	3.894286842557264e-02	2578
9.880416553258052e-01	-3.588421356305563e-01	2579
1.008322301433279e+00	-3.288460871035573e-01	2580
-1.043534541457254e-01	-9.031307366146672e-02	2581
-1.030483913965542e-01	-7.707388883541452e-02	2582
-9.818808582079148e-02	7.684988052849913e-02	2583
2.127855255465684e-01	4.996818055311742e-01	2584
9.039440673692053e-01	-4.456701882000277e-01	2585
9.355057641452208e-01	-4.180985389448525e-01	2586
-5.886125038467051e-02	8.731177065589535e-03	2587
-6.840040804400409e-02	2.345232311700661e-02	2588
1.056882222799456e+00	-1.953701091092069e-01	2589
1.058411026908215e+00	-1.681882283808949e-01	2590
1.060204216885856e+00	-1.443239828975327e-01	2591
-8.294502807299742e-02	-2.289289247438868e-01	2592
-7.346688178811903e-02	-2.532608357454329e-01	2593
-6.031930724716417e-02	-2.804941609070327e-01	2594
-4.428962546734981e-02	-3.095418657589359e-01	2595
-2.514057406035505e-02	-3.363881145856075e-01	2596
-9.157229887655008e-02	-2.016361414633021e-01	2597
-1.023884639999417e-01	-1.487091056042477e-01	2598
-9.766726166667433e-02	-1.734341273452455e-01	2599
1.052419735129207e+00	1.590732876118100e-01	2600
1.047349126796135e+00	1.918832244192169e-01	2601
1.040664541381377e+00	2.247682921923621e-01	2602
1.033951958344126e+00	2.638617913081890e-01	2603
1.016706367767548e+00	2.958414852474623e-01	2604
9.979260009310688e-01	3.281072389822893e-01	2605
9.753493007003703e-01	3.593626808550603e-01	2606
9.489900010047161e-01	3.892723551206809e-01	2607
9.188483480725960e-01	4.179077611626142e-01	2608
8.846476672740731e-01	4.453652396172148e-01	2609
8.465498786034463e-01	4.711575233096919e-01	2610
8.054395116325770e-01	4.944359933494904e-01	2611
7.625038700045680e-01	5.145017509965967e-01	2612
7.164706121260754e-01	5.293482346544663e-01	2613
6.704478292851859e-01	5.440667027372840e-01	2614
-9.856334019770667e-02	1.049735496156755e-01	2615
-2.021776234324821e-02	3.188377446770101e-01	2616
2.863880611434842e-03	3.470873688697274e-01	2617
-5.436415483200027e-02	2.633556590843887e-01	2618
-6.543663404846874e-02	2.410308377396107e-01	2619
6.112702929243544e-01	5.548113581662985e-01	2620
5.455865172529447e-01	5.592239978032048e-01	2621
4.770336205599027e-01	5.587875374266421e-01	2622
1.051329897448195e+00	9.139536606752792e-02	2623
1.049242893552990e+00	7.693617525671692e-02	2624
1.055803207725174e+00	-8.757548084456418e-02	2625
1.053130047894033e+00	1.085965330609864e-01	2626
5.930264885862510e-01	-5.711967059548664e-01	2627
6.450415324488128e-01	-5.638055167518400e-01	2628
1.326295931792878e-01	-4.775801309136388e-01	2629
1.774839874376224e-01	-5.021589555370886e-01	2630
2.212226791541773e-01	-5.211676164440595e-01	2631
2.626252454062608e-01	-5.358499776552772e-01	2632
3.293764805310601e-01	-5.537388271092560e-01	2633
1.010528032007241e+00	8.469071565013534e-03	2634
-9.727818465466716e-02	-4.155032683601009e-02	2635
1.025887408616534e+00	3.490079134536206e-02	2636
1.018020255798272e+00	2.267851061750289e-02	2637
4.730802175405867e-03	-4.426028691870736e-01	2638
-8.090079041395130e-02	-2.225827064234634e-02	2639
7.947828128661579e-01	-5.895895948148018e-01	2640
-2.295968032165482e-02	-4.095782074888517e-01	2641
-6.859808829139105e-02	9.040533469236289e-03	2642
1.013622153295029e+00	-4.042290210693188e-01	2643
9.226282549533122e-01	-5.071784520391350e-01	2644
7.435311238215537e-01	-6.112318464486681e-01	2645
3.848710430326095e-02	-4.754724875115629e-01	2646
-1.249288194017159e-01	-1.384804693155713e-01	2647
1.015159105665874e+00	1.618299989953976e-02	2648
5.072652777840734e-01	-6.472620252780024e-01	2649
-1.159212417798733e-01	8.217892463417734e-02	2650
1.023465701810772e+00	-2.654295935787131e-02	2651
1.007648436216930e+00	-5.373142792557896e-03	2652
1.007384092299748e+00	5.650093820359264e-03	2653
1.006831932338591e+00	-4.350418965318993e-03	2654
-7.642039075936340e-02	-6.457531179973775e-03	2655
2.797380227369718e-03	4.166071586408526e-01	2656
6.774466037952717e-02	4.788947524783558e-01	2657
1.027778230643514e+00	-3.393838633414892e-02	2658
1.015333775156457e+00	-1.491758621748290e-02	2659
1.003519521081861e+00	2.039773450355501e-03	2660
1.013015206780613e+00	-1.147807940554542e-02	2661
-1.152814731301971e-01	-2.237719934625717e-01	2662
-1.242742441380811e-01	-1.163770915816402e-01	2663
-1.174354433333570e-01	9.751086333693323e-02	2664
-1.186763681022485e-01	1.387843942357408e-01	2665
1.003771229122120e+00	-6.796403617643439e-04	2666
1.039536429119618e+00	5.233997905596319e-02	2667
6.881079173910867e-01	-6.287576079684941e-01	2668
1.051325080732294e+00	-3.325829764334285e-01	2669
9.877830915453334e-01	-4.400233546643709e-01	2670
-1.179949692608919e-01	1.152084258322127e-01	2671
1.107651671337269e-01	5.122111594483308e-01	2672
-9.799163512225055e-02	2.424322672020279e-01	2673
1.034673451175505e+00	4.909519748684833e-02	2674
1.051301292175316e+00	-6.426648148529245e-02	2675
5.721382201876689e-01	-6.437794742809246e-01	2676
-1.161694270066578e-01	-5.715541261101115e-02	2677
1.012400994022283e+00	1.196115614577589e-02	2678
4.404519984907624e-01	6.280642497207504e-01	2679
-1.231592330883570e-01	-9.820406699103242e-02	2680
1.615216704634624e-01	5.436431581791359e-01	2681
1.072067265482382e+00	-2.580993069998435e-01	2682
1.017063804386968e+00	-1.730638814273954e-02	2683
1.009093037460691e+00	7.534216808668740e-03	2684
1.008261949609006e+00	6.779977120029426e-03	2685
1.008586701566054e+00	-6.467616892549728e-03	2686
1.009459694341212e+00	-7.185471557431293e-03	2687
3.205161498114287e-02	4.476343774915599e-01	2688
1.061943687001417e+00	-2.964230190428515e-01	2689
-4.124329596312133e-02	3.597941447187038e-01	2690
-1.976770774819392e-02	3.884504811346393e-01	2691
1.065359420166840e+00	9.871588941816162e-02	2692
1.073838163958669e+00	-1.093048211418779e-01	2693
8.843565621158426e-01	-5.370425408053583e-01	2694
1.021985841958034e+00	2.738810912382214e-02	2695
-1.123872761621711e-01	5.782774517030179e-02	2696
8.416876552186627e-01	-5.647011244431352e-01	2697
-6.177666304583401e-02	3.264689589995459e-01	2698
1.003740355729557e+00	8.136821965654452e-04	2699
1.010947544136329e+00	-8.056251696002593e-03	2700
1.004861002646714e+00	3.358143158242679e-03	2701
1.006622282598995e+00	4.597046939605944e-03	2702
1.005005466640685e+00	-3.184445832272159e-03	2703
1.042251609486712e+00	-5.080443280351125e-02	2704
1.037299455249952e+00	-4.782659603853994e-02	2705
3.662487849066047e-01	6.149459639856791e-01	2706
1.068621899914268e+00	1.199631200129368e-01	2707
1.048084217125001e+00	6.630411748280256e-02	2708
-9.431910583137418e-02	4.186940847405858e-02	2709
2.940668360870635e-01	5.960413003457020e-01	2710
-1.058294559634754e-01	2.182215402630770e-01	2711
-1.109923660964258e-01	1.916928671268695e-01	2712
-1.150397718828203e-01	1.671279636493986e-01	2713
1.003600986237182e+00	-1.917035993633334e-03	2714
1.033839274544411e+00	3.765855520341059e-02	2715
1.035870116097204e+00	-3.632302670778673e-02	2716
1.034625050206036e+00	-3.683065667298999e-01	2717
-1.209133965953116e-01	-8.190008063251011e-02	2718
-1.187799155641231e-01	-6.956665496046577e-02	2719
-1.143717126488984e-01	7.010048981099160e-02	2720
2.207474196334875e-01	5.718711585635677e-01	2721
9.573309509936232e-01	-4.746593539772525e-01	2722
-7.920835128304905e-02	2.613653284292329e-02	2723
1.077458015770132e+00	-2.198780161029032e-01	2724
1.076924923864742e+00	-1.324393817800381e-01	2725
1.079126167003930e+00	-1.828517722965604e-01	2726
1.078331959077604e+00	-1.576271122404199e-01	2727
-1.070934575924577e-01	-2.519879870519015e-01	2728
-9.796249273930216e-02	-2.814504965262431e-01	2729
-4.758119050060876e-02	-3.771341973952440e-01	2730
-8.448317748466683e-02	-3.122891529656160e-01	2731
-6.748072438357557e-02	-3.458488082049069e-01	2732
-1.230805119127523e-01	-1.652209101025153e-01	2733
-1.199425255365633e-01	-1.926492306737459e-01	2734
1.070905687088175e+00	1.463549030184821e-01	2735
1.070514264062905e+00	1.788652307422648e-01	2736
1.067826704564155e+00	2.133931954462658e-01	2737
1.064695065320541e+00	2.493073899736862e-01	2738
1.053720145329489e+00	2.953668051108327e-01	2739
1.042037257367855e+00	3.324626245360190e-01	2740
1.022522896251720e+00	3.699429658708512e-01	2741
9.989236914256032e-01	4.069875355588158e-01	2742
9.707095804853978e-01	4.425762360523565e-01	2743
9.377517971567804e-01	4.766990703534471e-01	2744
8.999842061081542e-01	5.091806042143020e-01	2745
8.579318326615814e-01	5.391752425530323e-01	2746
8.127213807957524e-01	5.657265838604036e-01	2747
7.381968444922653e-01	5.960420192789655e-01	2748
-7.811579203336107e-02	2.941733953403247e-01	2749
-8.974099891855167e-02	2.670078340705134e-01	2750
6.544743008634233e-01	6.210882931853863e-01	2751
5.841331230916053e-01	6.299658503578595e-01	2752
5.118308355792165e-01	6.319458525842162e-01	2753
1.069670263837184e+00	-9.231677466122654e-02	2754
1.061656008077193e+00	8.259306560417061e-02	2755
1.065511826168595e+00	-7.878915022669714e-02	2756
4.289164322168921e-01	-6.430435061038058e-01	2757
6.296130768421253e-01	-6.408166960548952e-01	2758
7.944374460707958e-02	-5.089321047940574e-01	2759
1.258717436084164e-01	-5.423693669125089e-01	2760
1.738479274238011e-01	-5.696782303972575e-01	2761
2.204617499413323e-01	-5.884925904147764e-01	2762
2.783132454816157e-01	-6.101585026607704e-01	2763
3.499497766384616e-01	-6.298967589693111e-01	2764
-1.254240001524645e-01	-3.114197113417514e-01	2765
9.453984647780357e-01	-5.755021105456791e-01	2766
-7.702396857390618e-02	1.309883098611295e-02	2767
8.537040295920360e-01	-6.435644855522118e-01	2768
5.442130643971986e-01	-7.274392433489892e-01	2769
1.012910930998887e+00	-9.132642319974569e-03	2770
1.015233746332775e+00	-1.304867619696744e-02	2771
1.050449428773877e+00	-5.483780367613499e-02	2772
1.006181135276357e+00	-3.312476575685112e-03	2773
1.040072889365681e+00	-4.154861820980185e-02	2774
3.906762810237924e-01	6.996088045078498e-01	2775
7.997742683124046e-01	-6.724116976580593e-01	2776
-1.443015701580112e-01	-1.059044308720050e-01	2777
-1.480675368306286e-01	-1.532824701432274e-01	2778
1.011038782407297e+00	-6.189392040792803e-03	2779
9.834993953161384e-01	-5.370825871069737e-01	2780
-6.828125673708708e-02	4.026601315968825e-01	2781
-4.717807299565696e-02	4.339531598075667e-01	2782
1.066062464316223e+00	-4.106060908847315e-01	2783
9.022519569922733e-01	-6.110284938346395e-01	2784
1.037763486853981e+00	4.303016362827872e-02	2785
1.047661039852129e+00	5.679059378691205e-02	2786
-8.149916801772686e-02	5.765144557405200e-03	2787
1.024572631259467e-01	5.838262087037143e-01	2788
1.619267420713806e-01	6.211341111137781e-01	2789
-1.469478004937259e-01	-1.265603265479652e-01	2790
1.020826436474859e+00	-2.263347472513745e-02	2791
4.637246049672860e-01	-7.264314762410397e-01	2792
1.102889861380421e+00	-2.023172123693188e-01	2793
1.102784276676190e+00	-2.427934309311178e-01	2794
1.091581321961900e+00	-3.245566472389307e-01	2795
-1.329140809786157e-01	7.370913830863240e-02	2796
1.059436283248679e+00	7.024332740923882e-02	2797
5.232866801892900e-02	5.443395557810142e-01	2798
-4.856042376338721e-02	-4.585931512247599e-01	2799
2.079550397891031e-02	-5.382209216627304e-01	2800
1.018104663804385e+00	1.864476395573783e-02	2801
-1.128831661057421e-01	-4.459515715757882e-02	2802
1.022945714887352e+00	2.258669935016694e-02	2803
-7.389283112013639e-02	-4.221441953488990e-01	2804
7.402826851482044e-01	-6.967630078747424e-01	2805
1.043916630208198e+00	-4.530909990764811e-01	2806
-1.742775786906103e-02	-4.984954012702583e-01	2807
1.019255967599454e+00	-2.018136799795283e-02	2808
-1.375500756853827e-01	-7.261051935944350e-02	2809
1.008203058340293e+00	-4.094085046702574e-03	2810
1.008904676210936e+00	5.377189165612950e-03	2811
1.004273689655946e+00	7.778043357451782e-05	2812
-1.097799534011264e-01	4.539202869943845e-02	2813
-2.100856057903923e-02	4.689331510751428e-01	2814
1.027437408521597e+00	-3.013350539951629e-02	2815
1.018487546763674e+00	-1.445372043351524e-02	2816
1.004063849684938e+00	1.503672289670397e-03	2817
1.014521187570542e+00	1.362772136086033e-02	2818
1.004416087232734e+00	2.434009857290180e-03	2819
1.079421912418190e+00	-3.673105558410238e-01	2820
1.016635111310369e+00	-4.958401446054541e-01	2821
-1.408949418184651e-01	1.262300859657004e-01	2822
6.755799840520070e-01	-7.152285925702113e-01	2823
-1.384377157860545e-01	1.055266829700763e-01	2824
1.012424324895616e+00	9.631767330246675e-03	2825
-1.412723734764724e-01	-8.729558987250338e-02	2826
-1.360879657832269e-01	8.776477520991659e-02	2827
1.098307886164644e+00	-2.853816314315199e-01	2828
1.010715285501035e+00	6.619458423620342e-03	2829
1.009160063802623e+00	-5.026874081831573e-03	2830
1.224850712799937e-02	5.070168040632422e-01	2831
-8.910598479845890e-02	-1.149886808032016e-02	2832
-9.406708096102036e-02	-2.740876948845390e-02	2833
1.062426367727118e+00	-6.710759590522238e-02	2834
1.025748706459099e+00	3.112239588043003e-02	2835
-8.798338518092128e-02	3.658303932422471e-01	2836
1.007998576685498e+00	4.405085585201096e-03	2837
1.006024290514923e+00	3.536563080619554e-03	2838
1.004124022625976e+00	-1.357368691724404e-03	2839
1.081792113884376e+00	1.071853179656107e-01	2840
3.118763234958339e-01	6.797021781391711e-01	2841
-1.318610907557904e-01	2.399438728232570e-01	2842
-1.372337483591133e-01	2.105478780375353e-01	2843
-1.396183519599638e-01	1.836820344599445e-01	2844
-1.412086801100322e-01	1.558534859282584e-01	2845
1.004517416304372e+00	-2.275649372935062e-03	2846
-1.345098118016037e-01	-5.973520982990013e-02	2847
-1.306470354601061e-01	6.099988275635448e-02	2848
2.353670023247905e-01	6.541210503539592e-01	2849
-9.225308644947233e-02	2.983221262469943e-02	2850
1.091560054472575e+00	-1.186591280273960e-01	2851
1.100029513000345e+00	-1.694732487443039e-01	2852
-1.416141448500358e-01	-2.463972883090629e-01	2853
-1.357729555646282e-01	-2.766331206764407e-01	2854
-9.471962314387669e-02	-3.846803048518491e-01	2855
-1.128055051910981e-01	-3.472507857401977e-01	2856
-1.478970806695933e-01	-1.816586029986726e-01	2857
-1.465551983754892e-01	-2.121711267825938e-01	2858
1.087219240859487e+00	1.318030058069700e-01	2859
1.096490446347701e+00	-1.439191854602172e-01	2860
1.091161824385565e+00	1.630423099460916e-01	2861
1.093043097426155e+00	1.981993609859438e-01	2862
1.093496128898966e+00	2.339738339419676e-01	2863
1.090135100502169e+00	2.799734274198345e-01	2864
1.082087426227601e+00	3.249278633242423e-01	2865
1.068058578942513e+00	3.700466085196844e-01	2866
1.052001719844724e+00	4.150013120068736e-01	2867
1.027175825279844e+00	4.585869941268658e-01	2868
9.969905960521043e-01	5.011231115865614e-01	2869
9.608681136268110e-01	5.418950529894878e-01	2870
9.189995586165445e-01	5.803239087416010e-01	2871
8.722980920344913e-01	6.152407765666841e-01	2872
8.046669750828510e-01	6.518356292886678e-01	2873
-1.056359870624524e-01	3.285313441729857e-01	2874
-1.173541387941937e-01	2.949607997027340e-01	2875
-1.262619791849718e-01	2.656396249737807e-01	2876
7.197923331525192e-01	6.851012216425938e-01	2877
6.302166759690796e-01	7.064183343952337e-01	2878
5.510734273344455e-01	7.123119545781224e-01	2879
4.727111130450224e-01	7.107898399669006e-01	2880
1.085639389257872e+00	-9.735697508094551e-02	2881
1.079707651039177e+00	-8.179521394892021e-02	2882
1.076213279809278e+00	8.782302800302487e-02	2883
6.050960619030787e-01	-7.245369375285240e-01	2884
6.545790205602356e-02	-5.765655826097584e-01	2885
1.161465773739228e-01	-6.145566162668777e-01	2886
1.703381707783455e-01	-6.449608036377411e-01	2887
3.762828360685450e-01	-7.148830400928591e-01	2888
2.232544212666979e-01	-6.683886298176311e-01	2889
2.936023123276525e-01	-6.938186482579503e-01	2890
-7.861446603356508e-02	-5.135547194163436e-01	2891
-1.008346060273536e-01	4.476400740484938e-01	2892
3.311900482202743e-01	7.735098769399844e-01	2893
1.049787484002126e+00	-4.568338127384042e-02	2894
-1.679937386119271e-01	-3.047678847578392e-01	2895
1.005612138448078e+00	-2.320576433602297e-03	2896
1.047441517085677e+00	4.766563012643031e-02	2897
4.206750583099122e-01	7.935205944449217e-01	2898
1.127556674836793e+00	-4.054895694483017e-01	2899
9.372536853712610e-02	6.653546779904117e-01	2900
5.028020341292960e-01	-8.180633150900224e-01	2901
-1.459367557945742e-01	-3.858888650073887e-01	2902
-1.304551075425162e-01	-4.667932802575279e-02	2903
1.014744047452056e+00	1.089864113460263e-02	2904
1.079683565475053e+00	-5.057371087787875e-01	2905
1.010902701359564e+00	-4.305198241664053e-03	2906
1.009627463850074e+00	-3.590506387325935e-03	2907
1.004975336049480e+00	1.690605598299822e-03	2908
1.025428462979909e+00	-2.236306441407642e-02	2909
1.028435462439397e+00	-2.500369391384819e-02	2910
7.329001042589498e-01	-7.930459083689266e-01	2911
5.788248733776385e-01	-8.139428034479710e-01	2912
1.050487248110685e+00	-5.566918354049016e-01	2913
-1.752703028258609e-01	-1.673714781984360e-01	2914
1.007375750155048e+00	-3.165805582125632e-03	2915
-1.205921308507710e-01	4.072419944444057e-01	2916
1.004603144514251e+00	-6.924650823185942e-04	2917
1.026810267956215e+00	2.595648969168739e-02	2918
1.124450692784048e+00	-3.568154062182476e-01	2919
-1.686294704332353e-01	-1.131196293372543e-01	2920
-1.374151221152447e-01	3.665562407119821e-01	2921
-1.732144465621007e-01	-1.386252097056203e-01	2922
1.032731764278533e+00	-3.159070333854973e-02	2923
-8.975745816137919e-02	1.614561545975506e-02	2924
-1.587169647437784e-01	-3.428507578458863e-01	2925
-1.275995847111696e-01	-4.269921475921012e-01	2926
1.130700002699459e+00	-2.224711342254168e-01	2927
1.072496601211733e+00	7.410885718070866e-02	2928
1.060140639652246e+00	-5.873758590692223e-02	2929
8.668387961201880e-01	-7.325720692703109e-01	2930
1.641907371802742e-01	-7.296971768736112e-01	2931
4.081524742623663e-01	-8.093439547678970e-01	2932
9.722002875187861e-01	-6.517023097741137e-01	2933
6.523691614950435e-01	-8.109467552415013e-01	2934
1.012806484784917e+00	-7.085261744222547e-03	2935
1.015305103491118e+00	-1.029118951710454e-02	2936
1.057235159178656e+00	6.114136544454596e-02	2937
1.007219985691083e+00	3.444115851722582e-03	2938
8.035283989475006e-01	-7.660083594423944e-01	2939
1.017978428149273e+00	1.472165848725550e-02	2940
1.009441584775518e+00	3.970138738731839e-03	2941
1.014665250061153e+00	-6.058014377909307e-01	2942
-1.138557091223711e-02	5.733759153063860e-01	2943
1.098992004330169e+00	-4.545734026876690e-01	2944
9.230089401033951e-01	-6.941431933023423e-01	2945
1.040967606497289e+00	3.661250804293120e-02	2946
1.042923015035785e+00	-3.492030713592141e-02	2947
-7.859647635981568e-02	4.851905154833306e-01	2948
1.132593989989253e+00	-2.672895026705078e-01	2949
3.521376847107556e-02	6.187783349020515e-01	2950
-1.057768236591073e-01	-4.708311726773256e-01	2951
-4.336858739688894e-02	-5.610789887864125e-01	2952
1.020608872106675e+00	-1.704012247616809e-02	2953
-1.070558834199084e-01	3.324696375693888e-02	2954
-4.867625477594114e-02	5.272869725410899e-01	2955
1.004569833932215e+00	8.603605198470631e-04	2956
-1.628694117775349e-01	1.129795570927559e-01	2957
-1.587248100586846e-01	9.359706657751170e-02	2958
1.010676229477871e+00	4.740483835293277e-03	2959
-1.640164218706091e-01	-9.304116435475830e-02	2960
-1.568169224691778e-01	-6.830792899684041e-02	2961
-1.272663845896136e-01	4.801498552614635e-02	2962
1.130808266119852e+00	-3.109440114265175e-01	2963
1.012428553786644e+00	7.594257962211395e-03	2964
-1.043583671892760e-01	-1.553197884751581e-02	2965
-1.084084178473228e-01	-3.009138733417032e-02	2966
1.030951745658907e+00	3.282212298821659e-02	2967
1.005503689736820e+00	2.525180790424873e-03	2968
1.005045219715281e+00	-1.506729122992055e-03	2969
-1.674225765114888e-01	2.311900998808200e-01	2970
-1.671811792531691e-01	1.405660716526221e-01	2971
-1.686169906086765e-01	1.997452698373113e-01	2972
-1.681547804002045e-01	1.712044815228245e-01	2973
-1.524740250532118e-01	6.995434759960784e-02	2974
2.482544743960717e-01	7.459001145545042e-01	2975
1.670842240263999e-01	7.101826463160185e-01	2976
-9.587258271730716e-02	1.652177982970611e-03	2977
-1.736321215607295e-01	-2.679235937896343e-01	2978
-1.771661886010353e-01	-1.979027935712270e-01	2979
-1.762476941618328e-01	-2.335939315094849e-01	2980
1.101282308301164e+00	1.159413087388723e-01	2981
1.112325972047318e+00	-1.276490234985730e-01	2982
1.109062586221193e+00	1.450921184712582e-01	2983
1.119207851892718e+00	-1.537146847520005e-01	2984
1.115596070737832e+00	1.795694990368426e-01	2985
1.125637449175263e+00	-1.836493584254225e-01	2986
1.120250709872639e+00	2.159688918434527e-01	2987
1.123053909685891e+00	2.595287375042994e-01	2988
1.121325005240086e+00	3.090019553770460e-01	2989
1.113847712618929e+00	3.597736527763465e-01	2990
1.102800490373374e+00	4.080437197808914e-01	2991
1.083158124945231e+00	4.618011684190065e-01	2992
1.060853863512730e+00	5.146462439958692e-01	2993
1.028291639899973e+00	5.653799354809174e-01	2994
9.886046674471014e-01	6.141913857775038e-01	2995
9.419996929604640e-01	6.597055777811411e-01	2996
8.778915694499042e-01	7.059324547696793e-01	2997
-1.500409395564586e-01	3.253505375108678e-01	2998
-1.586031385619914e-01	2.915136820103842e-01	2999
-1.634626219149421e-01	2.603100880387929e-01	3000
7.943778678979733e-01	7.493179630998249e-01	3001
6.965211807528862e-01	7.833677566896604e-01	3002
5.981686656866051e-01	7.999489151000209e-01	3003
5.110030451125968e-01	8.020257999751254e-01	3004
1.104100088289991e+00	-1.036417698630544e-01	3005
1.074976101945703e+00	-6.928406329982620e-02	3006
1.095902031337618e+00	-8.448775897326474e-02	3007
1.093176260233565e+00	9.353031221599599e-02	3008
-1.240873389250457e-03	-6.083955979980314e-01	3009
4.782366560122688e-02	-6.521914108025428e-01	3010
1.058247418149584e-01	-6.957954797256252e-01	3011
3.133774356966059e-01	-7.880760866388187e-01	3012
2.298904503195174e-01	-7.592472433765675e-01	3013
1.056146653564091e+00	5.143694592270954e-02	3014
1.118059907309600e+00	-5.613040508405747e-01	3015
-1.911399183969373e-01	1.225527240049332e-01	3016
1.008707642201751e+00	-2.813205992481876e-03	3017
1.170998227640072e+00	-3.778404707933368e-01	3018
1.168047339882105e+00	-3.392918786787801e-01	3019
3.556966530668422e-01	8.786258353107229e-01	3020
8.037416449592951e-01	-8.720142630800061e-01	3021
1.005511880079496e+00	9.149091051108869e-04	3022
1.006063177413141e+00	-1.402541498697894e-03	3023
1.033126153501887e+00	2.685670105183781e-02	3024
1.644696820158678e-02	7.035811699543375e-01	3025
8.798172744343257e-01	-8.334677606535813e-01	3026
1.012686989121399e+00	-5.098788753093230e-03	3027
1.017781535160509e+00	-1.174454215987898e-02	3028
2.407308645742821e-01	-8.622039529852272e-01	3029
1.089860973172240e+00	-6.227375189525262e-01	3030
1.045591856148945e+00	4.288220433032686e-02	3031
1.071285509986928e+00	-6.019291542900999e-02	3032
8.761921491315332e-02	7.594697605233793e-01	3033
9.190735077594753e-02	-7.862939055014470e-01	3034
1.023011871185597e+00	-1.939678698094248e-02	3035
1.005144618720946e+00	9.585589971524284e-05	3036
1.027614306653826e+00	2.116887979904675e-02	3037
-2.069398910426250e-01	-1.804385880262256e-01	3038
-1.244410436362529e-01	-3.105696191529993e-02	3039
1.005547929452139e+00	-7.073905372755153e-04	3040
-2.102900152614730e-01	-2.920170080365177e-01	3041
-1.092155212820425e-01	-2.479781953492662e-03	3042
2.610919853352305e-01	8.487531673060300e-01	3043
-1.390941335441320e-01	4.959956156006016e-01	3044
-1.038539882099555e-01	1.681009708824421e-02	3045
1.039060404998707e+00	-3.078399701358460e-02	3046
1.088075291245912e+00	7.759012803538483e-02	3047
4.573768333303085e-01	8.973727589897568e-01	3048
-8.155296825283337e-02	5.927105836142218e-01	3049
-1.132514056622605e-01	-5.754863954388844e-01	3050
-1.996728512932030e-01	1.848863318860311e-01	3051
-2.051372083793271e-01	-3.336124772230701e-01	3052
7.147235118617259e-01	-9.011736135581274e-01	3053
1.598315625503008e-01	-8.264672370664103e-01	3054
-1.422842566272862e-01	-5.235496873914293e-01	3055
4.460405057450237e-01	-9.137287276436488e-01	3056
-1.975731609030036e-01	-3.773489861878013e-01	3057
1.017129541258297e+00	1.246249236795638e-02	3058
1.008563321673150e+00	3.153803750351466e-03	3059
1.021941713228942e+00	-1.378121650292989e-02	3060
9.461565597553691e-01	-7.879109825431859e-01	3061
-2.114155373897271e-01	-2.532004593954885e-01	3062
1.006705933819848e+00	-2.261552639156048e-03	3063
-1.592015742533254e-01	4.514318539957241e-01	3064
1.021169709373257e+00	1.657733448842640e-02	3065
1.029733623854105e+00	-2.047243566215604e-02	3066
1.167768655801401e+00	-2.904110732417334e-01	3067
-1.876008302264878e-01	3.595744154240851e-01	3068
-1.746277054974854e-01	4.059559681995595e-01	3069
-1.500739884508416e-01	-4.770711154090643e-02	3070
-1.831044795327569e-01	-4.267018337265233e-01	3071
1.058590433262323e+00	-4.906666364169274e-02	3072
3.391403312804563e-01	-8.938228518248778e-01	3073
1.003136960818856e+00	-7.369670590205907e-01	3074
5.829263723966994e-01	-9.159126740444519e-01	3075
1.014894373149899e+00	-8.010217946628203e-03	3076
1.068521548438558e+00	6.326252343694690e-02	3077
1.010989210277783e+00	-2.654428837168705e-03	3078
1.050993893034330e+00	-6.816924534360368e-01	3079
-3.827485203789528e-02	6.484431101825289e-01	3080
1.157406137097346e+00	-4.557820586231559e-01	3081
1.141493864549846e+00	-4.995237648485278e-01	3082
1.034728925014874e+00	-2.558589275069945e-02	3083
-1.147027559896959e-01	5.430014693229511e-01	3084
-1.664609974375238e-01	-4.731989797682795e-01	3085
-1.817817577655862e-01	-7.428789364699452e-02	3086
-1.469483409790741e-01	4.962521302427112e-02	3087
1.010844426167936e+00	3.101642379432508e-03	3088
1.012413150684072e+00	5.613662610752510e-03	3089
-1.846341294544794e-01	9.804897760567223e-02	3090
-1.898844301271038e-01	-9.751539469451712e-02	3091
-1.963109428329711e-01	1.547744228747223e-01	3092
-1.237663418819135e-01	3.563659166559238e-02	3093
1.014458444114759e+00	8.614433750266409e-03	3094
-1.207172871230347e-01	-1.892352013379723e-02	3095
1.037327568542232e+00	3.232632847744630e-02	3096
1.005994600437800e+00	1.630420957100657e-03	3097
1.006595556013786e+00	2.514259196051236e-03	3098
-1.966504254272435e-01	-1.210305243344291e-01	3099
-2.023636465666203e-01	-1.507812261286342e-01	3100
-2.020370144624307e-01	2.167355932879507e-01	3101
-1.773770788389674e-01	7.581590851733377e-02	3102
1.723981764002992e-01	8.104446341067993e-01	3103
-2.112763601981386e-01	-2.162989497548287e-01	3104
1.124135457955890e+00	1.256280372149020e-01	3105
1.136018127053724e+00	-1.352544877452811e-01	3106
1.135000823036628e+00	1.582373381477138e-01	3107
1.145900624358176e+00	-1.635170895053605e-01	3108
1.144322984233381e+00	1.946092440087826e-01	3109
1.155376308190937e+00	-1.993560515469656e-01	3110
1.152460533216481e+00	2.360263534008984e-01	3111
1.163477415888839e+00	-2.433563386431755e-01	3112
1.157606253751456e+00	2.857671945933928e-01	3113
1.157862588775170e+00	3.405688351506602e-01	3114
1.152907111999818e+00	3.943477706495179e-01	3115
1.140729784059451e+00	4.525894928634173e-01	3116
1.124036775642941e+00	5.104121923596826e-01	3117
1.096693379974229e+00	5.736170975189492e-01	3118
1.064971939291613e+00	6.358503504926546e-01	3119
1.021377293594905e+00	6.943922706108062e-01	3120
9.610520893668104e-01	7.535020779381125e-01	3121
-1.951125764708789e-01	3.188143098463639e-01	3122
-1.999006851986527e-01	2.820278042014687e-01	3123
-2.016577725976880e-01	2.506261219551257e-01	3124
8.795167461693578e-01	8.104731051448139e-01	3125
7.783192649438350e-01	8.592137301168632e-01	3126
6.648865766047853e-01	8.912905609225041e-01	3127
5.577874218692065e-01	9.019758069581856e-01	3128
1.125595877131810e+00	-1.096140152058291e-01	3129
1.089567294909148e+00	-7.041875242922981e-02	3130
1.114600870917301e+00	-8.775658997894721e-02	3131
1.113107087569906e+00	9.913341630914380e-02	3132
-7.415873957162447e-02	-6.302781010349001e-01	3133
-2.752475633102228e-02	-6.865722425767845e-01	3134
2.832646853546090e-02	-7.377903318241571e-01	3135
1.048915384011587e+00	3.564240665719527e-02	3136
9.706670776576560e-01	-8.943673409694892e-01	3137
1.006553590523598e+00	-5.003599198855270e-04	3138
1.017586712191138e+00	-8.817014856884726e-03	3139
-1.860706143374677e-01	-5.815718791240446e-01	3140
-6.828659178218635e-02	7.338601832529000e-01	3141
1.024168524650150e+00	1.822676788930204e-02	3142
1.188002822269772e+00	-5.522037405876847e-01	3143
1.132896171887826e+00	-6.930817795996669e-01	3144
1.035598112601411e+00	-1.971842078410867e-02	3145
-1.404257954385790e-01	-2.542252396930428e-02	3146
-1.196748967542774e-01	1.520416869606486e-02	3147
-1.189646742603742e-01	6.671620742017815e-01	3148
-1.904335840404982e-03	8.014777303864198e-01	3149
2.775454800476913e-01	9.645297931888761e-01	3150
1.066291270713861e+00	5.521691279867302e-02	3151
3.722011896879183e-01	-1.011752344709482e+00	3152
2.572604753647283e-01	-9.785615315220971e-01	3153
-2.519356499688232e-01	-2.734450909766239e-01	3154
1.014342947458539e+00	6.457047652541568e-03	3155
1.024310890323591e+00	-1.622857618435547e-02	3156
-2.377969251186346e-01	3.478874336864275e-01	3157
7.939274538882438e-01	-9.925458243784071e-01	3158
1.014663206892484e+00	-5.851231370801765e-03	3159
1.021541210469571e+00	2.041451512845998e-02	3160
-1.840301233081204e-01	5.495678074690722e-01	3161
1.045511515614578e+00	-2.860414066388592e-02	3162
-2.516887716909598e-01	-3.179047618929135e-01	3163
-2.435596278707641e-01	-1.938652662008911e-01	3164
1.017096517944669e+00	9.548010628649323e-03	3165
-1.735986433482752e-01	-5.067769483875690e-02	3166
-2.041995382813154e-01	4.988222633275265e-01	3167
1.106097096454846e+00	8.117366781729247e-02	3168
1.203406435701700e+00	-4.971340098981039e-01	3169
1.214725270232850e+00	-4.253219190582938e-01	3170
1.151025466938338e+00	1.349852603499453e-01	3171
-2.359099691144021e-01	1.981636157661251e-01	3172
3.875961096895475e-01	9.959313944307160e-01	3173
1.068841876567609e+00	-5.241195045408561e-02	3174
1.083809588187182e+00	-6.039445858951124e-02	3175
5.005236544432272e-03	-8.335722909404109e-01	3176
-2.489791596045456e-01	-3.633046001100561e-01	3177
1.166403875302514e+00	-6.203180481076724e-01	3178
5.032809124354534e-01	1.011630150684520e+00	3179
8.903732269806844e-01	-9.483973401822100e-01	3180
1.010041658420758e+00	-2.166730994495099e-03	3181
1.012568318642518e+00	-3.567408000892306e-03	3182
1.052445890734464e+00	-3.639828890345929e-02	3183
1.057064902435719e+00	-3.971826230224822e-02	3184
1.589234450672103e-01	-9.370939945469335e-01	3185
1.020657357973793e+00	1.281921203508497e-02	3186
1.006130125650097e+00	1.169185388594695e-04	3187
-1.425388534019607e-01	3.679789428336761e-02	3188
8.201614294409246e-02	8.664919760181621e-01	3189
-2.284584910339175e-01	-4.687159081429459e-01	3190
-2.194116924623846e-01	4.467595216077015e-01	3191
7.678090539237860e-02	-8.886505186422053e-01	3192
6.611039972934221e-01	-1.021135210302327e+00	3193
-2.105609028542438e-01	-5.248785966023480e-01	3194
1.009924150629533e+00	2.571476865848498e-03	3195
1.043897656966782e+00	3.047368950726234e-02	3196
1.007940609529825e+00	-2.048872821443383e-03	3197
1.007198841382067e+00	-1.224017616773691e-03	3198
1.027210993766804e+00	-1.843488539952787e-02	3199
1.214608229403691e+00	-3.548377651032893e-01	3200
1.208818101642072e+00	-3.144115289495660e-01	3201
-2.299991256202052e-01	3.965937845001291e-01	3202
-2.421045650079646e-01	-4.167587713013742e-01	3203
1.037934807729423e+00	-8.328875816781012e-01	3204
5.125517170360460e-01	-1.027248852553175e+00	3205
1.081466640948710e+00	6.472411321745579e-02	3206
1.092705022265798e+00	-7.658318174263942e-01	3207
-1.559530922169518e-01	6.069016104185986e-01	3208
-2.360668209777924e-01	-1.605196856683980e-01	3209
1.012372701192608e+00	4.083829017096562e-03	3210
-1.701827685130220e-01	5.288950403646496e-02	3211
-2.096090371719495e-01	-7.746004153058370e-02	3212
-2.144129319319657e-01	1.031153682791070e-01	3213
-2.301391505107525e-01	1.661173914724989e-01	3214
-1.288983617687193e-01	-8.191485038086498e-04	3215
1.039633977678342e+00	2.624236620016862e-02	3216
1.041142883402658e+00	-2.462939269059097e-02	3217
1.006524925757561e+00	7.521366034247241e-04	3218
1.007135059099572e+00	1.502477634502331e-03	3219
1.007835662578594e+00	2.357603432899453e-03	3220
-2.194018528915375e-01	-1.015695330007030e-01	3221
-2.281671838805759e-01	-1.302009361852857e-01	3222
-2.229382268175045e-01	1.337879605653284e-01	3223
-2.051432729233652e-01	7.886280588691352e-02	3224
1.773330731523888e-01	9.230575125891693e-01	3225
-2.490157661331086e-01	-2.343139043438447e-01	3226
1.163405974487875e+00	-1.414227124662180e-01	3227
1.165043687645188e+00	1.701355316231803e-01	3228
1.176820315139971e+00	-1.743651815709518e-01	3229
1.178261770187324e+00	2.096999269582891e-01	3230
1.190319351408118e+00	-2.154833868543639e-01	3231
1.189848725231049e+00	2.575663024894264e-01	3232
1.201342082504800e+00	-2.634385700005086e-01	3233
1.198247600515130e+00	3.132501976682320e-01	3234
1.200857923676868e+00	3.718945812179337e-01	3235
1.197242996705782e+00	4.342487005020045e-01	3236
1.187455502540803e+00	4.976282279981084e-01	3237
1.168413013878109e+00	5.673270009624904e-01	3238
1.143088431902264e+00	6.366767780083342e-01	3239
1.104216880840155e+00	7.106838288459193e-01	3240
1.054221181419373e+00	7.882388581568954e-01	3241
-2.396542967454924e-01	2.340578732658213e-01	3242
-2.407414682766584e-01	3.060928773993168e-01	3243
-2.415693457045490e-01	2.686308072726087e-01	3244
9.770232309132564e-01	8.628878138374202e-01	3245
8.753436148991905e-01	9.303642328962827e-01	3246
7.524657541964219e-01	9.821424650280469e-01	3247
6.232943006206511e-01	1.008727949891584e+00	3248
1.149977005949435e+00	-1.145551232963678e-01	3249
1.106698981733903e+00	-7.136260384657379e-02	3250
1.136272535142962e+00	-9.046728866858060e-02	3251
1.136401595497463e+00	1.051502899468575e-01	3252
-1.537805219095269e-01	-6.451531847841190e-01	3253
-1.111215305475279e-01	-7.076995932187711e-01	3254
-5.742603569474120e-02	-7.745754086299316e-01	3255
-2.927204661169167e-01	-2.504038188878872e-01	3256
-2.766457078048021e-01	2.120006614328961e-01	3257
5.916834194277332e-01	-1.149676029868319e+00	3258
1.075957434407183e+00	-9.416785023969088e-01	3259
-9.959599663702270e-02	8.319602065624324e-01	3260
-2.994395849160997e-01	-3.965087263905694e-01	3261
-2.349024014644792e-01	6.104531326268179e-01	3262
4.297233614076554e-01	1.126089024177372e+00	3263
1.055081500663009e+00	4.208851955104019e-02	3264
1.009204937626961e+00	-1.548124599805059e-03	3265
1.012599171085004e+00	-1.691221291051754e-03	3266
1.066517191336813e+00	-4.246040857508850e-02	3267
-2.140761952470994e-02	-9.415508161929689e-01	3268
2.812993916614516e-01	-1.109515753632270e+00	3269
4.284741910860548e-01	-1.142399427228771e+00	3270
1.025555402374418e+00	-1.264870156521157e-02	3271
-2.033759551861059e-01	6.780413383304796e-01	3272
-9.207841112865371e-02	-8.730958556563357e-01	3273
1.019777782539812e+00	1.096996575658020e-02	3274
1.020349896548039e+00	-1.011360348766869e-02	3275
1.844554418829132e-01	1.049900648481954e+00	3276
1.016954155246401e+00	-6.703640765846694e-03	3277
-1.635316321484250e-01	3.653587609436003e-02	3278
-1.990760510885053e-01	-5.295779290284368e-02	3279
-2.880694445522228e-01	3.305190167872104e-01	3280
1.028455740459111e+00	1.672639817169701e-02	3281
-2.407860975054049e-01	-7.867762375118149e-02	3282
1.064496884791320e+00	4.468894377941657e-02	3283
-2.747033503121783e-01	-1.690637138305413e-01	3284
-2.688157318514313e-01	1.756200666558454e-01	3285
3.008495463294558e-01	1.094778559751586e+00	3286
-2.613930321456990e-01	-5.800052974217556e-01	3287
1.181957135718464e+00	1.432435222454064e-01	3288
1.186700446786329e+00	-7.698446812542499e-01	3289
5.671010946606793e-01	1.135292300739210e+00	3290
-2.846543646106146e-01	-2.086028389942354e-01	3291
1.127351907593512e+00	8.448069849819702e-02	3292
1.631418409877340e-01	-1.063396857402699e+00	3293
-2.369742579354923e-01	-6.468309173772248e-01	3294
1.097755084824498e+00	-5.902305784389347e-02	3295
9.945187405113598e-01	-1.016194101968730e+00	3296
-2.060466182092683e-02	9.135920131042626e-01	3297
1.244050050583046e+00	-6.071252471040494e-01	3298
1.034818473269802e+00	2.113203747438181e-02	3299
-1.608653234878665e-01	7.523563866182985e-01	3300
1.077792038062733e+00	5.637995253056351e-02	3301
1.016580414524015e+00	7.416148914826071e-03	3302
1.024238597733461e+00	1.432960130867624e-02	3303
1.031075249707444e+00	-1.621784050088260e-02	3304
1.028019139383689e+00	-1.434661689494404e-02	3305
-2.862550051238147e-01	3.807464799461006e-01	3306
7.537136684524505e-01	-1.129474246259713e+00	3307
1.014464784498756e+00	-4.194028393989668e-03	3308
1.047385688092586e+00	-2.213404622240823e-02	3309
-2.979342324007909e-01	-2.955783263324536e-01	3310
-2.559598005063683e-01	5.490777257187688e-01	3311
1.257531598148109e+00	-5.417374168661554e-01	3312
1.266136857008210e+00	-4.699888858296098e-01	3313
1.080269658092412e+00	-5.310873872693341e-02	3314
-3.000503119263857e-01	-3.431920427772201e-01	3315
1.219446610887207e+00	-6.884985178863716e-01	3316
8.925724548189496e-01	-1.080505174104040e+00	3317
1.012498843954612e+00	2.214909474506048e-03	3318
6.268675057286265e-02	-1.005568892443006e+00	3319
-1.363651794943136e-01	1.736991953715253e-02	3320
7.572427490611223e-02	9.874112935050195e-01	3321
-2.920974728977234e-01	-4.572667095477612e-01	3322
-2.714533452529812e-01	4.904970035752713e-01	3323
-2.805161222532476e-01	-5.157676313885042e-01	3324
1.046044377895662e+00	2.408731532300480e-02	3325
1.051298384341738e+00	2.836350729471059e-02	3326
1.008418620590643e+00	-8.743032348193065e-04	3327
1.265814059766272e+00	-3.896505774837482e-01	3328
-2.805652108039313e-01	4.336807879478265e-01	3329
1.098194651187726e+00	6.541931904063739e-02	3330
1.136077036855971e+00	-8.568050808013137e-01	3331
-1.501648078937976e-01	-5.992630817331133e-03	3332
1.014231063439258e+00	4.798036204773382e-03	3333
-1.684004468838935e-01	-2.229965601479685e-02	3334
-1.953536167510871e-01	5.504436579833105e-02	3335
-2.591939017684715e-01	1.425265985450608e-01	3336
1.041839458393339e+00	-1.823188089924635e-02	3337
1.007531700298748e+00	2.260541862698916e-04	3338
1.008368119629964e+00	1.208219038139717e-03	3339
1.009120038202633e+00	1.916272384437920e-03	3340
-2.639768310041482e-01	-1.368388226199639e-01	3341
-2.530743074452732e-01	-1.067349728868432e-01	3342
-2.485095149276354e-01	1.099694878129199e-01	3343
-2.364798447943994e-01	8.060188824560031e-02	3344
1.200104679054723e+00	1.806633521509508e-01	3345
1.194907341613024e+00	-1.476553399631602e-01	3346
1.212994345784333e+00	-1.850794102434848e-01	3347
1.217618662889124e+00	2.257822061042541e-01	3348
1.256742975454294e+00	-3.279505751866525e-01	3349
1.230417523625511e+00	-2.313132527655774e-01	3350
1.233721419954994e+00	2.797155291794546e-01	3351
1.245445456930276e+00	-2.827869670641101e-01	3352
1.245164112535986e+00	3.408091323869513e-01	3353
1.250907967108873e+00	4.063375335437299e-01	3354
1.249898014168465e+00	4.750679188515954e-01	3355
1.240179718611712e+00	5.497128222340515e-01	3356
1.222864782822650e+00	6.267306950755624e-01	3357
1.192938460021940e+00	7.102494922012955e-01	3358
1.151770365228144e+00	7.964396584848754e-01	3359
-2.829108967738488e-01	2.489952268976857e-01	3360
-2.874223395825911e-01	2.884040489590247e-01	3361
1.086297623992038e+00	8.986155874604758e-01	3362
9.884987941634787e-01	9.901348305269269e-01	3363
8.611390177788889e-01	1.067199191032945e+00	3364
7.137762509237796e-01	1.117867389860151e+00	3365
1.177730034293075e+00	-1.173565560993109e-01	3366
1.126267115071848e+00	-7.231985145735327e-02	3367
1.160863363620180e+00	-9.232322952089668e-02	3368
1.163626106751431e+00	1.105132076827214e-01	3369
-2.002918498918175e-01	-7.221127840801286e-01	3370
-1.531190201272358e-01	-7.957181257813907e-01	3371
5.035050564937064e-01	-1.284723417482849e+00	3372
-1.338393599310561e-01	9.451955674995701e-01	3373
-3.556855842031629e-01	-3.700725014872741e-01	3374
1.058488983678942e+00	3.435293414673955e-02	3375
1.052770882832855e+00	-2.724596514901532e-02	3376
-4.924892551761698e-02	-1.064545645361955e+00	3377
5.174131785524459e-02	-1.139752987016589e+00	3378
1.190481099585387e+00	-9.585486724134921e-01	3379
1.012583151455241e+00	-1.157514570578085e+00	3380
-2.068262267909499e-01	8.518881655203863e-01	3381
1.010391020242286e+00	1.180036520610849e-03	3382
-1.563420505751873e-01	1.880716047042351e-02	3383
1.240602150042263e+00	1.911817920482406e-01	3384
3.344405581635074e-01	1.241221132524809e+00	3385
-2.008009682966252e-01	-8.953811233046102e-01	3386
7.031882910307011e-02	1.124414213007840e+00	3387
1.075254867032620e+00	4.827031169625243e-02	3388
1.115407905605662e+00	-5.664117379946783e-02	3389
6.896898797944231e-01	-1.278548578193869e+00	3390
1.028185722960228e+00	1.232798540644136e-02	3391
-2.579300565792488e-01	7.591892791512597e-01	3392
1.014232142858235e+00	-2.400439782708313e-03	3393
1.036825554518003e+00	-1.427085566149977e-02	3394
1.283547816707523e+00	-7.611705757038129e-01	3395
-3.558987064389889e-01	-4.337316083400581e-01	3396
1.115624707699112e+00	-1.066405919904476e+00	3397
1.016637915748737e+00	-4.779324865570565e-03	3398
-3.161058100726485e-01	6.043788828654382e-01	3399
1.010439862535679e+00	-7.521040529855493e-04	3400
-3.230339258386022e-01	2.231478156405584e-01	3401
1.090614419284992e+00	5.575121459789517e-02	3402
-1.882660157438099e-01	-2.569439892567178e-02	3403
1.016366983466137e+00	5.485826657231093e-03	3404
-2.273150622485988e-01	-5.241256236420500e-02	3405
1.231466708225754e+00	-1.528859456371521e-01	3406
4.899753981690298e-01	1.268907794496186e+00	3407
6.576285542490284e-01	1.265075254357159e+00	3408
1.117408702426554e+00	6.684289489916979e-02	3409
-1.315478420912314e-01	-9.838301505267381e-01	3410
-3.421680985465974e-01	4.136768757948890e-01	3411
-3.315171118146926e-01	-2.209181479282542e-01	3412
-2.916482320560644e-01	6.784925674111769e-01	3413
1.064090500980268e+00	-3.293281173747224e-02	3414
1.012548770969642e+00	2.623500339113534e-04	3415
1.747605921534351e-01	-1.206823512139031e+00	3416
3.250881824377865e-01	-1.257210590074083e+00	3417
1.024284673058298e+00	-8.616942560197332e-03	3418
1.019862458199720e+00	-7.070037358276756e-03	3419
1.969426290066459e-01	1.193250568276776e+00	3420
-3.420362070408883e-01	3.577188013078319e-01	3421
-2.238287652063011e-01	5.443618762936257e-02	3422
1.243026907946238e+00	-8.604576502593161e-01	3423
-3.183508081583432e-01	-1.788065214089525e-01	3424
-3.126262355502658e-01	1.851436998641771e-01	3425
1.151853658579656e+00	8.739908205355715e-02	3426
-3.218283232641105e-01	-6.394333626038631e-01	3427
-4.079588105933583e-02	1.041040699582502e+00	3428
1.307175367066907e+00	-6.702685523720215e-01	3429
1.019459398986741e+00	7.923981074488622e-03	3430
1.031629272015537e+00	-1.186323470501483e-02	3431
1.028852113414645e+00	-1.048952898591102e-02	3432
1.041087959432804e+00	1.993833152274094e-02	3433
1.047962871932955e+00	-1.538873573073662e-02	3434
1.321455742256410e+00	-5.887221890080280e-01	3435
1.326886892817209e+00	-5.134152021180666e-01	3436
1.077376457629588e+00	-4.520233734749593e-02	3437
-3.425841646358140e-01	-2.671932532115608e-01	3438
-3.385437227914855e-01	3.086977332296884e-01	3439
8.685800861513071e-01	-1.234071869692596e+00	3440
1.014092031372713e+00	2.999792129259624e-03	3441
-3.410567030030756e-01	-5.682818046126095e-01	3442
-3.302680895630467e-01	5.376502361216966e-01	3443
-3.510737881916395e-01	-4.989065350355074e-01	3444
1.052865405669349e+00	2.112750441047472e-02	3445
1.323871053361978e+00	-4.292819138636346e-01	3446
-3.392726091495147e-01	4.724835708747608e-01	3447
-1.721087045058875e-01	6.173703023123216e-04	3448
-1.875402006806865e-01	3.608856715569504e-02	3449
-3.001753616437200e-01	1.484460559695473e-01	3450
-2.761978851546407e-01	-7.971560909417170e-02	3451
1.009435137724704e+00	2.440346456899320e-04	3452
-3.044643401071825e-01	-1.410077083968419e-01	3453
-2.868349662488450e-01	1.152390572075889e-01	3454
-2.907383430655094e-01	-1.099331198184895e-01	3455
-2.723109223549815e-01	8.287171706275055e-02	3456
1.217600016575160e+00	1.493273868221963e-01	3457
1.254493167416875e+00	-1.956356202307976e-01	3458
1.263645012652692e+00	2.417165562929798e-01	3459
1.295396700947706e+00	-2.940586554213392e-01	3460
1.276802875885425e+00	-2.454709005122182e-01	3461
1.284073053291674e+00	3.021968958800499e-01	3462
1.311911544360071e+00	-3.510438595685035e-01	3463
1.299933700294977e+00	3.693096478250524e-01	3464
1.309284876028717e+00	4.418343441899024e-01	3465
1.310122705833966e+00	5.211125341564410e-01	3466
1.302810838243474e+00	6.044890129105284e-01	3467
1.283560934497252e+00	6.958180486572717e-01	3468
1.252489300195561e+00	7.918377306886345e-01	3469
-3.322410471151076e-01	2.633423999106146e-01	3470
-3.502956535823247e-01	-3.167511330215506e-01	3471
1.201884974330184e+00	9.008709507529322e-01	3472
1.117816049051179e+00	1.030255781071460e+00	3473
9.913333176579725e-01	1.138116659026414e+00	3474
8.323854243437354e-01	1.221612375949404e+00	3475
1.209344415702308e+00	-1.193105253390881e-01	3476
1.148531692811085e+00	-7.221911367132806e-02	3477
1.188559843917466e+00	-9.173736868450680e-02	3478
1.194857888065033e+00	1.147539323623965e-01	3479
-2.947433695837602e-01	-7.209582935360134e-01	3480
-2.534423644464311e-01	-8.074797540270915e-01	3481
3.906395429256478e-01	-1.421052441531608e+00	3482
1.047182626118389e+00	1.724392525541647e-02	3483
-4.181330330715005e-01	-4.012762395476457e-01	3484
1.009491030876977e+00	-1.325249394296649e+00	3485
-4.069916321651470e-01	4.465357709210406e-01	3486
1.014233377930211e+00	-5.329940429940181e-04	3487
1.135595241838713e+00	-5.510397817936995e-02	3488
2.184113220127679e-01	1.355330844517848e+00	3489
5.781004446690591e-01	1.421717479568988e+00	3490
3.864857580953227e-01	1.404509306624877e+00	3491
1.180072288171532e+00	8.907311370212853e-02	3492
1.061810417641828e+00	-2.322486214217584e-02	3493
-3.581439508287527e-01	7.541717636594841e-01	3494
-3.154466246502390e-01	-9.036438670586558e-01	3495
1.071059894917650e+00	3.626130100778707e-02	3496
6.013124792808167e-01	-1.436620085523226e+00	3497
1.249531053809299e+00	-1.078826396991150e+00	3498
1.024668546810569e+00	1.029580565978093e-02	3499
1.032361054057477e+00	1.426744478846522e-02	3500
1.311130418314297e+00	-9.596023624990141e-01	3501
-3.616935667930917e-01	1.920714267452412e-01	3502
1.139634249361980e+00	6.757935694482085e-02	3503
-3.971272088216530e-01	3.292201447628706e-01	3504
1.023014199623883e+00	-5.116836964624848e-03	3505
1.036053170971162e+00	-9.079221510301095e-03	3506
-3.298073611273106e-01	1.171096759987397e-01	3507
-3.988683401032986e-01	5.873828734862083e-01	3508
1.054346882240719e+00	-1.960285690072299e-02	3509
-3.755025836395248e-01	2.322838178284825e-01	3510
1.104922640706334e+00	5.244167656020875e-02	3511
-1.990016847745411e-01	-9.661372279671527e-04	3512
-3.678432379402954e-01	-1.861331417716340e-01	3513
1.037036622535076e+00	1.568669824097015e-02	3514
-2.152730575998763e-01	-2.856380271701514e-02	3515
1.287690366081721e+00	2.005536423358908e-01	3516
7.828117826833709e-01	1.392913727886144e+00	3517
-4.194750130025832e-01	-5.437135950305333e-01	3518
1.089264082781374e+00	-4.534576824821217e-02	3519
-4.214930359012761e-01	-4.709257814153243e-01	3520
-1.709987785649409e-01	1.075476094111822e+00	3521
-2.597676583649344e-01	-4.978142579149065e-02	3522
1.104694044553004e+00	-4.446680098465572e-02	3523
1.042545094874519e+00	-1.202160640059895e-02	3524
-7.657094284621027e-02	-1.205721446202339e+00	3525
-2.562858449143746e-01	9.665516089403218e-01	3526
-4.054037872504927e-01	5.150543442547059e-01	3527
-1.744721946419978e-01	-1.109131219288323e+00	3528
6.859822852913376e-02	1.280281653825686e+00	3529
-3.189736925805363e-01	8.539722874303188e-01	3530
1.016165694034629e+00	3.741261977856802e-03	3531
1.354072821516413e+00	-8.474595263000274e-01	3532
1.153208631300637e+00	-1.212301271087864e+00	3533
1.016344566429126e+00	-3.042247809842652e-03	3534
-3.836461686462946e-01	6.681107340489545e-01	3535
1.018824065639838e+00	6.188650819502889e-03	3536
1.245600497202906e+00	-1.193117654986945e-01	3537
-2.546670281452080e-01	-1.008153029966097e+00	3538
-3.987822950798932e-01	-2.834868216696326e-01	3539
4.682276269323866e-02	-1.293958129520083e+00	3540
2.029999665510699e-01	-1.370388403263069e+00	3541
1.019133767934624e+00	-5.363243184866423e-03	3542
-4.032615217576935e-01	3.856547694966505e-01	3543
-4.086405831307641e-01	-6.242723425541372e-01	3544
-6.177058780043508e-02	1.186103589976896e+00	3545
1.381627837683779e+00	-7.377621985942581e-01	3546
1.022446035973744e+00	9.146131778093054e-03	3547
1.031972468994200e+00	-7.654887781019240e-03	3548
1.027859739802237e+00	-6.369817252102027e-03	3549
1.394018028446777e+00	-6.431358400802253e-01	3550
1.397890161779106e+00	-5.561070739757439e-01	3551
1.074202244800806e+00	-3.496974639987668e-02	3552
8.161537658990625e-01	-1.406199338068909e+00	3553
1.014190155288779e+00	1.136858788635240e-03	3554
1.059422368273387e+00	2.593011249037510e-02	3555
1.391452849192875e+00	-4.686754582074808e-01	3556
-2.145867667443421e-01	3.576442436161616e-02	3557
-1.792521507245932e-01	2.140211793471094e-02	3558
-3.464702265982291e-01	1.531000658383478e-01	3559
-3.504608724684653e-01	-1.452924977431259e-01	3560
-2.569854996767230e-01	5.247406522086287e-02	3561
-3.328277295872521e-01	-1.096947109576703e-01	3562
-3.125850018578860e-01	8.402373753689159e-02	3563
-3.157436855620578e-01	-7.913529014914761e-02	3564
1.258497174674083e+00	1.543906908876568e-01	3565
1.273416880958866e+00	-1.576563865599957e-01	3566
1.328370120172386e+00	-2.533445392998227e-01	3567
1.302212191615788e+00	-2.039425477034989e-01	3568
1.316472339986408e+00	2.578833809143885e-01	3569
1.352891210035613e+00	-3.079929505964108e-01	3570
1.342586380570268e+00	3.241139190932273e-01	3571
1.375094914918103e+00	-3.810955228628810e-01	3572
1.363368570667906e+00	3.982934215027161e-01	3573
1.376200369989813e+00	4.810429627007269e-01	3574
1.380670792371967e+00	5.695707887153759e-01	3575
1.373702445383702e+00	6.673683888878049e-01	3576
1.354938118064846e+00	7.721934637383904e-01	3577
-3.875802119611679e-01	2.787757766764564e-01	3578
-3.847402624216857e-01	-2.323111288630057e-01	3579
-4.103748870356563e-01	-3.372236465820717e-01	3580
1.318918601416383e+00	8.891942364711630e-01	3581
1.253541598287525e+00	1.026750868512683e+00	3582
1.135348374002950e+00	1.178830552281053e+00	3583
9.801279170604438e-01	1.309137534321825e+00	3584
1.173203866657997e+00	-7.070911999765217e-02	3585
1.219828575446585e+00	-8.963825596954773e-02	3586
1.230485407212638e+00	1.163598265142747e-01	3587
-3.909634305288563e-01	-7.070874922515955e-01	3588
-3.589294978843557e-01	-8.041272043745479e-01	3589
1.042403581631675e+00	1.390098577862708e-02	3590
1.016105992291652e+00	2.169220235717411e-03	3591
7.423325011408839e-02	1.458019011633030e+00	3592
1.085401533292622e+00	4.042006047083192e-02	3593
1.176639687025702e+00	-1.389571257676523e+00	3594
1.026222341102546e+00	-2.649695108513979e-03	3595
4.828555780234986e-01	-1.599250332510410e+00	3596
-4.019508367079316e-01	-1.472142612643520e-01	3597
-2.944995486077925e-01	4.809866024740937e-02	3598
-3.573840950089914e-01	8.153646396373898e-02	3599
1.122473625184909e+00	-4.075447938633976e-02	3600
1.164933992492799e+00	6.725255445671784e-02	3601
7.051243410146576e-01	1.577914462471607e+00	3602
-2.107792806595127e-01	1.225151149673663e+00	3603
-4.737157230814166e-01	4.120364627261094e-01	3604
2.532665385487777e-01	-1.554817038397877e+00	3605
-4.607345643678357e-01	7.381368963434141e-01	3606
-4.970909434675508e-01	-5.089881232960486e-01	3607
1.158103909496045e+00	-5.211687325871608e-02	3608
-3.149948513162584e-01	-1.137625460880567e+00	3609
9.772204361830132e-01	-1.519636265539746e+00	3610
-4.900210628081418e-01	-4.322827968096579e-01	3611
-3.780378373009669e-01	1.165004257286006e-01	3612
1.070994550452748e+00	-2.573143167601126e-02	3613
-3.856453010083644e-01	-1.013662308027345e+00	3614
1.067137246176346e+00	3.100398493148453e-02	3615
-2.454694091832502e-01	-2.827033807612817e-02	3616
-4.785980525753030e-01	-3.610548686746486e-01	3617
1.287112520123821e+00	-1.182414963128153e-01	3618
1.305644752399847e+00	1.572296235097503e-01	3619
1.355040650848424e+00	-2.073384627638152e-01	3620
1.211752048123895e+00	8.901569177118734e-02	3621
1.377554064294062e+00	2.724118477562248e-01	3622
9.469315538776679e-01	1.504395266411306e+00	3623
1.053681511057189e+00	1.389627251382113e-02	3624
-4.806340630741863e-01	4.827049556186466e-01	3625
2.569823064595030e-01	1.538320354646112e+00	3626
4.678295020163458e-01	1.583217910958028e+00	3627
1.309787118115356e+00	-1.223142391637911e+00	3628
1.388290140110262e+00	-1.074458883843078e+00	3629
-3.980476087852261e-01	1.553142732751388e-01	3630
1.094984686731761e+00	4.202842891525467e-02	3631
-4.767757998579245e-01	6.441916667806940e-01	3632
1.061219941549570e+00	-1.484782543315573e-02	3633
1.054689669630893e+00	-1.210131399825769e-02	3634
1.125849059256977e+00	5.044130757219430e-02	3635
-2.284366736406841e-01	4.716807165266873e-03	3636
-4.167862311642928e-01	1.955989231627905e-01	3637
-4.237847785453318e-01	-1.915103295068342e-01	3638
1.036023784537359e+00	1.069438299179772e-02	3639
1.085711038596197e+00	-3.704554208369571e-02	3640
-4.336992464827466e-01	8.419790923199149e-01	3641
-2.449552545605221e-01	3.206675696077846e-02	3642
1.048243689216366e+00	-8.863504379957966e-03	3643
1.041285246836261e+00	-6.118154872661874e-03	3644
-2.209081303992177e-01	-1.253209986234346e+00	3645
-3.092302536356993e-01	1.096649934814870e+00	3646
-4.820292438958085e-01	5.586955191530627e-01	3647
-3.856973382625648e-01	9.655816349730982e-01	3648
1.018527178046337e+00	4.349944702965265e-03	3649
1.435995791664632e+00	-9.426938641742664e-01	3650
1.016202040105479e+00	-1.471990451033306e-03	3651
-4.444553580558280e-01	-2.431068613089701e-01	3652
-4.504445784647486e-01	2.930315865868443e-01	3653
-1.005941975306233e-01	-1.368653636480833e+00	3654
5.562567370812856e-02	-1.472319987723115e+00	3655
1.018739357170706e+00	-3.536258166022994e-03	3656
-4.960859194520048e-01	-5.945627716996115e-01	3657
-4.345855112910589e-01	-8.957957024052640e-01	3658
-8.134223427911715e-02	1.351952755639181e+00	3659
1.465756273693511e+00	-8.167944814805145e-01	3660
1.035399400499617e+00	-4.349609912456441e-03	3661
1.031967310818429e+00	9.695117492108388e-03	3662
1.031014656718213e+00	-3.453197627764359e-03	3663
1.028199769711435e+00	8.275274308654041e-03	3664
1.478609496165355e+00	-7.019782819555787e-01	3665
1.341793629050058e+00	2.096276054440159e-01	3666
1.478801948978637e+00	-6.030053771902233e-01	3667
1.096207785885029e+00	-3.284925082593936e-02	3668
7.325552515479552e-01	-1.592356028085113e+00	3669
1.016169907039063e+00	3.492378389476952e-04	3670
1.060463736298628e+00	1.770422902716936e-02	3671
-2.034765264043305e-01	1.721025113389600e-02	3672
-3.803878333825060e-01	-1.080552489130960e-01	3673
-2.962034685085530e-01	-4.624987065473105e-02	3674
-3.594165110464183e-01	-7.458698752086632e-02	3675
1.321397505834229e+00	-1.596509888330636e-01	3676
1.387356007055800e+00	-2.594069357714955e-01	3677
1.419317165158517e+00	-3.274182980352482e-01	3678
1.410067674189297e+00	3.455437644684524e-01	3679
1.448438363244713e+00	-4.123726386418698e-01	3680
1.436058752546697e+00	4.296937249443290e-01	3681
1.469510469507950e+00	-5.065668885016457e-01	3682
1.453990354138201e+00	5.217796095189822e-01	3683
1.460967221675106e+00	6.247052468295524e-01	3684
1.456547384958113e+00	7.365563176308183e-01	3685
-4.343947264588602e-01	2.417874733021164e-01	3686
-4.627578708827506e-01	-2.974364878177957e-01	3687
-4.646114849996413e-01	3.504949108672439e-01	3688
1.436363368217791e+00	8.615822399605603e-01	3689
1.389986372299916e+00	1.007583840361238e+00	3690
1.296012287099850e+00	1.181871220341768e+00	3691
1.168674830669351e+00	1.376241950703502e+00	3692
1.201028970177423e+00	-6.651948416158565e-02	3693
1.255196605825623e+00	-8.475412812657172e-02	3694
1.271074375011609e+00	1.161088130181926e-01	3695
-4.878593783610430e-01	-6.839643131465493e-01	3696
-4.682123814055287e-01	-7.858137275912822e-01	3697
1.022814687767600e+00	-1.545914034135454e-03	3698
-5.497198990360228e-01	8.171850792608755e-01	3699
1.247958125470133e+00	8.585531236128938e-02	3700
-2.596987285439841e-01	3.573945908180057e-03	3701
-5.218802061464648e-01	3.059591230778337e-01	3702
1.172984434783935e+00	-1.601521921869523e+00	3703
1.142675733075061e+00	-3.660315343834029e-02	3704
8.532639289768891e-02	-1.677397115318752e+00	3705
-4.081713852625183e-01	-6.710995030096623e-02	3706
-9.613955509057799e-02	1.542298662722626e+00	3707
1.067855480380772e+00	2.219199293504982e-02	3708
-2.775443156375863e-01	2.638643349022185e-02	3709
-3.696301928340949e-01	1.245798398269063e+00	3710
1.193588984626045e+00	6.512307156047725e-02	3711
1.414533669598282e+00	-2.061667725967221e-01	3712
6.124662773012580e-01	-1.786696475440235e+00	3713
-4.788561383517359e-01	1.983434850188923e-01	3714
-5.644404329394522e-01	5.193685819467408e-01	3715
-5.646603382894531e-01	7.078428458418583e-01	3716
-5.848298344551023e-01	-6.473207668085922e-01	3717
5.914650579775500e-01	1.771424460642218e+00	3718
3.321460896107999e-01	-1.759356550470706e+00	3719
-5.820849155314575e-01	-5.523250120979641e-01	3720
-5.558684192940948e-01	-3.847843588701535e-01	3721
-5.178225094805737e-01	9.463733699358737e-01	3722
1.018387269664685e+00	-5.271208583096619e-04	3723
1.035036610560931e+00	6.049503858285107e-03	3724
1.034007543701026e+00	8.960120168598966e-05	3725
1.029183677276333e+00	4.054683568370944e-04	3726
1.447221738084973e+00	2.856032337654487e-01	3727
-5.397267168995007e-01	3.708776557114271e-01	3728
1.334299323301572e+00	-1.137989321303714e-01	3729
-4.647404708410968e-01	-1.140058108278311e+00	3730
1.146067101509048e+00	1.592610459932938e+00	3731
8.814676289095115e-01	1.722012003437046e+00	3732
1.109543436089794e+00	3.820324960903199e-02	3733
-5.723072431156652e-01	-4.629291953687137e-01	3734
1.021457431254073e+00	-3.913506052764946e-03	3735
9.487830285859200e-02	1.661266195833815e+00	3736
1.069499250589412e+00	-1.852289006441695e-02	3737
-4.554127197850240e-01	1.530609335398291e-01	3738
-3.350098107783725e-01	4.666631915938478e-02	3739
-3.368834796487409e-01	-4.023330443301026e-02	3740
-2.780022483933807e-01	-2.203295270540935e-02	3741
-2.517112930534551e-01	1.397599501412505e+00	3742
-5.539507348430238e-01	4.400081183248006e-01	3743
-4.597896952170012e-01	-1.459218844374587e-01	3744
1.182756447389182e+00	-4.738389926049250e-02	3745
-5.211704013545784e-01	-1.000138821632126e+00	3746
9.086341668132148e-01	-1.737333841427400e+00	3747
-4.317002574537627e-01	1.132635399676194e-01	3748
1.047895432567048e+00	1.055585103904400e-02	3749
1.110827825962028e+00	-3.106800731499657e-02	3750
1.060568487089899e+00	9.659026365661551e-03	3751
3.245185522692970e-01	1.742658142006203e+00	3752
1.361710613257996e+00	-1.400470111991299e+00	3753
1.471435547651459e+00	-1.212825371888471e+00	3754
1.149253623981596e+00	4.853116916829375e-02	3755
1.060675357131901e+00	-6.925507326357536e-03	3756
1.081667174226226e+00	-2.665586211617607e-02	3757
1.054268000791951e+00	-4.855167991563457e-03	3758
1.041454840737294e+00	7.904992183448646e-03	3759
1.046746698031049e+00	-2.400974561706329e-03	3760
-3.798613572455448e-01	-1.285718712040951e+00	3761
-5.694952381639767e-01	6.072538483599960e-01	3762
-4.598260724194612e-01	1.097354739023602e+00	3763
1.021219214808222e+00	4.857322905608055e-03	3764
1.530428760234106e+00	-1.050914593427666e+00	3765
-5.118362420415714e-01	-2.502980068962533e-01	3766
-2.672861624890194e-01	-1.420943256120771e+00	3767
-1.148510071741761e-01	-1.558429597702494e+00	3768
1.561948161135875e+00	-9.055771546671894e-01	3769
1.039673992049113e+00	-7.379569594702462e-04	3770
1.031451150437581e+00	5.400407807414794e-03	3771
1.575293698198018e+00	-7.705316496745062e-01	3772
1.572639282919694e+00	-6.523295148104633e-01	3773
1.018338755100602e+00	1.331081577791369e-03	3774
-4.072034273021845e-01	7.551074677050827e-02	3775
-4.335267055505648e-01	-1.040546933451678e-01	3776
1.374624628540000e+00	-1.575346122403951e-01	3777
1.359790600595093e+00	1.589225713024440e-01	3778
1.455540065739395e+00	-2.685519471094214e-01	3779
1.404070525908459e+00	2.161204750922511e-01	3780
1.496559587021193e+00	-3.480478870799751e-01	3781
1.487364533868331e+00	3.680983134080999e-01	3782
1.532752430125524e+00	-4.426112712180069e-01	3783
1.520104438628902e+00	4.614367016810226e-01	3784
1.558258761696148e+00	-5.463633441793910e-01	3785
1.542721785449837e+00	5.677545394290548e-01	3786
1.554487008560955e+00	6.847012026857429e-01	3787
-5.009314785748539e-01	2.490855861622143e-01	3788
-4.868529084183252e-01	-1.958526286438871e-01	3789
-5.355771556967457e-01	-3.126928730521504e-01	3790
1.551895460144996e+00	8.163829985112310e-01	3791
1.525719133893679e+00	9.706266943243300e-01	3792
1.459560146132484e+00	1.157830708516430e+00	3793
1.356828458303053e+00	1.361149963801850e+00	3794
1.232210357729139e+00	-6.024311652404714e-02	3795
1.295495422520534e+00	-7.806741462406723e-02	3796
1.317382094702900e+00	1.126436968679445e-01	3797
-5.564614815539464e-01	-8.723318742046947e-01	3798
-5.777128175067814e-01	-7.535597715427695e-01	3799
-1.116684946092376e-01	-1.779480241882898e+00	3800
1.175141531143847e+00	4.497870170426005e-02	3801
-2.910138677988208e-01	1.597082061911255e+00	3802
-4.626107020146085e-01	-5.671572613684360e-02	3803
-6.176831010646057e-01	-3.280910573360335e-01	3804
1.131531108507348e+00	3.280204334435145e-02	3805
1.165010044142983e+00	-3.066723805390953e-02	3806
-5.375661677507563e-01	1.246829225289578e+00	3807
-6.603661773977870e-01	5.581598105245776e-01	3808
-6.661429781849696e-01	7.777460737193470e-01	3809
1.025407489700264e+00	9.793618915664875e-04	3810
1.267676267956264e+00	-5.072879906799484e-02	3811
7.726516269419038e-01	1.955704970899260e+00	3812
-3.826581389479426e-01	-3.455584825799502e-02	3813
1.078786793327722e+00	2.806885455787201e-02	3814
1.127569090627206e+00	-2.409608040661917e-02	3815
1.068327433381846e+00	1.341953435304686e-02	3816
4.362811748969030e-01	1.965782101160058e+00	3817
1.052361212662084e+00	2.146458311923349e-03	3818
-6.586895194780271e-01	-9.686820764640449e-01	3819
1.445311490830160e-01	-1.909503805906362e+00	3820
1.045591019258643e+00	3.826757299977658e-03	3821
1.020352424856190e+00	2.100989475364617e-03	3822
-3.756995612666035e-01	3.402488343744531e-03	3823
-3.133782059848603e-01	1.581175178517517e-02	3824
1.527682800880845e+00	2.978612716056354e-01	3825
1.277124250099044e+00	1.530778417659715e+00	3826
1.210193530708042e+00	-3.953355412347730e-02	3827
-6.798436109488158e-01	-5.965598066519868e-01	3828
-6.192774027080946e-01	-1.120284207214082e+00	3829
-6.503367656584187e-01	9.110421116856627e-01	3830
1.483015843151192e+00	-2.054775847915387e-01	3831
-6.790534336434599e-01	-8.324181075677075e-01	3832
1.133184682949558e+00	-1.848424517531681e+00	3833
-9.935167427043803e-02	1.761919217362939e+00	3834
1.099176766243207e+00	2.823925236450850e-02	3835
-4.348840836601870e-01	1.419156343884213e+00	3836
1.225453176427676e+00	6.081555534161429e-02	3837
4.513107473471037e-01	-1.981780251212096e+00	3838
-6.656378704744824e-01	-4.975048955620245e-01	3839
-6.120707736617773e-01	1.069856397183620e+00	3840
1.024705179400538e+00	6.175366633737843e-03	3841
1.027479483223349e+00	4.192492916190488e-03	3842
1.288822670853316e+00	8.018911673636613e-02	3843
1.386824319727792e+00	-1.055254807619266e-01	3844
-6.861615344295403e-01	-7.069395776950261e-01	3845
1.102728738879843e+00	1.838467912093198e+00	3846
-6.445311291318603e-01	4.685515631176859e-01	3847
1.020631992527525e+00	-3.686464610750354e-04	3848
1.431185013475429e-01	1.892287811630306e+00	3849
1.068619273305451e+00	-9.875501399821700e-03	3850
-3.795601128755093e-01	3.825846757969208e-02	3851
-3.043398913245024e-01	-9.332904716437388e-03	3852
-6.439429991058416e-01	-4.066254992476141e-01	3853
-6.252633994893793e-01	3.894013543936471e-01	3854
-5.197614690415888e-01	1.483853496915059e-01	3855
-5.249916679003465e-01	-1.425555096525084e-01	3856
7.950176215240639e-01	-1.971288156272647e+00	3857
-4.909137322233679e-01	1.048281208244312e-01	3858
-4.625730040357890e-01	6.621684237193949e-02	3859
1.101941680193069e+00	-1.973952391067857e-02	3860
1.093176046661784e+00	-1.966882636203737e-02	3861
1.053818114837193e+00	6.468247236127593e-03	3862
1.395428871969234e+00	-1.620664810409581e+00	3863
1.552394857610982e+00	-1.385441416887946e+00	3864
1.079147381798829e+00	-2.032374749935291e-02	3865
1.059571459822183e+00	6.985212650560232e-04	3866
-5.512395043426103e-01	-1.287189017704467e+00	3867
-6.686039243210110e-01	6.626785359067725e-01	3868
1.635611655087980e+00	-1.180394307497826e+00	3869
-5.570742494926457e-01	-1.962472627114565e-01	3870
-5.758998165422906e-01	2.537850870668585e-01	3871
-4.471243806420447e-01	-1.455340025643854e+00	3872
-3.080646081596360e-01	-1.618252861323367e+00	3873
1.673148113399058e+00	-1.005312860340442e+00	3874
1.685428118078739e+00	-8.491829131345907e-01	3875
1.680427050938670e+00	-7.086550143482465e-01	3876
-4.927112725873252e-01	-9.582185480671415e-02	3877
1.474893739450482e+00	2.206870224063877e-01	3878
1.534766910848426e+00	-2.776246312381601e-01	3879
1.421814912666386e+00	1.570820336204649e-01	3880
1.433717862557336e+00	-1.493962721667586e-01	3881
1.585411414053512e+00	-3.678629984661396e-01	3882
1.576353627105316e+00	3.896550590125862e-01	3883
1.628520079881365e+00	-4.737257261722373e-01	3884
1.616076757172968e+00	4.969045671619549e-01	3885
1.660537112144005e+00	-5.860873728840045e-01	3886
1.645744068869845e+00	6.167679239943792e-01	3887
-5.482615053104321e-01	1.982830180824561e-01	3888
-5.882423214324269e-01	-2.565571155489127e-01	3889
-6.021358324782667e-01	3.188397805200350e-01	3890
1.662508307767415e+00	7.530032143274382e-01	3891
1.658306912875663e+00	9.140815650019208e-01	3892
1.620978618069099e+00	1.109889018625706e+00	3893
1.544577567008304e+00	1.328864025552734e+00	3894
1.340929050255245e+00	-6.736662211000206e-02	3895
1.370410155395844e+00	1.070441223546199e-01	3896
-5.024166677678714e-01	1.621902123577848e+00	3897
-7.695410327693201e-01	6.023524239696301e-01	3898
1.076861345043539e+00	1.822470248060361e-02	3899
-7.639259919131035e-01	1.022943432588136e+00	3900
1.113513716229572e+00	2.379004603244615e-02	3901
-4.279524928260312e-01	-1.489693770577019e-02	3902
1.267562366614894e+00	-1.786223290268493e+00	3903
1.203901717792541e+00	3.907917739447486e-02	3904
1.290384384602313e+00	1.727308157403252e+00	3905
1.023324631909432e+00	1.614254222369831e-03	3906
1.562301503414094e+00	-2.028378061003061e-01	3907
1.261521883794971e+00	5.274224107808247e-02	3908
-3.359108682743546e-01	-1.851094100441934e+00	3909
1.147321936099216e+00	-1.714718621224863e-02	3910
-7.169924301170492e-01	1.218776204256593e+00	3911
1.042451233551771e+00	-2.126253285483661e+00	3912
2.350004555699390e-01	2.150481387026960e+00	3913
-5.220670334769177e-01	-4.187116234123831e-02	3914
1.803329454911371e+00	-7.742285303170459e-01	3915
-6.926579523085370e-01	3.282866658321751e-01	3916
1.620043966747381e+00	3.081060664824742e-01	3917
-7.915719845731254e-01	-6.450276969224465e-01	3918
1.116740553691749e+00	-1.730238536520692e-02	3919
1.799250085290409e+00	-1.123396220416006e+00	3920
-7.818987601892997e-01	8.594337842846063e-01	3921
-4.292953015538686e-01	2.558360226084069e-02	3922
-6.601523773865816e-01	2.576216004071675e-01	3923
2.449727396352112e-01	-2.167241556830191e+00	3924
1.335778766007802e+00	7.056547041622560e-02	3925
1.501183450972560e+00	-1.394265489159359e-01	3926
-5.914942886757218e-01	1.404242449668926e-01	3927
1.475132827936841e+00	1.513783765761991e+00	3928
1.240867765759221e+00	-2.912664076843961e-02	3929
1.492371349983255e+00	1.526150921718625e-01	3930
-3.229146898321668e-01	1.829323697346455e+00	3931
-7.713796640112881e-01	-5.324324796369508e-01	3932
1.155863975851453e+00	2.793730512595383e-02	3933
-6.269024359598134e-01	1.417548884014784e+00	3934
1.015213317240056e+00	2.114368328006214e+00	3935
6.121623056446994e-01	2.195354002521420e+00	3936
-7.962426705872777e-01	-9.189762596012266e-01	3937
-8.105938811610480e-02	-2.034809308328823e+00	3938
1.189181912127059e+00	-2.275904102993304e-02	3939
-7.753562329997451e-01	-1.079225031969999e+00	3940
1.307531028985937e+00	-3.857428791135275e-02	3941
-8.010495477836517e-01	-7.758539195937083e-01	3942
-7.858996248304752e-02	2.015766776852165e+00	3943
1.089163345902743e+00	1.758354306708482e-02	3944
-7.478848109013958e-01	4.966598153743013e-01	3945
1.067455323377257e+00	-1.589647275893531e-03	3946
-7.441475089314927e-01	-4.302860913134181e-01	3947
-7.233246293612079e-01	4.075390951325022e-01	3948
-7.106888893608674e-01	-3.402333144757017e-01	3949
6.297675929212297e-01	-2.210882582704613e+00	3950
-5.568210772170484e-01	9.239748940323458e-02	3951
-5.225146194160991e-01	5.173675211438183e-02	3952
1.067756555647816e+00	4.397694007033506e-03	3953
1.624475070115656e+00	-1.602825713445382e+00	3954
1.077790222416416e+00	-1.336393875163754e-02	3955
-7.283783370978577e-01	-1.261266915292085e+00	3956
-7.814157711190637e-01	7.229073065228500e-01	3957
1.744959240359689e+00	-1.343611054228884e+00	3958
-6.360808827999199e-01	-1.932599808759113e-01	3959
-6.457523943549376e-01	-1.461156516241738e+00	3960
-5.164804090758875e-01	-1.654348140255762e+00	3961
1.812689021077570e+00	-9.372846938485471e-01	3962
-5.590635217980660e-01	-8.419835569095180e-02	3963
1.626037321788995e+00	-2.853184664481987e-01	3964
1.556368711423052e+00	2.220508417745750e-01	3965
1.444509019186703e+00	-9.049237477304872e-02	3966
1.686585366807916e+00	-3.879831826091266e-01	3967
1.678073442445381e+00	4.133190718729566e-01	3968
1.738238503277308e+00	-5.028206447851309e-01	3969
1.727111721968300e+00	5.333678259714461e-01	3970
1.778018817755087e+00	-6.295326287824419e-01	3971
-6.259627326810865e-01	1.941975370579753e-01	3972
-5.975052429466671e-01	-1.353303479828364e-01	3973
-6.743175413866549e-01	-2.625787263199335e-01	3974
1.764862475096658e+00	6.715900425428025e-01	3975
1.784498513769686e+00	8.370835875195070e-01	3976
1.776889856985086e+00	1.038465301932034e+00	3977
1.731119236431653e+00	1.271525890781342e+00	3978
1.391626416033395e+00	-5.273156528049860e-02	3979
1.430783911540973e+00	9.694793347007212e-02	3980
-7.241830779263686e-01	1.617686919108156e+00	3981
-8.271911646436384e-01	1.388997540028512e+00	3982
-8.906396507021908e-01	1.157399955345064e+00	3983
-3.406596058894220e-01	-2.124819220963230e+00	3984
1.285472691373490e+00	2.003210958875393e+00	3985
1.140544782995790e+00	1.408247162936759e-02	3986
-5.674803369517029e-01	1.860630768141025e+00	3987
1.129900445694899e+00	-8.274335886764520e-03	3988
-4.826852287390581e-01	1.212750535049525e-03	3989
1.936894498094661e+00	-1.273593206643429e+00	3990
1.388899439454796e+00	5.788021943172880e-02	3991
1.215824431594331e+00	-1.121474301380177e-02	3992
-8.325715599395487e-01	4.254430024773707e-01	3993
1.182135514040158e+00	2.100914028199815e-02	3994
1.169075146366233e+00	-8.248010266816251e-03	3995
1.275539324312399e+00	-1.475495378516244e-02	3996
-7.131459323058741e-01	1.880763790307409e-01	3997
-8.921439082153907e-01	-5.683996531262520e-01	3998
3.939931528947620e-01	2.427717617778058e+00	3999
-1.676984405624551e-02	2.306272533203935e+00	4000
1.958349136365674e+00	-1.040845664118713e+00	4001
1.076273145546363e+00	-2.611249387318048e-03	4002
-9.968031299265713e-03	-2.325132934651340e+00	4003
1.506694349829396e+00	-1.816752869536389e+00	4004
-5.792933916970648e-01	-1.892088136324840e+00	4005
8.879739670472165e-01	-2.422605740131092e+00	4006
1.730406100236810e+00	-2.925284020518160e-01	4007
-5.877418488411236e-01	-2.144346591438931e-02	4008
1.653711097009586e+00	-1.976259240401214e-01	4009
1.102718288180597e+00	1.460501423032391e-02	4010
1.107171008022331e+00	-6.036682753624817e-03	4011
1.235482279458371e+00	3.050326994004962e-02	4012
1.079684553449297e+00	8.175312702455244e-03	4013
1.302219219322943e+00	4.154400586095241e-02	4014
1.129265518047367e+00	1.507448759135801e-02	4015
1.945292110672999e+00	-8.474303647211338e-01	4016
-9.187721608540054e-01	-7.010463626479579e-01	4017
1.725743409178945e+00	3.188275363757798e-01	4018
-9.134726837418274e-01	9.570338427869016e-01	4019
-8.930909313375167e-01	6.512371310461084e-01	4020
-8.571939263491768e-01	-4.544113963320343e-01	4021
1.351942807863915e+00	-2.172971609319477e-02	4022
1.509736511029869e+00	-7.181055613547820e-02	4023
-8.163236548568870e-01	-3.517906260601026e-01	4024
-7.949314478434061e-01	3.343469913493625e-01	4025
1.528889486217150e+00	1.747120287471726e+00	4026
1.649826160327172e+00	2.199632880137047e-01	4027
-3.361872192845556e-01	2.101405166736430e+00	4028
-8.656503860993864e-01	5.277624762463988e-01	4029
8.653571792050264e-01	2.409640719430560e+00	4030
-9.319196949179913e-01	-8.513382996728293e-01	4031
-9.304989586683733e-01	-1.017304675992760e+00	4032
-5.884141323309390e-01	3.084335579390396e-02	4033
4.077663033672616e-01	-2.443968230387150e+00	4034
-6.294533353565188e-01	7.637442237021766e-02	4035
-9.067478607429850e-01	-1.209454930429862e+00	4036
-9.107636273939238e-01	7.909983060512228e-01	4037
1.854802265836494e+00	-1.551645266616252e+00	4038
-7.712633095417925e-01	-2.641152022397130e-01	4039
-8.495441505555011e-01	-1.427488992118085e+00	4040
-7.437844695133158e-01	-1.665743293486687e+00	4041
-6.783701958053674e-01	-1.229476523030968e-01	4042
1.572966029124379e+00	1.430699421095790e-01	4043
1.578708602215223e+00	-1.254256519165689e-01	4044
1.681142035693875e+00	1.473263511713682e+00	4045
1.802086279156240e+00	-4.046434998410711e-01	4046
1.795315267426741e+00	4.358499292984069e-01	4047
1.863938348454036e+00	-5.325467065443324e-01	4048
-6.322719622878454e-01	-6.887206964916869e-02	4049
-6.712215044078879e-01	1.271815474053150e-01	4050
-7.254578075768034e-01	-1.888054381608673e-01	4051
-7.547234656731435e-01	2.569301939362328e-01	4052
1.855408592619319e+00	5.729528880217651e-01	4053
1.912154880711806e+00	-6.802261276056879e-01	4054
1.900561360694811e+00	7.397185449548167e-01	4055
1.923713321878797e+00	9.434965236264954e-01	4056
1.912351443671518e+00	1.186440136761791e+00	4057
1.446823230522466e+00	-3.092434237848262e-02	4058
1.499496217857845e+00	8.336441464890959e-02	4059
1.210916743449551e+00	2.336391060059857e+00	4060
1.245446493655767e+00	3.316810222701893e-03	4061
-1.062774340553610e+00	-7.636521728849421e-01	4062
-8.251522235175670e-01	1.855632039037321e+00	4063
6.413422367140189e-01	2.705929204630490e+00	4064
1.358400707891554e+00	-2.013715521640911e+00	4065
-6.204958079606521e-01	2.144101912286716e+00	4066
1.160364395794805e+00	7.690859025290934e-03	4067
1.204175154393985e+00	-2.396009365038682e+00	4068
1.314178534173330e+00	2.720863737471289e-03	4069
1.270850708078511e+00	1.750897467901259e-02	4070
1.210699486722382e+00	1.149717426118869e-02	4071
-6.294929635896416e-01	-2.180935760894603e+00	4072
1.764731350940796e+00	-1.793238486186933e+00	4073
1.449565713714443e+00	3.960641374564571e-02	4074
-1.062093715360586e+00	1.075849472061592e+00	4075
1.348711227890776e+00	2.549821699525073e-02	4076
1.145942840473577e+00	1.873505225271358e-03	4077
-9.568585365592212e-01	4.418634356309699e-01	4078
1.568357432945594e+00	2.028509153831160e+00	4079
-6.605533584808575e-01	3.901111927747773e-03	4080
-8.426766730044600e-01	-1.909624803641971e+00	4081
1.400288205555090e+00	-2.177158244258811e-04	4082
1.665131205435020e+00	1.283455262408240e-01	4083
1.847110473553858e+00	3.263092773945802e-01	4084
-9.101620106763433e-01	3.400922136259950e-01	4085
-9.530344925244537e-01	1.583784933251064e+00	4086
-1.029202713074006e+00	1.320307870495613e+00	4087
-1.034627867084812e+00	7.045457309311203e-01	4088
1.757123879092883e+00	2.166231640825540e-01	4089
2.082002507881873e+00	-1.467021589229088e+00	4090
1.668001302473219e+00	-1.072576708560694e-01	4091
1.192405256728683e+00	2.796780733352443e-03	4092
-9.354550714310829e-01	-3.633695244582396e-01	4093
-1.029940389489882e+00	-6.092307092285834e-01	4094
1.104404567144159e-01	2.634203377232066e+00	4095
2.122027187599642e+00	-1.172770733478025e+00	4096
1.086552836984056e+00	-6.721585125455679e-03	4097
-3.103764773045057e-01	-2.446230526039299e+00	4098
1.220959838270305e-01	-2.651377337917194e+00	4099
6.600038794262492e-01	-2.719863551526954e+00	4100
1.116744123736019e+00	9.142981547101116e-03	4101
1.092704600817736e+00	5.379330475306637e-03	4102
2.108613607879072e+00	-9.330695870831196e-01	4103
1.888943038790120e+00	1.401790424195355e+00	4104
1.758715143823275e+00	-1.907506879736123e-01	4105
-8.809156567505892e-01	-2.627545868748115e-01	4106
-3.169358186346204e-01	2.424328693367258e+00	4107
-9.987848092400659e-01	5.630943953628958e-01	4108
-9.857464782772074e-01	-4.768841434578298e-01	4109
-1.058555009937454e+00	8.719228471465496e-01	4110
-1.082298169023940e+00	-9.350156580499237e-01	4111
-1.083006541856191e+00	-1.132997388688068e+00	4112
-7.606479993314575e-01	1.103675175515297e-01	4113
-8.606623710793541e-01	2.510702885364191e-01	4114
-1.054177168287603e+00	-1.363842298176955e+00	4115
-9.845118254349448e-01	-1.629050947091097e+00	4116
1.583847719749205e+00	-4.713482397807978e-02	4117
1.780059349731188e+00	1.707897200993200e+00	4118
1.849364820605784e+00	-2.949677456961325e-01	4119
1.934057603812575e+00	-4.192806585195650e-01	4120
-7.131987283383786e-01	-4.624215366537471e-02	4121
-7.094379082052007e-01	5.310467677953313e-02	4122
-7.695738736556005e-01	-1.071718101924816e-01	4123
-8.252385680712607e-01	-1.793311769658484e-01	4124
-8.105742772989653e-01	1.761724821373345e-01	4125
1.930533161686408e+00	4.587002851111904e-01	4126
2.007561964514799e+00	-5.669459476574661e-01	4127
2.002513841811980e+00	6.229558846407796e-01	4128
2.066958156359337e+00	-7.359868140670658e-01	4129
2.057424428467452e+00	8.254236528709905e-01	4130
2.083260967497319e+00	1.073016644859195e+00	4131
1.508633162026147e+00	-4.127875269040892e-03	4132
1.577426167127933e+00	6.319230380657252e-02	4133
-6.523567338913974e-01	2.484343770057453e+00	4134
1.867209198829963e+00	1.995918571340454e+00	4135
2.238523212845421e+00	9.319791205225735e-01	4136
-1.226944648331405e+00	9.712826874586865e-01	4137
-1.226617282182453e+00	1.222771012081787e+00	4138
-1.196696802163782e+00	7.669853064637618e-01	4139
1.985045893677910e+00	-2.930365024420484e-01	4140
-1.185841264864211e+00	-6.562969291074215e-01	4141
-1.070328311791276e+00	-3.710675593609711e-01	4142
-1.227893700451186e+00	-8.310821836600777e-01	4143
3.348032620857846e-01	2.980881247076758e+00	4144
1.880055113567652e+00	2.080887150043138e-01	4145
1.041965320763875e+00	-2.725155879604521e+00	4146
3.505025360390169e-01	-2.995869857307894e+00	4147
1.986691829146043e+00	3.312802063808665e-01	4148
-9.799852953611780e-01	2.429764929614012e-01	4149
-9.218901171475290e-01	2.141874486291347e+00	4150
-1.118223433809682e+00	-1.871907553740918e+00	4151
-1.090178021863013e+00	1.814908615942545e+00	4152
1.633483324870633e+00	-2.039123115517210e+00	4153
-9.336340287883251e-01	-2.199456467042076e+00	4154
1.878313651365066e+00	-1.776772406347739e-01	4155
2.091313783145004e+00	1.296838690322039e+00	4156
2.086314738126454e+00	4.886975378874555e-01	4157
1.045004754328795e+00	2.696955474019428e+00	4158
1.512245934908963e+00	-2.295364057050973e+00	4159
1.407266130538831e+00	2.255201297197571e+00	4160
-1.005194542215670e+00	-2.600707705981150e-01	4161
-1.185056314313984e+00	1.508550124777373e+00	4162
2.026045024140176e+00	-1.727808537902307e+00	4163
-1.040264718114247e+00	3.420268272595746e-01	4164
-1.132310120195541e+00	-5.010137408923723e-01	4165
-1.150930796047904e+00	5.999470858937160e-01	4166
2.300600955121225e+00	-1.346387158461501e+00	4167
-6.450422913236641e-01	-2.522814917650675e+00	4168
-2.213301813053983e-01	-2.815179797306924e+00	4169
2.295289410106728e+00	-1.042335318185441e+00	4170
1.771292360483778e+00	1.102940878707165e-01	4171
1.770959806962138e+00	-8.597055059749915e-02	4172
-2.330348510456393e-01	2.795022102530642e+00	4173
-1.098383490726091e+00	4.608463906804524e-01	4174
-1.254100127335297e+00	-1.032752841805505e+00	4175
-8.004846929063779e-01	-1.689223475706728e-03	4176
-1.255567747232051e+00	-1.271029767570770e+00	4177
-1.220283997536973e+00	-1.548306532082387e+00	4178
1.659330116713580e+00	1.060631782341280e-02	4179
-9.373697648398535e-01	-1.643873351223840e-01	4180
-9.191472508194258e-01	1.577143997457592e-01	4181
-8.705782904361968e-01	-8.644993837400776e-02	4182
-8.592239305734775e-01	8.728282415291029e-02	4183
2.084968735916215e+00	-4.358367128029477e-01	4184
2.029166751936448e+00	1.624545179217040e+00	4185
2.173012536753788e+00	-6.033094004557020e-01	4186
2.173692510698727e+00	6.855473437927494e-01	4187
2.245509070006245e+00	-8.007125701481120e-01	4188
1.720478333261722e+00	2.275360437540814e+00	4189
-1.144769288509935e+00	-2.523658908477062e-01	4190
-1.416919685266613e+00	-9.084723229608753e-01	4191
7.079789719865816e-02	3.002094432448531e+00	4192
2.269167308783812e+00	1.500638943664039e+00	4193
-1.009429034843509e+00	2.488815823833773e+00	4194
-1.064451210192999e+00	-1.458097360895972e-01	4195
2.020980119050003e+00	1.943349826283370e-01	4196
7.864817818676826e-01	-3.074244717030716e+00	4197
1.805662190646590e+00	-2.275786343586414e+00	4198
-1.415498150511212e+00	1.097499657596366e+00	4199
8.941645207802709e-02	-3.018776531449601e+00	4200
1.412422690153979e+00	-2.646482355500732e+00	4201
2.013867486785562e+00	-1.587965430775213e-01	4202
-6.269640801902626e-01	2.889991216988127e+00	4203
7.788703358197496e-01	3.057258978565572e+00	4204
2.451586408218266e+00	-8.836895109132461e-01	4205
-1.188183192338137e+00	3.433023950732641e-01	4206
-1.114224709282236e+00	2.291171525340496e-01	4207
2.148049568665995e+00	3.397958639734956e-01	4208
2.281113169738560e+00	1.158295803022028e+00	4209
-1.412624860278501e+00	1.396058467293666e+00	4210
-1.325143957063460e+00	6.421335652811507e-01	4211
2.140395799914852e+00	-2.902006069261786e-01	4212
-1.364081587888691e+00	-7.053529576718423e-01	4213
-1.382321090153433e+00	8.440820180639755e-01	4214
-1.040358069821961e+00	1.354661610543765e-01	4215
-1.240526373868651e+00	2.099719630869611e+00	4216
1.928597843864266e+00	-2.006550960263662e+00	4217
-1.254476737786964e+00	-2.163529472826878e+00	4218
1.864948014713997e+00	1.079676870088931e-02	4219
1.887977485759328e+00	-5.672421838800473e-02	4220
2.363959737760045e+00	-6.447107355289819e-01	4221
-1.358217550557393e+00	1.730487261844868e+00	4222
-1.299341850982202e+00	-5.298436909652681e-01	4223
2.283776770767745e+00	-1.621562123520221e+00	4224
-1.003833962751042e+00	-2.551376545178103e+00	4225
-6.109562483672032e-01	-2.924978863607462e+00	4226
2.504308347208636e+00	-1.190260934198684e+00	4227
1.892956119898329e+00	8.529407511036427e-02	4228
-1.258835553098516e+00	4.797565516842967e-01	4229
-1.223697329635406e+00	-3.772118789946443e-01	4230
-1.403388035474399e+00	-1.783007225887955e+00	4231
-1.449805398668595e+00	-1.150017427979730e+00	4232
-1.451111254971157e+00	-1.435991346496980e+00	4233
-9.831181300059545e-01	-5.719347230224322e-02	4234
-9.682097337056713e-01	5.525016774755204e-02	4235
-9.098243130890971e-01	3.148275262327159e-03	4236
2.258419617084647e+00	-4.510381276699596e-01	4237
2.268111302394694e+00	5.261839661343761e-01	4238
2.372748891180004e+00	7.652334565935678e-01	4239
1.675749294436094e+00	-2.562508029692530e+00	4240
2.028195278952374e+00	2.259308738758168e+00	4241
4.975752792790653e-01	3.368714540758976e+00	4242
-1.302744371782381e+00	-2.394500186883513e-01	4243
-1.583253171219674e+00	-2.071998258629965e+00	4244
5.047419087866201e-01	-3.383916074833809e+00	4245
1.182924102049031e+00	3.080068417376427e+00	4246
-1.630038346131058e+00	1.249062976091658e+00	4247
-2.869987297868873e-01	-3.195464423046018e+00	4248
2.686837969967502e+00	-1.000578058368329e+00	4249
-1.633187554282203e+00	-1.001431710226582e+00	4250
1.241503339970297e+00	-3.048946078737452e+00	4251
1.548027372558372e+00	2.537270435345532e+00	4252
2.530279563050390e+00	-1.473192712198641e+00	4253
-1.525203743350797e+00	6.946596370388515e-01	4254
-1.488597101190806e+00	-5.592770501023656e-01	4255
2.212020792406509e+00	1.836635867554473e+00	4256
-1.593840174861754e+00	9.453880651303838e-01	4257
-3.114192729132855e-01	3.172648070342705e+00	4258
2.110724742959719e+00	-2.251314447585786e+00	4259
-1.621596757745646e+00	1.601997947535682e+00	4260
-1.378741941291863e+00	2.445550028866236e+00	4261
-8.291070297829752e-01	2.791334869145525e+00	4262
2.226876127313060e+00	-1.922818056452201e+00	4263
-1.398935636416051e+00	-3.849879253920371e-01	4264
-1.442372031549822e+00	4.995746835636167e-01	4265
-1.266416199474149e+00	2.115268060481299e-01	4266
-1.206449122389062e+00	-1.219226009098359e-01	4267
2.458493165260832e+00	-4.670875332765733e-01	4268
2.336455484272129e+00	3.507261260563416e-01	4269
2.583962954185385e+00	-6.990998933301906e-01	4270
2.493135399706762e+00	1.337341781361849e+00	4271
2.184394819597356e+00	1.802445556381168e-01	4272
2.169982143304524e+00	-1.345416153480186e-01	4273
-1.568064968671579e+00	-7.601895944397659e-01	4274
-1.176012569009343e+00	1.043348608563003e-01	4275
-1.099964140547864e+00	-3.288597883995876e-03	4276
2.026509521205695e+00	1.605142310923391e-02	4277
-1.551582655753514e+00	1.996036792043034e+00	4278
-1.381689167010865e+00	-2.519613756086454e+00	4279
-1.034160963896215e+00	-2.975271235672760e+00	4280
-1.355508224209023e+00	3.431424782745048e-01	4281
-1.669213631555873e+00	-1.641868782100409e+00	4282
-1.672710326856390e+00	-1.291280406630909e+00	4283
2.318554471775140e+00	-2.826235247924521e-01	4284
2.480692639027793e+00	5.758806187121586e-01	4285
2.451434861597880e+00	9.875827905784716e-01	4286
9.784012382569144e-01	-3.452024111730393e+00	4287
1.882676242872754e+00	2.558604255065040e+00	4288
2.427955588490859e-02	3.415991216371412e+00	4289
-1.856619546062709e+00	1.847327569708632e+00	4290
1.637351736547920e+00	-2.900091975490692e+00	4291
-1.833541062458555e+00	1.070870834404636e+00	4292
-1.801934069695994e+00	-8.259229605711809e-01	4293
1.993018300066365e+00	-2.544380713709602e+00	4294
-7.279997477162546e-01	-3.317075899348017e+00	4295
5.626687205090579e-02	-3.432386156035198e+00	4296
-1.329502042687846e+00	6.657357892209678e-02	4297
2.371468035003026e+00	2.157588792732634e+00	4298
2.523888019429084e+00	-2.715937802120459e-01	4299
2.502067456954189e+00	1.659842310170204e+00	4300
-1.903404821207819e+00	-1.911480494033581e+00	4301
-1.482063642606247e+00	-2.955370597822427e+00	4302
-1.546045294426080e+00	3.396101012665152e-01	4303
2.375156645142599e+00	1.637815365242436e-01	4304
2.757684078994418e+00	-1.283752740601164e+00	4305
-1.873189260095418e+00	1.431619110706627e+00	4306
9.373373225823219e-01	3.448972824477647e+00	4307
2.348961897557616e+00	-1.027538480687613e-01	4308
-1.880615753481293e+00	-1.114684009064472e+00	4309
1.405292795726878e+00	2.784005642429479e+00	4310
-1.214035076692794e+00	2.794065478687860e+00	4311
2.431810302626531e+00	-2.179204196543977e+00	4312
2.519416909729571e+00	-1.790299791870044e+00	4313
-1.653444872705166e+00	5.250858289191654e-01	4314
-1.597484283830867e+00	-3.926514154209607e-01	4315
-1.437882432551256e+00	1.912634558596741e-01	4316
-1.483171512044921e+00	-2.243790281171362e-01	4317
-1.366294371625437e+00	-8.881583561596199e-02	4318
2.840650284416535e+00	-7.793233095185185e-01	4319
2.557487446324722e+00	3.682532012267153e-01	4320
2.689431747877455e+00	-4.916502386031972e-01	4321
-1.704777761031875e+00	-5.894707833715013e-01	4322
-1.755429951978417e+00	7.664258227651775e-01	4323
-1.751349016326425e+00	2.331313979864254e+00	4324
-1.768365521303683e+00	-2.423659597375235e+00	4325
-1.925123250450437e+00	-1.468350022387230e+00	4326
-1.245295979507414e+00	-2.587761995052991e-02	4327
2.595622227793287e+00	7.874771662293021e-01	4328
2.693765846918018e+00	1.136293596821790e+00	4329
6.833554920512188e-01	-3.813737478855043e+00	4330
3.237814502281475e-01	-3.801979160760324e+00	4331
-3.663112434832126e-01	3.603529629030257e+00	4332
1.489445797321957e+00	-3.374176854338804e+00	4333
2.960788201904882e+00	-5.321308172452039e-01	4334
-2.114525548274125e+00	2.157179173780401e+00	4335
2.998089364180752e-01	3.786575678001935e+00	4336
6.467281882368661e-01	3.802695833667920e+00	4337
-1.631822775695272e+00	2.733904952489390e+00	4338
-1.942331678867053e+00	-2.859286593444515e+00	4339
-1.525183811962353e+00	-1.290663251824872e-02	4340
-2.148402995458139e+00	1.650924343672249e+00	4341
2.256214869507386e+00	2.517096257607768e+00	4342
-7.046426893526927e-01	3.295483142906197e+00	4343
2.334731473373399e+00	-2.509756434414399e+00	4344
-1.216552219433901e+00	-3.366278047375497e+00	4345
1.697338460201315e+00	2.855904088726462e+00	4346
-1.020854655289877e+00	3.137002133303932e+00	4347
-3.684375565481508e-01	-3.625497894243021e+00	4348
2.958494968074623e+00	-1.055010289621780e+00	4349
-1.897718594445543e+00	5.640126039714478e-01	4350
-2.017701944974501e+00	8.613124457850213e-01	4351
-1.687471280463847e+00	-2.081955562946980e-01	4352
2.599029430109749e+00	1.480601764982040e-01	4353
1.378511988096136e+00	3.478735762026758e+00	4354
-2.107494834316791e+00	1.223343189840760e+00	4355
-2.215997667040760e+00	-1.703901218807901e+00	4356
2.555275842770792e+00	-6.339890681021991e-02	4357
-2.070396497960806e+00	-9.073235725578712e-01	4358
-2.150402240652758e+00	-2.249657699874988e+00	4359
2.250975946965193e+00	2.423293402717976e-02	4360
1.562518902535494e+00	3.135201740554914e+00	4361
2.758473279854572e+00	-2.047732888230712e+00	4362
2.797065727441992e+00	-1.608650337980446e+00	4363
-1.764830952194512e+00	3.366608992299508e-01	4364
-1.632250125019570e+00	1.629897122742352e-01	4365
2.707368429421241e+00	5.621451035827915e-01	4366
2.757042444943090e+00	1.449401886786072e+00	4367
2.761748957592645e+00	-2.644725475351828e-01	4368
-1.823415277256342e+00	-3.967346868654215e-01	4369
-1.952758551367173e+00	-6.252835568469027e-01	4370
-2.163383910144780e+00	-1.258093548768314e+00	4371
2.709739041347026e+00	1.980776032606187e+00	4372
2.863514921047583e+00	9.005343244763042e-01	4373
-1.453957739118370e+00	3.131654839100617e+00	4374
1.226911669019342e+00	-3.856208796405648e+00	4375
1.906776561602810e+00	-3.241540181051332e+00	4376
1.944445107444986e+00	3.148690283036611e+00	4377
-8.707788834326634e-01	-3.759339106638214e+00	4378
2.087048857054525e+00	2.869882677117529e+00	4379
3.123772824830582e+00	-7.912100801228936e-01	4380
-1.418006643638501e-01	-3.854419987727973e+00	4381
1.805799849577948e+00	3.488202894292340e+00	4382
4.527954731416097e-01	4.236304659626966e+00	4383
2.699437220776286e+00	-2.419346413015626e+00	4384
-2.238078777105550e+00	-6.713568883601193e-01	4385
-2.400914632694700e+00	-2.674584108446070e+00	4386
-1.734803439437760e+00	-3.331173615358036e+00	4387
2.423155509911082e+00	5.550624725952049e-02	4388
-1.919459851323788e+00	-1.838830445938229e-01	4389
2.779819423831363e+00	-1.031705341284119e-02	4390
2.121610131690424e+00	-2.903198172956099e+00	4391
1.123425962090520e+00	3.885163370051740e+00	4392
-2.419802446722955e+00	1.409197067103352e+00	4393
-2.517638688403536e+00	-2.016350611878616e+00	4394
3.041527717618246e+00	-2.638338823135867e-01	4395
2.992819357150521e+00	6.358351843488458e-01	4396
4.888371336949081e-01	-4.250563847908944e+00	4397
-2.054550661215738e+00	2.592326142881657e+00	4398
3.405719863237519e-03	3.877134356957007e+00	4399
-2.456612059291772e+00	1.925944839836940e+00	4400
-8.052591712374120e-01	3.747283001772417e+00	4401
-1.036728464141434e+00	3.562390684146651e+00	4402
-2.318787037288136e+00	9.786636956468068e-01	4403
2.780943070360257e+00	3.172835369061676e-01	4404
-2.486821556562635e+00	-1.445213513123707e+00	4405
3.076977599345860e+00	-1.853840339624582e+00	4406
3.050534491400672e+00	-1.379106942401170e+00	4407
-1.854878321653384e+00	1.303365715604494e-01	4408
-1.733918931042183e+00	-2.033692262213891e-02	4409
2.648514912734175e+00	2.386907791782850e+00	4410
2.802512306507662e+00	1.761613082791906e+00	4411
-2.018526361350952e+00	3.407020902353055e-01	4412
-2.082072191149360e+00	-4.008136145225201e-01	4413
-2.178324028070865e+00	6.234357772985107e-01	4414
-2.379051905972880e+00	-1.012671756644340e+00	4415
2.978070616007671e+00	1.202014014602734e+00	4416
-1.432942765558294e+00	-3.806665128271023e+00	4417
1.594084874104199e+00	3.899806973228266e+00	4418
-2.567475772177437e+00	-7.346301456008245e-01	4419
6.164268140292897e-02	-4.225695226125217e+00	4420
-2.313802455108097e+00	3.600252631746728e-01	4421
-1.541978934647796e+00	3.634667355761963e+00	4422
3.070988485830739e+00	-2.257626580921957e+00	4423
-2.113112710351642e+00	9.789733312225328e-02	4424
-1.931067352559814e+00	3.055081464268440e+00	4425
1.005188644189025e+00	-4.216686832516008e+00	4426
-2.842077951098558e+00	-2.412423535917397e+00	4427
2.343199102420495e+00	3.177615430550634e+00	4428
-2.464460343031252e+00	2.379361621562169e+00	4429
-5.619046050083060e-01	-4.041394336033084e+00	4430
1.768869412646813e+00	-3.746516137028624e+00	4431
-4.453758895814512e-01	4.086753490283601e+00	4432
-2.774040889018892e+00	1.643591158791943e+00	4433
-2.268256905473387e+00	-3.202077962132740e+00	4434
2.999842033977555e+00	2.232559830382091e+00	4435
-2.184400620848234e+00	-1.542959550347805e-01	4436
-2.849155958910110e+00	-1.711556774347716e+00	4437
3.247475082382075e+00	-4.984609400148771e-01	4438
3.066439276191439e+00	1.536870832278785e+00	4439
2.520348482266250e+00	2.806610310776637e+00	4440
2.239315342106517e+00	3.468482334822865e+00	4441
8.867850929043805e-01	4.247964955873903e+00	4442
2.331000184535660e+00	-3.272146157073706e+00	4443
2.565076926503111e+00	-2.833258681866702e+00	4444
-2.501841740467460e+00	7.006055772909782e-01	4445
3.158590926731578e+00	9.184279275669182e-01	4446
-2.732245845341517e+00	-1.153820540736265e+00	4447
3.032779102720566e+00	8.823963171379022e-02	4448
3.079337671867500e+00	3.487516080266596e-01	4449
-2.663993093376799e+00	1.124600595311477e+00	4450
3.373299338857483e+00	-1.598653903449957e+00	4451
3.270407783124836e+00	-1.104531374379451e+00	4452
-2.379800789247303e+00	-4.089797028419852e-01	4453
-4.516661305929765e-02	4.411876336006932e+00	4454
-2.032368616488458e+00	-3.751982850738897e+00	4455
2.087964319946864e+00	-3.657502338867822e+00	4456
-2.792461453854782e+00	-2.974513705929236e+00	4457
-2.406902244538155e+00	2.877846102320840e+00	4458
6.568047436080009e-01	4.737791971085959e+00	4459
-1.067898795635894e+00	-4.236982968142418e+00	4460
-3.137947060471252e+00	-1.359330929281724e+00	4461
3.133388060937950e+00	1.880521913777032e+00	4462
1.550767399250381e+00	-4.260572275475124e+00	4463
1.372178503427416e+00	4.340526128632465e+00	4464
-3.861482019362862e-01	-4.592659340069851e+00	4465
3.430972419839402e+00	-2.021712090818916e+00	4466
2.466420651469155e-01	-4.728834095093717e+00	4467
3.291117773373747e+00	6.043706376327898e-01	4468
3.303922150109520e+00	1.252950544975865e+00	4469
-2.724381746374327e+00	-4.269930935888402e-01	4470
-9.373638750664626e-01	4.249405501417263e+00	4471
-2.097364046319303e+00	3.587427669858070e+00	4472
7.791361089067150e-01	-4.726734562956882e+00	4473
-2.936924673159322e+00	-2.142869081438138e+00	4474
2.061655274114917e+00	3.896006463741285e+00	4475
-2.847343134073416e+00	2.101722926177739e+00	4476
-2.401808163107756e+00	5.589407536543981e-02	4477
2.945970853934211e+00	2.665190839330010e+00	4478
2.781809905346534e+00	3.159761196068061e+00	4479
2.679332814326987e+00	3.462549906144572e+00	4480
2.796132775153112e+00	-3.237251981691523e+00	4481
3.001068261139310e+00	-2.701464525579526e+00	4482
-3.059064160577996e+00	1.311747684458120e+00	4483
3.311341182003168e+00	-1.470626800239815e-01	4484
3.303243537048350e+00	1.730581254324786e-01	4485
-2.948333942875716e+00	-8.264970555016522e-01	4486
-2.874661161048533e+00	8.006510617395350e-01	4487
3.633917794533957e+00	-1.286094098300050e+00	4488
3.446537512723475e+00	-7.905221774381886e-01	4489
-2.489419056201290e+00	-1.221968644504215e-01	4490
-2.653179599511102e+00	3.942982985211519e-01	4491
-3.286507309574198e+00	-1.815356099544475e+00	4492
1.868038500986520e+00	4.347902965282266e+00	4493
-2.645732638153512e+00	-3.585761706686050e+00	4494
-2.664642710196920e+00	3.413062396247655e+00	4495
1.035789348423289e+00	4.792205343640557e+00	4496
-1.696567581239375e+00	-4.294955594473318e+00	4497
3.419884768738145e+00	1.621149525482845e+00	4498
-5.463790303483570e-01	4.631109154994288e+00	4499
-3.197070431218384e+00	1.767290440687463e+00	4500
2.580920528308746e+00	-3.683666207693961e+00	4501
1.299230000024633e+00	-4.708268373685678e+00	4502
-1.228848383693446e+00	4.034369541373605e+00	4503
-1.860986345320648e+00	4.074986663100028e+00	4504
-3.046314941421832e+00	4.429544191615975e-01	4505
2.513719368954338e+00	3.879812068093385e+00	4506
3.580329043854912e+00	3.949056530472376e-01	4507
3.569588001010706e+00	-4.279830579731193e-01	4508
-2.867399757596508e+00	2.620210855367087e+00	4509
3.494893874574920e+00	9.196603459573545e-01	4510
-9.658637072780782e-01	-4.870850471238779e+00	4511
3.761975631100665e+00	-1.714010581021293e+00	4512
-1.834572577946630e-01	-5.187836199516402e+00	4513
8.430421300905010e-02	5.055387092526832e+00	4514
5.148427246370277e-01	-5.275548872309490e+00	4515
3.392494340145717e+00	2.179405171009898e+00	4516
3.340547587394678e+00	2.495204327670344e+00	4517
3.247514820545021e+00	3.040248560382377e+00	4518
3.142906371139698e+00	3.451310458267148e+00	4519
3.282314475304121e+00	-3.115179293575289e+00	4520
3.430440868132267e+00	-2.493896029954484e+00	4521
-3.387786414010570e+00	-9.698500236233637e-01	4522
-3.304268648302474e+00	9.340215194539633e-01	4523
-3.125142815608358e+00	-4.645791137215836e-01	4524
3.845443409657108e+00	-9.224148819650766e-01	4525
3.587241630097330e+00	1.839611221818187e-02	4526
-2.843215029055842e+00	-9.245586351562482e-02	4527
-1.377059420174864e+00	4.540640254964915e+00	4528
-3.590623892963871e+00	-5.432431167883208e-01	4529
-3.260144447978746e+00	-2.731764465000852e+00	4530
1.623850641455477e+00	4.872929621738620e+00	4531
1.870684638059242e+00	-4.732231830592831e+00	4532
3.994939052901633e+00	-5.143699894811846e-01	4533
3.892486945005012e+00	-2.192515236772586e-01	4534
2.308244764068449e+00	-4.125862778310156e+00	4535
-3.508476563404198e+00	1.379103573265019e+00	4536
1.108472351734967e+00	-5.258051515124003e+00	4537
-1.102144974401239e+00	4.810807091025041e+00	4538
-2.475139683494123e+00	4.006887841769206e+00	4539
-2.853792637835760e+00	3.132271735775471e+00	4540
-2.382103408806708e+00	-4.221326333630051e+00	4541
4.047730995196868e+00	-1.339831107070193e+00	4542
-5.414910807608834e-01	5.307213842126493e+00	4543
-3.401610729597071e+00	-2.291312732421367e+00	4544
2.357758794285183e+00	4.340224998236176e+00	4545
-3.597854874341406e+00	-1.421676781371454e+00	4546
3.118575564036937e+00	-3.631377398484326e+00	4547
-3.192303968819812e+00	-3.392657913233703e+00	4548
7.678840855819243e-01	5.316390691103812e+00	4549
3.675932635828644e+00	1.290974782731445e+00	4550
-3.294783468149745e+00	2.288936774335818e+00	4551
3.852051201596820e+00	7.063718007794956e-01	4552
-1.671071672424736e+00	-5.012062145580549e+00	4553
-7.948246319318441e-01	-5.571062378136871e+00	4554
8.995750976971237e-02	-5.832186734718238e+00	4555
3.771738411295823e+00	1.917942097821459e+00	4556
2.976372970503599e+00	3.882184167487001e+00	4557
3.756929275222833e+00	2.401509985154384e+00	4558
3.709747791943519e+00	2.839132659132555e+00	4559
3.639962465078587e+00	3.359422968507336e+00	4560
3.773747397908173e+00	-2.903252463168738e+00	4561
3.839368853600617e+00	-2.203985389109289e+00	4562
-3.502236632808791e+00	5.161137894904356e-01	4563
3.899113733149749e+00	2.107470489277838e-01	4564
-3.258081493475025e+00	-9.679370488067109e-03	4565
-1.210992023316161e+00	5.500259209220489e+00	4566
2.175114680214576e+00	4.851624642762960e+00	4567
-3.865974320896140e+00	-9.772258036453573e-01	4568
-3.772690487259045e+00	9.407014824221680e-01	4569
-3.780940190289767e+00	-1.920230290381373e+00	4570
-2.107879539846650e+00	4.628358574992645e+00	4571
-3.681078206290812e+00	1.893747687400598e+00	4572
2.516572706611645e+00	-4.734589811778173e+00	4573
2.874847379082909e+00	-4.147012367762529e+00	4574
1.334867781160807e+00	5.358889152850259e+00	4575
8.166918411495813e-01	-5.906508059635549e+00	4576
3.679607288466891e+00	-3.476657422785467e+00	4577
4.227785999047440e+00	4.899470758440108e-01	4578
4.272677572772741e+00	-9.063382955713882e-01	4579
4.264715430090237e+00	-1.308927996391966e-01	4580
-1.629735699288883e+00	5.073453634601814e+00	4581
-3.786990968690201e+00	-2.658638928146662e+00	4582
-3.731039588494761e+00	-3.113139383533412e+00	4583
1.644560607756454e+00	-5.220849628034164e+00	4584
-3.742805144265912e+00	8.771301115743781e-03	4585
-3.342062046398617e+00	2.851127907937683e+00	4586
-2.094794826778484e+00	-4.799184790044588e+00	4587
-3.047929696086658e+00	-4.044648929861147e+00	4588
1.033590720484371e-01	5.742123699665727e+00	4589
3.500677620718239e+00	3.866835187532159e+00	4590
-1.570286335449184e+00	-5.818816957513429e+00	4591
-5.394081115399801e-01	-6.333207662127068e+00	4592
4.106060818830554e+00	1.099284501670602e+00	4593
4.097845242258728e+00	1.547291260148078e+00	4594
2.826527144033214e+00	4.324958066065220e+00	4595
4.182696155244262e+00	2.172326788463643e+00	4596
4.180767825577989e+00	2.668735366339366e+00	4597
4.151948234637226e+00	3.163613914003317e+00	4598
4.251197359830803e+00	-2.594681230994649e+00	4599
4.208101711516510e+00	-1.832154741424539e+00	4600
-1.867357304823605e+00	5.726405108626060e+00	4601
-4.119332947254779e+00	-1.473449418756603e+00	4602
-2.774814629804104e+00	4.603680030752964e+00	4603
-3.062182059057912e+00	3.867443747476838e+00	4604
-2.277695090720798e+00	5.289991050863647e+00	4605
1.951295079079809e+00	5.426359381935124e+00	4606
-3.347236498721426e+00	3.421315362859429e+00	4607
-2.154855887696480e+00	-5.448276295206187e+00	4608
-2.806481397694683e+00	-4.724227692696149e+00	4609
4.077994900752292e+00	3.748596195115768e+00	4610
4.243540544432134e+00	-3.214170517072242e+00	4611
2.233855396630172e+00	-5.258580958833756e+00	4612
3.494523229639388e+00	-4.074731177749989e+00	4613
-3.810241583849782e+00	2.474264271670952e+00	4614
-3.996637959642724e+00	4.708909429474844e-01	4615
3.167224880171065e+00	-4.726408900246420e+00	4616
-4.020425362552327e+00	1.439760044359127e+00	4617
2.972469607496133e-01	-6.584802025518515e+00	4618
-3.686292831120277e+00	-3.788209899910074e+00	4619
3.327124608469596e+00	4.336307305100867e+00	4620
-6.379998945266243e-01	6.031517134273953e+00	4621
4.441479613989907e+00	-5.162274776775365e-01	4622
4.641148923209760e+00	2.007847661576302e-01	4623
-4.288577719305906e+00	-2.285163722044266e+00	4624
-4.296678589701857e+00	-2.951697225210758e+00	4625
1.418561678615952e+00	-5.856128775417003e+00	4626
-4.082996942146489e+00	-4.558504884266142e-01	4627
8.912416647676590e-01	6.013627714579342e+00	4628
-1.371963311752234e+00	-6.709933677218740e+00	4629
4.555831988756292e+00	8.701420413660612e-01	4630
4.509131335052405e+00	1.329605006878611e+00	4631
2.695762303578686e+00	4.826656471369966e+00	4632
4.572784106600054e+00	1.800866196714439e+00	4633
4.658714711886046e+00	2.422288025744749e+00	4634
4.676763840483554e+00	2.946056801327747e+00	4635
4.691783205908040e+00	-2.186738945702442e+00	4636
4.520710341520239e+00	-1.384443467208180e+00	4637
1.898011319823044e+00	-5.855834167395807e+00	4638
-2.565990268267858e+00	5.972508417458118e+00	4639
4.787012370191525e+00	-2.836952221546758e+00	4640
-4.716987128311938e+00	-1.771909777031416e+00	4641
1.277218345615740e-01	6.520734822818156e+00	4642
-4.304523464488101e+00	9.420466090372724e-01	4643
2.874176811778266e+00	-5.301309349067451e+00	4644
3.920232932493811e+00	4.325098466989693e+00	4645
-1.350893806038118e+00	6.250926327686352e+00	4646
-3.883706269484262e+00	3.097052163530016e+00	4647
4.141439545860379e+00	-3.880862384461455e+00	4648
4.755799510202399e+00	-9.136303997120397e-01	4649
-4.264545103870701e+00	3.226447746628640e-02	4650
1.148746091867200e+00	-6.621006552082781e+00	4651
-3.540614574961959e+00	-4.526369446813551e+00	4652
-2.964132477686228e+00	-5.520602251912288e+00	4653
-4.889794907900420e-01	-7.190607358363435e+00	4654
-3.043796716510900e+00	5.321806681498961e+00	4655
1.574843343838449e+00	6.027561589158786e+00	4656
-3.467826310974904e+00	4.450350824474652e+00	4657
-3.677377586248954e+00	3.945346493809951e+00	4658
3.850815984187957e+00	-4.660299652170537e+00	4659
-4.234061056430924e+00	2.016000422045471e+00	4660
-4.409165075546960e+00	-9.535435351602929e-01	4661
4.721985900149802e+00	-1.548478218883441e-01	4662
-4.170363290471033e+00	-3.586309281514032e+00	4663
-4.865820667883687e+00	-2.611271865111978e+00	4664
-2.200445006548373e+00	-6.313961704457734e+00	4665
4.642029307272923e+00	3.541902829626162e+00	4666
2.541777581708717e+00	5.392157856159034e+00	4667
4.978791965835833e+00	1.143692727699833e+00	4668
5.002051797349110e+00	1.502390992966417e+00	4669
5.036806988957885e+00	5.892204390537954e-01	4670
5.111719032182736e+00	2.042702270020720e+00	4671
5.209586917353913e+00	2.665433620857969e+00	4672
5.073508385742569e+00	-1.685507334708801e+00	4673
3.573634304420166e+00	-5.306958438653591e+00	4674
-1.317234650938093e+00	-7.658399240217936e+00	4675
-2.047769934459153e+00	6.504233821383124e+00	4676
5.281959077924625e+00	-2.344658516558138e+00	4677
-4.543748693640544e+00	4.710693867531847e-01	4678
5.384169552629787e-01	-7.437872430242819e+00	4679
3.356680059870035e+00	5.128508042826076e+00	4680
4.567783589194081e+00	4.196035132439831e+00	4681
-3.389073418754108e+00	6.076220691842759e+00	4682
2.568978183449464e+00	-5.894833891998823e+00	4683
-4.601405831812997e+00	1.493728740899019e+00	4684
-2.121983377311994e+00	-7.214337561259894e+00	4685
2.303376532378288e+00	6.067200669056386e+00	4686
4.923022491282214e+00	-6.017688118222951e-01	4687
-5.381599848777455e+00	-2.086670963204742e+00	4688
1.657731161540438e+00	-6.547269928093190e+00	4689
4.788698946763114e+00	-3.557353270403972e+00	4690
1.062990474941589e+00	6.797719315661406e+00	4691
5.116818376518831e+00	1.206865089944096e-01	4692
-7.137834784441632e-01	6.855627231304390e+00	4693
-4.399216302473482e+00	2.663390847874069e+00	4694
4.570146607466811e+00	-4.483486940530224e+00	4695
-3.845926253360972e+00	-5.366508509526438e+00	4696
-4.357358917321069e+00	3.660959096720562e+00	4697
-3.861899520710858e+00	5.181096568678235e+00	4698
-4.158089302878872e+00	4.440599074735980e+00	4699
-4.639229979792257e+00	-4.091385394557850e-01	4700
-5.070089913331045e+00	-1.171616235328396e+00	4701
-4.165044260712608e+00	-4.259212599926503e+00	4702
-4.864532569848540e+00	-3.349596430710334e+00	4703
-3.115646843067297e+00	-6.429411254591671e+00	4704
5.497626544944897e+00	1.289321026834464e+00	4705
5.503335742919364e+00	9.165428494530266e-01	4706
5.225193602353636e+00	3.296537147907808e+00	4707
5.577319977628423e+00	1.666465085210008e+00	4708
5.725432169768224e+00	2.264969454702421e+00	4709
-4.304823730808915e+00	5.987443460143252e+00	4710
-2.144712841036541e+00	-8.205373093783303e+00	4711
-1.498233235611596e+00	7.096349063768896e+00	4712
-3.288439284964504e-01	-8.147053675193208e+00	4713
1.911386888846862e+00	6.785891157369730e+00	4714
1.843340184348194e-01	7.401568266315518e+00	4715
3.105910936010069e+00	5.921740932952084e+00	4716
-4.828159630045451e+00	-1.920914685710309e-02	4717
5.406613896141272e+00	-3.098243077989255e+00	4718
3.269751304695635e+00	-5.940981486162297e+00	4719
-5.550175403240294e+00	-2.893414626883912e+00	4720
-4.863088802820283e+00	2.134882966643376e+00	4721
5.186267257991964e+00	-3.990272755379281e-01	4722
5.256623608827952e+00	-9.830484745041498e-01	4723
-5.814977909459741e+00	-1.428352930202782e+00	4724
-4.900700093117334e+00	9.536864468725663e-01	4725
-3.140238145838347e+00	-7.481141354623071e+00	4726
4.343775426541977e+00	-5.228902790128600e+00	4727
5.702041763049514e+00	-1.848573156664528e+00	4728
5.200783664565654e+00	3.965566310913805e+00	4729
5.565390882449977e+00	3.865423477817576e-01	4730
6.043232759025927e+00	1.110067843995652e+00	4731
-4.772095368288563e+00	-4.006316786642794e+00	4732
-2.868896529258257e+00	6.779849233790778e+00	4733
2.191205499662119e+00	-6.571746827075027e+00	4734
5.305369000407583e+00	-4.167212222784153e+00	4735
4.369528090844582e+00	4.881289353814660e+00	4736
-4.996858740607518e+00	3.187670948467792e+00	4737
-4.911267135750762e+00	4.217317141228048e+00	4738
-4.677694708116074e+00	5.077794124760209e+00	4739
-5.340986602666280e+00	-5.151919693437491e-01	4740
-4.126883728742214e+00	-6.340516883425755e+00	4741
5.838840354070234e+00	2.956448840006902e+00	4742
6.239072768971837e+00	1.819603779124446e+00	4743
-5.247482831140445e+00	5.842386257273684e+00	4744
-4.312091691734543e+00	-7.496691484002691e+00	4745
-6.147967458866129e+00	-2.240590630667972e+00	4746
6.689025350893857e-01	-8.477352826966545e+00	4747
-5.566242411846069e+00	2.579851621325421e+00	4748
5.115906299007661e+00	4.718234086646653e+00	4749
-2.281680722743247e+00	7.376912218812050e+00	4750
-5.548083834586080e+00	-3.738948978407956e+00	4751
6.025518423769385e+00	-3.695392592992155e+00	4752
4.046163101588487e+00	-5.952737092589633e+00	4753
-5.533465703465335e+00	4.847716366746598e+00	4754
-1.224881180177535e+00	-8.710662019871098e+00	4755
-7.789037999216089e-01	7.791152802121601e+00	4756
-5.256687751055090e+00	1.545927677023645e+00	4757
-4.735009966558741e+00	-4.778224552623868e+00	4758
1.291866340272363e+00	7.681898801038696e+00	4759
6.761688589129411e+00	1.292606846860925e+00	4760
5.945773761860609e+00	-2.553196424654517e+00	4761
5.862093269593002e+00	3.678391938620617e+00	4762
1.887865752485181e+00	-7.330794009974009e+00	4763
-5.660172352057740e+00	3.760568274941591e+00	4764
2.798640199162742e+00	6.748124325817964e+00	4765
5.168598226717134e+00	-5.012171908123491e+00	4766
5.975612023601053e+00	-1.159517552735301e+00	4767
-5.155203694994031e+00	4.422137167669384e-01	4768
5.626952953704058e+00	-1.303333381269569e-01	4769
-3.858444530628589e+00	6.882291758014334e+00	4770
-3.202421479043577e+00	-8.611924885757043e+00	4771
3.957373142189413e+00	5.699902372436172e+00	4772
-4.738142896706029e+00	-5.633881165416875e+00	4773
2.944265901084390e+00	-6.614248429253261e+00	4774
-6.148941965271742e+00	-6.752973676149290e-01	4775
6.416172941406803e+00	2.517490374659947e+00	4776
3.718716510842875e+00	-6.657507480923785e+00	4777
1.467347966974014e+00	-7.849490835352535e+00	4778
-6.338207012329478e+00	-3.191579849201361e+00	4779
6.683864451713369e+00	-3.074787611269243e+00	4780
2.774326969430694e-01	8.397607103227090e+00	4781
-1.668997638396504e+00	8.053044330211028e+00	4782
6.550873230375972e+00	3.292289352849361e+00	4783
-6.045777775078407e+00	1.872187269246224e+00	4784
-4.886371783450393e+00	6.799887681253113e+00	4785
-5.455855788503302e+00	-1.187786199064473e-01	4786
-2.236347128621419e+00	-9.336661579988412e+00	4787
6.354896346400092e+00	-4.581783152753884e-01	4788
6.150966083601483e+00	1.922485668855290e-01	4789
-3.234102514702607e+00	7.691687557618357e+00	4790
6.013793992550873e+00	-4.625016212725750e+00	4791
5.839795504525566e+00	4.445945568162984e+00	4792
6.993100069937229e+00	2.018931558781509e+00	4793
-1.963027826803437e-01	-9.232264123604470e+00	4794
-6.226153162251412e+00	5.584867769006244e+00	4795
2.334615959616344e+00	7.637431667295584e+00	4796
-5.443989291784722e+00	-4.498792741789828e+00	4797
4.918583954015672e+00	-5.862208515211711e+00	4798
-6.348575749177241e+00	3.110942339908481e+00	4799
-5.866142674431121e+00	2.350742198982504e-02	4800
-5.096216597829311e+00	-6.660550911711554e+00	4801
6.560705720833274e+00	5.871497602203083e-01	4802
6.413840841363498e+00	-1.863594035862286e+00	4803
2.650982317131519e+00	-7.312573566703505e+00	4804
-6.399576481956956e+00	4.397036602172576e+00	4805
3.691353486032036e+00	6.565648250128575e+00	4806
5.678597368057375e+00	-7.108821754574345e-01	4807
-5.570272073368609e+00	9.498319061921128e-01	4808
-6.629853936352097e+00	-1.451241855142649e+00	4809
-4.480306294760784e+00	-8.772779886700452e+00	4810
4.854977857229839e+00	5.559850298235800e+00	4811
-5.529625648266249e+00	-5.201339160798118e+00	4812
-6.309681819488810e+00	-4.748276814313702e+00	4813
3.420724238807865e+00	-7.367925816660205e+00	4814
-4.365718217647003e+00	7.811876826212920e+00	4815
-7.223385200618170e+00	5.123169093585703e+00	4816
-7.022328578230856e+00	-2.405360536003461e+00	4817
-6.939102954547764e+00	2.309333749988339e+00	4818
8.996425866093997e-01	-9.610756127883009e+00	4819
7.201341004056333e+00	2.801165743279797e+00	4820
-2.561535595697299e+00	8.365213876448031e+00	4821
-1.178707864692543e+00	-9.902085697770932e+00	4822
1.584630739864525e+00	8.679060484756265e+00	4823
5.863779695185889e+00	-5.600722342013706e+00	4824
-7.013656872467284e+00	-6.759739037984771e-01	4825
3.362071763127739e+00	7.524017916541934e+00	4826
5.733761354436994e+00	5.330853643967025e+00	4827
4.589189148775088e+00	-6.676804277974392e+00	4828
-8.384949339074619e-01	8.853718530780306e+00	4829
-3.533779858385793e+00	-9.802248477153370e+00	4830
6.587997531878858e+00	4.111255933535112e+00	4831
6.833575761851791e+00	-4.055271805466647e+00	4832
2.288625470592212e+00	-8.183940498688365e+00	4833
7.326837027720258e+00	7.486725656205535e-01	4834
7.577214128260856e+00	1.431847522932228e+00	4835
-5.954386542941341e+00	6.629088614134454e+00	4836
-6.332700371152921e+00	-4.170849606112283e+00	4837
-7.219064810147155e+00	3.719586085757327e+00	4838
6.858988556291976e+00	5.590872700709262e-02	4839
6.730936415220848e+00	-1.141613656672929e+00	4840
7.256581156203978e+00	-2.310585927557727e+00	4841
1.651240826902162e+00	-8.901167261118468e+00	4842
4.548038355442996e+00	6.378780407772442e+00	4843
-6.348253845122091e+00	6.856000221689131e-01	4844
-5.415155701788396e+00	-7.872728751170619e+00	4845
-5.544109377983671e+00	-6.172819320017632e+00	4846
-3.634432502929615e-02	-1.045714362329694e+01	4847
-5.719499848076806e+00	-9.124269398779933e+00	4848
4.091745823199936e-01	9.524093709888806e+00	4849
-6.399117612824361e+00	-5.708217968565995e+00	4850
8.191650565354337e+00	8.178753659800638e-01	4851
2.834950562000747e+00	8.597133888419236e+00	4852
-6.824269813491905e+00	1.417551202610208e+00	4853
7.360233082363759e+00	3.672638374025069e+00	4854
-2.366887680350454e+00	-1.062488738040881e+01	4855
7.577914635297007e+00	-3.306092890380719e+00	4856
-7.552663142916029e+00	-1.519618122594516e+00	4857
7.849632153799102e+00	2.242281183085244e+00	4858
-5.542285404662397e+00	7.724463382917214e+00	4859
5.582590379311422e+00	-6.572698724469186e+00	4860
-4.859201574568213e+00	-1.006953140548779e+01	4861
-1.863011561151489e+00	9.140551733172895e+00	4862
6.567671614606019e+00	4.998819912705971e+00	4863
6.832841733317830e+00	-5.132215777837991e+00	4864
-7.092482650756256e+00	6.301498158078145e+00	4865
4.248630140016233e+00	-7.435797829167522e+00	4866
-7.941102040419191e+00	2.842175749778650e+00	4867
-8.187951457091819e+00	4.417399020392136e+00	4868
7.698580784376029e+00	-7.802117223162082e-03	4869
2.007741342674608e+00	-1.002809894628682e+01	4870
2.970333638051112e+00	-8.223783825045112e+00	4871
-6.624526042534124e+00	-8.265398201972623e-03	4872
-3.644521123211948e+00	8.727602114648912e+00	4873
5.488731672411534e+00	6.249170366811936e+00	4874
2.706655571115489e+00	-9.194385307550755e+00	4875
7.109251567121627e+00	-5.745185164613703e-01	4876
-7.239646202383670e+00	-3.516369974881627e+00	4877
7.211390739061824e+00	-1.785840025451942e+00	4878
4.321304129812751e+00	7.312525493692143e+00	4879
-6.656258703647285e+00	-8.230994242884831e+00	4880
8.491874745020523e+00	1.643220002519229e+00	4881
4.000704446351579e+00	8.406690578263008e+00	4882
6.667263029702618e+00	-6.259064953084778e+00	4883
-1.137045797714825e+00	-1.125313668586934e+01	4884
-8.259218953083709e+00	5.718321962491601e+00	4885
1.942502502540041e+00	9.803052247437916e+00	4886
-3.801258046953881e+00	-1.117542072526425e+01	4887
-2.877561460534975e+00	9.486793743226203e+00	4888
8.661490090356489e+00	-2.442641933924864e-02	4889
-7.770539841658970e+00	1.785140318431305e+00	4890
8.211829841027285e+00	-2.551185259909129e+00	4891
-7.987514103390804e+00	-6.472772611857960e-01	4892
8.093589078614846e+00	3.120706338956590e+00	4893
7.767131115024744e+00	-4.443984624439224e+00	4894
7.415144768274348e+00	4.603930415077063e+00	4895
7.936086060686682e+00	-8.454634613675729e-01	4896
-8.909728866606852e-01	1.006102630250938e+01	4897
3.211831149314964e+00	-1.032461228739448e+01	4898
-6.432396263716136e+00	-6.792671278902750e+00	4899
-4.933738901073768e+00	8.871381139452575e+00	4900
-7.280159418396876e+00	-5.140729067502357e+00	4901
5.216075432980239e+00	-7.481801084493732e+00	4902
5.218147256232625e+00	7.120494328583790e+00	4903
6.464890578056719e+00	5.993069021258211e+00	4904
-8.013098591178247e+00	-2.601185210652265e+00	4905
-6.774450582220557e+00	7.511440244842245e+00	4906
-6.220376138083250e+00	-1.044355743999986e+01	4907
-9.061092393399713e+00	3.472321540807225e+00	4908
1.125260217699801e+00	-1.087960396865702e+01	4909
3.889440331180735e+00	-8.276037426861873e+00	4910
-7.490445528796000e+00	4.891464689703554e-02	4911
7.520984351477699e+00	-1.260888038894506e+00	4912
-7.201114620902869e+00	6.257182135492981e-01	4913
5.821892932991479e-01	1.079944831016514e+01	4914
3.415835147645298e+00	9.678338128919414e+00	4915
-8.277529140513822e+00	4.633395278099962e-01	4916
1.326998856754532e-01	-1.183855474168794e+01	4917
8.953322708582679e+00	-1.015272545161112e+00	4918
-2.474208283824170e+00	-1.208713958694187e+01	4919
9.197823278817882e+00	8.780788921816963e-01	4920
8.807782537310024e+00	2.517894733120200e+00	4921
8.282504221292498e+00	4.101623879039771e+00	4922
-8.885604306716912e+00	2.227616535730335e+00	4923
5.035868065566893e+00	8.145531038648642e+00	4924
3.660524115780577e+00	-9.282524739841445e+00	4925
-8.096454599214237e+00	7.099972289842594e+00	4926
8.582321665495307e+00	-3.617708886666222e+00	4927
8.177454785612284e+00	-1.780213495307452e+00	4928
-8.601279730786048e+00	-1.594528271999742e+00	4929
-6.290777743034033e+00	8.773743811125078e+00	4930
-5.234281525054870e+00	-1.152948845920145e+01	4931
-4.104651676651470e+00	9.904306570292583e+00	4932
-7.642146739938698e+00	-7.337989158215398e+00	4933
-2.076468644679189e+00	1.037934599925782e+01	4934
-8.284037075294052e+00	-3.987318977331138e+00	4935
7.779140178218712e+00	-5.693317122930295e+00	4936
2.363911603807808e+00	-1.132846657594390e+01	4937
-7.405230328464338e+00	-6.243491607074861e+00	4938
6.347438387126634e+00	-7.370031013398170e+00	4939
6.231675674732905e+00	6.993023633494539e+00	4940
7.407023583443255e+00	5.611170573967910e+00	4941
-7.092678690716707e+00	-9.449761086071264e+00	4942
-9.374632891552734e+00	4.845241762863333e+00	4943
4.825428050377648e+00	-8.335840238628288e+00	4944
4.737186126771709e+00	9.399205763173626e+00	4945
-6.780669580485483e+00	-1.194204409874128e+01	4946
-3.231159894693981e+00	1.076100072250555e+01	4947
3.753146902568065e+00	-1.163849419573205e+01	4948
8.828172171359110e+00	-4.892891102140173e+00	4949
-9.451156230600290e+00	6.378850990358671e+00	4950
-8.638997911653316e+00	-6.547018372942111e+00	4951
9.300160424044414e+00	-2.769809018484258e+00	4952
9.546766840386701e+00	1.831983976712409e+00	4953
1.963374323426826e+00	1.126036214083421e+01	4954
2.777222797161899e+00	1.088664358201965e+01	4955
-4.051178578980833e+00	-1.273756419058988e+01	4956
-7.690276270929234e+00	-1.085398294792388e+01	4957
5.984681150171504e+00	7.930347546605533e+00	4958
-1.074838416055224e+00	-1.277822056803770e+01	4959
9.732702819992104e+00	-1.576223767889288e-01	4960
-8.004712245706955e+00	-8.553593612387189e+00	4961
-5.575647873785700e+00	1.007640299305907e+01	4962
9.098301358293929e+00	3.488910170558696e+00	4963
-9.326788989752011e-01	1.143256922907160e+01	4964
1.416642704267063e+00	-1.229900144348634e+01	4965
7.312449881712887e+00	6.717677306799503e+00	4966
8.361435021450422e+00	5.154058917002976e+00	4967
-8.675349831538508e+00	1.136517166819320e+00	4968
-7.719796635553853e+00	8.507503932544052e+00	4969
7.594116673586836e+00	-6.996288398971233e+00	4970
-1.004259582470836e+01	2.697630786307079e+00	4971
4.498688649867049e+00	-1.025800068106820e+01	4972
-9.064602651125064e+00	-4.669386539068825e-01	4973
9.157096954801235e+00	-2.092265087989133e+00	4974
-8.475528322360306e+00	-5.410092619275717e+00	4975
-9.144378880209162e+00	-2.849208949032195e+00	4976
-1.033958097336109e+01	3.901606738508204e+00	4977
5.920748827080303e+00	-8.397276698492892e+00	4978
4.237720381526891e+00	1.076560635487156e+01	4979
-5.663243158366637e+00	-1.317737411626415e+01	4980
-9.729875254111501e+00	-5.808439740238589e+00	4981
-2.559367954949368e+00	-1.374123836417238e+01	4982
1.035370948972127e+01	9.157783428353165e-01	4983
-2.308599884514190e+00	1.179149395505747e+01	4984
7.220630548304361e+00	-8.274229780954636e+00	4985
9.731340806220388e+00	-3.959196452197813e+00	4986
-1.138026865269169e+01	3.004955412368790e+00	4987
-8.423994752536373e+00	-1.239119897309826e+01	4988
-7.145571124075900e+00	9.965530500223830e+00	4989
-9.802859812102026e+00	-1.614424274660635e+00	4990
9.899653050469270e+00	2.814846206866777e+00	4991
9.330933506151405e+00	4.584016538398834e+00	4992
-9.253531105426633e+00	7.995248416600541e+00	4993
-8.495025770026903e+00	-9.966047691513436e+00	4994
-9.829777591315150e+00	1.475961787044779e+00	4995
1.005630056327002e+01	-1.315685309025094e+00	4996
5.941739942546481e-01	1.226514844643195e+01	4997
5.308244977638092e+00	-9.469880907672616e+00	4998
8.862637798102430e+00	-6.325118233562340e+00	4999
7.084106426854958e+00	7.807917518318380e+00	5000
8.371084683314498e+00	6.288281705657727e+00	5001
-1.069266340704287e+01	5.403201341243785e+00	5002
-8.960844497870104e+00	-7.747684935502510e+00	5003
-4.621776270266741e+00	1.124089125470587e+01	5004
2.810747216597680e+00	-1.277323473355381e+01	5005
-9.517178718782221e+00	-4.310621953712721e+00	5006
5.752107286316784e+00	9.098130747542138e+00	5007
3.486800126838851e-01	-1.339308047984321e+01	5008
5.281982962177433e+00	-1.156958015021679e+01	5009
6.824791243141173e+00	8.867516661064837e+00	5010
-1.049126441967895e+00	1.297722777132729e+01	5011
-7.293087732322727e+00	-1.368540281634079e+01	5012
1.787067492535067e+00	-1.388841051833027e+01	5013
-4.310368580026290e+00	-1.450663124507789e+01	5014
1.096019174833996e+01	-3.074855655909846e-01	5015
-8.806190735274502e+00	9.635072884235377e+00	5016
-3.626117352398867e+00	1.220987309882162e+01	5017
-6.302563354205239e+00	1.144680252703448e+01	5018
-1.034153574990956e+01	-4.559909989357167e-01	5019
-1.175015125649848e+01	4.395613157835941e+00	5020
9.441980552504337e+00	5.766519314643266e+00	5021
-9.544279103301374e+00	3.196929988048893e-01	5022
1.004177192126486e+01	-5.397210147711528e+00	5023
1.024038734593779e+01	3.895789462150130e+00	5024
1.075654726447694e+01	2.024496796254051e+00	5025
1.054361716487557e+01	-2.991205899437346e+00	5026
3.615488771085101e+00	1.211820305185557e+01	5027
-1.079562081086586e+01	7.146504667098672e+00	5028
-9.961214709106304e+00	-7.021760936554081e+00	5029
5.612698050693576e+00	1.045100741710062e+01	5030
8.283947174065123e+00	7.518065967883667e+00	5031
-9.353763239190538e+00	-9.186562547397335e+00	5032
-1.085043863406404e+01	-4.884388362306735e+00	5033
8.656502797847009e+00	-7.831779196744679e+00	5034
2.079200752239828e+00	1.285493140096290e+01	5035
-9.743038638170393e-01	-1.449416850318903e+01	5036
-9.215420382527332e+00	-1.142843440607499e+01	5037
-1.103441586254608e+01	1.779509611173417e+00	5038
6.657075993866441e+00	-9.513071812001780e+00	5039
4.481031181523358e+00	-1.306652991630966e+01	5040
-1.044662846005017e+01	-3.028809175436665e+00	5041
5.768749970667256e+00	-1.075188662557956e+01	5042
-9.171954692950976e+00	-1.418526281078504e+01	5043
1.052542871688817e+01	5.119135746523972e+00	5044
1.104727767779422e+01	-4.329079216828737e+00	5045
-6.070542843908942e+00	-1.504491324989468e+01	5046
-5.203746859940418e+00	1.275957944634436e+01	5047
-8.120979377489645e+00	1.132041513706093e+01	5048
-1.073319896520509e+01	5.942896746375561e-01	5049
-1.057154532201519e+01	9.013246595638245e+00	5050
1.010432675185909e+01	-7.039817642649778e+00	5051
1.114462226521136e+01	3.137801960285710e+00	5052
5.763598566635272e-01	1.392685850881866e+01	5053
7.297377207211500e+00	-1.090829368355552e+01	5054
8.196330316256653e+00	-9.336533613068839e+00	5055
8.045661403826022e+00	8.729057794811444e+00	5056
-2.619842010298240e+00	-1.561419667310257e+01	5057
9.473055065839519e+00	7.040398365483131e+00	5058
6.547993778871498e+00	1.018404084119928e+01	5059
1.138177868732866e+01	-1.704982889197567e+00	5060
-1.026977739889666e+01	-8.502835751361951e+00	5061
6.299692359174954e-01	-1.514085054615989e+01	5062
-1.217639490105789e+01	6.052852351921009e+00	5063
3.403192454185373e+00	-1.439378504661979e+01	5064
-1.114380359212410e+01	-6.268299254956627e+00	5065
-1.191580478011808e+01	-3.680297125037064e+00	5066
5.190016383986260e+00	1.195600436205593e+01	5067
-1.290086562211077e+01	3.343616397614087e+00	5068
-2.596822459623064e+00	1.338433057170069e+01	5069
6.197602979399480e+00	-1.301857301214149e+01	5070
1.167718642037232e+01	9.461159356692775e-01	5071
-1.013525396062136e+01	-1.299136456661768e+01	5072
-1.116288729596316e+01	-1.678913022075533e+00	5073
3.480689609781240e+00	1.380737620056249e+01	5074
-1.247088046938908e+01	2.033932939404610e+00	5075
1.214043326447135e+01	2.232157706272250e+00	5076
-4.552236632999490e+00	-1.651120889885505e+01	5077
-7.894607656759287e+00	-1.564279242289185e+01	5078
-1.004664039441165e+01	1.091702524469820e+01	5079
-1.231745892282438e+01	8.025818074832856e+00	5080
1.237608927153211e+01	-4.750136402861158e-01	5081
1.197986623174967e+01	-3.121954753147455e+00	5082
9.865637093712941e+00	-8.793722138452118e+00	5083
6.453639741564081e+00	1.162181936831240e+01	5084
9.386015450837203e+00	8.415194808709549e+00	5085
5.288921532960937e+00	-1.469594083498160e+01	5086
-8.185978652618808e-01	-1.643246261440059e+01	5087
-1.115056799370686e+01	-1.133958556750438e+01	5088
1.153923478576580e+01	4.343757069148579e+00	5089
-1.222830688421377e+00	1.471908437402131e+01	5090
-1.239753051613762e+01	-5.246275748720574e+00	5091
-7.125981420008977e+00	1.300577427927848e+01	5092
-4.081236864578043e+00	1.384831809129816e+01	5093
-1.071826643920252e+01	-1.006196873852675e+01	5094
-1.114353209517258e+01	-1.479035969842221e+01	5095
-1.409556669000846e+01	2.224280315045835e+00	5096
-1.172074034474680e+01	-3.683278481256384e-01	5097
1.142894917519954e+01	-5.959044368689181e+00	5098
2.067689146317844e+00	1.462603817532528e+01	5099
8.115219537280161e+00	-1.267280705252803e+01	5100
1.067508713733638e+01	6.447136102202034e+00	5101
8.993379227295806e+00	-1.083423518578154e+01	5102
7.767299544595580e+00	9.934438383043773e+00	5103
2.263455705585326e+00	-1.567167073800924e+01	5104
-1.142152625345949e+01	-7.659314464210646e+00	5105
-1.280453966140817e+01	-2.203084662446481e+00	5106
-1.336201379851983e+01	4.906324295975168e+00	5107
4.553354548772232e+00	1.348873636429451e+01	5108
-1.204149473523528e+01	7.511850840963152e-01	5109
-9.230665979924220e+00	1.286280985129384e+01	5110
-2.640478203856350e+00	-1.773268445442972e+01	5111
4.042893261661478e+00	1.542952414278242e+01	5112
1.256219736282635e+01	3.494408762522308e+00	5113
7.437373354267405e+00	1.142009271063364e+01	5114
9.965516502644581e-01	-1.710209455957241e+01	5115
4.099452943232561e+00	-1.621952990634472e+01	5116
-6.509839461428981e+00	-1.715478258271756e+01	5117
1.188630819831055e+01	5.710945894875799e+00	5118
1.072803469155750e+01	7.882884990945954e+00	5119
1.084124490956004e+01	-1.041652488991885e+01	5120
-1.255343030907416e+01	-1.015048082063936e+01	5121
-1.352602627108147e+01	8.085280568974796e-01	5122
-1.358699307476001e+01	-3.862214012509574e+00	5123
1.257026957243961e+01	-4.692207478433946e+00	5124
4.830457592864595e-01	1.579377761676142e+01	5125
1.152207488060601e+01	-7.850052733309318e+00	5126
-1.207077610349821e+01	1.017134322600162e+01	5127
6.245237549844883e+00	1.327266086504706e+01	5128
1.319166633866751e+01	9.796403678557039e-01	5129
-1.273553627965743e+01	-6.795539577191524e+00	5130
-1.460139089372900e+01	3.803674614448357e+00	5131
-2.947306444319206e+00	1.517752319223716e+01	5132
1.289629711767380e+01	-1.910128698053432e+00	5133
-1.319112391085719e+01	-1.859688208458045e-01	5134
-5.863464250886730e+00	1.448238822976863e+01	5135
-1.226947548922415e+01	-1.304309556028251e+01	5136
-1.386628378934794e+01	6.773864745995348e+00	5137
7.339904336050966e+00	-1.457631248381549e+01	5138
1.003918340120013e+01	-1.246047447142142e+01	5139
9.132849427232124e+00	9.771106771518655e+00	5140
-1.188376070002285e+01	-9.090532284269973e+00	5141
-4.605630602132217e+00	1.569677514455899e+01	5142
1.399376077838672e+01	-5.781466366780547e-01	5143
2.839396823132151e+00	-1.767410355939073e+01	5144
1.302813311468819e+01	-6.572350599326718e+00	5145
1.301614042372437e+01	4.840513604802533e+00	5146
-1.528608989993224e+01	9.209378649547901e-01	5147
6.278713693616105e+00	-1.651846759571624e+01	5148
2.353436722473701e+00	1.663175830794821e+01	5149
-1.145948979159694e+01	1.237621303225203e+01	5150
-1.404973946096411e+01	9.018344523637849e+00	5151
1.372016429032765e+01	2.465814292081964e+00	5152
1.358260884987335e+01	-3.387336475381022e+00	5153
1.208086730378924e+01	7.206073459364571e+00	5154
-1.469156948574040e+00	1.667679158306389e+01	5155
-8.059017297975091e+00	1.477891874768337e+01	5156
8.829635521251209e+00	1.114776720197558e+01	5157
-1.337652306251699e+01	-8.461784351379894e+00	5158
-5.875119552986523e-01	-1.861774422540142e+01	5159
1.207631292955778e+01	-1.207889267311214e+01	5160
-1.453115505668721e+01	-1.927084072703921e+00	5161
6.361812634809274e+00	1.559425040769864e+01	5162
1.274768696914571e+01	-9.547821476568087e+00	5163
-1.516761593675422e+01	5.502302923874563e+00	5164
-1.415029211601328e+01	-5.632402367231940e+00	5165
-1.594612357878417e+01	2.500396161624505e+00	5166
-1.480528401394830e+01	-1.775585109787168e-01	5167
9.314063715646704e+00	-1.429825909149357e+01	5168
1.063935674230206e+01	9.428270596580857e+00	5169
1.430095455209292e+01	-5.124260995862339e+00	5170
4.985119119716720e+00	-1.816601164839129e+01	5171
-1.049139600280419e+01	1.461915086832257e+01	5172
1.458879223504128e+01	-8.219561717494992e+00	5173
1.343461306727252e+01	6.368232164920570e+00	5174
-3.371759663821913e+00	1.719048338088099e+01	5175
1.460316879548493e+01	-2.108523629902497e+00	5176
-1.458241620339326e+01	-7.270478355018933e+00	5177
-6.610916777172607e+00	1.643554526636233e+01	5178
-1.461257674250539e+01	-1.011050986236948e+01	5179
-1.727421192779375e+01	1.015477370507658e+00	5180
-1.648163246994139e+01	-8.187071471054719e-01	5181
4.676647412822108e+00	1.746639522236885e+01	5182
4.660438447134796e-01	1.792141408928865e+01	5183
-1.377925555072620e+01	1.148470149647814e+01	5184
-1.550021646980976e+01	-3.930911035069132e+00	5185
-1.578127745394745e+01	7.587821070431226e+00	5186
1.140981962468682e+01	-1.408740309878815e+01	5187
1.215707524942005e+01	8.828849978727154e+00	5188
8.437260474307090e+00	1.283006615493417e+01	5189
1.417339888737148e+01	3.894038903945740e+00	5190
1.491592269355157e+01	1.054145070218444e+00	5191
8.543340954153344e+00	-1.639439565451172e+01	5192
1.422093366798110e+01	-1.129216725977313e+01	5193
-1.653701791545419e+01	4.258189787970886e+00	5194
1.036284403654053e+01	1.095212616025995e+01	5195
1.539773108284847e+01	-3.695557795608959e+00	5196
-1.376962288383083e+01	-1.219203982904251e+01	5197
-1.721685124379326e+01	6.143697476455810e+00	5198
1.469128756320320e+01	5.392669675873135e+00	5199
1.583227718061131e+01	-6.544771679837563e-01	5200
1.492655868892148e+01	-6.962335880783096e+00	5201
1.002997138291388e+01	1.252760402383097e+01	5202
1.566823658555901e+01	-9.548584587038430e+00	5203
-5.208158274690494e+00	1.777718004225482e+01	5204
1.368238660438746e+01	8.054443841621293e+00	5205
7.680917770847397e+00	1.472626816467177e+01	5206
-1.803351854485354e+01	2.899010190268041e+00	5207
-1.615874088092860e+01	-5.944933333633283e+00	5208
1.206373880778554e+01	1.057273686629507e+01	5209
1.551487964927569e+01	2.748281790625703e+00	5210
-1.865216450539021e+01	-6.710257595049367e-01	5211
1.626726624284768e+01	-5.476037057221700e+00	5212
1.599734815881446e+01	4.351880877375763e+00	5213
1.519473922683901e+01	7.099151895556018e+00	5214
8.074263047296476e+00	1.675866067034626e+01	5215
-1.660109061775780e+01	-8.075995912992340e+00	5216
1.378115575533968e+01	9.893214529108207e+00	5217
1.653025097069373e+01	-2.312344184043833e+00	5218
1.687622823044972e+01	1.170632789058699e+00	5219
-1.769944662708292e+01	-2.663733905966390e+00	5220
1.669212183593347e+01	-7.560979650227158e+00	5221
9.650925178964915e+00	1.443936089916776e+01	5222
-1.761894402636432e+01	-4.351648569693348e+00	5223
1.175668531058707e+01	1.229097388109193e+01	5224
1.791896214738054e+01	-7.164282218913637e-01	5225
1.550589207311574e+01	9.005357583516814e+00	5226
1.744136922266802e+01	-3.972611016340337e+00	5227
1.368257073797571e+01	1.186696225453983e+01	5228
1.658531535188166e+01	6.011530317838425e+00	5229
1.754994750364591e+01	3.091904001154246e+00	5230
1.141575372846801e+01	1.405618982326819e+01	5231
1.719304788476545e+01	7.914123091630713e+00	5232
NMARK= 2
MARKER_TAG= airfoil
MARKER_ELEMS= 200
3	199	0
3	0	1
3	1	2
3	2	3
3	3	4
3	4	5
3	5	6
3	6	7
3	7	8
3	8	9
3	9	10
3	10	11
3	11	12
3	12	13
3	13	14
3	14	15
3	15	16
3	16	17
3	17	18
3	18	19
3	19	20
3	20	21
3	21	22
3	22	23
3	23	24
3	24	25
3	25	26
3	26	27
3	27	28
3	28	29
3	29	30
3	30	31
3	31	32
3	32	33
3	33	34
3	34	35
3	35	36
3	36	37
3	37	38
3	38	39
3	39	40
3	40	41
3	41	42
3	42	43
3	43	44
3	44	45
3	45	46
3	46	47
3	47	48
3	48	49
3	49	50
3	50	51
3	51	52
3	52	53
3	53	54
3	54	55
3	55	56
3	56	57
3	57	58
3	58	59
3	59	60
3	60	61
3	61	62
3	62	63
3	63	64
3	64	65
3	65	66
3	66	67
3	67	68
3	68	69
3	69	70
3	70	71
3	71	72
3	72	73
3	73	74
3	74	75
3	75	76
3	76	77
3	77	78
3	78	79
3	79	80
3	80	81
3	81	82
3	82	83
3	83	84
3	84	85
3	85	86
3	86	87
3	87	88
3	88	89
3	89	90
3	90	91
3	91	92
3	92	93
3	93	94
3	94	95
3	95	96
3	96	97
3	97	98
3	98	99
3	99	100
3	100	101
3	101	102
3	102	103
3	103	104
3	104	105
3	105	106
3	106	107
3	107	108
3	108	109
3	109	110
3	110	111
3	111	112
3	112	113
3	113	114
3	114	115
3	115	116
3	116	117
3	117	118
3	118	119
3	119	120
3	120	121
3	121	122
3	122	123
3	123	124
3	124	125
3	125	126
3	126	127
3	127	128
3	128	129
3	129	130
3	130	131
3	131	132
3	132	133
3	133	134
3	134	135
3	135	136
3	136	137
3	137	138
3	138	139
3	139	140
3	140	141
3	141	142
3	142	143
3	143	144
3	144	145
3	145	146
3	146	147
3	147	148
3	148	149
3	149	150
3	150	151
3	151	152
3	152	153
3	153	154
3	154	155
3	155	156
3	156	157
3	157	158
3	158	159
3	159	160
3	160	161
3	161	162
3	162	163
3	163	164
3	164	165
3	165	166
3	166	167
3	167	168
3	168	169
3	169	170
3	170	171
3	171	172
3	172	173
3	173	174
3	174	175
3	175	176
3	176	177
3	177	178
3	178	179
3	179	180
3	180	181
3	181	182
3	182	183
3	183	184
3	184	185
3	185	186
3	186	187
3	187	188
3	188	189
3	189	190
3	190	191
3	191	192
3	192	193
3	193	194
3	194	195
3	195	196
3	196	197
3	197	198
3	198	199
MARKER_TAG= farfield
MARKER_ELEMS= 50
3	200	201
3	201	202
3	202	203
3	203	204
3	204	205
3	205	206
3	206	207
3	207	208
3	208	209
3	209	210
3	210	211
3	211	212
3	212	213
3	213	214
3	214	215
3	215	216
3	216	217
3	217	218
3	218	219
3	219	220
3	220	221
3	221	222
3	222	223
3	223	224
3	224	225
3	225	226
3	226	227
3	227	228
3	228	229
3	229	230
3	230	231
3	231	232
3	232	233
3	233	234
3	234	235
3	235	236
3	236	237
3	237	238
3	238	239
3	239	240
3	240	241
3	241	242
3	242	243
3	243	244
3	244	245
3	245	246
3	246	247
3	247	248
3	248	249
3	249	200
