"Time_Iter","Outer_Iter","Inner_Iter",    "rms[Rho]"    ,    "rms[RhoU]"   ,    "rms[RhoV]"   ,    "rms[RhoE]"   ,    "RefForce"    ,       "CD"       ,       "CL"       ,       "CSF"      ,       "CMx"      ,       "CMy"      ,       "CMz"      ,       "CFx"      ,       "CFy"      ,       "CFz"      ,      "CEff"      
          0,           0,           0,       -3.59762376,      -3.707597091,      -4.167277612,      -3.001246616,             0.448,      0.2268525791,      0.1481933546,                 0,                 0,                 0,     0.01818751665,      0.2235657734,      0.1531068515,                 0,      0.6532584074
          0,           0,           1,      -3.844375873,      -3.720729288,      -3.746174425,      -3.233431228,             0.448,     0.08759308726,     0.03873477455,                 0,                 0,                 0,   -0.004904552974,     0.08672724783,     0.04063638985,                 0,      0.4422126878
          0,           0,           2,      -3.780586974,      -3.692558668,      -3.713614045,      -3.182233763,             0.448,     0.06394370432,     0.04563337176,                 0,                 0,                 0,   -0.005356603961,     0.06293300069,     0.04701743681,                 0,      0.7136491737
          0,           0,           3,      -3.725709296,      -3.734134118,      -3.714332842,      -3.133131033,             0.448,     0.07893981528,      0.0799957963,                 0,                 0,                 0,   -0.003015119399,     0.07717593064,     0.08169882246,                 0,       1.013377039
          0,           0,           4,      -3.676974127,      -3.705771328,      -3.681583242,       -3.08769755,             0.448,     0.05975038183,     0.07797702805,                 0,                 0,                 0,   -0.006028961077,     0.05803510295,     0.07926191934,                 0,       1.305046523
          0,           0,           5,      -3.672795908,      -3.685515966,        -3.6761688,      -3.087653033,             0.448,     0.04637600929,       0.075388094,                 0,                 0,                 0,   -0.009859380383,     0.04472039046,     0.07638184099,                 0,       1.625583899
          0,           0,           6,       -3.66823675,       -3.79968722,      -3.714202032,      -3.089328693,             0.448,     0.04237713434,     0.07632115517,                 0,                 0,                 0,    -0.01301628696,      0.0407021125,     0.07722744511,                 0,       1.800998495
          0,           0,           7,      -3.672664678,      -3.806569282,      -3.704151719,       -3.09601089,             0.448,     0.03808336368,     0.07587354722,                 0,                 0,                 0,    -0.01520743314,     0.03641912816,     0.07668627558,                 0,       1.992301622
          0,           0,           8,      -3.656473741,      -3.734102939,      -3.717503341,      -3.079109599,             0.448,     0.03246043246,     0.07566352916,                 0,                 0,                 0,    -0.01649824237,     0.03080211656,      0.0763536439,                 0,        2.33094643
          0,           0,           9,      -3.670356345,      -3.771163836,       -3.72395709,      -3.096617253,             0.448,     0.02775863122,     0.07617804923,                 0,                 0,                 0,    -0.01728500149,     0.02609021003,     0.07676547227,                 0,       2.744301354
          0,           0,          10,      -3.676460692,      -3.826490642,      -3.750584559,      -3.106639368,             0.448,     0.02451971869,     0.07727528515,                 0,                 0,                 0,    -0.01758813841,     0.02282813219,     0.07779179057,                 0,       3.151556759
          0,           0,          11,       -3.68218239,      -3.851966514,      -3.774444533,      -3.114573047,             0.448,     0.02164342526,     0.07867937501,                 0,                 0,                 0,    -0.01748233399,     0.01992189319,     0.07913280029,                 0,       3.635255236
          0,           0,          12,      -3.687318598,      -3.865375429,      -3.785148332,      -3.120269757,             0.448,     0.01858807431,     0.07986845398,                 0,                 0,                 0,    -0.01737961903,     0.01684132971,     0.08025494415,                 0,       4.296757838
          0,           0,          13,      -3.690652666,      -3.872323573,      -3.794578777,      -3.122303219,             0.448,     0.01557568514,     0.08101922835,                 0,                 0,                 0,    -0.01742510836,      0.0138045534,     0.08133972975,                 0,       5.201647799
          0,           0,          14,      -3.698420238,      -3.879185986,      -3.805283508,      -3.127973848,             0.448,     0.01280217504,      0.0826462564,                 0,                 0,                 0,    -0.01747069333,     0.01099620989,     0.08290586681,                 0,       6.455641805
          0,           0,          15,      -3.708126108,      -3.885956039,      -3.820678521,      -3.135774005,             0.448,     0.01024220021,     0.08472048138,                 0,                 0,                 0,    -0.01748621909,    0.008391595282,     0.08492375262,                 0,       8.271707216
          0,           0,          16,      -3.718770279,      -3.889241273,       -3.84146854,      -3.145797638,             0.448,    0.007802501947,     0.08689842746,                 0,                 0,                 0,    -0.01754496668,    0.005904965958,     0.08704795867,                 0,       11.13725162
          0,           0,          17,      -3.731440238,      -3.888328148,      -3.864375524,      -3.159442276,             0.448,    0.005430716212,     0.08905042091,                 0,                 0,                 0,    -0.01764577807,    0.003486799154,     0.08914769977,                 0,       16.39754637
          0,           0,          18,      -3.746392083,      -3.885052738,      -3.888057389,      -3.176263358,             0.448,    0.003127685532,     0.09114986719,                 0,                 0,                 0,    -0.01778020253,    0.001138517354,     0.09119640609,                 0,       29.14291295
          0,           0,          19,      -3.764322392,      -3.883613561,       -3.91408355,      -3.196016156,             0.448,   0.0009324280724,     0.09309229595,                 0,                 0,                 0,    -0.01799149898,   -0.001098591554,     0.09309048331,                 0,       99.83858134
          0,           0,          20,      -3.785624791,      -3.888027914,      -3.944145045,      -3.218545534,             0.448,   -0.001086098719,     0.09474887926,                 0,                 0,                 0,    -0.01832678121,   -0.003152776165,     0.09470263847,                 0,      -87.23781511
          0,           0,          21,      -3.808716767,      -3.899392019,      -3.977824404,      -3.242196361,             0.448,    -0.00283281531,     0.09620419612,                 0,                 0,                 0,    -0.01874492558,   -0.004930824655,     0.09611950459,                 0,      -33.96063124
          0,           0,          22,      -3.831474704,      -3.916044273,      -4.012070432,      -3.265037259,             0.448,   -0.004222946335,     0.09762422838,                 0,                 0,                 0,    -0.01918590856,   -0.006351602707,     0.09750887337,                 0,       -23.1175631
          0,           0,          23,        -3.8526287,      -3.935026728,      -4.043081467,      -3.285989785,             0.448,   -0.005182051663,     0.09919816686,                 0,                 0,                 0,    -0.01958677629,   -0.007344815081,     0.09906151453,                 0,      -19.14264336
          0,           0,          24,      -3.872157122,      -3.953905743,      -4.069049167,      -3.305130408,             0.448,   -0.005661939292,      0.1010402033,                 0,                 0,                 0,    -0.01992254425,   -0.007864772322,      0.1008926439,                 0,      -17.84551159
          0,           0,          25,      -3.891149139,       -3.97221451,      -4.090726029,      -3.323602641,             0.448,   -0.005667133519,      0.1030006195,                 0,                 0,                 0,    -0.02028209578,   -0.007912731568,      0.1028524803,                 0,      -18.17508255
          0,           0,          26,      -3.910778746,      -3.991341827,      -4.110321416,      -3.342693561,             0.448,   -0.005222190298,      0.1049555062,                 0,                 0,                 0,    -0.02070774769,   -0.007510539861,      0.1048166082,                 0,      -20.09798576
          0,           0,          27,      -3.931680025,      -4.013142133,      -4.130485472,      -3.363276761,             0.448,   -0.004381492563,      0.1068466207,                 0,                 0,                 0,    -0.02118951161,   -0.006711296633,      0.1067256123,                 0,      -24.38589571
          0,           0,          28,      -3.954036561,       -4.03907895,      -4.153913067,      -3.385754484,             0.448,   -0.003235653935,      0.1086086018,                 0,                 0,                 0,    -0.02172097701,     -0.0056041681,      0.1085121705,                 0,      -33.56619838
          0,           0,          29,      -3.978048861,      -4.069985982,      -4.182622514,      -3.410481793,             0.448,   -0.001887971689,      0.1101584309,                 0,                 0,                 0,    -0.02229772346,   -0.004290615908,      0.1100910303,                 0,      -58.34750144
          0,           0,          30,      -4.003510116,      -4.106194017,      -4.217220273,      -3.437211567,             0.448,   -0.000445467839,       0.111432539,                 0,                 0,                 0,    -0.02293025258,   -0.002876249857,      0.1113963033,                 0,      -250.1472143
          0,           0,          31,      -4.030641044,       -4.14756174,      -4.256573225,      -3.465921486,             0.448,   0.0009815658291,      0.1122698029,                 0,                 0,                 0,    -0.02367878725,     -0.0014678206,      0.1122644985,                 0,       114.3782715
          0,           0,          32,      -4.059398012,       -4.19294285,      -4.297832265,       -3.49627646,             0.448,    0.002323379172,       0.112672308,                 0,                 0,                 0,     -0.0245175656,  -0.0001351071749,      0.1126961793,                 0,       48.49501509
          0,           0,          33,      -4.089834442,      -4.239935967,      -4.337297842,       -3.52801206,             0.448,    0.003535068968,      0.1127344374,                 0,                 0,                 0,    -0.02538744335,    0.001074938926,      0.1127847268,                 0,       31.89030777
          0,           0,          34,      -4.121599991,      -4.285332895,      -4.372246965,      -3.560494844,             0.448,    0.004584505886,      0.1125685496,                 0,                 0,                 0,    -0.02623637181,     0.00212774493,      0.1126417718,                 0,       24.55412914
          0,           0,          35,      -4.154080499,       -4.32654938,      -4.402147711,      -3.593075029,             0.448,    0.005446227099,      0.1122684188,                 0,                 0,                 0,    -0.02702130441,    0.002995808396,      0.1123605107,                 0,       20.61398042
          0,           0,          36,      -4.186259598,      -4.363010247,      -4.428772407,       -3.62494083,             0.448,    0.006100727321,      0.1118990224,                 0,                 0,                 0,    -0.02770331774,    0.003658211205,      0.1120054801,                 0,       18.34191507
          0,           0,          37,      -4.217257492,      -4.396072373,      -4.455186964,      -3.655468352,             0.448,    0.006537812249,      0.1115216086,                 0,                 0,                 0,    -0.02824721752,    0.004103425355,      0.1116376911,                 0,       17.05793993
          0,           0,          38,      -4.246626559,      -4.428023639,       -4.48428031,      -3.684498966,             0.448,    0.006756420503,      0.1111852073,                 0,                 0,                 0,    -0.02863028518,    0.004329320142,      0.1113061388,                 0,       16.45622964
          0,           0,          39,      -4.274211163,      -4.461039799,      -4.517720683,      -3.712117714,             0.448,    0.006767594141,      0.1109356908,                 0,                 0,                 0,    -0.02884098507,    0.004345934296,      0.1110569254,                 0,       16.39219026
          0,           0,          40,      -4.300071892,      -4.496341078,      -4.555692257,      -3.738484374,             0.448,    0.006592083671,      0.1108247668,                 0,                 0,                 0,    -0.02888015644,    0.004172885386,      0.1109421991,                 0,       16.81179614
          0,           0,          41,      -4.324495084,      -4.533845043,      -4.596772241,       -3.76382476,             0.448,    0.006258198683,       0.110886049,                 0,                 0,                 0,    -0.02876386287,    0.003837742991,       0.110996183,                 0,       17.71852487
          0,           0,          42,      -4.347720524,      -4.572443792,      -4.638266424,      -3.788186395,             0.448,     0.00579766178,      0.1111226604,                 0,                 0,                 0,    -0.02852216978,    0.003372154033,      0.1112226915,                 0,        19.1668063
          0,           0,          43,      -4.369846786,      -4.610524238,      -4.676951067,      -3.811454823,             0.448,    0.005245897468,      0.1115293336,                 0,                 0,                 0,    -0.02818527123,    0.002811649496,      0.1116172313,                 0,       21.26029612
          0,           0,          44,      -4.390879408,      -4.646549907,      -4.710332732,      -3.833482496,             0.448,    0.004638452589,      0.1120869068,                 0,                 0,                 0,    -0.02778470936,    0.002192185778,      0.1121614204,                 0,       24.16471972
          0,           0,          45,      -4.410725575,      -4.679348167,      -4.737739444,      -3.854079602,             0.448,    0.004008567963,      0.1127737929,                 0,                 0,                 0,    -0.02734798143,    0.001547466706,      0.1128344022,                 0,       28.13318719
          0,           0,          46,      -4.429150864,      -4.708232454,      -4.760404055,      -3.872990624,             0.448,    0.003386397643,      0.1135740487,                 0,                 0,                 0,    -0.02689467241,   0.0009079869573,       0.113620895,                 0,       33.53830845
          0,           0,          47,      -4.445903972,      -4.733181026,      -4.780466677,      -3.890011553,             0.448,    0.002798507898,      0.1144730915,                 0,                 0,                 0,    -0.02643918792,   0.0003006245989,      0.1145068991,                 0,       40.90504499
          0,           0,          48,      -4.460848137,      -4.754878441,      -4.799811057,       -3.90507577,             0.448,     0.00226742768,      0.1154534343,                 0,                 0,                 0,    -0.02599475306,   -0.000251715303,      0.1154754232,                 0,       50.91824332
          0,           0,          49,      -4.474099091,      -4.774679096,      -4.819333224,      -3.918374206,             0.448,    0.001810906157,      0.1164875564,                 0,                 0,                 0,    -0.02557541902,  -0.0007306874407,      0.1164993403,                 0,       64.32556207
          0,           0,          50,      -4.486031821,      -4.794303992,      -4.838840582,      -3.930351576,             0.448,    0.001442099923,      0.1175476279,                 0,                 0,                 0,    -0.02519087497,   -0.001122531246,       0.117551114,                 0,       81.51143064
          0,           0,          51,      -4.497210516,      -4.815358282,      -4.857765393,      -3.941596624,             0.448,    0.001167596441,      0.1186065426,                 0,                 0,                 0,    -0.02485060549,   -0.001420069507,      0.1186037885,                 0,       101.5817953
          0,           0,          52,      -4.507958802,      -4.838932019,      -4.875952855,      -3.952454463,             0.448,   0.0009886870521,      0.1196454251,                 0,                 0,                 0,    -0.02455820189,   -0.001621599422,      0.1196385208,                 0,       121.0144553
          0,           0,          53,      -4.518645123,      -4.865586796,      -4.893960506,      -3.963384834,             0.448,   0.0009016071155,      0.1206455877,                 0,                 0,                 0,    -0.02431764737,   -0.001730477069,      0.1206365458,                 0,       133.8117076
          0,           0,          54,      -4.529811837,      -4.895165323,      -4.912790904,      -3.974984468,             0.448,   0.0008991733818,      0.1216031462,                 0,                 0,                 0,    -0.02412641493,   -0.001753799252,      0.1215938233,                 0,        135.238819
          0,           0,          55,      -4.541999864,      -4.926706653,        -4.9335548,      -3.987817686,             0.448,    0.000968713721,      0.1225103176,                 0,                 0,                 0,     -0.0239825763,   -0.001704065301,      0.1225022958,                 0,       126.4669994
          0,           0,          56,      -4.555571106,      -4.958932784,      -4.956596353,      -4.002204619,             0.448,    0.001095886274,       0.123366193,                 0,                 0,                 0,    -0.02388046018,   -0.001595593836,      0.1233607419,                 0,       112.5720762
          0,           0,          57,      -4.570653741,      -4.990675461,      -4.981199706,      -4.018188321,             0.448,    0.001267945245,      0.1241823893,                 0,                 0,                 0,    -0.02380794438,   -0.001441381037,      0.1241804973,                 0,       97.93986748
          0,           0,          58,      -4.587124629,      -5.021200278,      -5.005891976,      -4.035507699,             0.448,    0.001469526642,      0.1249536866,                 0,                 0,                 0,    -0.02376483614,   -0.001256673373,      0.1249560086,                 0,       85.02988856
          0,           0,          59,      -4.604902596,      -5.050246903,      -5.029074127,      -4.053964819,             0.448,    0.001684623978,      0.1256600426,                 0,                 0,                 0,    -0.02375795975,   -0.001057036299,      0.1256668888,                 0,       74.59233884
          0,           0,          60,      -4.624003987,      -5.078051786,      -5.049964871,      -4.073558194,             0.448,    0.001900598247,      0.1262851119,                 0,                 0,                 0,    -0.02379104636,   -0.000854749241,      0.1262965207,                 0,       66.44492706
          0,           0,          61,      -4.644391183,      -5.105309818,      -5.068777937,      -4.094240251,             0.448,     0.00210664471,      0.1268246532,                 0,                 0,                 0,    -0.02386138141,  -0.0006605218426,      0.1268404285,                 0,       60.20220332
          0,           0,          62,      -4.665858041,      -5.132422703,      -5.086413487,      -4.115823092,             0.448,     0.00229322844,      0.1272798483,                 0,                 0,                 0,    -0.02396280445,  -0.0004839125454,      0.1272995857,                 0,       55.50247247
          0,           0,          63,      -4.688105339,      -5.159795811,      -5.103936655,      -4.138002219,             0.448,    0.002452322721,      0.1276499346,                 0,                 0,                 0,    -0.02408903191,  -0.0003329295133,      0.1276730545,                 0,       52.05266563
          0,           0,          64,      -4.710616678,      -5.187634814,      -5.122248467,      -4.160307262,             0.448,    0.002578120165,      0.1279414529,                 0,                 0,                 0,    -0.02423088131,  -0.0002135214447,      0.1279672477,                 0,       49.62586875
          0,           0,          65,      -4.733015573,      -5.215831079,      -5.141981136,       -4.18242366,             0.448,    0.002667161775,      0.1281574902,                 0,                 0,                 0,    -0.02438225332,  -0.0001292138524,       0.128185176,                 0,       48.05013757
          0,           0,          66,      -4.755121384,      -5.243828286,      -5.163391746,       -4.20423493,             0.448,    0.002718950604,      0.1282987654,                 0,                 0,                 0,    -0.02453891067,    -8.0519249e-05,      0.1283275473,                 0,       47.18686878
          0,           0,          67,      -4.776827559,      -5.270906674,      -5.186358006,      -4.225686701,             0.448,    0.002735427922,       0.128373035,                 0,                 0,                 0,    -0.02469492325,  -6.566603656e-05,      0.1284021588,                 0,       46.92978163
          0,           0,          68,      -4.798101474,      -5.296610021,      -5.210432774,      -4.246785492,             0.448,    0.002719943919,      0.1283935487,                 0,                 0,                 0,    -0.02484356781,  -8.159385757e-05,      0.1284223298,                 0,       47.20448381
          0,           0,          69,      -4.818886033,      -5.320719183,      -5.234948665,      -4.267497562,             0.448,    0.002677288748,      0.1283729229,                 0,                 0,                 0,    -0.02497929943,  -0.0001237889296,      0.1284007784,                 0,       47.94885237
          0,           0,          70,      -4.839119736,      -5.343033351,      -5.259219213,       -4.28776053,             0.448,    0.002612970229,      0.1283284983,                 0,                 0,                 0,    -0.02509575468,  -0.0001871230245,      0.1283549613,                 0,       49.11211651
          0,           0,          71,      -4.858755275,      -5.363434069,      -5.282820799,      -4.307492855,             0.448,     0.00253288421,      0.1282743741,                 0,                 0,                 0,    -0.02518936297,  -0.0002660092713,      0.1282991028,                 0,       50.64359972
          0,           0,          72,      -4.877605868,      -5.381851633,      -5.305758059,      -4.326487063,             0.448,    0.002442747284,      0.1282173944,                 0,                 0,                 0,    -0.02525961843,  -0.0003548817423,      0.1282401704,                 0,       52.48901319
          0,           0,          73,      -4.895541823,       -5.39858754,      -5.327880498,      -4.344604928,             0.448,    0.002348099512,      0.1281668827,                 0,                 0,                 0,    -0.02530673914,  -0.0004484050832,       0.128187606,                 0,       54.58324148
          0,           0,          74,       -4.91243341,      -5.414145241,      -5.349190871,       -4.36168864,             0.448,     0.00225412322,       0.128132103,                 0,                 0,                 0,    -0.02533081737,  -0.0005416002965,      0.1281507845,                 0,       56.84343334
          0,           0,          75,      -4.928272397,      -5.429153152,      -5.369532247,       -4.37769876,             0.448,    0.002164666964,      0.1281161203,                 0,                 0,                 0,    -0.02533314622,  -0.0006306866041,      0.1281328541,                 0,       59.18514139
          0,           0,          76,      -4.943185175,      -5.444403734,        -5.3888422,      -4.392753984,             0.448,    0.002082868017,      0.1281251312,                 0,                 0,                 0,    -0.02531477411,  -0.0007126626554,      0.1281400784,                 0,       61.51380217
          0,           0,          77,      -4.957335817,      -5.460732657,      -5.407188814,      -4.406997463,             0.448,    0.002011132496,      0.1281598064,                 0,                 0,                 0,    -0.02527879684,  -0.0007851375427,      0.1281731805,                 0,       63.72519299
          0,           0,          78,      -4.971067736,      -5.478874905,       -5.42446966,      -4.420757729,             0.448,    0.001951066309,      0.1282169275,                 0,                 0,                 0,    -0.02522920783,  -0.0008464355258,      0.1282289777,                 0,        65.7163352
          0,           0,          79,      -4.984799738,      -5.499289083,       -5.44049418,      -4.434474827,             0.448,    0.001903364803,      0.1282935865,                 0,                 0,                 0,    -0.02517001535,  -0.0008957979858,      0.1283045778,                 0,       67.40357196
          0,           0,          80,      -4.998852899,      -5.522097282,      -5.455553576,      -4.448468546,             0.448,    0.001868154023,      0.1283852978,                 0,                 0,                 0,    -0.02510543802,  -0.0009330010578,      0.1283954991,                 0,       68.72307967
          0,           0,          81,      -5.013646936,      -5.547138811,      -5.470141718,      -4.463139574,             0.448,    0.001845228145,       0.128487631,                 0,                 0,                 0,    -0.02503910021,  -0.0009581538667,      0.1284973078,                 0,       69.63238193
          0,           0,          82,      -5.029277627,      -5.573860888,      -5.484798902,      -4.478588748,             0.448,     0.00183382686,      0.1285972827,                 0,                 0,                 0,    -0.02497384796,  -0.0009719444785,      0.1286066847,                 0,       70.12509495
          0,           0,          83,      -5.045865625,      -5.601877285,      -5.500344594,      -4.494929097,             0.448,    0.001832742448,       0.128709867,                 0,                 0,                 0,    -0.02491213619,  -0.0009754846474,      0.1287192186,                 0,       70.22801659
          0,           0,          84,      -5.063511557,      -5.630573061,      -5.517212922,      -4.512238673,             0.448,    0.001840569161,      0.1288219568,                 0,                 0,                 0,    -0.02485531396,   -0.000970105022,      0.1288314524,                 0,       69.99028318
          0,           0,          85,      -5.082682243,      -5.659259295,      -5.535745342,      -4.531040407,             0.448,    0.001855703284,      0.1289289133,                 0,                 0,                 0,    -0.02480513045,  -0.0009573077451,      0.1289387137,                 0,       69.47711654
          0,           0,          86,      -5.103026075,      -5.686800857,      -5.556119781,      -4.550960519,             0.448,    0.001876463282,      0.1290294877,                 0,                 0,                 0,    -0.02476255435,  -0.0009387467069,      0.1290397171,                 0,       68.76206372
          0,           0,          87,      -5.124453225,      -5.712928988,      -5.578592567,      -4.571868517,             0.448,    0.001901175351,      0.1291203091,                 0,                 0,                 0,    -0.02472811088,  -0.0009160217755,      0.1291310559,                 0,       67.91604415
          0,           0,          88,      -5.147033281,      -5.737481339,      -5.603114255,      -4.593922645,             0.448,    0.001928330819,      0.1291997993,                 0,                 0,                 0,    -0.02470173329,  -0.0008906068409,      0.1292111196,                 0,       67.00084762
          0,           0,          89,      -5.170605536,      -5.760549838,      -5.629290456,      -4.617043609,             0.448,    0.001956453706,      0.1292676785,                 0,                 0,                 0,    -0.02468340948,  -0.0008639714227,      0.1292795961,                 0,       66.07244431
          0,           0,          90,      -5.194711631,      -5.782659321,      -5.656585394,      -4.640748194,             0.448,    0.001983914681,      0.1293214694,                 0,                 0,                 0,    -0.02467382375,  -0.0008376904244,      0.1293339733,                 0,       65.18499542
          0,           0,          91,      -5.219167947,      -5.804546052,       -5.68468443,      -4.664858222,             0.448,     0.00200954571,      0.1293587562,                 0,                 0,                 0,    -0.02467323579,  -0.0008128789015,      0.1293718103,                 0,        64.3721392
          0,           0,          92,      -5.243959087,      -5.826788504,      -5.712973719,      -4.689413591,             0.448,    0.002032428003,      0.1293760922,                 0,                 0,                 0,    -0.02468118077,  -0.0007903802376,      0.1293896414,                 0,       63.65592878
          0,           0,          93,      -5.268821251,      -5.849519327,      -5.740116422,      -4.714175159,             0.448,    0.002051799463,      0.1293783271,                 0,                 0,                 0,    -0.02469612623,  -0.0007710621427,      0.1293922984,                 0,       63.05602935
          0,           0,          94,      -5.293532458,      -5.873256661,      -5.765773045,      -4.738894299,             0.448,    0.002067182662,       0.129367191,                 0,                 0,                 0,    -0.02471687881,  -0.0007554396708,      0.1293815005,                 0,       62.58140289
          0,           0,          95,      -5.318003614,      -5.898271906,      -5.789776316,       -4.76348125,             0.448,     0.00207844176,      0.1293424362,                 0,                 0,                 0,    -0.02474251644,  -0.0007436432292,      0.1293569972,                 0,       62.23048378
          0,           0,          96,      -5.342047472,      -5.924317444,      -5.812273978,      -4.787759431,             0.448,    0.002085618377,      0.1293050107,                 0,                 0,                 0,    -0.02477202204,  -0.0007356518852,      0.1293197371,                 0,       61.99840396
          0,           0,          97,      -5.365572247,      -5.951046494,      -5.833734774,      -4.811643267,             0.448,    0.002088965162,      0.1292560402,                 0,                 0,                 0,    -0.02480440596,  -0.0007312376119,      0.1292708513,                 0,       61.87563227
          0,           0,          98,      -5.388629902,      -5.978380963,      -5.854341033,      -4.835177088,             0.448,    0.002088862728,      0.1291979596,                 0,                 0,                 0,    -0.02483844424,  -0.0007300730006,      0.1292127823,                 0,       61.85086166
          0,           0,          99,      -5.411324522,      -6.005917215,      -5.874482514,      -4.858413503,             0.448,    0.002085733167,      0.1291329949,                 0,                 0,                 0,    -0.02487294144,  -0.0007317846192,      0.1291477648,                 0,       61.91251928
          0,           0,         100,       -5.43373577,      -6.033399557,      -5.894662459,      -4.881388136,             0.448,    0.002080017477,      0.1290617897,                 0,                 0,                 0,    -0.02490712456,   -0.000735945616,      0.1290764518,                 0,       62.04841601
          0,           0,         101,      -5.455973421,      -6.060501246,      -5.915070233,      -4.904170433,             0.448,     0.00207226727,      0.1289860052,                 0,                 0,                 0,    -0.02494006892,  -0.0007420407486,      0.1290005163,                 0,        62.2439041
          0,           0,         102,      -5.478161143,      -6.086833316,      -5.936017945,      -4.926842874,             0.448,    0.002063065409,      0.1289081621,                 0,                 0,                 0,    -0.02497071838,   -0.000749542282,       0.128922491,                 0,       62.48379794
          0,           0,         103,      -5.500414295,      -6.112260902,      -5.957645316,      -4.949496163,             0.448,    0.002052886145,      0.1288302061,                 0,                 0,                 0,    -0.02499832861,  -0.0007580185219,      0.1288443315,                 0,       62.75565084
          0,           0,         104,      -5.522712244,      -6.136833206,      -5.980121311,      -4.972092676,             0.448,    0.002042189905,      0.1287534866,                 0,                 0,                 0,     -0.0250225362,  -0.0007670385896,      0.1287673969,                 0,        63.0467746
          0,           0,         105,      -5.545055624,      -6.160528404,      -6.003463616,      -4.994626561,             0.448,    0.002031427045,       0.128679211,                 0,                 0,                 0,    -0.02504312597,  -0.0007761785745,      0.1286929042,                 0,       63.34424431
          0,           0,         106,      -5.567396493,      -6.183354326,      -6.027523855,      -5.017043364,             0.448,    0.002021006985,      0.1286088312,                 0,                 0,                 0,    -0.02505981041,  -0.0007850608274,      0.1286223138,                 0,        63.6360152
          0,           0,         107,      -5.589626635,      -6.205474412,      -6.052128822,      -5.039229946,             0.448,    0.002011272726,      0.1285435145,                 0,                 0,                 0,    -0.02507250648,  -0.0007933678938,      0.1285568003,                 0,       63.91152869
          0,           0,         108,      -5.611701895,      -6.227210472,      -6.077008617,      -5.061167891,             0.448,      0.0020024716,      0.1284837961,                 0,                 0,                 0,     -0.0250814129,  -0.0008008641757,      0.1284969042,                 0,       64.16260592
          0,           0,         109,      -5.633526384,      -6.248821335,      -6.101780349,      -5.082791779,             0.448,    0.001994781248,      0.1284302745,                 0,                 0,                 0,    -0.02508676082,  -0.0008073851288,      0.1284432275,                 0,       64.38313705
          0,           0,         110,      -5.655060095,      -6.270452752,      -6.126170622,      -5.104090011,             0.448,    0.001988278846,      0.1283833375,                 0,                 0,                 0,    -0.02508888002,  -0.0008128620574,      0.1283961598,                 0,       64.57008669
          0,           0,         111,      -5.676257787,      -6.292237718,      -6.149928244,      -5.125046304,             0.448,    0.001982971589,      0.1283430063,                 0,                 0,                 0,    -0.02508818727,  -0.0008172882317,      0.1283557224,                 0,       64.72256436
          0,           0,         112,      -5.697104708,      -6.314296983,      -6.172842199,      -5.145674109,             0.448,     0.00197885749,      0.1283088931,                 0,                 0,                 0,    -0.02508522299,  -0.0008206571754,      0.1283215276,                 0,       64.83988549
          0,           0,         113,      -5.717657616,      -6.336735212,      -6.194953873,      -5.166058595,             0.448,    0.001975895168,      0.1282803564,                 0,                 0,                 0,    -0.02508060258,  -0.0008229962684,      0.1282929331,                 0,       64.92265302
          0,           0,         114,      -5.738022971,      -6.359673405,      -6.216410036,      -5.186326924,             0.448,    0.001974023003,      0.1282567602,                 0,                 0,                 0,    -0.02507491179,  -0.0008243532399,      0.1282693017,                 0,       64.97227237
          0,           0,         115,      -5.758267368,      -6.383195559,      -6.237198248,       -5.20654331,             0.448,    0.001973148819,      0.1282374843,                 0,                 0,                 0,    -0.02506865235,   -0.000824806714,      0.1282500113,                 0,       64.99128858
          0,           0,         116,      -5.778442963,       -6.40723575,      -6.257468844,       -5.22674638,             0.448,    0.001973134384,      0.1282217652,                 0,                 0,                 0,    -0.02506232732,  -0.0008244782345,      0.1282342956,                 0,       64.98379745
          0,           0,         117,      -5.798582872,      -6.431747413,      -6.277385394,      -5.246949651,             0.448,    0.001973844358,      0.1282088592,                 0,                 0,                 0,     -0.0250563562,  -0.0008234868877,      0.1282214082,                 0,       64.95388488
          0,           0,         118,      -5.818712152,      -6.456618095,      -6.297029737,      -5.267161115,             0.448,    0.001975149928,      0.1281981036,                 0,                 0,                 0,    -0.02505101831,  -0.0008219469958,      0.1282106836,                 0,       64.90550503
          0,           0,         119,      -5.838812485,      -6.481633064,      -6.316412096,      -5.287349006,             0.448,    0.001976909322,      0.1281887747,                 0,                 0,                 0,    -0.02504657819,  -0.0008199845116,      0.1282013953,                 0,       64.84302202
          0,           0,         120,      -5.858858513,      -6.506595667,      -6.335692221,      -5.307473711,             0.448,    0.001978967901,      0.1281800766,                 0,                 0,                 0,    -0.02504332063,  -0.0008177366739,      0.1281927441,                 0,       64.77117517
          0,           0,         121,      -5.878790714,       -6.53135042,      -6.355213612,      -5.327465527,             0.448,    0.001981211807,      0.1281712918,                 0,                 0,                 0,    -0.02504146377,  -0.0008153016633,      0.1281840104,                 0,       64.69338177
          0,           0,         122,      -5.898562603,      -6.555839532,       -6.37495734,      -5.347273657,             0.448,    0.001983523765,      0.1281621387,                 0,                 0,                 0,    -0.02504098171,  -0.0008127905825,      0.1281749099,                 0,       64.61336185
          0,           0,         123,      -5.918137122,      -6.580074652,       -6.39474311,      -5.366861912,             0.448,    0.001985788074,      0.1281523925,                 0,                 0,                 0,    -0.02504177202,  -0.0008103141981,      0.1281652154,                 0,       64.53477797
          0,           0,         124,      -5.937465027,      -6.603976608,      -6.414590044,      -5.386184779,             0.448,     0.00198791673,      0.1281416109,                 0,                 0,                 0,    -0.02504379809,  -0.0008079508505,      0.1281544829,                 0,       64.46025076
          0,           0,         125,      -5.956583975,      -6.627484781,      -6.434437713,      -5.405299428,             0.448,    0.001989833531,      0.1281295714,                 0,                 0,                 0,    -0.02504693976,  -0.0008057718639,       0.128142488,                 0,       64.39210584
          0,           0,         126,      -5.975550968,      -6.650609873,      -6.454287521,      -5.424282813,             0.448,    0.001991494789,      0.1281162875,                 0,                 0,                 0,    -0.02505100612,  -0.0008038212169,      0.1281292436,                 0,       64.33172121
          0,           0,         127,      -5.994442941,      -6.673407106,      -6.474116782,      -5.443222032,             0.448,     0.00199287598,      0.1281017317,                 0,                 0,                 0,    -0.02505582059,  -0.0008021228196,      0.1281147213,                 0,       64.27983124
          0,           0,         128,      -6.013321068,      -6.695939771,      -6.494029795,      -5.462181933,             0.448,    0.001993964811,      0.1280859738,                 0,                 0,                 0,    -0.02506117613,  -0.0008006904927,       0.128098991,                 0,       64.23682763
          0,           0,         129,      -6.032249371,      -6.718361881,      -6.514075119,      -5.481230029,             0.448,    0.001994758939,      0.1280691487,                 0,                 0,                 0,    -0.02506684531,  -0.0007995295155,      0.1280821872,                 0,       64.20281981
          0,           0,         130,      -6.051251287,      -6.740700094,      -6.534350266,      -5.500385183,             0.448,     0.00199526821,      0.1280514814,                 0,                 0,                 0,    -0.02507259328,   -0.000798634955,      0.1280645351,                 0,       64.17757811
          0,           0,         131,      -6.070369882,      -6.763069232,      -6.554779848,      -5.519690352,             0.448,    0.001995513159,      0.1280332429,                 0,                 0,                 0,    -0.02507820715,  -0.0007979921934,      0.1280463063,                 0,       64.16056056
          0,           0,         132,      -6.089640994,      -6.785484625,      -6.575192508,      -5.539174626,             0.448,    0.001995520687,       0.128014705,                 0,                 0,                 0,    -0.02508350853,  -0.0007975802646,       0.128027773,                 0,       64.15102876
          0,           0,         133,      -6.109053069,      -6.807928689,      -6.595472861,      -5.558817519,             0.448,    0.001995326974,      0.1279961693,                 0,                 0,                 0,    -0.02508834845,   -0.000797369578,      0.1280092375,                 0,       64.14796721
          0,           0,         134,      -6.128519869,      -6.830223775,      -6.615429815,       -5.57850798,             0.448,    0.001994969706,      0.1279778254,                 0,                 0,                 0,    -0.02509263802,  -0.0007973265903,      0.1279908902,                 0,       64.15026002
          0,           0,         135,      -6.147964505,      -6.852151715,      -6.635074487,      -5.598147086,             0.448,    0.001994485784,      0.1279599727,                 0,                 0,                 0,    -0.02509625782,   -0.000797420944,      0.1279730312,                 0,        64.1568738
          0,           0,         136,      -6.167344986,      -6.873543878,       -6.65428879,      -5.617683699,             0.448,    0.001993906936,      0.1279428901,                 0,                 0,                 0,    -0.02509913222,   -0.000797626998,        0.12795594,                 0,       64.16693165
          0,           0,         137,      -6.186494631,       -6.89415983,      -6.672981656,      -5.636938437,             0.448,    0.001993261394,      0.1279267088,                 0,                 0,                 0,    -0.02510127321,  -0.0007979193932,      0.1279397484,                 0,        64.1795949
          0,           0,         138,      -6.205327727,      -6.913858616,      -6.691404905,      -5.655834745,             0.448,    0.001992583184,      0.1279116497,                 0,                 0,                 0,     -0.0251026624,  -0.0007982689298,      0.1279246782,                 0,       64.19388196
          0,           0,         139,      -6.223744651,      -6.932486002,      -6.709474609,       -5.67426796,             0.448,    0.001991895656,      0.1278978931,                 0,                 0,                 0,    -0.02510329304,  -0.0007986561942,      0.1279109098,                 0,       64.20913297
          0,           0,         140,      -6.241691146,      -6.949926421,       -6.72716974,      -5.692178058,             0.448,    0.001991221238,      0.1278855537,                 0,                 0,                 0,    -0.02510320843,  -0.0007990612693,      0.1278985586,                 0,       64.22468343
          0,           0,         141,      -6.259120495,      -6.966236366,      -6.744404643,      -5.709520658,             0.448,     0.00199058436,      0.1278746122,                 0,                 0,                 0,    -0.02510249643,  -0.0007994593095,      0.1278876059,                 0,       64.23973522
          0,           0,         142,       -6.27601748,      -6.981579018,      -6.761206388,      -5.726288009,             0.448,    0.001989994959,       0.127865083,                 0,                 0,                 0,    -0.02510122218,  -0.0007998406907,      0.1278780661,                 0,        64.2539733
          0,           0,         143,      -6.292398201,      -6.996145255,      -6.777613485,       -5.74250699,             0.448,    0.001989466259,      0.1278569665,                 0,                 0,                 0,     -0.0250994592,  -0.0008001922049,        0.12786994,                 0,       64.26696905
          0,           0,         144,      -6.308313526,      -7.010213092,      -6.793744245,      -5.758245502,             0.448,    0.001989007503,      0.1278502234,                 0,                 0,                 0,    -0.02509730197,  -0.0008005037514,      0.1278631885,                 0,       64.27840175
          0,           0,         145,      -6.323848098,      -7.024112295,      -6.809512597,      -5.773603523,             0.448,    0.001988624188,      0.1278448053,                 0,                 0,                 0,    -0.02509483855,   -0.000800768782,      0.1278577633,                 0,       64.28806717
          0,           0,         146,      -6.339091139,      -7.038050591,      -6.824838106,      -5.788674649,             0.448,    0.001988321438,      0.1278406208,                 0,                 0,                 0,    -0.02509215478,  -0.0008009801728,      0.1278535732,                 0,       64.29575132
          0,           0,         147,      -6.354152455,      -7.052143023,       -6.83990885,      -5.803572027,             0.448,    0.001988100476,      0.1278375961,                 0,                 0,                 0,    -0.02508931864,  -0.0008011350993,      0.1278505444,                 0,       64.30137591
          0,           0,         148,      -6.369199234,      -7.066694306,      -6.854998587,      -5.818474176,             0.448,    0.001987958095,      0.1278355729,                 0,                 0,                 0,    -0.02508642162,  -0.0008012333113,      0.1278485186,                 0,       64.30496358
          0,           0,         149,      -6.384374777,      -7.081970525,      -6.870000677,      -5.833529131,             0.448,    0.001987888355,      0.1278344454,                 0,                 0,                 0,    -0.02508352622,  -0.0008012784392,      0.1278473899,                 0,       64.30665239
          0,           0,         150,      -6.399774317,       -7.09804067,      -6.884884193,      -5.848827353,             0.448,    0.001987880967,      0.1278341047,                 0,                 0,                 0,    -0.02508069207,  -0.0008012783909,       0.127847049,                 0,       64.30671994
          0,           0,         151,      -6.415502523,      -7.114924677,       -6.89966401,      -5.864474127,             0.448,    0.001987929135,      0.1278344108,                 0,                 0,                 0,    -0.02507798233,  -0.0008012369133,      0.1278473561,                 0,       64.30531579
          0,           0,         152,      -6.431674112,      -7.132565171,      -6.914390261,      -5.880577181,             0.448,    0.001988025594,      0.1278352655,                 0,                 0,                 0,    -0.02507543031,  -0.0008011591217,      0.1278482127,                 0,        64.3026256
          0,           0,         153,      -6.448333667,      -7.150969276,      -6.929194972,      -5.897170333,             0.448,    0.001988161041,      0.1278366299,                 0,                 0,                 0,    -0.02507305803,   -0.000801053472,      0.1278495797,                 0,       64.29893116
          0,           0,         154,      -6.465461519,      -7.170083272,      -6.944215127,      -5.914234503,             0.448,    0.001988323499,      0.1278383317,                 0,                 0,                 0,    -0.02507091531,  -0.0008009281777,      0.1278512847,                 0,       64.29453345
          0,           0,         155,      -6.483055566,      -7.189821495,      -6.959614705,      -5.931766701,             0.448,    0.001988502949,      0.1278402305,                 0,                 0,                 0,    -0.02506902891,  -0.0008007901932,       0.127853187,                 0,       64.28968618
          0,           0,         156,      -6.501113153,      -7.210174979,      -6.975455641,      -5.949759552,             0.448,    0.001988692695,      0.1278422584,                 0,                 0,                 0,    -0.02506739427,  -0.0008006447289,      0.1278552185,                 0,       64.28457182
          0,           0,         157,      -6.519600122,      -7.231120488,      -6.991964454,      -5.968179627,             0.448,    0.001988884847,      0.1278444073,                 0,                 0,                 0,    -0.02506599493,  -0.0008004995008,      0.1278573711,                 0,       64.27944155
          0,           0,         158,      -6.538466003,      -7.252633135,      -7.009102071,      -5.986980659,             0.448,    0.001989074348,      0.1278466031,                 0,                 0,                 0,    -0.02506482958,  -0.0008003579458,      0.1278595705,                 0,       64.27442151
          0,           0,         159,      -6.557650255,      -7.274664736,      -7.026886499,      -6.006099642,             0.448,    0.001989252489,      0.1278488108,                 0,                 0,                 0,    -0.02506388007,  -0.0008002280082,      0.1278617816,                 0,       64.26977544
          0,           0,         160,      -6.577083495,      -7.297107894,      -7.045368381,      -6.025464922,             0.448,    0.001989412238,      0.1278509811,                 0,                 0,                 0,    -0.02506314025,  -0.0008001156435,      0.1278639549,                 0,       64.26570557
          0,           0,         161,      -6.596744489,      -7.319778824,      -7.064393907,      -6.045059557,             0.448,    0.001989554061,      0.1278530519,                 0,                 0,                 0,    -0.02506260494,  -0.0008000190283,      0.1278660282,                 0,        64.2621653
          0,           0,         162,      -6.616581289,      -7.342467207,      -7.084026168,      -6.064830863,             0.448,    0.001989676615,      0.1278549641,                 0,                 0,                 0,    -0.02506226582,  -0.0007999382159,      0.1278679426,                 0,       64.25916809
          0,           0,         163,       -6.63655128,      -7.365124379,      -7.104255591,       -6.08474568,             0.448,    0.001989774309,      0.1278567109,                 0,                 0,                 0,    -0.02506209566,  -0.0007998786534,      0.1278696912,                 0,       64.25689102
          0,           0,         164,       -6.65656956,      -7.387776877,      -7.124842446,      -6.104721885,             0.448,    0.001989846974,      0.1278582986,                 0,                 0,                 0,    -0.02506206501,  -0.0007998406395,        0.12787128,                 0,       64.25534236
          0,           0,         165,      -6.676584151,      -7.410334374,      -7.145672249,      -6.124706517,             0.448,    0.001989896645,      0.1278597058,                 0,                 0,                 0,    -0.02506215897,  -0.0007998216795,       0.127872688,                 0,       64.25444565
          0,           0,         166,      -6.696538101,      -7.432617207,      -7.166817828,      -6.144643455,             0.448,     0.00198992347,      0.1278609358,                 0,                 0,                 0,    -0.02506235577,  -0.0007998216941,      0.1278739184,                 0,       64.25419761
          0,           0,         167,      -6.716362661,      -7.454527365,      -7.188277765,      -6.164465796,             0.448,    0.001989928375,      0.1278619886,                 0,                 0,                 0,    -0.02506263723,  -0.0007998397557,       0.127874971,                 0,       64.25456826
          0,           0,         168,      -6.736037027,      -7.475982126,      -7.209963364,      -6.184158055,             0.448,    0.001989912843,      0.1278628647,                 0,                 0,                 0,    -0.02506298511,  -0.0007998743963,      0.1278758466,                 0,       64.25551006
          0,           0,         169,      -6.755517555,       -7.49687532,      -7.231872472,      -6.203673939,             0.448,    0.001989878655,      0.1278635936,                 0,                 0,                 0,    -0.02506337377,  -0.0007999244778,      0.1278765745,                 0,       64.25698036
          0,           0,         170,      -6.774800143,      -7.517127505,      -7.253999147,      -6.223012172,             0.448,    0.001989829561,       0.127864171,                 0,                 0,                 0,    -0.02506379157,  -0.0007999861542,      0.1278771507,                 0,       64.25885587
          0,           0,         171,      -6.793846815,      -7.536754451,      -7.276354699,      -6.242132948,             0.448,     0.00198976912,      0.1278645955,                 0,                 0,                 0,    -0.02506422982,  -0.0008000558432,      0.1278775738,                 0,       64.26102118
          0,           0,         172,      -6.812634425,      -7.555791963,      -7.298961778,       -6.26101174,             0.448,    0.001989700953,      0.1278648701,                 0,                 0,                 0,    -0.02506468049,   -0.000800129984,      0.1278778468,                 0,       64.26336076
          0,           0,         173,       -6.83114893,      -7.574298403,      -7.321811105,      -6.279631726,             0.448,     0.00198962785,      0.1278650027,                 0,                 0,                 0,    -0.02506513454,  -0.0008002059613,      0.1278779778,                 0,       64.26578855
          0,           0,         174,      -6.849387914,      -7.592363487,       -7.34493326,      -6.297987266,             0.448,    0.001989552291,      0.1278650049,                 0,                 0,                 0,     -0.0250655837,  -0.0008002815509,      0.1278779784,                 0,       64.26823034
          0,           0,         175,      -6.867357724,       -7.61011903,      -7.368358868,      -6.316083226,             0.448,    0.001989476991,      0.1278648862,                 0,                 0,                 0,    -0.02506602308,  -0.0008003542439,      0.1278778581,                 0,       64.27060319
          0,           0,         176,      -6.885055418,      -7.627745719,      -7.392087083,       -6.33391494,             0.448,     0.00198940447,      0.1278646544,                 0,                 0,                 0,    -0.02506644971,   -0.000800421691,      0.1278776248,                 0,       64.27282957
          0,           0,         177,      -6.902497785,      -7.645352377,      -7.415802659,      -6.351492688,             0.448,    0.001989336758,      0.1278643175,                 0,                 0,                 0,    -0.02506686067,  -0.0008004820367,      0.1278772864,                 0,       64.27484789
          0,           0,         178,      -6.919701052,      -7.663050103,      -7.439612006,      -6.368825181,             0.448,     0.00198927589,      0.1278638815,                 0,                 0,                 0,    -0.02506725482,  -0.0008005333775,      0.1278768491,                 0,       64.27659536
          0,           0,         179,      -6.936688176,      -7.680939153,      -7.463505406,      -6.385934695,             0.448,    0.001989222866,      0.1278633589,                 0,                 0,                 0,    -0.02506762883,  -0.0008005749895,      0.1278763255,                 0,         64.278046
          0,           0,         180,      -6.953464453,      -7.699171679,      -7.487319796,      -6.402823361,             0.448,    0.001989178749,       0.127862756,                 0,                 0,                 0,    -0.02506798224,  -0.0008006059438,      0.1278757218,                 0,        64.2791685
          0,           0,         181,      -6.970052478,      -7.717842692,      -7.510745956,      -6.419511874,             0.448,    0.001989143924,      0.1278620768,                 0,                 0,                 0,    -0.02506831649,  -0.0008006259432,       0.127875042,                 0,        64.2799524
          0,           0,         182,      -6.986474003,      -7.736985445,      -7.533531258,      -6.436018885,             0.448,    0.001989118142,      0.1278613336,                 0,                 0,                 0,    -0.02506863028,  -0.0008006355063,      0.1278742984,                 0,       64.28041194
          0,           0,         183,      -7.002755217,      -7.756640542,      -7.555522802,      -6.452371335,             0.448,    0.001989101266,      0.1278605371,                 0,                 0,                 0,    -0.02506892187,   -0.000800635003,      0.1278735017,                 0,       64.28055688
          0,           0,         184,      -7.018923145,      -7.776859287,      -7.576527687,      -6.468597805,             0.448,    0.001989092372,      0.1278597007,                 0,                 0,                 0,    -0.02506919017,  -0.0008006256497,      0.1278726654,                 0,       64.28042383
          0,           0,         185,      -7.034978867,      -7.797656067,      -7.596313344,      -6.484697281,             0.448,    0.001989090885,      0.1278588234,                 0,                 0,                 0,    -0.02506943767,  -0.0008006079981,      0.1278717883,                 0,       64.28003083
          0,           0,         186,      -7.050929886,      -7.819011453,      -7.614701401,      -6.500679215,             0.448,    0.001989095945,      0.1278579123,                 0,                 0,                 0,    -0.02506966447,  -0.0008005830627,      0.1278708775,                 0,       64.27940923
          0,           0,         187,       -7.06679121,      -7.840878531,      -7.631637338,      -6.516558957,             0.448,    0.001989106127,      0.1278569755,                 0,                 0,                 0,    -0.02506987086,  -0.0008005524469,      0.1278699411,                 0,       64.27860923
          0,           0,         188,      -7.082577372,      -7.863159039,      -7.647141435,      -6.532351972,             0.448,     0.00198911999,      0.1278560232,                 0,                 0,                 0,    -0.02507005634,  -0.0008005178128,      0.1278689893,                 0,       64.27768249
          0,           0,         189,      -7.098302707,      -7.885780907,      -7.661343219,      -6.548075315,             0.448,    0.001989136301,      0.1278550691,                 0,                 0,                 0,    -0.02507021954,  -0.0008004806932,      0.1278680359,                 0,       64.27667578
          0,           0,         190,      -7.113963465,      -7.908703219,       -7.67437227,      -6.563726945,             0.448,    0.001989153817,      0.1278541263,                 0,                 0,                 0,    -0.02507035965,  -0.0008004426136,      0.1278670936,                 0,       64.27563579
          0,           0,         191,       -7.12959039,      -7.931878832,      -7.686362325,      -6.579340834,             0.448,    0.001989171524,      0.1278532002,                 0,                 0,                 0,    -0.02507047787,  -0.0008004047093,      0.1278661682,                 0,       64.27459808
          0,           0,         192,      -7.145189792,       -7.95519052,      -7.697512668,      -6.594920826,             0.448,     0.00198918857,      0.1278522905,                 0,                 0,                 0,     -0.0250705763,  -0.0008003678209,       0.127865259,                 0,       64.27358994
          0,           0,         193,      -7.160766003,      -7.978523364,       -7.70807457,      -6.610472056,             0.448,    0.001989203884,      0.1278514086,                 0,                 0,                 0,    -0.02507065393,  -0.0008003332739,      0.1278643777,                 0,       64.27265183
          0,           0,         194,      -7.176319196,      -8.001739112,      -7.718195793,      -6.625997009,             0.448,    0.001989216649,      0.1278505632,                 0,                 0,                 0,     -0.0250707105,  -0.0008003020681,      0.1278635327,                 0,       64.27181436
          0,           0,         195,        -7.1918562,        -8.0246855,      -7.728057827,      -6.641500949,             0.448,    0.001989226402,      0.1278497572,                 0,                 0,                 0,    -0.02507074728,  -0.0008002747342,      0.1278627271,                 0,       64.27109404
          0,           0,         196,       -7.20742248,       -8.04721217,      -7.737919138,      -6.657026614,             0.448,    0.001989232683,      0.1278489965,                 0,                 0,                 0,    -0.02507076478,  -0.0008002518616,      0.1278619668,                 0,       64.27050874
          0,           0,         197,      -7.223038245,      -8.069265319,      -7.747986391,      -6.672593235,             0.448,    0.001989235344,       0.127848286,                 0,                 0,                 0,    -0.02507076383,  -0.0008002337013,      0.1278612565,                 0,       64.27006557
          0,           0,         198,      -7.238714793,      -8.090831945,      -7.758373097,      -6.688215276,             0.448,    0.001989234399,      0.1278476295,                 0,                 0,                 0,    -0.02507074551,  -0.0008002203237,      0.1278606001,                 0,       64.26976606
          0,           0,         199,       -7.25447389,      -8.111877889,      -7.769156795,      -6.703915869,             0.448,    0.001989229909,      0.1278470302,                 0,                 0,                 0,    -0.02507071091,  -0.0008002117395,      0.1278600009,                 0,       64.26960987
          0,           0,         200,      -7.270341122,      -8.132366124,      -7.780415662,      -6.719719636,             0.448,    0.001989222138,      0.1278464908,                 0,                 0,                 0,    -0.02507066113,  -0.0008002077412,      0.1278594614,                 0,       64.26958977
          0,           0,         201,      -7.286338108,      -8.152272421,      -7.792211795,      -6.735647908,             0.448,    0.001989211457,      0.1278460127,                 0,                 0,                 0,    -0.02507059746,  -0.0008002079901,      0.1278589832,                 0,       64.26969452
          0,           0,         202,      -7.302472746,       -8.17158148,      -7.804605558,      -6.751708749,             0.448,    0.001989198292,       0.127845597,                 0,                 0,                 0,    -0.02507052136,  -0.0008002120829,      0.1278585673,                 0,       64.26991088
          0,           0,         203,      -7.318750145,      -8.190268859,      -7.817590014,      -6.767908793,             0.448,    0.001989183194,      0.1278452441,                 0,                 0,                 0,    -0.02507043422,  -0.0008002194808,      0.1278582142,                 0,       64.27022133
          0,           0,         204,      -7.335172483,      -8.208302116,      -7.831117572,      -6.784251016,             0.448,    0.001989166668,      0.1278449548,                 0,                 0,                 0,    -0.02507033755,  -0.0008002296904,      0.1278579246,                 0,       64.27060981
          0,           0,         205,      -7.351722209,      -8.225640793,      -7.845156602,      -6.800715654,             0.448,    0.001989149186,      0.1278447294,                 0,                 0,                 0,    -0.02507023279,  -0.0008002422516,      0.1278576989,                 0,       64.27106136
          0,           0,         206,      -7.368415664,      -8.242288283,      -7.859717117,      -6.817326507,             0.448,    0.001989131412,      0.1278445629,                 0,                 0,                 0,    -0.02507012245,  -0.0008002563887,       0.127857532,                 0,       64.27155194
          0,           0,         207,      -7.385258778,      -8.258269859,      -7.874785003,       -6.83408923,             0.448,      0.0019891139,      0.1278444518,                 0,                 0,                 0,    -0.02507000818,   -0.000800271474,      0.1278574206,                 0,       64.27206195
          0,           0,         208,      -7.402248001,      -8.273627954,      -7.890353465,      -6.850999347,             0.448,    0.001989097136,      0.1278443939,                 0,                 0,                 0,    -0.02506989139,  -0.0008002869691,      0.1278573623,                 0,       64.27257448
          0,           0,         209,      -7.419374296,      -8.288422196,      -7.906398063,      -6.868051199,             0.448,    0.001989081605,      0.1278443854,                 0,                 0,                 0,    -0.02506977372,  -0.0008003023131,      0.1278573535,                 0,       64.27307211
          0,           0,         210,      -7.436624843,       -8.30273119,      -7.922879089,      -6.885234509,             0.448,    0.001989067726,       0.127844423,                 0,                 0,                 0,    -0.02506965667,  -0.0008003170077,      0.1278573907,                 0,       64.27353946
          0,           0,         211,      -7.453983461,      -8.316646257,      -7.939810804,      -6.902535012,             0.448,    0.001989055855,      0.1278445021,                 0,                 0,                 0,    -0.02506954165,  -0.0008003306017,      0.1278574696,                 0,       64.27396283
          0,           0,         212,      -7.471437607,      -8.330268279,      -7.957114063,      -6.919941155,             0.448,    0.001989046217,      0.1278446191,                 0,                 0,                 0,    -0.02506942952,  -0.0008003427898,      0.1278575863,                 0,       64.27433309
          0,           0,         213,      -7.488975692,      -8.343699461,      -7.974781719,      -6.937440914,             0.448,    0.001989038948,      0.1278447708,                 0,                 0,                 0,    -0.02506932085,  -0.0008003533677,      0.1278577379,                 0,       64.27464428
          0,           0,         214,      -7.506586436,      -8.357022287,       -7.99284352,      -6.955024637,             0.448,    0.001989034169,      0.1278449535,                 0,                 0,                 0,    -0.02506921639,  -0.0008003621293,      0.1278579204,                 0,       64.27489053
          0,           0,         215,      -7.524254193,      -8.370321608,      -8.011312278,      -6.972677996,             0.448,    0.001989031914,      0.1278451635,                 0,                 0,                 0,    -0.02506911656,  -0.0008003689665,      0.1278581304,                 0,       64.27506901
          0,           0,         216,      -7.541963023,      -8.383662064,      -8.030171884,      -6.990385601,             0.448,    0.001989032167,       0.127845397,                 0,                 0,                 0,    -0.02506902182,  -0.0008003738053,      0.1278583637,                 0,       64.27517818
          0,           0,         217,      -7.559690186,      -8.397096837,      -8.049407332,      -7.008124293,             0.448,    0.001989034842,      0.1278456502,                 0,                 0,                 0,    -0.02506893236,  -0.0008003766543,      0.1278586169,                 0,       64.27521903
          0,           0,         218,       -7.57742245,      -8.410678689,      -8.069003272,      -7.025882297,             0.448,    0.001989039763,      0.1278459219,                 0,                 0,                 0,    -0.02506884786,  -0.0008003776625,      0.1278588887,                 0,       64.27519663
          0,           0,         219,      -7.595149959,      -8.424459684,      -8.088912678,      -7.043651797,             0.448,    0.001989046768,      0.1278462081,                 0,                 0,                 0,    -0.02506876849,  -0.0008003769025,      0.1278591749,                 0,       64.27511416
          0,           0,         220,      -7.612835488,      -8.438509572,      -8.109117196,      -7.061393685,             0.448,    0.001989055633,      0.1278465052,                 0,                 0,                 0,    -0.02506869413,  -0.0008003745209,      0.1278594722,                 0,       64.27497706
          0,           0,         221,      -7.630461002,      -8.452876835,      -8.129628837,      -7.079089432,             0.448,    0.001989066092,       0.127846811,                 0,                 0,                 0,    -0.02506862439,  -0.0008003707374,      0.1278597782,                 0,       64.27479287
          0,           0,         222,      -7.648008889,      -8.467572815,      -8.150440635,      -7.096720811,             0.448,    0.001989077889,      0.1278471236,                 0,                 0,                 0,    -0.02506855896,    -0.00080036576,      0.1278600909,                 0,       64.27456876
          0,           0,         223,      -7.665458851,      -8.482587764,      -8.171520023,      -7.114267311,             0.448,     0.00198909076,      0.1278474408,                 0,                 0,                 0,    -0.02506849749,  -0.0008003598134,      0.1278604084,                 0,       64.27431236
          0,           0,         224,      -7.682788096,       -8.49791442,      -8.192822582,      -7.131705288,             0.448,    0.001989104434,      0.1278477614,                 0,                 0,                 0,    -0.02506843953,  -0.0008003531366,      0.1278607292,                 0,        64.2740317
          0,           0,         225,      -7.699971587,      -8.513550794,      -8.214300706,      -7.149007979,             0.448,    0.001989118659,      0.1278480838,                 0,                 0,                 0,    -0.02506838473,   -0.000800345947,      0.1278610518,                 0,        64.2737341
          0,           0,         226,      -7.716977319,      -8.529483238,      -8.235905826,      -7.166140042,             0.448,    0.001989133183,      0.1278484067,                 0,                 0,                 0,    -0.02506833267,  -0.0008003384706,       0.127861375,                 0,       64.27342713
          0,           0,         227,      -7.733784402,      -8.545697471,      -8.257570812,      -7.183079697,             0.448,    0.001989147758,      0.1278487294,                 0,                 0,                 0,    -0.02506828284,  -0.0008003309395,      0.1278616979,                 0,       64.27311843
          0,           0,         228,      -7.750380057,      -8.562185316,      -8.279204184,      -7.199813328,             0.448,    0.001989162169,      0.1278490511,                 0,                 0,                 0,    -0.02506823487,  -0.0008003235504,      0.1278620199,                 0,       64.27281453
          0,           0,         229,        -7.7667485,      -8.578925197,      -8.300718456,      -7.216322361,             0.448,    0.001989176231,      0.1278493709,                 0,                 0,                 0,     -0.0250681885,  -0.0008003164664,      0.1278623398,                 0,        64.2725209
          0,           0,         230,      -7.782876226,      -8.595884879,       -8.32202026,      -7.232590836,             0.448,    0.001989189782,      0.1278496877,                 0,                 0,                 0,    -0.02506814349,  -0.0008003098317,      0.1278626569,                 0,       64.27224236
          0,           0,         231,      -7.798751819,      -8.613026282,      -8.343002664,      -7.248604518,             0.448,    0.001989202685,       0.127850001,                 0,                 0,                 0,    -0.02506809967,  -0.0008003037652,      0.1278629704,                 0,       64.27198293
          0,           0,         232,      -7.814367123,      -8.630308528,      -8.363544173,      -7.264352147,             0.448,     0.00198921484,      0.1278503101,                 0,                 0,                 0,    -0.02506805694,  -0.0008002983549,      0.1278632797,                 0,       64.27174556
          0,           0,         233,      -7.829707722,      -8.647705354,      -8.383516164,      -7.279815521,             0.448,    0.001989226181,      0.1278506141,                 0,                 0,                 0,    -0.02506801528,    -0.00080029365,      0.1278635839,                 0,         64.271532
          0,           0,         234,      -7.844752973,      -8.665194738,      -8.402802813,      -7.294970281,             0.448,    0.001989236676,      0.1278509124,                 0,                 0,                 0,    -0.02506797479,  -0.0008002896635,      0.1278638823,                 0,       64.27134283
          0,           0,         235,       -7.85953905,      -8.682724599,      -8.421259853,      -7.309853363,             0.448,    0.001989246318,      0.1278512041,                 0,                 0,                 0,    -0.02506793561,  -0.0008002863878,      0.1278641742,                 0,       64.27117796
          0,           0,         236,      -7.874081287,      -8.700281742,      -8.438821018,      -7.324475527,             0.448,    0.001989255105,      0.1278514892,                 0,                 0,                 0,    -0.02506789778,  -0.0008002838233,      0.1278644594,                 0,        64.2710374
          0,           0,         237,      -7.888397394,      -8.717905695,       -8.45538333,      -7.338854286,             0.448,    0.001989263081,      0.1278517673,                 0,                 0,                 0,    -0.02506786153,  -0.0008002819154,      0.1278647376,                 0,       64.27091949
          0,           0,         238,      -7.902489951,      -8.735574735,       -8.47086344,      -7.352989095,             0.448,    0.001989270283,      0.1278520376,                 0,                 0,                 0,    -0.02506782711,  -0.0008002806118,       0.127865008,                 0,       64.27082268
          0,           0,         239,      -7.916395649,      -8.753262294,      -8.485339416,      -7.366915129,             0.448,    0.001989276731,      0.1278523003,                 0,                 0,                 0,    -0.02506779454,   -0.000800279896,      0.1278652708,                 0,       64.27074642
          0,           0,         240,      -7.930147127,      -8.770988457,      -8.498884587,      -7.380666085,             0.448,    0.001989282481,      0.1278525549,                 0,                 0,                 0,    -0.02506776406,  -0.0008002797012,      0.1278655254,                 0,       64.27068862
          0,           0,         241,       -7.94376777,      -8.788761346,      -8.511519339,      -7.394265745,             0.448,    0.001989287587,      0.1278528017,                 0,                 0,                 0,    -0.02506773579,  -0.0008002799797,      0.1278657723,                 0,        64.2706477
          0,           0,         242,      -7.957267077,      -8.806545866,      -8.523286792,       -7.40772167,             0.448,    0.001989292102,      0.1278530405,                 0,                 0,                 0,    -0.02506770989,  -0.0008002806753,      0.1278660111,                 0,       64.27062188
          0,           0,         243,      -7.970705069,      -8.824360898,      -8.534319072,      -7.421098884,             0.448,    0.001989296117,      0.1278532691,                 0,                 0,                 0,    -0.02506768689,  -0.0008002816492,      0.1278662398,                 0,        64.2706071
          0,           0,         244,      -7.984125562,      -8.842166112,      -8.544732633,      -7.434443379,             0.448,    0.001989299667,      0.1278534873,                 0,                 0,                 0,    -0.02506766688,  -0.0008002828594,       0.127866458,                 0,       64.27060208
          0,           0,         245,      -7.997552984,      -8.859881028,      -8.554608946,      -7.447783381,             0.448,    0.001989302797,      0.1278536948,                 0,                 0,                 0,    -0.02506764993,  -0.0008002842562,      0.1278666655,                 0,       64.27060525
          0,           0,         246,      -8.011011223,      -8.877463746,      -8.564047966,      -7.461144552,             0.448,    0.001989305555,      0.1278538911,                 0,                 0,                 0,    -0.02506763618,  -0.0008002857807,      0.1278668618,                 0,       64.27061481
          0,           0,         247,      -8.024526406,      -8.894912628,      -8.573195598,      -7.474553541,             0.448,    0.001989307976,       0.127854076,                 0,                 0,                 0,    -0.02506762563,  -0.0008002873945,      0.1278670467,                 0,       64.27062956
          0,           0,         248,      -8.038120498,      -8.912196546,      -8.582203976,      -7.488033936,             0.448,    0.001989310086,      0.1278542493,                 0,                 0,                 0,    -0.02506761827,  -0.0008002890648,        0.12786722,                 0,       64.27064848
          0,           0,         249,       -8.05181066,      -8.929229025,      -8.591193694,      -7.501605514,             0.448,    0.001989311903,      0.1278544111,                 0,                 0,                 0,      -0.025067614,  -0.0008002907778,      0.1278673818,                 0,       64.27067111
          0,           0,         250,      -8.065613124,      -8.945925078,       -8.60024724,      -7.515287769,             0.448,    0.001989313457,       0.127854561,                 0,                 0,                 0,    -0.02506761278,  -0.0008002924943,      0.1278675317,                 0,       64.27069626
          0,           0,         251,       -8.07954524,      -8.962208954,       -8.60944602,      -7.529100021,             0.448,     0.00198931476,      0.1278546988,                 0,                 0,                 0,     -0.0250676145,  -0.0008002941982,      0.1278676695,                 0,       64.27072345
          0,           0,         252,      -8.093621223,       -8.97802994,      -8.618873945,      -7.543058095,             0.448,    0.001989315819,      0.1278548246,                 0,                 0,                 0,    -0.02506761896,  -0.0008002958826,      0.1278677953,                 0,       64.27075244
          0,           0,         253,      -8.107848998,      -8.993371578,       -8.62860665,      -7.557172007,             0.448,    0.001989316651,      0.1278549384,                 0,                 0,                 0,    -0.02506762601,  -0.0008002975341,      0.1278679091,                 0,       64.27078278
          0,           0,         254,      -8.122233543,      -9.008248359,      -8.638709453,      -7.571448448,             0.448,    0.001989317264,      0.1278550404,                 0,                 0,                 0,    -0.02506763545,  -0.0008002991465,      0.1278680111,                 0,       64.27081426
          0,           0,         255,      -8.136778663,      -9.022680286,       -8.64923475,      -7.585892679,             0.448,    0.001989317662,      0.1278551307,                 0,                 0,                 0,    -0.02506764703,  -0.0008003007198,      0.1278681014,                 0,       64.27084682
          0,           0,         256,      -8.151485981,      -9.036684586,       -8.66021965,      -7.600507859,             0.448,    0.001989317851,      0.1278552097,                 0,                 0,                 0,    -0.02506766052,  -0.0008003022542,      0.1278681804,                 0,       64.27088043
          0,           0,         257,      -8.166354561,      -9.050284552,       -8.67168726,      -7.615294616,             0.448,    0.001989317836,      0.1278552777,                 0,                 0,                 0,    -0.02506767565,  -0.0008003037521,      0.1278682484,                 0,       64.27091508
          0,           0,         258,      -8.181381088,      -9.063515817,      -8.683651473,      -7.630250978,             0.448,    0.001989317622,      0.1278553351,                 0,                 0,                 0,    -0.02506769218,  -0.0008003052172,      0.1278683057,                 0,       64.27095083
          0,           0,         259,      -8.196560004,      -9.076427518,      -8.696121566,      -7.645372386,             0.448,    0.001989317216,      0.1278553822,                 0,                 0,                 0,    -0.02506770983,  -0.0008003066519,      0.1278683528,                 0,       64.27098765
          0,           0,         260,      -8.211883567,       -9.08907997,      -8.709104012,       -7.66065179,             0.448,    0.001989316619,        0.12785542,                 0,                 0,                 0,     -0.0250677283,  -0.0008003080722,      0.1278683906,                 0,       64.27102591
          0,           0,         261,      -8.227322417,      -9.101542611,      -8.722618818,      -7.676057229,             0.448,    0.001989315844,       0.127855449,                 0,                 0,                 0,    -0.02506774735,  -0.0008003094791,      0.1278684195,                 0,       64.27106551
          0,           0,         262,      -8.242895587,      -9.113883565,      -8.736699436,      -7.691612521,             0.448,    0.001989314909,      0.1278554692,                 0,                 0,                 0,    -0.02506776681,  -0.0008003108564,      0.1278684398,                 0,       64.27110592
          0,           0,         263,      -8.258592448,      -9.126155998,      -8.751317447,      -7.707305844,             0.448,    0.001989313822,      0.1278554813,                 0,                 0,                 0,    -0.02506778648,  -0.0008003122069,      0.1278684518,                 0,       64.27114712
          0,           0,         264,      -8.274393364,      -9.138411425,      -8.766437766,      -7.723117897,             0.448,    0.001989312598,      0.1278554858,                 0,                 0,                 0,    -0.02506780616,  -0.0008003135291,      0.1278684563,                 0,       64.27118893
          0,           0,         265,      -8.290277125,      -9.150711415,      -8.782044382,      -7.739027155,             0.448,    0.001989311254,      0.1278554833,                 0,                 0,                 0,    -0.02506782568,  -0.0008003148168,      0.1278684537,                 0,       64.27123107
          0,           0,         266,      -8.306224877,      -9.163112245,       -8.79813641,      -7.755013687,             0.448,    0.001989309806,      0.1278554742,                 0,                 0,                 0,     -0.0250678449,  -0.0008003160671,      0.1278684446,                 0,       64.27127331
          0,           0,         267,      -8.322218368,      -9.175644637,      -8.814710112,      -7.771058351,             0.448,    0.001989308269,      0.1278554592,                 0,                 0,                 0,    -0.02506786368,  -0.0008003172761,      0.1278684296,                 0,       64.27131541
          0,           0,         268,      -8.338238268,      -9.188322394,      -8.831749023,      -7.787141153,             0.448,     0.00198930666,      0.1278554388,                 0,                 0,                 0,    -0.02506788193,  -0.0008003184393,      0.1278684091,                 0,       64.27135713
          0,           0,         269,      -8.354264176,      -9.201153592,       -8.84922805,      -7.803240833,             0.448,    0.001989304994,      0.1278554135,                 0,                 0,                 0,    -0.02506789955,   -0.000800319553,      0.1278683838,                 0,       64.27139824
          0,           0,         270,      -8.370275187,      -9.214140379,      -8.867121268,      -7.819335252,             0.448,    0.001989303286,      0.1278553838,                 0,                 0,                 0,    -0.02506791648,  -0.0008003206135,      0.1278683541,                 0,       64.27143851
          0,           0,         271,      -8.386250447,       -9.22727822,      -8.885404642,      -7.835402028,             0.448,    0.001989301552,      0.1278553503,                 0,                 0,                 0,    -0.02506793265,  -0.0008003216163,      0.1278683206,                 0,        64.2714777
          0,           0,         272,      -8.402169651,      -9.240558184,      -8.904053778,      -7.851419216,             0.448,    0.001989299804,      0.1278553134,                 0,                 0,                 0,    -0.02506794806,  -0.0008003225574,      0.1278682836,                 0,       64.27151558
          0,           0,         273,       -8.41801349,      -9.253969507,       -8.92304071,      -7.867365879,             0.448,    0.001989298056,      0.1278552734,                 0,                 0,                 0,    -0.02506796268,  -0.0008003234335,      0.1278682436,                 0,       64.27155197
          0,           0,         274,      -8.433763977,      -9.267501549,      -8.942332009,      -7.883222449,             0.448,    0.001989296319,      0.1278552309,                 0,                 0,                 0,    -0.02506797651,  -0.0008003242422,      0.1278682011,                 0,       64.27158671
          0,           0,         275,      -8.449404614,       -9.28114506,      -8.961887915,      -7.898970891,             0.448,    0.001989294603,      0.1278551861,                 0,                 0,                 0,    -0.02506798958,  -0.0008003249818,      0.1278681563,                 0,       64.27161967
          0,           0,         276,      -8.464920501,      -9.294892989,       -8.98166156,      -7.914594815,             0.448,    0.001989292915,      0.1278551395,                 0,                 0,                 0,    -0.02506800191,  -0.0008003256512,      0.1278681096,                 0,       64.27165074
          0,           0,         277,      -8.480298462,      -9.308741087,      -9.001598018,      -7.930079635,             0.448,     0.00198929126,      0.1278550914,                 0,                 0,                 0,    -0.02506801351,  -0.0008003262575,      0.1278680615,                 0,       64.27168006
          0,           0,         278,      -8.495547294,      -9.322686688,      -9.021650032,      -7.945436098,             0.448,    0.001989289643,      0.1278550423,                 0,                 0,                 0,     -0.0250680244,  -0.0008003268022,      0.1278680124,                 0,        64.2717076
          0,           0,         279,      -8.510638933,      -9.336696849,       -9.04170347,      -7.960631048,             0.448,    0.001989288073,      0.1278549921,                 0,                 0,                 0,    -0.02506803469,  -0.0008003272777,      0.1278679622,                 0,       64.27173311
          0,           0,         280,      -8.525559721,      -9.350770793,       -9.06165071,      -7.975651318,             0.448,    0.001989286551,      0.1278549411,                 0,                 0,                 0,    -0.02506804442,  -0.0008003276876,      0.1278679112,                 0,       64.27175667
          0,           0,         281,      -8.540306697,      -9.364959606,      -9.081420273,      -7.990492133,             0.448,    0.001989285079,      0.1278548896,                 0,                 0,                 0,    -0.02506805365,  -0.0008003280337,      0.1278678596,                 0,       64.27177829
          0,           0,         282,      -8.554877064,      -9.379308451,      -9.100954415,      -8.005148606,             0.448,    0.001989283661,      0.1278548376,                 0,                 0,                 0,    -0.02506806244,  -0.0008003283178,      0.1278678076,                 0,       64.27179798
          0,           0,         283,      -8.569269736,      -9.393834919,      -9.120165651,      -8.019619359,             0.448,    0.001989282295,      0.1278547854,                 0,                 0,                 0,    -0.02506807084,  -0.0008003285445,      0.1278677554,                 0,       64.27181587
          0,           0,         284,      -8.583488286,      -9.408550383,      -9.138937986,      -8.033908088,             0.448,     0.00198928098,      0.1278547331,                 0,                 0,                 0,     -0.0250680789,  -0.0008003287187,      0.1278677031,                 0,       64.27183207
          0,           0,         285,      -8.597539849,      -9.423486614,      -9.157157755,      -8.048021616,             0.448,    0.001989279715,       0.127854681,                 0,                 0,                 0,    -0.02506808666,   -0.000800328846,      0.1278676509,                 0,       64.27184674
          0,           0,         286,       -8.61143309,       -9.43869309,      -9.174733762,       -8.06196821,             0.448,    0.001989278495,       0.127854629,                 0,                 0,                 0,    -0.02506809414,  -0.0008003289328,       0.127867599,                 0,       64.27186005
          0,           0,         287,      -8.625177781,      -9.454216855,       -9.19159547,      -8.075757247,             0.448,    0.001989277319,      0.1278545775,                 0,                 0,                 0,    -0.02506810138,   -0.000800328985,      0.1278675475,                 0,       64.27187215
          0,           0,         288,      -8.638785342,      -9.470088163,      -9.207684511,      -8.089399719,             0.448,    0.001989276184,      0.1278545266,                 0,                 0,                 0,    -0.02506810839,  -0.0008003290074,      0.1278674965,                 0,       64.27188319
          0,           0,         289,      -8.652269195,      -9.486319264,      -9.222953336,      -8.102908685,             0.448,    0.001989275089,      0.1278544762,                 0,                 0,                 0,    -0.02506811519,  -0.0008003290047,      0.1278674461,                 0,       64.27189329
          0,           0,         290,      -8.665644687,      -9.502908958,      -9.237370957,      -8.116299205,             0.448,     0.00198927403,      0.1278544266,                 0,                 0,                 0,    -0.02506812179,  -0.0008003289813,      0.1278673965,                 0,       64.27190256
          0,           0,         291,      -8.678928734,      -9.519845825,      -9.250929012,      -8.129587918,             0.448,    0.001989273006,      0.1278543778,                 0,                 0,                 0,     -0.0250681282,   -0.000800328941,      0.1278673477,                 0,       64.27191113
          0,           0,         292,      -8.692139404,       -9.53710994,      -9.263644035,      -8.142792627,             0.448,    0.001989272015,        0.12785433,                 0,                 0,                 0,    -0.02506813441,  -0.0008003288873,      0.1278672999,                 0,       64.27191907
          0,           0,         293,      -8.705295607,      -9.554674065,      -9.275556309,       -8.15593206,             0.448,    0.001989271058,      0.1278542831,                 0,                 0,                 0,    -0.02506814041,  -0.0008003288226,       0.127867253,                 0,       64.27192646
          0,           0,         294,      -8.718416857,      -9.572504579,      -9.286726994,      -8.169025675,             0.448,    0.001989270133,      0.1278542374,                 0,                 0,                 0,    -0.02506814621,  -0.0008003287489,      0.1278672072,                 0,       64.27193334
          0,           0,         295,      -8.731522993,      -9.590561635,       -9.29723449,      -8.182093412,             0.448,     0.00198926924,      0.1278541927,                 0,                 0,                 0,    -0.02506815179,  -0.0008003286674,      0.1278671626,                 0,       64.27193973
          0,           0,         296,      -8.744633856,      -9.608799619,      -9.307170248,      -8.195155375,             0.448,    0.001989268382,      0.1278541493,                 0,                 0,                 0,    -0.02506815713,  -0.0008003285786,      0.1278671191,                 0,       64.27194565
          0,           0,         297,      -8.757768995,      -9.627167616,       -9.31663441,      -8.208231532,             0.448,    0.001989267558,      0.1278541071,                 0,                 0,                 0,    -0.02506816223,  -0.0008003284825,       0.127867077,                 0,       64.27195107
          0,           0,         298,      -8.770947401,      -9.645610085,      -9.325731617,      -8.221341452,             0.448,     0.00198926677,      0.1278540663,                 0,                 0,                 0,    -0.02506816707,  -0.0008003283789,      0.1278670361,                 0,       64.27195599
          0,           0,         299,      -8.784187264,       -9.66406778,      -9.334567231,      -8.234504058,             0.448,    0.001989266021,      0.1278540268,                 0,                 0,                 0,    -0.02506817164,  -0.0008003282671,      0.1278669966,                 0,       64.27196036
          0,           0,         300,      -8.797505743,       -9.68247864,      -9.343244087,      -8.247737404,             0.448,    0.001989265311,      0.1278539888,                 0,                 0,                 0,    -0.02506817591,  -0.0008003281462,      0.1278669586,                 0,       64.27196415
          0,           0,         301,      -8.810918761,      -9.700778747,      -9.351859924,      -8.261058458,             0.448,    0.001989264644,      0.1278539522,                 0,                 0,                 0,    -0.02506817989,  -0.0008003280152,       0.127866922,                 0,       64.27196732
          0,           0,         302,      -8.824440846,      -9.718903333,      -9.360505602,      -8.274482933,             0.448,     0.00198926402,      0.1278539171,                 0,                 0,                 0,    -0.02506818355,  -0.0008003278731,      0.1278668869,                 0,       64.27196982
          0,           0,         303,      -8.838084999,      -9.736787858,        -9.3692641,      -8.288025131,             0.448,    0.001989263442,      0.1278538835,                 0,                 0,                 0,     -0.0250681869,   -0.000800327719,      0.1278668533,                 0,       64.27197163
          0,           0,         304,      -8.851862602,      -9.754369203,      -9.378210138,      -8.301697826,             0.448,    0.001989262912,      0.1278538515,                 0,                 0,                 0,    -0.02506818991,  -0.0008003275517,      0.1278668213,                 0,        64.2719727
          0,           0,         305,      -8.865783341,      -9.771586891,      -9.387410216,      -8.315512167,             0.448,    0.001989262429,      0.1278538211,                 0,                 0,                 0,    -0.02506819259,  -0.0008003273707,      0.1278667909,                 0,         64.271973
          0,           0,         306,      -8.879855151,       -9.78838497,      -9.396922912,      -8.329477593,             0.448,    0.001989261996,      0.1278537923,                 0,                 0,                 0,    -0.02506819494,  -0.0008003271752,      0.1278667621,                 0,       64.27197251
          0,           0,         307,      -8.894084187,      -9.804713323,      -9.406799316,      -8.343601773,             0.448,    0.001989261613,      0.1278537652,                 0,                 0,                 0,    -0.02506819695,  -0.0008003269652,      0.1278667349,                 0,       64.27197122
          0,           0,         308,      -8.908474796,      -9.820529577,       -9.41708357,      -8.357890556,             0.448,     0.00198926128,      0.1278537396,                 0,                 0,                 0,    -0.02506819863,  -0.0008003267405,      0.1278667094,                 0,       64.27196913
          0,           0,         309,      -8.923029517,      -9.835800623,      -9.427813452,       -8.37234794,             0.448,    0.001989260997,      0.1278537157,                 0,                 0,                 0,    -0.02506819999,  -0.0008003265014,      0.1278666854,                 0,       64.27196624
          0,           0,         310,      -8.937749083,      -9.850503913,      -9.439020978,      -8.386976051,             0.448,    0.001989260763,      0.1278536934,                 0,                 0,                 0,    -0.02506820102,  -0.0008003262486,      0.1278666631,                 0,       64.27196258
          0,           0,         311,      -8.952632434,      -9.864628714,      -9.450732949,      -8.401775134,             0.448,    0.001989260577,      0.1278536727,                 0,                 0,                 0,    -0.02506820175,  -0.0008003259829,      0.1278666424,                 0,       64.27195819
          0,           0,         312,      -8.967676738,      -9.878176745,      -9.462971466,       -8.41674355,             0.448,    0.001989260438,      0.1278536535,                 0,                 0,                 0,    -0.02506820218,  -0.0008003257055,      0.1278666233,                 0,       64.27195309
          0,           0,         313,      -8.982877407,      -9.891162754,       -9.47575432,      -8.431877786,             0.448,    0.001989260343,       0.127853636,                 0,                 0,                 0,    -0.02506820233,  -0.0008003254177,      0.1278666058,                 0,       64.27194734
          0,           0,         314,      -8.998228133,      -9.903614187,      -9.489095315,      -8.447172465,             0.448,     0.00198926029,        0.12785362,                 0,                 0,                 0,    -0.02506820221,  -0.0008003251212,      0.1278665898,                 0,       64.27194099
          0,           0,         315,      -9.013720915,      -9.915570564,      -9.503004483,      -8.462620367,             0.448,    0.001989260277,      0.1278536055,                 0,                 0,                 0,    -0.02506820184,  -0.0008003248175,      0.1278665753,                 0,       64.27193412
          0,           0,         316,      -9.029346096,      -9.927082339,      -9.517488197,      -8.478212457,             0.448,    0.001989260301,      0.1278535924,                 0,                 0,                 0,    -0.02506820123,  -0.0008003245087,      0.1278665622,                 0,       64.27192677
          0,           0,         317,       -9.04509241,      -9.938209236,        -9.5325492,      -8.493937923,             0.448,     0.00198926036,      0.1278535808,                 0,                 0,                 0,    -0.02506820042,  -0.0008003241966,      0.1278665506,                 0,       64.27191904
          0,           0,         318,       -9.06094704,      -9.949018256,      -9.548186527,      -8.509784228,             0.448,     0.00198926045,      0.1278535706,                 0,                 0,                 0,    -0.02506819941,  -0.0008003238831,      0.1278665404,                 0,       64.27191098
          0,           0,         319,      -9.076895696,      -9.959581519,      -9.564395346,      -8.525737181,             0.448,    0.001989260568,      0.1278535616,                 0,                 0,                 0,    -0.02506819823,  -0.0008003235703,      0.1278665314,                 0,       64.27190268
          0,           0,         320,      -9.092922708,      -9.969974085,       -9.58116669,      -8.541781027,             0.448,    0.001989260711,       0.127853554,                 0,                 0,                 0,    -0.02506819689,  -0.0008003232599,      0.1278665238,                 0,        64.2718942
          0,           0,         321,      -9.109011153,      -9.980271759,      -9.598487124,      -8.557898572,             0.448,    0.001989260877,      0.1278535475,                 0,                 0,                 0,    -0.02506819542,   -0.000800322954,      0.1278665173,                 0,       64.27188561
          0,           0,         322,       -9.12514301,      -9.990549374,      -9.616338301,       -8.57407134,             0.448,    0.001989261061,      0.1278535422,                 0,                 0,                 0,    -0.02506819384,  -0.0008003226541,       0.127866512,                 0,       64.27187699
          0,           0,         323,      -9.141299359,        -10.000879,      -9.634696445,      -8.590279767,             0.448,    0.001989261262,       0.127853538,                 0,                 0,                 0,    -0.02506819216,  -0.0008003223619,      0.1278665079,                 0,        64.2718684
          0,           0,         324,      -9.157460608,       -10.0113286,      -9.653531777,      -8.606503441,             0.448,    0.001989261476,      0.1278535349,                 0,                 0,                 0,     -0.0250681904,  -0.0008003220789,      0.1278665047,                 0,        64.2718599
          0,           0,         325,      -9.173606775,      -10.02196111,      -9.672807864,      -8.622721389,             0.448,      0.0019892617,      0.1278535327,                 0,                 0,                 0,    -0.02506818859,  -0.0008003218064,      0.1278665025,                 0,       64.27185153
          0,           0,         326,        -9.1897178,      -10.03283377,      -9.692480949,      -8.638912399,             0.448,    0.001989261933,      0.1278535314,                 0,                 0,                 0,    -0.02506818673,  -0.0008003215456,      0.1278665012,                 0,       64.27184336
          0,           0,         327,        -9.2057739,      -10.04399757,      -9.712499287,      -8.655055398,             0.448,    0.001989262172,      0.1278535309,                 0,                 0,                 0,    -0.02506818484,  -0.0008003212973,      0.1278665008,                 0,       64.27183543
          0,           0,         328,      -9.221755952,      -10.05549725,      -9.732802543,      -8.671129848,             0.448,    0.001989262414,      0.1278535313,                 0,                 0,                 0,    -0.02506818294,  -0.0008003210625,      0.1278665011,                 0,       64.27182777
          0,           0,         329,      -9.237645895,      -10.06737131,      -9.753321332,       -8.68711618,             0.448,    0.001989262658,      0.1278535324,                 0,                 0,                 0,    -0.02506818104,  -0.0008003208418,      0.1278665022,                 0,       64.27182042
          0,           0,         330,      -9.253427149,      -10.07965226,      -9.773976974,      -8.702996235,             0.448,    0.001989262902,      0.1278535341,                 0,                 0,                 0,    -0.02506817915,  -0.0008003206357,      0.1278665039,                 0,       64.27181341
          0,           0,         331,      -9.269085024,      -10.09236705,      -9.794681597,      -8.718753711,             0.448,    0.001989263145,      0.1278535364,                 0,                 0,                 0,    -0.02506817729,  -0.0008003204444,      0.1278665063,                 0,       64.27180676
          0,           0,         332,      -9.284607107,      -10.10553735,      -9.815338701,      -8.734374576,             0.448,    0.001989263384,      0.1278535393,                 0,                 0,                 0,    -0.02506817546,  -0.0008003202681,      0.1278665092,                 0,       64.27180048
          0,           0,         333,      -9.299983598,      -10.11918011,      -9.835844281,       -8.74984744,             0.448,    0.001989263618,      0.1278535427,                 0,                 0,                 0,    -0.02506817368,  -0.0008003201069,      0.1278665125,                 0,       64.27179459
          0,           0,         334,      -9.315207584,      -10.13330795,      -9.856088645,      -8.765163852,             0.448,    0.001989263848,      0.1278535465,                 0,                 0,                 0,    -0.02506817195,  -0.0008003199606,      0.1278665163,                 0,       64.27178909
          0,           0,         335,      -9.330275215,      -10.14792984,      -9.875958993,      -8.780318488,             0.448,     0.00198926407,      0.1278535506,                 0,                 0,                 0,    -0.02506817027,   -0.000800319829,      0.1278665205,                 0,         64.271784
          0,           0,         336,      -9.345185781,      -10.16305097,      -9.895342815,      -8.795309254,             0.448,    0.001989264285,      0.1278535551,                 0,                 0,                 0,    -0.02506816866,  -0.0008003197118,       0.127866525,                 0,        64.2717793
          0,           0,         337,      -9.359941696,      -10.17867322,      -9.914132032,      -8.810137272,             0.448,    0.001989264492,      0.1278535599,                 0,                 0,                 0,    -0.02506816712,  -0.0008003196084,      0.1278665297,                 0,         64.271775
          0,           0,         338,      -9.374548389,      -10.19479515,      -9.932227672,      -8.824806791,             0.448,    0.001989264691,      0.1278535648,                 0,                 0,                 0,    -0.02506816565,  -0.0008003195182,      0.1278665347,                 0,       64.27177108
          0,           0,         339,      -9.389014137,      -10.21141174,      -9.949544815,      -8.839325056,             0.448,     0.00198926488,        0.12785357,                 0,                 0,                 0,    -0.02506816426,  -0.0008003194406,      0.1278665398,                 0,       64.27176753
          0,           0,         340,      -9.403349825,      -10.22851423,      -9.966017243,      -8.853702097,             0.448,    0.001989265061,      0.1278535752,                 0,                 0,                 0,    -0.02506816294,  -0.0008003193747,      0.1278665451,                 0,       64.27176434
          0,           0,         341,      -9.417568673,      -10.24608953,      -9.981601283,      -8.867950486,             0.448,    0.001989265232,      0.1278535805,                 0,                 0,                 0,     -0.0250681617,  -0.0008003193198,      0.1278665504,                 0,       64.27176149
          0,           0,         342,      -9.431685896,      -10.26412002,      -9.996278425,      -8.882085022,             0.448,    0.001989265395,      0.1278535859,                 0,                 0,                 0,    -0.02506816054,  -0.0008003192749,      0.1278665558,                 0,       64.27175895
          0,           0,         343,      -9.445718339,      -10.28258302,      -10.01005633,      -8.896122361,             0.448,    0.001989265548,      0.1278535913,                 0,                 0,                 0,    -0.02506815946,  -0.0008003192393,      0.1278665612,                 0,       64.27175671
          0,           0,         344,      -9.459684074,      -10.30145028,      -10.02296821,      -8.910080612,             0.448,    0.001989265692,      0.1278535967,                 0,                 0,                 0,    -0.02506815846,   -0.000800319212,      0.1278665666,                 0,       64.27175474
          0,           0,         345,      -9.473601991,      -10.32068771,      -10.03507076,      -8.923978907,             0.448,    0.001989265828,       0.127853602,                 0,                 0,                 0,    -0.02506815753,  -0.0008003191923,      0.1278665719,                 0,       64.27175302
          0,           0,         346,      -9.487491405,      -10.34025497,      -10.04644071,      -8.937836995,             0.448,    0.001989265956,      0.1278536073,                 0,                 0,                 0,    -0.02506815667,  -0.0008003191793,      0.1278665772,                 0,       64.27175154
          0,           0,         347,      -9.501371666,      -10.36010521,      -10.05717068,       -8.95167484,             0.448,    0.001989266075,      0.1278536124,                 0,                 0,                 0,    -0.02506815589,  -0.0008003191724,      0.1278665823,                 0,       64.27175028
          0,           0,         348,      -9.515261828,      -10.38018459,       -10.0673646,      -8.965512266,             0.448,    0.001989266186,      0.1278536174,                 0,                 0,                 0,    -0.02506815517,  -0.0008003191708,      0.1278665873,                 0,       64.27174921
          0,           0,         349,      -9.529180332,      -10.40043185,        -10.077133,      -8.979368623,             0.448,     0.00198926629,      0.1278536223,                 0,                 0,                 0,    -0.02506815453,   -0.000800319174,      0.1278665922,                 0,       64.27174832
          0,           0,         350,      -9.543144739,      -10.42077814,      -10.08658879,       -8.99326251,             0.448,    0.001989266386,       0.127853627,                 0,                 0,                 0,    -0.02506815394,  -0.0008003191812,       0.127866597,                 0,        64.2717476
          0,           0,         351,      -9.557171508,      -10.44114659,      -10.09584348,      -9.007211521,             0.448,    0.001989266474,      0.1278536316,                 0,                 0,                 0,    -0.02506815342,  -0.0008003191922,      0.1278666015,                 0,       64.27174703
          0,           0,         352,      -9.571275803,      -10.46145301,       -10.1050043,      -9.021232046,             0.448,    0.001989266556,       0.127853636,                 0,                 0,                 0,    -0.02506815296,  -0.0008003192062,      0.1278666059,                 0,        64.2717466
          0,           0,         353,      -9.585471348,      -10.48160592,      -10.11417197,      -9.035339095,             0.448,    0.001989266631,      0.1278536402,                 0,                 0,                 0,    -0.02506815256,   -0.000800319223,      0.1278666101,                 0,       64.27174629
          0,           0,         354,      -9.599770306,      -10.50150872,      -10.12343927,      -9.049546174,             0.448,    0.001989266699,      0.1278536442,                 0,                 0,                 0,    -0.02506815221,  -0.0008003192422,      0.1278666141,                 0,        64.2717461
          0,           0,         355,      -9.614183199,      -10.52106137,      -10.13289027,      -9.063865179,             0.448,    0.001989266761,       0.127853648,                 0,                 0,                 0,    -0.02506815191,  -0.0008003192635,      0.1278666179,                 0,       64.27174602
          0,           0,         356,      -9.628718838,      -10.54016393,      -10.14260002,      -9.078306308,             0.448,    0.001989266816,      0.1278536516,                 0,                 0,                 0,    -0.02506815167,  -0.0008003192865,      0.1278666215,                 0,       64.27174603
          0,           0,         357,      -9.643384285,      -10.55871976,      -10.15263466,      -9.092878019,             0.448,    0.001989266866,       0.127853655,                 0,                 0,                 0,    -0.02506815147,  -0.0008003193111,      0.1278666249,                 0,       64.27174614
          0,           0,         358,      -9.658184827,      -10.57664031,      -10.16305181,      -9.107586971,             0.448,    0.001989266909,      0.1278536582,                 0,                 0,                 0,    -0.02506815132,  -0.0008003193369,      0.1278666281,                 0,       64.27174634
          0,           0,         359,       -9.67312396,      -10.59384922,      -10.17390101,      -9.122438001,             0.448,    0.001989266946,      0.1278536611,                 0,                 0,                 0,    -0.02506815121,  -0.0008003193639,       0.127866631,                 0,       64.27174661
          0,           0,         360,      -9.688203394,      -10.61028629,      -10.18522446,      -9.137434113,             0.448,    0.001989266978,      0.1278536639,                 0,                 0,                 0,    -0.02506815114,  -0.0008003193919,      0.1278666338,                 0,       64.27174696
          0,           0,         361,      -9.703423057,      -10.62591156,      -10.19705756,      -9.152576455,             0.448,    0.001989267005,      0.1278536664,                 0,                 0,                 0,    -0.02506815111,  -0.0008003194206,      0.1278666363,                 0,       64.27174738
          0,           0,         362,      -9.718781117,      -10.64070716,      -10.20942954,      -9.167864342,             0.448,    0.001989267026,      0.1278536687,                 0,                 0,                 0,    -0.02506815113,  -0.0008003194501,      0.1278666386,                 0,       64.27174786
          0,           0,         363,      -9.734274008,      -10.65467881,      -10.22236403,       -9.18329525,             0.448,    0.001989267041,      0.1278536708,                 0,                 0,                 0,    -0.02506815117,    -0.00080031948,      0.1278666407,                 0,       64.27174841
          0,           0,         364,      -9.749896471,      -10.66785497,      -10.23587954,      -9.198864856,             0.448,    0.001989267052,      0.1278536727,                 0,                 0,                 0,    -0.02506815125,  -0.0008003195104,      0.1278666426,                 0,       64.27174901
          0,           0,         365,      -9.765641592,      -10.68028583,       -10.2499898,      -9.214567054,             0.448,    0.001989267058,      0.1278536744,                 0,                 0,                 0,    -0.02506815136,  -0.0008003195411,      0.1278666443,                 0,       64.27174966
          0,           0,         366,      -9.781500855,      -10.69203989,      -10.26470401,      -9.230394004,             0.448,     0.00198926706,      0.1278536758,                 0,                 0,                 0,     -0.0250681515,   -0.000800319572,      0.1278666458,                 0,       64.27175036
          0,           0,         367,      -9.797464208,      -10.70320059,      -10.28002706,      -9.246336183,             0.448,    0.001989267057,      0.1278536771,                 0,                 0,                 0,    -0.02506815167,   -0.000800319603,      0.1278666471,                 0,        64.2717511
          0,           0,         368,      -9.813520139,      -10.71386124,      -10.29595949,      -9.262382448,             0.448,     0.00198926705,      0.1278536782,                 0,                 0,                 0,    -0.02506815187,   -0.000800319634,      0.1278666482,                 0,       64.27175188
          0,           0,         369,      -9.829655753,       -10.7241227,       -10.3124975,      -9.278520108,             0.448,    0.001989267039,      0.1278536791,                 0,                 0,                 0,    -0.02506815209,  -0.0008003196649,      0.1278666491,                 0,       64.27175269
          0,           0,         370,      -9.845856883,      -10.73408724,      -10.32963268,      -9.294735024,             0.448,    0.001989267024,      0.1278536799,                 0,                 0,                 0,    -0.02506815233,  -0.0008003196957,      0.1278666498,                 0,       64.27175354
          0,           0,         371,      -9.862108205,      -10.74385677,       -10.3473518,      -9.311011718,             0.448,    0.001989267006,      0.1278536804,                 0,                 0,                 0,    -0.02506815259,  -0.0008003197262,      0.1278666504,                 0,       64.27175441
          0,           0,         372,      -9.878393379,      -10.75352962,      -10.36563633,      -9.327333514,             0.448,    0.001989266984,      0.1278536808,                 0,                 0,                 0,    -0.02506815287,  -0.0008003197563,      0.1278666508,                 0,        64.2717553
          0,           0,         373,      -9.894695226,      -10.76319902,      -10.38446199,      -9.343682706,             0.448,     0.00198926696,      0.1278536811,                 0,                 0,                 0,    -0.02506815316,  -0.0008003197861,       0.127866651,                 0,       64.27175622
          0,           0,         374,      -9.910995908,      -10.77295099,      -10.40379809,      -9.360040752,             0.448,    0.001989266933,      0.1278536812,                 0,                 0,                 0,    -0.02506815347,  -0.0008003198153,      0.1278666511,                 0,       64.27175714
          0,           0,         375,      -9.927277163,      -10.78286444,      -10.42360691,       -9.37638851,             0.448,    0.001989266903,      0.1278536811,                 0,                 0,                 0,    -0.02506815379,  -0.0008003198439,       0.127866651,                 0,       64.27175808
          0,           0,         376,      -9.943520547,      -10.79301028,      -10.44384285,      -9.392706494,             0.448,    0.001989266871,      0.1278536809,                 0,                 0,                 0,    -0.02506815411,  -0.0008003198718,      0.1278666509,                 0,       64.27175902
          0,           0,         377,      -9.959707714,      -10.80345174,      -10.46445176,      -9.408975174,             0.448,    0.001989266837,      0.1278536806,                 0,                 0,                 0,    -0.02506815445,   -0.000800319899,      0.1278666506,                 0,       64.27175996
          0,           0,         378,      -9.975820718,      -10.81424476,      -10.48537013,      -9.425175295,             0.448,    0.001989266801,      0.1278536802,                 0,                 0,                 0,    -0.02506815479,  -0.0008003199253,      0.1278666501,                 0,       64.27176089
          0,           0,         379,      -9.991842329,      -10.82543824,      -10.50652452,      -9.441288225,             0.448,    0.001989266764,      0.1278536797,                 0,                 0,                 0,    -0.02506815513,  -0.0008003199507,      0.1278666496,                 0,       64.27176182
          0,           0,         380,      -10.00775638,      -10.83707449,      -10.52783111,      -9.457296336,             0.448,    0.001989266726,       0.127853679,                 0,                 0,                 0,    -0.02506815547,  -0.0008003199751,       0.127866649,                 0,       64.27176274
          0,           0,         381,      -10.02354811,      -10.84918992,      -10.54919578,      -9.473183355,             0.448,    0.001989266687,      0.1278536783,                 0,                 0,                 0,    -0.02506815582,  -0.0008003199984,      0.1278666482,                 0,       64.27176364
          0,           0,         382,      -10.03920448,       -10.8618151,      -10.57051442,      -9.488934767,             0.448,    0.001989266647,      0.1278536775,                 0,                 0,                 0,    -0.02506815616,  -0.0008003200206,      0.1278666474,                 0,       64.27176452
          0,           0,         383,      -10.05471454,      -10.87497573,      -10.59167411,      -9.504538124,             0.448,    0.001989266607,      0.1278536766,                 0,                 0,                 0,    -0.02506815649,  -0.0008003200415,      0.1278666465,                 0,       64.27176538
          0,           0,         384,      -10.07006965,      -10.88869271,      -10.61255502,       -9.51998338,             0.448,    0.001989266566,      0.1278536757,                 0,                 0,                 0,    -0.02506815682,  -0.0008003200612,      0.1278666456,                 0,       64.27176621
          0,           0,         385,      -10.08526372,       -10.9029812,      -10.63303309,      -9.535263057,             0.448,    0.001989266526,      0.1278536747,                 0,                 0,                 0,    -0.02506815713,  -0.0008003200795,      0.1278666446,                 0,         64.271767
          0,           0,         386,      -10.10029337,       -10.9178517,       -10.6529839,       -9.55037245,             0.448,    0.001989266486,      0.1278536736,                 0,                 0,                 0,    -0.02506815744,  -0.0008003200964,      0.1278666435,                 0,       64.27176776
          0,           0,         387,      -10.11515795,      -10.93330915,      -10.67228727,      -9.565309633,             0.448,    0.001989266447,      0.1278536725,                 0,                 0,                 0,    -0.02506815773,  -0.0008003201119,      0.1278666424,                 0,       64.27176848
          0,           0,         388,      -10.12985964,      -10.94935198,      -10.69083277,       -9.58007557,             0.448,    0.001989266408,      0.1278536714,                 0,                 0,                 0,    -0.02506815802,  -0.0008003201259,      0.1278666413,                 0,       64.27176916
          0,           0,         389,      -10.14440336,       -10.9659725,      -10.70852526,      -9.594674058,             0.448,    0.001989266371,      0.1278536702,                 0,                 0,                 0,    -0.02506815828,  -0.0008003201384,      0.1278666402,                 0,        64.2717698
          0,           0,         390,      -10.15879676,      -10.98315416,      -10.72529061,        -9.6091118,             0.448,    0.001989266335,      0.1278536691,                 0,                 0,                 0,    -0.02506815853,  -0.0008003201495,       0.127866639,                 0,       64.27177039
          0,           0,         391,      -10.17305014,      -11.00087246,      -10.74108014,      -9.623398296,             0.448,      0.0019892663,      0.1278536679,                 0,                 0,                 0,    -0.02506815877,  -0.0008003201591,      0.1278666378,                 0,       64.27177093
          0,           0,         392,       -10.1871762,      -11.01909387,      -10.75587369,      -9.637545739,             0.448,    0.001989266266,      0.1278536668,                 0,                 0,                 0,    -0.02506815899,  -0.0008003201673,      0.1278666367,                 0,       64.27177143
          0,           0,         393,      -10.20118992,      -11.03777518,      -10.76968081,       -9.65156876,             0.448,    0.001989266235,      0.1278536657,                 0,                 0,                 0,    -0.02506815919,  -0.0008003201741,      0.1278666356,                 0,       64.27177188
          0,           0,         394,      -10.21510819,      -11.05686264,         -10.78254,      -9.665484164,             0.448,    0.001989266205,      0.1278536645,                 0,                 0,                 0,    -0.02506815937,  -0.0008003201796,      0.1278666344,                 0,       64.27177228
          0,           0,         395,      -10.22894947,       -11.0762941,        -10.794516,      -9.679310555,             0.448,    0.001989266177,      0.1278536634,                 0,                 0,                 0,    -0.02506815954,  -0.0008003201839,      0.1278666333,                 0,       64.27177265
          0,           0,         396,      -10.24273344,      -11.09599776,      -10.80569578,      -9.693067935,             0.448,     0.00198926615,      0.1278536624,                 0,                 0,                 0,    -0.02506815969,   -0.000800320187,      0.1278666323,                 0,       64.27177296
          0,           0,         397,      -10.25648057,      -11.11589382,      -10.81618338,      -9.706777288,             0.448,    0.001989266125,      0.1278536613,                 0,                 0,                 0,    -0.02506815982,   -0.000800320189,      0.1278666312,                 0,       64.27177324
          0,           0,         398,       -10.2702118,      -11.13589472,      -10.82609465,      -9.720460238,             0.448,    0.001989266102,      0.1278536603,                 0,                 0,                 0,    -0.02506815993,    -0.00080032019,      0.1278666302,                 0,       64.27177347
          0,           0,         399,      -10.28394806,      -11.15590785,      -10.83555173,      -9.734138563,             0.448,    0.001989266081,      0.1278536593,                 0,                 0,                 0,    -0.02506816003,    -0.00080032019,      0.1278666292,                 0,       64.27177367
          0,           0,         400,      -10.29770995,      -11.17583606,      -10.84467808,      -9.747833856,             0.448,    0.001989266062,      0.1278536584,                 0,                 0,                 0,    -0.02506816012,  -0.0008003201892,      0.1278666283,                 0,       64.27177383
          0,           0,         401,      -10.31151741,      -11.19558026,      -10.85359453,      -9.761567149,             0.448,    0.001989266044,      0.1278536575,                 0,                 0,                 0,    -0.02506816019,  -0.0008003201875,      0.1278666274,                 0,       64.27177396
          0,           0,         402,      -10.32538938,      -11.21504045,      -10.86241605,      -9.775358583,             0.448,    0.001989266028,      0.1278536567,                 0,                 0,                 0,    -0.02506816024,  -0.0008003201852,      0.1278666266,                 0,       64.27177405
          0,           0,         403,      -10.33934351,      -11.23411982,      -10.87124943,       -9.78922709,             0.448,    0.001989266014,      0.1278536559,                 0,                 0,                 0,    -0.02506816028,  -0.0008003201822,      0.1278666258,                 0,       64.27177411
          0,           0,         404,      -10.35339593,      -11.25272892,      -10.88019178,      -9.803190134,             0.448,    0.001989266001,      0.1278536552,                 0,                 0,                 0,    -0.02506816031,  -0.0008003201787,      0.1278666251,                 0,       64.27177415
          0,           0,         405,      -10.36756104,        -11.270786,      -10.88933012,      -9.817263478,             0.448,     0.00198926599,      0.1278536545,                 0,                 0,                 0,    -0.02506816033,  -0.0008003201747,      0.1278666244,                 0,       64.27177416
          0,           0,         406,      -10.38185135,      -11.28822151,      -10.89874114,      -9.831461022,             0.448,    0.001989265981,      0.1278536538,                 0,                 0,                 0,    -0.02506816034,  -0.0008003201703,      0.1278666237,                 0,       64.27177415
          0,           0,         407,       -10.3962773,      -11.30498294,      -10.90849144,      -9.845794615,             0.448,    0.001989265973,      0.1278536532,                 0,                 0,                 0,    -0.02506816034,  -0.0008003201656,      0.1278666231,                 0,       64.27177411
          0,           0,         408,       -10.4108472,       -11.3210347,      -10.91863824,       -9.86027393,             0.448,    0.001989265966,      0.1278536527,                 0,                 0,                 0,    -0.02506816033,  -0.0008003201605,      0.1278666226,                 0,       64.27177406
          0,           0,         409,      -10.42556715,      -11.33636148,      -10.92922993,       -9.87490641,             0.448,     0.00198926596,      0.1278536522,                 0,                 0,                 0,    -0.02506816031,  -0.0008003201553,      0.1278666221,                 0,       64.27177399
          0,           0,         410,      -10.44044099,      -11.35096445,      -10.94030701,      -9.889697193,             0.448,    0.001989265956,      0.1278536518,                 0,                 0,                 0,    -0.02506816028,  -0.0008003201498,      0.1278666217,                 0,        64.2717739
          0,           0,         411,      -10.45547025,      -11.36486672,      -10.95190269,      -9.904649054,             0.448,    0.001989265953,      0.1278536514,                 0,                 0,                 0,    -0.02506816025,  -0.0008003201442,      0.1278666213,                 0,        64.2717738
          0,           0,         412,      -10.47065425,      -11.37810642,      -10.96404372,      -9.919762449,             0.448,    0.001989265951,       0.127853651,                 0,                 0,                 0,    -0.02506816021,  -0.0008003201386,      0.1278666209,                 0,       64.27177369
          0,           0,         413,      -10.48599005,      -11.39073781,      -10.97675118,      -9.935035499,             0.448,     0.00198926595,      0.1278536507,                 0,                 0,                 0,    -0.02506816016,  -0.0008003201329,      0.1278666206,                 0,       64.27177357
          0,           0,         414,      -10.50147254,      -11.40282372,      -10.99004088,      -9.950464054,             0.448,     0.00198926595,      0.1278536504,                 0,                 0,                 0,    -0.02506816011,  -0.0008003201272,      0.1278666203,                 0,       64.27177344
          0,           0,         415,      -10.51709451,      -11.41443818,      -11.00392384,      -9.966041729,             0.448,    0.001989265951,      0.1278536502,                 0,                 0,                 0,    -0.02506816006,  -0.0008003201215,      0.1278666201,                 0,        64.2717733
          0,           0,         416,      -10.53284674,      -11.42565642,      -11.01840671,      -9.981760043,             0.448,    0.001989265952,        0.12785365,                 0,                 0,                 0,       -0.02506816,  -0.0008003201159,      0.1278666199,                 0,       64.27177316
          0,           0,         417,       -10.5487181,      -11.43656041,      -11.03349203,      -9.997608427,             0.448,    0.001989265954,      0.1278536499,                 0,                 0,                 0,    -0.02506815995,  -0.0008003201103,      0.1278666198,                 0,       64.27177301
          0,           0,         418,      -10.56469571,      -11.44722934,      -11.04917827,      -10.01357442,             0.448,    0.001989265957,      0.1278536498,                 0,                 0,                 0,    -0.02506815988,  -0.0008003201049,      0.1278666197,                 0,       64.27177286
          0,           0,         419,      -10.58076499,      -11.45774159,      -11.06545992,      -10.02964376,             0.448,    0.001989265961,      0.1278536497,                 0,                 0,                 0,    -0.02506815982,  -0.0008003200995,      0.1278666196,                 0,        64.2717727
          0,           0,         420,      -10.59690995,      -11.46817021,      -11.08232727,      -10.04580053,             0.448,    0.001989265965,      0.1278536496,                 0,                 0,                 0,    -0.02506815976,  -0.0008003200943,      0.1278666195,                 0,       64.27177254
          0,           0,         421,      -10.61311323,      -11.47858502,      -11.09976635,      -10.06202733,             0.448,     0.00198926597,      0.1278536496,                 0,                 0,                 0,    -0.02506815969,  -0.0008003200892,      0.1278666195,                 0,       64.27177238
          0,           0,         422,      -10.62935642,      -11.48905041,      -11.11775855,       -10.0783055,             0.448,    0.001989265975,      0.1278536496,                 0,                 0,                 0,    -0.02506815962,  -0.0008003200842,      0.1278666195,                 0,       64.27177222
          0,           0,         423,       -10.6456202,      -11.49962471,      -11.13628012,      -10.09461532,             0.448,    0.001989265981,      0.1278536497,                 0,                 0,                 0,    -0.02506815956,  -0.0008003200794,      0.1278666196,                 0,       64.27177205
          0,           0,         424,       -10.6618846,      -11.51036246,      -11.15530173,      -10.11093619,             0.448,    0.001989265987,      0.1278536497,                 0,                 0,                 0,    -0.02506815949,  -0.0008003200747,      0.1278666196,                 0,       64.27177189
          0,           0,         425,      -10.67812932,       -11.5213098,      -11.17478796,      -10.12724702,             0.448,    0.001989265993,      0.1278536498,                 0,                 0,                 0,    -0.02506815942,  -0.0008003200702,      0.1278666197,                 0,       64.27177173
          0,           0,         426,      -10.69433395,       -11.5325114,      -11.19469636,      -10.14352646,             0.448,       0.001989266,      0.1278536499,                 0,                 0,                 0,    -0.02506815936,  -0.0008003200659,      0.1278666198,                 0,       64.27177156
          0,           0,         427,      -10.71047834,      -11.54400283,      -11.21497699,      -10.15975322,             0.448,    0.001989266007,        0.12785365,                 0,                 0,                 0,    -0.02506815929,  -0.0008003200617,      0.1278666199,                 0,        64.2717714
          0,           0,         428,      -10.72654292,      -11.55581894,      -11.23557168,      -10.17590648,             0.448,    0.001989266014,      0.1278536502,                 0,                 0,                 0,    -0.02506815923,  -0.0008003200576,      0.1278666201,                 0,       64.27177124
          0,           0,         429,      -10.74250902,      -11.56798765,      -11.25641321,      -10.19196619,             0.448,    0.001989266021,      0.1278536503,                 0,                 0,                 0,    -0.02506815916,  -0.0008003200537,      0.1278666202,                 0,       64.27177109
          0,           0,         430,      -10.75835927,      -11.58053497,      -11.27742513,      -10.20791346,             0.448,    0.001989266029,      0.1278536505,                 0,                 0,                 0,     -0.0250681591,    -0.00080032005,      0.1278666204,                 0,       64.27177093
          0,           0,         431,      -10.77407784,      -11.59348043,      -11.29852112,      -10.22373097,             0.448,    0.001989266036,      0.1278536507,                 0,                 0,                 0,    -0.02506815904,  -0.0008003200465,      0.1278666206,                 0,       64.27177078
          0,           0,         432,      -10.78965095,      -11.60684627,      -11.31960569,      -10.23940336,             0.448,    0.001989266044,      0.1278536509,                 0,                 0,                 0,    -0.02506815898,  -0.0008003200431,      0.1278666208,                 0,       64.27177063
          0,           0,         433,      -10.80506707,      -11.62064545,      -11.34057467,      -10.25491748,             0.448,    0.001989266052,      0.1278536511,                 0,                 0,                 0,    -0.02506815892,  -0.0008003200399,       0.127866621,                 0,       64.27177048
          0,           0,         434,      -10.82031715,      -11.63489012,      -11.36131653,       -10.2702628,             0.448,     0.00198926606,      0.1278536513,                 0,                 0,                 0,    -0.02506815886,  -0.0008003200369,      0.1278666212,                 0,       64.27177034
          0,           0,         435,      -10.83539491,       -11.6495894,      -11.38171437,      -10.28543149,             0.448,    0.001989266067,      0.1278536516,                 0,                 0,                 0,     -0.0250681588,  -0.0008003200341,      0.1278666215,                 0,       64.27177021
          0,           0,         436,        -10.850297,      -11.66474972,      -11.40164962,      -10.30041876,             0.448,    0.001989266075,      0.1278536518,                 0,                 0,                 0,    -0.02506815875,  -0.0008003200315,      0.1278666217,                 0,       64.27177008
          0,           0,         437,      -10.86502294,      -11.68037318,      -11.42100514,      -10.31522272,             0.448,    0.001989266082,       0.127853652,                 0,                 0,                 0,     -0.0250681587,  -0.0008003200291,      0.1278666219,                 0,       64.27176995
          0,           0,         438,      -10.87957511,      -11.69645987,       -11.4396703,      -10.32984445,             0.448,     0.00198926609,      0.1278536523,                 0,                 0,                 0,    -0.02506815865,  -0.0008003200269,      0.1278666222,                 0,       64.27176983
          0,           0,         439,      -10.89395879,      -11.71300228,      -11.45754648,      -10.34428803,             0.448,    0.001989266097,      0.1278536525,                 0,                 0,                 0,     -0.0250681586,   -0.000800320025,      0.1278666224,                 0,       64.27176972
          0,           0,         440,      -10.90818192,       -11.7299915,      -11.47455149,      -10.35856027,             0.448,    0.001989266104,      0.1278536527,                 0,                 0,                 0,    -0.02506815856,  -0.0008003200233,      0.1278666226,                 0,       64.27176962
          0,           0,         441,      -10.92225495,      -11.74741042,      -11.49062505,      -10.37267081,             0.448,     0.00198926611,       0.127853653,                 0,                 0,                 0,    -0.02506815851,  -0.0008003200217,      0.1278666229,                 0,       64.27176952
          0,           0,         442,       -10.9361907,      -11.76523746,      -11.50573208,      -10.38663179,             0.448,    0.001989266117,      0.1278536532,                 0,                 0,                 0,    -0.02506815847,  -0.0008003200205,      0.1278666231,                 0,       64.27176943
          0,           0,         443,       -10.9500041,      -11.78344195,       -11.5198655,      -10.40045778,             0.448,    0.001989266123,      0.1278536534,                 0,                 0,                 0,    -0.02506815843,  -0.0008003200194,      0.1278666233,                 0,       64.27176935
          0,           0,         444,      -10.96371185,      -11.80198563,      -11.53304589,      -10.41416535,             0.448,    0.001989266129,      0.1278536537,                 0,                 0,                 0,     -0.0250681584,  -0.0008003200185,      0.1278666236,                 0,       64.27176928
          0,           0,         445,      -10.97733214,      -11.82082397,      -11.54532076,      -10.42777279,             0.448,    0.001989266134,      0.1278536539,                 0,                 0,                 0,    -0.02506815837,  -0.0008003200179,      0.1278666238,                 0,       64.27176921
          0,           0,         446,      -10.99088424,      -11.83990706,      -11.55676039,      -10.44129975,             0.448,     0.00198926614,      0.1278536541,                 0,                 0,                 0,    -0.02506815834,  -0.0008003200174,       0.127866624,                 0,       64.27176915
          0,           0,         447,      -11.00438809,      -11.85917675,      -11.56745558,      -10.45476671,             0.448,    0.001989266145,      0.1278536543,                 0,                 0,                 0,    -0.02506815831,  -0.0008003200171,      0.1278666242,                 0,        64.2717691
          0,           0,         448,      -11.01786419,      -11.87856276,      -11.57751162,      -10.46819494,             0.448,    0.001989266149,      0.1278536545,                 0,                 0,                 0,    -0.02506815828,   -0.000800320017,      0.1278666244,                 0,       64.27176905
          0,           0,         449,      -11.03133288,      -11.89799387,      -11.58704277,      -10.48160569,             0.448,    0.001989266154,      0.1278536547,                 0,                 0,                 0,    -0.02506815826,  -0.0008003200171,      0.1278666246,                 0,       64.27176902
          0,           0,         450,      -11.04481431,      -11.91739805,      -11.59616772,      -10.49502022,             0.448,    0.001989266157,      0.1278536549,                 0,                 0,                 0,    -0.02506815824,  -0.0008003200174,      0.1278666248,                 0,       64.27176898
          0,           0,         451,      -11.05832799,      -11.93668804,      -11.60500624,      -10.50845923,             0.448,    0.001989266161,      0.1278536551,                 0,                 0,                 0,    -0.02506815822,  -0.0008003200178,       0.127866625,                 0,       64.27176896
          0,           0,         452,      -11.07189264,      -11.95578342,       -11.6136738,      -10.52194275,             0.448,    0.001989266164,      0.1278536553,                 0,                 0,                 0,    -0.02506815821,  -0.0008003200183,      0.1278666252,                 0,       64.27176894
          0,           0,         453,      -11.08552585,      -11.97459256,      -11.62228044,      -10.53548975,             0.448,    0.001989266167,      0.1278536555,                 0,                 0,                 0,    -0.02506815819,   -0.000800320019,      0.1278666254,                 0,       64.27176893
          0,           0,         454,      -11.09924377,      -11.99303491,      -11.63092728,      -10.54911782,             0.448,     0.00198926617,      0.1278536556,                 0,                 0,                 0,    -0.02506815818,  -0.0008003200197,      0.1278666255,                 0,       64.27176892
          0,           0,         455,      -11.11306127,      -12.01102846,      -11.63970669,      -10.56284325,             0.448,    0.001989266173,      0.1278536558,                 0,                 0,                 0,    -0.02506815817,  -0.0008003200206,      0.1278666257,                 0,       64.27176892
          0,           0,         456,      -11.12699147,      -12.02849843,      -11.64870114,      -10.57668062,             0.448,    0.001989266175,      0.1278536559,                 0,                 0,                 0,    -0.02506815817,  -0.0008003200216,      0.1278666258,                 0,       64.27176892
          0,           0,         457,      -11.14104567,      -12.04537248,      -11.65798339,      -10.59064266,             0.448,    0.001989266176,       0.127853656,                 0,                 0,                 0,    -0.02506815816,  -0.0008003200226,      0.1278666259,                 0,       64.27176893
          0,           0,         458,      -11.15523335,       -12.0616048,      -11.66761644,      -10.60474029,             0.448,    0.001989266178,      0.1278536562,                 0,                 0,                 0,    -0.02506815816,  -0.0008003200238,      0.1278666261,                 0,       64.27176894
          0,           0,         459,      -11.16956207,       -12.0771487,      -11.67765457,      -10.61898238,             0.448,    0.001989266179,      0.1278536563,                 0,                 0,                 0,    -0.02506815816,  -0.0008003200249,      0.1278666262,                 0,       64.27176896
          0,           0,         460,      -11.18403735,      -12.09199238,      -11.68814353,      -10.63337577,             0.448,     0.00198926618,      0.1278536564,                 0,                 0,                 0,    -0.02506815816,  -0.0008003200262,      0.1278666263,                 0,       64.27176898
          0,           0,         461,      -11.19866265,      -12.10611914,      -11.69912192,      -10.64792503,             0.448,    0.001989266181,      0.1278536565,                 0,                 0,                 0,    -0.02506815816,  -0.0008003200274,      0.1278666264,                 0,         64.271769
          0,           0,         462,      -11.21343922,      -12.11956909,      -11.71062117,      -10.66263265,             0.448,    0.001989266182,      0.1278536566,                 0,                 0,                 0,    -0.02506815817,  -0.0008003200287,      0.1278666265,                 0,       64.27176902
          0,           0,         463,       -11.2283666,      -12.13235374,      -11.72266658,      -10.67749903,             0.448,    0.001989266182,      0.1278536566,                 0,                 0,                 0,    -0.02506815817,    -0.00080032003,      0.1278666265,                 0,       64.27176905
          0,           0,         464,      -11.24344174,      -12.14453848,      -11.73527778,      -10.69252204,             0.448,    0.001989266182,      0.1278536567,                 0,                 0,                 0,    -0.02506815818,  -0.0008003200313,      0.1278666266,                 0,       64.27176908
          0,           0,         465,      -11.25866005,      -12.15617292,      -11.74846967,      -10.70769784,             0.448,    0.001989266182,      0.1278536568,                 0,                 0,                 0,    -0.02506815818,  -0.0008003200326,      0.1278666267,                 0,       64.27176911
          0,           0,         466,      -11.27401456,      -12.16733772,      -11.76225201,      -10.72302011,             0.448,    0.001989266182,      0.1278536568,                 0,                 0,                 0,    -0.02506815819,  -0.0008003200339,      0.1278666267,                 0,       64.27176914
          0,           0,         467,      -11.28949656,      -12.17810751,      -11.77663071,      -10.73848058,             0.448,    0.001989266182,      0.1278536569,                 0,                 0,                 0,     -0.0250681582,  -0.0008003200352,      0.1278666268,                 0,       64.27176917
          0,           0,         468,      -11.30509546,      -12.18856966,      -11.79160731,        -10.754069,             0.448,    0.001989266182,      0.1278536569,                 0,                 0,                 0,    -0.02506815821,  -0.0008003200365,      0.1278666268,                 0,        64.2717692
          0,           0,         469,      -11.32079889,      -12.19880918,      -11.80717907,      -10.76977318,             0.448,    0.001989266181,      0.1278536569,                 0,                 0,                 0,    -0.02506815822,  -0.0008003200377,      0.1278666268,                 0,       64.27176924
          0,           0,         470,      -11.33659265,      -12.20891543,      -11.82333928,      -10.78557905,             0.448,     0.00198926618,       0.127853657,                 0,                 0,                 0,    -0.02506815823,  -0.0008003200389,      0.1278666269,                 0,       64.27176927
          0,           0,         471,      -11.35246139,      -12.21895226,      -11.84007727,      -10.80147097,             0.448,     0.00198926618,       0.127853657,                 0,                 0,                 0,    -0.02506815824,  -0.0008003200401,      0.1278666269,                 0,        64.2717693
          0,           0,         472,      -11.36838823,       -12.2290015,      -11.85737734,      -10.81743184,             0.448,    0.001989266179,       0.127853657,                 0,                 0,                 0,    -0.02506815825,  -0.0008003200413,      0.1278666269,                 0,       64.27176934
          0,           0,         473,      -11.38435522,      -12.23913301,      -11.87521923,      -10.83344326,             0.448,    0.001989266178,       0.127853657,                 0,                 0,                 0,    -0.02506815827,  -0.0008003200424,      0.1278666269,                 0,       64.27176937
          0,           0,         474,      -11.40034353,      -12.24940185,      -11.89357789,      -10.84948583,             0.448,    0.001989266177,       0.127853657,                 0,                 0,                 0,    -0.02506815828,  -0.0008003200434,      0.1278666269,                 0,       64.27176941
          0,           0,         475,      -11.41633364,      -12.25987194,       -11.9124215,      -10.86553909,             0.448,    0.001989266176,       0.127853657,                 0,                 0,                 0,    -0.02506815829,  -0.0008003200445,      0.1278666269,                 0,       64.27176944
          0,           0,         476,      -11.43230594,      -12.27059391,      -11.93171264,       -10.8815827,             0.448,    0.001989266174,       0.127853657,                 0,                 0,                 0,     -0.0250681583,  -0.0008003200454,      0.1278666269,                 0,       64.27176947
          0,           0,         477,      -11.44824042,      -12.28161018,      -11.95140663,       -10.8975955,             0.448,    0.001989266173,       0.127853657,                 0,                 0,                 0,    -0.02506815832,  -0.0008003200464,      0.1278666269,                 0,       64.27176951
          0,           0,         478,       -11.4641177,      -12.29295153,      -11.97145082,      -10.91355694,             0.448,    0.001989266172,       0.127853657,                 0,                 0,                 0,    -0.02506815833,  -0.0008003200473,      0.1278666269,                 0,       64.27176954
          0,           0,         479,      -11.47991908,      -12.30464882,      -11.99178503,        -10.929447,             0.448,    0.001989266171,      0.1278536569,                 0,                 0,                 0,    -0.02506815834,  -0.0008003200481,      0.1278666268,                 0,       64.27176957
          0,           0,         480,      -11.49562675,      -12.31672683,      -12.01233974,      -10.94524653,             0.448,    0.001989266169,      0.1278536569,                 0,                 0,                 0,    -0.02506815835,  -0.0008003200489,      0.1278666268,                 0,        64.2717696
          0,           0,         481,      -11.51122442,      -12.32922218,      -12.03303564,      -10.96093799,             0.448,    0.001989266168,      0.1278536569,                 0,                 0,                 0,    -0.02506815836,  -0.0008003200497,      0.1278666268,                 0,       64.27176963
          0,           0,         482,      -11.52669747,      -12.34213932,      -12.05378662,      -10.97650512,             0.448,    0.001989266167,      0.1278536568,                 0,                 0,                 0,    -0.02506815838,  -0.0008003200504,      0.1278666268,                 0,       64.27176966
          0,           0,         483,       -11.5420335,      -12.35549226,      -12.07449478,      -10.99193416,             0.448,    0.001989266165,      0.1278536568,                 0,                 0,                 0,    -0.02506815839,   -0.000800320051,      0.1278666267,                 0,       64.27176969
          0,           0,         484,      -11.55722242,      -12.36931234,      -12.09505574,      -11.00721365,             0.448,    0.001989266164,      0.1278536568,                 0,                 0,                 0,     -0.0250681584,  -0.0008003200516,      0.1278666267,                 0,       64.27176972
          0,           0,         485,      -11.57225669,      -12.38358942,      -12.11535997,      -11.02233464,             0.448,    0.001989266162,      0.1278536567,                 0,                 0,                 0,    -0.02506815841,  -0.0008003200522,      0.1278666267,                 0,       64.27176974
          0,           0,         486,      -11.58713154,      -12.39834093,      -12.13529304,      -11.03729119,             0.448,    0.001989266161,      0.1278536567,                 0,                 0,                 0,    -0.02506815842,  -0.0008003200527,      0.1278666266,                 0,       64.27176977
          0,           0,         487,      -11.60184507,      -12.41356847,      -12.15474108,      -11.05208012,             0.448,     0.00198926616,      0.1278536567,                 0,                 0,                 0,    -0.02506815843,  -0.0008003200532,      0.1278666266,                 0,       64.27176979
          0,           0,         488,        -11.616398,      -12.42926479,      -12.17359236,       -11.0667009,             0.448,    0.001989266159,      0.1278536566,                 0,                 0,                 0,    -0.02506815844,  -0.0008003200536,      0.1278666265,                 0,       64.27176981
          0,           0,         489,      -11.63079453,      -12.44543691,      -12.19174346,      -11.08115684,             0.448,    0.001989266157,      0.1278536566,                 0,                 0,                 0,    -0.02506815845,   -0.000800320054,      0.1278666265,                 0,       64.27176983
          0,           0,         490,      -11.64504057,      -12.46207313,      -12.20910522,      -11.09545273,             0.448,    0.001989266156,      0.1278536566,                 0,                 0,                 0,    -0.02506815845,  -0.0008003200543,      0.1278666265,                 0,       64.27176985
          0,           0,         491,       -11.6591451,      -12.47916309,      -12.22560644,      -11.10959678,             0.448,    0.001989266155,      0.1278536565,                 0,                 0,                 0,    -0.02506815846,  -0.0008003200546,      0.1278666264,                 0,       64.27176987
          0,           0,         492,      -11.67311945,      -12.49668004,      -12.24119724,      -11.12359966,             0.448,    0.001989266154,      0.1278536565,                 0,                 0,                 0,    -0.02506815847,  -0.0008003200549,      0.1278666264,                 0,       64.27176988
          0,           0,         493,      -11.68697648,      -12.51463108,      -12.25585183,      -11.13747376,             0.448,    0.001989266153,      0.1278536564,                 0,                 0,                 0,    -0.02506815848,  -0.0008003200551,      0.1278666263,                 0,        64.2717699
          0,           0,         494,      -11.70073131,       -12.5329578,      -12.26957301,      -11.15123396,             0.448,    0.001989266152,      0.1278536564,                 0,                 0,                 0,    -0.02506815848,  -0.0008003200553,      0.1278666263,                 0,       64.27176991
          0,           0,         495,      -11.71440024,      -12.55163358,      -12.28238983,      -11.16489649,             0.448,    0.001989266151,      0.1278536563,                 0,                 0,                 0,    -0.02506815849,  -0.0008003200554,      0.1278666263,                 0,       64.27176993
          0,           0,         496,      -11.72800071,      -12.57062901,      -12.29435258,      -11.17847897,             0.448,     0.00198926615,      0.1278536563,                 0,                 0,                 0,     -0.0250681585,  -0.0008003200555,      0.1278666262,                 0,       64.27176994
          0,           0,         497,      -11.74155107,      -12.58987514,      -12.30553888,      -11.19200023,             0.448,    0.001989266149,      0.1278536563,                 0,                 0,                 0,     -0.0250681585,  -0.0008003200556,      0.1278666262,                 0,       64.27176995
          0,           0,         498,      -11.75507005,      -12.60932854,      -12.31603765,      -11.20547938,             0.448,    0.001989266148,      0.1278536562,                 0,                 0,                 0,    -0.02506815851,  -0.0008003200556,      0.1278666261,                 0,       64.27176996
          0,           0,         499,      -11.76857627,      -12.62891725,      -12.32595268,      -11.21893552,             0.448,    0.001989266147,      0.1278536562,                 0,                 0,                 0,    -0.02506815851,  -0.0008003200556,      0.1278666261,                 0,       64.27176996
          0,           0,         500,       -11.7820884,      -12.64857612,      -12.33539536,      -11.23238867,             0.448,    0.001989266146,      0.1278536562,                 0,                 0,                 0,    -0.02506815852,  -0.0008003200556,      0.1278666261,                 0,       64.27176997
          0,           0,         501,      -11.79562467,      -12.66822564,      -12.34448143,       -11.2458578,             0.448,    0.001989266146,      0.1278536561,                 0,                 0,                 0,    -0.02506815852,  -0.0008003200555,       0.127866626,                 0,       64.27176997
          0,           0,         502,      -11.80920196,      -12.68781749,      -12.35332153,      -11.25936081,             0.448,    0.001989266145,      0.1278536561,                 0,                 0,                 0,    -0.02506815852,  -0.0008003200555,       0.127866626,                 0,       64.27176998
          0,           0,         503,      -11.82283725,      -12.70721241,      -12.36202959,      -11.27291597,             0.448,    0.001989266144,      0.1278536561,                 0,                 0,                 0,    -0.02506815853,  -0.0008003200554,       0.127866626,                 0,       64.27176998
          0,           0,         504,      -11.83654545,      -12.72636275,      -12.37070737,      -11.28653951,             0.448,    0.001989266144,       0.127853656,                 0,                 0,                 0,    -0.02506815853,  -0.0008003200553,      0.1278666259,                 0,       64.27176998
          0,           0,         505,      -11.85034076,      -12.74517352,      -12.37945199,      -11.30024689,             0.448,    0.001989266143,       0.127853656,                 0,                 0,                 0,    -0.02506815853,  -0.0008003200551,      0.1278666259,                 0,       64.27176998
          0,           0,         506,      -11.86423543,      -12.76352452,      -12.38834879,      -11.31405181,             0.448,    0.001989266143,       0.127853656,                 0,                 0,                 0,    -0.02506815853,   -0.000800320055,      0.1278666259,                 0,       64.27176999
          0,           0,         507,      -11.87824015,       -12.7813895,      -12.39747705,      -11.32796636,             0.448,    0.001989266143,       0.127853656,                 0,                 0,                 0,    -0.02506815853,  -0.0008003200548,      0.1278666259,                 0,       64.27176999
          0,           0,         508,      -11.89236425,      -12.79868202,      -12.40690388,      -11.34200115,             0.448,    0.001989266142,      0.1278536559,                 0,                 0,                 0,    -0.02506815854,  -0.0008003200546,      0.1278666258,                 0,       64.27176998
          0,           0,         509,      -11.90661542,      -12.81532154,      -12.41669018,      -11.35616546,             0.448,    0.001989266142,      0.1278536559,                 0,                 0,                 0,    -0.02506815854,  -0.0008003200544,      0.1278666258,                 0,       64.27176998
          0,           0,         510,      -11.92099911,      -12.83123529,      -12.42688857,      -11.37046566,             0.448,    0.001989266142,      0.1278536559,                 0,                 0,                 0,    -0.02506815854,  -0.0008003200542,      0.1278666258,                 0,       64.27176998
          0,           0,         511,      -11.93551913,       -12.8464307,      -12.43754242,       -11.3849072,             0.448,    0.001989266141,      0.1278536559,                 0,                 0,                 0,    -0.02506815854,   -0.000800320054,      0.1278666258,                 0,       64.27176998
          0,           0,         512,      -11.95017692,      -12.86090871,      -12.44868616,      -11.39949279,             0.448,    0.001989266141,      0.1278536559,                 0,                 0,                 0,    -0.02506815854,  -0.0008003200538,      0.1278666258,                 0,       64.27176997
          0,           0,         513,      -11.96497344,      -12.87459956,      -12.46035406,      -11.41422421,             0.448,    0.001989266141,      0.1278536558,                 0,                 0,                 0,    -0.02506815854,  -0.0008003200536,      0.1278666257,                 0,       64.27176997
          0,           0,         514,      -11.97990652,      -12.88760634,      -12.47256782,      -11.42910037,             0.448,    0.001989266141,      0.1278536558,                 0,                 0,                 0,    -0.02506815854,  -0.0008003200534,      0.1278666257,                 0,       64.27176997
          0,           0,         515,       -11.9949723,       -12.8999694,      -12.48534556,      -11.44411835,             0.448,    0.001989266141,      0.1278536558,                 0,                 0,                 0,    -0.02506815854,  -0.0008003200531,      0.1278666257,                 0,       64.27176996
          0,           0,         516,      -12.01016577,      -12.91167526,      -12.49870425,      -11.45927389,             0.448,    0.001989266141,      0.1278536558,                 0,                 0,                 0,    -0.02506815854,  -0.0008003200529,      0.1278666257,                 0,       64.27176996
          0,           0,         517,      -12.02547967,      -12.92285747,      -12.51265311,      -11.47456021,             0.448,    0.001989266141,      0.1278536558,                 0,                 0,                 0,    -0.02506815854,  -0.0008003200527,      0.1278666257,                 0,       64.27176995
          0,           0,         518,      -12.04090475,      -12.93356281,      -12.52719688,       -11.4899687,             0.448,    0.001989266141,      0.1278536558,                 0,                 0,                 0,    -0.02506815853,  -0.0008003200525,      0.1278666257,                 0,       64.27176995
          0,           0,         519,       -12.0564316,      -12.94387504,      -12.54233711,      -11.50549001,             0.448,    0.001989266141,      0.1278536558,                 0,                 0,                 0,    -0.02506815853,  -0.0008003200522,      0.1278666257,                 0,       64.27176994
          0,           0,         520,      -12.07204769,      -12.95391377,      -12.55807151,        -11.521112,             0.448,    0.001989266141,      0.1278536558,                 0,                 0,                 0,    -0.02506815853,   -0.000800320052,      0.1278666257,                 0,       64.27176993
          0,           0,         521,       -12.0877394,      -12.96373744,      -12.57439109,      -11.53682094,             0.448,    0.001989266141,      0.1278536558,                 0,                 0,                 0,    -0.02506815853,  -0.0008003200518,      0.1278666257,                 0,       64.27176993
          0,           0,         522,      -12.10349277,      -12.97341184,      -12.59128421,      -11.55260234,             0.448,    0.001989266141,      0.1278536557,                 0,                 0,                 0,    -0.02506815853,  -0.0008003200516,      0.1278666257,                 0,       64.27176992
          0,           0,         523,      -12.11929253,      -12.98308433,       -12.6087356,      -11.56844102,             0.448,    0.001989266141,      0.1278536557,                 0,                 0,                 0,    -0.02506815853,  -0.0008003200514,      0.1278666257,                 0,       64.27176992
          0,           0,         524,      -12.13512101,      -12.99277524,      -12.62672205,      -11.58431848,             0.448,    0.001989266142,      0.1278536557,                 0,                 0,                 0,    -0.02506815852,  -0.0008003200512,      0.1278666256,                 0,       64.27176991
          0,           0,         525,      -12.15096145,      -13.00259284,      -12.64521789,      -11.60021734,             0.448,    0.001989266142,      0.1278536557,                 0,                 0,                 0,    -0.02506815852,   -0.000800320051,      0.1278666256,                 0,        64.2717699
          0,           0,         526,      -12.16679687,      -13.01257224,      -12.66418618,      -11.61611966,             0.448,    0.001989266142,      0.1278536557,                 0,                 0,                 0,    -0.02506815852,  -0.0008003200508,      0.1278666256,                 0,        64.2717699
          0,           0,         527,      -12.18260854,      -13.02282093,      -12.68358836,      -11.63200574,             0.448,    0.001989266142,      0.1278536557,                 0,                 0,                 0,    -0.02506815852,  -0.0008003200506,      0.1278666256,                 0,       64.27176989
          0,           0,         528,      -12.19837836,       -13.0333598,      -12.70337588,       -11.6478561,             0.448,    0.001989266142,      0.1278536557,                 0,                 0,                 0,    -0.02506815852,  -0.0008003200504,      0.1278666256,                 0,       64.27176989
          0,           0,         529,      -12.21408925,      -13.04420317,      -12.72349173,      -11.66365274,             0.448,    0.001989266143,      0.1278536557,                 0,                 0,                 0,    -0.02506815851,  -0.0008003200502,      0.1278666256,                 0,       64.27176988
          0,           0,         530,      -12.22972439,      -13.05541577,      -12.74387379,      -11.67937701,             0.448,    0.001989266143,      0.1278536557,                 0,                 0,                 0,    -0.02506815851,  -0.0008003200501,      0.1278666257,                 0,       64.27176987
          0,           0,         531,      -12.24526761,      -13.06706945,      -12.76444134,      -11.69501186,             0.448,    0.001989266143,      0.1278536558,                 0,                 0,                 0,    -0.02506815851,  -0.0008003200499,      0.1278666257,                 0,       64.27176987
          0,           0,         532,      -12.26070464,      -13.07916647,      -12.78511304,      -11.71054107,             0.448,    0.001989266143,      0.1278536558,                 0,                 0,                 0,    -0.02506815851,  -0.0008003200498,      0.1278666257,                 0,       64.27176986
          0,           0,         533,      -12.27602261,      -13.09170405,      -12.80579926,      -11.72595058,             0.448,    0.001989266143,      0.1278536558,                 0,                 0,                 0,    -0.02506815851,  -0.0008003200496,      0.1278666257,                 0,       64.27176986
          0,           0,         534,      -12.29121113,       -13.1048075,      -12.82639509,      -11.74122887,             0.448,    0.001989266144,      0.1278536558,                 0,                 0,                 0,     -0.0250681585,  -0.0008003200495,      0.1278666257,                 0,       64.27176985
          0,           0,         535,      -12.30626111,      -13.11836733,      -12.84679323,      -11.75636495,             0.448,    0.001989266144,      0.1278536558,                 0,                 0,                 0,     -0.0250681585,  -0.0008003200494,      0.1278666257,                 0,       64.27176985
          0,           0,         536,      -12.32116667,      -13.13246097,      -12.86688051,      -11.77135173,             0.448,    0.001989266144,      0.1278536558,                 0,                 0,                 0,     -0.0250681585,  -0.0008003200493,      0.1278666257,                 0,       64.27176984
          0,           0,         537,      -12.33592372,      -13.14704656,      -12.88654028,      -11.78618369,             0.448,    0.001989266144,      0.1278536558,                 0,                 0,                 0,     -0.0250681585,  -0.0008003200492,      0.1278666257,                 0,       64.27176984
          0,           0,         538,      -12.35053255,      -13.16223052,      -12.90565447,      -11.80086086,             0.448,    0.001989266145,      0.1278536558,                 0,                 0,                 0,     -0.0250681585,  -0.0008003200491,      0.1278666257,                 0,       64.27176983
          0,           0,         539,      -12.36499316,       -13.1779433,       -12.9241219,      -11.81538119,             0.448,    0.001989266145,      0.1278536558,                 0,                 0,                 0,     -0.0250681585,   -0.000800320049,      0.1278666257,                 0,       64.27176983
          0,           0,         540,      -12.37931125,      -13.19419047,      -12.94183754,      -11.82974973,             0.448,    0.001989266145,      0.1278536558,                 0,                 0,                 0,    -0.02506815849,  -0.0008003200489,      0.1278666257,                 0,       64.27176983
          0,           0,         541,      -12.39349334,      -13.21092434,      -12.95873095,      -11.84397215,             0.448,    0.001989266145,      0.1278536558,                 0,                 0,                 0,    -0.02506815849,  -0.0008003200489,      0.1278666257,                 0,       64.27176982
          0,           0,         542,      -12.40754918,      -13.22818011,      -12.97473603,       -11.8580577,             0.448,    0.001989266146,      0.1278536558,                 0,                 0,                 0,    -0.02506815849,  -0.0008003200488,      0.1278666257,                 0,       64.27176982
          0,           0,         543,       -12.4214886,      -13.24594372,      -12.98981443,      -11.87201548,             0.448,    0.001989266146,      0.1278536558,                 0,                 0,                 0,    -0.02506815849,  -0.0008003200488,      0.1278666257,                 0,       64.27176982
          0,           0,         544,      -12.43532585,      -13.26419168,      -13.00395529,      -11.88586026,             0.448,    0.001989266146,      0.1278536558,                 0,                 0,                 0,    -0.02506815849,  -0.0008003200487,      0.1278666257,                 0,       64.27176981
          0,           0,         545,      -12.44907602,      -13.28283075,      -13.01717565,      -11.89960563,             0.448,    0.001989266146,      0.1278536558,                 0,                 0,                 0,    -0.02506815849,  -0.0008003200487,      0.1278666257,                 0,       64.27176981
          0,           0,         546,      -12.46275561,       -13.3017906,      -13.02952379,      -11.91326882,             0.448,    0.001989266146,      0.1278536558,                 0,                 0,                 0,    -0.02506815849,  -0.0008003200487,      0.1278666257,                 0,       64.27176981
          0,           0,         547,      -12.47638088,      -13.32117381,      -13.04105647,      -11.92686721,             0.448,    0.001989266146,      0.1278536558,                 0,                 0,                 0,    -0.02506815848,  -0.0008003200486,      0.1278666258,                 0,       64.27176981
          0,           0,         548,      -12.48997028,       -13.3407624,      -13.05186958,      -11.94041843,             0.448,    0.001989266147,      0.1278536559,                 0,                 0,                 0,    -0.02506815848,  -0.0008003200486,      0.1278666258,                 0,       64.27176981
          0,           0,         549,        -12.503542,      -13.36057898,      -13.06206022,      -11.95394234,             0.448,    0.001989266147,      0.1278536559,                 0,                 0,                 0,    -0.02506815848,  -0.0008003200486,      0.1278666258,                 0,        64.2717698
          0,           0,         550,      -12.51711417,      -13.38055221,      -13.07172561,      -11.96745772,             0.448,    0.001989266147,      0.1278536559,                 0,                 0,                 0,    -0.02506815848,  -0.0008003200486,      0.1278666258,                 0,        64.2717698
          0,           0,         551,      -12.53070682,      -13.40047522,      -13.08099788,       -11.9809861,             0.448,    0.001989266147,      0.1278536559,                 0,                 0,                 0,    -0.02506815848,  -0.0008003200486,      0.1278666258,                 0,        64.2717698
          0,           0,         552,      -12.54433286,       -13.4204283,      -13.08997854,      -11.99453942,             0.448,    0.001989266147,      0.1278536559,                 0,                 0,                 0,    -0.02506815848,  -0.0008003200486,      0.1278666258,                 0,        64.2717698
          0,           0,         553,      -12.55801274,      -13.44022349,      -13.09878083,      -12.00814193,             0.448,    0.001989266147,      0.1278536559,                 0,                 0,                 0,    -0.02506815848,  -0.0008003200486,      0.1278666258,                 0,        64.2717698
          0,           0,         554,      -12.57175989,      -13.45984922,      -13.10751509,      -12.02180704,             0.448,    0.001989266147,      0.1278536559,                 0,                 0,                 0,    -0.02506815848,  -0.0008003200487,      0.1278666258,                 0,        64.2717698
          0,           0,         555,      -12.58558967,      -13.47909348,      -13.11628616,      -12.03555056,             0.448,    0.001989266147,      0.1278536559,                 0,                 0,                 0,    -0.02506815848,  -0.0008003200487,      0.1278666258,                 0,        64.2717698
          0,           0,         556,      -12.59951207,      -13.49804487,      -13.12517123,      -12.04938535,             0.448,    0.001989266147,      0.1278536559,                 0,                 0,                 0,    -0.02506815848,  -0.0008003200487,      0.1278666258,                 0,        64.2717698
          0,           0,         557,      -12.61354162,      -13.51635636,      -13.13427089,      -12.06332618,             0.448,    0.001989266148,      0.1278536559,                 0,                 0,                 0,    -0.02506815848,  -0.0008003200487,      0.1278666258,                 0,        64.2717698
          0,           0,         558,      -12.62768434,      -13.53426871,      -13.14363788,      -12.07738105,             0.448,    0.001989266148,      0.1278536559,                 0,                 0,                 0,    -0.02506815848,  -0.0008003200488,      0.1278666258,                 0,        64.2717698
          0,           0,         559,      -12.64195025,      -13.55134167,      -13.15334717,      -12.09156195,             0.448,    0.001989266148,      0.1278536559,                 0,                 0,                 0,    -0.02506815848,  -0.0008003200488,      0.1278666258,                 0,        64.2717698
          0,           0,         560,      -12.65634579,      -13.56769099,      -13.16344532,      -12.10587526,             0.448,    0.001989266148,      0.1278536559,                 0,                 0,                 0,    -0.02506815848,  -0.0008003200488,      0.1278666258,                 0,        64.2717698
          0,           0,         561,      -12.67087117,      -13.58345777,      -13.17398512,      -12.12032213,             0.448,    0.001989266148,      0.1278536559,                 0,                 0,                 0,    -0.02506815848,  -0.0008003200489,      0.1278666258,                 0,        64.2717698
          0,           0,         562,      -12.68553169,      -13.59841487,      -13.18500485,      -12.13491088,             0.448,    0.001989266148,      0.1278536559,                 0,                 0,                 0,    -0.02506815848,  -0.0008003200489,      0.1278666258,                 0,        64.2717698
          0,           0,         563,      -12.70032463,      -13.61267862,      -13.19653862,      -12.14963888,             0.448,    0.001989266148,      0.1278536559,                 0,                 0,                 0,    -0.02506815848,  -0.0008003200489,      0.1278666258,                 0,        64.2717698
          0,           0,         564,      -12.71525086,      -13.62601469,      -13.20860547,      -12.16450738,             0.448,    0.001989266148,      0.1278536559,                 0,                 0,                 0,    -0.02506815848,   -0.000800320049,      0.1278666258,                 0,        64.2717698
          0,           0,         565,      -12.73030598,      -13.63862884,      -13.22122112,      -12.17951415,             0.448,    0.001989266148,      0.1278536559,                 0,                 0,                 0,    -0.02506815848,   -0.000800320049,      0.1278666258,                 0,        64.2717698
          0,           0,         566,      -12.74548411,      -13.65066521,      -13.23442201,      -12.19465275,             0.448,    0.001989266148,      0.1278536559,                 0,                 0,                 0,    -0.02506815848,  -0.0008003200491,      0.1278666258,                 0,        64.2717698
          0,           0,         567,      -12.76077861,      -13.66226131,       -13.2481985,      -12.20991777,             0.448,    0.001989266148,      0.1278536559,                 0,                 0,                 0,    -0.02506815848,  -0.0008003200491,      0.1278666258,                 0,        64.2717698
          0,           0,         568,      -12.77618016,      -13.67311943,      -13.26256494,       -12.2253019,             0.448,    0.001989266148,      0.1278536559,                 0,                 0,                 0,    -0.02506815848,  -0.0008003200491,      0.1278666258,                 0,       64.27176981
          0,           0,         569,      -12.79167779,      -13.68359738,      -13.27752778,      -12.24079146,             0.448,    0.001989266148,      0.1278536559,                 0,                 0,                 0,    -0.02506815848,  -0.0008003200492,      0.1278666258,                 0,       64.27176981
          0,           0,         570,      -12.80726341,      -13.69361919,      -13.29308032,      -12.25638081,             0.448,    0.001989266148,      0.1278536559,                 0,                 0,                 0,    -0.02506815848,  -0.0008003200492,      0.1278666258,                 0,       64.27176981
          0,           0,         571,      -12.82291696,      -13.70363721,      -13.30921371,      -12.27204842,             0.448,    0.001989266148,      0.1278536559,                 0,                 0,                 0,    -0.02506815848,  -0.0008003200492,      0.1278666258,                 0,       64.27176981
          0,           0,         572,      -12.83863303,      -13.71332828,      -13.32592301,       -12.2877913,             0.448,    0.001989266148,      0.1278536559,                 0,                 0,                 0,    -0.02506815848,  -0.0008003200493,      0.1278666258,                 0,       64.27176981
          0,           0,         573,      -12.85438878,      -13.72290357,      -13.34319093,      -12.30358385,             0.448,    0.001989266148,      0.1278536559,                 0,                 0,                 0,    -0.02506815848,  -0.0008003200493,      0.1278666258,                 0,       64.27176981
          0,           0,         574,      -12.87017172,      -13.73254365,      -13.36099628,      -12.31941276,             0.448,    0.001989266148,      0.1278536559,                 0,                 0,                 0,    -0.02506815848,  -0.0008003200493,      0.1278666258,                 0,       64.27176981
          0,           0,         575,      -12.88596478,       -13.7423386,      -13.37931522,      -12.33526335,             0.448,    0.001989266148,      0.1278536559,                 0,                 0,                 0,    -0.02506815848,  -0.0008003200494,      0.1278666258,                 0,       64.27176981
          0,           0,         576,      -12.90175157,       -13.7521838,      -13.39810848,      -12.35111553,             0.448,    0.001989266148,      0.1278536559,                 0,                 0,                 0,    -0.02506815848,  -0.0008003200494,      0.1278666258,                 0,       64.27176981
          0,           0,         577,      -12.91751287,      -13.76228246,       -13.4173534,      -12.36694916,             0.448,    0.001989266148,      0.1278536559,                 0,                 0,                 0,    -0.02506815848,  -0.0008003200494,      0.1278666258,                 0,       64.27176981
          0,           0,         578,      -12.93323157,      -13.77274259,       -13.4369914,      -12.38274764,             0.448,    0.001989266148,      0.1278536559,                 0,                 0,                 0,    -0.02506815848,  -0.0008003200495,      0.1278666258,                 0,       64.27176982
          0,           0,         579,      -12.94889168,      -13.78317409,      -13.45697326,       -12.3984924,             0.448,    0.001989266148,      0.1278536559,                 0,                 0,                 0,    -0.02506815848,  -0.0008003200495,      0.1278666258,                 0,       64.27176982
          0,           0,         580,      -12.96447738,      -13.79429362,       -13.4772369,      -12.41416608,             0.448,    0.001989266148,      0.1278536559,                 0,                 0,                 0,    -0.02506815848,  -0.0008003200495,      0.1278666258,                 0,       64.27176982
          0,           0,         581,      -12.97997237,      -13.80575859,      -13.49771288,      -12.42975131,             0.448,    0.001989266148,      0.1278536559,                 0,                 0,                 0,    -0.02506815848,  -0.0008003200496,      0.1278666258,                 0,       64.27176982
          0,           0,         582,      -12.99536195,      -13.81746981,      -13.51831836,      -12.44523553,             0.448,    0.001989266147,      0.1278536559,                 0,                 0,                 0,    -0.02506815848,  -0.0008003200496,      0.1278666258,                 0,       64.27176982
          0,           0,         583,      -13.01063828,       -13.8296937,      -13.53896782,      -12.46060483,             0.448,    0.001989266147,      0.1278536559,                 0,                 0,                 0,    -0.02506815848,  -0.0008003200496,      0.1278666258,                 0,       64.27176982
