"Time_Iter","Outer_Iter","Inner_Iter",    "rms[Rho]"    ,    "rms[RhoU]"   ,    "rms[RhoV]"   ,    "rms[RhoE]"   ,    "RefForce"    ,       "CD"       ,       "CL"       ,       "CSF"      ,       "CMx"      ,       "CMy"      ,       "CMz"      ,       "CFx"      ,       "CFy"      ,       "CFz"      ,      "CEff"      
          0,           0,           0,      -3.458180169,      -3.577674172,      -3.990721435,      -2.861803025,             0.448,      0.3629220241,      0.1729590256,                 0,                 0,                 0,     0.07677552114,      0.3590625772,      0.1808349683,                 0,      0.4765735175
          0,           0,           1,      -3.719237351,       -3.60064528,      -3.613135131,      -3.108730225,             0.448,       0.147140407,      0.1067748917,                 0,                 0,                 0,      0.0200738381,      0.1447761095,      0.1099593332,                 0,      0.7256666874
          0,           0,           2,      -3.648507996,      -3.567451192,      -3.584331989,      -3.050841307,             0.448,      0.1179500756,      0.1274276354,                 0,                 0,                 0,     0.02697030718,      0.1151421875,      0.1299703784,                 0,       1.080352299
          0,           0,           3,      -3.601752632,      -3.612550003,      -3.584211563,      -3.009769921,             0.448,      0.1360155952,       0.168164857,                 0,                 0,                 0,     0.03696793138,      0.1323147301,      0.1710920029,                 0,       1.236364527
          0,           0,           4,      -3.541402054,      -3.549389074,      -3.557420471,      -2.952514329,             0.448,      0.1093777704,      0.1725380859,                 0,                 0,                 0,     0.03018865713,       0.105587843,        0.17488309,                 0,       1.577451115
          0,           0,           5,      -3.533703895,      -3.525425451,      -3.538576268,      -2.949947133,             0.448,      0.1001687226,      0.1785558692,                 0,                 0,                 0,     0.03195229378,     0.09624970938,      0.1806985469,                 0,       1.782551126
          0,           0,           6,      -3.530306482,       -3.63177317,      -3.567345265,      -2.953150196,             0.448,      0.1003172926,      0.1934327349,                 0,                 0,                 0,     0.03401159073,     0.09607370697,      0.1955751134,                 0,       1.928209283
          0,           0,           7,      -3.525633343,      -3.598451163,      -3.560368022,      -2.949053867,             0.448,     0.09828876883,      0.2064267799,                 0,                 0,                 0,     0.03683914061,     0.09376220229,      0.2085218141,                 0,       2.100207199
          0,           0,           8,      -3.509577626,      -3.534201511,      -3.577506979,      -2.932482515,             0.448,     0.09681880979,      0.2150350474,                 0,                 0,                 0,     0.04275676516,      0.0921048047,      0.2170959661,                 0,       2.221004863
          0,           0,           9,        -3.5269434,      -3.566760629,      -3.589789681,      -2.953992696,             0.448,     0.09669639367,      0.2209018453,                 0,                 0,                 0,     0.04924453979,     0.09185443418,      0.2229586974,                 0,       2.284488976
          0,           0,          10,      -3.540407816,       -3.61327316,      -3.617256523,      -2.971132828,             0.448,     0.09652110664,      0.2253712908,                 0,                 0,                 0,     0.05497970487,     0.09158168844,      0.2274232554,                 0,       2.334943088
          0,           0,          11,      -3.550079059,       -3.62970154,      -3.640841313,      -2.982543746,             0.448,     0.09557302733,       0.228302493,                 0,                 0,                 0,     0.06003134635,      0.0905698909,      0.2303330778,                 0,       2.388775362
          0,           0,          12,      -3.555822099,      -3.635518257,      -3.657011706,      -2.988677598,             0.448,     0.09427536852,       0.230285316,                 0,                 0,                 0,     0.06472747758,     0.08922928584,      0.2322871207,                 0,       2.442688049
          0,           0,          13,      -3.561328887,      -3.643346414,      -3.674096211,       -2.99286964,             0.448,     0.09313176468,        0.23228808,                 0,                 0,                 0,     0.06888682554,     0.08804226409,      0.2342644605,                 0,       2.494187464
          0,           0,          14,       -3.57418466,       -3.66041728,      -3.691786447,       -3.00357941,             0.448,     0.09200125113,      0.2337913588,                 0,                 0,                 0,      0.0717224346,     0.08687922571,      0.2357427195,                 0,       2.541175864
          0,           0,          15,      -3.592934521,      -3.688431271,      -3.713636992,       -3.02024923,             0.448,      0.0906495594,      0.2345797753,                 0,                 0,                 0,     0.07314423882,     0.08551065643,      0.2365014614,                 0,       2.587765201
          0,           0,          16,      -3.612436211,      -3.725437443,      -3.738878139,       -3.04000623,             0.448,     0.08890419293,       0.234533122,                 0,                 0,                 0,     0.07359315049,     0.08376672305,      0.2364167442,                 0,       2.638043429
          0,           0,          17,       -3.63545546,      -3.758178006,      -3.764738255,      -3.064064811,             0.448,     0.08696227123,      0.2348598305,                 0,                 0,                 0,     0.07392470466,     0.08181813637,      0.2367010122,                 0,       2.700709482
          0,           0,          18,       -3.66322938,       -3.78475621,      -3.791868602,      -3.092793017,             0.448,     0.08486156557,      0.2352765355,                 0,                 0,                 0,     0.07411921154,     0.07970884024,      0.2370717914,                 0,       2.772474605
          0,           0,          19,      -3.692027448,      -3.808690328,       -3.82186499,      -3.122743506,             0.448,     0.08265549308,      0.2355598033,                 0,                 0,                 0,     0.07414477651,     0.07749711329,      0.2373068665,                 0,       2.849898954
          0,           0,          20,      -3.718188759,      -3.832705682,      -3.854954609,      -3.150196393,             0.448,     0.08043750767,         0.2359381,                 0,                 0,                 0,     0.07411100959,     0.07527140319,      0.2376366881,                 0,       2.933185113
          0,           0,          21,       -3.73880073,      -3.862179717,      -3.889830071,      -3.172504222,             0.448,      0.0782621777,      0.2364779896,                 0,                 0,                 0,     0.07396780231,     0.07308481326,      0.2381289947,                 0,       3.021612694
          0,           0,          22,      -3.752093351,      -3.899418911,      -3.924345782,      -3.187840321,             0.448,     0.07621772601,      0.2373153251,                 0,                 0,                 0,      0.0736509075,     0.07102258172,      0.2389215314,                 0,       3.113650033
          0,           0,          23,      -3.758632019,      -3.942110406,      -3.956603546,      -3.196264827,             0.448,     0.07440756102,      0.2385210826,                 0,                 0,                 0,     0.07310218309,     0.06918654404,      0.2400875135,                 0,       3.205602755
          0,           0,          24,       -3.76032781,      -3.984756533,      -3.985731941,      -3.199227356,             0.448,     0.07300838112,      0.2404467262,                 0,                 0,                 0,     0.07244292589,     0.06774568942,      0.2419821759,                 0,       3.293412654
          0,           0,          25,      -3.762385558,      -4.021743872,      -4.011552716,      -3.201683125,             0.448,     0.07208289156,       0.242852775,                 0,                 0,                 0,     0.07160231845,     0.06676793242,      0.2443674626,                 0,       3.369076486
          0,           0,          26,      -3.772031462,      -4.049787029,      -4.034614655,      -3.210806827,             0.448,     0.07157924947,      0.2452159633,                 0,                 0,                 0,     0.07051492096,      0.0662128575,      0.2467191016,                 0,       3.425796793
          0,           0,          27,      -3.795094502,      -4.068799788,      -4.056863092,      -3.232765692,             0.448,     0.07154327984,      0.2477105438,                 0,                 0,                 0,     0.06934581433,     0.06612247744,      0.2492123038,                 0,       3.462387303
          0,           0,          28,      -3.825965384,      -4.085387054,      -4.081742416,      -3.261947496,             0.448,     0.07178908955,      0.2494814858,                 0,                 0,                 0,      0.0679018929,     0.06632959576,      0.2509881867,                 0,       3.475200582
          0,           0,          29,       -3.85462669,      -4.107643259,       -4.11289635,      -3.289152394,             0.448,     0.07226166595,      0.2505835358,                 0,                 0,                 0,      0.0663105738,     0.06677801861,      0.2521002836,                 0,       3.467724311
          0,           0,          30,      -3.880448644,       -4.13786041,      -4.151343225,      -3.315116106,             0.448,     0.07293547421,      0.2512939662,                 0,                 0,                 0,      0.0647595665,     0.06743616856,       0.252825244,                 0,       3.445428564
          0,           0,          31,      -3.906624719,      -4.174778411,      -4.193824999,      -3.343074654,             0.448,     0.07376650379,       0.251603931,                 0,                 0,                 0,     0.06318803513,     0.06826023853,      0.2531532639,                 0,       3.410815453
          0,           0,          32,      -3.936319974,      -4.216997392,      -4.236141201,      -3.374839841,             0.448,     0.07469021206,      0.2515086783,                 0,                 0,                 0,     0.06163609148,     0.06918580491,      0.2530781844,                 0,       3.367357935
          0,           0,          33,      -3.970891078,      -4.261291719,      -4.274459019,      -3.410598187,             0.448,     0.07570624731,       0.251482375,                 0,                 0,                 0,     0.06042422339,     0.07020217218,      0.2530740521,                 0,       3.321817999
          0,           0,          34,      -4.011928184,      -4.301807805,       -4.30758053,      -3.451204586,             0.448,     0.07677431718,      0.2516241832,                 0,                 0,                 0,     0.05959175359,     0.07126689434,      0.2532391264,                 0,       3.277452571
          0,           0,          35,      -4.060620699,      -4.333091643,        -4.3382849,      -3.498162763,             0.448,     0.07775940563,      0.2514815316,                 0,                 0,                 0,     0.05894085463,      0.0722548603,      0.2531179983,                 0,       3.234097915
          0,           0,          36,      -4.114631322,       -4.35597399,      -4.368222539,      -3.550559154,             0.448,     0.07860155869,      0.2510644734,                 0,                 0,                 0,     0.05847865512,     0.07310591103,      0.2527194109,                 0,       3.194141154
          0,           0,          37,       -4.16099548,      -4.377978109,      -4.398804831,      -3.596463597,             0.448,     0.07927727666,      0.2504809577,                 0,                 0,                 0,     0.05821622822,     0.07379419752,      0.2521507747,                 0,       3.159555528
          0,           0,          38,      -4.193035156,      -4.401748785,      -4.431523987,      -3.629856988,             0.448,     0.07975935504,      0.2497149295,                 0,                 0,                 0,     0.05809446505,     0.07429287199,      0.2513954453,                 0,       3.130854423
          0,           0,          39,      -4.208791013,      -4.428408398,      -4.466676536,      -3.647644591,             0.448,     0.08004945916,      0.2488479156,                 0,                 0,                 0,     0.05810377567,     0.07460182089,      0.2505349662,                 0,       3.108677038
          0,           0,          40,      -4.212539073,        -4.4570691,      -4.503039499,      -3.652984951,             0.448,     0.08016704917,      0.2479237436,                 0,                 0,                 0,      0.0582122594,     0.07473954362,      0.2496135794,                 0,       3.092589114
          0,           0,          41,      -4.210950566,      -4.485750841,      -4.537812534,      -3.651949754,             0.448,     0.08012488164,      0.2469226277,                 0,                 0,                 0,     0.05838221053,     0.07471922535,      0.2486117819,                 0,       3.081722215
          0,           0,          42,      -4.211080261,      -4.510757888,      -4.569215643,      -3.651706544,             0.448,      0.0799445426,      0.2459286631,                 0,                 0,                 0,     0.05862087122,     0.07456061245,      0.2476141197,                 0,       3.076240793
          0,           0,          43,      -4.218834095,       -4.52628655,      -4.597257103,      -3.658655285,             0.448,     0.07965576952,      0.2450302382,                 0,                 0,                 0,     0.05892068347,     0.07429150713,      0.2467096091,                 0,       3.076114131
          0,           0,          44,      -4.233612588,      -4.534678177,      -4.623351152,      -3.672279954,             0.448,     0.07928218596,        0.24424565,                 0,                 0,                 0,     0.05925727989,     0.07393512817,      0.2459170579,                 0,       3.080712862
          0,           0,          45,      -4.260384442,      -4.539000416,      -4.648933294,      -3.698049071,             0.448,     0.07884905093,      0.2436114712,                 0,                 0,                 0,     0.05963672447,     0.07351593075,      0.2452735813,                 0,       3.089592942
          0,           0,          46,       -4.29745698,      -4.551169366,      -4.677324888,      -3.734004103,             0.448,     0.07837631805,      0.2430963992,                 0,                 0,                 0,     0.06001968907,      0.0730545466,      0.2447483192,                 0,       3.101656281
          0,           0,          47,      -4.342081452,      -4.575054044,      -4.708684734,      -3.777411146,             0.448,     0.07788986945,      0.2427239361,                 0,                 0,                 0,     0.06042367545,     0.07257633901,      0.2443653329,                 0,       3.116245255
          0,           0,          48,      -4.392133827,      -4.605935599,      -4.740293085,      -3.827052354,             0.448,     0.07745991416,      0.2427165369,                 0,                 0,                 0,     0.06089493452,     0.07214664745,      0.2443485561,                 0,       3.133447016
          0,           0,          49,      -4.442618399,      -4.643842366,      -4.772218023,      -3.878217122,             0.448,     0.07708684165,      0.2428881276,                 0,                 0,                 0,     0.06132123131,     0.07176992049,      0.2445119674,                 0,        3.15083771
          0,           0,          50,      -4.486153634,      -4.686255204,      -4.802869426,      -3.923469051,             0.448,      0.0767723457,       0.243146122,                 0,                 0,                 0,     0.06167335292,     0.07144987126,      0.2447630397,                 0,       3.167105548
          0,           0,          51,      -4.517329064,      -4.729926947,       -4.83258298,      -3.957060392,             0.448,     0.07652997766,       0.243523809,                 0,                 0,                 0,     0.06199149156,      0.0711993217,      0.2451353496,                 0,       3.182070823
          0,           0,          52,      -4.535476685,      -4.773345068,       -4.86061169,      -3.977437393,             0.448,      0.0763567245,      0.2439540205,                 0,                 0,                 0,     0.06225479827,     0.07101672476,      0.2455616792,                 0,       3.194925163
          0,           0,          53,      -4.544676884,      -4.815785674,      -4.885944275,      -3.987995855,             0.448,     0.07624871276,      0.2443835868,                 0,                 0,                 0,     0.06244454591,     0.07089936778,      0.2459887871,                 0,       3.205084755
          0,           0,          54,      -4.550556039,      -4.856140257,      -4.908934533,      -3.994316882,             0.448,     0.07620465009,      0.2447946851,                 0,                 0,                 0,     0.06255880708,     0.07084634753,      0.2463988263,                 0,       3.212332645
          0,           0,          55,      -4.557653279,       -4.89277444,      -4.931552173,      -4.001257167,             0.448,     0.07622016473,      0.2451691643,                 0,                 0,                 0,     0.06259839987,     0.07085368926,      0.2467735548,                 0,       3.216591897
          0,           0,          56,      -4.568290164,      -4.924005683,      -4.955730196,      -4.011426377,             0.448,     0.07628429271,      0.2454772976,                 0,                 0,                 0,     0.06256546379,     0.07091108009,      0.2470830138,                 0,       3.217927163
          0,           0,          57,      -4.584890739,       -4.95061007,      -4.982327015,      -4.027584504,             0.448,     0.07638840297,      0.2457243437,                 0,                 0,                 0,      0.0624879009,     0.07100977629,      0.2473322722,                 0,       3.216775508
          0,           0,          58,      -4.608498689,      -4.976878996,      -5.011931693,      -4.050997273,             0.448,     0.07653462761,      0.2459637763,                 0,                 0,                 0,     0.06239447507,     0.07115074294,      0.2475748377,                 0,       3.213758059
          0,           0,          59,      -4.635366034,      -5.002559858,      -5.042155559,      -4.077709216,             0.448,     0.07669066868,      0.2460460551,                 0,                 0,                 0,     0.06222648576,     0.07130495198,      0.2476605009,                 0,       3.208291952
          0,           0,          60,      -4.665011636,      -5.027078654,      -5.071721038,       -4.10746042,             0.448,     0.07684570061,      0.2459838886,                 0,                 0,                 0,     0.06201172292,     0.07146130316,      0.2476017312,                 0,       3.201010422
          0,           0,          61,      -4.696793233,      -5.051165617,      -5.099981654,      -4.139701984,             0.448,     0.07699363628,      0.2458256181,                 0,                 0,                 0,     0.06178652908,     0.07161265629,      0.2474467256,                 0,       3.192804366
          0,           0,          62,      -4.729216536,      -5.077248018,      -5.127574192,      -4.173077141,             0.448,     0.07712479061,      0.2455698531,                 0,                 0,                 0,     0.06155151023,     0.07174935888,      0.2471938825,                 0,       3.184058603
          0,           0,          63,      -4.760000075,      -5.107594629,        -5.1552628,      -4.205264984,             0.448,     0.07723386186,      0.2452294053,                 0,                 0,                 0,     0.06131387558,     0.07186583101,      0.2468558952,                 0,       3.175153999
          0,           0,          64,      -4.786945116,      -5.142830172,      -5.182948615,      -4.233875098,             0.448,     0.07731890551,      0.2448321374,                 0,                 0,                 0,     0.06108728977,     0.07195952077,       0.246460577,                 0,       3.166523579
          0,           0,          65,      -4.808936719,      -5.181929589,      -5.210083588,      -4.257447669,             0.448,     0.07737832624,      0.2443975893,                 0,                 0,                 0,     0.06087969808,     0.07202840698,      0.2460274286,                 0,       3.158476038
          0,           0,          66,      -4.826590678,      -5.222449676,      -5.236684705,      -4.276259178,             0.448,     0.07741125947,      0.2439417863,                 0,                 0,                 0,     0.06069786046,     0.07207127567,      0.2455724525,                 0,        3.15124425
          0,           0,          67,       -4.84159004,      -5.261330861,       -5.26304524,      -4.291816765,             0.448,     0.07741897507,      0.2434874449,                 0,                 0,                 0,     0.06054934851,     0.07208890084,      0.2451183875,                 0,        3.14506159
          0,           0,          68,      -4.855984916,      -5.295858173,      -5.289347864,       -4.30625635,             0.448,      0.0774044119,      0.2430517922,                 0,                 0,                 0,     0.06043843823,     0.07208384484,      0.2446825208,                 0,       3.140025048
          0,           0,          69,      -4.871211365,      -5.324931064,      -5.315409287,      -4.321173559,             0.448,     0.07737086479,      0.2426528352,                 0,                 0,                 0,      0.0603670292,     0.07205900892,       0.244282927,                 0,       3.136230103
          0,           0,          70,      -4.888091604,      -5.349375339,      -5.340921696,      -4.337542222,             0.448,     0.07732204932,      0.2423021059,                 0,                 0,                 0,     0.06033283173,     0.07201785618,      0.2439312162,                 0,       3.133674133
          0,           0,          71,      -4.906655663,      -5.371165607,      -5.365581944,      -4.355518365,             0.448,     0.07726221445,      0.2420074656,                 0,                 0,                 0,     0.06033208969,      0.0719644631,      0.2436353407,                 0,       3.132287461
          0,           0,          72,       -4.92623533,      -5.392449833,      -5.389060417,      -4.374536961,             0.448,     0.07719530996,      0.2417799049,                 0,                 0,                 0,     0.06036228328,     0.07190253874,      0.2434063747,                 0,       3.132054331
          0,           0,          73,      -4.946198437,      -5.414609139,      -5.411603985,      -4.394033846,             0.448,     0.07712517789,      0.2416188572,                 0,                 0,                 0,     0.06041873546,     0.07183593659,      0.2432438353,                 0,       3.132814261
          0,           0,          74,      -4.965827193,      -5.438277807,      -5.433774168,      -4.413312957,             0.448,     0.07705542341,      0.2415241805,                 0,                 0,                 0,     0.06049571963,     0.07176826408,      0.2431476595,                 0,        3.13442156
          0,           0,          75,      -4.984586602,      -5.463611836,       -5.45566437,      -4.431904273,             0.448,      0.0769892113,       0.241485172,                 0,                 0,                 0,     0.06058651256,     0.07170291869,      0.2431072159,                 0,       3.136610545
          0,           0,          76,      -5.002050108,      -5.490477515,      -5.477614177,      -4.449373367,             0.448,     0.07692901501,      0.2414979504,                 0,                 0,                 0,     0.06068634312,     0.07164245797,      0.2431186781,                 0,       3.139231022
          0,           0,          77,      -5.018326028,      -5.518271936,      -5.500499718,      -4.465775618,             0.448,     0.07687654571,      0.2415579578,                 0,                 0,                 0,     0.06079096684,     0.07158869209,      0.2431775266,                 0,       3.142154159
          0,           0,          78,      -5.033871516,      -5.546023213,      -5.524594174,      -4.481544448,             0.448,     0.07683299405,      0.2416547598,                 0,                 0,                 0,      0.0608953224,     0.07154303907,      0.2432733554,                 0,       3.145195144
          0,           0,          79,      -5.049446941,      -5.572616732,      -5.549978723,      -4.497395467,             0.448,     0.07679900779,      0.2417789033,                 0,                 0,                 0,       0.060994786,     0.07150635273,      0.2433967279,                 0,       3.148203476
          0,           0,          80,      -5.065798577,      -5.596968368,      -5.576436792,      -4.514057823,             0.448,      0.0767746978,      0.2419209413,                 0,                 0,                 0,     0.06108547057,     0.07147894998,      0.2435382019,                 0,       3.151050388
          0,           0,          81,      -5.083502322,      -5.618498616,      -5.603474685,      -4.532096107,             0.448,     0.07675967594,      0.2420754955,                 0,                 0,                 0,     0.06116506589,     0.07146056011,      0.2436923916,                 0,        3.15368053
          0,           0,          82,      -5.102928432,      -5.637283582,      -5.630403141,      -4.551866415,             0.448,     0.07675307508,      0.2422374124,                 0,                 0,                 0,     0.06123279086,     0.07145042863,       0.243854126,                 0,       3.156061333
          0,           0,          83,      -5.124321947,      -5.654298864,      -5.656285359,      -4.573587379,             0.448,     0.07675397449,      0.2423979762,                 0,                 0,                 0,     0.06128700725,     0.07144782514,      0.2440146712,                 0,       3.158116278
          0,           0,          84,      -5.147613044,      -5.670861305,      -5.680135633,      -4.597165074,             0.448,     0.07676126408,      0.2425501957,                 0,                 0,                 0,     0.06132679535,     0.07145179234,      0.2441670134,                 0,       3.159799393
          0,           0,          85,      -5.172362462,      -5.688111105,      -5.701513996,      -4.622125109,             0.448,     0.07677374689,        0.24268967,                 0,                 0,                 0,     0.06135216311,     0.07146122956,      0.2443067269,                 0,       3.161102328
          0,           0,          86,      -5.197940229,      -5.707088827,      -5.720595631,      -4.647827174,             0.448,     0.07679030843,       0.242809503,                 0,                 0,                 0,     0.06136292484,     0.07147517303,      0.2444268927,                 0,       3.161981088
          0,           0,          87,       -5.22362406,      -5.728456256,      -5.737739982,      -4.673490158,             0.448,     0.07680967566,      0.2429076136,                 0,                 0,                 0,     0.06136039908,     0.07149239537,      0.2445254024,                 0,       3.162461129
          0,           0,          88,       -5.24866397,      -5.752495655,      -5.753433184,        -4.6983159,             0.448,     0.07683066703,      0.2429844361,                 0,                 0,                 0,     0.06134664118,     0.07151170588,      0.2446026645,                 0,       3.162596987
          0,           0,          89,      -5.272451667,      -5.779196025,      -5.768818577,      -4.721693743,             0.448,     0.07685209823,      0.2430378146,                 0,                 0,                 0,     0.06132286137,     0.07153196753,      0.2446564978,                 0,       3.162409618
          0,           0,          90,      -5.294610329,      -5.807916023,      -5.785291074,      -4.743312252,             0.448,      0.0768728647,      0.2430669093,                 0,                 0,                 0,     0.06129098726,     0.07155209436,      0.2446860387,                 0,       3.161933801
          0,           0,          91,       -5.31506457,      -5.837784759,       -5.80350198,      -4.763178984,             0.448,     0.07689207815,      0.2430733808,                 0,                 0,                 0,     0.06125371436,     0.07157116206,      0.2446929278,                 0,       3.161227875
          0,           0,          92,      -5.334222865,      -5.867581463,      -5.823767385,      -4.781780622,             0.448,     0.07690907509,      0.2430595319,                 0,                 0,                 0,     0.06121342156,     0.07158845706,       0.244679453,                 0,       3.160349174
          0,           0,          93,      -5.352727923,      -5.896052451,      -5.846195158,      -4.799841905,             0.448,     0.07692342291,      0.2430283229,                 0,                 0,                 0,     0.06117216875,     0.07160348229,      0.2446485644,                 0,       3.159353988
          0,           0,          94,      -5.371274303,      -5.922375553,      -5.870764795,      -4.818127905,             0.448,     0.07693491324,      0.2429835299,                 0,                 0,                 0,     0.06113194794,     0.07161594704,      0.2446040327,                 0,       3.158299914
          0,           0,          95,      -5.390491053,      -5.946284971,      -5.897334764,      -4.837308169,             0.448,     0.07694352145,      0.2429290513,                 0,                 0,                 0,     0.06109444522,     0.07162574165,      0.2445497548,                 0,       3.157238539
          0,           0,          96,      -5.410791025,      -5.968037111,      -5.925305155,      -4.857807955,             0.448,     0.07694936322,      0.2428684518,                 0,                 0,                 0,     0.06106090653,       0.071632904,      0.2444892972,                 0,       3.156211327
          0,           0,          97,      -5.432383713,      -5.988210228,      -5.954098374,      -4.879843664,             0.448,     0.07695263213,      0.2428050583,                 0,                 0,                 0,     0.06103233495,     0.07163755505,      0.2444259901,                 0,       3.155253454
          0,           0,          98,       -5.45531199,      -6.007776456,      -5.982754854,      -4.903453133,             0.448,     0.07695356001,      0.2427421618,                 0,                 0,                 0,     0.06100959578,     0.07163985479,      0.2443631288,                 0,       3.154398079
          0,           0,          99,       -5.47949681,      -6.027516634,      -6.010424509,       -4.92851769,             0.448,     0.07695240426,      0.2426826292,                 0,                 0,                 0,     0.06099322597,     0.07163999802,      0.2443035851,                 0,       3.153671825
          0,           0,         100,      -5.504609467,      -6.048011073,      -6.036194519,      -4.954629399,             0.448,     0.07694947559,      0.2426285081,                 0,                 0,                 0,      0.0609832544,     0.07163825069,       0.244249413,                 0,       3.153088519
          0,           0,         101,      -5.530204443,      -6.069560962,      -6.059770155,      -4.981253001,             0.448,     0.07694506097,      0.2425820991,                 0,                 0,                 0,     0.06097967921,     0.07163484953,      0.2442029187,                 0,       3.152666279
          0,           0,         102,      -5.555751099,       -6.09238295,      -6.081146381,      -5.007746977,             0.448,     0.07693951912,      0.2425444046,                 0,                 0,                 0,     0.06098196734,     0.07163013129,      0.2441651124,                 0,       3.152403438
          0,           0,         103,      -5.580753523,      -6.116571723,      -6.100684233,       -5.03349653,             0.448,     0.07693323095,      0.2425156465,                 0,                 0,                 0,     0.06098928462,     0.07162447198,      0.2441362239,                 0,       3.152287295
          0,           0,         104,      -5.604774062,      -6.141971275,      -6.118844656,      -5.057951063,             0.448,     0.07692653649,      0.2424958563,                 0,                 0,                 0,     0.06100079795,     0.07161821083,      0.2441162924,                 0,       3.152304359
          0,           0,         105,      -5.627512358,      -6.168294561,      -6.136081263,      -5.080750231,             0.448,     0.07691975006,      0.2424847299,                 0,                 0,                 0,      0.0610156082,     0.07161166874,      0.2441050206,                 0,       3.152437829
          0,           0,         106,      -5.648872342,      -6.195158346,      -6.153108001,      -5.101786453,             0.448,     0.07691315497,       0.242481548,                 0,                 0,                 0,     0.06103275155,     0.07160514463,      0.2441016956,                 0,       3.152666771
          0,           0,         107,      -5.669009704,      -6.222099521,      -6.170383247,      -5.121253758,             0.448,     0.07690694157,      0.2424856504,                 0,                 0,                 0,     0.06105150675,     0.07159884321,      0.2441056615,                 0,       3.152974822
          0,           0,         108,      -5.688272076,      -6.248762288,      -6.188647057,      -5.139579659,             0.448,      0.0769012628,      0.2424960283,                 0,                 0,                 0,     0.06107112908,     0.07159293941,      0.2441159131,                 0,       3.153342604
          0,           0,         109,      -5.707109372,      -6.275087931,      -6.208213413,      -5.157339638,             0.448,     0.07689623371,      0.2425116045,                 0,                 0,                 0,      0.0610908887,     0.07158757172,      0.2441313758,                 0,       3.153751397
          0,           0,         110,      -5.726019838,      -6.300950431,      -6.229423783,      -5.175168952,             0.448,     0.07689193877,       0.242531195,                 0,                 0,                 0,     0.06111008195,     0.07158285043,      0.2441508679,                 0,       3.154182335
          0,           0,         111,      -5.745359239,      -6.326443285,      -6.252259879,      -5.193533506,             0.448,     0.07688843285,      0.2425535415,                 0,                 0,                 0,     0.06112806711,     0.07157885786,      0.2441731327,                 0,       3.154616794
          0,           0,         112,      -5.765425287,      -6.351782787,      -6.276397065,      -5.212819886,             0.448,     0.07688572352,      0.2425777071,                 0,                 0,                 0,     0.06114441703,       0.071575622,      0.2441972334,                 0,       3.155042263
          0,           0,         113,      -5.786275399,      -6.377149386,       -6.30150275,      -5.233133666,             0.448,     0.07688382245,      0.2426023181,                 0,                 0,                 0,     0.06115863907,      0.0715731845,       0.244221797,                 0,       3.155440382
          0,           0,         114,      -5.807923702,      -6.402793482,      -6.327433471,      -5.254538589,             0.448,     0.07688268361,      0.2426265483,                 0,                 0,                 0,     0.06117051925,     0.07157151736,      0.2442459966,                 0,        3.15580228
          0,           0,         115,      -5.830265743,      -6.429053601,      -6.353327386,      -5.276977187,             0.448,     0.07688224424,      0.2426495915,                 0,                 0,                 0,     0.06117991652,     0.07157057541,      0.2442690248,                 0,       3.156120037
          0,           0,         116,      -5.853078496,      -6.456098323,      -6.378246961,      -5.300214231,             0.448,     0.07688243423,      0.2426706698,                 0,                 0,                 0,     0.06118675521,     0.07157030553,      0.2442901022,                 0,         3.1563864
          0,           0,         117,      -5.876154835,      -6.483580059,      -6.401966613,      -5.323990501,             0.448,     0.07688317022,      0.2426891975,                 0,                 0,                 0,     0.06119107652,     0.07157063717,      0.2443086415,                 0,       3.156597169
          0,           0,         118,      -5.899222683,      -6.511111465,      -6.424384833,      -5.347957909,             0.448,      0.0768843579,      0.2427048184,                 0,                 0,                 0,     0.06119302205,     0.07157148379,      0.2443242847,                 0,       3.156751582
          0,           0,         119,      -5.922067289,      -6.538276731,      -6.445597527,      -5.371824362,             0.448,     0.07688590782,      0.2427172807,                 0,                 0,                 0,     0.06119275407,     0.07157276148,      0.2443367778,                 0,       3.156850033
          0,           0,         120,       -5.94460143,      -6.564712886,      -6.465520525,      -5.395407228,             0.448,     0.07688773329,      0.2427263786,                 0,                 0,                 0,     0.06119046447,     0.07157438805,      0.2443459134,                 0,       3.156893411
          0,           0,         121,      -5.966866081,      -6.590000855,      -6.484220424,      -5.418628989,             0.448,     0.07688973237,       0.242732169,                 0,                 0,                 0,     0.06118647066,     0.07157626033,       0.244351746,                 0,       3.156886642
          0,           0,         122,      -5.988983151,      -6.613700973,       -6.50210929,      -5.441495675,             0.448,     0.07689180618,      0.2427348365,                 0,                 0,                 0,     0.06118111869,     0.07157827546,      0.2443544581,                 0,       3.156836191
          0,           0,         123,      -6.011145349,      -6.635616159,      -6.519836062,      -5.464119339,             0.448,     0.07689387253,      0.2427345602,                 0,                 0,                 0,     0.06117470871,     0.07158034735,      0.2443542269,                 0,       3.156747764
          0,           0,         124,      -6.033478767,      -6.655800774,      -6.537850575,      -5.486573008,             0.448,     0.07689586095,      0.2427315584,                 0,                 0,                 0,     0.06116752341,     0.07158240078,      0.2443512693,                 0,       3.156627098
          0,           0,         125,      -6.056130686,      -6.674633154,      -6.556663621,      -5.508993855,             0.448,     0.07689771166,      0.2427261031,                 0,                 0,                 0,     0.06115983451,     0.07158437005,      0.2443458556,                 0,       3.156480185
          0,           0,         126,      -6.079237401,      -6.692473528,      -6.576487736,      -5.531545787,             0.448,      0.0768993722,      0.2427185257,                 0,                 0,                 0,     0.06115191015,      0.0715861955,      0.2443383162,                 0,       3.156313487
          0,           0,         127,      -6.102818959,      -6.709736594,      -6.597716698,       -5.55429247,             0.448,     0.07690079685,      0.2427092421,                 0,                 0,                 0,     0.06114402252,     0.07158782233,       0.244329066,                 0,       3.156134294
          0,           0,         128,      -6.126856153,      -6.726915143,      -6.620605395,      -5.577294797,             0.448,     0.07690195325,      0.2426986752,                 0,                 0,                 0,      0.0611364115,     0.07158920897,      0.2443185268,                 0,       3.155949426
          0,           0,         129,      -6.151219883,      -6.744909956,       -6.64484623,      -5.600522012,             0.448,     0.07690282655,      0.2426871568,                 0,                 0,                 0,     0.06112925093,     0.07159033333,      0.2443070301,                 0,       3.155763809
          0,           0,         130,      -6.175751988,      -6.764262793,      -6.669894031,      -5.623916849,             0.448,     0.07690341156,      0.2426750893,                 0,                 0,                 0,     0.06112269024,     0.07159118146,      0.2442949783,                 0,       3.155582885
          0,           0,         131,      -6.200316209,      -6.785139325,         -6.695455,      -5.647447394,             0.448,     0.07690371455,      0.2426628326,                 0,                 0,                 0,     0.06111683561,     0.07159175175,      0.2442827311,                 0,       3.155411075
          0,           0,         132,      -6.224819958,      -6.807756357,      -6.721233612,      -5.671128329,             0.448,     0.07690375031,      0.2426507156,                 0,                 0,                 0,     0.06111176049,     0.07159205184,      0.2442706177,                 0,       3.155252047
          0,           0,         133,      -6.249085273,      -6.832357672,      -6.746541244,       -5.69485172,             0.448,     0.07690354492,      0.2426389543,                 0,                 0,                 0,     0.06110748112,     0.07159210306,      0.2442588548,                 0,       3.155107539
          0,           0,         134,      -6.273031857,      -6.858821949,      -6.771093537,      -5.718575709,             0.448,     0.07690312535,      0.2426277614,                 0,                 0,                 0,     0.06110400315,     0.07159192777,      0.2442476554,                 0,       3.154979207
          0,           0,         135,      -6.296653653,      -6.887055244,      -6.794701573,      -5.742308238,             0.448,     0.07690251996,      0.2426173269,                 0,                 0,                 0,      0.0611013151,     0.07159155015,      0.2442372102,                 0,       3.154868358
          0,           0,         136,      -6.319944795,      -6.916721764,      -6.817404046,      -5.766026663,             0.448,        0.07690176,      0.2426077857,                 0,                 0,                 0,     0.06109937696,     0.07159099851,      0.2442276546,                 0,       3.154775465
          0,           0,         137,      -6.342996722,      -6.947263636,      -6.838643971,      -5.789745865,             0.448,     0.07690088047,       0.242599209,                 0,                 0,                 0,     0.06109811728,     0.07159030629,      0.2442190608,                 0,       3.154700018
          0,           0,         138,      -6.365833389,      -6.977907058,      -6.859196161,       -5.81338763,             0.448,     0.07689991656,      0.2425916316,                 0,                 0,                 0,     0.06109745477,      0.0715895079,      0.2442114642,                 0,       3.154641025
          0,           0,         139,      -6.388475729,      -7.008088729,      -6.879465884,      -5.836896997,             0.448,      0.0768989026,      0.2425850307,                 0,                 0,                 0,     0.06109730099,     0.07158863819,      0.2442048428,                 0,       3.154596782
          0,           0,         140,      -6.410902655,      -7.037119943,      -6.899630846,      -5.860173946,             0.448,     0.07689787016,      0.2425793911,                 0,                 0,                 0,     0.06109756728,     0.07158772902,       0.244199182,                 0,       3.154565797
          0,           0,         141,      -6.433199661,      -7.064314907,      -6.919737917,      -5.883224843,             0.448,      0.0768968517,      0.2425746306,                 0,                 0,                 0,     0.06109813839,     0.07158681466,      0.2441944004,                 0,        3.15454567
          0,           0,         142,      -6.455485341,       -7.08916684,      -6.940149383,       -5.90609684,             0.448,     0.07689587338,      0.2425706635,                 0,                 0,                 0,     0.06109891285,     0.07158592311,      0.2441904129,                 0,       3.154534214
          0,           0,         143,      -6.477996215,       -7.11158038,      -6.960973928,      -5.928984011,             0.448,     0.07689495889,      0.2425673412,                 0,                 0,                 0,     0.06109978354,     0.07158508131,      0.2441870715,                 0,       3.154528525
          0,           0,         144,      -6.500867945,      -7.131650631,      -6.982660439,      -5.951991667,             0.448,     0.07689412263,      0.2425645451,                 0,                 0,                 0,       0.061100674,     0.07158430625,      0.2441842578,                 0,       3.154526468
          0,           0,         145,      -6.524201592,      -7.149768109,      -7.005464944,      -5.975220245,             0.448,      0.0768933716,      0.2425621839,                 0,                 0,                 0,      0.0611015307,      0.0715836069,      0.2441818807,                 0,       3.154526571
          0,           0,         146,      -6.548051605,      -7.166639056,       -7.02929261,      -5.998741642,             0.448,     0.07689271174,      0.2425601329,                 0,                 0,                 0,     0.06110229238,     0.07158299195,      0.2441798159,                 0,       3.154526969
          0,           0,         147,      -6.572441821,       -7.18284744,      -7.053890489,      -6.022612494,             0.448,     0.07689214576,      0.2425582702,                 0,                 0,                 0,     0.06110290618,     0.07158246674,      0.2441779412,                 0,       3.154525964
          0,           0,         148,      -6.597301556,      -7.198904514,      -7.079225602,      -6.046797582,             0.448,     0.07689167065,      0.2425565099,                 0,                 0,                 0,     0.06110334303,     0.07158203014,      0.2441761709,                 0,       3.154522561
          0,           0,         149,      -6.622419323,      -7.215364821,      -7.105016778,      -6.071141102,             0.448,     0.07689128152,       0.242554763,                 0,                 0,                 0,     0.06110357867,     0.07158167921,       0.244174416,                 0,       3.154515808
          0,           0,         150,      -6.647566851,      -7.232617477,      -7.130773439,      -6.095486147,             0.448,     0.07689097181,      0.2425529304,                 0,                 0,                 0,     0.06110359328,     0.07158140955,      0.2441725771,                 0,        3.15450468
          0,           0,         151,        -6.6725489,      -7.250826058,      -7.156085862,      -6.119709656,             0.448,     0.07689073206,      0.2425509473,                 0,                 0,                 0,     0.06110338243,     0.07158121312,      0.2441705892,                 0,       3.154488724
          0,           0,         152,      -6.697084081,      -7.270072351,      -7.180781429,      -6.143581509,             0.448,     0.07689055155,      0.2425487628,                 0,                 0,                 0,      0.0611029491,      0.0715810803,      0.2441684013,                 0,        3.15446772
          0,           0,         153,      -6.720952885,      -7.290155824,      -7.204934576,      -6.166938994,             0.448,     0.07689041863,      0.2425463383,                 0,                 0,                 0,      0.0611023044,     0.07158100031,      0.2441659745,                 0,       3.154441641
          0,           0,         154,      -6.743957873,      -7.311066867,      -7.228307712,      -6.189637482,             0.448,     0.07689032087,       0.242543658,                 0,                 0,                 0,     0.06110146909,     0.07158096104,      0.2441632927,                 0,       3.154410793
          0,           0,         155,      -6.765957501,      -7.332634294,      -7.250560645,      -6.211565307,             0.448,     0.07689024699,      0.2425407104,                 0,                 0,                 0,     0.06110046452,     0.07158095148,      0.2441603442,                 0,       3.154375489
          0,           0,         156,      -6.786935739,      -7.354490146,      -7.271747073,      -6.232700047,             0.448,     0.07689018616,      0.2425375027,                 0,                 0,                 0,     0.06109931766,     0.07158096064,      0.2441571359,                 0,       3.154336265
          0,           0,         157,      -6.807024083,      -7.376330887,      -7.292287909,      -6.253154295,             0.448,     0.07689012826,      0.2425340577,                 0,                 0,                 0,      0.0610980601,      0.0715809779,      0.2441536904,                 0,       3.154293837
          0,           0,         158,      -6.826406215,      -7.398002252,      -7.312486819,       -6.27307574,             0.448,     0.07689006475,      0.2425304025,                 0,                 0,                 0,      0.0610967231,     0.07158099415,      0.2441500348,                 0,       3.154248905
          0,           0,         159,      -6.845308601,      -7.419317803,      -7.332622133,      -6.292639157,             0.448,     0.07688998789,      0.2425265794,                 0,                 0,                 0,     0.06109534104,     0.07158100071,      0.2441462109,                 0,       3.154202336
          0,           0,         160,      -6.863990679,      -7.440162921,      -7.352997153,      -6.312042213,             0.448,     0.07688989166,      0.2425226349,                 0,                 0,                 0,     0.06109394579,     0.07158099054,      0.2441422653,                 0,       3.154154983
          0,           0,         161,      -6.882695041,      -7.460532417,      -7.373913724,      -6.331471453,             0.448,      0.0768897721,      0.2425186178,                 0,                 0,                 0,     0.06109256549,     0.07158095865,      0.2441382465,                 0,       3.154107642
          0,           0,         162,      -6.901632794,      -7.480479975,      -7.395525535,      -6.351089574,             0.448,     0.07688962687,      0.2425145787,                 0,                 0,                 0,     0.06109122667,     0.07158090157,      0.2441342051,                 0,       3.154061068
          0,           0,         163,       -6.92097793,      -7.500066059,      -7.417919694,      -6.371028079,             0.448,     0.07688945484,      0.2425105724,                 0,                 0,                 0,     0.06108995559,     0.07158081698,       0.244130196,                 0,        3.15401602
          0,           0,         164,      -6.940853805,      -7.519380625,      -7.441119933,      -6.391372929,             0.448,     0.07688925695,      0.2425066618,                 0,                 0,                 0,     0.06108877368,     0.07158070444,       0.244126282,                 0,       3.153973278
          0,           0,         165,      -6.961341423,       -7.53846138,      -7.465016424,      -6.412178263,             0.448,     0.07688903612,      0.2425028993,                 0,                 0,                 0,     0.06108769564,     0.07158056575,      0.2441225156,                 0,       3.153933402
          0,           0,         166,      -6.982419534,      -7.557304161,      -7.489523833,      -6.433401703,             0.448,     0.07688879625,        0.24249933,                 0,                 0,                 0,     0.06108673245,      0.0715804038,       0.244118942,                 0,        3.15389682
          0,           0,         167,      -7.003961949,      -7.575946116,      -7.514435694,      -6.454902005,             0.448,     0.07688854196,      0.2424959895,                 0,                 0,                 0,     0.06108588992,     0.07158022244,      0.2441155968,                 0,       3.153863805
          0,           0,         168,      -7.025840004,      -7.594356726,       -7.53942105,      -6.476550668,             0.448,     0.07688827879,      0.2424928947,                 0,                 0,                 0,     0.06108516485,     0.07158002684,       0.244112497,                 0,        3.15383435
          0,           0,         169,      -7.047953309,      -7.612413704,      -7.564264327,      -6.498255774,             0.448,     0.07688801209,      0.2424900518,                 0,                 0,                 0,     0.06108455039,     0.07157982222,      0.2441096489,                 0,       3.153808314
          0,           0,         170,      -7.070195891,      -7.629967576,      -7.588917294,      -6.519920435,             0.448,     0.07688774631,      0.2424874635,                 0,                 0,                 0,     0.06108403967,     0.07157961297,      0.2441070554,                 0,       3.153785553
          0,           0,         171,      -7.092455376,      -7.646951908,      -7.613288803,      -6.541451501,             0.448,     0.07688748537,      0.2424851279,                 0,                 0,                 0,      0.0610836246,     0.07157940304,      0.2441047147,                 0,       3.153765879
          0,           0,         172,      -7.114642611,        -7.6633721,      -7.637206803,      -6.562794355,             0.448,     0.07688723288,       0.242483038,                 0,                 0,                 0,      0.0610832953,      0.0715791962,      0.2441026198,                 0,       3.153749055
          0,           0,         173,      -7.136712087,      -7.679270013,      -7.660517187,      -6.583948572,             0.448,     0.07688699208,      0.2424811831,                 0,                 0,                 0,     0.06108304095,     0.07157899592,      0.2441007601,                 0,       3.153734807
          0,           0,         174,      -7.158672736,      -7.694751396,      -7.683198412,      -6.604971517,             0.448,     0.07688676567,      0.2424795497,                 0,                 0,                 0,     0.06108285079,      0.0715788052,      0.2440991221,                 0,        3.15372285
          0,           0,         175,      -7.180582397,      -7.710010641,      -7.705360223,      -6.625968295,             0.448,     0.07688655578,      0.2424781233,                 0,                 0,                 0,      0.0610827145,     0.07157862648,      0.2440976914,                 0,       3.153712907
          0,           0,         176,      -7.202536666,      -7.725319647,      -7.727170006,       -6.64708124,             0.448,     0.07688636396,      0.2424768876,                 0,                 0,                 0,     0.06108262211,     0.07157846166,      0.2440964519,                 0,       3.153704703
          0,           0,         177,        -7.2246476,      -7.740988097,      -7.748705082,       -6.66845991,             0.448,     0.07688619143,      0.2424758219,                 0,                 0,                 0,     0.06108256306,     0.07157831242,      0.2440953826,                 0,       3.153697918
          0,           0,         178,      -7.247061723,      -7.757347037,      -7.770219911,      -6.690278317,             0.448,     0.07688603866,      0.2424749057,                 0,                 0,                 0,     0.06108252837,     0.07157817967,      0.2440944634,                 0,       3.153692269
          0,           0,         179,       -7.26992669,      -7.774703798,      -7.791923377,      -6.712706611,             0.448,     0.07688590554,      0.2424741186,                 0,                 0,                 0,     0.06108251006,     0.07157806376,      0.2440936736,                 0,       3.153687492
          0,           0,         180,      -7.293374767,      -7.793338036,      -7.813949792,      -6.735895272,             0.448,     0.07688579156,       0.242473439,                 0,                 0,                 0,     0.06108250051,     0.07157796463,      0.2440929916,                 0,       3.153683328
          0,           0,         181,      -7.317517328,      -7.813475796,      -7.836390905,        -6.7599667,             0.448,     0.07688569571,      0.2424728465,                 0,                 0,                 0,     0.06108249341,     0.07157788173,      0.2440923972,                 0,       3.153679554
          0,           0,         182,      -7.342434765,      -7.835283651,      -7.859329221,      -6.785003892,             0.448,     0.07688561657,      0.2424723226,                 0,                 0,                 0,     0.06108248371,     0.07157781404,      0.2440918716,                 0,       3.153675985
          0,           0,         183,       -7.36816589,      -7.858864132,      -7.882828498,      -6.811041742,             0.448,     0.07688555246,        0.24247185,                 0,                 0,                 0,     0.06108246738,     0.07157776025,      0.2440913978,                 0,       3.153672469
          0,           0,         184,       -7.39469677,      -7.884251021,      -7.906911965,      -6.838057092,             0.448,     0.07688550149,      0.2424714137,                 0,                 0,                 0,     0.06108244156,      0.0715777188,      0.2440909605,                 0,       3.153668885
          0,           0,         185,      -7.421953781,      -7.911405421,      -7.931556397,      -6.865960765,             0.448,     0.07688546161,      0.2424710009,                 0,                 0,                 0,     0.06108240453,     0.07157768794,      0.2440905468,                 0,       3.153665151
          0,           0,         186,      -7.449799958,      -7.940208126,      -7.956701111,      -6.894591479,             0.448,     0.07688543072,      0.2424706013,                 0,                 0,                 0,     0.06108235574,     0.07157766578,      0.2440901467,                 0,       3.153661221
          0,           0,         187,      -7.478033617,      -7.970452484,      -7.982256008,      -6.923712346,             0.448,     0.07688540675,      0.2424702069,                 0,                 0,                 0,     0.06108229541,     0.07157765042,      0.2440897519,                 0,       3.153657074
          0,           0,         188,       -7.50639194,      -8.001833189,      -8.008096239,       -6.95301369,             0.448,     0.07688538777,      0.2424698116,                 0,                 0,                 0,     0.06108222434,     0.07157764006,      0.2440893563,                 0,       3.153652712
          0,           0,         189,      -7.534555309,      -8.033952379,      -8.034089705,       -6.98211797,             0.448,     0.07688537195,      0.2424694114,                 0,                 0,                 0,     0.06108214402,     0.07157763297,      0.2440889558,                 0,       3.153648156
          0,           0,         190,      -7.562167795,      -8.066330103,      -8.060086881,      -7.010602855,             0.448,     0.07688535768,      0.2424690044,                 0,                 0,                 0,     0.06108205637,     0.07157762759,      0.2440885486,                 0,       3.153643447
          0,           0,         191,      -7.588867951,      -8.098433125,      -8.085901078,       -7.03803779,             0.448,     0.07688534363,      0.2424685898,                 0,                 0,                 0,     0.06108196336,     0.07157762259,      0.2440881338,                 0,       3.153638631
          0,           0,         192,       -7.61432217,      -8.129724665,      -8.111354311,      -7.064027152,             0.448,     0.07688532872,      0.2424681682,                 0,                 0,                 0,     0.06108186703,     0.07157761688,      0.2440877119,                 0,       3.153633759
          0,           0,         193,      -7.638263384,       -8.15972442,      -8.136292945,      -7.088260717,             0.448,     0.07688531211,      0.2424677412,                 0,                 0,                 0,     0.06108176947,     0.07157760959,      0.2440872846,                 0,       3.153628886
          0,           0,         194,      -7.660526663,      -8.188077875,      -8.160590116,      -7.110559864,             0.448,     0.07688529324,      0.2424673113,                 0,                 0,                 0,     0.06108167262,      0.0715776001,      0.2440868545,                 0,       3.153624069
          0,           0,         195,      -7.681073734,      -8.214607907,      -8.184149152,      -7.130906475,             0.448,     0.07688527174,      0.2424668818,                 0,                 0,                 0,     0.06108157822,     0.07157758797,      0.2440864246,                 0,       3.153619365
          0,           0,         196,      -7.699998041,      -8.239320597,      -8.206919674,      -7.149443208,             0.448,     0.07688524748,      0.2424664563,                 0,                 0,                 0,     0.06108148777,       0.071577573,      0.2440859987,                 0,       3.153614825
          0,           0,         197,      -7.717514466,      -8.262390312,      -8.228953026,       -7.16645259,             0.448,     0.07688522053,      0.2424660382,                 0,                 0,                 0,      0.0610814024,     0.07157755518,      0.2440855801,                 0,       3.153610493
          0,           0,         198,       -7.73393336,      -8.284172617,      -8.250327856,      -7.182325212,             0.448,     0.07688519114,      0.2424656311,                 0,                 0,                 0,      0.0610813229,     0.07157753468,      0.2440851724,                 0,       3.153606403
          0,           0,         199,      -7.749602408,      -8.305062482,      -8.271083411,      -7.197488077,             0.448,     0.07688515964,       0.242465238,                 0,                 0,                 0,     0.06108124992,     0.07157751177,      0.2440847787,                 0,       3.153602582
          0,           0,         200,      -7.764885859,      -8.325452321,      -8.291337709,       -7.21236817,             0.448,     0.07688512649,       0.242464862,                 0,                 0,                 0,     0.06108118386,     0.07157748682,      0.2440844022,                 0,       3.153599052
          0,           0,         201,      -7.780133792,      -8.345683241,      -8.311269559,      -7.227358916,             0.448,     0.07688509217,      0.2424645056,                 0,                 0,                 0,     0.06108112474,     0.07157746029,       0.244084045,                 0,       3.153595824
          0,           0,         202,      -7.795653093,      -8.366020885,      -8.331053549,      -7.242793333,             0.448,     0.07688505724,      0.2424641705,                 0,                 0,                 0,     0.06108107232,     0.07157743268,      0.2440837092,                 0,       3.153592898
          0,           0,         203,      -7.811694124,      -8.386631944,      -8.350825394,      -7.258931882,             0.448,     0.07688502227,      0.2424638579,                 0,                 0,                 0,     0.06108102614,     0.07157740453,       0.244083396,                 0,       3.153590267
          0,           0,         204,      -7.828447616,        -8.4075747,       -8.37069115,      -7.275959776,             0.448,     0.07688498781,      0.2424635686,                 0,                 0,                 0,     0.06108098553,     0.07157737639,       0.244083106,                 0,       3.153587918
          0,           0,         205,      -7.846044488,      -8.428809436,      -8.390741439,      -7.293988376,             0.448,      0.0768849544,      0.2424633025,                 0,                 0,                 0,     0.06108094973,     0.07157734879,      0.2440828392,                 0,       3.153585827
          0,           0,         206,      -7.864557141,      -8.450219134,       -8.41104918,      -7.313058792,             0.448,     0.07688492249,      0.2424630592,                 0,                 0,                 0,     0.06108091795,      0.0715773222,      0.2440825953,                 0,       3.153583971
          0,           0,         207,      -7.884002754,      -8.471634637,      -8.431662182,      -7.333147156,             0.448,     0.07688489247,      0.2424628377,                 0,                 0,                 0,     0.06108088934,     0.07157729702,      0.2440823732,                 0,       3.153582322
          0,           0,         208,      -7.904348312,      -8.492864095,       -8.45260226,      -7.354171178,             0.448,     0.07688486464,      0.2424626368,                 0,                 0,                 0,     0.06108086313,     0.07157727358,      0.2440821718,                 0,       3.153580851
          0,           0,         209,      -7.925516953,      -8.513728202,      -8.473868363,       -7.37599843,             0.448,     0.07688483922,       0.242462455,                 0,                 0,                 0,     0.06108083856,     0.07157725213,      0.2440819894,                 0,       3.153579528
          0,           0,         210,      -7.947395638,      -8.534097538,      -8.495438061,      -7.398457288,             0.448,     0.07688481632,      0.2424622902,                 0,                 0,                 0,     0.06108081497,     0.07157723283,      0.2440818242,                 0,       3.153578324
          0,           0,         211,      -7.969843797,      -8.553922156,      -8.517266286,      -7.421349993,             0.448,       0.076884796,      0.2424621408,                 0,                 0,                 0,     0.06108079179,     0.07157721577,      0.2440816743,                 0,       3.153577214
          0,           0,         212,      -7.992702285,      -8.573245582,      -8.539284083,      -7.444466324,             0.448,     0.07688477821,      0.2424620046,                 0,                 0,                 0,     0.06108076854,     0.07157720096,      0.2440815378,                 0,       3.153576172
          0,           0,         213,      -8.015803271,      -8.592201505,      -8.561404002,      -7.467598551,             0.448,     0.07688476286,      0.2424618797,                 0,                 0,                 0,     0.06108074489,     0.07157718834,      0.2440814126,                 0,       3.153575178
          0,           0,         214,      -8.038982339,      -8.610997094,      -8.583535517,      -7.490559324,             0.448,     0.07688474984,      0.2424617646,                 0,                 0,                 0,     0.06108072064,     0.07157717783,      0.2440812972,                 0,       3.153574214
          0,           0,         215,      -8.062092324,      -8.629889148,      -8.605602654,      -7.513200729,             0.448,     0.07688473895,      0.2424616575,                 0,                 0,                 0,     0.06108069571,     0.07157716928,      0.2440811899,                 0,       3.153573269
          0,           0,         216,      -8.085016675,      -8.649157484,      -8.627553038,      -7.535430335,             0.448,     0.07688472999,      0.2424615572,                 0,                 0,                 0,     0.06108067013,     0.07157716251,      0.2440810895,                 0,       3.153572332
          0,           0,         217,      -8.107680116,      -8.669079536,       -8.64935626,        -7.5572209,             0.448,     0.07688472274,      0.2424614625,                 0,                 0,                 0,     0.06108064402,     0.07157715732,      0.2440809946,                 0,       3.153571397
          0,           0,         218,      -8.130054925,      -8.689909711,      -8.670997598,      -7.578612252,             0.448,     0.07688471695,      0.2424613723,                 0,                 0,                 0,     0.06108061753,      0.0715771535,      0.2440809044,                 0,       3.153570462
          0,           0,         219,      -8.152161804,      -8.711864472,      -8.692473361,      -7.599705286,             0.448,     0.07688471237,      0.2424612858,                 0,                 0,                 0,     0.06108059091,     0.07157715082,      0.2440808178,                 0,       3.153569525
          0,           0,         220,      -8.174065163,       -8.73511257,       -8.71378937,      -7.620649102,             0.448,     0.07688470876,      0.2424612023,                 0,                 0,                 0,      0.0610805644,     0.07157714903,      0.2440807342,                 0,       3.153568586
          0,           0,         221,      -8.195863505,      -8.759768742,      -8.734960299,      -7.641623114,             0.448,     0.07688470588,      0.2424611212,                 0,                 0,                 0,     0.06108053827,     0.07157714792,       0.244080653,                 0,       3.153567649
          0,           0,         222,       -8.21767634,      -8.785889365,      -8.756007947,      -7.662816759,             0.448,     0.07688470351,      0.2424610421,                 0,                 0,                 0,     0.06108051281,     0.07157714727,       0.244080574,                 0,       3.153566719
          0,           0,         223,      -8.239629428,      -8.813467451,      -8.776959038,      -7.684409517,             0.448,     0.07688470143,      0.2424609649,                 0,                 0,                 0,     0.06108048829,     0.07157714688,      0.2440804967,                 0,       3.153565799
          0,           0,         224,      -8.261840104,      -8.842426014,      -8.797844338,      -7.706553199,             0.448,     0.07688469948,      0.2424608894,                 0,                 0,                 0,     0.06108046496,     0.07157714658,      0.2440804212,                 0,       3.153564897
          0,           0,         225,      -8.284404052,      -8.872610479,      -8.818699366,        -7.7293574,             0.448,     0.07688469749,      0.2424608156,                 0,                 0,                 0,     0.06108044306,      0.0715771462,      0.2440803474,                 0,       3.153564019
          0,           0,         226,      -8.307384321,      -8.903781568,      -8.839564848,      -7.752878179,             0.448,     0.07688469534,      0.2424607437,                 0,                 0,                 0,     0.06108042277,     0.07157714562,      0.2440802754,                 0,       3.153563171
          0,           0,         227,      -8.330802834,      -8.935611038,      -8.860484736,      -7.777109624,             0.448,     0.07688469293,      0.2424606737,                 0,                 0,                 0,     0.06108040423,     0.07157714473,      0.2440802053,                 0,        3.15356236
          0,           0,         228,      -8.354634482,      -8.967684144,      -8.881501124,      -7.801978105,             0.448,     0.07688469018,      0.2424606057,                 0,                 0,                 0,     0.06108038752,     0.07157714347,      0.2440801374,                 0,       3.153561589
          0,           0,         229,      -8.378804246,      -8.999514355,       -8.90264759,      -7.827339933,             0.448,     0.07688468707,      0.2424605401,                 0,                 0,                 0,     0.06108037268,     0.07157714179,      0.2440800716,                 0,       3.153560862
          0,           0,         230,      -8.403188842,      -9.030575843,      -8.923944955,       -7.85298501,             0.448,     0.07688468357,      0.2424604768,                 0,                 0,                 0,     0.06108035968,     0.07157713967,      0.2440800083,                 0,       3.153560183
          0,           0,         231,      -8.427624939,      -9.060353748,      -8.945403574,      -7.878650237,             0.448,      0.0768846797,      0.2424604161,                 0,                 0,                 0,     0.06108034845,     0.07157713712,      0.2440799476,                 0,       3.153559553
          0,           0,         232,      -8.451922396,      -9.088405081,      -8.967026448,       -7.90404108,             0.448,      0.0768846755,      0.2424603582,                 0,                 0,                 0,     0.06108033886,     0.07157713419,      0.2440798895,                 0,       3.153558971
          0,           0,         233,       -8.47587736,       -9.11442139,      -8.988800729,      -7.928853802,             0.448,     0.07688467101,       0.242460303,                 0,                 0,                 0,     0.06108033077,     0.07157713091,      0.2440798343,                 0,       3.153558437
          0,           0,         234,      -8.499286607,      -9.138276055,      -9.010686883,      -7.952800292,             0.448,     0.07688466629,      0.2424602505,                 0,                 0,                 0,     0.06108032399,     0.07157712733,      0.2440797817,                 0,       3.153557949
          0,           0,         235,      -8.521967347,       -9.16003829,      -9.032623401,      -7.975641234,             0.448,     0.07688466139,      0.2424602007,                 0,                 0,                 0,     0.06108031831,     0.07157712352,      0.2440797318,                 0,       3.153557502
          0,           0,         236,      -8.543779434,      -9.179952864,      -9.054541115,      -7.997220792,             0.448,     0.07688465637,      0.2424601534,                 0,                 0,                 0,     0.06108031352,     0.07157711953,      0.2440796844,                 0,       3.153557093
          0,           0,         237,      -8.564644064,      -9.198392007,      -9.076372266,      -8.017490966,             0.448,     0.07688465129,      0.2424601085,                 0,                 0,                 0,      0.0610803094,     0.07157711543,      0.2440796394,                 0,       3.153556717
          0,           0,         238,      -8.584554861,      -9.215791228,      -9.098051233,      -8.036518413,             0.448,     0.07688464623,      0.2424600658,                 0,                 0,                 0,     0.06108030573,      0.0715771113,      0.2440795966,                 0,       3.153556369
          0,           0,         239,       -8.60357893,      -9.232585683,      -9.119512937,      -8.054473011,             0.448,     0.07688464123,      0.2424600251,                 0,                 0,                 0,     0.06108030231,     0.07157710719,      0.2440795558,                 0,       3.153556045
          0,           0,         240,      -8.621847944,      -9.249160396,       -9.14069502,      -8.071602859,             0.448,     0.07688463635,      0.2424599863,                 0,                 0,                 0,     0.06108029894,     0.07157710316,      0.2440795169,                 0,        3.15355574
          0,           0,         241,      -8.639542034,      -9.265820749,      -9.161544958,      -8.088202601,             0.448,     0.07688463164,       0.242459949,                 0,                 0,                 0,     0.06108029545,     0.07157709926,      0.2440794795,                 0,       3.153555449
          0,           0,         242,      -8.656870379,      -9.282781551,      -9.182028348,      -8.104581277,             0.448,     0.07688462713,      0.2424599132,                 0,                 0,                 0,      0.0610802917,     0.07157709554,      0.2440794436,                 0,       3.153555167
          0,           0,         243,      -8.674051818,      -9.300168003,      -9.202134022,       -8.12103424,             0.448,     0.07688462285,      0.2424598785,                 0,                 0,                 0,     0.06108028757,     0.07157709201,      0.2440794088,                 0,       3.153554892
          0,           0,         244,      -8.691297661,      -9.318022151,      -9.221875616,      -8.137821876,             0.448,     0.07688461882,      0.2424598449,                 0,                 0,                 0,     0.06108028296,     0.07157708872,      0.2440793751,                 0,        3.15355462
          0,           0,         245,      -8.708797992,      -9.336312121,      -9.241292282,      -8.155155822,             0.448,     0.07688461506,      0.2424598121,                 0,                 0,                 0,     0.06108027782,     0.07157708568,      0.2440793422,                 0,       3.153554347
          0,           0,         246,      -8.726712028,      -9.354944137,      -9.260450057,      -8.173191756,             0.448,     0.07688461157,      0.2424597799,                 0,                 0,                 0,     0.06108027211,     0.07157708289,        0.24407931,                 0,       3.153554072
          0,           0,         247,       -8.74516226,      -9.373778151,      -9.279442117,      -8.192027069,             0.448,     0.07688460835,      0.2424597483,                 0,                 0,                 0,     0.06108026581,     0.07157708036,      0.2440792783,                 0,       3.153553793
          0,           0,         248,      -8.764231664,      -9.392647087,      -9.298384869,      -8.211701785,             0.448,     0.07688460539,      0.2424597171,                 0,                 0,                 0,     0.06108025894,     0.07157707808,       0.244079247,                 0,       3.153553508
          0,           0,         249,      -8.783963184,      -9.411378638,      -9.317408652,      -8.232201571,             0.448,     0.07688460267,      0.2424596862,                 0,                 0,                 0,     0.06108025153,     0.07157707604,      0.2440792161,                 0,       3.153553218
          0,           0,         250,      -8.804361033,      -9.429817653,      -9.336644787,      -8.253462427,             0.448,     0.07688460018,      0.2424596555,                 0,                 0,                 0,     0.06108024364,     0.07157707422,      0.2440791854,                 0,       3.153552921
          0,           0,         251,      -8.825393834,      -9.447847191,      -9.356212887,      -8.275377575,             0.448,      0.0768845979,      0.2424596251,                 0,                 0,                 0,     0.06108023534,      0.0715770726,      0.2440791549,                 0,       3.153552619
          0,           0,         252,      -8.846999919,      -9.465404917,      -9.376212212,      -8.297807401,             0.448,      0.0768845958,      0.2424595949,                 0,                 0,                 0,     0.06108022673,     0.07157707116,      0.2440791247,                 0,       3.153552313
          0,           0,         253,      -8.869094172,      -9.482491581,       -9.39671689,      -8.320591798,             0.448,     0.07688459386,      0.2424595651,                 0,                 0,                 0,     0.06108021792,     0.07157706987,      0.2440790949,                 0,       3.153552005
          0,           0,         254,      -8.891574588,      -9.499170133,      -9.417770204,      -8.343562153,             0.448,     0.07688459205,      0.2424595356,                 0,                 0,                 0,     0.06108020902,     0.07157706871,      0.2440790654,                 0,       3.153551696
          0,           0,         255,      -8.914328138,      -9.515557288,      -9.439377419,      -8.366552246,             0.448,     0.07688459035,      0.2424595066,                 0,                 0,                 0,     0.06108020012,     0.07157706764,      0.2440790363,                 0,       3.153551388
          0,           0,         256,       -8.93723749,      -9.531810025,      -9.461503337,      -8.389410249,             0.448,     0.07688458874,      0.2424594782,                 0,                 0,                 0,     0.06108019133,     0.07157706665,      0.2440790078,                 0,       3.153551084
          0,           0,         257,      -8.960189121,       -9.54810991,      -9.484076745,      -8.412011916,             0.448,      0.0768845872,      0.2424594503,                 0,                 0,                 0,     0.06108018274,     0.07157706571,        0.24407898,                 0,       3.153550785
          0,           0,         258,      -8.983081891,      -9.564647113,      -9.506997007,       -8.43427224,             0.448,      0.0768845857,      0.2424594232,                 0,                 0,                 0,     0.06108017444,     0.07157706481,      0.2440789528,                 0,       3.153550494
          0,           0,         259,      -9.005834982,      -9.581604897,      -9.530138383,      -8.456152978,             0.448,     0.07688458423,      0.2424593969,                 0,                 0,                 0,     0.06108016651,     0.07157706391,      0.2440789265,                 0,       3.153550212
          0,           0,         260,      -9.028394173,      -9.599145176,      -9.553353246,      -8.477664798,             0.448,     0.07688458279,      0.2424593715,                 0,                 0,                 0,       0.061080159,     0.07157706303,      0.2440789011,                 0,       3.153549941
          0,           0,         261,       -9.05073567,      -9.617396707,      -9.576478912,      -8.498864183,             0.448,     0.07688458136,      0.2424593471,                 0,                 0,                 0,     0.06108015196,     0.07157706213,      0.2440788766,                 0,       3.153549681
          0,           0,         262,      -9.072867169,      -9.636446281,      -9.599351342,      -8.519846156,             0.448,     0.07688457995,      0.2424593237,                 0,                 0,                 0,     0.06108014544,     0.07157706123,      0.2440788532,                 0,       3.153549435
          0,           0,         263,      -9.094826202,      -9.656334239,      -9.621824113,      -8.540734002,             0.448,     0.07688457854,      0.2424593014,                 0,                 0,                 0,     0.06108013945,      0.0715770603,      0.2440788309,                 0,       3.153549203
          0,           0,         264,      -9.116675952,      -9.677053793,      -9.643787589,      -8.561667175,             0.448,     0.07688457713,      0.2424592802,                 0,                 0,                 0,       0.061080134,     0.07157705936,      0.2440788097,                 0,       3.153548985
          0,           0,         265,      -9.138498806,      -9.698552794,      -9.665183759,      -8.582788622,             0.448,     0.07688457574,      0.2424592602,                 0,                 0,                 0,      0.0610801291,     0.07157705841,      0.2440787897,                 0,       3.153548782
          0,           0,         266,      -9.160388146,      -9.720736877,      -9.686014658,      -8.604232664,             0.448,     0.07688457436,      0.2424592414,                 0,                 0,                 0,     0.06108012473,     0.07157705744,      0.2440787708,                 0,       3.153548594
          0,           0,         267,      -9.182439104,      -9.743474147,      -9.706343922,        -8.6261142,             0.448,       0.076884573,      0.2424592238,                 0,                 0,                 0,     0.06108012087,     0.07157705646,      0.2440787531,                 0,       3.153548421
          0,           0,         268,      -9.204739101,      -9.766601934,      -9.726290981,      -8.648519548,             0.448,     0.07688457166,      0.2424592073,                 0,                 0,                 0,     0.06108011749,     0.07157705548,      0.2440787366,                 0,       3.153548261
          0,           0,         269,      -9.227358739,      -9.789936256,      -9.746017783,      -8.671498896,             0.448,     0.07688457034,      0.2424591919,                 0,                 0,                 0,     0.06108011456,      0.0715770545,      0.2440787212,                 0,       3.153548115
          0,           0,         270,      -9.250343483,      -9.813284333,      -9.765709221,      -8.695060227,             0.448,     0.07688456906,      0.2424591776,                 0,                 0,                 0,     0.06108011204,     0.07157705353,      0.2440787069,                 0,       3.153547981
          0,           0,         271,      -9.273706596,      -9.836458524,      -9.785550847,      -8.719164881,             0.448,      0.0768845678,      0.2424591642,                 0,                 0,                 0,     0.06108010987,     0.07157705257,      0.2440786935,                 0,        3.15354786
          0,           0,         272,      -9.297424418,      -9.859291647,      -9.805709319,      -8.743725935,             0.448,     0.07688456659,      0.2424591519,                 0,                 0,                 0,     0.06108010802,     0.07157705162,      0.2440786811,                 0,       3.153547749
          0,           0,         273,      -9.321435927,      -9.881651419,       -9.82632098,      -8.768611873,             0.448,     0.07688456542,      0.2424591404,                 0,                 0,                 0,     0.06108010644,      0.0715770507,      0.2440786697,                 0,       3.153547647
          0,           0,         274,      -9.345646782,      -9.903450657,      -9.847487217,      -8.793655904,             0.448,     0.07688456431,      0.2424591298,                 0,                 0,                 0,     0.06108010508,     0.07157704982,       0.244078659,                 0,       3.153547555
          0,           0,         275,      -9.369933369,      -9.924652212,      -9.869265908,      -8.818665039,             0.448,     0.07688456324,      0.2424591199,                 0,                 0,                 0,     0.06108010388,     0.07157704897,      0.2440786491,                 0,       3.153547469
          0,           0,         276,      -9.394144522,      -9.945269809,      -9.891657061,      -8.843425936,             0.448,     0.07688456224,      0.2424591106,                 0,                 0,                 0,     0.06108010282,     0.07157704817,      0.2440786398,                 0,       3.153547391
          0,           0,         277,      -9.418106512,      -9.965365146,      -9.914597049,      -8.867715072,             0.448,     0.07688456129,       0.242459102,                 0,                 0,                 0,     0.06108010184,     0.07157704741,      0.2440786311,                 0,       3.153547317
          0,           0,         278,      -9.441635211,      -9.985040329,       -9.93796843,      -8.891318199,             0.448,     0.07688456039,      0.2424590938,                 0,                 0,                 0,     0.06108010092,     0.07157704669,       0.244078623,                 0,       3.153547248
          0,           0,         279,      -9.464553331,      -10.00442566,      -9.961616606,      -8.914054442,             0.448,     0.07688455954,      0.2424590861,                 0,                 0,                 0,     0.06108010003,     0.07157704601,      0.2440786152,                 0,       3.153547182
          0,           0,         280,      -9.486709673,      -10.02366418,      -9.985364161,      -8.935798284,             0.448,     0.07688455875,      0.2424590787,                 0,                 0,                 0,     0.06108009913,     0.07157704538,      0.2440786078,                 0,       3.153547119
          0,           0,         281,       -9.50799753,      -10.04289353,      -10.00902165,      -8.956494939,             0.448,       0.076884558,      0.2424590717,                 0,                 0,                 0,     0.06108009823,     0.07157704478,      0.2440786008,                 0,       3.153547058
          0,           0,         282,      -9.528368699,      -10.06222911,      -10.03239982,      -8.976166898,             0.448,     0.07688455729,      0.2424590648,                 0,                 0,                 0,     0.06108009728,     0.07157704422,      0.2440785939,                 0,       3.153546998
          0,           0,         283,      -9.547840526,      -10.08175231,      -10.05532727,      -8.994911302,             0.448,     0.07688455663,      0.2424590582,                 0,                 0,                 0,      0.0610800963,      0.0715770437,      0.2440785873,                 0,       3.153546939
          0,           0,         284,      -9.566495138,      -10.10150629,      -10.07767114,      -9.012888998,             0.448,       0.076884556,      0.2424590518,                 0,                 0,                 0,     0.06108009526,     0.07157704322,      0.2440785808,                 0,       3.153546881
          0,           0,         285,      -9.584471483,      -10.12149831,      -10.09935351,      -9.030307219,             0.448,     0.07688455541,      0.2424590455,                 0,                 0,                 0,     0.06108009417,     0.07157704277,      0.2440785745,                 0,       3.153546823
          0,           0,         286,      -9.601951606,      -10.14170563,      -10.12035837,      -9.047398874,             0.448,     0.07688455485,      0.2424590393,                 0,                 0,                 0,     0.06108009302,     0.07157704234,      0.2440785683,                 0,       3.153546766
          0,           0,         287,      -9.619143452,      -10.16208221,      -10.14073043,      -9.064401842,             0.448,     0.07688455432,      0.2424590332,                 0,                 0,                 0,     0.06108009183,     0.07157704195,      0.2440785623,                 0,       3.153546708
          0,           0,         288,       -9.63626289,      -10.18256471,      -10.16056882,      -9.081540911,             0.448,     0.07688455382,      0.2424590273,                 0,                 0,                 0,     0.06108009061,     0.07157704157,      0.2440785563,                 0,       3.153546652
          0,           0,         289,       -9.65351737,      -10.20307787,       -10.1800177,       -9.09901372,             0.448,     0.07688455334,      0.2424590214,                 0,                 0,                 0,     0.06108008934,     0.07157704122,      0.2440785505,                 0,       3.153546596
          0,           0,         290,      -9.671092752,      -10.22354101,      -10.19925313,      -9.116981074,             0.448,     0.07688455288,      0.2424590157,                 0,                 0,                 0,     0.06108008806,     0.07157704089,      0.2440785447,                 0,        3.15354654
          0,           0,         291,      -9.689143836,      -10.24387443,      -10.21846633,      -9.135561224,             0.448,     0.07688455244,      0.2424590101,                 0,                 0,                 0,     0.06108008676,     0.07157704057,      0.2440785391,                 0,       3.153546485
          0,           0,         292,      -9.707788414,      -10.26400715,      -10.23784566,       -9.15482736,             0.448,     0.07688455202,      0.2424590047,                 0,                 0,                 0,     0.06108008547,     0.07157704027,      0.2440785337,                 0,       3.153546432
          0,           0,         293,      -9.727104415,      -10.28388283,      -10.25756027,      -9.174807765,             0.448,     0.07688455162,      0.2424589994,                 0,                 0,                 0,     0.06108008418,     0.07157703998,      0.2440785284,                 0,       3.153546379
          0,           0,         294,      -9.747129657,      -10.30346509,       -10.2777482,      -9.195488264,             0.448,     0.07688455123,      0.2424589942,                 0,                 0,                 0,     0.06108008292,      0.0715770397,      0.2440785232,                 0,       3.153546328
          0,           0,         295,      -9.767863988,      -10.32274107,      -10.29851029,      -9.216817044,             0.448,     0.07688455085,      0.2424589893,                 0,                 0,                 0,      0.0610800817,     0.07157703943,      0.2440785182,                 0,       3.153546279
          0,           0,         296,      -9.789273481,      -10.34172237,      -10.31990895,      -9.238711659,             0.448,     0.07688455049,      0.2424589845,                 0,                 0,                 0,     0.06108008052,     0.07157703917,      0.2440785134,                 0,       3.153546232
          0,           0,         297,      -9.811295821,      -10.36044517,      -10.34196775,      -9.261067147,             0.448,     0.07688455014,      0.2424589799,                 0,                 0,                 0,      0.0610800794,     0.07157703892,      0.2440785089,                 0,       3.153546187
          0,           0,         298,      -9.833846011,      -10.37896843,      -10.36466801,      -9.283764106,             0.448,      0.0768845498,      0.2424589756,                 0,                 0,                 0,     0.06108007833,     0.07157703868,      0.2440785046,                 0,       3.153546145
          0,           0,         299,      -9.856822365,      -10.39737157,      -10.38794446,      -9.306677038,             0.448,     0.07688454948,      0.2424589715,                 0,                 0,                 0,     0.06108007734,     0.07157703845,      0.2440785004,                 0,       3.153546105
          0,           0,         300,      -9.880113354,      -10.41575077,      -10.41168641,       -9.32968396,             0.448,     0.07688454917,      0.2424589676,                 0,                 0,                 0,     0.06108007641,     0.07157703823,      0.2440784966,                 0,       3.153546067
          0,           0,         301,      -9.903605689,      -10.43421632,       -10.4357479,      -9.352677233,             0.448,     0.07688454888,       0.242458964,                 0,                 0,                 0,     0.06108007555,     0.07157703801,      0.2440784929,                 0,       3.153546032
          0,           0,         302,      -9.927193455,      -10.45288586,      -10.45996403,       -9.37557398,             0.448,     0.07688454859,      0.2424589606,                 0,                 0,                 0,     0.06108007476,      0.0715770378,      0.2440784895,                 0,       3.153545999
          0,           0,         303,      -9.950787321,      -10.47187865,       -10.4841659,      -9.398324291,             0.448,     0.07688454833,      0.2424589574,                 0,                 0,                 0,     0.06108007404,     0.07157703761,      0.2440784863,                 0,       3.153545968
          0,           0,         304,      -9.974322592,      -10.49130666,      -10.50819316,      -9.420916096,             0.448,     0.07688454807,      0.2424589544,                 0,                 0,                 0,     0.06108007338,     0.07157703742,      0.2440784833,                 0,        3.15354594
          0,           0,         305,       -9.99776486,      -10.51126881,      -10.53190519,      -9.443376163,             0.448,     0.07688454783,      0.2424589516,                 0,                 0,                 0,     0.06108007278,     0.07157703724,      0.2440784805,                 0,       3.153545913
          0,           0,         306,      -10.02111274,      -10.53184678,      -10.55519304,      -9.465767495,             0.448,      0.0768845476,       0.242458949,                 0,                 0,                 0,     0.06108007224,     0.07157703707,      0.2440784779,                 0,       3.153545889
          0,           0,         307,      -10.04439747,      -10.55310319,      -10.57799094,       -9.48818351,             0.448,     0.07688454739,      0.2424589466,                 0,                 0,                 0,     0.06108007175,      0.0715770369,      0.2440784755,                 0,       3.153545867
          0,           0,         308,      -10.06767926,      -10.57508103,      -10.60028368,      -9.510739373,             0.448,     0.07688454719,      0.2424589444,                 0,                 0,                 0,     0.06108007131,     0.07157703675,      0.2440784733,                 0,       3.153545846
          0,           0,         309,      -10.09104021,       -10.5978046,      -10.62210768,      -9.533561026,             0.448,       0.076884547,      0.2424589423,                 0,                 0,                 0,     0.06108007092,     0.07157703661,      0.2440784712,                 0,       3.153545827
          0,           0,         310,      -10.11457485,      -10.62127817,      -10.64354649,      -9.556773249,             0.448,     0.07688454683,      0.2424589404,                 0,                 0,                 0,     0.06108007057,     0.07157703647,      0.2440784693,                 0,       3.153545809
          0,           0,         311,       -10.1383789,      -10.64548416,      -10.66472206,      -9.580487468,             0.448,     0.07688454666,      0.2424589387,                 0,                 0,                 0,     0.06108007026,     0.07157703635,      0.2440784676,                 0,       3.153545793
          0,           0,         312,      -10.16253766,      -10.67038137,      -10.68578282,      -9.604790239,             0.448,     0.07688454651,       0.242458937,                 0,                 0,                 0,     0.06108006998,     0.07157703623,      0.2440784659,                 0,       3.153545778
          0,           0,         313,      -10.18711474,      -10.69590335,       -10.7068892,      -9.629732759,             0.448,     0.07688454637,      0.2424589355,                 0,                 0,                 0,     0.06108006973,     0.07157703612,      0.2440784644,                 0,       3.153545764
          0,           0,         314,      -10.21214188,      -10.72195823,      -10.72819788,       -9.65532171,             0.448,     0.07688454624,      0.2424589341,                 0,                 0,                 0,      0.0610800695,     0.07157703602,      0.2440784629,                 0,       3.153545751
          0,           0,         315,      -10.23761037,       -10.7484296,      -10.74984594,      -9.681511641,             0.448,     0.07688454611,      0.2424589327,                 0,                 0,                 0,     0.06108006929,     0.07157703593,      0.2440784616,                 0,       3.153545738
          0,           0,         316,      -10.26346507,      -10.77517933,      -10.77193851,      -9.708200185,             0.448,       0.076884546,      0.2424589315,                 0,                 0,                 0,     0.06108006909,     0.07157703584,      0.2440784603,                 0,       3.153545727
          0,           0,         317,       -10.2896025,      -10.80205091,      -10.79454229,      -9.735228041,             0.448,     0.07688454589,      0.2424589303,                 0,                 0,                 0,     0.06108006891,     0.07157703576,      0.2440784591,                 0,       3.153545715
          0,           0,         318,      -10.31587359,      -10.82887685,      -10.81768457,       -9.76238451,             0.448,     0.07688454579,      0.2424589291,                 0,                 0,                 0,     0.06108006874,     0.07157703568,       0.244078458,                 0,       3.153545705
          0,           0,         319,      -10.34208889,      -10.85548466,      -10.84135111,      -9.789416136,             0.448,     0.07688454569,      0.2424589281,                 0,                 0,                 0,     0.06108006858,     0.07157703561,      0.2440784569,                 0,       3.153545695
          0,           0,         320,      -10.36802549,       -10.8817085,      -10.86548081,      -9.816037302,             0.448,      0.0768845456,      0.2424589271,                 0,                 0,                 0,     0.06108006842,     0.07157703554,      0.2440784559,                 0,       3.153545685
          0,           0,         321,      -10.39343914,       -10.9074021,      -10.88996329,      -9.841947828,             0.448,     0.07688454552,      0.2424589261,                 0,                 0,                 0,     0.06108006827,     0.07157703548,      0.2440784549,                 0,       3.153545676
          0,           0,         322,      -10.41808427,      -10.93245147,      -10.91464649,      -9.866861339,             0.448,     0.07688454543,      0.2424589251,                 0,                 0,                 0,     0.06108006812,     0.07157703542,       0.244078454,                 0,       3.153545667
          0,           0,         323,      -10.44173976,      -10.95678555,      -10.93935163,      -9.890539682,             0.448,     0.07688454535,      0.2424589242,                 0,                 0,                 0,     0.06108006797,     0.07157703536,      0.2440784531,                 0,       3.153545659
          0,           0,         324,      -10.46423632,      -10.98037741,      -10.96388919,      -9.912825414,             0.448,     0.07688454528,      0.2424589233,                 0,                 0,                 0,     0.06108006782,      0.0715770353,      0.2440784522,                 0,        3.15354565
          0,           0,         325,         -10.48548,      -11.00323985,      -10.98807369,      -9.933664543,             0.448,      0.0768845452,      0.2424589225,                 0,                 0,                 0,     0.06108006768,     0.07157703524,      0.2440784513,                 0,       3.153545642
          0,           0,         326,      -10.50546623,      -11.02541845,      -11.01173746,      -9.953114348,             0.448,     0.07688454513,      0.2424589216,                 0,                 0,                 0,     0.06108006753,     0.07157703519,      0.2440784505,                 0,       3.153545634
          0,           0,         327,      -10.52428146,      -11.04697645,      -11.03474702,      -9.971335444,             0.448,     0.07688454506,      0.2424589208,                 0,                 0,                 0,     0.06108006739,     0.07157703514,      0.2440784497,                 0,       3.153545626
          0,           0,         328,      -10.54209257,      -11.06798762,       -11.0570183,      -9.988570325,             0.448,     0.07688454499,        0.24245892,                 0,                 0,                 0,     0.06108006724,     0.07157703509,      0.2440784489,                 0,       3.153545619
          0,           0,         329,       -10.5591269,      -11.08852875,      -11.07852639,      -10.00511362,             0.448,     0.07688454493,      0.2424589192,                 0,                 0,                 0,      0.0610800671,     0.07157703504,      0.2440784481,                 0,       3.153545612
          0,           0,         330,      -10.57564751,      -11.10867152,      -11.09930558,      -10.02128002,             0.448,     0.07688454486,      0.2424589185,                 0,                 0,                 0,     0.06108006695,     0.07157703499,      0.2440784473,                 0,       3.153545604
          0,           0,         331,      -10.59192791,      -11.12847974,      -11.11944267,      -10.03737559,             0.448,      0.0768845448,      0.2424589178,                 0,                 0,                 0,     0.06108006681,     0.07157703494,      0.2440784466,                 0,       3.153545598
          0,           0,         332,      -10.60822991,      -11.14800353,        -11.139066,      -10.05367531,             0.448,     0.07688454473,       0.242458917,                 0,                 0,                 0,     0.06108006667,     0.07157703489,      0.2440784459,                 0,       3.153545591
          0,           0,         333,      -10.62478662,      -11.16727645,      -11.15833365,      -10.07040801,             0.448,     0.07688454467,      0.2424589164,                 0,                 0,                 0,     0.06108006653,     0.07157703485,      0.2440784452,                 0,       3.153545584
          0,           0,         334,      -10.64179148,      -11.18631637,      -11.17742031,      -10.08774844,             0.448,     0.07688454462,      0.2424589157,                 0,                 0,                 0,     0.06108006639,      0.0715770348,      0.2440784445,                 0,       3.153545578
          0,           0,         335,      -10.65939237,      -11.20512616,      -11.19650438,       -10.1058143,             0.448,     0.07688454456,       0.242458915,                 0,                 0,                 0,     0.06108006625,     0.07157703476,      0.2440784439,                 0,       3.153545572
          0,           0,         336,      -10.67768951,      -11.22370032,      -11.21575537,      -10.12466708,             0.448,      0.0768845445,      0.2424589144,                 0,                 0,                 0,     0.06108006612,     0.07157703472,      0.2440784433,                 0,       3.153545566
          0,           0,         337,      -10.69673668,      -11.24203132,      -11.23532184,      -10.14431557,             0.448,     0.07688454445,      0.2424589138,                 0,                 0,                 0,     0.06108006599,     0.07157703468,      0.2440784427,                 0,       3.153545561
          0,           0,         338,      -10.71654434,      -11.26011536,      -11.25532375,      -10.16472144,             0.448,      0.0768845444,      0.2424589133,                 0,                 0,                 0,     0.06108006586,     0.07157703464,      0.2440784421,                 0,       3.153545555
          0,           0,         339,      -10.73708485,      -11.27795812,      -11.27584884,        -10.185807,             0.448,     0.07688454436,      0.2424589127,                 0,                 0,                 0,     0.06108006574,     0.07157703461,      0.2440784416,                 0,        3.15354555
          0,           0,         340,      -10.75829939,      -11.29558186,      -11.29695208,      -10.20746522,             0.448,     0.07688454431,      0.2424589122,                 0,                 0,                 0,     0.06108006562,     0.07157703458,       0.244078441,                 0,       3.153545545
          0,           0,         341,       -10.7801055,      -11.31303379,      -11.31865345,      -10.22957022,             0.448,     0.07688454427,      0.2424589117,                 0,                 0,                 0,     0.06108006551,     0.07157703454,      0.2440784405,                 0,        3.15354554
          0,           0,         342,      -10.80240429,      -11.33037835,      -11.34093464,      -10.25198737,             0.448,     0.07688454423,      0.2424589112,                 0,                 0,                 0,      0.0610800654,     0.07157703451,      0.2440784401,                 0,       3.153545536
          0,           0,         343,      -10.82508657,      -11.34770646,      -11.36373344,      -10.27458227,             0.448,     0.07688454419,      0.2424589108,                 0,                 0,                 0,     0.06108006529,     0.07157703449,      0.2440784396,                 0,       3.153545532
          0,           0,         344,       -10.8480399,      -11.36512966,       -11.3869482,      -10.29723104,             0.448,     0.07688454416,      0.2424589104,                 0,                 0,                 0,      0.0610800652,     0.07157703446,      0.2440784392,                 0,       3.153545528
          0,           0,         345,      -10.87115631,      -11.38277464,      -11.41044933,      -10.31983142,             0.448,     0.07688454412,        0.24245891,                 0,                 0,                 0,      0.0610800651,     0.07157703444,      0.2440784388,                 0,       3.153545524
          0,           0,         346,      -10.89434115,      -11.40077648,      -11.43409722,      -10.34231254,             0.448,     0.07688454409,      0.2424589096,                 0,                 0,                 0,     0.06108006501,     0.07157703441,      0.2440784384,                 0,        3.15354552
          0,           0,         347,      -10.91752068,      -11.41926712,      -11.45775193,      -10.36464126,             0.448,     0.07688454406,      0.2424589092,                 0,                 0,                 0,     0.06108006493,     0.07157703439,      0.2440784381,                 0,       3.153545517
          0,           0,         348,      -10.94064849,      -11.43836668,      -11.48127994,      -10.38682498,             0.448,     0.07688454404,      0.2424589089,                 0,                 0,                 0,     0.06108006485,     0.07157703437,      0.2440784377,                 0,       3.153545513
          0,           0,         349,      -10.96370802,      -11.45817643,      -11.50456103,      -10.40890947,             0.448,     0.07688454401,      0.2424589086,                 0,                 0,                 0,     0.06108006478,     0.07157703436,      0.2440784374,                 0,        3.15354551
          0,           0,         350,      -10.98671317,      -11.47877403,      -11.52749537,      -10.43097392,             0.448,     0.07688454399,      0.2424589083,                 0,                 0,                 0,     0.06108006471,     0.07157703434,      0.2440784371,                 0,       3.153545507
          0,           0,         351,      -11.00970536,      -11.50020787,      -11.55001628,      -10.45312265,             0.448,     0.07688454396,       0.242458908,                 0,                 0,                 0,     0.06108006464,     0.07157703432,      0.2440784368,                 0,       3.153545505
          0,           0,         352,      -11.03274744,      -11.52249855,      -11.57209341,      -10.47547386,             0.448,     0.07688454394,      0.2424589077,                 0,                 0,                 0,     0.06108006458,     0.07157703431,      0.2440784366,                 0,       3.153545502
          0,           0,         353,      -11.05591568,      -11.54564142,      -11.59373855,      -10.49814783,             0.448,     0.07688454392,      0.2424589075,                 0,                 0,                 0,     0.06108006452,     0.07157703429,      0.2440784363,                 0,       3.153545499
          0,           0,         354,      -11.07929001,      -11.56959304,      -11.61500402,      -10.52125436,             0.448,     0.07688454391,      0.2424589072,                 0,                 0,                 0,     0.06108006447,     0.07157703428,       0.244078436,                 0,       3.153545497
          0,           0,         355,      -11.10294249,       -11.5942858,      -11.63597746,       -10.5448803,             0.448,     0.07688454389,       0.242458907,                 0,                 0,                 0,     0.06108006442,     0.07157703427,      0.2440784358,                 0,       3.153545495
          0,           0,         356,       -11.1269275,      -11.61961148,      -11.65677522,      -10.56907925,             0.448,     0.07688454387,      0.2424589068,                 0,                 0,                 0,     0.06108006437,     0.07157703425,      0.2440784356,                 0,       3.153545492
          0,           0,         357,      -11.15127148,      -11.64543091,      -11.67753112,      -10.59386184,             0.448,     0.07688454385,      0.2424589066,                 0,                 0,                 0,     0.06108006433,     0.07157703424,      0.2440784354,                 0,        3.15354549
          0,           0,         358,      -11.17596449,      -11.67157453,      -11.69838179,      -10.61918759,             0.448,     0.07688454384,      0.2424589064,                 0,                 0,                 0,     0.06108006429,     0.07157703423,      0.2440784352,                 0,       3.153545488
          0,           0,         359,      -11.20095391,      -11.69784771,      -11.71944925,      -10.64495981,             0.448,     0.07688454382,      0.2424589062,                 0,                 0,                 0,     0.06108006425,     0.07157703422,       0.244078435,                 0,       3.153545487
          0,           0,         360,      -11.22614131,      -11.72403848,      -11.74083099,      -10.67102397,             0.448,     0.07688454381,       0.242458906,                 0,                 0,                 0,     0.06108006421,     0.07157703421,      0.2440784348,                 0,       3.153545485
          0,           0,         361,      -11.25138606,      -11.74992686,      -11.76259511,      -10.69717411,             0.448,      0.0768845438,      0.2424589058,                 0,                 0,                 0,     0.06108006418,      0.0715770342,      0.2440784346,                 0,       3.153545483
          0,           0,         362,       -11.2765138,      -11.77530488,       -11.7847786,      -10.72316653,             0.448,     0.07688454378,      0.2424589056,                 0,                 0,                 0,     0.06108006415,     0.07157703419,      0.2440784345,                 0,       3.153545481
          0,           0,         363,      -11.30132571,      -11.79998618,      -11.80738187,       -10.7487334,             0.448,     0.07688454377,      0.2424589055,                 0,                 0,                 0,     0.06108006412,     0.07157703418,      0.2440784343,                 0,        3.15354548
          0,           0,         364,      -11.32560732,      -11.82382547,      -11.83035574,      -10.77359649,             0.448,     0.07688454376,      0.2424589053,                 0,                 0,                 0,      0.0610800641,     0.07157703417,      0.2440784342,                 0,       3.153545479
          0,           0,         365,      -11.34914323,      -11.84673605,      -11.85360151,      -10.79748957,             0.448,     0.07688454374,      0.2424589052,                 0,                 0,                 0,     0.06108006407,     0.07157703416,       0.244078434,                 0,       3.153545477
          0,           0,         366,      -11.37173795,       -11.8686904,      -11.87698124,      -10.82018866,             0.448,     0.07688454373,       0.242458905,                 0,                 0,                 0,     0.06108006405,     0.07157703415,      0.2440784339,                 0,       3.153545476
          0,           0,         367,      -11.39323956,      -11.88972415,      -11.90033675,      -10.84154319,             0.448,     0.07688454372,      0.2424589049,                 0,                 0,                 0,     0.06108006402,     0.07157703414,      0.2440784337,                 0,       3.153545475
          0,           0,         368,      -11.41355943,      -11.90992701,       -11.9235017,      -10.86149727,             0.448,     0.07688454371,      0.2424589048,                 0,                 0,                 0,       0.061080064,     0.07157703413,      0.2440784336,                 0,       3.153545473
          0,           0,         369,       -11.4326869,      -11.92942285,      -11.94631489,      -10.88009775,             0.448,      0.0768845437,      0.2424589047,                 0,                 0,                 0,     0.06108006398,     0.07157703413,      0.2440784335,                 0,       3.153545472
          0,           0,         370,      -11.45069199,      -11.94834862,      -11.96863094,      -10.89748825,             0.448,     0.07688454368,      0.2424589045,                 0,                 0,                 0,     0.06108006396,     0.07157703412,      0.2440784334,                 0,       3.153545471
          0,           0,         371,      -11.46771716,      -11.96683186,      -11.99033876,       -10.9138889,             0.448,     0.07688454367,      0.2424589044,                 0,                 0,                 0,     0.06108006394,     0.07157703411,      0.2440784332,                 0,        3.15354547
          0,           0,         372,      -11.48396179,      -11.98498695,      -12.01137291,      -10.92957064,             0.448,     0.07688454366,      0.2424589043,                 0,                 0,                 0,     0.06108006392,      0.0715770341,      0.2440784331,                 0,       3.153545469
          0,           0,         373,      -11.49966156,        -12.002909,      -12.03172017,       -10.9448273,             0.448,     0.07688454365,      0.2424589042,                 0,                 0,                 0,      0.0610800639,     0.07157703409,       0.244078433,                 0,       3.153545468
          0,           0,         374,      -11.51506532,      -12.02067176,      -12.05141826,      -10.95994647,             0.448,     0.07688454364,      0.2424589041,                 0,                 0,                 0,     0.06108006388,     0.07157703409,      0.2440784329,                 0,       3.153545467
          0,           0,         375,      -11.53041813,      -12.03831476,      -12.07055226,      -10.97519214,             0.448,     0.07688454364,       0.242458904,                 0,                 0,                 0,     0.06108006386,     0.07157703408,      0.2440784328,                 0,       3.153545466
          0,           0,         376,      -11.54594275,      -12.05586808,      -12.08923892,      -10.99078764,             0.448,     0.07688454363,      0.2424589039,                 0,                 0,                 0,     0.06108006384,     0.07157703407,      0.2440784327,                 0,       3.153545465
          0,           0,         377,      -11.56183107,      -12.07334219,      -12.10762963,      -11.00690962,             0.448,     0.07688454362,      0.2424589038,                 0,                 0,                 0,     0.06108006382,     0.07157703407,      0.2440784326,                 0,       3.153545464
          0,           0,         378,      -11.57823669,      -12.09072704,       -12.1258881,      -11.02368368,             0.448,     0.07688454361,      0.2424589037,                 0,                 0,                 0,      0.0610800638,     0.07157703406,      0.2440784325,                 0,       3.153545463
          0,           0,         379,      -11.59527251,      -12.10801435,      -12.14418893,       -11.0411864,             0.448,      0.0768845436,      0.2424589036,                 0,                 0,                 0,     0.06108006378,     0.07157703405,      0.2440784325,                 0,       3.153545463
          0,           0,         380,      -11.61301049,      -12.12519942,      -12.16269554,      -11.05944674,             0.448,     0.07688454359,      0.2424589035,                 0,                 0,                 0,     0.06108006376,     0.07157703405,      0.2440784324,                 0,       3.153545462
          0,           0,         381,      -11.63148546,      -12.14226619,      -12.18155771,        -11.078453,             0.448,     0.07688454359,      0.2424589035,                 0,                 0,                 0,     0.06108006375,     0.07157703404,      0.2440784323,                 0,       3.153545461
          0,           0,         382,      -11.65069828,      -12.15923662,      -12.20089714,      -11.09815914,             0.448,     0.07688454358,      0.2424589034,                 0,                 0,                 0,     0.06108006373,     0.07157703404,      0.2440784322,                 0,        3.15354546
          0,           0,         383,      -11.67062036,      -12.17612597,      -12.22080803,      -11.11849138,             0.448,     0.07688454357,      0.2424589033,                 0,                 0,                 0,     0.06108006371,     0.07157703403,      0.2440784321,                 0,        3.15354546
          0,           0,         384,      -11.69120254,      -12.19297052,      -12.24134983,      -11.13936036,             0.448,     0.07688454357,      0.2424589032,                 0,                 0,                 0,     0.06108006369,     0.07157703403,      0.2440784321,                 0,       3.153545459
          0,           0,         385,      -11.71237985,      -12.20982729,      -12.26254729,      -11.16066803,             0.448,     0.07688454356,      0.2424589032,                 0,                 0,                 0,     0.06108006368,     0.07157703403,       0.244078432,                 0,       3.153545458
          0,           0,         386,      -11.73407592,      -12.22679739,      -12.28437895,      -11.18231433,             0.448,     0.07688454356,      0.2424589031,                 0,                 0,                 0,     0.06108006366,     0.07157703402,      0.2440784319,                 0,       3.153545458
          0,           0,         387,      -11.75620815,      -12.24393961,      -12.30678458,      -11.20420427,             0.448,     0.07688454355,       0.242458903,                 0,                 0,                 0,     0.06108006365,     0.07157703402,      0.2440784319,                 0,       3.153545457
          0,           0,         388,      -11.77869201,      -12.26135915,      -12.32966946,      -11.22625485,             0.448,     0.07688454355,       0.242458903,                 0,                 0,                 0,     0.06108006363,     0.07157703402,      0.2440784318,                 0,       3.153545456
          0,           0,         389,      -11.80144539,      -12.27917838,      -12.35290209,       -11.2484002,             0.448,     0.07688454354,      0.2424589029,                 0,                 0,                 0,     0.06108006362,     0.07157703401,      0.2440784317,                 0,       3.153545456
          0,           0,         390,      -11.82439504,      -12.29746953,      -12.37634298,      -11.27059777,             0.448,     0.07688454354,      0.2424589029,                 0,                 0,                 0,     0.06108006361,     0.07157703401,      0.2440784317,                 0,       3.153545455
          0,           0,         391,      -11.84748364,      -12.31633383,      -12.39984618,      -11.29283234,             0.448,     0.07688454354,      0.2424589028,                 0,                 0,                 0,     0.06108006359,     0.07157703401,      0.2440784316,                 0,       3.153545455
          0,           0,         392,      -11.87066896,      -12.33585132,      -12.42326841,      -11.31511265,             0.448,     0.07688454353,      0.2424589028,                 0,                 0,                 0,     0.06108006358,       0.071577034,      0.2440784316,                 0,       3.153545454
          0,           0,         393,      -11.89393092,      -12.35605165,      -12.44647706,      -11.33747416,             0.448,     0.07688454353,      0.2424589027,                 0,                 0,                 0,     0.06108006357,       0.071577034,      0.2440784315,                 0,       3.153545454
          0,           0,         394,      -11.91726909,      -12.37697493,      -12.46935508,      -11.35997053,             0.448,     0.07688454353,      0.2424589027,                 0,                 0,                 0,     0.06108006356,       0.071577034,      0.2440784315,                 0,       3.153545453
          0,           0,         395,      -11.94070092,      -12.39862009,      -12.49182825,      -11.38267115,             0.448,     0.07688454352,      0.2424589026,                 0,                 0,                 0,     0.06108006355,       0.071577034,      0.2440784315,                 0,       3.153545453
          0,           0,         396,      -11.96425894,       -12.4209465,      -12.51385541,      -11.40564933,             0.448,     0.07688454352,      0.2424589026,                 0,                 0,                 0,     0.06108006355,     0.07157703399,      0.2440784314,                 0,       3.153545453
          0,           0,         397,      -11.98798388,      -12.44393622,      -12.53545105,      -11.42897859,             0.448,     0.07688454352,      0.2424589026,                 0,                 0,                 0,     0.06108006354,     0.07157703399,      0.2440784314,                 0,       3.153545452
          0,           0,         398,      -12.01191732,      -12.46749472,      -12.55665973,      -11.45271939,             0.448,     0.07688454351,      0.2424589025,                 0,                 0,                 0,     0.06108006353,     0.07157703399,      0.2440784313,                 0,       3.153545452
          0,           0,         399,      -12.03609315,      -12.49155878,      -12.57758192,       -11.4769106,             0.448,     0.07688454351,      0.2424589025,                 0,                 0,                 0,     0.06108006352,     0.07157703399,      0.2440784313,                 0,       3.153545452
          0,           0,         400,       -12.0605298,       -12.5160225,      -12.59833957,       -11.5015629,             0.448,     0.07688454351,      0.2424589025,                 0,                 0,                 0,     0.06108006352,     0.07157703399,      0.2440784313,                 0,       3.153545451
          0,           0,         401,      -12.08522348,      -12.54073439,      -12.61907854,      -11.52665152,             0.448,     0.07688454351,      0.2424589024,                 0,                 0,                 0,     0.06108006351,     0.07157703398,      0.2440784313,                 0,       3.153545451
          0,           0,         402,      -12.11013731,      -12.56558419,      -12.63993791,      -11.55210779,             0.448,      0.0768845435,      0.2424589024,                 0,                 0,                 0,     0.06108006351,     0.07157703398,      0.2440784312,                 0,       3.153545451
          0,           0,         403,      -12.13520141,      -12.59041193,      -12.66104327,      -11.57781777,             0.448,      0.0768845435,      0.2424589024,                 0,                 0,                 0,      0.0610800635,     0.07157703398,      0.2440784312,                 0,       3.153545451
          0,           0,         404,      -12.16031392,      -12.61509021,      -12.68249882,      -11.60363049,             0.448,      0.0768845435,      0.2424589024,                 0,                 0,                 0,      0.0610800635,     0.07157703398,      0.2440784312,                 0,        3.15354545
          0,           0,         405,      -12.18534284,      -12.63948651,      -12.70437853,      -11.62935853,             0.448,      0.0768845435,      0.2424589023,                 0,                 0,                 0,     0.06108006349,     0.07157703398,      0.2440784312,                 0,        3.15354545
          0,           0,         406,      -12.21013591,      -12.66347725,      -12.72671314,      -11.65479614,             0.448,     0.07688454349,      0.2424589023,                 0,                 0,                 0,     0.06108006349,     0.07157703398,      0.2440784311,                 0,        3.15354545
          0,           0,         407,      -12.23452658,      -12.68698363,      -12.74948923,      -11.67972522,             0.448,     0.07688454349,      0.2424589023,                 0,                 0,                 0,     0.06108006349,     0.07157703397,      0.2440784311,                 0,        3.15354545
          0,           0,         408,      -12.25833902,      -12.70994895,      -12.77264375,      -11.70392864,             0.448,     0.07688454349,      0.2424589023,                 0,                 0,                 0,     0.06108006348,     0.07157703397,      0.2440784311,                 0,        3.15354545
          0,           0,         409,      -12.28140253,      -12.73237265,      -12.79606922,      -11.72720451,             0.448,     0.07688454349,      0.2424589022,                 0,                 0,                 0,     0.06108006348,     0.07157703397,      0.2440784311,                 0,       3.153545449
          0,           0,         410,      -12.30357555,       -12.7542171,      -12.81962037,      -11.74940598,             0.448,     0.07688454349,      0.2424589022,                 0,                 0,                 0,     0.06108006348,     0.07157703397,      0.2440784311,                 0,       3.153545449
          0,           0,         411,      -12.32474808,      -12.77556699,      -12.84313358,      -11.77043625,             0.448,     0.07688454349,      0.2424589022,                 0,                 0,                 0,     0.06108006347,     0.07157703397,       0.244078431,                 0,       3.153545449
          0,           0,         412,      -12.34487184,       -12.7964576,      -12.86644662,      -11.79028256,             0.448,     0.07688454348,      0.2424589022,                 0,                 0,                 0,     0.06108006347,     0.07157703397,       0.244078431,                 0,       3.153545449
          0,           0,         413,      -12.36396243,      -12.81699995,      -12.88939033,      -11.80900918,             0.448,     0.07688454348,      0.2424589022,                 0,                 0,                 0,     0.06108006347,     0.07157703397,       0.244078431,                 0,       3.153545449
          0,           0,         414,      -12.38209967,      -12.83722482,      -12.91182872,      -11.82675174,             0.448,     0.07688454348,      0.2424589022,                 0,                 0,                 0,     0.06108006347,     0.07157703397,       0.244078431,                 0,       3.153545449
          0,           0,         415,      -12.39942211,      -12.85717267,      -12.93366103,      -11.84370541,             0.448,     0.07688454348,      0.2424589021,                 0,                 0,                 0,     0.06108006346,     0.07157703396,       0.244078431,                 0,       3.153545448
          0,           0,         416,      -12.41611004,      -12.87694557,      -12.95483574,       -11.8600981,             0.448,     0.07688454348,      0.2424589021,                 0,                 0,                 0,     0.06108006346,     0.07157703396,       0.244078431,                 0,       3.153545448
          0,           0,         417,      -12.43237553,      -12.89653774,      -12.97534031,      -11.87617592,             0.448,     0.07688454348,      0.2424589021,                 0,                 0,                 0,     0.06108006346,     0.07157703396,      0.2440784309,                 0,       3.153545448
          0,           0,         418,      -12.44843928,      -12.91593222,      -12.99524859,      -11.89218005,             0.448,     0.07688454348,      0.2424589021,                 0,                 0,                 0,     0.06108006346,     0.07157703396,      0.2440784309,                 0,       3.153545448
          0,           0,         419,      -12.46450867,       -12.9351756,      -13.01465204,      -11.90832431,             0.448,     0.07688454348,      0.2424589021,                 0,                 0,                 0,     0.06108006345,     0.07157703396,      0.2440784309,                 0,       3.153545448
          0,           0,         420,      -12.48078003,      -12.95427184,      -13.03364415,      -11.92479732,             0.448,     0.07688454347,      0.2424589021,                 0,                 0,                 0,     0.06108006345,     0.07157703396,      0.2440784309,                 0,       3.153545448
          0,           0,         421,      -12.49742255,       -12.9731982,      -13.05242104,      -11.94175079,             0.448,     0.07688454347,      0.2424589021,                 0,                 0,                 0,     0.06108006345,     0.07157703396,      0.2440784309,                 0,       3.153545448
          0,           0,         422,      -12.51456438,      -12.99194973,      -13.07112014,       -11.9592843,             0.448,     0.07688454347,      0.2424589021,                 0,                 0,                 0,     0.06108006344,     0.07157703396,      0.2440784309,                 0,       3.153545448
          0,           0,         423,      -12.53230214,      -13.01052358,        -13.089929,       -11.9774648,             0.448,     0.07688454347,       0.242458902,                 0,                 0,                 0,     0.06108006344,     0.07157703396,      0.2440784309,                 0,       3.153545448
          0,           0,         424,      -12.55069788,      -13.02894499,      -13.10898068,      -11.99631617,             0.448,     0.07688454347,       0.242458902,                 0,                 0,                 0,     0.06108006344,     0.07157703396,      0.2440784309,                 0,       3.153545447
          0,           0,         425,      -12.56978101,      -13.04720867,      -13.12843036,      -12.01583206,             0.448,     0.07688454347,       0.242458902,                 0,                 0,                 0,     0.06108006344,     0.07157703396,      0.2440784309,                 0,       3.153545447
          0,           0,         426,      -12.58954409,      -13.06536419,      -13.14837373,       -12.0359675,             0.448,     0.07688454347,       0.242458902,                 0,                 0,                 0,     0.06108006344,     0.07157703396,      0.2440784308,                 0,       3.153545447
          0,           0,         427,      -12.60996838,      -13.08335971,      -13.16889222,      -12.05666715,             0.448,     0.07688454347,       0.242458902,                 0,                 0,                 0,     0.06108006343,     0.07157703396,      0.2440784308,                 0,       3.153545447
          0,           0,         428,      -12.63100781,      -13.10141494,       -13.1900308,      -12.07785778,             0.448,     0.07688454347,       0.242458902,                 0,                 0,                 0,     0.06108006343,     0.07157703395,      0.2440784308,                 0,       3.153545447
          0,           0,         429,      -12.65260583,      -13.11941999,      -13.21178051,      -12.09946204,             0.448,     0.07688454347,       0.242458902,                 0,                 0,                 0,     0.06108006343,     0.07157703395,      0.2440784308,                 0,       3.153545447
          0,           0,         430,      -12.67469982,      -13.13751345,      -13.23412655,      -12.12140335,             0.448,     0.07688454347,       0.242458902,                 0,                 0,                 0,     0.06108006343,     0.07157703395,      0.2440784308,                 0,       3.153545447
          0,           0,         431,      -12.69721281,      -13.15583291,      -13.25697384,      -12.14359612,             0.448,     0.07688454346,       0.242458902,                 0,                 0,                 0,     0.06108006343,     0.07157703395,      0.2440784308,                 0,       3.153545447
          0,           0,         432,      -12.72007764,      -13.17437102,      -13.28021501,      -12.16598688,             0.448,     0.07688454346,       0.242458902,                 0,                 0,                 0,     0.06108006342,     0.07157703395,      0.2440784308,                 0,       3.153545447
          0,           0,         433,      -12.74322023,      -13.19326424,      -13.30374137,      -12.18851778,             0.448,     0.07688454346,       0.242458902,                 0,                 0,                 0,     0.06108006342,     0.07157703395,      0.2440784308,                 0,       3.153545447
          0,           0,         434,      -12.76657887,      -13.21266354,      -13.32740067,      -12.21115968,             0.448,     0.07688454346,       0.242458902,                 0,                 0,                 0,     0.06108006342,     0.07157703395,      0.2440784308,                 0,       3.153545447
          0,           0,         435,      -12.79010496,      -13.23250165,      -13.35102561,      -12.23389528,             0.448,     0.07688454346,      0.2424589019,                 0,                 0,                 0,     0.06108006342,     0.07157703395,      0.2440784308,                 0,       3.153545447
          0,           0,         436,      -12.81375991,      -13.25288846,      -13.37454323,      -12.25673428,             0.448,     0.07688454346,      0.2424589019,                 0,                 0,                 0,     0.06108006342,     0.07157703395,      0.2440784308,                 0,       3.153545446
          0,           0,         437,      -12.83752485,      -13.27394328,      -13.39782276,      -12.27970602,             0.448,     0.07688454346,      0.2424589019,                 0,                 0,                 0,     0.06108006342,     0.07157703395,      0.2440784308,                 0,       3.153545446
          0,           0,         438,      -12.86140238,      -13.29560299,      -13.42075194,      -12.30285923,             0.448,     0.07688454346,      0.2424589019,                 0,                 0,                 0,     0.06108006342,     0.07157703395,      0.2440784308,                 0,       3.153545446
          0,           0,         439,      -12.88539516,       -13.3178462,      -13.44332854,      -12.32623632,             0.448,     0.07688454346,      0.2424589019,                 0,                 0,                 0,     0.06108006342,     0.07157703395,      0.2440784307,                 0,       3.153545446
          0,           0,         440,       -12.9095304,      -13.34065205,      -13.46546217,      -12.34989124,             0.448,     0.07688454346,      0.2424589019,                 0,                 0,                 0,     0.06108006341,     0.07157703395,      0.2440784307,                 0,       3.153545446
          0,           0,         441,      -12.93384613,      -13.36399553,      -13.48727548,      -12.37389343,             0.448,     0.07688454346,      0.2424589019,                 0,                 0,                 0,     0.06108006341,     0.07157703395,      0.2440784307,                 0,       3.153545446
          0,           0,         442,      -12.95836124,      -13.38776975,      -13.50878425,      -12.39827383,             0.448,     0.07688454346,      0.2424589019,                 0,                 0,                 0,     0.06108006341,     0.07157703395,      0.2440784307,                 0,       3.153545446
          0,           0,         443,      -12.98309611,      -13.41201744,      -13.53006182,      -12.42305517,             0.448,     0.07688454346,      0.2424589019,                 0,                 0,                 0,     0.06108006341,     0.07157703395,      0.2440784307,                 0,       3.153545446
          0,           0,         444,      -13.00804636,      -13.43665996,      -13.55124255,      -12.44822936,             0.448,     0.07688454346,      0.2424589019,                 0,                 0,                 0,     0.06108006341,     0.07157703395,      0.2440784307,                 0,       3.153545446
