"Time_Iter","Outer_Iter","Inner_Iter",    "rms[Rho]"    ,    "rms[RhoU]"   ,    "rms[RhoV]"   ,    "rms[RhoE]"   ,    "RefForce"    ,       "CD"       ,       "CL"       ,       "CSF"      ,       "CMx"      ,       "CMy"      ,       "CMz"      ,       "CFx"      ,       "CFy"      ,       "CFz"      ,      "CEff"      
          0,           0,           0,      -3.581337572,      -3.698344712,      -4.145826996,      -2.984960428,             0.448,      0.2407246511,      0.1401711787,                 0,                 0,                 0,     0.01642485266,       0.237609547,      0.1453892024,                 0,      0.5822884282
          0,           0,           1,      -3.833730314,      -3.708481552,      -3.735656148,       -3.22280355,             0.448,     0.09245462182,     0.03009059173,                 0,                 0,                 0,   -0.006983837013,     0.09177619733,     0.03210031793,                 0,      0.3254633585
          0,           0,           2,      -3.768584112,      -3.680322555,      -3.700688562,      -3.170196098,             0.448,     0.06811698514,     0.03872158561,                 0,                 0,                 0,   -0.008469463817,      0.0672560682,     0.04019833512,                 0,      0.5684571261
          0,           0,           3,      -3.714032966,      -3.724727777,      -3.702049237,      -3.121662141,             0.448,     0.08299814611,     0.07132187528,                 0,                 0,                 0,   -0.006378053993,     0.08142251629,     0.07311549762,                 0,      0.8593188959
          0,           0,           4,      -3.663345291,      -3.692485757,      -3.668814782,      -3.074175623,             0.448,     0.06273265675,     0.06682491313,                 0,                 0,                 0,    -0.01011221029,     0.06125995028,      0.0681775163,                 0,       1.065233271
          0,           0,           5,      -3.658601088,      -3.669979849,       -3.66206469,      -3.073527234,             0.448,     0.04948557532,     0.06247822263,                 0,                 0,                 0,    -0.01494160089,     0.04811084385,     0.06354287664,                 0,       1.262554234
          0,           0,           6,      -3.655031676,      -3.788643695,      -3.699960114,      -3.076441966,             0.448,     0.04547895113,     0.06121334222,                 0,                 0,                 0,    -0.01873713284,     0.04413276635,     0.06219089319,                 0,       1.345970844
          0,           0,           7,       -3.65924786,      -3.791433247,      -3.690708762,      -3.082855267,             0.448,     0.04095142984,     0.05843925322,                 0,                 0,                 0,    -0.02143661405,     0.03966683892,     0.05931869699,                 0,       1.427038163
          0,           0,           8,       -3.64219952,      -3.714618414,      -3.704552028,      -3.064811541,             0.448,     0.03524394674,     0.05617484304,                 0,                 0,                 0,    -0.02316034915,     0.03401011189,      0.0569303176,                 0,       1.593886277
          0,           0,           9,      -3.656725115,      -3.751811162,      -3.710596379,      -3.082878828,             0.448,     0.03054390403,       0.054726063,                 0,                 0,                 0,    -0.02423013096,     0.02934279264,     0.05537935143,                 0,       1.791718012
          0,           0,          10,       -3.66339233,      -3.808572891,      -3.737960956,      -3.093549681,             0.448,     0.02724414707,     0.05376203177,                 0,                 0,                 0,    -0.02477642677,     0.02606485116,      0.0543435658,                 0,       1.973342444
          0,           0,          11,      -3.669549155,      -3.834459326,       -3.76226659,       -3.10202536,             0.448,     0.02421420061,     0.05304964611,                 0,                 0,                 0,    -0.02490674657,     0.02305116635,     0.05356525174,                 0,       2.190848543
          0,           0,          12,      -3.674688275,      -3.846370701,      -3.773032464,      -3.107696793,             0.448,     0.02096414551,     0.05216328694,                 0,                 0,                 0,    -0.02500975098,      0.0198212205,     0.05260820392,                 0,       2.488214314
          0,           0,          13,      -3.677920449,      -3.852392091,      -3.782500434,      -3.109528566,             0.448,     0.01776836854,     0.05130188854,                 0,                 0,                 0,    -0.02522386984,     0.01664499535,       0.051677295,                 0,       2.887259368
          0,           0,          14,       -3.68604172,       -3.86026706,      -3.793361362,      -3.115512552,             0.448,     0.01481349188,     0.05091701541,                 0,                 0,                 0,    -0.02543078248,     0.01369921783,     0.05122805316,                 0,       3.437205476
          0,           0,          15,      -3.696321195,      -3.869418826,      -3.809297378,      -3.123926947,             0.448,      0.0120419299,     0.05093026113,                 0,                 0,                 0,     -0.0256168132,     0.01092802646,     0.05118083443,                 0,       4.229410198
          0,           0,          16,      -3.707326605,      -3.875148346,       -3.83069177,      -3.134394895,             0.448,    0.009356483892,     0.05107802919,                 0,                 0,                 0,    -0.02581692487,    0.008239995967,     0.05126998462,                 0,       5.459105128
          0,           0,          17,       -3.72008379,      -3.875822614,      -3.853870313,      -3.148200981,             0.448,     0.00671478532,     0.05128989598,                 0,                 0,                 0,    -0.02601352754,    0.005594304199,     0.05142417265,                 0,       7.638352313
          0,           0,          18,      -3.734893446,      -3.873209209,      -3.877639028,      -3.164916961,             0.448,    0.004124184006,     0.05154877781,                 0,                 0,                 0,    -0.02620546673,      0.0029986719,     0.05162647919,                 0,       12.49914595
          0,           0,          19,      -3.752606758,      -3.871867529,      -3.903943387,       -3.18446541,             0.448,    0.001619803041,     0.05168938804,                 0,                 0,                 0,    -0.02646790884,    0.000491819514,     0.05171242319,                 0,       31.91090938
          0,           0,          20,      -3.773965893,      -3.876150946,      -3.934453677,      -3.207064101,             0.448,  -0.0007279163562,     0.05162224383,                 0,                 0,                 0,     -0.0268190348,   -0.001853876446,     0.05159407972,                 0,      -70.91782372
          0,           0,          21,      -3.797414951,      -3.887248823,      -3.968415341,      -3.231037764,             0.448,   -0.002810205293,     0.05154137723,                 0,                 0,                 0,    -0.02716564678,   -0.003933905759,     0.05146780747,                 0,      -18.34078719
          0,           0,          22,      -3.820304617,      -3.903491496,      -4.002402786,      -3.253900839,             0.448,   -0.004519709915,     0.05169332318,                 0,                 0,                 0,    -0.02743347534,   -0.005646318249,     0.05158242462,                 0,      -11.43730995
          0,           0,          23,      -3.841573749,      -3.922022396,      -4.032785972,      -3.274818563,             0.448,   -0.005779576685,     0.05218796236,                 0,                 0,                 0,    -0.02761265822,   -0.006916675702,     0.05204946224,                 0,      -9.029720549
          0,           0,          24,       -3.86133406,      -3.940415501,      -4.058370481,      -3.294074066,             0.448,   -0.006518427889,      0.0532486229,                 0,                 0,                 0,    -0.02763475598,   -0.007678489267,     0.05309375241,                 0,      -8.168936406
          0,           0,          25,      -3.880635752,      -3.958175283,      -4.080744524,      -3.312881444,             0.448,   -0.006743688507,     0.05467303818,                 0,                 0,                 0,    -0.02761317931,   -0.007934769734,     0.05451291468,                 0,      -8.107289967
          0,           0,          26,      -3.900878956,      -3.976846659,      -4.102139288,       -3.33275108,             0.448,   -0.006484343851,     0.05629396597,                 0,                 0,                 0,    -0.02763546766,   -0.007710847149,     0.05613911432,                 0,      -8.681520793
          0,           0,          27,      -3.923143348,      -3.998340077,      -4.124607137,      -3.354894836,             0.448,   -0.005777865299,     0.05810115783,                 0,                 0,                 0,    -0.02770987416,   -0.007043960402,     0.05796128786,                 0,       -10.0558173
          0,           0,          28,      -3.947357292,      -4.024065008,      -4.150113732,      -3.379322456,             0.448,   -0.004699908989,     0.05999908122,                 0,                 0,                 0,    -0.02787259804,   -0.006007663597,     0.05988227509,                 0,      -12.76600916
          0,           0,          29,      -3.973002279,      -4.054955532,      -4.180209753,      -3.405601843,             0.448,   -0.003360490636,     0.06186911102,                 0,                 0,                 0,    -0.02814559889,   -0.004709358475,     0.06178107913,                 0,      -18.41073751
          0,           0,          30,      -4.000260118,      -4.091452046,      -4.215186579,      -3.434042217,             0.448,   -0.001877356853,     0.06359147168,                 0,                 0,                 0,    -0.02853688531,   -0.003264150736,     0.06353538431,                 0,      -33.87287377
          0,           0,          31,      -4.029695816,      -4.133415992,      -4.253988174,      -3.465013613,             0.448,  -0.0003552567266,     0.06503136805,                 0,                 0,                 0,    -0.02906427386,   -0.001773824003,     0.06500814246,                 0,       -183.054572
          0,           0,          32,      -4.061024751,      -4.179814914,      -4.294390378,      -3.497812337,             0.448,     0.00111689417,     0.06609453297,                 0,                 0,                 0,    -0.02974719671,  -0.0003252162589,     0.06610316918,                 0,       59.17707761
          0,           0,          33,      -4.093759177,      -4.228603084,       -4.33342794,      -3.531675039,             0.448,    0.002468006091,     0.06670880851,                 0,                 0,                 0,    -0.03059341904,    0.001012173784,     0.06674677289,                 0,       27.02943431
          0,           0,          34,      -4.127396408,      -4.276862386,      -4.368729726,        -3.5658735,             0.448,    0.003655834844,     0.06692828844,                 0,                 0,                 0,    -0.03154790307,    0.002194931936,     0.06699211294,                 0,       18.30725164
          0,           0,          35,      -4.161285526,      -4.321759496,      -4.399834217,      -3.599736432,             0.448,    0.004653643261,     0.06685855493,                 0,                 0,                 0,    -0.03253805875,     0.00319402413,     0.06694416309,                 0,       14.36692741
          0,           0,          36,      -4.194908943,      -4.362048961,      -4.428276317,      -3.632928253,             0.448,    0.005438965759,      0.0665866668,                 0,                 0,                 0,     -0.0335073712,    0.003985090952,     0.06668947138,                 0,       12.24252362
          0,           0,          37,      -4.227676374,      -4.398696603,      -4.456594256,      -3.665191506,             0.448,    0.005994556233,     0.06615919813,                 0,                 0,                 0,    -0.03441761516,    0.004549874389,     0.06627422459,                 0,       11.03654642
          0,           0,          38,      -4.258993483,      -4.433951396,      -4.487323871,      -3.696209194,             0.448,    0.006315191486,     0.06561897078,                 0,                 0,                 0,    -0.03523187012,    0.004882218338,     0.06574112042,                 0,       10.39065417
          0,           0,          39,      -4.288486959,      -4.469894373,      -4.522101875,      -3.725745565,             0.448,    0.006408983163,     0.06502946607,                 0,                 0,                 0,    -0.03591438159,    0.004988847672,     0.06515380205,                 0,       10.14661209
          0,           0,          40,       -4.31603383,      -4.507626993,      -4.561116099,      -3.753731774,             0.448,    0.006296115789,     0.06445864816,                 0,                 0,                 0,    -0.03643850528,    0.004888459485,     0.06458065779,                 0,       10.23784351
          0,           0,          41,       -4.34176028,      -4.547160272,       -4.60307762,      -3.780263922,             0.448,    0.006006512291,     0.06396139406,                 0,                 0,                 0,    -0.03679373282,    0.004609772446,     0.06407720436,                 0,       10.64867447
          0,           0,          42,      -4.365836366,      -4.587615925,       -4.64546031,      -3.805393497,             0.448,     0.00557611871,     0.06358257061,                 0,                 0,                 0,    -0.03698324931,    0.004187745277,     0.06368908207,                 0,       11.40265728
          0,           0,          43,      -4.388510569,      -4.627587064,      -4.685186108,      -3.829193294,             0.448,    0.005042609434,     0.06334411206,                 0,                 0,                 0,     -0.0370261078,    0.003659564907,     0.06343904183,                 0,       12.56177241
          0,           0,          44,      -4.410003946,      -4.665571431,      -4.719831203,      -3.851731081,             0.448,    0.004443018123,     0.06325243523,                 0,                 0,                 0,    -0.03694672193,    0.003062116202,     0.06333430679,                 0,       14.23636669
          0,           0,          45,       -4.43032741,       -4.70024504,      -4.748663704,      -3.872899386,             0.448,    0.003812017493,     0.06330307506,                 0,                 0,                 0,    -0.03677111607,    0.002430161031,     0.06337116936,                 0,       16.60618693
          0,           0,          46,       -4.44931519,      -4.730667874,      -4.772751094,      -3.892484385,             0.448,    0.003181203074,     0.06348986802,                 0,                 0,                 0,    -0.03652337284,    0.001795421862,     0.06354415673,                 0,       19.95781676
          0,           0,          47,      -4.466741332,      -4.756600088,       -4.79405601,       -3.91027676,             0.448,    0.002577674608,     0.06380349397,                 0,                 0,                 0,    -0.03622417132,    0.001185195305,     0.06384454215,                 0,       24.75234608
          0,           0,          48,      -4.482311431,      -4.778635128,      -4.814533191,      -3.926026983,             0.448,    0.002024873611,     0.06422525971,                 0,                 0,                 0,    -0.03589484224,   0.0006233250895,     0.06425414822,                 0,       31.71815729
          0,           0,          49,      -4.495984979,      -4.798177837,      -4.835348474,      -3.939775335,             0.448,    0.001540231311,     0.06474627305,                 0,                 0,                 0,    -0.03554639772,   0.0001274322743,     0.06476446516,                 0,       42.03672046
          0,           0,          50,       -4.50802142,      -4.817052172,      -4.856696708,      -3.951875493,             0.448,    0.001135312537,     0.06535432824,                 0,                 0,                 0,    -0.03518823627,  -0.0002906547934,     0.06536354239,                 0,       57.56505464
          0,           0,          51,      -4.518909163,       -4.83703759,      -4.878054084,      -3.962912604,             0.448,    0.000817164706,     0.06604520107,                 0,                 0,                 0,    -0.03482488131,  -0.0006237982254,     0.06604731045,                 0,       80.82238572
          0,           0,          52,      -4.529237755,      -4.859446186,      -4.898372592,      -3.973523882,             0.448,   0.0005883606014,       0.066817354,                 0,                 0,                 0,    -0.03445880098,  -0.0008693923083,      0.0668142883,                 0,       113.5653098
          0,           0,          53,      -4.539404976,      -4.884896238,      -4.916995247,      -3.984071339,             0.448,   0.0004468047994,     0.06765991439,                 0,                 0,                 0,     -0.0340971674,   -0.001029294782,     0.06765356015,                 0,         151.43059
          0,           0,          54,      -4.549873893,      -4.913339645,      -4.934081749,      -3.994974476,             0.448,   0.0003873844963,     0.06855820855,                 0,                 0,                 0,     -0.0337506227,   -0.001108297128,      0.0685503443,                 0,       176.9771615
          0,           0,          55,      -4.561266135,      -4.944254501,      -4.950690874,      -4.006814143,             0.448,   0.0003996818137,     0.06947991927,                 0,                 0,                 0,    -0.03343375314,   -0.001116109751,     0.06947210394,                 0,       173.8380804
          0,           0,          56,      -4.574244655,      -4.976635757,      -4.968372861,      -4.020189887,             0.448,   0.0004706838453,      0.0704001251,                 0,                 0,                 0,    -0.03315426975,     -0.0010651988,     0.07039363969,                 0,       149.5698775
          0,           0,          57,      -4.589099374,      -5.009426774,      -4.988141654,      -4.035389677,             0.448,   0.0005882148133,     0.07130430176,                 0,                 0,                 0,    -0.03291318554,  -0.0009674203112,      0.0713001651,                 0,       121.2215336
          0,           0,          58,      -4.606033172,       -5.04185366,      -5.010424757,      -4.052666656,             0.448,   0.0007395918678,     0.07218204077,                 0,                 0,                 0,    -0.03271206053,   -0.000835227056,     0.07218099751,                 0,       97.59712608
          0,           0,          59,      -4.625036671,      -5.073532032,      -5.034860457,      -4.072071889,             0.448,   0.0009107027907,     0.07301294303,                 0,                 0,                 0,    -0.03255653069,  -0.0006822828902,      0.0730154348,                 0,       80.17208663
          0,           0,          60,      -4.645865806,       -5.10433862,      -5.060384993,      -4.093413804,             0.448,    0.001087746838,     0.07377987552,                 0,                 0,                 0,    -0.03244944122,  -0.0005220115189,     0.07378604698,                 0,       67.82816825
          0,           0,          61,      -4.668231627,      -5.134562552,      -5.086138676,      -4.116400997,             0.448,    0.001259793681,     0.07447868195,                 0,                 0,                 0,    -0.03238750497,  -0.0003652499996,      0.0744884403,                 0,        59.1197456
          0,           0,          62,      -4.691818842,      -5.164737858,       -5.11143565,      -4.140682462,             0.448,    0.001417679915,     0.07510920295,                 0,                 0,                 0,    -0.03236597936,  -0.0002211560822,     0.07512225552,                 0,       52.98036755
          0,           0,          63,      -4.716007307,      -5.194953177,      -5.135763158,      -4.165564148,             0.448,    0.001553423131,     0.07566902266,                 0,                 0,                 0,    -0.03238114745,  -9.765757204e-05,     0.07568490323,                 0,       48.71114712
          0,           0,          64,      -4.740127051,      -5.225244137,      -5.159036162,      -4.190321903,             0.448,     0.00166173714,     0.07615470115,                 0,                 0,                 0,    -0.03243007573,   3.564160796e-08,       0.076172829,                 0,       45.82836797
          0,           0,          65,      -4.763691123,      -5.255485493,      -5.181375835,      -4.214381354,             0.448,    0.001740244707,     0.07656736351,                 0,                 0,                 0,    -0.03250793322,   6.952234358e-05,     0.07658710579,                 0,       43.99804418
          0,           0,          66,      -4.786317005,      -5.285042032,      -5.203077179,      -4.237294074,             0.448,    0.001788829226,     0.07690794452,                 0,                 0,                 0,    -0.03261049079,   0.0001106655653,     0.07692866561,                 0,       42.99345259
          0,           0,          67,      -4.807827141,      -5.313139899,      -5.224374743,      -4.258877511,             0.448,    0.001808156354,     0.07717328665,                 0,                 0,                 0,    -0.03273547432,   0.0001241996856,     0.07719436622,                 0,       42.68064899
          0,           0,          68,      -4.828328006,      -5.339053442,      -5.245727269,      -4.279245094,             0.448,    0.001800380236,     0.07736948479,                 0,                 0,                 0,    -0.03287622088,   0.0001121453787,     0.07739034804,                 0,       42.97396918
          0,           0,          69,      -4.848188497,      -5.362281112,      -5.267531333,      -4.298783642,             0.448,    0.001769204282,      0.0775046834,                 0,                 0,                 0,    -0.03302569562,   7.802750092e-05,     0.07752483437,                 0,       43.80765082
          0,           0,          70,      -4.867685832,      -5.382504318,      -5.289730399,      -4.317831986,             0.448,    0.001719054425,     0.07758944271,                 0,                 0,                 0,    -0.03317679705,   2.604056434e-05,      0.0776084795,                 0,       45.13495417
          0,           0,          71,      -4.887080627,      -5.399804134,      -5.312494342,      -4.336697626,             0.448,    0.001654273269,      0.0776351137,                 0,                 0,                 0,    -0.03332251473,  -3.972148339e-05,     0.07765272642,                 0,       46.93004183
          0,           0,          72,      -4.906581419,      -5.414577439,       -5.33593279,      -4.355656621,             0.448,    0.001579590992,     0.07765085102,                 0,                 0,                 0,     -0.0334581881,  -0.0001147292954,     0.07766683082,                 0,       49.15883377
          0,           0,          73,      -4.926369306,      -5.427417309,      -5.359916863,       -4.37495628,             0.448,    0.001499404428,     0.07764203892,                 0,                 0,                 0,    -0.03358131735,  -0.0001947045422,     0.07765627156,                 0,       51.78191918
          0,           0,          74,       -4.94656267,      -5.439211337,      -5.384455063,      -4.394747918,             0.448,    0.001417561037,     0.07761646901,                 0,                 0,                 0,    -0.03368886302,  -0.0002759706522,     0.07762892233,                 0,       54.75352875
          0,           0,          75,      -4.967245941,       -5.45102015,      -5.409645312,      -4.415129223,             0.448,    0.001337775747,     0.07758321992,                 0,                 0,                 0,    -0.03377777419,  -0.0003550116309,     0.07759394063,                 0,       57.99418932
          0,           0,          76,      -4.988318059,      -5.463938388,      -5.435193065,      -4.435999975,             0.448,    0.001263118363,     0.07754962506,                 0,                 0,                 0,    -0.03384641944,  -0.0004289183802,     0.07755872513,                 0,        61.3953746
          0,           0,          77,      -5.009610184,      -5.478754471,      -5.460494834,      -4.457180858,             0.448,    0.001196002251,     0.07752263188,                 0,                 0,                 0,    -0.03389414926,  -0.0004954296674,     0.07753027425,                 0,        64.8181321
          0,           0,          78,       -5.03087578,      -5.495924325,      -5.484887819,      -4.478405114,             0.448,    0.001138126721,     0.07750755156,                 0,                 0,                 0,    -0.03392164917,  -0.0005529624488,     0.07751393496,                 0,        68.1009857
          0,           0,          79,      -5.051900693,      -5.515644371,       -5.50765921,       -4.49943741,             0.448,    0.001090326135,     0.07750587081,                 0,                 0,                 0,    -0.03393141429,  -0.0006007149942,     0.07751121185,                 0,       71.08503439
          0,           0,          80,      -5.072570153,      -5.537860273,      -5.528788491,      -4.520146568,             0.448,    0.001052661098,      0.0775213136,                 0,                 0,                 0,     -0.0339246988,  -0.0006387079509,     0.07752582931,                 0,       73.64318275
          0,           0,          81,      -5.092741421,      -5.562484067,      -5.548904582,      -4.540373103,             0.448,    0.001024734912,     0.07755602672,                 0,                 0,                 0,    -0.03390317492,  -0.0006673847537,     0.07755992496,                 0,       75.68398988
          0,           0,          82,      -5.112358417,       -5.58938911,      -5.568474196,      -4.560084142,             0.448,    0.001005938553,     0.07761072243,                 0,                 0,                 0,    -0.03386912379,  -0.0006873698201,     0.07761419761,                 0,       77.15254791
          0,           0,          83,      -5.131470115,      -5.618278622,      -5.587835871,      -4.579369028,             0.448,   0.0009952797528,     0.07768584145,                 0,                 0,                 0,     -0.0338243051,  -0.0006996647967,     0.07768906623,                 0,       78.05427692
          0,           0,          84,      -5.150148951,      -5.648696131,      -5.607228913,      -4.598314474,             0.448,   0.0009915964912,     0.07778072271,                 0,                 0,                 0,    -0.03377077483,  -0.0007054170057,     0.07778384456,                 0,       78.43989304
          0,           0,          85,      -5.168545493,      -5.680166537,      -5.626914273,      -4.617070704,             0.448,   0.0009936548388,     0.07789409171,                 0,                 0,                 0,    -0.03371052395,  -0.0007058322796,     0.07789723149,                 0,        78.3914984
          0,           0,          86,      -5.186766196,       -5.71215718,      -5.647067185,      -4.635728125,             0.448,     0.00100009728,     0.07802499993,                 0,                 0,                 0,    -0.03364529793,  -0.0007022471198,      0.0780282491,                 0,       78.01741043
          0,           0,          87,      -5.204867457,      -5.744212199,      -5.667735319,      -4.654326061,             0.448,    0.001009779392,      0.0781696188,                 0,                 0,                 0,    -0.03357792179,  -0.0006957221554,     0.07817304477,                 0,       77.41257092
          0,           0,          88,      -5.222910684,      -5.775878824,      -5.688727511,      -4.672909649,             0.448,    0.001021624615,     0.07832369758,                 0,                 0,                 0,    -0.03351100372,  -0.0006872409626,     0.07832734529,                 0,       76.66582858
          0,           0,          89,      -5.240902326,      -5.806840264,      -5.709822075,      -4.691434198,             0.448,    0.001034616682,     0.07848417256,                 0,                 0,                 0,     -0.0334464325,  -0.0006777527297,      0.0784880655,                 0,       75.85821289
          0,           0,          90,      -5.258787991,       -5.83691898,      -5.731129319,      -4.709806236,             0.448,    0.001047953308,     0.07864788917,                 0,                 0,                 0,    -0.03338593581,  -0.0006679907367,     0.07865203408,                 0,       75.04903945
          0,           0,          91,      -5.276460448,      -5.866375714,      -5.752328177,      -4.727891007,             0.448,    0.001060889036,     0.07881113971,                 0,                 0,                 0,    -0.03333104759,  -0.0006586193794,     0.07881552796,                 0,       74.28782564
          0,           0,          92,      -5.293882561,      -5.895365295,      -5.772819581,      -4.745633706,             0.448,    0.001072773408,     0.07897188607,                 0,                 0,                 0,     -0.0332821403,   -0.000650244499,     0.07897649533,                 0,       73.61469394
          0,           0,          93,      -5.311060192,      -5.923825299,      -5.792148288,      -4.763012762,             0.448,    0.001083143825,     0.07912816239,                 0,                 0,                 0,    -0.03323936137,  -0.0006432856992,     0.07913296069,                 0,       73.05416007
          0,           0,          94,      -5.327986677,      -5.951590855,      -5.810381454,      -4.779995363,             0.448,    0.001091731959,     0.07927711213,                 0,                 0,                 0,    -0.03320331292,  -0.0006379489303,     0.07928206233,                 0,       72.61591222
          0,           0,          95,        -5.3445683,      -5.978594924,      -5.827592001,      -4.796484839,             0.448,    0.001098473276,     0.07941824108,                 0,                 0,                 0,    -0.03317353018,  -0.0006342879292,     0.07942330475,                 0,       72.29874662
          0,           0,          96,      -5.360685868,      -6.004615019,       -5.84404373,      -4.812372239,             0.448,    0.001103383545,     0.07955136607,                 0,                 0,                 0,    -0.03314922508,  -0.0006322829356,     0.07955650519,                 0,       72.09765492
          0,           0,          97,      -5.376339353,      -6.029528398,        -5.8601636,      -4.827686879,             0.448,    0.001106547973,     0.07967608988,                 0,                 0,                 0,    -0.03312979803,  -0.0006318400961,     0.07968126835,                 0,       72.00418944
          0,           0,          98,       -5.39164377,      -6.053249905,      -5.876010934,      -4.842594608,             0.448,    0.001108172706,     0.07979187115,                 0,                 0,                 0,    -0.03311480515,  -0.0006327415046,     0.07979705751,                 0,       72.00310087
          0,           0,          99,      -5.406675078,      -6.075767389,      -5.891733474,      -4.857214359,             0.448,    0.001108501472,      0.0798987676,                 0,                 0,                 0,    -0.03310355754,  -0.0006347447511,     0.07990393568,                 0,       72.07817908
          0,           0,         100,      -5.421509932,      -6.097192939,      -5.907486324,      -4.871648977,             0.448,    0.001107741219,      0.0799974606,                 0,                 0,                 0,    -0.03309513244,   -0.000637657799,     0.08000258862,                 0,       72.21674087
          0,           0,         101,      -5.436256975,      -6.117821461,      -5.923441361,      -4.886029852,             0.448,    0.001106154113,     0.08008929276,                 0,                 0,                 0,    -0.03308853562,  -0.0006412478353,      0.0800943643,                 0,       72.40337652
          0,           0,         102,      -5.450979329,      -6.137917594,      -5.939501167,       -4.90043548,             0.448,    0.001104031574,     0.08017516302,                 0,                 0,                 0,    -0.03308308451,  -0.0006452431191,     0.08018016782,                 0,       72.62035333
          0,           0,         103,      -5.465721414,      -6.157704458,      -5.955678176,      -4.914915696,             0.448,    0.001101650978,     0.08025543054,                 0,                 0,                 0,    -0.03307839779,  -0.0006493741759,     0.08026036431,                 0,       72.85014234
          0,           0,         104,      -5.480503207,      -6.177432152,      -5.971974466,      -4.929488776,             0.448,    0.001099198622,     0.08033124932,                 0,                 0,                 0,    -0.03307387622,   -0.000653479926,     0.08033611155,                 0,       73.08165031
          0,           0,         105,      -5.495328773,      -6.197396371,      -5.988394883,      -4.944160853,             0.448,    0.001096847189,     0.08040259281,                 0,                 0,                 0,    -0.03306942172,  -0.0006573871498,     0.08040738677,                 0,       73.30336772
          0,           0,         106,      -5.510149308,      -6.217769877,      -6.004568685,      -4.958878075,             0.448,    0.001094770709,     0.08047028177,                 0,                 0,                 0,    -0.03306469672,   -0.000660939762,     0.08047501432,                 0,       73.50423343
          0,           0,         107,      -5.524961772,      -6.238499731,      -6.020319069,      -4.973622374,             0.448,    0.001093085182,     0.08053524666,                 0,                 0,                 0,    -0.03305941791,  -0.0006640420894,     0.08053992698,                 0,       73.67700885
          0,           0,         108,      -5.539726158,      -6.259245015,      -6.035655686,       -4.98833758,             0.448,    0.001091837854,     0.08059777963,                 0,                 0,                 0,    -0.03305368092,  -0.0006666532705,     0.08060241786,                 0,       73.81845146
          0,           0,         109,      -5.554408155,      -6.279684977,      -6.050674192,      -5.002973838,             0.448,    0.001090995887,     0.08065794429,                 0,                 0,                 0,     -0.0330476214,   -0.000668807522,     0.08066254984,                 0,       73.93056677
          0,           0,         110,      -5.569050271,      -6.299623025,      -6.065364943,      -5.017572118,             0.448,    0.001090535669,      0.0807160458,                 0,                 0,                 0,    -0.03304131154,  -0.0006705351087,     0.08072062748,                 0,       74.01504427
          0,           0,         111,      -5.583625699,      -6.318873569,      -6.079783507,      -5.032092513,             0.448,    0.001090439441,     0.08077258834,                 0,                 0,                 0,     -0.0330348113,  -0.0006718647827,     0.08077715446,                 0,       74.07342884
          0,           0,         112,      -5.598206205,      -6.337487222,      -6.094227196,       -5.04662393,             0.448,    0.001090652716,     0.08082773561,                 0,                 0,                 0,     -0.0330282828,  -0.0006728545899,     0.08083229326,                 0,       74.10950749
          0,           0,         113,      -5.612801761,      -6.355389434,      -6.108698055,      -5.061187283,             0.448,    0.001091095122,     0.08088128636,                 0,                 0,                 0,    -0.03302197179,   -0.000673580493,     0.08088584092,                 0,       74.12853817
          0,           0,         114,      -5.627512282,      -6.372769913,      -6.123415887,      -5.075885945,             0.448,    0.001091682435,     0.08093332389,                 0,                 0,                 0,    -0.03301599362,  -0.0006741285116,     0.08093787888,                 0,       74.13632506
          0,           0,         115,      -5.642353106,      -6.389731898,      -6.138266719,       -5.09073632,             0.448,    0.001092325677,     0.08098398129,                 0,                 0,                 0,    -0.03301039614,  -0.0006745905085,     0.08098853825,                 0,       74.13904388
          0,           0,         116,      -5.657297069,      -6.406223766,      -6.153152579,      -5.105707561,             0.448,      0.0010929669,     0.08103325885,                 0,                 0,                 0,    -0.03300525196,  -0.0006750244226,     0.08103781808,                 0,       74.14063397
          0,           0,         117,      -5.672417053,      -6.422325939,      -6.168147186,      -5.120876334,             0.448,    0.001093552375,     0.08108083526,                 0,                 0,                 0,    -0.03300073451,  -0.0006754769605,     0.08108539594,                 0,       74.14444622
          0,           0,         118,      -5.687753436,      -6.438138106,      -6.183533594,      -5.136288516,             0.448,    0.001094025848,     0.08112612425,                 0,                 0,                 0,    -0.03299708084,  -0.0006759915741,     0.08113068448,                 0,       74.15375457
          0,           0,         119,       -5.70327529,      -6.453756942,      -6.199320618,      -5.151912268,             0.448,    0.001094368995,     0.08116922105,                 0,                 0,                 0,    -0.03299425043,  -0.0006765886607,     0.08117377851,                 0,       74.16988367
          0,           0,         120,      -5.718958049,        -6.4691168,      -6.215319836,      -5.167719606,             0.448,    0.001094583071,     0.08120990651,                 0,                 0,                 0,    -0.03299230818,  -0.0006772621846,     0.08121445895,                 0,       74.19254754
          0,           0,         121,      -5.734804927,      -6.484200513,      -6.231211731,      -5.183709673,             0.448,    0.001094676923,     0.08124787583,                 0,                 0,                 0,    -0.03299134795,  -0.0006779966512,     0.08125242128,                 0,       74.22087206
          0,           0,         122,       -5.75078986,      -6.498776185,       -6.24691237,      -5.199849174,             0.448,    0.001094647156,     0.08128300819,                 0,                 0,                 0,    -0.03299141626,  -0.0006787928191,     0.08128754464,                 0,       74.25498503
          0,           0,         123,      -5.766893141,      -6.512723664,      -6.262549783,      -5.216117222,             0.448,    0.001094487064,     0.08131513273,                 0,                 0,                 0,    -0.03299251836,  -0.0006796536661,     0.08131965804,                 0,       74.29519762
          0,           0,         124,      -5.783068409,      -6.526058869,       -6.27799969,      -5.232462614,             0.448,    0.001094210389,     0.08134402629,                 0,                 0,                 0,    -0.03299467895,  -0.0006805605856,     0.08134853869,                 0,       74.34038932
          0,           0,         125,      -5.799272009,      -6.538762095,      -6.293138834,      -5.248839189,             0.448,    0.001093851458,     0.08136947425,                 0,                 0,                 0,    -0.03299786316,  -0.0006814745747,     0.08137397276,                 0,        74.3880475
          0,           0,         126,      -5.815470605,       -6.55062607,      -6.308191184,      -5.265205671,             0.448,    0.001093439733,     0.08139171176,                 0,                 0,                 0,    -0.03300197358,  -0.0006823713112,       0.081396196,                 0,       74.43639492
          0,           0,         127,      -5.831628762,      -6.561645766,      -6.323140743,      -5.281520267,             0.448,    0.001093000413,     0.08141079446,                 0,                 0,                 0,    -0.03300696628,  -0.0006832268129,     0.08141526457,                 0,        74.4837728
          0,           0,         128,      -5.847681817,      -6.572087886,       -6.33778541,      -5.297726577,             0.448,    0.001092548185,     0.08142659035,                 0,                 0,                 0,    -0.03301281434,  -0.0006840235187,     0.08143104684,                 0,       74.52906099
          0,           0,         129,      -5.863544145,      -6.582130096,      -6.352033774,      -5.313733314,             0.448,    0.001092109098,     0.08143948178,                 0,                 0,                 0,     -0.0330193157,  -0.0006847437264,     0.08144392562,                 0,       74.57082988
          0,           0,         130,      -5.879192782,      -6.591936489,      -6.366087976,      -5.329506729,             0.448,    0.001091692153,     0.08144971175,                 0,                 0,                 0,    -0.03302634001,  -0.0006853837377,     0.08145414407,                 0,       74.60868112
          0,           0,         131,      -5.894624657,      -6.601736482,      -6.380110619,      -5.345038656,             0.448,     0.00109131256,     0.08145731669,                 0,                 0,                 0,    -0.03303383486,  -0.0006859291414,     0.08146173891,                 0,         74.641601
          0,           0,         132,      -5.909777463,      -6.611753263,      -6.394280689,      -5.360268214,             0.448,    0.001090978901,     0.08146247008,                 0,                 0,                 0,     -0.0330416432,  -0.0006863751422,     0.08146688379,                 0,       74.66915266
          0,           0,         133,      -5.924571845,      -6.622181417,      -6.408375363,      -5.375120306,             0.448,    0.001090689489,      0.0814654114,                 0,                 0,                 0,     -0.0330496053,  -0.0006867286493,      0.0814698181,                 0,       74.69166266
          0,           0,         134,      -5.938964581,      -6.632940862,      -6.422299876,      -5.389550065,             0.448,    0.001090430955,      0.0814663391,                 0,                 0,                 0,    -0.03305760187,  -0.0006870073597,     0.08147073994,                 0,       74.71022234
          0,           0,         135,      -5.952963816,      -6.643971751,      -6.436181659,      -5.403563856,             0.448,     0.00109018665,     0.08146540858,                 0,                 0,                 0,    -0.03306553685,  -0.0006872313072,     0.08146980432,                 0,       74.72611095
          0,           0,         136,      -5.966580652,      -6.655232417,      -6.450217327,      -5.417168468,             0.448,    0.001089956259,     0.08146281711,                 0,                 0,                 0,     -0.0330733395,  -0.0006874051106,     0.08146720844,                 0,       74.73952869
          0,           0,         137,      -5.979811192,      -6.666754677,      -6.464638317,      -5.430361848,             0.448,    0.001089741632,     0.08145877612,                 0,                 0,                 0,    -0.03308093742,  -0.0006875315332,     0.08146316373,                 0,       74.75054062
          0,           0,         138,      -5.992674128,      -6.678653948,      -6.479094158,       -5.44316335,             0.448,    0.001089525536,     0.08145351301,                 0,                 0,                 0,    -0.03308823821,   -0.000687632764,     0.08145789716,                 0,       74.76053599
          0,           0,         139,      -6.005228499,      -6.690901256,      -6.493594966,      -5.455632819,             0.448,    0.001089295513,     0.08144730054,                 0,                 0,                 0,    -0.03309514988,  -0.0006877272075,     0.08145168114,                 0,        74.7706197
          0,           0,         140,      -6.017528262,      -6.703537145,      -6.507921621,      -5.467820155,             0.448,       0.001089052,     0.08144023812,                 0,                 0,                 0,    -0.03310165057,  -0.0006878165968,     0.08144461509,                 0,       74.78085356
          0,           0,         141,      -6.029658688,       -6.71657341,      -6.522434622,      -5.479811498,             0.448,    0.001088793642,     0.08143247739,                 0,                 0,                 0,    -0.03310770624,  -0.0006879055942,     0.08143685058,                 0,       74.79147038
          0,           0,         142,      -6.041687408,       -6.73018591,      -6.537182966,      -5.491680911,             0.448,    0.001088512933,     0.08142427432,                 0,                 0,                 0,    -0.03311326416,  -0.0006880072866,     0.08142864333,                 0,       74.80322174
          0,           0,         143,       -6.05365705,      -6.744504068,      -6.551978012,      -5.503474269,             0.448,    0.001088196727,     0.08141578474,                 0,                 0,                 0,    -0.03311830629,  -0.0006881382179,     0.08142014887,                 0,       74.81715639
          0,           0,         144,      -6.065619249,      -6.759503798,      -6.566730775,      -5.515245318,             0.448,    0.001087832855,     0.08140715266,                 0,                 0,                 0,     -0.0331228194,  -0.0006883136962,     0.08141151091,                 0,       74.83424709
          0,           0,         145,      -6.077660966,      -6.775168432,      -6.581550275,      -5.527089805,             0.448,    0.001087436333,       0.081398475,                 0,                 0,                 0,     -0.0331268151,  -0.0006885208217,     0.08140282667,                 0,       74.85355468
          0,           0,         146,      -6.089825018,      -6.791544048,      -6.596318989,      -5.539057561,             0.448,    0.001087015747,     0.08138985606,                 0,                 0,                 0,    -0.03313028705,  -0.0006887532858,      0.0813942006,                 0,       74.87458784
          0,           0,         147,      -6.102163895,      -6.808715685,      -6.611004594,       -5.55120645,             0.448,    0.001086571548,     0.08138145613,                 0,                 0,                 0,    -0.03313321918,   -0.000689014136,     0.08138579298,                 0,       74.89746651
          0,           0,         148,      -6.114712624,      -6.826650607,      -6.625494063,      -5.563572745,             0.448,    0.001086109107,     0.08137329008,                 0,                 0,                 0,    -0.03313566011,  -0.0006892983257,     0.08137761879,                 0,       74.92183756
          0,           0,         149,      -6.127480093,      -6.845306303,       -6.63993749,      -5.576166898,             0.448,    0.001085638576,     0.08136543543,                 0,                 0,                 0,    -0.03313763209,  -0.0006895973963,     0.08136975574,                 0,       74.94707468
          0,           0,         150,      -6.140508647,       -6.86462297,      -6.654235986,      -5.589038893,             0.448,    0.001085165719,      0.0813580085,                 0,                 0,                 0,    -0.03313914054,  -0.0006899081227,     0.08136232027,                 0,       74.97288851
          0,           0,         151,       -6.15380294,      -6.884507322,      -6.668358466,      -5.602198712,             0.448,    0.001084698251,     0.08135095886,                 0,                 0,                 0,    -0.03314024363,  -0.0006902216931,      0.0813552621,                 0,       74.99870016
          0,           0,         152,      -6.167363627,      -6.904731665,      -6.682137014,      -5.615651353,             0.448,    0.001084253691,     0.08134428677,                 0,                 0,                 0,    -0.03314097213,   -0.000690520596,     0.08134858191,                 0,       75.02329707
          0,           0,         153,      -6.181183973,      -6.925093547,      -6.695371374,      -5.629392134,             0.448,    0.001083842631,     0.08133804409,                 0,                 0,                 0,    -0.03314135731,  -0.0006907953749,     0.08134233174,                 0,       75.04599078
          0,           0,         154,      -6.195225649,      -6.945357957,      -6.708121621,      -5.643381106,             0.448,     0.00108346307,     0.08133231719,                 0,                 0,                 0,    -0.03314143182,  -0.0006910499143,     0.08133659793,                 0,       75.06699532
          0,           0,         155,      -6.209491957,      -6.965537424,      -6.720580111,      -5.657620268,             0.448,     0.00108311566,     0.08132707703,                 0,                 0,                 0,    -0.03314123518,  -0.0006912829278,     0.08133135143,                 0,       75.08623505
          0,           0,         156,      -6.223955745,      -6.985189914,      -6.732933846,      -5.672089058,             0.448,    0.001082808296,     0.08132230277,                 0,                 0,                 0,      -0.033140789,  -0.0006914860692,      0.0813265716,                 0,       75.10313978
          0,           0,         157,      -6.238530883,      -7.003750284,      -6.745027367,      -5.686704167,             0.448,    0.001082546152,     0.08131806144,                 0,                 0,                 0,     -0.0331401001,  -0.0006916556266,     0.08132232557,                 0,       75.11740845
          0,           0,         158,      -6.253180531,      -7.020956179,      -6.756733271,      -5.701428939,             0.448,     0.00108233175,     0.08131430905,                 0,                 0,                 0,     -0.0331392274,  -0.0006917881194,     0.08131856939,                 0,        75.1288217
          0,           0,         159,       -6.26785383,      -7.036604863,       -6.76809818,      -5.716206159,             0.448,     0.00108216698,     0.08131100113,                 0,                 0,                 0,    -0.03313821448,   -0.000691880688,     0.08131525867,                 0,       75.13720398
          0,           0,         160,      -6.282472404,      -7.050506605,      -6.779426073,      -5.730951935,             0.448,    0.001082048732,     0.08130810291,                 0,                 0,                 0,    -0.03313708435,  -0.0006919356834,     0.08131235856,                 0,       75.14273663
          0,           0,         161,      -6.296998834,      -7.062611209,      -6.790853975,      -5.745629399,             0.448,    0.001081968794,     0.08130561718,                 0,                 0,                 0,    -0.03313585552,  -0.0006919613763,     0.08130987167,                 0,        75.1459909
          0,           0,         162,      -6.311379012,      -7.073017652,      -6.802201009,       -5.76018086,             0.448,    0.001081929011,      0.0813035065,                 0,                 0,                 0,    -0.03313455781,  -0.0006919551061,     0.08130776062,                 0,       75.14680324
          0,           0,         163,      -6.325554032,      -7.081884295,      -6.813638632,      -5.774541476,             0.448,    0.001081931127,     0.08130177686,                 0,                 0,                 0,    -0.03313321089,  -0.0006919152589,     0.08130603144,                 0,       75.14505762
          0,           0,         164,      -6.339451914,      -7.089375524,      -6.825223743,      -5.788631819,             0.448,    0.001081967068,      0.0813004103,                 0,                 0,                 0,    -0.03313183094,  -0.0006918495153,       0.081304666,                 0,       75.14129842
          0,           0,         165,       -6.35305296,       -7.09582887,       -6.83725361,      -5.802432547,             0.448,    0.001082023882,     0.08129934658,                 0,                 0,                 0,     -0.0331304373,  -0.0006917695095,     0.08130360377,                 0,       75.13636985
          0,           0,         166,       -6.36634847,      -7.101717606,      -6.849562871,      -5.815931575,             0.448,    0.001082093774,     0.08129856272,                 0,                 0,                 0,    -0.03312903858,  -0.0006916825345,     0.08130282161,                 0,       75.13079245
          0,           0,         167,      -6.379340121,      -7.107377992,      -6.862053713,      -5.829124267,             0.448,    0.001082174237,     0.08129809176,                 0,                 0,                 0,    -0.03312762686,  -0.0006915918162,     0.08130235252,                 0,       75.12477101
          0,           0,         168,      -6.392060631,      -7.113084547,      -6.874686659,      -5.842038594,             0.448,    0.001082259009,     0.08129792271,                 0,                 0,                 0,    -0.03312620966,  -0.0006915033772,     0.08130218536,                 0,       75.11873042
          0,           0,         169,      -6.404526344,      -7.119060266,      -6.887504475,        -5.8546832,             0.448,    0.001082347023,     0.08129803587,                 0,                 0,                 0,    -0.03312479738,  -0.0006914178521,     0.08130230042,                 0,       75.11272644
          0,           0,         170,      -6.416758237,      -7.125549086,      -6.900595669,      -5.867075042,             0.448,    0.001082436682,      0.0812984035,                 0,                 0,                 0,    -0.03312340363,  -0.0006913362345,     0.08130266991,                 0,       75.10684445
          0,           0,         171,      -6.428782593,      -7.132755258,      -6.913866244,      -5.879239718,             0.448,    0.001082523221,     0.08129898071,                 0,                 0,                 0,    -0.03312204464,  -0.0006912623077,     0.08130324888,                 0,       75.10137346
          0,           0,         172,      -6.440649266,      -7.140754186,      -6.927181501,      -5.891224367,             0.448,    0.001082603403,     0.08129974712,                 0,                 0,                 0,    -0.03312072381,  -0.0006911988639,     0.08130401685,                 0,       75.09651907
          0,           0,         173,      -6.452420799,      -7.149657836,      -6.940702782,        -5.9030886,             0.448,    0.001082675087,     0.08130068448,                 0,                 0,                 0,    -0.03311944107,  -0.0006911476456,     0.08130495555,                 0,       75.09241273
          0,           0,         174,       -6.46414744,      -7.159615484,      -6.954507569,      -5.914881392,             0.448,    0.001082735906,     0.08130178077,                 0,                 0,                 0,    -0.03311819905,  -0.0006911107567,     0.08130605291,                 0,        75.0892072
          0,           0,         175,      -6.475865999,      -7.170702812,      -6.968563144,      -5.926640466,             0.448,    0.001082783916,      0.0813029953,                 0,                 0,                 0,    -0.03311701058,  -0.0006910892524,      0.0813072682,                 0,       75.08699942
          0,           0,         176,      -6.487598965,      -7.182937892,      -6.982848462,      -5.938387561,             0.448,    0.001082818829,      0.0813043132,                 0,                 0,                 0,    -0.03311588396,  -0.0006910830983,     0.08130858654,                 0,       75.08579557
          0,           0,         177,      -6.499391608,      -7.196388973,      -6.997194129,      -5.950171181,             0.448,    0.001082842649,     0.08130570419,                 0,                 0,                 0,    -0.03311483241,   -0.000691089628,     0.08130997772,                 0,       75.08542841
          0,           0,         178,       -6.51128289,      -7.211016832,      -7.011662533,      -5.962032073,             0.448,    0.001082853945,     0.08130715168,                 0,                 0,                 0,    -0.03311386221,  -0.0006911099116,     0.08131142512,                 0,       75.08598189
          0,           0,         179,      -6.523285587,      -7.226608322,      -7.025855475,      -5.973980953,             0.448,    0.001082854965,     0.08130863124,                 0,                 0,                 0,    -0.03311296809,  -0.0006911411681,     0.08131290434,                 0,        75.0872775
          0,           0,         180,      -6.535416681,      -7.243090754,      -7.040161692,      -5.986030695,             0.448,    0.001082848389,     0.08131013494,                 0,                 0,                 0,    -0.03311214981,   -0.000691180545,     0.08131440754,                 0,       75.08912211
          0,           0,         181,      -6.547754011,      -7.260558784,      -7.054633169,      -5.998269788,             0.448,    0.001082831876,     0.08131161953,                 0,                 0,                 0,     -0.0331114173,  -0.0006912294406,     0.08131589142,                 0,       75.09163825
          0,           0,         182,      -6.560272301,      -7.278996141,      -7.069106247,      -6.010675522,             0.448,    0.001082804512,     0.08131304375,                 0,                 0,                 0,    -0.03311078005,  -0.0006912878669,      0.0813173147,                 0,       75.09485121
          0,           0,         183,      -6.572970208,      -7.298366687,      -7.083343642,      -6.023250411,             0.448,    0.001082769225,     0.08131439388,                 0,                 0,                 0,     -0.0331102376,  -0.0006913525985,     0.08131866374,                 0,       75.09854545
          0,           0,         184,      -6.585856614,      -7.318459143,      -7.097154755,      -6.036007641,             0.448,    0.001082727419,     0.08131566688,                 0,                 0,                 0,    -0.03310978874,  -0.0006914221651,     0.08131993553,                 0,       75.10262088
          0,           0,         185,      -6.598907724,       -7.33903404,      -7.110596239,      -6.048921339,             0.448,    0.001082681853,     0.08131682153,                 0,                 0,                 0,    -0.03310944171,  -0.0006914929094,     0.08132108891,                 0,       75.10684818
          0,           0,         186,      -6.612116276,      -7.359812901,      -7.123847605,      -6.061986373,             0.448,    0.001082632707,     0.08131784834,                 0,                 0,                 0,    -0.03310919472,  -0.0006915644429,      0.0813221144,                 0,       75.11120605
          0,           0,         187,       -6.62545497,      -7.380558472,      -7.137023217,      -6.075178293,             0.448,    0.001082581522,     0.08131872218,                 0,                 0,                 0,     -0.0331090508,  -0.0006916346789,     0.08132298692,                 0,       75.11556456
          0,           0,         188,      -6.638869275,      -7.401098762,      -7.149936199,      -6.088447264,             0.448,    0.001082527362,     0.08131944263,                 0,                 0,                 0,     -0.0331090031,  -0.0006917045424,     0.08132370602,                 0,       75.11998818
          0,           0,         189,      -6.652323495,      -7.421149059,      -7.162373973,      -6.101759822,             0.448,    0.001082469934,     0.08131998103,                 0,                 0,                 0,    -0.03310905306,   -0.000691773702,     0.08132424304,                 0,       75.12447089
          0,           0,         190,      -6.665808812,       -7.44034569,      -7.174423506,      -6.115109332,             0.448,    0.001082409676,     0.08132031951,                 0,                 0,                 0,    -0.03310919932,  -0.0006918413293,     0.08132458012,                 0,       75.12896579
          0,           0,         191,      -6.679307397,      -7.458345148,       -7.18626308,      -6.128478689,             0.448,    0.001082347337,     0.08132047185,                 0,                 0,                 0,    -0.03310943071,   -0.000691906977,     0.08132473106,                 0,       75.13343369
          0,           0,         192,      -6.692798641,      -7.474902755,      -7.198007913,      -6.141849484,             0.448,    0.001082283525,     0.08132044267,                 0,                 0,                 0,    -0.03310974081,  -0.0006919701369,      0.0813247005,                 0,       75.13783661
          0,           0,         193,      -6.706265913,       -7.48986683,      -7.209671714,      -6.155206469,             0.448,    0.001082217864,       0.081320213,                 0,                 0,                 0,     -0.0331101289,  -0.0006920307722,     0.08132446945,                 0,        75.1421832
          0,           0,         194,      -6.719697004,      -7.503173829,      -7.221246049,      -6.168539014,             0.448,    0.001082151131,     0.08131977826,                 0,                 0,                 0,    -0.03311058873,  -0.0006920880053,     0.08132403336,                 0,       75.14641525
          0,           0,         195,      -6.733069164,      -7.514867331,      -7.232742803,      -6.181825765,             0.448,    0.001082084079,      0.0813191369,                 0,                 0,                 0,    -0.03311111572,  -0.0006921410498,     0.08132339068,                 0,       75.15047901
          0,           0,         196,       -6.74635666,      -7.525097281,      -7.244206156,      -6.195042543,             0.448,    0.001082016685,     0.08131828695,                 0,                 0,                 0,     -0.0331117086,  -0.0006921898868,     0.08132253947,                 0,       75.15437431
          0,           0,         197,      -6.759551858,      -7.534060135,      -7.255664877,       -6.20818375,             0.448,    0.001081949501,     0.08131723349,                 0,                 0,                 0,    -0.03311235839,  -0.0006922340734,      0.0813214848,                 0,       75.15806736
          0,           0,         198,      -6.772683827,      -7.541965319,      -7.266997874,      -6.221277758,             0.448,    0.001081881859,     0.08131597629,                 0,                 0,                 0,    -0.03311305474,  -0.0006922742735,     0.08132022642,                 0,       75.16160438
          0,           0,         199,      -6.785755702,      -7.549049278,      -7.278519454,      -6.234319845,             0.448,    0.001081813566,     0.08131454284,                 0,                 0,                 0,    -0.03311378646,  -0.0006923112803,     0.08131879182,                 0,       75.16502419
          0,           0,         200,      -6.798784062,      -7.555671714,      -7.290385222,      -6.247328633,             0.448,    0.001081745346,     0.08131293993,                 0,                 0,                 0,    -0.03311454782,  -0.0006923445167,      0.0813171878,                 0,       75.16828267
          0,           0,         201,      -6.811794011,      -7.562207685,      -7.302602754,      -6.260330956,             0.448,    0.001081677652,     0.08131117177,                 0,                 0,                 0,     -0.0331153321,  -0.0006923736223,     0.08131541859,                 0,       75.17135223
          0,           0,         202,      -6.824805479,      -7.568873983,      -7.315151341,      -6.273347032,             0.448,    0.001081610953,     0.08130925262,                 0,                 0,                 0,    -0.03311613169,  -0.0006923984389,     0.08131349844,                 0,        75.1742134
          0,           0,         203,      -6.837844866,      -7.575882616,      -7.328044674,      -6.286402567,             0.448,    0.001081545865,     0.08130719486,                 0,                 0,                 0,    -0.03311693982,  -0.0006924186222,     0.08131143975,                 0,       75.17683485
          0,           0,         204,      -6.850946879,      -7.583422904,      -7.341374163,      -6.299530049,             0.448,    0.001081483017,     0.08130501161,                 0,                 0,                 0,     -0.0331177498,  -0.0006924338279,     0.08130925565,                 0,       75.17918483
          0,           0,         205,      -6.864157175,      -7.591689261,      -7.355066666,      -6.312774407,             0.448,    0.001081422668,     0.08130272555,                 0,                 0,                 0,    -0.03311855276,  -0.0006924442921,     0.08130696881,                 0,       75.18126626
          0,           0,         206,      -6.877467171,      -7.600865169,      -7.369228984,      -6.326120795,             0.448,    0.001081364161,     0.08130035367,                 0,                 0,                 0,    -0.03311934141,   -0.000692451043,     0.08130459622,                 0,       75.18314053
          0,           0,         207,      -6.890888288,      -7.611060667,      -7.383742741,      -6.339582498,             0.448,    0.001081307865,     0.08129790551,                 0,                 0,                 0,    -0.03312011148,  -0.0006924539192,     0.08130214741,                 0,        75.1847907
          0,           0,         208,      -6.904435656,        -7.6223135,      -7.398538794,      -6.353174382,             0.448,    0.001081254657,     0.08129539419,                 0,                 0,                 0,    -0.03312085801,  -0.0006924523299,     0.08129963553,                 0,       75.18616787
          0,           0,         209,      -6.918126787,        -7.6346066,      -7.413611425,      -6.366912542,             0.448,    0.001081204651,     0.08129284379,                 0,                 0,                 0,    -0.03312157495,  -0.0006924466881,     0.08129708465,                 0,       75.18728645
          0,           0,         210,      -6.931976503,      -7.647941668,      -7.428954714,      -6.380811279,             0.448,    0.001081157726,     0.08129027084,                 0,                 0,                 0,    -0.03312225818,  -0.0006924374735,     0.08129451129,                 0,       75.18816997
          0,           0,         211,      -6.945990179,       -7.66232429,      -7.444523014,      -6.394875433,             0.448,    0.001081114283,     0.08128769282,                 0,                 0,                 0,    -0.03312290251,  -0.0006924246663,     0.08129193293,                 0,       75.18880666
          0,           0,         212,      -6.960160934,      -7.677725598,      -7.460253898,      -6.409096351,             0.448,    0.001081074911,     0.08128513378,                 0,                 0,                 0,    -0.03312350247,  -0.0006924082042,     0.08128937364,                 0,       75.18917789
          0,           0,         213,      -6.974491028,      -7.694102433,      -7.476124421,      -6.423477883,             0.448,    0.001081040023,      0.0812826096,                 0,                 0,                 0,     -0.0331240565,  -0.0006923880193,      0.0812868493,                 0,        75.1892695
          0,           0,         214,      -6.988974855,      -7.711394677,      -7.492088611,      -6.438014958,             0.448,     0.00108100965,     0.08128012995,                 0,                 0,                 0,    -0.03312456454,  -0.0006923642913,     0.08128436958,                 0,       75.18908822
          0,           0,         215,      -7.003587882,      -7.729496511,      -7.508071375,      -6.452683069,             0.448,    0.001080984114,     0.08127770276,                 0,                 0,                 0,    -0.03312502668,  -0.0006923368723,     0.08128194241,                 0,       75.18861904
          0,           0,         216,      -7.018309266,      -7.748210745,      -7.523981839,      -6.467462218,             0.448,    0.001080963437,     0.08127534291,                 0,                 0,                 0,    -0.03312544124,  -0.0006923060644,     0.08127958268,                 0,       75.18787417
          0,           0,         217,      -7.033114876,      -7.767334586,       -7.53975887,      -6.482328079,             0.448,    0.001080947365,     0.08127306617,                 0,                 0,                 0,    -0.03312580708,   -0.000692272466,     0.08127730612,                 0,       75.18688587
          0,           0,         218,      -7.047962734,      -7.786684789,      -7.555332734,      -6.497238111,             0.448,    0.001080935627,     0.08127088257,                 0,                 0,                 0,    -0.03312612504,  -0.0006922365667,     0.08127512278,                 0,       75.18568227
          0,           0,         219,      -7.062812781,      -7.806070929,      -7.570626005,      -6.512152835,             0.448,    0.001080928386,     0.08126879225,                 0,                 0,                 0,    -0.03312639812,  -0.0006921982053,     0.08127303281,                 0,       75.18425206
          0,           0,         220,       -7.07763375,      -7.825265032,      -7.585582517,      -6.527040936,             0.448,    0.001080925608,     0.08126679931,                 0,                 0,                 0,    -0.03312662865,  -0.0006921575068,     0.08127104028,                 0,       75.18260155
          0,           0,         221,      -7.092379075,      -7.843997681,      -7.600147695,      -6.541853999,             0.448,    0.001080926939,     0.08126491482,                 0,                 0,                 0,    -0.03312681696,  -0.0006921150664,     0.08126915627,                 0,       75.18076558
          0,           0,         222,      -7.106997555,      -7.862014242,      -7.614281467,      -6.556540286,             0.448,    0.001080932364,     0.08126314026,                 0,                 0,                 0,    -0.03312696588,  -0.0006920709307,     0.08126738225,                 0,       75.17874656
          0,           0,         223,      -7.121458314,      -7.879051256,      -7.627944381,      -6.571069392,             0.448,    0.001080941836,     0.08126147371,                 0,                 0,                 0,    -0.03312707886,   -0.000692025106,      0.0812657163,                 0,       75.17654607
          0,           0,         224,      -7.135721507,      -7.894911171,      -7.641116312,      -6.585399009,             0.448,    0.001080954987,     0.08125991473,                 0,                 0,                 0,    -0.03312715904,  -0.0006919779489,     0.08126415798,                 0,       75.17418923
          0,           0,         225,       -7.14975164,      -7.909490246,      -7.653797661,       -6.59949229,             0.448,     0.00108097147,     0.08125845628,                 0,                 0,                 0,    -0.03312721057,  -0.0006919296538,     0.08126270024,                 0,       75.17169373
          0,           0,         226,      -7.163522169,      -7.922757876,      -7.666019465,      -6.613321721,             0.448,    0.001080991215,     0.08125710083,                 0,                 0,                 0,    -0.03312723567,  -0.0006918803449,     0.08126134554,                 0,       75.16906681
          0,           0,         227,      -7.177011581,      -7.934770671,      -7.677833389,      -6.626864802,             0.448,    0.001081013911,     0.08125584858,                 0,                 0,                 0,    -0.03312723721,  -0.0006918303358,     0.08126009408,                 0,       75.16633017
          0,           0,         228,      -7.190193036,       -7.94564427,      -7.689279051,      -6.640093331,             0.448,    0.001081039241,     0.08125469526,                 0,                 0,                 0,    -0.03312721876,  -0.0006917798525,     0.08125894159,                 0,       75.16350209
          0,           0,         229,      -7.203085394,      -7.955515417,      -7.700345141,      -6.653026699,             0.448,    0.001081066909,     0.08125363441,                 0,                 0,                 0,    -0.03312718362,  -0.0006917290487,      0.0812578816,                 0,       75.16059711
          0,           0,         230,      -7.215699869,      -7.964538007,       -7.71115031,      -6.665671896,             0.448,    0.001081096424,     0.08125266304,                 0,                 0,                 0,    -0.03312713465,  -0.0006916783511,      0.0812569111,                 0,       75.15764669
          0,           0,         231,      -7.228059584,      -7.972941955,      -7.721818026,      -6.678049447,             0.448,    0.001081127582,     0.08125178129,                 0,                 0,                 0,    -0.03312707319,  -0.0006916279649,     0.08125603024,                 0,       75.15466505
          0,           0,         232,      -7.240192302,       -7.98101907,      -7.732439262,       -6.69018623,             0.448,    0.001081160011,     0.08125098541,                 0,                 0,                 0,    -0.03312700138,  -0.0006915781817,     0.08125523526,                 0,       75.15167468
          0,           0,         233,      -7.252129885,      -7.989027099,      -7.743079316,      -6.702114415,             0.448,    0.001081193382,     0.08125027029,                 0,                 0,                 0,     -0.0331269216,  -0.0006915292176,     0.08125452103,                 0,       75.14869366
          0,           0,         234,        -7.2639127,      -7.997181282,      -7.753799838,      -6.713874849,             0.448,    0.001081227424,     0.08124963146,                 0,                 0,                 0,    -0.03312683596,  -0.0006914812486,      0.0812538831,                 0,       75.14573686
          0,           0,         235,      -7.275587896,      -8.005682275,      -7.764671053,       -6.72551495,             0.448,    0.001081261747,     0.08124906372,                 0,                 0,                 0,    -0.03312674666,  -0.0006914345482,     0.08125331625,                 0,       75.14282637
          0,           0,         236,      -7.287205392,       -8.01471763,       -7.77576346,      -6.737085002,             0.448,    0.001081296003,     0.08124856178,                 0,                 0,                 0,    -0.03312665556,  -0.0006913893511,     0.08125281517,                 0,       75.13998164
          0,           0,         237,      -7.298814861,      -8.024456403,      -7.787133239,      -6.748635597,             0.448,    0.001081329984,     0.08124812088,                 0,                 0,                 0,    -0.03312656394,  -0.0006913457596,     0.08125237512,                 0,       75.13721259
          0,           0,         238,      -7.310467375,      -8.035036806,      -7.798810844,      -6.760219053,             0.448,     0.00108136346,     0.08124773693,                 0,                 0,                 0,    -0.03312647294,  -0.0006913039155,     0.08125199199,                 0,       75.13453147
          0,           0,         239,      -7.322211098,      -8.046552215,      -7.810832453,      -6.771885092,             0.448,    0.001081396081,     0.08124740482,                 0,                 0,                 0,    -0.03312638404,  -0.0006912640574,     0.08125166067,                 0,       75.13195788
          0,           0,         240,      -7.334090637,      -8.059072504,      -7.823232511,      -6.783680155,             0.448,    0.001081427513,     0.08124711892,                 0,                 0,                 0,     -0.0331262986,  -0.0006912263959,     0.08125137552,                 0,       75.12950977
          0,           0,         241,        -7.3461445,      -8.072641638,      -7.836036819,       -6.79564406,             0.448,    0.001081457649,     0.08124687544,                 0,                 0,                 0,    -0.03312621716,   -0.000691190956,     0.08125113276,                 0,       75.12719109
          0,           0,         242,      -7.358406571,      -8.087284219,      -7.849247918,      -6.807812499,             0.448,     0.00108148632,     0.08124666997,                 0,                 0,                 0,     -0.0331261404,  -0.0006911578092,     0.08125092796,                 0,       75.12500941
          0,           0,         243,      -7.370904698,      -8.102999233,      -7.862857732,      -6.820215224,             0.448,    0.001081513321,     0.08124649808,                 0,                 0,                 0,    -0.03312606904,  -0.0006911270651,      0.0812507567,                 0,       75.12297492
          0,           0,         244,      -7.383660962,      -8.119755738,      -7.876850897,       -6.83287609,             0.448,    0.001081538497,     0.08124635555,                 0,                 0,                 0,    -0.03312600357,  -0.0006910987856,     0.08125061475,                 0,       75.12109441
          0,           0,         245,       -7.39669093,      -8.137499074,      -7.891204547,      -6.845812371,             0.448,    0.001081561734,     0.08124623827,                 0,                 0,                 0,    -0.03312594438,  -0.0006910729954,     0.08125049801,                 0,       75.11937201
          0,           0,         246,      -7.410002979,      -8.156144692,      -7.905888708,      -6.859034073,             0.448,    0.001081582926,     0.08124614239,                 0,                 0,                 0,    -0.03312589175,  -0.0006910497176,     0.08125040262,                 0,       75.11781156
          0,           0,         247,      -7.423599687,      -8.175579374,      -7.920864691,      -6.872545411,             0.448,    0.001081602032,     0.08124606458,                 0,                 0,                 0,    -0.03312584573,  -0.0006910289184,     0.08125032524,                 0,       75.11641268
          0,           0,         248,      -7.437477429,      -8.195656035,      -7.936088239,      -6.886344333,             0.448,    0.001081618969,     0.08124600109,                 0,                 0,                 0,     -0.0331258065,  -0.0006910106002,     0.08125026213,                 0,       75.11517772
          0,           0,         249,      -7.451626202,      -8.216191092,      -7.951513764,      -6.900422197,             0.448,    0.001081633708,     0.08124594872,                 0,                 0,                 0,    -0.03312577403,  -0.0006909947223,      0.0812502101,                 0,       75.11410574
          0,           0,         250,      -7.466030338,      -8.236968445,      -7.967096327,      -6.914764488,             0.448,    0.001081646298,     0.08124590503,                 0,                 0,                 0,    -0.03312574802,  -0.0006909811825,     0.08125016669,                 0,       75.11319106
          0,           0,         251,      -7.480669352,      -8.257746565,      -7.982787161,      -6.929351695,             0.448,    0.001081656765,     0.08124586758,                 0,                 0,                 0,    -0.03312572819,  -0.0006909699004,     0.08125012948,                 0,       75.11242954
          0,           0,         252,        -7.4955171,       -8.27825445,      -7.998534491,      -6.944158415,             0.448,    0.001081665211,     0.08124583461,                 0,                 0,                 0,    -0.03312571406,   -0.000690960738,      0.0812500967,                 0,       75.11181261
          0,           0,         253,      -7.510543232,      -8.298208204,      -8.014284511,      -6.959154875,             0.448,    0.001081671731,     0.08124580451,                 0,                 0,                 0,    -0.03312570512,  -0.0006909535626,     0.08125006675,                 0,       75.11133201
          0,           0,         254,       -7.52571436,      -8.317323095,      -8.029986182,      -6.974308036,             0.448,    0.001081676424,     0.08124577586,                 0,                 0,                 0,    -0.03312570086,  -0.0006909482454,     0.08125003821,                 0,       75.11097963
          0,           0,         255,      -7.540994914,      -8.335340381,      -8.045595437,       -6.98958238,             0.448,    0.001081679404,     0.08124574752,                 0,                 0,                 0,    -0.03312570074,  -0.0006909446481,     0.08125000994,                 0,       75.11074651
          0,           0,         256,      -7.556347755,      -8.352052054,      -8.061076688,        -7.0049405,             0.448,    0.001081680794,     0.08124571862,                 0,                 0,                 0,    -0.03312570416,  -0.0006909426277,     0.08124998108,                 0,       75.11062325
          0,           0,         257,       -7.57173496,      -8.367317497,      -8.076402082,      -7.020343911,             0.448,    0.001081680728,      0.0812456885,                 0,                 0,                 0,    -0.03312571052,  -0.0006909420372,     0.08124995097,                 0,       75.11060003
          0,           0,         258,      -7.587119226,         -8.381078,      -8.091550171,      -7.035754506,             0.448,    0.001081679344,     0.08124565677,                 0,                 0,                 0,    -0.03312571918,  -0.0006909427288,     0.08124991922,                 0,       75.11066681
          0,           0,         259,      -7.602464926,      -8.393355206,      -8.106507595,      -7.051135539,             0.448,    0.001081676777,      0.0812456232,                 0,                 0,                 0,    -0.03312572954,  -0.0006909445621,     0.08124988559,                 0,       75.11081397
          0,           0,         260,      -7.617739325,      -8.404255787,      -8.121270204,      -7.066452872,             0.448,     0.00108167316,     0.08124558775,                 0,                 0,                 0,    -0.03312574099,   -0.000690947405,     0.08124985008,                 0,       75.11103236
          0,           0,         261,      -7.632913735,      -8.413963002,      -8.135842114,      -7.081676241,             0.448,    0.001081668622,     0.08124555067,                 0,                 0,                 0,     -0.0331257529,  -0.0006909511329,     0.08124981291,                 0,       75.11131319
          0,           0,         262,      -7.647964034,       -8.42271375,      -8.150235432,      -7.096779784,             0.448,     0.00108166331,     0.08124551222,                 0,                 0,                 0,    -0.03312576469,  -0.0006909556053,     0.08124977435,                 0,       75.11164655
          0,           0,         263,      -7.662871892,      -8.430775842,      -8.164469512,      -7.111743342,             0.448,    0.001081657361,     0.08124547282,                 0,                 0,                 0,    -0.03312577584,  -0.0006909606936,     0.08124973483,                 0,       75.11202325
          0,           0,         264,      -7.677624963,      -8.438428512,      -8.178569559,      -7.126552694,             0.448,    0.001081650903,     0.08124543304,                 0,                 0,                 0,     -0.0331257858,  -0.0006909662817,     0.08124969492,                 0,       75.11243488
          0,           0,         265,      -7.692217011,      -8.445945983,      -8.192564887,      -7.141199789,             0.448,    0.001081644063,     0.08124539353,                 0,                 0,                 0,    -0.03312579409,  -0.0006909722584,     0.08124965527,                 0,       75.11287336
          0,           0,         266,       -7.70664822,       -8.45358482,      -8.206486826,      -7.155683156,             0.448,    0.001081636947,     0.08124535495,                 0,                 0,                 0,    -0.03312580029,  -0.0006909785316,     0.08124961654,                 0,       75.11333189
          0,           0,         267,      -7.720924917,      -8.461575069,      -8.220367388,      -7.170007666,             0.448,    0.001081629638,     0.08124531789,                 0,                 0,                 0,    -0.03312580409,  -0.0006909850303,     0.08124957933,                 0,       75.11380519
          0,           0,         268,      -7.735058712,      -8.470116031,      -8.234238334,      -7.184183656,             0.448,    0.001081622258,     0.08124528336,                 0,                 0,                 0,    -0.03312580505,  -0.0006909916554,     0.08124954465,                 0,       75.11428578
          0,           0,         269,      -7.749065735,       -8.47937685,      -8.248127281,      -7.198226282,             0.448,    0.001081614907,     0.08124525231,                 0,                 0,                 0,    -0.03312580285,  -0.0006909983264,     0.08124951344,                 0,       75.11476751
          0,           0,         270,      -7.762965163,      -8.489493147,      -8.262055645,      -7.212154152,             0.448,     0.00108160767,     0.08124522552,                 0,                 0,                 0,    -0.03312579724,   -0.000691004978,      0.0812494865,                 0,       75.11524539
          0,           0,         271,      -7.776778883,      -8.500568461,      -8.276040473,       -7.22598892,             0.448,    0.001081600626,     0.08124520385,                 0,                 0,                 0,    -0.03312578801,   -0.000691011547,     0.08124946469,                 0,        75.1157145
          0,           0,         272,      -7.790530877,       -8.51268045,      -8.290095614,      -7.239754599,             0.448,    0.001081593841,      0.0812451882,                 0,                 0,                 0,    -0.03312577502,  -0.0006910179888,     0.08124944889,                 0,       75.11617124
          0,           0,         273,      -7.804245174,       -8.52588292,       -8.30423056,       -7.25347554,             0.448,    0.001081587367,     0.08124517927,                 0,                 0,                 0,    -0.03312575822,  -0.0006910242667,     0.08124943982,                 0,       75.11661261
          0,           0,         274,      -7.817944604,      -8.540203632,      -8.318446024,      -7.267175232,             0.448,    0.001081581253,     0.08124517774,                 0,                 0,                 0,    -0.03312573757,  -0.0006910303459,     0.08124943816,                 0,       75.11703583
          0,           0,         275,      -7.831650221,      -8.555645873,      -8.332733018,      -7.280875644,             0.448,    0.001081575542,     0.08124518425,                 0,                 0,                 0,     -0.0331257131,  -0.0006910361979,     0.08124944455,                 0,       75.11743851
          0,           0,         276,      -7.845380662,       -8.57219016,      -8.347074944,      -7.294596519,             0.448,    0.001081570265,     0.08124519932,                 0,                 0,                 0,    -0.03312568488,  -0.0006910418024,     0.08124945949,                 0,       75.11781894
          0,           0,         277,       -7.85915138,      -8.589793791,      -8.361450134,      -7.308354574,             0.448,    0.001081565446,     0.08124522336,                 0,                 0,                 0,    -0.03312565306,  -0.0006910471449,     0.08124948342,                 0,       75.11817587
          0,           0,         278,      -7.872973988,      -8.608389441,      -8.375833061,      -7.322162809,             0.448,    0.001081561102,      0.0812452567,                 0,                 0,                 0,     -0.0331256178,  -0.0006910522151,     0.08124951666,                 0,        75.1185084
          0,           0,         279,      -7.886855883,      -8.627883258,      -8.390194592,      -7.336030063,             0.448,    0.001081557245,     0.08124529956,                 0,                 0,                 0,    -0.03312557931,  -0.0006910570063,     0.08124955943,                 0,       75.11881592
          0,           0,         280,       -7.90080011,      -8.648152619,      -8.404502562,       -7.34996081,             0.448,     0.00108155388,     0.08124535207,                 0,                 0,                 0,    -0.03312553784,  -0.0006910615153,     0.08124961185,                 0,       75.11909813
          0,           0,         281,      -7.914805391,      -8.669044242,      -8.418723175,      -7.363955158,             0.448,    0.001081551009,     0.08124541426,                 0,                 0,                 0,    -0.03312549366,  -0.0006910657421,     0.08124967396,                 0,       75.11935503
          0,           0,         282,      -7.928866288,      -8.690373155,      -8.432822898,      -7.378008954,             0.448,    0.001081548627,     0.08124548604,                 0,                 0,                 0,    -0.03312544706,  -0.0006910696898,     0.08124974567,                 0,       75.11958687
          0,           0,         283,        -7.9429735,      -8.711923037,      -8.446770403,      -7.392114044,             0.448,    0.001081546723,     0.08124556723,                 0,                 0,                 0,    -0.03312539837,  -0.0006910733645,      0.0812498268,                 0,       75.11979418
          0,           0,         284,      -7.957114315,      -8.733449061,      -8.460538424,      -7.406258667,             0.448,    0.001081545284,     0.08124565758,                 0,                 0,                 0,    -0.03312534794,  -0.0006910767742,      0.0812499171,                 0,       75.11997767
          0,           0,         285,      -7.971273191,       -8.75468436,      -8.474105488,      -7.420428012,             0.448,    0.001081544291,     0.08124575672,                 0,                 0,                 0,     -0.0331252961,  -0.0006910799292,     0.08125001619,                 0,       75.12013827
          0,           0,         286,      -7.985432453,      -8.775350768,      -8.487457425,      -7.434604868,             0.448,    0.001081543725,     0.08124586423,                 0,                 0,                 0,    -0.03312524322,  -0.0006910828412,     0.08125012367,                 0,       75.12027705
          0,           0,         287,       -7.99957306,      -8.795173845,      -8.500588528,      -7.448770372,             0.448,    0.001081543559,     0.08124597961,                 0,                 0,                 0,    -0.03312518966,  -0.0006910855237,     0.08125023902,                 0,       75.12039522
          0,           0,         288,      -8.013675437,      -8.813901485,      -8.513502295,      -7.462904813,             0.448,    0.001081543768,      0.0812461023,                 0,                 0,                 0,    -0.03312513578,  -0.0006910879909,     0.08125036168,                 0,       75.12049412
          0,           0,         289,      -8.027720327,      -8.831324324,      -8.526211717,      -7.476988491,             0.448,    0.001081544324,     0.08124623168,                 0,                 0,                 0,    -0.03312508196,  -0.0006910902583,     0.08125049104,                 0,       75.12057519
          0,           0,         290,      -8.041689661,        -8.8472951,      -8.538739109,      -7.491002585,             0.448,    0.001081545194,     0.08124636708,                 0,                 0,                 0,    -0.03312502854,  -0.0006910923419,     0.08125062643,                 0,       75.12063993
          0,           0,         291,      -8.055567379,       -8.86174344,      -8.551115499,          -7.50493,             0.448,    0.001081546347,     0.08124650777,                 0,                 0,                 0,    -0.03312497588,  -0.0006910942582,     0.08125076711,                 0,       75.12068992
          0,           0,         292,      -8.069340175,      -8.874682997,      -8.563379596,      -7.518756154,             0.448,    0.001081547749,     0.08124665299,                 0,                 0,                 0,    -0.03312492433,  -0.0006910960241,     0.08125091233,                 0,       75.12072679
          0,           0,         293,      -8.082998121,      -8.886209308,       -8.57557639,      -7.532469648,             0.448,    0.001081549367,     0.08124680195,                 0,                 0,                 0,    -0.03312487421,  -0.0006910976565,     0.08125106128,                 0,       75.12075217
          0,           0,         294,      -8.096535146,      -8.896488865,      -8.587755479,      -7.546062808,             0.448,    0.001081551164,     0.08124695379,                 0,                 0,                 0,    -0.03312482584,  -0.0006910991721,     0.08125121313,                 0,       75.12076773
          0,           0,         295,      -8.109949327,      -8.905741751,      -8.599969225,      -7.559532036,             0.448,    0.001081553106,     0.08124710767,                 0,                 0,                 0,    -0.03312477951,  -0.0006911005871,     0.08125136701,                 0,        75.1207751
          0,           0,         296,      -8.123242983,      -8.914221226,      -8.612270842,      -7.572877978,             0.448,    0.001081555159,      0.0812472627,                 0,                 0,                 0,     -0.0331247355,  -0.0006911019173,     0.08125152205,                 0,        75.1207759
          0,           0,         297,      -8.136422574,      -8.922193617,       -8.62471252,       -7.58610548,             0.448,    0.001081557286,     0.08124741798,                 0,                 0,                 0,    -0.03312469405,  -0.0006911031776,     0.08125167735,                 0,       75.12077169
          0,           0,         298,      -8.149498391,      -8.929921005,      -8.637343663,      -7.599223345,             0.448,    0.001081559456,     0.08124757264,                 0,                 0,                 0,    -0.03312465538,   -0.000691104382,     0.08125183202,                 0,       75.12076397
          0,           0,         299,      -8.162484087,      -8.937648035,      -8.650209311,      -7.612243905,             0.448,    0.001081561636,      0.0812477258,                 0,                 0,                 0,    -0.03312461969,  -0.0006911055435,     0.08125198518,                 0,       75.12075415
          0,           0,         300,      -8.175396051,      -8.945593121,      -8.663348768,      -7.625182449,             0.448,    0.001081563796,      0.0812478766,                 0,                 0,                 0,    -0.03312458712,  -0.0006911066737,     0.08125213599,                 0,       75.12074356
          0,           0,         301,      -8.188252691,      -8.953943481,      -8.676794473,      -7.638056532,             0.448,    0.001081565908,     0.08124802422,                 0,                 0,                 0,    -0.03312455779,  -0.0006911077832,     0.08125228363,                 0,        75.1207334
          0,           0,         302,      -8.201073646,      -8.962853181,       -8.69057108,      -7.650885213,             0.448,    0.001081567944,     0.08124816789,                 0,                 0,                 0,    -0.03312453181,  -0.0006911088811,      0.0812524273,                 0,       75.12072478
          0,           0,         303,      -8.213878986,      -8.972443219,      -8.704694753,      -7.663688272,             0.448,    0.001081569883,     0.08124830687,                 0,                 0,                 0,    -0.03312450921,  -0.0006911099752,     0.08125256629,                 0,       75.12071866
          0,           0,         304,      -8.226688424,      -8.982802837,      -8.719172642,      -7.676485425,             0.448,    0.001081571701,     0.08124844049,                 0,                 0,                 0,    -0.03312449003,  -0.0006911110719,     0.08125269992,                 0,       75.12071589
          0,           0,         305,      -8.239520582,      -8.993991422,      -8.734002514,       -7.68929559,             0.448,    0.001081573382,     0.08124856814,                 0,                 0,                 0,    -0.03312447425,  -0.0006911121761,     0.08125282758,                 0,       75.12071716
          0,           0,         306,      -8.252392331,       -9.00604056,      -8.749172526,      -7.702136215,             0.448,     0.00108157491,     0.08124868928,                 0,                 0,                 0,    -0.03312446183,  -0.0006911132913,     0.08125294872,                 0,       75.12072305
          0,           0,         307,      -8.265318224,      -9.018955933,      -8.764661145,      -7.715022689,             0.448,    0.001081576272,     0.08124880342,                 0,                 0,                 0,    -0.03312445271,  -0.0006911144198,     0.08125306286,                 0,         75.120734
          0,           0,         308,      -8.278310033,      -9.032718983,      -8.780437213,      -7.727967863,             0.448,    0.001081577458,     0.08124891015,                 0,                 0,                 0,    -0.03312444678,  -0.0006911155624,      0.0812531696,                 0,       75.12075031
          0,           0,         309,        -8.2913764,      -9.047288223,      -8.796460196,      -7.740981666,             0.448,    0.001081578461,     0.08124900915,                 0,                 0,                 0,    -0.03312444394,  -0.0006911167188,      0.0812532686,                 0,       75.12077214
          0,           0,         310,      -8.304522606,      -9.062600376,      -8.812680661,      -7.754070839,             0.448,    0.001081579278,     0.08124910014,                 0,                 0,                 0,    -0.03312444404,  -0.0006911178872,     0.08125335958,                 0,       75.12079954
          0,           0,         311,      -8.317750468,      -9.078571331,      -8.829041016,      -7.767238796,             0.448,    0.001081579907,     0.08124918294,                 0,                 0,                 0,    -0.03312444692,  -0.0006911190647,     0.08125344237,                 0,       75.12083242
          0,           0,         312,      -8.331058319,      -9.095097181,      -8.845476603,      -7.780485567,             0.448,    0.001081580348,     0.08124925742,                 0,                 0,                 0,    -0.03312445241,  -0.0006911202482,     0.08125351685,                 0,       75.12087062
          0,           0,         313,       -8.34444107,      -9.112056134,      -8.861917207,      -7.793807804,             0.448,    0.001081580605,     0.08124932354,                 0,                 0,                 0,    -0.03312446031,  -0.0006911214337,     0.08125358296,                 0,       75.12091391
          0,           0,         314,       -8.35789056,      -9.129311187,      -8.878288943,      -7.807199111,             0.448,    0.001081580683,     0.08124938133,                 0,                 0,                 0,    -0.03312447042,  -0.0006911226163,     0.08125364074,                 0,       75.12096191
          0,           0,         315,      -8.371395833,      -9.146712945,       -8.89451659,      -7.820650261,             0.448,     0.00108158059,     0.08124943086,                 0,                 0,                 0,    -0.03312448254,  -0.0006911237901,     0.08125369026,                 0,       75.12101419
          0,           0,         316,      -8.384943546,      -9.164103833,       -8.91052606,      -7.834149567,             0.448,    0.001081580335,     0.08124947229,                 0,                 0,                 0,    -0.03312449645,  -0.0006911249494,     0.08125373167,                 0,       75.12107025
          0,           0,         317,      -8.398518464,      -9.181324054,      -8.926247301,       -7.84768333,             0.448,    0.001081579927,     0.08124950581,                 0,                 0,                 0,    -0.03312451193,   -0.000691126088,     0.08125376517,                 0,       75.12112954
          0,           0,         318,      -8.412104049,      -9.198218922,       -8.94161736,      -7.861236384,             0.448,    0.001081579379,     0.08124953167,                 0,                 0,                 0,    -0.03312452875,  -0.0006911271997,     0.08125379101,                 0,       75.12119149
          0,           0,         319,        -8.4256831,      -9.214647235,      -8.956583298,        -7.8747927,             0.448,    0.001081578704,     0.08124955018,                 0,                 0,                 0,    -0.03312454671,  -0.0006911282784,     0.08125380951,                 0,       75.12125549
          0,           0,         320,      -8.439238408,      -9.230489905,      -8.971104719,      -7.888336011,             0.448,    0.001081577915,     0.08124956168,                 0,                 0,                 0,    -0.03312456558,  -0.0006911293181,     0.08125382099,                 0,       75.12132092
          0,           0,         321,      -8.452753477,      -9.245657815,      -8.985155694,      -7.901850502,             0.448,    0.001081577027,     0.08124956655,                 0,                 0,                 0,    -0.03312458516,  -0.0006911303126,     0.08125382583,                 0,       75.12138714
          0,           0,         322,      -8.466212903,      -9.260096896,       -8.99872599,       -7.91532114,             0.448,    0.001081576053,     0.08124956517,                 0,                 0,                 0,    -0.03312460525,  -0.0006911312563,     0.08125382443,                 0,       75.12145351
          0,           0,         323,      -8.479603236,      -9.273793088,      -9.011821309,      -7.928734548,             0.448,    0.001081575008,       0.081249558,                 0,                 0,                 0,    -0.03312462565,  -0.0006911321445,     0.08125381724,                 0,       75.12151946
          0,           0,         324,      -8.492913419,      -9.286773121,      -9.024462774,      -7.942079432,             0.448,    0.001081573906,     0.08124954547,                 0,                 0,                 0,    -0.03312464618,  -0.0006911329727,     0.08125380469,                 0,        75.1215844
          0,           0,         325,      -8.506135163,      -9.299101184,      -9.036685367,      -7.955346952,             0.448,    0.001081572762,     0.08124952805,                 0,                 0,                 0,    -0.03312466668,  -0.0006911337366,     0.08125378725,                 0,       75.12164776
          0,           0,         326,      -8.519263251,      -9.310873507,      -9.048535815,      -7.968531055,             0.448,    0.001081571589,      0.0812495062,                 0,                 0,                 0,    -0.03312468697,  -0.0006911344323,     0.08125376538,                 0,         75.121709
          0,           0,         327,      -8.532295701,      -9.322211209,       -9.06006998,      -7.981628651,             0.448,    0.001081570402,      0.0812494804,                 0,                 0,                 0,    -0.03312470691,  -0.0006911350567,     0.08125373956,                 0,       75.12176763
          0,           0,         328,      -8.545233772,      -9.333252071,      -9.071350017,      -7.994639666,             0.448,    0.001081569213,     0.08124945112,                 0,                 0,                 0,    -0.03312472637,  -0.0006911356069,     0.08125371026,                 0,       75.12182316
          0,           0,         329,      -8.558081861,      -9.344142207,      -9.082441501,      -8.007566975,             0.448,    0.001081568034,     0.08124941883,                 0,                 0,                 0,    -0.03312474521,  -0.0006911360808,     0.08125367795,                 0,       75.12187517
          0,           0,         330,      -8.570847252,      -9.355028498,      -9.093410681,      -8.020416208,             0.448,    0.001081566877,     0.08124938398,                 0,                 0,                 0,    -0.03312476333,  -0.0006911364768,     0.08125364308,                 0,       75.12192327
          0,           0,         331,      -8.583539745,      -9.366052072,      -9.104321969,      -8.033195434,             0.448,    0.001081565754,     0.08124934703,                 0,                 0,                 0,    -0.03312478064,  -0.0006911367937,     0.08125360612,                 0,       75.12196712
          0,           0,         332,      -8.596171178,      -9.377343109,      -9.115235786,      -8.045914735,             0.448,    0.001081564674,     0.08124930843,                 0,                 0,                 0,    -0.03312479703,  -0.0006911370311,      0.0812535675,                 0,       75.12200643
          0,           0,         333,      -8.608754885,      -9.389017139,        -9.1262068,      -8.058585716,             0.448,    0.001081563647,      0.0812492686,                 0,                 0,                 0,    -0.03312481244,  -0.0006911371891,     0.08125352766,                 0,       75.12204094
          0,           0,         334,       -8.62130509,      -9.401172592,      -9.137282614,      -8.071220958,             0.448,    0.001081562681,     0.08124922795,                 0,                 0,                 0,     -0.0331248268,  -0.0006911372683,       0.081253487,                 0,       75.12207047
          0,           0,         335,      -8.633836294,      -9.413889147,      -9.148502826,      -8.083833435,             0.448,    0.001081561783,     0.08124918688,                 0,                 0,                 0,    -0.03312484007,    -0.00069113727,     0.08125344592,                 0,       75.12209486
          0,           0,         336,      -8.646362657,      -9.427226738,      -9.159898462,      -8.096435942,             0.448,     0.00108156096,     0.08124914576,                 0,                 0,                 0,    -0.03312485221,  -0.0006911371962,     0.08125340479,                 0,       75.12211403
          0,           0,         337,      -8.658897416,      -9.441224845,      -9.171491727,      -8.109040537,             0.448,    0.001081560216,     0.08124910494,                 0,                 0,                 0,    -0.03312486319,  -0.0006911370491,     0.08125336396,                 0,       75.12212793
          0,           0,         338,      -8.671452353,      -9.455902094,      -9.183296009,       -8.12165803,             0.448,    0.001081559557,     0.08124906476,                 0,                 0,                 0,    -0.03312487299,  -0.0006911368319,     0.08125332378,                 0,       75.12213659
          0,           0,         339,      -8.684037335,       -9.47125585,      -9.195316132,      -8.134297538,             0.448,    0.001081558985,     0.08124902551,                 0,                 0,                 0,    -0.03312488162,   -0.000691136548,     0.08125328453,                 0,       75.12214006
          0,           0,         340,      -8.696659939,      -9.487261849,      -9.207548802,      -8.146966112,             0.448,    0.001081558501,     0.08124898749,                 0,                 0,                 0,    -0.03312488908,  -0.0006911362014,      0.0812532465,                 0,       75.12213845
          0,           0,         341,      -8.709325179,      -9.503873771,      -9.219983246,      -8.159668465,             0.448,    0.001081558109,     0.08124895092,                 0,                 0,                 0,    -0.03312489538,  -0.0006911357963,     0.08125320994,                 0,       75.12213191
          0,           0,         342,      -8.722035334,      -9.521023025,      -9.232602024,      -8.172406793,             0.448,    0.001081557807,     0.08124891605,                 0,                 0,                 0,    -0.03312490055,  -0.0006911353374,     0.08125317506,                 0,       75.12212065
          0,           0,         343,      -8.734789891,      -9.538618632,      -9.245382007,      -8.185180706,             0.448,    0.001081557594,     0.08124888304,                 0,                 0,                 0,    -0.03312490464,  -0.0006911348298,     0.08125314206,                 0,       75.12210488
          0,           0,         344,      -8.747585588,      -9.556547808,      -9.258295498,      -8.197987259,             0.448,     0.00108155747,     0.08124885208,                 0,                 0,                 0,    -0.03312490767,  -0.0006911342785,      0.0812531111,                 0,       75.12208488
          0,           0,         345,      -8.760416582,      -9.574677169,      -9.271311488,      -8.210821091,             0.448,    0.001081557432,     0.08124882328,                 0,                 0,                 0,    -0.03312490971,  -0.0006911336888,     0.08125308231,                 0,       75.12206093
          0,           0,         346,      -8.773274699,       -9.59285527,      -9.284397021,      -8.223674661,             0.448,    0.001081557476,     0.08124879675,                 0,                 0,                 0,    -0.03312491079,   -0.000691133066,     0.08125305579,                 0,       75.12203334
          0,           0,         347,      -8.786149793,      -9.610916506,      -9.297518643,      -8.236538577,             0.448,    0.001081557599,     0.08124877257,                 0,                 0,                 0,      -0.033124911,  -0.0006911324153,     0.08125303162,                 0,       75.12200243
          0,           0,         348,      -8.799030186,      -9.628686944,      -9.310643895,      -8.249402008,             0.448,    0.001081557797,     0.08124875078,                 0,                 0,                 0,    -0.03312491038,  -0.0006911317421,     0.08125300984,                 0,       75.12196853
          0,           0,         349,      -8.811903168,      -9.645991914,      -9.323742777,      -8.262253155,             0.448,    0.001081558065,      0.0812487314,                 0,                 0,                 0,      -0.033124909,  -0.0006911310516,     0.08125299047,                 0,       75.12193201
          0,           0,         350,      -8.824755566,      -9.662665244,      -9.336789143,      -8.275079791,             0.448,    0.001081558398,     0.08124871445,                 0,                 0,                 0,    -0.03312490694,  -0.0006911303487,     0.08125297352,                 0,        75.1218932
          0,           0,         351,      -8.837574325,       -9.67855964,      -9.349761915,      -8.287869813,             0.448,     0.00108155879,     0.08124869988,                 0,                 0,                 0,    -0.03312490426,  -0.0006911296386,     0.08125295897,                 0,       75.12185247
          0,           0,         352,      -8.850347115,      -9.693556955,      -9.362646076,      -8.300611823,             0.448,    0.001081559237,     0.08124868768,                 0,                 0,                 0,    -0.03312490104,   -0.000691128926,     0.08125294679,                 0,       75.12181018
          0,           0,         353,      -8.863062917,      -9.707577328,      -9.375433349,      -8.313295679,             0.448,    0.001081559731,     0.08124867778,                 0,                 0,                 0,    -0.03312489733,  -0.0006911282156,      0.0812529369,                 0,       75.12176667
          0,           0,         354,      -8.875712565,      -9.720585834,      -9.388122543,      -8.325913025,             0.448,    0.001081560268,     0.08124867012,                 0,                 0,                 0,    -0.03312489321,  -0.0006911275119,     0.08125292925,                 0,       75.12172231
          0,           0,         355,      -8.888289232,       -9.73259541,      -9.400719519,       -8.33845775,             0.448,    0.001081560841,     0.08124866461,                 0,                 0,                 0,    -0.03312488875,  -0.0006911268192,     0.08125292375,                 0,       75.12167744
          0,           0,         356,      -8.900788826,      -9.743665847,      -9.413236804,      -8.350926365,             0.448,    0.001081561443,     0.08124866115,                 0,                 0,                 0,    -0.03312488401,  -0.0006911261415,     0.08125292031,                 0,       75.12163241
          0,           0,         357,      -8.913210283,       -9.75389882,       -9.42569288,      -8.363318291,             0.448,    0.001081562069,     0.08124865965,                 0,                 0,                 0,    -0.03312487905,  -0.0006911254827,     0.08125291882,                 0,       75.12158753
          0,           0,         358,      -8.925555735,      -9.763429821,        -9.4381112,      -8.375636013,             0.448,    0.001081562713,     0.08124865999,                 0,                 0,                 0,    -0.03312487394,  -0.0006911248464,     0.08125291917,                 0,       75.12154312
          0,           0,         359,      -8.937830554,      -9.772418296,      -9.450518992,      -8.387885131,             0.448,    0.001081563369,     0.08124866204,                 0,                 0,                 0,    -0.03312486873,  -0.0006911242358,     0.08125292124,                 0,       75.12149949
          0,           0,         360,      -8.950043267,      -9.781037163,      -9.462945937,       -8.40007427,             0.448,     0.00108156403,     0.08124866569,                 0,                 0,                 0,    -0.03312486347,  -0.0006911236539,      0.0812529249,                 0,       75.12145691
          0,           0,         361,      -8.962205336,       -9.78946309,      -9.475422791,      -8.412214878,             0.448,    0.001081564692,     0.08124867079,                 0,                 0,                 0,    -0.03312485822,  -0.0006911231034,     0.08125293002,                 0,       75.12141564
          0,           0,         362,      -8.974330834,      -9.797868205,      -9.487980013,      -8.424320912,             0.448,     0.00108156535,     0.08124867722,                 0,                 0,                 0,    -0.03312485302,  -0.0006911225864,     0.08125293646,                 0,       75.12137593
          0,           0,         363,      -8.986436019,      -9.806413617,      -9.500646466,      -8.436408426,             0.448,    0.001081565997,     0.08124868484,                 0,                 0,                 0,    -0.03312484791,  -0.0006911221051,     0.08125294409,                 0,       75.12133799
          0,           0,         364,      -8.998538827,      -9.815244899,      -9.513448216,      -8.448495088,             0.448,    0.001081566631,     0.08124869351,                 0,                 0,                 0,    -0.03312484294,  -0.0006911216611,     0.08125295277,                 0,       75.12130202
          0,           0,         365,      -9.010658318,      -9.824489398,      -9.526407488,      -8.460599646,             0.448,    0.001081567245,      0.0812487031,                 0,                 0,                 0,    -0.03312483813,  -0.0006911212555,     0.08125296237,                 0,       75.12126818
          0,           0,         366,      -9.022814091,      -9.834254747,      -9.539541766,      -8.472741365,             0.448,    0.001081567838,     0.08124871346,                 0,                 0,                 0,    -0.03312483352,  -0.0006911208894,     0.08125297274,                 0,       75.12123662
          0,           0,         367,      -9.035025691,      -9.844628414,      -9.552863059,      -8.484939447,             0.448,    0.001081568404,     0.08124872447,                 0,                 0,                 0,    -0.03312482914,  -0.0006911205634,     0.08125298376,                 0,       75.12120746
          0,           0,         368,      -9.047312023,       -9.85567805,      -9.566377345,      -8.497212475,             0.448,    0.001081568941,     0.08124873599,                 0,                 0,                 0,    -0.03312482501,  -0.0006911202777,      0.0812529953,                 0,        75.1211808
          0,           0,         369,      -9.059690805,       -9.86745205,      -9.580084178,      -8.509577874,             0.448,    0.001081569447,     0.08124874791,                 0,                 0,                 0,    -0.03312482114,  -0.0006911200323,     0.08125300722,                 0,       75.12115671
          0,           0,         370,      -9.072178059,      -9.879980187,      -9.593976473,      -8.522051419,             0.448,    0.001081569918,      0.0812487601,                 0,                 0,                 0,    -0.03312481754,  -0.0006911198268,     0.08125301942,                 0,       75.12113524
          0,           0,         371,      -9.084787654,      -9.893274332,      -9.608040446,       -8.53464679,             0.448,    0.001081570354,     0.08124877244,                 0,                 0,                 0,    -0.03312481424,  -0.0006911196608,     0.08125303177,                 0,       75.12111641
          0,           0,         372,      -9.097530909,      -9.907328886,      -9.622255753,       -8.54737518,             0.448,    0.001081570752,     0.08124878483,                 0,                 0,                 0,    -0.03312481124,  -0.0006911195333,     0.08125304417,                 0,       75.12110022
          0,           0,         373,      -9.110416263,      -9.922121204,      -9.636595803,       -8.56024498,             0.448,    0.001081571111,     0.08124879718,                 0,                 0,                 0,    -0.03312480854,  -0.0006911194431,     0.08125305651,                 0,       75.12108667
          0,           0,         374,      -9.123449013,      -9.937611689,      -9.651028268,      -8.573261509,             0.448,    0.001081571431,     0.08124880937,                 0,                 0,                 0,    -0.03312480614,   -0.000691119389,     0.08125306871,                 0,       75.12107571
          0,           0,         375,      -9.136631124,      -9.953743954,      -9.665515809,      -8.586426831,             0.448,    0.001081571712,     0.08124882133,                 0,                 0,                 0,    -0.03312480404,  -0.0006911193695,     0.08125308068,                 0,       75.12106728
          0,           0,         376,      -9.149961109,      -9.970444864,      -9.680017005,      -8.599739634,             0.448,    0.001081571953,     0.08124883299,                 0,                 0,                 0,    -0.03312480223,  -0.0006911193827,     0.08125309234,                 0,       75.12106131
          0,           0,         377,      -9.163433989,      -9.987624804,      -9.694487499,      -8.613195189,             0.448,    0.001081572155,     0.08124884427,                 0,                 0,                 0,     -0.0331248007,  -0.0006911194268,     0.08125310362,                 0,        75.1210577
          0,           0,         378,      -9.177041338,      -10.00517843,      -9.708881344,      -8.626785384,             0.448,    0.001081572319,     0.08124885512,                 0,                 0,                 0,    -0.03312479945,  -0.0006911194998,     0.08125311447,                 0,       75.12105637
          0,           0,         379,      -9.190771399,      -10.02298592,        -9.7231525,      -8.640498841,             0.448,    0.001081572445,     0.08124886548,                 0,                 0,                 0,    -0.03312479845,  -0.0006911195997,     0.08125312483,                 0,       75.12105718
          0,           0,         380,      -9.204609298,      -10.04091501,      -9.737256477,      -8.654321119,             0.448,    0.001081572535,     0.08124887532,                 0,                 0,                 0,     -0.0331247977,  -0.0006911197242,     0.08125313467,                 0,       75.12106002
          0,           0,         381,      -9.218537333,      -10.05882429,      -9.751152023,      -8.668235001,             0.448,     0.00108157259,      0.0812488846,                 0,                 0,                 0,    -0.03312479718,  -0.0006911198712,     0.08125314394,                 0,       75.12106475
          0,           0,         382,      -9.232535353,      -10.07656752,      -9.764802778,      -8.682220847,             0.448,    0.001081572613,     0.08124889329,                 0,                 0,                 0,    -0.03312479688,  -0.0006911200384,     0.08125315264,                 0,       75.12107122
          0,           0,         383,      -9.246581215,      -10.09399921,      -9.778178808,      -8.696257052,             0.448,    0.001081572604,     0.08124890139,                 0,                 0,                 0,    -0.03312479676,  -0.0006911202236,     0.08125316073,                 0,       75.12107931
          0,           0,         384,      -9.260651312,      -10.11098114,      -9.791257964,      -8.710320544,             0.448,    0.001081572567,     0.08124890888,                 0,                 0,                 0,    -0.03312479682,  -0.0006911204246,     0.08125316822,                 0,       75.12108885
          0,           0,         385,       -9.27472116,      -10.12738983,      -9.804026893,       -8.72438736,             0.448,    0.001081572502,     0.08124891575,                 0,                 0,                 0,    -0.03312479704,  -0.0006911206394,     0.08125317509,                 0,        75.1210997
          0,           0,         386,      -9.288766045,      -10.14312337,      -9.816481681,      -8.738433266,             0.448,    0.001081572412,     0.08124892203,                 0,                 0,                 0,    -0.03312479739,  -0.0006911208657,     0.08125318136,                 0,       75.12111172
          0,           0,         387,      -9.302761688,      -10.15810791,      -9.828628097,      -8.752434396,             0.448,      0.0010815723,      0.0812489277,                 0,                 0,                 0,    -0.03312479787,  -0.0006911211016,     0.08125318703,                 0,       75.12112476
          0,           0,         388,      -9.316684932,      -10.17230255,      -9.840481341,      -8.766367916,             0.448,    0.001081572168,     0.08124893279,                 0,                 0,                 0,    -0.03312479844,  -0.0006911213452,     0.08125319212,                 0,       75.12113867
          0,           0,         389,      -9.330514403,      -10.18570159,      -9.852065404,      -8.780212671,             0.448,    0.001081572017,     0.08124893732,                 0,                 0,                 0,    -0.03312479909,  -0.0006911215945,     0.08125319664,                 0,       75.12115331
          0,           0,         390,      -9.344231154,      -10.19833461,       -9.86341202,      -8.793949792,             0.448,    0.001081571851,      0.0812489413,                 0,                 0,                 0,    -0.03312479981,  -0.0006911218477,     0.08125320062,                 0,       75.12116855
          0,           0,         391,       -9.35781922,      -10.21026356,      -9.874559343,      -8.807563258,             0.448,    0.001081571671,     0.08124894476,                 0,                 0,                 0,    -0.03312480058,  -0.0006911221032,     0.08125320408,                 0,       75.12118425
          0,           0,         392,      -9.371266104,      -10.22157795,      -9.885550418,      -8.821040359,             0.448,    0.001081571479,     0.08124894774,                 0,                 0,                 0,    -0.03312480137,  -0.0006911223593,     0.08125320704,                 0,       75.12120029
          0,           0,         393,      -9.384563136,      -10.23238828,      -9.896431561,      -8.834372061,             0.448,    0.001081571279,     0.08124895025,                 0,                 0,                 0,    -0.03312480219,  -0.0006911226146,     0.08125320955,                 0,       75.12121654
          0,           0,         394,      -9.397705699,        -10.242819,       -9.90725073,      -8.847553241,             0.448,    0.001081571071,     0.08124895233,                 0,                 0,                 0,    -0.03312480301,  -0.0006911228677,     0.08125321163,                 0,       75.12123289
          0,           0,         395,      -9.410693315,      -10.25300142,      -9.918055972,      -8.860582787,             0.448,    0.001081570858,     0.08124895401,                 0,                 0,                 0,    -0.03312480383,  -0.0006911231172,      0.0812532133,                 0,       75.12124923
          0,           0,         396,      -9.423529578,      -10.26306703,      -9.928894021,      -8.873463554,             0.448,    0.001081570642,     0.08124895533,                 0,                 0,                 0,    -0.03312480463,  -0.0006911233619,     0.08125321462,                 0,       75.12126546
          0,           0,         397,       -9.43622194,      -10.27314205,      -9.939809076,      -8.886202171,             0.448,    0.001081570425,     0.08124895631,                 0,                 0,                 0,    -0.03312480539,  -0.0006911236008,     0.08125321559,                 0,       75.12128147
          0,           0,         398,      -9.448781359,      -10.28334325,      -9.950841763,      -8.898808731,             0.448,    0.001081570207,     0.08124895699,                 0,                 0,                 0,    -0.03312480612,  -0.0006911238329,     0.08125321627,                 0,       75.12129719
          0,           0,         399,      -9.461221834,      -10.29377464,       -9.96202834,      -8.911296346,             0.448,    0.001081569992,     0.08124895741,                 0,                 0,                 0,    -0.03312480681,  -0.0006911240573,     0.08125321668,                 0,       75.12131254
          0,           0,         400,      -9.473559852,      -10.30452538,      -9.973400074,       -8.92368063,             0.448,     0.00108156978,     0.08124895759,                 0,                 0,                 0,    -0.03312480745,  -0.0006911242732,     0.08125321686,                 0,       75.12132743
          0,           0,         401,      -9.485813762,      -10.31566847,      -9.984982823,      -8.935979106,             0.448,    0.001081569573,     0.08124895756,                 0,                 0,                 0,    -0.03312480803,  -0.0006911244799,     0.08125321682,                 0,       75.12134181
          0,           0,         402,      -9.498003126,       -10.3272604,      -9.996796791,       -8.94821057,             0.448,    0.001081569371,     0.08124895736,                 0,                 0,                 0,    -0.03312480855,  -0.0006911246769,     0.08125321662,                 0,       75.12135561
          0,           0,         403,       -9.51014806,      -10.33934042,      -10.00885643,      -8.960394464,             0.448,    0.001081569177,     0.08124895701,                 0,                 0,                 0,      -0.033124809,  -0.0006911248637,     0.08125321627,                 0,        75.1213688
          0,           0,         404,      -9.522268597,      -10.35193097,      -10.02117047,       -8.97255024,             0.448,     0.00108156899,     0.08124895654,                 0,                 0,                 0,     -0.0331248094,    -0.00069112504,     0.08125321579,                 0,       75.12138132
          0,           0,         405,      -9.534384091,      -10.36503803,      -10.03374207,      -8.984696788,             0.448,    0.001081568813,     0.08124895598,                 0,                 0,                 0,    -0.03312480972,  -0.0006911252054,     0.08125321523,                 0,       75.12139314
          0,           0,         406,      -9.546512696,      -10.37865124,      -10.04656907,      -8.996851902,             0.448,    0.001081568644,     0.08124895535,                 0,                 0,                 0,    -0.03312480998,  -0.0006911253598,      0.0812532146,                 0,       75.12140424
          0,           0,         407,      -9.558670899,      -10.39274452,       -10.0596443,      -9.009031824,             0.448,    0.001081568486,     0.08124895467,                 0,                 0,                 0,    -0.03312481018,  -0.0006911255031,     0.08125321391,                 0,        75.1214146
          0,           0,         408,      -9.570873159,      -10.40727654,      -10.07295605,      -9.021250868,             0.448,    0.001081568339,     0.08124895397,                 0,                 0,                 0,    -0.03312481031,  -0.0006911256353,     0.08125321321,                 0,        75.1214242
          0,           0,         409,      -9.583131618,      -10.42219158,      -10.08648851,      -9.033521128,             0.448,    0.001081568202,     0.08124895325,                 0,                 0,                 0,    -0.03312481039,  -0.0006911257565,     0.08125321249,                 0,       75.12143304
          0,           0,         410,       -9.59545591,      -10.43742057,      -10.10022232,      -9.045852275,             0.448,    0.001081568076,     0.08124895255,                 0,                 0,                 0,     -0.0331248104,  -0.0006911258667,     0.08125321178,                 0,       75.12144111
          0,           0,         411,       -9.60785305,      -10.45288236,      -10.11413522,      -9.058251431,             0.448,    0.001081567962,     0.08124895186,                 0,                 0,                 0,    -0.03312481036,  -0.0006911259663,     0.08125321109,                 0,       75.12144844
          0,           0,         412,      -9.620327412,      -10.46848581,      -10.12820267,      -9.070723138,             0.448,    0.001081567858,     0.08124895121,                 0,                 0,                 0,    -0.03312481027,  -0.0006911260554,     0.08125321044,                 0,       75.12145501
          0,           0,         413,      -9.632880776,      -10.48413219,       -10.1423986,       -9.08326939,             0.448,    0.001081567766,      0.0812489506,                 0,                 0,                 0,    -0.03312481014,  -0.0006911261344,     0.08125320983,                 0,       75.12146086
          0,           0,         414,      -9.645512456,      -10.49971829,       -10.1566961,      -9.095889746,             0.448,    0.001081567685,     0.08124895004,                 0,                 0,                 0,    -0.03312480996,  -0.0006911262037,     0.08125320927,                 0,         75.121466
          0,           0,         415,      -9.658219469,      -10.51514043,      -10.17106815,        -9.1085815,             0.448,    0.001081567614,     0.08124894954,                 0,                 0,                 0,    -0.03312480975,  -0.0006911262636,     0.08125320877,                 0,       75.12147046
          0,           0,         416,      -9.670996787,      -10.53029859,      -10.18548839,      -9.121339905,             0.448,    0.001081567553,     0.08124894911,                 0,                 0,                 0,    -0.03312480951,  -0.0006911263146,     0.08125320833,                 0,       75.12147426
          0,           0,         417,      -9.683837602,      -10.54510131,      -10.19993174,      -9.134158451,             0.448,    0.001081567502,     0.08124894874,                 0,                 0,                 0,    -0.03312480924,  -0.0006911263572,     0.08125320796,                 0,       75.12147744
          0,           0,         418,      -9.696733665,      -10.55947026,      -10.21437506,      -9.147029175,             0.448,    0.001081567461,     0.08124894843,                 0,                 0,                 0,    -0.03312480895,  -0.0006911263918,     0.08125320765,                 0,       75.12148003
          0,           0,         419,      -9.709675618,      -10.57334466,      -10.22879763,      -9.159943012,             0.448,    0.001081567429,     0.08124894819,                 0,                 0,                 0,    -0.03312480865,   -0.000691126419,     0.08125320741,                 0,       75.12148206
          0,           0,         420,      -9.722653367,      -10.58668497,       -10.2431816,      -9.172890143,             0.448,    0.001081567405,     0.08124894802,                 0,                 0,                 0,    -0.03312480833,  -0.0006911264393,     0.08125320724,                 0,       75.12148357
          0,           0,         421,      -9.735656463,      -10.59947494,      -10.25751224,      -9.185860392,             0.448,    0.001081567388,     0.08124894791,                 0,                 0,                 0,    -0.03312480801,  -0.0006911264531,     0.08125320713,                 0,       75.12148459
          0,           0,         422,      -9.748674462,      -10.61172289,      -10.27177807,      -9.198843574,             0.448,    0.001081567379,     0.08124894786,                 0,                 0,                 0,     -0.0331248077,  -0.0006911264611,     0.08125320708,                 0,       75.12148518
          0,           0,         423,        -9.7616973,      -10.62346067,      -10.28597084,      -9.211829879,             0.448,    0.001081567377,     0.08124894786,                 0,                 0,                 0,    -0.03312480738,  -0.0006911264637,     0.08125320708,                 0,       75.12148536
          0,           0,         424,      -9.774715607,       -10.6347417,      -10.30008538,      -9.224810189,             0.448,     0.00108156738,     0.08124894791,                 0,                 0,                 0,    -0.03312480708,  -0.0006911264614,     0.08125320713,                 0,       75.12148517
          0,           0,         425,      -9.787721014,      -10.64563764,      -10.31411928,      -9.237776387,             0.448,    0.001081567389,       0.081248948,                 0,                 0,                 0,    -0.03312480679,  -0.0006911264547,     0.08125320722,                 0,       75.12148465
          0,           0,         426,      -9.800706395,      -10.65623413,      -10.32807247,      -9.250721606,             0.448,    0.001081567402,     0.08124894813,                 0,                 0,                 0,    -0.03312480651,  -0.0006911264441,     0.08125320734,                 0,       75.12148384
          0,           0,         427,      -9.813666063,      -10.66662612,      -10.34194676,       -9.26364043,             0.448,     0.00108156742,     0.08124894828,                 0,                 0,                 0,    -0.03312480626,  -0.0006911264301,      0.0812532075,                 0,       75.12148277
          0,           0,         428,      -9.826595878,      -10.67691341,       -10.3557452,      -9.276529015,             0.448,     0.00108156744,     0.08124894845,                 0,                 0,                 0,    -0.03312480603,   -0.000691126413,     0.08125320767,                 0,       75.12148149
          0,           0,         429,      -9.839493326,      -10.68719628,      -10.36947158,      -9.289385162,             0.448,    0.001081567464,     0.08124894864,                 0,                 0,                 0,    -0.03312480583,  -0.0006911263934,     0.08125320786,                 0,       75.12148001
          0,           0,         430,      -9.852357492,      -10.69757184,      -10.38312976,      -9.302208311,             0.448,     0.00108156749,     0.08124894883,                 0,                 0,                 0,    -0.03312480566,  -0.0006911263715,     0.08125320805,                 0,       75.12147838
          0,           0,         431,      -9.865188978,      -10.70813091,      -10.39672313,      -9.314999457,             0.448,    0.001081567518,     0.08124894902,                 0,                 0,                 0,    -0.03312480551,  -0.0006911263478,     0.08125320824,                 0,       75.12147662
          0,           0,         432,       -9.87798977,      -10.71895583,      -10.41025412,      -9.327761021,             0.448,    0.001081567547,      0.0812489492,                 0,                 0,                 0,     -0.0331248054,  -0.0006911263226,     0.08125320842,                 0,       75.12147477
          0,           0,         433,      -9.890763027,      -10.73011861,      -10.42372378,      -9.340496644,             0.448,    0.001081567577,     0.08124894936,                 0,                 0,                 0,    -0.03312480532,  -0.0006911262962,     0.08125320858,                 0,       75.12147283
          0,           0,         434,      -9.903512842,      -10.74167972,      -10.43713142,      -9.353210951,             0.448,    0.001081567607,      0.0812489495,                 0,                 0,                 0,    -0.03312480528,  -0.0006911262688,     0.08125320872,                 0,       75.12147085
          0,           0,         435,      -9.916243962,      -10.75368753,      -10.45047444,      -9.365909262,             0.448,    0.001081567638,     0.08124894961,                 0,                 0,                 0,    -0.03312480526,  -0.0006911262408,     0.08125320883,                 0,       75.12146884
          0,           0,         436,      -9.928961478,      -10.76617769,      -10.46374821,      -9.378597286,             0.448,    0.001081567668,     0.08124894968,                 0,                 0,                 0,    -0.03312480529,  -0.0006911262123,     0.08125320891,                 0,       75.12146682
          0,           0,         437,      -9.941670526,      -10.77917299,      -10.47694617,      -9.391280812,             0.448,    0.001081567697,     0.08124894972,                 0,                 0,                 0,    -0.03312480534,  -0.0006911261836,     0.08125320894,                 0,       75.12146481
          0,           0,         438,      -9.954375965,      -10.79268325,      -10.49005992,      -9.403965379,             0.448,    0.001081567726,      0.0812489497,                 0,                 0,                 0,    -0.03312480542,  -0.0006911261548,     0.08125320893,                 0,       75.12146281
          0,           0,         439,        -9.9670821,      -10.80670542,      -10.50307957,      -9.416655993,             0.448,    0.001081567753,     0.08124894964,                 0,                 0,                 0,    -0.03312480554,  -0.0006911261261,     0.08125320887,                 0,       75.12146085
          0,           0,         440,      -9.979792388,       -10.8212235,      -10.51599414,      -9.429356809,             0.448,    0.001081567779,     0.08124894953,                 0,                 0,                 0,    -0.03312480569,  -0.0006911260976,     0.08125320876,                 0,       75.12145894
          0,           0,         441,      -9.992509246,      -10.83620865,      -10.52879203,      -9.442070927,             0.448,    0.001081567804,     0.08124894937,                 0,                 0,                 0,    -0.03312480586,  -0.0006911260694,      0.0812532086,                 0,       75.12145708
          0,           0,         442,      -10.00523382,      -10.85161943,      -10.54146162,      -9.454800148,             0.448,    0.001081567827,     0.08124894915,                 0,                 0,                 0,    -0.03312480606,  -0.0006911260417,     0.08125320837,                 0,       75.12145528
          0,           0,         443,      -10.01796589,      -10.86740228,      -10.55399187,       -9.46754484,             0.448,    0.001081567848,     0.08124894887,                 0,                 0,                 0,    -0.03312480628,  -0.0006911260143,      0.0812532081,                 0,       75.12145355
          0,           0,         444,      -10.03070374,      -10.88349188,      -10.56637301,      -9.480303827,             0.448,    0.001081567868,     0.08124894853,                 0,                 0,                 0,    -0.03312480653,  -0.0006911259876,     0.08125320776,                 0,       75.12145188
          0,           0,         445,      -10.04344417,      -10.89981207,      -10.57859707,      -9.493074332,             0.448,    0.001081567885,     0.08124894814,                 0,                 0,                 0,    -0.03312480679,  -0.0006911259613,     0.08125320737,                 0,       75.12145029
          0,           0,         446,      -10.05618252,      -10.91627728,      -10.59065857,      -9.505851993,             0.448,    0.001081567901,     0.08124894769,                 0,                 0,                 0,    -0.03312480707,  -0.0006911259357,     0.08125320692,                 0,       75.12144878
          0,           0,         447,      -10.06891275,      -10.93279418,      -10.60255499,      -9.518630927,             0.448,    0.001081567915,     0.08124894718,                 0,                 0,                 0,    -0.03312480736,  -0.0006911259107,     0.08125320641,                 0,       75.12144734
          0,           0,         448,      -10.08162758,      -10.94926387,      -10.61428715,      -9.531403857,             0.448,    0.001081567927,     0.08124894663,                 0,                 0,                 0,    -0.03312480767,  -0.0006911258863,     0.08125320586,                 0,       75.12144598
          0,           0,         449,      -10.09431872,      -10.96558527,      -10.62585955,      -9.544162297,             0.448,    0.001081567938,     0.08124894602,                 0,                 0,                 0,    -0.03312480799,  -0.0006911258625,     0.08125320525,                 0,       75.12144468
          0,           0,         450,      -10.10697708,       -10.9816584,      -10.63728042,      -9.556896756,             0.448,    0.001081567947,     0.08124894536,                 0,                 0,                 0,    -0.03312480831,  -0.0006911258394,      0.0812532046,                 0,       75.12144346
          0,           0,         451,      -10.11959308,      -10.99738826,      -10.64856178,      -9.569597046,             0.448,    0.001081567954,     0.08124894466,                 0,                 0,                 0,    -0.03312480864,  -0.0006911258168,      0.0812532039,                 0,        75.1214423
          0,           0,         452,      -10.13215696,       -11.0126891,       -10.6597192,      -9.582252553,             0.448,     0.00108156796,     0.08124894392,                 0,                 0,                 0,    -0.03312480897,  -0.0006911257947,     0.08125320316,                 0,       75.12144121
          0,           0,         453,      -10.14465906,      -11.02748843,      -10.67077159,      -9.594852575,             0.448,    0.001081567965,     0.08124894315,                 0,                 0,                 0,     -0.0331248093,  -0.0006911257733,     0.08125320238,                 0,       75.12144018
          0,           0,         454,      -10.15709023,      -11.04173109,      -10.68174062,      -9.607386683,             0.448,    0.001081567968,     0.08124894234,                 0,                 0,                 0,    -0.03312480963,  -0.0006911257523,     0.08125320157,                 0,        75.1214392
          0,           0,         455,      -10.16944212,      -11.05538108,      -10.69265027,      -9.619845044,             0.448,     0.00108156797,      0.0812489415,                 0,                 0,                 0,    -0.03312480996,  -0.0006911257318,     0.08125320074,                 0,       75.12143827
          0,           0,         456,       -10.1817075,       -11.0684244,      -10.70352617,       -9.63221877,             0.448,    0.001081567971,     0.08124894064,                 0,                 0,                 0,    -0.03312481027,  -0.0006911257118,     0.08125319988,                 0,       75.12143739
          0,           0,         457,      -10.19388052,      -11.08086829,      -10.71439496,      -9.644500238,             0.448,    0.001081567972,     0.08124893977,                 0,                 0,                 0,    -0.03312481059,  -0.0006911256922,       0.081253199,                 0,       75.12143654
          0,           0,         458,      -10.20595701,      -11.09274156,      -10.72528358,      -9.656683363,             0.448,    0.001081567972,     0.08124893887,                 0,                 0,                 0,    -0.03312481089,   -0.000691125673,     0.08125319811,                 0,       75.12143574
          0,           0,         459,      -10.21793457,      -11.10409139,      -10.73621853,      -9.668763826,             0.448,    0.001081567971,     0.08124893797,                 0,                 0,                 0,    -0.03312481118,  -0.0006911256542,     0.08125319721,                 0,       75.12143496
          0,           0,         460,      -10.22981284,      -11.11497991,      -10.74722542,      -9.680739289,             0.448,    0.001081567969,     0.08124893707,                 0,                 0,                 0,    -0.03312481145,  -0.0006911256357,      0.0812531963,                 0,       75.12143421
          0,           0,         461,      -10.24159343,      -11.12548142,      -10.75832826,       -9.69260949,             0.448,    0.001081567968,     0.08124893616,                 0,                 0,                 0,    -0.03312481172,  -0.0006911256176,      0.0812531954,                 0,       75.12143349
          0,           0,         462,      -10.25327999,      -11.13567721,      -10.76954893,        -9.7043763,             0.448,    0.001081567966,     0.08124893526,                 0,                 0,                 0,    -0.03312481197,  -0.0006911255997,      0.0812531945,                 0,       75.12143278
          0,           0,         463,      -10.26487816,       -11.1456519,      -10.78090681,      -9.716043739,             0.448,    0.001081567964,     0.08124893437,                 0,                 0,                 0,     -0.0331248122,  -0.0006911255822,      0.0812531936,                 0,       75.12143209
          0,           0,         464,       -10.2763954,      -11.15548996,      -10.79241834,      -9.727617856,             0.448,    0.001081567962,     0.08124893349,                 0,                 0,                 0,    -0.03312481242,  -0.0006911255649,     0.08125319273,                 0,       75.12143141
          0,           0,         465,      -10.28784082,      -11.16527169,      -10.80409668,      -9.739106615,             0.448,    0.001081567961,     0.08124893263,                 0,                 0,                 0,    -0.03312481261,  -0.0006911255479,     0.08125319187,                 0,       75.12143074
          0,           0,         466,      -10.29922493,      -11.17507157,      -10.81595157,      -9.750519659,             0.448,    0.001081567959,     0.08124893179,                 0,                 0,                 0,    -0.03312481279,  -0.0006911255312,     0.08125319103,                 0,       75.12143007
          0,           0,         467,      -10.31055941,      -11.18495552,        -10.827989,      -9.761868094,             0.448,    0.001081567958,     0.08124893098,                 0,                 0,                 0,    -0.03312481296,  -0.0006911255147,     0.08125319022,                 0,       75.12142941
          0,           0,         468,      -10.32185678,      -11.19497956,      -10.84021127,       -9.77316416,             0.448,    0.001081567957,     0.08124893019,                 0,                 0,                 0,     -0.0331248131,  -0.0006911254985,     0.08125318943,                 0,       75.12142875
          0,           0,         469,      -10.33313007,      -11.20518997,       -10.8526168,      -9.784420964,             0.448,    0.001081567956,     0.08124892944,                 0,                 0,                 0,    -0.03312481323,  -0.0006911254826,     0.08125318868,                 0,       75.12142809
          0,           0,         470,      -10.34439256,      -11.21562221,       -10.8652003,      -9.795652116,             0.448,    0.001081567956,     0.08124892872,                 0,                 0,                 0,    -0.03312481333,   -0.000691125467,     0.08125318796,                 0,       75.12142743
          0,           0,         471,      -10.35565745,      -11.22630021,      -10.87795292,      -9.806871456,             0.448,    0.001081567957,     0.08124892804,                 0,                 0,                 0,    -0.03312481342,  -0.0006911254517,     0.08125318728,                 0,       75.12142677
          0,           0,         472,      -10.36693759,      -11.23723817,      -10.89086243,      -9.818092741,             0.448,    0.001081567957,      0.0812489274,                 0,                 0,                 0,    -0.03312481349,  -0.0006911254368,     0.08125318663,                 0,       75.12142611
          0,           0,         473,      -10.37824523,      -11.24843943,      -10.90391354,      -9.829329363,             0.448,    0.001081567959,     0.08124892679,                 0,                 0,                 0,    -0.03312481355,  -0.0006911254222,     0.08125318603,                 0,       75.12142545
          0,           0,         474,       -10.3895918,      -11.25989901,      -10.91708819,      -9.840594096,             0.448,    0.001081567961,     0.08124892623,                 0,                 0,                 0,    -0.03312481358,  -0.0006911254079,     0.08125318547,                 0,       75.12142479
          0,           0,         475,      -10.40098775,      -11.27160303,      -10.93036609,      -9.851898913,             0.448,    0.001081567964,     0.08124892572,                 0,                 0,                 0,     -0.0331248136,  -0.0006911253941,     0.08125318496,                 0,       75.12142414
          0,           0,         476,      -10.41244237,      -11.28352949,      -10.94372502,      -9.863254783,             0.448,    0.001081567967,     0.08124892525,                 0,                 0,                 0,    -0.03312481361,  -0.0006911253807,     0.08125318448,                 0,       75.12142348
          0,           0,         477,       -10.4239637,       -11.2956514,      -10.95714159,      -9.874671524,             0.448,     0.00108156797,     0.08124892482,                 0,                 0,                 0,     -0.0331248136,  -0.0006911253678,     0.08125318406,                 0,       75.12142283
          0,           0,         478,      -10.43555849,      -11.30793691,      -10.97059155,      -9.886157712,             0.448,    0.001081567974,     0.08124892444,                 0,                 0,                 0,    -0.03312481358,  -0.0006911253553,     0.08125318368,                 0,       75.12142219
          0,           0,         479,      -10.44723211,      -11.32034977,      -10.98405044,      -9.897720632,             0.448,    0.001081567979,     0.08124892411,                 0,                 0,                 0,    -0.03312481354,  -0.0006911253433,     0.08125318334,                 0,       75.12142156
          0,           0,         480,      -10.45898858,      -11.33285253,      -10.99749433,      -9.909366184,             0.448,    0.001081567984,     0.08124892382,                 0,                 0,                 0,    -0.03312481349,  -0.0006911253319,     0.08125318305,                 0,       75.12142094
          0,           0,         481,      -10.47083059,       -11.3454081,      -11.01090019,      -9.921098935,             0.448,     0.00108156799,     0.08124892357,                 0,                 0,                 0,    -0.03312481343,  -0.0006911253211,     0.08125318281,                 0,       75.12142033
          0,           0,         482,      -10.48275956,      -11.35798017,      -11.02424656,      -9.932922102,             0.448,    0.001081567996,     0.08124892337,                 0,                 0,                 0,    -0.03312481336,  -0.0006911253108,     0.08125318261,                 0,       75.12141974
          0,           0,         483,      -10.49477567,      -11.37053499,      -11.03751397,      -9.944837606,             0.448,    0.001081568002,     0.08124892321,                 0,                 0,                 0,    -0.03312481328,  -0.0006911253011,     0.08125318245,                 0,       75.12141916
          0,           0,         484,      -10.50687798,      -11.38304424,      -11.05068556,       -9.95684613,             0.448,    0.001081568008,     0.08124892309,                 0,                 0,                 0,     -0.0331248132,  -0.0006911252921,     0.08125318233,                 0,        75.1214186
          0,           0,         485,      -10.51906454,      -11.39548466,      -11.06374719,      -9.968947192,             0.448,    0.001081568015,     0.08124892301,                 0,                 0,                 0,     -0.0331248131,  -0.0006911252838,     0.08125318225,                 0,       75.12141807
          0,           0,         486,      -10.53133247,      -11.40783881,       -11.0766879,      -9.981139237,             0.448,    0.001081568022,     0.08124892297,                 0,                 0,                 0,      -0.033124813,  -0.0006911252761,     0.08125318221,                 0,       75.12141756
          0,           0,         487,       -10.5436781,       -11.4200986,      -11.08949995,      -9.993419739,             0.448,    0.001081568029,     0.08124892297,                 0,                 0,                 0,     -0.0331248129,  -0.0006911252691,     0.08125318221,                 0,       75.12141707
          0,           0,         488,      -10.55609707,      -11.43226214,      -11.10217888,      -10.00578529,             0.448,    0.001081568036,       0.081248923,                 0,                 0,                 0,    -0.03312481279,  -0.0006911252628,     0.08125318224,                 0,       75.12141662
          0,           0,         489,      -10.56858445,      -11.44433557,      -11.11472341,      -10.01823169,             0.448,    0.001081568043,     0.08124892306,                 0,                 0,                 0,    -0.03312481268,  -0.0006911252572,      0.0812531823,                 0,       75.12141619
          0,           0,         490,      -10.58113485,      -11.45633232,      -11.12713528,       -10.0307541,             0.448,    0.001081568049,     0.08124892316,                 0,                 0,                 0,    -0.03312481257,  -0.0006911252523,      0.0812531824,                 0,        75.1214158
          0,           0,         491,      -10.59374256,      -11.46827255,      -11.13941899,      -10.04334705,             0.448,    0.001081568056,     0.08124892328,                 0,                 0,                 0,    -0.03312481246,  -0.0006911252481,     0.08125318252,                 0,       75.12141544
          0,           0,         492,      -10.60640158,       -11.4801823,      -11.15158125,      -10.05600463,             0.448,    0.001081568063,     0.08124892342,                 0,                 0,                 0,    -0.03312481234,  -0.0006911252446,     0.08125318266,                 0,       75.12141511
          0,           0,         493,      -10.61910574,      -11.49209249,      -11.16363081,      -10.06872049,             0.448,    0.001081568069,     0.08124892359,                 0,                 0,                 0,    -0.03312481223,  -0.0006911252419,     0.08125318283,                 0,       75.12141482
          0,           0,         494,      -10.63184875,       -11.5040344,      -11.17557771,      -10.08148793,             0.448,    0.001081568076,     0.08124892378,                 0,                 0,                 0,    -0.03312481212,  -0.0006911252398,     0.08125318302,                 0,       75.12141456
          0,           0,         495,      -10.64462433,      -11.51604391,      -11.18743309,      -10.09430005,             0.448,    0.001081568081,     0.08124892399,                 0,                 0,                 0,    -0.03312481201,  -0.0006911252384,     0.08125318323,                 0,       75.12141434
          0,           0,         496,      -10.65742611,      -11.52815584,      -11.19920837,      -10.10714967,             0.448,    0.001081568087,     0.08124892421,                 0,                 0,                 0,     -0.0331248119,  -0.0006911252377,     0.08125318345,                 0,       75.12141416
          0,           0,         497,      -10.67024785,      -11.54040381,      -11.21091515,      -10.12002949,             0.448,    0.001081568092,     0.08124892445,                 0,                 0,                 0,     -0.0331248118,  -0.0006911252376,     0.08125318369,                 0,       75.12141401
          0,           0,         498,      -10.68308329,      -11.55281773,      -11.22256452,      -10.13293212,             0.448,    0.001081568097,      0.0812489247,                 0,                 0,                 0,     -0.0331248117,  -0.0006911252381,     0.08125318394,                 0,        75.1214139
          0,           0,         499,      -10.69592626,      -11.56542648,      -11.23416678,      -10.14585001,             0.448,    0.001081568102,     0.08124892496,                 0,                 0,                 0,     -0.0331248116,  -0.0006911252392,      0.0812531842,                 0,       75.12141383
          0,           0,         500,      -10.70877066,      -11.57825141,      -11.24573127,      -10.15877563,             0.448,    0.001081568106,     0.08124892522,                 0,                 0,                 0,     -0.0331248115,  -0.0006911252409,     0.08125318446,                 0,       75.12141379
          0,           0,         501,      -10.72161049,      -11.59130838,      -11.25726608,      -10.17170144,             0.448,    0.001081568109,     0.08124892549,                 0,                 0,                 0,    -0.03312481142,  -0.0006911252432,     0.08125318473,                 0,       75.12141379
          0,           0,         502,      -10.73443983,      -11.60460968,      -11.26877767,      -10.18461993,             0.448,    0.001081568113,     0.08124892576,                 0,                 0,                 0,    -0.03312481133,  -0.0006911252459,       0.081253185,                 0,       75.12141382
          0,           0,         503,      -10.74725283,      -11.61815482,      -11.28027147,      -10.19752364,             0.448,    0.001081568115,     0.08124892604,                 0,                 0,                 0,    -0.03312481125,  -0.0006911252492,     0.08125318528,                 0,       75.12141388
          0,           0,         504,      -10.76004375,      -11.63194281,       -11.2917513,      -10.21040521,             0.448,    0.001081568118,     0.08124892631,                 0,                 0,                 0,    -0.03312481118,  -0.0006911252529,     0.08125318555,                 0,       75.12141397
          0,           0,         505,      -10.77280704,      -11.64595862,      -11.30321966,      -10.22325755,             0.448,    0.001081568119,     0.08124892658,                 0,                 0,                 0,    -0.03312481111,   -0.000691125257,     0.08125318582,                 0,        75.1214141
          0,           0,         506,      -10.78553721,      -11.66018438,      -11.31467798,      -10.23607366,             0.448,    0.001081568121,     0.08124892685,                 0,                 0,                 0,    -0.03312481105,  -0.0006911252614,     0.08125318609,                 0,       75.12141425
          0,           0,         507,      -10.79822906,      -11.67458975,      -11.32612685,      -10.24884698,             0.448,    0.001081568122,     0.08124892711,                 0,                 0,                 0,    -0.03312481099,  -0.0006911252662,     0.08125318635,                 0,       75.12141443
          0,           0,         508,      -10.81087759,      -11.68914214,      -11.33756627,      -10.26157125,             0.448,    0.001081568122,     0.08124892736,                 0,                 0,                 0,    -0.03312481094,  -0.0006911252714,      0.0812531866,                 0,       75.12141464
          0,           0,         509,      -10.82347817,      -11.70379573,       -11.3489961,      -10.27424074,             0.448,    0.001081568122,     0.08124892761,                 0,                 0,                 0,    -0.03312481089,  -0.0006911252767,     0.08125318685,                 0,       75.12141486
          0,           0,         510,      -10.83602654,      -11.71850317,      -11.36041593,      -10.28685026,             0.448,    0.001081568122,     0.08124892785,                 0,                 0,                 0,    -0.03312481085,  -0.0006911252824,     0.08125318709,                 0,       75.12141511
          0,           0,         511,      -10.84851891,      -11.73321181,      -11.37182565,      -10.29939523,             0.448,    0.001081568121,     0.08124892808,                 0,                 0,                 0,    -0.03312481081,  -0.0006911252882,     0.08125318732,                 0,       75.12141538
          0,           0,         512,      -10.86095211,        -11.747864,      -11.38322626,      -10.31187194,             0.448,     0.00108156812,     0.08124892831,                 0,                 0,                 0,    -0.03312481078,  -0.0006911252942,     0.08125318755,                 0,       75.12141566
          0,           0,         513,      -10.87332361,      -11.76240152,      -11.39461909,      -10.32427746,             0.448,    0.001081568118,     0.08124892852,                 0,                 0,                 0,    -0.03312481075,  -0.0006911253003,     0.08125318776,                 0,       75.12141596
          0,           0,         514,      -10.88563165,      -11.77676298,      -11.40600675,      -10.33660981,             0.448,    0.001081568117,     0.08124892872,                 0,                 0,                 0,    -0.03312481073,  -0.0006911253065,     0.08125318796,                 0,       75.12141628
          0,           0,         515,      -10.89787539,      -11.79089548,      -11.41739316,      -10.34886814,             0.448,    0.001081568114,      0.0812489289,                 0,                 0,                 0,    -0.03312481071,  -0.0006911253128,     0.08125318814,                 0,        75.1214166
          0,           0,         516,      -10.91005495,      -11.80474426,      -11.42878357,      -10.36105272,             0.448,    0.001081568112,     0.08124892908,                 0,                 0,                 0,     -0.0331248107,  -0.0006911253191,     0.08125318832,                 0,       75.12141694
          0,           0,         517,      -10.92217147,      -11.81826511,      -11.44018489,      -10.37316498,             0.448,    0.001081568109,     0.08124892925,                 0,                 0,                 0,    -0.03312481069,  -0.0006911253254,     0.08125318848,                 0,       75.12141728
          0,           0,         518,      -10.93422725,      -11.83142434,      -11.45160547,      -10.38520764,             0.448,    0.001081568106,      0.0812489294,                 0,                 0,                 0,    -0.03312481068,  -0.0006911253317,     0.08125318864,                 0,       75.12141762
          0,           0,         519,      -10.94622581,       -11.8441919,      -11.46305494,      -10.39718479,             0.448,    0.001081568103,     0.08124892954,                 0,                 0,                 0,    -0.03312481067,  -0.0006911253379,     0.08125318878,                 0,       75.12141797
          0,           0,         520,      -10.95817181,      -11.85655755,      -11.47454457,      -10.40910174,             0.448,      0.0010815681,     0.08124892967,                 0,                 0,                 0,    -0.03312481067,   -0.000691125344,     0.08125318891,                 0,       75.12141832
          0,           0,         521,      -10.97007114,      -11.86852072,      -11.48608656,      -10.42096515,             0.448,    0.001081568096,     0.08124892979,                 0,                 0,                 0,    -0.03312481067,  -0.0006911253501,     0.08125318902,                 0,       75.12141867
          0,           0,         522,      -10.98193085,      -11.88009288,      -11.49769417,      -10.43278284,             0.448,    0.001081568093,     0.08124892989,                 0,                 0,                 0,    -0.03312481068,   -0.000691125356,     0.08125318913,                 0,       75.12141902
          0,           0,         523,       -10.9937591,      -11.89129875,      -11.50938134,      -10.44456383,             0.448,    0.001081568089,     0.08124892999,                 0,                 0,                 0,    -0.03312481068,  -0.0006911253617,     0.08125318923,                 0,       75.12141936
          0,           0,         524,      -11.00556505,      -11.90217452,      -11.52116194,       -10.4563181,             0.448,    0.001081568085,     0.08124893007,                 0,                 0,                 0,    -0.03312481069,  -0.0006911253673,     0.08125318931,                 0,        75.1214197
          0,           0,         525,      -11.01735865,      -11.91276448,      -11.53304982,      -10.46805652,             0.448,    0.001081568081,     0.08124893014,                 0,                 0,                 0,     -0.0331248107,  -0.0006911253727,     0.08125318938,                 0,       75.12142003
          0,           0,         526,      -11.02915062,      -11.92312259,      -11.54505831,      -10.47979058,             0.448,    0.001081568078,     0.08124893021,                 0,                 0,                 0,    -0.03312481071,  -0.0006911253779,     0.08125318945,                 0,       75.12142036
          0,           0,         527,       -11.0409522,       -11.9333087,      -11.55719988,      -10.49153234,             0.448,    0.001081568074,     0.08124893026,                 0,                 0,                 0,    -0.03312481072,  -0.0006911253829,      0.0812531895,                 0,       75.12142067
          0,           0,         528,      -11.05277497,      -11.94338382,      -11.56948558,      -10.50329411,             0.448,     0.00108156807,     0.08124893031,                 0,                 0,                 0,    -0.03312481074,  -0.0006911253876,     0.08125318954,                 0,       75.12142097
          0,           0,         529,      -11.06463063,      -11.95341277,      -11.58192492,      -10.51508831,             0.448,    0.001081568066,     0.08124893034,                 0,                 0,                 0,    -0.03312481075,  -0.0006911253921,     0.08125318958,                 0,       75.12142126
          0,           0,         530,      -11.07653075,      -11.96345453,      -11.59452552,      -10.52692716,             0.448,    0.001081568063,     0.08124893037,                 0,                 0,                 0,    -0.03312481077,  -0.0006911253963,     0.08125318961,                 0,       75.12142154
          0,           0,         531,      -11.08848673,      -11.97356949,       -11.6072926,      -10.53882259,             0.448,    0.001081568059,     0.08124893039,                 0,                 0,                 0,    -0.03312481078,  -0.0006911254002,     0.08125318963,                 0,        75.1214218
          0,           0,         532,      -11.10050941,      -11.98381286,      -11.62022913,       -10.5507859,             0.448,    0.001081568056,      0.0812489304,                 0,                 0,                 0,     -0.0331248108,  -0.0006911254039,     0.08125318964,                 0,       75.12142205
          0,           0,         533,      -11.11260903,      -11.99422995,      -11.63333514,      -10.56282785,             0.448,    0.001081568053,     0.08124893041,                 0,                 0,                 0,    -0.03312481081,  -0.0006911254073,     0.08125318964,                 0,       75.12142228
          0,           0,         534,      -11.12479481,      -12.00486555,      -11.64660839,      -10.57495803,             0.448,    0.001081568049,     0.08124893041,                 0,                 0,                 0,    -0.03312481083,  -0.0006911254104,     0.08125318964,                 0,        75.1214225
          0,           0,         535,      -11.13707508,      -12.01575491,      -11.66004331,      -10.58718503,             0.448,    0.001081568047,      0.0812489304,                 0,                 0,                 0,    -0.03312481085,  -0.0006911254132,     0.08125318964,                 0,        75.1214227
          0,           0,         536,        -11.149457,      -12.02692588,      -11.67363185,      -10.59951635,             0.448,    0.001081568044,     0.08124893039,                 0,                 0,                 0,    -0.03312481086,  -0.0006911254158,     0.08125318963,                 0,       75.12142288
          0,           0,         537,      -11.16194634,      -12.03839661,      -11.68736292,        -10.611958,             0.448,    0.001081568041,     0.08124893037,                 0,                 0,                 0,    -0.03312481088,  -0.0006911254181,     0.08125318961,                 0,       75.12142305
          0,           0,         538,      -11.17454742,      -12.05018545,      -11.70122252,      -10.62451445,             0.448,    0.001081568039,     0.08124893035,                 0,                 0,                 0,    -0.03312481089,  -0.0006911254201,     0.08125318959,                 0,        75.1214232
          0,           0,         539,      -11.18726315,      -12.06229036,      -11.71519424,      -10.63718881,             0.448,    0.001081568036,     0.08124893033,                 0,                 0,                 0,    -0.03312481091,  -0.0006911254218,     0.08125318957,                 0,       75.12142333
          0,           0,         540,      -11.20009484,      -12.07471686,      -11.72925907,      -10.64998252,             0.448,    0.001081568034,      0.0812489303,                 0,                 0,                 0,    -0.03312481092,  -0.0006911254232,     0.08125318954,                 0,       75.12142345
          0,           0,         541,      -11.21304208,      -12.08745733,      -11.74339606,      -10.66289531,             0.448,    0.001081568033,     0.08124893027,                 0,                 0,                 0,    -0.03312481094,  -0.0006911254244,     0.08125318951,                 0,       75.12142355
          0,           0,         542,       -11.2261028,      -12.10049649,      -11.75758182,      -10.67592524,             0.448,    0.001081568031,     0.08124893024,                 0,                 0,                 0,    -0.03312481095,  -0.0006911254254,     0.08125318948,                 0,       75.12142363
          0,           0,         543,      -11.23927343,      -12.11381623,      -11.77179201,      -10.68906884,             0.448,     0.00108156803,     0.08124893021,                 0,                 0,                 0,    -0.03312481096,  -0.0006911254261,     0.08125318945,                 0,        75.1214237
          0,           0,         544,       -11.2525486,      -12.12739223,      -11.78600122,      -10.70232079,             0.448,    0.001081568028,     0.08124893018,                 0,                 0,                 0,    -0.03312481097,  -0.0006911254266,     0.08125318941,                 0,       75.12142376
          0,           0,         545,      -11.26592142,      -12.14119655,      -11.80018313,      -10.71567434,             0.448,    0.001081568027,     0.08124893014,                 0,                 0,                 0,    -0.03312481098,  -0.0006911254269,     0.08125318938,                 0,        75.1214238
          0,           0,         546,      -11.27938354,      -12.15520229,      -11.81431185,      -10.72912124,             0.448,    0.001081568026,      0.0812489301,                 0,                 0,                 0,    -0.03312481099,  -0.0006911254269,     0.08125318934,                 0,       75.12142382
          0,           0,         547,      -11.29292527,       -12.1693701,      -11.82836192,       -10.7426518,             0.448,    0.001081568026,     0.08124893007,                 0,                 0,                 0,      -0.033124811,  -0.0006911254268,      0.0812531893,                 0,       75.12142384
          0,           0,         548,      -11.30653545,      -12.18366752,      -11.84230847,      -10.75625497,             0.448,    0.001081568025,     0.08124893003,                 0,                 0,                 0,    -0.03312481101,  -0.0006911254265,     0.08125318927,                 0,       75.12142384
          0,           0,         549,      -11.32020206,       -12.1980584,      -11.85612954,      -10.76991886,             0.448,    0.001081568025,     0.08124892999,                 0,                 0,                 0,    -0.03312481102,  -0.0006911254261,     0.08125318923,                 0,       75.12142383
          0,           0,         550,      -11.33391204,      -12.21250602,       -11.8698046,      -10.78363039,             0.448,    0.001081568025,     0.08124892996,                 0,                 0,                 0,    -0.03312481103,  -0.0006911254255,     0.08125318919,                 0,       75.12142381
          0,           0,         551,      -11.34765175,      -12.22697585,      -11.88331651,      -10.79737593,             0.448,    0.001081568025,     0.08124892992,                 0,                 0,                 0,    -0.03312481104,  -0.0006911254247,     0.08125318916,                 0,       75.12142378
          0,           0,         552,      -11.36140701,      -12.24143494,      -11.89665076,      -10.81114136,             0.448,    0.001081568025,     0.08124892989,                 0,                 0,                 0,    -0.03312481105,  -0.0006911254239,     0.08125318912,                 0,       75.12142374
          0,           0,         553,      -11.37516345,      -12.25585425,      -11.90979709,      -10.82491224,             0.448,    0.001081568025,     0.08124892985,                 0,                 0,                 0,    -0.03312481105,  -0.0006911254229,     0.08125318909,                 0,       75.12142369
          0,           0,         554,       -11.3889068,      -12.27021094,      -11.92274892,      -10.83867429,             0.448,    0.001081568025,     0.08124892982,                 0,                 0,                 0,    -0.03312481106,  -0.0006911254218,     0.08125318905,                 0,       75.12142364
          0,           0,         555,      -11.40262307,      -12.28448364,      -11.93550387,      -10.85241344,             0.448,    0.001081568026,     0.08124892978,                 0,                 0,                 0,    -0.03312481106,  -0.0006911254207,     0.08125318902,                 0,       75.12142358
          0,           0,         556,      -11.41629892,      -12.29865319,      -11.94806275,      -10.86611623,             0.448,    0.001081568026,     0.08124892975,                 0,                 0,                 0,    -0.03312481107,  -0.0006911254194,     0.08125318899,                 0,       75.12142351
          0,           0,         557,      -11.42992176,      -12.31271347,      -11.96043147,      -10.87976979,             0.448,    0.001081568027,     0.08124892972,                 0,                 0,                 0,    -0.03312481107,  -0.0006911254182,     0.08125318896,                 0,       75.12142344
          0,           0,         558,      -11.44348031,      -12.32666067,      -11.97261871,      -10.89336274,             0.448,    0.001081568027,     0.08124892969,                 0,                 0,                 0,    -0.03312481108,  -0.0006911254168,     0.08125318893,                 0,       75.12142337
          0,           0,         559,      -11.45696437,      -12.34049122,      -11.98463752,      -10.90688454,             0.448,    0.001081568028,     0.08124892966,                 0,                 0,                 0,    -0.03312481108,  -0.0006911254155,      0.0812531889,                 0,       75.12142329
          0,           0,         560,       -11.4703653,      -12.35421444,      -11.99650256,      -10.92032627,             0.448,    0.001081568029,     0.08124892963,                 0,                 0,                 0,    -0.03312481108,   -0.000691125414,     0.08125318887,                 0,       75.12142321
          0,           0,         561,      -11.48367629,      -12.36783502,      -12.00823267,      -10.93368061,             0.448,     0.00108156803,     0.08124892961,                 0,                 0,                 0,    -0.03312481109,  -0.0006911254126,     0.08125318885,                 0,       75.12142312
          0,           0,         562,      -11.49689203,       -12.3813723,      -12.01984748,      -10.94694186,             0.448,    0.001081568031,     0.08124892958,                 0,                 0,                 0,    -0.03312481109,  -0.0006911254112,     0.08125318882,                 0,       75.12142304
          0,           0,         563,      -11.51000924,      -12.39482905,      -12.03136845,      -10.96010622,             0.448,    0.001081568032,     0.08124892956,                 0,                 0,                 0,    -0.03312481109,  -0.0006911254097,      0.0812531888,                 0,       75.12142295
          0,           0,         564,       -11.5230262,      -12.40823248,      -12.04281829,      -10.97317147,             0.448,    0.001081568033,     0.08124892954,                 0,                 0,                 0,     -0.0331248111,  -0.0006911254083,     0.08125318877,                 0,       75.12142287
          0,           0,         565,      -11.53594332,      -12.42159634,      -12.05422033,      -10.98613749,             0.448,    0.001081568034,     0.08124892951,                 0,                 0,                 0,     -0.0331248111,  -0.0006911254069,     0.08125318875,                 0,       75.12142278
          0,           0,         566,      -11.54876246,      -12.43493217,      -12.06559754,      -10.99900545,             0.448,    0.001081568035,     0.08124892949,                 0,                 0,                 0,     -0.0331248111,  -0.0006911254055,     0.08125318873,                 0,        75.1214227
          0,           0,         567,      -11.56148733,      -12.44825387,      -12.07697203,      -11.01177851,             0.448,    0.001081568035,     0.08124892947,                 0,                 0,                 0,    -0.03312481111,  -0.0006911254041,     0.08125318871,                 0,       75.12142261
          0,           0,         568,      -11.57412284,      -12.46156964,      -12.08836609,      -11.02446095,             0.448,    0.001081568036,     0.08124892946,                 0,                 0,                 0,    -0.03312481111,  -0.0006911254027,     0.08125318869,                 0,       75.12142253
          0,           0,         569,      -11.58667518,      -12.47489834,      -12.09980002,      -11.03705838,             0.448,    0.001081568037,     0.08124892944,                 0,                 0,                 0,    -0.03312481111,  -0.0006911254014,     0.08125318867,                 0,       75.12142245
          0,           0,         570,      -11.59915172,      -12.48823365,      -12.11129332,      -11.04957768,             0.448,    0.001081568038,     0.08124892942,                 0,                 0,                 0,    -0.03312481111,  -0.0006911254001,     0.08125318866,                 0,       75.12142237
          0,           0,         571,      -11.61156073,      -12.50157682,      -12.12286337,      -11.06202646,             0.448,    0.001081568039,      0.0812489294,                 0,                 0,                 0,    -0.03312481112,  -0.0006911253989,     0.08125318864,                 0,       75.12142229
          0,           0,         572,      -11.62391096,      -12.51492833,      -12.13452608,      -11.07441298,             0.448,     0.00108156804,     0.08124892939,                 0,                 0,                 0,    -0.03312481112,  -0.0006911253977,     0.08125318863,                 0,       75.12142221
          0,           0,         573,       -11.6362115,      -12.52827565,      -12.14629569,      -11.08674597,             0.448,    0.001081568041,     0.08124892937,                 0,                 0,                 0,    -0.03312481112,  -0.0006911253965,     0.08125318861,                 0,       75.12142214
          0,           0,         574,      -11.64847175,      -12.54161341,      -12.15818374,      -11.09903441,             0.448,    0.001081568042,     0.08124892936,                 0,                 0,                 0,    -0.03312481112,  -0.0006911253954,      0.0812531886,                 0,       75.12142207
          0,           0,         575,      -11.66070116,      -12.55492054,      -12.17020083,       -11.1112874,             0.448,    0.001081568042,     0.08124892935,                 0,                 0,                 0,    -0.03312481113,  -0.0006911253944,     0.08125318859,                 0,       75.12142201
          0,           0,         576,      -11.67290894,      -12.56817126,      -12.18235551,      -11.12351387,             0.448,    0.001081568043,     0.08124892934,                 0,                 0,                 0,    -0.03312481113,  -0.0006911253933,     0.08125318857,                 0,       75.12142195
          0,           0,         577,      -11.68510383,      -12.58135435,      -12.19465383,      -11.13572238,             0.448,    0.001081568044,     0.08124892932,                 0,                 0,                 0,    -0.03312481113,  -0.0006911253924,     0.08125318856,                 0,       75.12142189
          0,           0,         578,       -11.6972943,      -12.59444388,       -12.2071008,      -11.14792124,             0.448,    0.001081568045,     0.08124892931,                 0,                 0,                 0,    -0.03312481113,  -0.0006911253915,     0.08125318855,                 0,       75.12142183
          0,           0,         579,      -11.70948805,      -12.60742217,      -12.21969931,      -11.16011815,             0.448,    0.001081568045,      0.0812489293,                 0,                 0,                 0,    -0.03312481113,  -0.0006911253906,     0.08125318854,                 0,       75.12142178
          0,           0,         580,      -11.72169234,      -12.62026276,      -12.23245047,      -11.17232012,             0.448,    0.001081568046,     0.08124892929,                 0,                 0,                 0,    -0.03312481114,  -0.0006911253898,     0.08125318853,                 0,       75.12142173
          0,           0,         581,      -11.73391349,      -12.63293556,      -12.24535475,      -11.18453382,             0.448,    0.001081568046,     0.08124892928,                 0,                 0,                 0,    -0.03312481114,  -0.0006911253891,     0.08125318852,                 0,       75.12142168
          0,           0,         582,      -11.74615717,      -12.64543436,      -12.25841026,      -11.19676488,             0.448,    0.001081568047,     0.08124892927,                 0,                 0,                 0,    -0.03312481114,  -0.0006911253884,     0.08125318851,                 0,       75.12142164
          0,           0,         583,      -11.75842834,      -12.65774988,      -12.27161397,      -11.20901844,             0.448,    0.001081568047,     0.08124892926,                 0,                 0,                 0,    -0.03312481114,  -0.0006911253878,      0.0812531885,                 0,        75.1214216
          0,           0,         584,      -11.77073088,      -12.66986285,       -12.2849613,      -11.22129838,             0.448,    0.001081568048,     0.08124892926,                 0,                 0,                 0,    -0.03312481114,  -0.0006911253872,     0.08125318849,                 0,       75.12142156
          0,           0,         585,      -11.78306853,      -12.68178004,      -12.29844712,      -11.23360887,             0.448,    0.001081568048,     0.08124892925,                 0,                 0,                 0,    -0.03312481114,  -0.0006911253866,     0.08125318849,                 0,       75.12142153
          0,           0,         586,      -11.79544387,      -12.69349415,      -12.31206408,      -11.24595272,             0.448,    0.001081568048,     0.08124892924,                 0,                 0,                 0,    -0.03312481115,  -0.0006911253862,     0.08125318848,                 0,        75.1214215
          0,           0,         587,      -11.80785897,      -12.70501786,      -12.32580445,       -11.2583324,             0.448,    0.001081568049,     0.08124892923,                 0,                 0,                 0,    -0.03312481115,  -0.0006911253857,     0.08125318847,                 0,       75.12142148
          0,           0,         588,      -11.82031526,       -12.7163797,      -12.33965914,      -11.27074946,             0.448,    0.001081568049,     0.08124892923,                 0,                 0,                 0,    -0.03312481115,  -0.0006911253853,     0.08125318847,                 0,       75.12142145
          0,           0,         589,      -11.83281361,      -12.72758757,      -12.35361792,      -11.28320544,             0.448,    0.001081568049,     0.08124892922,                 0,                 0,                 0,    -0.03312481115,   -0.000691125385,     0.08125318846,                 0,       75.12142143
          0,           0,         590,      -11.84535476,      -12.73865975,      -12.36766957,      -11.29570126,             0.448,    0.001081568049,     0.08124892922,                 0,                 0,                 0,    -0.03312481115,  -0.0006911253847,     0.08125318846,                 0,       75.12142141
          0,           0,         591,       -11.8579385,      -12.74964989,      -12.38180175,      -11.30823711,             0.448,    0.001081568049,     0.08124892921,                 0,                 0,                 0,    -0.03312481115,  -0.0006911253844,     0.08125318845,                 0,        75.1214214
          0,           0,         592,      -11.87056514,      -12.76057281,      -12.39600147,        -11.320814,             0.448,     0.00108156805,     0.08124892921,                 0,                 0,                 0,    -0.03312481115,  -0.0006911253842,     0.08125318845,                 0,       75.12142138
          0,           0,         593,      -11.88323355,      -12.77147754,      -12.41025454,      -11.33343127,             0.448,     0.00108156805,      0.0812489292,                 0,                 0,                 0,    -0.03312481115,   -0.000691125384,     0.08125318844,                 0,       75.12142137
          0,           0,         594,       -11.8959432,      -12.78239681,      -12.42454634,      -11.34608886,             0.448,     0.00108156805,      0.0812489292,                 0,                 0,                 0,    -0.03312481115,  -0.0006911253838,     0.08125318844,                 0,       75.12142136
          0,           0,         595,      -11.90869326,      -12.79338047,      -12.43886115,      -11.35878629,             0.448,     0.00108156805,      0.0812489292,                 0,                 0,                 0,    -0.03312481115,  -0.0006911253837,     0.08125318844,                 0,       75.12142136
          0,           0,         596,      -11.92148241,      -12.80445309,      -12.45318233,      -11.37152313,             0.448,     0.00108156805,      0.0812489292,                 0,                 0,                 0,    -0.03312481115,  -0.0006911253836,     0.08125318843,                 0,       75.12142135
          0,           0,         597,       -11.9343094,      -12.81566504,      -12.46749275,      -11.38429857,             0.448,     0.00108156805,     0.08124892919,                 0,                 0,                 0,    -0.03312481115,  -0.0006911253835,     0.08125318843,                 0,       75.12142135
          0,           0,         598,      -11.94717287,      -12.82703703,      -12.48177469,      -11.39711205,             0.448,     0.00108156805,     0.08124892919,                 0,                 0,                 0,    -0.03312481115,  -0.0006911253835,     0.08125318843,                 0,       75.12142134
          0,           0,         599,      -11.96007097,      -12.83860317,      -12.49601145,      -11.40996202,             0.448,     0.00108156805,     0.08124892919,                 0,                 0,                 0,    -0.03312481115,  -0.0006911253835,     0.08125318843,                 0,       75.12142134
          0,           0,         600,      -11.97300165,      -12.85041338,      -12.51018408,      -11.42284739,             0.448,     0.00108156805,     0.08124892919,                 0,                 0,                 0,    -0.03312481115,  -0.0006911253835,     0.08125318843,                 0,       75.12142134
          0,           0,         601,      -11.98596325,      -12.86246099,      -12.52427544,      -11.43576692,             0.448,     0.00108156805,     0.08124892919,                 0,                 0,                 0,    -0.03312481115,  -0.0006911253835,     0.08125318843,                 0,       75.12142135
          0,           0,         602,      -11.99895333,      -12.87478658,       -12.5382673,      -11.44871874,             0.448,     0.00108156805,     0.08124892919,                 0,                 0,                 0,    -0.03312481115,  -0.0006911253835,     0.08125318843,                 0,       75.12142135
          0,           0,         603,      -12.01196938,      -12.88739609,      -12.55214445,      -11.46170108,             0.448,     0.00108156805,     0.08124892919,                 0,                 0,                 0,    -0.03312481114,  -0.0006911253836,     0.08125318843,                 0,       75.12142135
          0,           0,         604,      -12.02500824,      -12.90030278,      -12.56588924,      -11.47471155,             0.448,     0.00108156805,     0.08124892919,                 0,                 0,                 0,    -0.03312481114,  -0.0006911253837,     0.08125318843,                 0,       75.12142136
          0,           0,         605,      -12.03806685,      -12.91350589,      -12.57948786,      -11.48774754,             0.448,     0.00108156805,      0.0812489292,                 0,                 0,                 0,    -0.03312481114,  -0.0006911253838,     0.08125318843,                 0,       75.12142136
          0,           0,         606,      -12.05114173,      -12.92700328,      -12.59292681,      -11.50080575,             0.448,     0.00108156805,      0.0812489292,                 0,                 0,                 0,    -0.03312481114,  -0.0006911253839,     0.08125318844,                 0,       75.12142137
          0,           0,         607,       -12.0642292,      -12.94079137,      -12.60619505,      -11.51388344,             0.448,     0.00108156805,      0.0812489292,                 0,                 0,                 0,    -0.03312481114,   -0.000691125384,     0.08125318844,                 0,       75.12142137
          0,           0,         608,      -12.07732428,      -12.95486434,      -12.61928271,       -11.5269758,             0.448,     0.00108156805,      0.0812489292,                 0,                 0,                 0,    -0.03312481114,  -0.0006911253841,     0.08125318844,                 0,       75.12142138
          0,           0,         609,      -12.09042272,      -12.96919161,      -12.63218431,      -11.54007896,             0.448,     0.00108156805,     0.08124892921,                 0,                 0,                 0,    -0.03312481113,  -0.0006911253842,     0.08125318845,                 0,       75.12142139
          0,           0,         610,      -12.10351923,      -12.98374383,      -12.64489379,       -11.5531877,             0.448,    0.001081568049,     0.08124892921,                 0,                 0,                 0,    -0.03312481113,  -0.0006911253844,     0.08125318845,                 0,        75.1214214
          0,           0,         611,      -12.11660822,      -12.99850144,      -12.65740929,       -11.5662971,             0.448,    0.001081568049,     0.08124892922,                 0,                 0,                 0,    -0.03312481113,  -0.0006911253845,     0.08125318845,                 0,        75.1214214
          0,           0,         612,      -12.12968425,      -13.01345921,      -12.66973325,      -11.57940125,             0.448,    0.001081568049,     0.08124892922,                 0,                 0,                 0,    -0.03312481113,  -0.0006911253847,     0.08125318846,                 0,       75.12142141
          0,           0,         613,      -12.14274074,      -13.02853515,      -12.68186739,      -11.59249355,             0.448,    0.001081568049,     0.08124892923,                 0,                 0,                 0,    -0.03312481113,  -0.0006911253848,     0.08125318846,                 0,       75.12142142
          0,           0,         614,      -12.15577187,      -13.04370541,      -12.69382025,      -11.60556832,             0.448,    0.001081568049,     0.08124892923,                 0,                 0,                 0,    -0.03312481112,   -0.000691125385,     0.08125318847,                 0,       75.12142143
          0,           0,         615,       -12.1687707,       -13.0589417,      -12.70560077,      -11.61861847,             0.448,    0.001081568049,     0.08124892924,                 0,                 0,                 0,    -0.03312481112,  -0.0006911253852,     0.08125318847,                 0,       75.12142144
          0,           0,         616,      -12.18173094,      -13.07417697,      -12.71722019,      -11.63163656,             0.448,    0.001081568049,     0.08124892924,                 0,                 0,                 0,    -0.03312481112,  -0.0006911253854,     0.08125318848,                 0,       75.12142145
          0,           0,         617,      -12.19464696,      -13.08935618,      -12.72869336,      -11.64461688,             0.448,    0.001081568049,     0.08124892925,                 0,                 0,                 0,    -0.03312481112,  -0.0006911253855,     0.08125318849,                 0,       75.12142145
          0,           0,         618,      -12.20751183,      -13.10447145,       -12.7400343,      -11.65755176,             0.448,    0.001081568049,     0.08124892925,                 0,                 0,                 0,    -0.03312481112,  -0.0006911253857,     0.08125318849,                 0,       75.12142146
          0,           0,         619,      -12.22031993,      -13.11943557,      -12.75126272,      -11.67043461,             0.448,    0.001081568049,     0.08124892926,                 0,                 0,                 0,    -0.03312481111,  -0.0006911253859,      0.0812531885,                 0,       75.12142147
          0,           0,         620,      -12.23306587,      -13.13424237,      -12.76239756,      -11.68325944,             0.448,    0.001081568049,     0.08124892927,                 0,                 0,                 0,    -0.03312481111,  -0.0006911253861,      0.0812531885,                 0,       75.12142148
          0,           0,         621,       -12.2457452,      -13.14881517,      -12.77345998,      -11.69602028,             0.448,    0.001081568049,     0.08124892927,                 0,                 0,                 0,    -0.03312481111,  -0.0006911253863,     0.08125318851,                 0,       75.12142149
          0,           0,         622,      -12.25835377,       -13.1631595,      -12.78447033,      -11.70871227,             0.448,    0.001081568049,     0.08124892928,                 0,                 0,                 0,    -0.03312481111,  -0.0006911253864,     0.08125318852,                 0,        75.1214215
          0,           0,         623,      -12.27088765,      -13.17721619,      -12.79544979,      -11.72133007,             0.448,    0.001081568049,     0.08124892929,                 0,                 0,                 0,    -0.03312481111,  -0.0006911253866,     0.08125318852,                 0,       75.12142151
          0,           0,         624,      -12.28334467,      -13.19099103,      -12.80641586,      -11.73387044,             0.448,    0.001081568049,     0.08124892929,                 0,                 0,                 0,     -0.0331248111,  -0.0006911253868,     0.08125318853,                 0,       75.12142152
          0,           0,         625,      -12.29572374,      -13.20442869,      -12.81739599,      -11.74633087,             0.448,    0.001081568049,      0.0812489293,                 0,                 0,                 0,     -0.0331248111,   -0.000691125387,     0.08125318854,                 0,       75.12142153
          0,           0,         626,      -12.30802454,      -13.21756067,      -12.82840839,      -11.75871014,             0.448,    0.001081568049,      0.0812489293,                 0,                 0,                 0,     -0.0331248111,  -0.0006911253872,     0.08125318854,                 0,       75.12142154
          0,           0,         627,      -12.32024664,      -13.23039958,      -12.83946815,      -11.77100592,             0.448,    0.001081568049,     0.08124892931,                 0,                 0,                 0,     -0.0331248111,  -0.0006911253874,     0.08125318855,                 0,       75.12142154
          0,           0,         628,      -12.33239311,      -13.24290204,      -12.85059945,      -11.78322079,             0.448,    0.001081568049,     0.08124892932,                 0,                 0,                 0,     -0.0331248111,  -0.0006911253875,     0.08125318855,                 0,       75.12142155
          0,           0,         629,      -12.34446617,      -13.25509234,      -12.86181697,        -11.795355,             0.448,    0.001081568049,     0.08124892932,                 0,                 0,                 0,     -0.0331248111,  -0.0006911253877,     0.08125318856,                 0,       75.12142156
          0,           0,         630,      -12.35646976,      -13.26702466,      -12.87313322,      -11.80741274,             0.448,    0.001081568049,     0.08124892933,                 0,                 0,                 0,    -0.03312481109,  -0.0006911253879,     0.08125318857,                 0,       75.12142157
          0,           0,         631,      -12.36840786,      -13.27869653,      -12.88456536,      -11.81939621,             0.448,    0.001081568048,     0.08124892933,                 0,                 0,                 0,    -0.03312481109,   -0.000691125388,     0.08125318857,                 0,       75.12142158
          0,           0,         632,      -12.38028725,       -13.2901359,      -12.89611997,      -11.83131205,             0.448,    0.001081568048,     0.08124892934,                 0,                 0,                 0,    -0.03312481109,  -0.0006911253882,     0.08125318858,                 0,       75.12142159
          0,           0,         633,      -12.39211444,      -13.30135441,       -12.9078123,      -11.84316597,             0.448,    0.001081568048,     0.08124892935,                 0,                 0,                 0,    -0.03312481109,  -0.0006911253884,     0.08125318858,                 0,       75.12142159
          0,           0,         634,       -12.4038964,       -13.3124337,      -12.91964677,      -11.85496438,             0.448,    0.001081568048,     0.08124892935,                 0,                 0,                 0,    -0.03312481109,  -0.0006911253885,     0.08125318859,                 0,        75.1214216
          0,           0,         635,      -12.41564066,      -13.32334969,      -12.93163116,       -11.8667149,             0.448,    0.001081568048,     0.08124892936,                 0,                 0,                 0,    -0.03312481109,  -0.0006911253887,     0.08125318859,                 0,       75.12142161
          0,           0,         636,      -12.42735579,      -13.33416703,       -12.9437681,      -11.87842612,             0.448,    0.001081568048,     0.08124892936,                 0,                 0,                 0,    -0.03312481109,  -0.0006911253888,      0.0812531886,                 0,       75.12142162
          0,           0,         637,      -12.43904988,      -13.34490645,      -12.95605897,      -11.89010639,             0.448,    0.001081568048,     0.08124892936,                 0,                 0,                 0,    -0.03312481109,   -0.000691125389,      0.0812531886,                 0,       75.12142163
          0,           0,         638,      -12.45073325,      -13.35556493,      -12.96850566,      -11.90176519,             0.448,    0.001081568048,     0.08124892937,                 0,                 0,                 0,    -0.03312481109,  -0.0006911253891,     0.08125318861,                 0,       75.12142163
          0,           0,         639,      -12.46241375,      -13.36619969,      -12.98110609,      -11.91341266,             0.448,    0.001081568048,     0.08124892937,                 0,                 0,                 0,    -0.03312481109,  -0.0006911253893,     0.08125318861,                 0,       75.12142164
          0,           0,         640,      -12.47410033,      -13.37685299,      -12.99385359,      -11.92505732,             0.448,    0.001081568048,     0.08124892938,                 0,                 0,                 0,    -0.03312481109,  -0.0006911253894,     0.08125318861,                 0,       75.12142165
          0,           0,         641,      -12.48580078,      -13.38750828,      -13.00673982,      -11.93670806,             0.448,    0.001081568048,     0.08124892938,                 0,                 0,                 0,    -0.03312481109,  -0.0006911253895,     0.08125318862,                 0,       75.12142165
          0,           0,         642,      -12.49752393,      -13.39819617,      -13.01976647,      -11.94837445,             0.448,    0.001081568048,     0.08124892938,                 0,                 0,                 0,    -0.03312481109,  -0.0006911253896,     0.08125318862,                 0,       75.12142166
          0,           0,         643,      -12.50927835,      -13.40893183,       -13.0329168,      -11.96006519,             0.448,    0.001081568048,     0.08124892938,                 0,                 0,                 0,    -0.03312481109,  -0.0006911253898,     0.08125318862,                 0,       75.12142167
          0,           0,         644,      -12.52107127,      -13.41967019,      -13.04618478,      -11.97178985,             0.448,    0.001081568048,     0.08124892939,                 0,                 0,                 0,    -0.03312481109,  -0.0006911253899,     0.08125318863,                 0,       75.12142167
          0,           0,         645,      -12.53290761,      -13.43054358,      -13.05955039,      -11.98355387,             0.448,    0.001081568048,     0.08124892939,                 0,                 0,                 0,    -0.03312481109,    -0.00069112539,     0.08125318863,                 0,       75.12142168
          0,           0,         646,      -12.54479494,       -13.4414615,      -13.07301105,      -11.99536522,             0.448,    0.001081568048,     0.08124892939,                 0,                 0,                 0,    -0.03312481109,  -0.0006911253901,     0.08125318863,                 0,       75.12142169
          0,           0,         647,      -12.55674032,      -13.45247186,      -13.08654702,      -12.00723257,             0.448,    0.001081568048,     0.08124892939,                 0,                 0,                 0,    -0.03312481109,  -0.0006911253902,     0.08125318863,                 0,       75.12142169
          0,           0,         648,      -12.56874602,       -13.4635354,      -13.10014282,      -12.01916048,             0.448,    0.001081568048,     0.08124892939,                 0,                 0,                 0,    -0.03312481109,  -0.0006911253903,     0.08125318863,                 0,        75.1214217
          0,           0,         649,      -12.58081624,      -13.47476437,      -13.11378897,      -12.03115258,             0.448,    0.001081568048,      0.0812489294,                 0,                 0,                 0,    -0.03312481109,  -0.0006911253903,     0.08125318863,                 0,        75.1214217
          0,           0,         650,      -12.59295618,      -13.48608842,      -13.12746186,      -12.04321507,             0.448,    0.001081568047,      0.0812489294,                 0,                 0,                 0,    -0.03312481109,  -0.0006911253904,     0.08125318863,                 0,       75.12142171
          0,           0,         651,      -12.60516616,      -13.49746948,      -13.14114991,      -12.05535025,             0.448,    0.001081568047,      0.0812489294,                 0,                 0,                 0,    -0.03312481109,  -0.0006911253905,     0.08125318863,                 0,       75.12142171
          0,           0,         652,      -12.61744868,      -13.50894569,      -13.15483506,      -12.06756116,             0.448,    0.001081568047,      0.0812489294,                 0,                 0,                 0,    -0.03312481109,  -0.0006911253906,     0.08125318863,                 0,       75.12142171
          0,           0,         653,      -12.62980594,      -13.52063202,      -13.16850474,      -12.07985151,             0.448,    0.001081568047,      0.0812489294,                 0,                 0,                 0,    -0.03312481109,  -0.0006911253906,     0.08125318863,                 0,       75.12142172
          0,           0,         654,      -12.64223547,      -13.53230887,      -13.18213866,      -12.09221901,             0.448,    0.001081568047,      0.0812489294,                 0,                 0,                 0,    -0.03312481109,  -0.0006911253907,     0.08125318863,                 0,       75.12142172
          0,           0,         655,      -12.65473795,      -13.54422421,      -13.19572898,      -12.10466454,             0.448,    0.001081568047,      0.0812489294,                 0,                 0,                 0,    -0.03312481109,  -0.0006911253907,     0.08125318863,                 0,       75.12142173
          0,           0,         656,      -12.66731353,       -13.5563203,      -13.20925421,      -12.11718905,             0.448,    0.001081568047,      0.0812489294,                 0,                 0,                 0,    -0.03312481109,  -0.0006911253907,     0.08125318863,                 0,       75.12142173
          0,           0,         657,      -12.67995924,      -13.56844007,      -13.22270479,      -12.12979223,             0.448,    0.001081568047,      0.0812489294,                 0,                 0,                 0,    -0.03312481109,  -0.0006911253908,     0.08125318863,                 0,       75.12142173
          0,           0,         658,      -12.69267119,      -13.58078616,      -13.23606607,      -12.14246801,             0.448,    0.001081568047,     0.08124892939,                 0,                 0,                 0,    -0.03312481109,  -0.0006911253908,     0.08125318863,                 0,       75.12142173
          0,           0,         659,       -12.7054459,      -13.59326447,      -13.24933544,      -12.15521513,             0.448,    0.001081568047,     0.08124892939,                 0,                 0,                 0,    -0.03312481109,  -0.0006911253908,     0.08125318863,                 0,       75.12142174
          0,           0,         660,      -12.71828168,      -13.60586252,      -13.26248983,      -12.16803073,             0.448,    0.001081568047,     0.08124892939,                 0,                 0,                 0,    -0.03312481109,  -0.0006911253908,     0.08125318863,                 0,       75.12142174
          0,           0,         661,      -12.73117243,      -13.61867671,      -13.27552936,      -12.18091012,             0.448,    0.001081568047,     0.08124892939,                 0,                 0,                 0,     -0.0331248111,  -0.0006911253908,     0.08125318863,                 0,       75.12142174
          0,           0,         662,      -12.74411283,      -13.63162007,      -13.28844874,      -12.19384654,             0.448,    0.001081568047,     0.08124892939,                 0,                 0,                 0,     -0.0331248111,  -0.0006911253909,     0.08125318863,                 0,       75.12142174
          0,           0,         663,      -12.75709647,      -13.64477848,      -13.30123972,      -12.20683605,             0.448,    0.001081568047,     0.08124892939,                 0,                 0,                 0,     -0.0331248111,  -0.0006911253909,     0.08125318863,                 0,       75.12142174
          0,           0,         664,      -12.77011897,      -13.65808345,      -13.31390043,      -12.21987174,             0.448,    0.001081568047,     0.08124892939,                 0,                 0,                 0,     -0.0331248111,  -0.0006911253908,     0.08125318862,                 0,       75.12142174
          0,           0,         665,      -12.78317175,      -13.67161145,      -13.32642344,      -12.23294518,             0.448,    0.001081568047,     0.08124892939,                 0,                 0,                 0,     -0.0331248111,  -0.0006911253908,     0.08125318862,                 0,       75.12142174
          0,           0,         666,      -12.79624927,      -13.68523351,      -13.33881391,       -12.2460515,             0.448,    0.001081568047,     0.08124892938,                 0,                 0,                 0,     -0.0331248111,  -0.0006911253908,     0.08125318862,                 0,       75.12142174
          0,           0,         667,      -12.80934117,      -13.69899919,      -13.35106845,      -12.25917954,             0.448,    0.001081568047,     0.08124892938,                 0,                 0,                 0,     -0.0331248111,  -0.0006911253908,     0.08125318862,                 0,       75.12142174
          0,           0,         668,      -12.82244229,      -13.71299516,      -13.36320159,      -12.27232259,             0.448,    0.001081568047,     0.08124892938,                 0,                 0,                 0,     -0.0331248111,  -0.0006911253908,     0.08125318862,                 0,       75.12142174
          0,           0,         669,      -12.83554357,      -13.72714397,      -13.37519908,      -12.28547187,             0.448,    0.001081568047,     0.08124892938,                 0,                 0,                 0,     -0.0331248111,  -0.0006911253908,     0.08125318862,                 0,       75.12142174
          0,           0,         670,      -12.84863897,      -13.74135235,      -13.38707642,      -12.29862109,             0.448,    0.001081568047,     0.08124892938,                 0,                 0,                 0,     -0.0331248111,  -0.0006911253907,     0.08125318861,                 0,       75.12142174
          0,           0,         671,       -12.8617146,      -13.75577123,      -13.39883665,      -12.31175489,             0.448,    0.001081568047,     0.08124892938,                 0,                 0,                 0,     -0.0331248111,  -0.0006911253907,     0.08125318861,                 0,       75.12142174
          0,           0,         672,      -12.87476626,      -13.77019405,      -13.41048103,      -12.32487008,             0.448,    0.001081568047,     0.08124892937,                 0,                 0,                 0,     -0.0331248111,  -0.0006911253907,     0.08125318861,                 0,       75.12142174
          0,           0,         673,      -12.88778432,      -13.78475767,      -13.42202137,      -12.33795157,             0.448,    0.001081568047,     0.08124892937,                 0,                 0,                 0,     -0.0331248111,  -0.0006911253906,     0.08125318861,                 0,       75.12142174
          0,           0,         674,      -12.90076518,      -13.79919255,      -13.43347591,      -12.35099926,             0.448,    0.001081568047,     0.08124892937,                 0,                 0,                 0,     -0.0331248111,  -0.0006911253906,     0.08125318861,                 0,       75.12142173
          0,           0,         675,      -12.91369559,      -13.81368639,       -13.4448493,      -12.36399767,             0.448,    0.001081568047,     0.08124892937,                 0,                 0,                 0,     -0.0331248111,  -0.0006911253905,     0.08125318861,                 0,       75.12142173
          0,           0,         676,      -12.92657063,      -13.82821665,       -13.4561486,      -12.37693955,             0.448,    0.001081568047,     0.08124892937,                 0,                 0,                 0,     -0.0331248111,  -0.0006911253905,      0.0812531886,                 0,       75.12142173
          0,           0,         677,      -12.93938601,      -13.84271891,      -13.46737214,      -12.38982252,             0.448,    0.001081568047,     0.08124892937,                 0,                 0,                 0,     -0.0331248111,  -0.0006911253905,      0.0812531886,                 0,       75.12142173
          0,           0,         678,      -12.95213284,      -13.85701914,      -13.47856191,      -12.40263521,             0.448,    0.001081568047,     0.08124892936,                 0,                 0,                 0,     -0.0331248111,  -0.0006911253904,      0.0812531886,                 0,       75.12142173
          0,           0,         679,       -12.9648112,      -13.87106259,       -13.4897095,      -12.41537778,             0.448,    0.001081568047,     0.08124892936,                 0,                 0,                 0,     -0.0331248111,  -0.0006911253904,      0.0812531886,                 0,       75.12142172
          0,           0,         680,      -12.97741214,      -13.88512528,      -13.50083999,      -12.42803782,             0.448,    0.001081568047,     0.08124892936,                 0,                 0,                 0,     -0.0331248111,  -0.0006911253903,      0.0812531886,                 0,       75.12142172
          0,           0,         681,      -12.98993623,      -13.89902046,       -13.5119461,      -12.44061663,             0.448,    0.001081568047,     0.08124892936,                 0,                 0,                 0,     -0.0331248111,  -0.0006911253903,      0.0812531886,                 0,       75.12142172
          0,           0,         682,      -13.00238069,      -13.91255062,      -13.52305625,      -12.45311264,             0.448,    0.001081568047,     0.08124892936,                 0,                 0,                 0,     -0.0331248111,  -0.0006911253902,      0.0812531886,                 0,       75.12142172
