NDIME= 2
NELEM= 10216
5	417	69	311	0
5	302	55	56	1
5	405	159	384	2
5	594	427	450	3
5	315	71	72	4
5	319	4	262	5
5	270	39	40	6
5	327	65	66	7
5	451	259	325	8
5	441	40	41	9
5	358	147	148	10
5	287	12	13	11
5	252	144	145	12
5	254	56	57	13
5	348	96	269	14
5	262	4	5	15
5	647	465	525	16
5	453	308	449	17
5	309	282	15	18
5	560	265	470	19
5	369	185	186	20
5	420	271	27	21
5	432	137	376	22
5	643	471	270	23
5	429	121	354	24
5	282	14	15	25
5	568	446	456	26
5	292	257	31	27
5	617	385	457	28
5	831	694	478	29
5	274	24	25	30
5	470	346	454	31
5	311	69	70	32
5	291	20	278	33
5	286	24	274	34
5	257	30	31	35
5	255	0	1	36
5	996	809	797	37
5	342	79	312	38
5	280	18	19	39
5	543	319	518	40
5	316	42	294	41
5	507	356	439	42
5	543	293	319	43
5	546	298	299	44
5	324	288	9	45
5	749	548	648	46
5	270	251	39	47
5	542	459	257	48
5	258	36	37	49
5	322	18	280	50
5	315	72	290	51
5	555	313	342	52
5	288	8	9	53
5	645	348	465	54
5	323	14	282	55
5	308	62	63	56
5	300	75	76	57
5	335	84	303	58
5	421	60	305	59
5	334	38	251	60
5	749	549	548	61
5	285	53	54	62
5	302	56	254	63
5	751	644	725	64
5	250	82	83	65
5	294	42	43	66
5	301	87	88	67
5	279	80	81	68
5	305	60	61	69
5	531	475	278	70
5	554	448	540	71
5	271	26	27	72
5	284	89	90	73
5	416	111	112	74
5	329	260	33	75
5	475	291	278	76
5	340	0	255	77
5	277	106	107	78
5	420	28	272	79
5	295	52	53	80
5	316	41	42	81
5	333	294	43	82
5	825	476	650	83
5	331	300	76	84
5	762	555	664	85
5	295	53	285	86
5	290	72	73	87
5	337	90	91	88
5	312	79	80	89
5	511	320	336	90
5	1041	890	895	91
5	555	342	464	92
5	946	762	848	93
5	564	314	556	94
5	345	52	295	95
5	335	250	83	96
5	449	63	64	97
5	338	254	57	98
5	842	642	557	99
5	338	57	58	100
5	517	256	293	101
5	259	101	102	102
5	512	281	350	103
5	348	95	96	104
5	441	270	40	105
5	361	177	178	106
5	266	99	100	107
5	510	451	325	108
5	580	353	413	109
5	372	115	116	110
5	367	117	118	111
5	357	151	349	112
5	412	375	127	113
5	639	273	436	114
5	381	157	158	115
5	492	368	430	116
5	377	147	358	117
5	400	173	390	118
5	437	365	182	119
5	406	161	253	120
5	403	253	162	121
5	395	181	365	122
5	397	175	393	123
5	408	157	381	124
5	619	408	381	125
5	401	386	166	126
5	399	388	170	127
5	834	690	450	128
5	585	377	358	129
5	387	163	164	130
5	404	165	386	131
5	353	112	113	132
5	424	321	109	133
5	363	252	145	134
5	363	145	146	135
5	481	429	354	136
5	607	393	484	137
5	1544	685	720	138
5	653	485	490	139
5	275	132	133	140
5	409	382	129	141
5	373	135	136	142
5	614	482	253	143
5	355	143	144	144
5	409	130	383	145
5	380	354	122	146
5	486	435	273	147
5	436	273	140	148
5	411	126	375	149
5	360	186	187	150
5	593	394	488	151
5	850	681	706	152
5	393	175	176	153
5	806	611	604	154
5	398	177	361	155
5	784	587	502	156
5	403	162	163	157
5	402	169	388	158
5	253	161	162	159
5	396	188	359	160
5	388	169	170	161
5	1083	868	726	162
5	390	173	174	163
5	484	393	398	164
5	356	195	196	165
5	380	122	123	166
5	432	373	136	167
5	375	126	127	168
5	412	128	382	169
5	357	150	151	170
5	355	144	252	171
5	364	141	142	172
5	624	483	375	173
5	435	139	273	174
5	482	479	406	175
5	424	110	351	176
5	623	412	382	177
5	595	501	352	178
5	325	259	102	179
5	328	46	296	180
5	269	96	97	181
5	1361	1264	1068	182
5	530	286	462	183
5	550	306	421	184
5	251	38	39	185
5	423	103	104	186
5	350	99	266	187
5	693	451	510	188
5	483	411	375	189
5	352	114	115	190
5	633	478	424	191
5	444	150	357	192
5	427	117	367	193
5	588	395	365	194
5	385	154	261	195
5	655	491	587	196
5	369	186	360	197
5	581	431	485	198
5	386	165	166	199
5	5232	5214	5229	200
5	508	503	443	201
5	5232	5226	5214	202
5	1099	878	1090	203
5	5231	207	5222	204
5	5231	206	207	205
5	5230	5210	5219	206
5	5230	5213	5210	207
5	5229	5199	5213	208
5	5229	5214	5199	209
5	5228	204	205	210
5	5228	5217	204	211
5	5225	5219	5200	212
5	5225	249	5219	213
5	5232	5229	202	214
5	5232	202	203	215
5	5227	247	248	216
5	5227	5196	5212	217
5	5224	5195	5209	218
5	5224	5202	5195	219
5	5223	225	226	220
5	5223	5220	225	221
5	5224	5228	205	222
5	5231	205	206	223
5	5221	5173	5203	224
5	5221	5201	5173	225
5	5220	5211	225	226
5	5220	5181	5211	227
5	5230	200	201	228
5	5230	5229	5213	229
5	5219	5210	5191	230
5	5225	5218	248	231
5	5231	5202	5224	232
5	5231	5222	5202	233
5	5216	227	228	234
5	5216	5208	227	235
5	5215	207	208	236
5	5222	5206	5189	237
5	5232	203	5226	238
5	5230	201	5229	239
5	5214	5205	5174	240
5	5229	201	202	241
5	5212	246	247	242
5	5221	246	5212	243
5	5211	5180	224	244
5	5211	5181	5180	245
5	5210	5152	5191	246
5	5210	5190	5152	247
5	5231	5224	205	248
5	5228	5224	5209	249
5	5223	5208	5185	250
5	5223	226	227	251
5	5207	5180	5166	252
5	5207	223	5180	253
5	5222	5189	5202	254
5	5222	5215	5206	255
5	5226	5205	5214	256
5	5217	5188	5205	257
5	5197	229	230	258
5	5197	5179	229	259
5	5203	5163	5193	260
5	5203	5173	5163	261
5	5215	208	209	262
5	5222	207	5215	263
5	5221	5212	5201	264
5	5221	245	246	265
5	5230	5219	200	266
5	5219	249	200	267
5	5205	5154	5174	268
5	5226	5217	5205	269
5	5198	221	222	270
5	5198	5186	221	271
5	5197	5121	5179	272
5	5197	5088	5121	273
5	5212	5196	5170	274
5	5201	5170	5145	275
5	5195	5140	5169	276
5	5195	5157	5140	277
5	5192	241	5168	278
5	5192	240	241	279
5	5193	5160	243	280
5	5193	5163	5160	281
5	5223	5185	5220	282
5	5211	224	225	283
5	5213	5199	5190	284
5	5225	248	249	285
5	5184	5150	218	286
5	5184	5127	5150	287
5	5183	212	5155	288
5	5183	211	212	289
5	5228	5209	5217	290
5	5209	5169	5188	291
5	5187	241	242	292
5	5187	5160	5139	293
5	5186	220	221	294
5	5186	5151	220	295
5	5220	5185	5161	296
5	5220	5161	5181	297
5	5184	219	5151	298
5	5184	5151	5127	299
5	5183	5155	5125	300
5	5149	210	211	301
5	5190	5113	5152	302
5	5182	5112	5162	303
5	5223	227	5208	304
5	5181	5167	5147	305
5	5180	223	224	306
5	5207	5166	5194	307
5	5216	5179	5177	308
5	5179	5158	5177	309
5	5178	5156	5135	310
5	5178	215	5156	311
5	5177	5158	5130	312
5	5179	228	229	313
5	5191	5129	5143	314
5	5227	5212	247	315
5	5204	5142	5175	316
5	5204	214	5178	317
5	5174	5118	5146	318
5	5174	5154	5118	319
5	5171	5144	238	320
5	5171	5116	5144	321
5	5171	5148	5116	322
5	5172	216	217	323
5	5171	238	239	324
5	5172	217	5150	325
5	5176	5133	5153	326
5	5218	5176	5196	327
5	5202	5189	5157	328
5	5226	204	5217	329
5	5194	5166	5131	330
5	5192	5138	5148	331
5	5167	5134	5122	332
5	5167	5161	5134	333
5	5166	5096	5131	334
5	5166	5147	5096	335
5	5165	5091	5123	336
5	5165	5130	5091	337
5	5198	5194	5164	338
5	5207	222	223	339
5	5201	5145	5173	340
5	5203	5193	244	341
5	5162	5108	5128	342
5	5162	5112	5108	343
5	5181	5147	5180	344
5	5208	5165	5185	345
5	5208	5177	5165	346
5	5216	5177	5208	347
5	5159	5087	5111	348
5	5159	5115	5087	349
5	5158	5105	5130	350
5	5192	5168	5138	351
5	5189	5114	5157	352
5	5206	5128	5189	353
5	5192	5148	240	354
5	5148	239	240	355
5	5155	5090	5125	356
5	5155	5132	5090	357
5	5154	5101	5118	358
5	5154	5119	5101	359
5	5153	5082	5124	360
5	5153	5133	5082	361
5	5191	5152	5129	362
5	5227	248	5218	363
5	5164	5107	5137	364
5	5151	219	220	365
5	5184	218	219	366
5	5150	217	218	367
5	5217	5209	5188	368
5	5182	5162	209	369
5	5178	214	215	370
5	5148	5138	5086	371
5	5207	5194	222	372
5	5147	5122	5096	373
5	5199	5174	5146	374
5	5219	5191	5200	375
5	5145	5098	5126	376
5	5145	5124	5098	377
5	5144	237	238	378
5	5144	5115	237	379
5	5152	5076	5129	380
5	5200	5191	5143	381
5	5175	5155	212	382
5	5183	5149	211	383
5	5141	5094	5061	384
5	5141	5121	5094	385
5	5215	5162	5206	386
5	5214	5174	5199	387
5	5139	5102	5100	388
5	5139	5120	5102	389
5	5187	242	243	390
5	5194	5131	5164	391
5	5198	5164	5186	392
5	5186	5164	5137	393
5	5197	5136	5088	394
5	5197	230	5136	395
5	5135	5047	5093	396
5	5135	5092	5047	397
5	5167	5122	5147	398
5	438	198	199	399
5	5161	5106	5134	400
5	1036	844	843	401
5	307	86	87	402
5	661	506	199	403
5	5189	5128	5114	404
5	508	443	356	405
5	5112	5074	5108	406
5	685	657	503	407
5	5156	5092	5135	408
5	508	356	507	409
5	5204	5178	5142	410
5	659	438	506	411
5	5161	5123	5106	412
5	439	356	196	413
5	5187	5139	5168	414
5	443	195	356	415
5	5177	5130	5165	416
5	485	431	433	417
5	5185	5123	5161	418
5	660	517	543	419
5	5129	5071	5081	420
5	385	153	154	421
5	5129	5076	5071	422
5	661	199	515	423
5	5190	5146	5113	424
5	5188	5169	5119	425
5	5186	5137	5151	426
5	354	121	122	427
5	5182	210	5149	428
5	416	351	111	429
5	5170	5124	5145	430
5	1230	1086	1051	431
5	5203	244	245	432
5	410	132	275	433
5	5183	5125	5149	434
5	415	108	321	435
5	5182	5149	5112	436
5	347	101	259	437
5	5124	5045	5098	438
5	318	89	284	439
5	5124	5082	5045	440
5	425	106	277	441
5	5187	5168	241	442
5	578	347	452	443
5	5180	5147	5166	444
5	325	102	103	445
5	5134	5097	5109	446
5	473	464	312	447
5	5134	5109	5122	448
5	769	737	516	449
5	5179	5121	5158	450
5	5158	5121	5141	451
5	5160	5120	5139	452
5	347	100	101	453
5	5168	5100	5138	454
5	445	95	348	455
5	5140	5103	5056	456
5	671	579	645	457
5	5205	5188	5154	458
5	303	84	85	459
5	5146	5118	5089	460
5	445	336	94	461
5	5146	5089	5113	462
5	721	509	477	463
5	5117	5077	5046	464
5	320	92	93	465
5	5117	234	5077	466
5	335	83	84	467
5	5116	5086	5064	468
5	447	82	250	469
5	5138	5100	5070	470
5	764	754	540	471
5	5159	236	237	472
5	339	71	315	473
5	5159	237	5115	474
5	306	58	59	475
5	5169	5140	5085	476
5	5140	5056	5085	477
5	5113	5052	5076	478
5	292	31	32	479
5	5113	5089	5052	480
5	419	12	287	481
5	5159	5111	236	482
5	288	268	8	483
5	5111	235	236	484
5	293	2	3	485
5	5128	5084	5114	486
5	293	256	2	487
5	5111	5087	5057	488
5	1394	1257	1239	489
5	5110	5048	5092	490
5	340	199	0	491
5	5110	5079	5048	492
5	1218	517	853	493
5	5109	5049	5038	494
5	729	460	521	495
5	5109	5097	5049	496
5	746	543	518	497
5	5149	5099	5112	498
5	5209	5195	5169	499
5	5107	5020	5063	500
5	5107	5068	5020	501
5	312	80	279	502
5	762	562	555	503
5	460	263	267	504
5	670	470	454	505
5	273	139	140	506
5	641	588	365	507
5	384	159	160	508
5	261	154	155	509
5	304	55	302	510
5	573	332	466	511
5	742	537	741	512
5	1505	888	1371	513
5	256	255	1	514
5	256	1	2	515
5	330	30	257	516
5	472	345	295	517
5	346	36	258	518
5	260	32	33	519
5	511	456	320	520
5	452	259	451	521
5	329	34	265	522
5	292	32	260	523
5	813	617	667	524
5	349	151	152	525
5	521	460	267	526
5	726	515	340	527
5	263	262	5	528
5	263	5	6	529
5	264	261	155	530
5	264	155	156	531
5	329	33	34	532
5	265	34	35	533
5	510	325	423	534
5	514	284	467	535
5	267	263	6	536
5	267	6	7	537
5	268	267	7	538
5	268	7	8	539
5	452	347	259	540
5	509	418	425	541
5	476	330	459	542
5	422	296	47	543
5	326	26	271	544
5	317	22	276	545
5	420	27	28	546
5	272	28	29	547
5	480	400	390	548
5	374	275	133	549
5	570	474	254	550
5	276	22	23	551
5	590	519	252	552
5	374	133	134	553
5	575	343	308	554
5	278	20	21	555
5	415	107	108	556
5	625	321	478	557
5	565	557	294	558
5	557	316	294	559
5	466	332	417	560
5	563	540	300	561
5	642	441	316	562
5	471	251	270	563
5	281	269	97	564
5	281	97	98	565
5	309	16	283	566
5	470	265	346	567
5	309	15	16	568
5	283	16	17	569
5	307	87	301	570
5	675	568	456	571
5	333	43	44	572
5	314	44	45	573
5	286	276	23	574
5	286	23	24	575
5	528	462	274	576
5	533	455	280	577
5	324	10	289	578
5	535	323	282	579
5	324	9	10	580
5	289	10	11	581
5	498	466	417	582
5	310	290	73	583
5	291	280	19	584
5	291	19	20	585
5	938	928	741	586
5	537	468	287	587
5	534	283	322	588
5	521	267	268	589
5	514	318	284	590
5	297	50	51	591
5	422	47	48	592
5	296	46	47	593
5	644	307	536	594
5	573	341	332	595
5	298	48	49	596
5	299	50	297	597
5	505	315	290	598
5	422	48	298	599
5	299	298	49	600
5	299	49	50	601
5	310	73	74	602
5	448	75	300	603
5	913	671	859	604
5	1110	871	1094	605
5	304	54	55	606
5	304	285	54	607
5	442	86	307	608
5	442	85	86	609
5	576	343	575	610
5	665	534	652	611
5	343	62	308	612
5	344	64	65	613
5	556	314	328	614
5	338	58	306	615
5	442	303	85	616
5	467	284	337	617
5	343	61	62	618
5	343	305	61	619
5	497	334	251	620
5	497	251	471	621
5	701	547	662	622
5	532	447	516	623
5	332	67	68	624
5	449	64	344	625
5	313	77	78	626
5	331	76	77	627
5	469	290	310	628
5	331	77	313	629
5	455	322	280	630
5	333	44	314	631
5	339	70	71	632
5	339	311	70	633
5	524	263	460	634
5	441	41	316	635
5	317	278	21	636
5	317	21	22	637
5	318	301	88	638
5	318	88	89	639
5	319	293	3	640
5	319	3	4	641
5	337	284	90	642
5	446	92	320	643
5	415	277	107	644
5	321	108	109	645
5	322	283	17	646
5	322	17	18	647
5	323	287	13	648
5	323	13	14	649
5	552	283	534	650
5	538	289	419	651
5	423	104	418	652
5	694	625	478	653
5	326	274	25	654
5	326	25	26	655
5	341	67	332	656
5	344	65	327	657
5	328	314	45	658
5	328	45	46	659
5	734	677	462	660
5	459	330	257	661
5	330	272	29	662
5	330	29	30	663
5	562	313	555	664
5	498	417	311	665
5	341	66	67	666
5	341	327	66	667
5	468	419	287	668
5	1362	1084	1218	669
5	334	258	37	670
5	334	37	38	671
5	897	675	861	672
5	540	448	300	673
5	336	320	93	674
5	336	93	94	675
5	547	318	514	676
5	768	567	566	677
5	756	520	651	678
5	461	421	305	679
5	652	534	455	680
5	746	660	543	681
5	753	741	535	682
5	1043	889	916	683
5	550	421	461	684
5	643	270	441	685
5	342	313	78	686
5	342	78	79	687
5	575	308	453	688
5	474	302	254	689
5	556	328	520	690
5	449	308	63	691
5	345	297	51	692
5	345	51	52	693
5	346	265	35	694
5	346	35	36	695
5	692	465	647	696
5	347	266	100	697
5	445	94	95	698
5	725	536	701	699
5	407	153	385	700
5	618	407	617	701
5	350	281	98	702
5	350	98	99	703
5	424	109	110	704
5	351	110	111	705
5	413	114	352	706
5	416	112	353	707
5	478	321	424	708
5	496	371	429	709
5	426	367	118	710
5	372	352	115	711
5	378	143	355	712
5	436	140	141	713
5	807	611	806	714
5	359	188	189	715
5	495	383	410	716
5	591	364	378	717
5	783	584	782	718
5	493	410	275	719
5	489	398	361	720
5	394	185	369	721
5	992	880	704	722
5	365	181	182	723
5	605	391	400	724
5	392	178	179	725
5	362	358	148	726
5	362	148	149	727
5	834	450	635	728
5	799	708	504	729
5	603	387	404	730
5	436	141	364	731
5	366	179	180	732
5	392	361	178	733
5	608	480	390	734
5	392	179	366	735
5	426	119	371	736
5	626	353	580	737
5	368	359	189	738
5	368	189	190	739
5	370	183	184	740
5	437	182	183	741
5	839	640	593	742
5	437	183	370	743
5	426	118	119	744
5	371	119	120	745
5	501	413	352	746
5	627	351	416	747
5	428	135	373	748
5	599	380	414	749
5	718	598	689	750
5	824	626	823	751
5	379	124	125	752
5	414	124	379	753
5	432	136	137	754
5	376	137	138	755
5	377	363	146	756
5	377	146	147	757
5	378	364	142	758
5	378	142	143	759
5	600	481	354	760
5	686	583	487	761
5	816	620	619	762
5	689	598	483	763
5	408	156	157	764
5	408	264	156	765
5	412	127	128	766
5	382	128	129	767
5	409	129	130	768
5	383	130	131	769
5	405	158	159	770
5	405	381	158	771
5	407	152	153	772
5	407	349	152	773
5	604	389	402	774
5	640	370	593	775
5	609	391	605	776
5	403	163	387	777
5	389	167	168	778
5	401	166	167	779
5	604	402	601	780
5	401	167	389	781
5	391	171	172	782
5	399	170	171	783
5	479	384	406	784
5	399	171	391	785
5	606	504	392	786
5	593	370	394	787
5	397	174	175	788
5	397	390	174	789
5	394	370	184	790
5	394	184	185	791
5	395	366	180	792
5	395	180	181	793
5	396	360	187	794
5	396	187	188	795
5	620	523	264	796
5	615	384	479	797
5	398	393	176	798
5	398	176	177	799
5	482	406	253	800
5	614	253	403	801
5	400	391	172	802
5	400	172	173	803
5	605	400	480	804
5	489	484	398	805
5	402	389	168	806
5	402	168	169	807
5	974	788	732	808
5	622	382	409	809
5	404	387	164	810
5	404	164	165	811
5	494	376	435	812
5	621	409	383	813
5	406	384	160	814
5	406	160	161	815
5	638	436	364	816
5	583	362	444	817
5	487	444	357	818
5	583	444	487	819
5	636	376	494	820
5	617	407	385	821
5	410	383	131	822
5	410	131	132	823
5	411	379	125	824
5	411	125	126	825
5	529	428	373	826
5	634	426	371	827
5	413	353	113	828
5	413	113	114	829
5	414	380	123	830
5	414	123	124	831
5	580	413	501	832
5	509	425	477	833
5	496	429	481	834
5	527	378	355	835
5	417	332	68	836
5	417	68	69	837
5	423	325	103	838
5	418	104	105	839
5	419	289	11	840
5	419	11	12	841
5	534	322	455	842
5	533	280	291	843
5	421	306	59	844
5	421	59	60	845
5	574	327	341	846
5	646	449	344	847
5	632	418	509	848
5	861	675	669	849
5	624	375	412	850
5	500	414	379	851
5	425	418	105	852
5	425	105	106	853
5	595	372	594	854
5	690	594	450	855
5	427	372	116	856
5	427	116	117	857
5	428	374	134	858
5	428	134	135	859
5	429	371	120	860
5	429	120	121	861
5	430	368	190	862
5	430	190	191	863
5	431	430	191	864
5	431	191	192	865
5	494	435	486	866
5	639	486	273	867
5	433	431	192	868
5	433	192	193	869
5	434	433	193	870
5	434	193	194	871
5	435	376	138	872
5	435	138	139	873
5	601	402	388	874
5	602	404	386	875
5	867	506	661	876
5	812	616	615	877
5	439	196	197	878
5	440	198	438	879
5	592	395	588	880
5	586	368	492	881
5	440	439	197	882
5	440	197	198	883
5	539	521	268	884
5	541	292	260	885
5	473	312	279	886
5	532	473	279	887
5	443	434	194	888
5	443	194	195	889
5	444	362	149	890
5	444	149	150	891
5	951	767	751	892
5	1051	856	915	893
5	446	337	91	894
5	446	91	92	895
5	447	279	81	896
5	447	81	82	897
5	448	310	74	898
5	448	74	75	899
5	526	295	285	900
5	569	306	550	901
5	450	427	367	902
5	635	450	367	903
5	884	790	690	904
5	791	781	501	905
5	978	793	977	906
5	902	702	717	907
5	646	453	449	908
5	577	344	327	909
5	454	346	258	910
5	497	458	334	911
5	628	272	476	912
5	629	463	271	913
5	456	446	320	914
5	951	751	856	915
5	457	385	261	916
5	523	457	261	917
5	458	454	258	918
5	458	258	334	919
5	476	272	330	920
5	462	286	274	921
5	825	628	476	922
5	736	475	531	923
5	548	302	474	924
5	544	345	472	925
5	528	326	463	926
5	679	524	666	927
5	528	274	326	928
5	463	326	271	929
5	464	342	312	930
5	775	498	572	931
5	465	348	269	932
5	698	512	513	933
5	754	554	540	934
5	737	532	516	935
5	567	250	335	936
5	532	279	447	937
5	539	268	288	938
5	538	419	468	939
5	572	498	311	940
5	505	290	469	941
5	561	541	260	942
5	542	257	292	943
5	843	643	642	944
5	631	520	296	945
5	544	297	345	946
5	520	328	296	947
5	701	536	547	948
5	536	307	301	949
5	548	304	302	950
5	526	472	295	951
5	531	317	522	952
5	533	291	475	953
5	628	420	272	954
5	629	271	420	955
5	477	425	277	956
5	499	477	277	957
5	499	277	415	958
5	698	513	578	959
5	615	405	384	960
5	523	261	264	961
5	610	601	388	962
5	862	707	655	963
5	635	426	634	964
5	634	371	496	965
5	705	479	482	966
5	792	597	687	967
5	598	411	483	968
5	600	354	380	969
5	607	397	393	970
5	608	390	397	971
5	808	797	602	972
5	488	394	369	973
5	596	493	275	974
5	596	275	374	975
5	590	252	363	976
5	519	355	252	977
5	988	802	801	978
5	587	360	396	979
5	798	592	789	980
5	800	607	484	981
5	490	485	433	982
5	490	433	434	983
5	491	488	369	984
5	491	369	360	985
5	502	396	359	986
5	587	491	360	987
5	730	457	523	988
5	495	410	493	989
5	711	529	637	990
5	597	428	529	991
5	835	636	710	992
5	621	383	495	993
5	822	689	483	994
5	635	367	426	995
5	771	570	569	996
5	770	569	550	997
5	571	315	505	998
5	776	466	716	999
5	717	625	694	1000
5	901	852	695	1001
5	821	623	820	1002
5	599	414	500	1003
5	627	416	626	1004
5	626	416	353	1005
5	706	581	654	1006
5	587	396	502	1007
5	503	490	434	1008
5	503	434	443	1009
5	504	489	361	1010
5	504	361	392	1011
5	571	339	315	1012
5	572	311	339	1013
5	506	438	199	1014
5	943	917	743	1015
5	685	503	508	1016
5	910	681	850	1017
5	654	485	653	1018
5	987	801	800	1019
5	663	578	452	1020
5	852	663	695	1021
5	1199	1020	1198	1022
5	724	647	525	1023
5	698	578	663	1024
5	722	632	656	1025
5	859	692	847	1026
5	525	281	512	1027
5	513	512	350	1028
5	513	350	266	1029
5	566	335	303	1030
5	516	447	250	1031
5	1219	658	1080	1032
5	515	199	340	1033
5	1038	845	780	1034
5	551	303	442	1035
5	668	256	517	1036
5	868	661	515	1037
5	543	517	293	1038
5	518	319	262	1039
5	584	362	583	1040
5	527	355	519	1041
5	545	297	544	1042
5	631	296	422	1043
5	740	652	455	1044
5	752	552	665	1045
5	531	278	317	1046
5	522	317	276	1047
5	616	405	615	1048
5	782	584	583	1049
5	524	518	262	1050
5	524	262	263	1051
5	525	465	269	1052
5	525	269	281	1053
5	549	304	548	1054
5	757	556	756	1055
5	839	593	683	1056
5	591	378	527	1057
5	665	552	534	1058
5	742	696	468	1059
5	637	432	636	1060
5	637	373	432	1061
5	530	522	276	1062
5	530	276	286	1063
5	874	700	731	1064
5	747	544	700	1065
5	673	662	514	1066
5	773	505	699	1067
5	829	631	630	1068
5	765	565	564	1069
5	553	535	282	1070
5	537	287	323	1071
5	553	309	552	1072
5	537	323	535	1073
5	567	335	566	1074
5	566	303	551	1075
5	760	560	672	1076
5	744	542	541	1077
5	559	539	288	1078
5	558	289	538	1079
5	559	324	558	1080
5	759	559	758	1081
5	554	310	448	1082
5	554	469	310	1083
5	561	329	560	1084
5	542	292	541	1085
5	674	522	530	1086
5	1017	828	748	1087
5	889	758	728	1088
5	1528	1266	1364	1089
5	545	299	297	1090
5	630	422	298	1091
5	748	546	545	1092
5	546	299	545	1093
5	844	714	471	1094
5	630	298	546	1095
5	547	536	301	1096
5	547	301	318	1097
5	549	285	304	1098
5	549	526	285	1099
5	700	544	472	1100
5	715	678	458	1101
5	569	338	306	1102
5	570	254	338	1103
5	751	551	644	1104
5	567	516	250	1105
5	553	282	309	1106
5	552	309	283	1107
5	745	459	542	1108
5	672	560	470	1109
5	780	577	574	1110
5	776	573	466	1111
5	562	331	313	1112
5	563	300	331	1113
5	763	562	762	1114
5	738	473	532	1115
5	565	333	564	1116
5	642	316	557	1117
5	559	288	324	1118
5	558	324	289	1119
5	679	518	524	1120
5	753	553	752	1121
5	561	260	329	1122
5	560	329	265	1123
5	746	518	679	1124
5	734	528	733	1125
5	953	769	768	1126
5	563	331	562	1127
5	846	453	646	1128
5	699	505	469	1129
5	565	294	333	1130
5	564	333	314	1131
5	777	574	573	1132
5	845	646	577	1133
5	1086	856	1051	1134
5	723	511	579	1135
5	723	579	671	1136
5	669	456	511	1137
5	568	467	337	1138
5	568	337	446	1139
5	761	744	541	1140
5	570	338	569	1141
5	750	549	749	1142
5	1667	1374	1548	1143
5	1136	946	1047	1144
5	572	339	571	1145
5	676	550	461	1146
5	846	649	453	1147
5	773	571	505	1148
5	574	341	573	1149
5	1142	954	953	1150
5	577	327	574	1151
5	576	305	343	1152
5	576	461	305	1153
5	1037	714	844	1154
5	829	651	631	1155
5	1039	846	845	1156
5	646	344	577	1157
5	578	513	266	1158
5	578	266	347	1159
5	579	511	336	1160
5	579	336	445	1161
5	790	594	690	1162
5	633	351	627	1163
5	581	492	430	1164
5	581	430	431	1165
5	582	487	357	1166
5	582	357	349	1167
5	584	358	362	1168
5	589	363	377	1169
5	712	495	493	1170
5	585	358	584	1171
5	688	494	486	1172
5	589	377	585	1173
5	586	502	359	1174
5	586	359	368	1175
5	1092	867	661	1176
5	802	703	480	1177
5	592	366	395	1178
5	606	392	366	1179
5	1030	905	688	1180
5	590	363	589	1181
5	840	641	640	1182
5	1154	968	910	1183
5	803	605	703	1184
5	638	364	591	1185
5	789	592	588	1186
5	606	366	592	1187
5	640	437	370	1188
5	641	365	437	1189
5	595	352	372	1190
5	594	372	427	1191
5	794	500	718	1192
5	796	481	600	1193
5	787	519	590	1194
5	838	688	486	1195
5	597	596	374	1196
5	597	374	428	1197
5	598	500	379	1198
5	598	379	411	1199
5	793	596	792	1200
5	600	380	599	1201
5	821	624	623	1202
5	793	712	493	1203
5	612	602	386	1204
5	613	403	387	1205
5	611	389	604	1206
5	603	404	602	1207
5	683	593	488	1208
5	613	387	603	1209
5	611	401	389	1210
5	612	386	401	1211
5	609	399	391	1212
5	610	388	399	1213
5	681	586	492	1214
5	707	491	655	1215
5	803	609	605	1216
5	608	397	607	1217
5	840	640	839	1218
5	983	798	789	1219
5	708	489	504	1220
5	610	399	609	1221
5	812	615	684	1222
5	684	615	479	1223
5	810	614	613	1224
5	612	401	611	1225
5	1032	840	839	1226
5	801	608	607	1227
5	709	489	708	1228
5	614	403	613	1229
5	788	527	732	1230
5	682	487	582	1231
5	616	381	405	1232
5	620	264	408	1233
5	1026	834	1025	1234
5	619	381	616	1235
5	618	349	407	1236
5	618	582	349	1237
5	686	487	682	1238
5	782	583	686	1239
5	732	527	519	1240
5	620	408	619	1241
5	787	732	519	1242
5	785	589	585	1243
5	687	597	529	1244
5	622	409	621	1245
5	820	623	622	1246
5	623	382	622	1247
5	1001	813	877	1248
5	624	412	623	1249
5	713	496	481	1250
5	702	477	499	1251
5	625	499	415	1252
5	625	415	321	1253
5	781	580	501	1254
5	633	424	351	1255
5	911	702	902	1256
5	721	477	702	1257
5	826	628	825	1258
5	629	420	628	1259
5	827	733	463	1260
5	883	666	729	1261
5	651	520	631	1262
5	631	422	630	1263
5	715	497	714	1264
5	740	455	533	1265
5	632	510	423	1266
5	632	423	418	1267
5	791	595	790	1268
5	831	478	633	1269
5	718	500	598	1270
5	796	713	481	1271
5	831	633	830	1272
5	1007	819	818	1273
5	637	529	373	1274
5	636	432	376	1275
5	813	618	617	1276
5	836	638	591	1277
5	797	603	602	1278
5	639	436	638	1279
5	811	705	482	1280
5	705	684	479	1281
5	903	684	705	1282
5	641	437	640	1283
5	654	581	485	1284
5	817	730	523	1285
5	649	575	453	1286
5	643	441	642	1287
5	778	575	649	1288
5	770	550	676	1289
5	644	551	442	1290
5	644	442	307	1291
5	645	579	445	1292
5	645	445	348	1293
5	950	766	765	1294
5	937	752	855	1295
5	695	452	451	1296
5	1220	1045	1048	1297
5	648	548	474	1298
5	772	648	474	1299
5	778	576	575	1300
5	772	474	570	1301
5	650	476	459	1302
5	745	650	459	1303
5	756	556	520	1304
5	844	471	643	1305
5	735	522	674	1306
5	759	743	539	1307
5	1219	507	658	1308
5	863	685	849	1309
5	1069	983	1031	1310
5	1318	1171	1317	1311
5	719	586	681	1312
5	784	655	587	1313
5	656	632	509	1314
5	721	656	509	1315
5	657	653	490	1316
5	657	490	503	1317
5	658	507	439	1318
5	658	439	440	1319
5	691	438	659	1320
5	691	440	438	1321
5	1063	942	889	1322
5	909	891	678	1323
5	668	255	256	1324
5	868	515	726	1325
5	662	547	514	1326
5	1115	1079	873	1327
5	695	451	693	1328
5	1022	694	831	1329
5	664	555	464	1330
5	738	532	737	1331
5	696	538	468	1332
5	666	524	460	1333
5	728	538	696	1334
5	758	558	728	1335
5	667	617	457	1336
5	730	667	457	1337
5	853	517	660	1338
5	727	255	668	1339
5	673	514	467	1340
5	675	456	669	1341
5	1018	829	828	1342
5	672	470	670	1343
5	723	669	511	1344
5	1012	781	976	1345
5	1086	951	856	1346
5	1040	875	649	1347
5	680	568	675	1348
5	680	467	568	1349
5	735	531	522	1350
5	739	533	475	1351
5	680	673	467	1352
5	915	856	725	1353
5	779	576	778	1354
5	779	676	461	1355
5	677	674	530	1356
5	677	530	462	1357
5	678	670	454	1358
5	678	454	458	1359
5	896	666	883	1360
5	1134	943	1133	1361
5	856	751	725	1362
5	915	701	871	1363
5	719	502	586	1364
5	784	502	719	1365
5	814	618	813	1366
5	814	582	618	1367
5	841	588	641	1368
5	703	605	480	1369
5	993	807	806	1370
5	704	604	601	1371
5	867	659	506	1372
5	720	685	508	1373
5	1028	837	836	1374
5	838	486	639	1375
5	710	494	688	1376
5	711	687	529	1377
5	710	636	494	1378
5	999	903	705	1379
5	818	495	712	1380
5	819	622	621	1381
5	832	496	713	1382
5	1202	1024	1023	1383
5	720	508	507	1384
5	691	658	440	1385
5	692	671	645	1386
5	692	645	465	1387
5	695	663	452	1388
5	1267	1109	914	1389
5	823	580	781	1390
5	830	633	627	1391
5	1107	902	1054	1392
5	901	695	693	1393
5	728	558	538	1394
5	729	666	460	1395
5	697	664	464	1396
5	697	464	473	1397
5	724	512	698	1398
5	724	525	512	1399
5	755	554	754	1400
5	716	466	498	1401
5	747	545	544	1402
5	828	630	546	1403
5	725	644	536	1404
5	738	697	473	1405
5	1198	1020	1013	1406
5	864	693	722	1407
5	805	704	601	1408
5	806	604	704	1409
5	804	609	803	1410
5	1366	1224	1264	1411
5	809	603	797	1412
5	995	808	994	1413
5	706	681	492	1414
5	706	492	581	1415
5	707	683	488	1416
5	707	488	491	1417
5	709	484	489	1418
5	802	480	608	1419
5	995	797	808	1420
5	800	484	709	1421
5	991	805	804	1422
5	993	806	880	1423
5	865	812	684	1424
5	1002	812	865	1425
5	818	621	495	1426
5	820	622	819	1427
5	832	634	496	1428
5	833	635	634	1429
5	715	458	497	1430
5	714	497	471	1431
5	925	739	736	1432
5	921	735	674	1433
5	774	571	773	1434
5	775	716	498	1435
5	717	702	499	1436
5	717	499	625	1437
5	794	599	500	1438
5	795	600	599	1439
5	910	719	681	1440
5	1032	839	879	1441
5	1070	1032	879	1442
5	1068	857	863	1443
5	1021	831	830	1444
5	1026	884	690	1445
5	722	693	510	1446
5	722	510	632	1447
5	1253	1102	1225	1448
5	1258	1059	1082	1449
5	1221	1059	852	1450
5	1057	698	663	1451
5	954	737	769	1452
5	1060	913	859	1453
5	1222	1093	868	1454
5	1061	888	932	1455
5	727	726	340	1456
5	727	340	255	1457
5	893	670	891	1458
5	930	745	744	1459
5	922	735	921	1460
5	1289	1124	1064	1461
5	815	616	812	1462
5	1062	900	905	1463
5	731	700	472	1464
5	731	472	526	1465
5	788	591	527	1466
5	837	639	638	1467
5	734	462	528	1468
5	733	528	463	1469
5	941	757	756	1470
5	1015	826	1014	1471
5	855	752	665	1472
5	736	531	735	1473
5	938	753	937	1474
5	739	475	736	1475
5	767	551	751	1476
5	875	778	649	1477
5	958	872	648	1478
5	960	774	959	1479
5	929	742	928	1480
5	740	533	739	1481
5	1407	1228	1294	1482
5	1810	1652	1504	1483
5	742	468	537	1484
5	741	537	535	1485
5	855	665	854	1486
5	1014	826	825	1487
5	743	729	521	1488
5	743	521	539	1489
5	761	561	760	1490
5	745	542	744	1491
5	1019	651	829	1492
5	935	750	749	1493
5	1139	941	1076	1494
5	1120	854	927	1495
5	931	650	745	1496
5	748	545	747	1497
5	1014	825	869	1498
5	828	546	748	1499
5	750	526	549	1500
5	750	731	526	1501
5	920	885	677	1502
5	927	652	740	1503
5	767	566	551	1504
5	769	516	567	1505
5	753	535	553	1506
5	752	553	552	1507
5	929	916	696	1508
5	1213	1035	1212	1509
5	755	469	554	1510
5	755	699	469	1511
5	948	754	764	1512
5	939	755	754	1513
5	757	564	556	1514
5	766	557	565	1515
5	941	756	851	1516
5	765	564	757	1517
5	759	539	559	1518
5	758	559	558	1519
5	1120	1085	854	1520
5	922	736	735	1521
5	761	541	561	1522
5	760	561	560	1523
5	956	771	770	1524
5	935	749	872	1525
5	763	563	562	1526
5	764	540	563	1527
5	959	774	773	1528
5	764	563	763	1529
5	963	777	776	1530
5	961	775	960	1531
5	891	670	678	1532
5	766	565	765	1533
5	1035	843	842	1534
5	842	557	766	1535
5	915	725	701	1536
5	768	566	767	1537
5	948	939	754	1538
5	769	567	768	1539
5	947	763	946	1540
5	1040	649	846	1541
5	872	749	648	1542
5	771	569	770	1543
5	956	770	955	1544
5	772	570	771	1545
5	965	778	875	1546
5	957	772	771	1547
5	774	572	571	1548
5	775	572	774	1549
5	952	767	951	1550
5	859	671	692	1551
5	871	701	662	1552
5	923	738	737	1553
5	873	664	697	1554
5	777	573	776	1555
5	873	848	664	1556
5	780	574	777	1557
5	779	461	576	1558
5	933	747	700	1559
5	1127	935	1067	1560
5	934	748	747	1561
5	946	763	762	1562
5	845	577	780	1563
5	823	626	580	1564
5	824	627	626	1565
5	783	585	584	1566
5	786	590	589	1567
5	1029	838	837	1568
5	785	585	783	1569
5	986	709	904	1570
5	985	904	708	1571
5	967	782	858	1572
5	786	589	785	1573
5	970	783	967	1574
5	787	590	786	1575
5	900	835	710	1576
5	973	732	787	1577
5	1011	689	822	1578
5	836	591	788	1579
5	798	606	592	1580
5	799	504	606	1581
5	791	501	595	1582
5	790	595	594	1583
5	1008	820	819	1584
5	1020	830	824	1585
5	793	493	596	1586
5	792	596	597	1587
5	1027	836	788	1588
5	906	835	900	1589
5	981	795	980	1590
5	795	599	794	1591
5	1020	824	1013	1592
5	796	600	795	1593
5	975	791	790	1594
5	976	791	975	1595
5	809	613	603	1596
5	811	482	614	1597
5	1081	850	876	1598
5	799	606	798	1599
5	969	862	655	1600
5	1257	1081	1239	1601
5	898	803	703	1602
5	801	607	800	1603
5	904	709	708	1604
5	802	608	801	1605
5	878	707	862	1606
5	998	811	810	1607
5	804	610	609	1608
5	805	601	610	1609
5	880	806	704	1610
5	805	610	804	1611
5	989	898	703	1612
5	1078	857	1068	1613
5	807	612	611	1614
5	808	602	612	1615
5	1209	1029	1208	1616
5	808	612	807	1617
5	1182	1002	1073	1618
5	877	813	667	1619
5	1253	1056	1102	1620
5	810	613	809	1621
5	1004	817	816	1622
5	811	614	810	1623
5	903	865	684	1624
5	1159	972	971	1625
5	815	619	616	1626
5	817	523	620	1627
5	814	682	582	1628
5	971	786	785	1629
5	882	792	687	1630
5	1102	1056	901	1631
5	879	683	878	1632
5	816	619	815	1633
5	1002	815	812	1634
5	817	620	816	1635
5	907	882	687	1636
5	1006	818	712	1637
5	977	793	792	1638
5	819	621	818	1639
5	1025	834	833	1640
5	822	624	821	1641
5	1025	833	1024	1642
5	822	483	624	1643
5	1012	823	781	1644
5	975	790	884	1645
5	979	718	881	1646
5	981	796	795	1647
5	1013	823	1012	1648
5	979	794	718	1649
5	976	781	791	1650
5	830	627	824	1651
5	826	629	628	1652
5	827	463	629	1653
5	1019	829	1018	1654
5	827	629	826	1655
5	869	825	650	1656
5	894	760	672	1657
5	949	757	941	1658
5	829	630	828	1659
5	1037	908	714	1660
5	1145	955	1144	1661
5	1056	852	901	1662
5	911	721	702	1663
5	901	693	864	1664
5	902	717	860	1665
5	982	796	981	1666
5	833	634	832	1667
5	977	792	882	1668
5	834	635	833	1669
5	967	783	782	1670
5	1104	907	906	1671
5	835	711	637	1672
5	835	637	636	1673
5	978	712	793	1674
5	837	638	836	1675
5	1030	688	838	1676
5	838	639	837	1677
5	1003	815	1002	1678
5	878	683	707	1679
5	1367	1092	1265	1680
5	841	641	840	1681
5	984	798	983	1682
5	841	789	588	1683
5	1226	1090	1156	1684
5	876	706	654	1685
5	921	674	885	1686
5	843	642	842	1687
5	931	869	650	1688
5	844	643	843	1689
5	894	672	893	1690
5	909	715	908	1691
5	870	773	699	1692
5	846	646	845	1693
5	961	716	775	1694
5	959	773	870	1695
5	847	692	647	1696
5	914	647	724	1697
5	848	762	664	1698
5	1138	1131	939	1699
5	1044	691	659	1700
5	1686	1371	1519	1701
5	1154	910	1049	1702
5	857	653	657	1703
5	851	756	651	1704
5	1148	872	958	1705
5	1082	724	1058	1706
5	914	847	647	1707
5	1506	863	1042	1708
5	1083	726	727	1709
5	854	665	652	1710
5	927	854	652	1711
5	1101	891	909	1712
5	1260	1100	1228	1713
5	954	923	737	1714
5	1308	1152	1307	1715
5	876	850	706	1716
5	887	653	857	1717
5	858	782	686	1718
5	899	858	686	1719
5	1231	1045	1220	1720
5	1507	1408	1431	1721
5	860	717	694	1722
5	1336	1191	1335	1723
5	1369	1220	1271	1724
5	1598	1554	1440	1725
5	968	719	910	1726
5	1156	862	969	1727
5	863	857	657	1728
5	863	657	685	1729
5	1162	975	884	1730
5	1167	980	1166	1731
5	1005	918	730	1732
5	1278	1105	1104	1733
5	866	864	722	1734
5	866	722	656	1735
5	1406	1093	1222	1736
5	1264	1224	1078	1737
5	1527	1061	932	1738
5	1371	888	1227	1739
5	1016	919	733	1740
5	885	674	677	1741
5	940	755	939	1742
5	962	716	961	1743
5	1140	952	951	1744
5	1094	890	1041	1745
5	1217	875	1040	1746
5	955	770	676	1747
5	924	738	923	1748
5	924	697	738	1749
5	936	750	935	1750
5	933	700	874	1751
5	1150	960	1149	1752
5	958	648	772	1753
5	1171	985	1170	1754
5	1155	968	1154	1755
5	1077	905	1030	1756
5	899	686	682	1757
5	879	839	683	1758
5	1033	840	1032	1759
5	1078	887	857	1760
5	1171	904	985	1761
5	990	803	898	1762
5	996	797	995	1763
5	881	718	689	1764
5	1011	881	689	1765
5	1006	712	978	1766
5	1010	822	821	1767
5	1135	945	944	1768
5	917	883	729	1769
5	980	794	979	1770
5	1024	833	832	1771
5	920	734	919	1772
5	925	736	922	1773
5	1508	720	886	1774
5	886	720	507	1775
5	887	876	654	1776
5	887	654	653	1777
5	932	679	896	1778
5	932	746	679	1779
5	917	729	743	1780
5	942	758	889	1781
5	890	871	662	1782
5	890	662	673	1783
5	893	672	670	1784
5	945	930	744	1785
5	892	861	669	1786
5	892	669	723	1787
5	1113	921	885	1788
5	944	760	894	1789
5	1046	944	894	1790
5	1195	1111	919	1791
5	895	890	673	1792
5	895	673	680	1793
5	932	888	746	1794
5	896	679	666	1795
5	897	895	680	1796
5	897	680	675	1797
5	990	804	803	1798
5	992	704	805	1799
5	1071	1000	1001	1800
5	1206	1027	974	1801
5	906	711	835	1802
5	907	687	711	1803
5	1108	1055	912	1804
5	1221	852	1056	1805
5	912	656	721	1806
5	912	721	911	1807
5	994	807	993	1808
5	1180	996	1179	1809
5	986	800	709	1810
5	989	703	802	1811
5	905	900	710	1812
5	905	710	688	1813
5	1190	881	1011	1814
5	907	711	906	1815
5	1187	1009	1008	1816
5	1165	978	977	1817
5	909	678	715	1818
5	908	715	714	1819
5	1123	1066	931	1820
5	1119	927	926	1821
5	968	784	719	1822
5	969	655	784	1823
5	1335	1163	1313	1824
5	912	866	656	1825
5	1229	1087	1109	1826
5	1205	884	1026	1827
5	913	892	723	1828
5	913	723	671	1829
5	1091	864	866	1830
5	1060	1050	913	1831
5	1269	1140	1086	1832
5	1151	961	1150	1833
5	916	889	728	1834
5	916	728	696	1835
5	943	759	942	1836
5	1228	1100	1134	1837
5	918	877	667	1838
5	918	667	730	1839
5	920	677	734	1840
5	919	734	733	1841
5	1144	964	1095	1842
5	1217	1096	875	1843
5	1146	957	956	1844
5	926	740	739	1845
5	1238	1076	1197	1846
5	1195	919	1016	1847
5	924	873	697	1848
5	1321	1177	1176	1849
5	1153	966	963	1850
5	1290	1128	1247	1851
5	1283	1112	1111	1852
5	926	739	925	1853
5	1121	929	928	1854
5	927	740	926	1855
5	1129	937	1065	1856
5	1085	855	854	1857
5	929	696	742	1858
5	928	742	741	1859
5	1063	889	1043	1860
5	1133	942	1063	1861
5	945	761	944	1862
5	931	745	930	1863
5	1123	930	945	1864
5	1065	937	855	1865
5	1286	1117	1284	1866
5	1604	1461	1460	1867
5	1283	1113	1112	1868
5	934	747	933	1869
5	1194	1016	1015	1870
5	1017	748	934	1871
5	936	731	750	1872
5	936	874	731	1873
5	1125	933	874	1874
5	1139	949	941	1875
5	938	741	753	1876
5	937	753	752	1877
5	1130	1121	928	1878
5	1227	888	1061	1879
5	940	699	755	1880
5	940	870	699	1881
5	1131	940	939	1882
5	1052	959	870	1883
5	949	765	757	1884
5	1034	842	766	1885
5	943	743	759	1886
5	942	759	758	1887
5	1368	1227	1061	1888
5	1124	932	896	1889
5	945	744	761	1890
5	944	761	760	1891
5	1117	925	922	1892
5	1123	945	1135	1893
5	947	764	763	1894
5	948	764	947	1895
5	1297	1136	1244	1896
5	1106	908	1037	1897
5	1095	964	965	1898
5	1304	1144	1240	1899
5	1149	960	959	1900
5	950	765	949	1901
5	1320	1176	1175	1902
5	1034	766	950	1903
5	952	768	767	1904
5	953	768	952	1905
5	1089	892	1050	1906
5	1282	1094	1236	1907
5	1430	1280	1373	1908
5	954	769	953	1909
5	1137	947	1136	1910
5	1151	962	961	1911
5	1146	956	1145	1912
5	1212	950	1139	1913
5	1152	962	1151	1914
5	957	771	956	1915
5	1197	1017	1196	1916
5	958	772	957	1917
5	1340	1126	1290	1918
5	1196	1017	934	1919
5	960	775	774	1920
5	962	776	716	1921
5	1110	1051	915	1922
5	963	776	962	1923
5	1094	871	890	1924
5	966	780	777	1925
5	1140	951	1086	1926
5	1425	1282	1370	1927
5	1079	1047	848	1928
5	966	777	963	1929
5	964	955	676	1930
5	964	676	779	1931
5	965	964	779	1932
5	965	779	778	1933
5	1298	1293	1131	1934
5	1038	780	966	1935
5	970	785	783	1936
5	972	787	786	1937
5	1169	983	1069	1938
5	969	784	968	1939
5	1173	987	986	1940
5	1090	878	862	1941
5	1182	1003	1002	1942
5	971	785	970	1943
5	1183	918	1005	1944
5	972	786	971	1945
5	1259	1087	1229	1946
5	973	787	972	1947
5	1179	995	994	1948
5	974	732	973	1949
5	1074	880	1178	1950
5	1027	788	974	1951
5	1185	1007	1006	1952
5	1013	824	823	1953
5	1347	1201	1346	1954
5	1343	1199	1198	1955
5	1172	986	904	1956
5	1007	818	1006	1957
5	1160	973	972	1958
5	1008	819	1007	1959
5	980	795	794	1960
5	982	713	796	1961
5	1168	981	1167	1962
5	1023	832	713	1963
5	1191	1012	976	1964
5	1205	1162	884	1965
5	1332	1188	1331	1966
5	1023	713	982	1967
5	984	799	798	1968
5	985	708	799	1969
5	1310	1226	1156	1970
5	985	799	984	1971
5	1318	1173	1172	1972
5	1176	989	1175	1973
5	1169	984	983	1974
5	987	800	986	1975
5	1178	991	1177	1976
5	988	801	987	1977
5	1177	991	990	1978
5	989	802	988	1979
5	1174	988	987	1980
5	1310	1156	1155	1981
5	1181	1073	903	1982
5	991	804	990	1983
5	1175	989	988	1984
5	992	805	991	1985
5	1170	984	1169	1986
5	1157	970	967	1987
5	994	808	807	1988
5	999	705	811	1989
5	1172	904	1171	1990
5	997	810	809	1991
5	1161	974	973	1992
5	1207	1028	1027	1993
5	1075	967	858	1994
5	997	809	996	1995
5	1101	1046	893	1996
5	998	810	997	1997
5	1584	1430	1509	1998
5	999	811	998	1999
5	1073	865	903	2000
5	1183	1098	918	2001
5	1000	899	682	2002
5	1000	682	814	2003
5	1001	1000	814	2004
5	1001	814	813	2005
5	1003	816	815	2006
5	1005	730	817	2007
5	1181	903	999	2008
5	1004	816	1003	2009
5	1178	880	992	2010
5	1005	817	1004	2011
5	1073	1002	865	2012
5	1183	1004	1182	2013
5	1189	1011	1010	2014
5	1009	821	820	2015
5	1104	906	1103	2016
5	1334	1250	1053	2017
5	1166	980	979	2018
5	1009	820	1008	2019
5	1203	1025	1024	2020
5	1010	821	1009	2021
5	1191	976	1163	2022
5	1011	822	1010	2023
5	1166	979	1053	2024
5	1168	982	981	2025
5	1192	1013	1012	2026
5	1021	830	1020	2027
5	1201	982	1168	2028
5	1022	831	1021	2029
5	1015	827	826	2030
5	1016	733	827	2031
5	1046	894	893	2032
5	1016	827	1015	2033
5	1212	1034	950	2034
5	1128	936	1127	2035
5	1135	944	1046	2036
5	1018	828	1017	2037
5	1106	1101	909	2038
5	1019	851	651	2039
5	1076	941	851	2040
5	1212	1035	1034	2041
5	1415	1056	1253	2042
5	1163	975	1162	2043
5	1349	1203	1348	2044
5	1022	860	694	2045
5	1091	866	1055	2046
5	1055	866	912	2047
5	1192	1012	1191	2048
5	1024	832	1023	2049
5	1164	977	882	2050
5	1026	690	834	2051
5	1184	1006	978	2052
5	1103	900	1062	2053
5	1179	996	995	2054
5	1105	882	907	2055
5	1072	899	1000	2056
5	1028	836	1027	2057
5	1180	998	997	2058
5	1029	837	1028	2059
5	1105	907	1104	2060
5	1030	838	1029	2061
5	1103	906	900	2062
5	1188	1010	1009	2063
5	1031	983	789	2064
5	1031	789	841	2065
5	1033	841	840	2066
5	1033	1031	841	2067
5	1355	1211	1210	2068
5	1517	1470	1397	2069
5	1076	851	1019	2070
5	1035	842	1034	2071
5	1118	926	925	2072
5	1036	843	1035	2073
5	1066	869	931	2074
5	1037	844	1036	2075
5	1085	1065	855	2076
5	1122	929	1121	2077
5	1136	947	946	2078
5	1039	845	1038	2079
5	1214	1038	966	2080
5	1040	846	1039	2081
5	1149	959	1052	2082
5	1216	1040	1039	2083
5	1050	892	913	2084
5	1422	1270	1246	2085
5	1042	863	849	2086
5	1044	659	867	2087
5	1436	1289	1260	2088
5	1122	916	929	2089
5	1256	691	1044	2090
5	1080	658	691	2091
5	1045	1041	895	2092
5	1045	895	897	2093
5	1101	893	891	2094
5	1106	1037	1213	2095
5	1047	946	848	2096
5	1273	1051	1110	2097
5	1048	1045	897	2098
5	1048	897	861	2099
5	1049	910	850	2100
5	1326	1073	1181	2101
5	1089	861	892	2102
5	1089	1048	861	2103
5	1143	923	954	2104
5	1079	848	873	2105
5	1132	940	1131	2106
5	1290	1126	1125	2107
5	1053	979	881	2108
5	1190	1053	881	2109
5	1054	902	860	2110
5	1200	1088	1022	2111
5	1108	911	1107	2112
5	1270	1050	1246	2113
5	1102	864	1091	2114
5	1102	901	864	2115
5	1058	698	1057	2116
5	1058	724	698	2117
5	1082	914	724	2118
5	1258	1057	1059	2119
5	1059	1057	663	2120
5	1059	663	852	2121
5	1246	1050	1060	2122
5	1345	1200	1344	2123
5	1356	1243	1212	2124
5	1124	896	1064	2125
5	1405	1310	1376	2126
5	1077	1062	905	2127
5	1064	896	883	2128
5	1294	1133	1223	2129
5	1443	1295	1377	2130
5	1134	917	943	2131
5	1193	1015	1014	2132
5	1338	1195	1194	2133
5	1111	920	919	2134
5	1066	1014	869	2135
5	1067	935	872	2136
5	1148	1067	872	2137
5	1097	887	1078	2138
5	1081	1049	850	2139
5	1210	1032	1070	2140
5	1211	1031	1033	2141
5	1210	1033	1032	2142
5	1211	1069	1031	2143
5	1249	1079	1248	2144
5	1157	967	1075	2145
5	1312	1160	1311	2146
5	1072	1000	1071	2147
5	1071	1001	877	2148
5	1182	1004	1003	2149
5	1181	998	1180	2150
5	1074	994	993	2151
5	1072	1075	858	2152
5	1378	1232	1353	2153
5	1139	950	949	2154
5	1127	936	935	2155
5	1158	970	1157	2156
5	1208	1029	1028	2157
5	1323	1074	1322	2158
5	1239	1097	1224	2159
5	1141	952	1140	2160
5	1231	1041	1045	2161
5	1550	1367	1265	2162
5	1754	1607	1753	2163
5	1126	933	1125	2164
5	1197	1018	1017	2165
5	1267	914	1082	2166
5	1281	1235	1055	2167
5	1289	1064	1260	2168
5	1233	867	1092	2169
5	1268	727	1084	2170
5	1084	727	668	2171
5	1112	920	1111	2172
5	1563	1452	1533	2173
5	1411	1259	1375	2174
5	1115	873	924	2175
5	1087	1060	859	2176
5	1087	859	847	2177
5	1088	1054	860	2178
5	1088	860	1022	2179
5	1449	1304	1448	2180
5	1303	1116	1143	2181
5	1099	879	878	2182
5	1099	1070	879	2183
5	1277	1103	1062	2184
5	1072	858	899	2185
5	1233	1044	867	2186
5	1222	868	1083	2187
5	1093	1092	661	2188
5	1093	661	868	2189
5	1110	915	871	2190
5	1270	1089	1050	2191
5	1144	955	964	2192
5	1145	956	955	2193
5	1096	1095	965	2194
5	1096	965	875	2195
5	1097	1081	876	2196
5	1097	876	887	2197
5	1098	1071	877	2198
5	1098	877	918	2199
5	1354	1070	1275	2200
5	1318	1172	1171	2201
5	1100	1064	883	2202
5	1100	883	917	2203
5	1262	1075	1072	2204
5	1382	1351	1350	2205
5	1179	994	1074	2206
5	1074	993	880	2207
5	1352	1207	1206	2208
5	1164	882	1105	2209
5	1322	1178	1316	2210
5	1165	977	1164	2211
5	1276	1071	1272	2212
5	1184	978	1165	2213
5	1106	909	908	2214
5	1357	1213	1243	2215
5	1108	912	911	2216
5	1107	911	902	2217
5	1721	1375	1577	2218
5	1383	1234	1254	2219
5	1109	1087	847	2220
5	1109	847	914	2221
5	1384	1220	1369	2222
5	1269	1086	1230	2223
5	1112	885	920	2224
5	1114	922	921	2225
5	1284	1117	1114	2226
5	1113	885	1112	2227
5	1338	1194	1193	2228
5	1114	921	1113	2229
5	1339	1283	1111	2230
5	1117	922	1114	2231
5	1385	1247	1306	2232
5	1141	953	952	2233
5	1116	1115	924	2234
5	1116	924	923	2235
5	1242	1065	1085	2236
5	1118	925	1117	2237
5	1389	1223	1237	2238
5	1119	926	1118	2239
5	1292	1130	1291	2240
5	1120	927	1119	2241
5	1439	1416	1288	2242
5	1255	1043	1122	2243
5	1130	938	1129	2244
5	1122	1043	916	2245
5	1433	1380	1286	2246
5	1589	1438	1510	2247
5	1123	931	930	2248
5	1193	1014	1066	2249
5	1286	1118	1117	2250
5	1287	1119	1286	2251
5	1126	934	933	2252
5	1197	1076	1019	2253
5	1295	1123	1135	2254
5	1196	934	1126	2255
5	1128	874	936	2256
5	1128	1125	874	2257
5	1452	1357	1387	2258
5	1450	1293	1446	2259
5	1130	928	938	2260
5	1129	938	937	2261
5	1337	1066	1296	2262
5	1435	1386	1241	2263
5	1132	870	940	2264
5	1132	1052	870	2265
5	1360	1216	1359	2266
5	1240	1144	1095	2267
5	1134	1100	917	2268
5	1133	943	942	2269
5	1511	1222	1420	2270
5	1953	1664	1706	2271
5	1285	1248	1115	2272
5	1245	1052	1293	2273
5	1137	948	947	2274
5	1138	939	948	2275
5	1293	1132	1131	2276
5	1138	948	1137	2277
5	1307	1152	1151	2278
5	1298	1131	1138	2279
5	1299	1076	1238	2280
5	1213	1037	1036	2281
5	1143	954	1142	2282
5	1142	953	1141	2283
5	1300	1141	1140	2284
5	1143	1116	923	2285
5	1557	1381	1552	2286
5	1297	1138	1137	2287
5	1365	1302	1301	2288
5	1586	1525	1380	2289
5	1240	1095	1096	2290
5	1147	958	957	2291
5	1308	1214	1153	2292
5	1245	1150	1149	2293
5	1304	1145	1144	2294
5	1147	957	1146	2295
5	1359	1214	1308	2296
5	1148	958	1147	2297
5	1360	1240	1096	2298
5	1411	1246	1259	2299
5	1150	961	960	2300
5	1152	963	962	2301
5	1305	1146	1304	2302
5	1153	963	1152	2303
5	1305	1148	1147	2304
5	1214	966	1153	2305
5	1359	1216	1215	2306
5	1215	1039	1038	2307
5	1306	1067	1148	2308
5	1307	1151	1150	2309
5	1155	969	968	2310
5	1156	1090	862	2311
5	1515	1080	1256	2312
5	1156	969	1155	2313
5	1899	1755	1754	2314
5	1274	1090	1226	2315
5	1158	971	970	2316
5	1209	1030	1029	2317
5	1232	1062	1077	2318
5	1159	971	1158	2319
5	1259	1060	1087	2320
5	1160	972	1159	2321
5	1329	1272	1098	2322
5	1161	973	1160	2323
5	1348	1203	1202	2324
5	1206	974	1161	2325
5	1163	976	975	2326
5	1199	1021	1020	2327
5	1333	1190	1189	2328
5	1200	1021	1199	2329
5	1277	1104	1103	2330
5	1185	1006	1184	2331
5	1346	1168	1315	2332
5	1186	1008	1007	2333
5	1167	981	980	2334
5	1201	1023	982	2335
5	1315	1168	1167	2336
5	1202	1023	1201	2337
5	1336	1192	1191	2338
5	1203	1024	1202	2339
5	1170	985	984	2340
5	1274	1099	1090	2341
5	1746	1600	1570	2342
5	1173	986	1172	2343
5	1462	1459	1321	2344
5	1174	987	1173	2345
5	1641	1426	1583	2346
5	1175	988	1174	2347
5	1239	1081	1097	2348
5	1176	990	898	2349
5	1355	1210	1354	2350
5	1176	898	989	2351
5	1252	1069	1211	2352
5	1317	1169	1252	2353
5	1317	1171	1170	2354
5	1177	990	1176	2355
5	1252	1169	1069	2356
5	1178	992	991	2357
5	1464	1322	1463	2358
5	1180	997	996	2359
5	1311	1159	1158	2360
5	1181	999	998	2361
5	1272	1071	1098	2362
5	1329	1098	1183	2363
5	1325	1181	1180	2364
5	1316	1178	1177	2365
5	1317	1170	1169	2366
5	1183	1005	1004	2367
5	1276	1072	1071	2368
5	1328	1183	1182	2369
5	1343	1198	1342	2370
5	1259	1246	1060	2371
5	1351	1313	1162	2372
5	1186	1007	1185	2373
5	1331	1186	1330	2374
5	1187	1008	1186	2375
5	1330	1185	1184	2376
5	1188	1009	1187	2377
5	1277	1062	1232	2378
5	1189	1010	1188	2379
5	1620	1456	1475	2380
5	1190	1011	1189	2381
5	1342	1192	1336	2382
5	1330	1186	1185	2383
5	1351	1162	1205	2384
5	1374	1253	1225	2385
5	1280	1107	1234	2386
5	1198	1013	1192	2387
5	1284	1114	1113	2388
5	1194	1015	1193	2389
5	1291	1129	1241	2390
5	1195	1016	1194	2391
5	1241	1129	1065	2392
5	1287	1120	1119	2393
5	1284	1113	1283	2394
5	1197	1019	1018	2395
5	1295	1135	1261	2396
5	1358	1106	1357	2397
5	1234	1107	1054	2398
5	1200	1022	1021	2399
5	1345	1254	1088	2400
5	1344	1199	1343	2401
5	1342	1198	1192	2402
5	1313	1163	1162	2403
5	1335	1191	1163	2404
5	1204	1026	1025	2405
5	1349	1204	1203	2406
5	1350	1205	1204	2407
5	1492	1312	1311	2408
5	1204	1025	1203	2409
5	1263	1157	1075	2410
5	1205	1026	1204	2411
5	1278	1164	1105	2412
5	1346	1201	1168	2413
5	1323	1179	1074	2414
5	1207	1027	1206	2415
5	1314	1184	1165	2416
5	1208	1028	1207	2417
5	1263	1158	1157	2418
5	1209	1077	1030	2419
5	1353	1209	1208	2420
5	1232	1077	1209	2421
5	1319	1175	1174	2422
5	1211	1033	1210	2423
5	1321	1316	1177	2424
5	1324	1179	1323	2425
5	1478	1296	1443	2426
5	1213	1036	1035	2427
5	1370	1282	1236	2428
5	1243	1213	1212	2429
5	1654	1531	1581	2430
5	1215	1038	1214	2431
5	1285	1115	1116	2432
5	1216	1039	1215	2433
5	1384	1231	1220	2434
5	1217	1040	1216	2435
5	1306	1247	1067	2436
5	1247	1127	1067	2437
5	1218	1084	668	2438
5	1218	668	517	2439
5	1521	1233	1367	2440
5	1219	886	507	2441
5	1271	1048	1089	2442
5	1271	1089	1270	2443
5	1403	1082	1059	2444
5	1403	1267	1082	2445
5	1264	1078	1068	2446
5	1260	1064	1100	2447
5	1223	1133	1063	2448
5	1514	1404	1416	2449
5	1224	1097	1078	2450
5	1562	1428	1538	2451
5	1225	1102	1091	2452
5	1235	1225	1091	2453
5	1495	1275	1426	2454
5	1309	1155	1154	2455
5	1420	1083	1268	2456
5	1519	1227	1518	2457
5	1436	1260	1417	2458
5	1439	1292	1438	2459
5	1423	1369	1271	2460
5	1423	1270	1422	2461
5	1236	1041	1231	2462
5	1558	1391	1557	2463
5	1236	1094	1041	2464
5	1273	1230	1051	2465
5	1319	1173	1318	2466
5	1278	1104	1277	2467
5	1684	1662	1401	2468
5	1265	1092	1093	2469
5	1235	1091	1055	2470
5	1476	1313	1382	2471
5	1281	1108	1280	2472
5	1628	1482	1627	2473
5	1365	1303	1302	2474
5	1647	1499	1646	2475
5	1237	1223	1063	2476
5	1237	1063	1043	2477
5	1340	1196	1126	2478
5	1290	1125	1128	2479
5	1251	1154	1049	2480
5	1309	1154	1251	2481
5	1399	1279	1358	2482
5	1247	1128	1127	2483
5	1292	1288	1121	2484
5	1255	1237	1043	2485
5	1242	1120	1287	2486
5	1242	1241	1065	2487
5	1356	1139	1299	2488
5	1261	1135	1046	2489
5	1244	1136	1047	2490
5	1248	1079	1115	2491
5	1293	1052	1132	2492
5	1307	1150	1245	2493
5	1375	1259	1229	2494
5	1391	1230	1381	2495
5	1304	1146	1145	2496
5	1305	1147	1146	2497
5	1249	1047	1079	2498
5	1249	1244	1047	2499
5	1447	1301	1300	2500
5	1568	1412	1564	2501
5	1315	1167	1250	2502
5	1250	1167	1166	2503
5	1559	1402	1080	2504
5	1426	1274	1396	2505
5	1275	1099	1274	2506
5	1319	1174	1173	2507
5	1419	1109	1267	2508
5	1419	1229	1109	2509
5	1254	1234	1054	2510
5	1254	1054	1088	2511
5	1573	1407	1565	2512
5	1438	1291	1386	2513
5	1379	1042	1266	2514
5	1256	1080	691	2515
5	1257	1251	1049	2516
5	1257	1049	1081	2517
5	1258	1082	1058	2518
5	1258	1058	1057	2519
5	1347	1202	1201	2520
5	1330	1184	1314	2521
5	1518	1227	1368	2522
5	1390	1294	1223	2523
5	1622	1443	1526	2524
5	1358	1101	1106	2525
5	1496	1457	1252	2526
5	1263	1075	1262	2527
5	1312	1206	1161	2528
5	1311	1158	1263	2529
5	1527	1368	1061	2530
5	1687	1512	1513	2531
5	1367	1233	1092	2532
5	1266	1042	849	2533
5	1460	1319	1318	2534
5	1664	1518	1368	2535
5	1415	1221	1056	2536
5	1548	1374	1408	2537
5	1530	1268	1084	2538
5	1268	1083	727	2539
5	1391	1269	1230	2540
5	1300	1140	1269	2541
5	1663	1415	1571	2542
5	1271	1220	1048	2543
5	1447	1300	1392	2544
5	1392	1300	1269	2545
5	1276	1262	1072	2546
5	1640	1494	1493	2547
5	1413	1249	1412	2548
5	1381	1230	1273	2549
5	1275	1070	1099	2550
5	1354	1210	1070	2551
5	1460	1318	1458	2552
5	1355	1252	1211	2553
5	1469	1429	1328	2554
5	1464	1323	1322	2555
5	1428	1232	1378	2556
5	1332	1189	1188	2557
5	1250	1166	1053	2558
5	1455	1311	1263	2559
5	1279	1261	1046	2560
5	1279	1046	1101	2561
5	1281	1055	1108	2562
5	1280	1108	1107	2563
5	1431	1281	1430	2564
5	1572	1419	1267	2565
5	1282	1273	1110	2566
5	1282	1110	1094	2567
5	1296	1123	1295	2568
5	1296	1066	1123	2569
5	1301	1141	1300	2570
5	1242	1085	1120	2571
5	1647	1500	1499	2572
5	1286	1119	1118	2573
5	1444	1297	1244	2574
5	1387	1357	1243	2575
5	1443	1296	1295	2576
5	1380	1287	1286	2577
5	1288	1255	1122	2578
5	1288	1122	1121	2579
5	1723	1688	1417	2580
5	1512	1289	1436	2581
5	1437	1247	1385	2582
5	1341	1197	1196	2583
5	1292	1121	1130	2584
5	1291	1130	1129	2585
5	1390	1223	1389	2586
5	1386	1291	1241	2587
5	1297	1137	1136	2588
5	1625	1437	1534	2589
5	1294	1228	1134	2590
5	1294	1134	1133	2591
5	1437	1290	1247	2592
5	1337	1193	1066	2593
5	1441	1338	1337	2594
5	1338	1193	1337	2595
5	1400	1248	1285	2596
5	1298	1138	1297	2597
5	1450	1245	1293	2598
5	1412	1248	1400	2599
5	1356	1212	1139	2600
5	1299	1139	1076	2601
5	1301	1142	1141	2602
5	1302	1143	1142	2603
5	1392	1269	1391	2604
5	1302	1142	1301	2605
5	1303	1285	1116	2606
5	1303	1143	1302	2607
5	1359	1215	1214	2608
5	1245	1149	1052	2609
5	1502	1448	1240	2610
5	1388	1299	1238	2611
5	1480	1290	1437	2612
5	1306	1148	1305	2613
5	1421	1303	1365	2614
5	1448	1304	1240	2615
5	1444	1244	1413	2616
5	1360	1096	1217	2617
5	1479	1432	1283	2618
5	1308	1153	1152	2619
5	1458	1318	1317	2620
5	1310	1155	1309	2621
5	1311	1160	1159	2622
5	1353	1208	1352	2623
5	1602	1455	1454	2624
5	1493	1352	1312	2625
5	1352	1206	1312	2626
5	1312	1161	1160	2627
5	1314	1164	1278	2628
5	1331	1188	1187	2629
5	1314	1165	1164	2630
5	1331	1187	1186	2631
5	1485	1345	1344	2632
5	1348	1202	1347	2633
5	1322	1074	1178	2634
5	1324	1180	1179	2635
5	1395	1224	1366	2636
5	1396	1274	1226	2637
5	2029	1881	2028	2638
5	1321	1176	1320	2639
5	1466	1325	1324	2640
5	1320	1175	1319	2641
5	1463	1322	1316	2642
5	1426	1275	1274	2643
5	1495	1355	1354	2644
5	1463	1316	1459	2645
5	1454	1263	1262	2646
5	1325	1180	1324	2647
5	1454	1262	1424	2648
5	1326	1181	1325	2649
5	1427	1272	1398	2650
5	1327	1182	1073	2651
5	1398	1272	1329	2652
5	1468	1327	1326	2653
5	1467	1326	1325	2654
5	1327	1073	1326	2655
5	1459	1316	1321	2656
5	1328	1182	1327	2657
5	1603	1457	1536	2658
5	1329	1183	1328	2659
5	1489	1347	1488	2660
5	1618	1471	1615	2661
5	1488	1347	1346	2662
5	1333	1189	1332	2663
5	1468	1326	1467	2664
5	1334	1053	1190	2665
5	1458	1317	1457	2666
5	1467	1325	1466	2667
5	1397	1278	1277	2668
5	1334	1190	1333	2669
5	1627	1477	1621	2670
5	1476	1335	1313	2671
5	1617	1475	1474	2672
5	1490	1349	1348	2673
5	1487	1315	1456	2674
5	1345	1088	1200	2675
5	1407	1294	1390	2676
5	1434	1287	1380	2677
5	1339	1195	1338	2678
5	1339	1111	1195	2679
5	1442	1338	1441	2680
5	1478	1441	1337	2681
5	1341	1238	1197	2682
5	1341	1196	1340	2683
5	1418	1261	1279	2684
5	1791	1645	1790	2685
5	1488	1346	1487	2686
5	1344	1200	1199	2687
5	1456	1315	1250	2688
5	1541	1383	1522	2689
5	1487	1346	1315	2690
5	1483	1343	1342	2691
5	1383	1373	1234	2692
5	1572	1267	1403	2693
5	1473	1332	1331	2694
5	1470	1278	1397	2695
5	1475	1456	1250	2696
5	1350	1204	1349	2697
5	1489	1348	1347	2698
5	1351	1205	1350	2699
5	1657	1549	1640	2700
5	1491	1382	1350	2701
5	1382	1313	1351	2702
5	1482	1336	1477	2703
5	1470	1314	1278	2704
5	1352	1208	1207	2705
5	1472	1330	1471	2706
5	1353	1232	1209	2707
5	1474	1333	1332	2708
5	1474	1334	1333	2709
5	1414	1251	1257	2710
5	1560	1516	1376	2711
5	1414	1257	1394	2712
5	1756	1609	1755	2713
5	1498	1387	1243	2714
5	1575	1377	1418	2715
5	1358	1279	1101	2716
5	1357	1106	1213	2717
5	1440	1385	1306	2718
5	1440	1306	1305	2719
5	1449	1440	1305	2720
5	1360	1217	1216	2721
5	1449	1305	1304	2722
5	1412	1249	1248	2723
5	1393	1256	1044	2724
5	1393	1044	1233	2725
5	1652	853	1504	2726
5	1420	1222	1083	2727
5	1363	1362	1218	2728
5	1363	1218	853	2729
5	1364	1266	849	2730
5	1544	849	685	2731
5	1413	1244	1249	2732
5	1446	1298	1445	2733
5	1545	1264	1361	2734
5	1406	1265	1093	2735
5	1658	1591	1592	2736
5	1544	720	1508	2737
5	1512	1372	1289	2738
5	1417	1260	1228	2739
5	1423	1271	1270	2740
5	1422	1246	1411	2741
5	1409	1231	1384	2742
5	1409	1236	1231	2743
5	1504	853	660	2744
5	1505	746	888	2745
5	1578	1084	1362	2746
5	1372	1124	1289	2747
5	1373	1280	1234	2748
5	1484	1344	1343	2749
5	1581	1423	1580	2750
5	1431	1408	1235	2751
5	1630	1485	1484	2752
5	1630	1484	1629	2753
5	1376	1310	1309	2754
5	1453	1309	1251	2755
5	1377	1295	1261	2756
5	1418	1377	1261	2757
5	1636	1491	1490	2758
5	1494	1352	1493	2759
5	1511	1406	1222	2760
5	1555	1404	1514	2761
5	1433	1284	1432	2762
5	1710	1555	1709	2763
5	1552	1425	1520	2764
5	1872	1727	1845	2765
5	1627	1482	1477	2766
5	1483	1342	1482	2767
5	1477	1335	1476	2768
5	1482	1342	1336	2769
5	1409	1370	1236	2770
5	1552	1381	1425	2771
5	1540	1410	1481	2772
5	1645	1387	1498	2773
5	1435	1242	1434	2774
5	1573	1417	1407	2775
5	1497	1299	1388	2776
5	1788	1543	1703	2777
5	1497	1356	1299	2778
5	1498	1243	1356	2779
5	1587	1434	1525	2780
5	1722	1573	1565	2781
5	1586	1433	1585	2782
5	1417	1228	1407	2783
5	1595	1392	1558	2784
5	1447	1365	1301	2785
5	1843	1670	1842	2786
5	1568	1413	1412	2787
5	1503	1401	1402	2788
5	1852	1707	1528	2789
5	1561	1405	1516	2790
5	1453	1251	1414	2791
5	1395	1394	1239	2792
5	1395	1239	1224	2793
5	1876	1731	1676	2794
5	1457	1317	1252	2795
5	1635	1490	1489	2796
5	1634	1488	1633	2797
5	1424	1262	1276	2798
5	1494	1353	1352	2799
5	1624	1432	1479	2800
5	1418	1279	1399	2801
5	1564	1400	1421	2802
5	1446	1293	1298	2803
5	1844	1689	1559	2804
5	1401	886	1219	2805
5	1402	1401	1219	2806
5	1402	1219	1080	2807
5	1403	1059	1221	2808
5	1801	1667	1548	2809
5	1404	1389	1237	2810
5	1404	1237	1255	2811
5	1405	1396	1226	2812
5	1405	1226	1310	2813
5	1706	1368	1527	2814
5	1665	1363	1652	2815
5	1525	1434	1380	2816
5	1590	1514	1416	2817
5	1408	1374	1225	2818
5	1408	1225	1235	2819
5	1593	1445	1444	2820
5	1596	1365	1447	2821
5	1410	1388	1238	2822
5	1410	1238	1341	2823
5	1571	1415	1253	2824
5	1553	1520	1370	2825
5	1595	1447	1392	2826
5	1569	1444	1413	2827
5	1792	1646	1599	2828
5	1534	1437	1385	2829
5	1608	1463	1607	2830
5	1453	1376	1309	2831
5	1571	1253	1374	2832
5	1576	1221	1415	2833
5	1416	1404	1255	2834
5	1416	1255	1288	2835
5	1556	1389	1555	2836
5	1521	1393	1233	2837
5	1586	1380	1433	2838
5	1767	1591	1658	2839
5	1802	1663	1571	2840
5	1702	1509	1541	2841
5	1668	1578	1362	2842
5	1669	1528	1364	2843
5	1421	1400	1285	2844
5	1421	1285	1303	2845
5	1531	1384	1369	2846
5	1581	1369	1423	2847
5	1579	1422	1411	2848
5	1670	1566	1531	2849
5	1582	1427	1532	2850
5	1538	1428	1378	2851
5	1425	1381	1273	2852
5	1425	1273	1282	2853
5	1536	1457	1496	2854
5	1642	1536	1496	2855
5	1427	1424	1276	2856
5	1427	1276	1272	2857
5	1428	1397	1277	2858
5	1428	1277	1232	2859
5	1429	1398	1329	2860
5	1429	1329	1328	2861
5	1431	1235	1281	2862
5	1430	1281	1280	2863
5	1580	1422	1579	2864
5	1548	1408	1507	2865
5	1433	1286	1284	2866
5	1432	1284	1283	2867
5	1768	1623	1767	2868
5	1770	1625	1672	2869
5	1435	1241	1242	2870
5	1434	1242	1287	2871
5	1555	1389	1404	2872
5	1565	1407	1390	2873
5	1542	1394	1395	2874
5	1565	1390	1556	2875
5	1480	1340	1290	2876
5	1481	1341	1340	2877
5	1439	1288	1292	2878
5	1438	1292	1291	2879
5	1803	1709	1739	2880
5	1738	1589	1673	2881
5	1445	1297	1444	2882
5	1500	1359	1308	2883
5	1442	1339	1338	2884
5	1479	1283	1339	2885
5	1591	1442	1441	2886
5	1479	1339	1442	2887
5	1478	1337	1296	2888
5	1598	1449	1597	2889
5	1445	1298	1297	2890
5	1501	1360	1359	2891
5	1646	1451	1599	2892
5	1499	1307	1451	2893
5	1599	1451	1450	2894
5	1500	1308	1499	2895
5	1580	1423	1422	2896
5	1577	1229	1419	2897
5	1451	1245	1450	2898
5	1499	1308	1307	2899
5	1794	1647	1793	2900
5	1804	1716	1791	2901
5	1451	1307	1245	2902
5	1501	1359	1500	2903
5	1599	1450	1523	2904
5	1543	1410	1540	2905
5	1452	1399	1358	2906
5	1452	1358	1357	2907
5	1676	1516	1656	2908
5	1608	1464	1463	2909
5	1562	1517	1397	2910
5	1455	1263	1454	2911
5	1607	1463	1459	2912
5	1492	1311	1455	2913
5	1471	1314	1470	2914
5	1471	1330	1314	2915
5	1495	1354	1275	2916
5	1496	1252	1355	2917
5	1561	1396	1405	2918
5	1604	1460	1537	2919
5	1461	1319	1460	2920
5	1465	1324	1323	2921
5	1461	1320	1319	2922
5	1462	1321	1320	2923
5	1609	1465	1464	2924
5	1462	1320	1461	2925
5	1607	1459	1606	2926
5	1676	1561	1516	2927
5	1611	1467	1466	2928
5	1613	1469	1468	2929
5	1612	1467	1611	2930
5	1465	1323	1464	2931
5	1610	1466	1465	2932
5	1466	1324	1465	2933
5	1606	1462	1605	2934
5	1469	1327	1468	2935
5	1605	1461	1604	2936
5	1469	1328	1327	2937
5	1537	1460	1458	2938
5	1750	1537	1699	2939
5	1640	1493	1639	2940
5	1757	1611	1610	2941
5	1473	1331	1472	2942
5	1472	1331	1330	2943
5	1615	1470	1517	2944
5	1617	1474	1616	2945
5	1636	1490	1635	2946
5	1474	1332	1473	2947
5	1762	1617	1616	2948
5	1582	1424	1427	2949
5	1475	1334	1474	2950
5	1475	1250	1334	2951
5	1606	1459	1462	2952
5	1605	1462	1461	2953
5	1477	1336	1335	2954
5	1486	1345	1485	2955
5	1751	1605	1604	2956
5	1621	1476	1539	2957
5	2080	1934	2079	2958
5	1585	1433	1432	2959
5	1588	1386	1435	2960
5	1650	1448	1502	2961
5	1481	1410	1341	2962
5	1481	1340	1480	2963
5	1543	1388	1410	2964
5	1648	1501	1500	2965
5	1484	1343	1483	2966
5	1485	1344	1484	2967
5	1629	1483	1628	2968
5	1631	1486	1485	2969
5	1628	1483	1482	2970
5	1486	1254	1345	2971
5	1774	1629	1628	2972
5	1486	1383	1254	2973
5	1780	1636	1635	2974
5	1634	1489	1488	2975
5	1562	1397	1428	2976
5	1490	1348	1489	2977
5	1633	1488	1487	2978
5	1491	1350	1349	2979
5	1633	1487	1632	2980
5	1615	1471	1470	2981
5	1752	1606	1605	2982
5	1491	1349	1490	2983
5	1773	1627	1772	2984
5	1621	1477	1476	2985
5	1760	1614	1613	2986
5	1493	1312	1492	2987
5	1601	1424	1582	2988
5	1494	1378	1353	2989
5	1860	1714	1700	2990
5	1616	1474	1473	2991
5	1570	1414	1394	2992
5	1496	1355	1495	2993
5	1807	1570	1653	2994
5	1786	1583	1731	2995
5	1533	1452	1387	2996
5	1498	1356	1497	2997
5	1645	1533	1387	2998
5	1643	1388	1543	2999
5	1649	1502	1501	3000
5	1502	1240	1360	3001
5	1648	1500	1647	3002
5	1569	1413	1568	3003
5	1558	1392	1391	3004
5	1502	1360	1501	3005
5	1524	1421	1365	3006
5	1564	1421	1524	3007
5	1814	1551	1696	3008
5	1515	1256	1393	3009
5	1519	1371	1227	3010
5	1849	1706	1687	3011
5	1505	1504	660	3012
5	1505	660	746	3013
5	1506	1068	863	3014
5	1506	1042	1379	3015
5	1584	1507	1431	3016
5	1541	1509	1373	3017
5	1809	1508	1662	3018
5	1546	1366	1545	3019
5	1584	1431	1430	3020
5	1509	1430	1373	3021
5	1510	1438	1386	3022
5	1588	1510	1386	3023
5	1685	1379	1529	3024
5	1556	1390	1389	3025
5	1810	1504	1505	3026
5	1687	1372	1512	3027
5	1513	1512	1436	3028
5	2136	1943	1816	3029
5	1590	1439	1589	3030
5	1735	1587	1525	3031
5	1559	1080	1515	3032
5	1689	1402	1559	3033
5	1516	1405	1376	3034
5	1867	1688	1723	3035
5	1997	1852	1669	3036
5	1506	1361	1068	3037
5	1695	1521	1367	3038
5	1691	1515	1393	3039
5	1956	1695	1853	3040
5	1951	1693	1848	3041
5	1520	1425	1370	3042
5	1812	1713	1743	3043
5	1948	1817	1818	3044
5	1578	1530	1084	3045
5	1541	1373	1383	3046
5	1522	1383	1486	3047
5	1523	1450	1446	3048
5	1594	1523	1446	3049
5	1593	1444	1569	3050
5	1564	1412	1400	3051
5	1587	1435	1434	3052
5	1588	1435	1587	3053
5	1526	1443	1377	3054
5	1575	1526	1377	3055
5	1527	932	1124	3056
5	1547	1362	1363	3057
5	1529	1266	1528	3058
5	1529	1379	1266	3059
5	1941	1692	1940	3060
5	1690	1361	1506	3061
5	1698	1420	1530	3062
5	1530	1420	1268	3063
5	1553	1370	1409	3064
5	1566	1384	1531	3065
5	1532	1427	1398	3066
5	1614	1535	1429	3067
5	1563	1399	1452	3068
5	1574	1418	1399	3069
5	1626	1540	1481	3070
5	1643	1497	1388	3071
5	1535	1532	1398	3072
5	1535	1398	1429	3073
5	1583	1396	1561	3074
5	1642	1496	1495	3075
5	1751	1604	1750	3076
5	1901	1756	1900	3077
5	1700	1538	1549	3078
5	1639	1493	1492	3079
5	1539	1476	1382	3080
5	1637	1382	1491	3081
5	1626	1480	1625	3082
5	1644	1498	1497	3083
5	1774	1628	1773	3084
5	1909	1765	1908	3085
5	1560	1376	1453	3086
5	1570	1394	1542	3087
5	1703	1543	1540	3088
5	1788	1643	1543	3089
5	1809	1364	1544	3090
5	1544	1364	849	3091
5	1858	1710	1709	3092
5	1545	1366	1264	3093
5	1817	1704	1705	3094
5	1818	1366	1546	3095
5	1527	1124	1372	3096
5	1819	1521	1695	3097
5	1567	1411	1375	3098
5	1579	1411	1567	3099
5	1549	1538	1378	3100
5	1549	1378	1494	3101
5	1853	1550	1697	3102
5	1691	1393	1521	3103
5	1551	1550	1265	3104
5	1551	1265	1406	3105
5	1557	1391	1381	3106
5	1596	1447	1595	3107
5	1741	1594	1593	3108
5	1659	1552	1520	3109
5	1554	1534	1385	3110
5	1554	1385	1440	3111
5	1735	1525	1680	3112
5	1910	1820	1734	3113
5	1944	1910	1912	3114
5	1799	1573	1722	3115
5	2023	1875	1874	3116
5	1850	1694	1708	3117
5	1712	1557	1711	3118
5	1711	1557	1552	3119
5	1660	1559	1515	3120
5	1691	1660	1515	3121
5	1600	1414	1570	3122
5	1656	1516	1560	3123
5	1583	1426	1396	3124
5	1641	1495	1426	3125
5	1824	1766	1782	3126
5	1900	1755	1899	3127
5	1770	1626	1625	3128
5	1574	1399	1563	3129
5	1822	1567	1721	3130
5	1729	1580	1579	3131
5	1680	1525	1586	3132
5	1736	1588	1587	3133
5	1566	1553	1409	3134
5	1566	1409	1384	3135
5	1720	1569	1568	3136
5	1718	1564	1524	3137
5	1719	1564	1718	3138
5	1594	1446	1445	3139
5	1742	1523	1594	3140
5	1712	1558	1557	3141
5	1600	1453	1414	3142
5	1600	1560	1453	3143
5	1577	1375	1229	3144
5	1701	1522	1681	3145
5	1822	1728	1567	3146
5	1576	1419	1572	3147
5	1688	1436	1417	3148
5	1826	1436	1688	3149
5	1797	1744	1597	3150
5	1575	1418	1574	3151
5	1675	1672	1534	3152
5	1882	1737	1736	3153
5	1576	1572	1403	3154
5	1576	1403	1221	3155
5	1727	1419	1576	3156
5	1667	1571	1374	3157
5	1945	1668	1547	3158
5	1668	1362	1547	3159
5	1775	1630	1629	3160
5	1720	1568	1719	3161
5	1887	1712	1711	3162
5	1581	1531	1369	3163
5	1713	1524	1596	3164
5	1670	1531	1654	3165
5	1601	1454	1424	3166
5	1638	1492	1455	3167
5	1807	1746	1570	3168
5	2072	1927	1876	3169
5	1727	1576	1663	3170
5	1729	1579	1728	3171
5	1623	1442	1591	3172
5	1624	1585	1432	3173
5	1820	1680	1734	3174
5	1930	1790	1789	3175
5	1829	1674	1742	3176
5	1716	1563	1533	3177
5	1830	1722	1565	3178
5	1717	1556	1710	3179
5	1590	1416	1439	3180
5	1589	1439	1438	3181
5	1709	1555	1514	3182
5	1880	1735	1680	3183
5	1623	1479	1442	3184
5	1624	1479	1623	3185
5	1592	1591	1441	3186
5	1592	1441	1478	3187
5	1932	1792	1839	3188
5	1594	1445	1593	3189
5	1793	1646	1792	3190
5	1745	1675	1554	3191
5	2012	1863	1958	3192
5	1596	1524	1365	3193
5	1741	1593	1740	3194
5	2078	1933	1932	3195
5	1598	1440	1449	3196
5	1597	1449	1448	3197
5	1890	1675	1745	3198
5	1724	1563	1716	3199
5	1646	1499	1451	3200
5	1649	1501	1648	3201
5	1876	1676	1800	3202
5	1891	1833	1747	3203
5	1748	1582	1678	3204
5	1602	1454	1601	3205
5	1784	1639	1638	3206
5	1638	1455	1602	3207
5	1603	1537	1458	3208
5	1603	1458	1457	3209
5	1677	1536	1661	3210
5	1612	1468	1467	3211
5	1759	1613	1612	3212
5	1753	1606	1752	3213
5	1758	1612	1611	3214
5	1609	1464	1608	3215
5	1677	1603	1536	3216
5	1610	1465	1609	3217
5	1755	1608	1754	3218
5	1613	1468	1612	3219
5	1785	1639	1784	3220
5	1749	1602	1601	3221
5	1761	1683	1535	3222
5	1611	1466	1610	3223
5	1759	1612	1758	3224
5	1614	1469	1613	3225
5	1755	1609	1608	3226
5	1614	1429	1469	3227
5	1699	1537	1603	3228
5	1841	1657	1785	3229
5	1904	1760	1759	3230
5	1678	1582	1532	3231
5	1619	1616	1473	3232
5	1620	1475	1617	3233
5	1619	1472	1618	3234
5	1632	1456	1620	3235
5	1781	1637	1636	3236
5	1632	1487	1456	3237
5	1619	1473	1472	3238
5	1618	1472	1471	3239
5	1753	1607	1606	3240
5	1715	1517	1562	3241
5	1777	1620	1765	3242
5	1682	1615	1679	3243
5	1775	1629	1774	3244
5	1631	1522	1486	3245
5	1622	1592	1478	3246
5	1622	1478	1443	3247
5	1767	1623	1591	3248
5	1769	1585	1624	3249
5	1768	1624	1623	3250
5	1989	1723	1799	3251
5	1626	1481	1480	3252
5	1625	1480	1437	3253
5	1937	1889	1744	3254
5	1725	1574	1724	3255
5	1702	1541	1701	3256
5	1629	1484	1483	3257
5	1681	1522	1631	3258
5	1921	1781	1780	3259
5	1776	1631	1630	3260
5	1778	1632	1777	3261
5	1772	1621	1766	3262
5	1631	1485	1630	3263
5	1879	1651	1733	3264
5	1732	1509	1702	3265
5	1773	1628	1627	3266
5	1635	1489	1634	3267
5	1682	1618	1615	3268
5	1765	1620	1617	3269
5	2099	1995	1957	3270
5	1637	1491	1636	3271
5	1772	1627	1621	3272
5	1637	1539	1382	3273
5	1779	1635	1634	3274
5	1781	1636	1780	3275
5	1765	1617	1762	3276
5	1777	1632	1620	3277
5	1908	1765	1762	3278
5	1639	1492	1638	3279
5	1679	1615	1517	3280
5	1640	1549	1494	3281
5	1763	1618	1682	3282
5	1700	1549	1657	3283
5	1661	1536	1642	3284
5	1642	1495	1641	3285
5	1699	1603	1677	3286
5	1787	1661	1642	3287
5	1934	1794	1933	3288
5	1644	1497	1643	3289
5	1724	1574	1563	3290
5	1645	1498	1644	3291
5	1832	1771	1770	3292
5	1726	1575	1725	3293
5	1792	1599	1674	3294
5	1796	1649	1795	3295
5	1797	1650	1796	3296
5	1650	1502	1649	3297
5	1931	1791	1790	3298
5	1650	1597	1448	3299
5	1675	1534	1554	3300
5	1711	1552	1659	3301
5	1719	1568	1564	3302
5	1796	1650	1649	3303
5	1651	1548	1507	3304
5	1733	1651	1507	3305
5	1665	1547	1363	3306
5	1652	1363	853	3307
5	1653	1570	1542	3308
5	2093	1857	1983	3309
5	1730	1581	1580	3310
5	1728	1579	1567	3311
5	1655	1546	1545	3312
5	1655	1545	1361	3313
5	1747	1600	1746	3314
5	1747	1560	1600	3315
5	1860	1700	1806	3316
5	1785	1640	1639	3317
5	1726	1671	1526	3318
5	1725	1575	1574	3319
5	1855	1701	1681	3320
5	1694	1520	1553	3321
5	1684	1401	1503	3322
5	2127	1997	1977	3323
5	1731	1561	1676	3324
5	1787	1642	1641	3325
5	1662	1508	886	3326
5	1662	886	1401	3327
5	1802	1571	1667	3328
5	1663	1576	1415	3329
5	1811	1696	1511	3330
5	1707	1529	1528	3331
5	1810	1505	1371	3332
5	1810	1371	1686	3333
5	1666	1658	1592	3334
5	1666	1592	1622	3335
5	1845	1727	1663	3336
5	1721	1567	1375	3337
5	1808	1519	1692	3338
5	1693	1530	1578	3339
5	1690	1655	1361	3340
5	1950	1687	1513	3341
5	1694	1659	1520	3342
5	1708	1566	1670	3343
5	1671	1666	1622	3344
5	1671	1622	1526	3345
5	1672	1625	1534	3346
5	1836	1788	1703	3347
5	1673	1589	1510	3348
5	1737	1673	1510	3349
5	1674	1599	1523	3350
5	1742	1674	1523	3351
5	1745	1598	1744	3352
5	1795	1649	1648	3353
5	1731	1583	1561	3354
5	1786	1641	1583	3355
5	1897	1752	1896	3356
5	1899	1754	1898	3357
5	1748	1601	1582	3358
5	1783	1638	1602	3359
5	1714	1538	1700	3360
5	1715	1679	1517	3361
5	1737	1588	1736	3362
5	1736	1587	1735	3363
5	1701	1541	1522	3364
5	1733	1584	1732	3365
5	1903	1759	1758	3366
5	1897	1753	1752	3367
5	1683	1678	1532	3368
5	1683	1532	1535	3369
5	2152	1977	1809	3370
5	1809	1544	1508	3371
5	1692	1519	1518	3372
5	1951	1854	1693	3373
5	1798	1692	1518	3374
5	1945	1848	1668	3375
5	1706	1664	1368	3376
5	2157	1867	1989	3377
5	1717	1565	1556	3378
5	1710	1556	1555	3379
5	2003	1844	1660	3380
5	1689	1503	1402	3381
5	1690	1506	1379	3382
5	1690	1379	1685	3383
5	1698	1511	1420	3384
5	1695	1367	1550	3385
5	1808	1686	1519	3386
5	1954	1685	1813	3387
5	1696	1551	1406	3388
5	1696	1406	1511	3389
5	1955	1842	1873	3390
5	2026	1651	1879	3391
5	1819	1691	1521	3392
5	1851	1691	1819	3393
5	1811	1511	1698	3394
5	1852	1528	1669	3395
5	2004	1697	1814	3396
5	1697	1550	1551	3397
5	1698	1530	1693	3398
5	1814	1697	1551	3399
5	1750	1604	1537	3400
5	1752	1605	1751	3401
5	1714	1562	1538	3402
5	1715	1562	1714	3403
5	1733	1507	1584	3404
5	1732	1584	1509	3405
5	1856	1701	1855	3406
5	1917	1774	1916	3407
5	1771	1626	1770	3408
5	1871	1671	1726	3409
5	1857	1653	1542	3410
5	1704	1542	1395	3411
5	1705	1704	1395	3412
5	1705	1395	1366	3413
5	1706	1527	1372	3414
5	1706	1372	1687	3415
5	1798	1518	1664	3416
5	1813	1685	1529	3417
5	1708	1694	1553	3418
5	1708	1553	1566	3419
5	1739	1590	1738	3420
5	1739	1514	1590	3421
5	1866	1717	1710	3422
5	2087	1799	1991	3423
5	1743	1595	1712	3424
5	1718	1524	1713	3425
5	1932	1793	1792	3426
5	1712	1595	1558	3427
5	1743	1596	1595	3428
5	1865	1719	1864	3429
5	2056	1909	1908	3430
5	1908	1762	1838	3431
5	1861	1714	1860	3432
5	2053	1906	1905	3433
5	1789	1643	1788	3434
5	1790	1645	1644	3435
5	1799	1723	1573	3436
5	1723	1417	1573	3437
5	2034	1865	2013	3438
5	1740	1593	1569	3439
5	1913	1703	1771	3440
5	1740	1569	1720	3441
5	2196	2050	2195	3442
5	1885	1720	1865	3443
5	1801	1548	1651	3444
5	2007	1855	2006	3445
5	2015	1858	2014	3446
5	1813	1529	1707	3447
5	2088	1513	2016	3448
5	1867	1826	1688	3449
5	1868	1724	1716	3450
5	1726	1526	1575	3451
5	2032	1884	1835	3452
5	2030	1882	2029	3453
5	1870	1726	1725	3454
5	1871	1828	1671	3455
5	1998	1802	1972	3456
5	1727	1577	1419	3457
5	1873	1842	1654	3458
5	1730	1580	1729	3459
5	1823	1659	1694	3460
5	1730	1654	1581	3461
5	2002	1843	2001	3462
5	2160	2001	2089	3463
5	1902	1757	1901	3464
5	1846	1677	1661	3465
5	1877	1732	1702	3466
5	2025	1878	1877	3467
5	1855	1681	1837	3468
5	1845	1663	1802	3469
5	1734	1680	1586	3470
5	1734	1586	1585	3471
5	2028	1880	1964	3472
5	1737	1510	1588	3473
5	1884	1739	1738	3474
5	1883	1835	1673	3475
5	1880	1680	1820	3476
5	1821	1767	1658	3477
5	1739	1709	1514	3478
5	1738	1590	1589	3479
5	1858	1709	1803	3480
5	1830	1565	1717	3481
5	1831	1711	1659	3482
5	1831	1659	1823	3483
5	1874	1729	1728	3484
5	1742	1594	1741	3485
5	1839	1674	1829	3486
5	1743	1713	1596	3487
5	1935	1795	1934	3488
5	1863	1713	1812	3489
5	1745	1554	1598	3490
5	1744	1598	1597	3491
5	1839	1792	1674	3492
5	1933	1793	1932	3493
5	1747	1656	1560	3494
5	1896	1751	1895	3495
5	2016	1513	1826	3496
5	1928	1827	1787	3497
5	1896	1752	1751	3498
5	1749	1601	1748	3499
5	2071	1926	1925	3500
5	1783	1602	1749	3501
5	1895	1750	1894	3502
5	1898	1754	1753	3503
5	1894	1699	1815	3504
5	1754	1608	1607	3505
5	1895	1751	1750	3506
5	1756	1610	1609	3507
5	2240	1866	2100	3508
5	1846	1661	1827	3509
5	1927	1731	1876	3510
5	1757	1610	1756	3511
5	1928	1787	1786	3512
5	1760	1613	1759	3513
5	1892	1748	1678	3514
5	1924	1783	1749	3515
5	1834	1678	1683	3516
5	1758	1611	1757	3517
5	1905	1761	1760	3518
5	1761	1614	1760	3519
5	1902	1758	1757	3520
5	1761	1535	1614	3521
5	1898	1753	1897	3522
5	1894	1750	1699	3523
5	2090	2040	1962	3524
5	1841	1806	1657	3525
5	1764	1619	1763	3526
5	1764	1616	1619	3527
5	1764	1762	1616	3528
5	1763	1619	1618	3529
5	1906	1834	1683	3530
5	2009	1860	1963	3531
5	1838	1762	1764	3532
5	1779	1634	1633	3533
5	1766	1621	1539	3534
5	1782	1637	1781	3535
5	1964	1880	1820	3536
5	1769	1624	1768	3537
5	2170	2020	2169	3538
5	1769	1734	1585	3539
5	1805	1658	1666	3540
5	1821	1658	1805	3541
5	1771	1540	1626	3542
5	1771	1703	1540	3543
5	1966	1840	1890	3544
5	1937	1797	1936	3545
5	1918	1775	1917	3546
5	1914	1766	1824	3547
5	1856	1702	1701	3548
5	1776	1630	1775	3549
5	2063	1918	2062	3550
5	2059	1915	1914	3551
5	2197	2052	2051	3552
5	1776	1681	1631	3553
5	2064	1968	1919	3554
5	1919	1777	1909	3555
5	1778	1633	1632	3556
5	1779	1633	1778	3557
5	1922	1778	1919	3558
5	1837	1681	1776	3559
5	1782	1766	1539	3560
5	1780	1635	1779	3561
5	1918	1837	1776	3562
5	1782	1539	1637	3563
5	1907	1763	1825	3564
5	2059	1914	1967	3565
5	1878	1732	1877	3566
5	1914	1772	1766	3567
5	1926	1785	1784	3568
5	1784	1638	1783	3569
5	1825	1763	1682	3570
5	1785	1657	1640	3571
5	1862	1847	1679	3572
5	1920	1780	1779	3573
5	2072	1876	1946	3574
5	1787	1641	1786	3575
5	2093	2008	1857	3576
5	2133	1983	1817	3577
5	1789	1644	1643	3578
5	1791	1533	1645	3579
5	1869	1724	1868	3580
5	1790	1644	1789	3581
5	1911	1767	1821	3582
5	1791	1716	1533	3583
5	1884	1738	1835	3584
5	1868	1716	1804	3585
5	1793	1647	1646	3586
5	1794	1648	1647	3587
5	1929	1788	1836	3588
5	1832	1672	1840	3589
5	1864	1718	1863	3590
5	1795	1648	1794	3591
5	2082	1937	1936	3592
5	1797	1597	1650	3593
5	2081	1936	1935	3594
5	1865	1720	1719	3595
5	1863	1718	1713	3596
5	1840	1672	1675	3597
5	1954	1690	1685	3598
5	1816	1655	1690	3599
5	1866	1710	1858	3600
5	1835	1738	1673	3601
5	1800	1676	1656	3602
5	2193	2047	2192	3603
5	1873	1654	1730	3604
5	2174	2027	2025	3605
5	1972	1802	1667	3606
5	2095	1969	2036	3607
5	1884	1803	1739	3608
5	2033	2014	1803	3609
5	2228	2101	2110	3610
5	1929	1789	1788	3611
5	1985	1821	1960	3612
5	2096	1944	1959	3613
5	1806	1700	1657	3614
5	1988	1957	1825	3615
5	1891	1747	1746	3616
5	2074	1827	1928	3617
5	1854	1698	1693	3618
5	1854	1811	1698	3619
5	1977	1669	1809	3620
5	1809	1669	1364	3621
5	1978	1810	1686	3622
5	2147	1810	1978	3623
5	1942	1811	1854	3624
5	1979	1696	1811	3625
5	1888	1743	1712	3626
5	1842	1670	1654	3627
5	2128	1814	1979	3628
5	1853	1695	1550	3629
5	2416	2244	2415	3630
5	1982	1547	1665	3631
5	1815	1699	1677	3632
5	1827	1661	1787	3633
5	1952	1686	1808	3634
5	1984	1503	1939	3635
5	2084	1717	1866	3636
5	1857	1542	1704	3637
5	1818	1817	1705	3638
5	1818	1705	1366	3639
5	1939	1689	1844	3640
5	1844	1559	1660	3641
5	2316	2175	2121	3642
5	1911	1768	1767	3643
5	1910	1734	1769	3644
5	2169	2019	2168	3645
5	1879	1733	1878	3646
5	1998	1845	1802	3647
5	1888	1712	1887	3648
5	1887	1711	1831	3649
5	1923	1782	1781	3650
5	1923	1781	1921	3651
5	1995	1907	1957	3652
5	2345	2207	2206	3653
5	1989	1867	1723	3654
5	1826	1513	1436	3655
5	1846	1815	1677	3656
5	1990	1815	1846	3657
5	1828	1805	1666	3658
5	1828	1666	1671	3659
5	1886	1741	1740	3660
5	1885	1740	1720	3661
5	2084	1830	1717	3662
5	1991	1722	1830	3663
5	2301	2155	2173	3664
5	2026	1801	1651	3665
5	2168	2018	2091	3666
5	1931	1790	1930	3667
5	1833	1800	1656	3668
5	1833	1656	1747	3669
5	2050	1902	2049	3670
5	1892	1678	1834	3671
5	1881	1735	1880	3672
5	1881	1736	1735	3673
5	1832	1770	1672	3674
5	1974	1965	1804	3675
5	1915	1772	1914	3676
5	1916	1774	1773	3677
5	2068	1921	2065	3678
5	1909	1777	1765	3679
5	1936	1797	1796	3680
5	2078	1932	1938	3681
5	1890	1745	1889	3682
5	1935	1796	1795	3683
5	1893	1748	1892	3684
5	1925	1784	1783	3685
5	1843	1708	1670	3686
5	1850	1823	1694	3687
5	2037	1887	1831	3688
5	1850	1708	1843	3689
5	2131	1854	1951	3690
5	1939	1503	1689	3691
5	1987	1874	1728	3692
5	1872	1577	1727	3693
5	2044	1897	1896	3694
5	2047	1900	1899	3695
5	1847	1825	1682	3696
5	1847	1682	1679	3697
5	1848	1693	1578	3698
5	1848	1578	1668	3699
5	2041	1815	1990	3700
5	2295	2148	1980	3701
5	2182	2035	2181	3702
5	2001	1842	1955	3703
5	2305	2127	2152	3704
5	1851	1660	1691	3705
5	1979	1811	1942	3706
5	1979	1814	1696	3707
5	2104	1956	1853	3708
5	2105	1851	2005	3709
5	1941	1808	1692	3710
5	1943	1655	1816	3711
5	1972	1667	1801	3712
5	1877	1702	1856	3713
5	2371	2265	2425	3714
5	2025	1877	1961	3715
5	2151	1746	1807	3716
5	2106	1971	1891	3717
5	1940	1692	1798	3718
5	2270	1989	2087	3719
5	1859	1829	1742	3720
5	1859	1742	1741	3721
5	1861	1715	1714	3722
5	1862	1679	1715	3723
5	2069	1893	2040	3724
5	1862	1715	1861	3725
5	2165	2163	2011	3726
5	2349	2123	2236	3727
5	1864	1719	1718	3728
5	1886	1740	1885	3729
5	2287	2160	2286	3730
5	1969	1829	1859	3731
5	2114	2078	1938	3732
5	1886	1859	1741	3733
5	2031	1835	1883	3734
5	2015	1866	1858	3735
5	2135	1953	2086	3736
5	1950	1849	1687	3737
5	1869	1725	1724	3738
5	1870	1725	1869	3739
5	2225	2080	2224	3740
5	2020	1871	1870	3741
5	2175	2028	2121	3742
5	1871	1726	1870	3743
5	1975	1960	1805	3744
5	2058	1993	1913	3745
5	2022	1872	1999	3746
5	1872	1721	1577	3747
5	1875	1729	1874	3748
5	2116	2012	1958	3749
5	1875	1730	1729	3750
5	1875	1873	1730	3751
5	1992	1831	1823	3752
5	2001	1843	1842	3753
5	1927	1786	1731	3754
5	1928	1786	1927	3755
5	1878	1733	1732	3756
5	1999	1872	1845	3757
5	2006	1855	1837	3758
5	2234	1987	2145	3759
5	2055	1838	1995	3760
5	1987	1728	1822	3761
5	1883	1737	1882	3762
5	1882	1736	1881	3763
5	1974	1804	1931	3764
5	1883	1673	1737	3765
5	2299	2154	2153	3766
5	2360	2223	2282	3767
5	1975	1805	1828	3768
5	1986	1910	1944	3769
5	2141	1986	2098	3770
5	2029	1882	1881	3771
5	2108	1958	1973	3772
5	2012	1864	1863	3773
5	2204	2058	2203	3774
5	2222	2077	2076	3775
5	1995	1838	1907	3776
5	1888	1812	1743	3777
5	2160	2002	2001	3778
5	2116	1958	2108	3779
5	1890	1840	1675	3780
5	1889	1745	1744	3781
5	2076	1929	2075	3782
5	1993	1836	1913	3783
5	2179	2033	2113	3784
5	2245	2151	2008	3785
5	1893	1749	1748	3786
5	1926	1784	1925	3787
5	1988	1825	1847	3788
5	1924	1749	1893	3789
5	2043	1895	2042	3790
5	2042	1894	2041	3791
5	2049	1901	2048	3792
5	1900	1756	1755	3793
5	2047	1899	2046	3794
5	2073	1927	2072	3795
5	2119	1990	2000	3796
5	1901	1757	1756	3797
5	2073	1928	1927	3798
5	1905	1760	1904	3799
5	2041	1894	1815	3800
5	2043	1896	1895	3801
5	2042	1895	1894	3802
5	1903	1758	1902	3803
5	2052	1905	1904	3804
5	1904	1759	1903	3805
5	2048	1900	2047	3806
5	2045	1897	2044	3807
5	2045	1898	1897	3808
5	1906	1761	1905	3809
5	2215	2124	2071	3810
5	1906	1683	1761	3811
5	2192	2047	2046	3812
5	2009	1861	1860	3813
5	2194	2049	2048	3814
5	2040	1892	1962	3815
5	1907	1838	1764	3816
5	1907	1764	1763	3817
5	1921	1780	1920	3818
5	1919	1778	1777	3819
5	2011	1847	1862	3820
5	2342	2201	2260	3821
5	1912	1768	1911	3822
5	2280	2015	2178	3823
5	1912	1769	1768	3824
5	1912	1910	1769	3825
5	1913	1836	1703	3826
5	1913	1771	1832	3827
5	2018	1869	1868	3828
5	1965	1868	1804	3829
5	1915	1773	1772	3830
5	1917	1775	1774	3831
5	2122	2059	1967	3832
5	1916	1773	1915	3833
5	2208	2063	2062	3834
5	1918	1776	1775	3835
5	2007	1961	1856	3836
5	2007	1856	1855	3837
5	2064	1919	1909	3838
5	2062	1917	2061	3839
5	2050	1903	1902	3840
5	1963	1860	1806	3841
5	1968	1922	1919	3842
5	2063	2006	1837	3843
5	2211	2107	2065	3844
5	1923	1824	1782	3845
5	1922	1920	1779	3846
5	1922	1779	1778	3847
5	2066	1922	1968	3848
5	2207	2061	2206	3849
5	2040	1893	1892	3850
5	1925	1783	1924	3851
5	2213	2069	2040	3852
5	1926	1841	1785	3853
5	2051	1904	1903	3854
5	2044	1896	2043	3855
5	2046	1899	1898	3856
5	2049	1902	1901	3857
5	2117	1946	1970	3858
5	2028	1881	1880	3859
5	2079	1933	2078	3860
5	1930	1789	1929	3861
5	2058	1832	2057	3862
5	1931	1804	1791	3863
5	2057	1840	1966	3864
5	2283	2115	2142	3865
5	1933	1794	1793	3866
5	1934	1795	1794	3867
5	2238	2114	2125	3868
5	1936	1796	1935	3869
5	2077	1930	2076	3870
5	2081	1935	2080	3871
5	2035	1885	2034	3872
5	1937	1744	1797	3873
5	2111	2057	1966	3874
5	2037	1831	1992	3875
5	2036	1859	1886	3876
5	1969	1947	1829	3877
5	1938	1932	1839	3878
5	2126	1969	2095	3879
5	2146	1852	1997	3880
5	2152	1662	1684	3881
5	1943	1546	1655	3882
5	2239	2085	2129	3883
5	2245	2008	2093	3884
5	2128	2004	1814	3885
5	1956	1819	1695	3886
5	2104	2005	1956	3887
5	2129	1546	1943	3888
5	1991	1799	1722	3889
5	1985	1959	1911	3890
5	2224	2079	2223	3891
5	2131	1942	1854	3892
5	2132	1848	1945	3893
5	1946	1876	1800	3894
5	1983	1857	1704	3895
5	1947	1938	1839	3896
5	1947	1839	1829	3897
5	2241	2093	1983	3898
5	1983	1704	1817	3899
5	1949	1948	1818	3900
5	1949	1818	1546	3901
5	2086	1849	1950	3902
5	1953	1706	1849	3903
5	2293	2097	1940	3904
5	2134	1808	1941	3905
5	2149	1978	1952	3906
5	1978	1686	1952	3907
5	2135	1940	1798	3908
5	1953	1798	1664	3909
5	2550	2304	2380	3910
5	1954	1816	1690	3911
5	2024	1875	2023	3912
5	2024	1873	1875	3913
5	2103	1844	2003	3914
5	2097	1941	1940	3915
5	1957	1907	1825	3916
5	2243	2138	2163	3917
5	1958	1863	1812	3918
5	2038	1888	1887	3919
5	1959	1944	1912	3920
5	1959	1912	1911	3921
5	1985	1911	1821	3922
5	1960	1821	1805	3923
5	1961	1877	1856	3924
5	2144	2026	1879	3925
5	1962	1892	1834	3926
5	2054	1962	1834	3927
5	2199	2053	2198	3928
5	2070	1925	1924	3929
5	2177	2030	2176	3930
5	2112	2032	2031	3931
5	2021	1975	1828	3932
5	2018	1868	1965	3933
5	2220	1993	2204	3934
5	2083	1937	2082	3935
5	1967	1914	1824	3936
5	2208	2062	2207	3937
5	2065	1921	1920	3938
5	2067	1824	1923	3939
5	2013	1864	2012	3940
5	2035	1886	1885	3941
5	1970	1946	1800	3942
5	1970	1800	1833	3943
5	1971	1970	1833	3944
5	1971	1833	1891	3945
5	2144	1879	2027	3946
5	2145	1987	1822	3947
5	1973	1958	1812	3948
5	1973	1812	1888	3949
5	2075	1836	1993	3950
5	2076	1930	1929	3951
5	2019	1869	2018	3952
5	2019	1870	1869	3953
5	1976	1963	1806	3954
5	1976	1806	1841	3955
5	1997	1669	1977	3956
5	2244	2127	2229	3957
5	1982	1945	1547	3958
5	2150	1945	1982	3959
5	2005	1851	1819	3960
5	2004	1853	1697	3961
5	2148	2136	1954	3962
5	1980	1813	1707	3963
5	1981	1980	1707	3964
5	1981	1707	1852	3965
5	2296	2289	2149	3966
5	2134	1952	1808	3967
5	2379	2167	2233	3968
5	2008	1653	1857	3969
5	2152	1684	1984	3970
5	1984	1684	1503	3971
5	2220	2075	1993	3972
5	2221	2076	2075	3973
5	1986	1964	1820	3974
5	1986	1820	1910	3975
5	2185	2108	1973	3976
5	2375	2370	2262	3977
5	2010	1861	2009	3978
5	2010	1862	1861	3979
5	2217	2072	1946	3980
5	2157	2017	1867	3981
5	2074	1928	2073	3982
5	2217	1946	2117	3983
5	2113	2032	2112	3984
5	2008	1807	1653	3985
5	2038	1973	1888	3986
5	2038	1887	2037	3987
5	2075	1929	1836	3988
5	2077	1931	1930	3989
5	1994	1976	1841	3990
5	1994	1841	1926	3991
5	2055	1908	1838	3992
5	2064	1909	2056	3993
5	1996	1992	1823	3994
5	1996	1823	1850	3995
5	2103	1939	1844	3996
5	2003	1660	1851	3997
5	2022	1822	1721	3998
5	1999	1845	1998	3999
5	2172	1999	2159	4000
5	2022	1721	1872	4001
5	2000	1990	1846	4002
5	2000	1846	1827	4003
5	2002	1850	1843	4004
5	2002	1996	1850	4005
5	2320	2166	2310	4006
5	2161	2102	1996	4007
5	2128	1979	1942	4008
5	2005	1819	1956	4009
5	2369	1941	2097	4010
5	2147	1652	1810	4011
5	2105	2003	1851	4012
5	2684	2517	2518	4013
5	2060	1915	2059	4014
5	2061	1917	1916	4015
5	2212	2068	2107	4016
5	2422	2260	2276	4017
5	2249	2087	1991	4018
5	2084	1991	1830	4019
5	2202	2055	2201	4020
5	2011	1862	2010	4021
5	2213	2040	2090	4022
5	2011	1988	1847	4023
5	2092	2009	1963	4024
5	2371	2308	2250	4025
5	2013	1865	1864	4026
5	2034	1885	1865	4027
5	2185	1973	2038	4028
5	2036	1886	2035	4029
5	2100	1866	2015	4030
5	2014	1858	1803	4031
5	2033	1884	2032	4032
5	2240	2084	1866	4033
5	2136	1816	1954	4034
5	2135	1798	1953	4035
5	2017	2016	1826	4036
5	2017	1826	1867	4037
5	2021	1871	2020	4038
5	2020	1870	2019	4039
5	2154	1959	1985	4040
5	2021	1828	1871	4041
5	2098	1944	2096	4042
5	2121	2028	1964	4043
5	2450	2311	2372	4044
5	2203	2057	2111	4045
5	2109	1801	2026	4046
5	2109	1972	1801	4047
5	2027	1878	2025	4048
5	2024	1955	1873	4049
5	2102	1992	1996	4050
5	2324	2184	2183	4051
5	2314	2246	2172	4052
5	2253	1972	2109	4053
5	2159	1999	1998	4054
5	2027	1879	1878	4055
5	2166	2012	2116	4056
5	2183	2037	1992	4057
5	2031	1883	2030	4058
5	2030	1883	1882	4059
5	2153	1960	2130	4060
5	2171	1975	2021	4061
5	2168	2019	2018	4062
5	2032	1835	2031	4063
5	2098	1986	1944	4064
5	2255	2113	2254	4065
5	2033	1803	1884	4066
5	2268	2141	2098	4067
5	2176	2029	2175	4068
5	2176	2030	2029	4069
5	2373	2256	2283	4070
5	2363	2226	2362	4071
5	2273	2228	2110	4072
5	2036	1969	1859	4073
5	2362	2225	2361	4074
5	2223	2078	2114	4075
5	2156	2023	1874	4076
5	2205	2060	2059	4077
5	2374	2263	2350	4078
5	2856	2731	2765	4079
5	2039	1966	1890	4080
5	2039	1890	1889	4081
5	2069	1924	1893	4082
5	2071	1925	2070	4083
5	2188	2042	2187	4084
5	2189	2043	2188	4085
5	2186	1990	2119	4086
5	2046	1898	2045	4087
5	2190	2045	2044	4088
5	2336	2195	2194	4089
5	2218	2072	2217	4090
5	2048	1901	1900	4091
5	2186	2041	1990	4092
5	2195	2049	2194	4093
5	2187	2041	2186	4094
5	2053	1905	2052	4095
5	2187	2042	2041	4096
5	2188	2043	2042	4097
5	2190	2044	2189	4098
5	2051	1903	2050	4099
5	2199	2054	2053	4100
5	2052	1904	2051	4101
5	2198	2052	2197	4102
5	2192	2046	2191	4103
5	2189	2044	2043	4104
5	2054	1906	2053	4105
5	2196	2051	2050	4106
5	2054	1834	1906	4107
5	2140	2092	1963	4108
5	2352	2213	2351	4109
5	2164	2009	2092	4110
5	2164	2010	2009	4111
5	2210	2064	2056	4112
5	2056	1908	2055	4113
5	2236	2123	2200	4114
5	2165	2010	2164	4115
5	2058	1913	1832	4116
5	2057	1832	1840	4117
5	2115	1966	2039	4118
5	2223	2079	2078	4119
5	2060	1916	1915	4120
5	2063	1837	1918	4121
5	2062	1918	1917	4122
5	2061	1916	2060	4123
5	2303	2094	2262	4124
5	2346	2207	2345	4125
5	2285	2143	2261	4126
5	2139	1961	2007	4127
5	2139	2094	1961	4128
5	2205	2059	2122	4129
5	2201	1995	2099	4130
5	2206	2060	2205	4131
5	2285	2122	2143	4132
5	2067	1967	1824	4133
5	2066	2065	1920	4134
5	2066	1920	1922	4135
5	2107	2068	2065	4136
5	2201	2055	1995	4137
5	2068	2067	1923	4138
5	2068	1923	1921	4139
5	2090	2054	2199	4140
5	2070	1924	2069	4141
5	2419	2144	2315	4142
5	2071	1994	1926	4143
5	2448	2308	2371	4144
5	2475	2336	2474	4145
5	2191	2045	2190	4146
5	2074	2000	1827	4147
5	2219	2073	2218	4148
5	2266	1971	2106	4149
5	2331	2189	2330	4150
5	2194	2048	2193	4151
5	2299	2153	2298	4152
5	2627	2494	2502	4153
5	2171	2130	1975	4154
5	2077	1974	1931	4155
5	2377	2274	2300	4156
5	2298	2153	2130	4157
5	2079	1934	1933	4158
5	2080	1935	1934	4159
5	2180	2034	2013	4160
5	2083	1889	1937	4161
5	2183	1992	2102	4162
5	2166	2013	2012	4163
5	2115	2111	1966	4164
5	2082	1936	2081	4165
5	2227	2142	2083	4166
5	2083	2039	1889	4167
5	2343	2203	2111	4168
5	2226	2081	2225	4169
5	2085	1948	1949	4170
5	2086	1953	1849	4171
5	2270	2157	1989	4172
5	2087	1989	1799	4173
5	2167	2088	2016	4174
5	2369	2134	1941	4175
5	2151	1807	2008	4176
5	2133	1817	1948	4177
5	2386	2135	2086	4178
5	2088	1950	1513	4179
5	2089	2001	1955	4180
5	2155	2089	1955	4181
5	2330	2188	2329	4182
5	2337	2196	2195	4183
5	2091	2018	1965	4184
5	2237	2130	2171	4185
5	2140	1976	2120	4186
5	2215	2071	2070	4187
5	2271	2086	1950	4188
5	2429	2271	2304	4189
5	2094	2025	1961	4190
5	2478	2272	2339	4191
5	2182	2036	2035	4192
5	2181	2035	2034	4193
5	2154	2096	1959	4194
5	2130	1960	1975	4195
5	2167	2016	2017	4196
5	2148	1813	1980	4197
5	2275	2141	2268	4198
5	2496	2361	2360	4199
5	2696	2564	2520	4200
5	2341	2200	2210	4201
5	2178	2015	2014	4202
5	2555	2432	2280	4203
5	2101	2091	1965	4204
5	2101	1965	1974	4205
5	2161	2002	2160	4206
5	2324	2183	2251	4207
5	2388	2148	2295	4208
5	2278	2003	2105	4209
5	2384	2105	2277	4210
5	2104	1853	2004	4211
5	2152	1809	1662	4212
5	2158	1939	2103	4213
5	2113	2033	2032	4214
5	2279	2119	2216	4215
5	2211	2066	2123	4216
5	2202	2056	2055	4217
5	2184	2037	2183	4218
5	2306	2102	2161	4219
5	2314	2159	2253	4220
5	2145	1822	2022	4221
5	2110	2101	1974	4222
5	2110	1974	2077	4223
5	2203	2058	2057	4224
5	2204	1993	2058	4225
5	2280	2100	2015	4226
5	2318	2254	2112	4227
5	2255	2179	2113	4228
5	2266	2118	1971	4229
5	2226	2082	2081	4230
5	2282	2114	2238	4231
5	2273	2110	2222	4232
5	2256	2111	2115	4233
5	2180	2013	2166	4234
5	2181	2034	2180	4235
5	2317	2175	2316	4236
5	2457	2319	2385	4237
5	2118	2117	1970	4238
5	2118	1970	1971	4239
5	2219	2074	2073	4240
5	2334	2193	2192	4241
5	2140	1963	1976	4242
5	2120	1976	1994	4243
5	2175	2029	2028	4244
5	2177	2031	2030	4245
5	2462	2324	2398	4246
5	2345	2205	2230	4247
5	2211	2065	2066	4248
5	2123	2066	1968	4249
5	2124	2120	1994	4250
5	2124	1994	2071	4251
5	2125	2114	1938	4252
5	2125	1938	1947	4253
5	2126	2125	1947	4254
5	2126	1947	1969	4255
5	2303	2174	2094	4256
5	2383	2277	2104	4257
5	2296	2149	2290	4258
5	2277	2005	2104	4259
5	2129	2085	1949	4260
5	2129	1949	1546	4261
5	2153	1985	1960	4262
5	2154	1985	2153	4263
5	2289	2147	2149	4264
5	2290	2149	1952	4265
5	2291	2131	1951	4266
5	2132	1951	1848	4267
5	2292	2133	1948	4268
5	2249	1991	2084	4269
5	2150	2132	1945	4270
5	2149	2147	1978	4271
5	2386	2086	2378	4272
5	2417	2383	2247	4273
5	2518	2388	2295	4274
5	2504	2408	2409	4275
5	2148	1954	1813	4276
5	2137	1980	1981	4277
5	2138	2099	1957	4278
5	2138	1957	1988	4279
5	2209	2006	2063	4280
5	2207	2062	2061	4281
5	2338	2197	2196	4282
5	2340	2199	2272	4283
5	2141	2121	1964	4284
5	2141	1964	1986	4285
5	2142	2115	2039	4286
5	2142	2039	2083	4287
5	2143	2122	1967	4288
5	2143	1967	2067	4289
5	2174	2025	2094	4290
5	2155	1955	2024	4291
5	2156	1874	1987	4292
5	2172	2022	1999	4293
5	2416	2137	1981	4294
5	2146	1981	1852	4295
5	2147	1982	1665	4296
5	2147	1665	1652	4297
5	2295	1980	2137	4298
5	2652	2544	2387	4299
5	2417	2248	2391	4300
5	2247	2104	2004	4301
5	2391	2248	2128	4302
5	2291	1951	2132	4303
5	2297	1891	2151	4304
5	2151	1891	1746	4305
5	2158	1984	1939	4306
5	2152	2127	1977	4307
5	2267	2101	2228	4308
5	2317	2176	2175	4309
5	2298	2130	2237	4310
5	2311	2169	2168	4311
5	2368	2258	2156	4312
5	2262	2094	2139	4313
5	2345	2206	2205	4314
5	2234	2156	1987	4315
5	2242	1943	2136	4316
5	2271	1950	2088	4317
5	2305	1984	2158	4318
5	2305	2152	1984	4319
5	2172	2145	2022	4320
5	2723	2453	2540	4321
5	2161	1996	2002	4322
5	2320	2180	2166	4323
5	2277	2105	2005	4324
5	2288	2128	1942	4325
5	2162	2139	2007	4326
5	2162	2007	2006	4327
5	2163	2138	1988	4328
5	2163	1988	2011	4329
5	2165	2011	2010	4330
5	2422	2276	2394	4331
5	2335	2193	2334	4332
5	2307	2163	2165	4333
5	2310	2116	2309	4334
5	2449	2322	2320	4335
5	2438	2241	2133	4336
5	2292	1948	2085	4337
5	2169	2020	2019	4338
5	2170	2021	2020	4339
5	2644	2585	2511	4340
5	2316	2121	2275	4341
5	2358	2221	2220	4342
5	2171	2021	2170	4343
5	2358	2220	2357	4344
5	2360	2224	2223	4345
5	2314	2172	2159	4346
5	2252	2026	2144	4347
5	2173	2155	2024	4348
5	2173	2024	2023	4349
5	2258	2023	2156	4350
5	2433	2261	2423	4351
5	2411	2228	2273	4352
5	2443	2298	2396	4353
5	2318	2112	2177	4354
5	2275	2121	2141	4355
5	2319	2176	2317	4356
5	2177	2112	2031	4357
5	2284	2179	2255	4358
5	2505	2266	2397	4359
5	2179	2178	2014	4360
5	2179	2014	2033	4361
5	2326	2108	2185	4362
5	2364	2283	2142	4363
5	2418	2398	2251	4364
5	2182	2095	2036	4365
5	2322	2180	2320	4366
5	2325	2184	2324	4367
5	2184	2038	2037	4368
5	2185	2038	2184	4369
5	2462	2325	2324	4370
5	2309	2116	2108	4371
5	2326	2309	2108	4372
5	2446	2286	2435	4373
5	2330	2189	2188	4374
5	2329	2187	2328	4375
5	2475	2337	2336	4376
5	2193	2048	2047	4377
5	2430	2275	2268	4378
5	2441	2397	2106	4379
5	2327	2186	2119	4380
5	2191	2046	2045	4381
5	2336	2194	2335	4382
5	2334	2192	2333	4383
5	2328	2187	2186	4384
5	2329	2188	2187	4385
5	2331	2190	2189	4386
5	2197	2051	2196	4387
5	2351	2090	2340	4388
5	2195	2050	2049	4389
5	2272	2199	2198	4390
5	2339	2198	2197	4391
5	2339	2197	2338	4392
5	2198	2053	2052	4393
5	2337	2195	2336	4394
5	2332	2191	2190	4395
5	2352	2214	2213	4396
5	2090	1962	2054	4397
5	2404	2259	2376	4398
5	2214	2070	2069	4399
5	2484	2403	2341	4400
5	2250	2164	2092	4401
5	2200	2123	1968	4402
5	2200	1968	2064	4403
5	2260	2201	2099	4404
5	2210	2056	2202	4405
5	2341	2236	2200	4406
5	2210	2200	2064	4407
5	2498	2363	2362	4408
5	2221	2075	2220	4409
5	2480	2344	2343	4410
5	2222	2110	2077	4411
5	2206	2061	2060	4412
5	2209	2063	2208	4413
5	2424	2173	2258	4414
5	2287	2161	2160	4415
5	2615	2481	2506	4416
5	2209	2162	2006	4417
5	2231	2139	2162	4418
5	2485	2350	2349	4419
5	2483	2348	2342	4420
5	2350	2211	2349	4421
5	2448	2307	2308	4422
5	2276	2138	2243	4423
5	2342	2202	2201	4424
5	2556	2402	2482	4425
5	2212	2143	2067	4426
5	2212	2067	2068	4427
5	2259	2120	2124	4428
5	2214	2069	2213	4429
5	2352	2264	2215	4430
5	2215	2070	2214	4431
5	2508	2376	2488	4432
5	2332	2190	2331	4433
5	2216	2119	2000	4434
5	2216	2000	2074	4435
5	2218	2073	2072	4436
5	2327	2119	2279	4437
5	2766	2644	2694	4438
5	2355	2216	2219	4439
5	2328	2186	2327	4440
5	2219	2216	2074	4441
5	2497	2362	2361	4442
5	2421	2255	2254	4443
5	2311	2168	2235	4444
5	2222	2076	2221	4445
5	2235	2168	2091	4446
5	2412	2235	2267	4447
5	2224	2080	2079	4448
5	2225	2081	2080	4449
5	2357	2204	2344	4450
5	2227	2083	2082	4451
5	2633	2500	2499	4452
5	2322	2181	2180	4453
5	2460	2323	2322	4454
5	2227	2082	2226	4455
5	2458	2310	2309	4456
5	2282	2223	2114	4457
5	2359	2222	2221	4458
5	2555	2178	2284	4459
5	2244	1997	2127	4460
5	2244	2146	1997	4461
5	2230	2205	2122	4462
5	2285	2230	2122	4463
5	2347	2209	2208	4464
5	2401	2375	2231	4465
5	2232	2231	2162	4466
5	2232	2162	2209	4467
5	2233	2167	2017	4468
5	2233	2017	2157	4469
5	2252	2109	2026	4470
5	2258	2173	2023	4471
5	2585	2450	2511	4472
5	2451	2312	2450	4473
5	2261	2143	2212	4474
5	2400	2345	2230	4475
5	2312	2169	2311	4476
5	2312	2170	2169	4477
5	2321	2269	2095	4478
5	2461	2321	2323	4479
5	2293	1940	2135	4480
5	2241	1983	2133	4481
5	2249	2084	2240	4482
5	2567	2428	2270	4483
5	2678	2389	2503	4484
5	2297	2106	1891	4485
5	2242	2239	2129	4486
5	2242	2129	1943	4487
5	2485	2349	2382	4488
5	2265	2092	2140	4489
5	2431	2229	2158	4490
5	2416	2146	2244	4491
5	2365	2292	2085	4492
5	2544	2097	2387	4493
5	2246	2234	2145	4494
5	2246	2145	2172	4495
5	2288	1942	2131	4496
5	2416	1981	2146	4497
5	2248	2247	2004	4498
5	2248	2004	2128	4499
5	2378	2086	2271	4500
5	2353	2117	2281	4501
5	2307	2243	2163	4502
5	2308	2164	2250	4503
5	2251	2183	2102	4504
5	2598	2462	2512	4505
5	2419	2252	2144	4506
5	2262	2139	2231	4507
5	2355	2279	2216	4508
5	2420	2279	2355	4509
5	2354	2217	2353	4510
5	2254	2113	2112	4511
5	2675	2510	2405	4512
5	2284	2178	2179	4513
5	2359	2273	2222	4514
5	2343	2111	2256	4515
5	2257	2238	2125	4516
5	2257	2125	2126	4517
5	2315	2144	2027	4518
5	2315	2027	2174	4519
5	2294	2120	2259	4520
5	2265	2250	2092	4521
5	2487	2352	2351	4522
5	2488	2264	2352	4523
5	2423	2261	2263	4524
5	2350	2107	2211	4525
5	2573	2433	2572	4526
5	2286	2160	2089	4527
5	2263	2261	2212	4528
5	2263	2212	2107	4529
5	2264	2259	2124	4530
5	2264	2124	2215	4531
5	2514	2394	2414	4532
5	2381	2342	2260	4533
5	2486	2351	2340	4534
5	2281	2117	2118	4535
5	2267	2235	2091	4536
5	2267	2091	2101	4537
5	2555	2284	2510	4538
5	2427	2268	2274	4539
5	2269	2257	2126	4540
5	2269	2126	2095	4541
5	2501	2438	2292	4542
5	2516	2233	2428	4543
5	2432	2366	2100	4544
5	2429	2378	2271	4545
5	2340	2090	2199	4546
5	2351	2213	2090	4547
5	2344	2203	2343	4548
5	2399	2343	2256	4549
5	2274	2268	2098	4550
5	2274	2098	2096	4551
5	2455	2275	2430	4552
5	2444	2300	2299	4553
5	2276	2260	2099	4554
5	2276	2099	2138	4555
5	2384	2278	2105	4556
5	2278	2103	2003	4557
5	2431	2158	2103	4558
5	2431	2103	2278	4559
5	2253	2159	1998	4560
5	2253	1998	1972	4561
5	2505	2118	2266	4562
5	2366	2240	2100	4563
5	2353	2217	2117	4564
5	2354	2218	2217	4565
5	2363	2227	2226	4566
5	2283	2256	2115	4567
5	2361	2224	2360	4568
5	2763	2632	2762	4569
5	2441	2106	2297	4570
5	2397	2266	2106	4571
5	2481	2345	2400	4572
5	2401	2231	2232	4573
5	2526	2445	2301	4574
5	2434	2230	2285	4575
5	2306	2251	2102	4576
5	2306	2161	2287	4577
5	2503	2389	2439	4578
5	2290	1952	2134	4579
5	2289	2150	1982	4580
5	2289	1982	2147	4581
5	2383	2104	2247	4582
5	2390	2131	2291	4583
5	2390	2288	2131	4584
5	2518	2295	2440	4585
5	2428	2233	2157	4586
5	2791	2567	2651	4587
5	2380	2304	2167	4588
5	2388	2136	2148	4589
5	2294	2265	2140	4590
5	2294	2140	2120	4591
5	2519	2293	2386	4592
5	2365	2085	2239	4593
5	2436	2132	2150	4594
5	2296	2150	2289	4595
5	2297	2151	2245	4596
5	2432	2100	2280	4597
5	2300	2096	2154	4598
5	2300	2154	2299	4599
5	2395	2267	2228	4600
5	2300	2274	2096	4601
5	2412	2267	2395	4602
5	2638	2504	2509	4603
5	2375	2262	2231	4604
5	2302	2155	2301	4605
5	2302	2286	2089	4606
5	2302	2089	2155	4607
5	2368	2156	2234	4608
5	2452	2253	2109	4609
5	2304	2271	2088	4610
5	2304	2088	2167	4611
5	2305	2158	2229	4612
5	2305	2229	2127	4613
5	2435	2286	2302	4614
5	2619	2485	2618	4615
5	2483	2342	2381	4616
5	2572	2433	2423	4617
5	2308	2307	2165	4618
5	2308	2165	2164	4619
5	2310	2166	2116	4620
5	2321	2095	2182	4621
5	2459	2310	2458	4622
5	2632	2499	2498	4623
5	2313	2171	2170	4624
5	2313	2170	2312	4625
5	2570	2430	2427	4626
5	2313	2237	2171	4627
5	2427	2274	2377	4628
5	2444	2377	2300	4629
5	2452	2393	2314	4630
5	2452	2109	2252	4631
5	2588	2315	2453	4632
5	2767	2642	2588	4633
5	2489	2353	2281	4634
5	2454	2254	2318	4635
5	2451	2407	2313	4636
5	2780	2644	2766	4637
5	2491	2355	2356	4638
5	2405	2284	2255	4639
5	2319	2318	2177	4640
5	2319	2177	2176	4641
5	2464	2309	2326	4642
5	2630	2497	2496	4643
5	2323	2181	2322	4644
5	2406	2360	2282	4645
5	2323	2182	2181	4646
5	2323	2321	2182	4647
5	2460	2322	2449	4648
5	2499	2363	2498	4649
5	2325	2185	2184	4650
5	2326	2185	2325	4651
5	2463	2325	2462	4652
5	2761	2630	2760	4653
5	2599	2463	2598	4654
5	2689	2522	2543	4655
5	2466	2327	2465	4656
5	2465	2279	2420	4657
5	2490	2353	2489	4658
5	2333	2191	2332	4659
5	2465	2327	2279	4660
5	2479	2340	2272	4661
5	2467	2328	2466	4662
5	2466	2328	2327	4663
5	2487	2351	2486	4664
5	2333	2192	2191	4665
5	2477	2339	2338	4666
5	2467	2329	2328	4667
5	2471	2332	2470	4668
5	2335	2194	2193	4669
5	2468	2330	2329	4670
5	2473	2334	2472	4671
5	2469	2330	2468	4672
5	2338	2196	2337	4673
5	2469	2331	2330	4674
5	2470	2332	2331	4675
5	2472	2333	2471	4676
5	2339	2272	2198	4677
5	2471	2333	2332	4678
5	2478	2339	2477	4679
5	2472	2334	2333	4680
5	2473	2335	2334	4681
5	2479	2272	2478	4682
5	2352	2215	2214	4683
5	2348	2202	2342	4684
5	2484	2348	2483	4685
5	2348	2210	2202	4686
5	2348	2341	2210	4687
5	2344	2204	2203	4688
5	2357	2220	2204	4689
5	2412	2372	2235	4690
5	2359	2221	2358	4691
5	2346	2208	2207	4692
5	2347	2232	2209	4693
5	2370	2303	2262	4694
5	2347	2208	2346	4695
5	2418	2251	2306	4696
5	2711	2572	2528	4697
5	2425	2265	2294	4698
5	2620	2479	2614	4699
5	2350	2263	2107	4700
5	2349	2211	2123	4701
5	2528	2423	2374	4702
5	2423	2263	2374	4703
5	2474	2336	2335	4704
5	2371	2250	2265	4705
5	2376	2259	2264	4706
5	2477	2338	2476	4707
5	2430	2268	2427	4708
5	2356	2218	2354	4709
5	2586	2524	2407	4710
5	2566	2457	2529	4711
5	2470	2331	2469	4712
5	2468	2329	2467	4713
5	2356	2355	2219	4714
5	2356	2219	2218	4715
5	2821	2722	2780	4716
5	2761	2631	2630	4717
5	2726	2589	2724	4718
5	2463	2326	2325	4719
5	2496	2360	2406	4720
5	2632	2498	2631	4721
5	2361	2225	2224	4722
5	2362	2226	2225	4723
5	2630	2496	2629	4724
5	2364	2142	2227	4725
5	3011	2931	2887	4726
5	2912	2884	2769	4727
5	2494	2357	2492	4728
5	2364	2227	2363	4729
5	2411	2395	2228	4730
5	2399	2256	2373	4731
5	2674	2505	2397	4732
5	2428	2157	2270	4733
5	2367	2240	2366	4734
5	2367	2249	2240	4735
5	2537	2241	2438	4736
5	2695	2537	2637	4737
5	2523	2258	2368	4738
5	2523	2424	2258	4739
5	2437	2296	2290	4740
5	2369	2290	2134	4741
5	2733	2598	2647	4742
5	2540	2303	2370	4743
5	2448	2414	2307	4744
5	2546	2381	2521	4745
5	2372	2311	2235	4746
5	2524	2396	2407	4747
5	2500	2373	2283	4748
5	2499	2364	2363	4749
5	2485	2374	2350	4750
5	2572	2423	2528	4751
5	2482	2346	2481	4752
5	2520	2375	2401	4753
5	2404	2294	2259	4754
5	2425	2294	2404	4755
5	2570	2427	2522	4756
5	2396	2298	2237	4757
5	2552	2369	2544	4758
5	2801	2501	2648	4759
5	2438	2133	2292	4760
5	2380	2167	2379	4761
5	2516	2379	2233	4762
5	2391	2128	2288	4763
5	2382	2349	2236	4764
5	2698	2616	2690	4765
5	2563	2394	2514	4766
5	2565	2371	2425	4767
5	2417	2247	2248	4768
5	2548	2415	2229	4769
5	2549	2277	2383	4770
5	2415	2244	2229	4771
5	2385	2319	2317	4772
5	2455	2316	2275	4773
5	2387	2097	2293	4774
5	2386	2293	2135	4775
5	2569	2545	2378	4776
5	2389	2239	2242	4777
5	2648	2365	2551	4778
5	2555	2280	2178	4779
5	2548	2229	2431	4780
5	2439	2136	2388	4781
5	2552	2437	2369	4782
5	2576	2296	2437	4783
5	2553	2288	2390	4784
5	2437	2290	2369	4785
5	2392	2368	2234	4786
5	2392	2234	2246	4787
5	2393	2392	2246	4788
5	2393	2246	2314	4789
5	2422	2381	2260	4790
5	2394	2276	2243	4791
5	2840	2707	2692	4792
5	2760	2629	2759	4793
5	2443	2299	2298	4794
5	2444	2299	2443	4795
5	2534	2367	2366	4796
5	2426	2356	2354	4797
5	2398	2324	2251	4798
5	2573	2507	2434	4799
5	2493	2411	2273	4800
5	2480	2343	2399	4801
5	2526	2301	2424	4802
5	2424	2301	2173	4803
5	2513	2435	2445	4804
5	2482	2347	2346	4805
5	2402	2401	2232	4806
5	2402	2232	2347	4807
5	2403	2382	2236	4808
5	2403	2236	2341	4809
5	2673	2528	2619	4810
5	2584	2371	2565	4811
5	2557	2420	2491	4812
5	2716	2534	2535	4813
5	2498	2362	2497	4814
5	2497	2361	2496	4815
5	2407	2396	2237	4816
5	2407	2237	2313	4817
5	2408	2406	2282	4818
5	2408	2282	2238	4819
5	2409	2408	2238	4820
5	2409	2238	2257	4821
5	2410	2409	2257	4822
5	2410	2257	2269	4823
5	2492	2344	2480	4824
5	2494	2358	2357	4825
5	2530	2502	2492	4826
5	2530	2480	2399	4827
5	2413	2410	2269	4828
5	2413	2269	2321	4829
5	2414	2394	2243	4830
5	2414	2243	2307	4831
5	2544	2369	2097	4832
5	2440	2295	2137	4833
5	2685	2440	2653	4834
5	2653	2440	2560	4835
5	2667	2515	2505	4836
5	2660	2571	2384	4837
5	2447	2418	2306	4838
5	2447	2287	2446	4839
5	2689	2682	2522	4840
5	2452	2314	2253	4841
5	2491	2420	2355	4842
5	2491	2356	2426	4843
5	2590	2456	2455	4844
5	2421	2405	2255	4845
5	2690	2616	2617	4846
5	2892	2781	2782	4847
5	2433	2285	2261	4848
5	2434	2285	2433	4849
5	2453	2174	2303	4850
5	2618	2485	2382	4851
5	2521	2381	2422	4852
5	2975	2841	2893	4853
5	2693	2566	2529	4854
5	2625	2558	2421	4855
5	2456	2385	2317	4856
5	2668	2645	2554	4857
5	2567	2270	2087	4858
5	2658	2367	2534	4859
5	2661	2429	2550	4860
5	2519	2387	2293	4861
5	2591	2385	2456	4862
5	2626	2491	2426	4863
5	2660	2548	2571	4864
5	2701	2561	2415	4865
5	2510	2284	2405	4866
5	2771	2550	2659	4867
5	2720	2520	2583	4868
5	2434	2400	2230	4869
5	2730	2525	2596	4870
5	2712	2572	2711	4871
5	2698	2547	2616	4872
5	2446	2287	2286	4873
5	2575	2291	2436	4874
5	2436	2150	2296	4875
5	2839	2666	2553	4876
5	2436	2291	2132	4877
5	2501	2292	2365	4878
5	3006	2834	2756	4879
5	2439	2389	2242	4880
5	2439	2242	2136	4881
5	2654	2552	2544	4882
5	2773	2552	2654	4883
5	3145	3066	3083	4884
5	2623	2426	2490	4885
5	2442	2441	2297	4886
5	2442	2297	2245	4887
5	2628	2493	2495	4888
5	2724	2570	2682	4889
5	2532	2395	2411	4890
5	2603	2467	2602	4891
5	2445	2435	2302	4892
5	2445	2302	2301	4893
5	2447	2306	2287	4894
5	2525	2410	2413	4895
5	2546	2483	2381	4896
5	2596	2461	2595	4897
5	2614	2479	2478	4898
5	2610	2474	2609	4899
5	2461	2413	2321	4900
5	2461	2323	2460	4901
5	2451	2313	2312	4902
5	2450	2312	2311	4903
5	2722	2585	2644	4904
5	2586	2451	2585	4905
5	2587	2252	2419	4906
5	2587	2452	2252	4907
5	2588	2419	2315	4908
5	2453	2315	2174	4909
5	2490	2354	2353	4910
5	2454	2421	2254	4911
5	2456	2316	2455	4912
5	2456	2317	2316	4913
5	2579	2396	2524	4914
5	2762	2632	2631	4915
5	2457	2454	2318	4916
5	2457	2318	2319	4917
5	2459	2320	2310	4918
5	2459	2449	2320	4919
5	2574	2446	2435	4920
5	2649	2502	2530	4921
5	2596	2525	2413	4922
5	2598	2463	2462	4923
5	2595	2461	2460	4924
5	2525	2509	2410	4925
5	2845	2822	2665	4926
5	2464	2326	2463	4927
5	2592	2459	2458	4928
5	2464	2458	2309	4929
5	2594	2460	2449	4930
5	2729	2594	2593	4931
5	2611	2476	2475	4932
5	2602	2466	2601	4933
5	2604	2468	2603	4934
5	2600	2465	2420	4935
5	2612	2477	2476	4936
5	2558	2405	2421	4937
5	2601	2466	2465	4938
5	2474	2335	2473	4939
5	2608	2472	2607	4940
5	2605	2469	2604	4941
5	2602	2467	2466	4942
5	2612	2476	2611	4943
5	2603	2468	2467	4944
5	2476	2338	2337	4945
5	2609	2473	2608	4946
5	2614	2478	2613	4947
5	2604	2469	2468	4948
5	2605	2470	2469	4949
5	2607	2471	2606	4950
5	2476	2337	2475	4951
5	2606	2470	2605	4952
5	2606	2471	2470	4953
5	2613	2477	2612	4954
5	2488	2352	2487	4955
5	2607	2472	2471	4956
5	2608	2473	2472	4957
5	2621	2486	2620	4958
5	2486	2340	2479	4959
5	2609	2474	2473	4960
5	2610	2475	2474	4961
5	2492	2357	2344	4962
5	2493	2273	2359	4963
5	2482	2402	2347	4964
5	2481	2346	2345	4965
5	2583	2520	2401	4966
5	2581	2418	2447	4967
5	2484	2341	2348	4968
5	2943	2831	2798	4969
5	2541	2404	2376	4970
5	2584	2448	2371	4971
5	2618	2382	2547	4972
5	2749	2547	2698	4973
5	2622	2488	2487	4974
5	2841	2706	2775	4975
5	2721	2584	2565	4976
5	2488	2376	2264	4977
5	2617	2483	2546	4978
5	2541	2376	2508	4979
5	2490	2426	2354	4980
5	2600	2420	2557	4981
5	2674	2667	2505	4982
5	2705	2555	2704	4983
5	2704	2555	2510	4984
5	2601	2465	2600	4985
5	3015	2905	2913	4986
5	2628	2495	2627	4987
5	2495	2358	2494	4988
5	2542	2372	2412	4989
5	2495	2359	2358	4990
5	2495	2493	2359	4991
5	2591	2529	2385	4992
5	2543	2522	2377	4993
5	2533	2408	2504	4994
5	2633	2531	2373	4995
5	2533	2406	2408	4996
5	2500	2283	2364	4997
5	2530	2399	2531	4998
5	2530	2492	2480	4999
5	2633	2373	2500	5000
5	2500	2364	2499	5001
5	2827	2650	2664	5002
5	2631	2498	2497	5003
5	2705	2432	2555	5004
5	2567	2087	2249	5005
5	2502	2494	2492	5006
5	2629	2406	2533	5007
5	2678	2551	2389	5008
5	2551	2239	2389	5009
5	2593	2449	2459	5010
5	2596	2413	2461	5011
5	2515	2281	2505	5012
5	2505	2281	2118	5013
5	2506	2481	2400	5014
5	2573	2434	2433	5015
5	2507	2506	2400	5016
5	2507	2400	2434	5017
5	2679	2508	2622	5018
5	2620	2486	2479	5019
5	2509	2504	2409	5020
5	2509	2409	2410	5021
5	2537	2093	2241	5022
5	2515	2489	2281	5023
5	2511	2450	2372	5024
5	2542	2511	2372	5025
5	2512	2462	2398	5026
5	2854	2765	2729	5027
5	2583	2401	2402	5028
5	2574	2435	2513	5029
5	2878	2751	2877	5030
5	2541	2425	2404	5031
5	2697	2559	2640	5032
5	2589	2430	2570	5033
5	2550	2429	2304	5034
5	2811	2685	2653	5035
5	2517	2503	2439	5036
5	2517	2439	2388	5037
5	2634	2503	2517	5038
5	2518	2517	2388	5039
5	2770	2700	2569	5040
5	2569	2378	2429	5041
5	2540	2453	2303	5042
5	2564	2375	2520	5043
5	2750	2673	2619	5044
5	2691	2546	2656	5045
5	2522	2427	2377	5046
5	2783	2717	2643	5047
5	2642	2419	2588	5048
5	2639	2424	2523	5049
5	2543	2377	2444	5050
5	2795	2689	2669	5051
5	2593	2459	2592	5052
5	3090	2957	3016	5053
5	2635	2445	2526	5054
5	2639	2526	2424	5055
5	2527	2514	2414	5056
5	2527	2414	2448	5057
5	2781	2690	2691	5058
5	2836	2698	2690	5059
5	2529	2457	2385	5060
5	2682	2570	2522	5061
5	2692	2626	2623	5062
5	2758	2668	2628	5063
5	2755	2623	2624	5064
5	2531	2399	2373	5065
5	2559	2395	2532	5066
5	2776	2768	2640	5067
5	2629	2496	2406	5068
5	2631	2497	2630	5069
5	2536	2442	2245	5070
5	2637	2537	2438	5071
5	2535	2534	2366	5072
5	2535	2366	2432	5073
5	2577	2397	2441	5074
5	2967	2578	2636	5075
5	2537	2536	2245	5076
5	2537	2245	2093	5077
5	2538	2523	2368	5078
5	2538	2368	2392	5079
5	2539	2512	2398	5080
5	2539	2398	2418	5081
5	2663	2512	2539	5082
5	2639	2538	2655	5083
5	2565	2425	2541	5084
5	2583	2402	2556	5085
5	2669	2543	2580	5086
5	2883	2840	2692	5087
5	2580	2443	2579	5088
5	2580	2543	2444	5089
5	2660	2384	2549	5090
5	2553	2391	2288	5091
5	2545	2519	2386	5092
5	2545	2386	2378	5093
5	2547	2382	2403	5094
5	2619	2374	2485	5095
5	2749	2618	2547	5096
5	2688	2521	2563	5097
5	2549	2384	2277	5098
5	2571	2278	2384	5099
5	2701	2415	2548	5100
5	2654	2544	2652	5101
5	2785	2577	2715	5102
5	2551	2365	2239	5103
5	2666	2417	2391	5104
5	2666	2391	2553	5105
5	2702	2653	2560	5106
5	2648	2501	2365	5107
5	3059	2837	2938	5108
5	2576	2436	2296	5109
5	2554	2532	2411	5110
5	2554	2411	2493	5111
5	2774	2705	2704	5112
5	2815	2651	2568	5113
5	2681	2527	2584	5114
5	2584	2527	2448	5115
5	2626	2426	2623	5116
5	2727	2725	2591	5117
5	3136	3031	2946	5118
5	2625	2421	2454	5119
5	2559	2542	2412	5120
5	2559	2412	2395	5121
5	2560	2440	2137	5122
5	2560	2137	2416	5123
5	2561	2560	2416	5124
5	2561	2416	2415	5125
5	2562	2538	2392	5126
5	2562	2392	2393	5127
5	2563	2521	2422	5128
5	2563	2422	2394	5129
5	2767	2588	2723	5130
5	2564	2370	2375	5131
5	2900	2788	2789	5132
5	2871	2745	2870	5133
5	2625	2454	2566	5134
5	2566	2454	2457	5135
5	2801	2637	2501	5136
5	2791	2428	2567	5137
5	2568	2567	2249	5138
5	2568	2249	2367	5139
5	2686	2652	2387	5140
5	2686	2387	2519	5141
5	2589	2455	2430	5142
5	2590	2455	2589	5143
5	2571	2548	2431	5144
5	2571	2431	2278	5145
5	2827	2796	2650	5146
5	2713	2507	2573	5147
5	2671	2664	2615	5148
5	2796	2720	2650	5149
5	2581	2539	2418	5150
5	2582	2446	2574	5151
5	2714	2390	2575	5152
5	2575	2390	2291	5153
5	2714	2575	2576	5154
5	2576	2575	2436	5155
5	2825	2678	2503	5156
5	2803	2695	2637	5157
5	2578	2577	2441	5158
5	2578	2441	2442	5159
5	2580	2444	2443	5160
5	2579	2443	2396	5161
5	2708	2489	2515	5162
5	2689	2543	2669	5163
5	2719	2574	2677	5164
5	2728	2593	2592	5165
5	2582	2581	2447	5166
5	2582	2447	2446	5167
5	2720	2583	2650	5168
5	2720	2696	2520	5169
5	2798	2657	2672	5170
5	2706	2541	2508	5171
5	2586	2407	2451	5172
5	2585	2451	2450	5173
5	2676	2627	2502	5174
5	2800	2759	2646	5175
5	2587	2562	2393	5176
5	2587	2393	2452	5177
5	2723	2588	2453	5178
5	2655	2538	2562	5179
5	2717	2579	2643	5180
5	2852	2726	2793	5181
5	2725	2693	2529	5182
5	2591	2456	2590	5183
5	3178	3143	3015	5184
5	2963	2795	2919	5185
5	2595	2460	2594	5186
5	2594	2449	2593	5187
5	2848	2696	2720	5188
5	2728	2592	2662	5189
5	2778	2733	2647	5190
5	2763	2633	2632	5191
5	2733	2599	2598	5192
5	2731	2595	2594	5193
5	2729	2593	2728	5194
5	2764	2633	2763	5195
5	2597	2592	2458	5196
5	2597	2458	2464	5197
5	2599	2464	2463	5198
5	2599	2597	2464	5199
5	2662	2592	2597	5200
5	2731	2594	2729	5201
5	2724	2589	2570	5202
5	2797	2755	2624	5203
5	2708	2624	2489	5204
5	2737	2601	2736	5205
5	2736	2601	2600	5206
5	2737	2602	2601	5207
5	2735	2600	2557	5208
5	2707	2557	2626	5209
5	2741	2605	2740	5210
5	2613	2478	2477	5211
5	2752	2621	2620	5212
5	2738	2603	2602	5213
5	2743	2607	2742	5214
5	2622	2487	2621	5215
5	2739	2604	2603	5216
5	2753	2622	2621	5217
5	2744	2608	2743	5218
5	2740	2605	2604	5219
5	2745	2610	2609	5220
5	2611	2475	2610	5221
5	2741	2606	2605	5222
5	2746	2611	2610	5223
5	2742	2607	2606	5224
5	2748	2612	2747	5225
5	2743	2608	2607	5226
5	2748	2614	2613	5227
5	2745	2609	2744	5228
5	2621	2487	2486	5229
5	2751	2614	2748	5230
5	2744	2609	2608	5231
5	2615	2556	2482	5232
5	2615	2482	2481	5233
5	2616	2547	2403	5234
5	2616	2403	2484	5235
5	2617	2616	2484	5236
5	2617	2484	2483	5237
5	3020	2893	2898	5238
5	2619	2528	2374	5239
5	2688	2563	2657	5240
5	2721	2681	2584	5241
5	2746	2610	2745	5242
5	2622	2508	2488	5243
5	2747	2612	2611	5244
5	2751	2620	2614	5245
5	2681	2672	2527	5246
5	2706	2508	2679	5247
5	2738	2602	2737	5248
5	2626	2557	2491	5249
5	2624	2623	2490	5250
5	2624	2490	2489	5251
5	2735	2557	2707	5252
5	2707	2626	2692	5253
5	3163	3041	3154	5254
5	3204	3061	3137	5255
5	2628	2554	2493	5256
5	2627	2495	2494	5257
5	2882	2754	2881	5258
5	2901	2769	2792	5259
5	2646	2504	2638	5260
5	2764	2757	2531	5261
5	2951	2799	2804	5262
5	2650	2583	2556	5263
5	2832	2639	2655	5264
5	2633	2499	2632	5265
5	2646	2533	2504	5266
5	2885	2760	2759	5267
5	2759	2533	2646	5268
5	2764	2531	2633	5269
5	2940	2801	2648	5270
5	2637	2438	2501	5271
5	2924	2767	2723	5272
5	2635	2513	2445	5273
5	2636	2578	2442	5274
5	2636	2442	2536	5275
5	2906	2830	2779	5276
5	2651	2567	2568	5277
5	2854	2729	2728	5278
5	2730	2641	2525	5279
5	2709	2370	2564	5280
5	2642	2587	2419	5281
5	2640	2559	2532	5282
5	2784	2697	2768	5283
5	2641	2638	2509	5284
5	2641	2509	2525	5285
5	2639	2523	2538	5286
5	2642	2655	2562	5287
5	2643	2579	2524	5288
5	2670	2643	2524	5289
5	2670	2524	2586	5290
5	3107	2983	3105	5291
5	2645	2640	2532	5292
5	2645	2532	2554	5293
5	2807	2638	2799	5294
5	2759	2629	2533	5295
5	2647	2598	2512	5296
5	2663	2647	2512	5297
5	2659	2550	2380	5298
5	2946	2785	2715	5299
5	2668	2554	2628	5300
5	2676	2502	2649	5301
5	2853	2728	2662	5302
5	2677	2574	2513	5303
5	2695	2536	2537	5304
5	2659	2380	2379	5305
5	2703	2576	2437	5306
5	2810	2654	2652	5307
5	3027	2779	2935	5308
5	2915	2654	2810	5309
5	2702	2560	2561	5310
5	2969	2846	2896	5311
5	2642	2562	2587	5312
5	2847	2719	2677	5313
5	2656	2546	2521	5314
5	2876	2673	2750	5315
5	2688	2656	2521	5316
5	2657	2563	2514	5317
5	2815	2568	2658	5318
5	2658	2568	2367	5319
5	2904	2678	2825	5320
5	2661	2569	2429	5321
5	2938	2837	2702	5322
5	2699	2383	2417	5323
5	2947	2774	2894	5324
5	2818	2551	2678	5325
5	2734	2599	2733	5326
5	2857	2734	2733	5327
5	2671	2506	2665	5328
5	2711	2528	2673	5329
5	2664	2650	2556	5330
5	2664	2556	2615	5331
5	2671	2615	2506	5332
5	2665	2506	2507	5333
5	2817	2549	2699	5334
5	2699	2549	2383	5335
5	2675	2405	2558	5336
5	2756	2558	2625	5337
5	2758	2627	2676	5338
5	2784	2766	2694	5339
5	3133	2952	3050	5340
5	2912	2769	2901	5341
5	2780	2722	2644	5342
5	3061	2930	3026	5343
5	2809	2718	2719	5344
5	2680	2663	2539	5345
5	2672	2657	2514	5346
5	2672	2514	2527	5347
5	2713	2573	2712	5348
5	2712	2573	2572	5349
5	2674	2397	2577	5350
5	2715	2577	2578	5351
5	2756	2625	2754	5352
5	2739	2603	2738	5353
5	2758	2628	2627	5354
5	2889	2763	2762	5355
5	2680	2539	2581	5356
5	2777	2663	2680	5357
5	3027	2906	2779	5358
5	2779	2687	2700	5359
5	2753	2679	2622	5360
5	2752	2620	2751	5361
5	2790	2663	2777	5362
5	2978	2895	2854	5363
5	2710	2541	2706	5364
5	3004	2898	2880	5365
5	2851	2693	2725	5366
5	2986	2852	2793	5367
5	2683	2659	2379	5368
5	2683	2379	2516	5369
5	2938	2702	2838	5370
5	2684	2634	2517	5371
5	2685	2684	2518	5372
5	2685	2518	2440	5373
5	3138	3040	3023	5374
5	2770	2569	2661	5375
5	2687	2686	2519	5376
5	2687	2519	2545	5377
5	2788	2672	2681	5378
5	2921	2836	2916	5379
5	2966	2802	2635	5380
5	2833	2639	2832	5381
5	2750	2618	2749	5382
5	2750	2619	2618	5383
5	2691	2690	2617	5384
5	2691	2617	2546	5385
5	2753	2621	2752	5386
5	2736	2600	2735	5387
5	2754	2566	2693	5388
5	2834	2558	2756	5389
5	2694	2644	2511	5390
5	2694	2511	2542	5391
5	2786	2708	2515	5392
5	2835	2636	2536	5393
5	2802	2513	2635	5394
5	2709	2540	2370	5395
5	2697	2694	2542	5396
5	2697	2542	2559	5397
5	2843	2711	2842	5398
5	2874	2698	2836	5399
5	2812	2417	2666	5400
5	2838	2702	2561	5401
5	2700	2687	2545	5402
5	2700	2545	2569	5403
5	2830	2686	2687	5404
5	2907	2810	2830	5405
5	2838	2561	2701	5406
5	2703	2437	2552	5407
5	3023	2969	2896	5408
5	2714	2553	2390	5409
5	3186	2940	3058	5410
5	2772	2704	2510	5411
5	2923	2658	2534	5412
5	2705	2535	2432	5413
5	2710	2565	2541	5414
5	2721	2565	2710	5415
5	3008	2981	2840	5416
5	2726	2590	2589	5417
5	2862	2736	2861	5418
5	2754	2625	2566	5419
5	2787	2655	2642	5420
5	2850	2723	2540	5421
5	2831	2657	2798	5422
5	2814	2656	2688	5423
5	2849	2789	2721	5424
5	2713	2665	2507	5425
5	2843	2712	2711	5426
5	2922	2790	2920	5427
5	2999	2876	2875	5428
5	2925	2765	2895	5429
5	2839	2553	2714	5430
5	2846	2576	2703	5431
5	2774	2535	2705	5432
5	2772	2510	2675	5433
5	2816	2771	2659	5434
5	3014	2786	2897	5435
5	2717	2669	2580	5436
5	2717	2580	2579	5437
5	2718	2680	2581	5438
5	2718	2581	2582	5439
5	2719	2718	2582	5440
5	2719	2582	2574	5441
5	2874	2749	2698	5442
5	2857	2733	2778	5443
5	3127	3003	3002	5444
5	2877	2751	2748	5445
5	2722	2670	2586	5446
5	2722	2586	2585	5447
5	2924	2787	2767	5448
5	2802	2677	2513	5449
5	2725	2529	2591	5450
5	2828	2794	2682	5451
5	2727	2590	2726	5452
5	2863	2737	2862	5453
5	2727	2591	2590	5454
5	2879	2752	2878	5455
5	2881	2754	2693	5456
5	2740	2604	2739	5457
5	3052	2895	3041	5458
5	2799	2638	2641	5459
5	3140	3050	3055	5460
5	2889	2762	2887	5461
5	2732	2595	2731	5462
5	2732	2596	2595	5463
5	2732	2730	2596	5464
5	2942	2913	2780	5465
5	2888	2792	2757	5466
5	3010	2886	2885	5467
5	2734	2597	2599	5468
5	2734	2662	2597	5469
5	2826	2680	2718	5470
5	2822	2671	2665	5471
5	2913	2821	2780	5472
5	3117	2992	3116	5473
5	2828	2689	2795	5474
5	2852	2727	2726	5475
5	2882	2756	2754	5476
5	2742	2606	2741	5477
5	2928	2883	2755	5478
5	2861	2736	2735	5479
5	2871	2746	2745	5480
5	2863	2738	2737	5481
5	2862	2737	2736	5482
5	2865	2739	2864	5483
5	2864	2739	2738	5484
5	2748	2613	2612	5485
5	2873	2748	2747	5486
5	2868	2742	2867	5487
5	2865	2740	2739	5488
5	2869	2743	2868	5489
5	2866	2741	2740	5490
5	2872	2746	2871	5491
5	2880	2775	2679	5492
5	2747	2611	2746	5493
5	2867	2742	2741	5494
5	2868	2743	2742	5495
5	2877	2748	2873	5496
5	2869	2744	2743	5497
5	2880	2679	2753	5498
5	2870	2745	2744	5499
5	2836	2690	2781	5500
5	2842	2711	2673	5501
5	2970	2843	2842	5502
5	3002	2877	3001	5503
5	2878	2752	2751	5504
5	2872	2747	2746	5505
5	2879	2753	2752	5506
5	3545	3387	3529	5507
5	2798	2672	2788	5508
5	2849	2710	2841	5509
5	2864	2738	2863	5510
5	2797	2624	2708	5511
5	2861	2735	2859	5512
5	2755	2692	2623	5513
5	2774	2716	2535	5514
5	2929	2675	2834	5515
5	2757	2649	2530	5516
5	2757	2530	2531	5517
5	2930	2768	2776	5518
5	3011	2887	2886	5519
5	2760	2630	2629	5520
5	2762	2631	2761	5521
5	2886	2760	2885	5522
5	2885	2759	2800	5523
5	2886	2761	2760	5524
5	2942	2780	2766	5525
5	2884	2676	2769	5526
5	2887	2762	2761	5527
5	2769	2676	2649	5528
5	2911	2805	2823	5529
5	2888	2757	2764	5530
5	2887	2761	2886	5531
5	2765	2731	2729	5532
5	2854	2728	2853	5533
5	3026	2939	3021	5534
5	2952	2807	2891	5535
5	3070	2961	2847	5536
5	2787	2642	2767	5537
5	2784	2694	2697	5538
5	2768	2697	2640	5539
5	2776	2640	2645	5540
5	3079	2933	3074	5541
5	2818	2648	2551	5542
5	3076	2770	2936	5543
5	3156	3060	2953	5544
5	2771	2661	2550	5545
5	2937	2708	2786	5546
5	2786	2515	2667	5547
5	3028	2936	2771	5548
5	2773	2703	2552	5549
5	2785	2674	2577	5550
5	2785	2667	2674	5551
5	2775	2706	2679	5552
5	2880	2753	2879	5553
5	3029	3012	3013	5554
5	3169	3082	3143	5555
5	2845	2665	2713	5556
5	2824	2671	2822	5557
5	2844	2712	2843	5558
5	2960	2920	2777	5559
5	3037	3024	2918	5560
5	2935	2779	2700	5561
5	3207	3074	3204	5562
5	3233	3067	3201	5563
5	2814	2782	2656	5564
5	2998	2874	2921	5565
5	2782	2781	2691	5566
5	2782	2691	2656	5567
5	3047	3008	2883	5568
5	3170	3081	3169	5569
5	2945	2768	2930	5570
5	2913	2905	2821	5571
5	3031	2785	2946	5572
5	2894	2774	2704	5573
5	3032	2834	3006	5574
5	2897	2786	2667	5575
5	2966	2635	2833	5576
5	2850	2540	2709	5577
5	2973	2845	2844	5578
5	2971	2957	2822	5579
5	2789	2788	2681	5580
5	2789	2681	2721	5581
5	2790	2778	2647	5582
5	2790	2647	2663	5583
5	2808	2428	2791	5584
5	2808	2516	2428	5585
5	2792	2769	2649	5586
5	2792	2649	2757	5587
5	2793	2726	2724	5588
5	2820	2717	2783	5589
5	2794	2793	2724	5590
5	2794	2724	2682	5591
5	2828	2682	2689	5592
5	3372	3258	3270	5593
5	2845	2713	2844	5594
5	2847	2809	2719	5595
5	2834	2675	2558	5596
5	2894	2704	2772	5597
5	3127	3002	3126	5598
5	2950	2788	2900	5599
5	3009	2885	2800	5600
5	3009	2800	2952	5601
5	3158	3021	3053	5602
5	2932	2901	2792	5603
5	2835	2536	2695	5604
5	3160	2637	2801	5605
5	2813	2564	2696	5606
5	2848	2720	2796	5607
5	2816	2659	2683	5608
5	2808	2683	2516	5609
5	2804	2799	2641	5610
5	2804	2641	2730	5611
5	2805	2776	2645	5612
5	2805	2645	2668	5613
5	2806	2783	2643	5614
5	2806	2643	2670	5615
5	2807	2800	2646	5616
5	2807	2646	2638	5617
5	2936	2661	2771	5618
5	3174	2929	3032	5619
5	2813	2709	2564	5620
5	2824	2664	2671	5621
5	2829	2684	2811	5622
5	2811	2684	2685	5623
5	2830	2687	2779	5624
5	2825	2503	2634	5625
5	2817	2660	2549	5626
5	2812	2699	2417	5627
5	2832	2655	2787	5628
5	2954	2709	2813	5629
5	2916	2836	2781	5630
5	2999	2875	2998	5631
5	2918	2695	2803	5632
5	2904	2818	2678	5633
5	2909	2791	2651	5634
5	2918	2835	2695	5635
5	3097	2968	2908	5636
5	2819	2660	2817	5637
5	2907	2830	2906	5638
5	3065	2801	2940	5639
5	2819	2701	2548	5640
5	2819	2548	2660	5641
5	2820	2795	2669	5642
5	2820	2669	2717	5643
5	2821	2806	2670	5644
5	2821	2670	2722	5645
5	2827	2664	2824	5646
5	2826	2718	2809	5647
5	2823	2805	2668	5648
5	2823	2668	2758	5649
5	2974	2827	2958	5650
5	2920	2790	2777	5651
5	2959	2829	2811	5652
5	2935	2700	2770	5653
5	3092	3016	2971	5654
5	2826	2777	2680	5655
5	2914	2857	2778	5656
5	2962	2696	2848	5657
5	2919	2820	2899	5658
5	2982	2851	2860	5659
5	3058	2940	2818	5660
5	2829	2634	2684	5661
5	2830	2810	2652	5662
5	2830	2652	2686	5663
5	2831	2814	2688	5664
5	2831	2688	2657	5665
5	2833	2526	2639	5666
5	2833	2635	2526	5667
5	2903	2677	2802	5668
5	3166	3086	2961	5669
5	2859	2707	2840	5670
5	2859	2735	2707	5671
5	2967	2835	2918	5672
5	2967	2636	2835	5673
5	2876	2842	2673	5674
5	2844	2713	2712	5675
5	2837	2811	2653	5676
5	2837	2653	2702	5677
5	3063	2773	2915	5678
5	2968	2819	2908	5679
5	2896	2846	2703	5680
5	2896	2703	2773	5681
5	2866	2740	2865	5682
5	2867	2741	2866	5683
5	2849	2721	2710	5684
5	2841	2710	2706	5685
5	2875	2749	2874	5686
5	2916	2781	2892	5687
5	3101	3051	2972	5688
5	2895	2765	2854	5689
5	2921	2874	2836	5690
5	2957	2824	2822	5691
5	2978	2854	2853	5692
5	3038	2979	2914	5693
5	2846	2839	2714	5694
5	2846	2714	2576	5695
5	2958	2824	2957	5696
5	2961	2960	2826	5697
5	2977	2787	2924	5698
5	3147	2954	3093	5699
5	3148	3080	3141	5700
5	3191	3064	3167	5701
5	3045	2850	2954	5702
5	2924	2723	2850	5703
5	2881	2693	2851	5704
5	3046	2923	2716	5705
5	2860	2727	2852	5706
5	2860	2725	2727	5707
5	2858	2734	2857	5708
5	3068	2998	2921	5709
5	2951	2891	2799	5710
5	2926	2804	2855	5711
5	2855	2804	2730	5712
5	2855	2730	2732	5713
5	2856	2855	2732	5714
5	2856	2732	2731	5715
5	2858	2662	2734	5716
5	2858	2853	2662	5717
5	2958	2827	2824	5718
5	2922	2778	2790	5719
5	2981	2859	2840	5720
5	3047	2883	2928	5721
5	2989	2864	2988	5722
5	2860	2851	2725	5723
5	3005	2881	2851	5724
5	2986	2793	2927	5725
5	2984	2860	2852	5726
5	2919	2795	2820	5727
5	3019	2919	3018	5728
5	2939	2805	2911	5729
5	2983	2861	2859	5730
5	2870	2744	2869	5731
5	2985	2862	2861	5732
5	2992	2867	2991	5733
5	2987	2863	2862	5734
5	2988	2864	2863	5735
5	2996	2872	2871	5736
5	2989	2865	2864	5737
5	2993	2868	2992	5738
5	2990	2866	2865	5739
5	2994	2869	2993	5740
5	2991	2867	2866	5741
5	3004	2879	3003	5742
5	2873	2747	2872	5743
5	2992	2868	2867	5744
5	3003	2879	2878	5745
5	2995	2870	2994	5746
5	2993	2869	2868	5747
5	2994	2870	2869	5748
5	3257	3172	3242	5749
5	2875	2750	2749	5750
5	2876	2750	2875	5751
5	2973	2971	2845	5752
5	2955	2831	2943	5753
5	3256	3154	3226	5754
5	3001	2873	2997	5755
5	2995	2871	2870	5756
5	2997	2873	2872	5757
5	3373	3260	3297	5758
5	3002	2878	2877	5759
5	3004	2880	2879	5760
5	3001	2877	2873	5761
5	3043	2893	3020	5762
5	3244	3242	3124	5763
5	2996	2871	2995	5764
5	3174	3072	2929	5765
5	2883	2692	2755	5766
5	2983	2859	2981	5767
5	2928	2755	2797	5768
5	2990	2865	2989	5769
5	2884	2823	2758	5770
5	2884	2758	2676	5771
5	2931	2889	2887	5772
5	3135	3034	3011	5773
5	3122	2998	3068	5774
5	3041	2895	2978	5775
5	3000	2970	2842	5776
5	2952	2800	2807	5777
5	2890	2763	2889	5778
5	2890	2888	2764	5779
5	2890	2764	2763	5780
5	3026	2930	2939	5781
5	3152	3056	3073	5782
5	3307	3193	3258	5783
5	2891	2807	2799	5784
5	3135	3010	3134	5785
5	2948	2892	2782	5786
5	2948	2782	2814	5787
5	2893	2841	2775	5788
5	3003	2878	3002	5789
5	2923	2534	2716	5790
5	2897	2667	2785	5791
5	2902	2855	2856	5792
5	2926	2855	2902	5793
5	2956	2699	2812	5794
5	3063	2896	2773	5795
5	2988	2863	2987	5796
5	3183	3162	2947	5797
5	2898	2893	2775	5798
5	2898	2775	2880	5799
5	2899	2820	2783	5800
5	2905	2806	2821	5801
5	2976	2849	2975	5802
5	2976	2900	2789	5803
5	3258	3193	3205	5804
5	3013	2889	2931	5805
5	3154	3041	3062	5806
5	3057	2925	3052	5807
5	2960	2777	2826	5808
5	2903	2847	2677	5809
5	3182	2906	3027	5810
5	3156	2953	3035	5811
5	2944	2806	2905	5812
5	2944	2783	2806	5813
5	3098	2968	3097	5814
5	2908	2819	2817	5815
5	2941	2811	2837	5816
5	3017	2810	2907	5817
5	2968	2701	2819	5818
5	2968	2838	2701	5819
5	3028	2771	2816	5820
5	3076	2935	2770	5821
5	2910	2909	2651	5822
5	2910	2651	2815	5823
5	2934	2884	2912	5824
5	2934	2823	2884	5825
5	2934	2911	2823	5826
5	3061	2945	2930	5827
5	3030	2913	2942	5828
5	3292	3132	3168	5829
5	3100	2922	3099	5830
5	2979	2857	2914	5831
5	3063	3023	2896	5832
5	2915	2773	2654	5833
5	3103	2975	3043	5834
5	3080	2950	3025	5835
5	2917	2812	2666	5836
5	2917	2666	2839	5837
5	3037	2918	2803	5838
5	3162	3046	2947	5839
5	2927	2793	2794	5840
5	3019	2963	2919	5841
5	3092	2971	2973	5842
5	2922	2914	2778	5843
5	3243	3122	3157	5844
5	3064	2916	2892	5845
5	2998	2875	2874	5846
5	2972	2843	2970	5847
5	2923	2910	2815	5848
5	2923	2815	2658	5849
5	3099	2920	3091	5850
5	2965	2833	2832	5851
5	2925	2902	2856	5852
5	2925	2856	2765	5853
5	3052	2925	2895	5854
5	2951	2804	2926	5855
5	3151	2937	3014	5856
5	3178	3030	3144	5857
5	3006	2756	2882	5858
5	3014	2937	2786	5859
5	3072	2894	2772	5860
5	2929	2772	2675	5861
5	2933	2766	2784	5862
5	2942	2766	2933	5863
5	2932	2792	2888	5864
5	3053	2911	2934	5865
5	3075	3053	2934	5866
5	3073	3012	3029	5867
5	3467	3356	3466	5868
5	3056	2901	2932	5869
5	3390	3258	3372	5870
5	3053	3021	2911	5871
5	3159	2935	3076	5872
5	2936	2770	2661	5873
5	2940	2648	2818	5874
5	2964	2634	2829	5875
5	3077	2797	2937	5876
5	2937	2797	2708	5877
5	3017	2915	2810	5878
5	3181	3017	2907	5879
5	2939	2930	2776	5880
5	2939	2776	2805	5881
5	3160	2801	3065	5882
5	3058	2818	2904	5883
5	3181	2907	3078	5884
5	2959	2811	2941	5885
5	3135	3011	3010	5886
5	3030	3015	2913	5887
5	3064	2892	3044	5888
5	3260	3141	3149	5889
5	3115	2990	3114	5890
5	2944	2899	2783	5891
5	2945	2933	2784	5892
5	2945	2784	2768	5893
5	3083	2923	3046	5894
5	2947	2716	2774	5895
5	3196	3136	2946	5896
5	3096	2946	2715	5897
5	3172	3051	3101	5898
5	3323	3191	3167	5899
5	2949	2927	2794	5900
5	2949	2794	2828	5901
5	2950	2943	2798	5902
5	2950	2798	2788	5903
5	3374	3261	3315	5904
5	3057	2902	2925	5905
5	3011	2886	3010	5906
5	3010	2885	3009	5907
5	2953	2816	2683	5908
5	2953	2683	2808	5909
5	3093	2813	2962	5910
5	2954	2850	2709	5911
5	2955	2948	2814	5912
5	2955	2814	2831	5913
5	2956	2908	2817	5914
5	2956	2817	2699	5915
5	2973	2844	2972	5916
5	3055	2891	2951	5917
5	2961	2809	2847	5918
5	3102	2958	3090	5919
5	3078	2907	2906	5920
5	3089	2964	2829	5921
5	3087	2962	2848	5922
5	3070	2847	2903	5923
5	2961	2826	2809	5924
5	3286	3173	3263	5925
5	3244	3124	3123	5926
5	2962	2813	2696	5927
5	2963	2949	2828	5928
5	2963	2828	2795	5929
5	3281	3037	3142	5930
5	2964	2825	2634	5931
5	3039	2903	2802	5932
5	3166	2961	3070	5933
5	2966	2833	2965	5934
5	3039	2802	2966	5935
5	3096	2715	2967	5936
5	2967	2715	2578	5937
5	3022	2908	2956	5938
5	3098	2938	2838	5939
5	2969	2917	2839	5940
5	2969	2839	2846	5941
5	2971	2822	2845	5942
5	3090	2958	2957	5943
5	2972	2844	2843	5944
5	3016	2957	2971	5945
5	3091	2960	3086	5946
5	2980	2978	2853	5947
5	2974	2796	2827	5948
5	2974	2848	2796	5949
5	3062	3041	2978	5950
5	3095	3039	2966	5951
5	2976	2789	2849	5952
5	2975	2849	2841	5953
5	3044	2892	2948	5954
5	3103	3033	2976	5955
5	2977	2965	2832	5956
5	2977	2832	2787	5957
5	2980	2858	2979	5958
5	3086	2960	2961	5959
5	2980	2853	2858	5960
5	2979	2858	2857	5961
5	3100	2914	2922	5962
5	3248	3179	3128	5963
5	2985	2861	2983	5964
5	2987	2862	2985	5965
5	3005	2851	2982	5966
5	3007	2881	3005	5967
5	3168	3008	3047	5968
5	2991	2866	2990	5969
5	3129	3005	2982	5970
5	2984	2982	2860	5971
5	3106	2982	2984	5972
5	2997	2872	2996	5973
5	3110	2986	2927	5974
5	2986	2984	2852	5975
5	3018	2919	2899	5976
5	3082	2905	3015	5977
5	3229	3108	3110	5978
5	3331	3204	3259	5979
5	3067	2949	2963	5980
5	3251	3129	3249	5981
5	3109	2987	2985	5982
5	3111	2988	2987	5983
5	3118	2993	3117	5984
5	3113	2989	2988	5985
5	3119	2994	3118	5986
5	3126	3002	3001	5987
5	3114	2990	2989	5988
5	3120	2995	3119	5989
5	3115	2991	2990	5990
5	3128	3004	3003	5991
5	3116	2992	2991	5992
5	3128	3003	3127	5993
5	3117	2993	2992	5994
5	3121	2996	3120	5995
5	3118	2994	2993	5996
5	3128	3048	3004	5997
5	3000	2842	2876	5998
5	3000	2876	2999	5999
5	3241	3121	3120	6000
5	3428	3373	3297	6001
5	3122	2999	2998	6002
5	3062	2978	2980	6003
5	3119	2995	2994	6004
5	3246	3125	3245	6005
5	3121	2997	2996	6006
5	3245	3121	3241	6007
5	3263	3173	3179	6008
5	3120	2996	2995	6009
5	3321	3225	3276	6010
5	3161	3044	3084	6011
5	3132	3105	2981	6012
5	3444	3442	3324	6013
5	3008	2840	2883	6014
5	3175	3006	3130	6015
5	3264	3014	2897	6016
5	3007	2882	2881	6017
5	3109	2985	3107	6018
5	3105	2983	2981	6019
5	3177	3052	3163	6020
5	3254	3133	3253	6021
5	3253	3133	3050	6022
5	3163	3052	3041	6023
5	3054	2931	3034	6024
5	3054	3013	2931	6025
5	3012	2932	2888	6026
5	3012	2888	2890	6027
5	3013	3012	2890	6028
5	3013	2890	2889	6029
5	3130	3006	2882	6030
5	3032	2929	2834	6031
5	3185	3029	3054	6032
5	3180	3137	3026	6033
5	3104	3062	2980	6034
5	3050	2952	2891	6035
5	3036	2956	2812	6036
5	3059	2941	2837	6037
5	3112	2949	3067	6038
5	3112	2927	2949	6039
5	3108	2984	2986	6040
5	3067	2963	3019	6041
5	3247	3127	3126	6042
5	3125	3001	2997	6043
5	3021	2939	2911	6044
5	3075	2912	2901	6045
5	3098	2838	2968	6046
5	3097	2908	3022	6047
5	3036	2812	2917	6048
5	3036	3022	2956	6049
5	3096	2967	3024	6050
5	3024	2967	2918	6051
5	3025	2950	2900	6052
5	3043	2975	2893	6053
5	3200	3018	3170	6054
5	3350	3347	3231	6055
5	3265	3197	3017	6056
5	3266	3078	3182	6057
5	3094	2904	2825	6058
5	3089	2829	2959	6059
5	3034	2931	3011	6060
5	3134	3010	3009	6061
5	3074	2945	3061	6062
5	3074	2933	2945	6063
5	3271	3060	3156	6064
5	3031	2897	2785	6065
5	3376	3309	3162	6066
5	3072	2772	2929	6067
5	3033	3025	2900	6068
5	3033	2900	2976	6069
5	3054	3029	3013	6070
5	3436	3312	3435	6071
5	3186	3065	2940	6072
5	3060	2816	2953	6073
5	3220	3098	3219	6074
5	3040	2969	3023	6075
5	3142	3037	2803	6076
5	3046	2716	2947	6077
5	3051	2973	2972	6078
5	3194	3055	3085	6079
5	3188	2962	3087	6080
5	3045	2924	2850	6081
5	3040	3036	2917	6082
5	3040	2917	2969	6083
5	3092	2973	3051	6084
5	3104	2979	3038	6085
5	3095	2965	3042	6086
5	3042	2965	2977	6087
5	3103	2976	2975	6088
5	3202	3157	3068	6089
5	3084	2955	3049	6090
5	3084	2948	2955	6091
5	3319	3192	3268	6092
5	3482	3372	3417	6093
5	3035	2791	2909	6094
5	3035	2808	2791	6095
5	3130	2882	3007	6096
5	3116	2991	3115	6097
5	3048	3020	2898	6098
5	3048	2898	3004	6099
5	3084	3044	2948	6100
5	3049	2955	2943	6101
5	3133	3009	2952	6102
5	3134	3009	3133	6103
5	3148	3049	3080	6104
5	3124	2970	3000	6105
5	3085	2951	2926	6106
5	3055	3050	2891	6107
5	3075	2934	2912	6108
5	3205	3056	3152	6109
5	3270	3205	3152	6110
5	3255	3176	3135	6111
5	3071	2902	3057	6112
5	3071	2926	2902	6113
5	3395	3316	3289	6114
5	3075	2901	3056	6115
5	3253	3050	3140	6116
5	3085	2926	3071	6117
5	3060	3028	2816	6118
5	3035	2953	2808	6119
5	3219	3097	3218	6120
5	3094	2825	2964	6121
5	3066	2909	2910	6122
5	3376	3162	3183	6123
5	3079	2942	2933	6124
5	3079	3030	2942	6125
5	3101	2972	2970	6126
5	3203	3057	3177	6127
5	3220	3059	2938	6128
5	3218	3097	3022	6129
5	3069	2916	3064	6130
5	3104	2980	2979	6131
5	3159	3027	2935	6132
5	3160	2803	2637	6133
5	3303	3065	3186	6134
5	3199	2909	3066	6135
5	3170	3018	3081	6136
5	3207	3079	3074	6137
5	3214	3051	3172	6138
5	3444	3322	3396	6139
5	3069	3068	2921	6140
5	3069	2921	2916	6141
5	3087	2848	2974	6142
5	3102	2974	2958	6143
5	3410	3268	3273	6144
5	3085	3055	2951	6145
5	3196	2946	3096	6146
5	3275	3028	3060	6147
5	3073	3056	2932	6148
5	3073	2932	3012	6149
5	3316	3144	3289	6150
5	3501	3379	3498	6151
5	3180	3026	3021	6152
5	3556	3446	3436	6153
5	3275	3139	3028	6154
5	3165	3058	2904	6155
5	3206	3047	2928	6156
5	3077	2928	2797	6157
5	3088	2959	2941	6158
5	3195	2941	3059	6159
5	3345	3228	3288	6160
5	3180	3021	3158	6161
5	3080	3049	2943	6162
5	3080	2943	2950	6163
5	3081	3018	2899	6164
5	3081	2899	2944	6165
5	3082	3081	2944	6166
5	3082	2944	2905	6167
5	3083	3066	2910	6168
5	3083	2910	2923	6169
5	3580	3374	3471	6170
5	3364	3246	3363	6171
5	3045	3042	2977	6172
5	3045	2977	2924	6173
5	3091	2920	2960	6174
5	3213	3090	3016	6175
5	3209	3038	3100	6176
5	3093	2954	2813	6177
5	3182	3078	2906	6178
5	3210	3089	2959	6179
5	3210	2959	3088	6180
5	3382	3088	3195	6181
5	3320	3215	3147	6182
5	3344	3224	3213	6183
5	3279	3086	3166	6184
5	3212	3091	3086	6185
5	3311	3167	3161	6186
5	3099	2922	2920	6187
5	3095	2966	2965	6188
5	3211	3087	2974	6189
5	3155	2964	3089	6190
5	3299	3037	3281	6191
5	3282	3221	3212	6192
5	3209	3164	3038	6193
5	3264	3031	3136	6194
5	3151	3077	2937	6195
5	3198	3138	3023	6196
5	3187	3022	3036	6197
5	3198	3023	3063	6198
5	3219	3098	3097	6199
5	3322	3203	3261	6200
5	3100	3038	2914	6201
5	3221	3099	3091	6202
5	3261	3203	3177	6203
5	3123	2999	3122	6204
5	3123	3000	2999	6205
5	3448	3334	3332	6206
5	3146	2903	3039	6207
5	3189	3033	3103	6208
5	3276	3225	3150	6209
5	3202	3068	3069	6210
5	3324	3194	3190	6211
5	3107	2985	2983	6212
5	3114	2989	3113	6213
5	3129	2982	3106	6214
5	3131	3005	3129	6215
5	3111	2987	3109	6216
5	3113	2988	3111	6217
5	3227	3106	3108	6218
5	3108	3106	2984	6219
5	3201	3019	3200	6220
5	3125	2997	3121	6221
5	3238	3117	3237	6222
5	3110	3108	2986	6223
5	3368	3249	3366	6224
5	3317	3180	3158	6225
5	3231	3110	3112	6226
5	3112	3110	2927	6227
5	3201	3067	3019	6228
5	3200	3019	3018	6229
5	3169	3081	3082	6230
5	3406	3346	3347	6231
5	3230	3109	3228	6232
5	3232	3113	3111	6233
5	3237	3116	3236	6234
5	3126	3001	3125	6235
5	3234	3114	3113	6236
5	3239	3118	3238	6237
5	3235	3115	3114	6238
5	3241	3120	3240	6239
5	3236	3116	3115	6240
5	3237	3117	3116	6241
5	3248	3127	3247	6242
5	3238	3118	3117	6243
5	3545	3521	3428	6244
5	3239	3119	3118	6245
5	3244	3123	3243	6246
5	3124	3000	3123	6247
5	3396	3261	3374	6248
5	3124	3101	2970	6249
5	3208	3049	3148	6250
5	3167	3044	3161	6251
5	3246	3126	3125	6252
5	3240	3120	3119	6253
5	3245	3125	3121	6254
5	3399	3311	3262	6255
5	3248	3128	3127	6256
5	3428	3321	3387	6257
5	3150	3043	3020	6258
5	3443	3311	3399	6259
5	3249	3129	3106	6260
5	3283	3151	3014	6261
5	3132	2981	3008	6262
5	3264	2897	3031	6263
5	3661	3548	3506	6264
5	3131	3007	3005	6265
5	3252	3171	3105	6266
5	3295	3130	3250	6267
5	3535	3413	3494	6268
5	3255	3135	3134	6269
5	3416	3293	3378	6270
5	3324	3190	3322	6271
5	3177	3057	3052	6272
5	3194	3085	3190	6273
5	3509	3309	3376	6274
5	3206	2928	3077	6275
5	3137	3061	3026	6276
5	3289	3144	3207	6277
5	3187	3036	3040	6278
5	3187	3040	3138	6279
5	3139	3076	2936	6280
5	3139	2936	3028	6281
5	3194	3140	3055	6282
5	3190	3085	3071	6283
5	3141	3080	3025	6284
5	3262	3161	3208	6285
5	3303	3281	3142	6286
5	3155	3094	2964	6287
5	3143	3082	3015	6288
5	3440	3317	3307	6289
5	3178	3015	3030	6290
5	3144	3030	3079	6291
5	3217	3046	3162	6292
5	3398	3159	3277	6293
5	3226	3104	3164	6294
5	3146	3070	2903	6295
5	3146	3039	3095	6296
5	3147	3045	2954	6297
5	3323	3167	3311	6298
5	3392	3300	3381	6299
5	3149	3141	3025	6300
5	3149	3025	3033	6301
5	3189	3149	3033	6302
5	3225	3043	3150	6303
5	3301	3206	3077	6304
5	3250	3130	3007	6305
5	3556	3436	3551	6306
5	3176	3034	3135	6307
5	3153	3152	3073	6308
5	3153	3073	3029	6309
5	3226	3062	3104	6310
5	3164	3104	3038	6311
5	3302	3094	3155	6312
5	3303	3142	3065	6313
5	3304	3199	3066	6314
5	3305	3156	3199	6315
5	3157	3122	3068	6316
5	3381	3300	3260	6317
5	3874	3769	3765	6318
5	3352	3233	3201	6319
5	3165	2904	3094	6320
5	3393	3266	3182	6321
5	3160	3065	3142	6322
5	3160	3142	2803	6323
5	3167	3064	3044	6324
5	3191	3069	3064	6325
5	3764	3430	3536	6326
5	3217	3083	3046	6327
5	3310	3163	3154	6328
5	3285	3214	3172	6329
5	3215	3042	3147	6330
5	3147	3042	3045	6331
5	3274	3058	3165	6332
5	3333	3155	3089	6333
5	3278	3087	3211	6334
5	3211	2974	3102	6335
5	3362	3245	3241	6336
5	3300	3141	3260	6337
5	3171	3107	3105	6338
5	3168	3132	3008	6339
5	3312	3143	3298	6340
5	3233	3112	3067	6341
5	3397	3259	3296	6342
5	3328	3200	3170	6343
5	3232	3111	3230	6344
5	3230	3111	3109	6345
5	3223	3213	3016	6346
5	3222	3100	3099	6347
5	3173	3150	3020	6348
5	3173	3020	3048	6349
5	3326	3136	3196	6350
5	3183	2947	2894	6351
5	3314	3174	3032	6352
5	3175	3032	3006	6353
5	3185	3153	3029	6354
5	3192	3034	3176	6355
5	3291	3226	3164	6356
5	3520	3396	3484	6357
5	3446	3313	3436	6358
5	3485	3380	3440	6359
5	3179	3173	3048	6360
5	3179	3048	3128	6361
5	3270	3258	3205	6362
5	3370	3253	3294	6363
5	3195	3088	2941	6364
5	3197	2915	3017	6365
5	3418	3275	3060	6366
5	3308	3027	3159	6367
5	3301	3077	3151	6368
5	3283	3014	3264	6369
5	3184	3183	2894	6370
5	3184	2894	3072	6371
5	3440	3307	3390	6372
5	3269	3152	3153	6373
5	3418	3060	3271	6374
5	3337	3145	3217	6375
5	3218	3022	3187	6376
5	3220	2938	3098	6377
5	3320	3093	3188	6378
5	3188	3093	2962	6379
5	3381	3260	3373	6380
5	3311	3161	3262	6381
5	3310	3154	3256	6382
5	3294	3140	3287	6383
5	3474	3364	3363	6384
5	3202	3069	3191	6385
5	3192	3185	3054	6386
5	3192	3054	3034	6387
5	3193	3158	3053	6388
5	3193	3053	3075	6389
5	3315	3177	3163	6390
5	3287	3140	3194	6391
5	3651	3393	3534	6392
5	3400	3078	3266	6393
5	3337	3217	3309	6394
5	3309	3217	3162	6395
5	3198	3063	3197	6396
5	3197	3063	2915	6397
5	3318	3210	3088	6398
5	3265	3017	3181	6399
5	3199	3156	3035	6400
5	3199	3035	2909	6401
5	3313	3170	3169	6402
5	3240	3119	3239	6403
5	3234	3113	3232	6404
5	3228	3109	3107	6405
5	3401	3257	3360	6406
5	3360	3242	3244	6407
5	3203	3190	3071	6408
5	3203	3071	3057	6409
5	3207	3144	3079	6410
5	3204	3074	3061	6411
5	3205	3193	3075	6412
5	3205	3075	3056	6413
5	3250	3007	3131	6414
5	3402	3330	3206	6415
5	3298	3143	3178	6416
5	3317	3158	3307	6417
5	3208	3161	3084	6418
5	3208	3084	3049	6419
5	3486	3411	3447	6420
5	3278	3188	3087	6421
5	3302	3165	3094	6422
5	3487	3266	3393	6423
5	3224	3102	3090	6424
5	3331	3289	3207	6425
5	3221	3091	3212	6426
5	3223	3092	3214	6427
5	3224	3090	3213	6428
5	3335	3102	3224	6429
5	3371	3254	3370	6430
5	3214	3092	3051	6431
5	3215	3146	3095	6432
5	3215	3095	3042	6433
5	3216	3196	3096	6434
5	3216	3096	3024	6435
5	3299	3024	3037	6436
5	3217	3145	3083	6437
5	3340	3059	3220	6438
5	3338	3198	3327	6439
5	3327	3198	3197	6440
5	3338	3138	3198	6441
5	3218	3187	3138	6442
5	3339	3220	3219	6443
5	3222	3099	3221	6444
5	3222	3209	3100	6445
5	3223	3016	3092	6446
5	3280	3243	3157	6447
5	3291	3256	3226	6448
5	3405	3282	3212	6449
5	3342	3221	3282	6450
5	3361	3243	3280	6451
5	3225	3189	3103	6452
5	3225	3103	3043	6453
5	3284	3164	3209	6454
5	3226	3154	3062	6455
5	3228	3107	3171	6456
5	3249	3106	3227	6457
5	3247	3126	3246	6458
5	3351	3232	3348	6459
5	3488	3389	3367	6460
5	3229	3227	3108	6461
5	3236	3115	3235	6462
5	3235	3114	3234	6463
5	3313	3169	3312	6464
5	3231	3229	3110	6465
5	3349	3200	3328	6466
5	3349	3201	3200	6467
5	3353	3234	3351	6468
5	3233	3231	3112	6469
5	3346	3227	3229	6470
5	3478	3366	3476	6471
5	3328	3170	3313	6472
5	3312	3169	3143	6473
5	3348	3232	3230	6474
5	3359	3241	3240	6475
5	3351	3234	3232	6476
5	3357	3238	3356	6477
5	3353	3235	3234	6478
5	3362	3241	3359	6479
5	3354	3236	3235	6480
5	3355	3237	3236	6481
5	3365	3247	3364	6482
5	3356	3238	3237	6483
5	3363	3245	3362	6484
5	3357	3239	3238	6485
5	3242	3172	3101	6486
5	3242	3101	3124	6487
5	3336	3223	3214	6488
5	3243	3123	3122	6489
5	3343	3223	3336	6490
5	3428	3297	3321	6491
5	3358	3240	3239	6492
5	3359	3240	3358	6493
5	3365	3290	3248	6494
5	3363	3246	3245	6495
5	3762	3632	3716	6496
5	3529	3420	3489	6497
5	3491	3385	3407	6498
5	3530	3381	3526	6499
5	3492	3479	3369	6500
5	3292	3252	3132	6501
5	3252	3105	3132	6502
5	3295	3175	3130	6503
5	3593	3388	3496	6504
5	3251	3131	3129	6505
5	3288	3228	3171	6506
5	3369	3288	3171	6507
5	3254	3134	3133	6508
5	3255	3134	3254	6509
5	3371	3255	3254	6510
5	3378	3319	3377	6511
5	3322	3190	3203	6512
5	3416	3269	3293	6513
5	3526	3373	3521	6514
5	3447	3323	3443	6515
5	3403	3279	3166	6516
5	3335	3211	3102	6517
5	3417	3270	3269	6518
5	3270	3152	3269	6519
5	3259	3204	3137	6520
5	3551	3436	3435	6521
5	3297	3260	3149	6522
5	3297	3149	3189	6523
5	3360	3257	3242	6524
5	3495	3386	3481	6525
5	3420	3286	3385	6526
5	3584	3474	3583	6527
5	3364	3247	3246	6528
5	3365	3248	3247	6529
5	3314	3032	3175	6530
5	3511	3409	3330	6531
5	3327	3197	3265	6532
5	3338	3219	3218	6533
5	3419	3139	3275	6534
5	3415	3318	3382	6535
5	3267	3184	3072	6536
5	3267	3072	3174	6537
5	3268	3192	3176	6538
5	3371	3273	3255	6539
5	3800	3705	3768	6540
5	3417	3269	3416	6541
5	3650	3501	3629	6542
5	3553	3440	3390	6543
5	3499	3391	3303	6544
5	3277	3076	3139	6545
5	3272	3262	3208	6546
5	3272	3208	3148	6547
5	3273	3268	3176	6548
5	3273	3176	3255	6549
5	3375	3136	3326	6550
5	3274	3186	3058	6551
5	3419	3275	3418	6552
5	3277	3159	3076	6553
5	3521	3373	3428	6554
5	3387	3321	3276	6555
5	3595	3505	3549	6556
5	3308	3182	3027	6557
5	3343	3213	3223	6558
5	3279	3212	3086	6559
5	3332	3146	3215	6560
5	3334	3070	3146	6561
5	3652	3539	3579	6562
5	3413	3272	3392	6563
5	3547	3274	3430	6564
5	3299	3216	3024	6565
5	3558	3448	3383	6566
5	3341	3209	3222	6567
5	3444	3324	3322	6568
5	3367	3250	3131	6569
5	3285	3172	3257	6570
5	3291	3164	3284	6571
5	3336	3214	3285	6572
5	3344	3213	3343	6573
5	3286	3276	3150	6574
5	3286	3150	3173	6575
5	3294	3253	3140	6576
5	3370	3254	3253	6577
5	3345	3230	3228	6578
5	3355	3236	3354	6579
5	3553	3390	3497	6580
5	3446	3328	3313	6581
5	3290	3263	3179	6582
5	3290	3179	3248	6583
5	3425	3257	3401	6584
5	3502	3425	3401	6585
5	3366	3249	3227	6586
5	3503	3292	3409	6587
5	3293	3269	3153	6588
5	3293	3153	3185	6589
5	3456	3344	3343	6590
5	3412	3256	3291	6591
5	3375	3264	3136	6592
5	3519	3437	3314	6593
5	3296	3259	3137	6594
5	3296	3137	3180	6595
5	3438	3256	3412	6596
5	3589	3481	3480	6597
5	3669	3497	3596	6598
5	3397	3296	3380	6599
5	3304	3066	3145	6600
5	3325	3196	3216	6601
5	3300	3272	3148	6602
5	3300	3148	3141	6603
5	3330	3047	3206	6604
5	3330	3168	3047	6605
5	3431	3304	3394	6606
5	3536	3302	3404	6607
5	3735	3656	3542	6608
5	3487	3415	3266	6609
5	3305	3271	3156	6610
5	3305	3199	3304	6611
5	3500	3281	3391	6612
5	3431	3305	3304	6613
5	3306	3280	3157	6614
5	3306	3157	3202	6615
5	3317	3296	3180	6616
5	3307	3158	3193	6617
5	3441	3210	3318	6618
5	3382	3195	3340	6619
5	3483	3325	3433	6620
5	3506	3431	3394	6621
5	3315	3261	3177	6622
5	3315	3163	3310	6623
5	3329	3202	3191	6624
5	3329	3191	3323	6625
5	3628	3533	3594	6626
5	3423	3331	3379	6627
5	3435	3298	3429	6628
5	3429	3316	3395	6629
5	3414	3184	3267	6630
5	3437	3174	3314	6631
5	3481	3370	3480	6632
5	3538	3386	3495	6633
5	3316	3298	3178	6634
5	3316	3178	3144	6635
5	3497	3372	3482	6636
5	3378	3293	3319	6637
5	3441	3333	3210	6638
5	3333	3089	3210	6639
5	3319	3293	3185	6640
5	3319	3185	3192	6641
5	3320	3147	3093	6642
5	3331	3207	3204	6643
5	3321	3297	3189	6644
5	3321	3189	3225	6645
5	3324	3287	3194	6646
5	3447	3411	3329	6647
5	3507	3454	3450	6648
5	3329	3306	3202	6649
5	3396	3322	3261	6650
5	3527	3447	3443	6651
5	3326	3196	3325	6652
5	3388	3301	3151	6653
5	3801	3711	3601	6654
5	3388	3151	3283	6655
5	3340	3195	3059	6656
5	3338	3218	3138	6657
5	3435	3312	3298	6658
5	3358	3239	3357	6659
5	3392	3272	3300	6660
5	3599	3563	3507	6661
5	3737	3633	3493	6662
5	3367	3131	3251	6663
5	3515	3279	3403	6664
5	3332	3215	3320	6665
5	3334	3146	3332	6666
5	3334	3166	3070	6667
5	3404	3155	3333	6668
5	3393	3182	3308	6669
5	3403	3166	3334	6670
5	3448	3403	3334	6671
5	3448	3332	3383	6672
5	3449	3211	3335	6673
5	3471	3315	3310	6674
5	3616	3405	3515	6675
5	3524	3506	3394	6676
5	3391	3281	3303	6677
5	3340	3220	3339	6678
5	3339	3219	3338	6679
5	3452	3327	3265	6680
5	3400	3265	3181	6681
5	3400	3181	3078	6682
5	3382	3318	3088	6683
5	3453	3424	3284	6684
5	3341	3284	3209	6685
5	3342	3341	3222	6686
5	3342	3222	3221	6687
5	3450	3336	3285	6688
5	3425	3285	3257	6689
5	3454	3343	3336	6690
5	3597	3513	3560	6691
5	3348	3230	3345	6692
5	3356	3237	3355	6693
5	3476	3366	3346	6694
5	3366	3227	3346	6695
5	3347	3346	3229	6696
5	3347	3229	3231	6697
5	3736	3592	3626	6698
5	3354	3235	3353	6699
5	3352	3201	3349	6700
5	3350	3231	3233	6701
5	3474	3363	3473	6702
5	3461	3458	3350	6703
5	3458	3347	3350	6704
5	3459	3351	3348	6705
5	3458	3406	3347	6706
5	3352	3350	3233	6707
5	3565	3384	3457	6708
5	3460	3352	3349	6709
5	3463	3328	3446	6710
5	3429	3298	3316	6711
5	3436	3313	3312	6712
5	3462	3351	3459	6713
5	3462	3353	3351	6714
5	3464	3354	3353	6715
5	3582	3473	3472	6716
5	3465	3355	3354	6717
5	3473	3362	3472	6718
5	3466	3356	3355	6719
5	3475	3364	3474	6720
5	3467	3357	3356	6721
5	3411	3306	3329	6722
5	3510	3401	3470	6723
5	3361	3360	3244	6724
5	3361	3244	3243	6725
5	3472	3359	3469	6726
5	3468	3358	3357	6727
5	3469	3359	3358	6728
5	3475	3408	3365	6729
5	3473	3363	3362	6730
5	3983	3911	3982	6731
5	3699	3606	3641	6732
5	3472	3362	3359	6733
5	3479	3457	3288	6734
5	3426	3252	3292	6735
5	3369	3171	3252	6736
5	3711	3492	3601	6737
5	3704	3488	3608	6738
5	3368	3251	3249	6739
5	3476	3346	3406	6740
5	3384	3348	3345	6741
5	3481	3386	3371	6742
5	3480	3370	3294	6743
5	3696	3544	3657	6744
5	3410	3273	3386	6745
5	3417	3372	3270	6746
5	3481	3371	3370	6747
5	3491	3407	3490	6748
5	3602	3490	3517	6749
5	3438	3310	3256	6750
5	3741	3522	3616	6751
5	3552	3414	3267	6752
5	3434	3337	3309	6753
5	3524	3394	3337	6754
5	3493	3376	3414	6755
5	3377	3319	3268	6756
5	3386	3273	3371	6757
5	3518	3442	3444	6758
5	3544	3442	3518	6759
5	3379	3331	3259	6760
5	3629	3498	3628	6761
5	3397	3379	3259	6762
5	3380	3296	3317	6763
5	3951	3855	3927	6764
5	3603	3521	3545	6765
5	3452	3339	3338	6766
5	3452	3265	3400	6767
5	3902	3706	3813	6768
5	3383	3188	3278	6769
5	3466	3355	3465	6770
5	3468	3357	3467	6771
5	3385	3286	3263	6772
5	3475	3365	3364	6773
5	3410	3377	3268	6774
5	3703	3594	3610	6775
5	3494	3413	3392	6776
5	3742	3659	3707	6777
5	3402	3301	3388	6778
5	3402	3206	3301	6779
5	3389	3295	3250	6780
5	3389	3250	3367	6781
5	3440	3380	3317	6782
5	3390	3307	3258	6783
5	3433	3216	3299	6784
5	3433	3325	3216	6785
5	3648	3530	3526	6786
5	3526	3381	3373	6787
5	3404	3302	3155	6788
5	3531	3404	3333	6789
5	3394	3304	3145	6790
5	3394	3145	3337	6791
5	3550	3429	3546	6792
5	3533	3380	3485	6793
5	3427	3294	3287	6794
5	3480	3294	3427	6795
5	3498	3379	3397	6796
5	3546	3395	3532	6797
5	3534	3393	3308	6798
5	3398	3308	3159	6799
5	3743	3728	3604	6800
5	3627	3490	3602	6801
5	3452	3340	3339	6802
5	3452	3338	3327	6803
5	3421	3306	3411	6804
5	3607	3518	3520	6805
5	3409	3292	3168	6806
5	3409	3168	3330	6807
5	3451	3342	3282	6808
5	3405	3212	3279	6809
5	3432	3305	3431	6810
5	3764	3547	3430	6811
5	3422	3335	3224	6812
5	3422	3224	3344	6813
5	3569	3459	3516	6814
5	3457	3345	3288	6815
5	3407	3385	3263	6816
5	3407	3263	3290	6817
5	3408	3407	3290	6818
5	3408	3290	3365	6819
5	3704	3600	3488	6820
5	3426	3369	3252	6821
5	4003	3938	3984	6822
5	3609	3528	3538	6823
5	3439	3361	3280	6824
5	3504	3439	3421	6825
5	3421	3280	3306	6826
5	3470	3360	3361	6827
5	3413	3399	3262	6828
5	3413	3262	3272	6829
5	3414	3376	3183	6830
5	3414	3183	3184	6831
5	3415	3382	3400	6832
5	3415	3400	3266	6833
5	3540	3416	3378	6834
5	3610	3594	3485	6835
5	3667	3551	3550	6836
5	3692	3623	3584	6837
5	3542	3277	3419	6838
5	3419	3277	3139	6839
5	3430	3165	3302	6840
5	3505	3419	3418	6841
5	3420	3387	3276	6842
5	3420	3276	3286	6843
5	3705	3605	3655	6844
5	3688	3543	3604	6845
5	3455	3341	3342	6846
5	3512	3403	3448	6847
5	3423	3395	3289	6848
5	3423	3289	3331	6849
5	3424	3412	3291	6850
5	3424	3291	3284	6851
5	3450	3285	3425	6852
5	3522	3451	3282	6853
5	3477	3367	3251	6854
5	3477	3251	3368	6855
5	3543	3411	3486	6856
5	3804	3721	3790	6857
5	3936	3817	3812	6858
5	3794	3692	3691	6859
5	3532	3423	3501	6860
5	3463	3349	3328	6861
5	3499	3303	3186	6862
5	3430	3274	3165	6863
5	3432	3271	3305	6864
5	3432	3418	3271	6865
5	3500	3299	3281	6866
5	3547	3499	3186	6867
5	3524	3337	3434	6868
5	3555	3375	3326	6869
5	3600	3523	3389	6870
5	3375	3283	3264	6871
5	3754	3628	3753	6872
5	3501	3423	3379	6873
5	3551	3435	3550	6874
5	3532	3395	3423	6875
5	3631	3402	3593	6876
5	3437	3267	3174	6877
5	3439	3280	3421	6878
5	3471	3310	3438	6879
5	3470	3361	3439	6880
5	3470	3401	3360	6881
5	3541	3417	3416	6882
5	3645	3528	3609	6883
5	3554	3318	3415	6884
5	3591	3531	3441	6885
5	3442	3427	3287	6886
5	3442	3287	3324	6887
5	3447	3329	3323	6888
5	3443	3323	3311	6889
5	3519	3314	3175	6890
5	3511	3330	3402	6891
5	3708	3615	3555	6892
5	3445	3326	3325	6893
5	3572	3446	3556	6894
5	3469	3358	3468	6895
5	3383	3332	3320	6896
5	3383	3320	3188	6897
5	3449	3278	3211	6898
5	3598	3561	3456	6899
5	3558	3278	3449	6900
5	3558	3383	3278	6901
5	3559	3450	3425	6902
5	3515	3403	3512	6903
5	3455	3342	3451	6904
5	3453	3284	3341	6905
5	3452	3400	3382	6906
5	3452	3382	3340	6907
5	3454	3336	3450	6908
5	3559	3425	3502	6909
5	3456	3343	3454	6910
5	3741	3616	3701	6911
5	3709	3561	3598	6912
5	3455	3453	3341	6913
5	3736	3707	3592	6914
5	3580	3471	3539	6915
5	3573	3464	3571	6916
5	3457	3384	3345	6917
5	3459	3348	3384	6918
5	3516	3459	3384	6919
5	3464	3353	3462	6920
5	3465	3354	3464	6921
5	3461	3352	3460	6922
5	3461	3350	3352	6923
5	3805	3755	3635	6924
5	3537	3476	3406	6925
5	3618	3537	3566	6926
5	3583	3473	3582	6927
5	3666	3516	3619	6928
5	3463	3460	3349	6929
5	3569	3462	3459	6930
5	3567	3461	3460	6931
5	3806	3608	3745	6932
5	3546	3429	3395	6933
5	3550	3435	3429	6934
5	3904	3711	3801	6935
5	3571	3464	3462	6936
5	3573	3465	3464	6937
5	3584	3517	3475	6938
5	3574	3466	3465	6939
5	3692	3583	3691	6940
5	3575	3467	3466	6941
5	3604	3543	3486	6942
5	3530	3392	3381	6943
5	3589	3480	3588	6944
5	3471	3374	3315	6945
5	3690	3582	3581	6946
5	3576	3468	3467	6947
5	3582	3472	3581	6948
5	3577	3469	3468	6949
5	3583	3474	3473	6950
5	3626	3489	3491	6951
5	3581	3472	3469	6952
5	3584	3475	3474	6953
5	3585	3368	3478	6954
5	3488	3367	3477	6955
5	3479	3288	3369	6956
5	3503	3426	3292	6957
5	3600	3389	3488	6958
5	3478	3368	3366	6959
5	3492	3369	3426	6960
5	3570	3460	3463	6961
5	3513	3412	3424	6962
5	3541	3416	3540	6963
5	3525	3378	3377	6964
5	3654	3540	3525	6965
5	3541	3482	3417	6966
5	3540	3378	3525	6967
5	3624	3445	3483	6968
5	3483	3445	3325	6969
5	3484	3396	3374	6970
5	3580	3484	3374	6971
5	3753	3594	3703	6972
5	3768	3655	3654	6973
5	3766	3687	3652	6974
5	3527	3486	3447	6975
5	3542	3398	3277	6976
5	3554	3441	3318	6977
5	3519	3175	3295	6978
5	3555	3326	3445	6979
5	3489	3420	3385	6980
5	3788	3686	3653	6981
5	3491	3489	3385	6982
5	3490	3407	3408	6983
5	3626	3592	3489	6984
5	3934	3836	3897	6985
5	3608	3477	3585	6986
5	3586	3476	3537	6987
5	3509	3434	3309	6988
5	3509	3376	3493	6989
5	3508	3443	3399	6990
5	3527	3443	3508	6991
5	3589	3495	3481	6992
5	3588	3427	3544	6993
5	3496	3388	3283	6994
5	3496	3283	3375	6995
5	3553	3485	3440	6996
5	3497	3390	3372	6997
5	3747	3610	3669	6998
5	3660	3532	3650	6999
5	3548	3432	3431	7000
5	3549	3432	3548	7001
5	3514	3299	3500	7002
5	3514	3433	3299	7003
5	3610	3485	3553	7004
5	3747	3703	3610	7005
5	3578	3439	3504	7006
5	3612	3507	3559	7007
5	4010	3835	3944	7008
5	3585	3477	3368	7009
5	3578	3470	3439	7010
5	3510	3502	3401	7011
5	3531	3333	3441	7012
5	3534	3308	3398	7013
5	3549	3505	3418	7014
5	3548	3431	3506	7015
5	3563	3456	3454	7016
5	3579	3412	3513	7017
5	3648	3526	3646	7018
5	3898	3808	3868	7019
5	3633	3509	3493	7020
5	3643	3524	3434	7021
5	3539	3471	3438	7022
5	3564	3455	3451	7023
5	3608	3488	3477	7024
5	3805	3635	3733	7025
5	3616	3522	3405	7026
5	3515	3405	3279	7027
5	3716	3606	3699	7028
5	3653	3578	3504	7029
5	3644	3506	3524	7030
5	3590	3483	3433	7031
5	3563	3454	3507	7032
5	3522	3282	3405	7033
5	3574	3465	3573	7034
5	3572	3463	3446	7035
5	3517	3490	3408	7036
5	3517	3408	3475	7037
5	3544	3427	3442	7038
5	3588	3480	3427	7039
5	3640	3437	3519	7040
5	3552	3267	3437	7041
5	3520	3518	3444	7042
5	3520	3444	3396	7043
5	3530	3494	3392	7044
5	3808	3715	3762	7045
5	3557	3335	3422	7046
5	3642	3422	3561	7047
5	3523	3519	3295	7048
5	3523	3295	3389	7049
5	3644	3524	3643	7050
5	3590	3433	3514	7051
5	3799	3696	3717	7052
5	3654	3525	3645	7053
5	4029	3898	4020	7054
5	3817	3752	3718	7055
5	3657	3518	3607	7056
5	3767	3645	3761	7057
5	3528	3525	3377	7058
5	3528	3377	3410	7059
5	3545	3428	3387	7060
5	3529	3387	3420	7061
5	3659	3529	3592	7062
5	3606	3535	3494	7063
5	3649	3404	3531	7064
5	3536	3430	3302	7065
5	3655	3541	3540	7066
5	3628	3498	3533	7067
5	3533	3498	3397	7068
5	3533	3397	3380	7069
5	3554	3415	3487	7070
5	3670	3554	3487	7071
5	3535	3508	3399	7072
5	3535	3399	3413	7073
5	3649	3536	3404	7074
5	3547	3186	3274	7075
5	3621	3479	3492	7076
5	3587	3565	3457	7077
5	3538	3528	3410	7078
5	3538	3410	3386	7079
5	3696	3588	3544	7080
5	3638	3513	3597	7081
5	3719	3605	3705	7082
5	3645	3525	3528	7083
5	3869	3754	3864	7084
5	3655	3605	3541	7085
5	3651	3487	3393	7086
5	3656	3398	3542	7087
5	3543	3504	3421	7088
5	3543	3421	3411	7089
5	4118	4026	4045	7090
5	3854	3743	3847	7091
5	3646	3521	3603	7092
5	3715	3625	3647	7093
5	3665	3550	3546	7094
5	3629	3501	3498	7095
5	3723	3651	3656	7096
5	3549	3418	3432	7097
5	3671	3445	3624	7098
5	3724	3639	3662	7099
5	3749	3624	3483	7100
5	3842	3771	3664	7101
5	3667	3550	3665	7102
5	3694	3537	3618	7103
5	3665	3546	3660	7104
5	3650	3532	3501	7105
5	3613	3493	3414	7106
5	3593	3402	3388	7107
5	3655	3540	3654	7108
5	3769	3660	3650	7109
5	3649	3531	3591	7110
5	3591	3441	3554	7111
5	3634	3434	3509	7112
5	3708	3555	3671	7113
5	3780	3727	3622	7114
5	3905	3731	3826	7115
5	3672	3449	3557	7116
5	3557	3449	3335	7117
5	3672	3558	3449	7118
5	3558	3512	3448	7119
5	3673	3597	3560	7120
5	3559	3507	3450	7121
5	3560	3513	3424	7122
5	3560	3424	3453	7123
5	3561	3422	3344	7124
5	3561	3344	3456	7125
5	3562	3560	3453	7126
5	3562	3453	3455	7127
5	3598	3456	3563	7128
5	3675	3562	3564	7129
5	3702	3653	3688	7130
5	3564	3562	3455	7131
5	3568	3461	3567	7132
5	3565	3516	3384	7133
5	3566	3537	3406	7134
5	3566	3406	3458	7135
5	3568	3458	3461	7136
5	3568	3566	3458	7137
5	3581	3469	3577	7138
5	4076	3991	3925	7139
5	3571	3462	3569	7140
5	3577	3468	3576	7141
5	3679	3571	3622	7142
5	3570	3567	3460	7143
5	3576	3467	3575	7144
5	3575	3466	3574	7145
5	3677	3620	3567	7146
5	3572	3570	3463	7147
5	3620	3568	3567	7148
5	3676	3568	3620	7149
5	3826	3731	3692	7150
5	3676	3618	3566	7151
5	3681	3573	3679	7152
5	3689	3577	3685	7153
5	3679	3573	3571	7154
5	3681	3574	3573	7155
5	3691	3582	3690	7156
5	3683	3575	3574	7157
5	3612	3599	3507	7158
5	3578	3510	3470	7159
5	3579	3539	3438	7160
5	3579	3438	3412	7161
5	4110	4019	4075	7162
5	3730	3609	3614	7163
5	3812	3718	3732	7164
5	3684	3576	3575	7165
5	3690	3581	3689	7166
5	3685	3577	3576	7167
5	3846	3732	3731	7168
5	3691	3583	3582	7169
5	4063	3981	3987	7170
5	3732	3623	3731	7171
5	3587	3457	3479	7172
5	3750	3668	3523	7173
5	3711	3621	3492	7174
5	3586	3478	3476	7175
5	3700	3587	3621	7176
5	3695	3619	3565	7177
5	4034	3924	4003	7178
5	3658	3614	3495	7179
5	3625	3604	3486	7180
5	3732	3602	3623	7181
5	3726	3595	3663	7182
5	3671	3555	3445	7183
5	3735	3542	3419	7184
5	3735	3419	3505	7185
5	3592	3529	3489	7186
5	3936	3812	3935	7187
5	3850	3633	3737	7188
5	3901	3805	3733	7189
5	3594	3533	3485	7190
5	3765	3629	3754	7191
5	3663	3548	3661	7192
5	3661	3506	3644	7193
5	3596	3497	3482	7194
5	3820	3719	3705	7195
5	3790	3687	3766	7196
5	3638	3579	3513	7197
5	3740	3675	3564	7198
5	3675	3673	3562	7199
5	4064	3999	4030	7200
5	3740	3564	3674	7201
5	3750	3523	3600	7202
5	3613	3414	3552	7203
5	3601	3492	3426	7204
5	3601	3426	3503	7205
5	3689	3581	3577	7206
5	3692	3584	3583	7207
5	3836	3742	3802	7208
5	3710	3646	3603	7209
5	3763	3646	3710	7210
5	3817	3718	3812	7211
5	3605	3596	3482	7212
5	3605	3482	3541	7213
5	3625	3486	3527	7214
5	3632	3535	3606	7215
5	3687	3539	3652	7216
5	3762	3647	3632	7217
5	3745	3585	3693	7218
5	3621	3587	3479	7219
5	3790	3721	3617	7220
5	3657	3544	3518	7221
5	3875	3769	3874	7222
5	3747	3669	3713	7223
5	3611	3607	3520	7224
5	3611	3520	3484	7225
5	3788	3653	3702	7226
5	3673	3560	3562	7227
5	3615	3375	3555	7228
5	3749	3483	3590	7229
5	3614	3609	3538	7230
5	3614	3538	3495	7231
5	3816	3671	3751	7232
5	3615	3496	3375	7233
5	3672	3512	3558	7234
5	3741	3674	3522	7235
5	3617	3611	3484	7236
5	3617	3484	3580	7237
5	3622	3571	3569	7238
5	3619	3516	3565	7239
5	3660	3546	3532	7240
5	3676	3566	3568	7241
5	3682	3551	3667	7242
5	3680	3572	3556	7243
5	3693	3585	3478	7244
5	3693	3478	3586	7245
5	3683	3574	3681	7246
5	3677	3567	3570	7247
5	3623	3602	3517	7248
5	3623	3517	3584	7249
5	3815	3600	3704	7250
5	3816	3708	3671	7251
5	3647	3508	3632	7252
5	3647	3527	3508	7253
5	3752	3627	3718	7254
5	3931	3802	3834	7255
5	3627	3626	3491	7256
5	3627	3491	3490	7257
5	3785	3682	3667	7258
5	4065	3833	3912	7259
5	3713	3669	3596	7260
5	3753	3628	3594	7261
5	3630	3612	3559	7262
5	3630	3559	3502	7263
5	3904	3837	3711	7264
5	3631	3511	3402	7265
5	3647	3625	3527	7266
5	3632	3508	3535	7267
5	3634	3509	3633	7268
5	3663	3549	3548	7269
5	3848	3822	3774	7270
5	3643	3434	3634	7271
5	3635	3503	3409	7272
5	3635	3409	3511	7273
5	3636	3616	3515	7274
5	3636	3515	3512	7275
5	3637	3630	3502	7276
5	3637	3502	3510	7277
5	3652	3579	3638	7278
5	3687	3580	3539	7279
5	3639	3590	3514	7280
5	3639	3514	3500	7281
5	3757	3640	3668	7282
5	3640	3552	3437	7283
5	3641	3606	3494	7284
5	3641	3494	3530	7285
5	3642	3636	3557	7286
5	3642	3557	3422	7287
5	3758	3643	3634	7288
5	3770	3724	3725	7289
5	3821	3749	3759	7290
5	3835	3593	3814	7291
5	3838	3719	3820	7292
5	3768	3654	3767	7293
5	3648	3641	3530	7294
5	3646	3526	3521	7295
5	3819	3746	3798	7296
5	3734	3720	3607	7297
5	3722	3699	3641	7298
5	3761	3609	3730	7299
5	3841	3664	3499	7300
5	3774	3649	3591	7301
5	3773	3665	3772	7302
5	3772	3660	3769	7303
5	3670	3487	3651	7304
5	3670	3591	3554	7305
5	3686	3510	3578	7306
5	3738	3630	3637	7307
5	3686	3578	3653	7308
5	3686	3637	3510	7309
5	3761	3645	3609	7310
5	4065	3903	3833	7311
5	3829	3730	3746	7312
5	3820	3705	3800	7313
5	3656	3651	3534	7314
5	3656	3534	3398	7315
5	3658	3495	3589	7316
5	3734	3611	3721	7317
5	3697	3588	3696	7318
5	3697	3589	3588	7319
5	3659	3603	3545	7320
5	3659	3545	3529	7321
5	3863	3753	3703	7322
5	3754	3629	3628	7323
5	3759	3639	3724	7324
5	3968	3883	3917	7325
5	3662	3639	3500	7326
5	3662	3500	3391	7327
5	3723	3670	3651	7328
5	3663	3595	3549	7329
5	3664	3662	3391	7330
5	3664	3391	3499	7331
5	4150	4066	4134	7332
5	3682	3556	3551	7333
5	3666	3622	3569	7334
5	3666	3569	3516	7335
5	3765	3650	3629	7336
5	3772	3665	3660	7337
5	3668	3640	3519	7338
5	3668	3519	3523	7339
5	3669	3610	3553	7340
5	3669	3553	3497	7341
5	3906	3841	3764	7342
5	3774	3591	3670	7343
5	3835	3733	3631	7344
5	3737	3493	3613	7345
5	3672	3557	3636	7346
5	3672	3636	3512	7347
5	3776	3597	3673	7348
5	3775	3599	3612	7349
5	3674	3564	3451	7350
5	3674	3451	3522	7351
5	3813	3675	3740	7352
5	3852	3741	3701	7353
5	3729	3618	3676	7354
5	3778	3666	3619	7355
5	3783	3680	3682	7356
5	3779	3712	3677	7357
5	3678	3677	3570	7358
5	3678	3570	3572	7359
5	3685	3576	3684	7360
5	3684	3575	3683	7361
5	3779	3677	3678	7362
5	3680	3678	3572	7363
5	3712	3620	3677	7364
5	3773	3667	3665	7365
5	3785	3667	3773	7366
5	3682	3680	3556	7367
5	3782	3679	3727	7368
5	3794	3691	3793	7369
5	3826	3692	3794	7370
5	3769	3650	3765	7371
5	3926	3831	3907	7372
5	3784	3683	3681	7373
5	3706	3673	3675	7374
5	3714	3637	3686	7375
5	3748	3630	3738	7376
5	3687	3617	3580	7377
5	3688	3653	3504	7378
5	3688	3504	3543	7379
5	3792	3689	3791	7380
5	3786	3684	3683	7381
5	3793	3691	3690	7382
5	3787	3685	3684	7383
5	3846	3812	3732	7384
5	3793	3690	3792	7385
5	3791	3689	3685	7386
5	3792	3690	3689	7387
5	3695	3565	3587	7388
5	3992	3827	3929	7389
5	3827	3693	3795	7390
5	3694	3586	3537	7391
5	3700	3695	3587	7392
5	3777	3620	3712	7393
5	3697	3658	3589	7394
5	3932	3828	3839	7395
5	3873	3800	3768	7396
5	3890	3728	3854	7397
5	3735	3505	3698	7398
5	3698	3505	3595	7399
5	4254	4211	4214	7400
5	3722	3641	3648	7401
5	3825	3782	3727	7402
5	3796	3618	3729	7403
5	3701	3616	3636	7404
5	3701	3636	3642	7405
5	3909	3800	3873	7406
5	3829	3746	3819	7407
5	3833	3703	3747	7408
5	3767	3654	3645	7409
5	3745	3608	3585	7410
5	3994	3801	3933	7411
5	3768	3705	3655	7412
5	3872	3761	3867	7413
5	3748	3612	3630	7414
5	3789	3638	3744	7415
5	3707	3659	3592	7416
5	3840	3763	3807	7417
5	3814	3496	3615	7418
5	4077	3988	3910	7419
5	3709	3701	3642	7420
5	3709	3642	3561	7421
5	3943	3849	3913	7422
5	3807	3763	3710	7423
5	3801	3601	3755	7424
5	3910	3815	3704	7425
5	3797	3619	3695	7426
5	3727	3679	3622	7427
5	3873	3768	3767	7428
5	3912	3833	3857	7429
5	3738	3637	3714	7430
5	3775	3612	3748	7431
5	3743	3625	3715	7432
5	3728	3688	3604	7433
5	3762	3715	3647	7434
5	3716	3632	3606	7435
5	3717	3696	3657	7436
5	3721	3611	3617	7437
5	3718	3627	3602	7438
5	3993	3948	3945	7439
5	3719	3713	3596	7440
5	3719	3596	3605	7441
5	3720	3717	3657	7442
5	3720	3657	3607	7443
5	3734	3607	3611	7444
5	3847	3743	3715	7445
5	3834	3802	3707	7446
5	4162	4138	4087	7447
5	3764	3536	3649	7448
5	3774	3670	3723	7449
5	3771	3662	3664	7450
5	3725	3663	3661	7451
5	3841	3547	3764	7452
5	3726	3663	3725	7453
5	3771	3724	3662	7454
5	3841	3499	3547	7455
5	3786	3683	3784	7456
5	3784	3681	3782	7457
5	3790	3617	3687	7458
5	3728	3702	3688	7459
5	3843	3695	3700	7460
5	3881	3777	3712	7461
5	3854	3728	3743	7462
5	3867	3730	3829	7463
5	3732	3718	3602	7464
5	3731	3623	3692	7465
5	4134	4066	4107	7466
5	3834	3707	3736	7467
5	3733	3635	3511	7468
5	3733	3511	3631	7469
5	3743	3604	3625	7470
5	3923	3871	3890	7471
5	3971	3886	3876	7472
5	3848	3656	3735	7473
5	3849	3752	3817	7474
5	3936	3913	3817	7475
5	3756	3634	3633	7476
5	3850	3756	3633	7477
5	3744	3638	3597	7478
5	3859	3775	3748	7479
5	3739	3598	3563	7480
5	3739	3563	3599	7481
5	3824	3823	3740	7482
5	3852	3740	3674	7483
5	3852	3701	3709	7484
5	3824	3598	3739	7485
5	3742	3710	3603	7486
5	3742	3603	3659	7487
5	3982	3934	3981	7488
5	3889	3766	3870	7489
5	3856	3789	3744	7490
5	3832	3798	3799	7491
5	3827	3745	3693	7492
5	3796	3694	3618	7493
5	3746	3730	3614	7494
5	3746	3614	3658	7495
5	3950	3838	3924	7496
5	3966	3881	3926	7497
5	3945	3847	3808	7498
5	3858	3748	3738	7499
5	3770	3661	3644	7500
5	3760	3643	3758	7501
5	3757	3552	3640	7502
5	3988	3815	3910	7503
5	3751	3671	3624	7504
5	3821	3818	3862	7505
5	3752	3736	3626	7506
5	3752	3626	3627	7507
5	4245	4197	4147	7508
5	3857	3747	3713	7509
5	4073	4038	3954	7510
5	3857	3713	3838	7511
5	3755	3601	3503	7512
5	3755	3503	3635	7513
5	3760	3644	3643	7514
5	3758	3634	3756	7515
5	3865	3613	3757	7516
5	3757	3613	3552	7517
5	3962	3875	3874	7518
5	3818	3760	3758	7519
5	3759	3749	3590	7520
5	3759	3590	3639	7521
5	3770	3644	3760	7522
5	3770	3725	3661	7523
5	3960	3867	3956	7524
5	3945	3808	3898	7525
5	3868	3716	3809	7526
5	3974	3804	3889	7527
5	3763	3722	3648	7528
5	3763	3648	3646	7529
5	4047	3968	4018	7530
5	3810	3595	3726	7531
5	3864	3753	3863	7532
5	3864	3754	3753	7533
5	3922	3775	3859	7534
5	3989	3803	3902	7535
5	3872	3767	3761	7536
5	3938	3800	3909	7537
5	3960	3872	3867	7538
5	3990	3920	3958	7539
5	3883	3782	3825	7540
5	3874	3765	3869	7541
5	3821	3760	3818	7542
5	3770	3759	3724	7543
5	3771	3726	3725	7544
5	3771	3725	3724	7545
5	4016	3962	4001	7546
5	3869	3765	3754	7547
5	3886	3773	3876	7548
5	3782	3681	3679	7549
5	3848	3774	3723	7550
5	3822	3649	3774	7551
5	3776	3673	3706	7552
5	3813	3706	3675	7553
5	3871	3788	3702	7554
5	3776	3744	3597	7555
5	3777	3729	3676	7556
5	3777	3676	3620	7557
5	3925	3896	3797	7558
5	3780	3666	3778	7559
5	3831	3712	3779	7560
5	3780	3622	3666	7561
5	3970	3885	3968	7562
5	3844	3729	3777	7563
5	3781	3779	3678	7564
5	3781	3678	3680	7565
5	3791	3685	3787	7566
5	3787	3684	3786	7567
5	3905	3846	3731	7568
5	3783	3781	3680	7569
5	3879	3779	3781	7570
5	3876	3773	3772	7571
5	3886	3785	3773	7572
5	3785	3783	3682	7573
5	4045	3894	3978	7574
5	3875	3772	3769	7575
5	3879	3831	3779	7576
5	3876	3772	3875	7577
5	3952	3859	3858	7578
5	3788	3714	3686	7579
5	3789	3766	3652	7580
5	3789	3652	3638	7581
5	3828	3717	3720	7582
5	3853	3734	3721	7583
5	3887	3786	3885	7584
5	3885	3786	3784	7585
5	3928	3905	3826	7586
5	3887	3787	3786	7587
5	3891	3791	3787	7588
5	3892	3791	3891	7589
5	3928	3826	3794	7590
5	4189	4079	4135	7591
5	3795	3693	3586	7592
5	3795	3586	3694	7593
5	3797	3778	3619	7594
5	3979	3895	3844	7595
5	4124	4039	4051	7596
5	3895	3729	3844	7597
5	3798	3746	3658	7598
5	3798	3658	3697	7599
5	3799	3798	3697	7600
5	3799	3697	3696	7601
5	3873	3767	3872	7602
5	3867	3761	3730	7603
5	4070	3908	4012	7604
5	3815	3750	3600	7605
5	3802	3742	3707	7606
5	4086	3981	4063	7607
5	3877	3744	3776	7608
5	3803	3776	3706	7609
5	4050	3972	3997	7610
5	3868	3762	3716	7611
5	3806	3704	3608	7612
5	4071	3904	3994	7613
5	3843	3797	3695	7614
5	3910	3704	3806	7615
5	4028	3931	3943	7616
5	3921	3830	3900	7617
5	3847	3715	3808	7618
5	3855	3738	3714	7619
5	3868	3808	3762	7620
5	3809	3716	3699	7621
5	3822	3764	3649	7622
5	3810	3698	3595	7623
5	3811	3795	3694	7624
5	3811	3694	3796	7625
5	4135	4079	4118	7626
5	3935	3812	3846	7627
5	3851	3599	3775	7628
5	3922	3851	3775	7629
5	3814	3615	3708	7630
5	3894	3793	3893	7631
5	3901	3733	3835	7632
5	3835	3631	3593	7633
5	3861	3757	3668	7634
5	3865	3757	3861	7635
5	4000	3913	3999	7636
5	3931	3897	3802	7637
5	4033	4008	3952	7638
5	3866	3862	3818	7639
5	3942	3845	3918	7640
5	3853	3721	3804	7641
5	4072	3984	4005	7642
5	4259	4217	4198	7643
5	3862	3624	3749	7644
5	3821	3862	3749	7645
5	3860	3668	3750	7646
5	3814	3593	3496	7647
5	3823	3813	3740	7648
5	3824	3739	3823	7649
5	3852	3674	3741	7650
5	3824	3740	3852	7651
5	3883	3784	3782	7652
5	3885	3784	3883	7653
5	3893	3792	3892	7654
5	3892	3792	3791	7655
5	3994	3904	3801	7656
5	4077	3995	4067	7657
5	3832	3819	3798	7658
5	3845	3717	3828	7659
5	3956	3829	3940	7660
5	3937	3819	3832	7661
5	3830	3809	3699	7662
5	3830	3699	3722	7663
5	3908	3843	3700	7664
5	3996	3929	3811	7665
5	4052	3997	3923	7666
5	4029	3993	3945	7667
5	3838	3713	3719	7668
5	3950	3857	3838	7669
5	3999	3913	3936	7670
5	4000	3943	3913	7671
5	3944	3814	3899	7672
5	3861	3668	3860	7673
5	3836	3807	3710	7674
5	3836	3710	3742	7675
5	3837	3700	3621	7676
5	3837	3621	3711	7677
5	3857	3833	3747	7678
5	4038	3990	3958	7679
5	3839	3828	3720	7680
5	3839	3720	3734	7681
5	3840	3830	3722	7682
5	3840	3722	3763	7683
5	3842	3726	3771	7684
5	3842	3664	3841	7685
5	4001	3962	3920	7686
5	3842	3810	3726	7687
5	3895	3796	3729	7688
5	3878	3727	3780	7689
5	3878	3825	3727	7690
5	3881	3712	3831	7691
5	3845	3832	3799	7692
5	3845	3799	3717	7693
5	3893	3793	3792	7694
5	3894	3794	3793	7695
5	3918	3845	3828	7696
5	3858	3738	3855	7697
5	3848	3723	3656	7698
5	3848	3735	3698	7699
5	3849	3834	3736	7700
5	3849	3736	3752	7701
5	3953	3866	3946	7702
5	3866	3751	3862	7703
5	3851	3823	3739	7704
5	3851	3739	3599	7705
5	3824	3852	3709	7706
5	3824	3709	3598	7707
5	3932	3918	3828	7708
5	3853	3839	3734	7709
5	3921	3809	3830	7710
5	4139	4088	4110	7711
5	3870	3766	3789	7712
5	3859	3748	3858	7713
5	3870	3789	3856	7714
5	3889	3790	3766	7715
5	4004	3954	3863	7716
5	3958	3920	3869	7717
5	3951	3858	3855	7718
5	3963	3877	3914	7719
5	3877	3776	3803	7720
5	3902	3803	3706	7721
5	3899	3708	3816	7722
5	3865	3737	3613	7723
5	3944	3835	3814	7724
5	3946	3866	3756	7725
5	4035	4033	3951	7726
5	3862	3751	3624	7727
5	4286	4209	4136	7728
5	4100	4006	4034	7729
5	4073	3954	4004	7730
5	4126	4047	4084	7731
5	4002	3850	3955	7732
5	3955	3865	3861	7733
5	3866	3818	3758	7734
5	3866	3758	3756	7735
5	3961	3909	3873	7736
5	4169	4099	4098	7737
5	3923	3890	3916	7738
5	3916	3890	3854	7739
5	4001	3920	3990	7740
5	4023	3966	3926	7741
5	3888	3714	3788	7742
5	3927	3855	3888	7743
5	3888	3788	3871	7744
5	3888	3855	3714	7745
5	3940	3829	3819	7746
5	3961	3873	3872	7747
5	4190	4142	4161	7748
5	4006	3912	3950	7749
5	3821	3759	3770	7750
5	3821	3770	3760	7751
5	4007	3964	3967	7752
5	3971	3876	3915	7753
5	3906	3848	3698	7754
5	3906	3698	3810	7755
5	4241	4189	4135	7756
5	3877	3856	3744	7757
5	3896	3778	3797	7758
5	3884	3783	3785	7759
5	3964	3879	3882	7760
5	3907	3831	3879	7761
5	3880	3878	3780	7762
5	3880	3780	3778	7763
5	3926	3881	3831	7764
5	3881	3844	3777	7765
5	3882	3879	3781	7766
5	3882	3781	3783	7767
5	3928	3794	3894	7768
5	3891	3787	3887	7769
5	3965	3917	3825	7770
5	3884	3882	3783	7771
5	3917	3883	3825	7772
5	3966	3844	3881	7773
5	3962	3874	3920	7774
5	3886	3884	3785	7775
5	3958	3864	3954	7776
5	3978	3893	3977	7777
5	4008	3963	3914	7778
5	3914	3877	3803	7779
5	3948	3854	3847	7780
5	3889	3804	3790	7781
5	3890	3871	3702	7782
5	3890	3702	3728	7783
5	4057	3978	3977	7784
5	4432	4401	4332	7785
5	3970	3887	3885	7786
5	3975	3887	3970	7787
5	3975	3891	3887	7788
5	3976	3891	3975	7789
5	3976	3892	3891	7790
5	3977	3893	3892	7791
5	3896	3880	3778	7792
5	3996	3811	3941	7793
5	3925	3797	3843	7794
5	4044	3907	4009	7795
5	3897	3836	3802	7796
5	4141	4062	4094	7797
5	3983	3900	3911	7798
5	3900	3830	3840	7799
5	4011	3861	3860	7800
5	3899	3814	3708	7801
5	3957	3898	3868	7802
5	3957	3809	3921	7803
5	4102	4011	4010	7804
5	3988	3919	3815	7805
5	4099	4003	4098	7806
5	4400	4393	4341	7807
5	3903	3863	3703	7808
5	3903	3703	3833	7809
5	3908	3700	3837	7810
5	4139	4110	4137	7811
5	4060	4030	3935	7812
5	3978	3894	3893	7813
5	4013	3816	3953	7814
5	3946	3756	3850	7815
5	3969	3884	3886	7816
5	4004	3863	3903	7817
5	4092	3939	3992	7818
5	4070	4069	4014	7819
5	3961	3872	3960	7820
5	3956	3867	3829	7821
5	4077	3910	3995	7822
5	3919	3750	3815	7823
5	3911	3900	3840	7824
5	3911	3840	3807	7825
5	3924	3838	3820	7826
5	4040	3956	4036	7827
5	3913	3849	3817	7828
5	4028	3987	3931	7829
5	3972	3888	3871	7830
5	3972	3871	3923	7831
5	3915	3876	3875	7832
5	4170	4096	4167	7833
5	3940	3819	3937	7834
5	4296	4245	4147	7835
5	4104	4045	3978	7836
5	3968	3885	3883	7837
5	3957	3868	3809	7838
5	4029	3945	3898	7839
5	4010	3901	3835	7840
5	3919	3860	3750	7841
5	3962	3915	3875	7842
5	3920	3874	3869	7843
5	3982	3911	3934	7844
5	4019	3900	3983	7845
5	3989	3914	3803	7846
5	3922	3823	3851	7847
5	3973	3856	3963	7848
5	4025	3948	3993	7849
5	3950	3912	3857	7850
5	4240	4159	4201	7851
5	3979	3844	3966	7852
5	4094	4017	3998	7853
5	3930	3878	3880	7854
5	4044	3926	3907	7855
5	4051	3959	4042	7856
5	4049	3963	4008	7857
5	4289	4144	4242	7858
5	4045	4026	3928	7859
5	3929	3827	3795	7860
5	3929	3795	3811	7861
5	4009	3964	4007	7862
5	3965	3878	3930	7863
5	4095	3999	4064	7864
5	4150	4063	4066	7865
5	3974	3889	3959	7866
5	4025	3916	3948	7867
5	3933	3801	3755	7868
5	3933	3755	3805	7869
5	3934	3911	3807	7870
5	3934	3807	3836	7871
5	3902	3813	3823	7872
5	3902	3823	3922	7873
5	4258	4173	4192	7874
5	4028	3943	4000	7875
5	3998	3918	3932	7876
5	4031	3937	3942	7877
5	3938	3924	3820	7878
5	3938	3820	3800	7879
5	3939	3806	3745	7880
5	3939	3745	3827	7881
5	4017	3918	3998	7882
5	4017	3942	3918	7883
5	3941	3811	3796	7884
5	3941	3796	3895	7885
5	3942	3937	3832	7886
5	3942	3832	3845	7887
5	3943	3931	3834	7888
5	3943	3834	3849	7889
5	3906	3810	3842	7890
5	3906	3842	3841	7891
5	4122	4035	4050	7892
5	3948	3847	3945	7893
5	3955	3737	3865	7894
5	4097	4013	4002	7895
5	3947	3932	3839	7896
5	3947	3839	3853	7897
5	3959	3889	3870	7898
5	3948	3916	3854	7899
5	3949	3947	3853	7900
5	3949	3853	3804	7901
5	4003	3924	3938	7902
5	4333	4291	4251	7903
5	3963	3856	3877	7904
5	3952	3858	3951	7905
5	4039	3949	3974	7906
5	3989	3952	3914	7907
5	3953	3816	3751	7908
5	3953	3751	3866	7909
5	3958	3869	3864	7910
5	3954	3864	3863	7911
5	4033	3952	3951	7912
5	3955	3850	3737	7913
5	4036	3940	4032	7914
5	4032	3940	3937	7915
5	4037	3921	4019	7916
5	3997	3972	3923	7917
5	4056	3976	4055	7918
5	4054	3971	3915	7919
5	3974	3949	3804	7920
5	4153	4073	4004	7921
5	4098	3984	4072	7922
5	4040	3960	3956	7923
5	4041	3961	3960	7924
5	4041	3960	4040	7925
5	3906	3764	3822	7926
5	3906	3822	3848	7927
5	3973	3959	3870	7928
5	4050	4035	3927	7929
5	3965	3825	3878	7930
5	3964	3907	3879	7931
5	4082	3979	4058	7932
5	4009	3907	3964	7933
5	3980	3880	3896	7934
5	4092	3994	3995	7935
5	3967	3964	3882	7936
5	3967	3882	3884	7937
5	4045	3928	3894	7938
5	3977	3892	3976	7939
5	4046	3967	3969	7940
5	3969	3967	3884	7941
5	4172	4105	4155	7942
5	4016	3915	3962	7943
5	4127	4048	4054	7944
5	3971	3969	3886	7945
5	3973	3870	3856	7946
5	3972	3927	3888	7947
5	4085	3993	4078	7948
5	4008	3914	3952	7949
5	4050	3927	3972	7950
5	4041	4005	3961	7951
5	4048	3969	3971	7952
5	4288	4252	4189	7953
5	4038	3958	3954	7954
5	4129	4054	4016	7955
5	4053	3975	3970	7956
5	4055	3975	4053	7957
5	4055	3976	3975	7958
5	4189	4160	4079	7959
5	3980	3930	3880	7960
5	3991	3896	3925	7961
5	3991	3980	3896	7962
5	4058	3966	4023	7963
5	3981	3934	3897	7964
5	4307	4204	4246	7965
5	4094	4062	4017	7966
5	4087	4075	3983	7967
5	4216	4150	4194	7968
5	4107	4000	4095	7969
5	3984	3938	3909	7970
5	4036	3956	3940	7971
5	3985	3935	3846	7972
5	3985	3846	3905	7973
5	3986	3933	3805	7974
5	4101	3988	4015	7975
5	3987	3981	3897	7976
5	3987	3897	3931	7977
5	4101	4011	3988	7978
5	4015	3805	3901	7979
5	4229	4174	4166	7980
5	4089	4027	4083	7981
5	4096	4001	3990	7982
5	4090	3990	4038	7983
5	4105	4091	4009	7984
5	4076	4014	4069	7985
5	4075	4019	3983	7986
5	3992	3939	3827	7987
5	4039	4024	3949	7988
5	4114	4025	4085	7989
5	4175	4112	4111	7990
5	4067	3933	3986	7991
5	3995	3910	3806	7992
5	3995	3806	3939	7993
5	4092	4071	3994	7994
5	4058	3979	3966	7995
5	4032	3937	4031	7996
5	4031	3942	4017	7997
5	4264	4230	4243	7998
5	4426	4330	4397	7999
5	4118	4045	4104	8000
5	4060	3935	3985	8001
5	4173	4134	4107	8002
5	4503	4402	4401	8003
5	4096	3990	4090	8004
5	4220	4155	4202	8005
5	4102	4013	4097	8006
5	4011	3919	3988	8007
5	4168	4098	4072	8008
5	4244	4218	4231	8009
5	4100	4034	4099	8010
5	4253	4167	4224	8011
5	4005	3984	3909	8012
5	4005	3909	3961	8013
5	4098	4003	3984	8014
5	4099	4034	4003	8015
5	3989	3902	3922	8016
5	4087	3982	4086	8017
5	4042	3959	3973	8018
5	4287	4251	4197	8019
5	4018	3968	3917	8020
5	4057	3977	4056	8021
5	4101	4010	4011	8022
5	4011	3860	3919	8023
5	4097	3861	4011	8024
5	4013	3899	3816	8025
5	4012	3908	3837	8026
5	4012	3837	3904	8027
5	4013	3944	3899	8028
5	4035	3951	3927	8029
5	4014	3925	3843	8030
5	4014	3843	3908	8031
5	4077	4015	3988	8032
5	4015	3986	3805	8033
5	4253	4227	4167	8034
5	4104	3978	4057	8035
5	4019	3921	3900	8036
5	4108	4029	4020	8037
5	4047	3970	3968	8038
5	4054	3915	4016	8039
5	4020	3898	3957	8040
5	4078	3993	4029	8041
5	3989	3922	3859	8042
5	3989	3859	3952	8043
5	4021	3998	3932	8044
5	4021	3932	3947	8045
5	4022	3941	3895	8046
5	4022	3895	3979	8047
5	4140	4119	4120	8048
5	4059	3930	3980	8049
5	4024	4021	3947	8050
5	4024	3947	3949	8051
5	4149	4114	4085	8052
5	4052	3916	4025	8053
5	4026	3985	3905	8054
5	4026	3905	3928	8055
5	4027	4018	3917	8056
5	4027	3917	3965	8057
5	4199	4137	4138	8058
5	4152	4063	4150	8059
5	4391	4294	4291	8060
5	4151	4081	4116	8061
5	4030	3999	3936	8062
5	4030	3936	3935	8063
5	4062	4031	4017	8064
5	4173	4107	4095	8065
5	4125	4113	3997	8066
5	4116	4081	4041	8067
5	4002	3946	3850	8068
5	4102	4097	4011	8069
5	4034	4006	3950	8070
5	4034	3950	3924	8071
5	4002	4013	3953	8072
5	4002	3953	3946	8073
5	4115	4036	4112	8074
5	4112	4032	4111	8075
5	4037	4020	3957	8076
5	4037	3957	3921	8077
5	4153	4004	4065	8078
5	4287	4197	4245	8079
5	4124	4051	4123	8080
5	4109	4021	4093	8081
5	4166	4108	4088	8082
5	4154	4081	4151	8083
5	4116	4041	4040	8084
5	4116	4040	4115	8085
5	4051	3974	3959	8086
5	4051	4039	3974	8087
5	4043	4027	3965	8088
5	4043	3965	3930	8089
5	4132	4023	4117	8090
5	4044	4023	3926	8091
5	4158	4030	4060	8092
5	4056	3977	3976	8093
5	4148	4126	4084	8094
5	4046	4007	3967	8095
5	4118	4079	4026	8096
5	4053	3970	4047	8097
5	4103	4001	4096	8098
5	4048	4046	3969	8099
5	4049	4042	3973	8100
5	4049	3973	3963	8101
5	4080	4008	4033	8102
5	4121	4049	4080	8103
5	4080	4033	4035	8104
5	4052	3923	3916	8105
5	4085	4025	3993	8106
5	4123	4051	4042	8107
5	4156	4057	4131	8108
5	4103	4016	4001	8109
5	4126	4053	4047	8110
5	4054	4048	3971	8111
5	4091	4044	4009	8112
5	4129	4016	4103	8113
5	4201	4068	4146	8114
5	4163	4090	4038	8115
5	4212	4202	4140	8116
5	4209	4131	4136	8117
5	4059	4043	3930	8118
5	4132	4058	4023	8119
5	4074	3980	3991	8120
5	4117	4023	4044	8121
5	4185	4104	4156	8122
5	4298	4241	4256	8123
5	4071	4012	3904	8124
5	4061	3992	3929	8125
5	4545	4493	4475	8126
5	4111	4032	4031	8127
5	4290	4260	4278	8128
5	4107	4028	4000	8129
5	4367	4300	4271	8130
5	4198	4153	4159	8131
5	4240	4198	4159	8132
5	4065	4004	3903	8133
5	4066	4063	3987	8134
5	4066	3987	4028	8135
5	4067	3995	3994	8136
5	4067	3994	3933	8137
5	4068	4065	3912	8138
5	4068	3912	4006	8139
5	4069	3996	3941	8140
5	4074	4059	3980	8141
5	4092	3995	3939	8142
5	4070	4012	4061	8143
5	4070	4014	3908	8144
5	4061	3929	3996	8145
5	4111	4031	4062	8146
5	4115	4040	4036	8147
5	4163	4038	4073	8148
5	4239	4187	4238	8149
5	4074	3991	4082	8150
5	4362	4313	4312	8151
5	4071	3992	4061	8152
5	4071	4061	4012	8153
5	4082	4022	3979	8154
5	4076	4082	3991	8155
5	4077	4067	3986	8156
5	4077	3986	4015	8157
5	4069	3941	4022	8158
5	4076	3925	4014	8159
5	4160	3985	4079	8160
5	4079	3985	4026	8161
5	4080	4049	4008	8162
5	4397	4330	4331	8163
5	4081	4072	4005	8164
5	4081	4005	4041	8165
5	4076	4069	4022	8166
5	4076	4022	4082	8167
5	4083	4027	4043	8168
5	4133	4059	4132	8169
5	4131	4056	4130	8170
5	4084	4047	4018	8171
5	4093	4021	4024	8172
5	4165	4094	4109	8173
5	4087	3983	3982	8174
5	4086	3982	3981	8175
5	4335	4290	4324	8176
5	4143	4062	4141	8177
5	4108	4020	4088	8178
5	4088	4020	4037	8179
5	4089	4084	4018	8180
5	4089	4018	4027	8181
5	4184	4140	4120	8182
5	4168	4072	4154	8183
5	4105	4009	4007	8184
5	4117	4044	4091	8185
5	4177	4115	4112	8186
5	4092	3992	4071	8187
5	4070	4061	3996	8188
5	4070	3996	4069	8189
5	4247	4199	4210	8190
5	4162	4087	4086	8191
5	4107	4066	4028	8192
5	4095	4000	3999	8193
5	4205	4188	4170	8194
5	4184	4120	4127	8195
5	4097	4002	3955	8196
5	4097	3955	3861	8197
5	4177	4112	4175	8198
5	4154	4072	4081	8199
5	4200	4147	4099	8200
5	4296	4147	4200	8201
5	4113	4050	3997	8202
5	4122	4050	4113	8203
5	4101	4015	3901	8204
5	4101	3901	4010	8205
5	4102	4010	3944	8206
5	4102	3944	4013	8207
5	4156	4104	4057	8208
5	4128	4055	4053	8209
5	4130	4055	4128	8210
5	4130	4056	4055	8211
5	4172	4091	4105	8212
5	4145	4084	4089	8213
5	4106	4093	4024	8214
5	4106	4024	4039	8215
5	4258	4203	4173	8216
5	4303	4281	4265	8217
5	4215	4181	4149	8218
5	4108	4078	4029	8219
5	4109	4094	3998	8220
5	4109	3998	4021	8221
5	4110	4088	4037	8222
5	4110	4037	4019	8223
5	4112	4036	4032	8224
5	4200	4099	4169	8225
5	4230	4142	4190	8226
5	4180	4106	4124	8227
5	4121	4042	4049	8228
5	4182	4124	4123	8229
5	4125	4052	4114	8230
5	4114	4052	4025	8231
5	4248	4200	4169	8232
5	4143	4111	4062	8233
5	4248	4169	4226	8234
5	4533	4508	4525	8235
5	4179	4091	4172	8236
5	4133	4132	4117	8237
5	4131	4057	4056	8238
5	4158	4064	4030	8239
5	4119	4105	4007	8240
5	4119	4007	4046	8241
5	4120	4119	4046	8242
5	4120	4046	4048	8243
5	4123	4042	4121	8244
5	4142	4109	4093	8245
5	4122	4121	4080	8246
5	4122	4080	4035	8247
5	4176	4122	4113	8248
5	4124	4106	4039	8249
5	4125	3997	4052	8250
5	4181	4114	4149	8251
5	4180	4161	4106	8252
5	4176	4121	4122	8253
5	4256	4241	4135	8254
5	4128	4053	4126	8255
5	4227	4170	4167	8256
5	4127	4120	4048	8257
5	4332	4258	4289	8258
5	4333	4251	4287	8259
5	4155	4105	4119	8260
5	4129	4127	4054	8261
5	4224	4167	4090	8262
5	4221	4188	4205	8263
5	4074	4082	4058	8264
5	4132	4074	4058	8265
5	4133	4043	4059	8266
5	4132	4059	4074	8267
5	4179	4172	4171	8268
5	4133	4083	4043	8269
5	4288	4189	4241	8270
5	4379	4346	4288	8271
5	4209	4193	4156	8272
5	4155	4119	4140	8273
5	4136	4131	4130	8274
5	4187	4128	4157	8275
5	4137	4110	4075	8276
5	4450	4403	4393	8277
5	4138	4137	4075	8278
5	4138	4075	4087	8279
5	4178	4116	4115	8280
5	4235	4183	4181	8281
5	4212	4140	4184	8282
5	4157	4128	4126	8283
5	4175	4111	4143	8284
5	4232	4175	4191	8285
5	4165	4109	4142	8286
5	4165	4141	4094	8287
5	4207	4164	4206	8288
5	4233	4231	4178	8289
5	4144	4095	4064	8290
5	4399	4332	4289	8291
5	4148	4084	4145	8292
5	4251	4146	4197	8293
5	4146	4068	4006	8294
5	4146	4006	4100	8295
5	4147	4100	4099	8296
5	4169	4098	4168	8297
5	4157	4126	4148	8298
5	4187	4130	4128	8299
5	4266	4207	4206	8300
5	4161	4093	4106	8301
5	4152	4086	4063	8302
5	4162	4086	4152	8303
5	4178	4115	4177	8304
5	4348	4296	4248	8305
5	4278	4222	4216	8306
5	4338	4324	4261	8307
5	4201	4159	4068	8308
5	4170	4103	4096	8309
5	4291	4240	4201	8310
5	4225	4154	4218	8311
5	4228	4145	4171	8312
5	4171	4089	4083	8313
5	4185	4118	4104	8314
5	4185	4135	4118	8315
5	4188	4103	4170	8316
5	4237	4212	4184	8317
5	4208	4148	4196	8318
5	4252	4160	4189	8319
5	4159	4153	4065	8320
5	4159	4065	4068	8321
5	4252	4060	4160	8322
5	4160	4060	3985	8323
5	4174	4078	4108	8324
5	4161	4142	4093	8325
5	4402	4343	4401	8326
5	4222	4152	4216	8327
5	4217	4073	4153	8328
5	4294	4240	4291	8329
5	4164	4149	4085	8330
5	4164	4085	4078	8331
5	4214	4137	4199	8332
5	4166	4088	4139	8333
5	4174	4108	4166	8334
5	4174	4164	4078	8335
5	4167	4096	4090	8336
5	4346	4252	4288	8337
5	4339	4302	4325	8338
5	4233	4177	4232	8339
5	4283	4232	4250	8340
5	4226	4169	4168	8341
5	4238	4187	4157	8342
5	4208	4157	4148	8343
5	4391	4291	4376	8344
5	4171	4145	4089	8345
5	4179	4171	4083	8346
5	4188	4129	4103	8347
5	4418	4392	4354	8348
5	4444	4384	4344	8349
5	4235	4181	4215	8350
5	4207	4149	4164	8351
5	4378	4295	4345	8352
5	4178	4151	4116	8353
5	4182	4180	4124	8354
5	4181	4125	4114	8355
5	4279	4218	4244	8356
5	4340	4297	4316	8357
5	4206	4164	4174	8358
5	4281	4229	4265	8359
5	4188	4186	4129	8360
5	4179	4117	4091	8361
5	4182	4123	4176	8362
5	4176	4123	4121	8363
5	4183	4125	4181	8364
5	4183	4113	4125	8365
5	4183	4176	4113	8366
5	4215	4149	4207	8367
5	4234	4180	4182	8368
5	4236	4234	4182	8369
5	4202	4155	4140	8370
5	4196	4148	4145	8371
5	4307	4242	4204	8372
5	4256	4185	4193	8373
5	4186	4184	4127	8374
5	4186	4127	4129	8375
5	4237	4186	4221	8376
5	4187	4136	4130	8377
5	4179	4083	4133	8378
5	4179	4133	4117	8379
5	4372	4256	4300	8380
5	4242	4144	4204	8381
5	4222	4162	4152	8382
5	4350	4314	4323	8383
5	4191	4175	4143	8384
5	4213	4143	4141	8385
5	4192	4173	4095	8386
5	4192	4095	4144	8387
5	4193	4185	4156	8388
5	4379	4377	4346	8389
5	4194	4150	4134	8390
5	4399	4336	4383	8391
5	4195	4190	4161	8392
5	4195	4161	4180	8393
5	4407	4349	4305	8394
5	4209	4156	4131	8395
5	4197	4146	4100	8396
5	4197	4100	4147	8397
5	4217	4163	4073	8398
5	4217	4153	4198	8399
5	4282	4244	4231	8400
5	4437	4394	4405	8401
5	4225	4168	4154	8402
5	4226	4168	4225	8403
5	4375	4287	4330	8404
5	4291	4201	4251	8405
5	4228	4196	4145	8406
5	4219	4171	4172	8407
5	4262	4134	4203	8408
5	4203	4134	4173	8409
5	4204	4144	4064	8410
5	4204	4064	4158	8411
5	4380	4319	4349	8412
5	4263	4217	4259	8413
5	4283	4282	4233	8414
5	4265	4229	4211	8415
5	4255	4213	4223	8416
5	4371	4326	4309	8417
5	4270	4205	4249	8418
5	4299	4284	4268	8419
5	4321	4270	4319	8420
5	4410	4298	4372	8421
5	4210	4199	4138	8422
5	4210	4138	4162	8423
5	4229	4166	4211	8424
5	4211	4166	4139	8425
5	4284	4237	4268	8426
5	4269	4238	4208	8427
5	4243	4230	4190	8428
5	4213	4191	4143	8429
5	4214	4211	4139	8430
5	4214	4139	4137	8431
5	4278	4216	4261	8432
5	4276	4195	4234	8433
5	4222	4210	4162	8434
5	4216	4152	4150	8435
5	4227	4205	4170	8436
5	4224	4090	4163	8437
5	4218	4154	4151	8438
5	4232	4177	4175	8439
5	4277	4196	4228	8440
5	4228	4171	4219	8441
5	4220	4219	4172	8442
5	4220	4172	4155	8443
5	4237	4184	4186	8444
5	4221	4186	4188	8445
5	4309	4250	4293	8446
5	4274	4191	4213	8447
5	4223	4213	4141	8448
5	4223	4141	4165	8449
5	4457	4434	4386	8450
5	4395	4390	4368	8451
5	4548	4457	4530	8452
5	4301	4244	4282	8453
5	4279	4225	4218	8454
5	4280	4225	4279	8455
5	4268	4237	4221	8456
5	4249	4205	4227	8457
5	4420	4331	4381	8458
5	4555	4515	4513	8459
5	4275	4215	4207	8460
5	4229	4206	4174	8461
5	4230	4223	4165	8462
5	4230	4165	4142	8463
5	4231	4218	4151	8464
5	4231	4151	4178	8465
5	4233	4178	4177	8466
5	4325	4244	4301	8467
5	4322	4274	4255	8468
5	4282	4231	4233	8469
5	4267	4190	4195	8470
5	4234	4195	4180	8471
5	4236	4182	4176	8472
5	4236	4176	4183	8473
5	4236	4183	4235	8474
5	4236	4235	4234	8475
5	4238	4157	4208	8476
5	4304	4269	4272	8477
5	4312	4263	4259	8478
5	4328	4286	4239	8479
5	4286	4136	4239	8480
5	4239	4136	4187	8481
5	4251	4201	4146	8482
5	4436	4413	4389	8483
5	4256	4135	4185	8484
5	4496	4459	4442	8485
5	4382	4354	4361	8486
5	4441	4377	4428	8487
5	4257	4199	4247	8488
5	4326	4282	4283	8489
5	4359	4325	4301	8490
5	4250	4232	4191	8491
5	4296	4200	4248	8492
5	4280	4226	4225	8493
5	4383	4336	4337	8494
5	4246	4204	4158	8495
5	4324	4278	4261	8496
5	4343	4203	4258	8497
5	4375	4333	4287	8498
5	4338	4261	4311	8499
5	4308	4284	4299	8500
5	4300	4256	4193	8501
5	4369	4322	4315	8502
5	4306	4260	4290	8503
5	4348	4248	4295	8504
5	4330	4287	4245	8505
5	4310	4060	4252	8506
5	4310	4158	4060	8507
5	4320	4269	4304	8508
5	4407	4305	4363	8509
5	4275	4207	4266	8510
5	4265	4211	4254	8511
5	4274	4213	4255	8512
5	4274	4250	4191	8513
5	4271	4193	4209	8514
5	4300	4193	4271	8515
5	4257	4254	4214	8516
5	4257	4214	4199	8517
5	4324	4290	4278	8518
5	4422	4374	4402	8519
5	4263	4163	4217	8520
5	4263	4224	4163	8521
5	4260	4247	4210	8522
5	4260	4210	4222	8523
5	4278	4260	4222	8524
5	4261	4216	4194	8525
5	4364	4314	4350	8526
5	4262	4194	4134	8527
5	4423	4362	4384	8528
5	4313	4263	4312	8529
5	4264	4255	4223	8530
5	4264	4223	4230	8531
5	4322	4293	4274	8532
5	4345	4280	4302	8533
5	4316	4266	4281	8534
5	4327	4275	4297	8535
5	4297	4275	4266	8536
5	4267	4243	4190	8537
5	4285	4238	4269	8538
5	4273	4202	4212	8539
5	4376	4291	4333	8540
5	4321	4268	4270	8541
5	4270	4268	4221	8542
5	4270	4221	4205	8543
5	4411	4300	4367	8544
5	4328	4239	4285	8545
5	4272	4269	4208	8546
5	4272	4208	4196	8547
5	4277	4228	4219	8548
5	4277	4220	4202	8549
5	4403	4351	4355	8550
5	4293	4250	4274	8551
5	4276	4234	4235	8552
5	4283	4233	4232	8553
5	4276	4235	4215	8554
5	4276	4215	4275	8555
5	4277	4272	4196	8556
5	4277	4219	4220	8557
5	4386	4339	4359	8558
5	4292	4257	4247	8559
5	4434	4387	4339	8560
5	4387	4345	4302	8561
5	4277	4202	4273	8562
5	4388	4360	4308	8563
5	4281	4266	4206	8564
5	4281	4206	4229	8565
5	4315	4255	4264	8566
5	4424	4412	4421	8567
5	4327	4276	4275	8568
5	4276	4267	4195	8569
5	4284	4273	4212	8570
5	4284	4212	4237	8571
5	4286	4271	4209	8572
5	4285	4239	4238	8573
5	4372	4298	4256	8574
5	4438	4334	4380	8575
5	4444	4344	4391	8576
5	4423	4406	4362	8577
5	4346	4310	4252	8578
5	4392	4337	4307	8579
5	4289	4258	4192	8580
5	4289	4192	4144	8581
5	4341	4290	4335	8582
5	4347	4203	4343	8583
5	4345	4295	4280	8584
5	4381	4331	4296	8585
5	4425	4374	4422	8586
5	4605	4581	4601	8587
5	4370	4293	4322	8588
5	4326	4283	4309	8589
5	4294	4259	4198	8590
5	4294	4198	4240	8591
5	4295	4248	4226	8592
5	4295	4226	4280	8593
5	4391	4344	4294	8594
5	4473	4426	4397	8595
5	4316	4281	4303	8596
5	4323	4257	4292	8597
5	4435	4410	4372	8598
5	4501	4443	4456	8599
5	4308	4273	4284	8600
5	4353	4320	4304	8601
5	4319	4270	4249	8602
5	4329	4271	4286	8603
5	4309	4283	4250	8604
5	4427	4386	4394	8605
5	4302	4280	4279	8606
5	4554	4513	4511	8607
5	4529	4522	4524	8608
5	4327	4267	4276	8609
5	4320	4285	4269	8610
5	4379	4288	4342	8611
5	4305	4249	4227	8612
5	4305	4227	4253	8613
5	4306	4292	4247	8614
5	4306	4247	4260	8615
5	4440	4342	4410	8616
5	4432	4332	4399	8617
5	4360	4304	4272	8618
5	4360	4273	4308	8619
5	4326	4301	4282	8620
5	4359	4301	4356	8621
5	4361	4310	4346	8622
5	4310	4246	4158	8623
5	4311	4261	4194	8624
5	4311	4194	4262	8625
5	4313	4253	4224	8626
5	4313	4224	4263	8627
5	4349	4319	4249	8628
5	4363	4313	4362	8629
5	4314	4303	4265	8630
5	4314	4265	4254	8631
5	4624	4582	4570	8632
5	4322	4255	4315	8633
5	4352	4315	4317	8634
5	4316	4297	4266	8635
5	4317	4315	4264	8636
5	4317	4264	4243	8637
5	4318	4317	4243	8638
5	4318	4243	4267	8639
5	4404	4320	4353	8640
5	4334	4321	4319	8641
5	4390	4353	4357	8642
5	4404	4353	4390	8643
5	4357	4308	4299	8644
5	4321	4299	4268	8645
5	4364	4303	4314	8646
5	4370	4358	4293	8647
5	4323	4314	4254	8648
5	4323	4254	4257	8649
5	4429	4335	4398	8650
5	4393	4355	4341	8651
5	4325	4302	4279	8652
5	4325	4279	4244	8653
5	4341	4306	4290	8654
5	4355	4306	4341	8655
5	4327	4297	4318	8656
5	4327	4318	4267	8657
5	4390	4357	4368	8658
5	4329	4286	4328	8659
5	4349	4249	4305	8660
5	4380	4334	4319	8661
5	4430	4348	4378	8662
5	4535	4501	4456	8663
5	4331	4330	4245	8664
5	4331	4245	4296	8665
5	4343	4258	4332	8666
5	4402	4347	4343	8667
5	4443	4391	4376	8668
5	4381	4296	4348	8669
5	4366	4285	4320	8670
5	4368	4321	4334	8671
5	4425	4338	4374	8672
5	4464	4392	4418	8673
5	4399	4289	4336	8674
5	4336	4289	4242	8675
5	4337	4336	4242	8676
5	4337	4242	4307	8677
5	4347	4262	4203	8678
5	4598	4560	4559	8679
5	4371	4309	4358	8680
5	4400	4341	4335	8681
5	4365	4316	4303	8682
5	4340	4318	4297	8683
5	4476	4433	4400	8684
5	4522	4461	4486	8685
5	4342	4288	4241	8686
5	4342	4241	4298	8687
5	4347	4311	4262	8688
5	4572	4536	4500	8689
5	4344	4312	4259	8690
5	4344	4259	4294	8691
5	4626	4537	4576	8692
5	4378	4348	4295	8693
5	4354	4307	4246	8694
5	4646	4566	4621	8695
5	4433	4393	4400	8696
5	4471	4401	4432	8697
5	4434	4339	4386	8698
5	4511	4460	4497	8699
5	4406	4363	4362	8700
5	4448	4390	4395	8701
5	4358	4309	4293	8702
5	4356	4301	4326	8703
5	4351	4350	4323	8704
5	4351	4323	4292	8705
5	4539	4495	4472	8706
5	4369	4315	4352	8707
5	4404	4396	4366	8708
5	4366	4328	4285	8709
5	4382	4361	4377	8710
5	4418	4354	4382	8711
5	4355	4351	4292	8712
5	4355	4292	4306	8713
5	4359	4339	4325	8714
5	4387	4302	4339	8715
5	4388	4304	4360	8716
5	4388	4308	4357	8717
5	4371	4356	4326	8718
5	4465	4430	4460	8719
5	4340	4352	4317	8720
5	4340	4317	4318	8721
5	4360	4272	4277	8722
5	4360	4277	4273	8723
5	4361	4354	4246	8724
5	4361	4246	4310	8725
5	4363	4305	4253	8726
5	4363	4253	4313	8727
5	4438	4395	4334	8728
5	4407	4363	4406	8729
5	4365	4340	4316	8730
5	4365	4303	4364	8731
5	4389	4369	4352	8732
5	4409	4340	4365	8733
5	4367	4271	4329	8734
5	4373	4328	4366	8735
5	4464	4442	4392	8736
5	4439	4411	4367	8737
5	4368	4357	4299	8738
5	4368	4299	4321	8739
5	4408	4365	4364	8740
5	4370	4322	4369	8741
5	4424	4408	4412	8742
5	4414	4351	4403	8743
5	4569	4563	4523	8744
5	4445	4421	4414	8745
5	4462	4411	4439	8746
5	4446	4373	4396	8747
5	4462	4435	4372	8748
5	4373	4329	4328	8749
5	4374	4338	4311	8750
5	4374	4311	4347	8751
5	4426	4375	4330	8752
5	4444	4391	4443	8753
5	4535	4431	4463	8754
5	4513	4467	4465	8755
5	4567	4493	4545	8756
5	4377	4361	4346	8757
5	4613	4577	4547	8758
5	4556	4498	4550	8759
5	4428	4377	4379	8760
5	4479	4428	4440	8761
5	4469	4439	4416	8762
5	4525	4489	4488	8763
5	4467	4420	4465	8764
5	4463	4431	4375	8765
5	4410	4342	4298	8766
5	4440	4428	4379	8767
5	4392	4307	4354	8768
5	4657	4603	4655	8769
5	4384	4362	4312	8770
5	4384	4312	4344	8771
5	4415	4358	4385	8772
5	4385	4358	4370	8773
5	4483	4450	4433	8774
5	4405	4394	4356	8775
5	4420	4397	4331	8776
5	4473	4397	4467	8777
5	4388	4357	4353	8778
5	4388	4353	4304	8779
5	4413	4369	4389	8780
5	4413	4370	4369	8781
5	4396	4373	4366	8782
5	4395	4368	4334	8783
5	4451	4407	4406	8784
5	4508	4484	4438	8785
5	4442	4337	4392	8786
5	4441	4382	4377	8787
5	4403	4355	4393	8788
5	4445	4414	4403	8789
5	4394	4386	4359	8790
5	4394	4359	4356	8791
5	4526	4484	4508	8792
5	4404	4366	4320	8793
5	4515	4467	4513	8794
5	4574	4547	4501	8795
5	4465	4420	4430	8796
5	4588	4494	4548	8797
5	4398	4335	4324	8798
5	4398	4324	4338	8799
5	4401	4343	4332	8800
5	4402	4374	4347	8801
5	4603	4539	4571	8802
5	4425	4398	4338	8803
5	4666	4610	4598	8804
5	4506	4475	4441	8805
5	4540	4509	4458	8806
5	4429	4400	4335	8807
5	4450	4393	4433	8808
5	4405	4356	4371	8809
5	4485	4448	4484	8810
5	4449	4396	4404	8811
5	4627	4568	4529	8812
5	4490	4470	4453	8813
5	4463	4375	4426	8814
5	4557	4480	4519	8815
5	4481	4444	4443	8816
5	4452	4407	4451	8817
5	4409	4352	4340	8818
5	4409	4365	4408	8819
5	4409	4408	4389	8820
5	4409	4389	4352	8821
5	4416	4367	4329	8822
5	4411	4372	4300	8823
5	4462	4372	4411	8824
5	4416	4329	4373	8825
5	4412	4408	4364	8826
5	4412	4364	4350	8827
5	4421	4412	4414	8828
5	4413	4385	4370	8829
5	4414	4412	4350	8830
5	4414	4350	4351	8831
5	4415	4405	4371	8832
5	4415	4371	4358	8833
5	4498	4439	4469	8834
5	4440	4379	4342	8835
5	4417	4378	4345	8836
5	4417	4345	4387	8837
5	4442	4383	4337	8838
5	4566	4538	4543	8839
5	4447	4415	4419	8840
5	4419	4415	4385	8841
5	4537	4502	4473	8842
5	4515	4473	4467	8843
5	4585	4529	4565	8844
5	4424	4389	4408	8845
5	4504	4472	4422	8846
5	4503	4401	4471	8847
5	4542	4525	4488	8848
5	4501	4481	4443	8849
5	4453	4419	4385	8850
5	4436	4389	4424	8851
5	4476	4400	4429	8852
5	4450	4445	4403	8853
5	4467	4397	4420	8854
5	4502	4426	4473	8855
5	4583	4530	4582	8856
5	4492	4474	4437	8857
5	4531	4496	4464	8858
5	4597	4559	4558	8859
5	4539	4472	4504	8860
5	4571	4539	4504	8861
5	4430	4420	4381	8862
5	4430	4381	4348	8863
5	4431	4376	4333	8864
5	4431	4333	4375	8865
5	4528	4504	4503	8866
5	4699	4697	4658	8867
5	4604	4539	4603	8868
5	4505	4491	4487	8869
5	4570	4544	4492	8870
5	4457	4386	4427	8871
5	4478	4440	4410	8872
5	4478	4410	4435	8873
5	4477	4424	4421	8874
5	4453	4413	4436	8875
5	4474	4394	4437	8876
5	4474	4427	4394	8877
5	4446	4416	4373	8878
5	4439	4367	4416	8879
5	4448	4404	4390	8880
5	4571	4504	4528	8881
5	4479	4440	4478	8882
5	4506	4441	4480	8883
5	4517	4478	4435	8884
5	4480	4428	4479	8885
5	4475	4382	4441	8886
5	4496	4442	4464	8887
5	4466	4406	4423	8888
5	4537	4473	4515	8889
5	4466	4451	4406	8890
5	4482	4444	4481	8891
5	4492	4437	4461	8892
5	4453	4385	4413	8893
5	4542	4488	4512	8894
5	4589	4514	4549	8895
5	4447	4437	4405	8896
5	4447	4405	4415	8897
5	4508	4438	4489	8898
5	4449	4404	4448	8899
5	4556	4516	4498	8900
5	4469	4416	4446	8901
5	4540	4458	4495	8902
5	4477	4436	4424	8903
5	4452	4380	4349	8904
5	4452	4349	4407	8905
5	4484	4448	4395	8906
5	4489	4438	4380	8907
5	4470	4419	4453	8908
5	4491	4421	4445	8909
5	4454	4432	4399	8910
5	4454	4399	4383	8911
5	4455	4417	4387	8912
5	4455	4387	4434	8913
5	4456	4443	4376	8914
5	4456	4376	4431	8915
5	4582	4530	4544	8916
5	4583	4548	4530	8917
5	4458	4429	4398	8918
5	4458	4398	4425	8919
5	4459	4454	4383	8920
5	4459	4383	4442	8921
5	4460	4430	4378	8922
5	4460	4378	4417	8923
5	4461	4437	4447	8924
5	4487	4445	4450	8925
5	4510	4468	4507	8926
5	4484	4395	4438	8927
5	4649	4622	4579	8928
5	4535	4456	4431	8929
5	4519	4480	4479	8930
5	4475	4418	4382	8931
5	4584	4532	4502	8932
5	4541	4497	4455	8933
5	4600	4542	4512	8934
5	4580	4578	4564	8935
5	4511	4465	4460	8936
5	4513	4465	4511	8937
5	4468	4446	4396	8938
5	4468	4396	4449	8939
5	4525	4508	4489	8940
5	4488	4452	4451	8941
5	4486	4419	4470	8942
5	4486	4447	4419	8943
5	4528	4503	4471	8944
5	4504	4422	4503	8945
5	4472	4458	4425	8946
5	4472	4425	4422	8947
5	4553	4511	4497	8948
5	4502	4463	4426	8949
5	4544	4474	4492	8950
5	4509	4476	4429	8951
5	4480	4441	4428	8952
5	4545	4475	4506	8953
5	4546	4492	4461	8954
5	4487	4450	4483	8955
5	4490	4436	4477	8956
5	4490	4453	4436	8957
5	4507	4468	4485	8958
5	4498	4462	4439	8959
5	4510	4469	4446	8960
5	4519	4479	4518	8961
5	4516	4435	4462	8962
5	4518	4479	4478	8963
5	4482	4423	4384	8964
5	4482	4384	4444	8965
5	4674	4659	4616	8966
5	4521	4482	4520	8967
5	4569	4523	4536	8968
5	4551	4500	4476	8969
5	4485	4449	4448	8970
5	4485	4468	4449	8971
5	4517	4435	4516	8972
5	4677	4673	4636	8973
5	4546	4461	4522	8974
5	4486	4461	4447	8975
5	4527	4490	4477	8976
5	4523	4487	4483	8977
5	4489	4452	4488	8978
5	4489	4380	4452	8979
5	4611	4561	4577	8980
5	4526	4485	4484	8981
5	4527	4477	4491	8982
5	4491	4445	4487	8983
5	4527	4470	4490	8984
5	4491	4477	4421	8985
5	4652	4609	4588	8986
5	4582	4544	4570	8987
5	4493	4464	4418	8988
5	4493	4418	4475	8989
5	4494	4455	4434	8990
5	4494	4434	4457	8991
5	4509	4429	4458	8992
5	4495	4458	4472	8993
5	4531	4464	4493	8994
5	4558	4517	4516	8995
5	4497	4460	4417	8996
5	4497	4417	4455	8997
5	4518	4478	4517	8998
5	4516	4462	4498	8999
5	4499	4471	4432	9000
5	4499	4432	4454	9001
5	4500	4483	4433	9002
5	4500	4433	4476	9003
5	4520	4482	4481	9004
5	4547	4520	4481	9005
5	4535	4463	4532	9006
5	4532	4463	4502	9007
5	4607	4495	4604	9008
5	4503	4422	4402	9009
5	4549	4459	4496	9010
5	4655	4605	4639	9011
5	4565	4505	4563	9012
5	4527	4491	4505	9013
5	4606	4531	4567	9014
5	4590	4557	4519	9015
5	4510	4446	4468	9016
5	4550	4498	4469	9017
5	4534	4508	4533	9018
5	4561	4521	4520	9019
5	4536	4483	4500	9020
5	4607	4586	4540	9021
5	4558	4516	4556	9022
5	4564	4526	4534	9023
5	4609	4608	4587	9024
5	4541	4455	4494	9025
5	4512	4488	4451	9026
5	4512	4451	4466	9027
5	4592	4555	4554	9028
5	4619	4588	4548	9029
5	4514	4499	4454	9030
5	4514	4454	4459	9031
5	4555	4513	4554	9032
5	4576	4515	4555	9033
5	4674	4616	4644	9034
5	4560	4519	4518	9035
5	4578	4552	4564	9036
5	4559	4517	4558	9037
5	4632	4595	4620	9038
5	4620	4595	4557	9039
5	4634	4597	4596	9040
5	4559	4518	4517	9041
5	4521	4466	4423	9042
5	4521	4423	4482	9043
5	4909	4870	4819	9044
5	4562	4521	4561	9045
5	4563	4505	4523	9046
5	4694	4660	4614	9047
5	4570	4492	4546	9048
5	4523	4505	4487	9049
5	4524	4522	4486	9050
5	4524	4486	4470	9051
5	4598	4559	4597	9052
5	4648	4577	4613	9053
5	4534	4526	4508	9054
5	4526	4507	4485	9055
5	4568	4546	4522	9056
5	4527	4524	4470	9057
5	4617	4536	4572	9058
5	4754	4739	4744	9059
5	4565	4529	4524	9060
5	4536	4523	4483	9061
5	4777	4719	4774	9062
5	4530	4457	4427	9063
5	4567	4531	4493	9064
5	4589	4543	4514	9065
5	4648	4611	4577	9066
5	4626	4584	4537	9067
5	4613	4547	4574	9068
5	4576	4537	4515	9069
5	4560	4518	4559	9070
5	4550	4469	4510	9071
5	4579	4533	4525	9072
5	4547	4481	4501	9073
5	4658	4607	4604	9074
5	4664	4624	4641	9075
5	4584	4502	4537	9076
5	4711	4675	4685	9077
5	4538	4528	4471	9078
5	4538	4471	4499	9079
5	4647	4614	4586	9080
5	4586	4509	4540	9081
5	4586	4551	4509	9082
5	4551	4476	4509	9083
5	4554	4511	4553	9084
5	4609	4587	4541	9085
5	4611	4599	4561	9086
5	4649	4579	4637	9087
5	4543	4538	4499	9088
5	4543	4499	4514	9089
5	4544	4530	4427	9090
5	4544	4427	4474	9091
5	4712	4646	4693	9092
5	4606	4575	4531	9093
5	4607	4540	4495	9094
5	4615	4563	4569	9095
5	4574	4501	4535	9096
5	4880	4848	4845	9097
5	4588	4541	4494	9098
5	4548	4494	4457	9099
5	4621	4566	4543	9100
5	4549	4514	4459	9101
5	4596	4556	4594	9102
5	4590	4519	4560	9103
5	4572	4500	4551	9104
5	4678	4650	4615	9105
5	4552	4550	4510	9106
5	4552	4510	4507	9107
5	4777	4753	4719	9108
5	4592	4554	4591	9109
5	4619	4548	4583	9110
5	4591	4554	4553	9111
5	4651	4576	4618	9112
5	4745	4726	4741	9113
5	4593	4552	4578	9114
5	4632	4545	4595	9115
5	4620	4557	4590	9116
5	4557	4506	4480	9117
5	4579	4525	4542	9118
5	4595	4506	4557	9119
5	4593	4550	4552	9120
5	4594	4556	4550	9121
5	4666	4598	4635	9122
5	4596	4558	4556	9123
5	4562	4512	4466	9124
5	4562	4466	4521	9125
5	4902	4828	4866	9126
5	4677	4636	4640	9127
5	4568	4522	4529	9128
5	4585	4565	4563	9129
5	4564	4552	4507	9130
5	4564	4507	4526	9131
5	4565	4524	4527	9132
5	4565	4527	4505	9133
5	4621	4543	4589	9134
5	4716	4686	4667	9135
5	4681	4645	4610	9136
5	4712	4676	4646	9137
5	4609	4541	4588	9138
5	4625	4582	4624	9139
5	4779	4720	4746	9140
5	4641	4624	4602	9141
5	4624	4570	4602	9142
5	4617	4569	4536	9143
5	4581	4538	4566	9144
5	4604	4495	4539	9145
5	4650	4627	4585	9146
5	4655	4603	4605	9147
5	4574	4535	4573	9148
5	4573	4535	4532	9149
5	4599	4562	4561	9150
5	4763	4734	4689	9151
5	4575	4549	4496	9152
5	4575	4496	4531	9153
5	4638	4612	4584	9154
5	4665	4591	4608	9155
5	4577	4561	4520	9156
5	4577	4520	4547	9157
5	4580	4564	4534	9158
5	4622	4533	4579	9159
5	4630	4578	4623	9160
5	4580	4534	4533	9161
5	4690	4611	4648	9162
5	4622	4580	4533	9163
5	4581	4571	4528	9164
5	4581	4528	4538	9165
5	4732	4663	4703	9166
5	4678	4615	4643	9167
5	4703	4625	4664	9168
5	4701	4641	4661	9169
5	4638	4584	4626	9170
5	4747	4679	4713	9171
5	4615	4585	4563	9172
5	4627	4529	4585	9173
5	4667	4567	4632	9174
5	4693	4646	4621	9175
5	4587	4553	4497	9176
5	4587	4497	4541	9177
5	4713	4679	4654	9178
5	4653	4608	4609	9179
5	4715	4693	4642	9180
5	4776	4742	4709	9181
5	4736	4645	4681	9182
5	4707	4666	4635	9183
5	4704	4653	4696	9184
5	4766	4695	4727	9185
5	4848	4810	4845	9186
5	4713	4654	4675	9187
5	4597	4558	4596	9188
5	4594	4550	4593	9189
5	4662	4580	4622	9190
5	4623	4578	4580	9191
5	4667	4606	4567	9192
5	4595	4545	4506	9193
5	4630	4593	4578	9194
5	4631	4593	4630	9195
5	4709	4672	4671	9196
5	4635	4598	4597	9197
5	4631	4594	4593	9198
5	4633	4596	4594	9199
5	4600	4562	4599	9200
5	4600	4512	4562	9201
5	4633	4594	4631	9202
5	4637	4579	4542	9203
5	4601	4581	4566	9204
5	4676	4601	4646	9205
5	4602	4570	4546	9206
5	4602	4546	4568	9207
5	4698	4655	4682	9208
5	4768	4678	4725	9209
5	4657	4604	4603	9210
5	4650	4585	4615	9211
5	4605	4603	4571	9212
5	4605	4571	4581	9213
5	4628	4549	4575	9214
5	4716	4667	4680	9215
5	4647	4586	4607	9216
5	4646	4601	4566	9217
5	4608	4591	4553	9218
5	4608	4553	4587	9219
5	4717	4650	4678	9220
5	4625	4583	4582	9221
5	4610	4590	4560	9222
5	4610	4560	4598	9223
5	4735	4690	4695	9224
5	4636	4600	4599	9225
5	4612	4573	4532	9226
5	4612	4532	4584	9227
5	4640	4636	4599	9228
5	4719	4644	4683	9229
5	4614	4572	4551	9230
5	4614	4551	4586	9231
5	4660	4617	4572	9232
5	4661	4568	4627	9233
5	4616	4613	4574	9234
5	4616	4574	4573	9235
5	4725	4678	4643	9236
5	4643	4569	4617	9237
5	4618	4576	4555	9238
5	4618	4555	4592	9239
5	4652	4588	4619	9240
5	4683	4644	4612	9241
5	4671	4634	4633	9242
5	4749	4681	4729	9243
5	4676	4639	4601	9244
5	4628	4589	4549	9245
5	4932	4873	4888	9246
5	4742	4672	4709	9247
5	4640	4599	4611	9248
5	4687	4662	4622	9249
5	4775	4724	4740	9250
5	4797	4758	4732	9251
5	4720	4703	4664	9252
5	4643	4615	4569	9253
5	4689	4626	4651	9254
5	4763	4689	4651	9255
5	4663	4583	4625	9256
5	4661	4641	4602	9257
5	4714	4656	4686	9258
5	4680	4632	4620	9259
5	4629	4592	4591	9260
5	4665	4629	4591	9261
5	4803	4728	4761	9262
5	4634	4596	4633	9263
5	4669	4633	4631	9264
5	4635	4597	4634	9265
5	4681	4610	4666	9266
5	4632	4567	4545	9267
5	4672	4634	4671	9268
5	4687	4622	4649	9269
5	4668	4631	4630	9270
5	4730	4670	4692	9271
5	4709	4671	4708	9272
5	4672	4635	4634	9273
5	4637	4600	4636	9274
5	4637	4542	4600	9275
5	4662	4623	4580	9276
5	4680	4667	4632	9277
5	4651	4626	4576	9278
5	4755	4675	4711	9279
5	4639	4605	4601	9280
5	4849	4781	4823	9281
5	4752	4718	4735	9282
5	4814	4777	4774	9283
5	4764	4748	4737	9284
5	4660	4572	4614	9285
5	4642	4621	4589	9286
5	4642	4589	4628	9287
5	4739	4698	4710	9288
5	4684	4617	4660	9289
5	4644	4616	4573	9290
5	4644	4573	4612	9291
5	4645	4620	4590	9292
5	4645	4590	4610	9293
5	4693	4621	4642	9294
5	4849	4829	4781	9295
5	4699	4657	4698	9296
5	4684	4643	4617	9297
5	4722	4662	4687	9298
5	4690	4640	4611	9299
5	4708	4669	4705	9300
5	4723	4649	4673	9301
5	4724	4688	4701	9302
5	4661	4602	4568	9303
5	4794	4713	4755	9304
5	4683	4612	4638	9305
5	4665	4608	4653	9306
5	4653	4609	4652	9307
5	4704	4665	4653	9308
5	4704	4685	4665	9309
5	4654	4618	4592	9310
5	4654	4592	4629	9311
5	4698	4657	4655	9312
5	4658	4604	4657	9313
5	4656	4628	4575	9314
5	4656	4575	4606	9315
5	4748	4721	4737	9316
5	4658	4647	4607	9317
5	4799	4784	4748	9318
5	4829	4756	4781	9319
5	4659	4648	4613	9320
5	4659	4613	4616	9321
5	4757	4684	4721	9322
5	4821	4790	4750	9323
5	4700	4627	4650	9324
5	4700	4661	4627	9325
5	4669	4631	4668	9326
5	4671	4633	4669	9327
5	4702	4619	4663	9328
5	4663	4619	4583	9329
5	4801	4741	4773	9330
5	4664	4625	4624	9331
5	4778	4651	4679	9332
5	4877	4779	4817	9333
5	4729	4666	4707	9334
5	4759	4715	4691	9335
5	4715	4642	4691	9336
5	4714	4691	4656	9337
5	4735	4718	4690	9338
5	4820	4783	4776	9339
5	4761	4718	4752	9340
5	4707	4635	4672	9341
5	4670	4668	4630	9342
5	4670	4630	4623	9343
5	4762	4729	4707	9344
5	4692	4623	4662	9345
5	4731	4708	4705	9346
5	4762	4707	4742	9347
5	4673	4649	4637	9348
5	4673	4637	4636	9349
5	4774	4683	4734	9350
5	4878	4803	4841	9351
5	4675	4654	4629	9352
5	4703	4663	4625	9353
5	4838	4805	4816	9354
5	4836	4795	4744	9355
5	4921	4858	4881	9356
5	4803	4761	4780	9357
5	4732	4702	4663	9358
5	4771	4726	4745	9359
5	4679	4651	4618	9360
5	4679	4618	4654	9361
5	5001	4966	4941	9362
5	4680	4620	4645	9363
5	4765	4686	4716	9364
5	4708	4671	4669	9365
5	4682	4655	4639	9366
5	4733	4682	4639	9367
5	4842	4747	4819	9368
5	4719	4674	4644	9369
5	5058	5001	5021	9370
5	4694	4614	4647	9371
5	4685	4675	4629	9372
5	4685	4629	4665	9373
5	4686	4656	4606	9374
5	4686	4606	4667	9375
5	4692	4670	4623	9376
5	4705	4669	4668	9377
5	4688	4664	4641	9378
5	4757	4721	4748	9379
5	4734	4638	4689	9380
5	4689	4638	4626	9381
5	4766	4735	4695	9382
5	4807	4788	4769	9383
5	4691	4642	4628	9384
5	4691	4628	4656	9385
5	4765	4714	4686	9386
5	4772	4716	4680	9387
5	4733	4639	4676	9388
5	4836	4744	4785	9389
5	4751	4732	4703	9390
5	5133	5060	5082	9391
5	4695	4690	4648	9392
5	4695	4648	4659	9393
5	4696	4653	4652	9394
5	4779	4751	4720	9395
5	4697	4694	4647	9396
5	4697	4647	4658	9397
5	4699	4658	4657	9398
5	4965	4937	4909	9399
5	4790	4733	4750	9400
5	4764	4738	4754	9401
5	4701	4661	4700	9402
5	4701	4688	4641	9403
5	4916	4911	4913	9404
5	4905	4817	4857	9405
5	4702	4696	4652	9406
5	4702	4652	4619	9407
5	4720	4664	4688	9408
5	4809	4746	4724	9409
5	5095	232	5043	9410
5	4981	4951	4975	9411
5	4761	4677	4718	9412
5	4731	4705	4706	9413
5	4706	4705	4668	9414
5	4706	4668	4670	9415
5	4742	4707	4672	9416
5	4729	4681	4666	9417
5	4851	4835	4834	9418
5	4854	4783	4820	9419
5	4807	4767	4788	9420
5	4789	4769	4788	9421
5	4710	4698	4682	9422
5	4770	4682	4733	9423
5	4822	4794	4755	9424
5	5012	4946	4988	9425
5	4885	4816	4865	9426
5	4947	4888	4934	9427
5	4855	4822	4787	9428
5	4794	4747	4713	9429
5	4772	4680	4736	9430
5	4886	4849	4823	9431
5	4756	4712	4693	9432
5	4770	4710	4682	9433
5	4826	4796	4765	9434
5	4749	4736	4681	9435
5	4740	4724	4701	9436
5	4717	4700	4650	9437
5	4718	4677	4640	9438
5	4718	4640	4690	9439
5	4856	4841	4780	9440
5	4864	4791	4824	9441
5	4901	4813	4837	9442
5	4751	4703	4720	9443
5	4721	4684	4660	9444
5	4721	4660	4694	9445
5	4730	4706	4670	9446
5	4722	4692	4662	9447
5	4723	4722	4687	9448
5	4723	4687	4649	9449
5	4740	4700	4717	9450
5	4725	4643	4684	9451
5	4740	4701	4700	9452
5	4818	4784	4799	9453
5	4726	4711	4685	9454
5	4726	4685	4704	9455
5	4727	4695	4659	9456
5	4727	4659	4674	9457
5	4728	4723	4673	9458
5	4728	4673	4677	9459
5	4783	4742	4776	9460
5	4736	4680	4645	9461
5	4743	4708	4731	9462
5	4731	4706	4730	9463
5	4858	4793	4835	9464
5	4793	4776	4743	9465
5	4758	4702	4732	9466
5	4850	4846	4812	9467
5	4756	4693	4715	9468
5	4785	4710	4770	9469
5	4774	4719	4683	9470
5	4734	4683	4638	9471
5	4791	4735	4766	9472
5	4883	4864	4824	9473
5	4806	4716	4772	9474
5	4879	4806	4843	9475
5	4737	4721	4694	9476
5	4737	4694	4697	9477
5	4738	4737	4697	9478
5	4738	4697	4699	9479
5	4739	4738	4699	9480
5	4739	4699	4698	9481
5	4799	4748	4764	9482
5	4757	4725	4684	9483
5	4741	4726	4704	9484
5	4741	4704	4696	9485
5	4793	4743	4760	9486
5	4767	4723	4728	9487
5	4776	4709	4743	9488
5	4743	4709	4708	9489
5	4744	4739	4710	9490
5	4785	4744	4710	9491
5	4773	4741	4696	9492
5	4859	4785	4815	9493
5	4746	4720	4688	9494
5	4746	4688	4724	9495
5	4833	4763	4778	9496
5	4755	4713	4675	9497
5	4754	4738	4739	9498
5	4805	4754	4795	9499
5	4811	4736	4749	9500
5	4806	4765	4716	9501
5	4750	4733	4676	9502
5	4750	4676	4712	9503
5	4758	4696	4702	9504
5	4801	4745	4741	9505
5	4778	4679	4747	9506
5	4875	4842	4870	9507
5	4753	4727	4674	9508
5	4753	4674	4719	9509
5	4764	4737	4738	9510
5	4890	4853	4818	9511
5	4771	4711	4726	9512
5	4982	4959	4919	9513
5	5128	5067	5084	9514
5	4759	4691	4714	9515
5	4800	4775	4786	9516
5	4768	4717	4678	9517
5	4773	4696	4758	9518
5	4845	4810	4745	9519
5	4914	4897	4849	9520
5	4821	4750	4782	9521
5	4760	4743	4731	9522
5	4789	4730	4769	9523
5	4803	4767	4728	9524
5	4761	4728	4677	9525
5	4820	4776	4793	9526
5	4918	4889	4896	9527
5	4804	4774	4734	9528
5	4798	4727	4753	9529
5	4923	4867	4908	9530
5	4784	4757	4748	9531
5	4904	4827	4863	9532
5	4915	4852	4882	9533
5	4804	4734	4763	9534
5	4828	4753	4777	9535
5	4791	4752	4735	9536
5	4807	4723	4767	9537
5	4808	4725	4757	9538
5	4892	4857	4825	9539
5	4769	4730	4692	9540
5	4769	4692	4722	9541
5	4790	4770	4733	9542
5	4903	4879	4843	9543
5	4855	4787	4830	9544
5	5078	5043	232	9545
5	4826	4765	4806	9546
5	4831	4762	4783	9547
5	4797	4732	4751	9548
5	4812	4758	4797	9549
5	4978	4939	4902	9550
5	4814	4774	4804	9551
5	4825	4809	4775	9552
5	4809	4724	4775	9553
5	4783	4762	4742	9554
5	4835	4793	4760	9555
5	4798	4766	4727	9556
5	4864	4832	4791	9557
5	4833	4804	4763	9558
5	4778	4763	4651	9559
5	4850	4812	4813	9560
5	4837	4751	4779	9561
5	4780	4761	4752	9562
5	5000	4958	4940	9563
5	4781	4756	4715	9564
5	4781	4715	4759	9565
5	4782	4750	4712	9566
5	4782	4712	4756	9567
5	4941	4904	4863	9568
5	4992	4922	4963	9569
5	4786	4717	4768	9570
5	4808	4768	4725	9571
5	4829	4782	4756	9572
5	4872	4825	4775	9573
5	4786	4775	4740	9574
5	4786	4740	4717	9575
5	4787	4755	4711	9576
5	4787	4711	4771	9577
5	4802	4760	4731	9578
5	4789	4731	4730	9579
5	4802	4731	4789	9580
5	4834	4760	4802	9581
5	5028	4950	4993	9582
5	4873	4790	4821	9583
5	4891	4841	4856	9584
5	4866	4777	4814	9585
5	4792	4749	4729	9586
5	4792	4729	4762	9587
5	4835	4760	4834	9588
5	4827	4811	4749	9589
5	4847	4794	4822	9590
5	4948	4898	4937	9591
5	4795	4754	4744	9592
5	4865	4795	4836	9593
5	4796	4759	4714	9594
5	4796	4714	4765	9595
5	4890	4818	4867	9596
5	5062	5013	5008	9597
5	4982	4919	4956	9598
5	4828	4798	4753	9599
5	4865	4816	4795	9600
5	4867	4818	4838	9601
5	4800	4786	4768	9602
5	4808	4800	4768	9603
5	4906	4865	4836	9604
5	4845	4745	4801	9605
5	4839	4789	4788	9606
5	4966	4904	4941	9607
5	4922	4854	4893	9608
5	4840	4767	4803	9609
5	4871	4804	4833	9610
5	4871	4814	4804	9611
5	4805	4799	4764	9612
5	4805	4764	4754	9613
5	4811	4772	4736	9614
5	4914	4849	4886	9615
5	4807	4769	4722	9616
5	4807	4722	4723	9617
5	4808	4757	4784	9618
5	4844	4808	4784	9619
5	4924	4882	4879	9620
5	4837	4797	4751	9621
5	4810	4771	4745	9622
5	4905	4877	4817	9623
5	4831	4792	4762	9624
5	4895	4831	4854	9625
5	4846	4773	4812	9626
5	4812	4773	4758	9627
5	4813	4812	4797	9628
5	4837	4813	4797	9629
5	4998	4925	4972	9630
5	4894	4856	4832	9631
5	4815	4785	4770	9632
5	4815	4770	4790	9633
5	4816	4805	4795	9634
5	5069	4984	5011	9635
5	4817	4779	4746	9636
5	4817	4746	4809	9637
5	4913	4853	4890	9638
5	4933	4880	4899	9639
5	4819	4747	4794	9640
5	4822	4755	4787	9641
5	4854	4831	4783	9642
5	4843	4772	4811	9643
5	4873	4815	4790	9644
5	4906	4836	4859	9645
5	4847	4819	4794	9646
5	4972	4925	4898	9647
5	4823	4781	4759	9648
5	4823	4759	4796	9649
5	4824	4791	4766	9650
5	4824	4766	4798	9651
5	4916	4913	4890	9652
5	4857	4817	4809	9653
5	4958	4903	4940	9654
5	4827	4749	4792	9655
5	4903	4843	4874	9656
5	4904	4874	4827	9657
5	5076	5025	5071	9658
5	4972	4898	4948	9659
5	4879	4826	4806	9660
5	5047	5004	5017	9661
5	4830	4787	4771	9662
5	4830	4771	4810	9663
5	4895	4863	4831	9664
5	4858	4820	4793	9665
5	4832	4780	4752	9666
5	4832	4752	4791	9667
5	4866	4828	4777	9668
5	4925	4871	4875	9669
5	4876	4788	4840	9670
5	4840	4788	4767	9671
5	4856	4780	4832	9672
5	4928	4841	4891	9673
5	4859	4836	4785	9674
5	4897	4829	4849	9675
5	4951	4933	4938	9676
5	4877	4837	4779	9677
5	4838	4818	4799	9678
5	4838	4799	4805	9679
5	4839	4834	4802	9680
5	4839	4802	4789	9681
5	5143	5129	5081	9682
5	4921	4893	4858	9683
5	5044	4992	5024	9684
5	4841	4803	4780	9685
5	4842	4833	4778	9686
5	4842	4778	4747	9687
5	4886	4823	4852	9688
5	4843	4806	4772	9689
5	4997	4914	4954	9690
5	4844	4800	4808	9691
5	5144	5104	5115	9692
5	4861	4810	4848	9693
5	4899	4801	4846	9694
5	4846	4801	4773	9695
5	5077	5057	5014	9696
5	4925	4875	4898	9697
5	5037	4957	4994	9698
5	4942	4907	4848	9699
5	4941	4863	4895	9700
5	5004	4932	4947	9701
5	4901	4837	4877	9702
5	4857	4809	4825	9703
5	4939	4860	4902	9704
5	5060	5015	4996	9705
5	4852	4823	4796	9706
5	4852	4796	4826	9707
5	4853	4844	4784	9708
5	4853	4784	4818	9709
5	4958	4924	4903	9710
5	4924	4879	4903	9711
5	4861	4830	4810	9712
5	5078	232	233	9713
5	4960	4920	4889	9714
5	5015	4983	4960	9715
5	4976	4905	4929	9716
5	4929	4857	4892	9717
5	4960	4889	4918	9718
5	4889	4851	4869	9719
5	5006	4935	4976	9720
5	5047	5018	5004	9721
5	4860	4824	4798	9722
5	4860	4798	4828	9723
5	5117	233	234	9724
5	4961	4880	4933	9725
5	4862	4821	4782	9726
5	4862	4782	4829	9727
5	4863	4827	4792	9728
5	4863	4792	4831	9729
5	5005	4948	4937	9730
5	4883	4824	4860	9731
5	4932	4900	4873	9732
5	4923	4890	4867	9733
5	4910	4866	4814	9734
5	4996	4918	4974	9735
5	4885	4868	4816	9736
5	4908	4867	4868	9737
5	4868	4867	4838	9738
5	4868	4838	4816	9739
5	4869	4851	4834	9740
5	4869	4834	4839	9741
5	4870	4842	4819	9742
5	4909	4819	4847	9743
5	4937	4898	4870	9744
5	4910	4814	4871	9745
5	4872	4775	4800	9746
5	5017	4947	4984	9747
5	4897	4862	4829	9748
5	4954	4914	4886	9749
5	4874	4843	4811	9750
5	4874	4811	4827	9751
5	4875	4871	4833	9752
5	4875	4833	4842	9753
5	4876	4869	4839	9754
5	4876	4839	4788	9755
5	4987	4971	4977	9756
5	4929	4905	4857	9757
5	4928	4912	4878	9758
5	4878	4840	4803	9759
5	4872	4800	4844	9760
5	4913	4844	4853	9761
5	4988	4946	4957	9762
5	4899	4846	4850	9763
5	4881	4858	4835	9764
5	4881	4835	4851	9765
5	4882	4852	4826	9766
5	4882	4826	4879	9767
5	5042	4972	5009	9768
5	4894	4832	4864	9769
5	4884	4847	4822	9770
5	4884	4822	4855	9771
5	5093	5047	5017	9772
5	5079	5050	5016	9773
5	4915	4886	4852	9774
5	4934	4888	4862	9775
5	4887	4855	4830	9776
5	4887	4830	4861	9777
5	4888	4873	4821	9778
5	4888	4821	4862	9779
5	4928	4878	4841	9780
5	5163	5120	5160	9781
5	5080	5063	5028	9782
5	4975	4901	4935	9783
5	4912	4840	4878	9784
5	5106	5066	5073	9785
5	5038	4971	4987	9786
5	5080	5028	5050	9787
5	4893	4854	4820	9788
5	4893	4820	4858	9789
5	4936	4864	4883	9790
5	4936	4894	4864	9791
5	5044	5021	4992	9792
5	4922	4895	4854	9793
5	4896	4889	4869	9794
5	4896	4869	4876	9795
5	5090	5011	5053	9796
5	4964	4934	4897	9797
5	4898	4875	4870	9798
5	4965	4909	4917	9799
5	4899	4880	4845	9800
5	4899	4845	4801	9801
5	4900	4859	4815	9802
5	4900	4815	4873	9803
5	4938	4850	4901	9804
5	4901	4850	4813	9805
5	4944	4866	4910	9806
5	4902	4860	4828	9807
5	4940	4903	4874	9808
5	5031	4966	5001	9809
5	4940	4874	4904	9810
5	4967	4895	4922	9811
5	5022	4968	4995	9812
5	4916	4892	4911	9813
5	5156	215	216	9814
5	5050	5028	4993	9815
5	4907	4861	4848	9816
5	4942	4848	4880	9817
5	4943	4908	4868	9818
5	4943	4868	4885	9819
5	4937	4870	4909	9820
5	5046	4980	5012	9821
5	5200	5143	5176	9822
5	4944	4910	4925	9823
5	4911	4892	4825	9824
5	4911	4825	4872	9825
5	4912	4896	4876	9826
5	4912	4876	4840	9827
5	4913	4911	4872	9828
5	4913	4872	4844	9829
5	5035	4997	4954	9830
5	4934	4862	4897	9831
5	5007	4924	4958	9832
5	4964	4897	4914	9833
5	4994	4942	4961	9834
5	4990	4929	4973	9835
5	4917	4909	4847	9836
5	4917	4847	4884	9837
5	4939	4883	4860	9838
5	4952	4891	4927	9839
5	4919	4884	4855	9840
5	4919	4855	4887	9841
5	4920	4881	4851	9842
5	4920	4851	4889	9843
5	5143	5081	5133	9844
5	5082	5060	5026	9845
5	4966	4940	4904	9846
5	5052	5024	4991	9847
5	4995	4968	4923	9848
5	4995	4923	4971	9849
5	4967	4941	4895	9850
5	5103	5010	5056	9851
5	5054	5039	5042	9852
5	4925	4910	4871	9853
5	4926	4885	4865	9854
5	4926	4865	4906	9855
5	4927	4891	4856	9856
5	4927	4856	4894	9857
5	4928	4896	4912	9858
5	5070	5054	5009	9859
5	4973	4892	4916	9860
5	4935	4877	4905	9861
5	4930	4906	4859	9862
5	4930	4859	4900	9863
5	4931	4887	4861	9864
5	4931	4861	4907	9865
5	5170	5153	5124	9866
5	4928	4918	4896	9867
5	4961	4942	4880	9868
5	4935	4901	4877	9869
5	4997	4964	4914	9870
5	4947	4932	4888	9871
5	4976	4935	4905	9872
5	4973	4929	4892	9873
5	4974	4891	4952	9874
5	5026	4974	4952	9875
5	5013	4965	5008	9876
5	5039	4985	4978	9877
5	4938	4933	4899	9878
5	4938	4899	4850	9879
5	5102	5054	5100	9880
5	5034	4970	4985	9881
5	5101	5021	5044	9882
5	5114	5084	5059	9883
5	5001	4941	4967	9884
5	4996	4960	4918	9885
5	5012	4980	4946	9886
5	5032	4961	5003	9887
5	5002	4943	4950	9888
5	5022	4916	4968	9889
5	4978	4902	4944	9890
5	4944	4902	4866	9891
5	4945	4915	4882	9892
5	4945	4882	4924	9893
5	4946	4931	4907	9894
5	5003	4933	4951	9895
5	5028	5002	4950	9896
5	5004	4962	4932	9897
5	5005	4937	4965	9898
5	5111	5077	235	9899
5	4949	4927	4894	9900
5	4949	4894	4936	9901
5	4950	4943	4885	9902
5	4950	4885	4926	9903
5	5091	5033	5066	9904
5	5006	4981	4975	9905
5	5026	4996	4974	9906
5	5055	5034	4985	9907
5	4953	4921	4881	9908
5	4953	4881	4920	9909
5	4979	4915	4945	9910
5	4979	4955	4915	9911
5	4955	4954	4886	9912
5	4955	4886	4915	9913
5	4956	4919	4887	9914
5	4956	4887	4931	9915
5	4957	4946	4907	9916
5	4957	4907	4942	9917
5	5085	5031	5058	9918
5	5067	4979	5030	9919
5	4959	4917	4884	9920
5	4959	4884	4919	9921
5	5060	4996	5026	9922
5	5031	5000	4966	9923
5	5141	5061	5105	9924
5	5003	4961	4933	9925
5	4962	4930	4900	9926
5	4962	4900	4932	9927
5	4963	4922	4893	9928
5	4963	4893	4921	9929
5	5175	212	213	9930
5	5132	5069	5090	9931
5	5171	239	5148	9932
5	5040	4948	5005	9933
5	5000	4940	4966	9934
5	5059	5030	5007	9935
5	5024	4963	4991	9936
5	4992	4967	4922	9937
5	4968	4916	4890	9938
5	4968	4890	4923	9939
5	4969	4926	4906	9940
5	4969	4906	4930	9941
5	4970	4936	4883	9942
5	4970	4883	4939	9943
5	4971	4923	4908	9944
5	5097	5019	5049	9945
5	4998	4944	4925	9946
5	5144	5116	5104	9947
5	5006	4975	4935	9948
5	5049	5019	5022	9949
5	4974	4918	4928	9950
5	4974	4928	4891	9951
5	4975	4951	4938	9952
5	4975	4938	4901	9953
5	5187	243	5160	9954
5	5033	4981	5006	9955
5	4977	4971	4908	9956
5	4977	4908	4943	9957
5	5086	5070	5040	9958
5	5034	4999	4970	9959
5	5035	4954	5027	9960
5	5059	5007	5010	9961
5	4980	4956	4931	9962
5	4980	4931	4946	9963
5	4990	4976	4929	9964
5	5065	4981	5033	9965
5	5111	5057	5077	9966
5	5057	5036	4982	9967
5	4983	4953	4920	9968
5	4983	4920	4960	9969
5	4984	4947	4934	9970
5	4984	4934	4964	9971
5	4985	4970	4939	9972
5	4985	4939	4978	9973
5	4986	4952	4927	9974
5	4986	4927	4949	9975
5	5002	4977	4943	9976
5	5050	4993	5016	9977
5	5105	5029	5065	9978
5	5037	4988	4957	9979
5	4989	4969	4930	9980
5	4989	4930	4962	9981
5	5065	5029	4981	9982
5	5066	5033	5041	9983
5	4991	4963	4921	9984
5	4991	4921	4953	9985
5	5025	4953	4983	9986
5	5071	4983	5015	9987
5	4993	4950	4926	9988
5	4993	4926	4969	9989
5	5204	213	214	9990
5	4994	4957	4942	9991
5	5038	4995	4971	9992
5	5070	5009	5040	9993
5	5015	4960	4996	9994
5	5026	4952	4986	9995
5	5017	5004	4947	9996
5	5172	5156	216	9997
5	5039	4978	4998	9998
5	4998	4978	4944	9999
5	4999	4949	4936	10000
5	4999	4936	4970	10001
5	5108	5074	5027	10002
5	5007	4945	4924	10003
5	5024	4992	4963	10004
5	5225	5200	5218	10005
5	5068	4987	5020	10006
5	5150	5079	5110	10007
5	5032	4994	4961	10008
5	5094	4994	5032	10009
5	5069	5017	4984	10010
5	5090	5069	5011	10011
5	5013	5005	4965	10012
5	5040	5009	4948	10013
5	5041	4976	4990	10014
5	5091	5065	5033	10015
5	5112	5099	5074	10016
5	5056	5000	5031	10017
5	5008	4965	4917	10018
5	5008	4917	4959	10019
5	5055	4985	5039	10020
5	5009	4972	4948	10021
5	5010	5007	4958	10022
5	5010	4958	5000	10023
5	5011	4984	4964	10024
5	5011	4964	4997	10025
5	5014	4982	4956	10026
5	5014	4956	4980	10027
5	5221	5203	245	10028
5	5116	5064	5104	10029
5	5117	5078	233	10030
5	5077	5014	5046	10031
5	5118	5044	5089	10032
5	5025	4991	4953	10033
5	5016	4993	4969	10034
5	5016	4969	4989	10035
5	5142	5135	5093	10036
5	5175	5142	5132	10037
5	5018	4989	4962	10038
5	5018	4962	5004	10039
5	5019	4990	4973	10040
5	5073	4990	5019	10041
5	5020	4987	4977	10042
5	5020	4977	5002	10043
5	5021	5001	4967	10044
5	5021	4967	4992	10045
5	5022	5019	4973	10046
5	5022	4973	4916	10047
5	5023	4986	4949	10048
5	5023	4949	4999	10049
5	5188	5119	5154	10050
5	5056	5010	5000	10051
5	5071	5025	4983	10052
5	5052	4991	5025	10053
5	5120	5083	5102	10054
5	5082	5026	5045	10055
5	5027	4954	4955	10056
5	5027	4955	4979	10057
5	5079	5016	5048	10058
5	5216	228	5179	10059
5	5029	5003	4951	10060
5	5029	4951	4981	10061
5	5030	4979	4945	10062
5	5030	4945	5007	10063
5	5081	5015	5060	10064
5	5058	5031	5001	10065
5	5121	5088	5094	10066
5	5095	5043	5072	10067
5	5198	222	5194	10068
5	5123	5091	5066	10069
5	5126	5051	5083	10070
5	5173	5145	5163	10071
5	5125	5053	5099	10072
5	5125	5090	5053	10073
5	5036	5008	4959	10074
5	5036	4959	4982	10075
5	5136	231	5095	10076
5	5204	5175	213	10077
5	5075	5038	4987	10078
5	5049	4995	5038	10079
5	5126	5098	5051	10080
5	5055	5039	5054	10081
5	5102	5055	5054	10082
5	5100	5054	5070	10083
5	5041	5033	5006	10084
5	5041	5006	4976	10085
5	5042	5039	4998	10086
5	5042	4998	4972	10087
5	5043	5012	4988	10088
5	5095	231	232	10089
5	5119	5085	5058	10090
5	5169	5085	5119	10091
5	5045	5026	4986	10092
5	5045	4986	5023	10093
5	5057	4982	5014	10094
5	5046	5014	4980	10095
5	5172	5150	5110	10096
5	5127	5050	5079	10097
5	5048	5016	4989	10098
5	5048	4989	5018	10099
5	5182	209	210	10100
5	5181	5161	5167	10101
5	5127	5080	5050	10102
5	5172	5110	5156	10103
5	5051	5023	4999	10104
5	5051	4999	5034	10105
5	5076	5052	5025	10106
5	5118	5101	5044	10107
5	5053	5011	4997	10108
5	5053	4997	5035	10109
5	5054	5042	5009	10110
5	5086	5040	5064	10111
5	5163	5126	5120	10112
5	5193	243	244	10113
5	5067	5027	4979	10114
5	5103	5059	5010	10115
5	5133	5081	5060	10116
5	5062	5008	5036	10117
5	5085	5056	5031	10118
5	5199	5146	5190	10119
5	5101	5058	5021	10120
5	5149	5125	5099	10121
5	5212	5170	5201	10122
5	5218	5200	5176	10123
5	5061	5032	5003	10124
5	5061	5003	5029	10125
5	5115	5062	5087	10126
5	5115	5104	5062	10127
5	5063	5020	5002	10128
5	5063	5002	5028	10129
5	5064	5040	5005	10130
5	5064	5005	5013	10131
5	5094	5032	5061	10132
5	5130	5065	5091	10133
5	5164	5131	5107	10134
5	5049	5022	4995	10135
5	5108	5027	5067	10136
5	5215	209	5162	10137
5	5137	5063	5080	10138
5	5131	5068	5107	10139
5	5132	5093	5069	10140
5	5175	5132	5155	10141
5	5075	4987	5068	10142
5	5106	5073	5097	10143
5	5196	5176	5153	10144
5	5081	5071	5015	10145
5	5072	5043	4988	10146
5	5072	4988	5037	10147
5	5073	5066	5041	10148
5	5073	5041	4990	10149
5	5074	5035	5027	10150
5	5206	5162	5128	10151
5	5097	5073	5019	10152
5	5122	5075	5096	10153
5	5089	5044	5024	10154
5	5089	5024	5052	10155
5	5117	5046	5078	10156
5	5077	234	235	10157
5	5078	5046	5012	10158
5	5078	5012	5043	10159
5	5150	5127	5079	10160
5	5151	5137	5080	10161
5	5151	5080	5127	10162
5	5131	5096	5068	10163
5	5176	5143	5133	10164
5	5152	5113	5076	10165
5	5168	5139	5100	10166
5	5227	5218	5196	10167
5	5083	5051	5034	10168
5	5083	5034	5055	10169
5	5084	5067	5030	10170
5	5084	5030	5059	10171
5	5157	5114	5103	10172
5	5114	5059	5103	10173
5	5138	5070	5086	10174
5	5102	5083	5055	10175
5	5087	5062	5036	10176
5	5087	5036	5057	10177
5	5088	5072	5037	10178
5	5136	5095	5072	10179
5	5213	5190	5210	10180
5	5196	5153	5170	10181
5	5202	5157	5195	10182
5	5093	5017	5069	10183
5	5185	5165	5123	10184
5	5130	5105	5065	10185
5	5092	5048	5018	10186
5	5092	5018	5047	10187
5	5156	5110	5092	10188
5	5142	5093	5132	10189
5	5094	5088	5037	10190
5	5094	5037	4994	10191
5	5136	5072	5088	10192
5	5136	230	231	10193
5	5096	5075	5068	10194
5	5137	5107	5063	10195
5	5109	5038	5075	10196
5	5123	5066	5106	10197
5	5098	5045	5023	10198
5	5098	5023	5051	10199
5	5099	5053	5035	10200
5	5099	5035	5074	10201
5	5148	5086	5116	10202
5	5178	5135	5142	10203
5	5226	203	204	10204
5	5119	5058	5101	10205
5	5163	5145	5126	10206
5	5126	5083	5120	10207
5	5157	5103	5140	10208
5	5128	5108	5067	10209
5	5104	5064	5013	10210
5	5104	5013	5062	10211
5	5158	5141	5105	10212
5	5105	5061	5029	10213
5	5134	5106	5097	10214
5	5122	5109	5075	10215
NPOIN= 5233
9.997500181200000e-01	-3.633201036323288e-05	0
9.990000128750000e-01	-1.454459724708978e-04	1
9.977599978450000e-01	-3.272183670174355e-04	2
9.960200190539999e-01	-5.883670945659047e-04	3
9.937800168990000e-01	-9.414609002452585e-04	4
9.910500049590000e-01	-1.406536508419730e-03	5
9.878399968150000e-01	-2.010185008756678e-03	6
9.841300249100000e-01	-2.784487241412771e-03	7
9.799500107769999e-01	-3.739471272397315e-03	8
9.752799868580000e-01	-4.872591741346623e-03	9
9.701499938960000e-01	-6.141718294713413e-03	10
9.645400047300000e-01	-7.495298985410723e-03	11
9.584699869160000e-01	-8.866383503739354e-03	12
9.519400000570000e-01	-1.020610681340660e-02	13
9.449599981310000e-01	-1.148979876285344e-02	14
9.375399947170000e-01	-1.272149244192790e-02	15
9.296900033950000e-01	-1.392557558182598e-02	16
9.214000105860000e-01	-1.513650218746101e-02	17
9.126999974250000e-01	-1.637844572395472e-02	18
9.035800099370001e-01	-1.767065840578247e-02	19
8.940600156780000e-01	-1.901654064481744e-02	20
8.841500282290000e-01	-2.041225344005148e-02	21
8.738499879840000e-01	-2.185083440028422e-02	22
8.631799817090000e-01	-2.332147609443314e-02	23
8.521599769590000e-01	-2.481455801052356e-02	24
8.407700061800000e-01	-2.632765608847314e-02	25
8.290500044819999e-01	-2.785197569893005e-02	26
8.170099854470000e-01	-2.938392686633104e-02	27
8.046399950980000e-01	-3.092288728792378e-02	28
7.919700145720000e-01	-3.246327772476114e-02	29
7.790099978450000e-01	-3.400191732654360e-02	30
7.657799720760000e-01	-3.553421308178074e-02	31
7.522799968720000e-01	-3.705767846098351e-02	32
7.385200262070000e-01	-3.856847316760995e-02	33
7.245299816130000e-01	-4.006058022728499e-02	34
7.103199958800001e-01	-4.153025937286894e-02	35
6.958900094030001e-01	-4.297485303835209e-02	36
6.812700033190000e-01	-4.438883934994594e-02	37
6.664699912070000e-01	-4.576896290766563e-02	38
6.514999866490000e-01	-4.711216136689517e-02	39
6.363800168040000e-01	-4.841473588327713e-02	40
6.211299896240000e-01	-4.967335801187245e-02	41
6.057599782940000e-01	-5.088581849452807e-02	42
5.902799963950000e-01	-5.205012276318789e-02	43
5.747100114820000e-01	-5.316377670258273e-02	44
5.590599775310000e-01	-5.422526699022186e-02	45
5.433599948880000e-01	-5.523197128866844e-02	46
5.276100039480000e-01	-5.618344646136980e-02	47
5.118399858470000e-01	-5.707753271600281e-02	48
4.960500001910000e-01	-5.791394003731162e-02	49
4.802699983120000e-01	-5.869081926365281e-02	50
4.645099937920000e-01	-5.940745705377930e-02	51
4.487800002100000e-01	-6.006307173070659e-02	52
4.331099987030000e-01	-6.065606123528452e-02	53
4.174999892710000e-01	-6.118595960404422e-02	54
4.019699990750000e-01	-6.165142327492346e-02	55
3.865399956700000e-01	-6.205108827090423e-02	56
3.712300062180000e-01	-6.238355681675117e-02	57
3.560400009160000e-01	-6.264770184794111e-02	58
3.409900069240000e-01	-6.284178923216607e-02	59
3.261100053790000e-01	-6.296399069713697e-02	60
3.113999962810000e-01	-6.301268305100406e-02	61
2.968699932100000e-01	-6.298588941491992e-02	62
2.825500071050000e-01	-6.288163909703276e-02	63
2.684499919410000e-01	-6.269792539289065e-02	64
2.545700073240000e-01	-6.243238442787970e-02	65
2.409400045870000e-01	-6.208313525266163e-02	66
2.275699973110000e-01	-6.164801933802888e-02	67
2.144699990750000e-01	-6.112482413357222e-02	68
2.016600072380000e-01	-6.051182432911288e-02	69
1.891400069000000e-01	-5.980641818138852e-02	70
1.769299954180000e-01	-5.900707980223217e-02	71
1.650400012730000e-01	-5.811191849058855e-02	72
1.534900069240000e-01	-5.712005019320715e-02	73
1.422899961470000e-01	-5.603015026572675e-02	74
1.314399987460000e-01	-5.483993544218595e-02	75
1.209499984980000e-01	-5.354809242712628e-02	76
1.108499988910000e-01	-5.215641368854056e-02	77
1.011300012470000e-01	-5.066175118612101e-02	78
9.181000292300000e-02	-4.906534253058786e-02	79
8.290000259900000e-02	-4.736751060715895e-02	80
7.440000027400000e-02	-4.556679772269957e-02	81
6.633000075800000e-02	-4.366625159192927e-02	82
5.869000032500000e-02	-4.166498043055837e-02	83
5.149000138000000e-02	-3.956469265507914e-02	84
4.473999887700000e-02	-3.736783154168864e-02	85
3.844000026600000e-02	-3.507394110738930e-02	86
3.260000050100000e-02	-3.268624497091854e-02	87
2.723000012300000e-02	-3.020922693875466e-02	88
2.232000045500000e-02	-2.763798020309526e-02	89
1.789999939500000e-02	-2.498932789233611e-02	90
1.394999958600000e-02	-2.225280964764294e-02	91
1.049000024800000e-02	-1.944350790528174e-02	92
7.519999985000000e-03	-1.656580337430126e-02	93
5.040000193000000e-03	-1.362455263007270e-02	94
3.049999941000000e-03	-1.062464661473371e-02	95
1.560000004000000e-03	-7.593035202967027e-03	96
5.600000150000000e-04	-4.521955179611820e-03	97
5.999999800000000e-05	-1.452209007517722e-03	98
0.000000000000000e+00	0.000000000000000e+00	99
5.999999800000000e-05	1.356117935485399e-03	100
5.600000150000000e-04	4.031717329049536e-03	101
1.560000004000000e-03	6.557352029522230e-03	102
3.049999941000000e-03	8.939912177378688e-03	103
5.040000193000000e-03	1.120686547516095e-02	104
7.519999985000000e-03	1.335241184941989e-02	105
1.049000024800000e-02	1.538496202414651e-02	106
1.394999958600000e-02	1.731108334372164e-02	107
1.789999939500000e-02	1.913656651542901e-02	108
2.232000045500000e-02	2.085961333219686e-02	109
2.723000012300000e-02	2.249460788714707e-02	110
3.260000050100000e-02	2.403792537798884e-02	111
3.844000026600000e-02	2.549940344581839e-02	112
4.473999887700000e-02	2.688260518054827e-02	113
5.149000138000000e-02	2.819159563941902e-02	114
5.869000032500000e-02	2.943230911858025e-02	115
6.633000075800000e-02	3.060862690034603e-02	116
7.440000027400000e-02	3.172454655102274e-02	117
8.290000259900000e-02	3.278525666955046e-02	118
9.181000292300000e-02	3.379327539552820e-02	119
1.011300012470000e-01	3.475341632196821e-02	120
1.108499988910000e-01	3.566907239604175e-02	121
1.209499984980000e-01	3.654264600988446e-02	122
1.314399987460000e-01	3.737888953078999e-02	123
1.422899961470000e-01	3.817898397387864e-02	124
1.534900069240000e-01	3.894560666213323e-02	125
1.650400012730000e-01	3.968172243651722e-02	126
1.769299954180000e-01	4.038922323844348e-02	127
1.891400069000000e-01	4.106912902023364e-02	128
2.016600072380000e-01	4.172274195688595e-02	129
2.144699990750000e-01	4.235050194840186e-02	130
2.275699973110000e-01	4.295345406495214e-02	131
2.409400045870000e-01	4.353127116362382e-02	132
2.545700073240000e-01	4.408369689945765e-02	133
2.684499919410000e-01	4.461003390629296e-02	134
2.825500071050000e-01	4.510845872050011e-02	135
2.968699932100000e-01	4.557784412577101e-02	136
3.113999962810000e-01	4.601622580729055e-02	137
3.261100053790000e-01	4.642067015049826e-02	138
3.409900069240000e-01	4.678849840580922e-02	139
3.560400009160000e-01	4.711682512462589e-02	140
3.712300062180000e-01	4.740173388965450e-02	141
3.865399956700000e-01	4.763933507988080e-02	142
4.019699990750000e-01	4.782576271207573e-02	143
4.174999892710000e-01	4.795659424155745e-02	144
4.331099987030000e-01	4.802732346184638e-02	145
4.487800002100000e-01	4.803343389891874e-02	146
4.645099937920000e-01	4.797035651133864e-02	147
4.802699983120000e-01	4.783363474644886e-02	148
4.960500001910000e-01	4.761892046155124e-02	149
5.118399858470000e-01	4.732200044336626e-02	150
5.276100039480000e-01	4.693941791474036e-02	151
5.433599948880000e-01	4.646750043776237e-02	152
5.590599775310000e-01	4.590392066108702e-02	153
5.747100114820000e-01	4.524599079801249e-02	154
5.902799963950000e-01	4.449293209809055e-02	155
6.057599782940000e-01	4.364400954215691e-02	156
6.211299896240000e-01	4.269992159947412e-02	157
6.363800168040000e-01	4.166178030096773e-02	158
6.514999866490000e-01	4.053162388744334e-02	159
6.664699912070000e-01	3.931329236400956e-02	160
6.812700033190000e-01	3.801189124038571e-02	161
6.958900094030001e-01	3.663280287817335e-02	162
7.103199958800001e-01	3.518238289154386e-02	163
7.245299816130000e-01	3.367010262029430e-02	164
7.385200262070000e-01	3.210329278872424e-02	165
7.522799968720000e-01	3.049104843290276e-02	166
7.657799720760000e-01	2.884559167899804e-02	167
7.790099978450000e-01	2.717745897537836e-02	168
7.919700145720000e-01	2.549624714836623e-02	169
8.046399950980000e-01	2.381432226194318e-02	170
8.170099854470000e-01	2.214279335609254e-02	171
8.290500044819999e-01	2.049522422617285e-02	172
8.407700061800000e-01	1.887900403846393e-02	173
8.521599769590000e-01	1.730292869611746e-02	174
8.631799817090000e-01	1.577800285090471e-02	175
8.738499879840000e-01	1.430439852721763e-02	176
8.841500282290000e-01	1.288506979302451e-02	177
8.940600156780000e-01	1.152082927347492e-02	178
9.035800099370001e-01	1.020935773634303e-02	179
9.126999974250000e-01	8.952379554172782e-03	180
9.214000105860000e-01	7.759216989220075e-03	181
9.296900033950000e-01	6.643924559481031e-03	182
9.375399947170000e-01	5.634282036527748e-03	183
9.449599981310000e-01	4.756004880140453e-03	184
9.519400000570000e-01	4.031398692683799e-03	185
9.584699869160000e-01	3.465862442216280e-03	186
9.645400047300000e-01	3.041076599797316e-03	187
9.701499938960000e-01	2.716302044637037e-03	188
9.752799868580000e-01	2.441205026374877e-03	189
9.799500107769999e-01	2.168167490485500e-03	190
9.841300249100000e-01	1.870661573124900e-03	191
9.878399968150000e-01	1.542230282640061e-03	192
9.910500049590000e-01	1.200049311185695e-03	193
9.937800168990000e-01	8.665910942519347e-04	194
9.960200190539999e-01	5.676153592573594e-04	195
9.977599978450000e-01	3.233715643008148e-04	196
9.990000128750000e-01	1.450950361985543e-04	197
9.997500181200000e-01	3.632645062532858e-05	198
1.000000000000000e+00	0.000000000000000e+00	199
1.984229087829600e+01	2.506659984589000e+00	200
1.937166023254400e+01	4.973800182343000e+00	201
1.859552955627400e+01	7.362490177155000e+00	202
1.752613067627000e+01	9.635069847106999e+00	203
1.618033981323200e+01	1.175570964813200e+01	204
1.457936954498300e+01	1.369093990325900e+01	205
1.274847984314000e+01	1.541026973724400e+01	206
1.071654033660900e+01	1.688656044006300e+01	207
8.515589714050000e+00	1.809654045105000e+01	208
6.180339813232000e+00	1.902112960815400e+01	209
3.747629880905000e+00	1.964575004577600e+01	210
1.255810022354000e+00	1.996052932739300e+01	211
-1.255810022354000e+00	1.996052932739300e+01	212
-3.747629880905000e+00	1.964574050903300e+01	213
-6.180339813232000e+00	1.902112960815400e+01	214
-8.515589714050000e+00	1.809654045105000e+01	215
-1.071654033660900e+01	1.688656044006300e+01	216
-1.274847984314000e+01	1.541026020050000e+01	217
-1.457936954498300e+01	1.369093990325900e+01	218
-1.618033981323200e+01	1.175570011138900e+01	219
-1.752613067627000e+01	9.635069847106999e+00	220
-1.859552955627400e+01	7.362490177155000e+00	221
-1.937166023254400e+01	4.973800182343000e+00	222
-1.984229087829600e+01	2.506659984589000e+00	223
-2.000000000000000e+01	0.000000000000000e+00	224
-1.984229087829600e+01	-2.506669998169000e+00	225
-1.937166023254400e+01	-4.973800182343000e+00	226
-1.859552955627400e+01	-7.362490177155000e+00	227
-1.752613067627000e+01	-9.635080337524000e+00	228
-1.618033981323200e+01	-1.175570964813200e+01	229
-1.457936954498300e+01	-1.369093990325900e+01	230
-1.274847984314000e+01	-1.541026973724400e+01	231
-1.071652984619100e+01	-1.688656044006300e+01	232
-8.515580177306999e+00	-1.809654045105000e+01	233
-6.180339813232000e+00	-1.902112960815400e+01	234
-3.747620105743000e+00	-1.964575004577600e+01	235
-1.255810022354000e+00	-1.996052932739300e+01	236
1.255810022354000e+00	-1.996052932739300e+01	237
3.747629880905000e+00	-1.964574050903300e+01	238
6.180339813232000e+00	-1.902112960815400e+01	239
8.515589714050000e+00	-1.809654045105000e+01	240
1.071654033660900e+01	-1.688656044006300e+01	241
1.274847984314000e+01	-1.541026020050000e+01	242
1.457936954498300e+01	-1.369093990325900e+01	243
1.618033981323200e+01	-1.175570011138900e+01	244
1.752614021301300e+01	-9.635069847106999e+00	245
1.859552955627400e+01	-7.362490177155000e+00	246
1.937166023254400e+01	-4.973790168762000e+00	247
1.984229087829600e+01	-2.506659984589000e+00	248
2.000000000000000e+01	0.000000000000000e+00	249
6.057098955055854e-02	-4.956087896311286e-02	250
6.602662676301135e-01	-6.011850471302430e-02	251
4.255386117684025e-01	6.224436189508877e-02	252
6.897957067870973e-01	5.050977214684066e-02	253
3.792346700986216e-01	-7.629712269098075e-02	254
9.994667902895580e-01	-7.268862791280224e-04	255
9.985534055822639e-01	-1.329485446320823e-03	256
7.738416201320333e-01	-4.685943862827022e-02	257
6.899259468829914e-01	-5.704190149017197e-02	258
-1.354408307000610e-03	6.128012791678462e-03	259
7.468208478378775e-01	-5.038169453896976e-02	260
5.833223072340913e-01	5.892436704094205e-02	261
9.928108184213204e-01	-3.717792266148197e-03	262
9.899277442937401e-01	-4.709399200789174e-03	263
5.989036754390582e-01	5.803263984885781e-02	264
7.188179421184833e-01	-5.378274319585696e-02	265
-1.602718826681635e-03	6.744355160173618e-04	266
9.865602820005895e-01	-5.845233899791812e-03	267
9.827156810003632e-01	-7.126600550702873e-03	268
-1.530831368575341e-03	-6.972664783774864e-03	269
6.451886512845660e-01	-6.158030332894757e-02	270
8.244867605799152e-01	-3.961921799254440e-02	271
7.997583632705442e-01	-4.326944302373185e-02	272
3.484986646578048e-01	6.079719647415331e-02	273
8.478967318665804e-01	-3.596346553005170e-02	274
2.474454153804867e-01	5.646097570492473e-02	275
8.699276081095569e-01	-3.232360560784429e-02	276
1.025662655387902e-02	1.949768463123437e-02	277
8.904733070859239e-01	-2.875114270806741e-02	278
7.687979207786430e-02	-5.417939049755797e-02	279
9.094618093090616e-01	-2.529457220572876e-02	280
-1.957841623451854e-03	-3.428637503013470e-03	281
9.424447428141597e-01	-1.864333223470112e-02	282
9.268130303743787e-01	-2.195385919013597e-02	283
1.770238935468301e-02	-3.021255072090085e-02	284
4.258567337284472e-01	-7.525141787894245e-02	285
8.590936108016510e-01	-3.413631762604310e-02	286
9.562977814981212e-01	-1.524876176421194e-02	287
9.783862318307953e-01	-8.574172694668238e-03	288
9.682976830905646e-01	-1.179867044902499e-02	289
1.582472171171366e-01	-6.822103411516493e-02	290
9.001691296743032e-01	-2.700673381785371e-02	291
7.604640985523210e-01	-4.863256324545465e-02	292
9.971341190660641e-01	-2.082860349537759e-03	293
5.991485198084652e-01	-6.562132863275369e-02	294
4.415598208784974e-01	-7.474315948050149e-02	295
5.364316455923129e-01	-7.011436075524279e-02	296
4.731317272487631e-01	-7.349649034215376e-02	297
5.047917020876902e-01	-7.195071655219565e-02	298
4.889499671640851e-01	-7.275974505906110e-02	299
1.248870139666526e-01	-6.378580289989660e-02	300
2.761204471293073e-02	-3.623140722340148e-02	301
3.946819832278212e-01	-7.603044453103069e-02	302
4.601988729561836e-02	-4.453456279702631e-02	303
4.102240182645162e-01	-7.568211348292082e-02	304
3.188142658038652e-01	-7.652631385142594e-02	305
3.487193816100563e-01	-7.658630060859556e-02	306
3.328570524050764e-02	-3.908480492928985e-02	307
2.895997943373775e-01	-7.611512308823250e-02	308
9.348484966539050e-01	-2.030174094035540e-02	309
1.467734329815216e-01	-6.684938324322101e-02	310
1.946687071776596e-01	-7.167497358923529e-02	311
8.566953071364058e-02	-5.632520501254397e-02	312
1.044926563615883e-01	-6.028717750477239e-02	313
5.679286856939346e-01	-6.800741279998319e-02	314
1.700642671260419e-01	-6.948405074942021e-02	315
6.146213571356237e-01	-6.433134595224940e-02	316
8.803945826592239e-01	-3.052669565725291e-02	317
2.242843743712502e-02	-3.327241877550704e-02	318
9.952186597076433e-01	-2.860911342678864e-03	319
6.485428493010196e-03	-2.061130820976829e-02	320
1.831445983812279e-02	2.407404716338664e-02	321
9.183456590195670e-01	-2.361282399599416e-02	322
9.496019121593701e-01	-1.696088520997905e-02	323
9.735810234555797e-01	-1.013611442572216e-02	324
-1.966101918971031e-05	9.038610509526639e-03	325
8.363590088917960e-01	-3.779036000139182e-02	326
2.473939128652442e-01	-7.481377378733697e-02	327
5.522092486514109e-01	-6.909860046444016e-02	328
7.329324221851844e-01	-5.209726745855292e-02	329
7.869400246136923e-01	-4.507202877691290e-02	330
1.144952882086421e-01	-6.209992582027409e-02	331
2.204806926773829e-01	-7.344440469678573e-02	332
5.835851068792052e-01	-6.684727725926923e-02	333
6.751756560895763e-01	-5.860492694755576e-02	334
5.306170001582654e-02	-4.710845269855996e-02	335
3.727886126731016e-03	-1.727456270667670e-02	336
1.347881439061651e-02	-2.709983505955848e-02	337
3.639159072077138e-01	-7.648475628098862e-02	338
1.822176501023472e-01	-7.063446721666987e-02	339
9.999369874710733e-01	-3.811610410539073e-04	340
2.337974050596505e-01	-7.417829616842932e-02	341
9.487868915202823e-02	-5.836265399350402e-02	342
3.041096040580705e-01	-7.636979995675398e-02	343
2.612360211563227e-01	-7.533675313545388e-02	344
4.573225573560405e-01	-7.415990793049566e-02	345
7.044660088205591e-01	-5.543495835498500e-02	346
-1.925022899288385e-03	3.026823884800931e-03	347
-2.892473400895959e-04	-1.043913438707336e-02	348
5.361226142692023e-01	6.094694877082669e-02	349
-1.592357980020472e-03	-8.732485101189079e-04	350
2.828808274468069e-02	2.826956172892413e-02	351
5.378316623054038e-02	3.557031472976961e-02	352
4.013490398739122e-02	3.207846000246857e-02	353
1.150799415147287e-01	4.560042442159185e-02	354
4.099187037177942e-01	6.209226760748342e-02	355
9.971006642649007e-01	2.026395694960138e-03	356
5.203009892450459e-01	6.141413250023212e-02	357
4.727963784064487e-01	6.222918702408926e-02	358
9.732029090774919e-01	7.369696370830847e-03	359
9.620636547732210e-01	9.030237036599852e-03	360
8.901678304003415e-01	2.134442104669214e-02	361
4.886158497159128e-01	6.205098077265155e-02	362
4.412324130672742e-01	6.232095568604848e-02	363
3.789654250447901e-01	6.157053515507074e-02	364
9.263837051633731e-01	1.496669927306777e-02	365
9.090954384602252e-01	1.803702551158004e-02	366
7.757130652449377e-02	4.023717389370064e-02	367
9.780747210245210e-01	6.600845654155071e-03	368
9.558043329311091e-01	9.983522489564205e-03	369
9.419634287262603e-01	1.224134842420111e-02	370
9.552619074957336e-02	4.303493785955765e-02	371
6.128603609915732e-02	3.718381055938075e-02	372
2.895148182572215e-01	5.858444818997183e-02	373
2.612390157657426e-01	5.720370495509253e-02	374
1.704305972028652e-01	5.114224531796863e-02	375
3.186544873862998e-01	5.979005866215534e-02	376
4.569893672560152e-01	6.231935636159223e-02	377
3.943930353940325e-01	6.186576210541656e-02	378
1.472356125556689e-01	4.904774759668129e-02	379
1.254335769821223e-01	4.678894911830553e-02	380
6.297574964215296e-01	5.593008363538750e-02	381
1.949308613556220e-01	5.306394117425026e-02	382
2.206358347719866e-01	5.483334055045756e-02	383
6.601005282750495e-01	5.341543855724527e-02	384
5.676490340610926e-01	5.970822057504390e-02	385
7.467304625843663e-01	4.373998605181202e-02	386
7.187140440327767e-01	4.726070827213514e-02	387
7.996440498439837e-01	3.618023761436612e-02	388
7.737484305756255e-01	4.001053448226753e-02	389
8.477012178105706e-01	2.851912741740355e-02	390
8.243369542000807e-01	3.231427905673819e-02	391
8.998336437130904e-01	1.966502755250035e-02	392
8.696793343897438e-01	2.484672721638298e-02	393
9.491068668242566e-01	1.105119768090298e-02	394
9.179478148702711e-01	1.646690860071948e-02	395
9.678635057980953e-01	8.168966675837531e-03	396
8.588724649548038e-01	2.666157984738562e-02	397
8.801180396784501e-01	2.307367790171546e-02	398
8.121492000823595e-01	3.424660795924605e-02	399
8.361874258475213e-01	3.040368032221992e-02	400
7.603746394968404e-01	4.189497351230488e-02	401
7.868383808792100e-01	3.810353504223122e-02	402
7.043502122791103e-01	4.892634026637505e-02	403
7.328370335221670e-01	4.552932966500655e-02	404
6.450031121519523e-01	5.472505495466176e-02	405
6.750284654414821e-01	5.200892903697363e-02	406
5.519140276991057e-01	6.038377202550756e-02	407
6.143957492591624e-01	5.703311435861342e-02	408
2.076428634023160e-01	5.396714705305421e-02	409
2.339000170922058e-01	5.566493146386563e-02	410
1.586627900765733e-01	5.011563338636586e-02	411
1.825324425848920e-01	5.212413010125798e-02	412
4.673908015564297e-02	3.386253945058175e-02	413
1.361628462828396e-01	4.794272490727793e-02	414
1.405059106347399e-02	2.184977255004893e-02	415
3.398094420142259e-02	3.020839816822651e-02	416
2.074343270239274e-01	-7.261137420270865e-02	417
4.138770547720324e-03	1.450189693017735e-02	418
9.625375019541894e-01	-1.351728616549887e-02	419
8.122797870652461e-01	-4.145029328016663e-02	420
3.336778492217827e-01	-7.659654250392509e-02	421
5.206216306200834e-01	-7.106755914960851e-02	422
1.816742034588043e-03	1.183435977033576e-02	423
2.307580277422381e-02	2.622396480054709e-02	424
6.955611430595136e-03	1.705625004977949e-02	425
8.634152591981416e-02	4.166567881897043e-02	426
6.921525007629246e-02	3.874383793058898e-02	427
2.752696812950372e-01	5.791310237341357e-02	428
1.051108489856902e-01	4.434481654715073e-02	429
9.824748653082268e-01	5.817636652257638e-03	430
9.863839340653924e-01	5.038798161047300e-03	431
3.039853924666689e-01	5.921462681650898e-02	432
9.898059665829408e-01	4.250261940699542e-03	433
9.927297833787787e-01	3.474476304083316e-03	434
3.334860737651674e-01	6.031674271484927e-02	435
3.636694023372142e-01	6.121536345028524e-02	436
9.343903407727251e-01	1.355061442250856e-02	437
9.999293305804581e-01	3.821946234947709e-04	438
9.985330623057143e-01	1.306492009127995e-03	439
9.994541779300473e-01	7.204600778147591e-04	440
6.299632627154009e-01	-6.298373745733776e-02	441
3.942431780166579e-02	-4.186071544340187e-02	442
9.951660506034585e-01	2.740058219713401e-03	443
5.044625325403671e-01	6.178194109780293e-02	444
1.471882535762034e-03	-1.388524590775729e-02	445
9.733306025477435e-03	-2.388080275527981e-02	446
6.850926482186928e-02	-5.192345046538534e-02	447
1.356569477324301e-01	-6.537444865856003e-02	448
2.753122346429978e-01	-7.577077861921021e-02	449
7.175225800200542e-02	4.805627212256706e-02	450
-3.375734099181178e-03	8.668634348235416e-03	451
-4.433301099211974e-03	4.953675999013509e-03	452
2.820844878492311e-01	-9.050504717726614e-02	453
6.988905503601834e-01	-7.104561475848255e-02	454
9.157466812108724e-01	-3.337580259955374e-02	455
5.136062581269623e-03	-2.520085858072302e-02	456
5.764545389861191e-01	7.506424882415344e-02	457
6.841999747672128e-01	-7.282218884723952e-02	458
7.822648589923598e-01	-5.929687120576260e-02	459
9.892896121920883e-01	-8.741604132015850e-03	460
3.261887184378670e-01	-9.172866543400196e-02	461
8.554197063465881e-01	-4.642072947087367e-02	462
8.323498224830764e-01	-5.077567165233499e-02	463
8.809020563848251e-02	-6.652463723567451e-02	464
-3.796646712200946e-03	-9.824623201704137e-03	465
2.130360946407487e-01	-8.630530298297491e-02	466
1.264364422929921e-02	-3.259330871037256e-02	467
9.609796615786016e-01	-2.051009573511825e-02	468
1.509982298329563e-01	-7.912269405771243e-02	469
7.133790698830751e-01	-6.920389328804913e-02	470
6.542815664837549e-01	-7.619361596316834e-02	471
4.501174591524282e-01	-9.051267332221211e-02	472
7.899163909019008e-02	-6.398201219566600e-02	473
3.872868023046974e-01	-9.191275170824868e-02	474
8.972049817454685e-01	-3.768332005154337e-02	475
7.952383941842339e-01	-5.721248066809072e-02	476
6.095752000941299e-03	2.135932393425966e-02	477
1.838670752222023e-02	2.977594458061368e-02	478
6.689807825382891e-01	6.770821567180087e-02	479
8.436398405076847e-01	4.121904479252984e-02	480
1.087796242068478e-01	5.529315732492720e-02	481
6.838936496153941e-01	6.608094626375911e-02	482
1.635924445984161e-01	6.277379094615076e-02	483
8.765011342329253e-01	3.467216280766005e-02	484
9.889644531688434e-01	8.049159563160270e-03	485
3.408237114829382e-01	7.588887480696177e-02	486
5.130238261882906e-01	7.754792337556114e-02	487
9.536081047126557e-01	1.759555720330258e-02	488
8.867041363448095e-01	3.254768090829317e-02	489
9.920719599444915e-01	6.727061078180350e-03	490
9.600419748100684e-01	1.609309807622881e-02	491
9.812428037778733e-01	1.065962594447528e-02	492
2.400746627130438e-01	6.999943746684641e-02	493
3.258445569141152e-01	7.522742759437756e-02	494
2.266153869856192e-01	6.891975635142611e-02	495
9.892425835184797e-02	5.359432260697535e-02	496
6.693221778563688e-01	-7.454116461718689e-02	497
2.000140953159890e-01	-8.511288085769661e-02	498
9.705410355805770e-03	2.425813580450032e-02	499
1.406155146988825e-01	5.992609789247753e-02	500
4.835269697608017e-02	4.189727322829395e-02	501
9.715623909456218e-01	1.330105093969329e-02	502
9.946876697433596e-01	5.509590044591723e-03	503
8.965120705608468e-01	3.046314202362749e-02	504
1.627602679872781e-01	-8.081179884693790e-02	505
1.000202485731608e+00	2.365372594237434e-04	506
9.984739397975158e-01	2.976079862939154e-03	507
9.968285107433007e-01	4.265666631345907e-03	508
2.989022559410144e-03	1.834076164821910e-02	509
-1.749651483895408e-03	1.199721268289980e-02	510
2.146426012857365e-03	-2.141485732575135e-02	511
-3.885661955187434e-03	-1.864609398407287e-03	512
-3.056014338092236e-03	-1.482564068751496e-04	513
1.714395151735789e-02	-3.614800308817739e-02	514
1.000207802729203e+00	-2.298654876084762e-04	515
6.207434335202798e-02	-5.853769222877513e-02	516
9.985424661097035e-01	-3.030809190573109e-03	517
9.948509530305494e-01	-5.744899088875758e-03	518
4.179176353860719e-01	7.802165585416886e-02	519
5.454413981093601e-01	-8.565422427537947e-02	520
9.857701967734634e-01	-1.041057504653000e-02	521
8.770752368890418e-01	-4.204570192865863e-02	522
5.921609880654213e-01	7.413277364989888e-02	523
9.923038913183492e-01	-7.142398832401572e-03	524
-4.627609389145144e-03	-5.624224675798700e-03	525
4.343018566377987e-01	-9.100419112687080e-02	526
4.022741503979230e-01	7.776189218108213e-02	527
8.440515945102062e-01	-4.860973073726562e-02	528
2.819734990946559e-01	7.285651434713643e-02	529
8.664298206994869e-01	-4.422778124318968e-02	530
8.873371044962628e-01	-3.985897767697354e-02	531
7.031770023601802e-02	-6.131908786199561e-02	532
9.066820751854041e-01	-3.552542341023026e-02	533
9.243944255099624e-01	-3.123943540190056e-02	534
9.477077024780226e-01	-2.482850542610676e-02	535
2.762021370767486e-02	-4.308188834085712e-02	536
9.545776177743723e-01	-2.267386680925236e-02	537
9.669094990764039e-01	-1.835849546394324e-02	538
9.817973875438246e-01	-1.226015673938266e-02	539
1.285373511738659e-01	-7.540288197184916e-02	540
7.554743126319317e-01	-6.338903748914634e-02	541
7.690107485440478e-01	-6.135556433832467e-02	542
9.969382812468804e-01	-4.387741376876915e-03	543
4.659919499100779e-01	-8.992640347592855e-02	544
4.818820758244368e-01	-8.924314470529110e-02	545
4.977838795556231e-01	-8.847649709463845e-02	546
2.212662623971035e-02	-3.967683455872183e-02	547
4.028743672311405e-01	-9.171219030104524e-02	548
4.185497394040975e-01	-9.140830497543380e-02	549
3.412311417120060e-01	-9.193188812154263e-02	550
4.000864490960581e-02	-4.958763680933730e-02	551
9.326129844235499e-01	-2.910523860743674e-02	552
9.403820706031157e-01	-2.696763908336703e-02	553
1.395952772194146e-01	-7.732149780558972e-02	554
9.760909864933356e-02	-6.895023585156654e-02	555
5.612664922740072e-01	-8.456145083115628e-02	556
6.082746938147432e-01	-8.071822510015927e-02	557
9.723485340773989e-01	-1.624612124899847e-02	558
9.773044751958605e-01	-1.421183284596614e-02	559
7.276479980147393e-01	-6.730798210563715e-02	560
7.416758219473453e-01	-6.537406792388974e-02	561
1.075248166739230e-01	-7.124657389065039e-02	562
1.178515298223608e-01	-7.339394262987972e-02	563
5.770212957646775e-01	-8.336482958233539e-02	564
5.926944721201124e-01	-8.208183198977557e-02	565
4.688887288415469e-02	-5.270724497196812e-02	566
5.426917246883009e-02	-5.569629480682637e-02	567
8.640618147906625e-03	-2.891060033435557e-02	568
3.564551742126210e-01	-9.203397006030489e-02	569
3.718114017392382e-01	-9.202105974000373e-02	570
1.748705698289541e-01	-8.237311769260361e-02	571
1.872908427347067e-01	-8.380531575511717e-02	572
2.263242887062681e-01	-8.738426085402261e-02	573
2.398917158832321e-01	-8.834901256620403e-02	574
2.965853375219262e-01	-9.102716396965091e-02	575
3.113071763137046e-01	-9.143499296849673e-02	576
2.537396637270545e-01	-8.918287107061532e-02	577
-3.882203571277778e-03	1.488579282674613e-03	578
-3.423127839232013e-04	-1.758586913174004e-02	579
4.145353290455873e-02	3.964762078111320e-02	580
9.853372377639840e-01	9.325023948800490e-03	581
5.289325117322738e-01	7.709533815104574e-02	582
4.971007130596364e-01	7.788719280970066e-02	583
4.811948330217087e-01	7.811460157559207e-02	584
4.653078967526606e-01	7.824348701911953e-02	585
9.766281819030853e-01	1.197731634064983e-02	586
9.660334556367843e-01	1.466881830666574e-02	587
9.235260864263415e-01	2.450756702904613e-02	588
4.494435840554242e-01	7.826478540651859e-02	589
4.336453151046016e-01	7.818685731847083e-02	590
3.867256965823425e-01	7.740993878501341e-02	591
9.149341277201736e-01	2.643645899592958e-02	592
9.467347262148316e-01	1.918487262029439e-02	593
6.352680207488845e-02	4.605844065487490e-02	594
5.573307503131401e-02	4.403496412294079e-02	595
2.538182589229731e-01	7.101103941293317e-02	596
2.677827885739483e-01	7.194912390531935e-02	597
1.519275609507119e-01	6.137299801882692e-02	598
1.296421383587812e-01	5.842670308036413e-02	599
1.190346602379191e-01	5.689895423544659e-02	600
7.949846216531565e-01	5.011566280828423e-02	601
7.414582282327474e-01	5.863430654735369e-02	602
7.274176616695655e-01	6.061491814894820e-02	603
7.820346052067983e-01	5.230041903584310e-02	604
8.319849650939628e-01	4.343153254211999e-02	605
9.059286119168882e-01	2.842719478401347e-02	606
8.659128730100530e-01	3.682046156347332e-02	607
8.549569897029272e-01	3.900799319980316e-02	608
8.199859678958625e-01	4.566638842607953e-02	609
8.076425547232724e-01	4.790320775005380e-02	610
7.687944259710582e-01	5.445715496250905e-02	611
7.552618955362388e-01	5.657868972812186e-02	612
7.131291385659542e-01	6.252893021591022e-02	613
6.986150129612204e-01	6.435593204857741e-02	614
6.539021141234883e-01	6.922633988848202e-02	615
6.386538737055110e-01	7.062642235659657e-02	616
5.606686568389084e-01	7.587126410813770e-02	617
5.448149543566700e-01	7.653765662586004e-02	618
6.232792062354223e-01	7.190947624057231e-02	619
6.077772101548037e-01	7.308045204740683e-02	620
2.134374476590619e-01	6.779104555513227e-02	621
2.005265824782986e-01	6.661558369636204e-02	622
1.879130992987253e-01	6.539299783852162e-02	623
1.755998008439579e-01	6.411399793978394e-02	624
1.380569853028798e-02	2.709073069851045e-02	625
3.499098998747344e-02	3.730780155365220e-02	626
2.899165521170594e-02	3.492198998491718e-02	627
8.079276355404779e-01	-5.509557819030908e-02	628
8.203084647620742e-01	-5.294303897579269e-02	629
5.136948896233663e-01	-8.761791124554213e-02	630
5.295840355058165e-01	-8.667268470157347e-02	631
3.734384365518323e-04	1.522414357683026e-02	632
2.344365674494767e-02	3.241545322806530e-02	633
8.945558549186464e-02	5.181935388956680e-02	634
8.039695958205215e-02	4.997571131718612e-02	635
3.110331427235947e-01	7.450993998743981e-02	636
2.963892582078897e-01	7.371727427958120e-02	637
3.712956128770561e-01	7.698248566545095e-02	638
3.559905111117938e-01	7.648054447230437e-02	639
9.394287469092225e-01	2.086559499587325e-02	640
9.316958965351416e-01	2.264617322385673e-02	641
6.237382112713450e-01	-7.927900258706844e-02	642
6.390731467380206e-01	-7.777240357883058e-02	643
3.357864689433982e-02	-4.636073281395390e-02	644
-2.326076164863535e-03	-1.371339761446647e-02	645
2.678020763392521e-01	-8.988615752301858e-02	646
-7.430372761886670e-03	-8.455875319127804e-03	647
3.953725321429585e-01	-1.094255632264354e-01	648
2.887280624800646e-01	-1.070943154975095e-01	649
7.911747983395694e-01	-7.292575111844311e-02	650
5.387614681164353e-01	-1.040716278463265e-01	651
9.225687623172787e-01	-4.187604586677342e-02	652
9.919529582952046e-01	1.059931507215785e-02	653
9.886123628157570e-01	1.254292772547645e-02	654
9.647910906914279e-01	2.223103449966580e-02	655
-1.386767655791677e-03	1.913484767320031e-02	656
9.946608524502027e-01	8.791640656381848e-03	657
9.994587331433350e-01	1.749345924732882e-03	658
1.000192664719316e+00	5.474545118135127e-04	659
9.988913173692539e-01	-5.093895990467694e-03	660
1.000463889096805e+00	6.793175102029864e-06	661
1.606651927611505e-02	-4.284322044359187e-02	662
-6.822657305749292e-03	2.696611450016349e-03	663
9.004301508821846e-02	-7.810103190637069e-02	664
9.309711250108694e-01	-3.921593638510673e-02	665
9.923944356828668e-01	-1.115221090036432e-02	666
5.696835232727639e-01	9.310509247926871e-02	667
9.994981402398909e-01	-1.765420828826886e-03	668
1.895014453718297e-04	-2.605094347533238e-02	669
7.082881313842455e-01	-8.651485928878616e-02	670
-4.673431298864288e-03	-1.741730142125202e-02	671
7.227267443230680e-01	-8.439601746373779e-02	672
1.139142814965276e-02	-3.874098752057592e-02	673
8.743012151150946e-01	-5.510392262272270e-02	674
3.425837328691321e-03	-3.032295330886020e-02	675
3.334987179745876e-01	-1.088190330972044e-01	676
8.634792346297129e-01	-5.771583916456448e-02	677
6.936255930963476e-01	-8.855322303459559e-02	678
9.949857587798810e-01	-9.127919210462323e-03	679
7.085573357380022e-03	-3.458135613582947e-02	680
9.805502511432682e-01	1.637693715467314e-02	681
5.217771083127349e-01	9.509811206071389e-02	682
9.520074259065984e-01	2.634766010552607e-02	683
6.631617197368833e-01	8.531368090975670e-02	684
9.969768537344277e-01	6.955281078024961e-03	685
5.057579079829632e-01	9.551925405958735e-02	686
2.741458268366058e-01	8.849902362546898e-02	687
3.329455027365952e-01	9.252221836198667e-02	688
1.562707902881366e-01	7.530903560830188e-02	689
6.528821774220739e-02	5.616495644417065e-02	690
1.000031630222719e+00	1.039047117969522e-03	691
-6.327103190829977e-03	-1.308156043687506e-02	692
-5.620529333914491e-03	1.166178038393112e-02	693
1.315667868913628e-02	3.304021456849397e-02	694
-6.988137734005179e-03	7.533010933217560e-03	695
9.661105204069957e-01	-2.588343751600968e-02	696
8.062391529315478e-02	-7.510067128460318e-02	697
-5.123804168159242e-03	-2.084498788297131e-04	698
1.548691810892699e-01	-9.301517948985084e-02	699
4.588110480225042e-01	-1.081476749052245e-01	700
2.133757300110894e-02	-4.693594905112383e-02	701
4.891048057461021e-03	2.625049781102078e-02	702
8.400729961803007e-01	5.554860864690010e-02	703
7.907564810808754e-01	6.579576615463843e-02	704
6.782465202556252e-01	8.355013717185179e-02	705
9.848724820112771e-01	1.441332917807821e-02	706
9.586219178497360e-01	2.426000036923268e-02	707
8.937566545581265e-01	4.272420097947857e-02	708
8.837877115853641e-01	4.525550705651638e-02	709
3.179733482641773e-01	9.164661743912007e-02	710
2.885204109104828e-01	8.962660390275093e-02	711
2.323567693623586e-01	8.478233387814192e-02	712
1.018897610144380e-01	6.560435649513792e-02	713
6.637480976845318e-01	-9.239396621387908e-02	714
6.787783179272929e-01	-9.051203436774952e-02	715
2.050967966762057e-01	-1.002999300375351e-01	716
8.714315133158691e-03	2.972030350225984e-02	717
1.447024056839210e-01	7.348030878125851e-02	718
9.757542558179312e-01	1.830343030161587e-02	719
9.987462702622384e-01	5.009378080010242e-03	720
1.485922992823233e-03	2.273487665332200e-02	721
-3.756941032174864e-03	1.543860591898969e-02	722
-2.500049267097282e-03	-2.175115830169186e-02	723
-6.890706775859609e-03	-3.225180541450260e-03	724
2.715961865044019e-02	-5.078013570390940e-02	725
1.000205487968417e+00	-5.410133408180385e-04	726
1.000056140296065e+00	-1.037928950720258e-03	727
9.717189985321870e-01	-2.324656511781724e-02	728
9.892019014161317e-01	-1.341515384384620e-02	729
5.855368975112147e-01	9.214088990196539e-02	730
4.428521905690363e-01	-1.086348272226276e-01	731
4.101935432522872e-01	9.551153311812560e-02	732
8.407239199764914e-01	-6.290325374020722e-02	733
8.522827294480563e-01	-6.032521564749382e-02	734
8.847673494167210e-01	-5.247435192505590e-02	735
8.948258503619493e-01	-4.982863557047151e-02	736
6.307628658304289e-02	-6.870663717085411e-02	737
7.163140367215128e-02	-7.196962415048963e-02	738
9.044803368705838e-01	-4.718427498474567e-02	739
9.137408613635780e-01	-4.453160752012750e-02	740
9.534472211150431e-01	-3.121881747564017e-02	741
9.600192325374444e-01	-2.854545165116380e-02	742
9.856164832937169e-01	-1.568641559038069e-02	743
7.646059978309907e-01	-7.767466109289155e-02	744
7.780312508427588e-01	-7.531807005765263e-02	745
9.972014300885591e-01	-7.137244824158523e-03	746
4.748080412984597e-01	-1.075430423002503e-01	747
4.907997604051976e-01	-1.068311477349024e-01	748
4.111293880847454e-01	-1.092832348160601e-01	749
4.269627834948823e-01	-1.090149004241398e-01	750
3.334873216582823e-02	-5.459334150501327e-02	751
9.389238106744052e-01	-3.654739911346046e-02	752
9.464074182280419e-01	-3.388532114945629e-02	753
1.318015475568563e-01	-8.854713369421652e-02	754
1.431589569020135e-01	-9.084300909969228e-02	755
5.546879194827613e-01	-1.030064674639997e-01	756
5.705944569445154e-01	-1.017913340268804e-01	757
9.768232002461766e-01	-2.067170175478718e-02	758
9.814619135037020e-01	-1.815953604225201e-02	759
7.369184144250532e-01	-8.221960940173850e-02	760
7.508845641781411e-01	-7.998344585908161e-02	761
9.988581646878615e-02	-8.096707591071189e-02	762
1.101637325644227e-01	-8.368402302682396e-02	763
1.208322350336328e-01	-8.613662844291643e-02	764
5.864031923733263e-01	-1.004618469772288e-01	765
6.021181190030785e-01	-9.902819396084532e-02	766
4.004897600636759e-02	-5.834559342011774e-02	767
4.727820159762772e-02	-6.199090833094935e-02	768
5.501700342290547e-02	-6.536969129035616e-02	769
3.487576256503558e-01	-1.091597923262315e-01	770
3.641895932937410e-01	-1.093697756396457e-01	771
3.797258129057538e-01	-1.094513816272072e-01	772
1.669541536041431e-01	-9.505654726704778e-02	773
1.793682100170141e-01	-9.694866829029557e-02	774
1.920863528474235e-01	-9.869323181158847e-02	775
2.183862858294880e-01	-1.017789737914635e-01	776
2.319522791761466e-01	-1.031279890191421e-01	777
3.034815145797173e-01	-1.078016106608955e-01	778
3.184236618444718e-01	-1.083705525877056e-01	779
2.458198312965919e-01	-1.043393671931660e-01	780
4.225269726425993e-02	4.830090163387658e-02	781
4.897398679484289e-01	9.581237938449057e-02	782
4.737525186538916e-01	9.598595601221759e-02	783
9.705111359342640e-01	2.024595258753276e-02	784
4.577695661960844e-01	9.604153062321184e-02	785
4.418348961254581e-01	9.597334216546254e-02	786
4.259804292563626e-01	9.579684493495343e-02	787
3.944951447492139e-01	9.510965916857515e-02	788
9.212484193483809e-01	3.536618482356189e-02	789
5.723845791488099e-02	5.362362328113417e-02	790
4.950772839154976e-02	5.108440706427277e-02	791
2.600144023694378e-01	8.732180960035019e-02	792
2.460569982157323e-01	8.612652726735776e-02	793
1.334767473016032e-01	7.159298788319876e-02	794
1.226261351361898e-01	6.965233214928761e-02	795
1.120725776241019e-01	6.773234309381239e-02	796
7.365328763104457e-01	7.536570327414811e-02	797
9.124974309472477e-01	3.777583740143710e-02	798
9.033223425182670e-01	4.023261043037336e-02	799
8.734100050319431e-01	4.780576909304921e-02	800
8.626725935797672e-01	5.037001646026634e-02	801
8.515569406746807e-01	5.296135120296515e-02	802
8.282690255407861e-01	5.812779018114512e-02	803
8.160992765094061e-01	6.071561647704338e-02	804
8.035773154198620e-01	6.327826887709102e-02	805
7.776452060294753e-01	6.827147316582594e-02	806
7.642345777718915e-01	7.070822970273384e-02	807
7.505126874910903e-01	7.308333593287550e-02	808
7.223181990369215e-01	7.756214452378532e-02	809
7.078466912695692e-01	7.967253083187383e-02	810
6.931427931706635e-01	8.166967040004439e-02	811
6.478977250814483e-01	8.694417357742633e-02	812
5.537345365316598e-01	9.391890540120415e-02	813
5.377669467011088e-01	9.455006863077270e-02	814
6.324899953482844e-01	8.843838177451226e-02	815
6.169588458788615e-01	8.980375314614653e-02	816
6.012999731785766e-01	9.103986051715092e-02	817
2.189620035467369e-01	8.336736089713263e-02	818
2.058458195745859e-01	8.189083276264256e-02	819
1.930074140442775e-01	8.035649877723039e-02	820
1.804568682007368e-01	7.875400648924255e-02	821
1.682035726212600e-01	7.707257983427500e-02	822
3.550061060087342e-02	4.541817472621770e-02	823
2.924070332360000e-02	4.247355613397089e-02	824
8.040425949806752e-01	-7.048623501192015e-02	825
8.166196525579020e-01	-6.798941189407337e-02	826
8.288521343333880e-01	-6.545121069805088e-02	827
5.068090801273657e-01	-1.060142863374070e-01	828
5.228062064077448e-01	-1.050904577576243e-01	829
2.334415243204817e-02	3.951442363157749e-02	830
1.796215057654470e-02	3.630076211366341e-02	831
9.212355279180984e-02	6.337728028175289e-02	832
8.276462450505447e-02	6.106227013927690e-02	833
7.381631648508626e-02	5.865988352680213e-02	834
3.031463988536807e-01	9.068470104838475e-02	835
3.789172591402433e-01	9.460749629346611e-02	836
3.634580769169936e-01	9.401770112679875e-02	837
3.481111242332451e-01	9.332153479717380e-02	838
9.449587841497232e-01	2.849512052578252e-02	839
9.374946616528809e-01	3.071344493283666e-02	840
9.295866418588076e-01	3.301062143857253e-02	841
6.177225511473137e-01	-9.749951034532443e-02	842
6.331949393048353e-01	-9.588475048576424e-02	843
6.485428976301785e-01	-9.418562067945367e-02	844
2.599362658475378e-01	-1.053400299213025e-01	845
2.742153588143648e-01	-1.062684031046941e-01	846
-1.050936129530008e-02	-1.172318488375195e-02	847
9.139016642117812e-02	-9.119459128706281e-02	848
9.993340938322871e-01	7.309689949695330e-03	849
9.850683024651911e-01	2.027752639250438e-02	850
5.481724465524210e-01	-1.235017717913866e-01	851
-1.034676019045092e-02	4.831368432481485e-03	852
9.995672083015636e-01	-3.921938638191488e-03	853
9.300907092483540e-01	-5.072820880901020e-02	854
9.382323973318835e-01	-4.746695767359085e-02	855
2.599382858530360e-02	-5.940939833042325e-02	856
9.952346440162341e-01	1.250245754810709e-02	857
4.984686235483139e-01	1.155262792231009e-01	858
-9.244813912671115e-03	-1.674640383624959e-02	859
7.249952570781914e-03	3.594973166622169e-02	860
-2.231041207859189e-03	-3.125893262858443e-02	861
9.643019332707882e-01	3.087647499429628e-02	862
9.975497181134483e-01	1.001460534083500e-02	863
-8.222656193518944e-03	1.511474257051236e-02	864
6.576000232965362e-01	1.050413719994313e-01	865
-6.170647298033530e-03	1.939006669859002e-02	866
1.000494425201573e+00	3.644119023282927e-04	867
1.000503519226884e+00	-3.500872231256363e-04	868
8.007439944367610e-01	-8.781344473030830e-02	869
1.582898869535854e-01	-1.087030743831234e-01	870
1.436179674806111e-02	-5.036522374000754e-02	871
4.035025600594899e-01	-1.290491615643176e-01	872
8.163088344991562e-02	-8.766634511714994e-02	873
4.515394326930769e-01	-1.283526181537311e-01	874
2.952110738506871e-01	-1.257456295385373e-01	875
9.889583713127593e-01	1.768422807212616e-02	876
5.629818818703368e-01	1.132640083086748e-01	877
9.579552440673442e-01	3.356899055444153e-02	878
9.511593562504498e-01	3.629516556022219e-02	879
7.870883258337242e-01	8.342812175760045e-02	880
1.483056409371438e-01	8.876376483011447e-02	881
2.659250621037451e-01	1.056167907105587e-01	882
9.930844438569555e-01	-1.569031942801121e-02	883
5.806961884116692e-02	6.447916090751829e-02	884
8.722338678625413e-01	-6.985870918621924e-02	885
9.994576298830744e-01	3.878529252063060e-03	886
9.923903520576502e-01	1.504818944550342e-02	887
9.995814067377945e-01	-7.408574668858003e-03	888
9.770911328733798e-01	-2.796880206367908e-02	889
9.461400297702923e-03	-4.557965508089638e-02	890
7.036006541349855e-01	-1.059275969627232e-01	891
-5.126421231548271e-03	-2.641684425099064e-02	892
7.182463340531177e-01	-1.035815690737436e-01	893
7.326409607293971e-01	-1.011327340534848e-01	894
5.040443772450775e-03	-4.097076796252667e-02	895
9.957576084677747e-01	-1.289934880676228e-02	896
1.104581304795018e-03	-3.599979664346886e-02	897
8.371426623012574e-01	7.168408729202162e-02	898
5.146350131912510e-01	1.151487627500058e-01	899
3.097371051807732e-01	1.096910775982529e-01	900
-9.785779273446614e-03	1.058221592574174e-02	901
3.096270828557015e-03	3.177544727517254e-02	902
6.729056849296691e-01	1.031603045675570e-01	903
8.917182080179498e-01	5.657892856095671e-02	904
3.247578472583493e-01	1.108375420249769e-01	905
2.948733712418403e-01	1.084239726380505e-01	906
2.802631078767997e-01	1.070548217872921e-01	907
6.737178554486979e-01	-1.103280494520305e-01	908
6.887438072200042e-01	-1.081821850938237e-01	909
9.805608560545930e-01	2.295545998388853e-02	910
-4.596443426128026e-04	2.775675002293591e-02	911
-3.591173659602934e-03	2.360621261944609e-02	912
-7.455001222659009e-03	-2.157437219653835e-02	913
-1.060156893144138e-02	-5.538146662310319e-03	914
2.001375396908756e-02	-5.512881065042909e-02	915
9.718351304131824e-01	-3.117602502367775e-02	916
9.898473807831537e-01	-1.865565366594277e-02	917
5.790334419466923e-01	1.122759403457223e-01	918
8.498052507893038e-01	-7.601666805018488e-02	919
8.612198577670453e-01	-7.294873628894323e-02	920
8.828944616298487e-01	-6.674601255031336e-02	921
8.931786675322571e-01	-6.358422242603767e-02	922
6.343141878880690e-02	-8.017750519765393e-02	923
7.231084811845012e-02	-8.399604654416848e-02	924
9.030281524154573e-01	-6.040159666003934e-02	925
9.124781626453595e-01	-5.719893869020072e-02	926
9.215067423864487e-01	-5.397014458259608e-02	927
9.598180906829974e-01	-3.768561112345924e-02	928
9.660702655001169e-01	-3.442324034234533e-02	929
7.743520503182294e-01	-9.333214321117531e-02	930
7.876767384943836e-01	-9.061344825439686e-02	931
9.979238475522886e-01	-1.023766614861582e-02	932
4.676716415030070e-01	-1.278540348978273e-01	933
4.838060934468241e-01	-1.272165380706632e-01	934
4.194646588172800e-01	-1.289557276589595e-01	935
4.354735889006419e-01	-1.287167850509393e-01	936
9.458882673064174e-01	-4.420595426326052e-02	937
9.530785095231826e-01	-4.095195531453529e-02	938
1.345522834561609e-01	-1.033831545023956e-01	939
1.462294751918600e-01	-1.061108427365822e-01	940
5.642689374996243e-01	-1.223389019893366e-01	941
9.818518266611255e-01	-2.481520235674653e-02	942
9.861555703853101e-01	-2.164893678153061e-02	943
7.467874180357956e-01	-9.862307707182143e-02	944
7.607148444520850e-01	-9.601900029120618e-02	945
1.016109579830201e-01	-9.456747329078699e-02	946
1.123812365090078e-01	-9.771817689772180e-02	947
1.232538317393990e-01	-1.005231029761639e-01	948
5.802791223259188e-01	-1.209737013893365e-01	949
5.961618094463129e-01	-1.194830741987312e-01	950
3.242894784816647e-02	-6.385239280971912e-02	951
3.944613221770445e-02	-6.823708753841388e-02	952
4.715136572462023e-02	-7.248635270192665e-02	953
5.506599930327757e-02	-7.626199041678222e-02	954
3.407272450469795e-01	-1.280111380979919e-01	955
3.562487093255855e-01	-1.284911416087717e-01	956
3.719056567399964e-01	-1.288110942522386e-01	957
3.876442085615552e-01	-1.289939985594064e-01	958
1.707215236432600e-01	-1.111365891453114e-01	959
1.834689887059208e-01	-1.133979803732005e-01	960
1.965065678655602e-01	-1.154911230216694e-01	961
2.098186652579735e-01	-1.174339823035349e-01	962
2.234146264823215e-01	-1.192329612749804e-01	963
3.254127897997895e-01	-1.273939215731391e-01	964
3.102431831141692e-01	-1.266481708881826e-01	965
2.373150331683274e-01	-1.208774160795771e-01	966
4.823527972420684e-01	1.157519137254165e-01	967
9.756152032053046e-01	2.557375826023956e-02	968
9.701974060082337e-01	2.821155081068336e-02	969
4.662376569259729e-01	1.158564002271619e-01	970
4.501356013237756e-01	1.158137643141705e-01	971
4.341131630502519e-01	1.156321313102799e-01	972
4.181634860650377e-01	1.153253001899810e-01	973
4.022789312444880e-01	1.148789746348857e-01	974
5.016118394758301e-02	6.151231543819326e-02	975
4.243188899258716e-02	5.813442143866224e-02	976
2.518368184664290e-01	1.041984743161218e-01	977
2.378035508325986e-01	1.026101263788544e-01	978
1.368110715953031e-01	8.643892163628249e-02	979
1.256793548669339e-01	8.404627010013292e-02	980
1.149590031578615e-01	8.176534464459306e-02	981
1.043273730187420e-01	7.920939554086220e-02	982
9.197174983580949e-01	4.764657771294318e-02	983
9.107884777315638e-01	5.059782126248448e-02	984
9.014503608774890e-01	5.357468292886673e-02	985
8.815529541959678e-01	5.960688301280427e-02	986
8.710072288277741e-01	6.262295552177204e-02	987
8.601020928433328e-01	6.564894715014651e-02	988
8.488001687304103e-01	6.868219597110602e-02	989
8.251676256744975e-01	7.467170897074858e-02	990
8.127897980490982e-01	7.764595298916618e-02	991
8.000699644594198e-01	8.056084303990822e-02	992
7.737772287794232e-01	8.622280645794314e-02	993
7.601638533511028e-01	8.898338297992016e-02	994
7.462095714181524e-01	9.161838826881023e-02	995
7.320472302843400e-01	9.416881872768387e-02	996
7.176127005533234e-01	9.658573828258372e-02	997
7.029209286808497e-01	9.892830515397269e-02	998
6.880045273406948e-01	1.010873318434384e-01	999
5.307480874614453e-01	1.146566479486178e-01	1000
5.468311187540936e-01	1.140173537344164e-01	1001
6.421283772231813e-01	1.068119978446053e-01	1002
6.265413116721000e-01	1.083799654162066e-01	1003
6.108104764012885e-01	1.098509059756338e-01	1004
5.949791990658156e-01	1.111189847253286e-01	1005
2.241406731035061e-01	1.008816977984338e-01	1006
2.107863000446210e-01	9.907001540289259e-02	1007
1.977156281773095e-01	9.718912464661081e-02	1008
1.849139691447842e-01	9.523274133659963e-02	1009
1.723905232095651e-01	9.317816093859663e-02	1010
1.601694325353227e-01	9.101921169212265e-02	1011
3.534432471567251e-02	5.461416052884150e-02	1012
2.880752937347506e-02	5.102591950802098e-02	1013
8.135324410031683e-01	-8.494839704097587e-02	1014
8.259937128338667e-01	-8.199862437308920e-02	1015
8.380623057240265e-01	-7.902092496928324e-02	1016
4.999359512287521e-01	-1.264571208122640e-01	1017
5.160767218667643e-01	-1.255704837106582e-01	1018
5.321641491916564e-01	-1.245692180067015e-01	1019
2.272454182429472e-02	4.759170733612184e-02	1020
1.692997008748937e-02	4.371434550234466e-02	1021
1.185038296442666e-02	3.976134833120402e-02	1022
9.421058481423668e-02	7.647442990375415e-02	1023
8.452991817982636e-02	7.362462541925385e-02	1024
7.526745781719468e-02	7.067220310863442e-02	1025
6.642416859558849e-02	6.761024703386420e-02	1026
3.865153315215603e-01	1.143006697475579e-01	1027
3.708843687163986e-01	1.136180791711722e-01	1028
3.553406410575713e-01	1.128196853360799e-01	1029
3.399412340115591e-01	1.118847763796611e-01	1030
9.282219166317551e-01	4.473892030775524e-02	1031
9.439496290478619e-01	3.905323775391226e-02	1032
9.363110325915113e-01	4.186869971399858e-02	1033
6.119460456493334e-01	-1.178625419375085e-01	1034
6.275831982772522e-01	-1.161436343267084e-01	1035
6.431015770925522e-01	-1.143121915527090e-01	1036
6.584827296204111e-01	-1.123849657591659e-01	1037
2.515792881477582e-01	-1.223110470821111e-01	1038
2.658792440660773e-01	-1.235202153895802e-01	1039
2.804160601289200e-01	-1.246936389197446e-01	1040
2.298800561328777e-03	-4.798467473362238e-02	1041
9.996019525451113e-01	9.420035960342592e-03	1042
9.782565017257618e-01	-3.609320152922970e-02	1043
1.000454985789509e+00	8.024567286767745e-04	1044
-1.842191075811373e-03	-4.234513699596179e-02	1045
7.361441570903164e-01	-1.209258210261112e-01	1046
9.199351020720813e-02	-1.059541529788725e-01	1047
-5.325955178622643e-03	-3.698294748735176e-02	1048
9.860552157182353e-01	2.685938105904436e-02	1049
-1.068317565664409e-02	-2.614780078795279e-02	1050
1.796996617950092e-02	-6.416571048746435e-02	1051
1.611407230213515e-01	-1.263759765461159e-01	1052
1.394934517559193e-01	1.031117648141328e-01	1053
6.942956239203157e-04	3.802715425581195e-02	1054
-9.007225991488859e-03	2.381734031480418e-02	1055
-1.393180345621630e-02	7.910097730262286e-03	1056
-7.210955095553087e-03	4.969932311010006e-04	1057
-7.215685586427957e-03	-9.931654772730944e-04	1058
-1.041612057588407e-02	8.617620123263748e-04	1059
-1.257080683796023e-02	-2.078081860444805e-02	1060
9.999522257249935e-01	-9.540400091692479e-03	1061
3.160759479375638e-01	1.309578807806861e-01	1062
9.831168657538677e-01	-3.219025385654378e-02	1063
9.971583508326554e-01	-1.701926478788435e-02	1064
9.463486135559598e-01	-5.585266321599434e-02	1065
8.046950760491639e-01	-1.056264595351414e-01	1066
4.116949252668047e-01	-1.510155667033357e-01	1067
9.986294925678377e-01	1.330185077812485e-02	1068
9.277931107133274e-01	5.791002067185898e-02	1069
9.512543619407126e-01	4.747557794132279e-02	1070
5.482087069534572e-01	1.360708235851465e-01	1071
5.156604710869405e-01	1.371935056890538e-01	1072
6.601330981705745e-01	1.260539413480583e-01	1073
7.772692708884662e-01	1.047660706974827e-01	1074
4.911734402265134e-01	1.377251669780028e-01	1075
5.498968347577620e-01	-1.457471805306808e-01	1076
3.313601374803485e-01	1.323342960197890e-01	1077
9.964118382036170e-01	1.660695345555360e-02	1078
8.184390108974536e-02	-1.018112385917172e-01	1079
1.000310240293299e+00	1.852551149663696e-03	1080
9.900785497144161e-01	2.341487651956426e-02	1081
-1.042803484814724e-02	-1.412856444648765e-03	1082
1.000475587610486e+00	-7.898640299139254e-04	1083
1.000360147173341e+00	-1.849253898538866e-03	1084
9.384985567903049e-01	-5.979434976843029e-02	1085
2.397384532292813e-02	-6.902428165230173e-02	1086
-1.394675856180624e-02	-1.533349912482493e-02	1087
5.103474512125866e-03	4.287868488577758e-02	1088
-8.230586824048269e-03	-3.158423987817251e-02	1089
9.647364560636540e-01	4.060925514005669e-02	1090
-1.120805069721196e-02	1.899620015642708e-02	1091
1.000772677626937e+00	1.609105401400552e-04	1092
1.000776750742307e+00	-1.388580390582074e-04	1093
6.754863277242648e-03	-5.316521640168956e-02	1094
3.168069383386625e-01	-1.478036852658441e-01	1095
3.014839691721212e-01	-1.466847132867419e-01	1096
9.935289540187515e-01	1.996660510708575e-02	1097
5.726998061213289e-01	1.347003297370855e-01	1098
9.582141273425496e-01	4.404273052142502e-02	1099
9.944960839630828e-01	-2.063386017239099e-02	1100
7.068657656176354e-01	-1.263565470646615e-01	1101
-1.292090834865291e-02	1.402800011443043e-02	1102
3.009838784451953e-01	1.294835468045499e-01	1103
2.860594257807884e-01	1.278256422347487e-01	1104
2.714834278829338e-01	1.261229542558721e-01	1105
6.767185448896963e-01	-1.313140976478429e-01	1106
-3.059305755897929e-03	3.337311010150279e-02	1107
-6.252378620666675e-03	2.863403344059562e-02	1108
-1.446151726513403e-02	-8.760129725173557e-03	1109
1.197612752779436e-02	-5.881171737703364e-02	1110
8.598032006815852e-01	-9.008975680136104e-02	1111
8.710493517272501e-01	-8.646028892167266e-02	1112
8.819007017261656e-01	-8.282357727820434e-02	1113
8.924208579254647e-01	-7.908411964940476e-02	1114
7.218352943551402e-02	-9.751586890063851e-02	1115
6.297352873638576e-02	-9.305784065043081e-02	1116
9.025116932665224e-01	-7.531503065507664e-02	1117
9.121562917395660e-01	-7.148339101295059e-02	1118
9.213936817677366e-01	-6.762256369420909e-02	1119
9.301740704354793e-01	-6.372860837910500e-02	1120
9.669672178701813e-01	-4.399808490832664e-02	1121
9.728693882293176e-01	-4.003807335584052e-02	1122
7.781199447773911e-01	-1.119798521116435e-01	1123
9.991758567318745e-01	-1.352923430374040e-02	1124
4.604062314744692e-01	-1.503903397152945e-01	1125
4.767403246929882e-01	-1.498582636351665e-01	1126
4.278934527165076e-01	-1.509632919205239e-01	1127
4.441059529671836e-01	-1.507496709084057e-01	1128
9.536818101035085e-01	-5.191225056062044e-02	1129
9.605623194528009e-01	-4.796251750943037e-02	1130
1.366392439426312e-01	-1.200860688112648e-01	1131
1.486767131754457e-01	-1.233085775719656e-01	1132
9.875010512626136e-01	-2.824426074613137e-02	1133
9.912846591017886e-01	-2.440684160817355e-02	1134
7.574672077639281e-01	-1.165739191005609e-01	1135
1.027788217088708e-01	-1.099217159351267e-01	1136
1.139583559347091e-01	-1.133847598775200e-01	1137
1.249926527462409e-01	-1.167184744203696e-01	1138
5.823852933492960e-01	-1.430735480931461e-01	1139
3.068023706762844e-02	-7.421892957377586e-02	1140
3.816120372993274e-02	-7.938864323161365e-02	1141
4.630272317711401e-02	-8.413186500365862e-02	1142
5.427826067036861e-02	-8.847306654430956e-02	1143
3.322373961465824e-01	-1.487413307229301e-01	1144
3.478596685106959e-01	-1.495420695503652e-01	1145
3.636795822484902e-01	-1.501575791925952e-01	1146
3.795811300932707e-01	-1.506039517356427e-01	1147
3.955680800723583e-01	-1.508900025194997e-01	1148
1.739401873825311e-01	-1.292460484777419e-01	1149
1.870597958673303e-01	-1.319210983507935e-01	1150
2.004247826231398e-01	-1.344084958848275e-01	1151
2.140841491626508e-01	-1.367285551304664e-01	1152
2.280450143442221e-01	-1.388848216324008e-01	1153
9.814363245128302e-01	3.034742217407099e-02	1154
9.763647136164948e-01	3.375833842486351e-02	1155
9.707920265880065e-01	3.718231504511706e-02	1156
4.749040364213128e-01	1.379284250265400e-01	1157
4.585694448536177e-01	1.379456652493931e-01	1158
4.423520725276567e-01	1.377682645022771e-01	1159
4.261703745992382e-01	1.374384160304669e-01	1160
4.100975629106174e-01	1.369510492980716e-01	1161
5.010629870865351e-02	7.312241474681339e-02	1162
4.195065090208306e-02	6.925633891803601e-02	1163
2.572452913688043e-01	1.243441670545562e-01	1164
2.429742052486228e-01	1.226148630378944e-01	1165
1.280675243618862e-01	1.002291483566703e-01	1166
1.172338273212105e-01	9.740749458494674e-02	1167
1.062329151375814e-01	9.456032816444415e-02	1168
9.191187156184656e-01	6.142783119681233e-02	1169
9.100048643678230e-01	6.500763345519536e-02	1170
9.005076246023211e-01	6.856112090738334e-02	1171
8.905591299877579e-01	7.216246254459638e-02	1172
8.801957077140833e-01	7.573074367530469e-02	1173
8.694622788380953e-01	7.928034170717758e-02	1174
8.583361174521940e-01	8.280140006850005e-02	1175
8.408998979879135e-01	8.807948027245688e-02	1176
8.227527405964570e-01	9.324331986291441e-02	1177
8.036967694006455e-01	9.826707401737217e-02	1178
7.495227115230206e-01	1.109017319500933e-01	1179
7.206988500704465e-01	1.165300435295991e-01	1180
6.908357394105568e-01	1.216103585397437e-01	1181
6.287615569574445e-01	1.297940194656625e-01	1182
5.968576487242770e-01	1.328261131696694e-01	1183
2.288814502809610e-01	1.205163593729667e-01	1184
2.152441732412483e-01	1.183636380463415e-01	1185
2.019036849325938e-01	1.160538301867186e-01	1186
1.888577712090504e-01	1.137351488178583e-01	1187
1.760423911380626e-01	1.112559558801517e-01	1188
1.635053605009168e-01	1.086806761216212e-01	1189
1.512971093796609e-01	1.059542738359017e-01	1190
3.438581277902184e-02	6.497401391162924e-02	1191
2.754580289086546e-02	6.063283906085577e-02	1192
8.239283923311638e-01	-1.006057223987192e-01	1193
8.362335055649799e-01	-9.714031692023799e-02	1194
8.481598825459211e-01	-9.365770963473431e-02	1195
4.930591879814482e-01	-1.491611625067233e-01	1196
5.175158032375452e-01	-1.478419982519401e-01	1197
2.139706847037335e-02	5.657473939842619e-02	1198
1.523402686525976e-02	5.210195678890872e-02	1199
9.786701989307669e-03	4.730374228350690e-02	1200
9.558659303405802e-02	9.125440809845752e-02	1201
8.552873346378170e-02	8.779428737879985e-02	1202
7.593320331878387e-02	8.421016191752363e-02	1203
6.676689801302044e-02	8.049695724719545e-02	1204
5.808811611449657e-02	7.669010415619615e-02	1205
3.940621604184256e-01	1.362901213580323e-01	1206
3.782531328624429e-01	1.355109241174824e-01	1207
3.624923511414916e-01	1.346058212789507e-01	1208
3.468186731536801e-01	1.335446049158388e-01	1209
9.438820384966953e-01	5.091500860538142e-02	1210
9.360555934255234e-01	5.439169417936438e-02	1211
6.143820906625426e-01	-1.396825646791456e-01	1212
6.458225580088707e-01	-1.357607773810662e-01	1213
2.424399195080200e-01	-1.408372041256613e-01	1214
2.570170703433760e-01	-1.424245561970318e-01	1215
2.715040131297519e-01	-1.439454326575704e-01	1216
2.863491751262451e-01	-1.453938555565163e-01	1217
9.998602302051532e-01	-2.560663892250480e-03	1218
9.997935079393042e-01	2.543367324455542e-03	1219
-9.061644248697296e-03	-4.321519960773983e-02	1220
-1.391180582477834e-02	3.340147253165750e-03	1221
1.000820746106015e+00	-5.412989676887470e-04	1222
9.897789487963956e-01	-3.537904648664429e-02	1223
9.981705672779900e-01	2.097653640352019e-02	1224
-1.658849231163905e-02	1.789270116717779e-02	1225
9.724703415848568e-01	4.711599321684815e-02	1226
1.001089672874746e+00	-8.248101070345073e-03	1227
9.966814024414262e-01	-2.586875284641434e-02	1228
-1.861258628712461e-02	-1.247260156710000e-02	1229
1.485359435293026e-02	-7.401602462252541e-02	1230
-5.535052884407745e-03	-4.936016380830986e-02	1231
3.300515462303369e-01	1.549555973544476e-01	1232
1.000805530066967e+00	5.639463292857727e-04	1233
-6.287672149178229e-03	3.956040920467391e-02	1234
-1.478720105880337e-02	2.335205621998835e-02	1235
-1.340039356649757e-03	-5.556848253718148e-02	1236
9.853928628584485e-01	-4.021886045058167e-02	1237
5.355698626002067e-01	-1.716251119674897e-01	1238
9.954349946585249e-01	2.524000853300498e-02	1239
3.153265524520590e-01	-1.702410462397750e-01	1240
9.554839146743141e-01	-6.408724301042056e-02	1241
9.439586971067930e-01	-7.119796690568810e-02	1242
6.333626248649937e-01	-1.618241661300516e-01	1243
9.178068326424288e-02	-1.225597509866330e-01	1244
1.698289459657050e-01	-1.479053980987894e-01	1245
-1.651204523875851e-02	-2.522819916322540e-02	1246
4.281994236345452e-01	-1.745601567898226e-01	1247
7.104731418519654e-02	-1.126373856655773e-01	1248
8.108407187569419e-02	-1.176685910320520e-01	1249
1.240563176882312e-01	1.166600495479200e-01	1250
9.879712808220424e-01	3.406055875746768e-02	1251
9.327005961965897e-01	7.046424405785966e-02	1252
-1.776762800861795e-02	1.149802219347396e-02	1253
-2.434519908235898e-03	4.501085585943258e-02	1254
9.804769779540106e-01	-4.499646104429793e-02	1255
1.000410850897748e+00	1.220952899979552e-03	1256
9.920552299018510e-01	2.968041119152422e-02	1257
-9.300780329704435e-03	-2.667212288878456e-04	1258
-1.793446933845476e-02	-1.930278741360375e-02	1259
9.991471753396723e-01	-2.135769025577736e-02	1260
7.513827238285290e-01	-1.403850924404967e-01	1261
5.047018446966711e-01	1.621307403654281e-01	1262
4.756017506298071e-01	1.614972264024605e-01	1263
1.000305279091897e+00	1.679082144085446e-02	1264
1.001102604628009e+00	1.571702143909074e-05	1265
1.000789023698956e+00	8.196633555856911e-03	1266
-1.410477873404797e-02	-3.970288771144646e-03	1267
1.000442848952408e+00	-1.211104746296316e-03	1268
2.094036393274782e-02	-7.967193246652020e-02	1269
-1.453382532893210e-02	-3.118587382008334e-02	1270
-1.205101867810796e-02	-3.712859984673662e-02	1271
5.623209057428517e-01	1.598484505773023e-01	1272
8.843128246010697e-03	-6.823797584776875e-02	1273
9.662732600368806e-01	5.140988175113451e-02	1274
9.595964766961492e-01	5.567307698342134e-02	1275
5.335287607500877e-01	1.611361245680894e-01	1276
2.992554558264727e-01	1.516432643665442e-01	1277
2.694675803801578e-01	1.474980260258756e-01	1278
7.258599227430780e-01	-1.459570112496675e-01	1279
-9.616904928377974e-03	3.412020319015932e-02	1280
-1.244583768704215e-02	2.876943716128340e-02	1281
3.205072781808223e-03	-6.158583029552739e-02	1282
8.762691753501121e-01	-1.023340473403835e-01	1283
8.977998245545629e-01	-9.384192657837651e-02	1284
6.150670538702247e-02	-1.074396428088013e-01	1285
9.176529740705507e-01	-8.496699441182641e-02	1286
9.314026859479902e-01	-7.818918115645232e-02	1287
9.750006239741271e-01	-4.979815242835518e-02	1288
1.001036572214281e+00	-1.698670448726814e-02	1289
4.611862441300561e-01	-1.741368664378652e-01	1290
9.624675519869954e-01	-5.936154021019614e-02	1291
9.689895368003830e-01	-5.458998384064650e-02	1292
1.440935241151670e-01	-1.407360078187398e-01	1293
9.935854047341584e-01	-3.062144762610632e-02	1294
7.726225123784908e-01	-1.352364664259613e-01	1295
7.964113048335046e-01	-1.289278338427752e-01	1296
1.089194818724136e-01	-1.290249047663824e-01	1297
1.258353365477513e-01	-1.348664558134866e-01	1298
5.684466881569421e-01	-1.691900668271249e-01	1299
2.802816114994293e-02	-8.581184311421189e-02	1300
3.616731410184502e-02	-9.190203545229536e-02	1301
4.431894709019775e-02	-9.698348678806819e-02	1302
5.247766776304730e-02	-1.020937867361257e-01	1303
3.469072370091275e-01	-1.724759725931485e-01	1304
3.791283442310562e-01	-1.738572931941081e-01	1305
4.035381560543708e-01	-1.744980938945894e-01	1306
1.968360959675033e-01	-1.540633460677911e-01	1307
2.250301650815878e-01	-1.595315409430989e-01	1308
9.833185390105057e-01	3.847492439858605e-02	1309
9.781619626815535e-01	4.279663007507292e-02	1310
4.425866886148063e-01	1.612454915383743e-01	1311
4.098855077879602e-01	1.602987239471205e-01	1312
4.079237877559166e-02	8.173849221401240e-02	1313
2.405973950239793e-01	1.436701088578127e-01	1314
1.076159376892027e-01	1.118247077293640e-01	1315
8.178591442478338e-01	1.149842989018720e-01	1316
9.149308146642607e-01	7.879581152862536e-02	1317
8.954359703784114e-01	8.713697047792292e-02	1318
8.742406044345021e-01	9.532856988337135e-02	1319
8.545068571765306e-01	1.031515060507106e-01	1320
8.366393721178906e-01	1.091291701290037e-01	1321
7.949394044376840e-01	1.215434841080241e-01	1322
7.676436818077548e-01	1.287246660305465e-01	1323
7.390948711754202e-01	1.353805025886375e-01	1324
7.094712520078784e-01	1.414264588035171e-01	1325
6.788688775941516e-01	1.467909845709900e-01	1326
6.474738860917497e-01	1.513949953831907e-01	1327
6.154782359772607e-01	1.552069841873330e-01	1328
5.871073963535886e-01	1.580018871740556e-01	1329
2.123476689677913e-01	1.384918769351573e-01	1330
1.856298705713549e-01	1.330071986943849e-01	1331
1.661882435669567e-01	1.285028479499406e-01	1332
1.535410199817732e-01	1.252770378859273e-01	1333
1.413090527499304e-01	1.218622991922993e-01	1334
3.255604299393846e-02	7.660606198585487e-02	1335
2.529806816444306e-02	7.134306304830995e-02	1336
8.194757454170682e-01	-1.223554061160824e-01	1337
8.412499239953828e-01	-1.145983124919805e-01	1338
8.592259909038901e-01	-1.086261528753722e-01	1339
4.860448833283027e-01	-1.732886795425465e-01	1340
5.068286059359081e-01	-1.734048592389898e-01	1341
1.901773400464838e-02	6.646604286081004e-02	1342
1.280626429988485e-02	6.151344931085872e-02	1343
6.897474384416052e-03	5.574239408906243e-02	1344
2.071094897053349e-03	5.046791244196933e-02	1345
9.620737598906079e-02	1.079001005980150e-01	1346
8.559360128574009e-02	1.037130309456087e-01	1347
7.561180673090347e-02	9.939188324362266e-02	1348
6.610880550129702e-02	9.492330472903521e-02	1349
5.711305738989166e-02	9.032536568431565e-02	1350
4.894115369128023e-02	8.599048855087185e-02	1351
3.776389133506414e-01	1.585462158179643e-01	1352
3.537005009857964e-01	1.570886855663637e-01	1353
9.524928296838716e-01	5.991029759362226e-02	1354
9.449284935923575e-01	6.412223867020568e-02	1355
6.012434821391508e-01	-1.658738757105683e-01	1356
6.649109986998388e-01	-1.571517970855950e-01	1357
6.958055034955264e-01	-1.518486421306763e-01	1358
2.546389670094032e-01	-1.636411752840837e-01	1359
2.843764967891543e-01	-1.672696095191060e-01	1360
1.001293357110479e+00	1.417851878291151e-02	1361
1.000499047412519e+00	-2.478502810485399e-03	1362
1.000278101608493e+00	-3.364694282011977e-03	1363
1.000699734675691e+00	6.709606749731107e-03	1364
3.701049082440729e-02	-1.084136106631367e-01	1365
1.001515930469240e+00	2.003131090029479e-02	1366
1.001098581455578e+00	3.668311128350872e-04	1367
1.001622587086968e+00	-9.871799708261032e-03	1368
-1.662405958126841e-02	-4.314986645489589e-02	1369
-6.036412822380826e-03	-6.377159600528527e-02	1370
1.000933532297016e+00	-6.745408862248658e-03	1371
1.001890742034617e+00	-1.428692298757006e-02	1372
-1.372313116271308e-02	4.014925517651675e-02	1373
-2.220115114702410e-02	1.543297516474836e-02	1374
-2.336393362215650e-02	-1.646359152234972e-02	1375
9.863493735830580e-01	4.724628559810076e-02	1376
7.678947617766533e-01	-1.613786684995633e-01	1377
3.403765753562757e-01	1.821989565317235e-01	1378
1.001242431746722e+00	9.820019933944144e-03	1379
9.314858848487764e-01	-9.559040945379957e-02	1380
4.627872789535315e-03	-7.853161554045067e-02	1381
4.245674625221561e-02	9.788975193282405e-02	1382
-1.041126040391679e-02	4.631953719090807e-02	1383
-1.370274092094827e-02	-4.993854060475355e-02	1384
4.159349167247262e-01	-2.018300795449679e-01	1385
9.656776583596969e-01	-7.173553581193531e-02	1386
6.533488129392278e-01	-1.860645783251799e-01	1387
5.543417947275086e-01	-1.980690221639542e-01	1388
9.930921960828819e-01	-4.293083598676775e-02	1389
9.967202020556125e-01	-3.715389699572422e-02	1390
1.044620436205887e-02	-8.471446421171550e-02	1391
1.678229604272314e-02	-9.143033595178106e-02	1392
1.000803548111386e+00	1.008433360247025e-03	1393
9.981895500655127e-01	3.079022968001761e-02	1394
1.000816033223741e+00	2.563980871457074e-02	1395
9.754063375327988e-01	5.794277960214736e-02	1396
2.818143725962522e-01	1.744977424310267e-01	1397
5.772523311034147e-01	1.861028593711572e-01	1398
7.160192108086049e-01	-1.740831264944148e-01	1399
5.880061387963295e-02	-1.233902000729585e-01	1400
1.000180204659045e+00	3.350432939098477e-03	1401
1.000428545912174e+00	2.480277784922475e-03	1402
-1.306479857546432e-02	1.399626506056564e-04	1403
9.888173972425515e-01	-4.881809531602040e-02	1404
9.811628594359787e-01	5.259547806560249e-02	1405
1.001108693575115e+00	-3.355624971994726e-04	1406
9.997094084306860e-01	-3.131667545257762e-02	1407
-2.092403579098472e-02	2.216413876441375e-02	1408
-1.015993156264497e-02	-5.696602431986354e-02	1409
5.231634147604527e-01	-2.002573285358144e-01	1410
-2.260636471773289e-02	-2.361237124203811e-02	1411
6.869136447959982e-02	-1.294642202074631e-01	1412
7.923920681013631e-02	-1.353825602540990e-01	1413
9.948675887230741e-01	3.632121926913736e-02	1414
-1.865990863189075e-02	5.774545116682687e-03	1415
9.839049905056952e-01	-5.458940750018066e-02	1416
1.002028702228615e+00	-2.593603388417126e-02	1417
7.441589721575430e-01	-1.675396471950921e-01	1418
-1.908172454186638e-02	-6.464003072590962e-03	1419
1.000831394072285e+00	-9.868609931692461e-04	1420
4.946312870344337e-02	-1.171533070082776e-01	1421
-2.116574806043012e-02	-3.011853921592824e-02	1422
-1.917284459723614e-02	-3.663476203234743e-02	1423
5.208421227634007e-01	1.890431285664307e-01	1424
-1.228288347244066e-03	-7.095184696347107e-02	1425
9.691040100883036e-01	6.323869511167610e-02	1426
5.498393752158556e-01	1.877790824980985e-01	1427
3.128815362488446e-01	1.790054026826636e-01	1428
6.043945288434381e-01	1.834732742131706e-01	1429
-1.665784950873492e-02	3.420670439774635e-02	1430
-1.905825350813548e-02	2.821274984268103e-02	1431
8.939276707477867e-01	-1.151440970068676e-01	1432
9.147580917345716e-01	-1.048379792550862e-01	1433
9.447382182798910e-01	-8.730621146289658e-02	1434
9.566245130645130e-01	-7.890762096723231e-02	1435
1.002425186240329e+00	-2.020748226280732e-02	1436
4.452520390093936e-01	-2.018631401166842e-01	1437
9.723345171238463e-01	-6.613612091750770e-02	1438
9.784021442322622e-01	-6.038200702934365e-02	1439
3.907387529021766e-01	-2.012032966584915e-01	1440
8.377936744143537e-01	-1.387099663357830e-01	1441
8.568434972531173e-01	-1.310675452891157e-01	1442
7.907235478359510e-01	-1.547601154697585e-01	1443
9.381158566269582e-02	-1.423570601172189e-01	1444
1.110882973646050e-01	-1.493496704276573e-01	1445
1.287395592095473e-01	-1.562848412209068e-01	1446
2.446944286998103e-02	-9.878275393859652e-02	1447
3.292991897013302e-01	-1.973743935360082e-01	1448
3.619631144953968e-01	-1.997923151224651e-01	1449
1.511158376700636e-01	-1.641195077201921e-01	1450
1.781985166225544e-01	-1.722287709976445e-01	1451
6.850748540123712e-01	-1.804402413943922e-01	1452
9.909257043186864e-01	4.175221974554532e-02	1453
4.903900213777109e-01	1.892079201022553e-01	1454
4.599215865992212e-01	1.886781977052392e-01	1455
1.105668429500422e-01	1.319752344544256e-01	1456
9.302003995297394e-01	8.898256183341656e-02	1457
9.115528899180081e-01	9.892671087058268e-02	1458
8.332803182200520e-01	1.328031974071406e-01	1459
8.910739942421186e-01	1.087188792380144e-01	1460
8.712014797314818e-01	1.177682591338082e-01	1461
8.517589272402838e-01	1.259765188969357e-01	1462
8.121570318104522e-01	1.399568000563414e-01	1463
7.868264396497742e-01	1.477889631076083e-01	1464
7.585701525513469e-01	1.556728768801718e-01	1465
7.291175764196045e-01	1.628794147713178e-01	1466
6.985954880705685e-01	1.693410443875534e-01	1467
6.671455971625437e-01	1.749836930189853e-01	1468
6.349865654688230e-01	1.797396029320330e-01	1469
2.525666705663758e-01	1.698847642279386e-01	1470
2.228846384250753e-01	1.644113437384279e-01	1471
1.949401567208634e-01	1.579457279625758e-01	1472
1.712768668052431e-01	1.518019853541835e-01	1473
1.488204383959129e-01	1.438534973908917e-01	1474
1.272829039776354e-01	1.377791265007962e-01	1475
2.986440144642675e-02	8.968422239443137e-02	1476
2.195201960688482e-02	8.323999826519352e-02	1477
8.143233605248813e-01	-1.473314706663938e-01	1478
8.746706599944736e-01	-1.237984472906341e-01	1479
4.747505863064844e-01	-2.013560600000596e-01	1480
4.964576217127087e-01	-2.010993513508014e-01	1481
1.536953148101499e-02	7.730823616519371e-02	1482
9.313973950836515e-03	7.187295360349696e-02	1483
3.140537267065417e-03	6.517266366889470e-02	1484
-2.008274460506661e-03	5.876475739164136e-02	1485
-6.483156077407263e-03	5.266317484570620e-02	1486
9.607115754687498e-02	1.266189724837831e-01	1487
8.460816569839318e-02	1.215494744673788e-01	1488
7.409168682089995e-02	1.163389543251602e-01	1489
6.420813467526711e-02	1.109914164308411e-01	1490
5.484257634431077e-02	1.054746308707695e-01	1491
4.265432500701237e-01	1.879119437254249e-01	1492
3.934034810955685e-01	1.862608815493302e-01	1493
3.649177078553392e-01	1.843534548165561e-01	1494
9.585871329873583e-01	7.079121406870853e-02	1495
9.452770920347386e-01	8.006416838205388e-02	1496
5.879163578580705e-01	-1.950248777355032e-01	1497
6.210050343521241e-01	-1.909408675038922e-01	1498
2.063312681097755e-01	-1.792949482044369e-01	1499
2.363608602128024e-01	-1.852884233865283e-01	1500
2.664159562989852e-01	-1.898866787179614e-01	1501
2.973800478106688e-01	-1.940391309233736e-01	1502
1.000834688207020e+00	3.066577835832245e-03	1503
1.000326872531854e+00	-5.146011341932092e-03	1504
9.996020409337463e-01	-5.737157024150356e-03	1505
1.000311290326409e+00	1.156648838190693e-02	1506
-2.594531966056895e-02	2.683773077228063e-02	1507
1.000163800571654e+00	5.110833878894408e-03	1508
-2.170603367496226e-02	4.017933685625075e-02	1509
9.769705735275851e-01	-7.851402920337310e-02	1510
1.001181333499011e+00	-7.429581467983515e-04	1511
1.003564330185306e+00	-1.631370610011356e-02	1512
1.005179194446410e+00	-1.710316905104237e-02	1513
9.934185396236925e-01	-5.782351854010897e-02	1514
1.000788578839723e+00	1.451166570196504e-03	1515
9.905664238769042e-01	5.648463572019791e-02	1516
2.637807794753022e-01	1.993796446075564e-01	1517
1.002506523329100e+00	-8.683287488709059e-03	1518
1.002054815210975e+00	-7.390659129809007e-03	1519
-1.182244060491290e-02	-7.276156590424250e-02	1520
1.001159134482513e+00	7.754381416120892e-04	1521
-1.556568420158610e-02	5.366766251276289e-02	1522
1.323226409123987e-01	-1.810114361021422e-01	1523
3.422585410523380e-02	-1.252041143832354e-01	1524
9.468407548629263e-01	-1.053927667291148e-01	1525
7.868985230919663e-01	-1.835521335627563e-01	1526
1.000770589609911e+00	-1.168424198248715e-02	1527
1.001781487302547e+00	7.390632653291858e-03	1528
1.002171964132277e+00	8.685414969699802e-03	1529
1.000829436937574e+00	-1.431839793541618e-03	1530
-2.218035492211813e-02	-4.954806613002225e-02	1531
5.660539330689422e-01	2.173916433019081e-01	1532
6.746863774700446e-01	-2.124648823412823e-01	1533
4.307384379671795e-01	-2.323981600835069e-01	1534
5.942754480653916e-01	2.149529412814042e-01	1535
9.458666589423145e-01	9.870980613730222e-02	1536
9.094071050605852e-01	1.217431407171931e-01	1537
3.242621947220743e-01	2.093721885725018e-01	1538
2.804290375732194e-02	1.056396153005950e-01	1539
5.110126053797001e-01	-2.316403288369885e-01	1540
-1.880818529441103e-02	4.664003421363063e-02	1541
1.002723849385172e+00	2.984109417765316e-02	1542
5.411995499672567e-01	-2.300375946723229e-01	1543
9.994248732101022e-01	5.668520118316258e-03	1544
1.002853538004951e+00	1.625550456067274e-02	1545
1.004416394977347e+00	1.711209444038994e-02	1546
1.000928213299448e+00	-3.056834789930504e-03	1547
-2.725350617374982e-02	1.969134500914565e-02	1548
3.509789379075013e-01	2.125853003532464e-01	1549
1.001469988880320e+00	1.956929727371422e-04	1550
1.001475260289523e+00	-1.533124199920582e-04	1551
-6.786919557543479e-03	-8.118732015542540e-02	1552
-1.592662408897098e-02	-6.506340879881449e-02	1553
4.027091243417920e-01	-2.317808829597518e-01	1554
9.975684440062584e-01	-5.077623925080221e-02	1555
1.000776643383392e+00	-4.381040346992315e-02	1556
-1.006969498820319e-03	-8.956216533877163e-02	1557
4.662128992421296e-03	-9.636728723171570e-02	1558
1.000821610953867e+00	2.081778489078033e-03	1559
9.950520787889825e-01	4.980148854443792e-02	1560
9.855125495227286e-01	6.302467021559077e-02	1561
2.943177565940638e-01	2.047835756217271e-01	1562
7.066604488878898e-01	-2.056425275433088e-01	1563
4.990419522800135e-02	-1.371191451195597e-01	1564
1.003747943141639e+00	-3.714557274078158e-02	1565
-1.938276525624716e-02	-5.717126004319768e-02	1566
-2.875126485283965e-02	-2.071027701848504e-02	1567
6.526137812271401e-02	-1.475580458627099e-01	1568
7.806172886235595e-02	-1.559869866066024e-01	1569
1.001946713638678e+00	3.677169295975682e-02	1570
-2.319452116453772e-02	9.465087538906292e-03	1571
-1.720558173573985e-02	-2.134566311230638e-03	1572
1.004162795361450e+00	-3.007901700529136e-02	1573
7.367311324058453e-01	-1.982666143124703e-01	1574
7.631230752299957e-01	-1.909635474323035e-01	1575
-1.893162759401033e-02	-2.855648894556398e-04	1576
-2.390630632174620e-02	-1.021290514925869e-02	1577
1.000882359149165e+00	-2.064999426672629e-03	1578
-2.798205856257859e-02	-2.826007707120924e-02	1579
-2.667796325568102e-02	-3.539792416209032e-02	1580
-2.466090388513211e-02	-4.255357487330217e-02	1581
5.374466004470106e-01	2.188889534388915e-01	1582
9.797877247100240e-01	6.954588372802918e-02	1583
-2.417134479306364e-02	3.353343713140886e-02	1584
9.130907100302686e-01	-1.274153026227789e-01	1585
9.318427917087352e-01	-1.158543517772311e-01	1586
9.593348820976705e-01	-9.539658780302478e-02	1587
9.696181647266141e-01	-8.607541974649070e-02	1588
9.832414393077998e-01	-7.167091788260073e-02	1589
9.886755133165104e-01	-6.474539776881562e-02	1590
8.561588703983994e-01	-1.564609750329405e-01	1591
8.346990185916112e-01	-1.659393177116395e-01	1592
9.461630541709388e-02	-1.645019292631422e-01	1593
1.120096948711628e-01	-1.722160162274209e-01	1594
1.150074841200155e-02	-1.044644315646360e-01	1595
2.189499759598784e-02	-1.148245788964241e-01	1596
3.435203019901211e-01	-2.278456205082556e-01	1597
3.749858302616249e-01	-2.303524517781947e-01	1598
1.576154967716919e-01	-1.906060996287403e-01	1599
9.986142384143301e-01	4.315042732540921e-02	1600
5.066665127545938e-01	2.196764433047818e-01	1601
4.756130546594207e-01	2.194177293235751e-01	1602
9.290497061115824e-01	1.100043506829512e-01	1603
8.894738129693870e-01	1.326421317494335e-01	1604
8.697839488507343e-01	1.426647536548334e-01	1605
8.502849402238459e-01	1.515563442600676e-01	1606
8.301810951643268e-01	1.596810072357028e-01	1607
8.066283018066918e-01	1.683176510365144e-01	1608
7.794891302590677e-01	1.773155087836128e-01	1609
7.501570079155285e-01	1.859412728547734e-01	1610
7.196541103813026e-01	1.937386072515597e-01	1611
6.881022347815551e-01	2.006261330497538e-01	1612
6.556909504008391e-01	2.065364325271206e-01	1613
6.237717982690481e-01	2.113459128229699e-01	1614
2.336327658930920e-01	1.935368893654393e-01	1615
1.527457296565468e-01	1.698110191371049e-01	1616
1.321114565048737e-01	1.619539264320995e-01	1617
2.037626257008262e-01	1.862284434806331e-01	1618
1.774001512618394e-01	1.786333887941379e-01	1619
1.120990847594272e-01	1.545364226886519e-01	1620
1.747879479382208e-02	9.646590766411767e-02	1621
8.104083301224159e-01	-1.754322752964859e-01	1622
8.742685284573837e-01	-1.479500831674553e-01	1623
8.930190332369848e-01	-1.385631684175488e-01	1624
4.607375991636615e-01	-2.323609204680511e-01	1625
4.861462995948532e-01	-2.321139898466859e-01	1626
1.035304827423241e-02	8.919446613862822e-02	1627
4.417282116765306e-03	8.307260028408511e-02	1628
-1.726615192660243e-03	7.553966818826856e-02	1629
-7.164726372419971e-03	6.791366764679994e-02	1630
-1.166984428045891e-02	6.090035562157078e-02	1631
9.629372602034945e-02	1.481026321710245e-01	1632
8.269502139091946e-02	1.411864248659541e-01	1633
7.149135606812596e-02	1.346300191334854e-01	1634
6.108803344387624e-02	1.283888039583582e-01	1635
5.118505272958079e-02	1.221862093036683e-01	1636
4.042561470729095e-02	1.147230080374057e-01	1637
4.436740718087227e-01	2.186390050891172e-01	1638
4.096533013584801e-01	2.171666345096319e-01	1639
3.782212929013283e-01	2.150322779517788e-01	1640
9.714457025421832e-01	7.762697686538612e-02	1641
9.601852317058672e-01	8.754663336078158e-02	1642
5.742342730059045e-01	-2.273758668659090e-01	1643
6.085304374272232e-01	-2.234186997030449e-01	1644
6.419892285205445e-01	-2.183923686893758e-01	1645
1.859532268692085e-01	-1.997906895371226e-01	1646
2.160317098785677e-01	-2.078009558815860e-01	1647
2.471470955367841e-01	-2.142876130659927e-01	1648
2.781212857454743e-01	-2.195008321761484e-01	1649
3.103498592177582e-01	-2.241808999324281e-01	1650
-3.305272051586881e-02	2.425970388737859e-02	1651
1.000463581734823e+00	-4.332461904517222e-03	1652
1.006203591196332e+00	3.374902671107579e-02	1653
-3.118030879360925e-02	-4.881257727720290e-02	1654
1.003558649304542e+00	1.410775853094081e-02	1655
1.000113283752384e+00	5.803248781667450e-02	1656
3.626765099751715e-01	2.466350235079487e-01	1657
8.562822524675899e-01	-1.853021174000601e-01	1658
-1.884668425762959e-02	-8.258087857814503e-02	1659
1.001248400755567e+00	1.744023118894980e-03	1660
9.631259523646992e-01	1.063598169384279e-01	1661
1.000329237901079e+00	4.313125755714248e-03	1662
-2.326753682426167e-02	3.515756070901509e-03	1663
1.003124709148756e+00	-1.006928706262625e-02	1664
1.000966268849979e+00	-3.973361496591295e-03	1665
8.328604685546028e-01	-1.964897374398949e-01	1666
-2.830097596252494e-02	1.319929758367425e-02	1667
1.001064464307762e+00	-2.617864637224900e-03	1668
1.001756078960428e+00	6.232982215000318e-03	1669
-2.888540341836633e-02	-5.630490037807773e-02	1670
8.083098365407978e-01	-2.068314719054103e-01	1671
4.459720760836958e-01	-2.665455573045489e-01	1672
9.893888881183609e-01	-8.368689583247110e-02	1673
1.357513141777263e-01	-2.092400165149270e-01	1674
4.161322079858154e-01	-2.659680445703714e-01	1675
9.960949311984026e-01	6.597169241662998e-02	1676
9.476321730972896e-01	1.199677530450339e-01	1677
5.542659339091081e-01	2.520954098878795e-01	1678
2.438071558233033e-01	2.261552085392692e-01	1679
9.500580213233104e-01	-1.259508556988260e-01	1680
-2.194027540099140e-02	6.154876363449008e-02	1681
2.125432261050851e-01	2.181715899100350e-01	1682
5.837218410659891e-01	2.500193695588221e-01	1683
1.000839885278285e+00	3.975065683164348e-03	1684
1.002721471669865e+00	1.008044900312745e-02	1685
1.001979690123493e+00	-6.221301540957407e-03	1686
1.004164631401214e+00	-1.410607705581417e-02	1687
1.004944103138153e+00	-2.326865592160797e-02	1688
1.000984404327397e+00	2.635917167733170e-03	1689
1.002271140061106e+00	1.189559781706718e-02	1690
1.001193638727206e+00	1.231107474892855e-03	1691
1.003353422168899e+00	-7.662890636362363e-03	1692
1.001300861598181e+00	-1.712210179166124e-03	1693
-2.293911145728633e-02	-7.368544084143790e-02	1694
1.001476353504800e+00	5.720395966046069e-04	1695
1.001493059555471e+00	-5.297018938545884e-04	1696
1.001884700677502e+00	2.757430039249924e-05	1697
1.001229713344817e+00	-1.198844068249557e-03	1698
9.294771717763716e-01	1.337085297903050e-01	1699
3.347317027081493e-01	2.431941973162030e-01	1700
-2.504158317689999e-02	5.357615842673723e-02	1701
-2.778119600240144e-02	4.657236783724943e-02	1702
5.282036396089459e-01	-2.653301409363271e-01	1703
1.004905970275544e+00	2.633612954109360e-02	1704
1.003867197880229e+00	2.317248917162641e-02	1705
1.002758635255929e+00	-1.192628131488026e-02	1706
1.003055767623163e+00	7.712716094457903e-03	1707
-2.628441159252880e-02	-6.484912556724730e-02	1708
1.002961766004262e+00	-5.876503611135887e-02	1709
1.005850661340698e+00	-5.042473020163325e-02	1710
-1.379538242639473e-02	-9.207656290194470e-02	1711
-5.234182086588674e-03	-1.051014728781331e-01	1712
1.744776890951460e-02	-1.323385886130217e-01	1713
3.055304539488665e-01	2.385182933943173e-01	1714
2.746586420677128e-01	2.325880407082474e-01	1715
6.978056740002894e-01	-2.410222790360760e-01	1716
1.006756006127484e+00	-4.251081010244390e-02	1717
3.136499909284183e-02	-1.448542569787490e-01	1718
4.673298123226523e-02	-1.578426919280228e-01	1719
6.029380859361012e-02	-1.686031050171811e-01	1720
-2.930983524535554e-02	-1.392641234831491e-02	1721
1.007836165181748e+00	-3.384270324346930e-02	1722
1.006152830351731e+00	-2.641185797571892e-02	1723
7.295705340194533e-01	-2.328768461988001e-01	1724
7.584254983573160e-01	-2.244137915284985e-01	1725
7.841519552682797e-01	-2.158692686205931e-01	1726
-2.403590544180166e-02	-4.881572913436470e-03	1727
-3.489930317641773e-02	-2.520330677367147e-02	1728
-3.427843295442216e-02	-3.312931497470791e-02	1729
-3.301042097935896e-02	-4.107032708231097e-02	1730
9.913221559797584e-01	7.390115043676515e-02	1731
-3.009169392843936e-02	3.930547778428136e-02	1732
-3.187895399986205e-02	3.180698355497528e-02	1733
9.332736179241135e-01	-1.390309463410788e-01	1734
9.637042697081061e-01	-1.136890754606429e-01	1735
9.747766460381568e-01	-1.021511187284610e-01	1736
9.832418570596240e-01	-9.202554899603310e-02	1737
9.948864734996615e-01	-7.529115279304242e-02	1738
9.993125554333927e-01	-6.702228445049474e-02	1739
7.621925377350842e-02	-1.793590963745269e-01	1740
9.384146002296971e-02	-1.891007424509122e-01	1741
1.124879050327359e-01	-1.982625909404933e-01	1742
6.167595551787662e-03	-1.199798210910416e-01	1743
3.567119005835818e-01	-2.619602008888895e-01	1744
3.872374263230093e-01	-2.645203634169271e-01	1745
1.004670729656602e+00	4.224465727132655e-02	1746
1.003386406581159e+00	4.996927642126457e-02	1747
5.238155058123949e-01	2.533175797562606e-01	1748
4.918432489083546e-01	2.535630003289570e-01	1749
9.098136873993706e-01	1.469946205503160e-01	1750
8.901196756428283e-01	1.591549838198246e-01	1751
8.701888832278242e-01	1.703066596892485e-01	1752
8.498393921251605e-01	1.803647057620850e-01	1753
8.275981810861183e-01	1.901406763979678e-01	1754
8.018310364719747e-01	2.003254441622750e-01	1755
7.730655982063819e-01	2.104777706430767e-01	1756
7.425018867634312e-01	2.199134321162865e-01	1757
7.107580072433389e-01	2.283374178891969e-01	1758
6.780096130273747e-01	2.356669829932316e-01	1759
6.451059486728038e-01	2.417764236013874e-01	1760
6.136473046661292e-01	2.465669515856163e-01	1761
1.338329738158147e-01	1.891466461224536e-01	1762
1.834748354359063e-01	2.091492692561636e-01	1763
1.566739405036901e-01	1.990557757935479e-01	1764
1.139978862868375e-01	1.802464245258704e-01	1765
1.286147379684748e-02	1.120824772559380e-01	1766
8.760328126920598e-01	-1.748944484018669e-01	1767
8.944077601296129e-01	-1.644955943321172e-01	1768
9.139450449652804e-01	-1.523903295866723e-01	1769
4.739690514766782e-01	-2.666005666957066e-01	1770
4.994364139126046e-01	-2.663725876471144e-01	1771
3.970059722755486e-03	1.023013945133486e-01	1772
-1.848877927067100e-03	9.480459059307962e-02	1773
-8.026112532179112e-03	8.667273778413070e-02	1774
-1.354597628113044e-02	7.796052325207410e-02	1775
-1.810295776070041e-02	6.974817429383481e-02	1776
9.556485980375139e-02	1.723396090062883e-01	1777
7.968611306120897e-02	1.637847951238512e-01	1778
6.207276344994210e-02	1.508457183052250e-01	1779
4.677473983833109e-02	1.400524388881481e-01	1780
3.577801065352017e-02	1.326140701514077e-01	1781
2.435318535552575e-02	1.231910809226007e-01	1782
4.599222687019633e-01	2.529163741633055e-01	1783
4.264304078909030e-01	2.515660409358933e-01	1784
3.928479692635025e-01	2.493885654933129e-01	1785
9.846403179644257e-01	8.293808937913373e-02	1786
9.754947635377001e-01	9.370701917593360e-02	1787
5.607958036414338e-01	-2.631106512324141e-01	1788
5.956560544189357e-01	-2.595676097352145e-01	1789
6.306375902043653e-01	-2.545073016693301e-01	1790
6.646185373469640e-01	-2.482989841778107e-01	1791
1.632638457511853e-01	-2.205371558085364e-01	1792
1.934957955382798e-01	-2.309821921609957e-01	1793
2.253794401202995e-01	-2.398977016212168e-01	1794
2.574722612459575e-01	-2.468355106409251e-01	1795
2.896800847360125e-01	-2.528495209823131e-01	1796
3.234134371124825e-01	-2.580517740420701e-01	1797
1.003940984352682e+00	-8.910543887268441e-03	1798
1.009376551873248e+00	-3.057603782398381e-02	1799
1.006715347499689e+00	6.636877066817992e-02	1800
-3.407679240053475e-02	1.710723657766495e-02	1801
-2.886494553602630e-02	6.464139578118787e-03	1802
1.009878757545509e+00	-6.679804679948546e-02	1803
6.894341865170410e-01	-2.806476454726847e-01	1804
8.576508954024721e-01	-2.178210901914464e-01	1805
3.453051798809444e-01	2.809957225247023e-01	1806
1.006747725566998e+00	3.897088285814949e-02	1807
1.003031713737126e+00	-6.742773109794055e-03	1808
1.000772844575244e+00	5.466244053726811e-03	1809
1.000955977594681e+00	-5.483136809118169e-03	1810
1.001592404265946e+00	-9.507742236984348e-04	1811
-6.476627305630044e-04	-1.372797365157787e-01	1812
1.003582953790367e+00	8.970720202995962e-03	1813
1.001901264464338e+00	-3.214637346312212e-04	1814
9.511116523950830e-01	1.438777286474089e-01	1815
1.004344426083837e+00	1.217324450725497e-02	1816
1.007217351159667e+00	2.383157586323199e-02	1817
1.004727913243065e+00	2.009405967283485e-02	1818
1.001562430394133e+00	9.950119206467000e-04	1819
9.547390195343176e-01	-1.492106165396369e-01	1820
8.795374730021925e-01	-2.051531987494572e-01	1821
-3.538663336264350e-02	-1.774720062512721e-02	1822
-3.131199439991641e-02	-8.285863258150164e-02	1823
6.787072507881282e-03	1.295338932411203e-01	1824
1.894036618102308e-01	2.437144143005379e-01	1825
1.005645673456470e+00	-2.010596268055100e-02	1826
9.810483900382816e-01	1.116778015152935e-01	1827
8.329777268698427e-01	-2.305509832856469e-01	1828
1.123990092929046e-01	-2.279163996059756e-01	1829
1.008654170081899e+00	-3.909806773828773e-02	1830
-2.735553259041546e-02	-9.311142015335856e-02	1831
4.736683595980625e-01	-3.041379701460682e-01	1832
1.007813982096783e+00	5.646697506123319e-02	1833
5.723828027637434e-01	2.889526736785556e-01	1834
1.002322054977652e+00	-8.620746412818550e-02	1835
5.474110176564237e-01	-3.026022296069757e-01	1836
-2.967711837821321e-02	6.996131631320633e-02	1837
1.344582620260438e-01	2.199406722395961e-01	1838
1.383741380620206e-01	-2.412230274991054e-01	1839
4.305090016013572e-01	-3.041461701913928e-01	1840
3.755431209597213e-01	2.847623474977947e-01	1841
-3.890401811348877e-02	-5.527761448181241e-02	1842
-3.691006051488717e-02	-6.337617778424623e-02	1843
1.001361830371518e+00	2.256423410041786e-03	1844
-2.747989212247869e-02	-4.309615197214045e-04	1845
9.676832774614685e-01	1.274660545132065e-01	1846
2.208917522251901e-01	2.540529561475398e-01	1847
1.001431685845827e+00	-2.223718511721763e-03	1848
1.004858455695222e+00	-1.211288732067988e-02	1849
-3.454358383267685e-02	-7.297357433562511e-02	1850
1.001670004183928e+00	1.440359351702174e-03	1851
1.002776080414205e+00	6.789554075697109e-03	1852
1.001890227065511e+00	3.768156179566293e-04	1853
1.001714531693696e+00	-1.394030415065769e-03	1854
-3.260058209430444e-02	6.091537993963437e-02	1855
-3.506979030207909e-02	5.325883101381550e-02	1856
1.007905060685917e+00	3.060837057188858e-02	1857
1.010538649377280e+00	-5.674282355976996e-02	1858
9.162511509196121e-02	-2.166136763075723e-01	1859
3.155534076556238e-01	2.760793891781709e-01	1860
2.845965861339606e-01	2.697395764131243e-01	1861
2.532534306176492e-01	2.625816890539431e-01	1862
1.188941867938502e-02	-1.522133693657676e-01	1863
2.615332281291580e-02	-1.662341161236232e-01	1864
4.008373569812059e-02	-1.797759260688439e-01	1865
1.014678525332955e+00	-4.743959493932622e-02	1866
1.008336667731624e+00	-2.376268541174895e-02	1867
7.229276659216987e-01	-2.717544439308808e-01	1868
7.541052496444468e-01	-2.621424940866933e-01	1869
7.821974219158362e-01	-2.522449739914931e-01	1870
8.079006753355265e-01	-2.419427498757787e-01	1871
-2.957237102199299e-02	-7.415705442441733e-03	1872
-4.047984685106287e-02	-4.693724819852048e-02	1873
-4.199801236396746e-02	-2.978827830052953e-02	1874
-4.153150145881503e-02	-3.838547305397559e-02	1875
1.002888475149500e+00	7.547799017433002e-02	1876
-3.715442239599397e-02	4.535400662058170e-02	1877
-3.875412905977541e-02	3.721675425643887e-02	1878
-3.980249139553957e-02	2.899003884607737e-02	1879
9.696935107044782e-01	-1.340794389435166e-01	1880
9.816341530171508e-01	-1.198411621926934e-01	1881
9.907726336546131e-01	-1.069602145115433e-01	1882
9.973469155168615e-01	-9.603322181401125e-02	1883
1.006440703445817e+00	-7.619789756433459e-02	1884
5.523628552171975e-02	-1.928140993723770e-01	1885
7.298746173663380e-02	-2.055126485885574e-01	1886
-2.089492165199634e-02	-1.059441964489849e-01	1887
-1.194619088531839e-02	-1.217986113077262e-01	1888
3.689797201565847e-01	-3.000984383295834e-01	1889
3.999453091087763e-01	-3.027168783902330e-01	1890
1.012403445097208e+00	4.752359852656736e-02	1891
5.414058260076788e-01	2.906076693857276e-01	1892
5.090999021017004e-01	2.913898862206372e-01	1893
9.324437025570924e-01	1.598819533790025e-01	1894
9.129563635829697e-01	1.747778778387686e-01	1895
8.930473717691705e-01	1.884831227374442e-01	1896
8.723857231811775e-01	2.011069722292694e-01	1897
8.504990067553266e-01	2.128396322010823e-01	1898
8.259708510987787e-01	2.245144315851582e-01	1899
7.981221152734489e-01	2.363203422860179e-01	1900
7.677024107301348e-01	2.476805054474398e-01	1901
7.356724046355499e-01	2.580156428872618e-01	1902
7.024666593768253e-01	2.671141794891543e-01	1903
6.686615540878343e-01	2.748477325669690e-01	1904
6.355306475943816e-01	2.810949440934761e-01	1905
6.036457747031374e-01	2.858326801227928e-01	1906
1.601301378109978e-01	2.320417324808989e-01	1907
1.132227243846209e-01	2.089365417497483e-01	1908
9.466275402094526e-02	1.998251343071696e-01	1909
9.369093223355905e-01	-1.648288809704390e-01	1910
8.985690801144743e-01	-1.930444765412187e-01	1911
9.175472627444895e-01	-1.798391827206853e-01	1912
5.154773469279329e-01	-3.043426417168431e-01	1913
-3.190305340004680e-03	1.174547083737520e-01	1914
-1.017967224086664e-02	1.070795792973431e-01	1915
-1.565247854271640e-02	9.861260028573814e-02	1916
-2.141190150707309e-02	8.881037756214578e-02	1917
-2.590260055931208e-02	7.922846506759106e-02	1918
7.611377370251138e-02	1.894216284164324e-01	1919
4.237775740632601e-02	1.622601305097793e-01	1920
3.014928847831286e-02	1.523457206064127e-01	1921
5.765649236179909e-02	1.755175782307228e-01	1922
1.815646345869518e-02	1.419768110852497e-01	1923
4.761917968438081e-01	2.910806593043015e-01	1924
4.428575863657799e-01	2.898631204936642e-01	1925
4.084636632424991e-01	2.877443545912491e-01	1926
9.979710494467623e-01	8.584182923602385e-02	1927
9.909829559836654e-01	9.767409056111608e-02	1928
5.824510220851103e-01	-2.996671830555739e-01	1929
6.189542785501109e-01	-2.948000475416160e-01	1930
6.547228423663344e-01	-2.883730212240885e-01	1931
1.682164186694373e-01	-2.543547567749214e-01	1932
2.006190246066587e-01	-2.661675900759082e-01	1933
2.342227723128219e-01	-2.759575270102239e-01	1934
2.672088089098844e-01	-2.834781130025012e-01	1935
3.011459552959337e-01	-2.903474864929597e-01	1936
3.358835868597542e-01	-2.960083315823657e-01	1937
1.399838758975301e-01	-2.773594252390891e-01	1938
1.001563954506062e+00	2.834216100756717e-03	1939
1.004753239843621e+00	-7.766833771311941e-03	1940
1.004237915449615e+00	-6.838862345267263e-03	1941
1.002104437591546e+00	-1.048088817464106e-03	1942
1.005620700751091e+00	1.381472935857714e-02	1943
9.434280595920765e-01	-1.931027402881793e-01	1944
1.001654787533950e+00	-2.798456822749298e-03	1945
1.012640223231901e+00	7.422766868406713e-02	1946
1.112729391319921e-01	-2.615029882749264e-01	1947
1.008215089467420e+00	2.048149985823437e-02	1948
1.006908625523634e+00	1.836070763758681e-02	1949
1.006221973665906e+00	-1.371238943214781e-02	1950
1.001829930960450e+00	-1.893782385893019e-03	1951
1.002930057715228e+00	-5.622941980557486e-03	1952
1.004681903499068e+00	-1.030264134668455e-02	1953
1.004254260563880e+00	1.037880489465996e-02	1954
-4.924228164519692e-02	-5.291690769368666e-02	1955
1.001945451807508e+00	6.972311140204787e-04	1956
1.629551909975079e-01	2.692526723378655e-01	1957
-8.962650735940813e-03	-1.567338648629975e-01	1958
9.243829050169960e-01	-2.097287742617193e-01	1959
8.848001247388317e-01	-2.391464514067611e-01	1960
-4.552503568613752e-02	5.159884550262883e-02	1961
5.599643377698295e-01	3.320628070229202e-01	1962
3.249940070977057e-01	3.179819765451605e-01	1963
9.775650228001508e-01	-1.567854184002655e-01	1964
7.169100298054651e-01	-3.153631957053599e-01	1965
4.134167008591555e-01	-3.454056432480828e-01	1966
-1.183095679876995e-02	1.344755514116243e-01	1967
5.169856432929115e-02	2.027397026477215e-01	1968
8.797645941336618e-02	-2.475517147216833e-01	1969
1.014324334236514e+00	6.223842164111522e-02	1970
1.015736792798302e+00	5.485960839681334e-02	1971
-3.470952233310280e-02	1.006555995914223e-02	1972
-2.063015896392302e-02	-1.397930004977082e-01	1973
6.814329402147018e-01	-3.249994947611636e-01	1974
8.610044423063836e-01	-2.541638816453616e-01	1975
3.565065279808697e-01	3.232868091290067e-01	1976
1.001782461288631e+00	5.186072084601548e-03	1977
1.001963486014938e+00	-5.162458867229585e-03	1978
1.001966764263415e+00	-6.404223993503230e-04	1979
1.004439116921374e+00	7.873253116459585e-03	1980
1.003967639761307e+00	6.933344061837203e-03	1981
1.001577234902319e+00	-3.490107266902052e-03	1982
1.008442815663623e+00	2.726316600565596e-02	1983
1.001462654858796e+00	3.517330961328278e-03	1984
9.054164442301313e-01	-2.245784581884533e-01	1985
9.616618116846433e-01	-1.750255124483190e-01	1986
-4.226960673284404e-02	-2.161276285569236e-02	1987
1.948923373980571e-01	2.826783922004269e-01	1988
1.009742163072400e+00	-2.716759779274079e-02	1989
9.742099061963678e-01	1.509186155315189e-01	1990
1.012385493741899e+00	-3.487522629873161e-02	1991
-4.112691849163566e-02	-9.246190272101727e-02	1992
5.340428324679047e-01	-3.463158778829941e-01	1993
3.894898287076511e-01	3.273909481702124e-01	1994
1.342638626372518e-01	2.547896632549047e-01	1995
-4.428797551366579e-02	-8.157349503300419e-02	1996
1.002721518146086e+00	5.677914172468008e-03	1997
-3.324297028129542e-02	1.857358994566014e-03	1998
-3.345495328412305e-02	-2.491489709168101e-03	1999
9.883884809435056e-01	1.316310498134912e-01	2000
-4.799039463507673e-02	-6.180083113367637e-02	2001
-4.640213447172692e-02	-7.075905429829431e-02	2002
1.001768468690092e+00	1.941319539894039e-03	2003
1.002353974246128e+00	3.506464675291262e-05	2004
1.002069538590019e+00	1.108181766630218e-03	2005
-4.163880661086320e-02	6.865109071823185e-02	2006
-4.374432855008932e-02	6.009545767566068e-02	2007
1.010688404638449e+00	3.500307254998638e-02	2008
2.933287064060160e-01	3.111805261501147e-01	2009
2.614733141464272e-01	3.032295668596419e-01	2010
2.285428889396988e-01	2.942111786310826e-01	2011
4.191402886949464e-03	-1.740229691452930e-01	2012
1.745165474753965e-02	-1.887964614475648e-01	2013
1.017275245358608e+00	-6.221131671683871e-02	2014
1.018337396376389e+00	-5.469324760262471e-02	2015
1.007743871594336e+00	-1.824639309519077e-02	2016
1.009160687573025e+00	-2.032377336183340e-02	2017
7.504277690745592e-01	-3.045961256974654e-01	2018
7.811040373641543e-01	-2.931944095989913e-01	2019
8.089987609081837e-01	-2.812992780314762e-01	2020
8.353077603176308e-01	-2.684769632400631e-01	2021
-3.554200503742949e-02	-1.070811434931629e-02	2022
-5.015901301345916e-02	-3.457579817372360e-02	2023
-4.996594443555728e-02	-4.378157997899897e-02	2024
-4.681745604940764e-02	4.283850664848074e-02	2025
-4.065406187126212e-02	2.112052654310076e-02	2026
-4.761244772217278e-02	3.397815046441865e-02	2027
9.903292964413017e-01	-1.392591894499627e-01	2028
9.999312284068590e-01	-1.231524665392445e-01	2029
1.006666136189504e+00	-1.090963893891158e-01	2030
1.011396937315931e+00	-9.699881776844911e-02	2031
1.013080118085397e+00	-8.479353862852405e-02	2032
1.016104411041356e+00	-7.442614764788161e-02	2033
3.187452418980224e-02	-2.042779731393980e-01	2034
4.890175275488516e-02	-2.200092435867471e-01	2035
6.799478167776472e-02	-2.346472035729334e-01	2036
-3.693469237301567e-02	-1.058684126578414e-01	2037
-2.963720422370976e-02	-1.211482072695681e-01	2038
3.810816541706360e-01	-3.427290991615315e-01	2039
5.271876933065117e-01	3.333064840993842e-01	2040
9.571419335698867e-01	1.701970395806147e-01	2041
9.384666783839518e-01	1.884279274864474e-01	2042
9.189198582505392e-01	2.052666184747152e-01	2043
8.983511504026632e-01	2.209221347530326e-01	2044
8.764382997173443e-01	2.355035313845394e-01	2045
8.525791674599368e-01	2.493733663216617e-01	2046
8.257202343896400e-01	2.631616553422976e-01	2047
7.957722390072309e-01	2.767100889500261e-01	2048
7.635168492821108e-01	2.893874867414450e-01	2049
7.297277667924676e-01	3.007245081487800e-01	2050
6.949809326704547e-01	3.105178184823082e-01	2051
6.602813142453351e-01	3.186119058765204e-01	2052
6.263938522937953e-01	3.249833702270166e-01	2053
5.929258966600933e-01	3.295634887019019e-01	2054
1.104444632395759e-01	2.409315313177121e-01	2055
9.131058165720995e-02	2.302350521041824e-01	2056
4.523598457686736e-01	-3.465696785150267e-01	2057
4.946522759727922e-01	-3.469940286792866e-01	2058
-2.010245796369687e-02	1.211214866451182e-01	2059
-2.537686220990187e-02	1.106988448658814e-01	2060
-3.084384742512591e-02	1.007033533934727e-01	2061
-3.516183382511329e-02	8.922163897376090e-02	2062
-3.890869493943518e-02	7.892799743255233e-02	2063
7.201830094309296e-02	2.184736470986787e-01	2064
2.232971131388248e-02	1.742526086748954e-01	2065
3.481364925515725e-02	1.864453664158562e-01	2066
-1.580780774148221e-03	1.483346974829596e-01	2067
1.043425898392789e-02	1.626712527675100e-01	2068
4.933030677483012e-01	3.334728987929410e-01	2069
4.591422046005119e-01	3.324981053718941e-01	2070
4.243316125882125e-01	3.304796377059789e-01	2071
1.009005203131866e+00	8.475636615915616e-02	2072
1.006117703178349e+00	9.869008270688019e-02	2073
9.988501921931369e-01	1.138950112234731e-01	2074
5.688194930992750e-01	-3.439011074605459e-01	2075
6.066995753207124e-01	-3.396463306463479e-01	2076
6.446583223779894e-01	-3.331624004977963e-01	2077
1.724129879426017e-01	-2.925002827765512e-01	2078
2.071283135358259e-01	-3.057527322212165e-01	2079
2.422623159850456e-01	-3.162925851051850e-01	2080
2.764756999772170e-01	-3.247079690900682e-01	2081
3.121351851721147e-01	-3.324050911865411e-01	2082
3.475069236220150e-01	-3.384693689080773e-01	2083
1.013990541697818e+00	-4.010261405082573e-02	2084
1.009714720970155e+00	1.810132157752699e-02	2085
1.006615549344060e+00	-1.141812282967248e-02	2086
1.013655889126165e+00	-2.985499795636584e-02	2087
1.007354645934982e+00	-1.564840503416347e-02	2088
-5.945270073272798e-02	-5.888440142786745e-02	2089
5.636124707202070e-01	3.789398057014656e-01	2090
7.475765836511777e-01	-3.522827748349993e-01	2091
3.010649734919136e-01	3.574057219259835e-01	2092
1.012205356459051e+00	3.011741098347656e-02	2093
-5.626777087028857e-02	4.852510356038403e-02	2094
6.095494318517516e-02	-2.670776946903030e-01	2095
9.534148027494969e-01	-2.236276832716634e-01	2096
1.005528538770565e+00	-6.729795409203507e-03	2097
9.715585186759871e-01	-2.031460330866760e-01	2098
1.330985037611080e-01	2.941390487360899e-01	2099
1.021900938671537e+00	-4.830294578236169e-02	2100
7.114764229480529e-01	-3.642399406322394e-01	2101
-5.562778685442521e-02	-9.071702804758193e-02	2102
1.001897354329878e+00	2.528633219549682e-03	2103
1.002432008538092e+00	6.086501804383612e-04	2104
1.002205711592319e+00	1.627416527926548e-03	2105
1.019590345388651e+00	4.872704526405086e-02	2106
1.162846196786924e-04	1.849257992194254e-01	2107
-3.131259800003088e-02	-1.594437497699419e-01	2108
-4.115796065589664e-02	1.358906282408195e-02	2109
6.735029942254807e-01	-3.746332066811315e-01	2110
4.316858182042767e-01	-3.930247089970103e-01	2111
1.022738040545023e+00	-9.230267829997156e-02	2112
1.023443291369216e+00	-8.220539938432471e-02	2113
1.404368707085402e-01	-3.181105011809197e-01	2114
3.935428361414489e-01	-3.903828479695894e-01	2115
-1.922111150866801e-02	-1.779393846653039e-01	2116
1.021494006575933e+00	6.938927709719131e-02	2117
1.022030053614425e+00	5.989727450125860e-02	2118
9.978943051051270e-01	1.536721556106858e-01	2119
3.685485432455806e-01	3.705882879484684e-01	2120
1.001120715191982e+00	-1.604907010179085e-01	2121
-3.128437110472543e-02	1.370832034795034e-01	2122
2.532531096586794e-02	2.133058212009502e-01	2123
4.040712436904186e-01	3.749583571927521e-01	2124
1.087674268790485e-01	-2.994119146673069e-01	2125
8.267171000887780e-02	-2.823697354570741e-01	2126
1.002642788987572e+00	4.687518142739912e-03	2127
1.002450995696070e+00	-5.360286127425512e-04	2128
1.006649847471125e+00	1.577834197320069e-02	2129
8.923317919887496e-01	-2.771039219904915e-01	2130
1.002258361448072e+00	-1.564281345485988e-03	2131
1.001979552436448e+00	-2.479701034361955e-03	2132
1.010678950425461e+00	2.373648973766795e-02	2133
1.003983225934773e+00	-6.093101657986261e-03	2134
1.005483772374937e+00	-9.036187997480455e-03	2135
1.006120936847273e+00	1.156493383744338e-02	2136
1.005253150706152e+00	6.877080539220532e-03	2137
1.649559697176800e-01	3.111542767448334e-01	2138
-5.537033851936118e-02	5.791706321361788e-02	2139
3.344297965219609e-01	3.648051264799843e-01	2140
9.878207583492602e-01	-1.817221262810959e-01	2141
3.586294697811155e-01	-3.859436415631015e-01	2142
-2.270526295705534e-02	1.530005386724911e-01	2143
-4.824682214759037e-02	2.518721522326489e-02	2144
-4.222607882396572e-02	-1.394153086106979e-02	2145
1.003746243590373e+00	6.184158070655783e-03	2146
1.001703534611232e+00	-4.277612066549136e-03	2147
1.005107884950396e+00	9.160756940436148e-03	2148
1.002810735248146e+00	-4.626994907354594e-03	2149
1.002249513674974e+00	-3.215506133973718e-03	2150
1.012039576823990e+00	4.025051775662453e-02	2151
1.001559244219983e+00	4.301569171576416e-03	2152
9.148560512911575e-01	-2.595586319037562e-01	2153
9.346481331143787e-01	-2.421964973942770e-01	2154
-5.976466714636029e-02	-4.916405431589582e-02	2155
-5.016405390553439e-02	-2.547620706733625e-02	2156
1.011797023704650e+00	-2.349158150115324e-02	2157
1.002139444310724e+00	3.268326204784953e-03	2158
-3.848304235445718e-02	-1.311894952800973e-04	2159
-5.847922108872435e-02	-6.825919584620395e-02	2160
-5.750270112023921e-02	-7.848934430771040e-02	2161
-5.385550970710724e-02	6.695315190144258e-02	2162
1.996422550419444e-01	3.264175569375905e-01	2163
2.681410995534234e-01	3.485282246004701e-01	2164
2.349603472086252e-01	3.389500221245045e-01	2165
-6.813984934068750e-03	-1.969864250283789e-01	2166
1.010544826507204e+00	-1.785170891254310e-02	2167
7.810498048517838e-01	-3.392447451362902e-01	2168
8.116025441896666e-01	-3.254604345544277e-01	2169
8.398704884831864e-01	-3.107562455984219e-01	2170
8.668991571999727e-01	-2.945579304182151e-01	2171
-4.018682286578278e-02	-5.207219418704109e-03	2172
-5.956509567511269e-02	-3.940371290502422e-02	2173
-5.668074720164970e-02	3.907132137656046e-02	2174
1.011031080715655e+00	-1.406696194241662e-01	2175
1.017656360452508e+00	-1.229967916700490e-01	2176
1.020147128639878e+00	-1.073934182694463e-01	2177
1.024849236947475e+00	-5.945725597776538e-02	2178
1.024717913672302e+00	-6.907947198081647e-02	2179
6.172950276932001e-03	-2.134557311465548e-01	2180
2.200425030821453e-02	-2.316941257186691e-01	2181
4.060494067975194e-02	-2.502269443041062e-01	2182
-5.267702664623557e-02	-1.033213188584574e-01	2183
-4.789291458917461e-02	-1.203729365970887e-01	2184
-4.070419016902828e-02	-1.377843168956692e-01	2185
9.833821975489651e-01	1.764963380455888e-01	2186
9.663817424171010e-01	1.986636453043381e-01	2187
9.477941334796237e-01	2.193746401564982e-01	2188
9.278325150254019e-01	2.386870657932265e-01	2189
9.061821019416870e-01	2.568207680931145e-01	2190
8.825933170771272e-01	2.739096080501348e-01	2191
8.564877548818145e-01	2.903483536130700e-01	2192
8.272155624443632e-01	3.064982733821736e-01	2193
7.949935208845782e-01	3.219724121649132e-01	2194
7.606000033647868e-01	3.361257308856716e-01	2195
7.248120983086284e-01	3.485532145633679e-01	2196
6.885178158637848e-01	3.590391315218630e-01	2197
6.525889574625057e-01	3.675098049388059e-01	2198
6.168780985072821e-01	3.740049460757179e-01	2199
4.445939266728966e-02	2.332035388581669e-01	2200
1.059289670433274e-01	2.769506890542819e-01	2201
8.524734866504015e-02	2.638398962444979e-01	2202
4.732935027146353e-01	-3.942610879971460e-01	2203
5.154459439114072e-01	-3.943977108864278e-01	2204
-3.750471697334129e-02	1.232574360236412e-01	2205
-4.197337181494339e-02	1.130530150715182e-01	2206
-4.640356684777274e-02	9.985077869991515e-02	2207
-4.975116443935092e-02	8.851019097638248e-02	2208
-5.230019743023492e-02	7.681124005685748e-02	2209
6.570664247062055e-02	2.506252090674733e-01	2210
1.131967179602177e-02	1.979429087434882e-01	2211
-1.174632975703832e-02	1.688475839665857e-01	2212
5.115453411117571e-01	3.804300458577429e-01	2213
4.760273655212749e-01	3.799121239868529e-01	2214
4.402144878418811e-01	3.780468615985903e-01	2215
1.008769971610095e+00	1.318268983549658e-01	2216
1.019598265876337e+00	8.254013739587346e-02	2217
1.018106234181416e+00	9.397908731957169e-02	2218
1.013655649392052e+00	1.116928975535251e-01	2219
5.550126722558771e-01	-3.927783508727403e-01	2220
5.934199450654161e-01	-3.893473581870760e-01	2221
6.340095804242586e-01	-3.831567963541077e-01	2222
1.756971811195140e-01	-3.354395104435572e-01	2223
2.128195987353672e-01	-3.501454536024525e-01	2224
2.492211825841178e-01	-3.614567359775069e-01	2225
2.851260393969227e-01	-3.709973564601352e-01	2226
3.223092542074149e-01	-3.794838965201565e-01	2227
7.063944313333035e-01	-4.190096535870252e-01	2228
1.003086761255177e+00	3.731401477684182e-03	2229
-5.143085304313931e-02	1.376343963143024e-01	2230
-6.686594041106091e-02	6.431166903335234e-02	2231
-6.587147865431126e-02	7.375123934585727e-02	2232
1.012241249824811e+00	-2.043581163794615e-02	2233
-4.975079237020967e-02	-1.706784184349907e-02	2234
7.822241258230354e-01	-3.909773397568033e-01	2235
1.390140674848784e-02	2.436582890987392e-01	2236
9.027487036464599e-01	-3.192033208077913e-01	2237
1.046307277056000e-01	-3.421087856228821e-01	2238
1.009537122136693e+00	1.516540647149761e-02	2239
1.019295345863339e+00	-4.278103008717649e-02	2240
1.012444809417284e+00	2.731317116352267e-02	2241
1.007669169653080e+00	1.308744395616864e-02	2242
1.658924397338930e-01	3.582229416000361e-01	2243
1.003611026255810e+00	5.100550022969049e-03	2244
1.015652479697379e+00	3.514560422508008e-02	2245
-4.811939751819012e-02	-8.032061899361171e-03	2246
1.002914204506552e+00	2.515524314359647e-04	2247
1.002921275099945e+00	-1.627735542359612e-04	2248
1.017344379445539e+00	-3.477739796911354e-02	2249
2.732482641050336e-01	3.991141088879347e-01	2250
-6.855981753429805e-02	-1.003275564437342e-01	2251
-4.842033042157715e-02	1.697082966682737e-02	2252
-3.940721037448180e-02	6.368916670241457e-03	2253
1.033375114242547e+00	-8.794860058633197e-02	2254
1.033128323922862e+00	-7.652109037313665e-02	2255
4.091749840940845e-01	-4.436652785981559e-01	2256
7.543142553172202e-02	-3.215359320431577e-01	2257
-5.913566462897791e-02	-2.932365254712844e-02	2258
3.813155722356008e-01	4.234411444593507e-01	2259
9.987698499832980e-02	3.176311552588935e-01	2260
-3.572811802774654e-02	1.734973857546836e-01	2261
-6.728156515553552e-02	5.414040024726253e-02	2262
-2.490036070761324e-02	1.908469262850011e-01	2263
4.190782955174079e-01	4.279211331923689e-01	2264
3.082048261833370e-01	4.090143298481086e-01	2265
1.023262758908684e+00	5.528065586609014e-02	2266
7.455942464374377e-01	-4.057932886152718e-01	2267
1.001044937910462e+00	-2.085614242272975e-01	2268
5.154470461036488e-02	-3.031597964890174e-01	2269
1.013749355813210e+00	-2.701737212520431e-02	2270
1.008243848943749e+00	-1.288413121464720e-02	2271
6.447997462983270e-01	4.221190210611422e-01	2272
6.651599969805145e-01	-4.301601756799416e-01	2273
9.850163622602859e-01	-2.332248186270850e-01	2274
1.014231724186862e+00	-1.834213917257966e-01	2275
1.307158418063092e-01	3.384636281479699e-01	2276
1.002662248699820e+00	1.199652777509618e-03	2277
1.002345112286818e+00	2.173812791309617e-03	2278
1.018046408624035e+00	1.501793389952908e-01	2279
1.025865547300285e+00	-5.475232427756092e-02	2280
1.029754771701159e+00	6.511551182155974e-02	2281
1.395489526524797e-01	-3.639799029526496e-01	2282
3.697428019568332e-01	-4.388536410166771e-01	2283
1.032763720412298e+00	-6.437623352774693e-02	2284
-4.452717443643416e-02	1.543224894373887e-01	2285
-7.127912802282413e-02	-6.484923341309834e-02	2286
-7.082508595513864e-02	-7.455834405531593e-02	2287
1.002701575132243e+00	-1.120182923270688e-03	2288
1.002176277425883e+00	-3.991979927257807e-03	2289
1.003802094293790e+00	-5.006398713182721e-03	2290
1.002417083741024e+00	-2.108051078428221e-03	2291
1.011274864388816e+00	2.073730488392407e-02	2292
1.006216928570637e+00	-7.881871349434241e-03	2293
3.442567652038956e-01	4.171981881051025e-01	2294
1.005886941682365e+00	8.047660354862018e-03	2295
1.003219815249670e+00	-3.647570468773075e-03	2296
1.017236361755768e+00	4.314290024587148e-02	2297
9.271550945163052e-01	-2.983144597969870e-01	2298
9.483283910778020e-01	-2.775567824631821e-01	2299
9.672894855696248e-01	-2.562652241229092e-01	2300
-7.039534660906839e-02	-4.408344806700742e-02	2301
-7.108895622721330e-02	-5.439545297168432e-02	2302
-6.720599994521040e-02	4.408601403495955e-02	2303
1.010218788366033e+00	-1.489707308179765e-02	2304
1.002038102887411e+00	4.035656189779650e-03	2305
-7.034534876578921e-02	-8.665952904575712e-02	2306
2.031963343039880e-01	3.752874911833435e-01	2307
2.395762116846731e-01	3.885880247178710e-01	2308
-4.414433157969640e-02	-1.808574801359036e-01	2309
-3.303653337095096e-02	-2.002588445923015e-01	2310
8.158455076014303e-01	-3.750167940381787e-01	2311
8.467138272041725e-01	-3.579578575065494e-01	2312
8.756337492138717e-01	-3.393814252591515e-01	2313
-4.551367360024340e-02	-6.415625407477411e-04	2314
-5.692935387182105e-02	2.928825564334372e-02	2315
1.021391346137663e+00	-1.582004118672252e-01	2316
1.028625198945147e+00	-1.371547422136918e-01	2317
1.032877241403653e+00	-1.017871313402428e-01	2318
1.032181499657154e+00	-1.172509804670896e-01	2319
-2.103747725784344e-02	-2.213207897545680e-01	2320
2.983624199746118e-02	-2.836134002327307e-01	2321
-7.362782332698929e-03	-2.409012783994960e-01	2322
1.010871877926810e-02	-2.619143742150754e-01	2323
-6.588665240992536e-02	-1.161000855669926e-01	2324
-6.112894147935385e-02	-1.359005410581280e-01	2325
-5.406043886073442e-02	-1.562231392869690e-01	2326
1.009923529193430e+00	1.775200446879895e-01	2327
9.958075543316679e-01	2.038492536095603e-01	2328
9.791986146258063e-01	2.291024550989644e-01	2329
9.606057061380311e-01	2.528357203909433e-01	2330
9.398656868605282e-01	2.752854059069600e-01	2331
9.168171328545045e-01	2.965416902691190e-01	2332
8.912218713923028e-01	3.167221566254532e-01	2333
8.626572225010311e-01	3.361824706727052e-01	2334
8.307662652727117e-01	3.550128360365651e-01	2335
7.959523607593822e-01	3.726606792070288e-01	2336
7.590769229675579e-01	3.884692575738998e-01	2337
7.211018286108564e-01	4.020565370819407e-01	2338
6.829562683953232e-01	4.132565726352200e-01	2339
5.963033543017192e-01	4.289610529328086e-01	2340
3.486311116428237e-02	2.667605681246500e-01	2341
7.641408956060097e-02	3.011208077907290e-01	2342
4.511444060776754e-01	-4.463011234992297e-01	2343
4.944514347479169e-01	-4.474164484575077e-01	2344
-5.946194104726157e-02	1.114710492255642e-01	2345
-6.233407117662029e-02	9.823043998764885e-02	2346
-6.472356897215814e-02	8.547526167825978e-02	2347
5.628825388707892e-02	2.858216759433790e-01	2348
-2.197124121913355e-03	2.243432130740562e-01	2349
-1.371774479843542e-02	2.080657167586014e-01	2350
5.405703942183836e-01	4.323784517124090e-01	2351
4.754074910653188e-01	4.315367747623863e-01	2352
1.029589725649158e+00	7.729693276077991e-02	2353
1.029207151726359e+00	8.965655454804061e-02	2354
1.024988926450114e+00	1.252122608553787e-01	2355
1.027466692485257e+00	1.058109807489944e-01	2356
5.376728686634289e-01	-4.468082340191381e-01	2357
5.792385136092973e-01	-4.441943618174988e-01	2358
6.220570926038504e-01	-4.388266348530286e-01	2359
1.779009943537090e-01	-3.836668823362830e-01	2360
2.172485768794360e-01	-3.998242805814017e-01	2361
2.549601443771630e-01	-4.120408550690071e-01	2362
2.928580805864794e-01	-4.228576445158239e-01	2363
3.317391773263176e-01	-4.321348319734917e-01	2364
1.012424026781751e+00	1.727511802593902e-02	2365
1.025758914627207e+00	-4.307883744802488e-02	2366
1.023177441130432e+00	-3.758465227175307e-02	2367
-5.829819445390559e-02	-2.001636911700512e-02	2368
1.004886685982376e+00	-5.385826740847263e-03	2369
-7.936969834025642e-02	4.884675328351665e-02	2370
2.595882127791171e-01	4.497431566884726e-01	2371
8.219206727838905e-01	-4.306074331735512e-01	2372
3.826159128984826e-01	-4.983266670933790e-01	2373
-4.160062472301555e-02	2.138817873341681e-01	2374
-8.003247678204121e-02	5.958778057678604e-02	2375
3.947088546619008e-01	4.812572553707231e-01	2376
1.002499130615314e+00	-2.648701403633628e-01	2377
1.008616120283471e+00	-1.082893666979267e-02	2378
1.013632275711540e+00	-1.766822918001013e-02	2379
1.012805013715229e+00	-1.611356165500149e-02	2380
6.507218712232060e-02	3.428075790414961e-01	2381
-1.789033350666507e-02	2.538744997167813e-01	2382
1.003031584358995e+00	7.881028588026663e-04	2383
1.002828806103881e+00	1.794148180796708e-03	2384
1.045053029069666e+00	-1.297678008434722e-01	2385
1.007073923935200e+00	-9.238327744830821e-03	2386
1.006971777386164e+00	-6.649144440320695e-03	2387
1.006678014015992e+00	9.428140804734763e-03	2388
1.010133953037700e+00	1.275728234549443e-02	2389
1.002889247555924e+00	-1.710478467546269e-03	2390
1.003057267423212e+00	-6.955018283582565e-04	2391
-5.733702192590082e-02	-1.112563638982991e-02	2392
-5.367335735399447e-02	-1.970972418198109e-03	2393
1.268259279012670e-01	3.882806706798637e-01	2394
7.443341082614904e-01	-4.658369526674827e-01	2395
9.428132316487562e-01	-3.410335345367765e-01	2396
1.027055426915550e+00	4.889211851179365e-02	2397
-8.370539439596540e-02	-1.109125138164588e-01	2398
4.266737031857050e-01	-5.032357710729208e-01	2399
-7.390401408095472e-02	1.300221944926947e-01	2400
-8.005178690072770e-02	7.031338316877728e-02	2401
-7.981295288024717e-02	8.088447044637651e-02	2402
4.497838060263555e-05	2.775649736106091e-01	2403
3.547296618882639e-01	4.750524107776671e-01	2404
1.041916499687611e+00	-7.016954984256726e-02	2405
1.371311706018594e-01	-4.155151999511346e-01	2406
9.165404660386571e-01	-3.657064261132283e-01	2407
9.861426921837102e-02	-3.901165411486013e-01	2408
6.598627480823034e-02	-3.655745138331705e-01	2409
3.943655799733008e-02	-3.433006035117919e-01	2410
7.011983166685932e-01	-4.803944352266318e-01	2411
7.847145678449184e-01	-4.490619607499809e-01	2412
1.613634559326016e-02	-3.203611909499686e-01	2413
1.654056234119337e-01	4.109257815274801e-01	2414
1.004148626086556e+00	4.110371010628775e-03	2415
1.004672338435496e+00	5.518916561073792e-03	2416
1.003505564742853e+00	5.448441136671406e-05	2417
-8.506592555312845e-02	-9.548348549070307e-02	2418
-5.672479284592820e-02	2.018390436266283e-02	2419
1.036851907602856e+00	1.420593440313739e-01	2420
1.043469631528551e+00	-8.199910879226188e-02	2421
9.213175609464230e-02	3.635491309767206e-01	2422
-5.149496926606238e-02	1.952311827384447e-01	2423
-6.932403406112264e-02	-3.296596454356088e-02	2424
3.152541892736049e-01	4.665583173306291e-01	2425
1.040029249622058e+00	9.905095810067088e-02	2426
1.017852803109708e+00	-2.368960374314639e-01	2427
1.015401407404074e+00	-2.302142290703477e-02	2428
1.010701033386890e+00	-1.244254442644394e-02	2429
1.032058389571728e+00	-2.086969743426451e-01	2430
1.002708509884948e+00	2.854030827532567e-03	2431
1.029356888500304e+00	-4.811953712273134e-02	2432
-6.055186865962577e-02	1.731996388949167e-01	2433
-6.745316245490783e-02	1.539021134365328e-01	2434
-8.410351302326270e-02	-5.938166997800581e-02	2435
1.002806469971821e+00	-2.778853708125460e-03	2436
1.004302104318787e+00	-3.989324847910081e-03	2437
1.014295612768689e+00	2.344505203524525e-02	2438
1.008136559554812e+00	1.106904445030623e-02	2439
1.006690826378194e+00	6.855807219314146e-03	2440
1.023690578117960e+00	4.374114128433652e-02	2441
1.021369930758028e+00	3.819053852024169e-02	2442
9.655789571280452e-01	-3.161107963707403e-01	2443
9.851444659321110e-01	-2.910794015697307e-01	2444
-8.280997580105580e-02	-4.843896549971628e-02	2445
-8.473258064578641e-02	-7.033468035445237e-02	2446
-8.507110820351610e-02	-8.113114585936379e-02	2447
2.051029187525053e-01	4.296772675889959e-01	2448
-3.820378363822177e-02	-2.476402062637953e-01	2449
8.559777762045525e-01	-4.107004995550866e-01	2450
8.874185382890412e-01	-3.891303425548333e-01	2451
-4.773473781963857e-02	7.761537554515834e-03	2452
-6.685101023772318e-02	3.324357682028036e-02	2453
1.044606772113607e+00	-9.525107825265054e-02	2454
1.036637038773467e+00	-1.760237394942040e-01	2455
1.040993828055064e+00	-1.531384183002935e-01	2456
1.045551977264212e+00	-1.100557331464040e-01	2457
-6.041948016113768e-02	-2.028893172275686e-01	2458
-5.040334554991853e-02	-2.238670188602633e-01	2459
-2.336394574735380e-02	-2.717072391407863e-01	2460
-5.039692896746715e-03	-2.951996972460800e-01	2461
-8.136827175119178e-02	-1.301609326781498e-01	2462
-7.636093696520792e-02	-1.524485485995653e-01	2463
-6.984226529008228e-02	-1.766781031549499e-01	2464
1.032106779998019e+00	1.693746504933935e-01	2465
1.022034455228928e+00	2.010840970284148e-01	2466
1.011793460127292e+00	2.326154598942218e-01	2467
9.958077975377444e-01	2.614265498662226e-01	2468
9.770287623306000e-01	2.889642181805582e-01	2469
9.553362347281649e-01	3.153045009671438e-01	2470
9.306049975216354e-01	3.404153796455821e-01	2471
9.027740129488618e-01	3.643418069053953e-01	2472
8.714838339430480e-01	3.873558342687679e-01	2473
8.366245122773054e-01	4.092746719358606e-01	2474
7.988102229438884e-01	4.294005650696431e-01	2475
7.591040025005446e-01	4.470496370248511e-01	2476
7.185513757095849e-01	4.618822752614334e-01	2477
6.773876667445037e-01	4.728817113862129e-01	2478
6.297545270485674e-01	4.834905859091709e-01	2479
4.715002123768743e-01	-5.057868862714611e-01	2480
-7.729593628614807e-02	1.082271397879700e-01	2481
-7.909445544700053e-02	9.458026779256586e-02	2482
4.372970726607035e-02	3.235710928344028e-01	2483
2.189939885203611e-02	3.031770556483510e-01	2484
-3.105980146123918e-02	2.325982538879570e-01	2485
5.733702172799778e-01	4.892715866699747e-01	2486
5.089491336686576e-01	4.905582524835077e-01	2487
4.451445901133465e-01	4.876907258231301e-01	2488
1.038687064228657e+00	7.135925227545475e-02	2489
1.039716334072477e+00	8.383399827840080e-02	2490
1.039755637174319e+00	1.173247689635851e-01	2491
5.171389128189341e-01	-5.064192161767889e-01	2492
6.555396590271171e-01	-4.922276544000345e-01	2493
5.624364543557077e-01	-5.047520135524972e-01	2494
6.083300235638420e-01	-5.005258626142525e-01	2495
1.785973885476052e-01	-4.376728068185370e-01	2496
2.200602066098538e-01	-4.553018627515786e-01	2497
2.592767436626728e-01	-4.686582885261235e-01	2498
2.995798920512848e-01	-4.808970882542569e-01	2499
3.410760407509483e-01	-4.905996981139217e-01	2500
1.014682728282777e+00	1.987341417975376e-02	2501
5.424624386394118e-01	-5.710084565039800e-01	2502
1.010354801236884e+00	1.047744955141537e-02	2503
5.405448202126097e-02	-4.150692822009087e-01	2504
1.031200463209542e+00	5.564329000915445e-02	2505
-9.443245147876761e-02	1.219493790590952e-01	2506
-9.165117394503185e-02	1.474271267595662e-01	2507
4.132910915447530e-01	5.483515431171969e-01	2508
2.432502303520792e-02	-3.879915181547747e-01	2509
1.041873884912439e+00	-5.998845339884817e-02	2510
8.678334223178144e-01	-4.695864327440070e-01	2511
-1.013033664776806e-01	-1.227048314934487e-01	2512
-9.697606986998045e-02	-5.230764430049421e-02	2513
1.210294636742991e-01	4.441286424525582e-01	2514
1.039143975294665e+00	6.127354500580501e-02	2515
1.015562341178461e+00	-2.038620655743728e-02	2516
1.008623671935036e+00	9.171033412650012e-03	2517
1.007485792018612e+00	8.128576199063172e-03	2518
1.007826446992613e+00	-7.896121009855782e-03	2519
-9.460877736505421e-02	6.476257325799108e-02	2520
5.120505386938477e-02	3.897236205970718e-01	2521
1.038990534637694e+00	-2.665510058469280e-01	2522
-6.790906227215117e-02	-2.274540850118710e-02	2523
9.623555610966161e-01	-3.878736969757298e-01	2524
-9.275553000455826e-04	-3.607296548775027e-01	2525
-8.086026710633411e-02	-3.622249335397112e-02	2526
1.629318564913807e-01	4.697719961948855e-01	2527
-7.082001342882727e-02	2.173630617468769e-01	2528
1.059960985666406e+00	-1.202246181949556e-01	2529
4.696095331871794e-01	-5.706582786835536e-01	2530
3.977102668820179e-01	-5.644977937158192e-01	2531
7.433804950722251e-01	-5.332540585389250e-01	2532
9.047599124874034e-02	-4.440213336406703e-01	2533
1.029461259672136e+00	-3.797070771214230e-02	2534
1.032547185284452e+00	-4.200493048500317e-02	2535
1.020726327796120e+00	3.256140441734759e-02	2536
1.016620985472653e+00	2.692182939855089e-02	2537
-6.715142962038376e-02	-1.466308079552869e-02	2538
-1.016681141831115e-01	-1.046665568246318e-01	2539
-7.817743879574085e-02	3.685449321105643e-02	2540
3.451305537401070e-01	5.331516635146719e-01	2541
8.299661135131694e-01	-4.929613916246040e-01	2542
1.024047622203677e+00	-2.978144808891670e-01	2543
1.006207259418924e+00	-5.529851529795201e-03	2544
1.009015999840983e+00	-8.896249199451593e-03	2545
2.609705483000841e-02	3.651537228575924e-01	2546
-3.634449644030025e-02	2.866544771036220e-01	2547
1.003724550879955e+00	3.088703439170970e-03	2548
1.003306889876548e+00	1.363526036828555e-03	2549
1.012665982822163e+00	-1.411069112251092e-02	2550
1.012008714600119e+00	1.449610516575972e-02	2551
1.005495590639125e+00	-4.311822758393646e-03	2552
1.003353237552308e+00	-1.262272861449575e-03	2553
6.949886272870915e-01	-5.492205383340628e-01	2554
1.033796214123061e+00	-5.474010464741116e-02	2555
-9.583641327054131e-02	8.843759659585250e-02	2556
1.053753737425422e+00	1.315984973104571e-01	2557
1.052734498046225e+00	-7.474913138317114e-02	2558
7.884499880011862e-01	-5.142908835337636e-01	2559
1.005978833603681e+00	5.713703947370224e-03	2560
1.005322099835997e+00	4.476050128050712e-03	2561
-6.316598325841359e-02	-3.523775496930178e-03	2562
8.236943188780921e-02	4.152909974280713e-01	2563
-9.334475165037137e-02	5.321283885205693e-02	2564
2.718798523102210e-01	5.155032022266495e-01	2565
1.057938302350508e+00	-1.017891676158635e-01	2566
1.017901861922410e+00	-2.641540686807990e-02	2567
1.022264737117247e+00	-3.193587612047915e-02	2568
1.010813806439809e+00	-1.013690981586147e-02	2569
1.047876922194064e+00	-2.342830043432875e-01	2570
1.002971590829184e+00	2.473750800888656e-03	2571
-7.944312948258890e-02	1.937882272199500e-01	2572
-8.559580360673409e-02	1.711758002003385e-01	2573
-9.889405141404339e-02	-6.402020054983298e-02	2574
1.003056926347874e+00	-2.387500549531137e-03	2575
1.003835958123040e+00	-2.978191396984250e-03	2576
1.030524178010589e+00	4.298605291909225e-02	2577
1.027627959252333e+00	3.885530501406177e-02	2578
9.867266526462306e-01	-3.580430629338545e-01	2579
1.007077510970392e+00	-3.281853111420146e-01	2580
-1.013745065736780e-01	-8.825700191307458e-02	2581
-1.000944126366523e-01	-7.522938621136258e-02	2582
-9.521352494271067e-02	7.580511029287831e-02	2583
2.137597411071109e-01	4.939976196313490e-01	2584
9.024839121327416e-01	-4.443862596893799e-01	2585
9.340809715057368e-01	-4.169833727678491e-01	2586
-5.679579190314245e-02	8.782848107304165e-03	2587
-6.612249387171575e-02	2.320788339401578e-02	2588
1.056044207196986e+00	-1.952001019704904e-01	2589
1.057671957498160e+00	-1.680842151722238e-01	2590
1.059554758655217e+00	-1.442762219635820e-01	2591
-8.049820644268703e-02	-2.251888894285162e-01	2592
-7.117377783634306e-02	-2.493189366503017e-01	2593
-5.823461242616498e-02	-2.763616495449883e-01	2594
-4.244019080487701e-02	-3.052482274082302e-01	2595
-2.353646917974334e-02	-3.319783957201676e-01	2596
-8.895027100617714e-02	-1.981510457247165e-01	2597
-9.949649168834879e-02	-1.458200756346993e-01	2598
-9.489097880451215e-02	-1.702457088036653e-01	2599
1.052496727210029e+00	1.589628437286335e-01	2600
1.047333815139313e+00	1.917835528670928e-01	2601
1.040539363545358e+00	2.246648604538855e-01	2602
1.033661606440476e+00	2.637234508631857e-01	2603
1.016266462353164e+00	2.956565294810543e-01	2604
9.973227474781147e-01	3.278493149951963e-01	2605
9.745732300309599e-01	3.589983066009077e-01	2606
9.480336854603162e-01	3.887655831610343e-01	2607
9.177064055618810e-01	4.172168319798446e-01	2608
8.833156480652991e-01	4.444407469034966e-01	2609
8.450318501004130e-01	4.699479837210154e-01	2610
8.037523241353022e-01	4.928980047481147e-01	2611
7.606686579811789e-01	5.126015904288777e-01	2612
7.145740543628661e-01	5.270280414165037e-01	2613
6.685310292461102e-01	5.413198681668162e-01	2614
-9.547022066719023e-02	1.035147222330567e-01	2615
-1.719760585090788e-02	3.147291694538916e-01	2616
5.723473219867550e-03	3.426627330569004e-01	2617
-5.115918970572966e-02	2.598846562227811e-01	2618
-6.219946305564822e-02	2.378250466675449e-01	2619
6.094750012814069e-01	5.514685595962416e-01	2620
5.440300665119180e-01	5.552492442163180e-01	2621
4.758245796510469e-01	5.541985896799464e-01	2622
1.051474212918462e+00	9.125403953178798e-02	2623
1.049376259935296e+00	7.679399583002082e-02	2624
1.055385423369923e+00	-8.762340456333925e-02	2625
1.053276575056888e+00	1.084592539268326e-01	2626
5.917079031358516e-01	-5.686217510383426e-01	2627
6.436575581939489e-01	-5.614166803396295e-01	2628
1.327803899449823e-01	-4.732538499146987e-01	2629
1.773555212099226e-01	-4.979914335290530e-01	2630
2.208576061689790e-01	-5.171518517059179e-01	2631
2.620509089173928e-01	-5.319663511388111e-01	2632
3.285504100526335e-01	-5.501671555513175e-01	2633
1.010541740284009e+00	8.435857424272769e-03	2634
-9.444101819482201e-02	-4.033435467430654e-02	2635
1.025965688561702e+00	3.481827297275979e-02	2636
1.018072952295365e+00	2.261867971210313e-02	2637
5.915995415060605e-03	-4.378063345894053e-01	2638
-7.834905483306231e-02	-2.143443897176303e-02	2639
7.930985768701656e-01	-5.876292480895019e-01	2640
-2.147554123343804e-02	-4.048442106884645e-01	2641
-6.632498758952370e-02	9.118766733868614e-03	2642
1.012156629163333e+00	-4.034229696277324e-01	2643
9.209837225334117e-01	-5.058329792069163e-01	2644
7.418674787162132e-01	-6.090461828447584e-01	2645
3.934576986784843e-02	-4.706748528406013e-01	2646
-1.217328812587863e-01	-1.358063017330171e-01	2647
1.015193782424108e+00	1.613313126924632e-02	2648
5.059232942063950e-01	-6.441276158285117e-01	2649
-1.126613228117525e-01	8.114698870326449e-02	2650
1.023333872138261e+00	-2.657762759946151e-02	2651
1.007621484337747e+00	-5.385917456087730e-03	2652
1.007391576282195e+00	5.627602534604982e-03	2653
1.006809592069115e+00	-4.362091253337969e-03	2654
-7.397326637350322e-02	-5.998460682547089e-03	2655
5.771106936870509e-03	4.117104653052343e-01	2656
7.014787604001944e-02	4.734479246149197e-01	2657
1.027609113975548e+00	-3.397595606897952e-02	2658
1.015259786853815e+00	-1.494195821587901e-02	2659
1.003519967504788e+00	2.030050350832867e-03	2660
1.012958090256861e+00	-1.149945012405592e-02	2661
-1.124299671855953e-01	-2.201498951379836e-01	2662
-1.210505827472039e-01	-1.139999813671768e-01	2663
-1.141038789896023e-01	9.626322605838862e-02	2664
-1.151971649554981e-01	1.369921800060526e-01	2665
1.003764308618236e+00	-6.874387086314370e-04	2666
1.039642313835629e+00	5.221921243088668e-02	2667
6.864852918776535e-01	-6.263367738523444e-01	2668
1.050037707089879e+00	-3.320670138124232e-01	2669
9.862440835612292e-01	-4.390486504360934e-01	2670
-1.145963931944392e-01	1.137194635677719e-01	2671
1.127490262935652e-01	5.065243314707309e-01	2672
-9.441961458467332e-02	2.393834601415852e-01	2673
1.034777265948007e+00	4.898743698157993e-02	2674
1.050984058943194e+00	-6.433593733342342e-02	2675
5.706821460401461e-01	-6.409075316087606e-01	2676
-1.130384213396193e-01	-5.568505525509752e-02	2677
1.012424305459168e+00	1.192100068631583e-02	2678
4.394523528524077e-01	6.230732371157496e-01	2679
-1.199346352992207e-01	-9.608834671680806e-02	2680
1.629997885684050e-01	5.378005150532003e-01	2681
1.071001020952750e+00	-2.578238209875118e-01	2682
1.016977856420873e+00	-1.733314629296844e-02	2683
1.009105017503108e+00	7.505758051187637e-03	2684
1.008272194901795e+00	6.754367259358139e-03	2685
1.008554590827634e+00	-6.481784763825457e-03	2686
1.009423809530172e+00	-7.201467697580563e-03	2687
3.478077245627667e-02	4.424523143558228e-01	2688
1.060760056912882e+00	-2.960235682169326e-01	2689
-3.795623768644284e-02	3.554653060161826e-01	2690
-1.663149233017921e-02	3.838261471100839e-01	2691
1.065487195076898e+00	9.854634064486190e-02	2692
1.073322979934699e+00	-1.093725876903339e-01	2693
8.826830940269906e-01	-5.355023534732706e-01	2694
1.022047746393174e+00	2.731655661627398e-02	2695
-1.092564676122034e-01	5.715660127728576e-02	2696
8.400005789460393e-01	-5.629556402403163e-01	2697
-5.834766497383793e-02	3.224914725027803e-01	2698
1.003737427415055e+00	8.044349746692000e-04	2699
1.010906442033698e+00	-8.075727739364845e-03	2700
1.004863810404131e+00	3.344032145756696e-03	2701
1.006627218553994e+00	4.577316825774150e-03	2702
1.004989537436175e+00	-3.192386252683154e-03	2703
1.041996087086703e+00	-5.086646519306635e-02	2704
1.037061186377522e+00	-4.787606313218391e-02	2705
3.657836840988813e-01	6.095207168143966e-01	2706
1.068740918751331e+00	1.197997006617497e-01	2707
1.048202850017164e+00	6.616265366943391e-02	2708
-9.152060613954140e-02	4.138642229152942e-02	2709
2.942255079008385e-01	5.903250051340255e-01	2710
-1.022523078231782e-01	2.154560784567345e-01	2711
-1.074415312631345e-01	1.892370068335995e-01	2712
-1.115231645122925e-01	1.649713913386580e-01	2713
1.003590904301489e+00	-1.922871393482193e-03	2714
1.033916195784616e+00	3.755341439974508e-02	2715
1.035682242976127e+00	-3.638542228274520e-02	2716
1.033244284212045e+00	-3.676539032209308e-01	2717
-1.177105015417463e-01	-8.003192190722716e-02	2718
-1.156092833189310e-01	-6.789115771522576e-02	2719
-1.111748056396006e-01	6.924435056667569e-02	2720
2.216311395032895e-01	5.659885731637084e-01	2721
9.557313733341753e-01	-4.735035829066228e-01	2722
-7.671164153880332e-02	2.588382284268635e-02	2723
1.076523326828832e+00	-2.197143833938068e-01	2724
1.076315707230973e+00	-1.324695631817268e-01	2725
1.078324796844292e+00	-1.827850986712144e-01	2726
1.077624544672086e+00	-1.576091346939498e-01	2727
-1.044047635754735e-01	-2.481108245256228e-01	2728
-9.544329364257541e-02	-2.773422097190774e-01	2729
-4.580136931228673e-02	-3.724993904985546e-01	2730
-8.218406083425193e-02	-3.079735539833426e-01	2731
-6.544121376688501e-02	-3.413509712500318e-01	2732
-1.199717863547413e-01	-1.622124476198792e-01	2733
-1.169417773049160e-01	-1.893350957448521e-01	2734
1.070990939649687e+00	1.462044308965888e-01	2735
1.070526997577791e+00	1.787291939854650e-01	2736
1.067740754815905e+00	2.132629664979872e-01	2737
1.064487704818122e+00	2.491663652622685e-01	2738
1.053313336775216e+00	2.951855838104744e-01	2739
1.041480530666400e+00	3.322163772305560e-01	2740
1.021790726184378e+00	3.696062941946322e-01	2741
9.980023933458911e-01	4.065269190019687e-01	2742
9.695959424292976e-01	4.419526768282325e-01	2743
9.364426954004511e-01	4.758683810739108e-01	2744
8.984820138165411e-01	5.080940596293287e-01	2745
8.562518424830988e-01	5.377906620776720e-01	2746
8.108932094827944e-01	5.640236965197244e-01	2747
7.361722821615867e-01	5.936473324348357e-01	2748
-7.459369743731079e-02	2.905471634518585e-01	2749
-8.617680291119653e-02	2.636834466344826e-01	2750
6.525282644796047e-01	6.178199308358593e-01	2751
5.824102649755413e-01	6.260865331195308e-01	2752
5.104334559695363e-01	6.274698608278806e-01	2753
1.069226120658169e+00	-9.240121877278422e-02	2754
1.061777562243402e+00	8.242350023125515e-02	2755
1.065125676212443e+00	-7.888181343052411e-02	2756
4.277303853514796e-01	-6.395734613413226e-01	2757
6.280561923526902e-01	-6.381568313445202e-01	2758
7.994829889401918e-02	-5.042020447843163e-01	2759
1.260240249901984e-01	-5.377567736582086e-01	2760
1.736874869470860e-01	-5.652056010470367e-01	2761
2.200361767967258e-01	-5.841591522255725e-01	2762
2.776151760517065e-01	-6.060305953985231e-01	2763
3.489820852252468e-01	-6.260793643958169e-01	2764
-1.226734460774061e-01	-3.071293695102505e-01	2765
9.435499907782394e-01	-5.740800049413523e-01	2766
-7.457867201779074e-02	1.311515057863732e-02	2767
8.517982777371211e-01	-6.416743439454351e-01	2768
5.426243375898921e-01	-7.241739880507955e-01	2769
1.012863102377248e+00	-9.156979346039467e-03	2770
1.015167266608807e+00	-1.307534931712253e-02	2771
1.050171212850388e+00	-5.491853470606102e-02	2772
1.006163100184965e+00	-3.323604709246677e-03	2773
1.039858362154830e+00	-4.161790718575525e-02	2774
3.900480048323894e-01	6.941417128395526e-01	2775
7.978706562352009e-01	-6.702645039261099e-01	2776
-1.408234840316437e-01	-1.037320989766281e-01	2777
-1.446352942732629e-01	-1.504933369969012e-01	2778
1.011004252390868e+00	-6.211590353879275e-03	2779
9.817075731767581e-01	-5.358747250567121e-01	2780
-6.469030994336823e-02	3.981193327015487e-01	2781
-4.373885022723074e-02	4.291144677582701e-01	2782
1.064531303768678e+00	-4.099577030682576e-01	2783
9.003653330941500e-01	-6.093799598867718e-01	2784
1.037849490819491e+00	4.291380923403707e-02	2785
1.047763259560597e+00	5.664950519738030e-02	2786
-7.897210213910642e-02	5.949015366091729e-03	2787
1.044977352414644e-01	5.778500557073349e-01	2788
1.633651503234713e-01	6.150359796238364e-01	2789
-1.434663331808867e-01	-1.241109958733587e-01	2790
1.020714296294625e+00	-2.266550078040882e-02	2791
4.623142908095092e-01	-7.228016885635370e-01	2792
1.102007325258733e+00	-2.022749547536650e-01	2793
1.101755119789089e+00	-2.426521622456906e-01	2794
1.090290262486055e+00	-3.241897488770784e-01	2795
-1.294364338657208e-01	7.288293194236814e-02	2796
1.059545042668139e+00	7.007491174248248e-02	2797
5.487441837218494e-02	5.385935980593687e-01	2798
-4.690254650038279e-02	-4.535861686973932e-01	2799
2.172951814783988e-02	-5.331241576392024e-01	2800
1.018144366465305e+00	1.858544175403374e-02	2801
-1.098031191291670e-01	-4.334512559112185e-02	2802
1.022992943654664e+00	2.251174885374714e-02	2803
-7.192906109656481e-02	-4.172575209454744e-01	2804
7.384055411068420e-01	-6.943414291646374e-01	2805
1.042289459339457e+00	-4.522736621906333e-01	2806
-1.611662704061383e-02	-4.934101382199088e-01	2807
1.019155597326089e+00	-2.021146981479957e-02	2808
-1.341263326624804e-01	-7.092211472005094e-02	2809
1.008179665516594e+00	-4.110235731734002e-03	2810
1.008910147540475e+00	5.350339278350642e-03	2811
1.004268195826794e+00	6.787254810969223e-05	2812
-1.067205549115094e-01	4.491495330809580e-02	2813
-1.778101040013903e-02	4.637804649602730e-01	2814
1.027284722326117e+00	-3.017588900954279e-02	2815
1.018411211993430e+00	-1.448948699602017e-02	2816
1.004062388977668e+00	1.492979308649645e-03	2817
1.014548115745588e+00	1.358050699003979e-02	2818
1.004416757943189e+00	2.421687660805158e-03	2819
1.078007519717840e+00	-3.668091168987138e-01	2820
1.014918018021951e+00	-4.948359130981136e-01	2821
-1.371691735870968e-01	1.247141122248181e-01	2822
6.737590552706937e-01	-7.125160156624216e-01	2823
-1.347996080889477e-01	1.042733407944667e-01	2824
1.012440138493726e+00	9.592309641476169e-03	2825
-1.378091157642650e-01	-8.538704650295399e-02	2826
-1.325281355473758e-01	8.674624820497402e-02	2827
1.097137191328825e+00	-2.851234999120882e-01	2828
1.010723003327827e+00	6.586629470152874e-03	2829
1.009132228930508e+00	-5.044817581109705e-03	2830
1.517577484601159e-02	5.015480261368598e-01	2831
-8.642339684628479e-02	-1.091414858183578e-02	2832
-9.129158213681922e-02	-2.647924247250005e-02	2833
1.062090505795735e+00	-6.720794853854124e-02	2834
1.025817031919663e+00	3.104082229863894e-02	2835
-8.425046701313475e-02	3.616490999198132e-01	2836
1.008001822820332e+00	4.381492380459211e-03	2837
1.006026635768405e+00	3.519145364522164e-03	2838
1.004114777172441e+00	-1.365282880455276e-03	2839
1.081894733146213e+00	1.069877351504890e-01	2840
3.118767432398422e-01	6.738847395695411e-01	2841
-1.279500762916156e-01	2.370863697983565e-01	2842
-1.333394122932424e-01	2.080217661237718e-01	2843
-1.357699949112785e-01	1.814630785040539e-01	2844
-1.374128287347805e-01	1.539677627014767e-01	2845
1.004504963094451e+00	-2.283449193821777e-03	2846
-1.311210020095486e-01	-5.824640204239596e-02	2847
-1.272341855524676e-01	6.035651263551358e-02	2848
2.360679030507366e-01	6.480885270580422e-01	2849
-8.951269964731949e-02	2.956008849979695e-02	2850
1.090998515723199e+00	-1.187579160253346e-01	2851
1.099268390077234e+00	-1.694960448649480e-01	2852
-1.385207612914343e-01	-2.426298707076673e-01	2853
-1.328163904796073e-01	-2.726045404443453e-01	2854
-9.247301078990693e-02	-3.799570553022263e-01	2855
-1.102794150748967e-01	-3.427277212612240e-01	2856
-1.445395144183895e-01	-1.785391174207113e-01	2857
-1.433001557012228e-01	-2.087301431748170e-01	2858
1.087301510681459e+00	1.316132132953952e-01	2859
1.095827249732420e+00	-1.439813282974585e-01	2860
1.091191047567660e+00	1.628667338517664e-01	2861
1.092988137654188e+00	1.980357712184025e-01	2862
1.093342372574319e+00	2.338123544456738e-01	2863
1.089809982210108e+00	2.797892009200842e-01	2864
1.081584876912908e+00	3.247033950569794e-01	2865
1.067374918134666e+00	3.697426497479236e-01	2866
1.051130516824048e+00	4.145873858166828e-01	2867
1.026106292135803e+00	4.580276129836990e-01	2868
9.957164783214056e-01	5.003776072589909e-01	2869
9.593934239487084e-01	5.409160481662758e-01	2870
9.173370083752390e-01	5.790633419394949e-01	2871
8.704789434654910e-01	6.136615907312237e-01	2872
8.026923793380827e-01	6.496847168520763e-01	2873
-1.017832586937849e-01	3.247322176369662e-01	2874
-1.134503403220426e-01	2.915099754178138e-01	2875
-1.223382213040551e-01	2.625036966201993e-01	2876
7.177606891438802e-01	6.821246968634599e-01	2877
6.283347766210247e-01	7.025982701077608e-01	2878
5.494969979672341e-01	7.078815246379575e-01	2879
4.715359068233942e-01	7.058169088942061e-01	2880
1.085166092589870e+00	-9.747876353872385e-02	2881
1.079300265277247e+00	-8.192497699155472e-02	2882
1.076317240210175e+00	8.762482628245276e-02	2883
6.033799355924030e-01	-7.215176649254751e-01	2884
6.600136993834448e-02	-5.715207553035285e-01	2885
1.162971269247223e-01	-6.096125241857961e-01	2886
1.701326600925612e-01	-6.401560215297240e-01	2887
3.751258964279072e-01	-7.108498082309780e-01	2888
2.227503246728833e-01	-6.637267231600873e-01	2889
2.927607703701362e-01	-6.894232480900482e-01	2890
-7.677408646683870e-02	-5.082435862000536e-01	2891
-9.690882195192974e-02	4.428898714826861e-01	2892
3.310314023435717e-01	7.675536112960725e-01	2893
1.049547400397077e+00	-4.577475750430466e-02	2894
-1.647685268581957e-01	-3.005645049052958e-01	2895
1.005598002869181e+00	-2.331348687688941e-03	2896
1.047525163906322e+00	4.752339386053483e-02	2897
4.198557538999173e-01	7.879887815144477e-01	2898
1.125996019921031e+00	-4.050411246296748e-01	2899
9.579459194547021e-02	6.590714513538808e-01	2900
5.011046472196407e-01	-8.142844834366174e-01	2901
-1.431676979784665e-01	-3.811373633970156e-01	2902
-1.271174885240727e-01	-4.540704616868806e-02	2903
1.014761981211646e+00	1.085160780846018e-02	2904
1.077881544343074e+00	-5.049058104818249e-01	2905
1.010875017884544e+00	-4.329318116033786e-03	2906
1.009603872134408e+00	-3.611604874689815e-03	2907
1.004973462843102e+00	1.677366996061867e-03	2908
1.025311908550748e+00	-2.241094547222802e-02	2909
1.028304124813029e+00	-2.505820793452008e-02	2910
7.308002980835431e-01	-7.903264203471442e-01	2911
5.769574974335846e-01	-8.105208035729388e-01	2912
1.048577195040914e+00	-5.556504509359561e-01	2913
-1.715695459357493e-01	-1.644833850644934e-01	2914
1.007356529972088e+00	-3.180631095897141e-03	2915
-1.165166210433390e-01	4.028645317238021e-01	2916
1.004595120616370e+00	-7.024206634105929e-04	2917
1.026863475968122e+00	2.587107581992204e-02	2918
1.123040458752801e+00	-3.564722137818204e-01	2919
-1.648808084746022e-01	-1.109015981881747e-01	2920
-1.332193122561253e-01	3.625697976677759e-01	2921
-1.694654580548859e-01	-1.360832792572934e-01	2922
1.032566757454743e+00	-3.164927592960527e-02	2923
-8.707206880102084e-02	1.613556015044609e-02	2924
-1.556936585805654e-01	-3.383673202250042e-01	2925
-1.251146607162121e-01	-4.220204546110726e-01	2926
1.129729346174323e+00	-2.224564877545367e-01	2927
1.072591401860729e+00	7.391307863249685e-02	2928
1.059839217420788e+00	-5.884164775079413e-02	2929
8.646951902314621e-01	-7.305001964845522e-01	2930
1.639392631394384e-01	-7.245201501296830e-01	2931
4.067538121909516e-01	-8.051061437561607e-01	2932
9.701278648586215e-01	-6.501844552180205e-01	2933
6.503492332843442e-01	-8.078470867368898e-01	2934
1.012766396649348e+00	-7.111931832468240e-03	2935
1.015249592568966e+00	-1.032191685955761e-02	2936
1.057330990460963e+00	6.097819328855667e-02	2937
1.007221035518907e+00	3.423383578099282e-03	2938
8.013901601487905e-01	-7.636253798854085e-01	2939
1.018005822640655e+00	1.466337333291393e-02	2940
1.009442232930194e+00	3.942594269736970e-03	2941
1.012663227432388e+00	-6.045304034391736e-01	2942
-8.252806311335421e-03	5.675977535264570e-01	2943
1.097312147483253e+00	-4.539175676127582e-01	2944
9.208885312665899e-01	-6.923591603922810e-01	2945
1.041033096140753e+00	3.648766857394700e-02	2946
1.042734754645173e+00	-3.500827975133793e-02	2947
-7.484195649260558e-02	4.801095329778136e-01	2948
1.131464163517192e+00	-2.671723536901741e-01	2949
3.788375778596254e-02	6.127095118856400e-01	2950
-1.036025797627364e-01	-4.656657934007054e-01	2951
-4.192980141946036e-02	-5.556730769930498e-01	2952
1.020519492168340e+00	-1.707922429187525e-02	2953
-1.040630193442141e-01	3.296739423158151e-02	2954
-4.518645156081356e-02	5.218546913863568e-01	2955
1.004566124241845e+00	8.489199834732967e-04	2956
-1.589050919425274e-01	1.117408388393002e-01	2957
-1.548603433479188e-01	9.259864271325338e-02	2958
1.010678102252765e+00	4.708800194096353e-03	2959
-1.602986512729845e-01	-9.108823162573437e-02	2960
-1.531470739916926e-01	-6.671107823907493e-02	2961
-1.239335931639890e-01	4.756516379460955e-02	2962
1.129535401028512e+00	-3.107221174501751e-01	2963
1.012437861060438e+00	7.555731661513118e-03	2964
-1.014211355259085e-01	-1.485089150793725e-02	2965
-1.054013637636298e-01	-2.911770071572703e-02	2966
1.031019271873505e+00	3.272592699019761e-02	2967
1.005503628064111e+00	2.509875560621959e-03	2968
1.005034288780605e+00	-1.516925179883928e-03	2969
-1.631656361743754e-01	2.285886226715397e-01	2970
-1.631124589111532e-01	1.389940492589187e-01	2971
-1.644113441940916e-01	1.974857785293866e-01	2972
-1.640171011789640e-01	1.692665005388584e-01	2973
-1.487357516557244e-01	6.926535528576111e-02	2974
2.487958814560320e-01	7.396863893268915e-01	2975
1.684010565083275e-01	7.038439500789949e-01	2976
-9.308299472897182e-02	1.961088180692101e-03	2977
-1.702429577194656e-01	-2.640216754125117e-01	2978
-1.735262475693443e-01	-1.946760936150047e-01	2979
-1.727326933056531e-01	-2.300085771793090e-01	2980
1.101350658624684e+00	1.157150246374916e-01	2981
1.111716986049782e+00	-1.277825989239986e-01	2982
1.109095259888733e+00	1.448759650208289e-01	2983
1.118495679768811e+00	-1.538177969004399e-01	2984
1.115561851235071e+00	1.793672394839965e-01	2985
1.124811633211423e+00	-1.837095691587466e-01	2986
1.120131870549692e+00	2.157759580160371e-01	2987
1.122801536100730e+00	2.593295211945214e-01	2988
1.120893968212404e+00	3.087801303641519e-01	2989
1.113226067182465e+00	3.594948296356336e-01	2990
1.102000085946860e+00	4.076838386805294e-01	2991
1.082140851244783e+00	4.613078784775719e-01	2992
1.059627933558532e+00	5.139838574327933e-01	2993
1.026856110978553e+00	5.645020651193368e-01	2994
9.869656922936694e-01	6.130479735140062e-01	2995
9.401832851075435e-01	6.582466812700886e-01	2996
8.759059252822299e-01	7.039756241965500e-01	2997
-1.457700798770005e-01	3.217700889527295e-01	2998
-1.543076608977939e-01	2.882782903134959e-01	2999
-1.591823380818736e-01	2.573960049019670e-01	3000
7.922859007625914e-01	7.466218584908447e-01	3001
6.944900449272737e-01	7.797660492415958e-01	3002
5.964117282360529e-01	7.955324703361706e-01	3003
5.096415497614701e-01	7.970299471741032e-01	3004
1.103590245178083e+00	-1.037986680607789e-01	3005
1.074622563370918e+00	-6.941860542520124e-02	3006
1.095472626861004e+00	-8.465552045340445e-02	3007
1.093254874839814e+00	9.330279998479303e-02	3008
-2.256464775534876e-04	-6.029573371685674e-01	3009
4.840724828065359e-02	-6.467881714472311e-01	3010
1.059593722853821e-01	-6.904938230582290e-01	3011
3.123499576529507e-01	-7.834131853780439e-01	3012
2.292666693626059e-01	-7.542589761526621e-01	3013
1.056225918551960e+00	5.127561425137298e-02	3014
1.116073883884141e+00	-5.604490019308972e-01	3015
-1.868268489333183e-01	1.213118814811780e-01	3016
1.008687799652124e+00	-2.832430822790736e-03	3017
1.169490412347542e+00	-3.775832355741155e-01	3018
1.166661502424938e+00	-3.391021217992385e-01	3019
3.553537157758322e-01	8.725110638504819e-01	3020
8.013649660308686e-01	-8.693345924543469e-01	3021
1.005507294308910e+00	9.009007626250795e-04	3022
1.006051219776869e+00	-1.415690052647028e-03	3023
1.033173631560057e+00	2.675412523526128e-02	3024
1.921939675451733e-02	6.971648882569118e-01	3025
8.774212261951512e-01	-8.311674070209351e-01	3026
1.012654196141286e+00	-5.127457865047072e-03	3027
1.017717016748022e+00	-1.178170773572254e-02	3028
2.399435835316523e-01	-8.568848286211442e-01	3029
1.087741309446071e+00	-6.216512440264436e-01	3030
1.045666910393694e+00	4.274612506697983e-02	3031
1.070970000893637e+00	-6.032813391378604e-02	3032
8.965103780295595e-02	7.528714717921009e-01	3033
9.202693515303713e-02	-7.805895741449783e-01	3034
1.022910220089873e+00	-1.944078186267411e-02	3035
1.005138142089393e+00	8.362331129201515e-05	3036
1.027652636820632e+00	2.108087510951965e-02	3037
-2.029334249248915e-01	-1.774645363427778e-01	3038
-1.211860359509763e-01	-3.007229698962817e-02	3039
1.005538667155474e+00	-7.198775314095581e-04	3040
-2.065897911302044e-01	-2.879629745151844e-01	3041
-1.061956970797377e-01	-2.060783686697840e-03	3042
2.614903992002274e-01	8.423183909414078e-01	3043
-1.348041760060908e-01	4.910294694708283e-01	3044
-1.009239302053409e-01	1.682944352342064e-02	3045
1.038892819465851e+00	-3.086408144062952e-02	3046
1.088148956548625e+00	7.736590728921874e-02	3047
4.563496374261140e-01	8.917502587202890e-01	3048
-7.778253563986527e-02	5.869756029950068e-01	3049
-1.112273214916936e-01	-5.698379642194097e-01	3050
-1.951670073361347e-01	1.829305213224686e-01	3051
-2.016144342355787e-01	-3.292264007370084e-01	3052
7.124245226207383e-01	-8.980690902549171e-01	3053
1.595031566577787e-01	-8.209014483803739e-01	3054
-1.398866970480705e-01	-5.180803341970267e-01	3055
4.443465886441124e-01	-9.092652691321446e-01	3056
-1.942554768298683e-01	-3.726510881079240e-01	3057
1.017150405759479e+00	1.240767049178278e-02	3058
1.008562285618365e+00	3.129406351416538e-03	3059
1.021863406296564e+00	-1.382913438120747e-02	3060
9.437833785108212e-01	-7.859579539774003e-01	3061
-2.075871424882918e-01	-2.494896860959005e-01	3062
1.006690487582061e+00	-2.275526900935343e-03	3063
-1.547515746832335e-01	4.468551285553236e-01	3064
1.021199918862421e+00	1.650924513973842e-02	3065
1.029619840825860e+00	-2.053767313927064e-02	3066
1.166539420225313e+00	-2.903308563600392e-01	3067
-1.829444096576990e-01	3.558456879162598e-01	3068
-1.700623791403059e-01	4.017891925823759e-01	3069
-1.464747263127651e-01	-4.642857432627183e-02	3070
-1.800810759054933e-01	-4.217043908362002e-01	3071
1.058329080888361e+00	-4.917957755770193e-02	3072
3.378769715339025e-01	-8.888908711217726e-01	3073
1.000820679414558e+00	-7.353305450670917e-01	3074
5.808332077586110e-01	-9.121583402922114e-01	3075
1.014848152406294e+00	-8.042480235289765e-03	3076
1.068605081015005e+00	6.307372053595936e-02	3077
1.010966975016992e+00	-2.680796675607865e-03	3078
1.048763601941602e+00	-6.803442191554090e-01	3079
-3.494212214135559e-02	6.423293308018336e-01	3080
1.155668051759117e+00	-4.552815830122794e-01	3081
1.139654961711484e+00	-4.988839287573380e-01	3082
1.034587874693552e+00	-2.565922028132889e-02	3083
-1.106218640328472e-01	5.376505552979021e-01	3084
-1.637139131927406e-01	-4.679502944862062e-01	3085
-1.778410668084706e-01	-7.263690431512465e-02	3086
-1.433254987936044e-01	4.922661896986969e-02	3087
1.010841101391999e+00	3.070597949411267e-03	3088
1.012416126124268e+00	5.576285389000984e-03	3089
-1.804416060858895e-01	9.709980291666014e-02	3090
-1.858828280788739e-01	-9.554414534010308e-02	3091
-1.918936169328648e-01	1.531552803971966e-01	3092
-1.205114347945920e-01	3.537600148332393e-02	3093
1.014469236037009e+00	8.569225223728289e-03	3094
-1.175159899365077e-01	-1.816194598781791e-02	3095
1.037385426873106e+00	3.221221885232210e-02	3096
1.005991546520883e+00	1.614460241844037e-03	3097
1.006594458955356e+00	2.495947213642188e-03	3098
-1.926116726255533e-01	-1.187588178564151e-01	3099
-1.983338737572098e-01	-1.481450576714380e-01	3100
-1.974519347879558e-01	2.144385745842202e-01	3101
-1.733139781849237e-01	7.514488549761060e-02	3102
1.735839566714525e-01	8.038463435177485e-01	3103
-2.073356346346068e-01	-2.129483554913969e-01	3104
1.124158265847639e+00	1.253728949975373e-01	3105
1.135364753372559e+00	-1.354287512615197e-01	3106
1.134974464743379e+00	1.579935850858473e-01	3107
1.145136559191244e+00	-1.636638977851379e-01	3108
1.144225575102182e+00	1.943780395820438e-01	3109
1.154475251039530e+00	-1.994521429651775e-01	3110
1.152259076439581e+00	2.357993010764391e-01	3111
1.162412557600632e+00	-2.433723572382458e-01	3112
1.157248721774714e+00	2.855324880496934e-01	3113
1.157314080576043e+00	3.403002466281165e-01	3114
1.152173536982925e+00	3.940192547764833e-01	3115
1.139785483110742e+00	4.521549819022680e-01	3116
1.122883833265950e+00	5.098423097570117e-01	3117
1.095305177249287e+00	5.728428610537432e-01	3118
1.063367302939839e+00	6.348268629420638e-01	3119
1.019573701551635e+00	6.930643936603482e-01	3120
9.590510603800645e-01	7.517244159006390e-01	3121
-1.904291512539256e-01	3.154777600178473e-01	3122
-1.952242735176049e-01	2.790574031956463e-01	3123
-1.970206084030110e-01	2.479731941571928e-01	3124
8.773641057949089e-01	8.080265606332343e-01	3125
7.761490967851233e-01	8.558847047550854e-01	3126
6.629250778794696e-01	8.870025866622518e-01	3127
5.562259711885292e-01	8.969314479257358e-01	3128
1.125047347329628e+00	-1.098081204257962e-01	3129
1.089197480305097e+00	-7.059096381448822e-02	3130
1.114144478539873e+00	-8.796107438206194e-02	3131
1.113151492326908e+00	9.887506431612472e-02	3132
-7.258417020243936e-02	-6.245148662324127e-01	3133
-2.642612056555216e-02	-6.807524308541965e-01	3134
2.893703000351792e-02	-7.319981721836737e-01	3135
1.048968213866460e+00	3.549688561976685e-02	3136
9.680244472117239e-01	-8.922009891768111e-01	3137
1.006543737863156e+00	-5.158925239177842e-04	3138
1.017534060110208e+00	-8.857152762807650e-03	3139
-1.834152561550672e-01	-5.757674621386113e-01	3140
-6.476593056866561e-02	7.273820154193652e-01	3141
1.024201296380215e+00	1.814931044996739e-02	3142
1.185982223999231e+00	-5.515564753129705e-01	3143
1.130556904237582e+00	-6.919387514287659e-01	3144
1.035480564812134e+00	-1.980214780031890e-02	3145
-1.369356749279353e-01	-2.453959277423935e-02	3146
-1.164948194625813e-01	1.529965580398684e-02	3147
-1.149110474766219e-01	6.610922102770893e-01	3148
9.208830513881576e-04	7.946922603459101e-01	3149
2.777879430158325e-01	9.578472481326229e-01	3150
1.066362593759884e+00	5.503443336434983e-02	3151
3.706575048046312e-01	-1.006546324151161e+00	3152
2.562625827145079e-01	-9.729077973761661e-01	3153
-2.477623271510570e-01	-2.696033810659215e-01	3154
1.014346835682472e+00	6.413318808578053e-03	3155
1.024220204713306e+00	-1.628096891413054e-02	3156
-2.326940328691866e-01	3.444526602257471e-01	3157
7.913271715061827e-01	-9.894635565449483e-01	3158
1.014625239132214e+00	-5.885276118638197e-03	3159
1.021582965684831e+00	2.034450090028413e-02	3160
-1.793448065250621e-01	5.443703532698566e-01	3161
1.045347242627978e+00	-2.870737286156713e-02	3162
-2.476599843955442e-01	-3.136835595668622e-01	3163
-2.392218004981117e-01	-1.908017223554601e-01	3164
1.017107990457031e+00	9.494325869429540e-03	3165
-1.697278703927315e-01	-4.937631222016572e-02	3166
-1.993446272049092e-01	4.940428336194552e-01	3167
1.106141258954882e+00	8.092011280740150e-02	3168
1.201514498004396e+00	-4.966497378930466e-01	3169
1.213041326446199e+00	-4.250443397524499e-01	3170
1.150992637165372e+00	1.347001763716550e-01	3171
-2.310123586289836e-01	1.962067319474077e-01	3172
3.870422872467852e-01	9.896426994326020e-01	3173
1.068557930359570e+00	-5.254914206043922e-02	3174
1.083482279234133e+00	-6.056538240584168e-02	3175
5.641571664692908e-03	-8.273489593112772e-01	3176
-2.451147508110067e-01	-3.587293865292800e-01	3177
1.164220302586276e+00	-6.194492306091236e-01	3178
5.020283426409584e-01	1.005898112108627e+00	3179
8.877170116270101e-01	-9.458039576883429e-01	3180
1.010022223480076e+00	-2.190731283508575e-03	3181
1.012540945748204e+00	-3.597490505951033e-03	3182
1.052241480115151e+00	-3.650988526333809e-02	3183
1.056843095883096e+00	-3.983945296871619e-02	3184
1.584760236156798e-01	-9.311288379226094e-01	3185
1.020676223527213e+00	1.275338327066147e-02	3186
1.006122561390558e+00	1.019725909140440e-04	3187
-1.390069527884003e-01	3.658319535330105e-02	3188
8.398176568438337e-02	8.595601440501925e-01	3189
-2.251191463975388e-01	-4.634599030002599e-01	3190
-2.144312879039228e-01	4.424258225061140e-01	3191
7.687049346514611e-02	-8.825113626074526e-01	3192
6.587020709100807e-01	-1.017369458463156e+00	3193
-2.075426247596231e-01	-5.193270841524329e-01	3194
1.009920052820011e+00	2.543542292082139e-03	3195
1.043942554127630e+00	3.034140715008169e-02	3196
1.007924205143726e+00	-2.066702716989840e-03	3197
1.007185976914809e+00	-1.240628070558926e-03	3198
1.027108216825073e+00	-1.849403438991778e-02	3199
1.213142697146609e+00	-3.547358513895540e-01	3200
1.207482922454372e+00	-3.143707844514260e-01	3201
-2.249421377118662e-01	3.927073051518088e-01	3202
-2.384824258302787e-01	-4.118208780279064e-01	3203
1.035356217134742e+00	-8.311035246694322e-01	3204
5.105121779153103e-01	-1.022715376755944e+00	3205
1.081533576415578e+00	6.450830722051276e-02	3206
1.090227037982172e+00	-7.643877295279886e-01	3207
-1.515332883717101e-01	6.012600165704950e-01	3208
-2.317149035397486e-01	-1.578200053275212e-01	3209
1.012370887434614e+00	4.047611267361331e-03	3210
-1.662458316718347e-01	5.252780826557788e-02	3211
-2.053670519776299e-01	-7.578872513389610e-02	3212
-2.098705285597850e-01	1.022127892442926e-01	3213
-2.253472153354451e-01	1.645000750311749e-01	3214
-1.255810617078862e-01	-4.074619975359790e-04	3215
1.039671384537492e+00	2.612209664154357e-02	3216
1.040998783259778e+00	-2.472331491496402e-02	3217
1.006518796724021e+00	7.354598034962893e-04	3218
1.007130492745983e+00	1.483444911547806e-03	3219
1.007832924886762e+00	2.335906273724039e-03	3220
-2.150910968103069e-01	-9.958044667395342e-02	3221
-2.238254623092558e-01	-1.278562461828663e-01	3222
-2.182646860261152e-01	1.325303080108985e-01	3223
-2.007438867140989e-01	7.824868728298057e-02	3224
1.783998263677392e-01	9.161652006828599e-01	3225
-2.447540166125261e-01	-2.308382434125393e-01	3226
1.162710098673363e+00	-1.416425221357598e-01	3227
1.164954539157946e+00	1.698621262232990e-01	3228
1.175995031983988e+00	-1.745542451033493e-01	3229
1.178090500273780e+00	2.094356601088051e-01	3230
1.189335470849140e+00	-2.156173140428219e-01	3231
1.189550386005426e+00	2.573048806860911e-01	3232
1.200181291004594e+00	-2.634927974717718e-01	3233
1.197774647918906e+00	3.129745466484385e-01	3234
1.200195217034543e+00	3.715800815125079e-01	3235
1.196373584848267e+00	4.338559364504898e-01	3236
1.186376126493335e+00	4.971250429448444e-01	3237
1.167096871475151e+00	5.666515699599655e-01	3238
1.141545980833147e+00	6.357900883022747e-01	3239
1.102439954868187e+00	7.095006797959547e-01	3240
1.052220537722922e+00	7.866474245779209e-01	3241
-2.346724108582370e-01	2.317299634364585e-01	3242
-2.356520741306645e-01	3.030543223817136e-01	3243
-2.365191468888565e-01	2.659576471018127e-01	3244
9.748230973328383e-01	8.606820857578448e-01	3245
8.730505334564174e-01	9.273195904066174e-01	3246
7.502905497429478e-01	9.780841639643838e-01	3247
6.214919704925843e-01	1.003712786565836e+00	3248
1.149390270178148e+00	-1.147896952299901e-01	3249
1.106310048468888e+00	-7.157245725516147e-02	3250
1.135787426663272e+00	-9.071002889758634e-02	3251
1.136401852304824e+00	1.048600296346324e-01	3252
-1.515618047395293e-01	-6.391331284841489e-01	3253
-1.093927627785338e-01	-7.015376963784320e-01	3254
-5.624785120987336e-02	-7.683403913746675e-01	3255
-2.880891013851095e-01	-2.468233961355616e-01	3256
-2.713388227217132e-01	2.100457138218423e-01	3257
5.892730470811939e-01	-1.145112078985090e+00	3258
1.073095842329117e+00	-9.397084016793527e-01	3259
-9.592599118525212e-02	8.250874468935852e-01	3260
-2.952137120209365e-01	-3.917242696264404e-01	3261
-2.298082319676490e-01	6.049942836863506e-01	3262
4.289311465867980e-01	1.119617986596476e+00	3263
1.055142045104380e+00	4.192869772763915e-02	3264
1.009188537925676e+00	-1.570285069529079e-03	3265
1.012578082852004e+00	-1.723330128904307e-03	3266
1.066274911108361e+00	-4.260392244065642e-02	3267
-2.075221432878354e-02	-9.348578127892159e-01	3268
2.800439972371921e-01	-1.103527521651424e+00	3269
4.265821821001021e-01	-1.137034240441249e+00	3270
1.025477098115327e+00	-1.270921517336596e-02	3271
-1.985980175750867e-01	6.720875345584871e-01	3272
-9.081817780799026e-02	-8.664053370025750e-01	3273
1.019791414697599e+00	1.090776926429221e-02	3274
1.020288678018088e+00	-1.016130520894198e-02	3275
1.853980100351252e-01	1.042685097746325e+00	3276
1.016910240494245e+00	-6.744090696876301e-03	3277
-1.597122398774612e-01	3.639593124838241e-02	3278
-1.949188666937298e-01	-5.163535004157787e-02	3279
-2.825340879493108e-01	3.274278361162037e-01	3280
1.028478951822180e+00	1.663653329214138e-02	3281
-2.362185739200553e-01	-7.700578538679427e-02	3282
1.064550378287529e+00	4.450867149970428e-02	3283
-2.699961218697312e-01	-1.663117199328355e-01	3284
-2.636251398188079e-01	1.740366959625333e-01	3285
3.009074744949790e-01	1.087832131356918e+00	3286
-2.580754315491688e-01	-5.741285885433778e-01	3287
1.181861975084261e+00	1.429269875777167e-01	3288
1.184123911523956e+00	-7.686476678735836e-01	3289
5.655790764727802e-01	1.129503159939488e+00	3290
-2.799701786811321e-01	-2.054337821449481e-01	3291
1.127356875719919e+00	8.419539995916803e-02	3292
1.625269577745075e-01	-1.057026860118443e+00	3293
-2.340443409289462e-01	-6.406573945679732e-01	3294
1.097419163238287e+00	-5.922816652827624e-02	3295
9.915939141081751e-01	-1.013752656815530e+00	3296
-1.776221037974968e-02	9.064137506577478e-01	3297
1.241835916107038e+00	-6.064798395707006e-01	3298
1.034846473541039e+00	2.102450077856819e-02	3299
-1.565360954086718e-01	7.459158812529756e-01	3300
1.077849189875013e+00	5.617331417999634e-02	3301
1.016585367333675e+00	7.365076529394811e-03	3302
1.024258716253217e+00	1.425299631089353e-02	3303
1.030976926601209e+00	-1.629244261745810e-02	3304
1.027931624199245e+00	-1.441326425091543e-02	3305
-2.807130823734653e-01	3.771968754948114e-01	3306
7.509579227317407e-01	-1.125748724847662e+00	3307
1.014432893531042e+00	-4.229315180416440e-03	3308
1.047245207538049e+00	-2.224929998591926e-02	3309
-2.933971250612120e-01	-2.915913803553682e-01	3310
-2.506679798013313e-01	5.440949716252189e-01	3311
1.255473970945881e+00	-5.412719956135866e-01	3312
1.264275017853704e+00	-4.697115873669974e-01	3313
1.079973071358151e+00	-5.327753908954472e-02	3314
-2.956436086486373e-01	-3.388083487870586e-01	3315
1.217042441424480e+00	-6.875902255645673e-01	3316
8.896608990240653e-01	-1.077514853893726e+00	3317
1.012490874108583e+00	2.179748222699100e-03	3318
6.271533966309074e-02	-9.989728926538668e-01	3319
-1.329353864994401e-01	1.746563872192319e-02	3320
7.762305230742438e-02	9.801164440145711e-01	3321
-2.881448403858176e-01	-4.520758662817925e-01	3322
-2.660237138427734e-01	4.859954711176437e-01	3323
-2.768413359161363e-01	-5.102242060454454e-01	3324
1.046067927408202e+00	2.394997474891504e-02	3325
1.051328056045023e+00	2.821170631027204e-02	3326
1.008405306608290e+00	-8.948323788178389e-04	3327
1.264203552030714e+00	-3.895721889663711e-01	3328
-2.750590867089160e-01	4.296620283506117e-01	3329
1.098234556189420e+00	6.517261668939858e-02	3330
1.133342736177710e+00	-8.552400777672174e-01	3331
-1.465568275961246e-01	-5.458152732940955e-03	3332
1.014229723308411e+00	4.755728668766419e-03	3333
-1.645747075029450e-01	-2.147639863054527e-02	3334
-1.911029043842224e-01	5.473398293169737e-02	3335
-2.541390790976435e-01	1.412923379975774e-01	3336
1.041720567456084e+00	-1.833512991460969e-02	3337
1.007522903101585e+00	2.070184557000856e-04	3338
1.008361395594655e+00	1.185942884254788e-03	3339
1.009114716180489e+00	1.891213242839936e-03	3340
-2.592966945731442e-01	-1.344497197030354e-01	3341
-2.484366098098954e-01	-1.047060066258951e-01	3342
-2.435993417972317e-01	1.090955461884531e-01	3343
-2.317300121629615e-01	8.006487212332208e-02	3344
1.199945194039750e+00	1.803564407914196e-01	3345
1.194162574968223e+00	-1.479203965478909e-01	3346
1.212100397784765e+00	-1.853121415614309e-01	3347
1.217358786301917e+00	2.254835751787855e-01	3348
1.255330805977505e+00	-3.279891720649283e-01	3349
1.229345048073849e+00	-2.314882100131122e-01	3350
1.233313379689293e+00	2.794163341655031e-01	3351
1.244185571666385e+00	-2.828852057892993e-01	3352
1.244572970914502e+00	3.404905687016180e-01	3353
1.250114691574522e+00	4.059666961538815e-01	3354
1.248892410290589e+00	4.746103348764373e-01	3355
1.238941271840101e+00	5.491170764697706e-01	3356
1.221391711950526e+00	6.259532303216917e-01	3357
1.191218307037368e+00	7.092104504052266e-01	3358
1.149813923254190e+00	7.950603268352294e-01	3359
-2.775018657723122e-01	2.466757877826508e-01	3360
-2.819305353569629e-01	2.857087379803276e-01	3361
1.084078753689173e+00	8.966588567278744e-01	3362
9.861116700821284e-01	9.873863029112745e-01	3363
8.587674040321412e-01	1.063436816827145e+00	3364
7.116999430817309e-01	1.113002047302851e+00	3365
1.177108547555351e+00	-1.176361791816913e-01	3366
1.125856116055159e+00	-7.256653765233022e-02	3367
1.160347958326508e+00	-9.260591617479307e-02	3368
1.163572326788567e+00	1.101898031776603e-01	3369
-1.978673990282609e-01	-7.156882383827954e-01	3370
-1.512371233907250e-01	-7.891196063436481e-01	3371
5.012115757247051e-01	-1.279269335992912e+00	3372
-1.300408534270745e-01	9.379014409710634e-01	3373
-3.508680301279995e-01	-3.655158653728224e-01	3374
1.058525299789810e+00	3.418349775181004e-02	3375
1.052605201280869e+00	-2.737126453845226e-02	3376
-4.859491077337338e-02	-1.057352658156611e+00	3377
5.166510511355236e-02	-1.132686680355522e+00	3378
1.187472584509928e+00	-9.568556292631950e-01	3379
1.009374726686093e+00	-1.154701864733553e+00	3380
-2.022469491288787e-01	8.450406772154900e-01	3381
1.010382141760845e+00	1.151800899652235e-03	3382
-1.526429276090879e-01	1.892664584335869e-02	3383
1.240359193428609e+00	1.908396493214858e-01	3384
3.342793502364989e-01	1.234005704930551e+00	3385
-1.987682840297707e-01	-8.883067192251518e-01	3386
7.214503818907990e-02	1.116728094075344e+00	3387
1.075300526893749e+00	4.807001065834667e-02	3388
1.115064436716680e+00	-5.688496514839841e-02	3389
6.868757038501359e-01	-1.274009799035472e+00	3390
1.028194722076733e+00	1.224049536456451e-02	3391
-2.527779463002467e-01	7.528927739791750e-01	3392
1.014206756267560e+00	-2.436857750611422e-03	3393
1.036728151805128e+00	-1.436432196371502e-02	3394
1.280909102191994e+00	-7.602295150855528e-01	3395
-3.513012495113953e-01	-4.287127514575493e-01	3396
1.112465676147860e+00	-1.064192244371211e+00	3397
1.016601339211089e+00	-4.820865767245477e-03	3398
-3.103404830905588e-01	5.991828028480349e-01	3399
1.010424593428152e+00	-7.788374443435634e-04	3400
-3.172901697987240e-01	2.212353727520137e-01	3401
1.090649846227589e+00	5.551971761251901e-02	3402
-1.841966026650594e-01	-2.479986429571006e-02	3403
1.016365834117157e+00	5.436549678225937e-03	3404
-2.228483956817102e-01	-5.110385868590331e-02	3405
1.230667395143664e+00	-1.531976587263335e-01	3406
4.888951977079684e-01	1.262298237112103e+00	3407
6.557882693115342e-01	1.259342684292786e+00	3408
1.117413049095253e+00	6.656661943192096e-02	3409
-1.302049320572395e-01	-9.766450223329276e-01	3410
-3.361499375847164e-01	4.100318480775154e-01	3411
-3.264424991670903e-01	-2.176663201546580e-01	3412
-2.861363746742061e-01	6.727472432350795e-01	3413
1.063888312653158e+00	-3.308032187890447e-02	3414
1.012534279747463e+00	2.286467753271329e-04	3415
1.739250937778590e-01	-1.200051564283960e+00	3416
3.234953799975397e-01	-1.250968720987749e+00	3417
1.024224199992202e+00	-8.678289674769630e-03	3418
1.019813828550151e+00	-7.119612192373703e-03	3419
1.977391784766951e-01	1.185692847773050e+00	3420
-3.360292021434685e-01	3.545659072835636e-01	3421
-2.192499665959504e-01	5.421744305862929e-02	3422
1.240188265501359e+00	-8.591592895358524e-01	3423
-3.132711826369100e-01	-1.759852064983400e-01	3424
-3.070160741962550e-01	1.836027350618653e-01	3425
1.151810526579139e+00	8.708047577364968e-02	3426
-3.181600096798345e-01	-6.332086759325191e-01	3427
-3.794668540172116e-02	1.033443692929968e+00	3428
1.304744780832132e+00	-6.696049810380564e-01	3429
1.019463461814406e+00	7.863819248359143e-03	3430
1.031547440555315e+00	-1.194411506494501e-02	3431
1.028778376365711e+00	-1.056276915850420e-02	3432
1.041104743376800e+00	1.981440921441888e-02	3433
1.047848057374769e+00	-1.551201431975626e-02	3434
1.319220104149120e+00	-5.882810957517357e-01	3435
1.324848283726848e+00	-5.131545784801230e-01	3436
1.077112388441524e+00	-4.537162525033703e-02	3437
-3.375550630018203e-01	-2.635028317686504e-01	3438
-3.325915233330185e-01	3.059853589333260e-01	3439
8.654613709754628e-01	-1.230471717965142e+00	3440
1.014084960667940e+00	2.959174649317183e-03	3441
-3.370182752507903e-01	-5.624259251227223e-01	3442
-3.243630834088205e-01	5.329747725285831e-01	3443
-3.467324499789406e-01	-4.934565746073329e-01	3444
1.052871656139978e+00	2.097277722444894e-02	3445
1.322087247615303e+00	-4.292142076024074e-01	3446
-3.332769951719254e-01	4.683414611718255e-01	3447
-1.682164443212686e-01	1.068742338439609e-03	3448
-1.834130972067652e-01	3.602676988398799e-02	3449
-2.947179631078956e-01	1.472763297642151e-01	3450
-2.712835460218453e-01	-7.803477048963650e-02	3451
1.009424241500607e+00	2.194550112277790e-04	3452
-2.994113240935795e-01	-1.385978233510932e-01	3453
-2.815416671958677e-01	1.144175986469323e-01	3454
-2.857474611042671e-01	-1.078810572452695e-01	3455
-2.671919825613238e-01	8.240666851991243e-02	3456
1.217435111401824e+00	1.489761249841644e-01	3457
1.253521655032831e+00	-1.959124926078125e-01	3458
1.263282216754821e+00	2.413810478509550e-01	3459
1.294059423770110e+00	-2.942280145589074e-01	3460
1.275639263809505e+00	-2.456927807933696e-01	3461
1.283545783676024e+00	3.018572592910330e-01	3462
1.310383288450592e+00	-3.511331919991046e-01	3463
1.299213171820071e+00	3.689405678294084e-01	3464
1.308353508101944e+00	4.414025749242141e-01	3465
1.308960613485373e+00	5.205730144712510e-01	3466
1.301411644573917e+00	6.037972489131967e-01	3467
1.281908143621096e+00	6.949033345349797e-01	3468
1.250586154229727e+00	7.906270357528696e-01	3469
-3.263768556570172e-01	2.610503819658830e-01	3470
-3.453544571217587e-01	-3.126258138584946e-01	3471
1.199717628128773e+00	8.992029389493059e-01	3472
1.115384528373781e+00	1.027815958299622e+00	3473
9.888101785598631e-01	1.134702074826332e+00	3474
8.300340060786816e-01	1.217018934696215e+00	3475
1.208684171488088e+00	-1.196354593874856e-01	3476
1.148098047909438e+00	-7.250398153896566e-02	3477
1.188017026626997e+00	-9.206327801547319e-02	3478
1.194741824705735e+00	1.143963993247250e-01	3479
-2.915338652757222e-01	-7.143830216400354e-01	3480
-2.507975769338217e-01	-8.006166821488732e-01	3481
3.886353776653996e-01	-1.414638935391402e+00	3482
1.047183899100110e+00	1.710469037230220e-02	3483
-4.128964274185128e-01	-3.965195406524441e-01	3484
1.006032176741124e+00	-1.321878262644695e+00	3485
-4.004519502442394e-01	4.428195912687365e-01	3486
1.014214371797258e+00	-5.711607937719388e-04	3487
1.135235054066648e+00	-5.538459797138275e-02	3488
2.190286618857594e-01	1.347424232116866e+00	3489
5.766695092903096e-01	1.415074897521617e+00	3490
3.860431376181395e-01	1.397065132579809e+00	3491
1.179971756028307e+00	8.871991522481112e-02	3492
1.061650561332754e+00	-2.337695967497162e-02	3493
-3.521752568507905e-01	7.481274103536752e-01	3494
-3.125594946616255e-01	-8.963009831021266e-01	3495
1.071084447419797e+00	3.606228096835214e-02	3496
5.985747690041173e-01	-1.431149943741435e+00	3497
1.246225074763040e+00	-1.076948910093181e+00	3498
1.024674979616383e+00	1.021926540278890e-02	3499
1.032371161218198e+00	1.416733306610377e-02	3500
1.308015137010810e+00	-9.582005304125848e-01	3501
-3.556427101329389e-01	1.906079147170132e-01	3502
1.139593511038636e+00	6.727029744698575e-02	3503
-3.906819492678562e-01	3.265055971738264e-01	3504
1.022969049322902e+00	-5.178202378521177e-03	3505
1.035976830789687e+00	-9.175836932498710e-03	3506
-3.241128588118571e-01	1.163861481633487e-01	3507
-3.924395426954485e-01	5.825433929110524e-01	3508
1.054209050495950e+00	-1.973949842059328e-02	3509
-3.692950063191491e-01	2.304445921017509e-01	3510
1.104928367365006e+00	5.218143208819721e-02	3511
-1.947862093614618e-01	-4.559943827620412e-04	3512
-3.623521618175992e-01	-1.832639099049507e-01	3513
1.037045468242174e+00	1.557414018785542e-02	3514
-2.109047804760785e-01	-2.760029158880153e-02	3515
1.287349526230271e+00	2.001741050088532e-01	3516
7.806292079033034e-01	1.387396543997626e+00	3517
-4.147048756349570e-01	-5.379894610651890e-01	3518
1.088989245332687e+00	-4.554797194945623e-02	3519
-4.164675838144529e-01	-4.656728271176553e-01	3520
-1.670874123471931e-01	1.067730318923795e+00	3521
-2.549592985752439e-01	-4.850440449718076e-02	3522
1.104406557775615e+00	-4.470114028813713e-02	3523
1.042449235078245e+00	-1.213306254129280e-02	3524
-7.595406636449725e-02	-1.198007076613865e+00	3525
-2.514892672685413e-01	9.592659172807663e-01	3526
-3.988944725721335e-01	5.107800867540183e-01	3527
-1.730599331595770e-01	-1.101419981100308e+00	3528
7.033146668353377e-02	1.272184114944928e+00	3529
-3.134587525920359e-01	8.472937954017445e-01	3530
1.016158997502793e+00	3.693766557615873e-03	3531
1.351171513319090e+00	-8.464449881424323e-01	3532
1.149747267535104e+00	-1.209758547440466e+00	3533
1.016314476705610e+00	-3.084651116407404e-03	3534
-3.773955860018716e-01	6.626711194573772e-01	3535
1.018822941596263e+00	6.131438593209726e-03	3536
1.244898074541154e+00	-1.196832349738485e-01	3537
-2.524845964983093e-01	-1.000564787246909e+00	3538
-3.933226522423443e-01	-2.796891358104104e-01	3539
4.658568136683900e-02	-1.286419778731924e+00	3540
2.018597865559929e-01	-1.363271066595147e+00	3541
1.019092121561340e+00	-5.412160888480792e-03	3542
-3.967543948987218e-01	3.824497979370250e-01	3543
-4.042172634731291e-01	-6.180852011004613e-01	3544
-5.892181693931384e-02	1.178061188328627e+00	3545
1.378966097890365e+00	-7.370828778071238e-01	3546
1.022451093937242e+00	9.076833597230828e-03	3547
1.031906075593225e+00	-7.740628962275238e-03	3548
1.027803284442087e+00	-6.444195858797458e-03	3549
1.391579985315622e+00	-6.427020752152640e-01	3550
1.395672275200026e+00	-5.558753382125089e-01	3551
1.073981685559562e+00	-3.514241127535510e-02	3552
8.129206749141168e-01	-1.401794166063475e+00	3553
1.014176797692208e+00	1.097386411131657e-03	3554
1.059434211852293e+00	2.575859510334625e-02	3555
1.389487555844993e+00	-4.686267765301650e-01	3556
-2.101398788253230e-01	3.577311869894693e-02	3557
-1.752536430388089e-01	2.153449714308312e-02	3558
-3.405898895797961e-01	1.520153088924478e-01	3559
-3.450118212383771e-01	-1.428545366918975e-01	3560
-2.520551441418116e-01	5.236968644729736e-02	3561
-3.274516254416274e-01	-1.076532109992368e-01	3562
-3.070845044087165e-01	8.364588971342260e-02	3563
-3.104611790090419e-01	-7.745227176492117e-02	3564
1.258250580823556e+00	1.540029744890642e-01	3565
1.272552754828458e+00	-1.580139698434186e-01	3566
1.327129816584905e+00	-2.536306572619760e-01	3567
1.301159473385419e+00	-2.042681235054419e-01	3568
1.315992072584790e+00	2.575088855986319e-01	3569
1.351457553416249e+00	-3.082246630454772e-01	3570
1.341929133119337e+00	3.237279247601568e-01	3571
1.373413043261787e+00	-3.812147526325443e-01	3572
1.362507420047431e+00	3.978676601078590e-01	3573
1.375111568273915e+00	4.805372136589044e-01	3574
1.379344420233229e+00	5.689414892160022e-01	3575
1.372120440008803e+00	6.665528755146484e-01	3576
1.353095970195581e+00	7.711222662022831e-01	3577
-3.812392421432726e-01	2.765106537307836e-01	3578
-3.792409215086067e-01	-2.289844888265640e-01	3579
-4.049843819782299e-01	-3.329661722750059e-01	3580
1.316804998239571e+00	8.877463230270581e-01	3581
1.251140732989183e+00	1.024688454539224e+00	3582
1.132717240411258e+00	1.175809245516575e+00	3583
9.775365302248853e-01	1.304915565516976e+00	3584
1.172747244133084e+00	-7.103297343707261e-02	3585
1.219255413815144e+00	-9.000738696152041e-02	3586
1.230298607989564e+00	1.159661236966185e-01	3587
-3.869282067083205e-01	-7.004793825939424e-01	3588
-3.554402787076839e-01	-7.971180914660387e-01	3589
1.042400318606835e+00	1.377552103977475e-02	3590
1.016094142352762e+00	2.123012367662922e-03	3591
7.583906891762361e-02	1.449502336305357e+00	3592
1.085411379624675e+00	4.019744289889422e-02	3593
1.172899364746107e+00	-1.386535131745885e+00	3594
1.026182216787673e+00	-2.722766911907723e-03	3595
4.803789175348194e-01	-1.592756885270585e+00	3596
-3.960745398641283e-01	-1.447663865272506e-01	3597
-2.891977452617240e-01	4.813567048053449e-02	3598
-3.514867508325546e-01	8.129087194287975e-02	3599
1.122179199695724e+00	-4.102589341719148e-02	3600
1.164840226002198e+00	6.690902728933870e-02	3601
7.032917439802968e-01	1.571410574257154e+00	3602
-2.067711847508700e-01	1.216923355613498e+00	3603
-4.666640457808643e-01	4.088168054726159e-01	3604
2.517330782140349e-01	-1.547434219253853e+00	3605
-4.539674649439883e-01	7.324441359246155e-01	3606
-4.915861050492020e-01	-5.034987986690193e-01	3607
1.157726300060048e+00	-5.243443639822352e-02	3608
-3.126669045794821e-01	-1.129487184968336e+00	3609
9.735940081663439e-01	-1.515506638799800e+00	3610
-4.843140531335085e-01	-4.273295801748297e-01	3611
-3.719235099172014e-01	1.159057770397051e-01	3612
1.070813861524734e+00	-2.590497123151432e-02	3613
-3.825124810308848e-01	-1.005801715476119e+00	3614
1.067153421094126e+00	3.081499506995650e-02	3615
-2.407838674182234e-01	-2.728671503351821e-02	3616
-4.727398916660351e-01	-3.566434690905884e-01	3617
1.286357708631163e+00	-1.186582081295293e-01	3618
1.305302358763748e+00	1.568035311508313e-01	3619
1.353913578783859e+00	-2.077227576658591e-01	3620
1.211586591709020e+00	8.862743908574928e-02	3621
1.376943101751924e+00	2.719938822960158e-01	3622
9.444441950898748e-01	1.499267163398356e+00	3623
1.053664035862980e+00	1.374107778645477e-02	3624
-4.735433757302643e-01	4.789139964807860e-01	3625
2.573551326755609e-01	1.530096866981095e+00	3626
4.670226792465802e-01	1.575646470498826e+00	3627
1.306166444370284e+00	-1.220992315258004e+00	3628
1.384876693359238e+00	-1.072915908517064e+00	3629
-3.917260563153833e-01	1.543443927981837e-01	3630
1.094983289492034e+00	4.178567550759670e-02	3631
-4.698004836531379e-01	6.391680598252473e-01	3632
1.061092037300760e+00	-1.500685907114192e-02	3633
1.054579468991269e+00	-1.224514597152870e-02	3634
1.125808208978792e+00	5.014617390189429e-02	3635
-2.238769863823042e-01	5.193067434348528e-03	3636
-4.102701094056717e-01	1.942554254947187e-01	3637
-4.178461739978149e-01	-1.886077984101908e-01	3638
1.036018725834206e+00	1.058599497888129e-02	3639
1.085469477684456e+00	-3.724544558214207e-02	3640
-4.272639956458757e-01	8.356007647500638e-01	3641
-2.401868927636510e-01	3.219697882602086e-02	3642
1.048152759095126e+00	-8.992952032052975e-03	3643
1.041213298018166e+00	-6.231497540251902e-03	3644
-2.194411256486327e-01	-1.244942424757570e+00	3645
-3.042411223791656e-01	1.088899210127532e+00	3646
-4.749562607610231e-01	5.543106920441092e-01	3647
-3.798524892684165e-01	9.584763697699846e-01	3648
1.018520261516336e+00	4.294821859402395e-03	3649
1.432814853389853e+00	-9.415949044812117e-01	3650
1.016177626135059e+00	-1.515488351192157e-03	3651
-4.385018265857425e-01	-2.397081648525816e-01	3652
-4.435963709434868e-01	2.908184908520844e-01	3653
-1.000645175140308e-01	-1.360409617595854e+00	3654
5.514021559485500e-02	-1.464347730950690e+00	3655
1.018704655180039e+00	-3.585836466119258e-03	3656
-4.908742489166814e-01	-5.885367545643421e-01	3657
-4.307708643501060e-01	-8.883192688149077e-01	3658
-7.851283453468746e-02	1.343444587984489e+00	3659
1.462835234934889e+00	-8.160691196524358e-01	3660
1.035341329968736e+00	-4.448439279507111e-03	3661
1.031963433558881e+00	9.598149663449627e-03	3662
1.030965236933853e+00	-3.539754762739636e-03	3663
1.028195457533566e+00	8.189666743530019e-03	3664
1.475951222192945e+00	-7.015493830327013e-01	3665
1.341337757658836e+00	2.092095767631328e-01	3666
1.476387400721389e+00	-6.027943228482936e-01	3667
1.095970172956346e+00	-3.307771722791698e-02	3668
7.293448324572822e-01	-1.586995808178727e+00	3669
1.016151782775833e+00	3.043033395405194e-04	3670
1.060449762380921e+00	1.753109390228333e-02	3671
-1.991842362918926e-01	1.746059318297442e-02	3672
-3.746000351239763e-01	-1.060323265852938e-01	3673
-2.910292343737747e-01	-4.499630609081131e-02	3674
-3.537422886180187e-01	-7.294443970999925e-02	3675
1.320463671232389e+00	-1.600574472539587e-01	3676
1.386032944945454e+00	-2.597584124303006e-01	3677
1.417751580247878e+00	-3.276951261500313e-01	3678
1.409266822363334e+00	3.451052868328247e-01	3679
1.446583203239183e+00	-4.125207760159921e-01	3680
1.435036762708917e+00	4.292008709278114e-01	3681
1.467360474342523e+00	-5.065478351893269e-01	3682
1.452732105209058e+00	5.211904704484716e-01	3683
1.459453514546486e+00	6.239635030996292e-01	3684
1.454769028666006e+00	7.355975779223486e-01	3685
-4.277017658002773e-01	2.400256481520804e-01	3686
-4.568186061219930e-01	-2.935506470790402e-01	3687
-4.576375723892720e-01	3.477904258724053e-01	3688
1.434306424116814e+00	8.603067534387180e-01	3689
1.387631926447580e+00	1.005807405716111e+00	3690
1.293390803039530e+00	1.179255104065977e+00	3691
1.166003285223153e+00	1.372466545879312e+00	3692
1.200551020111033e+00	-6.688424529888312e-02	3693
1.254591272349703e+00	-8.516697231878957e-02	3694
1.270804955766010e+00	1.156775295058440e-01	3695
-4.829936968985091e-01	-6.774309211043213e-01	3696
-4.638158983816953e-01	-7.787874637834674e-01	3697
1.022782604722333e+00	-1.609838222953988e-03	3698
-5.424023536967945e-01	8.112245134755766e-01	3699
1.247716647161349e+00	8.543021988377371e-02	3700
-2.548164725763280e-01	4.124623239721792e-03	3701
-5.144936985210660e-01	3.038233241562122e-01	3702
1.169054655250385e+00	-1.597795411025128e+00	3703
1.142368988929997e+00	-3.690943510242173e-02	3704
8.448989223659703e-02	-1.669063218580670e+00	3705
-4.020725903146604e-01	-6.553313905237448e-02	3706
-9.336401658076651e-02	1.533316712928390e+00	3707
1.067845775382454e+00	2.200033895994108e-02	3708
-2.724436192262330e-01	2.665988928083169e-02	3709
-3.644326516083933e-01	1.237565249253080e+00	3710
1.193433482390202e+00	6.474446393291572e-02	3711
1.413333092111620e+00	-2.066144310927659e-01	3712
6.094675845459885e-01	-1.780262911182605e+00	3713
-4.718518576611842e-01	1.971330138052100e-01	3714
-5.567582477340907e-01	5.155236205537322e-01	3715
-5.571155469510211e-01	7.026196042176512e-01	3716
-5.791173667686361e-01	-6.409870371622489e-01	3717
5.902079760999785e-01	1.763898894128404e+00	3718
3.301388331904176e-01	-1.751809295045565e+00	3719
-5.760836249898478e-01	-5.465759401785140e-01	3720
-5.495035093855151e-01	-3.802207551734054e-01	3721
-5.109401701477324e-01	9.396150513898887e-01	3722
1.018363766786029e+00	-5.781241185763228e-04	3723
1.035017861287450e+00	5.945541307757250e-03	3724
1.033967490269397e+00	-8.666150996334849e-06	3725
1.029151022691490e+00	3.210916033248128e-04	3726
1.446464910457393e+00	2.851381557755062e-01	3727
-5.321989120350857e-01	3.682031651754795e-01	3728
1.333486468357691e+00	-1.142625486647433e-01	3729
-4.613640692572227e-01	-1.131644136770798e+00	3730
1.143393653359889e+00	1.588015405478494e+00	3731
8.792231117711005e-01	1.715881337591877e+00	3732
1.109508949005391e+00	3.793086273549661e-02	3733
-5.660765520042292e-01	-4.577841413674490e-01	3734
1.021418276763567e+00	-3.971072887562485e-03	3735
9.628998777418991e-02	1.652355307251733e+00	3736
1.069346700407300e+00	-1.869997447980982e-02	3737
-4.486299490522024e-01	1.522558476994787e-01	3738
-3.293452877592385e-01	4.678792818326621e-02	3739
-3.313320911556073e-01	-3.900194000681614e-02	3740
-2.729736537471313e-01	-2.111117641276518e-02	3741
-2.476309476935726e-01	1.388869169007449e+00	3742
-5.463198541748582e-01	4.367813229412543e-01	3743
-4.534495100488714e-01	-1.434892517363633e-01	3744
1.182361235566033e+00	-4.773835949493554e-02	3745
-5.170125332484659e-01	-9.921583843020982e-01	3746
9.049551946774682e-01	-1.732282045470010e+00	3747
-4.251491246310369e-01	1.128251276738631e-01	3748
1.047874383371321e+00	1.041715976452312e-02	3749
1.110579543195204e+00	-3.132536885963069e-02	3750
1.060528610114327e+00	9.487457583907859e-03	3751
3.245487196335826e-01	1.734207931173300e+00	3752
1.357777313792435e+00	-1.397894244008415e+00	3753
1.467699084247009e+00	-1.211064088282373e+00	3754
1.149160892123331e+00	4.820152874956669e-02	3755
1.060577130278076e+00	-7.089340791119147e-03	3756
1.081470105215866e+00	-2.685681438534639e-02	3757
1.054184569501768e+00	-5.003040241137247e-03	3758
1.041433237667109e+00	7.784511308992083e-03	3759
1.046681407714178e+00	-2.530853967212629e-03	3760
-3.774111837584532e-01	-1.277004610919763e+00	3761
-5.618257977837693e-01	6.027521986094188e-01	3762
-4.536783736653119e-01	1.089788493375003e+00	3763
1.021211343487588e+00	4.793475340284816e-03	3764
1.526947596136684e+00	-1.049706009732978e+00	3765
-5.053800407765957e-01	-2.468572688064176e-01	3766
-2.658095909317897e-01	-1.412101572362951e+00	3767
-1.144916711840772e-01	-1.549677968500806e+00	3768
1.558745619553637e+00	-9.047871314516264e-01	3769
1.039623264337266e+00	-8.511869566960074e-04	3770
1.031433775563172e+00	5.307089405583249e-03	3771
1.572385500272415e+00	-7.700838751574129e-01	3772
1.570012852225046e+00	-6.521385199610473e-01	3773
1.018321580565158e+00	1.278614237409847e-03	3774
-4.008944294923271e-01	7.543716868669273e-02	3775
-4.272985106271481e-01	-1.020651992992273e-01	3776
1.373621061612093e+00	-1.579950329946565e-01	3777
1.359334491683566e+00	1.584579240178510e-01	3778
1.454103272570988e+00	-2.689569562979232e-01	3779
1.403483577813995e+00	2.156613655546194e-01	3780
1.494836346583439e+00	-3.483649303088675e-01	3781
1.486397955477728e+00	3.675999037355410e-01	3782
1.530712751168013e+00	-4.427928656525345e-01	3783
1.518905722275667e+00	4.608672123883677e-01	3784
1.555910340107026e+00	-5.463704567619574e-01	3785
1.541269381762426e+00	5.670629235368672e-01	3786
1.552769094033056e+00	6.838285177066189e-01	3787
-4.937254654878228e-01	2.474323674406383e-01	3788
-4.804364930717571e-01	-1.929215386073359e-01	3789
-5.291299656465532e-01	-3.087094434960412e-01	3790
1.549894833856906e+00	8.152437032202656e-01	3791
1.523411752724008e+00	9.690706851247490e-01	3792
1.456943316174335e+00	1.155563896781747e+00	3793
1.354033827460833e+00	1.357877560517881e+00	3794
1.231707917087857e+00	-6.064831784944551e-02	3795
1.294848519510389e+00	-7.852230155083205e-02	3796
1.317015958743902e+00	1.121734071433040e-01	3797
-5.516729151093562e-01	-8.648609146692982e-01	3798
-5.723949395252665e-01	-7.466478564728798e-01	3799
-1.115885837126334e-01	-1.770280608697092e+00	3800
1.174990158889453e+00	4.461464181899177e-02	3801
-2.869006472567123e-01	1.587839978837681e+00	3802
-4.560649140215666e-01	-5.521535707071885e-02	3803
-6.106960823528960e-01	-3.240079058825743e-01	3804
1.131439617751508e+00	3.249064760079464e-02	3805
1.164690580638444e+00	-3.100804372879137e-02	3806
-5.311586103149624e-01	1.238770821802515e+00	3807
-6.520520738079882e-01	5.542747964287900e-01	3808
-6.579852538550525e-01	7.723260521731494e-01	3809
1.025381422776324e+00	9.057421557929727e-04	3810
1.267145685932923e+00	-5.117411938910765e-02	3811
7.708852037921347e-01	1.948480052359566e+00	3812
-3.767210355941696e-01	-3.337358694420493e-02	3813
1.078779536443284e+00	2.785213985368529e-02	3814
1.127323789237008e+00	-2.438734468916649e-02	3815
1.068290674501509e+00	1.322809338056281e-02	3816
4.358554179391253e-01	1.957268145019120e+00	3817
1.052305579891642e+00	1.999907057233220e-03	3818
-6.534671285530805e-01	-9.607394505815703e-01	3819
1.432405382303699e-01	-1.900916120457301e+00	3820
1.045549312988899e+00	3.697014551440096e-03	3821
1.020335780285184e+00	2.041696123009234e-03	3822
-3.697749201195880e-01	4.116139961029453e-03	3823
-3.079229291141791e-01	1.628789209208128e-02	3824
1.526755652370502e+00	2.973426698598708e-01	3825
1.274262016512542e+00	1.526688014093016e+00	3826
1.209782122059144e+00	-3.992552929288139e-02	3827
-6.732871229095999e-01	-5.905536484102072e-01	3828
-6.147716810915987e-01	-1.111764859703230e+00	3829
-6.424698166284893e-01	9.047740778511479e-01	3830
1.481715873505616e+00	-2.059815992213559e-01	3831
-6.732688278604190e-01	-8.250988226453417e-01	3832
1.129097906915585e+00	-1.843938250202728e+00	3833
-9.669672950521634e-02	1.752482544746202e+00	3834
1.099131334500654e+00	2.798751823110966e-02	3835
-4.294971582768057e-01	1.410412536021654e+00	3836
1.225227962582211e+00	6.040163168910612e-02	3837
4.487606720468986e-01	-1.974214857257930e+00	3838
-6.588575570352414e-01	-4.921515381160499e-01	3839
-6.047660292488773e-01	1.062675532856169e+00	3840
1.024697792561598e+00	6.100966546952767e-03	3841
1.027462126763348e+00	4.110959784310082e-03	3842
1.288492970029111e+00	7.972702511947194e-02	3843
1.385947901668520e+00	-1.060382046722516e-01	3844
-6.799199483280843e-01	-7.002769804716540e-01	3845
1.100129175023243e+00	1.832884130912309e+00	3846
-6.362889007149672e-01	4.653331422435801e-01	3847
1.020606547224299e+00	-4.267597352429268e-04	3848
1.442274534034651e-01	1.883062603726182e+00	3849
1.068500408727054e+00	-1.005818633371875e-02	3850
-3.735338378594998e-01	3.857161045240518e-02	3851
-2.990250069283206e-01	-8.545729876818845e-03	3852
-6.370157464517425e-01	-4.019256096897591e-01	3853
-6.171427780668018e-01	3.867930719909037e-01	3854
-5.124971578924309e-01	1.477704142906374e-01	3855
-5.181565269706158e-01	-1.401493484963260e-01	3856
7.914734211102764e-01	-1.965128940369979e+00	3857
-4.839112216428564e-01	1.045980589092238e-01	3858
-4.558329653800127e-01	6.633917273270849e-02	3859
1.101741896196774e+00	-1.998960298306696e-02	3860
1.092986018193324e+00	-1.990192995218829e-02	3861
1.053775245941623e+00	6.315021982246725e-03	3862
1.391228524510502e+00	-1.617435092799564e+00	3863
1.548317840906836e+00	-1.383322482863220e+00	3864
1.078975697018528e+00	-2.052473798772758e-02	3865
1.059501703311609e+00	5.328941482415911e-04	3866
-5.476467061636923e-01	-1.278189455315778e+00	3867
-6.603150623095140e-01	6.580445019857863e-01	3868
1.631800985486783e+00	-1.179014364771965e+00	3869
-5.501400797535385e-01	-1.933182629907523e-01	3870
-5.681528620069458e-01	2.522726394210980e-01	3871
-4.445930052522940e-01	-1.446034738579724e+00	3872
-3.066625793289679e-01	-1.608845328524419e+00	3873
1.669642238137912e+00	-1.004438881139863e+00	3874
1.682241410076738e+00	-8.486933642285786e-01	3875
1.677560511327034e+00	-7.084671476662106e-01	3876
-4.860093332971648e-01	-9.389682917306016e-02	3877
1.474157638509403e+00	2.201854788167033e-01	3878
1.533188874557293e+00	-2.780781874944416e-01	3879
1.421227218256797e+00	1.565781264728546e-01	3880
1.432647113705559e+00	-1.499154327377593e-01	3881
1.583510415649900e+00	-3.682196009014275e-01	3882
1.575200976683840e+00	3.890876121550592e-01	3883
1.626279409130280e+00	-4.739374897895488e-01	3884
1.614674430713281e+00	4.962422168484368e-01	3885
1.657978716277083e+00	-5.861228599767169e-01	3886
1.644077759998125e+00	6.159568686007251e-01	3887
-5.407471025596265e-01	1.972366308361825e-01	3888
-5.812480253628369e-01	-2.530792061720655e-01	3889
-5.941849901877302e-01	3.167924527815772e-01	3890
1.660558750343043e+00	7.519692907571305e-01	3891
1.656044602056633e+00	9.126993388284477e-01	3892
1.618377894854379e+00	1.107921199356765e+00	3893
1.541698281113243e+00	1.326035916571124e+00	3894
1.340234654427277e+00	-6.786418634369774e-02	3895
1.369929489631138e+00	1.065350693418305e-01	3896
-4.968872283273374e-01	1.612633760451342e+00	3897
-7.605683106433577e-01	5.984192184977514e-01	3898
1.076827755019798e+00	1.801309374623750e-02	3899
-7.555243767312967e-01	1.016325489176321e+00	3900
1.113433652011931e+00	2.350986740018741e-02	3901
-4.215993741595169e-01	-1.390248394587242e-02	3902
1.263331448966575e+00	-1.782211273319897e+00	3903
1.203683310278299e+00	3.868063221984348e-02	3904
1.287403175022573e+00	1.722572450254662e+00	3905
1.023302810351083e+00	1.546287557628281e-03	3906
1.560874610167118e+00	-2.033949527989463e-01	3907
1.261214627543708e+00	5.229212360532962e-02	3908
-3.346991154922744e-01	-1.841167790673120e+00	3909
1.147069571727244e+00	-1.747019456006238e-02	3910
-7.093071810728411e-01	1.211132797565559e+00	3911
1.038391626479824e+00	-2.120625778040373e+00	3912
2.356739787212341e-01	2.141090571066143e+00	3913
-5.150432286393716e-01	-4.047234171987002e-02	3914
1.800189966292101e+00	-7.740212075223674e-01	3915
-6.841100656511051e-01	3.263719734516184e-01	3916
1.618920086919408e+00	3.075274386202562e-01	3917
-7.844207290269632e-01	-6.387536833091626e-01	3918
1.116527780836659e+00	-1.757860315100667e-02	3919
1.795408714894988e+00	-1.122390877929179e+00	3920
-7.731117845145109e-01	8.537910775447032e-01	3921
-4.228680033059924e-01	2.612349582279455e-02	3922
-6.518410458108184e-01	2.562632140446950e-01	3923
2.431372648807779e-01	-2.158553265677909e+00	3924
1.335343785072679e+00	7.006528718856631e-02	3925
1.500023711877504e+00	-1.400009454855310e-01	3926
-5.837291855752178e-01	1.400307982163256e-01	3927
1.472077942593169e+00	1.510221010831223e+00	3928
1.240435971861908e+00	-2.955492870503095e-02	3929
1.491631844329257e+00	1.520739516982630e-01	3930
-3.188391072122186e-01	1.819584472283467e+00	3931
-7.640025501328930e-01	-5.268761186226215e-01	3932
1.155714006711397e+00	2.759100003830108e-02	3933
-6.202080182349045e-01	1.408998873114458e+00	3934
1.012947533546776e+00	2.107688238966938e+00	3935
6.111680016104979e-01	2.187030861651091e+00	3936
-7.899412917211373e-01	-9.112332966594457e-01	3937
-8.138167928494647e-02	-2.025267085598356e+00	3938
1.188848764934856e+00	-2.313338209842676e-02	3939
-7.696822661525601e-01	-1.070780445457374e+00	3940
1.306963033231813e+00	-3.905791806692161e-02	3941
-7.942637961479559e-01	-7.688352088437745e-01	3942
-7.617096958257159e-02	2.005944015684523e+00	3943
1.089107274863528e+00	1.734682834362571e-02	3944
-7.389903885574455e-01	4.934821291504238e-01	3945
1.067368130226675e+00	-1.774179493677783e-03	3946
-7.366244687785261e-01	-4.254436391127459e-01	3947
-7.145727814107116e-01	4.050220377648956e-01	3948
-7.031089638757505e-01	-3.360754356331529e-01	3949
6.266197406077422e-01	-2.203530746166924e+00	3950
-5.493531344888053e-01	9.241481093903482e-02	3951
-5.153481253663720e-01	5.209885701481682e-02	3952
1.067689458222077e+00	4.208553430725921e-03	3953
1.620067166783024e+00	-1.600149865748825e+00	3954
1.077645628554013e+00	-1.356841014043788e-02	3955
-7.235438111985781e-01	-1.252175611838668e+00	3956
-7.724720141307772e-01	7.181465787203937e-01	3957
1.740786147071160e+00	-1.341938661892939e+00	3958
-6.285891324474080e-01	-1.903558790129818e-01	3959
-6.419779065470491e-01	-1.451546256261224e+00	3960
-5.139142541152620e-01	-1.644448042255430e+00	3961
1.809198361898116e+00	-9.367363095954753e-01	3962
-5.518591092586774e-01	-8.236219355473640e-02	3963
1.624290795661118e+00	-2.858172338077263e-01	3964
1.555457471995643e+00	2.215036014409542e-01	3965
1.443570048845993e+00	-9.105791222513573e-02	3966
1.684483602974756e+00	-3.883743132110194e-01	3967
1.676705122366356e+00	4.126688999174508e-01	3968
1.735785925320044e+00	-5.030655306864484e-01	3969
1.725483210719949e+00	5.325972428152740e-01	3970
1.775225670895465e+00	-6.295861133050703e-01	3971
-6.179141906107994e-01	1.933555687133377e-01	3972
-5.901406870615454e-01	-1.329780492585323e-01	3973
-6.667567015202682e-01	-2.590606561399098e-01	3974
1.762953151260793e+00	6.706346074986789e-01	3975
1.782275275019382e+00	8.358377622116416e-01	3976
1.774315074593056e+00	1.036741235805662e+00	3977
1.728206534992493e+00	1.269076632489577e+00	3978
1.390874888046323e+00	-5.327259814089205e-02	3979
1.430170200801293e+00	9.640076532958768e-02	3980
-7.172325467923573e-01	1.608625053228583e+00	3981
-8.191808797471128e-01	1.380854245395766e+00	3982
-8.817464839890831e-01	1.150382450670027e+00	3983
-3.397822056787165e-01	-2.114470211679221e+00	3984
1.282626800530767e+00	1.997537478597090e+00	3985
1.140389546862082e+00	1.375734766449814e-02	3986
-5.618893076254727e-01	1.850845876044257e+00	3987
1.129696502890482e+00	-8.575782874736929e-03	3988
-4.758748741440390e-01	2.095003172336157e-03	3989
1.932672954195188e+00	-1.272355028317945e+00	3990
1.388342932566951e+00	5.734481879770591e-02	3991
1.215479752822175e+00	-1.162205609289857e-02	3992
-8.231655085596886e-01	4.230324151055925e-01	3993
1.181919804987628e+00	2.063051218162228e-02	3994
1.168814899436724e+00	-8.602994243578679e-03	3995
1.275083900250781e+00	-1.521827891214340e-02	3996
-7.045431310613481e-01	1.874539623873531e-01	3997
-8.841200489622483e-01	-5.626461939685264e-01	3998
3.940851282785294e-01	2.418397399139299e+00	3999
-1.473807331056428e-02	2.296200896603248e+00	4000
1.954519476439388e+00	-1.040201832170458e+00	4001
1.076170905919845e+00	-2.818357812730182e-03	4002
-1.080863397523911e-02	-2.315409455966142e+00	4003
1.502157199728356e+00	-1.813237811189647e+00	4004
-5.768018604186188e-01	-1.881619103886232e+00	4005
8.842253417810313e-01	-2.415789997014031e+00	4006
1.728460538086749e+00	-2.930651214129684e-01	4007
-5.802490325883933e-01	-2.022818642240079e-02	4008
1.652123474666926e+00	-1.982328415838860e-01	4009
1.102632099305135e+00	1.434748587399077e-02	4010
1.107007493516435e+00	-6.301938184845365e-03	4011
1.235187321542017e+00	3.007065872577946e-02	4012
1.079615583021739e+00	7.959192850943826e-03	4013
1.301815146931208e+00	4.105841799447313e-02	4014
1.129132124110274e+00	1.477180978795505e-02	4015
1.941850731346060e+00	-8.471887613631761e-01	4016
-9.110062613883981e-01	-6.944831581484355e-01	4017
1.724388574504648e+00	3.181777120342129e-01	4018
-9.040609436230317e-01	9.511292957255143e-01	4019
-8.834319421246463e-01	6.472551786846034e-01	4020
-8.490375386474165e-01	-4.494286972259721e-01	4021
1.351331681398623e+00	-2.225214869855563e-02	4022
1.508716151424575e+00	-7.242703037563818e-02	4023
-8.081124156099115e-01	-3.475643198662845e-01	4024
-7.857559341531315e-01	3.326060624425606e-01	4025
1.525686603167264e+00	1.742827691575542e+00	4026
1.648707475082267e+00	2.193682372106335e-01	4027
-3.322703831745080e-01	2.091226701415386e+00	4028
-8.560720374952909e-01	5.246285093301800e-01	4029
8.637432302891574e-01	2.401799829671086e+00	4030
-9.245511868652171e-01	-8.439522217231245e-01	4031
-9.236516429680559e-01	-1.009115062841001e+00	4032
-5.808183184798594e-01	3.153026079373381e-02	4033
4.053053659020181e-01	-2.435411901382266e+00	4034
-6.215036149608497e-01	7.666844217359606e-02	4035
-9.006325957009748e-01	-1.200476510420483e+00	4036
-9.011344828361972e-01	7.861063762730117e-01	4037
1.850248669236962e+00	-1.549508715586412e+00	4038
-7.630877860138948e-01	-2.605899903797935e-01	4039
-8.444108335849200e-01	-1.417798505948121e+00	4040
-7.399026718127315e-01	-1.655517204139789e+00	4041
-6.704354917629615e-01	-1.206806336724780e-01	4042
1.572045552225282e+00	1.424924154296577e-01	4043
1.577432946660531e+00	-1.260552356804911e-01	4044
1.677993802230058e+00	1.470168445570642e+00	4045
1.799770288629817e+00	-4.050710668349614e-01	4046
1.793705745553680e+00	4.351030125696235e-01	4047
1.861251628242190e+00	-5.328192728847334e-01	4048
-6.245376505505532e-01	-6.714725607530134e-02	4049
-6.629343230475011e-01	1.270527374782856e-01	4050
-7.173782781273441e-01	-1.859278774893955e-01	4051
-7.458220454445798e-01	2.557723781366629e-01	4052
1.853523128489780e+00	5.720536021347635e-01	4053
1.909092604130151e+00	-6.802786513976106e-01	4054
1.898365162599867e+00	7.385779651827270e-01	4055
1.921163722389581e+00	9.419651918621849e-01	4056
1.909433407182772e+00	1.184302771791978e+00	4057
1.446011983435277e+00	-3.151237249260642e-02	4058
1.498731918926364e+00	8.278684011369418e-02	4059
1.208371497724916e+00	2.329714412307708e+00	4060
1.245081063825022e+00	2.878386996060046e-03	4061
-1.054368158525971e+00	-7.567868806104947e-01	4062
-8.180338389518594e-01	1.846056829092725e+00	4063
6.407441219307285e-01	2.696945289487226e+00	4064
1.353863358212882e+00	-2.009382621387819e+00	4065
-6.149754353752823e-01	2.133854281170513e+00	4066
1.160158360190130e+00	7.339076648802517e-03	4067
1.199823336428925e+00	-2.390167659098708e+00	4068
1.313685139416148e+00	2.224436389254427e-03	4069
1.270468451658130e+00	1.704154953316536e-02	4070
1.210412832164339e+00	1.108537915033323e-02	4071
-6.272084461694536e-01	-2.169973452524993e+00	4072
1.759963531077261e+00	-1.790296760521081e+00	4073
1.448863735608386e+00	3.903204861502362e-02	4074
-1.052087604233879e+00	1.069631325639364e+00	4075
1.348193566156046e+00	2.497479086357274e-02	4076
1.145746653506267e+00	1.549909199429165e-03	4077
-9.467637478054607e-01	4.395928492935920e-01	4078
1.565176278195244e+00	2.023288424266237e+00	4079
-6.524988429513190e-01	4.941330970319163e-03	4080
-8.387743601165801e-01	-1.898810431528023e+00	4081
1.399622438262039e+00	-7.777636330633794e-04	4082
1.663994840146017e+00	1.277406348184217e-01	4083
1.845496844784505e+00	3.255742052028627e-01	4084
-9.003339680819125e-01	3.385373978914654e-01	4085
-9.446897408849569e-01	1.575152460005974e+00	4086
-1.019883233203525e+00	1.312836213247543e+00	4087
-1.024247682708676e+00	7.005268524998941e-01	4088
1.755753870715363e+00	2.159710389996926e-01	4089
2.077360762375364e+00	-1.465405388706422e+00	4090
1.666568258805599e+00	-1.079452039897669e-01	4091
1.192130754064394e+00	2.413703390147265e-03	4092
-9.265807414182587e-01	-3.590752892263711e-01	4093
-1.021242552701800e+00	-6.032681971586276e-01	4094
1.119551289207608e-01	2.624123554442714e+00	4095
2.117806043406312e+00	-1.171952067141541e+00	4096
1.086422583375979e+00	-6.950566056684172e-03	4097
-3.099716014947871e-01	-2.435626383520226e+00	4098
1.206721095991034e-01	-2.641722099768878e+00	4099
6.568504035424346e-01	-2.711734514270802e+00	4100
1.116617594867163e+00	8.863764695096456e-03	4101
1.092607357511889e+00	5.139200059867592e-03	4102
2.104832297008937e+00	-9.327658038964693e-01	4103
1.885754494376919e+00	1.399096020827939e+00	4104
1.756926434192504e+00	-1.913956147394703e-01	4105
-8.720848463896878e-01	-2.592408072869993e-01	4106
-3.133280881336195e-01	2.413850278566598e+00	4107
-9.885008504408130e-01	5.599983594608722e-01	4108
-9.769043620670550e-01	-4.717804785120099e-01	4109
-1.048232850814309e+00	8.668714317847364e-01	4110
-1.074304283895278e+00	-9.272539435878556e-01	4111
-1.075613626876677e+00	-1.124334109389627e+00	4112
-7.518240028606029e-01	1.105142615558766e-01	4113
-8.511471916434157e-01	2.501629426498476e-01	4114
-1.047645062882447e+00	-1.354303495081449e+00	4115
-9.791322555726200e-01	-1.618749184021669e+00	4116
1.582720651978170e+00	-4.780656155740479e-02	4117
1.776684115649657e+00	1.704108441063885e+00	4118
1.847204214256964e+00	-2.955421825258410e-01	4119
1.931505359765679e+00	-4.197430161296334e-01	4120
-7.048799349116379e-01	-4.466269158257719e-02	4121
-7.009806060085362e-01	5.372425159522708e-02	4122
-7.610423226448726e-01	-1.049963650077744e-01	4123
-8.165356723408939e-01	-1.765159517932117e-01	4124
-8.014027497272492e-01	1.758216115458515e-01	4125
1.928650076548539e+00	4.578405372016878e-01	4126
2.004606195663657e+00	-5.672321684951448e-01	4127
2.000326315979633e+00	6.218957772796853e-01	4128
2.063595960795920e+00	-7.360271481462287e-01	4129
2.054888518957954e+00	8.240432265913766e-01	4130
2.080343645980846e+00	1.071131505336928e+00	4131
1.507747435554858e+00	-4.756296008790345e-03	4132
1.576470910615136e+00	6.258522562028324e-02	4133
-6.470486823155139e-01	2.473790635737147e+00	4134
1.863697956017438e+00	1.991228988921072e+00	4135
2.235597317370516e+00	9.302995930755528e-01	4136
-1.215948265118600e+00	9.660235148269527e-01	4137
-1.216086507949710e+00	1.216171864555331e+00	4138
-1.185579476175082e+00	7.629154402043916e-01	4139
1.982646080303293e+00	-2.936530960582948e-01	4140
-1.176453713662465e+00	-6.501088227067561e-01	4141
-1.060740828063291e+00	-3.667354166928892e-01	4142
-1.218800537495594e+00	-8.239203653837192e-01	4143
3.356517966193122e-01	2.970823199487341e+00	4144
1.878408785108570e+00	2.073568317142871e-01	4145
1.037836494421544e+00	-2.718116160834472e+00	4146
3.483705826249888e-01	-2.986366672682813e+00	4147
1.984786333576318e+00	3.304508483269366e-01	4148
-9.698327559764298e-01	2.423388901662829e-01	4149
-9.147679523475901e-01	2.131821004105906e+00	4150
-1.112764257554879e+00	-1.860999626274521e+00	4151
-1.081563869397847e+00	1.805781119937196e+00	4152
1.628641318308852e+00	-2.035280421754699e+00	4153
-9.298564312460750e-01	-2.188105749065512e+00	4154
1.876314703973312e+00	-1.783538245776501e-01	4155
2.088109154268276e+00	1.294475012494862e+00	4156
2.084111536871280e+00	4.877004248285078e-01	4157
1.043176918319440e+00	2.688967021646013e+00	4158
1.507461146750381e+00	-2.290618166163207e+00	4159
1.404365606840916e+00	2.249051864101247e+00	4160
-9.956760464551249e-01	-2.565711521806122e-01	4161
-1.175331203205408e+00	1.500614964238573e+00	4162
2.021104601866821e+00	-1.725453992201863e+00	4163
-1.029755389488300e+00	3.406989687962562e-01	4164
-1.122748975051342e+00	-4.957888276371674e-01	4165
-1.139908007053817e+00	5.969127392409144e-01	4166
2.295931120541926e+00	-1.345272069440416e+00	4167
-6.431903380553157e-01	-2.511509073561782e+00	4168
-2.215695239593341e-01	-2.804610248047596e+00	4169
2.291111451014722e+00	-1.041910747699417e+00	4170
1.769864628648382e+00	1.096567606806223e-01	4171
1.769301168326000e+00	-8.668955454923681e-02	4172
-2.299802021276493e-01	2.784442609572151e+00	4173
-1.087575824863313e+00	4.587156505706511e-01	4174
-1.245470618578336e+00	-1.024597057309094e+00	4175
-7.915939451049663e-01	-4.593889251567878e-04	4176
-1.247650554184581e+00	-1.261867784070982e+00	4177
-1.213376635783321e+00	-1.538189155105464e+00	4178
1.658141406742471e+00	9.928133888797343e-03	4179
-9.279988650478547e-01	-1.616688452787368e-01	4180
-9.093865940160554e-01	1.576923633356306e-01	4181
-8.614441877048101e-01	-8.442157365285705e-02	4182
-8.498925162031189e-01	8.777342682517902e-02	4183
2.082143803860872e+00	-4.363249409027712e-01	4184
2.025685373255538e+00	1.621242819467905e+00	4185
2.169756382283223e+00	-6.036024113632821e-01	4186
2.171150593507278e+00	6.842863405664732e-01	4187
2.241807067805832e+00	-8.007210617649181e-01	4188
1.717162093412018e+00	2.269670937992842e+00	4189
-1.134525306522240e+00	-2.489133579798631e-01	4190
-1.407121156463511e+00	-9.010077694428421e-01	4191
7.252905871328567e-02	2.991662802950178e+00	4192
2.265618697888828e+00	1.497725639866321e+00	4193
-1.002525548580990e+00	2.478413932093502e+00	4194
-1.054378262299125e+00	-1.431891061155415e-01	4195
2.019029152728271e+00	1.935389540996952e-01	4196
7.830141171986039e-01	-3.065805405233161e+00	4197
1.800474651570718e+00	-2.271638424575743e+00	4198
-1.403892340582786e+00	1.091952921378916e+00	4199
8.798134337193649e-02	-3.008702996586758e+00	4200
1.407629299667309e+00	-2.640631707253929e+00	4201
2.011627069836678e+00	-1.595338430754569e-01	4202
-6.220196062363695e-01	2.879075811018877e+00	4203
7.781095060183243e-01	3.048040557639365e+00	4204
2.447486598545647e+00	-8.836261722586987e-01	4205
-1.176970161609472e+00	3.422137373091834e-01	4206
-1.103413302875583e+00	2.287940543518209e-01	4207
2.145799930749432e+00	3.388532287134975e-01	4208
2.277890547110722e+00	1.156206121184703e+00	4209
-1.401607339907467e+00	1.389054311441853e+00	4210
-1.313362172392181e+00	6.391596655769393e-01	4211
2.137714411628884e+00	-2.908539973358352e-01	4212
-1.353960756793107e+00	-6.989559207449076e-01	4213
-1.370474125464817e+00	8.399209644912060e-01	4214
-1.029983547654779e+00	1.357806985608515e-01	4215
-1.231774576622033e+00	2.090129107578173e+00	4216
1.923463903587879e+00	-2.003306374990780e+00	4217
-1.249053801275688e+00	-2.152064061843113e+00	4218
1.863195712458367e+00	1.008151990874923e-02	4219
1.886144890350618e+00	-5.743415525468322e-02	4220
2.360362810852209e+00	-6.449992271313005e-01	4221
-1.348143733202777e+00	1.722086114921691e+00	4222
-1.289046918310459e+00	-5.244813497516463e-01	4223
2.278731821563429e+00	-1.619790307044403e+00	4224
-1.000388311336897e+00	-2.539605579714660e+00	4225
-6.097565092119219e-01	-2.913582195921426e+00	4226
2.499664275261451e+00	-1.189617989369596e+00	4227
1.891241166992965e+00	8.454126816266100e-02	4228
-1.247290925776444e+00	4.777850227103302e-01	4229
-1.213359981403415e+00	-3.728518687527299e-01	4230
-1.396232012419280e+00	-1.772308736372846e+00	4231
-1.440556972874317e+00	-1.141445954993762e+00	4232
-1.442702971345407e+00	-1.426315940244022e+00	4233
-9.732847335289985e-01	-5.534609271287250e-02	4234
-9.582850919779835e-01	5.616295193954783e-02	4235
-9.003319569868676e-01	4.421212681139556e-03	4236
2.255291058263321e+00	-4.515493716821368e-01	4237
2.265537514469260e+00	5.250203050608279e-01	4238
2.369796726535461e+00	7.637258640265967e-01	4239
1.670574406268175e+00	-2.557397916847200e+00	4240
2.024519296023571e+00	2.253999345007860e+00	4241
4.978689690345167e-01	3.358553619147778e+00	4242
-1.291731290993057e+00	-2.360626046812880e-01	4243
-1.576081818184638e+00	-2.060718781547096e+00	4244
5.020318617155084e-01	-3.374345016319642e+00	4245
1.181023326130822e+00	3.071670061530940e+00	4246
-1.617868737147441e+00	1.243194994080134e+00	4247
-2.872751614928634e-01	-3.184406142169353e+00	4248
2.682262861226945e+00	-1.000369998448069e+00	4249
-1.622695337501245e+00	-9.936493280641827e-01	4250
1.236956661077171e+00	-3.041753269230480e+00	4251
1.545056256698623e+00	2.530697225476553e+00	4252
2.525200873836404e+00	-1.471984546800200e+00	4253
-1.512663110426072e+00	6.917173506459130e-01	4254
-1.477543093472638e+00	-5.537909849608770e-01	4255
2.208293027154139e+00	1.832809858977497e+00	4256
-1.581314517304355e+00	9.410555279577307e-01	4257
-3.081322440942615e-01	3.161605570300738e+00	4258
2.105203201894177e+00	-2.247720726378847e+00	4259
-1.610156269191296e+00	1.594573440577117e+00	4260
-1.370149206532308e+00	2.435504286396310e+00	4261
-8.233974316840728e-01	2.780486578334718e+00	4262
2.221526526436115e+00	-1.920228885794287e+00	4263
-1.387833563862366e+00	-3.805852669838076e-01	4264
-1.430070344998303e+00	4.977780335054751e-01	4265
-1.254924165816391e+00	2.115420451585566e-01	4266
-1.195670050016374e+00	-1.194607862314469e-01	4267
2.455021610591358e+00	-4.676205858661067e-01	4268
2.333818323263974e+00	3.496442993036949e-01	4269
2.579968592790364e+00	-6.993609810005148e-01	4270
2.489508281774630e+00	1.334765132039096e+00	4271
2.182054952920724e+00	1.793623056115336e-01	4272
2.167436303318516e+00	-1.353210297765954e-01	4273
-1.557189411664705e+00	-7.535883348867403e-01	4274
-1.165039640470359e+00	1.050617099800307e-01	4275
-1.089484383389078e+00	-1.790278177515673e-03	4276
2.024485154296104e+00	1.525590178912818e-02	4277
-1.541264665807183e+00	1.987181100691986e+00	4278
-1.376497557124828e+00	-2.507671501168433e+00	4279
-1.031308935291424e+00	-2.963281013265146e+00	4280
-1.343573805448092e+00	3.423047554286335e-01	4281
-1.660424287463576e+00	-1.631665015677128e+00	4282
-1.662877238449046e+00	-1.282278244872300e+00	4283
2.315565668390898e+00	-2.833114041949785e-01	4284
2.477691910993172e+00	5.745219102575165e-01	4285
2.448181363068836e+00	9.857276802495624e-01	4286
9.744850595068844e-01	-3.443409309966024e+00	4287
1.879216502933805e+00	2.552391042123058e+00	4288
2.622629039523165e-02	3.405008917526048e+00	4289
-1.844847898923673e+00	1.839481785942876e+00	4290
1.632081854959598e+00	-2.894118453243601e+00	4291
-1.820393943246415e+00	1.066307478277275e+00	4292
-1.790312942036189e+00	-8.191105686169686e-01	4293
1.987411809370366e+00	-2.539927193003296e+00	4294
-7.267933676089092e-01	-3.305170670162881e+00	4295
5.478965260702733e-02	-3.421746752326293e+00	4296
-1.317853250090762e+00	6.776094653994823e-02	4297
2.367518858797951e+00	2.152893484395649e+00	4298
2.520556361078540e+00	-2.723315693506447e-01	4299
2.498228031511948e+00	1.656557765440273e+00	4300
-1.894454663162188e+00	-1.900739814187413e+00	4301
-1.477372064745035e+00	-2.943106422601133e+00	4302
-1.533379380819525e+00	3.390539454219051e-01	4303
2.372416209112818e+00	1.627625724441681e-01	4304
2.752633542221627e+00	-1.283074615049796e+00	4305
-1.860524652438611e+00	1.425398924711328e+00	4306
9.362892387231403e-01	3.439414094614642e+00	4307
2.346115869814383e+00	-1.035627971504709e-01	4308
-1.869465685421336e+00	-1.106571256301534e+00	4309
1.402763710450913e+00	2.776670348182824e+00	4310
-1.206699844187075e+00	2.783251355520278e+00	4311
2.426038831666213e+00	-2.176218857843327e+00	4312
2.513943710227576e+00	-1.788368976631679e+00	4313
-1.640381831443493e+00	5.234483840416709e-01	4314
-1.585613143280666e+00	-3.882158044910017e-01	4315
-1.425695319949021e+00	1.915967461775883e-01	4316
-1.471374788966308e+00	-2.210323388584166e-01	4317
-1.354695699338843e+00	-8.648642427155386e-02	4318
2.836177985004787e+00	-7.795093403621101e-01	4319
2.554415333328060e+00	3.670295553501730e-01	4320
2.685559395857700e+00	-4.921978450474076e-01	4321
-1.692941977547843e+00	-5.838826295626093e-01	4322
-1.742166807011566e+00	7.634411573420290e-01	4323
-1.741046689134818e+00	2.321992441171124e+00	4324
-1.761335815253255e+00	-2.411881073648825e+00	4325
-1.914793417282433e+00	-1.458900426878779e+00	4326
-1.234185590187011e+00	-2.408057288631624e-02	4327
2.592321764202980e+00	7.858289857549268e-01	4328
2.690050076066826e+00	1.134027608457263e+00	4329
6.801369379073663e-01	-3.803953897312819e+00	4330
3.213950642785715e-01	-3.791547814159063e+00	4331
-3.630235018244273e-01	3.591958898273238e+00	4332
1.484452235260190e+00	-3.366919226383054e+00	4333
2.956435233613394e+00	-5.326694169452690e-01	4334
-2.102642170416082e+00	2.148899971189802e+00	4335
3.007791187242529e-01	3.775574087275687e+00	4336
6.466634409120363e-01	3.792123843990446e+00	4337
-1.622684604823883e+00	2.723502789125027e+00	4338
-1.935688325794265e+00	-2.847121862970473e+00	4339
-1.512884360116897e+00	-1.102694732105465e-02	4340
-2.135340292731901e+00	1.644337297332378e+00	4341
2.252305215080434e+00	2.511389440602663e+00	4342
-6.998256779624291e-01	3.284078073511028e+00	4343
2.328796553087864e+00	-2.505905920522316e+00	4344
-1.213553811813039e+00	-3.353766376080767e+00	4345
1.694288379942061e+00	2.848750726097416e+00	4346
-1.014757113855166e+00	3.125642571596732e+00	4347
-3.687648313935543e-01	-3.613980190958407e+00	4348
2.953521811772046e+00	-1.054820282946060e+00	4349
-1.883917011601547e+00	5.624710370989233e-01	4350
-2.003774992646228e+00	8.582005036189571e-01	4351
-1.674941361957513e+00	-2.049346349178419e-01	4352
2.595877176383563e+00	1.469644222510909e-01	4353
1.376327108353956e+00	3.469900493142557e+00	4354
-2.093794440415886e+00	1.218512223151928e+00	4355
-2.205345168449933e+00	-1.694032780537197e+00	4356
2.552095566399301e+00	-6.429814009807021e-02	4357
-2.058068478905477e+00	-9.002889281148111e-01	4358
-2.141487650345997e+00	-2.238442226958743e+00	4359
2.248383326144575e+00	2.337408087139916e-02	4360
1.559797936994804e+00	3.127321751986512e+00	4361
2.752534864922238e+00	-2.045400208702311e+00	4362
2.791554189349627e+00	-1.607354380909447e+00	4363
-1.751423812247418e+00	3.363891792917199e-01	4364
-1.619408166543538e+00	1.637195124422496e-01	4365
2.704001012100061e+00	5.606853329459101e-01	4366
2.753041304716412e+00	1.446527500294690e+00	4367
2.758011308875219e+00	-2.652731810217623e-01	4368
-1.810753952679876e+00	-3.922946991392527e-01	4369
-1.940148162132542e+00	-6.195964284271497e-01	4370
-2.151662620632884e+00	-1.249638913431754e+00	4371
2.705570754850673e+00	1.976751168090215e+00	4372
2.859709071109521e+00	8.985594530656729e-01	4373
-1.446137728762811e+00	3.120371217525047e+00	4374
1.222525946703835e+00	-3.847519334013323e+00	4375
1.901195424788137e+00	-3.235383950992782e+00	4376
1.941082685103475e+00	3.141253083647028e+00	4377
-8.695752376119914e-01	-3.746919563989548e+00	4378
2.083429030981587e+00	2.863153856903627e+00	4379
3.118910985646027e+00	-7.914609978292365e-01	4380
-1.429420584097889e-01	-3.842979512001860e+00	4381
1.802750458806830e+00	3.479948831144417e+00	4382
4.531349323251984e-01	4.224884265168912e+00	4383
2.693234472537122e+00	-2.416153031003372e+00	4384
-2.224733068931253e+00	-6.655601903645000e-01	4385
-2.392245576682599e+00	-2.662940087868071e+00	4386
-1.729796558709958e+00	-3.318431107128423e+00	4387
2.420283429355866e+00	5.456364922277793e-02	4388
-1.906111036914336e+00	-1.806837151983645e-01	4389
2.776264501930911e+00	-1.134244134861235e-02	4390
2.115798395168051e+00	-2.898119746200937e+00	4391
1.122046073602036e+00	3.875218872326678e+00	4392
-2.405651946742790e+00	1.404069340086664e+00	4393
-2.506970584537477e+00	-2.006085129294900e+00	4394
3.037298380766071e+00	-2.646915876798099e-01	4395
2.988917763615465e+00	6.341338871953592e-01	4396
4.858607494749284e-01	-4.239922396627715e+00	4397
-2.043614848273850e+00	2.582777297826802e+00	4398
5.218321199302775e-03	3.865602860226017e+00	4399
-2.443345495412964e+00	1.918963919737843e+00	4400
-8.004256820166900e-01	3.735324275145518e+00	4401
-1.031131134493632e+00	3.550578706603663e+00	4402
-2.304266569149083e+00	9.753735893999232e-01	4403
2.777486011665531e+00	3.160098606176817e-01	4404
-2.474703315958197e+00	-1.436412818017114e+00	4405
3.070955972907015e+00	-1.852176911869009e+00	4406
3.045056009878607e+00	-1.378406044844458e+00	4407
-1.841290497990772e+00	1.314705525061341e-01	4408
-1.720929585731307e+00	-1.830201522235777e-02	4409
2.644241375458574e+00	2.381864277525540e+00	4410
2.798296070923759e+00	1.758070314099961e+00	4411
-2.004398248766275e+00	3.406683243826023e-01	4412
-2.068630931914615e+00	-3.963881758259271e-01	4413
-2.163832705193480e+00	6.218835226996986e-01	4414
-2.366106969643622e+00	-1.005394580911634e+00	4415
2.973939889015739e+00	1.199536494775433e+00	4416
-1.429759338438254e+00	-3.793653234151044e+00	4417
1.591608446306597e+00	3.890535084352604e+00	4418
-2.553484209898164e+00	-7.286890595854963e-01	4419
5.961529366678427e-02	-4.214309699882393e+00	4420
-2.298964702526029e+00	3.601238400840750e-01	4421
-1.534639742227953e+00	3.622941845422022e+00	4422
3.064599693621978e+00	-2.255148581952054e+00	4423
-2.098934457971755e+00	9.941125474726265e-02	4424
-1.921310885650719e+00	3.044358787850383e+00	4425
1.001164418923310e+00	-4.207098831858152e+00	4426
-2.831361655890008e+00	-2.401665289215003e+00	4427
2.339304206658539e+00	3.170520639543215e+00	4428
-2.451912512407735e+00	2.370983285598753e+00	4429
-5.619981562264673e-01	-4.029045866946317e+00	4430
1.763395332874869e+00	-3.739192390022780e+00	4431
-4.420118289709988e-01	4.074618751103749e+00	4432
-2.759616144059848e+00	1.638125273366828e+00	4433
-2.261124589077223e+00	-3.189540286846980e+00	4434
2.995263092564515e+00	2.228044445650420e+00	4435
-2.170333321810097e+00	-1.512693036304984e-01	4436
-2.837007719649892e+00	-1.702387226594769e+00	4437
3.242738660451403e+00	-4.991077475710834e-01	4438
3.062019014116416e+00	1.533778783471650e+00	4439
2.516179390677655e+00	2.800470528143013e+00	4440
2.235566160727149e+00	3.460781149408257e+00	4441
8.860278013247647e-01	4.237147671679855e+00	4442
2.324869320700190e+00	-3.266579501836380e+00	4443
2.558791584243503e+00	-2.828988784397011e+00	4444
-2.486733323385911e+00	6.989580159517897e-01	4445
3.154347527523186e+00	9.163138765573782e-01	4446
-2.718847122253192e+00	-1.146267934749294e+00	4447
3.028778062101277e+00	8.707389306483115e-02	4448
3.075318639541244e+00	3.473067951755759e-01	4449
-2.648991170511307e+00	1.121093719195771e+00	4450
3.367272683589555e+00	-1.597648925804835e+00	4451
3.265016832948669e+00	-1.104376358790893e+00	4452
-2.365612832364966e+00	-4.045617214036406e-01	4453
-4.323238462090110e-02	4.399673890071064e+00	4454
-2.027015183717231e+00	-3.738838349414557e+00	4455
2.082079401225562e+00	-3.650826989298254e+00	4456
-2.783215129200529e+00	-2.962613714024334e+00	4457
-2.395309906721767e+00	2.868188448778383e+00	4458
6.565066404820215e-01	4.726186398834251e+00	4459
-1.066487003863636e+00	-4.223880935329211e+00	4460
-3.124400440875527e+00	-1.351451231847490e+00	4461
3.128748592006305e+00	1.876771370663112e+00	4462
1.545811638445800e+00	-4.251871359584076e+00	4463
1.370274883737214e+00	4.330247335098475e+00	4464
-3.871558966108558e-01	-4.580340240708130e+00	4465
3.424490810265504e+00	-2.019974131042493e+00	4466
2.439515110416461e-01	-4.717450451291826e+00	4467
3.286760798304386e+00	6.025938623682725e-01	4468
3.299345481724749e+00	1.250305172288672e+00	4469
-2.709542808398766e+00	-4.225097827441004e-01	4470
-9.324114166890572e-01	4.236963206498155e+00	4471
-2.088047881896053e+00	3.576235115422989e+00	4472
7.754370138899235e-01	-4.716272998188113e+00	4473
-2.925578303963648e+00	-2.132655083529446e+00	4474
2.058314115201709e+00	3.887346692731092e+00	4475
-2.833395658302667e+00	2.094759870467025e+00	4476
-2.386916692757651e+00	5.794415602569247e-02	4477
2.941348193390448e+00	2.659729877431007e+00	4478
2.777387290952855e+00	3.153095500374570e+00	4479
2.675005025396504e+00	3.455280736085651e+00	4480
2.789537144694774e+00	-3.232400977098735e+00	4481
2.994444654833906e+00	-2.698000769939269e+00	4482
-3.043742270964994e+00	1.307979225571112e+00	4483
3.306769772539000e+00	-1.480855777189234e-01	4484
3.298836272454984e+00	1.717189378577622e-01	4485
-2.933853276310003e+00	-8.203685612206147e-01	4486
-2.859077781568439e+00	7.988736877735676e-01	4487
3.627952129863485e+00	-1.285716013666242e+00	4488
3.441268257147107e+00	-7.908587021236114e-01	4489
-2.474556513120506e+00	-1.192991721100742e-01	4490
-2.637694166592428e+00	3.943001102001669e-01	4491
-3.273654494584106e+00	-1.806161760144841e+00	4492
1.865141751778060e+00	4.338286653336053e+00	4493
-2.638123991185564e+00	-3.572960043655030e+00	4494
-2.653173603224929e+00	3.402868339371500e+00	4495
1.034723375563514e+00	4.780915711562912e+00	4496
-1.693042120176621e+00	-4.281497026030185e+00	4497
3.415017706973499e+00	1.617885062907309e+00	4498
-5.428421493738216e-01	4.618397967740673e+00	4499
-3.181963029051818e+00	1.761970076280972e+00	4500
2.574452497967607e+00	-3.677709030733033e+00	4501
1.294677334965097e+00	-4.698709703115138e+00	4502
-1.223022304872545e+00	4.022103851650306e+00	4503
-1.853032083344111e+00	4.062930055729460e+00	4504
-3.030467974126499e+00	4.429394257616051e-01	4505
2.509690040403363e+00	3.871670540036906e+00	4506
3.575543076289768e+00	3.932496583371882e-01	4507
3.564468420576653e+00	-4.287679017037059e-01	4508
-2.854270251841987e+00	2.611785085137643e+00	4509
3.490182270783663e+00	9.174402319292179e-01	4510
-9.652915052611565e-01	-4.857711035814186e+00	4511
3.755490758489557e+00	-1.713003887871002e+00	4512
-1.852993293840947e-01	-5.175599279715978e+00	4513
8.576946040355514e-02	5.042918168701926e+00	4514
5.114604281416405e-01	-5.264330032216272e+00	4515
3.387497169175227e+00	2.175073407210324e+00	4516
3.335559263500368e+00	2.490313162383393e+00	4517
3.242586294291260e+00	3.034203167558894e+00	4518
3.138045583919683e+00	3.444451066698978e+00	4519
3.275348867124378e+00	-3.111129147567148e+00	4520
3.423600603871361e+00	-2.491258049023060e+00	4521
-3.373073468068556e+00	-9.634740157228598e-01	4522
-3.288355181955543e+00	9.320820291230304e-01	4523
-3.109816593313758e+00	-4.600000862275055e-01	4524
3.839588641319393e+00	-9.226181290468961e-01	4525
3.582350389677025e+00	1.713989730380411e-02	4526
-2.827749385799859e+00	-8.946141583574954e-02	4527
-1.371190475720822e+00	4.527994797198408e+00	4528
-3.575058472582789e+00	-5.385551890419696e-01	4529
-3.249197687799243e+00	-2.720603945046583e+00	4530
1.621547556350522e+00	4.862317333441485e+00	4531
1.865379142451105e+00	-4.723541596266445e+00	4532
3.989233155187640e+00	-5.151094590831006e-01	4533
3.887056189219094e+00	-2.203138687385834e-01	4534
2.302045847952770e+00	-4.118836082619733e+00	4535
-3.492509370244458e+00	1.375624708322861e+00	4536
1.104109968903815e+00	-5.247784074222296e+00	4537
-1.096961472498335e+00	4.797901654518432e+00	4538
-2.465221543396078e+00	3.995431098676155e+00	4539
-2.841590449937686e+00	3.122679011337271e+00	4540
-2.376407328693412e+00	-4.207888690824758e+00	4541
4.041319770800007e+00	-1.339522883424217e+00	4542
-5.381725987410453e-01	5.294226323775271e+00	4543
-3.389529564723269e+00	-2.280985170144032e+00	4544
2.354045592949924e+00	4.331188970468602e+00	4545
-3.583606382433198e+00	-1.413855871401041e+00	4546
3.111613377263097e+00	-3.626205722546568e+00	4547
-3.182879516627214e+00	-3.380395486563715e+00	4548
7.673712406790087e-01	5.304354618574846e+00	4549
3.670896297836009e+00	1.288200950106872e+00	4550
-3.280198790367499e+00	2.282023233232858e+00	4551
3.846904060340886e+00	7.042893008804250e-01	4552
-1.668218900997130e+00	-4.998449773786549e+00	4553
-7.951932055144054e-01	-5.558016676599753e+00	4554
8.731982579223270e-02	-5.820186730085335e+00	4555
3.766441318341839e+00	1.914115179466848e+00	4556
2.971734722149364e+00	3.874464969083517e+00	4557
3.751549484129131e+00	2.396875407073330e+00	4558
3.704385949253903e+00	2.833759466265974e+00	4559
3.634610197483142e+00	3.353109710429123e+00	4560
3.766514269351359e+00	-2.900057986871170e+00	4561
3.832426080833018e+00	-2.202181665512129e+00	4562
-3.486069236376313e+00	5.160593363039677e-01	4563
3.893850219346277e+00	2.092056997173430e-01	4564
-3.242192704561466e+00	-7.235702151799174e-03	4565
-1.205875842291668e+00	5.487106284653058e+00	4566
2.171812160639921e+00	4.841671626084895e+00	4567
-3.850583306599352e+00	-9.710716168881343e-01	4568
-3.756222297837101e+00	9.391979553623097e-01	4569
-3.767344510241164e+00	-1.911000297172113e+00	4570
-2.099903814811498e+00	4.615988742870751e+00	4571
-3.665315197859111e+00	1.888629980241223e+00	4572
2.510409496616458e+00	-4.726938214801502e+00	4573
2.868089167956819e+00	-4.140696595408979e+00	4574
1.333192341189355e+00	5.347419893633679e+00	4575
8.126701577865614e-01	-5.895486460355668e+00	4576
3.672243460542255e+00	-3.472366986281724e+00	4577
4.222162846557376e+00	4.880221479703695e-01	4578
4.266401485845480e+00	-9.066795163179817e-01	4579
4.258873560493652e+00	-1.321358978876422e-01	4580
-1.623471374247594e+00	5.060550932919032e+00	4581
-3.775057752371482e+00	-2.647795947044695e+00	4582
-3.719913907959421e+00	-3.101642555372664e+00	4583
1.639495733721631e+00	-5.211385245634357e+00	4584
-3.726666805035361e+00	1.101992705619875e-02	4585
-3.328272002908868e+00	2.842701799589226e+00	4586
-2.090792444343288e+00	-4.785458589520647e+00	4587
-3.040009521477032e+00	-4.031537908147009e+00	4588
1.047813386482361e-01	5.729246154398855e+00	4589
3.495446620586684e+00	3.859611340624352e+00	4590
-1.568530858904861e+00	-5.805200906732626e+00	4591
-5.407176801748599e-01	-6.320493451465832e+00	4592
4.100585544492658e+00	1.096639281698000e+00	4593
4.092334951492584e+00	1.544048010847179e+00	4594
2.822128165047270e+00	4.316404040177269e+00	4595
4.176983128556926e+00	2.168129009271838e+00	4596
4.175005517728438e+00	2.663801292465535e+00	4597
4.146177870417238e+00	3.157943190888844e+00	4598
4.243807316779311e+00	-2.592379830667041e+00	4599
4.201161545648360e+00	-1.831169897638944e+00	4600
-1.860893319698675e+00	5.713267430438539e+00	4601
-4.104329565533734e+00	-1.465757717646285e+00	4602
-2.765001253697112e+00	4.591768679731785e+00	4603
-3.050499620236818e+00	3.856811058211429e+00	4604
-2.270079913138051e+00	5.277231788203674e+00	4605
1.948508319914054e+00	5.415505607058731e+00	4606
-3.334325836048849e+00	3.411612476063739e+00	4607
-2.151500530474714e+00	-5.434257312938783e+00	4608
-2.800349263443231e+00	-4.710416699524870e+00	4609
4.072270125674550e+00	3.742033480230135e+00	4610
4.235886015659089e+00	-3.210832283354790e+00	4611
2.228065641255377e+00	-5.249909338695232e+00	4612
3.487241538886713e+00	-4.069250402845075e+00	4613
-3.794983994266054e+00	2.467455827057317e+00	4614
-3.980050260747356e+00	4.713747801742137e-01	4615
3.160385499236879e+00	-4.719576758200882e+00	4616
-4.003845833128285e+00	1.436659196085758e+00	4617
2.941641093464690e-01	-6.572911487820133e+00	4618
-3.676420242181376e+00	-3.775822791697944e+00	4619
3.322040160964454e+00	4.328230703948416e+00	4620
-6.345541998355396e-01	6.018228440530402e+00	4621
4.435270874476909e+00	-5.170678928169051e-01	4622
4.635001042050201e+00	1.991086851831481e-01	4623
-4.275147867976802e+00	-2.275450861989885e+00	4624
-4.284451590546293e+00	-2.940675909438497e+00	4625
1.413723827533330e+00	-5.845985938541343e+00	4626
-4.066820889555698e+00	-4.518003904653574e-01	4627
8.906025899992434e-01	6.001274225516628e+00	4628
-1.371380685759062e+00	-6.696722964790938e+00	4629
4.549883223085258e+00	8.676953265628723e-01	4630
4.503239393013150e+00	1.326613568824517e+00	4631
2.691642736990428e+00	4.817201930500395e+00	4632
4.566805253105929e+00	1.797265500796476e+00	4633
4.652603407413997e+00	2.417822017460699e+00	4634
4.670614370484206e+00	2.940910880061059e+00	4635
4.684348582433143e+00	-2.185344481890616e+00	4636
4.513865139295003e+00	-1.384242494732143e+00	4637
1.892662991504632e+00	-5.846219796080575e+00	4638
-2.558331786871537e+00	5.959529387180231e+00	4639
4.779195733356229e+00	-2.834613740661455e+00	4640
-4.702048015562981e+00	-1.763853108501539e+00	4641
1.291346043943463e-01	6.507598304615229e+00	4642
-4.287535595559146e+00	9.410516184443267e-01	4643
2.867710071756829e+00	-5.293429644059068e+00	4644
3.914604031301220e+00	4.317675171894334e+00	4645
-1.345815388841974e+00	6.237565010685621e+00	4646
-3.869205476114522e+00	3.088619228477915e+00	4647
4.133717460308287e+00	-3.876346844879689e+00	4648
4.749091286924038e+00	-9.141116848928562e-01	4649
-4.247900342635075e+00	3.445527548341311e-02	4650
1.144119839764884e+00	-6.610232132436932e+00	4651
-3.532201875377782e+00	-4.513054605895215e+00	4652
-2.958815069516018e+00	-5.506643289109375e+00	4653
-4.904506228039927e-01	-7.178017925440527e+00	4654
-3.034442926631169e+00	5.309525267782774e+00	4655
1.572862430170396e+00	6.015841799680514e+00	4656
-3.456115138454802e+00	4.439317975139172e+00	4657
-3.664744774523364e+00	3.935050488005404e+00	4658
3.843421547178865e+00	-4.654297121390365e+00	4659
-4.217640003014448e+00	2.011165593919233e+00	4660
-4.393045816360504e+00	-9.478258432456433e-01	4661
4.715646717999846e+00	-1.561541340727267e-01	4662
-4.159390919038269e+00	-3.574355661510301e+00	4663
-4.852300514640649e+00	-2.601301132719303e+00	4664
-2.197903533254985e+00	-6.300129443662243e+00	4665
4.635916925840466e+00	3.535973762021645e+00	4666
2.538083645731647e+00	5.381903219076123e+00	4667
4.972467970994281e+00	1.140876041683290e+00	4668
4.995720037641144e+00	1.499179903825560e+00	4669
5.030362573629361e+00	5.870367845227842e-01	4670
5.105297855406781e+00	2.038830919050926e+00	4671
5.203093517902444e+00	2.660798164181625e+00	4672
5.066117128045641e+00	-1.685008760670264e+00	4673
3.566559234316412e+00	-5.299864816915895e+00	4674
-1.317238039908420e+00	-7.645423015312098e+00	4675
-2.041467237444029e+00	6.490928998876663e+00	4676
5.274118611302185e+00	-2.343329036290157e+00	4677
-4.526630380563510e+00	4.718650517780699e-01	4678
5.350443851441447e-01	-7.426271381256240e+00	4679
3.351921407692594e+00	5.119450781139349e+00	4680
4.561770988334269e+00	4.189286907602469e+00	4681
-3.379946368258049e+00	6.063744317260762e+00	4682
2.562889565768883e+00	-5.886053039383918e+00	4683
-4.584231774695514e+00	1.491082058501046e+00	4684
-2.120426700263437e+00	-7.200859217957793e+00	4685
2.300252070118584e+00	6.056193118435780e+00	4686
4.916316852984427e+00	-6.026280406280774e-01	4687
-5.366711918027247e+00	-2.078331450813474e+00	4688
1.652614653243253e+00	-6.537074341827508e+00	4689
4.780662694730493e+00	-3.553899378638526e+00	4690
1.062194707811441e+00	6.785190914379204e+00	4691
5.110191878843779e+00	1.190020996587772e-01	4692
-7.102986928396058e-01	6.842174353680499e+00	4693
-4.383250825506906e+00	2.656754163777362e+00	4694
4.562299251120407e+00	-4.478425205459530e+00	4695
-3.838274607565579e+00	-5.353133739452379e+00	4696
-4.343248187289263e+00	3.651952231171669e+00	4697
-3.850627781191416e+00	5.169726020389094e+00	4698
-4.145360546300103e+00	4.430162378875238e+00	4699
-4.622408538187873e+00	-4.055465819002523e-01	4700
-5.053888547552886e+00	-1.165636995278027e+00	4701
-4.154948839684515e+00	-4.246553632806535e+00	4702
-4.852264233727706e+00	-3.338385344208258e+00	4703
-3.111170083219580e+00	-6.415594831669637e+00	4704
5.490887614069302e+00	1.286328299845751e+00	4705
5.496554211900081e+00	9.139366492267230e-01	4706
5.218723905534103e+00	3.291164045206060e+00	4707
5.570544523866850e+00	1.663074978912980e+00	4708
5.718621276150725e+00	2.260917938959575e+00	4709
-4.294030025575608e+00	5.975892432435868e+00	4710
-2.143702407426102e+00	-8.192319914434011e+00	4711
-1.493215958682512e+00	7.082894645810020e+00	4712
-3.306845832555582e-01	-8.134865063789977e+00	4713
1.909061634420957e+00	6.774146199086498e+00	4714
1.856941109081077e-01	7.388363954969296e+00	4715
3.101786867297822e+00	5.911747121250789e+00	4716
-4.811021514357446e+00	-1.676185496831157e-02	4717
5.398418571684848e+00	-3.095912552576745e+00	4718
3.263053257883189e+00	-5.932950989929394e+00	4719
-5.536397916090523e+00	-2.883472635557054e+00	4720
-4.846009731240989e+00	2.130418399876640e+00	4721
5.179405570145040e+00	-4.001653988964311e-01	4722
5.249489693667437e+00	-9.835812287185182e-01	4723
-5.798877026341742e+00	-1.422074091920344e+00	4724
-4.883171888375831e+00	9.531306859187068e-01	4725
-3.136922773608600e+00	-7.467752948843240e+00	4726
4.336150742703096e+00	-5.222685316667338e+00	4727
5.694222093570413e+00	-1.848060304266621e+00	4728
5.194402228446294e+00	3.959452079712191e+00	4729
5.558450049411320e+00	3.845092320003106e-01	4730
6.036091715512733e+00	1.107242816973271e+00	4731
-4.760938367828190e+00	-3.994325038875313e+00	4732
-2.861352891596046e+00	6.766791170535370e+00	4733
2.185607094833458e+00	-6.562080235497750e+00	4734
5.297188787856388e+00	-4.163212599450242e+00	4735
4.363821814730140e+00	4.873722204368847e+00	4736
-4.981252608718012e+00	3.180514803052117e+00	4737
-4.897353422666903e+00	4.208032184423164e+00	4738
-4.665166330098816e+00	5.067261252122036e+00	4739
-5.323909794582335e+00	-5.115645101054951e-01	4740
-4.120010233289275e+00	-6.327288990343212e+00	4741
5.832034877961901e+00	2.951662002925156e+00	4742
6.231951570782129e+00	1.816068118456308e+00	4743
-5.235398861355232e+00	5.831845592211508e+00	4744
-4.306482792141900e+00	-7.483908294114320e+00	4745
-6.132716705591635e+00	-2.232514933352945e+00	4746
6.654784211621985e-01	-8.466079687265593e+00	4747
-5.549444906180916e+00	2.574969476891137e+00	4748
5.109731035973861e+00	4.711332874074652e+00	4749
-2.275521149711460e+00	7.363604272335571e+00	4750
-5.535779145212531e+00	-3.727701236996641e+00	4751
6.017144553462730e+00	-3.692557585364273e+00	4752
4.038902974546781e+00	-5.945475444721980e+00	4753
-5.519850094614697e+00	4.838357503724166e+00	4754
-1.225410931046381e+00	-8.698142515178485e+00	4755
-7.754522268199803e-01	7.777730596635495e+00	4756
-5.238949554161294e+00	1.543755130314296e+00	4757
-4.724919747810353e+00	-4.765851077848451e+00	4758
1.290892483387944e+00	7.669444913434502e+00	4759
6.754258289369474e+00	1.289624769012056e+00	4760
5.937542721558579e+00	-2.551913731084569e+00	4761
5.855376696903804e+00	3.672873207643157e+00	4762
1.882583652105158e+00	-7.320653998532216e+00	4763
-5.644977954049893e+00	3.753046082475836e+00	4764
2.795118973533231e+00	6.737350016015456e+00	4765
5.160510419194199e+00	-5.006984259958747e+00	4766
5.967976208131332e+00	-1.159977635354303e+00	4767
-5.137575139011186e+00	4.434217613377276e-01	4768
5.619843848183283e+00	-1.318383555728508e-01	4769
-3.849350365148500e+00	6.869888346083525e+00	4770
-3.199949093920771e+00	-8.599163274035824e+00	4771
3.952405356398906e+00	5.691082582849339e+00	4772
-4.729420815978485e+00	-5.621181296822496e+00	4773
2.937991630195744e+00	-6.605419735280203e+00	4774
-6.131861832476175e+00	-6.712815687045784e-01	4775
6.409068665020943e+00	2.513293185321533e+00	4776
3.711872762004421e+00	-6.649393254811637e+00	4777
1.462626848729975e+00	-7.838974071792785e+00	4778
-6.324322798021766e+00	-3.181764013171905e+00	4779
6.675440790909530e+00	-3.073140991363410e+00	4780
2.786751109373883e-01	8.384604858380110e+00	4781
-1.664081737125509e+00	8.039709213610676e+00	4782
6.543846378013907e+00	3.287392008054987e+00	4783
-6.028314121327398e+00	1.869778226915296e+00	4784
-4.875781408648859e+00	6.788435694960219e+00	4785
-5.438499349133557e+00	-1.160015658460482e-01	4786
-2.235637006076662e+00	-9.324195354353321e+00	4787
6.347287135467968e+00	-4.594291877183275e-01	4788
6.143630680922633e+00	1.903724594451984e-01	4789
-3.226753031983728e+00	7.678766281700995e+00	4790
6.005373992437320e+00	-4.621004405150240e+00	4791
5.833245852197144e+00	4.439713573298013e+00	4792
6.985714555100642e+00	2.015289665950897e+00	4793
-1.984204957213633e-01	-9.220534122573911e+00	4794
-6.213039940427524e+00	5.575589297817924e+00	4795
2.331961324734291e+00	7.625960312751486e+00	4796
-5.432947685556084e+00	-4.486927199604478e+00	4797
4.910796370095549e+00	-5.855862064393796e+00	4798
-6.332279675497611e+00	3.105717061103906e+00	4799
-5.848558984480440e+00	2.618421060549405e-02	4800
-5.088280274418640e+00	-6.647859574728058e+00	4801
6.553220655135720e+00	5.848658360710131e-01	4802
6.405755879666039e+00	-1.863371943636990e+00	4803
2.645068078100993e+00	-7.303144372246646e+00	4804
-6.384887790894136e+00	4.389370384873014e+00	4805
3.686885599677092e+00	6.555993285056720e+00	4806
5.671271021628037e+00	-7.117680473178859e-01	4807
-5.552261032675656e+00	9.496709816245245e-01	4808
-6.613461461807558e+00	-1.445415625484891e+00	4809
-4.475913678470348e+00	-8.760780103288816e+00	4810
4.849298001008288e+00	5.552018420139947e+00	4811
-5.519399136870219e+00	-5.189152491836838e+00	4812
-6.298330868692726e+00	-4.736709655092074e+00	4813
3.414230381088808e+00	-7.359159270515294e+00	4814
-4.356893047579316e+00	7.799715676538332e+00	4815
-7.209392143622473e+00	5.115581801595923e+00	4816
-7.006959639205154e+00	-2.397692502465683e+00	4817
-6.922140711547518e+00	2.306831496896238e+00	4818
8.961450097825274e-01	-9.599896581923176e+00	4819
7.194045147244849e+00	2.796882437394029e+00	4820
-2.555573780193778e+00	8.352143772147549e+00	4821
-1.179578090136992e+00	-9.890220946136168e+00	4822
1.583461593977517e+00	8.667017180444587e+00	4823
5.855547666295002e+00	-5.595492258286518e+00	4824
-6.996626687733508e+00	-6.721162164199723e-01	4825
3.358198351440678e+00	7.513673860032749e+00	4826
5.727554382862408e+00	5.323837222963538e+00	4827
4.581823409131420e+00	-6.669462377310242e+00	4828
-8.351555727235184e-01	8.840606835631531e+00	4829
-3.531391950099622e+00	-9.790319738820989e+00	4830
6.581135747038922e+00	4.105660716383488e+00	4831
6.824984641584114e+00	-4.052530512632645e+00	4832
2.283216897208516e+00	-8.173999789007333e+00	4833
7.319086739116188e+00	7.461777130224958e-01	4834
7.569547692755729e+00	1.428774855549307e+00	4835
-5.942602587483838e+00	6.618765854486524e+00	4836
-6.320617115731557e+00	-4.159510268916165e+00	4837
-7.203448184216166e+00	3.714148003154135e+00	4838
6.851247803367462e+00	5.410241795560618e-02	4839
6.723004535296765e+00	-1.142212486229116e+00	4840
7.248227442466121e+00	-2.310185146059833e+00	4841
1.646715755780154e+00	-8.890711128449102e+00	4842
4.542888014711688e+00	6.370104122038967e+00	4843
-6.330745684394047e+00	6.867614339058864e-01	4844
-5.408867877730808e+00	-7.860691809017561e+00	4845
-5.535351810119549e+00	-6.160421558743513e+00	4846
-3.861928317843739e-02	-1.044612174350593e+01	4847
-5.714197518859874e+00	-9.113106300050619e+00	4848
4.102122276014295e-01	9.511652856671782e+00	4849
-6.389134704543046e+00	-5.696416681669781e+00	4850
8.183725132805975e+00	8.152952572796940e-01	4851
2.832035843893740e+00	8.586229715203681e+00	4852
-6.806939167870157e+00	1.416971791761490e+00	4853
7.353099640120477e+00	3.667697070665743e+00	4854
-2.366403799087681e+00	-1.061334201662410e+01	4855
7.569323278399575e+00	-3.304651081621828e+00	4856
-7.536306543889774e+00	-1.514182977905809e+00	4857
7.842101120054886e+00	2.238574022039909e+00	4858
-5.532085653998891e+00	7.713336465519338e+00	4859
5.574742519664758e+00	-6.566328017925396e+00	4860
-4.855349941466400e+00	-1.005839620516407e+01	4861
-1.858275893605569e+00	9.127622780926613e+00	4862
6.561078818399650e+00	4.992543134894222e+00	4863
6.824310595295834e+00	-5.128270190474113e+00	4864
-7.079710345627560e+00	6.292633168314481e+00	4865
4.241657546174583e+00	-7.427715463105174e+00	4866
-7.924893023387860e+00	2.839412691695327e+00	4867
-8.173284172784133e+00	4.411968471783279e+00	4868
7.690525806444063e+00	-9.607653724867484e-03	4869
2.003327864624353e+00	-1.001803379817499e+01	4870
2.964458503568622e+00	-8.214304886509364e+00	4871
-6.607170008703621e+00	-5.659813830119440e-03	4872
-3.637507526999948e+00	8.715055757113294e+00	4873
5.483034570795215e+00	6.241343753849084e+00	4874
2.701299954205175e+00	-9.184662449731059e+00	4875
7.101277857875827e+00	-5.757210721368012e-01	4876
-7.225723485291579e+00	-3.506940158318375e+00	4877
7.203143780323491e+00	-1.785887842365003e+00	4878
4.316588966699189e+00	7.303256624665210e+00	4879
-6.649464946589306e+00	-8.220131968517736e+00	4880
8.484130098204085e+00	1.640017323495676e+00	4881
3.996599185488451e+00	8.396948178547889e+00	4882
6.659028236473615e+00	-6.253904403650932e+00	4883
-1.138113124106827e+00	-1.124225669801924e+01	4884
-8.245644490343572e+00	5.711378756530535e+00	4885
1.941163539830313e+00	9.791871336645487e+00	4886
-3.799169614637965e+00	-1.116460467543002e+01	4887
-2.871916929848888e+00	9.474248917758782e+00	4888
8.653321539862004e+00	-2.629850780266119e-02	4889
-7.753691328841245e+00	1.784109168077077e+00	4890
8.203281165434172e+00	-2.550777285707112e+00	4891
-7.970668427111778e+00	-6.437242360965343e-01	4892
8.086235120361220e+00	3.116402941661288e+00	4893
7.758489150849014e+00	-4.441420639644165e+00	4894
7.408267252354356e+00	4.598341648159412e+00	4895
7.927753040790664e+00	-8.464818742499172e-01	4896
-8.878595672472244e-01	1.004858266958481e+01	4897
3.206699914439854e+00	-1.031536332017529e+01	4898
-6.423584789978915e+00	-6.780922611694312e+00	4899
-4.925404173442296e+00	8.859709961009262e+00	4900
-7.269356905150567e+00	-5.129562039422471e+00	4901
5.208672954072709e+00	-7.474513023388993e+00	4902
5.212905484446905e+00	7.112075469148768e+00	4903
6.458723835298325e+00	5.986082735093705e+00	4904
-7.997944367210589e+00	-2.594033081809604e+00	4905
-6.763173699813129e+00	7.501580222964921e+00	4906
-6.215727518101930e+00	-1.043342433980065e+01	4907
-9.046034126638538e+00	3.469421579666869e+00	4908
1.121943022468809e+00	-1.086940379057933e+01	4909
3.882941434333732e+00	-8.267349393030548e+00	4910
-7.473235631494472e+00	5.130222895782664e-02	4911
7.512736826754465e+00	-1.261483360504866e+00	4912
-7.183677617997607e+00	6.272283411369608e-01	4913
5.828659292706558e-01	1.078801150246136e+01	4914
3.412864555168725e+00	9.668307370616201e+00	4915
-8.260780922236988e+00	4.650293054780025e-01	4916
1.304449267388617e-01	-1.182854081287108e+01	4917
8.944941028029813e+00	-1.016294637210901e+00	4918
-2.473939478438324e+00	-1.207685986815487e+01	4919
9.189883330240171e+00	8.754628477617434e-01	4920
8.800257341300046e+00	2.514143513380314e+00	4921
8.275408934572896e+00	4.096726782247362e+00	4922
-8.869654484307144e+00	2.226438884801116e+00	4923
5.031053942243990e+00	8.136776278090153e+00	4924
3.654652374713335e+00	-9.273412123829926e+00	4925
-8.084329520316631e+00	7.091759142424638e+00	4926
8.573712840283376e+00	-3.616405934820379e+00	4927
8.168935076070042e+00	-1.780442309165282e+00	4928
-8.585328586015251e+00	-1.589542360968255e+00	4929
-6.281224115607511e+00	8.763223861095534e+00	4930
-5.231039242333360e+00	-1.151957564318591e+01	4931
-4.098163360224077e+00	9.892437680169980e+00	4932
-7.633799177732976e+00	-7.327546479965570e+00	4933
-2.072043829300634e+00	1.036717450868991e+01	4934
-8.271113686502858e+00	-3.978547386096290e+00	4935
7.770681299202004e+00	-5.689551389339925e+00	4936
2.359895451272381e+00	-1.131912666530115e+01	4937
-7.395727158242754e+00	-6.232515790759848e+00	4938
6.339674430550991e+00	-7.363785801782431e+00	4939
6.226029731634553e+00	6.985390137563140e+00	4940
7.400506606017001e+00	5.604970230888096e+00	4941
-7.086783982365779e+00	-9.439667921216653e+00	4942
-9.360580715955711e+00	4.840660965919719e+00	4943
4.818395209558701e+00	-8.327892469418963e+00	4944
4.733022813208166e+00	9.390271189872472e+00	4945
-6.776775537461524e+00	-1.193335821683019e+01	4946
-3.226002603513514e+00	1.074933507788974e+01	4947
3.748589973890138e+00	-1.163007970801093e+01	4948
8.819684280793044e+00	-4.890549199257674e+00	4949
-9.438433249613002e+00	6.372779442998937e+00	4950
-8.629877576413291e+00	-6.537264172946897e+00	4951
9.291645810192280e+00	-2.769494194982435e+00	4952
9.539118411964571e+00	1.828745865791411e+00	4953
1.962155458808104e+00	1.124996900833970e+01	4954
2.775460752981618e+00	1.087659288066490e+01	4955
-4.049499242082370e+00	-1.272824840623134e+01	4956
-7.685291055308338e+00	-1.084509873757018e+01	4957
5.979459629613249e+00	7.922318714805166e+00	4958
-1.075981434144140e+00	-1.276869549696080e+01	4959
9.724580457123563e+00	-1.594335969192948e-01	4960
-7.997688617222094e+00	-8.543777619680720e+00	4961
-5.568063152831563e+00	1.006554950060698e+01	4962
9.091053703843491e+00	3.484653471766365e+00	4963
-9.299525713082712e-01	1.142122026660946e+01	4964
1.413619504596149e+00	-1.228983916440786e+01	4965
7.306427891594721e+00	6.710887422072426e+00	4966
8.354689745055598e+00	5.148593748566116e+00	4967
-8.658850210982818e+00	1.137100624321399e+00	4968
-7.709342291480299e+00	8.498405891463239e+00	4969
7.586074461922723e+00	-6.991350636191125e+00	4970
-1.002774510904645e+01	2.696269057921346e+00	4971
4.492939872463039e+00	-1.024976216270950e+01	4972
-9.048503231115076e+00	-4.641427618667561e-01	4973
9.148521166040750e+00	-2.092315019192531e+00	4974
-8.465149000117984e+00	-5.400304286258380e+00	4975
-9.130048988544347e+00	-2.842623341792206e+00	4976
-1.032548037423843e+01	3.899055938677311e+00	4977
5.913495158447361e+00	-8.390225061599464e+00	4978
4.234580088863237e+00	1.075654901006208e+01	4979
-5.660672050192311e+00	-1.316921678028990e+01	4980
-9.720265564144901e+00	-5.799673170117110e+00	4981
-2.559295428303576e+00	-1.373265694631075e+01	4982
1.034598470062354e+01	9.131945866014426e-01	4983
-2.304662034260653e+00	1.178050418613024e+01	4984
7.213161459784388e+00	-8.268301056962292e+00	4985
9.722975485870473e+00	-3.958042870255126e+00	4986
-1.136664399278467e+01	3.003798405681156e+00	4987
-8.420045829761422e+00	-1.238398386560148e+01	4988
-7.136991424999979e+00	9.955973933399891e+00	4989
-9.787778887966761e+00	-1.610187979444004e+00	4990
9.892331265128323e+00	2.811134349929388e+00	4991
9.324050843471950e+00	4.579272586877064e+00	4992
-9.242464321897032e+00	7.987984857236095e+00	4993
-8.489172602441002e+00	-9.957056614524278e+00	4994
-9.814335345730898e+00	1.476094845996416e+00	4995
1.004803490634207e+01	-1.316673948498145e+00	4996
5.947185300199999e-01	1.225487658700347e+01	4997
5.301820211231512e+00	-9.462255929006421e+00	4998
8.854491130528338e+00	-6.321656763554654e+00	4999
7.078613510703536e+00	7.800648995398649e+00	5000
8.364787294932013e+00	6.282313628400611e+00	5001
-1.067973877194623e+01	5.399407008737399e+00	5002
-8.952961384348770e+00	-7.738346610331532e+00	5003
-4.616047503487538e+00	1.123008208699537e+01	5004
2.807278394194158e+00	-1.276501114007489e+01	5005
-9.505260625999794e+00	-4.302557185756900e+00	5006
5.747437185970635e+00	9.089909865669959e+00	5007
3.465992318742888e-01	-1.338447984834692e+01	5008
5.276679741241079e+00	-1.156207256322968e+01	5009
6.819761709787188e+00	8.860008457364374e+00	5010
-1.046811940877209e+00	1.296730792656805e+01	5011
-7.290284755446494e+00	-1.367861840304604e+01	5012
1.784502809336415e+00	-1.388073321828242e+01	5013
-4.309134915067296e+00	-1.449934480834310e+01	5014
1.095241820959686e+01	-3.091980281135815e-01	5015
-8.796974382894435e+00	9.627105386247916e+00	5016
-3.621660404914024e+00	1.219952034519365e+01	5017
-6.296039604749159e+00	1.143718518294309e+01	5018
-1.032635081275536e+01	-4.537529948265221e-01	5019
-1.173750119691238e+01	4.393472480079821e+00	5020
9.435546627344529e+00	5.761327314712357e+00	5021
-9.528450078531831e+00	3.213918682810889e-01	5022
1.003373334572094e+01	-5.395175356685341e+00	5023
1.023345303938363e+01	3.891689855358648e+00	5024
1.074923297181310e+01	2.021320098704671e+00	5025
1.053546592491224e+01	-2.990855472338926e+00	5026
3.613253344020247e+00	1.210929849862187e+01	5027
-1.078425295421096e+01	7.141457381575901e+00	5028
-9.952796255385566e+00	-7.013065990875650e+00	5029
5.608577591410920e+00	1.044296782061689e+01	5030
8.278207871202985e+00	7.511660601485917e+00	5031
-9.347271182274984e+00	-9.177967083932190e+00	5032
-1.084022742065023e+01	-4.876974761317645e+00	5033
8.648920064228493e+00	-7.827250009657917e+00	5034
2.078389998193855e+00	1.284581071376636e+01	5035
-9.754009222683476e-01	-1.448646772937426e+01	5036
-9.211078398450896e+00	-1.142088262991300e+01	5037
-1.102009655818765e+01	1.779428871391169e+00	5038
6.650337112652934e+00	-9.506397664631395e+00	5039
4.477197240183877e+00	-1.305943787251099e+01	5040
-1.043337929132191e+01	-3.022915820993659e+00	5041
5.763066494173105e+00	-1.074458626289581e+01	5042
-9.169173845016749e+00	-1.418031199963664e+01	5043
1.051897443435833e+01	5.114693559137950e+00	5044
1.103950648472978e+01	-4.328149814828482e+00	5045
-6.068818639568716e+00	-1.503902196771364e+01	5046
-5.199055153005440e+00	1.275030899057329e+01	5047
-8.113781699481923e+00	1.131227473407867e+01	5048
-1.071841089942685e+01	5.954026212336621e-01	5049
-1.056206126616700e+01	9.007234566962993e+00	5050
1.009682075000250e+01	-7.036819698529268e+00	5051
1.113774658999422e+01	3.134245439572540e+00	5052
5.768126416380912e-01	1.391814800687795e+01	5053
7.291486391187386e+00	-1.090214626570032e+01	5054
8.189493455269929e+00	-9.331134022720599e+00	5055
8.040480332869887e+00	8.722346821933540e+00	5056
-2.619917079696536e+00	-1.560789351598851e+01	5057
9.467158936395796e+00	7.034852669589170e+00	5058
6.543618265655089e+00	1.017645818994187e+01	5059
1.137415027316300e+01	-1.705752997701005e+00	5060
-1.026287777943490e+01	-8.494636684663842e+00	5061
6.282354090802363e-01	-1.513416077416488e+01	5062
-1.216518426030109e+01	6.049898777098945e+00	5063
3.400461522860636e+00	-1.438724518970515e+01	5064
-1.113513138315427e+01	-6.260607642793647e+00	5065
-1.190493844940392e+01	-3.674695223831480e+00	5066
5.186776533160422e+00	1.194807732830046e+01	5067
-1.288903228001426e+01	3.342736278914045e+00	5068
-2.593502907151889e+00	1.337495942587205e+01	5069
6.193695126169620e+00	-1.301258245983786e+01	5070
1.166996281025031e+01	9.436654779134754e-01	5071
-1.013220155611455e+01	-1.298588360107692e+01	5072
-1.114890057904282e+01	-1.675348867473252e+00	5073
3.479059446198073e+00	1.379961842476938e+01	5074
-1.245817204175163e+01	2.033774445017746e+00	5075
1.213374049064767e+01	2.229166942924133e+00	5076
-4.551457656447096e+00	-1.650651657907252e+01	5077
-7.893183602803854e+00	-1.563846541685776e+01	5078
-1.003918981699358e+01	1.091062151801798e+01	5079
-1.230806740028583e+01	8.021962010793525e+00	5080
1.236902907499173e+01	-4.764929700496386e-01	5081
1.197257056245751e+01	-3.121935929117489e+00	5082
9.858894133325151e+00	-8.789814668600670e+00	5083
6.449771671231109e+00	1.161461378783444e+01	5084
9.380751406969505e+00	8.409396477763048e+00	5085
5.286145120001056e+00	-1.469068415313314e+01	5086
-8.194713433494369e-01	-1.642721519475424e+01	5087
-1.114620138329313e+01	-1.133350084035318e+01	5088
1.153286461882411e+01	4.339962088069585e+00	5089
-1.220952725777630e+00	1.471103577223729e+01	5090
-1.238859713029479e+01	-5.239946815465081e+00	5091
-7.120876220670334e+00	1.299791930310994e+01	5092
-4.077685814016200e+00	1.383979358393635e+01	5093
-1.071261532447148e+01	-1.005489957769043e+01	5094
-1.114209080544971e+01	-1.478814700948846e+01	5095
-1.408499516764363e+01	2.224195716711703e+00	5096
-1.170683851879521e+01	-3.667798138423916e-01	5097
1.142175431135485e+01	-5.957443976527917e+00	5098
2.067144226613615e+00	1.461834144265385e+01	5099
8.111131171369623e+00	-1.266822738025355e+01	5100
1.066918859480515e+01	6.442408158082038e+00	5101
8.987960347310953e+00	-1.082951588412422e+01	5102
7.762608459431238e+00	9.927644385743951e+00	5103
2.261525365719211e+00	-1.566604159681483e+01	5104
-1.141423998771575e+01	-7.651868946223736e+00	5105
-1.279310812554807e+01	-2.199676393186334e+00	5106
-1.335148436326977e+01	4.904791323646609e+00	5107
4.551297264450897e+00	1.348099866877217e+01	5108
-1.202812026267134e+01	7.519817260798102e-01	5109
-9.225359930922544e+00	1.285667626890475e+01	5110
-2.640677642313932e+00	-1.772945108872368e+01	5111
4.041752253012564e+00	1.542332441083947e+01	5112
1.255605584661471e+01	3.491155587331193e+00	5113
7.433267455345950e+00	1.141330555268643e+01	5114
9.953991210036607e-01	-1.709782496830035e+01	5115
4.097673690363100e+00	-1.621529425822196e+01	5116
-6.509209355165685e+00	-1.715207691174023e+01	5117
1.188054807955239e+01	5.706996433181132e+00	5118
1.072277865882118e+01	7.877995273269687e+00	5119
1.083637451592647e+01	-1.041317713338288e+01	5120
-1.254851492298493e+01	-1.014477514920694e+01	5121
-1.351454639566860e+01	8.091804665038445e-01	5122
-1.357781702284741e+01	-3.857606919844687e+00	5123
1.256356679121004e+01	-4.691645892219607e+00	5124
4.834799047650054e-01	1.578702855771593e+01	5125
1.151562905453144e+01	-7.847716575021480e+00	5126
-1.206357504143527e+01	1.016692844476192e+01	5127
6.242188049636498e+00	1.326594848904582e+01	5128
1.318527087717347e+01	9.774605842726517e-01	5129
-1.272818883067345e+01	-6.789215345637592e+00	5130
-1.459206076608158e+01	3.802984270955637e+00	5131
-2.944704498995037e+00	1.517031997498317e+01	5132
1.288954089081008e+01	-1.910807532681444e+00	5133
-1.317922889086475e+01	-1.852548113291780e-01	5134
-5.860117342873041e+00	1.447526195301011e+01	5135
-1.226730898159320e+01	-1.303995020674753e+01	5136
-1.385752342750255e+01	6.771920228741202e+00	5137
7.337151550517684e+00	-1.457233504482659e+01	5138
1.003557104116425e+01	-1.245707283071435e+01	5139
9.128182083085285e+00	9.765214459666391e+00	5140
-1.187795397834927e+01	-9.083954633330547e+00	5141
-4.603184157295878e+00	1.569077529701702e+01	5142
1.398772189914728e+01	-5.793612160955921e-01	5143
2.838179674230979e+00	-1.767116744913429e+01	5144
1.302236215943808e+01	-6.571397366128740e+00	5145
1.301063768007900e+01	4.837205992932065e+00	5146
-1.527709792650619e+01	9.214140655859188e-01	5147
6.277294281296237e+00	-1.651568557968858e+01	5148
2.353178971092424e+00	1.662632402229322e+01	5149
-1.145443519184317e+01	1.237187599895689e+01	5150
-1.404301084929510e+01	9.015817298799483e+00	5151
1.371442252187306e+01	2.463165234027923e+00	5152
1.357645586472470e+01	-3.387475338771427e+00	5153
1.207578879579015e+01	7.202048183940020e+00	5154
-1.467764876743947e+00	1.667103537548723e+01	5155
-8.055662404595310e+00	1.477343206955662e+01	5156
8.825486048317149e+00	1.114204989299290e+01	5157
-1.337102314557953e+01	-8.456222324171012e+00	5158
-5.876791220122332e-01	-1.861587801987954e+01	5159
1.207339155932736e+01	-1.207669710981504e+01	5160
-1.452163318596920e+01	-1.925103208260423e+00	5161
6.359860944210038e+00	1.559010137855218e+01	5162
1.274347354543144e+01	-9.546021932891907e+00	5163
-1.515996322568074e+01	5.501397846949970e+00	5164
-1.414326999774995e+01	-5.627430375085695e+00	5165
-1.593850721434747e+01	2.500355512348386e+00	5166
-1.479571522821499e+01	-1.770674390192377e-01	5167
9.311517345140739e+00	-1.429528487790025e+01	5168
1.063482812604565e+01	9.423359510679404e+00	5169
1.429582185666900e+01	-5.123960536885642e+00	5170
4.984484863549592e+00	-1.816477520370478e+01	5171
-1.048874864029604e+01	1.461597882596392e+01	5172
1.458546500443028e+01	-8.219145200385620e+00	5173
1.342987941260386e+01	6.365009979615180e+00	5174
-3.369841748800710e+00	1.718622246530893e+01	5175
1.459763492943311e+01	-2.109083652325352e+00	5176
-1.457680598651738e+01	-7.265901453696532e+00	5177
-6.609358905613291e+00	1.643138146339380e+01	5178
-1.460961458830318e+01	-1.010703179277431e+01	5179
-1.726876209678251e+01	1.015635517414515e+00	5180
-1.647494008063912e+01	-8.183607413693645e-01	5181
4.675958618420541e+00	1.746342050610818e+01	5182
4.661539369924783e-01	1.791775247936777e+01	5183
-1.377548008434226e+01	1.148240841454410e+01	5184
-1.549382781434508e+01	-3.927685153570207e+00	5185
-1.577589606604942e+01	7.587085352238232e+00	5186
1.140804860534731e+01	-1.408571019738711e+01	5187
1.215276410318797e+01	8.824897921645963e+00	5188
8.433789090441762e+00	1.282503302696913e+01	5189
1.416832568228268e+01	3.891267021322326e+00	5190
1.491068803672225e+01	1.052353708990184e+00	5191
8.542354951015238e+00	-1.639279232956888e+01	5192
1.421916603006177e+01	-1.129140493240694e+01	5193
-1.653092764790188e+01	4.257791062826906e+00	5194
1.035897348664541e+01	1.094739397891380e+01	5195
1.539311865449737e+01	-3.695694389318001e+00	5196
-1.376814756304593e+01	-1.218960177636571e+01	5197
-1.721329770396616e+01	6.143154307490295e+00	5198
1.468701981552107e+01	5.390052433324412e+00	5199
1.582763988690480e+01	-6.553723058888813e-01	5200
1.492288258721973e+01	-6.961745530920676e+00	5201
1.002673824207553e+01	1.252342734215150e+01	5202
1.566654070857673e+01	-9.548393420813451e+00	5203
-5.206999433776219e+00	1.777481806826744e+01	5204
1.367848631725726e+01	8.051425801500297e+00	5205
7.678816251490751e+00	1.472210192071477e+01	5206
-1.802995813273579e+01	2.899163380174137e+00	5207
-1.615428569340140e+01	-5.941929041255344e+00	5208
1.206028364823374e+01	1.056904082526868e+01	5209
1.551043780887641e+01	2.746157489441045e+00	5210
-1.864990528513906e+01	-6.710369836781735e-01	5211
1.626391033959191e+01	-5.475817756567674e+00	5212
1.599370902914088e+01	4.349789209187453e+00	5213
1.519147854929933e+01	7.096950854451872e+00	5214
8.073423322083523e+00	1.675703086905299e+01	5215
-1.659885569245058e+01	-8.074401153521565e+00	5216
1.377813738842447e+01	9.890488222935536e+00	5217
1.652625778140246e+01	-2.312705636941506e+00	5218
1.687248635215725e+01	1.169362552976132e+00	5219
-1.769625927675642e+01	-2.662891916329295e+00	5220
1.669020781266713e+01	-7.560680228562556e+00	5221
9.648651762908912e+00	1.443617721921068e+01	5222
-1.761581052562124e+01	-4.350582088667294e+00	5223
1.175391595243608e+01	1.228775188243395e+01	5224
1.791638583310220e+01	-7.170384494365277e-01	5225
1.550363355954833e+01	9.003900283488425e+00	5226
1.743873902939866e+01	-3.972528626721516e+00	5227
1.368079717453411e+01	1.186493755538791e+01	5228
1.658276092113048e+01	6.009651658735867e+00	5229
1.754713280062837e+01	3.090649638922449e+00	5230
1.141403271288307e+01	1.405389004239704e+01	5231
1.719203306520564e+01	7.913475489295804e+00	5232
NMARK= 2
MARKER_TAG= airfoil
MARKER_ELEMS= 200
3	199	0
3	0	1
3	1	2
3	2	3
3	3	4
3	4	5
3	5	6
3	6	7
3	7	8
3	8	9
3	9	10
3	10	11
3	11	12
3	12	13
3	13	14
3	14	15
3	15	16
3	16	17
3	17	18
3	18	19
3	19	20
3	20	21
3	21	22
3	22	23
3	23	24
3	24	25
3	25	26
3	26	27
3	27	28
3	28	29
3	29	30
3	30	31
3	31	32
3	32	33
3	33	34
3	34	35
3	35	36
3	36	37
3	37	38
3	38	39
3	39	40
3	40	41
3	41	42
3	42	43
3	43	44
3	44	45
3	45	46
3	46	47
3	47	48
3	48	49
3	49	50
3	50	51
3	51	52
3	52	53
3	53	54
3	54	55
3	55	56
3	56	57
3	57	58
3	58	59
3	59	60
3	60	61
3	61	62
3	62	63
3	63	64
3	64	65
3	65	66
3	66	67
3	67	68
3	68	69
3	69	70
3	70	71
3	71	72
3	72	73
3	73	74
3	74	75
3	75	76
3	76	77
3	77	78
3	78	79
3	79	80
3	80	81
3	81	82
3	82	83
3	83	84
3	84	85
3	85	86
3	86	87
3	87	88
3	88	89
3	89	90
3	90	91
3	91	92
3	92	93
3	93	94
3	94	95
3	95	96
3	96	97
3	97	98
3	98	99
3	99	100
3	100	101
3	101	102
3	102	103
3	103	104
3	104	105
3	105	106
3	106	107
3	107	108
3	108	109
3	109	110
3	110	111
3	111	112
3	112	113
3	113	114
3	114	115
3	115	116
3	116	117
3	117	118
3	118	119
3	119	120
3	120	121
3	121	122
3	122	123
3	123	124
3	124	125
3	125	126
3	126	127
3	127	128
3	128	129
3	129	130
3	130	131
3	131	132
3	132	133
3	133	134
3	134	135
3	135	136
3	136	137
3	137	138
3	138	139
3	139	140
3	140	141
3	141	142
3	142	143
3	143	144
3	144	145
3	145	146
3	146	147
3	147	148
3	148	149
3	149	150
3	150	151
3	151	152
3	152	153
3	153	154
3	154	155
3	155	156
3	156	157
3	157	158
3	158	159
3	159	160
3	160	161
3	161	162
3	162	163
3	163	164
3	164	165
3	165	166
3	166	167
3	167	168
3	168	169
3	169	170
3	170	171
3	171	172
3	172	173
3	173	174
3	174	175
3	175	176
3	176	177
3	177	178
3	178	179
3	179	180
3	180	181
3	181	182
3	182	183
3	183	184
3	184	185
3	185	186
3	186	187
3	187	188
3	188	189
3	189	190
3	190	191
3	191	192
3	192	193
3	193	194
3	194	195
3	195	196
3	196	197
3	197	198
3	198	199
MARKER_TAG= farfield
MARKER_ELEMS= 50
3	200	201
3	201	202
3	202	203
3	203	204
3	204	205
3	205	206
3	206	207
3	207	208
3	208	209
3	209	210
3	210	211
3	211	212
3	212	213
3	213	214
3	214	215
3	215	216
3	216	217
3	217	218
3	218	219
3	219	220
3	220	221
3	221	222
3	222	223
3	223	224
3	224	225
3	225	226
3	226	227
3	227	228
3	228	229
3	229	230
3	230	231
3	231	232
3	232	233
3	233	234
3	234	235
3	235	236
3	236	237
3	237	238
3	238	239
3	239	240
3	240	241
3	241	242
3	242	243
3	243	244
3	244	245
3	245	246
3	246	247
3	247	248
3	248	249
3	249	200
