"Time_Iter","Inner_Iter",    "rms[Rho]"    ,    "rms[RhoU]"   ,    "rms[RhoV]"   ,    "rms[RhoE]"   ,     "rms[nu]"    ,    "RefForce"    ,       "CD"       ,       "CL"       ,       "CSF"      ,       "CMx"      ,       "CMy"      ,       "CMz"      ,       "CFx"      ,       "CFy"      ,       "CFz"      ,      "CEff"      ,     "Buffet"     ,   "relrms[Rho]"  ,  "relrms[RhoU]"  ,  "relrms[RhoV]"  ,  "relrms[RhoE]"  ,   "relrms[nu]"   , "tavg[RefForce]" ,    "tavg[CD]"    ,    "tavg[CL]"    ,    "tavg[CSF]"   ,    "tavg[CMx]"   ,    "tavg[CMy]"   ,    "tavg[CMz]"   ,    "tavg[CFx]"   ,    "tavg[CFy]"   ,    "tavg[CFz]"   ,   "tavg[CEff]"   ,  "tavg[Buffet]"  ,"Cauchy[tavg[CD]]","Cauchy[tavg[CL]]"
          0,           9,      -6.558589565,      -3.932194795,      -3.993324889,      -1.092946548,      -2.822137627,      0.9329898399,      0.7464693642,       1.131055929,                 0,                 0,                 0,      0.2885996123,      0.6241525888,       1.202887182,                 0,       1.515207433,    0.003842504143,      -1.038502825,       -1.01418343,      -0.404588424,      -1.049512906,      -2.392952383,                 0,                 0,                 0,                 0,                 0,                 0,                 0,                 0,                 0,                 0,                 0,                 0,                 1,                 1
          1,           9,      -6.632037671,      -4.111435141,      -4.184106899,      -1.172782676,      -3.234176321,      0.9329898399,      0.4271149918,      0.8791581257,                 0,                 0,                 0,      0.1207104761,      0.3328781633,      0.9189876792,                 0,       2.058364006,    0.005046390494,     -0.1925279484,     -0.2446425223,     -0.3237633922,     -0.1969427591,     -0.6914248495,                 0,                 0,                 0,                 0,                 0,                 0,                 0,                 0,                 0,                 0,                 0,                 0,                 1,                 1
          2,           9,      -6.691862704,      -4.224080479,       -4.29496158,       -1.22851992,      -3.283195242,      0.9329898399,      0.2725458563,       0.609380835,                 0,                 0,                 0,    -0.01607235363,      0.2073551794,      0.6345313826,                 0,        2.23588369,    0.006266782648,      -0.315794903,     -0.3792542651,     -0.4370991405,     -0.3107915054,     -0.5005443531,                 0,                 0,                 0,                 0,                 0,                 0,                 0,                 0,                 0,                 0,                 0,                 0,                 1,                 1
          3,           9,      -6.820960624,      -4.339859755,      -4.356368752,      -1.355968804,      -3.376456118,      0.9329898399,      0.2182649012,      0.4471871925,                 0,                 0,                 0,    -0.03583943332,      0.1703254332,       0.467552349,                 0,       2.048827777,    0.007157594584,     -0.5340726699,     -0.5562973679,     -0.5421532582,      -0.524725249,     -0.5849303982,                 0,                 0,                 0,                 0,                 0,                 0,                 0,                 0,                 0,                 0,                 0,                 0,                 1,                 1
          4,           9,      -6.967035702,      -4.456734648,      -4.410401922,      -1.498002399,       -3.44146769,      0.9329898399,      0.2265430007,      0.4772750714,                 0,                 0,                 0,    -0.01133936583,      0.1754131447,      0.4983407004,                 0,        2.10677474,    0.008386642506,     -0.7215154859,     -0.6598884649,     -0.5702408175,     -0.7034012866,     -0.7283173072,                 0,                 0,                 0,                 0,                 0,                 0,                 0,                 0,                 0,                 0,                 0,                 0,                 1,                 1
          5,           9,      -6.992333182,      -4.466173961,      -4.422602534,      -1.525454684,      -3.435306481,      0.9329898399,      0.2660235452,      0.6842692242,                 0,                 0,                 0,     0.02442439382,      0.1930406299,      0.7083277581,                 0,       2.572213011,     0.01269572867,      -0.742615809,      -0.620901921,     -0.5493669563,     -0.7241735461,     -0.8060258225,                 0,                 0,                 0,                 0,                 0,                 0,                 0,                 0,                 0,                 0,                 0,                 0,                 1,                 1
          6,           9,      -7.030891969,      -4.475720078,       -4.47757953,      -1.566263973,      -3.504976656,      0.9329898399,      0.3031014589,      0.9165565537,                 0,                 0,                 0,     0.05411003701,      0.2056347893,      0.9432182907,                 0,       3.023926566,     0.01393030433,     -0.8022070192,     -0.6037056775,     -0.6634126304,     -0.7831120761,      -0.958160158,                 0,                 0,                 0,                 0,                 0,                 0,                 0,                 0,                 0,                 0,                 0,                 0,                 1,                 1
          7,           9,      -7.072736897,      -4.441984546,      -4.518680277,       -1.60091049,      -3.574661504,      0.9329898399,      0.3198358846,       1.063775309,                 0,                 0,                 0,      0.0715736932,      0.2068889918,        1.09137979,                 0,       3.326003617,     0.01654295736,     -0.8498406016,     -0.5859255275,     -0.6853727489,     -0.8198601288,      -1.085366242,                 0,                 0,                 0,                 0,                 0,                 0,                 0,                 0,                 0,                 0,                 0,                 0,                 1,                 1
          8,           9,      -7.145865282,      -4.420843148,       -4.55839517,      -1.661272782,      -3.665082341,      0.9329898399,      0.3179506499,       1.100956225,                 0,                 0,                 0,     0.06362552244,      0.2011276206,       1.128159965,                 0,       3.462663862,     0.01916440935,     -0.8335490715,     -0.5140885332,     -0.6228846347,     -0.7955500799,      -1.207516814,                 0,                 0,                 0,                 0,                 0,                 0,                 0,                 0,                 0,                 0,                 0,                 0,                 1,                 1
          9,           9,      -7.241851023,      -4.427439853,       -4.61466689,      -1.740709328,      -3.672037753,      0.9329898399,      0.3109913297,       1.090589941,                 0,                 0,                 0,     0.04108874878,      0.1952899961,       1.117123021,                 0,       3.506817833,     0.02042474749,      -0.889408997,     -0.5137726373,     -0.7012055096,     -0.8402861627,      -1.246630916,                 0,                 0,                 0,                 0,                 0,                 0,                 0,                 0,                 0,                 0,                 0,                 0,                 1,                 1
         10,           9,       -7.30823621,      -4.443707413,      -4.616295715,      -1.798581807,       -3.72040254,      0.9329898399,      0.3073114283,       1.091931788,                 0,                 0,                 0,     0.02731364561,      0.1914899923,       1.118072863,                 0,       3.553176639,     0.02307100825,     -0.9467576987,     -0.5654293456,     -0.6802120639,     -0.8855797306,      -1.312210759,                 0,                 0,                 0,                 0,                 0,                 0,                 0,                 0,                 0,                 0,                 0,                 0,                 1,                 1
         11,           9,      -7.359405673,      -4.456977256,      -4.595312306,      -1.856546091,      -3.763103875,      0.9329898399,      0.3106762429,       1.125359474,                 0,                 0,                 0,     0.03022833808,      0.1913422294,       1.151669147,                 0,       3.622290085,      0.4182122061,      -0.845704022,     -0.5285933604,     -0.5203030981,     -0.7990362236,      -1.360901854,                 0,                 0,                 0,                 0,                 0,                 0,                 0,                 0,                 0,                 0,                 0,                 0,                 1,                 1
         12,           9,      -7.395732938,      -4.465555829,      -4.600135347,      -1.907400782,      -3.659065975,      0.9329898399,      0.3220686709,       1.185525121,                 0,                 0,                 0,     0.04129439871,       0.196383226,       1.212696033,                 0,       3.680970016,      0.5764561492,     -0.6885836747,     -0.4612685261,     -0.4601037011,     -0.6761501297,       -1.26831301,                 0,                 0,                 0,                 0,                 0,                 0,                 0,                 0,                 0,                 0,                 0,                 0,                 1,                 1
         13,           9,      -7.396490725,      -4.467291631,      -4.621499608,      -1.920508549,      -3.627835222,      0.9329898399,      0.3374302472,       1.255078819,                 0,                 0,                 0,     0.05260933214,      0.2043903088,       1.283474431,                 0,       3.719520787,      0.7503366228,     -0.6576113632,     -0.4356575711,     -0.4923163914,     -0.6516148911,       -1.25056122,                 0,                 0,                 0,                 0,                 0,                 0,                 0,                 0,                 0,                 0,                 0,                 0,                 1,                 1
         14,           9,      -7.444323063,      -4.462339467,      -4.648340341,       -1.96955628,      -3.600690317,      0.9329898399,      0.3493383606,       1.312311428,                 0,                 0,                 0,     0.06090898204,      0.2102507516,       1.341638251,                 0,       3.756562622,      0.9686102676,     -0.6252567887,      -0.428931403,     -0.4933772459,      -0.623390545,       -1.23784627,                 0,                 0,                 0,                 0,                 0,                 0,                 0,                 0,                 0,                 0,                 0,                 0,                 1,                 1
         15,           9,       -7.52901355,      -4.451387998,      -4.669658597,      -2.038306489,      -3.571263499,      0.9329898399,      0.3532303929,       1.344033702,                 0,                 0,                 0,     0.06533320507,      0.2108055824,       1.373593575,                 0,       3.804977513,      0.9815882579,     -0.6215297637,      -0.430160485,     -0.5009086339,     -0.6095700124,      -1.224414129,                 0,                 0,                 0,                 0,                 0,                 0,                 0,                 0,                 0,                 0,                 0,                 0,                 1,                 1
         16,           9,      -7.592483418,      -4.434649438,       -4.68222195,      -2.068854581,      -3.540873722,      0.9329898399,      0.3507842022,       1.353248095,                 0,                 0,                 0,     0.06736548255,      0.2074096258,       1.382501794,                 0,       3.857779474,      0.9892241662,     -0.6700478687,     -0.4490534376,     -0.5137797111,     -0.6288073464,       -1.20891651,                 0,                 0,                 0,                 0,                 0,                 0,                 0,                 0,                 0,                 0,                 0,                 0,                 1,                 1
         17,           9,      -7.648467971,      -4.414753396,      -4.684479862,      -2.098195541,      -3.584009712,      0.9329898399,      0.3464312531,       1.352303425,                 0,                 0,                 0,     0.07028647024,      0.2031792675,       1.381107292,                 0,       3.903526063,      0.9957122899,     -0.6890746255,      -0.480683815,     -0.4963282099,     -0.6434644134,       -1.26448302,                 0,                 0,                 0,                 0,                 0,                 0,                 0,                 0,                 0,                 0,                 0,                 0,                 1,                 1
         18,           9,      -7.598507293,      -4.393203864,      -4.673896563,      -2.068221072,      -3.564452347,      0.9329898399,       0.343535644,       1.352861837,                 0,                 0,                 0,     0.07752659229,       0.200241151,       1.381359971,                 0,       3.938053766,       1.005152789,     -0.5415398346,     -0.5078471498,     -0.4641388439,     -0.5621370809,      -1.254910942,                 0,                 0,                 0,                 0,                 0,                 0,                 0,                 0,                 0,                 0,                 0,                 0,                 1,                 1
         19,           9,      -7.567926319,       -4.37120542,      -4.655624924,      -2.065706574,      -3.526179608,      0.9329898399,       0.343107158,       1.359751495,                 0,                 0,                 0,     0.09051730919,      0.1990948469,       1.388167098,                 0,       3.963051959,       1.007694233,      -0.479679841,     -0.5367611928,     -0.4524027605,     -0.5681718654,       -1.22354144,                 0,                 0,                 0,                 0,                 0,                 0,                 0,                 0,                 0,                 0,                 0,                 0,                 1,                 1
         20,           9,       -7.55516589,      -4.347643583,      -4.641636267,      -2.079497276,      -3.485376507,      0.9329898399,      0.3442627468,       1.371669546,                 0,                 0,                 0,      0.1086637959,      0.1989983298,       1.400140652,                 0,       3.984368213,       1.007756568,     -0.5299412068,     -0.5659318093,     -0.4681241297,     -0.6433119907,      -1.186148774,                 0,                 0,                 0,                 0,                 0,                 0,                 0,                 0,                 0,                 0,                 0,                 0,                 1,                 1
         21,           9,      -7.515114038,       -4.32020702,      -4.623974872,      -2.052160075,      -3.434492104,      0.9329898399,      0.3446922399,       1.382078126,                 0,                 0,                 0,      0.1301233202,      0.1983374772,       1.410537107,                 0,        4.00960035,       1.007834522,     -0.5434088498,     -0.5901480678,     -0.4816368431,      -0.668459235,      -1.136455254,                 0,                 0,                 0,                 0,                 0,                 0,                 0,                 0,                 0,                 0,                 0,                 0,                 1,                 1
         22,           9,      -7.471195031,      -4.292508396,      -4.603419636,      -2.011795886,      -3.378500187,      0.9329898399,      0.3426182553,        1.38547131,                 0,                 0,                 0,      0.1538809907,      0.1959201698,       1.413694912,                 0,       4.043775508,       1.006554828,     -0.5627729166,     -0.6142440247,     -0.4897603571,     -0.6917194656,      -1.083566296,                 0,                 0,                 0,                 0,                 0,                 0,                 0,                 0,                 0,                 0,                 0,                 0,                 1,                 1
         23,           9,       -7.42680992,       -4.26734848,      -4.579194875,      -1.970195004,      -3.379134849,      0.9329898399,      0.3370889675,       1.377843132,                 0,                 0,                 0,      0.1791791248,      0.1912185336,       1.405530555,                 0,       4.087476202,         1.0027939,     -0.5884049641,     -0.6387998333,      -0.495328167,     -0.7187741489,      -1.095056692,                 0,                 0,                 0,                 0,                 0,                 0,                 0,                 0,                 0,                 0,                 0,                 0,                 1,                 1
         24,           9,      -7.387005633,      -4.245030328,      -4.551226349,      -1.933956844,      -3.317562662,      0.9329898399,      0.3279109839,       1.356766672,                 0,                 0,                 0,      0.2042894787,       0.184293918,       1.383610193,                 0,       4.137606662,       1.001540366,     -0.6092446354,     -0.6610547043,     -0.4966568569,     -0.7415545754,      -1.054814947,                 0,                 0,                 0,                 0,                 0,                 0,                 0,                 0,                 0,                 0,                 0,                 0,                 1,                 1
         25,           9,      -7.357847634,      -4.224486464,      -4.524227547,      -1.907821063,      -3.291394286,      0.9329898399,      0.3147518296,       1.318979534,                 0,                 0,                 0,      0.2252508217,      0.1751566824,       1.344654551,                 0,       4.190538099,      0.9962094083,     -0.6300104718,     -0.6787099569,     -0.4968437759,     -0.7634288311,      -1.054599484,                 0,                 0,                 0,                 0,                 0,                 0,                 0,                 0,                 0,                 0,                 0,                 0,                 1,                 1
         26,           9,      -7.332179518,      -4.202476935,      -4.502070793,      -1.883119934,      -3.253504073,      0.9329898399,       0.296793798,       1.258134174,                 0,                 0,                 0,      0.2360748857,      0.1636570987,       1.282265383,                 0,       4.239085123,       0.989870245,     -0.6450250302,     -0.6882959512,     -0.4989276616,     -0.7773902543,      -1.040042901,                 0,                 0,                 0,                 0,                 0,                 0,                 0,                 0,                 0,                 0,                 0,                 0,                 1,                 1
         27,           9,      -7.298427911,      -4.175458766,      -4.475892472,      -1.848918409,       -3.22900818,      0.9329898399,      0.2731891245,       1.165326991,                 0,                 0,                 0,      0.2300888147,      0.1498827263,       1.187499247,                 0,       4.265641954,      0.9809979179,     -0.6444276581,     -0.6863297006,     -0.4930641704,      -0.774196734,      -1.031062043,                 0,                 0,                 0,                 0,                 0,                 0,                 0,                 0,                 0,                 0,                 0,                 0,                 1,                 1
         28,           9,      -7.273360989,      -4.146388986,      -4.426447316,      -1.817621796,      -3.233391685,      0.9329898399,      0.2454656558,       1.037840078,                 0,                 0,                 0,      0.2064354055,      0.1356371408,       1.057812829,                 0,       4.228045974,       0.812564425,      -0.644039611,     -0.6757836729,     -0.4584455709,     -0.7659341652,      -1.043995554,                 0,                 0,                 0,                 0,                 0,                 0,                 0,                 0,                 0,                 0,                 0,                 0,                 1,                 1
         29,           9,      -7.282598474,      -4.116973249,      -4.366901048,      -1.817313843,      -3.227536286,      0.9329898399,      0.2172354475,      0.8813535042,                 0,                 0,                 0,      0.1698498126,      0.1239188816,       0.899232645,                 0,       4.057134847,      0.7697742324,     -0.6690165318,     -0.6584753367,     -0.4091950415,     -0.7807516348,      -1.043710285,                 0,                 0,                 0,                 0,                 0,                 0,                 0,                 0,                 0,                 0,                 0,                 0,                 1,                 1
         30,           9,      -7.295456518,      -4.084067547,      -4.315494245,      -1.821102524,      -3.190603426,      0.9329898399,      0.1919541684,      0.7029268468,                 0,                 0,                 0,      0.1246066301,      0.1174267603,      0.7191408142,                 0,       3.661951458,      0.6922387939,     -0.6893137742,     -0.6315418141,      -0.366404845,     -0.7920495534,        -1.0112303,                 0,                 0,                 0,                 0,                 0,                 0,                 0,                 0,                 0,                 0,                 0,                 0,                 1,                 1
         31,           9,      -7.279277955,        -4.0469799,      -4.269198243,      -1.801247048,      -3.122683413,      0.9329898399,      0.1715184638,      0.5071898125,                 0,                 0,                 0,     0.07249588103,       0.117563096,      0.5223399351,                 0,       2.957056642,      0.5923865089,     -0.6756452469,     -0.5948068349,     -0.3296205857,     -0.7737056275,     -0.9474613974,                 0,                 0,                 0,                 0,                 0,                 0,                 0,                 0,                 0,                 0,                 0,                 0,                 1,                 1
         32,           9,      -7.236993134,      -4.007320707,      -4.223097394,      -1.760983011,      -3.033842362,      0.9329898399,       0.156333209,      0.2992277585,                 0,                 0,                 0,     0.01552487204,      0.1241989816,      0.3139298276,                 0,       1.914038356,       0.519236516,      -0.634155648,     -0.5505501957,     -0.2966677925,     -0.7309034483,     -0.8642930306,                 0,                 0,                 0,                 0,                 0,                 0,                 0,                 0,                 0,                 0,                 0,                 0,                 1,                 1
         33,           9,      -7.183819314,      -3.968107303,       -4.17501446,      -1.711504016,      -2.937676716,      0.9329898399,      0.1460908861,     0.08788971789,                 0,                 0,                 0,    -0.04159292829,      0.1361036078,      0.1026789046,                 0,      0.6016098624,      0.4380767648,     -0.5816560126,     -0.5025879665,     -0.2667077095,     -0.6762401278,     -0.7830268221,                 0,                 0,                 0,                 0,                 0,                 0,                 0,                 0,                 0,                 0,                 0,                 0,                 1,                 1
         34,           9,      -7.125432679,      -3.930639563,      -4.126976987,      -1.655658667,      -2.841597671,      0.9329898399,      0.1402016317,     -0.1130584923,                 0,                 0,                 0,     -0.0925909435,      0.1512514229,    -0.09778408495,                 0,     -0.8063992618,      0.3033451097,     -0.5235223041,     -0.4530758269,     -0.2427817415,     -0.6128637101,     -0.7195257805,                 0,                 0,                 0,                 0,                 0,                 0,                 0,                 0,                 0,                 0,                 0,                 0,                 1,                 1
         35,           9,      -7.061677756,      -3.894984611,      -4.080931263,      -1.590999427,      -2.775130635,      0.9329898399,      0.1377740718,     -0.2913829531,                 0,                 0,                 0,     -0.1329227104,      0.1674771433,     -0.2753854148,                 0,      -2.114933161,    0.009490793613,     -0.4585939409,     -0.4031885231,     -0.2265876445,     -0.5378960955,      -0.701053441,                 0,                 0,                 0,                 0,                 0,                 0,                 0,                 0,                 0,                 0,                 0,                 0,                 1,                 1
         36,           9,      -6.995428115,      -3.860028918,      -4.037439763,      -1.520040607,       -2.74327437,      0.9329898399,      0.1379058665,     -0.4379163445,                 0,                 0,                 0,     -0.1592459658,      0.1829251262,     -0.4211023046,                 0,      -3.175472919,    0.006776421264,     -0.3905285433,     -0.3537184635,     -0.2180245279,     -0.4546061511,     -0.7199047814,                 0,                 0,                 0,                 0,                 0,                 0,                 0,                 0,                 0,                 0,                 0,                 0,                 1,                 1
         37,           9,      -6.940573774,       -3.82796505,      -3.996003884,      -1.459527417,      -2.741528493,      0.9329898399,      0.1398751677,     -0.5465871342,                 0,                 0,                 0,     -0.1688404835,        0.19624283,     -0.5289719363,                 0,      -3.907678134,    0.004208370742,     -0.3358886149,     -0.3094014278,      -0.215367617,     -0.3821766901,     -0.7593144182,                 0,                 0,                 0,                 0,                 0,                 0,                 0,                 0,                 0,                 0,                 0,                 0,                 1,                 1
         38,           9,      -6.903515977,      -3.803395439,      -3.955785406,      -1.420812107,       -2.75400521,      0.9329898399,      0.1426160455,     -0.6101500109,                 0,                 0,                 0,     -0.1598978088,      0.2056128229,     -0.5919001092,                 0,      -4.278270434,    0.003006037951,     -0.3012777764,     -0.2764408945,     -0.2163606448,     -0.3325427172,      -0.799479199,                 0,                 0,                 0,                 0,                 0,                 0,                 0,                 0,                 0,                 0,                 0,                 0,                 1,                 1
         39,           9,      -6.891179977,       -3.78822396,      -3.918361491,      -1.411892394,      -2.787381309,      0.9329898399,      0.1441592357,     -0.6372084751,                 0,                 0,                 0,     -0.1384594291,       0.209975939,      -0.618649037,                 0,      -4.420171015,   0.0008241184094,     -0.2905804794,     -0.2568012718,     -0.2221467646,     -0.3101213044,     -0.8477940596,                 0,                 0,                 0,                 0,                 0,                 0,                 0,                 0,                 0,                 0,                 0,                 0,                 1,                 1
         40,           9,       -6.89683146,      -3.781410566,      -3.884632425,      -1.425572962,      -2.806090469,      0.9329898399,      0.1430660258,     -0.6312324806,                 0,                 0,                 0,     -0.1070676551,      0.2082640563,     -0.6128200512,                 0,      -4.412175966,    0.002102924611,     -0.2955990732,     -0.2487907768,     -0.2297273064,     -0.3058071326,     -0.8704965231,                 0,                 0,                 0,                 0,                 0,                 0,                 0,                 0,                 0,                 0,                 0,                 0,                 1,                 1
         41,           9,      -6.909055508,      -3.782238638,      -3.856710107,      -1.448101051,      -2.838683273,      0.9329898399,      0.1400063249,     -0.6103533344,                 0,                 0,                 0,    -0.07475376346,      0.2030386517,      -0.592375109,                 0,      -4.359469722,    0.003904270877,     -0.3003976969,     -0.2512934951,     -0.2417786844,     -0.3009276854,      -0.896743056,                 0,                 0,                 0,                 0,                 0,                 0,                 0,                 0,                 0,                 0,                 0,                 0,                 1,                 1
         42,           9,      -6.915140133,      -3.786604282,      -3.832120023,      -1.461408571,      -2.880068538,      0.9329898399,      0.1372576071,     -0.5901381738,                 0,                 0,                 0,    -0.04969714144,      0.1981919319,     -0.5725580084,                 0,      -4.299493386,    0.006545458599,     -0.2971042311,     -0.2596225955,     -0.2523510798,     -0.2831938785,     -0.9217851149,                 0,                 0,                 0,                 0,                 0,                 0,                 0,                 0,                 0,                 0,                 0,                 0,                 1,                 1
         43,           9,      -6.910229883,        -3.7888324,      -3.811620762,       -1.45734121,      -2.896630195,      0.9329898399,      0.1360331148,     -0.5805453889,                 0,                 0,                 0,    -0.03523396081,      0.1959714285,     -0.5631457681,                 0,      -4.267676953,    0.007833995163,     -0.2860915147,     -0.2676589963,     -0.2608484551,     -0.2528744412,     -0.9135238284,                 0,                 0,                 0,                 0,                 0,                 0,                 0,                 0,                 0,                 0,                 0,                 0,                 1,                 1
         44,           9,      -6.900533081,      -3.785744873,      -3.794505401,      -1.443154004,      -2.894664497,      0.9329898399,      0.1356874394,     -0.5832232794,                 0,                 0,                 0,    -0.02924805721,      0.1959075625,     -0.5658451217,                 0,      -4.298284956,    0.009136974386,      -0.275551699,     -0.2725090607,     -0.2664324305,     -0.2242958563,      -0.881111541,                 0,                 0,                 0,                 0,                 0,                 0,                 0,                 0,                 0,                 0,                 0,                 0,                 1,                 1
         45,           9,      -6.895948589,      -3.782480909,       -3.78350837,      -1.433451104,      -2.922180309,      0.9329898399,      0.1353174501,     -0.5982989808,                 0,                 0,                 0,    -0.02939163693,        0.19711544,     -0.5808769113,                 0,      -4.421447346,    0.009085391779,     -0.2747655899,     -0.2796071289,     -0.2733939527,     -0.2142276366,     -0.8787280637,                 0,                 0,                 0,                 0,                 0,                 0,                 0,                 0,                 0,                 0,                 0,                 0,                 1,                 1
         46,           9,      -6.893340999,      -3.779563827,      -3.773585459,      -1.425336892,      -2.929538811,      0.9329898399,      0.1337448651,     -0.6141312559,                 0,                 0,                 0,    -0.03132683875,      0.1972063931,     -0.5967868354,                 0,      -4.591811847,     0.01042408465,     -0.2718905508,     -0.2883562402,     -0.2763034795,     -0.2050187821,     -0.8663502106,                 0,                 0,                 0,                 0,                 0,                 0,                 0,                 0,                 0,                 0,                 0,                 0,                 1,                 1
         47,           9,      -6.894373228,      -3.775964683,      -3.763350865,      -1.421503274,      -2.927901933,      0.9329898399,      0.1308940927,     -0.6181103734,                 0,                 0,                 0,    -0.03149265277,      0.1947871687,     -0.6010421417,                 0,      -4.722217485,     0.01041125366,     -0.2752453576,     -0.2969777001,      -0.275958017,       -0.20806555,     -0.8649881429,                 0,                 0,                 0,                 0,                 0,                 0,                 0,                 0,                 0,                 0,                 0,                 0,                 1,                 1
         48,           9,      -6.895471836,      -3.775347481,      -3.755696009,      -1.419457994,      -2.921730366,      0.9329898399,      0.1271263789,     -0.6066610767,                 0,                 0,                 0,    -0.02913548016,      0.1898433174,     -0.5900493988,                 0,        -4.7721101,     0.01179089111,     -0.2797101434,     -0.3095864861,     -0.2766695846,     -0.2176527915,     -0.8827999956,                 0,                 0,                 0,                 0,                 0,                 0,                 0,                 0,                 0,                 0,                 0,                 0,                 1,                 1
         49,           9,      -6.899826163,      -3.774176142,      -3.750783655,      -1.420430365,      -2.913687301,      0.9329898399,      0.1227893688,     -0.5827705709,                 0,                 0,                 0,    -0.02497251887,       0.183032828,     -0.5667431087,                 0,      -4.746099571,     0.01181890196,     -0.2905072743,     -0.3239749274,     -0.2797296555,     -0.2367272582,     -0.9171172145,                 0,                 0,                 0,                 0,                 0,                 0,                 0,                 0,                 0,                 0,                 0,                 0,                 1,                 1
         50,           9,      -6.905484447,      -3.774158339,      -3.750870536,      -1.422938469,      -2.900017521,      0.9329898399,      0.1181746876,     -0.5504670567,                 0,                 0,                 0,      -0.020136699,      0.1750667898,     -0.5350989221,                 0,      -4.658079223,     0.01186602283,     -0.3031998589,     -0.3427439668,     -0.2873577167,     -0.2601378137,     -0.9555143527,                 0,                 0,                 0,                 0,                 0,                 0,                 0,                 0,                 0,                 0,                 0,                 0,                 1,                 1
         51,           9,      -6.913095451,      -3.770016599,      -3.752533072,      -1.427657255,      -2.889429375,      0.9329898399,      0.1135035886,     -0.5093807358,                 0,                 0,                 0,    -0.01422018145,      0.1661265896,     -0.4947259392,                 0,      -4.487794106,     0.01193029713,     -0.3233546024,     -0.3609833285,     -0.2971937552,     -0.2922624196,      -1.001283746,                 0,                 0,                 0,                 0,                 0,                 0,                 0,                 0,                 0,                 0,                 0,                 0,                 1,                 1
         52,           9,      -6.925323333,      -3.763438871,      -3.758320848,      -1.437100805,      -2.869203717,      0.9329898399,      0.1093679116,     -0.4610457544,                 0,                 0,                 0,   -0.008259546831,      0.1569611869,     -0.4470880378,                 0,      -4.215548672,     0.01200905828,     -0.3533178504,     -0.3796076697,     -0.3116499162,     -0.3325000306,      -1.037248176,                 0,                 0,                 0,                 0,                 0,                 0,                 0,                 0,                 0,                 0,                 0,                 0,                 1,                 1
         53,           9,      -6.939811986,      -3.753368843,      -3.767434332,      -1.447338388,      -2.857647415,      0.9329898399,      0.1059555254,     -0.4051708898,                 0,                 0,                 0,   -0.002122484892,      0.1477269804,      -0.391875953,                 0,      -3.823971315,      0.0107272544,      -0.388737392,     -0.3969566715,      -0.330506007,     -0.3743005515,      -1.078900169,                 0,                 0,                 0,                 0,                 0,                 0,                 0,                 0,                 0,                 0,                 0,                 0,                 1,                 1
         54,           9,      -6.956753974,      -3.738807597,      -3.777391992,      -1.458542278,      -2.851943957,      0.9329898399,      0.1033426849,     -0.3427075454,                 0,                 0,                 0,    0.004171676282,      0.1385992559,     -0.3300279055,                 0,      -3.316224519,     0.01082540561,     -0.4282718973,     -0.4111387778,     -0.3516274968,      -0.417018976,      -1.121346967,                 0,                 0,                 0,                 0,                 0,                 0,                 0,                 0,                 0,                 0,                 0,                 0,                 1,                 1
         55,           9,      -6.976081952,      -3.722331631,      -3.787101053,      -1.470788075,      -2.824762471,      0.9329898399,       0.101814635,     -0.2737784921,                 0,                 0,                 0,     0.01027265154,      0.1298745289,     -0.2616361776,                 0,      -2.688989575,    0.009557274019,     -0.4707481237,     -0.4236884126,     -0.3739281358,     -0.4602031388,      -1.135750412,                 0,                 0,                 0,                 0,                 0,                 0,                 0,                 0,                 0,                 0,                 0,                 0,                 1,                 1
         56,           9,      -6.999309334,      -3.705953246,      -3.797399281,      -1.486043322,      -2.829969457,      0.9329898399,      0.1018283812,     -0.2005534779,                 0,                 0,                 0,     0.01526250986,      0.1222341015,     -0.1888108608,                 0,      -1.969524367,    0.009664432376,     -0.5170694053,     -0.4356902333,     -0.3982377297,     -0.5047312924,      -1.175710892,                 0,                 0,                 0,                 0,                 0,                 0,                 0,                 0,                 0,                 0,                 0,                 0,                 1,                 1
         57,           9,      -7.019617124,      -3.689981686,       -3.80732093,      -1.497886163,      -2.836697319,      0.9329898399,       0.103726111,     -0.1241582986,                 0,                 0,                 0,      0.0191820668,      0.1161359647,     -0.1126358155,                 0,      -1.196982104,     0.00840425279,     -0.5599471738,     -0.4468806923,     -0.4232989743,     -0.5433391342,      -1.211376152,                 0,                 0,                 0,                 0,                 0,                 0,                 0,                 0,                 0,                 0,                 0,                 0,                 1,                 1
         58,           9,      -7.042600887,      -3.674777813,      -3.817409928,      -1.511806433,      -2.850057831,      0.9329898399,      0.1074940491,    -0.04672088767,                 0,                 0,                 0,     0.02204458915,      0.1117888481,      -0.035228758,                 0,     -0.4346369687,    0.007235238781,      -0.605007276,     -0.4571557769,     -0.4489258703,      -0.581800319,      -1.249978599,                 0,                 0,                 0,                 0,                 0,                 0,                 0,                 0,                 0,                 0,                 0,                 0,                 1,                 1
         59,           9,      -7.056569741,      -3.662558591,       -3.82812384,      -1.518282491,      -2.877809041,      0.9329898399,      0.1129800492,      0.0314775957,                 0,                 0,                 0,     0.02403434784,       0.109070828,     0.04311478906,                 0,      0.2786119843,    0.006042540427,     -0.6400197472,     -0.4680891397,     -0.4746304936,     -0.6098454898,      -1.301328691,                 0,                 0,                 0,                 0,                 0,                 0,                 0,                 0,                 0,                 0,                 0,                 0,                 1,                 1
         60,           9,      -7.077443162,      -3.653391992,      -3.839309538,      -1.530187045,      -2.925803109,      0.9329898399,      0.1200969701,      0.1113505665,                 0,                 0,                 0,     0.02595437302,      0.1077997627,      0.1232941281,                 0,      0.9271721542,     0.00656275378,     -0.6830252848,     -0.4787039197,     -0.4997434093,     -0.6424551094,       -1.37193676,                 0,                 0,                 0,                 0,                 0,                 0,                 0,                 0,                 0,                 0,                 0,                 0,                 1,                 1
         61,           9,      -7.103179169,       -3.64962346,      -3.849195218,      -1.541252095,      -2.909988393,      0.9329898399,      0.1288403128,      0.1924715546,                 0,                 0,                 0,     0.02776186189,      0.1080157563,      0.2048846551,                 0,       1.493876803,    0.004716772799,     -0.7308473383,     -0.4894576448,      -0.521105301,     -0.6722474799,       -1.37612242,                 0,                 0,                 0,                 0,                 0,                 0,                 0,                 0,                 0,                 0,                 0,                 0,                 1,                 1
         62,           9,      -7.122463467,      -3.651996442,       -3.85496712,       -1.54341277,      -2.999423009,      0.9329898399,      0.1392815912,      0.2754082523,                 0,                 0,                 0,     0.02993872545,      0.1097305907,      0.2884584278,                 0,       1.977348549,    0.002947025053,     -0.7711589568,      -0.498836559,     -0.5343819608,     -0.6915291245,      -1.479877548,                 0,                 0,                 0,                 0,                 0,                 0,                 0,                 0,                 0,                 0,                 0,                 0,                 1,                 1
         63,           9,      -7.114084778,      -3.661442146,      -3.851772367,      -1.537487011,      -2.986064193,      0.9329898399,      0.1512845498,      0.3589942332,                 0,                 0,                 0,     0.03209057897,      0.1129306817,      0.3728411668,                 0,       2.372973537,    0.003818074215,      -0.777690365,     -0.5060065999,     -0.5334257251,     -0.6978435123,      -1.471370431,                 0,                 0,                 0,                 0,                 0,                 0,                 0,                 0,                 0,                 0,                 0,                 0,                 1,                 1
         64,           9,      -7.100791721,      -3.682901281,      -3.848920919,      -1.555723452,       -3.01721208,      0.9329898399,       0.164532927,      0.4424211203,                 0,                 0,                 0,      0.0343227109,      0.1173859986,      0.4571958652,                 0,       2.688951862,     0.00502152403,     -0.7647389179,     -0.5153195863,     -0.5279565171,     -0.7163976662,      -1.494278662,                 0,                 0,                 0,                 0,                 0,                 0,                 0,                 0,                 0,                 0,                 0,                 0,                 1,                 1
         65,           9,      -7.103089194,      -3.715054354,      -3.851063483,      -1.610276423,      -3.008639133,      0.9329898399,      0.1785528653,      0.5234779007,                 0,                 0,                 0,     0.03600520807,      0.1228563935,      0.5392740906,                 0,       2.931781015,    0.006242329658,     -0.7430092344,     -0.5261238853,     -0.5246168191,     -0.7498260041,      -1.463916491,                 0,                 0,                 0,                 0,                 0,                 0,                 0,                 0,                 0,                 0,                 0,                 0,                 1,                 1
         66,           9,      -7.090230117,      -3.745519571,      -3.859476578,       -1.62074959,      -3.014152108,      0.9329898399,      0.1929662023,      0.6013721262,                 0,                 0,                 0,      0.0367794686,       0.129048609,      0.6182482073,                 0,         3.1164635,    0.007468309114,     -0.6791231724,     -0.5276443668,     -0.5225755009,     -0.7144858679,      -1.434559876,                 0,                 0,                 0,                 0,                 0,                 0,                 0,                 0,                 0,                 0,                 0,                 0,                 1,                 1
         67,           9,      -7.061962258,      -3.771908034,      -3.874100221,      -1.561627547,      -3.022062323,      0.9329898399,      0.2074566085,      0.6756031767,                 0,                 0,                 0,     0.03716636684,      0.1357003776,      0.6935872722,                 0,        3.25659993,     0.05428605923,      -0.601559268,     -0.5188250846,     -0.5153841767,      -0.603845594,       -1.39278699,                 0,                 0,                 0,                 0,                 0,                 0,                 0,                 0,                 0,                 0,                 0,                 0,                 1,                 1
         68,           9,      -7.043234239,      -3.798711117,      -3.889105594,      -1.508176597,       -3.03446061,      0.9329898399,      0.2217197971,      0.7450923667,                 0,                 0,                 0,     0.03723643984,      0.1426218328,      0.7641867024,                 0,       3.360513479,      0.1047515348,     -0.5821636844,     -0.5032236339,     -0.4974412033,      -0.525647392,      -1.330820211,                 0,                 0,                 0,                 0,                 0,                 0,                 0,                 0,                 0,                 0,                 0,                 0,                 1,                 1
         69,           9,      -7.056956551,      -3.822531737,      -3.906252606,      -1.498267628,      -3.121627695,      0.9329898399,      0.2354553923,      0.8086416711,                 0,                 0,                 0,     0.03668569347,      0.1496394718,      0.8288236378,                 0,       3.434373123,      0.1499707415,     -0.6133352426,     -0.4807218197,     -0.4859911804,     -0.5096674675,      -1.305485795,                 0,                 0,                 0,                 0,                 0,                 0,                 0,                 0,                 0,                 0,                 0,                 0,                 1,                 1
         70,           9,       -7.09092187,      -3.845481285,      -3.928180016,       -1.52512855,      -3.195202326,      0.9329898399,      0.2482505562,      0.8661204281,                 0,                 0,                 0,     0.03560750415,      0.1563563763,      0.8873249789,                 0,       3.488896223,      0.2550611626,     -0.6217928795,     -0.4687923159,     -0.4982001929,     -0.5107783976,      -1.232460989,                 0,                 0,                 0,                 0,                 0,                 0,                 0,                 0,                 0,                 0,                 0,                 0,                 1,                 1
         71,           9,      -7.119889751,      -3.874686803,      -3.956762354,      -1.567281619,      -3.196095443,      0.9329898399,       0.260081623,      0.9182007502,                 0,                 0,                 0,     0.03450480555,      0.1626787553,      0.9403566828,                 0,       3.530433022,      0.4099303621,     -0.5767423809,     -0.4860169101,     -0.5309168328,     -0.5048056576,        -1.1134045,                 0,                 0,                 0,                 0,                 0,                 0,                 0,                 0,                 0,                 0,                 0,                 0,                 1,                 1
         72,           9,      -7.132533028,      -3.914246343,      -3.986645434,      -1.603672605,      -3.166866653,      0.9329898399,      0.2708335558,      0.9652247666,                 0,                 0,                 0,     0.03358031657,      0.1684564397,      0.9882469797,                 0,       3.563903903,       0.664136893,     -0.5328937613,     -0.5232671139,     -0.5689750543,     -0.5129017259,        -1.0500457,                 0,                 0,                 0,                 0,                 0,                 0,                 0,                 0,                 0,                 0,                 0,                 0,                 1,                 1
         73,           9,       -7.15160806,      -3.959054454,      -4.015003197,      -1.635869271,       -3.18001239,      0.9329898399,      0.2807212887,       1.008325999,                 0,                 0,                 0,     0.03360118475,      0.1737847009,       1.032145649,                 0,       3.591911407,      0.8461118825,     -0.5621186743,      -0.557463722,     -0.6052431577,     -0.5529501876,       -1.07678536,                 0,                 0,                 0,                 0,                 0,                 0,                 0,                 0,                 0,                 0,                 0,                 0,                 1,                 1
         74,           9,      -7.177857194,       -4.00032903,      -4.037817358,      -1.661660863,      -3.201425835,      0.9329898399,      0.2897141949,       1.047299429,                 0,                 0,                 0,     0.03456553922,      0.1786545104,       1.071845593,                 0,       3.614939991,      0.9050530644,     -0.6000470429,     -0.5788639413,     -0.6301203174,     -0.5807011753,      -1.131220517,                 0,                 0,                 0,                 0,                 0,                 0,                 0,                 0,                 0,                 0,                 0,                 0,                 1,                 1
         75,           9,       -7.20815314,      -4.032473522,      -4.055631134,      -1.691670814,      -3.219982592,      0.9329898399,      0.2975100951,        1.08151905,                 0,                 0,                 0,     0.03624149362,      0.1828307794,       1.106692648,                 0,       3.635234796,      0.9355999971,     -0.6104631695,     -0.5909837432,     -0.6393658192,     -0.5847916058,      -1.190678857,                 0,                 0,                 0,                 0,                 0,                 0,                 0,                 0,                 0,                 0,                 0,                 0,                 1,                 1
         76,           9,      -7.248522263,      -4.055188356,       -4.07335078,      -1.744582781,      -3.141170598,      0.9329898399,      0.3038424337,         1.1104739,                 0,                 0,                 0,     0.03865082276,      0.1861018227,       1.136150791,                 0,       3.654768976,      0.9609520901,      -0.606860963,     -0.6033319366,     -0.6404745598,     -0.5821831515,      -1.147690889,                 0,                 0,                 0,                 0,                 0,                 0,                 0,                 0,                 0,                 0,                 0,                 0,                 1,                 1
         77,           9,      -7.306118942,      -4.070670961,      -4.096691717,      -1.827440456,      -3.160359713,      0.9329898399,      0.3090552281,       1.134643701,                 0,                 0,                 0,     0.04223777694,      0.1887596288,       1.160733072,                 0,       3.671329905,      0.9712883924,     -0.5911170522,       -0.62908506,     -0.6481223249,     -0.5703748056,      -1.182535934,                 0,                 0,                 0,                 0,                 0,                 0,                 0,                 0,                 0,                 0,                 0,                 0,                 1,                 1
         78,           9,      -7.359708458,      -4.086966561,      -4.127651558,      -1.895614072,      -3.318328269,      0.9329898399,      0.3123298332,       1.151032876,                 0,                 0,                 0,     0.04588127919,        0.19030316,       1.177374755,                 0,       3.685311979,      0.9802138588,     -0.5379910564,     -0.6766373454,     -0.6686541738,     -0.5292465175,      -1.334545147,                 0,                 0,                 0,                 0,                 0,                 0,                 0,                 0,                 0,                 0,                 0,                 0,                 1,                 1
         79,           9,       -7.35604853,      -4.107452251,       -4.16226996,      -1.874224793,      -3.269448495,      0.9329898399,      0.3142796597,       1.163828101,                 0,                 0,                 0,     0.05196860372,      0.1909048399,       1.190303699,                 0,       3.703160752,      0.9864799644,      -0.473266997,     -0.7275681882,     -0.6917946224,      -0.520423113,      -1.270134097,                 0,                 0,                 0,                 0,                 0,                 0,                 0,                 0,                 0,                 0,                 0,                 0,                 1,                 1
         80,           9,      -7.352383233,       -4.12276099,      -4.189583221,      -1.829618889,      -3.267349473,      0.9329898399,      0.3156391631,       1.172414061,                 0,                 0,                 0,     0.06035050422,      0.1913594186,       1.198984731,                 0,       3.714412526,      0.9929709145,     -0.5804835314,     -0.7600291952,     -0.7027295273,     -0.6189082809,      -1.256391758,                 0,                 0,                 0,                 0,                 0,                 0,                 0,                 0,                 0,                 0,                 0,                 0,                 1,                 1
         81,           9,      -7.307244327,      -4.144642117,      -4.206027238,      -1.781306052,      -3.277241858,      0.9329898399,      0.3172247003,       1.178247671,                 0,                 0,                 0,     0.07086647544,      0.1923264918,       1.204952118,                 0,       3.714236848,      0.9930035694,      -0.622202407,      -0.778596755,       -0.69052686,     -0.6494969131,       -1.25845023,                 0,                 0,                 0,                 0,                 0,                 0,                 0,                 0,                 0,                 0,                 0,                 0,                 1,                 1
         82,           9,      -7.285213381,      -4.165654002,      -4.220472425,      -1.775608341,      -3.279393506,      0.9329898399,      0.3186344687,       1.180653879,                 0,                 0,                 0,     0.08419699995,      0.1934770201,       1.207492505,                 0,       3.705355179,       1.002463189,     -0.6351124013,     -0.7893583944,     -0.6709687468,     -0.6702955688,      -1.262840763,                 0,                 0,                 0,                 0,                 0,                 0,                 0,                 0,                 0,                 0,                 0,                 0,                 1,                 1
         83,           9,       -7.28597198,      -4.182265539,      -4.235363046,       -1.79761692,      -3.271715958,      0.9329898399,      0.3185375038,        1.17693357,                 0,                 0,                 0,     0.09973280456,      0.1937694645,       1.203782441,                 0,       3.694803772,       1.002528185,     -0.6437007295,     -0.8047881019,     -0.6575035769,      -0.696156614,      -1.274406023,                 0,                 0,                 0,                 0,                 0,                 0,                 0,                 0,                 0,                 0,                 0,                 0,                 1,                 1
         84,           9,      -7.299135895,      -4.195148375,      -4.250984613,      -1.831091134,      -3.251557676,      0.9329898399,      0.3170066858,       1.168138695,                 0,                 0,                 0,      0.1179695398,      0.1931663473,       1.194875731,                 0,       3.684902394,       1.001236067,     -0.6664751259,     -0.8289635581,     -0.6571694135,     -0.7371021606,      -1.291608675,                 0,                 0,                 0,                 0,                 0,                 0,                 0,                 0,                 0,                 0,                 0,                 0,                 1,                 1
         85,           9,      -7.313030911,      -4.202116009,        -4.2704411,      -1.860154567,      -3.221152906,      0.9329898399,      0.3139592895,         1.1548103,                 0,                 0,                 0,      0.1386240708,      0.1915288416,        1.18130181,                 0,       3.678216695,      0.9972441969,     -0.7087636741,     -0.8488457522,     -0.6707306651,     -0.7907864783,      -1.314736738,                 0,                 0,                 0,                 0,                 0,                 0,                 0,                 0,                 0,                 0,                 0,                 0,                 1,                 1
         86,           9,      -7.321222453,      -4.201755908,      -4.292588987,      -1.876285164,      -3.180254762,      0.9329898399,      0.3079968089,       1.132538803,                 0,                 0,                 0,       0.158696817,      0.1879270295,        1.15852907,                 0,       3.677112134,      0.9959806259,     -0.7569521397,     -0.8509291105,     -0.6834080394,     -0.8413107428,      -1.334171546,                 0,                 0,                 0,                 0,                 0,                 0,                 0,                 0,                 0,                 0,                 0,                 0,                 1,                 1
         87,           9,      -7.316210031,      -4.190888065,      -4.310792701,      -1.871900758,       -3.13006563,      0.9329898399,      0.2967973079,       1.091196742,                 0,                 0,                 0,      0.1725546603,      0.1811103026,       1.116242819,                 0,       3.676572238,       0.988254081,     -0.7838114209,     -0.8335188813,     -0.6725747429,      -0.864825425,      -1.341363105,                 0,                 0,                 0,                 0,                 0,                 0,                 0,                 0,                 0,                 0,                 0,                 0,                 1,                 1
         88,           9,      -7.296351346,       -4.16897882,      -4.319166634,      -1.850532909,      -3.075787265,      0.9329898399,      0.2788230357,       1.019579177,                 0,                 0,                 0,      0.1739129651,      0.1707205693,       1.043138759,                 0,       3.656725044,      0.9807449616,     -0.7805636815,     -0.8146769028,     -0.6348207458,     -0.8624003429,      -1.338649285,                 0,                 0,                 0,                 0,                 0,                 0,                 0,                 0,                 0,                 0,                 0,                 0,                 1,                 1
         89,           9,      -7.266105674,      -4.138190052,      -4.311900392,      -1.818665204,      -3.015584125,      0.9329898399,      0.2541797831,      0.9091704791,                 0,                 0,                 0,      0.1578671347,      0.1577531666,      0.9307589702,                 0,       3.576879593,      0.9719386942,     -0.7651750244,     -0.8057108407,     -0.5906729071,     -0.8552454548,      -1.319401187,                 0,                 0,                 0,                 0,                 0,                 0,                 0,                 0,                 0,                 0,                 0,                 0,                 1,                 1
         90,           9,      -7.238806898,      -4.102156382,      -4.285578164,      -1.787798528,      -2.954467505,      0.9329898399,      0.2255440882,      0.7609742301,                 0,                 0,                 0,       0.124568292,      0.1447650672,      0.7803813106,                 0,       3.373948908,      0.9284116594,     -0.7643573082,     -0.7914619015,     -0.5472113514,     -0.8588120114,       -1.28716229,                 0,                 0,                 0,                 0,                 0,                 0,                 0,                 0,                 0,                 0,                 0,                 0,                 1,                 1
         91,           9,      -7.222883799,      -4.063760178,      -4.249038576,      -1.767048762,      -2.882160507,      0.9329898399,      0.1974276894,      0.5865399529,                 0,                 0,                 0,     0.08035112397,        0.13503604,      0.6039636386,                 0,       2.970910284,      0.7537645952,     -0.7794931461,     -0.7603750906,     -0.4940092572,     -0.8674147261,      -1.231858509,                 0,                 0,                 0,                 0,                 0,                 0,                 0,                 0,                 0,                 0,                 0,                 0,                 1,                 1
         92,           9,      -7.212188745,      -4.020514077,      -4.211390714,      -1.753031115,      -2.975219382,      0.9329898399,      0.1739190043,      0.4016006596,                 0,                 0,                 0,     0.03312050525,       0.130987558,      0.4175801354,                 0,       2.309124649,      0.6657482839,     -0.7895538633,     -0.7146979047,     -0.4334287799,     -0.8675317448,      -1.332295141,                 0,                 0,                 0,                 0,                 0,                 0,                 0,                 0,                 0,                 0,                 0,                 0,                 1,                 1
         93,           9,      -7.188634381,      -3.976806064,      -4.168172554,      -1.727391583,      -2.952060739,      0.9329898399,      0.1563226596,      0.2164407661,                 0,                 0,                 0,    -0.01372761291,       0.132842087,      0.2315952483,                 0,       1.384577045,      0.5663513494,     -0.7706709778,     -0.6673412527,     -0.3728001708,     -0.8420551248,      -1.309922006,                 0,                 0,                 0,                 0,                 0,                 0,                 0,                 0,                 0,                 0,                 0,                 0,                 1,                 1
         94,           9,      -7.155887135,      -3.933185337,      -4.117698012,      -1.694192061,      -2.856555565,      0.9329898399,      0.1438821962,     0.03872249762,                 0,                 0,                 0,    -0.05802994839,      0.1390463913,     0.05355015659,                 0,      0.2691264009,      0.3901075905,     -0.7304005109,      -0.619512601,     -0.3202373306,     -0.8004791439,      -1.211096318,                 0,                 0,                 0,                 0,                 0,                 0,                 0,                 0,                 0,                 0,                 0,                 0,                 1,                 1
         95,           9,      -7.106989737,      -3.889574819,      -4.064345439,       -1.64520354,      -2.761666155,      0.9329898399,      0.1348686447,     -0.1276133025,                 0,                 0,                 0,    -0.09772587394,      0.1474690426,     -0.1128166113,                 0,     -0.9462043811,      0.3178045639,     -0.6684064361,     -0.5672559634,     -0.2777453508,      -0.738176857,      -1.111886783,                 0,                 0,                 0,                 0,                 0,                 0,                 0,                 0,                 0,                 0,                 0,                 0,                 1,                 1
         96,           9,      -7.043112832,        -3.8463516,      -4.014315168,      -1.577652915,      -2.689983948,      0.9329898399,      0.1283458349,     -0.2804605912,                 0,                 0,                 0,     -0.1304828913,      0.1569588576,     -0.2655084058,                 0,      -2.185194333,    0.009234531424,     -0.5908845078,     -0.5091808989,     -0.2459662681,     -0.6541151451,       -1.03890416,                 0,                 0,                 0,                 0,                 0,                 0,                 0,                 0,                 0,                 0,                 0,                 0,                 1,                 1
         97,           9,      -6.978100001,      -3.804395953,      -3.972224085,      -1.505096905,      -2.658463783,      0.9329898399,      0.1243856445,      -0.416214839,                 0,                 0,                 0,     -0.1542339967,      0.1672105444,     -0.4009329303,                 0,      -3.346164589,    0.006445840207,     -0.5136747422,     -0.4474292763,     -0.2272014493,     -0.5632685014,      -1.009533076,                 0,                 0,                 0,                 0,                 0,                 0,                 0,                 0,                 0,                 0,                 0,                 0,                 1,                 1
         98,           9,      -6.928008333,      -3.766011256,      -3.936698944,       -1.44502899,      -2.640820931,      0.9329898399,      0.1235986629,     -0.5226570246,                 0,                 0,                 0,     -0.1639602647,      0.1775541121,     -0.5068742764,                 0,      -4.228662449,     0.00525804638,     -0.4526310083,     -0.3869318517,     -0.2192003789,     -0.4841420384,     -0.9915993359,                 0,                 0,                 0,                 0,                 0,                 0,                 0,                 0,                 0,                 0,                 0,                 0,                 1,                 1
         99,           9,      -6.883042805,      -3.735426502,      -3.901645879,      -1.392679298,      -2.632375599,      0.9329898399,      0.1257318367,      -0.583167685,                 0,                 0,                 0,     -0.1544214723,      0.1860006865,     -0.5668304757,                 0,       -4.63818632,    0.002700775622,     -0.3973639496,     -0.3340838464,     -0.2150261877,     -0.4128517985,      -0.972751105,                 0,                 0,                 0,                 0,                 0,                 0,                 0,                 0,                 0,                 0,                 0,                 0,                 1,                 1
        100,           9,      -6.854511677,      -3.716277842,      -3.871328475,      -1.362317641,      -2.655245999,      0.9329898399,      0.1282256282,     -0.5967479654,                 0,                 0,                 0,     -0.1288057087,      0.1899003425,     -0.5800756898,                 0,      -4.653889975,    0.001538865437,     -0.3592800611,     -0.2936593048,     -0.2185237732,     -0.3640863976,     -0.9727062813,                 0,                 0,                 0,                 0,                 0,                 0,                 0,                 0,                 0,                 0,                 0,                 0,                 1,                 1
        101,           9,      -6.847095991,      -3.706922487,      -3.846410873,      -1.358760522,      -2.675104388,      0.9329898399,      0.1289155801,     -0.5780471912,                 0,                 0,                 0,    -0.09531444457,      0.1886317516,     -0.5614052407,                 0,      -4.483920336,    0.002241808399,     -0.3396290202,     -0.2655502009,     -0.2286717613,     -0.3393184582,     -0.9614677792,                 0,                 0,                 0,                 0,                 0,                 0,                 0,                 0,                 0,                 0,                 0,                 0,                 1,                 1
        102,           9,      -6.857814146,      -3.705727582,      -3.825005075,      -1.377297322,      -2.726311623,      0.9329898399,      0.1287502048,     -0.5598091286,                 0,                 0,                 0,    -0.06779549822,      0.1865608857,     -0.5432843745,                 0,      -4.348025149,      0.0040890611,     -0.3314939207,     -0.2499951939,     -0.2411569938,     -0.3291185195,     -0.9805952511,                 0,                 0,                 0,                 0,                 0,                 0,                 0,                 0,                 0,                 0,                 0,                 0,                 1,                 1
        103,           9,       -6.87937226,      -3.711271803,      -3.808488087,      -1.406376252,      -2.759408621,      0.9329898399,      0.1294308771,     -0.5524009101,                 0,                 0,                 0,    -0.04933224423,      0.1864634595,     -0.5358455894,                 0,       -4.26792217,    0.005351080723,     -0.3312099932,      -0.245769852,     -0.2537706066,     -0.3239974406,     -0.9830627691,                 0,                 0,                 0,                 0,                 0,                 0,                 0,                 0,                 0,                 0,                 0,                 0,                 1,                 1
        104,           9,      -6.901478471,      -3.720251684,       -3.79886316,      -1.431503873,      -2.793309774,      0.9329898399,      0.1312389277,     -0.5576377635,                 0,                 0,                 0,    -0.03928077885,      0.1888090057,     -0.5408647621,                 0,      -4.249027122,    0.006621699602,     -0.3339213816,       -0.24786496,     -0.2699077097,     -0.3146315268,     -0.9861359876,                 0,                 0,                 0,                 0,                 0,                 0,                 0,                 0,                 0,                 0,                 0,                 0,                 1,                 1
        105,           9,      -6.903528535,      -3.731583363,      -3.789572286,      -1.431293119,      -2.812887235,      0.9329898399,      0.1333334939,     -0.5781514204,                 0,                 0,                 0,    -0.03633128717,      0.1930363586,     -0.5610471012,                 0,      -4.336130431,    0.007901274235,     -0.3213010712,      -0.254431532,     -0.2812382272,     -0.2840461227,     -0.9726761134,                 0,                 0,                 0,                 0,                 0,                 0,                 0,                 0,                 0,                 0,                 0,                 0,                 1,                 1
        106,           9,      -6.892812086,      -3.745333949,      -3.782228741,      -1.416227831,      -2.846650736,      0.9329898399,      0.1340770493,     -0.6019494353,                 0,                 0,                 0,    -0.03616856978,      0.1962634106,     -0.5846370254,                 0,      -4.489578481,      0.0091926087,     -0.3004522493,     -0.2654517259,     -0.2866092922,     -0.2476293884,     -0.9691733562,                 0,                 0,                 0,                 0,                 0,                 0,                 0,                 0,                 0,                 0,                 0,                 0,                 1,                 1
        107,           9,      -6.883485658,      -3.758441787,      -3.775174478,      -1.403572658,      -2.865473653,      0.9329898399,      0.1333942969,     -0.6173493155,                 0,                 0,                 0,      -0.035748376,      0.1971941243,     -0.6000239105,                 0,      -4.628003818,    0.009127075592,     -0.2896016484,     -0.2770392821,     -0.2874434342,     -0.2299659371,     -0.9481685057,                 0,                 0,                 0,                 0,                 0,                 0,                 0,                 0,                 0,                 0,                 0,                 0,                 1,                 1
        108,           9,      -6.881123622,      -3.768099174,      -3.765461835,      -1.396899006,      -2.864691888,      0.9329898399,      0.1319188052,     -0.6209650878,                 0,                 0,                 0,    -0.03402699014,      0.1961046666,     -0.6037741061,                 0,      -4.707176408,     0.01045008553,     -0.2865612534,     -0.2862568497,     -0.2833628398,     -0.2232620044,     -0.9125392706,                 0,                 0,                 0,                 0,                 0,                 0,                 0,                 0,                 0,                 0,                 0,                 0,                 1,                 1
        109,           9,      -6.887787146,      -3.778308165,      -3.759736415,      -1.400586476,      -2.886673405,      0.9329898399,      0.1297461271,     -0.6150114507,                 0,                 0,                 0,     -0.0309588098,      0.1933215661,     -0.5980801903,                 0,      -4.740114131,     0.01042049986,     -0.2863355568,     -0.2978994654,     -0.2815705161,     -0.2228411368,     -0.9165854244,                 0,                 0,                 0,                 0,                 0,                 0,                 0,                 0,                 0,                 0,                 0,                 0,                 1,                 1
        110,           9,      -6.897602482,      -3.786841884,      -3.756244186,       -1.40748963,      -2.896184674,      0.9329898399,      0.1268132008,     -0.6019017963,                 0,                 0,                 0,    -0.02722032866,      0.1890343746,     -0.5853489263,                 0,      -4.746365462,     0.01178300458,     -0.2865131374,     -0.3107147022,     -0.2807597005,     -0.2239777223,       -0.93522069,                 0,                 0,                 0,                 0,                 0,                 0,                 0,                 0,                 0,                 0,                 0,                 0,                 1,                 1
        111,           9,      -6.903826447,       -3.79610701,      -3.755668751,      -1.412309733,      -2.899420523,      0.9329898399,       0.123277303,     -0.5810988761,                 0,                 0,                 0,    -0.02285124043,      0.1833433496,     -0.5650295686,                 0,      -4.713753966,     0.01179420499,      -0.282047701,     -0.3284253953,     -0.2817230275,      -0.223733062,       -0.97269493,                 0,                 0,                 0,                 0,                 0,                 0,                 0,                 0,                 0,                 0,                 0,                 0,                 1,                 1
        112,           9,      -6.910324882,      -3.799040051,      -3.753569526,      -1.415463724,      -2.887549622,      0.9329898399,      0.1194918634,      -0.550709961,                 0,                 0,                 0,    -0.01728575224,      0.1764021404,     -0.5352028133,                 0,      -4.608765363,     0.01182553224,     -0.2860153857,     -0.3444176947,     -0.2807621296,     -0.2331961194,      -1.011218075,                 0,                 0,                 0,                 0,                 0,                 0,                 0,                 0,                 0,                 0,                 0,                 0,                 1,                 1
        113,           9,       -6.92121203,      -3.801384717,      -3.757580898,      -1.423406439,      -2.883192241,      0.9329898399,      0.1156831966,     -0.5115770764,                 0,                 0,                 0,    -0.01107681521,      0.1685238376,     -0.4966824169,                 0,      -4.422224587,     0.01187569524,     -0.3003602884,     -0.3638145291,     -0.2862074592,     -0.2568843823,      -1.063905955,                 0,                 0,                 0,                 0,                 0,                 0,                 0,                 0,                 0,                 0,                 0,                 0,                 1,                 1
        114,           9,      -6.938784278,      -3.798912895,      -3.763198668,      -1.438126047,      -2.863889995,      0.9329898399,      0.1119854939,     -0.4655534522,                 0,                 0,                 0,   -0.004941375501,      0.1600356126,     -0.4512974301,                 0,      -4.157265695,     0.01194260895,     -0.3284661388,     -0.3826040762,     -0.2937183073,     -0.2955148815,      -1.101693554,                 0,                 0,                 0,                 0,                 0,                 0,                 0,                 0,                 0,                 0,                 0,                 0,                 1,                 1
        115,           9,      -6.954373146,      -3.791904612,      -3.772313971,      -1.451637972,       -2.86207382,      0.9329898399,      0.1084702189,     -0.4127695733,                 0,                 0,                 0,    0.001151211043,      0.1510221769,     -0.3991701531,                 0,      -3.805372363,     0.01202350427,     -0.3580255908,     -0.4000379226,     -0.3059064962,     -0.3361021853,      -1.150546696,                 0,                 0,                 0,                 0,                 0,                 0,                 0,                 0,                 0,                 0,                 0,                 0,                 1,                 1
        116,           9,      -6.967345481,      -3.780296083,      -3.782589928,      -1.462830923,      -2.823293379,      0.9329898399,      0.1054765267,     -0.3539358212,                 0,                 0,                 0,    0.006858780337,      0.1418950827,     -0.3409716245,                 0,      -3.355588512,     0.01074327934,     -0.3919400098,        -0.4148814,     -0.3215233223,     -0.3791886973,      -1.153007809,                 0,                 0,                 0,                 0,                 0,                 0,                 0,                 0,                 0,                 0,                 0,                 0,                 1,                 1
        117,           9,      -6.985618409,      -3.764119028,      -3.794683452,      -1.476134909,      -2.824492342,      0.9329898399,       0.103482679,      -0.290256416,                 0,                 0,                 0,     0.01168711899,      0.1332558471,     -0.2778494756,                 0,      -2.804879222,     0.01084249141,     -0.4358226109,     -0.4261612636,     -0.3417460499,     -0.4263241803,      -1.185724773,                 0,                 0,                 0,                 0,                 0,                 0,                 0,                 0,                 0,                 0,                 0,                 0,                 1,                 1
        118,           9,      -7.010062551,      -3.745279689,       -3.80817046,      -1.492285232,       -2.82572375,      0.9329898399,       0.102862768,      -0.223750168,                 0,                 0,                 0,     0.01526153755,      0.1256875362,     -0.2117723541,                 0,      -2.175229895,     0.00957505314,      -0.486362378,     -0.4351007279,     -0.3658210703,      -0.475200215,      -1.211050117,                 0,                 0,                 0,                 0,                 0,                 0,                 0,                 0,                 0,                 0,                 0,                 0,                 1,                 1
        119,           9,      -7.026882695,      -3.725129716,      -3.821912515,      -1.499973336,      -2.830465935,      0.9329898399,       0.103779122,     -0.1545592195,                 0,                 0,                 0,     0.01801682684,      0.1193664468,     -0.1428646557,                 0,      -1.489309377,    0.008311668239,     -0.5279038933,     -0.4424238632,     -0.3920151764,     -0.5128409193,      -1.235692161,                 0,                 0,                 0,                 0,                 0,                 0,                 0,                 0,                 0,                 0,                 0,                 0,                 1,                 1
        120,           9,      -7.037398885,      -3.705174384,      -3.836032605,      -1.503789048,      -2.842821598,      0.9329898399,      0.1062345338,    -0.08315077747,                 0,                 0,                 0,     0.02023795955,      0.1143441929,    -0.07159073625,                 0,     -0.7827094874,    0.007052925424,     -0.5637946574,     -0.4488749011,     -0.4201434142,     -0.5451112691,      -1.267212475,                 0,                 0,                 0,                 0,                 0,                 0,                 0,                 0,                 0,                 0,                 0,                 0,                 1,                 1
        121,           9,      -7.047630637,      -3.686552038,      -3.850285572,        -1.5083229,      -2.870161351,      0.9329898399,      0.1102601243,   -0.008982219901,                 0,                 0,                 0,      0.0223129912,      0.1105950054,    0.002592306988,                 0,    -0.08146390149,    0.005895019983,     -0.5999277373,     -0.4548033991,     -0.4492814912,     -0.5759750636,       -1.31515936,                 0,                 0,                 0,                 0,                 0,                 0,                 0,                 0,                 0,                 0,                 0,                 0,                 1,                 1
        122,           9,      -7.067554561,      -3.671395866,      -3.864452501,      -1.519537137,       -2.91774497,      0.9329898399,      0.1159407728,     0.06854323323,                 0,                 0,                 0,     0.02459719842,      0.1081409183,     0.08028685704,                 0,      0.5911917918,      0.0047052108,     -0.6462697377,     -0.4608748667,     -0.4778853924,     -0.6115828734,      -1.384241361,                 0,                 0,                 0,                 0,                 0,                 0,                 0,                 0,                 0,                 0,                 0,                 0,                 1,                 1
        123,           9,      -7.105253706,      -3.662413078,      -3.876553661,      -1.538459159,      -2.899873646,      0.9329898399,      0.1233396525,      0.1494700468,                 0,                 0,                 0,      0.0273993729,      0.1070401107,      0.1615437386,                 0,       1.211857207,    0.004570000836,     -0.7101938148,     -0.4674119578,     -0.5023027075,     -0.6529444992,      -1.385549116,                 0,                 0,                 0,                 0,                 0,                 0,                 0,                 0,                 0,                 0,                 0,                 0,                 1,                 1
        124,           9,      -7.132440588,      -3.660083128,      -3.881177847,       -1.54442612,       -2.99185611,      0.9329898399,      0.1325334576,      0.2328371961,                 0,                 0,                 0,     0.03033351297,      0.1074693111,      0.2454152082,                 0,       1.756818243,    0.002832942715,     -0.7592065132,     -0.4722715506,     -0.5147092713,     -0.6771262581,      -1.490373568,                 0,                 0,                 0,                 0,                 0,                 0,                 0,                 0,                 0,                 0,                 0,                 0,                 1,                 1
        125,           9,      -7.126272309,      -3.667057813,      -3.880504823,      -1.538460767,      -3.070963244,      0.9329898399,      0.1434649489,       0.317473087,                 0,                 0,                 0,     0.03332636903,       0.109494059,      0.3307301069,                 0,       2.212896526,    0.002748797061,     -0.7640151734,     -0.4765388476,     -0.5154553112,     -0.6813886604,      -1.572337659,                 0,                 0,                 0,                 0,                 0,                 0,                 0,                 0,                 0,                 0,                 0,                 0,                 1,                 1
        126,           9,      -7.108548909,      -3.685523253,      -3.876246735,      -1.558837864,      -3.045329303,      0.9329898399,      0.1558066095,      0.4012191333,                 0,                 0,                 0,     0.03582539683,      0.1130142652,      0.4153074384,                 0,       2.575109839,    0.003793745696,     -0.7384391574,     -0.4823985491,     -0.5083218608,     -0.6971545816,      -1.537081848,                 0,                 0,                 0,                 0,                 0,                 0,                 0,                 0,                 0,                 0,                 0,                 0,                 1,                 1
        127,           9,      -7.110984188,      -3.718364568,      -3.877210777,      -1.626538306,      -3.058111323,      0.9329898399,      0.1690182807,      0.4818227417,                 0,                 0,                 0,     0.03722964953,      0.1177281901,      0.4968504874,                 0,       2.850713779,    0.004996753223,     -0.7073735522,      -0.492416967,     -0.5034283013,     -0.7376519972,      -1.526178864,                 0,                 0,                 0,                 0,                 0,                 0,                 0,                 0,                 0,                 0,                 0,                 0,                 1,                 1
        128,           9,      -7.097338352,      -3.754183371,      -3.884925094,      -1.642711552,      -3.065135602,      0.9329898399,      0.1825635901,      0.5584143403,                 0,                 0,                 0,     0.03744631186,      0.1231932948,      0.5744383797,                 0,       3.058738821,    0.007588003424,     -0.6412603661,     -0.4945372716,      -0.495623821,     -0.7050591439,      -1.493251636,                 0,                 0,                 0,                 0,                 0,                 0,                 0,                 0,                 0,                 0,                 0,                 0,                 1,                 1
        129,           9,      -7.050184201,      -3.784839152,      -3.894126406,      -1.554393994,      -3.067283355,      0.9329898399,       0.196651575,      0.6333134075,                 0,                 0,                 0,      0.0377799471,      0.1293750198,      0.6503997373,                 0,       3.220484797,     0.03225101965,     -0.5635858044,     -0.4819658761,     -0.4706340182,     -0.5703648995,      -1.430728158,                 0,                 0,                 0,                 0,                 0,                 0,                 0,                 0,                 0,                 0,                 0,                 0,                 1,                 1
        130,           9,      -7.028553057,      -3.815493215,      -3.903111503,      -1.496233587,      -3.071107117,      0.9329898399,      0.2106656147,      0.7039638465,                 0,                 0,                 0,     0.03790198639,      0.1359273074,      0.7221280118,                 0,       3.341617223,     0.06857031848,     -0.5573417797,     -0.4641044388,     -0.4353634484,     -0.4948197545,      -1.331371923,                 0,                 0,                 0,                 0,                 0,                 0,                 0,                 0,                 0,                 0,                 0,                 0,                 1,                 1
        131,           9,      -7.049971157,      -3.842478829,      -3.915187121,      -1.500521507,      -3.148622849,      0.9329898399,      0.2245321244,       0.769953768,                 0,                 0,                 0,     0.03730614761,      0.1428200297,      0.7892058786,                 0,       3.429147478,      0.1265091829,     -0.5859473678,     -0.4482061938,     -0.4217813708,     -0.4911255275,      -1.259230817,                 0,                 0,                 0,                 0,                 0,                 0,                 0,                 0,                 0,                 0,                 0,                 0,                 1,                 1
        132,           9,       -7.09844747,      -3.865446264,      -3.936116635,      -1.553721631,      -3.233428803,      0.9329898399,       0.237836338,      0.8304593243,                 0,                 0,                 0,     0.03615799386,      0.1497268087,      0.8507706482,                 0,       3.491725996,      0.1991651322,     -0.5931293603,     -0.4478857465,     -0.4443854515,      -0.515917856,      -1.175575681,                 0,                 0,                 0,                 0,                 0,                 0,                 0,                 0,                 0,                 0,                 0,                 0,                 1,                 1
        133,           9,      -7.133044865,      -3.893370621,      -3.966283791,       -1.61259151,      -3.236219584,      0.9329898399,      0.2503269617,      0.8850521743,                 0,                 0,                 0,     0.03483072127,      0.1564425007,      0.9063700585,                 0,       3.535584695,      0.2853767197,      -0.557605461,     -0.4706923384,     -0.4847149551,     -0.5341240594,      -1.073952331,                 0,                 0,                 0,                 0,                 0,                 0,                 0,                 0,                 0,                 0,                 0,                 0,                 1,                 1
        134,           9,      -7.143983886,      -3.931898582,      -3.997198174,      -1.640749738,      -3.241775666,      0.9329898399,      0.2617691407,      0.9344297827,                 0,                 0,                 0,      0.0335225495,      0.1626606328,      0.9566732045,                 0,       3.569671276,      0.4752785595,     -0.5355933265,     -0.5056044178,     -0.5249931857,      -0.544237436,      -1.055992718,                 0,                 0,                 0,                 0,                 0,                 0,                 0,                 0,                 0,                 0,                 0,                 0,                 1,                 1
        135,           9,      -7.157472856,      -3.973967687,      -4.022604345,      -1.648125425,      -3.240992321,      0.9329898399,      0.2726638802,      0.9806788804,                 0,                 0,                 0,     0.03330933636,      0.1686613426,       1.003807755,                 0,       3.596658566,       0.748752775,     -0.5581599058,     -0.5341318097,     -0.5572625286,     -0.5555646977,      -1.066726686,                 0,                 0,                 0,                 0,                 0,                 0,                 0,                 0,                 0,                 0,                 0,                 0,                 1,                 1
        136,           9,      -7.174581516,      -4.010364345,      -4.040398377,      -1.655087741,      -3.236523664,      0.9329898399,      0.2827278819,       1.023102412,                 0,                 0,                 0,     0.03395726265,      0.1742357461,       1.047050861,                 0,       3.618682406,        0.86784458,     -0.5771199506,     -0.5476557701,     -0.5731163675,     -0.5578777048,      -1.092653681,                 0,                 0,                 0,                 0,                 0,                 0,                 0,                 0,                 0,                 0,                 0,                 0,                 1,                 1
        137,           9,      -7.203324659,       -4.03717596,      -4.056811457,      -1.690611494,      -3.247562231,      0.9329898399,      0.2915067357,       1.060824715,                 0,                 0,                 0,     0.03514089428,      0.1790234541,       1.085484157,                 0,       3.639108757,      0.9204982429,      -0.588179206,     -0.5493803226,     -0.5767946311,     -0.5659924606,      -1.140678883,                 0,                 0,                 0,                 0,                 0,                 0,                 0,                 0,                 0,                 0,                 0,                 0,                 1,                 1
        138,           9,      -7.258754028,      -4.055280427,      -4.079911796,       -1.77415353,      -3.172859013,      0.9329898399,      0.2987612878,       1.093127593,                 0,                 0,                 0,     0.03686713196,      0.1828616948,       1.118368384,                 0,       3.658866251,       0.949093702,     -0.6002004446,     -0.5527309516,     -0.5830066881,     -0.5862900345,      -1.095506493,                 0,                 0,                 0,                 0,                 0,                 0,                 0,                 0,                 0,                 0,                 0,                 0,                 1,                 1
        139,           9,       -7.33441257,      -4.070612096,      -4.109740251,      -1.880854665,      -3.319134482,      0.9329898399,      0.3060034555,       1.122517772,                 0,                 0,                 0,     0.04022870554,      0.1869920789,       1.148354573,                 0,       3.668317306,      0.9609452289,     -0.5959273771,     -0.5757599713,     -0.5988975724,     -0.5833154365,      -1.251827626,                 0,                 0,                 0,                 0,                 0,                 0,                 0,                 0,                 0,                 0,                 0,                 0,                 1,                 1
        140,           9,      -7.338473017,      -4.090954521,      -4.143512127,      -1.877232134,      -3.333907626,      0.9329898399,        0.31029066,        1.14250773,                 0,                 0,                 0,     0.04310699276,       0.189166278,       1.168683159,                 0,       3.682056463,      0.9712843037,     -0.4987877636,     -0.6176182588,     -0.6177931528,     -0.4648936705,      -1.259403197,                 0,                 0,                 0,                 0,                 0,                 0,                 0,                 0,                 0,                 0,                 0,                 0,                 1,                 1
        141,           9,      -7.344783924,      -4.107935098,      -4.175675052,      -1.835128962,      -3.224060561,      0.9329898399,      0.3117093414,       1.154658341,                 0,                 0,                 0,     0.04679124732,       0.189307103,         1.1809155,                 0,       3.704278916,      0.9802125753,     -0.4961939667,     -0.6569921971,     -0.6367162284,     -0.4653766925,      -1.141824938,                 0,                 0,                 0,                 0,                 0,                 0,                 0,                 0,                 0,                 0,                 0,                 0,                 1,                 1
        142,           9,      -7.324574651,      -4.125789448,      -4.194868671,      -1.787313051,      -3.279391123,      0.9329898399,      0.3128739815,       1.163455498,                 0,                 0,                 0,     0.05255716913,      0.1895458099,       1.189786203,                 0,       3.718607383,      0.9878541396,     -0.5480714861,     -0.6875857018,     -0.6408654129,     -0.5225994221,      -1.202094816,                 0,                 0,                 0,                 0,                 0,                 0,                 0,                 0,                 0,                 0,                 0,                 0,                 1,                 1
        143,           9,      -7.311642816,      -4.151203106,      -4.208203837,      -1.783549618,      -3.293034426,      0.9329898399,      0.3150017911,       1.171247665,                 0,                 0,                 0,     0.06110216334,      0.1908474598,       1.197758101,                 0,       3.718225413,      0.9929752503,     -0.5667294393,     -0.7146736975,     -0.6323161174,     -0.5565612184,      -1.229399475,                 0,                 0,                 0,                 0,                 0,                 0,                 0,                 0,                 0,                 0,                 0,                 0,                 1,                 1
        144,           9,       -7.32006471,      -4.175543852,      -4.225130443,      -1.818637253,      -3.301317092,      0.9329898399,      0.3173429118,       1.176616483,                 0,                 0,                 0,     0.07255484033,      0.1926145612,       1.203342222,                 0,       3.707713138,      0.9930106738,     -0.5776416541,      -0.742786211,     -0.6274606836,     -0.5955524013,      -1.257659483,                 0,                 0,                 0,                 0,                 0,                 0,                 0,                 0,                 0,                 0,                 0,                 0,                 1,                 1
        145,           9,      -7.332094366,       -4.19771606,       -4.24268255,      -1.858232014,      -3.297257492,      0.9329898399,        0.31902812,       1.178275139,                 0,                 0,                 0,     0.08671577996,       0.194117161,       1.205167943,                 0,       3.693326904,        1.00247301,       -0.59363532,     -0.7786255017,     -0.6311067146,     -0.6409411265,      -1.283502839,                 0,                 0,                 0,                 0,                 0,                 0,                 0,                 0,                 0,                 0,                 0,                 0,                 1,                 1
        146,           9,      -7.340082979,      -4.215879475,      -4.260756982,       -1.88414117,      -3.281566778,      0.9329898399,      0.3193155735,       1.175552622,                 0,                 0,                 0,      0.1032459965,      0.1946876203,       1.202490388,                 0,       3.681476006,       1.002540654,     -0.6338674382,     -0.8148244171,      -0.644193717,     -0.7006738735,      -1.311721583,                 0,                 0,                 0,                 0,                 0,                 0,                 0,                 0,                 0,                 0,                 0,                 0,                 1,                 1
        147,           9,      -7.345022229,      -4.227648817,      -4.281800983,      -1.898771471,      -3.253521333,      0.9329898399,      0.3178662463,       1.168798568,                 0,                 0,                 0,      0.1225006884,      0.1939522235,       1.195621838,                 0,       3.677013782,       1.001251088,     -0.6953376062,     -0.8372895152,      -0.661036467,      -0.769844727,      -1.338892467,                 0,                 0,                 0,                 0,                 0,                 0,                 0,                 0,                 0,                 0,                 0,                 0,                 1,                 1
        148,           9,      -7.346024368,      -4.229816412,      -4.304243077,      -1.903924044,      -3.214984322,      0.9329898399,      0.3140690307,       1.156086486,                 0,                 0,                 0,      0.1435729234,      0.1915045839,       1.182582477,                 0,       3.680994855,      0.9958889858,     -0.7507860693,      -0.839214498,     -0.6657798992,     -0.8261823123,      -1.361315534,                 0,                 0,                 0,                 0,                 0,                 0,                 0,                 0,                 0,                 0,                 0,                 0,                 1,                 1
        149,           9,      -7.339125381,      -4.218184092,      -4.320739749,      -1.896162942,      -3.166758757,      0.9329898399,      0.3063866671,        1.12995474,                 0,                 0,                 0,      0.1624906282,      0.1865958163,       1.155790857,                 0,       3.688002323,      0.9946275678,     -0.7779290737,      -0.830855473,     -0.6443416653,     -0.8539668333,      -1.375300071,                 0,                 0,                 0,                 0,                 0,                 0,                 0,                 0,                 0,                 0,                 0,                 0,                 1,                 1
        150,           9,      -7.321060245,      -4.195441482,      -4.325946865,      -1.876059321,      -3.112659932,      0.9329898399,      0.2933179082,       1.080542487,                 0,                 0,                 0,      0.1737528219,      0.1787636364,       1.105283232,                 0,       3.683861287,      0.9882754124,     -0.7808550629,     -0.8324211478,     -0.6087930445,     -0.8652739614,      -1.377019923,                 0,                 0,                 0,                 0,                 0,                 0,                 0,                 0,                 0,                 0,                 0,                 0,                 1,                 1
        151,           9,      -7.291399094,      -4.165542666,      -4.322567843,      -1.845759249,      -3.056066262,      0.9329898399,      0.2740274579,      0.9987485348,                 0,                 0,                 0,      0.1716810469,      0.1681286573,       1.021920955,                 0,       3.644702405,      0.9807675658,     -0.7805793764,     -0.8366253623,     -0.5868530266,     -0.8770184661,      -1.363023346,                 0,                 0,                 0,                 0,                 0,                 0,                 0,                 0,                 0,                 0,                 0,                 0,                 1,                 1
        152,           9,      -7.253400392,      -4.130383741,      -4.312311128,      -1.807202266,      -2.995939919,      0.9329898399,      0.2490997995,      0.8800350116,                 0,                 0,                 0,      0.1523426515,      0.1557464973,       0.901252107,                 0,        3.53286118,      0.9719620675,     -0.7842734579,     -0.8242146081,     -0.5704917628,     -0.8828481821,      -1.334380099,                 0,                 0,                 0,                 0,                 0,                 0,                 0,                 0,                 0,                 0,                 0,                 0,                 1,                 1
        153,           9,      -7.227243851,      -4.092425932,      -4.288053468,      -1.777203639,      -2.935848173,      0.9329898399,      0.2211007825,      0.7280386796,                 0,                 0,                 0,      0.1170109277,      0.1437888049,      0.7471617326,                 0,       3.292791059,      0.8647330014,     -0.7961930507,     -0.7948836751,     -0.5325771587,     -0.8846790128,      -1.295396421,                 0,                 0,                 0,                 0,                 0,                 0,                 0,                 0,                 0,                 0,                 0,                 0,                 1,                 1
        154,           9,      -7.225160628,      -4.052797652,      -4.253836232,      -1.768884787,       -2.85927166,      0.9329898399,       0.193954664,      0.5539794524,                 0,                 0,                 0,     0.07235326362,      0.1349855392,       0.571218478,                 0,       2.856231663,      0.7239299947,     -0.8160185557,     -0.7581309544,     -0.4792196917,     -0.8918959739,      -1.231360619,                 0,                 0,                 0,                 0,                 0,                 0,                 0,                 0,                 0,                 0,                 0,                 0,                 1,                 1
        155,           9,       -7.22704734,      -4.008693192,      -4.215883899,      -1.765154403,      -2.966902212,      0.9329898399,      0.1710971661,      0.3708298339,                 0,                 0,                 0,     0.02532960916,      0.1313976053,      0.3866829131,                 0,       2.167363974,      0.6301243617,     -0.8232792637,     -0.7156276189,     -0.4293475377,     -0.8915410156,      -1.345430975,                 0,                 0,                 0,                 0,                 0,                 0,                 0,                 0,                 0,                 0,                 0,                 0,                 1,                 1
        156,           9,      -7.201907678,      -3.964409313,      -4.170291821,      -1.737654349,      -2.934242627,      0.9329898399,      0.1536960224,      0.1866436612,                 0,                 0,                 0,     -0.0214257509,      0.1333444844,      0.2016868168,                 0,       1.214368846,      0.5352384684,     -0.7922146842,     -0.6696534806,     -0.3826041651,     -0.8591166008,      -1.314478299,                 0,                 0,                 0,                 0,                 0,                 0,                 0,                 0,                 0,                 0,                 0,                 0,                 1,                 1
        157,           9,      -7.156911905,      -3.920235287,      -4.117809064,      -1.693305329,      -2.838029943,      0.9329898399,      0.1412770983,    0.008446885952,                 0,                 0,                 0,    -0.06572232999,      0.1396202275,       0.023168091,                 0,     0.05978949211,      0.3901329754,     -0.7363535959,      -0.617824868,     -0.3366125491,     -0.8040150804,      -1.214694445,                 0,                 0,                 0,                 0,                 0,                 0,                 0,                 0,                 0,                 0,                 0,                 0,                 1,                 1
        158,           9,      -7.098878624,      -3.875912918,      -4.064319336,      -1.633720422,      -2.742113865,      0.9329898399,      0.1325951091,     -0.1584372421,                 0,                 0,                 0,     -0.1049167648,      0.1484299406,     -0.1437093434,                 0,       -1.19489507,      0.2945442079,     -0.6658741067,     -0.5593566164,     -0.2949150704,      -0.729055882,      -1.112714441,                 0,                 0,                 0,                 0,                 0,                 0,                 0,                 0,                 0,                 0,                 0,                 0,                 1,                 1
        159,           9,      -7.032685411,      -3.831241294,      -4.015549758,      -1.561323141,      -2.676316741,      0.9329898399,       0.126853521,     -0.3099336946,                 0,                 0,                 0,     -0.1363582043,       0.158555497,     -0.2949760418,                 0,      -2.443240772,    0.009259192253,     -0.5859365273,     -0.4950261063,     -0.2631337334,     -0.6373920486,      -1.040398149,                 0,                 0,                 0,                 0,                 0,                 0,                 0,                 0,                 0,                 0,                 0,                 0,                 1,                 1
        160,           9,      -6.968269398,      -3.788697226,      -3.973656341,      -1.487601008,      -2.653703204,      0.9329898399,      0.1239471279,     -0.4407606073,                 0,                 0,                 0,      -0.157800731,      0.1693401615,     -0.4253900718,                 0,      -3.556037278,     0.00647681499,     -0.5072001835,      -0.428530963,     -0.2423836082,     -0.5422776952,      -1.008746088,                 0,                 0,                 0,                 0,                 0,                 0,                 0,                 0,                 0,                 0,                 0,                 0,                 1,                 1
        161,           9,      -6.911711442,      -3.750785004,       -3.93555137,      -1.422575368,      -2.626840943,      0.9329898399,      0.1241965452,     -0.5374480651,                 0,                 0,                 0,     -0.1636155833,      0.1796948039,     -0.5215217943,                 0,       -4.32739948,    0.003919080947,     -0.4380463277,     -0.3640947527,     -0.2280234831,     -0.4569493473,     -0.9657229711,                 0,                 0,                 0,                 0,                 0,                 0,                 0,                 0,                 0,                 0,                 0,                 0,                 1,                 1
        162,           9,      -6.867572175,      -3.722460462,      -3.900350911,      -1.373880172,      -2.644005108,      0.9329898399,      0.1267733228,     -0.5872416483,                 0,                 0,                 0,      -0.150431548,      0.1874623124,     -0.5707732565,                 0,      -4.632217846,    0.002729776966,     -0.3825641061,     -0.3094308148,     -0.2187591224,     -0.3906557273,     -0.9580642907,                 0,                 0,                 0,                 0,                 0,                 0,                 0,                 0,                 0,                 0,                 0,                 0,                 1,                 1
        163,           9,      -6.848869256,      -3.707166648,      -3.871414774,      -1.355499502,      -2.657951797,      0.9329898399,      0.1289971924,     -0.5922952154,                 0,                 0,                 0,     -0.1224883207,       0.190202241,      -0.575566682,                 0,      -4.591535709,    0.001565030629,     -0.3506715825,      -0.271707714,     -0.2201805812,     -0.3551579817,     -0.9442201728,                 0,                 0,                 0,                 0,                 0,                 0,                 0,                 0,                 0,                 0,                 0,                 0,                 1,                 1
        164,           9,      -6.852927192,      -3.702186586,      -3.850757664,      -1.364469056,      -2.691041637,      0.9329898399,      0.1293739006,     -0.5785807977,                 0,                 0,                 0,    -0.09195787231,      0.1891433385,     -0.5618880166,                 0,      -4.472160111,    0.002227991084,     -0.3364471078,     -0.2501920531,     -0.2333555476,     -0.3414295417,     -0.9512831051,                 0,                 0,                 0,                 0,                 0,                 0,                 0,                 0,                 0,                 0,                 0,                 0,                 1,                 1
        165,           9,      -6.870269065,      -3.705055704,      -3.831825185,      -1.388911784,      -2.736252487,      0.9329898399,      0.1291283149,     -0.5599326503,                 0,                 0,                 0,    -0.06463025177,       0.186949836,     -0.5433676964,                 0,      -4.336249959,    0.004071462579,     -0.3338756937,     -0.2417397233,     -0.2457351527,     -0.3363302706,     -0.9730833961,                 0,                 0,                 0,                 0,                 0,                 0,                 0,                 0,                 0,                 0,                 0,                 0,                 1,                 1
        166,           9,      -6.897013539,      -3.713590243,      -3.816783822,       -1.42203862,      -2.767125856,      0.9329898399,      0.1299036357,     -0.5543245282,                 0,                 0,                 0,    -0.04743364292,       0.187134701,      -0.537709253,                 0,      -4.267197954,    0.005334085825,     -0.3416140417,     -0.2417722649,     -0.2603023144,     -0.3348438293,     -0.9806912236,                 0,                 0,                 0,                 0,                 0,                 0,                 0,                 0,                 0,                 0,                 0,                 0,                 1,                 1
        167,           9,      -6.910767961,      -3.724016773,      -3.804434859,      -1.437194941,      -2.800953312,      0.9329898399,      0.1315591669,     -0.5615137154,                 0,                 0,                 0,    -0.03858003859,      0.1895326378,      -0.544686007,                 0,      -4.268145873,     0.00660579472,     -0.3374779398,     -0.2461332485,     -0.2734714367,     -0.3132443903,     -0.9893406404,                 0,                 0,                 0,                 0,                 0,                 0,                 0,                 0,                 0,                 0,                 0,                 0,                 1,                 1
        168,           9,      -6.901927796,      -3.735248862,      -3.792677851,      -1.428265325,      -2.819533961,      0.9329898399,      0.1332821306,     -0.5819664913,                 0,                 0,                 0,    -0.03586993398,      0.1933840602,     -0.5648466416,                 0,       -4.36642548,    0.007886995556,     -0.3172859126,     -0.2536163406,     -0.2821504029,     -0.2759299568,     -0.9791616641,                 0,                 0,                 0,                 0,                 0,                 0,                 0,                 0,                 0,                 0,                 0,                 0,                 1,                 1
        169,           9,      -6.886055749,      -3.748461576,      -3.784554675,      -1.409029436,      -2.849417644,      0.9329898399,      0.1337863449,     -0.6045253963,                 0,                 0,                 0,    -0.03580615414,        0.19624356,     -0.5872292619,                 0,      -4.518588177,    0.009180511493,     -0.2951063856,     -0.2650971477,     -0.2874693514,     -0.2389688939,     -0.9749877574,                 0,                 0,                 0,                 0,                 0,                 0,                 0,                 0,                 0,                 0,                 0,                 0,                 1,                 1
        170,           9,      -6.878301008,      -3.758985374,      -3.774268402,      -1.396709638,      -2.848348275,      0.9329898399,      0.1329809265,     -0.6182287233,                 0,                 0,                 0,     -0.0354124317,      0.1968749414,     -0.6009417098,                 0,       -4.64900298,      0.0104892365,     -0.2857521909,     -0.2752421403,     -0.2863625781,      -0.221282095,     -0.9368953018,                 0,                 0,                 0,                 0,                 0,                 0,                 0,                 0,                 0,                 0,                 0,                 0,                 1,                 1
        171,           9,      -6.882218312,       -3.76902706,       -3.76552954,      -1.396671555,      -2.865566449,      0.9329898399,      0.1314043194,     -0.6209126834,                 0,                 0,                 0,    -0.03372388682,      0.1955875214,     -0.6037757672,                 0,      -4.725207559,     0.01044373974,     -0.2835331277,     -0.2860927679,     -0.2840256363,     -0.2153781344,     -0.9217816212,                 0,                 0,                 0,                 0,                 0,                 0,                 0,                 0,                 0,                 0,                 0,                 0,                 1,                 1
        172,           9,      -6.888232641,      -3.778339256,      -3.759849465,      -1.399906993,      -2.885990273,      0.9329898399,      0.1293412012,     -0.6148429191,                 0,                 0,                 0,    -0.03085826909,      0.1929012421,     -0.5979549083,                 0,      -4.753650913,     0.01041748815,     -0.2798058699,     -0.2980750392,     -0.2827672441,     -0.2112519591,     -0.9264551106,                 0,                 0,                 0,                 0,                 0,                 0,                 0,                 0,                 0,                 0,                 0,                 0,                 1,                 1
        173,           9,      -6.892240072,      -3.787394689,      -3.756268406,      -1.401667273,      -2.897638052,      0.9329898399,      0.1265076727,     -0.6008415281,                 0,                 0,                 0,    -0.02696607023,       0.188619692,     -0.5843264028,                 0,      -4.749447329,     0.01178345023,     -0.2753585698,     -0.3127364782,     -0.2819487421,     -0.2089973765,     -0.9477154317,                 0,                 0,                 0,                 0,                 0,                 0,                 0,                 0,                 0,                 0,                 0,                 0,                 1,                 1
        174,           9,      -6.898798105,      -3.797348277,      -3.755691858,      -1.406428641,      -2.889996078,      0.9329898399,      0.1228605657,     -0.5776107257,                 0,                 0,                 0,     -0.0220334802,      0.1825642842,     -0.5616040875,                 0,      -4.701351671,     0.01179808984,     -0.2764665454,     -0.3320811364,     -0.2829399332,     -0.2160010921,     -0.9741075648,                 0,                 0,                 0,                 0,                 0,                 0,                 0,                 0,                 0,                 0,                 0,                 0,                 1,                 1
        175,           9,      -6.910646329,      -3.800121474,      -3.754673475,      -1.414651678,      -2.888809179,      0.9329898399,      0.1188763378,     -0.5447541228,                 0,                 0,                 0,    -0.01607308622,      0.1751674321,     -0.5293439418,                 0,        -4.5825278,     0.01183269691,     -0.2869417746,     -0.3485433758,     -0.2828094373,     -0.2343014444,      -1.023572708,                 0,                 0,                 0,                 0,                 0,                 0,                 0,                 0,                 0,                 0,                 0,                 0,                 1,                 1
        176,           9,      -6.929732025,      -3.801238614,      -3.758169786,       -1.43068105,      -2.866367705,      0.9329898399,      0.1150195024,     -0.5044682515,                 0,                 0,                 0,   -0.009931164807,      0.1671207047,     -0.4896819098,                 0,      -4.385936653,     0.01188584285,       -0.30764809,     -0.3671397135,     -0.2870025478,     -0.2665538382,      -1.058303225,                 0,                 0,                 0,                 0,                 0,                 0,                 0,                 0,                 0,                 0,                 0,                 0,                 1,                 1
        177,           9,      -6.943999604,      -3.798149569,      -3.765202291,      -1.443061012,      -2.863013074,      0.9329898399,      0.1113712623,     -0.4577847233,                 0,                 0,                 0,   -0.003987541204,      0.1586126925,     -0.4436354637,                 0,       -4.11043849,     0.01195531716,     -0.3313267109,     -0.3854062618,     -0.2952532501,     -0.3026153183,      -1.111605159,                 0,                 0,                 0,                 0,                 0,                 0,                 0,                 0,                 0,                 0,                 0,                 0,                 1,                 1
        178,           9,      -6.953798805,      -3.790600782,       -3.77516188,      -1.451447191,      -2.859165541,      0.9329898399,      0.1078873297,      -0.404344959,                 0,                 0,                 0,    0.002002227941,      0.1495618688,     -0.3908526182,                 0,       -3.74784472,     0.01066636479,     -0.3597862518,     -0.4022347909,     -0.3082841368,     -0.3411633898,      -1.157128722,                 0,                 0,                 0,                 0,                 0,                 0,                 0,                 0,                 0,                 0,                 0,                 0,                 1,                 1
        179,           9,      -6.971228357,       -3.77831607,      -3.785925838,      -1.465283829,      -2.821010048,      0.9329898399,      0.1049560492,     -0.3445440176,                 0,                 0,                 0,    0.007665078516,      0.1403957457,     -0.3316856749,                 0,      -3.282745684,      0.0107595163,     -0.4016089599,     -0.4164687926,     -0.3246205918,     -0.3886322812,      -1.158924207,                 0,                 0,                 0,                 0,                 0,                 0,                 0,                 0,                 0,                 0,                 0,                 0,                 1,                 1
        180,           9,      -6.997459182,      -3.762465713,       -3.79876165,      -1.485109005,      -2.821072064,      0.9329898399,      0.1031989966,     -0.2803571194,                 0,                 0,                 0,     0.01223333949,      0.1319389606,     -0.2680340612,                 0,      -2.716665166,    0.009488132195,     -0.4521127512,     -0.4283243795,     -0.3454492149,     -0.4410220506,       -1.18954417,                 0,                 0,                 0,                 0,                 0,                 0,                 0,                 0,                 0,                 0,                 0,                 0,                 1,                 1
        181,           9,      -7.015517534,       -3.74487834,      -3.812024922,      -1.496828204,      -2.822684045,      0.9329898399,      0.1029565451,     -0.2126015685,                 0,                 0,                 0,     0.01580830209,      0.1246154536,     -0.2006750255,                 0,      -2.064964092,    0.009592929885,       -0.49382649,     -0.4387510662,     -0.3690881679,     -0.4832994356,      -1.214970176,                 0,                 0,                 0,                 0,                 0,                 0,                 0,                 0,                 0,                 0,                 0,                 0,                 1,                 1
        182,           9,      -7.027525238,      -3.726798184,      -3.825549663,      -1.503830266,      -2.828630193,      0.9329898399,      0.1041903979,      -0.142909602,                 0,                 0,                 0,     0.01846577395,      0.1185577531,     -0.1312358661,                 0,      -1.371619697,    0.008330138619,     -0.5315780415,     -0.4481979462,     -0.3954499107,     -0.5203923759,      -1.241393078,                 0,                 0,                 0,                 0,                 0,                 0,                 0,                 0,                 0,                 0,                 0,                 0,                 1,                 1
        183,           9,         -7.038786,       -3.70852547,      -3.839044556,      -1.509449831,      -2.844881855,      0.9329898399,       0.106802275,    -0.07138780272,                 0,                 0,                 0,     0.02052236797,      0.1136792583,    -0.05983285519,                 0,     -0.6684108809,    0.007072218075,     -0.5695851999,      -0.456409455,     -0.4237000581,     -0.5545494177,      -1.277967686,                 0,                 0,                 0,                 0,                 0,                 0,                 0,                 0,                 0,                 0,                 0,                 0,                 1,                 1
        184,           9,      -7.052191799,      -3.690798393,      -3.852338518,      -1.515104829,      -2.877177579,      0.9329898399,      0.1109100741,    0.003084152841,                 0,                 0,                 0,     0.02254940341,      0.1099801153,     0.01466051713,                 0,     0.02780768895,    0.005924483598,      -0.609277447,     -0.4632607728,     -0.4522232599,     -0.5864258733,      -1.332031137,                 0,                 0,                 0,                 0,                 0,                 0,                 0,                 0,                 0,                 0,                 0,                 0,                 1,                 1
        185,           9,      -7.080218669,       -3.67622145,      -3.866345269,      -1.530684339,      -2.927199161,      0.9329898399,        0.11673925,     0.08099760156,                 0,                 0,                 0,     0.02491069747,      0.1076331854,     0.09275646264,                 0,      0.6938334924,    0.004735631421,     -0.6638474937,     -0.4696119698,     -0.4805914448,     -0.6265526911,      -1.404007035,                 0,                 0,                 0,                 0,                 0,                 0,                 0,                 0,                 0,                 0,                 0,                 0,                 1,                 1
        186,           9,       -7.11796566,      -3.665879012,      -3.875878619,      -1.544708879,      -2.919543607,      0.9329898399,      0.1245274521,       0.162791957,                 0,                 0,                 0,     0.02782983186,      0.1068288846,      0.1749168288,                 0,       1.307277666,    0.004599466509,     -0.7270967423,     -0.4740882314,     -0.5020416482,     -0.6625391807,      -1.415028182,                 0,                 0,                 0,                 0,                 0,                 0,                 0,                 0,                 0,                 0,                 0,                 0,                 1,                 1
        187,           9,      -7.138041599,      -3.662732017,      -3.879445456,      -1.544088196,      -3.010877154,      0.9329898399,      0.1342601995,      0.2470550089,                 0,                 0,                 0,      0.0309463977,      0.1077004276,       0.259735628,                 0,       1.840120973,    0.002855378463,      -0.767492637,     -0.4771015195,     -0.5123731377,     -0.6794280972,      -1.517666736,                 0,                 0,                 0,                 0,                 0,                 0,                 0,                 0,                 0,                 0,                 0,                 0,                 1,                 1
        188,           9,      -7.124962446,      -3.669787343,      -3.877419769,      -1.538742893,      -2.999864016,      0.9329898399,       0.145668451,      0.3318420213,                 0,                 0,                 0,      0.0338981544,      0.1101835274,      0.3452506553,                 0,       2.278063775,     0.00273399954,     -0.7629638426,     -0.4802838553,      -0.510928437,       -0.68255362,      -1.507066759,                 0,                 0,                 0,                 0,                 0,                 0,                 0,                 0,                 0,                 0,                 0,                 0,                 1,                 1
        189,           9,      -7.108062235,      -3.689476281,      -3.875019094,      -1.568510217,      -3.040055197,      0.9329898399,      0.1582459216,      0.4150530682,                 0,                 0,                 0,     0.03616710161,      0.1139941745,       0.429320567,                 0,       2.622835799,    0.003769533383,     -0.7350856008,     -0.4859339534,     -0.5050727579,     -0.7047948431,       -1.53427575,                 0,                 0,                 0,                 0,                 0,                 0,                 0,                 0,                 0,                 0,                 0,                 0,                 1,                 1
        190,           9,      -7.111699848,      -3.722082721,      -3.878303969,      -1.638917879,       -3.03871386,      0.9329898399,      0.1714309114,      0.4949060373,                 0,                 0,                 0,     0.03734730881,      0.1187600274,         0.5101143,                 0,       2.886912477,    0.004972079696,     -0.7022532979,     -0.4939374626,     -0.5007553625,     -0.7446294291,      -1.505748368,                 0,                 0,                 0,                 0,                 0,                 0,                 0,                 0,                 0,                 0,                 0,                 0,                 1,                 1
        191,           9,      -7.085868499,      -3.755828276,      -3.886424473,      -1.625383434,      -3.045530693,      0.9329898399,      0.1850025072,      0.5716950028,                 0,                 0,                 0,     0.03760511726,       0.124230644,      0.5879012255,                 0,       3.090201379,    0.007563681747,     -0.6248189077,     -0.4923534014,     -0.4893008478,     -0.6811682744,      -1.468263435,                 0,                 0,                 0,                 0,                 0,                 0,                 0,                 0,                 0,                 0,                 0,                 0,                 1,                 1
        192,           9,      -7.040777195,      -3.787133277,      -3.896833521,      -1.535148827,      -3.049484817,      0.9329898399,      0.1988982116,       0.645975289,                 0,                 0,                 0,     0.03790453272,      0.1302858221,      0.6632270931,                 0,       3.247768212,     0.03683901416,     -0.5569186876,      -0.479506791,     -0.4615644294,     -0.5487820909,      -1.401637604,                 0,                 0,                 0,                 0,                 0,                 0,                 0,                 0,                 0,                 0,                 0,                 0,                 1,                 1
        193,           9,      -7.028480001,      -3.818072516,      -3.906091052,      -1.489988823,      -3.057820017,      0.9329898399,      0.2128792056,      0.7156745959,                 0,                 0,                 0,      0.0378306448,      0.1369046653,      0.7340059918,                 0,       3.361881185,     0.08636082448,     -0.5626445288,     -0.4625767154,     -0.4276234249,     -0.4907711578,      -1.299712435,                 0,                 0,                 0,                 0,                 0,                 0,                 0,                 0,                 0,                 0,                 0,                 0,                 1,                 1
        194,           9,      -7.059534615,      -3.843993979,      -3.920145956,      -1.507517985,      -3.142423068,      0.9329898399,      0.2267280149,         0.7802865,                 0,                 0,                 0,     0.03705099438,      0.1439238263,      0.7997115398,                 0,       3.441508984,      0.1264859643,      -0.593724603,     -0.4482159546,     -0.4211078273,     -0.4981825347,       -1.22950733,                 0,                 0,                 0,                 0,                 0,                 0,                 0,                 0,                 0,                 0,                 0,                 0,                 1,                 1
        195,           9,      -7.109848848,      -3.867299237,      -3.944878004,      -1.566084487,      -3.233344637,      0.9329898399,      0.2399634763,      0.8391679875,                 0,                 0,                 0,     0.03573776371,      0.1509319911,      0.8596539509,                 0,       3.497065472,      0.2005151499,     -0.5943715386,     -0.4514588672,     -0.4496593504,      -0.523540944,      -1.158173778,                 0,                 0,                 0,                 0,                 0,                 0,                 0,                 0,                 0,                 0,                 0,                 0,                 1,                 1
        196,           9,      -7.133725633,        -3.8990051,      -3.975271294,      -1.616331427,      -3.236845792,      0.9329898399,      0.2522866217,      0.8928744241,                 0,                 0,                 0,     0.03432575308,      0.1575737777,      0.9143542975,                 0,       3.539127117,      0.3152144573,      -0.549182268,       -0.47921016,     -0.4896321216,      -0.534026413,      -1.074068386,                 0,                 0,                 0,                 0,                 0,                 0,                 0,                 0,                 0,                 0,                 0,                 0,                 1,                 1
        197,           9,      -7.142196526,      -3.940751763,      -4.005667027,      -1.638264042,      -3.244843317,      0.9329898399,      0.2637677654,      0.9425287258,                 0,                 0,                 0,     0.03348630212,      0.1638017387,       0.964936694,                 0,        3.57332794,      0.5073323864,     -0.5363707355,     -0.5152371817,     -0.5287620943,     -0.5456767247,      -1.067870015,                 0,                 0,                 0,                 0,                 0,                 0,                 0,                 0,                 0,                 0,                 0,                 0,                 1,                 1
        198,           9,      -7.158743317,      -3.983800919,      -4.029512435,      -1.648298168,      -3.213230905,      0.9329898399,      0.2745257307,      0.9885974462,                 0,                 0,                 0,     0.03355863685,      0.1696852782,       1.011877559,                 0,       3.601110336,      0.7747619467,     -0.5654286331,     -0.5408651385,     -0.5574611039,     -0.5616276259,      -1.052556228,                 0,                 0,                 0,                 0,                 0,                 0,                 0,                 0,                 0,                 0,                 0,                 0,                 1,                 1
        199,           9,      -7.182247933,      -4.019007853,      -4.047350517,      -1.664917366,      -3.238035229,      0.9329898399,      0.2843263388,       1.030264765,                 0,                 0,                 0,     0.03422442112,      0.1750767768,       1.054341062,                 0,       3.623529107,      0.8866044624,     -0.5866215931,     -0.5498676253,     -0.5706063249,     -0.5679068657,      -1.110088903,                 0,                 0,                 0,                 0,                 0,                 0,                 0,                 0,                 0,                 0,                 0,                 0,                 1,                 1
        200,           9,      -7.219736633,      -4.043742148,      -4.065805806,      -1.712398385,      -3.246978534,      0.9329898399,      0.2927830391,       1.066759822,                 0,                 0,                 0,     0.03536817291,      0.1796723781,       1.091520161,                 0,       3.643516459,       0.921859046,     -0.5990350015,     -0.5493802365,     -0.5750295836,     -0.5776434465,      -1.155562103,                 0,                 0,                 0,                 0,                 0,                 0,                 0,                 0,                 0,                 0,                 0,                 0,                 1,                 1
