"Time_Iter","Outer_Iter","Inner_Iter",    "rms[Rho]"    ,    "rms[RhoU]"   ,    "rms[RhoV]"   ,    "rms[RhoE]"   ,    "RefForce"    ,       "CD"       ,       "CL"       ,       "CSF"      ,       "CMx"      ,       "CMy"      ,       "CMz"      ,       "CFx"      ,       "CFy"      ,       "CFz"      ,      "CEff"      
          0,           0,           0,      -3.581346633,      -3.698349656,      -4.145839487,      -2.984969489,             0.448,      0.2407162756,      0.1401739537,                 0,                 0,                 0,     0.01642535773,       0.237601113,       0.145391794,                 0,      0.5823202164
          0,           0,           1,      -3.833736454,      -3.708488352,      -3.735662347,      -3.222809692,             0.448,     0.09245166438,     0.03009344329,                 0,                 0,                 0,   -0.006982717686,     0.09177317839,     0.03210310429,                 0,      0.3255046136
          0,           0,           2,        -3.7685914,      -3.680329828,      -3.700696365,      -3.170203415,             0.448,      0.0681145255,     0.03872367996,                 0,                 0,                 0,   -0.008467950601,     0.06725356346,     0.04020037532,                 0,      0.5685084008
          0,           0,           3,      -3.714040186,      -3.724734145,      -3.702056837,      -3.121669295,             0.448,     0.08299578345,     0.07132476029,                 0,                 0,                 0,   -0.006376450985,     0.08142009125,      0.0731183304,                 0,      0.8593781193
          0,           0,           4,       -3.66335352,      -3.692493872,      -3.668822498,      -3.074183815,             0.448,     0.06273099882,      0.0668287906,                 0,                 0,                 0,    -0.01011009108,     0.06125820816,     0.06818135669,                 0,       1.065323235
          0,           0,           5,      -3.658609712,      -3.669989382,      -3.662073303,      -3.073535845,             0.448,     0.04948386671,     0.06248282861,                 0,                 0,                 0,    -0.01493901721,     0.04810903516,     0.06354744425,                 0,       1.262690909
          0,           0,           6,      -3.655039852,      -3.788651034,      -3.699968992,      -3.076449996,             0.448,     0.04547720227,     0.06121882056,                 0,                 0,                 0,    -0.01873424888,      0.0441308984,     0.06219633208,                 0,       1.346143067
          0,           0,           7,      -3.659256134,      -3.791442932,      -3.690717313,      -3.082863439,             0.448,      0.0409497731,     0.05844554095,                 0,                 0,                 0,    -0.02143347192,      0.0396650454,     0.05932494709,                 0,       1.427249446
          0,           0,           8,      -3.642208298,      -3.714630208,      -3.704560124,      -3.064820359,             0.448,     0.03524230873,     0.05618183923,                 0,                 0,                 0,    -0.02315701779,     0.03400832165,     0.05693727639,                 0,       1.594158875
          0,           0,           9,      -3.656733551,      -3.751822883,      -3.710604676,      -3.082887327,             0.448,     0.03054224031,     0.05473381147,                 0,                 0,                 0,    -0.02422666677,     0.02934096028,     0.05538706177,                 0,       1.792069308
          0,           0,          10,      -3.663400394,      -3.808583778,      -3.737969037,      -3.093557762,             0.448,     0.02724249506,     0.05377060108,                 0,                 0,                 0,    -0.02477282627,      0.0260630126,     0.05435209703,                 0,       1.973776666
          0,           0,          11,      -3.669556921,      -3.834469929,      -3.762274516,      -3.102033104,             0.448,     0.02421260903,     0.05305904252,                 0,                 0,                 0,    -0.02490300723,     0.02304937017,     0.05357461118,                 0,       2.191380633
          0,           0,          12,      -3.674695991,      -3.846382052,      -3.773040288,      -3.107704512,             0.448,     0.02096262752,     0.05217347048,                 0,                 0,                 0,    -0.02500589673,     0.01981948072,     0.05261835192,                 0,       2.488880291
          0,           0,          13,      -3.677928226,      -3.852403976,      -3.782508086,      -3.109536404,             0.448,     0.01776691444,     0.05131284354,                 0,                 0,                 0,    -0.02521991566,     0.01664330261,     0.05168821567,                 0,       2.888112267
          0,           0,          14,      -3.686049286,      -3.860278371,      -3.793368797,      -3.115520201,             0.448,       0.014812103,     0.05092877711,                 0,                 0,                 0,    -0.02542672558,      0.0136975727,     0.05123978177,                 0,       3.438321831
          0,           0,          15,      -3.696328378,      -3.869428702,      -3.809304432,      -3.123934187,             0.448,     0.01204062515,     0.05094287845,                 0,                 0,                 0,    -0.02561265213,     0.01092644677,     0.05119342028,                 0,       4.230916405
          0,           0,          16,      -3.707333521,      -3.875156696,      -3.830698474,      -3.134401808,             0.448,    0.009355280021,     0.05109147952,                 0,                 0,                 0,    -0.02581269385,    0.008238498966,     0.05128340549,                 0,        5.46124535
          0,           0,          17,      -3.720090587,      -3.875829881,      -3.853876891,      -3.148207715,             0.448,    0.006713695448,     0.05130414251,                 0,                 0,                 0,    -0.02600925772,    0.005592903799,     0.05143839201,                 0,       7.641714301
          0,           0,          18,       -3.73490022,      -3.873215905,      -3.877645571,      -3.164923642,             0.448,    0.004123224764,     0.05156381592,                 0,                 0,                 0,    -0.02620116635,    0.002997384832,      0.0516414928,                 0,       12.50570097
          0,           0,          19,       -3.75261344,      -3.871873951,       -3.90394976,      -3.184472001,             0.448,      0.0016189893,     0.05170523566,                 0,                 0,                 0,    -0.02646357926,    0.000490660253,     0.05172824928,                 0,       31.93673711
          0,           0,          20,      -3.773972363,      -3.876157212,      -3.934459786,      -3.207070509,             0.448,  -0.0007285746575,     0.05163888994,                 0,                 0,                 0,    -0.02681469894,   -0.001854897724,     0.05161070751,                 0,      -70.87659365
          0,           0,          21,        -3.7974214,      -3.887255003,      -3.968421281,      -3.231044203,             0.448,    -0.00281071415,     0.05155866415,                 0,                 0,                 0,    -0.02716138299,   -0.003934791607,     0.05148507918,                 0,       -18.3436171
          0,           0,          22,      -3.820311294,      -3.903497628,       -4.00240875,      -3.253907542,             0.448,   -0.004520073485,     0.05171108603,                 0,                 0,                 0,    -0.02742934944,   -0.005647069227,     0.05160017531,                 0,      -11.44031977
          0,           0,          23,      -3.841580672,      -3.922028587,      -4.032792075,      -3.274825509,             0.448,   -0.005779808694,     0.05220604135,                 0,                 0,                 0,    -0.02760872706,   -0.006917302046,     0.05206753186,                 0,      -9.032486041
          0,           0,          24,       -3.86134115,      -3.940421922,      -4.058376675,      -3.294081163,             0.448,   -0.006518541615,       0.053266905,                 0,                 0,                 0,    -0.02763104604,   -0.007679001787,     0.05311202768,                 0,      -8.171598518
          0,           0,          25,      -3.880642802,      -3.958181965,      -4.080750608,      -3.312888485,             0.448,   -0.006743691994,      0.0546914928,                 0,                 0,                 0,    -0.02760968027,   -0.007935175806,     0.05453136484,                 0,      -8.110022351
          0,           0,          26,      -3.900885811,      -3.976853514,      -4.102144917,      -3.332757871,             0.448,   -0.006484254195,     0.05631253943,                 0,                 0,                 0,    -0.02763218651,   -0.007711162692,     0.05615768531,                 0,      -8.684505224
          0,           0,          27,       -3.92314976,      -3.998347076,      -4.124611956,      -3.354901088,             0.448,   -0.005777701313,     0.05811972707,                 0,                 0,                 0,     -0.0277068407,   -0.007044201541,     0.05797985625,                 0,      -10.05931666
          0,           0,          28,      -3.947363155,      -4.024072132,      -4.150117597,      -3.379328076,             0.448,   -0.004699695613,     0.06001751287,                 0,                 0,                 0,     -0.0278698232,   -0.006007852356,       0.059900707,                 0,      -12.77051065
          0,           0,          29,       -3.97300758,      -4.054962694,      -4.180212782,      -3.405606833,             0.448,   -0.003360255134,     0.06188735042,                 0,                 0,                 0,    -0.02814304369,   -0.004709520919,     0.06179931933,                 0,       -18.4174558
          0,           0,          30,       -4.00026491,      -4.091459137,       -4.21518914,      -3.434046677,             0.448,   -0.001877120442,     0.06360948368,                 0,                 0,                 0,    -0.02853449995,   -0.003264307312,     0.06355339718,                 0,      -33.88673537
          0,           0,          31,      -4.029699924,      -4.133422916,      -4.253990777,      -3.465017465,             0.448,  -0.0003550332354,     0.06504912593,                 0,                 0,                 0,    -0.02906201342,   -0.001773987951,     0.06502590099,                 0,      -183.2198213
          0,           0,          32,      -4.061028239,      -4.179821445,      -4.294393407,      -3.497815716,             0.448,    0.001117087516,     0.06611200065,                 0,                 0,                 0,    -0.02974502725,  -0.0003254040147,     0.06612063692,                 0,       59.18247204
          0,           0,          33,       -4.09376225,      -4.228608837,      -4.333431532,      -3.531678116,             0.448,    0.002468158495,     0.06672600505,                 0,                 0,                 0,    -0.03059128766,    0.001011951011,     0.06676396866,                 0,       27.03473265
          0,           0,          34,      -4.127399192,      -4.276866987,      -4.368733638,      -3.565876332,             0.448,    0.003655939797,     0.06694525176,                 0,                 0,                 0,    -0.03154575872,    0.002194666811,     0.06700907451,                 0,       18.31136602
          0,           0,          35,       -4.16128796,      -4.321762734,      -4.399837987,      -3.599738897,             0.448,    0.004653695211,     0.06687533679,                 0,                 0,                 0,    -0.03253585246,    0.003193709974,     0.06696094209,                 0,       14.37037317
          0,           0,          36,      -4.194910904,      -4.362050815,       -4.42827963,      -3.632930199,             0.448,     0.00543896142,     0.06660332277,                 0,                 0,                 0,    -0.03350506179,    0.003984723265,     0.06670612331,                 0,       12.24559574
          0,           0,          37,      -4.227677564,      -4.398697199,      -4.456596959,      -3.665192641,             0.448,    0.005994495698,      0.0661757763,                 0,                 0,                 0,    -0.03441517301,    0.004549452218,      0.0662907975,                 0,       11.03942344
          0,           0,          38,      -4.258993798,      -4.433950903,      -4.487325966,      -3.696209447,             0.448,    0.006315078048,     0.06563553781,                 0,                 0,                 0,    -0.03522926627,    0.004881743519,     0.06575768103,                 0,       10.39346423
          0,           0,          39,      -4.288486376,      -4.469892902,      -4.522103321,      -3.725744928,             0.448,    0.006408821645,     0.06504607583,                 0,                 0,                 0,     -0.0359115989,    0.004988323853,     0.06517040434,                 0,       10.14945952
          0,           0,          40,      -4.316032476,      -4.507624627,      -4.561116907,      -3.753730384,             0.448,    0.006295912137,     0.06447535291,                 0,                 0,                 0,    -0.03643553253,    0.004887891469,     0.06459735412,                 0,       10.24082794
          0,           0,          41,      -4.341758453,      -4.547157109,      -4.603077772,       -3.78026207,             0.448,    0.006006274242,     0.06397823191,                 0,                 0,                 0,    -0.03679056979,    0.004609167137,     0.06409403301,                 0,       10.65189989
          0,           0,          42,      -4.365834255,      -4.587612042,       -4.64545982,      -3.805391382,             0.448,    0.005575854377,      0.0635995797,                 0,                 0,                 0,    -0.03697990067,    0.004187109956,     0.06370608134,                 0,       11.40624833
          0,           0,          43,      -4.388508288,      -4.627582488,      -4.685185019,      -3.829191044,             0.448,     0.00504232587,     0.06336131533,                 0,                 0,                 0,    -0.03702258872,    0.003658906124,     0.06345623481,                 0,       12.56589061
          0,           0,          44,      -4.410001653,      -4.665566117,      -4.719829499,      -3.851728837,             0.448,    0.004442721673,     0.06326983951,                 0,                 0,                 0,    -0.03694305403,     0.00306144015,     0.06335170046,                 0,       14.24123413
          0,           0,          45,       -4.43032509,      -4.700238904,       -4.74866138,      -3.872897102,             0.448,    0.003811713589,     0.06332067796,                 0,                 0,                 0,    -0.03676732474,    0.002429473195,     0.06338876144,                 0,       16.61212903
          0,           0,          46,      -4.449312831,      -4.730660867,      -4.772748162,      -3.892481994,             0.448,    0.003180895946,     0.06350767826,                 0,                 0,                 0,    -0.03651947773,    0.001794726279,     0.06356195603,                 0,       19.96534289
          0,           0,          47,      -4.466738532,      -4.756592166,       -4.79405244,      -3.910273829,             0.448,    0.002577369229,     0.06382149975,                 0,                 0,                 0,     -0.0362201961,    0.001184497205,     0.06386253698,                 0,       24.76226496
          0,           0,          48,      -4.482307818,       -4.77862643,      -4.814529253,      -3.926023155,             0.448,    0.002024572453,     0.06424346751,                 0,                 0,                 0,    -0.03589079919,   0.0006226268011,     0.06427234512,                 0,       31.73186884
          0,           0,          49,      -4.495980296,      -4.798168624,      -4.835344652,      -3.939770403,             0.448,    0.001539936063,     0.06476469872,                 0,                 0,                 0,    -0.03554229483,   0.0001267351433,        0.06478288,                 0,       42.05674525
          0,           0,          50,      -4.508015549,      -4.817042746,      -4.856693292,      -3.951869455,             0.448,    0.001135024862,     0.06537296301,                 0,                 0,                 0,     -0.0351840868,  -0.0002913489156,     0.06538216646,                 0,        57.5960626
          0,           0,          51,       -4.51890246,      -4.837028314,       -4.87805061,      -3.962905946,             0.448,   0.0008168846024,     0.06606404516,                 0,                 0,                 0,    -0.03482069991,  -0.0006244893441,     0.06606614395,                 0,       80.87316735
          0,           0,          52,      -4.529231169,      -4.859437379,      -4.898368176,       -3.97351755,             0.448,   0.0005880887106,     0.06683637249,                 0,                 0,                 0,    -0.03445461211,  -0.0008700790207,     0.06683329633,                 0,       113.6501539
          0,           0,          53,      -4.539399251,      -4.884888038,      -4.916988633,       -3.98406595,             0.448,   0.0004465440687,     0.06767905719,                 0,                 0,                 0,    -0.03409299928,   -0.001029973048,     0.06767269271,                 0,       151.5618769
          0,           0,          54,      -4.549869255,      -4.913331915,      -4.934072457,      -3.994970086,             0.448,   0.0003871394562,      0.0685774064,                 0,                 0,                 0,    -0.03374650722,   -0.001108960909,     0.06856953224,                 0,       177.1387682
          0,           0,          55,      -4.561262696,      -4.944247172,      -4.950679231,      -4.006810715,             0.448,   0.0003994553072,     0.06949912567,                 0,                 0,                 0,    -0.03342970886,   -0.001116755189,     0.06949130083,                 0,       173.9847348
          0,           0,          56,      -4.574242246,      -4.976628453,      -4.968360292,      -4.020187245,             0.448,    0.000470476766,     0.07041931139,                 0,                 0,                 0,    -0.03315030294,   -0.001065824377,      0.0704128169,                 0,       149.6764909
          0,           0,          57,      -4.589097827,      -5.009419026,      -4.988130354,       -4.03538782,             0.448,   0.0005880252858,     0.07132343329,                 0,                 0,                 0,    -0.03290930723,  -0.0009680271457,     0.07131928795,                 0,       121.2931399
          0,           0,          58,      -4.606032071,      -5.041845049,       -5.01041713,      -4.052665335,             0.448,   0.0007394214608,     0.07220109845,                 0,                 0,                 0,    -0.03270827109,  -0.0008358131636,     0.07220004694,                 0,       97.64539208
          0,           0,          59,      -4.625035855,      -5.073522373,      -5.034857928,      -4.072071124,             0.448,   0.0009105523946,     0.07303193858,                 0,                 0,                 0,    -0.03255281813,  -0.0006828476362,     0.07303442255,                 0,       80.20619023
          0,           0,          60,      -4.645864377,      -5.104327425,      -5.060388051,      -4.093412748,             0.448,    0.001087614321,     0.07379880081,                 0,                 0,                 0,    -0.03244580189,  -0.0005225568574,     0.07380496488,                 0,        67.8538333
          0,           0,          61,      -4.668228927,      -5.134550109,      -5.086145393,      -4.116398997,             0.448,    0.001259676059,     0.07449755422,                 0,                 0,                 0,    -0.03238392556,  -0.0003657792905,     0.07450730551,                 0,       59.14024776
          0,           0,          62,      -4.691814348,      -5.164724624,      -5.111442644,      -4.140678861,             0.448,    0.001417573385,     0.07512802176,                 0,                 0,                 0,    -0.03236245268,  -0.0002216731168,     0.07514106753,                 0,       52.99762437
          0,           0,          63,      -4.716000449,      -5.194939688,      -5.135767438,      -4.165558223,             0.448,    0.001553326321,     0.07568778833,                 0,                 0,                 0,    -0.03237766767,  -9.816372944e-05,     0.07570366232,                 0,       48.72626395
          0,           0,          64,      -4.740118165,      -5.225230652,      -5.159035722,      -4.190313884,             0.448,    0.001661648593,     0.07617341858,                 0,                 0,                 0,    -0.03242663771,   -4.61202889e-07,     0.07619154004,                 0,       45.84207448
          0,           0,          65,      -4.763680419,       -5.25547175,      -5.181369682,      -4.214371334,             0.448,    0.001740163254,     0.07658602815,                 0,                 0,                 0,    -0.03250453805,   6.903374278e-05,     0.07660576421,                 0,       44.01082943
          0,           0,          66,      -4.786305462,      -5.285027911,      -5.203065604,       -4.23728296,             0.448,    0.001788754922,     0.07692655298,                 0,                 0,                 0,    -0.03260713519,   0.0001101853371,     0.07694726802,                 0,       43.00564155
          0,           0,          67,      -4.807815855,      -5.313125487,      -5.224358544,      -4.258866319,             0.448,    0.001808088219,     0.07719184448,                 0,                 0,                 0,    -0.03273215198,   0.0001237267304,     0.07721291815,                 0,       42.69252111
          0,           0,          68,      -4.828317381,      -5.339038439,      -5.245708174,      -4.279234169,             0.448,    0.001800314276,     0.07738800106,                 0,                 0,                 0,    -0.03287292227,   0.0001116755032,     0.07740885847,                 0,       42.98582871
          0,           0,          69,      -4.848179464,      -5.362265905,      -5.267510762,      -4.298773863,             0.448,    0.001769138017,     0.07752315869,                 0,                 0,                 0,    -0.03302241694,   7.755821615e-05,     0.07754330382,                 0,       43.81973477
          0,           0,          70,      -4.867678134,      -5.382488525,      -5.289710264,      -4.317823192,             0.448,    0.001718984587,     0.07760788187,                 0,                 0,                 0,    -0.03317353011,   2.556849419e-05,     0.07762691275,                 0,       45.14751468
          0,           0,          71,      -4.887074282,      -5.399788916,       -5.31247554,      -4.336689916,             0.448,     0.00165419732,     0.07765353437,                 0,                 0,                 0,    -0.03331924422,  -4.019925857e-05,     0.07767114105,                 0,       46.94333222
          0,           0,          72,      -4.906576418,      -5.414562529,       -5.33591566,       -4.35565014,             0.448,     0.00157950713,      0.0776692563,                 0,                 0,                 0,    -0.03345490854,  -0.0001152146467,     0.07768522988,                 0,       49.17309635
          0,           0,          73,      -4.926365756,      -5.427402269,      -5.359902377,      -4.374951264,             0.448,     0.00149931327,     0.07766044113,                 0,                 0,                 0,    -0.03357802081,  -0.0001951971211,     0.07767466739,                 0,       51.79734129
          0,           0,          74,      -4.946560779,      -5.439195878,      -5.384444409,      -4.394744658,             0.448,    0.001417462151,     0.07763487905,                 0,                 0,                 0,     -0.0336855422,  -0.0002764711279,     0.07764732582,                 0,       54.77033655
          0,           0,          75,      -4.967245654,      -5.451004553,      -5.409639283,      -4.415127754,             0.448,    0.001337668966,     0.07760164425,                 0,                 0,                 0,    -0.03377442473,  -0.0003555203105,     0.07761235825,                 0,       58.01259221
          0,           0,          76,      -4.988319141,      -5.463923415,      -5.435191534,      -4.436000142,             0.448,    0.001263003932,     0.07756807475,                 0,                 0,                 0,    -0.03384303785,  -0.0004294352621,     0.07757716794,                 0,       61.41554496
          0,           0,          77,      -5.009612402,      -5.478740129,      -5.460496921,      -4.457182418,             0.448,    0.001195881177,     0.07754111723,                 0,                 0,                 0,    -0.03389073397,   -0.000495953968,     0.07754875256,                 0,       64.84015194
          0,           0,          78,      -5.030878314,      -5.495910907,      -5.484891943,      -4.478407226,             0.448,    0.001138000363,     0.07752607968,                 0,                 0,                 0,    -0.03391819925,  -0.0005534929654,     0.07753245592,                 0,       68.12482859
          0,           0,          79,      -5.051902807,      -5.515632332,      -5.507664152,      -4.499439397,             0.448,    0.001090195692,     0.07752444905,                 0,                 0,                 0,    -0.03392793051,  -0.0006012506887,     0.07752978283,                 0,       71.11058101
          0,           0,          80,      -5.072570967,       -5.53784974,      -5.528794366,       -4.52014754,             0.448,    0.001052527369,     0.07753995929,                 0,                 0,                 0,    -0.03392117721,  -0.0006392484012,     0.07754446765,                 0,       73.67025462
          0,           0,          81,      -5.092740281,      -5.562475586,      -5.548911326,      -4.540372408,             0.448,    0.001024599649,     0.07757474466,                 0,                 0,                 0,    -0.03389961798,  -0.0006679283148,      0.0775786355,                 0,       75.71224992
          0,           0,          82,      -5.112355194,      -5.589383165,       -5.56848019,      -4.560081789,             0.448,      0.0010058028,     0.07762951155,                 0,                 0,                 0,    -0.03386553548,   -0.000687915424,      0.0776329793,                 0,       77.18164195
          0,           0,          83,      -5.131464779,       -5.61827504,      -5.587838626,      -4.579365047,             0.448,   0.0009951442308,       0.077704704,                 0,                 0,                 0,    -0.03382068729,   -0.000700211771,     0.07770792134,                 0,       78.08386121
          0,           0,          84,      -5.150141817,      -5.648694679,      -5.607227853,      -4.598309127,             0.448,   0.0009914627331,     0.07779965332,                 0,                 0,                 0,    -0.03376713265,   -0.000705963701,     0.07780276775,                 0,       78.46956897
          0,           0,          85,      -5.168537208,         -5.680167,      -5.626908453,      -4.617064542,             0.448,   0.0009935223438,     0.07791309055,                 0,                 0,                 0,    -0.03370685954,  -0.0007063792008,     0.07791622292,                 0,       78.42107532
          0,           0,          86,      -5.186757357,      -5.712158983,       -5.64705675,      -4.635721621,             0.448,   0.0009999676214,     0.07804406671,                 0,                 0,                 0,    -0.03364161536,  -0.0007027926868,     0.07804730852,                 0,       78.04659375
          0,           0,          87,      -5.204858639,      -5.744214469,        -5.6677203,       -4.65431965,             0.448,    0.001009653854,     0.07818874303,                 0,                 0,                 0,     -0.0335742284,  -0.0006962648566,     0.07819216171,                 0,        77.4411376
          0,           0,          88,      -5.222902252,      -5.775880429,      -5.688708016,      -4.672903517,             0.448,    0.001021503985,     0.07834287216,                 0,                 0,                 0,    -0.03350730431,  -0.0006877798543,     0.07834651267,                 0,       76.69365297
          0,           0,          89,      -5.240894591,      -5.806839869,      -5.709799671,      -4.691428424,             0.448,    0.001034501822,     0.07850338795,                 0,                 0,                 0,    -0.03344273282,  -0.0006782867449,     0.07850727381,                 0,       75.88520998
          0,           0,          90,      -5.258780789,      -5.836916217,      -5.731106407,      -4.709800532,             0.448,    0.001047844937,     0.07866713637,                 0,                 0,                 0,    -0.03338224036,  -0.0006685189575,     0.07867127434,                 0,        75.0751696
          0,           0,          91,       -5.27645382,      -5.866370489,      -5.752304944,      -4.727885309,             0.448,    0.001060787762,     0.07883039293,                 0,                 0,                 0,    -0.03332735965,   -0.000659140636,     0.07883477439,                 0,       74.31306787
          0,           0,          92,      -5.293876177,      -5.895357634,      -5.772796708,      -4.745627589,             0.448,    0.001072680166,     0.07899116771,                 0,                 0,                 0,    -0.03327845402,  -0.0006507583454,     0.07899577035,                 0,       73.63906804
          0,           0,          93,      -5.311054915,      -5.923814345,       -5.79212626,      -4.763007006,             0.448,    0.001083057463,     0.07914745667,                 0,                 0,                 0,    -0.03323568223,  -0.0006437929437,      0.0791522485,                 0,       73.07780002
          0,           0,          94,      -5.327982514,      -5.951576098,       -5.81036239,      -4.779989944,             0.448,     0.00109165158,     0.07929641364,                 0,                 0,                 0,    -0.03319964284,  -0.0006384503507,     0.07930135749,                 0,       72.63894001
          0,           0,          95,      -5.344564925,      -5.978577639,      -5.827576767,      -4.796479475,             0.448,      0.0010983983,     0.07943754989,                 0,                 0,                 0,    -0.03316986804,  -0.0006347841073,     0.07944260734,                 0,       72.32126077
          0,           0,          96,      -5.360682864,      -6.004595186,       -5.84403489,      -4.812366602,             0.448,    0.001103313076,     0.07957067537,                 0,                 0,                 0,    -0.03314557192,  -0.0006327746175,     0.07957580835,                 0,       72.11976099
          0,           0,          97,      -5.376337609,      -6.029507806,      -5.860159938,      -4.827682095,             0.448,    0.001106481449,     0.07969539781,                 0,                 0,                 0,    -0.03312615305,  -0.0006323278042,     0.07970057023,                 0,       72.02596831
          0,           0,          98,      -5.391643803,      -6.053229372,        -5.8760126,      -4.842591383,             0.448,    0.001108109771,     0.07981117492,                 0,                 0,                 0,    -0.03311116751,  -0.0006332255344,     0.07981635531,                 0,       72.02461074
          0,           0,          99,      -5.406677478,      -6.075747397,      -5.891740519,       -4.85721348,             0.448,    0.001108441093,     0.07991806352,                 0,                 0,                 0,    -0.03309992743,  -0.0006352260533,      0.0799232257,                 0,       72.09951344
          0,           0,         100,      -5.421514744,      -6.097174769,      -5.907498647,      -4.871650547,             0.448,    0.001107682065,     0.08001674787,                 0,                 0,                 0,    -0.03309150863,  -0.0006381376888,     0.08002187001,                 0,       72.23800979
          0,           0,         101,      -5.436264823,       -6.11780609,      -5.923458226,      -4.886034635,             0.448,    0.001106095287,     0.08010857128,                 0,                 0,                 0,    -0.03308491687,  -0.0006417272069,     0.08011363696,                 0,       72.42465658
          0,           0,         102,      -5.450990163,      -6.137904587,      -5.939520988,      -4.900443469,             0.448,    0.001103972785,     0.08019443352,                 0,                 0,                 0,    -0.03307946941,   -0.000645722278,     0.08019943246,                 0,       72.64167613
          0,           0,         103,      -5.465735416,      -6.157693852,      -5.955701136,      -4.914927115,             0.448,    0.001101591644,     0.08027469021,                 0,                 0,                 0,    -0.03307478653,  -0.0006498536434,      0.0802796181,                 0,        72.8715497
          0,           0,         104,       -5.48052073,      -6.177423728,      -5.972001282,      -4.929504041,             0.448,    0.001099138676,     0.08035050179,                 0,                 0,                 0,    -0.03307026687,  -0.0006539598482,     0.08035535813,                 0,       73.10315208
          0,           0,         105,      -5.495349502,      -6.197390794,      -5.988423635,      -4.944179688,             0.448,    0.001096786532,     0.08042183131,                 0,                 0,                 0,    -0.03306581429,  -0.0006578674777,     0.08042661936,                 0,       73.32496248
          0,           0,         106,        -5.5101736,      -6.217767419,      -6.004598042,      -4.958900856,             0.448,    0.001094709323,      0.0804895072,                 0,                 0,                 0,    -0.03306108879,   -0.000661420534,     0.08049423384,                 0,       73.52591733
          0,           0,         107,      -5.524989726,      -6.238497715,       -6.02034989,       -4.97364921,             0.448,    0.001093023265,     0.08055446454,                 0,                 0,                 0,    -0.03305580804,  -0.0006645232282,     0.08055913893,                 0,       73.69876483
          0,           0,         108,      -5.539756812,      -6.259242162,       -6.03569037,      -4.988367376,             0.448,    0.001091774301,     0.08061697833,                 0,                 0,                 0,    -0.03305007296,  -0.0006671356258,      0.0806216106,                 0,       73.84033335
          0,           0,         109,      -5.554441405,      -6.279680716,      -6.050712139,       -5.00300658,             0.448,    0.001090930187,      0.0806771234,                 0,                 0,                 0,    -0.03304401652,  -0.0006692915969,     0.08068172294,                 0,        73.9525997
          0,           0,         110,      -5.569085002,      -6.299616623,      -6.065403199,      -5.017606359,             0.448,     0.00109046853,     0.08073520193,                 0,                 0,                 0,    -0.03303770898,  -0.0006710201202,     0.08073977758,                 0,       74.03716815
          0,           0,         111,       -5.58366368,      -6.318868609,      -6.079829262,      -5.032130147,             0.448,     0.00109037124,     0.08079173822,                 0,                 0,                 0,    -0.03303120912,  -0.0006723507199,      0.0807962983,                 0,       74.09562474
          0,           0,         112,      -5.598246364,      -6.337480354,      -6.094275259,      -5.046664226,             0.448,    0.001090582939,     0.08084687014,                 0,                 0,                 0,    -0.03302468446,  -0.0006733417673,     0.08085142171,                 0,       74.13179431
          0,           0,         113,      -5.612844351,      -6.355383514,       -6.10874795,      -5.061230346,             0.448,     0.00109102371,     0.08090040098,                 0,                 0,                 0,     -0.0330183784,  -0.0006740688709,     0.08090494944,                 0,       74.15091005
          0,           0,         114,      -5.627557433,       -6.37276853,      -6.123465189,      -5.075931654,             0.448,    0.001091609563,     0.08095242176,                 0,                 0,                 0,    -0.03301240364,  -0.0006746179842,     0.08095697061,                 0,       74.15876929
          0,           0,         115,      -5.642400501,      -6.389732327,      -6.138317104,      -5.090784325,             0.448,    0.001092251926,     0.08100306436,                 0,                 0,                 0,     -0.0330068086,  -0.0006750805367,     0.08100761517,                 0,       74.16152118
          0,           0,         116,      -5.657347003,      -6.406225246,      -6.153196359,      -5.105758193,             0.448,    0.001092892652,     0.08105232792,                 0,                 0,                 0,    -0.03300166659,  -0.0006755146418,     0.08105688099,                 0,       74.16311908
          0,           0,         117,      -5.672470592,      -6.422327931,      -6.168201542,      -5.120930302,             0.448,    0.001093477045,     0.08109988269,                 0,                 0,                 0,    -0.03299715411,  -0.0006759677898,     0.08110443719,                 0,       74.16697317
          0,           0,         118,      -5.687809892,      -6.438145293,      -6.183599811,      -5.136345635,             0.448,    0.001093949787,     0.08114515545,                 0,                 0,                 0,    -0.03299350357,  -0.0006764827805,     0.08114970949,                 0,       74.17630717
          0,           0,         119,      -5.703333989,      -6.453768825,      -6.199393269,       -5.15197182,             0.448,    0.001094292467,     0.08118823812,                 0,                 0,                 0,    -0.03299067606,   -0.000677080026,     0.08119278938,                 0,       74.19244908
          0,           0,         120,      -5.719019507,      -6.469131687,      -6.215390172,      -5.167781903,             0.448,    0.001094506833,     0.08122890026,                 0,                 0,                 0,    -0.03298873762,  -0.0006777527511,     0.08123344652,                 0,       74.21506915
          0,           0,         121,      -5.734870842,      -6.484217784,      -6.231282911,      -5.183776111,             0.448,    0.001094601183,     0.08126686019,                 0,                 0,                 0,    -0.03298777978,  -0.0006784865145,     0.08127139948,                 0,       74.24335132
          0,           0,         122,      -5.750859361,       -6.49879577,      -6.246984922,      -5.199919313,             0.448,    0.001094571068,     0.08130197617,                 0,                 0,                 0,    -0.03298785315,  -0.0006792826738,     0.08130650644,                 0,       74.27747597
          0,           0,         123,      -5.766966004,      -6.512747015,      -6.262620543,      -5.216190905,             0.448,    0.001094409907,     0.08133407682,                 0,                 0,                 0,    -0.03298896226,   -0.000680144068,     0.08133859594,                 0,       74.31774538
          0,           0,         124,      -5.783144132,       -6.52608681,      -6.278064849,      -5.232539071,             0.448,    0.001094133077,     0.08136292749,                 0,                 0,                 0,     -0.0329911308,  -0.0006810502067,      0.0813674337,                 0,        74.3629173
          0,           0,         125,      -5.799354578,      -6.538785905,      -6.293210991,      -5.248923015,             0.448,    0.001093774742,     0.08138835902,                 0,                 0,                 0,    -0.03299431867,  -0.0006819632422,     0.08139285137,                 0,       74.41053071
          0,           0,         126,      -5.815556461,      -6.550637622,       -6.30827714,      -5.265291857,             0.448,     0.00109336302,     0.08141058297,                 0,                 0,                 0,    -0.03299843358,  -0.0006828596788,     0.08141506104,                 0,       74.45887731
          0,           0,         127,       -5.83171684,      -6.561646528,      -6.323225644,      -5.281608709,             0.448,    0.001092923269,     0.08142964224,                 0,                 0,                 0,    -0.03300343287,  -0.0006837151008,     0.08143410619,                 0,       74.50627554
          0,           0,         128,      -5.847770491,      -6.572084275,       -6.33785753,      -5.297815821,             0.448,    0.001092470947,      0.0814454149,                 0,                 0,                 0,    -0.03300928682,  -0.0006845113941,     0.08144986523,                 0,       74.55156141
          0,           0,         129,      -5.863633121,      -6.582125644,      -6.352096285,      -5.313822542,             0.448,     0.00109203184,     0.08145828842,                 0,                 0,                 0,    -0.03301579276,  -0.0006852312314,      0.0814627261,                 0,       74.59332729
          0,           0,         130,      -5.879282383,      -6.591934955,      -6.366150763,      -5.329596068,             0.448,    0.001091614699,     0.08146850133,                 0,                 0,                 0,      -0.033022822,  -0.0006858710666,     0.08147292748,                 0,       74.63118757
          0,           0,         131,      -5.894714999,      -6.601740788,      -6.380177269,      -5.345128387,             0.448,    0.001091234844,     0.08147609015,                 0,                 0,                 0,    -0.03303032145,    -0.00068641638,     0.08148050621,                 0,       74.66412073
          0,           0,         132,      -5.909867634,      -6.611765166,      -6.394350093,      -5.360357577,             0.448,    0.001090900654,     0.08148122495,                 0,                 0,                 0,    -0.03303813475,  -0.0006868625058,     0.08148563249,                 0,       74.69170054
          0,           0,         133,      -5.924661069,       -6.62219871,      -6.408443367,      -5.375208578,             0.448,    0.001090610479,     0.08148414691,                 0,                 0,                 0,    -0.03304610191,  -0.0006872163532,     0.08148854743,                 0,       74.71425265
          0,           0,         134,      -5.939052261,      -6.632959298,      -6.422367793,      -5.389636598,             0.448,    0.001090351023,     0.08148505649,                 0,                 0,                 0,    -0.03305410277,  -0.0006874955904,     0.08148945113,                 0,       74.73286563
          0,           0,         135,      -5.953050161,      -6.643988399,       -6.43625097,       -5.40364882,             0.448,    0.001090105904,     0.08148410705,                 0,                 0,                 0,    -0.03306204177,  -0.0006877199392,     0.08148849657,                 0,       74.74879895
          0,           0,         136,      -5.966665531,      -6.655244836,       -6.45029306,      -5.417251714,             0.448,    0.001089874894,     0.08148149781,                 0,                 0,                 0,    -0.03306984769,  -0.0006878939738,     0.08148588292,                 0,       74.76224863
          0,           0,         137,       -5.97989446,      -6.666764951,      -6.464718661,      -5.430443288,             0.448,     0.00108965968,     0.08147744019,                 0,                 0,                 0,    -0.03307744813,  -0.0006880206199,     0.08148182156,                 0,       74.77329085
          0,           0,         138,      -5.992756206,      -6.678664016,      -6.479178433,      -5.443243464,             0.448,    0.001089442912,     0.08147216232,                 0,                 0,                 0,    -0.03308475035,  -0.0006881222002,     0.08147654023,                 0,       74.78332403
          0,           0,         139,      -6.005309622,      -6.690913748,      -6.493680872,      -5.455711833,             0.448,    0.001089212189,     0.08146593617,                 0,                 0,                 0,    -0.03309166279,  -0.0006882170456,     0.08147031053,                 0,       74.79344886
          0,           0,         140,      -6.017609085,      -6.703553311,      -6.508009332,      -5.467898741,             0.448,    0.001088968149,     0.08145885952,                 0,                 0,                 0,    -0.03309816402,  -0.0006883066515,     0.08146323023,                 0,       74.80371175
          0,           0,         141,      -6.029739985,      -6.716596356,      -6.522528982,      -5.479890515,             0.448,    0.001088709452,     0.08145108648,                 0,                 0,                 0,    -0.03310421954,  -0.0006883957191,      0.0814554534,                 0,       74.81434679
          0,           0,         142,      -6.041769636,      -6.730218875,      -6.537281003,      -5.491760909,             0.448,    0.001088428331,     0.08144287384,                 0,                 0,                 0,    -0.03310977623,  -0.0006884976152,     0.08144723658,                 0,       74.82612454
          0,           0,         143,      -6.053740335,      -6.744547782,      -6.552076256,       -5.50355538,             0.448,    0.001088111737,     0.08143437566,                 0,                 0,                 0,     -0.0331148166,  -0.0006886287469,     0.08143873352,                 0,       74.84008571
          0,           0,         144,      -6.065704646,      -6.759558227,      -6.566830865,      -5.515328703,             0.448,    0.001087747486,     0.08142573761,                 0,                 0,                 0,    -0.03311932722,  -0.0006888044734,     0.08143008958,                 0,       74.85720599
          0,           0,         145,      -6.077748587,      -6.775234377,      -6.581650711,      -5.527175589,             0.448,    0.001087350753,     0.08141705255,                 0,                 0,                 0,    -0.03312332108,  -0.0006890116483,     0.08142139793,                 0,       74.87653117
          0,           0,         146,      -6.089915349,      -6.791623342,      -6.596419213,      -5.539146325,             0.448,    0.001086929995,     0.08140842835,                 0,                 0,                 0,     -0.0331267902,  -0.0006892441703,      0.0814127666,                 0,       74.89758194
          0,           0,         147,      -6.102257782,      -6.808808541,      -6.611104094,       -5.55129906,             0.448,      0.0010864857,     0.08140002447,                 0,                 0,                 0,      -0.033129719,    -0.00068950503,     0.08140435503,                 0,       74.92047478
          0,           0,         148,      -6.114810519,      -6.826756624,      -6.625592849,      -5.563669635,             0.448,    0.001086023296,     0.08139185516,                 0,                 0,                 0,    -0.03313215658,  -0.0006897891113,     0.08139617758,                 0,       74.94485198
          0,           0,         149,      -6.127581657,      -6.845424137,      -6.640036537,      -5.576267638,             0.448,    0.001085552917,     0.08138399935,                 0,                 0,                 0,    -0.03313412485,  -0.0006900880044,     0.08138831337,                 0,       74.97008949
          0,           0,         150,      -6.140614575,      -6.864751316,       -6.65433598,      -5.589144314,             0.448,     0.00108508031,     0.08137657288,                 0,                 0,                 0,     -0.0331356293,  -0.0006903984917,     0.08138087836,                 0,       74.99589859
          0,           0,         151,      -6.153912883,      -6.884644532,      -6.668458487,      -5.602308522,             0.448,    0.001084613198,     0.08136952464,                 0,                 0,                 0,    -0.03313672835,  -0.0006907117362,     0.08137382161,                 0,        75.0216988
          0,           0,         152,      -6.167477831,      -6.904875706,      -6.682234558,      -5.615765797,             0.448,    0.001084168372,     0.08136287266,                 0,                 0,                 0,    -0.03313745256,  -0.0006910113438,     0.08136716151,                 0,       75.04634405
          0,           0,         153,      -6.181302354,      -6.925245161,      -6.695498791,       -5.62951085,             0.448,    0.001083757156,     0.08135662846,                 0,                 0,                 0,     -0.0331378354,  -0.0006912862454,     0.08136090982,                 0,       75.06905768
          0,           0,         154,      -6.195349539,      -6.945512892,      -6.708264194,      -5.643505546,             0.448,    0.001083378107,     0.08135089971,                 0,                 0,                 0,    -0.03313790642,  -0.0006915402319,     0.08135517417,                 0,       75.09003473
          0,           0,         155,      -6.209614852,       -6.96563785,      -6.720707175,      -5.657744823,             0.448,    0.001083031717,     0.08134566832,                 0,                 0,                 0,    -0.03313770478,  -0.0006917724179,     0.08134993646,                 0,       75.10922077
          0,           0,         156,      -6.224079455,      -6.985279353,      -6.733040414,       -5.67221498,             0.448,    0.001082724996,     0.08134090373,                 0,                 0,                 0,     -0.0331372542,  -0.0006919751271,     0.08134516632,                 0,       75.12609763
          0,           0,         157,      -6.238656901,      -7.003851691,      -6.745129024,       -5.68683215,             0.448,    0.001082463277,      0.0813366678,                 0,                 0,                 0,    -0.03313656249,  -0.0006921443776,     0.08134092569,                 0,       75.14034846
          0,           0,         158,      -6.253308689,      -7.021065703,      -6.756842894,      -5.701558858,             0.448,    0.001082249317,     0.08133291685,                 0,                 0,                 0,    -0.03313568831,  -0.0006922764593,     0.08133717096,                 0,       75.15173772
          0,           0,         159,      -6.267983832,      -7.036718117,      -6.768215439,      -5.716338057,             0.448,    0.001082084925,     0.08132960869,                 0,                 0,                 0,    -0.03313467436,  -0.0006923686451,        0.08133386,                 0,       75.16009769
          0,           0,         160,       -6.28260445,      -7.050621787,      -6.779543189,      -5.731086139,             0.448,    0.001081967195,     0.08132671261,                 0,                 0,                 0,    -0.03313354235,  -0.0006924231702,     0.08133096205,                 0,       75.16559931
          0,           0,         161,      -6.297132438,       -7.06272682,      -6.790965546,      -5.745765445,             0.448,    0.001081887966,     0.08132423207,                 0,                 0,                 0,    -0.03313231081,   -0.000692448267,     0.08132848037,                 0,       75.16881102
          0,           0,         162,      -6.311513086,      -7.073129126,      -6.802304504,      -5.760317594,             0.448,    0.001081848006,     0.08132213199,                 0,                 0,                 0,    -0.03313101247,  -0.0006924424043,     0.08132637991,                 0,        75.1696463
          0,           0,         163,      -6.325687791,      -7.081973924,      -6.813723798,       -5.77467795,             0.448,    0.001081849695,     0.08132039287,                 0,                 0,                 0,    -0.03312966817,  -0.0006924027778,     0.08132464124,                 0,       75.16792146
          0,           0,         164,      -6.339587786,      -7.089459591,      -6.825328562,      -5.788769293,             0.448,    0.001081885772,     0.08131902159,                 0,                 0,                 0,    -0.03312828879,  -0.0006923367948,     0.08132327108,                 0,       75.16414737
          0,           0,         165,        -6.3531889,      -7.095925924,      -6.837378507,      -5.802570355,             0.448,    0.001081943692,     0.08131796604,                 0,                 0,                 0,     -0.0331268923,  -0.0006922558621,     0.08132221704,                 0,       75.15914799
          0,           0,         166,        -6.3664806,      -7.101804825,      -6.849688638,      -5.816066381,             0.448,    0.001082014367,     0.08131718946,                 0,                 0,                 0,    -0.03312549159,  -0.0006921682625,     0.08132144219,                 0,         75.153521
          0,           0,         167,        -6.3794696,      -7.107445488,      -6.862172033,      -5.829256337,             0.448,    0.001082095267,     0.08131672366,                 0,                 0,                 0,    -0.03312407868,  -0.0006920772205,     0.08132097827,                 0,       75.14747189
          0,           0,         168,      -6.392188166,      -7.113131461,      -6.874804173,      -5.842167934,             0.448,    0.001082180495,     0.08131655776,                 0,                 0,                 0,    -0.03312266065,  -0.0006919883935,     0.08132081427,                 0,       75.14140028
          0,           0,         169,      -6.404651852,        -7.1190918,      -6.887626682,      -5.854809943,             0.448,     0.00108226884,      0.0813166725,                 0,                 0,                 0,    -0.03312124818,  -0.0006919025726,     0.08132093091,                 0,       75.13537255
          0,           0,         170,      -6.416881398,      -7.125577049,      -6.900723592,      -5.867199071,             0.448,    0.001082358744,     0.08131704164,                 0,                 0,                 0,    -0.03311985426,  -0.0006918207426,     0.08132130192,                 0,       75.12947262
          0,           0,         171,      -6.428904474,      -7.132791749,       -6.91399347,      -5.879362138,             0.448,    0.001082445596,     0.08131762136,                 0,                 0,                 0,    -0.03311849465,  -0.0006917465584,     0.08132188339,                 0,       75.12398008
          0,           0,         172,      -6.440770477,      -7.140804137,       -6.92731014,      -5.891345718,             0.448,    0.001082526126,     0.08131839107,                 0,                 0,                 0,     -0.0331171728,  -0.0006916828384,     0.08132265468,                 0,       75.11910255
          0,           0,         173,      -6.452542026,      -7.149723236,      -6.940835815,      -5.903209595,             0.448,    0.001082598165,     0.08131933203,                 0,                 0,                 0,    -0.03311588902,   -0.000691631343,     0.08132359699,                 0,       75.11497306
          0,           0,         174,      -6.464269367,      -7.159698617,      -6.954646119,      -5.915002749,             0.448,    0.001082659313,     0.08132043169,                 0,                 0,                 0,    -0.03311464611,  -0.0006915941989,     0.08132469772,                 0,       75.11174634
          0,           0,         175,      -6.475989102,       -7.17080672,      -6.968706423,      -5.926762656,             0.448,    0.001082707624,     0.08132164984,                 0,                 0,                 0,    -0.03311345684,   -0.000691572473,     0.08132591663,                 0,        75.1095199
          0,           0,         176,      -6.487723741,      -7.183065527,      -6.982996396,      -5.938511131,             0.448,    0.001082742813,     0.08132297105,                 0,                 0,                 0,    -0.03311232965,  -0.0006915661146,     0.08132723829,                 0,       75.10829911
          0,           0,         177,      -6.499518492,       -7.19654194,      -6.997346073,      -5.950296618,             0.448,    0.001082766858,     0.08132436511,                 0,                 0,                 0,    -0.03311127774,  -0.0006915724868,     0.08132863254,                 0,       75.10791869
          0,           0,         178,       -6.51141042,      -7.211191669,      -7.011811394,      -5.962157666,             0.448,    0.001082779198,     0.08132581096,                 0,                 0,                 0,    -0.03311030566,  -0.0006915916909,     0.08133007832,                 0,       75.10839803
          0,           0,         179,      -6.523396009,      -7.226788014,      -7.026054199,      -5.974086152,             0.448,    0.001082781468,     0.08132730599,                 0,                 0,                 0,    -0.03310940717,  -0.0006916220346,     0.08133157304,                 0,       75.10962125
          0,           0,         180,      -6.535536229,      -7.243310601,       -7.04038076,      -5.986146212,             0.448,     0.00108277541,     0.08132882079,                 0,                 0,                 0,    -0.03310858686,  -0.0006916611367,     0.08133308736,                 0,        75.1114405
          0,           0,         181,      -6.547878295,      -7.260766587,      -7.054831354,      -5.998392144,             0.448,    0.001082758339,     0.08133030341,                 0,                 0,                 0,    -0.03310785592,  -0.0006917105472,     0.08133456925,                 0,       75.11399405
          0,           0,         182,      -6.560406879,       -7.27923915,      -7.069278109,      -6.010808171,             0.448,    0.001082730629,     0.08133172525,                 0,                 0,                 0,    -0.03310721987,  -0.0006917692679,     0.08133599015,                 0,       75.11722962
          0,           0,         183,      -6.573114666,       -7.29865201,      -7.083500687,      -6.023392349,             0.448,    0.001082695267,     0.08133307594,                 0,                 0,                 0,    -0.03310667773,  -0.0006918340859,     0.08133733974,                 0,        75.1209305
          0,           0,         184,      -6.586006657,      -7.318774886,      -7.097307481,       -6.03615522,             0.448,    0.001082653331,     0.08133435007,                 0,                 0,                 0,    -0.03310622941,  -0.0006919038076,     0.08133861265,                 0,       75.12501718
          0,           0,         185,      -6.599061519,      -7.339372207,      -7.110750476,      -6.049072872,             0.448,    0.001082607672,      0.0813355067,                 0,                 0,                 0,    -0.03310588268,  -0.0006919746873,     0.08133976801,                 0,       75.12925394
          0,           0,         186,      -6.612273757,      -7.360163603,      -7.124001266,      -6.062141523,             0.448,    0.001082558459,     0.08133653542,                 0,                 0,                 0,    -0.03310563613,  -0.0006920463298,     0.08134079542,                 0,       75.13361956
          0,           0,         187,      -6.625615931,      -7.380907942,      -7.137180361,      -6.075336896,             0.448,     0.00108250712,     0.08133740991,                 0,                 0,                 0,    -0.03310549328,  -0.0006921167337,     0.08134166858,                 0,       75.13799071
          0,           0,         188,      -6.639033189,      -7.401442645,      -7.150093898,       -6.08860894,             0.448,      0.0010824527,     0.08133812993,                 0,                 0,                 0,    -0.03310544702,  -0.0006921868483,     0.08134238724,                 0,       75.14243345
          0,           0,         189,      -6.652490209,      -7.421486409,      -7.162531061,      -6.101924481,             0.448,     0.00108239498,     0.08133866751,                 0,                 0,                 0,    -0.03310549848,  -0.0006922562816,     0.08134292343,                 0,       75.14693715
          0,           0,         190,      -6.665977578,      -7.440671557,       -7.17457937,      -6.115276201,             0.448,    0.001082334379,     0.08133900361,                 0,                 0,                 0,    -0.03310564648,  -0.0006923242002,     0.08134325813,                 0,       75.15145524
          0,           0,         191,      -6.679478756,      -7.458655122,      -7.186419401,      -6.128648411,             0.448,    0.001082271798,      0.0813391555,                 0,                 0,                 0,    -0.03310587911,  -0.0006923900791,     0.08134340861,                 0,       75.15594108
          0,           0,         192,      -6.692972147,      -7.475189631,      -7.198162807,      -6.142021671,             0.448,    0.001082207699,      0.0813391253,                 0,                 0,                 0,    -0.03310619067,  -0.0006924535043,     0.08134337703,                 0,       75.16036466
          0,           0,         193,      -6.706441003,      -7.490127816,      -7.209824794,      -6.155380592,             0.448,    0.001082141757,     0.08133889436,                 0,                 0,                 0,     -0.0331065802,  -0.0006925143933,     0.08134314471,                 0,       75.16473131
          0,           0,         194,      -6.719873261,      -7.503410866,      -7.221397943,      -6.168714685,             0.448,     0.00108207481,     0.08133845824,                 0,                 0,                 0,    -0.03310704136,  -0.0006925718103,     0.08134270723,                 0,       75.16897863
          0,           0,         195,      -6.733245844,      -7.515083363,      -7.232895292,      -6.182002223,             0.448,    0.001082007597,     0.08133781582,                 0,                 0,                 0,     -0.0331075695,  -0.0006926249923,      0.0813420635,                 0,       75.17305426
          0,           0,         196,      -6.746533396,      -7.525295178,      -7.244360549,      -6.195219453,             0.448,     0.00108194009,     0.08133696464,                 0,                 0,                 0,    -0.03310816348,  -0.0006926739148,     0.08134121104,                 0,       75.17695792
          0,           0,         197,      -6.759728675,      -7.534242311,      -7.255818878,      -6.208361107,             0.448,    0.001081872815,     0.08133590973,                 0,                 0,                 0,    -0.03310881421,  -0.0006927181615,     0.08134015492,                 0,       75.18065766
          0,           0,         198,      -6.772860938,      -7.542134376,      -7.267155003,      -6.221455713,             0.448,    0.001081805092,     0.08133465144,                 0,                 0,                 0,    -0.03310951133,  -0.0006927584188,     0.08133889545,                 0,       75.18420096
          0,           0,         199,       -6.78593259,      -7.549209311,      -7.278682675,      -6.234497756,             0.448,     0.00108173669,     0.08133321644,                 0,                 0,                 0,    -0.03311024396,     -0.0006927955,      0.0813374593,                 0,       75.18762854
          0,           0,         200,      -6.798961188,       -7.55582935,      -7.290554843,      -6.247507003,             0.448,    0.001081668406,     0.08133161237,                 0,                 0,                 0,    -0.03311100601,  -0.0006928287754,     0.08133585412,                 0,       75.19089207
          0,           0,         201,      -6.811971503,      -7.562366033,      -7.302778224,      -6.260509885,             0.448,    0.001081600665,      0.0813298431,                 0,                 0,                 0,     -0.0331117909,  -0.0006928579036,      0.0813340838,                 0,        75.1939655
          0,           0,         202,      -6.824983736,      -7.569035676,      -7.315332649,      -6.273526899,             0.448,    0.001081533921,      0.0813279228,                 0,                 0,                 0,    -0.03311259107,  -0.0006928827408,     0.08133216249,                 0,       75.19683038
          0,           0,         203,      -6.838024294,       -7.57605026,      -7.328232523,      -6.286583712,             0.448,    0.001081468791,     0.08132586369,                 0,                 0,                 0,    -0.03311339976,   -0.000692902936,     0.08133010245,                 0,         75.199455
          0,           0,         204,      -6.851128258,      -7.583597097,      -7.341567106,      -6.299713246,             0.448,    0.001081405917,     0.08132367923,                 0,                 0,                 0,    -0.03311421022,  -0.0006929181416,     0.08132791714,                 0,       75.20180718
          0,           0,         205,      -6.864340666,      -7.591872126,      -7.355269773,      -6.312959685,             0.448,    0.001081345529,     0.08132139211,                 0,                 0,                 0,    -0.03311501354,  -0.0006929286215,     0.08132562925,                 0,       75.20389174
          0,           0,         206,      -6.877652719,      -7.601058405,       -7.36943924,      -6.326308047,             0.448,    0.001081286995,     0.08131901937,                 0,                 0,                 0,    -0.03311580247,  -0.0006929353812,      0.0813232558,                 0,       75.20576848
          0,           0,         207,      -6.891076184,      -7.611265494,      -7.383957515,       -6.33977203,             0.448,    0.001081230683,     0.08131657031,                 0,                 0,                 0,    -0.03311657276,  -0.0006929382533,     0.08132080609,                 0,       75.20742019
          0,           0,         208,      -6.904626521,      -7.622530011,      -7.398757903,      -6.353366811,             0.448,    0.001081177464,      0.0813140582,                 0,                 0,                 0,    -0.03311731944,  -0.0006929366582,     0.08131829342,                 0,       75.20879865
          0,           0,         209,      -6.918320961,       -7.63483445,       -7.41383604,      -6.367108153,             0.448,    0.001081127449,     0.08131150712,                 0,                 0,                 0,    -0.03311803643,  -0.0006929310099,     0.08131574186,                 0,        75.2099183
          0,           0,         210,      -6.932174314,      -7.648181364,      -7.429184918,      -6.381010406,             0.448,    0.001081080556,     0.08130893453,                 0,                 0,                 0,    -0.03311871943,  -0.0006929217714,     0.08131316886,                 0,         75.210801
          0,           0,         211,      -6.946192048,      -7.662581065,      -7.444760599,      -6.395078568,             0.448,    0.001081037096,     0.08130635648,                 0,                 0,                 0,    -0.03311936362,  -0.0006929089805,     0.08131059047,                 0,        75.2114398
          0,           0,         212,      -6.960366568,      -7.678000908,      -7.460495808,      -6.409303103,             0.448,    0.001080997699,     0.08130379677,                 0,                 0,                 0,    -0.03311996348,  -0.0006928925284,     0.08130803051,                 0,       75.21181296
          0,           0,         213,      -6.974700699,      -7.694393322,      -7.476369263,      -6.423688546,             0.448,    0.001080962832,     0.08130127238,                 0,                 0,                 0,    -0.03312051722,  -0.0006928723178,     0.08130550596,                 0,       75.21190365
          0,           0,         214,      -6.989188244,      -7.711697944,      -7.492335175,      -6.438229142,             0.448,    0.001080932484,     0.08129879278,                 0,                 0,                 0,    -0.03312102488,  -0.0006928485661,     0.08130302628,                 0,       75.21172131
          0,           0,         215,      -7.003804643,      -7.729810456,      -7.508318869,      -6.452900414,             0.448,    0.001080906963,     0.08129636575,                 0,                 0,                 0,    -0.03312148661,  -0.0006928211359,     0.08130059928,                 0,       75.21125177
          0,           0,         216,      -7.018529281,      -7.748533041,      -7.524229022,      -6.467682646,             0.448,    0.001080886307,     0.08129400629,                 0,                 0,                 0,    -0.03312190066,  -0.0006927903162,     0.08129823993,                 0,       75.21050622
          0,           0,         217,       -7.03333781,      -7.767662355,      -7.540004825,      -6.482551272,             0.448,    0.001080870255,     0.08129173023,                 0,                 0,                 0,    -0.03312226592,  -0.0006927567123,     0.08129596406,                 0,        75.2095174
          0,           0,         218,      -7.048188034,       -7.78701534,      -7.555576108,       -6.49746353,             0.448,    0.001080858532,     0.08128954728,                 0,                 0,                 0,    -0.03312258328,  -0.0006927208112,     0.08129378138,                 0,       75.20831344
          0,           0,         219,      -7.063039948,       -7.80640192,      -7.570865435,      -6.512380001,             0.448,    0.001080851331,     0.08128745787,                 0,                 0,                 0,     -0.0331228557,    -0.00069268243,      0.0812916923,                 0,       75.20688137
          0,           0,         220,      -7.077862344,      -7.825593613,       -7.58581702,      -6.527269388,             0.448,    0.001080848597,     0.08128546599,                 0,                 0,                 0,    -0.03312308553,  -0.0006926417114,     0.08128970083,                 0,       75.20522877
          0,           0,         221,      -7.092608332,      -7.844320748,      -7.600376307,      -6.542082968,             0.448,    0.001080849967,     0.08128358276,                 0,                 0,                 0,    -0.03312327308,  -0.0006925992596,     0.08128781809,                 0,        75.2033911
          0,           0,         222,       -7.10722687,      -7.862327658,      -7.614503405,      -6.556769217,             0.448,    0.001080855438,      0.0812818095,                 0,                 0,                 0,    -0.03312342125,   -0.000692555106,     0.08128604537,                 0,       75.20136981
          0,           0,         223,      -7.121687309,       -7.87935064,      -7.628159023,      -6.571297926,             0.448,    0.001080864956,     0.08128014439,                 0,                 0,                 0,    -0.03312353348,  -0.0006925092659,     0.08128438087,                 0,       75.19916704
          0,           0,         224,      -7.135949411,      -7.895192624,      -7.641323493,      -6.585626331,             0.448,    0.001080878151,     0.08127858683,                 0,                 0,                 0,    -0.03312361292,  -0.0006924620966,     0.08128282396,                 0,       75.19680806
          0,           0,         225,      -7.149978033,       -7.90975124,      -7.653996978,      -6.599718012,             0.448,    0.001080894693,     0.08127713035,                 0,                 0,                 0,    -0.03312366364,  -0.0006924137849,     0.08128136819,                 0,       75.19430973
          0,           0,         226,      -7.163746588,      -7.922996584,      -7.666211498,       -6.61354534,             0.448,    0.001080914488,     0.08127577659,                 0,                 0,                 0,    -0.03312368799,  -0.0006923644631,     0.08128001518,                 0,        75.1916803
          0,           0,         227,       -7.17723314,      -7.934987561,       -7.67801911,      -6.627085401,             0.448,    0.001080937241,     0.08127452604,                 0,                 0,                 0,    -0.03312368881,  -0.0006923144349,     0.08127876542,                 0,       75.18894065
          0,           0,         228,      -7.190412077,      -7.945841266,      -7.689457142,      -6.640311319,             0.448,     0.00108096263,      0.0812733744,                 0,                 0,                 0,    -0.03312366965,   -0.000692263929,     0.08127761462,                 0,       75.18610927
          0,           0,         229,      -7.203302181,      -7.955694571,      -7.700517312,      -6.653242312,             0.448,    0.001080990375,     0.08127231554,                 0,                 0,                 0,    -0.03312363374,  -0.0006922130916,     0.08127655661,                 0,       75.18319999
          0,           0,         230,      -7.215914703,      -7.964701894,      -7.711318119,      -6.665885385,             0.448,    0.001081019947,     0.08127134612,                 0,                 0,                 0,    -0.03312358407,  -0.0006921623789,     0.08127558806,                 0,       75.18024655
          0,           0,         231,      -7.228272594,      -7.973093923,      -7.721983063,      -6.678260929,             0.448,    0.001081051147,     0.08127046621,                 0,                 0,                 0,    -0.03312352198,  -0.0006921119906,     0.08127470904,                 0,        75.1772628
          0,           0,         232,      -7.240403936,      -7.981162887,      -7.732603439,      -6.690396196,             0.448,    0.001081083622,     0.08126967222,                 0,                 0,                 0,    -0.03312344954,   -0.000692062203,     0.08127391595,                 0,       75.17427013
          0,           0,         233,      -7.252340841,      -7.989166963,      -7.743244393,      -6.702323576,             0.448,    0.001081117035,     0.08126895897,                 0,                 0,                 0,    -0.03312336919,  -0.0006920132382,      0.0812732036,                 0,       75.17128703
          0,           0,         234,      -7.264123745,      -7.997321417,      -7.753967148,      -6.714083981,             0.448,    0.001081151114,     0.08126832203,                 0,                 0,                 0,      -0.033123283,  -0.0006919652731,     0.08127256756,                 0,       75.16832847
          0,           0,         235,      -7.275799827,      -8.005826375,      -7.764841653,      -6.725724867,             0.448,    0.001081185467,     0.08126775613,                 0,                 0,                 0,     -0.0331231932,  -0.0006919185833,     0.08127200254,                 0,        75.1654167
          0,           0,         236,      -7.287419014,      -8.014868929,      -7.775938486,      -6.737296529,             0.448,    0.001081219748,     0.08126725601,                 0,                 0,                 0,    -0.03312310165,  -0.0006918734002,     0.08127150329,                 0,       75.16257096
          0,           0,         237,      -7.299030938,      -8.024617837,      -7.787313691,      -6.748849533,             0.448,    0.001081253753,     0.08126681689,                 0,                 0,                 0,     -0.0331230096,  -0.0006918298238,     0.08127106502,                 0,       75.15980099
          0,           0,         238,      -7.310686781,      -8.035210737,      -7.798997374,      -6.760436301,             0.448,     0.00108128725,     0.08126643473,                 0,                 0,                 0,    -0.03312291821,  -0.0006917879977,     0.08127068368,                 0,       75.15711918
          0,           0,         239,      -7.322434584,      -8.046740361,      -7.811026356,       -6.77210644,             0.448,    0.001081319885,     0.08126610436,                 0,                 0,                 0,    -0.03312282896,  -0.0006917481639,     0.08127035409,                 0,       75.15454539
          0,           0,         240,      -7.334318815,      -8.059276116,      -7.823435187,      -6.783906237,             0.448,    0.001081351333,     0.08126582022,                 0,                 0,                 0,    -0.03312274318,  -0.0006917105246,     0.08127007071,                 0,       75.15209695
          0,           0,         241,      -7.346377955,      -8.072861358,      -7.836248325,      -6.795875502,             0.448,    0.001081381471,     0.08126557836,                 0,                 0,                 0,    -0.03312266147,  -0.0006916751175,     0.08126982957,                 0,        75.1497788
          0,           0,         242,      -7.358645858,       -8.08752086,       -7.84946887,      -6.808049868,             0.448,    0.001081410141,     0.08126537445,                 0,                 0,                 0,    -0.03312258447,  -0.0006916420059,     0.08126962633,                 0,       75.14759789
          0,           0,         243,      -7.371150274,      -8.103253459,      -7.863088747,      -6.820459005,             0.448,     0.00108143714,     0.08126520407,                 0,                 0,                 0,    -0.03312251291,  -0.0006916112971,     0.08126945658,                 0,       75.14556425
          0,           0,         244,      -7.383913076,       -8.12002778,      -7.877092156,      -6.833126577,             0.448,     0.00108146231,     0.08126506298,                 0,                 0,                 0,    -0.03312244727,  -0.0006915830553,     0.08126931608,                 0,       75.14368485
          0,           0,         245,      -7.396949732,      -8.137788143,      -7.891455755,      -6.846069744,             0.448,    0.001081485537,     0.08126494708,                 0,                 0,                 0,    -0.03312238794,  -0.0006915573046,      0.0812692007,                 0,       75.14196377
          0,           0,         246,      -7.410268528,      -8.156449584,      -7.906149401,      -6.859298412,             0.448,    0.001081506717,     0.08126485251,                 0,                 0,                 0,    -0.03312233521,  -0.0006915340672,     0.08126910662,                 0,        75.1404048
          0,           0,         247,      -7.423871917,      -8.175898662,      -7.921134408,      -6.872816672,             0.448,    0.001081525809,     0.08126477593,                 0,                 0,                 0,     -0.0331222891,  -0.0006915133095,     0.08126903047,                 0,       75.13900758
          0,           0,         248,      -7.437756133,      -8.195987881,      -7.936366445,      -6.886622335,             0.448,    0.001081542729,      0.0812647136,                 0,                 0,                 0,    -0.03312224982,  -0.0006914950339,     0.08126896853,                 0,       75.13777445
          0,           0,         249,      -7.451911047,      -8.216532908,      -7.951799763,      -6.900706625,             0.448,    0.001081557449,     0.08126466233,                 0,                 0,                 0,    -0.03312221732,  -0.0006914791982,     0.08126891759,                 0,       75.13670438
          0,           0,         250,      -7.466320888,      -8.237316793,       -7.96738926,      -6.915054916,             0.448,    0.001081570021,     0.08126461968,                 0,                 0,                 0,    -0.03312219129,  -0.0006914656992,     0.08126887523,                 0,       75.13579159
          0,           0,         251,      -7.480965063,      -8.258097425,      -7.983086055,       -6.92964759,             0.448,     0.00108158047,     0.08126458321,                 0,                 0,                 0,    -0.03312217146,   -0.000691454457,       0.081268839,                 0,       75.13503199
          0,           0,         252,      -7.495817323,      -8.278603085,      -7.998838295,      -6.944459133,             0.448,    0.001081588894,     0.08126455115,                 0,                 0,                 0,    -0.03312215735,  -0.0006914453359,     0.08126880712,                 0,       75.13441718
          0,           0,         253,      -7.510847244,      -8.298549508,       -8.01459218,      -6.959459693,             0.448,    0.001081595392,     0.08126452189,                 0,                 0,                 0,    -0.03312214844,  -0.0006914382007,     0.08126877801,                 0,        75.1339387
          0,           0,         254,      -7.526021391,      -8.317652394,      -8.030296685,      -6.974616174,             0.448,    0.001081600064,     0.08126449401,                 0,                 0,                 0,    -0.03312214423,  -0.0006914329223,     0.08126875024,                 0,       75.13358842
          0,           0,         255,       -7.54130412,      -8.335653289,      -8.045907761,      -6.989892976,             0.448,    0.001081603022,      0.0812644664,                 0,                 0,                 0,    -0.03312214416,  -0.0006914293624,      0.0812687227,                 0,        75.1333574
          0,           0,         256,      -7.556658257,        -8.3523448,      -8.061389799,      -7.005252655,             0.448,    0.001081604391,     0.08126443817,                 0,                 0,                 0,    -0.03312214764,  -0.0006914273776,     0.08126869451,                 0,       75.13323618
          0,           0,         257,      -7.572045885,      -8.367587376,      -8.076714964,      -7.020656725,             0.448,    0.001081604304,     0.08126440868,                 0,                 0,                 0,    -0.03312215406,  -0.0006914268208,     0.08126866503,                 0,       75.13321493
          0,           0,         258,      -7.587429733,      -8.381323726,      -8.091861937,      -7.036067099,             0.448,    0.001081602901,     0.08126437753,                 0,                 0,                 0,    -0.03312216279,  -0.0006914275441,     0.08126863386,                 0,        75.1332836
          0,           0,         259,      -7.602774216,      -8.393576938,      -8.106817568,      -7.051447067,             0.448,    0.001081600317,      0.0812643445,                 0,                 0,                 0,    -0.03312217322,  -0.0006914294071,     0.08126860078,                 0,       75.13343257
          0,           0,         260,      -7.618046672,      -8.404455252,      -8.121577883,      -7.066762559,             0.448,    0.001081596684,     0.08126430956,                 0,                 0,                 0,    -0.03312218474,  -0.0006914322776,     0.08126856576,                 0,       75.13365268
          0,           0,         261,      -7.633218509,      -8.414143235,      -8.136147138,        -7.0819834,             0.448,    0.001081592131,     0.08126427295,                 0,                 0,                 0,    -0.03312219671,  -0.0006914360309,     0.08126852907,                 0,        75.1339351
          0,           0,         262,      -7.648265722,      -8.422878678,      -8.150537576,      -7.097083845,             0.448,    0.001081586805,     0.08126423494,                 0,                 0,                 0,    -0.03312220857,  -0.0006914405263,     0.08126849094,                 0,       75.13426993
          0,           0,         263,      -7.663170122,      -8.430929917,      -8.164768708,      -7.112043872,             0.448,    0.001081580844,     0.08126419595,                 0,                 0,                 0,    -0.03312221978,  -0.0006914456354,     0.08126845184,                 0,       75.13464798
          0,           0,         264,      -7.677919514,      -8.438576421,      -8.178865892,      -7.126849411,             0.448,    0.001081574376,     0.08126415657,                 0,                 0,                 0,    -0.03312222979,   -0.000691451242,     0.08126841232,                 0,       75.13506083
          0,           0,         265,      -7.692507817,      -8.446092395,      -8.192858581,      -7.141492571,             0.448,    0.001081567528,     0.08126411742,                 0,                 0,                 0,    -0.03312223813,  -0.0006914572348,     0.08126837304,                 0,       75.13550039
          0,           0,         266,       -7.70693537,      -8.453734181,      -8.206778212,       -7.15597204,             0.448,    0.001081560404,     0.08126407919,                 0,                 0,                 0,    -0.03312224439,  -0.0006914635225,     0.08126833465,                 0,       75.13595991
          0,           0,         267,      -7.721208653,       -8.46173146,      -8.220656884,      -7.170292851,             0.448,     0.00108155309,     0.08126404245,                 0,                 0,                 0,    -0.03312224823,  -0.0006914700338,     0.08126829777,                 0,       75.13643408
          0,           0,         268,      -7.735339409,      -8.470283129,      -8.234526409,      -7.184465478,             0.448,    0.001081545707,     0.08126400824,                 0,                 0,                 0,    -0.03312224923,  -0.0006914766693,      0.0812682634,                 0,       75.13691539
          0,           0,         269,      -7.749343882,      -8.479557858,      -8.248414373,      -7.198505203,             0.448,    0.001081538354,     0.08126397749,                 0,                 0,                 0,    -0.03312224706,  -0.0006914833489,     0.08126823249,                 0,       75.13739773
          0,           0,         270,      -7.763241331,      -8.489690773,      -8.262342208,       -7.21243073,             0.448,    0.001081531116,     0.08126395098,                 0,                 0,                 0,    -0.03312224148,  -0.0006914900067,     0.08126820583,                 0,       75.13787606
          0,           0,         271,      -7.777053722,      -8.500784935,      -8.276326892,      -7.226263798,             0.448,    0.001081524074,     0.08126392959,                 0,                 0,                 0,    -0.03312223227,  -0.0006914965807,      0.0812681843,                 0,       75.13834553
          0,           0,         272,      -7.790805085,       -8.51291764,      -8.290382333,      -7.240028481,             0.448,    0.001081517292,     0.08126391421,                 0,                 0,                 0,     -0.0331222193,  -0.0006915030261,     0.08126816877,                 0,       75.13880253
          0,           0,         273,      -7.804519455,      -8.526142186,        -8.3045179,      -7.253749145,             0.448,    0.001081510821,     0.08126390553,                 0,                 0,                 0,    -0.03312220251,  -0.0006915093062,     0.08126815996,                 0,       75.13924407
          0,           0,         274,      -7.818219644,      -8.540485842,      -8.318734169,      -7.267449266,             0.448,    0.001081504712,     0.08126390426,                 0,                 0,                 0,    -0.03312218187,  -0.0006915153861,     0.08126815856,                 0,       75.13966734
          0,           0,         275,      -7.831926578,      -8.555951495,      -8.333022059,       -7.28115069,             0.448,    0.001081499004,       0.081263911,                 0,                 0,                 0,    -0.03312215741,  -0.0006915212392,     0.08126816516,                 0,       75.14007011
          0,           0,         276,      -7.845658415,      -8.572519003,      -8.347364746,      -7.294872644,             0.448,    0.001081493725,     0.08126392621,                 0,                 0,                 0,    -0.03312212923,  -0.0006915268484,     0.08126818025,                 0,       75.14045093
          0,           0,         277,      -7.859431244,       -8.59014376,      -8.361739546,       -7.30863262,             0.448,    0.001081488913,     0.08126395046,                 0,                 0,                 0,    -0.03312209742,  -0.0006915321884,      0.0812682044,                 0,       75.14080769
          0,           0,         278,      -7.873256845,       -8.60875939,      -8.376122473,      -7.322443761,             0.448,    0.001081484586,     0.08126398411,                 0,                 0,                 0,    -0.03312206213,  -0.0006915372492,     0.08126823794,                 0,       75.14113949
          0,           0,         279,      -7.887142898,      -8.628275016,      -8.390485084,      -7.336315134,             0.448,    0.001081480741,     0.08126402724,                 0,                 0,                 0,    -0.03312202362,  -0.0006915420335,     0.08126828098,                 0,       75.14144648
          0,           0,         280,      -7.901090979,      -8.648567436,      -8.404794087,      -7.350249619,             0.448,    0.001081477386,     0.08126407996,                 0,                 0,                 0,    -0.03312198214,  -0.0006915465379,     0.08126833362,                 0,       75.14172834
          0,           0,         281,      -7.915099859,      -8.669477002,      -8.419013803,      -7.364247543,             0.448,    0.001081474526,     0.08126414235,                 0,                 0,                 0,    -0.03312193795,  -0.0006915507587,     0.08126839593,                 0,       75.14198477
          0,           0,         282,      -7.929164289,      -8.690816965,      -8.433111602,      -7.378304947,             0.448,    0.001081472154,     0.08126421433,                 0,                 0,                 0,    -0.03312189135,  -0.0006915547004,     0.08126846784,                 0,       75.14221615
          0,           0,         283,      -7.943275017,      -8.712372789,      -8.447057547,      -7.392413648,             0.448,    0.001081470259,     0.08126429571,                 0,                 0,                 0,    -0.03312184266,  -0.0006915583696,     0.08126854916,                 0,       75.14242302
          0,           0,         284,      -7.957419113,      -8.733900689,      -8.460824644,      -7.406561669,             0.448,     0.00108146883,     0.08126438623,                 0,                 0,                 0,    -0.03312179222,  -0.0006915617735,     0.08126863963,                 0,       75.14260604
          0,           0,         285,      -7.971580923,      -8.755133178,      -8.474390734,       -7.42073412,             0.448,    0.001081467847,     0.08126448554,                 0,                 0,                 0,    -0.03312174038,  -0.0006915649222,     0.08126873889,                 0,       75.14276614
          0,           0,         286,       -7.98574275,      -8.775790983,      -8.487740998,      -7.434913771,             0.448,     0.00108146729,     0.08126459321,                 0,                 0,                 0,     -0.0331216875,  -0.0006915678279,     0.08126884652,                 0,       75.14290441
          0,           0,         287,      -7.999885524,      -8.795599044,      -8.500869743,      -7.449081703,             0.448,    0.001081467134,     0.08126470874,                 0,                 0,                 0,    -0.03312163395,  -0.0006915705041,     0.08126896202,                 0,       75.14302207
          0,           0,         288,      -8.013989608,      -8.814305492,      -8.513780982,      -7.463218136,             0.448,    0.001081467353,     0.08126483158,                 0,                 0,                 0,    -0.03312158007,  -0.0006915729651,     0.08126908483,                 0,       75.14312046
          0,           0,         289,      -8.028035697,      -8.831701932,       -8.52648822,      -7.477303314,             0.448,    0.001081467917,     0.08126496109,                 0,                 0,                 0,    -0.03312152625,  -0.0006915752266,     0.08126921433,                 0,       75.14320102
          0,           0,         290,      -8.042005706,      -8.847642554,      -8.539013995,       -7.49131839,             0.448,    0.001081468795,      0.0812650966,                 0,                 0,                 0,    -0.03312147284,  -0.0006915773046,     0.08126934983,                 0,        75.1432653
          0,           0,         291,      -8.055883593,      -8.862058769,      -8.551389347,      -7.505246278,             0.448,    0.001081469956,     0.08126523741,                 0,                 0,                 0,    -0.03312142019,  -0.0006915792159,     0.08126949062,                 0,       75.14331485
          0,           0,         292,      -8.069656089,      -8.874966168,      -8.563652977,      -7.519072429,             0.448,    0.001081471365,     0.08126538273,                 0,                 0,                 0,    -0.03312136865,  -0.0006915809772,     0.08126963594,                 0,       75.14335131
          0,           0,         293,      -8.083313322,      -8.886462096,      -8.575849946,      -7.532785493,             0.448,    0.001081472989,     0.08126553177,                 0,                 0,                 0,    -0.03312131855,  -0.0006915826054,     0.08126978498,                 0,       75.14337632
          0,           0,         294,      -8.096849278,      -8.896714518,      -8.588029975,      -7.546377846,             0.448,    0.001081474792,     0.08126568369,                 0,                 0,                 0,    -0.03312127019,  -0.0006915841171,      0.0812699369,                 0,       75.14339153
          0,           0,         295,      -8.110262103,      -8.905944586,      -8.600245536,      -7.559845955,             0.448,    0.001081476739,     0.08126583763,                 0,                 0,                 0,    -0.03312122388,  -0.0006915855286,     0.08127009085,                 0,       75.14339858
          0,           0,         296,      -8.123554201,      -8.914406264,      -8.612549901,      -7.573190545,             0.448,    0.001081478795,     0.08126599271,                 0,                 0,                 0,    -0.03312117989,  -0.0006915868559,     0.08127024594,                 0,        75.1433991
          0,           0,         297,      -8.136732114,      -8.922366246,      -8.624995273,      -7.586416545,             0.448,    0.001081480926,     0.08126614803,                 0,                 0,                 0,    -0.03312113847,  -0.0006915881138,     0.08127040127,                 0,       75.14339466
          0,           0,         298,      -8.149806219,      -8.930086657,      -8.637631026,      -7.599532839,             0.448,    0.001081483098,     0.08126630272,                 0,                 0,                 0,    -0.03312109983,  -0.0006915893163,     0.08127055597,                 0,       75.14338674
          0,           0,         299,       -8.16279024,      -8.937811912,      -8.650502137,      -7.612551835,             0.448,     0.00108148528,     0.08126645589,                 0,                 0,                 0,    -0.03312106417,  -0.0006915904764,     0.08127070915,                 0,       75.14337678
          0,           0,         300,       -8.17570063,      -8.945759991,       -8.66364782,      -7.625488885,             0.448,    0.001081487441,     0.08126660669,                 0,                 0,                 0,    -0.03312103163,  -0.0006915916058,     0.08127085996,                 0,       75.14336607
          0,           0,         301,      -8.188555844,      -8.954117572,      -8.677100399,      -7.638361596,             0.448,    0.001081489553,     0.08126675431,                 0,                 0,                 0,    -0.03312100234,  -0.0006915927149,     0.08127100759,                 0,       75.14335585
          0,           0,         302,      -8.201375557,      -8.963038138,      -8.690884394,      -7.651189065,             0.448,    0.001081491589,     0.08126689795,                 0,                 0,                 0,    -0.03312097638,  -0.0006915938129,     0.08127115125,                 0,        75.1433472
          0,           0,         303,      -8.214179857,      -8.972642079,      -8.705015815,      -7.663991093,             0.448,    0.001081493526,     0.08126703691,                 0,                 0,                 0,    -0.03312095382,  -0.0006915949076,     0.08127129021,                 0,        75.1433411
          0,           0,         304,      -8.226988457,      -8.983018017,      -8.719501642,      -7.676787403,             0.448,    0.001081495343,     0.08126717049,                 0,                 0,                 0,    -0.03312093467,  -0.0006915960052,      0.0812714238,                 0,       75.14333837
          0,           0,         305,      -8.239819965,      -8.994224719,      -8.734339453,      -7.689596903,             0.448,    0.001081497021,     0.08126729809,                 0,                 0,                 0,    -0.03312091892,  -0.0006915971107,     0.08127155141,                 0,       75.14333973
          0,           0,         306,      -8.252691224,      -9.006293165,      -8.749517206,      -7.702437013,             0.448,    0.001081498546,     0.08126741917,                 0,                 0,                 0,    -0.03312090654,  -0.0006915982276,     0.08127167249,                 0,       75.14334575
          0,           0,         307,      -8.265616743,      -9.019228451,      -8.765013159,      -7.715323088,             0.448,    0.001081499904,     0.08126753325,                 0,                 0,                 0,    -0.03312089745,  -0.0006915993581,     0.08127178657,                 0,       75.14335684
          0,           0,         308,      -8.278608242,       -9.03301145,       -8.78079594,      -7.728267927,             0.448,    0.001081501087,     0.08126763992,                 0,                 0,                 0,    -0.03312089155,   -0.000691600503,     0.08127189324,                 0,       75.14337332
          0,           0,         309,      -8.291674302,       -9.04760013,      -8.796824797,      -7.741281402,             0.448,    0.001081502086,     0.08126773884,                 0,                 0,                 0,    -0.03312088874,  -0.0006916016618,     0.08127199216,                 0,       75.14339535
          0,           0,         310,      -8.304820135,      -9.062930661,      -8.813050084,       -7.75437019,             0.448,    0.001081502899,     0.08126782976,                 0,                 0,                 0,    -0.03312088887,  -0.0006916028331,     0.08127208308,                 0,       75.14342298
          0,           0,         311,      -8.318047476,      -9.078918435,      -8.829414014,      -7.767537622,             0.448,    0.001081503523,     0.08126791247,                 0,                 0,                 0,    -0.03312089178,  -0.0006916040136,     0.08127216579,                 0,       75.14345611
          0,           0,         312,      -8.331354615,      -9.095459054,      -8.845851743,      -7.780783689,             0.448,    0.001081503959,     0.08126798687,                 0,                 0,                 0,    -0.03312089729,  -0.0006916052001,     0.08127224018,                 0,       75.14349456
          0,           0,         313,      -8.344736399,      -9.112430091,      -8.862292873,      -7.794104979,             0.448,    0.001081504211,     0.08126805291,                 0,                 0,                 0,    -0.03312090521,  -0.0006916063886,     0.08127230621,                 0,        75.1435381
          0,           0,         314,      -8.358184592,      -9.129693903,      -8.878663377,      -7.807495019,             0.448,    0.001081504285,     0.08126811062,                 0,                 0,                 0,    -0.03312091535,  -0.0006916075742,      0.0812723639,                 0,       75.14358637
          0,           0,         315,      -8.371688188,      -9.147100688,       -8.89488796,       -7.82094453,             0.448,    0.001081504186,     0.08126816007,                 0,                 0,                 0,    -0.03312092748,  -0.0006916087512,     0.08127241334,                 0,       75.14363892
          0,           0,         316,      -8.385233812,      -9.164492655,      -8.910892556,      -7.834441794,             0.448,    0.001081503926,     0.08126820141,                 0,                 0,                 0,    -0.03312094141,  -0.0006916099135,     0.08127245467,                 0,       75.14369524
          0,           0,         317,      -8.398806215,      -9.181709936,       -8.92660719,      -7.847973092,             0.448,    0.001081503514,     0.08126823485,                 0,                 0,                 0,    -0.03312095689,  -0.0006916110552,     0.08127248809,                 0,       75.14375481
          0,           0,         318,      -8.412388855,      -9.198597922,      -8.941969041,      -7.861523254,             0.448,    0.001081502961,     0.08126826064,                 0,                 0,                 0,    -0.03312097373,    -0.00069161217,     0.08127251386,                 0,       75.14381703
          0,           0,         319,      -8.425964539,      -9.215015631,       -8.95692536,      -7.875076255,             0.448,    0.001081502282,     0.08126827909,                 0,                 0,                 0,    -0.03312099169,  -0.0006916132516,     0.08127253228,                 0,       75.14388129
          0,           0,         320,      -8.439516132,      -9.230844448,      -8.971435995,      -7.888615901,             0.448,    0.001081501489,     0.08126829052,                 0,                 0,                 0,    -0.03312101057,   -0.000691614294,      0.0812725437,                 0,       75.14394697
          0,           0,         321,      -8.453027086,      -9.245995525,      -8.985475373,       -7.90212631,             0.448,    0.001081500596,     0.08126829532,                 0,                 0,                 0,    -0.03312103015,   -0.000691615291,     0.08127254848,                 0,       75.14401343
          0,           0,         322,      -8.466482128,       -9.26041596,      -8.999033611,      -7.915592581,             0.448,    0.001081499618,     0.08126829389,                 0,                 0,                 0,    -0.03312105023,  -0.0006916162374,     0.08127254703,                 0,       75.14408004
          0,           0,         323,      -8.479867903,      -9.274093005,      -9.012116813,       -7.92900143,             0.448,     0.00108149857,     0.08126828667,                 0,                 0,                 0,    -0.03312107063,  -0.0006916171281,     0.08127253978,                 0,       75.14414622
          0,           0,         324,      -8.493173441,       -9.28705426,      -9.024746433,      -7.942341646,             0.448,    0.001081497465,      0.0812682741,                 0,                 0,                 0,    -0.03312109116,  -0.0006916179587,     0.08127252719,                 0,       75.14421137
          0,           0,         325,      -8.506390558,      -9.299364748,      -9.036957777,      -7.955604492,             0.448,    0.001081496318,     0.08126825664,                 0,                 0,                 0,    -0.03312111164,  -0.0006916187247,     0.08127250972,                 0,       75.14427494
          0,           0,         326,      -8.519514145,      -9.311121488,      -9.048797854,       -7.96878402,             0.448,    0.001081495143,     0.08126823477,                 0,                 0,                 0,    -0.03312113193,  -0.0006916194224,     0.08127248782,                 0,       75.14433637
          0,           0,         327,      -8.532542323,      -9.322446266,       -9.06032277,      -7.981877242,             0.448,    0.001081493953,     0.08126820894,                 0,                 0,                 0,    -0.03312115186,  -0.0006916200486,     0.08127246198,                 0,       75.14439516
          0,           0,         328,      -8.545476457,      -9.333477353,      -9.071594887,      -7.994884189,             0.448,    0.001081492761,     0.08126817964,                 0,                 0,                 0,     -0.0331211713,  -0.0006916206005,     0.08127243266,                 0,       75.14445084
          0,           0,         329,      -8.558321045,      -9.344361196,      -9.082679936,      -8.007807839,             0.448,    0.001081491581,     0.08126814734,                 0,                 0,                 0,    -0.03312119013,  -0.0006916210759,     0.08127240033,                 0,       75.14450299
          0,           0,         330,      -8.571083458,      -9.355244822,      -9.093644257,      -8.020653914,             0.448,    0.001081490423,     0.08126811249,                 0,                 0,                 0,    -0.03312120823,  -0.0006916214732,     0.08127236547,                 0,       75.14455122
          0,           0,         331,      -8.583773569,      -9.366269308,       -9.10455228,      -8.033430558,             0.448,    0.001081489299,     0.08126807554,                 0,                 0,                 0,    -0.03312122552,  -0.0006916217913,     0.08127232851,                 0,       75.14459517
          0,           0,         332,      -8.596403269,      -9.377564656,      -9.115464371,      -8.046147912,             0.448,    0.001081488218,     0.08126803695,                 0,                 0,                 0,    -0.03312124189,  -0.0006916220297,      0.0812722899,                 0,       75.14463457
          0,           0,         333,      -8.608985924,       -9.38924617,      -9.126435099,      -8.058817621,             0.448,    0.001081487191,     0.08126799713,                 0,                 0,                 0,    -0.03312125728,  -0.0006916221885,     0.08127225007,                 0,       75.14466915
          0,           0,         334,      -8.621535769,      -9.401411961,      -9.137511925,       -8.07145228,             0.448,    0.001081486224,      0.0812679565,                 0,                 0,                 0,    -0.03312127162,  -0.0006916222684,     0.08127220943,                 0,       75.14469874
          0,           0,         335,      -8.634067297,      -9.414141341,       -9.14873428,      -8.084064864,             0.448,    0.001081485326,     0.08126791546,                 0,                 0,                 0,    -0.03312128487,  -0.0006916222707,     0.08127216837,                 0,       75.14472317
          0,           0,         336,      -8.646594636,      -9.427493794,      -9.160133008,      -8.096668142,             0.448,    0.001081484503,     0.08126787437,                 0,                 0,                 0,    -0.03312129699,  -0.0006916221972,     0.08127212727,                 0,       75.14474237
          0,           0,         337,      -8.659130976,      -9.441508338,      -9.171730111,      -8.109274129,             0.448,     0.00108148376,     0.08126783359,                 0,                 0,                 0,    -0.03312130794,  -0.0006916220505,     0.08127208649,                 0,       75.14475629
          0,           0,         338,      -8.671688029,      -9.456203116,      -9.183538776,      -8.121893575,             0.448,    0.001081483101,     0.08126779345,                 0,                 0,                 0,    -0.03312131772,  -0.0006916218334,     0.08127204634,                 0,       75.14476495
          0,           0,         339,      -8.684275581,       -9.47157497,      -9.195563615,      -8.134535516,             0.448,     0.00108148253,     0.08126775425,                 0,                 0,                 0,    -0.03312132633,  -0.0006916215496,     0.08127200714,                 0,       75.14476841
          0,           0,         340,      -8.696901114,      -9.487599086,      -9.207801129,      -8.147206913,             0.448,    0.001081482048,     0.08126771627,                 0,                 0,                 0,    -0.03312133376,  -0.0006916212029,     0.08127196916,                 0,       75.14476678
          0,           0,         341,      -8.709569536,      -9.504228586,      -9.220240346,      -8.159912377,             0.448,    0.001081481656,     0.08126767975,                 0,                 0,                 0,    -0.03312134004,  -0.0006916207977,     0.08127193264,                 0,       75.14476022
          0,           0,         342,      -8.722283015,      -9.521394253,      -9.232863649,      -8.172653994,             0.448,    0.001081481356,     0.08126764493,                 0,                 0,                 0,     -0.0331213452,  -0.0006916203388,     0.08127189782,                 0,       75.14474891
          0,           0,         343,      -8.735040923,      -9.539004521,      -9.245647749,      -8.185431262,             0.448,    0.001081481145,     0.08126761198,                 0,                 0,                 0,    -0.03312134926,  -0.0006916198309,     0.08127186488,                 0,       75.14473311
          0,           0,         344,      -8.747839889,      -9.556945965,      -9.258564813,      -8.198241123,             0.448,    0.001081481022,     0.08126758107,                 0,                 0,                 0,    -0.03312135228,  -0.0006916192793,     0.08127183398,                 0,       75.14471305
          0,           0,         345,      -8.760673956,      -9.575084588,      -9.271583723,      -8.211078107,             0.448,    0.001081480985,     0.08126755234,                 0,                 0,                 0,    -0.03312135429,  -0.0006916186893,     0.08127180524,                 0,       75.14468905
          0,           0,         346,      -8.773534851,      -9.593268385,      -9.284671446,      -8.223934569,             0.448,    0.001081481031,     0.08126752587,                 0,                 0,                 0,    -0.03312135536,  -0.0006916180662,     0.08127177878,                 0,       75.14466139
          0,           0,         347,      -8.786412338,      -9.611331267,      -9.297794482,      -8.236801023,             0.448,    0.001081481156,     0.08126750174,                 0,                 0,                 0,    -0.03312135555,  -0.0006916174152,     0.08127175466,                 0,       75.14463042
          0,           0,         348,      -8.799294657,      -9.629098939,       -9.31092036,      -8.249666557,             0.448,    0.001081481355,     0.08126748001,                 0,                 0,                 0,    -0.03312135492,  -0.0006916167416,     0.08127173294,                 0,       75.14459646
          0,           0,         349,      -8.812169041,      -9.646396582,      -9.324019106,      -8.262519306,             0.448,    0.001081481625,     0.08126746069,                 0,                 0,                 0,    -0.03312135353,  -0.0006916160507,     0.08127171363,                 0,       75.14455987
          0,           0,         350,      -8.825022267,      -9.663058106,      -9.337064628,      -8.275346992,             0.448,    0.001081481959,     0.08126744379,                 0,                 0,                 0,    -0.03312135146,  -0.0006916153476,     0.08127169674,                 0,         75.144521
          0,           0,         351,      -8.837841258,      -9.678936576,      -9.350035942,      -8.288137484,             0.448,    0.001081482353,     0.08126742928,                 0,                 0,                 0,    -0.03312134877,  -0.0006916146371,     0.08127168225,                 0,        75.1444802
          0,           0,         352,      -8.850613681,      -9.693914489,      -9.362918145,      -8.300879371,             0.448,    0.001081482801,     0.08126741713,                 0,                 0,                 0,    -0.03312134553,  -0.0006916139242,     0.08127167011,                 0,       75.14443784
          0,           0,         353,      -8.863328528,      -9.707912896,      -9.375703102,      -8.313562523,             0.448,    0.001081483297,     0.08126740728,                 0,                 0,                 0,    -0.03312134182,  -0.0006916132135,     0.08127166028,                 0,       75.14439427
          0,           0,         354,      -8.875976672,      -9.720897932,      -9.388389774,      -8.326178612,             0.448,    0.001081483835,     0.08126739967,                 0,                 0,                 0,    -0.03312133769,  -0.0006916125096,     0.08127165267,                 0,       75.14434985
          0,           0,         355,      -8.888551338,       -9.73288376,      -9.400984178,      -8.338721575,             0.448,    0.001081484409,      0.0812673942,                 0,                 0,                 0,    -0.03312133323,  -0.0006916118166,     0.08127164722,                 0,       75.14430493
          0,           0,         356,      -8.901048506,      -9.743931336,      -9.413499003,      -8.351187989,             0.448,    0.001081485013,     0.08126739079,                 0,                 0,                 0,    -0.03312132848,  -0.0006916111388,     0.08127164382,                 0,       75.14425984
          0,           0,         357,      -8.913467194,      -9.754143382,       -9.42595288,      -8.363577352,             0.448,     0.00108148564,     0.08126738933,                 0,                 0,                 0,    -0.03312132353,  -0.0006916104799,     0.08127164237,                 0,       75.14421491
          0,           0,         358,       -8.92580963,      -9.763656359,      -9.438369391,      -8.375892239,             0.448,    0.001081486284,      0.0812673897,                 0,                 0,                 0,    -0.03312131841,  -0.0006916098434,     0.08127164276,                 0,       75.14417046
          0,           0,         359,      -8.938081286,      -9.772630321,      -9.450775874,      -8.388138348,             0.448,    0.001081486941,     0.08126739178,                 0,                 0,                 0,     -0.0331213132,  -0.0006916092328,     0.08127164486,                 0,       75.14412678
          0,           0,         360,      -8.950290791,      -9.781238639,      -9.463202094,      -8.400324402,             0.448,    0.001081487603,     0.08126739546,                 0,                 0,                 0,    -0.03312130795,  -0.0006916086509,     0.08127164855,                 0,       75.14408417
          0,           0,         361,       -8.96244971,      -9.789658175,      -9.475678861,      -8.412461951,             0.448,    0.001081488265,     0.08126740059,                 0,                 0,                 0,     -0.0331213027,  -0.0006916081003,     0.08127165369,                 0,       75.14404287
          0,           0,         362,       -8.97457221,      -9.798061014,      -9.488236656,      -8.424565043,             0.448,    0.001081488923,     0.08126740704,                 0,                 0,                 0,     -0.0331212975,  -0.0006916075835,     0.08127166016,                 0,       75.14400314
          0,           0,         363,      -8.986674635,      -9.806608117,      -9.500904334,      -8.436649818,             0.448,    0.001081489571,     0.08126741468,                 0,                 0,                 0,     -0.0331212924,  -0.0006916071023,     0.08127166781,                 0,       75.14396518
          0,           0,         364,      -8.998774995,      -9.815444766,      -9.513707926,      -8.448734022,             0.448,    0.001081490205,     0.08126742337,                 0,                 0,                 0,    -0.03312128743,  -0.0006916066584,      0.0812716765,                 0,       75.14392919
          0,           0,         365,       -9.01089241,       -9.82469792,      -9.526669591,      -8.460836462,             0.448,     0.00108149082,     0.08126743296,                 0,                 0,                 0,    -0.03312128264,   -0.000691606253,     0.08127168611,                 0,       75.14389534
          0,           0,         366,      -9.023046523,      -9.834474722,      -9.539806725,       -8.47297645,             0.448,    0.001081491412,     0.08126744333,                 0,                 0,                 0,    -0.03312127804,  -0.0006916058871,     0.08127169649,                 0,       75.14386378
          0,           0,         367,      -9.035256906,      -9.844862267,      -9.553131228,      -8.485173219,             0.448,    0.001081491978,     0.08126745435,                 0,                 0,                 0,    -0.03312127366,  -0.0006916055613,     0.08127170752,                 0,       75.14383462
          0,           0,         368,      -9.047542473,        -9.8559277,      -9.566648948,      -8.497445364,             0.448,    0.001081492515,     0.08126746588,                 0,                 0,                 0,    -0.03312126953,  -0.0006916052759,     0.08127171906,                 0,       75.14380796
          0,           0,         369,      -9.059920939,      -9.867718929,      -9.580359302,      -8.509810309,             0.448,     0.00108149302,     0.08126747779,                 0,                 0,                 0,    -0.03312126567,  -0.0006916050307,     0.08127173098,                 0,       75.14378388
          0,           0,         370,      -9.072408301,      -9.880265296,      -9.594255042,       -8.52228381,             0.448,    0.001081493491,     0.08126748998,                 0,                 0,                 0,    -0.03312126209,  -0.0006916048256,     0.08127174317,                 0,       75.14376242
          0,           0,         371,      -9.085018393,      -9.893578144,      -9.608322234,      -8.534879516,             0.448,    0.001081493926,     0.08126750231,                 0,                 0,                 0,     -0.0331212588,  -0.0006916046599,     0.08127175551,                 0,        75.1437436
          0,           0,         372,      -9.097762486,      -9.907651443,      -9.622540373,      -8.547608578,             0.448,    0.001081494324,      0.0812675147,                 0,                 0,                 0,    -0.03312125581,  -0.0006916045326,      0.0812717679,                 0,       75.14372744
          0,           0,         373,      -9.110648961,      -9.922462045,      -9.636882707,      -8.560479329,             0.448,    0.001081494683,     0.08126752702,                 0,                 0,                 0,    -0.03312125312,  -0.0006916044428,     0.08127178024,                 0,        75.1437139
          0,           0,         374,      -9.123683048,      -9.937969873,      -9.651316764,      -8.573497025,             0.448,    0.001081495002,      0.0812675392,                 0,                 0,                 0,    -0.03312125073,   -0.000691604389,     0.08127179242,                 0,       75.14370296
          0,           0,         375,      -9.136866636,      -9.954117981,      -9.665805073,       -8.58666366,             0.448,    0.001081495282,     0.08126755115,                 0,                 0,                 0,    -0.03312124863,  -0.0006916043698,     0.08127180437,                 0,       75.14369456
          0,           0,         376,      -9.150198161,      -9.970832791,      -9.680306096,      -8.599977847,             0.448,    0.001081495523,     0.08126756279,                 0,                 0,                 0,    -0.03312124683,  -0.0006916043833,     0.08127181601,                 0,       75.14368861
          0,           0,         377,      -9.163672566,      -9.988024193,      -9.694775394,      -8.613434781,             0.448,    0.001081495724,     0.08126757405,                 0,                 0,                 0,    -0.03312124532,  -0.0006916044277,     0.08127182728,                 0,       75.14368504
          0,           0,         378,      -9.177281346,      -10.00558631,      -9.709166962,      -8.627026272,             0.448,    0.001081495887,     0.08126758488,                 0,                 0,                 0,    -0.03312124407,   -0.000691604501,      0.0812718381,                 0,       75.14368373
          0,           0,         379,       -9.19101267,      -10.02339889,      -9.723434753,      -8.640740873,             0.448,    0.001081496012,     0.08126759522,                 0,                 0,                 0,    -0.03312124309,  -0.0006916046011,     0.08127184844,                 0,       75.14368457
          0,           0,         380,      -9.204851595,      -10.04132939,      -9.737534304,      -8.654564074,             0.448,    0.001081496102,     0.08126760503,                 0,                 0,                 0,    -0.03312124235,  -0.0006916047258,     0.08127185826,                 0,       75.14368743
          0,           0,         381,       -9.21878036,      -10.05923603,      -9.751424427,      -8.668478596,             0.448,    0.001081496157,     0.08126761429,                 0,                 0,                 0,    -0.03312124183,   -0.000691604873,     0.08127186751,                 0,       75.14369219
          0,           0,         382,      -9.232778764,      -10.07697243,       -9.76506888,      -8.682464754,             0.448,    0.001081496178,     0.08126762296,                 0,                 0,                 0,    -0.03312124153,  -0.0006916050404,     0.08127187618,                 0,       75.14369869
          0,           0,         383,      -9.246824625,      -10.09439323,      -9.778437886,      -8.696500902,             0.448,    0.001081496169,     0.08126763103,                 0,                 0,                 0,    -0.03312124143,  -0.0006916052258,     0.08127188425,                 0,        75.1437068
          0,           0,         384,      -9.260894316,      -10.11136044,      -9.791509482,      -8.710563948,             0.448,    0.001081496131,      0.0812676385,                 0,                 0,                 0,    -0.03312124149,  -0.0006916054269,     0.08127189171,                 0,       75.14371637
          0,           0,         385,      -9.274963346,      -10.12775103,      -9.804270534,      -8.724629921,             0.448,    0.001081496065,     0.08126764535,                 0,                 0,                 0,    -0.03312124172,  -0.0006916056418,     0.08127189856,                 0,       75.14372724
          0,           0,         386,       -9.28900701,      -10.14346379,      -9.816717368,      -8.738674591,             0.448,    0.001081495975,      0.0812676516,                 0,                 0,                 0,    -0.03312124208,  -0.0006916058682,     0.08127190481,                 0,       75.14373929
          0,           0,         387,      -9.303001055,      -10.15842583,      -9.828855996,       -8.75267412,             0.448,    0.001081495862,     0.08126765725,                 0,                 0,                 0,    -0.03312124255,  -0.0006916061042,     0.08127191046,                 0,       75.14375234
          0,           0,         388,      -9.316922364,      -10.17259716,      -9.840701851,      -8.766605712,             0.448,    0.001081495729,     0.08126766232,                 0,                 0,                 0,    -0.03312124313,  -0.0006916063477,     0.08127191552,                 0,       75.14376627
          0,           0,         389,      -9.330749625,      -10.18597319,      -9.852279142,      -8.780448265,             0.448,    0.001081495578,     0.08126766682,                 0,                 0,                 0,    -0.03312124379,   -0.000691606597,     0.08127192002,                 0,       75.14378093
          0,           0,         390,      -9.344463957,      -10.19858443,      -9.863619803,      -8.794182982,             0.448,    0.001081495412,     0.08126767078,                 0,                 0,                 0,    -0.03312124451,  -0.0006916068502,     0.08127192397,                 0,       75.14379619
          0,           0,         391,      -9.358049479,      -10.21049385,      -9.874762141,      -8.807793916,             0.448,    0.001081495231,     0.08126767423,                 0,                 0,                 0,    -0.03312124528,  -0.0006916071056,     0.08127192741,                 0,        75.1438119
          0,           0,         392,      -9.371493784,      -10.22179162,      -9.885749333,      -8.821268448,             0.448,     0.00108149504,     0.08126767718,                 0,                 0,                 0,    -0.03312124608,  -0.0006916073617,     0.08127193036,                 0,       75.14382795
          0,           0,         393,      -9.384788291,      -10.23258896,      -9.896627771,      -8.834597631,             0.448,    0.001081494839,     0.08126767967,                 0,                 0,                 0,     -0.0331212469,  -0.0006916076169,     0.08127193285,                 0,       75.14384421
          0,           0,         394,      -9.397928479,      -10.24301063,      -9.907445453,      -8.847776436,             0.448,    0.001081494631,     0.08126768174,                 0,                 0,                 0,    -0.03312124772,  -0.0006916078698,     0.08127193491,                 0,       75.14386057
          0,           0,         395,      -9.410913959,      -10.25318801,       -9.91825043,       -8.86080384,             0.448,    0.001081494418,      0.0812676834,                 0,                 0,                 0,    -0.03312124854,  -0.0006916081191,     0.08127193657,                 0,       75.14387691
          0,           0,         396,      -9.423748407,      -10.26325256,      -9.929089404,      -8.873682777,             0.448,    0.001081494201,      0.0812676847,                 0,                 0,                 0,    -0.03312124934,  -0.0006916083637,     0.08127193787,                 0,       75.14389314
          0,           0,         397,      -9.436439344,      -10.27333038,      -9.940006501,      -8.886419949,             0.448,    0.001081493984,     0.08126768567,                 0,                 0,                 0,     -0.0331212501,  -0.0006916086024,     0.08127193883,                 0,       75.14390915
          0,           0,         398,      -9.448997783,      -10.28353787,      -9.951042263,      -8.899025504,             0.448,    0.001081493767,     0.08126768634,                 0,                 0,                 0,    -0.03312125083,  -0.0006916088343,      0.0812719395,                 0,       75.14392487
          0,           0,         399,      -9.461437766,      -10.29397858,      -9.962232827,      -8.911512599,             0.448,    0.001081493551,     0.08126768675,                 0,                 0,                 0,    -0.03312125152,  -0.0006916090584,      0.0812719399,                 0,       75.14394021
          0,           0,         400,      -9.473775798,      -10.30474129,      -9.973609331,      -8.923896868,             0.448,    0.001081493339,     0.08126768691,                 0,                 0,                 0,    -0.03312125215,   -0.000691609274,     0.08127194006,                 0,        75.1439551
          0,           0,         401,      -9.486030232,      -10.31589856,      -9.985197488,      -8.936195841,             0.448,    0.001081493132,     0.08126768688,                 0,                 0,                 0,    -0.03312125273,  -0.0006916094805,     0.08127194002,                 0,       75.14396947
          0,           0,         402,      -9.498220616,      -10.32750618,      -9.997017355,      -8.948428303,             0.448,    0.001081492931,     0.08126768667,                 0,                 0,                 0,    -0.03312125325,  -0.0006916096772,      0.0812719398,                 0,       75.14398326
          0,           0,         403,      -9.510367029,      -10.33960301,      -10.00908322,      -8.960613659,             0.448,    0.001081492736,     0.08126768631,                 0,                 0,                 0,    -0.03312125371,  -0.0006916098637,     0.08127193944,                 0,       75.14399644
          0,           0,         404,      -9.522489456,      -10.35221093,      -10.02140367,       -8.97277132,             0.448,     0.00108149255,     0.08126768584,                 0,                 0,                 0,     -0.0331212541,  -0.0006916100397,     0.08127193897,                 0,       75.14400894
          0,           0,         405,      -9.534607189,      -10.36533537,       -10.0339817,      -8.984920113,             0.448,    0.001081492372,     0.08126768527,                 0,                 0,                 0,    -0.03312125442,  -0.0006916102048,      0.0812719384,                 0,       75.14402076
          0,           0,         406,      -9.546738304,      -10.37896538,      -10.04681499,      -8.997077758,             0.448,    0.001081492204,     0.08126768464,                 0,                 0,                 0,    -0.03312125468,  -0.0006916103589,     0.08127193776,                 0,       75.14403184
          0,           0,         407,      -9.558899207,      -10.39307444,      -10.05989626,      -9.009260416,             0.448,    0.001081492046,     0.08126768396,                 0,                 0,                 0,    -0.03312125488,  -0.0006916105019,     0.08127193707,                 0,       75.14404218
          0,           0,         408,      -9.571104265,      -10.40762067,      -10.07321365,       -9.02148231,             0.448,    0.001081491899,     0.08126768325,                 0,                 0,                 0,    -0.03312125501,  -0.0006916106338,     0.08127193636,                 0,       75.14405177
          0,           0,         409,      -9.583365526,      -10.42254785,      -10.08675123,      -9.033755441,             0.448,    0.001081491763,     0.08126768253,                 0,                 0,                 0,    -0.03312125508,  -0.0006916107546,     0.08127193564,                 0,       75.14406059
          0,           0,         410,       -9.59569253,      -10.43778645,      -10.10048956,      -9.046089386,             0.448,    0.001081491637,     0.08126768182,                 0,                 0,                 0,    -0.03312125509,  -0.0006916108646,     0.08127193493,                 0,       75.14406865
          0,           0,         411,        -9.6080922,      -10.45325493,      -10.11440628,      -9.058491172,             0.448,    0.001081491523,     0.08126768114,                 0,                 0,                 0,    -0.03312125505,  -0.0006916109638,     0.08127193424,                 0,       75.14407595
          0,           0,         412,      -9.620568823,      -10.46886178,       -10.1284768,      -9.070965254,             0.448,     0.00108149142,     0.08126768048,                 0,                 0,                 0,    -0.03312125496,  -0.0006916110527,     0.08127193359,                 0,       75.14408251
          0,           0,         413,      -9.633124099,      -10.48450797,        -10.142675,      -9.083513542,             0.448,    0.001081491328,     0.08126767987,                 0,                 0,                 0,    -0.03312125482,  -0.0006916111314,     0.08127193298,                 0,       75.14408834
          0,           0,         414,      -9.645757266,      -10.50009022,      -10.15697395,      -9.096135522,             0.448,    0.001081491247,     0.08126767932,                 0,                 0,                 0,    -0.03312125465,  -0.0006916112004,     0.08127193242,                 0,       75.14409347
          0,           0,         415,      -9.658465283,      -10.51550482,      -10.17134665,      -9.108828421,             0.448,    0.001081491176,     0.08126767882,                 0,                 0,                 0,    -0.03312125443,  -0.0006916112601,     0.08127193192,                 0,       75.14409791
          0,           0,         416,      -9.671243069,      -10.53065188,      -10.18576675,      -9.121587442,             0.448,    0.001081491116,     0.08126767838,                 0,                 0,                 0,    -0.03312125419,  -0.0006916113109,     0.08127193148,                 0,        75.1441017
          0,           0,         417,      -9.684083788,      -10.54544025,      -10.20020923,      -9.134406036,             0.448,    0.001081491065,     0.08126767802,                 0,                 0,                 0,    -0.03312125392,  -0.0006916113532,     0.08127193111,                 0,       75.14410486
          0,           0,         418,      -9.696979165,      -10.55979211,      -10.21465101,      -9.147276219,             0.448,    0.001081491024,     0.08126767771,                 0,                 0,                 0,    -0.03312125363,  -0.0006916113877,     0.08127193081,                 0,       75.14410743
          0,           0,         419,      -9.709919839,      -10.57364736,      -10.22907148,      -9.160188913,             0.448,    0.001081490992,     0.08126767748,                 0,                 0,                 0,    -0.03312125332,  -0.0006916114147,     0.08127193057,                 0,       75.14410945
          0,           0,         420,       -9.72289573,      -10.58696722,      -10.24345288,      -9.173134312,             0.448,    0.001081490968,     0.08126767731,                 0,                 0,                 0,    -0.03312125301,  -0.0006916114347,      0.0812719304,                 0,       75.14411094
          0,           0,         421,       -9.73589641,      -10.59973626,      -10.25778059,      -9.186102257,             0.448,    0.001081490952,      0.0812676772,                 0,                 0,                 0,    -0.03312125269,  -0.0006916114484,     0.08127193029,                 0,       75.14411196
          0,           0,         422,       -9.74891148,      -10.61196355,      -10.27204324,      -9.199082608,             0.448,    0.001081490943,     0.08126767715,                 0,                 0,                 0,    -0.03312125237,  -0.0006916114563,     0.08127193024,                 0,       75.14411253
          0,           0,         423,      -9.761930929,      -10.62368189,      -10.28623271,      -9.212065602,             0.448,    0.001081490941,     0.08126767715,                 0,                 0,                 0,    -0.03312125205,  -0.0006916114587,     0.08127193025,                 0,        75.1441127
          0,           0,         424,      -9.774945456,      -10.63494543,      -10.30034393,      -9.225042189,             0.448,    0.001081490944,      0.0812676772,                 0,                 0,                 0,    -0.03312125175,  -0.0006916114563,      0.0812719303,                 0,        75.1441125
          0,           0,         425,      -9.787946769,      -10.64582643,      -10.31437459,      -9.238004327,             0.448,    0.001081490953,      0.0812676773,                 0,                 0,                 0,    -0.03312125146,  -0.0006916114495,     0.08127193039,                 0,       75.14411198
          0,           0,         426,      -9.800927829,      -10.65641095,      -10.32832469,      -9.250945234,             0.448,    0.001081490967,     0.08126767742,                 0,                 0,                 0,    -0.03312125119,  -0.0006916114389,     0.08127193052,                 0,       75.14411116
          0,           0,         427,      -9.813883032,      -10.66679438,      -10.34219611,      -9.263859582,             0.448,    0.001081490984,     0.08126767758,                 0,                 0,                 0,    -0.03312125093,  -0.0006916114248,     0.08127193067,                 0,       75.14411009
          0,           0,         428,      -9.826808341,      -10.67707654,      -10.35599197,      -9.276743622,             0.448,    0.001081491005,     0.08126767775,                 0,                 0,                 0,     -0.0331212507,  -0.0006916114077,     0.08127193085,                 0,        75.1441088
          0,           0,         429,      -9.839701328,      -10.68735777,      -10.36971605,      -9.289595248,             0.448,    0.001081491029,     0.08126767794,                 0,                 0,                 0,     -0.0331212505,   -0.000691611388,     0.08127193104,                 0,       75.14410732
          0,           0,         430,      -9.852561162,      -10.69773505,      -10.38337221,      -9.302413983,             0.448,    0.001081491055,     0.08126767813,                 0,                 0,                 0,    -0.03312125033,  -0.0006916113661,     0.08127193123,                 0,       75.14410569
          0,           0,         431,      -9.865388531,      -10.70829909,      -10.39696385,      -9.315200913,             0.448,    0.001081491083,     0.08126767832,                 0,                 0,                 0,    -0.03312125018,  -0.0006916113424,     0.08127193142,                 0,       75.14410393
          0,           0,         432,      -9.878185489,      -10.71913178,      -10.41049335,      -9.327958526,             0.448,    0.001081491112,      0.0812676785,                 0,                 0,                 0,    -0.03312125007,  -0.0006916113172,      0.0812719316,                 0,       75.14410207
          0,           0,         433,      -9.890955259,      -10.73030486,      -10.42396168,      -9.340690534,             0.448,    0.001081491142,     0.08126767866,                 0,                 0,                 0,    -0.03312124999,  -0.0006916112908,     0.08127193176,                 0,       75.14410014
          0,           0,         434,      -9.903701979,      -10.74187841,      -10.43736811,      -9.353401607,             0.448,    0.001081491172,      0.0812676788,                 0,                 0,                 0,    -0.03312124995,  -0.0006916112634,      0.0812719319,                 0,       75.14409815
          0,           0,         435,       -9.91643043,      -10.75390036,      -10.45070994,      -9.366097104,             0.448,    0.001081491203,     0.08126767891,                 0,                 0,                 0,    -0.03312124994,  -0.0006916112355,     0.08127193201,                 0,       75.14409614
          0,           0,         436,      -9.929145723,      -10.76640591,      -10.46398247,      -9.378782763,             0.448,    0.001081491233,     0.08126767899,                 0,                 0,                 0,    -0.03312124996,   -0.000691611207,     0.08127193209,                 0,       75.14409412
          0,           0,         437,         -9.941853,      -10.77941752,      -10.47717904,      -9.391464376,             0.448,    0.001081491262,     0.08126767902,                 0,                 0,                 0,    -0.03312125001,  -0.0006916111784,     0.08127193212,                 0,       75.14409211
          0,           0,         438,      -9.954557113,      -10.79294451,      -10.49029118,      -9.404147483,             0.448,    0.001081491291,     0.08126767901,                 0,                 0,                 0,     -0.0331212501,  -0.0006916111496,     0.08127193211,                 0,       75.14409012
          0,           0,         439,      -9.967262337,      -10.80698336,      -10.50330892,      -9.416837064,             0.448,    0.001081491318,     0.08126767895,                 0,                 0,                 0,    -0.03312125022,   -0.000691611121,     0.08127193205,                 0,       75.14408817
          0,           0,         440,      -9.979972113,      -10.82151753,      -10.51622122,      -9.429537256,             0.448,    0.001081491344,     0.08126767884,                 0,                 0,                 0,    -0.03312125036,  -0.0006916110925,     0.08127193194,                 0,       75.14408626
          0,           0,         441,      -9.992688801,      -10.83651787,      -10.52901643,      -9.442251109,             0.448,    0.001081491368,     0.08126767867,                 0,                 0,                 0,    -0.03312125054,  -0.0006916110644,     0.08127193177,                 0,        75.1440844
          0,           0,         442,      -10.00541351,      -10.85194262,      -10.54168289,      -9.454980389,             0.448,    0.001081491391,     0.08126767845,                 0,                 0,                 0,    -0.03312125074,  -0.0006916110367,     0.08127193155,                 0,        75.1440826
          0,           0,         443,      -10.01814595,      -10.86773762,      -10.55420958,      -9.467725404,             0.448,    0.001081491413,     0.08126767817,                 0,                 0,                 0,    -0.03312125096,  -0.0006916110094,     0.08127193127,                 0,       75.14408088
          0,           0,         444,      -10.03088436,      -10.88383717,      -10.56658671,      -9.480484915,             0.448,    0.001081491432,     0.08126767783,                 0,                 0,                 0,     -0.0331212512,  -0.0006916109827,     0.08127193094,                 0,       75.14407922
          0,           0,         445,      -10.04362547,      -10.90016482,      -10.57880639,      -9.493256095,             0.448,    0.001081491449,     0.08126767744,                 0,                 0,                 0,    -0.03312125147,  -0.0006916109566,     0.08127193054,                 0,       75.14407763
          0,           0,         446,      -10.05636457,      -10.91663463,      -10.59086318,      -9.506034515,             0.448,    0.001081491465,     0.08126767699,                 0,                 0,                 0,    -0.03312125175,   -0.000691610931,     0.08127193009,                 0,       75.14407612
          0,           0,         447,      -10.06909555,      -10.93315308,      -10.60275464,      -9.518814238,             0.448,    0.001081491479,     0.08126767648,                 0,                 0,                 0,    -0.03312125204,  -0.0006916109061,     0.08127192959,                 0,       75.14407469
          0,           0,         448,      -10.08181109,      -10.94962114,       -10.6144817,       -9.53158793,             0.448,    0.001081491491,     0.08126767592,                 0,                 0,                 0,    -0.03312125235,  -0.0006916108817,     0.08127192903,                 0,       75.14407333
          0,           0,         449,      -10.09450285,      -10.96593768,      -10.62604895,       -9.54434706,             0.448,    0.001081491502,     0.08126767531,                 0,                 0,                 0,    -0.03312125267,   -0.000691610858,     0.08127192842,                 0,       75.14407204
          0,           0,         450,      -10.10716171,      -10.98200279,      -10.63746474,      -9.557082098,             0.448,    0.001081491511,     0.08126767466,                 0,                 0,                 0,    -0.03312125299,  -0.0006916108349,     0.08127192776,                 0,       75.14407082
          0,           0,         451,      -10.11977805,      -10.99772177,      -10.64874122,      -9.569782819,             0.448,    0.001081491518,     0.08126767396,                 0,                 0,                 0,    -0.03312125332,  -0.0006916108123,     0.08127192706,                 0,       75.14406967
          0,           0,         452,      -10.13234209,      -11.01300905,      -10.65989412,      -9.582438583,             0.448,    0.001081491524,     0.08126767322,                 0,                 0,                 0,    -0.03312125365,  -0.0006916107904,     0.08127192632,                 0,       75.14406858
          0,           0,         453,      -10.14484418,      -11.02779289,      -10.67094238,       -9.59503868,             0.448,    0.001081491528,     0.08126767244,                 0,                 0,                 0,    -0.03312125398,  -0.0006916107689,     0.08127192555,                 0,       75.14406755
          0,           0,         454,      -10.15727517,      -11.04201842,      -10.68190785,      -9.607572675,             0.448,    0.001081491531,     0.08126767163,                 0,                 0,                 0,    -0.03312125431,   -0.000691610748,     0.08127192474,                 0,       75.14406658
          0,           0,         455,      -10.16962669,      -11.05565061,      -10.69281458,      -9.620030743,             0.448,    0.001081491533,     0.08126767079,                 0,                 0,                 0,    -0.03312125464,  -0.0006916107276,      0.0812719239,                 0,       75.14406565
          0,           0,         456,      -10.18189156,        -11.068676,      -10.70368825,      -9.632404014,             0.448,    0.001081491535,     0.08126766993,                 0,                 0,                 0,    -0.03312125495,  -0.0006916107076,     0.08127192304,                 0,       75.14406477
          0,           0,         457,      -10.19406395,      -11.08110277,      -10.71455555,       -9.64468488,             0.448,    0.001081491535,     0.08126766905,                 0,                 0,                 0,    -0.03312125527,   -0.000691610688,     0.08127192216,                 0,       75.14406393
          0,           0,         458,      -10.20613971,      -11.09296017,      -10.72544342,      -9.656867298,             0.448,    0.001081491535,     0.08126766816,                 0,                 0,                 0,    -0.03312125557,  -0.0006916106689,     0.08127192127,                 0,       75.14406313
          0,           0,         459,      -10.21811652,      -11.10429592,      -10.73637847,      -9.668946979,             0.448,    0.001081491534,     0.08126766726,                 0,                 0,                 0,    -0.03312125586,  -0.0006916106501,     0.08127192037,                 0,       75.14406235
          0,           0,         460,      -10.22999402,      -11.11517253,      -10.74738624,      -9.680921633,             0.448,    0.001081491533,     0.08126766635,                 0,                 0,                 0,    -0.03312125613,  -0.0006916106316,     0.08127191946,                 0,       75.14406161
          0,           0,         461,      -10.24177387,      -11.12566482,      -10.75849068,      -9.692791026,             0.448,    0.001081491531,     0.08126766545,                 0,                 0,                 0,     -0.0331212564,  -0.0006916106135,     0.08127191856,                 0,       75.14406088
          0,           0,         462,      -10.25345978,       -11.1358541,      -10.76971365,      -9.704557087,             0.448,    0.001081491529,     0.08126766455,                 0,                 0,                 0,    -0.03312125665,  -0.0006916105957,     0.08127191766,                 0,       75.14406018
          0,           0,         463,      -10.26505742,      -11.14582487,      -10.78107446,      -9.716223869,             0.448,    0.001081491527,     0.08126766366,                 0,                 0,                 0,    -0.03312125688,  -0.0006916105782,     0.08127191677,                 0,       75.14405949
          0,           0,         464,      -10.27657427,      -11.15566187,      -10.79258946,      -9.727797471,             0.448,    0.001081491525,     0.08126766278,                 0,                 0,                 0,    -0.03312125709,  -0.0006916105609,     0.08127191589,                 0,       75.14405881
          0,           0,         465,      -10.28801948,      -11.16544472,      -10.80427174,      -9.739285872,             0.448,    0.001081491524,     0.08126766192,                 0,                 0,                 0,    -0.03312125729,  -0.0006916105439,     0.08127191503,                 0,       75.14405813
          0,           0,         466,       -10.2994036,      -11.17524794,      -10.81613095,      -9.750698756,             0.448,    0.001081491522,     0.08126766108,                 0,                 0,                 0,    -0.03312125747,  -0.0006916105272,     0.08127191419,                 0,       75.14405747
          0,           0,         467,      -10.31073831,      -11.18513693,      -10.82817295,      -9.762047236,             0.448,    0.001081491521,     0.08126766027,                 0,                 0,                 0,    -0.03312125763,  -0.0006916105107,     0.08127191338,                 0,       75.14405681
          0,           0,         468,      -10.32203611,      -11.19516821,      -10.84039986,      -9.773343569,             0.448,     0.00108149152,     0.08126765948,                 0,                 0,                 0,    -0.03312125778,  -0.0006916104946,     0.08127191259,                 0,       75.14405614
          0,           0,         469,      -10.33331007,      -11.20538651,      -10.85281013,      -9.784600855,             0.448,    0.001081491519,     0.08126765873,                 0,                 0,                 0,     -0.0331212579,  -0.0006916104787,     0.08127191184,                 0,       75.14405548
          0,           0,         470,      -10.34457343,      -11.21582715,      -10.86539829,      -9.795832723,             0.448,    0.001081491519,     0.08126765801,                 0,                 0,                 0,    -0.03312125801,   -0.000691610463,     0.08127191112,                 0,       75.14405482
          0,           0,         471,      -10.35583939,      -11.22651423,      -10.87815538,      -9.807052982,             0.448,     0.00108149152,     0.08126765733,                 0,                 0,                 0,     -0.0331212581,  -0.0006916104477,     0.08127191044,                 0,       75.14405416
          0,           0,         472,      -10.36712077,      -11.23746132,      -10.89106905,      -9.818275369,             0.448,    0.001081491521,     0.08126765669,                 0,                 0,                 0,    -0.03312125817,  -0.0006916104328,      0.0812719098,                 0,        75.1440535
          0,           0,         473,      -10.37842979,      -11.24867101,      -10.90412394,      -9.829513269,             0.448,    0.001081491522,     0.08126765609,                 0,                 0,                 0,    -0.03312125822,  -0.0006916104182,      0.0812719092,                 0,       75.14405284
          0,           0,         474,      -10.38977787,      -11.26013838,      -10.91730192,      -9.840779416,             0.448,    0.001081491524,     0.08126765553,                 0,                 0,                 0,    -0.03312125826,  -0.0006916104039,     0.08127190864,                 0,       75.14405219
          0,           0,         475,       -10.4011754,      -11.27184875,       -10.9305826,      -9.852085764,             0.448,    0.001081491527,     0.08126765501,                 0,                 0,                 0,    -0.03312125828,  -0.0006916103901,     0.08127190813,                 0,       75.14405153
          0,           0,         476,      -10.41263164,       -11.2837812,      -10.94394376,      -9.863443231,             0.448,     0.00108149153,     0.08126765454,                 0,                 0,                 0,    -0.03312125828,  -0.0006916103767,     0.08127190766,                 0,       75.14405087
          0,           0,         477,      -10.42415463,      -11.29590699,      -10.95736192,      -9.874861625,             0.448,    0.001081491534,     0.08126765412,                 0,                 0,                 0,    -0.03312125827,  -0.0006916103637,     0.08127190723,                 0,       75.14405023
          0,           0,         478,      -10.43575105,      -11.30819548,      -10.97081283,      -9.886349477,             0.448,    0.001081491538,     0.08126765374,                 0,                 0,                 0,    -0.03312125825,  -0.0006916103512,     0.08127190685,                 0,       75.14404958
          0,           0,         479,      -10.44742626,      -11.32060885,      -10.98427209,      -9.897914043,             0.448,    0.001081491542,      0.0812676534,                 0,                 0,                 0,    -0.03312125821,  -0.0006916103393,     0.08127190652,                 0,       75.14404895
          0,           0,         480,      -10.45918425,      -11.33311166,      -10.99771572,      -9.909561212,             0.448,    0.001081491548,     0.08126765312,                 0,                 0,                 0,    -0.03312125816,  -0.0006916103279,     0.08127190623,                 0,       75.14404833
          0,           0,         481,      -10.47102769,      -11.34566515,      -11.01112075,      -9.921295504,             0.448,    0.001081491553,     0.08126765287,                 0,                 0,                 0,     -0.0331212581,   -0.000691610317,     0.08127190598,                 0,       75.14404772
          0,           0,         482,      -10.48295797,      -11.35823375,      -11.02446572,      -9.933120136,             0.448,    0.001081491559,     0.08126765267,                 0,                 0,                 0,    -0.03312125803,  -0.0006916103067,     0.08127190578,                 0,       75.14404712
          0,           0,         483,      -10.49497528,      -11.37078457,      -11.03773131,      -9.945036998,             0.448,    0.001081491565,     0.08126765251,                 0,                 0,                 0,    -0.03312125795,  -0.0006916102971,     0.08127190563,                 0,       75.14404654
          0,           0,         484,      -10.50707867,      -11.38328852,      -11.05090069,      -9.957046783,             0.448,    0.001081491572,      0.0812676524,                 0,                 0,                 0,    -0.03312125787,  -0.0006916102881,     0.08127190551,                 0,       75.14404599
          0,           0,         485,      -10.51926617,       -11.3957221,      -11.06395986,       -9.96914898,             0.448,    0.001081491578,     0.08126765232,                 0,                 0,                 0,    -0.03312125778,  -0.0006916102797,     0.08127190543,                 0,       75.14404545
          0,           0,         486,      -10.53153493,      -11.40806999,       -11.0768979,      -9.981342049,             0.448,    0.001081491585,     0.08126765228,                 0,                 0,                 0,    -0.03312125768,   -0.000691610272,     0.08127190539,                 0,       75.14404494
          0,           0,         487,      -10.54388127,      -11.42032329,      -11.08970718,      -9.993623474,             0.448,    0.001081491592,     0.08126765228,                 0,                 0,                 0,    -0.03312125757,   -0.000691610265,     0.08127190539,                 0,       75.14404445
          0,           0,         488,      -10.55630085,      -11.43248094,      -11.10238335,      -10.00598985,             0.448,    0.001081491599,     0.08126765231,                 0,                 0,                 0,    -0.03312125746,  -0.0006916102587,     0.08127190542,                 0,         75.144044
          0,           0,         489,      -10.56878878,      -11.44454918,      -11.11492522,      -10.01843699,             0.448,    0.001081491606,     0.08126765237,                 0,                 0,                 0,    -0.03312125735,  -0.0006916102531,     0.08127190549,                 0,       75.14404357
          0,           0,         490,      -10.58133967,       -11.4565413,      -11.12733466,      -10.03096007,             0.448,    0.001081491613,     0.08126765246,                 0,                 0,                 0,    -0.03312125724,  -0.0006916102482,     0.08127190558,                 0,       75.14404317
          0,           0,         491,      -10.59394785,      -11.46847926,      -11.13961618,      -10.04355366,             0.448,     0.00108149162,     0.08126765259,                 0,                 0,                 0,    -0.03312125713,   -0.000691610244,      0.0812719057,                 0,       75.14404281
          0,           0,         492,      -10.60660732,      -11.48038744,      -11.15177654,      -10.05621183,             0.448,    0.001081491627,     0.08126765273,                 0,                 0,                 0,    -0.03312125702,  -0.0006916102406,     0.08127190585,                 0,       75.14404248
          0,           0,         493,      -10.61931196,      -11.49229685,      -11.16382454,      -10.06892828,             0.448,    0.001081491633,      0.0812676529,                 0,                 0,                 0,     -0.0331212569,  -0.0006916102378,     0.08127190602,                 0,       75.14404219
          0,           0,         494,      -10.63205552,      -11.50424082,       -11.1757703,      -10.08169636,             0.448,    0.001081491639,     0.08126765309,                 0,                 0,                 0,    -0.03312125679,  -0.0006916102357,     0.08127190621,                 0,       75.14404194
          0,           0,         495,      -10.64483172,      -11.51625382,      -11.18762484,      -10.09450917,             0.448,    0.001081491645,      0.0812676533,                 0,                 0,                 0,    -0.03312125668,  -0.0006916102343,     0.08127190642,                 0,       75.14404172
          0,           0,         496,      -10.65763424,      -11.52837086,      -11.19939974,      -10.10735954,             0.448,    0.001081491651,     0.08126765352,                 0,                 0,                 0,    -0.03312125657,  -0.0006916102336,     0.08127190664,                 0,       75.14404153
          0,           0,         497,      -10.67045683,      -11.54062533,      -11.21110645,       -10.1202402,             0.448,    0.001081491656,     0.08126765376,                 0,                 0,                 0,    -0.03312125647,  -0.0006916102335,     0.08127190688,                 0,       75.14404139
          0,           0,         498,      -10.68329329,      -11.55304894,      -11.22275607,      -10.13314377,             0.448,    0.001081491661,     0.08126765401,                 0,                 0,                 0,    -0.03312125637,   -0.000691610234,     0.08127190713,                 0,       75.14404128
          0,           0,         499,      -10.69613742,       -11.5656667,      -11.23435894,      -10.14606274,             0.448,    0.001081491665,     0.08126765427,                 0,                 0,                 0,    -0.03312125627,  -0.0006916102352,     0.08127190738,                 0,        75.1440412
          0,           0,         500,      -10.70898314,      -11.57850226,      -11.24592416,      -10.15898954,             0.448,     0.00108149167,     0.08126765453,                 0,                 0,                 0,    -0.03312125618,  -0.0006916102369,     0.08127190765,                 0,       75.14404116
          0,           0,         501,      -10.72182448,      -11.59157059,      -11.25745995,       -10.1719167,             0.448,    0.001081491673,      0.0812676548,                 0,                 0,                 0,    -0.03312125609,  -0.0006916102391,     0.08127190792,                 0,       75.14404116
          0,           0,         502,      -10.73465546,      -11.60488297,      -11.26897265,      -10.18483664,             0.448,    0.001081491676,     0.08126765508,                 0,                 0,                 0,      -0.033121256,  -0.0006916102419,     0.08127190819,                 0,       75.14404119
          0,           0,         503,      -10.74747027,      -11.61844219,      -11.28046758,      -10.19774193,             0.448,    0.001081491679,     0.08126765535,                 0,                 0,                 0,    -0.03312125593,  -0.0006916102451,     0.08127190846,                 0,       75.14404125
          0,           0,         504,      -10.76026319,      -11.63224167,      -11.29194858,      -10.21062525,             0.448,    0.001081491681,     0.08126765562,                 0,                 0,                 0,    -0.03312125585,  -0.0006916102488,     0.08127190874,                 0,       75.14404135
          0,           0,         505,      -10.77302855,      -11.64627017,      -11.30341798,       -10.2234794,             0.448,    0.001081491683,     0.08126765589,                 0,                 0,                 0,    -0.03312125578,  -0.0006916102529,     0.08127190901,                 0,       75.14404147
          0,           0,         506,       -10.7857609,      -11.66050707,      -11.31487729,      -10.23629744,             0.448,    0.001081491684,     0.08126765616,                 0,                 0,                 0,    -0.03312125572,  -0.0006916102574,     0.08127190928,                 0,       75.14404163
          0,           0,         507,      -10.79845503,      -11.67492324,      -11.32632718,      -10.24907276,             0.448,    0.001081491685,     0.08126765642,                 0,                 0,                 0,    -0.03312125566,  -0.0006916102622,     0.08127190954,                 0,       75.14404181
          0,           0,         508,      -10.81110591,      -11.68948319,      -11.33776739,       -10.2617991,             0.448,    0.001081491686,     0.08126765668,                 0,                 0,                 0,    -0.03312125561,  -0.0006916102673,     0.08127190979,                 0,       75.14404201
          0,           0,         509,      -10.82370884,      -11.70414421,      -11.34919779,      -10.27447067,             0.448,    0.001081491686,     0.08126765693,                 0,                 0,                 0,    -0.03312125557,  -0.0006916102727,     0.08127191004,                 0,       75.14404224
          0,           0,         510,      -10.83625957,      -11.71885701,      -11.36061817,      -10.28708229,             0.448,    0.001081491685,     0.08126765717,                 0,                 0,                 0,    -0.03312125552,  -0.0006916102784,     0.08127191028,                 0,       75.14404249
          0,           0,         511,       -10.8487543,      -11.73356809,      -11.37202844,      -10.29962939,             0.448,    0.001081491685,      0.0812676574,                 0,                 0,                 0,    -0.03312125549,  -0.0006916102842,     0.08127191051,                 0,       75.14404276
          0,           0,         512,      -10.86118978,      -11.74822138,      -11.38342938,      -10.31210817,             0.448,    0.001081491684,     0.08126765762,                 0,                 0,                 0,    -0.03312125545,  -0.0006916102902,     0.08127191073,                 0,       75.14404304
          0,           0,         513,      -10.87356351,      -11.76275614,      -11.39482257,      -10.32451573,             0.448,    0.001081491682,     0.08126765783,                 0,                 0,                 0,    -0.03312125543,  -0.0006916102963,     0.08127191094,                 0,       75.14404334
          0,           0,         514,      -10.88587372,      -11.77711404,       -11.4062106,       -10.3368501,             0.448,     0.00108149168,     0.08126765803,                 0,                 0,                 0,     -0.0331212554,  -0.0006916103025,     0.08127191114,                 0,       75.14404366
          0,           0,         515,      -10.89811952,      -11.79123931,      -11.41759756,      -10.34911037,             0.448,    0.001081491678,     0.08126765821,                 0,                 0,                 0,    -0.03312125539,  -0.0006916103088,     0.08127191133,                 0,       75.14404398
          0,           0,         516,      -10.91030104,      -11.80508085,      -11.42898861,      -10.36129682,             0.448,    0.001081491675,     0.08126765839,                 0,                 0,                 0,    -0.03312125537,  -0.0006916103151,     0.08127191151,                 0,       75.14404432
          0,           0,         517,      -10.92241943,       -11.8185922,      -11.44039079,      -10.37341089,             0.448,    0.001081491673,     0.08126765856,                 0,                 0,                 0,    -0.03312125536,  -0.0006916103214,     0.08127191167,                 0,       75.14404466
          0,           0,         518,      -10.93447701,      -11.83173776,      -11.45181241,      -10.38545534,             0.448,     0.00108149167,     0.08126765871,                 0,                 0,                 0,    -0.03312125535,  -0.0006916103277,     0.08127191182,                 0,         75.144045
          0,           0,         519,      -10.94647723,      -11.84449484,      -11.46326333,      -10.39743416,             0.448,    0.001081491667,     0.08126765885,                 0,                 0,                 0,    -0.03312125535,  -0.0006916103339,     0.08127191196,                 0,       75.14404535
          0,           0,         520,      -10.95842485,      -11.85684757,      -11.47475471,      -10.40935279,             0.448,    0.001081491663,     0.08126765898,                 0,                 0,                 0,    -0.03312125535,    -0.00069161034,     0.08127191209,                 0,        75.1440457
          0,           0,         521,      -10.97032575,       -11.8687966,       -11.4862991,      -10.42121783,             0.448,     0.00108149166,     0.08126765909,                 0,                 0,                 0,    -0.03312125535,  -0.0006916103461,     0.08127191221,                 0,       75.14404606
          0,           0,         522,        -10.982187,      -11.88035458,      -11.49790951,       -10.4330372,             0.448,    0.001081491656,      0.0812676592,                 0,                 0,                 0,    -0.03312125535,   -0.000691610352,     0.08127191231,                 0,        75.1440464
          0,           0,         523,      -10.99401677,      -11.89154873,      -11.50959992,      -10.44481983,             0.448,    0.001081491653,     0.08126765929,                 0,                 0,                 0,    -0.03312125536,  -0.0006916103577,     0.08127191241,                 0,       75.14404675
          0,           0,         524,      -11.00582423,      -11.90241464,      -11.52138424,      -10.45657578,             0.448,    0.001081491649,     0.08126765938,                 0,                 0,                 0,    -0.03312125537,  -0.0006916103633,     0.08127191249,                 0,       75.14404709
          0,           0,         525,      -11.01761938,      -11.91299578,      -11.53327632,      -10.46831591,             0.448,    0.001081491645,     0.08126765945,                 0,                 0,                 0,    -0.03312125537,  -0.0006916103687,     0.08127191256,                 0,       75.14404742
          0,           0,         526,      -11.02941296,      -11.92334504,      -11.54528977,      -10.48005178,             0.448,    0.001081491641,     0.08126765951,                 0,                 0,                 0,    -0.03312125539,  -0.0006916103739,     0.08127191263,                 0,       75.14404774
          0,           0,         527,      -11.04121623,      -11.93352588,      -11.55743666,      -10.49179543,             0.448,    0.001081491637,     0.08126765957,                 0,                 0,                 0,     -0.0331212554,  -0.0006916103789,     0.08127191268,                 0,       75.14404805
          0,           0,         528,      -11.05304077,      -11.94359877,      -11.56972816,      -10.50355919,             0.448,    0.001081491634,     0.08126765961,                 0,                 0,                 0,    -0.03312125541,  -0.0006916103836,     0.08127191272,                 0,       75.14404836
          0,           0,         529,      -11.06489827,      -11.95362581,      -11.58217373,      -10.51535544,             0.448,     0.00108149163,     0.08126765965,                 0,                 0,                 0,    -0.03312125543,  -0.0006916103881,     0.08127191276,                 0,       75.14404865
          0,           0,         530,       -11.0768004,      -11.96366989,      -11.59478075,       -10.5271965,             0.448,    0.001081491626,     0.08126765967,                 0,                 0,                 0,    -0.03312125544,  -0.0006916103923,     0.08127191279,                 0,       75.14404892
          0,           0,         531,      -11.08875848,      -11.97378787,      -11.60755462,      -10.53909421,             0.448,    0.001081491623,     0.08126765969,                 0,                 0,                 0,    -0.03312125546,  -0.0006916103962,     0.08127191281,                 0,       75.14404919
          0,           0,         532,      -11.10078338,      -11.98403501,      -11.62049806,      -10.55105996,             0.448,    0.001081491619,     0.08126765971,                 0,                 0,                 0,    -0.03312125547,  -0.0006916103999,     0.08127191282,                 0,       75.14404943
          0,           0,         533,      -11.11288531,      -11.99446061,      -11.63361117,       -10.5631044,             0.448,    0.001081491616,     0.08126765971,                 0,                 0,                 0,    -0.03312125549,  -0.0006916104033,     0.08127191282,                 0,       75.14404967
          0,           0,         534,      -11.12507349,      -12.00510425,      -11.64689147,      -10.57523716,             0.448,    0.001081491613,     0.08126765971,                 0,                 0,                 0,     -0.0331212555,  -0.0006916104064,     0.08127191282,                 0,       75.14404988
          0,           0,         535,      -11.13735626,      -12.01600454,      -11.66033345,      -10.58746684,             0.448,     0.00108149161,      0.0812676597,                 0,                 0,                 0,    -0.03312125552,  -0.0006916104092,     0.08127191282,                 0,       75.14405008
          0,           0,         536,       -11.1497407,      -12.02718507,      -11.67392878,      -10.59980084,             0.448,    0.001081491607,     0.08126765969,                 0,                 0,                 0,    -0.03312125554,  -0.0006916104118,     0.08127191281,                 0,       75.14405027
          0,           0,         537,      -11.16223262,      -12.03866737,       -11.6876663,      -10.61224515,             0.448,    0.001081491605,     0.08126765968,                 0,                 0,                 0,    -0.03312125555,   -0.000691610414,     0.08127191279,                 0,       75.14405043
          0,           0,         538,      -11.17483629,      -12.05046475,       -11.7015321,      -10.62480431,             0.448,    0.001081491602,     0.08126765966,                 0,                 0,                 0,    -0.03312125557,   -0.000691610416,     0.08127191277,                 0,       75.14405058
          0,           0,         539,       -11.1875546,      -12.06258193,      -11.71550933,      -10.63748133,             0.448,      0.0010814916,     0.08126765963,                 0,                 0,                 0,    -0.03312125558,  -0.0006916104177,     0.08127191275,                 0,       75.14405072
          0,           0,         540,      -11.20038878,      -12.07501885,      -11.72957932,      -10.65027759,             0.448,    0.001081491598,     0.08126765961,                 0,                 0,                 0,     -0.0331212556,  -0.0006916104192,     0.08127191272,                 0,       75.14405083
          0,           0,         541,       -11.2133384,      -12.08777171,      -11.74372047,      -10.66319283,             0.448,    0.001081491596,     0.08126765958,                 0,                 0,                 0,    -0.03312125561,  -0.0006916104204,     0.08127191269,                 0,       75.14405093
          0,           0,         542,      -11.22640145,      -12.10081913,      -11.75790996,      -10.67622511,             0.448,    0.001081491594,     0.08126765955,                 0,                 0,                 0,    -0.03312125562,  -0.0006916104213,     0.08127191266,                 0,       75.14405102
          0,           0,         543,       -11.2395742,      -12.11414842,      -11.77212289,      -10.68937081,             0.448,    0.001081491593,     0.08126765952,                 0,                 0,                 0,    -0.03312125564,   -0.000691610422,     0.08127191263,                 0,       75.14405109
          0,           0,         544,      -11.25285135,      -12.12773547,      -11.78633405,      -10.70262478,             0.448,    0.001081491592,     0.08126765948,                 0,                 0,                 0,    -0.03312125565,  -0.0006916104225,     0.08127191259,                 0,       75.14405114
          0,           0,         545,       -11.2662259,      -12.14154746,      -11.80051704,      -10.71598003,             0.448,    0.001081491591,     0.08126765945,                 0,                 0,                 0,    -0.03312125566,  -0.0006916104228,     0.08127191256,                 0,       75.14405118
          0,           0,         546,      -11.27968955,      -12.15555648,      -11.81464604,      -10.72942839,             0.448,     0.00108149159,     0.08126765941,                 0,                 0,                 0,    -0.03312125567,  -0.0006916104229,     0.08127191252,                 0,       75.14405121
          0,           0,         547,      -11.29323247,      -12.16972945,      -11.82869517,      -10.74296011,             0.448,    0.001081491589,     0.08126765937,                 0,                 0,                 0,    -0.03312125568,  -0.0006916104227,     0.08127191249,                 0,       75.14405122
          0,           0,         548,      -11.30684361,      -12.18402919,       -11.8426405,      -10.75656422,             0.448,    0.001081491589,     0.08126765934,                 0,                 0,                 0,    -0.03312125569,  -0.0006916104224,     0.08127191245,                 0,       75.14405122
          0,           0,         549,      -11.32051089,      -12.19842208,      -11.85645916,      -10.77022868,             0.448,    0.001081491588,      0.0812676593,                 0,                 0,                 0,     -0.0331212557,   -0.000691610422,     0.08127191241,                 0,       75.14405121
          0,           0,         550,      -11.33422128,      -12.21286926,      -11.87013118,      -10.78394052,             0.448,    0.001081491588,     0.08126765926,                 0,                 0,                 0,     -0.0331212557,  -0.0006916104214,     0.08127191237,                 0,       75.14405119
          0,           0,         551,      -11.34796109,        -12.227339,      -11.88363931,      -10.79768606,             0.448,    0.001081491588,     0.08126765923,                 0,                 0,                 0,    -0.03312125571,  -0.0006916104206,     0.08127191234,                 0,       75.14405116
          0,           0,         552,      -11.36171618,      -12.24179969,       -11.8969694,      -10.81145115,             0.448,    0.001081491588,     0.08126765919,                 0,                 0,                 0,    -0.03312125572,  -0.0006916104198,      0.0812719123,                 0,       75.14405112
          0,           0,         553,       -11.3754722,      -12.25621671,       -11.9101113,      -10.82522158,             0.448,    0.001081491588,     0.08126765916,                 0,                 0,                 0,    -0.03312125573,  -0.0006916104188,     0.08127191227,                 0,       75.14405107
          0,           0,         554,      -11.38921487,      -12.27056893,      -11.92305819,      -10.83898284,             0.448,    0.001081491589,     0.08126765912,                 0,                 0,                 0,    -0.03312125573,  -0.0006916104177,     0.08127191223,                 0,       75.14405102
          0,           0,         555,      -11.40293032,      -12.28483921,       -11.9358078,      -10.85272106,             0.448,    0.001081491589,     0.08126765909,                 0,                 0,                 0,    -0.03312125574,  -0.0006916104166,      0.0812719122,                 0,       75.14405096
          0,           0,         556,      -11.41660507,      -12.29900724,      -11.94836163,      -10.86642254,             0.448,     0.00108149159,     0.08126765906,                 0,                 0,                 0,    -0.03312125574,  -0.0006916104154,     0.08127191217,                 0,       75.14405089
          0,           0,         557,      -11.43022684,      -12.31306565,      -11.96072532,      -10.88007502,             0.448,     0.00108149159,     0.08126765903,                 0,                 0,                 0,    -0.03312125575,  -0.0006916104141,     0.08127191214,                 0,       75.14405082
          0,           0,         558,      -11.44378421,      -12.32700751,      -11.97290808,      -10.89366668,             0.448,    0.001081491591,       0.081267659,                 0,                 0,                 0,    -0.03312125575,  -0.0006916104127,     0.08127191211,                 0,       75.14405075
          0,           0,         559,      -11.45726701,      -12.34083773,      -11.98492221,      -10.90718711,             0.448,    0.001081491592,     0.08126765897,                 0,                 0,                 0,    -0.03312125576,  -0.0006916104114,     0.08127191208,                 0,       75.14405067
          0,           0,         560,      -11.47066678,      -12.35455733,      -11.99678366,      -10.92062751,             0.448,    0.001081491593,     0.08126765894,                 0,                 0,                 0,    -0.03312125576,    -0.00069161041,     0.08127191205,                 0,       75.14405059
          0,           0,         561,       -11.4839766,       -12.3681773,      -12.00851024,      -10.93398058,             0.448,    0.001081491593,     0.08126765891,                 0,                 0,                 0,    -0.03312125576,  -0.0006916104085,     0.08127191203,                 0,        75.1440505
          0,           0,         562,      -11.49719134,       -12.3817167,      -12.02012183,      -10.94724073,             0.448,    0.001081491594,     0.08126765889,                 0,                 0,                 0,    -0.03312125577,  -0.0006916104071,       0.081271912,                 0,       75.14405042
          0,           0,         563,      -11.51030769,      -12.39517541,      -12.03164092,      -10.96040418,             0.448,    0.001081491595,     0.08126765887,                 0,                 0,                 0,    -0.03312125577,  -0.0006916104057,     0.08127191198,                 0,       75.14405033
          0,           0,         564,      -11.52332402,       -12.4085795,      -12.04308946,      -10.97346877,             0.448,    0.001081491596,     0.08126765884,                 0,                 0,                 0,    -0.03312125577,  -0.0006916104042,     0.08127191196,                 0,       75.14405025
          0,           0,         565,      -11.53624086,      -12.42194295,      -12.05449067,      -10.98643436,             0.448,    0.001081491597,     0.08126765882,                 0,                 0,                 0,    -0.03312125577,  -0.0006916104028,     0.08127191193,                 0,       75.14405016
          0,           0,         566,      -11.54905987,      -12.43528353,      -12.06586754,       -10.9993022,             0.448,    0.001081491598,      0.0812676588,                 0,                 0,                 0,    -0.03312125578,  -0.0006916104014,     0.08127191191,                 0,       75.14405007
          0,           0,         567,      -11.56178485,      -12.44861199,      -12.07724287,      -11.01207534,             0.448,    0.001081491599,     0.08126765878,                 0,                 0,                 0,    -0.03312125578,     -0.0006916104,     0.08127191189,                 0,       75.14404999
          0,           0,         568,      -11.57442084,      -12.46193353,      -12.08863819,      -11.02475821,             0.448,      0.0010814916,     0.08126765876,                 0,                 0,                 0,    -0.03312125578,  -0.0006916103987,     0.08127191187,                 0,       75.14404991
          0,           0,         569,      -11.58697391,      -12.47526779,      -12.10007404,      -11.03735645,             0.448,    0.001081491601,     0.08126765874,                 0,                 0,                 0,    -0.03312125579,  -0.0006916103973,     0.08127191186,                 0,       75.14404983
          0,           0,         570,      -11.59945144,      -12.48860423,      -12.11156984,      -11.04987669,             0.448,    0.001081491602,     0.08126765873,                 0,                 0,                 0,    -0.03312125579,   -0.000691610396,     0.08127191184,                 0,       75.14404975
          0,           0,         571,      -11.61186166,      -12.50195441,      -12.12314273,      -11.06232676,             0.448,    0.001081491603,     0.08126765871,                 0,                 0,                 0,    -0.03312125579,  -0.0006916103948,     0.08127191182,                 0,       75.14404967
          0,           0,         572,      -11.62421333,       -12.5153088,      -12.13480898,      -11.07471478,             0.448,    0.001081491604,      0.0812676587,                 0,                 0,                 0,    -0.03312125579,  -0.0006916103936,     0.08127191181,                 0,       75.14404959
          0,           0,         573,      -11.63651553,      -12.52866481,      -12.14658198,      -11.08704951,             0.448,    0.001081491604,     0.08126765868,                 0,                 0,                 0,    -0.03312125579,  -0.0006916103924,     0.08127191179,                 0,       75.14404952
          0,           0,         574,      -11.64877762,       -12.5419987,       -12.1584745,      -11.09933987,             0.448,    0.001081491605,     0.08126765867,                 0,                 0,                 0,     -0.0331212558,  -0.0006916103913,     0.08127191178,                 0,       75.14404945
          0,           0,         575,      -11.66100894,      -12.55530327,      -12.17049592,      -11.11159488,             0.448,    0.001081491606,     0.08126765865,                 0,                 0,                 0,     -0.0331212558,  -0.0006916103903,     0.08127191177,                 0,       75.14404939
          0,           0,         576,      -11.67321867,      -12.56856209,      -12.18265509,      -11.12382339,             0.448,    0.001081491607,     0.08126765864,                 0,                 0,                 0,     -0.0331212558,  -0.0006916103893,     0.08127191175,                 0,       75.14404933
          0,           0,         577,      -11.68541554,      -12.58174558,      -12.19495797,      -11.13603396,             0.448,    0.001081491607,     0.08126765863,                 0,                 0,                 0,     -0.0331212558,  -0.0006916103883,     0.08127191174,                 0,       75.14404927
          0,           0,         578,      -11.69760798,      -12.59483252,       -12.2074098,      -11.14823495,             0.448,    0.001081491608,     0.08126765862,                 0,                 0,                 0,    -0.03312125581,  -0.0006916103874,     0.08127191173,                 0,       75.14404921
          0,           0,         579,      -11.70980368,      -12.60780406,      -12.22001299,      -11.16043392,             0.448,    0.001081491609,     0.08126765861,                 0,                 0,                 0,    -0.03312125581,  -0.0006916103866,     0.08127191172,                 0,       75.14404916
          0,           0,         580,      -11.72200962,       -12.6206368,      -12.23276907,      -11.17263772,             0.448,    0.001081491609,      0.0812676586,                 0,                 0,                 0,    -0.03312125581,  -0.0006916103858,     0.08127191171,                 0,       75.14404911
          0,           0,         581,       -11.7342324,       -12.6333038,      -12.24567833,      -11.18485313,             0.448,     0.00108149161,     0.08126765859,                 0,                 0,                 0,    -0.03312125581,   -0.000691610385,      0.0812719117,                 0,       75.14404906
          0,           0,         582,      -11.74647754,      -12.64580384,       -12.2587381,      -11.19708583,             0.448,     0.00108149161,     0.08126765858,                 0,                 0,                 0,    -0.03312125581,  -0.0006916103843,     0.08127191169,                 0,       75.14404902
          0,           0,         583,      -11.75874976,      -12.65811019,      -12.27194633,      -11.20934049,             0.448,    0.001081491611,     0.08126765857,                 0,                 0,                 0,    -0.03312125582,  -0.0006916103837,     0.08127191168,                 0,       75.14404898
          0,           0,         584,      -11.77105339,      -12.67021525,      -12.28529822,      -11.22162177,             0.448,    0.001081491611,     0.08126765856,                 0,                 0,                 0,    -0.03312125582,  -0.0006916103831,     0.08127191168,                 0,       75.14404894
          0,           0,         585,      -11.78339168,      -12.68211354,      -12.29878823,      -11.23393308,             0.448,    0.001081491612,     0.08126765856,                 0,                 0,                 0,    -0.03312125582,  -0.0006916103826,     0.08127191167,                 0,       75.14404891
          0,           0,         586,      -11.79576728,      -12.69382599,      -12.31240908,       -11.2462773,             0.448,    0.001081491612,     0.08126765855,                 0,                 0,                 0,    -0.03312125582,  -0.0006916103821,     0.08127191166,                 0,       75.14404888
          0,           0,         587,      -11.80818236,      -12.70533724,       -12.3261531,      -11.25865702,             0.448,    0.001081491612,     0.08126765854,                 0,                 0,                 0,    -0.03312125582,  -0.0006916103817,     0.08127191165,                 0,       75.14404886
          0,           0,         588,      -11.82063843,      -12.71668616,      -12.34001122,      -11.27107398,             0.448,    0.001081491612,     0.08126765854,                 0,                 0,                 0,    -0.03312125582,  -0.0006916103813,     0.08127191165,                 0,       75.14404883
          0,           0,         589,      -11.83313638,      -12.72787975,      -12.35397293,      -11.28352964,             0.448,    0.001081491613,     0.08126765853,                 0,                 0,                 0,    -0.03312125582,  -0.0006916103809,     0.08127191164,                 0,       75.14404881
          0,           0,         590,      -11.84567664,      -12.73895834,      -12.36802744,      -11.29602455,             0.448,    0.001081491613,     0.08126765852,                 0,                 0,                 0,    -0.03312125582,  -0.0006916103806,     0.08127191164,                 0,       75.14404879
          0,           0,         591,      -11.85825945,      -12.74993314,      -12.38216179,      -11.30855969,             0.448,    0.001081491613,     0.08126765852,                 0,                 0,                 0,    -0.03312125582,  -0.0006916103803,     0.08127191163,                 0,       75.14404878
          0,           0,         592,      -11.87088449,      -12.76085622,      -12.39636347,      -11.32113506,             0.448,    0.001081491613,     0.08126765852,                 0,                 0,                 0,    -0.03312125582,  -0.0006916103801,     0.08127191163,                 0,       75.14404876
          0,           0,         593,       -11.8835516,      -12.77175278,      -12.41061885,        -11.333751,             0.448,    0.001081491613,     0.08126765851,                 0,                 0,                 0,    -0.03312125583,  -0.0006916103799,     0.08127191162,                 0,       75.14404875
          0,           0,         594,      -11.89625952,      -12.78267755,      -12.42491192,      -11.34640688,             0.448,    0.001081491613,     0.08126765851,                 0,                 0,                 0,    -0.03312125583,  -0.0006916103798,     0.08127191162,                 0,       75.14404874
          0,           0,         595,      -11.90900787,      -12.79365606,       -12.4392275,      -11.35910257,             0.448,    0.001081491613,      0.0812676585,                 0,                 0,                 0,    -0.03312125583,  -0.0006916103796,     0.08127191162,                 0,       75.14404874
          0,           0,         596,      -11.92179514,      -12.80473533,       -12.4535488,      -11.37183753,             0.448,    0.001081491613,      0.0812676585,                 0,                 0,                 0,    -0.03312125582,  -0.0006916103795,     0.08127191162,                 0,       75.14404873
          0,           0,         597,      -11.93462001,      -12.81594802,      -12.46785895,      -11.38461103,             0.448,    0.001081491613,      0.0812676585,                 0,                 0,                 0,    -0.03312125582,  -0.0006916103795,     0.08127191161,                 0,       75.14404873
          0,           0,         598,      -11.94748123,      -12.82732588,      -12.48214069,      -11.39742214,             0.448,    0.001081491613,      0.0812676585,                 0,                 0,                 0,    -0.03312125582,  -0.0006916103794,     0.08127191161,                 0,       75.14404873
          0,           0,         599,      -11.96037721,      -12.83890423,      -12.49637608,      -11.41026991,             0.448,    0.001081491613,      0.0812676585,                 0,                 0,                 0,    -0.03312125582,  -0.0006916103794,     0.08127191161,                 0,       75.14404872
          0,           0,         600,      -11.97330593,      -12.85071034,      -12.51054714,      -11.42315316,             0.448,    0.001081491613,      0.0812676585,                 0,                 0,                 0,    -0.03312125582,  -0.0006916103794,     0.08127191161,                 0,       75.14404872
          0,           0,         601,      -11.98626549,      -12.86277195,      -12.52463608,      -11.43607072,             0.448,    0.001081491613,      0.0812676585,                 0,                 0,                 0,    -0.03312125582,  -0.0006916103794,     0.08127191161,                 0,       75.14404873
          0,           0,         602,      -11.99925342,       -12.8751081,      -12.53862585,      -11.44902031,             0.448,    0.001081491613,      0.0812676585,                 0,                 0,                 0,    -0.03312125582,  -0.0006916103795,     0.08127191161,                 0,       75.14404873
          0,           0,         603,       -12.0122674,      -12.88772278,      -12.55249895,      -11.46200064,             0.448,    0.001081491613,      0.0812676585,                 0,                 0,                 0,    -0.03312125582,  -0.0006916103795,     0.08127191161,                 0,       75.14404873
          0,           0,         604,      -12.02530452,      -12.90065258,      -12.56623997,      -11.47500929,             0.448,    0.001081491613,      0.0812676585,                 0,                 0,                 0,    -0.03312125582,  -0.0006916103796,     0.08127191161,                 0,       75.14404874
          0,           0,         605,      -12.03836156,      -12.91386971,      -12.57983395,      -11.48804359,             0.448,    0.001081491613,      0.0812676585,                 0,                 0,                 0,    -0.03312125582,  -0.0006916103797,     0.08127191162,                 0,       75.14404874
          0,           0,         606,      -12.05143496,       -12.9273779,      -12.59326805,       -11.5011003,             0.448,    0.001081491613,     0.08126765851,                 0,                 0,                 0,    -0.03312125581,  -0.0006916103798,     0.08127191162,                 0,       75.14404875
          0,           0,         607,      -12.06452083,       -12.9411741,      -12.60653088,      -11.51417624,             0.448,    0.001081491613,     0.08126765851,                 0,                 0,                 0,    -0.03312125581,  -0.0006916103799,     0.08127191162,                 0,       75.14404875
          0,           0,         608,      -12.07761465,      -12.95524355,       -12.6196136,      -11.52726727,             0.448,    0.001081491613,     0.08126765851,                 0,                 0,                 0,    -0.03312125581,    -0.00069161038,     0.08127191162,                 0,       75.14404876
          0,           0,         609,      -12.09071154,      -12.96958852,      -12.63250875,      -11.54036893,             0.448,    0.001081491613,     0.08126765851,                 0,                 0,                 0,    -0.03312125581,  -0.0006916103802,     0.08127191163,                 0,       75.14404877
          0,           0,         610,       -12.1038069,       -12.9841612,      -12.64521127,      -11.55347655,             0.448,    0.001081491613,     0.08126765852,                 0,                 0,                 0,    -0.03312125581,  -0.0006916103803,     0.08127191163,                 0,       75.14404878
          0,           0,         611,      -12.11689521,      -12.99893142,      -12.65772078,       -11.5665853,             0.448,    0.001081491613,     0.08126765852,                 0,                 0,                 0,     -0.0331212558,  -0.0006916103805,     0.08127191164,                 0,       75.14404878
          0,           0,         612,      -12.12996994,      -13.01387682,      -12.67003749,      -11.57968802,             0.448,    0.001081491613,     0.08126765853,                 0,                 0,                 0,     -0.0331212558,  -0.0006916103806,     0.08127191164,                 0,       75.14404879
          0,           0,         613,      -12.14302601,      -13.02895363,      -12.68216652,      -11.59277993,             0.448,    0.001081491613,     0.08126765853,                 0,                 0,                 0,     -0.0331212558,  -0.0006916103808,     0.08127191165,                 0,        75.1440488
          0,           0,         614,      -12.15605634,       -13.0441438,      -12.69411354,      -11.60585385,             0.448,    0.001081491613,     0.08126765854,                 0,                 0,                 0,     -0.0331212558,   -0.000691610381,     0.08127191165,                 0,       75.14404881
          0,           0,         615,      -12.16905445,      -13.05937018,      -12.70588695,      -11.61890312,             0.448,    0.001081491613,     0.08126765854,                 0,                 0,                 0,     -0.0331212558,  -0.0006916103811,     0.08127191166,                 0,       75.14404882
          0,           0,         616,      -12.18201428,      -13.07461245,      -12.71750035,       -11.6319208,             0.448,    0.001081491613,     0.08126765855,                 0,                 0,                 0,    -0.03312125579,  -0.0006916103813,     0.08127191166,                 0,       75.14404883
          0,           0,         617,       -12.1949297,      -13.08979664,      -12.72896742,      -11.64490049,             0.448,    0.001081491613,     0.08126765855,                 0,                 0,                 0,    -0.03312125579,  -0.0006916103815,     0.08127191167,                 0,       75.14404884
          0,           0,         618,      -12.20779431,       -13.1048852,      -12.74030504,      -11.65783498,             0.448,    0.001081491613,     0.08126765856,                 0,                 0,                 0,    -0.03312125579,  -0.0006916103817,     0.08127191167,                 0,       75.14404884
          0,           0,         619,      -12.22060182,      -13.11985634,      -12.75152961,      -11.67071733,             0.448,    0.001081491613,     0.08126765857,                 0,                 0,                 0,    -0.03312125579,  -0.0006916103819,     0.08127191168,                 0,       75.14404885
          0,           0,         620,       -12.2333476,      -13.13465637,      -12.76265983,      -11.68354188,             0.448,    0.001081491612,     0.08126765857,                 0,                 0,                 0,    -0.03312125578,   -0.000691610382,     0.08127191169,                 0,       75.14404886
          0,           0,         621,      -12.24602693,      -13.14922414,      -12.77371934,      -11.69630308,             0.448,    0.001081491612,     0.08126765858,                 0,                 0,                 0,    -0.03312125578,  -0.0006916103822,     0.08127191169,                 0,       75.14404887
          0,           0,         622,      -12.25863456,      -13.16355261,       -12.7847259,      -11.70899385,             0.448,    0.001081491612,     0.08126765859,                 0,                 0,                 0,    -0.03312125578,  -0.0006916103824,      0.0812719117,                 0,       75.14404888
          0,           0,         623,      -12.27116857,      -13.17761184,      -12.79570218,      -11.72161157,             0.448,    0.001081491612,     0.08126765859,                 0,                 0,                 0,    -0.03312125578,  -0.0006916103826,     0.08127191171,                 0,       75.14404889
          0,           0,         624,      -12.28362537,      -13.19137065,      -12.80666977,       -11.7341517,             0.448,    0.001081491612,      0.0812676586,                 0,                 0,                 0,    -0.03312125578,  -0.0006916103828,     0.08127191171,                 0,        75.1440489
          0,           0,         625,      -12.29600454,       -13.2047865,      -12.81765066,      -11.74661247,             0.448,    0.001081491612,     0.08126765861,                 0,                 0,                 0,    -0.03312125578,  -0.0006916103829,     0.08127191172,                 0,       75.14404891
          0,           0,         626,      -12.30830479,      -13.21793626,      -12.82866243,      -11.75899096,             0.448,    0.001081491612,     0.08126765861,                 0,                 0,                 0,    -0.03312125577,  -0.0006916103831,     0.08127191172,                 0,       75.14404892
          0,           0,         627,      -12.32052737,      -13.23074575,      -12.83972288,      -11.77128706,             0.448,    0.001081491612,     0.08126765862,                 0,                 0,                 0,    -0.03312125577,  -0.0006916103833,     0.08127191173,                 0,       75.14404892
          0,           0,         628,      -12.33267373,      -13.24324057,      -12.85085531,      -11.78350198,             0.448,    0.001081491612,     0.08126765862,                 0,                 0,                 0,    -0.03312125577,  -0.0006916103835,     0.08127191174,                 0,       75.14404893
          0,           0,         629,      -12.34474724,      -13.25542162,      -12.86207534,      -11.79563644,             0.448,    0.001081491612,     0.08126765863,                 0,                 0,                 0,    -0.03312125577,  -0.0006916103837,     0.08127191174,                 0,       75.14404894
          0,           0,         630,      -12.35675092,      -13.26733659,      -12.87339431,      -11.80769441,             0.448,    0.001081491612,     0.08126765864,                 0,                 0,                 0,    -0.03312125577,  -0.0006916103838,     0.08127191175,                 0,       75.14404895
          0,           0,         631,      -12.36868951,      -13.27900657,       -12.8848276,      -11.81967816,             0.448,    0.001081491612,     0.08126765864,                 0,                 0,                 0,    -0.03312125577,   -0.000691610384,     0.08127191175,                 0,       75.14404896
          0,           0,         632,      -12.38056931,      -13.29043077,      -12.89638674,      -11.83159416,             0.448,    0.001081491612,     0.08126765865,                 0,                 0,                 0,    -0.03312125577,  -0.0006916103842,     0.08127191176,                 0,       75.14404897
          0,           0,         633,      -12.39239704,       -13.3016576,       -12.9080835,      -11.84344879,             0.448,    0.001081491612,     0.08126765865,                 0,                 0,                 0,    -0.03312125576,  -0.0006916103843,     0.08127191177,                 0,       75.14404897
          0,           0,         634,      -12.40417904,      -13.31270696,      -12.91992364,      -11.85524753,             0.448,    0.001081491612,     0.08126765866,                 0,                 0,                 0,    -0.03312125576,  -0.0006916103845,     0.08127191177,                 0,       75.14404898
          0,           0,         635,      -12.41592376,       -13.3236404,      -12.93191312,      -11.86699779,             0.448,    0.001081491612,     0.08126765866,                 0,                 0,                 0,    -0.03312125576,  -0.0006916103846,     0.08127191178,                 0,       75.14404899
          0,           0,         636,      -12.42763957,      -13.33446198,       -12.9440548,      -11.87870965,             0.448,    0.001081491612,     0.08126765867,                 0,                 0,                 0,    -0.03312125576,  -0.0006916103848,     0.08127191178,                 0,         75.144049
          0,           0,         637,      -12.43933486,       -13.3451827,       -12.9563481,      -11.89039094,             0.448,    0.001081491612,     0.08126765867,                 0,                 0,                 0,    -0.03312125576,  -0.0006916103849,     0.08127191178,                 0,       75.14404901
          0,           0,         638,      -12.45101874,      -13.35585185,      -12.96880051,       -11.9020508,             0.448,    0.001081491612,     0.08126765868,                 0,                 0,                 0,    -0.03312125576,  -0.0006916103851,     0.08127191179,                 0,       75.14404901
          0,           0,         639,      -12.46269955,      -13.36651424,      -12.98140273,       -11.9136983,             0.448,    0.001081491612,     0.08126765868,                 0,                 0,                 0,    -0.03312125576,  -0.0006916103852,     0.08127191179,                 0,       75.14404902
          0,           0,         640,      -12.47438622,      -13.37711775,      -12.99415638,      -11.92534381,             0.448,    0.001081491612,     0.08126765868,                 0,                 0,                 0,    -0.03312125576,  -0.0006916103853,      0.0812719118,                 0,       75.14404903
          0,           0,         641,      -12.48608746,      -13.38781359,      -13.00704856,      -11.93699433,             0.448,    0.001081491612,     0.08126765869,                 0,                 0,                 0,    -0.03312125576,  -0.0006916103855,      0.0812719118,                 0,       75.14404903
          0,           0,         642,      -12.49781163,      -13.39849181,      -13.02007691,      -11.94866198,             0.448,    0.001081491611,     0.08126765869,                 0,                 0,                 0,    -0.03312125576,  -0.0006916103856,      0.0812719118,                 0,       75.14404904
          0,           0,         643,      -12.50956654,      -13.40922944,      -13.03322927,       -11.9603538,             0.448,    0.001081491611,     0.08126765869,                 0,                 0,                 0,    -0.03312125576,  -0.0006916103857,      0.0812719118,                 0,       75.14404905
          0,           0,         644,      -12.52136035,      -13.41997516,       -13.0464998,      -11.97207927,             0.448,    0.001081491611,     0.08126765869,                 0,                 0,                 0,    -0.03312125576,  -0.0006916103858,     0.08127191181,                 0,       75.14404905
          0,           0,         645,      -12.53319693,      -13.43082854,      -13.05987135,       -11.9838428,             0.448,    0.001081491611,      0.0812676587,                 0,                 0,                 0,    -0.03312125576,  -0.0006916103859,     0.08127191181,                 0,       75.14404906
          0,           0,         646,      -12.54508571,      -13.44175054,      -13.07333264,      -11.99565662,             0.448,    0.001081491611,      0.0812676587,                 0,                 0,                 0,    -0.03312125576,   -0.000691610386,     0.08127191181,                 0,       75.14404907
          0,           0,         647,      -12.55703116,      -13.45276444,      -13.08687231,      -12.00752375,             0.448,    0.001081491611,      0.0812676587,                 0,                 0,                 0,    -0.03312125576,  -0.0006916103861,     0.08127191181,                 0,       75.14404907
          0,           0,         648,      -12.56903613,      -13.46383459,      -13.10047023,      -12.01945112,             0.448,    0.001081491611,      0.0812676587,                 0,                 0,                 0,    -0.03312125576,  -0.0006916103862,     0.08127191181,                 0,       75.14404908
          0,           0,         649,      -12.58110753,      -13.47502547,      -13.11411408,      -12.03144337,             0.448,    0.001081491611,      0.0812676587,                 0,                 0,                 0,    -0.03312125576,  -0.0006916103863,     0.08127191182,                 0,       75.14404908
          0,           0,         650,      -12.59324699,      -13.48632177,      -13.12778867,      -12.04350616,             0.448,    0.001081491611,      0.0812676587,                 0,                 0,                 0,    -0.03312125576,  -0.0006916103864,     0.08127191182,                 0,       75.14404909
          0,           0,         651,      -12.60545765,      -13.49775715,       -13.1414785,      -12.05564262,             0.448,    0.001081491611,      0.0812676587,                 0,                 0,                 0,    -0.03312125576,  -0.0006916103864,     0.08127191182,                 0,       75.14404909
          0,           0,         652,      -12.61774037,      -13.50922718,      -13.15516222,      -12.06785393,             0.448,    0.001081491611,      0.0812676587,                 0,                 0,                 0,    -0.03312125576,  -0.0006916103865,     0.08127191182,                 0,        75.1440491
          0,           0,         653,      -12.63009624,      -13.52086593,      -13.16883188,      -12.08014273,             0.448,    0.001081491611,      0.0812676587,                 0,                 0,                 0,    -0.03312125576,  -0.0006916103866,     0.08127191182,                 0,        75.1440491
          0,           0,         654,      -12.64252738,      -13.53268307,      -13.18246262,      -12.09251118,             0.448,    0.001081491611,      0.0812676587,                 0,                 0,                 0,    -0.03312125576,  -0.0006916103866,     0.08127191182,                 0,        75.1440491
          0,           0,         655,      -12.65503064,      -13.54458242,      -13.19604981,      -12.10495804,             0.448,    0.001081491611,      0.0812676587,                 0,                 0,                 0,    -0.03312125577,  -0.0006916103867,     0.08127191182,                 0,       75.14404911
          0,           0,         656,      -12.66760549,      -13.55661705,      -13.20957767,      -12.11748281,             0.448,    0.001081491611,      0.0812676587,                 0,                 0,                 0,    -0.03312125577,  -0.0006916103867,     0.08127191182,                 0,       75.14404911
          0,           0,         657,       -12.6802505,      -13.56874587,      -13.22302302,       -12.1300845,             0.448,    0.001081491611,      0.0812676587,                 0,                 0,                 0,    -0.03312125577,  -0.0006916103867,     0.08127191182,                 0,       75.14404911
          0,           0,         658,      -12.69296215,      -13.58106152,      -13.23638457,      -12.14276102,             0.448,    0.001081491611,      0.0812676587,                 0,                 0,                 0,    -0.03312125577,  -0.0006916103867,     0.08127191181,                 0,       75.14404911
          0,           0,         659,      -12.70573821,      -13.59360069,      -13.24964651,       -12.1555088,             0.448,    0.001081491611,      0.0812676587,                 0,                 0,                 0,    -0.03312125577,  -0.0006916103868,     0.08127191181,                 0,       75.14404912
          0,           0,         660,      -12.71857363,      -13.60623535,      -13.26280049,      -12.16832436,             0.448,     0.00108149161,      0.0812676587,                 0,                 0,                 0,    -0.03312125577,  -0.0006916103868,     0.08127191181,                 0,       75.14404912
          0,           0,         661,      -12.73146348,      -13.61897427,      -13.27584146,      -12.18120308,             0.448,     0.00108149161,      0.0812676587,                 0,                 0,                 0,    -0.03312125577,  -0.0006916103868,     0.08127191181,                 0,       75.14404912
          0,           0,         662,      -12.74440494,      -13.63193986,      -13.28875431,      -12.19414034,             0.448,     0.00108149161,      0.0812676587,                 0,                 0,                 0,    -0.03312125577,  -0.0006916103868,     0.08127191181,                 0,       75.14404912
          0,           0,         663,      -12.75738956,      -13.64508407,      -13.30154297,      -12.20712995,             0.448,     0.00108149161,      0.0812676587,                 0,                 0,                 0,    -0.03312125577,  -0.0006916103868,     0.08127191181,                 0,       75.14404912
          0,           0,         664,      -12.77041167,       -13.6584701,      -13.31419756,       -12.2201658,             0.448,     0.00108149161,     0.08126765869,                 0,                 0,                 0,    -0.03312125577,  -0.0006916103868,     0.08127191181,                 0,       75.14404912
          0,           0,         665,      -12.78346431,      -13.67194223,       -13.3267228,      -12.23323922,             0.448,     0.00108149161,     0.08126765869,                 0,                 0,                 0,    -0.03312125577,  -0.0006916103868,     0.08127191181,                 0,       75.14404912
          0,           0,         666,      -12.79654122,      -13.68560761,      -13.33911016,      -12.24634474,             0.448,     0.00108149161,     0.08126765869,                 0,                 0,                 0,    -0.03312125577,  -0.0006916103868,      0.0812719118,                 0,       75.14404912
          0,           0,         667,      -12.80963511,      -13.69941733,      -13.35136656,      -12.25947469,             0.448,     0.00108149161,     0.08126765869,                 0,                 0,                 0,    -0.03312125577,  -0.0006916103868,      0.0812719118,                 0,       75.14404912
          0,           0,         668,      -12.82273446,      -13.71347858,      -13.36348997,       -12.2726156,             0.448,     0.00108149161,     0.08126765869,                 0,                 0,                 0,    -0.03312125577,  -0.0006916103867,      0.0812719118,                 0,       75.14404912
          0,           0,         669,       -12.8358376,      -13.72754891,      -13.37548259,      -12.28576727,             0.448,     0.00108149161,     0.08126765869,                 0,                 0,                 0,    -0.03312125577,  -0.0006916103867,      0.0812719118,                 0,       75.14404912
          0,           0,         670,      -12.84892986,      -13.74189814,      -13.38735612,      -12.29891295,             0.448,     0.00108149161,     0.08126765868,                 0,                 0,                 0,    -0.03312125577,  -0.0006916103867,      0.0812719118,                 0,       75.14404912
          0,           0,         671,      -12.86200859,      -13.75611925,       -13.3991053,      -12.31204989,             0.448,     0.00108149161,     0.08126765868,                 0,                 0,                 0,    -0.03312125577,  -0.0006916103866,     0.08127191179,                 0,       75.14404912
          0,           0,         672,      -12.87506034,      -13.77067396,      -13.41074953,      -12.32516311,             0.448,     0.00108149161,     0.08126765868,                 0,                 0,                 0,    -0.03312125578,  -0.0006916103866,     0.08127191179,                 0,       75.14404912
          0,           0,         673,       -12.8880806,      -13.78509831,      -13.42230028,      -12.33824876,             0.448,     0.00108149161,     0.08126765868,                 0,                 0,                 0,    -0.03312125578,  -0.0006916103866,     0.08127191179,                 0,       75.14404912
          0,           0,         674,      -12.90105933,      -13.79959877,      -13.43374931,      -12.35129445,             0.448,     0.00108149161,     0.08126765868,                 0,                 0,                 0,    -0.03312125578,  -0.0006916103865,     0.08127191179,                 0,       75.14404911
          0,           0,         675,      -12.91399101,      -13.81410363,      -13.44510828,      -12.36429343,             0.448,     0.00108149161,     0.08126765867,                 0,                 0,                 0,    -0.03312125578,  -0.0006916103865,     0.08127191179,                 0,       75.14404911
          0,           0,         676,      -12.92686853,      -13.82860111,      -13.45640468,      -12.37723888,             0.448,     0.00108149161,     0.08126765867,                 0,                 0,                 0,    -0.03312125578,  -0.0006916103865,     0.08127191179,                 0,       75.14404911
          0,           0,         677,      -12.93968368,      -13.84302344,      -13.46764481,      -12.39011995,             0.448,     0.00108149161,     0.08126765867,                 0,                 0,                 0,    -0.03312125578,  -0.0006916103864,     0.08127191178,                 0,       75.14404911
          0,           0,         678,      -12.95243172,       -13.8574248,      -13.47882486,      -12.40293395,             0.448,     0.00108149161,     0.08126765867,                 0,                 0,                 0,    -0.03312125578,  -0.0006916103864,     0.08127191178,                 0,       75.14404911
          0,           0,         679,      -12.96510953,      -13.87149139,      -13.48998108,      -12.41567565,             0.448,     0.00108149161,     0.08126765867,                 0,                 0,                 0,    -0.03312125578,  -0.0006916103863,     0.08127191178,                 0,        75.1440491
          0,           0,         680,      -12.97770991,      -13.88552789,      -13.50109305,      -12.42833458,             0.448,     0.00108149161,     0.08126765867,                 0,                 0,                 0,    -0.03312125578,  -0.0006916103863,     0.08127191178,                 0,        75.1440491
          0,           0,         681,      -12.99023602,      -13.89934148,      -13.51221449,      -12.44091708,             0.448,     0.00108149161,     0.08126765867,                 0,                 0,                 0,    -0.03312125578,  -0.0006916103862,     0.08127191178,                 0,        75.1440491
          0,           0,         682,      -13.00268168,      -13.91298165,       -13.5233235,      -12.45341318,             0.448,     0.00108149161,     0.08126765866,                 0,                 0,                 0,    -0.03312125578,  -0.0006916103862,     0.08127191178,                 0,        75.1440491
