"Time_Iter",    "Cur_Time"    ,     "rms[P]"     ,     "rms[U]"     ,     "rms[V]"     ,    "Avg_Press"   ,       "CD"       ,       "CL"       ,     "probe1"     
          0,                 0,      -6.709790204,      -7.571146623,      -7.787236086,                 0,       43.82429791,    -0.04286123602,      0.1198632239
          1,              0.01,      -6.821342176,      -7.696448834,      -8.051464577,                 0,      -8.674072706,      0.0383281498,      0.1196208578
          2,              0.02,      -6.834389923,      -7.665008669,      -8.102010183,                 0,       1.390490908,    0.009634871193,      0.1195717042
          3,              0.03,      -6.757176482,      -7.536251781,      -8.087268888,                 0,       1.862731766,    -0.01252600662,      0.1196233742
          4,              0.04,      -7.046233194,      -7.735564922,      -8.444072316,                 0,        1.82536234,   -0.005468234329,      0.1196537537
          5,              0.05,      -7.137984758,      -7.875888461,      -8.480900548,                 0,       1.835925888,  -2.310216661e-05,      0.1196324226
          6,              0.06,      -7.176371777,      -7.894458498,      -8.547807931,                 0,       1.869315677,    0.002749511594,      0.1195904407
          7,              0.07,      -7.706792048,      -8.472261483,      -8.924354272,                 0,       1.897341954,    0.003319363832,      0.1195617368
          8,              0.08,      -7.732593445,      -8.450621336,      -9.030187246,                 0,       1.907114729,    0.001324621152,      0.1195549153
          9,              0.09,      -7.757411176,      -8.490924011,      -9.052995588,                 0,       1.910772529,   -0.001056948446,      0.1195621574
         10,               0.1,      -8.032258051,      -8.804207627,      -9.232421576,                 0,       1.923933606,   -0.001531169843,      0.1195697807
         11,              0.11,      -8.243469402,      -9.026286471,      -9.369942237,                 0,       1.950087337,  -0.0006999025687,      0.1195687622
         12,              0.12,      -8.211942143,      -8.975252944,      -9.310852826,                 0,       1.981447725,   0.0005274744174,       0.119557703
         13,              0.13,      -8.220779642,      -8.993198962,      -9.339892016,                 0,       2.009525832,   0.0008722540265,      0.1195401051
         14,              0.14,      -8.339796264,      -9.117902617,      -9.525907898,                 0,       2.028827635,   0.0002997556738,      0.1195204882
         15,              0.15,      -8.587820474,      -9.369354887,      -9.798997659,                 0,       2.039748222,  -0.0003082350696,      0.1195017466
         16,              0.16,       -8.63647433,      -9.411880854,      -9.750265395,                 0,       2.045261097,  -0.0004694720256,      0.1194847846
         17,              0.17,      -8.504687121,      -9.299792919,      -9.674952405,                 0,       2.047781455,  -0.0005181720359,      0.1194697132
         18,              0.18,      -8.451045994,      -9.249099743,      -9.678193872,                 0,       2.046568494,  -0.0003769589556,      0.1194565433
         19,              0.19,      -8.486312893,      -9.286089776,      -9.733467658,                 0,       2.042627555,  -0.0002035217353,      0.1194450942
         20,               0.2,      -8.635087297,      -9.439711404,      -9.876771068,                 0,       2.036190635,  -0.0001505804361,      0.1194347625
         21,              0.21,       -8.99362154,      -9.795220907,      -10.17233095,                 0,       2.027178354,  -0.0001751358941,      0.1194248379
         22,              0.22,      -9.151738194,      -9.958048735,      -10.21994735,                 0,        2.01598708,  -0.0001784090515,      0.1194147506
         23,              0.23,      -8.762344947,      -9.564523221,      -9.950749964,                 0,       2.004609725,  -0.0001509041362,       0.119403916
         24,              0.24,      -8.631429219,      -9.434503773,      -9.853582501,                 0,       1.990457668,  -0.0001351767914,      0.1193920037
         25,              0.25,      -8.639464923,      -9.443026103,      -9.866201121,                 0,       1.976556818,  -4.692916836e-05,      0.1193790137
         26,              0.26,      -8.774179175,      -9.575661334,      -9.984444902,                 0,       1.962761129,   1.344862509e-05,      0.1193651312
         27,              0.27,      -9.109798399,       -9.91308202,      -10.23513233,                 0,       1.948787394,   3.931957585e-05,      0.1193507044
         28,              0.28,      -9.355509449,      -10.13174477,      -10.42564419,                 0,       1.935262479,   7.305794562e-05,      0.1193361043
         29,              0.29,      -8.986760378,      -9.779641058,      -10.21354056,                 0,       1.922630224,   8.613345742e-05,      0.1193216712
         30,               0.3,      -8.862415461,      -9.660290744,      -10.09927437,                 0,       1.908758474,   4.103334533e-05,      0.1193077688
         31,              0.31,      -8.862506887,      -9.664854545,      -10.09679534,                 0,       1.895846049,   6.508038511e-05,      0.1192946895
         32,              0.32,      -8.951040943,       -9.76369578,      -10.18235338,                 0,       1.883619186,   9.928658286e-05,      0.1192824791
         33,              0.33,      -9.136530886,      -9.962915318,      -10.36156031,                 0,       1.871891758,   0.0001272755408,      0.1192709582
         34,              0.34,      -9.461962182,      -10.31507484,      -10.58131186,                 0,       1.860481338,   0.0001459001056,      0.1192598301
         35,              0.35,      -9.412807682,      -10.20647335,      -10.44021458,                 0,       1.850465101,   0.0001933778882,      0.1192487475
         36,              0.36,      -9.134684863,      -9.936601717,      -10.27949051,                 0,       1.840324359,   0.0002125888481,      0.1192373473
         37,              0.37,      -9.007873682,      -9.818269421,      -10.20482686,                 0,       1.829786867,   0.0002056742623,       0.119225416
         38,              0.38,      -8.992855652,      -9.805376374,      -10.20656952,                 0,       1.819900312,   0.0002200698646,      0.1192129184
         39,              0.39,      -9.083202573,      -9.891342481,      -10.28550714,                 0,       1.810492474,   0.0002327117008,      0.1191999582
         40,               0.4,      -9.314785155,      -10.12097273,      -10.44501036,                 0,       1.801392835,   0.0002327726185,      0.1191867298
         41,              0.41,      -9.635502224,      -10.47100748,      -10.64017026,                 0,       1.792530169,   0.0002288438697,      0.1191734455
         42,              0.42,      -9.431614652,      -10.26153548,      -10.60744894,                 0,       1.785230397,   0.0002659870156,       0.119160247
         43,              0.43,       -9.25593561,      -10.07284198,      -10.50478427,                 0,       1.777163259,   0.0002504626438,       0.119147261
         44,              0.44,      -9.203698215,      -10.01200981,      -10.45495202,                 0,       1.769073836,   0.0002227047346,       0.119134595
         45,              0.45,      -9.240883809,      -10.04529564,      -10.47955677,                 0,       1.761425137,   0.0002241883686,      0.1191222844
         46,              0.46,      -9.349240742,      -10.15551772,      -10.56002183,                 0,         1.7540414,   0.0002392755953,      0.1191102773
         47,              0.47,       -9.51976027,      -10.33028626,      -10.66401405,                 0,       1.746825679,   0.0002530011258,      0.1190984679
         48,              0.48,      -9.655457539,      -10.47773101,      -10.69094506,                 0,        1.73996011,   0.0002684347603,      0.1190867305
         49,              0.49,       -9.55968361,      -10.36593325,       -10.5829111,                 0,       1.733852723,   0.0002988172695,      0.1190749229
         50,               0.5,      -9.410097198,      -10.20956049,      -10.49332472,                 0,       1.727665151,   0.0003153211715,      0.1190629216
         51,              0.51,      -9.319936561,      -10.12267935,      -10.45663565,                 0,       1.721251357,   0.0003056479038,      0.1190506711
         52,              0.52,      -9.307179401,        -10.112282,      -10.46400688,                 0,       1.715014163,   0.0002989898451,      0.1190381761
         53,              0.53,      -9.378908735,      -10.18166692,      -10.51770782,                 0,       1.709009212,   0.0003019396412,      0.1190254746
         54,              0.54,      -9.541019854,      -10.34259671,      -10.61317097,                 0,       1.703149037,   0.0003050239254,      0.1190126211
         55,              0.55,      -9.693910223,      -10.50682319,      -10.71510565,                 0,       1.697686025,   0.0003100715419,      0.1189996605
         56,              0.56,       -9.63279629,      -10.45091131,      -10.73294026,                 0,       1.692724909,    0.000322839168,      0.1189866113
         57,              0.57,      -9.535471599,      -10.34796509,      -10.71583151,                 0,       1.687584039,   0.0003188807316,      0.1189734965
         58,              0.58,      -9.502277489,      -10.30990979,      -10.70853755,                 0,       1.682325568,    0.000298570838,       0.118960352
         59,              0.59,      -9.528690902,      -10.33573717,      -10.72402385,                 0,       1.677214682,   0.0002862202832,      0.1189471955
         60,               0.6,      -9.593107185,      -10.40626626,      -10.75729987,                 0,       1.672274457,   0.0002838670276,      0.1189340059
         61,              0.61,       -9.66951704,      -10.48988641,      -10.78672354,                 0,       1.667486928,   0.0002840339703,      0.1189207297
         62,              0.62,      -9.720767078,      -10.53727473,      -10.77937448,                 0,       1.662870692,   0.0002840500473,      0.1189072962
         63,              0.63,       -9.70732513,      -10.50615245,      -10.72835845,                 0,       1.658426265,   0.0002843691699,      0.1188936308
         64,              0.64,      -9.645822863,      -10.43532646,      -10.67030054,                 0,       1.654062528,   0.0002813773708,      0.1188796697
         65,              0.65,       -9.58364264,      -10.37505281,      -10.63441703,                 0,        1.64970789,   0.0002699471179,      0.1188653778
         66,              0.66,      -9.553702643,       -10.3484091,      -10.62685628,                 0,       1.645444568,   0.0002519490498,      0.1188507557
         67,              0.67,      -9.571151529,      -10.36626612,      -10.64568874,                 0,       1.641254896,   0.0002328977746,      0.1188358381
         68,              0.68,      -9.634802826,      -10.42777329,      -10.68758099,                 0,        1.63717512,   0.0002148670857,      0.1188206834
         69,              0.69,      -9.715395368,      -10.50872977,      -10.74234594,                 0,       1.633229205,   0.0001974016253,      0.1188053681
         70,               0.7,      -9.753202569,      -10.55538718,      -10.78741223,                 0,        1.62945185,   0.0001805075551,      0.1187899805
         71,              0.71,       -9.73525278,      -10.54660251,      -10.81064309,                 0,       1.625768591,   0.0001614227867,       0.118774623
         72,              0.72,      -9.709486691,      -10.52335285,      -10.82298565,                 0,       1.622082683,   0.0001363557204,       0.118759419
         73,              0.73,      -9.703965228,      -10.51697779,      -10.83275599,                 0,       1.618412892,   0.0001077492306,      0.1187445111
         74,              0.74,      -9.719180737,      -10.53168741,      -10.84187587,                 0,        1.61480858,   8.072171977e-05,      0.1187300507
         75,              0.75,       -9.74432912,      -10.55676021,       -10.8475061,                 0,       1.611290305,   5.644657593e-05,      0.1187161916
         76,              0.76,      -9.767031221,      -10.57706601,      -10.84303109,                 0,       1.607860506,   3.362837027e-05,      0.1187030906
         77,              0.77,      -9.775929486,      -10.57906419,      -10.82402493,                 0,       1.604515282,   1.114272531e-05,      0.1186909116
         78,              0.78,      -9.766263001,      -10.56025971,       -10.7952489,                 0,       1.601293696,  -1.161396829e-05,      0.1186798281
         79,              0.79,      -9.743604461,      -10.53112376,      -10.76698946,                 0,       1.598140092,   -3.56145913e-05,      0.1186700303
         80,               0.8,      -9.721297021,      -10.50654184,      -10.74866869,                 0,       1.595023147,   -6.15691186e-05,      0.1186617234
         81,              0.81,      -9.711662584,      -10.49705549,      -10.74458264,                 0,       1.591939267,  -8.930251716e-05,       0.118655124
         82,              0.82,      -9.720684742,      -10.50684596,       -10.7547383,                 0,        1.58890007,  -0.0001178123933,      0.1186504545
         83,              0.83,      -9.745338702,      -10.53280654,      -10.77621047,                 0,       1.585921536,  -0.0001459842311,      0.1186479362
         84,              0.84,      -9.773707071,      -10.56424811,      -10.80337965,                 0,       1.583014022,  -0.0001731775503,      0.1186477817
         85,              0.85,      -9.791818138,      -10.58768807,      -10.82934419,                 0,       1.580175772,   -0.000199387127,      0.1186501888
         86,              0.86,      -9.795638083,      -10.59732374,      -10.84977354,                 0,       1.577390514,   -0.000225113282,      0.1186553357
         87,              0.87,        -9.7926163,      -10.59853749,      -10.86437304,                 0,       1.574641513,  -0.0002507600205,      0.1186633768
         88,              0.88,      -9.791237911,      -10.59936803,      -10.87427857,                 0,       1.571925533,  -0.0002758859822,      0.1186744375
         89,              0.89,      -9.794514788,      -10.60322862,      -10.87989759,                 0,       1.569249468,  -0.0002995440174,      0.1186886073
         90,               0.9,      -9.800753526,      -10.60846487,      -10.88063875,                 0,       1.566620296,  -0.0003210832566,      0.1187059352
         91,              0.91,       -9.80637509,      -10.61114724,      -10.87561606,                 0,       1.564040694,  -0.0003403727846,      0.1187264263
         92,              0.92,      -9.808490198,      -10.60850269,      -10.86526233,                 0,       1.561545474,  -0.0003575030561,       0.118750042
         93,              0.93,       -9.80515233,      -10.59965177,      -10.85123713,                 0,       1.559106886,  -0.0003727562792,      0.1187767021
         94,              0.94,      -9.797755758,      -10.58746204,      -10.83726888,                 0,       1.556707491,  -0.0003863938375,      0.1188062846
         95,              0.95,      -9.789924468,      -10.57653276,      -10.82712264,                 0,       1.554342295,   -0.000398598922,      0.1188386264
         96,              0.96,      -9.785575774,      -10.57081987,      -10.82323615,                 0,       1.552008936,  -0.0004095298005,      0.1188735253
         97,              0.97,      -9.787060049,      -10.57225375,      -10.82633652,                 0,       1.549708988,  -0.0004191111211,      0.1189107411
         98,              0.98,      -9.793983662,      -10.58012318,      -10.83553438,                 0,       1.547445515,  -0.0004270554657,      0.1189499966
         99,              0.99,      -9.803486524,      -10.59150027,       -10.8487316,                 0,       1.545220969,  -0.0004330362366,      0.1189909789
        100,                 1,      -9.811934204,       -10.6026487,      -10.86329715,                 0,       1.543035369,  -0.0004368222236,      0.1190333415
        101,              1.01,      -9.817133205,      -10.61093571,      -10.87691186,                 0,       1.540886001,  -0.0004383707558,      0.1190767065
        102,              1.02,      -9.819292732,      -10.61587883,      -10.88813302,                 0,       1.538769131,  -0.0004377121355,      0.1191206678
        103,              1.03,       -9.82003739,      -10.61851546,      -10.89634776,                 0,        1.53668231,  -0.0004348222014,      0.1191647941
        104,              1.04,      -9.820812176,      -10.61999418,      -10.90139115,                 0,       1.534625294,  -0.0004296407397,      0.1192086316
        105,              1.05,      -9.822046208,      -10.62067955,      -10.90321909,                 0,       1.532599872,  -0.0004219861466,      0.1192517085
        106,              1.06,      -9.823200948,      -10.62012885,      -10.90186715,                 0,       1.530605752,  -0.0004117579331,      0.1192935383
        107,              1.07,      -9.823412766,      -10.61775798,      -10.89770437,                 0,       1.528642927,  -0.0003990082195,      0.1193336248
        108,              1.08,      -9.822550507,      -10.61391835,      -10.89192748,                 0,       1.526741984,  -0.0003838132399,      0.1193714671
        109,              1.09,      -9.820276936,      -10.60885546,      -10.88555885,                 0,        1.52487416,  -0.0003664224056,      0.1194065639
        110,               1.1,      -9.817697357,      -10.60403695,      -10.88036751,                 0,        1.52303439,  -0.0003470253738,      0.1194384197
        111,              1.11,      -9.815939839,      -10.60079734,      -10.87769792,                 0,       1.521220051,  -0.0003257758233,      0.1194665497
        112,              1.12,      -9.815793532,      -10.59995506,      -10.87821554,                 0,        1.51943045,  -0.0003028603505,      0.1194904834
        113,              1.13,      -9.817479199,      -10.60165061,      -10.88192014,                 0,       1.517666129,  -0.0002783734779,      0.1195097676
        114,              1.14,      -9.820518666,      -10.60528281,      -10.88819722,                 0,       1.515927522,  -0.0002523540359,        0.11952397
        115,              1.15,      -9.823988706,      -10.60977483,      -10.89600974,                 0,       1.514214556,  -0.0002247654332,      0.1195326811
        116,              1.16,      -9.827002656,      -10.61403748,      -10.90419209,                 0,       1.512526641,  -0.0001956427802,      0.1195355166
        117,              1.17,       -9.82913529,      -10.61739635,      -10.91174859,                 0,       1.510862887,  -0.0001651128941,       0.119532119
        118,              1.18,      -9.830472946,       -10.6196867,      -10.91800505,                 0,       1.509222425,  -0.0001332886501,      0.1195221592
        119,              1.19,      -9.831333286,      -10.62103026,      -10.92259146,                 0,       1.507604612,  -0.0001002405013,      0.1195053371
        120,               1.2,      -9.831968502,      -10.62157575,      -10.92536383,                 0,       1.506009104,  -6.608274462e-05,      0.1194813828
        121,              1.21,      -9.832436471,      -10.62137008,      -10.92634667,                 0,       1.504435802,  -3.096180407e-05,      0.1194500572
        122,              1.22,      -9.832623208,      -10.62038921,      -10.92573476,                 0,       1.502884544,   5.004104773e-06,      0.1194111521
        123,              1.23,      -9.832358047,      -10.61865418,      -10.92392215,                 0,       1.501354961,   4.164591028e-05,      0.1193644913
        124,              1.24,      -9.831612674,      -10.61638155,      -10.92151918,                 0,       1.499846558,   7.875782419e-05,        0.11930993
        125,              1.25,      -9.830628867,      -10.61403321,      -10.91927991,                 0,       1.498358871,   0.0001160835095,      0.1192473553
        126,              1.26,      -9.830154481,      -10.61248944,       -10.9181476,                 0,       1.496913639,   0.0001534582824,      0.1191766833
        127,              1.27,      -9.830134408,      -10.61177977,      -10.91830519,                 0,       1.495493336,   0.0001906260414,      0.1190978612
        128,              1.28,      -9.830803633,       -10.6121398,      -10.92003921,                 0,       1.494092512,   0.0002273599356,      0.1190108679
        129,              1.29,      -9.832126551,      -10.61348748,      -10.92328589,                 0,        1.49271044,   0.0002635508503,      0.1189157127
        130,               1.3,      -9.833825106,      -10.61547204,        -10.927666,                 0,       1.491346555,   0.0002990433647,      0.1188124323
        131,              1.31,      -9.835609327,      -10.61769666,      -10.93266444,                 0,       1.490000834,   0.0003336811474,      0.1187010898
        132,              1.32,      -9.837232465,      -10.61980069,      -10.93773181,                 0,       1.488672906,   0.0003673362651,      0.1185817726
        133,              1.33,      -9.838561155,      -10.62154218,       -10.9423828,                 0,       1.487362307,   0.0003998754746,      0.1184545904
        134,              1.34,      -9.839614039,      -10.62284241,      -10.94628393,                 0,       1.486068722,   0.0004311604118,      0.1183196735
        135,              1.35,      -9.840473554,      -10.62372584,      -10.94926623,                 0,       1.484791917,   0.0004610449752,      0.1181771709
        136,              1.36,      -9.841182219,      -10.62422811,      -10.95128715,                 0,       1.483531656,   0.0004893852961,      0.1180272488
        137,              1.37,      -9.841744482,      -10.62439029,      -10.95242437,                 0,       1.482287739,   0.0005160435512,      0.1178700885
        138,              1.38,      -9.842175401,       -10.6242887,      -10.95286843,                 0,       1.481060071,     0.00054087663,      0.1177058846
        139,              1.39,      -9.842522634,      -10.62403395,      -10.95289867,                 0,       1.479848396,   0.0005637366774,      0.1175348443
        140,               1.4,      -9.842819995,      -10.62372701,      -10.95281403,                 0,       1.478652377,   0.0005844977501,      0.1173571853
        141,              1.41,      -9.843097482,      -10.62347568,      -10.95291321,                 0,       1.477471696,   0.0006030119051,      0.1171731345
        142,              1.42,      -9.843433175,      -10.62342898,      -10.95348171,                 0,       1.476306112,    0.000619130388,      0.1169829266
        143,              1.43,      -9.843968701,      -10.62376102,      -10.95474688,                 0,       1.475155453,   0.0006327317955,      0.1167868027
        144,              1.44,      -9.844816496,      -10.62457656,      -10.95680692,                 0,       1.474019515,   0.0006437114186,      0.1165850093
        145,              1.45,      -9.845950248,      -10.62582749,      -10.95958168,                 0,       1.472898042,   0.0006520183169,      0.1163777968
        146,              1.46,      -9.847227309,      -10.62734511,      -10.96284641,                 0,        1.47179079,   0.0006575734614,      0.1161654179
        147,              1.47,      -9.848614269,      -10.62905633,      -10.96641969,                 0,       1.470702876,   0.0006603350025,      0.1159481261
        148,              1.48,       -9.85020697,      -10.63100709,      -10.97010776,                 0,       1.469644326,   0.0006602917644,      0.1157261727
        149,              1.49,      -9.851581439,      -10.63273968,      -10.97344682,                 0,       1.468598685,   0.0006574273556,      0.1154998111
        150,               1.5,      -9.853016177,      -10.63446336,      -10.97649786,                 0,       1.467572601,   0.0006517482401,       0.115269292
        151,              1.51,       -9.85427972,      -10.63590505,      -10.97905792,                 0,       1.466559742,   0.0006431879279,      0.1150348644
        152,              1.52,      -9.855401218,      -10.63706216,      -10.98110625,                 0,        1.46555948,   0.0006317509496,      0.1147967737
        153,              1.53,      -9.856431731,      -10.63799209,      -10.98270795,                 0,       1.464571665,   0.0006174938534,      0.1145552611
        154,              1.54,       -9.85734956,      -10.63872346,        -10.983949,                 0,       1.463595933,   0.0006004348806,      0.1143105627
        155,              1.55,      -9.858151763,      -10.63931227,       -10.9849605,                 0,       1.462632119,   0.0005806062127,      0.1140629095
        156,              1.56,       -9.85891662,      -10.63988283,      -10.98592986,                 0,       1.461680155,   0.0005580615405,      0.1138125264
        157,              1.57,      -9.859733997,      -10.64056547,      -10.98704717,                 0,        1.46073999,    0.000532849323,      0.1135596325
        158,              1.58,       -9.86066898,      -10.64145907,      -10.98847875,                 0,       1.459813318,   0.0005050072136,      0.1133044403
        159,              1.59,      -9.861669499,      -10.64253587,      -10.99026907,                 0,       1.458898276,   0.0004746241147,       0.113047156
        160,               1.6,      -9.862791481,      -10.64383357,      -10.99244811,                 0,       1.457994677,   0.0004418094648,      0.1127879789
        161,              1.61,      -9.864053121,      -10.64533025,      -10.99496356,                 0,       1.457102316,   0.0004066829097,      0.1125271015
        162,              1.62,      -9.865360613,      -10.64689842,      -10.99766929,                 0,       1.456220931,   0.0003693760004,      0.1122647094
        163,              1.63,       -9.86657378,      -10.64838044,      -11.00038357,                 0,       1.455350313,   0.0003300289303,      0.1120009806
        164,              1.64,      -9.867649545,      -10.64971606,      -11.00297384,                 0,        1.45449032,   0.0002887909317,      0.1117360857
        165,              1.65,      -9.868683308,      -10.65097794,      -11.00543604,                 0,       1.453642323,   0.0002458403635,      0.1114701875
        166,              1.66,      -9.869948311,      -10.65242828,      -11.00785259,                 0,       1.452817766,   0.0002014111905,      0.1112034403
        167,              1.67,      -9.870986544,      -10.65364415,      -11.00985556,                 0,       1.452002655,   0.0001556040752,      0.1109359927
        168,              1.68,      -9.871979281,      -10.65477786,      -11.01161588,                 0,       1.451197711,   0.0001085290005,      0.1106679856
        169,              1.69,      -9.872947845,      -10.65584534,      -11.01318217,                 0,       1.450402254,   6.046267203e-05,       0.110399553
        170,               1.7,      -9.873878334,      -10.65682971,      -11.01460291,                 0,       1.449615944,   1.158338082e-05,      0.1101308212
        171,              1.71,      -9.874757858,      -10.65773421,      -11.01594293,                 0,       1.448838784,  -3.793641402e-05,      0.1098619101
        172,              1.72,      -9.875573613,      -10.65857227,       -11.0172558,                 0,       1.448070577,  -8.788522867e-05,      0.1095929324
        173,              1.73,      -9.876361812,      -10.65940129,      -11.01861301,                 0,       1.447311177,  -0.0001380423942,      0.1093239943
        174,              1.74,      -9.877186533,      -10.66029709,      -11.02010203,                 0,       1.446560538,   -0.000188204046,      0.1090551955
        175,              1.75,      -9.878064966,      -10.66128583,      -11.02177033,                 0,       1.445818547,  -0.0002381579731,      0.1087866299
        176,              1.76,       -9.87896716,      -10.66234898,      -11.02360996,                 0,       1.445085027,  -0.0002876918512,      0.1085183852
        177,              1.77,      -9.879894335,      -10.66349285,      -11.02560187,                 0,       1.444359855,  -0.0003365901454,      0.1082505434
        178,              1.78,      -9.880886462,       -10.6647417,      -11.02772213,                 0,       1.443642951,  -0.0003846298988,      0.1079831808
        179,              1.79,      -9.881948558,      -10.66606531,       -11.0299036,                 0,       1.442934195,  -0.0004315549267,      0.1077163687
        180,               1.8,      -9.883013472,      -10.66736555,      -11.03203173,                 0,       1.442233411,  -0.0004771431756,      0.1074501732
        181,              1.81,      -9.883990584,      -10.66855068,      -11.03400958,                 0,       1.441540464,  -0.0005212720452,      0.1071846552
        182,              1.82,      -9.884860616,      -10.66961644,      -11.03581758,                 0,       1.440855268,  -0.0005637192083,      0.1069198708
        183,              1.83,      -9.885707515,      -10.67064294,      -11.03750703,                 0,       1.440177741,  -0.0006042250162,      0.1066558715
        184,              1.84,      -9.886625263,        -10.671711,      -11.03913622,                 0,       1.439507714,   -0.000642608149,      0.1063927043
        185,              1.85,      -9.887592441,      -10.67280788,      -11.04071163,                 0,       1.438844975,  -0.0006786834176,      0.1061304123
        186,              1.86,      -9.888515275,      -10.67386678,       -11.0422129,                 0,       1.438189375,  -0.0007122759163,      0.1058690346
        187,              1.87,      -9.889396213,      -10.67490134,      -11.04367161,                 0,       1.437540881,  -0.0007432205113,      0.1056086064
        188,              1.88,      -9.890347245,      -10.67601321,      -11.04518162,                 0,       1.436899486,  -0.0007713462397,      0.1053491595
        189,              1.89,      -9.891408493,      -10.67724064,      -11.04680667,                 0,       1.436265069,   -0.000796495043,      0.1050907224
        190,               1.9,      -9.892711621,       -10.6787282,      -11.04873987,                 0,       1.435648096,  -0.0008185334681,      0.1048333204
        191,              1.91,       -9.89384857,      -10.68011664,      -11.05057581,                 0,       1.435038258,  -0.0008373553558,      0.1045769761
        192,              1.92,      -9.895073843,      -10.68159745,      -11.05252247,                 0,       1.434435198,  -0.0008528441672,      0.1043217095
        193,              1.93,      -9.896458847,      -10.68322627,      -11.05463837,                 0,       1.433838558,  -0.0008648529001,      0.1040675378
        194,              1.94,      -9.897852747,      -10.68485117,      -11.05682541,                 0,       1.433247782,  -0.0008732866864,      0.1038144758
        195,              1.95,      -9.899167042,      -10.68638645,      -11.05899571,                 0,       1.432662805,  -0.0008780955497,      0.1035625362
        196,              1.96,      -9.900496828,      -10.68791993,       -11.0611394,                 0,        1.43208366,  -0.0008792179618,      0.1033117289
        197,              1.97,      -9.901924105,      -10.68953265,      -11.06327281,                 0,       1.431510328,   -0.000876593162,      0.1030620622
        198,              1.98,      -9.903368052,      -10.69115915,      -11.06536539,                 0,       1.430942712,  -0.0008701900635,      0.1028135427
        199,              1.99,       -9.90475302,      -10.69272991,      -11.06738034,                 0,       1.430380683,  -0.0008600035639,      0.1025661748
        200,                 2,      -9.906155248,      -10.69431881,      -11.06935142,                 0,       1.429824211,  -0.0008460375786,      0.1023199614
        201,              2.01,      -9.907660758,      -10.69602235,       -11.0713605,                 0,       1.429273319,  -0.0008283081971,      0.1020749039
        202,              2.02,      -9.909222134,      -10.69780496,      -11.07343283,                 0,       1.428727916,   -0.000806868468,      0.1018310023
        203,              2.03,      -9.910787843,      -10.69959769,       -11.0755385,                 0,       1.428187821,  -0.0007817285502,      0.1015882556
        204,              2.04,      -9.912419822,      -10.70142712,      -11.07766461,                 0,       1.427652942,  -0.0007528999923,      0.1013466611
        205,              2.05,      -9.914119756,      -10.70330197,      -11.07982421,                 0,       1.427123293,  -0.0007205175743,      0.1011062156
        206,              2.06,      -9.915740372,      -10.70511872,      -11.08199709,                 0,       1.426598822,  -0.0006846836321,      0.1008669145
        207,              2.07,      -9.917262949,      -10.70686424,      -11.08418766,                 0,       1.426079395,  -0.0006455066271,      0.1006287525
        208,              2.08,      -9.918926035,      -10.70874167,      -11.08648602,                 0,        1.42556495,  -0.0006031171326,      0.1003917231
        209,              2.09,      -9.920829494,      -10.71084264,      -11.08893897,                 0,       1.425055467,  -0.0005576565325,      0.1001558195
        210,               2.1,      -9.922706897,       -10.7129375,      -11.09142551,                 0,       1.424550819,  -0.0005092803843,     0.09992103435
        211,              2.11,      -9.924377692,      -10.71485438,      -11.09381912,                 0,       1.424050853,  -0.0004581639561,     0.09968735945
        212,              2.12,      -9.926096198,      -10.71681323,       -11.0961894,                 0,       1.423555616,  -0.0004044944929,      0.0994547858
        213,              2.13,      -9.928130377,      -10.71905556,      -11.09870284,                 0,       1.423067191,  -0.0003484613683,     0.09922330416
        214,              2.14,       -9.93019825,      -10.72134087,      -11.10125489,                 0,       1.422585836,  -0.0002902789448,     0.09899290521
        215,              2.15,       -9.93195664,      -10.72334223,      -11.10362883,                 0,       1.422108997,  -0.0002302143469,     0.09876357903
        216,              2.16,      -9.933705596,      -10.72532015,      -11.10593939,                 0,       1.421636719,  -0.0001685018402,     0.09853531491
        217,              2.17,      -9.935770425,      -10.72757608,      -11.10837723,                 0,       1.421169065,  -0.0001053140911,     0.09830810198
        218,              2.18,      -9.937907529,      -10.72989368,      -11.11090177,                 0,       1.420705892,  -4.091087911e-05,     0.09808192961
        219,              2.19,      -9.939724848,      -10.73191258,      -11.11331018,                 0,       1.420246879,   2.445427706e-05,     0.09785678683
        220,               2.2,      -9.941438869,      -10.73383002,      -11.11561977,                 0,       1.419791926,   9.052652027e-05,     0.09763266189
        221,              2.21,      -9.943502725,      -10.73607469,      -11.11806743,                 0,       1.419341298,   0.0001570001681,       0.097409543
        222,              2.22,      -9.945731385,      -10.73848575,      -11.12066785,                 0,       1.418895051,   0.0002236025609,     0.09718741894
        223,              2.23,      -9.947610189,      -10.74057738,      -11.12316911,                 0,       1.418452791,   0.0002900579356,      0.0969662784
        224,              2.24,      -9.949436707,       -10.7426307,      -11.12569474,                 0,       1.418020463,   0.0003560654222,     0.09674610947
        225,              2.25,      -9.951561094,      -10.74501735,      -11.12824952,                 0,        1.41759338,   0.0004213311773,     0.09652689999
        226,              2.26,      -9.953960242,      -10.74766921,      -11.13099324,                 0,       1.417170591,   0.0004855926159,     0.09630863875
        227,              2.27,      -9.956030641,       -10.7499907,      -11.13366429,                 0,       1.416751596,   0.0005485825176,     0.09609131463
        228,              2.28,      -9.957762293,      -10.75195544,      -11.13609708,                 0,       1.416335753,    0.000609992548,     0.09587491566
        229,              2.29,      -9.959811005,      -10.75420163,      -11.13857734,                 0,       1.415923354,   0.0006695315941,     0.09565942961
        230,               2.3,       -9.96218094,      -10.75675225,      -11.14125534,                 0,       1.415514806,   0.0007269465644,     0.09544484523
        231,              2.31,      -9.964149142,      -10.75890823,      -11.14380733,                 0,       1.415109718,   0.0007819838566,     0.09523115164
        232,              2.32,      -9.965683387,      -10.76063504,      -11.14605538,                 0,       1.414707587,   0.0008343583818,     0.09501833716
        233,              2.33,      -9.967615264,      -10.76275532,      -11.14836509,                 0,       1.414308707,   0.0008837933471,     0.09480638975
        234,              2.34,      -9.970037563,      -10.76537022,      -11.15097336,                 0,       1.413913571,   0.0009300607346,     0.09459529851
        235,              2.35,      -9.972012851,      -10.76757277,       -11.1535058,                 0,       1.413521846,   0.0009729574453,     0.09438505329
        236,              2.36,      -9.973366128,      -10.76919572,      -11.15569809,                 0,       1.413132887,    0.001012240433,     0.09417564304
        237,              2.37,      -9.975190878,      -10.77129817,      -11.15799222,                 0,       1.412746906,    0.001047675298,     0.09396705605
        238,              2.38,      -9.977804423,      -10.77414646,      -11.16072947,                 0,        1.41236453,    0.001079094091,     0.09375928195
        239,              2.39,        -9.9799495,      -10.77648976,      -11.16337995,                 0,       1.411985463,    0.001106341829,     0.09355231166
        240,               2.4,      -9.981020739,      -10.77778948,       -11.1654197,                 0,       1.411608851,    0.001129222187,     0.09334613508
        241,              2.41,      -9.982365708,      -10.77942231,      -11.16739272,                 0,       1.411234864,     0.00114755616,     0.09314074073
        242,              2.42,      -9.984889122,      -10.78221226,      -11.17001609,                 0,       1.410864443,    0.001161246229,     0.09293611851
        243,              2.43,      -9.987265435,      -10.78477966,      -11.17280623,                 0,        1.41049741,    0.001170215468,     0.09273226038
        244,              2.44,      -9.988271565,      -10.78599247,      -11.17486398,                 0,       1.410132553,    0.001174348726,     0.09252915747
        245,              2.45,      -9.989224556,      -10.78727033,       -11.1765912,                 0,       1.409769777,    0.001173529822,     0.09232679885
        246,              2.46,      -9.991641224,      -10.79003027,      -11.17904237,                 0,       1.409410411,     0.00116769958,     0.09212517457
        247,              2.47,      -9.994268573,      -10.79285574,      -11.18189256,                 0,       1.409054729,    0.001156891921,     0.09192427764
        248,              2.48,      -9.995198739,      -10.79394565,      -11.18390155,                 0,       1.408701212,     0.00114108586,     0.09172410066
        249,              2.49,      -9.995599928,      -10.79468836,       -11.1852867,                 0,       1.408349228,    0.001120217073,     0.09152463323
        250,               2.5,      -9.997781936,      -10.79728637,      -11.18751288,                 0,       1.408000349,    0.001094286912,     0.09132586535
        251,              2.51,      -10.00076342,      -10.80044923,      -11.19052069,                 0,       1.407655442,    0.001063422884,     0.09112779094
        252,              2.52,      -10.00176169,      -10.80151232,      -11.19261548,                 0,       1.407312782,    0.001027732369,     0.09093040432
        253,              2.53,      -10.00148367,      -10.80157916,      -11.19364004,                 0,       1.406971033,   0.0009871807268,      0.0907336958
        254,              2.54,      -10.00324108,      -10.80388436,      -11.19556403,                 0,       1.406631935,   0.0009418594086,       0.090537655
        255,              2.55,      -10.00670028,      -10.80753514,      -11.19880912,                 0,       1.406297226,   0.0008920392916,     0.09034227647
        256,              2.56,      -10.00804419,       -10.8088054,       -11.2011609,                 0,       1.405965112,   0.0008379158079,     0.09014755665
        257,              2.57,      -10.00696879,      -10.80805621,      -11.20178017,                 0,       1.405633259,   0.0007795105088,     0.08995348688
        258,              2.58,       -10.0079451,      -10.80977644,      -11.20319675,                 0,       1.405303367,   0.0007169460668,     0.08976005591
        259,              2.59,      -10.01191848,      -10.81397394,      -11.20668362,                 0,       1.404978357,   0.0006505911876,     0.08956725845
        260,               2.6,      -10.01403238,      -10.81577488,      -11.20952063,                 0,       1.404656639,   0.0005807939718,     0.08937509336
        261,              2.61,       -10.0120999,      -10.81407368,      -11.20971201,                 0,       1.404334522,   0.0005076717527,     0.08918355359
        262,              2.62,      -10.01171408,      -10.81470687,      -11.21029146,                 0,       1.404013272,   0.0004313286236,     0.08899262655
        263,              2.63,      -10.01604997,      -10.81937926,      -11.21393974,                 0,       1.403697408,   0.0003521688878,     0.08880230615
        264,              2.64,      -10.01955816,       -10.8222179,      -11.21761046,                 0,       1.403386064,   0.0002707099464,     0.08861259401
        265,              2.65,      -10.01694994,      -10.81962725,       -11.2175068,                 0,       1.403073793,   0.0001871084485,     0.08842348568
        266,              2.66,      -10.01464808,      -10.81872031,      -11.21710987,                 0,       1.402768214,   0.0001014132239,     0.08823496733
        267,              2.67,      -10.01888705,       -10.8236657,      -11.22075349,                 0,       1.402468983,   1.409647435e-05,     0.08804703063
        268,              2.68,      -10.02456759,      -10.82823704,       -11.2257044,                 0,       1.402176597,  -7.414936909e-05,     0.08785968019
        269,              2.69,      -10.02198493,       -10.8252881,      -11.22574892,                 0,       1.401883435,  -0.0001630481005,     0.08767291585
        270,               2.7,      -10.01633186,      -10.82151505,      -11.22342994,                 0,       1.401586931,  -0.0002526908282,     0.08748672178
        271,              2.71,      -10.01941653,      -10.82588179,       -11.2266225,                 0,       1.401295685,  -0.0003426918258,     0.08730108555
        272,              2.72,      -10.02785011,      -10.83256123,       -11.2334109,                 0,       1.401013569,  -0.0004321349166,     0.08711601389
        273,              2.73,      -10.02635961,      -10.82995185,      -11.23423076,                 0,       1.400731004,  -0.0005205352443,     0.08693151291
        274,              2.74,      -10.01616864,      -10.82197607,      -11.22945513,                 0,        1.40044173,  -0.0006081593674,     0.08674756619
        275,              2.75,      -10.01609672,      -10.82432098,      -11.23116162,                 0,        1.40015636,  -0.0006948277188,     0.08656415455
        276,              2.76,      -10.02712728,      -10.83317764,      -11.23985225,                 0,       1.399883747,  -0.0007794428941,     0.08638128539
        277,              2.77,      -10.02872386,      -10.83270845,      -11.24252228,                 0,       1.399612759,  -0.0008612221932,     0.08619897391
        278,              2.78,      -10.01297054,      -10.81931475,      -11.23494313,                 0,       1.399331037,  -0.0009406332056,     0.08601720545
        279,              2.79,      -10.00716624,      -10.81776329,      -11.23412344,                 0,       1.399049738,   -0.001017943715,     0.08583595132
        280,               2.8,      -10.01963305,      -10.82825459,      -11.24487913,                 0,       1.398785344,   -0.001091880888,      0.0856552163
        281,              2.81,      -10.02715629,      -10.83252819,      -11.25102755,                 0,       1.398526639,   -0.001161173376,     0.08547502758
        282,              2.82,      -10.00562065,      -10.81262063,      -11.24037022,                 0,       1.398253007,   -0.001226366896,     0.08529537679
        283,              2.83,      -9.990510408,      -10.80364608,      -11.23478584,                 0,       1.397973528,   -0.001288491482,     0.08511622326
        284,              2.84,      -10.00116222,      -10.81374011,      -11.24661743,                 0,         1.3977152,   -0.001346281807,     0.08493756324
        285,              2.85,       -10.0164612,       -10.8251403,      -11.25781249,                 0,       1.397469602,   -0.001397824612,     0.08475943718
        286,              2.86,      -9.991712452,      -10.80032106,      -11.24520687,                 0,       1.397205704,   -0.001443434262,     0.08458185009
        287,              2.87,      -9.964921887,      -10.78069308,      -11.23327557,                 0,       1.396926256,   -0.001485172903,     0.08440474914
        288,              2.88,      -9.970474132,      -10.78846056,      -11.24510314,                 0,       1.396670539,   -0.001522149062,      0.0842281143
        289,              2.89,      -9.992738797,      -10.80742699,      -11.26236766,                 0,       1.396438094,   -0.001551713032,     0.08405199792
        290,               2.9,      -9.970204923,      -10.78249219,      -11.24937701,                 0,       1.396186483,   -0.001573502165,     0.08387642715
        291,              2.91,      -9.930816861,       -10.7492874,       -11.2296658,                 0,       1.395906944,     -0.0015906096,      0.0837013405
        292,              2.92,      -9.929140289,      -10.75312064,      -11.23975975,                 0,       1.395652389,   -0.001603169973,     0.08352669261
        293,              2.93,      -9.954419347,      -10.77691314,      -11.26390836,                 0,       1.395435015,    -0.00160785587,     0.08335254143
        294,              2.94,      -9.941703626,      -10.76008223,      -11.25314742,                 0,       1.395201731,   -0.001603141599,     0.08317894532
        295,              2.95,      -9.891317003,        -10.712592,      -11.22515221,                 0,       1.394926548,   -0.001592741908,     0.08300584365
        296,              2.96,      -9.881519235,      -10.71089246,      -11.23029911,                 0,       1.394666013,   -0.001578582448,     0.08283315708
        297,              2.97,      -9.904635784,      -10.73466926,      -11.26146973,                 0,        1.39445745,   -0.001557038492,     0.08266093633
        298,              2.98,      -9.907307595,      -10.73384017,      -11.25676538,                 0,        1.39424283,   -0.001524940615,     0.08248927685
        299,              2.99,      -9.850423844,      -10.67459841,      -11.22084453,                 0,       1.393972386,   -0.001485886729,     0.08231813533
        300,                 3,      -9.831863291,      -10.66531221,      -11.21705369,                 0,       1.393700569,   -0.001444152178,     0.08214739523
        301,              3.01,      -9.849015734,      -10.68472457,      -11.25364966,                 0,       1.393494761,   -0.001396710069,      0.0819770809
        302,              3.02,      -9.866692121,      -10.70243788,      -11.25977876,                 0,        1.39330198,   -0.001338407584,     0.08180732313
        303,              3.03,      -9.811584271,      -10.63881888,      -11.21772742,                 0,         1.3930431,   -0.001271638813,     0.08163811796
        304,              3.04,      -9.782830961,      -10.61909768,      -11.20159884,                 0,       1.392757725,   -0.001203069428,     0.08146931802
        305,              3.05,      -9.792933899,      -10.63245982,      -11.23888149,                 0,        1.39254571,   -0.001131599925,     0.08130089857
        306,              3.06,      -9.818849859,      -10.66293131,      -11.26087016,                 0,       1.392375161,    -0.00105015894,     0.08113301212
        307,              3.07,      -9.776383439,      -10.60743686,      -11.21655455,                 0,       1.392137347,  -0.0009587072888,     0.08096571642
        308,              3.08,      -9.735870367,      -10.57380551,      -11.18664699,                 0,       1.391840532,  -0.0008656868889,     0.08079885366
        309,              3.09,      -9.739475788,      -10.58177354,      -11.21633019,                 0,        1.39161088,  -0.0007733963426,      0.0806323298
        310,               3.1,      -9.764193174,      -10.61315629,       -11.2565545,                 0,       1.391457512,  -0.0006737747885,      0.0804662915
        311,              3.11,      -9.743064171,      -10.57996192,      -11.21628445,                 0,       1.391251713,  -0.0005629099675,     0.08030087246
        312,              3.12,      -9.691848167,      -10.53012272,      -11.17411392,                 0,       1.390952497,  -0.0004497020099,     0.08013593932
        313,              3.13,      -9.688961426,      -10.53377791,      -11.18780841,                 0,       1.390694206,  -0.0003409167078,     0.07997132018
        314,              3.14,      -9.706049775,      -10.55583071,      -11.24335576,                 0,       1.390545917,  -0.0002294234195,      0.0798071167
        315,              3.15,      -9.706937691,      -10.55245743,      -11.21633935,                 0,       1.390380647,  -0.0001064464384,     0.07964353544
        316,              3.16,      -9.651692606,      -10.48922023,      -11.16497637,                 0,       1.390095272,   2.075121549e-05,     0.07948051226
        317,              3.17,      -9.639887439,      -10.48702854,       -11.1578866,                 0,       1.389802501,   0.0001408730214,     0.07931780969
        318,              3.18,      -9.648638488,       -10.4973778,      -11.21738668,                 0,       1.389649574,   0.0002573002715,     0.07915544104
        319,              3.19,      -9.662283281,      -10.51661119,      -11.21514644,                 0,       1.389540806,    0.000383451092,     0.07899365888
        320,               3.2,      -9.615748225,      -10.45320657,      -11.15742679,                 0,       1.389305634,    0.000516553457,     0.07883251137
        321,              3.21,      -9.591512012,      -10.44005757,       -11.1319599,                 0,       1.388998897,   0.0006419003203,     0.07867173573
        322,              3.22,      -9.595014856,      -10.44364783,      -11.17754842,                 0,       1.388817694,   0.0007563841363,     0.07851121885
        323,              3.23,      -9.608216973,      -10.46649125,      -11.20760992,                 0,       1.388740874,   0.0008760077007,     0.07835120548
        324,              3.24,      -9.581716219,       -10.4226428,      -11.14761069,                 0,       1.388562288,    0.001005582006,     0.07819188004
        325,              3.25,      -9.543901981,      -10.39093192,      -11.11024648,                 0,       1.388244607,    0.001129154131,       0.078033021
        326,              3.26,      -9.544006027,      -10.39425281,      -11.12900219,                 0,       1.388007306,    0.001235570518,     0.07787437794
        327,              3.27,      -9.548914949,      -10.40483196,      -11.18804233,                 0,       1.387936187,    0.001339189037,     0.07771611634
        328,              3.28,      -9.543421482,      -10.39267447,      -11.13648697,                 0,       1.387826911,    0.001454433936,     0.07755854529
        329,              3.29,      -9.498837403,      -10.34209207,      -11.09246796,                 0,       1.387530591,    0.001568068819,     0.07740156536
        330,               3.3,      -9.492479034,       -10.3455665,      -11.08296634,                 0,       1.387228861,    0.001661340617,     0.07724481938
        331,              3.31,      -9.490285096,      -10.34223336,      -11.14756223,                 0,       1.387128253,    0.001741304141,     0.07708831789
        332,              3.32,      -9.494370135,      -10.35285878,      -11.12645881,                 0,       1.387085945,     0.00183111524,     0.07693243735
        333,              3.33,      -9.457231228,      -10.29833322,      -11.07268777,                 0,       1.386849233,    0.001925847432,     0.07677727111
        334,              3.34,       -9.43849061,      -10.29291331,       -11.0452904,                 0,       1.386495248,    0.002001343527,     0.07662243681
        335,              3.35,      -9.434765926,      -10.28548516,      -11.08526184,                 0,       1.386325079,      0.0020527358,     0.07646773478
        336,              3.36,      -9.434348513,      -10.29516137,      -11.10864379,                 0,       1.386324075,    0.002107063413,     0.07631350816
        337,              3.37,       -9.41539221,      -10.25982572,      -11.04326652,                 0,       1.386181541,    0.002173358778,     0.07616007136
        338,              3.38,      -9.383294549,      -10.23442494,      -11.01383404,                 0,       1.385814892,     0.00222641069,       0.076007139
        339,              3.39,      -9.379655548,      -10.23283439,      -11.01649247,                 0,       1.385545126,     0.00224761178,     0.07585429937
        340,               3.4,      -9.369951333,      -10.22593762,      -11.07352316,                 0,       1.385538505,    0.002259531163,     0.07570173659
        341,              3.41,      -9.365980651,      -10.21931545,      -11.01494992,                 0,       1.385508811,    0.002287464638,      0.0755499444
        342,              3.42,      -9.330276205,      -10.17589895,      -10.98411896,                 0,       1.385191488,    0.002312993887,     0.07539886852
        343,              3.43,      -9.320778182,      -10.17794176,      -10.95939906,                 0,        1.38481648,    0.002305179342,     0.07524796464
        344,              3.44,      -9.307718529,      -10.15915942,       -11.0098363,                 0,       1.384741785,    0.002272809879,     0.07509713769
        345,              3.45,      -9.304219527,      -10.16516419,      -10.99006003,                 0,       1.384811922,     0.00225354645,     0.07494693628
        346,              3.46,      -9.279717077,      -10.12366287,      -10.94088204,                 0,       1.384616263,    0.002245982832,     0.07479763541
        347,              3.47,      -9.257766102,      -10.11516607,      -10.91404822,                 0,       1.384183141,    0.002211626746,     0.07464872375
        348,              3.48,      -9.248057587,      -10.09980178,       -10.9248577,                 0,       1.383979141,    0.002138707733,     0.07449976333
        349,              3.49,      -9.234705028,      -10.09387202,      -10.95352831,                 0,       1.384089561,    0.002067305879,     0.07435116712
        350,               3.5,      -9.225938923,      -10.07515301,      -10.88860937,                 0,       1.384056777,    0.002020104604,     0.07420354062
        351,              3.51,      -9.194705898,      -10.04627079,      -10.87413313,                 0,       1.383638334,    0.001961529984,     0.07405662154
        352,              3.52,      -9.185777669,      -10.04211219,      -10.84795476,                 0,       1.383260945,    0.001856971186,     0.07390968545
        353,              3.53,      -9.165748692,      -10.01866573,      -10.89550842,                 0,       1.383311312,    0.001735063241,     0.07376279818
        354,              3.54,       -9.16143971,      -10.01971483,      -10.84824998,                 0,       1.383446612,    0.001641331599,     0.07361675929
        355,              3.55,      -9.134698331,      -9.981059594,      -10.82363687,                 0,       1.383149643,    0.001559119768,     0.07347175473
        356,              3.56,      -9.117285106,       -9.97758748,      -10.79040738,                 0,       1.382630625,    0.001435251938,     0.07332698139
        357,              3.57,      -9.100343578,      -9.950968894,      -10.80620743,                 0,       1.382518403,    0.001272256279,     0.07318199821
        358,              3.58,      -9.086827861,      -9.947631821,      -10.80544961,                 0,       1.382768326,    0.001128533645,     0.07303752928
        359,              3.59,      -9.074356827,      -9.922142817,      -10.75342503,                 0,       1.382703907,    0.001020137235,     0.07289429532
        360,               3.6,      -9.045849018,      -9.902492443,       -10.7405863,                 0,       1.382144556,   0.0008892398369,     0.07275173775
        361,              3.61,      -9.033822554,      -9.888116461,      -10.71338411,                 0,        1.38177716,   0.0007021467886,     0.07260890764
        362,              3.62,      -9.010696553,      -9.865637677,       -10.7488105,                 0,       1.382002099,     0.00051241588,     0.07246611036
        363,              3.63,       -9.00534914,       -9.86093975,      -10.69162786,                 0,       1.382211897,   0.0003720259154,     0.07232447471
        364,              3.64,      -8.976604263,      -9.826286626,      -10.68510552,                 0,       1.381774522,   0.0002424652392,     0.07218403618
        365,              3.65,       -8.96013978,       -9.82048499,      -10.64358438,                 0,       1.381144844,   5.446811558e-05,     0.07204358354
        366,              3.66,      -8.938255424,      -9.788695276,      -10.66219417,                 0,       1.381168518,  -0.0001677529695,     0.07190269248
        367,              3.67,      -8.925148195,      -9.786368224,      -10.63940164,                 0,       1.381598861,  -0.0003448542446,     0.07176253048
        368,              3.68,      -8.908490049,      -9.756596861,      -10.60413899,                 0,       1.381461466,  -0.0004724437108,      0.0716239561
        369,              3.69,      -8.880703942,        -9.7405574,      -10.58412572,                 0,       1.380692658,  -0.0006376396304,     0.07148597332
        370,               3.7,      -8.865570259,      -9.717933212,      -10.55804275,                 0,        1.38034624,  -0.0008687390048,     0.07134731897
        371,              3.71,      -8.841138931,      -9.698171714,      -10.57842477,                 0,       1.380818205,     -0.0010803188,     0.07120865843
        372,              3.72,      -8.833177009,      -9.687079249,      -10.52170658,                 0,        1.38110998,   -0.001213775201,     0.07107159481
        373,              3.73,      -8.801910173,       -9.65467725,      -10.52265185,                 0,       1.380446405,   -0.001339590784,     0.07093593037
        374,              3.74,      -8.785117576,      -9.644071835,      -10.47471977,                 0,       1.379663518,   -0.001546010417,     0.07079984364
        375,              3.75,      -8.760278513,      -9.611446959,      -10.49391815,                 0,       1.379899714,   -0.001778706874,     0.07066293954
        376,              3.76,      -8.746027994,      -9.607003517,      -10.45656537,                 0,       1.380594885,   -0.001929976302,     0.07052706081
        377,              3.77,      -8.724802436,        -9.5738869,      -10.43444686,                 0,       1.380334144,   -0.002014140498,     0.07039327826
        378,              3.78,      -8.696774233,      -9.558009999,       -10.4056902,                 0,       1.379246706,    -0.00215920205,     0.07025992275
        379,              3.79,      -8.679483111,      -9.530744209,      -10.38189108,                 0,       1.378941447,   -0.002385298342,     0.07012523572
        380,               3.8,      -8.653340866,      -9.512168926,      -10.38790682,                 0,       1.379795196,   -0.002561469169,      0.0699904414
        381,              3.81,      -8.641335836,      -9.494371193,      -10.33453342,                 0,       1.380197501,   -0.002619254147,     0.06985790404
        382,              3.82,       -8.60756795,      -9.462578288,      -10.33610251,                 0,       1.379164242,   -0.002677380215,     0.06972707705
        383,              3.83,       -8.59006758,      -9.447458077,      -10.28435824,                 0,       1.378133431,   -0.002852338633,     0.06959515202
        384,              3.84,      -8.562750994,      -9.415115846,      -10.30152206,                 0,       1.378703854,   -0.003046563315,     0.06946175486
        385,              3.85,      -8.545247192,      -9.405773537,      -10.25487758,                 0,       1.379815149,   -0.003106670549,     0.06932983576
        386,              3.86,        -8.5197935,       -9.36994675,       -10.2404561,                 0,       1.379341449,   -0.003076546807,      0.0692008646
        387,              3.87,      -8.490817406,      -9.352360361,      -10.20463606,                 0,       1.377721027,   -0.003147715878,      0.0690720778
        388,              3.88,      -8.471622663,      -9.322575578,      -10.18200747,                 0,       1.377470008,   -0.003331134333,     0.06894084196
        389,              3.89,       -8.44211755,      -9.302238033,      -10.17586707,                 0,       1.378953845,   -0.003422179473,      0.0688092855
        390,               3.9,      -8.425515588,      -9.278204666,      -10.12480185,                 0,       1.379544366,    -0.00333394317,     0.06868112586
        391,              3.91,      -8.389478356,      -9.245915593,      -10.12419197,                 0,       1.377881989,   -0.003263519485,     0.06855530486
        392,              3.92,      -8.370512152,      -9.226879213,      -10.07033577,                 0,       1.376406887,   -0.003377002864,     0.06842727999
        393,              3.93,      -8.340136205,      -9.193715356,      -10.08271138,                 0,       1.377534913,   -0.003508602191,     0.06829660094
        394,              3.94,      -8.317781235,       -9.17793361,      -10.03003236,                 0,       1.379380506,   -0.003422740435,     0.06816816701
        395,              3.95,      -8.289231149,      -9.140308811,      -10.01832532,                 0,       1.378554328,   -0.003210773196,     0.06804431264
        396,              3.96,      -8.258248394,      -9.119783741,      -9.978121992,                 0,       1.375973788,   -0.003174580239,     0.06792038867
        397,              3.97,      -8.236786665,      -9.087951304,      -9.953860176,                 0,       1.375767521,   -0.003317756553,     0.06779202498
        398,              3.98,       -8.20259906,      -9.063389351,      -9.938820321,                 0,       1.378376138,   -0.003304515687,     0.06766284682
        399,              3.99,      -8.182141095,      -9.034830802,      -9.888135461,                 0,       1.379363547,   -0.003006773261,     0.06753919844
        400,                 4,      -8.144073132,      -9.001308092,      -9.884916799,                 0,       1.376573568,    -0.00275858048,     0.06741932048
        401,              4.01,      -8.122507871,       -8.97860714,       -9.82940725,                 0,        1.37420211,   -0.002824996064,     0.06729537355
        402,              4.02,      -8.088984575,      -8.943358562,      -9.835457997,                 0,       1.376293541,   -0.002924909964,     0.06716642528
        403,              4.03,      -8.061760363,      -8.921814895,       -9.77969964,                 0,       1.379571488,   -0.002661148087,     0.06704100564
        404,              4.04,       -8.03177539,      -8.883509576,      -9.766741448,                 0,       1.378189114,   -0.002199630719,     0.06692348543
        405,              4.05,       -7.99773517,      -8.859372537,      -9.724746317,                 0,       1.373745167,   -0.002053801888,     0.06680582806
        406,              4.06,      -7.974172877,      -8.825706661,      -9.696167872,                 0,       1.373454781,   -0.002232704084,     0.06667991623
        407,              4.07,      -7.935800408,      -8.796692171,      -9.676671524,                 0,       1.378197692,   -0.002151374916,     0.06655183784
        408,              4.08,      -7.912998786,      -8.765976184,      -9.624904999,                 0,       1.380149992,   -0.001579940879,      0.0664333371
        409,              4.09,      -7.873444139,      -8.730947739,      -9.619992377,                 0,       1.375268602,   -0.001105948679,     0.06632192069
        410,               4.1,      -7.848736823,      -8.705279587,      -9.562822113,                 0,       1.370928659,   -0.001208243102,     0.06620317991
        411,              4.11,      -7.813530069,      -8.668077842,      -9.562795465,                 0,       1.374690525,   -0.001402718003,     0.06607439136
        412,              4.12,      -7.782394928,      -8.642789453,      -9.506709511,                 0,       1.380956855,  -0.0009576597914,     0.06595101013
        413,              4.13,      -7.752515236,      -8.604552081,      -9.489833556,                 0,       1.378811437,  -0.0001479057522,     0.06584235417
        414,              4.14,      -7.715216483,      -8.577069563,      -9.448757804,                 0,       1.370590947,   8.431247725e-05,     0.06573429632
        415,              4.15,      -7.690523052,      -8.542392874,      -9.414226371,                 0,       1.369672367,  -0.0003235030759,     0.06561039046
        416,              4.16,      -7.649475552,      -8.510070919,      -9.394862519,                 0,       1.378573223,  -0.0002993761478,     0.06548050566
        417,              4.17,      -7.625168603,      -8.478797839,       -9.34071341,                 0,       1.382983679,   0.0006415737297,     0.06536769314
        418,              4.18,      -7.585152695,      -8.442400708,      -9.335679732,                 0,       1.374226823,    0.001436665316,     0.06526958105
        419,              4.19,      -7.557304713,        -8.4148525,      -9.277008609,                 0,       1.365415831,    0.001131133766,     0.06515860152
        420,               4.2,      -7.522224547,      -8.376438023,      -9.271533497,                 0,       1.371934123,   0.0005598788594,     0.06502648689
        421,              4.21,      -7.487704069,      -8.348781562,      -9.217274091,                 0,       1.384583586,    0.001157219315,      0.0649017464
        422,              4.22,      -7.458922902,       -8.31097048,      -9.194634574,                 0,       1.381796504,    0.002523146464,     0.06480566026
        423,              4.23,      -7.418881443,       -8.28080515,      -9.157591764,                 0,       1.365871446,    0.002840512596,     0.06471366522
        424,              4.24,      -7.393755287,      -8.246017566,      -9.116172588,                 0,       1.362558525,    0.001833085863,     0.06459086559
        425,              4.25,      -7.351422789,      -8.211371903,      -9.100333463,                 0,       1.379498529,    0.001520414024,     0.06445189811
        426,              4.26,      -7.325602755,      -8.180280371,      -9.043236532,                 0,       1.390105126,    0.003016531611,     0.06434333158
        427,              4.27,       -7.28643061,      -8.142935972,      -9.038572785,                 0,       1.374428778,    0.004396148936,     0.06426682314
        428,              4.28,      -7.255501107,      -8.114379431,      -8.979595424,                 0,       1.355493509,    0.003638886751,     0.06416897173
        429,              4.29,       -7.22186839,      -8.075445576,      -8.968372153,                 0,       1.366051438,    0.002133497303,     0.06402604608
        430,               4.3,      -7.184272756,      -8.046010278,      -8.918147837,                 0,       1.392219003,    0.002792651157,     0.06389031573
        431,              4.31,      -7.157032391,       -8.00897257,       -8.88839168,                 0,        1.39026604,    0.005187583754,      0.0638112238
        432,              4.32,      -7.115126443,      -7.976729451,      -8.858105313,                 0,        1.35888326,    0.005739527592,     0.06374788288
        433,              4.33,      -7.089569243,      -7.942463026,      -8.809790804,                 0,       1.348190311,    0.003487226368,     0.06362539571
        434,              4.34,      -7.047109351,      -7.906070319,      -8.798686333,                 0,       1.380161348,    0.002249227744,     0.06346132217
        435,              4.35,      -7.019316423,       -7.87541065,      -8.739249416,                 0,       1.405813669,    0.004656606551,     0.06335003739
        436,              4.36,      -6.982116925,      -7.837544257,      -8.733582346,                 0,       1.378611079,    0.007313369765,     0.06330963418
        437,              4.37,      -6.948068077,      -7.808332455,      -8.676338659,                 0,       1.337218779,    0.005831515008,     0.06323768413
        438,              4.38,      -6.916380696,      -7.769262214,      -8.658040253,                 0,       1.352166306,    0.002318507648,     0.06307051468
        439,              4.39,      -6.875988626,      -7.738076228,      -8.614063791,                 0,       1.406314069,    0.002762659706,     0.06290129887
        440,               4.4,      -6.850179917,      -7.702163778,      -8.576298145,                 0,       1.410973332,    0.007203875429,     0.06284364302
        441,              4.41,      -6.807498643,      -7.668317131,      -8.554366538,                 0,       1.349501618,    0.008601267193,     0.06283517058
        442,              4.42,      -6.780925712,      -7.634884011,      -8.499971835,                 0,       1.318502105,    0.004029207999,     0.06271646139
        443,              4.43,      -6.739241003,      -7.596948805,      -8.492511426,                 0,       1.377256307,   0.0005931446713,     0.06249595021
        444,              4.44,      -6.708890754,      -7.566680169,      -8.432171904,                 0,       1.438183433,    0.004495333339,     0.06236241968
        445,              4.45,      -6.674624863,      -7.528844858,      -8.423048054,                 0,       1.393976677,     0.01007803842,     0.06238452509
        446,              4.46,      -6.637596047,      -7.499023758,       -8.37004474,                 0,       1.304059931,     0.00776796595,     0.06237054016
        447,              4.47,      -6.607655933,      -7.460015236,      -8.343191633,                 0,       1.319175576,   0.0001625557106,     0.06215929528
        448,              4.48,      -6.564905551,      -7.426863007,      -8.307448265,                 0,        1.42962044,  -0.0004496077771,       0.061908863
        449,              4.49,      -6.540044744,      -7.392439615,      -8.261573244,                 0,       1.458307278,    0.008056548757,     0.06187415468
        450,               4.5,      -6.497983429,      -7.357575436,      -8.248098538,                 0,       1.340366512,     0.01206651708,     0.06197573581
        451,              4.51,      -6.469554662,      -7.325077167,      -8.189355159,                 0,       1.257671814,    0.003453836495,     0.06188052878
        452,              4.52,      -6.429150714,      -7.285499146,      -8.182564484,                 0,       1.361055897,   -0.004972668093,     0.06154635546
        453,              4.53,      -6.395688208,      -7.255202485,       -8.12329082,                 0,       1.501578369,    0.001146831927,     0.06134217951
        454,              4.54,      -6.365149716,      -7.218225142,      -8.108190605,                 0,       1.438088656,     0.01328221504,     0.06147313852
        455,              4.55,      -6.325697892,      -7.187797838,      -8.062248544,                 0,       1.246220783,     0.01077207359,      0.0615937807
        456,              4.56,      -6.296606284,       -7.14883741,      -8.025875448,                 0,       1.242759871,   -0.004967169857,     0.06131540284
        457,              4.57,       -6.25251929,      -7.113849742,      -7.999825287,                 0,       1.462888896,    -0.00900602368,     0.06088577224
        458,              4.58,      -6.227567661,      -7.080850856,      -7.946429076,                 0,       1.561575057,    0.007255848451,     0.06086017734
        459,              4.59,      -6.187851632,      -7.045854747,      -7.939797245,                 0,       1.342495013,     0.01831332482,     0.06118273256
        460,               4.6,      -6.156897626,      -7.014371702,      -7.879302013,                 0,       1.135774907,    0.003094887766,     0.06117470462
        461,              4.61,      -6.118058982,      -6.973117916,      -7.869433984,                 0,       1.306721936,    -0.01639688113,     0.06062564234
        462,              4.62,      -6.081600887,      -6.942508813,      -7.814022963,                 0,       1.619717944,   -0.007698237374,     0.06023654447
        463,              4.63,       -6.05498068,      -6.907128222,      -7.790864817,                 0,       1.550744725,     0.01845459429,     0.06054850722
        464,              4.64,      -6.014429889,      -6.876515838,      -7.754699664,                 0,        1.15118831,     0.01852147264,     0.06097302057
        465,              4.65,      -5.984740991,      -6.837419587,      -7.709026387,                 0,       1.072624603,    -0.01302854308,     0.06061300334
        466,              4.66,      -5.940773799,      -6.800979592,      -7.691920132,                 0,       1.499030161,    -0.02652297189,     0.05980781047
        467,              4.67,      -5.914490049,      -6.769020868,      -7.633261293,                 0,       1.776906861,    0.003719409444,     0.05972690876
        468,              4.68,         -5.879222,      -6.735376455,      -7.630523035,                 0,       1.387409632,     0.03198340574,     0.06047837775
        469,              4.69,      -5.845757261,      -6.705235852,       -7.57149521,                 0,      0.8989689857,    0.006777204221,      0.0607220693
        470,               4.7,      -5.807925208,      -6.661872365,      -7.554915994,                 0,       1.158225531,    -0.03651687002,     0.05978384853
        471,              4.71,      -5.769547679,      -6.631115541,      -7.506404818,                 0,       1.828979312,    -0.02655564898,     0.05895766671
        472,              4.72,       -5.74657854,      -6.598038296,      -7.474715694,                 0,       1.814724486,     0.02801358834,     0.05954417887
        473,              4.73,      -5.707436371,      -6.568727442,        -7.4501421,                 0,        1.00564341,     0.03867559955,      0.0606180962
        474,              4.74,      -5.675479337,      -6.529209259,      -7.397002126,                 0,       0.712358821,    -0.02290389616,     0.06019862165
        475,              4.75,      -5.632282405,      -6.491106887,      -7.385566728,                 0,       1.511612086,    -0.05949830485,      0.0586397557
        476,              4.76,      -5.605154276,      -6.460796207,      -7.325658499,                 0,       2.204662393,   -0.005407579716,     0.05832136688
        477,              4.77,      -5.576549559,      -6.430659258,      -7.323891419,                 0,       1.546032983,     0.06134458424,     0.05986564908
        478,              4.78,      -5.541692152,      -6.402737374,      -7.269582935,                 0,      0.4532378649,     0.02217234508,     0.06072397327
        479,              4.79,      -5.501943098,      -6.355197729,      -7.243985049,                 0,      0.8071938531,    -0.06995418777,     0.05910232359
        480,               4.8,        -5.4641704,       -6.32533148,      -7.202968801,                 0,       2.184340512,    -0.06388146758,     0.05734068206
        481,              4.81,      -5.445501515,      -6.296188038,      -7.166187011,                 0,       2.383271511,     0.04511212822,      0.0583031825
        482,              4.82,      -5.411445659,      -6.271109639,      -7.153506417,                 0,      0.7893759259,     0.08489942551,     0.06067428064
        483,              4.83,      -5.375467068,      -6.230562211,      -7.095989313,                 0,   -0.003657814362,    -0.03289882617,     0.06028673055
        484,              4.84,      -5.333120109,      -6.190393713,      -7.085635367,                 0,        1.45693817,     -0.1190480844,      0.0572929487
        485,              4.85,      -5.309986908,      -6.165405154,      -7.030528355,                 0,       3.012273542,    -0.02437784705,     0.05639329678
        486,              4.86,      -5.289523287,       -6.14121684,      -7.029582613,                 0,       1.922047071,      0.1196937455,     0.05933110178
        487,              4.87,      -5.256158246,       -6.11785451,      -6.982484571,                 0,     -0.3711244669,     0.05918746611,     0.06143417304
        488,              4.88,      -5.211570031,      -6.064196752,      -6.948736389,                 0,      0.1226161557,      -0.126182346,     0.05859220298
        489,              4.89,      -5.180067878,      -6.039304542,      -6.915161277,                 0,       2.808403641,     -0.1292059108,     0.05514146825
        490,               4.9,      -5.167148907,      -6.016083375,       -6.88074895,                 0,       3.442677796,     0.07724780217,     0.05667800409
        491,              4.91,       -5.14321198,      -6.000438257,       -6.87877753,                 0,      0.3780803799,      0.1740371624,     0.06134342858
        492,              4.92,      -5.100606033,       -5.95633511,       -6.82013407,                 0,      -1.264828762,    -0.04902960992,     0.06096587851
        493,              4.93,      -5.061738037,      -5.916822175,      -6.808086905,                 0,       1.416431912,     -0.2188522449,     0.05549575237
        494,              4.94,      -5.047957667,      -5.900053058,       -6.76198231,                 0,       4.416302295,    -0.04774641914,     0.05378215847
        495,              4.95,      -5.038593828,      -5.886768647,      -6.769027938,                 0,       2.454166534,      0.2267635971,     0.05908243449
        496,              4.96,      -5.010215696,      -5.871253916,      -6.728707653,                 0,      -1.863831485,      0.1120332443,     0.06295626948
        497,              4.97,      -4.961187555,      -5.812283686,      -6.694050764,                 0,      -0.788347018,     -0.2264820693,     0.05775477708
        498,              4.98,      -4.940744406,      -5.795827579,      -6.664220521,                 0,       4.018944903,     -0.2126035396,     0.05214516264
        499,              4.99,      -4.937577095,      -5.782611039,      -6.643383522,                 0,       4.941863996,      0.1509401237,     0.05506834422
        500,                 5,       -4.92936025,      -5.784125715,        -6.6505632,                 0,     -0.7548371905,      0.3033098433,     0.06294665347
        501,              5.01,      -4.872891948,      -5.726364049,      -6.588238164,                 0,      -2.970634841,     -0.1074013391,     0.06151340001
        502,              5.02,      -4.844668472,      -5.695939328,      -6.577830388,                 0,       1.962086742,     -0.3550655249,     0.05267871452
        503,              5.03,      -4.846055633,      -5.690704071,      -6.547465954,                 0,       6.487446389,    -0.03312867831,     0.05101943526
        504,              5.04,      -4.852157703,      -5.694946414,      -6.570789251,                 0,       2.340176883,      0.3991116032,     0.06004994735
        505,              5.05,      -4.823379855,      -5.681609607,      -6.529880084,                 0,      -4.141894744,      0.1162045312,     0.06458397834
        506,              5.06,      -4.781189881,      -5.628792428,      -6.509134631,                 0,      -1.007968464,     -0.3894809536,     0.05528342336
        507,              5.07,      -4.776777933,      -5.624130478,       -6.48259731,                 0,       6.220590366,     -0.2437121899,     0.04883092418
        508,              5.08,      -4.786987588,      -5.626454928,      -6.487639466,                 0,       5.838496855,       0.317505594,     0.05525311808
        509,              5.09,      -4.791595722,      -5.647265754,      -6.494464902,                 0,      -3.389512635,      0.3789695127,     0.06524712179
        510,               5.1,      -4.741494174,       -5.58925608,      -6.453814626,                 0,      -3.854496995,     -0.2893861574,     0.05909842231
        511,              5.11,      -4.725947177,      -5.572606653,      -6.437603736,                 0,       4.310561682,     -0.4236314147,     0.04876662783
        512,              5.12,      -4.737622158,      -5.575291838,      -6.427196207,                 0,       8.101817068,      0.1226884567,     0.05054908132
        513,              5.13,      -4.763041044,      -5.606190175,      -6.467090651,                 0,      -0.467800872,          0.556197,     0.06325204849
        514,              5.14,      -4.711082637,       -5.56280757,      -6.413725568,                 0,      -5.755207298,    -0.05997491976,     0.06327282332
        515,              5.15,      -4.692762237,      -5.536170185,      -6.410766644,                 0,       1.290263212,     -0.5289871078,     0.05068860372
        516,              5.16,      -4.704864007,       -5.54235992,       -6.39530843,                 0,        8.64535982,     -0.1062547784,     0.04741841232
        517,              5.17,      -4.732360843,      -5.566004279,      -6.434511802,                 0,       3.523193189,      0.5593724043,     0.05926766488
        518,              5.18,      -4.715704137,      -5.571140205,      -6.408643974,                 0,      -6.189407307,      0.2124882235,     0.06556308389
        519,              5.19,      -4.685391175,      -5.528130062,      -6.400152097,                 0,      -1.811018815,      -0.506563846,     0.05356449765
        520,               5.2,      -4.688469897,      -5.529645659,      -6.383734727,                 0,       7.606798242,     -0.3017153801,     0.04620195732
        521,              5.21,      -4.709934645,      -5.543764603,       -6.40153074,                 0,       6.833431156,      0.4118867097,     0.05463289165
        522,              5.22,      -4.730206803,      -5.584748826,      -6.420230326,                 0,      -4.921284538,      0.4624316885,     0.06561003132
        523,              5.23,      -4.687527349,      -5.531794719,      -6.393186315,                 0,      -4.341258837,     -0.3751470046,     0.05681391529
        524,              5.24,      -4.680963836,      -5.523862733,      -6.382345108,                 0,       5.585755329,     -0.4508875601,     0.04647368189
        525,              5.25,      -4.698271845,      -5.533469348,      -6.381188163,                 0,       8.686584539,      0.2046817278,     0.05055150946
        526,              5.26,      -4.735831632,      -5.581808706,      -6.429685338,                 0,      -2.137533433,      0.6193354425,      0.0640275983
        527,              5.27,      -4.688056499,      -5.535677447,      -6.385607743,                 0,      -6.015131834,     -0.1582696687,     0.06032621355
        528,              5.28,      -4.676370899,      -5.518281121,      -6.385814738,                 0,       2.918102564,     -0.5451056304,     0.04793733958
        529,              5.29,      -4.691432535,      -5.526652025,      -6.374890191,                 0,       9.222373655,    -0.01022672224,     0.04753363833
        530,               5.3,      -4.729490177,      -5.564688533,      -6.428358914,                 0,       1.418543825,      0.6443940349,     0.06109053001
        531,              5.31,       -4.69095917,       -5.54338279,      -6.384877661,                 0,      -6.597743777,       0.105771186,        0.06345794
        532,              5.32,      -4.674511864,      -5.515354269,      -6.386967101,                 0,    -0.06754572152,     -0.5578252292,     0.05037790324
        533,              5.33,      -4.684587895,      -5.522378866,      -6.374341579,                 0,       8.634147893,     -0.2133824082,      0.0457082555
        534,              5.34,      -4.715004594,      -5.545814379,      -6.411695359,                 0,       4.943632217,      0.5414919637,     0.05710821396
        535,              5.35,      -4.717536972,      -5.572910522,       -6.40540525,                 0,      -6.140181336,      0.3503205249,     0.06459067991
        536,              5.36,      -4.684072731,      -5.526141303,      -6.393167258,                 0,      -2.648893083,     -0.4709792511,     0.05309967224
        537,              5.37,      -4.684442524,      -5.526064818,      -6.382063663,                 0,       7.168961841,     -0.3673728743,     0.04523537402
        538,              5.38,      -4.706802533,      -5.540286913,      -6.394081341,                 0,        7.41867804,      0.3581768359,     0.05303468936
        539,              5.39,      -4.736343343,       -5.58980294,      -6.425451117,                 0,      -4.385130918,      0.5459959363,     0.06430378245
        540,               5.4,      -4.692143366,        -5.5364403,      -6.393690387,                 0,      -4.687531098,     -0.3126403444,     0.05619706898
        541,              5.41,      -4.684703408,      -5.527749655,      -6.390190874,                 0,       5.097800366,     -0.4851082589,     0.04580649336
        542,              5.42,        -4.7021036,      -5.537678982,      -6.383494859,                 0,        8.73737672,      0.1513431035,     0.04943469387
        543,              5.43,      -4.741834661,      -5.586579725,      -6.436773584,                 0,       -1.57837826,      0.6517723844,     0.06271913611
        544,              5.44,      -4.694347419,       -5.54237217,       -6.39024336,                 0,       -6.01497502,    -0.09340096921,     0.05954841942
        545,              5.45,      -4.682157125,      -5.524051122,      -6.394091108,                 0,       2.527393634,     -0.5560984373,     0.04732072279
        546,              5.46,      -4.697307088,      -5.533280073,      -6.381177159,                 0,       9.054106899,    -0.05471665134,     0.04665575042
        547,              5.47,      -4.734269807,      -5.568855425,      -6.434097676,                 0,        1.79646404,      0.6441910956,     0.05986287269
        548,              5.48,       -4.70131219,      -5.553961489,      -6.394076857,                 0,      -6.435872343,      0.1533428623,     0.06239057354
        549,              5.49,      -4.682218983,      -5.523462736,      -6.396281767,                 0,     -0.2725870402,     -0.5513855952,     0.04964877963
        550,               5.5,      -4.691649332,      -5.529998913,      -6.381875065,                 0,       8.403315273,     -0.2441919479,     0.04494194478
        551,              5.51,      -4.720909418,      -5.551853595,      -6.417533979,                 0,       5.065588658,       0.525787145,     0.05599760509
        552,              5.52,      -4.725814299,      -5.581273852,      -6.414185776,                 0,      -5.898505308,       0.380031699,     0.06343167513
        553,              5.53,       -4.69161342,      -5.533944758,      -6.400951131,                 0,      -2.704990016,     -0.4615730404,     0.05226918014
        554,              5.54,      -4.690611104,       -5.53236998,      -6.387969781,                 0,       6.960789667,     -0.3904408401,     0.04443317613
        555,              5.55,      -4.712960859,      -5.546678005,      -6.399649365,                 0,       7.388846832,      0.3399432383,     0.05197974471
        556,              5.56,      -4.742351701,      -5.595661117,      -6.432706551,                 0,      -4.153982995,      0.5591258783,     0.06310279932
        557,              5.57,      -4.698676534,      -5.542985318,      -6.398750123,                 0,      -4.658341324,     -0.3062957115,     0.05525180371
        558,              5.58,      -4.688797832,      -5.531710987,      -6.393770964,                 0,         4.9200594,     -0.5040185736,     0.04489680855
        559,              5.59,      -4.707308417,      -5.543033649,      -6.388137932,                 0,       8.665643886,      0.1327299391,     0.04835140541
        560,               5.6,      -4.745828249,      -5.590296574,       -6.44209104,                 0,      -1.389745574,      0.6534359991,     0.06147857617
        561,              5.61,      -4.699124725,      -5.547156898,      -6.393490807,                 0,      -5.955022619,    -0.09085000534,     0.05851942199
        562,              5.62,      -4.684789976,      -5.526767901,      -6.397936408,                 0,       2.374260321,     -0.5729271629,      0.0463433441
        563,              5.63,      -4.700606444,      -5.536516034,      -6.383148322,                 0,       8.975823489,    -0.07539647626,     0.04552973396
        564,              5.64,      -4.736606249,      -5.570982678,      -6.437299175,                 0,       1.957389047,      0.6377960957,     0.05857971539
        565,              5.65,      -4.705130379,      -5.557871298,      -6.397134304,                 0,      -6.363952438,      0.1525901768,     0.06129324844
        566,              5.66,      -4.684439447,        -5.5259148,      -6.400010193,                 0,     -0.3955196622,     -0.5665407887,     0.04866748445
        567,              5.67,      -4.693449321,      -5.532125689,      -6.385007736,                 0,       8.303387095,     -0.2659497786,     0.04382803305
        568,              5.68,      -4.721679961,      -5.552670302,      -6.418265784,                 0,       5.199341683,      0.5119784475,     0.05470059308
        569,              5.69,      -4.727851805,      -5.583288241,      -6.416125613,                 0,       -5.79736371,      0.3782035677,     0.06233753411
        570,               5.7,      -4.692957652,      -5.535482611,      -6.403027506,                 0,      -2.819587731,     -0.4755951569,     0.05136295712
        571,              5.71,      -4.691877398,      -5.533788172,      -6.390552427,                 0,       6.850194384,     -0.4128154542,     0.04342151931
        572,              5.72,      -4.714249885,      -5.548065865,      -6.400405072,                 0,       7.466750517,       0.322768245,     0.05078263924
        573,              5.73,      -4.743296708,      -5.596239398,      -6.434076416,                 0,      -4.001989358,      0.5522723719,     0.06204855211
        574,              5.74,      -4.700281151,      -5.544668148,      -6.399837853,                 0,      -4.733426233,      -0.319332055,     0.05446573692
        575,              5.75,      -4.690764581,      -5.533659641,      -6.396910111,                 0,       4.798755977,     -0.5242717135,     0.04408318893
        576,              5.76,      -4.711020212,      -5.546740471,       -6.39137836,                 0,        8.67245882,      0.1173644118,     0.04742066867
        577,              5.77,      -4.747221421,       -5.59133249,      -6.444090558,                 0,      -1.235827754,      0.6378577787,     0.06054242613
        578,              5.78,      -4.701995711,      -5.549897866,      -6.394254911,                 0,      -5.954250592,     -0.1052526171,     0.05784888657
        579,              5.79,      -4.688514089,       -5.53037817,      -6.401852604,                 0,       2.273246645,     -0.5885847535,     0.04578026985
        580,               5.8,      -4.704343446,       -5.53999631,      -6.384643804,                 0,        8.92564381,    -0.08861749768,     0.04492021614
        581,              5.81,      -4.738774911,      -5.573057661,      -6.440213425,                 0,       2.061843161,      0.6181806605,      0.0578628044
        582,              5.82,      -4.708360424,      -5.561140342,      -6.399435782,                 0,      -6.304319618,      0.1366032448,      0.0607715988
        583,              5.83,      -4.688552577,      -5.529654143,      -6.402752223,                 0,     -0.4622804385,     -0.5792294496,     0.04835083225
        584,              5.84,      -4.695703892,      -5.534204908,      -6.384829025,                 0,       8.213651365,     -0.2776933355,     0.04351110295
        585,              5.85,      -4.723742166,      -5.554815585,      -6.421067832,                 0,       5.266469983,      0.4928533955,     0.05424616104
        586,              5.86,      -4.730221665,      -5.585596811,      -6.417957461,                 0,      -5.699562994,      0.3631258866,     0.06202301773
        587,              5.87,      -4.695845751,      -5.537971422,      -6.404404549,                 0,      -2.876008278,     -0.4856131804,       0.051293866
        588,              5.88,      -4.692840349,      -5.534822698,      -6.391579574,                 0,        6.73902698,     -0.4235906251,     0.04337952289
        589,              5.89,      -4.715896613,      -5.549739921,      -6.402558725,                 0,       7.512404345,      0.3055303407,     0.05060538126
        590,               5.9,      -4.744444817,      -5.597056865,      -6.434995426,                 0,      -3.866663628,      0.5388415856,     0.06195099316
        591,              5.91,      -4.701782311,      -5.546029912,      -6.401092897,                 0,      -4.783744183,      -0.324646898,     0.05463925012
        592,              5.92,      -4.691532685,      -5.534606283,      -6.399541623,                 0,       4.675871493,     -0.5327294471,     0.04429695338
        593,              5.93,      -4.712865369,      -5.548432209,      -6.393402837,                 0,       8.687608539,      0.1035316415,     0.04750305923
        594,              5.94,      -4.747738261,      -5.591376441,      -6.444463894,                 0,      -1.081086532,      0.6240143928,     0.06057521181
        595,              5.95,      -4.703458355,      -5.551369184,      -6.395635162,                 0,      -5.968298056,     -0.1065505057,      0.0581243435
        596,              5.96,      -4.689535652,      -5.531445727,      -6.404293464,                 0,       2.147235621,     -0.5912045495,     0.04612013488
        597,              5.97,      -4.708011563,      -5.543626156,      -6.388356175,                 0,       8.905883008,    -0.09584937863,     0.04517694858
        598,              5.98,      -4.740295496,       -5.57444025,      -6.441674764,                 0,       2.176893083,      0.6033899263,      0.0579282036
        599,              5.99,      -4.711093439,      -5.563833348,      -6.401593732,                 0,      -6.258401184,      0.1356883755,     0.06093604187
        600,                 6,      -4.691088622,      -5.532346692,      -6.406898409,                 0,       -0.54655549,     -0.5742098946,     0.04863125524
        601,              6.01,      -4.701965996,      -5.540331635,      -6.389351471,                 0,       8.179164408,     -0.2761683428,     0.04379495934
        602,              6.02,      -4.727626592,       -5.55885616,      -6.425429099,                 0,       5.272088782,       0.482351798,      0.0542874054
        603,              6.03,      -4.733895522,      -5.589148224,      -6.420714189,                 0,      -5.607525953,      0.3590901938,     0.06194363699
        604,              6.04,      -4.700395459,      -5.542534285,      -6.409978688,                 0,      -2.877693913,     -0.4754428108,     0.05132048975
        605,              6.05,      -4.700141413,      -5.541730972,      -6.394864456,                 0,       6.705186849,     -0.4137806127,     0.04344674057
        606,              6.06,      -4.720311334,      -5.554219029,      -6.408048033,                 0,       7.437736958,      0.3030815088,     0.05046091013
        607,              6.07,      -4.748646288,      -5.601115597,      -6.438028328,                 0,      -3.791260438,      0.5339522224,     0.06154132184
        608,              6.08,      -4.706929158,      -5.551027313,      -6.406784846,                 0,      -4.727922764,     -0.3115868286,     0.05426076709
        609,              6.09,      -4.697583579,      -5.540065604,       -6.40051435,                 0,       4.651377428,     -0.5169042377,     0.04394687583
        610,               6.1,      -4.716018632,      -5.551662239,      -6.397951059,                 0,       8.596120601,      0.1079090849,     0.04697996901
        611,              6.11,      -4.751400009,      -5.594867183,      -6.446958425,                 0,      -1.031598198,      0.6239773469,     0.05980732402
        612,              6.12,      -4.707480801,       -5.55530671,      -6.400943889,                 0,      -5.902977953,    -0.08962008587,      0.0573511446
        613,              6.13,      -4.693471759,      -5.535005758,      -6.405225878,                 0,       2.122279646,     -0.5718917697,     0.04533575114
        614,              6.14,      -4.711782032,       -5.54779598,      -6.395069651,                 0,       8.832602914,    -0.08494096281,     0.04426580107
        615,              6.15,      -4.743210711,      -5.577272574,       -6.44346498,                 0,        2.20335949,      0.6079225483,     0.05683965432
        616,              6.16,      -4.715056494,      -5.567618102,      -6.405896573,                 0,       -6.19113942,      0.1545253738,     0.05980537366
        617,              6.17,      -4.694176394,      -5.535335977,      -6.409027779,                 0,     -0.5586326579,     -0.5493715972,     0.04752437845
        618,              6.18,      -4.707275471,      -5.545820777,      -6.395776874,                 0,       8.135209742,      -0.258585444,     0.04264338095
        619,              6.19,      -4.731231722,      -5.562477106,      -6.428324924,                 0,       5.242922807,       0.491682053,     0.05303081752
        620,               6.2,      -4.737982575,      -5.593004272,      -6.424294072,                 0,      -5.540830277,       0.377244143,     0.06060448657
        621,              6.21,      -4.704013051,      -5.546303293,      -6.414766005,                 0,      -2.848443243,      -0.446463141,     0.05007172149
        622,              6.22,      -4.706079951,      -5.547715625,      -6.400399204,                 0,       6.683743216,     -0.3905959823,     0.04223478741
        623,              6.23,      -4.724293544,      -5.558165578,      -6.412121274,                 0,       7.366293518,      0.3179319831,     0.04922146561
        624,              6.24,      -4.753121094,      -5.605395139,      -6.441173643,                 0,      -3.756227177,      0.5510702392,     0.06021275187
        625,              6.25,      -4.711854983,      -5.555888028,      -6.412517112,                 0,        -4.6525884,     -0.2823966072,     0.05305583356
        626,              6.26,      -4.704894226,      -5.547373723,      -6.406258943,                 0,       4.676462906,     -0.4883505047,     0.04290679592
        627,              6.27,      -4.720726562,      -5.556367755,      -6.403367646,                 0,       8.487683446,      0.1287980711,     0.04600629654
        628,              6.28,      -4.756934238,      -5.600436849,       -6.45073545,                 0,      -1.067926273,      0.6398136623,     0.05874424988
        629,              6.29,      -4.713345102,      -5.560804515,      -6.406675803,                 0,      -5.793573228,    -0.06331963786,     0.05636569241
        630,               6.3,      -4.702231965,      -5.543634248,      -6.411100074,                 0,       2.219099751,     -0.5409435215,     0.04465824931
        631,              6.31,      -4.716361091,      -5.552249158,      -6.399231021,                 0,       8.716688811,    -0.05974209099,     0.04375550724
        632,              6.32,      -4.749697807,      -5.583870551,      -6.448242574,                 0,       2.083640234,      0.6260610816,      0.0562889761
        633,              6.33,      -4.721597573,      -5.573867195,      -6.413335711,                 0,      -6.086113904,      0.1751063803,     0.05921287523
        634,              6.34,      -4.703285085,      -5.543905068,      -6.413763978,                 0,     -0.3971174155,     -0.5205012814,     0.04731670536
        635,              6.35,      -4.711708434,      -5.550325408,      -6.400830406,                 0,       8.043845427,     -0.2308343699,     0.04272380979
        636,              6.36,       -4.73803774,      -5.569169898,      -6.433737368,                 0,       5.077868973,      0.5130327931,     0.05317022463
        637,              6.37,      -4.744411077,      -5.599207836,      -6.431306982,                 0,      -5.478465692,      0.3921490263,     0.06060456602
        638,              6.38,      -4.711681292,       -5.55326364,      -6.418172915,                 0,      -2.673229931,     -0.4222419792,     0.05039658948
        639,              6.39,      -4.712202439,      -5.554230921,      -6.408746082,                 0,        6.66675717,     -0.3630414547,     0.04296756791
        640,               6.4,      -4.731494367,      -5.565180108,      -6.418352915,                 0,       7.194693077,       0.340167493,     0.05010667762
        641,              6.41,      -4.759727813,      -5.612134986,      -6.447732268,                 0,       -3.77703119,      0.5600554794,     0.06083908269
        642,              6.42,      -4.718555009,      -5.562095954,      -6.416981587,                 0,      -4.475908241,     -0.2647318209,     0.05383724961
        643,              6.43,      -4.712314334,      -5.555426287,      -6.416285251,                 0,       4.744210076,     -0.4639539959,     0.04415103047
        644,              6.44,       -4.72889614,      -5.564535826,      -6.410597871,                 0,         8.3386213,      0.1502107899,     0.04748536267
        645,              6.45,      -4.764223141,      -5.608319448,      -6.457447218,                 0,      -1.197640053,      0.6450580461,     0.05989046898
        646,              6.46,      -4.720988102,      -5.568086842,       -6.41364675,                 0,      -5.622925218,    -0.05806532421,     0.05736753992
        647,              6.47,      -4.710176871,      -5.552045173,      -6.419674613,                 0,       2.368003828,     -0.5211020183,     0.04609673236
        648,              6.48,      -4.725698838,      -5.561763148,      -6.408362473,                 0,       8.616121744,     -0.0398811522,      0.0455184413
        649,              6.49,      -4.758123987,      -5.592988643,      -6.455887593,                 0,       1.847838668,       0.630227227,     0.05775247032
        650,               6.5,      -4.728187969,      -5.580087572,      -6.420270946,                 0,      -5.950884502,      0.1677882861,     0.06024861976
        651,              6.51,      -4.711113164,      -5.552034097,      -6.421877368,                 0,     -0.1903715991,     -0.5107909642,     0.04860271183
        652,              6.52,      -4.720622313,      -5.559019445,      -6.408543281,                 0,       8.019674712,     -0.2165008388,     0.04431732777
        653,              6.53,       -4.74672276,      -5.578034115,      -6.441640677,                 0,       4.800872288,       0.518326592,     0.05458804495
        654,              6.54,      -4.750564827,      -5.605181239,      -6.438431437,                 0,      -5.428543017,      0.3730801589,     0.06140950461
        655,              6.55,      -4.720375117,      -5.561769747,      -6.425475094,                 0,      -2.426527639,     -0.4271906744,     0.05117143254
        656,              6.56,      -4.719967616,      -5.561567194,      -6.414019195,                 0,       6.708594228,     -0.3549575477,     0.04396987519
        657,              6.57,      -4.740230474,      -5.573798694,      -6.426030061,                 0,       6.938042861,      0.3449955322,     0.05108182112
        658,              6.58,      -4.766058235,      -5.618868118,      -6.455426209,                 0,      -3.844211975,      0.5331549607,     0.06117574647
        659,              6.59,      -4.726826868,      -5.569892153,      -6.422878803,                 0,       -4.23671552,     -0.2859242939,     0.05384867116
        660,               6.6,      -4.719706047,      -5.562502731,       -6.42095959,                 0,       4.864629975,     -0.4643985741,     0.04430669068
        661,              6.61,       -4.73698547,       -5.57262893,      -6.416728058,                 0,       8.154101764,       0.150575241,     0.04773655523
        662,              6.62,      -4.770516251,      -5.615544719,      -6.465189355,                 0,      -1.377918298,      0.6163497373,     0.05965957409
        663,              6.63,      -4.728129897,      -5.574409807,      -6.416906328,                 0,      -5.439006428,    -0.09458598926,     0.05658895429
        664,              6.64,      -4.716863227,      -5.558847335,      -6.426193198,                 0,       2.554863182,      -0.533239798,     0.04535149378
        665,              6.65,      -4.733579736,      -5.569619675,      -6.413612604,                 0,       8.522790518,    -0.04546508176,     0.04494013534
        666,              6.66,      -4.764467909,      -5.600231417,      -6.463640238,                 0,        1.59498862,      0.6033609688,     0.05696060151
        667,              6.67,      -4.731395572,      -5.582939084,       -6.42274427,                 0,      -5.836911651,      0.1219246988,     0.05891369363
        668,              6.68,      -4.716004062,      -5.557011089,      -6.427529577,                 0,    0.006884546942,     -0.5379671495,     0.04714607328
        669,              6.69,      -4.728218133,      -5.566669995,      -6.415981967,                 0,       8.029640916,     -0.2309184389,     0.04301793426
        670,               6.7,      -4.752011409,      -5.583630786,      -6.448145826,                 0,       4.553386842,      0.4937376193,     0.05335686113
        671,              6.71,      -4.752722723,      -5.607201641,      -6.440627236,                 0,      -5.409062822,      0.3200801662,     0.05976529813
        672,              6.72,      -4.725154886,      -5.566701806,      -6.431930995,                 0,      -2.236115444,     -0.4671677408,     0.04933637751
        673,              6.73,      -4.727746484,      -5.569384781,      -6.422628784,                 0,       6.797531475,     -0.3756929326,     0.04234545388
        674,              6.74,      -4.747356903,      -5.580917454,      -6.433774525,                 0,       6.704635654,      0.3236097556,     0.04977001316
        675,              6.75,      -4.769024165,       -5.62230213,      -6.459269353,                 0,       -3.92278424,      0.4748342698,      0.0596066465
        676,              6.76,       -4.73359657,      -5.576280285,      -6.428728931,                 0,       -4.02929192,     -0.3397806624,     0.05205612605
        677,              6.77,       -4.72693364,      -5.569904134,      -6.428752544,                 0,       5.010009605,     -0.4884267866,     0.04284187146
        678,              6.78,      -4.748137851,      -5.583805964,      -6.426760851,                 0,       7.961993211,      0.1357601663,     0.04683495227
        679,              6.79,      -4.776000789,      -5.622407707,      -6.472040369,                 0,      -1.588784054,      0.5570604996,     0.05865460751
        680,               6.8,      -4.736156005,      -5.581732371,      -6.422075701,                 0,      -5.230797505,     -0.1622288193,     0.05526695782
        681,              6.81,      -4.725893172,      -5.568176388,        -6.4356671,                 0,       2.800386811,     -0.5605931307,     0.04453698059
        682,              6.82,      -4.746159052,      -5.581827412,      -6.420875761,                 0,       8.410630281,    -0.05506256893,     0.04491412795
        683,              6.83,      -4.773049909,       -5.61044307,      -6.474370633,                 0,       1.229707493,      0.5538019238,      0.0570298515
        684,              6.84,      -4.737150389,      -5.587676717,      -6.423461765,                 0,      -5.678132306,     0.04741221998,     0.05862748142
        685,              6.85,      -4.724817177,      -5.565748566,      -6.436686595,                 0,      0.3243061904,     -0.5738614199,     0.04739961202
        686,              6.86,      -4.737694663,      -5.575396898,      -6.418671589,                 0,       8.020026179,     -0.2403307046,     0.04415729462
        687,              6.87,      -4.761882751,      -5.594053284,      -6.461352135,                 0,       4.151665695,      0.4637736326,     0.05482570305
        688,              6.88,      -4.756974301,      -5.611242726,      -6.443323491,                 0,      -5.358399819,      0.2466430889,     0.06086835219
        689,              6.89,       -4.73163363,      -5.572711161,      -6.438636822,                 0,      -1.924523834,     -0.5098437591,     0.05081220145
        690,               6.9,      -4.735206686,      -5.576402972,      -6.425826755,                 0,       6.881988242,     -0.3851536961,      0.0447140805
        691,              6.91,      -4.756343107,      -5.589668746,      -6.445535561,                 0,       6.393008088,      0.3094155036,     0.05259594881
        692,              6.92,      -4.773480337,      -5.627236894,      -6.461903164,                 0,      -4.026979617,      0.4121248368,     0.06201939281
        693,              6.93,      -4.740122774,      -5.582485375,      -6.437502053,                 0,        -3.7495199,     -0.3857073456,     0.05454071656
        694,              6.94,      -4.735264364,      -5.578418588,      -6.435533869,                 0,       5.194392164,     -0.4940938801,     0.04618881003
        695,              6.95,      -4.757109402,      -5.592576484,      -6.436416923,                 0,       7.736133005,      0.1354304618,     0.05071025289
        696,              6.96,      -4.782439256,      -5.630055444,      -6.476519535,                 0,      -1.845290207,      0.5112003373,     0.06203921527
        697,              6.97,      -4.745777252,      -5.590851495,      -6.433492568,                 0,      -4.987224332,     -0.2113045563,     0.05826004729
        698,              6.98,       -4.73535769,      -5.578408735,      -6.445937552,                 0,       3.090648408,     -0.5594507123,     0.04825934811
        699,              6.99,      -4.758630215,      -5.594550516,      -6.433379962,                 0,       8.264567125,    -0.03714653342,     0.04927620673
        700,                 7,      -4.783708688,       -5.62266798,       -6.48372842,                 0,      0.8065413592,      0.5290022909,     0.06089306735
        701,              7.01,      -4.747114017,       -5.59653406,      -6.430193837,                 0,      -5.492229741,  -0.0007895497442,     0.06158622049
        702,              7.02,      -4.734834277,      -5.576529884,      -6.449721312,                 0,        0.72294164,     -0.5687896042,     0.05075941588
        703,              7.03,      -4.754148697,      -5.591572424,      -6.431725878,                 0,       8.021434601,     -0.2047974666,     0.04821073063
        704,              7.04,      -4.776286474,      -5.609402668,      -6.477352335,                 0,       3.594874856,      0.4681257369,     0.05857535256
        705,              7.05,      -4.765288817,      -5.619061114,      -6.449528404,                 0,      -5.275608929,      0.2045390127,     0.06339779575
        706,              7.06,      -4.742427477,       -5.58371012,      -6.453007834,                 0,      -1.469704869,     -0.5040381089,     0.05321660558
        707,              7.07,       -4.75239293,      -5.593167577,      -6.437554837,                 0,       7.028256796,     -0.3373721884,     0.04764878812
        708,              7.08,      -4.769642661,      -5.602978394,      -6.463369674,                 0,       5.869197725,      0.3418224089,     0.05548421921
        709,              7.09,      -4.782826537,      -5.637106413,      -6.467747571,                 0,      -4.170342993,      0.3857785274,     0.06363789819
        710,               7.1,      -4.751149457,      -5.593301892,      -6.452794296,                 0,      -3.301731434,     -0.3785036654,     0.05551904863
        711,              7.11,      -4.750835168,      -5.593665865,      -6.443425722,                 0,        5.48282849,     -0.4371316061,      0.0474650517
        712,              7.12,      -4.766326429,       -5.60187991,      -6.450232531,                 0,       7.350802691,      0.1875629658,     0.05210040458
        713,              7.13,      -4.791365126,      -5.640510409,      -6.481441952,                 0,       -2.19290015,      0.5140447354,     0.06249841346
        714,              7.14,      -4.756320723,      -5.600627367,      -6.447150644,                 0,      -4.646855857,     -0.2009604139,     0.05771861227
        715,              7.15,      -4.748504536,      -5.591191116,      -6.449834041,                 0,       3.495656139,      -0.499283077,     0.04773764013
        716,              7.16,      -4.766554684,      -5.603096924,      -6.446367789,                 0,        8.03152094,     0.03117394263,      0.0489481712
        717,              7.17,      -4.791918554,      -5.632543067,      -6.488336375,                 0,      0.3484753879,      0.5624675717,     0.06014484291
        718,              7.18,      -4.755181602,      -5.603923868,      -6.442315935,                 0,      -5.307089368,     0.01831246714,     0.05977623493
        719,              7.19,      -4.745538693,      -5.586920401,      -6.453865098,                 0,       1.182145416,     -0.5096772632,     0.04872591124
        720,               7.2,       -4.76444151,      -5.602136438,      -6.444836664,                 0,       7.978189766,     -0.1232546812,     0.04644512896
        721,              7.21,      -4.785262037,      -5.619286895,      -6.484488211,                 0,       3.076157755,      0.5282247856,     0.05691098516
        722,              7.22,      -4.771040152,      -5.624201181,      -6.456848704,                 0,       -5.23091168,      0.2324840443,      0.0608755606
        723,              7.23,      -4.752311695,      -5.593513913,      -6.461816423,                 0,      -1.011030014,     -0.4462682252,     0.05034522217
        724,              7.24,      -4.764847832,       -5.60561688,      -6.449775007,                 0,       7.156181482,     -0.2484391047,       0.045117544
        725,              7.25,      -4.780960927,      -5.614235045,      -6.475776921,                 0,        5.36588372,      0.4234690805,     0.05348425862
        726,              7.26,      -4.791790512,       -5.64615589,      -6.474531827,                 0,      -4.326996334,      0.4185075596,     0.06101649565
        727,              7.27,      -4.763469299,      -5.605365096,      -6.467188066,                 0,      -2.817504884,     -0.3248346068,     0.05256341851
        728,              7.28,      -4.766953641,      -5.610189841,      -6.457026057,                 0,       5.781966296,     -0.3412711472,     0.04511176928
        729,              7.29,      -4.783011891,      -5.618360224,      -6.469755578,                 0,       6.887079111,      0.2860775406,     0.05065389374
        730,               7.3,      -4.806328827,       -5.65709083,      -6.491025432,                 0,      -2.615459739,       0.550404942,     0.06065010765
        731,              7.31,       -4.77049661,      -5.614186061,      -6.465012314,                 0,      -4.150873308,     -0.1583724222,     0.05550155417
        732,              7.32,      -4.767888234,      -5.611431196,      -6.464988871,                 0,       3.991747104,     -0.4040505088,     0.04648969111
        733,              7.33,      -4.786919808,      -5.623500024,      -6.468389543,                 0,       7.687067697,      0.1379428738,     0.04895540747
        734,              7.34,      -4.812315434,        -5.6555353,      -6.502036881,                 0,     -0.3562125297,      0.6112409165,     0.06007291332
        735,              7.35,      -4.774133911,       -5.62140918,      -6.462751043,                 0,      -4.895105294,     0.03841270435,     0.05905505592
        736,              7.36,       -4.76845702,      -5.610607435,      -6.471379576,                 0,       1.902403156,     -0.4252160617,      0.0492273169
        737,              7.37,      -4.786824582,      -5.624006003,      -6.465030214,                 0,       7.802847904,    -0.01347639041,     0.04853780741
        738,              7.38,      -4.810755608,      -5.646687079,        -6.5048399,                 0,       2.150754662,      0.5946009272,     0.05926919741
        739,              7.39,      -4.789215731,      -5.641158241,      -6.478285438,                 0,      -4.990966105,      0.2320153403,     0.06229106856
        740,               7.4,      -4.774037461,      -5.615378191,      -6.479283441,                 0,     -0.1923481979,     -0.3877079899,     0.05277824779
        741,              7.41,       -4.78686893,      -5.626854197,      -6.468431891,                 0,        7.21295248,      -0.149240072,      0.0492896081
        742,              7.42,      -4.807628634,      -5.641057613,      -6.500269297,                 0,       4.455219625,      0.5029451281,     0.05826692002
        743,              7.43,      -4.811173034,      -5.665359601,      -6.495514271,                 0,      -4.398827786,      0.4011295898,     0.06458013704
        744,              7.44,      -4.786616325,      -5.628084809,      -6.487970025,                 0,      -1.973856657,     -0.3017706203,     0.05656480908
        745,              7.45,      -4.790316055,      -5.633398351,      -6.476871349,                 0,       6.080288817,     -0.2577883199,     0.05085952439
        746,              7.46,      -4.807802686,      -5.642754562,      -6.493805727,                 0,        6.12390879,      0.3641782443,     0.05723664593
        747,              7.47,      -4.827485776,      -5.680104176,      -6.511899108,                 0,      -3.053349155,      0.5256470439,     0.06586894399
        748,              7.48,      -4.797213257,      -5.640037785,      -6.491720574,                 0,      -3.382787389,     -0.1794320379,     0.06024802402
        749,              7.49,      -4.794018048,      -5.638407451,      -6.487525583,                 0,       4.556817228,     -0.3439199551,     0.05276948359
        750,               7.5,      -4.811587429,       -5.64841497,       -6.49215164,                 0,       7.107587927,      0.2060290675,     0.05621346028
        751,              7.51,      -4.836314163,      -5.682968221,      -6.524782413,                 0,      -1.121721498,      0.5855331178,     0.06601923381
        752,              7.52,      -4.801758134,      -5.647383349,       -6.48963849,                 0,      -4.306671009,    -0.02863108877,     0.06353388919
        753,              7.53,      -4.796064418,      -5.639905969,      -6.498058447,                 0,       2.716739123,     -0.4014188892,      0.0547472826
        754,              7.54,      -4.814602277,      -5.652424191,      -6.493765409,                 0,       7.474459036,     0.04053321924,     0.05514621416
        755,              7.55,      -4.836994603,       -5.67625781,      -6.530327017,                 0,       1.140821754,      0.5723893391,     0.06493267265
        756,              7.56,      -4.808224294,      -5.658420774,      -6.496351595,                 0,      -4.635745002,      0.1298429559,     0.06593186514
        757,              7.57,      -4.799015414,      -5.641691124,      -6.505740975,                 0,      0.7152500848,      -0.415506311,     0.05659367646
        758,              7.58,       -4.81318635,      -5.653006764,       -6.49504906,                 0,       7.202594251,     -0.1231303919,     0.05398120175
        759,              7.59,       -4.83241322,       -5.66718302,      -6.525803931,                 0,        3.43202519,      0.4870791262,     0.06259561136
        760,               7.6,      -4.826237613,      -5.679947341,      -6.513685977,                 0,       -4.36543772,      0.2708799613,     0.06677922855
        761,              7.61,      -4.807269637,      -5.649333844,      -6.510463811,                 0,      -1.119561973,     -0.3805119147,      0.0580556723
        762,              7.62,      -4.813776298,       -5.65672366,      -6.501206362,                 0,       6.348301309,     -0.2645979513,     0.05288564232
        763,              7.63,      -4.830140623,      -5.665132129,      -6.516687342,                 0,       5.289564086,      0.3452862589,     0.05941904833
        764,              7.64,      -4.841285654,      -5.695366882,      -6.529497441,                 0,      -3.376315603,      0.3817269825,     0.06625764972
        765,              7.65,      -4.815203999,      -5.657409518,      -6.508139305,                 0,      -2.655826631,     -0.3072477713,     0.05926645982
        766,              7.66,      -4.814184416,      -5.658969477,      -6.507706664,                 0,       5.046830275,     -0.3845424533,      0.0519880153
        767,              7.67,      -4.832661247,      -5.669455676,      -6.511006003,                 0,       6.531840185,      0.1780635452,     0.05596355073
        768,              7.68,      -4.849752055,        -5.6996978,      -6.542331219,                 0,      -1.735410096,      0.4420617707,     0.06467135433
        769,              7.69,      -4.819692812,      -5.663827821,      -6.503123252,                 0,       -3.76762713,     -0.2010328154,     0.06046715915
        770,               7.7,      -4.814117874,      -5.658670729,      -6.515068562,                 0,       3.383641176,     -0.4759173913,      0.0516593111
        771,              7.71,      -4.834901448,       -5.67216934,      -6.506350904,                 0,       7.169488039,    0.002964795386,     0.05287079557
        772,              7.72,      -4.851713575,      -5.694679825,      -6.549695281,                 0,      0.3273207098,      0.4407646261,     0.06242625901
        773,              7.73,      -4.821354944,      -5.669175496,      -6.500178633,                 0,      -4.335794139,    -0.07070295658,     0.06183051362
        774,              7.74,       -4.81668046,      -5.660063211,      -6.523973396,                 0,       1.499267712,     -0.5268519671,     0.05233888275
        775,              7.75,      -4.831636129,      -5.670365587,      -6.504978475,                 0,       7.173355449,     -0.1714444788,     0.05071412083
        776,              7.76,      -4.849744205,      -5.686529454,      -6.548149179,                 0,       2.536356332,      0.3787474688,     0.05992540497
        777,              7.77,      -4.833118218,      -5.685836395,      -6.517692502,                 0,      -4.292527356,     0.06165759312,     0.06302395171
        778,              7.78,      -4.821108894,      -5.663499662,      -6.526990462,                 0,     -0.3736658077,     -0.5227196531,      0.0540653587
        779,              7.79,      -4.828628112,      -5.670575453,      -6.510357263,                 0,       6.556811131,     -0.3246772345,     0.04999548748
        780,               7.8,      -4.847621103,      -5.682502653,      -6.538000784,                 0,       4.532588207,      0.2637424848,     0.05776315056
        781,              7.81,      -4.851259418,      -5.705578742,      -6.536209825,                 0,      -3.616806976,      0.1793637599,     0.06400605056
        782,              7.82,      -4.829998128,      -5.672346768,      -6.527832122,                 0,      -1.955694631,     -0.4673575153,      0.0568469414
        783,              7.83,      -4.828902127,      -5.673643148,      -6.520069918,                 0,        5.45355607,     -0.4436001978,     0.05100840753
        784,              7.84,      -4.851309188,      -5.687356018,      -6.529794236,                 0,        5.95892538,      0.1238904299,     0.05662649192
        785,              7.85,      -4.866100069,      -5.718040246,      -6.554733645,                 0,      -2.289333778,      0.2671498869,     0.06504895529
        786,              7.86,      -4.839382056,      -5.682739531,      -6.525584185,                 0,      -3.136286961,     -0.3697382944,     0.06052430867
        787,              7.87,      -4.833430648,      -5.679108148,      -6.534359156,                 0,       4.016285497,     -0.5242252296,      0.0534899762
        788,              7.88,      -4.858644828,      -5.696001904,       -6.52872533,                 0,        6.75178137,    -0.01633333527,     0.05664236633
        789,              7.89,      -4.876822986,      -5.722949754,      -6.570664184,                 0,     -0.5285444211,      0.3108917847,     0.06600651858
        790,               7.9,      -4.844669648,      -5.690903801,      -6.522652954,                 0,       -3.82490093,     -0.2339164586,     0.06458958421
        791,              7.91,      -4.837559528,      -5.682528927,      -6.547247502,                 0,       2.335625314,     -0.5615146278,     0.05686108227
        792,              7.92,      -4.862591923,      -5.700804426,      -6.528777527,                 0,       6.999489142,     -0.1485866824,     0.05743858337
        793,              7.93,      -4.881175157,      -5.720812329,      -6.579121168,                 0,       1.455897334,      0.3129239598,     0.06661197407
        794,              7.94,       -4.85695169,      -5.707431256,      -6.534015464,                 0,      -3.997043723,    -0.07982416885,     0.06824958689
        795,              7.95,      -4.842893568,      -5.686549921,      -6.554742018,                 0,      0.5905670039,     -0.5419562613,     0.06049234991
        796,              7.96,      -4.863280111,      -5.704025019,      -6.535126826,                 0,       6.677178031,     -0.2603297026,     0.05861068817
        797,              7.97,       -4.88207538,      -5.718010234,      -6.578769249,                 0,       3.401285678,      0.2744119277,     0.06658352875
        798,              7.98,      -4.876928008,      -5.730348343,      -6.552836169,                 0,      -3.659119789,      0.0786239437,     0.07078632113
        799,              7.99,      -4.855286561,      -5.698275204,      -6.562496045,                 0,     -0.9411567073,     -0.4665859045,     0.06381036753
        800,                 8,      -4.865646964,      -5.709649866,      -6.546713744,                 0,       5.856990541,     -0.3374861064,     0.05982000894
        801,              8.01,       -4.88281438,      -5.718726603,      -6.571263653,                 0,       4.961749381,      0.2063391226,     0.06584552138
        802,              8.02,       -4.89233565,      -5.746026293,      -6.571676464,                 0,      -2.738609978,      0.2313557466,     0.07202213698
        803,              8.03,       -4.86593488,      -5.708970725,      -6.562147897,                 0,      -2.219394428,     -0.3432758239,     0.06650579347
        804,              8.04,      -4.865374793,      -5.711276815,      -6.555807434,                 0,       4.657421762,     -0.3836436356,     0.06066281534
        805,              8.05,      -4.883066176,      -5.720462938,      -6.560910999,                 0,        6.04529054,      0.1262504413,     0.06431902094
        806,              8.06,      -4.899628816,      -5.749444946,      -6.585672792,                 0,      -1.280533321,      0.3605381193,     0.07181610832
        807,              8.07,       -4.87157132,      -5.716377542,      -6.556734922,                 0,      -3.174251397,     -0.1756589568,     0.06844691256
        808,              8.08,      -4.862958968,      -5.708823552,      -6.563362359,                 0,       3.149025631,     -0.3945526054,     0.06108815984
        809,              8.09,       -4.88290318,       -5.72127335,      -6.553034394,                 0,       6.616394161,      0.0450556058,      0.0621632772
        810,               8.1,       -4.89995738,      -5.743399696,        -6.5935694,                 0,      0.5609897535,      0.4449728578,     0.07016048194
        811,              8.11,      -4.869095123,       -5.71782997,      -6.549039237,                 0,      -3.672070337,     0.02914166084,     0.06962754696
        812,              8.12,      -4.858289057,      -5.702901343,      -6.567329481,                 0,       1.397599832,     -0.3624799135,     0.06131208078
        813,              8.13,      -4.876085561,      -5.716114403,      -6.545759893,                 0,       6.660903907,      -0.038945266,      0.0596304064
        814,              8.14,      -4.893564009,      -5.731310085,      -6.590575268,                 0,       2.598438596,      0.4759339311,     0.06722605837
        815,              8.15,      -4.881681369,      -5.734192072,      -6.558221574,                 0,       -3.66807245,      0.2365690205,     0.06962289912
        816,              8.16,       -4.86362632,      -5.707099458,      -6.572905397,                 0,     -0.2600218373,     -0.2752780873,     0.06147726542
        817,              8.17,        -4.8742019,      -5.717372207,      -6.549678969,                 0,        6.10464206,     -0.1015049145,     0.05740069769
        818,              8.18,      -4.894140951,      -5.730037483,      -6.586599564,                 0,       4.330277578,      0.4512326017,     0.06369683349
        819,              8.19,       -4.90079787,      -5.754496259,      -6.573567501,                 0,      -3.041590138,      0.4198377946,      0.0686494433
        820,               8.2,      -4.876213219,      -5.719295852,      -6.579106727,                 0,      -1.598217415,     -0.1475972188,     0.06186211577
        821,              8.21,      -4.878528813,      -5.724271215,      -6.560447991,                 0,       5.116422357,     -0.1404769926,     0.05601033761
        822,              8.22,      -4.901903921,      -5.738495388,      -6.585497047,                 0,       5.526482816,      0.3900483596,      0.0605027929
        823,              8.23,      -4.919289657,        -5.7707491,      -6.592035142,                 0,      -1.881592396,      0.5560213569,     0.06736265387
        824,              8.24,      -4.885172935,      -5.729459732,      -6.580469408,                 0,      -2.573406769,    0.005344504564,     0.06287955844
        825,              8.25,      -4.881091496,      -5.727663711,      -6.571077861,                 0,       3.814808091,     -0.1641171954,     0.05583550256
        826,              8.26,      -4.909128911,      -5.746908365,      -6.584923209,                 0,       6.259437035,      0.3012625155,     0.05824851345
        827,              8.27,      -4.930828206,      -5.776926128,       -6.60676403,                 0,     -0.3415797339,      0.6368214892,     0.06628400621
        828,              8.28,      -4.896657386,      -5.743210649,      -6.583181778,                 0,      -3.151832685,      0.1605617516,     0.06467651469
        829,              8.29,      -4.887065173,      -5.732990325,      -6.585428396,                 0,       2.343247895,     -0.1677134357,     0.05718006731
        830,               8.3,      -4.914364592,      -5.753405301,      -6.585719103,                 0,       6.472783405,      0.1946700498,     0.05746348484
        831,              8.31,      -4.938630655,      -5.778786411,      -6.619463511,                 0,       1.369873295,       0.648221994,     0.06570556432
        832,              8.32,      -4.921169566,      -5.770561783,      -6.600031651,                 0,      -3.303003541,      0.2926791434,     0.06690005284
        833,              8.33,      -4.902093305,       -5.74696281,      -6.605067501,                 0,      0.9358232691,      -0.147740466,      0.0598648262
        834,              8.34,      -4.922059144,      -5.763760946,       -6.59459396,                 0,       6.164603195,     0.08510222997,     0.05831936986
        835,              8.35,      -4.949245081,      -5.785927618,      -6.633181751,                 0,       2.942273777,      0.5889362367,     0.06576624555
        836,              8.36,      -4.948208563,      -5.800061171,      -6.620569784,                 0,      -3.003657945,      0.3897116376,      0.0692635878
        837,              8.37,      -4.920264745,      -5.764296324,      -6.623581607,                 0,     -0.2877183371,     -0.1174500462,     0.06332677964
        838,              8.38,      -4.930402419,      -5.775470047,      -6.607109395,                 0,       5.485440511,    -0.02754194694,     0.06027392587
        839,              8.39,      -4.957851556,      -5.793947882,      -6.640581486,                 0,       4.240126059,      0.4729585323,      0.0662458398
        840,               8.4,      -4.969019071,      -5.821801955,      -6.638762059,                 0,      -2.297647886,       0.446684269,     0.07146581283
        841,              8.41,      -4.934083504,      -5.778180471,      -6.634211265,                 0,      -1.331531186,    -0.08551349208,     0.06699812335
        842,              8.42,      -4.934102205,      -5.781502735,      -6.616746239,                 0,       4.525201076,     -0.1459120655,       0.062620758
        843,              8.43,       -4.96048413,      -5.797763312,      -6.638828159,                 0,       5.231259843,      0.3126928082,     0.06667380639
        844,              8.44,      -4.978933149,      -5.829475931,       -6.65061334,                 0,      -1.197804231,      0.4602168486,     0.07305574107
        845,              8.45,      -4.940284811,       -5.78530058,      -6.632677365,                 0,      -2.173092194,     -0.0526421304,     0.07038734724
        846,              8.46,      -4.934760556,      -5.782387221,      -6.625446886,                 0,       3.324953849,     -0.2638087934,     0.06487180675
        847,              8.47,      -4.962122436,      -5.800884545,      -6.636850058,                 0,       5.829081648,      0.1251322922,     0.06675649342
        848,              8.48,      -4.980405268,      -5.825950384,      -6.658428393,                 0,      0.2417637501,       0.417732578,     0.07358688533
        849,              8.49,      -4.950853304,      -5.798496531,      -6.638021389,                 0,      -2.676615081,    -0.02598707675,     0.07288731022
        850,               8.5,      -4.936539745,      -5.783172486,      -6.635547746,                 0,       1.952993871,     -0.3626055937,     0.06663876496
        851,              8.51,      -4.961656577,      -5.801900787,      -6.633391502,                 0,       5.969307441,     -0.0719743341,     0.06630747523
        852,              8.52,      -4.979609417,      -5.820178257,       -6.66448123,                 0,        1.83174317,      0.3173125996,      0.0728170566
        853,              8.53,       -4.96469216,      -5.815457609,      -6.646781565,                 0,      -2.782602197,   -0.006938716292,     0.07408871915
        854,              8.54,      -4.941550849,      -5.787014671,      -6.645158696,                 0,      0.5894027611,     -0.4335102375,     0.06772011486
        855,              8.55,       -4.95853186,      -5.801775021,      -6.632801943,                 0,       5.654818383,     -0.2625607825,     0.06528554064
        856,              8.56,      -4.978558134,      -5.816470858,      -6.664326455,                 0,       3.348079166,      0.1731445136,     0.07081552792
        857,              8.57,      -4.977007517,        -5.8301567,      -6.655892844,                 0,      -2.441843729,     0.00779465315,     0.07397484352
        858,              8.58,      -4.948086143,      -5.792402666,      -6.647428829,                 0,     -0.6369156516,     -0.4735164491,     0.06819327429
        859,              8.59,      -4.955430682,       -5.80159356,      -6.634529083,                 0,       4.953046375,     -0.4307295003,     0.06389598853
        860,               8.6,      -4.983719224,      -5.820833767,      -6.660830385,                 0,       4.560944205,     0.01143209957,     0.06798785001
        861,              8.61,      -4.993411592,      -5.845785798,      -6.669711028,                 0,      -1.660176708,     0.01013304968,     0.07268479104
        862,              8.62,      -4.958015604,      -5.802119457,      -6.647891258,                 0,      -1.552992857,     -0.4764581566,     0.06825020036
        863,              8.63,      -4.958028277,      -5.805577162,      -6.644961021,                 0,       3.964590368,     -0.5562658602,     0.06259431002
        864,              8.64,      -4.991456616,      -5.829199381,      -6.659591766,                 0,       5.353935645,     -0.1448794047,     0.06501408698
        865,              8.65,      -5.008740567,      -5.857284627,       -6.68642208,                 0,     -0.5332652715,    0.003107320428,     0.07079740767
        866,              8.66,      -4.977380137,      -5.822649972,      -6.658166364,                 0,      -2.115805714,     -0.4449077446,     0.06822503067
        867,              8.67,      -4.967050718,      -5.814598978,      -6.663308877,                 0,       2.816819461,     -0.6255177345,     0.06187121039
        868,              8.68,       -5.00002949,      -5.839241468,      -6.664812964,                 0,       5.680857744,     -0.2725674928,     0.06261075479
        869,              8.69,      -5.024164781,      -5.867520417,       -6.70568919,                 0,      0.7698657761,   -0.008351212576,     0.06892147445
        870,               8.7,      -5.007934375,      -5.854791025,      -6.679161854,                 0,      -2.329375331,     -0.3803730982,     0.06838250421
        871,              8.71,       -4.98483691,      -5.831612751,      -6.687336159,                 0,       1.704765364,     -0.6308716461,      0.0621209414
        872,              8.72,      -5.012270428,       -5.85389574,       -6.68021908,                 0,       5.573727132,     -0.3540586504,     0.06141927523
        873,              8.73,      -5.042450238,      -5.881685857,       -6.72620517,                 0,       2.021054303,    -0.01694808153,     0.06762259444
        874,              8.74,      -5.038713107,      -5.887882294,      -6.704935663,                 0,      -2.211643627,     -0.2786300773,     0.06904362179
        875,              8.75,       -5.00874592,      -5.854384736,      -6.712274259,                 0,      0.7284917982,     -0.5782180255,     0.06352400842
        876,              8.76,      -5.027138537,      -5.871889496,      -6.701676998,                 0,       5.158602389,     -0.3859294611,     0.06168115087
        877,              8.77,      -5.060198854,      -5.897405807,        -6.7415735,                 0,       3.093289782,    -0.01084514469,     0.06724953291
        878,              8.78,      -5.065775267,      -5.917075297,      -6.732462426,                 0,      -1.809036685,     -0.1428406403,     0.07034853149
        879,              8.79,      -5.030097446,      -5.874820121,      -6.729202324,                 0,     -0.1174581937,     -0.4712422893,     0.06596948869
        880,               8.8,      -5.039184859,       -5.88694659,      -6.723002896,                 0,       4.528978676,     -0.3724828038,     0.06318904564
        881,              8.81,      -5.071909473,      -5.909020939,      -6.745877528,                 0,        3.97415627,     0.01368926657,     0.06768683326
        882,              8.82,      -5.083385568,      -5.935219105,      -6.755328005,                 0,      -1.155318918,     0.02184701406,      0.0720795217
        883,              8.83,      -5.047547157,      -5.892068242,      -6.737626376,                 0,     -0.8305852695,     -0.3158445678,     0.06903320739
        884,              8.84,      -5.045759585,      -5.895109852,      -6.738904586,                 0,       3.712668385,     -0.3184575702,     0.06541989601
        885,              8.85,      -5.077035398,      -5.915402472,       -6.74223637,                 0,       4.620667121,      0.0531358568,      0.0684916977
        886,              8.86,      -5.090724211,      -5.940476786,      -6.771535491,                 0,     -0.2423289165,      0.1992230538,     0.07370233142
        887,              8.87,       -5.06473312,      -5.909570034,      -6.741267754,                 0,      -1.370272853,     -0.1214218781,     0.07207043573
        888,              8.88,      -5.052348664,      -5.901319252,      -6.752503994,                 0,       2.765896882,     -0.2258120945,     0.06780263499
        889,              8.89,       -5.08397925,      -5.923923292,      -6.743843629,                 0,       4.947967675,      0.1053018532,     0.06928151521
        890,               8.9,      -5.095132766,      -5.941206321,      -6.785251355,                 0,      0.8405754458,      0.3604864595,     0.07467058211
        891,              8.91,      -5.078447973,      -5.925433434,      -6.746371359,                 0,      -1.651722933,     0.09832078468,      0.0744577197
        892,              8.92,      -5.061920165,      -5.909367445,      -6.766485732,                 0,       1.773529716,     -0.1029818673,     0.06981692978
        893,              8.93,      -5.089254938,      -5.931256201,      -6.749165616,                 0,       4.974153235,      0.1583832576,     0.06965981842
        894,              8.94,      -5.104617852,      -5.946489406,      -6.797231355,                 0,       1.921307202,      0.4896946488,     0.07464354223
        895,              8.95,      -5.100023165,      -5.949866556,      -6.765206635,                 0,       -1.62630089,      0.3125804784,     0.07568454923
        896,              8.96,      -5.078868504,      -5.924570473,      -6.782786923,                 0,      0.8861877983,     0.03817184612,      0.0710917913
        897,              8.97,      -5.098389014,      -5.943335478,      -6.764724628,                 0,       4.697600966,      0.2068429736,     0.06946957654
        898,              8.98,      -5.123548504,      -5.962326393,      -6.810776296,                 0,       2.842338501,      0.5737744308,     0.07364132527
        899,              8.99,      -5.130250972,      -5.981443799,      -6.792104702,                 0,       -1.30956486,      0.4915862799,     0.07565614801
        900,                 9,      -5.104905996,      -5.949290401,      -6.803656382,                 0,      0.2125639448,      0.1743140091,     0.07152021126
        901,              9.01,      -5.115745438,      -5.963355962,      -6.789935891,                 0,       4.204699911,      0.2423088125,     0.06876613056
        902,              9.02,      -5.148459484,      -5.985974177,      -6.826387165,                 0,       3.520314817,      0.6045728722,     0.07194619249
        903,              9.03,      -5.163178204,      -6.014257359,      -6.824198695,                 0,     -0.7767973088,      0.6139577512,     0.07468572678
        904,              9.04,      -5.137297105,      -5.981099876,      -6.828243749,                 0,     -0.2492749346,      0.2812329156,     0.07130952484
        905,              9.05,      -5.138783588,      -5.988095642,      -6.820832543,                 0,       3.594634252,      0.2518453248,     0.06779000201
        906,              9.06,      -5.175263551,       -6.01278894,      -6.842733895,                 0,       3.951946927,      0.5786797674,     0.06996864186
        907,              9.07,      -5.195639356,      -6.045076796,       -6.85801499,                 0,     -0.1195771392,       0.666108485,     0.07325900528
        908,              9.08,      -5.180212969,      -6.023384077,      -6.858767252,                 0,     -0.5101550932,      0.3383520899,     0.07084871217
        909,              9.09,      -5.169439008,      -6.019440694,      -6.858723408,                 0,       2.955714835,      0.2296856502,     0.06700446159
        910,               9.1,      -5.204817248,      -6.043309316,         -6.864499,                 0,         4.1224469,      0.4990338561,     0.06829346881
        911,              9.11,      -5.229839914,      -6.076744502,      -6.895994562,                 0,      0.5692275512,      0.6401359711,     0.07192957411
        912,              9.12,      -5.223519522,      -6.067033203,      -6.891146358,                 0,     -0.6135653014,      0.3396507847,     0.07062127461
        913,              9.13,      -5.202774418,      -6.052370327,      -6.897536061,                 0,       2.342511623,      0.1689708694,     0.06685651884
        914,              9.14,      -5.233546871,      -6.073972686,      -6.890429047,                 0,       4.110570518,      0.3689426351,     0.06739460069
        915,              9.15,      -5.261111234,      -6.105276874,      -6.933700115,                 0,       1.236690905,      0.5430549088,     0.07118317569
        916,              9.16,      -5.261314785,      -6.106424982,      -6.922034041,                 0,     -0.6046120303,      0.2861917846,     0.07101773477
        917,              9.17,      -5.236106322,      -6.084418905,      -6.935276929,                 0,       1.773390838,     0.06857900647,     0.06762149877
        918,              9.18,       -5.26052196,      -6.103804388,      -6.920106039,                 0,       3.964878589,      0.1975679023,     0.06751875422
        919,              9.19,      -5.287261452,      -6.129131207,      -6.967038175,                 0,       1.850224264,      0.3872739521,     0.07123070626
        920,               9.2,      -5.291142659,      -6.138875145,      -6.949700844,                 0,     -0.4908960506,      0.1863206376,     0.07214503682
        921,              9.21,      -5.270999425,      -6.117038706,      -6.969356153,                 0,       1.265194058,    -0.06442070088,     0.06928760722
        922,              9.22,      -5.289902834,      -6.135844534,      -6.952266618,                 0,       3.720128451,   0.0006498823165,     0.06863147562
        923,              9.23,      -5.310955056,      -6.151579126,      -6.995885629,                 0,       2.360361694,      0.1897714968,     0.07197014688
        924,              9.24,      -5.315717624,       -6.16623496,      -6.976176019,                 0,     -0.2549610714,      0.0513078076,      0.0737167717
        925,              9.25,      -5.301821846,      -6.145963773,      -6.997444071,                 0,      0.8144473893,     -0.2135337307,     0.07143299916
        926,              9.26,      -5.314812609,      -6.162905705,      -6.979217645,                 0,       3.400390901,      -0.206375041,     0.07023442341
        927,              9.27,      -5.333361701,      -6.173590558,      -7.019377423,                 0,       2.777494471,    -0.02507315179,     0.07296065688
        928,              9.28,      -5.333883324,      -6.186271349,      -6.999970302,                 0,     0.09569292223,    -0.09873037914,     0.07526483307
        929,              9.29,       -5.32696481,      -6.170002298,         -7.016986,                 0,      0.4398313617,     -0.3595708834,     0.07353648628
        930,               9.3,      -5.333424158,      -6.182916227,      -7.002942731,                 0,       3.010884225,     -0.4015275401,     0.07178576241
        931,              9.31,      -5.355956429,      -6.195782366,      -7.035430547,                 0,       3.102346597,     -0.2308359991,     0.07373220547
        932,              9.32,      -5.362488446,      -6.213444879,      -7.027370315,                 0,      0.5037292889,     -0.2445604165,     0.07624776942
        933,              9.33,       -5.35696392,      -6.200014043,      -7.039872686,                 0,      0.2263283035,     -0.4811658275,     0.07505069281
        934,              9.34,      -5.356477415,      -6.206144381,      -7.033199951,                 0,        2.59615092,      -0.554941982,     0.07289726263
        935,              9.35,      -5.383604152,      -6.223522546,      -7.053657095,                 0,        3.28239655,     -0.4003511773,      0.0740140022
        936,              9.36,      -5.397551682,      -6.245689373,      -7.063097985,                 0,      0.9441296308,     -0.3626096201,     0.07646876187
        937,              9.37,       -5.40101932,       -6.24402442,      -7.073253986,                 0,      0.1688859578,     -0.5621572961,     0.07570556023
        938,              9.38,      -5.391278551,      -6.240326559,       -7.07497812,                 0,       2.214497203,     -0.6454783683,      0.0733540018
        939,              9.39,      -5.421257657,      -6.261957043,      -7.083693487,                 0,       3.303225055,     -0.5087072562,     0.07374014304
        940,               9.4,      -5.441995987,      -6.287195313,      -7.109887923,                 0,       1.350646611,     -0.4319455433,     0.07595659074
        941,              9.41,      -5.452539515,      -6.295985636,      -7.113763256,                 0,      0.2358419298,     -0.5847817745,     0.07555329427
        942,              9.42,      -5.441693982,      -6.288872078,      -7.126590356,                 0,       1.917421859,     -0.6644076464,     0.07322094922
        943,              9.43,      -5.471656921,      -6.313637901,      -7.127110863,                 0,       3.201614492,     -0.5420511906,     0.07307369306
        944,              9.44,      -5.495831731,      -6.338627465,      -7.165408846,                 0,       1.667123848,     -0.4377537686,     0.07499070962
        945,              9.45,      -5.511212499,      -6.355554676,      -7.158711463,                 0,      0.3851004246,     -0.5409881171,     0.07490888198
        946,              9.46,       -5.50415002,      -6.349402942,      -7.188921839,                 0,       1.695696734,     -0.6093320569,     0.07279265805
        947,              9.47,        -5.5306021,      -6.374129803,      -7.177093168,                 0,       3.025638434,     -0.4985318321,     0.07234349544
        948,              9.48,      -5.556149615,      -6.397224748,      -7.227986283,                 0,        1.89023771,     -0.3746517892,     0.07401132747
        949,              9.49,      -5.573847534,      -6.419352782,      -7.208930745,                 0,      0.5672792095,     -0.4304446522,     0.07425838073
        950,               9.5,      -5.570093499,      -6.413723445,      -7.256226493,                 0,       1.520243103,     -0.4860750258,     0.07250801285
        951,              9.51,      -5.591382566,      -6.436740394,      -7.235376685,                 0,       2.818129587,     -0.3859212881,     0.07195205616
        952,              9.52,      -5.616546644,      -6.456623304,      -7.293258489,                 0,       2.044658507,     -0.2487619787,     0.07345385374
        953,              9.53,      -5.633366722,      -6.480491691,      -7.268653027,                 0,      0.7489669253,     -0.2624236679,      0.0740423397
        954,              9.54,      -5.631476243,      -6.474017557,      -7.319581274,                 0,        1.37301411,     -0.3067253952,     0.07273249241
        955,              9.55,      -5.645277642,      -6.492897004,      -7.296909242,                 0,       2.607023309,     -0.2199615163,     0.07217514741
        956,              9.56,      -5.668436742,      -6.508204602,      -7.348965737,                 0,       2.160336828,    -0.07523148909,     0.07356098688
        957,              9.57,      -5.681154271,      -6.530314209,      -7.327935121,                 0,       0.921771143,    -0.05292632616,     0.07448894262
        958,              9.58,      -5.679995636,      -6.522090512,      -7.368220158,                 0,       1.241136478,    -0.08976556303,     0.07362293594
        959,              9.59,      -5.689568077,      -6.539087905,      -7.352459983,                 0,       2.410946185,    -0.02139356835,     0.07308104405
        960,               9.6,      -5.707441324,      -6.547670203,      -7.388398191,                 0,       2.257465198,      0.1235491142,     0.07432028221
        961,              9.61,       -5.71296829,      -6.563889723,      -7.377965855,                 0,       1.099734078,      0.1751545169,     0.07551469705
        962,              9.62,      -5.718538297,      -6.560197175,      -7.400249996,                 0,       1.134204337,      0.1409321357,     0.07501606388
        963,              9.63,      -5.723915705,      -6.574046625,      -7.397660316,                 0,       2.227332694,      0.1849508494,     0.07442062379
        964,              9.64,      -5.743107811,      -6.583555418,      -7.417784184,                 0,       2.334353232,      0.3211199291,     0.07541557576
        965,              9.65,      -5.744951183,      -6.595594331,       -7.42187102,                 0,        1.28661664,      0.3910626383,     0.07670650268
        966,              9.66,      -5.754133883,      -6.596247484,       -7.42750183,                 0,       1.085245365,      0.3570172048,     0.07646870888
        967,              9.67,      -5.755310202,      -6.605002588,      -7.438736201,                 0,       2.058941766,      0.3718279382,     0.07577122833
        968,              9.68,      -5.777084628,      -6.618130774,      -7.443063804,                 0,       2.385845142,      0.4877556534,      0.0764289109
        969,              9.69,      -5.787320611,      -6.635286225,      -7.466225039,                 0,       1.470293835,      0.5644608397,      0.0776380715
        970,               9.7,      -5.803494399,      -6.645732202,      -7.465437623,                 0,       1.104456735,       0.526050321,     0.07753373593
        971,              9.71,      -5.802318177,       -6.65017948,       -7.48746033,                 0,       1.935853868,      0.5124531555,     0.07674948038
        972,              9.72,      -5.831510621,       -6.67281069,      -7.487486343,                 0,       2.383018334,      0.5996130625,     0.07706527856
        973,              9.73,      -5.846956209,      -6.692309664,      -7.524401116,                 0,       1.623758864,       0.667258043,     0.07805090004
        974,              9.74,      -5.869114401,      -6.711386027,      -7.520231456,                 0,       1.181573387,      0.6219227944,     0.07797051973
        975,              9.75,      -5.873313552,      -6.718974505,      -7.555315304,                 0,        1.86261827,      0.5837794846,     0.07714680493
        976,              9.76,      -5.904820416,      -6.746417853,      -7.551351877,                 0,       2.332509723,      0.6379141087,     0.07718671956
        977,              9.77,      -5.923927318,      -6.767254969,      -7.598174757,                 0,        1.72843051,      0.6852880753,     0.07791070634
        978,              9.78,      -5.950406757,      -6.792815916,      -7.590101329,                 0,       1.282026173,      0.6307878293,     0.07781320235
        979,              9.79,      -5.958723297,      -6.802650601,      -7.637308468,                 0,       1.814776652,      0.5730610804,     0.07701585341
        980,               9.8,      -5.990888216,      -6.832987941,      -7.626657291,                 0,       2.255327797,      0.5941985011,     0.07689256107
        981,              9.81,      -6.011776463,      -6.853716798,       -7.68413795,                 0,       1.789803702,      0.6168702846,     0.07742065766
        982,              9.82,      -6.039963603,      -6.882896936,       -7.67002798,                 0,       1.373595963,      0.5529372855,     0.07734628806
        983,              9.83,      -6.050641644,      -6.893373545,      -7.728996658,                 0,       1.772356489,      0.4800050235,     0.07666132035
        984,              9.84,      -6.081414342,      -6.924471451,      -7.713489019,                 0,        2.16554209,      0.4718852435,     0.07650245486
        985,              9.85,      -6.101981082,      -6.943137987,      -7.776846019,                 0,       1.818863434,      0.4708591558,     0.07694769136
        986,              9.86,      -6.129324462,      -6.973438585,      -7.761136686,                 0,        1.44164439,      0.3994715426,     0.07697336749
        987,              9.87,      -6.140111222,      -6.982099975,      -7.820738868,                 0,       1.726684107,      0.3159335397,     0.07647798601
        988,              9.88,      -6.167195323,      -7.011814906,      -7.805407912,                 0,       2.075458297,      0.2842122702,     0.07638283536
        989,              9.89,      -6.185608137,      -7.026359599,      -7.864331051,                 0,       1.829804226,      0.2643915669,     0.07684074804
        990,               9.9,      -6.209221895,      -7.055219926,      -7.850077413,                 0,       1.488623455,      0.1894831854,     0.07702523374
        991,              9.91,      -6.218268814,      -7.059820274,      -7.901768915,                 0,       1.679483399,       0.100276598,     0.07675367836
        992,              9.92,      -6.238941349,      -7.085748951,      -7.886830546,                 0,       1.995677057,     0.05228618385,     0.07676396157
        993,              9.93,       -6.25401164,      -7.094680233,      -7.936756532,                 0,       1.839471497,     0.02091318783,     0.07727991607
        994,              9.94,      -6.270846765,      -7.119296501,       -7.92366609,                 0,       1.527212776,    -0.05144141068,     0.07763796356
        995,              9.95,      -6.281798233,       -7.12268876,      -7.965229533,                 0,       1.640059811,     -0.1404687152,     0.07756907818
        996,              9.96,      -6.300481526,      -7.148691534,      -7.954859914,                 0,       1.936955465,     -0.1956438756,     0.07765904287
        997,              9.97,       -6.31625569,        -7.1563074,      -7.996441243,                 0,       1.855268261,     -0.2298583439,     0.07819354157
        998,              9.98,        -6.3301599,      -7.179612303,      -7.989445621,                 0,       1.573150783,     -0.2932257774,     0.07864649985
        999,              9.99,      -6.345023396,      -7.185212646,      -8.022945902,                 0,       1.627707853,      -0.373502039,     0.07869403268
       1000,                10,      -6.360175866,      -7.209049961,      -8.020010358,                 0,       1.899553825,     -0.4254327811,     0.07878875032
       1001,             10.01,      -6.377990023,       -7.21780247,      -8.052131718,                 0,       1.877640261,     -0.4538893185,     0.07925394304
       1002,             10.02,      -6.392662721,      -7.242152315,      -8.055286867,                 0,       1.630751163,     -0.5012810049,     0.07968879831
       1003,             10.03,      -6.412292966,       -7.25193646,      -8.081047975,                 0,       1.642264025,     -0.5639842383,     0.07974753176
       1004,             10.04,      -6.427924852,      -7.276114325,      -8.087706053,                 0,       1.884161893,     -0.6028265969,     0.07977034392
       1005,             10.05,      -6.456273497,      -7.294926926,      -8.118594599,                 0,       1.902055105,      -0.617480235,      0.0800899747
       1006,             10.06,      -6.476080695,       -7.32395076,      -8.133596545,                 0,       1.692337885,     -0.6436200821,     0.08040605173
       1007,             10.07,      -6.503778803,      -7.342129831,      -8.161062593,                 0,       1.681686626,     -0.6819493557,     0.08039480271
       1008,             10.08,      -6.524682433,      -7.371277911,      -8.178616045,                 0,       1.883877451,     -0.6997283414,     0.08031373717
       1009,             10.09,      -6.559680221,      -7.397325238,      -8.213028789,                 0,        1.91318149,     -0.6954744172,     0.08046066836
       1010,              10.1,      -6.584110859,      -7.430655783,      -8.236839126,                 0,       1.743599696,     -0.6978210228,     0.08061488753
       1011,             10.11,      -6.617974353,      -7.455351333,      -8.268341618,                 0,       1.724679223,       -0.70853792,     0.08050871698
       1012,             10.12,      -6.643468063,      -7.489018823,      -8.292948751,                 0,       1.881926292,     -0.7021612134,      0.0803379218
       1013,             10.13,      -6.682730373,      -7.519760797,      -8.330768791,                 0,       1.908076048,     -0.6773212878,     0.08034556549
       1014,             10.14,      -6.710486444,      -7.556319256,       -8.35961291,                 0,       1.774838179,     -0.6559962704,     0.08037112778
       1015,             10.15,      -6.747851592,      -7.584700036,      -8.393549028,                 0,       1.753119139,     -0.6401620442,     0.08021027317
       1016,             10.16,      -6.776296641,      -7.621402658,      -8.422826782,                 0,       1.867899564,     -0.6108407737,     0.08001169937
       1017,             10.17,      -6.817366453,      -7.654246088,      -8.461554945,                 0,       1.886344432,     -0.5668400389,     0.07996302594
       1018,             10.18,       -6.84632411,      -7.691962058,      -8.493182092,                 0,       1.783284737,      -0.524587933,      0.0799484663
       1019,             10.19,      -6.884489276,      -7.721322082,       -8.52595682,                 0,       1.760056675,     -0.4863223963,     0.07981632802
       1020,              10.2,      -6.913506125,      -7.758562103,      -8.559898633,                 0,       1.840081908,     -0.4382292541,     0.07967517299
       1021,             10.21,      -6.954057199,      -7.791339235,      -8.595126726,                 0,       1.853104588,     -0.3788933854,     0.07966508624
       1022,             10.22,      -6.981470933,       -7.82722928,      -8.629578658,                 0,       1.774731476,     -0.3205546795,     0.07970340658
       1023,             10.23,      -7.018128161,      -7.855600094,      -8.657161435,                 0,       1.750689849,     -0.2659337723,     0.07967505479
       1024,             10.24,      -7.045079162,      -7.890193131,      -8.695669216,                 0,       1.806040009,     -0.2051356494,     0.07965423665
       1025,             10.25,      -7.083429047,      -7.921913636,      -8.723181487,                 0,       1.818698922,     -0.1362547534,      0.0797451701
       1026,             10.26,      -7.106584327,      -7.952412732,      -8.761245204,                 0,         1.7614585,    -0.06845781234,      0.0798914093
       1027,             10.27,      -7.140187739,      -7.979195004,      -8.779103873,                 0,       1.738269636,   -0.005172129537,     0.08000128643
       1028,             10.28,      -7.162673999,      -8.007559692,       -8.82178388,                 0,       1.778480657,     0.06056746071,     0.08011798795
       1029,             10.29,      -7.199579605,      -8.039977064,      -8.837245901,                 0,       1.795752188,      0.1312637868,     0.08031925747
       1030,              10.3,      -7.220694371,        -8.0653151,      -8.881292897,                 0,       1.757788883,      0.2000213589,     0.08056532971
       1031,             10.31,      -7.256987323,      -8.097188176,      -8.891237309,                 0,        1.73853297,      0.2627397479,       0.080777728
       1032,             10.32,       -7.28161229,      -8.124401847,      -8.942202993,                 0,       1.771267506,      0.3242299364,     0.08097779659
       1033,             10.33,      -7.321270827,      -8.162844138,      -8.950165516,                 0,       1.792974162,      0.3875251115,     0.08122448533
       1034,             10.34,      -7.342739855,      -8.185052854,      -9.003664868,                 0,       1.770892859,      0.4473798567,     0.08149202318
       1035,             10.35,      -7.381937553,      -8.223408236,      -9.010077007,                 0,       1.757296459,      0.4996408666,     0.08171719573
       1036,             10.36,      -7.410928788,      -8.251162267,      -9.070379559,                 0,       1.785002816,      0.5475613328,     0.08190855379
       1037,             10.37,      -7.459321552,      -8.301704074,      -9.076093193,                 0,       1.809435108,      0.5943081214,     0.08211101192
       1038,             10.38,        -7.4885055,      -8.327263791,      -9.141469003,                 0,       1.799122839,      0.6360829687,     0.08230965228
       1039,             10.39,      -7.540653937,      -8.381553653,      -9.156620479,                 0,       1.791388859,      0.6691663994,     0.08245785904
       1040,              10.4,      -7.581809484,      -8.418295211,      -9.229698581,                 0,       1.813719358,      0.6959064486,     0.08256063226
       1041,             10.41,      -7.641534882,      -8.483438925,      -9.239106462,                 0,       1.834481532,      0.7192121729,     0.08265149255
       1042,             10.42,      -7.680585253,      -8.515319265,      -9.317954547,                 0,       1.829610903,       0.736535137,     0.08272317264
       1043,             10.43,      -7.746501736,      -8.585228553,      -9.344559213,                 0,       1.824911922,      0.7450719265,     0.08274706427
       1044,             10.44,      -7.802167252,       -8.63483368,      -9.432092915,                 0,       1.839680529,      0.7467209168,     0.08272945433
       1045,             10.45,      -7.872685793,      -8.713473757,      -9.441906915,                 0,       1.852756546,      0.7437215656,     0.08269466754
       1046,             10.46,      -7.921095202,      -8.750576624,      -9.535770918,                 0,       1.848526711,      0.7345964156,     0.08264118476
       1047,             10.47,      -8.003470991,      -8.837732019,       -9.57640651,                 0,       1.843573577,      0.7175951475,     0.08255588997
       1048,             10.48,      -8.076283474,      -8.904242638,      -9.677394154,                 0,       1.849691793,      0.6942415259,     0.08244727447
       1049,             10.49,      -8.152350155,      -8.990415587,      -9.680981814,                 0,        1.85407754,      0.6660948247,     0.08233314044
       1050,              10.5,      -8.208503876,      -9.028075737,      -9.783844017,                 0,       1.847931173,      0.6325427572,     0.08221614826
       1051,             10.51,      -8.311498631,      -9.134860613,       -9.83878194,                 0,       1.840931679,      0.5926517995,     0.08209343146
       1052,             10.52,      -8.400372061,      -9.216373479,       -9.93509955,                 0,       1.839566183,      0.5475967376,     0.08197332051
       1053,             10.53,      -8.465230142,      -9.288910382,      -9.919491977,                 0,       1.837088002,      0.4984682561,     0.08186745192
       1054,             10.54,      -8.524657686,      -9.320595751,      -10.01373492,                 0,       1.829133125,      0.4452635287,     0.08177920731
       1055,             10.55,      -8.643587619,      -9.436572483,      -10.07459066,                 0,       1.820724234,      0.3875244847,     0.08170923957
       1056,             10.56,        -8.7198024,      -9.498559068,      -10.12232148,                 0,       1.815239298,      0.3262241626,     0.08166265575
       1057,             10.57,       -8.73977396,      -9.520813459,      -10.09836951,                 0,       1.809692422,      0.2623237398,      0.0816449066
       1058,             10.58,      -8.784764159,      -9.543535398,       -10.1574311,                 0,       1.802181715,      0.1960407169,     0.08165804756
       1059,             10.59,      -8.862955224,      -9.612328315,      -10.19086121,                 0,       1.795040018,      0.1272663614,     0.08170194624
       1060,              10.6,      -8.874874643,      -9.617677968,      -10.18932925,                 0,       1.789894412,     0.05724105088,     0.08177841038
       1061,             10.61,      -8.863055654,      -9.609983298,      -10.18079106,                 0,       1.785648006,    -0.01350415055,     0.08188803755
       1062,             10.62,      -8.881569548,      -9.622761976,      -10.20125881,                 0,       1.781636186,    -0.08458048003,     0.08202814136
       1063,             10.63,      -8.906969394,      -9.644929963,      -10.20778237,                 0,       1.779188868,     -0.1554124414,     0.08219466396
       1064,             10.64,       -8.90068623,      -9.637681009,      -10.20422636,                 0,       1.778518852,     -0.2251038993,     0.08238325236
       1065,             10.65,      -8.900474857,      -9.637417082,      -10.20878345,                 0,       1.779393768,     -0.2931985804,     0.08258899713
       1066,             10.66,      -8.909422517,        -9.6425075,      -10.21701202,                 0,       1.781156169,     -0.3589637981,     0.08280606603
       1067,             10.67,      -8.913597521,       -9.64453533,      -10.21802613,                 0,       1.784035983,     -0.4217821455,     0.08302831183
       1068,             10.68,      -8.913991741,      -9.643830572,      -10.22053888,                 0,       1.788460679,     -0.4810697031,     0.08324976202
       1069,             10.69,      -8.917094937,      -9.644927886,      -10.22651477,                 0,       1.794073741,      -0.536191427,     0.08346451757
       1070,              10.7,      -8.930595109,      -9.654364648,      -10.23680991,                 0,       1.800958485,     -0.5866385685,     0.08366684362
       1071,             10.71,      -8.937099844,      -9.656288829,      -10.24270212,                 0,       1.808438733,     -0.6318318847,     0.08385138966
       1072,             10.72,      -8.944683057,      -9.659631606,      -10.25014021,                 0,       1.816369997,     -0.6713714227,     0.08401347855
       1073,             10.73,      -8.953154908,      -9.664026543,      -10.25741488,                 0,       1.824430995,     -0.7048604841,     0.08414926741
       1074,             10.74,      -8.960394216,      -9.667557059,       -10.2619681,                 0,       1.832320217,     -0.7319982923,     0.08425578103
       1075,             10.75,      -8.965480476,      -9.669545559,      -10.26330295,                 0,       1.839807952,      -0.752554273,     0.08433098979
       1076,             10.76,      -8.969346821,      -9.670912477,      -10.26215793,                 0,        1.84667028,     -0.7663690347,     0.08437387928
       1077,             10.77,      -8.972053853,      -9.671828034,       -10.2584198,                 0,       1.852674024,     -0.7733546951,     0.08438447281
       1078,             10.78,      -8.972944764,      -9.671782706,      -10.25232172,                 0,       1.857627602,     -0.7735033409,     0.08436382064
       1079,             10.79,      -8.972292862,      -9.671041843,      -10.24525755,                 0,       1.861389418,     -0.7668681536,     0.08431395367
       1080,              10.8,      -8.970765916,       -9.67016332,      -10.23832925,                 0,       1.863854708,     -0.7535620184,     0.08423788916
       1081,             10.81,      -8.968420536,       -9.66910054,      -10.23170101,                 0,       1.864954077,     -0.7337537688,     0.08413956406
       1082,             10.82,      -8.965278919,      -9.667747053,       -10.2253149,                 0,        1.86466699,     -0.7076560563,     0.08402381411
       1083,             10.83,      -8.961369954,      -9.665998909,      -10.21916917,                 0,       1.863020297,     -0.6755319129,      0.0838961405
       1084,             10.84,      -8.956970265,      -9.663989011,       -10.2133253,                 0,       1.860077278,     -0.6376690435,      0.0837624292
       1085,             10.85,      -8.952161901,      -9.661739747,      -10.20777876,                 0,       1.855941518,      -0.594396813,     0.08362870099
       1086,             10.86,      -8.947093553,      -9.659285626,      -10.20275456,                 0,       1.850756497,     -0.5460740668,     0.08350091258
       1087,             10.87,      -8.941791079,      -9.656577506,      -10.19829285,                 0,       1.844696638,     -0.4930811098,     0.08338475964
       1088,             10.88,      -8.936527583,      -9.653808649,      -10.19457474,                 0,       1.837969975,     -0.4358286537,     0.08328548372
       1089,             10.89,      -8.931357552,       -9.65097829,      -10.19165662,                 0,       1.830804069,     -0.3747516415,     0.08320763301
       1090,              10.9,      -8.926355959,      -9.648127242,       -10.1895039,                 0,       1.823445042,     -0.3103196653,     0.08315497129
       1091,             10.91,      -8.921520429,      -9.645208428,      -10.18799774,                 0,       1.816143333,     -0.2430250398,     0.08313050566
       1092,             10.92,      -8.916812344,      -9.642099736,      -10.18697652,                 0,       1.809148755,     -0.1733889193,     0.08313703366
       1093,             10.93,      -8.912753422,      -9.639385924,      -10.18660318,                 0,       1.802735117,     -0.1019654217,     0.08317567015
       1094,             10.94,      -8.908718269,      -9.636329445,      -10.18642923,                 0,       1.797103726,    -0.02934347549,     0.08324786157
       1095,             10.95,      -8.904969663,      -9.633251759,      -10.18649047,                 0,       1.792457661,     0.04386932172,     0.08335284492
       1096,             10.96,      -8.905639287,      -9.636369381,      -10.18930071,                 0,       1.789206187,      0.1170418438,     0.08348798556
       1097,             10.97,       -8.90804961,      -9.638340903,       -10.1941896,                 0,        1.78751819,      0.1895017788,     0.08364943863
       1098,             10.98,      -8.910087502,      -9.638486808,       -10.1995198,                 0,       1.787220189,      0.2605787536,     0.08383240944
       1099,             10.99,      -8.915738964,      -9.642292007,      -10.20704216,                 0,       1.788492251,      0.3296242721,     0.08403148137
       1100,                11,       -8.91826687,      -9.642479822,      -10.21305572,                 0,       1.790981253,      0.3959257333,     0.08424077196
       1101,             11.01,      -8.920619832,      -9.642786069,      -10.21876966,                 0,       1.794616872,       0.458853586,     0.08445413986
       1102,             11.02,      -8.927019146,      -9.647185864,      -10.22708073,                 0,        1.79965201,      0.5178033456,     0.08466542995
       1103,             11.03,      -8.937945025,      -9.654576143,      -10.23928705,                 0,       1.806182499,      0.5721985741,     0.08486862376
       1104,             11.04,       -8.94748178,      -9.659429175,      -10.25105085,                 0,       1.813597747,      0.6214383378,     0.08505797738
       1105,             11.05,      -8.957846034,      -9.664931607,      -10.26227605,                 0,       1.821530702,      0.6650393221,     0.08522823046
       1106,             11.06,      -8.968031989,       -9.67075288,      -10.27216557,                 0,       1.829712061,      0.7025835746,     0.08537479737
       1107,             11.07,      -8.976835638,      -9.675735477,      -10.28014843,                 0,       1.837866334,      0.7337309707,     0.08549399694
       1108,             11.08,      -8.984369041,       -9.67999557,      -10.28662153,                 0,        1.84572028,      0.7582061271,     0.08558309351
       1109,             11.09,      -8.990485348,      -9.683583106,      -10.29151296,                 0,       1.853016879,      0.7758117136,     0.08564031393
       1110,              11.1,       -8.99498292,      -9.686456775,      -10.29456546,                 0,       1.859516542,      0.7864329845,      0.0856649379
       1111,             11.11,      -8.997641834,      -9.688453413,      -10.29546118,                 0,       1.865013866,      0.7900317253,     0.08565731341
       1112,             11.12,      -8.998374036,      -9.689502218,      -10.29385396,                 0,       1.869340499,      0.7866371953,     0.08561882253
       1113,             11.13,      -8.997321808,      -9.689717132,      -10.28987525,                 0,       1.872364605,      0.7763393764,     0.08555185178
       1114,             11.14,      -8.994711287,      -9.689223727,      -10.28395094,                 0,        1.87400173,      0.7592928564,     0.08545978825
       1115,             11.15,      -8.990720544,       -9.68802411,      -10.27682483,                 0,       1.874209172,      0.7357012684,     0.08534691609
       1116,             11.16,      -8.985648979,      -9.686235083,      -10.26925228,                 0,       1.872996689,      0.7058171348,     0.08521839766
       1117,             11.17,      -8.979813654,      -9.683964017,      -10.26193535,                 0,       1.870413268,      0.6699299401,     0.08507997296
       1118,             11.18,      -8.973507044,      -9.681348916,        -10.255007,                 0,       1.866549194,      0.6283566158,     0.08493767332
       1119,             11.19,      -8.966834775,      -9.678402119,       -10.2485327,                 0,       1.861536872,      0.5814593586,     0.08479758441
       1120,              11.2,      -8.959900775,      -9.675122936,      -10.24248151,                 0,       1.855545858,       0.529617217,     0.08466564126
       1121,             11.21,      -8.952747857,      -9.671485604,      -10.23669361,                 0,       1.848773162,      0.4732364921,     0.08454743603
       1122,             11.22,      -8.945627092,      -9.667659308,      -10.23121182,                 0,       1.841447254,      0.4127510469,      0.0844480022
       1123,             11.23,      -8.938562578,      -9.663614513,      -10.22594714,                 0,       1.833812843,      0.3486257236,     0.08437161539
       1124,             11.24,      -8.931639888,      -9.659405814,       -10.2209538,                 0,       1.826129689,      0.2813540864,     0.08432172449
       1125,             11.25,      -8.924933589,      -9.655083834,      -10.21629285,                 0,       1.818654354,      0.2114560845,     0.08430136752
       1126,             11.26,      -8.918425836,      -9.650623917,      -10.21196404,                 0,       1.811645783,      0.1394800252,     0.08431266461
       1127,             11.27,      -8.912565686,      -9.646521107,      -10.20823745,                 0,       1.805374584,     0.06601035614,     0.08435650533
       1128,             11.28,      -8.906875376,      -9.642168902,      -10.20492919,                 0,       1.800035328,   -0.008335539475,     0.08443398456
       1129,             11.29,      -8.901592897,      -9.637896522,      -10.20219228,                 0,       1.795818048,    -0.08292271148,     0.08454336075
       1130,              11.3,      -8.905223108,      -9.643864876,      -10.20478461,                 0,       1.793378406,     -0.1571095901,     0.08468142279
       1131,             11.31,       -8.90353742,      -9.641270299,      -10.20536921,                 0,       1.792291936,     -0.2301509916,     0.08484380539
       1132,             11.32,      -8.906615225,      -9.642895454,      -10.20875053,                 0,       1.792804704,     -0.3014323479,     0.08502537249
       1133,             11.33,      -8.909324689,      -9.643928922,      -10.21250935,                 0,       1.794784519,     -0.3702204214,     0.08522042987
       1134,             11.34,      -8.910403623,      -9.643016891,      -10.21572776,                 0,       1.797980529,     -0.4358425262,     0.08542290667
       1135,             11.35,      -8.911604899,      -9.642270827,      -10.21881045,                 0,       1.802330588,     -0.4976494781,     0.08562657884
       1136,             11.36,       -8.92038525,      -9.649262618,      -10.22633393,                 0,       1.808361412,     -0.5550984956,      0.0858253224
       1137,             11.37,      -8.928968893,       -9.65380698,      -10.23482029,                 0,       1.815573631,      -0.607536743,     0.08601319521
       1138,             11.38,        -8.9371915,      -9.657136307,      -10.24291854,                 0,       1.823418089,     -0.6544227621,     0.08618463788
       1139,             11.39,      -8.946616318,      -9.661971138,      -10.25112895,                 0,       1.831641874,      -0.695312487,     0.08633467384
       1140,              11.4,      -8.954987109,      -9.666152556,       -10.2579149,                 0,       1.839955653,     -0.7298268171,     0.08645914753
       1141,             11.41,      -8.962018109,      -9.669356699,      -10.26251551,                 0,       1.848072768,     -0.7576636313,      0.0865548401
       1142,             11.42,      -8.967715607,      -9.671736856,      -10.26437863,                 0,       1.855721114,     -0.7785845923,     0.08661949289
       1143,             11.43,      -8.971910731,      -9.673329249,      -10.26320139,                 0,       1.862651051,     -0.7924430091,     0.08665188229
       1144,             11.44,      -8.974465681,      -9.674122373,      -10.25919138,                 0,       1.868636781,     -0.7991674438,     0.08665186679
       1145,             11.45,      -8.975382885,      -9.674160361,      -10.25309235,                 0,        1.87348961,     -0.7987688116,     0.08662036953
       1146,             11.46,      -8.974736788,      -9.673505762,      -10.24581343,                 0,       1.877061064,     -0.7913150692,     0.08655934038
       1147,             11.47,      -8.972985726,      -9.672548312,      -10.23832646,                 0,       1.879246164,     -0.7769429314,     0.08647175185
       1148,             11.48,      -8.970274585,      -9.671299668,      -10.23104457,                 0,       1.879984746,     -0.7558426478,     0.08636153919
       1149,             11.49,      -8.966791602,       -9.66978098,      -10.22413302,                 0,       1.879265254,     -0.7282504877,     0.08623354794
       1150,              11.5,      -8.962582908,      -9.667901921,      -10.21754245,                 0,       1.877124169,     -0.6944508872,      0.0860933311
       1151,             11.51,      -8.957890753,      -9.665756253,       -10.2113198,                 0,       1.873636919,     -0.6547544727,     0.08594686498
       1152,             11.52,      -8.952769507,      -9.663320119,      -10.20541078,                 0,        1.86892284,     -0.6095121236,     0.08580027207
       1153,             11.53,       -8.94740686,      -9.660658268,      -10.20005904,                 0,        1.86314083,     -0.5591041008,     0.08565961249
       1154,             11.54,      -8.941834924,      -9.657742775,      -10.19528861,                 0,       1.856479412,     -0.5039296547,     0.08553067647
       1155,             11.55,       -8.93632264,      -9.654781874,      -10.19133936,                 0,       1.849161819,      -0.444422254,     0.08541878629
       1156,             11.56,      -8.930936202,      -9.651761906,      -10.18827831,                 0,       1.841431494,     -0.3810375877,      0.0853285463
       1157,             11.57,      -8.925740996,      -9.648723033,      -10.18598908,                 0,       1.833547651,     -0.3142633176,     0.08526376827
       1158,             11.58,      -8.920769783,      -9.645653678,      -10.18438481,                 0,       1.825775167,     -0.2446153509,     0.08522756119
       1159,             11.59,      -8.916002074,      -9.642509388,      -10.18329156,                 0,       1.818375665,     -0.1726371763,     0.08522271056
       1160,              11.6,      -8.911493322,      -9.639244473,      -10.18255844,                 0,       1.811611826,    -0.09890516911,     0.08525028848
       1161,             11.61,      -8.907542441,      -9.636246009,       -10.1822822,                 0,       1.805736359,    -0.02403201118,     0.08531170027
       1162,             11.62,      -8.903631782,      -9.632909671,      -10.18216432,                 0,       1.800931036,     0.05134470545,      0.0854060909
       1163,             11.63,       -8.90391913,      -9.635427316,      -10.18459733,                 0,       1.797581425,      0.1265725434,     0.08553068608
       1164,             11.64,      -8.907319931,      -9.638378405,      -10.18992815,                 0,       1.795961073,      0.2009584575,     0.08568150866
       1165,             11.65,      -8.907263403,      -9.636127186,      -10.19424487,                 0,       1.795653137,       0.273782233,      0.0858535973
       1166,             11.66,       -8.91483633,      -9.641964394,       -10.2027741,                 0,       1.797143077,      0.3444191663,     0.08604140931
       1167,             11.67,      -8.917167948,      -9.641701096,      -10.20917476,                 0,       1.799886257,      0.4120865847,     0.08623893058
       1168,             11.68,      -8.920004647,      -9.642179933,       -10.2156371,                 0,       1.803811218,      0.4761637559,     0.08643989448
       1169,             11.69,      -8.925812475,      -9.645386007,      -10.22402244,                 0,       1.809091344,      0.5360160556,     0.08663803915
       1170,              11.7,      -8.939747439,      -9.656038455,      -10.23792905,                 0,       1.816064473,      0.5910982152,     0.08682728432
       1171,             11.71,      -8.947815823,      -9.659021254,      -10.24945215,                 0,       1.823748178,      0.6407384605,     0.08700183201
       1172,             11.72,      -8.959140043,      -9.665325008,      -10.26152147,                 0,       1.831924813,      0.6844960048,     0.08715641456
       1173,             11.73,      -8.969485576,      -9.671294534,      -10.27181313,                 0,       1.840292369,      0.7219421577,     0.08728649445
       1174,             11.74,      -8.978288156,      -9.676260177,      -10.28014336,                 0,       1.848567378,      0.7527497802,     0.08738846362
       1175,             11.75,      -8.985761117,      -9.680469496,      -10.28672108,                 0,       1.856469424,      0.7766516875,     0.08745967425
       1176,             11.76,      -8.991753706,      -9.683985508,      -10.29130752,                 0,       1.863737213,      0.7934667494,     0.08749848856
       1177,             11.77,       -8.99596048,      -9.686673133,      -10.29357634,                 0,       1.870128264,       0.803096507,     0.08750435902
       1178,             11.78,      -8.998187837,      -9.688393446,      -10.29341323,                 0,       1.875439247,      0.8055225663,     0.08747783273
       1179,             11.79,      -8.998404724,      -9.689109401,      -10.29079917,                 0,       1.879504692,      0.8007941181,     0.08742049498
       1180,              11.8,      -8.996873201,      -9.689051992,      -10.28610175,                 0,       1.882200987,      0.7890211816,     0.08733496351
       1181,             11.81,      -8.993807158,      -9.688305522,      -10.27976671,                 0,       1.883451441,      0.7703814212,      0.0872248744
       1182,             11.82,      -8.989456645,      -9.686913537,      -10.27246192,                 0,        1.88322453,       0.745095679,       0.087094778
       1183,             11.83,      -8.984052229,       -9.68493433,      -10.26474277,                 0,        1.88154133,      0.7134384066,     0.08695004845
       1184,             11.84,      -8.977940355,      -9.682507477,      -10.25733524,                 0,       1.878463395,      0.6757156663,     0.08679660359
       1185,             11.85,      -8.971381112,      -9.679746954,      -10.25035289,                 0,       1.874095555,      0.6322628285,     0.08664060619
       1186,             11.86,      -8.964478396,       -9.67663315,      -10.24392751,                 0,       1.868585261,      0.5834592953,     0.08648822732
       1187,             11.87,      -8.957342569,      -9.673193269,      -10.23795136,                 0,       1.862115104,      0.5296986631,      0.0863454381
       1188,             11.88,      -8.950097493,      -9.669491514,      -10.23230912,                 0,       1.854895203,      0.4714043819,      0.0862178091
       1189,             11.89,      -8.942861079,      -9.665553596,      -10.22699167,                 0,       1.847165449,      0.4090270095,     0.08611027276
       1190,              11.9,      -8.935717633,      -9.661409457,       -10.2218959,                 0,       1.839181535,      0.3430469349,     0.08602698335
       1191,             11.91,      -8.928735676,      -9.657093261,      -10.21711537,                 0,       1.831212671,      0.2739751543,     0.08597122534
       1192,             11.92,      -8.921994417,       -9.65267592,      -10.21271412,                 0,       1.823523164,      0.2023490073,     0.08594613901
       1193,             11.93,      -8.915494367,      -9.648161875,      -10.20870934,                 0,       1.816377279,      0.1287342451,     0.08595335419
       1194,             11.94,      -8.909528677,      -9.643877549,      -10.20527065,                 0,       1.810040372,     0.05373574916,     0.08599397676
       1195,             11.95,      -8.903906243,      -9.639545587,      -10.20235548,                 0,       1.804723742,    -0.02201169984,     0.08606832965
       1196,             11.96,      -8.898635462,      -9.635208282,      -10.19998183,                 0,       1.800602605,    -0.09785216228,     0.08617420565
       1197,             11.97,      -8.903384061,      -9.642269051,      -10.20349335,                 0,       1.798401872,     -0.1731335131,      0.0863080437
       1198,             11.98,      -8.901398182,       -9.63913157,      -10.20432431,                 0,        1.79754921,     -0.2470758132,     0.08646515313
       1199,             11.99,       -8.90463469,       -9.64081295,      -10.20796646,                 0,       1.798321189,     -0.3190663202,      0.0866401293
       1200,                12,      -8.907725385,      -9.642249524,       -10.2120336,                 0,       1.800614263,     -0.3883550353,     0.08682706941
       1201,             12.01,      -8.908757438,      -9.641223254,      -10.21537057,                 0,        1.80412897,     -0.4542553838,     0.08701973125
       1202,             12.02,       -8.90991623,      -9.640348263,      -10.21855701,                 0,       1.808786803,     -0.5161127981,     0.08721177266
       1203,             12.03,      -8.921719379,      -9.650248073,      -10.22810075,                 0,       1.815323612,     -0.5734147625,     0.08739702255
       1204,             12.04,      -8.928595922,       -9.65258087,      -10.23599384,                 0,       1.822790772,     -0.6254401369,     0.08756950014
       1205,             12.05,      -8.937885885,      -9.656893485,      -10.24448061,                 0,       1.830853721,      -0.671710292,     0.08772369354
       1206,             12.06,      -8.947216638,       -9.66170421,      -10.25246598,                 0,       1.839225406,     -0.7117714623,     0.08785473753
       1207,             12.07,      -8.955337146,      -9.665650169,      -10.25894287,                 0,          1.847611,     -0.7452659143,     0.08795867409
       1208,             12.08,      -8.962197006,      -9.668695586,      -10.26315132,                 0,       1.855718335,     -0.7719037053,     0.08803250084
       1209,             12.09,      -8.967652438,       -9.67090399,      -10.26452909,                 0,       1.863276311,     -0.7914658722,     0.08807420231
       1210,              12.1,      -8.971565565,      -9.672357771,      -10.26299038,                 0,       1.870036225,     -0.8038271186,     0.08808284672
       1211,             12.11,      -8.973824549,      -9.673036466,      -10.25883391,                 0,       1.875777705,     -0.8089383514,     0.08805861169
       1212,             12.12,      -8.974460772,      -9.672981834,      -10.25264635,                 0,       1.880318441,     -0.8068310327,     0.08800274219
       1213,             12.13,      -8.973580753,      -9.672303982,      -10.24519576,                 0,       1.883519438,     -0.7975932781,      0.0879175329
       1214,             12.14,      -8.971535801,      -9.671254902,      -10.23738434,                 0,       1.885286679,     -0.7813843632,     0.08780631232
       1215,             12.15,      -8.968503309,      -9.669865692,      -10.22978621,                 0,       1.885571943,     -0.7584111063,      0.0876733451
       1216,             12.16,      -8.964698388,      -9.668167769,       -10.2226661,                 0,       1.884376634,     -0.7289305733,     0.08752379694
       1217,             12.17,      -8.960304576,      -9.666203174,      -10.21606322,                 0,       1.881750552,     -0.6932413109,     0.08736348977
       1218,             12.18,      -8.955483225,      -9.663996365,        -10.209842,                 0,       1.877782817,     -0.6516686532,     0.08719859525
       1219,             12.19,      -8.950247169,      -9.661470976,      -10.20392691,                 0,       1.872608793,     -0.6045803689,     0.08703536372
       1220,              12.2,      -8.944760779,      -9.658692136,      -10.19853472,                 0,       1.866400322,     -0.5523679716,      0.0868799143
       1221,             12.21,      -8.939102202,       -9.65568903,      -10.19376224,                 0,        1.85935685,     -0.4954448919,      0.0867380318
       1222,             12.22,       -8.93352201,      -9.652624673,      -10.18985091,                 0,       1.851712596,     -0.4342571457,     0.08661494045
       1223,             12.23,      -8.928119305,      -9.649541614,      -10.18681756,                 0,       1.843720181,     -0.3692752268,     0.08651511254
       1224,             12.24,      -8.922912835,      -9.646435253,      -10.18455696,                 0,       1.835645897,      -0.301000467,     0.08644217672
       1225,             12.25,      -8.917969856,       -9.64332573,      -10.18298226,                 0,       1.827759958,     -0.2299623425,     0.08639930921
       1226,             12.26,      -8.913222454,      -9.640123258,      -10.18184679,                 0,       1.820327395,     -0.1567184529,     0.08638876923
       1227,             12.27,      -8.908743364,      -9.636782267,      -10.18102582,                 0,       1.813609646,    -0.08186274557,     0.08641134274
       1228,             12.28,      -8.904840961,      -9.633741631,      -10.18062597,                 0,       1.807859784,   -0.006022819457,     0.08646848428
       1229,             12.29,        -8.9009602,      -9.630315775,      -10.18039289,                 0,       1.803250848,     0.07014860584,     0.08655856103
       1230,              12.3,      -8.903304144,      -9.634847339,        -10.183926,                 0,       1.800286667,      0.1459912277,     0.08667832905
       1231,             12.31,      -8.905503542,      -9.636067324,      -10.18878223,                 0,       1.798961149,      0.2207770235,     0.08682341563
       1232,             12.32,      -8.906775354,      -9.635051442,      -10.19381965,                 0,       1.799038897,      0.2938097274,     0.08698856516
       1233,             12.33,        -8.9138194,      -9.640188408,       -10.2021629,                 0,       1.800878769,      0.3644257604,     0.08716798949
       1234,             12.34,      -8.916222339,      -9.639932335,      -10.20874554,                 0,       1.803973287,      0.4318574652,     0.08735548401
       1235,             12.35,      -8.918892151,      -9.640214186,      -10.21525923,                 0,       1.808228358,      0.4954704711,     0.08754465466
       1236,             12.36,      -8.928499744,      -9.646991362,      -10.22601184,                 0,       1.814079774,      0.5546744938,     0.08772917824
       1237,             12.37,      -8.940129582,      -9.654680253,      -10.23910576,                 0,       1.821315459,      0.6088481778,     0.08790295302
       1238,             12.38,      -8.949427946,      -9.658813338,      -10.25114168,                 0,       1.829217958,      0.6573975677,     0.08806024435
       1239,             12.39,      -8.960680131,      -9.665176971,      -10.26306645,                 0,       1.837531249,      0.6998716286,     0.08819590994
       1240,              12.4,      -8.970781618,      -9.670996849,      -10.27311783,                 0,       1.845955148,      0.7358686261,     0.08830562429
       1241,             12.41,      -8.979381395,      -9.675849506,      -10.28114875,                 0,       1.854200332,      0.7650779206,     0.08838601866
       1242,             12.42,      -8.986572541,      -9.679921628,      -10.28720724,                 0,       1.861987556,      0.7872519884,     0.08843470981
       1243,             12.43,        -8.9922102,      -9.683289694,      -10.29098251,                 0,       1.869058935,      0.8022368565,     0.08845037865
       1244,             12.44,       -8.99593264,      -9.685727877,      -10.29213673,                 0,       1.875178871,      0.8099539878,     0.08843282302
       1245,             12.45,      -8.997587758,      -9.687126905,      -10.29071739,                 0,        1.88015313,      0.8104111965,     0.08838293761
       1246,             12.46,      -8.997209918,      -9.687512696,      -10.28706329,                 0,       1.883825764,      0.8036754849,     0.08830267141
       1247,             12.47,      -8.995186215,      -9.687211216,      -10.28179389,                 0,       1.886087141,      0.7898816402,     0.08819501913
       1248,             12.48,      -8.991759978,      -9.686303044,      -10.27530155,                 0,       1.886872257,       0.769223212,     0.08806396671
       1249,             12.49,      -8.987150669,      -9.684797193,      -10.26798355,                 0,       1.886164682,      0.7419397505,     0.08791441331
       1250,              12.5,      -8.981540178,       -9.68271966,      -10.26030942,                 0,       1.883998655,      0.7083208194,     0.08775201793
       1251,             12.51,      -8.975254569,      -9.680188131,      -10.25292283,                 0,       1.880449863,      0.6686852231,     0.08758290202
       1252,             12.52,      -8.968528075,      -9.677298803,      -10.24603382,                 0,       1.875638465,      0.6233849422,     0.08741334956
       1253,             12.53,      -8.961547242,      -9.674112818,      -10.23984674,                 0,       1.869726117,      0.5728090063,     0.08724958702
       1254,             12.54,      -8.954380612,      -9.670637778,      -10.23411995,                 0,       1.862905085,      0.5173607969,      0.0870975725
       1255,             12.55,      -8.947140673,      -9.666913329,       -10.2287303,                 0,       1.855398415,      0.4574775343,      0.0869627848
       1256,             12.56,      -8.939930756,      -9.662933926,      -10.22363771,                 0,       1.847451654,      0.3936209385,     0.08684998356
       1257,             12.57,      -8.932839895,      -9.658774321,      -10.21876884,                 0,       1.839327751,      0.3262837702,     0.08676311845
       1258,             12.58,      -8.925919766,      -9.654442042,      -10.21425151,                 0,       1.831300789,      0.2559894245,     0.08670539324
       1259,             12.59,      -8.919226843,      -9.649981649,      -10.21010774,                 0,        1.82363607,      0.1832871885,     0.08667966068
       1260,              12.6,      -8.912829117,       -9.64547705,      -10.20641593,                 0,       1.816597469,      0.1087578772,     0.08668706643
       1261,             12.61,      -8.907008726,      -9.641254157,      -10.20330875,                 0,       1.810450861,      0.0330203878,     0.08672895285
       1262,             12.62,      -8.901445595,      -9.636887124,       -10.2007151,                 0,       1.805391779,    -0.04327938157,     0.08680469355
       1263,             12.63,      -8.898848574,      -9.636597982,      -10.20013879,                 0,       1.801686698,     -0.1194768217,      0.0869115421
       1264,             12.64,      -8.902589696,      -9.640896514,       -10.2033842,                 0,       1.799903097,     -0.1948964211,     0.08704551884
       1265,             12.65,      -8.900446434,      -9.637379337,      -10.20435138,                 0,       1.799424305,     -0.2687620937,     0.08720157615
       1266,             12.66,      -8.905209638,      -9.640632195,      -10.20886617,                 0,       1.800682773,     -0.3404631238,     0.08737405884
       1267,             12.67,       -8.90729716,      -9.640879462,      -10.21255107,                 0,       1.803353444,     -0.4092196847,     0.08755684652
       1268,             12.68,      -8.908486833,      -9.640029558,      -10.21592027,                 0,       1.807227237,     -0.4743734009,     0.08774354733
       1269,             12.69,      -8.910742581,      -9.640617592,      -10.21977154,                 0,       1.812363415,     -0.5352805856,     0.08792776023
       1270,              12.7,      -8.924140092,      -9.651306787,      -10.23065145,                 0,       1.819333364,     -0.5914178657,     0.08810330224
       1271,             12.71,      -8.930366242,      -9.652635171,      -10.23822978,                 0,       1.827027486,     -0.6420657246,     0.08826423001
       1272,             12.72,      -8.940257737,      -9.657593277,      -10.24673802,                 0,        1.83524734,     -0.6867870434,     0.08840515179
       1273,             12.73,      -8.949315066,      -9.662234055,      -10.25425482,                 0,       1.843684847,     -0.7251408064,     0.08852140367
       1274,             12.74,      -8.957059933,      -9.665902364,      -10.26016098,                 0,       1.852044326,     -0.7567948363,      0.0886092784
       1275,             12.75,      -8.963602081,      -9.668729178,       -10.2637609,                 0,       1.860035567,     -0.7814762471,     0.08866605193
       1276,             12.76,      -8.968735443,      -9.670807148,      -10.26457755,                 0,        1.86739377,     -0.7989953876,     0.08869003247
       1277,             12.77,      -8.972239953,      -9.672113848,      -10.26266126,                 0,       1.873875704,     -0.8092502209,      0.0886806438
       1278,             12.78,      -8.974109375,      -9.672678414,      -10.25837935,                 0,       1.879271763,     -0.8122191009,     0.08863842895
       1279,             12.79,       -8.97440015,      -9.672544841,      -10.25208704,                 0,       1.883411662,     -0.8079524928,     0.08856498514
       1280,              12.8,      -8.973251569,      -9.671856933,      -10.24443599,                 0,       1.886168685,     -0.7965604313,     0.08846296652
       1281,             12.81,      -8.970858352,       -9.67069605,      -10.23629932,                 0,       1.887462483,     -0.7782221208,     0.08833606215
       1282,             12.82,      -8.967462688,        -9.6691486,      -10.22852309,                 0,       1.887259745,      -0.753161039,     0.08818887838
       1283,             12.83,      -8.963373148,      -9.667349385,      -10.22146704,                 0,       1.885577327,     -0.7216523674,     0.08802688335
       1284,             12.84,      -8.958837085,      -9.665351502,      -10.21511723,                 0,       1.882477692,      -0.684004899,     0.08785611295
       1285,             12.85,      -8.953944145,      -9.663145559,      -10.20908341,                 0,       1.878065744,     -0.6405559312,     0.08768285795
       1286,             12.86,      -8.948626972,      -9.660577031,      -10.20330879,                 0,       1.872492066,     -0.5916876805,     0.08751341461
       1287,             12.87,      -8.943029539,      -9.657703962,      -10.19797818,                 0,       1.865939405,     -0.5377987649,     0.08735387502
       1288,             12.88,      -8.937321494,      -9.654637316,      -10.19330323,                 0,       1.858618196,     -0.4793158153,     0.08720992275
       1289,             12.89,      -8.931723056,      -9.651517191,       -10.1895114,                 0,       1.850769454,     -0.4166929088,     0.08708658855
       1290,              12.9,       -8.92632837,       -9.64841157,      -10.18660028,                 0,       1.842652314,     -0.3504132476,     0.08698811724
       1291,             12.91,      -8.921134977,      -9.645263985,      -10.18444357,                 0,       1.834537746,     -0.2809892854,     0.08691786504
       1292,             12.92,          -8.91624,      -9.642129881,      -10.18293985,                 0,       1.826697185,     -0.2089615633,      0.0868790253
       1293,             12.93,      -8.911554227,      -9.638909466,      -10.18180238,                 0,       1.819396019,     -0.1348992198,     0.08687325617
       1294,             12.94,      -8.907204834,      -9.635599291,      -10.18097284,                 0,       1.812896351,    -0.05941067819,     0.08690159329
       1295,             12.95,      -8.903285285,      -9.632421962,       -10.1804671,                 0,       1.807431404,     0.01686534853,     0.08696447271
       1296,             12.96,      -8.899496766,      -9.628973701,      -10.18016612,                 0,       1.803169153,     0.09326658341,     0.08705967966
       1297,             12.97,      -8.904454359,      -9.636057263,      -10.18517726,                 0,       1.800782953,      0.1691320144,     0.08718357503
       1298,             12.98,      -8.904859904,      -9.634859599,      -10.18942104,                 0,       1.799846559,      0.2436902389,     0.08733140657
       1299,             12.99,      -8.908491482,      -9.636151904,      -10.19574485,                 0,       1.800462366,      0.3163005296,     0.08749765999
       1300,                13,      -8.914208417,      -9.639735321,      -10.20362209,                 0,       1.802701373,      0.3862366208,     0.08767633615
       1301,             13.01,       -8.91676462,      -9.639666002,      -10.21037408,                 0,       1.806178297,      0.4527785705,     0.08786108813
       1302,             13.02,      -8.919001287,      -9.639618131,      -10.21672045,                 0,        1.81076998,      0.5152716872,     0.08804545819
       1303,             13.03,      -8.933198919,      -9.650807479,      -10.23023148,                 0,       1.817259751,      0.5731951675,     0.08822314965
       1304,             13.04,      -8.941704822,      -9.654603855,      -10.24212788,                 0,       1.824733245,       0.625831571,     0.08838809332
       1305,             13.05,       -8.95244883,      -9.660126586,      -10.25458406,                 0,       1.832816102,      0.6726911046,     0.08853468556
       1306,             13.06,      -8.963469701,      -9.666476888,      -10.26605206,                 0,       1.841211212,      0.7133123263,     0.08865798558
       1307,             13.07,      -8.973118946,       -9.67201219,       -10.2755638,                 0,       1.849625266,      0.7473295003,     0.08875395849
       1308,             13.08,      -8.981346053,      -9.676649961,      -10.28312226,                 0,       1.857767849,      0.7744511568,     0.08881954158
       1309,             13.09,      -8.988158351,      -9.680572583,      -10.28855633,                 0,       1.865365403,      0.7944555042,     0.08885268191
       1310,              13.1,      -8.993297275,      -9.683717122,       -10.2913545,                 0,       1.872165555,      0.8072154295,     0.08885242937
       1311,             13.11,      -8.996391023,      -9.685817429,      -10.29125345,                 0,        1.87794479,      0.8126783936,     0.08881896275
       1312,             13.12,      -8.997314277,      -9.686791639,      -10.28855182,                 0,       1.882519436,      0.8108748848,     0.08875354238
       1313,             13.13,      -8.996241875,      -9.686808612,      -10.28404584,                 0,        1.88574749,      0.8018921309,     0.08865849447
       1314,             13.14,      -8.993711254,      -9.686269146,       -10.2784743,                 0,       1.887534344,      0.7858893585,     0.08853718835
       1315,             13.15,      -8.989950242,       -9.68521938,      -10.27200076,                 0,       1.887829375,      0.7630736392,     0.08839393725
       1316,             13.16,      -8.985067894,      -9.683596484,      -10.26460885,                 0,       1.886631419,      0.7337030219,     0.08823396747
       1317,             13.17,      -8.979189024,       -9.68134231,      -10.25686044,                 0,       1.883988325,      0.6980792904,     0.08806317742
       1318,             13.18,      -8.972682559,      -9.678632046,      -10.24944161,                 0,       1.879990118,      0.6565312536,     0.08788782289
       1319,             13.19,      -8.965796393,      -9.675592809,      -10.24275508,                 0,       1.874775044,      0.6094271704,     0.08771423617
       1320,              13.2,      -8.958788872,      -9.672353273,      -10.23686657,                 0,       1.868516281,      0.5571612321,     0.08754861382
       1321,             13.21,      -8.951572843,      -9.668794094,      -10.23137316,                 0,       1.861414299,      0.5001474766,     0.08739681148
       1322,             13.22,       -8.94433659,       -9.66500454,       -10.2262294,                 0,        1.85370164,      0.4388328705,     0.08726411295
       1323,             13.23,      -8.937160586,      -9.660985635,      -10.22129758,                 0,        1.84562965,      0.3736902376,     0.08715504411
       1324,             13.24,      -8.930102005,      -9.656757154,      -10.21660309,                 0,       1.837466986,      0.3052235471,     0.08707327413
       1325,             13.25,      -8.923259983,      -9.652385246,      -10.21229051,                 0,       1.829487785,      0.2339652001,     0.08702200972
       1326,             13.26,       -8.91662268,      -9.647864556,      -10.20834983,                 0,       1.821958549,      0.1604752296,     0.08700350712
       1327,             13.27,      -8.910272992,      -9.643310094,      -10.20486892,                 0,       1.815138833,     0.08534868449,      0.0870185135
       1328,             13.28,      -8.904721632,       -9.63922588,      -10.20211656,                 0,       1.809293525,    0.009214858758,     0.08706855554
       1329,             13.29,      -8.899220625,      -9.634791341,       -10.1997858,                 0,       1.804593035,    -0.06727036366,     0.08715199059
       1330,              13.3,      -8.900331542,      -9.638327031,      -10.20144148,                 0,       1.801506108,     -0.1434439568,     0.08726553189
       1331,             13.31,      -8.901406639,      -9.639121325,      -10.20364806,                 0,       1.800120542,     -0.2185832514,     0.08740475545
       1332,             13.32,      -8.900265561,      -9.636326774,      -10.20509327,                 0,       1.800091667,     -0.2919686301,     0.08756432712
       1333,             13.33,        -8.9063048,      -9.641219509,      -10.21035295,                 0,       1.801896026,     -0.3629552813,      0.0877384006
       1334,             13.34,      -8.907011866,      -9.639811199,      -10.21344107,                 0,       1.804959369,     -0.4307526343,     0.08792069225
       1335,             13.35,      -8.908339379,      -9.639116794,      -10.21673576,                 0,       1.809194961,     -0.4947335255,     0.08810473524
       1336,             13.36,      -8.915140793,      -9.644182502,       -10.2233255,                 0,       1.814991655,     -0.5542979913,     0.08828414866
       1337,             13.37,       -8.92548722,      -9.651054774,      -10.23297972,                 0,       1.822222585,     -0.6088344854,     0.08845277846
       1338,             13.38,      -8.933138113,      -9.653748877,      -10.24095967,                 0,       1.830123932,     -0.6577288771,     0.08860482349
       1339,             13.39,       -8.94280378,      -9.658637107,      -10.24904565,                 0,       1.838453918,     -0.7005323365,     0.08873509461
       1340,              13.4,      -8.951404817,      -9.662913601,      -10.25589556,                 0,       1.846906524,      -0.736840762,      0.0888392222
       1341,             13.41,      -8.958774245,      -9.666290656,      -10.26104516,                 0,       1.855184332,     -0.7663421231,     0.08891381134
       1342,             13.42,      -8.964923881,      -9.668879503,      -10.26391087,                 0,       1.863003291,     -0.7887860636,     0.08895646666
       1343,             13.43,      -8.969646528,      -9.670776823,      -10.26418169,                 0,       1.870106589,     -0.8040160915,     0.08896586965
       1344,             13.44,      -8.972722052,       -9.67192066,      -10.26195627,                 0,       1.876259969,     -0.8119518795,     0.08894183147
       1345,             13.45,      -8.974185471,      -9.672363835,      -10.25749855,                 0,       1.881265622,     -0.8126012576,     0.08888527003
       1346,             13.46,      -8.974087613,      -9.672118779,      -10.25096297,                 0,       1.884967797,     -0.8060311386,     0.08879816639
       1347,             13.47,       -8.97261098,      -9.671349884,      -10.24302564,                 0,       1.887253967,     -0.7923768895,     0.08868355476
       1348,             13.48,      -8.969842637,      -9.670043249,      -10.23463588,                 0,       1.888057521,     -0.7718328356,     0.08854546621
       1349,             13.49,      -8.966087048,      -9.668325373,      -10.22684791,                 0,       1.887360745,     -0.7446399924,     0.08838884759
       1350,              13.5,      -8.961771489,      -9.666426487,      -10.22003277,                 0,       1.885196368,     -0.7110878554,     0.08821941826
       1351,             13.51,      -8.957180017,      -9.664437215,      -10.21399682,                 0,       1.881641019,     -0.6714944803,     0.08804336408
       1352,             13.52,      -8.952223502,      -9.662209365,      -10.20816507,                 0,       1.876815224,     -0.6262118671,     0.08786702911
       1353,             13.53,      -8.946846142,      -9.659578595,      -10.20254951,                 0,       1.870883399,     -0.5756306613,     0.08769669259
       1354,             13.54,      -8.941144629,      -9.656587266,       -10.1973145,                 0,       1.864037024,     -0.5201561828,     0.08753835816
       1355,             13.55,      -8.935430502,      -9.653478712,      -10.19282922,                 0,       1.856497503,     -0.4602273178,     0.08739753901
       1356,             13.56,      -8.929865895,      -9.650338077,      -10.18924517,                 0,       1.848510801,     -0.3963067254,     0.08727902465
       1357,             13.57,      -8.924506169,      -9.647210555,      -10.18649998,                 0,       1.840341493,     -0.3288874214,      0.0871867831
       1358,             13.58,      -8.919401686,      -9.644078052,      -10.18451331,                 0,       1.832263623,     -0.2584924331,     0.08712404629
       1359,             13.59,      -8.914560342,      -9.640917304,      -10.18308922,                 0,       1.824547368,     -0.1856715958,     0.08709364574
       1360,              13.6,      -8.909957361,      -9.637676386,      -10.18196269,                 0,       1.817455262,     -0.1110066372,     0.08709670845
       1361,             13.61,      -8.905790492,      -9.634442468,      -10.18115132,                 0,       1.811252814,    -0.03511780662,     0.08713457876
       1362,             13.62,      -8.901828105,      -9.631090098,      -10.18055735,                 0,        1.80614246,     0.04134781652,     0.08720660014
       1363,             13.63,      -8.899567725,      -9.630809759,      -10.18098162,                 0,       1.802361889,      0.1177222401,     0.08730997418
       1364,             13.64,      -8.905354457,       -9.63669787,      -10.18678726,                 0,       1.800539708,      0.1933307603,      0.0874406619
       1365,             13.65,      -8.904692965,      -9.633962063,      -10.19070461,                 0,       1.800031869,      0.2673927296,      0.0875935669
       1366,             13.66,      -8.910675236,      -9.637636517,      -10.19829294,                 0,       1.801231848,      0.3392980254,     0.08776296634
       1367,             13.67,      -8.914742741,      -9.639292955,      -10.20562836,                 0,       1.803878969,      0.4082698466,     0.08794269179
       1368,             13.68,      -8.917491066,      -9.639481664,      -10.21253166,                 0,       1.807736304,      0.4736405372,     0.08812630282
       1369,             13.69,      -8.921498653,      -9.640750697,       -10.2201532,                 0,       1.812826685,      0.5347611002,     0.08830734615
       1370,              13.7,      -8.936905116,       -9.65316847,      -10.23467712,                 0,       1.819785315,       0.591112095,      0.0884795815
       1371,             13.71,      -8.944412471,      -9.655514809,      -10.24608348,                 0,       1.827479728,      0.6419724152,      0.0886370461
       1372,             13.72,      -8.955787611,      -9.661740394,      -10.25840739,                 0,       1.835702421,      0.6869035616,     0.08877432698
       1373,             13.73,      -8.966400401,      -9.667897977,      -10.26923787,                 0,         1.8441387,      0.7254582184,     0.08888674262
       1374,             13.74,      -8.975588384,      -9.673155196,      -10.27822209,                 0,       1.852498545,      0.7573022462,     0.08897057472
       1375,             13.75,      -8.983475749,      -9.677620645,      -10.28531575,                 0,       1.860494278,      0.7821631632,     0.08902309646
       1376,             13.76,      -8.989920679,      -9.681406918,      -10.29003269,                 0,       1.867860143,      0.7998504648,     0.08904262525
       1377,             13.77,      -8.994475872,      -9.684268669,      -10.29167693,                 0,       1.874349791,      0.8102614188,     0.08902860394
       1378,             13.78,      -8.996831998,      -9.685958292,      -10.29020749,                 0,       1.879754654,      0.8133717345,      0.0889816022
       1379,             13.79,      -8.996967715,       -9.68647276,      -10.28633823,                 0,       1.883902959,       0.809232017,     0.08890324848
       1380,              13.8,      -8.995300866,      -9.686203844,      -10.28131389,                 0,       1.886667689,      0.7979514407,     0.08879623279
       1381,             13.81,      -8.992338754,       -9.68549172,      -10.27572459,                 0,       1.887968979,      0.7797091888,     0.08866428102
       1382,             13.82,      -8.988302068,      -9.684352648,      -10.26934891,                 0,       1.887771183,      0.7547271217,     0.08851203779
       1383,             13.83,      -8.983158245,      -9.682615175,      -10.26184652,                 0,       1.886089551,       0.723280495,     0.08834501521
       1384,             13.84,      -8.977002124,      -9.680163673,      -10.25396823,                 0,       1.882983621,      0.6856810674,     0.08816929583
       1385,             13.85,      -8.970257769,      -9.677255804,      -10.24653738,                 0,       1.878561081,      0.6422678437,     0.08799121407
       1386,             13.86,      -8.963280452,      -9.674101684,      -10.24010339,                 0,       1.872974419,      0.5934227341,     0.08781710268
       1387,             13.87,      -8.956205307,      -9.670764143,      -10.23447786,                 0,       1.866408853,      0.5395443955,     0.08765308345
       1388,             13.88,      -8.949005778,      -9.667173897,      -10.22922921,                 0,       1.859072453,       0.481058536,     0.08750486387
       1389,             13.89,      -8.941786173,      -9.663326439,      -10.22426363,                 0,       1.851204523,      0.4184192118,      0.0873774893
       1390,              13.9,      -8.934642594,      -9.659261505,      -10.21945802,                 0,       1.843061463,      0.3521103767,     0.08727521582
       1391,             13.91,      -8.927615098,      -9.654957811,        -10.214918,                 0,       1.834916951,      0.2826461697,     0.08720140274
       1392,             13.92,      -8.920830281,      -9.650526216,      -10.21077044,                 0,       1.827042486,        0.21056832,     0.08715925552
       1393,             13.93,      -8.914287519,      -9.645987897,      -10.20703914,                 0,        1.81970679,      0.1364465026,     0.08715040433
       1394,             13.94,      -8.908153237,      -9.641548038,      -10.20382709,                 0,       1.813169626,     0.06088909774,     0.08717588972
       1395,             13.95,      -8.902608997,        -9.6373374,      -10.20127225,                 0,       1.807668077,     -0.0154652606,     0.08723612446
       1396,             13.96,      -8.897279292,      -9.632970458,      -10.19919079,                 0,       1.803370144,    -0.09195396142,     0.08732886067
       1397,             13.97,      -8.901401039,      -9.639416084,      -10.20260392,                 0,       1.800937353,     -0.1679162753,     0.08745042785
       1398,             13.98,      -8.900449279,      -9.637538948,      -10.20409397,                 0,       1.799971479,      -0.242582635,     0.08759603097
       1399,             13.99,       -8.90229846,      -9.637808097,      -10.20705481,                 0,       1.800542937,     -0.3153028544,     0.08776011416
       1400,                14,      -8.906537459,      -9.640611599,      -10.21145047,                 0,       1.802765694,     -0.3853582554,     0.08793664314
       1401,             14.01,      -8.907452697,      -9.639453266,      -10.21453577,                 0,       1.806224615,     -0.4520200566,     0.08811922904
       1402,             14.02,      -8.908237332,       -9.63831469,      -10.21750081,                 0,       1.810803388,     -0.5146379114,     0.08830137958
       1403,             14.03,      -8.919788455,      -9.648032005,      -10.22700912,                 0,        1.81726495,     -0.5726906243,     0.08847679004
       1404,             14.04,      -8.926979191,      -9.650868843,      -10.23518751,                 0,       1.824728107,     -0.6254599553,     0.08863936069
       1405,             14.05,      -8.936070041,      -9.654972637,      -10.24338529,                 0,       1.832804801,     -0.6724487778,     0.08878346452
       1406,             14.06,      -8.945381328,      -9.659713656,      -10.25092066,                 0,       1.841208504,      -0.713197429,     0.08890414272
       1407,             14.07,      -8.953543719,      -9.663652481,      -10.25712113,                 0,       1.849637898,     -0.7473401003,     0.08899735032
       1408,             14.08,      -8.960581584,      -9.666765313,      -10.26150094,                 0,        1.85779611,     -0.7745848333,     0.08906002418
       1409,             14.09,      -8.966339824,      -9.669153846,      -10.26361656,                 0,       1.865408269,     -0.7947080559,     0.08909011903
       1410,              14.1,      -8.970546903,      -9.670828158,      -10.26341759,                 0,       1.872224328,     -0.8075812497,      0.0890866978
       1411,             14.11,      -8.973149702,       -9.67181358,      -10.26103557,                 0,       1.878021715,     -0.8131513791,     0.08904995851
       1412,             14.12,      -8.974258874,      -9.672171392,      -10.25640298,                 0,       1.882615925,     -0.8114489312,     0.08898118357
       1413,             14.13,      -8.973828707,      -9.671862547,      -10.24942172,                 0,       1.885865924,     -0.8025603464,     0.08888272398
       1414,             14.14,      -8.971936587,      -9.670927121,      -10.24089637,                 0,       1.887674093,     -0.7866444833,     0.08875797492
       1415,             14.15,      -8.968677969,      -9.669366268,      -10.23225508,                 0,       1.887987733,     -0.7639097559,      0.0886112756
       1416,             14.16,      -8.964581886,      -9.667501393,      -10.22472576,                 0,       1.886803733,     -0.7346151392,     0.08844788531
       1417,             14.17,      -8.960168988,      -9.665611492,       -10.2184896,                 0,       1.884170515,     -0.6990606891,     0.08827373929
       1418,             14.18,      -8.955601546,      -9.663687747,      -10.21286215,                 0,       1.880178984,      -0.657572919,      0.0880951281
       1419,             14.19,      -8.950586415,       -9.66141992,      -10.20721162,                 0,        1.87496851,     -0.6105197624,     0.08791841238
       1420,              14.2,      -8.945100641,       -9.65868128,      -10.20167019,                 0,       1.868713693,     -0.5582962819,      0.0877498116
       1421,             14.21,      -8.939301234,      -9.655572602,      -10.19651756,                 0,       1.861612945,     -0.5013176501,     0.08759519942
       1422,             14.22,      -8.933580565,      -9.652406696,       -10.1922133,                 0,       1.853896181,     -0.4400316428,     0.08745987157
       1423,             14.23,      -8.928044658,      -9.649252239,      -10.18882338,                 0,       1.845815345,     -0.3749109609,     0.08734836254
       1424,             14.24,      -8.922718419,      -9.646094271,      -10.18627974,                 0,       1.837639566,     -0.3064583085,     0.08726434362
       1425,             14.25,      -8.917707615,      -9.642977517,      -10.18449647,                 0,       1.829644071,      -0.235204769,     0.08721103101
       1426,             14.26,      -8.912929458,      -9.639795576,      -10.18316686,                 0,       1.822097266,     -0.1617099151,     0.08719065887
       1427,             14.27,      -8.908372942,      -9.636471496,      -10.18206202,                 0,       1.815257377,    -0.08656851418,     0.08720397123
       1428,             14.28,      -8.904439824,      -9.633381951,       -10.1813148,                 0,       1.809391336,    -0.01041024657,     0.08725247463
       1429,             14.29,      -8.900459209,      -9.629874814,      -10.18067536,                 0,       1.804668959,     0.06610853051,     0.08733449974
       1430,              14.3,      -8.902253157,      -9.633789456,      -10.18342056,                 0,       1.801546545,      0.1423230422,     0.08744672296
       1431,             14.31,      -8.905138846,      -9.635783488,      -10.18813468,                 0,       1.800141742,      0.2175120096,     0.08758468838
       1432,             14.32,      -8.905194573,      -9.633389076,      -10.19230076,                 0,        1.80008335,      0.2909555698,     0.08774303399
       1433,             14.33,      -8.912941293,      -9.639344141,      -10.20088281,                 0,       1.801866706,      0.3620109145,     0.08791587736
       1434,             14.34,      -8.915255556,      -9.638892143,       -10.2076306,                 0,       1.804912672,       0.429885027,     0.08809691572
       1435,             14.35,      -8.918191228,      -9.639333135,      -10.21464218,                 0,       1.809134244,      0.4939513355,     0.08827965917
       1436,             14.36,      -8.927058606,      -9.645350972,      -10.22519019,                 0,       1.814893017,      0.5536015219,     0.08845769393
       1437,             14.37,      -8.939208255,      -9.653708479,      -10.23851194,                 0,       1.822113319,      0.6082331274,     0.08862484378
       1438,             14.38,      -8.948110347,       -9.65741119,      -10.25018059,                 0,       1.830010686,        0.65722923,     0.08877530464
       1439,             14.39,       -8.95917082,      -9.663558135,      -10.26183731,                 0,       1.838333669,      0.7001387186,     0.08890388334
       1440,              14.4,      -8.969303359,      -9.669411903,      -10.27204585,                 0,       1.846776668,      0.7365541548,     0.08900620624
       1441,             14.41,      -8.978172531,       -9.67448556,      -10.28065122,                 0,       1.855048195,      0.7661634975,     0.08907887574
       1442,             14.42,       -8.98574644,      -9.678837567,      -10.28728091,                 0,       1.862865969,      0.7887167095,     0.08911949825
       1443,             14.43,      -8.991718912,      -9.682429264,      -10.29109537,                 0,       1.869971279,      0.8040562834,      0.0891267647
       1444,             14.44,      -8.995583149,      -9.684913785,      -10.29146379,                 0,       1.876127422,      0.8121005835,     0.08910050038
       1445,             14.45,      -8.997171887,      -9.686170789,      -10.28873537,                 0,       1.881139206,      0.8128549165,      0.0890416394
       1446,             14.46,      -8.996605853,      -9.686313635,      -10.28408683,                 0,       1.884849169,      0.8063865306,     0.08895218138
       1447,             14.47,      -8.994431531,      -9.685835113,      -10.27887523,                 0,       1.887145812,      0.7928300534,     0.08883517873
       1448,             14.48,      -8.991115324,      -9.685009703,      -10.27334299,                 0,       1.887962295,      0.7723788141,     0.08869467939
       1449,             14.49,       -8.98678868,      -9.683761897,      -10.26688008,                 0,       1.887278269,      0.7452709429,     0.08853564745
       1450,              14.5,      -8.981333297,      -9.681837268,      -10.25921504,                 0,       1.885124217,      0.7117962445,     0.08836382367
       1451,             14.51,      -8.974906999,      -9.679194158,      -10.25126876,                 0,       1.881574772,       0.672275828,     0.08818541698
       1452,             14.52,      -8.967968699,      -9.676113609,      -10.24398036,                 0,       1.876753191,      0.6270621672,     0.08800679211
       1453,             14.53,      -8.960946632,      -9.672887971,       -10.2378844,                 0,       1.870825568,      0.5765449019,     0.08783424388
       1454,             14.54,      -8.953817231,      -9.669462078,      -10.23250594,                 0,        1.86398514,      0.5211278712,     0.08767378792
       1455,             14.55,      -8.946622126,         -9.665822,      -10.22746559,                 0,       1.856450288,      0.4612487927,     0.08753094649
       1456,             14.56,       -8.93941438,      -9.661907645,      -10.22262295,                 0,       1.848463622,      0.3973698801,     0.08741051694
       1457,             14.57,      -8.932280159,      -9.657757923,      -10.21791747,                 0,       1.840287866,      0.3299843694,      0.0873164728
       1458,             14.58,       -8.92531191,      -9.653400747,      -10.21353212,                 0,       1.832200244,       0.259616344,     0.08725205354
       1459,             14.59,      -8.918563113,      -9.648891151,      -10.20952105,                 0,       1.824469347,      0.1868162726,     0.08722008161
       1460,              14.6,      -8.912118059,      -9.644334336,       -10.2059874,                 0,       1.817361014,      0.1121654033,     0.08722167787
       1461,             14.61,      -8.906223443,      -9.640030906,       -10.2030328,                 0,       1.811138809,     0.03628299907,     0.08725819155
       1462,             14.62,      -8.900672452,      -9.635686796,      -10.20064022,                 0,       1.806007203,     -0.0401845543,     0.08732895863
       1463,             14.63,      -8.897362362,      -9.634541219,      -10.19982579,                 0,       1.802191324,     -0.1165693316,     0.08743116713
       1464,             14.64,      -8.902157434,      -9.640059752,      -10.20363402,                 0,       1.800351446,     -0.1922024928,     0.08756077332
       1465,             14.65,      -8.899936344,      -9.636452633,      -10.20464237,                 0,       1.799816263,         -0.266295,     0.08771265696
       1466,             14.66,      -8.904305578,      -9.639313265,         -10.20883,                 0,        1.80098619,     -0.3382399407,     0.08788108252
       1467,             14.67,      -8.906858722,      -9.640133217,      -10.21243375,                 0,       1.803617148,     -0.4072609503,     0.08805986192
       1468,             14.68,      -8.907980593,      -9.639226392,      -10.21554168,                 0,       1.807455628,     -0.4726872572,     0.08824253542
       1469,             14.69,      -8.909647402,      -9.639245782,      -10.21902147,                 0,       1.812515791,     -0.5338717944,     0.08842263611
       1470,              14.7,      -8.923344244,      -9.650430922,      -10.23008358,                 0,       1.819463037,     -0.5903018879,     0.08859393401
       1471,             14.71,      -8.929208362,      -9.651461634,      -10.23745007,                 0,       1.827141574,      -0.641244589,     0.08875044122
       1472,             14.72,      -8.938949182,      -9.656279024,      -10.24551725,                 0,       1.835357822,     -0.6862626401,     0.08888673175
       1473,             14.73,      -8.947967536,      -9.660856813,      -10.25250816,                 0,       1.843801221,     -0.7249091745,      0.0889981118
       1474,             14.74,      -8.955795838,      -9.664526064,      -10.25802573,                 0,       1.852173774,     -0.7568507988,     0.08908085517
       1475,             14.75,      -8.962498715,      -9.667409806,      -10.26159715,                 0,       1.860183068,     -0.7818136347,     0.08913223146
       1476,             14.76,      -8.967778825,      -9.669570885,      -10.26300842,                 0,       1.867562721,      -0.799605034,     0.08915055798
       1477,             14.77,      -8.971464757,      -9.671039257,       -10.2624876,                 0,        1.87406917,     -0.8101213517,     0.08913528132
       1478,             14.78,       -8.97367568,      -9.671930159,      -10.26008126,                 0,       1.879493285,     -0.8133384826,     0.08908697824
       1479,             14.79,      -8.974467076,      -9.672230876,      -10.25520702,                 0,       1.883665251,     -0.8093057377,     0.08900728341
       1480,              14.8,      -8.973724613,      -9.671857543,      -10.24763149,                 0,       1.886458314,     -0.7981302799,     0.08889889191
       1481,             14.81,       -8.97133561,      -9.670672927,      -10.23843937,                 0,         1.8877887,     -0.7799908357,     0.08876553375
       1482,             14.82,      -8.967575195,      -9.668830271,      -10.22963267,                 0,        1.88761812,     -0.7551117923,      0.0886118594
       1483,             14.83,      -8.963195568,      -9.666848351,      -10.22249443,                 0,       1.885958848,     -0.7237684546,      0.0884433945
       1484,             14.84,      -8.958761354,      -9.665009467,      -10.21687751,                 0,       1.882872785,     -0.6862688268,     0.08826623921
       1485,             14.85,      -8.954210776,      -9.663141127,      -10.21160104,                 0,       1.878467901,     -0.6429490281,     0.08808674386
       1486,             14.86,      -8.949132438,      -9.660810219,      -10.20609991,                 0,       1.872899124,     -0.5941909337,     0.08791125275
       1487,             14.87,       -8.94349323,      -9.657909179,      -10.20059266,                 0,        1.86635068,     -0.5403940546,     0.08774589715
       1488,             14.88,      -8.937659066,      -9.654734496,      -10.19559307,                 0,       1.859028401,     -0.4819846706,     0.08759639311
       1489,             14.89,       -8.93193637,      -9.651519219,      -10.19148239,                 0,       1.851168009,     -0.4194171485,      0.0874677941
       1490,              14.9,      -8.926432057,      -9.648349064,      -10.18830227,                 0,       1.843027131,     -0.3531750607,     0.08736436282
       1491,             14.91,      -8.921148981,      -9.645168308,      -10.18596039,                 0,       1.834879204,     -0.2837702075,      0.0872894629
       1492,             14.92,      -8.916212987,       -9.64204046,      -10.18434331,                 0,       1.826999065,     -0.2117424062,     0.08724630144
       1493,             14.93,      -8.911524407,      -9.638849409,      -10.18309599,                 0,       1.819653705,     -0.1376602807,     0.08723650639
       1494,             14.94,      -8.907126854,      -9.635518728,      -10.18206115,                 0,       1.813103488,    -0.06213184962,     0.08726111201
       1495,             14.95,      -8.903200415,      -9.632355638,      -10.18130459,                 0,       1.807587304,     0.01420443338,     0.08732053579
       1496,             14.96,      -8.899332033,      -9.628846458,       -10.1806942,                 0,       1.803271296,     0.09068562793,     0.08741252515
       1497,             14.97,      -8.904259465,      -9.635791079,        -10.185256,                 0,        1.80080522,      0.1666494702,     0.08753339133
       1498,             14.98,      -8.904918788,      -9.634862117,      -10.18928387,                 0,       1.799822629,      0.2413303707,     0.08767833519
       1499,             14.99,      -8.907977611,      -9.635533588,       -10.1951189,                 0,        1.80036386,      0.3140760522,     0.08784178921
       1500,                15,      -8.913867497,      -9.639310121,      -10.20302537,                 0,       1.802561979,      0.3841710061,     0.08801770775
       1501,             15.01,      -8.916415473,       -9.63917056,      -10.20992902,                 0,       1.806000826,      0.4508848853,     0.08819969772
       1502,             15.02,      -8.918843091,      -9.639265234,      -10.21670586,                 0,       1.810561216,      0.5135670966,     0.08838125919
       1503,             15.03,       -8.93241365,      -9.649860872,      -10.23005872,                 0,       1.816979834,      0.5716884154,     0.08855605678
       1504,             15.04,       -8.94092539,      -9.653806799,      -10.24178373,                 0,       1.824432916,      0.6245441337,     0.08871799297
       1505,             15.05,      -8.951157552,      -9.658853885,      -10.25350007,                 0,       1.832501858,      0.6716284317,     0.08886144048
       1506,             15.06,      -8.961986543,      -9.664998417,      -10.26445387,                 0,       1.840893246,      0.7124804646,     0.08898143777
       1507,             15.07,      -8.971747493,      -9.670612044,      -10.27411084,                 0,       1.849311612,      0.7467323649,     0.08907393347
       1508,             15.08,      -8.980313098,      -9.675530491,       -10.2824488,                 0,       1.857465338,      0.7740927406,     0.08913585639
       1509,             15.09,      -8.987561163,      -9.679803642,      -10.28867772,                 0,       1.865079724,      0.7943376738,     0.08916515651
       1510,              15.1,      -8.993034398,      -9.683193136,      -10.29150456,                 0,       1.871901948,      0.8073368546,     0.08916089659
       1511,             15.11,      -8.996247038,      -9.685320502,      -10.29045289,                 0,       1.877707815,      0.8130341341,     0.08912327689
       1512,             15.12,      -8.997071914,      -9.686120654,      -10.28648413,                 0,        1.88231402,      0.8114584419,     0.08905358252
       1513,             15.13,      -8.995814108,      -9.685908978,      -10.28143824,                 0,        1.88557889,      0.8026965179,     0.08895416632
       1514,             15.14,      -8.993259857,       -9.68532471,      -10.27656059,                 0,       1.887406918,      0.7869065298,     0.08882842266
       1515,             15.15,       -8.98978366,      -9.684529177,      -10.27135928,                 0,       1.887744082,      0.7642936927,     0.08868068969
       1516,             15.16,      -8.985265492,      -9.683241335,      -10.26462582,                 0,       1.886583778,      0.7351133578,     0.08851622803
       1517,             15.17,      -8.979456162,       -9.68106724,      -10.25652393,                 0,       1.883970012,      0.6996674959,     0.08834097969
       1518,             15.18,      -8.972730616,      -9.678164973,       -10.2484122,                 0,       1.879993618,      0.6582861273,     0.08816124475
       1519,             15.19,      -8.965680789,      -9.674950827,      -10.24143473,                 0,       1.874797609,      0.6113362105,     0.08798339216
       1520,              15.2,      -8.958685287,      -9.671706188,      -10.23576437,                 0,       1.868558191,      0.5592110359,     0.08781364775
       1521,             15.21,      -8.951559776,      -9.668251327,      -10.23066375,                 0,       1.861473537,      0.5023236977,     0.08765789192
       1522,             15.22,      -8.944379757,      -9.664566955,      -10.22583123,                 0,       1.853770074,      0.4411205501,     0.08752142859
       1523,             15.23,       -8.93719622,         -9.660607,      -10.22108216,                 0,       1.845695484,      0.3760734244,     0.08740880146
       1524,             15.24,      -8.930093973,      -9.656383118,      -10.21648404,                 0,       1.837518853,      0.3076854227,     0.08732369103
       1525,             15.25,      -8.923196492,      -9.651977201,      -10.21223352,                 0,       1.829517388,      0.2364887994,     0.08726931675
       1526,             15.26,      -8.916504366,      -9.647409469,       -10.2083581,                 0,       1.821959392,      0.1630432309,       0.087247923
       1527,             15.27,       -8.91015136,      -9.642817613,      -10.20498973,                 0,       1.815104939,     0.08794232008,     0.08726024548
       1528,             15.28,      -8.904522979,      -9.638687517,       -10.2022965,                 0,        1.80921917,     0.01181439404,     0.08730781923
       1529,             15.29,      -8.899001773,      -9.634249183,      -10.20007733,                 0,        1.80447458,    -0.06468554023,     0.08738898642
       1530,              15.3,      -8.899951212,      -9.637536483,      -10.20168139,                 0,        1.80131494,     -0.1408937048,     0.08750043146
       1531,             15.31,      -8.901349632,       -9.63874893,      -10.20407866,                 0,       1.799886569,     -0.2160932589,     0.08763770476
       1532,             15.32,      -8.899970829,       -9.63601867,      -10.20537996,                 0,       1.799795359,     -0.2895561565,     0.08779543822
       1533,             15.33,      -8.905931057,      -9.640604197,      -10.21044677,                 0,       1.801550089,     -0.3606457526,     0.08796775414
       1534,             15.34,      -8.906736891,      -9.639298671,      -10.21328673,                 0,       1.804572296,     -0.4285658012,     0.08814833767
       1535,             15.35,      -8.908197288,      -9.638735651,      -10.21646614,                 0,       1.808770991,     -0.4926895006,     0.08833069118
       1536,             15.36,      -8.914415097,      -9.643266447,      -10.22267727,                 0,       1.814494451,     -0.5524111162,     0.08850840315
       1537,             15.37,      -8.924388134,      -9.650035788,      -10.23220254,                 0,       1.821698255,     -0.6071315574,     0.08867529969
       1538,             15.38,      -8.931436944,      -9.652256932,      -10.23972365,                 0,       1.829578383,     -0.6562225456,     0.08882555766
       1539,             15.39,      -8.940983496,      -9.657024859,      -10.24735952,                 0,        1.83789756,     -0.6992352174,     0.08895396996
       1540,              15.4,      -8.949741046,      -9.661382765,      -10.25381099,                 0,        1.84634887,     -0.7357632754,     0.08905614671
       1541,             15.41,       -8.95734681,      -9.664883554,      -10.25861936,                 0,        1.85463457,     -0.7654940695,     0.08912867688
       1542,             15.42,        -8.9636613,      -9.667560009,      -10.26144009,                 0,        1.86246869,     -0.7881747212,     0.08916915532
       1543,             15.43,      -8.968490064,      -9.669546566,      -10.26236982,                 0,       1.869593034,     -0.8036458781,     0.08917626221
       1544,             15.44,      -8.971821961,      -9.670937111,       -10.2616669,                 0,       1.875772639,      -0.811825328,     0.08914981525
       1545,             15.45,      -8.973776962,      -9.671822891,      -10.25904224,                 0,       1.880810853,     -0.8127182178,      0.0890907427
       1546,             15.46,      -8.974247903,      -9.672052474,      -10.25358542,                 0,       1.884553642,      -0.806388962,     0.08900103565
       1547,             15.47,      -8.973112406,      -9.671528177,      -10.24533717,                 0,       1.886887749,     -0.7929696085,      0.0888837355
       1548,             15.48,       -8.97027145,      -9.670122098,      -10.23580191,                 0,       1.887742328,     -0.7726537094,     0.08874287998
       1549,             15.49,       -8.96618336,      -9.668133533,      -10.22723179,                 0,        1.88709357,     -0.7456823185,      0.0885834261
       1550,              15.5,       -8.96171529,      -9.666161114,      -10.22063613,                 0,       1.884970451,     -0.7123441645,     0.08841111671
       1551,             15.51,      -8.957349213,      -9.664426454,      -10.21545048,                 0,       1.881449726,     -0.6729550361,     0.08823216801
       1552,             15.52,      -8.952771432,      -9.662548239,      -10.21029595,                 0,       1.876654938,     -0.6278645751,     0.08805295163
       1553,             15.53,       -8.94759692,      -9.660111944,      -10.20483946,                 0,       1.870753918,     -0.5774632375,     0.08787976772
       1554,             15.54,      -8.941851629,       -9.65708554,      -10.19939455,                 0,       1.863937499,      -0.522155601,     0.08771863855
       1555,             15.55,       -8.93603203,      -9.653887195,       -10.1946129,                 0,       1.856421138,     -0.4623796345,     0.08757509579
       1556,             15.56,      -8.930372701,      -9.650679596,      -10.19076416,                 0,       1.848445617,      -0.398597513,     0.08745394827
       1557,             15.57,      -8.924921503,      -9.647505727,      -10.18781688,                 0,       1.840274578,     -0.3313015142,     0.08735918037
       1558,             15.58,      -8.919750305,      -9.644356675,      -10.18571161,                 0,       1.832184573,     -0.2610129442,     0.08729403419
       1559,             15.59,      -8.914888596,      -9.641214393,      -10.18422927,                 0,       1.824448434,     -0.1882800876,     0.08726134738
       1560,              15.6,      -8.910284846,      -9.637998982,      -10.18302903,                 0,       1.817329435,     -0.1136830252,     0.08726225327
       1561,             15.61,      -8.906089509,      -9.634756309,      -10.18206722,                 0,       1.811091879,    -0.03784081712,     0.08729808784
       1562,             15.62,      -8.902098913,      -9.631396529,      -10.18127441,                 0,       1.805941481,     0.03860050017,     0.08736822078
       1563,             15.63,      -8.899335958,      -9.630509057,      -10.18116697,                 0,       1.802088393,      0.1149727505,     0.08746985141
       1564,             15.64,      -8.905481246,      -9.636904513,      -10.18688957,                 0,       1.800222317,      0.1906073504,     0.08759893691
       1565,             15.65,      -8.904588668,       -9.63391372,      -10.19050712,                 0,        1.79966596,      0.2647161288,     0.08775036874
       1566,             15.66,      -8.910176847,       -9.63715576,      -10.19776556,                 0,       1.800797597,      0.3366929313,      0.0879184054
       1567,             15.67,       -8.91440027,      -9.638979486,      -10.20509576,                 0,       1.803399001,      0.4057636609,     0.08809686317
       1568,             15.68,      -8.917287512,      -9.639247704,      -10.21219164,                 0,       1.807213023,      0.4712556424,      0.0882792841
       1569,             15.69,      -8.920945043,      -9.640141882,      -10.21984888,                 0,       1.812224702,      0.5325176296,     0.08845919367
       1570,              15.7,      -8.935639467,      -9.652192998,      -10.23432848,                 0,       1.819149474,      0.5890422613,     0.08863033684
       1571,             15.71,      -8.942207119,      -9.653787405,      -10.24501191,                 0,       1.826816321,      0.6400944414,     0.08878673362
       1572,             15.72,      -8.953417752,       -9.65983117,      -10.25649067,                 0,       1.835022411,      0.6852338133,     0.08892295387
       1573,             15.73,      -8.964147359,      -9.666000835,      -10.26675681,                 0,       1.843452362,      0.7240105468,     0.08903429563
       1574,             15.74,      -8.973582288,      -9.671427443,       -10.2759793,                 0,       1.851816326,      0.7560911823,     0.08911701987
       1575,             15.75,      -8.981841841,      -9.676226068,      -10.28408946,                 0,       1.859826015,      0.7812019622,     0.08916838028
       1576,             15.76,      -8.988788165,      -9.680444529,      -10.28982839,                 0,       1.867214349,      0.7991483723,     0.08918667998
       1577,             15.77,       -8.99383789,      -9.683664698,      -10.29155311,                 0,       1.873733879,      0.8098243124,     0.08917135473
       1578,             15.78,      -8.996442642,       -9.68545598,      -10.28908208,                 0,        1.87917475,      0.8132011846,     0.08912297268
       1579,             15.79,      -8.996524665,      -9.685814073,      -10.28408785,                 0,        1.88336589,      0.8093279283,     0.08904316054
       1580,              15.8,      -8.994729454,      -9.685367495,      -10.27899359,                 0,       1.886181858,      0.7983120466,     0.08893460232
       1581,             15.81,      -8.991929508,      -9.684774729,      -10.27461905,                 0,       1.887541755,      0.7803312594,     0.08880101357
       1582,             15.82,      -8.988391795,      -9.684068528,      -10.26966831,                 0,       1.887404765,      0.7556040753,     0.08864702981
       1583,             15.83,      -8.983679544,      -9.682714162,      -10.26255175,                 0,       1.885778291,       0.724402683,     0.08847816953
       1584,             15.84,      -8.977529384,      -9.680282834,      -10.25402107,                 0,       1.882718192,      0.6870392437,     0.08830053376
       1585,             15.85,      -8.970543942,      -9.677138621,      -10.24586004,                 0,       1.878334961,      0.6438528634,     0.08812047724
       1586,             15.86,      -8.963475007,      -9.673857027,      -10.23929107,                 0,       1.872786871,      0.5952233818,     0.08794434816
       1587,             15.87,       -8.95649268,       -9.67058424,      -10.23400099,                 0,       1.866260701,      0.5415478113,       0.087778282
       1588,             15.88,       -8.94941086,      -9.667133825,      -10.22915167,                 0,       1.858959028,      0.4832502232,     0.08762800285
       1589,             15.89,      -8.942229332,      -9.663387996,       -10.2244384,                 0,       1.851114322,      0.4207836002,     0.08749857638
       1590,              15.9,      -8.935064019,       -9.65936758,      -10.21975278,                 0,       1.842979908,       0.354630233,     0.08739427983
       1591,             15.91,      -8.927988588,      -9.655058721,      -10.21525616,                 0,       1.834830891,      0.2853029963,     0.08731849242
       1592,             15.92,      -8.921148173,       -9.65058895,      -10.21112615,                 0,       1.826942031,      0.2133427698,     0.08727442306
       1593,             15.93,      -8.914546934,      -9.645997215,       -10.2074098,                 0,       1.819583285,      0.1393178438,     0.08726372731
       1594,             15.94,      -8.908356176,       -9.64150053,       -10.2042227,                 0,       1.813013911,     0.06383462114,     0.08728742686
       1595,             15.95,       -8.90280141,      -9.637285111,      -10.20172454,                 0,       1.807473499,     -0.0124698875,     0.08734599286
       1596,             15.96,       -8.89742888,      -9.632898323,      -10.19970132,                 0,       1.803129762,    -0.08893432235,      0.0874371998
       1597,             15.97,      -8.901277982,      -9.639021652,      -10.20296227,                 0,       1.800619913,     -0.1648980704,     0.08755738224
       1598,             15.98,       -8.90039214,      -9.637351685,       -10.2045299,                 0,       1.799604664,     -0.2395980858,     0.08770175238
       1599,             15.99,      -8.901875187,      -9.637261577,      -10.20725028,                 0,       1.800102237,     -0.3123752271,     0.08786474971
       1600,                16,      -8.906178029,      -9.640186435,      -10.21152253,                 0,       1.802273755,     -0.3825212248,      0.0880403364
       1601,             16.01,      -8.907235813,      -9.639145258,      -10.21444365,                 0,       1.805683369,     -0.4492989244,     0.08822211437
       1602,             16.02,      -8.908320775,      -9.638271325,      -10.21745436,                 0,       1.810218501,     -0.5120611284,     0.08840357868
       1603,             16.03,      -8.918345274,      -9.646692137,      -10.22627481,                 0,       1.816594635,     -0.5702801541,     0.08857840697
       1604,             16.04,      -8.924701361,       -9.64913097,      -10.23419136,                 0,       1.824027472,     -0.6232503247,     0.08874048992
       1605,             16.05,      -8.933349944,      -9.652877275,      -10.24198611,                 0,       1.832080363,     -0.6704566187,     0.08888418282
       1606,             16.06,      -8.942893533,      -9.657746113,       -10.2492722,                 0,       1.840472532,      -0.711442118,     0.08900450584
       1607,             16.07,      -8.951416479,      -9.661911431,      -10.25520398,                 0,       1.848903176,     -0.7458392963,     0.08909738579
       1608,             16.08,      -8.958758982,      -9.665222747,      -10.25921913,                 0,       1.857074953,     -0.7733539326,      0.0891597316
       1609,             16.09,       -8.96467958,      -9.667711108,      -10.26122536,                 0,       1.864710393,     -0.7937582463,     0.08918947307
       1610,              16.1,      -8.969064515,      -9.669533529,      -10.26184021,                 0,        1.87155745,     -0.8069207082,     0.08918565368
       1611,             16.11,       -8.97210997,      -9.670912378,      -10.26129551,                 0,       1.877392692,      -0.812785323,     0.08914845778
       1612,             16.12,      -8.973913342,      -9.671863083,       -10.2585428,                 0,       1.882033259,     -0.8113799709,     0.08907915528
       1613,             16.13,       -8.97412803,        -9.6720514,      -10.25215082,                 0,       1.885340154,      -0.802787013,     0.08898007988
       1614,             16.14,      -8.972488285,      -9.671247842,      -10.24270253,                 0,       1.887214197,     -0.7871614723,     0.08885460373
       1615,             16.15,      -8.969027664,      -9.669462177,      -10.23275368,                 0,       1.887596397,     -0.7647115007,     0.08870704635
       1616,             16.16,      -8.964631129,      -9.667348258,      -10.22475653,                 0,       1.886476474,     -0.7356951234,     0.08854265538
       1617,             16.17,      -8.960248013,      -9.665524436,      -10.21909308,                 0,       1.883899247,     -0.7004104745,     0.08836737013
       1618,             16.18,      -8.956053857,      -9.663962189,      -10.21438264,                 0,       1.879957264,     -0.6591814508,     0.08818749324
       1619,             16.19,      -8.951413286,      -9.662026336,      -10.20924157,                 0,       1.874793762,     -0.6123733839,     0.08800939617
       1620,              16.2,      -8.946042506,      -9.659391946,      -10.20366963,                 0,         1.8685857,     -0.5603809058,     0.08783930932
       1621,             16.21,      -8.940168349,      -9.656213681,       -10.1982295,                 0,       1.861527936,     -0.5036177749,     0.08768312139
       1622,             16.22,      -8.934337946,      -9.652952972,      -10.19360983,                 0,       1.853843136,     -0.4425308029,     0.08754615031
       1623,             16.23,       -8.92869694,      -9.649723101,      -10.18995463,                 0,       1.845778784,     -0.3775916498,     0.08743295564
       1624,             16.24,      -8.923272451,       -9.64651249,      -10.18723154,                 0,       1.837604741,       -0.30930148,     0.08734723445
       1625,             16.25,      -8.918198656,      -9.643375275,      -10.18536934,                 0,       1.829599177,     -0.2381894261,     0.08729220711
       1626,             16.26,      -8.913405282,      -9.640206492,      -10.18401833,                 0,       1.822032465,     -0.1648129914,      0.0872701475
       1627,             16.27,      -8.908856002,      -9.636923221,      -10.18287652,                 0,       1.815163208,    -0.08976476648,     0.08728177157
       1628,             16.28,      -8.904862048,      -9.633773352,      -10.18198591,                 0,       1.809257495,    -0.01367305972,     0.08732867357
       1629,             16.29,      -8.900829209,      -9.630237624,      -10.18118421,                 0,       1.804488256,     0.06280741025,     0.08740922549
       1630,              16.3,      -8.902157342,      -9.633645054,      -10.18345873,                 0,       1.801282738,      0.1390115916,     0.08752012377
       1631,             16.31,      -8.904918315,      -9.635760553,      -10.18806086,                 0,       1.799824924,      0.2142251125,     0.08765693332
       1632,             16.32,      -8.905018764,      -9.633764171,       -10.1921872,                 0,       1.799705422,      0.2877203184,     0.08781430137
       1633,             16.33,      -8.912027933,      -9.638635564,       -10.2003442,                 0,       1.801413342,      0.3588594908,     0.08798634665
       1634,             16.34,      -8.914633745,      -9.638469491,      -10.20712071,                 0,       1.804405129,      0.4268507825,     0.08816676737
       1635,             16.35,      -8.917916269,      -9.639151213,      -10.21433498,                 0,       1.808576518,      0.4910633465,       0.088349068
       1636,             16.36,      -8.925826721,      -9.644294485,      -10.22453994,                 0,       1.814242554,      0.5508856234,     0.08852682124
       1637,             16.37,      -8.936370868,      -9.651732595,      -10.23753851,                 0,        1.82142604,      0.6057282457,     0.08869384107
       1638,             16.38,       -8.94443612,      -9.654790928,      -10.24851035,                 0,       1.829294395,      0.6549564814,      0.0888443059
       1639,             16.39,      -8.955726586,      -9.661010141,      -10.25942856,                 0,       1.837601695,      0.6981189194,     0.08897300154
       1640,              16.4,      -8.966149915,       -9.66699145,      -10.26918392,                 0,       1.846041658,      0.7348061402,     0.08907552337
       1641,             16.41,      -8.975268708,      -9.672258027,      -10.27810531,                 0,       1.854323507,      0.7647055153,     0.08914844047
       1642,             16.42,      -8.983256029,      -9.676972483,      -10.28576666,                 0,       1.862163901,      0.7875637489,     0.08918932591
       1643,             16.43,       -8.98985926,      -9.681062713,      -10.29056298,                 0,       1.869302925,      0.8032187988,     0.08919683904
       1644,             16.44,      -8.994345833,      -9.683973577,      -10.29100306,                 0,       1.875501554,      0.8115850811,      0.0891707793
       1645,             16.45,      -8.996261103,      -9.685372158,      -10.28743346,                 0,       1.880563423,      0.8126631201,     0.08911205958
       1646,             16.46,      -8.995716162,      -9.685411587,      -10.28202628,                 0,       1.884331696,      0.8065180743,     0.08902265427
       1647,             16.47,       -8.99354907,      -9.684865033,      -10.27714916,                 0,       1.886695548,      0.7932821926,     0.08890558475
       1648,             16.48,      -8.990571687,      -9.684294209,      -10.27297348,                 0,       1.887586524,      0.7731466409,     0.08876486821
       1649,             16.49,      -8.986827066,      -9.683530969,      -10.26770286,                 0,       1.886977495,      0.7463452935,      0.0886054419
       1650,              16.5,      -8.981750873,      -9.681928639,      -10.26008639,                 0,       1.884891697,      0.7131658389,      0.0884330378
       1651,             16.51,      -8.975275701,      -9.679233578,      -10.25139737,                 0,       1.881400759,      0.6739293719,     0.08825387011
       1652,             16.52,       -8.96816099,      -9.675953319,         -10.24353,                 0,       1.876631385,      0.6289869818,      0.0880743131
       1653,             16.53,      -8.961122649,       -9.67266275,      -10.23743092,                 0,       1.870754256,      0.5787265975,     0.08790067028
       1654,             16.54,      -8.954108528,      -9.669329469,      -10.23239379,                 0,       1.863962438,      0.5235499907,        0.08773897
       1655,             16.55,      -8.947005186,      -9.665810222,      -10.22766885,                 0,       1.856467352,      0.4638932012,     0.08759475609
       1656,             16.56,      -8.939815391,      -9.661973511,      -10.22300138,                 0,       1.848505747,       0.400216784,     0.08747285293
       1657,             16.57,      -8.932647275,       -9.65784828,      -10.21835391,                 0,       1.840338513,      0.3330121868,     0.08737726426
       1658,             16.58,      -8.925626761,      -9.653473887,      -10.21396597,                 0,       1.832244849,      0.2628021041,     0.08731123485
       1659,             16.59,      -8.918821773,      -9.648924931,      -10.20993502,                 0,       1.824496221,      0.1901358522,      0.0872776385
       1660,              16.6,       -8.91231861,      -9.644318809,      -10.20638375,                 0,        1.81735958,      0.1155925567,     0.08727763748
       1661,             16.61,      -8.906369545,       -9.63996335,      -10.20341666,                 0,       1.811097613,     0.03978944026,     0.08731254937
       1662,             16.62,      -8.900800093,      -9.635617447,      -10.20104233,                 0,       1.805918181,    -0.03662881437,     0.08738181295
       1663,             16.63,       -8.89659482,      -9.633399272,      -10.19976928,                 0,       1.802013105,     -0.1129946569,     0.08748266171
       1664,             16.64,      -8.901609497,       -9.63955572,      -10.20379662,                 0,       1.800117789,     -0.1886460878,     0.08761109016
       1665,             16.65,      -8.899275539,      -9.635877967,      -10.20488906,                 0,        1.79952045,     -0.2627868221,     0.08776199848
       1666,             16.66,      -8.903309128,      -9.638385146,      -10.20886602,                 0,        1.80060592,     -0.3348143973,     0.08792965951
       1667,             16.67,      -8.906038656,      -9.639450997,      -10.21239823,                 0,       1.803177815,     -0.4039551609,     0.08810789436
       1668,             16.68,      -8.907473036,      -9.638788338,      -10.21547817,                 0,       1.806960383,     -0.4695325888,     0.08829024392
       1669,             16.69,      -8.908679035,      -9.638335945,      -10.21858905,                 0,       1.811920595,     -0.5308954056,     0.08847022944
       1670,              16.7,      -8.920131861,      -9.648095953,      -10.22913029,                 0,       1.818825386,      -0.587546101,     0.08864161435
       1671,             16.71,      -8.924838308,      -9.648287481,      -10.23620133,                 0,        1.82646929,     -0.6387336682,     0.08879839331
       1672,             16.72,       -8.93499356,      -9.653381789,      -10.24419352,                 0,       1.834663918,     -0.6840193962,     0.08893511745
       1673,             16.73,      -8.944512669,      -9.658293366,      -10.25115465,                 0,       1.843099804,     -0.7229548214,     0.08904706021
       1674,             16.74,      -8.952730383,      -9.662244053,      -10.25651005,                 0,       1.851480466,     -0.7552062525,     0.08913045891
       1675,             16.75,      -8.959798027,      -9.665373067,      -10.25966209,                 0,        1.85951234,     -0.7804952199,     0.08918254338
       1676,             16.76,      -8.965354014,      -9.667700748,      -10.26091744,                 0,       1.866925872,     -0.7986228041,     0.08920159044
       1677,             16.77,      -8.969344948,      -9.669402678,      -10.26134921,                 0,        1.87347505,     -0.8094830372,     0.08918701111
       1678,             16.78,      -8.972138154,      -9.670792463,       -10.2609655,                 0,       1.878949608,     -0.8130481907,     0.08913935294
       1679,             16.79,      -8.973772727,      -9.671780741,      -10.25784386,                 0,       1.883181264,     -0.8093644937,     0.08906022199
       1680,              16.8,       -8.97373082,      -9.671904053,       -10.2503187,                 0,       1.886045557,     -0.7985335863,     0.08895227692
       1681,             16.81,      -8.971522048,      -9.670752262,      -10.23972435,                 0,       1.887456205,     -0.7807313938,     0.08881920504
       1682,             16.82,      -8.967486648,      -9.668609165,      -10.22962417,                 0,        1.88736741,     -0.7561817357,     0.08866561579
       1683,             16.83,      -8.962894249,      -9.666445608,      -10.22237611,                 0,       1.885783034,     -0.7251582854,     0.08849701624
       1684,             16.84,       -8.95868926,      -9.664828249,      -10.21760403,                 0,       1.882761937,     -0.6879665453,     0.08831950647
       1685,             16.85,      -8.954629535,      -9.663392985,      -10.21319809,                 0,       1.878414859,     -0.6449395377,     0.08813944353
       1686,             16.86,       -8.94988692,      -9.661347886,      -10.20797216,                 0,       1.872901751,     -0.5964572197,     0.08796317747
       1687,             16.87,      -8.944286766,      -9.658475398,      -10.20225653,                 0,       1.866407766,     -0.5429182763,     0.08779684935
       1688,             16.88,      -8.938358427,      -9.655206019,      -10.19690166,                 0,       1.859132307,     -0.4847472421,     0.08764619432
       1689,             16.89,      -8.932539236,      -9.651902426,       -10.1924642,                 0,        1.85130362,     -0.4223976864,     0.08751629615
       1690,              16.9,      -8.926933483,      -9.648658798,      -10.18902671,                 0,       1.843176377,     -0.3563519249,      0.0874114514
       1691,             16.91,      -8.921558002,      -9.645427105,      -10.18653175,                 0,       1.835026124,     -0.2871199043,     0.08733506015
       1692,             16.92,      -8.916577413,      -9.642289037,      -10.18487664,                 0,       1.827130941,     -0.2152390049,     0.08729033083
       1693,             16.93,      -8.911880566,       -9.63911084,      -10.18363749,                 0,       1.819759155,     -0.1412756139,     0.08727895795
       1694,             16.94,      -8.907449457,      -9.635763492,      -10.18256022,                 0,       1.813170188,    -0.06583571846,     0.08730194219
       1695,             16.95,      -8.903511888,      -9.632604101,      -10.18171685,                 0,       1.807606221,     0.01044372261,     0.08735982537
       1696,             16.96,      -8.899575502,      -9.629052338,      -10.18098155,                 0,        1.80323328,     0.08690113885,     0.08745041798
       1697,             16.97,      -8.903708767,      -9.635333402,      -10.18505087,                 0,        1.80067148,      0.1628733459,     0.08757006757
       1698,             16.98,      -8.904344648,      -9.634620627,      -10.18917277,                 0,       1.799626528,      0.2376038757,     0.08771400994
       1699,             16.99,      -8.907122436,      -9.634940541,      -10.19479825,                 0,       1.800077649,      0.3104293668,     0.08787669565
       1700,                17,      -8.912802778,      -9.638662937,      -10.20259581,                 0,       1.802212152,      0.3806454783,     0.08805209292
       1701,             17.01,      -8.915645245,      -9.638705205,      -10.20951621,                 0,       1.805590243,      0.4475126929,     0.08823381387
       1702,             17.02,      -8.918605538,      -9.639165084,      -10.21648586,                 0,       1.810097764,      0.5103840746,     0.08841535457
       1703,             17.03,      -8.929643801,      -9.647781625,      -10.22901343,                 0,       1.816413168,      0.5687209892,     0.08859036546
       1704,             17.04,      -8.936794889,      -9.651097921,      -10.24060751,                 0,       1.823830199,      0.6218346875,     0.08875273707
       1705,             17.05,       -8.94696588,      -9.656010373,      -10.25181945,                 0,       1.831872077,      0.6691981746,     0.08889681975
       1706,             17.06,      -8.958293184,      -9.662383609,      -10.26214345,                 0,       1.840251864,      0.7103525645,     0.08901762358
       1707,             17.07,      -8.968304052,      -9.668113729,      -10.27144971,                 0,       1.848673635,      0.7449268588,     0.08911105542
       1708,             17.08,      -8.977136849,      -9.673238649,      -10.28021188,                 0,       1.856845902,      0.7726272254,     0.08917399974
       1709,             17.09,      -8.984953805,       -9.67795868,      -10.28755898,                 0,       1.864492619,      0.7932255853,     0.08920436051
       1710,              17.1,      -8.991237331,      -9.681942667,      -10.29134592,                 0,       1.871359306,      0.8065873265,     0.08920115678
       1711,             17.11,      -8.995129293,      -9.684509955,      -10.29023169,                 0,       1.877218662,      0.8126508579,     0.08916455076
       1712,             17.12,      -8.996249645,      -9.685411338,      -10.28541136,                 0,        1.88188627,       0.811441182,     0.08909579287
       1713,             17.13,      -8.995007434,      -9.685093366,      -10.27988993,                 0,       1.885221073,      0.8030425177,     0.08899719679
       1714,             17.14,      -8.992588213,      -9.684555032,      -10.27573337,                 0,       1.887128324,      0.7876100985,     0.08887211133
       1715,             17.15,      -8.989603974,      -9.684146015,       -10.2719399,                 0,       1.887550506,      0.7653464158,     0.08872483376
       1716,             17.16,      -8.985666372,      -9.683342369,       -10.2660223,                 0,       1.886473249,      0.7365024032,     0.08856059021
       1717,             17.17,      -8.980085583,      -9.681362537,      -10.25757377,                 0,       1.883933517,      0.7013784525,     0.08838530873
       1718,             17.18,      -8.973222972,      -9.678322274,      -10.24867134,                 0,       1.880021146,      0.6603048564,     0.08820529002
       1719,             17.19,      -8.966016561,      -9.674927886,      -10.24127428,                 0,       1.874883239,      0.6136461956,     0.08802690787
       1720,              17.2,      -8.959033388,      -9.671657812,      -10.23569507,                 0,       1.868699396,      0.5617940517,     0.08785639774
       1721,             17.21,      -8.951988753,      -9.668283312,       -10.2308728,                 0,       1.861664965,      0.5051595743,     0.08769965746
       1722,             17.22,      -8.944835163,      -9.664673997,      -10.22623981,                 0,       1.853999307,      0.4441876081,     0.08756202083
       1723,             17.23,      -8.937610674,      -9.660740836,      -10.22157347,                 0,       1.845945247,      0.3793478178,     0.08744806656
       1724,             17.24,      -8.930436272,      -9.656502703,      -10.21696753,                 0,       1.837771699,      0.3111415363,     0.08736151433
       1725,             17.25,      -8.923454736,      -9.652050715,      -10.21266582,                 0,       1.829758617,      0.2401000217,     0.08730558692
       1726,             17.26,      -8.916678237,      -9.647424376,      -10.20873026,                 0,       1.822176118,      0.1667814672,     0.08728260067
       1727,             17.27,      -8.910256496,      -9.642795957,      -10.20532025,                 0,       1.815285431,     0.09177694103,     0.08729328211
       1728,             17.28,      -8.904564334,      -9.638596546,      -10.20256539,                 0,        1.80935097,     0.01571308862,     0.08733924848
       1729,             17.29,      -8.899005363,       -9.63414986,      -10.20032847,                 0,       1.804549256,    -0.06075708403,     0.08741893361
       1730,              17.3,      -8.899560535,      -9.636965045,      -10.20159585,                 0,        1.80128961,     -0.1369685386,      0.0875290711
       1731,             17.31,      -8.900985252,      -9.638502445,      -10.20419825,                 0,       1.799798016,     -0.2122132679,     0.08766525712
       1732,             17.32,       -8.89984983,      -9.635949112,      -10.20572126,                 0,       1.799637324,     -0.2857557132,     0.08782215065
       1733,             17.33,      -8.905103161,       -9.63992018,      -10.21047307,                 0,       1.801299757,     -0.3569614406,      0.0879938873
       1734,             17.34,      -8.906392168,      -9.639105094,      -10.21344061,                 0,       1.804259482,     -0.4250381692,     0.08817416492
       1735,             17.35,      -8.908172541,      -9.638753097,      -10.21663513,                 0,       1.808400236,     -0.4893521997,     0.08835648636
       1736,             17.36,       -8.91322441,      -9.642272015,      -10.22224519,                 0,       1.814016173,     -0.5492917304,     0.08853442695
       1737,             17.37,      -8.921434743,      -9.648087333,      -10.23160519,                 0,         1.8211789,     -0.6042731025,     0.08870180546
       1738,             17.38,      -8.928143486,      -9.650027685,      -10.23920612,                 0,       1.829026985,     -0.6536495763,     0.08885277648
       1739,             17.39,      -8.938286661,      -9.655181191,      -10.24696935,                 0,       1.837329505,     -0.6969722139,     0.08898210389
       1740,              17.4,      -8.947460482,      -9.659818171,      -10.25345837,                 0,       1.845779718,     -0.7338315869,     0.08908535556
       1741,             17.41,      -8.955409075,        -9.6635533,       -10.2580978,                 0,        1.85408103,     -0.7639125667,     0.08915907487
       1742,             17.42,      -8.962095259,      -9.666455658,      -10.26060117,                 0,       1.861945606,     -0.7869570196,      0.0892008091
       1743,             17.43,      -8.967249264,      -9.668630544,      -10.26155299,                 0,       1.869112578,     -0.8028002144,     0.08920918908
       1744,             17.44,      -8.970905496,      -9.670258916,      -10.26173131,                 0,        1.87534434,      -0.811356981,     0.08918398801
       1745,             17.45,      -8.973339888,      -9.671539111,      -10.26062336,                 0,        1.88044323,     -0.8126283069,     0.08912609601
       1746,             17.46,      -8.974453082,      -9.672265455,      -10.25620766,                 0,       1.884256066,     -0.8066751065,     0.08903746193
       1747,             17.47,      -8.973786202,      -9.672040832,       -10.2475959,                 0,       1.886669826,     -0.7936241106,     0.08892107893
       1748,             17.48,      -8.970960592,      -9.670550586,      -10.23677567,                 0,       1.887610527,     -0.7736669851,     0.08878093785
       1749,             17.49,      -8.966561857,      -9.668258304,      -10.22727129,                 0,       1.887047343,     -0.7470434465,     0.08862195298
       1750,              17.5,      -8.961916158,       -9.66614785,      -10.22074801,                 0,       1.885002807,     -0.7140405038,     0.08844984605
       1751,             17.51,      -8.957726186,      -9.664590096,      -10.21626523,                 0,       1.881551202,     -0.6749709662,      0.0882708298
       1752,             17.52,      -8.953463453,      -9.662996064,      -10.21167007,                 0,       1.876818206,     -0.6301812175,     0.08809128042
       1753,             17.53,      -8.948404149,      -9.660668855,      -10.20625429,                 0,       1.870974959,     -0.5800610312,     0.08791750502
       1754,             17.54,      -8.942552826,      -9.657553832,      -10.20052116,                 0,       1.864211912,     -0.5250138081,     0.08775554029
       1755,             17.55,      -8.936556292,      -9.654199764,      -10.19538576,                 0,       1.856737962,     -0.4654756904,     0.08761094528
       1756,             17.56,      -8.930723123,      -9.650847025,      -10.19122804,                 0,       1.848788222,     -0.4019078357,      0.0874885633
       1757,             17.57,      -8.925097097,      -9.647544579,      -10.18804573,                 0,       1.840624894,     -0.3348013252,     0.08739241851
       1758,             17.58,      -8.919768295,       -9.64429041,      -10.18580694,                 0,        1.83252676,     -0.2646753684,     0.08732575808
       1759,             17.59,      -8.914800433,      -9.641086623,      -10.18429282,                 0,       1.824769308,     -0.1920761786,       0.087291494
       1760,              17.6,      -8.910114218,      -9.637825651,      -10.18308993,                 0,       1.817616761,     -0.1175814064,     0.08729081878
       1761,             17.61,      -8.905837603,      -9.634535106,      -10.18209142,                 0,       1.811332293,    -0.04180846975,     0.08732502584
       1762,             17.62,      -8.901802386,      -9.631162244,      -10.18124437,                 0,        1.80612626,     0.03459796928,      0.0873936261
       1763,             17.63,      -8.898177816,      -9.629143376,      -10.18050209,                 0,       1.802171326,       0.110969797,     0.08749388671
       1764,             17.64,       -8.90529044,      -9.636878651,      -10.18656056,                 0,       1.800241568,       0.186643709,     0.08762181865
       1765,             17.65,      -8.904588441,      -9.634015256,      -10.19043738,                 0,       1.799615251,      0.2608266732,     0.08777234878
       1766,             17.66,      -8.909934706,      -9.636998462,      -10.19758291,                 0,       1.800652788,      0.3329167405,     0.08793975374
       1767,             17.67,      -8.914349195,      -9.639101514,      -10.20494652,                 0,       1.803188679,      0.4021410698,     0.08811786543
       1768,             17.68,      -8.917346051,      -9.639382215,       -10.2119901,                 0,       1.806941818,      0.4678210501,     0.08830023148
       1769,             17.69,      -8.919992302,      -9.639330698,      -10.21889201,                 0,        1.81184934,      0.5293005244,     0.08848036811
       1770,              17.7,      -8.933718813,      -9.651074721,      -10.23349957,                 0,       1.818722677,      0.5860816718,     0.08865201056
       1771,             17.71,      -8.939977586,      -9.652449306,      -10.24435671,                 0,       1.826353831,       0.637420133,     0.08880915748
       1772,             17.72,      -8.951833666,      -9.658849767,      -10.25565193,                 0,       1.834539132,      0.6828720063,     0.08894635046
       1773,             17.73,      -8.962866906,      -9.665139609,      -10.26539688,                 0,       1.842963748,      0.7219822134,     0.08905884908
       1774,             17.74,      -8.972342944,      -9.670526504,      -10.27430987,                 0,       1.851338092,      0.7544143089,     0.08914286963
       1775,             17.75,      -8.980789798,      -9.675440317,      -10.28289898,                 0,       1.859373586,      0.7798914622,     0.08919561618
       1776,             17.76,      -8.988238609,      -9.680031974,      -10.28975701,                 0,       1.866801817,      0.7982140158,     0.08921533884
       1777,             17.77,      -8.993917771,      -9.683708841,      -10.29224432,                 0,       1.873373308,      0.8092725442,     0.08920142298
       1778,             17.78,      -8.996906088,      -9.685723632,      -10.28941273,                 0,       1.878874478,       0.813032431,     0.08915439284
       1779,             17.79,      -8.996968993,      -9.685969657,      -10.28347258,                 0,       1.883132789,      0.8095392132,     0.08907583469
       1780,              17.8,      -8.994955606,      -9.685284678,      -10.27808952,                 0,       1.886023964,      0.7988975868,     0.08896838695
       1781,             17.81,      -8.992165883,      -9.684695397,      -10.27460647,                 0,       1.887467655,      0.7812829628,     0.08883571397
       1782,             17.82,      -8.988985297,      -9.684315647,      -10.27090216,                 0,       1.887418716,      0.7569099842,     0.08868239959
       1783,             17.83,      -8.984583636,      -9.683265132,      -10.26414818,                 0,       1.885875781,      0.7260470129,     0.08851393328
       1784,             17.84,      -8.978334033,      -9.680786265,      -10.25497397,                 0,       1.882888815,      0.6890057382,     0.08833640787
       1785,             17.85,      -8.970997002,      -9.677344821,      -10.24605897,                 0,       1.878568616,       0.646124726,     0.08815618101
       1786,             17.86,      -8.963662754,      -9.673818526,      -10.23920802,                 0,       1.873078315,      0.5977813581,     0.08797960657
       1787,             17.87,      -8.956583008,      -9.670458683,      -10.23402017,                 0,       1.866606313,      0.5443711031,     0.08781283201
       1788,             17.88,      -8.949425542,      -9.666978533,      -10.22932678,                 0,       1.859350346,      0.4863163361,      0.0876616039
       1789,             17.89,      -8.942116342,      -9.663185353,       -10.2246784,                 0,       1.851536564,      0.4240686902,     0.08753102369
       1790,              17.9,      -8.934793428,      -9.659089081,      -10.21998038,                 0,       1.843415187,      0.3581082278,     0.08742540874
       1791,             17.91,      -8.927562407,      -9.654690095,      -10.21541641,                 0,       1.835262297,      0.2889463901,     0.08734818244
       1792,             17.92,      -8.920570261,       -9.65011795,      -10.21119668,                 0,       1.827355513,      0.2171229224,     0.08730255532
       1793,             17.93,      -8.913820175,      -9.645417531,      -10.20738196,                 0,       1.819965888,      0.1432044973,     0.08729026611
       1794,             17.94,      -8.907512351,      -9.640826093,      -10.20410206,                 0,       1.813352241,     0.06779525074,      0.0873122969
       1795,             17.95,      -8.901944443,      -9.636615352,      -10.20155486,                 0,       1.807758219,   -0.008469316519,     0.08736926961
       1796,             17.96,      -8.896479111,      -9.632172945,      -10.19947063,                 0,       1.803351698,    -0.08492922772,     0.08745903699
       1797,             17.97,      -8.900996471,      -9.638621122,      -10.20268649,                 0,       1.800738292,      -0.160921209,     0.08757797964
       1798,             17.98,      -8.900798726,      -9.637716712,      -10.20467209,                 0,       1.799656513,      -0.235693811,      0.0877213552
       1799,             17.99,      -8.901958652,       -9.63729253,      -10.20733988,                 0,       1.800057962,     -0.3085768006,     0.08788362724
       1800,                18,      -8.906507268,      -9.640546068,      -10.21174937,                 0,        1.80216257,     -0.3788714415,      0.0880587779
       1801,             18.01,       -8.90755146,      -9.639448098,      -10.21465095,                 0,       1.805509051,     -0.4458308889,     0.08824041704
       1802,             18.02,      -8.908492055,      -9.638425582,      -10.21759049,                 0,       1.809989856,     -0.5088115413,     0.08842203689
       1803,             18.03,      -8.917877942,      -9.646288162,       -10.2259919,                 0,       1.816258672,     -0.5672709309,     0.08859729828
       1804,             18.04,      -8.924442151,      -9.649204541,      -10.23438336,                 0,       1.823655219,     -0.6205242109,     0.08876008055
       1805,             18.05,      -8.933139586,      -9.652906319,      -10.24239585,                 0,       1.831681414,     -0.6680372466,     0.08890471195
       1806,             18.06,      -8.942898445,      -9.657887528,      -10.24988633,                 0,       1.840063202,     -0.7093533219,     0.08902617945
       1807,             18.07,      -8.951568076,      -9.662141059,      -10.25588173,                 0,       1.848499424,     -0.7440991285,     0.08912036263
       1808,             18.08,      -8.959096026,      -9.665547946,      -10.25972669,                 0,       1.856692877,     -0.7719771628,     0.08918412123
       1809,             18.09,      -8.965170034,      -9.668084199,      -10.26143916,                 0,        1.86436421,     -0.7927549642,     0.08921533289
       1810,              18.1,      -8.969606239,       -9.66989774,       -10.2620118,                 0,        1.87125935,     -0.8062967078,     0.08921298874
       1811,             18.11,      -8.972688016,      -9.671300026,      -10.26199516,                 0,        1.87715192,     -0.8125420781,     0.08917722503
       1812,             18.12,      -8.974649572,      -9.672392502,      -10.26010718,                 0,       1.881857764,      -0.811515937,      0.0891092682
       1813,             18.13,       -8.97511008,      -9.672764218,      -10.25411193,                 0,       1.885238043,     -0.8032967922,     0.08901140674
       1814,             18.14,      -8.973567622,       -9.67199183,      -10.24413604,                 0,       1.887192887,     -0.7880350975,     0.08888696346
       1815,             18.15,      -8.969878114,      -9.669976582,       -10.2332346,                 0,       1.887659604,     -0.7659374088,     0.08874021371
       1816,             18.16,      -8.965089721,      -9.667536421,      -10.22469748,                 0,       1.886622261,      -0.737259989,     0.08857636476
       1817,             18.17,      -8.960474188,      -9.665549709,      -10.21915672,                 0,       1.884120745,     -0.7022987642,     0.08840133588
       1818,             18.18,      -8.956284334,      -9.664026729,       -10.2148665,                 0,       1.880246034,     -0.6613755075,     0.08822142637
       1819,             18.19,        -8.9516689,      -9.662142186,      -10.20993297,                 0,       1.875142168,     -0.6148528445,     0.08804301169
       1820,              18.2,      -8.946180762,      -9.659427672,       -10.2042415,                 0,       1.868987921,     -0.5631249049,     0.08787233352
       1821,             18.21,      -8.940078034,      -9.656064514,      -10.19852526,                 0,       1.861976446,     -0.5066039503,     0.08771530067
       1822,             18.22,      -8.934010559,      -9.652609344,      -10.19362777,                 0,       1.854325382,      -0.445735537,     0.08757726452
       1823,             18.23,      -8.928143586,      -9.649199516,      -10.18973809,                 0,       1.846278378,     -0.3809900114,     0.08746282325
       1824,             18.24,      -8.922504667,      -9.645831705,       -10.1868407,                 0,       1.838105211,     -0.3128671636,      0.0873757172
       1825,             18.25,      -8.917239242,      -9.642562377,      -10.18488248,                 0,       1.830085889,     -0.2418944786,      0.0873191708
       1826,             18.26,      -8.912298917,      -9.639300638,       -10.1835109,                 0,       1.822492381,     -0.1686275832,      0.0872955388
       1827,             18.27,      -8.907626421,      -9.635949434,      -10.18237113,                 0,       1.815584025,    -0.09365686299,     0.08730557723
       1828,             18.28,      -8.903567021,      -9.632767732,      -10.18146982,                 0,       1.809626331,    -0.01760954086,     0.08735088101
       1829,             18.29,       -8.89945973,      -9.629206652,      -10.18064664,                 0,       1.804797091,     0.05886142662,     0.08742995165
       1830,              18.3,      -8.901342898,      -9.632697532,      -10.18281088,                 0,       1.801489071,      0.1350892243,      0.0875395511
       1831,             18.31,      -8.905488918,      -9.636194155,      -10.18790701,                 0,       1.799966111,      0.2103667424,     0.08767529692
       1832,             18.32,      -8.905509495,      -9.634103964,      -10.19214901,                 0,       1.799776665,      0.2839609466,     0.08783186747
       1833,             18.33,      -8.912599024,      -9.639028583,      -10.20033231,                 0,       1.801392431,        0.35523555,     0.08800339737
       1834,             18.34,      -8.915449447,      -9.639146575,      -10.20719677,                 0,       1.804322096,      0.4234019672,     0.08818359814
       1835,             18.35,      -8.918286583,      -9.639427118,      -10.21420929,                 0,        1.80843694,       0.487822793,     0.08836597532
       1836,             18.36,      -8.925774043,       -9.64409436,      -10.22402424,                 0,       1.813997284,      0.5478776905,     0.08854408919
       1837,             18.37,      -8.937434199,      -9.652706244,      -10.23756518,                 0,       1.821140207,      0.6029909875,     0.08871174293
       1838,             18.38,      -8.945624142,      -9.655767869,      -10.24876556,                 0,       1.828978184,      0.6525157415,     0.08886309025
       1839,             18.39,      -8.957069881,      -9.662028549,      -10.25968664,                 0,       1.837271572,      0.6960000354,      0.0889928847
       1840,              18.4,       -8.96747512,      -9.667936274,      -10.26922406,                 0,       1.845712478,      0.7330266784,     0.08909667686
       1841,             18.41,      -8.976526619,      -9.673099561,      -10.27803978,                 0,       1.854010531,      0.7632795991,     0.08917098883
       1842,             18.42,      -8.984515589,      -9.677783907,      -10.28600952,                 0,       1.861881412,      0.7865023331,     0.08921334457
       1843,             18.43,      -8.991231902,      -9.681951182,       -10.2913847,                 0,       1.869064036,      0.8025283781,     0.08922235046
       1844,             18.44,      -8.995833026,      -9.684947288,      -10.29211742,                 0,          1.875317,      0.8112684559,     0.08919775532
       1845,             18.45,      -8.997713419,      -9.686301061,      -10.28824142,                 0,       1.880441327,      0.8127178211,      0.0891404273
       1846,             18.46,      -8.996946285,       -9.68614475,      -10.28228799,                 0,       1.884278594,      0.8069389804,     0.08905229459
       1847,             18.47,      -8.994466644,      -9.685354141,      -10.27726494,                 0,         1.8867171,      0.7940609496,     0.08893633082
       1848,             18.48,      -8.991316195,      -9.684683907,       -10.2735652,                 0,       1.887687865,      0.7742730614,     0.08879650861
       1849,             18.49,      -8.987586494,      -9.683991873,      -10.26888965,                 0,       1.887159974,      0.7478055358,     0.08863772194
       1850,              18.5,      -8.982481067,      -9.682429342,      -10.26132594,                 0,       1.885151444,      0.7149434138,     0.08846567722
       1851,             18.51,      -8.975748542,      -9.679571689,      -10.25218151,                 0,       1.881729285,      0.6760070072,     0.08828658054
       1852,             18.52,      -8.968272085,      -9.676012356,      -10.24384163,                 0,       1.877019916,      0.6313457346,     0.08810680965
       1853,             18.53,      -8.960949427,      -9.672490869,      -10.23753212,                 0,       1.871195542,      0.5813463466,     0.08793267723
       1854,             18.54,      -8.953754646,      -9.669018446,      -10.23247925,                 0,       1.864449772,      0.5264094575,     0.08777022851
       1855,             18.55,      -8.946485193,       -9.66538919,      -10.22775219,                 0,       1.856989944,      0.4669692834,     0.08762503649
       1856,             18.56,      -8.939117794,      -9.661440527,      -10.22305272,                 0,        1.84904958,      0.4034850578,     0.08750196108
       1857,             18.57,      -8.931780536,      -9.657210636,      -10.21834087,                 0,       1.840887913,      0.3364466666,     0.08740504693
       1858,             18.58,      -8.924603112,      -9.652733385,      -10.21386608,                 0,       1.832784773,      0.2663753854,      0.0873375441
       1859,             18.59,      -8.917659776,       -9.64808939,      -10.20974367,                 0,       1.825013386,      0.1938194981,     0.08730240374
       1860,              18.6,      -8.911028354,      -9.643393887,      -10.20609732,                 0,       1.817841733,      0.1193562207,     0.08730084947
       1861,             18.61,      -8.905022862,      -9.638993574,      -10.20305061,                 0,        1.81153159,     0.04360121815,     0.08733415551
       1862,             18.62,      -8.899441911,      -9.634655734,      -10.20062098,                 0,       1.806295907,    -0.03280201095,     0.08740190538
       1863,             18.63,      -8.894152194,      -9.630290852,      -10.19870177,                 0,       1.802299885,     -0.1091860838,     0.08750140347
       1864,             18.64,      -8.902234677,      -9.640013679,      -10.20373269,                 0,       1.800333046,      -0.184891806,     0.08762869596
       1865,             18.65,      -8.900077636,      -9.636499184,      -10.20498652,                 0,       1.799668121,     -0.2591215187,     0.08777872186
       1866,             18.66,      -8.903991586,      -9.638886931,      -10.20900114,                 0,       1.800662655,     -0.3312743798,     0.08794577336
       1867,             18.67,      -8.907083206,      -9.640351875,      -10.21273526,                 0,        1.80317254,     -0.4005789966,     0.08812368776
       1868,             18.68,      -8.908063462,      -9.639294953,      -10.21568293,                 0,       1.806897729,     -0.4663514536,     0.08830601075
       1869,             18.69,      -8.908630719,      -9.637712592,      -10.21851182,                 0,        1.81177185,     -0.5279371952,     0.08848625383
       1870,              18.7,      -8.921976447,      -9.649558953,      -10.22951468,                 0,       1.818616192,     -0.5848400256,     0.08865816813
       1871,             18.71,       -8.92724186,      -9.650178342,      -10.23696825,                 0,       1.826227178,      -0.636309568,      0.0888157272
       1872,             18.72,      -8.937251413,      -9.655128139,      -10.24519385,                 0,        1.83440283,     -0.6819025582,     0.08895345291
       1873,             18.73,      -8.946640818,      -9.659949135,      -10.25241148,                 0,       1.842834886,     -0.7211637982,     0.08906658086
       1874,             18.74,      -8.954837731,      -9.663860024,        -10.257916,                 0,       1.851226373,     -0.7537550259,     0.08915130386
       1875,             18.75,      -8.961880201,      -9.666924811,       -10.2609529,                 0,       1.859283422,     -0.7793951783,     0.08920480384
       1876,             18.76,      -8.967294024,      -9.669091583,      -10.26184865,                 0,       1.866735299,     -0.7978802015,     0.08922530583
       1877,             18.77,      -8.971024068,       -9.67056086,      -10.26197378,                 0,         1.8733341,     -0.8091006873,     0.08921216883
       1878,             18.78,      -8.973561723,      -9.671749885,      -10.26162483,                 0,       1.878866571,     -0.8130246158,     0.08916589253
       1879,             18.79,      -8.975059064,      -9.672644776,      -10.25879307,                 0,       1.883162516,     -0.8096957823,      0.0890880401
       1880,              18.8,      -8.974951873,      -9.672719212,      -10.25134874,                 0,       1.886097036,     -0.7992121244,       0.088981227
       1881,             18.81,      -8.972602204,      -9.671445551,      -10.24040224,                 0,       1.887582909,     -0.7817464712,     0.08884909581
       1882,             18.82,      -8.968264114,      -9.669055701,      -10.22980745,                 0,       1.887571155,     -0.7575204734,     0.08869620953
       1883,             18.83,      -8.963317816,      -9.666619862,      -10.22230248,                 0,       1.886061299,     -0.7268058544,     0.08852804561
       1884,             18.84,      -8.958866424,      -9.664830043,      -10.21756043,                 0,       1.883108896,     -0.6899065169,      0.0883506918
       1885,             18.85,      -8.954671952,      -9.663310606,      -10.21326037,                 0,       1.878822633,     -0.6471535718,     0.08817050545
       1886,             18.86,      -8.949784817,      -9.661170347,      -10.20800478,                 0,        1.87336249,     -0.5989252936,     0.08799384332
       1887,             18.87,      -8.943986084,      -9.658148412,      -10.20214781,                 0,        1.86691389,     -0.5456197355,     0.08782686085
       1888,             18.88,      -8.937840644,      -9.654705229,      -10.19662566,                 0,       1.859674117,     -0.4876598256,     0.08767531693
       1889,             18.89,      -8.931829695,      -9.651248038,      -10.19204329,                 0,       1.851868727,     -0.4254982746,     0.08754433067
       1890,              18.9,      -8.926046379,        -9.6478662,      -10.18848252,                 0,       1.843750556,     -0.3596160326,      0.0874382377
       1891,             18.91,      -8.920503614,      -9.644512602,      -10.18589447,                 0,        1.83559526,     -0.2905218127,     0.08736048103
       1892,             18.92,       -8.91537865,      -9.641276213,      -10.18419552,                 0,        1.82768194,     -0.2187514475,     0.08731427139
       1893,             18.93,      -8.910563619,      -9.638023446,      -10.18295543,                 0,       1.820279673,     -0.1448699466,     0.08730138403
       1894,             18.94,       -8.90601931,      -9.634614327,      -10.18188699,                 0,       1.813647211,    -0.06948151324,     0.08732278209
       1895,             18.95,      -8.902089899,      -9.631490769,       -10.1810864,                 0,       1.808031275,    0.006777985139,     0.08737915223
       1896,             18.96,       -8.89807571,      -9.627903155,      -10.18036018,                 0,       1.803598134,     0.08324779466,     0.08746838007
       1897,             18.97,      -8.903646291,      -9.634996718,        -10.184678,                 0,       1.800939856,      0.1592632244,     0.08758685816
       1898,             18.98,      -8.905290116,      -9.635245899,      -10.18914035,                 0,       1.799832555,      0.2340751023,     0.08772986449
       1899,             18.99,      -8.907565909,      -9.635137967,      -10.19464145,                 0,       1.800195401,      0.3070120472,      0.0878918727
       1900,                19,      -8.914018819,      -9.639562757,      -10.20275408,                 0,       1.802269227,      0.3773784204,     0.08806686841
       1901,             19.01,      -8.916466989,      -9.639270566,      -10.20955116,                 0,        1.80559035,      0.4444252694,     0.08824847111
       1902,             19.02,      -8.918784741,      -9.639226623,      -10.21631624,                 0,       1.810049358,      0.5075089534,     0.08843017334
       1903,             19.03,      -8.931071819,      -9.648607205,      -10.22894784,                 0,       1.816267542,      0.5660759469,     0.08860561084
       1904,             19.04,      -8.940034518,      -9.653480298,       -10.2412387,                 0,       1.823651501,       0.619455296,     0.08876866017
       1905,             19.05,      -8.949943657,      -9.658147034,      -10.25269131,                 0,       1.831670128,      0.6671068431,     0.08891364457
       1906,             19.06,       -8.96105532,      -9.664345392,      -10.26322057,                 0,       1.840042135,      0.7085705702,     0.08903554077
       1907,             19.07,      -8.970942639,      -9.669958593,      -10.27254729,                 0,       1.848469883,      0.7434673876,      0.0891302111
       1908,             19.08,      -8.979587645,      -9.674911186,       -10.2812257,                 0,       1.856661794,      0.7715006894,     0.08919449559
       1909,             19.09,      -8.987146519,      -9.679414215,      -10.28855506,                 0,       1.864340707,       0.792439254,     0.08922625083
       1910,              19.1,      -8.993182047,      -9.683211005,      -10.29245704,                 0,       1.871251225,      0.8061447761,     0.08922444581
       1911,             19.11,      -8.996861341,      -9.685636363,       -10.2914702,                 0,       1.877163722,      0.8125514898,      0.0891891939
       1912,             19.12,      -8.997778888,      -9.686412976,      -10.28660316,                 0,       1.881891692,      0.8116811773,     0.08912170088
       1913,             19.13,      -8.996283123,      -9.685914668,      -10.28081368,                 0,       1.885291731,      0.8036152405,     0.08902423804
       1914,             19.14,      -8.993549594,      -9.685153854,      -10.27639551,                 0,       1.887267441,      0.7885057385,     0.08890011281
       1915,             19.15,      -8.990273376,      -9.684546294,       -10.2725592,                 0,       1.887760133,      0.7665535574,     0.08875358665
       1916,             19.16,      -8.986147397,      -9.683631566,       -10.2667939,                 0,       1.886753591,      0.7380068918,     0.08858984881
       1917,             19.17,      -8.980427496,      -9.681585846,      -10.25840935,                 0,        1.88428187,        0.70316401,      0.0884148048
       1918,             19.18,      -8.973375085,      -9.678432642,      -10.24938006,                 0,       1.880431375,      0.6623543669,     0.08823474882
       1919,             19.19,      -8.965932416,      -9.674873585,      -10.24175957,                 0,       1.875346469,      0.6159406792,     0.08805605897
       1920,              19.2,      -8.958746732,      -9.671447363,      -10.23600201,                 0,        1.86920637,       0.564313959,     0.08788498409
       1921,             19.21,       -8.95154193,      -9.667943321,      -10.23106106,                 0,       1.862206498,      0.5078841585,     0.08772744302
       1922,             19.22,       -8.94425642,      -9.664229674,      -10.22633769,                 0,        1.85456506,        0.44709509,     0.08758880137
       1923,             19.23,      -8.936917191,      -9.660208164,       -10.2216022,                 0,       1.846523288,       0.382415028,     0.08747367372
       1924,             19.24,      -8.929649972,      -9.655905902,      -10.21693528,                 0,       1.838349061,      0.3143438955,     0.08738581991
       1925,             19.25,      -8.922589618,      -9.651402829,      -10.21257527,                 0,       1.830322576,      0.2434118933,     0.08732846672
       1926,             19.26,      -8.915749291,      -9.646735914,      -10.20858127,                 0,       1.822714245,      0.1701760962,     0.08730400563
       1927,             19.27,      -8.909269934,      -9.642073788,      -10.20511234,                 0,       1.815786355,     0.09522588628,      0.0873132215
       1928,             19.28,      -8.903571201,      -9.637873308,      -10.20230604,                 0,       1.809803091,     0.01918692853,      0.0873576937
       1929,             19.29,      -8.898004206,      -9.633434026,      -10.20001528,                 0,       1.804945729,    -0.05728899338,     0.08743598761
       1930,              19.3,      -8.898753601,       -9.63614888,      -10.20116223,                 0,       1.801593459,     -0.1335357447,     0.08754490058
       1931,             19.31,      -8.901751247,      -9.639099346,      -10.20422477,                 0,        1.80004354,     -0.2088512371,     0.08768007861
       1932,             19.32,      -8.900185853,      -9.636193725,      -10.20563635,                 0,       1.799820073,     -0.2824931253,     0.08783620897
       1933,             19.33,      -8.905871221,      -9.640459037,      -10.21056564,                 0,       1.801400488,     -0.3538302909,     0.08800744139
       1934,             19.34,      -8.907188506,      -9.639772507,      -10.21363142,                 0,       1.804306033,     -0.4220725705,     0.08818748591
       1935,             19.35,      -8.908344563,      -9.638923713,      -10.21669038,                 0,       1.808397368,     -0.4865804156,     0.08836984564
       1936,             19.36,      -8.913354545,      -9.642211469,      -10.22205398,                 0,       1.813920651,     -0.5467341245,     0.08854808351
       1937,             19.37,      -8.924154007,       -9.65016353,      -10.23215972,                 0,       1.821048657,     -0.6019614867,     0.08871600783
       1938,             19.38,      -8.930801528,      -9.652001932,      -10.23986193,                 0,       1.828870041,     -0.6516046197,     0.08886774862
       1939,             19.39,      -8.940622985,      -9.656923959,        -10.247841,                 0,       1.837160459,     -0.6952159071,     0.08899803957
       1940,              19.4,      -8.949617293,      -9.661442069,      -10.25457819,                 0,       1.845611763,     -0.7323777154,     0.08910240745
       1941,             19.41,      -8.957423892,      -9.665067542,      -10.25939543,                 0,       1.853927164,     -0.7627717135,     0.08917735396
       1942,             19.42,      -8.963910573,       -9.66780083,      -10.26186294,                 0,       1.861818264,     -0.7861372908,     0.08922038359
       1943,             19.43,      -8.968798517,      -9.669745021,      -10.26249178,                 0,        1.86902327,     -0.8023051967,     0.08923007977
       1944,             19.44,      -8.972139717,      -9.671101995,      -10.26217793,                 0,       1.875302795,     -0.8111869983,     0.08920616802
       1945,             19.45,      -8.974249512,      -9.672109969,      -10.26067286,                 0,       1.880456723,     -0.8127798413,     0.08914949487
       1946,             19.46,      -8.975091831,      -9.672622082,      -10.25617665,                 0,       1.884329506,     -0.8071428052,     0.08906196585
       1947,             19.47,      -8.974253013,      -9.672270936,      -10.24772518,                 0,       1.886806405,     -0.7943993573,     0.08894653354
       1948,             19.48,      -8.971339971,      -9.670719242,       -10.2370334,                 0,       1.887812537,     -0.7747390697,     0.08880715381
       1949,             19.49,      -8.966842644,      -9.668348327,      -10.22745681,                 0,       1.887315508,     -0.7483991125,     0.08864870524
       1950,              19.5,      -8.962030011,      -9.666102163,       -10.2207264,                 0,       1.885335498,     -0.7156648298,     0.08847688503
       1951,             19.51,      -8.957643564,      -9.664385479,      -10.21604928,                 0,        1.88194403,     -0.6768480666,     0.08829789501
       1952,             19.52,      -8.953227045,       -9.66266878,      -10.21134373,                 0,       1.877263902,     -0.6322933641,     0.08811811328
       1953,             19.53,      -8.948068187,      -9.660264847,       -10.2058786,                 0,       1.871464366,     -0.5823897569,     0.08794385706
       1954,             19.54,      -8.942148279,      -9.657098331,      -10.20013162,                 0,       1.864735827,     -0.5275399712,     0.08778118075
       1955,             19.55,      -8.936092643,      -9.653699177,      -10.19498526,                 0,       1.857286427,     -0.4681784585,     0.08763567092
       1956,             19.56,      -8.930217111,      -9.650311769,      -10.19082275,                 0,        1.84935082,     -0.4047653925,     0.08751220301
       1957,             19.57,      -8.924559813,      -9.646985878,      -10.18762972,                 0,        1.84119025,     -0.3377909445,     0.08741483792
       1958,             19.58,      -8.919194344,      -9.643705978,      -10.18536973,                 0,       1.833082904,     -0.2677731791,      0.0873468278
       1959,             19.59,      -8.914200065,      -9.640487933,      -10.18384987,                 0,       1.825304547,     -0.1952573971,     0.08731115395
       1960,              19.6,      -8.909496366,      -9.637225144,      -10.18266468,                 0,       1.818119946,     -0.1208197094,     0.08730906363
       1961,             19.61,      -8.905201431,       -9.63393469,      -10.18169989,                 0,       1.811791631,    -0.04507633673,     0.08734181195
       1962,             19.62,      -8.901200514,      -9.630611848,      -10.18091064,                 0,       1.806535034,      0.0313288622,     0.08740903818
       1963,             19.63,      -8.897349912,      -9.627070635,       -10.1803216,                 0,       1.802514832,       0.107728035,     0.08750807478
       1964,             19.64,      -8.905539261,      -9.636864255,      -10.18642648,                 0,        1.80050745,      0.1834601382,     0.08763497355
       1965,             19.65,      -8.904910109,      -9.634178905,      -10.19030543,                 0,       1.799823186,      0.2577310372,     0.08778469669
       1966,             19.66,      -8.910066801,      -9.636965192,      -10.19740267,                 0,       1.800782374,      0.3299367069,     0.08795153824
       1967,             19.67,      -8.914842475,      -9.639439666,      -10.20494148,                 0,       1.803265235,      0.3993102797,     0.08812934311
       1968,             19.68,      -8.917460487,      -9.639431739,      -10.21189018,                 0,       1.806969681,      0.4651652085,     0.08831166262
       1969,             19.69,      -8.919743742,      -9.639193363,      -10.21863339,                 0,       1.811814634,      0.5268442534,      0.0884920051
       1970,              19.7,       -8.93547081,      -9.652198185,      -10.23360541,                 0,       1.818625706,      0.5838469189,     0.08866409242
       1971,             19.71,      -8.942233654,      -9.654034456,      -10.24472628,                 0,       1.826229673,      0.6354317639,     0.08882190427
       1972,             19.72,      -8.953586801,      -9.660084567,      -10.25632179,                 0,       1.834399096,      0.6811500102,     0.08895995486
       1973,             19.73,      -8.964452459,      -9.666277163,      -10.26642829,                 0,       1.842820728,      0.7205422523,     0.08907346919
       1974,             19.74,      -8.973863767,      -9.671617414,      -10.27546504,                 0,       1.851204338,       0.753266536,     0.08915862453
       1975,             19.75,      -8.982106909,      -9.676363601,      -10.28387633,                 0,       1.859260863,      0.7790439388,     0.08921258483
       1976,             19.76,      -8.989247278,      -9.680704188,      -10.29047523,                 0,       1.866720836,      0.7976709351,     0.08923355647
       1977,             19.77,      -8.994651519,       -9.68416962,      -10.29294598,                 0,       1.873334007,      0.8090350801,     0.08922087821
       1978,             19.78,       -8.99748665,      -9.686085981,      -10.29039788,                 0,       1.878884818,      0.8130983753,     0.08917502857
       1979,             19.79,      -8.997516015,      -9.686330607,      -10.28471194,                 0,       1.883198676,      0.8099038774,     0.08909755291
       1980,              19.8,      -8.995469869,      -9.685626052,      -10.27920326,                 0,       1.886148425,      0.7995532873,     0.08899105275
       1981,             19.81,      -8.992544625,      -9.684919392,      -10.27527699,                 0,       1.887651745,      0.7822197467,     0.08885915839
       1982,             19.82,      -8.989160954,       -9.68436194,      -10.27121227,                 0,       1.887662683,      0.7581163738,     0.08870641757
       1983,             19.83,      -8.984648741,      -9.683212649,      -10.26447552,                 0,       1.886179571,      0.7275096491,     0.08853829335
       1984,             19.84,      -8.978425963,      -9.680761243,      -10.25553526,                 0,       1.883251128,      0.6907095717,     0.08836086365
       1985,             19.85,      -8.971149477,      -9.677387207,      -10.24675755,                 0,       1.878984052,      0.6480532902,     0.08818048378
       1986,             19.86,       -8.96381892,      -9.673881353,      -10.23983922,                 0,       1.873537991,      0.5999170624,     0.08800351475
       1987,             19.87,      -8.956713049,      -9.670500673,      -10.23449828,                 0,       1.867099904,      0.5466960121,     0.08783611929
       1988,             19.88,      -8.949536761,      -9.666992089,      -10.22966496,                 0,       1.859867978,       0.488811249,     0.08768406628
       1989,             19.89,      -8.942239758,      -9.663193766,      -10.22492986,                 0,       1.852069163,      0.4267138083,     0.08755248835
       1990,              19.9,      -8.934946611,      -9.659112079,      -10.22019021,                 0,       1.843953378,      0.3608826129,     0.08744573685
       1991,             19.91,      -8.927754724,      -9.654746721,      -10.21560483,                 0,       1.835795468,      0.2918279077,     0.08736727271
       1992,             19.92,      -8.920805189,      -9.650217829,       -10.2113748,                 0,       1.827872665,      0.2200882644,      0.0873203085
       1993,             19.93,      -8.914091954,      -9.645556969,       -10.2075444,                 0,       1.820455745,      0.1462294947,     0.08730665355
       1994,             19.94,      -8.907784696,      -9.640974521,      -10.20423446,                 0,       1.813803514,     0.07085430447,     0.08732725733
       1995,             19.95,      -8.902249502,      -9.636807245,      -10.20166805,                 0,       1.808163747,   -0.005402659544,     0.08738286792
       1996,             19.96,      -8.896800223,      -9.632379565,        -10.199551,                 0,       1.803704757,    -0.08188177923,     0.08747140341
       1997,             19.97,      -8.900884968,      -9.638454802,      -10.20258493,                 0,       1.801008938,     -0.1579200088,     0.08758928312
       1998,             19.98,      -8.901044367,      -9.637949658,      -10.20460796,                 0,       1.799874449,      -0.232769705,     0.08773180158
       1999,             19.99,      -8.901759684,      -9.637100545,      -10.20707127,                 0,       1.800200807,     -0.3057526563,     0.08789344162
       2000,                20,      -8.906739064,      -9.640761291,      -10.21171579,                 0,       1.802254465,     -0.3761795197,     0.08806820099
       2001,             20.01,      -8.907598594,      -9.639519954,      -10.21461656,                 0,       1.805553316,     -0.4432952238,     0.08824969538
       2002,             20.02,      -8.908488261,      -9.638466726,      -10.21756259,                 0,       1.809993393,     -0.5064587976,     0.08843141381
       2003,             20.03,      -8.918053045,      -9.646276648,      -10.22579307,                 0,       1.816181324,      -0.565117301,     0.08860700258
       2004,             20.04,      -8.925738645,      -9.650207102,      -10.23447851,                 0,       1.823550902,     -0.6185983115,     0.08877032981
       2005,             20.05,      -8.934055659,      -9.653599426,      -10.24249606,                 0,       1.831557251,     -0.6663551126,     0.08891569936
       2006,             20.06,      -8.943649272,      -9.658469084,      -10.25016666,                 0,       1.839931911,     -0.7079316256,     0.08903806901
       2007,             20.07,      -8.952247475,      -9.662688805,      -10.25639592,                 0,       1.848372543,     -0.7429483549,     0.08913327965
       2008,             20.08,       -8.95966822,      -9.666029947,      -10.26047003,                 0,       1.856581784,     -0.7711057255,     0.08919815349
       2009,             20.09,      -8.965636042,      -9.668479751,      -10.26225124,                 0,       1.864279446,     -0.7921683451,     0.08923052846
       2010,              20.1,      -8.969980717,      -9.670192653,      -10.26254344,                 0,       1.871210892,     -0.8059969211,      0.0892293524
       2011,             20.11,      -8.972933002,      -9.671446459,      -10.26193647,                 0,       1.877148109,     -0.8125273637,     0.08919471746
       2012,             20.12,      -8.974697111,      -9.672348075,      -10.25953821,                 0,       1.881904386,     -0.8117823011,     0.08912780966
       2013,             20.13,      -8.974995529,      -9.672568293,      -10.25355536,                 0,       1.885338096,     -0.8038383432,     0.08903088026
       2014,             20.14,      -8.973469791,      -9.671811695,       -10.2440765,                 0,       1.887347611,      -0.788843337,     0.08890721871
       2015,             20.15,      -8.969962155,      -9.669939332,      -10.23361456,                 0,       1.887869912,     -0.7670016623,     0.08876107292
       2016,             20.16,       -8.96533032,      -9.667604451,      -10.22509614,                 0,       1.886888894,      -0.738567246,     0.08859761936
       2017,             20.17,      -8.960714351,      -9.665589962,      -10.21923938,                 0,        1.88444297,     -0.7038351247,     0.08842275574
       2018,             20.18,      -8.956431195,      -9.663966969,      -10.21462898,                 0,       1.880620122,     -0.6631266978,     0.08824277338
       2019,             20.19,      -8.951776786,       -9.66203691,      -10.20956813,                 0,       1.875560137,     -0.6168028317,     0.08806405135
       2020,              20.2,      -8.946352238,      -9.659370459,      -10.20392795,                 0,       1.869439844,     -0.5652571311,     0.08789284428
       2021,             20.21,      -8.940350497,      -9.656092572,       -10.1983237,                 0,        1.86245293,     -0.5089008957,     0.08773508054
       2022,             20.22,      -8.934386016,      -9.652727398,      -10.19353222,                 0,       1.854818153,     -0.4481785935,     0.08759613935
       2023,             20.23,       -8.92861842,      -9.649398127,       -10.1897272,                 0,       1.846779126,     -0.3835593843,     0.08748064977
       2024,             20.24,      -8.923073666,       -9.64610558,      -10.18687683,                 0,       1.838604534,     -0.3155421741,      0.0873923867
       2025,             20.25,      -8.917878112,      -9.642891867,      -10.18492501,                 0,       1.830573314,     -0.2446538598,     0.08733457818
       2026,             20.26,      -8.912997563,      -9.639678052,      -10.18355588,                 0,       1.822957387,     -0.1714492506,     0.08730964378
       2027,             20.27,      -8.908389446,       -9.63639003,       -10.1824376,                 0,       1.816016742,    -0.09651737699,      0.0873183897
       2028,             20.28,        -8.9043257,      -9.633205515,       -10.1815602,                 0,       1.810016903,    -0.02048461728,     0.08736237834
       2029,             20.29,       -8.90028449,      -9.629709064,      -10.18079002,                 0,       1.805140042,     0.05599705872,     0.08744022412
       2030,              20.3,      -8.901199498,      -9.632455062,      -10.18264109,                 0,       1.801754185,      0.1322605814,     0.08754874418
       2031,             20.31,       -8.90556866,      -9.636266787,      -10.18781314,                 0,       1.800181975,      0.2076035063,     0.08768359783
       2032,             20.32,       -8.90542261,       -9.63403424,       -10.1919498,                 0,       1.799940417,      0.2812848017,     0.08783948791
       2033,             20.33,      -8.912406313,      -9.638790135,      -10.20007069,                 0,       1.801488173,       0.352672453,     0.08801056121
       2034,             20.34,      -8.915421365,      -9.639146037,       -10.2070244,                 0,       1.804372669,      0.4209797361,     0.08819053896
       2035,             20.35,      -8.918253431,      -9.639430453,      -10.21404885,                 0,       1.808446602,      0.4855641815,     0.08837292683
       2036,             20.36,      -8.925171104,      -9.643531143,      -10.22354775,                 0,       1.813930598,      0.5458004456,      0.0885512765
       2037,             20.37,      -8.937922043,      -9.653073366,      -10.23740468,                 0,       1.821044879,      0.6011219366,     0.08871937971
       2038,             20.38,      -8.945911961,      -9.655960594,      -10.24867698,                 0,       1.828860774,      0.6508693282,     0.08887136889
       2039,             20.39,      -8.957223415,      -9.662150452,      -10.25991763,                 0,       1.837144146,      0.6945933136,      0.0890019706
       2040,              20.4,      -8.967641525,      -9.668093981,      -10.26974609,                 0,        1.84558569,       0.731871245,     0.08910669981
       2041,             20.41,      -8.976694239,      -9.673260087,      -10.27860453,                 0,       1.853895086,      0.7623840425,      0.0891820434
       2042,             20.42,      -8.984596583,      -9.677859339,      -10.28638675,                 0,       1.861787345,      0.7858726426,     0.08922548969
       2043,             20.43,      -8.991195831,      -9.681912609,      -10.29161054,                 0,       1.869000583,      0.8021668023,       0.089235605
       2044,             20.44,      -8.995750197,      -9.684859357,      -10.29248581,                 0,       1.875292293,      0.8111750461,     0.08921209677
       2045,             20.45,       -8.99770664,      -9.686268751,      -10.28899788,                 0,       1.880461899,      0.8128896038,     0.08915579436
       2046,             20.46,      -8.997100265,       -9.68622904,      -10.28330517,                 0,       1.884348868,      0.8073709523,     0.08906858759
       2047,             20.47,      -8.994755743,      -9.685516926,      -10.27812944,                 0,       1.886838771,      0.7947450307,     0.08895341563
       2048,             20.48,      -8.991620871,      -9.684817767,      -10.27399461,                 0,         1.8878613,      0.7751998587,     0.08881422307
       2049,             20.49,      -8.987848461,      -9.684048442,      -10.26903221,                 0,       1.887385119,      0.7489644073,     0.08865587492
       2050,              20.5,      -8.982796377,      -9.682498987,      -10.26156694,                 0,          1.885428,       0.716322134,     0.08848405594
       2051,             20.51,      -8.976236295,      -9.679772988,      -10.25271008,                 0,       1.882055321,      0.6775919421,     0.08830496084
       2052,             20.52,      -8.968939508,      -9.676369008,      -10.24453208,                 0,       1.877390017,      0.6331216427,     0.08812496769
       2053,             20.53,      -8.961725363,      -9.672945894,      -10.23818725,                 0,       1.871600966,      0.5832976072,     0.08795039827
       2054,             20.54,       -8.95460006,      -9.669529003,      -10.23302464,                 0,       1.864881207,      0.5285201319,     0.08778731389
       2055,             20.55,      -8.947397214,        -9.6659448,      -10.22820269,                 0,       1.857438511,      0.4692221273,     0.08764131167
       2056,             20.56,      -8.940109229,      -9.662050356,      -10.22346012,                 0,       1.849507544,      0.4058621827,     0.08751727898
       2057,             20.57,      -8.932855576,      -9.657887529,       -10.2187394,                 0,        1.84134703,      0.3389294181,     0.08741929177
       2058,             20.58,      -8.925753264,      -9.653478131,      -10.21427052,                 0,       1.833235651,      0.2689440354,     0.08735060424
       2059,             20.59,      -8.918882931,      -9.648905162,      -10.21016331,                 0,       1.825446335,      0.1964534186,     0.08731422721
       2060,              20.6,      -8.912310385,       -9.64426941,      -10.20652309,                 0,       1.818247362,      0.1220336188,     0.08731143127
       2061,             20.61,       -8.90628494,      -9.639867252,      -10.20345904,                 0,       1.811899964,     0.04629941583,     0.08734345751
       2062,             20.62,      -8.900722409,      -9.635559132,      -10.20101797,                 0,       1.806621403,    -0.03010630738,     0.08740999987
       2063,             20.63,      -8.895454416,      -9.631213046,      -10.19908523,                 0,       1.802577189,     -0.1065167585,     0.08750841978
       2064,             20.64,      -8.902261189,      -9.640001582,      -10.20371135,                 0,       1.800537919,     -0.1822732006,      0.0876347971
       2065,             20.65,      -8.900204883,      -9.636665469,      -10.20491558,                 0,       1.799826096,      -0.256580102,      0.0877841021
       2066,             20.66,      -8.903784088,      -9.638700135,        -10.208752,                 0,       1.800754842,     -0.3288298127,     0.08795064166
       2067,             20.67,      -8.907056182,      -9.640375886,      -10.21261591,                 0,       1.803220817,      -0.398259474,     0.08812826523
       2068,             20.68,      -8.908094615,      -9.639364429,       -10.2156168,                 0,       1.806905672,     -0.4641778609,     0.08831052167
       2069,             20.69,      -8.908843407,      -9.637991748,      -10.21851019,                 0,       1.811727568,     -0.5259296962,     0.08849091557
       2070,              20.7,      -8.921948426,       -9.64949953,      -10.22925249,                 0,       1.818521039,      -0.583018954,     0.08866318695
       2071,             20.71,      -8.927352503,      -9.650296218,       -10.2367055,                 0,       1.826109855,     -0.6346941109,     0.08882129358
       2072,             20.72,      -8.937141695,      -9.655075836,      -10.24494709,                 0,       1.834271592,     -0.6805072958,     0.08895973382
       2073,             20.73,      -8.946511467,      -9.659891935,      -10.25228264,                 0,       1.842700587,     -0.7200011927,     0.08907371367
       2074,             20.74,        -8.9547043,      -9.663814093,      -10.25797366,                 0,       1.851099177,     -0.7528337395,     0.08915939227
       2075,             20.75,      -8.961729085,      -9.666876769,      -10.26125197,                 0,       1.859172954,     -0.7787222123,     0.08921391767
       2076,             20.76,      -8.967179063,      -9.669062216,      -10.26227594,                 0,       1.866650526,     -0.7974592732,     0.08923547806
       2077,             20.77,      -8.970972189,      -9.670543986,      -10.26219626,                 0,       1.873283513,     -0.8089325701,     0.08922339231
       2078,             20.78,      -8.973503366,      -9.671674776,      -10.26135089,                 0,       1.878857129,     -0.8131069139,     0.08917811978
       2079,             20.79,        -8.9749186,      -9.672461033,      -10.25816715,                 0,       1.883198717,     -0.8100242382,     0.08910118757
       2080,              20.8,      -8.974774828,       -9.67248705,      -10.25090854,                 0,       1.886180712,     -0.7997808536,     0.08899517929
       2081,             20.81,      -8.972570275,      -9.671327314,      -10.24052611,                 0,       1.887714628,     -0.7825475894,     0.08886370908
       2082,             20.82,       -8.96849689,      -9.669140689,      -10.23032776,                 0,       1.887751267,     -0.7585437284,     0.08871130969
       2083,             20.83,       -8.96374878,      -9.666839842,      -10.22278226,                 0,       1.886290207,     -0.7280392874,     0.08854343541
       2084,             20.84,      -8.959326201,      -9.665044407,      -10.21772021,                 0,       1.883385822,     -0.6913378387,     0.08836615978
       2085,             20.85,      -8.955090457,      -9.663469031,      -10.21315455,                 0,       1.879143339,     -0.6487698386,     0.08818583703
       2086,             20.86,      -8.950228916,      -9.661339949,      -10.20784304,                 0,       1.873719232,     -0.6007122716,     0.08800882991
       2087,             20.87,      -8.944543759,      -9.658412647,      -10.20208589,                 0,       1.867297466,     -0.5475626583,     0.08784130724
       2088,             20.88,      -8.938523437,      -9.655080158,      -10.19668924,                 0,       1.860075988,     -0.4897427717,     0.08768904713
       2089,             20.89,      -8.932626849,      -9.651724785,       -10.1922142,                 0,       1.852281761,     -0.4277046533,     0.08755719531
       2090,              20.9,      -8.926949569,      -9.648431911,      -10.18873168,                 0,       1.844167631,     -0.3619281405,     0.08745011645
       2091,             20.91,      -8.921499175,      -9.645154556,      -10.18618225,                 0,       1.836007901,     -0.2929212145,     0.08737128578
       2092,             20.92,      -8.916442775,      -9.641975734,      -10.18448786,                 0,         1.8280808,     -0.2212190139,     0.08732391576
       2093,             20.93,       -8.91167647,      -9.638766379,      -10.18324176,                 0,       1.820655386,     -0.1473859577,     0.08730984259
       2094,             20.94,      -8.907153285,      -9.635370505,      -10.18217104,                 0,       1.813990292,    -0.07202491257,     0.08733000114
       2095,             20.95,       -8.90324578,      -9.632281307,       -10.1813916,                 0,         1.8083358,    0.004229045305,     0.08738518687
       2096,             20.96,       -8.89926866,      -9.628725224,      -10.18069448,                 0,       1.803858543,     0.08071549013,     0.08747334203
       2097,             20.97,      -8.903631473,      -9.634945886,      -10.18463036,                 0,       1.801131379,      0.1567702604,     0.08759089314
       2098,             20.98,      -8.905301357,      -9.635319968,      -10.18904912,                 0,       1.799979711,       0.231647364,     0.08773314966
       2099,             20.99,      -8.907281763,      -9.634899385,      -10.19433302,                 0,       1.800280089,      0.3046678411,     0.08789460294
       2100,                21,       -8.91384568,      -9.639466592,      -10.20248425,                 0,       1.802311436,      0.3751442813,      0.0880692518
       2101,             21.01,      -8.916320786,      -9.639195313,      -10.20929818,                 0,       1.805592682,      0.4423211703,     0.08825072137
       2102,             21.02,      -8.918888068,      -9.639351499,       -10.2161591,                 0,       1.810017652,      0.5055569355,     0.08843250187
       2103,             21.03,      -8.930486993,      -9.648069936,      -10.22845395,                 0,       1.816168475,      0.5642903911,     0.08860821798
       2104,             21.04,      -8.939920339,      -9.653446029,       -10.2409151,                 0,        1.82352961,      0.6178599627,     0.08877173554
       2105,             21.05,      -8.949604438,       -9.65792705,      -10.25244554,                 0,       1.831531589,      0.6657140274,     0.08891735746
       2106,             21.06,      -8.960710005,       -9.66413198,      -10.26322715,                 0,       1.839897607,      0.7073941166,     0.08904003523
       2107,             21.07,      -8.970664504,      -9.669807224,      -10.27273475,                 0,       1.848328862,      0.7425167249,      0.0891355978
       2108,             21.08,       -8.97934935,      -9.674782622,      -10.28137321,                 0,       1.856533698,       0.770782974,     0.08920085279
       2109,             21.09,      -8.986890644,      -9.679244653,      -10.28852995,                 0,       1.864234048,      0.7919588139,      0.0892336225
       2110,              21.1,      -8.992904655,      -9.682998081,       -10.2924057,                 0,        1.87117399,      0.8059032729,     0.08923283877
       2111,             21.11,      -8.996646883,      -9.685458166,      -10.29170498,                 0,       1.877122794,      0.8125480367,       0.089198577
       2112,             21.12,      -8.997731062,      -9.686356184,      -10.28724169,                 0,       1.881892574,      0.8119129052,     0.08913200802
       2113,             21.13,       -8.99644485,      -9.686001694,      -10.28159366,                 0,       1.885337584,      0.8040769447,     0.08903536978
       2114,             21.14,      -8.993831975,      -9.685299496,       -10.2769121,                 0,       1.887359184,      0.7891897034,     0.08891193972
       2115,             21.15,       -8.99055402,      -9.684647524,      -10.27268459,                 0,       1.887897738,      0.7674512513,     0.08876595501
       2116,             21.16,      -8.986422558,       -9.68368983,      -10.26680985,                 0,       1.886937054,      0.7391084976,     0.08860257827
       2117,             21.17,       -8.98081372,      -9.681713333,      -10.25863763,                 0,       1.884510873,      0.7044583179,     0.08842769616
       2118,             21.18,      -8.973943555,      -9.678709595,      -10.24986848,                 0,       1.880703404,      0.6638290736,     0.08824759522
       2119,             21.19,      -8.966645056,      -9.675282468,      -10.24233182,                 0,       1.875655236,      0.6175820814,     0.08806865581
       2120,              21.2,      -8.959531427,      -9.671923998,      -10.23651412,                 0,       1.869543601,      0.5661082243,     0.08789713728
       2121,             21.21,      -8.952380022,      -9.668463268,       -10.2314909,                 0,       1.862564057,      0.5098167119,     0.08773897508
       2122,             21.22,      -8.945153892,      -9.664794086,      -10.22671406,                 0,        1.85493576,      0.4491506076,     0.08759955859
       2123,             21.23,         -8.937876,      -9.660819834,      -10.22196311,                 0,       1.846900153,      0.3845773892,     0.08748352894
       2124,             21.24,       -8.93066653,      -9.656570275,      -10.21729929,                 0,       1.838724241,      0.3165961275,     0.08739467586
       2125,             21.25,      -8.923654724,      -9.652117869,       -10.2129507,                 0,        1.83068758,      0.2457361784,     0.08733622898
       2126,             21.26,      -8.916857893,      -9.647499657,      -10.20896989,                 0,        1.82306023,      0.1725537953,     0.08731063645
       2127,             21.27,      -8.910409314,      -9.642874333,       -10.2055057,                 0,       1.816105098,     0.09763725517,      0.0873187269
       2128,             21.28,      -8.904660237,      -9.638646621,      -10.20267826,                 0,       1.810086334,     0.02161153898,     0.08736205084
       2129,             21.29,      -8.899104136,      -9.634227523,      -10.20037805,                 0,       1.805188755,    -0.05487230113,     0.08743927272
       2130,              21.3,      -8.898961118,      -9.636260302,      -10.20117624,                 0,       1.801770418,     -0.1311478642,     0.08754723839
       2131,             21.31,      -8.901856548,      -9.639251049,      -10.20421399,                 0,       1.800179157,      -0.206517428,     0.08768163152
       2132,             21.32,      -8.900227313,      -9.636263313,      -10.20554781,                 0,       1.799911509,     -0.2802316213,     0.08783716092
       2133,             21.33,      -8.905641501,      -9.640248917,      -10.21034155,                 0,       1.801433964,     -0.3516626021,     0.08800798738
       2134,             21.34,      -8.907150948,      -9.639792884,      -10.21350369,                 0,       1.804301533,     -0.4200224826,     0.08818783052
       2135,             21.35,      -8.908417319,      -9.639028549,      -10.21660571,                 0,       1.808358112,     -0.4846670695,     0.08837019416
       2136,             21.36,      -8.912866877,      -9.641785567,      -10.22166592,                 0,       1.813816433,     -0.5449726655,     0.08854863378
       2137,             21.37,      -8.923992945,      -9.650110736,      -10.23185316,                 0,       1.820920249,      -0.600375551,      0.0887169497
       2138,             21.38,      -8.930473318,      -9.651793108,      -10.23948087,                 0,        1.82872276,      -0.650206407,      0.0888692534
       2139,             21.39,      -8.940275079,      -9.656700098,      -10.24750069,                 0,       1.837003977,      -0.694019301,     0.08900025553
       2140,              21.4,      -8.949292363,      -9.661245107,      -10.25433662,                 0,       1.845455346,      -0.731392617,     0.08910545196
       2141,             21.41,      -8.957115835,      -9.664892408,      -10.25930618,                 0,       1.853780029,      -0.762005929,     0.08918131343
       2142,             21.42,      -8.963642009,      -9.667654484,       -10.2619249,                 0,        1.86168892,     -0.7855965308,     0.08922531317
       2143,             21.43,      -8.968594787,      -9.669630876,      -10.26259015,                 0,        1.86891952,     -0.8019919223,     0.08923599961
       2144,             21.44,      -8.971990629,      -9.670999904,      -10.26214351,                 0,       1.875231603,     -0.8111014892,     0.08921306213
       2145,             21.45,      -8.974122453,      -9.671989734,       -10.2604441,                 0,       1.880423633,     -0.8129195617,     0.08915731342
       2146,             21.46,      -8.974973035,      -9.672480572,      -10.25591515,                 0,       1.884338076,     -0.8075038518,     0.08907062512
       2147,             21.47,      -8.974185914,      -9.672156869,      -10.24769006,                 0,       1.886858402,      -0.794975725,     0.08895591868
       2148,             21.48,      -8.971410387,      -9.670707309,      -10.23730986,                 0,       1.887908883,     -0.7755232095,     0.08881712406
       2149,             21.49,      -8.967081292,      -9.668457665,      -10.22786808,                 0,       1.887456529,     -0.7493815929,     0.08865909338
       2150,              21.5,      -8.962368614,      -9.666273785,      -10.22103612,                 0,       1.885520414,     -0.7168350429,     0.08848750435
       2151,             21.51,       -8.95799086,       -9.66454738,      -10.21616722,                 0,        1.88217057,     -0.6781950574,     0.08830854853
       2152,             21.52,      -8.953572568,      -9.662818657,      -10.21135027,                 0,       1.877527361,     -0.6338049987,     0.08812860382
       2153,             21.53,      -8.948463214,      -9.660453519,      -10.20589922,                 0,       1.871757901,     -0.5840531341,     0.08795399452
       2154,             21.54,      -8.942630041,      -9.657363443,      -10.20023195,                 0,       1.865052023,     -0.5293417162,     0.08779078831
       2155,             21.55,      -8.936654077,      -9.654038026,      -10.19515948,                 0,        1.85761801,     -0.4701040379,     0.08764459223
       2156,             21.56,      -8.930846837,      -9.650712363,      -10.19105242,                 0,       1.849690922,     -0.4067995208,     0.08752030544
       2157,             21.57,      -8.925251899,      -9.647442267,      -10.18789142,                 0,       1.841531531,     -0.3399176447,     0.08742201617
       2158,             21.58,      -8.919930505,      -9.644202194,      -10.18563542,                 0,       1.833417167,     -0.2699756357,     0.08735297985
       2159,             21.59,      -8.914970942,      -9.641016592,      -10.18410788,                 0,        1.82562345,     -0.1975182529,     0.08731623061
       2160,              21.6,      -8.910292772,      -9.637781268,       -10.1829161,                 0,       1.818415475,     -0.1231205988,     0.08731305738
       2161,             21.61,      -8.905991665,      -9.634487579,      -10.18194509,                 0,       1.812055408,    -0.04739791602,     0.08734468554
       2162,             21.62,      -8.902009433,      -9.631192045,       -10.1811675,                 0,        1.80676228,     0.02900651886,      0.0874108524
       2163,             21.63,      -8.898176406,      -9.627667902,      -10.18058764,                 0,       1.802700892,      0.1054255016,     0.08750894148
       2164,             21.64,       -8.90541587,       -9.63674151,      -10.18635081,                 0,        1.80063124,      0.1811980523,     0.08763503525
       2165,             21.65,      -8.904921095,      -9.634260316,      -10.19021096,                 0,       1.799906374,      0.2555328906,      0.0877841237
       2166,             21.66,      -8.909781748,      -9.636739735,      -10.19710845,                 0,       1.800808994,      0.3278196097,     0.08795051547
       2167,             21.67,      -8.914693462,      -9.639378531,      -10.20468833,                 0,       1.803253836,       0.397298468,      0.0881280664
       2168,             21.68,      -8.917361816,      -9.639403569,      -10.21165356,                 0,       1.806923178,      0.4632767646,     0.08831033168
       2169,             21.69,      -8.919697653,      -9.639224203,      -10.21839835,                 0,       1.811722809,      0.5250969143,     0.08849081474
       2170,              21.7,       -8.93508078,      -9.651891847,      -10.23317262,                 0,       1.818489772,      0.5822582768,     0.08866322821
       2171,             21.71,      -8.941945975,      -9.653872052,      -10.24435001,                 0,       1.826074078,      0.6340190612,     0.08882153806
       2172,             21.72,       -8.95317826,      -9.659823516,      -10.25602605,                 0,       1.834231476,      0.6799258552,     0.08896023857
       2173,             21.73,       -8.96406727,      -9.666038361,       -10.2662983,                 0,       1.842650279,      0.7195179624,      0.0890745289
       2174,             21.74,        -8.9735403,      -9.671427542,      -10.27542986,                 0,       1.851039841,      0.7524502922,     0.08916055653
       2175,             21.75,      -8.981826079,      -9.676193701,      -10.28379624,                 0,       1.859110658,      0.7784421578,     0.08921545491
       2176,             21.76,       -8.98897569,      -9.680517813,      -10.29031417,                 0,       1.866592473,      0.7972870206,      0.0892373973
       2177,             21.77,      -8.994401476,      -9.683980067,      -10.29286684,                 0,       1.873234595,      0.8088701931,     0.08922568711
       2178,             21.78,       -8.99732518,       -9.68595352,      -10.29060268,                 0,       1.878820227,      0.8131513457,     0.08918076775
       2179,             21.79,      -8.997512103,      -9.686310047,      -10.28519161,                 0,       1.883173473,      0.8101716108,      0.0891041526
       2180,              21.8,       -8.99561029,      -9.685696429,      -10.27969996,                 0,       1.886165106,      0.8000306153,     0.08899841364
       2181,             21.81,      -8.992747312,      -9.685007936,      -10.27554345,                 0,       1.887711149,      0.7828997769,     0.08886715377
       2182,             21.82,      -8.989352869,       -9.68440998,      -10.27125291,                 0,       1.887764711,      0.7589911202,     0.08871489212
       2183,             21.83,      -8.984861432,      -9.683253207,      -10.26452218,                 0,       1.886323876,      0.7285698566,     0.08854707081
       2184,             21.84,      -8.978735877,      -9.680870734,      -10.25575711,                 0,       1.883436717,      0.6919448733,     0.08836975538
       2185,             21.85,      -8.971579582,      -9.677600074,      -10.24712291,                 0,       1.879207348,      0.6494522792,     0.08818929797
       2186,             21.86,      -8.964324802,      -9.674167858,      -10.24021915,                 0,       1.873793035,      0.6014673667,     0.08801206371
       2187,             21.87,      -8.957259284,      -9.670827038,      -10.23482942,                 0,        1.86737942,      0.5483850327,     0.08784422588
       2188,             21.88,      -8.950111243,      -9.667342847,       -10.2299486,                 0,       1.860164848,      0.4906253336,     0.08769156956
       2189,             21.89,      -8.942850358,      -9.663575162,      -10.22519191,                 0,       1.852376608,      0.4286388663,     0.08755925073
       2190,              21.9,      -8.935591947,      -9.659524907,      -10.22044968,                 0,        1.84426463,       0.362903693,     0.08745164637
       2191,             21.91,      -8.928429539,      -9.655192567,      -10.21586659,                 0,       1.836102829,      0.2939292257,     0.08737224603
       2192,             21.92,      -8.921503382,      -9.650693729,      -10.21164136,                 0,       1.828168256,      0.2222531465,     0.08732426355
       2193,             21.93,      -8.914804794,      -9.646056032,      -10.20781154,                 0,       1.820731344,      0.1484405762,     0.08730956316
       2194,             21.94,      -8.908479176,      -9.641467851,      -10.20449016,                 0,       1.814051009,     0.07309313296,     0.08732906828
       2195,             21.95,      -8.902938513,      -9.637310026,      -10.20191471,                 0,       1.808377889,    -0.00315526925,     0.08738362541
       2196,             21.96,      -8.897481325,      -9.632880162,      -10.19978633,                 0,       1.803880585,    -0.07964533839,      0.0874712043
       2197,             21.97,      -8.900875354,      -9.638417781,      -10.20255093,                 0,        1.80112403,     -0.1557141812,     0.08758825547
       2198,             21.98,      -8.901113738,      -9.638064279,      -10.20457881,                 0,       1.799950925,     -0.2306176324,     0.08773010308
       2199,             21.99,      -8.901564559,      -9.636935722,      -10.20688413,                 0,       1.800221959,     -0.3036707672,     0.08789124616
       2200,                22,       -8.90664799,      -9.640731861,       -10.2115792,                 0,       1.802237965,     -0.3741914742,     0.08806569567
       2201,             22.01,      -8.907520544,      -9.639496163,      -10.21449158,                 0,       1.805501495,     -0.4414188136,     0.08824707308
       2202,             22.02,      -8.908559255,      -9.638565799,       -10.2174902,                 0,       1.809911144,     -0.5047137568,     0.08842886635
       2203,             22.03,      -8.917580667,       -9.64585913,      -10.22541124,                 0,       1.816039269,     -0.5635163978,     0.08860471197
       2204,             22.04,      -8.925568217,      -9.650159533,      -10.23420034,                 0,        1.82338861,     -0.6171635278,     0.08876847056
       2205,             22.05,      -8.933713333,      -9.653396194,      -10.24216911,                 0,       1.831379806,     -0.6650977587,     0.08891442804
       2206,             22.06,      -8.943314502,      -9.658264719,      -10.24987535,                 0,       1.839748512,     -0.7068640616,     0.08903752006
       2207,             22.07,      -8.951941629,      -9.662510532,      -10.25617928,                 0,       1.848191808,      -0.742079274,     0.08913355758
       2208,             22.08,      -8.959387663,      -9.665876011,      -10.26037882,                 0,       1.856412206,     -0.7704420853,     0.08919933331
       2209,             22.09,      -8.965404493,      -9.668355773,      -10.26228018,                 0,        1.86412866,     -0.7917148347,       0.089232654
       2210,              22.1,      -8.969817075,      -9.670102624,      -10.26258381,                 0,       1.871086071,     -0.8057557555,     0.08923243388
       2211,             22.11,      -8.972817331,      -9.671366348,       -10.2618726,                 0,       1.877055404,     -0.8124980927,     0.08919873114
       2212,             22.12,      -8.974594685,      -9.672253025,      -10.25939408,                 0,       1.881848406,     -0.8119626396,     0.08913270047
       2213,             22.13,      -8.974913567,      -9.672473031,      -10.25351189,                 0,       1.885321786,     -0.8042243769,     0.08903656246
       2214,             22.14,      -8.973463868,      -9.671768759,      -10.24427681,                 0,       1.887372547,     -0.7894291775,     0.08891357792
       2215,             22.15,      -8.970082067,      -9.669988047,      -10.23398739,                 0,       1.887936897,     -0.7677799896,     0.08876797086
       2216,             22.16,      -8.965548818,      -9.667717838,       -10.2254513,                 0,       1.886997974,     -0.7395291269,     0.08860489239
       2217,             22.17,      -8.960956085,      -9.665708103,      -10.21944738,                 0,       1.884592933,     -0.7049708794,     0.08843022291
       2218,             22.18,      -8.956658124,      -9.664063852,      -10.21471641,                 0,       1.880808036,     -0.6644262095,     0.08825024673
       2219,             22.19,      -8.952017699,      -9.662142824,      -10.20962864,                 0,       1.875780694,     -0.6182545583,      0.0880713443
       2220,              22.2,      -8.946639238,      -9.659516307,      -10.20402603,                 0,        1.86968664,     -0.5668490993,     0.08789977853
       2221,             22.21,      -8.940693259,      -9.656290635,      -10.19847208,                 0,       1.862719448,     -0.5106203607,     0.08774149176
       2222,             22.22,      -8.934771274,      -9.652967574,      -10.19371655,                 0,       1.855097971,     -0.4500120638,     0.08760188397
       2223,             22.23,      -8.929040187,      -9.649672928,      -10.18993441,                 0,       1.847065454,     -0.3854924168,     0.08748560796
       2224,             22.24,      -8.923525439,      -9.646409973,       -10.1870874,                 0,       1.838889874,     -0.3175596058,      0.0873964656
       2225,             22.25,      -8.918345582,      -9.643213888,      -10.18511996,                 0,       1.830849776,     -0.2467399575,     0.08733768724
       2226,             22.26,      -8.913475887,      -9.640015101,      -10.18373519,                 0,       1.823217213,     -0.1735875757,     0.08731174424
       2227,             22.27,      -8.908877876,      -9.636743848,      -10.18260736,                 0,       1.816252616,    -0.09869034306,     0.08731948295
       2228,             22.28,      -8.904792428,      -9.633545457,      -10.18171884,                 0,       1.810221445,    -0.02267390946,     0.08736243891
       2229,             22.29,      -8.900764691,      -9.630070952,      -10.18095126,                 0,       1.805308986,     0.05381051701,     0.08743931777
       2230,              22.3,      -8.901107355,      -9.632329916,      -10.18254341,                 0,       1.801863945,      0.1300956144,     0.08754698205
       2231,             22.31,      -8.905577718,      -9.636345524,       -10.1877312,                 0,       1.800254405,      0.2054829369,     0.08768112567
       2232,             22.32,      -8.905363325,      -9.634037664,      -10.19180151,                 0,       1.799973209,      0.2792256245,     0.08783647243
       2233,             22.33,      -8.912147887,      -9.638578993,      -10.19979788,                 0,       1.801468799,      0.3506945183,     0.08800718043
       2234,             22.34,      -8.915324491,      -9.639129981,      -10.20680201,                 0,         1.8043184,      0.4191046246,     0.08818698022
       2235,             22.35,      -8.918193488,      -9.639436163,      -10.21384166,                 0,       1.808360572,      0.4838094515,     0.08836937921
       2236,             22.36,      -8.924657269,      -9.643094196,      -10.22309402,                 0,       1.813785802,      0.5441802238,     0.08854792394
       2237,             22.37,      -8.937686746,       -9.65297691,       -10.2370532,                 0,       1.820877514,       0.599657702,     0.08871639837
       2238,             22.38,      -8.945525963,      -9.655725019,      -10.24830609,                 0,       1.828675981,      0.6495729222,     0.08886891922
       2239,             22.39,      -8.956839991,      -9.661911292,      -10.25962842,                 0,       1.836951012,      0.6934778593,     0.08900019254
       2240,              22.4,      -8.967302003,      -9.667887565,      -10.26953269,                 0,       1.845392381,      0.7309463383,     0.08910570538
       2241,             22.41,       -8.97639391,      -9.673078155,      -10.27841679,                 0,       1.853709857,      0.7616573068,     0.08918191626
       2242,             22.42,      -8.984323546,        -9.6776859,      -10.28620364,                 0,        1.86161797,      0.7853497188,     0.08922628443
       2243,             22.43,      -8.990957835,      -9.681750384,      -10.29148544,                 0,       1.868854177,      0.8018504292,     0.08923734386
       2244,             22.44,      -8.995578037,      -9.684734225,      -10.29250076,                 0,       1.875175119,      0.8110662035,     0.08921476907
       2245,             22.45,      -8.997629838,      -9.686203837,      -10.28918151,                 0,       1.880379034,      0.8129867272,     0.08915935859
       2246,             22.46,       -8.99712245,       -9.68622373,      -10.28357467,                 0,       1.884304086,      0.8076709519,      0.0890729708
       2247,             22.47,       -8.99485056,      -9.685546241,      -10.27835585,                 0,       1.886834228,      0.7952426151,     0.08895851502
       2248,             22.48,      -8.991748469,        -9.6848503,      -10.27412337,                 0,       1.887898116,      0.7758885877,     0.08881991018
       2249,             22.49,      -8.987996751,      -9.684078395,      -10.26913019,                 0,       1.887463402,      0.7498365794,     0.08866199556
       2250,              22.5,      -8.982992793,      -9.682556736,       -10.2617252,                 0,       1.885546678,       0.717368779,     0.08849043761
       2251,             22.51,      -8.976501028,      -9.679883918,       -10.2529491,                 0,       1.882212015,      0.6788032224,     0.08831142155
       2252,             22.52,      -8.969259948,      -9.676529307,      -10.24479799,                 0,       1.877580611,      0.6344865794,     0.08813132469
       2253,             22.53,      -8.962074805,      -9.673134924,      -10.23842715,                 0,       1.871819874,      0.5848046334,     0.08795647414
       2254,             22.54,      -8.954973362,      -9.669741381,      -10.23323723,                 0,       1.865122234,      0.5301573143,     0.08779294221
       2255,             22.55,      -8.947790794,       -9.66617806,      -10.22839644,                 0,       1.857695113,      0.4709764749,     0.08764634414
       2256,             22.56,      -8.940521146,      -9.662302618,      -10.22364935,                 0,       1.849773067,      0.4077200579,     0.08752158875
       2257,             22.57,      -8.933284857,      -9.658162264,      -10.21892931,                 0,        1.84161426,      0.3408765395,     0.08742277694
       2258,             22.58,      -8.926191918,       -9.65377023,      -10.21445746,                 0,       1.833496811,      0.2709651334,     0.08735316562
       2259,             22.59,      -8.919331396,      -9.649215244,      -10.21035092,                 0,       1.825693885,      0.1985325626,     0.08731581463
       2260,              22.6,      -8.912760413,      -9.644589866,      -10.20670393,                 0,         1.8184741,      0.1241539275,     0.08731203325
       2261,             22.61,      -8.906709783,      -9.640173703,      -10.20362483,                 0,        1.81209821,     0.04844309254,     0.08734303457
       2262,             22.62,      -8.901147359,      -9.635876823,      -10.20117585,                 0,       1.806786599,    -0.02795761443,     0.08740860419
       2263,             22.63,      -8.895868731,      -9.631526906,      -10.19923177,                 0,       1.802704954,     -0.1043820756,     0.08750615169
       2264,             22.64,      -8.902181829,      -9.639907161,       -10.2036463,                 0,       1.800608191,     -0.1801712479,     0.08763178597
       2265,             22.65,      -8.900274649,      -9.636775627,       -10.2048867,                 0,       1.799859254,     -0.2545331669,     0.08778050455
       2266,             22.66,       -8.90359399,      -9.638544295,      -10.20858481,                 0,       1.800735558,     -0.3268540142,     0.08794662819
       2267,             22.67,      -8.907002512,      -9.640382302,      -10.21251334,                 0,       1.803166205,     -0.3963775219,     0.08812401794
       2268,             22.68,      -8.908052337,      -9.639374337,      -10.21551846,                 0,       1.806818339,     -0.4624067413,     0.08830622701
       2269,             22.69,      -8.908789185,      -9.638009536,      -10.21839708,                 0,       1.811597912,     -0.5242860935,     0.08848675603
       2270,              22.7,      -8.921654593,      -9.649287153,      -10.22896095,                 0,       1.818350267,     -0.5815193988,     0.08865933743
       2271,             22.71,      -8.927137231,      -9.650206443,      -10.23644876,                 0,       1.825920676,     -0.6333554539,     0.08881791746
       2272,             22.72,      -8.936838329,      -9.654905081,      -10.24467772,                 0,       1.834070662,     -0.6793416484,     0.08895697636
       2273,             22.73,      -8.946225065,      -9.659730376,      -10.25204434,                 0,       1.842496562,     -0.7190193854,     0.08907169657
       2274,             22.74,      -8.954445669,      -9.663675544,      -10.25780134,                 0,       1.850900327,     -0.7520437786,     0.08915820955
       2275,             22.75,      -8.961500158,      -9.666761027,      -10.26118468,                 0,       1.858987113,      -0.778130711,     0.08921363462
       2276,             22.76,      -8.967001365,      -9.668975706,      -10.26229958,                 0,       1.866484873,     -0.7970701591,     0.08923612886
       2277,             22.77,      -8.970855222,      -9.670485149,      -10.26223073,                 0,       1.873144693,      -0.808747522,     0.08922497815
       2278,             22.78,      -8.973424335,      -9.671622811,      -10.26133389,                 0,        1.87875063,     -0.8131251367,      0.0891806093
       2279,             22.79,      -8.974859091,      -9.672405869,      -10.25815421,                 0,       1.883128616,     -0.8102432921,      0.0891045196
       2280,              22.8,      -8.974746769,      -9.672443215,      -10.25101719,                 0,       1.886149622,     -0.8001966795,     0.08899926436
       2281,             22.81,      -8.972617892,       -9.67133486,      -10.24079488,                 0,       1.887724101,     -0.7831544556,     0.08886843057
       2282,             22.82,      -8.968629777,       -9.66920682,      -10.23065867,                 0,       1.887801757,     -0.7593343094,     0.08871652265
       2283,             22.83,       -8.96393084,      -9.666934301,      -10.22305615,                 0,       1.886381149,     -0.7290049834,     0.08854897446
       2284,             22.84,      -8.959508701,      -9.665130488,      -10.21789306,                 0,       1.883515513,     -0.6924694674,     0.08837184784
       2285,             22.85,      -8.955268111,      -9.663546835,      -10.21327373,                 0,        1.87930821,     -0.6500574396,     0.08819149387
       2286,             22.86,      -8.950424887,      -9.661433348,      -10.20796011,                 0,       1.873914122,      -0.602144688,     0.08801427827
       2287,             22.87,      -8.944775799,      -9.658539525,      -10.20222624,                 0,        1.86751644,     -0.5491284062,     0.08784637863
       2288,             22.88,      -8.938780811,      -9.655232885,      -10.19684286,                 0,       1.860312772,     -0.4914293234,     0.08769358738
       2289,             22.89,      -8.932903677,      -9.651899043,      -10.19237452,                 0,       1.852529896,     -0.4294989811,      0.0875610716
       2290,              22.9,      -8.927241775,      -9.648622842,      -10.18888999,                 0,       1.844420196,     -0.3638162792,     0.08745321973
       2291,             22.91,       -8.92180227,      -9.645359474,      -10.18633048,                 0,       1.836257357,     -0.2948884574,     0.08737353373
       2292,             22.92,      -8.916750044,      -9.642190382,      -10.18462059,                 0,       1.828319605,     -0.2232499544,     0.08732522706
       2293,             22.93,      -8.911983876,      -9.638988194,      -10.18336283,                 0,       1.820876048,      -0.149464447,     0.08731018771
       2294,             22.94,      -8.907449808,      -9.635589818,       -10.1822783,                 0,       1.814185196,    -0.07413369652,     0.08732932555
       2295,             22.95,      -8.903543483,      -9.632512661,      -10.18149511,                 0,       1.808499975,    0.002107999866,     0.08738352939
       2296,             22.96,      -8.899561865,      -9.628959064,      -10.18079078,                 0,       1.803987215,     0.07860064058,     0.08747079089
       2297,             22.97,      -8.903502663,      -9.634818389,      -10.18451989,                 0,       1.801203199,      0.1546800955,     0.08758756692
       2298,             22.98,      -8.905318911,      -9.635404131,      -10.18895749,                 0,       1.800015003,      0.2296038561,     0.08772919513
       2299,             22.99,      -8.907046676,      -9.634724548,      -10.19407941,                 0,       1.800263524,      0.3026870241,     0.08789018336
       2300,                23,      -8.913734441,      -9.639439982,      -10.20226461,                 0,       1.802259238,      0.3732486009,     0.08806454318
       2301,             23.01,      -8.916199474,      -9.639149976,      -10.20906794,                 0,       1.805506812,      0.4405276341,     0.08824590621
       2302,             23.02,      -8.918851814,      -9.639370126,      -10.21596988,                 0,       1.809902806,      0.5038845464,     0.08842776235
       2303,             23.03,        -8.9300153,      -9.647663152,      -10.22801844,                 0,       1.815996911,      0.5627515648,     0.08860372859
       2304,             23.04,      -8.939736311,      -9.653396534,       -10.2406053,                 0,        1.82333825,        0.61647565,      0.0887676631
       2305,             23.05,      -8.949263927,      -9.657734519,      -10.25212517,                 0,       1.831325696,      0.6644955792,      0.0889138528
       2306,             23.06,      -8.960382647,      -9.663938504,      -10.26297762,                 0,       1.839686052,      0.7063537439,     0.08903722878
       2307,             23.07,       -8.97038091,      -9.669643592,      -10.27253985,                 0,       1.848119625,      0.7416632314,     0.08913359197
       2308,             23.08,      -8.979101593,      -9.674639693,      -10.28119013,                 0,       1.856334739,      0.7701234275,     0.08919972206
       2309,             23.09,      -8.986669186,      -9.679106404,      -10.28835784,                 0,       1.864052664,      0.7914980247,     0.08923341158
       2310,              23.1,      -8.992724126,      -9.682876224,      -10.29231964,                 0,       1.871016947,      0.8056437732,      0.0892335605
       2311,             23.11,      -8.996532141,      -9.685374735,      -10.29177316,                 0,       1.876995886,      0.8124901586,     0.08920021219
       2312,             23.12,      -8.997707644,       -9.68633116,      -10.28744881,                 0,        1.88180047,      0.8120549484,     0.08913450786
       2313,             23.13,      -8.996506987,      -9.686025154,      -10.28182132,                 0,       1.885283532,      0.8044154778,     0.08903865584
       2314,             23.14,      -8.993934179,      -9.685332982,      -10.27705405,                 0,       1.887344971,       0.789719339,     0.08891590526
       2315,             23.15,       -8.99066306,      -9.684667759,      -10.27275529,                 0,       1.887924167,      0.7681656576,     0.08877046939
       2316,             23.16,       -8.98655304,      -9.683713431,      -10.26692112,                 0,       1.887003971,      0.7399998984,     0.08860748606
       2317,             23.17,      -8.981000122,      -9.681776916,       -10.2588365,                 0,       1.884617027,      0.7055178262,     0.08843282522
       2318,             23.18,      -8.974184364,       -9.67881978,      -10.25011574,                 0,       1.880845952,       0.665047091,      0.0882527665
       2319,             23.19,       -8.96691265,      -9.675420607,       -10.2425586,                 0,       1.875829358,      0.6189477877,     0.08807369085
       2320,              23.2,      -8.959805028,      -9.672069953,      -10.23669986,                 0,       1.869743648,      0.5676104714,     0.08790186454
       2321,             23.21,      -8.952666972,      -9.668622574,      -10.23165728,                 0,       1.862784153,      0.5114435831,     0.08774323551
       2322,             23.22,      -8.945451791,      -9.664966594,      -10.22686904,                 0,       1.855169683,      0.4508895036,      0.0876032124
       2323,             23.23,      -8.938183765,      -9.661005983,      -10.22211719,                 0,       1.847141145,      0.3864148672,     0.08748645856
       2324,             23.24,      -8.930980607,      -9.656770768,       -10.2174509,                 0,       1.838964811,      0.3185179097,     0.08739678925
       2325,             23.25,      -8.923970446,      -9.652329542,      -10.21309857,                 0,       1.830920244,      0.2477272744,     0.08733743606
       2326,             23.26,      -8.917175073,      -9.647721877,      -10.20911374,                 0,       1.823277539,       0.174598493,     0.08731089662
       2327,             23.27,      -8.910722158,       -9.64310111,      -10.20564069,                 0,       1.816300127,     0.09971874843,       0.087318038
       2328,             23.28,      -8.904945708,      -9.638856728,      -10.20279539,                 0,       1.810252041,     0.02371228157,     0.08736038463
       2329,             23.29,       -8.89938915,       -9.63444709,      -10.20048579,                 0,        1.80532088,    -0.05277056349,     0.08743668882
       2330,              23.3,      -8.898826784,      -9.636089743,      -10.20107296,                 0,       1.801846023,     -0.1290631185,     0.08754384009
       2331,             23.31,      -8.901916599,      -9.639350346,      -10.20419009,                 0,       1.800219332,     -0.2044716758,     0.08767755645
       2332,             23.32,      -8.900217872,      -9.636288795,      -10.20549059,                 0,       1.799913591,      -0.278241462,     0.08783256721
       2333,             23.33,      -8.905472842,      -9.640104451,      -10.21019501,                 0,       1.801385778,     -0.3497472463,     0.08800304443
       2334,             23.34,      -8.907134819,       -9.63983437,      -10.21341835,                 0,       1.804219874,     -0.4182030384,      0.0881827178
       2335,             23.35,      -8.908401491,       -9.63906622,      -10.21651874,                 0,       1.808245694,     -0.4829606185,     0.08836509339
       2336,             23.36,      -8.912440891,      -9.641420596,      -10.22133504,                 0,       1.813647143,     -0.5433928899,     0.08854372171
       2337,             23.37,      -8.923839762,      -9.650084221,       -10.2316267,                 0,       1.820729127,     -0.5989436107,      0.0887123974
       2338,             23.38,      -8.930180974,      -9.651637297,      -10.23921439,                 0,       1.828514552,     -0.6489341792,     0.08886521708
       2339,             23.39,      -8.939992631,      -9.656544973,      -10.24725878,                 0,       1.836787124,     -0.6929197026,     0.08899687222
       2340,              23.4,      -8.949039801,        -9.6611144,      -10.25414488,                 0,       1.845237945,     -0.7304751565,     0.08910283214
       2341,             23.41,      -8.956892145,      -9.664784687,      -10.25918748,                 0,        1.85357021,     -0.7612784522,     0.08917954038
       2342,             23.42,      -8.963459773,      -9.667571728,      -10.26187351,                 0,        1.86149429,     -0.7850650479,     0.08922444219
       2343,             23.43,      -8.968457132,      -9.669567228,      -10.26257201,                 0,       1.868746886,     -0.8016594858,     0.08923605488
       2344,             23.44,      -8.971889161,      -9.670947008,      -10.26214061,                 0,       1.875087001,     -0.8109693991,     0.08921403617
       2345,             23.45,      -8.974056146,      -9.671947705,      -10.26048657,                 0,       1.880312023,     -0.8129866133,     0.08915916922
       2346,             23.46,      -8.974951427,      -9.672459209,      -10.25605559,                 0,       1.884263119,     -0.8077675376,     0.08907329526
       2347,             23.47,      -8.974219502,       -9.67216677,      -10.24793103,                 0,       1.886822584,      -0.795431457,     0.08895930639
       2348,             23.48,      -8.971503214,      -9.670752585,      -10.23759268,                 0,       1.887913696,     -0.7761650646,     0.08882110692
       2349,             23.49,       -8.96721537,      -9.668524234,      -10.22811585,                 0,       1.887502217,     -0.7502022307,     0.08866352329
       2350,              23.5,      -8.962514631,      -9.666341794,      -10.22121814,                 0,       1.885605681,     -0.7178260281,     0.08849221508
       2351,             23.51,       -8.95813562,      -9.664610124,      -10.21630908,                 0,       1.882292818,      -0.679347352,     0.08831336456
       2352,             23.52,      -8.953730751,       -9.66289167,      -10.21149289,                 0,       1.877682638,     -0.6351083755,     0.08813334853
       2353,             23.53,      -8.948646651,      -9.660549517,      -10.20605389,                 0,       1.871941162,     -0.5854966105,     0.08795849576
       2354,             23.54,      -8.942837871,      -9.657483551,      -10.20039482,                 0,       1.865257718,     -0.5309138927,     0.08779488379
       2355,             23.55,      -8.936872754,       -9.65417178,      -10.19531332,                 0,       1.857839978,     -0.4717925011,     0.08764813655
       2356,             23.56,      -8.931068604,      -9.650854823,      -10.19119132,                 0,       1.849922454,     -0.4085911807,     0.08752317353
       2357,             23.57,      -8.925479291,      -9.647590859,      -10.18801462,                 0,       1.841765326,     -0.3417987383,     0.08742410689
       2358,             23.58,      -8.920154202,      -9.644353804,      -10.18573793,                 0,       1.833645599,     -0.2719315147,     0.08735419449
       2359,             23.59,       -8.91519391,       -9.64117393,      -10.18419703,                 0,       1.825839161,     -0.1995336117,     0.08731651778
       2360,              23.6,      -8.910513122,      -9.637944639,       -10.1829977,                 0,       1.818611467,     -0.1251791364,     0.08731240317
       2361,             23.61,      -8.906195938,      -9.634643562,      -10.18201666,                 0,       1.812224264,    -0.04948234499,     0.08734304872
       2362,             23.62,      -8.902220602,      -9.631365429,      -10.18123795,                 0,       1.806899545,      0.0269140417,     0.08740828081
       2363,             23.63,      -8.898379558,      -9.627840992,      -10.18064813,                 0,        1.80280216,      0.1033435368,     0.08750552995
       2364,             23.64,      -8.905286107,      -9.636615354,       -10.1862315,                 0,       1.800676857,      0.1791447876,     0.08763090742
       2365,             23.65,      -8.904953104,      -9.634354626,      -10.19011928,                 0,       1.799915746,      0.2535301877,     0.08777942965
       2366,             23.66,      -8.909566959,      -9.636583547,      -10.19686873,                 0,       1.800767553,      0.3258834835,     0.08794541978
       2367,             23.67,      -8.914612553,      -9.639379582,      -10.20449105,                 0,       1.803177867,      0.3954510823,     0.08812274499
       2368,             23.68,      -8.917273443,      -9.639387212,      -10.21144755,                 0,       1.806815109,       0.461534865,     0.08830496544
       2369,             23.69,      -8.919568058,      -9.639192945,      -10.21815944,                 0,       1.811573436,      0.5234771492,     0.08848558163
       2370,              23.7,      -8.934759754,      -9.651666205,      -10.23279581,                 0,       1.818299945,      0.5807767673,      0.0886582992
       2371,             23.71,      -8.941711318,      -9.653772801,      -10.24402711,                 0,        1.82586584,       0.632692627,     0.08881707293
       2372,             23.72,      -8.952862304,      -9.659645579,      -10.25571833,                 0,       1.834011754,       0.678766682,     0.08895638014
       2373,             23.73,      -8.963772415,      -9.665868559,      -10.26605188,                 0,         1.8424274,      0.7185370155,     0.08907139749
       2374,             23.74,      -8.973286975,      -9.671285082,      -10.27522847,                 0,       1.850821791,      0.7516557968,      0.0891582458
       2375,             23.75,      -8.981609127,      -9.676070027,      -10.28361642,                 0,       1.858905087,      0.7778408554,     0.08921403059
       2376,             23.76,      -8.988790263,      -9.680403778,       -10.2901761,                 0,       1.866406374,       0.796883033,     0.08923689479
       2377,             23.77,      -8.994263294,      -9.683888377,       -10.2928367,                 0,       1.873074531,       0.808665549,     0.08922610976
       2378,             23.78,      -8.997258319,      -9.685904476,      -10.29071416,                 0,        1.87869152,      0.8131457679,     0.08918208739
       2379,             23.79,      -8.997529917,      -9.686312848,      -10.28539509,                 0,        1.88308041,      0.8103630164,     0.08910631205
       2380,              23.8,      -8.995686675,       -9.68572606,      -10.27989074,                 0,       1.886110492,      0.8004151549,     0.08900132771
       2381,             23.81,      -8.992849241,      -9.685038855,      -10.27567372,                 0,       1.887696597,      0.7834720885,     0.08887071013
       2382,             23.82,      -8.989463897,      -9.684432243,      -10.27136628,                 0,       1.887790699,      0.7597445773,     0.08871895018
       2383,             23.83,      -8.985006485,      -9.683294368,      -10.26468174,                 0,       1.886389763,      0.7294964523,     0.08855146976
       2384,             23.84,      -8.978925186,       -9.68094484,      -10.25596589,                 0,       1.883540838,      0.6930356926,     0.08837432287
       2385,             23.85,      -8.971801554,      -9.677703427,      -10.24733937,                 0,       1.879346176,      0.6506976473,     0.08819385829
       2386,             23.86,      -8.964556687,       -9.67428367,      -10.24040381,                 0,       1.873961761,      0.6028565019,      0.0880164435
       2387,             23.87,      -8.957498352,      -9.670951878,       -10.2349881,                 0,       1.867572444,      0.5499068562,     0.08784825968
       2388,             23.88,      -8.950355744,      -9.667475479,      -10.23009523,                 0,       1.860376241,      0.4922677794,     0.08769510539
       2389,             23.89,      -8.943102763,      -9.663720289,      -10.22533503,                 0,       1.852599891,      0.4303893417,     0.08756215709
       2390,              23.9,      -8.935848137,      -9.659680488,      -10.22059167,                 0,       1.844492807,      0.3647486857,     0.08745381471
       2391,             23.91,      -8.928686731,      -9.655358614,      -10.21600299,                 0,       1.836328362,      0.2958543788,     0.08737359373
       2392,             23.92,      -8.921758498,      -9.650867859,      -10.21177056,                 0,       1.828383906,       0.224243381,     0.08732470884
       2393,             23.93,      -8.915054227,      -9.646233693,      -10.20793044,                 0,       1.820929611,      0.1504800591,     0.08730907482
       2394,             23.94,      -8.908709366,      -9.641635011,      -10.20459306,                 0,       1.814224489,     0.07516494566,     0.08732759048
       2395,             23.95,      -8.903165162,      -9.637484837,      -10.20200691,                 0,       1.808521617,   -0.001068825483,     0.08738119372
       2396,             23.96,      -8.897694699,      -9.633049572,      -10.19986517,                 0,       1.803989796,    -0.07756242415,     0.08746790289
       2397,             23.97,      -8.900771588,      -9.638297867,      -10.20247036,                 0,       1.801177408,     -0.1536528568,     0.08758419821
       2398,             23.98,      -8.901181186,      -9.638172233,      -10.20455733,                 0,       1.799968773,     -0.2285997253,     0.08772543238
       2399,             23.99,      -8.901380689,      -9.636785884,      -10.20673421,                 0,       1.800188666,     -0.3017121828,     0.08788612054
       2400,                24,      -8.906603549,      -9.640747413,      -10.21149316,                 0,       1.802169472,     -0.3723145013,     0.08806028706
       2401,             24.01,      -8.907462849,       -9.63949462,      -10.21439883,                 0,        1.80539977,     -0.4396403499,     0.08824156003
       2402,             24.02,      -8.908563566,      -9.638616155,      -10.21742103,                 0,        1.80978063,     -0.5030526678,      0.0884234276
       2403,             24.03,      -8.917191071,      -9.645521388,      -10.22509074,                 0,       1.815852735,     -0.5619849238,      0.0885995183
       2404,             24.04,        -8.9254411,      -9.650159669,      -10.23399783,                 0,       1.823182564,      -0.615782842,     0.08876368692
       2405,             24.05,      -8.933439143,      -9.653260264,      -10.24193362,                 0,       1.831159065,     -0.6638792774,     0.08891020371
       2406,             24.06,      -8.943055732,      -9.658130863,      -10.24966741,                 0,       1.839521645,     -0.7058199667,     0.08903398465
       2407,             24.07,      -8.951714564,      -9.662401204,      -10.25601887,                 0,       1.847966885,     -0.7412184845,     0.08913081334
       2408,             24.08,      -8.959190756,      -9.665789902,      -10.26029329,                 0,       1.856197248,     -0.7697719267,     0.08919745509
       2409,             24.09,      -8.965249683,      -9.668292261,      -10.26226755,                 0,       1.863930964,     -0.7912404128,     0.08923168746
       2410,              24.1,      -8.969713437,      -9.670062336,       -10.2626027,                 0,       1.870912309,     -0.8054798559,     0.08923239345
       2411,             24.11,      -8.972749868,      -9.671335282,      -10.26189174,                 0,       1.876911339,     -0.8124212216,     0.08919959983
       2412,             24.12,      -8.974553304,      -9.672226459,      -10.25945372,                 0,       1.881738555,     -0.8120833529,     0.08913443221
       2413,             24.13,      -8.974908869,      -9.672462901,      -10.25368504,                 0,       1.885249403,     -0.8045396674,     0.08903908197
       2414,             24.14,      -8.973519034,      -9.671795769,      -10.24456841,                 0,       1.887339734,     -0.7899340875,     0.08891678169
       2415,             24.15,       -8.97020233,      -9.670055785,      -10.23430275,                 0,        1.88794475,     -0.7684682751,     0.08877173134
       2416,             24.16,      -8.965697885,      -9.667796814,      -10.22569624,                 0,       1.887046375,      -0.740393109,     0.08860905713
       2417,             24.17,       -8.96109667,      -9.665772662,      -10.21960382,                 0,       1.884680343,     -0.7060021199,     0.08843462285
       2418,             24.18,      -8.956789885,      -9.664118592,      -10.21484129,                 0,       1.880931546,     -0.6656155943,     0.08825470587
       2419,             24.19,       -8.95216612,      -9.662212469,      -10.20976564,                 0,       1.875935682,     -0.6195915699,     0.08807568692
       2420,              24.2,      -8.946812898,      -9.659609822,       -10.2041798,                 0,         1.8698678,     -0.5683228414,     0.08790383526
       2421,             24.21,      -8.940883343,       -9.65640177,      -10.19862748,                 0,       1.862921185,     -0.5122191591,     0.08774510509
       2422,             24.22,      -8.934964469,      -9.653085692,       -10.1938579,                 0,       1.855314129,     -0.4517235041,     0.08760491495
       2423,             24.23,      -8.929235205,      -9.649795762,      -10.19006013,                 0,       1.847289152,     -0.3873032367,     0.08748793936
       2424,             24.24,      -8.923719891,      -9.646537605,      -10.18719246,                 0,       1.839113636,     -0.3194557737,     0.08739800512
       2425,             24.25,      -8.918532777,      -9.643341477,      -10.18520193,                 0,       1.831066036,     -0.2487067864,     0.08733834448
       2426,             24.26,      -8.913658122,      -9.640145877,      -10.18380341,                 0,       1.823418685,     -0.1756096159,      0.0873114774
       2427,             24.27,      -8.909055032,      -9.636878881,      -10.18266638,                 0,       1.816432405,     -0.1007509847,     0.08731828812
       2428,             24.28,       -8.90495108,      -9.633671663,       -10.1817681,                 0,       1.810372531,    -0.02475576079,     0.08736028642
       2429,             24.29,       -8.90092701,      -9.630211829,      -10.18099732,                 0,       1.805427155,     0.05172554649,     0.08743626468
       2430,              24.3,      -8.900893673,      -9.632103043,      -10.18237932,                 0,       1.801926372,      0.1280254484,     0.08754312902
       2431,             24.31,       -8.90559775,      -9.636427649,      -10.18763156,                 0,       1.800281636,      0.2034492827,     0.08767660693
       2432,             24.32,      -8.905315571,      -9.634048368,      -10.19166358,                 0,       1.799962861,      0.2772451075,     0.08783144296
       2433,             24.33,      -8.911948298,      -9.638423595,      -10.19956727,                 0,       1.801408828,      0.3487864188,     0.08800180694
       2434,             24.34,      -8.915272646,      -9.639153485,      -10.20662022,                 0,       1.804224856,       0.417289853,     0.08818143925
       2435,             24.35,      -8.918132117,      -9.639442681,      -10.21365882,                 0,       1.808236366,      0.4821051259,     0.08836385005
       2436,             24.36,      -8.924186574,      -9.642699121,      -10.22267708,                 0,       1.813605266,      0.5426002213,       0.088542582
       2437,             24.37,      -8.937500698,       -9.65292999,       -10.2367428,                 0,       1.820674842,      0.5982229157,      0.0887114127
       2438,             24.38,      -8.945201826,      -9.655548344,      -10.24797273,                 0,       1.828456145,      0.6482954687,      0.0888644448
       2439,             24.39,      -8.956529284,      -9.661733302,      -10.25933951,                 0,       1.836722649,      0.6923708872,     0.08899636569
       2440,              24.4,      -8.967029561,      -9.667732695,      -10.26927821,                 0,       1.845163353,      0.7300195199,     0.08910263643
       2441,             24.41,      -8.976152488,      -9.672939818,      -10.27818307,                 0,       1.853488072,      0.7609185987,     0.08917968887
       2442,             24.42,      -8.984110713,      -9.677559362,      -10.28601698,                 0,       1.861410979,      0.7848052626,     0.08922495462
       2443,             24.43,      -8.990789852,      -9.681646191,      -10.29140196,                 0,        1.86866888,      0.8015035112,     0.08923693686
       2444,             24.44,      -8.995478405,      -9.684670873,      -10.29254298,                 0,       1.875017632,      0.8109184502,     0.08921527887
       2445,             24.45,      -8.997606567,       -9.68618487,      -10.28931207,                 0,       1.880254278,      0.8130371803,     0.08916075002
       2446,             24.46,       -8.99715808,      -9.686232438,      -10.28371982,                 0,       1.884215848,      0.8079172181,     0.08907517852
       2447,             24.47,       -8.99492082,      -9.685562777,      -10.27847289,                 0,       1.886784992,      0.7956802533,     0.08896144444
       2448,             24.48,      -8.991840229,      -9.684868209,      -10.27423818,                 0,       1.887889416,      0.7765120048,     0.08882344096
       2449,             24.49,      -8.988119203,      -9.684110215,      -10.26929702,                 0,       1.887495542,      0.7506388342,     0.08866598165
       2450,              24.5,      -8.983159536,       -9.68261974,      -10.26194521,                 0,       1.885618464,      0.7183415524,     0.08849471487
       2451,             24.51,      -8.976701651,      -9.679974125,      -10.25317671,                 0,       1.882320843,      0.6799374809,     0.08831581648
       2452,             24.52,      -8.969472455,       -9.67663087,      -10.24499228,                 0,       1.877722552,      0.6357722537,     0.08813566246
       2453,             24.53,      -8.962286175,      -9.673237106,      -10.23858098,                 0,       1.871990051,      0.5862309458,       0.087960584
       2454,             24.54,      -8.955192504,      -9.669852392,      -10.23337676,                 0,       1.865315182,      0.5317130781,     0.08779666283
       2455,             24.55,      -8.948017412,      -9.666301086,      -10.22853208,                 0,       1.857904717,      0.4726494576,     0.08764953068
       2456,             24.56,      -8.940748948,      -9.662436291,      -10.22378516,                 0,       1.849992712,      0.4094973812,     0.08752411608
       2457,             24.57,      -8.933515519,      -9.658304673,      -10.21906428,                 0,       1.841836574,      0.3427445112,     0.08742454366
       2458,             24.58,      -8.926417598,      -9.653918619,      -10.21458298,                 0,       1.833714114,      0.2729091731,     0.08735407268
       2459,             24.59,      -8.919554652,      -9.649370344,      -10.21046994,                 0,       1.825898865,      0.2005374366,      0.0873158097
       2460,              24.6,      -8.912975019,      -9.644745656,       -10.2068095,                 0,       1.818659814,      0.1262034408,     0.08731110112
       2461,             24.61,      -8.906901495,      -9.640315348,      -10.20371276,                 0,       1.812257231,     0.05052005997,      0.0873411328
       2462,             24.62,      -8.901340148,       -9.63602943,      -10.20125448,                 0,       1.806914381,    -0.02587095984,      0.0874057788
       2463,             24.63,      -8.896047325,      -9.631673251,      -10.19929673,                 0,       1.802797098,     -0.1023042374,     0.08750249543
       2464,             24.64,      -8.902088435,      -9.639798618,      -10.20356564,                 0,       1.800644841,     -0.1781202431,     0.08762742006
       2465,             24.65,      -8.900349323,      -9.636888827,      -10.20486652,                 0,       1.799860035,     -0.2525310287,     0.08777557722
       2466,             24.66,      -8.903428138,       -9.63841423,      -10.20844516,                 0,       1.800685542,     -0.3249167534,     0.08794130181
       2467,             24.67,      -8.906975081,      -9.640414926,      -10.21243693,                 0,       1.803081652,     -0.3945274011,     0.08811846693
       2468,             24.68,      -8.908014257,      -9.639391734,      -10.21543542,                 0,       1.806701654,      -0.460660542,     0.08830063081
       2469,             24.69,      -8.908702384,      -9.638006183,      -10.21828748,                 0,       1.811439816,     -0.5226604276,     0.08848129107
       2470,              24.7,      -8.921387346,      -9.649105738,      -10.22869965,                 0,       1.818151723,     -0.5800305735,     0.08865417359
       2471,             24.71,      -8.926947433,      -9.650146361,      -10.23623712,                 0,       1.825703725,     -0.6320204934,     0.08881321422
       2472,             24.72,      -8.936575466,       -9.65477424,      -10.24445804,                 0,        1.83384179,     -0.6781728079,     0.08895287642
       2473,             24.73,      -8.945981134,      -9.659608685,      -10.25185127,                 0,       1.842264202,     -0.7180277487,     0.08906832045
       2474,             24.74,      -8.954231995,      -9.663576807,      -10.25765885,                 0,       1.850672562,     -0.7512376782,     0.08915565132
       2475,             24.75,      -8.961319484,      -9.666684813,      -10.26111891,                 0,       1.858771662,     -0.7775171294,     0.08921196064
       2476,             24.76,      -8.966865575,      -9.668922767,      -10.26230252,                 0,       1.866288802,     -0.7966534567,     0.08923537534
       2477,             24.77,      -8.970769017,       -9.67045343,      -10.26226523,                 0,       1.872974532,      -0.808529876,     0.08922514951
       2478,             24.78,      -8.973373825,      -9.671600954,      -10.26138268,                 0,       1.878611765,     -0.8131063333,     0.08918167869
       2479,             24.79,      -8.974838587,      -9.672392967,      -10.25826287,                 0,       1.883025212,     -0.8104214508,     0.08910643131
       2480,              24.8,      -8.974765192,      -9.672447877,      -10.25122663,                 0,       1.886084603,     -0.8005682315,     0.08900193475
       2481,             24.81,      -8.972695209,      -9.671375043,      -10.24107817,                 0,       1.887699302,     -0.7837141783,     0.08887174872
       2482,             24.82,      -8.968752541,      -9.669275602,      -10.23093225,                 0,       1.887817828,     -0.7600755175,     0.08872035187
       2483,             24.83,      -8.964071611,      -9.667005175,      -10.22326794,                 0,       1.886437389,     -0.7299197314,     0.08855315629
       2484,             24.84,      -8.959643047,       -9.66519108,      -10.21804978,                 0,       1.883610066,     -0.6935491247,     0.08837621078
       2485,             24.85,      -8.955405276,      -9.663608337,      -10.21342153,                 0,       1.879437616,      -0.651292549,     0.08819586224
       2486,             24.86,      -8.950578765,       -9.66151062,      -10.20811508,                 0,       1.874073632,     -0.6035245275,     0.08801847847
       2487,             24.87,      -8.944949598,      -9.658636664,      -10.20238433,                 0,       1.867700672,       -0.55064196,     0.08785024479
       2488,             24.88,      -8.938958816,       -9.65533676,       -10.1969856,                 0,       1.860515852,     -0.4930645928,     0.08769696706
       2489,             24.89,      -8.933081374,      -9.652006793,      -10.19249787,                 0,       1.852745352,     -0.4312434001,     0.08756383276
       2490,              24.9,      -8.927416894,      -9.648732232,      -10.18899218,                 0,       1.844640852,      -0.365656351,     0.08745525322
       2491,             24.91,      -8.921973749,      -9.645471034,      -10.18641285,                 0,       1.836475698,     -0.2968099417,     0.08737475618
       2492,             24.92,      -8.916914543,      -9.642303301,      -10.18468565,                 0,       1.828528226,      -0.225237845,     0.08732555605
       2493,             24.93,       -8.91214179,      -9.639103293,      -10.18341916,                 0,       1.821067617,     -0.1515029745,     0.08730959104
       2494,             24.94,      -8.907591892,      -9.635698537,      -10.18232284,                 0,       1.814352225,    -0.07620593271,      0.0873277465
       2495,             24.95,       -8.90368715,      -9.632634656,      -10.18153614,                 0,       1.808637497,   1.976090266e-05,     0.08738100228
       2496,             24.96,      -8.899695571,      -9.629080121,      -10.18082233,                 0,       1.804090393,       0.076514603,     0.08746739855
       2497,             24.97,      -8.903348761,      -9.634666142,      -10.18438139,                 0,       1.801250715,      0.1526144118,     0.08758342221
       2498,             24.98,      -8.905346826,      -9.635489295,      -10.18886135,                 0,       1.800026733,      0.2275802627,     0.08772443899
       2499,             24.99,      -8.906827543,      -9.634563812,      -10.19383792,                 0,       1.800224327,      0.3007216269,     0.08788497345
       2500,                25,      -8.913651503,      -9.639438942,      -10.20206838,                 0,       1.802184776,         0.3713637,     0.08805905027
