NDIME= 2
NELEM= 10216
5	417	69	311	0
5	302	55	56	1
5	405	159	384	2
5	594	427	450	3
5	315	71	72	4
5	319	4	262	5
5	270	39	40	6
5	327	65	66	7
5	451	259	325	8
5	441	40	41	9
5	358	147	148	10
5	287	12	13	11
5	252	144	145	12
5	254	56	57	13
5	348	96	269	14
5	262	4	5	15
5	647	465	525	16
5	453	308	449	17
5	309	282	15	18
5	560	265	470	19
5	369	185	186	20
5	420	271	27	21
5	432	137	376	22
5	643	471	270	23
5	429	121	354	24
5	282	14	15	25
5	568	446	456	26
5	292	257	31	27
5	617	385	457	28
5	831	694	478	29
5	274	24	25	30
5	470	346	454	31
5	311	69	70	32
5	291	20	278	33
5	286	24	274	34
5	257	30	31	35
5	255	0	1	36
5	996	809	797	37
5	342	79	312	38
5	280	18	19	39
5	543	319	518	40
5	316	42	294	41
5	507	356	439	42
5	543	293	319	43
5	546	298	299	44
5	324	288	9	45
5	749	548	648	46
5	270	251	39	47
5	542	459	257	48
5	258	36	37	49
5	322	18	280	50
5	315	72	290	51
5	555	313	342	52
5	288	8	9	53
5	645	348	465	54
5	323	14	282	55
5	308	62	63	56
5	300	75	76	57
5	335	84	303	58
5	421	60	305	59
5	334	38	251	60
5	749	549	548	61
5	285	53	54	62
5	302	56	254	63
5	751	644	725	64
5	250	82	83	65
5	294	42	43	66
5	301	87	88	67
5	279	80	81	68
5	305	60	61	69
5	531	475	278	70
5	554	448	540	71
5	271	26	27	72
5	284	89	90	73
5	416	111	112	74
5	329	260	33	75
5	475	291	278	76
5	340	0	255	77
5	277	106	107	78
5	420	28	272	79
5	295	52	53	80
5	316	41	42	81
5	333	294	43	82
5	825	476	650	83
5	331	300	76	84
5	762	555	664	85
5	295	53	285	86
5	290	72	73	87
5	337	90	91	88
5	312	79	80	89
5	511	320	336	90
5	1041	890	895	91
5	555	342	464	92
5	946	762	848	93
5	564	314	556	94
5	345	52	295	95
5	335	250	83	96
5	449	63	64	97
5	338	254	57	98
5	842	642	557	99
5	338	57	58	100
5	517	256	293	101
5	259	101	102	102
5	512	281	350	103
5	348	95	96	104
5	441	270	40	105
5	361	177	178	106
5	266	99	100	107
5	510	451	325	108
5	580	353	413	109
5	372	115	116	110
5	367	117	118	111
5	357	151	349	112
5	412	375	127	113
5	639	273	436	114
5	381	157	158	115
5	492	368	430	116
5	377	147	358	117
5	400	173	390	118
5	437	365	182	119
5	406	161	253	120
5	403	253	162	121
5	395	181	365	122
5	397	175	393	123
5	408	157	381	124
5	619	408	381	125
5	401	386	166	126
5	399	388	170	127
5	834	690	450	128
5	585	377	358	129
5	387	163	164	130
5	404	165	386	131
5	353	112	113	132
5	424	321	109	133
5	363	252	145	134
5	363	145	146	135
5	481	429	354	136
5	607	393	484	137
5	1544	685	720	138
5	653	485	490	139
5	275	132	133	140
5	409	382	129	141
5	373	135	136	142
5	614	482	253	143
5	355	143	144	144
5	409	130	383	145
5	380	354	122	146
5	486	435	273	147
5	436	273	140	148
5	411	126	375	149
5	360	186	187	150
5	593	394	488	151
5	850	681	706	152
5	393	175	176	153
5	806	611	604	154
5	398	177	361	155
5	784	587	502	156
5	403	162	163	157
5	402	169	388	158
5	253	161	162	159
5	396	188	359	160
5	388	169	170	161
5	1083	868	726	162
5	390	173	174	163
5	484	393	398	164
5	356	195	196	165
5	380	122	123	166
5	432	373	136	167
5	375	126	127	168
5	412	128	382	169
5	357	150	151	170
5	355	144	252	171
5	364	141	142	172
5	624	483	375	173
5	435	139	273	174
5	482	479	406	175
5	424	110	351	176
5	623	412	382	177
5	595	501	352	178
5	325	259	102	179
5	328	46	296	180
5	269	96	97	181
5	1361	1264	1068	182
5	530	286	462	183
5	550	306	421	184
5	251	38	39	185
5	423	103	104	186
5	350	99	266	187
5	693	451	510	188
5	483	411	375	189
5	352	114	115	190
5	633	478	424	191
5	444	150	357	192
5	427	117	367	193
5	588	395	365	194
5	385	154	261	195
5	655	491	587	196
5	369	186	360	197
5	581	431	485	198
5	386	165	166	199
5	5232	5214	5229	200
5	508	503	443	201
5	5232	5226	5214	202
5	1099	878	1090	203
5	5231	207	5222	204
5	5231	206	207	205
5	5230	5210	5219	206
5	5230	5213	5210	207
5	5229	5199	5213	208
5	5229	5214	5199	209
5	5228	204	205	210
5	5228	5217	204	211
5	5225	5219	5200	212
5	5225	249	5219	213
5	5232	5229	202	214
5	5232	202	203	215
5	5227	247	248	216
5	5227	5196	5212	217
5	5224	5195	5209	218
5	5224	5202	5195	219
5	5223	225	226	220
5	5223	5220	225	221
5	5224	5228	205	222
5	5231	205	206	223
5	5221	5173	5203	224
5	5221	5201	5173	225
5	5220	5211	225	226
5	5220	5181	5211	227
5	5230	200	201	228
5	5230	5229	5213	229
5	5219	5210	5191	230
5	5225	5218	248	231
5	5231	5202	5224	232
5	5231	5222	5202	233
5	5216	227	228	234
5	5216	5208	227	235
5	5215	207	208	236
5	5222	5206	5189	237
5	5232	203	5226	238
5	5230	201	5229	239
5	5214	5205	5174	240
5	5229	201	202	241
5	5212	246	247	242
5	5221	246	5212	243
5	5211	5180	224	244
5	5211	5181	5180	245
5	5210	5152	5191	246
5	5210	5190	5152	247
5	5231	5224	205	248
5	5228	5224	5209	249
5	5223	5208	5185	250
5	5223	226	227	251
5	5207	5180	5166	252
5	5207	223	5180	253
5	5222	5189	5202	254
5	5222	5215	5206	255
5	5226	5205	5214	256
5	5217	5188	5205	257
5	5197	229	230	258
5	5197	5179	229	259
5	5203	5163	5193	260
5	5203	5173	5163	261
5	5215	208	209	262
5	5222	207	5215	263
5	5221	5212	5201	264
5	5221	245	246	265
5	5230	5219	200	266
5	5219	249	200	267
5	5205	5154	5174	268
5	5226	5217	5205	269
5	5198	221	222	270
5	5198	5186	221	271
5	5197	5121	5179	272
5	5197	5088	5121	273
5	5212	5196	5170	274
5	5201	5170	5145	275
5	5195	5140	5169	276
5	5195	5157	5140	277
5	5192	241	5168	278
5	5192	240	241	279
5	5193	5160	243	280
5	5193	5163	5160	281
5	5223	5185	5220	282
5	5211	224	225	283
5	5213	5199	5190	284
5	5225	248	249	285
5	5184	5150	218	286
5	5184	5127	5150	287
5	5183	212	5155	288
5	5183	211	212	289
5	5228	5209	5217	290
5	5209	5169	5188	291
5	5187	241	242	292
5	5187	5160	5139	293
5	5186	220	221	294
5	5186	5151	220	295
5	5220	5185	5161	296
5	5220	5161	5181	297
5	5184	219	5151	298
5	5184	5151	5127	299
5	5183	5155	5125	300
5	5149	210	211	301
5	5190	5113	5152	302
5	5182	5112	5162	303
5	5223	227	5208	304
5	5181	5167	5147	305
5	5180	223	224	306
5	5207	5166	5194	307
5	5216	5179	5177	308
5	5179	5158	5177	309
5	5178	5156	5135	310
5	5178	215	5156	311
5	5177	5158	5130	312
5	5179	228	229	313
5	5191	5129	5143	314
5	5227	5212	247	315
5	5204	5142	5175	316
5	5204	214	5178	317
5	5174	5118	5146	318
5	5174	5154	5118	319
5	5171	5144	238	320
5	5171	5116	5144	321
5	5171	5148	5116	322
5	5172	216	217	323
5	5171	238	239	324
5	5172	217	5150	325
5	5176	5133	5153	326
5	5218	5176	5196	327
5	5202	5189	5157	328
5	5226	204	5217	329
5	5194	5166	5131	330
5	5192	5138	5148	331
5	5167	5134	5122	332
5	5167	5161	5134	333
5	5166	5096	5131	334
5	5166	5147	5096	335
5	5165	5091	5123	336
5	5165	5130	5091	337
5	5198	5194	5164	338
5	5207	222	223	339
5	5201	5145	5173	340
5	5203	5193	244	341
5	5162	5108	5128	342
5	5162	5112	5108	343
5	5181	5147	5180	344
5	5208	5165	5185	345
5	5208	5177	5165	346
5	5216	5177	5208	347
5	5159	5087	5111	348
5	5159	5115	5087	349
5	5158	5105	5130	350
5	5192	5168	5138	351
5	5189	5114	5157	352
5	5206	5128	5189	353
5	5192	5148	240	354
5	5148	239	240	355
5	5155	5090	5125	356
5	5155	5132	5090	357
5	5154	5101	5118	358
5	5154	5119	5101	359
5	5153	5082	5124	360
5	5153	5133	5082	361
5	5191	5152	5129	362
5	5227	248	5218	363
5	5164	5107	5137	364
5	5151	219	220	365
5	5184	218	219	366
5	5150	217	218	367
5	5217	5209	5188	368
5	5182	5162	209	369
5	5178	214	215	370
5	5148	5138	5086	371
5	5207	5194	222	372
5	5147	5122	5096	373
5	5199	5174	5146	374
5	5219	5191	5200	375
5	5145	5098	5126	376
5	5145	5124	5098	377
5	5144	237	238	378
5	5144	5115	237	379
5	5152	5076	5129	380
5	5200	5191	5143	381
5	5175	5155	212	382
5	5183	5149	211	383
5	5141	5094	5061	384
5	5141	5121	5094	385
5	5215	5162	5206	386
5	5214	5174	5199	387
5	5139	5102	5100	388
5	5139	5120	5102	389
5	5187	242	243	390
5	5194	5131	5164	391
5	5198	5164	5186	392
5	5186	5164	5137	393
5	5197	5136	5088	394
5	5197	230	5136	395
5	5135	5047	5093	396
5	5135	5092	5047	397
5	5167	5122	5147	398
5	438	198	199	399
5	5161	5106	5134	400
5	1036	844	843	401
5	307	86	87	402
5	661	506	199	403
5	5189	5128	5114	404
5	508	443	356	405
5	5112	5074	5108	406
5	685	657	503	407
5	5156	5092	5135	408
5	508	356	507	409
5	5204	5178	5142	410
5	659	438	506	411
5	5161	5123	5106	412
5	439	356	196	413
5	5187	5139	5168	414
5	443	195	356	415
5	5177	5130	5165	416
5	485	431	433	417
5	5185	5123	5161	418
5	660	517	543	419
5	5129	5071	5081	420
5	385	153	154	421
5	5129	5076	5071	422
5	661	199	515	423
5	5190	5146	5113	424
5	5188	5169	5119	425
5	5186	5137	5151	426
5	354	121	122	427
5	5182	210	5149	428
5	416	351	111	429
5	5170	5124	5145	430
5	1230	1086	1051	431
5	5203	244	245	432
5	410	132	275	433
5	5183	5125	5149	434
5	415	108	321	435
5	5182	5149	5112	436
5	347	101	259	437
5	5124	5045	5098	438
5	318	89	284	439
5	5124	5082	5045	440
5	425	106	277	441
5	5187	5168	241	442
5	578	347	452	443
5	5180	5147	5166	444
5	325	102	103	445
5	5134	5097	5109	446
5	473	464	312	447
5	5134	5109	5122	448
5	769	737	516	449
5	5179	5121	5158	450
5	5158	5121	5141	451
5	5160	5120	5139	452
5	347	100	101	453
5	5168	5100	5138	454
5	445	95	348	455
5	5140	5103	5056	456
5	671	579	645	457
5	5205	5188	5154	458
5	303	84	85	459
5	5146	5118	5089	460
5	445	336	94	461
5	5146	5089	5113	462
5	721	509	477	463
5	5117	5077	5046	464
5	320	92	93	465
5	5117	234	5077	466
5	335	83	84	467
5	5116	5086	5064	468
5	447	82	250	469
5	5138	5100	5070	470
5	764	754	540	471
5	5159	236	237	472
5	339	71	315	473
5	5159	237	5115	474
5	306	58	59	475
5	5169	5140	5085	476
5	5140	5056	5085	477
5	5113	5052	5076	478
5	292	31	32	479
5	5113	5089	5052	480
5	419	12	287	481
5	5159	5111	236	482
5	288	268	8	483
5	5111	235	236	484
5	293	2	3	485
5	5128	5084	5114	486
5	293	256	2	487
5	5111	5087	5057	488
5	1394	1257	1239	489
5	5110	5048	5092	490
5	340	199	0	491
5	5110	5079	5048	492
5	1218	517	853	493
5	5109	5049	5038	494
5	729	460	521	495
5	5109	5097	5049	496
5	746	543	518	497
5	5149	5099	5112	498
5	5209	5195	5169	499
5	5107	5020	5063	500
5	5107	5068	5020	501
5	312	80	279	502
5	762	562	555	503
5	460	263	267	504
5	670	470	454	505
5	273	139	140	506
5	641	588	365	507
5	384	159	160	508
5	261	154	155	509
5	304	55	302	510
5	573	332	466	511
5	742	537	741	512
5	1505	888	1371	513
5	256	255	1	514
5	256	1	2	515
5	330	30	257	516
5	472	345	295	517
5	346	36	258	518
5	260	32	33	519
5	511	456	320	520
5	452	259	451	521
5	329	34	265	522
5	292	32	260	523
5	813	617	667	524
5	349	151	152	525
5	521	460	267	526
5	726	515	340	527
5	263	262	5	528
5	263	5	6	529
5	264	261	155	530
5	264	155	156	531
5	329	33	34	532
5	265	34	35	533
5	510	325	423	534
5	514	284	467	535
5	267	263	6	536
5	267	6	7	537
5	268	267	7	538
5	268	7	8	539
5	452	347	259	540
5	509	418	425	541
5	476	330	459	542
5	422	296	47	543
5	326	26	271	544
5	317	22	276	545
5	420	27	28	546
5	272	28	29	547
5	480	400	390	548
5	374	275	133	549
5	570	474	254	550
5	276	22	23	551
5	590	519	252	552
5	374	133	134	553
5	575	343	308	554
5	278	20	21	555
5	415	107	108	556
5	625	321	478	557
5	565	557	294	558
5	557	316	294	559
5	466	332	417	560
5	563	540	300	561
5	642	441	316	562
5	471	251	270	563
5	281	269	97	564
5	281	97	98	565
5	309	16	283	566
5	470	265	346	567
5	309	15	16	568
5	283	16	17	569
5	307	87	301	570
5	675	568	456	571
5	333	43	44	572
5	314	44	45	573
5	286	276	23	574
5	286	23	24	575
5	528	462	274	576
5	533	455	280	577
5	324	10	289	578
5	535	323	282	579
5	324	9	10	580
5	289	10	11	581
5	498	466	417	582
5	310	290	73	583
5	291	280	19	584
5	291	19	20	585
5	938	928	741	586
5	537	468	287	587
5	534	283	322	588
5	521	267	268	589
5	514	318	284	590
5	297	50	51	591
5	422	47	48	592
5	296	46	47	593
5	644	307	536	594
5	573	341	332	595
5	298	48	49	596
5	299	50	297	597
5	505	315	290	598
5	422	48	298	599
5	299	298	49	600
5	299	49	50	601
5	310	73	74	602
5	448	75	300	603
5	913	671	859	604
5	1110	871	1094	605
5	304	54	55	606
5	304	285	54	607
5	442	86	307	608
5	442	85	86	609
5	576	343	575	610
5	665	534	652	611
5	343	62	308	612
5	344	64	65	613
5	556	314	328	614
5	338	58	306	615
5	442	303	85	616
5	467	284	337	617
5	343	61	62	618
5	343	305	61	619
5	497	334	251	620
5	497	251	471	621
5	701	547	662	622
5	532	447	516	623
5	332	67	68	624
5	449	64	344	625
5	313	77	78	626
5	331	76	77	627
5	469	290	310	628
5	331	77	313	629
5	455	322	280	630
5	333	44	314	631
5	339	70	71	632
5	339	311	70	633
5	524	263	460	634
5	441	41	316	635
5	317	278	21	636
5	317	21	22	637
5	318	301	88	638
5	318	88	89	639
5	319	293	3	640
5	319	3	4	641
5	337	284	90	642
5	446	92	320	643
5	415	277	107	644
5	321	108	109	645
5	322	283	17	646
5	322	17	18	647
5	323	287	13	648
5	323	13	14	649
5	552	283	534	650
5	538	289	419	651
5	423	104	418	652
5	694	625	478	653
5	326	274	25	654
5	326	25	26	655
5	341	67	332	656
5	344	65	327	657
5	328	314	45	658
5	328	45	46	659
5	734	677	462	660
5	459	330	257	661
5	330	272	29	662
5	330	29	30	663
5	562	313	555	664
5	498	417	311	665
5	341	66	67	666
5	341	327	66	667
5	468	419	287	668
5	1362	1084	1218	669
5	334	258	37	670
5	334	37	38	671
5	897	675	861	672
5	540	448	300	673
5	336	320	93	674
5	336	93	94	675
5	547	318	514	676
5	768	567	566	677
5	756	520	651	678
5	461	421	305	679
5	652	534	455	680
5	746	660	543	681
5	753	741	535	682
5	1043	889	916	683
5	550	421	461	684
5	643	270	441	685
5	342	313	78	686
5	342	78	79	687
5	575	308	453	688
5	474	302	254	689
5	556	328	520	690
5	449	308	63	691
5	345	297	51	692
5	345	51	52	693
5	346	265	35	694
5	346	35	36	695
5	692	465	647	696
5	347	266	100	697
5	445	94	95	698
5	725	536	701	699
5	407	153	385	700
5	618	407	617	701
5	350	281	98	702
5	350	98	99	703
5	424	109	110	704
5	351	110	111	705
5	413	114	352	706
5	416	112	353	707
5	478	321	424	708
5	496	371	429	709
5	426	367	118	710
5	372	352	115	711
5	378	143	355	712
5	436	140	141	713
5	807	611	806	714
5	359	188	189	715
5	495	383	410	716
5	591	364	378	717
5	783	584	782	718
5	493	410	275	719
5	489	398	361	720
5	394	185	369	721
5	992	880	704	722
5	365	181	182	723
5	605	391	400	724
5	392	178	179	725
5	362	358	148	726
5	362	148	149	727
5	834	450	635	728
5	799	708	504	729
5	603	387	404	730
5	436	141	364	731
5	366	179	180	732
5	392	361	178	733
5	608	480	390	734
5	392	179	366	735
5	426	119	371	736
5	626	353	580	737
5	368	359	189	738
5	368	189	190	739
5	370	183	184	740
5	437	182	183	741
5	839	640	593	742
5	437	183	370	743
5	426	118	119	744
5	371	119	120	745
5	501	413	352	746
5	627	351	416	747
5	428	135	373	748
5	599	380	414	749
5	718	598	689	750
5	824	626	823	751
5	379	124	125	752
5	414	124	379	753
5	432	136	137	754
5	376	137	138	755
5	377	363	146	756
5	377	146	147	757
5	378	364	142	758
5	378	142	143	759
5	600	481	354	760
5	686	583	487	761
5	816	620	619	762
5	689	598	483	763
5	408	156	157	764
5	408	264	156	765
5	412	127	128	766
5	382	128	129	767
5	409	129	130	768
5	383	130	131	769
5	405	158	159	770
5	405	381	158	771
5	407	152	153	772
5	407	349	152	773
5	604	389	402	774
5	640	370	593	775
5	609	391	605	776
5	403	163	387	777
5	389	167	168	778
5	401	166	167	779
5	604	402	601	780
5	401	167	389	781
5	391	171	172	782
5	399	170	171	783
5	479	384	406	784
5	399	171	391	785
5	606	504	392	786
5	593	370	394	787
5	397	174	175	788
5	397	390	174	789
5	394	370	184	790
5	394	184	185	791
5	395	366	180	792
5	395	180	181	793
5	396	360	187	794
5	396	187	188	795
5	620	523	264	796
5	615	384	479	797
5	398	393	176	798
5	398	176	177	799
5	482	406	253	800
5	614	253	403	801
5	400	391	172	802
5	400	172	173	803
5	605	400	480	804
5	489	484	398	805
5	402	389	168	806
5	402	168	169	807
5	974	788	732	808
5	622	382	409	809
5	404	387	164	810
5	404	164	165	811
5	494	376	435	812
5	621	409	383	813
5	406	384	160	814
5	406	160	161	815
5	638	436	364	816
5	583	362	444	817
5	487	444	357	818
5	583	444	487	819
5	636	376	494	820
5	617	407	385	821
5	410	383	131	822
5	410	131	132	823
5	411	379	125	824
5	411	125	126	825
5	529	428	373	826
5	634	426	371	827
5	413	353	113	828
5	413	113	114	829
5	414	380	123	830
5	414	123	124	831
5	580	413	501	832
5	509	425	477	833
5	496	429	481	834
5	527	378	355	835
5	417	332	68	836
5	417	68	69	837
5	423	325	103	838
5	418	104	105	839
5	419	289	11	840
5	419	11	12	841
5	534	322	455	842
5	533	280	291	843
5	421	306	59	844
5	421	59	60	845
5	574	327	341	846
5	646	449	344	847
5	632	418	509	848
5	861	675	669	849
5	624	375	412	850
5	500	414	379	851
5	425	418	105	852
5	425	105	106	853
5	595	372	594	854
5	690	594	450	855
5	427	372	116	856
5	427	116	117	857
5	428	374	134	858
5	428	134	135	859
5	429	371	120	860
5	429	120	121	861
5	430	368	190	862
5	430	190	191	863
5	431	430	191	864
5	431	191	192	865
5	494	435	486	866
5	639	486	273	867
5	433	431	192	868
5	433	192	193	869
5	434	433	193	870
5	434	193	194	871
5	435	376	138	872
5	435	138	139	873
5	601	402	388	874
5	602	404	386	875
5	867	506	661	876
5	812	616	615	877
5	439	196	197	878
5	440	198	438	879
5	592	395	588	880
5	586	368	492	881
5	440	439	197	882
5	440	197	198	883
5	539	521	268	884
5	541	292	260	885
5	473	312	279	886
5	532	473	279	887
5	443	434	194	888
5	443	194	195	889
5	444	362	149	890
5	444	149	150	891
5	951	767	751	892
5	1051	856	915	893
5	446	337	91	894
5	446	91	92	895
5	447	279	81	896
5	447	81	82	897
5	448	310	74	898
5	448	74	75	899
5	526	295	285	900
5	569	306	550	901
5	450	427	367	902
5	635	450	367	903
5	884	790	690	904
5	791	781	501	905
5	978	793	977	906
5	902	702	717	907
5	646	453	449	908
5	577	344	327	909
5	454	346	258	910
5	497	458	334	911
5	628	272	476	912
5	629	463	271	913
5	456	446	320	914
5	951	751	856	915
5	457	385	261	916
5	523	457	261	917
5	458	454	258	918
5	458	258	334	919
5	476	272	330	920
5	462	286	274	921
5	825	628	476	922
5	736	475	531	923
5	548	302	474	924
5	544	345	472	925
5	528	326	463	926
5	679	524	666	927
5	528	274	326	928
5	463	326	271	929
5	464	342	312	930
5	775	498	572	931
5	465	348	269	932
5	698	512	513	933
5	754	554	540	934
5	737	532	516	935
5	567	250	335	936
5	532	279	447	937
5	539	268	288	938
5	538	419	468	939
5	572	498	311	940
5	505	290	469	941
5	561	541	260	942
5	542	257	292	943
5	843	643	642	944
5	631	520	296	945
5	544	297	345	946
5	520	328	296	947
5	701	536	547	948
5	536	307	301	949
5	548	304	302	950
5	526	472	295	951
5	531	317	522	952
5	533	291	475	953
5	628	420	272	954
5	629	271	420	955
5	477	425	277	956
5	499	477	277	957
5	499	277	415	958
5	698	513	578	959
5	615	405	384	960
5	523	261	264	961
5	610	601	388	962
5	862	707	655	963
5	635	426	634	964
5	634	371	496	965
5	705	479	482	966
5	792	597	687	967
5	598	411	483	968
5	600	354	380	969
5	607	397	393	970
5	608	390	397	971
5	808	797	602	972
5	488	394	369	973
5	596	493	275	974
5	596	275	374	975
5	590	252	363	976
5	519	355	252	977
5	988	802	801	978
5	587	360	396	979
5	798	592	789	980
5	800	607	484	981
5	490	485	433	982
5	490	433	434	983
5	491	488	369	984
5	491	369	360	985
5	502	396	359	986
5	587	491	360	987
5	730	457	523	988
5	495	410	493	989
5	711	529	637	990
5	597	428	529	991
5	835	636	710	992
5	621	383	495	993
5	822	689	483	994
5	635	367	426	995
5	771	570	569	996
5	770	569	550	997
5	571	315	505	998
5	776	466	716	999
5	717	625	694	1000
5	901	852	695	1001
5	821	623	820	1002
5	599	414	500	1003
5	627	416	626	1004
5	626	416	353	1005
5	706	581	654	1006
5	587	396	502	1007
5	503	490	434	1008
5	503	434	443	1009
5	504	489	361	1010
5	504	361	392	1011
5	571	339	315	1012
5	572	311	339	1013
5	506	438	199	1014
5	943	917	743	1015
5	685	503	508	1016
5	910	681	850	1017
5	654	485	653	1018
5	987	801	800	1019
5	663	578	452	1020
5	852	663	695	1021
5	1199	1020	1198	1022
5	724	647	525	1023
5	698	578	663	1024
5	722	632	656	1025
5	859	692	847	1026
5	525	281	512	1027
5	513	512	350	1028
5	513	350	266	1029
5	566	335	303	1030
5	516	447	250	1031
5	1219	658	1080	1032
5	515	199	340	1033
5	1038	845	780	1034
5	551	303	442	1035
5	668	256	517	1036
5	868	661	515	1037
5	543	517	293	1038
5	518	319	262	1039
5	584	362	583	1040
5	527	355	519	1041
5	545	297	544	1042
5	631	296	422	1043
5	740	652	455	1044
5	752	552	665	1045
5	531	278	317	1046
5	522	317	276	1047
5	616	405	615	1048
5	782	584	583	1049
5	524	518	262	1050
5	524	262	263	1051
5	525	465	269	1052
5	525	269	281	1053
5	549	304	548	1054
5	757	556	756	1055
5	839	593	683	1056
5	591	378	527	1057
5	665	552	534	1058
5	742	696	468	1059
5	637	432	636	1060
5	637	373	432	1061
5	530	522	276	1062
5	530	276	286	1063
5	874	700	731	1064
5	747	544	700	1065
5	673	662	514	1066
5	773	505	699	1067
5	829	631	630	1068
5	765	565	564	1069
5	553	535	282	1070
5	537	287	323	1071
5	553	309	552	1072
5	537	323	535	1073
5	567	335	566	1074
5	566	303	551	1075
5	760	560	672	1076
5	744	542	541	1077
5	559	539	288	1078
5	558	289	538	1079
5	559	324	558	1080
5	759	559	758	1081
5	554	310	448	1082
5	554	469	310	1083
5	561	329	560	1084
5	542	292	541	1085
5	674	522	530	1086
5	1017	828	748	1087
5	889	758	728	1088
5	1528	1266	1364	1089
5	545	299	297	1090
5	630	422	298	1091
5	748	546	545	1092
5	546	299	545	1093
5	844	714	471	1094
5	630	298	546	1095
5	547	536	301	1096
5	547	301	318	1097
5	549	285	304	1098
5	549	526	285	1099
5	700	544	472	1100
5	715	678	458	1101
5	569	338	306	1102
5	570	254	338	1103
5	751	551	644	1104
5	567	516	250	1105
5	553	282	309	1106
5	552	309	283	1107
5	745	459	542	1108
5	672	560	470	1109
5	780	577	574	1110
5	776	573	466	1111
5	562	331	313	1112
5	563	300	331	1113
5	763	562	762	1114
5	738	473	532	1115
5	565	333	564	1116
5	642	316	557	1117
5	559	288	324	1118
5	558	324	289	1119
5	679	518	524	1120
5	753	553	752	1121
5	561	260	329	1122
5	560	329	265	1123
5	746	518	679	1124
5	734	528	733	1125
5	953	769	768	1126
5	563	331	562	1127
5	846	453	646	1128
5	699	505	469	1129
5	565	294	333	1130
5	564	333	314	1131
5	777	574	573	1132
5	845	646	577	1133
5	1086	856	1051	1134
5	723	511	579	1135
5	723	579	671	1136
5	669	456	511	1137
5	568	467	337	1138
5	568	337	446	1139
5	761	744	541	1140
5	570	338	569	1141
5	750	549	749	1142
5	1667	1374	1548	1143
5	1136	946	1047	1144
5	572	339	571	1145
5	676	550	461	1146
5	846	649	453	1147
5	773	571	505	1148
5	574	341	573	1149
5	1142	954	953	1150
5	577	327	574	1151
5	576	305	343	1152
5	576	461	305	1153
5	1037	714	844	1154
5	829	651	631	1155
5	1039	846	845	1156
5	646	344	577	1157
5	578	513	266	1158
5	578	266	347	1159
5	579	511	336	1160
5	579	336	445	1161
5	790	594	690	1162
5	633	351	627	1163
5	581	492	430	1164
5	581	430	431	1165
5	582	487	357	1166
5	582	357	349	1167
5	584	358	362	1168
5	589	363	377	1169
5	712	495	493	1170
5	585	358	584	1171
5	688	494	486	1172
5	589	377	585	1173
5	586	502	359	1174
5	586	359	368	1175
5	1092	867	661	1176
5	802	703	480	1177
5	592	366	395	1178
5	606	392	366	1179
5	1030	905	688	1180
5	590	363	589	1181
5	840	641	640	1182
5	1154	968	910	1183
5	803	605	703	1184
5	638	364	591	1185
5	789	592	588	1186
5	606	366	592	1187
5	640	437	370	1188
5	641	365	437	1189
5	595	352	372	1190
5	594	372	427	1191
5	794	500	718	1192
5	796	481	600	1193
5	787	519	590	1194
5	838	688	486	1195
5	597	596	374	1196
5	597	374	428	1197
5	598	500	379	1198
5	598	379	411	1199
5	793	596	792	1200
5	600	380	599	1201
5	821	624	623	1202
5	793	712	493	1203
5	612	602	386	1204
5	613	403	387	1205
5	611	389	604	1206
5	603	404	602	1207
5	683	593	488	1208
5	613	387	603	1209
5	611	401	389	1210
5	612	386	401	1211
5	609	399	391	1212
5	610	388	399	1213
5	681	586	492	1214
5	707	491	655	1215
5	803	609	605	1216
5	608	397	607	1217
5	840	640	839	1218
5	983	798	789	1219
5	708	489	504	1220
5	610	399	609	1221
5	812	615	684	1222
5	684	615	479	1223
5	810	614	613	1224
5	612	401	611	1225
5	1032	840	839	1226
5	801	608	607	1227
5	709	489	708	1228
5	614	403	613	1229
5	788	527	732	1230
5	682	487	582	1231
5	616	381	405	1232
5	620	264	408	1233
5	1026	834	1025	1234
5	619	381	616	1235
5	618	349	407	1236
5	618	582	349	1237
5	686	487	682	1238
5	782	583	686	1239
5	732	527	519	1240
5	620	408	619	1241
5	787	732	519	1242
5	785	589	585	1243
5	687	597	529	1244
5	622	409	621	1245
5	820	623	622	1246
5	623	382	622	1247
5	1001	813	877	1248
5	624	412	623	1249
5	713	496	481	1250
5	702	477	499	1251
5	625	499	415	1252
5	625	415	321	1253
5	781	580	501	1254
5	633	424	351	1255
5	911	702	902	1256
5	721	477	702	1257
5	826	628	825	1258
5	629	420	628	1259
5	827	733	463	1260
5	883	666	729	1261
5	651	520	631	1262
5	631	422	630	1263
5	715	497	714	1264
5	740	455	533	1265
5	632	510	423	1266
5	632	423	418	1267
5	791	595	790	1268
5	831	478	633	1269
5	718	500	598	1270
5	796	713	481	1271
5	831	633	830	1272
5	1007	819	818	1273
5	637	529	373	1274
5	636	432	376	1275
5	813	618	617	1276
5	836	638	591	1277
5	797	603	602	1278
5	639	436	638	1279
5	811	705	482	1280
5	705	684	479	1281
5	903	684	705	1282
5	641	437	640	1283
5	654	581	485	1284
5	817	730	523	1285
5	649	575	453	1286
5	643	441	642	1287
5	778	575	649	1288
5	770	550	676	1289
5	644	551	442	1290
5	644	442	307	1291
5	645	579	445	1292
5	645	445	348	1293
5	950	766	765	1294
5	937	752	855	1295
5	695	452	451	1296
5	1220	1045	1048	1297
5	648	548	474	1298
5	772	648	474	1299
5	778	576	575	1300
5	772	474	570	1301
5	650	476	459	1302
5	745	650	459	1303
5	756	556	520	1304
5	844	471	643	1305
5	735	522	674	1306
5	759	743	539	1307
5	1219	507	658	1308
5	863	685	849	1309
5	1069	983	1031	1310
5	1318	1171	1317	1311
5	719	586	681	1312
5	784	655	587	1313
5	656	632	509	1314
5	721	656	509	1315
5	657	653	490	1316
5	657	490	503	1317
5	658	507	439	1318
5	658	439	440	1319
5	691	438	659	1320
5	691	440	438	1321
5	1063	942	889	1322
5	909	891	678	1323
5	668	255	256	1324
5	868	515	726	1325
5	662	547	514	1326
5	1115	1079	873	1327
5	695	451	693	1328
5	1022	694	831	1329
5	664	555	464	1330
5	738	532	737	1331
5	696	538	468	1332
5	666	524	460	1333
5	728	538	696	1334
5	758	558	728	1335
5	667	617	457	1336
5	730	667	457	1337
5	853	517	660	1338
5	727	255	668	1339
5	673	514	467	1340
5	675	456	669	1341
5	1018	829	828	1342
5	672	470	670	1343
5	723	669	511	1344
5	1012	781	976	1345
5	1086	951	856	1346
5	1040	875	649	1347
5	680	568	675	1348
5	680	467	568	1349
5	735	531	522	1350
5	739	533	475	1351
5	680	673	467	1352
5	915	856	725	1353
5	779	576	778	1354
5	779	676	461	1355
5	677	674	530	1356
5	677	530	462	1357
5	678	670	454	1358
5	678	454	458	1359
5	896	666	883	1360
5	1134	943	1133	1361
5	856	751	725	1362
5	915	701	871	1363
5	719	502	586	1364
5	784	502	719	1365
5	814	618	813	1366
5	814	582	618	1367
5	841	588	641	1368
5	703	605	480	1369
5	993	807	806	1370
5	704	604	601	1371
5	867	659	506	1372
5	720	685	508	1373
5	1028	837	836	1374
5	838	486	639	1375
5	710	494	688	1376
5	711	687	529	1377
5	710	636	494	1378
5	999	903	705	1379
5	818	495	712	1380
5	819	622	621	1381
5	832	496	713	1382
5	1202	1024	1023	1383
5	720	508	507	1384
5	691	658	440	1385
5	692	671	645	1386
5	692	645	465	1387
5	695	663	452	1388
5	1267	1109	914	1389
5	823	580	781	1390
5	830	633	627	1391
5	1107	902	1054	1392
5	901	695	693	1393
5	728	558	538	1394
5	729	666	460	1395
5	697	664	464	1396
5	697	464	473	1397
5	724	512	698	1398
5	724	525	512	1399
5	755	554	754	1400
5	716	466	498	1401
5	747	545	544	1402
5	828	630	546	1403
5	725	644	536	1404
5	738	697	473	1405
5	1198	1020	1013	1406
5	864	693	722	1407
5	805	704	601	1408
5	806	604	704	1409
5	804	609	803	1410
5	1366	1224	1264	1411
5	809	603	797	1412
5	995	808	994	1413
5	706	681	492	1414
5	706	492	581	1415
5	707	683	488	1416
5	707	488	491	1417
5	709	484	489	1418
5	802	480	608	1419
5	995	797	808	1420
5	800	484	709	1421
5	991	805	804	1422
5	993	806	880	1423
5	865	812	684	1424
5	1002	812	865	1425
5	818	621	495	1426
5	820	622	819	1427
5	832	634	496	1428
5	833	635	634	1429
5	715	458	497	1430
5	714	497	471	1431
5	925	739	736	1432
5	921	735	674	1433
5	774	571	773	1434
5	775	716	498	1435
5	717	702	499	1436
5	717	499	625	1437
5	794	599	500	1438
5	795	600	599	1439
5	910	719	681	1440
5	1032	839	879	1441
5	1070	1032	879	1442
5	1068	857	863	1443
5	1021	831	830	1444
5	1026	884	690	1445
5	722	693	510	1446
5	722	510	632	1447
5	1253	1102	1225	1448
5	1258	1059	1082	1449
5	1221	1059	852	1450
5	1057	698	663	1451
5	954	737	769	1452
5	1060	913	859	1453
5	1222	1093	868	1454
5	1061	888	932	1455
5	727	726	340	1456
5	727	340	255	1457
5	893	670	891	1458
5	930	745	744	1459
5	922	735	921	1460
5	1289	1124	1064	1461
5	815	616	812	1462
5	1062	900	905	1463
5	731	700	472	1464
5	731	472	526	1465
5	788	591	527	1466
5	837	639	638	1467
5	734	462	528	1468
5	733	528	463	1469
5	941	757	756	1470
5	1015	826	1014	1471
5	855	752	665	1472
5	736	531	735	1473
5	938	753	937	1474
5	739	475	736	1475
5	767	551	751	1476
5	875	778	649	1477
5	958	872	648	1478
5	960	774	959	1479
5	929	742	928	1480
5	740	533	739	1481
5	1407	1228	1294	1482
5	1810	1652	1504	1483
5	742	468	537	1484
5	741	537	535	1485
5	855	665	854	1486
5	1014	826	825	1487
5	743	729	521	1488
5	743	521	539	1489
5	761	561	760	1490
5	745	542	744	1491
5	1019	651	829	1492
5	935	750	749	1493
5	1139	941	1076	1494
5	1120	854	927	1495
5	931	650	745	1496
5	748	545	747	1497
5	1014	825	869	1498
5	828	546	748	1499
5	750	526	549	1500
5	750	731	526	1501
5	920	885	677	1502
5	927	652	740	1503
5	767	566	551	1504
5	769	516	567	1505
5	753	535	553	1506
5	752	553	552	1507
5	929	916	696	1508
5	1213	1035	1212	1509
5	755	469	554	1510
5	755	699	469	1511
5	948	754	764	1512
5	939	755	754	1513
5	757	564	556	1514
5	766	557	565	1515
5	941	756	851	1516
5	765	564	757	1517
5	759	539	559	1518
5	758	559	558	1519
5	1120	1085	854	1520
5	922	736	735	1521
5	761	541	561	1522
5	760	561	560	1523
5	956	771	770	1524
5	935	749	872	1525
5	763	563	562	1526
5	764	540	563	1527
5	959	774	773	1528
5	764	563	763	1529
5	963	777	776	1530
5	961	775	960	1531
5	891	670	678	1532
5	766	565	765	1533
5	1035	843	842	1534
5	842	557	766	1535
5	915	725	701	1536
5	768	566	767	1537
5	948	939	754	1538
5	769	567	768	1539
5	947	763	946	1540
5	1040	649	846	1541
5	872	749	648	1542
5	771	569	770	1543
5	956	770	955	1544
5	772	570	771	1545
5	965	778	875	1546
5	957	772	771	1547
5	774	572	571	1548
5	775	572	774	1549
5	952	767	951	1550
5	859	671	692	1551
5	871	701	662	1552
5	923	738	737	1553
5	873	664	697	1554
5	777	573	776	1555
5	873	848	664	1556
5	780	574	777	1557
5	779	461	576	1558
5	933	747	700	1559
5	1127	935	1067	1560
5	934	748	747	1561
5	946	763	762	1562
5	845	577	780	1563
5	823	626	580	1564
5	824	627	626	1565
5	783	585	584	1566
5	786	590	589	1567
5	1029	838	837	1568
5	785	585	783	1569
5	986	709	904	1570
5	985	904	708	1571
5	967	782	858	1572
5	786	589	785	1573
5	970	783	967	1574
5	787	590	786	1575
5	900	835	710	1576
5	973	732	787	1577
5	1011	689	822	1578
5	836	591	788	1579
5	798	606	592	1580
5	799	504	606	1581
5	791	501	595	1582
5	790	595	594	1583
5	1008	820	819	1584
5	1020	830	824	1585
5	793	493	596	1586
5	792	596	597	1587
5	1027	836	788	1588
5	906	835	900	1589
5	981	795	980	1590
5	795	599	794	1591
5	1020	824	1013	1592
5	796	600	795	1593
5	975	791	790	1594
5	976	791	975	1595
5	809	613	603	1596
5	811	482	614	1597
5	1081	850	876	1598
5	799	606	798	1599
5	969	862	655	1600
5	1257	1081	1239	1601
5	898	803	703	1602
5	801	607	800	1603
5	904	709	708	1604
5	802	608	801	1605
5	878	707	862	1606
5	998	811	810	1607
5	804	610	609	1608
5	805	601	610	1609
5	880	806	704	1610
5	805	610	804	1611
5	989	898	703	1612
5	1078	857	1068	1613
5	807	612	611	1614
5	808	602	612	1615
5	1209	1029	1208	1616
5	808	612	807	1617
5	1182	1002	1073	1618
5	877	813	667	1619
5	1253	1056	1102	1620
5	810	613	809	1621
5	1004	817	816	1622
5	811	614	810	1623
5	903	865	684	1624
5	1159	972	971	1625
5	815	619	616	1626
5	817	523	620	1627
5	814	682	582	1628
5	971	786	785	1629
5	882	792	687	1630
5	1102	1056	901	1631
5	879	683	878	1632
5	816	619	815	1633
5	1002	815	812	1634
5	817	620	816	1635
5	907	882	687	1636
5	1006	818	712	1637
5	977	793	792	1638
5	819	621	818	1639
5	1025	834	833	1640
5	822	624	821	1641
5	1025	833	1024	1642
5	822	483	624	1643
5	1012	823	781	1644
5	975	790	884	1645
5	979	718	881	1646
5	981	796	795	1647
5	1013	823	1012	1648
5	979	794	718	1649
5	976	781	791	1650
5	830	627	824	1651
5	826	629	628	1652
5	827	463	629	1653
5	1019	829	1018	1654
5	827	629	826	1655
5	869	825	650	1656
5	894	760	672	1657
5	949	757	941	1658
5	829	630	828	1659
5	1037	908	714	1660
5	1145	955	1144	1661
5	1056	852	901	1662
5	911	721	702	1663
5	901	693	864	1664
5	902	717	860	1665
5	982	796	981	1666
5	833	634	832	1667
5	977	792	882	1668
5	834	635	833	1669
5	967	783	782	1670
5	1104	907	906	1671
5	835	711	637	1672
5	835	637	636	1673
5	978	712	793	1674
5	837	638	836	1675
5	1030	688	838	1676
5	838	639	837	1677
5	1003	815	1002	1678
5	878	683	707	1679
5	1367	1092	1265	1680
5	841	641	840	1681
5	984	798	983	1682
5	841	789	588	1683
5	1226	1090	1156	1684
5	876	706	654	1685
5	921	674	885	1686
5	843	642	842	1687
5	931	869	650	1688
5	844	643	843	1689
5	894	672	893	1690
5	909	715	908	1691
5	870	773	699	1692
5	846	646	845	1693
5	961	716	775	1694
5	959	773	870	1695
5	847	692	647	1696
5	914	647	724	1697
5	848	762	664	1698
5	1138	1131	939	1699
5	1044	691	659	1700
5	1686	1371	1519	1701
5	1154	910	1049	1702
5	857	653	657	1703
5	851	756	651	1704
5	1148	872	958	1705
5	1082	724	1058	1706
5	914	847	647	1707
5	1506	863	1042	1708
5	1083	726	727	1709
5	854	665	652	1710
5	927	854	652	1711
5	1101	891	909	1712
5	1260	1100	1228	1713
5	954	923	737	1714
5	1308	1152	1307	1715
5	876	850	706	1716
5	887	653	857	1717
5	858	782	686	1718
5	899	858	686	1719
5	1231	1045	1220	1720
5	1507	1408	1431	1721
5	860	717	694	1722
5	1336	1191	1335	1723
5	1369	1220	1271	1724
5	1598	1554	1440	1725
5	968	719	910	1726
5	1156	862	969	1727
5	863	857	657	1728
5	863	657	685	1729
5	1162	975	884	1730
5	1167	980	1166	1731
5	1005	918	730	1732
5	1278	1105	1104	1733
5	866	864	722	1734
5	866	722	656	1735
5	1406	1093	1222	1736
5	1264	1224	1078	1737
5	1527	1061	932	1738
5	1371	888	1227	1739
5	1016	919	733	1740
5	885	674	677	1741
5	940	755	939	1742
5	962	716	961	1743
5	1140	952	951	1744
5	1094	890	1041	1745
5	1217	875	1040	1746
5	955	770	676	1747
5	924	738	923	1748
5	924	697	738	1749
5	936	750	935	1750
5	933	700	874	1751
5	1150	960	1149	1752
5	958	648	772	1753
5	1171	985	1170	1754
5	1155	968	1154	1755
5	1077	905	1030	1756
5	899	686	682	1757
5	879	839	683	1758
5	1033	840	1032	1759
5	1078	887	857	1760
5	1171	904	985	1761
5	990	803	898	1762
5	996	797	995	1763
5	881	718	689	1764
5	1011	881	689	1765
5	1006	712	978	1766
5	1010	822	821	1767
5	1135	945	944	1768
5	917	883	729	1769
5	980	794	979	1770
5	1024	833	832	1771
5	920	734	919	1772
5	925	736	922	1773
5	1508	720	886	1774
5	886	720	507	1775
5	887	876	654	1776
5	887	654	653	1777
5	932	679	896	1778
5	932	746	679	1779
5	917	729	743	1780
5	942	758	889	1781
5	890	871	662	1782
5	890	662	673	1783
5	893	672	670	1784
5	945	930	744	1785
5	892	861	669	1786
5	892	669	723	1787
5	1113	921	885	1788
5	944	760	894	1789
5	1046	944	894	1790
5	1195	1111	919	1791
5	895	890	673	1792
5	895	673	680	1793
5	932	888	746	1794
5	896	679	666	1795
5	897	895	680	1796
5	897	680	675	1797
5	990	804	803	1798
5	992	704	805	1799
5	1071	1000	1001	1800
5	1206	1027	974	1801
5	906	711	835	1802
5	907	687	711	1803
5	1108	1055	912	1804
5	1221	852	1056	1805
5	912	656	721	1806
5	912	721	911	1807
5	994	807	993	1808
5	1180	996	1179	1809
5	986	800	709	1810
5	989	703	802	1811
5	905	900	710	1812
5	905	710	688	1813
5	1190	881	1011	1814
5	907	711	906	1815
5	1187	1009	1008	1816
5	1165	978	977	1817
5	909	678	715	1818
5	908	715	714	1819
5	1123	1066	931	1820
5	1119	927	926	1821
5	968	784	719	1822
5	969	655	784	1823
5	1335	1163	1313	1824
5	912	866	656	1825
5	1229	1087	1109	1826
5	1205	884	1026	1827
5	913	892	723	1828
5	913	723	671	1829
5	1091	864	866	1830
5	1060	1050	913	1831
5	1269	1140	1086	1832
5	1151	961	1150	1833
5	916	889	728	1834
5	916	728	696	1835
5	943	759	942	1836
5	1228	1100	1134	1837
5	918	877	667	1838
5	918	667	730	1839
5	920	677	734	1840
5	919	734	733	1841
5	1144	964	1095	1842
5	1217	1096	875	1843
5	1146	957	956	1844
5	926	740	739	1845
5	1238	1076	1197	1846
5	1195	919	1016	1847
5	924	873	697	1848
5	1321	1177	1176	1849
5	1153	966	963	1850
5	1290	1128	1247	1851
5	1283	1112	1111	1852
5	926	739	925	1853
5	1121	929	928	1854
5	927	740	926	1855
5	1129	937	1065	1856
5	1085	855	854	1857
5	929	696	742	1858
5	928	742	741	1859
5	1063	889	1043	1860
5	1133	942	1063	1861
5	945	761	944	1862
5	931	745	930	1863
5	1123	930	945	1864
5	1065	937	855	1865
5	1286	1117	1284	1866
5	1604	1461	1460	1867
5	1283	1113	1112	1868
5	934	747	933	1869
5	1194	1016	1015	1870
5	1017	748	934	1871
5	936	731	750	1872
5	936	874	731	1873
5	1125	933	874	1874
5	1139	949	941	1875
5	938	741	753	1876
5	937	753	752	1877
5	1130	1121	928	1878
5	1227	888	1061	1879
5	940	699	755	1880
5	940	870	699	1881
5	1131	940	939	1882
5	1052	959	870	1883
5	949	765	757	1884
5	1034	842	766	1885
5	943	743	759	1886
5	942	759	758	1887
5	1368	1227	1061	1888
5	1124	932	896	1889
5	945	744	761	1890
5	944	761	760	1891
5	1117	925	922	1892
5	1123	945	1135	1893
5	947	764	763	1894
5	948	764	947	1895
5	1297	1136	1244	1896
5	1106	908	1037	1897
5	1095	964	965	1898
5	1304	1144	1240	1899
5	1149	960	959	1900
5	950	765	949	1901
5	1320	1176	1175	1902
5	1034	766	950	1903
5	952	768	767	1904
5	953	768	952	1905
5	1089	892	1050	1906
5	1282	1094	1236	1907
5	1430	1280	1373	1908
5	954	769	953	1909
5	1137	947	1136	1910
5	1151	962	961	1911
5	1146	956	1145	1912
5	1212	950	1139	1913
5	1152	962	1151	1914
5	957	771	956	1915
5	1197	1017	1196	1916
5	958	772	957	1917
5	1340	1126	1290	1918
5	1196	1017	934	1919
5	960	775	774	1920
5	962	776	716	1921
5	1110	1051	915	1922
5	963	776	962	1923
5	1094	871	890	1924
5	966	780	777	1925
5	1140	951	1086	1926
5	1425	1282	1370	1927
5	1079	1047	848	1928
5	966	777	963	1929
5	964	955	676	1930
5	964	676	779	1931
5	965	964	779	1932
5	965	779	778	1933
5	1298	1293	1131	1934
5	1038	780	966	1935
5	970	785	783	1936
5	972	787	786	1937
5	1169	983	1069	1938
5	969	784	968	1939
5	1173	987	986	1940
5	1090	878	862	1941
5	1182	1003	1002	1942
5	971	785	970	1943
5	1183	918	1005	1944
5	972	786	971	1945
5	1259	1087	1229	1946
5	973	787	972	1947
5	1179	995	994	1948
5	974	732	973	1949
5	1074	880	1178	1950
5	1027	788	974	1951
5	1185	1007	1006	1952
5	1013	824	823	1953
5	1347	1201	1346	1954
5	1343	1199	1198	1955
5	1172	986	904	1956
5	1007	818	1006	1957
5	1160	973	972	1958
5	1008	819	1007	1959
5	980	795	794	1960
5	982	713	796	1961
5	1168	981	1167	1962
5	1023	832	713	1963
5	1191	1012	976	1964
5	1205	1162	884	1965
5	1332	1188	1331	1966
5	1023	713	982	1967
5	984	799	798	1968
5	985	708	799	1969
5	1310	1226	1156	1970
5	985	799	984	1971
5	1318	1173	1172	1972
5	1176	989	1175	1973
5	1169	984	983	1974
5	987	800	986	1975
5	1178	991	1177	1976
5	988	801	987	1977
5	1177	991	990	1978
5	989	802	988	1979
5	1174	988	987	1980
5	1310	1156	1155	1981
5	1181	1073	903	1982
5	991	804	990	1983
5	1175	989	988	1984
5	992	805	991	1985
5	1170	984	1169	1986
5	1157	970	967	1987
5	994	808	807	1988
5	999	705	811	1989
5	1172	904	1171	1990
5	997	810	809	1991
5	1161	974	973	1992
5	1207	1028	1027	1993
5	1075	967	858	1994
5	997	809	996	1995
5	1101	1046	893	1996
5	998	810	997	1997
5	1584	1430	1509	1998
5	999	811	998	1999
5	1073	865	903	2000
5	1183	1098	918	2001
5	1000	899	682	2002
5	1000	682	814	2003
5	1001	1000	814	2004
5	1001	814	813	2005
5	1003	816	815	2006
5	1005	730	817	2007
5	1181	903	999	2008
5	1004	816	1003	2009
5	1178	880	992	2010
5	1005	817	1004	2011
5	1073	1002	865	2012
5	1183	1004	1182	2013
5	1189	1011	1010	2014
5	1009	821	820	2015
5	1104	906	1103	2016
5	1334	1250	1053	2017
5	1166	980	979	2018
5	1009	820	1008	2019
5	1203	1025	1024	2020
5	1010	821	1009	2021
5	1191	976	1163	2022
5	1011	822	1010	2023
5	1166	979	1053	2024
5	1168	982	981	2025
5	1192	1013	1012	2026
5	1021	830	1020	2027
5	1201	982	1168	2028
5	1022	831	1021	2029
5	1015	827	826	2030
5	1016	733	827	2031
5	1046	894	893	2032
5	1016	827	1015	2033
5	1212	1034	950	2034
5	1128	936	1127	2035
5	1135	944	1046	2036
5	1018	828	1017	2037
5	1106	1101	909	2038
5	1019	851	651	2039
5	1076	941	851	2040
5	1212	1035	1034	2041
5	1415	1056	1253	2042
5	1163	975	1162	2043
5	1349	1203	1348	2044
5	1022	860	694	2045
5	1091	866	1055	2046
5	1055	866	912	2047
5	1192	1012	1191	2048
5	1024	832	1023	2049
5	1164	977	882	2050
5	1026	690	834	2051
5	1184	1006	978	2052
5	1103	900	1062	2053
5	1179	996	995	2054
5	1105	882	907	2055
5	1072	899	1000	2056
5	1028	836	1027	2057
5	1180	998	997	2058
5	1029	837	1028	2059
5	1105	907	1104	2060
5	1030	838	1029	2061
5	1103	906	900	2062
5	1188	1010	1009	2063
5	1031	983	789	2064
5	1031	789	841	2065
5	1033	841	840	2066
5	1033	1031	841	2067
5	1355	1211	1210	2068
5	1517	1470	1397	2069
5	1076	851	1019	2070
5	1035	842	1034	2071
5	1118	926	925	2072
5	1036	843	1035	2073
5	1066	869	931	2074
5	1037	844	1036	2075
5	1085	1065	855	2076
5	1122	929	1121	2077
5	1136	947	946	2078
5	1039	845	1038	2079
5	1214	1038	966	2080
5	1040	846	1039	2081
5	1149	959	1052	2082
5	1216	1040	1039	2083
5	1050	892	913	2084
5	1422	1270	1246	2085
5	1042	863	849	2086
5	1044	659	867	2087
5	1436	1289	1260	2088
5	1122	916	929	2089
5	1256	691	1044	2090
5	1080	658	691	2091
5	1045	1041	895	2092
5	1045	895	897	2093
5	1101	893	891	2094
5	1106	1037	1213	2095
5	1047	946	848	2096
5	1273	1051	1110	2097
5	1048	1045	897	2098
5	1048	897	861	2099
5	1049	910	850	2100
5	1326	1073	1181	2101
5	1089	861	892	2102
5	1089	1048	861	2103
5	1143	923	954	2104
5	1079	848	873	2105
5	1132	940	1131	2106
5	1290	1126	1125	2107
5	1053	979	881	2108
5	1190	1053	881	2109
5	1054	902	860	2110
5	1200	1088	1022	2111
5	1108	911	1107	2112
5	1270	1050	1246	2113
5	1102	864	1091	2114
5	1102	901	864	2115
5	1058	698	1057	2116
5	1058	724	698	2117
5	1082	914	724	2118
5	1258	1057	1059	2119
5	1059	1057	663	2120
5	1059	663	852	2121
5	1246	1050	1060	2122
5	1345	1200	1344	2123
5	1356	1243	1212	2124
5	1124	896	1064	2125
5	1405	1310	1376	2126
5	1077	1062	905	2127
5	1064	896	883	2128
5	1294	1133	1223	2129
5	1443	1295	1377	2130
5	1134	917	943	2131
5	1193	1015	1014	2132
5	1338	1195	1194	2133
5	1111	920	919	2134
5	1066	1014	869	2135
5	1067	935	872	2136
5	1148	1067	872	2137
5	1097	887	1078	2138
5	1081	1049	850	2139
5	1210	1032	1070	2140
5	1211	1031	1033	2141
5	1210	1033	1032	2142
5	1211	1069	1031	2143
5	1249	1079	1248	2144
5	1157	967	1075	2145
5	1312	1160	1311	2146
5	1072	1000	1071	2147
5	1071	1001	877	2148
5	1182	1004	1003	2149
5	1181	998	1180	2150
5	1074	994	993	2151
5	1072	1075	858	2152
5	1378	1232	1353	2153
5	1139	950	949	2154
5	1127	936	935	2155
5	1158	970	1157	2156
5	1208	1029	1028	2157
5	1323	1074	1322	2158
5	1239	1097	1224	2159
5	1141	952	1140	2160
5	1231	1041	1045	2161
5	1550	1367	1265	2162
5	1754	1607	1753	2163
5	1126	933	1125	2164
5	1197	1018	1017	2165
5	1267	914	1082	2166
5	1281	1235	1055	2167
5	1289	1064	1260	2168
5	1233	867	1092	2169
5	1268	727	1084	2170
5	1084	727	668	2171
5	1112	920	1111	2172
5	1563	1452	1533	2173
5	1411	1259	1375	2174
5	1115	873	924	2175
5	1087	1060	859	2176
5	1087	859	847	2177
5	1088	1054	860	2178
5	1088	860	1022	2179
5	1449	1304	1448	2180
5	1303	1116	1143	2181
5	1099	879	878	2182
5	1099	1070	879	2183
5	1277	1103	1062	2184
5	1072	858	899	2185
5	1233	1044	867	2186
5	1222	868	1083	2187
5	1093	1092	661	2188
5	1093	661	868	2189
5	1110	915	871	2190
5	1270	1089	1050	2191
5	1144	955	964	2192
5	1145	956	955	2193
5	1096	1095	965	2194
5	1096	965	875	2195
5	1097	1081	876	2196
5	1097	876	887	2197
5	1098	1071	877	2198
5	1098	877	918	2199
5	1354	1070	1275	2200
5	1318	1172	1171	2201
5	1100	1064	883	2202
5	1100	883	917	2203
5	1262	1075	1072	2204
5	1382	1351	1350	2205
5	1179	994	1074	2206
5	1074	993	880	2207
5	1352	1207	1206	2208
5	1164	882	1105	2209
5	1322	1178	1316	2210
5	1165	977	1164	2211
5	1276	1071	1272	2212
5	1184	978	1165	2213
5	1106	909	908	2214
5	1357	1213	1243	2215
5	1108	912	911	2216
5	1107	911	902	2217
5	1721	1375	1577	2218
5	1383	1234	1254	2219
5	1109	1087	847	2220
5	1109	847	914	2221
5	1384	1220	1369	2222
5	1269	1086	1230	2223
5	1112	885	920	2224
5	1114	922	921	2225
5	1284	1117	1114	2226
5	1113	885	1112	2227
5	1338	1194	1193	2228
5	1114	921	1113	2229
5	1339	1283	1111	2230
5	1117	922	1114	2231
5	1385	1247	1306	2232
5	1141	953	952	2233
5	1116	1115	924	2234
5	1116	924	923	2235
5	1242	1065	1085	2236
5	1118	925	1117	2237
5	1389	1223	1237	2238
5	1119	926	1118	2239
5	1292	1130	1291	2240
5	1120	927	1119	2241
5	1439	1416	1288	2242
5	1255	1043	1122	2243
5	1130	938	1129	2244
5	1122	1043	916	2245
5	1433	1380	1286	2246
5	1589	1438	1510	2247
5	1123	931	930	2248
5	1193	1014	1066	2249
5	1286	1118	1117	2250
5	1287	1119	1286	2251
5	1126	934	933	2252
5	1197	1076	1019	2253
5	1295	1123	1135	2254
5	1196	934	1126	2255
5	1128	874	936	2256
5	1128	1125	874	2257
5	1452	1357	1387	2258
5	1450	1293	1446	2259
5	1130	928	938	2260
5	1129	938	937	2261
5	1337	1066	1296	2262
5	1435	1386	1241	2263
5	1132	870	940	2264
5	1132	1052	870	2265
5	1360	1216	1359	2266
5	1240	1144	1095	2267
5	1134	1100	917	2268
5	1133	943	942	2269
5	1511	1222	1420	2270
5	1953	1664	1706	2271
5	1285	1248	1115	2272
5	1245	1052	1293	2273
5	1137	948	947	2274
5	1138	939	948	2275
5	1293	1132	1131	2276
5	1138	948	1137	2277
5	1307	1152	1151	2278
5	1298	1131	1138	2279
5	1299	1076	1238	2280
5	1213	1037	1036	2281
5	1143	954	1142	2282
5	1142	953	1141	2283
5	1300	1141	1140	2284
5	1143	1116	923	2285
5	1557	1381	1552	2286
5	1297	1138	1137	2287
5	1365	1302	1301	2288
5	1586	1525	1380	2289
5	1240	1095	1096	2290
5	1147	958	957	2291
5	1308	1214	1153	2292
5	1245	1150	1149	2293
5	1304	1145	1144	2294
5	1147	957	1146	2295
5	1359	1214	1308	2296
5	1148	958	1147	2297
5	1360	1240	1096	2298
5	1411	1246	1259	2299
5	1150	961	960	2300
5	1152	963	962	2301
5	1305	1146	1304	2302
5	1153	963	1152	2303
5	1305	1148	1147	2304
5	1214	966	1153	2305
5	1359	1216	1215	2306
5	1215	1039	1038	2307
5	1306	1067	1148	2308
5	1307	1151	1150	2309
5	1155	969	968	2310
5	1156	1090	862	2311
5	1515	1080	1256	2312
5	1156	969	1155	2313
5	1899	1755	1754	2314
5	1274	1090	1226	2315
5	1158	971	970	2316
5	1209	1030	1029	2317
5	1232	1062	1077	2318
5	1159	971	1158	2319
5	1259	1060	1087	2320
5	1160	972	1159	2321
5	1329	1272	1098	2322
5	1161	973	1160	2323
5	1348	1203	1202	2324
5	1206	974	1161	2325
5	1163	976	975	2326
5	1199	1021	1020	2327
5	1333	1190	1189	2328
5	1200	1021	1199	2329
5	1277	1104	1103	2330
5	1185	1006	1184	2331
5	1346	1168	1315	2332
5	1186	1008	1007	2333
5	1167	981	980	2334
5	1201	1023	982	2335
5	1315	1168	1167	2336
5	1202	1023	1201	2337
5	1336	1192	1191	2338
5	1203	1024	1202	2339
5	1170	985	984	2340
5	1274	1099	1090	2341
5	1746	1600	1570	2342
5	1173	986	1172	2343
5	1462	1459	1321	2344
5	1174	987	1173	2345
5	1641	1426	1583	2346
5	1175	988	1174	2347
5	1239	1081	1097	2348
5	1176	990	898	2349
5	1355	1210	1354	2350
5	1176	898	989	2351
5	1252	1069	1211	2352
5	1317	1169	1252	2353
5	1317	1171	1170	2354
5	1177	990	1176	2355
5	1252	1169	1069	2356
5	1178	992	991	2357
5	1464	1322	1463	2358
5	1180	997	996	2359
5	1311	1159	1158	2360
5	1181	999	998	2361
5	1272	1071	1098	2362
5	1329	1098	1183	2363
5	1325	1181	1180	2364
5	1316	1178	1177	2365
5	1317	1170	1169	2366
5	1183	1005	1004	2367
5	1276	1072	1071	2368
5	1328	1183	1182	2369
5	1343	1198	1342	2370
5	1259	1246	1060	2371
5	1351	1313	1162	2372
5	1186	1007	1185	2373
5	1331	1186	1330	2374
5	1187	1008	1186	2375
5	1330	1185	1184	2376
5	1188	1009	1187	2377
5	1277	1062	1232	2378
5	1189	1010	1188	2379
5	1620	1456	1475	2380
5	1190	1011	1189	2381
5	1342	1192	1336	2382
5	1330	1186	1185	2383
5	1351	1162	1205	2384
5	1374	1253	1225	2385
5	1280	1107	1234	2386
5	1198	1013	1192	2387
5	1284	1114	1113	2388
5	1194	1015	1193	2389
5	1291	1129	1241	2390
5	1195	1016	1194	2391
5	1241	1129	1065	2392
5	1287	1120	1119	2393
5	1284	1113	1283	2394
5	1197	1019	1018	2395
5	1295	1135	1261	2396
5	1358	1106	1357	2397
5	1234	1107	1054	2398
5	1200	1022	1021	2399
5	1345	1254	1088	2400
5	1344	1199	1343	2401
5	1342	1198	1192	2402
5	1313	1163	1162	2403
5	1335	1191	1163	2404
5	1204	1026	1025	2405
5	1349	1204	1203	2406
5	1350	1205	1204	2407
5	1492	1312	1311	2408
5	1204	1025	1203	2409
5	1263	1157	1075	2410
5	1205	1026	1204	2411
5	1278	1164	1105	2412
5	1346	1201	1168	2413
5	1323	1179	1074	2414
5	1207	1027	1206	2415
5	1314	1184	1165	2416
5	1208	1028	1207	2417
5	1263	1158	1157	2418
5	1209	1077	1030	2419
5	1353	1209	1208	2420
5	1232	1077	1209	2421
5	1319	1175	1174	2422
5	1211	1033	1210	2423
5	1321	1316	1177	2424
5	1324	1179	1323	2425
5	1478	1296	1443	2426
5	1213	1036	1035	2427
5	1370	1282	1236	2428
5	1243	1213	1212	2429
5	1654	1531	1581	2430
5	1215	1038	1214	2431
5	1285	1115	1116	2432
5	1216	1039	1215	2433
5	1384	1231	1220	2434
5	1217	1040	1216	2435
5	1306	1247	1067	2436
5	1247	1127	1067	2437
5	1218	1084	668	2438
5	1218	668	517	2439
5	1521	1233	1367	2440
5	1219	886	507	2441
5	1271	1048	1089	2442
5	1271	1089	1270	2443
5	1403	1082	1059	2444
5	1403	1267	1082	2445
5	1264	1078	1068	2446
5	1260	1064	1100	2447
5	1223	1133	1063	2448
5	1514	1404	1416	2449
5	1224	1097	1078	2450
5	1562	1428	1538	2451
5	1225	1102	1091	2452
5	1235	1225	1091	2453
5	1495	1275	1426	2454
5	1309	1155	1154	2455
5	1420	1083	1268	2456
5	1519	1227	1518	2457
5	1436	1260	1417	2458
5	1439	1292	1438	2459
5	1423	1369	1271	2460
5	1423	1270	1422	2461
5	1236	1041	1231	2462
5	1558	1391	1557	2463
5	1236	1094	1041	2464
5	1273	1230	1051	2465
5	1319	1173	1318	2466
5	1278	1104	1277	2467
5	1684	1662	1401	2468
5	1265	1092	1093	2469
5	1235	1091	1055	2470
5	1476	1313	1382	2471
5	1281	1108	1280	2472
5	1628	1482	1627	2473
5	1365	1303	1302	2474
5	1647	1499	1646	2475
5	1237	1223	1063	2476
5	1237	1063	1043	2477
5	1340	1196	1126	2478
5	1290	1125	1128	2479
5	1251	1154	1049	2480
5	1309	1154	1251	2481
5	1399	1279	1358	2482
5	1247	1128	1127	2483
5	1292	1288	1121	2484
5	1255	1237	1043	2485
5	1242	1120	1287	2486
5	1242	1241	1065	2487
5	1356	1139	1299	2488
5	1261	1135	1046	2489
5	1244	1136	1047	2490
5	1248	1079	1115	2491
5	1293	1052	1132	2492
5	1307	1150	1245	2493
5	1375	1259	1229	2494
5	1391	1230	1381	2495
5	1304	1146	1145	2496
5	1305	1147	1146	2497
5	1249	1047	1079	2498
5	1249	1244	1047	2499
5	1447	1301	1300	2500
5	1568	1412	1564	2501
5	1315	1167	1250	2502
5	1250	1167	1166	2503
5	1559	1402	1080	2504
5	1426	1274	1396	2505
5	1275	1099	1274	2506
5	1319	1174	1173	2507
5	1419	1109	1267	2508
5	1419	1229	1109	2509
5	1254	1234	1054	2510
5	1254	1054	1088	2511
5	1573	1407	1565	2512
5	1438	1291	1386	2513
5	1379	1042	1266	2514
5	1256	1080	691	2515
5	1257	1251	1049	2516
5	1257	1049	1081	2517
5	1258	1082	1058	2518
5	1258	1058	1057	2519
5	1347	1202	1201	2520
5	1330	1184	1314	2521
5	1518	1227	1368	2522
5	1390	1294	1223	2523
5	1622	1443	1526	2524
5	1358	1101	1106	2525
5	1496	1457	1252	2526
5	1263	1075	1262	2527
5	1312	1206	1161	2528
5	1311	1158	1263	2529
5	1527	1368	1061	2530
5	1687	1512	1513	2531
5	1367	1233	1092	2532
5	1266	1042	849	2533
5	1460	1319	1318	2534
5	1664	1518	1368	2535
5	1415	1221	1056	2536
5	1548	1374	1408	2537
5	1530	1268	1084	2538
5	1268	1083	727	2539
5	1391	1269	1230	2540
5	1300	1140	1269	2541
5	1663	1415	1571	2542
5	1271	1220	1048	2543
5	1447	1300	1392	2544
5	1392	1300	1269	2545
5	1276	1262	1072	2546
5	1640	1494	1493	2547
5	1413	1249	1412	2548
5	1381	1230	1273	2549
5	1275	1070	1099	2550
5	1354	1210	1070	2551
5	1460	1318	1458	2552
5	1355	1252	1211	2553
5	1469	1429	1328	2554
5	1464	1323	1322	2555
5	1428	1232	1378	2556
5	1332	1189	1188	2557
5	1250	1166	1053	2558
5	1455	1311	1263	2559
5	1279	1261	1046	2560
5	1279	1046	1101	2561
5	1281	1055	1108	2562
5	1280	1108	1107	2563
5	1431	1281	1430	2564
5	1572	1419	1267	2565
5	1282	1273	1110	2566
5	1282	1110	1094	2567
5	1296	1123	1295	2568
5	1296	1066	1123	2569
5	1301	1141	1300	2570
5	1242	1085	1120	2571
5	1647	1500	1499	2572
5	1286	1119	1118	2573
5	1444	1297	1244	2574
5	1387	1357	1243	2575
5	1443	1296	1295	2576
5	1380	1287	1286	2577
5	1288	1255	1122	2578
5	1288	1122	1121	2579
5	1723	1688	1417	2580
5	1512	1289	1436	2581
5	1437	1247	1385	2582
5	1341	1197	1196	2583
5	1292	1121	1130	2584
5	1291	1130	1129	2585
5	1390	1223	1389	2586
5	1386	1291	1241	2587
5	1297	1137	1136	2588
5	1625	1437	1534	2589
5	1294	1228	1134	2590
5	1294	1134	1133	2591
5	1437	1290	1247	2592
5	1337	1193	1066	2593
5	1441	1338	1337	2594
5	1338	1193	1337	2595
5	1400	1248	1285	2596
5	1298	1138	1297	2597
5	1450	1245	1293	2598
5	1412	1248	1400	2599
5	1356	1212	1139	2600
5	1299	1139	1076	2601
5	1301	1142	1141	2602
5	1302	1143	1142	2603
5	1392	1269	1391	2604
5	1302	1142	1301	2605
5	1303	1285	1116	2606
5	1303	1143	1302	2607
5	1359	1215	1214	2608
5	1245	1149	1052	2609
5	1502	1448	1240	2610
5	1388	1299	1238	2611
5	1480	1290	1437	2612
5	1306	1148	1305	2613
5	1421	1303	1365	2614
5	1448	1304	1240	2615
5	1444	1244	1413	2616
5	1360	1096	1217	2617
5	1479	1432	1283	2618
5	1308	1153	1152	2619
5	1458	1318	1317	2620
5	1310	1155	1309	2621
5	1311	1160	1159	2622
5	1353	1208	1352	2623
5	1602	1455	1454	2624
5	1493	1352	1312	2625
5	1352	1206	1312	2626
5	1312	1161	1160	2627
5	1314	1164	1278	2628
5	1331	1188	1187	2629
5	1314	1165	1164	2630
5	1331	1187	1186	2631
5	1485	1345	1344	2632
5	1348	1202	1347	2633
5	1322	1074	1178	2634
5	1324	1180	1179	2635
5	1395	1224	1366	2636
5	1396	1274	1226	2637
5	2029	1881	2028	2638
5	1321	1176	1320	2639
5	1466	1325	1324	2640
5	1320	1175	1319	2641
5	1463	1322	1316	2642
5	1426	1275	1274	2643
5	1495	1355	1354	2644
5	1463	1316	1459	2645
5	1454	1263	1262	2646
5	1325	1180	1324	2647
5	1454	1262	1424	2648
5	1326	1181	1325	2649
5	1427	1272	1398	2650
5	1327	1182	1073	2651
5	1398	1272	1329	2652
5	1468	1327	1326	2653
5	1467	1326	1325	2654
5	1327	1073	1326	2655
5	1459	1316	1321	2656
5	1328	1182	1327	2657
5	1603	1457	1536	2658
5	1329	1183	1328	2659
5	1489	1347	1488	2660
5	1618	1471	1615	2661
5	1488	1347	1346	2662
5	1333	1189	1332	2663
5	1468	1326	1467	2664
5	1334	1053	1190	2665
5	1458	1317	1457	2666
5	1467	1325	1466	2667
5	1397	1278	1277	2668
5	1334	1190	1333	2669
5	1627	1477	1621	2670
5	1476	1335	1313	2671
5	1617	1475	1474	2672
5	1490	1349	1348	2673
5	1487	1315	1456	2674
5	1345	1088	1200	2675
5	1407	1294	1390	2676
5	1434	1287	1380	2677
5	1339	1195	1338	2678
5	1339	1111	1195	2679
5	1442	1338	1441	2680
5	1478	1441	1337	2681
5	1341	1238	1197	2682
5	1341	1196	1340	2683
5	1418	1261	1279	2684
5	1791	1645	1790	2685
5	1488	1346	1487	2686
5	1344	1200	1199	2687
5	1456	1315	1250	2688
5	1541	1383	1522	2689
5	1487	1346	1315	2690
5	1483	1343	1342	2691
5	1383	1373	1234	2692
5	1572	1267	1403	2693
5	1473	1332	1331	2694
5	1470	1278	1397	2695
5	1475	1456	1250	2696
5	1350	1204	1349	2697
5	1489	1348	1347	2698
5	1351	1205	1350	2699
5	1657	1549	1640	2700
5	1491	1382	1350	2701
5	1382	1313	1351	2702
5	1482	1336	1477	2703
5	1470	1314	1278	2704
5	1352	1208	1207	2705
5	1472	1330	1471	2706
5	1353	1232	1209	2707
5	1474	1333	1332	2708
5	1474	1334	1333	2709
5	1414	1251	1257	2710
5	1560	1516	1376	2711
5	1414	1257	1394	2712
5	1756	1609	1755	2713
5	1498	1387	1243	2714
5	1575	1377	1418	2715
5	1358	1279	1101	2716
5	1357	1106	1213	2717
5	1440	1385	1306	2718
5	1440	1306	1305	2719
5	1449	1440	1305	2720
5	1360	1217	1216	2721
5	1449	1305	1304	2722
5	1412	1249	1248	2723
5	1393	1256	1044	2724
5	1393	1044	1233	2725
5	1652	853	1504	2726
5	1420	1222	1083	2727
5	1363	1362	1218	2728
5	1363	1218	853	2729
5	1364	1266	849	2730
5	1544	849	685	2731
5	1413	1244	1249	2732
5	1446	1298	1445	2733
5	1545	1264	1361	2734
5	1406	1265	1093	2735
5	1658	1591	1592	2736
5	1544	720	1508	2737
5	1512	1372	1289	2738
5	1417	1260	1228	2739
5	1423	1271	1270	2740
5	1422	1246	1411	2741
5	1409	1231	1384	2742
5	1409	1236	1231	2743
5	1504	853	660	2744
5	1505	746	888	2745
5	1578	1084	1362	2746
5	1372	1124	1289	2747
5	1373	1280	1234	2748
5	1484	1344	1343	2749
5	1581	1423	1580	2750
5	1431	1408	1235	2751
5	1630	1485	1484	2752
5	1630	1484	1629	2753
5	1376	1310	1309	2754
5	1453	1309	1251	2755
5	1377	1295	1261	2756
5	1418	1377	1261	2757
5	1636	1491	1490	2758
5	1494	1352	1493	2759
5	1511	1406	1222	2760
5	1555	1404	1514	2761
5	1433	1284	1432	2762
5	1710	1555	1709	2763
5	1552	1425	1520	2764
5	1872	1727	1845	2765
5	1627	1482	1477	2766
5	1483	1342	1482	2767
5	1477	1335	1476	2768
5	1482	1342	1336	2769
5	1409	1370	1236	2770
5	1552	1381	1425	2771
5	1540	1410	1481	2772
5	1645	1387	1498	2773
5	1435	1242	1434	2774
5	1573	1417	1407	2775
5	1497	1299	1388	2776
5	1788	1543	1703	2777
5	1497	1356	1299	2778
5	1498	1243	1356	2779
5	1587	1434	1525	2780
5	1722	1573	1565	2781
5	1586	1433	1585	2782
5	1417	1228	1407	2783
5	1595	1392	1558	2784
5	1447	1365	1301	2785
5	1843	1670	1842	2786
5	1568	1413	1412	2787
5	1503	1401	1402	2788
5	1852	1707	1528	2789
5	1561	1405	1516	2790
5	1453	1251	1414	2791
5	1395	1394	1239	2792
5	1395	1239	1224	2793
5	1876	1731	1676	2794
5	1457	1317	1252	2795
5	1635	1490	1489	2796
5	1634	1488	1633	2797
5	1424	1262	1276	2798
5	1494	1353	1352	2799
5	1624	1432	1479	2800
5	1418	1279	1399	2801
5	1564	1400	1421	2802
5	1446	1293	1298	2803
5	1844	1689	1559	2804
5	1401	886	1219	2805
5	1402	1401	1219	2806
5	1402	1219	1080	2807
5	1403	1059	1221	2808
5	1801	1667	1548	2809
5	1404	1389	1237	2810
5	1404	1237	1255	2811
5	1405	1396	1226	2812
5	1405	1226	1310	2813
5	1706	1368	1527	2814
5	1665	1363	1652	2815
5	1525	1434	1380	2816
5	1590	1514	1416	2817
5	1408	1374	1225	2818
5	1408	1225	1235	2819
5	1593	1445	1444	2820
5	1596	1365	1447	2821
5	1410	1388	1238	2822
5	1410	1238	1341	2823
5	1571	1415	1253	2824
5	1553	1520	1370	2825
5	1595	1447	1392	2826
5	1569	1444	1413	2827
5	1792	1646	1599	2828
5	1534	1437	1385	2829
5	1608	1463	1607	2830
5	1453	1376	1309	2831
5	1571	1253	1374	2832
5	1576	1221	1415	2833
5	1416	1404	1255	2834
5	1416	1255	1288	2835
5	1556	1389	1555	2836
5	1521	1393	1233	2837
5	1586	1380	1433	2838
5	1767	1591	1658	2839
5	1802	1663	1571	2840
5	1702	1509	1541	2841
5	1668	1578	1362	2842
5	1669	1528	1364	2843
5	1421	1400	1285	2844
5	1421	1285	1303	2845
5	1531	1384	1369	2846
5	1581	1369	1423	2847
5	1579	1422	1411	2848
5	1670	1566	1531	2849
5	1582	1427	1532	2850
5	1538	1428	1378	2851
5	1425	1381	1273	2852
5	1425	1273	1282	2853
5	1536	1457	1496	2854
5	1642	1536	1496	2855
5	1427	1424	1276	2856
5	1427	1276	1272	2857
5	1428	1397	1277	2858
5	1428	1277	1232	2859
5	1429	1398	1329	2860
5	1429	1329	1328	2861
5	1431	1235	1281	2862
5	1430	1281	1280	2863
5	1580	1422	1579	2864
5	1548	1408	1507	2865
5	1433	1286	1284	2866
5	1432	1284	1283	2867
5	1768	1623	1767	2868
5	1770	1625	1672	2869
5	1435	1241	1242	2870
5	1434	1242	1287	2871
5	1555	1389	1404	2872
5	1565	1407	1390	2873
5	1542	1394	1395	2874
5	1565	1390	1556	2875
5	1480	1340	1290	2876
5	1481	1341	1340	2877
5	1439	1288	1292	2878
5	1438	1292	1291	2879
5	1803	1709	1739	2880
5	1738	1589	1673	2881
5	1445	1297	1444	2882
5	1500	1359	1308	2883
5	1442	1339	1338	2884
5	1479	1283	1339	2885
5	1591	1442	1441	2886
5	1479	1339	1442	2887
5	1478	1337	1296	2888
5	1598	1449	1597	2889
5	1445	1298	1297	2890
5	1501	1360	1359	2891
5	1646	1451	1599	2892
5	1499	1307	1451	2893
5	1599	1451	1450	2894
5	1500	1308	1499	2895
5	1580	1423	1422	2896
5	1577	1229	1419	2897
5	1451	1245	1450	2898
5	1499	1308	1307	2899
5	1794	1647	1793	2900
5	1804	1716	1791	2901
5	1451	1307	1245	2902
5	1501	1359	1500	2903
5	1599	1450	1523	2904
5	1543	1410	1540	2905
5	1452	1399	1358	2906
5	1452	1358	1357	2907
5	1676	1516	1656	2908
5	1608	1464	1463	2909
5	1562	1517	1397	2910
5	1455	1263	1454	2911
5	1607	1463	1459	2912
5	1492	1311	1455	2913
5	1471	1314	1470	2914
5	1471	1330	1314	2915
5	1495	1354	1275	2916
5	1496	1252	1355	2917
5	1561	1396	1405	2918
5	1604	1460	1537	2919
5	1461	1319	1460	2920
5	1465	1324	1323	2921
5	1461	1320	1319	2922
5	1462	1321	1320	2923
5	1609	1465	1464	2924
5	1462	1320	1461	2925
5	1607	1459	1606	2926
5	1676	1561	1516	2927
5	1611	1467	1466	2928
5	1613	1469	1468	2929
5	1612	1467	1611	2930
5	1465	1323	1464	2931
5	1610	1466	1465	2932
5	1466	1324	1465	2933
5	1606	1462	1605	2934
5	1469	1327	1468	2935
5	1605	1461	1604	2936
5	1469	1328	1327	2937
5	1537	1460	1458	2938
5	1750	1537	1699	2939
5	1640	1493	1639	2940
5	1757	1611	1610	2941
5	1473	1331	1472	2942
5	1472	1331	1330	2943
5	1615	1470	1517	2944
5	1617	1474	1616	2945
5	1636	1490	1635	2946
5	1474	1332	1473	2947
5	1762	1617	1616	2948
5	1582	1424	1427	2949
5	1475	1334	1474	2950
5	1475	1250	1334	2951
5	1606	1459	1462	2952
5	1605	1462	1461	2953
5	1477	1336	1335	2954
5	1486	1345	1485	2955
5	1751	1605	1604	2956
5	1621	1476	1539	2957
5	2080	1934	2079	2958
5	1585	1433	1432	2959
5	1588	1386	1435	2960
5	1650	1448	1502	2961
5	1481	1410	1341	2962
5	1481	1340	1480	2963
5	1543	1388	1410	2964
5	1648	1501	1500	2965
5	1484	1343	1483	2966
5	1485	1344	1484	2967
5	1629	1483	1628	2968
5	1631	1486	1485	2969
5	1628	1483	1482	2970
5	1486	1254	1345	2971
5	1774	1629	1628	2972
5	1486	1383	1254	2973
5	1780	1636	1635	2974
5	1634	1489	1488	2975
5	1562	1397	1428	2976
5	1490	1348	1489	2977
5	1633	1488	1487	2978
5	1491	1350	1349	2979
5	1633	1487	1632	2980
5	1615	1471	1470	2981
5	1752	1606	1605	2982
5	1491	1349	1490	2983
5	1773	1627	1772	2984
5	1621	1477	1476	2985
5	1760	1614	1613	2986
5	1493	1312	1492	2987
5	1601	1424	1582	2988
5	1494	1378	1353	2989
5	1860	1714	1700	2990
5	1616	1474	1473	2991
5	1570	1414	1394	2992
5	1496	1355	1495	2993
5	1807	1570	1653	2994
5	1786	1583	1731	2995
5	1533	1452	1387	2996
5	1498	1356	1497	2997
5	1645	1533	1387	2998
5	1643	1388	1543	2999
5	1649	1502	1501	3000
5	1502	1240	1360	3001
5	1648	1500	1647	3002
5	1569	1413	1568	3003
5	1558	1392	1391	3004
5	1502	1360	1501	3005
5	1524	1421	1365	3006
5	1564	1421	1524	3007
5	1814	1551	1696	3008
5	1515	1256	1393	3009
5	1519	1371	1227	3010
5	1849	1706	1687	3011
5	1505	1504	660	3012
5	1505	660	746	3013
5	1506	1068	863	3014
5	1506	1042	1379	3015
5	1584	1507	1431	3016
5	1541	1509	1373	3017
5	1809	1508	1662	3018
5	1546	1366	1545	3019
5	1584	1431	1430	3020
5	1509	1430	1373	3021
5	1510	1438	1386	3022
5	1588	1510	1386	3023
5	1685	1379	1529	3024
5	1556	1390	1389	3025
5	1810	1504	1505	3026
5	1687	1372	1512	3027
5	1513	1512	1436	3028
5	2136	1943	1816	3029
5	1590	1439	1589	3030
5	1735	1587	1525	3031
5	1559	1080	1515	3032
5	1689	1402	1559	3033
5	1516	1405	1376	3034
5	1867	1688	1723	3035
5	1997	1852	1669	3036
5	1506	1361	1068	3037
5	1695	1521	1367	3038
5	1691	1515	1393	3039
5	1956	1695	1853	3040
5	1951	1693	1848	3041
5	1520	1425	1370	3042
5	1812	1713	1743	3043
5	1948	1817	1818	3044
5	1578	1530	1084	3045
5	1541	1373	1383	3046
5	1522	1383	1486	3047
5	1523	1450	1446	3048
5	1594	1523	1446	3049
5	1593	1444	1569	3050
5	1564	1412	1400	3051
5	1587	1435	1434	3052
5	1588	1435	1587	3053
5	1526	1443	1377	3054
5	1575	1526	1377	3055
5	1527	932	1124	3056
5	1547	1362	1363	3057
5	1529	1266	1528	3058
5	1529	1379	1266	3059
5	1941	1692	1940	3060
5	1690	1361	1506	3061
5	1698	1420	1530	3062
5	1530	1420	1268	3063
5	1553	1370	1409	3064
5	1566	1384	1531	3065
5	1532	1427	1398	3066
5	1614	1535	1429	3067
5	1563	1399	1452	3068
5	1574	1418	1399	3069
5	1626	1540	1481	3070
5	1643	1497	1388	3071
5	1535	1532	1398	3072
5	1535	1398	1429	3073
5	1583	1396	1561	3074
5	1642	1496	1495	3075
5	1751	1604	1750	3076
5	1901	1756	1900	3077
5	1700	1538	1549	3078
5	1639	1493	1492	3079
5	1539	1476	1382	3080
5	1637	1382	1491	3081
5	1626	1480	1625	3082
5	1644	1498	1497	3083
5	1774	1628	1773	3084
5	1909	1765	1908	3085
5	1560	1376	1453	3086
5	1570	1394	1542	3087
5	1703	1543	1540	3088
5	1788	1643	1543	3089
5	1809	1364	1544	3090
5	1544	1364	849	3091
5	1858	1710	1709	3092
5	1545	1366	1264	3093
5	1817	1704	1705	3094
5	1818	1366	1546	3095
5	1527	1124	1372	3096
5	1819	1521	1695	3097
5	1567	1411	1375	3098
5	1579	1411	1567	3099
5	1549	1538	1378	3100
5	1549	1378	1494	3101
5	1853	1550	1697	3102
5	1691	1393	1521	3103
5	1551	1550	1265	3104
5	1551	1265	1406	3105
5	1557	1391	1381	3106
5	1596	1447	1595	3107
5	1741	1594	1593	3108
5	1659	1552	1520	3109
5	1554	1534	1385	3110
5	1554	1385	1440	3111
5	1735	1525	1680	3112
5	1910	1820	1734	3113
5	1944	1910	1912	3114
5	1799	1573	1722	3115
5	2023	1875	1874	3116
5	1850	1694	1708	3117
5	1712	1557	1711	3118
5	1711	1557	1552	3119
5	1660	1559	1515	3120
5	1691	1660	1515	3121
5	1600	1414	1570	3122
5	1656	1516	1560	3123
5	1583	1426	1396	3124
5	1641	1495	1426	3125
5	1824	1766	1782	3126
5	1900	1755	1899	3127
5	1770	1626	1625	3128
5	1574	1399	1563	3129
5	1822	1567	1721	3130
5	1729	1580	1579	3131
5	1680	1525	1586	3132
5	1736	1588	1587	3133
5	1566	1553	1409	3134
5	1566	1409	1384	3135
5	1720	1569	1568	3136
5	1718	1564	1524	3137
5	1719	1564	1718	3138
5	1594	1446	1445	3139
5	1742	1523	1594	3140
5	1712	1558	1557	3141
5	1600	1453	1414	3142
5	1600	1560	1453	3143
5	1577	1375	1229	3144
5	1701	1522	1681	3145
5	1822	1728	1567	3146
5	1576	1419	1572	3147
5	1688	1436	1417	3148
5	1826	1436	1688	3149
5	1797	1744	1597	3150
5	1575	1418	1574	3151
5	1675	1672	1534	3152
5	1882	1737	1736	3153
5	1576	1572	1403	3154
5	1576	1403	1221	3155
5	1727	1419	1576	3156
5	1667	1571	1374	3157
5	1945	1668	1547	3158
5	1668	1362	1547	3159
5	1775	1630	1629	3160
5	1720	1568	1719	3161
5	1887	1712	1711	3162
5	1581	1531	1369	3163
5	1713	1524	1596	3164
5	1670	1531	1654	3165
5	1601	1454	1424	3166
5	1638	1492	1455	3167
5	1807	1746	1570	3168
5	2072	1927	1876	3169
5	1727	1576	1663	3170
5	1729	1579	1728	3171
5	1623	1442	1591	3172
5	1624	1585	1432	3173
5	1820	1680	1734	3174
5	1930	1790	1789	3175
5	1829	1674	1742	3176
5	1716	1563	1533	3177
5	1830	1722	1565	3178
5	1717	1556	1710	3179
5	1590	1416	1439	3180
5	1589	1439	1438	3181
5	1709	1555	1514	3182
5	1880	1735	1680	3183
5	1623	1479	1442	3184
5	1624	1479	1623	3185
5	1592	1591	1441	3186
5	1592	1441	1478	3187
5	1932	1792	1839	3188
5	1594	1445	1593	3189
5	1793	1646	1792	3190
5	1745	1675	1554	3191
5	2012	1863	1958	3192
5	1596	1524	1365	3193
5	1741	1593	1740	3194
5	2078	1933	1932	3195
5	1598	1440	1449	3196
5	1597	1449	1448	3197
5	1890	1675	1745	3198
5	1724	1563	1716	3199
5	1646	1499	1451	3200
5	1649	1501	1648	3201
5	1876	1676	1800	3202
5	1891	1833	1747	3203
5	1748	1582	1678	3204
5	1602	1454	1601	3205
5	1784	1639	1638	3206
5	1638	1455	1602	3207
5	1603	1537	1458	3208
5	1603	1458	1457	3209
5	1677	1536	1661	3210
5	1612	1468	1467	3211
5	1759	1613	1612	3212
5	1753	1606	1752	3213
5	1758	1612	1611	3214
5	1609	1464	1608	3215
5	1677	1603	1536	3216
5	1610	1465	1609	3217
5	1755	1608	1754	3218
5	1613	1468	1612	3219
5	1785	1639	1784	3220
5	1749	1602	1601	3221
5	1761	1683	1535	3222
5	1611	1466	1610	3223
5	1759	1612	1758	3224
5	1614	1469	1613	3225
5	1755	1609	1608	3226
5	1614	1429	1469	3227
5	1699	1537	1603	3228
5	1841	1657	1785	3229
5	1904	1760	1759	3230
5	1678	1582	1532	3231
5	1619	1616	1473	3232
5	1620	1475	1617	3233
5	1619	1472	1618	3234
5	1632	1456	1620	3235
5	1781	1637	1636	3236
5	1632	1487	1456	3237
5	1619	1473	1472	3238
5	1618	1472	1471	3239
5	1753	1607	1606	3240
5	1715	1517	1562	3241
5	1777	1620	1765	3242
5	1682	1615	1679	3243
5	1775	1629	1774	3244
5	1631	1522	1486	3245
5	1622	1592	1478	3246
5	1622	1478	1443	3247
5	1767	1623	1591	3248
5	1769	1585	1624	3249
5	1768	1624	1623	3250
5	1989	1723	1799	3251
5	1626	1481	1480	3252
5	1625	1480	1437	3253
5	1937	1889	1744	3254
5	1725	1574	1724	3255
5	1702	1541	1701	3256
5	1629	1484	1483	3257
5	1681	1522	1631	3258
5	1921	1781	1780	3259
5	1776	1631	1630	3260
5	1778	1632	1777	3261
5	1772	1621	1766	3262
5	1631	1485	1630	3263
5	1879	1651	1733	3264
5	1732	1509	1702	3265
5	1773	1628	1627	3266
5	1635	1489	1634	3267
5	1682	1618	1615	3268
5	1765	1620	1617	3269
5	2099	1995	1957	3270
5	1637	1491	1636	3271
5	1772	1627	1621	3272
5	1637	1539	1382	3273
5	1779	1635	1634	3274
5	1781	1636	1780	3275
5	1765	1617	1762	3276
5	1777	1632	1620	3277
5	1908	1765	1762	3278
5	1639	1492	1638	3279
5	1679	1615	1517	3280
5	1640	1549	1494	3281
5	1763	1618	1682	3282
5	1700	1549	1657	3283
5	1661	1536	1642	3284
5	1642	1495	1641	3285
5	1699	1603	1677	3286
5	1787	1661	1642	3287
5	1934	1794	1933	3288
5	1644	1497	1643	3289
5	1724	1574	1563	3290
5	1645	1498	1644	3291
5	1832	1771	1770	3292
5	1726	1575	1725	3293
5	1792	1599	1674	3294
5	1796	1649	1795	3295
5	1797	1650	1796	3296
5	1650	1502	1649	3297
5	1931	1791	1790	3298
5	1650	1597	1448	3299
5	1675	1534	1554	3300
5	1711	1552	1659	3301
5	1719	1568	1564	3302
5	1796	1650	1649	3303
5	1651	1548	1507	3304
5	1733	1651	1507	3305
5	1665	1547	1363	3306
5	1652	1363	853	3307
5	1653	1570	1542	3308
5	2093	1857	1983	3309
5	1730	1581	1580	3310
5	1728	1579	1567	3311
5	1655	1546	1545	3312
5	1655	1545	1361	3313
5	1747	1600	1746	3314
5	1747	1560	1600	3315
5	1860	1700	1806	3316
5	1785	1640	1639	3317
5	1726	1671	1526	3318
5	1725	1575	1574	3319
5	1855	1701	1681	3320
5	1694	1520	1553	3321
5	1684	1401	1503	3322
5	2127	1997	1977	3323
5	1731	1561	1676	3324
5	1787	1642	1641	3325
5	1662	1508	886	3326
5	1662	886	1401	3327
5	1802	1571	1667	3328
5	1663	1576	1415	3329
5	1811	1696	1511	3330
5	1707	1529	1528	3331
5	1810	1505	1371	3332
5	1810	1371	1686	3333
5	1666	1658	1592	3334
5	1666	1592	1622	3335
5	1845	1727	1663	3336
5	1721	1567	1375	3337
5	1808	1519	1692	3338
5	1693	1530	1578	3339
5	1690	1655	1361	3340
5	1950	1687	1513	3341
5	1694	1659	1520	3342
5	1708	1566	1670	3343
5	1671	1666	1622	3344
5	1671	1622	1526	3345
5	1672	1625	1534	3346
5	1836	1788	1703	3347
5	1673	1589	1510	3348
5	1737	1673	1510	3349
5	1674	1599	1523	3350
5	1742	1674	1523	3351
5	1745	1598	1744	3352
5	1795	1649	1648	3353
5	1731	1583	1561	3354
5	1786	1641	1583	3355
5	1897	1752	1896	3356
5	1899	1754	1898	3357
5	1748	1601	1582	3358
5	1783	1638	1602	3359
5	1714	1538	1700	3360
5	1715	1679	1517	3361
5	1737	1588	1736	3362
5	1736	1587	1735	3363
5	1701	1541	1522	3364
5	1733	1584	1732	3365
5	1903	1759	1758	3366
5	1897	1753	1752	3367
5	1683	1678	1532	3368
5	1683	1532	1535	3369
5	2152	1977	1809	3370
5	1809	1544	1508	3371
5	1692	1519	1518	3372
5	1951	1854	1693	3373
5	1798	1692	1518	3374
5	1945	1848	1668	3375
5	1706	1664	1368	3376
5	2157	1867	1989	3377
5	1717	1565	1556	3378
5	1710	1556	1555	3379
5	2003	1844	1660	3380
5	1689	1503	1402	3381
5	1690	1506	1379	3382
5	1690	1379	1685	3383
5	1698	1511	1420	3384
5	1695	1367	1550	3385
5	1808	1686	1519	3386
5	1954	1685	1813	3387
5	1696	1551	1406	3388
5	1696	1406	1511	3389
5	1955	1842	1873	3390
5	2026	1651	1879	3391
5	1819	1691	1521	3392
5	1851	1691	1819	3393
5	1811	1511	1698	3394
5	1852	1528	1669	3395
5	2004	1697	1814	3396
5	1697	1550	1551	3397
5	1698	1530	1693	3398
5	1814	1697	1551	3399
5	1750	1604	1537	3400
5	1752	1605	1751	3401
5	1714	1562	1538	3402
5	1715	1562	1714	3403
5	1733	1507	1584	3404
5	1732	1584	1509	3405
5	1856	1701	1855	3406
5	1917	1774	1916	3407
5	1771	1626	1770	3408
5	1871	1671	1726	3409
5	1857	1653	1542	3410
5	1704	1542	1395	3411
5	1705	1704	1395	3412
5	1705	1395	1366	3413
5	1706	1527	1372	3414
5	1706	1372	1687	3415
5	1798	1518	1664	3416
5	1813	1685	1529	3417
5	1708	1694	1553	3418
5	1708	1553	1566	3419
5	1739	1590	1738	3420
5	1739	1514	1590	3421
5	1866	1717	1710	3422
5	2087	1799	1991	3423
5	1743	1595	1712	3424
5	1718	1524	1713	3425
5	1932	1793	1792	3426
5	1712	1595	1558	3427
5	1743	1596	1595	3428
5	1865	1719	1864	3429
5	2056	1909	1908	3430
5	1908	1762	1838	3431
5	1861	1714	1860	3432
5	2053	1906	1905	3433
5	1789	1643	1788	3434
5	1790	1645	1644	3435
5	1799	1723	1573	3436
5	1723	1417	1573	3437
5	2034	1865	2013	3438
5	1740	1593	1569	3439
5	1913	1703	1771	3440
5	1740	1569	1720	3441
5	2196	2050	2195	3442
5	1885	1720	1865	3443
5	1801	1548	1651	3444
5	2007	1855	2006	3445
5	2015	1858	2014	3446
5	1813	1529	1707	3447
5	2088	1513	2016	3448
5	1867	1826	1688	3449
5	1868	1724	1716	3450
5	1726	1526	1575	3451
5	2032	1884	1835	3452
5	2030	1882	2029	3453
5	1870	1726	1725	3454
5	1871	1828	1671	3455
5	1998	1802	1972	3456
5	1727	1577	1419	3457
5	1873	1842	1654	3458
5	1730	1580	1729	3459
5	1823	1659	1694	3460
5	1730	1654	1581	3461
5	2002	1843	2001	3462
5	2160	2001	2089	3463
5	1902	1757	1901	3464
5	1846	1677	1661	3465
5	1877	1732	1702	3466
5	2025	1878	1877	3467
5	1855	1681	1837	3468
5	1845	1663	1802	3469
5	1734	1680	1586	3470
5	1734	1586	1585	3471
5	2028	1880	1964	3472
5	1737	1510	1588	3473
5	1884	1739	1738	3474
5	1883	1835	1673	3475
5	1880	1680	1820	3476
5	1821	1767	1658	3477
5	1739	1709	1514	3478
5	1738	1590	1589	3479
5	1858	1709	1803	3480
5	1830	1565	1717	3481
5	1831	1711	1659	3482
5	1831	1659	1823	3483
5	1874	1729	1728	3484
5	1742	1594	1741	3485
5	1839	1674	1829	3486
5	1743	1713	1596	3487
5	1935	1795	1934	3488
5	1863	1713	1812	3489
5	1745	1554	1598	3490
5	1744	1598	1597	3491
5	1839	1792	1674	3492
5	1933	1793	1932	3493
5	1747	1656	1560	3494
5	1896	1751	1895	3495
5	2016	1513	1826	3496
5	1928	1827	1787	3497
5	1896	1752	1751	3498
5	1749	1601	1748	3499
5	2071	1926	1925	3500
5	1783	1602	1749	3501
5	1895	1750	1894	3502
5	1898	1754	1753	3503
5	1894	1699	1815	3504
5	1754	1608	1607	3505
5	1895	1751	1750	3506
5	1756	1610	1609	3507
5	2240	1866	2100	3508
5	1846	1661	1827	3509
5	1927	1731	1876	3510
5	1757	1610	1756	3511
5	1928	1787	1786	3512
5	1760	1613	1759	3513
5	1892	1748	1678	3514
5	1924	1783	1749	3515
5	1834	1678	1683	3516
5	1758	1611	1757	3517
5	1905	1761	1760	3518
5	1761	1614	1760	3519
5	1902	1758	1757	3520
5	1761	1535	1614	3521
5	1898	1753	1897	3522
5	1894	1750	1699	3523
5	2090	2040	1962	3524
5	1841	1806	1657	3525
5	1764	1619	1763	3526
5	1764	1616	1619	3527
5	1764	1762	1616	3528
5	1763	1619	1618	3529
5	1906	1834	1683	3530
5	2009	1860	1963	3531
5	1838	1762	1764	3532
5	1779	1634	1633	3533
5	1766	1621	1539	3534
5	1782	1637	1781	3535
5	1964	1880	1820	3536
5	1769	1624	1768	3537
5	2170	2020	2169	3538
5	1769	1734	1585	3539
5	1805	1658	1666	3540
5	1821	1658	1805	3541
5	1771	1540	1626	3542
5	1771	1703	1540	3543
5	1966	1840	1890	3544
5	1937	1797	1936	3545
5	1918	1775	1917	3546
5	1914	1766	1824	3547
5	1856	1702	1701	3548
5	1776	1630	1775	3549
5	2063	1918	2062	3550
5	2059	1915	1914	3551
5	2197	2052	2051	3552
5	1776	1681	1631	3553
5	2064	1968	1919	3554
5	1919	1777	1909	3555
5	1778	1633	1632	3556
5	1779	1633	1778	3557
5	1922	1778	1919	3558
5	1837	1681	1776	3559
5	1782	1766	1539	3560
5	1780	1635	1779	3561
5	1918	1837	1776	3562
5	1782	1539	1637	3563
5	1907	1763	1825	3564
5	2059	1914	1967	3565
5	1878	1732	1877	3566
5	1914	1772	1766	3567
5	1926	1785	1784	3568
5	1784	1638	1783	3569
5	1825	1763	1682	3570
5	1785	1657	1640	3571
5	1862	1847	1679	3572
5	1920	1780	1779	3573
5	2072	1876	1946	3574
5	1787	1641	1786	3575
5	2093	2008	1857	3576
5	2133	1983	1817	3577
5	1789	1644	1643	3578
5	1791	1533	1645	3579
5	1869	1724	1868	3580
5	1790	1644	1789	3581
5	1911	1767	1821	3582
5	1791	1716	1533	3583
5	1884	1738	1835	3584
5	1868	1716	1804	3585
5	1793	1647	1646	3586
5	1794	1648	1647	3587
5	1929	1788	1836	3588
5	1832	1672	1840	3589
5	1864	1718	1863	3590
5	1795	1648	1794	3591
5	2082	1937	1936	3592
5	1797	1597	1650	3593
5	2081	1936	1935	3594
5	1865	1720	1719	3595
5	1863	1718	1713	3596
5	1840	1672	1675	3597
5	1954	1690	1685	3598
5	1816	1655	1690	3599
5	1866	1710	1858	3600
5	1835	1738	1673	3601
5	1800	1676	1656	3602
5	2193	2047	2192	3603
5	1873	1654	1730	3604
5	2174	2027	2025	3605
5	1972	1802	1667	3606
5	2095	1969	2036	3607
5	1884	1803	1739	3608
5	2033	2014	1803	3609
5	2228	2101	2110	3610
5	1929	1789	1788	3611
5	1985	1821	1960	3612
5	2096	1944	1959	3613
5	1806	1700	1657	3614
5	1988	1957	1825	3615
5	1891	1747	1746	3616
5	2074	1827	1928	3617
5	1854	1698	1693	3618
5	1854	1811	1698	3619
5	1977	1669	1809	3620
5	1809	1669	1364	3621
5	1978	1810	1686	3622
5	2147	1810	1978	3623
5	1942	1811	1854	3624
5	1979	1696	1811	3625
5	1888	1743	1712	3626
5	1842	1670	1654	3627
5	2128	1814	1979	3628
5	1853	1695	1550	3629
5	2416	2244	2415	3630
5	1982	1547	1665	3631
5	1815	1699	1677	3632
5	1827	1661	1787	3633
5	1952	1686	1808	3634
5	1984	1503	1939	3635
5	2084	1717	1866	3636
5	1857	1542	1704	3637
5	1818	1817	1705	3638
5	1818	1705	1366	3639
5	1939	1689	1844	3640
5	1844	1559	1660	3641
5	2316	2175	2121	3642
5	1911	1768	1767	3643
5	1910	1734	1769	3644
5	2169	2019	2168	3645
5	1879	1733	1878	3646
5	1998	1845	1802	3647
5	1888	1712	1887	3648
5	1887	1711	1831	3649
5	1923	1782	1781	3650
5	1923	1781	1921	3651
5	1995	1907	1957	3652
5	2345	2207	2206	3653
5	1989	1867	1723	3654
5	1826	1513	1436	3655
5	1846	1815	1677	3656
5	1990	1815	1846	3657
5	1828	1805	1666	3658
5	1828	1666	1671	3659
5	1886	1741	1740	3660
5	1885	1740	1720	3661
5	2084	1830	1717	3662
5	1991	1722	1830	3663
5	2301	2155	2173	3664
5	2026	1801	1651	3665
5	2168	2018	2091	3666
5	1931	1790	1930	3667
5	1833	1800	1656	3668
5	1833	1656	1747	3669
5	2050	1902	2049	3670
5	1892	1678	1834	3671
5	1881	1735	1880	3672
5	1881	1736	1735	3673
5	1832	1770	1672	3674
5	1974	1965	1804	3675
5	1915	1772	1914	3676
5	1916	1774	1773	3677
5	2068	1921	2065	3678
5	1909	1777	1765	3679
5	1936	1797	1796	3680
5	2078	1932	1938	3681
5	1890	1745	1889	3682
5	1935	1796	1795	3683
5	1893	1748	1892	3684
5	1925	1784	1783	3685
5	1843	1708	1670	3686
5	1850	1823	1694	3687
5	2037	1887	1831	3688
5	1850	1708	1843	3689
5	2131	1854	1951	3690
5	1939	1503	1689	3691
5	1987	1874	1728	3692
5	1872	1577	1727	3693
5	2044	1897	1896	3694
5	2047	1900	1899	3695
5	1847	1825	1682	3696
5	1847	1682	1679	3697
5	1848	1693	1578	3698
5	1848	1578	1668	3699
5	2041	1815	1990	3700
5	2295	2148	1980	3701
5	2182	2035	2181	3702
5	2001	1842	1955	3703
5	2305	2127	2152	3704
5	1851	1660	1691	3705
5	1979	1811	1942	3706
5	1979	1814	1696	3707
5	2104	1956	1853	3708
5	2105	1851	2005	3709
5	1941	1808	1692	3710
5	1943	1655	1816	3711
5	1972	1667	1801	3712
5	1877	1702	1856	3713
5	2371	2265	2425	3714
5	2025	1877	1961	3715
5	2151	1746	1807	3716
5	2106	1971	1891	3717
5	1940	1692	1798	3718
5	2270	1989	2087	3719
5	1859	1829	1742	3720
5	1859	1742	1741	3721
5	1861	1715	1714	3722
5	1862	1679	1715	3723
5	2069	1893	2040	3724
5	1862	1715	1861	3725
5	2165	2163	2011	3726
5	2349	2123	2236	3727
5	1864	1719	1718	3728
5	1886	1740	1885	3729
5	2287	2160	2286	3730
5	1969	1829	1859	3731
5	2114	2078	1938	3732
5	1886	1859	1741	3733
5	2031	1835	1883	3734
5	2015	1866	1858	3735
5	2135	1953	2086	3736
5	1950	1849	1687	3737
5	1869	1725	1724	3738
5	1870	1725	1869	3739
5	2225	2080	2224	3740
5	2020	1871	1870	3741
5	2175	2028	2121	3742
5	1871	1726	1870	3743
5	1975	1960	1805	3744
5	2058	1993	1913	3745
5	2022	1872	1999	3746
5	1872	1721	1577	3747
5	1875	1729	1874	3748
5	2116	2012	1958	3749
5	1875	1730	1729	3750
5	1875	1873	1730	3751
5	1992	1831	1823	3752
5	2001	1843	1842	3753
5	1927	1786	1731	3754
5	1928	1786	1927	3755
5	1878	1733	1732	3756
5	1999	1872	1845	3757
5	2006	1855	1837	3758
5	2234	1987	2145	3759
5	2055	1838	1995	3760
5	1987	1728	1822	3761
5	1883	1737	1882	3762
5	1882	1736	1881	3763
5	1974	1804	1931	3764
5	1883	1673	1737	3765
5	2299	2154	2153	3766
5	2360	2223	2282	3767
5	1975	1805	1828	3768
5	1986	1910	1944	3769
5	2141	1986	2098	3770
5	2029	1882	1881	3771
5	2108	1958	1973	3772
5	2012	1864	1863	3773
5	2204	2058	2203	3774
5	2222	2077	2076	3775
5	1995	1838	1907	3776
5	1888	1812	1743	3777
5	2160	2002	2001	3778
5	2116	1958	2108	3779
5	1890	1840	1675	3780
5	1889	1745	1744	3781
5	2076	1929	2075	3782
5	1993	1836	1913	3783
5	2179	2033	2113	3784
5	2245	2151	2008	3785
5	1893	1749	1748	3786
5	1926	1784	1925	3787
5	1988	1825	1847	3788
5	1924	1749	1893	3789
5	2043	1895	2042	3790
5	2042	1894	2041	3791
5	2049	1901	2048	3792
5	1900	1756	1755	3793
5	2047	1899	2046	3794
5	2073	1927	2072	3795
5	2119	1990	2000	3796
5	1901	1757	1756	3797
5	2073	1928	1927	3798
5	1905	1760	1904	3799
5	2041	1894	1815	3800
5	2043	1896	1895	3801
5	2042	1895	1894	3802
5	1903	1758	1902	3803
5	2052	1905	1904	3804
5	1904	1759	1903	3805
5	2048	1900	2047	3806
5	2045	1897	2044	3807
5	2045	1898	1897	3808
5	1906	1761	1905	3809
5	2215	2124	2071	3810
5	1906	1683	1761	3811
5	2192	2047	2046	3812
5	2009	1861	1860	3813
5	2194	2049	2048	3814
5	2040	1892	1962	3815
5	1907	1838	1764	3816
5	1907	1764	1763	3817
5	1921	1780	1920	3818
5	1919	1778	1777	3819
5	2011	1847	1862	3820
5	2342	2201	2260	3821
5	1912	1768	1911	3822
5	2280	2015	2178	3823
5	1912	1769	1768	3824
5	1912	1910	1769	3825
5	1913	1836	1703	3826
5	1913	1771	1832	3827
5	2018	1869	1868	3828
5	1965	1868	1804	3829
5	1915	1773	1772	3830
5	1917	1775	1774	3831
5	2122	2059	1967	3832
5	1916	1773	1915	3833
5	2208	2063	2062	3834
5	1918	1776	1775	3835
5	2007	1961	1856	3836
5	2007	1856	1855	3837
5	2064	1919	1909	3838
5	2062	1917	2061	3839
5	2050	1903	1902	3840
5	1963	1860	1806	3841
5	1968	1922	1919	3842
5	2063	2006	1837	3843
5	2211	2107	2065	3844
5	1923	1824	1782	3845
5	1922	1920	1779	3846
5	1922	1779	1778	3847
5	2066	1922	1968	3848
5	2207	2061	2206	3849
5	2040	1893	1892	3850
5	1925	1783	1924	3851
5	2213	2069	2040	3852
5	1926	1841	1785	3853
5	2051	1904	1903	3854
5	2044	1896	2043	3855
5	2046	1899	1898	3856
5	2049	1902	1901	3857
5	2117	1946	1970	3858
5	2028	1881	1880	3859
5	2079	1933	2078	3860
5	1930	1789	1929	3861
5	2058	1832	2057	3862
5	1931	1804	1791	3863
5	2057	1840	1966	3864
5	2283	2115	2142	3865
5	1933	1794	1793	3866
5	1934	1795	1794	3867
5	2238	2114	2125	3868
5	1936	1796	1935	3869
5	2077	1930	2076	3870
5	2081	1935	2080	3871
5	2035	1885	2034	3872
5	1937	1744	1797	3873
5	2111	2057	1966	3874
5	2037	1831	1992	3875
5	2036	1859	1886	3876
5	1969	1947	1829	3877
5	1938	1932	1839	3878
5	2126	1969	2095	3879
5	2146	1852	1997	3880
5	2152	1662	1684	3881
5	1943	1546	1655	3882
5	2239	2085	2129	3883
5	2245	2008	2093	3884
5	2128	2004	1814	3885
5	1956	1819	1695	3886
5	2104	2005	1956	3887
5	2129	1546	1943	3888
5	1991	1799	1722	3889
5	1985	1959	1911	3890
5	2224	2079	2223	3891
5	2131	1942	1854	3892
5	2132	1848	1945	3893
5	1946	1876	1800	3894
5	1983	1857	1704	3895
5	1947	1938	1839	3896
5	1947	1839	1829	3897
5	2241	2093	1983	3898
5	1983	1704	1817	3899
5	1949	1948	1818	3900
5	1949	1818	1546	3901
5	2086	1849	1950	3902
5	1953	1706	1849	3903
5	2293	2097	1940	3904
5	2134	1808	1941	3905
5	2149	1978	1952	3906
5	1978	1686	1952	3907
5	2135	1940	1798	3908
5	1953	1798	1664	3909
5	2550	2304	2380	3910
5	1954	1816	1690	3911
5	2024	1875	2023	3912
5	2024	1873	1875	3913
5	2103	1844	2003	3914
5	2097	1941	1940	3915
5	1957	1907	1825	3916
5	2243	2138	2163	3917
5	1958	1863	1812	3918
5	2038	1888	1887	3919
5	1959	1944	1912	3920
5	1959	1912	1911	3921
5	1985	1911	1821	3922
5	1960	1821	1805	3923
5	1961	1877	1856	3924
5	2144	2026	1879	3925
5	1962	1892	1834	3926
5	2054	1962	1834	3927
5	2199	2053	2198	3928
5	2070	1925	1924	3929
5	2177	2030	2176	3930
5	2112	2032	2031	3931
5	2021	1975	1828	3932
5	2018	1868	1965	3933
5	2220	1993	2204	3934
5	2083	1937	2082	3935
5	1967	1914	1824	3936
5	2208	2062	2207	3937
5	2065	1921	1920	3938
5	2067	1824	1923	3939
5	2013	1864	2012	3940
5	2035	1886	1885	3941
5	1970	1946	1800	3942
5	1970	1800	1833	3943
5	1971	1970	1833	3944
5	1971	1833	1891	3945
5	2144	1879	2027	3946
5	2145	1987	1822	3947
5	1973	1958	1812	3948
5	1973	1812	1888	3949
5	2075	1836	1993	3950
5	2076	1930	1929	3951
5	2019	1869	2018	3952
5	2019	1870	1869	3953
5	1976	1963	1806	3954
5	1976	1806	1841	3955
5	1997	1669	1977	3956
5	2244	2127	2229	3957
5	1982	1945	1547	3958
5	2150	1945	1982	3959
5	2005	1851	1819	3960
5	2004	1853	1697	3961
5	2148	2136	1954	3962
5	1980	1813	1707	3963
5	1981	1980	1707	3964
5	1981	1707	1852	3965
5	2296	2289	2149	3966
5	2134	1952	1808	3967
5	2379	2167	2233	3968
5	2008	1653	1857	3969
5	2152	1684	1984	3970
5	1984	1684	1503	3971
5	2220	2075	1993	3972
5	2221	2076	2075	3973
5	1986	1964	1820	3974
5	1986	1820	1910	3975
5	2185	2108	1973	3976
5	2375	2370	2262	3977
5	2010	1861	2009	3978
5	2010	1862	1861	3979
5	2217	2072	1946	3980
5	2157	2017	1867	3981
5	2074	1928	2073	3982
5	2217	1946	2117	3983
5	2113	2032	2112	3984
5	2008	1807	1653	3985
5	2038	1973	1888	3986
5	2038	1887	2037	3987
5	2075	1929	1836	3988
5	2077	1931	1930	3989
5	1994	1976	1841	3990
5	1994	1841	1926	3991
5	2055	1908	1838	3992
5	2064	1909	2056	3993
5	1996	1992	1823	3994
5	1996	1823	1850	3995
5	2103	1939	1844	3996
5	2003	1660	1851	3997
5	2022	1822	1721	3998
5	1999	1845	1998	3999
5	2172	1999	2159	4000
5	2022	1721	1872	4001
5	2000	1990	1846	4002
5	2000	1846	1827	4003
5	2002	1850	1843	4004
5	2002	1996	1850	4005
5	2320	2166	2310	4006
5	2161	2102	1996	4007
5	2128	1979	1942	4008
5	2005	1819	1956	4009
5	2369	1941	2097	4010
5	2147	1652	1810	4011
5	2105	2003	1851	4012
5	2684	2517	2518	4013
5	2060	1915	2059	4014
5	2061	1917	1916	4015
5	2212	2068	2107	4016
5	2422	2260	2276	4017
5	2249	2087	1991	4018
5	2084	1991	1830	4019
5	2202	2055	2201	4020
5	2011	1862	2010	4021
5	2213	2040	2090	4022
5	2011	1988	1847	4023
5	2092	2009	1963	4024
5	2371	2308	2250	4025
5	2013	1865	1864	4026
5	2034	1885	1865	4027
5	2185	1973	2038	4028
5	2036	1886	2035	4029
5	2100	1866	2015	4030
5	2014	1858	1803	4031
5	2033	1884	2032	4032
5	2240	2084	1866	4033
5	2136	1816	1954	4034
5	2135	1798	1953	4035
5	2017	2016	1826	4036
5	2017	1826	1867	4037
5	2021	1871	2020	4038
5	2020	1870	2019	4039
5	2154	1959	1985	4040
5	2021	1828	1871	4041
5	2098	1944	2096	4042
5	2121	2028	1964	4043
5	2450	2311	2372	4044
5	2203	2057	2111	4045
5	2109	1801	2026	4046
5	2109	1972	1801	4047
5	2027	1878	2025	4048
5	2024	1955	1873	4049
5	2102	1992	1996	4050
5	2324	2184	2183	4051
5	2314	2246	2172	4052
5	2253	1972	2109	4053
5	2159	1999	1998	4054
5	2027	1879	1878	4055
5	2166	2012	2116	4056
5	2183	2037	1992	4057
5	2031	1883	2030	4058
5	2030	1883	1882	4059
5	2153	1960	2130	4060
5	2171	1975	2021	4061
5	2168	2019	2018	4062
5	2032	1835	2031	4063
5	2098	1986	1944	4064
5	2255	2113	2254	4065
5	2033	1803	1884	4066
5	2268	2141	2098	4067
5	2176	2029	2175	4068
5	2176	2030	2029	4069
5	2373	2256	2283	4070
5	2363	2226	2362	4071
5	2273	2228	2110	4072
5	2036	1969	1859	4073
5	2362	2225	2361	4074
5	2223	2078	2114	4075
5	2156	2023	1874	4076
5	2205	2060	2059	4077
5	2374	2263	2350	4078
5	2856	2731	2765	4079
5	2039	1966	1890	4080
5	2039	1890	1889	4081
5	2069	1924	1893	4082
5	2071	1925	2070	4083
5	2188	2042	2187	4084
5	2189	2043	2188	4085
5	2186	1990	2119	4086
5	2046	1898	2045	4087
5	2190	2045	2044	4088
5	2336	2195	2194	4089
5	2218	2072	2217	4090
5	2048	1901	1900	4091
5	2186	2041	1990	4092
5	2195	2049	2194	4093
5	2187	2041	2186	4094
5	2053	1905	2052	4095
5	2187	2042	2041	4096
5	2188	2043	2042	4097
5	2190	2044	2189	4098
5	2051	1903	2050	4099
5	2199	2054	2053	4100
5	2052	1904	2051	4101
5	2198	2052	2197	4102
5	2192	2046	2191	4103
5	2189	2044	2043	4104
5	2054	1906	2053	4105
5	2196	2051	2050	4106
5	2054	1834	1906	4107
5	2140	2092	1963	4108
5	2352	2213	2351	4109
5	2164	2009	2092	4110
5	2164	2010	2009	4111
5	2210	2064	2056	4112
5	2056	1908	2055	4113
5	2236	2123	2200	4114
5	2165	2010	2164	4115
5	2058	1913	1832	4116
5	2057	1832	1840	4117
5	2115	1966	2039	4118
5	2223	2079	2078	4119
5	2060	1916	1915	4120
5	2063	1837	1918	4121
5	2062	1918	1917	4122
5	2061	1916	2060	4123
5	2303	2094	2262	4124
5	2346	2207	2345	4125
5	2285	2143	2261	4126
5	2139	1961	2007	4127
5	2139	2094	1961	4128
5	2205	2059	2122	4129
5	2201	1995	2099	4130
5	2206	2060	2205	4131
5	2285	2122	2143	4132
5	2067	1967	1824	4133
5	2066	2065	1920	4134
5	2066	1920	1922	4135
5	2107	2068	2065	4136
5	2201	2055	1995	4137
5	2068	2067	1923	4138
5	2068	1923	1921	4139
5	2090	2054	2199	4140
5	2070	1924	2069	4141
5	2419	2144	2315	4142
5	2071	1994	1926	4143
5	2448	2308	2371	4144
5	2475	2336	2474	4145
5	2191	2045	2190	4146
5	2074	2000	1827	4147
5	2219	2073	2218	4148
5	2266	1971	2106	4149
5	2331	2189	2330	4150
5	2194	2048	2193	4151
5	2299	2153	2298	4152
5	2627	2494	2502	4153
5	2171	2130	1975	4154
5	2077	1974	1931	4155
5	2377	2274	2300	4156
5	2298	2153	2130	4157
5	2079	1934	1933	4158
5	2080	1935	1934	4159
5	2180	2034	2013	4160
5	2083	1889	1937	4161
5	2183	1992	2102	4162
5	2166	2013	2012	4163
5	2115	2111	1966	4164
5	2082	1936	2081	4165
5	2227	2142	2083	4166
5	2083	2039	1889	4167
5	2343	2203	2111	4168
5	2226	2081	2225	4169
5	2085	1948	1949	4170
5	2086	1953	1849	4171
5	2270	2157	1989	4172
5	2087	1989	1799	4173
5	2167	2088	2016	4174
5	2369	2134	1941	4175
5	2151	1807	2008	4176
5	2133	1817	1948	4177
5	2386	2135	2086	4178
5	2088	1950	1513	4179
5	2089	2001	1955	4180
5	2155	2089	1955	4181
5	2330	2188	2329	4182
5	2337	2196	2195	4183
5	2091	2018	1965	4184
5	2237	2130	2171	4185
5	2140	1976	2120	4186
5	2215	2071	2070	4187
5	2271	2086	1950	4188
5	2429	2271	2304	4189
5	2094	2025	1961	4190
5	2478	2272	2339	4191
5	2182	2036	2035	4192
5	2181	2035	2034	4193
5	2154	2096	1959	4194
5	2130	1960	1975	4195
5	2167	2016	2017	4196
5	2148	1813	1980	4197
5	2275	2141	2268	4198
5	2496	2361	2360	4199
5	2696	2564	2520	4200
5	2341	2200	2210	4201
5	2178	2015	2014	4202
5	2555	2432	2280	4203
5	2101	2091	1965	4204
5	2101	1965	1974	4205
5	2161	2002	2160	4206
5	2324	2183	2251	4207
5	2388	2148	2295	4208
5	2278	2003	2105	4209
5	2384	2105	2277	4210
5	2104	1853	2004	4211
5	2152	1809	1662	4212
5	2158	1939	2103	4213
5	2113	2033	2032	4214
5	2279	2119	2216	4215
5	2211	2066	2123	4216
5	2202	2056	2055	4217
5	2184	2037	2183	4218
5	2306	2102	2161	4219
5	2314	2159	2253	4220
5	2145	1822	2022	4221
5	2110	2101	1974	4222
5	2110	1974	2077	4223
5	2203	2058	2057	4224
5	2204	1993	2058	4225
5	2280	2100	2015	4226
5	2318	2254	2112	4227
5	2255	2179	2113	4228
5	2266	2118	1971	4229
5	2226	2082	2081	4230
5	2282	2114	2238	4231
5	2273	2110	2222	4232
5	2256	2111	2115	4233
5	2180	2013	2166	4234
5	2181	2034	2180	4235
5	2317	2175	2316	4236
5	2457	2319	2385	4237
5	2118	2117	1970	4238
5	2118	1970	1971	4239
5	2219	2074	2073	4240
5	2334	2193	2192	4241
5	2140	1963	1976	4242
5	2120	1976	1994	4243
5	2175	2029	2028	4244
5	2177	2031	2030	4245
5	2462	2324	2398	4246
5	2345	2205	2230	4247
5	2211	2065	2066	4248
5	2123	2066	1968	4249
5	2124	2120	1994	4250
5	2124	1994	2071	4251
5	2125	2114	1938	4252
5	2125	1938	1947	4253
5	2126	2125	1947	4254
5	2126	1947	1969	4255
5	2303	2174	2094	4256
5	2383	2277	2104	4257
5	2296	2149	2290	4258
5	2277	2005	2104	4259
5	2129	2085	1949	4260
5	2129	1949	1546	4261
5	2153	1985	1960	4262
5	2154	1985	2153	4263
5	2289	2147	2149	4264
5	2290	2149	1952	4265
5	2291	2131	1951	4266
5	2132	1951	1848	4267
5	2292	2133	1948	4268
5	2249	1991	2084	4269
5	2150	2132	1945	4270
5	2149	2147	1978	4271
5	2386	2086	2378	4272
5	2417	2383	2247	4273
5	2518	2388	2295	4274
5	2504	2408	2409	4275
5	2148	1954	1813	4276
5	2137	1980	1981	4277
5	2138	2099	1957	4278
5	2138	1957	1988	4279
5	2209	2006	2063	4280
5	2207	2062	2061	4281
5	2338	2197	2196	4282
5	2340	2199	2272	4283
5	2141	2121	1964	4284
5	2141	1964	1986	4285
5	2142	2115	2039	4286
5	2142	2039	2083	4287
5	2143	2122	1967	4288
5	2143	1967	2067	4289
5	2174	2025	2094	4290
5	2155	1955	2024	4291
5	2156	1874	1987	4292
5	2172	2022	1999	4293
5	2416	2137	1981	4294
5	2146	1981	1852	4295
5	2147	1982	1665	4296
5	2147	1665	1652	4297
5	2295	1980	2137	4298
5	2652	2544	2387	4299
5	2417	2248	2391	4300
5	2247	2104	2004	4301
5	2391	2248	2128	4302
5	2291	1951	2132	4303
5	2297	1891	2151	4304
5	2151	1891	1746	4305
5	2158	1984	1939	4306
5	2152	2127	1977	4307
5	2267	2101	2228	4308
5	2317	2176	2175	4309
5	2298	2130	2237	4310
5	2311	2169	2168	4311
5	2368	2258	2156	4312
5	2262	2094	2139	4313
5	2345	2206	2205	4314
5	2234	2156	1987	4315
5	2242	1943	2136	4316
5	2271	1950	2088	4317
5	2305	1984	2158	4318
5	2305	2152	1984	4319
5	2172	2145	2022	4320
5	2723	2453	2540	4321
5	2161	1996	2002	4322
5	2320	2180	2166	4323
5	2277	2105	2005	4324
5	2288	2128	1942	4325
5	2162	2139	2007	4326
5	2162	2007	2006	4327
5	2163	2138	1988	4328
5	2163	1988	2011	4329
5	2165	2011	2010	4330
5	2422	2276	2394	4331
5	2335	2193	2334	4332
5	2307	2163	2165	4333
5	2310	2116	2309	4334
5	2449	2322	2320	4335
5	2438	2241	2133	4336
5	2292	1948	2085	4337
5	2169	2020	2019	4338
5	2170	2021	2020	4339
5	2644	2585	2511	4340
5	2316	2121	2275	4341
5	2358	2221	2220	4342
5	2171	2021	2170	4343
5	2358	2220	2357	4344
5	2360	2224	2223	4345
5	2314	2172	2159	4346
5	2252	2026	2144	4347
5	2173	2155	2024	4348
5	2173	2024	2023	4349
5	2258	2023	2156	4350
5	2433	2261	2423	4351
5	2411	2228	2273	4352
5	2443	2298	2396	4353
5	2318	2112	2177	4354
5	2275	2121	2141	4355
5	2319	2176	2317	4356
5	2177	2112	2031	4357
5	2284	2179	2255	4358
5	2505	2266	2397	4359
5	2179	2178	2014	4360
5	2179	2014	2033	4361
5	2326	2108	2185	4362
5	2364	2283	2142	4363
5	2418	2398	2251	4364
5	2182	2095	2036	4365
5	2322	2180	2320	4366
5	2325	2184	2324	4367
5	2184	2038	2037	4368
5	2185	2038	2184	4369
5	2462	2325	2324	4370
5	2309	2116	2108	4371
5	2326	2309	2108	4372
5	2446	2286	2435	4373
5	2330	2189	2188	4374
5	2329	2187	2328	4375
5	2475	2337	2336	4376
5	2193	2048	2047	4377
5	2430	2275	2268	4378
5	2441	2397	2106	4379
5	2327	2186	2119	4380
5	2191	2046	2045	4381
5	2336	2194	2335	4382
5	2334	2192	2333	4383
5	2328	2187	2186	4384
5	2329	2188	2187	4385
5	2331	2190	2189	4386
5	2197	2051	2196	4387
5	2351	2090	2340	4388
5	2195	2050	2049	4389
5	2272	2199	2198	4390
5	2339	2198	2197	4391
5	2339	2197	2338	4392
5	2198	2053	2052	4393
5	2337	2195	2336	4394
5	2332	2191	2190	4395
5	2352	2214	2213	4396
5	2090	1962	2054	4397
5	2404	2259	2376	4398
5	2214	2070	2069	4399
5	2484	2403	2341	4400
5	2250	2164	2092	4401
5	2200	2123	1968	4402
5	2200	1968	2064	4403
5	2260	2201	2099	4404
5	2210	2056	2202	4405
5	2341	2236	2200	4406
5	2210	2200	2064	4407
5	2498	2363	2362	4408
5	2221	2075	2220	4409
5	2480	2344	2343	4410
5	2222	2110	2077	4411
5	2206	2061	2060	4412
5	2209	2063	2208	4413
5	2424	2173	2258	4414
5	2287	2161	2160	4415
5	2615	2481	2506	4416
5	2209	2162	2006	4417
5	2231	2139	2162	4418
5	2485	2350	2349	4419
5	2483	2348	2342	4420
5	2350	2211	2349	4421
5	2448	2307	2308	4422
5	2276	2138	2243	4423
5	2342	2202	2201	4424
5	2556	2402	2482	4425
5	2212	2143	2067	4426
5	2212	2067	2068	4427
5	2259	2120	2124	4428
5	2214	2069	2213	4429
5	2352	2264	2215	4430
5	2215	2070	2214	4431
5	2508	2376	2488	4432
5	2332	2190	2331	4433
5	2216	2119	2000	4434
5	2216	2000	2074	4435
5	2218	2073	2072	4436
5	2327	2119	2279	4437
5	2766	2644	2694	4438
5	2355	2216	2219	4439
5	2328	2186	2327	4440
5	2219	2216	2074	4441
5	2497	2362	2361	4442
5	2421	2255	2254	4443
5	2311	2168	2235	4444
5	2222	2076	2221	4445
5	2235	2168	2091	4446
5	2412	2235	2267	4447
5	2224	2080	2079	4448
5	2225	2081	2080	4449
5	2357	2204	2344	4450
5	2227	2083	2082	4451
5	2633	2500	2499	4452
5	2322	2181	2180	4453
5	2460	2323	2322	4454
5	2227	2082	2226	4455
5	2458	2310	2309	4456
5	2282	2223	2114	4457
5	2359	2222	2221	4458
5	2555	2178	2284	4459
5	2244	1997	2127	4460
5	2244	2146	1997	4461
5	2230	2205	2122	4462
5	2285	2230	2122	4463
5	2347	2209	2208	4464
5	2401	2375	2231	4465
5	2232	2231	2162	4466
5	2232	2162	2209	4467
5	2233	2167	2017	4468
5	2233	2017	2157	4469
5	2252	2109	2026	4470
5	2258	2173	2023	4471
5	2585	2450	2511	4472
5	2451	2312	2450	4473
5	2261	2143	2212	4474
5	2400	2345	2230	4475
5	2312	2169	2311	4476
5	2312	2170	2169	4477
5	2321	2269	2095	4478
5	2461	2321	2323	4479
5	2293	1940	2135	4480
5	2241	1983	2133	4481
5	2249	2084	2240	4482
5	2567	2428	2270	4483
5	2678	2389	2503	4484
5	2297	2106	1891	4485
5	2242	2239	2129	4486
5	2242	2129	1943	4487
5	2485	2349	2382	4488
5	2265	2092	2140	4489
5	2431	2229	2158	4490
5	2416	2146	2244	4491
5	2365	2292	2085	4492
5	2544	2097	2387	4493
5	2246	2234	2145	4494
5	2246	2145	2172	4495
5	2288	1942	2131	4496
5	2416	1981	2146	4497
5	2248	2247	2004	4498
5	2248	2004	2128	4499
5	2378	2086	2271	4500
5	2353	2117	2281	4501
5	2307	2243	2163	4502
5	2308	2164	2250	4503
5	2251	2183	2102	4504
5	2598	2462	2512	4505
5	2419	2252	2144	4506
5	2262	2139	2231	4507
5	2355	2279	2216	4508
5	2420	2279	2355	4509
5	2354	2217	2353	4510
5	2254	2113	2112	4511
5	2675	2510	2405	4512
5	2284	2178	2179	4513
5	2359	2273	2222	4514
5	2343	2111	2256	4515
5	2257	2238	2125	4516
5	2257	2125	2126	4517
5	2315	2144	2027	4518
5	2315	2027	2174	4519
5	2294	2120	2259	4520
5	2265	2250	2092	4521
5	2487	2352	2351	4522
5	2488	2264	2352	4523
5	2423	2261	2263	4524
5	2350	2107	2211	4525
5	2573	2433	2572	4526
5	2286	2160	2089	4527
5	2263	2261	2212	4528
5	2263	2212	2107	4529
5	2264	2259	2124	4530
5	2264	2124	2215	4531
5	2514	2394	2414	4532
5	2381	2342	2260	4533
5	2486	2351	2340	4534
5	2281	2117	2118	4535
5	2267	2235	2091	4536
5	2267	2091	2101	4537
5	2555	2284	2510	4538
5	2427	2268	2274	4539
5	2269	2257	2126	4540
5	2269	2126	2095	4541
5	2501	2438	2292	4542
5	2516	2233	2428	4543
5	2432	2366	2100	4544
5	2429	2378	2271	4545
5	2340	2090	2199	4546
5	2351	2213	2090	4547
5	2344	2203	2343	4548
5	2399	2343	2256	4549
5	2274	2268	2098	4550
5	2274	2098	2096	4551
5	2455	2275	2430	4552
5	2444	2300	2299	4553
5	2276	2260	2099	4554
5	2276	2099	2138	4555
5	2384	2278	2105	4556
5	2278	2103	2003	4557
5	2431	2158	2103	4558
5	2431	2103	2278	4559
5	2253	2159	1998	4560
5	2253	1998	1972	4561
5	2505	2118	2266	4562
5	2366	2240	2100	4563
5	2353	2217	2117	4564
5	2354	2218	2217	4565
5	2363	2227	2226	4566
5	2283	2256	2115	4567
5	2361	2224	2360	4568
5	2763	2632	2762	4569
5	2441	2106	2297	4570
5	2397	2266	2106	4571
5	2481	2345	2400	4572
5	2401	2231	2232	4573
5	2526	2445	2301	4574
5	2434	2230	2285	4575
5	2306	2251	2102	4576
5	2306	2161	2287	4577
5	2503	2389	2439	4578
5	2290	1952	2134	4579
5	2289	2150	1982	4580
5	2289	1982	2147	4581
5	2383	2104	2247	4582
5	2390	2131	2291	4583
5	2390	2288	2131	4584
5	2518	2295	2440	4585
5	2428	2233	2157	4586
5	2791	2567	2651	4587
5	2380	2304	2167	4588
5	2388	2136	2148	4589
5	2294	2265	2140	4590
5	2294	2140	2120	4591
5	2519	2293	2386	4592
5	2365	2085	2239	4593
5	2436	2132	2150	4594
5	2296	2150	2289	4595
5	2297	2151	2245	4596
5	2432	2100	2280	4597
5	2300	2096	2154	4598
5	2300	2154	2299	4599
5	2395	2267	2228	4600
5	2300	2274	2096	4601
5	2412	2267	2395	4602
5	2638	2504	2509	4603
5	2375	2262	2231	4604
5	2302	2155	2301	4605
5	2302	2286	2089	4606
5	2302	2089	2155	4607
5	2368	2156	2234	4608
5	2452	2253	2109	4609
5	2304	2271	2088	4610
5	2304	2088	2167	4611
5	2305	2158	2229	4612
5	2305	2229	2127	4613
5	2435	2286	2302	4614
5	2619	2485	2618	4615
5	2483	2342	2381	4616
5	2572	2433	2423	4617
5	2308	2307	2165	4618
5	2308	2165	2164	4619
5	2310	2166	2116	4620
5	2321	2095	2182	4621
5	2459	2310	2458	4622
5	2632	2499	2498	4623
5	2313	2171	2170	4624
5	2313	2170	2312	4625
5	2570	2430	2427	4626
5	2313	2237	2171	4627
5	2427	2274	2377	4628
5	2444	2377	2300	4629
5	2452	2393	2314	4630
5	2452	2109	2252	4631
5	2588	2315	2453	4632
5	2767	2642	2588	4633
5	2489	2353	2281	4634
5	2454	2254	2318	4635
5	2451	2407	2313	4636
5	2780	2644	2766	4637
5	2491	2355	2356	4638
5	2405	2284	2255	4639
5	2319	2318	2177	4640
5	2319	2177	2176	4641
5	2464	2309	2326	4642
5	2630	2497	2496	4643
5	2323	2181	2322	4644
5	2406	2360	2282	4645
5	2323	2182	2181	4646
5	2323	2321	2182	4647
5	2460	2322	2449	4648
5	2499	2363	2498	4649
5	2325	2185	2184	4650
5	2326	2185	2325	4651
5	2463	2325	2462	4652
5	2761	2630	2760	4653
5	2599	2463	2598	4654
5	2689	2522	2543	4655
5	2466	2327	2465	4656
5	2465	2279	2420	4657
5	2490	2353	2489	4658
5	2333	2191	2332	4659
5	2465	2327	2279	4660
5	2479	2340	2272	4661
5	2467	2328	2466	4662
5	2466	2328	2327	4663
5	2487	2351	2486	4664
5	2333	2192	2191	4665
5	2477	2339	2338	4666
5	2467	2329	2328	4667
5	2471	2332	2470	4668
5	2335	2194	2193	4669
5	2468	2330	2329	4670
5	2473	2334	2472	4671
5	2469	2330	2468	4672
5	2338	2196	2337	4673
5	2469	2331	2330	4674
5	2470	2332	2331	4675
5	2472	2333	2471	4676
5	2339	2272	2198	4677
5	2471	2333	2332	4678
5	2478	2339	2477	4679
5	2472	2334	2333	4680
5	2473	2335	2334	4681
5	2479	2272	2478	4682
5	2352	2215	2214	4683
5	2348	2202	2342	4684
5	2484	2348	2483	4685
5	2348	2210	2202	4686
5	2348	2341	2210	4687
5	2344	2204	2203	4688
5	2357	2220	2204	4689
5	2412	2372	2235	4690
5	2359	2221	2358	4691
5	2346	2208	2207	4692
5	2347	2232	2209	4693
5	2370	2303	2262	4694
5	2347	2208	2346	4695
5	2418	2251	2306	4696
5	2711	2572	2528	4697
5	2425	2265	2294	4698
5	2620	2479	2614	4699
5	2350	2263	2107	4700
5	2349	2211	2123	4701
5	2528	2423	2374	4702
5	2423	2263	2374	4703
5	2474	2336	2335	4704
5	2371	2250	2265	4705
5	2376	2259	2264	4706
5	2477	2338	2476	4707
5	2430	2268	2427	4708
5	2356	2218	2354	4709
5	2586	2524	2407	4710
5	2566	2457	2529	4711
5	2470	2331	2469	4712
5	2468	2329	2467	4713
5	2356	2355	2219	4714
5	2356	2219	2218	4715
5	2821	2722	2780	4716
5	2761	2631	2630	4717
5	2726	2589	2724	4718
5	2463	2326	2325	4719
5	2496	2360	2406	4720
5	2632	2498	2631	4721
5	2361	2225	2224	4722
5	2362	2226	2225	4723
5	2630	2496	2629	4724
5	2364	2142	2227	4725
5	3011	2931	2887	4726
5	2912	2884	2769	4727
5	2494	2357	2492	4728
5	2364	2227	2363	4729
5	2411	2395	2228	4730
5	2399	2256	2373	4731
5	2674	2505	2397	4732
5	2428	2157	2270	4733
5	2367	2240	2366	4734
5	2367	2249	2240	4735
5	2537	2241	2438	4736
5	2695	2537	2637	4737
5	2523	2258	2368	4738
5	2523	2424	2258	4739
5	2437	2296	2290	4740
5	2369	2290	2134	4741
5	2733	2598	2647	4742
5	2540	2303	2370	4743
5	2448	2414	2307	4744
5	2546	2381	2521	4745
5	2372	2311	2235	4746
5	2524	2396	2407	4747
5	2500	2373	2283	4748
5	2499	2364	2363	4749
5	2485	2374	2350	4750
5	2572	2423	2528	4751
5	2482	2346	2481	4752
5	2520	2375	2401	4753
5	2404	2294	2259	4754
5	2425	2294	2404	4755
5	2570	2427	2522	4756
5	2396	2298	2237	4757
5	2552	2369	2544	4758
5	2801	2501	2648	4759
5	2438	2133	2292	4760
5	2380	2167	2379	4761
5	2516	2379	2233	4762
5	2391	2128	2288	4763
5	2382	2349	2236	4764
5	2698	2616	2690	4765
5	2563	2394	2514	4766
5	2565	2371	2425	4767
5	2417	2247	2248	4768
5	2548	2415	2229	4769
5	2549	2277	2383	4770
5	2415	2244	2229	4771
5	2385	2319	2317	4772
5	2455	2316	2275	4773
5	2387	2097	2293	4774
5	2386	2293	2135	4775
5	2569	2545	2378	4776
5	2389	2239	2242	4777
5	2648	2365	2551	4778
5	2555	2280	2178	4779
5	2548	2229	2431	4780
5	2439	2136	2388	4781
5	2552	2437	2369	4782
5	2576	2296	2437	4783
5	2553	2288	2390	4784
5	2437	2290	2369	4785
5	2392	2368	2234	4786
5	2392	2234	2246	4787
5	2393	2392	2246	4788
5	2393	2246	2314	4789
5	2422	2381	2260	4790
5	2394	2276	2243	4791
5	2840	2707	2692	4792
5	2760	2629	2759	4793
5	2443	2299	2298	4794
5	2444	2299	2443	4795
5	2534	2367	2366	4796
5	2426	2356	2354	4797
5	2398	2324	2251	4798
5	2573	2507	2434	4799
5	2493	2411	2273	4800
5	2480	2343	2399	4801
5	2526	2301	2424	4802
5	2424	2301	2173	4803
5	2513	2435	2445	4804
5	2482	2347	2346	4805
5	2402	2401	2232	4806
5	2402	2232	2347	4807
5	2403	2382	2236	4808
5	2403	2236	2341	4809
5	2673	2528	2619	4810
5	2584	2371	2565	4811
5	2557	2420	2491	4812
5	2716	2534	2535	4813
5	2498	2362	2497	4814
5	2497	2361	2496	4815
5	2407	2396	2237	4816
5	2407	2237	2313	4817
5	2408	2406	2282	4818
5	2408	2282	2238	4819
5	2409	2408	2238	4820
5	2409	2238	2257	4821
5	2410	2409	2257	4822
5	2410	2257	2269	4823
5	2492	2344	2480	4824
5	2494	2358	2357	4825
5	2530	2502	2492	4826
5	2530	2480	2399	4827
5	2413	2410	2269	4828
5	2413	2269	2321	4829
5	2414	2394	2243	4830
5	2414	2243	2307	4831
5	2544	2369	2097	4832
5	2440	2295	2137	4833
5	2685	2440	2653	4834
5	2653	2440	2560	4835
5	2667	2515	2505	4836
5	2660	2571	2384	4837
5	2447	2418	2306	4838
5	2447	2287	2446	4839
5	2689	2682	2522	4840
5	2452	2314	2253	4841
5	2491	2420	2355	4842
5	2491	2356	2426	4843
5	2590	2456	2455	4844
5	2421	2405	2255	4845
5	2690	2616	2617	4846
5	2892	2781	2782	4847
5	2433	2285	2261	4848
5	2434	2285	2433	4849
5	2453	2174	2303	4850
5	2618	2485	2382	4851
5	2521	2381	2422	4852
5	2975	2841	2893	4853
5	2693	2566	2529	4854
5	2625	2558	2421	4855
5	2456	2385	2317	4856
5	2668	2645	2554	4857
5	2567	2270	2087	4858
5	2658	2367	2534	4859
5	2661	2429	2550	4860
5	2519	2387	2293	4861
5	2591	2385	2456	4862
5	2626	2491	2426	4863
5	2660	2548	2571	4864
5	2701	2561	2415	4865
5	2510	2284	2405	4866
5	2771	2550	2659	4867
5	2720	2520	2583	4868
5	2434	2400	2230	4869
5	2730	2525	2596	4870
5	2712	2572	2711	4871
5	2698	2547	2616	4872
5	2446	2287	2286	4873
5	2575	2291	2436	4874
5	2436	2150	2296	4875
5	2839	2666	2553	4876
5	2436	2291	2132	4877
5	2501	2292	2365	4878
5	3006	2834	2756	4879
5	2439	2389	2242	4880
5	2439	2242	2136	4881
5	2654	2552	2544	4882
5	2773	2552	2654	4883
5	3145	3066	3083	4884
5	2623	2426	2490	4885
5	2442	2441	2297	4886
5	2442	2297	2245	4887
5	2628	2493	2495	4888
5	2724	2570	2682	4889
5	2532	2395	2411	4890
5	2603	2467	2602	4891
5	2445	2435	2302	4892
5	2445	2302	2301	4893
5	2447	2306	2287	4894
5	2525	2410	2413	4895
5	2546	2483	2381	4896
5	2596	2461	2595	4897
5	2614	2479	2478	4898
5	2610	2474	2609	4899
5	2461	2413	2321	4900
5	2461	2323	2460	4901
5	2451	2313	2312	4902
5	2450	2312	2311	4903
5	2722	2585	2644	4904
5	2586	2451	2585	4905
5	2587	2252	2419	4906
5	2587	2452	2252	4907
5	2588	2419	2315	4908
5	2453	2315	2174	4909
5	2490	2354	2353	4910
5	2454	2421	2254	4911
5	2456	2316	2455	4912
5	2456	2317	2316	4913
5	2579	2396	2524	4914
5	2762	2632	2631	4915
5	2457	2454	2318	4916
5	2457	2318	2319	4917
5	2459	2320	2310	4918
5	2459	2449	2320	4919
5	2574	2446	2435	4920
5	2649	2502	2530	4921
5	2596	2525	2413	4922
5	2598	2463	2462	4923
5	2595	2461	2460	4924
5	2525	2509	2410	4925
5	2845	2822	2665	4926
5	2464	2326	2463	4927
5	2592	2459	2458	4928
5	2464	2458	2309	4929
5	2594	2460	2449	4930
5	2729	2594	2593	4931
5	2611	2476	2475	4932
5	2602	2466	2601	4933
5	2604	2468	2603	4934
5	2600	2465	2420	4935
5	2612	2477	2476	4936
5	2558	2405	2421	4937
5	2601	2466	2465	4938
5	2474	2335	2473	4939
5	2608	2472	2607	4940
5	2605	2469	2604	4941
5	2602	2467	2466	4942
5	2612	2476	2611	4943
5	2603	2468	2467	4944
5	2476	2338	2337	4945
5	2609	2473	2608	4946
5	2614	2478	2613	4947
5	2604	2469	2468	4948
5	2605	2470	2469	4949
5	2607	2471	2606	4950
5	2476	2337	2475	4951
5	2606	2470	2605	4952
5	2606	2471	2470	4953
5	2613	2477	2612	4954
5	2488	2352	2487	4955
5	2607	2472	2471	4956
5	2608	2473	2472	4957
5	2621	2486	2620	4958
5	2486	2340	2479	4959
5	2609	2474	2473	4960
5	2610	2475	2474	4961
5	2492	2357	2344	4962
5	2493	2273	2359	4963
5	2482	2402	2347	4964
5	2481	2346	2345	4965
5	2583	2520	2401	4966
5	2581	2418	2447	4967
5	2484	2341	2348	4968
5	2943	2831	2798	4969
5	2541	2404	2376	4970
5	2584	2448	2371	4971
5	2618	2382	2547	4972
5	2749	2547	2698	4973
5	2622	2488	2487	4974
5	2841	2706	2775	4975
5	2721	2584	2565	4976
5	2488	2376	2264	4977
5	2617	2483	2546	4978
5	2541	2376	2508	4979
5	2490	2426	2354	4980
5	2600	2420	2557	4981
5	2674	2667	2505	4982
5	2705	2555	2704	4983
5	2704	2555	2510	4984
5	2601	2465	2600	4985
5	3015	2905	2913	4986
5	2628	2495	2627	4987
5	2495	2358	2494	4988
5	2542	2372	2412	4989
5	2495	2359	2358	4990
5	2495	2493	2359	4991
5	2591	2529	2385	4992
5	2543	2522	2377	4993
5	2533	2408	2504	4994
5	2633	2531	2373	4995
5	2533	2406	2408	4996
5	2500	2283	2364	4997
5	2530	2399	2531	4998
5	2530	2492	2480	4999
5	2633	2373	2500	5000
5	2500	2364	2499	5001
5	2827	2650	2664	5002
5	2631	2498	2497	5003
5	2705	2432	2555	5004
5	2567	2087	2249	5005
5	2502	2494	2492	5006
5	2629	2406	2533	5007
5	2678	2551	2389	5008
5	2551	2239	2389	5009
5	2593	2449	2459	5010
5	2596	2413	2461	5011
5	2515	2281	2505	5012
5	2505	2281	2118	5013
5	2506	2481	2400	5014
5	2573	2434	2433	5015
5	2507	2506	2400	5016
5	2507	2400	2434	5017
5	2679	2508	2622	5018
5	2620	2486	2479	5019
5	2509	2504	2409	5020
5	2509	2409	2410	5021
5	2537	2093	2241	5022
5	2515	2489	2281	5023
5	2511	2450	2372	5024
5	2542	2511	2372	5025
5	2512	2462	2398	5026
5	2854	2765	2729	5027
5	2583	2401	2402	5028
5	2574	2435	2513	5029
5	2878	2751	2877	5030
5	2541	2425	2404	5031
5	2697	2559	2640	5032
5	2589	2430	2570	5033
5	2550	2429	2304	5034
5	2811	2685	2653	5035
5	2517	2503	2439	5036
5	2517	2439	2388	5037
5	2634	2503	2517	5038
5	2518	2517	2388	5039
5	2770	2700	2569	5040
5	2569	2378	2429	5041
5	2540	2453	2303	5042
5	2564	2375	2520	5043
5	2750	2673	2619	5044
5	2691	2546	2656	5045
5	2522	2427	2377	5046
5	2783	2717	2643	5047
5	2642	2419	2588	5048
5	2639	2424	2523	5049
5	2543	2377	2444	5050
5	2795	2689	2669	5051
5	2593	2459	2592	5052
5	3090	2957	3016	5053
5	2635	2445	2526	5054
5	2639	2526	2424	5055
5	2527	2514	2414	5056
5	2527	2414	2448	5057
5	2781	2690	2691	5058
5	2836	2698	2690	5059
5	2529	2457	2385	5060
5	2682	2570	2522	5061
5	2692	2626	2623	5062
5	2758	2668	2628	5063
5	2755	2623	2624	5064
5	2531	2399	2373	5065
5	2559	2395	2532	5066
5	2776	2768	2640	5067
5	2629	2496	2406	5068
5	2631	2497	2630	5069
5	2536	2442	2245	5070
5	2637	2537	2438	5071
5	2535	2534	2366	5072
5	2535	2366	2432	5073
5	2577	2397	2441	5074
5	2967	2578	2636	5075
5	2537	2536	2245	5076
5	2537	2245	2093	5077
5	2538	2523	2368	5078
5	2538	2368	2392	5079
5	2539	2512	2398	5080
5	2539	2398	2418	5081
5	2663	2512	2539	5082
5	2639	2538	2655	5083
5	2565	2425	2541	5084
5	2583	2402	2556	5085
5	2669	2543	2580	5086
5	2883	2840	2692	5087
5	2580	2443	2579	5088
5	2580	2543	2444	5089
5	2660	2384	2549	5090
5	2553	2391	2288	5091
5	2545	2519	2386	5092
5	2545	2386	2378	5093
5	2547	2382	2403	5094
5	2619	2374	2485	5095
5	2749	2618	2547	5096
5	2688	2521	2563	5097
5	2549	2384	2277	5098
5	2571	2278	2384	5099
5	2701	2415	2548	5100
5	2654	2544	2652	5101
5	2785	2577	2715	5102
5	2551	2365	2239	5103
5	2666	2417	2391	5104
5	2666	2391	2553	5105
5	2702	2653	2560	5106
5	2648	2501	2365	5107
5	3059	2837	2938	5108
5	2576	2436	2296	5109
5	2554	2532	2411	5110
5	2554	2411	2493	5111
5	2774	2705	2704	5112
5	2815	2651	2568	5113
5	2681	2527	2584	5114
5	2584	2527	2448	5115
5	2626	2426	2623	5116
5	2727	2725	2591	5117
5	3136	3031	2946	5118
5	2625	2421	2454	5119
5	2559	2542	2412	5120
5	2559	2412	2395	5121
5	2560	2440	2137	5122
5	2560	2137	2416	5123
5	2561	2560	2416	5124
5	2561	2416	2415	5125
5	2562	2538	2392	5126
5	2562	2392	2393	5127
5	2563	2521	2422	5128
5	2563	2422	2394	5129
5	2767	2588	2723	5130
5	2564	2370	2375	5131
5	2900	2788	2789	5132
5	2871	2745	2870	5133
5	2625	2454	2566	5134
5	2566	2454	2457	5135
5	2801	2637	2501	5136
5	2791	2428	2567	5137
5	2568	2567	2249	5138
5	2568	2249	2367	5139
5	2686	2652	2387	5140
5	2686	2387	2519	5141
5	2589	2455	2430	5142
5	2590	2455	2589	5143
5	2571	2548	2431	5144
5	2571	2431	2278	5145
5	2827	2796	2650	5146
5	2713	2507	2573	5147
5	2671	2664	2615	5148
5	2796	2720	2650	5149
5	2581	2539	2418	5150
5	2582	2446	2574	5151
5	2714	2390	2575	5152
5	2575	2390	2291	5153
5	2714	2575	2576	5154
5	2576	2575	2436	5155
5	2825	2678	2503	5156
5	2803	2695	2637	5157
5	2578	2577	2441	5158
5	2578	2441	2442	5159
5	2580	2444	2443	5160
5	2579	2443	2396	5161
5	2708	2489	2515	5162
5	2689	2543	2669	5163
5	2719	2574	2677	5164
5	2728	2593	2592	5165
5	2582	2581	2447	5166
5	2582	2447	2446	5167
5	2720	2583	2650	5168
5	2720	2696	2520	5169
5	2798	2657	2672	5170
5	2706	2541	2508	5171
5	2586	2407	2451	5172
5	2585	2451	2450	5173
5	2676	2627	2502	5174
5	2800	2759	2646	5175
5	2587	2562	2393	5176
5	2587	2393	2452	5177
5	2723	2588	2453	5178
5	2655	2538	2562	5179
5	2717	2579	2643	5180
5	2852	2726	2793	5181
5	2725	2693	2529	5182
5	2591	2456	2590	5183
5	3178	3143	3015	5184
5	2963	2795	2919	5185
5	2595	2460	2594	5186
5	2594	2449	2593	5187
5	2848	2696	2720	5188
5	2728	2592	2662	5189
5	2778	2733	2647	5190
5	2763	2633	2632	5191
5	2733	2599	2598	5192
5	2731	2595	2594	5193
5	2729	2593	2728	5194
5	2764	2633	2763	5195
5	2597	2592	2458	5196
5	2597	2458	2464	5197
5	2599	2464	2463	5198
5	2599	2597	2464	5199
5	2662	2592	2597	5200
5	2731	2594	2729	5201
5	2724	2589	2570	5202
5	2797	2755	2624	5203
5	2708	2624	2489	5204
5	2737	2601	2736	5205
5	2736	2601	2600	5206
5	2737	2602	2601	5207
5	2735	2600	2557	5208
5	2707	2557	2626	5209
5	2741	2605	2740	5210
5	2613	2478	2477	5211
5	2752	2621	2620	5212
5	2738	2603	2602	5213
5	2743	2607	2742	5214
5	2622	2487	2621	5215
5	2739	2604	2603	5216
5	2753	2622	2621	5217
5	2744	2608	2743	5218
5	2740	2605	2604	5219
5	2745	2610	2609	5220
5	2611	2475	2610	5221
5	2741	2606	2605	5222
5	2746	2611	2610	5223
5	2742	2607	2606	5224
5	2748	2612	2747	5225
5	2743	2608	2607	5226
5	2748	2614	2613	5227
5	2745	2609	2744	5228
5	2621	2487	2486	5229
5	2751	2614	2748	5230
5	2744	2609	2608	5231
5	2615	2556	2482	5232
5	2615	2482	2481	5233
5	2616	2547	2403	5234
5	2616	2403	2484	5235
5	2617	2616	2484	5236
5	2617	2484	2483	5237
5	3020	2893	2898	5238
5	2619	2528	2374	5239
5	2688	2563	2657	5240
5	2721	2681	2584	5241
5	2746	2610	2745	5242
5	2622	2508	2488	5243
5	2747	2612	2611	5244
5	2751	2620	2614	5245
5	2681	2672	2527	5246
5	2706	2508	2679	5247
5	2738	2602	2737	5248
5	2626	2557	2491	5249
5	2624	2623	2490	5250
5	2624	2490	2489	5251
5	2735	2557	2707	5252
5	2707	2626	2692	5253
5	3163	3041	3154	5254
5	3204	3061	3137	5255
5	2628	2554	2493	5256
5	2627	2495	2494	5257
5	2882	2754	2881	5258
5	2901	2769	2792	5259
5	2646	2504	2638	5260
5	2764	2757	2531	5261
5	2951	2799	2804	5262
5	2650	2583	2556	5263
5	2832	2639	2655	5264
5	2633	2499	2632	5265
5	2646	2533	2504	5266
5	2885	2760	2759	5267
5	2759	2533	2646	5268
5	2764	2531	2633	5269
5	2940	2801	2648	5270
5	2637	2438	2501	5271
5	2924	2767	2723	5272
5	2635	2513	2445	5273
5	2636	2578	2442	5274
5	2636	2442	2536	5275
5	2906	2830	2779	5276
5	2651	2567	2568	5277
5	2854	2729	2728	5278
5	2730	2641	2525	5279
5	2709	2370	2564	5280
5	2642	2587	2419	5281
5	2640	2559	2532	5282
5	2784	2697	2768	5283
5	2641	2638	2509	5284
5	2641	2509	2525	5285
5	2639	2523	2538	5286
5	2642	2655	2562	5287
5	2643	2579	2524	5288
5	2670	2643	2524	5289
5	2670	2524	2586	5290
5	3107	2983	3105	5291
5	2645	2640	2532	5292
5	2645	2532	2554	5293
5	2807	2638	2799	5294
5	2759	2629	2533	5295
5	2647	2598	2512	5296
5	2663	2647	2512	5297
5	2659	2550	2380	5298
5	2946	2785	2715	5299
5	2668	2554	2628	5300
5	2676	2502	2649	5301
5	2853	2728	2662	5302
5	2677	2574	2513	5303
5	2695	2536	2537	5304
5	2659	2380	2379	5305
5	2703	2576	2437	5306
5	2810	2654	2652	5307
5	3027	2779	2935	5308
5	2915	2654	2810	5309
5	2702	2560	2561	5310
5	2969	2846	2896	5311
5	2642	2562	2587	5312
5	2847	2719	2677	5313
5	2656	2546	2521	5314
5	2876	2673	2750	5315
5	2688	2656	2521	5316
5	2657	2563	2514	5317
5	2815	2568	2658	5318
5	2658	2568	2367	5319
5	2904	2678	2825	5320
5	2661	2569	2429	5321
5	2938	2837	2702	5322
5	2699	2383	2417	5323
5	2947	2774	2894	5324
5	2818	2551	2678	5325
5	2734	2599	2733	5326
5	2857	2734	2733	5327
5	2671	2506	2665	5328
5	2711	2528	2673	5329
5	2664	2650	2556	5330
5	2664	2556	2615	5331
5	2671	2615	2506	5332
5	2665	2506	2507	5333
5	2817	2549	2699	5334
5	2699	2549	2383	5335
5	2675	2405	2558	5336
5	2756	2558	2625	5337
5	2758	2627	2676	5338
5	2784	2766	2694	5339
5	3133	2952	3050	5340
5	2912	2769	2901	5341
5	2780	2722	2644	5342
5	3061	2930	3026	5343
5	2809	2718	2719	5344
5	2680	2663	2539	5345
5	2672	2657	2514	5346
5	2672	2514	2527	5347
5	2713	2573	2712	5348
5	2712	2573	2572	5349
5	2674	2397	2577	5350
5	2715	2577	2578	5351
5	2756	2625	2754	5352
5	2739	2603	2738	5353
5	2758	2628	2627	5354
5	2889	2763	2762	5355
5	2680	2539	2581	5356
5	2777	2663	2680	5357
5	3027	2906	2779	5358
5	2779	2687	2700	5359
5	2753	2679	2622	5360
5	2752	2620	2751	5361
5	2790	2663	2777	5362
5	2978	2895	2854	5363
5	2710	2541	2706	5364
5	3004	2898	2880	5365
5	2851	2693	2725	5366
5	2986	2852	2793	5367
5	2683	2659	2379	5368
5	2683	2379	2516	5369
5	2938	2702	2838	5370
5	2684	2634	2517	5371
5	2685	2684	2518	5372
5	2685	2518	2440	5373
5	3138	3040	3023	5374
5	2770	2569	2661	5375
5	2687	2686	2519	5376
5	2687	2519	2545	5377
5	2788	2672	2681	5378
5	2921	2836	2916	5379
5	2966	2802	2635	5380
5	2833	2639	2832	5381
5	2750	2618	2749	5382
5	2750	2619	2618	5383
5	2691	2690	2617	5384
5	2691	2617	2546	5385
5	2753	2621	2752	5386
5	2736	2600	2735	5387
5	2754	2566	2693	5388
5	2834	2558	2756	5389
5	2694	2644	2511	5390
5	2694	2511	2542	5391
5	2786	2708	2515	5392
5	2835	2636	2536	5393
5	2802	2513	2635	5394
5	2709	2540	2370	5395
5	2697	2694	2542	5396
5	2697	2542	2559	5397
5	2843	2711	2842	5398
5	2874	2698	2836	5399
5	2812	2417	2666	5400
5	2838	2702	2561	5401
5	2700	2687	2545	5402
5	2700	2545	2569	5403
5	2830	2686	2687	5404
5	2907	2810	2830	5405
5	2838	2561	2701	5406
5	2703	2437	2552	5407
5	3023	2969	2896	5408
5	2714	2553	2390	5409
5	3186	2940	3058	5410
5	2772	2704	2510	5411
5	2923	2658	2534	5412
5	2705	2535	2432	5413
5	2710	2565	2541	5414
5	2721	2565	2710	5415
5	3008	2981	2840	5416
5	2726	2590	2589	5417
5	2862	2736	2861	5418
5	2754	2625	2566	5419
5	2787	2655	2642	5420
5	2850	2723	2540	5421
5	2831	2657	2798	5422
5	2814	2656	2688	5423
5	2849	2789	2721	5424
5	2713	2665	2507	5425
5	2843	2712	2711	5426
5	2922	2790	2920	5427
5	2999	2876	2875	5428
5	2925	2765	2895	5429
5	2839	2553	2714	5430
5	2846	2576	2703	5431
5	2774	2535	2705	5432
5	2772	2510	2675	5433
5	2816	2771	2659	5434
5	3014	2786	2897	5435
5	2717	2669	2580	5436
5	2717	2580	2579	5437
5	2718	2680	2581	5438
5	2718	2581	2582	5439
5	2719	2718	2582	5440
5	2719	2582	2574	5441
5	2874	2749	2698	5442
5	2857	2733	2778	5443
5	3127	3003	3002	5444
5	2877	2751	2748	5445
5	2722	2670	2586	5446
5	2722	2586	2585	5447
5	2924	2787	2767	5448
5	2802	2677	2513	5449
5	2725	2529	2591	5450
5	2828	2794	2682	5451
5	2727	2590	2726	5452
5	2863	2737	2862	5453
5	2727	2591	2590	5454
5	2879	2752	2878	5455
5	2881	2754	2693	5456
5	2740	2604	2739	5457
5	3052	2895	3041	5458
5	2799	2638	2641	5459
5	3140	3050	3055	5460
5	2889	2762	2887	5461
5	2732	2595	2731	5462
5	2732	2596	2595	5463
5	2732	2730	2596	5464
5	2942	2913	2780	5465
5	2888	2792	2757	5466
5	3010	2886	2885	5467
5	2734	2597	2599	5468
5	2734	2662	2597	5469
5	2826	2680	2718	5470
5	2822	2671	2665	5471
5	2913	2821	2780	5472
5	3117	2992	3116	5473
5	2828	2689	2795	5474
5	2852	2727	2726	5475
5	2882	2756	2754	5476
5	2742	2606	2741	5477
5	2928	2883	2755	5478
5	2861	2736	2735	5479
5	2871	2746	2745	5480
5	2863	2738	2737	5481
5	2862	2737	2736	5482
5	2865	2739	2864	5483
5	2864	2739	2738	5484
5	2748	2613	2612	5485
5	2873	2748	2747	5486
5	2868	2742	2867	5487
5	2865	2740	2739	5488
5	2869	2743	2868	5489
5	2866	2741	2740	5490
5	2872	2746	2871	5491
5	2880	2775	2679	5492
5	2747	2611	2746	5493
5	2867	2742	2741	5494
5	2868	2743	2742	5495
5	2877	2748	2873	5496
5	2869	2744	2743	5497
5	2880	2679	2753	5498
5	2870	2745	2744	5499
5	2836	2690	2781	5500
5	2842	2711	2673	5501
5	2970	2843	2842	5502
5	3002	2877	3001	5503
5	2878	2752	2751	5504
5	2872	2747	2746	5505
5	2879	2753	2752	5506
5	3545	3387	3529	5507
5	2798	2672	2788	5508
5	2849	2710	2841	5509
5	2864	2738	2863	5510
5	2797	2624	2708	5511
5	2861	2735	2859	5512
5	2755	2692	2623	5513
5	2774	2716	2535	5514
5	2929	2675	2834	5515
5	2757	2649	2530	5516
5	2757	2530	2531	5517
5	2930	2768	2776	5518
5	3011	2887	2886	5519
5	2760	2630	2629	5520
5	2762	2631	2761	5521
5	2886	2760	2885	5522
5	2885	2759	2800	5523
5	2886	2761	2760	5524
5	2942	2780	2766	5525
5	2884	2676	2769	5526
5	2887	2762	2761	5527
5	2769	2676	2649	5528
5	2911	2805	2823	5529
5	2888	2757	2764	5530
5	2887	2761	2886	5531
5	2765	2731	2729	5532
5	2854	2728	2853	5533
5	3026	2939	3021	5534
5	2952	2807	2891	5535
5	3070	2961	2847	5536
5	2787	2642	2767	5537
5	2784	2694	2697	5538
5	2768	2697	2640	5539
5	2776	2640	2645	5540
5	3079	2933	3074	5541
5	2818	2648	2551	5542
5	3076	2770	2936	5543
5	3156	3060	2953	5544
5	2771	2661	2550	5545
5	2937	2708	2786	5546
5	2786	2515	2667	5547
5	3028	2936	2771	5548
5	2773	2703	2552	5549
5	2785	2674	2577	5550
5	2785	2667	2674	5551
5	2775	2706	2679	5552
5	2880	2753	2879	5553
5	3029	3012	3013	5554
5	3169	3082	3143	5555
5	2845	2665	2713	5556
5	2824	2671	2822	5557
5	2844	2712	2843	5558
5	2960	2920	2777	5559
5	3037	3024	2918	5560
5	2935	2779	2700	5561
5	3207	3074	3204	5562
5	3233	3067	3201	5563
5	2814	2782	2656	5564
5	2998	2874	2921	5565
5	2782	2781	2691	5566
5	2782	2691	2656	5567
5	3047	3008	2883	5568
5	3170	3081	3169	5569
5	2945	2768	2930	5570
5	2913	2905	2821	5571
5	3031	2785	2946	5572
5	2894	2774	2704	5573
5	3032	2834	3006	5574
5	2897	2786	2667	5575
5	2966	2635	2833	5576
5	2850	2540	2709	5577
5	2973	2845	2844	5578
5	2971	2957	2822	5579
5	2789	2788	2681	5580
5	2789	2681	2721	5581
5	2790	2778	2647	5582
5	2790	2647	2663	5583
5	2808	2428	2791	5584
5	2808	2516	2428	5585
5	2792	2769	2649	5586
5	2792	2649	2757	5587
5	2793	2726	2724	5588
5	2820	2717	2783	5589
5	2794	2793	2724	5590
5	2794	2724	2682	5591
5	2828	2682	2689	5592
5	3372	3258	3270	5593
5	2845	2713	2844	5594
5	2847	2809	2719	5595
5	2834	2675	2558	5596
5	2894	2704	2772	5597
5	3127	3002	3126	5598
5	2950	2788	2900	5599
5	3009	2885	2800	5600
5	3009	2800	2952	5601
5	3158	3021	3053	5602
5	2932	2901	2792	5603
5	2835	2536	2695	5604
5	3160	2637	2801	5605
5	2813	2564	2696	5606
5	2848	2720	2796	5607
5	2816	2659	2683	5608
5	2808	2683	2516	5609
5	2804	2799	2641	5610
5	2804	2641	2730	5611
5	2805	2776	2645	5612
5	2805	2645	2668	5613
5	2806	2783	2643	5614
5	2806	2643	2670	5615
5	2807	2800	2646	5616
5	2807	2646	2638	5617
5	2936	2661	2771	5618
5	3174	2929	3032	5619
5	2813	2709	2564	5620
5	2824	2664	2671	5621
5	2829	2684	2811	5622
5	2811	2684	2685	5623
5	2830	2687	2779	5624
5	2825	2503	2634	5625
5	2817	2660	2549	5626
5	2812	2699	2417	5627
5	2832	2655	2787	5628
5	2954	2709	2813	5629
5	2916	2836	2781	5630
5	2999	2875	2998	5631
5	2918	2695	2803	5632
5	2904	2818	2678	5633
5	2909	2791	2651	5634
5	2918	2835	2695	5635
5	3097	2968	2908	5636
5	2819	2660	2817	5637
5	2907	2830	2906	5638
5	3065	2801	2940	5639
5	2819	2701	2548	5640
5	2819	2548	2660	5641
5	2820	2795	2669	5642
5	2820	2669	2717	5643
5	2821	2806	2670	5644
5	2821	2670	2722	5645
5	2827	2664	2824	5646
5	2826	2718	2809	5647
5	2823	2805	2668	5648
5	2823	2668	2758	5649
5	2974	2827	2958	5650
5	2920	2790	2777	5651
5	2959	2829	2811	5652
5	2935	2700	2770	5653
5	3092	3016	2971	5654
5	2826	2777	2680	5655
5	2914	2857	2778	5656
5	2962	2696	2848	5657
5	2919	2820	2899	5658
5	2982	2851	2860	5659
5	3058	2940	2818	5660
5	2829	2634	2684	5661
5	2830	2810	2652	5662
5	2830	2652	2686	5663
5	2831	2814	2688	5664
5	2831	2688	2657	5665
5	2833	2526	2639	5666
5	2833	2635	2526	5667
5	2903	2677	2802	5668
5	3166	3086	2961	5669
5	2859	2707	2840	5670
5	2859	2735	2707	5671
5	2967	2835	2918	5672
5	2967	2636	2835	5673
5	2876	2842	2673	5674
5	2844	2713	2712	5675
5	2837	2811	2653	5676
5	2837	2653	2702	5677
5	3063	2773	2915	5678
5	2968	2819	2908	5679
5	2896	2846	2703	5680
5	2896	2703	2773	5681
5	2866	2740	2865	5682
5	2867	2741	2866	5683
5	2849	2721	2710	5684
5	2841	2710	2706	5685
5	2875	2749	2874	5686
5	2916	2781	2892	5687
5	3101	3051	2972	5688
5	2895	2765	2854	5689
5	2921	2874	2836	5690
5	2957	2824	2822	5691
5	2978	2854	2853	5692
5	3038	2979	2914	5693
5	2846	2839	2714	5694
5	2846	2714	2576	5695
5	2958	2824	2957	5696
5	2961	2960	2826	5697
5	2977	2787	2924	5698
5	3147	2954	3093	5699
5	3148	3080	3141	5700
5	3191	3064	3167	5701
5	3045	2850	2954	5702
5	2924	2723	2850	5703
5	2881	2693	2851	5704
5	3046	2923	2716	5705
5	2860	2727	2852	5706
5	2860	2725	2727	5707
5	2858	2734	2857	5708
5	3068	2998	2921	5709
5	2951	2891	2799	5710
5	2926	2804	2855	5711
5	2855	2804	2730	5712
5	2855	2730	2732	5713
5	2856	2855	2732	5714
5	2856	2732	2731	5715
5	2858	2662	2734	5716
5	2858	2853	2662	5717
5	2958	2827	2824	5718
5	2922	2778	2790	5719
5	2981	2859	2840	5720
5	3047	2883	2928	5721
5	2989	2864	2988	5722
5	2860	2851	2725	5723
5	3005	2881	2851	5724
5	2986	2793	2927	5725
5	2984	2860	2852	5726
5	2919	2795	2820	5727
5	3019	2919	3018	5728
5	2939	2805	2911	5729
5	2983	2861	2859	5730
5	2870	2744	2869	5731
5	2985	2862	2861	5732
5	2992	2867	2991	5733
5	2987	2863	2862	5734
5	2988	2864	2863	5735
5	2996	2872	2871	5736
5	2989	2865	2864	5737
5	2993	2868	2992	5738
5	2990	2866	2865	5739
5	2994	2869	2993	5740
5	2991	2867	2866	5741
5	3004	2879	3003	5742
5	2873	2747	2872	5743
5	2992	2868	2867	5744
5	3003	2879	2878	5745
5	2995	2870	2994	5746
5	2993	2869	2868	5747
5	2994	2870	2869	5748
5	3257	3172	3242	5749
5	2875	2750	2749	5750
5	2876	2750	2875	5751
5	2973	2971	2845	5752
5	2955	2831	2943	5753
5	3256	3154	3226	5754
5	3001	2873	2997	5755
5	2995	2871	2870	5756
5	2997	2873	2872	5757
5	3373	3260	3297	5758
5	3002	2878	2877	5759
5	3004	2880	2879	5760
5	3001	2877	2873	5761
5	3043	2893	3020	5762
5	3244	3242	3124	5763
5	2996	2871	2995	5764
5	3174	3072	2929	5765
5	2883	2692	2755	5766
5	2983	2859	2981	5767
5	2928	2755	2797	5768
5	2990	2865	2989	5769
5	2884	2823	2758	5770
5	2884	2758	2676	5771
5	2931	2889	2887	5772
5	3135	3034	3011	5773
5	3122	2998	3068	5774
5	3041	2895	2978	5775
5	3000	2970	2842	5776
5	2952	2800	2807	5777
5	2890	2763	2889	5778
5	2890	2888	2764	5779
5	2890	2764	2763	5780
5	3026	2930	2939	5781
5	3152	3056	3073	5782
5	3307	3193	3258	5783
5	2891	2807	2799	5784
5	3135	3010	3134	5785
5	2948	2892	2782	5786
5	2948	2782	2814	5787
5	2893	2841	2775	5788
5	3003	2878	3002	5789
5	2923	2534	2716	5790
5	2897	2667	2785	5791
5	2902	2855	2856	5792
5	2926	2855	2902	5793
5	2956	2699	2812	5794
5	3063	2896	2773	5795
5	2988	2863	2987	5796
5	3183	3162	2947	5797
5	2898	2893	2775	5798
5	2898	2775	2880	5799
5	2899	2820	2783	5800
5	2905	2806	2821	5801
5	2976	2849	2975	5802
5	2976	2900	2789	5803
5	3258	3193	3205	5804
5	3013	2889	2931	5805
5	3154	3041	3062	5806
5	3057	2925	3052	5807
5	2960	2777	2826	5808
5	2903	2847	2677	5809
5	3182	2906	3027	5810
5	3156	2953	3035	5811
5	2944	2806	2905	5812
5	2944	2783	2806	5813
5	3098	2968	3097	5814
5	2908	2819	2817	5815
5	2941	2811	2837	5816
5	3017	2810	2907	5817
5	2968	2701	2819	5818
5	2968	2838	2701	5819
5	3028	2771	2816	5820
5	3076	2935	2770	5821
5	2910	2909	2651	5822
5	2910	2651	2815	5823
5	2934	2884	2912	5824
5	2934	2823	2884	5825
5	2934	2911	2823	5826
5	3061	2945	2930	5827
5	3030	2913	2942	5828
5	3292	3132	3168	5829
5	3100	2922	3099	5830
5	2979	2857	2914	5831
5	3063	3023	2896	5832
5	2915	2773	2654	5833
5	3103	2975	3043	5834
5	3080	2950	3025	5835
5	2917	2812	2666	5836
5	2917	2666	2839	5837
5	3037	2918	2803	5838
5	3162	3046	2947	5839
5	2927	2793	2794	5840
5	3019	2963	2919	5841
5	3092	2971	2973	5842
5	2922	2914	2778	5843
5	3243	3122	3157	5844
5	3064	2916	2892	5845
5	2998	2875	2874	5846
5	2972	2843	2970	5847
5	2923	2910	2815	5848
5	2923	2815	2658	5849
5	3099	2920	3091	5850
5	2965	2833	2832	5851
5	2925	2902	2856	5852
5	2925	2856	2765	5853
5	3052	2925	2895	5854
5	2951	2804	2926	5855
5	3151	2937	3014	5856
5	3178	3030	3144	5857
5	3006	2756	2882	5858
5	3014	2937	2786	5859
5	3072	2894	2772	5860
5	2929	2772	2675	5861
5	2933	2766	2784	5862
5	2942	2766	2933	5863
5	2932	2792	2888	5864
5	3053	2911	2934	5865
5	3075	3053	2934	5866
5	3073	3012	3029	5867
5	3467	3356	3466	5868
5	3056	2901	2932	5869
5	3390	3258	3372	5870
5	3053	3021	2911	5871
5	3159	2935	3076	5872
5	2936	2770	2661	5873
5	2940	2648	2818	5874
5	2964	2634	2829	5875
5	3077	2797	2937	5876
5	2937	2797	2708	5877
5	3017	2915	2810	5878
5	3181	3017	2907	5879
5	2939	2930	2776	5880
5	2939	2776	2805	5881
5	3160	2801	3065	5882
5	3058	2818	2904	5883
5	3181	2907	3078	5884
5	2959	2811	2941	5885
5	3135	3011	3010	5886
5	3030	3015	2913	5887
5	3064	2892	3044	5888
5	3260	3141	3149	5889
5	3115	2990	3114	5890
5	2944	2899	2783	5891
5	2945	2933	2784	5892
5	2945	2784	2768	5893
5	3083	2923	3046	5894
5	2947	2716	2774	5895
5	3196	3136	2946	5896
5	3096	2946	2715	5897
5	3172	3051	3101	5898
5	3323	3191	3167	5899
5	2949	2927	2794	5900
5	2949	2794	2828	5901
5	2950	2943	2798	5902
5	2950	2798	2788	5903
5	3374	3261	3315	5904
5	3057	2902	2925	5905
5	3011	2886	3010	5906
5	3010	2885	3009	5907
5	2953	2816	2683	5908
5	2953	2683	2808	5909
5	3093	2813	2962	5910
5	2954	2850	2709	5911
5	2955	2948	2814	5912
5	2955	2814	2831	5913
5	2956	2908	2817	5914
5	2956	2817	2699	5915
5	2973	2844	2972	5916
5	3055	2891	2951	5917
5	2961	2809	2847	5918
5	3102	2958	3090	5919
5	3078	2907	2906	5920
5	3089	2964	2829	5921
5	3087	2962	2848	5922
5	3070	2847	2903	5923
5	2961	2826	2809	5924
5	3286	3173	3263	5925
5	3244	3124	3123	5926
5	2962	2813	2696	5927
5	2963	2949	2828	5928
5	2963	2828	2795	5929
5	3281	3037	3142	5930
5	2964	2825	2634	5931
5	3039	2903	2802	5932
5	3166	2961	3070	5933
5	2966	2833	2965	5934
5	3039	2802	2966	5935
5	3096	2715	2967	5936
5	2967	2715	2578	5937
5	3022	2908	2956	5938
5	3098	2938	2838	5939
5	2969	2917	2839	5940
5	2969	2839	2846	5941
5	2971	2822	2845	5942
5	3090	2958	2957	5943
5	2972	2844	2843	5944
5	3016	2957	2971	5945
5	3091	2960	3086	5946
5	2980	2978	2853	5947
5	2974	2796	2827	5948
5	2974	2848	2796	5949
5	3062	3041	2978	5950
5	3095	3039	2966	5951
5	2976	2789	2849	5952
5	2975	2849	2841	5953
5	3044	2892	2948	5954
5	3103	3033	2976	5955
5	2977	2965	2832	5956
5	2977	2832	2787	5957
5	2980	2858	2979	5958
5	3086	2960	2961	5959
5	2980	2853	2858	5960
5	2979	2858	2857	5961
5	3100	2914	2922	5962
5	3248	3179	3128	5963
5	2985	2861	2983	5964
5	2987	2862	2985	5965
5	3005	2851	2982	5966
5	3007	2881	3005	5967
5	3168	3008	3047	5968
5	2991	2866	2990	5969
5	3129	3005	2982	5970
5	2984	2982	2860	5971
5	3106	2982	2984	5972
5	2997	2872	2996	5973
5	3110	2986	2927	5974
5	2986	2984	2852	5975
5	3018	2919	2899	5976
5	3082	2905	3015	5977
5	3229	3108	3110	5978
5	3331	3204	3259	5979
5	3067	2949	2963	5980
5	3251	3129	3249	5981
5	3109	2987	2985	5982
5	3111	2988	2987	5983
5	3118	2993	3117	5984
5	3113	2989	2988	5985
5	3119	2994	3118	5986
5	3126	3002	3001	5987
5	3114	2990	2989	5988
5	3120	2995	3119	5989
5	3115	2991	2990	5990
5	3128	3004	3003	5991
5	3116	2992	2991	5992
5	3128	3003	3127	5993
5	3117	2993	2992	5994
5	3121	2996	3120	5995
5	3118	2994	2993	5996
5	3128	3048	3004	5997
5	3000	2842	2876	5998
5	3000	2876	2999	5999
5	3241	3121	3120	6000
5	3428	3373	3297	6001
5	3122	2999	2998	6002
5	3062	2978	2980	6003
5	3119	2995	2994	6004
5	3246	3125	3245	6005
5	3121	2997	2996	6006
5	3245	3121	3241	6007
5	3263	3173	3179	6008
5	3120	2996	2995	6009
5	3321	3225	3276	6010
5	3161	3044	3084	6011
5	3132	3105	2981	6012
5	3444	3442	3324	6013
5	3008	2840	2883	6014
5	3175	3006	3130	6015
5	3264	3014	2897	6016
5	3007	2882	2881	6017
5	3109	2985	3107	6018
5	3105	2983	2981	6019
5	3177	3052	3163	6020
5	3254	3133	3253	6021
5	3253	3133	3050	6022
5	3163	3052	3041	6023
5	3054	2931	3034	6024
5	3054	3013	2931	6025
5	3012	2932	2888	6026
5	3012	2888	2890	6027
5	3013	3012	2890	6028
5	3013	2890	2889	6029
5	3130	3006	2882	6030
5	3032	2929	2834	6031
5	3185	3029	3054	6032
5	3180	3137	3026	6033
5	3104	3062	2980	6034
5	3050	2952	2891	6035
5	3036	2956	2812	6036
5	3059	2941	2837	6037
5	3112	2949	3067	6038
5	3112	2927	2949	6039
5	3108	2984	2986	6040
5	3067	2963	3019	6041
5	3247	3127	3126	6042
5	3125	3001	2997	6043
5	3021	2939	2911	6044
5	3075	2912	2901	6045
5	3098	2838	2968	6046
5	3097	2908	3022	6047
5	3036	2812	2917	6048
5	3036	3022	2956	6049
5	3096	2967	3024	6050
5	3024	2967	2918	6051
5	3025	2950	2900	6052
5	3043	2975	2893	6053
5	3200	3018	3170	6054
5	3350	3347	3231	6055
5	3265	3197	3017	6056
5	3266	3078	3182	6057
5	3094	2904	2825	6058
5	3089	2829	2959	6059
5	3034	2931	3011	6060
5	3134	3010	3009	6061
5	3074	2945	3061	6062
5	3074	2933	2945	6063
5	3271	3060	3156	6064
5	3031	2897	2785	6065
5	3376	3309	3162	6066
5	3072	2772	2929	6067
5	3033	3025	2900	6068
5	3033	2900	2976	6069
5	3054	3029	3013	6070
5	3436	3312	3435	6071
5	3186	3065	2940	6072
5	3060	2816	2953	6073
5	3220	3098	3219	6074
5	3040	2969	3023	6075
5	3142	3037	2803	6076
5	3046	2716	2947	6077
5	3051	2973	2972	6078
5	3194	3055	3085	6079
5	3188	2962	3087	6080
5	3045	2924	2850	6081
5	3040	3036	2917	6082
5	3040	2917	2969	6083
5	3092	2973	3051	6084
5	3104	2979	3038	6085
5	3095	2965	3042	6086
5	3042	2965	2977	6087
5	3103	2976	2975	6088
5	3202	3157	3068	6089
5	3084	2955	3049	6090
5	3084	2948	2955	6091
5	3319	3192	3268	6092
5	3482	3372	3417	6093
5	3035	2791	2909	6094
5	3035	2808	2791	6095
5	3130	2882	3007	6096
5	3116	2991	3115	6097
5	3048	3020	2898	6098
5	3048	2898	3004	6099
5	3084	3044	2948	6100
5	3049	2955	2943	6101
5	3133	3009	2952	6102
5	3134	3009	3133	6103
5	3148	3049	3080	6104
5	3124	2970	3000	6105
5	3085	2951	2926	6106
5	3055	3050	2891	6107
5	3075	2934	2912	6108
5	3205	3056	3152	6109
5	3270	3205	3152	6110
5	3255	3176	3135	6111
5	3071	2902	3057	6112
5	3071	2926	2902	6113
5	3395	3316	3289	6114
5	3075	2901	3056	6115
5	3253	3050	3140	6116
5	3085	2926	3071	6117
5	3060	3028	2816	6118
5	3035	2953	2808	6119
5	3219	3097	3218	6120
5	3094	2825	2964	6121
5	3066	2909	2910	6122
5	3376	3162	3183	6123
5	3079	2942	2933	6124
5	3079	3030	2942	6125
5	3101	2972	2970	6126
5	3203	3057	3177	6127
5	3220	3059	2938	6128
5	3218	3097	3022	6129
5	3069	2916	3064	6130
5	3104	2980	2979	6131
5	3159	3027	2935	6132
5	3160	2803	2637	6133
5	3303	3065	3186	6134
5	3199	2909	3066	6135
5	3170	3018	3081	6136
5	3207	3079	3074	6137
5	3214	3051	3172	6138
5	3444	3322	3396	6139
5	3069	3068	2921	6140
5	3069	2921	2916	6141
5	3087	2848	2974	6142
5	3102	2974	2958	6143
5	3410	3268	3273	6144
5	3085	3055	2951	6145
5	3196	2946	3096	6146
5	3275	3028	3060	6147
5	3073	3056	2932	6148
5	3073	2932	3012	6149
5	3316	3144	3289	6150
5	3501	3379	3498	6151
5	3180	3026	3021	6152
5	3556	3446	3436	6153
5	3275	3139	3028	6154
5	3165	3058	2904	6155
5	3206	3047	2928	6156
5	3077	2928	2797	6157
5	3088	2959	2941	6158
5	3195	2941	3059	6159
5	3345	3228	3288	6160
5	3180	3021	3158	6161
5	3080	3049	2943	6162
5	3080	2943	2950	6163
5	3081	3018	2899	6164
5	3081	2899	2944	6165
5	3082	3081	2944	6166
5	3082	2944	2905	6167
5	3083	3066	2910	6168
5	3083	2910	2923	6169
5	3580	3374	3471	6170
5	3364	3246	3363	6171
5	3045	3042	2977	6172
5	3045	2977	2924	6173
5	3091	2920	2960	6174
5	3213	3090	3016	6175
5	3209	3038	3100	6176
5	3093	2954	2813	6177
5	3182	3078	2906	6178
5	3210	3089	2959	6179
5	3210	2959	3088	6180
5	3382	3088	3195	6181
5	3320	3215	3147	6182
5	3344	3224	3213	6183
5	3279	3086	3166	6184
5	3212	3091	3086	6185
5	3311	3167	3161	6186
5	3099	2922	2920	6187
5	3095	2966	2965	6188
5	3211	3087	2974	6189
5	3155	2964	3089	6190
5	3299	3037	3281	6191
5	3282	3221	3212	6192
5	3209	3164	3038	6193
5	3264	3031	3136	6194
5	3151	3077	2937	6195
5	3198	3138	3023	6196
5	3187	3022	3036	6197
5	3198	3023	3063	6198
5	3219	3098	3097	6199
5	3322	3203	3261	6200
5	3100	3038	2914	6201
5	3221	3099	3091	6202
5	3261	3203	3177	6203
5	3123	2999	3122	6204
5	3123	3000	2999	6205
5	3448	3334	3332	6206
5	3146	2903	3039	6207
5	3189	3033	3103	6208
5	3276	3225	3150	6209
5	3202	3068	3069	6210
5	3324	3194	3190	6211
5	3107	2985	2983	6212
5	3114	2989	3113	6213
5	3129	2982	3106	6214
5	3131	3005	3129	6215
5	3111	2987	3109	6216
5	3113	2988	3111	6217
5	3227	3106	3108	6218
5	3108	3106	2984	6219
5	3201	3019	3200	6220
5	3125	2997	3121	6221
5	3238	3117	3237	6222
5	3110	3108	2986	6223
5	3368	3249	3366	6224
5	3317	3180	3158	6225
5	3231	3110	3112	6226
5	3112	3110	2927	6227
5	3201	3067	3019	6228
5	3200	3019	3018	6229
5	3169	3081	3082	6230
5	3406	3346	3347	6231
5	3230	3109	3228	6232
5	3232	3113	3111	6233
5	3237	3116	3236	6234
5	3126	3001	3125	6235
5	3234	3114	3113	6236
5	3239	3118	3238	6237
5	3235	3115	3114	6238
5	3241	3120	3240	6239
5	3236	3116	3115	6240
5	3237	3117	3116	6241
5	3248	3127	3247	6242
5	3238	3118	3117	6243
5	3545	3521	3428	6244
5	3239	3119	3118	6245
5	3244	3123	3243	6246
5	3124	3000	3123	6247
5	3396	3261	3374	6248
5	3124	3101	2970	6249
5	3208	3049	3148	6250
5	3167	3044	3161	6251
5	3246	3126	3125	6252
5	3240	3120	3119	6253
5	3245	3125	3121	6254
5	3399	3311	3262	6255
5	3248	3128	3127	6256
5	3428	3321	3387	6257
5	3150	3043	3020	6258
5	3443	3311	3399	6259
5	3249	3129	3106	6260
5	3283	3151	3014	6261
5	3132	2981	3008	6262
5	3264	2897	3031	6263
5	3661	3548	3506	6264
5	3131	3007	3005	6265
5	3252	3171	3105	6266
5	3295	3130	3250	6267
5	3535	3413	3494	6268
5	3255	3135	3134	6269
5	3416	3293	3378	6270
5	3324	3190	3322	6271
5	3177	3057	3052	6272
5	3194	3085	3190	6273
5	3509	3309	3376	6274
5	3206	2928	3077	6275
5	3137	3061	3026	6276
5	3289	3144	3207	6277
5	3187	3036	3040	6278
5	3187	3040	3138	6279
5	3139	3076	2936	6280
5	3139	2936	3028	6281
5	3194	3140	3055	6282
5	3190	3085	3071	6283
5	3141	3080	3025	6284
5	3262	3161	3208	6285
5	3303	3281	3142	6286
5	3155	3094	2964	6287
5	3143	3082	3015	6288
5	3440	3317	3307	6289
5	3178	3015	3030	6290
5	3144	3030	3079	6291
5	3217	3046	3162	6292
5	3398	3159	3277	6293
5	3226	3104	3164	6294
5	3146	3070	2903	6295
5	3146	3039	3095	6296
5	3147	3045	2954	6297
5	3323	3167	3311	6298
5	3392	3300	3381	6299
5	3149	3141	3025	6300
5	3149	3025	3033	6301
5	3189	3149	3033	6302
5	3225	3043	3150	6303
5	3301	3206	3077	6304
5	3250	3130	3007	6305
5	3556	3436	3551	6306
5	3176	3034	3135	6307
5	3153	3152	3073	6308
5	3153	3073	3029	6309
5	3226	3062	3104	6310
5	3164	3104	3038	6311
5	3302	3094	3155	6312
5	3303	3142	3065	6313
5	3304	3199	3066	6314
5	3305	3156	3199	6315
5	3157	3122	3068	6316
5	3381	3300	3260	6317
5	3874	3769	3765	6318
5	3352	3233	3201	6319
5	3165	2904	3094	6320
5	3393	3266	3182	6321
5	3160	3065	3142	6322
5	3160	3142	2803	6323
5	3167	3064	3044	6324
5	3191	3069	3064	6325
5	3764	3430	3536	6326
5	3217	3083	3046	6327
5	3310	3163	3154	6328
5	3285	3214	3172	6329
5	3215	3042	3147	6330
5	3147	3042	3045	6331
5	3274	3058	3165	6332
5	3333	3155	3089	6333
5	3278	3087	3211	6334
5	3211	2974	3102	6335
5	3362	3245	3241	6336
5	3300	3141	3260	6337
5	3171	3107	3105	6338
5	3168	3132	3008	6339
5	3312	3143	3298	6340
5	3233	3112	3067	6341
5	3397	3259	3296	6342
5	3328	3200	3170	6343
5	3232	3111	3230	6344
5	3230	3111	3109	6345
5	3223	3213	3016	6346
5	3222	3100	3099	6347
5	3173	3150	3020	6348
5	3173	3020	3048	6349
5	3326	3136	3196	6350
5	3183	2947	2894	6351
5	3314	3174	3032	6352
5	3175	3032	3006	6353
5	3185	3153	3029	6354
5	3192	3034	3176	6355
5	3291	3226	3164	6356
5	3520	3396	3484	6357
5	3446	3313	3436	6358
5	3485	3380	3440	6359
5	3179	3173	3048	6360
5	3179	3048	3128	6361
5	3270	3258	3205	6362
5	3370	3253	3294	6363
5	3195	3088	2941	6364
5	3197	2915	3017	6365
5	3418	3275	3060	6366
5	3308	3027	3159	6367
5	3301	3077	3151	6368
5	3283	3014	3264	6369
5	3184	3183	2894	6370
5	3184	2894	3072	6371
5	3440	3307	3390	6372
5	3269	3152	3153	6373
5	3418	3060	3271	6374
5	3337	3145	3217	6375
5	3218	3022	3187	6376
5	3220	2938	3098	6377
5	3320	3093	3188	6378
5	3188	3093	2962	6379
5	3381	3260	3373	6380
5	3311	3161	3262	6381
5	3310	3154	3256	6382
5	3294	3140	3287	6383
5	3474	3364	3363	6384
5	3202	3069	3191	6385
5	3192	3185	3054	6386
5	3192	3054	3034	6387
5	3193	3158	3053	6388
5	3193	3053	3075	6389
5	3315	3177	3163	6390
5	3287	3140	3194	6391
5	3651	3393	3534	6392
5	3400	3078	3266	6393
5	3337	3217	3309	6394
5	3309	3217	3162	6395
5	3198	3063	3197	6396
5	3197	3063	2915	6397
5	3318	3210	3088	6398
5	3265	3017	3181	6399
5	3199	3156	3035	6400
5	3199	3035	2909	6401
5	3313	3170	3169	6402
5	3240	3119	3239	6403
5	3234	3113	3232	6404
5	3228	3109	3107	6405
5	3401	3257	3360	6406
5	3360	3242	3244	6407
5	3203	3190	3071	6408
5	3203	3071	3057	6409
5	3207	3144	3079	6410
5	3204	3074	3061	6411
5	3205	3193	3075	6412
5	3205	3075	3056	6413
5	3250	3007	3131	6414
5	3402	3330	3206	6415
5	3298	3143	3178	6416
5	3317	3158	3307	6417
5	3208	3161	3084	6418
5	3208	3084	3049	6419
5	3486	3411	3447	6420
5	3278	3188	3087	6421
5	3302	3165	3094	6422
5	3487	3266	3393	6423
5	3224	3102	3090	6424
5	3331	3289	3207	6425
5	3221	3091	3212	6426
5	3223	3092	3214	6427
5	3224	3090	3213	6428
5	3335	3102	3224	6429
5	3371	3254	3370	6430
5	3214	3092	3051	6431
5	3215	3146	3095	6432
5	3215	3095	3042	6433
5	3216	3196	3096	6434
5	3216	3096	3024	6435
5	3299	3024	3037	6436
5	3217	3145	3083	6437
5	3340	3059	3220	6438
5	3338	3198	3327	6439
5	3327	3198	3197	6440
5	3338	3138	3198	6441
5	3218	3187	3138	6442
5	3339	3220	3219	6443
5	3222	3099	3221	6444
5	3222	3209	3100	6445
5	3223	3016	3092	6446
5	3280	3243	3157	6447
5	3291	3256	3226	6448
5	3405	3282	3212	6449
5	3342	3221	3282	6450
5	3361	3243	3280	6451
5	3225	3189	3103	6452
5	3225	3103	3043	6453
5	3284	3164	3209	6454
5	3226	3154	3062	6455
5	3228	3107	3171	6456
5	3249	3106	3227	6457
5	3247	3126	3246	6458
5	3351	3232	3348	6459
5	3488	3389	3367	6460
5	3229	3227	3108	6461
5	3236	3115	3235	6462
5	3235	3114	3234	6463
5	3313	3169	3312	6464
5	3231	3229	3110	6465
5	3349	3200	3328	6466
5	3349	3201	3200	6467
5	3353	3234	3351	6468
5	3233	3231	3112	6469
5	3346	3227	3229	6470
5	3478	3366	3476	6471
5	3328	3170	3313	6472
5	3312	3169	3143	6473
5	3348	3232	3230	6474
5	3359	3241	3240	6475
5	3351	3234	3232	6476
5	3357	3238	3356	6477
5	3353	3235	3234	6478
5	3362	3241	3359	6479
5	3354	3236	3235	6480
5	3355	3237	3236	6481
5	3365	3247	3364	6482
5	3356	3238	3237	6483
5	3363	3245	3362	6484
5	3357	3239	3238	6485
5	3242	3172	3101	6486
5	3242	3101	3124	6487
5	3336	3223	3214	6488
5	3243	3123	3122	6489
5	3343	3223	3336	6490
5	3428	3297	3321	6491
5	3358	3240	3239	6492
5	3359	3240	3358	6493
5	3365	3290	3248	6494
5	3363	3246	3245	6495
5	3762	3632	3716	6496
5	3529	3420	3489	6497
5	3491	3385	3407	6498
5	3530	3381	3526	6499
5	3492	3479	3369	6500
5	3292	3252	3132	6501
5	3252	3105	3132	6502
5	3295	3175	3130	6503
5	3593	3388	3496	6504
5	3251	3131	3129	6505
5	3288	3228	3171	6506
5	3369	3288	3171	6507
5	3254	3134	3133	6508
5	3255	3134	3254	6509
5	3371	3255	3254	6510
5	3378	3319	3377	6511
5	3322	3190	3203	6512
5	3416	3269	3293	6513
5	3526	3373	3521	6514
5	3447	3323	3443	6515
5	3403	3279	3166	6516
5	3335	3211	3102	6517
5	3417	3270	3269	6518
5	3270	3152	3269	6519
5	3259	3204	3137	6520
5	3551	3436	3435	6521
5	3297	3260	3149	6522
5	3297	3149	3189	6523
5	3360	3257	3242	6524
5	3495	3386	3481	6525
5	3420	3286	3385	6526
5	3584	3474	3583	6527
5	3364	3247	3246	6528
5	3365	3248	3247	6529
5	3314	3032	3175	6530
5	3511	3409	3330	6531
5	3327	3197	3265	6532
5	3338	3219	3218	6533
5	3419	3139	3275	6534
5	3415	3318	3382	6535
5	3267	3184	3072	6536
5	3267	3072	3174	6537
5	3268	3192	3176	6538
5	3371	3273	3255	6539
5	3800	3705	3768	6540
5	3417	3269	3416	6541
5	3650	3501	3629	6542
5	3553	3440	3390	6543
5	3499	3391	3303	6544
5	3277	3076	3139	6545
5	3272	3262	3208	6546
5	3272	3208	3148	6547
5	3273	3268	3176	6548
5	3273	3176	3255	6549
5	3375	3136	3326	6550
5	3274	3186	3058	6551
5	3419	3275	3418	6552
5	3277	3159	3076	6553
5	3521	3373	3428	6554
5	3387	3321	3276	6555
5	3595	3505	3549	6556
5	3308	3182	3027	6557
5	3343	3213	3223	6558
5	3279	3212	3086	6559
5	3332	3146	3215	6560
5	3334	3070	3146	6561
5	3652	3539	3579	6562
5	3413	3272	3392	6563
5	3547	3274	3430	6564
5	3299	3216	3024	6565
5	3558	3448	3383	6566
5	3341	3209	3222	6567
5	3444	3324	3322	6568
5	3367	3250	3131	6569
5	3285	3172	3257	6570
5	3291	3164	3284	6571
5	3336	3214	3285	6572
5	3344	3213	3343	6573
5	3286	3276	3150	6574
5	3286	3150	3173	6575
5	3294	3253	3140	6576
5	3370	3254	3253	6577
5	3345	3230	3228	6578
5	3355	3236	3354	6579
5	3553	3390	3497	6580
5	3446	3328	3313	6581
5	3290	3263	3179	6582
5	3290	3179	3248	6583
5	3425	3257	3401	6584
5	3502	3425	3401	6585
5	3366	3249	3227	6586
5	3503	3292	3409	6587
5	3293	3269	3153	6588
5	3293	3153	3185	6589
5	3456	3344	3343	6590
5	3412	3256	3291	6591
5	3375	3264	3136	6592
5	3519	3437	3314	6593
5	3296	3259	3137	6594
5	3296	3137	3180	6595
5	3438	3256	3412	6596
5	3589	3481	3480	6597
5	3669	3497	3596	6598
5	3397	3296	3380	6599
5	3304	3066	3145	6600
5	3325	3196	3216	6601
5	3300	3272	3148	6602
5	3300	3148	3141	6603
5	3330	3047	3206	6604
5	3330	3168	3047	6605
5	3431	3304	3394	6606
5	3536	3302	3404	6607
5	3735	3656	3542	6608
5	3487	3415	3266	6609
5	3305	3271	3156	6610
5	3305	3199	3304	6611
5	3500	3281	3391	6612
5	3431	3305	3304	6613
5	3306	3280	3157	6614
5	3306	3157	3202	6615
5	3317	3296	3180	6616
5	3307	3158	3193	6617
5	3441	3210	3318	6618
5	3382	3195	3340	6619
5	3483	3325	3433	6620
5	3506	3431	3394	6621
5	3315	3261	3177	6622
5	3315	3163	3310	6623
5	3329	3202	3191	6624
5	3329	3191	3323	6625
5	3628	3533	3594	6626
5	3423	3331	3379	6627
5	3435	3298	3429	6628
5	3429	3316	3395	6629
5	3414	3184	3267	6630
5	3437	3174	3314	6631
5	3481	3370	3480	6632
5	3538	3386	3495	6633
5	3316	3298	3178	6634
5	3316	3178	3144	6635
5	3497	3372	3482	6636
5	3378	3293	3319	6637
5	3441	3333	3210	6638
5	3333	3089	3210	6639
5	3319	3293	3185	6640
5	3319	3185	3192	6641
5	3320	3147	3093	6642
5	3331	3207	3204	6643
5	3321	3297	3189	6644
5	3321	3189	3225	6645
5	3324	3287	3194	6646
5	3447	3411	3329	6647
5	3507	3454	3450	6648
5	3329	3306	3202	6649
5	3396	3322	3261	6650
5	3527	3447	3443	6651
5	3326	3196	3325	6652
5	3388	3301	3151	6653
5	3801	3711	3601	6654
5	3388	3151	3283	6655
5	3340	3195	3059	6656
5	3338	3218	3138	6657
5	3435	3312	3298	6658
5	3358	3239	3357	6659
5	3392	3272	3300	6660
5	3599	3563	3507	6661
5	3737	3633	3493	6662
5	3367	3131	3251	6663
5	3515	3279	3403	6664
5	3332	3215	3320	6665
5	3334	3146	3332	6666
5	3334	3166	3070	6667
5	3404	3155	3333	6668
5	3393	3182	3308	6669
5	3403	3166	3334	6670
5	3448	3403	3334	6671
5	3448	3332	3383	6672
5	3449	3211	3335	6673
5	3471	3315	3310	6674
5	3616	3405	3515	6675
5	3524	3506	3394	6676
5	3391	3281	3303	6677
5	3340	3220	3339	6678
5	3339	3219	3338	6679
5	3452	3327	3265	6680
5	3400	3265	3181	6681
5	3400	3181	3078	6682
5	3382	3318	3088	6683
5	3453	3424	3284	6684
5	3341	3284	3209	6685
5	3342	3341	3222	6686
5	3342	3222	3221	6687
5	3450	3336	3285	6688
5	3425	3285	3257	6689
5	3454	3343	3336	6690
5	3597	3513	3560	6691
5	3348	3230	3345	6692
5	3356	3237	3355	6693
5	3476	3366	3346	6694
5	3366	3227	3346	6695
5	3347	3346	3229	6696
5	3347	3229	3231	6697
5	3736	3592	3626	6698
5	3354	3235	3353	6699
5	3352	3201	3349	6700
5	3350	3231	3233	6701
5	3474	3363	3473	6702
5	3461	3458	3350	6703
5	3458	3347	3350	6704
5	3459	3351	3348	6705
5	3458	3406	3347	6706
5	3352	3350	3233	6707
5	3565	3384	3457	6708
5	3460	3352	3349	6709
5	3463	3328	3446	6710
5	3429	3298	3316	6711
5	3436	3313	3312	6712
5	3462	3351	3459	6713
5	3462	3353	3351	6714
5	3464	3354	3353	6715
5	3582	3473	3472	6716
5	3465	3355	3354	6717
5	3473	3362	3472	6718
5	3466	3356	3355	6719
5	3475	3364	3474	6720
5	3467	3357	3356	6721
5	3411	3306	3329	6722
5	3510	3401	3470	6723
5	3361	3360	3244	6724
5	3361	3244	3243	6725
5	3472	3359	3469	6726
5	3468	3358	3357	6727
5	3469	3359	3358	6728
5	3475	3408	3365	6729
5	3473	3363	3362	6730
5	3983	3911	3982	6731
5	3699	3606	3641	6732
5	3472	3362	3359	6733
5	3479	3457	3288	6734
5	3426	3252	3292	6735
5	3369	3171	3252	6736
5	3711	3492	3601	6737
5	3704	3488	3608	6738
5	3368	3251	3249	6739
5	3476	3346	3406	6740
5	3384	3348	3345	6741
5	3481	3386	3371	6742
5	3480	3370	3294	6743
5	3696	3544	3657	6744
5	3410	3273	3386	6745
5	3417	3372	3270	6746
5	3481	3371	3370	6747
5	3491	3407	3490	6748
5	3602	3490	3517	6749
5	3438	3310	3256	6750
5	3741	3522	3616	6751
5	3552	3414	3267	6752
5	3434	3337	3309	6753
5	3524	3394	3337	6754
5	3493	3376	3414	6755
5	3377	3319	3268	6756
5	3386	3273	3371	6757
5	3518	3442	3444	6758
5	3544	3442	3518	6759
5	3379	3331	3259	6760
5	3629	3498	3628	6761
5	3397	3379	3259	6762
5	3380	3296	3317	6763
5	3951	3855	3927	6764
5	3603	3521	3545	6765
5	3452	3339	3338	6766
5	3452	3265	3400	6767
5	3902	3706	3813	6768
5	3383	3188	3278	6769
5	3466	3355	3465	6770
5	3468	3357	3467	6771
5	3385	3286	3263	6772
5	3475	3365	3364	6773
5	3410	3377	3268	6774
5	3703	3594	3610	6775
5	3494	3413	3392	6776
5	3742	3659	3707	6777
5	3402	3301	3388	6778
5	3402	3206	3301	6779
5	3389	3295	3250	6780
5	3389	3250	3367	6781
5	3440	3380	3317	6782
5	3390	3307	3258	6783
5	3433	3216	3299	6784
5	3433	3325	3216	6785
5	3648	3530	3526	6786
5	3526	3381	3373	6787
5	3404	3302	3155	6788
5	3531	3404	3333	6789
5	3394	3304	3145	6790
5	3394	3145	3337	6791
5	3550	3429	3546	6792
5	3533	3380	3485	6793
5	3427	3294	3287	6794
5	3480	3294	3427	6795
5	3498	3379	3397	6796
5	3546	3395	3532	6797
5	3534	3393	3308	6798
5	3398	3308	3159	6799
5	3743	3728	3604	6800
5	3627	3490	3602	6801
5	3452	3340	3339	6802
5	3452	3338	3327	6803
5	3421	3306	3411	6804
5	3607	3518	3520	6805
5	3409	3292	3168	6806
5	3409	3168	3330	6807
5	3451	3342	3282	6808
5	3405	3212	3279	6809
5	3432	3305	3431	6810
5	3764	3547	3430	6811
5	3422	3335	3224	6812
5	3422	3224	3344	6813
5	3569	3459	3516	6814
5	3457	3345	3288	6815
5	3407	3385	3263	6816
5	3407	3263	3290	6817
5	3408	3407	3290	6818
5	3408	3290	3365	6819
5	3704	3600	3488	6820
5	3426	3369	3252	6821
5	4003	3938	3984	6822
5	3609	3528	3538	6823
5	3439	3361	3280	6824
5	3504	3439	3421	6825
5	3421	3280	3306	6826
5	3470	3360	3361	6827
5	3413	3399	3262	6828
5	3413	3262	3272	6829
5	3414	3376	3183	6830
5	3414	3183	3184	6831
5	3415	3382	3400	6832
5	3415	3400	3266	6833
5	3540	3416	3378	6834
5	3610	3594	3485	6835
5	3667	3551	3550	6836
5	3692	3623	3584	6837
5	3542	3277	3419	6838
5	3419	3277	3139	6839
5	3430	3165	3302	6840
5	3505	3419	3418	6841
5	3420	3387	3276	6842
5	3420	3276	3286	6843
5	3705	3605	3655	6844
5	3688	3543	3604	6845
5	3455	3341	3342	6846
5	3512	3403	3448	6847
5	3423	3395	3289	6848
5	3423	3289	3331	6849
5	3424	3412	3291	6850
5	3424	3291	3284	6851
5	3450	3285	3425	6852
5	3522	3451	3282	6853
5	3477	3367	3251	6854
5	3477	3251	3368	6855
5	3543	3411	3486	6856
5	3804	3721	3790	6857
5	3936	3817	3812	6858
5	3794	3692	3691	6859
5	3532	3423	3501	6860
5	3463	3349	3328	6861
5	3499	3303	3186	6862
5	3430	3274	3165	6863
5	3432	3271	3305	6864
5	3432	3418	3271	6865
5	3500	3299	3281	6866
5	3547	3499	3186	6867
5	3524	3337	3434	6868
5	3555	3375	3326	6869
5	3600	3523	3389	6870
5	3375	3283	3264	6871
5	3754	3628	3753	6872
5	3501	3423	3379	6873
5	3551	3435	3550	6874
5	3532	3395	3423	6875
5	3631	3402	3593	6876
5	3437	3267	3174	6877
5	3439	3280	3421	6878
5	3471	3310	3438	6879
5	3470	3361	3439	6880
5	3470	3401	3360	6881
5	3541	3417	3416	6882
5	3645	3528	3609	6883
5	3554	3318	3415	6884
5	3591	3531	3441	6885
5	3442	3427	3287	6886
5	3442	3287	3324	6887
5	3447	3329	3323	6888
5	3443	3323	3311	6889
5	3519	3314	3175	6890
5	3511	3330	3402	6891
5	3708	3615	3555	6892
5	3445	3326	3325	6893
5	3572	3446	3556	6894
5	3469	3358	3468	6895
5	3383	3332	3320	6896
5	3383	3320	3188	6897
5	3449	3278	3211	6898
5	3598	3561	3456	6899
5	3558	3278	3449	6900
5	3558	3383	3278	6901
5	3559	3450	3425	6902
5	3515	3403	3512	6903
5	3455	3342	3451	6904
5	3453	3284	3341	6905
5	3452	3400	3382	6906
5	3452	3382	3340	6907
5	3454	3336	3450	6908
5	3559	3425	3502	6909
5	3456	3343	3454	6910
5	3741	3616	3701	6911
5	3709	3561	3598	6912
5	3455	3453	3341	6913
5	3736	3707	3592	6914
5	3580	3471	3539	6915
5	3573	3464	3571	6916
5	3457	3384	3345	6917
5	3459	3348	3384	6918
5	3516	3459	3384	6919
5	3464	3353	3462	6920
5	3465	3354	3464	6921
5	3461	3352	3460	6922
5	3461	3350	3352	6923
5	3805	3755	3635	6924
5	3537	3476	3406	6925
5	3618	3537	3566	6926
5	3583	3473	3582	6927
5	3666	3516	3619	6928
5	3463	3460	3349	6929
5	3569	3462	3459	6930
5	3567	3461	3460	6931
5	3806	3608	3745	6932
5	3546	3429	3395	6933
5	3550	3435	3429	6934
5	3904	3711	3801	6935
5	3571	3464	3462	6936
5	3573	3465	3464	6937
5	3584	3517	3475	6938
5	3574	3466	3465	6939
5	3692	3583	3691	6940
5	3575	3467	3466	6941
5	3604	3543	3486	6942
5	3530	3392	3381	6943
5	3589	3480	3588	6944
5	3471	3374	3315	6945
5	3690	3582	3581	6946
5	3576	3468	3467	6947
5	3582	3472	3581	6948
5	3577	3469	3468	6949
5	3583	3474	3473	6950
5	3626	3489	3491	6951
5	3581	3472	3469	6952
5	3584	3475	3474	6953
5	3585	3368	3478	6954
5	3488	3367	3477	6955
5	3479	3288	3369	6956
5	3503	3426	3292	6957
5	3600	3389	3488	6958
5	3478	3368	3366	6959
5	3492	3369	3426	6960
5	3570	3460	3463	6961
5	3513	3412	3424	6962
5	3541	3416	3540	6963
5	3525	3378	3377	6964
5	3654	3540	3525	6965
5	3541	3482	3417	6966
5	3540	3378	3525	6967
5	3624	3445	3483	6968
5	3483	3445	3325	6969
5	3484	3396	3374	6970
5	3580	3484	3374	6971
5	3753	3594	3703	6972
5	3768	3655	3654	6973
5	3766	3687	3652	6974
5	3527	3486	3447	6975
5	3542	3398	3277	6976
5	3554	3441	3318	6977
5	3519	3175	3295	6978
5	3555	3326	3445	6979
5	3489	3420	3385	6980
5	3788	3686	3653	6981
5	3491	3489	3385	6982
5	3490	3407	3408	6983
5	3626	3592	3489	6984
5	3934	3836	3897	6985
5	3608	3477	3585	6986
5	3586	3476	3537	6987
5	3509	3434	3309	6988
5	3509	3376	3493	6989
5	3508	3443	3399	6990
5	3527	3443	3508	6991
5	3589	3495	3481	6992
5	3588	3427	3544	6993
5	3496	3388	3283	6994
5	3496	3283	3375	6995
5	3553	3485	3440	6996
5	3497	3390	3372	6997
5	3747	3610	3669	6998
5	3660	3532	3650	6999
5	3548	3432	3431	7000
5	3549	3432	3548	7001
5	3514	3299	3500	7002
5	3514	3433	3299	7003
5	3610	3485	3553	7004
5	3747	3703	3610	7005
5	3578	3439	3504	7006
5	3612	3507	3559	7007
5	4010	3835	3944	7008
5	3585	3477	3368	7009
5	3578	3470	3439	7010
5	3510	3502	3401	7011
5	3531	3333	3441	7012
5	3534	3308	3398	7013
5	3549	3505	3418	7014
5	3548	3431	3506	7015
5	3563	3456	3454	7016
5	3579	3412	3513	7017
5	3648	3526	3646	7018
5	3898	3808	3868	7019
5	3633	3509	3493	7020
5	3643	3524	3434	7021
5	3539	3471	3438	7022
5	3564	3455	3451	7023
5	3608	3488	3477	7024
5	3805	3635	3733	7025
5	3616	3522	3405	7026
5	3515	3405	3279	7027
5	3716	3606	3699	7028
5	3653	3578	3504	7029
5	3644	3506	3524	7030
5	3590	3483	3433	7031
5	3563	3454	3507	7032
5	3522	3282	3405	7033
5	3574	3465	3573	7034
5	3572	3463	3446	7035
5	3517	3490	3408	7036
5	3517	3408	3475	7037
5	3544	3427	3442	7038
5	3588	3480	3427	7039
5	3640	3437	3519	7040
5	3552	3267	3437	7041
5	3520	3518	3444	7042
5	3520	3444	3396	7043
5	3530	3494	3392	7044
5	3808	3715	3762	7045
5	3557	3335	3422	7046
5	3642	3422	3561	7047
5	3523	3519	3295	7048
5	3523	3295	3389	7049
5	3644	3524	3643	7050
5	3590	3433	3514	7051
5	3799	3696	3717	7052
5	3654	3525	3645	7053
5	4029	3898	4020	7054
5	3817	3752	3718	7055
5	3657	3518	3607	7056
5	3767	3645	3761	7057
5	3528	3525	3377	7058
5	3528	3377	3410	7059
5	3545	3428	3387	7060
5	3529	3387	3420	7061
5	3659	3529	3592	7062
5	3606	3535	3494	7063
5	3649	3404	3531	7064
5	3536	3430	3302	7065
5	3655	3541	3540	7066
5	3628	3498	3533	7067
5	3533	3498	3397	7068
5	3533	3397	3380	7069
5	3554	3415	3487	7070
5	3670	3554	3487	7071
5	3535	3508	3399	7072
5	3535	3399	3413	7073
5	3649	3536	3404	7074
5	3547	3186	3274	7075
5	3621	3479	3492	7076
5	3587	3565	3457	7077
5	3538	3528	3410	7078
5	3538	3410	3386	7079
5	3696	3588	3544	7080
5	3638	3513	3597	7081
5	3719	3605	3705	7082
5	3645	3525	3528	7083
5	3869	3754	3864	7084
5	3655	3605	3541	7085
5	3651	3487	3393	7086
5	3656	3398	3542	7087
5	3543	3504	3421	7088
5	3543	3421	3411	7089
5	4118	4026	4045	7090
5	3854	3743	3847	7091
5	3646	3521	3603	7092
5	3715	3625	3647	7093
5	3665	3550	3546	7094
5	3629	3501	3498	7095
5	3723	3651	3656	7096
5	3549	3418	3432	7097
5	3671	3445	3624	7098
5	3724	3639	3662	7099
5	3749	3624	3483	7100
5	3842	3771	3664	7101
5	3667	3550	3665	7102
5	3694	3537	3618	7103
5	3665	3546	3660	7104
5	3650	3532	3501	7105
5	3613	3493	3414	7106
5	3593	3402	3388	7107
5	3655	3540	3654	7108
5	3769	3660	3650	7109
5	3649	3531	3591	7110
5	3591	3441	3554	7111
5	3634	3434	3509	7112
5	3708	3555	3671	7113
5	3780	3727	3622	7114
5	3905	3731	3826	7115
5	3672	3449	3557	7116
5	3557	3449	3335	7117
5	3672	3558	3449	7118
5	3558	3512	3448	7119
5	3673	3597	3560	7120
5	3559	3507	3450	7121
5	3560	3513	3424	7122
5	3560	3424	3453	7123
5	3561	3422	3344	7124
5	3561	3344	3456	7125
5	3562	3560	3453	7126
5	3562	3453	3455	7127
5	3598	3456	3563	7128
5	3675	3562	3564	7129
5	3702	3653	3688	7130
5	3564	3562	3455	7131
5	3568	3461	3567	7132
5	3565	3516	3384	7133
5	3566	3537	3406	7134
5	3566	3406	3458	7135
5	3568	3458	3461	7136
5	3568	3566	3458	7137
5	3581	3469	3577	7138
5	4076	3991	3925	7139
5	3571	3462	3569	7140
5	3577	3468	3576	7141
5	3679	3571	3622	7142
5	3570	3567	3460	7143
5	3576	3467	3575	7144
5	3575	3466	3574	7145
5	3677	3620	3567	7146
5	3572	3570	3463	7147
5	3620	3568	3567	7148
5	3676	3568	3620	7149
5	3826	3731	3692	7150
5	3676	3618	3566	7151
5	3681	3573	3679	7152
5	3689	3577	3685	7153
5	3679	3573	3571	7154
5	3681	3574	3573	7155
5	3691	3582	3690	7156
5	3683	3575	3574	7157
5	3612	3599	3507	7158
5	3578	3510	3470	7159
5	3579	3539	3438	7160
5	3579	3438	3412	7161
5	4110	4019	4075	7162
5	3730	3609	3614	7163
5	3812	3718	3732	7164
5	3684	3576	3575	7165
5	3690	3581	3689	7166
5	3685	3577	3576	7167
5	3846	3732	3731	7168
5	3691	3583	3582	7169
5	4063	3981	3987	7170
5	3732	3623	3731	7171
5	3587	3457	3479	7172
5	3750	3668	3523	7173
5	3711	3621	3492	7174
5	3586	3478	3476	7175
5	3700	3587	3621	7176
5	3695	3619	3565	7177
5	4034	3924	4003	7178
5	3658	3614	3495	7179
5	3625	3604	3486	7180
5	3732	3602	3623	7181
5	3726	3595	3663	7182
5	3671	3555	3445	7183
5	3735	3542	3419	7184
5	3735	3419	3505	7185
5	3592	3529	3489	7186
5	3936	3812	3935	7187
5	3850	3633	3737	7188
5	3901	3805	3733	7189
5	3594	3533	3485	7190
5	3765	3629	3754	7191
5	3663	3548	3661	7192
5	3661	3506	3644	7193
5	3596	3497	3482	7194
5	3820	3719	3705	7195
5	3790	3687	3766	7196
5	3638	3579	3513	7197
5	3740	3675	3564	7198
5	3675	3673	3562	7199
5	4064	3999	4030	7200
5	3740	3564	3674	7201
5	3750	3523	3600	7202
5	3613	3414	3552	7203
5	3601	3492	3426	7204
5	3601	3426	3503	7205
5	3689	3581	3577	7206
5	3692	3584	3583	7207
5	3836	3742	3802	7208
5	3710	3646	3603	7209
5	3763	3646	3710	7210
5	3817	3718	3812	7211
5	3605	3596	3482	7212
5	3605	3482	3541	7213
5	3625	3486	3527	7214
5	3632	3535	3606	7215
5	3687	3539	3652	7216
5	3762	3647	3632	7217
5	3745	3585	3693	7218
5	3621	3587	3479	7219
5	3790	3721	3617	7220
5	3657	3544	3518	7221
5	3875	3769	3874	7222
5	3747	3669	3713	7223
5	3611	3607	3520	7224
5	3611	3520	3484	7225
5	3788	3653	3702	7226
5	3673	3560	3562	7227
5	3615	3375	3555	7228
5	3749	3483	3590	7229
5	3614	3609	3538	7230
5	3614	3538	3495	7231
5	3816	3671	3751	7232
5	3615	3496	3375	7233
5	3672	3512	3558	7234
5	3741	3674	3522	7235
5	3617	3611	3484	7236
5	3617	3484	3580	7237
5	3622	3571	3569	7238
5	3619	3516	3565	7239
5	3660	3546	3532	7240
5	3676	3566	3568	7241
5	3682	3551	3667	7242
5	3680	3572	3556	7243
5	3693	3585	3478	7244
5	3693	3478	3586	7245
5	3683	3574	3681	7246
5	3677	3567	3570	7247
5	3623	3602	3517	7248
5	3623	3517	3584	7249
5	3815	3600	3704	7250
5	3816	3708	3671	7251
5	3647	3508	3632	7252
5	3647	3527	3508	7253
5	3752	3627	3718	7254
5	3931	3802	3834	7255
5	3627	3626	3491	7256
5	3627	3491	3490	7257
5	3785	3682	3667	7258
5	4065	3833	3912	7259
5	3713	3669	3596	7260
5	3753	3628	3594	7261
5	3630	3612	3559	7262
5	3630	3559	3502	7263
5	3904	3837	3711	7264
5	3631	3511	3402	7265
5	3647	3625	3527	7266
5	3632	3508	3535	7267
5	3634	3509	3633	7268
5	3663	3549	3548	7269
5	3848	3822	3774	7270
5	3643	3434	3634	7271
5	3635	3503	3409	7272
5	3635	3409	3511	7273
5	3636	3616	3515	7274
5	3636	3515	3512	7275
5	3637	3630	3502	7276
5	3637	3502	3510	7277
5	3652	3579	3638	7278
5	3687	3580	3539	7279
5	3639	3590	3514	7280
5	3639	3514	3500	7281
5	3757	3640	3668	7282
5	3640	3552	3437	7283
5	3641	3606	3494	7284
5	3641	3494	3530	7285
5	3642	3636	3557	7286
5	3642	3557	3422	7287
5	3758	3643	3634	7288
5	3770	3724	3725	7289
5	3821	3749	3759	7290
5	3835	3593	3814	7291
5	3838	3719	3820	7292
5	3768	3654	3767	7293
5	3648	3641	3530	7294
5	3646	3526	3521	7295
5	3819	3746	3798	7296
5	3734	3720	3607	7297
5	3722	3699	3641	7298
5	3761	3609	3730	7299
5	3841	3664	3499	7300
5	3774	3649	3591	7301
5	3773	3665	3772	7302
5	3772	3660	3769	7303
5	3670	3487	3651	7304
5	3670	3591	3554	7305
5	3686	3510	3578	7306
5	3738	3630	3637	7307
5	3686	3578	3653	7308
5	3686	3637	3510	7309
5	3761	3645	3609	7310
5	4065	3903	3833	7311
5	3829	3730	3746	7312
5	3820	3705	3800	7313
5	3656	3651	3534	7314
5	3656	3534	3398	7315
5	3658	3495	3589	7316
5	3734	3611	3721	7317
5	3697	3588	3696	7318
5	3697	3589	3588	7319
5	3659	3603	3545	7320
5	3659	3545	3529	7321
5	3863	3753	3703	7322
5	3754	3629	3628	7323
5	3759	3639	3724	7324
5	3968	3883	3917	7325
5	3662	3639	3500	7326
5	3662	3500	3391	7327
5	3723	3670	3651	7328
5	3663	3595	3549	7329
5	3664	3662	3391	7330
5	3664	3391	3499	7331
5	4150	4066	4134	7332
5	3682	3556	3551	7333
5	3666	3622	3569	7334
5	3666	3569	3516	7335
5	3765	3650	3629	7336
5	3772	3665	3660	7337
5	3668	3640	3519	7338
5	3668	3519	3523	7339
5	3669	3610	3553	7340
5	3669	3553	3497	7341
5	3906	3841	3764	7342
5	3774	3591	3670	7343
5	3835	3733	3631	7344
5	3737	3493	3613	7345
5	3672	3557	3636	7346
5	3672	3636	3512	7347
5	3776	3597	3673	7348
5	3775	3599	3612	7349
5	3674	3564	3451	7350
5	3674	3451	3522	7351
5	3813	3675	3740	7352
5	3852	3741	3701	7353
5	3729	3618	3676	7354
5	3778	3666	3619	7355
5	3783	3680	3682	7356
5	3779	3712	3677	7357
5	3678	3677	3570	7358
5	3678	3570	3572	7359
5	3685	3576	3684	7360
5	3684	3575	3683	7361
5	3779	3677	3678	7362
5	3680	3678	3572	7363
5	3712	3620	3677	7364
5	3773	3667	3665	7365
5	3785	3667	3773	7366
5	3682	3680	3556	7367
5	3782	3679	3727	7368
5	3794	3691	3793	7369
5	3826	3692	3794	7370
5	3769	3650	3765	7371
5	3926	3831	3907	7372
5	3784	3683	3681	7373
5	3706	3673	3675	7374
5	3714	3637	3686	7375
5	3748	3630	3738	7376
5	3687	3617	3580	7377
5	3688	3653	3504	7378
5	3688	3504	3543	7379
5	3792	3689	3791	7380
5	3786	3684	3683	7381
5	3793	3691	3690	7382
5	3787	3685	3684	7383
5	3846	3812	3732	7384
5	3793	3690	3792	7385
5	3791	3689	3685	7386
5	3792	3690	3689	7387
5	3695	3565	3587	7388
5	3992	3827	3929	7389
5	3827	3693	3795	7390
5	3694	3586	3537	7391
5	3700	3695	3587	7392
5	3777	3620	3712	7393
5	3697	3658	3589	7394
5	3932	3828	3839	7395
5	3873	3800	3768	7396
5	3890	3728	3854	7397
5	3735	3505	3698	7398
5	3698	3505	3595	7399
5	4254	4211	4214	7400
5	3722	3641	3648	7401
5	3825	3782	3727	7402
5	3796	3618	3729	7403
5	3701	3616	3636	7404
5	3701	3636	3642	7405
5	3909	3800	3873	7406
5	3829	3746	3819	7407
5	3833	3703	3747	7408
5	3767	3654	3645	7409
5	3745	3608	3585	7410
5	3994	3801	3933	7411
5	3768	3705	3655	7412
5	3872	3761	3867	7413
5	3748	3612	3630	7414
5	3789	3638	3744	7415
5	3707	3659	3592	7416
5	3840	3763	3807	7417
5	3814	3496	3615	7418
5	4077	3988	3910	7419
5	3709	3701	3642	7420
5	3709	3642	3561	7421
5	3943	3849	3913	7422
5	3807	3763	3710	7423
5	3801	3601	3755	7424
5	3910	3815	3704	7425
5	3797	3619	3695	7426
5	3727	3679	3622	7427
5	3873	3768	3767	7428
5	3912	3833	3857	7429
5	3738	3637	3714	7430
5	3775	3612	3748	7431
5	3743	3625	3715	7432
5	3728	3688	3604	7433
5	3762	3715	3647	7434
5	3716	3632	3606	7435
5	3717	3696	3657	7436
5	3721	3611	3617	7437
5	3718	3627	3602	7438
5	3993	3948	3945	7439
5	3719	3713	3596	7440
5	3719	3596	3605	7441
5	3720	3717	3657	7442
5	3720	3657	3607	7443
5	3734	3607	3611	7444
5	3847	3743	3715	7445
5	3834	3802	3707	7446
5	4162	4138	4087	7447
5	3764	3536	3649	7448
5	3774	3670	3723	7449
5	3771	3662	3664	7450
5	3725	3663	3661	7451
5	3841	3547	3764	7452
5	3726	3663	3725	7453
5	3771	3724	3662	7454
5	3841	3499	3547	7455
5	3786	3683	3784	7456
5	3784	3681	3782	7457
5	3790	3617	3687	7458
5	3728	3702	3688	7459
5	3843	3695	3700	7460
5	3881	3777	3712	7461
5	3854	3728	3743	7462
5	3867	3730	3829	7463
5	3732	3718	3602	7464
5	3731	3623	3692	7465
5	4134	4066	4107	7466
5	3834	3707	3736	7467
5	3733	3635	3511	7468
5	3733	3511	3631	7469
5	3743	3604	3625	7470
5	3923	3871	3890	7471
5	3971	3886	3876	7472
5	3848	3656	3735	7473
5	3849	3752	3817	7474
5	3936	3913	3817	7475
5	3756	3634	3633	7476
5	3850	3756	3633	7477
5	3744	3638	3597	7478
5	3859	3775	3748	7479
5	3739	3598	3563	7480
5	3739	3563	3599	7481
5	3824	3823	3740	7482
5	3852	3740	3674	7483
5	3852	3701	3709	7484
5	3824	3598	3739	7485
5	3742	3710	3603	7486
5	3742	3603	3659	7487
5	3982	3934	3981	7488
5	3889	3766	3870	7489
5	3856	3789	3744	7490
5	3832	3798	3799	7491
5	3827	3745	3693	7492
5	3796	3694	3618	7493
5	3746	3730	3614	7494
5	3746	3614	3658	7495
5	3950	3838	3924	7496
5	3966	3881	3926	7497
5	3945	3847	3808	7498
5	3858	3748	3738	7499
5	3770	3661	3644	7500
5	3760	3643	3758	7501
5	3757	3552	3640	7502
5	3988	3815	3910	7503
5	3751	3671	3624	7504
5	3821	3818	3862	7505
5	3752	3736	3626	7506
5	3752	3626	3627	7507
5	4245	4197	4147	7508
5	3857	3747	3713	7509
5	4073	4038	3954	7510
5	3857	3713	3838	7511
5	3755	3601	3503	7512
5	3755	3503	3635	7513
5	3760	3644	3643	7514
5	3758	3634	3756	7515
5	3865	3613	3757	7516
5	3757	3613	3552	7517
5	3962	3875	3874	7518
5	3818	3760	3758	7519
5	3759	3749	3590	7520
5	3759	3590	3639	7521
5	3770	3644	3760	7522
5	3770	3725	3661	7523
5	3960	3867	3956	7524
5	3945	3808	3898	7525
5	3868	3716	3809	7526
5	3974	3804	3889	7527
5	3763	3722	3648	7528
5	3763	3648	3646	7529
5	4047	3968	4018	7530
5	3810	3595	3726	7531
5	3864	3753	3863	7532
5	3864	3754	3753	7533
5	3922	3775	3859	7534
5	3989	3803	3902	7535
5	3872	3767	3761	7536
5	3938	3800	3909	7537
5	3960	3872	3867	7538
5	3990	3920	3958	7539
5	3883	3782	3825	7540
5	3874	3765	3869	7541
5	3821	3760	3818	7542
5	3770	3759	3724	7543
5	3771	3726	3725	7544
5	3771	3725	3724	7545
5	4016	3962	4001	7546
5	3869	3765	3754	7547
5	3886	3773	3876	7548
5	3782	3681	3679	7549
5	3848	3774	3723	7550
5	3822	3649	3774	7551
5	3776	3673	3706	7552
5	3813	3706	3675	7553
5	3871	3788	3702	7554
5	3776	3744	3597	7555
5	3777	3729	3676	7556
5	3777	3676	3620	7557
5	3925	3896	3797	7558
5	3780	3666	3778	7559
5	3831	3712	3779	7560
5	3780	3622	3666	7561
5	3970	3885	3968	7562
5	3844	3729	3777	7563
5	3781	3779	3678	7564
5	3781	3678	3680	7565
5	3791	3685	3787	7566
5	3787	3684	3786	7567
5	3905	3846	3731	7568
5	3783	3781	3680	7569
5	3879	3779	3781	7570
5	3876	3773	3772	7571
5	3886	3785	3773	7572
5	3785	3783	3682	7573
5	4045	3894	3978	7574
5	3875	3772	3769	7575
5	3879	3831	3779	7576
5	3876	3772	3875	7577
5	3952	3859	3858	7578
5	3788	3714	3686	7579
5	3789	3766	3652	7580
5	3789	3652	3638	7581
5	3828	3717	3720	7582
5	3853	3734	3721	7583
5	3887	3786	3885	7584
5	3885	3786	3784	7585
5	3928	3905	3826	7586
5	3887	3787	3786	7587
5	3891	3791	3787	7588
5	3892	3791	3891	7589
5	3928	3826	3794	7590
5	4189	4079	4135	7591
5	3795	3693	3586	7592
5	3795	3586	3694	7593
5	3797	3778	3619	7594
5	3979	3895	3844	7595
5	4124	4039	4051	7596
5	3895	3729	3844	7597
5	3798	3746	3658	7598
5	3798	3658	3697	7599
5	3799	3798	3697	7600
5	3799	3697	3696	7601
5	3873	3767	3872	7602
5	3867	3761	3730	7603
5	4070	3908	4012	7604
5	3815	3750	3600	7605
5	3802	3742	3707	7606
5	4086	3981	4063	7607
5	3877	3744	3776	7608
5	3803	3776	3706	7609
5	4050	3972	3997	7610
5	3868	3762	3716	7611
5	3806	3704	3608	7612
5	4071	3904	3994	7613
5	3843	3797	3695	7614
5	3910	3704	3806	7615
5	4028	3931	3943	7616
5	3921	3830	3900	7617
5	3847	3715	3808	7618
5	3855	3738	3714	7619
5	3868	3808	3762	7620
5	3809	3716	3699	7621
5	3822	3764	3649	7622
5	3810	3698	3595	7623
5	3811	3795	3694	7624
5	3811	3694	3796	7625
5	4135	4079	4118	7626
5	3935	3812	3846	7627
5	3851	3599	3775	7628
5	3922	3851	3775	7629
5	3814	3615	3708	7630
5	3894	3793	3893	7631
5	3901	3733	3835	7632
5	3835	3631	3593	7633
5	3861	3757	3668	7634
5	3865	3757	3861	7635
5	4000	3913	3999	7636
5	3931	3897	3802	7637
5	4033	4008	3952	7638
5	3866	3862	3818	7639
5	3942	3845	3918	7640
5	3853	3721	3804	7641
5	4072	3984	4005	7642
5	4259	4217	4198	7643
5	3862	3624	3749	7644
5	3821	3862	3749	7645
5	3860	3668	3750	7646
5	3814	3593	3496	7647
5	3823	3813	3740	7648
5	3824	3739	3823	7649
5	3852	3674	3741	7650
5	3824	3740	3852	7651
5	3883	3784	3782	7652
5	3885	3784	3883	7653
5	3893	3792	3892	7654
5	3892	3792	3791	7655
5	3994	3904	3801	7656
5	4077	3995	4067	7657
5	3832	3819	3798	7658
5	3845	3717	3828	7659
5	3956	3829	3940	7660
5	3937	3819	3832	7661
5	3830	3809	3699	7662
5	3830	3699	3722	7663
5	3908	3843	3700	7664
5	3996	3929	3811	7665
5	4052	3997	3923	7666
5	4029	3993	3945	7667
5	3838	3713	3719	7668
5	3950	3857	3838	7669
5	3999	3913	3936	7670
5	4000	3943	3913	7671
5	3944	3814	3899	7672
5	3861	3668	3860	7673
5	3836	3807	3710	7674
5	3836	3710	3742	7675
5	3837	3700	3621	7676
5	3837	3621	3711	7677
5	3857	3833	3747	7678
5	4038	3990	3958	7679
5	3839	3828	3720	7680
5	3839	3720	3734	7681
5	3840	3830	3722	7682
5	3840	3722	3763	7683
5	3842	3726	3771	7684
5	3842	3664	3841	7685
5	4001	3962	3920	7686
5	3842	3810	3726	7687
5	3895	3796	3729	7688
5	3878	3727	3780	7689
5	3878	3825	3727	7690
5	3881	3712	3831	7691
5	3845	3832	3799	7692
5	3845	3799	3717	7693
5	3893	3793	3792	7694
5	3894	3794	3793	7695
5	3918	3845	3828	7696
5	3858	3738	3855	7697
5	3848	3723	3656	7698
5	3848	3735	3698	7699
5	3849	3834	3736	7700
5	3849	3736	3752	7701
5	3953	3866	3946	7702
5	3866	3751	3862	7703
5	3851	3823	3739	7704
5	3851	3739	3599	7705
5	3824	3852	3709	7706
5	3824	3709	3598	7707
5	3932	3918	3828	7708
5	3853	3839	3734	7709
5	3921	3809	3830	7710
5	4139	4088	4110	7711
5	3870	3766	3789	7712
5	3859	3748	3858	7713
5	3870	3789	3856	7714
5	3889	3790	3766	7715
5	4004	3954	3863	7716
5	3958	3920	3869	7717
5	3951	3858	3855	7718
5	3963	3877	3914	7719
5	3877	3776	3803	7720
5	3902	3803	3706	7721
5	3899	3708	3816	7722
5	3865	3737	3613	7723
5	3944	3835	3814	7724
5	3946	3866	3756	7725
5	4035	4033	3951	7726
5	3862	3751	3624	7727
5	4286	4209	4136	7728
5	4100	4006	4034	7729
5	4073	3954	4004	7730
5	4126	4047	4084	7731
5	4002	3850	3955	7732
5	3955	3865	3861	7733
5	3866	3818	3758	7734
5	3866	3758	3756	7735
5	3961	3909	3873	7736
5	4169	4099	4098	7737
5	3923	3890	3916	7738
5	3916	3890	3854	7739
5	4001	3920	3990	7740
5	4023	3966	3926	7741
5	3888	3714	3788	7742
5	3927	3855	3888	7743
5	3888	3788	3871	7744
5	3888	3855	3714	7745
5	3940	3829	3819	7746
5	3961	3873	3872	7747
5	4190	4142	4161	7748
5	4006	3912	3950	7749
5	3821	3759	3770	7750
5	3821	3770	3760	7751
5	4007	3964	3967	7752
5	3971	3876	3915	7753
5	3906	3848	3698	7754
5	3906	3698	3810	7755
5	4241	4189	4135	7756
5	3877	3856	3744	7757
5	3896	3778	3797	7758
5	3884	3783	3785	7759
5	3964	3879	3882	7760
5	3907	3831	3879	7761
5	3880	3878	3780	7762
5	3880	3780	3778	7763
5	3926	3881	3831	7764
5	3881	3844	3777	7765
5	3882	3879	3781	7766
5	3882	3781	3783	7767
5	3928	3794	3894	7768
5	3891	3787	3887	7769
5	3965	3917	3825	7770
5	3884	3882	3783	7771
5	3917	3883	3825	7772
5	3966	3844	3881	7773
5	3962	3874	3920	7774
5	3886	3884	3785	7775
5	3958	3864	3954	7776
5	3978	3893	3977	7777
5	4008	3963	3914	7778
5	3914	3877	3803	7779
5	3948	3854	3847	7780
5	3889	3804	3790	7781
5	3890	3871	3702	7782
5	3890	3702	3728	7783
5	4057	3978	3977	7784
5	4432	4401	4332	7785
5	3970	3887	3885	7786
5	3975	3887	3970	7787
5	3975	3891	3887	7788
5	3976	3891	3975	7789
5	3976	3892	3891	7790
5	3977	3893	3892	7791
5	3896	3880	3778	7792
5	3996	3811	3941	7793
5	3925	3797	3843	7794
5	4044	3907	4009	7795
5	3897	3836	3802	7796
5	4141	4062	4094	7797
5	3983	3900	3911	7798
5	3900	3830	3840	7799
5	4011	3861	3860	7800
5	3899	3814	3708	7801
5	3957	3898	3868	7802
5	3957	3809	3921	7803
5	4102	4011	4010	7804
5	3988	3919	3815	7805
5	4099	4003	4098	7806
5	4400	4393	4341	7807
5	3903	3863	3703	7808
5	3903	3703	3833	7809
5	3908	3700	3837	7810
5	4139	4110	4137	7811
5	4060	4030	3935	7812
5	3978	3894	3893	7813
5	4013	3816	3953	7814
5	3946	3756	3850	7815
5	3969	3884	3886	7816
5	4004	3863	3903	7817
5	4092	3939	3992	7818
5	4070	4069	4014	7819
5	3961	3872	3960	7820
5	3956	3867	3829	7821
5	4077	3910	3995	7822
5	3919	3750	3815	7823
5	3911	3900	3840	7824
5	3911	3840	3807	7825
5	3924	3838	3820	7826
5	4040	3956	4036	7827
5	3913	3849	3817	7828
5	4028	3987	3931	7829
5	3972	3888	3871	7830
5	3972	3871	3923	7831
5	3915	3876	3875	7832
5	4170	4096	4167	7833
5	3940	3819	3937	7834
5	4296	4245	4147	7835
5	4104	4045	3978	7836
5	3968	3885	3883	7837
5	3957	3868	3809	7838
5	4029	3945	3898	7839
5	4010	3901	3835	7840
5	3919	3860	3750	7841
5	3962	3915	3875	7842
5	3920	3874	3869	7843
5	3982	3911	3934	7844
5	4019	3900	3983	7845
5	3989	3914	3803	7846
5	3922	3823	3851	7847
5	3973	3856	3963	7848
5	4025	3948	3993	7849
5	3950	3912	3857	7850
5	4240	4159	4201	7851
5	3979	3844	3966	7852
5	4094	4017	3998	7853
5	3930	3878	3880	7854
5	4044	3926	3907	7855
5	4051	3959	4042	7856
5	4049	3963	4008	7857
5	4289	4144	4242	7858
5	4045	4026	3928	7859
5	3929	3827	3795	7860
5	3929	3795	3811	7861
5	4009	3964	4007	7862
5	3965	3878	3930	7863
5	4095	3999	4064	7864
5	4150	4063	4066	7865
5	3974	3889	3959	7866
5	4025	3916	3948	7867
5	3933	3801	3755	7868
5	3933	3755	3805	7869
5	3934	3911	3807	7870
5	3934	3807	3836	7871
5	3902	3813	3823	7872
5	3902	3823	3922	7873
5	4258	4173	4192	7874
5	4028	3943	4000	7875
5	3998	3918	3932	7876
5	4031	3937	3942	7877
5	3938	3924	3820	7878
5	3938	3820	3800	7879
5	3939	3806	3745	7880
5	3939	3745	3827	7881
5	4017	3918	3998	7882
5	4017	3942	3918	7883
5	3941	3811	3796	7884
5	3941	3796	3895	7885
5	3942	3937	3832	7886
5	3942	3832	3845	7887
5	3943	3931	3834	7888
5	3943	3834	3849	7889
5	3906	3810	3842	7890
5	3906	3842	3841	7891
5	4122	4035	4050	7892
5	3948	3847	3945	7893
5	3955	3737	3865	7894
5	4097	4013	4002	7895
5	3947	3932	3839	7896
5	3947	3839	3853	7897
5	3959	3889	3870	7898
5	3948	3916	3854	7899
5	3949	3947	3853	7900
5	3949	3853	3804	7901
5	4003	3924	3938	7902
5	4333	4291	4251	7903
5	3963	3856	3877	7904
5	3952	3858	3951	7905
5	4039	3949	3974	7906
5	3989	3952	3914	7907
5	3953	3816	3751	7908
5	3953	3751	3866	7909
5	3958	3869	3864	7910
5	3954	3864	3863	7911
5	4033	3952	3951	7912
5	3955	3850	3737	7913
5	4036	3940	4032	7914
5	4032	3940	3937	7915
5	4037	3921	4019	7916
5	3997	3972	3923	7917
5	4056	3976	4055	7918
5	4054	3971	3915	7919
5	3974	3949	3804	7920
5	4153	4073	4004	7921
5	4098	3984	4072	7922
5	4040	3960	3956	7923
5	4041	3961	3960	7924
5	4041	3960	4040	7925
5	3906	3764	3822	7926
5	3906	3822	3848	7927
5	3973	3959	3870	7928
5	4050	4035	3927	7929
5	3965	3825	3878	7930
5	3964	3907	3879	7931
5	4082	3979	4058	7932
5	4009	3907	3964	7933
5	3980	3880	3896	7934
5	4092	3994	3995	7935
5	3967	3964	3882	7936
5	3967	3882	3884	7937
5	4045	3928	3894	7938
5	3977	3892	3976	7939
5	4046	3967	3969	7940
5	3969	3967	3884	7941
5	4172	4105	4155	7942
5	4016	3915	3962	7943
5	4127	4048	4054	7944
5	3971	3969	3886	7945
5	3973	3870	3856	7946
5	3972	3927	3888	7947
5	4085	3993	4078	7948
5	4008	3914	3952	7949
5	4050	3927	3972	7950
5	4041	4005	3961	7951
5	4048	3969	3971	7952
5	4288	4252	4189	7953
5	4038	3958	3954	7954
5	4129	4054	4016	7955
5	4053	3975	3970	7956
5	4055	3975	4053	7957
5	4055	3976	3975	7958
5	4189	4160	4079	7959
5	3980	3930	3880	7960
5	3991	3896	3925	7961
5	3991	3980	3896	7962
5	4058	3966	4023	7963
5	3981	3934	3897	7964
5	4307	4204	4246	7965
5	4094	4062	4017	7966
5	4087	4075	3983	7967
5	4216	4150	4194	7968
5	4107	4000	4095	7969
5	3984	3938	3909	7970
5	4036	3956	3940	7971
5	3985	3935	3846	7972
5	3985	3846	3905	7973
5	3986	3933	3805	7974
5	4101	3988	4015	7975
5	3987	3981	3897	7976
5	3987	3897	3931	7977
5	4101	4011	3988	7978
5	4015	3805	3901	7979
5	4229	4174	4166	7980
5	4089	4027	4083	7981
5	4096	4001	3990	7982
5	4090	3990	4038	7983
5	4105	4091	4009	7984
5	4076	4014	4069	7985
5	4075	4019	3983	7986
5	3992	3939	3827	7987
5	4039	4024	3949	7988
5	4114	4025	4085	7989
5	4175	4112	4111	7990
5	4067	3933	3986	7991
5	3995	3910	3806	7992
5	3995	3806	3939	7993
5	4092	4071	3994	7994
5	4058	3979	3966	7995
5	4032	3937	4031	7996
5	4031	3942	4017	7997
5	4264	4230	4243	7998
5	4426	4330	4397	7999
5	4118	4045	4104	8000
5	4060	3935	3985	8001
5	4173	4134	4107	8002
5	4503	4402	4401	8003
5	4096	3990	4090	8004
5	4220	4155	4202	8005
5	4102	4013	4097	8006
5	4011	3919	3988	8007
5	4168	4098	4072	8008
5	4244	4218	4231	8009
5	4100	4034	4099	8010
5	4253	4167	4224	8011
5	4005	3984	3909	8012
5	4005	3909	3961	8013
5	4098	4003	3984	8014
5	4099	4034	4003	8015
5	3989	3902	3922	8016
5	4087	3982	4086	8017
5	4042	3959	3973	8018
5	4287	4251	4197	8019
5	4018	3968	3917	8020
5	4057	3977	4056	8021
5	4101	4010	4011	8022
5	4011	3860	3919	8023
5	4097	3861	4011	8024
5	4013	3899	3816	8025
5	4012	3908	3837	8026
5	4012	3837	3904	8027
5	4013	3944	3899	8028
5	4035	3951	3927	8029
5	4014	3925	3843	8030
5	4014	3843	3908	8031
5	4077	4015	3988	8032
5	4015	3986	3805	8033
5	4253	4227	4167	8034
5	4104	3978	4057	8035
5	4019	3921	3900	8036
5	4108	4029	4020	8037
5	4047	3970	3968	8038
5	4054	3915	4016	8039
5	4020	3898	3957	8040
5	4078	3993	4029	8041
5	3989	3922	3859	8042
5	3989	3859	3952	8043
5	4021	3998	3932	8044
5	4021	3932	3947	8045
5	4022	3941	3895	8046
5	4022	3895	3979	8047
5	4140	4119	4120	8048
5	4059	3930	3980	8049
5	4024	4021	3947	8050
5	4024	3947	3949	8051
5	4149	4114	4085	8052
5	4052	3916	4025	8053
5	4026	3985	3905	8054
5	4026	3905	3928	8055
5	4027	4018	3917	8056
5	4027	3917	3965	8057
5	4199	4137	4138	8058
5	4152	4063	4150	8059
5	4391	4294	4291	8060
5	4151	4081	4116	8061
5	4030	3999	3936	8062
5	4030	3936	3935	8063
5	4062	4031	4017	8064
5	4173	4107	4095	8065
5	4125	4113	3997	8066
5	4116	4081	4041	8067
5	4002	3946	3850	8068
5	4102	4097	4011	8069
5	4034	4006	3950	8070
5	4034	3950	3924	8071
5	4002	4013	3953	8072
5	4002	3953	3946	8073
5	4115	4036	4112	8074
5	4112	4032	4111	8075
5	4037	4020	3957	8076
5	4037	3957	3921	8077
5	4153	4004	4065	8078
5	4287	4197	4245	8079
5	4124	4051	4123	8080
5	4109	4021	4093	8081
5	4166	4108	4088	8082
5	4154	4081	4151	8083
5	4116	4041	4040	8084
5	4116	4040	4115	8085
5	4051	3974	3959	8086
5	4051	4039	3974	8087
5	4043	4027	3965	8088
5	4043	3965	3930	8089
5	4132	4023	4117	8090
5	4044	4023	3926	8091
5	4158	4030	4060	8092
5	4056	3977	3976	8093
5	4148	4126	4084	8094
5	4046	4007	3967	8095
5	4118	4079	4026	8096
5	4053	3970	4047	8097
5	4103	4001	4096	8098
5	4048	4046	3969	8099
5	4049	4042	3973	8100
5	4049	3973	3963	8101
5	4080	4008	4033	8102
5	4121	4049	4080	8103
5	4080	4033	4035	8104
5	4052	3923	3916	8105
5	4085	4025	3993	8106
5	4123	4051	4042	8107
5	4156	4057	4131	8108
5	4103	4016	4001	8109
5	4126	4053	4047	8110
5	4054	4048	3971	8111
5	4091	4044	4009	8112
5	4129	4016	4103	8113
5	4201	4068	4146	8114
5	4163	4090	4038	8115
5	4212	4202	4140	8116
5	4209	4131	4136	8117
5	4059	4043	3930	8118
5	4132	4058	4023	8119
5	4074	3980	3991	8120
5	4117	4023	4044	8121
5	4185	4104	4156	8122
5	4298	4241	4256	8123
5	4071	4012	3904	8124
5	4061	3992	3929	8125
5	4545	4493	4475	8126
5	4111	4032	4031	8127
5	4290	4260	4278	8128
5	4107	4028	4000	8129
5	4367	4300	4271	8130
5	4198	4153	4159	8131
5	4240	4198	4159	8132
5	4065	4004	3903	8133
5	4066	4063	3987	8134
5	4066	3987	4028	8135
5	4067	3995	3994	8136
5	4067	3994	3933	8137
5	4068	4065	3912	8138
5	4068	3912	4006	8139
5	4069	3996	3941	8140
5	4074	4059	3980	8141
5	4092	3995	3939	8142
5	4070	4012	4061	8143
5	4070	4014	3908	8144
5	4061	3929	3996	8145
5	4111	4031	4062	8146
5	4115	4040	4036	8147
5	4163	4038	4073	8148
5	4239	4187	4238	8149
5	4074	3991	4082	8150
5	4362	4313	4312	8151
5	4071	3992	4061	8152
5	4071	4061	4012	8153
5	4082	4022	3979	8154
5	4076	4082	3991	8155
5	4077	4067	3986	8156
5	4077	3986	4015	8157
5	4069	3941	4022	8158
5	4076	3925	4014	8159
5	4160	3985	4079	8160
5	4079	3985	4026	8161
5	4080	4049	4008	8162
5	4397	4330	4331	8163
5	4081	4072	4005	8164
5	4081	4005	4041	8165
5	4076	4069	4022	8166
5	4076	4022	4082	8167
5	4083	4027	4043	8168
5	4133	4059	4132	8169
5	4131	4056	4130	8170
5	4084	4047	4018	8171
5	4093	4021	4024	8172
5	4165	4094	4109	8173
5	4087	3983	3982	8174
5	4086	3982	3981	8175
5	4335	4290	4324	8176
5	4143	4062	4141	8177
5	4108	4020	4088	8178
5	4088	4020	4037	8179
5	4089	4084	4018	8180
5	4089	4018	4027	8181
5	4184	4140	4120	8182
5	4168	4072	4154	8183
5	4105	4009	4007	8184
5	4117	4044	4091	8185
5	4177	4115	4112	8186
5	4092	3992	4071	8187
5	4070	4061	3996	8188
5	4070	3996	4069	8189
5	4247	4199	4210	8190
5	4162	4087	4086	8191
5	4107	4066	4028	8192
5	4095	4000	3999	8193
5	4205	4188	4170	8194
5	4184	4120	4127	8195
5	4097	4002	3955	8196
5	4097	3955	3861	8197
5	4177	4112	4175	8198
5	4154	4072	4081	8199
5	4200	4147	4099	8200
5	4296	4147	4200	8201
5	4113	4050	3997	8202
5	4122	4050	4113	8203
5	4101	4015	3901	8204
5	4101	3901	4010	8205
5	4102	4010	3944	8206
5	4102	3944	4013	8207
5	4156	4104	4057	8208
5	4128	4055	4053	8209
5	4130	4055	4128	8210
5	4130	4056	4055	8211
5	4172	4091	4105	8212
5	4145	4084	4089	8213
5	4106	4093	4024	8214
5	4106	4024	4039	8215
5	4258	4203	4173	8216
5	4303	4281	4265	8217
5	4215	4181	4149	8218
5	4108	4078	4029	8219
5	4109	4094	3998	8220
5	4109	3998	4021	8221
5	4110	4088	4037	8222
5	4110	4037	4019	8223
5	4112	4036	4032	8224
5	4200	4099	4169	8225
5	4230	4142	4190	8226
5	4180	4106	4124	8227
5	4121	4042	4049	8228
5	4182	4124	4123	8229
5	4125	4052	4114	8230
5	4114	4052	4025	8231
5	4248	4200	4169	8232
5	4143	4111	4062	8233
5	4248	4169	4226	8234
5	4533	4508	4525	8235
5	4179	4091	4172	8236
5	4133	4132	4117	8237
5	4131	4057	4056	8238
5	4158	4064	4030	8239
5	4119	4105	4007	8240
5	4119	4007	4046	8241
5	4120	4119	4046	8242
5	4120	4046	4048	8243
5	4123	4042	4121	8244
5	4142	4109	4093	8245
5	4122	4121	4080	8246
5	4122	4080	4035	8247
5	4176	4122	4113	8248
5	4124	4106	4039	8249
5	4125	3997	4052	8250
5	4181	4114	4149	8251
5	4180	4161	4106	8252
5	4176	4121	4122	8253
5	4256	4241	4135	8254
5	4128	4053	4126	8255
5	4227	4170	4167	8256
5	4127	4120	4048	8257
5	4332	4258	4289	8258
5	4333	4251	4287	8259
5	4155	4105	4119	8260
5	4129	4127	4054	8261
5	4224	4167	4090	8262
5	4221	4188	4205	8263
5	4074	4082	4058	8264
5	4132	4074	4058	8265
5	4133	4043	4059	8266
5	4132	4059	4074	8267
5	4179	4172	4171	8268
5	4133	4083	4043	8269
5	4288	4189	4241	8270
5	4379	4346	4288	8271
5	4209	4193	4156	8272
5	4155	4119	4140	8273
5	4136	4131	4130	8274
5	4187	4128	4157	8275
5	4137	4110	4075	8276
5	4450	4403	4393	8277
5	4138	4137	4075	8278
5	4138	4075	4087	8279
5	4178	4116	4115	8280
5	4235	4183	4181	8281
5	4212	4140	4184	8282
5	4157	4128	4126	8283
5	4175	4111	4143	8284
5	4232	4175	4191	8285
5	4165	4109	4142	8286
5	4165	4141	4094	8287
5	4207	4164	4206	8288
5	4233	4231	4178	8289
5	4144	4095	4064	8290
5	4399	4332	4289	8291
5	4148	4084	4145	8292
5	4251	4146	4197	8293
5	4146	4068	4006	8294
5	4146	4006	4100	8295
5	4147	4100	4099	8296
5	4169	4098	4168	8297
5	4157	4126	4148	8298
5	4187	4130	4128	8299
5	4266	4207	4206	8300
5	4161	4093	4106	8301
5	4152	4086	4063	8302
5	4162	4086	4152	8303
5	4178	4115	4177	8304
5	4348	4296	4248	8305
5	4278	4222	4216	8306
5	4338	4324	4261	8307
5	4201	4159	4068	8308
5	4170	4103	4096	8309
5	4291	4240	4201	8310
5	4225	4154	4218	8311
5	4228	4145	4171	8312
5	4171	4089	4083	8313
5	4185	4118	4104	8314
5	4185	4135	4118	8315
5	4188	4103	4170	8316
5	4237	4212	4184	8317
5	4208	4148	4196	8318
5	4252	4160	4189	8319
5	4159	4153	4065	8320
5	4159	4065	4068	8321
5	4252	4060	4160	8322
5	4160	4060	3985	8323
5	4174	4078	4108	8324
5	4161	4142	4093	8325
5	4402	4343	4401	8326
5	4222	4152	4216	8327
5	4217	4073	4153	8328
5	4294	4240	4291	8329
5	4164	4149	4085	8330
5	4164	4085	4078	8331
5	4214	4137	4199	8332
5	4166	4088	4139	8333
5	4174	4108	4166	8334
5	4174	4164	4078	8335
5	4167	4096	4090	8336
5	4346	4252	4288	8337
5	4339	4302	4325	8338
5	4233	4177	4232	8339
5	4283	4232	4250	8340
5	4226	4169	4168	8341
5	4238	4187	4157	8342
5	4208	4157	4148	8343
5	4391	4291	4376	8344
5	4171	4145	4089	8345
5	4179	4171	4083	8346
5	4188	4129	4103	8347
5	4418	4392	4354	8348
5	4444	4384	4344	8349
5	4235	4181	4215	8350
5	4207	4149	4164	8351
5	4378	4295	4345	8352
5	4178	4151	4116	8353
5	4182	4180	4124	8354
5	4181	4125	4114	8355
5	4279	4218	4244	8356
5	4340	4297	4316	8357
5	4206	4164	4174	8358
5	4281	4229	4265	8359
5	4188	4186	4129	8360
5	4179	4117	4091	8361
5	4182	4123	4176	8362
5	4176	4123	4121	8363
5	4183	4125	4181	8364
5	4183	4113	4125	8365
5	4183	4176	4113	8366
5	4215	4149	4207	8367
5	4234	4180	4182	8368
5	4236	4234	4182	8369
5	4202	4155	4140	8370
5	4196	4148	4145	8371
5	4307	4242	4204	8372
5	4256	4185	4193	8373
5	4186	4184	4127	8374
5	4186	4127	4129	8375
5	4237	4186	4221	8376
5	4187	4136	4130	8377
5	4179	4083	4133	8378
5	4179	4133	4117	8379
5	4372	4256	4300	8380
5	4242	4144	4204	8381
5	4222	4162	4152	8382
5	4350	4314	4323	8383
5	4191	4175	4143	8384
5	4213	4143	4141	8385
5	4192	4173	4095	8386
5	4192	4095	4144	8387
5	4193	4185	4156	8388
5	4379	4377	4346	8389
5	4194	4150	4134	8390
5	4399	4336	4383	8391
5	4195	4190	4161	8392
5	4195	4161	4180	8393
5	4407	4349	4305	8394
5	4209	4156	4131	8395
5	4197	4146	4100	8396
5	4197	4100	4147	8397
5	4217	4163	4073	8398
5	4217	4153	4198	8399
5	4282	4244	4231	8400
5	4437	4394	4405	8401
5	4225	4168	4154	8402
5	4226	4168	4225	8403
5	4375	4287	4330	8404
5	4291	4201	4251	8405
5	4228	4196	4145	8406
5	4219	4171	4172	8407
5	4262	4134	4203	8408
5	4203	4134	4173	8409
5	4204	4144	4064	8410
5	4204	4064	4158	8411
5	4380	4319	4349	8412
5	4263	4217	4259	8413
5	4283	4282	4233	8414
5	4265	4229	4211	8415
5	4255	4213	4223	8416
5	4371	4326	4309	8417
5	4270	4205	4249	8418
5	4299	4284	4268	8419
5	4321	4270	4319	8420
5	4410	4298	4372	8421
5	4210	4199	4138	8422
5	4210	4138	4162	8423
5	4229	4166	4211	8424
5	4211	4166	4139	8425
5	4284	4237	4268	8426
5	4269	4238	4208	8427
5	4243	4230	4190	8428
5	4213	4191	4143	8429
5	4214	4211	4139	8430
5	4214	4139	4137	8431
5	4278	4216	4261	8432
5	4276	4195	4234	8433
5	4222	4210	4162	8434
5	4216	4152	4150	8435
5	4227	4205	4170	8436
5	4224	4090	4163	8437
5	4218	4154	4151	8438
5	4232	4177	4175	8439
5	4277	4196	4228	8440
5	4228	4171	4219	8441
5	4220	4219	4172	8442
5	4220	4172	4155	8443
5	4237	4184	4186	8444
5	4221	4186	4188	8445
5	4309	4250	4293	8446
5	4274	4191	4213	8447
5	4223	4213	4141	8448
5	4223	4141	4165	8449
5	4457	4434	4386	8450
5	4395	4390	4368	8451
5	4548	4457	4530	8452
5	4301	4244	4282	8453
5	4279	4225	4218	8454
5	4280	4225	4279	8455
5	4268	4237	4221	8456
5	4249	4205	4227	8457
5	4420	4331	4381	8458
5	4555	4515	4513	8459
5	4275	4215	4207	8460
5	4229	4206	4174	8461
5	4230	4223	4165	8462
5	4230	4165	4142	8463
5	4231	4218	4151	8464
5	4231	4151	4178	8465
5	4233	4178	4177	8466
5	4325	4244	4301	8467
5	4322	4274	4255	8468
5	4282	4231	4233	8469
5	4267	4190	4195	8470
5	4234	4195	4180	8471
5	4236	4182	4176	8472
5	4236	4176	4183	8473
5	4236	4183	4235	8474
5	4236	4235	4234	8475
5	4238	4157	4208	8476
5	4304	4269	4272	8477
5	4312	4263	4259	8478
5	4328	4286	4239	8479
5	4286	4136	4239	8480
5	4239	4136	4187	8481
5	4251	4201	4146	8482
5	4436	4413	4389	8483
5	4256	4135	4185	8484
5	4496	4459	4442	8485
5	4382	4354	4361	8486
5	4441	4377	4428	8487
5	4257	4199	4247	8488
5	4326	4282	4283	8489
5	4359	4325	4301	8490
5	4250	4232	4191	8491
5	4296	4200	4248	8492
5	4280	4226	4225	8493
5	4383	4336	4337	8494
5	4246	4204	4158	8495
5	4324	4278	4261	8496
5	4343	4203	4258	8497
5	4375	4333	4287	8498
5	4338	4261	4311	8499
5	4308	4284	4299	8500
5	4300	4256	4193	8501
5	4369	4322	4315	8502
5	4306	4260	4290	8503
5	4348	4248	4295	8504
5	4330	4287	4245	8505
5	4310	4060	4252	8506
5	4310	4158	4060	8507
5	4320	4269	4304	8508
5	4407	4305	4363	8509
5	4275	4207	4266	8510
5	4265	4211	4254	8511
5	4274	4213	4255	8512
5	4274	4250	4191	8513
5	4271	4193	4209	8514
5	4300	4193	4271	8515
5	4257	4254	4214	8516
5	4257	4214	4199	8517
5	4324	4290	4278	8518
5	4422	4374	4402	8519
5	4263	4163	4217	8520
5	4263	4224	4163	8521
5	4260	4247	4210	8522
5	4260	4210	4222	8523
5	4278	4260	4222	8524
5	4261	4216	4194	8525
5	4364	4314	4350	8526
5	4262	4194	4134	8527
5	4423	4362	4384	8528
5	4313	4263	4312	8529
5	4264	4255	4223	8530
5	4264	4223	4230	8531
5	4322	4293	4274	8532
5	4345	4280	4302	8533
5	4316	4266	4281	8534
5	4327	4275	4297	8535
5	4297	4275	4266	8536
5	4267	4243	4190	8537
5	4285	4238	4269	8538
5	4273	4202	4212	8539
5	4376	4291	4333	8540
5	4321	4268	4270	8541
5	4270	4268	4221	8542
5	4270	4221	4205	8543
5	4411	4300	4367	8544
5	4328	4239	4285	8545
5	4272	4269	4208	8546
5	4272	4208	4196	8547
5	4277	4228	4219	8548
5	4277	4220	4202	8549
5	4403	4351	4355	8550
5	4293	4250	4274	8551
5	4276	4234	4235	8552
5	4283	4233	4232	8553
5	4276	4235	4215	8554
5	4276	4215	4275	8555
5	4277	4272	4196	8556
5	4277	4219	4220	8557
5	4386	4339	4359	8558
5	4292	4257	4247	8559
5	4434	4387	4339	8560
5	4387	4345	4302	8561
5	4277	4202	4273	8562
5	4388	4360	4308	8563
5	4281	4266	4206	8564
5	4281	4206	4229	8565
5	4315	4255	4264	8566
5	4424	4412	4421	8567
5	4327	4276	4275	8568
5	4276	4267	4195	8569
5	4284	4273	4212	8570
5	4284	4212	4237	8571
5	4286	4271	4209	8572
5	4285	4239	4238	8573
5	4372	4298	4256	8574
5	4438	4334	4380	8575
5	4444	4344	4391	8576
5	4423	4406	4362	8577
5	4346	4310	4252	8578
5	4392	4337	4307	8579
5	4289	4258	4192	8580
5	4289	4192	4144	8581
5	4341	4290	4335	8582
5	4347	4203	4343	8583
5	4345	4295	4280	8584
5	4381	4331	4296	8585
5	4425	4374	4422	8586
5	4605	4581	4601	8587
5	4370	4293	4322	8588
5	4326	4283	4309	8589
5	4294	4259	4198	8590
5	4294	4198	4240	8591
5	4295	4248	4226	8592
5	4295	4226	4280	8593
5	4391	4344	4294	8594
5	4473	4426	4397	8595
5	4316	4281	4303	8596
5	4323	4257	4292	8597
5	4435	4410	4372	8598
5	4501	4443	4456	8599
5	4308	4273	4284	8600
5	4353	4320	4304	8601
5	4319	4270	4249	8602
5	4329	4271	4286	8603
5	4309	4283	4250	8604
5	4427	4386	4394	8605
5	4302	4280	4279	8606
5	4554	4513	4511	8607
5	4529	4522	4524	8608
5	4327	4267	4276	8609
5	4320	4285	4269	8610
5	4379	4288	4342	8611
5	4305	4249	4227	8612
5	4305	4227	4253	8613
5	4306	4292	4247	8614
5	4306	4247	4260	8615
5	4440	4342	4410	8616
5	4432	4332	4399	8617
5	4360	4304	4272	8618
5	4360	4273	4308	8619
5	4326	4301	4282	8620
5	4359	4301	4356	8621
5	4361	4310	4346	8622
5	4310	4246	4158	8623
5	4311	4261	4194	8624
5	4311	4194	4262	8625
5	4313	4253	4224	8626
5	4313	4224	4263	8627
5	4349	4319	4249	8628
5	4363	4313	4362	8629
5	4314	4303	4265	8630
5	4314	4265	4254	8631
5	4624	4582	4570	8632
5	4322	4255	4315	8633
5	4352	4315	4317	8634
5	4316	4297	4266	8635
5	4317	4315	4264	8636
5	4317	4264	4243	8637
5	4318	4317	4243	8638
5	4318	4243	4267	8639
5	4404	4320	4353	8640
5	4334	4321	4319	8641
5	4390	4353	4357	8642
5	4404	4353	4390	8643
5	4357	4308	4299	8644
5	4321	4299	4268	8645
5	4364	4303	4314	8646
5	4370	4358	4293	8647
5	4323	4314	4254	8648
5	4323	4254	4257	8649
5	4429	4335	4398	8650
5	4393	4355	4341	8651
5	4325	4302	4279	8652
5	4325	4279	4244	8653
5	4341	4306	4290	8654
5	4355	4306	4341	8655
5	4327	4297	4318	8656
5	4327	4318	4267	8657
5	4390	4357	4368	8658
5	4329	4286	4328	8659
5	4349	4249	4305	8660
5	4380	4334	4319	8661
5	4430	4348	4378	8662
5	4535	4501	4456	8663
5	4331	4330	4245	8664
5	4331	4245	4296	8665
5	4343	4258	4332	8666
5	4402	4347	4343	8667
5	4443	4391	4376	8668
5	4381	4296	4348	8669
5	4366	4285	4320	8670
5	4368	4321	4334	8671
5	4425	4338	4374	8672
5	4464	4392	4418	8673
5	4399	4289	4336	8674
5	4336	4289	4242	8675
5	4337	4336	4242	8676
5	4337	4242	4307	8677
5	4347	4262	4203	8678
5	4598	4560	4559	8679
5	4371	4309	4358	8680
5	4400	4341	4335	8681
5	4365	4316	4303	8682
5	4340	4318	4297	8683
5	4476	4433	4400	8684
5	4522	4461	4486	8685
5	4342	4288	4241	8686
5	4342	4241	4298	8687
5	4347	4311	4262	8688
5	4572	4536	4500	8689
5	4344	4312	4259	8690
5	4344	4259	4294	8691
5	4626	4537	4576	8692
5	4378	4348	4295	8693
5	4354	4307	4246	8694
5	4646	4566	4621	8695
5	4433	4393	4400	8696
5	4471	4401	4432	8697
5	4434	4339	4386	8698
5	4511	4460	4497	8699
5	4406	4363	4362	8700
5	4448	4390	4395	8701
5	4358	4309	4293	8702
5	4356	4301	4326	8703
5	4351	4350	4323	8704
5	4351	4323	4292	8705
5	4539	4495	4472	8706
5	4369	4315	4352	8707
5	4404	4396	4366	8708
5	4366	4328	4285	8709
5	4382	4361	4377	8710
5	4418	4354	4382	8711
5	4355	4351	4292	8712
5	4355	4292	4306	8713
5	4359	4339	4325	8714
5	4387	4302	4339	8715
5	4388	4304	4360	8716
5	4388	4308	4357	8717
5	4371	4356	4326	8718
5	4465	4430	4460	8719
5	4340	4352	4317	8720
5	4340	4317	4318	8721
5	4360	4272	4277	8722
5	4360	4277	4273	8723
5	4361	4354	4246	8724
5	4361	4246	4310	8725
5	4363	4305	4253	8726
5	4363	4253	4313	8727
5	4438	4395	4334	8728
5	4407	4363	4406	8729
5	4365	4340	4316	8730
5	4365	4303	4364	8731
5	4389	4369	4352	8732
5	4409	4340	4365	8733
5	4367	4271	4329	8734
5	4373	4328	4366	8735
5	4464	4442	4392	8736
5	4439	4411	4367	8737
5	4368	4357	4299	8738
5	4368	4299	4321	8739
5	4408	4365	4364	8740
5	4370	4322	4369	8741
5	4424	4408	4412	8742
5	4414	4351	4403	8743
5	4569	4563	4523	8744
5	4445	4421	4414	8745
5	4462	4411	4439	8746
5	4446	4373	4396	8747
5	4462	4435	4372	8748
5	4373	4329	4328	8749
5	4374	4338	4311	8750
5	4374	4311	4347	8751
5	4426	4375	4330	8752
5	4444	4391	4443	8753
5	4535	4431	4463	8754
5	4513	4467	4465	8755
5	4567	4493	4545	8756
5	4377	4361	4346	8757
5	4613	4577	4547	8758
5	4556	4498	4550	8759
5	4428	4377	4379	8760
5	4479	4428	4440	8761
5	4469	4439	4416	8762
5	4525	4489	4488	8763
5	4467	4420	4465	8764
5	4463	4431	4375	8765
5	4410	4342	4298	8766
5	4440	4428	4379	8767
5	4392	4307	4354	8768
5	4657	4603	4655	8769
5	4384	4362	4312	8770
5	4384	4312	4344	8771
5	4415	4358	4385	8772
5	4385	4358	4370	8773
5	4483	4450	4433	8774
5	4405	4394	4356	8775
5	4420	4397	4331	8776
5	4473	4397	4467	8777
5	4388	4357	4353	8778
5	4388	4353	4304	8779
5	4413	4369	4389	8780
5	4413	4370	4369	8781
5	4396	4373	4366	8782
5	4395	4368	4334	8783
5	4451	4407	4406	8784
5	4508	4484	4438	8785
5	4442	4337	4392	8786
5	4441	4382	4377	8787
5	4403	4355	4393	8788
5	4445	4414	4403	8789
5	4394	4386	4359	8790
5	4394	4359	4356	8791
5	4526	4484	4508	8792
5	4404	4366	4320	8793
5	4515	4467	4513	8794
5	4574	4547	4501	8795
5	4465	4420	4430	8796
5	4588	4494	4548	8797
5	4398	4335	4324	8798
5	4398	4324	4338	8799
5	4401	4343	4332	8800
5	4402	4374	4347	8801
5	4603	4539	4571	8802
5	4425	4398	4338	8803
5	4666	4610	4598	8804
5	4506	4475	4441	8805
5	4540	4509	4458	8806
5	4429	4400	4335	8807
5	4450	4393	4433	8808
5	4405	4356	4371	8809
5	4485	4448	4484	8810
5	4449	4396	4404	8811
5	4627	4568	4529	8812
5	4490	4470	4453	8813
5	4463	4375	4426	8814
5	4557	4480	4519	8815
5	4481	4444	4443	8816
5	4452	4407	4451	8817
5	4409	4352	4340	8818
5	4409	4365	4408	8819
5	4409	4408	4389	8820
5	4409	4389	4352	8821
5	4416	4367	4329	8822
5	4411	4372	4300	8823
5	4462	4372	4411	8824
5	4416	4329	4373	8825
5	4412	4408	4364	8826
5	4412	4364	4350	8827
5	4421	4412	4414	8828
5	4413	4385	4370	8829
5	4414	4412	4350	8830
5	4414	4350	4351	8831
5	4415	4405	4371	8832
5	4415	4371	4358	8833
5	4498	4439	4469	8834
5	4440	4379	4342	8835
5	4417	4378	4345	8836
5	4417	4345	4387	8837
5	4442	4383	4337	8838
5	4566	4538	4543	8839
5	4447	4415	4419	8840
5	4419	4415	4385	8841
5	4537	4502	4473	8842
5	4515	4473	4467	8843
5	4585	4529	4565	8844
5	4424	4389	4408	8845
5	4504	4472	4422	8846
5	4503	4401	4471	8847
5	4542	4525	4488	8848
5	4501	4481	4443	8849
5	4453	4419	4385	8850
5	4436	4389	4424	8851
5	4476	4400	4429	8852
5	4450	4445	4403	8853
5	4467	4397	4420	8854
5	4502	4426	4473	8855
5	4583	4530	4582	8856
5	4492	4474	4437	8857
5	4531	4496	4464	8858
5	4597	4559	4558	8859
5	4539	4472	4504	8860
5	4571	4539	4504	8861
5	4430	4420	4381	8862
5	4430	4381	4348	8863
5	4431	4376	4333	8864
5	4431	4333	4375	8865
5	4528	4504	4503	8866
5	4699	4697	4658	8867
5	4604	4539	4603	8868
5	4505	4491	4487	8869
5	4570	4544	4492	8870
5	4457	4386	4427	8871
5	4478	4440	4410	8872
5	4478	4410	4435	8873
5	4477	4424	4421	8874
5	4453	4413	4436	8875
5	4474	4394	4437	8876
5	4474	4427	4394	8877
5	4446	4416	4373	8878
5	4439	4367	4416	8879
5	4448	4404	4390	8880
5	4571	4504	4528	8881
5	4479	4440	4478	8882
5	4506	4441	4480	8883
5	4517	4478	4435	8884
5	4480	4428	4479	8885
5	4475	4382	4441	8886
5	4496	4442	4464	8887
5	4466	4406	4423	8888
5	4537	4473	4515	8889
5	4466	4451	4406	8890
5	4482	4444	4481	8891
5	4492	4437	4461	8892
5	4453	4385	4413	8893
5	4542	4488	4512	8894
5	4589	4514	4549	8895
5	4447	4437	4405	8896
5	4447	4405	4415	8897
5	4508	4438	4489	8898
5	4449	4404	4448	8899
5	4556	4516	4498	8900
5	4469	4416	4446	8901
5	4540	4458	4495	8902
5	4477	4436	4424	8903
5	4452	4380	4349	8904
5	4452	4349	4407	8905
5	4484	4448	4395	8906
5	4489	4438	4380	8907
5	4470	4419	4453	8908
5	4491	4421	4445	8909
5	4454	4432	4399	8910
5	4454	4399	4383	8911
5	4455	4417	4387	8912
5	4455	4387	4434	8913
5	4456	4443	4376	8914
5	4456	4376	4431	8915
5	4582	4530	4544	8916
5	4583	4548	4530	8917
5	4458	4429	4398	8918
5	4458	4398	4425	8919
5	4459	4454	4383	8920
5	4459	4383	4442	8921
5	4460	4430	4378	8922
5	4460	4378	4417	8923
5	4461	4437	4447	8924
5	4487	4445	4450	8925
5	4510	4468	4507	8926
5	4484	4395	4438	8927
5	4649	4622	4579	8928
5	4535	4456	4431	8929
5	4519	4480	4479	8930
5	4475	4418	4382	8931
5	4584	4532	4502	8932
5	4541	4497	4455	8933
5	4600	4542	4512	8934
5	4580	4578	4564	8935
5	4511	4465	4460	8936
5	4513	4465	4511	8937
5	4468	4446	4396	8938
5	4468	4396	4449	8939
5	4525	4508	4489	8940
5	4488	4452	4451	8941
5	4486	4419	4470	8942
5	4486	4447	4419	8943
5	4528	4503	4471	8944
5	4504	4422	4503	8945
5	4472	4458	4425	8946
5	4472	4425	4422	8947
5	4553	4511	4497	8948
5	4502	4463	4426	8949
5	4544	4474	4492	8950
5	4509	4476	4429	8951
5	4480	4441	4428	8952
5	4545	4475	4506	8953
5	4546	4492	4461	8954
5	4487	4450	4483	8955
5	4490	4436	4477	8956
5	4490	4453	4436	8957
5	4507	4468	4485	8958
5	4498	4462	4439	8959
5	4510	4469	4446	8960
5	4519	4479	4518	8961
5	4516	4435	4462	8962
5	4518	4479	4478	8963
5	4482	4423	4384	8964
5	4482	4384	4444	8965
5	4674	4659	4616	8966
5	4521	4482	4520	8967
5	4569	4523	4536	8968
5	4551	4500	4476	8969
5	4485	4449	4448	8970
5	4485	4468	4449	8971
5	4517	4435	4516	8972
5	4677	4673	4636	8973
5	4546	4461	4522	8974
5	4486	4461	4447	8975
5	4527	4490	4477	8976
5	4523	4487	4483	8977
5	4489	4452	4488	8978
5	4489	4380	4452	8979
5	4611	4561	4577	8980
5	4526	4485	4484	8981
5	4527	4477	4491	8982
5	4491	4445	4487	8983
5	4527	4470	4490	8984
5	4491	4477	4421	8985
5	4652	4609	4588	8986
5	4582	4544	4570	8987
5	4493	4464	4418	8988
5	4493	4418	4475	8989
5	4494	4455	4434	8990
5	4494	4434	4457	8991
5	4509	4429	4458	8992
5	4495	4458	4472	8993
5	4531	4464	4493	8994
5	4558	4517	4516	8995
5	4497	4460	4417	8996
5	4497	4417	4455	8997
5	4518	4478	4517	8998
5	4516	4462	4498	8999
5	4499	4471	4432	9000
5	4499	4432	4454	9001
5	4500	4483	4433	9002
5	4500	4433	4476	9003
5	4520	4482	4481	9004
5	4547	4520	4481	9005
5	4535	4463	4532	9006
5	4532	4463	4502	9007
5	4607	4495	4604	9008
5	4503	4422	4402	9009
5	4549	4459	4496	9010
5	4655	4605	4639	9011
5	4565	4505	4563	9012
5	4527	4491	4505	9013
5	4606	4531	4567	9014
5	4590	4557	4519	9015
5	4510	4446	4468	9016
5	4550	4498	4469	9017
5	4534	4508	4533	9018
5	4561	4521	4520	9019
5	4536	4483	4500	9020
5	4607	4586	4540	9021
5	4558	4516	4556	9022
5	4564	4526	4534	9023
5	4609	4608	4587	9024
5	4541	4455	4494	9025
5	4512	4488	4451	9026
5	4512	4451	4466	9027
5	4592	4555	4554	9028
5	4619	4588	4548	9029
5	4514	4499	4454	9030
5	4514	4454	4459	9031
5	4555	4513	4554	9032
5	4576	4515	4555	9033
5	4674	4616	4644	9034
5	4560	4519	4518	9035
5	4578	4552	4564	9036
5	4559	4517	4558	9037
5	4632	4595	4620	9038
5	4620	4595	4557	9039
5	4634	4597	4596	9040
5	4559	4518	4517	9041
5	4521	4466	4423	9042
5	4521	4423	4482	9043
5	4909	4870	4819	9044
5	4562	4521	4561	9045
5	4563	4505	4523	9046
5	4694	4660	4614	9047
5	4570	4492	4546	9048
5	4523	4505	4487	9049
5	4524	4522	4486	9050
5	4524	4486	4470	9051
5	4598	4559	4597	9052
5	4648	4577	4613	9053
5	4534	4526	4508	9054
5	4526	4507	4485	9055
5	4568	4546	4522	9056
5	4527	4524	4470	9057
5	4617	4536	4572	9058
5	4754	4739	4744	9059
5	4565	4529	4524	9060
5	4536	4523	4483	9061
5	4777	4719	4774	9062
5	4530	4457	4427	9063
5	4567	4531	4493	9064
5	4589	4543	4514	9065
5	4648	4611	4577	9066
5	4626	4584	4537	9067
5	4613	4547	4574	9068
5	4576	4537	4515	9069
5	4560	4518	4559	9070
5	4550	4469	4510	9071
5	4579	4533	4525	9072
5	4547	4481	4501	9073
5	4658	4607	4604	9074
5	4664	4624	4641	9075
5	4584	4502	4537	9076
5	4711	4675	4685	9077
5	4538	4528	4471	9078
5	4538	4471	4499	9079
5	4647	4614	4586	9080
5	4586	4509	4540	9081
5	4586	4551	4509	9082
5	4551	4476	4509	9083
5	4554	4511	4553	9084
5	4609	4587	4541	9085
5	4611	4599	4561	9086
5	4649	4579	4637	9087
5	4543	4538	4499	9088
5	4543	4499	4514	9089
5	4544	4530	4427	9090
5	4544	4427	4474	9091
5	4712	4646	4693	9092
5	4606	4575	4531	9093
5	4607	4540	4495	9094
5	4615	4563	4569	9095
5	4574	4501	4535	9096
5	4880	4848	4845	9097
5	4588	4541	4494	9098
5	4548	4494	4457	9099
5	4621	4566	4543	9100
5	4549	4514	4459	9101
5	4596	4556	4594	9102
5	4590	4519	4560	9103
5	4572	4500	4551	9104
5	4678	4650	4615	9105
5	4552	4550	4510	9106
5	4552	4510	4507	9107
5	4777	4753	4719	9108
5	4592	4554	4591	9109
5	4619	4548	4583	9110
5	4591	4554	4553	9111
5	4651	4576	4618	9112
5	4745	4726	4741	9113
5	4593	4552	4578	9114
5	4632	4545	4595	9115
5	4620	4557	4590	9116
5	4557	4506	4480	9117
5	4579	4525	4542	9118
5	4595	4506	4557	9119
5	4593	4550	4552	9120
5	4594	4556	4550	9121
5	4666	4598	4635	9122
5	4596	4558	4556	9123
5	4562	4512	4466	9124
5	4562	4466	4521	9125
5	4902	4828	4866	9126
5	4677	4636	4640	9127
5	4568	4522	4529	9128
5	4585	4565	4563	9129
5	4564	4552	4507	9130
5	4564	4507	4526	9131
5	4565	4524	4527	9132
5	4565	4527	4505	9133
5	4621	4543	4589	9134
5	4716	4686	4667	9135
5	4681	4645	4610	9136
5	4712	4676	4646	9137
5	4609	4541	4588	9138
5	4625	4582	4624	9139
5	4779	4720	4746	9140
5	4641	4624	4602	9141
5	4624	4570	4602	9142
5	4617	4569	4536	9143
5	4581	4538	4566	9144
5	4604	4495	4539	9145
5	4650	4627	4585	9146
5	4655	4603	4605	9147
5	4574	4535	4573	9148
5	4573	4535	4532	9149
5	4599	4562	4561	9150
5	4763	4734	4689	9151
5	4575	4549	4496	9152
5	4575	4496	4531	9153
5	4638	4612	4584	9154
5	4665	4591	4608	9155
5	4577	4561	4520	9156
5	4577	4520	4547	9157
5	4580	4564	4534	9158
5	4622	4533	4579	9159
5	4630	4578	4623	9160
5	4580	4534	4533	9161
5	4690	4611	4648	9162
5	4622	4580	4533	9163
5	4581	4571	4528	9164
5	4581	4528	4538	9165
5	4732	4663	4703	9166
5	4678	4615	4643	9167
5	4703	4625	4664	9168
5	4701	4641	4661	9169
5	4638	4584	4626	9170
5	4747	4679	4713	9171
5	4615	4585	4563	9172
5	4627	4529	4585	9173
5	4667	4567	4632	9174
5	4693	4646	4621	9175
5	4587	4553	4497	9176
5	4587	4497	4541	9177
5	4713	4679	4654	9178
5	4653	4608	4609	9179
5	4715	4693	4642	9180
5	4776	4742	4709	9181
5	4736	4645	4681	9182
5	4707	4666	4635	9183
5	4704	4653	4696	9184
5	4766	4695	4727	9185
5	4848	4810	4845	9186
5	4713	4654	4675	9187
5	4597	4558	4596	9188
5	4594	4550	4593	9189
5	4662	4580	4622	9190
5	4623	4578	4580	9191
5	4667	4606	4567	9192
5	4595	4545	4506	9193
5	4630	4593	4578	9194
5	4631	4593	4630	9195
5	4709	4672	4671	9196
5	4635	4598	4597	9197
5	4631	4594	4593	9198
5	4633	4596	4594	9199
5	4600	4562	4599	9200
5	4600	4512	4562	9201
5	4633	4594	4631	9202
5	4637	4579	4542	9203
5	4601	4581	4566	9204
5	4676	4601	4646	9205
5	4602	4570	4546	9206
5	4602	4546	4568	9207
5	4698	4655	4682	9208
5	4768	4678	4725	9209
5	4657	4604	4603	9210
5	4650	4585	4615	9211
5	4605	4603	4571	9212
5	4605	4571	4581	9213
5	4628	4549	4575	9214
5	4716	4667	4680	9215
5	4647	4586	4607	9216
5	4646	4601	4566	9217
5	4608	4591	4553	9218
5	4608	4553	4587	9219
5	4717	4650	4678	9220
5	4625	4583	4582	9221
5	4610	4590	4560	9222
5	4610	4560	4598	9223
5	4735	4690	4695	9224
5	4636	4600	4599	9225
5	4612	4573	4532	9226
5	4612	4532	4584	9227
5	4640	4636	4599	9228
5	4719	4644	4683	9229
5	4614	4572	4551	9230
5	4614	4551	4586	9231
5	4660	4617	4572	9232
5	4661	4568	4627	9233
5	4616	4613	4574	9234
5	4616	4574	4573	9235
5	4725	4678	4643	9236
5	4643	4569	4617	9237
5	4618	4576	4555	9238
5	4618	4555	4592	9239
5	4652	4588	4619	9240
5	4683	4644	4612	9241
5	4671	4634	4633	9242
5	4749	4681	4729	9243
5	4676	4639	4601	9244
5	4628	4589	4549	9245
5	4932	4873	4888	9246
5	4742	4672	4709	9247
5	4640	4599	4611	9248
5	4687	4662	4622	9249
5	4775	4724	4740	9250
5	4797	4758	4732	9251
5	4720	4703	4664	9252
5	4643	4615	4569	9253
5	4689	4626	4651	9254
5	4763	4689	4651	9255
5	4663	4583	4625	9256
5	4661	4641	4602	9257
5	4714	4656	4686	9258
5	4680	4632	4620	9259
5	4629	4592	4591	9260
5	4665	4629	4591	9261
5	4803	4728	4761	9262
5	4634	4596	4633	9263
5	4669	4633	4631	9264
5	4635	4597	4634	9265
5	4681	4610	4666	9266
5	4632	4567	4545	9267
5	4672	4634	4671	9268
5	4687	4622	4649	9269
5	4668	4631	4630	9270
5	4730	4670	4692	9271
5	4709	4671	4708	9272
5	4672	4635	4634	9273
5	4637	4600	4636	9274
5	4637	4542	4600	9275
5	4662	4623	4580	9276
5	4680	4667	4632	9277
5	4651	4626	4576	9278
5	4755	4675	4711	9279
5	4639	4605	4601	9280
5	4849	4781	4823	9281
5	4752	4718	4735	9282
5	4814	4777	4774	9283
5	4764	4748	4737	9284
5	4660	4572	4614	9285
5	4642	4621	4589	9286
5	4642	4589	4628	9287
5	4739	4698	4710	9288
5	4684	4617	4660	9289
5	4644	4616	4573	9290
5	4644	4573	4612	9291
5	4645	4620	4590	9292
5	4645	4590	4610	9293
5	4693	4621	4642	9294
5	4849	4829	4781	9295
5	4699	4657	4698	9296
5	4684	4643	4617	9297
5	4722	4662	4687	9298
5	4690	4640	4611	9299
5	4708	4669	4705	9300
5	4723	4649	4673	9301
5	4724	4688	4701	9302
5	4661	4602	4568	9303
5	4794	4713	4755	9304
5	4683	4612	4638	9305
5	4665	4608	4653	9306
5	4653	4609	4652	9307
5	4704	4665	4653	9308
5	4704	4685	4665	9309
5	4654	4618	4592	9310
5	4654	4592	4629	9311
5	4698	4657	4655	9312
5	4658	4604	4657	9313
5	4656	4628	4575	9314
5	4656	4575	4606	9315
5	4748	4721	4737	9316
5	4658	4647	4607	9317
5	4799	4784	4748	9318
5	4829	4756	4781	9319
5	4659	4648	4613	9320
5	4659	4613	4616	9321
5	4757	4684	4721	9322
5	4821	4790	4750	9323
5	4700	4627	4650	9324
5	4700	4661	4627	9325
5	4669	4631	4668	9326
5	4671	4633	4669	9327
5	4702	4619	4663	9328
5	4663	4619	4583	9329
5	4801	4741	4773	9330
5	4664	4625	4624	9331
5	4778	4651	4679	9332
5	4877	4779	4817	9333
5	4729	4666	4707	9334
5	4759	4715	4691	9335
5	4715	4642	4691	9336
5	4714	4691	4656	9337
5	4735	4718	4690	9338
5	4820	4783	4776	9339
5	4761	4718	4752	9340
5	4707	4635	4672	9341
5	4670	4668	4630	9342
5	4670	4630	4623	9343
5	4762	4729	4707	9344
5	4692	4623	4662	9345
5	4731	4708	4705	9346
5	4762	4707	4742	9347
5	4673	4649	4637	9348
5	4673	4637	4636	9349
5	4774	4683	4734	9350
5	4878	4803	4841	9351
5	4675	4654	4629	9352
5	4703	4663	4625	9353
5	4838	4805	4816	9354
5	4836	4795	4744	9355
5	4921	4858	4881	9356
5	4803	4761	4780	9357
5	4732	4702	4663	9358
5	4771	4726	4745	9359
5	4679	4651	4618	9360
5	4679	4618	4654	9361
5	5001	4966	4941	9362
5	4680	4620	4645	9363
5	4765	4686	4716	9364
5	4708	4671	4669	9365
5	4682	4655	4639	9366
5	4733	4682	4639	9367
5	4842	4747	4819	9368
5	4719	4674	4644	9369
5	5058	5001	5021	9370
5	4694	4614	4647	9371
5	4685	4675	4629	9372
5	4685	4629	4665	9373
5	4686	4656	4606	9374
5	4686	4606	4667	9375
5	4692	4670	4623	9376
5	4705	4669	4668	9377
5	4688	4664	4641	9378
5	4757	4721	4748	9379
5	4734	4638	4689	9380
5	4689	4638	4626	9381
5	4766	4735	4695	9382
5	4807	4788	4769	9383
5	4691	4642	4628	9384
5	4691	4628	4656	9385
5	4765	4714	4686	9386
5	4772	4716	4680	9387
5	4733	4639	4676	9388
5	4836	4744	4785	9389
5	4751	4732	4703	9390
5	5133	5060	5082	9391
5	4695	4690	4648	9392
5	4695	4648	4659	9393
5	4696	4653	4652	9394
5	4779	4751	4720	9395
5	4697	4694	4647	9396
5	4697	4647	4658	9397
5	4699	4658	4657	9398
5	4965	4937	4909	9399
5	4790	4733	4750	9400
5	4764	4738	4754	9401
5	4701	4661	4700	9402
5	4701	4688	4641	9403
5	4916	4911	4913	9404
5	4905	4817	4857	9405
5	4702	4696	4652	9406
5	4702	4652	4619	9407
5	4720	4664	4688	9408
5	4809	4746	4724	9409
5	5095	232	5043	9410
5	4981	4951	4975	9411
5	4761	4677	4718	9412
5	4731	4705	4706	9413
5	4706	4705	4668	9414
5	4706	4668	4670	9415
5	4742	4707	4672	9416
5	4729	4681	4666	9417
5	4851	4835	4834	9418
5	4854	4783	4820	9419
5	4807	4767	4788	9420
5	4789	4769	4788	9421
5	4710	4698	4682	9422
5	4770	4682	4733	9423
5	4822	4794	4755	9424
5	5012	4946	4988	9425
5	4885	4816	4865	9426
5	4947	4888	4934	9427
5	4855	4822	4787	9428
5	4794	4747	4713	9429
5	4772	4680	4736	9430
5	4886	4849	4823	9431
5	4756	4712	4693	9432
5	4770	4710	4682	9433
5	4826	4796	4765	9434
5	4749	4736	4681	9435
5	4740	4724	4701	9436
5	4717	4700	4650	9437
5	4718	4677	4640	9438
5	4718	4640	4690	9439
5	4856	4841	4780	9440
5	4864	4791	4824	9441
5	4901	4813	4837	9442
5	4751	4703	4720	9443
5	4721	4684	4660	9444
5	4721	4660	4694	9445
5	4730	4706	4670	9446
5	4722	4692	4662	9447
5	4723	4722	4687	9448
5	4723	4687	4649	9449
5	4740	4700	4717	9450
5	4725	4643	4684	9451
5	4740	4701	4700	9452
5	4818	4784	4799	9453
5	4726	4711	4685	9454
5	4726	4685	4704	9455
5	4727	4695	4659	9456
5	4727	4659	4674	9457
5	4728	4723	4673	9458
5	4728	4673	4677	9459
5	4783	4742	4776	9460
5	4736	4680	4645	9461
5	4743	4708	4731	9462
5	4731	4706	4730	9463
5	4858	4793	4835	9464
5	4793	4776	4743	9465
5	4758	4702	4732	9466
5	4850	4846	4812	9467
5	4756	4693	4715	9468
5	4785	4710	4770	9469
5	4774	4719	4683	9470
5	4734	4683	4638	9471
5	4791	4735	4766	9472
5	4883	4864	4824	9473
5	4806	4716	4772	9474
5	4879	4806	4843	9475
5	4737	4721	4694	9476
5	4737	4694	4697	9477
5	4738	4737	4697	9478
5	4738	4697	4699	9479
5	4739	4738	4699	9480
5	4739	4699	4698	9481
5	4799	4748	4764	9482
5	4757	4725	4684	9483
5	4741	4726	4704	9484
5	4741	4704	4696	9485
5	4793	4743	4760	9486
5	4767	4723	4728	9487
5	4776	4709	4743	9488
5	4743	4709	4708	9489
5	4744	4739	4710	9490
5	4785	4744	4710	9491
5	4773	4741	4696	9492
5	4859	4785	4815	9493
5	4746	4720	4688	9494
5	4746	4688	4724	9495
5	4833	4763	4778	9496
5	4755	4713	4675	9497
5	4754	4738	4739	9498
5	4805	4754	4795	9499
5	4811	4736	4749	9500
5	4806	4765	4716	9501
5	4750	4733	4676	9502
5	4750	4676	4712	9503
5	4758	4696	4702	9504
5	4801	4745	4741	9505
5	4778	4679	4747	9506
5	4875	4842	4870	9507
5	4753	4727	4674	9508
5	4753	4674	4719	9509
5	4764	4737	4738	9510
5	4890	4853	4818	9511
5	4771	4711	4726	9512
5	4982	4959	4919	9513
5	5128	5067	5084	9514
5	4759	4691	4714	9515
5	4800	4775	4786	9516
5	4768	4717	4678	9517
5	4773	4696	4758	9518
5	4845	4810	4745	9519
5	4914	4897	4849	9520
5	4821	4750	4782	9521
5	4760	4743	4731	9522
5	4789	4730	4769	9523
5	4803	4767	4728	9524
5	4761	4728	4677	9525
5	4820	4776	4793	9526
5	4918	4889	4896	9527
5	4804	4774	4734	9528
5	4798	4727	4753	9529
5	4923	4867	4908	9530
5	4784	4757	4748	9531
5	4904	4827	4863	9532
5	4915	4852	4882	9533
5	4804	4734	4763	9534
5	4828	4753	4777	9535
5	4791	4752	4735	9536
5	4807	4723	4767	9537
5	4808	4725	4757	9538
5	4892	4857	4825	9539
5	4769	4730	4692	9540
5	4769	4692	4722	9541
5	4790	4770	4733	9542
5	4903	4879	4843	9543
5	4855	4787	4830	9544
5	5078	5043	232	9545
5	4826	4765	4806	9546
5	4831	4762	4783	9547
5	4797	4732	4751	9548
5	4812	4758	4797	9549
5	4978	4939	4902	9550
5	4814	4774	4804	9551
5	4825	4809	4775	9552
5	4809	4724	4775	9553
5	4783	4762	4742	9554
5	4835	4793	4760	9555
5	4798	4766	4727	9556
5	4864	4832	4791	9557
5	4833	4804	4763	9558
5	4778	4763	4651	9559
5	4850	4812	4813	9560
5	4837	4751	4779	9561
5	4780	4761	4752	9562
5	5000	4958	4940	9563
5	4781	4756	4715	9564
5	4781	4715	4759	9565
5	4782	4750	4712	9566
5	4782	4712	4756	9567
5	4941	4904	4863	9568
5	4992	4922	4963	9569
5	4786	4717	4768	9570
5	4808	4768	4725	9571
5	4829	4782	4756	9572
5	4872	4825	4775	9573
5	4786	4775	4740	9574
5	4786	4740	4717	9575
5	4787	4755	4711	9576
5	4787	4711	4771	9577
5	4802	4760	4731	9578
5	4789	4731	4730	9579
5	4802	4731	4789	9580
5	4834	4760	4802	9581
5	5028	4950	4993	9582
5	4873	4790	4821	9583
5	4891	4841	4856	9584
5	4866	4777	4814	9585
5	4792	4749	4729	9586
5	4792	4729	4762	9587
5	4835	4760	4834	9588
5	4827	4811	4749	9589
5	4847	4794	4822	9590
5	4948	4898	4937	9591
5	4795	4754	4744	9592
5	4865	4795	4836	9593
5	4796	4759	4714	9594
5	4796	4714	4765	9595
5	4890	4818	4867	9596
5	5062	5013	5008	9597
5	4982	4919	4956	9598
5	4828	4798	4753	9599
5	4865	4816	4795	9600
5	4867	4818	4838	9601
5	4800	4786	4768	9602
5	4808	4800	4768	9603
5	4906	4865	4836	9604
5	4845	4745	4801	9605
5	4839	4789	4788	9606
5	4966	4904	4941	9607
5	4922	4854	4893	9608
5	4840	4767	4803	9609
5	4871	4804	4833	9610
5	4871	4814	4804	9611
5	4805	4799	4764	9612
5	4805	4764	4754	9613
5	4811	4772	4736	9614
5	4914	4849	4886	9615
5	4807	4769	4722	9616
5	4807	4722	4723	9617
5	4808	4757	4784	9618
5	4844	4808	4784	9619
5	4924	4882	4879	9620
5	4837	4797	4751	9621
5	4810	4771	4745	9622
5	4905	4877	4817	9623
5	4831	4792	4762	9624
5	4895	4831	4854	9625
5	4846	4773	4812	9626
5	4812	4773	4758	9627
5	4813	4812	4797	9628
5	4837	4813	4797	9629
5	4998	4925	4972	9630
5	4894	4856	4832	9631
5	4815	4785	4770	9632
5	4815	4770	4790	9633
5	4816	4805	4795	9634
5	5069	4984	5011	9635
5	4817	4779	4746	9636
5	4817	4746	4809	9637
5	4913	4853	4890	9638
5	4933	4880	4899	9639
5	4819	4747	4794	9640
5	4822	4755	4787	9641
5	4854	4831	4783	9642
5	4843	4772	4811	9643
5	4873	4815	4790	9644
5	4906	4836	4859	9645
5	4847	4819	4794	9646
5	4972	4925	4898	9647
5	4823	4781	4759	9648
5	4823	4759	4796	9649
5	4824	4791	4766	9650
5	4824	4766	4798	9651
5	4916	4913	4890	9652
5	4857	4817	4809	9653
5	4958	4903	4940	9654
5	4827	4749	4792	9655
5	4903	4843	4874	9656
5	4904	4874	4827	9657
5	5076	5025	5071	9658
5	4972	4898	4948	9659
5	4879	4826	4806	9660
5	5047	5004	5017	9661
5	4830	4787	4771	9662
5	4830	4771	4810	9663
5	4895	4863	4831	9664
5	4858	4820	4793	9665
5	4832	4780	4752	9666
5	4832	4752	4791	9667
5	4866	4828	4777	9668
5	4925	4871	4875	9669
5	4876	4788	4840	9670
5	4840	4788	4767	9671
5	4856	4780	4832	9672
5	4928	4841	4891	9673
5	4859	4836	4785	9674
5	4897	4829	4849	9675
5	4951	4933	4938	9676
5	4877	4837	4779	9677
5	4838	4818	4799	9678
5	4838	4799	4805	9679
5	4839	4834	4802	9680
5	4839	4802	4789	9681
5	5143	5129	5081	9682
5	4921	4893	4858	9683
5	5044	4992	5024	9684
5	4841	4803	4780	9685
5	4842	4833	4778	9686
5	4842	4778	4747	9687
5	4886	4823	4852	9688
5	4843	4806	4772	9689
5	4997	4914	4954	9690
5	4844	4800	4808	9691
5	5144	5104	5115	9692
5	4861	4810	4848	9693
5	4899	4801	4846	9694
5	4846	4801	4773	9695
5	5077	5057	5014	9696
5	4925	4875	4898	9697
5	5037	4957	4994	9698
5	4942	4907	4848	9699
5	4941	4863	4895	9700
5	5004	4932	4947	9701
5	4901	4837	4877	9702
5	4857	4809	4825	9703
5	4939	4860	4902	9704
5	5060	5015	4996	9705
5	4852	4823	4796	9706
5	4852	4796	4826	9707
5	4853	4844	4784	9708
5	4853	4784	4818	9709
5	4958	4924	4903	9710
5	4924	4879	4903	9711
5	4861	4830	4810	9712
5	5078	232	233	9713
5	4960	4920	4889	9714
5	5015	4983	4960	9715
5	4976	4905	4929	9716
5	4929	4857	4892	9717
5	4960	4889	4918	9718
5	4889	4851	4869	9719
5	5006	4935	4976	9720
5	5047	5018	5004	9721
5	4860	4824	4798	9722
5	4860	4798	4828	9723
5	5117	233	234	9724
5	4961	4880	4933	9725
5	4862	4821	4782	9726
5	4862	4782	4829	9727
5	4863	4827	4792	9728
5	4863	4792	4831	9729
5	5005	4948	4937	9730
5	4883	4824	4860	9731
5	4932	4900	4873	9732
5	4923	4890	4867	9733
5	4910	4866	4814	9734
5	4996	4918	4974	9735
5	4885	4868	4816	9736
5	4908	4867	4868	9737
5	4868	4867	4838	9738
5	4868	4838	4816	9739
5	4869	4851	4834	9740
5	4869	4834	4839	9741
5	4870	4842	4819	9742
5	4909	4819	4847	9743
5	4937	4898	4870	9744
5	4910	4814	4871	9745
5	4872	4775	4800	9746
5	5017	4947	4984	9747
5	4897	4862	4829	9748
5	4954	4914	4886	9749
5	4874	4843	4811	9750
5	4874	4811	4827	9751
5	4875	4871	4833	9752
5	4875	4833	4842	9753
5	4876	4869	4839	9754
5	4876	4839	4788	9755
5	4987	4971	4977	9756
5	4929	4905	4857	9757
5	4928	4912	4878	9758
5	4878	4840	4803	9759
5	4872	4800	4844	9760
5	4913	4844	4853	9761
5	4988	4946	4957	9762
5	4899	4846	4850	9763
5	4881	4858	4835	9764
5	4881	4835	4851	9765
5	4882	4852	4826	9766
5	4882	4826	4879	9767
5	5042	4972	5009	9768
5	4894	4832	4864	9769
5	4884	4847	4822	9770
5	4884	4822	4855	9771
5	5093	5047	5017	9772
5	5079	5050	5016	9773
5	4915	4886	4852	9774
5	4934	4888	4862	9775
5	4887	4855	4830	9776
5	4887	4830	4861	9777
5	4888	4873	4821	9778
5	4888	4821	4862	9779
5	4928	4878	4841	9780
5	5163	5120	5160	9781
5	5080	5063	5028	9782
5	4975	4901	4935	9783
5	4912	4840	4878	9784
5	5106	5066	5073	9785
5	5038	4971	4987	9786
5	5080	5028	5050	9787
5	4893	4854	4820	9788
5	4893	4820	4858	9789
5	4936	4864	4883	9790
5	4936	4894	4864	9791
5	5044	5021	4992	9792
5	4922	4895	4854	9793
5	4896	4889	4869	9794
5	4896	4869	4876	9795
5	5090	5011	5053	9796
5	4964	4934	4897	9797
5	4898	4875	4870	9798
5	4965	4909	4917	9799
5	4899	4880	4845	9800
5	4899	4845	4801	9801
5	4900	4859	4815	9802
5	4900	4815	4873	9803
5	4938	4850	4901	9804
5	4901	4850	4813	9805
5	4944	4866	4910	9806
5	4902	4860	4828	9807
5	4940	4903	4874	9808
5	5031	4966	5001	9809
5	4940	4874	4904	9810
5	4967	4895	4922	9811
5	5022	4968	4995	9812
5	4916	4892	4911	9813
5	5156	215	216	9814
5	5050	5028	4993	9815
5	4907	4861	4848	9816
5	4942	4848	4880	9817
5	4943	4908	4868	9818
5	4943	4868	4885	9819
5	4937	4870	4909	9820
5	5046	4980	5012	9821
5	5200	5143	5176	9822
5	4944	4910	4925	9823
5	4911	4892	4825	9824
5	4911	4825	4872	9825
5	4912	4896	4876	9826
5	4912	4876	4840	9827
5	4913	4911	4872	9828
5	4913	4872	4844	9829
5	5035	4997	4954	9830
5	4934	4862	4897	9831
5	5007	4924	4958	9832
5	4964	4897	4914	9833
5	4994	4942	4961	9834
5	4990	4929	4973	9835
5	4917	4909	4847	9836
5	4917	4847	4884	9837
5	4939	4883	4860	9838
5	4952	4891	4927	9839
5	4919	4884	4855	9840
5	4919	4855	4887	9841
5	4920	4881	4851	9842
5	4920	4851	4889	9843
5	5143	5081	5133	9844
5	5082	5060	5026	9845
5	4966	4940	4904	9846
5	5052	5024	4991	9847
5	4995	4968	4923	9848
5	4995	4923	4971	9849
5	4967	4941	4895	9850
5	5103	5010	5056	9851
5	5054	5039	5042	9852
5	4925	4910	4871	9853
5	4926	4885	4865	9854
5	4926	4865	4906	9855
5	4927	4891	4856	9856
5	4927	4856	4894	9857
5	4928	4896	4912	9858
5	5070	5054	5009	9859
5	4973	4892	4916	9860
5	4935	4877	4905	9861
5	4930	4906	4859	9862
5	4930	4859	4900	9863
5	4931	4887	4861	9864
5	4931	4861	4907	9865
5	5170	5153	5124	9866
5	4928	4918	4896	9867
5	4961	4942	4880	9868
5	4935	4901	4877	9869
5	4997	4964	4914	9870
5	4947	4932	4888	9871
5	4976	4935	4905	9872
5	4973	4929	4892	9873
5	4974	4891	4952	9874
5	5026	4974	4952	9875
5	5013	4965	5008	9876
5	5039	4985	4978	9877
5	4938	4933	4899	9878
5	4938	4899	4850	9879
5	5102	5054	5100	9880
5	5034	4970	4985	9881
5	5101	5021	5044	9882
5	5114	5084	5059	9883
5	5001	4941	4967	9884
5	4996	4960	4918	9885
5	5012	4980	4946	9886
5	5032	4961	5003	9887
5	5002	4943	4950	9888
5	5022	4916	4968	9889
5	4978	4902	4944	9890
5	4944	4902	4866	9891
5	4945	4915	4882	9892
5	4945	4882	4924	9893
5	4946	4931	4907	9894
5	5003	4933	4951	9895
5	5028	5002	4950	9896
5	5004	4962	4932	9897
5	5005	4937	4965	9898
5	5111	5077	235	9899
5	4949	4927	4894	9900
5	4949	4894	4936	9901
5	4950	4943	4885	9902
5	4950	4885	4926	9903
5	5091	5033	5066	9904
5	5006	4981	4975	9905
5	5026	4996	4974	9906
5	5055	5034	4985	9907
5	4953	4921	4881	9908
5	4953	4881	4920	9909
5	4979	4915	4945	9910
5	4979	4955	4915	9911
5	4955	4954	4886	9912
5	4955	4886	4915	9913
5	4956	4919	4887	9914
5	4956	4887	4931	9915
5	4957	4946	4907	9916
5	4957	4907	4942	9917
5	5085	5031	5058	9918
5	5067	4979	5030	9919
5	4959	4917	4884	9920
5	4959	4884	4919	9921
5	5060	4996	5026	9922
5	5031	5000	4966	9923
5	5141	5061	5105	9924
5	5003	4961	4933	9925
5	4962	4930	4900	9926
5	4962	4900	4932	9927
5	4963	4922	4893	9928
5	4963	4893	4921	9929
5	5175	212	213	9930
5	5132	5069	5090	9931
5	5171	239	5148	9932
5	5040	4948	5005	9933
5	5000	4940	4966	9934
5	5059	5030	5007	9935
5	5024	4963	4991	9936
5	4992	4967	4922	9937
5	4968	4916	4890	9938
5	4968	4890	4923	9939
5	4969	4926	4906	9940
5	4969	4906	4930	9941
5	4970	4936	4883	9942
5	4970	4883	4939	9943
5	4971	4923	4908	9944
5	5097	5019	5049	9945
5	4998	4944	4925	9946
5	5144	5116	5104	9947
5	5006	4975	4935	9948
5	5049	5019	5022	9949
5	4974	4918	4928	9950
5	4974	4928	4891	9951
5	4975	4951	4938	9952
5	4975	4938	4901	9953
5	5187	243	5160	9954
5	5033	4981	5006	9955
5	4977	4971	4908	9956
5	4977	4908	4943	9957
5	5086	5070	5040	9958
5	5034	4999	4970	9959
5	5035	4954	5027	9960
5	5059	5007	5010	9961
5	4980	4956	4931	9962
5	4980	4931	4946	9963
5	4990	4976	4929	9964
5	5065	4981	5033	9965
5	5111	5057	5077	9966
5	5057	5036	4982	9967
5	4983	4953	4920	9968
5	4983	4920	4960	9969
5	4984	4947	4934	9970
5	4984	4934	4964	9971
5	4985	4970	4939	9972
5	4985	4939	4978	9973
5	4986	4952	4927	9974
5	4986	4927	4949	9975
5	5002	4977	4943	9976
5	5050	4993	5016	9977
5	5105	5029	5065	9978
5	5037	4988	4957	9979
5	4989	4969	4930	9980
5	4989	4930	4962	9981
5	5065	5029	4981	9982
5	5066	5033	5041	9983
5	4991	4963	4921	9984
5	4991	4921	4953	9985
5	5025	4953	4983	9986
5	5071	4983	5015	9987
5	4993	4950	4926	9988
5	4993	4926	4969	9989
5	5204	213	214	9990
5	4994	4957	4942	9991
5	5038	4995	4971	9992
5	5070	5009	5040	9993
5	5015	4960	4996	9994
5	5026	4952	4986	9995
5	5017	5004	4947	9996
5	5172	5156	216	9997
5	5039	4978	4998	9998
5	4998	4978	4944	9999
5	4999	4949	4936	10000
5	4999	4936	4970	10001
5	5108	5074	5027	10002
5	5007	4945	4924	10003
5	5024	4992	4963	10004
5	5225	5200	5218	10005
5	5068	4987	5020	10006
5	5150	5079	5110	10007
5	5032	4994	4961	10008
5	5094	4994	5032	10009
5	5069	5017	4984	10010
5	5090	5069	5011	10011
5	5013	5005	4965	10012
5	5040	5009	4948	10013
5	5041	4976	4990	10014
5	5091	5065	5033	10015
5	5112	5099	5074	10016
5	5056	5000	5031	10017
5	5008	4965	4917	10018
5	5008	4917	4959	10019
5	5055	4985	5039	10020
5	5009	4972	4948	10021
5	5010	5007	4958	10022
5	5010	4958	5000	10023
5	5011	4984	4964	10024
5	5011	4964	4997	10025
5	5014	4982	4956	10026
5	5014	4956	4980	10027
5	5221	5203	245	10028
5	5116	5064	5104	10029
5	5117	5078	233	10030
5	5077	5014	5046	10031
5	5118	5044	5089	10032
5	5025	4991	4953	10033
5	5016	4993	4969	10034
5	5016	4969	4989	10035
5	5142	5135	5093	10036
5	5175	5142	5132	10037
5	5018	4989	4962	10038
5	5018	4962	5004	10039
5	5019	4990	4973	10040
5	5073	4990	5019	10041
5	5020	4987	4977	10042
5	5020	4977	5002	10043
5	5021	5001	4967	10044
5	5021	4967	4992	10045
5	5022	5019	4973	10046
5	5022	4973	4916	10047
5	5023	4986	4949	10048
5	5023	4949	4999	10049
5	5188	5119	5154	10050
5	5056	5010	5000	10051
5	5071	5025	4983	10052
5	5052	4991	5025	10053
5	5120	5083	5102	10054
5	5082	5026	5045	10055
5	5027	4954	4955	10056
5	5027	4955	4979	10057
5	5079	5016	5048	10058
5	5216	228	5179	10059
5	5029	5003	4951	10060
5	5029	4951	4981	10061
5	5030	4979	4945	10062
5	5030	4945	5007	10063
5	5081	5015	5060	10064
5	5058	5031	5001	10065
5	5121	5088	5094	10066
5	5095	5043	5072	10067
5	5198	222	5194	10068
5	5123	5091	5066	10069
5	5126	5051	5083	10070
5	5173	5145	5163	10071
5	5125	5053	5099	10072
5	5125	5090	5053	10073
5	5036	5008	4959	10074
5	5036	4959	4982	10075
5	5136	231	5095	10076
5	5204	5175	213	10077
5	5075	5038	4987	10078
5	5049	4995	5038	10079
5	5126	5098	5051	10080
5	5055	5039	5054	10081
5	5102	5055	5054	10082
5	5100	5054	5070	10083
5	5041	5033	5006	10084
5	5041	5006	4976	10085
5	5042	5039	4998	10086
5	5042	4998	4972	10087
5	5043	5012	4988	10088
5	5095	231	232	10089
5	5119	5085	5058	10090
5	5169	5085	5119	10091
5	5045	5026	4986	10092
5	5045	4986	5023	10093
5	5057	4982	5014	10094
5	5046	5014	4980	10095
5	5172	5150	5110	10096
5	5127	5050	5079	10097
5	5048	5016	4989	10098
5	5048	4989	5018	10099
5	5182	209	210	10100
5	5181	5161	5167	10101
5	5127	5080	5050	10102
5	5172	5110	5156	10103
5	5051	5023	4999	10104
5	5051	4999	5034	10105
5	5076	5052	5025	10106
5	5118	5101	5044	10107
5	5053	5011	4997	10108
5	5053	4997	5035	10109
5	5054	5042	5009	10110
5	5086	5040	5064	10111
5	5163	5126	5120	10112
5	5193	243	244	10113
5	5067	5027	4979	10114
5	5103	5059	5010	10115
5	5133	5081	5060	10116
5	5062	5008	5036	10117
5	5085	5056	5031	10118
5	5199	5146	5190	10119
5	5101	5058	5021	10120
5	5149	5125	5099	10121
5	5212	5170	5201	10122
5	5218	5200	5176	10123
5	5061	5032	5003	10124
5	5061	5003	5029	10125
5	5115	5062	5087	10126
5	5115	5104	5062	10127
5	5063	5020	5002	10128
5	5063	5002	5028	10129
5	5064	5040	5005	10130
5	5064	5005	5013	10131
5	5094	5032	5061	10132
5	5130	5065	5091	10133
5	5164	5131	5107	10134
5	5049	5022	4995	10135
5	5108	5027	5067	10136
5	5215	209	5162	10137
5	5137	5063	5080	10138
5	5131	5068	5107	10139
5	5132	5093	5069	10140
5	5175	5132	5155	10141
5	5075	4987	5068	10142
5	5106	5073	5097	10143
5	5196	5176	5153	10144
5	5081	5071	5015	10145
5	5072	5043	4988	10146
5	5072	4988	5037	10147
5	5073	5066	5041	10148
5	5073	5041	4990	10149
5	5074	5035	5027	10150
5	5206	5162	5128	10151
5	5097	5073	5019	10152
5	5122	5075	5096	10153
5	5089	5044	5024	10154
5	5089	5024	5052	10155
5	5117	5046	5078	10156
5	5077	234	235	10157
5	5078	5046	5012	10158
5	5078	5012	5043	10159
5	5150	5127	5079	10160
5	5151	5137	5080	10161
5	5151	5080	5127	10162
5	5131	5096	5068	10163
5	5176	5143	5133	10164
5	5152	5113	5076	10165
5	5168	5139	5100	10166
5	5227	5218	5196	10167
5	5083	5051	5034	10168
5	5083	5034	5055	10169
5	5084	5067	5030	10170
5	5084	5030	5059	10171
5	5157	5114	5103	10172
5	5114	5059	5103	10173
5	5138	5070	5086	10174
5	5102	5083	5055	10175
5	5087	5062	5036	10176
5	5087	5036	5057	10177
5	5088	5072	5037	10178
5	5136	5095	5072	10179
5	5213	5190	5210	10180
5	5196	5153	5170	10181
5	5202	5157	5195	10182
5	5093	5017	5069	10183
5	5185	5165	5123	10184
5	5130	5105	5065	10185
5	5092	5048	5018	10186
5	5092	5018	5047	10187
5	5156	5110	5092	10188
5	5142	5093	5132	10189
5	5094	5088	5037	10190
5	5094	5037	4994	10191
5	5136	5072	5088	10192
5	5136	230	231	10193
5	5096	5075	5068	10194
5	5137	5107	5063	10195
5	5109	5038	5075	10196
5	5123	5066	5106	10197
5	5098	5045	5023	10198
5	5098	5023	5051	10199
5	5099	5053	5035	10200
5	5099	5035	5074	10201
5	5148	5086	5116	10202
5	5178	5135	5142	10203
5	5226	203	204	10204
5	5119	5058	5101	10205
5	5163	5145	5126	10206
5	5126	5083	5120	10207
5	5157	5103	5140	10208
5	5128	5108	5067	10209
5	5104	5064	5013	10210
5	5104	5013	5062	10211
5	5158	5141	5105	10212
5	5105	5061	5029	10213
5	5134	5106	5097	10214
5	5122	5109	5075	10215
NPOIN= 5233
9.997500181200000e-01	-3.633240963563842e-05	0
9.990000128750000e-01	-1.454711742732867e-04	1
9.977599978450000e-01	-3.274946038480025e-04	2
9.960200190539999e-01	-5.898571438973935e-04	3
9.937800168990000e-01	-9.468361523376828e-04	4
9.910500049590000e-01	-1.421358502036365e-03	5
9.878399968150000e-01	-2.043767052258233e-03	6
9.841300249100000e-01	-2.850043665582219e-03	7
9.799500107769999e-01	-3.852141794751433e-03	8
9.752799868580000e-01	-5.046828312386717e-03	9
9.701499938960000e-01	-6.386997149175387e-03	10
9.645400047300000e-01	-7.813934950894521e-03	11
9.584699869160000e-01	-9.252258747463759e-03	12
9.519400000570000e-01	-1.064670120736112e-02	13
9.449599981310000e-01	-1.196959151442288e-02	14
9.375399947170000e-01	-1.322577515025417e-02	15
9.296900033950000e-01	-1.444315867776441e-02	16
9.214000105860000e-01	-1.566068707091493e-02	17
9.126999974250000e-01	-1.690641413061563e-02	18
9.035800099370001e-01	-1.820208654636767e-02	19
8.940600156780000e-01	-1.955205726297159e-02	20
8.841500282290000e-01	-2.095230426421349e-02	21
8.738499879840000e-01	-2.239510217248257e-02	22
8.631799817090000e-01	-2.386876400771253e-02	23
8.521599769590000e-01	-2.536298041727458e-02	24
8.407700061800000e-01	-2.687493514949155e-02	25
8.290500044819999e-01	-2.839572562229372e-02	26
8.170099854470000e-01	-2.992187560231070e-02	27
8.046399950980000e-01	-3.145299976490429e-02	28
7.919700145720000e-01	-3.298385485806462e-02	29
7.790099978450000e-01	-3.451162363843185e-02	30
7.657799720760000e-01	-3.603209993135355e-02	31
7.522799968720000e-01	-3.754316987167962e-02	32
7.385200262070000e-01	-3.904137211940337e-02	33
7.245299816130000e-01	-4.052107942487668e-02	34
7.103199958800001e-01	-4.197890767955640e-02	35
6.958900094030001e-01	-4.341252518473616e-02	36
6.812700033190000e-01	-4.481672704372607e-02	37
6.664699912070000e-01	-4.618851622675638e-02	38
6.514999866490000e-01	-4.752503935877244e-02	39
6.363800168040000e-01	-4.882275281010487e-02	40
6.211299896240000e-01	-5.007841644905744e-02	41
6.057599782940000e-01	-5.128983905542431e-02	42
5.902799963950000e-01	-5.245497773810036e-02	43
5.747100114820000e-01	-5.357122224556889e-02	44
5.590599775310000e-01	-5.463687928287374e-02	45
5.433599948880000e-01	-5.564908043760421e-02	46
5.276100039480000e-01	-5.660709254406358e-02	47
5.118399858470000e-01	-5.750840932397809e-02	48
4.960500001910000e-01	-5.835237083978357e-02	49
4.802699983120000e-01	-5.913671758907411e-02	50
4.645099937920000e-01	-5.986031909738145e-02	51
4.487800002100000e-01	-6.052196992803537e-02	52
4.331099987030000e-01	-6.111964147617834e-02	53
4.174999892710000e-01	-6.165246547913143e-02	54
4.019699990750000e-01	-6.211871228138813e-02	55
3.865399956700000e-01	-6.251666619406458e-02	56
3.712300062180000e-01	-6.284462096354061e-02	57
3.560400009160000e-01	-6.310117981824638e-02	58
3.409900069240000e-01	-6.328439461876526e-02	59
3.261100053790000e-01	-6.339229465695892e-02	60
3.113999962810000e-01	-6.342314929978174e-02	61
2.968699932100000e-01	-6.337493739988401e-02	62
2.825500071050000e-01	-6.324573953687231e-02	63
2.684499919410000e-01	-6.303363707584266e-02	64
2.545700073240000e-01	-6.273638766731270e-02	65
2.409400045870000e-01	-6.235235725903471e-02	66
2.275699973110000e-01	-6.187964986114607e-02	67
2.144699990750000e-01	-6.131636538453781e-02	68
2.016600072380000e-01	-6.066117133808165e-02	69
1.891400069000000e-01	-5.991183718688842e-02	70
1.769299954180000e-01	-5.906731369878837e-02	71
1.650400012730000e-01	-5.812618735123439e-02	72
1.534900069240000e-01	-5.708811891599709e-02	73
1.422899961470000e-01	-5.595231257146492e-02	74
1.314399987460000e-01	-5.471698677839625e-02	75
1.209499984980000e-01	-5.338138045180487e-02	76
1.108499988910000e-01	-5.194792620039936e-02	77
1.011300012470000e-01	-5.041394754446563e-02	78
9.181000292300000e-02	-4.878126904522111e-02	79
8.290000259900000e-02	-4.705074281641837e-02	80
7.440000027400000e-02	-4.522138515740212e-02	81
6.633000075800000e-02	-4.329675897482485e-02	82
5.869000032500000e-02	-4.127638771133627e-02	83
5.149000138000000e-02	-3.916238673914113e-02	84
4.473999887700000e-02	-3.695755186762525e-02	85
3.844000026600000e-02	-3.466171390011579e-02	86
3.260000050100000e-02	-3.227833124565154e-02	87
2.723000012300000e-02	-2.981202950957930e-02	88
2.232000045500000e-02	-2.725801277506245e-02	89
1.789999939500000e-02	-2.463296607601572e-02	90
1.394999958600000e-02	-2.192638375394867e-02	91
1.049000024800000e-02	-1.915291526812863e-02	92
7.519999985000000e-03	-1.631640972526882e-02	93
5.040000193000000e-03	-1.342094336950546e-02	94
3.049999941000000e-03	-1.047027589634703e-02	95
1.560000004000000e-03	-7.489289174262391e-03	96
5.600000150000000e-04	-4.467669297178184e-03	97
5.999999800000000e-05	-1.440071153282363e-03	98
0.000000000000000e+00	0.000000000000000e+00	99
5.999999800000000e-05	1.343161239657894e-03	100
5.600000150000000e-04	3.961526921275429e-03	101
1.560000004000000e-03	6.401931360600794e-03	102
3.049999941000000e-03	8.676384503114429e-03	103
5.040000193000000e-03	1.081389069701675e-02	104
7.519999985000000e-03	1.281095237073767e-02	105
1.049000024800000e-02	1.467731355501207e-02	106
1.394999958600000e-02	1.642081565513794e-02	107
1.789999939500000e-02	1.804853535917848e-02	108
2.232000045500000e-02	1.956094507709304e-02	109
2.723000012300000e-02	2.097283138505351e-02	110
3.260000050100000e-02	2.228335964557799e-02	111
3.844000026600000e-02	2.350340592170805e-02	112
4.473999887700000e-02	2.463853065097591e-02	113
5.149000138000000e-02	2.569482647475551e-02	114
5.869000032500000e-02	2.667993773763570e-02	115
6.633000075800000e-02	2.759987999164941e-02	116
7.440000027400000e-02	2.846079811009553e-02	117
8.290000259900000e-02	2.926974378069049e-02	118
9.181000292300000e-02	3.003170153781005e-02	119
1.011300012470000e-01	3.075335635533298e-02	120
1.108499988910000e-01	3.144024256429958e-02	121
1.209499984980000e-01	3.209705668759817e-02	122
1.314399987460000e-01	3.273014412894724e-02	123
1.422899961470000e-01	3.334301168775428e-02	124
1.534900069240000e-01	3.394011054912414e-02	125
1.650400012730000e-01	3.452594271417112e-02	126
1.769299954180000e-01	3.510398552434189e-02	127
1.891400069000000e-01	3.567677065137544e-02	128
2.016600072380000e-01	3.624680492872133e-02	129
2.144699990750000e-01	3.681558647527398e-02	130
2.275699973110000e-01	3.738491011700758e-02	131
2.409400045870000e-01	3.795506202893566e-02	132
2.545700073240000e-01	3.852612350629298e-02	133
2.684499919410000e-01	3.909750509315089e-02	134
2.825500071050000e-01	3.966713454138610e-02	135
2.968699932100000e-01	4.023348352031363e-02	136
3.113999962810000e-01	4.079391933623296e-02	137
3.261100053790000e-01	4.134437979762720e-02	138
3.409900069240000e-01	4.188094249883183e-02	139
3.560400009160000e-01	4.239938185038401e-02	140
3.712300062180000e-01	4.289383364508766e-02	141
3.865399956700000e-01	4.335831594035579e-02	142
4.019699990750000e-01	4.378697025800302e-02	143
4.174999892710000e-01	4.417290710351161e-02	144
4.331099987030000e-01	4.450898016648203e-02	145
4.487800002100000e-01	4.478789646764403e-02	146
4.645099937920000e-01	4.500257222754067e-02	147
4.802699983120000e-01	4.514545670358733e-02	148
4.960500001910000e-01	4.520944455184477e-02	149
5.118399858470000e-01	4.518759137733250e-02	150
5.276100039480000e-01	4.507343551637383e-02	151
5.433599948880000e-01	4.486092858427391e-02	152
5.590599775310000e-01	4.454502642280186e-02	153
5.747100114820000e-01	4.412100788183188e-02	154
5.902799963950000e-01	4.358583948160649e-02	155
6.057599782940000e-01	4.293712049731614e-02	156
6.211299896240000e-01	4.217406229855196e-02	157
6.363800168040000e-01	4.129675270317288e-02	158
6.514999866490000e-01	4.030654081913620e-02	159
6.664699912070000e-01	3.920685365695794e-02	160
6.812700033190000e-01	3.800278912867733e-02	161
6.958900094030001e-01	3.670017195719270e-02	162
7.103199958800001e-01	3.530613839323390e-02	163
7.245299816130000e-01	3.383121894075449e-02	164
7.385200262070000e-01	3.228421444163179e-02	165
7.522799968720000e-01	3.067589706921974e-02	166
7.657799720760000e-01	2.902040376630665e-02	167
7.790099978450000e-01	2.733038083530327e-02	168
7.919700145720000e-01	2.561761193980670e-02	169
8.046399950980000e-01	2.389674514248118e-02	170
8.170099854470000e-01	2.218115110665721e-02	171
8.290500044819999e-01	2.048665983804022e-02	172
8.407700061800000e-01	1.882261461090145e-02	173
8.521599769590000e-01	1.719958222257644e-02	174
8.631799817090000e-01	1.563010511888166e-02	175
8.738499879840000e-01	1.411520205567295e-02	176
8.841500282290000e-01	1.265835934638461e-02	177
8.940600156780000e-01	1.126050969554707e-02	178
9.035800099370001e-01	9.919207826524780e-03	179
9.126999974250000e-01	8.636302686447149e-03	180
9.214000105860000e-01	7.421937361320093e-03	181
9.296900033950000e-01	6.291929224896272e-03	182
9.375399947170000e-01	5.276863884433361e-03	183
9.449599981310000e-01	4.405544171188214e-03	184
9.519400000570000e-01	3.702576597448597e-03	185
9.584699869160000e-01	3.173491695289308e-03	186
9.645400047300000e-01	2.797092477824259e-03	187
9.701499938960000e-01	2.527102798608873e-03	188
9.752799868580000e-01	2.306115054572104e-03	189
9.799500107769999e-01	2.080496175968435e-03	190
9.841300249100000e-01	1.819521813315864e-03	191
9.878399968150000e-01	1.515986637493016e-03	192
9.910500049590000e-01	1.188451829903900e-03	193
9.937800168990000e-01	8.623815811638161e-04	194
9.960200190539999e-01	5.664477700761193e-04	195
9.977599978450000e-01	3.231550234937383e-04	196
9.990000128750000e-01	1.450752758573301e-04	197
9.997500181200000e-01	3.632613752085126e-05	198
1.000000000000000e+00	0.000000000000000e+00	199
1.984229087829600e+01	2.506659984589000e+00	200
1.937166023254400e+01	4.973800182343000e+00	201
1.859552955627400e+01	7.362490177155000e+00	202
1.752613067627000e+01	9.635069847106999e+00	203
1.618033981323200e+01	1.175570964813200e+01	204
1.457936954498300e+01	1.369093990325900e+01	205
1.274847984314000e+01	1.541026973724400e+01	206
1.071654033660900e+01	1.688656044006300e+01	207
8.515589714050000e+00	1.809654045105000e+01	208
6.180339813232000e+00	1.902112960815400e+01	209
3.747629880905000e+00	1.964575004577600e+01	210
1.255810022354000e+00	1.996052932739300e+01	211
-1.255810022354000e+00	1.996052932739300e+01	212
-3.747629880905000e+00	1.964574050903300e+01	213
-6.180339813232000e+00	1.902112960815400e+01	214
-8.515589714050000e+00	1.809654045105000e+01	215
-1.071654033660900e+01	1.688656044006300e+01	216
-1.274847984314000e+01	1.541026020050000e+01	217
-1.457936954498300e+01	1.369093990325900e+01	218
-1.618033981323200e+01	1.175570011138900e+01	219
-1.752613067627000e+01	9.635069847106999e+00	220
-1.859552955627400e+01	7.362490177155000e+00	221
-1.937166023254400e+01	4.973800182343000e+00	222
-1.984229087829600e+01	2.506659984589000e+00	223
-2.000000000000000e+01	0.000000000000000e+00	224
-1.984229087829600e+01	-2.506669998169000e+00	225
-1.937166023254400e+01	-4.973800182343000e+00	226
-1.859552955627400e+01	-7.362490177155000e+00	227
-1.752613067627000e+01	-9.635080337524000e+00	228
-1.618033981323200e+01	-1.175570964813200e+01	229
-1.457936954498300e+01	-1.369093990325900e+01	230
-1.274847984314000e+01	-1.541026973724400e+01	231
-1.071652984619100e+01	-1.688656044006300e+01	232
-8.515580177306999e+00	-1.809654045105000e+01	233
-6.180339813232000e+00	-1.902112960815400e+01	234
-3.747620105743000e+00	-1.964575004577600e+01	235
-1.255810022354000e+00	-1.996052932739300e+01	236
1.255810022354000e+00	-1.996052932739300e+01	237
3.747629880905000e+00	-1.964574050903300e+01	238
6.180339813232000e+00	-1.902112960815400e+01	239
8.515589714050000e+00	-1.809654045105000e+01	240
1.071654033660900e+01	-1.688656044006300e+01	241
1.274847984314000e+01	-1.541026020050000e+01	242
1.457936954498300e+01	-1.369093990325900e+01	243
1.618033981323200e+01	-1.175570011138900e+01	244
1.752614021301300e+01	-9.635069847106999e+00	245
1.859552955627400e+01	-7.362490177155000e+00	246
1.937166023254400e+01	-4.973790168762000e+00	247
1.984229087829600e+01	-2.506659984589000e+00	248
2.000000000000000e+01	0.000000000000000e+00	249
6.056339764368483e-02	-4.917451217019109e-02	250
6.602633569078574e-01	-6.054222093802338e-02	251
4.253975097838510e-01	5.860046658831951e-02	252
6.897308772905032e-01	5.047565709358977e-02	253
3.792195135058390e-01	-7.674982770411806e-02	254
9.994676082884002e-01	-7.276515144744983e-04	255
9.985546264259958e-01	-1.331531708552039e-03	256
7.738438540744963e-01	-4.736482859030697e-02	257
6.899233556991261e-01	-5.748148301206639e-02	258
-1.281809331699374e-03	5.991695434375039e-03	259
7.468207665413823e-01	-5.086456945533394e-02	260
5.831858858537007e-01	5.785085497005567e-02	261
9.928160810267146e-01	-3.735650772093239e-03	262
9.899358537280106e-01	-4.742682483097243e-03	263
5.987753377463101e-01	5.716478409024004e-02	264
7.188162693368078e-01	-5.424281255801772e-02	265
-1.568672401007954e-03	6.593909864423421e-04	266
9.865722357244565e-01	-5.903350565467114e-03	267
9.827321876535855e-01	-7.220642917303214e-03	268
-1.482158336444755e-03	-6.880071000416529e-03	269
6.451857387719704e-01	-6.199836412182479e-02	270
8.244957606770028e-01	-4.015707752402454e-02	271
7.997637107253760e-01	-4.379409589391031e-02	272
3.484102723760024e-01	5.602559014299975e-02	273
8.479095949606859e-01	-3.650650215521770e-02	274
2.474715585356923e-01	5.095699825852289e-02	275
8.699444713362092e-01	-3.286346554890121e-02	276
1.038154283088001e-02	1.868269617400871e-02	277
8.904942771904284e-01	-2.928132093530822e-02	278
7.686430261239033e-02	-5.383922599358136e-02	279
9.094870148871024e-01	-2.581129351145812e-02	280
-1.913313594838144e-03	-3.382594667233397e-03	281
9.424780167711470e-01	-1.909906651782268e-02	282
9.268426086860109e-01	-2.245059267021887e-02	283
1.772619033752720e-02	-2.983879479576656e-02	284
4.258464296945162e-01	-7.570988270954615e-02	285
8.591084551626433e-01	-3.467875696065199e-02	286
9.563320130770858e-01	-1.562447432726411e-02	287
9.784077326728250e-01	-8.715686180178438e-03	288
9.683278195978733e-01	-1.205830383109027e-02	289
1.582118457867647e-01	-6.819692181702139e-02	290
9.001921970724917e-01	-2.753059473848687e-02	291
7.604650748679868e-01	-4.912691486593846e-02	292
9.971361461295781e-01	-2.087360493449680e-03	293
5.991457905941084e-01	-6.603272969347287e-02	294
4.415508778877610e-01	-7.519936960673147e-02	295
5.364281785923946e-01	-7.053853991465930e-02	296
4.731251279824275e-01	-7.394403834866146e-02	297
5.047869521375175e-01	-7.238660586505374e-02	298
4.889443545836770e-01	-7.320166068356343e-02	299
1.248564880682845e-01	-6.362746228775182e-02	300
2.762681113671509e-02	-3.582368487786197e-02	301
3.946685718118282e-01	-7.648748410895441e-02	302
4.602090380429608e-02	-4.412223529141779e-02	303
4.102122222862001e-01	-7.614096895861008e-02	304
3.187911907848412e-01	-7.693148759791345e-02	305
3.487003889477591e-01	-7.702167682526782e-02	306
3.329583822246102e-02	-3.866947320777843e-02	307
2.895726345062689e-01	-7.647638957385405e-02	308
9.348801096305884e-01	-2.078189652165817e-02	309
1.467392780462381e-01	-6.677967967492487e-02	310
1.946323577134673e-01	-7.178627662245853e-02	311
8.565042738627969e-02	-5.601475578722749e-02	312
1.044671610262812e-01	-6.004717197782274e-02	313
5.679258478228121e-01	-6.842265161430469e-02	314
1.700281255807462e-01	-6.950566768825633e-02	315
6.146185717965204e-01	-6.474322973493575e-02	316
8.804134968761158e-01	-3.106233116352579e-02	317
2.244776218010351e-02	-3.287852653472292e-02	318
9.952219626280673e-01	-2.870022051109455e-03	319
6.521682341357721e-03	-2.033308604292762e-02	320
1.845820844415072e-02	2.287444067919522e-02	321
9.183730426792334e-01	-2.412099071358954e-02	322
9.496362017841224e-01	-1.738206043679796e-02	323
9.736072223962375e-01	-1.033423445339396e-02	324
6.476829282224127e-05	8.804494041310593e-03	325
8.363699215391875e-01	-3.833187169646819e-02	326
2.473614232500965e-01	-7.508426800326150e-02	327
5.522061752756221e-01	-6.951779978067879e-02	328
7.329314628532171e-01	-5.256860009832366e-02	329
7.869437230121400e-01	-4.558763855749089e-02	330
1.144670784010697e-01	-6.189960148682752e-02	331
2.204456660460110e-01	-7.363976876393039e-02	332
5.835823707098883e-01	-6.725984417296692e-02	333
6.751728447364520e-01	-5.903586852371321e-02	334
5.305831790906067e-02	-4.670636288898058e-02	335
3.767841282668611e-03	-1.703853915187245e-02	336
1.350700865910041e-02	-2.675215938105265e-02	337
3.638988887022921e-01	-7.693031864481956e-02	338
1.821812041754511e-01	-7.070143022377688e-02	339
9.999375800563074e-01	-3.812971045692265e-04	340
2.337635022400028e-01	-7.441249417768650e-02	341
9.485623750391803e-02	-5.808575907848136e-02	342
3.040844531930120e-01	-7.675474016527471e-02	343
2.612051826879326e-01	-7.564066668958046e-02	344
4.573148467714975e-01	-7.461235428456696e-02	345
7.044637964949378e-01	-5.588432888579611e-02	346
-1.873241284988070e-03	2.966249655336350e-03	347
-2.428893051140823e-04	-1.029783043296049e-02	348
5.359686707145263e-01	5.916796463419269e-02	349
-1.558685998421920e-03	-8.634686923940365e-04	350
2.844887188067510e-02	2.663587201550660e-02	351
5.396637348409421e-02	3.297297169779233e-02	352
4.030869778451338e-02	2.997416255215515e-02	353
1.152543908754222e-01	4.132227667878658e-02	354
4.097855335266020e-01	5.819567541028803e-02	355
9.970984211405434e-01	2.023786110632511e-03	356
5.201439542169883e-01	5.937724966025893e-02	357
4.726403173957840e-01	5.938539067760421e-02	358
9.731820770056318e-01	7.219014935800535e-03	359
9.620386136407476e-01	8.790132587528945e-03	360
8.901628395951049e-01	2.110480879713288e-02	361
4.884577995541624e-01	5.947878123260190e-02	362
4.410848420228574e-01	5.893844091867922e-02	363
3.788522934833372e-01	5.720477667527167e-02	364
9.263668292028779e-01	1.464446912011916e-02	365
9.090848275157029e-01	1.774571284942156e-02	366
7.775864388363672e-02	3.689043049203308e-02	367
9.780572653894624e-01	6.492914473134831e-03	368
9.557790303110555e-01	9.705977297955738e-03	369
9.419409752285813e-01	1.191987618934964e-02	370
9.571005845656630e-02	3.920603958390615e-02	371
6.147147772930042e-02	3.433568014777992e-02	372
2.894877825205017e-01	5.324850000778518e-02	373
2.612470210767637e-01	5.173000333099456e-02	374
1.705559168192061e-01	4.598916102734328e-02	375
3.185948781105958e-01	5.469121219577748e-02	376
4.568367885649479e-01	5.920440259773945e-02	377
3.942692240502954e-01	5.772782090036180e-02	378
1.473847539298661e-01	4.419283986316923e-02	379
1.256008291479929e-01	4.230362965153152e-02	380
6.296482713336240e-01	5.541987458423920e-02	381
1.950267611492146e-01	4.769683659627408e-02	382
2.206980213655672e-01	4.934693417841257e-02	383
6.600131671223853e-01	5.318423408742740e-02	384
5.675055548058554e-01	5.841301571900245e-02	385
7.467050042324933e-01	4.387141514020833e-02	386
7.186704222534520e-01	4.734468102429099e-02	387
7.996413666726938e-01	3.624935097441886e-02	388
7.737369050870661e-01	4.013166160476678e-02	389
8.477029884699022e-01	2.842734876552032e-02	390
8.243384146535533e-01	3.230701462029528e-02	391
8.998259721466098e-01	1.939736088375772e-02	392
8.696786669361448e-01	2.467486350129163e-02	393
9.490824792355308e-01	1.074604664144416e-02	394
9.179341009454930e-01	1.615702187014009e-02	395
9.678400275859829e-01	7.972668298023962e-03	396
8.588733084138898e-01	2.652856787147680e-02	397
8.801153994635591e-01	2.286608598895109e-02	398
8.121491333622904e-01	3.427950313215137e-02	399
8.361894421406295e-01	3.035430297784831e-02	400
7.603567692849216e-01	4.202752857319762e-02	401
7.868318955660460e-01	3.820279255594521e-02	402
7.042962202982754e-01	4.896069252950162e-02	403
7.328029346966357e-01	4.564514147871963e-02	404
6.449045900935588e-01	5.436454601304915e-02	405
6.749523815425973e-01	5.188640791016484e-02	406
5.517646284613246e-01	5.885281082609523e-02	407
6.142765580681083e-01	5.635359481916675e-02	408
2.077223057267600e-01	4.852799219769657e-02	409
2.339443875125548e-01	5.015673895954262e-02	410
1.588007583300253e-01	4.510188583206957e-02	411
1.826436280037586e-01	4.685272175431558e-02	412
4.691813289456222e-02	3.151354369625806e-02	413
1.363217351183396e-01	4.326443492951088e-02	414
1.418541375393238e-02	2.084873403860700e-02	415
3.414842332043197e-02	2.834320456605596e-02	416
2.073984710661480e-01	-7.276565065462375e-02	417
4.243950635127868e-03	1.401187617718407e-02	418
9.625704014114700e-01	-1.383786349536814e-02	419
8.122869211615857e-01	-4.198246097140659e-02	420
3.336568275659640e-01	-7.701849756700019e-02	421
5.206176021811358e-01	-7.149741673732969e-02	422
1.911767860021037e-03	1.148141318229014e-02	423
2.322842542214144e-02	2.481220533781693e-02	424
7.070766459079366e-03	1.641168973978789e-02	425
8.652784060465289e-02	3.807485458332126e-02	426
6.940227562148110e-02	3.564539367540322e-02	427
2.752599127171583e-01	5.249557172407725e-02	428
1.052907512143059e-01	4.028607359853494e-02	429
9.824611293393922e-01	5.745951223131967e-03	430
9.863736710663308e-01	4.994742213359347e-03	431
3.039416369454696e-01	5.398526862676449e-02	432
9.897986880930449e-01	4.225385436414432e-03	433
9.927247773261523e-01	3.461548143440487e-03	434
3.334116424889828e-01	5.537078407616634e-02	435
3.635680732467446e-01	5.663786772911351e-02	436
9.343704738940999e-01	1.322391304280542e-02	437
9.999289442323830e-01	3.824719732566778e-04	438
9.985316783014596e-01	1.305651390306672e-03	439
9.994533808389657e-01	7.204246849638470e-04	440
6.299604075958067e-01	-6.339783542032908e-02	441
3.942986213862755e-02	-4.144388616851565e-02	442
9.951626644058229e-01	2.733909542037629e-03	443
5.043041146060028e-01	5.947977947792666e-02	444
1.515224640759592e-03	-1.369525714138464e-02	445
9.765608638008363e-03	-2.356520880421412e-02	446
6.849762234506093e-02	-5.155783006097527e-02	447
1.356244174438154e-01	-6.525985150813693e-02	448
2.752831797167687e-01	-7.610500950528307e-02	449
7.213455119564190e-02	4.487781184910414e-02	450
-3.215588160147085e-03	8.468385417598220e-03	451
-4.301666787748871e-03	4.848370789008796e-03	452
2.820253328043287e-01	-9.083650169814095e-02	453
6.988863083245993e-01	-7.149694297341000e-02	454
9.158024441079862e-01	-3.386959328967417e-02	455
5.206675817378719e-03	-2.489212220703324e-02	456
5.761652595817001e-01	7.382439207678067e-02	457
6.841949518317525e-01	-7.326474489590454e-02	458
7.822724255737619e-01	-5.980892403922977e-02	459
9.893115823444186e-01	-8.792126593388218e-03	460
3.261418366071693e-01	-9.212797176435018e-02	461
8.554500694801527e-01	-4.695798622259169e-02	462
8.323721494078633e-01	-5.131202636242982e-02	463
8.804845508772682e-02	-6.621572182938350e-02	464
-3.699008624814943e-03	-9.694841087972991e-03	465
2.129622599667775e-01	-8.646198722603828e-02	466
1.269766290714841e-02	-3.222174872050833e-02	467
9.610444561325637e-01	-2.082539623701123e-02	468
1.509265909062130e-01	-7.905724780224933e-02	469
7.133759442711142e-01	-6.966486996868326e-02	470
6.542757797330667e-01	-7.662224135672033e-02	471
4.500985474458788e-01	-9.096282163398957e-02	472
7.895716356770222e-02	-6.364231197984199e-02	473
3.872556863571261e-01	-9.235744686078112e-02	474
8.972523599577068e-01	-3.819908800252413e-02	475
7.952492881066406e-01	-5.773302777440820e-02	476
6.337908998779979e-03	2.061737208879769e-02	477
1.868587048917703e-02	2.847160266969762e-02	478
6.688084961305500e-01	6.746908816668500e-02	479
8.436390408676679e-01	4.113252947880619e-02	480
1.091443262985045e-01	5.118443469954475e-02	481
6.837443427663624e-01	6.594151789579847e-02	482
1.638661209562635e-01	5.775583489869519e-02	483
8.764937844855749e-01	3.448012770670930e-02	484
9.889455591341937e-01	8.012553720793807e-03	485
3.406598316179448e-01	7.106718154251553e-02	486
5.126998047304334e-01	7.534246416611411e-02	487
9.535596562176272e-01	1.733586104077343e-02	488
8.866926687755343e-01	3.232587175681038e-02	489
9.920582022912415e-01	6.705597707584795e-03	490
9.599935104069791e-01	1.586302331595557e-02	491
9.812116865826536e-01	1.057381434065480e-02	492
2.401507375941695e-01	6.455029341382430e-02	493
3.257100687256130e-01	7.024679059622063e-02	494
2.267286875167606e-01	6.348109546713411e-02	495
9.929786342309389e-02	4.970721135412184e-02	496
6.693166602528643e-01	-7.497608241839972e-02	497
1.999390205731679e-01	-8.522732649418582e-02	498
9.966961339915465e-03	2.334217613305051e-02	499
1.409340266319659e-01	5.522437204715624e-02	500
4.872166141961390e-02	3.945295041358726e-02	501
9.715197905480824e-01	1.314418107493585e-02	502
9.946777874793072e-01	5.497996382445161e-03	503
8.964957830067924e-01	3.021543851904723e-02	504
1.626863727343342e-01	-8.079190638251842e-02	505
1.000202376740018e+00	2.370900124456731e-04	506
9.984697019203945e-01	2.974232166889503e-03	507
9.968217563574735e-01	4.260244650999965e-03	508
3.210830981100776e-03	1.775860379027620e-02	509
-1.568689819256498e-03	1.168709783695086e-02	510
2.224520829778654e-03	-2.114531363689564e-02	511
-3.802093465344549e-03	-1.838631903461456e-03	512
-2.989816903041680e-03	-1.518456730348270e-04	513
1.718900584958784e-02	-3.575368038171809e-02	514
1.000208371010738e+00	-2.295590082677528e-04	515
6.205580548064964e-02	-5.814894549426948e-02	516
9.985469503210821e-01	-3.035787357473217e-03	517
9.948617184154265e-01	-5.762860043351847e-03	518
4.176387017926911e-01	7.425697536849786e-02	519
5.454337038208688e-01	-8.608045659513877e-02	520
9.857997173674653e-01	-1.048910546036201e-02	521
8.771140129557989e-01	-4.257589910755511e-02	522
5.918865462287065e-01	7.310333545775208e-02	523
9.923193755515664e-01	-7.173174800748979e-03	524
-4.526520904419645e-03	-5.546579701603754e-03	525
4.342802561174084e-01	-9.145571610956184e-02	526
4.020132241301498e-01	7.375722509638009e-02	527
8.440779002516751e-01	-4.914753056604925e-02	528
2.819388490981946e-01	6.753089367133042e-02	529
8.664643317262667e-01	-4.476248212219933e-02	530
8.873801859551493e-01	-4.038283641014556e-02	531
7.029097909919957e-02	-6.095264362157349e-02	532
9.067337192762593e-01	-3.603129615651536e-02	533
9.244540724718592e-01	-3.171811216306572e-02	534
9.477747986522476e-01	-2.523036673175258e-02	535
2.764685991285588e-02	-4.265987739416881e-02	536
9.546445579905106e-01	-2.303589248086159e-02	537
9.669700405319315e-01	-1.862226894162515e-02	538
9.818354379675208e-01	-1.237537946783693e-02	539
1.284728093444365e-01	-7.524855900349245e-02	540
7.554765221170562e-01	-6.388128262650770e-02	541
7.690154244401409e-01	-6.185805170494145e-02	542
9.969454505451889e-01	-4.397612916161993e-03	543
4.659754998522826e-01	-9.037388003058806e-02	544
4.818678726774148e-01	-8.968701626668010e-02	545
4.977717113286984e-01	-8.891612984945077e-02	546
2.216260717301982e-02	-3.926557907895827e-02	547
4.028466625862323e-01	-9.216129551188827e-02	548
4.185252054971427e-01	-9.185958636119818e-02	549
3.411883979874507e-01	-9.234714783196188e-02	550
4.001659251496659e-02	-4.916198434335636e-02	551
9.326760514292018e-01	-2.956450584872251e-02	552
9.404477184519662e-01	-2.740174839253868e-02	553
1.395267810929621e-01	-7.721109796503138e-02	554
9.756060411492642e-02	-6.867574896647415e-02	555
5.612596140790470e-01	-8.498412465728555e-02	556
6.082687247460362e-01	-8.113713957762220e-02	557
9.724028134502460e-01	-1.645702586513990e-02	558
9.773510660598863e-01	-1.437220124150214e-02	559
7.276463311544200e-01	-6.777918377556875e-02	560
7.416759320374271e-01	-6.585577479092804e-02	561
1.074702056250046e-01	-7.100965038649688e-02	562
1.177915999709536e-01	-7.319732557081776e-02	563
5.770149313894277e-01	-8.378494334357785e-02	564
5.926883866861059e-01	-8.250063208290200e-02	565
4.688766521575771e-02	-5.228846022923600e-02	566
5.425910802363739e-02	-5.529001259924578e-02	567
8.703058514252961e-03	-2.856778705371709e-02	568
3.564165030464323e-01	-9.246199413545765e-02	569
3.717766306726474e-01	-9.245881886918866e-02	570
1.747953898002245e-01	-8.239881082770550e-02	571
1.872152902908036e-01	-8.387595432655028e-02	572
2.262523477885588e-01	-8.758113571598829e-02	573
2.398222908727297e-01	-8.858375524791491e-02	574
2.965301169873933e-01	-9.138455589984990e-02	575
3.112561026541188e-01	-9.181502903453037e-02	576
2.536733447944841e-01	-8.945287562494979e-02	577
-3.793940282837266e-03	1.453025048465892e-03	578
-2.572035321456312e-04	-1.735988523862127e-02	579
4.181208711319327e-02	3.744410429889412e-02	580
9.853125362533084e-01	9.267016816433068e-03	581
5.286126376905993e-01	7.514610387920238e-02	582
4.967763037400628e-01	7.541987181586977e-02	583
4.808735669563085e-01	7.538311961563904e-02	584
4.649928083763429e-01	7.524779893131256e-02	585
9.765908747835460e-01	1.185767357572988e-02	586
9.659869708202284e-01	1.447405235607766e-02	587
9.234930197947663e-01	2.421168100792052e-02	588
4.491376020910761e-01	7.500696320303771e-02	589
4.333513905202115e-01	7.467196150669450e-02	590
3.864856272728190e-01	7.317747531481175e-02	591
9.149067847352353e-01	2.615093685520757e-02	592
9.466881910224342e-01	1.890329926293730e-02	593
6.390640821609092e-02	4.312423828370656e-02	594
5.610879929703098e-02	4.134553253924111e-02	595
2.538566188284122e-01	6.557752873860924e-02	596
2.677842091313291e-01	6.655689788906929e-02	597
1.522251725659763e-01	5.650420988087046e-02	598
1.299786632272230e-01	5.390863309676415e-02	599
1.193866688322324e-01	5.257894152460148e-02	600
7.949702776292212e-01	5.016416648743947e-02	601
7.413921126630453e-01	5.870653726409977e-02	602
7.273329460837883e-01	6.066031168728073e-02	603
7.820112262777204e-01	5.237056497848465e-02	604
8.319836675796988e-01	4.338224771645516e-02	605
9.059069548229267e-01	2.815800907518394e-02	606
8.659087968315737e-01	3.666143728565033e-02	607
8.549551790875730e-01	3.888444895412745e-02	608
8.199824432138032e-01	4.565315022479330e-02	609
8.076347643015506e-01	4.792321415966010e-02	610
7.687593526575256e-01	5.453987618126951e-02	611
7.552124746549808e-01	5.666277571797129e-02	612
7.130240612342719e-01	6.253090061928550e-02	613
6.984882410292723e-01	6.429663842869075e-02	614
6.537069843589762e-01	6.886765729633981e-02	615
6.384365314196239e-01	7.012818682218759e-02	616
5.603666299297377e-01	7.440691723008687e-02	617
5.445026224104776e-01	7.483612446374822e-02	618
6.230409734514804e-01	7.125239455514075e-02	619
6.075198079864239e-01	7.224586561010703e-02	620
2.135868938796920e-01	6.238858776802203e-02	621
2.007107119772336e-01	6.127444535861169e-02	622
1.881297318479516e-01	6.013724713258027e-02	623
1.758463628204627e-01	5.896644985273114e-02	624
1.408720393738400e-02	2.598611458247065e-02	625
3.533698150966195e-02	3.534062484550478e-02	626
2.932450182736414e-02	3.318378422395467e-02	627
8.079421910557862e-01	-5.562318680052905e-02	628
8.203268706538378e-01	-5.347597834386366e-02	629
5.136845243892311e-01	-8.805296128475849e-02	630
5.295751770867578e-01	-8.710315245697317e-02	631
5.749296363268217e-04	1.478620672996529e-02	632
2.376107201621707e-02	3.089922365997735e-02	633
8.983496399670188e-02	4.816261611803772e-02	634
8.077920961810604e-02	4.655578272204264e-02	635
3.109300366573322e-01	6.939139004188979e-02	636
2.963196497221195e-01	6.848311647800905e-02	637
3.710787624819434e-01	7.253678285981943e-02	638
3.557990613646203e-01	7.183787894436458e-02	639
9.393856846595655e-01	2.057082887936294e-02	640
9.316574367398381e-01	2.234687478052062e-02	641
6.237322799907500e-01	-7.969957059809166e-02	642
6.390672518004076e-01	-7.819621396742854e-02	643
3.359591321317251e-02	-4.593396974686804e-02	644
-2.234465443623827e-03	-1.353450047924114e-02	645
2.677392216941458e-01	-9.018844348549550e-02	646
-7.275220786703565e-03	-8.341894755811175e-03	647
3.953244787752924e-01	-1.098628987613975e-01	648
2.886376633011047e-01	-1.074221829210584e-01	649
7.911912274208713e-01	-7.344370489943526e-02	650
5.387472110128483e-01	-1.045042344333943e-01	651
9.226590974534608e-01	-4.233886001350475e-02	652
9.919274004602429e-01	1.057156482563560e-02	653
9.885787712017368e-01	1.249796518279411e-02	654
9.647223309715773e-01	2.204331554514688e-02	655
-1.067282270185819e-03	1.861688802296058e-02	656
9.946418069082806e-01	8.775617679461853e-03	657
9.994564130044429e-01	1.749293269798020e-03	658
1.000192123781272e+00	5.481708208668134e-04	659
9.989011413992105e-01	-5.101772358627539e-03	660
1.000464293279305e+00	7.664154581793614e-06	661
1.613063993008587e-02	-4.242442539599588e-02	662
-6.660042188680024e-03	2.637869622162505e-03	663
8.997499472584654e-02	-7.778794457051967e-02	664
9.310659366337928e-01	-3.965698179151158e-02	665
9.924242883424114e-01	-1.119359863858568e-02	666
5.692252461251603e-01	9.170052136865443e-02	667
9.995008413429426e-01	-1.767350959656848e-03	668
3.043082060786659e-04	-2.574633792223459e-02	669
7.082835537653436e-01	-8.697785145025576e-02	670
-4.537176155342513e-03	-1.719982856797201e-02	671
7.227244554140968e-01	-8.486835847596019e-02	672
1.146886323567370e-02	-3.834228239911824e-02	673
8.743604593943120e-01	-5.562830728250433e-02	674
3.528691917657435e-03	-2.998160492121942e-02	675
3.334272048237915e-01	-1.092123488556476e-01	676
8.635320056323157e-01	-5.824517536128199e-02	677
6.936193117691202e-01	-8.900739907807421e-02	678
9.950076231457654e-01	-9.153908761534301e-03	679
7.176455249757067e-03	-3.420843867737794e-02	680
9.804998453643786e-01	1.628355761686930e-02	681
5.212789353001154e-01	9.298063934134125e-02	682
9.519371271106931e-01	2.610642485526311e-02	683
6.628715822191317e-01	8.495816105132589e-02	684
9.969635297879001e-01	6.947586674348093e-03	685
5.052575906792102e-01	9.314629422851961e-02	686
2.741247476727743e-01	8.318146034206289e-02	687
3.327203699302757e-01	8.765132463881017e-02	688
1.567158536581457e-01	7.042801714031838e-02	689
6.587022057702963e-02	5.315446553025689e-02	690
1.000030346005389e+00	1.039714663719003e-03	691
-6.180996066678241e-03	-1.291319872982663e-02	692
-5.360880076768518e-03	1.139831234432321e-02	693
1.359470782272529e-02	3.183997127422088e-02	694
-6.763354943659387e-03	7.377788109144806e-03	695
9.662012610697568e-01	-2.614454061181396e-02	696
8.056695045846279e-02	-7.475573665578654e-02	697
-5.010799308808125e-03	-2.126097996345866e-04	698
1.547564105078950e-01	-9.294992174399716e-02	699
4.587810199205167e-01	-1.085932799427346e-01	700
2.138769637524024e-02	-4.650292445269329e-02	701
5.270103695779505e-03	2.541821322122521e-02	702
8.400642945217396e-01	5.546117052615598e-02	703
7.907208201757436e-01	6.581852390386819e-02	704
6.779915888417976e-01	8.330524853946872e-02	705
9.848306821556340e-01	1.434690225356057e-02	706
9.585511652931862e-01	2.404318923924002e-02	707
8.937302659757549e-01	4.249291780309442e-02	708
8.837675802218062e-01	4.504765864326884e-02	709
3.177945459635489e-01	8.663111067014498e-02	710
2.884444540974347e-01	8.438580941241493e-02	711
2.325085794196616e-01	7.938567407548658e-02	712
1.024585783000045e-01	6.166695930141180e-02	713
6.637397786838284e-01	-9.283338894001990e-02	714
6.787708058490980e-01	-9.095828273583913e-02	715
2.049804450724992e-01	-1.004150081077348e-01	716
9.124631545041386e-03	2.871154201158909e-02	717
1.451809721939960e-01	6.875812129593376e-02	718
9.756961448745570e-01	1.817958576863783e-02	719
9.987377174632743e-01	5.006785101880747e-03	720
1.835459721017782e-03	2.206722431291117e-02	721
-3.467581650635849e-03	1.505576348148731e-02	722
-2.374175541169449e-03	-2.148797109402706e-02	723
-6.744439060296599e-03	-3.176179475366234e-03	724
2.719529672777810e-02	-5.033931710083252e-02	725
1.000206580593890e+00	-5.408934720457577e-04	726
1.000057979582943e+00	-1.038423291075471e-03	727
9.718020496879980e-01	-2.346158852635724e-02	728
9.892420081821055e-01	-1.347923571129345e-02	729
5.850986487052130e-01	9.095025158975743e-02	730
4.428181551873319e-01	-1.090807664964449e-01	731
4.097816479028702e-01	9.162824866268009e-02	732
8.407642880027725e-01	-6.343636216181112e-02	733
8.523292285526421e-01	-6.085741399609211e-02	734
8.848332681500621e-01	-5.299155478401148e-02	735
8.948983927871623e-01	-5.033627362257553e-02	736
6.304344658509355e-02	-6.830994464635289e-02	737
7.158618077960176e-02	-7.159669958858535e-02	738
9.045592884175376e-01	-4.767984211063039e-02	739
9.138258407704599e-01	-4.501237733525888e-02	740
9.535461314676881e-01	-3.156584124382688e-02	741
9.601152946349854e-01	-2.885122165075879e-02	742
9.856673132166940e-01	-1.577895617012929e-02	743
7.646132824510886e-01	-7.817553768549151e-02	744
7.780426787200738e-01	-7.582795577848470e-02	745
9.972164811443044e-01	-7.152223151778519e-03	746
4.747817219679894e-01	-1.079872417169587e-01	747
4.907769371503543e-01	-1.072731666025455e-01	748
4.110863315100858e-01	-1.097253057654839e-01	749
4.269244038433816e-01	-1.094597516987619e-01	750
3.337024713170349e-02	-5.415014660630990e-02	751
9.390217890691271e-01	-3.696219112228184e-02	752
9.465068405132055e-01	-3.426886922192619e-02	753
1.316992006234289e-01	-8.839203104256313e-02	754
1.430507399803151e-01	-9.073232352407776e-02	755
5.546754457473346e-01	-1.034360658767772e-01	756
5.705832620349689e-01	-1.022185988454259e-01	757
9.768966260952515e-01	-2.084194563206519e-02	758
9.815244079264077e-01	-1.828824694133289e-02	759
7.369189240709745e-01	-8.270150192474052e-02	760
7.508882126193555e-01	-8.047491529333654e-02	761
9.980753310970226e-02	-8.068938203277723e-02	762
1.100762250815933e-01	-8.344496315119512e-02	763
1.207369433717712e-01	-8.593878500255177e-02	764
5.863928340054512e-01	-1.008877767134954e-01	765
6.021083052236977e-01	-9.945401257800317e-02	766
4.005628755260628e-02	-5.790583910274780e-02	767
4.727153631912116e-02	-6.156039984344255e-02	768
5.499699358303620e-02	-6.495398452231178e-02	769
3.486923934555141e-01	-1.095684356466832e-01	770
3.641304681763555e-01	-1.097907039326872e-01	771
3.796724222751161e-01	-1.098817673314762e-01	772
1.668383170051830e-01	-9.503730561375529e-02	773
1.792508342291982e-01	-9.697522993477975e-02	774
1.919688566391628e-01	-9.876473408134345e-02	775
2.182721844250215e-01	-1.019358306797401e-01	776
2.318414367383047e-01	-1.033244795685825e-01	777
3.033972735322504e-01	-1.081545923150816e-01	778
3.183457969285617e-01	-1.087453602749512e-01	779
2.457132203286028e-01	-1.045731124275816e-01	780
4.280667840606513e-02	4.600877224113562e-02	781
4.892431313350556e-01	9.318138523421984e-02	782
4.732645463910971e-01	9.309720399123181e-02	783
9.704467125459036e-01	2.009003907194214e-02	784
4.572940738888307e-01	9.289638946358797e-02	785
4.413760471537580e-01	9.257537276055629e-02	786
4.255426905968899e-01	9.215216915936655e-02	787
3.941137903597238e-01	9.099867444494664e-02	788
9.211992451909579e-01	3.509278160722933e-02	789
5.781395782758100e-02	5.085086980748840e-02	790
5.007626737925460e-02	4.855297378215483e-02	791
2.600495702775101e-01	8.195242213895459e-02	792
2.461503453652853e-01	8.073043865841280e-02	793
1.339843175558360e-01	6.704628712253952e-02	794
1.231578498738411e-01	6.529534486513119e-02	795
1.126261708260109e-01	6.357952838356719e-02	796
7.364095070710529e-01	7.537647141221229e-02	797
9.124561067415441e-01	3.751101345236769e-02	798
9.032887898824183e-01	3.998211035520694e-02	799
8.733949877860566e-01	4.762486904539254e-02	800
8.626613919839620e-01	5.021860484502576e-02	801
8.515480951803358e-01	5.284146076379483e-02	802
8.282580485562565e-01	5.807217262924640e-02	803
8.160834701969205e-01	6.069009079746789e-02	804
8.035533257386608e-01	6.327934275203950e-02	805
7.775936246530206e-01	6.830824594497518e-02	806
7.641627427895076e-01	7.074903568797541e-02	807
7.504167251101037e-01	7.311609867470388e-02	808
7.221648328769530e-01	7.753542755501605e-02	809
7.076608484811808e-01	7.959139438429920e-02	810
6.929228824195025e-01	8.151606663878722e-02	811
6.475728925302500e-01	8.645831734501770e-02	812
5.532592569421257e-01	9.228729763932393e-02	813
5.372777413711312e-01	9.268073097697797e-02	814
6.321321587376652e-01	8.780296856112184e-02	815
6.165704680079057e-01	8.900014840081061e-02	816
6.008845855449428e-01	9.005050270473720e-02	817
2.191708476806034e-01	7.799642731404755e-02	818
2.061095765722111e-01	7.657134944488332e-02	819
1.933230179625764e-01	7.511330890504067e-02	820
1.808202932634522e-01	7.361051953736798e-02	821
1.686102258560662e-01	7.205045596748932e-02	822
3.603581044529942e-02	4.335912236796204e-02	823
2.975495989281855e-02	4.063984699355826e-02	824
8.040647465073651e-01	-7.101080087979260e-02	825
8.166478523384009e-01	-6.851879317842535e-02	826
8.288864642993681e-01	-6.598339871621813e-02	827
5.067895038528965e-01	-1.064534648389436e-01	828
5.227895602446806e-01	-1.055263845788538e-01	829
2.383785949710222e-02	3.790188380056774e-02	830
1.842856914171163e-02	3.490166031892174e-02	831
9.270219385443451e-02	5.966331533624613e-02	832
8.334858123796066e-02	5.757830536648018e-02	833
7.440140001306238e-02	5.541099153149248e-02	834
3.030175173858742e-01	8.554513466394004e-02	835
3.785703762594409e-01	9.028247815335888e-02	836
3.631488099483446e-01	8.949380383675819e-02	837
3.478425414334889e-01	8.861495486598941e-02	838
9.448912401288343e-01	2.823553476489972e-02	839
9.374317898033930e-01	3.044232415211342e-02	840
9.295300730831849e-01	3.273495519369163e-02	841
6.177130768070802e-01	-9.792657151128996e-02	842
6.331857619719218e-01	-9.631449551061888e-02	843
6.485340505992778e-01	-9.461950283516163e-02	844
2.598347533565746e-01	-1.056082784091624e-01	845
2.741191883706685e-01	-1.065679895424278e-01	846
-1.030126060274832e-02	-1.156891021314820e-02	847
9.129210474797793e-02	-9.087057119711758e-02	848
9.993198891337673e-01	7.307223827813486e-03	849
9.850079703266437e-01	2.020790509883752e-02	850
5.481523142044363e-01	-1.239376866085621e-01	851
-1.008418925021218e-02	4.739660481062681e-03	852
9.995747776549336e-01	-3.926637835565912e-03	853
9.302180062362582e-01	-5.115344297600215e-02	854
9.383634119677136e-01	-4.786461501579709e-02	855
2.603627897451208e-02	-5.894402028391658e-02	856
9.952045838192733e-01	1.248443170062154e-02	857
4.977808494682677e-01	1.129841616927601e-01	858
-9.050192017580659e-03	-1.653736365353758e-02	859
7.819930614788424e-03	3.485427123024698e-02	860
-2.080450843083522e-03	-3.091649997903296e-02	861
9.642110908013423e-01	3.069912801903074e-02	862
9.975280598077081e-01	1.000584075216912e-02	863
-7.852180097555988e-03	1.479014318930803e-02	864
6.571697654305545e-01	1.045699591143218e-01	865
-5.761265988696218e-03	1.893879634359610e-02	866
1.000494286045632e+00	3.655222712558380e-04	867
1.000504536082862e+00	-3.493593766396650e-04	868
8.007738012698425e-01	-8.833662212065778e-02	869
1.581317614094495e-01	-1.086340138625814e-01	870
1.444311405530238e-02	-4.991701340630007e-02	871
4.034364462497606e-01	-1.294800346503852e-01	872
8.154793424483785e-02	-8.730939745722607e-02	873
4.514917862942517e-01	-1.287945199699599e-01	874
2.950882632224706e-01	-1.260697521376076e-01	875
9.889084001279282e-01	1.763564156093920e-02	876
5.623389887945007e-01	1.116984936052478e-01	877
9.578624005965877e-01	3.336665809025552e-02	878
9.510672614572436e-01	3.607150969715504e-02	879
7.870236949904407e-01	8.342617369245646e-02	880
1.489448324943450e-01	8.402005219461317e-02	881
2.659401275120450e-01	1.002996175137836e-01	882
9.931316863156956e-01	-1.573901120198143e-02	883
5.885344499584640e-02	6.163499895946602e-02	884
8.723137568572216e-01	-7.037751249069903e-02	885
9.994513084214206e-01	3.877891042370791e-03	886
9.923508513013446e-01	1.501708736197165e-02	887
9.995984230325679e-01	-7.418250816333205e-03	888
9.771921237241646e-01	-2.814144524591843e-02	889
9.560993122391635e-03	-4.514968677097233e-02	890
7.035946340023157e-01	-1.063932713096801e-01	891
-4.960155909074449e-03	-2.611429217328625e-02	892
7.182425746158156e-01	-1.040561096678517e-01	893
7.326421341927105e-01	-1.016161090747159e-01	894
5.158071932903988e-03	-4.056381705109880e-02	895
9.957931584355953e-01	-1.293060496790450e-02	896
1.239090120291890e-03	-3.562306286591210e-02	897
8.371192045785971e-01	7.158973163122648e-02	898
5.139485235298463e-01	1.128602980402000e-01	899
3.095304070783261e-01	1.046350521983263e-01	900
-9.456905513657110e-03	1.037421966642535e-02	901
3.623481322085152e-03	3.086402872677031e-02	902
6.725210021820031e-01	1.028183178561089e-01	903
8.916797468364405e-01	5.635976869477499e-02	904
3.244857935891629e-01	1.059138968216824e-01	905
2.947374857558743e-01	1.032565815304165e-01	906
2.802015793675496e-01	1.018001083686951e-01	907
6.737077782520934e-01	-1.107782623821848e-01	908
6.887348211107127e-01	-1.086395610345697e-01	909
9.804903318722270e-01	2.286054944227766e-02	910
2.870555505263316e-05	2.700954365740131e-02	911
-3.142225704327152e-03	2.301413592930172e-02	912
-7.274153838264252e-03	-2.131641209449895e-02	913
-1.038535582773290e-02	-5.456246785644900e-03	914
2.007550813467068e-02	-5.466877262142540e-02	915
9.719471869737687e-01	-3.138877585934476e-02	916
9.899080153779698e-01	-1.872769271570141e-02	917
5.784137043414430e-01	1.109262232015679e-01	918
8.498684631274369e-01	-7.654427299851981e-02	919
8.612912618278991e-01	-7.347286320925042e-02	920
8.829833639678001e-01	-6.725698613594551e-02	921
8.932767547515958e-01	-6.408454794167663e-02	922
6.338101958807926e-02	-7.976632589009733e-02	923
7.224378397775370e-02	-8.360998893964333e-02	924
9.031350347092381e-01	-6.088806476676583e-02	925
9.125931072828525e-01	-5.766830999616881e-02	926
9.216285910349280e-01	-5.441926728919826e-02	927
9.599454308822638e-01	-3.797927687759108e-02	928
9.661912101595912e-01	-3.467692132210728e-02	929
7.743675281910568e-01	-9.384049011662943e-02	930
7.876973076647125e-01	-9.113070238603876e-02	931
9.979492975213181e-01	-1.025650360564888e-02	932
4.676292084966333e-01	-1.282967323980802e-01	933
4.837686030837089e-01	-1.276594069210990e-01	934
4.194050226652011e-01	-1.293919238943727e-01	935
4.354201733422191e-01	-1.291566463699187e-01	936
9.460206216060949e-01	-4.457233399597579e-02	937
9.532096270428425e-01	-4.128350456463734e-02	938
1.344078142044697e-01	-1.032220216206940e-01	939
1.460772263526808e-01	-1.059950838204492e-01	940
5.642517713729559e-01	-1.227727465811487e-01	941
9.819401190136956e-01	-2.495007120318064e-02	942
9.862298407160046e-01	-2.174928245205040e-02	943
7.467926337764685e-01	-9.911502080092843e-02	944
7.607247167492491e-01	-9.651934143616475e-02	945
1.014988078825862e-01	-9.428020767840872e-02	946
1.122568141980828e-01	-9.747152835227794e-02	947
1.231189385595412e-01	-1.003181458514344e-01	948
5.802632075433735e-01	-1.214062606534853e-01	949
5.961474087817242e-01	-1.199152186874399e-01	950
3.245205718008411e-02	-6.338664244318475e-02	951
3.944980960799652e-02	-6.777698208466740e-02	952
4.713593197810215e-02	-7.203824688496456e-02	953
5.503293178520393e-02	-7.583025410586146e-02	954
3.406303383008065e-01	-1.283988867643960e-01	955
3.561603163360543e-01	-1.288936822727215e-01	956
3.718253355003582e-01	-1.292254887653866e-01	957
3.875712461907284e-01	-1.294176227899834e-01	958
1.705598228893191e-01	-1.111146519864426e-01	959
1.833059069091726e-01	-1.134225699287336e-01	960
1.963439827864366e-01	-1.155610756296247e-01	961
2.096582255976581e-01	-1.175476083996526e-01	962
2.232577833334102e-01	-1.193883172948105e-01	963
3.253072479890994e-01	-1.277637443952909e-01	964
3.101289361452672e-01	-1.269968249052914e-01	965
2.371631956990918e-01	-1.210722538120151e-01	966
4.816808280551882e-01	1.129559066851732e-01	967
9.755359305099698e-01	2.545171390259690e-02	968
9.701111866700514e-01	2.806153332394659e-02	969
4.655812374140673e-01	1.128109619011903e-01	970
4.494989241948928e-01	1.125201717778239e-01	971
4.335022355404849e-01	1.120943438273143e-01	972
4.175851030389274e-01	1.115498553820600e-01	973
4.017401808908607e-01	1.108749381433526e-01	974
5.093717209311580e-02	5.889938141878331e-02	975
4.319124158846779e-02	5.576328486253912e-02	976
2.519302127968415e-01	9.884405804704960e-02	977
2.379790120169608e-01	9.724352182906859e-02	978
1.374916869388020e-01	8.186399812116821e-02	979
1.263949716483033e-01	7.965533074134017e-02	980
1.157047014283817e-01	7.756997557870113e-02	981
1.050970379429114e-01	7.522726828385050e-02	982
9.196517505819417e-01	4.739088892307596e-02	983
9.107324893332545e-01	5.034914211270351e-02	984
9.014036768874862e-01	5.333852327078605e-02	985
8.815212554983526e-01	5.940856611786154e-02	986
8.709806765689846e-01	6.244799804996878e-02	987
8.600792490744522e-01	6.549918519158932e-02	988
8.487804891139453e-01	6.856055572981724e-02	989
8.251408190879577e-01	7.460470901428667e-02	990
8.127546087985623e-01	7.760327228944057e-02	991
8.000211396904569e-01	8.053773709932031e-02	992
7.736845904736424e-01	8.622378176125020e-02	993
7.600422371312664e-01	8.898619365647507e-02	994
7.460503215787675e-01	9.159856013361163e-02	995
7.318492717065441e-01	9.412403130739233e-02	996
7.173712390267603e-01	9.648663121826857e-02	997
7.026331222614175e-01	9.877146315549978e-02	998
6.876701818909821e-01	1.008398547892635e-01	999
5.300591396017751e-01	1.126254699465611e-01	1000
5.461702368761264e-01	1.122221797835097e-01	1001
6.416476166015921e-01	1.062070151407338e-01	1002
6.260210528159796e-01	1.076072510080303e-01	1003
6.102451631338850e-01	1.089066301564287e-01	1004
5.943875939525654e-01	1.099717777097586e-01	1005
2.243965454608647e-01	9.553047429012776e-02	1006
2.111200680840507e-01	9.376085237296565e-02	1007
1.981234493720894e-01	9.194845607827094e-02	1008
1.853903177991472e-01	9.008567484183011e-02	1009
1.729282664924241e-01	8.814680636370280e-02	1010
1.607612219613078e-01	8.612339644279987e-02	1011
3.607900323370642e-02	5.247519908652479e-02	1012
2.951341457683035e-02	4.911006802894172e-02	1013
8.135703454656243e-01	-8.547647040033418e-02	1014
8.260408281322509e-01	-8.252820372079558e-02	1015
8.381175642982928e-01	-7.955026460212847e-02	1016
4.999037743518992e-01	-1.268995280393606e-01	1017
5.160489956840554e-01	-1.260111269517690e-01	1018
5.321414923200193e-01	-1.250077706593115e-01	1019
2.340450194629780e-02	4.588963005490793e-02	1020
1.757468170230305e-02	4.223056915679848e-02	1021
1.245580413876776e-02	3.847865381157171e-02	1022
9.499468531477986e-02	7.271098148796341e-02	1023
8.532201459250834e-02	7.008529458392775e-02	1024
7.606219322749191e-02	6.736191111654292e-02	1025
6.721614982838531e-02	6.453300076703895e-02	1026
3.860226096787525e-01	1.100812773027423e-01	1027
3.704423466038628e-01	1.091988772654914e-01	1028
3.549519523449728e-01	1.082156723218520e-01	1029
3.396093509936920e-01	1.071123854871800e-01	1030
9.281468400392393e-01	4.448228612271201e-02	1031
9.438608616429193e-01	3.881301085826386e-02	1032
9.362280344066464e-01	4.161728052402820e-02	1033
6.119323234028601e-01	-1.182957927325361e-01	1034
6.275701866912625e-01	-1.165789038057829e-01	1035
6.430893632775154e-01	-1.147512879081090e-01	1036
6.584710799588460e-01	-1.128287811322049e-01	1037
2.514339179161481e-01	-1.225430227650095e-01	1038
2.657408949793337e-01	-1.237858932325061e-01	1039
2.802851648244065e-01	-1.249900703009111e-01	1040
2.442029021050250e-03	-4.753956089146889e-02	1041
9.995820229036010e-01	9.417132964346823e-03	1042
9.783853183583692e-01	-3.626223796000816e-02	1043
1.000454147403360e+00	8.037001002813497e-04	1044
-1.676645593418597e-03	-4.192871693058219e-02	1045
7.361509002240517e-01	-1.214161789959693e-01	1046
9.186130211986951e-02	-1.056110555228115e-01	1047
-5.139645156046398e-03	-3.659966975817119e-02	1048
9.859756884585859e-01	2.679134425414124e-02	1049
-1.045893131957545e-02	-2.584731115786581e-02	1050
1.804109760763058e-02	-6.367284295012186e-02	1051
1.609312648697737e-01	-1.263007186936991e-01	1052
1.403496104449545e-01	9.850127018309664e-02	1053
1.380291060933107e-03	3.704433369730375e-02	1054
-8.469131377303780e-03	2.330396998622634e-02	1055
-1.355988978493055e-02	7.775846317391637e-03	1056
-7.049921196486456e-03	4.796432456914957e-04	1057
-7.057917299507414e-03	-9.817420819352080e-04	1058
-1.018640174611083e-02	8.416158335088117e-04	1059
-1.232880427852912e-02	-2.052907677190102e-02	1060
9.999764043173844e-01	-9.552209901348207e-03	1061
3.157653991637903e-01	1.259666283039456e-01	1062
9.832314018428192e-01	-3.232477193724897e-02	1063
9.972093751111132e-01	-1.705268993725156e-02	1064
9.465161080194137e-01	-5.620375735923975e-02	1065
8.047402681080627e-01	-1.061516125718408e-01	1066
4.116093523117417e-01	-1.514411517160913e-01	1067
9.985983644971933e-01	1.329407657107822e-02	1068
9.276980853636078e-01	5.766675266730456e-02	1069
9.511388004095337e-01	4.726754633398458e-02	1070
5.473836225436767e-01	1.342326875922902e-01	1071
5.147909195083938e-01	1.348438205354889e-01	1072
6.595790299572569e-01	1.255183725495879e-01	1073
7.771358151688554e-01	1.047194700727077e-01	1074
4.903116393387990e-01	1.349939394868726e-01	1075
5.498671813211168e-01	-1.461874797391769e-01	1076
3.309790559208129e-01	1.274937742619715e-01	1077
9.963695023143375e-01	1.658957155750482e-02	1078
8.173159086223900e-02	-1.014340991984073e-01	1079
1.000307649294140e+00	1.853784696218343e-03	1080
9.900113838410052e-01	2.336715042372921e-02	1081
-1.020470521965544e-02	-1.389230020380113e-03	1082
1.000477367560128e+00	-7.894809773137292e-04	1083
1.000363891990397e+00	-1.850006054831789e-03	1084
9.386637307540855e-01	-6.017677737259482e-02	1085
2.402105998591680e-02	-6.852736354209729e-02	1086
-1.368704390767174e-02	-1.513625590093356e-02	1087
5.841845357615239e-03	4.170901035569798e-02	1088
-8.025102873948019e-03	-3.123967006666179e-02	1089
9.646226845158217e-01	4.044407280896795e-02	1090
-1.071832423222576e-02	1.861523091527727e-02	1091
1.000773022244832e+00	1.624013208706805e-04	1092
1.000777612467307e+00	-1.375278472318050e-04	1093
6.875708045469896e-03	-5.269860726831663e-02	1094
3.166617177997691e-01	-1.481478118897142e-01	1095
3.013276401865048e-01	-1.470068882333214e-01	1096
9.934745266887193e-01	1.993584937084585e-02	1097
5.719124709624432e-01	1.331750529800858e-01	1098
9.580979702333516e-01	4.385475548691160e-02	1099
9.945620935556848e-01	-2.068542979014349e-02	1100
7.068617780126228e-01	-1.268292200882850e-01	1101
-1.247987265004043e-02	1.376886853664234e-02	1102
3.007689329899133e-01	1.243778349434089e-01	1103
2.859329421838800e-01	1.226116528887086e-01	1104
2.714606903306075e-01	1.208442029699522e-01	1105
6.767079138357575e-01	-1.317716314673881e-01	1106
-2.421755028725437e-03	3.255746177989446e-02	1107
-5.664794409885970e-03	2.797418462410784e-02	1108
-1.418441277117689e-02	-8.633574404760851e-03	1109
1.207280070310925e-02	-5.832818440131503e-02	1110
8.598932645246026e-01	-9.060906294591572e-02	1111
8.711494698153419e-01	-8.697305465512990e-02	1112
8.820113898991457e-01	-8.333058576343860e-02	1113
8.925440584624605e-01	-7.957810272465787e-02	1114
7.209159205088203e-02	-9.710886046208887e-02	1115
6.290252615424702e-02	-9.262472448017048e-02	1116
9.026465775104984e-01	-7.579622509402881e-02	1117
9.123021010003471e-01	-7.194321759153284e-02	1118
9.215481873259618e-01	-6.806076770135386e-02	1119
9.303352313185030e-01	-6.414125705874503e-02	1120
9.671187940689652e-01	-4.424069005159444e-02	1121
9.730106858324460e-01	-4.024353594345582e-02	1122
7.781449996478781e-01	-1.124884854236667e-01	1123
9.992133224086990e-01	-1.354934573288427e-02	1124
4.603436165727472e-01	-1.508290699792043e-01	1125
4.766837994258862e-01	-1.502996156621168e-01	1126
4.278155691370774e-01	-1.513948435503099e-01	1127
4.440370710029951e-01	-1.511869591613263e-01	1128
9.538467292189539e-01	-5.222780715130548e-02	1129
9.607217948719816e-01	-4.824201560546097e-02	1130
1.364473875527421e-01	-1.199131521687093e-01	1131
1.484754324439793e-01	-1.231821770163875e-01	1132
9.875996486651328e-01	-2.834654835591791e-02	1133
9.913669434241575e-01	-2.448140295730254e-02	1134
7.574838217055698e-01	-1.170734945961862e-01	1135
1.026275830787770e-01	-1.096185369305898e-01	1136
1.137929772689024e-01	-1.131239277668562e-01	1137
1.248129056228554e-01	-1.165003701467059e-01	1138
5.823624733088222e-01	-1.435117951150893e-01	1139
3.070241009650257e-02	-7.372335740741726e-02	1140
3.815796177005777e-02	-7.890132973775550e-02	1141
4.627527661031272e-02	-8.365954654899600e-02	1142
5.422906057611543e-02	-8.801791051086789e-02	1143
3.321036325735496e-01	-1.491082101832685e-01	1144
3.477367872570212e-01	-1.499243352508148e-01	1145
3.635680887115796e-01	-1.505559090257973e-01	1146
3.794789597370571e-01	-1.510115286656419e-01	1147
3.954745324581677e-01	-1.513076461383075e-01	1148
1.737287435413098e-01	-1.292176981525517e-01	1149
1.868464589141332e-01	-1.319426274217624e-01	1150
2.002140997205137e-01	-1.344740361932566e-01	1151
2.138760673906499e-01	-1.368405378422419e-01	1152
2.278431527097134e-01	-1.390366823821557e-01	1153
9.813452400304818e-01	3.025611294519610e-02	1154
9.762638588961827e-01	3.364260716893268e-02	1155
9.706834604934729e-01	3.704157541451508e-02	1156
4.740633045987523e-01	1.349682746728647e-01	1157
4.577362685277456e-01	1.347451500303815e-01	1158
4.415561987123867e-01	1.343258865054863e-01	1159
4.254013185265136e-01	1.337554922921031e-01	1160
4.093861213512567e-01	1.330391321563524e-01	1161
5.109592819331918e-02	7.043699574519066e-02	1162
4.292480144879122e-02	6.681213259050400e-02	1163
2.573169670955196e-01	1.190076789395840e-01	1164
2.431558515575357e-01	1.172649075849104e-01	1165
1.289713916706252e-01	9.580298257880032e-02	1166
1.181785128459505e-01	9.316706347982585e-02	1167
1.072099530726847e-01	9.053480848142448e-02	1168
9.190366964338492e-01	6.118284017201193e-02	1169
9.099328109493350e-01	6.477026508985759e-02	1170
9.004477082028683e-01	6.833393562674071e-02	1171
8.905052287001873e-01	7.195134412327406e-02	1172
8.801501272223085e-01	7.553744148237618e-02	1173
8.694170633040877e-01	7.910526652698420e-02	1174
8.582948534499499e-01	8.264259207058393e-02	1175
8.408528110194907e-01	8.795922784325173e-02	1176
8.226919412198557e-01	9.315044471198022e-02	1177
8.036225479941704e-01	9.819777807992654e-02	1178
7.493050198739317e-01	1.108294061365794e-01	1179
7.203786740421831e-01	1.163736453659664e-01	1180
6.904005362549638e-01	1.213017598807620e-01	1181
6.280950527170385e-01	1.289538405121385e-01	1182
5.960976371374330e-01	1.316010382411573e-01	1183
2.291674921004222e-01	1.151592621165130e-01	1184
2.156370990715207e-01	1.130496826728596e-01	1185
2.023956896971120e-01	1.107894884111160e-01	1186
1.894452400726614e-01	1.085709534521392e-01	1187
1.767129462235545e-01	1.062006757759658e-01	1188
1.642462201173928e-01	1.037639711411984e-01	1189
1.520974156510051e-01	1.011858001074225e-01	1190
3.532998188957445e-02	6.276717689074349e-02	1191
2.845318157505809e-02	5.864899798321156e-02	1192
8.239910352808467e-01	-1.011356309151421e-01	1193
8.363055951403500e-01	-9.766667412737447e-02	1194
8.482405933244477e-01	-9.418138074258812e-02	1195
4.930074164377055e-01	-1.496052043671877e-01	1196
5.174747893434769e-01	-1.482863203421305e-01	1197
2.227047268420967e-02	5.479543909646909e-02	1198
1.606721010434327e-02	5.054135158244896e-02	1199
1.056958360318723e-02	4.595118409383356e-02	1200
9.658316830572837e-02	8.744841962910804e-02	1201
8.653540257893207e-02	8.420819663802842e-02	1202
7.694375331234704e-02	8.084733974346296e-02	1203
6.777580061127221e-02	7.736165821626646e-02	1204
5.908868488473074e-02	7.378448546302453e-02	1205
3.933984092110168e-01	1.321541783894608e-01	1206
3.776657495119113e-01	1.311770505705903e-01	1207
3.619689246869995e-01	1.300865337562562e-01	1208
3.463637476726810e-01	1.288559968181536e-01	1209
9.437700631453547e-01	5.069036364376531e-02	1210
9.359508990268766e-01	5.415412071586950e-02	1211
6.143636230181904e-01	-1.401225279611830e-01	1212
6.458076213026033e-01	-1.362071384598721e-01	1213
2.422448002902132e-01	-1.410314007325985e-01	1214
2.568314340784126e-01	-1.426535453950296e-01	1215
2.713269385994143e-01	-1.442097303359099e-01	1216
2.861821909861914e-01	-1.456864217302364e-01	1217
9.998649393186315e-01	-2.563074748167625e-03	1218
9.997897426150174e-01	2.543679112830645e-03	1219
-8.840374480718555e-03	-4.278738611725500e-02	1220
-1.359117907242619e-02	3.289272398937722e-03	1221
1.000822359140832e+00	-5.401402507198505e-04	1222
9.899018640048610e-01	-3.547782015631316e-02	1223
9.981156140248756e-01	2.096246127680435e-02	1224
-1.602605201407179e-02	1.758661645190341e-02	1225
9.723378745899650e-01	4.698707184375542e-02	1226
1.001110747832726e+00	-8.254918953325176e-03	1227
9.967665434421665e-01	-2.591882426581456e-02	1228
-1.827804024390929e-02	-1.229794653209077e-02	1229
1.493317197943702e-02	-7.348293734081225e-02	1230
-5.338930951762195e-03	-4.889916432869641e-02	1231
3.296013650329462e-01	1.501339680908387e-01	1232
1.000805212442003e+00	5.656882197939012e-04	1233
-5.493611542211030e-03	3.868587846959510e-02	1234
-1.416799826003082e-02	2.292062243664256e-02	1235
-1.171304811295560e-03	-5.508014030356160e-02	1236
9.855335913256775e-01	-4.034744802867844e-02	1237
5.355144638630607e-01	-1.720693610959986e-01	1238
9.953653289712789e-01	2.521317097250699e-02	1239
3.151430874230779e-01	-1.705642595577579e-01	1240
9.556868304288161e-01	-6.438281836077275e-02	1241
9.441607828490315e-01	-7.154836040745888e-02	1242
6.333422306544944e-01	-1.622767077510854e-01	1243
9.161005687161798e-02	-1.221853518371791e-01	1244
1.695678725374652e-01	-1.478360832365755e-01	1245
-1.622171931757338e-02	-2.493074414575827e-02	1246
4.280954977240168e-01	-1.749838471699550e-01	1247
7.092844593177171e-02	-1.122000583659846e-01	1248
8.093968761733340e-02	-1.172607423427582e-01	1249
1.251781070173232e-01	1.122939084627876e-01	1250
9.878722417280860e-01	3.399842810822171e-02	1251
9.325735319298329e-01	7.023237532859816e-02	1252
-1.727742105823806e-02	1.131897159038765e-02	1253
-1.580061151185925e-03	4.396619935056181e-02	1254
9.806336515965040e-01	-4.515682516803791e-02	1255
1.000409327969280e+00	1.222253497840222e-03	1256
9.919704641608855e-01	2.963753059102868e-02	1257
-9.097621212857726e-03	-2.667005515975897e-04	1258
-1.762243709770081e-02	-1.905951541246655e-02	1259
9.992140856902626e-01	-2.139008765636734e-02	1260
7.514106641728425e-01	-1.408835516649093e-01	1261
5.037227187521771e-01	1.595536782885122e-01	1262
4.746130892045800e-01	1.585151835271575e-01	1263
1.000264082758312e+00	1.678614699939066e-02	1264
1.001103401205033e+00	1.772366400803442e-05	1265
1.000772231594312e+00	8.197329814069950e-03	1266
-1.382002983069817e-02	-3.905548825093016e-03	1267
1.000445391090732e+00	-1.211116000646502e-03	1268
2.099070222556593e-02	-7.913522516322648e-02	1269
-1.426582163803877e-02	-3.083979820677542e-02	1270
-1.180593103752389e-02	-3.673943553687667e-02	1271
5.614031993442331e-01	1.580749903300085e-01	1272
8.953211182534903e-03	-6.771251396180149e-02	1273
9.661341498835045e-01	5.125791123195739e-02	1274
9.594537050590031e-01	5.549833668204967e-02	1275
5.325821690916281e-01	1.589669669155693e-01	1276
2.990149251778761e-01	1.465476089104670e-01	1277
2.694617898386147e-01	1.422319286922810e-01	1278
7.258746740049077e-01	-1.464450875920069e-01	1279
-8.882676413701893e-03	3.340477377510213e-02	1280
-1.176913345187637e-02	2.820081265613119e-02	1281
3.346408704414482e-03	-6.107610057054233e-02	1282
8.763933803441929e-01	-1.028331492584794e-01	1283
8.979544621750321e-01	-9.431960602894451e-02	1284
6.141319965479167e-02	-1.069762385843005e-01	1285
9.178378410806823e-01	-8.540426148946645e-02	1286
9.315980700431039e-01	-7.858447389803569e-02	1287
9.751714293003041e-01	-4.999191270207081e-02	1288
1.001086964217161e+00	-1.700566903151675e-02	1289
4.611044788238232e-01	-1.745685506580811e-01	1290
9.626609210543814e-01	-5.962354326866223e-02	1291
9.691725000177531e-01	-5.481785819457002e-02	1292
1.438442118780426e-01	-1.405627769917630e-01	1293
9.936896784656073e-01	-3.069364946337542e-02	1294
7.726623676646578e-01	-1.357400661830680e-01	1295
7.964700139652490e-01	-1.294396165933281e-01	1296
1.087192013634561e-01	-1.287179853798751e-01	1297
1.256105216863425e-01	-1.346223018965904e-01	1298
5.684053047152025e-01	-1.696346601768724e-01	1299
2.804666454694930e-02	-8.527811324751904e-02	1300
3.615267611779845e-02	-9.138052345228817e-02	1301
4.427709763968978e-02	-9.647875873224378e-02	1302
5.240911206291909e-02	-1.016076681964376e-01	1303
3.467513697899933e-01	-1.728405718497452e-01	1304
3.789998182880818e-01	-1.742489732523735e-01	1305
4.034209159090668e-01	-1.749060224823707e-01	1306
1.965753677902448e-01	-1.540924449746922e-01	1307
2.247793436635531e-01	-1.596510883899925e-01	1308
9.832063547469639e-01	3.839144801028993e-02	1309
9.780385961099336e-01	4.269076049913496e-02	1310
4.416421526319962e-01	1.577756551181239e-01	1311
4.090447323420018e-01	1.563586270662345e-01	1312
4.199247742430317e-02	7.922310417481999e-02	1313
2.408430973613327e-01	1.383385686583944e-01	1314
1.088136818173277e-01	1.077654112310004e-01	1315
8.177320787470479e-01	1.148441466292326e-01	1316
9.148309192812586e-01	7.856364772143903e-02	1317
8.953544933393286e-01	8.692422191586598e-02	1318
8.741624867755228e-01	9.514657382490013e-02	1319
8.544101722608108e-01	1.029925394148219e-01	1320
8.365292569022287e-01	1.089822288307686e-01	1321
7.947685896465031e-01	1.214047939147990e-01	1322
7.673916880187862e-01	1.285677821951286e-01	1323
7.387421327328237e-01	1.351548005874165e-01	1324
7.090034200577005e-01	1.410720951929810e-01	1325
6.782782247547501e-01	1.462407088780356e-01	1326
6.467617950300220e-01	1.505769099331569e-01	1327
6.146554979958314e-01	1.540470811245565e-01	1328
5.862165993568210e-01	1.565181320547039e-01	1329
2.128570549565231e-01	1.332024986610892e-01	1330
1.863929429799321e-01	1.278787057931423e-01	1331
1.670977877012259e-01	1.235635176522978e-01	1332
1.545066085131028e-01	1.204895574281148e-01	1333
1.423271621615798e-01	1.172246586219568e-01	1334
3.371983371169570e-02	7.434143035906619e-02	1335
2.641609491401182e-02	6.930612930755144e-02	1336
8.195534263337534e-01	-1.228739481726132e-01	1337
8.413455255197008e-01	-1.151176278104761e-01	1338
8.593367193082249e-01	-1.091360351552589e-01	1339
4.859716185873504e-01	-1.737257207536927e-01	1340
5.067604055607522e-01	-1.738474257050855e-01	1341
2.009181229757633e-02	6.462935974269737e-02	1342
1.383640972690642e-02	5.988327312685274e-02	1343
7.867274164444871e-03	5.433016973988893e-02	1344
2.985058403242728e-03	4.924008617657939e-02	1345
9.742439540254068e-02	1.040596418205103e-01	1346
8.682126640651532e-02	1.000901674542465e-01	1347
7.684302528626417e-02	9.598661705203629e-02	1348
6.733857083323064e-02	9.173863827652647e-02	1349
5.833891575863950e-02	8.736421788881861e-02	1350
5.015250230308519e-02	8.324722829840410e-02	1351
3.769600629417142e-01	1.541798671121750e-01	1352
3.531435140416125e-01	1.524852528601128e-01	1353
9.523496778648282e-01	5.971591330253458e-02	1354
9.447867291571789e-01	6.390875354050916e-02	1355
6.012133813258689e-01	-1.663208926674606e-01	1356
6.649003389969504e-01	-1.576133193683265e-01	1357
6.958061012324308e-01	-1.523223059676525e-01	1358
2.544075916983015e-01	-1.638424183292156e-01	1359
2.841668716274014e-01	-1.675376568093459e-01	1360
1.001259888978852e+00	1.417804747984651e-02	1361
1.000504260449510e+00	-2.479628993281698e-03	1362
1.000285105147293e+00	-3.367245957547013e-03	1363
1.000686729147959e+00	6.710637544523520e-03	1364
3.696923871894450e-02	-1.078579630777696e-01	1365
1.001465008141687e+00	2.002880038947854e-02	1366
1.001098745580236e+00	3.690088367598302e-04	1367
1.001649209012719e+00	-9.879150606569399e-03	1368
-1.633880847612825e-02	-4.271200124731150e-02	1369
-5.841185446812208e-03	-6.323351408770167e-02	1370
1.000950011275284e+00	-6.750671280376125e-03	1371
1.001932193531048e+00	-1.429933651393341e-02	1372
-1.283475450291757e-02	3.938758602487840e-02	1373
-2.158536545874571e-02	1.521450150806607e-02	1374
-2.297103017531538e-02	-1.623755244051926e-02	1375
9.862152670678194e-01	4.717435391917783e-02	1376
7.679494500906059e-01	-1.618791899924325e-01	1377
3.398841089471081e-01	1.775245556122469e-01	1378
1.001221243381528e+00	9.821297793309113e-03	1379
9.317141617010616e-01	-9.596665660028746e-02	1380
4.750543115822663e-03	-7.795650046527745e-02	1381
4.388820443282491e-02	9.520815494621582e-02	1382
-9.452899093902985e-03	4.539904621642887e-02	1383
-1.344536878713925e-02	-4.946155859554739e-02	1384
4.157860969171623e-01	-2.022232684223098e-01	1385
9.659044650333110e-01	-7.197578315421274e-02	1386
6.533327145425349e-01	-1.865301160048718e-01	1387
5.542737002737812e-01	-1.985155395915117e-01	1388
9.932389614218685e-01	-4.302116503460303e-02	1389
9.968461952785044e-01	-3.721987133121168e-02	1390
1.053435426255761e-02	-8.413208872173457e-02	1391
1.683468029549585e-02	-9.084423221218632e-02	1392
1.000802476838715e+00	1.010340341704717e-03	1393
9.981047907008330e-01	3.077085353080952e-02	1394
1.000748162684608e+00	2.563215076864362e-02	1395
9.752472344466045e-01	5.782855265558315e-02	1396
2.817690556905271e-01	1.693973272177662e-01	1397
5.762405186496794e-01	1.843679439407897e-01	1398
7.160390619168433e-01	-1.745698303067788e-01	1399
5.868547820685267e-02	-1.228867382350108e-01	1400
1.000174809678089e+00	3.351305459955755e-03	1401
1.000424823293142e+00	2.481716332525358e-03	1402
-1.278364013947691e-02	1.405906314251844e-04	1403
9.889839112085486e-01	-4.893593355491915e-02	1404
9.810154619003607e-01	5.250279200989016e-02	1405
1.001110139156812e+00	-3.337464876453576e-04	1406
9.998131793126290e-01	-3.136090592879361e-02	1407
-2.023127913064966e-02	2.181789466285869e-02	1408
-9.932768688111600e-03	-5.645500811811999e-02	1409
5.230774963809864e-01	-2.006985438020160e-01	1410
-2.224072203599373e-02	-2.331984372732887e-02	1411
6.854496309735031e-02	-1.289863572893575e-01	1412
7.906347177407724e-02	-1.349323282785724e-01	1413
9.947650881162727e-01	3.628631774424950e-02	1414
-1.822071423984138e-02	5.699357564838137e-03	1415
9.840891764099989e-01	-5.473655155490238e-02	1416
1.002111915784894e+00	-2.596377299939348e-02	1417
7.441975698841741e-01	-1.680357402460690e-01	1418
-1.872099221379953e-02	-6.356856663559405e-03	1419
1.000833854254646e+00	-9.859954283211593e-04	1420
4.937796211123382e-02	-1.166289547354675e-01	1421
-2.082609737843867e-02	-2.977163804996687e-02	1422
-1.885988919020926e-02	-3.623959224589221e-02	1423
5.197877459537646e-01	1.866067766303712e-01	1424
-1.067323013503925e-03	-7.039165495557934e-02	1425
9.689345631781184e-01	6.310255463946336e-02	1426
5.488045456006658e-01	1.857167052124196e-01	1427
3.125753427852628e-01	1.741160788317435e-01	1428
6.034285161600582e-01	1.820347433667114e-01	1429
-1.583387285449030e-02	3.359295393107787e-02	1430
-1.829991457323351e-02	2.773766183260555e-02	1431
8.941035091891403e-01	-1.155998917463153e-01	1432
9.149677245610081e-01	-1.052570860280825e-01	1433
9.449721759063443e-01	-8.763723275044112e-02	1434
9.568591581911289e-01	-7.918874784807688e-02	1435
1.002487908758369e+00	-2.022590434742291e-02	1436
4.451238689051931e-01	-2.022727230410145e-01	1437
9.725488422883553e-01	-6.634516560232911e-02	1438
9.786023071225758e-01	-6.055982355186284e-02	1439
3.905767349493010e-01	-2.015745163193219e-01	1440
8.379136776179630e-01	-1.392130623037246e-01	1441
8.569800033987862e-01	-1.315613749771968e-01	1442
7.907965323939624e-01	-1.552630719180862e-01	1443
9.360324345807298e-02	-1.419546253355806e-01	1444
1.108477559634987e-01	-1.490106905724582e-01	1445
1.284683134762000e-01	-1.560085056395766e-01	1446
2.448172763948323e-02	-9.820017932430825e-02	1447
3.290842684575004e-01	-1.976745201214606e-01	1448
3.617795951969152e-01	-2.001335852396163e-01	1449
1.508218553160349e-01	-1.639275936808556e-01	1450
1.778954058381259e-01	-1.721412232799135e-01	1451
6.850757769900162e-01	-1.809157022792901e-01	1452
9.908068123049778e-01	4.169986487589647e-02	1453
4.893397302027996e-01	1.863642339461964e-01	1454
4.589159455156254e-01	1.854241483288621e-01	1455
1.119470767124270e-01	1.278486846599712e-01	1456
9.300387188014773e-01	8.877072497625239e-02	1457
9.114048084660213e-01	9.871446960774986e-02	1458
8.330879735942545e-01	1.326118704391144e-01	1459
8.909284950192526e-01	1.085194119647032e-01	1460
8.710457098184616e-01	1.175802517912684e-01	1461
8.515854715532760e-01	1.257925217692429e-01	1462
8.119295743618663e-01	1.397520406795919e-01	1463
7.865309673298491e-01	1.475568591622820e-01	1464
7.581764184163324e-01	1.553798663357091e-01	1465
7.286102942609107e-01	1.624742867592744e-01	1466
6.979647711855975e-01	1.687645989870280e-01	1467
6.663889665988229e-01	1.741712035869959e-01	1468
6.341105159729864e-01	1.786245848144903e-01	1469
2.527828736033210e-01	1.646815895970967e-01	1470
2.234000053820697e-01	1.592016524591123e-01	1471
1.957422329990285e-01	1.528402319657706e-01	1472
1.722812922692959e-01	1.468590089845142e-01	1473
1.499804365957664e-01	1.391326906608986e-01	1474
1.285833558757556e-01	1.333762669361814e-01	1475
3.125578676899474e-02	8.737504371030970e-02	1476
2.328789469059743e-02	8.116520055652014e-02	1477
8.144184937264255e-01	-1.478365639483634e-01	1478
8.748226480429309e-01	-1.242774105073377e-01	1479
4.746432854437936e-01	-2.017783739866395e-01	1480
4.963587626234122e-01	-2.015324467642688e-01	1481
1.665085795743394e-02	7.543534170275103e-02	1482
1.054746197918200e-02	7.018895757504226e-02	1483
4.305699236311629e-03	6.370772729000036e-02	1484
-9.115721414329793e-04	5.749423357773831e-02	1485
-5.452665355209756e-03	5.156974156250510e-02	1486
9.750738930477036e-02	1.227506406380604e-01	1487
8.606010581266942e-02	1.178995382762526e-01	1488
7.554713038630648e-02	1.129035786416990e-01	1489
6.565851427119683e-02	1.077700038811361e-01	1490
5.628029494145961e-02	1.024661788496141e-01	1491
4.256292430710141e-01	1.841900273299473e-01	1492
3.926424501482786e-01	1.821002608737144e-01	1493
3.642989557849192e-01	1.798830219243765e-01	1494
9.584131885888287e-01	7.062068880678185e-02	1495
9.451063547342041e-01	7.986746058380398e-02	1496
5.878669857383235e-01	-1.954762484139599e-01	1497
6.209726642027265e-01	-1.913983898183928e-01	1498
2.060300240439322e-01	-1.793048018721836e-01	1499
2.360738213327102e-01	-1.853900453084437e-01	1500
2.661484709744758e-01	-1.900664898177433e-01	1501
2.971365310806214e-01	-1.942849507984490e-01	1502
1.000829804635077e+00	3.068760715270553e-03	1503
1.000338341070049e+00	-5.150642158679751e-03	1504
9.996142339514598e-01	-5.744207384491159e-03	1505
1.000285359250237e+00	1.156452217144275e-02	1506
-2.511497000779621e-02	2.645899539910410e-02	1507
1.000154659768546e+00	5.111226556629303e-03	1508
-2.072690787739983e-02	3.952935102884113e-02	1509
9.772148014929785e-01	-7.870143175934784e-02	1510
1.001183605965765e+00	-7.412684721128768e-04	1511
1.003613819625275e+00	-1.632332518915124e-02	1512
1.005232546170647e+00	-1.710852817687260e-02	1513
9.936098476515807e-01	-5.792678994299593e-02	1514
1.000786734091279e+00	1.453164660784247e-03	1515
9.904096863670919e-01	5.642747441550010e-02	1516
2.639605597616471e-01	1.943039561868617e-01	1517
1.002530312470232e+00	-8.686688714211011e-03	1518
1.002074330182458e+00	-7.393774434531996e-03	1519
-1.159959351191188e-02	-7.216582678866652e-02	1520
1.001158595142928e+00	7.779007879967087e-04	1521
-1.443582637654379e-02	5.271407299775747e-02	1522
1.320069624785861e-01	-1.806987171356220e-01	1523
3.417103035534066e-02	-1.245957861310893e-01	1524
9.471052066911889e-01	-1.057042713980420e-01	1525
7.869870142344391e-01	-1.840487925501765e-01	1526
1.000802384718654e+00	-1.169652333661141e-02	1527
1.001766591136356e+00	7.394052319003765e-03	1528
1.002153679162409e+00	8.689454705066118e-03	1529
1.000832771792367e+00	-1.431338668659100e-03	1530
-2.185273007610846e-02	-4.905693713776084e-02	1531
5.649287842764421e-01	2.153862242248703e-01	1532
6.746818923718565e-01	-2.129419770940080e-01	1533
4.305585399773934e-01	-2.327775226387755e-01	1534
5.931810715502915e-01	2.132543085371747e-01	1535
9.456563958788358e-01	9.853156970095989e-02	1536
9.091954143340515e-01	1.215436821657598e-01	1537
3.239070828016617e-01	2.046274420097211e-01	1538
2.965281527628119e-02	1.032210999898023e-01	1539
5.108897546373311e-01	-2.320714685776158e-01	1540
-1.775920027624826e-02	4.584567888314613e-02	1541
1.002643581635316e+00	2.983788343989373e-02	1542
5.410978706951431e-01	-2.304796072009218e-01	1543
9.994146590195109e-01	5.667135680554547e-03	1544
1.002814019346279e+00	1.625867016369955e-02	1545
1.004374308031158e+00	1.711945122798266e-02	1546
1.000935160204601e+00	-3.057676921394257e-03	1547
-2.650543637421778e-02	1.944095707056684e-02	1548
3.504489385128463e-01	2.080315080064634e-01	1549
1.001470662544524e+00	1.984812869596475e-04	1550
1.001476601063015e+00	-1.506980675781741e-04	1551
-6.606308052154905e-03	-8.056834705892806e-02	1552
-1.566645951605583e-02	-6.449609974007869e-02	1553
4.025089647870825e-01	-2.321339228176746e-01	1554
9.977382191168428e-01	-5.085396864236397e-02	1555
1.000923332755902e+00	-4.386583143345210e-02	1556
-8.715477307505877e-04	-8.892830412221389e-02	1557
4.759916266869428e-03	-9.572598439101355e-02	1558
1.000818630575229e+00	2.083931141082073e-03	1559
9.949130459284017e-01	4.976238814553089e-02	1560
9.853396717242818e-01	6.294868077193130e-02	1561
2.942132743858933e-01	1.998460678910074e-01	1562
7.066809850463276e-01	-2.061285680391647e-01	1563
4.978691021461919e-02	-1.365528736546378e-01	1564
1.003870824313885e+00	-3.718066709167946e-02	1565
-1.908735299264175e-02	-5.663941139889916e-02	1566
-2.830054789386479e-02	-2.043000960663745e-02	1567
6.509510623362884e-02	-1.470312791494091e-01	1568
7.785578085519024e-02	-1.554910288061334e-01	1569
1.001846251477726e+00	3.676271590578113e-02	1570
-2.263614746139417e-02	9.352022652234506e-03	1571
-1.685753277303015e-02	-2.091338286203926e-03	1572
1.004261518065316e+00	-3.010366305040874e-02	1573
7.367767459587198e-01	-1.987600989449708e-01	1574
7.631908139450956e-01	-1.914605242490665e-01	1575
-1.854594272341433e-02	-2.651302385821279e-04	1576
-2.348353075245535e-02	-1.005252418058480e-02	1577
1.000887072095932e+00	-2.064955381803191e-03	1578
-2.756247370810568e-02	-2.791487897953300e-02	1579
-2.628739093735704e-02	-3.499764800223859e-02	1580
-2.430175838717182e-02	-4.210478812784831e-02	1581
5.363115549929838e-01	2.165523976814181e-01	1582
9.795999702398600e-01	6.945018441012886e-02	1583
-2.326527790745844e-02	3.302422055770524e-02	1584
9.133198077563393e-01	-1.278168884072212e-01	1585
9.320972443028712e-01	-1.162118602667251e-01	1586
9.595996017691147e-01	-9.566059668845968e-02	1587
9.698758033129135e-01	-8.629519696663465e-02	1588
9.834700565699159e-01	-7.182884352325866e-02	1589
9.888863651514513e-01	-6.487527452849939e-02	1590
8.563221552368572e-01	-1.569380842095391e-01	1591
8.348391459756760e-01	-1.664276999879216e-01	1592
9.437081222344319e-02	-1.640596136243148e-01	1593
1.117275040556180e-01	-1.718324186232991e-01	1594
1.155453360875818e-02	-1.038201188575005e-01	1595
2.189672071855975e-02	-1.141919020383961e-01	1596
3.432728837031696e-01	-2.281222014848473e-01	1597
3.747666417714066e-01	-2.306726536290743e-01	1598
1.572776624882127e-01	-1.903881913461577e-01	1599
9.984941548617673e-01	4.312693965096896e-02	1600
5.055419111001158e-01	2.169556891667399e-01	1601
4.745340403494867e-01	2.163043021154917e-01	1602
9.288402228210517e-01	1.098099526341276e-01	1603
8.892505818199528e-01	1.324403045227113e-01	1604
8.695407075407063e-01	1.424558123277307e-01	1605
8.500172000813997e-01	1.513318170611103e-01	1606
8.298813692156245e-01	1.594308970088184e-01	1607
8.062723862552912e-01	1.680300382728666e-01	1608
7.790450937404692e-01	1.769656871711260e-01	1609
7.496018065525880e-01	1.854886796232963e-01	1610
7.189768907302490e-01	1.931323289607200e-01	1611
6.872982587776347e-01	1.998091907978989e-01	1612
6.547634893788633e-01	2.054490010505654e-01	1613
6.227416036818061e-01	2.099503014173007e-01	1614
2.341214784014734e-01	1.884174447186149e-01	1615
1.540355596287154e-01	1.651076282649356e-01	1616
1.335390152104639e-01	1.574964869110213e-01	1617
2.045791020792058e-01	1.811642585951373e-01	1618
1.784753826578744e-01	1.737090941553633e-01	1619
1.136548440512967e-01	1.503653602351057e-01	1620
1.903477911154543e-02	9.436177638509841e-02	1621
8.105201009013311e-01	-1.759263340554576e-01	1622
8.744479946768893e-01	-1.484105357999566e-01	1623
8.932190905153379e-01	-1.389999943245277e-01	1624
4.605832899301356e-01	-2.327616076212012e-01	1625
4.860090409589859e-01	-2.325316296772124e-01	1626
1.184618951085286e-02	8.730222667071286e-02	1627
5.857671981585687e-03	8.135631007965008e-02	1628
-3.599163732599941e-04	7.403335585078422e-02	1629
-5.877709255104233e-03	6.661040986577080e-02	1630
-1.045783204096665e-02	5.977430411998319e-02	1631
9.792135571393246e-02	1.441825746519301e-01	1632
8.436754900602113e-02	1.375047380635706e-01	1633
7.316893499665697e-02	1.311706684907160e-01	1634
6.276572345685247e-02	1.251439041770831e-01	1635
5.284624166278874e-02	1.191596453486301e-01	1636
4.206392091380563e-02	1.119594252504888e-01	1637
4.426842414544557e-01	2.151162943374414e-01	1638
4.088074886013957e-01	2.132039687626072e-01	1639
3.775399624853947e-01	2.107161460284395e-01	1640
9.712450540659331e-01	7.750473475318226e-02	1641
9.599766644901249e-01	8.739455617862482e-02	1642
5.741567999016136e-01	-2.278269321931706e-01	1643
6.084781340379761e-01	-2.238783260111026e-01	1644
6.419608567291147e-01	-2.188605815476464e-01	1645
1.856068795557264e-01	-1.996768685559780e-01	1646
2.156904704165729e-01	-2.077870120723037e-01	1647
2.468215017035511e-01	-2.143648433069258e-01	1648
2.778156320422390e-01	-2.196547876289181e-01	1649
3.100705289093147e-01	-2.244017658970356e-01	1650
-3.216553893724843e-02	2.398579127575788e-02	1651
1.000473136737119e+00	-4.335727444225884e-03	1652
1.006112721175734e+00	3.375522460840821e-02	1653
-3.077248158748705e-02	-4.830560314687175e-02	1654
1.003525275041369e+00	1.411371407819137e-02	1655
9.999541450652073e-01	5.800888040887287e-02	1656
3.620995542856657e-01	2.421958228659689e-01	1657
8.564690260765050e-01	-1.857634458524610e-01	1658
-1.859411989141607e-02	-8.191831895964402e-02	1659
1.001246106421495e+00	1.746923706685490e-03	1660
9.628763054115358e-01	1.062249338774198e-01	1661
1.000321806565634e+00	4.314112352820472e-03	1662
-2.276792808141651e-02	3.495090885414959e-03	1663
1.003153306712953e+00	-1.007252624372084e-02	1664
1.000975467629988e+00	-3.975099464509703e-03	1665
8.330181006474249e-01	-1.969654168803705e-01	1666
-2.761878122386538e-02	1.305855630759764e-02	1667
1.001070559480408e+00	-2.617974255449487e-03	1668
1.001744041627524e+00	6.236632731263129e-03	1669
-2.851197116265602e-02	-5.575502930350128e-02	1670
8.084378510553317e-01	-2.073166571467203e-01	1671
4.457600693178230e-01	-2.669179183529037e-01	1672
9.896444552344241e-01	-8.382296432658450e-02	1673
1.353914303286954e-01	-2.088854510737432e-01	1674
4.158922076797867e-01	-2.663059338145723e-01	1675
9.959152171521423e-01	6.593248837974644e-02	1676
9.473716091078503e-01	1.198059867109050e-01	1677
5.530399471411875e-01	2.498172831544454e-01	1678
2.442559044779964e-01	2.211243270802316e-01	1679
9.503487393849631e-01	-1.262437220192869e-01	1680
-2.063301739925302e-02	6.057664100637049e-02	1681
2.133447797642838e-01	2.131563722960291e-01	1682
5.825077792596607e-01	2.480560721095086e-01	1683
1.000833114296039e+00	3.977166005978948e-03	1684
1.002699413416527e+00	1.008553091141884e-02	1685
1.001995824174267e+00	-6.223229935329978e-03	1686
1.004207192105071e+00	-1.411113386150093e-02	1687
1.005018571890984e+00	-2.328246865875813e-02	1688
1.000980371923440e+00	2.638402477956939e-03	1689
1.002244133464347e+00	1.189886768189539e-02	1690
1.001192285295420e+00	1.233784912201811e-03	1691
1.003374992347456e+00	-7.662804039445852e-03	1692
1.001305204561070e+00	-1.711021797183471e-03	1693
-2.264292190944197e-02	-7.305448634915063e-02	1694
1.001476322344955e+00	5.750124243435673e-04	1695
1.001495142224200e+00	-5.272750016383948e-04	1696
1.001885927984315e+00	3.108440243054003e-05	1697
1.001232926978965e+00	-1.197388200378276e-03	1698
9.292043667205756e-01	1.335266220636572e-01	1699
3.343402225699884e-01	2.385553947654319e-01	1700
-2.382599820697190e-02	5.276335458517747e-02	1701
-2.664084670887382e-02	4.589884280690999e-02	1702
5.280613185478759e-01	-2.657606287604160e-01	1703
1.004836651267216e+00	2.634131544871234e-02	1704
1.003807280921172e+00	2.317563887978911e-02	1705
1.002792825821355e+00	-1.193285340597709e-02	1706
1.003039913060076e+00	7.719214886186313e-03	1707
-2.594767960128831e-02	-6.425599033369234e-02	1708
1.003153170302045e+00	-5.882778844536277e-02	1709
1.006017465737110e+00	-5.046765365915207e-02	1710
-1.359234559249790e-02	-9.138757851629536e-02	1711
-5.103184823873881e-03	-1.043961708992079e-01	1712
1.744296396745204e-02	-1.316446900907001e-01	1713
3.053737574424701e-01	2.337048979906411e-01	1714
2.747912252989205e-01	2.276306679501572e-01	1715
6.978207801067307e-01	-2.415075217942606e-01	1716
1.006898082462288e+00	-4.253962680846801e-02	1717
3.129514975471800e-02	-1.441890306504966e-01	1718
4.659989392359148e-02	-1.572155667047016e-01	1719
6.010770567980835e-02	-1.680069857464941e-01	1720
-2.882581080068160e-02	-1.371166458093958e-02	1721
1.007948278204152e+00	-3.385849596291988e-02	1722
1.006238921779412e+00	-2.642496346214048e-02	1723
7.296178331052717e-01	-2.333677874052014e-01	1724
7.585021635885670e-01	-2.249068303869868e-01	1725
7.842545266102446e-01	-2.163601941905920e-01	1726
-2.358651049241024e-02	-4.787213026993699e-03	1727
-3.439005029754159e-02	-2.486590086140480e-02	1728
-3.380243470483483e-02	-3.272822332217377e-02	1729
-3.256834991727624e-02	-4.061262777712337e-02	1730
9.911229927232665e-01	7.384522850259082e-02	1731
-2.903169017953813e-02	3.877039135991109e-02	1732
-3.090408167673515e-02	3.140686884796746e-02	1733
9.335490215269059e-01	-1.393718407163675e-01	1734
9.639974380144150e-01	-1.139341772013734e-01	1735
9.750629828861124e-01	-1.023512532593466e-01	1736
9.835144891317780e-01	-9.218889088224098e-02	1737
9.951225546663767e-01	-7.540032505973020e-02	1738
9.995272359003288e-01	-6.710757651283522e-02	1739
7.598255351079333e-02	-1.788072135183056e-01	1740
9.355883904943846e-02	-1.886042421227588e-01	1741
1.121640909311798e-01	-1.978260330455192e-01	1742
6.225588265661184e-03	-1.192756155357015e-01	1743
3.564253141035669e-01	-2.622138112625735e-01	1744
3.869753990646317e-01	-2.648202929202946e-01	1745
1.004554443594935e+00	4.224288892189757e-02	1746
1.003248915688407e+00	4.995917347209876e-02	1747
5.226049833907150e-01	2.506926585668169e-01	1748
4.906809906218307e-01	2.505562560981936e-01	1749
9.095230890793167e-01	1.467965448748239e-01	1750
8.898043949210471e-01	1.589381892505136e-01	1751
8.698428920232646e-01	1.700647322675495e-01	1752
8.494573970651058e-01	1.800884924367254e-01	1753
8.271665591409900e-01	1.898178714855809e-01	1754
8.013227948000988e-01	1.999359835473433e-01	1755
7.724535412002974e-01	2.099888032528094e-01	1756
7.417701737557274e-01	2.192817443873845e-01	1757
7.099007676502908e-01	2.275135356886449e-01	1758
6.770279597508313e-01	2.345977641362125e-01	1759
6.440142404621760e-01	2.404187399714686e-01	1760
6.124767267918648e-01	2.449076561845469e-01	1761
1.353988272810216e-01	1.846750042025316e-01	1762
1.845932610371727e-01	2.042440564325737e-01	1763
1.580590341456633e-01	1.943491214709378e-01	1764
1.156869989113207e-01	1.760233538662337e-01	1765
1.463827845823153e-02	1.099112556951538e-01	1766
8.762399478829604e-01	-1.753369911375566e-01	1767
8.946331127718695e-01	-1.649140824030345e-01	1768
9.141948588927066e-01	-1.527751156024663e-01	1769
4.737830714298261e-01	-2.669964126174132e-01	1770
4.992707195955264e-01	-2.667890897143223e-01	1771
5.679395861153992e-03	1.003972719757033e-01	1772
-2.041845817017255e-04	9.307516681431702e-02	1773
-6.454357872230520e-03	8.514229606061101e-02	1774
-1.206152275749240e-02	7.663379244132608e-02	1775
-1.670455852546705e-02	6.860347814407711e-02	1776
9.735955964510368e-02	1.683743115232320e-01	1777
8.153989976795262e-02	1.600690561225356e-01	1778
6.397221674193611e-02	1.474790261945817e-01	1779
4.866354724181962e-02	1.370206361616471e-01	1780
3.764413261457700e-02	1.298185099877497e-01	1781
2.618411087397740e-02	1.206858325431546e-01	1782
4.588486088364578e-01	2.495310806587681e-01	1783
4.254951710826001e-01	2.477800901970039e-01	1784
3.920910224612468e-01	2.452249619620513e-01	1785
9.844220708939108e-01	8.286029217818838e-02	1786
9.752590438355961e-01	9.360210630847199e-02	1787
5.606819924909524e-01	-2.635549923996385e-01	1788
5.955743702995114e-01	-2.600245505879606e-01	1789
6.305885938072434e-01	-2.549752602743579e-01	1790
6.646013977913262e-01	-2.487763420514386e-01	1791
1.628811772501706e-01	-2.202841564652649e-01	1792
1.931059166624742e-01	-2.308363105914296e-01	1793
2.249966983948581e-01	-2.398545326667061e-01	1794
2.571052594608103e-01	-2.468830644875583e-01	1795
2.893336181411639e-01	-2.529747088128066e-01	1796
3.230960563111619e-01	-2.582468606298669e-01	1797
1.003966789542537e+00	-8.910183940851472e-03	1798
1.009478165377161e+00	-3.058283068023004e-02	1799
1.006536084444835e+00	6.636446247365861e-02	1800
-3.326583154148538e-02	1.694780033800996e-02	1801
-2.824775152854148e-02	6.425488162162695e-03	1802
1.010090555129372e+00	-6.684198124945309e-02	1803
6.894361078884461e-01	-2.811308842772092e-01	1804
8.578571465023170e-01	-2.182683988204144e-01	1805
3.448725537344703e-01	2.764377422136104e-01	1806
1.006641569555790e+00	3.897649438545066e-02	1807
1.003050365055554e+00	-6.742572680886865e-03	1808
1.000762770152211e+00	5.467864428105396e-03	1809
1.000969017534430e+00	-5.486673470276429e-03	1810
1.001595400620810e+00	-9.484269076481990e-04	1811
-5.840939345342628e-04	-1.365016061152885e-01	1812
1.003563785459841e+00	8.978302795854903e-03	1813
1.001903198516023e+00	-3.181071271059567e-04	1814
9.507874100359847e-01	1.437293114127458e-01	1815
1.004316519135381e+00	1.218199876169068e-02	1816
1.007155645676828e+00	2.384450231771561e-02	1817
1.004677113551816e+00	2.010114925352611e-02	1818
1.001561635980159e+00	9.983104034757223e-04	1819
9.550520609788079e-01	-1.494867440576746e-01	1820
8.797699711509182e-01	-2.055786968325156e-01	1821
-3.484066192202811e-02	-1.747606964086712e-02	1822
-3.097552971925269e-02	-8.215618228702075e-02	1823
8.787149478437312e-03	1.272964634063110e-01	1824
1.905353581824274e-01	2.388231722176923e-01	1825
1.005709551819994e+00	-2.011344482858478e-02	1826
9.807717171833291e-01	1.115911308061615e-01	1827
8.331512024910634e-01	-2.310159040275304e-01	1828
1.120329387899190e-01	-2.274196636374738e-01	1829
1.008784611560898e+00	-3.911709120707406e-02	1830
-2.706859103437554e-02	-9.237267547910016e-02	1831
4.734367996045133e-01	-3.045164503570955e-01	1832
1.007660715880060e+00	5.646894636047672e-02	1833
5.710555367979145e-01	2.867179966758108e-01	1834
1.002581925555035e+00	-8.629438272738829e-02	1835
5.472535687272763e-01	-3.030313342317008e-01	1836
-2.818717845886863e-02	6.898436481819997e-02	1837
1.361467177758676e-01	2.154538806323731e-01	1838
1.379689628260553e-01	-2.408187492310333e-01	1839
4.302219173243263e-01	-3.044718518038995e-01	1840
3.749012279054433e-01	2.804264946377520e-01	1841
-3.844331060474385e-02	-5.470777207558589e-02	1842
-3.648603020648940e-02	-6.276143761856640e-02	1843
1.001358565912693e+00	2.259617554326201e-03	1844
-2.694352008121427e-02	-3.825499977080701e-04	1845
9.673830310248677e-01	1.273479256757125e-01	1846
2.216592442754890e-01	2.490822998391380e-01	1847
1.001437252556415e+00	-2.222696771205131e-03	1848
1.004895001188093e+00	-1.211350396021453e-02	1849
-3.416109865082848e-02	-7.231206227445433e-02	1850
1.001668388860447e+00	1.444000526483068e-03	1851
1.002762570673094e+00	6.795518344591004e-03	1852
1.001890766281287e+00	3.805055599262445e-04	1853
1.001718544495345e+00	-1.391752912474779e-03	1854
-3.121310364636124e-02	6.009901530739285e-02	1855
-3.376409166478361e-02	5.257672217735592e-02	1856
1.007823485454570e+00	3.062100453206141e-02	1857
1.010722558078755e+00	-5.677493004144297e-02	1858
9.130541640525666e-02	-2.160505652584569e-01	1859
3.153560881134297e-01	2.713488188334476e-01	1860
2.846833799641279e-01	2.648697030390235e-01	1861
2.536563537802006e-01	2.576254558737759e-01	1862
1.187895522962554e-02	-1.514495207747546e-01	1863
2.607181273038994e-02	-1.654989133298124e-01	1864
3.993614514892645e-02	-1.790691353526072e-01	1865
1.014833679637413e+00	-4.744617893840259e-02	1866
1.008414594041920e+00	-2.376564443230407e-02	1867
7.229697506823111e-01	-2.722425736585536e-01	1868
7.541848329999994e-01	-2.626314334075052e-01	1869
7.823099358376147e-01	-2.527302497825057e-01	1870
8.080430293352255e-01	-2.424200914893948e-01	1871
-2.905166228226344e-02	-7.271850354222047e-03	1872
-3.998234429184811e-02	-4.641815108019882e-02	1873
-4.142719653249327e-02	-2.939136947603677e-02	1874
-4.099721959631446e-02	-3.792395782891977e-02	1875
1.002686069648258e+00	7.545946961733603e-02	1876
-3.593541820692183e-02	4.480666751324745e-02	1877
-3.762707042529641e-02	3.680267877624465e-02	1878
-3.877052206993474e-02	2.870402519463308e-02	1879
9.700123798187696e-01	-1.343058336794580e-01	1880
9.819474360542224e-01	-1.200211798179132e-01	1881
9.910720529477350e-01	-1.071008860062382e-01	1882
9.976277940480452e-01	-9.614439894815692e-02	1883
1.006676579517130e+00	-7.626256613669420e-02	1884
5.502679943165022e-02	-1.921430324562666e-01	1885
7.271922223199213e-02	-2.048929183449162e-01	1886
-2.067378053417104e-02	-1.051773439229411e-01	1887
-1.180246570805778e-02	-1.210162836050792e-01	1888
3.686457762390946e-01	-3.003286008237753e-01	1889
3.996348801321912e-01	-3.029975800628774e-01	1890
1.012275740675434e+00	4.754387398480441e-02	1891
5.400920966512535e-01	2.880442984578139e-01	1892
5.078366283913053e-01	2.884650064856298e-01	1893
9.320917411027591e-01	1.597052993232041e-01	1894
9.125717116766101e-01	1.745716860210703e-01	1895
8.926248320257845e-01	1.882421837059041e-01	1896
8.719198679200502e-01	2.008231707203114e-01	1897
8.499821616607797e-01	2.125016814647981e-01	1898
8.253852522810806e-01	2.241047846768715e-01	1899
7.974423280187476e-01	2.358114451735690e-01	1900
7.669080505129247e-01	2.470348666385269e-01	1901
7.347546811407544e-01	2.571899726039290e-01	1902
7.014254915987791e-01	2.660618780946998e-01	1903
6.675067935919888e-01	2.735260247302311e-01	1904
6.342859537290829e-01	2.794801907740327e-01	1905
6.023421093968856e-01	2.839150203697111e-01	1906
1.615814823169677e-01	2.273238646747119e-01	1907
1.150559751072441e-01	2.046879439423255e-01	1908
9.659913918714545e-02	1.958084691634520e-01	1909
9.372046461634078e-01	-1.651540837488324e-01	1910
8.988206323072970e-01	-1.934446893360577e-01	1911
9.178192592608730e-01	-1.802069249338675e-01	1912
5.152917486871369e-01	-3.047519017481404e-01	1913
-1.259202494962253e-03	1.155152136402663e-01	1914
-8.328675387618370e-03	1.053622932519974e-01	1915
-1.387418746083615e-02	9.706813795655798e-02	1916
-1.972436069399852e-02	8.747300515841881e-02	1917
-2.431321033583956e-02	7.807747940030327e-02	1918
7.814391911699554e-02	1.856767704311805e-01	1919
4.447719041746376e-02	1.591856959972365e-01	1920
3.223428354934760e-02	1.495217038307356e-01	1921
5.974859894295295e-02	1.721221826007642e-01	1922
2.021336726985831e-02	1.394266345363151e-01	1923
4.750220273645798e-01	2.877855311527094e-01	1924
4.418251655071769e-01	2.862007623514642e-01	1925
4.076155368621295e-01	2.837149753131586e-01	1926
9.977438390320682e-01	8.580634788147720e-02	1927
9.907309175521101e-01	9.761588451048493e-02	1928
5.823300031211717e-01	-3.001146373248872e-01	1929
6.188745647322454e-01	-2.952630110172806e-01	1930
6.546842246843153e-01	-2.888478634496630e-01	1931
1.677877685798558e-01	-2.540590990002479e-01	1932
2.001841408267269e-01	-2.659842042999459e-01	1933
2.337957463859149e-01	-2.758797850369721e-01	1934
2.667962655623271e-01	-2.834911741853706e-01	1935
3.007553997218201e-01	-2.904423692443275e-01	1936
3.355221916979779e-01	-2.961770840489344e-01	1937
1.395316900834738e-01	-2.768973718603315e-01	1938
1.001559545556381e+00	2.837856160535985e-03	1939
1.004776372589121e+00	-7.763066090152168e-03	1940
1.004257957545296e+00	-6.835558642031027e-03	1941
1.002108010788223e+00	-1.044766659891562e-03	1942
1.005588149616876e+00	1.382652906465936e-02	1943
9.437437876901563e-01	-1.934118552255135e-01	1944
1.001661851454449e+00	-2.797478253263064e-03	1945
1.012441538915940e+00	7.423897257331513e-02	1946
1.108632706991390e-01	-2.609378927891253e-01	1947
1.008163404755080e+00	2.049866279135554e-02	1948
1.006862999541078e+00	1.837468833536032e-02	1949
1.006264728451391e+00	-1.371069725186283e-02	1950
1.001835117518282e+00	-1.891648494964000e-03	1951
1.002945514791809e+00	-5.621799224660956e-03	1952
1.004712591626800e+00	-1.030166285154407e-02	1953
1.004231283242442e+00	1.038784235674168e-02	1954
-4.868401273623799e-02	-5.233206808490009e-02	1955
1.001945385228052e+00	7.011665723725665e-04	1956
1.644479277010272e-01	2.645134302100120e-01	1957
-8.893101702154283e-03	-1.558727462486417e-01	1958
9.246785129680100e-01	-2.100786837046426e-01	1959
8.850541018022389e-01	-2.395564510512090e-01	1960
-4.414323502218435e-02	5.105384975341046e-02	1961
5.585287512330851e-01	3.295449228320483e-01	1962
3.247555516928897e-01	3.132965297401141e-01	1963
9.779068983814625e-01	-1.569940875958413e-01	1964
7.169385184234218e-01	-3.158475266041723e-01	1965
4.130544516629860e-01	-3.456670096936383e-01	1966
-9.675976394869643e-03	1.324921445036373e-01	1967
5.398136868129742e-02	1.992992584091310e-01	1968
8.761916348310969e-02	-2.469110971460902e-01	1969
1.014156850654132e+00	6.225923445942089e-02	1970
1.015589918546038e+00	5.488690139984119e-02	1971
-3.396939919812573e-02	1.000909608501069e-02	1972
-2.047427386254127e-02	-1.389263345642877e-01	1973
6.814123398948615e-01	-3.254783362994327e-01	1974
8.612268856532571e-01	-2.545989855168573e-01	1975
3.560159929731682e-01	3.187849011426712e-01	1976
1.001772895462579e+00	5.189997447545246e-03	1977
1.001976739666723e+00	-5.163207324547771e-03	1978
1.001969390644556e+00	-6.371241375289105e-04	1979
1.004422796225648e+00	7.883190410407864e-03	1980
1.003953715798039e+00	6.942207934560882e-03	1981
1.001585865296593e+00	-3.489972175460847e-03	1982
1.008371088180996e+00	2.727858024597092e-02	1983
1.001456817905271e+00	3.520760592179105e-03	1984
9.056932708887093e-01	-2.249605923158578e-01	1985
9.619953021332356e-01	-1.752858663608779e-01	1986
-4.165949770907450e-02	-2.128380653561943e-02	1987
1.960149532045072e-01	2.777889933622641e-01	1988
1.009832363328084e+00	-2.716950653952749e-02	1989
9.738475156193386e-01	1.508161923157100e-01	1990
1.012502558542664e+00	-3.487654577275354e-02	1991
-4.074495953673376e-02	-9.168075632080670e-02	1992
5.338333208609749e-01	-3.467198847018433e-01	1993
3.887613474712042e-01	3.231355678950000e-01	1994
1.360529956724136e-01	2.502749946632955e-01	1995
-4.385442676923659e-02	-8.083622434327081e-02	1996
1.002710724879620e+00	5.683919376312420e-03	1997
-3.260355482654188e-02	1.900274597188334e-03	1998
-3.284266148865983e-02	-2.391084519115815e-03	1999
9.880630335341873e-01	1.315633346244798e-01	2000
-4.747083579086112e-02	-6.116339610090193e-02	2001
-4.592162322812598e-02	-7.007276603058690e-02	2002
1.001765891053446e+00	1.945267959281238e-03	2003
1.002355444136182e+00	3.952270901866591e-05	2004
1.002068704305558e+00	1.112513715505133e-03	2005
-4.007450886611306e-02	6.784536642231213e-02	2006
-4.227116868273312e-02	5.942137060489299e-02	2007
1.010594344713011e+00	3.502242318764159e-02	2008
2.933766431190371e-01	3.063566213637684e-01	2009
2.618363968798982e-01	2.983172270795983e-01	2010
2.292672074758984e-01	2.892686539678266e-01	2011
4.177426644908517e-03	-1.731773180180105e-01	2012
1.736337850214233e-02	-1.879718119218983e-01	2013
1.017474235639406e+00	-6.222436132532343e-02	2014
1.018513963362169e+00	-5.469582208662196e-02	2015
1.007802647636548e+00	-1.824508845452553e-02	2016
1.009227123109012e+00	-2.032009374865965e-02	2017
7.505026796582950e-01	-3.050807055365511e-01	2018
7.812202898272306e-01	-2.936741049469670e-01	2019
8.091513335453904e-01	-2.817692772323445e-01	2020
8.354948340023628e-01	-2.689323550746659e-01	2021
-3.495768336398301e-02	-1.050704140889971e-02	2022
-4.952325390512002e-02	-3.411577647344634e-02	2023
-4.936900040816236e-02	-4.325588539660330e-02	2024
-4.553330502590315e-02	4.242277106854737e-02	2025
-3.970887484364891e-02	2.095252044757870e-02	2026
-4.642939038634111e-02	3.368886382079012e-02	2027
9.906673363265661e-01	-1.394192781768294e-01	2028
1.000255674032643e+00	-1.232712234654876e-01	2029
1.006970857189694e+00	-1.091831626692244e-01	2030
1.011679234914372e+00	-9.706199148931949e-02	2031
1.013336170409666e+00	-8.484191783458286e-02	2032
1.016335535053418e+00	-7.445625631170172e-02	2033
3.171272634579161e-02	-2.034806920028070e-01	2034
4.866797706502797e-02	-2.192543180918232e-01	2035
6.769488246086623e-02	-2.339471832987136e-01	2036
-3.661365535841245e-02	-1.050443978997693e-01	2037
-2.939438428673393e-02	-1.202979126009252e-01	2038
3.806941960233888e-01	-3.429351840422821e-01	2039
5.257851419342420e-01	3.304364739887640e-01	2040
9.567397224552766e-01	1.700582065472726e-01	2041
9.380208697188337e-01	1.882505429785720e-01	2042
9.184267263054984e-01	2.050460179635278e-01	2043
8.978059949538013e-01	2.206506947953118e-01	2044
8.758352454594157e-01	2.351705896532588e-01	2045
8.519081716984984e-01	2.489637221006342e-01	2046
8.249624866552995e-01	2.626516982180663e-01	2047
7.949069893712903e-01	2.760668158545687e-01	2048
7.625315913493010e-01	2.885716567378051e-01	2049
7.286209354950305e-01	2.996946780439330e-01	2050
6.937602571962597e-01	3.092345618054298e-01	2051
6.589649703980225e-01	3.170483751454899e-01	2052
6.250048674407443e-01	3.231256858683989e-01	2053
5.914812674057770e-01	3.273902179685947e-01	2054
1.124220566612330e-01	2.366617882229661e-01	2055
9.339579679302953e-02	2.261825154239337e-01	2056
4.520439851032194e-01	-3.468865203887979e-01	2057
4.943940571535970e-01	-3.473608516506801e-01	2058
-1.803294317629901e-02	1.194073842720375e-01	2059
-2.339301358781618e-02	1.091686377618614e-01	2060
-2.894553805325005e-02	9.936142624931717e-02	2061
-3.337874636034306e-02	8.807772319847371e-02	2062
-3.723090053661540e-02	7.795863647076419e-02	2063
7.420587228032213e-02	2.146795839367500e-01	2064
2.462671274233709e-02	1.714084580589307e-01	2065
3.712470519528748e-02	1.833501095518769e-01	2066
6.424397252022852e-04	1.460545619739459e-01	2067
1.270791999334272e-02	1.600798140384413e-01	2068
4.920125624903430e-01	3.302322456780002e-01	2069
4.579981083571239e-01	3.289024550429612e-01	2070
4.233768996355519e-01	3.265388076791393e-01	2071
1.008780164782081e+00	8.475436547196137e-02	2072
1.005859982071988e+00	9.867651962344808e-02	2073
9.985597029041154e-01	1.138576977031481e-01	2074
5.686487490701877e-01	-3.443304667016682e-01	2075
6.065774901944930e-01	-3.400977981701686e-01	2076
6.445875192522145e-01	-3.336304170909077e-01	2077
1.719363239537927e-01	-2.921554103245979e-01	2078
2.066455296445613e-01	-3.055265252436637e-01	2079
2.417863445024915e-01	-3.161749815582273e-01	2080
2.760126494347618e-01	-3.246833900781997e-01	2081
3.116946518505435e-01	-3.324682981267282e-01	2082
3.470935443910301e-01	-3.386103903047610e-01	2083
1.014124555004210e+00	-4.010358647545323e-02	2084
1.009670038017455e+00	1.812327353571598e-02	2085
1.006651291822733e+00	-1.141285538812347e-02	2086
1.013756803079473e+00	-2.984641798625801e-02	2087
1.007404613869746e+00	-1.564541590401502e-02	2088
-5.882676331449652e-02	-5.822941845820015e-02	2089
5.620632442439816e-01	3.763059592886404e-01	2090
7.476379234587573e-01	-3.527622965788221e-01	2091
3.010730877774928e-01	3.525818853026507e-01	2092
1.012125541322642e+00	3.014327129356531e-02	2093
-5.482356869106857e-02	4.812214547397067e-02	2094
6.062340686124813e-02	-2.662847315773637e-01	2095
9.537519150416441e-01	-2.239194292834267e-01	2096
1.005549377078150e+00	-6.723014282707006e-03	2097
9.719118941848054e-01	-2.033903561769471e-01	2098
1.349682710838968e-01	2.895799449573154e-01	2099
1.022059289605283e+00	-4.828745046475304e-02	2100
7.114815301316789e-01	-3.647185646587333e-01	2101
-5.513733141548899e-02	-8.989654255463650e-02	2102
1.001893604702742e+00	2.532930680334061e-03	2103
1.002432334665991e+00	6.135281098597134e-04	2104
1.002203872199035e+00	1.632175049969623e-03	2105
1.019460723800037e+00	4.876789372453457e-02	2106
2.603542744297082e-03	1.823112460647040e-01	2107
-3.114224834348835e-02	-1.584843122548299e-01	2108
-4.029221119298251e-02	1.352771129873348e-02	2109
6.734488160680688e-01	-3.751040045825146e-01	2110
4.312832505628691e-01	-3.932739716878656e-01	2111
1.023010652239261e+00	-9.232586557690022e-02	2112
1.023692316619263e+00	-8.221901911039133e-02	2113
1.399351128539361e-01	-3.175829897121607e-01	2114
3.930978889795180e-01	-3.905656664550335e-01	2115
-1.914409379395212e-02	-1.769858939824314e-01	2116
1.021308942384427e+00	6.942892727265525e-02	2117
1.021870027953268e+00	5.994188095211746e-02	2118
9.975104304127107e-01	1.536241142838551e-01	2119
3.679790960724143e-01	3.661119112538967e-01	2120
1.001481851872862e+00	-1.606306051080377e-01	2121
-2.899487573065960e-02	1.353485737004229e-01	2122
2.784338395559426e-02	2.101804584425415e-01	2123
4.032381684634552e-01	3.707382115594590e-01	2124
1.083122173154575e-01	-2.987696437511779e-01	2125
8.227567435228537e-02	-2.816409353662778e-01	2126
1.002634329616787e+00	4.693442501532594e-03	2127
1.002453718040442e+00	-5.316728903246206e-04	2128
1.006611643018872e+00	1.579241994261472e-02	2129
8.926032667044209e-01	-2.775001004557558e-01	2130
1.002263167744451e+00	-1.560992439663128e-03	2131
1.001986179667527e+00	-2.477725542812761e-03	2132
1.010617902748348e+00	2.375970368687242e-02	2133
1.004000969011934e+00	-6.089764686989454e-03	2134
1.005511247997907e+00	-9.031644559861222e-03	2135
1.006094693098722e+00	1.157861435334375e-02	2136
1.005239410006884e+00	6.889108190068984e-03	2137
1.664726525808246e-01	3.063775243561166e-01	2138
-5.382354817681368e-02	5.739015329781248e-02	2139
3.341360771457874e-01	3.601280769874017e-01	2140
9.881838788035144e-01	-1.819141413956139e-01	2141
3.581568180824669e-01	-3.860561572549215e-01	2142
-2.032821559837024e-02	1.509829817280404e-01	2143
-4.716163462101081e-02	2.502063677808592e-02	2144
-4.157629435333682e-02	-1.368374759336211e-02	2145
1.003734192252215e+00	6.192532170312365e-03	2146
1.001714207314214e+00	-4.278001759212589e-03	2147
1.005088186447540e+00	9.172249659266333e-03	2148
1.002823427260572e+00	-4.625112469427460e-03	2149
1.002258110085176e+00	-3.213578976759885e-03	2150
1.011930946086905e+00	4.027234317431189e-02	2151
1.001551710202803e+00	4.305140236794506e-03	2152
9.151554095652089e-01	-2.599235620155619e-01	2153
9.349675928490764e-01	-2.425277380113016e-01	2154
-5.909869880912570e-02	-4.857054203429698e-02	2155
-4.948524466477477e-02	-2.508732077574875e-02	2156
1.011875502834680e+00	-2.348284948441000e-02	2157
1.002134157367558e+00	3.273184007389386e-03	2158
-3.778660865906951e-02	-3.586016049983294e-05	2159
-5.789411712916743e-02	-6.754971432102037e-02	2160
-5.695923270407487e-02	-7.772451131670134e-02	2161
-5.221506132846094e-02	6.630334745931496e-02	2162
2.007449073621717e-01	3.215081211447430e-01	2163
2.684745410505144e-01	3.436135905350094e-01	2164
2.356468097537763e-01	3.340017228396336e-01	2165
-6.825764127891230e-03	-1.960417754852296e-01	2166
1.010603873334267e+00	-1.784143063128793e-02	2167
7.811620093453084e-01	-3.397188412155833e-01	2168
8.117592833253557e-01	-3.259234767585679e-01	2169
8.400673126509089e-01	-3.112028692423908e-01	2170
8.671347467251042e-01	-2.949821410601293e-01	2171
-3.950325438200959e-02	-5.045191250115310e-03	2172
-5.885933391954525e-02	-3.887730104897515e-02	2173
-5.534246248392009e-02	3.879040354167020e-02	2174
1.011377950670342e+00	-1.407662649070947e-01	2175
1.017983389707615e+00	-1.230603757117423e-01	2176
1.020449326736569e+00	-1.074377374294068e-01	2177
1.025040629777020e+00	-5.944279182449595e-02	2178
1.024934755698647e+00	-6.907526363307415e-02	2179
6.081384269886729e-03	-2.125268632258852e-01	2180
2.182861137550133e-02	-2.307966837477528e-01	2181
4.034721523900203e-02	-2.493765328554809e-01	2182
-5.224429285556409e-02	-1.024518883222120e-01	2183
-4.753793550652093e-02	-1.194573748417806e-01	2184
-4.043466474153111e-02	-1.368405723585000e-01	2185
9.829454922010028e-01	1.764086634225012e-01	2186
9.658885466288789e-01	1.985318156105978e-01	2187
9.472415906013001e-01	2.191932216440400e-01	2188
9.272173536018387e-01	2.384483844827575e-01	2189
9.054995590793001e-01	2.565141507520543e-01	2190
8.818368671437006e-01	2.735208788390505e-01	2191
8.556462772188990e-01	2.898574113047306e-01	2192
8.262723058435401e-01	3.058760789038560e-01	2193
7.939344694573539e-01	3.211826278303037e-01	2194
7.594213093874442e-01	3.351295329357107e-01	2195
7.235210040771319e-01	3.473141237843483e-01	2196
6.871319140467405e-01	3.575306763415910e-01	2197
6.511329929655302e-01	3.657216194944464e-01	2198
6.153765727498999e-01	3.719349041413310e-01	2199
4.691653484803383e-02	2.297007643647068e-01	2200
1.080455234358150e-01	2.726505055046082e-01	2201
8.749060833627366e-02	2.597596921895295e-01	2202
4.729483956981953e-01	-3.945721133617218e-01	2203
5.151616353902632e-01	-3.947609696652311e-01	2204
-3.530061774856474e-02	1.217578239049942e-01	2205
-3.986283223703754e-02	1.117210742724222e-01	2206
-4.442015160214415e-02	9.873086790999214e-02	2207
-4.788076367170158e-02	8.755951432255274e-02	2208
-5.055408302257424e-02	7.602902196301639e-02	2209
6.805228989391049e-02	2.467848420445074e-01	2210
1.383488770046900e-02	1.950987298214896e-01	2211
-9.307222113206537e-03	1.665281346214652e-01	2212
5.101054208769636e-01	3.771846106017124e-01	2213
4.747543242609530e-01	3.763323626302753e-01	2214
4.391270040570395e-01	3.741290016477652e-01	2215
1.008434744393607e+00	1.318123254782083e-01	2216
1.019379429750722e+00	8.256939724881808e-02	2217
1.017858829859273e+00	9.400118492031447e-02	2218
1.013366543480903e+00	1.116969827192564e-01	2219
5.547824017920064e-01	-3.931809314117057e-01	2220
5.932423740411824e-01	-3.897792145516447e-01	2221
6.338940161406360e-01	-3.836122216414139e-01	2222
1.751690981767311e-01	-3.350391500408607e-01	2223
2.122841074494557e-01	-3.498710159283413e-01	2224
2.486894707859016e-01	-3.612934823884075e-01	2225
2.846055577089119e-01	-3.709326478181571e-01	2226
3.218104006582870e-01	-3.795136370496461e-01	2227
7.063649893524587e-01	-4.194795714007236e-01	2228
1.003080529869614e+00	3.738340494156301e-03	2229
-4.903019422506896e-02	1.361260519591278e-01	2230
-6.515222622432262e-02	6.381722929280519e-02	2231
-6.406273266481735e-02	7.314459653728655e-02	2232
1.012309706187087e+00	-2.042270479160347e-02	2233
-4.903128758779585e-02	-1.675321180410362e-02	2234
7.823233559901663e-01	-3.914454519395583e-01	2235
1.661760245600376e-02	2.404862066582006e-01	2236
9.030340110243953e-01	-3.195869449092157e-01	2237
1.041273230527630e-01	-3.413802599869993e-01	2238
1.009501005974890e+00	1.518761922223538e-02	2239
1.019437058112615e+00	-4.276854705173226e-02	2240
1.012373406850516e+00	2.734035595053344e-02	2241
1.007638743387891e+00	1.310502207331129e-02	2242
1.674286493056308e-01	3.533855976935285e-01	2243
1.003601612149517e+00	5.108675403092220e-03	2244
1.015559172991664e+00	3.517929200885717e-02	2245
-4.735898027830822e-02	-7.807693746046749e-03	2246
1.002915514817378e+00	2.572834065970592e-04	2247
1.002923477322026e+00	-1.572295449010168e-04	2248
1.017461852854336e+00	-3.476290313726269e-02	2249
2.735544711867707e-01	3.941451497721373e-01	2250
-6.800711503918468e-02	-9.941754867033264e-02	2251
-4.742384010082288e-02	1.691362337557272e-02	2252
-3.864013789668126e-02	6.390224890888843e-03	2253
1.033637164007302e+00	-8.793656814137552e-02	2254
1.033362641706649e+00	-7.649927601000757e-02	2255
4.086773987567121e-01	-4.438345644838154e-01	2256
7.499496545799114e-02	-3.207080940266442e-01	2257
-5.838368310832742e-02	-2.887209488303999e-02	2258
3.806618866063104e-01	4.189506438724365e-01	2259
1.021228645363443e-01	3.132812059686554e-01	2260
-3.313281279201814e-02	1.714457900821428e-01	2261
-6.567611955627115e-02	5.376562978371697e-02	2262
-2.224563705810066e-02	1.885093714692118e-01	2263
4.181613517257117e-01	4.236560937591233e-01	2264
3.081483573181305e-01	4.041386508630595e-01	2265
1.023115771261664e+00	5.532968726478467e-02	2266
7.456320071930662e-01	-4.062663146681528e-01	2267
1.001427499196619e+00	-2.087374567856247e-01	2268
5.118145138006808e-02	-3.022608548607494e-01	2269
1.013840607467531e+00	-2.700603589828045e-02	2270
1.008285373167631e+00	-1.287559804789927e-02	2271
6.432339122260801e-01	4.200986219396367e-01	2272
6.650595015889077e-01	-4.306179290342410e-01	2273
9.853895945310596e-01	-2.334514809629016e-01	2274
1.014615689292586e+00	-1.835444436891687e-01	2275
1.326540558862762e-01	3.338405847284017e-01	2276
1.002661441601219e+00	1.205226486799199e-03	2277
1.002342178417193e+00	2.178979887003764e-03	2278
1.017663326346343e+00	1.501825926270467e-01	2279
1.026043163367795e+00	-5.473130929730531e-02	2280
1.029582440668746e+00	6.518004521572519e-02	2281
1.389938781157518e-01	-3.633791918270945e-01	2282
3.692043050884570e-01	-4.389399380116141e-01	2283
1.032967813387176e+00	-6.434324227712641e-02	2284
-4.202770911450346e-02	1.525686034353572e-01	2285
-7.057722153384134e-02	-6.411903278162495e-02	2286
-7.016357994672627e-02	-7.377124526667869e-02	2287
1.002705728476621e+00	-1.115650985076927e-03	2288
1.002186726525653e+00	-3.990955749330758e-03	2289
1.003816713657018e+00	-5.002464229899524e-03	2290
1.002423230201403e+00	-2.104827930845580e-03	2291
1.011222638688267e+00	2.076306761347773e-02	2292
1.006241606272865e+00	-7.874270324144861e-03	2293
3.438888031308077e-01	4.125008925453693e-01	2294
1.005870209909820e+00	8.061234300261670e-03	2295
1.003230340793424e+00	-3.643798169755104e-03	2296
1.017121570980162e+00	4.317853815000963e-02	2297
9.274734656352925e-01	-2.986633794494941e-01	2298
9.486702995418436e-01	-2.778691000926846e-01	2299
9.676486199506511e-01	-2.565377423818500e-01	2300
-6.961212763023637e-02	-4.348830275926528e-02	2301
-7.034563251703740e-02	-5.373058353675603e-02	2302
-6.571048448249577e-02	4.382761616091926e-02	2303
1.010267929517432e+00	-1.488488773315014e-02	2304
1.002031129682875e+00	4.040289921422812e-03	2305
-6.973218869088113e-02	-8.580908374066894e-02	2306
2.042883920361947e-01	3.703213176780403e-01	2307
2.402381960480503e-01	3.835699228923812e-01	2308
-4.395673196588338e-02	-1.797962432305914e-01	2309
-3.294329452085496e-02	-1.991959268077392e-01	2310
8.159989114636467e-01	-3.754731092441621e-01	2311
8.469149372990130e-01	-3.583962497169280e-01	2312
8.758787350628725e-01	-3.397955613942131e-01	2313
-4.473129339828356e-02	-5.056544458351379e-04	2314
-5.570059396084936e-02	2.913218564944339e-02	2315
1.021759758680482e+00	-1.582836305262148e-01	2316
1.028972351073020e+00	-1.372011137097762e-01	2317
1.033168281784256e+00	-1.017887250159668e-01	2318
1.032501054527967e+00	-1.172687963437891e-01	2319
-2.104006556182117e-02	-2.202612244066159e-01	2320
2.955535408456426e-02	-2.826544846641110e-01	2321
-7.455871795784689e-03	-2.398565945878884e-01	2322
9.919953509489758e-03	-2.609066960600717e-01	2323
-6.540245047187977e-02	-1.151332955107857e-01	2324
-6.073405910415206e-02	-1.348853474851515e-01	2325
-5.376056719986731e-02	-1.551761248547290e-01	2326
1.009471473794599e+00	1.774923103997129e-01	2327
9.952860013236032e-01	2.037763709903929e-01	2328
9.786036279950726e-01	2.289772917022646e-01	2329
9.599351462325185e-01	2.526492947854287e-01	2330
9.391161394404769e-01	2.750264861055052e-01	2331
9.159837970728266e-01	2.961960568833422e-01	2332
8.902982110795639e-01	3.162713889470053e-01	2333
8.616329306252298e-01	3.356014908451246e-01	2334
8.296290657863145e-01	3.542681988722605e-01	2335
7.946963447269848e-01	3.717143612624597e-01	2336
7.577079588113108e-01	3.872847327448514e-01	2337
7.196379453160276e-01	4.006050132444741e-01	2338
6.814255468803615e-01	4.115229724699417e-01	2339
5.947338211727144e-01	4.264955383106979e-01	2340
3.749030732063564e-02	2.631951023373137e-01	2341
7.882426132856894e-02	2.970109398182044e-01	2342
4.507038238730937e-01	-4.465458359425881e-01	2343
4.940766009674570e-01	-4.477268257213503e-01	2344
-5.726748333595932e-02	1.103922758905097e-01	2345
-6.027279384257363e-02	9.731823866104258e-02	2346
-6.279106071895491e-02	8.472699803230634e-02	2347
5.880304269781392e-02	2.819440303178816e-01	2348
5.378933541743142e-04	2.214933611270768e-01	2349
-1.101327501816989e-02	2.054595777405877e-01	2350
5.390585770853229e-01	4.293465349501797e-01	2351
4.741009463445190e-01	4.277885117507841e-01	2352
1.029385636103798e+00	7.735668931115072e-02	2353
1.028971071650656e+00	8.971112685591054e-02	2354
1.024665767613434e+00	1.252428422429724e-01	2355
1.027190633767163e+00	1.058553062142374e-01	2356
5.373653043834430e-01	-4.471721300699520e-01	2357
5.789941050093628e-01	-4.445983002692209e-01	2358
6.218823815104518e-01	-4.392620336301962e-01	2359
1.773163484173249e-01	-3.832044727235324e-01	2360
2.166526840601214e-01	-3.994944843518565e-01	2361
2.543632702161296e-01	-4.118260533233384e-01	2362
2.922698745793946e-01	-4.227503293327631e-01	2363
3.311722659423329e-01	-4.321306172385200e-01	2364
1.012382100552233e+00	1.730487628230813e-02	2365
1.025902161340225e+00	-4.304682472306684e-02	2366
1.023303342307500e+00	-3.755520384309362e-02	2367
-5.750231992471550e-02	-1.964338653066735e-02	2368
1.004903254820334e+00	-5.379497876184116e-03	2369
-7.771695919266972e-02	4.862571163260746e-02	2370
2.600554342675422e-01	4.446530242734337e-01	2371
8.220622928873735e-01	-4.310568191980102e-01	2372
3.820080119665855e-01	-4.983998708354847e-01	2373
-3.872478918033161e-02	2.115529990623276e-01	2374
-7.826546801331541e-02	5.925623091936583e-02	2375
3.939682082407203e-01	4.767313487971029e-01	2376
1.002892546640974e+00	-2.650766558539344e-01	2377
1.008651456893003e+00	-1.081741984350489e-02	2378
1.013692395243957e+00	-1.764831912442321e-02	2379
1.012859654953308e+00	-1.609490717702193e-02	2380
6.765353429799062e-02	3.386517191317207e-01	2381
-1.494018069150333e-02	2.509999537038840e-01	2382
1.003031794951381e+00	7.943087319750333e-04	2383
1.002826794796259e+00	1.800245933208887e-03	2384
1.045391494392463e+00	-1.297634453140673e-01	2385
1.007103234401505e+00	-9.229599367963385e-03	2386
1.006993488485291e+00	-6.638490140722144e-03	2387
1.006657675449706e+00	9.443657454878424e-03	2388
1.010104728349477e+00	1.278149261545661e-02	2389
1.002894856710658e+00	-1.705931447048327e-03	2390
1.003060715659697e+00	-6.899472934096384e-04	2391
-5.649427075377483e-02	-1.083437134108240e-02	2392
-5.280406178100491e-02	-1.782536683825535e-03	2393
1.288329703418815e-01	3.835736338868378e-01	2394
7.443372435960776e-01	-4.663009612833266e-01	2395
9.431469801256918e-01	-3.413674427447293e-01	2396
1.026926689445669e+00	4.895410099159451e-02	2397
-8.308276826373324e-02	-1.099038802875850e-01	2398
4.261247219616583e-01	-5.034050849676284e-01	2399
-7.147563958918821e-02	1.288734458412280e-01	2400
-7.817550076324201e-02	6.986937252356291e-02	2401
-7.783150286913421e-02	8.033084480154509e-02	2402
2.954359232977370e-03	2.743334491584469e-01	2403
3.542811839472879e-01	4.703341115901871e-01	2404
1.042134308749557e+00	-7.011601136549449e-02	2405
1.365176659903502e-01	-4.148328687143601e-01	2406
9.168358099163628e-01	-3.660782029615815e-01	2407
9.805915540645027e-02	-3.892922027593030e-01	2408
6.550715366892962e-02	-3.646365454365021e-01	2409
3.904141954866890e-02	-3.422820964729272e-01	2410
7.011217857994358e-01	-4.808511548135595e-01	2411
7.847910072071086e-01	-4.495229933676824e-01	2412
1.583410174804389e-02	-3.192794714374124e-01	2413
1.669830430756848e-01	4.060019234216754e-01	2414
1.004141642315544e+00	4.119738463655759e-03	2415
1.004661972797863e+00	5.529563258859556e-03	2416
1.003507603692491e+00	6.139705233274748e-05	2417
-8.437678690906485e-02	-9.453984358554608e-02	2418
-5.559454640538422e-02	2.013973388233643e-02	2419
1.036484986100902e+00	1.421141394563604e-01	2420
1.043716723746655e+00	-8.195261801399163e-02	2421
9.449940189574414e-02	3.591270862863173e-01	2422
-4.868241749867587e-02	1.931621883278028e-01	2423
-6.849396983461965e-02	-3.244960076886180e-02	2424
3.151033263837674e-01	4.616657158688662e-01	2425
1.039770491591464e+00	9.913191475840569e-02	2426
1.018253618177794e+00	-2.370519577479777e-01	2427
1.015479795338890e+00	-2.300079325980667e-02	2428
1.010742772497047e+00	-1.242666284137819e-02	2429
1.032460264830174e+00	-2.087984211947244e-01	2430
1.002704188257136e+00	2.860073225757724e-03	2431
1.029515682258675e+00	-4.808135251693890e-02	2432
-5.783889482945131e-02	1.714420220606682e-01	2433
-6.484892597152959e-02	1.524033125397535e-01	2434
-8.327294965369944e-02	-5.864145321731285e-02	2435
1.002814497337408e+00	-2.775301432266785e-03	2436
1.004314425803772e+00	-3.983276542473828e-03	2437
1.014235918971297e+00	2.347873489133203e-02	2438
1.008111824291119e+00	1.108816467510986e-02	2439
1.006677285314331e+00	6.871429000130553e-03	2440
1.023575602764149e+00	4.379505140244071e-02	2441
1.021270170853185e+00	3.823952050562388e-02	2442
9.659409111002846e-01	-3.164044449510197e-01	2443
9.855252318047919e-01	-2.913312074360951e-01	2444
-8.193889320304479e-02	-4.777307036499520e-02	2445
-8.394479548684168e-02	-6.952611773038442e-02	2446
-8.432463926363136e-02	-8.025898107720293e-02	2447
2.062534234952197e-01	4.246092123283151e-01	2448
-3.819147037984010e-02	-2.464521526977667e-01	2449
8.561764424769284e-01	-4.111309094701960e-01	2450
8.876681144185190e-01	-3.895348394815092e-01	2451
-4.684502168255499e-02	7.813697735761578e-03	2452
-6.547759374360596e-02	3.311017194998789e-02	2453
1.044883563943138e+00	-9.521375890914356e-02	2454
1.037026060889207e+00	-1.760832757232044e-01	2455
1.041360591105573e+00	-1.531676920869345e-01	2456
1.045858662907700e+00	-1.100298446850495e-01	2457
-6.020446618861899e-02	-2.017118441639051e-01	2458
-5.028511273451413e-02	-2.226783439284929e-01	2459
-2.345689727811434e-02	-2.705354596263521e-01	2460
-5.237796916057465e-03	-2.940656438354115e-01	2461
-8.082806453915928e-02	-1.290887302792898e-01	2462
-7.592279227311914e-02	-1.513269236742396e-01	2463
-6.950946237536963e-02	-1.755188586771372e-01	2464
1.031669569430168e+00	1.694049647010794e-01	2465
1.021511843007473e+00	2.010733957279897e-01	2466
1.011178663935253e+00	2.325602028194977e-01	2467
9.951018425218204e-01	2.613094829234828e-01	2468
9.762304864792513e-01	2.887728457979943e-01	2469
9.544416719042099e-01	3.150240701030781e-01	2470
9.296096902414097e-01	3.400273423065917e-01	2471
9.016726437750218e-01	3.638234252867490e-01	2472
8.702686515284770e-01	3.866772207088586e-01	2473
8.352893564401750e-01	4.083990433802741e-01	2474
7.973578234709967e-01	4.282897444843764e-01	2475
7.575497009292175e-01	4.456705570831257e-01	2476
7.169244963855391e-01	4.602108879400090e-01	2477
6.757300971995093e-01	4.709110306861362e-01	2478
6.281014483355407e-01	4.811219882984319e-01	2479
4.710235015130889e-01	-5.060329610033280e-01	2480
-7.504943509834913e-02	1.073701385153272e-01	2481
-7.697504907368440e-02	9.387591472838255e-02	2482
4.642731573240647e-02	3.196599720275276e-01	2483
2.470684460889652e-02	2.995587454337600e-01	2484
-2.813217705539497e-02	2.300170321267438e-01	2485
5.717972277305362e-01	4.863839987349912e-01	2486
5.075813241173348e-01	4.870272233088910e-01	2487
4.441003798159762e-01	4.835451058353000e-01	2488
1.038500198071324e+00	7.144631449462169e-02	2489
1.039496616722318e+00	8.391958396784574e-02	2490
1.039450716793999e+00	1.173978723682654e-01	2491
5.167386280691962e-01	-5.067376379784041e-01	2492
6.553783173085538e-01	-4.926652269187370e-01	2493
5.621124857328519e-01	-5.051176852562340e-01	2494
6.080829354244340e-01	-5.009319658827015e-01	2495
1.779483785200363e-01	-4.371392915367815e-01	2496
2.193927725853860e-01	-4.549069628106965e-01	2497
2.586003959445450e-01	-4.683846048593947e-01	2498
2.989072853733653e-01	-4.807484152755332e-01	2499
3.404324026168817e-01	-4.905640051859311e-01	2500
1.014633577570058e+00	1.990892864416306e-02	2501
5.420620865410691e-01	-5.713200136297912e-01	2502
1.010331994223002e+00	1.050246233472231e-02	2503
5.352984433046517e-02	-4.140097437958866e-01	2504
1.031053861905857e+00	5.571504443833938e-02	2505
-9.197299214514784e-02	1.210981728136767e-01	2506
-8.898965911523332e-02	1.462522592058023e-01	2507
4.124562426521539e-01	5.439298445040281e-01	2508
2.389746310763591e-02	-3.868392904160122e-01	2509
1.042065517420144e+00	-5.992567183871810e-02	2510
8.680221433008000e-01	-4.700085913648544e-01	2511
-1.006045926012111e-01	-1.215883305696105e-01	2512
-9.600541459910450e-02	-5.156604845695486e-02	2513
1.231182521165877e-01	4.393231602263811e-01	2514
1.038984082878377e+00	6.136497879037376e-02	2515
1.015632238205223e+00	-2.036302010979193e-02	2516
1.008604212237090e+00	9.191603102481346e-03	2517
1.007468998015525e+00	8.146218194310086e-03	2518
1.007852370833213e+00	-7.884203267953364e-03	2519
-9.268124876998228e-02	6.448855222432755e-02	2520
5.395566490069470e-02	3.855041062298491e-01	2521
1.039410803449376e+00	-2.666855946623130e-01	2522
-6.703149532248934e-02	-2.231129032304048e-02	2523
9.627008724645847e-01	-3.881930690682915e-01	2524
-1.249061885399760e-03	-3.595095731119280e-01	2525
-7.994235031207708e-02	-3.564462519923411e-02	2526
1.645861867542959e-01	4.647511571042953e-01	2527
-6.778744814161157e-02	2.153073363665759e-01	2528
1.060283950851451e+00	-1.201719040012841e-01	2529
4.690626377617229e-01	-5.708648489274395e-01	2530
3.970462333539337e-01	-5.645457465141011e-01	2531
7.433366662839800e-01	-5.337049121115340e-01	2532
8.986491503370965e-02	-4.430907831680579e-01	2533
1.029589918341381e+00	-3.792322178156840e-02	2534
1.032688618424764e+00	-4.195202681995723e-02	2535
1.020642359483102e+00	3.261005836074652e-02	2536
1.016551511572313e+00	2.696140965138029e-02	2537
-6.623120335204638e-02	-1.429905125252796e-02	2538
-1.008967490853696e-01	-1.036241215782266e-01	2539
-7.665918985015362e-02	3.675837339305653e-02	2540
3.447716893711262e-01	5.283074212741395e-01	2541
8.300867939293683e-01	-4.934029338801176e-01	2542
1.024461539365799e+00	-2.979983889118450e-01	2543
1.006225249515226e+00	-5.520296182199408e-03	2544
1.009045706958339e+00	-8.881904114886915e-03	2545
2.900770350974937e-02	3.612210181553490e-01	2546
-3.318123162295366e-02	2.837418302012458e-01	2547
1.003719884367260e+00	3.097005468000349e-03	2548
1.003305963736387e+00	1.370523182790016e-03	2549
1.012714227778877e+00	-1.409072232323064e-02	2550
1.011974784933234e+00	1.452517779648986e-02	2551
1.005509705949623e+00	-4.303108631223226e-03	2552
1.003358151481444e+00	-1.256410686511570e-03	2553
6.948504070745792e-01	-5.496569949336025e-01	2554
1.033974370881487e+00	-5.469469455765061e-02	2555
-9.367709950988874e-02	8.794242123537728e-02	2556
1.053412107425332e+00	1.317015087886765e-01	2557
1.052963153592016e+00	-7.467034327445772e-02	2558
7.884929728327260e-01	-5.147426363412916e-01	2559
1.005968143598599e+00	5.727521588515907e-03	2560
1.005314415180844e+00	4.488203126013306e-03	2561
-6.220229991000374e-02	-3.276968698393895e-03	2562
8.485670335440954e-02	4.107784307370158e-01	2563
-9.153649081405618e-02	5.304559637929668e-02	2564
2.723076349986422e-01	5.104026509830283e-01	2565
1.058227773926725e+00	-1.017224712580739e-01	2566
1.017992276245774e+00	-2.639012053273025e-02	2567
1.022372912123557e+00	-3.190400096343072e-02	2568
1.010848474827879e+00	-1.011868945432743e-02	2569
1.048294352607359e+00	-2.343755646640433e-01	2570
1.002968144905698e+00	2.480301928840909e-03	2571
-7.650853012040322e-02	1.920318714918542e-01	2572
-8.278249768286494e-02	1.696925621188157e-01	2573
-9.796623743576048e-02	-6.320003925348580e-02	2574
1.003064234609051e+00	-2.383068343630435e-03	2575
1.003845316035072e+00	-2.972434555280510e-03	2576
1.030412550680415e+00	4.305920782827748e-02	2577
1.027527415769789e+00	3.892143541170210e-02	2578
9.871056181619869e-01	-3.583185490988803e-01	2579
1.007478617690356e+00	-3.284158757031004e-01	2580
-1.005361341107892e-01	-8.729201833120968e-02	2581
-9.920858820277449e-02	-7.433886308773598e-02	2582
-9.317802156138263e-02	7.542871286097229e-02	2583
2.148446876471742e-01	4.888725588752819e-01	2584
9.027323393138930e-01	-4.447810793687210e-01	2585
9.343819929500036e-01	-4.173434088323774e-01	2586
-5.578588429924253e-02	8.871518860759296e-03	2587
-6.485901192408432e-02	2.318466283194169e-02	2588
1.056451730182682e+00	-1.952331200251284e-01	2589
1.058056788497221e+00	-1.680869016306525e-01	2590
1.059911528038057e+00	-1.442509569749565e-01	2591
-8.024277669046759e-02	-2.238799760742040e-01	2592
-7.102326389448435e-02	-2.479901620356923e-01	2593
-5.820328312497308e-02	-2.750336105013530e-01	2594
-4.253012032012428e-02	-3.039371924164362e-01	2595
-2.374139169626944e-02	-3.307028807627511e-01	2596
-8.857576040818482e-02	-1.968680940683932e-01	2597
-9.889420956305925e-02	-1.446334739563974e-01	2598
-9.439791923689096e-02	-1.690057385599845e-01	2599
1.052083161101822e+00	1.590490886729534e-01	2600
1.046830750528998e+00	1.918385636851959e-01	2601
1.039942135785992e+00	2.246823482072191e-01	2602
1.032941232036212e+00	2.636904173196613e-01	2603
1.015443479876975e+00	2.955483315051521e-01	2604
9.963888815429733e-01	3.276539118122689e-01	2605
9.735250132081952e-01	3.586954042200901e-01	2606
9.468681846700225e-01	3.883323327239575e-01	2607
9.164205681152564e-01	4.166259406190886e-01	2608
8.819059805673313e-01	4.436580990510642e-01	2609
8.434993555204715e-01	4.689356024623491e-01	2610
8.021062321608625e-01	4.916205704277339e-01	2611
7.589221881965558e-01	5.110280952114227e-01	2612
7.127930892570168e-01	5.251087844862684e-01	2613
6.667434394624244e-01	5.390372899135359e-01	2614
-9.317011708081890e-02	1.028664727808944e-01	2615
-1.408934801890710e-02	3.114386328172301e-01	2616
8.721201049434427e-03	3.389963121896986e-01	2617
-4.800509220989347e-02	2.573165086313229e-01	2618
-5.909492729602540e-02	2.355282939203600e-01	2619
6.077939224693376e-01	5.486672018105849e-01	2620
5.425541087389463e-01	5.518712914102636e-01	2621
4.746558342414867e-01	5.502289788294775e-01	2622
1.051236916351852e+00	9.136833680436250e-02	2623
1.049176890799370e+00	7.690793827855166e-02	2624
1.055644352859674e+00	-8.754989833499613e-02	2625
1.052994646942244e+00	1.085715618884218e-01	2626
5.913782230548384e-01	-5.689834637081002e-01	2627
6.434201986318442e-01	-5.618230462362910e-01	2628
1.321017077693591e-01	-4.724786228399732e-01	2629
1.766319642138928e-01	-4.973731934238507e-01	2630
2.201037730277057e-01	-5.166742461464828e-01	2631
2.612706075066901e-01	-5.316112085820339e-01	2632
3.278069967802092e-01	-5.500358791892913e-01	2633
1.010524585377753e+00	8.461382495639535e-03	2634
-9.342606413230406e-02	-3.967966266456716e-02	2635
1.025876258482575e+00	3.488074091763620e-02	2636
1.018016525477473e+00	2.266315729383382e-02	2637
5.454720929010625e-03	-4.365065132892463e-01	2638
-7.736347225179170e-02	-2.096853271854689e-02	2639
7.930962260777369e-01	-5.880679456222271e-01	2640
-2.181489825052440e-02	-4.034708136044071e-01	2641
-6.520397145160067e-02	9.251888183724992e-03	2642
1.012548425641151e+00	-4.036807790719725e-01	2643
9.212244080293446e-01	-5.062172953479183e-01	2644
7.417618686006133e-01	-6.094774498585008e-01	2645
3.877232404324932e-02	-4.694819548550795e-01	2646
-1.209508670761653e-01	-1.345738683974790e-01	2647
1.015155642102893e+00	1.617068970069060e-02	2648
5.053857810412929e-01	-6.443203510510159e-01	2649
-1.104631592830677e-01	8.084918066044601e-02	2650
1.023425729315008e+00	-2.653719198411739e-02	2651
1.007640090974492e+00	-5.372586623084153e-03	2652
1.007381336829593e+00	5.644919069999656e-03	2653
1.006824800655689e+00	-4.350115227336306e-03	2654
-7.291367550332251e-02	-5.679251774313395e-03	2655
8.894280895232136e-03	4.077337250288309e-01	2656
7.275983246851009e-02	4.688306512829094e-01	2657
1.027725120795554e+00	-3.393038735742623e-02	2658
1.015312140114070e+00	-1.491506238680742e-02	2659
1.003517640886613e+00	2.037702195311325e-03	2660
1.012998330970109e+00	-1.147638947850280e-02	2661
-1.119976788751059e-01	-2.187278279465545e-01	2662
-1.201837053593581e-01	-1.128518920301038e-01	2663
-1.117628312162062e-01	9.583119049055863e-02	2664
-1.125084154529968e-01	1.361483190613605e-01	2665
1.003768173709166e+00	-6.803314244801964e-04	2666
1.039506726504749e+00	5.231463945677378e-02	2667
6.862671980155626e-01	-6.267423000432790e-01	2668
1.050471790475411e+00	-3.322280884670908e-01	2669
9.865967203473163e-01	-4.393529497289292e-01	2670
-1.121026971236932e-01	1.131203987292046e-01	2671
1.149393511615150e-01	5.016127720570784e-01	2672
-9.116173939856612e-02	2.373772088607513e-01	2673
1.034649929683902e+00	4.907048269519058e-02	2674
1.051186358945052e+00	-6.425265632109543e-02	2675
5.702572653548790e-01	-6.412020791934043e-01	2676
-1.119584043936451e-01	-5.486336966922176e-02	2677
1.012397761786779e+00	1.195140817441930e-02	2678
4.385397261710493e-01	6.187403534814674e-01	2679
-1.189980209894638e-01	-9.502354771611066e-02	2680
1.646642845708422e-01	5.326882470194846e-01	2681
1.071435685088011e+00	-2.578913078053461e-01	2682
1.017038592529662e+00	-1.730327724093671e-02	2683
1.009090097677709e+00	7.527546789763990e-03	2684
1.008259151261681e+00	6.773970118951545e-03	2685
1.008576956549663e+00	-6.466821983401162e-03	2686
1.009448843794700e+00	-7.184684862507720e-03	2687
3.769942782447611e-02	4.381500598864227e-01	2688
1.061197019873760e+00	-2.961416114230174e-01	2689
-3.464409970062073e-02	3.521141368305845e-01	2690
-1.340301928615789e-02	3.801447222501257e-01	2691
1.065232570458878e+00	9.869386918318543e-02	2692
1.073625012905178e+00	-1.092754732415730e-01	2693
8.828542367217771e-01	-5.359149037447762e-01	2694
1.021978819668736e+00	2.737050179607918e-02	2695
-1.072927447913316e-01	5.705711386715148e-02	2696
8.400904819394256e-01	-5.633871553365241e-01	2697
-5.496724455529858e-02	3.195382115447072e-01	2698
1.003737907448651e+00	8.121704953511735e-04	2699
1.010934973449241e+00	-8.055627347024986e-03	2700
1.004858789783069e+00	3.354970929157165e-03	2701
1.006619530337047e+00	4.592633351997034e-03	2702
1.005000326192167e+00	-3.184071259555392e-03	2703
1.042163983309938e+00	-5.079543310671190e-02	2704
1.037219917149889e+00	-4.781595000813727e-02	2705
3.653987824669199e-01	6.047682350132749e-01	2706
1.068430410718652e+00	1.199460507468698e-01	2707
1.048031783955738e+00	6.627659032439209e-02	2708
-8.984033389704885e-02	4.132819526315398e-02	2709
2.944829839384253e-01	5.852890008577432e-01	2710
-9.908947147566129e-02	2.137181096422524e-01	2711
-1.044107843376732e-01	1.877876548565449e-01	2712
-1.086385974376673e-01	1.637893612824260e-01	2713
1.003597512886949e+00	-1.916906837907126e-03	2714
1.033820518111309e+00	3.763669634677522e-02	2715
1.035807704581289e+00	-3.631924441366648e-02	2716
1.033663630757623e+00	-3.678632030593437e-01	2717
-1.167155453364746e-01	-7.905334783587853e-02	2718
-1.145723329729115e-01	-6.698850588199824e-02	2719
-1.090904021374754e-01	6.904481387571194e-02	2720
2.226653697640089e-01	5.608016497750861e-01	2721
9.560331929055521e-01	-4.738510945580565e-01	2722
-7.531595423517472e-02	2.589826279088916e-02	2723
1.076946228721213e+00	-2.197297763341065e-01	2724
1.076654801571447e+00	-1.323913989677460e-01	2725
1.078726833677629e+00	-1.827553909499235e-01	2726
1.077997445618853e+00	-1.575556538726779e-01	2727
-1.040954707187374e-01	-2.466555083667277e-01	2728
-9.525422266683495e-02	-2.758604359842338e-01	2729
-4.601029252520008e-02	-3.710669500967917e-01	2730
-8.212647872012233e-02	-3.064895583210945e-01	2731
-6.552169324935909e-02	-3.398851993044461e-01	2732
-1.193022308886354e-01	-1.609051496489757e-01	2733
-1.163844656863060e-01	-1.879646367049951e-01	2734
1.070609904041303e+00	1.463430566326512e-01	2735
1.070056430950360e+00	1.788478073928095e-01	2736
1.067171225927317e+00	2.133525324375302e-01	2737
1.063809455773039e+00	2.492206863357139e-01	2738
1.052485290815277e+00	2.951658698415755e-01	2739
1.040533339748765e+00	3.321220302204495e-01	2740
1.020715780930052e+00	3.694079367537890e-01	2741
9.967941537629487e-01	4.062008329510189e-01	2742
9.682550885436574e-01	4.414715289726539e-01	2743
9.349698042867102e-01	4.751999767838636e-01	2744
8.968807137585240e-01	5.072017366131810e-01	2745
8.545341842015766e-01	5.366407705524268e-01	2746
8.090815609949445e-01	5.625968861784165e-01	2747
7.342487458367288e-01	5.916390745457645e-01	2748
-7.120810821066732e-02	2.879783437239478e-01	2749
-8.283882630874151e-02	2.614185917395379e-01	2750
6.507082753631824e-01	6.150579099274017e-01	2751
5.808079843011790e-01	6.227823855165666e-01	2752
5.091403060842078e-01	6.236203687189052e-01	2753
1.069494394949235e+00	-9.229691105180111e-02	2754
1.061565446930242e+00	8.256756034037567e-02	2755
1.065363335726653e+00	-7.877494594309505e-02	2756
4.270453618766212e-01	-6.396041991244509e-01	2757
6.277233261450814e-01	-6.385153277312734e-01	2758
7.927624333590828e-02	-5.031535437712258e-01	2759
1.252727403832433e-01	-5.368741461641278e-01	2760
1.728801320028140e-01	-5.644849878214788e-01	2761
2.191891070561938e-01	-5.835816049691130e-01	2762
2.767629462285811e-01	-6.056295814791981e-01	2763
3.481842917255565e-01	-6.259004546280137e-01	2764
-1.224420490666450e-01	-3.054859948552262e-01	2765
9.437771091533693e-01	-5.744517237930324e-01	2766
-7.333605945716810e-02	1.325146758382077e-02	2767
8.518467710918779e-01	-6.420921181366935e-01	2768
5.420713261149461e-01	-7.243636600190018e-01	2769
1.012896072209889e+00	-9.132359622140726e-03	2770
1.015213780510003e+00	-1.304732233661352e-02	2771
1.050349118885637e+00	-5.482983037314698e-02	2772
1.006175072836099e+00	-3.312524077713099e-03	2773
1.040000245541781e+00	-4.154469047302460e-02	2774
3.895703633279459e-01	6.894181305852122e-01	2775
7.978091806171662e-01	-6.706843290191471e-01	2776
-1.397777955719275e-01	-1.025649962850479e-01	2777
-1.437677300616032e-01	-1.491380762510342e-01	2778
1.011027407379912e+00	-6.189962680708473e-03	2779
9.820047306741707e-01	-5.362079689817026e-01	2780
-6.114154641829624e-02	3.947376193067170e-01	2781
-4.026246346904838e-02	4.254175267898888e-01	2782
1.064962578884102e+00	-4.101477068270068e-01	2783
9.005101126200735e-01	-6.097805414752593e-01	2784
1.037739589098731e+00	4.300659075540710e-02	2785
1.047617713158855e+00	5.676479772279868e-02	2786
-7.774507993230927e-02	6.181709826911931e-03	2787
1.067547211884074e-01	5.728222629856707e-01	2788
1.650158126390734e-01	6.098242827949384e-01	2789
-1.424933943510986e-01	-1.228491880838843e-01	2790
1.020793193349775e+00	-2.262893935783367e-02	2791
4.616118923361791e-01	-7.228278835565234e-01	2792
1.102424283291093e+00	-2.022168208198482e-01	2793
1.102193801397525e+00	-2.426428244145827e-01	2794
1.090746771598269e+00	-3.242778449295536e-01	2795
-1.271999066806021e-01	7.277135703679939e-02	2796
1.059365746428292e+00	7.021707064650701e-02	2797
5.762150388861133e-02	5.338610873670747e-01	2798
-4.725571091182067e-02	-4.520383811196585e-01	2799
2.110396302834198e-02	-5.317858028181552e-01	2800
1.018099722976620e+00	1.863060345547126e-02	2801
-1.086789257386367e-01	-4.261183485477843e-02	2802
1.022937972601389e+00	2.256962682554044e-02	2803
-7.214002114031198e-02	-4.156537590084414e-01	2804
7.382201157780665e-01	-6.947439287180719e-01	2805
1.042689545513609e+00	-4.525112687782381e-01	2806
-1.661200516720750e-02	-4.919485270552624e-01	2807
1.019226298059587e+00	-2.017759308386563e-02	2808
-1.329697986168905e-01	-6.993659309439614e-02	2809
1.008195102801415e+00	-4.094580179172819e-03	2810
1.008900942863330e+00	5.371466282032202e-03	2811
1.004270604908925e+00	7.647673716009920e-05	2812
-1.048848362071925e-01	4.491577590400478e-02	2813
-1.444583684983831e-02	4.597414213680715e-01	2814
1.027389237172667e+00	-3.012805947712914e-02	2815
1.018463824973408e+00	-1.445337683721855e-02	2816
1.004061449375431e+00	1.501676835852677e-03	2817
1.014517214424826e+00	1.361650523431194e-02	2818
1.004413801679834e+00	2.431427200559990e-03	2819
1.078459829521232e+00	-3.669504233349856e-01	2820
1.015273701342025e+00	-4.951232239920993e-01	2821
-1.344680844509749e-01	1.241675769589614e-01	2822
6.734381706679978e-01	-7.128760812664068e-01	2823
-1.322733507562309e-01	1.039069023175451e-01	2824
1.012420155337624e+00	9.622811701742489e-03	2825
-1.366992826443893e-01	-8.431311767534026e-02	2826
-1.301558749959204e-01	8.653029200490422e-02	2827
1.097587075535021e+00	-2.851665969622841e-01	2828
1.010710918466130e+00	6.612460485903103e-03	2829
1.009150872188241e+00	-5.027274395296093e-03	2830
1.826575225452407e-02	4.971482902371155e-01	2831
-8.527962792747003e-02	-1.050067971551055e-02	2832
-9.021701026007366e-02	-2.593121647997952e-02	2833
1.062299571589103e+00	-6.709818241345636e-02	2834
1.025738091064187e+00	3.110365256984681e-02	2835
-8.064706238776380e-02	3.586533538194714e-01	2836
1.007994947259014e+00	4.400178331942839e-03	2837
1.006021464648499e+00	3.532855063632406e-03	2838
1.004120433062950e+00	-1.357780515706582e-03	2839
1.081619656997615e+00	1.071718785363365e-01	2840
3.120355749834481e-01	6.688519873476655e-01	2841
-1.245595168011396e-01	2.353839402665993e-01	2842
-1.300824799846063e-01	2.066205233553343e-01	2843
-1.326663596602958e-01	1.803223739112773e-01	2844
-1.344903544557715e-01	1.531103755014139e-01	2845
1.004513105598115e+00	-2.275644427219505e-03	2846
-1.299212811652151e-01	-5.734218515273400e-02	2847
-1.251160523458343e-01	6.034220384163042e-02	2848
2.369501558049228e-01	6.428855705885712e-01	2849
-8.796156739700882e-02	2.961324368569474e-02	2850
1.091313168822700e+00	-1.186308579055817e-01	2851
1.099655551459830e+00	-1.694070948017546e-01	2852
-1.380248286527524e-01	-2.410602115837178e-01	2853
-1.324412159654096e-01	-2.709866941961985e-01	2854
-9.253823616230177e-02	-3.783214991433010e-01	2855
-1.101912419666221e-01	-3.410731923697230e-01	2856
-1.437838280709826e-01	-1.770997243893194e-01	2857
-1.426630753366684e-01	-2.072169374774225e-01	2858
1.086960064871304e+00	1.317986884808953e-01	2859
1.096180008750333e+00	-1.438725994438101e-01	2860
1.090763010770410e+00	1.630438124671264e-01	2861
1.092459136633111e+00	1.981946078419241e-01	2862
1.092707076460351e+00	2.339468800325387e-01	2863
1.089028683262936e+00	2.798708256525816e-01	2864
1.080657015102101e+00	3.247154062174907e-01	2865
1.066300420483693e+00	3.696579330796946e-01	2866
1.049907171905727e+00	4.143878510249546e-01	2867
1.024734780359848e+00	4.576775252292062e-01	2868
9.941973085432411e-01	4.998445099159665e-01	2869
9.577342733030547e-01	5.401625397910920e-01	2870
9.155518221264873e-01	5.780503884463251e-01	2871
8.685945628755711e-01	6.123578249451306e-01	2872
8.007332286263307e-01	6.478815856294740e-01	2873
-9.816021865451774e-02	3.221483416637891e-01	2874
-1.098751725592526e-01	2.892715810818171e-01	2875
-1.188439571872370e-01	2.605602141681789e-01	2876
7.158246050333485e-01	6.796060376484748e-01	2877
6.265934866579890e-01	6.993413259335848e-01	2878
5.480700127631182e-01	7.040860493338960e-01	2879
4.705098068647761e-01	7.015375003852093e-01	2880
1.085442621547352e+00	-9.734165939957104e-02	2881
1.079543814324867e+00	-8.178653820522128e-02	2882
1.076093580713340e+00	8.780311847341137e-02	2883
6.029182262843753e-01	-7.217973042786966e-01	2884
6.526362382755768e-02	-5.703364365089604e-01	2885
1.154667835471523e-01	-6.086038562516725e-01	2886
1.692383744757457e-01	-6.393240233745597e-01	2887
3.742833991462646e-01	-7.106467905399930e-01	2888
2.218162231887293e-01	-6.630503122775435e-01	2889
2.918378148553023e-01	-6.889698381581387e-01	2890
-7.713927230717699e-02	-5.065046828330488e-01	2891
-9.310152218438295e-02	4.394961564373308e-01	2892
3.310887417948561e-01	7.624806415623697e-01	2893
1.049700299603294e+00	-4.568056344833320e-02	2894
-1.643244376081365e-01	-2.987741459650445e-01	2895
1.005607020304439e+00	-2.320989105014886e-03	2896
1.047404859188383e+00	4.764059213278585e-02	2897
4.192442961307855e-01	7.832656745637282e-01	2898
1.126466557076784e+00	-4.051329825596927e-01	2899
9.809107392353918e-02	6.539123820025259e-01	2900
5.003689779816251e-01	-8.143274751539832e-01	2901
-1.430410872787717e-01	-3.792974863721908e-01	2902
-1.258741470173024e-01	-4.459293928017372e-02	2903
1.014738898587629e+00	1.088825650449116e-02	2904
1.078286988759608e+00	-5.051205865398376e-01	2905
1.010892681872059e+00	-4.306823153869390e-03	2906
1.009618801297175e+00	-3.591968635101949e-03	2907
1.004972429864753e+00	1.688179886129724e-03	2908
1.025391662970893e+00	-2.236145083443629e-02	2909
1.028393310853502e+00	-2.500247493361699e-02	2910
7.305147260615478e-01	-7.906877420429679e-01	2911
5.763578727719920e-01	-8.107078024224136e-01	2912
1.048931867723968e+00	-5.559178779688113e-01	2913
-1.705945775265512e-01	-1.629963087095497e-01	2914
1.007368918724883e+00	-3.166478614477978e-03	2915
-1.126627504687995e-01	3.998547590464547e-01	2916
1.004599511016079e+00	-6.934536257190641e-04	2917
1.026799415877622e+00	2.593828040057507e-02	2918
1.123513198854971e+00	-3.565294658418723e-01	2919
-1.637064100044814e-01	-1.096285636155290e-01	2920
-1.293555196523222e-01	3.599606503867405e-01	2921
-1.683780012740886e-01	-1.346978840933955e-01	2922
1.032677506537567e+00	-3.158800103010841e-02	2923
-8.567596042207178e-02	1.631112731771479e-02	2924
-1.554017479676079e-01	-3.365414710643294e-01	2925
-1.251530168367818e-01	-4.201933860803596e-01	2926
1.130159857029899e+00	-2.223683223545579e-01	2927
1.072404123010490e+00	7.408657014596624e-02	2928
1.060026804498578e+00	-5.873179488817314e-02	2929
8.646902464501941e-01	-7.308980234772977e-01	2930
1.629542014063083e-01	-7.235585590451227e-01	2931
4.058643310819028e-01	-8.048931845645088e-01	2932
9.703343674000685e-01	-6.505404129100216e-01	2933
6.498817974054818e-01	-8.081432671756039e-01	2934
1.012793207652472e+00	-7.086169604314639e-03	2935
1.015287522380498e+00	-1.029153912933724e-02	2936
1.057175760195083e+00	6.111657770204794e-02	2937
1.007216415100183e+00	3.439966380833752e-03	2938
8.012539193955825e-01	-7.640171896488499e-01	2939
1.017972498685744e+00	1.470863551895909e-02	2940
1.009436892954086e+00	3.964811414579627e-03	2941
1.012951171231995e+00	-6.048465027445969e-01	2942
-4.984032103682964e-03	5.630881308622938e-01	2943
1.097747274658670e+00	-4.540837231990772e-01	2944
9.209977194166977e-01	-6.927435326239737e-01	2945
1.040942111115343e+00	3.659001211664648e-02	2946
1.042857367132128e+00	-3.492153174159328e-02	2947
-7.111351370874824e-02	4.763770285915938e-01	2948
1.131916008042119e+00	-2.671338576139943e-01	2949
4.074685354475157e-02	6.078449242243770e-01	2950
-1.038071327635901e-01	-4.638698670497068e-01	2951
-4.245986164605305e-02	-5.540357518785259e-01	2952
1.020581046172139e+00	-1.703923076319564e-02	2953
-1.023524666078415e-01	3.306865609749551e-02	2954
-4.163502767276308e-02	5.177382773441978e-01	2955
1.004566866036041e+00	8.585214478280679e-04	2956
-1.561934788013918e-01	1.114555896747434e-01	2957
-1.523125514101057e-01	9.245401530561111e-02	2958
1.010671084063058e+00	4.734280638838149e-03	2959
-1.590624266836796e-01	-8.992336261012641e-02	2960
-1.518338924567231e-01	-6.568459981357336e-02	2961
-1.219477978475526e-01	4.764244269612281e-02	2962
1.130002071182503e+00	-3.107308105470716e-01	2963
1.012423526052429e+00	7.586104467025005e-03	2964
-1.001700942454360e-01	-1.434727964661240e-02	2965
-1.042202336958300e-01	-2.849523977718721e-02	2966
1.030936430768474e+00	3.280225036050853e-02	2967
1.005500781964001e+00	2.522143241208451e-03	2968
1.005040906712584e+00	-1.507402548222509e-03	2969
-1.596740421820625e-01	2.272339507038984e-01	2970
-1.601810033968480e-01	1.384682157670375e-01	2971
-1.610863313265309e-01	1.964162023806513e-01	2972
-1.608721245412863e-01	1.684484471738159e-01	2973
-1.464071728390989e-01	6.930118999198398e-02	2974
2.495580326225947e-01	7.344270502217353e-01	2975
1.699483658619040e-01	6.985420294882948e-01	2976
-9.176231186572656e-02	2.294496906062327e-03	2977
-1.696559187673915e-01	-2.622863619400834e-01	2978
-1.726655461871270e-01	-1.930924897278117e-01	2979
-1.720122319154732e-01	-2.283440226652749e-01	2980
1.101053826522177e+00	1.159405727812908e-01	2981
1.112041725150299e+00	-1.276217973579297e-01	2982
1.108717463460132e+00	1.451043236383287e-01	2983
1.118859364481608e+00	-1.536718477308446e-01	2984
1.115084976826783e+00	1.795895135624820e-01	2985
1.125211057232653e+00	-1.835839477737598e-01	2986
1.119547418181819e+00	2.159846173015282e-01	2987
1.122082329116291e+00	2.595066612240655e-01	2988
1.120014659201977e+00	3.089006764605523e-01	2989
1.112182225928544e+00	3.595323328847896e-01	2990
1.100801630901137e+00	4.076240590996819e-01	2991
1.080767580646527e+00	4.611016608473708e-01	2992
1.058087638174686e+00	5.136081278349419e-01	2993
1.025157867966143e+00	5.639110814875246e-01	2994
9.851216619780733e-01	6.121982311375400e-01	2995
9.382201556820050e-01	6.570958711821916e-01	2996
8.738546335394959e-01	7.023703046427565e-01	2997
-1.419470270882284e-01	3.195640950293941e-01	2998
-1.505690864667075e-01	2.863878044419223e-01	2999
-1.555599994450728e-01	2.557795431496883e-01	3000
7.902275143558045e-01	7.443604072608887e-01	3001
6.925838129292207e-01	7.767096322853766e-01	3002
5.948333811759536e-01	7.917651855764757e-01	3003
5.084764012103326e-01	7.927637847707807e-01	3004
1.103874711900139e+00	-1.036280324368165e-01	3005
1.074836737903960e+00	-6.927986498137614e-02	3006
1.095719761859038e+00	-8.448315066488417e-02	3007
1.093018537656459e+00	9.351881746659223e-02	3008
-9.055592737651982e-04	-6.014542162350591e-01	3009
4.759948294900446e-02	-6.454490950559401e-01	3010
1.050474520157340e-01	-6.893518383396858e-01	3011
3.113573987788328e-01	-7.829161629602668e-01	3012
2.282458501603370e-01	-7.534966325448701e-01	3013
1.056096833274113e+00	5.141356520506220e-02	3014
1.116479776045396e+00	-5.606427433482871e-01	3015
-1.839090971486728e-01	1.210937371861503e-01	3016
1.008700069445706e+00	-2.814699204472713e-03	3017
1.169987623629971e+00	-3.775848265866131e-01	3018
1.167140895236112e+00	-3.390740468029913e-01	3019
3.552779509341139e-01	8.673748089214515e-01	3020
8.011383264360938e-01	-8.696804073393529e-01	3021
1.005508321206803e+00	9.126841355858182e-04	3022
1.006058208945986e+00	-1.403694140322349e-03	3023
1.033108752614788e+00	2.683723777982295e-02	3024
2.217617711288331e-02	6.921481638325242e-01	3025
8.773487162225765e-01	-8.315340519098795e-01	3026
1.012675141973706e+00	-5.100784905463378e-03	3027
1.017760847236255e+00	-1.174548487096349e-02	3028
2.388340398239683e-01	-8.560448829154517e-01	3029
1.088090587910434e+00	-6.218972079982341e-01	3030
1.045559197342776e+00	4.285906376618726e-02	3031
1.071161331049131e+00	-6.019168205862734e-02	3032
9.191574112841570e-02	7.475684345375360e-01	3033
9.102746326019173e-02	-7.792932034557836e-01	3034
1.022980000815741e+00	-1.939573532454684e-02	3035
1.005140956926468e+00	9.421585838820491e-05	3036
1.027602627806414e+00	2.115121597746795e-02	3037
-2.018280693975119e-01	-1.758351525120479e-01	3038
-1.198822187074593e-01	-2.937603624059896e-02	3039
1.005543638510941e+00	-7.087350927039404e-04	3040
-2.059012751835767e-01	-2.860493558887360e-01	3041
-1.047991078655997e-01	-1.630030977730806e-03	3042
2.621537296639402e-01	8.369618515475588e-01	3043
-1.307212643892760e-01	4.876306951487098e-01	3044
-9.939629183265850e-02	1.707061077885976e-02	3045
1.039002187287843e+00	-3.078503676705431e-02	3046
1.087954787285098e+00	7.757512741325288e-02	3047
4.555770288641572e-01	8.870007009973973e-01	3048
-7.400242292921254e-02	5.827728404646154e-01	3049
-1.116054819081466e-01	-5.678941129788797e-01	3050
-1.918031295882706e-01	1.821953915563898e-01	3051
-2.010868290921230e-01	-3.272496151084526e-01	3052
7.120202127392291e-01	-8.983567816812086e-01	3053
1.584232173527421e-01	-8.198114511156982e-01	3054
-1.400806771646734e-01	-5.160771107582017e-01	3055
4.433837416241025e-01	-9.090365785837506e-01	3056
-1.938929761919038e-01	-3.706265404461625e-01	3057
1.017123363938427e+00	1.245063426873000e-02	3058
1.008558810195346e+00	3.149234246647512e-03	3059
1.021915663086602e+00	-1.378320635391257e-02	3060
9.438460890272550e-01	-7.863188529285731e-01	3061
-2.067534379043621e-01	-2.476588530859803e-01	3062
1.006700070965857e+00	-2.262473732888415e-03	3063
-1.506255550274214e-01	4.438429270348453e-01	3064
1.021161894660916e+00	1.656276096203590e-02	3065
1.029695515719736e+00	-2.047471979608433e-02	3066
1.167004007749660e+00	-2.902552273936956e-01	3067
-1.788637976487277e-01	3.536564002932391e-01	3068
-1.659405330451713e-01	3.991750054346890e-01	3069
-1.450948105871333e-01	-4.554004277772893e-02	3070
-1.799108206922881e-01	-4.196685505433960e-01	3071
1.058491321454242e+00	-4.906594277815389e-02	3072
3.368100852003341e-01	-8.883567726578995e-01	3073
1.000998371448280e+00	-7.356657596022298e-01	3074
5.801261041047155e-01	-9.122772909923699e-01	3075
1.014878897744520e+00	-8.011662539791011e-03	3076
1.068446401903453e+00	6.323986144755384e-02	3077
1.010980123056989e+00	-2.657106008490841e-03	3078
1.049036749224801e+00	-6.806391627809314e-01	3079
-3.150297585709145e-02	6.376920229878623e-01	3080
1.156128621440474e+00	-4.553751057796285e-01	3081
1.140103260013099e+00	-4.990173090069495e-01	3082
1.034680456658331e+00	-2.558750168928444e-02	3083
-1.066388099702417e-01	5.338631361743280e-01	3084
-1.637177839270842e-01	-4.659116584234280e-01	3085
-1.763810016872344e-01	-7.151055056539245e-02	3086
-1.412000966300286e-01	4.940158835605898e-02	3087
1.010838478240338e+00	3.096153951824330e-03	3088
1.012407246051226e+00	5.606341863439731e-03	3089
-1.777279781528636e-01	9.705773822738968e-02	3090
-1.844938757981085e-01	-9.427959977832073e-02	3091
-1.887336341438753e-01	1.526646863462249e-01	3092
-1.186495015436802e-01	3.554012114176423e-02	3093
1.014452545250251e+00	8.605006184720865e-03	3094
-1.161608156330673e-01	-1.756314770074476e-02	3095
1.037305820775202e+00	3.230535639044742e-02	3096
1.005991036182401e+00	1.627632145874243e-03	3097
1.006591981370219e+00	2.510801288783601e-03	3098
-1.912945404695023e-01	-1.173695224283761e-01	3099
-1.971235832804880e-01	-1.466298340365268e-01	3100
-1.938971859975500e-01	2.134454305683859e-01	3101
-1.708054439170541e-01	7.524973328842245e-02	3102
1.750233133227594e-01	7.984298388546963e-01	3103
-2.063577972201543e-01	-2.112083813554605e-01	3104
1.123836152761583e+00	1.256440016299520e-01	3105
1.135696477054630e+00	-1.352288786330192e-01	3106
1.134558827773015e+00	1.582709404935468e-01	3107
1.145508146651114e+00	-1.634760356675558e-01	3108
1.143702606091527e+00	1.946536252841667e-01	3109
1.154884930098345e+00	-1.992891360082810e-01	3110
1.151610014503611e+00	2.360613848362073e-01	3111
1.162853485893015e+00	-2.432497211856765e-01	3112
1.156441481880406e+00	2.857576899694483e-01	3113
1.156329361420069e+00	3.404606115814968e-01	3114
1.151017591027916e+00	3.940956836729839e-01	3115
1.138445580176646e+00	4.521062297437373e-01	3116
1.121364757838491e+00	5.096448871002430e-01	3117
1.093595784701045e+00	5.724324225678412e-01	3118
1.061485835573821e+00	6.341700247100961e-01	3119
1.017545536914942e+00	6.921068033061150e-01	3120
9.569029090996072e-01	7.503380456107263e-01	3121
-1.864399119664493e-01	3.136412807999720e-01	3122
-1.913587845231572e-01	2.775319262199899e-01	3123
-1.932942688925170e-01	2.466964943866187e-01	3124
8.751698420402458e-01	8.060265844075567e-01	3125
7.740553754589229e-01	8.530966197725620e-01	3126
6.611416002832765e-01	8.833752970305725e-01	3127
5.548962644670921e-01	8.926579049722989e-01	3128
1.125337057402634e+00	-1.096004777643208e-01	3129
1.089413582734050e+00	-7.041980977363700e-02	3130
1.114393958905411e+00	-8.775284782975593e-02	3131
1.112902662533972e+00	9.913323701009864e-02	3132
-7.314917702537131e-02	-6.226841084657703e-01	3133
-2.716330821083751e-02	-6.790673142657246e-01	3134
2.805570767592133e-02	-7.304955570701800e-01	3135
1.048881937434158e+00	3.561980855855704e-02	3136
9.680255870759807e-01	-8.925269251191513e-01	3137
1.006548734153144e+00	-5.022393435144463e-04	3138
1.017568674616959e+00	-8.819451073592654e-03	3139
-1.835868889548916e-01	-5.735312220934484e-01	3140
-6.117076583902742e-02	7.225944094443594e-01	3141
1.024159041221481e+00	1.821079247596308e-02	3142
1.186432261983971e+00	-5.516592095934065e-01	3143
1.130894493538935e+00	-6.921614349083454e-01	3144
1.035555455893332e+00	-1.972363836233037e-02	3145
-1.354705926791830e-01	-2.381421968721576e-02	3146
-1.148517982622984e-01	1.562628371496068e-02	3147
-1.109044901711457e-01	6.567801090821792e-01	3148
3.919079446792441e-03	7.894992817306824e-01	3149
2.783388166486464e-01	9.523672765034040e-01	3150
1.066225067831016e+00	5.519613700370957e-02	3151
3.695116231710532e-01	-1.005972582458433e+00	3152
2.550622606682691e-01	-9.719961733017055e-01	3153
-2.467971192901260e-01	-2.675927573780067e-01	3154
1.014336167354061e+00	6.448531261178471e-03	3155
1.024280827427124e+00	-1.623023599184434e-02	3156
-2.284411862426549e-01	3.426801399635936e-01	3157
7.909736472590579e-01	-9.897249199397321e-01	3158
1.014649437167650e+00	-5.853768289766992e-03	3159
1.021533978560341e+00	2.039866034590132e-02	3160
-1.749704356709256e-01	5.409648864958035e-01	3161
1.045451108178463e+00	-2.860934968116543e-02	3162
-2.468600071948496e-01	-3.115803087885393e-01	3163
-2.379683981980712e-01	-1.890209753963132e-01	3164
1.017089279325438e+00	9.537150546413634e-03	3165
-1.681856585313596e-01	-4.840250000316098e-02	3166
-1.949305940369954e-01	4.910372161705673e-01	3167
1.105940067055978e+00	8.116824501112528e-02	3168
1.201980774725359e+00	-4.967084695583149e-01	3169
1.213531687462217e+00	-4.250227037571571e-01	3170
1.150644612369433e+00	1.350224946610756e-01	3171
-2.274257787930742e-01	1.955731756465395e-01	3172
3.868004810073666e-01	9.844263256893463e-01	3173
1.068728979622273e+00	-5.241362535621814e-02	3174
1.083675009160708e+00	-6.039947748827912e-02	3175
4.681880384879634e-03	-8.256643296400352e-01	3176
-2.444810121595498e-01	-3.565471331785123e-01	3177
1.164627404669492e+00	-6.196119937834484e-01	3178
5.010687520787347e-01	1.001106582243825e+00	3179
8.875559039625081e-01	-9.461198103002482e-01	3180
1.010033513985414e+00	-2.169230682387950e-03	3181
1.012557500261576e+00	-3.570258144421821e-03	3182
1.052368308991446e+00	-3.640178433793868e-02	3183
1.056979695081436e+00	-3.972200599995941e-02	3184
1.572974462493443e-01	-9.299163418934880e-01	3185
1.020648942764342e+00	1.280583423142288e-02	3186
1.006125817426855e+00	1.148799163618285e-04	3187
-1.370057189487636e-01	3.683233571907503e-02	3188
8.618799382113947e-02	8.540912066651037e-01	3189
-2.248789659399388e-01	-4.611994562191661e-01	3190
-2.100258996447470e-01	4.398389628421212e-01	3191
7.577824646778103e-02	-8.810496728139366e-01	3192
6.580583453971910e-01	-1.017462698018989e+00	3193
-2.075072258477123e-01	-5.170632857025736e-01	3194
1.009918537104799e+00	2.566624880920724e-03	3195
1.043869962785989e+00	3.045203155473573e-02	3196
1.007933989244984e+00	-2.050469354407476e-03	3197
1.007193179133149e+00	-1.225770918682674e-03	3198
1.027176666730202e+00	-1.843679890683501e-02	3199
1.213642371432128e+00	-3.546462402213331e-01	3200
1.207956466387572e+00	-3.142521954134255e-01	3201
-2.205952126349154e-01	3.905293816868654e-01	3202
-2.380426423937542e-01	-4.095848161316794e-01	3203
1.035495003757011e+00	-8.314099270951099e-01	3204
5.095657557796167e-01	-1.022509346337928e+00	3205
1.081373401276104e+00	6.470541946144852e-02	3206
1.090476766734970e+00	-7.646571838477345e-01	3207
-1.472900999000378e-01	5.974050329906756e-01	3208
-2.303510882043460e-01	-1.561692147243179e-01	3209
1.012366139886458e+00	4.077247457757741e-03	3210
-1.639579116084190e-01	5.278804753648614e-02	3211
-2.037398903436013e-01	-7.456138493661588e-02	3212
-2.069749452558981e-01	1.022747756116169e-01	3213
-2.219709612182153e-01	1.640985925118961e-01	3214
-1.240016397122859e-01	9.119855238214959e-05	3215
1.039610092302411e+00	2.622195321163627e-02	3216
1.041089832491215e+00	-2.463438444874068e-02	3217
1.006520659428398e+00	7.495892579687731e-04	3218
1.007130729099937e+00	1.499304742787775e-03	3219
1.007831254361693e+00	2.353724756376809e-03	3220
-2.135333678714852e-01	-9.820801694124362e-02	3221
-2.223609807776646e-01	-1.263409060254279e-01	3222
-2.151249023104760e-01	1.323691355987531e-01	3223
-1.980649916881593e-01	7.846060924417016e-02	3224
1.797495698356554e-01	9.106016572001011e-01	3225
-2.436481730921336e-01	-2.289346476636214e-01	3226
1.163044487510982e+00	-1.413974804467604e-01	3227
1.164502993585787e+00	1.701952508474559e-01	3228
1.176372074706148e+00	-1.743225700866107e-01	3229
1.177519448472262e+00	2.097709890206597e-01	3230
1.189751686218498e+00	-2.154131159171862e-01	3231
1.188829545384156e+00	2.576241443889550e-01	3232
1.200630461700928e+00	-2.633295503915202e-01	3233
1.196874653028430e+00	3.132517270871439e-01	3234
1.199107758998017e+00	3.717896465882389e-01	3235
1.195091031459624e+00	4.339639596099791e-01	3236
1.184900135801995e+00	4.971028430610326e-01	3237
1.165415000481657e+00	5.664411562080566e-01	3238
1.139670869162059e+00	6.353583417705347e-01	3239
1.100377126191001e+00	7.087671465539895e-01	3240
1.049995224224016e+00	7.855177211436970e-01	3241
-2.308825253465988e-01	2.308232288512743e-01	3242
-2.315341543369908e-01	3.016083762146969e-01	3243
-2.325541967464632e-01	2.647968599474689e-01	3244
9.725005818476549e-01	8.589698795612886e-01	3245
8.707644233157178e-01	9.248385124603492e-01	3246
7.482581542930272e-01	9.747027545413106e-01	3247
6.199340435675289e-01	9.995086393766964e-01	3248
1.149682080024917e+00	-1.145407846624492e-01	3249
1.106525451025446e+00	-7.136628892115611e-02	3250
1.136036168472725e+00	-9.046211778100183e-02	3251
1.136138862986599e+00	1.051645907024597e-01	3252
-1.519497311605925e-01	-6.369667863904126e-01	3253
-1.099897270075266e-01	-6.994896102803532e-01	3254
-5.704386709924510e-02	-7.664603455621599e-01	3255
-2.868228420624068e-01	-2.447455449754988e-01	3256
-2.675227053940788e-01	2.095174914867464e-01	3257
5.883631781159472e-01	-1.144921171623201e+00	3258
1.073180640233334e+00	-9.399778988331698e-01	3259
-9.221411748190594e-02	8.201169262417694e-01	3260
-2.944615206853306e-01	-3.893232747460114e-01	3261
-2.251379694772806e-01	6.015592669487885e-01	3262
4.284900536726914e-01	1.114314306034825e+00	3263
1.055038779550723e+00	4.206596067267724e-02	3264
1.009197710481571e+00	-1.550594799940020e-03	3265
1.012589402630050e+00	-1.695110354050127e-03	3266
1.066419405416881e+00	-4.246625162895946e-02	3267
-2.179484986257269e-02	-9.329753775265024e-01	3268
2.787529971699711e-01	-1.102547679810825e+00	3269
4.254136887656339e-01	-1.136461562510161e+00	3270
1.025527295199067e+00	-1.265301325851479e-02	3271
-1.940839247193542e-01	6.681555621927012e-01	3272
-9.167540883410775e-02	-8.643119288469184e-01	3273
1.019769218389387e+00	1.095768272729823e-02	3274
1.020328701134320e+00	-1.011686471311799e-02	3275
1.866557128453489e-01	1.036948553416313e+00	3276
1.016938144938620e+00	-6.706874604671276e-03	3277
-1.575830122412004e-01	3.674663535374609e-02	3278
-1.932135449947184e-01	-5.056912739929409e-02	3279
-2.781539618078641e-01	3.260821138933839e-01	3280
1.028442303888577e+00	1.670937705590339e-02	3281
-2.344035320770600e-01	-7.567722218216605e-02	3282
1.064441559107127e+00	4.466847132137967e-02	3283
-2.684544284622508e-01	-1.645190472121335e-01	3284
-2.600359689117092e-01	1.737567485341118e-01	3285
3.013148246005224e-01	1.082212765610900e+00	3286
-2.579897146232525e-01	-5.716209488740949e-01	3287
1.181489409769946e+00	1.433062647730318e-01	3288
1.184448864235769e+00	-7.688357945022394e-01	3289
5.643716503451901e-01	1.124721293669902e+00	3290
-2.785608302276540e-01	-2.034929964423034e-01	3291
1.127149381949826e+00	8.448696131103133e-02	3292
1.612475972526182e-01	-1.055699600426746e+00	3293
-2.341880909710692e-01	-6.381689945289205e-01	3294
1.097607013785428e+00	-5.903165582226484e-02	3295
9.915106617724280e-01	-1.014026335593460e+00	3296
-1.475684864480313e-02	9.010183800248407e-01	3297
1.242287293706780e+00	-6.065441431751764e-01	3298
1.034799009930567e+00	2.111278806058985e-02	3299
-1.523137337037275e-01	7.414644354594367e-01	3300
1.077710528785038e+00	5.636257416125596e-02	3301
1.016572598989049e+00	7.406307544741981e-03	3302
1.024227870493696e+00	1.431472439756512e-02	3303
1.031040043510969e+00	-1.622316106768419e-02	3304
1.027987861734479e+00	-1.435124530719442e-02	3305
-2.761863773466663e-01	3.754743020732890e-01	3306
7.503738792427846e-01	-1.125835744123380e+00	3307
1.014452216538381e+00	-4.197423354133995e-03	3308
1.047329964530590e+00	-2.214272561936740e-02	3309
-2.922878882632087e-01	-2.893906486373084e-01	3310
-2.459490753293105e-01	5.411067406952303e-01	3311
1.255944004668176e+00	-5.412874663703126e-01	3312
1.264760952852649e+00	-4.696612020963034e-01	3313
1.080146612104365e+00	-5.311508682628815e-02	3314
-2.947037055328688e-01	-3.364993887323803e-01	3315
1.217438676765924e+00	-6.877206020963847e-01	3316
8.893720114596361e-01	-1.077747045136233e+00	3317
1.012491273992517e+00	2.209177813998649e-03	3318
6.152544236174173e-02	-9.973439250054635e-01	3319
-1.311428557509672e-01	1.785048795839845e-02	3320
7.977522421504904e-02	9.744555278972326e-01	3321
-2.876164434214316e-01	-4.496147352704550e-01	3322
-2.613184359535504e-01	4.834460076964926e-01	3323
-2.765234184394202e-01	-5.077213882377071e-01	3324
1.046014501867409e+00	2.406641389723384e-02	3325
1.051263548319058e+00	2.834138637987330e-02	3326
1.008412280201474e+00	-8.767930962573512e-04	3327
1.264703873678724e+00	-3.894384744797150e-01	3328
-2.704234444130246e-01	4.275379341887160e-01	3329
1.098075473546744e+00	6.540761364580094e-02	3330
1.133558445303920e+00	-8.554804984393927e-01	3331
-1.448565203602166e-01	-4.842966414368191e-03	3332
1.014223603723378e+00	4.790326386782645e-03	3333
-1.628604235719662e-01	-2.069160457045893e-02	3334
-1.886554003993405e-01	5.509001484139799e-02	3335
-2.507860342914135e-01	1.412286499822298e-01	3336
1.041792390136993e+00	-1.824013817701913e-02	3337
1.007526542419893e+00	2.233735831426486e-04	3338
1.008362864286061e+00	1.204705675224379e-03	3339
1.009114634173080e+00	1.912084498684973e-03	3340
-2.576567879377134e-01	-1.328061343930603e-01	3341
-2.467036824599365e-01	-1.032156978685919e-01	3342
-2.404984937369634e-01	1.092479658205312e-01	3343
-2.288802182097560e-01	8.039899385913307e-02	3344
1.199460006563661e+00	1.807523483933156e-01	3345
1.194496385394267e+00	-1.476269241410912e-01	3346
1.212478513897941e+00	-1.850326273678482e-01	3347
1.216733928415330e+00	2.258827877640752e-01	3348
1.255816102072344e+00	-3.278070739318188e-01	3349
1.229764284362830e+00	-2.312384574254081e-01	3350
1.232516577363346e+00	2.797976578516782e-01	3351
1.244638516386995e+00	-2.826738020040961e-01	3352
1.243580351705971e+00	3.408259044971682e-01	3353
1.248916506659759e+00	4.062252688464251e-01	3354
1.247485019699761e+00	4.747596093193269e-01	3355
1.237315404272439e+00	5.491074404969604e-01	3356
1.219551408910832e+00	6.257447939896166e-01	3357
1.189164493384206e+00	7.087275995613733e-01	3358
1.147567138193993e+00	7.942333342516383e-01	3359
-2.734775402288644e-01	2.458988285794867e-01	3360
-2.777150792960946e-01	2.846636794936162e-01	3361
1.081659502796690e+00	8.952748527083081e-01	3362
9.836518321997559e-01	9.852567729121865e-01	3363
8.564753530557213e-01	1.060386016854959e+00	3364
7.098478071885480e-01	1.108987348568809e+00	3365
1.177397131317067e+00	-1.173399013079373e-01	3366
1.126068647040197e+00	-7.232260533992588e-02	3367
1.160592931766911e+00	-9.231455229824326e-02	3368
1.163295729057510e+00	1.105459416056894e-01	3369
-1.982624222290881e-01	-7.132825857543251e-01	3370
-1.518678461117305e-01	-7.868390825313575e-01	3371
5.000477153844983e-01	-1.278714297476151e+00	3372
-1.262356433747307e-01	9.327254180654124e-01	3373
-3.497684418906318e-01	-3.629874059714378e-01	3374
1.058445276252060e+00	3.433043675780460e-02	3375
1.052705636005743e+00	-2.725416186056689e-02	3376
-4.972518971723255e-02	-1.055264230585180e+00	3377
5.037346306782928e-02	-1.130895107508300e+00	3378
1.187652121676220e+00	-9.570505139116515e-01	3379
1.009170207587913e+00	-1.154894488538212e+00	3380
-1.978384805228925e-01	8.404160376508715e-01	3381
1.010384482015346e+00	1.175662488662104e-03	3382
-1.506942838809765e-01	1.937753214410141e-02	3383
1.239837591250777e+00	1.913029866514699e-01	3384
3.345052110984176e-01	1.228243279751605e+00	3385
-1.994357200698499e-01	-8.857789689603949e-01	3386
7.424098753966489e-02	1.110852426626039e+00	3387
1.075183101130763e+00	4.825440399476558e-02	3388
1.115242858462464e+00	-5.665002667500678e-02	3389
6.860147259309270e-01	-1.273833294007268e+00	3390
1.028170948397964e+00	1.231237489281433e-02	3391
-2.479859249054453e-01	7.488655937295569e-01	3392
1.014220836260414e+00	-2.404693679455326e-03	3393
1.036786882690934e+00	-1.427932732760957e-02	3394
1.281294146617651e+00	-7.603171614909615e-01	3395
-3.504257096708387e-01	-4.260822586792088e-01	3396
1.112472646057167e+00	-1.064407806983799e+00	3397
1.016623431435432e+00	-4.783462965237592e-03	3398
-3.052985729090508e-01	5.962146442379108e-01	3399
1.010432248167578e+00	-7.555929835288406e-04	3400
-3.132476707831345e-01	2.208525459195935e-01	3401
1.090515265085138e+00	5.573845919943662e-02	3402
-1.823750165479388e-01	-2.391930474273618e-02	3403
1.016358441831201e+00	5.476892773531270e-03	3404
-2.209555512873569e-01	-4.995037784764095e-02	3405
1.230995281528923e+00	-1.528510466067659e-01	3406
4.881925422215552e-01	1.256948861272758e+00	3407
6.542564210318421e-01	1.254681030375667e+00	3408
1.117252637446417e+00	6.684143003807620e-02	3409
-1.311256093653756e-01	-9.743204111696866e-01	3410
-3.313335640189155e-01	4.083879533543779e-01	3411
-3.248458518205460e-01	-2.155591606528736e-01	3412
-2.811676351167611e-01	6.692630512162406e-01	3413
1.064006012845561e+00	-3.294181159452340e-02	3414
1.012540115940708e+00	2.575253941638951e-04	3415
1.725449260511441e-01	-1.198619195753219e+00	3416
3.221457094867551e-01	-1.249959375704302e+00	3417
1.024261329929381e+00	-8.622743122381137e-03	3418
1.019844190149685e+00	-7.074588821664981e-03	3419
1.988832564522979e-01	1.179767305145796e+00	3420
-3.313733599590347e-01	3.533140383561246e-01	3421
-2.166512570218476e-01	5.469846521401043e-02	3422
1.240480185684325e+00	-8.593088996781566e-01	3423
-3.115420410180861e-01	-1.740426614211408e-01	3424
-3.032071057412958e-01	1.834519709806889e-01	3425
1.151597140113128e+00	8.741946296254620e-02	3426
-3.180017997294777e-01	-6.304290945103315e-01	3427
-3.494177271735368e-02	1.027824067558808e+00	3428
1.305185942253930e+00	-6.696271138087986e-01	3429
1.019449961743797e+00	7.912789072402553e-03	3430
1.031597366118200e+00	-1.187090610715659e-02	3431
1.028823193858371e+00	-1.049651106108888e-02	3432
1.041062334058347e+00	1.991849983192892e-02	3433
1.047912708323904e+00	-1.540028051180274e-02	3434
1.319691136064543e+00	-5.882447802896258e-01	3435
1.325329767508088e+00	-5.130607242312629e-01	3436
1.077264828784373e+00	-4.521085732644842e-02	3437
-3.361090957144801e-01	-2.612413817796834e-01	3438
-3.281186181058124e-01	3.050612186706043e-01	3439
8.649570792310802e-01	-1.230550110544708e+00	3440
1.014083788778207e+00	2.992966183116716e-03	3441
-3.366085489580748e-01	-5.596620931064070e-01	3442
-3.193449188920033e-01	5.304647424199381e-01	3443
-3.460860527363805e-01	-4.907466845095854e-01	3444
1.052828674972573e+00	2.110631583723481e-02	3445
1.322579199005936e+00	-4.290423171550156e-01	3446
-3.283341258692616e-01	4.662910050014695e-01	3447
-1.663062029315102e-01	1.717541251071229e-03	3448
-1.811447517527483e-01	3.648865955136987e-02	3449
-2.911605959221619e-01	1.473480290898047e-01	3450
-2.692690220455367e-01	-7.659928801072510e-02	3451
1.009428714664705e+00	2.405319151373441e-04	3452
-2.975676273324630e-01	-1.368245643244868e-01	3453
-2.782370467214107e-01	1.146822791253599e-01	3454
-2.838187728621748e-01	-1.062725176021663e-01	3455
-2.641540711205858e-01	8.286001327928944e-02	3456
1.217042354821618e+00	1.494187725375412e-01	3457
1.253896423844305e+00	-1.955817627538894e-01	3458
1.262600718098048e+00	2.418494514289794e-01	3459
1.294514938729735e+00	-2.939517660999160e-01	3460
1.276055832617266e+00	-2.453898864207923e-01	3461
1.282670369692471e+00	3.023048224688143e-01	3462
1.310869114796010e+00	-3.508923547032387e-01	3463
1.298125560141796e+00	3.693379438724009e-01	3464
1.307043829073840e+00	4.417158436461240e-01	3465
1.307418393523149e+00	5.207563802281091e-01	3466
1.299637410556447e+00	6.038088997620406e-01	3467
1.279897831388780e+00	6.946739608801719e-01	3468
1.248353098070817e+00	7.900896232220948e-01	3469
-3.221126913921106e-01	2.604212737872824e-01	3470
-3.440755910964094e-01	-3.102243666877618e-01	3471
1.197278454259710e+00	8.982106029457523e-01	3472
1.112801441827634e+00	1.026088711680249e+00	3473
9.862855436238112e-01	1.132063735575187e+00	3474
8.278532459818507e-01	1.213324426365385e+00	3475
1.208965290950816e+00	-1.192877795856259e-01	3476
1.148304009580631e+00	-7.221840817984022e-02	3477
1.188252230037123e+00	-9.172308201590920e-02	3478
1.194452925073649e+00	1.148091055172313e-01	3479
-2.916471419812969e-01	-7.116290047042879e-01	3480
-2.511959090950622e-01	-7.979527010266640e-01	3481
3.872550022554726e-01	-1.413630917865389e+00	3482
1.047150844085934e+00	1.722394514454232e-02	3483
-4.116322809168951e-01	-3.937625372693053e-01	3484
1.005633329377854e+00	-1.321932042507479e+00	3485
-3.953289814360377e-01	4.412876077933346e-01	3486
1.014223153517206e+00	-5.381929471702869e-04	3487
1.135405019621692e+00	-5.510994067791948e-02	3488
2.200247499178017e-01	1.341305431650062e+00	3489
5.756199793113735e-01	1.409778634445371e+00	3490
3.860160974729197e-01	1.391195204855082e+00	3491
1.179754452958811e+00	8.911080007045084e-02	3492
1.061739751468473e+00	-2.323649830783452e-02	3493
-3.468870568246022e-01	7.445978420770176e-01	3494
-3.129556505347448e-01	-8.933542766654085e-01	3495
1.071001839743604e+00	3.623984692564863e-02	3496
5.974372249616544e-01	-1.430619146698990e+00	3497
1.246344381142875e+00	-1.077083195617536e+00	3498
1.024656059892884e+00	1.028197776921517e-02	3499
1.032343061140615e+00	1.424997534980887e-02	3500
1.308271675283577e+00	-9.582972424588647e-01	3501
-3.516178950985044e-01	1.906174507213899e-01	3502
1.139433707823425e+00	6.758865406995312e-02	3503
-3.859414748334271e-01	3.257186442813391e-01	3504
1.022994901144627e+00	-5.123833269191954e-03	3505
1.036019658971899e+00	-9.089884720896411e-03	3506
-3.206164657747761e-01	1.168001632314022e-01	3507
-3.870857511089951e-01	5.800959696865718e-01	3508
1.054287150048972e+00	-1.961443785222253e-02	3509
-3.650251068780731e-01	2.302348735163400e-01	3510
1.104805994208881e+00	5.243270767443954e-02	3511
-1.927057761005252e-01	3.019810204957112e-04	3512
-3.604051224327841e-01	-1.811688451484628e-01	3513
1.037014381774405e+00	1.566829371282100e-02	3514
-2.089360926954229e-01	-2.661643250220875e-02	3515
1.286791027962355e+00	2.007102239564433e-01	3516
7.787127188776206e-01	1.383015800432288e+00	3517
-4.139190114660539e-01	-5.350125677485581e-01	3518
1.089143321521538e+00	-4.535861795194916e-02	3519
-4.154382272998015e-01	-4.627939298274631e-01	3520
-1.632031268024504e-01	1.062323534138946e+00	3521
-2.528524811624461e-01	-4.726315863857747e-02	3522
1.104555788302204e+00	-4.447905283090724e-02	3523
1.042502687782254e+00	-1.203294841953192e-02	3524
-7.717709941732467e-02	-1.195712750837149e+00	3525
-2.469266057756835e-01	9.544345443510976e-01	3526
-3.936334301810965e-01	5.087997910162871e-01	3527
-1.740477936778340e-01	-1.098854157818338e+00	3528
7.235253105371213e-02	1.266078043851691e+00	3529
-3.084058881392362e-01	8.431359271537509e-01	3530
1.016156450134107e+00	3.733188380358252e-03	3531
1.351525261171828e+00	-8.464839407207883e-01	3532
1.149643891835877e+00	-1.209892895052513e+00	3533
1.016331393527686e+00	-3.047177169589082e-03	3534
-3.720284769376748e-01	6.596982654764789e-01	3535
1.018814245286316e+00	6.178416976868135e-03	3536
1.245165102829324e+00	-1.192789475987521e-01	3537
-2.531904181936062e-01	-9.977746534397862e-01	3538
-3.916748352152519e-01	-2.772363614962576e-01	3539
4.518983932169315e-02	-1.284476891693822e+00	3540
2.003954748929816e-01	-1.361769188199906e+00	3541
1.019117112708104e+00	-5.368319379287983e-03	3542
-3.918111687403302e-01	3.813045751415961e-01	3543
-4.037062756166525e-01	-6.150468717897613e-01	3544
-5.592147495325232e-02	1.172197508582685e+00	3545
1.379393003855956e+00	-7.370528808728201e-01	3546
1.022434813738264e+00	9.133586655056189e-03	3547
1.031943357269699e+00	-7.664608950766757e-03	3548
1.027835045789579e+00	-6.378263734533068e-03	3549
1.392040727085406e+00	-6.426103930054780e-01	3550
1.396146743207246e+00	-5.557246693676964e-01	3551
1.074106109279967e+00	-3.498133831182036e-02	3552
8.121416935880565e-01	-1.401630321718509e+00	3553
1.014180873434373e+00	1.130858524179959e-03	3554
1.059378849057688e+00	2.590822491949061e-02	3555
1.389966342372554e+00	-4.684077858263626e-01	3556
-2.077133449478614e-01	3.634718065978643e-02	3557
-1.731359343298003e-01	2.206119552353801e-02	3558
-3.368263249953544e-01	1.522387251432246e-01	3559
-3.429483875782386e-01	-1.409465760266785e-01	3560
-2.492995424053336e-01	5.299040882481529e-02	3561
-3.252958006520840e-01	-1.059315130553247e-01	3562
-3.038562865609728e-01	8.422840193738029e-02	3563
-3.082327253948223e-01	-7.591072519549048e-02	3564
1.257837601373270e+00	1.545135738862805e-01	3565
1.272869534344051e+00	-1.576109779490793e-01	3566
1.327539608438242e+00	-2.532618548758959e-01	3567
1.301523869210966e+00	-2.038793324721125e-01	3568
1.315249687004314e+00	2.580497463103439e-01	3569
1.351907312301814e+00	-3.078805061716333e-01	3570
1.340975459766847e+00	3.242468682685356e-01	3571
1.373887806117286e+00	-3.809218783444025e-01	3572
1.361323805514351e+00	3.983312277745432e-01	3573
1.373682655417731e+00	4.809013603197599e-01	3574
1.377667431383657e+00	5.691639244728701e-01	3575
1.370187866804330e+00	6.665698962713498e-01	3576
1.350913943413475e+00	7.708681004739730e-01	3577
-3.767249852880008e-01	2.760286921698217e-01	3578
-3.774314384671980e-01	-2.267052353852199e-01	3579
-4.035062762399408e-01	-3.303525504731691e-01	3580
1.314384323256412e+00	8.871074210706217e-01	3581
1.248514538256125e+00	1.023445374504194e+00	3582
1.130005565859427e+00	1.173645547319798e+00	3583
9.750412934989146e-01	1.301662564162394e+00	3584
1.172942681727241e+00	-7.070251429821793e-02	3585
1.219475612952946e+00	-8.961418043504904e-02	3586
1.230002518071834e+00	1.164407028960139e-01	3587
-3.866918039839910e-01	-6.974098650374377e-01	3588
-3.555239463140217e-01	-7.940871365218561e-01	3589
1.042375648462366e+00	1.388263155476473e-02	3590
1.016096013561929e+00	2.161873541228090e-03	3591
7.775116455587930e-02	1.443160912936722e+00	3592
1.085318659963657e+00	4.040535926340254e-02	3593
1.172624764305231e+00	-1.386534670135534e+00	3594
1.026201976699002e+00	-2.659134664594213e-03	3595
4.789961113741433e-01	-1.591770663850164e+00	3596
-3.937650421214456e-01	-1.427246571100927e-01	3597
-2.862844952625881e-01	4.891911536827966e-02	3598
-3.480806063753123e-01	8.203672137483380e-02	3599
1.122316575770151e+00	-4.076584393507299e-02	3600
1.164682943006977e+00	6.727452602024338e-02	3601
7.018101345313097e-01	1.566333763172024e+00	3602
-2.028209709784315e-01	1.211260610766672e+00	3603
-4.614230223792194e-01	4.078197425497044e-01	3604
2.502070482076426e-01	-1.545901725525557e+00	3605
-4.482592389923520e-01	7.294669955850799e-01	3606
-4.903734756625826e-01	-5.003546393348333e-01	3607
1.157883436619107e+00	-5.211713821424746e-02	3608
-3.134109471419330e-01	-1.126420508137414e+00	3609
9.729401631684234e-01	-1.515338532079032e+00	3610
-4.828545968248590e-01	-4.243300569957570e-01	3611
-3.682386077931347e-01	1.164923509844406e-01	3612
1.070911725329448e+00	-2.574501913275668e-02	3613
-3.829053204706179e-01	-1.002556619938799e+00	3614
1.067084728236137e+00	3.098307703746536e-02	3615
-2.386336434182324e-01	-2.621329223901022e-02	3616
-4.710510834961074e-01	-3.538084864372948e-01	3617
1.286604567761683e+00	-1.181937702784934e-01	3618
1.304871306349762e+00	1.573869214515031e-01	3619
1.354261176401872e+00	-2.072663569329710e-01	3620
1.211368031816951e+00	8.907386331547956e-02	3621
1.376141054246547e+00	2.726120326343891e-01	3622
9.421445058554814e-01	1.495359586619926e+00	3623
1.053642602413133e+00	1.387601816067047e-02	3624
-4.681018888943872e-01	4.774941652837315e-01	3625
2.581323338581200e-01	1.523811984829021e+00	3626
4.666420388953326e-01	1.569759083011678e+00	3627
1.306188517207570e+00	-1.221043918118751e+00	3628
1.385079820663113e+00	-1.072944871473489e+00	3629
-3.877591416909911e-01	1.547436115940464e-01	3630
1.094888356230092e+00	4.201519586378918e-02	3631
-4.641030533824598e-01	6.367687123612555e-01	3632
1.061157462319768e+00	-1.486308510843829e-02	3633
1.054635586044137e+00	-1.211571879703130e-02	3634
1.125694951905819e+00	5.043925670182484e-02	3635
-2.215838919233998e-01	6.023526631286785e-03	3636
-4.060345941768572e-01	1.944603531299693e-01	3637
-4.156531416420012e-01	-1.863578688811790e-01	3638
1.036001703716226e+00	1.067760966074472e-02	3639
1.085600760558327e+00	-3.705986871832352e-02	3640
-4.216555566161529e-01	8.319989646487709e-01	3641
-2.376199781446160e-01	3.290168085277029e-02	3642
1.048198122333493e+00	-8.877623778175261e-03	3643
1.041248709352780e+00	-6.131563508711031e-03	3644
-2.204970148951995e-01	-1.242124969518629e+00	3645
-2.995444724255348e-01	1.083833481137797e+00	3646
-4.693570864252911e-01	5.524321776985487e-01	3647
-3.745697033676369e-01	9.541408641494251e-01	3648
1.018516700461997e+00	4.340632850524663e-03	3649
1.433128884867561e+00	-9.415735098055806e-01	3650
1.016189947479047e+00	-1.477669645822497e-03	3651
-4.364584756052886e-01	-2.372519809386809e-01	3652
-4.388263207069743e-01	2.905065397969132e-01	3653
-1.013836934981958e-01	-1.357917729182837e+00	3654
5.364660028098123e-02	-1.462286847635597e+00	3655
1.018724160938428e+00	-3.542162095273257e-03	3656
-4.899428783830906e-01	-5.852807222972923e-01	3657
-4.308080123567002e-01	-8.849816058900498e-01	3658
-7.553405131902034e-02	1.337322008084024e+00	3659
1.463229753861371e+00	-8.159803999410778e-01	3660
1.035369786995718e+00	-4.362116482717575e-03	3661
1.031948378481190e+00	9.679417121787545e-03	3662
1.030989419477917e+00	-3.464319814744831e-03	3663
1.028183475750867e+00	8.261116062763313e-03	3664
1.476393405454238e+00	-7.013933123059554e-01	3665
1.340738106831601e+00	2.098214891550146e-01	3666
1.476844806774524e+00	-6.025798509554832e-01	3667
1.096090496369040e+00	-3.286631455328863e-02	3668
7.282759860950287e-01	-1.586494332214071e+00	3669
1.016158867893264e+00	3.427127699010184e-04	3670
1.060418791489757e+00	1.768295751100384e-02	3671
-1.969514833884956e-01	1.811754397107817e-02	3672
-3.721939679939825e-01	-1.041981874605925e-01	3673
-2.887002706321968e-01	-4.366022166033048e-02	3674
-3.512656398508352e-01	-7.131196031272106e-02	3675
1.320760991494195e+00	-1.595919608981583e-01	3676
1.386426959496201e+00	-2.593156178445470e-01	3677
1.418184310297406e+00	-3.272868940943083e-01	3678
1.408234556701931e+00	3.456991566620715e-01	3679
1.447037044515526e+00	-4.121721438296914e-01	3680
1.433750490439589e+00	4.297282076541855e-01	3681
1.467820817953629e+00	-5.062691015527758e-01	3682
1.451183930833145e+00	5.216086317133309e-01	3683
1.457632479612305e+00	6.242130803045439e-01	3684
1.452675964099783e+00	7.356158567611877e-01	3685
-4.231953359547033e-01	2.399909562309556e-01	3686
-4.549335179444654e-01	-2.908997326155700e-01	3687
-4.526168510491860e-01	3.471536777658876e-01	3688
1.431944953250632e+00	8.599966912203312e-01	3689
1.385019949155104e+00	1.004992688939040e+00	3690
1.290623447854223e+00	1.177628992223657e+00	3691
1.163336116610830e+00	1.369817163896588e+00	3692
1.200728923763809e+00	-6.650374359281074e-02	3693
1.254788400643757e+00	-8.471556261944911e-02	3694
1.270503643235480e+00	1.162178438301670e-01	3695
-4.823532690807703e-01	-6.740925379410049e-01	3696
-4.635024771989173e-01	-7.754197243295657e-01	3697
1.022797813048513e+00	-1.554526476132247e-03	3698
-5.363377426837099e-01	8.082398242929886e-01	3699
1.247502530346046e+00	8.593658193888318e-02	3700
-2.523653508306386e-01	5.060697433660445e-03	3701
-5.094612462381322e-01	3.037022693828463e-01	3702
1.168552887869029e+00	-1.597572301752111e+00	3703
1.142491917290283e+00	-3.660967149816283e-02	3704
8.291331741865449e-02	-1.666929038512065e+00	3705
-3.993154915772472e-01	-6.381208752091634e-02	3706
-9.044044876910763e-02	1.526929930703512e+00	3707
1.067803308074562e+00	2.217038398118874e-02	3708
-2.697450498949149e-01	2.751870456964337e-02	3709
-3.595942872462211e-01	1.232262991017345e+00	3710
1.193281706124848e+00	6.516052825072201e-02	3711
1.413653081685342e+00	-2.060808629089131e-01	3712
6.081271811907284e-01	-1.779318061118718e+00	3713
-4.673983908812791e-01	1.975414531025027e-01	3714
-5.509838850268733e-01	5.142411725172478e-01	3715
-5.510638931448154e-01	7.002587158584826e-01	3716
-5.780090920462289e-01	-6.374307227630929e-01	3717
5.893595866753812e-01	1.758151938591488e+00	3718
3.285792550746755e-01	-1.750280147467319e+00	3719
-5.746782062414493e-01	-5.431560784464418e-01	3720
-5.475790140077268e-01	-3.771562469521805e-01	3721
-5.050319470915156e-01	9.358953895309928e-01	3722
1.018374210590354e+00	-5.341854720995515e-04	3723
1.035014118973179e+00	6.034330069353234e-03	3724
1.033982119367437e+00	7.583718763774674e-05	3725
1.029162804613162e+00	3.935049922820122e-04	3726
1.445602493441557e+00	2.858362131768022e-01	3727
-5.268911654065448e-01	3.677357432284057e-01	3728
1.333703478321534e+00	-1.137323902564884e-01	3729
-4.617530030544185e-01	-1.128088112124827e+00	3730
1.140795386103832e+00	1.584773749019168e+00	3731
8.772565442212465e-01	1.711260450001508e+00	3732
1.109428145800232e+00	3.819201834712765e-02	3733
-5.643894893403865e-01	-4.545286402674361e-01	3734
1.021439983186845e+00	-3.920388277225936e-03	3735
9.802358427877599e-02	1.645798680827891e+00	3736
1.069424468138076e+00	-1.853937786441620e-02	3737
-4.444703039179078e-01	1.528685009355095e-01	3738
-3.262405415484230e-01	4.769400098652955e-02	3739
-3.287799058319126e-01	-3.758178216178687e-02	3740
-2.705938726878692e-01	-1.996782436389596e-02	3741
-2.436379260939447e-01	1.382934058619347e+00	3742
-5.407675173412319e-01	4.359423389329535e-01	3743
-4.508620663265958e-01	-1.413167463097851e-01	3744
1.182500812088723e+00	-4.737543942154752e-02	3745
-5.169964633612191e-01	-9.884945669554981e-01	3746
9.040248413225307e-01	-1.731810199827404e+00	3747
-4.212771472478792e-01	1.136046925209048e-01	3748
1.047861110201709e+00	1.053734161785102e-02	3749
1.110693340896397e+00	-3.108317664031693e-02	3750
1.060521542474857e+00	9.638482306917667e-03	3751
3.249967668034059e-01	1.727832367426615e+00	3752
1.357640058477939e+00	-1.397824719654710e+00	3753
1.467813228940845e+00	-1.211007675044972e+00	3754
1.149055145774195e+00	4.853844803354972e-02	3755
1.060619420485683e+00	-6.943217771660292e-03	3756
1.081572679914823e+00	-2.667288587974928e-02	3757
1.054219239020399e+00	-4.871755362879829e-03	3758
1.041425860954197e+00	7.888470757456620e-03	3759
1.046706963171334e+00	-2.416644988729692e-03	3760
-3.781975772472355e-01	-1.273658055800124e+00	3761
-5.558751062912164e-01	6.009745663287184e-01	3762
-4.481947457665919e-01	1.085242105880620e+00	3763
1.021207191767326e+00	4.846607974561960e-03	3764
1.527206313589607e+00	-1.049609837947605e+00	3765
-5.030637327067012e-01	-2.442232779418490e-01	3766
-2.669393787718027e-01	-1.409037155669529e+00	3767
-1.159074806265970e-01	-1.547017107296234e+00	3768
1.559093759069231e+00	-9.046303887403788e-01	3769
1.039642352021518e+00	-7.531820913504670e-04	3770
1.031431063359218e+00	5.386411101522123e-03	3771
1.572791404198674e+00	-7.698575390369842e-01	3772
1.570442841533241e+00	-6.518498355393328e-01	3773
1.018326735765841e+00	1.323083239490973e-03	3774
-3.973195505542366e-01	7.637283390912543e-02	3775
-4.246181547477506e-01	-1.001206544438437e-01	3776
1.373890709931707e+00	-1.574600803470547e-01	3777
1.358882371905296e+00	1.591170085660822e-01	3778
1.454470577262635e+00	-2.684414020148957e-01	3779
1.402844264070505e+00	2.163532147013435e-01	3780
1.495239085774837e+00	-3.478909764352354e-01	3781
1.485280644336546e+00	3.682669467155000e-01	3782
1.531135842598754e+00	-4.423798235768006e-01	3783
1.517516962990951e+00	4.614599958437051e-01	3784
1.556341810265751e+00	-5.460234118691186e-01	3785
1.539593184411100e+00	5.675253714283142e-01	3786
1.550802109629889e+00	6.841016215570993e-01	3787
-4.889802810306949e-01	2.475974499651122e-01	3788
-4.779749969395425e-01	-1.905146740163862e-01	3789
-5.269884609911175e-01	-3.058537357274426e-01	3790
1.547633788834056e+00	8.152410708548109e-01	3791
1.520860648795495e+00	9.686420654249017e-01	3792
1.454160354869107e+00	1.154435259733991e+00	3793
1.351205273706973e+00	1.355821576053930e+00	3794
1.231862036532244e+00	-6.021387396952585e-02	3795
1.295015353541191e+00	-7.800873454456848e-02	3796
1.316713816737558e+00	1.127831851294325e-01	3797
-5.512698680181656e-01	-8.611753203142364e-01	3798
-5.716189129369070e-01	-7.429975275419068e-01	3799
-1.130948848534215e-01	-1.767497301416195e+00	3800
1.174894525334365e+00	4.499750101011735e-02	3801
-2.829026393448980e-01	1.581624165821717e+00	3802
-4.530115417187759e-01	-5.341266449897192e-02	3803
-6.082775551206774e-01	-3.209424492168217e-01	3804
1.131378227120964e+00	3.279377811685071e-02	3805
1.164793925548065e+00	-3.066559960142178e-02	3806
-5.255025401222675e-01	1.233976115712940e+00	3807
-6.459314231569596e-01	5.531462753623009e-01	3808
-6.515611615017090e-01	7.700159178915491e-01	3809
1.025390091670979e+00	9.686479996637113e-04	3810
1.267266569767590e+00	-5.068048769427975e-02	3811
7.694712874853602e-01	1.943117822533196e+00	3812
-3.739016296663951e-01	-3.188538387186513e-02	3813
1.078722176774874e+00	2.804826700293299e-02	3814
1.127417281907544e+00	-2.410824329902305e-02	3815
1.068274005136389e+00	1.339849544259151e-02	3816
4.358398699649333e-01	1.950944623080360e+00	3817
1.052318610661904e+00	2.128942695786186e-03	3818
-6.529555376973084e-01	-9.567123612582253e-01	3819
1.416057402755763e-01	-1.898756762059447e+00	3820
1.045555694997682e+00	3.810020214355796e-03	3821
1.020339440886065e+00	2.091750572575329e-03	3822
-3.667598471564283e-01	5.365839096355477e-03	3823
-3.051113375312060e-01	1.734890387055519e-02	3824
1.525829066332615e+00	2.981199489779480e-01	3825
1.271458181174730e+00	1.523914171531394e+00	3826
1.209895989157593e+00	-3.951250698356993e-02	3827
-6.716541693738382e-01	-5.868422083629482e-01	3828
-6.146992301199451e-01	-1.107761773509651e+00	3829
-6.360556367774797e-01	9.017452511434570e-01	3830
1.481996739625066e+00	-2.053700722673079e-01	3831
-6.723507735133339e-01	-8.211242587281422e-01	3832
1.128400328002308e+00	-1.843482342195033e+00	3833
-9.389588086892577e-02	1.745845205128873e+00	3834
1.099076946631346e+00	2.822472832528140e-02	3835
-4.245342777856517e-01	1.404851758350984e+00	3836
1.225085129169170e+00	6.087083540264115e-02	3837
4.472122313983894e-01	-1.972719921670070e+00	3838
-6.569272161797997e-01	-4.886310311321077e-01	3839
-5.985814469737997e-01	1.058794269451395e+00	3840
1.024690861843136e+00	6.163111230777635e-03	3841
1.027461993586984e+00	4.179901919833161e-03	3842
1.288285998619173e+00	8.029600723482745e-02	3843
1.386125529462570e+00	-1.054372259919492e-01	3844
-6.786184852984037e-01	-6.964070649024355e-01	3845
1.097713788718844e+00	1.828914959337827e+00	3846
-6.304148177702006e-01	4.646672743243810e-01	3847
1.020617425859639e+00	-3.768084009286094e-04	3848
1.456668223039427e-01	1.876353344899260e+00	3849
1.068553282382052e+00	-9.894651594028022e-03	3850
-3.702961990336875e-01	3.965068502964810e-02	3851
-2.964244253018545e-01	-7.383186341326856e-03	3852
-6.348181751647968e-01	-3.986233264656455e-01	3853
-6.115414674392946e-01	3.865278192486461e-01	3854
-5.081432923089834e-01	1.486123682367442e-01	3855
-5.152664694504494e-01	-1.378484674251145e-01	3856
7.902473063850828e-01	-1.964240563860572e+00	3857
-4.798659295250685e-01	1.056064040241395e-01	3858
-4.520856318773893e-01	6.748640230049906e-02	3859
1.101826842546722e+00	-1.975963506752927e-02	3860
1.093071313997807e+00	-1.969075306882695e-02	3861
1.053776209861760e+00	6.448879414954458e-03	3862
1.390843564818125e+00	-1.617170114577053e+00	3863
1.548282965307047e+00	-1.383155198910397e+00	3864
1.079060862232906e+00	-2.034308607502206e-02	3865
1.059521273990944e+00	6.791603432466966e-04	3866
-5.480389151393343e-01	-1.274320396419360e+00	3867
-6.540035082766249e-01	6.563553835325824e-01	3868
1.631972389729446e+00	-1.178829492454441e+00	3869
-5.473754146169053e-01	-1.907586852547525e-01	3870
-5.631660340402863e-01	2.526620880255658e-01	3871
-4.454291652507795e-01	-1.442414672573356e+00	3872
-3.078739821079879e-01	-1.605561099372801e+00	3873
1.669927694305060e+00	-1.004201118228158e+00	3874
1.682592907086960e+00	-8.483902921266159e-01	3875
1.677945383712460e+00	-7.080978862923241e-01	3876
-4.830236066089565e-01	-9.185034216023280e-02	3877
1.473476523509570e+00	2.209589712063837e-01	3878
1.533514462510171e+00	-2.774888990921895e-01	3879
1.420756113096613e+00	1.573163202304848e-01	3880
1.432876315009099e+00	-1.493021837744605e-01	3881
1.583868995655965e+00	-3.676753317760237e-01	3882
1.573998849723411e+00	3.898275538726564e-01	3883
1.626659006263605e+00	-4.734529210897462e-01	3884
1.613174813198856e+00	4.968917753386042e-01	3885
1.658369001911330e+00	-5.856956883123975e-01	3886
1.642272520547856e+00	6.164604746418048e-01	3887
-5.360756855735824e-01	1.978704152190054e-01	3888
-5.786329353506239e-01	-2.502648547287447e-01	3889
-5.888806314774205e-01	3.168713057106650e-01	3890
1.658438724591442e+00	7.522492753083805e-01	3891
1.653600692229685e+00	9.126238236041780e-01	3892
1.615634430243269e+00	1.107258708013238e+00	3893
1.538772608220452e+00	1.324547635551378e+00	3894
1.340360246456328e+00	-6.728333936341963e-02	3895
1.369625595805831e+00	1.072167955945355e-01	3896
-4.918443386048449e-01	1.606798550093979e+00	3897
-7.540910711398509e-01	5.974370297766641e-01	3898
1.076798717304471e+00	1.820379701445494e-02	3899
-7.487757253484159e-01	1.013209896366246e+00	3900
1.113394494633437e+00	2.377683339240357e-02	3901
-4.184545320455500e-01	-1.239098861276034e-02	3902
1.262727626003656e+00	-1.781837028824278e+00	3903
1.203601765538841e+00	3.911157089924084e-02	3904
1.284558684538568e+00	1.719325189991059e+00	3905
1.023309057218615e+00	1.603934321641702e-03	3906
1.561099623101268e+00	-2.027051252820543e-01	3907
1.261087359887963e+00	5.281743998724556e-02	3908
-3.359944364013232e-01	-1.837712280653801e+00	3909
1.147141661738185e+00	-1.715200388251690e-02	3910
-7.028852592818501e-01	1.207046644917690e+00	3911
1.037354708689501e+00	-2.119789525303195e+00	3912
2.366729341185046e-01	2.134351761736306e+00	3913
-5.116701210058494e-01	-3.859102230159048e-02	3914
1.800509283177504e+00	-7.735669719836019e-01	3915
-6.785330228771348e-01	3.266858506648185e-01	3916
1.617927146112764e+00	3.083811991352925e-01	3917
-7.825368809643479e-01	-6.347386319505592e-01	3918
1.116604785068940e+00	-1.731926250213282e-02	3919
1.795602483162648e+00	-1.122061300075990e+00	3920
-7.663105337460049e-01	8.515102175447855e-01	3921
-4.194909203842977e-01	2.742272568126818e-02	3922
-6.466045871474198e-01	2.568848177574511e-01	3923
2.414851489782613e-01	-2.156415000339220e+00	3924
1.335149018143801e+00	7.069992453679845e-02	3925
1.500199839244101e+00	-1.393076821455909e-01	3926
-5.791823093596640e-01	1.411220383011561e-01	3927
1.469046247664664e+00	1.508051024708505e+00	3928
1.240516691002205e+00	-2.908817434864768e-02	3929
1.491137977940912e+00	1.528929176321415e-01	3930
-3.149054433915503e-01	1.813094993729091e+00	3931
-7.617990191269659e-01	-5.230818904976464e-01	3932
1.155667044811411e+00	2.793761005157976e-02	3933
-6.143691266615476e-01	1.403972369715316e+00	3934
1.010953317244883e+00	2.102962741807843e+00	3935
6.105469677415085e-01	2.180990132560837e+00	3936
-7.888554815792924e-01	-9.069136495763714e-01	3937
-8.296097797313483e-02	-2.022420513423581e+00	3938
1.188927241447003e+00	-2.274590234871881e-02	3939
-7.690525686069640e-01	-1.066397088576049e+00	3940
1.307042157996931e+00	-3.850170555623638e-02	3941
-7.927609985275095e-01	-7.646420599873588e-01	3942
-7.361127175204607e-02	1.999105239928217e+00	3943
1.089082690167603e+00	1.756369517997718e-02	3944
-7.327867815559261e-01	4.930184617796515e-01	3945
1.067396207444034e+00	-1.609881864458301e-03	3946
-7.341322353900523e-01	-4.218977901413644e-01	3947
-7.086685084385315e-01	4.049792346660828e-01	3948
-7.003741550787270e-01	-3.327986247853587e-01	3949
6.251543125174214e-01	-2.202104810029190e+00	3950
-5.451424922802255e-01	9.367354553535276e-02	3951
-5.114474036932680e-01	5.347690201743439e-02	3952
1.067700436078325e+00	4.375727715612993e-03	3953
1.619800474369629e+00	-1.599823293490755e+00	3954
1.077711448619439e+00	-1.338574809614538e-02	3955
-7.234192223182283e-01	-1.247829625435265e+00	3956
-7.657860443889987e-01	7.165559178560045e-01	3957
1.740814973184386e+00	-1.341650507011701e+00	3958
-6.254885318630066e-01	-1.876474246088965e-01	3959
-6.423776542985761e-01	-1.447366257058687e+00	3960
-5.147997736449919e-01	-1.640564647272595e+00	3961
1.809476717021868e+00	-9.363459213112060e-01	3962
-5.485390969014854e-01	-8.022504469753544e-02	3963
1.624556815332136e+00	-2.851530675029411e-01	3964
1.554733105431057e+00	2.223579161195113e-01	3965
1.443693801225967e+00	-9.037908653893774e-02	3966
1.684781833434445e+00	-3.877556559996877e-01	3967
1.675410085541782e+00	4.134732656007619e-01	3968
1.736106784794930e+00	-5.024978871220206e-01	3969
1.723872881603026e+00	5.333003660729765e-01	3970
1.775556449319035e+00	-6.290714488762945e-01	3971
-6.130269118111239e-01	1.942429007278042e-01	3972
-5.869169617776108e-01	-1.305560384303512e-01	3973
-6.638248477840510e-01	-2.560639252951789e-01	3974
1.761012674615814e+00	6.711663631532382e-01	3975
1.779984323069503e+00	8.360815805275317e-01	3976
1.771673470450484e+00	1.036504283551752e+00	3977
1.725280011254424e+00	1.268125985604676e+00	3978
1.390948620003245e+00	-5.262068632155185e-02	3979
1.429867990044927e+00	9.715702954239282e-02	3980
-7.112395657030864e-01	1.603348836144125e+00	3981
-8.125534979750458e-01	1.376519230388100e+00	3982
-8.746957847053511e-01	1.147123939562489e+00	3983
-3.411556003002346e-01	-2.110912598062250e+00	3984
1.280022777914917e+00	1.993674340999585e+00	3985
1.140380394987827e+00	1.407350322398011e-02	3986
-5.568432836623123e-01	1.844732336137859e+00	3987
1.129748229969660e+00	-8.287771071947487e-03	3988
-4.724142833937277e-01	3.667042266426872e-03	3989
1.932724359192677e+00	-1.271925756591954e+00	3990
1.388159969050793e+00	5.804701933948323e-02	3991
1.215523646391115e+00	-1.118506026744442e-02	3992
-8.169521423155515e-01	4.232220670626320e-01	3993
1.181889762254245e+00	2.102059129534438e-02	3994
1.168860534443296e+00	-8.242486773767507e-03	3995
1.275120161351512e+00	-1.469238544575532e-02	3996
-6.994326773407290e-01	1.886021510766034e-01	3997
-8.816106870144034e-01	-5.585705305266303e-01	3998
3.944793228423046e-01	2.411834339486249e+00	3999
-1.257831663167633e-02	2.289266564960213e+00	4000
1.954696864414023e+00	-1.039716258439920e+00	4001
1.076204487138861e+00	-2.633666863418097e-03	4002
-1.242457196344464e-02	-2.312563035874523e+00	4003
1.501660056139200e+00	-1.812832126312565e+00	4004
-5.777469317356712e-01	-1.877513971508341e+00	4005
8.829447703937976e-01	-2.414450698727291e+00	4006
1.728646314649627e+00	-2.923253969528605e-01	4007
-5.765090783582230e-01	-1.833735125045523e-02	4008
1.652271742281297e+00	-1.974676517010850e-01	4009
1.102616277802597e+00	1.459116395691272e-02	4010
1.107054281394328e+00	-6.057070251466915e-03	4011
1.235123987146170e+00	3.055037648232044e-02	4012
1.079616680789132e+00	8.154599732410645e-03	4013
1.301706519292379e+00	4.164084053122475e-02	4014
1.129117748270324e+00	1.506619940173828e-02	4015
1.942083150085553e+00	-8.466414291660667e-01	4016
-9.088600448426860e-01	-6.901576257703924e-01	4017
1.723320653470004e+00	3.190980952640795e-01	4018
-8.968889850798382e-01	9.488386194483243e-01	4019
-8.765871623599575e-01	6.464197461083557e-01	4020
-8.462264740629142e-01	-4.456351086089165e-01	4021
1.351357031501794e+00	-2.162855705511963e-02	4022
1.508771800131655e+00	-7.166812186986435e-02	4023
-8.050343958622965e-01	-3.440753285627303e-01	4024
-7.799054401201457e-01	3.331836893848915e-01	4025
1.522621299965458e+00	1.740156687483957e+00	4026
1.647935080648186e+00	2.202985178923889e-01	4027
-3.285212801405334e-01	2.084499167745371e+00	4028
-8.495265387814469e-01	5.243687485565250e-01	4029
8.624408885930428e-01	2.396326367905201e+00	4030
-9.228257047131128e-01	-8.394231677724401e-01	4031
-9.223823776507859e-01	-1.004435888833574e+00	4032
-5.768067268990129e-01	3.318051897699538e-02	4033
4.037021487050104e-01	-2.433344427969956e+00	4034
-6.171296490077175e-01	7.819675725212774e-02	4035
-8.998859246335276e-01	-1.195732719533801e+00	4036
-8.940636072371235e-01	7.846127529693521e-01	4037
1.850058650088638e+00	-1.549088557218544e+00	4038
-7.597996268619732e-01	-2.574168140418713e-01	4039
-8.442400080216065e-01	-1.413112163042845e+00	4040
-7.403244680851055e-01	-1.651049797105992e+00	4041
-6.668444259369937e-01	-1.181445331981469e-01	4042
1.571527966117356e+00	1.433896698127926e-01	4043
1.577538178580782e+00	-1.252829613158530e-01	4044
1.674868403944328e+00	1.468603259084114e+00	4045
1.799989107074448e+00	-4.043682631904618e-01	4046
1.792319197059770e+00	4.359678581239077e-01	4047
1.861493862618287e+00	-5.321609888288810e-01	4048
-6.208583480715277e-01	-6.492810782464439e-02	4049
-6.581976881793717e-01	1.284230016847530e-01	4050
-7.139227084426470e-01	-1.830718460384080e-01	4051
-7.403392548112411e-01	2.566579458140807e-01	4052
1.851797098598338e+00	5.727996064588522e-01	4053
1.909342137849922e+00	-6.796733614592211e-01	4054
1.896269821792993e+00	7.391021437588875e-01	4055
1.918682037854990e+00	9.421058241566568e-01	4056
1.906593277379205e+00	1.183843138225664e+00	4057
1.446018554960981e+00	-3.078497862027573e-02	4058
1.498426052985365e+00	8.362252299420389e-02	4059
1.206107095037056e+00	2.325207237811620e+00	4060
1.245081994024591e+00	3.366078974133374e-03	4061
-1.051945212312659e+00	-7.521444688057897e-01	4062
-8.119676852631039e-01	1.840513750424813e+00	4063
6.404180723481084e-01	2.690808266797548e+00	4064
1.353175931350407e+00	-2.008845261768469e+00	4065
-6.100553073562383e-01	2.127487900331693e+00	4066
1.160165696729250e+00	7.689370128881668e-03	4067
1.198735779724777e+00	-2.389105653516219e+00	4068
1.313667485292763e+00	2.810207505779206e-03	4069
1.270431163937699e+00	1.757289219461974e-02	4070
1.210404347299368e+00	1.152116269062322e-02	4071
-6.282068104104296e-01	-2.165707617672796e+00	4072
1.759562897094487e+00	-1.789831958634308e+00	4073
1.448699916238334e+00	3.980107029334603e-02	4074
-1.044565767682548e+00	1.067275181721488e+00	4075
1.348111151518758e+00	2.561660161313081e-02	4076
1.145767109851483e+00	1.871955310937118e-03	4077
-9.402367378782226e-01	4.400388890505559e-01	4078
1.562280642533017e+00	2.019991763217857e+00	4079
-6.483635403493112e-01	6.897345810137023e-03	4080
-8.392209734946067e-01	-1.894091791084936e+00	4081
1.399581101340531e+00	-8.603082600175827e-05	4082
1.663442822794012e+00	1.287125028021076e-01	4083
1.844357600072378e+00	3.265563309316801e-01	4084
-8.942018974215666e-01	3.393845337109392e-01	4085
-9.378636600832136e-01	1.570585987623866e+00	4086
-1.012574651046339e+00	1.309373316975247e+00	4087
-1.017025066282702e+00	6.998489942302000e-01	4088
1.754923310199538e+00	2.169620845223743e-01	4089
2.077202446662942e+00	-1.464866745396747e+00	4090
1.666582070577685e+00	-1.071041006872082e-01	4091
1.192143630954286e+00	2.816029826538730e-03	4092
-9.231397021380386e-01	-3.553733535123894e-01	4093
-1.018410950266573e+00	-5.989070296656528e-01	4094
1.135613074685039e-01	2.617310150215375e+00	4095
2.117837268009481e+00	-1.171369722637468e+00	4096
1.086470043085498e+00	-6.744563543807385e-03	4097
-3.113868369994838e-01	-2.432044343328983e+00	4098
1.191004230020558e-01	-2.638925218566520e+00	4099
6.553703893977546e-01	-2.709780145484928e+00	4100
1.116617909439409e+00	9.133104919314163e-03	4101
1.092617797149785e+00	5.361302268421592e-03	4102
2.104949981499870e+00	-9.321206091941222e-01	4103
1.882645523842651e+00	1.398105482625156e+00	4104
1.756969335562448e+00	-1.905591353299737e-01	4105
-8.684094941276534e-01	-2.558960605722021e-01	4106
-3.099285425794476e-01	2.406992839639686e+00	4107
-9.816036558061864e-01	5.599347631335913e-01	4108
-9.737373411623511e-01	-4.677376845571210e-01	4109
-1.040775858427533e+00	8.654465596426425e-01	4110
-1.072330742018798e+00	-9.223772072462549e-01	4111
-1.074157705574737e+00	-1.119291717812733e+00	4112
-7.468870432706065e-01	1.121658198078277e-01	4113
-8.454240444637936e-01	2.513439116613803e-01	4114
-1.046786279715204e+00	-1.349202345499028e+00	4115
-9.789189207396450e-01	-1.613738800882647e+00	4116
1.582690487176419e+00	-4.696957888293604e-02	4117
1.773475128260305e+00	1.702083930029645e+00	4118
1.847286436070988e+00	-2.947182814791481e-01	4119
1.931622816653719e+00	-4.189499040184189e-01	4120
-7.008059420528823e-01	-4.235861555465720e-02	4121
-6.964438157842375e-01	5.556168000921853e-02	4122
-7.570691836634103e-01	-1.023526394648045e-01	4123
-8.126912980647510e-01	-1.735270988200820e-01	4124
-7.960806887261020e-01	1.772584846234460e-01	4125
1.927167905274193e+00	4.587566793996295e-01	4126
2.004746841261652e+00	-5.664814022152095e-01	4127
1.998464169338345e+00	6.226550185584260e-01	4128
2.063740606676991e+00	-7.353252147492517e-01	4129
2.052616739515909e+00	8.245086828881713e-01	4130
2.077661564958672e+00	1.071105478108525e+00	4131
1.507667651636414e+00	-3.948691612977799e-03	4132
1.576161655168484e+00	6.348967742652635e-02	4133
-6.424206578180649e-01	2.467289584091686e+00	4134
1.860533764956678e+00	1.988571480112783e+00	4135
2.233130313882543e+00	9.306459056618764e-01	4136
-1.208116190018768e+00	9.646161250843874e-01	4137
-1.208256935937775e+00	1.213674360938168e+00	4138
-1.177974078373237e+00	7.623789846008973e-01	4139
1.982602631909802e+00	-2.927428976601081e-01	4140
-1.173292673229476e+00	-6.454599937500097e-01	4141
-1.056898121269770e+00	-3.628263315361285e-01	4142
-1.216070417237608e+00	-8.189553714456496e-01	4143
3.366249098860536e-01	2.964163644217103e+00	4144
1.877533970921412e+00	2.084046421731792e-01	4145
1.036497160564660e+00	-2.716620651287672e+00	4146
3.468020915622687e-01	-2.983632702274661e+00	4147
1.983570013563736e+00	3.314878187674862e-01	4148
-9.638632154124293e-01	2.438249227000077e-01	4149
-9.087787048470297e-01	2.126006669141754e+00	4150
-1.112559895666844e+00	-1.855727286286550e+00	4151
-1.074599363892898e+00	1.800967091137201e+00	4152
1.628016866615497e+00	-2.034692115696003e+00	4153
-9.303476658837511e-01	-2.183199852891448e+00	4154
1.876223843007816e+00	-1.774297163350716e-01	4155
2.085111395679650e+00	1.294003848991793e+00	4156
2.082513323987413e+00	4.886426000313454e-01	4157
1.041684274162020e+00	2.683599735251771e+00	4158
1.506629002925472e+00	-2.289784743850781e+00	4159
1.401784751237159e+00	2.245004486522887e+00	4160
-9.915941218851225e-01	-2.530566648181678e-01	4161
-1.167785777892080e+00	1.496937200757527e+00	4162
2.020768977119179e+00	-1.724906695147000e+00	4163
-1.023341405083773e+00	3.418421390671071e-01	4164
-1.119204860484938e+00	-4.914966277411653e-01	4165
-1.132652583924887e+00	5.970624158082434e-01	4166
2.295757033628439e+00	-1.344596370776615e+00	4167
-6.442511197939408e-01	-2.507197307152135e+00	4168
-2.229608202128285e-01	-2.801119406328594e+00	4169
2.291074172394548e+00	-1.041171068403139e+00	4170
1.769258743993249e+00	1.106655592982426e-01	4171
1.769172758817864e+00	-8.580100885897593e-02	4172
-2.271669577655160e-01	2.777599245895343e+00	4173
-1.080724990512264e+00	4.594131213223722e-01	4174
-1.243240205986984e+00	-1.019370537964197e+00	4175
-7.870469912503181e-01	1.788892446703582e-03	4176
-1.246012926745069e+00	-1.256467372601883e+00	4177
-1.212413779976077e+00	-1.532743817022147e+00	4178
1.657922222840916e+00	1.087315305387854e-02	4179
-9.237279830485617e-01	-1.585574477986643e-01	4180
-9.038640064453329e-01	1.594524402014303e-01	4181
-8.570575541607973e-01	-8.171428427885007e-02	4182
-8.448036330188196e-01	8.971605888560014e-02	4183
2.082134959368123e+00	-4.354420890902115e-01	4184
2.022445431954007e+00	1.619875192529008e+00	4185
2.169769522702767e+00	-6.027551258246747e-01	4186
2.169130669064859e+00	6.850197629966683e-01	4187
2.241818590955194e+00	-7.999206899949214e-01	4188
1.714239819488375e+00	2.266179118198149e+00	4189
-1.130004899689351e+00	-2.452426741470655e-01	4190
-1.404069556498992e+00	-8.957219280526122e-01	4191
7.422835860683362e-02	2.984817511066480e+00	4192
2.262474940505342e+00	1.496926112699907e+00	4193
-9.968397271943223e-01	2.472390496094887e+00	4194
-1.049666245698148e+00	-1.399551390180067e-01	4195
2.018088606351670e+00	1.946488475193643e-01	4196
7.814699510764357e-01	-3.063665106303929e+00	4197
1.799698426927416e+00	-2.270865587103854e+00	4198
-1.395716885006325e+00	1.090477372585337e+00	4199
8.646069469420459e-02	-3.005635852610371e+00	4200
1.406516314496159e+00	-2.639470256340187e+00	4201
2.011397048270806e+00	-1.585351362877966e-01	4202
-6.177663428413313e-01	2.872399568749231e+00	4203
7.776217958343764e-01	3.041937448440799e+00	4204
2.447328702712440e+00	-8.827347273278411e-01	4205
-1.170267409793112e+00	3.436553227756183e-01	4206
-1.097201209090504e+00	2.306103802641825e-01	4207
2.144486576909607e+00	3.399181978514692e-01	4208
2.275073132200279e+00	1.156189700258696e+00	4209
-1.393500159315160e+00	1.386385186611445e+00	4210
-1.305742288869348e+00	6.395161689036977e-01	4211
2.137514916033913e+00	-2.898641263598330e-01	4212
-1.350438866818741e+00	-6.940216900219450e-01	4213
-1.362488508585617e+00	8.394830244259712e-01	4214
-1.024244645432433e+00	1.378711055979484e-01	4215
-1.224803516495768e+00	2.085064617943366e+00	4216
1.922903022724631e+00	-2.002684848862597e+00	4217
-1.248868424515001e+00	-2.146584367637386e+00	4218
1.862759563363731e+00	1.107313705964404e-02	4219
1.885831823838931e+00	-5.642188475292224e-02	4220
2.360219899104281e+00	-6.440566660029611e-01	4221
-1.340414065566585e+00	1.718179412509590e+00	4222
-1.285120578606349e+00	-5.199404124413121e-01	4223
2.278420940247238e+00	-1.619133206471361e+00	4224
-1.000938409499131e+00	-2.534614103489612e+00	4225
-6.108460301266178e-01	-2.909357650563731e+00	4226
2.499420708977630e+00	-1.188797008335099e+00	4227
1.890655360108041e+00	8.558962231491721e-02	4228
-1.240111507895898e+00	4.787438763807418e-01	4229
-1.209091729785086e+00	-3.687393514387263e-01	4230
-1.395194866825538e+00	-1.766568782179292e+00	4231
-1.438073902709883e+00	-1.135876869458704e+00	4232
-1.440890261989594e+00	-1.420570905251456e+00	4233
-9.684253662892853e-01	-5.254930601420670e-02	4234
-9.530277455430403e-01	5.848987641078782e-02	4235
-8.954506235409879e-01	6.821449620222413e-03	4236
2.255127245982264e+00	-4.505741506897370e-01	4237
2.263804029272740e+00	5.259595280059698e-01	4238
2.367591932618931e+00	7.643811572642192e-01	4239
1.669572499113617e+00	-2.556404391856186e+00	4240
2.021356503430028e+00	2.250991727627456e+00	4241
4.983078655134718e-01	3.351939509741279e+00	4242
-1.286745446486834e+00	-2.322391861857996e-01	4243
-1.575058130121797e+00	-2.054764805726818e+00	4244
5.004237605487091e-01	-3.371602380992509e+00	4245
1.179486934415531e+00	3.066222585786567e+00	4246
-1.609381731925008e+00	1.241608230537734e+00	4247
-2.886564288617845e-01	-3.180664017824755e+00	4248
2.681891805496791e+00	-9.994090139762141e-01	4249
-1.619324946056786e+00	-9.880525826822792e-01	4250
1.235551174812589e+00	-3.040119763347540e+00	4251
1.542473928001911e+00	2.526520660530656e+00	4252
2.524863960751642e+00	-1.471195758559059e+00	4253
-1.504676974829446e+00	6.922473580608801e-01	4254
-1.473215820133962e+00	-5.490103462983293e-01	4255
2.204984335017077e+00	1.831173763645193e+00	4256
-1.572968283442293e+00	9.406322683324664e-01	4257
-3.051931210525161e-01	3.154610393583371e+00	4258
2.104457637956424e+00	-2.246941041074837e+00	4259
-1.601823128647068e+00	1.591703286575574e+00	4260
-1.363403727768206e+00	2.430125499289895e+00	4261
-8.185924698441756e-01	2.773959159277442e+00	4262
2.221023111574358e+00	-1.919548522639971e+00	4263
-1.383137877026406e+00	-3.762715321999748e-01	4264
-1.422559520384843e+00	4.990022603304712e-01	4265
-1.248465668331487e+00	2.136985412970787e-01	4266
-1.190487873869940e+00	-1.161531404647440e-01	4267
2.454676155729719e+00	-4.665572830226324e-01	4268
2.332399747476463e+00	3.507189808923997e-01	4269
2.579639616838278e+00	-6.983361745887899e-01	4270
2.486517132200021e+00	1.334457175544128e+00	4271
2.181027409406235e+00	1.804770220328826e-01	4272
2.167005561435138e+00	-1.342704888754384e-01	4273
-1.553289926020713e+00	-7.483754786356701e-01	4274
-1.159123996695173e+00	1.075047077158497e-01	4275
-1.084128254775750e+00	9.629073061605559e-04	4276
2.023946639212565e+00	1.637087068766539e-02	4277
-1.533445941092911e+00	1.983027185207281e+00	4278
-1.376360747504981e+00	-2.502073896082460e+00	4279
-1.031923414267642e+00	-2.958344612979333e+00	4280
-1.336576485403167e+00	3.440467371755795e-01	4281
-1.658474318625648e+00	-1.625616606316106e+00	4282
-1.660152052186457e+00	-1.276382503170668e+00	4283
2.315176499696137e+00	-2.822349953199530e-01	4284
2.475788729658102e+00	5.754190477780415e-01	4285
2.445599158088849e+00	9.861034147726738e-01	4286
9.728623938930735e-01	-3.441155124676406e+00	4287
1.876269825502146e+00	2.548651640395607e+00	4288
2.807614146499363e-02	3.397949844476612e+00	4289
-1.836364760211809e+00	1.836383880050701e+00	4290
1.630856532532422e+00	-2.892876566862493e+00	4291
-1.811714239541056e+00	1.065832876622981e+00	4292
-1.786037826277008e+00	-8.136330964612849e-01	4293
1.986481594982090e+00	-2.539010219899466e+00	4294
-7.278605305974423e-01	-3.300699261286209e+00	4295
5.323055837688954e-02	-3.418386740541147e+00	4296
-1.311734241094767e+00	7.061428812737394e-02	4297
2.364213178896751e+00	2.150643286310366e+00	4298
2.519960337041878e+00	-2.711755903794409e-01	4299
2.495009335304422e+00	1.655634767456291e+00	4300
-1.892448036769590e+00	-1.894466459452712e+00	4301
-1.477315564557592e+00	-2.937524936498594e+00	4302
-1.526093742757936e+00	3.411051987926997e-01	4303
2.371341914761034e+00	1.638858363998695e-01	4304
2.752210246089026e+00	-1.282145705233335e+00	4305
-1.851773680039413e+00	1.423655526668346e+00	4306
9.355658827584222e-01	3.433217675808606e+00	4307
2.345443414940974e+00	-1.024184732027538e-01	4308
-1.865790221604246e+00	-1.100682928130914e+00	4309
1.400609402494883e+00	2.771980885456188e+00	4310
-1.200782197308591e+00	2.777093577473190e+00	4311
2.425312282085884e+00	-2.175391688169737e+00	4312
2.513460396353759e+00	-1.787591314680867e+00	4313
-1.632536468794440e+00	5.249142939315377e-01	4314
-1.580485241292221e+00	-3.837189458812676e-01	4315
-1.418968601254471e+00	1.940759619875281e-01	4316
-1.465932029502421e+00	-2.170526867199745e-01	4317
-1.349007569486395e+00	-8.304144459458057e-02	4318
2.835621372741858e+00	-7.784291432850358e-01	4319
2.552845497576897e+00	3.680993437085364e-01	4320
2.685008496451656e+00	-4.910668659557021e-01	4321
-1.688192998105782e+00	-5.788775299688053e-01	4322
-1.733822145241119e+00	7.640688442690700e-01	4323
-1.733341178557813e+00	2.317518856472895e+00	4324
-1.760344043057089e+00	-2.405794370996748e+00	4325
-1.911860243197947e+00	-1.452711587399214e+00	4326
-1.228585271457758e+00	-2.103634370613032e-02	4327
2.590024850618912e+00	7.865325480660198e-01	4328
2.687260915100355e+00	1.134156185608843e+00	4329
6.784213787955624e-01	-3.801126260646645e+00	4330
3.197387417440530e-01	-3.788365686788598e+00	4331
-3.601211949817680e-01	3.584701713774705e+00	4332
1.482967632653910e+00	-3.365176927456477e+00	4333
2.955639611514752e+00	-5.315075996241307e-01	4334
-2.094176807087366e+00	2.145505819888847e+00	4335
3.017923092366243e-01	3.768526409089850e+00	4336
6.468180327044063e-01	3.785326233228595e+00	4337
-1.615642169854006e+00	2.718034604634375e+00	4338
-1.934772861955931e+00	-2.841015996045626e+00	4339
-1.506647063693206e+00	-7.683162336464098e-03	4340
-2.126396550572998e+00	1.642396347573236e+00	4341
2.249051270855995e+00	2.508252016762067e+00	4342
-6.957358676659930e-01	3.277120733080729e+00	4343
2.327893216798651e+00	-2.504977475608353e+00	4344
-1.214101697315761e+00	-3.348557433569737e+00	4345
1.691742574332798e+00	2.844292977143303e+00	4346
-1.009716958859230e+00	3.118903950379199e+00	4347
-3.701322397082561e-01	-3.610002097564815e+00	4348
2.952946214181125e+00	-1.053760078376648e+00	4349
-1.875735320661490e+00	5.641143042129272e-01	4350
-1.995088027616255e+00	8.588413191242835e-01	4351
-1.669049994042427e+00	-2.008658865244395e-01	4352
2.594671551051448e+00	1.481517764975158e-01	4353
1.374603408062372e+00	3.464286624145997e+00	4354
-2.084823346483861e+00	1.217934358132799e+00	4355
-2.202252244841238e+00	-1.687636855618488e+00	4356
2.551202389579574e+00	-6.308036756281503e-02	4357
-2.053436017962314e+00	-8.945690828312862e-01	4358
-2.139472218826990e+00	-2.232034369435534e+00	4359
2.247590032274979e+00	2.446287260287425e-02	4360
1.557557810087444e+00	3.122361843050783e+00	4361
2.751798345019659e+00	-2.044496197386594e+00	4362
2.791033645618480e+00	-1.606452308741835e+00	4363
-1.743847665062822e+00	3.387404375280818e-01	4364
-1.612470181922859e+00	1.665334208073527e-01	4365
2.702031484579109e+00	5.616442870698423e-01	4366
2.749929072748428e+00	1.446123189286870e+00	4367
2.757195388482081e+00	-2.640715827411557e-01	4368
-1.805174163033728e+00	-3.876335462167193e-01	4369
-1.934978306846522e+00	-6.143855203088976e-01	4370
-2.147718244622808e+00	-1.243496081543400e+00	4371
2.702220194483709e+00	1.975330284473351e+00	4372
2.857184160911354e+00	8.990690259770071e-01	4373
-1.439929655232698e+00	3.114038794922850e+00	4374
1.220824231294032e+00	-3.845175046013111e+00	4375
1.899850007755343e+00	-3.233918390370716e+00	4376
1.938346994268607e+00	3.136745964127244e+00	4377
-8.706290355868405e-01	-3.742208035022098e+00	4378
2.080464418455742e+00	2.859180871726348e+00	4379
3.118118659431279e+00	-7.902995065384426e-01	4380
-1.444984354923284e-01	-3.839185164346484e+00	4381
1.800310084317977e+00	3.474857268641367e+00	4382
4.536422473120705e-01	4.217564088748836e+00	4383
2.692332400463595e+00	-2.415183724425531e+00	4384
-2.219164764157077e+00	-6.601666779226757e-01	4385
-2.390282631743275e+00	-2.656472242104569e+00	4386
-1.729600422949599e+00	-3.312560582448466e+00	4387
2.419321728578682e+00	5.573270823207677e-02	4388
-1.899743896828046e+00	-1.764790562341357e-01	4389
2.775138336628376e+00	-1.010786934152759e-02	4390
2.114652422364349e+00	-2.896941222238135e+00	4391
1.121075639080158e+00	3.868877157510747e+00	4392
-2.396456437569217e+00	1.403332570173886e+00	4393
-2.503838734587147e+00	-1.999593579218459e+00	4394
3.036221020847700e+00	-2.635015460393116e-01	4395
2.986712149638937e+00	6.349493858071451e-01	4396
4.840604643084217e-01	-4.236712047280902e+00	4397
-2.035586385577683e+00	2.578304648692170e+00	4398
6.929998757719933e-03	3.858246321307011e+00	4399
-2.434346084146012e+00	1.916749341505339e+00	4400
-7.963599645986941e-01	3.728065418782981e+00	4401
-1.026514800337773e+00	3.543502279537954e+00	4402
-2.295271588421708e+00	9.759641950717756e-01	4403
2.775865635396571e+00	3.171474713396741e-01	4404
-2.470563250080002e+00	-1.430086290594237e+00	4405
3.070161096380393e+00	-1.851176166255340e+00	4406
3.044428592318765e+00	-1.377371487286847e+00	4407
-1.834088426706921e+00	1.346557701771575e-01	4408
-1.714361975305292e+00	-1.475989121239750e-02	4409
2.640795173409675e+00	2.379507839822563e+00	4410
2.794973402697064e+00	1.757086557298999e+00	4411
-1.996529383283840e+00	3.432667047151844e-01	4412
-2.062599377912182e+00	-3.915907849484528e-01	4413
-2.155313419589666e+00	6.236088973830924e-01	4414
-2.361163507410773e+00	-9.994676203518271e-01	4415
2.971016050360113e+00	1.199629134705260e+00	4416
-1.430228114956853e+00	-3.788170967240851e+00	4417
1.589707431521992e+00	3.884734705227911e+00	4418
-2.547574879570636e+00	-7.231405146115070e-01	4419
5.789335969693300e-02	-4.210685572406877e+00	4420
-2.290776451415317e+00	3.628886244505254e-01	4421
-1.528865845027254e+00	3.616277797980040e+00	4422
3.063667103269385e+00	-2.254114282298739e+00	4423
-2.091547992925014e+00	1.028633021646802e-01	4424
-1.913926291562540e+00	3.038839324020723e+00	4425
9.993590068056138e-01	-4.204378729790642e+00	4426
-2.828200456129293e+00	-2.394999637249634e+00	4427
2.336207401040453e+00	3.166421685611045e+00	4428
-2.443135964387050e+00	2.367660888825938e+00	4429
-5.634140614494637e-01	-4.024671799604863e+00	4430
1.761815871778651e+00	-3.737347211781610e+00	4431
-4.390764554407254e-01	4.067075034813301e+00	4432
-2.750309462141495e+00	1.637146103217013e+00	4433
-2.259972720061550e+00	-3.183152197910424e+00	4434
2.991721805961598e+00	2.226316090092136e+00	4435
-2.163503881190353e+00	-1.470538972572270e-01	4436
-2.832835922150466e+00	-1.695999957174938e+00	4437
3.241672509836711e+00	-4.978966739549056e-01	4438
3.058756613391647e+00	1.533334667201802e+00	4439
2.512835587477879e+00	2.797157156245489e+00	4440
2.232585148134269e+00	3.456232195898680e+00	4441
8.856153223295120e-01	4.230242012069373e+00	4442
2.323508315308987e+00	-3.265197941902537e+00	4443
2.557679012117640e+00	-2.827866713039995e+00	4444
-2.477895151976599e+00	7.006800269258354e-01	4445
3.151699789432570e+00	9.168318602132202e-01	4446
-2.713678701562459e+00	-1.140185987401551e+00	4447
3.027276584519353e+00	8.822143941001218e-02	4448
3.073479566272270e+00	3.483327191632040e-01	4449
-2.639753272303919e+00	1.121566915206758e+00	4450
3.366354445226976e+00	-1.596547285641575e+00	4451
3.264207408488028e+00	-1.103224411395606e+00	4452
-2.359151212825962e+00	-3.996500062652891e-01	4453
-4.141624657475113e-02	4.391964853587286e+00	4454
-2.026652239318546e+00	-3.732700997948640e+00	4455
2.080535973073045e+00	-3.649154204670488e+00	4456
-2.780950469519262e+00	-2.955904459501481e+00	4457
-2.386970257583865e+00	2.863800043447639e+00	4458
6.564790910439110e-01	4.718804922436096e+00	4459
-1.067535067521057e+00	-4.218817245479374e+00	4460
-3.119162396726072e+00	-1.345304588433250e+00	4461
3.125246728510410e+00	1.875765012153436e+00	4462
1.543992212921224e+00	-4.249502498321768e+00	4463
1.368906728424037e+00	4.323758848406499e+00	4464
-3.887291818889685e-01	-4.576110609653075e+00	4465
3.423475154612341e+00	-2.018856848343928e+00	4466
2.421278808311094e-01	-4.713877474798235e+00	4467
3.284457455517724e+00	6.034467204376620e-01	4468
3.296274690610756e+00	1.250383467250623e+00	4469
-2.702733839291634e+00	-4.174913825235155e-01	4470
-9.283031652127288e-01	4.229470973458185e+00	4471
-2.081059932695779e+00	3.570348092793241e+00	4472
7.735565531381471e-01	-4.713150836686555e+00	4473
-2.922008674112999e+00	-2.126066296450181e+00	4474
2.055712581060560e+00	3.882095801784735e+00	4475
-2.824100350675654e+00	2.092673879203147e+00	4476
-2.379335122852377e+00	6.180765846920606e-02	4477
2.937741369825374e+00	2.657178640689492e+00	4478
2.773954459278406e+00	3.149494763379483e+00	4479
2.671627759214767e+00	3.451205989822218e+00	4480
2.788172371861082e+00	-3.231070420988872e+00	4481
2.993336113871062e+00	-2.696877839249282e+00	4482
-3.034358049817831e+00	1.308251611142624e+00	4483
3.305327903622225e+00	-1.468976616061811e-01	4484
3.297075849285153e+00	1.728298695824944e-01	4485
-2.927695558156124e+00	-8.147106172296227e-01	4486
-2.850001583615748e+00	8.005145024655227e-01	4487
3.626835098271819e+00	-1.284531936870650e+00	4488
3.440204618948241e+00	-7.896320920111292e-01	4489
-2.467244453728398e+00	-1.150199479715133e-01	4490
-2.629137437984789e+00	3.970662582056948e-01	4491
-3.269071399170164e+00	-1.799645567010154e+00	4492
1.862950838749384e+00	4.332350921027238e+00	4493
-2.636717341310687e+00	-3.566340904225401e+00	4494
-2.644975857342617e+00	3.398120834457625e+00	4495
1.034087022505055e+00	4.773760256369537e+00	4496
-1.693377285318441e+00	-4.275714346217303e+00	4497
3.411584433958434e+00	1.617435843745626e+00	4498
-5.397865633834447e-01	4.610565327107596e+00	4499
-3.172383111693659e+00	1.761179366751837e+00	4500
2.572908346727853e+00	-3.676144634174046e+00	4501
1.292785045228804e+00	-4.695964237577938e+00	4502
-1.218297798642535e+00	4.014831556247990e+00	4503
-1.846894140421008e+00	4.056216841769860e+00	4504
-3.021752185768442e+00	4.456390590559871e-01	4505
2.506569232473078e+00	3.866923740229737e+00	4506
3.573386054310520e+00	3.942043560945540e-01	4507
3.563061056020634e+00	-4.275431720456985e-01	4508
-2.845249948852015e+00	2.608539345565622e+00	4509
3.487401685521485e+00	9.179702761213518e-01	4510
-9.665006870077860e-01	-4.852767016094628e+00	4511
3.754319833646877e+00	-1.711803285541468e+00	4512
-1.870125447414736e-01	-5.171498159712077e+00	4513
8.717557463051882e-02	5.035111872147292e+00	4514
5.095493502815902e-01	-5.260845832225813e+00	4515
3.383808079104348e+00	2.173626520739543e+00	4516
3.331820148867088e+00	2.488410102730779e+00	4517
3.238862092942556e+00	3.031283421555951e+00	4518
3.134339776223477e+00	3.440850767985791e+00	4519
3.273964463036250e+00	-3.109821164631549e+00	4520
3.422451390086222e+00	-2.490092828467470e+00	4521
-3.366810678152092e+00	-9.577739215552594e-01	4522
-3.279126379241522e+00	9.335715774881064e-01	4523
-3.102757161610401e+00	-4.549312507164877e-01	4524
3.838195231161483e+00	-9.213971481014690e-01	4525
3.580549421658387e+00	1.827491189023293e-02	4526
-2.820163658652831e+00	-8.508022813261504e-02	4527
-1.366481730619235e+00	4.520539954168163e+00	4528
-3.567875607698258e+00	-5.335227688218136e-01	4529
-3.245944210488920e+00	-2.713761335033864e+00	4530
1.619891148859831e+00	4.855695613824990e+00	4531
1.863484220781864e+00	-4.721080687580878e+00	4532
3.987496093048184e+00	-5.139052127067896e-01	4533
3.885245488746534e+00	-2.191864768626519e-01	4534
2.300357148220078e+00	-4.116984858054568e+00	4535
-3.482901357694018e+00	1.376145207237493e+00	4536
1.102147711536314e+00	-5.244731426066421e+00	4537
-1.092714483551975e+00	4.790202956589709e+00	4538
-2.457895172524569e+00	3.989521036292428e+00	4539
-2.833011532523058e+00	3.118458439710463e+00	4540
-2.375858940977587e+00	-4.201528674314369e+00	4541
4.039909045086971e+00	-1.338266348434815e+00	4542
-5.353387268590184e-01	5.286292123729317e+00	4543
-3.385567011253882e+00	-2.274200767356333e+00	4544
2.351209084735487e+00	4.325777014323751e+00	4545
-3.577942995180471e+00	-1.407637764600284e+00	4546
3.110053625916972e+00	-3.624711911805943e+00	4547
-3.180523720534958e+00	-3.373517831639917e+00	4548
7.671896822112793e-01	5.296753476292325e+00	4549
3.667688513510455e+00	1.288280038778970e+00	4550
-3.270638828875105e+00	2.280067101663430e+00	4551
3.844279935706532e+00	7.049535167129450e-01	4552
-1.668711487113761e+00	-4.992715239169560e+00	4553
-7.965884710345322e-01	-5.553250526888297e+00	4554
8.549427730265052e-02	-5.816238492581588e+00	4555
3.762809657992182e+00	1.913232672335468e+00	4556
2.968190684949592e+00	3.870166508014251e+00	4557
3.747707664820593e+00	2.395295151787002e+00	4558
3.700488909617306e+00	2.831567086734360e+00	4559
3.630648616926712e+00	3.350111240669043e+00	4560
3.765071643898583e+00	-2.898745706856917e+00	4561
3.831171791016783e+00	-2.200951517052865e+00	4562
-3.477216163886820e+00	5.186723013030246e-01	4563
3.891696387956909e+00	2.102171443909034e-01	4564
-3.234203407030655e+00	-3.199498622271382e-03	4565
-1.201740732034742e+00	5.479320661316009e+00	4566
2.169346361230615e+00	4.835593030488412e+00	4567
-3.843869934443321e+00	-9.654042084823228e-01	4568
-3.746850207068646e+00	9.409822255732498e-01	4569
-3.762345620078287e+00	-1.904336712265709e+00	4570
-2.093818116838760e+00	4.609123188347724e+00	4571
-3.655487198424920e+00	1.888050566663493e+00	4572
2.508536426035227e+00	-4.724775046618877e+00	4573
2.866370859959675e+00	-4.138950231393463e+00	4574
1.332077539898756e+00	5.340222960575258e+00	4575
8.106767790538461e-01	-5.892080086379123e+00	4576
3.670648911534192e+00	-3.470916899325269e+00	4577
4.219575574069278e+00	4.887773706927701e-01	4578
4.264664264272574e+00	-9.054320803640351e-01	4579
4.256782790171641e+00	-1.310879654442546e-01	4580
-1.618529194503283e+00	5.053056195888839e+00	4581
-3.771223347132889e+00	-2.640879827537571e+00	4582
-3.716576948631028e+00	-3.094653995792567e+00	4583
1.637518308680069e+00	-5.208635795074964e+00	4584
-3.718484332328985e+00	1.485654072928831e-02	4585
-3.318952025988974e+00	2.839573950450221e+00	4586
-2.090896328884472e+00	-4.779412350685472e+00	4587
-3.038447157331613e+00	-4.024716698319618e+00	4588
1.061481501183553e-01	5.721250524661825e+00	4589
3.491528330503566e+00	3.855851340942237e+00	4590
-1.569317602922685e+00	-5.799683901063974e+00	4591
-5.422662829633815e-01	-6.315972043600906e+00	4592
4.097504438694468e+00	1.096831560283708e+00	4593
4.088956985899026e+00	1.543768613809769e+00	4594
2.818778498999888e+00	4.311455947700717e+00	4595
4.173169829563024e+00	2.167025604284566e+00	4596
4.171013608794710e+00	2.662090908632413e+00	4597
4.142081044180670e+00	3.155626244056618e+00	4598
4.242249413556242e+00	-2.591048377447295e+00	4599
4.199720263740126e+00	-1.829877936684917e+00	4600
-1.855850092282463e+00	5.705710820864986e+00	4601
-4.098200988025357e+00	-1.459483742788131e+00	4602
-2.757778698916667e+00	4.585563097469517e+00	4603
-3.042192304219630e+00	3.851810727701334e+00	4604
-2.264274221177818e+00	5.270086798859439e+00	4605
1.946503811860418e+00	5.408796309523319e+00	4606
-3.325372302220371e+00	3.407461052637377e+00	4607
-2.151841095903571e+00	-5.428231714304690e+00	4608
-2.799628426433901e+00	-4.703783378201407e+00	4609
4.068120210241704e+00	3.738966076013589e+00	4610
4.234215481750175e+00	-3.209401068568465e+00	4611
2.226069366835584e+00	-5.247416298470529e+00	4612
3.485489452616509e+00	-4.067596059678432e+00	4613
-3.785137028597553e+00	2.465670047954724e+00	4614
-3.971148811538911e+00	4.742885224205911e-01	4615
3.158478655843929e+00	-4.717594883540397e+00	4616
-3.994049825931903e+00	1.437470261076187e+00	4617
2.922764812902875e-01	-6.568997526624169e+00	4618
-3.673812707655209e+00	-3.768795953062996e+00	4619
3.318194952533298e+00	4.323772633715320e+00	4620
-6.316549453863730e-01	6.010189051752739e+00	4621
4.433241087321282e+00	-5.159191875602022e-01	4622
4.632483958613729e+00	1.999130816578018e-01	4623
-4.270280245072815e+00	-2.268692239024925e+00	4624
-4.280456644772925e+00	-2.933649755024082e+00	4625
1.411691681139450e+00	-5.842946721818782e+00	4626
-4.059109718980125e+00	-4.470555440258320e-01	4627
8.903379315002868e-01	5.993553582340503e+00	4628
-1.372406842086624e+00	-6.691566969478020e+00	4629
4.546838023467975e+00	8.680411131591916e-01	4630
4.499917143163975e+00	1.326570598778077e+00	4631
2.688538325110689e+00	4.811559145504720e+00	4632
4.563197417292008e+00	1.796765358992744e+00	4633
4.648625828067688e+00	2.416600865465589e+00	4634
4.666460356305114e+00	2.939143141362832e+00	4635
4.682602104357697e+00	-2.183998676569150e+00	4636
4.512137069185062e+00	-1.382924872283386e+00	4637
1.890593729362202e+00	-5.843378752755030e+00	4638
-2.552528607490896e+00	5.952287855364704e+00	4639
4.777386265533911e+00	-2.833189890409501e+00	4640
-4.695985952889238e+00	-1.757520766328611e+00	4641
1.304867755822051e-01	6.499515025088800e+00	4642
-4.278053071515086e+00	9.431668395527026e-01	4643
2.865690849240298e+00	-5.291148252865126e+00	4644
3.910449488751723e+00	4.313897382761983e+00	4645
-1.341749343278594e+00	6.229700347285103e+00	4646
-3.859534589355256e+00	3.085615725756916e+00	4647
4.131915823564980e+00	-3.874763493650131e+00	4648
4.747007869657037e+00	-9.128504949865738e-01	4649
-4.239430249376754e+00	3.828545403255944e-02	4650
1.142044484247687e+00	-6.606914925429503e+00	4651
-3.530405591596170e+00	-4.506025273000272e+00	4652
-2.958361180057070e+00	-5.500138415516556e+00	4653
-4.919893122484395e-01	-7.173502582021490e+00	4654
-3.027565870269243e+00	5.303018833014365e+00	4655
1.571535863560454e+00	6.008557277465904e+00	4656
-3.447819034037996e+00	4.434067502819761e+00	4657
-3.655950916518366e+00	3.930445911339262e+00	4658
3.841466137057366e+00	-4.652442734123681e+00	4659
-4.207570784304023e+00	2.010847430719539e+00	4660
-4.385797378195166e+00	-9.422820323906639e-01	4661
4.713266223038819e+00	-1.551658007354689e-01	4662
-4.156171558697017e+00	-3.567245928979020e+00	4663
-4.847395174409304e+00	-2.594458763633904e+00	4664
-2.198412570303778e+00	-6.294323256011999e+00	4665
4.631666153940470e+00	3.533552064142584e+00	4666
2.535366678048878e+00	5.375683514857430e+00	4667
4.969119029855581e+00	1.140981643823206e+00	4668
4.992199493857305e+00	1.499038364012724e+00	4669
5.027377559682938e+00	5.875512002524148e-01	4670
5.101462433614785e+00	2.038192428452174e+00	4671
5.198960720405585e+00	2.659541258293552e+00	4672
5.064103538378676e+00	-1.683673584801295e+00	4673
3.564500052206836e+00	-5.297750573756134e+00	4674
-1.318384805709823e+00	-7.640440308644919e+00	4675
-2.036573846841292e+00	6.483289131451437e+00	4676
5.272089363915225e+00	-2.341928523651300e+00	4677
-4.517543870157632e+00	4.750004050788570e-01	4678
5.331490103135531e-01	-7.422424910750308e+00	4679
3.348402207469412e+00	5.114263802163731e+00	4680
4.557501352967740e+00	4.186183963254326e+00	4681
-3.373255868576046e+00	6.057096798644491e+00	4682
2.560792580302074e+00	-5.883478625409662e+00	4683
-4.574266297168175e+00	1.492229197659915e+00	4684
-2.121162481680093e+00	-7.195371331313228e+00	4685
2.298032295618953e+00	6.049464933521747e+00	4686
4.914024263635420e+00	-6.014850296524403e-01	4687
-5.360700591025691e+00	-2.071949267657401e+00	4688
1.650509613282854e+00	-6.533986575816622e+00	4689
4.778769036899814e+00	-3.552362748062892e+00	4690
1.061829473846487e+00	6.777435731533024e+00	4691
5.107452726627780e+00	1.198271989125736e-01	4692
-7.073964097822357e-01	6.834099368531408e+00	4693
-4.373095569853519e+00	2.655192124275982e+00	4694
4.560280276202401e+00	-4.476673949334010e+00	4695
-3.836728835462952e+00	-5.346270496022835e+00	4696
-4.333812806686528e+00	3.648469528796643e+00	4697
-3.842655949034983e+00	5.164179048118474e+00	4698
-4.136565315139738e+00	4.425484826801696e+00	4699
-4.614207428902708e+00	-4.009661978331748e-01	4700
-5.046626489502358e+00	-1.160042954788887e+00	4701
-4.152255269580163e+00	-4.239367826331675e+00	4702
-4.848232227684750e+00	-3.331300460693669e+00	4703
-3.110938834226053e+00	-6.409323304412347e+00	4704
5.487330652104808e+00	1.286385956694569e+00	4705
5.493174533947450e+00	9.142323591155576e-01	4706
5.214434075942987e+00	3.289297959472863e+00	4707
5.566796634081308e+00	1.662882632154240e+00	4708
5.714596463645919e+00	2.260202747394227e+00	4709
-4.286405419078374e+00	5.970151275975732e+00	4710
-2.144527704324421e+00	-8.187079824063574e+00	4711
-1.489226121669913e+00	7.075012813977599e+00	4712
-3.322479409042721e-01	-8.130505475814283e+00	4713
1.907502167923603e+00	6.766935947354307e+00	4714
1.869996063769989e-01	7.380307747268429e+00	4715
3.098813286244586e+00	5.905855251564446e+00	4716
-4.802354743290116e+00	-1.274408572195573e-02	4717
5.396363361569156e+00	-3.094414083054660e+00	4718
3.260921800658134e+00	-5.930572250857361e+00	4719
-5.531308220677597e+00	-2.876620140366336e+00	4720
-4.835706013458496e+00	2.130421393266598e+00	4721
5.176901415633498e+00	-3.990962922271449e-01	4722
5.247130260141701e+00	-9.823112840540110e-01	4723
-5.791717340142104e+00	-1.416433145442124e+00	4724
-4.873534346273432e+00	9.555542478720385e-01	4725
-3.137002122785639e+00	-7.461886935026109e+00	4726
4.334038759685938e+00	-5.220713862365920e+00	4727
5.691931129250183e+00	-1.846731932688074e+00	4728
5.190049926385268e+00	3.956967015469246e+00	4729
5.555358846088785e+00	3.851813490563484e-01	4730
6.032454714092014e+00	1.107469182958641e+00	4731
-4.757584987413447e+00	-3.987172620742880e+00	4732
-2.855666155742077e+00	6.759519879538007e+00	4733
2.183466553715249e+00	-6.559181304648282e+00	4734
5.295073226948543e+00	-4.161550978583768e+00	4735
4.359729374085187e+00	4.869936697091343e+00	4736
-4.971304394765673e+00	3.178500719749895e+00	4737
-4.888067037207201e+00	4.204315901925248e+00	4738
-4.656558668461038e+00	5.062485394430155e+00	4739
-5.315565591133570e+00	-5.069930876837515e-01	4740
-4.118697979176974e+00	-6.320664691788626e+00	4741
5.827783055493589e+00	2.950349189432863e+00	4742
6.228026046678412e+00	1.815769687801777e+00	4743
-5.227127665032407e+00	5.826986939066210e+00	4744
-4.305566935959897e+00	-7.477742355388703e+00	4745
-6.126424368514844e+00	-2.226216452323364e+00	4746
6.636263894577736e-01	-8.462289166714507e+00	4747
-5.539293661587807e+00	2.574592243227462e+00	4748
5.105438403039676e+00	4.708183554179924e+00	4749
-2.270764011739864e+00	7.355984816482028e+00	4750
-5.531686629616654e+00	-3.720613521790027e+00	4751
6.014877663829514e+00	-3.690985335315116e+00	4752
4.036724294772900e+00	-5.943260974298605e+00	4753
-5.510797991672510e+00	4.834529622714001e+00	4754
-1.226639731246589e+00	-8.693400745531859e+00	4755
-7.726007130487392e-01	7.769728738673945e+00	4756
-5.228821624596427e+00	1.545253535584896e+00	4757
-4.722097654164704e+00	-4.758794223543115e+00	4758
1.290409800662621e+00	7.661817043285578e+00	4759
6.750485232809802e+00	1.289700342910650e+00	4760
5.935259025045413e+00	-2.550473081495543e+00	4761
5.851005097260884e+00	3.670949595307625e+00	4762
1.880447729526315e+00	-7.317543051304189e+00	4763
-5.635277985328879e+00	3.750685193989171e+00	4764
2.792646159516567e+00	6.730899215464460e+00	4765
5.158328048824121e+00	-5.005142390896883e+00	4766
5.965336107032706e+00	-1.158758021809646e+00	4767
-5.128330423820501e+00	4.468420121822179e-01	4768
5.616987464256011e+00	-1.309126456318959e-01	4769
-3.842733316313368e+00	6.863310751813107e+00	4770
-3.200215979339551e+00	-8.593705335251951e+00	4771
3.948851782472032e+00	5.686213027251380e+00	4772
-4.727234339238194e+00	-5.614324863875916e+00	4773
2.935821724020574e+00	-6.602777352939780e+00	4774
-6.123616312832585e+00	-6.665759110261953e-01	4775
6.404913110963136e+00	2.512489247427192e+00	4776
3.709658880257854e+00	-6.646941384675136e+00	4777
1.460572116184727e+00	-7.835640891334385e+00	4778
-6.319111186742298e+00	-3.174972100423934e+00	4779
6.672953554946380e+00	-3.071681383494841e+00	4780
2.798820148598953e-01	8.376738170709389e+00	4781
-1.660199143184771e+00	8.031935742086459e+00	4782
6.539522735663630e+00	3.286020925284008e+00	4783
-6.018343673399298e+00	1.871003296241865e+00	4784
-4.868337515343319e+00	6.782735804486548e+00	4785
-5.429800539114991e+00	-1.118220918873777e-01	4786
-2.236468930581482e+00	-9.319216436690965e+00	4787
6.344294043567857e+00	-4.584745964465149e-01	4788
6.140460632767262e+00	1.910795638169172e-01	4789
-3.221243195749880e+00	7.671590431552904e+00	4790
6.003085512797162e+00	-4.619284787052251e+00	4791
5.828863249625639e+00	4.437184679428004e+00	4792
6.981680523581868e+00	2.014909290627914e+00	4793
-1.999989494674746e-01	-9.216356695712246e+00	4794
-6.204354366075941e+00	5.571717730182997e+00	4795
2.330185453217116e+00	7.619029777745689e+00	4796
-5.429566532533161e+00	-4.479868171674456e+00	4797
4.908561587538821e+00	-5.853805237567417e+00	4798
-6.322411656225529e+00	3.104979132927875e+00	4799
-5.839723888708225e+00	3.033565438241974e-02	4800
-5.086411382024248e+00	-6.641188826136377e+00	4801
6.549774762330851e+00	5.853584993682805e-01	4802
6.403151809551257e+00	-1.862072258278700e+00	4803
2.642883861997430e+00	-7.300283532032132e+00	4804
-6.375515939283570e+00	4.386803155126319e+00	4805
3.683723421244955e+00	6.550465236890652e+00	4806
5.668640541045317e+00	-7.106300169256624e-01	4807
-5.542474803021781e+00	9.523752129853079e-01	4808
-6.606026890203551e+00	-1.439977216177672e+00	4809
-4.475341605382572e+00	-8.755187672780277e+00	4810
4.845312955353315e+00	5.548056071308578e+00	4811
-5.516443112670903e+00	-5.182146426116937e+00	4812
-6.294717610846261e+00	-4.729706138189897e+00	4813
3.411997098984591e+00	-7.356504803647288e+00	4814
-4.350504696370439e+00	7.793276639866445e+00	4815
-7.200480639564912e+00	5.112927299518413e+00	4816
-7.000488071826116e+00	-2.391593470013731e+00	4817
-6.912483918430472e+00	2.307842825437276e+00	4818
8.943131600569478e-01	-9.596237272680192e+00	4819
7.189824738552298e+00	2.796011067085001e+00	4820
-2.550995035981888e+00	8.344688575067996e+00	4821
-1.180825792828696e+00	-9.885764615815422e+00	4822
1.582844588667097e+00	8.659728834349762e+00	4823
5.853240307069580e+00	-5.593592572925191e+00	4824
-6.988380556777414e+00	-6.675511708066973e-01	4825
3.355508870642960e+00	7.507621063657777e+00	4826
5.723322619360966e+00	5.320618834920147e+00	4827
4.579561173629035e+00	-6.667181248263612e+00	4828
-8.324177547698295e-01	8.832841540784203e+00	4829
-3.531570964732632e+00	-9.785192528532015e+00	4830
6.576744272467741e+00	4.103699032491501e+00	4831
6.822534728604615e+00	-4.050939192496291e+00	4832
2.281066083360837e+00	-8.170911193390443e+00	4833
7.315425350486770e+00	7.465356660958328e-01	4834
7.565662298608659e+00	1.428773630038076e+00	4835
-5.934581255993978e+00	6.614000319197332e+00	4836
-6.316610995737682e+00	-4.152440826096799e+00	4837
-7.193972788387518e+00	3.713121496704240e+00	4838
6.847919969495119e+00	5.482461500668302e-02	4839
6.720108962167786e+00	-1.141111102356094e+00	4840
7.245424069259961e+00	-2.308878321985384e+00	4841
1.644696364914942e+00	-8.887337803425233e+00	4842
4.539273741723846e+00	6.365414917803276e+00	4843
-6.321597887992654e+00	6.900206793721591e-01	4844
-5.407558174683061e+00	-7.854652903177744e+00	4845
-5.533074164880323e+00	-6.153675005423074e+00	4846
-4.016757863243092e-02	-1.044221137580510e+01	4847
-5.713158917720683e+00	-9.107635707580846e+00	4848
4.112508196643322e-01	9.504191558887637e+00	4849
-6.386193424524480e+00	-5.689626558027925e+00	4850
8.179953026741043e+00	8.155705230963202e-01	4851
2.830096074492614e+00	8.579757467223958e+00	4852
-6.797497126933078e+00	1.419179200365744e+00	4853
7.348768784195112e+00	3.666283616487108e+00	4854
-2.367196141020206e+00	-1.060874283669183e+01	4855
7.566644654799227e+00	-3.303216070959741e+00	4856
-7.528793662317509e+00	-1.508976570542722e+00	4857
7.838014676842538e+00	2.238120114753287e+00	4858
-5.524950075077555e+00	7.707795625235556e+00	4859
5.572429527738671e+00	-6.564224876534529e+00	4860
-4.854885297146833e+00	-1.005326260769702e+01	4861
-1.854562198488794e+00	9.120125192168999e+00	4862
6.556741893088909e+00	4.989981481773975e+00	4863
6.821895307910071e+00	-5.126529574722838e+00	4864
-7.071317846908799e+00	6.288965822981815e+00	4865
4.239386444111655e+00	-7.425239663673236e+00	4866
-7.915629548317973e+00	2.840095983167922e+00	4867
-8.164378000173222e+00	4.410760119822228e+00	4868
7.687064724628444e+00	-8.919597574256444e-03	4869
2.001363362234406e+00	-1.001476675541689e+01	4870
2.962257378132958e+00	-8.211391671421639e+00	4871
-6.598448653888427e+00	-1.661155349100000e-03	4872
-3.632271416279730e+00	8.708103841763174e+00	4873
5.479107787147673e+00	6.237398768930565e+00	4874
2.699171241043393e+00	-9.181614310282212e+00	4875
7.098117990001408e+00	-5.747949083281375e-01	4876
-7.220380988329145e+00	-3.500328831595394e+00	4877
7.200276007290779e+00	-1.784679700194048e+00	4878
4.313303427843467e+00	7.298078608804114e+00	4879
-6.647755232863790e+00	-8.214442555390336e+00	4880
8.480167163437345e+00	1.639892029597258e+00	4881
3.993783799804570e+00	8.391373482445045e+00	4882
6.656650376864273e+00	-6.251990686788107e+00	4883
-1.139317406134241e+00	-1.123819140179803e+01	4884
-8.237097201631315e+00	5.709051545426677e+00	4885
1.940424925154827e+00	9.785202682425220e+00	4886
-3.799331223581039e+00	-1.115996775495302e+01	4887
-2.867602525670229e+00	9.467119640155774e+00	4888
8.649760977483835e+00	-2.570498733656352e-02	4889
-7.744432800332843e+00	1.785935289884606e+00	4890
8.200361806740993e+00	-2.549503918463382e+00	4891
-7.962457452642104e+00	-6.393810069669803e-01	4892
8.082021060081750e+00	3.115480851814392e+00	4893
7.755913821479244e+00	-4.439853583947948e+00	4894
7.403928872193469e+00	4.596362303721740e+00	4895
7.924519507036977e+00	-8.455074213767659e-01	4896
-8.853245779031729e-01	1.004126099243441e+01	4897
3.204661050226499e+00	-1.031243735225599e+01	4898
-6.421163324655947e+00	-6.774425221333862e+00	4899
-4.919392584253667e+00	8.853532476000984e+00	4900
-7.265897499608547e+00	-5.122850061126917e+00	4901
5.206367908610763e+00	-7.472215347677990e+00	4902
5.209285298784170e+00	7.107603983521358e+00	4903
6.454585501278292e+00	5.982870833814227e+00	4904
-7.991449618894454e+00	-2.588242787023066e+00	4905
-6.755541536686855e+00	7.497034015252687e+00	4906
-6.214837511395757e+00	-1.042850651246309e+01	4907
-9.037396146324557e+00	3.469803140593245e+00	4908
1.120214972991438e+00	-1.086594625179121e+01	4909
3.880692178841262e+00	-8.264684609665828e+00	4910
-7.464552475786217e+00	5.511802015878797e-02	4911
7.509683216952588e+00	-1.260402068491607e+00	4912
-7.174663016729254e+00	6.306254778780549e-01	4913
5.836171602391826e-01	1.078121617580803e+01	4914
3.410908636352373e+00	9.662462954910314e+00	4915
-8.252200550920405e+00	4.683576052496451e-01	4916
1.289926381441579e-01	-1.182499472134356e+01	4917
8.941629660053566e+00	-1.015403576240450e+00	4918
-2.474675270054659e+00	-1.207277952916100e+01	4919
9.186088804583171e+00	8.756531038347191e-01	4920
8.796175043935971e+00	2.513607921107113e+00	4921
8.271149264277790e+00	4.095295785448904e+00	4922
-8.860874110341756e+00	2.227996042992751e+00	4923
5.027749093654336e+00	8.131989211532554e+00	4924
3.652479977642208e+00	-9.270588641692965e+00	4925
-8.076426054095439e+00	7.088399994898592e+00	4926
8.570939137144194e+00	-3.615021509383431e+00	4927
8.165880195483306e+00	-1.779268648224127e+00	4928
-8.577924312317297e+00	-1.584659576881415e+00	4929
-6.274567798926264e+00	8.757983267444878e+00	4930
-5.230682463944119e+00	-1.151505150634076e+01	4931
-4.093330984836634e+00	9.885871014209215e+00	4932
-7.631340917769831e+00	-7.321677995628648e+00	4933
-2.068597268037808e+00	1.036015125609663e+01	4934
-8.266092917517467e+00	-3.972457684703168e+00	4935
7.768205027732127e+00	-5.687840229527947e+00	4936
2.358092579804569e+00	-1.131606341051996e+01	4937
-7.392836285632003e+00	-6.226171867501990e+00	4938
6.337342944297231e+00	-7.361688811081548e+00	4939
6.222193708966527e+00	6.981572496763898e+00	4940
7.396278942603469e+00	5.602425288271267e+00	4941
-7.085364069143452e+00	-9.434483577240659e+00	4942
-9.352175446432369e+00	4.839863454538545e+00	4943
4.816098046839420e+00	-8.325436263087397e+00	4944
4.730208079374468e+00	9.385267078465208e+00	4945
-6.776040673551557e+00	-1.192917350021010e+01	4946
-3.222073917740009e+00	1.074272570552851e+01	4947
3.746765168563109e+00	-1.162738168792431e+01	4948
8.817070268711886e+00	-4.889052847051045e+00	4949
-9.430515318031876e+00	6.370854452746400e+00	4950
-8.626926825255312e+00	-6.531506627607130e+00	4951
9.288675864600537e+00	-2.768294163212665e+00	4952
9.535186222282759e+00	1.828523258603131e+00	4953
1.961510505790191e+00	1.124381964536566e+01	4954
2.774401967110410e+00	1.087068513636620e+01	4955
-4.049663547346678e+00	-1.272427780318525e+01	4956
-7.684122466910244e+00	-1.084059093126226e+01	4957
5.975900659194446e+00	7.918118314505132e+00	4958
-1.077087667934517e+00	-1.276515214633719e+01	4959
9.721040944177036e+00	-1.588928771109188e-01	4960
-7.995732188861694e+00	-8.538447405864105e+00	4961
-5.562603291875782e+00	1.005980150686700e+01	4962
9.086922861567755e+00	3.483692648129104e+00	4963
-9.277419328784130e-01	1.141458263838804e+01	4964
1.412057811337895e+00	-1.228672228154564e+01	4965
7.302437056921446e+00	6.707768538311226e+00	4966
8.350484290189788e+00	5.146638951800012e+00	4967
-8.650153233018321e+00	1.139764388116416e+00	4968
-7.702306097182929e+00	8.494221568857245e+00	4969
7.583698602568353e+00	-6.989481421425466e+00	4970
-1.001952829709441e+01	2.697528505162895e+00	4971
4.490868179254580e+00	-1.024717138494836e+01	4972
-9.040527956505953e+00	-4.603596317798048e-01	4973
9.145451860379033e+00	-2.091160754717758e+00	4974
-8.461588027781385e+00	-5.394276197549351e+00	4975
-9.123837129991397e+00	-2.837278570680187e+00	4976
-1.031742627389443e+01	3.899491532903103e+00	4977
5.911216352578316e+00	-8.387967571813643e+00	4978
4.232516499152443e+00	1.075135442585017e+01	4979
-5.660403824882613e+00	-1.316552020346012e+01	4980
-9.716878927417993e+00	-5.794225707553961e+00	4981
-2.559947374365352e+00	-1.372926769515242e+01	4982
1.034228044604041e+01	9.132987905594661e-01	4983
-2.301612539619821e+00	1.177418924835687e+01	4984
7.210889016485864e+00	-8.266276703348128e+00	4985
9.720213102442877e+00	-3.956754582908163e+00	4986
-1.135912308902558e+01	3.004991020414685e+00	4987
-8.419139861764659e+00	-1.238035560528192e+01	4988
-7.131032214060617e+00	9.951209978735823e+00	4989
-9.780665443275378e+00	-1.605859125585753e+00	4990
9.888356359824128e+00	2.810532076242510e+00	4991
9.319952431575933e+00	4.577857858238496e+00	4992
-9.235310022164370e+00	7.985059372472934e+00	4993
-8.487639761856197e+00	-9.952302917987325e+00	4994
-9.806117245182040e+00	1.478311961625531e+00	4995
1.004474619616975e+01	-1.315846600154559e+00	4996
5.953476855125736e-01	1.224881139504233e+01	4997
5.299669162215216e+00	-9.459846377972923e+00	4998
8.852042265922938e+00	-6.320036955468279e+00	4999
7.074923293035820e+00	7.797045778099195e+00	5000
8.360746806797980e+00	6.279855788075079e+00	5001
-1.067208808355569e+01	5.398909935993567e+00	5002
-8.950533505251441e+00	-7.733015577907031e+00	5003
-4.611780625475713e+00	1.122410406261493e+01	5004
2.805712411792305e+00	-1.276229427957649e+01	5005
-9.500579135046772e+00	-4.296982126066647e+00	5006
5.744270651311770e+00	9.085464575715767e+00	5007
3.453140402590596e-01	-1.338143987938357e+01	5008
5.274782785406571e+00	-1.155970237439152e+01	5009
6.816370688485645e+00	8.856119305592172e+00	5010
-1.044943252236770e+00	1.296153009563950e+01	5011
-7.289804897236602e+00	-1.367540169857400e+01	5012
1.783188300777601e+00	-1.387811593371827e+01	5013
-4.309280573121196e+00	-1.449625662406486e+01	5014
1.094902098956338e+01	-3.087376704851980e-01	5015
-8.790803332371850e+00	9.623453315250561e+00	5016
-3.618269221663674e+00	1.219366561035518e+01	5017
-6.291342251126855e+00	1.143208293559914e+01	5018
-1.031874734356923e+01	-4.504286053026920e-01	5019
-1.173030112979078e+01	4.393935561768381e+00	5020
9.431571014788826e+00	5.759456051939660e+00	5021
-9.520370700698473e+00	3.245413792316086e-01	5022
1.003118943856061e+01	-5.393812732383837e+00	5023
1.022951429489925e+01	3.890719926009222e+00	5024
1.074545922394800e+01	2.021016161797152e+00	5025
1.053259654827451e+01	-2.989753107727463e+00	5026
3.611847882933894e+00	1.210411426970844e+01	5027
-1.077725083655056e+01	7.139956891332531e+00	5028
-9.949996974245133e+00	-7.007878671136044e+00	5029
5.605821632040572e+00	1.043853845701260e+01	5030
8.274441196764508e+00	7.508727451988230e+00	5031
-9.345389533102644e+00	-9.173227071929526e+00	5032
-1.083627180443984e+01	-4.871999039642582e+00	5033
8.646640703441919e+00	-7.825499720487687e+00	5034
2.078017274591805e+00	1.284044513532160e+01	5035
-9.763441685786214e-01	-1.448361746617850e+01	5036
-9.210044242268692e+00	-1.141699875930096e+01	5037
-1.101243651429324e+01	1.781348009231694e+00	5038
6.648188869648429e+00	-9.504234007854757e+00	5039
4.475667700572309e+00	-1.305714647335603e+01	5040
-1.042756881919788e+01	-3.018103929975124e+00	5041
5.761106598913437e+00	-1.074226582463101e+01	5042
-9.168521217401270e+00	-1.417783115748255e+01	5043
1.051515427173574e+01	5.113346772481973e+00	5044
1.103687671238449e+01	-4.327020109649427e+00	5045
-6.068672756004562e+00	-1.503638079531354e+01	5046
-5.195546686539079e+00	1.274517512210012e+01	5047
-8.108790903074219e+00	1.130821113332813e+01	5048
-1.071076615846774e+01	5.980599226485133e-01	5049
-1.055597644285392e+01	9.004855348523359e+00	5050
1.009451379177378e+01	-7.035370051044143e+00	5051
1.113400954433618e+01	3.133604198591302e+00	5052
5.773412052892822e-01	1.391302539452585e+01	5053
7.289568674010693e+00	-1.090015839515877e+01	5054
8.187390260639825e+00	-9.329266323459914e+00	5055
8.037030842708656e+00	8.719044337071859e+00	5056
-2.620433046209576e+00	-1.560541904065241e+01	5057
9.463407693500979e+00	7.032567217292522e+00	5058
6.540676294497598e+00	1.017237724451311e+01	5059
1.137111421888190e+01	-1.705032090905128e+00	5060
-1.026074286893020e+01	-8.489954031920972e+00	5061
6.272031504856185e-01	-1.513180287310426e+01	5062
-1.215860501702720e+01	6.049655216453681e+00	5063
3.399230002777399e+00	-1.438507323623465e+01	5064
-1.113201841313802e+01	-6.255783701396038e+00	5065
-1.190029018582762e+01	-3.670430815583178e+00	5066
5.184646214439317e+00	1.194359202522962e+01	5067
-1.288252059184195e+01	3.343831831375426e+00	5068
-2.590946115874634e+00	1.336958968408989e+01	5069
6.192266843938328e+00	-1.301065213097186e+01	5070
1.166649133324582e+01	9.436923276722791e-01	5071
-1.013149799551379e+01	-1.298308800916685e+01	5072
-1.114222185926901e+01	-1.671548362506634e+00	5073
3.478074248721717e+00	1.379509187947071e+01	5074
-1.245135582326578e+01	2.035414261449390e+00	5075
1.213027703017618e+01	2.228807034081289e+00	5076
-4.551549192256920e+00	-1.650453747647518e+01	5077
-7.893031561327655e+00	-1.563646688288262e+01	5078
-1.003422138702764e+01	1.090769557589377e+01	5079
-1.230233559737154e+01	8.020902898579026e+00	5080
1.236594966851759e+01	-4.761084362180999e-01	5081
1.196988320565139e+01	-3.121072610500529e+00	5082
9.856839879930913e+00	-8.788274371343800e+00	5083
6.447197412769154e+00	1.161066298234978e+01	5084
9.377321975704005e+00	8.406751440881322e+00	5085
5.285034173223423e+00	-1.468897097737366e+01	5086
-8.201519323838312e-01	-1.642528505149658e+01	5087
-1.114498132423162e+01	-1.133018552695421e+01	5088
1.152925452060977e+01	4.339028672565415e+00	5089
-1.219448590594161e+00	1.470636017337119e+01	5090
-1.238509303459682e+01	-5.235665525493634e+00	5091
-7.117186704507570e+00	1.299373756649278e+01	5092
-4.074980248777523e+00	1.383497448323952e+01	5093
-1.071092415644247e+01	-1.005094020181096e+01	5094
-1.114171425251975e+01	-1.478699706304344e+01	5095
-1.407933201951710e+01	2.225578016895628e+00	5096
-1.169978355517532e+01	-3.640237443919540e-01	5097
1.141941805694243e+01	-5.956293818640709e+00	5098
2.066932440947912e+00	1.461381286753675e+01	5099
8.109765841276188e+00	-1.266671750847427e+01	5100
1.066556873642619e+01	6.440697467730077e+00	5101
8.986254741374015e+00	-1.082790114119045e+01	5102
7.759472415268815e+00	9.924148579865829e+00	5103
2.260549175293988e+00	-1.566412199680631e+01	5104
-1.141178881860219e+01	-7.647406583285447e+00	5105
-1.278773470405675e+01	-2.196372937769978e+00	5106
-1.334553052150180e+01	4.905309521932356e+00	5107
4.549977778195127e+00	1.347651364165318e+01	5108
-1.202116485183826e+01	7.542521412277755e-01	5109
-9.221679070037409e+00	1.285360602332152e+01	5110
-2.640999770754562e+00	-1.772819611894910e+01	5111
4.041063049582370e+00	1.541969057394421e+01	5112
1.255271244598261e+01	3.490516006548955e+00	5113
7.430519910992701e+00	1.140966284674035e+01	5114
9.947297174840011e-01	-1.709632513382192e+01	5115
4.096875725497362e+00	-1.621388351171411e+01	5116
-6.509205637609565e+00	-1.715088774262651e+01	5117
1.187715483021662e+01	5.705786822735047e+00	5118
1.071945604325438e+01	7.875983441484117e+00	5119
1.083486226637400e+01	-1.041192133826315e+01	5120
-1.254698201741782e+01	-1.014148923184326e+01	5121
-1.350856925412831e+01	8.110991110416299e-01	5122
-1.357385676938817e+01	-3.854069673728260e+00	5123
1.256122228478808e+01	-4.690758694024433e+00	5124
4.839459610373045e-01	1.578306182804076e+01	5125
1.151360760887646e+01	-7.846533470664972e+00	5126
-1.205898337377549e+01	1.016521213141580e+01	5127
6.240170800042065e+00	1.326216825211291e+01	5128
1.318219859413177e+01	9.774357434387534e-01	5129
-1.272550964281115e+01	-6.785209445087339e+00	5130
-1.458692372133906e+01	3.803842795712585e+00	5131
-2.942720919621343e+00	1.516620173807237e+01	5132
1.288682935795864e+01	-1.910209290840403e+00	5133
-1.317307858942278e+01	-1.832428423401339e-01	5134
-5.857585004295090e+00	1.447130002885566e+01	5135
-1.226671698628070e+01	-1.303826021795116e+01	5136
-1.385243565115261e+01	6.771931792614965e+00	5137
7.336161174906738e+00	-1.457103944858982e+01	5138
1.003441354271734e+01	-1.245590513618884e+01	5139
9.125096562298857e+00	9.762334474662568e+00	5140
-1.187610321231081e+01	-9.080137827968102e+00	5141
-4.601318535912333e+00	1.568738191434844e+01	5142
1.398508861969414e+01	-5.790479528666255e-01	5143
2.837598310352857e+00	-1.767017742754325e+01	5144
1.302042650476893e+01	-6.570577280839156e+00	5145
1.300752316241149e+01	4.836367626123725e+00	5146
-1.527240867031797e+01	9.228922257312971e-01	5147
6.276728326947858e+00	-1.651476982018959e+01	5148
2.353109747063218e+00	1.662312408880860e+01	5149
-1.145107163525799e+01	1.236989822992707e+01	5150
-1.403893870446899e+01	9.015194311641087e+00	5151
1.371144324007830e+01	2.462788446454959e+00	5152
1.357412912289156e+01	-3.386814474183014e+00	5153
1.207268921159318e+01	7.200592877969068e+00	5154
-1.466662547238704e+00	1.666769235223517e+01	5155
-8.053216361623999e+00	1.477049441889637e+01	5156
8.822734477166243e+00	1.113913223859722e+01	5157
-1.336915676323727e+01	-8.452869010563450e+00	5158
-5.878636374801246e-01	-1.861518205387285e+01	5159
1.207247212094898e+01	-1.207588997916197e+01	5160
-1.451700207445247e+01	-1.922795338138301e+00	5161
6.358617196107692e+00	1.558775709339771e+01	5162
1.274212932848524e+01	-9.545195032205541e+00	5163
-1.515566448941675e+01	5.501887929212465e+00	5164
-1.414050373011912e+01	-5.624063442168021e+00	5165
-1.593442854291380e+01	2.501357835322009e+00	5166
-1.479075695678098e+01	-1.755034116158095e-01	5167
9.310664792551878e+00	-1.429429757897712e+01	5168
1.063189347534752e+01	9.421129442706269e+00	5169
1.429397750459403e+01	-5.123326250093887e+00	5170
4.984215406361397e+00	-1.816436559185362e+01	5171
-1.048690367927131e+01	1.461438179827784e+01	5172
1.458431175862083e+01	-8.218737992823705e+00	5173
1.342710109578964e+01	6.364021124057333e+00	5174
-3.368445448497234e+00	1.718380720409154e+01	5175
1.459539427481403e+01	-2.108613496226624e+00	5176
-1.457471725919610e+01	-7.262952519726650e+00	5177
-6.608118158667474e+00	1.642903675931325e+01	5178
-1.460868443815022e+01	-1.010500958065070e+01	5179
-1.726589777738032e+01	1.016457807727408e+00	5180
-1.647148835680092e+01	-8.172685519399681e-01	5181
4.675543500074678e+00	1.746168347449635e+01	5182
4.663314623336260e-01	1.791559346456822e+01	5183
-1.377307698278942e+01	1.148152316515296e+01	5184
-1.549105991727167e+01	-3.925216203830967e+00	5185
-1.577282972447957e+01	7.587348039388605e+00	5186
1.140748164324000e+01	-1.408512894589167e+01	5187
1.215005172555902e+01	8.823278452593943e+00	5188
8.431506664844663e+00	1.282238389903632e+01	5189
1.416555652150373e+01	3.890680862111060e+00	5190
1.490817387837921e+01	1.052305211825339e+00	5191
8.541999498975986e+00	-1.639226447463690e+01	5192
1.421859165569214e+01	-1.129106669817088e+01	5193
-1.652758064306054e+01	4.258378367625829e+00	5194
1.035642908959607e+01	1.094509921401520e+01	5195
1.539134781730973e+01	-3.695215565411328e+00	5196
-1.376777813909576e+01	-1.218829381491520e+01	5197
-1.721128475017513e+01	6.143314225729940e+00	5198
1.468460127783504e+01	5.389370643193618e+00	5199
1.582561608715611e+01	-6.551315069174667e-01	5200
1.492161527300233e+01	-6.961213386038059e+00	5201
1.002461255466187e+01	1.252132155363022e+01	5202
1.566595340329421e+01	-9.548201695790056e+00	5203
-5.206149057471890e+00	1.777349669619502e+01	5204
1.367611846133403e+01	8.050344912730955e+00	5205
7.677432855912514e+00	1.471980084631138e+01	5206
-1.802807350626092e+01	2.899723319877173e+00	5207
-1.615250009714435e+01	-5.939861872949758e+00	5208
1.205805023023069e+01	1.056737008757576e+01	5209
1.550812501504580e+01	2.745817667759655e+00	5210
-1.864871932992498e+01	-6.707400451334651e-01	5211
1.626268878461040e+01	-5.475387753065411e+00	5212
1.599171053360035e+01	4.349314457246908e+00	5213
1.518956814154223e+01	7.096280903320247e+00	5214
8.072872655233059e+00	1.675611962110545e+01	5215
-1.659798771678597e+01	-8.073334554307705e+00	5216
1.377624149254471e+01	9.889376787536531e+00	5217
1.652463645355509e+01	-2.312353247750513e+00	5218
1.687068877057160e+01	1.169325826964944e+00	5219
-1.769473834239654e+01	-2.662045920015195e+00	5220
1.668954489961972e+01	-7.560399301281691e+00	5221
9.647161738312565e+00	1.443451033214996e+01	5222
-1.761437916309766e+01	-4.349633555173692e+00	5223
1.175210496963069e+01	1.228620611981096e+01	5224
1.791524027719211e+01	-7.169503322269214e-01	5225
1.550229629281444e+01	9.003426164928847e+00	5226
1.743774429723676e+01	-3.972193174753523e+00	5227
1.367963511385667e+01	1.186400974509164e+01	5228
1.658126834024619e+01	6.009097564998562e+00	5229
1.754567728001629e+01	3.090479264380441e+00	5230
1.141289006479412e+01	1.405272663732470e+01	5231
1.719144514572578e+01	7.913286826524019e+00	5232
NMARK= 2
MARKER_TAG= airfoil
MARKER_ELEMS= 200
3	199	0
3	0	1
3	1	2
3	2	3
3	3	4
3	4	5
3	5	6
3	6	7
3	7	8
3	8	9
3	9	10
3	10	11
3	11	12
3	12	13
3	13	14
3	14	15
3	15	16
3	16	17
3	17	18
3	18	19
3	19	20
3	20	21
3	21	22
3	22	23
3	23	24
3	24	25
3	25	26
3	26	27
3	27	28
3	28	29
3	29	30
3	30	31
3	31	32
3	32	33
3	33	34
3	34	35
3	35	36
3	36	37
3	37	38
3	38	39
3	39	40
3	40	41
3	41	42
3	42	43
3	43	44
3	44	45
3	45	46
3	46	47
3	47	48
3	48	49
3	49	50
3	50	51
3	51	52
3	52	53
3	53	54
3	54	55
3	55	56
3	56	57
3	57	58
3	58	59
3	59	60
3	60	61
3	61	62
3	62	63
3	63	64
3	64	65
3	65	66
3	66	67
3	67	68
3	68	69
3	69	70
3	70	71
3	71	72
3	72	73
3	73	74
3	74	75
3	75	76
3	76	77
3	77	78
3	78	79
3	79	80
3	80	81
3	81	82
3	82	83
3	83	84
3	84	85
3	85	86
3	86	87
3	87	88
3	88	89
3	89	90
3	90	91
3	91	92
3	92	93
3	93	94
3	94	95
3	95	96
3	96	97
3	97	98
3	98	99
3	99	100
3	100	101
3	101	102
3	102	103
3	103	104
3	104	105
3	105	106
3	106	107
3	107	108
3	108	109
3	109	110
3	110	111
3	111	112
3	112	113
3	113	114
3	114	115
3	115	116
3	116	117
3	117	118
3	118	119
3	119	120
3	120	121
3	121	122
3	122	123
3	123	124
3	124	125
3	125	126
3	126	127
3	127	128
3	128	129
3	129	130
3	130	131
3	131	132
3	132	133
3	133	134
3	134	135
3	135	136
3	136	137
3	137	138
3	138	139
3	139	140
3	140	141
3	141	142
3	142	143
3	143	144
3	144	145
3	145	146
3	146	147
3	147	148
3	148	149
3	149	150
3	150	151
3	151	152
3	152	153
3	153	154
3	154	155
3	155	156
3	156	157
3	157	158
3	158	159
3	159	160
3	160	161
3	161	162
3	162	163
3	163	164
3	164	165
3	165	166
3	166	167
3	167	168
3	168	169
3	169	170
3	170	171
3	171	172
3	172	173
3	173	174
3	174	175
3	175	176
3	176	177
3	177	178
3	178	179
3	179	180
3	180	181
3	181	182
3	182	183
3	183	184
3	184	185
3	185	186
3	186	187
3	187	188
3	188	189
3	189	190
3	190	191
3	191	192
3	192	193
3	193	194
3	194	195
3	195	196
3	196	197
3	197	198
3	198	199
MARKER_TAG= farfield
MARKER_ELEMS= 50
3	200	201
3	201	202
3	202	203
3	203	204
3	204	205
3	205	206
3	206	207
3	207	208
3	208	209
3	209	210
3	210	211
3	211	212
3	212	213
3	213	214
3	214	215
3	215	216
3	216	217
3	217	218
3	218	219
3	219	220
3	220	221
3	221	222
3	222	223
3	223	224
3	224	225
3	225	226
3	226	227
3	227	228
3	228	229
3	229	230
3	230	231
3	231	232
3	232	233
3	233	234
3	234	235
3	235	236
3	236	237
3	237	238
3	238	239
3	239	240
3	240	241
3	241	242
3	242	243
3	243	244
3	244	245
3	245	246
3	246	247
3	247	248
3	248	249
3	249	200
