NDIME= 2
NELEM= 10216
5	417	69	311	0
5	302	55	56	1
5	405	159	384	2
5	594	427	450	3
5	315	71	72	4
5	319	4	262	5
5	270	39	40	6
5	327	65	66	7
5	451	259	325	8
5	441	40	41	9
5	358	147	148	10
5	287	12	13	11
5	252	144	145	12
5	254	56	57	13
5	348	96	269	14
5	262	4	5	15
5	647	465	525	16
5	453	308	449	17
5	309	282	15	18
5	560	265	470	19
5	369	185	186	20
5	420	271	27	21
5	432	137	376	22
5	643	471	270	23
5	429	121	354	24
5	282	14	15	25
5	568	446	456	26
5	292	257	31	27
5	617	385	457	28
5	831	694	478	29
5	274	24	25	30
5	470	346	454	31
5	311	69	70	32
5	291	20	278	33
5	286	24	274	34
5	257	30	31	35
5	255	0	1	36
5	996	809	797	37
5	342	79	312	38
5	280	18	19	39
5	543	319	518	40
5	316	42	294	41
5	507	356	439	42
5	543	293	319	43
5	546	298	299	44
5	324	288	9	45
5	749	548	648	46
5	270	251	39	47
5	542	459	257	48
5	258	36	37	49
5	322	18	280	50
5	315	72	290	51
5	555	313	342	52
5	288	8	9	53
5	645	348	465	54
5	323	14	282	55
5	308	62	63	56
5	300	75	76	57
5	335	84	303	58
5	421	60	305	59
5	334	38	251	60
5	749	549	548	61
5	285	53	54	62
5	302	56	254	63
5	751	644	725	64
5	250	82	83	65
5	294	42	43	66
5	301	87	88	67
5	279	80	81	68
5	305	60	61	69
5	531	475	278	70
5	554	448	540	71
5	271	26	27	72
5	284	89	90	73
5	416	111	112	74
5	329	260	33	75
5	475	291	278	76
5	340	0	255	77
5	277	106	107	78
5	420	28	272	79
5	295	52	53	80
5	316	41	42	81
5	333	294	43	82
5	825	476	650	83
5	331	300	76	84
5	762	555	664	85
5	295	53	285	86
5	290	72	73	87
5	337	90	91	88
5	312	79	80	89
5	511	320	336	90
5	1041	890	895	91
5	555	342	464	92
5	946	762	848	93
5	564	314	556	94
5	345	52	295	95
5	335	250	83	96
5	449	63	64	97
5	338	254	57	98
5	842	642	557	99
5	338	57	58	100
5	517	256	293	101
5	259	101	102	102
5	512	281	350	103
5	348	95	96	104
5	441	270	40	105
5	361	177	178	106
5	266	99	100	107
5	510	451	325	108
5	580	353	413	109
5	372	115	116	110
5	367	117	118	111
5	357	151	349	112
5	412	375	127	113
5	639	273	436	114
5	381	157	158	115
5	492	368	430	116
5	377	147	358	117
5	400	173	390	118
5	437	365	182	119
5	406	161	253	120
5	403	253	162	121
5	395	181	365	122
5	397	175	393	123
5	408	157	381	124
5	619	408	381	125
5	401	386	166	126
5	399	388	170	127
5	834	690	450	128
5	585	377	358	129
5	387	163	164	130
5	404	165	386	131
5	353	112	113	132
5	424	321	109	133
5	363	252	145	134
5	363	145	146	135
5	481	429	354	136
5	607	393	484	137
5	1544	685	720	138
5	653	485	490	139
5	275	132	133	140
5	409	382	129	141
5	373	135	136	142
5	614	482	253	143
5	355	143	144	144
5	409	130	383	145
5	380	354	122	146
5	486	435	273	147
5	436	273	140	148
5	411	126	375	149
5	360	186	187	150
5	593	394	488	151
5	850	681	706	152
5	393	175	176	153
5	806	611	604	154
5	398	177	361	155
5	784	587	502	156
5	403	162	163	157
5	402	169	388	158
5	253	161	162	159
5	396	188	359	160
5	388	169	170	161
5	1083	868	726	162
5	390	173	174	163
5	484	393	398	164
5	356	195	196	165
5	380	122	123	166
5	432	373	136	167
5	375	126	127	168
5	412	128	382	169
5	357	150	151	170
5	355	144	252	171
5	364	141	142	172
5	624	483	375	173
5	435	139	273	174
5	482	479	406	175
5	424	110	351	176
5	623	412	382	177
5	595	501	352	178
5	325	259	102	179
5	328	46	296	180
5	269	96	97	181
5	1361	1264	1068	182
5	530	286	462	183
5	550	306	421	184
5	251	38	39	185
5	423	103	104	186
5	350	99	266	187
5	693	451	510	188
5	483	411	375	189
5	352	114	115	190
5	633	478	424	191
5	444	150	357	192
5	427	117	367	193
5	588	395	365	194
5	385	154	261	195
5	655	491	587	196
5	369	186	360	197
5	581	431	485	198
5	386	165	166	199
5	5232	5214	5229	200
5	508	503	443	201
5	5232	5226	5214	202
5	1099	878	1090	203
5	5231	207	5222	204
5	5231	206	207	205
5	5230	5210	5219	206
5	5230	5213	5210	207
5	5229	5199	5213	208
5	5229	5214	5199	209
5	5228	204	205	210
5	5228	5217	204	211
5	5225	5219	5200	212
5	5225	249	5219	213
5	5232	5229	202	214
5	5232	202	203	215
5	5227	247	248	216
5	5227	5196	5212	217
5	5224	5195	5209	218
5	5224	5202	5195	219
5	5223	225	226	220
5	5223	5220	225	221
5	5224	5228	205	222
5	5231	205	206	223
5	5221	5173	5203	224
5	5221	5201	5173	225
5	5220	5211	225	226
5	5220	5181	5211	227
5	5230	200	201	228
5	5230	5229	5213	229
5	5219	5210	5191	230
5	5225	5218	248	231
5	5231	5202	5224	232
5	5231	5222	5202	233
5	5216	227	228	234
5	5216	5208	227	235
5	5215	207	208	236
5	5222	5206	5189	237
5	5232	203	5226	238
5	5230	201	5229	239
5	5214	5205	5174	240
5	5229	201	202	241
5	5212	246	247	242
5	5221	246	5212	243
5	5211	5180	224	244
5	5211	5181	5180	245
5	5210	5152	5191	246
5	5210	5190	5152	247
5	5231	5224	205	248
5	5228	5224	5209	249
5	5223	5208	5185	250
5	5223	226	227	251
5	5207	5180	5166	252
5	5207	223	5180	253
5	5222	5189	5202	254
5	5222	5215	5206	255
5	5226	5205	5214	256
5	5217	5188	5205	257
5	5197	229	230	258
5	5197	5179	229	259
5	5203	5163	5193	260
5	5203	5173	5163	261
5	5215	208	209	262
5	5222	207	5215	263
5	5221	5212	5201	264
5	5221	245	246	265
5	5230	5219	200	266
5	5219	249	200	267
5	5205	5154	5174	268
5	5226	5217	5205	269
5	5198	221	222	270
5	5198	5186	221	271
5	5197	5121	5179	272
5	5197	5088	5121	273
5	5212	5196	5170	274
5	5201	5170	5145	275
5	5195	5140	5169	276
5	5195	5157	5140	277
5	5192	241	5168	278
5	5192	240	241	279
5	5193	5160	243	280
5	5193	5163	5160	281
5	5223	5185	5220	282
5	5211	224	225	283
5	5213	5199	5190	284
5	5225	248	249	285
5	5184	5150	218	286
5	5184	5127	5150	287
5	5183	212	5155	288
5	5183	211	212	289
5	5228	5209	5217	290
5	5209	5169	5188	291
5	5187	241	242	292
5	5187	5160	5139	293
5	5186	220	221	294
5	5186	5151	220	295
5	5220	5185	5161	296
5	5220	5161	5181	297
5	5184	219	5151	298
5	5184	5151	5127	299
5	5183	5155	5125	300
5	5149	210	211	301
5	5190	5113	5152	302
5	5182	5112	5162	303
5	5223	227	5208	304
5	5181	5167	5147	305
5	5180	223	224	306
5	5207	5166	5194	307
5	5216	5179	5177	308
5	5179	5158	5177	309
5	5178	5156	5135	310
5	5178	215	5156	311
5	5177	5158	5130	312
5	5179	228	229	313
5	5191	5129	5143	314
5	5227	5212	247	315
5	5204	5142	5175	316
5	5204	214	5178	317
5	5174	5118	5146	318
5	5174	5154	5118	319
5	5171	5144	238	320
5	5171	5116	5144	321
5	5171	5148	5116	322
5	5172	216	217	323
5	5171	238	239	324
5	5172	217	5150	325
5	5176	5133	5153	326
5	5218	5176	5196	327
5	5202	5189	5157	328
5	5226	204	5217	329
5	5194	5166	5131	330
5	5192	5138	5148	331
5	5167	5134	5122	332
5	5167	5161	5134	333
5	5166	5096	5131	334
5	5166	5147	5096	335
5	5165	5091	5123	336
5	5165	5130	5091	337
5	5198	5194	5164	338
5	5207	222	223	339
5	5201	5145	5173	340
5	5203	5193	244	341
5	5162	5108	5128	342
5	5162	5112	5108	343
5	5181	5147	5180	344
5	5208	5165	5185	345
5	5208	5177	5165	346
5	5216	5177	5208	347
5	5159	5087	5111	348
5	5159	5115	5087	349
5	5158	5105	5130	350
5	5192	5168	5138	351
5	5189	5114	5157	352
5	5206	5128	5189	353
5	5192	5148	240	354
5	5148	239	240	355
5	5155	5090	5125	356
5	5155	5132	5090	357
5	5154	5101	5118	358
5	5154	5119	5101	359
5	5153	5082	5124	360
5	5153	5133	5082	361
5	5191	5152	5129	362
5	5227	248	5218	363
5	5164	5107	5137	364
5	5151	219	220	365
5	5184	218	219	366
5	5150	217	218	367
5	5217	5209	5188	368
5	5182	5162	209	369
5	5178	214	215	370
5	5148	5138	5086	371
5	5207	5194	222	372
5	5147	5122	5096	373
5	5199	5174	5146	374
5	5219	5191	5200	375
5	5145	5098	5126	376
5	5145	5124	5098	377
5	5144	237	238	378
5	5144	5115	237	379
5	5152	5076	5129	380
5	5200	5191	5143	381
5	5175	5155	212	382
5	5183	5149	211	383
5	5141	5094	5061	384
5	5141	5121	5094	385
5	5215	5162	5206	386
5	5214	5174	5199	387
5	5139	5102	5100	388
5	5139	5120	5102	389
5	5187	242	243	390
5	5194	5131	5164	391
5	5198	5164	5186	392
5	5186	5164	5137	393
5	5197	5136	5088	394
5	5197	230	5136	395
5	5135	5047	5093	396
5	5135	5092	5047	397
5	5167	5122	5147	398
5	438	198	199	399
5	5161	5106	5134	400
5	1036	844	843	401
5	307	86	87	402
5	661	506	199	403
5	5189	5128	5114	404
5	508	443	356	405
5	5112	5074	5108	406
5	685	657	503	407
5	5156	5092	5135	408
5	508	356	507	409
5	5204	5178	5142	410
5	659	438	506	411
5	5161	5123	5106	412
5	439	356	196	413
5	5187	5139	5168	414
5	443	195	356	415
5	5177	5130	5165	416
5	485	431	433	417
5	5185	5123	5161	418
5	660	517	543	419
5	5129	5071	5081	420
5	385	153	154	421
5	5129	5076	5071	422
5	661	199	515	423
5	5190	5146	5113	424
5	5188	5169	5119	425
5	5186	5137	5151	426
5	354	121	122	427
5	5182	210	5149	428
5	416	351	111	429
5	5170	5124	5145	430
5	1230	1086	1051	431
5	5203	244	245	432
5	410	132	275	433
5	5183	5125	5149	434
5	415	108	321	435
5	5182	5149	5112	436
5	347	101	259	437
5	5124	5045	5098	438
5	318	89	284	439
5	5124	5082	5045	440
5	425	106	277	441
5	5187	5168	241	442
5	578	347	452	443
5	5180	5147	5166	444
5	325	102	103	445
5	5134	5097	5109	446
5	473	464	312	447
5	5134	5109	5122	448
5	769	737	516	449
5	5179	5121	5158	450
5	5158	5121	5141	451
5	5160	5120	5139	452
5	347	100	101	453
5	5168	5100	5138	454
5	445	95	348	455
5	5140	5103	5056	456
5	671	579	645	457
5	5205	5188	5154	458
5	303	84	85	459
5	5146	5118	5089	460
5	445	336	94	461
5	5146	5089	5113	462
5	721	509	477	463
5	5117	5077	5046	464
5	320	92	93	465
5	5117	234	5077	466
5	335	83	84	467
5	5116	5086	5064	468
5	447	82	250	469
5	5138	5100	5070	470
5	764	754	540	471
5	5159	236	237	472
5	339	71	315	473
5	5159	237	5115	474
5	306	58	59	475
5	5169	5140	5085	476
5	5140	5056	5085	477
5	5113	5052	5076	478
5	292	31	32	479
5	5113	5089	5052	480
5	419	12	287	481
5	5159	5111	236	482
5	288	268	8	483
5	5111	235	236	484
5	293	2	3	485
5	5128	5084	5114	486
5	293	256	2	487
5	5111	5087	5057	488
5	1394	1257	1239	489
5	5110	5048	5092	490
5	340	199	0	491
5	5110	5079	5048	492
5	1218	517	853	493
5	5109	5049	5038	494
5	729	460	521	495
5	5109	5097	5049	496
5	746	543	518	497
5	5149	5099	5112	498
5	5209	5195	5169	499
5	5107	5020	5063	500
5	5107	5068	5020	501
5	312	80	279	502
5	762	562	555	503
5	460	263	267	504
5	670	470	454	505
5	273	139	140	506
5	641	588	365	507
5	384	159	160	508
5	261	154	155	509
5	304	55	302	510
5	573	332	466	511
5	742	537	741	512
5	1505	888	1371	513
5	256	255	1	514
5	256	1	2	515
5	330	30	257	516
5	472	345	295	517
5	346	36	258	518
5	260	32	33	519
5	511	456	320	520
5	452	259	451	521
5	329	34	265	522
5	292	32	260	523
5	813	617	667	524
5	349	151	152	525
5	521	460	267	526
5	726	515	340	527
5	263	262	5	528
5	263	5	6	529
5	264	261	155	530
5	264	155	156	531
5	329	33	34	532
5	265	34	35	533
5	510	325	423	534
5	514	284	467	535
5	267	263	6	536
5	267	6	7	537
5	268	267	7	538
5	268	7	8	539
5	452	347	259	540
5	509	418	425	541
5	476	330	459	542
5	422	296	47	543
5	326	26	271	544
5	317	22	276	545
5	420	27	28	546
5	272	28	29	547
5	480	400	390	548
5	374	275	133	549
5	570	474	254	550
5	276	22	23	551
5	590	519	252	552
5	374	133	134	553
5	575	343	308	554
5	278	20	21	555
5	415	107	108	556
5	625	321	478	557
5	565	557	294	558
5	557	316	294	559
5	466	332	417	560
5	563	540	300	561
5	642	441	316	562
5	471	251	270	563
5	281	269	97	564
5	281	97	98	565
5	309	16	283	566
5	470	265	346	567
5	309	15	16	568
5	283	16	17	569
5	307	87	301	570
5	675	568	456	571
5	333	43	44	572
5	314	44	45	573
5	286	276	23	574
5	286	23	24	575
5	528	462	274	576
5	533	455	280	577
5	324	10	289	578
5	535	323	282	579
5	324	9	10	580
5	289	10	11	581
5	498	466	417	582
5	310	290	73	583
5	291	280	19	584
5	291	19	20	585
5	938	928	741	586
5	537	468	287	587
5	534	283	322	588
5	521	267	268	589
5	514	318	284	590
5	297	50	51	591
5	422	47	48	592
5	296	46	47	593
5	644	307	536	594
5	573	341	332	595
5	298	48	49	596
5	299	50	297	597
5	505	315	290	598
5	422	48	298	599
5	299	298	49	600
5	299	49	50	601
5	310	73	74	602
5	448	75	300	603
5	913	671	859	604
5	1110	871	1094	605
5	304	54	55	606
5	304	285	54	607
5	442	86	307	608
5	442	85	86	609
5	576	343	575	610
5	665	534	652	611
5	343	62	308	612
5	344	64	65	613
5	556	314	328	614
5	338	58	306	615
5	442	303	85	616
5	467	284	337	617
5	343	61	62	618
5	343	305	61	619
5	497	334	251	620
5	497	251	471	621
5	701	547	662	622
5	532	447	516	623
5	332	67	68	624
5	449	64	344	625
5	313	77	78	626
5	331	76	77	627
5	469	290	310	628
5	331	77	313	629
5	455	322	280	630
5	333	44	314	631
5	339	70	71	632
5	339	311	70	633
5	524	263	460	634
5	441	41	316	635
5	317	278	21	636
5	317	21	22	637
5	318	301	88	638
5	318	88	89	639
5	319	293	3	640
5	319	3	4	641
5	337	284	90	642
5	446	92	320	643
5	415	277	107	644
5	321	108	109	645
5	322	283	17	646
5	322	17	18	647
5	323	287	13	648
5	323	13	14	649
5	552	283	534	650
5	538	289	419	651
5	423	104	418	652
5	694	625	478	653
5	326	274	25	654
5	326	25	26	655
5	341	67	332	656
5	344	65	327	657
5	328	314	45	658
5	328	45	46	659
5	734	677	462	660
5	459	330	257	661
5	330	272	29	662
5	330	29	30	663
5	562	313	555	664
5	498	417	311	665
5	341	66	67	666
5	341	327	66	667
5	468	419	287	668
5	1362	1084	1218	669
5	334	258	37	670
5	334	37	38	671
5	897	675	861	672
5	540	448	300	673
5	336	320	93	674
5	336	93	94	675
5	547	318	514	676
5	768	567	566	677
5	756	520	651	678
5	461	421	305	679
5	652	534	455	680
5	746	660	543	681
5	753	741	535	682
5	1043	889	916	683
5	550	421	461	684
5	643	270	441	685
5	342	313	78	686
5	342	78	79	687
5	575	308	453	688
5	474	302	254	689
5	556	328	520	690
5	449	308	63	691
5	345	297	51	692
5	345	51	52	693
5	346	265	35	694
5	346	35	36	695
5	692	465	647	696
5	347	266	100	697
5	445	94	95	698
5	725	536	701	699
5	407	153	385	700
5	618	407	617	701
5	350	281	98	702
5	350	98	99	703
5	424	109	110	704
5	351	110	111	705
5	413	114	352	706
5	416	112	353	707
5	478	321	424	708
5	496	371	429	709
5	426	367	118	710
5	372	352	115	711
5	378	143	355	712
5	436	140	141	713
5	807	611	806	714
5	359	188	189	715
5	495	383	410	716
5	591	364	378	717
5	783	584	782	718
5	493	410	275	719
5	489	398	361	720
5	394	185	369	721
5	992	880	704	722
5	365	181	182	723
5	605	391	400	724
5	392	178	179	725
5	362	358	148	726
5	362	148	149	727
5	834	450	635	728
5	799	708	504	729
5	603	387	404	730
5	436	141	364	731
5	366	179	180	732
5	392	361	178	733
5	608	480	390	734
5	392	179	366	735
5	426	119	371	736
5	626	353	580	737
5	368	359	189	738
5	368	189	190	739
5	370	183	184	740
5	437	182	183	741
5	839	640	593	742
5	437	183	370	743
5	426	118	119	744
5	371	119	120	745
5	501	413	352	746
5	627	351	416	747
5	428	135	373	748
5	599	380	414	749
5	718	598	689	750
5	824	626	823	751
5	379	124	125	752
5	414	124	379	753
5	432	136	137	754
5	376	137	138	755
5	377	363	146	756
5	377	146	147	757
5	378	364	142	758
5	378	142	143	759
5	600	481	354	760
5	686	583	487	761
5	816	620	619	762
5	689	598	483	763
5	408	156	157	764
5	408	264	156	765
5	412	127	128	766
5	382	128	129	767
5	409	129	130	768
5	383	130	131	769
5	405	158	159	770
5	405	381	158	771
5	407	152	153	772
5	407	349	152	773
5	604	389	402	774
5	640	370	593	775
5	609	391	605	776
5	403	163	387	777
5	389	167	168	778
5	401	166	167	779
5	604	402	601	780
5	401	167	389	781
5	391	171	172	782
5	399	170	171	783
5	479	384	406	784
5	399	171	391	785
5	606	504	392	786
5	593	370	394	787
5	397	174	175	788
5	397	390	174	789
5	394	370	184	790
5	394	184	185	791
5	395	366	180	792
5	395	180	181	793
5	396	360	187	794
5	396	187	188	795
5	620	523	264	796
5	615	384	479	797
5	398	393	176	798
5	398	176	177	799
5	482	406	253	800
5	614	253	403	801
5	400	391	172	802
5	400	172	173	803
5	605	400	480	804
5	489	484	398	805
5	402	389	168	806
5	402	168	169	807
5	974	788	732	808
5	622	382	409	809
5	404	387	164	810
5	404	164	165	811
5	494	376	435	812
5	621	409	383	813
5	406	384	160	814
5	406	160	161	815
5	638	436	364	816
5	583	362	444	817
5	487	444	357	818
5	583	444	487	819
5	636	376	494	820
5	617	407	385	821
5	410	383	131	822
5	410	131	132	823
5	411	379	125	824
5	411	125	126	825
5	529	428	373	826
5	634	426	371	827
5	413	353	113	828
5	413	113	114	829
5	414	380	123	830
5	414	123	124	831
5	580	413	501	832
5	509	425	477	833
5	496	429	481	834
5	527	378	355	835
5	417	332	68	836
5	417	68	69	837
5	423	325	103	838
5	418	104	105	839
5	419	289	11	840
5	419	11	12	841
5	534	322	455	842
5	533	280	291	843
5	421	306	59	844
5	421	59	60	845
5	574	327	341	846
5	646	449	344	847
5	632	418	509	848
5	861	675	669	849
5	624	375	412	850
5	500	414	379	851
5	425	418	105	852
5	425	105	106	853
5	595	372	594	854
5	690	594	450	855
5	427	372	116	856
5	427	116	117	857
5	428	374	134	858
5	428	134	135	859
5	429	371	120	860
5	429	120	121	861
5	430	368	190	862
5	430	190	191	863
5	431	430	191	864
5	431	191	192	865
5	494	435	486	866
5	639	486	273	867
5	433	431	192	868
5	433	192	193	869
5	434	433	193	870
5	434	193	194	871
5	435	376	138	872
5	435	138	139	873
5	601	402	388	874
5	602	404	386	875
5	867	506	661	876
5	812	616	615	877
5	439	196	197	878
5	440	198	438	879
5	592	395	588	880
5	586	368	492	881
5	440	439	197	882
5	440	197	198	883
5	539	521	268	884
5	541	292	260	885
5	473	312	279	886
5	532	473	279	887
5	443	434	194	888
5	443	194	195	889
5	444	362	149	890
5	444	149	150	891
5	951	767	751	892
5	1051	856	915	893
5	446	337	91	894
5	446	91	92	895
5	447	279	81	896
5	447	81	82	897
5	448	310	74	898
5	448	74	75	899
5	526	295	285	900
5	569	306	550	901
5	450	427	367	902
5	635	450	367	903
5	884	790	690	904
5	791	781	501	905
5	978	793	977	906
5	902	702	717	907
5	646	453	449	908
5	577	344	327	909
5	454	346	258	910
5	497	458	334	911
5	628	272	476	912
5	629	463	271	913
5	456	446	320	914
5	951	751	856	915
5	457	385	261	916
5	523	457	261	917
5	458	454	258	918
5	458	258	334	919
5	476	272	330	920
5	462	286	274	921
5	825	628	476	922
5	736	475	531	923
5	548	302	474	924
5	544	345	472	925
5	528	326	463	926
5	679	524	666	927
5	528	274	326	928
5	463	326	271	929
5	464	342	312	930
5	775	498	572	931
5	465	348	269	932
5	698	512	513	933
5	754	554	540	934
5	737	532	516	935
5	567	250	335	936
5	532	279	447	937
5	539	268	288	938
5	538	419	468	939
5	572	498	311	940
5	505	290	469	941
5	561	541	260	942
5	542	257	292	943
5	843	643	642	944
5	631	520	296	945
5	544	297	345	946
5	520	328	296	947
5	701	536	547	948
5	536	307	301	949
5	548	304	302	950
5	526	472	295	951
5	531	317	522	952
5	533	291	475	953
5	628	420	272	954
5	629	271	420	955
5	477	425	277	956
5	499	477	277	957
5	499	277	415	958
5	698	513	578	959
5	615	405	384	960
5	523	261	264	961
5	610	601	388	962
5	862	707	655	963
5	635	426	634	964
5	634	371	496	965
5	705	479	482	966
5	792	597	687	967
5	598	411	483	968
5	600	354	380	969
5	607	397	393	970
5	608	390	397	971
5	808	797	602	972
5	488	394	369	973
5	596	493	275	974
5	596	275	374	975
5	590	252	363	976
5	519	355	252	977
5	988	802	801	978
5	587	360	396	979
5	798	592	789	980
5	800	607	484	981
5	490	485	433	982
5	490	433	434	983
5	491	488	369	984
5	491	369	360	985
5	502	396	359	986
5	587	491	360	987
5	730	457	523	988
5	495	410	493	989
5	711	529	637	990
5	597	428	529	991
5	835	636	710	992
5	621	383	495	993
5	822	689	483	994
5	635	367	426	995
5	771	570	569	996
5	770	569	550	997
5	571	315	505	998
5	776	466	716	999
5	717	625	694	1000
5	901	852	695	1001
5	821	623	820	1002
5	599	414	500	1003
5	627	416	626	1004
5	626	416	353	1005
5	706	581	654	1006
5	587	396	502	1007
5	503	490	434	1008
5	503	434	443	1009
5	504	489	361	1010
5	504	361	392	1011
5	571	339	315	1012
5	572	311	339	1013
5	506	438	199	1014
5	943	917	743	1015
5	685	503	508	1016
5	910	681	850	1017
5	654	485	653	1018
5	987	801	800	1019
5	663	578	452	1020
5	852	663	695	1021
5	1199	1020	1198	1022
5	724	647	525	1023
5	698	578	663	1024
5	722	632	656	1025
5	859	692	847	1026
5	525	281	512	1027
5	513	512	350	1028
5	513	350	266	1029
5	566	335	303	1030
5	516	447	250	1031
5	1219	658	1080	1032
5	515	199	340	1033
5	1038	845	780	1034
5	551	303	442	1035
5	668	256	517	1036
5	868	661	515	1037
5	543	517	293	1038
5	518	319	262	1039
5	584	362	583	1040
5	527	355	519	1041
5	545	297	544	1042
5	631	296	422	1043
5	740	652	455	1044
5	752	552	665	1045
5	531	278	317	1046
5	522	317	276	1047
5	616	405	615	1048
5	782	584	583	1049
5	524	518	262	1050
5	524	262	263	1051
5	525	465	269	1052
5	525	269	281	1053
5	549	304	548	1054
5	757	556	756	1055
5	839	593	683	1056
5	591	378	527	1057
5	665	552	534	1058
5	742	696	468	1059
5	637	432	636	1060
5	637	373	432	1061
5	530	522	276	1062
5	530	276	286	1063
5	874	700	731	1064
5	747	544	700	1065
5	673	662	514	1066
5	773	505	699	1067
5	829	631	630	1068
5	765	565	564	1069
5	553	535	282	1070
5	537	287	323	1071
5	553	309	552	1072
5	537	323	535	1073
5	567	335	566	1074
5	566	303	551	1075
5	760	560	672	1076
5	744	542	541	1077
5	559	539	288	1078
5	558	289	538	1079
5	559	324	558	1080
5	759	559	758	1081
5	554	310	448	1082
5	554	469	310	1083
5	561	329	560	1084
5	542	292	541	1085
5	674	522	530	1086
5	1017	828	748	1087
5	889	758	728	1088
5	1528	1266	1364	1089
5	545	299	297	1090
5	630	422	298	1091
5	748	546	545	1092
5	546	299	545	1093
5	844	714	471	1094
5	630	298	546	1095
5	547	536	301	1096
5	547	301	318	1097
5	549	285	304	1098
5	549	526	285	1099
5	700	544	472	1100
5	715	678	458	1101
5	569	338	306	1102
5	570	254	338	1103
5	751	551	644	1104
5	567	516	250	1105
5	553	282	309	1106
5	552	309	283	1107
5	745	459	542	1108
5	672	560	470	1109
5	780	577	574	1110
5	776	573	466	1111
5	562	331	313	1112
5	563	300	331	1113
5	763	562	762	1114
5	738	473	532	1115
5	565	333	564	1116
5	642	316	557	1117
5	559	288	324	1118
5	558	324	289	1119
5	679	518	524	1120
5	753	553	752	1121
5	561	260	329	1122
5	560	329	265	1123
5	746	518	679	1124
5	734	528	733	1125
5	953	769	768	1126
5	563	331	562	1127
5	846	453	646	1128
5	699	505	469	1129
5	565	294	333	1130
5	564	333	314	1131
5	777	574	573	1132
5	845	646	577	1133
5	1086	856	1051	1134
5	723	511	579	1135
5	723	579	671	1136
5	669	456	511	1137
5	568	467	337	1138
5	568	337	446	1139
5	761	744	541	1140
5	570	338	569	1141
5	750	549	749	1142
5	1667	1374	1548	1143
5	1136	946	1047	1144
5	572	339	571	1145
5	676	550	461	1146
5	846	649	453	1147
5	773	571	505	1148
5	574	341	573	1149
5	1142	954	953	1150
5	577	327	574	1151
5	576	305	343	1152
5	576	461	305	1153
5	1037	714	844	1154
5	829	651	631	1155
5	1039	846	845	1156
5	646	344	577	1157
5	578	513	266	1158
5	578	266	347	1159
5	579	511	336	1160
5	579	336	445	1161
5	790	594	690	1162
5	633	351	627	1163
5	581	492	430	1164
5	581	430	431	1165
5	582	487	357	1166
5	582	357	349	1167
5	584	358	362	1168
5	589	363	377	1169
5	712	495	493	1170
5	585	358	584	1171
5	688	494	486	1172
5	589	377	585	1173
5	586	502	359	1174
5	586	359	368	1175
5	1092	867	661	1176
5	802	703	480	1177
5	592	366	395	1178
5	606	392	366	1179
5	1030	905	688	1180
5	590	363	589	1181
5	840	641	640	1182
5	1154	968	910	1183
5	803	605	703	1184
5	638	364	591	1185
5	789	592	588	1186
5	606	366	592	1187
5	640	437	370	1188
5	641	365	437	1189
5	595	352	372	1190
5	594	372	427	1191
5	794	500	718	1192
5	796	481	600	1193
5	787	519	590	1194
5	838	688	486	1195
5	597	596	374	1196
5	597	374	428	1197
5	598	500	379	1198
5	598	379	411	1199
5	793	596	792	1200
5	600	380	599	1201
5	821	624	623	1202
5	793	712	493	1203
5	612	602	386	1204
5	613	403	387	1205
5	611	389	604	1206
5	603	404	602	1207
5	683	593	488	1208
5	613	387	603	1209
5	611	401	389	1210
5	612	386	401	1211
5	609	399	391	1212
5	610	388	399	1213
5	681	586	492	1214
5	707	491	655	1215
5	803	609	605	1216
5	608	397	607	1217
5	840	640	839	1218
5	983	798	789	1219
5	708	489	504	1220
5	610	399	609	1221
5	812	615	684	1222
5	684	615	479	1223
5	810	614	613	1224
5	612	401	611	1225
5	1032	840	839	1226
5	801	608	607	1227
5	709	489	708	1228
5	614	403	613	1229
5	788	527	732	1230
5	682	487	582	1231
5	616	381	405	1232
5	620	264	408	1233
5	1026	834	1025	1234
5	619	381	616	1235
5	618	349	407	1236
5	618	582	349	1237
5	686	487	682	1238
5	782	583	686	1239
5	732	527	519	1240
5	620	408	619	1241
5	787	732	519	1242
5	785	589	585	1243
5	687	597	529	1244
5	622	409	621	1245
5	820	623	622	1246
5	623	382	622	1247
5	1001	813	877	1248
5	624	412	623	1249
5	713	496	481	1250
5	702	477	499	1251
5	625	499	415	1252
5	625	415	321	1253
5	781	580	501	1254
5	633	424	351	1255
5	911	702	902	1256
5	721	477	702	1257
5	826	628	825	1258
5	629	420	628	1259
5	827	733	463	1260
5	883	666	729	1261
5	651	520	631	1262
5	631	422	630	1263
5	715	497	714	1264
5	740	455	533	1265
5	632	510	423	1266
5	632	423	418	1267
5	791	595	790	1268
5	831	478	633	1269
5	718	500	598	1270
5	796	713	481	1271
5	831	633	830	1272
5	1007	819	818	1273
5	637	529	373	1274
5	636	432	376	1275
5	813	618	617	1276
5	836	638	591	1277
5	797	603	602	1278
5	639	436	638	1279
5	811	705	482	1280
5	705	684	479	1281
5	903	684	705	1282
5	641	437	640	1283
5	654	581	485	1284
5	817	730	523	1285
5	649	575	453	1286
5	643	441	642	1287
5	778	575	649	1288
5	770	550	676	1289
5	644	551	442	1290
5	644	442	307	1291
5	645	579	445	1292
5	645	445	348	1293
5	950	766	765	1294
5	937	752	855	1295
5	695	452	451	1296
5	1220	1045	1048	1297
5	648	548	474	1298
5	772	648	474	1299
5	778	576	575	1300
5	772	474	570	1301
5	650	476	459	1302
5	745	650	459	1303
5	756	556	520	1304
5	844	471	643	1305
5	735	522	674	1306
5	759	743	539	1307
5	1219	507	658	1308
5	863	685	849	1309
5	1069	983	1031	1310
5	1318	1171	1317	1311
5	719	586	681	1312
5	784	655	587	1313
5	656	632	509	1314
5	721	656	509	1315
5	657	653	490	1316
5	657	490	503	1317
5	658	507	439	1318
5	658	439	440	1319
5	691	438	659	1320
5	691	440	438	1321
5	1063	942	889	1322
5	909	891	678	1323
5	668	255	256	1324
5	868	515	726	1325
5	662	547	514	1326
5	1115	1079	873	1327
5	695	451	693	1328
5	1022	694	831	1329
5	664	555	464	1330
5	738	532	737	1331
5	696	538	468	1332
5	666	524	460	1333
5	728	538	696	1334
5	758	558	728	1335
5	667	617	457	1336
5	730	667	457	1337
5	853	517	660	1338
5	727	255	668	1339
5	673	514	467	1340
5	675	456	669	1341
5	1018	829	828	1342
5	672	470	670	1343
5	723	669	511	1344
5	1012	781	976	1345
5	1086	951	856	1346
5	1040	875	649	1347
5	680	568	675	1348
5	680	467	568	1349
5	735	531	522	1350
5	739	533	475	1351
5	680	673	467	1352
5	915	856	725	1353
5	779	576	778	1354
5	779	676	461	1355
5	677	674	530	1356
5	677	530	462	1357
5	678	670	454	1358
5	678	454	458	1359
5	896	666	883	1360
5	1134	943	1133	1361
5	856	751	725	1362
5	915	701	871	1363
5	719	502	586	1364
5	784	502	719	1365
5	814	618	813	1366
5	814	582	618	1367
5	841	588	641	1368
5	703	605	480	1369
5	993	807	806	1370
5	704	604	601	1371
5	867	659	506	1372
5	720	685	508	1373
5	1028	837	836	1374
5	838	486	639	1375
5	710	494	688	1376
5	711	687	529	1377
5	710	636	494	1378
5	999	903	705	1379
5	818	495	712	1380
5	819	622	621	1381
5	832	496	713	1382
5	1202	1024	1023	1383
5	720	508	507	1384
5	691	658	440	1385
5	692	671	645	1386
5	692	645	465	1387
5	695	663	452	1388
5	1267	1109	914	1389
5	823	580	781	1390
5	830	633	627	1391
5	1107	902	1054	1392
5	901	695	693	1393
5	728	558	538	1394
5	729	666	460	1395
5	697	664	464	1396
5	697	464	473	1397
5	724	512	698	1398
5	724	525	512	1399
5	755	554	754	1400
5	716	466	498	1401
5	747	545	544	1402
5	828	630	546	1403
5	725	644	536	1404
5	738	697	473	1405
5	1198	1020	1013	1406
5	864	693	722	1407
5	805	704	601	1408
5	806	604	704	1409
5	804	609	803	1410
5	1366	1224	1264	1411
5	809	603	797	1412
5	995	808	994	1413
5	706	681	492	1414
5	706	492	581	1415
5	707	683	488	1416
5	707	488	491	1417
5	709	484	489	1418
5	802	480	608	1419
5	995	797	808	1420
5	800	484	709	1421
5	991	805	804	1422
5	993	806	880	1423
5	865	812	684	1424
5	1002	812	865	1425
5	818	621	495	1426
5	820	622	819	1427
5	832	634	496	1428
5	833	635	634	1429
5	715	458	497	1430
5	714	497	471	1431
5	925	739	736	1432
5	921	735	674	1433
5	774	571	773	1434
5	775	716	498	1435
5	717	702	499	1436
5	717	499	625	1437
5	794	599	500	1438
5	795	600	599	1439
5	910	719	681	1440
5	1032	839	879	1441
5	1070	1032	879	1442
5	1068	857	863	1443
5	1021	831	830	1444
5	1026	884	690	1445
5	722	693	510	1446
5	722	510	632	1447
5	1253	1102	1225	1448
5	1258	1059	1082	1449
5	1221	1059	852	1450
5	1057	698	663	1451
5	954	737	769	1452
5	1060	913	859	1453
5	1222	1093	868	1454
5	1061	888	932	1455
5	727	726	340	1456
5	727	340	255	1457
5	893	670	891	1458
5	930	745	744	1459
5	922	735	921	1460
5	1289	1124	1064	1461
5	815	616	812	1462
5	1062	900	905	1463
5	731	700	472	1464
5	731	472	526	1465
5	788	591	527	1466
5	837	639	638	1467
5	734	462	528	1468
5	733	528	463	1469
5	941	757	756	1470
5	1015	826	1014	1471
5	855	752	665	1472
5	736	531	735	1473
5	938	753	937	1474
5	739	475	736	1475
5	767	551	751	1476
5	875	778	649	1477
5	958	872	648	1478
5	960	774	959	1479
5	929	742	928	1480
5	740	533	739	1481
5	1407	1228	1294	1482
5	1810	1652	1504	1483
5	742	468	537	1484
5	741	537	535	1485
5	855	665	854	1486
5	1014	826	825	1487
5	743	729	521	1488
5	743	521	539	1489
5	761	561	760	1490
5	745	542	744	1491
5	1019	651	829	1492
5	935	750	749	1493
5	1139	941	1076	1494
5	1120	854	927	1495
5	931	650	745	1496
5	748	545	747	1497
5	1014	825	869	1498
5	828	546	748	1499
5	750	526	549	1500
5	750	731	526	1501
5	920	885	677	1502
5	927	652	740	1503
5	767	566	551	1504
5	769	516	567	1505
5	753	535	553	1506
5	752	553	552	1507
5	929	916	696	1508
5	1213	1035	1212	1509
5	755	469	554	1510
5	755	699	469	1511
5	948	754	764	1512
5	939	755	754	1513
5	757	564	556	1514
5	766	557	565	1515
5	941	756	851	1516
5	765	564	757	1517
5	759	539	559	1518
5	758	559	558	1519
5	1120	1085	854	1520
5	922	736	735	1521
5	761	541	561	1522
5	760	561	560	1523
5	956	771	770	1524
5	935	749	872	1525
5	763	563	562	1526
5	764	540	563	1527
5	959	774	773	1528
5	764	563	763	1529
5	963	777	776	1530
5	961	775	960	1531
5	891	670	678	1532
5	766	565	765	1533
5	1035	843	842	1534
5	842	557	766	1535
5	915	725	701	1536
5	768	566	767	1537
5	948	939	754	1538
5	769	567	768	1539
5	947	763	946	1540
5	1040	649	846	1541
5	872	749	648	1542
5	771	569	770	1543
5	956	770	955	1544
5	772	570	771	1545
5	965	778	875	1546
5	957	772	771	1547
5	774	572	571	1548
5	775	572	774	1549
5	952	767	951	1550
5	859	671	692	1551
5	871	701	662	1552
5	923	738	737	1553
5	873	664	697	1554
5	777	573	776	1555
5	873	848	664	1556
5	780	574	777	1557
5	779	461	576	1558
5	933	747	700	1559
5	1127	935	1067	1560
5	934	748	747	1561
5	946	763	762	1562
5	845	577	780	1563
5	823	626	580	1564
5	824	627	626	1565
5	783	585	584	1566
5	786	590	589	1567
5	1029	838	837	1568
5	785	585	783	1569
5	986	709	904	1570
5	985	904	708	1571
5	967	782	858	1572
5	786	589	785	1573
5	970	783	967	1574
5	787	590	786	1575
5	900	835	710	1576
5	973	732	787	1577
5	1011	689	822	1578
5	836	591	788	1579
5	798	606	592	1580
5	799	504	606	1581
5	791	501	595	1582
5	790	595	594	1583
5	1008	820	819	1584
5	1020	830	824	1585
5	793	493	596	1586
5	792	596	597	1587
5	1027	836	788	1588
5	906	835	900	1589
5	981	795	980	1590
5	795	599	794	1591
5	1020	824	1013	1592
5	796	600	795	1593
5	975	791	790	1594
5	976	791	975	1595
5	809	613	603	1596
5	811	482	614	1597
5	1081	850	876	1598
5	799	606	798	1599
5	969	862	655	1600
5	1257	1081	1239	1601
5	898	803	703	1602
5	801	607	800	1603
5	904	709	708	1604
5	802	608	801	1605
5	878	707	862	1606
5	998	811	810	1607
5	804	610	609	1608
5	805	601	610	1609
5	880	806	704	1610
5	805	610	804	1611
5	989	898	703	1612
5	1078	857	1068	1613
5	807	612	611	1614
5	808	602	612	1615
5	1209	1029	1208	1616
5	808	612	807	1617
5	1182	1002	1073	1618
5	877	813	667	1619
5	1253	1056	1102	1620
5	810	613	809	1621
5	1004	817	816	1622
5	811	614	810	1623
5	903	865	684	1624
5	1159	972	971	1625
5	815	619	616	1626
5	817	523	620	1627
5	814	682	582	1628
5	971	786	785	1629
5	882	792	687	1630
5	1102	1056	901	1631
5	879	683	878	1632
5	816	619	815	1633
5	1002	815	812	1634
5	817	620	816	1635
5	907	882	687	1636
5	1006	818	712	1637
5	977	793	792	1638
5	819	621	818	1639
5	1025	834	833	1640
5	822	624	821	1641
5	1025	833	1024	1642
5	822	483	624	1643
5	1012	823	781	1644
5	975	790	884	1645
5	979	718	881	1646
5	981	796	795	1647
5	1013	823	1012	1648
5	979	794	718	1649
5	976	781	791	1650
5	830	627	824	1651
5	826	629	628	1652
5	827	463	629	1653
5	1019	829	1018	1654
5	827	629	826	1655
5	869	825	650	1656
5	894	760	672	1657
5	949	757	941	1658
5	829	630	828	1659
5	1037	908	714	1660
5	1145	955	1144	1661
5	1056	852	901	1662
5	911	721	702	1663
5	901	693	864	1664
5	902	717	860	1665
5	982	796	981	1666
5	833	634	832	1667
5	977	792	882	1668
5	834	635	833	1669
5	967	783	782	1670
5	1104	907	906	1671
5	835	711	637	1672
5	835	637	636	1673
5	978	712	793	1674
5	837	638	836	1675
5	1030	688	838	1676
5	838	639	837	1677
5	1003	815	1002	1678
5	878	683	707	1679
5	1367	1092	1265	1680
5	841	641	840	1681
5	984	798	983	1682
5	841	789	588	1683
5	1226	1090	1156	1684
5	876	706	654	1685
5	921	674	885	1686
5	843	642	842	1687
5	931	869	650	1688
5	844	643	843	1689
5	894	672	893	1690
5	909	715	908	1691
5	870	773	699	1692
5	846	646	845	1693
5	961	716	775	1694
5	959	773	870	1695
5	847	692	647	1696
5	914	647	724	1697
5	848	762	664	1698
5	1138	1131	939	1699
5	1044	691	659	1700
5	1686	1371	1519	1701
5	1154	910	1049	1702
5	857	653	657	1703
5	851	756	651	1704
5	1148	872	958	1705
5	1082	724	1058	1706
5	914	847	647	1707
5	1506	863	1042	1708
5	1083	726	727	1709
5	854	665	652	1710
5	927	854	652	1711
5	1101	891	909	1712
5	1260	1100	1228	1713
5	954	923	737	1714
5	1308	1152	1307	1715
5	876	850	706	1716
5	887	653	857	1717
5	858	782	686	1718
5	899	858	686	1719
5	1231	1045	1220	1720
5	1507	1408	1431	1721
5	860	717	694	1722
5	1336	1191	1335	1723
5	1369	1220	1271	1724
5	1598	1554	1440	1725
5	968	719	910	1726
5	1156	862	969	1727
5	863	857	657	1728
5	863	657	685	1729
5	1162	975	884	1730
5	1167	980	1166	1731
5	1005	918	730	1732
5	1278	1105	1104	1733
5	866	864	722	1734
5	866	722	656	1735
5	1406	1093	1222	1736
5	1264	1224	1078	1737
5	1527	1061	932	1738
5	1371	888	1227	1739
5	1016	919	733	1740
5	885	674	677	1741
5	940	755	939	1742
5	962	716	961	1743
5	1140	952	951	1744
5	1094	890	1041	1745
5	1217	875	1040	1746
5	955	770	676	1747
5	924	738	923	1748
5	924	697	738	1749
5	936	750	935	1750
5	933	700	874	1751
5	1150	960	1149	1752
5	958	648	772	1753
5	1171	985	1170	1754
5	1155	968	1154	1755
5	1077	905	1030	1756
5	899	686	682	1757
5	879	839	683	1758
5	1033	840	1032	1759
5	1078	887	857	1760
5	1171	904	985	1761
5	990	803	898	1762
5	996	797	995	1763
5	881	718	689	1764
5	1011	881	689	1765
5	1006	712	978	1766
5	1010	822	821	1767
5	1135	945	944	1768
5	917	883	729	1769
5	980	794	979	1770
5	1024	833	832	1771
5	920	734	919	1772
5	925	736	922	1773
5	1508	720	886	1774
5	886	720	507	1775
5	887	876	654	1776
5	887	654	653	1777
5	932	679	896	1778
5	932	746	679	1779
5	917	729	743	1780
5	942	758	889	1781
5	890	871	662	1782
5	890	662	673	1783
5	893	672	670	1784
5	945	930	744	1785
5	892	861	669	1786
5	892	669	723	1787
5	1113	921	885	1788
5	944	760	894	1789
5	1046	944	894	1790
5	1195	1111	919	1791
5	895	890	673	1792
5	895	673	680	1793
5	932	888	746	1794
5	896	679	666	1795
5	897	895	680	1796
5	897	680	675	1797
5	990	804	803	1798
5	992	704	805	1799
5	1071	1000	1001	1800
5	1206	1027	974	1801
5	906	711	835	1802
5	907	687	711	1803
5	1108	1055	912	1804
5	1221	852	1056	1805
5	912	656	721	1806
5	912	721	911	1807
5	994	807	993	1808
5	1180	996	1179	1809
5	986	800	709	1810
5	989	703	802	1811
5	905	900	710	1812
5	905	710	688	1813
5	1190	881	1011	1814
5	907	711	906	1815
5	1187	1009	1008	1816
5	1165	978	977	1817
5	909	678	715	1818
5	908	715	714	1819
5	1123	1066	931	1820
5	1119	927	926	1821
5	968	784	719	1822
5	969	655	784	1823
5	1335	1163	1313	1824
5	912	866	656	1825
5	1229	1087	1109	1826
5	1205	884	1026	1827
5	913	892	723	1828
5	913	723	671	1829
5	1091	864	866	1830
5	1060	1050	913	1831
5	1269	1140	1086	1832
5	1151	961	1150	1833
5	916	889	728	1834
5	916	728	696	1835
5	943	759	942	1836
5	1228	1100	1134	1837
5	918	877	667	1838
5	918	667	730	1839
5	920	677	734	1840
5	919	734	733	1841
5	1144	964	1095	1842
5	1217	1096	875	1843
5	1146	957	956	1844
5	926	740	739	1845
5	1238	1076	1197	1846
5	1195	919	1016	1847
5	924	873	697	1848
5	1321	1177	1176	1849
5	1153	966	963	1850
5	1290	1128	1247	1851
5	1283	1112	1111	1852
5	926	739	925	1853
5	1121	929	928	1854
5	927	740	926	1855
5	1129	937	1065	1856
5	1085	855	854	1857
5	929	696	742	1858
5	928	742	741	1859
5	1063	889	1043	1860
5	1133	942	1063	1861
5	945	761	944	1862
5	931	745	930	1863
5	1123	930	945	1864
5	1065	937	855	1865
5	1286	1117	1284	1866
5	1604	1461	1460	1867
5	1283	1113	1112	1868
5	934	747	933	1869
5	1194	1016	1015	1870
5	1017	748	934	1871
5	936	731	750	1872
5	936	874	731	1873
5	1125	933	874	1874
5	1139	949	941	1875
5	938	741	753	1876
5	937	753	752	1877
5	1130	1121	928	1878
5	1227	888	1061	1879
5	940	699	755	1880
5	940	870	699	1881
5	1131	940	939	1882
5	1052	959	870	1883
5	949	765	757	1884
5	1034	842	766	1885
5	943	743	759	1886
5	942	759	758	1887
5	1368	1227	1061	1888
5	1124	932	896	1889
5	945	744	761	1890
5	944	761	760	1891
5	1117	925	922	1892
5	1123	945	1135	1893
5	947	764	763	1894
5	948	764	947	1895
5	1297	1136	1244	1896
5	1106	908	1037	1897
5	1095	964	965	1898
5	1304	1144	1240	1899
5	1149	960	959	1900
5	950	765	949	1901
5	1320	1176	1175	1902
5	1034	766	950	1903
5	952	768	767	1904
5	953	768	952	1905
5	1089	892	1050	1906
5	1282	1094	1236	1907
5	1430	1280	1373	1908
5	954	769	953	1909
5	1137	947	1136	1910
5	1151	962	961	1911
5	1146	956	1145	1912
5	1212	950	1139	1913
5	1152	962	1151	1914
5	957	771	956	1915
5	1197	1017	1196	1916
5	958	772	957	1917
5	1340	1126	1290	1918
5	1196	1017	934	1919
5	960	775	774	1920
5	962	776	716	1921
5	1110	1051	915	1922
5	963	776	962	1923
5	1094	871	890	1924
5	966	780	777	1925
5	1140	951	1086	1926
5	1425	1282	1370	1927
5	1079	1047	848	1928
5	966	777	963	1929
5	964	955	676	1930
5	964	676	779	1931
5	965	964	779	1932
5	965	779	778	1933
5	1298	1293	1131	1934
5	1038	780	966	1935
5	970	785	783	1936
5	972	787	786	1937
5	1169	983	1069	1938
5	969	784	968	1939
5	1173	987	986	1940
5	1090	878	862	1941
5	1182	1003	1002	1942
5	971	785	970	1943
5	1183	918	1005	1944
5	972	786	971	1945
5	1259	1087	1229	1946
5	973	787	972	1947
5	1179	995	994	1948
5	974	732	973	1949
5	1074	880	1178	1950
5	1027	788	974	1951
5	1185	1007	1006	1952
5	1013	824	823	1953
5	1347	1201	1346	1954
5	1343	1199	1198	1955
5	1172	986	904	1956
5	1007	818	1006	1957
5	1160	973	972	1958
5	1008	819	1007	1959
5	980	795	794	1960
5	982	713	796	1961
5	1168	981	1167	1962
5	1023	832	713	1963
5	1191	1012	976	1964
5	1205	1162	884	1965
5	1332	1188	1331	1966
5	1023	713	982	1967
5	984	799	798	1968
5	985	708	799	1969
5	1310	1226	1156	1970
5	985	799	984	1971
5	1318	1173	1172	1972
5	1176	989	1175	1973
5	1169	984	983	1974
5	987	800	986	1975
5	1178	991	1177	1976
5	988	801	987	1977
5	1177	991	990	1978
5	989	802	988	1979
5	1174	988	987	1980
5	1310	1156	1155	1981
5	1181	1073	903	1982
5	991	804	990	1983
5	1175	989	988	1984
5	992	805	991	1985
5	1170	984	1169	1986
5	1157	970	967	1987
5	994	808	807	1988
5	999	705	811	1989
5	1172	904	1171	1990
5	997	810	809	1991
5	1161	974	973	1992
5	1207	1028	1027	1993
5	1075	967	858	1994
5	997	809	996	1995
5	1101	1046	893	1996
5	998	810	997	1997
5	1584	1430	1509	1998
5	999	811	998	1999
5	1073	865	903	2000
5	1183	1098	918	2001
5	1000	899	682	2002
5	1000	682	814	2003
5	1001	1000	814	2004
5	1001	814	813	2005
5	1003	816	815	2006
5	1005	730	817	2007
5	1181	903	999	2008
5	1004	816	1003	2009
5	1178	880	992	2010
5	1005	817	1004	2011
5	1073	1002	865	2012
5	1183	1004	1182	2013
5	1189	1011	1010	2014
5	1009	821	820	2015
5	1104	906	1103	2016
5	1334	1250	1053	2017
5	1166	980	979	2018
5	1009	820	1008	2019
5	1203	1025	1024	2020
5	1010	821	1009	2021
5	1191	976	1163	2022
5	1011	822	1010	2023
5	1166	979	1053	2024
5	1168	982	981	2025
5	1192	1013	1012	2026
5	1021	830	1020	2027
5	1201	982	1168	2028
5	1022	831	1021	2029
5	1015	827	826	2030
5	1016	733	827	2031
5	1046	894	893	2032
5	1016	827	1015	2033
5	1212	1034	950	2034
5	1128	936	1127	2035
5	1135	944	1046	2036
5	1018	828	1017	2037
5	1106	1101	909	2038
5	1019	851	651	2039
5	1076	941	851	2040
5	1212	1035	1034	2041
5	1415	1056	1253	2042
5	1163	975	1162	2043
5	1349	1203	1348	2044
5	1022	860	694	2045
5	1091	866	1055	2046
5	1055	866	912	2047
5	1192	1012	1191	2048
5	1024	832	1023	2049
5	1164	977	882	2050
5	1026	690	834	2051
5	1184	1006	978	2052
5	1103	900	1062	2053
5	1179	996	995	2054
5	1105	882	907	2055
5	1072	899	1000	2056
5	1028	836	1027	2057
5	1180	998	997	2058
5	1029	837	1028	2059
5	1105	907	1104	2060
5	1030	838	1029	2061
5	1103	906	900	2062
5	1188	1010	1009	2063
5	1031	983	789	2064
5	1031	789	841	2065
5	1033	841	840	2066
5	1033	1031	841	2067
5	1355	1211	1210	2068
5	1517	1470	1397	2069
5	1076	851	1019	2070
5	1035	842	1034	2071
5	1118	926	925	2072
5	1036	843	1035	2073
5	1066	869	931	2074
5	1037	844	1036	2075
5	1085	1065	855	2076
5	1122	929	1121	2077
5	1136	947	946	2078
5	1039	845	1038	2079
5	1214	1038	966	2080
5	1040	846	1039	2081
5	1149	959	1052	2082
5	1216	1040	1039	2083
5	1050	892	913	2084
5	1422	1270	1246	2085
5	1042	863	849	2086
5	1044	659	867	2087
5	1436	1289	1260	2088
5	1122	916	929	2089
5	1256	691	1044	2090
5	1080	658	691	2091
5	1045	1041	895	2092
5	1045	895	897	2093
5	1101	893	891	2094
5	1106	1037	1213	2095
5	1047	946	848	2096
5	1273	1051	1110	2097
5	1048	1045	897	2098
5	1048	897	861	2099
5	1049	910	850	2100
5	1326	1073	1181	2101
5	1089	861	892	2102
5	1089	1048	861	2103
5	1143	923	954	2104
5	1079	848	873	2105
5	1132	940	1131	2106
5	1290	1126	1125	2107
5	1053	979	881	2108
5	1190	1053	881	2109
5	1054	902	860	2110
5	1200	1088	1022	2111
5	1108	911	1107	2112
5	1270	1050	1246	2113
5	1102	864	1091	2114
5	1102	901	864	2115
5	1058	698	1057	2116
5	1058	724	698	2117
5	1082	914	724	2118
5	1258	1057	1059	2119
5	1059	1057	663	2120
5	1059	663	852	2121
5	1246	1050	1060	2122
5	1345	1200	1344	2123
5	1356	1243	1212	2124
5	1124	896	1064	2125
5	1405	1310	1376	2126
5	1077	1062	905	2127
5	1064	896	883	2128
5	1294	1133	1223	2129
5	1443	1295	1377	2130
5	1134	917	943	2131
5	1193	1015	1014	2132
5	1338	1195	1194	2133
5	1111	920	919	2134
5	1066	1014	869	2135
5	1067	935	872	2136
5	1148	1067	872	2137
5	1097	887	1078	2138
5	1081	1049	850	2139
5	1210	1032	1070	2140
5	1211	1031	1033	2141
5	1210	1033	1032	2142
5	1211	1069	1031	2143
5	1249	1079	1248	2144
5	1157	967	1075	2145
5	1312	1160	1311	2146
5	1072	1000	1071	2147
5	1071	1001	877	2148
5	1182	1004	1003	2149
5	1181	998	1180	2150
5	1074	994	993	2151
5	1072	1075	858	2152
5	1378	1232	1353	2153
5	1139	950	949	2154
5	1127	936	935	2155
5	1158	970	1157	2156
5	1208	1029	1028	2157
5	1323	1074	1322	2158
5	1239	1097	1224	2159
5	1141	952	1140	2160
5	1231	1041	1045	2161
5	1550	1367	1265	2162
5	1754	1607	1753	2163
5	1126	933	1125	2164
5	1197	1018	1017	2165
5	1267	914	1082	2166
5	1281	1235	1055	2167
5	1289	1064	1260	2168
5	1233	867	1092	2169
5	1268	727	1084	2170
5	1084	727	668	2171
5	1112	920	1111	2172
5	1563	1452	1533	2173
5	1411	1259	1375	2174
5	1115	873	924	2175
5	1087	1060	859	2176
5	1087	859	847	2177
5	1088	1054	860	2178
5	1088	860	1022	2179
5	1449	1304	1448	2180
5	1303	1116	1143	2181
5	1099	879	878	2182
5	1099	1070	879	2183
5	1277	1103	1062	2184
5	1072	858	899	2185
5	1233	1044	867	2186
5	1222	868	1083	2187
5	1093	1092	661	2188
5	1093	661	868	2189
5	1110	915	871	2190
5	1270	1089	1050	2191
5	1144	955	964	2192
5	1145	956	955	2193
5	1096	1095	965	2194
5	1096	965	875	2195
5	1097	1081	876	2196
5	1097	876	887	2197
5	1098	1071	877	2198
5	1098	877	918	2199
5	1354	1070	1275	2200
5	1318	1172	1171	2201
5	1100	1064	883	2202
5	1100	883	917	2203
5	1262	1075	1072	2204
5	1382	1351	1350	2205
5	1179	994	1074	2206
5	1074	993	880	2207
5	1352	1207	1206	2208
5	1164	882	1105	2209
5	1322	1178	1316	2210
5	1165	977	1164	2211
5	1276	1071	1272	2212
5	1184	978	1165	2213
5	1106	909	908	2214
5	1357	1213	1243	2215
5	1108	912	911	2216
5	1107	911	902	2217
5	1721	1375	1577	2218
5	1383	1234	1254	2219
5	1109	1087	847	2220
5	1109	847	914	2221
5	1384	1220	1369	2222
5	1269	1086	1230	2223
5	1112	885	920	2224
5	1114	922	921	2225
5	1284	1117	1114	2226
5	1113	885	1112	2227
5	1338	1194	1193	2228
5	1114	921	1113	2229
5	1339	1283	1111	2230
5	1117	922	1114	2231
5	1385	1247	1306	2232
5	1141	953	952	2233
5	1116	1115	924	2234
5	1116	924	923	2235
5	1242	1065	1085	2236
5	1118	925	1117	2237
5	1389	1223	1237	2238
5	1119	926	1118	2239
5	1292	1130	1291	2240
5	1120	927	1119	2241
5	1439	1416	1288	2242
5	1255	1043	1122	2243
5	1130	938	1129	2244
5	1122	1043	916	2245
5	1433	1380	1286	2246
5	1589	1438	1510	2247
5	1123	931	930	2248
5	1193	1014	1066	2249
5	1286	1118	1117	2250
5	1287	1119	1286	2251
5	1126	934	933	2252
5	1197	1076	1019	2253
5	1295	1123	1135	2254
5	1196	934	1126	2255
5	1128	874	936	2256
5	1128	1125	874	2257
5	1452	1357	1387	2258
5	1450	1293	1446	2259
5	1130	928	938	2260
5	1129	938	937	2261
5	1337	1066	1296	2262
5	1435	1386	1241	2263
5	1132	870	940	2264
5	1132	1052	870	2265
5	1360	1216	1359	2266
5	1240	1144	1095	2267
5	1134	1100	917	2268
5	1133	943	942	2269
5	1511	1222	1420	2270
5	1953	1664	1706	2271
5	1285	1248	1115	2272
5	1245	1052	1293	2273
5	1137	948	947	2274
5	1138	939	948	2275
5	1293	1132	1131	2276
5	1138	948	1137	2277
5	1307	1152	1151	2278
5	1298	1131	1138	2279
5	1299	1076	1238	2280
5	1213	1037	1036	2281
5	1143	954	1142	2282
5	1142	953	1141	2283
5	1300	1141	1140	2284
5	1143	1116	923	2285
5	1557	1381	1552	2286
5	1297	1138	1137	2287
5	1365	1302	1301	2288
5	1586	1525	1380	2289
5	1240	1095	1096	2290
5	1147	958	957	2291
5	1308	1214	1153	2292
5	1245	1150	1149	2293
5	1304	1145	1144	2294
5	1147	957	1146	2295
5	1359	1214	1308	2296
5	1148	958	1147	2297
5	1360	1240	1096	2298
5	1411	1246	1259	2299
5	1150	961	960	2300
5	1152	963	962	2301
5	1305	1146	1304	2302
5	1153	963	1152	2303
5	1305	1148	1147	2304
5	1214	966	1153	2305
5	1359	1216	1215	2306
5	1215	1039	1038	2307
5	1306	1067	1148	2308
5	1307	1151	1150	2309
5	1155	969	968	2310
5	1156	1090	862	2311
5	1515	1080	1256	2312
5	1156	969	1155	2313
5	1899	1755	1754	2314
5	1274	1090	1226	2315
5	1158	971	970	2316
5	1209	1030	1029	2317
5	1232	1062	1077	2318
5	1159	971	1158	2319
5	1259	1060	1087	2320
5	1160	972	1159	2321
5	1329	1272	1098	2322
5	1161	973	1160	2323
5	1348	1203	1202	2324
5	1206	974	1161	2325
5	1163	976	975	2326
5	1199	1021	1020	2327
5	1333	1190	1189	2328
5	1200	1021	1199	2329
5	1277	1104	1103	2330
5	1185	1006	1184	2331
5	1346	1168	1315	2332
5	1186	1008	1007	2333
5	1167	981	980	2334
5	1201	1023	982	2335
5	1315	1168	1167	2336
5	1202	1023	1201	2337
5	1336	1192	1191	2338
5	1203	1024	1202	2339
5	1170	985	984	2340
5	1274	1099	1090	2341
5	1746	1600	1570	2342
5	1173	986	1172	2343
5	1462	1459	1321	2344
5	1174	987	1173	2345
5	1641	1426	1583	2346
5	1175	988	1174	2347
5	1239	1081	1097	2348
5	1176	990	898	2349
5	1355	1210	1354	2350
5	1176	898	989	2351
5	1252	1069	1211	2352
5	1317	1169	1252	2353
5	1317	1171	1170	2354
5	1177	990	1176	2355
5	1252	1169	1069	2356
5	1178	992	991	2357
5	1464	1322	1463	2358
5	1180	997	996	2359
5	1311	1159	1158	2360
5	1181	999	998	2361
5	1272	1071	1098	2362
5	1329	1098	1183	2363
5	1325	1181	1180	2364
5	1316	1178	1177	2365
5	1317	1170	1169	2366
5	1183	1005	1004	2367
5	1276	1072	1071	2368
5	1328	1183	1182	2369
5	1343	1198	1342	2370
5	1259	1246	1060	2371
5	1351	1313	1162	2372
5	1186	1007	1185	2373
5	1331	1186	1330	2374
5	1187	1008	1186	2375
5	1330	1185	1184	2376
5	1188	1009	1187	2377
5	1277	1062	1232	2378
5	1189	1010	1188	2379
5	1620	1456	1475	2380
5	1190	1011	1189	2381
5	1342	1192	1336	2382
5	1330	1186	1185	2383
5	1351	1162	1205	2384
5	1374	1253	1225	2385
5	1280	1107	1234	2386
5	1198	1013	1192	2387
5	1284	1114	1113	2388
5	1194	1015	1193	2389
5	1291	1129	1241	2390
5	1195	1016	1194	2391
5	1241	1129	1065	2392
5	1287	1120	1119	2393
5	1284	1113	1283	2394
5	1197	1019	1018	2395
5	1295	1135	1261	2396
5	1358	1106	1357	2397
5	1234	1107	1054	2398
5	1200	1022	1021	2399
5	1345	1254	1088	2400
5	1344	1199	1343	2401
5	1342	1198	1192	2402
5	1313	1163	1162	2403
5	1335	1191	1163	2404
5	1204	1026	1025	2405
5	1349	1204	1203	2406
5	1350	1205	1204	2407
5	1492	1312	1311	2408
5	1204	1025	1203	2409
5	1263	1157	1075	2410
5	1205	1026	1204	2411
5	1278	1164	1105	2412
5	1346	1201	1168	2413
5	1323	1179	1074	2414
5	1207	1027	1206	2415
5	1314	1184	1165	2416
5	1208	1028	1207	2417
5	1263	1158	1157	2418
5	1209	1077	1030	2419
5	1353	1209	1208	2420
5	1232	1077	1209	2421
5	1319	1175	1174	2422
5	1211	1033	1210	2423
5	1321	1316	1177	2424
5	1324	1179	1323	2425
5	1478	1296	1443	2426
5	1213	1036	1035	2427
5	1370	1282	1236	2428
5	1243	1213	1212	2429
5	1654	1531	1581	2430
5	1215	1038	1214	2431
5	1285	1115	1116	2432
5	1216	1039	1215	2433
5	1384	1231	1220	2434
5	1217	1040	1216	2435
5	1306	1247	1067	2436
5	1247	1127	1067	2437
5	1218	1084	668	2438
5	1218	668	517	2439
5	1521	1233	1367	2440
5	1219	886	507	2441
5	1271	1048	1089	2442
5	1271	1089	1270	2443
5	1403	1082	1059	2444
5	1403	1267	1082	2445
5	1264	1078	1068	2446
5	1260	1064	1100	2447
5	1223	1133	1063	2448
5	1514	1404	1416	2449
5	1224	1097	1078	2450
5	1562	1428	1538	2451
5	1225	1102	1091	2452
5	1235	1225	1091	2453
5	1495	1275	1426	2454
5	1309	1155	1154	2455
5	1420	1083	1268	2456
5	1519	1227	1518	2457
5	1436	1260	1417	2458
5	1439	1292	1438	2459
5	1423	1369	1271	2460
5	1423	1270	1422	2461
5	1236	1041	1231	2462
5	1558	1391	1557	2463
5	1236	1094	1041	2464
5	1273	1230	1051	2465
5	1319	1173	1318	2466
5	1278	1104	1277	2467
5	1684	1662	1401	2468
5	1265	1092	1093	2469
5	1235	1091	1055	2470
5	1476	1313	1382	2471
5	1281	1108	1280	2472
5	1628	1482	1627	2473
5	1365	1303	1302	2474
5	1647	1499	1646	2475
5	1237	1223	1063	2476
5	1237	1063	1043	2477
5	1340	1196	1126	2478
5	1290	1125	1128	2479
5	1251	1154	1049	2480
5	1309	1154	1251	2481
5	1399	1279	1358	2482
5	1247	1128	1127	2483
5	1292	1288	1121	2484
5	1255	1237	1043	2485
5	1242	1120	1287	2486
5	1242	1241	1065	2487
5	1356	1139	1299	2488
5	1261	1135	1046	2489
5	1244	1136	1047	2490
5	1248	1079	1115	2491
5	1293	1052	1132	2492
5	1307	1150	1245	2493
5	1375	1259	1229	2494
5	1391	1230	1381	2495
5	1304	1146	1145	2496
5	1305	1147	1146	2497
5	1249	1047	1079	2498
5	1249	1244	1047	2499
5	1447	1301	1300	2500
5	1568	1412	1564	2501
5	1315	1167	1250	2502
5	1250	1167	1166	2503
5	1559	1402	1080	2504
5	1426	1274	1396	2505
5	1275	1099	1274	2506
5	1319	1174	1173	2507
5	1419	1109	1267	2508
5	1419	1229	1109	2509
5	1254	1234	1054	2510
5	1254	1054	1088	2511
5	1573	1407	1565	2512
5	1438	1291	1386	2513
5	1379	1042	1266	2514
5	1256	1080	691	2515
5	1257	1251	1049	2516
5	1257	1049	1081	2517
5	1258	1082	1058	2518
5	1258	1058	1057	2519
5	1347	1202	1201	2520
5	1330	1184	1314	2521
5	1518	1227	1368	2522
5	1390	1294	1223	2523
5	1622	1443	1526	2524
5	1358	1101	1106	2525
5	1496	1457	1252	2526
5	1263	1075	1262	2527
5	1312	1206	1161	2528
5	1311	1158	1263	2529
5	1527	1368	1061	2530
5	1687	1512	1513	2531
5	1367	1233	1092	2532
5	1266	1042	849	2533
5	1460	1319	1318	2534
5	1664	1518	1368	2535
5	1415	1221	1056	2536
5	1548	1374	1408	2537
5	1530	1268	1084	2538
5	1268	1083	727	2539
5	1391	1269	1230	2540
5	1300	1140	1269	2541
5	1663	1415	1571	2542
5	1271	1220	1048	2543
5	1447	1300	1392	2544
5	1392	1300	1269	2545
5	1276	1262	1072	2546
5	1640	1494	1493	2547
5	1413	1249	1412	2548
5	1381	1230	1273	2549
5	1275	1070	1099	2550
5	1354	1210	1070	2551
5	1460	1318	1458	2552
5	1355	1252	1211	2553
5	1469	1429	1328	2554
5	1464	1323	1322	2555
5	1428	1232	1378	2556
5	1332	1189	1188	2557
5	1250	1166	1053	2558
5	1455	1311	1263	2559
5	1279	1261	1046	2560
5	1279	1046	1101	2561
5	1281	1055	1108	2562
5	1280	1108	1107	2563
5	1431	1281	1430	2564
5	1572	1419	1267	2565
5	1282	1273	1110	2566
5	1282	1110	1094	2567
5	1296	1123	1295	2568
5	1296	1066	1123	2569
5	1301	1141	1300	2570
5	1242	1085	1120	2571
5	1647	1500	1499	2572
5	1286	1119	1118	2573
5	1444	1297	1244	2574
5	1387	1357	1243	2575
5	1443	1296	1295	2576
5	1380	1287	1286	2577
5	1288	1255	1122	2578
5	1288	1122	1121	2579
5	1723	1688	1417	2580
5	1512	1289	1436	2581
5	1437	1247	1385	2582
5	1341	1197	1196	2583
5	1292	1121	1130	2584
5	1291	1130	1129	2585
5	1390	1223	1389	2586
5	1386	1291	1241	2587
5	1297	1137	1136	2588
5	1625	1437	1534	2589
5	1294	1228	1134	2590
5	1294	1134	1133	2591
5	1437	1290	1247	2592
5	1337	1193	1066	2593
5	1441	1338	1337	2594
5	1338	1193	1337	2595
5	1400	1248	1285	2596
5	1298	1138	1297	2597
5	1450	1245	1293	2598
5	1412	1248	1400	2599
5	1356	1212	1139	2600
5	1299	1139	1076	2601
5	1301	1142	1141	2602
5	1302	1143	1142	2603
5	1392	1269	1391	2604
5	1302	1142	1301	2605
5	1303	1285	1116	2606
5	1303	1143	1302	2607
5	1359	1215	1214	2608
5	1245	1149	1052	2609
5	1502	1448	1240	2610
5	1388	1299	1238	2611
5	1480	1290	1437	2612
5	1306	1148	1305	2613
5	1421	1303	1365	2614
5	1448	1304	1240	2615
5	1444	1244	1413	2616
5	1360	1096	1217	2617
5	1479	1432	1283	2618
5	1308	1153	1152	2619
5	1458	1318	1317	2620
5	1310	1155	1309	2621
5	1311	1160	1159	2622
5	1353	1208	1352	2623
5	1602	1455	1454	2624
5	1493	1352	1312	2625
5	1352	1206	1312	2626
5	1312	1161	1160	2627
5	1314	1164	1278	2628
5	1331	1188	1187	2629
5	1314	1165	1164	2630
5	1331	1187	1186	2631
5	1485	1345	1344	2632
5	1348	1202	1347	2633
5	1322	1074	1178	2634
5	1324	1180	1179	2635
5	1395	1224	1366	2636
5	1396	1274	1226	2637
5	2029	1881	2028	2638
5	1321	1176	1320	2639
5	1466	1325	1324	2640
5	1320	1175	1319	2641
5	1463	1322	1316	2642
5	1426	1275	1274	2643
5	1495	1355	1354	2644
5	1463	1316	1459	2645
5	1454	1263	1262	2646
5	1325	1180	1324	2647
5	1454	1262	1424	2648
5	1326	1181	1325	2649
5	1427	1272	1398	2650
5	1327	1182	1073	2651
5	1398	1272	1329	2652
5	1468	1327	1326	2653
5	1467	1326	1325	2654
5	1327	1073	1326	2655
5	1459	1316	1321	2656
5	1328	1182	1327	2657
5	1603	1457	1536	2658
5	1329	1183	1328	2659
5	1489	1347	1488	2660
5	1618	1471	1615	2661
5	1488	1347	1346	2662
5	1333	1189	1332	2663
5	1468	1326	1467	2664
5	1334	1053	1190	2665
5	1458	1317	1457	2666
5	1467	1325	1466	2667
5	1397	1278	1277	2668
5	1334	1190	1333	2669
5	1627	1477	1621	2670
5	1476	1335	1313	2671
5	1617	1475	1474	2672
5	1490	1349	1348	2673
5	1487	1315	1456	2674
5	1345	1088	1200	2675
5	1407	1294	1390	2676
5	1434	1287	1380	2677
5	1339	1195	1338	2678
5	1339	1111	1195	2679
5	1442	1338	1441	2680
5	1478	1441	1337	2681
5	1341	1238	1197	2682
5	1341	1196	1340	2683
5	1418	1261	1279	2684
5	1791	1645	1790	2685
5	1488	1346	1487	2686
5	1344	1200	1199	2687
5	1456	1315	1250	2688
5	1541	1383	1522	2689
5	1487	1346	1315	2690
5	1483	1343	1342	2691
5	1383	1373	1234	2692
5	1572	1267	1403	2693
5	1473	1332	1331	2694
5	1470	1278	1397	2695
5	1475	1456	1250	2696
5	1350	1204	1349	2697
5	1489	1348	1347	2698
5	1351	1205	1350	2699
5	1657	1549	1640	2700
5	1491	1382	1350	2701
5	1382	1313	1351	2702
5	1482	1336	1477	2703
5	1470	1314	1278	2704
5	1352	1208	1207	2705
5	1472	1330	1471	2706
5	1353	1232	1209	2707
5	1474	1333	1332	2708
5	1474	1334	1333	2709
5	1414	1251	1257	2710
5	1560	1516	1376	2711
5	1414	1257	1394	2712
5	1756	1609	1755	2713
5	1498	1387	1243	2714
5	1575	1377	1418	2715
5	1358	1279	1101	2716
5	1357	1106	1213	2717
5	1440	1385	1306	2718
5	1440	1306	1305	2719
5	1449	1440	1305	2720
5	1360	1217	1216	2721
5	1449	1305	1304	2722
5	1412	1249	1248	2723
5	1393	1256	1044	2724
5	1393	1044	1233	2725
5	1652	853	1504	2726
5	1420	1222	1083	2727
5	1363	1362	1218	2728
5	1363	1218	853	2729
5	1364	1266	849	2730
5	1544	849	685	2731
5	1413	1244	1249	2732
5	1446	1298	1445	2733
5	1545	1264	1361	2734
5	1406	1265	1093	2735
5	1658	1591	1592	2736
5	1544	720	1508	2737
5	1512	1372	1289	2738
5	1417	1260	1228	2739
5	1423	1271	1270	2740
5	1422	1246	1411	2741
5	1409	1231	1384	2742
5	1409	1236	1231	2743
5	1504	853	660	2744
5	1505	746	888	2745
5	1578	1084	1362	2746
5	1372	1124	1289	2747
5	1373	1280	1234	2748
5	1484	1344	1343	2749
5	1581	1423	1580	2750
5	1431	1408	1235	2751
5	1630	1485	1484	2752
5	1630	1484	1629	2753
5	1376	1310	1309	2754
5	1453	1309	1251	2755
5	1377	1295	1261	2756
5	1418	1377	1261	2757
5	1636	1491	1490	2758
5	1494	1352	1493	2759
5	1511	1406	1222	2760
5	1555	1404	1514	2761
5	1433	1284	1432	2762
5	1710	1555	1709	2763
5	1552	1425	1520	2764
5	1872	1727	1845	2765
5	1627	1482	1477	2766
5	1483	1342	1482	2767
5	1477	1335	1476	2768
5	1482	1342	1336	2769
5	1409	1370	1236	2770
5	1552	1381	1425	2771
5	1540	1410	1481	2772
5	1645	1387	1498	2773
5	1435	1242	1434	2774
5	1573	1417	1407	2775
5	1497	1299	1388	2776
5	1788	1543	1703	2777
5	1497	1356	1299	2778
5	1498	1243	1356	2779
5	1587	1434	1525	2780
5	1722	1573	1565	2781
5	1586	1433	1585	2782
5	1417	1228	1407	2783
5	1595	1392	1558	2784
5	1447	1365	1301	2785
5	1843	1670	1842	2786
5	1568	1413	1412	2787
5	1503	1401	1402	2788
5	1852	1707	1528	2789
5	1561	1405	1516	2790
5	1453	1251	1414	2791
5	1395	1394	1239	2792
5	1395	1239	1224	2793
5	1876	1731	1676	2794
5	1457	1317	1252	2795
5	1635	1490	1489	2796
5	1634	1488	1633	2797
5	1424	1262	1276	2798
5	1494	1353	1352	2799
5	1624	1432	1479	2800
5	1418	1279	1399	2801
5	1564	1400	1421	2802
5	1446	1293	1298	2803
5	1844	1689	1559	2804
5	1401	886	1219	2805
5	1402	1401	1219	2806
5	1402	1219	1080	2807
5	1403	1059	1221	2808
5	1801	1667	1548	2809
5	1404	1389	1237	2810
5	1404	1237	1255	2811
5	1405	1396	1226	2812
5	1405	1226	1310	2813
5	1706	1368	1527	2814
5	1665	1363	1652	2815
5	1525	1434	1380	2816
5	1590	1514	1416	2817
5	1408	1374	1225	2818
5	1408	1225	1235	2819
5	1593	1445	1444	2820
5	1596	1365	1447	2821
5	1410	1388	1238	2822
5	1410	1238	1341	2823
5	1571	1415	1253	2824
5	1553	1520	1370	2825
5	1595	1447	1392	2826
5	1569	1444	1413	2827
5	1792	1646	1599	2828
5	1534	1437	1385	2829
5	1608	1463	1607	2830
5	1453	1376	1309	2831
5	1571	1253	1374	2832
5	1576	1221	1415	2833
5	1416	1404	1255	2834
5	1416	1255	1288	2835
5	1556	1389	1555	2836
5	1521	1393	1233	2837
5	1586	1380	1433	2838
5	1767	1591	1658	2839
5	1802	1663	1571	2840
5	1702	1509	1541	2841
5	1668	1578	1362	2842
5	1669	1528	1364	2843
5	1421	1400	1285	2844
5	1421	1285	1303	2845
5	1531	1384	1369	2846
5	1581	1369	1423	2847
5	1579	1422	1411	2848
5	1670	1566	1531	2849
5	1582	1427	1532	2850
5	1538	1428	1378	2851
5	1425	1381	1273	2852
5	1425	1273	1282	2853
5	1536	1457	1496	2854
5	1642	1536	1496	2855
5	1427	1424	1276	2856
5	1427	1276	1272	2857
5	1428	1397	1277	2858
5	1428	1277	1232	2859
5	1429	1398	1329	2860
5	1429	1329	1328	2861
5	1431	1235	1281	2862
5	1430	1281	1280	2863
5	1580	1422	1579	2864
5	1548	1408	1507	2865
5	1433	1286	1284	2866
5	1432	1284	1283	2867
5	1768	1623	1767	2868
5	1770	1625	1672	2869
5	1435	1241	1242	2870
5	1434	1242	1287	2871
5	1555	1389	1404	2872
5	1565	1407	1390	2873
5	1542	1394	1395	2874
5	1565	1390	1556	2875
5	1480	1340	1290	2876
5	1481	1341	1340	2877
5	1439	1288	1292	2878
5	1438	1292	1291	2879
5	1803	1709	1739	2880
5	1738	1589	1673	2881
5	1445	1297	1444	2882
5	1500	1359	1308	2883
5	1442	1339	1338	2884
5	1479	1283	1339	2885
5	1591	1442	1441	2886
5	1479	1339	1442	2887
5	1478	1337	1296	2888
5	1598	1449	1597	2889
5	1445	1298	1297	2890
5	1501	1360	1359	2891
5	1646	1451	1599	2892
5	1499	1307	1451	2893
5	1599	1451	1450	2894
5	1500	1308	1499	2895
5	1580	1423	1422	2896
5	1577	1229	1419	2897
5	1451	1245	1450	2898
5	1499	1308	1307	2899
5	1794	1647	1793	2900
5	1804	1716	1791	2901
5	1451	1307	1245	2902
5	1501	1359	1500	2903
5	1599	1450	1523	2904
5	1543	1410	1540	2905
5	1452	1399	1358	2906
5	1452	1358	1357	2907
5	1676	1516	1656	2908
5	1608	1464	1463	2909
5	1562	1517	1397	2910
5	1455	1263	1454	2911
5	1607	1463	1459	2912
5	1492	1311	1455	2913
5	1471	1314	1470	2914
5	1471	1330	1314	2915
5	1495	1354	1275	2916
5	1496	1252	1355	2917
5	1561	1396	1405	2918
5	1604	1460	1537	2919
5	1461	1319	1460	2920
5	1465	1324	1323	2921
5	1461	1320	1319	2922
5	1462	1321	1320	2923
5	1609	1465	1464	2924
5	1462	1320	1461	2925
5	1607	1459	1606	2926
5	1676	1561	1516	2927
5	1611	1467	1466	2928
5	1613	1469	1468	2929
5	1612	1467	1611	2930
5	1465	1323	1464	2931
5	1610	1466	1465	2932
5	1466	1324	1465	2933
5	1606	1462	1605	2934
5	1469	1327	1468	2935
5	1605	1461	1604	2936
5	1469	1328	1327	2937
5	1537	1460	1458	2938
5	1750	1537	1699	2939
5	1640	1493	1639	2940
5	1757	1611	1610	2941
5	1473	1331	1472	2942
5	1472	1331	1330	2943
5	1615	1470	1517	2944
5	1617	1474	1616	2945
5	1636	1490	1635	2946
5	1474	1332	1473	2947
5	1762	1617	1616	2948
5	1582	1424	1427	2949
5	1475	1334	1474	2950
5	1475	1250	1334	2951
5	1606	1459	1462	2952
5	1605	1462	1461	2953
5	1477	1336	1335	2954
5	1486	1345	1485	2955
5	1751	1605	1604	2956
5	1621	1476	1539	2957
5	2080	1934	2079	2958
5	1585	1433	1432	2959
5	1588	1386	1435	2960
5	1650	1448	1502	2961
5	1481	1410	1341	2962
5	1481	1340	1480	2963
5	1543	1388	1410	2964
5	1648	1501	1500	2965
5	1484	1343	1483	2966
5	1485	1344	1484	2967
5	1629	1483	1628	2968
5	1631	1486	1485	2969
5	1628	1483	1482	2970
5	1486	1254	1345	2971
5	1774	1629	1628	2972
5	1486	1383	1254	2973
5	1780	1636	1635	2974
5	1634	1489	1488	2975
5	1562	1397	1428	2976
5	1490	1348	1489	2977
5	1633	1488	1487	2978
5	1491	1350	1349	2979
5	1633	1487	1632	2980
5	1615	1471	1470	2981
5	1752	1606	1605	2982
5	1491	1349	1490	2983
5	1773	1627	1772	2984
5	1621	1477	1476	2985
5	1760	1614	1613	2986
5	1493	1312	1492	2987
5	1601	1424	1582	2988
5	1494	1378	1353	2989
5	1860	1714	1700	2990
5	1616	1474	1473	2991
5	1570	1414	1394	2992
5	1496	1355	1495	2993
5	1807	1570	1653	2994
5	1786	1583	1731	2995
5	1533	1452	1387	2996
5	1498	1356	1497	2997
5	1645	1533	1387	2998
5	1643	1388	1543	2999
5	1649	1502	1501	3000
5	1502	1240	1360	3001
5	1648	1500	1647	3002
5	1569	1413	1568	3003
5	1558	1392	1391	3004
5	1502	1360	1501	3005
5	1524	1421	1365	3006
5	1564	1421	1524	3007
5	1814	1551	1696	3008
5	1515	1256	1393	3009
5	1519	1371	1227	3010
5	1849	1706	1687	3011
5	1505	1504	660	3012
5	1505	660	746	3013
5	1506	1068	863	3014
5	1506	1042	1379	3015
5	1584	1507	1431	3016
5	1541	1509	1373	3017
5	1809	1508	1662	3018
5	1546	1366	1545	3019
5	1584	1431	1430	3020
5	1509	1430	1373	3021
5	1510	1438	1386	3022
5	1588	1510	1386	3023
5	1685	1379	1529	3024
5	1556	1390	1389	3025
5	1810	1504	1505	3026
5	1687	1372	1512	3027
5	1513	1512	1436	3028
5	2136	1943	1816	3029
5	1590	1439	1589	3030
5	1735	1587	1525	3031
5	1559	1080	1515	3032
5	1689	1402	1559	3033
5	1516	1405	1376	3034
5	1867	1688	1723	3035
5	1997	1852	1669	3036
5	1506	1361	1068	3037
5	1695	1521	1367	3038
5	1691	1515	1393	3039
5	1956	1695	1853	3040
5	1951	1693	1848	3041
5	1520	1425	1370	3042
5	1812	1713	1743	3043
5	1948	1817	1818	3044
5	1578	1530	1084	3045
5	1541	1373	1383	3046
5	1522	1383	1486	3047
5	1523	1450	1446	3048
5	1594	1523	1446	3049
5	1593	1444	1569	3050
5	1564	1412	1400	3051
5	1587	1435	1434	3052
5	1588	1435	1587	3053
5	1526	1443	1377	3054
5	1575	1526	1377	3055
5	1527	932	1124	3056
5	1547	1362	1363	3057
5	1529	1266	1528	3058
5	1529	1379	1266	3059
5	1941	1692	1940	3060
5	1690	1361	1506	3061
5	1698	1420	1530	3062
5	1530	1420	1268	3063
5	1553	1370	1409	3064
5	1566	1384	1531	3065
5	1532	1427	1398	3066
5	1614	1535	1429	3067
5	1563	1399	1452	3068
5	1574	1418	1399	3069
5	1626	1540	1481	3070
5	1643	1497	1388	3071
5	1535	1532	1398	3072
5	1535	1398	1429	3073
5	1583	1396	1561	3074
5	1642	1496	1495	3075
5	1751	1604	1750	3076
5	1901	1756	1900	3077
5	1700	1538	1549	3078
5	1639	1493	1492	3079
5	1539	1476	1382	3080
5	1637	1382	1491	3081
5	1626	1480	1625	3082
5	1644	1498	1497	3083
5	1774	1628	1773	3084
5	1909	1765	1908	3085
5	1560	1376	1453	3086
5	1570	1394	1542	3087
5	1703	1543	1540	3088
5	1788	1643	1543	3089
5	1809	1364	1544	3090
5	1544	1364	849	3091
5	1858	1710	1709	3092
5	1545	1366	1264	3093
5	1817	1704	1705	3094
5	1818	1366	1546	3095
5	1527	1124	1372	3096
5	1819	1521	1695	3097
5	1567	1411	1375	3098
5	1579	1411	1567	3099
5	1549	1538	1378	3100
5	1549	1378	1494	3101
5	1853	1550	1697	3102
5	1691	1393	1521	3103
5	1551	1550	1265	3104
5	1551	1265	1406	3105
5	1557	1391	1381	3106
5	1596	1447	1595	3107
5	1741	1594	1593	3108
5	1659	1552	1520	3109
5	1554	1534	1385	3110
5	1554	1385	1440	3111
5	1735	1525	1680	3112
5	1910	1820	1734	3113
5	1944	1910	1912	3114
5	1799	1573	1722	3115
5	2023	1875	1874	3116
5	1850	1694	1708	3117
5	1712	1557	1711	3118
5	1711	1557	1552	3119
5	1660	1559	1515	3120
5	1691	1660	1515	3121
5	1600	1414	1570	3122
5	1656	1516	1560	3123
5	1583	1426	1396	3124
5	1641	1495	1426	3125
5	1824	1766	1782	3126
5	1900	1755	1899	3127
5	1770	1626	1625	3128
5	1574	1399	1563	3129
5	1822	1567	1721	3130
5	1729	1580	1579	3131
5	1680	1525	1586	3132
5	1736	1588	1587	3133
5	1566	1553	1409	3134
5	1566	1409	1384	3135
5	1720	1569	1568	3136
5	1718	1564	1524	3137
5	1719	1564	1718	3138
5	1594	1446	1445	3139
5	1742	1523	1594	3140
5	1712	1558	1557	3141
5	1600	1453	1414	3142
5	1600	1560	1453	3143
5	1577	1375	1229	3144
5	1701	1522	1681	3145
5	1822	1728	1567	3146
5	1576	1419	1572	3147
5	1688	1436	1417	3148
5	1826	1436	1688	3149
5	1797	1744	1597	3150
5	1575	1418	1574	3151
5	1675	1672	1534	3152
5	1882	1737	1736	3153
5	1576	1572	1403	3154
5	1576	1403	1221	3155
5	1727	1419	1576	3156
5	1667	1571	1374	3157
5	1945	1668	1547	3158
5	1668	1362	1547	3159
5	1775	1630	1629	3160
5	1720	1568	1719	3161
5	1887	1712	1711	3162
5	1581	1531	1369	3163
5	1713	1524	1596	3164
5	1670	1531	1654	3165
5	1601	1454	1424	3166
5	1638	1492	1455	3167
5	1807	1746	1570	3168
5	2072	1927	1876	3169
5	1727	1576	1663	3170
5	1729	1579	1728	3171
5	1623	1442	1591	3172
5	1624	1585	1432	3173
5	1820	1680	1734	3174
5	1930	1790	1789	3175
5	1829	1674	1742	3176
5	1716	1563	1533	3177
5	1830	1722	1565	3178
5	1717	1556	1710	3179
5	1590	1416	1439	3180
5	1589	1439	1438	3181
5	1709	1555	1514	3182
5	1880	1735	1680	3183
5	1623	1479	1442	3184
5	1624	1479	1623	3185
5	1592	1591	1441	3186
5	1592	1441	1478	3187
5	1932	1792	1839	3188
5	1594	1445	1593	3189
5	1793	1646	1792	3190
5	1745	1675	1554	3191
5	2012	1863	1958	3192
5	1596	1524	1365	3193
5	1741	1593	1740	3194
5	2078	1933	1932	3195
5	1598	1440	1449	3196
5	1597	1449	1448	3197
5	1890	1675	1745	3198
5	1724	1563	1716	3199
5	1646	1499	1451	3200
5	1649	1501	1648	3201
5	1876	1676	1800	3202
5	1891	1833	1747	3203
5	1748	1582	1678	3204
5	1602	1454	1601	3205
5	1784	1639	1638	3206
5	1638	1455	1602	3207
5	1603	1537	1458	3208
5	1603	1458	1457	3209
5	1677	1536	1661	3210
5	1612	1468	1467	3211
5	1759	1613	1612	3212
5	1753	1606	1752	3213
5	1758	1612	1611	3214
5	1609	1464	1608	3215
5	1677	1603	1536	3216
5	1610	1465	1609	3217
5	1755	1608	1754	3218
5	1613	1468	1612	3219
5	1785	1639	1784	3220
5	1749	1602	1601	3221
5	1761	1683	1535	3222
5	1611	1466	1610	3223
5	1759	1612	1758	3224
5	1614	1469	1613	3225
5	1755	1609	1608	3226
5	1614	1429	1469	3227
5	1699	1537	1603	3228
5	1841	1657	1785	3229
5	1904	1760	1759	3230
5	1678	1582	1532	3231
5	1619	1616	1473	3232
5	1620	1475	1617	3233
5	1619	1472	1618	3234
5	1632	1456	1620	3235
5	1781	1637	1636	3236
5	1632	1487	1456	3237
5	1619	1473	1472	3238
5	1618	1472	1471	3239
5	1753	1607	1606	3240
5	1715	1517	1562	3241
5	1777	1620	1765	3242
5	1682	1615	1679	3243
5	1775	1629	1774	3244
5	1631	1522	1486	3245
5	1622	1592	1478	3246
5	1622	1478	1443	3247
5	1767	1623	1591	3248
5	1769	1585	1624	3249
5	1768	1624	1623	3250
5	1989	1723	1799	3251
5	1626	1481	1480	3252
5	1625	1480	1437	3253
5	1937	1889	1744	3254
5	1725	1574	1724	3255
5	1702	1541	1701	3256
5	1629	1484	1483	3257
5	1681	1522	1631	3258
5	1921	1781	1780	3259
5	1776	1631	1630	3260
5	1778	1632	1777	3261
5	1772	1621	1766	3262
5	1631	1485	1630	3263
5	1879	1651	1733	3264
5	1732	1509	1702	3265
5	1773	1628	1627	3266
5	1635	1489	1634	3267
5	1682	1618	1615	3268
5	1765	1620	1617	3269
5	2099	1995	1957	3270
5	1637	1491	1636	3271
5	1772	1627	1621	3272
5	1637	1539	1382	3273
5	1779	1635	1634	3274
5	1781	1636	1780	3275
5	1765	1617	1762	3276
5	1777	1632	1620	3277
5	1908	1765	1762	3278
5	1639	1492	1638	3279
5	1679	1615	1517	3280
5	1640	1549	1494	3281
5	1763	1618	1682	3282
5	1700	1549	1657	3283
5	1661	1536	1642	3284
5	1642	1495	1641	3285
5	1699	1603	1677	3286
5	1787	1661	1642	3287
5	1934	1794	1933	3288
5	1644	1497	1643	3289
5	1724	1574	1563	3290
5	1645	1498	1644	3291
5	1832	1771	1770	3292
5	1726	1575	1725	3293
5	1792	1599	1674	3294
5	1796	1649	1795	3295
5	1797	1650	1796	3296
5	1650	1502	1649	3297
5	1931	1791	1790	3298
5	1650	1597	1448	3299
5	1675	1534	1554	3300
5	1711	1552	1659	3301
5	1719	1568	1564	3302
5	1796	1650	1649	3303
5	1651	1548	1507	3304
5	1733	1651	1507	3305
5	1665	1547	1363	3306
5	1652	1363	853	3307
5	1653	1570	1542	3308
5	2093	1857	1983	3309
5	1730	1581	1580	3310
5	1728	1579	1567	3311
5	1655	1546	1545	3312
5	1655	1545	1361	3313
5	1747	1600	1746	3314
5	1747	1560	1600	3315
5	1860	1700	1806	3316
5	1785	1640	1639	3317
5	1726	1671	1526	3318
5	1725	1575	1574	3319
5	1855	1701	1681	3320
5	1694	1520	1553	3321
5	1684	1401	1503	3322
5	2127	1997	1977	3323
5	1731	1561	1676	3324
5	1787	1642	1641	3325
5	1662	1508	886	3326
5	1662	886	1401	3327
5	1802	1571	1667	3328
5	1663	1576	1415	3329
5	1811	1696	1511	3330
5	1707	1529	1528	3331
5	1810	1505	1371	3332
5	1810	1371	1686	3333
5	1666	1658	1592	3334
5	1666	1592	1622	3335
5	1845	1727	1663	3336
5	1721	1567	1375	3337
5	1808	1519	1692	3338
5	1693	1530	1578	3339
5	1690	1655	1361	3340
5	1950	1687	1513	3341
5	1694	1659	1520	3342
5	1708	1566	1670	3343
5	1671	1666	1622	3344
5	1671	1622	1526	3345
5	1672	1625	1534	3346
5	1836	1788	1703	3347
5	1673	1589	1510	3348
5	1737	1673	1510	3349
5	1674	1599	1523	3350
5	1742	1674	1523	3351
5	1745	1598	1744	3352
5	1795	1649	1648	3353
5	1731	1583	1561	3354
5	1786	1641	1583	3355
5	1897	1752	1896	3356
5	1899	1754	1898	3357
5	1748	1601	1582	3358
5	1783	1638	1602	3359
5	1714	1538	1700	3360
5	1715	1679	1517	3361
5	1737	1588	1736	3362
5	1736	1587	1735	3363
5	1701	1541	1522	3364
5	1733	1584	1732	3365
5	1903	1759	1758	3366
5	1897	1753	1752	3367
5	1683	1678	1532	3368
5	1683	1532	1535	3369
5	2152	1977	1809	3370
5	1809	1544	1508	3371
5	1692	1519	1518	3372
5	1951	1854	1693	3373
5	1798	1692	1518	3374
5	1945	1848	1668	3375
5	1706	1664	1368	3376
5	2157	1867	1989	3377
5	1717	1565	1556	3378
5	1710	1556	1555	3379
5	2003	1844	1660	3380
5	1689	1503	1402	3381
5	1690	1506	1379	3382
5	1690	1379	1685	3383
5	1698	1511	1420	3384
5	1695	1367	1550	3385
5	1808	1686	1519	3386
5	1954	1685	1813	3387
5	1696	1551	1406	3388
5	1696	1406	1511	3389
5	1955	1842	1873	3390
5	2026	1651	1879	3391
5	1819	1691	1521	3392
5	1851	1691	1819	3393
5	1811	1511	1698	3394
5	1852	1528	1669	3395
5	2004	1697	1814	3396
5	1697	1550	1551	3397
5	1698	1530	1693	3398
5	1814	1697	1551	3399
5	1750	1604	1537	3400
5	1752	1605	1751	3401
5	1714	1562	1538	3402
5	1715	1562	1714	3403
5	1733	1507	1584	3404
5	1732	1584	1509	3405
5	1856	1701	1855	3406
5	1917	1774	1916	3407
5	1771	1626	1770	3408
5	1871	1671	1726	3409
5	1857	1653	1542	3410
5	1704	1542	1395	3411
5	1705	1704	1395	3412
5	1705	1395	1366	3413
5	1706	1527	1372	3414
5	1706	1372	1687	3415
5	1798	1518	1664	3416
5	1813	1685	1529	3417
5	1708	1694	1553	3418
5	1708	1553	1566	3419
5	1739	1590	1738	3420
5	1739	1514	1590	3421
5	1866	1717	1710	3422
5	2087	1799	1991	3423
5	1743	1595	1712	3424
5	1718	1524	1713	3425
5	1932	1793	1792	3426
5	1712	1595	1558	3427
5	1743	1596	1595	3428
5	1865	1719	1864	3429
5	2056	1909	1908	3430
5	1908	1762	1838	3431
5	1861	1714	1860	3432
5	2053	1906	1905	3433
5	1789	1643	1788	3434
5	1790	1645	1644	3435
5	1799	1723	1573	3436
5	1723	1417	1573	3437
5	2034	1865	2013	3438
5	1740	1593	1569	3439
5	1913	1703	1771	3440
5	1740	1569	1720	3441
5	2196	2050	2195	3442
5	1885	1720	1865	3443
5	1801	1548	1651	3444
5	2007	1855	2006	3445
5	2015	1858	2014	3446
5	1813	1529	1707	3447
5	2088	1513	2016	3448
5	1867	1826	1688	3449
5	1868	1724	1716	3450
5	1726	1526	1575	3451
5	2032	1884	1835	3452
5	2030	1882	2029	3453
5	1870	1726	1725	3454
5	1871	1828	1671	3455
5	1998	1802	1972	3456
5	1727	1577	1419	3457
5	1873	1842	1654	3458
5	1730	1580	1729	3459
5	1823	1659	1694	3460
5	1730	1654	1581	3461
5	2002	1843	2001	3462
5	2160	2001	2089	3463
5	1902	1757	1901	3464
5	1846	1677	1661	3465
5	1877	1732	1702	3466
5	2025	1878	1877	3467
5	1855	1681	1837	3468
5	1845	1663	1802	3469
5	1734	1680	1586	3470
5	1734	1586	1585	3471
5	2028	1880	1964	3472
5	1737	1510	1588	3473
5	1884	1739	1738	3474
5	1883	1835	1673	3475
5	1880	1680	1820	3476
5	1821	1767	1658	3477
5	1739	1709	1514	3478
5	1738	1590	1589	3479
5	1858	1709	1803	3480
5	1830	1565	1717	3481
5	1831	1711	1659	3482
5	1831	1659	1823	3483
5	1874	1729	1728	3484
5	1742	1594	1741	3485
5	1839	1674	1829	3486
5	1743	1713	1596	3487
5	1935	1795	1934	3488
5	1863	1713	1812	3489
5	1745	1554	1598	3490
5	1744	1598	1597	3491
5	1839	1792	1674	3492
5	1933	1793	1932	3493
5	1747	1656	1560	3494
5	1896	1751	1895	3495
5	2016	1513	1826	3496
5	1928	1827	1787	3497
5	1896	1752	1751	3498
5	1749	1601	1748	3499
5	2071	1926	1925	3500
5	1783	1602	1749	3501
5	1895	1750	1894	3502
5	1898	1754	1753	3503
5	1894	1699	1815	3504
5	1754	1608	1607	3505
5	1895	1751	1750	3506
5	1756	1610	1609	3507
5	2240	1866	2100	3508
5	1846	1661	1827	3509
5	1927	1731	1876	3510
5	1757	1610	1756	3511
5	1928	1787	1786	3512
5	1760	1613	1759	3513
5	1892	1748	1678	3514
5	1924	1783	1749	3515
5	1834	1678	1683	3516
5	1758	1611	1757	3517
5	1905	1761	1760	3518
5	1761	1614	1760	3519
5	1902	1758	1757	3520
5	1761	1535	1614	3521
5	1898	1753	1897	3522
5	1894	1750	1699	3523
5	2090	2040	1962	3524
5	1841	1806	1657	3525
5	1764	1619	1763	3526
5	1764	1616	1619	3527
5	1764	1762	1616	3528
5	1763	1619	1618	3529
5	1906	1834	1683	3530
5	2009	1860	1963	3531
5	1838	1762	1764	3532
5	1779	1634	1633	3533
5	1766	1621	1539	3534
5	1782	1637	1781	3535
5	1964	1880	1820	3536
5	1769	1624	1768	3537
5	2170	2020	2169	3538
5	1769	1734	1585	3539
5	1805	1658	1666	3540
5	1821	1658	1805	3541
5	1771	1540	1626	3542
5	1771	1703	1540	3543
5	1966	1840	1890	3544
5	1937	1797	1936	3545
5	1918	1775	1917	3546
5	1914	1766	1824	3547
5	1856	1702	1701	3548
5	1776	1630	1775	3549
5	2063	1918	2062	3550
5	2059	1915	1914	3551
5	2197	2052	2051	3552
5	1776	1681	1631	3553
5	2064	1968	1919	3554
5	1919	1777	1909	3555
5	1778	1633	1632	3556
5	1779	1633	1778	3557
5	1922	1778	1919	3558
5	1837	1681	1776	3559
5	1782	1766	1539	3560
5	1780	1635	1779	3561
5	1918	1837	1776	3562
5	1782	1539	1637	3563
5	1907	1763	1825	3564
5	2059	1914	1967	3565
5	1878	1732	1877	3566
5	1914	1772	1766	3567
5	1926	1785	1784	3568
5	1784	1638	1783	3569
5	1825	1763	1682	3570
5	1785	1657	1640	3571
5	1862	1847	1679	3572
5	1920	1780	1779	3573
5	2072	1876	1946	3574
5	1787	1641	1786	3575
5	2093	2008	1857	3576
5	2133	1983	1817	3577
5	1789	1644	1643	3578
5	1791	1533	1645	3579
5	1869	1724	1868	3580
5	1790	1644	1789	3581
5	1911	1767	1821	3582
5	1791	1716	1533	3583
5	1884	1738	1835	3584
5	1868	1716	1804	3585
5	1793	1647	1646	3586
5	1794	1648	1647	3587
5	1929	1788	1836	3588
5	1832	1672	1840	3589
5	1864	1718	1863	3590
5	1795	1648	1794	3591
5	2082	1937	1936	3592
5	1797	1597	1650	3593
5	2081	1936	1935	3594
5	1865	1720	1719	3595
5	1863	1718	1713	3596
5	1840	1672	1675	3597
5	1954	1690	1685	3598
5	1816	1655	1690	3599
5	1866	1710	1858	3600
5	1835	1738	1673	3601
5	1800	1676	1656	3602
5	2193	2047	2192	3603
5	1873	1654	1730	3604
5	2174	2027	2025	3605
5	1972	1802	1667	3606
5	2095	1969	2036	3607
5	1884	1803	1739	3608
5	2033	2014	1803	3609
5	2228	2101	2110	3610
5	1929	1789	1788	3611
5	1985	1821	1960	3612
5	2096	1944	1959	3613
5	1806	1700	1657	3614
5	1988	1957	1825	3615
5	1891	1747	1746	3616
5	2074	1827	1928	3617
5	1854	1698	1693	3618
5	1854	1811	1698	3619
5	1977	1669	1809	3620
5	1809	1669	1364	3621
5	1978	1810	1686	3622
5	2147	1810	1978	3623
5	1942	1811	1854	3624
5	1979	1696	1811	3625
5	1888	1743	1712	3626
5	1842	1670	1654	3627
5	2128	1814	1979	3628
5	1853	1695	1550	3629
5	2416	2244	2415	3630
5	1982	1547	1665	3631
5	1815	1699	1677	3632
5	1827	1661	1787	3633
5	1952	1686	1808	3634
5	1984	1503	1939	3635
5	2084	1717	1866	3636
5	1857	1542	1704	3637
5	1818	1817	1705	3638
5	1818	1705	1366	3639
5	1939	1689	1844	3640
5	1844	1559	1660	3641
5	2316	2175	2121	3642
5	1911	1768	1767	3643
5	1910	1734	1769	3644
5	2169	2019	2168	3645
5	1879	1733	1878	3646
5	1998	1845	1802	3647
5	1888	1712	1887	3648
5	1887	1711	1831	3649
5	1923	1782	1781	3650
5	1923	1781	1921	3651
5	1995	1907	1957	3652
5	2345	2207	2206	3653
5	1989	1867	1723	3654
5	1826	1513	1436	3655
5	1846	1815	1677	3656
5	1990	1815	1846	3657
5	1828	1805	1666	3658
5	1828	1666	1671	3659
5	1886	1741	1740	3660
5	1885	1740	1720	3661
5	2084	1830	1717	3662
5	1991	1722	1830	3663
5	2301	2155	2173	3664
5	2026	1801	1651	3665
5	2168	2018	2091	3666
5	1931	1790	1930	3667
5	1833	1800	1656	3668
5	1833	1656	1747	3669
5	2050	1902	2049	3670
5	1892	1678	1834	3671
5	1881	1735	1880	3672
5	1881	1736	1735	3673
5	1832	1770	1672	3674
5	1974	1965	1804	3675
5	1915	1772	1914	3676
5	1916	1774	1773	3677
5	2068	1921	2065	3678
5	1909	1777	1765	3679
5	1936	1797	1796	3680
5	2078	1932	1938	3681
5	1890	1745	1889	3682
5	1935	1796	1795	3683
5	1893	1748	1892	3684
5	1925	1784	1783	3685
5	1843	1708	1670	3686
5	1850	1823	1694	3687
5	2037	1887	1831	3688
5	1850	1708	1843	3689
5	2131	1854	1951	3690
5	1939	1503	1689	3691
5	1987	1874	1728	3692
5	1872	1577	1727	3693
5	2044	1897	1896	3694
5	2047	1900	1899	3695
5	1847	1825	1682	3696
5	1847	1682	1679	3697
5	1848	1693	1578	3698
5	1848	1578	1668	3699
5	2041	1815	1990	3700
5	2295	2148	1980	3701
5	2182	2035	2181	3702
5	2001	1842	1955	3703
5	2305	2127	2152	3704
5	1851	1660	1691	3705
5	1979	1811	1942	3706
5	1979	1814	1696	3707
5	2104	1956	1853	3708
5	2105	1851	2005	3709
5	1941	1808	1692	3710
5	1943	1655	1816	3711
5	1972	1667	1801	3712
5	1877	1702	1856	3713
5	2371	2265	2425	3714
5	2025	1877	1961	3715
5	2151	1746	1807	3716
5	2106	1971	1891	3717
5	1940	1692	1798	3718
5	2270	1989	2087	3719
5	1859	1829	1742	3720
5	1859	1742	1741	3721
5	1861	1715	1714	3722
5	1862	1679	1715	3723
5	2069	1893	2040	3724
5	1862	1715	1861	3725
5	2165	2163	2011	3726
5	2349	2123	2236	3727
5	1864	1719	1718	3728
5	1886	1740	1885	3729
5	2287	2160	2286	3730
5	1969	1829	1859	3731
5	2114	2078	1938	3732
5	1886	1859	1741	3733
5	2031	1835	1883	3734
5	2015	1866	1858	3735
5	2135	1953	2086	3736
5	1950	1849	1687	3737
5	1869	1725	1724	3738
5	1870	1725	1869	3739
5	2225	2080	2224	3740
5	2020	1871	1870	3741
5	2175	2028	2121	3742
5	1871	1726	1870	3743
5	1975	1960	1805	3744
5	2058	1993	1913	3745
5	2022	1872	1999	3746
5	1872	1721	1577	3747
5	1875	1729	1874	3748
5	2116	2012	1958	3749
5	1875	1730	1729	3750
5	1875	1873	1730	3751
5	1992	1831	1823	3752
5	2001	1843	1842	3753
5	1927	1786	1731	3754
5	1928	1786	1927	3755
5	1878	1733	1732	3756
5	1999	1872	1845	3757
5	2006	1855	1837	3758
5	2234	1987	2145	3759
5	2055	1838	1995	3760
5	1987	1728	1822	3761
5	1883	1737	1882	3762
5	1882	1736	1881	3763
5	1974	1804	1931	3764
5	1883	1673	1737	3765
5	2299	2154	2153	3766
5	2360	2223	2282	3767
5	1975	1805	1828	3768
5	1986	1910	1944	3769
5	2141	1986	2098	3770
5	2029	1882	1881	3771
5	2108	1958	1973	3772
5	2012	1864	1863	3773
5	2204	2058	2203	3774
5	2222	2077	2076	3775
5	1995	1838	1907	3776
5	1888	1812	1743	3777
5	2160	2002	2001	3778
5	2116	1958	2108	3779
5	1890	1840	1675	3780
5	1889	1745	1744	3781
5	2076	1929	2075	3782
5	1993	1836	1913	3783
5	2179	2033	2113	3784
5	2245	2151	2008	3785
5	1893	1749	1748	3786
5	1926	1784	1925	3787
5	1988	1825	1847	3788
5	1924	1749	1893	3789
5	2043	1895	2042	3790
5	2042	1894	2041	3791
5	2049	1901	2048	3792
5	1900	1756	1755	3793
5	2047	1899	2046	3794
5	2073	1927	2072	3795
5	2119	1990	2000	3796
5	1901	1757	1756	3797
5	2073	1928	1927	3798
5	1905	1760	1904	3799
5	2041	1894	1815	3800
5	2043	1896	1895	3801
5	2042	1895	1894	3802
5	1903	1758	1902	3803
5	2052	1905	1904	3804
5	1904	1759	1903	3805
5	2048	1900	2047	3806
5	2045	1897	2044	3807
5	2045	1898	1897	3808
5	1906	1761	1905	3809
5	2215	2124	2071	3810
5	1906	1683	1761	3811
5	2192	2047	2046	3812
5	2009	1861	1860	3813
5	2194	2049	2048	3814
5	2040	1892	1962	3815
5	1907	1838	1764	3816
5	1907	1764	1763	3817
5	1921	1780	1920	3818
5	1919	1778	1777	3819
5	2011	1847	1862	3820
5	2342	2201	2260	3821
5	1912	1768	1911	3822
5	2280	2015	2178	3823
5	1912	1769	1768	3824
5	1912	1910	1769	3825
5	1913	1836	1703	3826
5	1913	1771	1832	3827
5	2018	1869	1868	3828
5	1965	1868	1804	3829
5	1915	1773	1772	3830
5	1917	1775	1774	3831
5	2122	2059	1967	3832
5	1916	1773	1915	3833
5	2208	2063	2062	3834
5	1918	1776	1775	3835
5	2007	1961	1856	3836
5	2007	1856	1855	3837
5	2064	1919	1909	3838
5	2062	1917	2061	3839
5	2050	1903	1902	3840
5	1963	1860	1806	3841
5	1968	1922	1919	3842
5	2063	2006	1837	3843
5	2211	2107	2065	3844
5	1923	1824	1782	3845
5	1922	1920	1779	3846
5	1922	1779	1778	3847
5	2066	1922	1968	3848
5	2207	2061	2206	3849
5	2040	1893	1892	3850
5	1925	1783	1924	3851
5	2213	2069	2040	3852
5	1926	1841	1785	3853
5	2051	1904	1903	3854
5	2044	1896	2043	3855
5	2046	1899	1898	3856
5	2049	1902	1901	3857
5	2117	1946	1970	3858
5	2028	1881	1880	3859
5	2079	1933	2078	3860
5	1930	1789	1929	3861
5	2058	1832	2057	3862
5	1931	1804	1791	3863
5	2057	1840	1966	3864
5	2283	2115	2142	3865
5	1933	1794	1793	3866
5	1934	1795	1794	3867
5	2238	2114	2125	3868
5	1936	1796	1935	3869
5	2077	1930	2076	3870
5	2081	1935	2080	3871
5	2035	1885	2034	3872
5	1937	1744	1797	3873
5	2111	2057	1966	3874
5	2037	1831	1992	3875
5	2036	1859	1886	3876
5	1969	1947	1829	3877
5	1938	1932	1839	3878
5	2126	1969	2095	3879
5	2146	1852	1997	3880
5	2152	1662	1684	3881
5	1943	1546	1655	3882
5	2239	2085	2129	3883
5	2245	2008	2093	3884
5	2128	2004	1814	3885
5	1956	1819	1695	3886
5	2104	2005	1956	3887
5	2129	1546	1943	3888
5	1991	1799	1722	3889
5	1985	1959	1911	3890
5	2224	2079	2223	3891
5	2131	1942	1854	3892
5	2132	1848	1945	3893
5	1946	1876	1800	3894
5	1983	1857	1704	3895
5	1947	1938	1839	3896
5	1947	1839	1829	3897
5	2241	2093	1983	3898
5	1983	1704	1817	3899
5	1949	1948	1818	3900
5	1949	1818	1546	3901
5	2086	1849	1950	3902
5	1953	1706	1849	3903
5	2293	2097	1940	3904
5	2134	1808	1941	3905
5	2149	1978	1952	3906
5	1978	1686	1952	3907
5	2135	1940	1798	3908
5	1953	1798	1664	3909
5	2550	2304	2380	3910
5	1954	1816	1690	3911
5	2024	1875	2023	3912
5	2024	1873	1875	3913
5	2103	1844	2003	3914
5	2097	1941	1940	3915
5	1957	1907	1825	3916
5	2243	2138	2163	3917
5	1958	1863	1812	3918
5	2038	1888	1887	3919
5	1959	1944	1912	3920
5	1959	1912	1911	3921
5	1985	1911	1821	3922
5	1960	1821	1805	3923
5	1961	1877	1856	3924
5	2144	2026	1879	3925
5	1962	1892	1834	3926
5	2054	1962	1834	3927
5	2199	2053	2198	3928
5	2070	1925	1924	3929
5	2177	2030	2176	3930
5	2112	2032	2031	3931
5	2021	1975	1828	3932
5	2018	1868	1965	3933
5	2220	1993	2204	3934
5	2083	1937	2082	3935
5	1967	1914	1824	3936
5	2208	2062	2207	3937
5	2065	1921	1920	3938
5	2067	1824	1923	3939
5	2013	1864	2012	3940
5	2035	1886	1885	3941
5	1970	1946	1800	3942
5	1970	1800	1833	3943
5	1971	1970	1833	3944
5	1971	1833	1891	3945
5	2144	1879	2027	3946
5	2145	1987	1822	3947
5	1973	1958	1812	3948
5	1973	1812	1888	3949
5	2075	1836	1993	3950
5	2076	1930	1929	3951
5	2019	1869	2018	3952
5	2019	1870	1869	3953
5	1976	1963	1806	3954
5	1976	1806	1841	3955
5	1997	1669	1977	3956
5	2244	2127	2229	3957
5	1982	1945	1547	3958
5	2150	1945	1982	3959
5	2005	1851	1819	3960
5	2004	1853	1697	3961
5	2148	2136	1954	3962
5	1980	1813	1707	3963
5	1981	1980	1707	3964
5	1981	1707	1852	3965
5	2296	2289	2149	3966
5	2134	1952	1808	3967
5	2379	2167	2233	3968
5	2008	1653	1857	3969
5	2152	1684	1984	3970
5	1984	1684	1503	3971
5	2220	2075	1993	3972
5	2221	2076	2075	3973
5	1986	1964	1820	3974
5	1986	1820	1910	3975
5	2185	2108	1973	3976
5	2375	2370	2262	3977
5	2010	1861	2009	3978
5	2010	1862	1861	3979
5	2217	2072	1946	3980
5	2157	2017	1867	3981
5	2074	1928	2073	3982
5	2217	1946	2117	3983
5	2113	2032	2112	3984
5	2008	1807	1653	3985
5	2038	1973	1888	3986
5	2038	1887	2037	3987
5	2075	1929	1836	3988
5	2077	1931	1930	3989
5	1994	1976	1841	3990
5	1994	1841	1926	3991
5	2055	1908	1838	3992
5	2064	1909	2056	3993
5	1996	1992	1823	3994
5	1996	1823	1850	3995
5	2103	1939	1844	3996
5	2003	1660	1851	3997
5	2022	1822	1721	3998
5	1999	1845	1998	3999
5	2172	1999	2159	4000
5	2022	1721	1872	4001
5	2000	1990	1846	4002
5	2000	1846	1827	4003
5	2002	1850	1843	4004
5	2002	1996	1850	4005
5	2320	2166	2310	4006
5	2161	2102	1996	4007
5	2128	1979	1942	4008
5	2005	1819	1956	4009
5	2369	1941	2097	4010
5	2147	1652	1810	4011
5	2105	2003	1851	4012
5	2684	2517	2518	4013
5	2060	1915	2059	4014
5	2061	1917	1916	4015
5	2212	2068	2107	4016
5	2422	2260	2276	4017
5	2249	2087	1991	4018
5	2084	1991	1830	4019
5	2202	2055	2201	4020
5	2011	1862	2010	4021
5	2213	2040	2090	4022
5	2011	1988	1847	4023
5	2092	2009	1963	4024
5	2371	2308	2250	4025
5	2013	1865	1864	4026
5	2034	1885	1865	4027
5	2185	1973	2038	4028
5	2036	1886	2035	4029
5	2100	1866	2015	4030
5	2014	1858	1803	4031
5	2033	1884	2032	4032
5	2240	2084	1866	4033
5	2136	1816	1954	4034
5	2135	1798	1953	4035
5	2017	2016	1826	4036
5	2017	1826	1867	4037
5	2021	1871	2020	4038
5	2020	1870	2019	4039
5	2154	1959	1985	4040
5	2021	1828	1871	4041
5	2098	1944	2096	4042
5	2121	2028	1964	4043
5	2450	2311	2372	4044
5	2203	2057	2111	4045
5	2109	1801	2026	4046
5	2109	1972	1801	4047
5	2027	1878	2025	4048
5	2024	1955	1873	4049
5	2102	1992	1996	4050
5	2324	2184	2183	4051
5	2314	2246	2172	4052
5	2253	1972	2109	4053
5	2159	1999	1998	4054
5	2027	1879	1878	4055
5	2166	2012	2116	4056
5	2183	2037	1992	4057
5	2031	1883	2030	4058
5	2030	1883	1882	4059
5	2153	1960	2130	4060
5	2171	1975	2021	4061
5	2168	2019	2018	4062
5	2032	1835	2031	4063
5	2098	1986	1944	4064
5	2255	2113	2254	4065
5	2033	1803	1884	4066
5	2268	2141	2098	4067
5	2176	2029	2175	4068
5	2176	2030	2029	4069
5	2373	2256	2283	4070
5	2363	2226	2362	4071
5	2273	2228	2110	4072
5	2036	1969	1859	4073
5	2362	2225	2361	4074
5	2223	2078	2114	4075
5	2156	2023	1874	4076
5	2205	2060	2059	4077
5	2374	2263	2350	4078
5	2856	2731	2765	4079
5	2039	1966	1890	4080
5	2039	1890	1889	4081
5	2069	1924	1893	4082
5	2071	1925	2070	4083
5	2188	2042	2187	4084
5	2189	2043	2188	4085
5	2186	1990	2119	4086
5	2046	1898	2045	4087
5	2190	2045	2044	4088
5	2336	2195	2194	4089
5	2218	2072	2217	4090
5	2048	1901	1900	4091
5	2186	2041	1990	4092
5	2195	2049	2194	4093
5	2187	2041	2186	4094
5	2053	1905	2052	4095
5	2187	2042	2041	4096
5	2188	2043	2042	4097
5	2190	2044	2189	4098
5	2051	1903	2050	4099
5	2199	2054	2053	4100
5	2052	1904	2051	4101
5	2198	2052	2197	4102
5	2192	2046	2191	4103
5	2189	2044	2043	4104
5	2054	1906	2053	4105
5	2196	2051	2050	4106
5	2054	1834	1906	4107
5	2140	2092	1963	4108
5	2352	2213	2351	4109
5	2164	2009	2092	4110
5	2164	2010	2009	4111
5	2210	2064	2056	4112
5	2056	1908	2055	4113
5	2236	2123	2200	4114
5	2165	2010	2164	4115
5	2058	1913	1832	4116
5	2057	1832	1840	4117
5	2115	1966	2039	4118
5	2223	2079	2078	4119
5	2060	1916	1915	4120
5	2063	1837	1918	4121
5	2062	1918	1917	4122
5	2061	1916	2060	4123
5	2303	2094	2262	4124
5	2346	2207	2345	4125
5	2285	2143	2261	4126
5	2139	1961	2007	4127
5	2139	2094	1961	4128
5	2205	2059	2122	4129
5	2201	1995	2099	4130
5	2206	2060	2205	4131
5	2285	2122	2143	4132
5	2067	1967	1824	4133
5	2066	2065	1920	4134
5	2066	1920	1922	4135
5	2107	2068	2065	4136
5	2201	2055	1995	4137
5	2068	2067	1923	4138
5	2068	1923	1921	4139
5	2090	2054	2199	4140
5	2070	1924	2069	4141
5	2419	2144	2315	4142
5	2071	1994	1926	4143
5	2448	2308	2371	4144
5	2475	2336	2474	4145
5	2191	2045	2190	4146
5	2074	2000	1827	4147
5	2219	2073	2218	4148
5	2266	1971	2106	4149
5	2331	2189	2330	4150
5	2194	2048	2193	4151
5	2299	2153	2298	4152
5	2627	2494	2502	4153
5	2171	2130	1975	4154
5	2077	1974	1931	4155
5	2377	2274	2300	4156
5	2298	2153	2130	4157
5	2079	1934	1933	4158
5	2080	1935	1934	4159
5	2180	2034	2013	4160
5	2083	1889	1937	4161
5	2183	1992	2102	4162
5	2166	2013	2012	4163
5	2115	2111	1966	4164
5	2082	1936	2081	4165
5	2227	2142	2083	4166
5	2083	2039	1889	4167
5	2343	2203	2111	4168
5	2226	2081	2225	4169
5	2085	1948	1949	4170
5	2086	1953	1849	4171
5	2270	2157	1989	4172
5	2087	1989	1799	4173
5	2167	2088	2016	4174
5	2369	2134	1941	4175
5	2151	1807	2008	4176
5	2133	1817	1948	4177
5	2386	2135	2086	4178
5	2088	1950	1513	4179
5	2089	2001	1955	4180
5	2155	2089	1955	4181
5	2330	2188	2329	4182
5	2337	2196	2195	4183
5	2091	2018	1965	4184
5	2237	2130	2171	4185
5	2140	1976	2120	4186
5	2215	2071	2070	4187
5	2271	2086	1950	4188
5	2429	2271	2304	4189
5	2094	2025	1961	4190
5	2478	2272	2339	4191
5	2182	2036	2035	4192
5	2181	2035	2034	4193
5	2154	2096	1959	4194
5	2130	1960	1975	4195
5	2167	2016	2017	4196
5	2148	1813	1980	4197
5	2275	2141	2268	4198
5	2496	2361	2360	4199
5	2696	2564	2520	4200
5	2341	2200	2210	4201
5	2178	2015	2014	4202
5	2555	2432	2280	4203
5	2101	2091	1965	4204
5	2101	1965	1974	4205
5	2161	2002	2160	4206
5	2324	2183	2251	4207
5	2388	2148	2295	4208
5	2278	2003	2105	4209
5	2384	2105	2277	4210
5	2104	1853	2004	4211
5	2152	1809	1662	4212
5	2158	1939	2103	4213
5	2113	2033	2032	4214
5	2279	2119	2216	4215
5	2211	2066	2123	4216
5	2202	2056	2055	4217
5	2184	2037	2183	4218
5	2306	2102	2161	4219
5	2314	2159	2253	4220
5	2145	1822	2022	4221
5	2110	2101	1974	4222
5	2110	1974	2077	4223
5	2203	2058	2057	4224
5	2204	1993	2058	4225
5	2280	2100	2015	4226
5	2318	2254	2112	4227
5	2255	2179	2113	4228
5	2266	2118	1971	4229
5	2226	2082	2081	4230
5	2282	2114	2238	4231
5	2273	2110	2222	4232
5	2256	2111	2115	4233
5	2180	2013	2166	4234
5	2181	2034	2180	4235
5	2317	2175	2316	4236
5	2457	2319	2385	4237
5	2118	2117	1970	4238
5	2118	1970	1971	4239
5	2219	2074	2073	4240
5	2334	2193	2192	4241
5	2140	1963	1976	4242
5	2120	1976	1994	4243
5	2175	2029	2028	4244
5	2177	2031	2030	4245
5	2462	2324	2398	4246
5	2345	2205	2230	4247
5	2211	2065	2066	4248
5	2123	2066	1968	4249
5	2124	2120	1994	4250
5	2124	1994	2071	4251
5	2125	2114	1938	4252
5	2125	1938	1947	4253
5	2126	2125	1947	4254
5	2126	1947	1969	4255
5	2303	2174	2094	4256
5	2383	2277	2104	4257
5	2296	2149	2290	4258
5	2277	2005	2104	4259
5	2129	2085	1949	4260
5	2129	1949	1546	4261
5	2153	1985	1960	4262
5	2154	1985	2153	4263
5	2289	2147	2149	4264
5	2290	2149	1952	4265
5	2291	2131	1951	4266
5	2132	1951	1848	4267
5	2292	2133	1948	4268
5	2249	1991	2084	4269
5	2150	2132	1945	4270
5	2149	2147	1978	4271
5	2386	2086	2378	4272
5	2417	2383	2247	4273
5	2518	2388	2295	4274
5	2504	2408	2409	4275
5	2148	1954	1813	4276
5	2137	1980	1981	4277
5	2138	2099	1957	4278
5	2138	1957	1988	4279
5	2209	2006	2063	4280
5	2207	2062	2061	4281
5	2338	2197	2196	4282
5	2340	2199	2272	4283
5	2141	2121	1964	4284
5	2141	1964	1986	4285
5	2142	2115	2039	4286
5	2142	2039	2083	4287
5	2143	2122	1967	4288
5	2143	1967	2067	4289
5	2174	2025	2094	4290
5	2155	1955	2024	4291
5	2156	1874	1987	4292
5	2172	2022	1999	4293
5	2416	2137	1981	4294
5	2146	1981	1852	4295
5	2147	1982	1665	4296
5	2147	1665	1652	4297
5	2295	1980	2137	4298
5	2652	2544	2387	4299
5	2417	2248	2391	4300
5	2247	2104	2004	4301
5	2391	2248	2128	4302
5	2291	1951	2132	4303
5	2297	1891	2151	4304
5	2151	1891	1746	4305
5	2158	1984	1939	4306
5	2152	2127	1977	4307
5	2267	2101	2228	4308
5	2317	2176	2175	4309
5	2298	2130	2237	4310
5	2311	2169	2168	4311
5	2368	2258	2156	4312
5	2262	2094	2139	4313
5	2345	2206	2205	4314
5	2234	2156	1987	4315
5	2242	1943	2136	4316
5	2271	1950	2088	4317
5	2305	1984	2158	4318
5	2305	2152	1984	4319
5	2172	2145	2022	4320
5	2723	2453	2540	4321
5	2161	1996	2002	4322
5	2320	2180	2166	4323
5	2277	2105	2005	4324
5	2288	2128	1942	4325
5	2162	2139	2007	4326
5	2162	2007	2006	4327
5	2163	2138	1988	4328
5	2163	1988	2011	4329
5	2165	2011	2010	4330
5	2422	2276	2394	4331
5	2335	2193	2334	4332
5	2307	2163	2165	4333
5	2310	2116	2309	4334
5	2449	2322	2320	4335
5	2438	2241	2133	4336
5	2292	1948	2085	4337
5	2169	2020	2019	4338
5	2170	2021	2020	4339
5	2644	2585	2511	4340
5	2316	2121	2275	4341
5	2358	2221	2220	4342
5	2171	2021	2170	4343
5	2358	2220	2357	4344
5	2360	2224	2223	4345
5	2314	2172	2159	4346
5	2252	2026	2144	4347
5	2173	2155	2024	4348
5	2173	2024	2023	4349
5	2258	2023	2156	4350
5	2433	2261	2423	4351
5	2411	2228	2273	4352
5	2443	2298	2396	4353
5	2318	2112	2177	4354
5	2275	2121	2141	4355
5	2319	2176	2317	4356
5	2177	2112	2031	4357
5	2284	2179	2255	4358
5	2505	2266	2397	4359
5	2179	2178	2014	4360
5	2179	2014	2033	4361
5	2326	2108	2185	4362
5	2364	2283	2142	4363
5	2418	2398	2251	4364
5	2182	2095	2036	4365
5	2322	2180	2320	4366
5	2325	2184	2324	4367
5	2184	2038	2037	4368
5	2185	2038	2184	4369
5	2462	2325	2324	4370
5	2309	2116	2108	4371
5	2326	2309	2108	4372
5	2446	2286	2435	4373
5	2330	2189	2188	4374
5	2329	2187	2328	4375
5	2475	2337	2336	4376
5	2193	2048	2047	4377
5	2430	2275	2268	4378
5	2441	2397	2106	4379
5	2327	2186	2119	4380
5	2191	2046	2045	4381
5	2336	2194	2335	4382
5	2334	2192	2333	4383
5	2328	2187	2186	4384
5	2329	2188	2187	4385
5	2331	2190	2189	4386
5	2197	2051	2196	4387
5	2351	2090	2340	4388
5	2195	2050	2049	4389
5	2272	2199	2198	4390
5	2339	2198	2197	4391
5	2339	2197	2338	4392
5	2198	2053	2052	4393
5	2337	2195	2336	4394
5	2332	2191	2190	4395
5	2352	2214	2213	4396
5	2090	1962	2054	4397
5	2404	2259	2376	4398
5	2214	2070	2069	4399
5	2484	2403	2341	4400
5	2250	2164	2092	4401
5	2200	2123	1968	4402
5	2200	1968	2064	4403
5	2260	2201	2099	4404
5	2210	2056	2202	4405
5	2341	2236	2200	4406
5	2210	2200	2064	4407
5	2498	2363	2362	4408
5	2221	2075	2220	4409
5	2480	2344	2343	4410
5	2222	2110	2077	4411
5	2206	2061	2060	4412
5	2209	2063	2208	4413
5	2424	2173	2258	4414
5	2287	2161	2160	4415
5	2615	2481	2506	4416
5	2209	2162	2006	4417
5	2231	2139	2162	4418
5	2485	2350	2349	4419
5	2483	2348	2342	4420
5	2350	2211	2349	4421
5	2448	2307	2308	4422
5	2276	2138	2243	4423
5	2342	2202	2201	4424
5	2556	2402	2482	4425
5	2212	2143	2067	4426
5	2212	2067	2068	4427
5	2259	2120	2124	4428
5	2214	2069	2213	4429
5	2352	2264	2215	4430
5	2215	2070	2214	4431
5	2508	2376	2488	4432
5	2332	2190	2331	4433
5	2216	2119	2000	4434
5	2216	2000	2074	4435
5	2218	2073	2072	4436
5	2327	2119	2279	4437
5	2766	2644	2694	4438
5	2355	2216	2219	4439
5	2328	2186	2327	4440
5	2219	2216	2074	4441
5	2497	2362	2361	4442
5	2421	2255	2254	4443
5	2311	2168	2235	4444
5	2222	2076	2221	4445
5	2235	2168	2091	4446
5	2412	2235	2267	4447
5	2224	2080	2079	4448
5	2225	2081	2080	4449
5	2357	2204	2344	4450
5	2227	2083	2082	4451
5	2633	2500	2499	4452
5	2322	2181	2180	4453
5	2460	2323	2322	4454
5	2227	2082	2226	4455
5	2458	2310	2309	4456
5	2282	2223	2114	4457
5	2359	2222	2221	4458
5	2555	2178	2284	4459
5	2244	1997	2127	4460
5	2244	2146	1997	4461
5	2230	2205	2122	4462
5	2285	2230	2122	4463
5	2347	2209	2208	4464
5	2401	2375	2231	4465
5	2232	2231	2162	4466
5	2232	2162	2209	4467
5	2233	2167	2017	4468
5	2233	2017	2157	4469
5	2252	2109	2026	4470
5	2258	2173	2023	4471
5	2585	2450	2511	4472
5	2451	2312	2450	4473
5	2261	2143	2212	4474
5	2400	2345	2230	4475
5	2312	2169	2311	4476
5	2312	2170	2169	4477
5	2321	2269	2095	4478
5	2461	2321	2323	4479
5	2293	1940	2135	4480
5	2241	1983	2133	4481
5	2249	2084	2240	4482
5	2567	2428	2270	4483
5	2678	2389	2503	4484
5	2297	2106	1891	4485
5	2242	2239	2129	4486
5	2242	2129	1943	4487
5	2485	2349	2382	4488
5	2265	2092	2140	4489
5	2431	2229	2158	4490
5	2416	2146	2244	4491
5	2365	2292	2085	4492
5	2544	2097	2387	4493
5	2246	2234	2145	4494
5	2246	2145	2172	4495
5	2288	1942	2131	4496
5	2416	1981	2146	4497
5	2248	2247	2004	4498
5	2248	2004	2128	4499
5	2378	2086	2271	4500
5	2353	2117	2281	4501
5	2307	2243	2163	4502
5	2308	2164	2250	4503
5	2251	2183	2102	4504
5	2598	2462	2512	4505
5	2419	2252	2144	4506
5	2262	2139	2231	4507
5	2355	2279	2216	4508
5	2420	2279	2355	4509
5	2354	2217	2353	4510
5	2254	2113	2112	4511
5	2675	2510	2405	4512
5	2284	2178	2179	4513
5	2359	2273	2222	4514
5	2343	2111	2256	4515
5	2257	2238	2125	4516
5	2257	2125	2126	4517
5	2315	2144	2027	4518
5	2315	2027	2174	4519
5	2294	2120	2259	4520
5	2265	2250	2092	4521
5	2487	2352	2351	4522
5	2488	2264	2352	4523
5	2423	2261	2263	4524
5	2350	2107	2211	4525
5	2573	2433	2572	4526
5	2286	2160	2089	4527
5	2263	2261	2212	4528
5	2263	2212	2107	4529
5	2264	2259	2124	4530
5	2264	2124	2215	4531
5	2514	2394	2414	4532
5	2381	2342	2260	4533
5	2486	2351	2340	4534
5	2281	2117	2118	4535
5	2267	2235	2091	4536
5	2267	2091	2101	4537
5	2555	2284	2510	4538
5	2427	2268	2274	4539
5	2269	2257	2126	4540
5	2269	2126	2095	4541
5	2501	2438	2292	4542
5	2516	2233	2428	4543
5	2432	2366	2100	4544
5	2429	2378	2271	4545
5	2340	2090	2199	4546
5	2351	2213	2090	4547
5	2344	2203	2343	4548
5	2399	2343	2256	4549
5	2274	2268	2098	4550
5	2274	2098	2096	4551
5	2455	2275	2430	4552
5	2444	2300	2299	4553
5	2276	2260	2099	4554
5	2276	2099	2138	4555
5	2384	2278	2105	4556
5	2278	2103	2003	4557
5	2431	2158	2103	4558
5	2431	2103	2278	4559
5	2253	2159	1998	4560
5	2253	1998	1972	4561
5	2505	2118	2266	4562
5	2366	2240	2100	4563
5	2353	2217	2117	4564
5	2354	2218	2217	4565
5	2363	2227	2226	4566
5	2283	2256	2115	4567
5	2361	2224	2360	4568
5	2763	2632	2762	4569
5	2441	2106	2297	4570
5	2397	2266	2106	4571
5	2481	2345	2400	4572
5	2401	2231	2232	4573
5	2526	2445	2301	4574
5	2434	2230	2285	4575
5	2306	2251	2102	4576
5	2306	2161	2287	4577
5	2503	2389	2439	4578
5	2290	1952	2134	4579
5	2289	2150	1982	4580
5	2289	1982	2147	4581
5	2383	2104	2247	4582
5	2390	2131	2291	4583
5	2390	2288	2131	4584
5	2518	2295	2440	4585
5	2428	2233	2157	4586
5	2791	2567	2651	4587
5	2380	2304	2167	4588
5	2388	2136	2148	4589
5	2294	2265	2140	4590
5	2294	2140	2120	4591
5	2519	2293	2386	4592
5	2365	2085	2239	4593
5	2436	2132	2150	4594
5	2296	2150	2289	4595
5	2297	2151	2245	4596
5	2432	2100	2280	4597
5	2300	2096	2154	4598
5	2300	2154	2299	4599
5	2395	2267	2228	4600
5	2300	2274	2096	4601
5	2412	2267	2395	4602
5	2638	2504	2509	4603
5	2375	2262	2231	4604
5	2302	2155	2301	4605
5	2302	2286	2089	4606
5	2302	2089	2155	4607
5	2368	2156	2234	4608
5	2452	2253	2109	4609
5	2304	2271	2088	4610
5	2304	2088	2167	4611
5	2305	2158	2229	4612
5	2305	2229	2127	4613
5	2435	2286	2302	4614
5	2619	2485	2618	4615
5	2483	2342	2381	4616
5	2572	2433	2423	4617
5	2308	2307	2165	4618
5	2308	2165	2164	4619
5	2310	2166	2116	4620
5	2321	2095	2182	4621
5	2459	2310	2458	4622
5	2632	2499	2498	4623
5	2313	2171	2170	4624
5	2313	2170	2312	4625
5	2570	2430	2427	4626
5	2313	2237	2171	4627
5	2427	2274	2377	4628
5	2444	2377	2300	4629
5	2452	2393	2314	4630
5	2452	2109	2252	4631
5	2588	2315	2453	4632
5	2767	2642	2588	4633
5	2489	2353	2281	4634
5	2454	2254	2318	4635
5	2451	2407	2313	4636
5	2780	2644	2766	4637
5	2491	2355	2356	4638
5	2405	2284	2255	4639
5	2319	2318	2177	4640
5	2319	2177	2176	4641
5	2464	2309	2326	4642
5	2630	2497	2496	4643
5	2323	2181	2322	4644
5	2406	2360	2282	4645
5	2323	2182	2181	4646
5	2323	2321	2182	4647
5	2460	2322	2449	4648
5	2499	2363	2498	4649
5	2325	2185	2184	4650
5	2326	2185	2325	4651
5	2463	2325	2462	4652
5	2761	2630	2760	4653
5	2599	2463	2598	4654
5	2689	2522	2543	4655
5	2466	2327	2465	4656
5	2465	2279	2420	4657
5	2490	2353	2489	4658
5	2333	2191	2332	4659
5	2465	2327	2279	4660
5	2479	2340	2272	4661
5	2467	2328	2466	4662
5	2466	2328	2327	4663
5	2487	2351	2486	4664
5	2333	2192	2191	4665
5	2477	2339	2338	4666
5	2467	2329	2328	4667
5	2471	2332	2470	4668
5	2335	2194	2193	4669
5	2468	2330	2329	4670
5	2473	2334	2472	4671
5	2469	2330	2468	4672
5	2338	2196	2337	4673
5	2469	2331	2330	4674
5	2470	2332	2331	4675
5	2472	2333	2471	4676
5	2339	2272	2198	4677
5	2471	2333	2332	4678
5	2478	2339	2477	4679
5	2472	2334	2333	4680
5	2473	2335	2334	4681
5	2479	2272	2478	4682
5	2352	2215	2214	4683
5	2348	2202	2342	4684
5	2484	2348	2483	4685
5	2348	2210	2202	4686
5	2348	2341	2210	4687
5	2344	2204	2203	4688
5	2357	2220	2204	4689
5	2412	2372	2235	4690
5	2359	2221	2358	4691
5	2346	2208	2207	4692
5	2347	2232	2209	4693
5	2370	2303	2262	4694
5	2347	2208	2346	4695
5	2418	2251	2306	4696
5	2711	2572	2528	4697
5	2425	2265	2294	4698
5	2620	2479	2614	4699
5	2350	2263	2107	4700
5	2349	2211	2123	4701
5	2528	2423	2374	4702
5	2423	2263	2374	4703
5	2474	2336	2335	4704
5	2371	2250	2265	4705
5	2376	2259	2264	4706
5	2477	2338	2476	4707
5	2430	2268	2427	4708
5	2356	2218	2354	4709
5	2586	2524	2407	4710
5	2566	2457	2529	4711
5	2470	2331	2469	4712
5	2468	2329	2467	4713
5	2356	2355	2219	4714
5	2356	2219	2218	4715
5	2821	2722	2780	4716
5	2761	2631	2630	4717
5	2726	2589	2724	4718
5	2463	2326	2325	4719
5	2496	2360	2406	4720
5	2632	2498	2631	4721
5	2361	2225	2224	4722
5	2362	2226	2225	4723
5	2630	2496	2629	4724
5	2364	2142	2227	4725
5	3011	2931	2887	4726
5	2912	2884	2769	4727
5	2494	2357	2492	4728
5	2364	2227	2363	4729
5	2411	2395	2228	4730
5	2399	2256	2373	4731
5	2674	2505	2397	4732
5	2428	2157	2270	4733
5	2367	2240	2366	4734
5	2367	2249	2240	4735
5	2537	2241	2438	4736
5	2695	2537	2637	4737
5	2523	2258	2368	4738
5	2523	2424	2258	4739
5	2437	2296	2290	4740
5	2369	2290	2134	4741
5	2733	2598	2647	4742
5	2540	2303	2370	4743
5	2448	2414	2307	4744
5	2546	2381	2521	4745
5	2372	2311	2235	4746
5	2524	2396	2407	4747
5	2500	2373	2283	4748
5	2499	2364	2363	4749
5	2485	2374	2350	4750
5	2572	2423	2528	4751
5	2482	2346	2481	4752
5	2520	2375	2401	4753
5	2404	2294	2259	4754
5	2425	2294	2404	4755
5	2570	2427	2522	4756
5	2396	2298	2237	4757
5	2552	2369	2544	4758
5	2801	2501	2648	4759
5	2438	2133	2292	4760
5	2380	2167	2379	4761
5	2516	2379	2233	4762
5	2391	2128	2288	4763
5	2382	2349	2236	4764
5	2698	2616	2690	4765
5	2563	2394	2514	4766
5	2565	2371	2425	4767
5	2417	2247	2248	4768
5	2548	2415	2229	4769
5	2549	2277	2383	4770
5	2415	2244	2229	4771
5	2385	2319	2317	4772
5	2455	2316	2275	4773
5	2387	2097	2293	4774
5	2386	2293	2135	4775
5	2569	2545	2378	4776
5	2389	2239	2242	4777
5	2648	2365	2551	4778
5	2555	2280	2178	4779
5	2548	2229	2431	4780
5	2439	2136	2388	4781
5	2552	2437	2369	4782
5	2576	2296	2437	4783
5	2553	2288	2390	4784
5	2437	2290	2369	4785
5	2392	2368	2234	4786
5	2392	2234	2246	4787
5	2393	2392	2246	4788
5	2393	2246	2314	4789
5	2422	2381	2260	4790
5	2394	2276	2243	4791
5	2840	2707	2692	4792
5	2760	2629	2759	4793
5	2443	2299	2298	4794
5	2444	2299	2443	4795
5	2534	2367	2366	4796
5	2426	2356	2354	4797
5	2398	2324	2251	4798
5	2573	2507	2434	4799
5	2493	2411	2273	4800
5	2480	2343	2399	4801
5	2526	2301	2424	4802
5	2424	2301	2173	4803
5	2513	2435	2445	4804
5	2482	2347	2346	4805
5	2402	2401	2232	4806
5	2402	2232	2347	4807
5	2403	2382	2236	4808
5	2403	2236	2341	4809
5	2673	2528	2619	4810
5	2584	2371	2565	4811
5	2557	2420	2491	4812
5	2716	2534	2535	4813
5	2498	2362	2497	4814
5	2497	2361	2496	4815
5	2407	2396	2237	4816
5	2407	2237	2313	4817
5	2408	2406	2282	4818
5	2408	2282	2238	4819
5	2409	2408	2238	4820
5	2409	2238	2257	4821
5	2410	2409	2257	4822
5	2410	2257	2269	4823
5	2492	2344	2480	4824
5	2494	2358	2357	4825
5	2530	2502	2492	4826
5	2530	2480	2399	4827
5	2413	2410	2269	4828
5	2413	2269	2321	4829
5	2414	2394	2243	4830
5	2414	2243	2307	4831
5	2544	2369	2097	4832
5	2440	2295	2137	4833
5	2685	2440	2653	4834
5	2653	2440	2560	4835
5	2667	2515	2505	4836
5	2660	2571	2384	4837
5	2447	2418	2306	4838
5	2447	2287	2446	4839
5	2689	2682	2522	4840
5	2452	2314	2253	4841
5	2491	2420	2355	4842
5	2491	2356	2426	4843
5	2590	2456	2455	4844
5	2421	2405	2255	4845
5	2690	2616	2617	4846
5	2892	2781	2782	4847
5	2433	2285	2261	4848
5	2434	2285	2433	4849
5	2453	2174	2303	4850
5	2618	2485	2382	4851
5	2521	2381	2422	4852
5	2975	2841	2893	4853
5	2693	2566	2529	4854
5	2625	2558	2421	4855
5	2456	2385	2317	4856
5	2668	2645	2554	4857
5	2567	2270	2087	4858
5	2658	2367	2534	4859
5	2661	2429	2550	4860
5	2519	2387	2293	4861
5	2591	2385	2456	4862
5	2626	2491	2426	4863
5	2660	2548	2571	4864
5	2701	2561	2415	4865
5	2510	2284	2405	4866
5	2771	2550	2659	4867
5	2720	2520	2583	4868
5	2434	2400	2230	4869
5	2730	2525	2596	4870
5	2712	2572	2711	4871
5	2698	2547	2616	4872
5	2446	2287	2286	4873
5	2575	2291	2436	4874
5	2436	2150	2296	4875
5	2839	2666	2553	4876
5	2436	2291	2132	4877
5	2501	2292	2365	4878
5	3006	2834	2756	4879
5	2439	2389	2242	4880
5	2439	2242	2136	4881
5	2654	2552	2544	4882
5	2773	2552	2654	4883
5	3145	3066	3083	4884
5	2623	2426	2490	4885
5	2442	2441	2297	4886
5	2442	2297	2245	4887
5	2628	2493	2495	4888
5	2724	2570	2682	4889
5	2532	2395	2411	4890
5	2603	2467	2602	4891
5	2445	2435	2302	4892
5	2445	2302	2301	4893
5	2447	2306	2287	4894
5	2525	2410	2413	4895
5	2546	2483	2381	4896
5	2596	2461	2595	4897
5	2614	2479	2478	4898
5	2610	2474	2609	4899
5	2461	2413	2321	4900
5	2461	2323	2460	4901
5	2451	2313	2312	4902
5	2450	2312	2311	4903
5	2722	2585	2644	4904
5	2586	2451	2585	4905
5	2587	2252	2419	4906
5	2587	2452	2252	4907
5	2588	2419	2315	4908
5	2453	2315	2174	4909
5	2490	2354	2353	4910
5	2454	2421	2254	4911
5	2456	2316	2455	4912
5	2456	2317	2316	4913
5	2579	2396	2524	4914
5	2762	2632	2631	4915
5	2457	2454	2318	4916
5	2457	2318	2319	4917
5	2459	2320	2310	4918
5	2459	2449	2320	4919
5	2574	2446	2435	4920
5	2649	2502	2530	4921
5	2596	2525	2413	4922
5	2598	2463	2462	4923
5	2595	2461	2460	4924
5	2525	2509	2410	4925
5	2845	2822	2665	4926
5	2464	2326	2463	4927
5	2592	2459	2458	4928
5	2464	2458	2309	4929
5	2594	2460	2449	4930
5	2729	2594	2593	4931
5	2611	2476	2475	4932
5	2602	2466	2601	4933
5	2604	2468	2603	4934
5	2600	2465	2420	4935
5	2612	2477	2476	4936
5	2558	2405	2421	4937
5	2601	2466	2465	4938
5	2474	2335	2473	4939
5	2608	2472	2607	4940
5	2605	2469	2604	4941
5	2602	2467	2466	4942
5	2612	2476	2611	4943
5	2603	2468	2467	4944
5	2476	2338	2337	4945
5	2609	2473	2608	4946
5	2614	2478	2613	4947
5	2604	2469	2468	4948
5	2605	2470	2469	4949
5	2607	2471	2606	4950
5	2476	2337	2475	4951
5	2606	2470	2605	4952
5	2606	2471	2470	4953
5	2613	2477	2612	4954
5	2488	2352	2487	4955
5	2607	2472	2471	4956
5	2608	2473	2472	4957
5	2621	2486	2620	4958
5	2486	2340	2479	4959
5	2609	2474	2473	4960
5	2610	2475	2474	4961
5	2492	2357	2344	4962
5	2493	2273	2359	4963
5	2482	2402	2347	4964
5	2481	2346	2345	4965
5	2583	2520	2401	4966
5	2581	2418	2447	4967
5	2484	2341	2348	4968
5	2943	2831	2798	4969
5	2541	2404	2376	4970
5	2584	2448	2371	4971
5	2618	2382	2547	4972
5	2749	2547	2698	4973
5	2622	2488	2487	4974
5	2841	2706	2775	4975
5	2721	2584	2565	4976
5	2488	2376	2264	4977
5	2617	2483	2546	4978
5	2541	2376	2508	4979
5	2490	2426	2354	4980
5	2600	2420	2557	4981
5	2674	2667	2505	4982
5	2705	2555	2704	4983
5	2704	2555	2510	4984
5	2601	2465	2600	4985
5	3015	2905	2913	4986
5	2628	2495	2627	4987
5	2495	2358	2494	4988
5	2542	2372	2412	4989
5	2495	2359	2358	4990
5	2495	2493	2359	4991
5	2591	2529	2385	4992
5	2543	2522	2377	4993
5	2533	2408	2504	4994
5	2633	2531	2373	4995
5	2533	2406	2408	4996
5	2500	2283	2364	4997
5	2530	2399	2531	4998
5	2530	2492	2480	4999
5	2633	2373	2500	5000
5	2500	2364	2499	5001
5	2827	2650	2664	5002
5	2631	2498	2497	5003
5	2705	2432	2555	5004
5	2567	2087	2249	5005
5	2502	2494	2492	5006
5	2629	2406	2533	5007
5	2678	2551	2389	5008
5	2551	2239	2389	5009
5	2593	2449	2459	5010
5	2596	2413	2461	5011
5	2515	2281	2505	5012
5	2505	2281	2118	5013
5	2506	2481	2400	5014
5	2573	2434	2433	5015
5	2507	2506	2400	5016
5	2507	2400	2434	5017
5	2679	2508	2622	5018
5	2620	2486	2479	5019
5	2509	2504	2409	5020
5	2509	2409	2410	5021
5	2537	2093	2241	5022
5	2515	2489	2281	5023
5	2511	2450	2372	5024
5	2542	2511	2372	5025
5	2512	2462	2398	5026
5	2854	2765	2729	5027
5	2583	2401	2402	5028
5	2574	2435	2513	5029
5	2878	2751	2877	5030
5	2541	2425	2404	5031
5	2697	2559	2640	5032
5	2589	2430	2570	5033
5	2550	2429	2304	5034
5	2811	2685	2653	5035
5	2517	2503	2439	5036
5	2517	2439	2388	5037
5	2634	2503	2517	5038
5	2518	2517	2388	5039
5	2770	2700	2569	5040
5	2569	2378	2429	5041
5	2540	2453	2303	5042
5	2564	2375	2520	5043
5	2750	2673	2619	5044
5	2691	2546	2656	5045
5	2522	2427	2377	5046
5	2783	2717	2643	5047
5	2642	2419	2588	5048
5	2639	2424	2523	5049
5	2543	2377	2444	5050
5	2795	2689	2669	5051
5	2593	2459	2592	5052
5	3090	2957	3016	5053
5	2635	2445	2526	5054
5	2639	2526	2424	5055
5	2527	2514	2414	5056
5	2527	2414	2448	5057
5	2781	2690	2691	5058
5	2836	2698	2690	5059
5	2529	2457	2385	5060
5	2682	2570	2522	5061
5	2692	2626	2623	5062
5	2758	2668	2628	5063
5	2755	2623	2624	5064
5	2531	2399	2373	5065
5	2559	2395	2532	5066
5	2776	2768	2640	5067
5	2629	2496	2406	5068
5	2631	2497	2630	5069
5	2536	2442	2245	5070
5	2637	2537	2438	5071
5	2535	2534	2366	5072
5	2535	2366	2432	5073
5	2577	2397	2441	5074
5	2967	2578	2636	5075
5	2537	2536	2245	5076
5	2537	2245	2093	5077
5	2538	2523	2368	5078
5	2538	2368	2392	5079
5	2539	2512	2398	5080
5	2539	2398	2418	5081
5	2663	2512	2539	5082
5	2639	2538	2655	5083
5	2565	2425	2541	5084
5	2583	2402	2556	5085
5	2669	2543	2580	5086
5	2883	2840	2692	5087
5	2580	2443	2579	5088
5	2580	2543	2444	5089
5	2660	2384	2549	5090
5	2553	2391	2288	5091
5	2545	2519	2386	5092
5	2545	2386	2378	5093
5	2547	2382	2403	5094
5	2619	2374	2485	5095
5	2749	2618	2547	5096
5	2688	2521	2563	5097
5	2549	2384	2277	5098
5	2571	2278	2384	5099
5	2701	2415	2548	5100
5	2654	2544	2652	5101
5	2785	2577	2715	5102
5	2551	2365	2239	5103
5	2666	2417	2391	5104
5	2666	2391	2553	5105
5	2702	2653	2560	5106
5	2648	2501	2365	5107
5	3059	2837	2938	5108
5	2576	2436	2296	5109
5	2554	2532	2411	5110
5	2554	2411	2493	5111
5	2774	2705	2704	5112
5	2815	2651	2568	5113
5	2681	2527	2584	5114
5	2584	2527	2448	5115
5	2626	2426	2623	5116
5	2727	2725	2591	5117
5	3136	3031	2946	5118
5	2625	2421	2454	5119
5	2559	2542	2412	5120
5	2559	2412	2395	5121
5	2560	2440	2137	5122
5	2560	2137	2416	5123
5	2561	2560	2416	5124
5	2561	2416	2415	5125
5	2562	2538	2392	5126
5	2562	2392	2393	5127
5	2563	2521	2422	5128
5	2563	2422	2394	5129
5	2767	2588	2723	5130
5	2564	2370	2375	5131
5	2900	2788	2789	5132
5	2871	2745	2870	5133
5	2625	2454	2566	5134
5	2566	2454	2457	5135
5	2801	2637	2501	5136
5	2791	2428	2567	5137
5	2568	2567	2249	5138
5	2568	2249	2367	5139
5	2686	2652	2387	5140
5	2686	2387	2519	5141
5	2589	2455	2430	5142
5	2590	2455	2589	5143
5	2571	2548	2431	5144
5	2571	2431	2278	5145
5	2827	2796	2650	5146
5	2713	2507	2573	5147
5	2671	2664	2615	5148
5	2796	2720	2650	5149
5	2581	2539	2418	5150
5	2582	2446	2574	5151
5	2714	2390	2575	5152
5	2575	2390	2291	5153
5	2714	2575	2576	5154
5	2576	2575	2436	5155
5	2825	2678	2503	5156
5	2803	2695	2637	5157
5	2578	2577	2441	5158
5	2578	2441	2442	5159
5	2580	2444	2443	5160
5	2579	2443	2396	5161
5	2708	2489	2515	5162
5	2689	2543	2669	5163
5	2719	2574	2677	5164
5	2728	2593	2592	5165
5	2582	2581	2447	5166
5	2582	2447	2446	5167
5	2720	2583	2650	5168
5	2720	2696	2520	5169
5	2798	2657	2672	5170
5	2706	2541	2508	5171
5	2586	2407	2451	5172
5	2585	2451	2450	5173
5	2676	2627	2502	5174
5	2800	2759	2646	5175
5	2587	2562	2393	5176
5	2587	2393	2452	5177
5	2723	2588	2453	5178
5	2655	2538	2562	5179
5	2717	2579	2643	5180
5	2852	2726	2793	5181
5	2725	2693	2529	5182
5	2591	2456	2590	5183
5	3178	3143	3015	5184
5	2963	2795	2919	5185
5	2595	2460	2594	5186
5	2594	2449	2593	5187
5	2848	2696	2720	5188
5	2728	2592	2662	5189
5	2778	2733	2647	5190
5	2763	2633	2632	5191
5	2733	2599	2598	5192
5	2731	2595	2594	5193
5	2729	2593	2728	5194
5	2764	2633	2763	5195
5	2597	2592	2458	5196
5	2597	2458	2464	5197
5	2599	2464	2463	5198
5	2599	2597	2464	5199
5	2662	2592	2597	5200
5	2731	2594	2729	5201
5	2724	2589	2570	5202
5	2797	2755	2624	5203
5	2708	2624	2489	5204
5	2737	2601	2736	5205
5	2736	2601	2600	5206
5	2737	2602	2601	5207
5	2735	2600	2557	5208
5	2707	2557	2626	5209
5	2741	2605	2740	5210
5	2613	2478	2477	5211
5	2752	2621	2620	5212
5	2738	2603	2602	5213
5	2743	2607	2742	5214
5	2622	2487	2621	5215
5	2739	2604	2603	5216
5	2753	2622	2621	5217
5	2744	2608	2743	5218
5	2740	2605	2604	5219
5	2745	2610	2609	5220
5	2611	2475	2610	5221
5	2741	2606	2605	5222
5	2746	2611	2610	5223
5	2742	2607	2606	5224
5	2748	2612	2747	5225
5	2743	2608	2607	5226
5	2748	2614	2613	5227
5	2745	2609	2744	5228
5	2621	2487	2486	5229
5	2751	2614	2748	5230
5	2744	2609	2608	5231
5	2615	2556	2482	5232
5	2615	2482	2481	5233
5	2616	2547	2403	5234
5	2616	2403	2484	5235
5	2617	2616	2484	5236
5	2617	2484	2483	5237
5	3020	2893	2898	5238
5	2619	2528	2374	5239
5	2688	2563	2657	5240
5	2721	2681	2584	5241
5	2746	2610	2745	5242
5	2622	2508	2488	5243
5	2747	2612	2611	5244
5	2751	2620	2614	5245
5	2681	2672	2527	5246
5	2706	2508	2679	5247
5	2738	2602	2737	5248
5	2626	2557	2491	5249
5	2624	2623	2490	5250
5	2624	2490	2489	5251
5	2735	2557	2707	5252
5	2707	2626	2692	5253
5	3163	3041	3154	5254
5	3204	3061	3137	5255
5	2628	2554	2493	5256
5	2627	2495	2494	5257
5	2882	2754	2881	5258
5	2901	2769	2792	5259
5	2646	2504	2638	5260
5	2764	2757	2531	5261
5	2951	2799	2804	5262
5	2650	2583	2556	5263
5	2832	2639	2655	5264
5	2633	2499	2632	5265
5	2646	2533	2504	5266
5	2885	2760	2759	5267
5	2759	2533	2646	5268
5	2764	2531	2633	5269
5	2940	2801	2648	5270
5	2637	2438	2501	5271
5	2924	2767	2723	5272
5	2635	2513	2445	5273
5	2636	2578	2442	5274
5	2636	2442	2536	5275
5	2906	2830	2779	5276
5	2651	2567	2568	5277
5	2854	2729	2728	5278
5	2730	2641	2525	5279
5	2709	2370	2564	5280
5	2642	2587	2419	5281
5	2640	2559	2532	5282
5	2784	2697	2768	5283
5	2641	2638	2509	5284
5	2641	2509	2525	5285
5	2639	2523	2538	5286
5	2642	2655	2562	5287
5	2643	2579	2524	5288
5	2670	2643	2524	5289
5	2670	2524	2586	5290
5	3107	2983	3105	5291
5	2645	2640	2532	5292
5	2645	2532	2554	5293
5	2807	2638	2799	5294
5	2759	2629	2533	5295
5	2647	2598	2512	5296
5	2663	2647	2512	5297
5	2659	2550	2380	5298
5	2946	2785	2715	5299
5	2668	2554	2628	5300
5	2676	2502	2649	5301
5	2853	2728	2662	5302
5	2677	2574	2513	5303
5	2695	2536	2537	5304
5	2659	2380	2379	5305
5	2703	2576	2437	5306
5	2810	2654	2652	5307
5	3027	2779	2935	5308
5	2915	2654	2810	5309
5	2702	2560	2561	5310
5	2969	2846	2896	5311
5	2642	2562	2587	5312
5	2847	2719	2677	5313
5	2656	2546	2521	5314
5	2876	2673	2750	5315
5	2688	2656	2521	5316
5	2657	2563	2514	5317
5	2815	2568	2658	5318
5	2658	2568	2367	5319
5	2904	2678	2825	5320
5	2661	2569	2429	5321
5	2938	2837	2702	5322
5	2699	2383	2417	5323
5	2947	2774	2894	5324
5	2818	2551	2678	5325
5	2734	2599	2733	5326
5	2857	2734	2733	5327
5	2671	2506	2665	5328
5	2711	2528	2673	5329
5	2664	2650	2556	5330
5	2664	2556	2615	5331
5	2671	2615	2506	5332
5	2665	2506	2507	5333
5	2817	2549	2699	5334
5	2699	2549	2383	5335
5	2675	2405	2558	5336
5	2756	2558	2625	5337
5	2758	2627	2676	5338
5	2784	2766	2694	5339
5	3133	2952	3050	5340
5	2912	2769	2901	5341
5	2780	2722	2644	5342
5	3061	2930	3026	5343
5	2809	2718	2719	5344
5	2680	2663	2539	5345
5	2672	2657	2514	5346
5	2672	2514	2527	5347
5	2713	2573	2712	5348
5	2712	2573	2572	5349
5	2674	2397	2577	5350
5	2715	2577	2578	5351
5	2756	2625	2754	5352
5	2739	2603	2738	5353
5	2758	2628	2627	5354
5	2889	2763	2762	5355
5	2680	2539	2581	5356
5	2777	2663	2680	5357
5	3027	2906	2779	5358
5	2779	2687	2700	5359
5	2753	2679	2622	5360
5	2752	2620	2751	5361
5	2790	2663	2777	5362
5	2978	2895	2854	5363
5	2710	2541	2706	5364
5	3004	2898	2880	5365
5	2851	2693	2725	5366
5	2986	2852	2793	5367
5	2683	2659	2379	5368
5	2683	2379	2516	5369
5	2938	2702	2838	5370
5	2684	2634	2517	5371
5	2685	2684	2518	5372
5	2685	2518	2440	5373
5	3138	3040	3023	5374
5	2770	2569	2661	5375
5	2687	2686	2519	5376
5	2687	2519	2545	5377
5	2788	2672	2681	5378
5	2921	2836	2916	5379
5	2966	2802	2635	5380
5	2833	2639	2832	5381
5	2750	2618	2749	5382
5	2750	2619	2618	5383
5	2691	2690	2617	5384
5	2691	2617	2546	5385
5	2753	2621	2752	5386
5	2736	2600	2735	5387
5	2754	2566	2693	5388
5	2834	2558	2756	5389
5	2694	2644	2511	5390
5	2694	2511	2542	5391
5	2786	2708	2515	5392
5	2835	2636	2536	5393
5	2802	2513	2635	5394
5	2709	2540	2370	5395
5	2697	2694	2542	5396
5	2697	2542	2559	5397
5	2843	2711	2842	5398
5	2874	2698	2836	5399
5	2812	2417	2666	5400
5	2838	2702	2561	5401
5	2700	2687	2545	5402
5	2700	2545	2569	5403
5	2830	2686	2687	5404
5	2907	2810	2830	5405
5	2838	2561	2701	5406
5	2703	2437	2552	5407
5	3023	2969	2896	5408
5	2714	2553	2390	5409
5	3186	2940	3058	5410
5	2772	2704	2510	5411
5	2923	2658	2534	5412
5	2705	2535	2432	5413
5	2710	2565	2541	5414
5	2721	2565	2710	5415
5	3008	2981	2840	5416
5	2726	2590	2589	5417
5	2862	2736	2861	5418
5	2754	2625	2566	5419
5	2787	2655	2642	5420
5	2850	2723	2540	5421
5	2831	2657	2798	5422
5	2814	2656	2688	5423
5	2849	2789	2721	5424
5	2713	2665	2507	5425
5	2843	2712	2711	5426
5	2922	2790	2920	5427
5	2999	2876	2875	5428
5	2925	2765	2895	5429
5	2839	2553	2714	5430
5	2846	2576	2703	5431
5	2774	2535	2705	5432
5	2772	2510	2675	5433
5	2816	2771	2659	5434
5	3014	2786	2897	5435
5	2717	2669	2580	5436
5	2717	2580	2579	5437
5	2718	2680	2581	5438
5	2718	2581	2582	5439
5	2719	2718	2582	5440
5	2719	2582	2574	5441
5	2874	2749	2698	5442
5	2857	2733	2778	5443
5	3127	3003	3002	5444
5	2877	2751	2748	5445
5	2722	2670	2586	5446
5	2722	2586	2585	5447
5	2924	2787	2767	5448
5	2802	2677	2513	5449
5	2725	2529	2591	5450
5	2828	2794	2682	5451
5	2727	2590	2726	5452
5	2863	2737	2862	5453
5	2727	2591	2590	5454
5	2879	2752	2878	5455
5	2881	2754	2693	5456
5	2740	2604	2739	5457
5	3052	2895	3041	5458
5	2799	2638	2641	5459
5	3140	3050	3055	5460
5	2889	2762	2887	5461
5	2732	2595	2731	5462
5	2732	2596	2595	5463
5	2732	2730	2596	5464
5	2942	2913	2780	5465
5	2888	2792	2757	5466
5	3010	2886	2885	5467
5	2734	2597	2599	5468
5	2734	2662	2597	5469
5	2826	2680	2718	5470
5	2822	2671	2665	5471
5	2913	2821	2780	5472
5	3117	2992	3116	5473
5	2828	2689	2795	5474
5	2852	2727	2726	5475
5	2882	2756	2754	5476
5	2742	2606	2741	5477
5	2928	2883	2755	5478
5	2861	2736	2735	5479
5	2871	2746	2745	5480
5	2863	2738	2737	5481
5	2862	2737	2736	5482
5	2865	2739	2864	5483
5	2864	2739	2738	5484
5	2748	2613	2612	5485
5	2873	2748	2747	5486
5	2868	2742	2867	5487
5	2865	2740	2739	5488
5	2869	2743	2868	5489
5	2866	2741	2740	5490
5	2872	2746	2871	5491
5	2880	2775	2679	5492
5	2747	2611	2746	5493
5	2867	2742	2741	5494
5	2868	2743	2742	5495
5	2877	2748	2873	5496
5	2869	2744	2743	5497
5	2880	2679	2753	5498
5	2870	2745	2744	5499
5	2836	2690	2781	5500
5	2842	2711	2673	5501
5	2970	2843	2842	5502
5	3002	2877	3001	5503
5	2878	2752	2751	5504
5	2872	2747	2746	5505
5	2879	2753	2752	5506
5	3545	3387	3529	5507
5	2798	2672	2788	5508
5	2849	2710	2841	5509
5	2864	2738	2863	5510
5	2797	2624	2708	5511
5	2861	2735	2859	5512
5	2755	2692	2623	5513
5	2774	2716	2535	5514
5	2929	2675	2834	5515
5	2757	2649	2530	5516
5	2757	2530	2531	5517
5	2930	2768	2776	5518
5	3011	2887	2886	5519
5	2760	2630	2629	5520
5	2762	2631	2761	5521
5	2886	2760	2885	5522
5	2885	2759	2800	5523
5	2886	2761	2760	5524
5	2942	2780	2766	5525
5	2884	2676	2769	5526
5	2887	2762	2761	5527
5	2769	2676	2649	5528
5	2911	2805	2823	5529
5	2888	2757	2764	5530
5	2887	2761	2886	5531
5	2765	2731	2729	5532
5	2854	2728	2853	5533
5	3026	2939	3021	5534
5	2952	2807	2891	5535
5	3070	2961	2847	5536
5	2787	2642	2767	5537
5	2784	2694	2697	5538
5	2768	2697	2640	5539
5	2776	2640	2645	5540
5	3079	2933	3074	5541
5	2818	2648	2551	5542
5	3076	2770	2936	5543
5	3156	3060	2953	5544
5	2771	2661	2550	5545
5	2937	2708	2786	5546
5	2786	2515	2667	5547
5	3028	2936	2771	5548
5	2773	2703	2552	5549
5	2785	2674	2577	5550
5	2785	2667	2674	5551
5	2775	2706	2679	5552
5	2880	2753	2879	5553
5	3029	3012	3013	5554
5	3169	3082	3143	5555
5	2845	2665	2713	5556
5	2824	2671	2822	5557
5	2844	2712	2843	5558
5	2960	2920	2777	5559
5	3037	3024	2918	5560
5	2935	2779	2700	5561
5	3207	3074	3204	5562
5	3233	3067	3201	5563
5	2814	2782	2656	5564
5	2998	2874	2921	5565
5	2782	2781	2691	5566
5	2782	2691	2656	5567
5	3047	3008	2883	5568
5	3170	3081	3169	5569
5	2945	2768	2930	5570
5	2913	2905	2821	5571
5	3031	2785	2946	5572
5	2894	2774	2704	5573
5	3032	2834	3006	5574
5	2897	2786	2667	5575
5	2966	2635	2833	5576
5	2850	2540	2709	5577
5	2973	2845	2844	5578
5	2971	2957	2822	5579
5	2789	2788	2681	5580
5	2789	2681	2721	5581
5	2790	2778	2647	5582
5	2790	2647	2663	5583
5	2808	2428	2791	5584
5	2808	2516	2428	5585
5	2792	2769	2649	5586
5	2792	2649	2757	5587
5	2793	2726	2724	5588
5	2820	2717	2783	5589
5	2794	2793	2724	5590
5	2794	2724	2682	5591
5	2828	2682	2689	5592
5	3372	3258	3270	5593
5	2845	2713	2844	5594
5	2847	2809	2719	5595
5	2834	2675	2558	5596
5	2894	2704	2772	5597
5	3127	3002	3126	5598
5	2950	2788	2900	5599
5	3009	2885	2800	5600
5	3009	2800	2952	5601
5	3158	3021	3053	5602
5	2932	2901	2792	5603
5	2835	2536	2695	5604
5	3160	2637	2801	5605
5	2813	2564	2696	5606
5	2848	2720	2796	5607
5	2816	2659	2683	5608
5	2808	2683	2516	5609
5	2804	2799	2641	5610
5	2804	2641	2730	5611
5	2805	2776	2645	5612
5	2805	2645	2668	5613
5	2806	2783	2643	5614
5	2806	2643	2670	5615
5	2807	2800	2646	5616
5	2807	2646	2638	5617
5	2936	2661	2771	5618
5	3174	2929	3032	5619
5	2813	2709	2564	5620
5	2824	2664	2671	5621
5	2829	2684	2811	5622
5	2811	2684	2685	5623
5	2830	2687	2779	5624
5	2825	2503	2634	5625
5	2817	2660	2549	5626
5	2812	2699	2417	5627
5	2832	2655	2787	5628
5	2954	2709	2813	5629
5	2916	2836	2781	5630
5	2999	2875	2998	5631
5	2918	2695	2803	5632
5	2904	2818	2678	5633
5	2909	2791	2651	5634
5	2918	2835	2695	5635
5	3097	2968	2908	5636
5	2819	2660	2817	5637
5	2907	2830	2906	5638
5	3065	2801	2940	5639
5	2819	2701	2548	5640
5	2819	2548	2660	5641
5	2820	2795	2669	5642
5	2820	2669	2717	5643
5	2821	2806	2670	5644
5	2821	2670	2722	5645
5	2827	2664	2824	5646
5	2826	2718	2809	5647
5	2823	2805	2668	5648
5	2823	2668	2758	5649
5	2974	2827	2958	5650
5	2920	2790	2777	5651
5	2959	2829	2811	5652
5	2935	2700	2770	5653
5	3092	3016	2971	5654
5	2826	2777	2680	5655
5	2914	2857	2778	5656
5	2962	2696	2848	5657
5	2919	2820	2899	5658
5	2982	2851	2860	5659
5	3058	2940	2818	5660
5	2829	2634	2684	5661
5	2830	2810	2652	5662
5	2830	2652	2686	5663
5	2831	2814	2688	5664
5	2831	2688	2657	5665
5	2833	2526	2639	5666
5	2833	2635	2526	5667
5	2903	2677	2802	5668
5	3166	3086	2961	5669
5	2859	2707	2840	5670
5	2859	2735	2707	5671
5	2967	2835	2918	5672
5	2967	2636	2835	5673
5	2876	2842	2673	5674
5	2844	2713	2712	5675
5	2837	2811	2653	5676
5	2837	2653	2702	5677
5	3063	2773	2915	5678
5	2968	2819	2908	5679
5	2896	2846	2703	5680
5	2896	2703	2773	5681
5	2866	2740	2865	5682
5	2867	2741	2866	5683
5	2849	2721	2710	5684
5	2841	2710	2706	5685
5	2875	2749	2874	5686
5	2916	2781	2892	5687
5	3101	3051	2972	5688
5	2895	2765	2854	5689
5	2921	2874	2836	5690
5	2957	2824	2822	5691
5	2978	2854	2853	5692
5	3038	2979	2914	5693
5	2846	2839	2714	5694
5	2846	2714	2576	5695
5	2958	2824	2957	5696
5	2961	2960	2826	5697
5	2977	2787	2924	5698
5	3147	2954	3093	5699
5	3148	3080	3141	5700
5	3191	3064	3167	5701
5	3045	2850	2954	5702
5	2924	2723	2850	5703
5	2881	2693	2851	5704
5	3046	2923	2716	5705
5	2860	2727	2852	5706
5	2860	2725	2727	5707
5	2858	2734	2857	5708
5	3068	2998	2921	5709
5	2951	2891	2799	5710
5	2926	2804	2855	5711
5	2855	2804	2730	5712
5	2855	2730	2732	5713
5	2856	2855	2732	5714
5	2856	2732	2731	5715
5	2858	2662	2734	5716
5	2858	2853	2662	5717
5	2958	2827	2824	5718
5	2922	2778	2790	5719
5	2981	2859	2840	5720
5	3047	2883	2928	5721
5	2989	2864	2988	5722
5	2860	2851	2725	5723
5	3005	2881	2851	5724
5	2986	2793	2927	5725
5	2984	2860	2852	5726
5	2919	2795	2820	5727
5	3019	2919	3018	5728
5	2939	2805	2911	5729
5	2983	2861	2859	5730
5	2870	2744	2869	5731
5	2985	2862	2861	5732
5	2992	2867	2991	5733
5	2987	2863	2862	5734
5	2988	2864	2863	5735
5	2996	2872	2871	5736
5	2989	2865	2864	5737
5	2993	2868	2992	5738
5	2990	2866	2865	5739
5	2994	2869	2993	5740
5	2991	2867	2866	5741
5	3004	2879	3003	5742
5	2873	2747	2872	5743
5	2992	2868	2867	5744
5	3003	2879	2878	5745
5	2995	2870	2994	5746
5	2993	2869	2868	5747
5	2994	2870	2869	5748
5	3257	3172	3242	5749
5	2875	2750	2749	5750
5	2876	2750	2875	5751
5	2973	2971	2845	5752
5	2955	2831	2943	5753
5	3256	3154	3226	5754
5	3001	2873	2997	5755
5	2995	2871	2870	5756
5	2997	2873	2872	5757
5	3373	3260	3297	5758
5	3002	2878	2877	5759
5	3004	2880	2879	5760
5	3001	2877	2873	5761
5	3043	2893	3020	5762
5	3244	3242	3124	5763
5	2996	2871	2995	5764
5	3174	3072	2929	5765
5	2883	2692	2755	5766
5	2983	2859	2981	5767
5	2928	2755	2797	5768
5	2990	2865	2989	5769
5	2884	2823	2758	5770
5	2884	2758	2676	5771
5	2931	2889	2887	5772
5	3135	3034	3011	5773
5	3122	2998	3068	5774
5	3041	2895	2978	5775
5	3000	2970	2842	5776
5	2952	2800	2807	5777
5	2890	2763	2889	5778
5	2890	2888	2764	5779
5	2890	2764	2763	5780
5	3026	2930	2939	5781
5	3152	3056	3073	5782
5	3307	3193	3258	5783
5	2891	2807	2799	5784
5	3135	3010	3134	5785
5	2948	2892	2782	5786
5	2948	2782	2814	5787
5	2893	2841	2775	5788
5	3003	2878	3002	5789
5	2923	2534	2716	5790
5	2897	2667	2785	5791
5	2902	2855	2856	5792
5	2926	2855	2902	5793
5	2956	2699	2812	5794
5	3063	2896	2773	5795
5	2988	2863	2987	5796
5	3183	3162	2947	5797
5	2898	2893	2775	5798
5	2898	2775	2880	5799
5	2899	2820	2783	5800
5	2905	2806	2821	5801
5	2976	2849	2975	5802
5	2976	2900	2789	5803
5	3258	3193	3205	5804
5	3013	2889	2931	5805
5	3154	3041	3062	5806
5	3057	2925	3052	5807
5	2960	2777	2826	5808
5	2903	2847	2677	5809
5	3182	2906	3027	5810
5	3156	2953	3035	5811
5	2944	2806	2905	5812
5	2944	2783	2806	5813
5	3098	2968	3097	5814
5	2908	2819	2817	5815
5	2941	2811	2837	5816
5	3017	2810	2907	5817
5	2968	2701	2819	5818
5	2968	2838	2701	5819
5	3028	2771	2816	5820
5	3076	2935	2770	5821
5	2910	2909	2651	5822
5	2910	2651	2815	5823
5	2934	2884	2912	5824
5	2934	2823	2884	5825
5	2934	2911	2823	5826
5	3061	2945	2930	5827
5	3030	2913	2942	5828
5	3292	3132	3168	5829
5	3100	2922	3099	5830
5	2979	2857	2914	5831
5	3063	3023	2896	5832
5	2915	2773	2654	5833
5	3103	2975	3043	5834
5	3080	2950	3025	5835
5	2917	2812	2666	5836
5	2917	2666	2839	5837
5	3037	2918	2803	5838
5	3162	3046	2947	5839
5	2927	2793	2794	5840
5	3019	2963	2919	5841
5	3092	2971	2973	5842
5	2922	2914	2778	5843
5	3243	3122	3157	5844
5	3064	2916	2892	5845
5	2998	2875	2874	5846
5	2972	2843	2970	5847
5	2923	2910	2815	5848
5	2923	2815	2658	5849
5	3099	2920	3091	5850
5	2965	2833	2832	5851
5	2925	2902	2856	5852
5	2925	2856	2765	5853
5	3052	2925	2895	5854
5	2951	2804	2926	5855
5	3151	2937	3014	5856
5	3178	3030	3144	5857
5	3006	2756	2882	5858
5	3014	2937	2786	5859
5	3072	2894	2772	5860
5	2929	2772	2675	5861
5	2933	2766	2784	5862
5	2942	2766	2933	5863
5	2932	2792	2888	5864
5	3053	2911	2934	5865
5	3075	3053	2934	5866
5	3073	3012	3029	5867
5	3467	3356	3466	5868
5	3056	2901	2932	5869
5	3390	3258	3372	5870
5	3053	3021	2911	5871
5	3159	2935	3076	5872
5	2936	2770	2661	5873
5	2940	2648	2818	5874
5	2964	2634	2829	5875
5	3077	2797	2937	5876
5	2937	2797	2708	5877
5	3017	2915	2810	5878
5	3181	3017	2907	5879
5	2939	2930	2776	5880
5	2939	2776	2805	5881
5	3160	2801	3065	5882
5	3058	2818	2904	5883
5	3181	2907	3078	5884
5	2959	2811	2941	5885
5	3135	3011	3010	5886
5	3030	3015	2913	5887
5	3064	2892	3044	5888
5	3260	3141	3149	5889
5	3115	2990	3114	5890
5	2944	2899	2783	5891
5	2945	2933	2784	5892
5	2945	2784	2768	5893
5	3083	2923	3046	5894
5	2947	2716	2774	5895
5	3196	3136	2946	5896
5	3096	2946	2715	5897
5	3172	3051	3101	5898
5	3323	3191	3167	5899
5	2949	2927	2794	5900
5	2949	2794	2828	5901
5	2950	2943	2798	5902
5	2950	2798	2788	5903
5	3374	3261	3315	5904
5	3057	2902	2925	5905
5	3011	2886	3010	5906
5	3010	2885	3009	5907
5	2953	2816	2683	5908
5	2953	2683	2808	5909
5	3093	2813	2962	5910
5	2954	2850	2709	5911
5	2955	2948	2814	5912
5	2955	2814	2831	5913
5	2956	2908	2817	5914
5	2956	2817	2699	5915
5	2973	2844	2972	5916
5	3055	2891	2951	5917
5	2961	2809	2847	5918
5	3102	2958	3090	5919
5	3078	2907	2906	5920
5	3089	2964	2829	5921
5	3087	2962	2848	5922
5	3070	2847	2903	5923
5	2961	2826	2809	5924
5	3286	3173	3263	5925
5	3244	3124	3123	5926
5	2962	2813	2696	5927
5	2963	2949	2828	5928
5	2963	2828	2795	5929
5	3281	3037	3142	5930
5	2964	2825	2634	5931
5	3039	2903	2802	5932
5	3166	2961	3070	5933
5	2966	2833	2965	5934
5	3039	2802	2966	5935
5	3096	2715	2967	5936
5	2967	2715	2578	5937
5	3022	2908	2956	5938
5	3098	2938	2838	5939
5	2969	2917	2839	5940
5	2969	2839	2846	5941
5	2971	2822	2845	5942
5	3090	2958	2957	5943
5	2972	2844	2843	5944
5	3016	2957	2971	5945
5	3091	2960	3086	5946
5	2980	2978	2853	5947
5	2974	2796	2827	5948
5	2974	2848	2796	5949
5	3062	3041	2978	5950
5	3095	3039	2966	5951
5	2976	2789	2849	5952
5	2975	2849	2841	5953
5	3044	2892	2948	5954
5	3103	3033	2976	5955
5	2977	2965	2832	5956
5	2977	2832	2787	5957
5	2980	2858	2979	5958
5	3086	2960	2961	5959
5	2980	2853	2858	5960
5	2979	2858	2857	5961
5	3100	2914	2922	5962
5	3248	3179	3128	5963
5	2985	2861	2983	5964
5	2987	2862	2985	5965
5	3005	2851	2982	5966
5	3007	2881	3005	5967
5	3168	3008	3047	5968
5	2991	2866	2990	5969
5	3129	3005	2982	5970
5	2984	2982	2860	5971
5	3106	2982	2984	5972
5	2997	2872	2996	5973
5	3110	2986	2927	5974
5	2986	2984	2852	5975
5	3018	2919	2899	5976
5	3082	2905	3015	5977
5	3229	3108	3110	5978
5	3331	3204	3259	5979
5	3067	2949	2963	5980
5	3251	3129	3249	5981
5	3109	2987	2985	5982
5	3111	2988	2987	5983
5	3118	2993	3117	5984
5	3113	2989	2988	5985
5	3119	2994	3118	5986
5	3126	3002	3001	5987
5	3114	2990	2989	5988
5	3120	2995	3119	5989
5	3115	2991	2990	5990
5	3128	3004	3003	5991
5	3116	2992	2991	5992
5	3128	3003	3127	5993
5	3117	2993	2992	5994
5	3121	2996	3120	5995
5	3118	2994	2993	5996
5	3128	3048	3004	5997
5	3000	2842	2876	5998
5	3000	2876	2999	5999
5	3241	3121	3120	6000
5	3428	3373	3297	6001
5	3122	2999	2998	6002
5	3062	2978	2980	6003
5	3119	2995	2994	6004
5	3246	3125	3245	6005
5	3121	2997	2996	6006
5	3245	3121	3241	6007
5	3263	3173	3179	6008
5	3120	2996	2995	6009
5	3321	3225	3276	6010
5	3161	3044	3084	6011
5	3132	3105	2981	6012
5	3444	3442	3324	6013
5	3008	2840	2883	6014
5	3175	3006	3130	6015
5	3264	3014	2897	6016
5	3007	2882	2881	6017
5	3109	2985	3107	6018
5	3105	2983	2981	6019
5	3177	3052	3163	6020
5	3254	3133	3253	6021
5	3253	3133	3050	6022
5	3163	3052	3041	6023
5	3054	2931	3034	6024
5	3054	3013	2931	6025
5	3012	2932	2888	6026
5	3012	2888	2890	6027
5	3013	3012	2890	6028
5	3013	2890	2889	6029
5	3130	3006	2882	6030
5	3032	2929	2834	6031
5	3185	3029	3054	6032
5	3180	3137	3026	6033
5	3104	3062	2980	6034
5	3050	2952	2891	6035
5	3036	2956	2812	6036
5	3059	2941	2837	6037
5	3112	2949	3067	6038
5	3112	2927	2949	6039
5	3108	2984	2986	6040
5	3067	2963	3019	6041
5	3247	3127	3126	6042
5	3125	3001	2997	6043
5	3021	2939	2911	6044
5	3075	2912	2901	6045
5	3098	2838	2968	6046
5	3097	2908	3022	6047
5	3036	2812	2917	6048
5	3036	3022	2956	6049
5	3096	2967	3024	6050
5	3024	2967	2918	6051
5	3025	2950	2900	6052
5	3043	2975	2893	6053
5	3200	3018	3170	6054
5	3350	3347	3231	6055
5	3265	3197	3017	6056
5	3266	3078	3182	6057
5	3094	2904	2825	6058
5	3089	2829	2959	6059
5	3034	2931	3011	6060
5	3134	3010	3009	6061
5	3074	2945	3061	6062
5	3074	2933	2945	6063
5	3271	3060	3156	6064
5	3031	2897	2785	6065
5	3376	3309	3162	6066
5	3072	2772	2929	6067
5	3033	3025	2900	6068
5	3033	2900	2976	6069
5	3054	3029	3013	6070
5	3436	3312	3435	6071
5	3186	3065	2940	6072
5	3060	2816	2953	6073
5	3220	3098	3219	6074
5	3040	2969	3023	6075
5	3142	3037	2803	6076
5	3046	2716	2947	6077
5	3051	2973	2972	6078
5	3194	3055	3085	6079
5	3188	2962	3087	6080
5	3045	2924	2850	6081
5	3040	3036	2917	6082
5	3040	2917	2969	6083
5	3092	2973	3051	6084
5	3104	2979	3038	6085
5	3095	2965	3042	6086
5	3042	2965	2977	6087
5	3103	2976	2975	6088
5	3202	3157	3068	6089
5	3084	2955	3049	6090
5	3084	2948	2955	6091
5	3319	3192	3268	6092
5	3482	3372	3417	6093
5	3035	2791	2909	6094
5	3035	2808	2791	6095
5	3130	2882	3007	6096
5	3116	2991	3115	6097
5	3048	3020	2898	6098
5	3048	2898	3004	6099
5	3084	3044	2948	6100
5	3049	2955	2943	6101
5	3133	3009	2952	6102
5	3134	3009	3133	6103
5	3148	3049	3080	6104
5	3124	2970	3000	6105
5	3085	2951	2926	6106
5	3055	3050	2891	6107
5	3075	2934	2912	6108
5	3205	3056	3152	6109
5	3270	3205	3152	6110
5	3255	3176	3135	6111
5	3071	2902	3057	6112
5	3071	2926	2902	6113
5	3395	3316	3289	6114
5	3075	2901	3056	6115
5	3253	3050	3140	6116
5	3085	2926	3071	6117
5	3060	3028	2816	6118
5	3035	2953	2808	6119
5	3219	3097	3218	6120
5	3094	2825	2964	6121
5	3066	2909	2910	6122
5	3376	3162	3183	6123
5	3079	2942	2933	6124
5	3079	3030	2942	6125
5	3101	2972	2970	6126
5	3203	3057	3177	6127
5	3220	3059	2938	6128
5	3218	3097	3022	6129
5	3069	2916	3064	6130
5	3104	2980	2979	6131
5	3159	3027	2935	6132
5	3160	2803	2637	6133
5	3303	3065	3186	6134
5	3199	2909	3066	6135
5	3170	3018	3081	6136
5	3207	3079	3074	6137
5	3214	3051	3172	6138
5	3444	3322	3396	6139
5	3069	3068	2921	6140
5	3069	2921	2916	6141
5	3087	2848	2974	6142
5	3102	2974	2958	6143
5	3410	3268	3273	6144
5	3085	3055	2951	6145
5	3196	2946	3096	6146
5	3275	3028	3060	6147
5	3073	3056	2932	6148
5	3073	2932	3012	6149
5	3316	3144	3289	6150
5	3501	3379	3498	6151
5	3180	3026	3021	6152
5	3556	3446	3436	6153
5	3275	3139	3028	6154
5	3165	3058	2904	6155
5	3206	3047	2928	6156
5	3077	2928	2797	6157
5	3088	2959	2941	6158
5	3195	2941	3059	6159
5	3345	3228	3288	6160
5	3180	3021	3158	6161
5	3080	3049	2943	6162
5	3080	2943	2950	6163
5	3081	3018	2899	6164
5	3081	2899	2944	6165
5	3082	3081	2944	6166
5	3082	2944	2905	6167
5	3083	3066	2910	6168
5	3083	2910	2923	6169
5	3580	3374	3471	6170
5	3364	3246	3363	6171
5	3045	3042	2977	6172
5	3045	2977	2924	6173
5	3091	2920	2960	6174
5	3213	3090	3016	6175
5	3209	3038	3100	6176
5	3093	2954	2813	6177
5	3182	3078	2906	6178
5	3210	3089	2959	6179
5	3210	2959	3088	6180
5	3382	3088	3195	6181
5	3320	3215	3147	6182
5	3344	3224	3213	6183
5	3279	3086	3166	6184
5	3212	3091	3086	6185
5	3311	3167	3161	6186
5	3099	2922	2920	6187
5	3095	2966	2965	6188
5	3211	3087	2974	6189
5	3155	2964	3089	6190
5	3299	3037	3281	6191
5	3282	3221	3212	6192
5	3209	3164	3038	6193
5	3264	3031	3136	6194
5	3151	3077	2937	6195
5	3198	3138	3023	6196
5	3187	3022	3036	6197
5	3198	3023	3063	6198
5	3219	3098	3097	6199
5	3322	3203	3261	6200
5	3100	3038	2914	6201
5	3221	3099	3091	6202
5	3261	3203	3177	6203
5	3123	2999	3122	6204
5	3123	3000	2999	6205
5	3448	3334	3332	6206
5	3146	2903	3039	6207
5	3189	3033	3103	6208
5	3276	3225	3150	6209
5	3202	3068	3069	6210
5	3324	3194	3190	6211
5	3107	2985	2983	6212
5	3114	2989	3113	6213
5	3129	2982	3106	6214
5	3131	3005	3129	6215
5	3111	2987	3109	6216
5	3113	2988	3111	6217
5	3227	3106	3108	6218
5	3108	3106	2984	6219
5	3201	3019	3200	6220
5	3125	2997	3121	6221
5	3238	3117	3237	6222
5	3110	3108	2986	6223
5	3368	3249	3366	6224
5	3317	3180	3158	6225
5	3231	3110	3112	6226
5	3112	3110	2927	6227
5	3201	3067	3019	6228
5	3200	3019	3018	6229
5	3169	3081	3082	6230
5	3406	3346	3347	6231
5	3230	3109	3228	6232
5	3232	3113	3111	6233
5	3237	3116	3236	6234
5	3126	3001	3125	6235
5	3234	3114	3113	6236
5	3239	3118	3238	6237
5	3235	3115	3114	6238
5	3241	3120	3240	6239
5	3236	3116	3115	6240
5	3237	3117	3116	6241
5	3248	3127	3247	6242
5	3238	3118	3117	6243
5	3545	3521	3428	6244
5	3239	3119	3118	6245
5	3244	3123	3243	6246
5	3124	3000	3123	6247
5	3396	3261	3374	6248
5	3124	3101	2970	6249
5	3208	3049	3148	6250
5	3167	3044	3161	6251
5	3246	3126	3125	6252
5	3240	3120	3119	6253
5	3245	3125	3121	6254
5	3399	3311	3262	6255
5	3248	3128	3127	6256
5	3428	3321	3387	6257
5	3150	3043	3020	6258
5	3443	3311	3399	6259
5	3249	3129	3106	6260
5	3283	3151	3014	6261
5	3132	2981	3008	6262
5	3264	2897	3031	6263
5	3661	3548	3506	6264
5	3131	3007	3005	6265
5	3252	3171	3105	6266
5	3295	3130	3250	6267
5	3535	3413	3494	6268
5	3255	3135	3134	6269
5	3416	3293	3378	6270
5	3324	3190	3322	6271
5	3177	3057	3052	6272
5	3194	3085	3190	6273
5	3509	3309	3376	6274
5	3206	2928	3077	6275
5	3137	3061	3026	6276
5	3289	3144	3207	6277
5	3187	3036	3040	6278
5	3187	3040	3138	6279
5	3139	3076	2936	6280
5	3139	2936	3028	6281
5	3194	3140	3055	6282
5	3190	3085	3071	6283
5	3141	3080	3025	6284
5	3262	3161	3208	6285
5	3303	3281	3142	6286
5	3155	3094	2964	6287
5	3143	3082	3015	6288
5	3440	3317	3307	6289
5	3178	3015	3030	6290
5	3144	3030	3079	6291
5	3217	3046	3162	6292
5	3398	3159	3277	6293
5	3226	3104	3164	6294
5	3146	3070	2903	6295
5	3146	3039	3095	6296
5	3147	3045	2954	6297
5	3323	3167	3311	6298
5	3392	3300	3381	6299
5	3149	3141	3025	6300
5	3149	3025	3033	6301
5	3189	3149	3033	6302
5	3225	3043	3150	6303
5	3301	3206	3077	6304
5	3250	3130	3007	6305
5	3556	3436	3551	6306
5	3176	3034	3135	6307
5	3153	3152	3073	6308
5	3153	3073	3029	6309
5	3226	3062	3104	6310
5	3164	3104	3038	6311
5	3302	3094	3155	6312
5	3303	3142	3065	6313
5	3304	3199	3066	6314
5	3305	3156	3199	6315
5	3157	3122	3068	6316
5	3381	3300	3260	6317
5	3874	3769	3765	6318
5	3352	3233	3201	6319
5	3165	2904	3094	6320
5	3393	3266	3182	6321
5	3160	3065	3142	6322
5	3160	3142	2803	6323
5	3167	3064	3044	6324
5	3191	3069	3064	6325
5	3764	3430	3536	6326
5	3217	3083	3046	6327
5	3310	3163	3154	6328
5	3285	3214	3172	6329
5	3215	3042	3147	6330
5	3147	3042	3045	6331
5	3274	3058	3165	6332
5	3333	3155	3089	6333
5	3278	3087	3211	6334
5	3211	2974	3102	6335
5	3362	3245	3241	6336
5	3300	3141	3260	6337
5	3171	3107	3105	6338
5	3168	3132	3008	6339
5	3312	3143	3298	6340
5	3233	3112	3067	6341
5	3397	3259	3296	6342
5	3328	3200	3170	6343
5	3232	3111	3230	6344
5	3230	3111	3109	6345
5	3223	3213	3016	6346
5	3222	3100	3099	6347
5	3173	3150	3020	6348
5	3173	3020	3048	6349
5	3326	3136	3196	6350
5	3183	2947	2894	6351
5	3314	3174	3032	6352
5	3175	3032	3006	6353
5	3185	3153	3029	6354
5	3192	3034	3176	6355
5	3291	3226	3164	6356
5	3520	3396	3484	6357
5	3446	3313	3436	6358
5	3485	3380	3440	6359
5	3179	3173	3048	6360
5	3179	3048	3128	6361
5	3270	3258	3205	6362
5	3370	3253	3294	6363
5	3195	3088	2941	6364
5	3197	2915	3017	6365
5	3418	3275	3060	6366
5	3308	3027	3159	6367
5	3301	3077	3151	6368
5	3283	3014	3264	6369
5	3184	3183	2894	6370
5	3184	2894	3072	6371
5	3440	3307	3390	6372
5	3269	3152	3153	6373
5	3418	3060	3271	6374
5	3337	3145	3217	6375
5	3218	3022	3187	6376
5	3220	2938	3098	6377
5	3320	3093	3188	6378
5	3188	3093	2962	6379
5	3381	3260	3373	6380
5	3311	3161	3262	6381
5	3310	3154	3256	6382
5	3294	3140	3287	6383
5	3474	3364	3363	6384
5	3202	3069	3191	6385
5	3192	3185	3054	6386
5	3192	3054	3034	6387
5	3193	3158	3053	6388
5	3193	3053	3075	6389
5	3315	3177	3163	6390
5	3287	3140	3194	6391
5	3651	3393	3534	6392
5	3400	3078	3266	6393
5	3337	3217	3309	6394
5	3309	3217	3162	6395
5	3198	3063	3197	6396
5	3197	3063	2915	6397
5	3318	3210	3088	6398
5	3265	3017	3181	6399
5	3199	3156	3035	6400
5	3199	3035	2909	6401
5	3313	3170	3169	6402
5	3240	3119	3239	6403
5	3234	3113	3232	6404
5	3228	3109	3107	6405
5	3401	3257	3360	6406
5	3360	3242	3244	6407
5	3203	3190	3071	6408
5	3203	3071	3057	6409
5	3207	3144	3079	6410
5	3204	3074	3061	6411
5	3205	3193	3075	6412
5	3205	3075	3056	6413
5	3250	3007	3131	6414
5	3402	3330	3206	6415
5	3298	3143	3178	6416
5	3317	3158	3307	6417
5	3208	3161	3084	6418
5	3208	3084	3049	6419
5	3486	3411	3447	6420
5	3278	3188	3087	6421
5	3302	3165	3094	6422
5	3487	3266	3393	6423
5	3224	3102	3090	6424
5	3331	3289	3207	6425
5	3221	3091	3212	6426
5	3223	3092	3214	6427
5	3224	3090	3213	6428
5	3335	3102	3224	6429
5	3371	3254	3370	6430
5	3214	3092	3051	6431
5	3215	3146	3095	6432
5	3215	3095	3042	6433
5	3216	3196	3096	6434
5	3216	3096	3024	6435
5	3299	3024	3037	6436
5	3217	3145	3083	6437
5	3340	3059	3220	6438
5	3338	3198	3327	6439
5	3327	3198	3197	6440
5	3338	3138	3198	6441
5	3218	3187	3138	6442
5	3339	3220	3219	6443
5	3222	3099	3221	6444
5	3222	3209	3100	6445
5	3223	3016	3092	6446
5	3280	3243	3157	6447
5	3291	3256	3226	6448
5	3405	3282	3212	6449
5	3342	3221	3282	6450
5	3361	3243	3280	6451
5	3225	3189	3103	6452
5	3225	3103	3043	6453
5	3284	3164	3209	6454
5	3226	3154	3062	6455
5	3228	3107	3171	6456
5	3249	3106	3227	6457
5	3247	3126	3246	6458
5	3351	3232	3348	6459
5	3488	3389	3367	6460
5	3229	3227	3108	6461
5	3236	3115	3235	6462
5	3235	3114	3234	6463
5	3313	3169	3312	6464
5	3231	3229	3110	6465
5	3349	3200	3328	6466
5	3349	3201	3200	6467
5	3353	3234	3351	6468
5	3233	3231	3112	6469
5	3346	3227	3229	6470
5	3478	3366	3476	6471
5	3328	3170	3313	6472
5	3312	3169	3143	6473
5	3348	3232	3230	6474
5	3359	3241	3240	6475
5	3351	3234	3232	6476
5	3357	3238	3356	6477
5	3353	3235	3234	6478
5	3362	3241	3359	6479
5	3354	3236	3235	6480
5	3355	3237	3236	6481
5	3365	3247	3364	6482
5	3356	3238	3237	6483
5	3363	3245	3362	6484
5	3357	3239	3238	6485
5	3242	3172	3101	6486
5	3242	3101	3124	6487
5	3336	3223	3214	6488
5	3243	3123	3122	6489
5	3343	3223	3336	6490
5	3428	3297	3321	6491
5	3358	3240	3239	6492
5	3359	3240	3358	6493
5	3365	3290	3248	6494
5	3363	3246	3245	6495
5	3762	3632	3716	6496
5	3529	3420	3489	6497
5	3491	3385	3407	6498
5	3530	3381	3526	6499
5	3492	3479	3369	6500
5	3292	3252	3132	6501
5	3252	3105	3132	6502
5	3295	3175	3130	6503
5	3593	3388	3496	6504
5	3251	3131	3129	6505
5	3288	3228	3171	6506
5	3369	3288	3171	6507
5	3254	3134	3133	6508
5	3255	3134	3254	6509
5	3371	3255	3254	6510
5	3378	3319	3377	6511
5	3322	3190	3203	6512
5	3416	3269	3293	6513
5	3526	3373	3521	6514
5	3447	3323	3443	6515
5	3403	3279	3166	6516
5	3335	3211	3102	6517
5	3417	3270	3269	6518
5	3270	3152	3269	6519
5	3259	3204	3137	6520
5	3551	3436	3435	6521
5	3297	3260	3149	6522
5	3297	3149	3189	6523
5	3360	3257	3242	6524
5	3495	3386	3481	6525
5	3420	3286	3385	6526
5	3584	3474	3583	6527
5	3364	3247	3246	6528
5	3365	3248	3247	6529
5	3314	3032	3175	6530
5	3511	3409	3330	6531
5	3327	3197	3265	6532
5	3338	3219	3218	6533
5	3419	3139	3275	6534
5	3415	3318	3382	6535
5	3267	3184	3072	6536
5	3267	3072	3174	6537
5	3268	3192	3176	6538
5	3371	3273	3255	6539
5	3800	3705	3768	6540
5	3417	3269	3416	6541
5	3650	3501	3629	6542
5	3553	3440	3390	6543
5	3499	3391	3303	6544
5	3277	3076	3139	6545
5	3272	3262	3208	6546
5	3272	3208	3148	6547
5	3273	3268	3176	6548
5	3273	3176	3255	6549
5	3375	3136	3326	6550
5	3274	3186	3058	6551
5	3419	3275	3418	6552
5	3277	3159	3076	6553
5	3521	3373	3428	6554
5	3387	3321	3276	6555
5	3595	3505	3549	6556
5	3308	3182	3027	6557
5	3343	3213	3223	6558
5	3279	3212	3086	6559
5	3332	3146	3215	6560
5	3334	3070	3146	6561
5	3652	3539	3579	6562
5	3413	3272	3392	6563
5	3547	3274	3430	6564
5	3299	3216	3024	6565
5	3558	3448	3383	6566
5	3341	3209	3222	6567
5	3444	3324	3322	6568
5	3367	3250	3131	6569
5	3285	3172	3257	6570
5	3291	3164	3284	6571
5	3336	3214	3285	6572
5	3344	3213	3343	6573
5	3286	3276	3150	6574
5	3286	3150	3173	6575
5	3294	3253	3140	6576
5	3370	3254	3253	6577
5	3345	3230	3228	6578
5	3355	3236	3354	6579
5	3553	3390	3497	6580
5	3446	3328	3313	6581
5	3290	3263	3179	6582
5	3290	3179	3248	6583
5	3425	3257	3401	6584
5	3502	3425	3401	6585
5	3366	3249	3227	6586
5	3503	3292	3409	6587
5	3293	3269	3153	6588
5	3293	3153	3185	6589
5	3456	3344	3343	6590
5	3412	3256	3291	6591
5	3375	3264	3136	6592
5	3519	3437	3314	6593
5	3296	3259	3137	6594
5	3296	3137	3180	6595
5	3438	3256	3412	6596
5	3589	3481	3480	6597
5	3669	3497	3596	6598
5	3397	3296	3380	6599
5	3304	3066	3145	6600
5	3325	3196	3216	6601
5	3300	3272	3148	6602
5	3300	3148	3141	6603
5	3330	3047	3206	6604
5	3330	3168	3047	6605
5	3431	3304	3394	6606
5	3536	3302	3404	6607
5	3735	3656	3542	6608
5	3487	3415	3266	6609
5	3305	3271	3156	6610
5	3305	3199	3304	6611
5	3500	3281	3391	6612
5	3431	3305	3304	6613
5	3306	3280	3157	6614
5	3306	3157	3202	6615
5	3317	3296	3180	6616
5	3307	3158	3193	6617
5	3441	3210	3318	6618
5	3382	3195	3340	6619
5	3483	3325	3433	6620
5	3506	3431	3394	6621
5	3315	3261	3177	6622
5	3315	3163	3310	6623
5	3329	3202	3191	6624
5	3329	3191	3323	6625
5	3628	3533	3594	6626
5	3423	3331	3379	6627
5	3435	3298	3429	6628
5	3429	3316	3395	6629
5	3414	3184	3267	6630
5	3437	3174	3314	6631
5	3481	3370	3480	6632
5	3538	3386	3495	6633
5	3316	3298	3178	6634
5	3316	3178	3144	6635
5	3497	3372	3482	6636
5	3378	3293	3319	6637
5	3441	3333	3210	6638
5	3333	3089	3210	6639
5	3319	3293	3185	6640
5	3319	3185	3192	6641
5	3320	3147	3093	6642
5	3331	3207	3204	6643
5	3321	3297	3189	6644
5	3321	3189	3225	6645
5	3324	3287	3194	6646
5	3447	3411	3329	6647
5	3507	3454	3450	6648
5	3329	3306	3202	6649
5	3396	3322	3261	6650
5	3527	3447	3443	6651
5	3326	3196	3325	6652
5	3388	3301	3151	6653
5	3801	3711	3601	6654
5	3388	3151	3283	6655
5	3340	3195	3059	6656
5	3338	3218	3138	6657
5	3435	3312	3298	6658
5	3358	3239	3357	6659
5	3392	3272	3300	6660
5	3599	3563	3507	6661
5	3737	3633	3493	6662
5	3367	3131	3251	6663
5	3515	3279	3403	6664
5	3332	3215	3320	6665
5	3334	3146	3332	6666
5	3334	3166	3070	6667
5	3404	3155	3333	6668
5	3393	3182	3308	6669
5	3403	3166	3334	6670
5	3448	3403	3334	6671
5	3448	3332	3383	6672
5	3449	3211	3335	6673
5	3471	3315	3310	6674
5	3616	3405	3515	6675
5	3524	3506	3394	6676
5	3391	3281	3303	6677
5	3340	3220	3339	6678
5	3339	3219	3338	6679
5	3452	3327	3265	6680
5	3400	3265	3181	6681
5	3400	3181	3078	6682
5	3382	3318	3088	6683
5	3453	3424	3284	6684
5	3341	3284	3209	6685
5	3342	3341	3222	6686
5	3342	3222	3221	6687
5	3450	3336	3285	6688
5	3425	3285	3257	6689
5	3454	3343	3336	6690
5	3597	3513	3560	6691
5	3348	3230	3345	6692
5	3356	3237	3355	6693
5	3476	3366	3346	6694
5	3366	3227	3346	6695
5	3347	3346	3229	6696
5	3347	3229	3231	6697
5	3736	3592	3626	6698
5	3354	3235	3353	6699
5	3352	3201	3349	6700
5	3350	3231	3233	6701
5	3474	3363	3473	6702
5	3461	3458	3350	6703
5	3458	3347	3350	6704
5	3459	3351	3348	6705
5	3458	3406	3347	6706
5	3352	3350	3233	6707
5	3565	3384	3457	6708
5	3460	3352	3349	6709
5	3463	3328	3446	6710
5	3429	3298	3316	6711
5	3436	3313	3312	6712
5	3462	3351	3459	6713
5	3462	3353	3351	6714
5	3464	3354	3353	6715
5	3582	3473	3472	6716
5	3465	3355	3354	6717
5	3473	3362	3472	6718
5	3466	3356	3355	6719
5	3475	3364	3474	6720
5	3467	3357	3356	6721
5	3411	3306	3329	6722
5	3510	3401	3470	6723
5	3361	3360	3244	6724
5	3361	3244	3243	6725
5	3472	3359	3469	6726
5	3468	3358	3357	6727
5	3469	3359	3358	6728
5	3475	3408	3365	6729
5	3473	3363	3362	6730
5	3983	3911	3982	6731
5	3699	3606	3641	6732
5	3472	3362	3359	6733
5	3479	3457	3288	6734
5	3426	3252	3292	6735
5	3369	3171	3252	6736
5	3711	3492	3601	6737
5	3704	3488	3608	6738
5	3368	3251	3249	6739
5	3476	3346	3406	6740
5	3384	3348	3345	6741
5	3481	3386	3371	6742
5	3480	3370	3294	6743
5	3696	3544	3657	6744
5	3410	3273	3386	6745
5	3417	3372	3270	6746
5	3481	3371	3370	6747
5	3491	3407	3490	6748
5	3602	3490	3517	6749
5	3438	3310	3256	6750
5	3741	3522	3616	6751
5	3552	3414	3267	6752
5	3434	3337	3309	6753
5	3524	3394	3337	6754
5	3493	3376	3414	6755
5	3377	3319	3268	6756
5	3386	3273	3371	6757
5	3518	3442	3444	6758
5	3544	3442	3518	6759
5	3379	3331	3259	6760
5	3629	3498	3628	6761
5	3397	3379	3259	6762
5	3380	3296	3317	6763
5	3951	3855	3927	6764
5	3603	3521	3545	6765
5	3452	3339	3338	6766
5	3452	3265	3400	6767
5	3902	3706	3813	6768
5	3383	3188	3278	6769
5	3466	3355	3465	6770
5	3468	3357	3467	6771
5	3385	3286	3263	6772
5	3475	3365	3364	6773
5	3410	3377	3268	6774
5	3703	3594	3610	6775
5	3494	3413	3392	6776
5	3742	3659	3707	6777
5	3402	3301	3388	6778
5	3402	3206	3301	6779
5	3389	3295	3250	6780
5	3389	3250	3367	6781
5	3440	3380	3317	6782
5	3390	3307	3258	6783
5	3433	3216	3299	6784
5	3433	3325	3216	6785
5	3648	3530	3526	6786
5	3526	3381	3373	6787
5	3404	3302	3155	6788
5	3531	3404	3333	6789
5	3394	3304	3145	6790
5	3394	3145	3337	6791
5	3550	3429	3546	6792
5	3533	3380	3485	6793
5	3427	3294	3287	6794
5	3480	3294	3427	6795
5	3498	3379	3397	6796
5	3546	3395	3532	6797
5	3534	3393	3308	6798
5	3398	3308	3159	6799
5	3743	3728	3604	6800
5	3627	3490	3602	6801
5	3452	3340	3339	6802
5	3452	3338	3327	6803
5	3421	3306	3411	6804
5	3607	3518	3520	6805
5	3409	3292	3168	6806
5	3409	3168	3330	6807
5	3451	3342	3282	6808
5	3405	3212	3279	6809
5	3432	3305	3431	6810
5	3764	3547	3430	6811
5	3422	3335	3224	6812
5	3422	3224	3344	6813
5	3569	3459	3516	6814
5	3457	3345	3288	6815
5	3407	3385	3263	6816
5	3407	3263	3290	6817
5	3408	3407	3290	6818
5	3408	3290	3365	6819
5	3704	3600	3488	6820
5	3426	3369	3252	6821
5	4003	3938	3984	6822
5	3609	3528	3538	6823
5	3439	3361	3280	6824
5	3504	3439	3421	6825
5	3421	3280	3306	6826
5	3470	3360	3361	6827
5	3413	3399	3262	6828
5	3413	3262	3272	6829
5	3414	3376	3183	6830
5	3414	3183	3184	6831
5	3415	3382	3400	6832
5	3415	3400	3266	6833
5	3540	3416	3378	6834
5	3610	3594	3485	6835
5	3667	3551	3550	6836
5	3692	3623	3584	6837
5	3542	3277	3419	6838
5	3419	3277	3139	6839
5	3430	3165	3302	6840
5	3505	3419	3418	6841
5	3420	3387	3276	6842
5	3420	3276	3286	6843
5	3705	3605	3655	6844
5	3688	3543	3604	6845
5	3455	3341	3342	6846
5	3512	3403	3448	6847
5	3423	3395	3289	6848
5	3423	3289	3331	6849
5	3424	3412	3291	6850
5	3424	3291	3284	6851
5	3450	3285	3425	6852
5	3522	3451	3282	6853
5	3477	3367	3251	6854
5	3477	3251	3368	6855
5	3543	3411	3486	6856
5	3804	3721	3790	6857
5	3936	3817	3812	6858
5	3794	3692	3691	6859
5	3532	3423	3501	6860
5	3463	3349	3328	6861
5	3499	3303	3186	6862
5	3430	3274	3165	6863
5	3432	3271	3305	6864
5	3432	3418	3271	6865
5	3500	3299	3281	6866
5	3547	3499	3186	6867
5	3524	3337	3434	6868
5	3555	3375	3326	6869
5	3600	3523	3389	6870
5	3375	3283	3264	6871
5	3754	3628	3753	6872
5	3501	3423	3379	6873
5	3551	3435	3550	6874
5	3532	3395	3423	6875
5	3631	3402	3593	6876
5	3437	3267	3174	6877
5	3439	3280	3421	6878
5	3471	3310	3438	6879
5	3470	3361	3439	6880
5	3470	3401	3360	6881
5	3541	3417	3416	6882
5	3645	3528	3609	6883
5	3554	3318	3415	6884
5	3591	3531	3441	6885
5	3442	3427	3287	6886
5	3442	3287	3324	6887
5	3447	3329	3323	6888
5	3443	3323	3311	6889
5	3519	3314	3175	6890
5	3511	3330	3402	6891
5	3708	3615	3555	6892
5	3445	3326	3325	6893
5	3572	3446	3556	6894
5	3469	3358	3468	6895
5	3383	3332	3320	6896
5	3383	3320	3188	6897
5	3449	3278	3211	6898
5	3598	3561	3456	6899
5	3558	3278	3449	6900
5	3558	3383	3278	6901
5	3559	3450	3425	6902
5	3515	3403	3512	6903
5	3455	3342	3451	6904
5	3453	3284	3341	6905
5	3452	3400	3382	6906
5	3452	3382	3340	6907
5	3454	3336	3450	6908
5	3559	3425	3502	6909
5	3456	3343	3454	6910
5	3741	3616	3701	6911
5	3709	3561	3598	6912
5	3455	3453	3341	6913
5	3736	3707	3592	6914
5	3580	3471	3539	6915
5	3573	3464	3571	6916
5	3457	3384	3345	6917
5	3459	3348	3384	6918
5	3516	3459	3384	6919
5	3464	3353	3462	6920
5	3465	3354	3464	6921
5	3461	3352	3460	6922
5	3461	3350	3352	6923
5	3805	3755	3635	6924
5	3537	3476	3406	6925
5	3618	3537	3566	6926
5	3583	3473	3582	6927
5	3666	3516	3619	6928
5	3463	3460	3349	6929
5	3569	3462	3459	6930
5	3567	3461	3460	6931
5	3806	3608	3745	6932
5	3546	3429	3395	6933
5	3550	3435	3429	6934
5	3904	3711	3801	6935
5	3571	3464	3462	6936
5	3573	3465	3464	6937
5	3584	3517	3475	6938
5	3574	3466	3465	6939
5	3692	3583	3691	6940
5	3575	3467	3466	6941
5	3604	3543	3486	6942
5	3530	3392	3381	6943
5	3589	3480	3588	6944
5	3471	3374	3315	6945
5	3690	3582	3581	6946
5	3576	3468	3467	6947
5	3582	3472	3581	6948
5	3577	3469	3468	6949
5	3583	3474	3473	6950
5	3626	3489	3491	6951
5	3581	3472	3469	6952
5	3584	3475	3474	6953
5	3585	3368	3478	6954
5	3488	3367	3477	6955
5	3479	3288	3369	6956
5	3503	3426	3292	6957
5	3600	3389	3488	6958
5	3478	3368	3366	6959
5	3492	3369	3426	6960
5	3570	3460	3463	6961
5	3513	3412	3424	6962
5	3541	3416	3540	6963
5	3525	3378	3377	6964
5	3654	3540	3525	6965
5	3541	3482	3417	6966
5	3540	3378	3525	6967
5	3624	3445	3483	6968
5	3483	3445	3325	6969
5	3484	3396	3374	6970
5	3580	3484	3374	6971
5	3753	3594	3703	6972
5	3768	3655	3654	6973
5	3766	3687	3652	6974
5	3527	3486	3447	6975
5	3542	3398	3277	6976
5	3554	3441	3318	6977
5	3519	3175	3295	6978
5	3555	3326	3445	6979
5	3489	3420	3385	6980
5	3788	3686	3653	6981
5	3491	3489	3385	6982
5	3490	3407	3408	6983
5	3626	3592	3489	6984
5	3934	3836	3897	6985
5	3608	3477	3585	6986
5	3586	3476	3537	6987
5	3509	3434	3309	6988
5	3509	3376	3493	6989
5	3508	3443	3399	6990
5	3527	3443	3508	6991
5	3589	3495	3481	6992
5	3588	3427	3544	6993
5	3496	3388	3283	6994
5	3496	3283	3375	6995
5	3553	3485	3440	6996
5	3497	3390	3372	6997
5	3747	3610	3669	6998
5	3660	3532	3650	6999
5	3548	3432	3431	7000
5	3549	3432	3548	7001
5	3514	3299	3500	7002
5	3514	3433	3299	7003
5	3610	3485	3553	7004
5	3747	3703	3610	7005
5	3578	3439	3504	7006
5	3612	3507	3559	7007
5	4010	3835	3944	7008
5	3585	3477	3368	7009
5	3578	3470	3439	7010
5	3510	3502	3401	7011
5	3531	3333	3441	7012
5	3534	3308	3398	7013
5	3549	3505	3418	7014
5	3548	3431	3506	7015
5	3563	3456	3454	7016
5	3579	3412	3513	7017
5	3648	3526	3646	7018
5	3898	3808	3868	7019
5	3633	3509	3493	7020
5	3643	3524	3434	7021
5	3539	3471	3438	7022
5	3564	3455	3451	7023
5	3608	3488	3477	7024
5	3805	3635	3733	7025
5	3616	3522	3405	7026
5	3515	3405	3279	7027
5	3716	3606	3699	7028
5	3653	3578	3504	7029
5	3644	3506	3524	7030
5	3590	3483	3433	7031
5	3563	3454	3507	7032
5	3522	3282	3405	7033
5	3574	3465	3573	7034
5	3572	3463	3446	7035
5	3517	3490	3408	7036
5	3517	3408	3475	7037
5	3544	3427	3442	7038
5	3588	3480	3427	7039
5	3640	3437	3519	7040
5	3552	3267	3437	7041
5	3520	3518	3444	7042
5	3520	3444	3396	7043
5	3530	3494	3392	7044
5	3808	3715	3762	7045
5	3557	3335	3422	7046
5	3642	3422	3561	7047
5	3523	3519	3295	7048
5	3523	3295	3389	7049
5	3644	3524	3643	7050
5	3590	3433	3514	7051
5	3799	3696	3717	7052
5	3654	3525	3645	7053
5	4029	3898	4020	7054
5	3817	3752	3718	7055
5	3657	3518	3607	7056
5	3767	3645	3761	7057
5	3528	3525	3377	7058
5	3528	3377	3410	7059
5	3545	3428	3387	7060
5	3529	3387	3420	7061
5	3659	3529	3592	7062
5	3606	3535	3494	7063
5	3649	3404	3531	7064
5	3536	3430	3302	7065
5	3655	3541	3540	7066
5	3628	3498	3533	7067
5	3533	3498	3397	7068
5	3533	3397	3380	7069
5	3554	3415	3487	7070
5	3670	3554	3487	7071
5	3535	3508	3399	7072
5	3535	3399	3413	7073
5	3649	3536	3404	7074
5	3547	3186	3274	7075
5	3621	3479	3492	7076
5	3587	3565	3457	7077
5	3538	3528	3410	7078
5	3538	3410	3386	7079
5	3696	3588	3544	7080
5	3638	3513	3597	7081
5	3719	3605	3705	7082
5	3645	3525	3528	7083
5	3869	3754	3864	7084
5	3655	3605	3541	7085
5	3651	3487	3393	7086
5	3656	3398	3542	7087
5	3543	3504	3421	7088
5	3543	3421	3411	7089
5	4118	4026	4045	7090
5	3854	3743	3847	7091
5	3646	3521	3603	7092
5	3715	3625	3647	7093
5	3665	3550	3546	7094
5	3629	3501	3498	7095
5	3723	3651	3656	7096
5	3549	3418	3432	7097
5	3671	3445	3624	7098
5	3724	3639	3662	7099
5	3749	3624	3483	7100
5	3842	3771	3664	7101
5	3667	3550	3665	7102
5	3694	3537	3618	7103
5	3665	3546	3660	7104
5	3650	3532	3501	7105
5	3613	3493	3414	7106
5	3593	3402	3388	7107
5	3655	3540	3654	7108
5	3769	3660	3650	7109
5	3649	3531	3591	7110
5	3591	3441	3554	7111
5	3634	3434	3509	7112
5	3708	3555	3671	7113
5	3780	3727	3622	7114
5	3905	3731	3826	7115
5	3672	3449	3557	7116
5	3557	3449	3335	7117
5	3672	3558	3449	7118
5	3558	3512	3448	7119
5	3673	3597	3560	7120
5	3559	3507	3450	7121
5	3560	3513	3424	7122
5	3560	3424	3453	7123
5	3561	3422	3344	7124
5	3561	3344	3456	7125
5	3562	3560	3453	7126
5	3562	3453	3455	7127
5	3598	3456	3563	7128
5	3675	3562	3564	7129
5	3702	3653	3688	7130
5	3564	3562	3455	7131
5	3568	3461	3567	7132
5	3565	3516	3384	7133
5	3566	3537	3406	7134
5	3566	3406	3458	7135
5	3568	3458	3461	7136
5	3568	3566	3458	7137
5	3581	3469	3577	7138
5	4076	3991	3925	7139
5	3571	3462	3569	7140
5	3577	3468	3576	7141
5	3679	3571	3622	7142
5	3570	3567	3460	7143
5	3576	3467	3575	7144
5	3575	3466	3574	7145
5	3677	3620	3567	7146
5	3572	3570	3463	7147
5	3620	3568	3567	7148
5	3676	3568	3620	7149
5	3826	3731	3692	7150
5	3676	3618	3566	7151
5	3681	3573	3679	7152
5	3689	3577	3685	7153
5	3679	3573	3571	7154
5	3681	3574	3573	7155
5	3691	3582	3690	7156
5	3683	3575	3574	7157
5	3612	3599	3507	7158
5	3578	3510	3470	7159
5	3579	3539	3438	7160
5	3579	3438	3412	7161
5	4110	4019	4075	7162
5	3730	3609	3614	7163
5	3812	3718	3732	7164
5	3684	3576	3575	7165
5	3690	3581	3689	7166
5	3685	3577	3576	7167
5	3846	3732	3731	7168
5	3691	3583	3582	7169
5	4063	3981	3987	7170
5	3732	3623	3731	7171
5	3587	3457	3479	7172
5	3750	3668	3523	7173
5	3711	3621	3492	7174
5	3586	3478	3476	7175
5	3700	3587	3621	7176
5	3695	3619	3565	7177
5	4034	3924	4003	7178
5	3658	3614	3495	7179
5	3625	3604	3486	7180
5	3732	3602	3623	7181
5	3726	3595	3663	7182
5	3671	3555	3445	7183
5	3735	3542	3419	7184
5	3735	3419	3505	7185
5	3592	3529	3489	7186
5	3936	3812	3935	7187
5	3850	3633	3737	7188
5	3901	3805	3733	7189
5	3594	3533	3485	7190
5	3765	3629	3754	7191
5	3663	3548	3661	7192
5	3661	3506	3644	7193
5	3596	3497	3482	7194
5	3820	3719	3705	7195
5	3790	3687	3766	7196
5	3638	3579	3513	7197
5	3740	3675	3564	7198
5	3675	3673	3562	7199
5	4064	3999	4030	7200
5	3740	3564	3674	7201
5	3750	3523	3600	7202
5	3613	3414	3552	7203
5	3601	3492	3426	7204
5	3601	3426	3503	7205
5	3689	3581	3577	7206
5	3692	3584	3583	7207
5	3836	3742	3802	7208
5	3710	3646	3603	7209
5	3763	3646	3710	7210
5	3817	3718	3812	7211
5	3605	3596	3482	7212
5	3605	3482	3541	7213
5	3625	3486	3527	7214
5	3632	3535	3606	7215
5	3687	3539	3652	7216
5	3762	3647	3632	7217
5	3745	3585	3693	7218
5	3621	3587	3479	7219
5	3790	3721	3617	7220
5	3657	3544	3518	7221
5	3875	3769	3874	7222
5	3747	3669	3713	7223
5	3611	3607	3520	7224
5	3611	3520	3484	7225
5	3788	3653	3702	7226
5	3673	3560	3562	7227
5	3615	3375	3555	7228
5	3749	3483	3590	7229
5	3614	3609	3538	7230
5	3614	3538	3495	7231
5	3816	3671	3751	7232
5	3615	3496	3375	7233
5	3672	3512	3558	7234
5	3741	3674	3522	7235
5	3617	3611	3484	7236
5	3617	3484	3580	7237
5	3622	3571	3569	7238
5	3619	3516	3565	7239
5	3660	3546	3532	7240
5	3676	3566	3568	7241
5	3682	3551	3667	7242
5	3680	3572	3556	7243
5	3693	3585	3478	7244
5	3693	3478	3586	7245
5	3683	3574	3681	7246
5	3677	3567	3570	7247
5	3623	3602	3517	7248
5	3623	3517	3584	7249
5	3815	3600	3704	7250
5	3816	3708	3671	7251
5	3647	3508	3632	7252
5	3647	3527	3508	7253
5	3752	3627	3718	7254
5	3931	3802	3834	7255
5	3627	3626	3491	7256
5	3627	3491	3490	7257
5	3785	3682	3667	7258
5	4065	3833	3912	7259
5	3713	3669	3596	7260
5	3753	3628	3594	7261
5	3630	3612	3559	7262
5	3630	3559	3502	7263
5	3904	3837	3711	7264
5	3631	3511	3402	7265
5	3647	3625	3527	7266
5	3632	3508	3535	7267
5	3634	3509	3633	7268
5	3663	3549	3548	7269
5	3848	3822	3774	7270
5	3643	3434	3634	7271
5	3635	3503	3409	7272
5	3635	3409	3511	7273
5	3636	3616	3515	7274
5	3636	3515	3512	7275
5	3637	3630	3502	7276
5	3637	3502	3510	7277
5	3652	3579	3638	7278
5	3687	3580	3539	7279
5	3639	3590	3514	7280
5	3639	3514	3500	7281
5	3757	3640	3668	7282
5	3640	3552	3437	7283
5	3641	3606	3494	7284
5	3641	3494	3530	7285
5	3642	3636	3557	7286
5	3642	3557	3422	7287
5	3758	3643	3634	7288
5	3770	3724	3725	7289
5	3821	3749	3759	7290
5	3835	3593	3814	7291
5	3838	3719	3820	7292
5	3768	3654	3767	7293
5	3648	3641	3530	7294
5	3646	3526	3521	7295
5	3819	3746	3798	7296
5	3734	3720	3607	7297
5	3722	3699	3641	7298
5	3761	3609	3730	7299
5	3841	3664	3499	7300
5	3774	3649	3591	7301
5	3773	3665	3772	7302
5	3772	3660	3769	7303
5	3670	3487	3651	7304
5	3670	3591	3554	7305
5	3686	3510	3578	7306
5	3738	3630	3637	7307
5	3686	3578	3653	7308
5	3686	3637	3510	7309
5	3761	3645	3609	7310
5	4065	3903	3833	7311
5	3829	3730	3746	7312
5	3820	3705	3800	7313
5	3656	3651	3534	7314
5	3656	3534	3398	7315
5	3658	3495	3589	7316
5	3734	3611	3721	7317
5	3697	3588	3696	7318
5	3697	3589	3588	7319
5	3659	3603	3545	7320
5	3659	3545	3529	7321
5	3863	3753	3703	7322
5	3754	3629	3628	7323
5	3759	3639	3724	7324
5	3968	3883	3917	7325
5	3662	3639	3500	7326
5	3662	3500	3391	7327
5	3723	3670	3651	7328
5	3663	3595	3549	7329
5	3664	3662	3391	7330
5	3664	3391	3499	7331
5	4150	4066	4134	7332
5	3682	3556	3551	7333
5	3666	3622	3569	7334
5	3666	3569	3516	7335
5	3765	3650	3629	7336
5	3772	3665	3660	7337
5	3668	3640	3519	7338
5	3668	3519	3523	7339
5	3669	3610	3553	7340
5	3669	3553	3497	7341
5	3906	3841	3764	7342
5	3774	3591	3670	7343
5	3835	3733	3631	7344
5	3737	3493	3613	7345
5	3672	3557	3636	7346
5	3672	3636	3512	7347
5	3776	3597	3673	7348
5	3775	3599	3612	7349
5	3674	3564	3451	7350
5	3674	3451	3522	7351
5	3813	3675	3740	7352
5	3852	3741	3701	7353
5	3729	3618	3676	7354
5	3778	3666	3619	7355
5	3783	3680	3682	7356
5	3779	3712	3677	7357
5	3678	3677	3570	7358
5	3678	3570	3572	7359
5	3685	3576	3684	7360
5	3684	3575	3683	7361
5	3779	3677	3678	7362
5	3680	3678	3572	7363
5	3712	3620	3677	7364
5	3773	3667	3665	7365
5	3785	3667	3773	7366
5	3682	3680	3556	7367
5	3782	3679	3727	7368
5	3794	3691	3793	7369
5	3826	3692	3794	7370
5	3769	3650	3765	7371
5	3926	3831	3907	7372
5	3784	3683	3681	7373
5	3706	3673	3675	7374
5	3714	3637	3686	7375
5	3748	3630	3738	7376
5	3687	3617	3580	7377
5	3688	3653	3504	7378
5	3688	3504	3543	7379
5	3792	3689	3791	7380
5	3786	3684	3683	7381
5	3793	3691	3690	7382
5	3787	3685	3684	7383
5	3846	3812	3732	7384
5	3793	3690	3792	7385
5	3791	3689	3685	7386
5	3792	3690	3689	7387
5	3695	3565	3587	7388
5	3992	3827	3929	7389
5	3827	3693	3795	7390
5	3694	3586	3537	7391
5	3700	3695	3587	7392
5	3777	3620	3712	7393
5	3697	3658	3589	7394
5	3932	3828	3839	7395
5	3873	3800	3768	7396
5	3890	3728	3854	7397
5	3735	3505	3698	7398
5	3698	3505	3595	7399
5	4254	4211	4214	7400
5	3722	3641	3648	7401
5	3825	3782	3727	7402
5	3796	3618	3729	7403
5	3701	3616	3636	7404
5	3701	3636	3642	7405
5	3909	3800	3873	7406
5	3829	3746	3819	7407
5	3833	3703	3747	7408
5	3767	3654	3645	7409
5	3745	3608	3585	7410
5	3994	3801	3933	7411
5	3768	3705	3655	7412
5	3872	3761	3867	7413
5	3748	3612	3630	7414
5	3789	3638	3744	7415
5	3707	3659	3592	7416
5	3840	3763	3807	7417
5	3814	3496	3615	7418
5	4077	3988	3910	7419
5	3709	3701	3642	7420
5	3709	3642	3561	7421
5	3943	3849	3913	7422
5	3807	3763	3710	7423
5	3801	3601	3755	7424
5	3910	3815	3704	7425
5	3797	3619	3695	7426
5	3727	3679	3622	7427
5	3873	3768	3767	7428
5	3912	3833	3857	7429
5	3738	3637	3714	7430
5	3775	3612	3748	7431
5	3743	3625	3715	7432
5	3728	3688	3604	7433
5	3762	3715	3647	7434
5	3716	3632	3606	7435
5	3717	3696	3657	7436
5	3721	3611	3617	7437
5	3718	3627	3602	7438
5	3993	3948	3945	7439
5	3719	3713	3596	7440
5	3719	3596	3605	7441
5	3720	3717	3657	7442
5	3720	3657	3607	7443
5	3734	3607	3611	7444
5	3847	3743	3715	7445
5	3834	3802	3707	7446
5	4162	4138	4087	7447
5	3764	3536	3649	7448
5	3774	3670	3723	7449
5	3771	3662	3664	7450
5	3725	3663	3661	7451
5	3841	3547	3764	7452
5	3726	3663	3725	7453
5	3771	3724	3662	7454
5	3841	3499	3547	7455
5	3786	3683	3784	7456
5	3784	3681	3782	7457
5	3790	3617	3687	7458
5	3728	3702	3688	7459
5	3843	3695	3700	7460
5	3881	3777	3712	7461
5	3854	3728	3743	7462
5	3867	3730	3829	7463
5	3732	3718	3602	7464
5	3731	3623	3692	7465
5	4134	4066	4107	7466
5	3834	3707	3736	7467
5	3733	3635	3511	7468
5	3733	3511	3631	7469
5	3743	3604	3625	7470
5	3923	3871	3890	7471
5	3971	3886	3876	7472
5	3848	3656	3735	7473
5	3849	3752	3817	7474
5	3936	3913	3817	7475
5	3756	3634	3633	7476
5	3850	3756	3633	7477
5	3744	3638	3597	7478
5	3859	3775	3748	7479
5	3739	3598	3563	7480
5	3739	3563	3599	7481
5	3824	3823	3740	7482
5	3852	3740	3674	7483
5	3852	3701	3709	7484
5	3824	3598	3739	7485
5	3742	3710	3603	7486
5	3742	3603	3659	7487
5	3982	3934	3981	7488
5	3889	3766	3870	7489
5	3856	3789	3744	7490
5	3832	3798	3799	7491
5	3827	3745	3693	7492
5	3796	3694	3618	7493
5	3746	3730	3614	7494
5	3746	3614	3658	7495
5	3950	3838	3924	7496
5	3966	3881	3926	7497
5	3945	3847	3808	7498
5	3858	3748	3738	7499
5	3770	3661	3644	7500
5	3760	3643	3758	7501
5	3757	3552	3640	7502
5	3988	3815	3910	7503
5	3751	3671	3624	7504
5	3821	3818	3862	7505
5	3752	3736	3626	7506
5	3752	3626	3627	7507
5	4245	4197	4147	7508
5	3857	3747	3713	7509
5	4073	4038	3954	7510
5	3857	3713	3838	7511
5	3755	3601	3503	7512
5	3755	3503	3635	7513
5	3760	3644	3643	7514
5	3758	3634	3756	7515
5	3865	3613	3757	7516
5	3757	3613	3552	7517
5	3962	3875	3874	7518
5	3818	3760	3758	7519
5	3759	3749	3590	7520
5	3759	3590	3639	7521
5	3770	3644	3760	7522
5	3770	3725	3661	7523
5	3960	3867	3956	7524
5	3945	3808	3898	7525
5	3868	3716	3809	7526
5	3974	3804	3889	7527
5	3763	3722	3648	7528
5	3763	3648	3646	7529
5	4047	3968	4018	7530
5	3810	3595	3726	7531
5	3864	3753	3863	7532
5	3864	3754	3753	7533
5	3922	3775	3859	7534
5	3989	3803	3902	7535
5	3872	3767	3761	7536
5	3938	3800	3909	7537
5	3960	3872	3867	7538
5	3990	3920	3958	7539
5	3883	3782	3825	7540
5	3874	3765	3869	7541
5	3821	3760	3818	7542
5	3770	3759	3724	7543
5	3771	3726	3725	7544
5	3771	3725	3724	7545
5	4016	3962	4001	7546
5	3869	3765	3754	7547
5	3886	3773	3876	7548
5	3782	3681	3679	7549
5	3848	3774	3723	7550
5	3822	3649	3774	7551
5	3776	3673	3706	7552
5	3813	3706	3675	7553
5	3871	3788	3702	7554
5	3776	3744	3597	7555
5	3777	3729	3676	7556
5	3777	3676	3620	7557
5	3925	3896	3797	7558
5	3780	3666	3778	7559
5	3831	3712	3779	7560
5	3780	3622	3666	7561
5	3970	3885	3968	7562
5	3844	3729	3777	7563
5	3781	3779	3678	7564
5	3781	3678	3680	7565
5	3791	3685	3787	7566
5	3787	3684	3786	7567
5	3905	3846	3731	7568
5	3783	3781	3680	7569
5	3879	3779	3781	7570
5	3876	3773	3772	7571
5	3886	3785	3773	7572
5	3785	3783	3682	7573
5	4045	3894	3978	7574
5	3875	3772	3769	7575
5	3879	3831	3779	7576
5	3876	3772	3875	7577
5	3952	3859	3858	7578
5	3788	3714	3686	7579
5	3789	3766	3652	7580
5	3789	3652	3638	7581
5	3828	3717	3720	7582
5	3853	3734	3721	7583
5	3887	3786	3885	7584
5	3885	3786	3784	7585
5	3928	3905	3826	7586
5	3887	3787	3786	7587
5	3891	3791	3787	7588
5	3892	3791	3891	7589
5	3928	3826	3794	7590
5	4189	4079	4135	7591
5	3795	3693	3586	7592
5	3795	3586	3694	7593
5	3797	3778	3619	7594
5	3979	3895	3844	7595
5	4124	4039	4051	7596
5	3895	3729	3844	7597
5	3798	3746	3658	7598
5	3798	3658	3697	7599
5	3799	3798	3697	7600
5	3799	3697	3696	7601
5	3873	3767	3872	7602
5	3867	3761	3730	7603
5	4070	3908	4012	7604
5	3815	3750	3600	7605
5	3802	3742	3707	7606
5	4086	3981	4063	7607
5	3877	3744	3776	7608
5	3803	3776	3706	7609
5	4050	3972	3997	7610
5	3868	3762	3716	7611
5	3806	3704	3608	7612
5	4071	3904	3994	7613
5	3843	3797	3695	7614
5	3910	3704	3806	7615
5	4028	3931	3943	7616
5	3921	3830	3900	7617
5	3847	3715	3808	7618
5	3855	3738	3714	7619
5	3868	3808	3762	7620
5	3809	3716	3699	7621
5	3822	3764	3649	7622
5	3810	3698	3595	7623
5	3811	3795	3694	7624
5	3811	3694	3796	7625
5	4135	4079	4118	7626
5	3935	3812	3846	7627
5	3851	3599	3775	7628
5	3922	3851	3775	7629
5	3814	3615	3708	7630
5	3894	3793	3893	7631
5	3901	3733	3835	7632
5	3835	3631	3593	7633
5	3861	3757	3668	7634
5	3865	3757	3861	7635
5	4000	3913	3999	7636
5	3931	3897	3802	7637
5	4033	4008	3952	7638
5	3866	3862	3818	7639
5	3942	3845	3918	7640
5	3853	3721	3804	7641
5	4072	3984	4005	7642
5	4259	4217	4198	7643
5	3862	3624	3749	7644
5	3821	3862	3749	7645
5	3860	3668	3750	7646
5	3814	3593	3496	7647
5	3823	3813	3740	7648
5	3824	3739	3823	7649
5	3852	3674	3741	7650
5	3824	3740	3852	7651
5	3883	3784	3782	7652
5	3885	3784	3883	7653
5	3893	3792	3892	7654
5	3892	3792	3791	7655
5	3994	3904	3801	7656
5	4077	3995	4067	7657
5	3832	3819	3798	7658
5	3845	3717	3828	7659
5	3956	3829	3940	7660
5	3937	3819	3832	7661
5	3830	3809	3699	7662
5	3830	3699	3722	7663
5	3908	3843	3700	7664
5	3996	3929	3811	7665
5	4052	3997	3923	7666
5	4029	3993	3945	7667
5	3838	3713	3719	7668
5	3950	3857	3838	7669
5	3999	3913	3936	7670
5	4000	3943	3913	7671
5	3944	3814	3899	7672
5	3861	3668	3860	7673
5	3836	3807	3710	7674
5	3836	3710	3742	7675
5	3837	3700	3621	7676
5	3837	3621	3711	7677
5	3857	3833	3747	7678
5	4038	3990	3958	7679
5	3839	3828	3720	7680
5	3839	3720	3734	7681
5	3840	3830	3722	7682
5	3840	3722	3763	7683
5	3842	3726	3771	7684
5	3842	3664	3841	7685
5	4001	3962	3920	7686
5	3842	3810	3726	7687
5	3895	3796	3729	7688
5	3878	3727	3780	7689
5	3878	3825	3727	7690
5	3881	3712	3831	7691
5	3845	3832	3799	7692
5	3845	3799	3717	7693
5	3893	3793	3792	7694
5	3894	3794	3793	7695
5	3918	3845	3828	7696
5	3858	3738	3855	7697
5	3848	3723	3656	7698
5	3848	3735	3698	7699
5	3849	3834	3736	7700
5	3849	3736	3752	7701
5	3953	3866	3946	7702
5	3866	3751	3862	7703
5	3851	3823	3739	7704
5	3851	3739	3599	7705
5	3824	3852	3709	7706
5	3824	3709	3598	7707
5	3932	3918	3828	7708
5	3853	3839	3734	7709
5	3921	3809	3830	7710
5	4139	4088	4110	7711
5	3870	3766	3789	7712
5	3859	3748	3858	7713
5	3870	3789	3856	7714
5	3889	3790	3766	7715
5	4004	3954	3863	7716
5	3958	3920	3869	7717
5	3951	3858	3855	7718
5	3963	3877	3914	7719
5	3877	3776	3803	7720
5	3902	3803	3706	7721
5	3899	3708	3816	7722
5	3865	3737	3613	7723
5	3944	3835	3814	7724
5	3946	3866	3756	7725
5	4035	4033	3951	7726
5	3862	3751	3624	7727
5	4286	4209	4136	7728
5	4100	4006	4034	7729
5	4073	3954	4004	7730
5	4126	4047	4084	7731
5	4002	3850	3955	7732
5	3955	3865	3861	7733
5	3866	3818	3758	7734
5	3866	3758	3756	7735
5	3961	3909	3873	7736
5	4169	4099	4098	7737
5	3923	3890	3916	7738
5	3916	3890	3854	7739
5	4001	3920	3990	7740
5	4023	3966	3926	7741
5	3888	3714	3788	7742
5	3927	3855	3888	7743
5	3888	3788	3871	7744
5	3888	3855	3714	7745
5	3940	3829	3819	7746
5	3961	3873	3872	7747
5	4190	4142	4161	7748
5	4006	3912	3950	7749
5	3821	3759	3770	7750
5	3821	3770	3760	7751
5	4007	3964	3967	7752
5	3971	3876	3915	7753
5	3906	3848	3698	7754
5	3906	3698	3810	7755
5	4241	4189	4135	7756
5	3877	3856	3744	7757
5	3896	3778	3797	7758
5	3884	3783	3785	7759
5	3964	3879	3882	7760
5	3907	3831	3879	7761
5	3880	3878	3780	7762
5	3880	3780	3778	7763
5	3926	3881	3831	7764
5	3881	3844	3777	7765
5	3882	3879	3781	7766
5	3882	3781	3783	7767
5	3928	3794	3894	7768
5	3891	3787	3887	7769
5	3965	3917	3825	7770
5	3884	3882	3783	7771
5	3917	3883	3825	7772
5	3966	3844	3881	7773
5	3962	3874	3920	7774
5	3886	3884	3785	7775
5	3958	3864	3954	7776
5	3978	3893	3977	7777
5	4008	3963	3914	7778
5	3914	3877	3803	7779
5	3948	3854	3847	7780
5	3889	3804	3790	7781
5	3890	3871	3702	7782
5	3890	3702	3728	7783
5	4057	3978	3977	7784
5	4432	4401	4332	7785
5	3970	3887	3885	7786
5	3975	3887	3970	7787
5	3975	3891	3887	7788
5	3976	3891	3975	7789
5	3976	3892	3891	7790
5	3977	3893	3892	7791
5	3896	3880	3778	7792
5	3996	3811	3941	7793
5	3925	3797	3843	7794
5	4044	3907	4009	7795
5	3897	3836	3802	7796
5	4141	4062	4094	7797
5	3983	3900	3911	7798
5	3900	3830	3840	7799
5	4011	3861	3860	7800
5	3899	3814	3708	7801
5	3957	3898	3868	7802
5	3957	3809	3921	7803
5	4102	4011	4010	7804
5	3988	3919	3815	7805
5	4099	4003	4098	7806
5	4400	4393	4341	7807
5	3903	3863	3703	7808
5	3903	3703	3833	7809
5	3908	3700	3837	7810
5	4139	4110	4137	7811
5	4060	4030	3935	7812
5	3978	3894	3893	7813
5	4013	3816	3953	7814
5	3946	3756	3850	7815
5	3969	3884	3886	7816
5	4004	3863	3903	7817
5	4092	3939	3992	7818
5	4070	4069	4014	7819
5	3961	3872	3960	7820
5	3956	3867	3829	7821
5	4077	3910	3995	7822
5	3919	3750	3815	7823
5	3911	3900	3840	7824
5	3911	3840	3807	7825
5	3924	3838	3820	7826
5	4040	3956	4036	7827
5	3913	3849	3817	7828
5	4028	3987	3931	7829
5	3972	3888	3871	7830
5	3972	3871	3923	7831
5	3915	3876	3875	7832
5	4170	4096	4167	7833
5	3940	3819	3937	7834
5	4296	4245	4147	7835
5	4104	4045	3978	7836
5	3968	3885	3883	7837
5	3957	3868	3809	7838
5	4029	3945	3898	7839
5	4010	3901	3835	7840
5	3919	3860	3750	7841
5	3962	3915	3875	7842
5	3920	3874	3869	7843
5	3982	3911	3934	7844
5	4019	3900	3983	7845
5	3989	3914	3803	7846
5	3922	3823	3851	7847
5	3973	3856	3963	7848
5	4025	3948	3993	7849
5	3950	3912	3857	7850
5	4240	4159	4201	7851
5	3979	3844	3966	7852
5	4094	4017	3998	7853
5	3930	3878	3880	7854
5	4044	3926	3907	7855
5	4051	3959	4042	7856
5	4049	3963	4008	7857
5	4289	4144	4242	7858
5	4045	4026	3928	7859
5	3929	3827	3795	7860
5	3929	3795	3811	7861
5	4009	3964	4007	7862
5	3965	3878	3930	7863
5	4095	3999	4064	7864
5	4150	4063	4066	7865
5	3974	3889	3959	7866
5	4025	3916	3948	7867
5	3933	3801	3755	7868
5	3933	3755	3805	7869
5	3934	3911	3807	7870
5	3934	3807	3836	7871
5	3902	3813	3823	7872
5	3902	3823	3922	7873
5	4258	4173	4192	7874
5	4028	3943	4000	7875
5	3998	3918	3932	7876
5	4031	3937	3942	7877
5	3938	3924	3820	7878
5	3938	3820	3800	7879
5	3939	3806	3745	7880
5	3939	3745	3827	7881
5	4017	3918	3998	7882
5	4017	3942	3918	7883
5	3941	3811	3796	7884
5	3941	3796	3895	7885
5	3942	3937	3832	7886
5	3942	3832	3845	7887
5	3943	3931	3834	7888
5	3943	3834	3849	7889
5	3906	3810	3842	7890
5	3906	3842	3841	7891
5	4122	4035	4050	7892
5	3948	3847	3945	7893
5	3955	3737	3865	7894
5	4097	4013	4002	7895
5	3947	3932	3839	7896
5	3947	3839	3853	7897
5	3959	3889	3870	7898
5	3948	3916	3854	7899
5	3949	3947	3853	7900
5	3949	3853	3804	7901
5	4003	3924	3938	7902
5	4333	4291	4251	7903
5	3963	3856	3877	7904
5	3952	3858	3951	7905
5	4039	3949	3974	7906
5	3989	3952	3914	7907
5	3953	3816	3751	7908
5	3953	3751	3866	7909
5	3958	3869	3864	7910
5	3954	3864	3863	7911
5	4033	3952	3951	7912
5	3955	3850	3737	7913
5	4036	3940	4032	7914
5	4032	3940	3937	7915
5	4037	3921	4019	7916
5	3997	3972	3923	7917
5	4056	3976	4055	7918
5	4054	3971	3915	7919
5	3974	3949	3804	7920
5	4153	4073	4004	7921
5	4098	3984	4072	7922
5	4040	3960	3956	7923
5	4041	3961	3960	7924
5	4041	3960	4040	7925
5	3906	3764	3822	7926
5	3906	3822	3848	7927
5	3973	3959	3870	7928
5	4050	4035	3927	7929
5	3965	3825	3878	7930
5	3964	3907	3879	7931
5	4082	3979	4058	7932
5	4009	3907	3964	7933
5	3980	3880	3896	7934
5	4092	3994	3995	7935
5	3967	3964	3882	7936
5	3967	3882	3884	7937
5	4045	3928	3894	7938
5	3977	3892	3976	7939
5	4046	3967	3969	7940
5	3969	3967	3884	7941
5	4172	4105	4155	7942
5	4016	3915	3962	7943
5	4127	4048	4054	7944
5	3971	3969	3886	7945
5	3973	3870	3856	7946
5	3972	3927	3888	7947
5	4085	3993	4078	7948
5	4008	3914	3952	7949
5	4050	3927	3972	7950
5	4041	4005	3961	7951
5	4048	3969	3971	7952
5	4288	4252	4189	7953
5	4038	3958	3954	7954
5	4129	4054	4016	7955
5	4053	3975	3970	7956
5	4055	3975	4053	7957
5	4055	3976	3975	7958
5	4189	4160	4079	7959
5	3980	3930	3880	7960
5	3991	3896	3925	7961
5	3991	3980	3896	7962
5	4058	3966	4023	7963
5	3981	3934	3897	7964
5	4307	4204	4246	7965
5	4094	4062	4017	7966
5	4087	4075	3983	7967
5	4216	4150	4194	7968
5	4107	4000	4095	7969
5	3984	3938	3909	7970
5	4036	3956	3940	7971
5	3985	3935	3846	7972
5	3985	3846	3905	7973
5	3986	3933	3805	7974
5	4101	3988	4015	7975
5	3987	3981	3897	7976
5	3987	3897	3931	7977
5	4101	4011	3988	7978
5	4015	3805	3901	7979
5	4229	4174	4166	7980
5	4089	4027	4083	7981
5	4096	4001	3990	7982
5	4090	3990	4038	7983
5	4105	4091	4009	7984
5	4076	4014	4069	7985
5	4075	4019	3983	7986
5	3992	3939	3827	7987
5	4039	4024	3949	7988
5	4114	4025	4085	7989
5	4175	4112	4111	7990
5	4067	3933	3986	7991
5	3995	3910	3806	7992
5	3995	3806	3939	7993
5	4092	4071	3994	7994
5	4058	3979	3966	7995
5	4032	3937	4031	7996
5	4031	3942	4017	7997
5	4264	4230	4243	7998
5	4426	4330	4397	7999
5	4118	4045	4104	8000
5	4060	3935	3985	8001
5	4173	4134	4107	8002
5	4503	4402	4401	8003
5	4096	3990	4090	8004
5	4220	4155	4202	8005
5	4102	4013	4097	8006
5	4011	3919	3988	8007
5	4168	4098	4072	8008
5	4244	4218	4231	8009
5	4100	4034	4099	8010
5	4253	4167	4224	8011
5	4005	3984	3909	8012
5	4005	3909	3961	8013
5	4098	4003	3984	8014
5	4099	4034	4003	8015
5	3989	3902	3922	8016
5	4087	3982	4086	8017
5	4042	3959	3973	8018
5	4287	4251	4197	8019
5	4018	3968	3917	8020
5	4057	3977	4056	8021
5	4101	4010	4011	8022
5	4011	3860	3919	8023
5	4097	3861	4011	8024
5	4013	3899	3816	8025
5	4012	3908	3837	8026
5	4012	3837	3904	8027
5	4013	3944	3899	8028
5	4035	3951	3927	8029
5	4014	3925	3843	8030
5	4014	3843	3908	8031
5	4077	4015	3988	8032
5	4015	3986	3805	8033
5	4253	4227	4167	8034
5	4104	3978	4057	8035
5	4019	3921	3900	8036
5	4108	4029	4020	8037
5	4047	3970	3968	8038
5	4054	3915	4016	8039
5	4020	3898	3957	8040
5	4078	3993	4029	8041
5	3989	3922	3859	8042
5	3989	3859	3952	8043
5	4021	3998	3932	8044
5	4021	3932	3947	8045
5	4022	3941	3895	8046
5	4022	3895	3979	8047
5	4140	4119	4120	8048
5	4059	3930	3980	8049
5	4024	4021	3947	8050
5	4024	3947	3949	8051
5	4149	4114	4085	8052
5	4052	3916	4025	8053
5	4026	3985	3905	8054
5	4026	3905	3928	8055
5	4027	4018	3917	8056
5	4027	3917	3965	8057
5	4199	4137	4138	8058
5	4152	4063	4150	8059
5	4391	4294	4291	8060
5	4151	4081	4116	8061
5	4030	3999	3936	8062
5	4030	3936	3935	8063
5	4062	4031	4017	8064
5	4173	4107	4095	8065
5	4125	4113	3997	8066
5	4116	4081	4041	8067
5	4002	3946	3850	8068
5	4102	4097	4011	8069
5	4034	4006	3950	8070
5	4034	3950	3924	8071
5	4002	4013	3953	8072
5	4002	3953	3946	8073
5	4115	4036	4112	8074
5	4112	4032	4111	8075
5	4037	4020	3957	8076
5	4037	3957	3921	8077
5	4153	4004	4065	8078
5	4287	4197	4245	8079
5	4124	4051	4123	8080
5	4109	4021	4093	8081
5	4166	4108	4088	8082
5	4154	4081	4151	8083
5	4116	4041	4040	8084
5	4116	4040	4115	8085
5	4051	3974	3959	8086
5	4051	4039	3974	8087
5	4043	4027	3965	8088
5	4043	3965	3930	8089
5	4132	4023	4117	8090
5	4044	4023	3926	8091
5	4158	4030	4060	8092
5	4056	3977	3976	8093
5	4148	4126	4084	8094
5	4046	4007	3967	8095
5	4118	4079	4026	8096
5	4053	3970	4047	8097
5	4103	4001	4096	8098
5	4048	4046	3969	8099
5	4049	4042	3973	8100
5	4049	3973	3963	8101
5	4080	4008	4033	8102
5	4121	4049	4080	8103
5	4080	4033	4035	8104
5	4052	3923	3916	8105
5	4085	4025	3993	8106
5	4123	4051	4042	8107
5	4156	4057	4131	8108
5	4103	4016	4001	8109
5	4126	4053	4047	8110
5	4054	4048	3971	8111
5	4091	4044	4009	8112
5	4129	4016	4103	8113
5	4201	4068	4146	8114
5	4163	4090	4038	8115
5	4212	4202	4140	8116
5	4209	4131	4136	8117
5	4059	4043	3930	8118
5	4132	4058	4023	8119
5	4074	3980	3991	8120
5	4117	4023	4044	8121
5	4185	4104	4156	8122
5	4298	4241	4256	8123
5	4071	4012	3904	8124
5	4061	3992	3929	8125
5	4545	4493	4475	8126
5	4111	4032	4031	8127
5	4290	4260	4278	8128
5	4107	4028	4000	8129
5	4367	4300	4271	8130
5	4198	4153	4159	8131
5	4240	4198	4159	8132
5	4065	4004	3903	8133
5	4066	4063	3987	8134
5	4066	3987	4028	8135
5	4067	3995	3994	8136
5	4067	3994	3933	8137
5	4068	4065	3912	8138
5	4068	3912	4006	8139
5	4069	3996	3941	8140
5	4074	4059	3980	8141
5	4092	3995	3939	8142
5	4070	4012	4061	8143
5	4070	4014	3908	8144
5	4061	3929	3996	8145
5	4111	4031	4062	8146
5	4115	4040	4036	8147
5	4163	4038	4073	8148
5	4239	4187	4238	8149
5	4074	3991	4082	8150
5	4362	4313	4312	8151
5	4071	3992	4061	8152
5	4071	4061	4012	8153
5	4082	4022	3979	8154
5	4076	4082	3991	8155
5	4077	4067	3986	8156
5	4077	3986	4015	8157
5	4069	3941	4022	8158
5	4076	3925	4014	8159
5	4160	3985	4079	8160
5	4079	3985	4026	8161
5	4080	4049	4008	8162
5	4397	4330	4331	8163
5	4081	4072	4005	8164
5	4081	4005	4041	8165
5	4076	4069	4022	8166
5	4076	4022	4082	8167
5	4083	4027	4043	8168
5	4133	4059	4132	8169
5	4131	4056	4130	8170
5	4084	4047	4018	8171
5	4093	4021	4024	8172
5	4165	4094	4109	8173
5	4087	3983	3982	8174
5	4086	3982	3981	8175
5	4335	4290	4324	8176
5	4143	4062	4141	8177
5	4108	4020	4088	8178
5	4088	4020	4037	8179
5	4089	4084	4018	8180
5	4089	4018	4027	8181
5	4184	4140	4120	8182
5	4168	4072	4154	8183
5	4105	4009	4007	8184
5	4117	4044	4091	8185
5	4177	4115	4112	8186
5	4092	3992	4071	8187
5	4070	4061	3996	8188
5	4070	3996	4069	8189
5	4247	4199	4210	8190
5	4162	4087	4086	8191
5	4107	4066	4028	8192
5	4095	4000	3999	8193
5	4205	4188	4170	8194
5	4184	4120	4127	8195
5	4097	4002	3955	8196
5	4097	3955	3861	8197
5	4177	4112	4175	8198
5	4154	4072	4081	8199
5	4200	4147	4099	8200
5	4296	4147	4200	8201
5	4113	4050	3997	8202
5	4122	4050	4113	8203
5	4101	4015	3901	8204
5	4101	3901	4010	8205
5	4102	4010	3944	8206
5	4102	3944	4013	8207
5	4156	4104	4057	8208
5	4128	4055	4053	8209
5	4130	4055	4128	8210
5	4130	4056	4055	8211
5	4172	4091	4105	8212
5	4145	4084	4089	8213
5	4106	4093	4024	8214
5	4106	4024	4039	8215
5	4258	4203	4173	8216
5	4303	4281	4265	8217
5	4215	4181	4149	8218
5	4108	4078	4029	8219
5	4109	4094	3998	8220
5	4109	3998	4021	8221
5	4110	4088	4037	8222
5	4110	4037	4019	8223
5	4112	4036	4032	8224
5	4200	4099	4169	8225
5	4230	4142	4190	8226
5	4180	4106	4124	8227
5	4121	4042	4049	8228
5	4182	4124	4123	8229
5	4125	4052	4114	8230
5	4114	4052	4025	8231
5	4248	4200	4169	8232
5	4143	4111	4062	8233
5	4248	4169	4226	8234
5	4533	4508	4525	8235
5	4179	4091	4172	8236
5	4133	4132	4117	8237
5	4131	4057	4056	8238
5	4158	4064	4030	8239
5	4119	4105	4007	8240
5	4119	4007	4046	8241
5	4120	4119	4046	8242
5	4120	4046	4048	8243
5	4123	4042	4121	8244
5	4142	4109	4093	8245
5	4122	4121	4080	8246
5	4122	4080	4035	8247
5	4176	4122	4113	8248
5	4124	4106	4039	8249
5	4125	3997	4052	8250
5	4181	4114	4149	8251
5	4180	4161	4106	8252
5	4176	4121	4122	8253
5	4256	4241	4135	8254
5	4128	4053	4126	8255
5	4227	4170	4167	8256
5	4127	4120	4048	8257
5	4332	4258	4289	8258
5	4333	4251	4287	8259
5	4155	4105	4119	8260
5	4129	4127	4054	8261
5	4224	4167	4090	8262
5	4221	4188	4205	8263
5	4074	4082	4058	8264
5	4132	4074	4058	8265
5	4133	4043	4059	8266
5	4132	4059	4074	8267
5	4179	4172	4171	8268
5	4133	4083	4043	8269
5	4288	4189	4241	8270
5	4379	4346	4288	8271
5	4209	4193	4156	8272
5	4155	4119	4140	8273
5	4136	4131	4130	8274
5	4187	4128	4157	8275
5	4137	4110	4075	8276
5	4450	4403	4393	8277
5	4138	4137	4075	8278
5	4138	4075	4087	8279
5	4178	4116	4115	8280
5	4235	4183	4181	8281
5	4212	4140	4184	8282
5	4157	4128	4126	8283
5	4175	4111	4143	8284
5	4232	4175	4191	8285
5	4165	4109	4142	8286
5	4165	4141	4094	8287
5	4207	4164	4206	8288
5	4233	4231	4178	8289
5	4144	4095	4064	8290
5	4399	4332	4289	8291
5	4148	4084	4145	8292
5	4251	4146	4197	8293
5	4146	4068	4006	8294
5	4146	4006	4100	8295
5	4147	4100	4099	8296
5	4169	4098	4168	8297
5	4157	4126	4148	8298
5	4187	4130	4128	8299
5	4266	4207	4206	8300
5	4161	4093	4106	8301
5	4152	4086	4063	8302
5	4162	4086	4152	8303
5	4178	4115	4177	8304
5	4348	4296	4248	8305
5	4278	4222	4216	8306
5	4338	4324	4261	8307
5	4201	4159	4068	8308
5	4170	4103	4096	8309
5	4291	4240	4201	8310
5	4225	4154	4218	8311
5	4228	4145	4171	8312
5	4171	4089	4083	8313
5	4185	4118	4104	8314
5	4185	4135	4118	8315
5	4188	4103	4170	8316
5	4237	4212	4184	8317
5	4208	4148	4196	8318
5	4252	4160	4189	8319
5	4159	4153	4065	8320
5	4159	4065	4068	8321
5	4252	4060	4160	8322
5	4160	4060	3985	8323
5	4174	4078	4108	8324
5	4161	4142	4093	8325
5	4402	4343	4401	8326
5	4222	4152	4216	8327
5	4217	4073	4153	8328
5	4294	4240	4291	8329
5	4164	4149	4085	8330
5	4164	4085	4078	8331
5	4214	4137	4199	8332
5	4166	4088	4139	8333
5	4174	4108	4166	8334
5	4174	4164	4078	8335
5	4167	4096	4090	8336
5	4346	4252	4288	8337
5	4339	4302	4325	8338
5	4233	4177	4232	8339
5	4283	4232	4250	8340
5	4226	4169	4168	8341
5	4238	4187	4157	8342
5	4208	4157	4148	8343
5	4391	4291	4376	8344
5	4171	4145	4089	8345
5	4179	4171	4083	8346
5	4188	4129	4103	8347
5	4418	4392	4354	8348
5	4444	4384	4344	8349
5	4235	4181	4215	8350
5	4207	4149	4164	8351
5	4378	4295	4345	8352
5	4178	4151	4116	8353
5	4182	4180	4124	8354
5	4181	4125	4114	8355
5	4279	4218	4244	8356
5	4340	4297	4316	8357
5	4206	4164	4174	8358
5	4281	4229	4265	8359
5	4188	4186	4129	8360
5	4179	4117	4091	8361
5	4182	4123	4176	8362
5	4176	4123	4121	8363
5	4183	4125	4181	8364
5	4183	4113	4125	8365
5	4183	4176	4113	8366
5	4215	4149	4207	8367
5	4234	4180	4182	8368
5	4236	4234	4182	8369
5	4202	4155	4140	8370
5	4196	4148	4145	8371
5	4307	4242	4204	8372
5	4256	4185	4193	8373
5	4186	4184	4127	8374
5	4186	4127	4129	8375
5	4237	4186	4221	8376
5	4187	4136	4130	8377
5	4179	4083	4133	8378
5	4179	4133	4117	8379
5	4372	4256	4300	8380
5	4242	4144	4204	8381
5	4222	4162	4152	8382
5	4350	4314	4323	8383
5	4191	4175	4143	8384
5	4213	4143	4141	8385
5	4192	4173	4095	8386
5	4192	4095	4144	8387
5	4193	4185	4156	8388
5	4379	4377	4346	8389
5	4194	4150	4134	8390
5	4399	4336	4383	8391
5	4195	4190	4161	8392
5	4195	4161	4180	8393
5	4407	4349	4305	8394
5	4209	4156	4131	8395
5	4197	4146	4100	8396
5	4197	4100	4147	8397
5	4217	4163	4073	8398
5	4217	4153	4198	8399
5	4282	4244	4231	8400
5	4437	4394	4405	8401
5	4225	4168	4154	8402
5	4226	4168	4225	8403
5	4375	4287	4330	8404
5	4291	4201	4251	8405
5	4228	4196	4145	8406
5	4219	4171	4172	8407
5	4262	4134	4203	8408
5	4203	4134	4173	8409
5	4204	4144	4064	8410
5	4204	4064	4158	8411
5	4380	4319	4349	8412
5	4263	4217	4259	8413
5	4283	4282	4233	8414
5	4265	4229	4211	8415
5	4255	4213	4223	8416
5	4371	4326	4309	8417
5	4270	4205	4249	8418
5	4299	4284	4268	8419
5	4321	4270	4319	8420
5	4410	4298	4372	8421
5	4210	4199	4138	8422
5	4210	4138	4162	8423
5	4229	4166	4211	8424
5	4211	4166	4139	8425
5	4284	4237	4268	8426
5	4269	4238	4208	8427
5	4243	4230	4190	8428
5	4213	4191	4143	8429
5	4214	4211	4139	8430
5	4214	4139	4137	8431
5	4278	4216	4261	8432
5	4276	4195	4234	8433
5	4222	4210	4162	8434
5	4216	4152	4150	8435
5	4227	4205	4170	8436
5	4224	4090	4163	8437
5	4218	4154	4151	8438
5	4232	4177	4175	8439
5	4277	4196	4228	8440
5	4228	4171	4219	8441
5	4220	4219	4172	8442
5	4220	4172	4155	8443
5	4237	4184	4186	8444
5	4221	4186	4188	8445
5	4309	4250	4293	8446
5	4274	4191	4213	8447
5	4223	4213	4141	8448
5	4223	4141	4165	8449
5	4457	4434	4386	8450
5	4395	4390	4368	8451
5	4548	4457	4530	8452
5	4301	4244	4282	8453
5	4279	4225	4218	8454
5	4280	4225	4279	8455
5	4268	4237	4221	8456
5	4249	4205	4227	8457
5	4420	4331	4381	8458
5	4555	4515	4513	8459
5	4275	4215	4207	8460
5	4229	4206	4174	8461
5	4230	4223	4165	8462
5	4230	4165	4142	8463
5	4231	4218	4151	8464
5	4231	4151	4178	8465
5	4233	4178	4177	8466
5	4325	4244	4301	8467
5	4322	4274	4255	8468
5	4282	4231	4233	8469
5	4267	4190	4195	8470
5	4234	4195	4180	8471
5	4236	4182	4176	8472
5	4236	4176	4183	8473
5	4236	4183	4235	8474
5	4236	4235	4234	8475
5	4238	4157	4208	8476
5	4304	4269	4272	8477
5	4312	4263	4259	8478
5	4328	4286	4239	8479
5	4286	4136	4239	8480
5	4239	4136	4187	8481
5	4251	4201	4146	8482
5	4436	4413	4389	8483
5	4256	4135	4185	8484
5	4496	4459	4442	8485
5	4382	4354	4361	8486
5	4441	4377	4428	8487
5	4257	4199	4247	8488
5	4326	4282	4283	8489
5	4359	4325	4301	8490
5	4250	4232	4191	8491
5	4296	4200	4248	8492
5	4280	4226	4225	8493
5	4383	4336	4337	8494
5	4246	4204	4158	8495
5	4324	4278	4261	8496
5	4343	4203	4258	8497
5	4375	4333	4287	8498
5	4338	4261	4311	8499
5	4308	4284	4299	8500
5	4300	4256	4193	8501
5	4369	4322	4315	8502
5	4306	4260	4290	8503
5	4348	4248	4295	8504
5	4330	4287	4245	8505
5	4310	4060	4252	8506
5	4310	4158	4060	8507
5	4320	4269	4304	8508
5	4407	4305	4363	8509
5	4275	4207	4266	8510
5	4265	4211	4254	8511
5	4274	4213	4255	8512
5	4274	4250	4191	8513
5	4271	4193	4209	8514
5	4300	4193	4271	8515
5	4257	4254	4214	8516
5	4257	4214	4199	8517
5	4324	4290	4278	8518
5	4422	4374	4402	8519
5	4263	4163	4217	8520
5	4263	4224	4163	8521
5	4260	4247	4210	8522
5	4260	4210	4222	8523
5	4278	4260	4222	8524
5	4261	4216	4194	8525
5	4364	4314	4350	8526
5	4262	4194	4134	8527
5	4423	4362	4384	8528
5	4313	4263	4312	8529
5	4264	4255	4223	8530
5	4264	4223	4230	8531
5	4322	4293	4274	8532
5	4345	4280	4302	8533
5	4316	4266	4281	8534
5	4327	4275	4297	8535
5	4297	4275	4266	8536
5	4267	4243	4190	8537
5	4285	4238	4269	8538
5	4273	4202	4212	8539
5	4376	4291	4333	8540
5	4321	4268	4270	8541
5	4270	4268	4221	8542
5	4270	4221	4205	8543
5	4411	4300	4367	8544
5	4328	4239	4285	8545
5	4272	4269	4208	8546
5	4272	4208	4196	8547
5	4277	4228	4219	8548
5	4277	4220	4202	8549
5	4403	4351	4355	8550
5	4293	4250	4274	8551
5	4276	4234	4235	8552
5	4283	4233	4232	8553
5	4276	4235	4215	8554
5	4276	4215	4275	8555
5	4277	4272	4196	8556
5	4277	4219	4220	8557
5	4386	4339	4359	8558
5	4292	4257	4247	8559
5	4434	4387	4339	8560
5	4387	4345	4302	8561
5	4277	4202	4273	8562
5	4388	4360	4308	8563
5	4281	4266	4206	8564
5	4281	4206	4229	8565
5	4315	4255	4264	8566
5	4424	4412	4421	8567
5	4327	4276	4275	8568
5	4276	4267	4195	8569
5	4284	4273	4212	8570
5	4284	4212	4237	8571
5	4286	4271	4209	8572
5	4285	4239	4238	8573
5	4372	4298	4256	8574
5	4438	4334	4380	8575
5	4444	4344	4391	8576
5	4423	4406	4362	8577
5	4346	4310	4252	8578
5	4392	4337	4307	8579
5	4289	4258	4192	8580
5	4289	4192	4144	8581
5	4341	4290	4335	8582
5	4347	4203	4343	8583
5	4345	4295	4280	8584
5	4381	4331	4296	8585
5	4425	4374	4422	8586
5	4605	4581	4601	8587
5	4370	4293	4322	8588
5	4326	4283	4309	8589
5	4294	4259	4198	8590
5	4294	4198	4240	8591
5	4295	4248	4226	8592
5	4295	4226	4280	8593
5	4391	4344	4294	8594
5	4473	4426	4397	8595
5	4316	4281	4303	8596
5	4323	4257	4292	8597
5	4435	4410	4372	8598
5	4501	4443	4456	8599
5	4308	4273	4284	8600
5	4353	4320	4304	8601
5	4319	4270	4249	8602
5	4329	4271	4286	8603
5	4309	4283	4250	8604
5	4427	4386	4394	8605
5	4302	4280	4279	8606
5	4554	4513	4511	8607
5	4529	4522	4524	8608
5	4327	4267	4276	8609
5	4320	4285	4269	8610
5	4379	4288	4342	8611
5	4305	4249	4227	8612
5	4305	4227	4253	8613
5	4306	4292	4247	8614
5	4306	4247	4260	8615
5	4440	4342	4410	8616
5	4432	4332	4399	8617
5	4360	4304	4272	8618
5	4360	4273	4308	8619
5	4326	4301	4282	8620
5	4359	4301	4356	8621
5	4361	4310	4346	8622
5	4310	4246	4158	8623
5	4311	4261	4194	8624
5	4311	4194	4262	8625
5	4313	4253	4224	8626
5	4313	4224	4263	8627
5	4349	4319	4249	8628
5	4363	4313	4362	8629
5	4314	4303	4265	8630
5	4314	4265	4254	8631
5	4624	4582	4570	8632
5	4322	4255	4315	8633
5	4352	4315	4317	8634
5	4316	4297	4266	8635
5	4317	4315	4264	8636
5	4317	4264	4243	8637
5	4318	4317	4243	8638
5	4318	4243	4267	8639
5	4404	4320	4353	8640
5	4334	4321	4319	8641
5	4390	4353	4357	8642
5	4404	4353	4390	8643
5	4357	4308	4299	8644
5	4321	4299	4268	8645
5	4364	4303	4314	8646
5	4370	4358	4293	8647
5	4323	4314	4254	8648
5	4323	4254	4257	8649
5	4429	4335	4398	8650
5	4393	4355	4341	8651
5	4325	4302	4279	8652
5	4325	4279	4244	8653
5	4341	4306	4290	8654
5	4355	4306	4341	8655
5	4327	4297	4318	8656
5	4327	4318	4267	8657
5	4390	4357	4368	8658
5	4329	4286	4328	8659
5	4349	4249	4305	8660
5	4380	4334	4319	8661
5	4430	4348	4378	8662
5	4535	4501	4456	8663
5	4331	4330	4245	8664
5	4331	4245	4296	8665
5	4343	4258	4332	8666
5	4402	4347	4343	8667
5	4443	4391	4376	8668
5	4381	4296	4348	8669
5	4366	4285	4320	8670
5	4368	4321	4334	8671
5	4425	4338	4374	8672
5	4464	4392	4418	8673
5	4399	4289	4336	8674
5	4336	4289	4242	8675
5	4337	4336	4242	8676
5	4337	4242	4307	8677
5	4347	4262	4203	8678
5	4598	4560	4559	8679
5	4371	4309	4358	8680
5	4400	4341	4335	8681
5	4365	4316	4303	8682
5	4340	4318	4297	8683
5	4476	4433	4400	8684
5	4522	4461	4486	8685
5	4342	4288	4241	8686
5	4342	4241	4298	8687
5	4347	4311	4262	8688
5	4572	4536	4500	8689
5	4344	4312	4259	8690
5	4344	4259	4294	8691
5	4626	4537	4576	8692
5	4378	4348	4295	8693
5	4354	4307	4246	8694
5	4646	4566	4621	8695
5	4433	4393	4400	8696
5	4471	4401	4432	8697
5	4434	4339	4386	8698
5	4511	4460	4497	8699
5	4406	4363	4362	8700
5	4448	4390	4395	8701
5	4358	4309	4293	8702
5	4356	4301	4326	8703
5	4351	4350	4323	8704
5	4351	4323	4292	8705
5	4539	4495	4472	8706
5	4369	4315	4352	8707
5	4404	4396	4366	8708
5	4366	4328	4285	8709
5	4382	4361	4377	8710
5	4418	4354	4382	8711
5	4355	4351	4292	8712
5	4355	4292	4306	8713
5	4359	4339	4325	8714
5	4387	4302	4339	8715
5	4388	4304	4360	8716
5	4388	4308	4357	8717
5	4371	4356	4326	8718
5	4465	4430	4460	8719
5	4340	4352	4317	8720
5	4340	4317	4318	8721
5	4360	4272	4277	8722
5	4360	4277	4273	8723
5	4361	4354	4246	8724
5	4361	4246	4310	8725
5	4363	4305	4253	8726
5	4363	4253	4313	8727
5	4438	4395	4334	8728
5	4407	4363	4406	8729
5	4365	4340	4316	8730
5	4365	4303	4364	8731
5	4389	4369	4352	8732
5	4409	4340	4365	8733
5	4367	4271	4329	8734
5	4373	4328	4366	8735
5	4464	4442	4392	8736
5	4439	4411	4367	8737
5	4368	4357	4299	8738
5	4368	4299	4321	8739
5	4408	4365	4364	8740
5	4370	4322	4369	8741
5	4424	4408	4412	8742
5	4414	4351	4403	8743
5	4569	4563	4523	8744
5	4445	4421	4414	8745
5	4462	4411	4439	8746
5	4446	4373	4396	8747
5	4462	4435	4372	8748
5	4373	4329	4328	8749
5	4374	4338	4311	8750
5	4374	4311	4347	8751
5	4426	4375	4330	8752
5	4444	4391	4443	8753
5	4535	4431	4463	8754
5	4513	4467	4465	8755
5	4567	4493	4545	8756
5	4377	4361	4346	8757
5	4613	4577	4547	8758
5	4556	4498	4550	8759
5	4428	4377	4379	8760
5	4479	4428	4440	8761
5	4469	4439	4416	8762
5	4525	4489	4488	8763
5	4467	4420	4465	8764
5	4463	4431	4375	8765
5	4410	4342	4298	8766
5	4440	4428	4379	8767
5	4392	4307	4354	8768
5	4657	4603	4655	8769
5	4384	4362	4312	8770
5	4384	4312	4344	8771
5	4415	4358	4385	8772
5	4385	4358	4370	8773
5	4483	4450	4433	8774
5	4405	4394	4356	8775
5	4420	4397	4331	8776
5	4473	4397	4467	8777
5	4388	4357	4353	8778
5	4388	4353	4304	8779
5	4413	4369	4389	8780
5	4413	4370	4369	8781
5	4396	4373	4366	8782
5	4395	4368	4334	8783
5	4451	4407	4406	8784
5	4508	4484	4438	8785
5	4442	4337	4392	8786
5	4441	4382	4377	8787
5	4403	4355	4393	8788
5	4445	4414	4403	8789
5	4394	4386	4359	8790
5	4394	4359	4356	8791
5	4526	4484	4508	8792
5	4404	4366	4320	8793
5	4515	4467	4513	8794
5	4574	4547	4501	8795
5	4465	4420	4430	8796
5	4588	4494	4548	8797
5	4398	4335	4324	8798
5	4398	4324	4338	8799
5	4401	4343	4332	8800
5	4402	4374	4347	8801
5	4603	4539	4571	8802
5	4425	4398	4338	8803
5	4666	4610	4598	8804
5	4506	4475	4441	8805
5	4540	4509	4458	8806
5	4429	4400	4335	8807
5	4450	4393	4433	8808
5	4405	4356	4371	8809
5	4485	4448	4484	8810
5	4449	4396	4404	8811
5	4627	4568	4529	8812
5	4490	4470	4453	8813
5	4463	4375	4426	8814
5	4557	4480	4519	8815
5	4481	4444	4443	8816
5	4452	4407	4451	8817
5	4409	4352	4340	8818
5	4409	4365	4408	8819
5	4409	4408	4389	8820
5	4409	4389	4352	8821
5	4416	4367	4329	8822
5	4411	4372	4300	8823
5	4462	4372	4411	8824
5	4416	4329	4373	8825
5	4412	4408	4364	8826
5	4412	4364	4350	8827
5	4421	4412	4414	8828
5	4413	4385	4370	8829
5	4414	4412	4350	8830
5	4414	4350	4351	8831
5	4415	4405	4371	8832
5	4415	4371	4358	8833
5	4498	4439	4469	8834
5	4440	4379	4342	8835
5	4417	4378	4345	8836
5	4417	4345	4387	8837
5	4442	4383	4337	8838
5	4566	4538	4543	8839
5	4447	4415	4419	8840
5	4419	4415	4385	8841
5	4537	4502	4473	8842
5	4515	4473	4467	8843
5	4585	4529	4565	8844
5	4424	4389	4408	8845
5	4504	4472	4422	8846
5	4503	4401	4471	8847
5	4542	4525	4488	8848
5	4501	4481	4443	8849
5	4453	4419	4385	8850
5	4436	4389	4424	8851
5	4476	4400	4429	8852
5	4450	4445	4403	8853
5	4467	4397	4420	8854
5	4502	4426	4473	8855
5	4583	4530	4582	8856
5	4492	4474	4437	8857
5	4531	4496	4464	8858
5	4597	4559	4558	8859
5	4539	4472	4504	8860
5	4571	4539	4504	8861
5	4430	4420	4381	8862
5	4430	4381	4348	8863
5	4431	4376	4333	8864
5	4431	4333	4375	8865
5	4528	4504	4503	8866
5	4699	4697	4658	8867
5	4604	4539	4603	8868
5	4505	4491	4487	8869
5	4570	4544	4492	8870
5	4457	4386	4427	8871
5	4478	4440	4410	8872
5	4478	4410	4435	8873
5	4477	4424	4421	8874
5	4453	4413	4436	8875
5	4474	4394	4437	8876
5	4474	4427	4394	8877
5	4446	4416	4373	8878
5	4439	4367	4416	8879
5	4448	4404	4390	8880
5	4571	4504	4528	8881
5	4479	4440	4478	8882
5	4506	4441	4480	8883
5	4517	4478	4435	8884
5	4480	4428	4479	8885
5	4475	4382	4441	8886
5	4496	4442	4464	8887
5	4466	4406	4423	8888
5	4537	4473	4515	8889
5	4466	4451	4406	8890
5	4482	4444	4481	8891
5	4492	4437	4461	8892
5	4453	4385	4413	8893
5	4542	4488	4512	8894
5	4589	4514	4549	8895
5	4447	4437	4405	8896
5	4447	4405	4415	8897
5	4508	4438	4489	8898
5	4449	4404	4448	8899
5	4556	4516	4498	8900
5	4469	4416	4446	8901
5	4540	4458	4495	8902
5	4477	4436	4424	8903
5	4452	4380	4349	8904
5	4452	4349	4407	8905
5	4484	4448	4395	8906
5	4489	4438	4380	8907
5	4470	4419	4453	8908
5	4491	4421	4445	8909
5	4454	4432	4399	8910
5	4454	4399	4383	8911
5	4455	4417	4387	8912
5	4455	4387	4434	8913
5	4456	4443	4376	8914
5	4456	4376	4431	8915
5	4582	4530	4544	8916
5	4583	4548	4530	8917
5	4458	4429	4398	8918
5	4458	4398	4425	8919
5	4459	4454	4383	8920
5	4459	4383	4442	8921
5	4460	4430	4378	8922
5	4460	4378	4417	8923
5	4461	4437	4447	8924
5	4487	4445	4450	8925
5	4510	4468	4507	8926
5	4484	4395	4438	8927
5	4649	4622	4579	8928
5	4535	4456	4431	8929
5	4519	4480	4479	8930
5	4475	4418	4382	8931
5	4584	4532	4502	8932
5	4541	4497	4455	8933
5	4600	4542	4512	8934
5	4580	4578	4564	8935
5	4511	4465	4460	8936
5	4513	4465	4511	8937
5	4468	4446	4396	8938
5	4468	4396	4449	8939
5	4525	4508	4489	8940
5	4488	4452	4451	8941
5	4486	4419	4470	8942
5	4486	4447	4419	8943
5	4528	4503	4471	8944
5	4504	4422	4503	8945
5	4472	4458	4425	8946
5	4472	4425	4422	8947
5	4553	4511	4497	8948
5	4502	4463	4426	8949
5	4544	4474	4492	8950
5	4509	4476	4429	8951
5	4480	4441	4428	8952
5	4545	4475	4506	8953
5	4546	4492	4461	8954
5	4487	4450	4483	8955
5	4490	4436	4477	8956
5	4490	4453	4436	8957
5	4507	4468	4485	8958
5	4498	4462	4439	8959
5	4510	4469	4446	8960
5	4519	4479	4518	8961
5	4516	4435	4462	8962
5	4518	4479	4478	8963
5	4482	4423	4384	8964
5	4482	4384	4444	8965
5	4674	4659	4616	8966
5	4521	4482	4520	8967
5	4569	4523	4536	8968
5	4551	4500	4476	8969
5	4485	4449	4448	8970
5	4485	4468	4449	8971
5	4517	4435	4516	8972
5	4677	4673	4636	8973
5	4546	4461	4522	8974
5	4486	4461	4447	8975
5	4527	4490	4477	8976
5	4523	4487	4483	8977
5	4489	4452	4488	8978
5	4489	4380	4452	8979
5	4611	4561	4577	8980
5	4526	4485	4484	8981
5	4527	4477	4491	8982
5	4491	4445	4487	8983
5	4527	4470	4490	8984
5	4491	4477	4421	8985
5	4652	4609	4588	8986
5	4582	4544	4570	8987
5	4493	4464	4418	8988
5	4493	4418	4475	8989
5	4494	4455	4434	8990
5	4494	4434	4457	8991
5	4509	4429	4458	8992
5	4495	4458	4472	8993
5	4531	4464	4493	8994
5	4558	4517	4516	8995
5	4497	4460	4417	8996
5	4497	4417	4455	8997
5	4518	4478	4517	8998
5	4516	4462	4498	8999
5	4499	4471	4432	9000
5	4499	4432	4454	9001
5	4500	4483	4433	9002
5	4500	4433	4476	9003
5	4520	4482	4481	9004
5	4547	4520	4481	9005
5	4535	4463	4532	9006
5	4532	4463	4502	9007
5	4607	4495	4604	9008
5	4503	4422	4402	9009
5	4549	4459	4496	9010
5	4655	4605	4639	9011
5	4565	4505	4563	9012
5	4527	4491	4505	9013
5	4606	4531	4567	9014
5	4590	4557	4519	9015
5	4510	4446	4468	9016
5	4550	4498	4469	9017
5	4534	4508	4533	9018
5	4561	4521	4520	9019
5	4536	4483	4500	9020
5	4607	4586	4540	9021
5	4558	4516	4556	9022
5	4564	4526	4534	9023
5	4609	4608	4587	9024
5	4541	4455	4494	9025
5	4512	4488	4451	9026
5	4512	4451	4466	9027
5	4592	4555	4554	9028
5	4619	4588	4548	9029
5	4514	4499	4454	9030
5	4514	4454	4459	9031
5	4555	4513	4554	9032
5	4576	4515	4555	9033
5	4674	4616	4644	9034
5	4560	4519	4518	9035
5	4578	4552	4564	9036
5	4559	4517	4558	9037
5	4632	4595	4620	9038
5	4620	4595	4557	9039
5	4634	4597	4596	9040
5	4559	4518	4517	9041
5	4521	4466	4423	9042
5	4521	4423	4482	9043
5	4909	4870	4819	9044
5	4562	4521	4561	9045
5	4563	4505	4523	9046
5	4694	4660	4614	9047
5	4570	4492	4546	9048
5	4523	4505	4487	9049
5	4524	4522	4486	9050
5	4524	4486	4470	9051
5	4598	4559	4597	9052
5	4648	4577	4613	9053
5	4534	4526	4508	9054
5	4526	4507	4485	9055
5	4568	4546	4522	9056
5	4527	4524	4470	9057
5	4617	4536	4572	9058
5	4754	4739	4744	9059
5	4565	4529	4524	9060
5	4536	4523	4483	9061
5	4777	4719	4774	9062
5	4530	4457	4427	9063
5	4567	4531	4493	9064
5	4589	4543	4514	9065
5	4648	4611	4577	9066
5	4626	4584	4537	9067
5	4613	4547	4574	9068
5	4576	4537	4515	9069
5	4560	4518	4559	9070
5	4550	4469	4510	9071
5	4579	4533	4525	9072
5	4547	4481	4501	9073
5	4658	4607	4604	9074
5	4664	4624	4641	9075
5	4584	4502	4537	9076
5	4711	4675	4685	9077
5	4538	4528	4471	9078
5	4538	4471	4499	9079
5	4647	4614	4586	9080
5	4586	4509	4540	9081
5	4586	4551	4509	9082
5	4551	4476	4509	9083
5	4554	4511	4553	9084
5	4609	4587	4541	9085
5	4611	4599	4561	9086
5	4649	4579	4637	9087
5	4543	4538	4499	9088
5	4543	4499	4514	9089
5	4544	4530	4427	9090
5	4544	4427	4474	9091
5	4712	4646	4693	9092
5	4606	4575	4531	9093
5	4607	4540	4495	9094
5	4615	4563	4569	9095
5	4574	4501	4535	9096
5	4880	4848	4845	9097
5	4588	4541	4494	9098
5	4548	4494	4457	9099
5	4621	4566	4543	9100
5	4549	4514	4459	9101
5	4596	4556	4594	9102
5	4590	4519	4560	9103
5	4572	4500	4551	9104
5	4678	4650	4615	9105
5	4552	4550	4510	9106
5	4552	4510	4507	9107
5	4777	4753	4719	9108
5	4592	4554	4591	9109
5	4619	4548	4583	9110
5	4591	4554	4553	9111
5	4651	4576	4618	9112
5	4745	4726	4741	9113
5	4593	4552	4578	9114
5	4632	4545	4595	9115
5	4620	4557	4590	9116
5	4557	4506	4480	9117
5	4579	4525	4542	9118
5	4595	4506	4557	9119
5	4593	4550	4552	9120
5	4594	4556	4550	9121
5	4666	4598	4635	9122
5	4596	4558	4556	9123
5	4562	4512	4466	9124
5	4562	4466	4521	9125
5	4902	4828	4866	9126
5	4677	4636	4640	9127
5	4568	4522	4529	9128
5	4585	4565	4563	9129
5	4564	4552	4507	9130
5	4564	4507	4526	9131
5	4565	4524	4527	9132
5	4565	4527	4505	9133
5	4621	4543	4589	9134
5	4716	4686	4667	9135
5	4681	4645	4610	9136
5	4712	4676	4646	9137
5	4609	4541	4588	9138
5	4625	4582	4624	9139
5	4779	4720	4746	9140
5	4641	4624	4602	9141
5	4624	4570	4602	9142
5	4617	4569	4536	9143
5	4581	4538	4566	9144
5	4604	4495	4539	9145
5	4650	4627	4585	9146
5	4655	4603	4605	9147
5	4574	4535	4573	9148
5	4573	4535	4532	9149
5	4599	4562	4561	9150
5	4763	4734	4689	9151
5	4575	4549	4496	9152
5	4575	4496	4531	9153
5	4638	4612	4584	9154
5	4665	4591	4608	9155
5	4577	4561	4520	9156
5	4577	4520	4547	9157
5	4580	4564	4534	9158
5	4622	4533	4579	9159
5	4630	4578	4623	9160
5	4580	4534	4533	9161
5	4690	4611	4648	9162
5	4622	4580	4533	9163
5	4581	4571	4528	9164
5	4581	4528	4538	9165
5	4732	4663	4703	9166
5	4678	4615	4643	9167
5	4703	4625	4664	9168
5	4701	4641	4661	9169
5	4638	4584	4626	9170
5	4747	4679	4713	9171
5	4615	4585	4563	9172
5	4627	4529	4585	9173
5	4667	4567	4632	9174
5	4693	4646	4621	9175
5	4587	4553	4497	9176
5	4587	4497	4541	9177
5	4713	4679	4654	9178
5	4653	4608	4609	9179
5	4715	4693	4642	9180
5	4776	4742	4709	9181
5	4736	4645	4681	9182
5	4707	4666	4635	9183
5	4704	4653	4696	9184
5	4766	4695	4727	9185
5	4848	4810	4845	9186
5	4713	4654	4675	9187
5	4597	4558	4596	9188
5	4594	4550	4593	9189
5	4662	4580	4622	9190
5	4623	4578	4580	9191
5	4667	4606	4567	9192
5	4595	4545	4506	9193
5	4630	4593	4578	9194
5	4631	4593	4630	9195
5	4709	4672	4671	9196
5	4635	4598	4597	9197
5	4631	4594	4593	9198
5	4633	4596	4594	9199
5	4600	4562	4599	9200
5	4600	4512	4562	9201
5	4633	4594	4631	9202
5	4637	4579	4542	9203
5	4601	4581	4566	9204
5	4676	4601	4646	9205
5	4602	4570	4546	9206
5	4602	4546	4568	9207
5	4698	4655	4682	9208
5	4768	4678	4725	9209
5	4657	4604	4603	9210
5	4650	4585	4615	9211
5	4605	4603	4571	9212
5	4605	4571	4581	9213
5	4628	4549	4575	9214
5	4716	4667	4680	9215
5	4647	4586	4607	9216
5	4646	4601	4566	9217
5	4608	4591	4553	9218
5	4608	4553	4587	9219
5	4717	4650	4678	9220
5	4625	4583	4582	9221
5	4610	4590	4560	9222
5	4610	4560	4598	9223
5	4735	4690	4695	9224
5	4636	4600	4599	9225
5	4612	4573	4532	9226
5	4612	4532	4584	9227
5	4640	4636	4599	9228
5	4719	4644	4683	9229
5	4614	4572	4551	9230
5	4614	4551	4586	9231
5	4660	4617	4572	9232
5	4661	4568	4627	9233
5	4616	4613	4574	9234
5	4616	4574	4573	9235
5	4725	4678	4643	9236
5	4643	4569	4617	9237
5	4618	4576	4555	9238
5	4618	4555	4592	9239
5	4652	4588	4619	9240
5	4683	4644	4612	9241
5	4671	4634	4633	9242
5	4749	4681	4729	9243
5	4676	4639	4601	9244
5	4628	4589	4549	9245
5	4932	4873	4888	9246
5	4742	4672	4709	9247
5	4640	4599	4611	9248
5	4687	4662	4622	9249
5	4775	4724	4740	9250
5	4797	4758	4732	9251
5	4720	4703	4664	9252
5	4643	4615	4569	9253
5	4689	4626	4651	9254
5	4763	4689	4651	9255
5	4663	4583	4625	9256
5	4661	4641	4602	9257
5	4714	4656	4686	9258
5	4680	4632	4620	9259
5	4629	4592	4591	9260
5	4665	4629	4591	9261
5	4803	4728	4761	9262
5	4634	4596	4633	9263
5	4669	4633	4631	9264
5	4635	4597	4634	9265
5	4681	4610	4666	9266
5	4632	4567	4545	9267
5	4672	4634	4671	9268
5	4687	4622	4649	9269
5	4668	4631	4630	9270
5	4730	4670	4692	9271
5	4709	4671	4708	9272
5	4672	4635	4634	9273
5	4637	4600	4636	9274
5	4637	4542	4600	9275
5	4662	4623	4580	9276
5	4680	4667	4632	9277
5	4651	4626	4576	9278
5	4755	4675	4711	9279
5	4639	4605	4601	9280
5	4849	4781	4823	9281
5	4752	4718	4735	9282
5	4814	4777	4774	9283
5	4764	4748	4737	9284
5	4660	4572	4614	9285
5	4642	4621	4589	9286
5	4642	4589	4628	9287
5	4739	4698	4710	9288
5	4684	4617	4660	9289
5	4644	4616	4573	9290
5	4644	4573	4612	9291
5	4645	4620	4590	9292
5	4645	4590	4610	9293
5	4693	4621	4642	9294
5	4849	4829	4781	9295
5	4699	4657	4698	9296
5	4684	4643	4617	9297
5	4722	4662	4687	9298
5	4690	4640	4611	9299
5	4708	4669	4705	9300
5	4723	4649	4673	9301
5	4724	4688	4701	9302
5	4661	4602	4568	9303
5	4794	4713	4755	9304
5	4683	4612	4638	9305
5	4665	4608	4653	9306
5	4653	4609	4652	9307
5	4704	4665	4653	9308
5	4704	4685	4665	9309
5	4654	4618	4592	9310
5	4654	4592	4629	9311
5	4698	4657	4655	9312
5	4658	4604	4657	9313
5	4656	4628	4575	9314
5	4656	4575	4606	9315
5	4748	4721	4737	9316
5	4658	4647	4607	9317
5	4799	4784	4748	9318
5	4829	4756	4781	9319
5	4659	4648	4613	9320
5	4659	4613	4616	9321
5	4757	4684	4721	9322
5	4821	4790	4750	9323
5	4700	4627	4650	9324
5	4700	4661	4627	9325
5	4669	4631	4668	9326
5	4671	4633	4669	9327
5	4702	4619	4663	9328
5	4663	4619	4583	9329
5	4801	4741	4773	9330
5	4664	4625	4624	9331
5	4778	4651	4679	9332
5	4877	4779	4817	9333
5	4729	4666	4707	9334
5	4759	4715	4691	9335
5	4715	4642	4691	9336
5	4714	4691	4656	9337
5	4735	4718	4690	9338
5	4820	4783	4776	9339
5	4761	4718	4752	9340
5	4707	4635	4672	9341
5	4670	4668	4630	9342
5	4670	4630	4623	9343
5	4762	4729	4707	9344
5	4692	4623	4662	9345
5	4731	4708	4705	9346
5	4762	4707	4742	9347
5	4673	4649	4637	9348
5	4673	4637	4636	9349
5	4774	4683	4734	9350
5	4878	4803	4841	9351
5	4675	4654	4629	9352
5	4703	4663	4625	9353
5	4838	4805	4816	9354
5	4836	4795	4744	9355
5	4921	4858	4881	9356
5	4803	4761	4780	9357
5	4732	4702	4663	9358
5	4771	4726	4745	9359
5	4679	4651	4618	9360
5	4679	4618	4654	9361
5	5001	4966	4941	9362
5	4680	4620	4645	9363
5	4765	4686	4716	9364
5	4708	4671	4669	9365
5	4682	4655	4639	9366
5	4733	4682	4639	9367
5	4842	4747	4819	9368
5	4719	4674	4644	9369
5	5058	5001	5021	9370
5	4694	4614	4647	9371
5	4685	4675	4629	9372
5	4685	4629	4665	9373
5	4686	4656	4606	9374
5	4686	4606	4667	9375
5	4692	4670	4623	9376
5	4705	4669	4668	9377
5	4688	4664	4641	9378
5	4757	4721	4748	9379
5	4734	4638	4689	9380
5	4689	4638	4626	9381
5	4766	4735	4695	9382
5	4807	4788	4769	9383
5	4691	4642	4628	9384
5	4691	4628	4656	9385
5	4765	4714	4686	9386
5	4772	4716	4680	9387
5	4733	4639	4676	9388
5	4836	4744	4785	9389
5	4751	4732	4703	9390
5	5133	5060	5082	9391
5	4695	4690	4648	9392
5	4695	4648	4659	9393
5	4696	4653	4652	9394
5	4779	4751	4720	9395
5	4697	4694	4647	9396
5	4697	4647	4658	9397
5	4699	4658	4657	9398
5	4965	4937	4909	9399
5	4790	4733	4750	9400
5	4764	4738	4754	9401
5	4701	4661	4700	9402
5	4701	4688	4641	9403
5	4916	4911	4913	9404
5	4905	4817	4857	9405
5	4702	4696	4652	9406
5	4702	4652	4619	9407
5	4720	4664	4688	9408
5	4809	4746	4724	9409
5	5095	232	5043	9410
5	4981	4951	4975	9411
5	4761	4677	4718	9412
5	4731	4705	4706	9413
5	4706	4705	4668	9414
5	4706	4668	4670	9415
5	4742	4707	4672	9416
5	4729	4681	4666	9417
5	4851	4835	4834	9418
5	4854	4783	4820	9419
5	4807	4767	4788	9420
5	4789	4769	4788	9421
5	4710	4698	4682	9422
5	4770	4682	4733	9423
5	4822	4794	4755	9424
5	5012	4946	4988	9425
5	4885	4816	4865	9426
5	4947	4888	4934	9427
5	4855	4822	4787	9428
5	4794	4747	4713	9429
5	4772	4680	4736	9430
5	4886	4849	4823	9431
5	4756	4712	4693	9432
5	4770	4710	4682	9433
5	4826	4796	4765	9434
5	4749	4736	4681	9435
5	4740	4724	4701	9436
5	4717	4700	4650	9437
5	4718	4677	4640	9438
5	4718	4640	4690	9439
5	4856	4841	4780	9440
5	4864	4791	4824	9441
5	4901	4813	4837	9442
5	4751	4703	4720	9443
5	4721	4684	4660	9444
5	4721	4660	4694	9445
5	4730	4706	4670	9446
5	4722	4692	4662	9447
5	4723	4722	4687	9448
5	4723	4687	4649	9449
5	4740	4700	4717	9450
5	4725	4643	4684	9451
5	4740	4701	4700	9452
5	4818	4784	4799	9453
5	4726	4711	4685	9454
5	4726	4685	4704	9455
5	4727	4695	4659	9456
5	4727	4659	4674	9457
5	4728	4723	4673	9458
5	4728	4673	4677	9459
5	4783	4742	4776	9460
5	4736	4680	4645	9461
5	4743	4708	4731	9462
5	4731	4706	4730	9463
5	4858	4793	4835	9464
5	4793	4776	4743	9465
5	4758	4702	4732	9466
5	4850	4846	4812	9467
5	4756	4693	4715	9468
5	4785	4710	4770	9469
5	4774	4719	4683	9470
5	4734	4683	4638	9471
5	4791	4735	4766	9472
5	4883	4864	4824	9473
5	4806	4716	4772	9474
5	4879	4806	4843	9475
5	4737	4721	4694	9476
5	4737	4694	4697	9477
5	4738	4737	4697	9478
5	4738	4697	4699	9479
5	4739	4738	4699	9480
5	4739	4699	4698	9481
5	4799	4748	4764	9482
5	4757	4725	4684	9483
5	4741	4726	4704	9484
5	4741	4704	4696	9485
5	4793	4743	4760	9486
5	4767	4723	4728	9487
5	4776	4709	4743	9488
5	4743	4709	4708	9489
5	4744	4739	4710	9490
5	4785	4744	4710	9491
5	4773	4741	4696	9492
5	4859	4785	4815	9493
5	4746	4720	4688	9494
5	4746	4688	4724	9495
5	4833	4763	4778	9496
5	4755	4713	4675	9497
5	4754	4738	4739	9498
5	4805	4754	4795	9499
5	4811	4736	4749	9500
5	4806	4765	4716	9501
5	4750	4733	4676	9502
5	4750	4676	4712	9503
5	4758	4696	4702	9504
5	4801	4745	4741	9505
5	4778	4679	4747	9506
5	4875	4842	4870	9507
5	4753	4727	4674	9508
5	4753	4674	4719	9509
5	4764	4737	4738	9510
5	4890	4853	4818	9511
5	4771	4711	4726	9512
5	4982	4959	4919	9513
5	5128	5067	5084	9514
5	4759	4691	4714	9515
5	4800	4775	4786	9516
5	4768	4717	4678	9517
5	4773	4696	4758	9518
5	4845	4810	4745	9519
5	4914	4897	4849	9520
5	4821	4750	4782	9521
5	4760	4743	4731	9522
5	4789	4730	4769	9523
5	4803	4767	4728	9524
5	4761	4728	4677	9525
5	4820	4776	4793	9526
5	4918	4889	4896	9527
5	4804	4774	4734	9528
5	4798	4727	4753	9529
5	4923	4867	4908	9530
5	4784	4757	4748	9531
5	4904	4827	4863	9532
5	4915	4852	4882	9533
5	4804	4734	4763	9534
5	4828	4753	4777	9535
5	4791	4752	4735	9536
5	4807	4723	4767	9537
5	4808	4725	4757	9538
5	4892	4857	4825	9539
5	4769	4730	4692	9540
5	4769	4692	4722	9541
5	4790	4770	4733	9542
5	4903	4879	4843	9543
5	4855	4787	4830	9544
5	5078	5043	232	9545
5	4826	4765	4806	9546
5	4831	4762	4783	9547
5	4797	4732	4751	9548
5	4812	4758	4797	9549
5	4978	4939	4902	9550
5	4814	4774	4804	9551
5	4825	4809	4775	9552
5	4809	4724	4775	9553
5	4783	4762	4742	9554
5	4835	4793	4760	9555
5	4798	4766	4727	9556
5	4864	4832	4791	9557
5	4833	4804	4763	9558
5	4778	4763	4651	9559
5	4850	4812	4813	9560
5	4837	4751	4779	9561
5	4780	4761	4752	9562
5	5000	4958	4940	9563
5	4781	4756	4715	9564
5	4781	4715	4759	9565
5	4782	4750	4712	9566
5	4782	4712	4756	9567
5	4941	4904	4863	9568
5	4992	4922	4963	9569
5	4786	4717	4768	9570
5	4808	4768	4725	9571
5	4829	4782	4756	9572
5	4872	4825	4775	9573
5	4786	4775	4740	9574
5	4786	4740	4717	9575
5	4787	4755	4711	9576
5	4787	4711	4771	9577
5	4802	4760	4731	9578
5	4789	4731	4730	9579
5	4802	4731	4789	9580
5	4834	4760	4802	9581
5	5028	4950	4993	9582
5	4873	4790	4821	9583
5	4891	4841	4856	9584
5	4866	4777	4814	9585
5	4792	4749	4729	9586
5	4792	4729	4762	9587
5	4835	4760	4834	9588
5	4827	4811	4749	9589
5	4847	4794	4822	9590
5	4948	4898	4937	9591
5	4795	4754	4744	9592
5	4865	4795	4836	9593
5	4796	4759	4714	9594
5	4796	4714	4765	9595
5	4890	4818	4867	9596
5	5062	5013	5008	9597
5	4982	4919	4956	9598
5	4828	4798	4753	9599
5	4865	4816	4795	9600
5	4867	4818	4838	9601
5	4800	4786	4768	9602
5	4808	4800	4768	9603
5	4906	4865	4836	9604
5	4845	4745	4801	9605
5	4839	4789	4788	9606
5	4966	4904	4941	9607
5	4922	4854	4893	9608
5	4840	4767	4803	9609
5	4871	4804	4833	9610
5	4871	4814	4804	9611
5	4805	4799	4764	9612
5	4805	4764	4754	9613
5	4811	4772	4736	9614
5	4914	4849	4886	9615
5	4807	4769	4722	9616
5	4807	4722	4723	9617
5	4808	4757	4784	9618
5	4844	4808	4784	9619
5	4924	4882	4879	9620
5	4837	4797	4751	9621
5	4810	4771	4745	9622
5	4905	4877	4817	9623
5	4831	4792	4762	9624
5	4895	4831	4854	9625
5	4846	4773	4812	9626
5	4812	4773	4758	9627
5	4813	4812	4797	9628
5	4837	4813	4797	9629
5	4998	4925	4972	9630
5	4894	4856	4832	9631
5	4815	4785	4770	9632
5	4815	4770	4790	9633
5	4816	4805	4795	9634
5	5069	4984	5011	9635
5	4817	4779	4746	9636
5	4817	4746	4809	9637
5	4913	4853	4890	9638
5	4933	4880	4899	9639
5	4819	4747	4794	9640
5	4822	4755	4787	9641
5	4854	4831	4783	9642
5	4843	4772	4811	9643
5	4873	4815	4790	9644
5	4906	4836	4859	9645
5	4847	4819	4794	9646
5	4972	4925	4898	9647
5	4823	4781	4759	9648
5	4823	4759	4796	9649
5	4824	4791	4766	9650
5	4824	4766	4798	9651
5	4916	4913	4890	9652
5	4857	4817	4809	9653
5	4958	4903	4940	9654
5	4827	4749	4792	9655
5	4903	4843	4874	9656
5	4904	4874	4827	9657
5	5076	5025	5071	9658
5	4972	4898	4948	9659
5	4879	4826	4806	9660
5	5047	5004	5017	9661
5	4830	4787	4771	9662
5	4830	4771	4810	9663
5	4895	4863	4831	9664
5	4858	4820	4793	9665
5	4832	4780	4752	9666
5	4832	4752	4791	9667
5	4866	4828	4777	9668
5	4925	4871	4875	9669
5	4876	4788	4840	9670
5	4840	4788	4767	9671
5	4856	4780	4832	9672
5	4928	4841	4891	9673
5	4859	4836	4785	9674
5	4897	4829	4849	9675
5	4951	4933	4938	9676
5	4877	4837	4779	9677
5	4838	4818	4799	9678
5	4838	4799	4805	9679
5	4839	4834	4802	9680
5	4839	4802	4789	9681
5	5143	5129	5081	9682
5	4921	4893	4858	9683
5	5044	4992	5024	9684
5	4841	4803	4780	9685
5	4842	4833	4778	9686
5	4842	4778	4747	9687
5	4886	4823	4852	9688
5	4843	4806	4772	9689
5	4997	4914	4954	9690
5	4844	4800	4808	9691
5	5144	5104	5115	9692
5	4861	4810	4848	9693
5	4899	4801	4846	9694
5	4846	4801	4773	9695
5	5077	5057	5014	9696
5	4925	4875	4898	9697
5	5037	4957	4994	9698
5	4942	4907	4848	9699
5	4941	4863	4895	9700
5	5004	4932	4947	9701
5	4901	4837	4877	9702
5	4857	4809	4825	9703
5	4939	4860	4902	9704
5	5060	5015	4996	9705
5	4852	4823	4796	9706
5	4852	4796	4826	9707
5	4853	4844	4784	9708
5	4853	4784	4818	9709
5	4958	4924	4903	9710
5	4924	4879	4903	9711
5	4861	4830	4810	9712
5	5078	232	233	9713
5	4960	4920	4889	9714
5	5015	4983	4960	9715
5	4976	4905	4929	9716
5	4929	4857	4892	9717
5	4960	4889	4918	9718
5	4889	4851	4869	9719
5	5006	4935	4976	9720
5	5047	5018	5004	9721
5	4860	4824	4798	9722
5	4860	4798	4828	9723
5	5117	233	234	9724
5	4961	4880	4933	9725
5	4862	4821	4782	9726
5	4862	4782	4829	9727
5	4863	4827	4792	9728
5	4863	4792	4831	9729
5	5005	4948	4937	9730
5	4883	4824	4860	9731
5	4932	4900	4873	9732
5	4923	4890	4867	9733
5	4910	4866	4814	9734
5	4996	4918	4974	9735
5	4885	4868	4816	9736
5	4908	4867	4868	9737
5	4868	4867	4838	9738
5	4868	4838	4816	9739
5	4869	4851	4834	9740
5	4869	4834	4839	9741
5	4870	4842	4819	9742
5	4909	4819	4847	9743
5	4937	4898	4870	9744
5	4910	4814	4871	9745
5	4872	4775	4800	9746
5	5017	4947	4984	9747
5	4897	4862	4829	9748
5	4954	4914	4886	9749
5	4874	4843	4811	9750
5	4874	4811	4827	9751
5	4875	4871	4833	9752
5	4875	4833	4842	9753
5	4876	4869	4839	9754
5	4876	4839	4788	9755
5	4987	4971	4977	9756
5	4929	4905	4857	9757
5	4928	4912	4878	9758
5	4878	4840	4803	9759
5	4872	4800	4844	9760
5	4913	4844	4853	9761
5	4988	4946	4957	9762
5	4899	4846	4850	9763
5	4881	4858	4835	9764
5	4881	4835	4851	9765
5	4882	4852	4826	9766
5	4882	4826	4879	9767
5	5042	4972	5009	9768
5	4894	4832	4864	9769
5	4884	4847	4822	9770
5	4884	4822	4855	9771
5	5093	5047	5017	9772
5	5079	5050	5016	9773
5	4915	4886	4852	9774
5	4934	4888	4862	9775
5	4887	4855	4830	9776
5	4887	4830	4861	9777
5	4888	4873	4821	9778
5	4888	4821	4862	9779
5	4928	4878	4841	9780
5	5163	5120	5160	9781
5	5080	5063	5028	9782
5	4975	4901	4935	9783
5	4912	4840	4878	9784
5	5106	5066	5073	9785
5	5038	4971	4987	9786
5	5080	5028	5050	9787
5	4893	4854	4820	9788
5	4893	4820	4858	9789
5	4936	4864	4883	9790
5	4936	4894	4864	9791
5	5044	5021	4992	9792
5	4922	4895	4854	9793
5	4896	4889	4869	9794
5	4896	4869	4876	9795
5	5090	5011	5053	9796
5	4964	4934	4897	9797
5	4898	4875	4870	9798
5	4965	4909	4917	9799
5	4899	4880	4845	9800
5	4899	4845	4801	9801
5	4900	4859	4815	9802
5	4900	4815	4873	9803
5	4938	4850	4901	9804
5	4901	4850	4813	9805
5	4944	4866	4910	9806
5	4902	4860	4828	9807
5	4940	4903	4874	9808
5	5031	4966	5001	9809
5	4940	4874	4904	9810
5	4967	4895	4922	9811
5	5022	4968	4995	9812
5	4916	4892	4911	9813
5	5156	215	216	9814
5	5050	5028	4993	9815
5	4907	4861	4848	9816
5	4942	4848	4880	9817
5	4943	4908	4868	9818
5	4943	4868	4885	9819
5	4937	4870	4909	9820
5	5046	4980	5012	9821
5	5200	5143	5176	9822
5	4944	4910	4925	9823
5	4911	4892	4825	9824
5	4911	4825	4872	9825
5	4912	4896	4876	9826
5	4912	4876	4840	9827
5	4913	4911	4872	9828
5	4913	4872	4844	9829
5	5035	4997	4954	9830
5	4934	4862	4897	9831
5	5007	4924	4958	9832
5	4964	4897	4914	9833
5	4994	4942	4961	9834
5	4990	4929	4973	9835
5	4917	4909	4847	9836
5	4917	4847	4884	9837
5	4939	4883	4860	9838
5	4952	4891	4927	9839
5	4919	4884	4855	9840
5	4919	4855	4887	9841
5	4920	4881	4851	9842
5	4920	4851	4889	9843
5	5143	5081	5133	9844
5	5082	5060	5026	9845
5	4966	4940	4904	9846
5	5052	5024	4991	9847
5	4995	4968	4923	9848
5	4995	4923	4971	9849
5	4967	4941	4895	9850
5	5103	5010	5056	9851
5	5054	5039	5042	9852
5	4925	4910	4871	9853
5	4926	4885	4865	9854
5	4926	4865	4906	9855
5	4927	4891	4856	9856
5	4927	4856	4894	9857
5	4928	4896	4912	9858
5	5070	5054	5009	9859
5	4973	4892	4916	9860
5	4935	4877	4905	9861
5	4930	4906	4859	9862
5	4930	4859	4900	9863
5	4931	4887	4861	9864
5	4931	4861	4907	9865
5	5170	5153	5124	9866
5	4928	4918	4896	9867
5	4961	4942	4880	9868
5	4935	4901	4877	9869
5	4997	4964	4914	9870
5	4947	4932	4888	9871
5	4976	4935	4905	9872
5	4973	4929	4892	9873
5	4974	4891	4952	9874
5	5026	4974	4952	9875
5	5013	4965	5008	9876
5	5039	4985	4978	9877
5	4938	4933	4899	9878
5	4938	4899	4850	9879
5	5102	5054	5100	9880
5	5034	4970	4985	9881
5	5101	5021	5044	9882
5	5114	5084	5059	9883
5	5001	4941	4967	9884
5	4996	4960	4918	9885
5	5012	4980	4946	9886
5	5032	4961	5003	9887
5	5002	4943	4950	9888
5	5022	4916	4968	9889
5	4978	4902	4944	9890
5	4944	4902	4866	9891
5	4945	4915	4882	9892
5	4945	4882	4924	9893
5	4946	4931	4907	9894
5	5003	4933	4951	9895
5	5028	5002	4950	9896
5	5004	4962	4932	9897
5	5005	4937	4965	9898
5	5111	5077	235	9899
5	4949	4927	4894	9900
5	4949	4894	4936	9901
5	4950	4943	4885	9902
5	4950	4885	4926	9903
5	5091	5033	5066	9904
5	5006	4981	4975	9905
5	5026	4996	4974	9906
5	5055	5034	4985	9907
5	4953	4921	4881	9908
5	4953	4881	4920	9909
5	4979	4915	4945	9910
5	4979	4955	4915	9911
5	4955	4954	4886	9912
5	4955	4886	4915	9913
5	4956	4919	4887	9914
5	4956	4887	4931	9915
5	4957	4946	4907	9916
5	4957	4907	4942	9917
5	5085	5031	5058	9918
5	5067	4979	5030	9919
5	4959	4917	4884	9920
5	4959	4884	4919	9921
5	5060	4996	5026	9922
5	5031	5000	4966	9923
5	5141	5061	5105	9924
5	5003	4961	4933	9925
5	4962	4930	4900	9926
5	4962	4900	4932	9927
5	4963	4922	4893	9928
5	4963	4893	4921	9929
5	5175	212	213	9930
5	5132	5069	5090	9931
5	5171	239	5148	9932
5	5040	4948	5005	9933
5	5000	4940	4966	9934
5	5059	5030	5007	9935
5	5024	4963	4991	9936
5	4992	4967	4922	9937
5	4968	4916	4890	9938
5	4968	4890	4923	9939
5	4969	4926	4906	9940
5	4969	4906	4930	9941
5	4970	4936	4883	9942
5	4970	4883	4939	9943
5	4971	4923	4908	9944
5	5097	5019	5049	9945
5	4998	4944	4925	9946
5	5144	5116	5104	9947
5	5006	4975	4935	9948
5	5049	5019	5022	9949
5	4974	4918	4928	9950
5	4974	4928	4891	9951
5	4975	4951	4938	9952
5	4975	4938	4901	9953
5	5187	243	5160	9954
5	5033	4981	5006	9955
5	4977	4971	4908	9956
5	4977	4908	4943	9957
5	5086	5070	5040	9958
5	5034	4999	4970	9959
5	5035	4954	5027	9960
5	5059	5007	5010	9961
5	4980	4956	4931	9962
5	4980	4931	4946	9963
5	4990	4976	4929	9964
5	5065	4981	5033	9965
5	5111	5057	5077	9966
5	5057	5036	4982	9967
5	4983	4953	4920	9968
5	4983	4920	4960	9969
5	4984	4947	4934	9970
5	4984	4934	4964	9971
5	4985	4970	4939	9972
5	4985	4939	4978	9973
5	4986	4952	4927	9974
5	4986	4927	4949	9975
5	5002	4977	4943	9976
5	5050	4993	5016	9977
5	5105	5029	5065	9978
5	5037	4988	4957	9979
5	4989	4969	4930	9980
5	4989	4930	4962	9981
5	5065	5029	4981	9982
5	5066	5033	5041	9983
5	4991	4963	4921	9984
5	4991	4921	4953	9985
5	5025	4953	4983	9986
5	5071	4983	5015	9987
5	4993	4950	4926	9988
5	4993	4926	4969	9989
5	5204	213	214	9990
5	4994	4957	4942	9991
5	5038	4995	4971	9992
5	5070	5009	5040	9993
5	5015	4960	4996	9994
5	5026	4952	4986	9995
5	5017	5004	4947	9996
5	5172	5156	216	9997
5	5039	4978	4998	9998
5	4998	4978	4944	9999
5	4999	4949	4936	10000
5	4999	4936	4970	10001
5	5108	5074	5027	10002
5	5007	4945	4924	10003
5	5024	4992	4963	10004
5	5225	5200	5218	10005
5	5068	4987	5020	10006
5	5150	5079	5110	10007
5	5032	4994	4961	10008
5	5094	4994	5032	10009
5	5069	5017	4984	10010
5	5090	5069	5011	10011
5	5013	5005	4965	10012
5	5040	5009	4948	10013
5	5041	4976	4990	10014
5	5091	5065	5033	10015
5	5112	5099	5074	10016
5	5056	5000	5031	10017
5	5008	4965	4917	10018
5	5008	4917	4959	10019
5	5055	4985	5039	10020
5	5009	4972	4948	10021
5	5010	5007	4958	10022
5	5010	4958	5000	10023
5	5011	4984	4964	10024
5	5011	4964	4997	10025
5	5014	4982	4956	10026
5	5014	4956	4980	10027
5	5221	5203	245	10028
5	5116	5064	5104	10029
5	5117	5078	233	10030
5	5077	5014	5046	10031
5	5118	5044	5089	10032
5	5025	4991	4953	10033
5	5016	4993	4969	10034
5	5016	4969	4989	10035
5	5142	5135	5093	10036
5	5175	5142	5132	10037
5	5018	4989	4962	10038
5	5018	4962	5004	10039
5	5019	4990	4973	10040
5	5073	4990	5019	10041
5	5020	4987	4977	10042
5	5020	4977	5002	10043
5	5021	5001	4967	10044
5	5021	4967	4992	10045
5	5022	5019	4973	10046
5	5022	4973	4916	10047
5	5023	4986	4949	10048
5	5023	4949	4999	10049
5	5188	5119	5154	10050
5	5056	5010	5000	10051
5	5071	5025	4983	10052
5	5052	4991	5025	10053
5	5120	5083	5102	10054
5	5082	5026	5045	10055
5	5027	4954	4955	10056
5	5027	4955	4979	10057
5	5079	5016	5048	10058
5	5216	228	5179	10059
5	5029	5003	4951	10060
5	5029	4951	4981	10061
5	5030	4979	4945	10062
5	5030	4945	5007	10063
5	5081	5015	5060	10064
5	5058	5031	5001	10065
5	5121	5088	5094	10066
5	5095	5043	5072	10067
5	5198	222	5194	10068
5	5123	5091	5066	10069
5	5126	5051	5083	10070
5	5173	5145	5163	10071
5	5125	5053	5099	10072
5	5125	5090	5053	10073
5	5036	5008	4959	10074
5	5036	4959	4982	10075
5	5136	231	5095	10076
5	5204	5175	213	10077
5	5075	5038	4987	10078
5	5049	4995	5038	10079
5	5126	5098	5051	10080
5	5055	5039	5054	10081
5	5102	5055	5054	10082
5	5100	5054	5070	10083
5	5041	5033	5006	10084
5	5041	5006	4976	10085
5	5042	5039	4998	10086
5	5042	4998	4972	10087
5	5043	5012	4988	10088
5	5095	231	232	10089
5	5119	5085	5058	10090
5	5169	5085	5119	10091
5	5045	5026	4986	10092
5	5045	4986	5023	10093
5	5057	4982	5014	10094
5	5046	5014	4980	10095
5	5172	5150	5110	10096
5	5127	5050	5079	10097
5	5048	5016	4989	10098
5	5048	4989	5018	10099
5	5182	209	210	10100
5	5181	5161	5167	10101
5	5127	5080	5050	10102
5	5172	5110	5156	10103
5	5051	5023	4999	10104
5	5051	4999	5034	10105
5	5076	5052	5025	10106
5	5118	5101	5044	10107
5	5053	5011	4997	10108
5	5053	4997	5035	10109
5	5054	5042	5009	10110
5	5086	5040	5064	10111
5	5163	5126	5120	10112
5	5193	243	244	10113
5	5067	5027	4979	10114
5	5103	5059	5010	10115
5	5133	5081	5060	10116
5	5062	5008	5036	10117
5	5085	5056	5031	10118
5	5199	5146	5190	10119
5	5101	5058	5021	10120
5	5149	5125	5099	10121
5	5212	5170	5201	10122
5	5218	5200	5176	10123
5	5061	5032	5003	10124
5	5061	5003	5029	10125
5	5115	5062	5087	10126
5	5115	5104	5062	10127
5	5063	5020	5002	10128
5	5063	5002	5028	10129
5	5064	5040	5005	10130
5	5064	5005	5013	10131
5	5094	5032	5061	10132
5	5130	5065	5091	10133
5	5164	5131	5107	10134
5	5049	5022	4995	10135
5	5108	5027	5067	10136
5	5215	209	5162	10137
5	5137	5063	5080	10138
5	5131	5068	5107	10139
5	5132	5093	5069	10140
5	5175	5132	5155	10141
5	5075	4987	5068	10142
5	5106	5073	5097	10143
5	5196	5176	5153	10144
5	5081	5071	5015	10145
5	5072	5043	4988	10146
5	5072	4988	5037	10147
5	5073	5066	5041	10148
5	5073	5041	4990	10149
5	5074	5035	5027	10150
5	5206	5162	5128	10151
5	5097	5073	5019	10152
5	5122	5075	5096	10153
5	5089	5044	5024	10154
5	5089	5024	5052	10155
5	5117	5046	5078	10156
5	5077	234	235	10157
5	5078	5046	5012	10158
5	5078	5012	5043	10159
5	5150	5127	5079	10160
5	5151	5137	5080	10161
5	5151	5080	5127	10162
5	5131	5096	5068	10163
5	5176	5143	5133	10164
5	5152	5113	5076	10165
5	5168	5139	5100	10166
5	5227	5218	5196	10167
5	5083	5051	5034	10168
5	5083	5034	5055	10169
5	5084	5067	5030	10170
5	5084	5030	5059	10171
5	5157	5114	5103	10172
5	5114	5059	5103	10173
5	5138	5070	5086	10174
5	5102	5083	5055	10175
5	5087	5062	5036	10176
5	5087	5036	5057	10177
5	5088	5072	5037	10178
5	5136	5095	5072	10179
5	5213	5190	5210	10180
5	5196	5153	5170	10181
5	5202	5157	5195	10182
5	5093	5017	5069	10183
5	5185	5165	5123	10184
5	5130	5105	5065	10185
5	5092	5048	5018	10186
5	5092	5018	5047	10187
5	5156	5110	5092	10188
5	5142	5093	5132	10189
5	5094	5088	5037	10190
5	5094	5037	4994	10191
5	5136	5072	5088	10192
5	5136	230	231	10193
5	5096	5075	5068	10194
5	5137	5107	5063	10195
5	5109	5038	5075	10196
5	5123	5066	5106	10197
5	5098	5045	5023	10198
5	5098	5023	5051	10199
5	5099	5053	5035	10200
5	5099	5035	5074	10201
5	5148	5086	5116	10202
5	5178	5135	5142	10203
5	5226	203	204	10204
5	5119	5058	5101	10205
5	5163	5145	5126	10206
5	5126	5083	5120	10207
5	5157	5103	5140	10208
5	5128	5108	5067	10209
5	5104	5064	5013	10210
5	5104	5013	5062	10211
5	5158	5141	5105	10212
5	5105	5061	5029	10213
5	5134	5106	5097	10214
5	5122	5109	5075	10215
NPOIN= 5233
9.997500181200000e-01	-3.633245108903786e-05	0
9.990000128750000e-01	-1.454737972062437e-04	1
9.977599978450000e-01	-3.275234835731366e-04	2
9.960200190539999e-01	-5.900140584564148e-04	3
9.937800168990000e-01	-9.474084366699854e-04	4
9.910500049590000e-01	-1.422961616124258e-03	5
9.878399968150000e-01	-2.047479931604046e-03	6
9.841300249100000e-01	-2.857513505857457e-03	7
9.799500107769999e-01	-3.865507197886423e-03	8
9.752799868580000e-01	-5.068623151669963e-03	9
9.701499938960000e-01	-6.419847904614889e-03	10
9.645400047300000e-01	-7.860471514926741e-03	11
9.584699869160000e-01	-9.314969965397475e-03	12
9.519400000570000e-01	-1.072808170979077e-02	13
9.449599981310000e-01	-1.207232746812814e-02	14
9.375399947170000e-01	-1.335296757099646e-02	15
9.296900033950000e-01	-1.459847290421941e-02	16
9.214000105860000e-01	-1.584847403695384e-02	17
9.126999974250000e-01	-1.713151009216408e-02	18
9.035800099370001e-01	-1.846988143759953e-02	19
8.940600156780000e-01	-1.986826764802568e-02	20
8.841500282290000e-01	-2.132292513866830e-02	21
8.738499879840000e-01	-2.282638361045872e-02	22
8.631799817090000e-01	-2.436699559263776e-02	23
8.521599769590000e-01	-2.593434059535896e-02	24
8.407700061800000e-01	-2.752558200149291e-02	25
8.290500044819999e-01	-2.913116579187105e-02	26
8.170099854470000e-01	-3.074690686178026e-02	27
8.046399950980000e-01	-3.237160035741014e-02	28
7.919700145720000e-01	-3.399862372238210e-02	29
7.790099978450000e-01	-3.562369509287716e-02	30
7.657799720760000e-01	-3.724087700598570e-02	31
7.522799968720000e-01	-3.884632974642917e-02	32
7.385200262070000e-01	-4.043470273475422e-02	33
7.245299816130000e-01	-4.199833916600337e-02	34
7.103199958800001e-01	-4.353201822480189e-02	35
6.958900094030001e-01	-4.503172747343849e-02	36
6.812700033190000e-01	-4.649061952837333e-02	37
6.664699912070000e-01	-4.790440048084037e-02	38
6.514999866490000e-01	-4.926919877912114e-02	39
6.363800168040000e-01	-5.058076574195802e-02	40
6.211299896240000e-01	-5.183554217088222e-02	41
6.057599782940000e-01	-5.303140610616460e-02	42
5.902799963950000e-01	-5.416675505307934e-02	43
5.747100114820000e-01	-5.523981852429587e-02	44
5.590599775310000e-01	-5.625008813638384e-02	45
5.433599948880000e-01	-5.719629910792349e-02	46
5.276100039480000e-01	-5.807950904925872e-02	47
5.118399858470000e-01	-5.889939442793420e-02	48
4.960500001910000e-01	-5.965754013914162e-02	49
4.802699983120000e-01	-6.035424317956145e-02	50
4.645099937920000e-01	-6.099091869302713e-02	51
4.487800002100000e-01	-6.156894446185165e-02	52
4.331099987030000e-01	-6.208895669625997e-02	53
4.174999892710000e-01	-6.255251890578702e-02	54
4.019699990750000e-01	-6.296030414069285e-02	55
3.865399956700000e-01	-6.331280288643333e-02	56
3.712300062180000e-01	-6.361026592963546e-02	57
3.560400009160000e-01	-6.385295061241429e-02	58
3.409900069240000e-01	-6.404030831675228e-02	59
3.261100053790000e-01	-6.417138835763242e-02	60
3.113999962810000e-01	-6.424514874631382e-02	61
2.968699932100000e-01	-6.425991534954996e-02	62
2.825500071050000e-01	-6.421363251022870e-02	63
2.684499919410000e-01	-6.410393160055396e-02	64
2.545700073240000e-01	-6.392786004917966e-02	65
2.409400045870000e-01	-6.368245903673288e-02	66
2.275699973110000e-01	-6.336430554028924e-02	67
2.144699990750000e-01	-6.296965688237742e-02	68
2.016600072380000e-01	-6.249489554926229e-02	69
1.891400069000000e-01	-6.193550453311174e-02	70
1.769299954180000e-01	-6.128761058048016e-02	71
1.650400012730000e-01	-6.054689630658844e-02	72
1.534900069240000e-01	-5.970975833826768e-02	73
1.422899961470000e-01	-5.877215287887326e-02	74
1.314399987460000e-01	-5.772912025532988e-02	75
1.209499984980000e-01	-5.657646280816736e-02	76
1.108499988910000e-01	-5.531279541535061e-02	77
1.011300012470000e-01	-5.393230986280495e-02	78
9.181000292300000e-02	-5.243323518253586e-02	79
8.290000259900000e-02	-5.081309229104774e-02	80
7.440000027400000e-02	-4.906779279641151e-02	81
6.633000075800000e-02	-4.719775518534397e-02	82
5.869000032500000e-02	-4.519975915718205e-02	83
5.149000138000000e-02	-4.307335018041121e-02	84
4.473999887700000e-02	-4.081911942268308e-02	85
3.844000026600000e-02	-3.843497845409284e-02	86
3.260000050100000e-02	-3.592297213948921e-02	87
2.723000012300000e-02	-3.328696747710776e-02	88
2.232000045500000e-02	-3.052126370952945e-02	89
1.789999939500000e-02	-2.764413964282503e-02	90
1.394999958600000e-02	-2.464510654855451e-02	91
1.049000024800000e-02	-2.154238789552695e-02	92
7.519999985000000e-03	-1.834378487578733e-02	93
5.040000193000000e-03	-1.505917947009355e-02	94
3.049999941000000e-03	-1.170077582707611e-02	95
1.560000004000000e-03	-8.309183525608103e-03	96
5.600000150000000e-04	-4.893175702063345e-03	97
5.999999800000000e-05	-1.534385616953535e-03	98
0.000000000000000e+00	0.000000000000000e+00	99
5.999999800000000e-05	1.396328407839205e-03	100
5.600000150000000e-04	4.207884611380375e-03	101
1.560000004000000e-03	6.891785494978017e-03	102
3.049999941000000e-03	9.438259640982253e-03	103
5.040000193000000e-03	1.186968829109370e-02	104
7.519999985000000e-03	1.417654813833138e-02	105
1.049000024800000e-02	1.636632754752838e-02	106
1.394999958600000e-02	1.844556487877192e-02	107
1.789999939500000e-02	2.042056439105365e-02	108
2.232000045500000e-02	2.228974157672622e-02	109
2.723000012300000e-02	2.406924110076349e-02	110
3.260000050100000e-02	2.575571278889600e-02	111
3.844000026600000e-02	2.736045153948290e-02	112
4.473999887700000e-02	2.888785141129358e-02	113
5.149000138000000e-02	3.034273305010757e-02	114
5.869000032500000e-02	3.173186537724400e-02	115
6.633000075800000e-02	3.305958795784998e-02	116
7.440000027400000e-02	3.433019152751660e-02	117
8.290000259900000e-02	3.554916197037774e-02	118
9.181000292300000e-02	3.671875088121099e-02	119
1.011300012470000e-01	3.784368504795597e-02	120
1.108499988910000e-01	3.892689600236018e-02	121
1.209499984980000e-01	3.996997796536931e-02	122
1.314399987460000e-01	4.097720315138682e-02	123
1.422899961470000e-01	4.194844865054986e-02	124
1.534900069240000e-01	4.288528164808132e-02	125
1.650400012730000e-01	4.378956723828285e-02	126
1.769299954180000e-01	4.466181985951633e-02	127
1.891400069000000e-01	4.550145494505030e-02	128
2.016600072380000e-01	4.630824150001690e-02	129
2.144699990750000e-01	4.708092154838493e-02	130
2.275699973110000e-01	4.781904355581139e-02	131
2.409400045870000e-01	4.852055513480345e-02	132
2.545700073240000e-01	4.918360355205992e-02	133
2.684499919410000e-01	4.980592791099926e-02	134
2.825500071050000e-01	5.038409597324273e-02	135
2.968699932100000e-01	5.091566453075681e-02	136
3.113999962810000e-01	5.139737868047878e-02	137
3.261100053790000e-01	5.182511696981009e-02	138
3.409900069240000e-01	5.219525729567133e-02	139
3.560400009160000e-01	5.250411236063844e-02	140
3.712300062180000e-01	5.274718796567446e-02	141
3.865399956700000e-01	5.292027768295217e-02	142
4.019699990750000e-01	5.301933541267227e-02	143
4.174999892710000e-01	5.304007477030256e-02	144
4.331099987030000e-01	5.297840775056321e-02	145
4.487800002100000e-01	5.283052154962105e-02	146
4.645099937920000e-01	5.259259893479226e-02	147
4.802699983120000e-01	5.226150438822508e-02	148
4.960500001910000e-01	5.183424985084579e-02	149
5.118399858470000e-01	5.130819734635934e-02	150
5.276100039480000e-01	5.068198732039494e-02	151
5.433599948880000e-01	4.995380032603236e-02	152
5.590599775310000e-01	4.912381452436644e-02	153
5.747100114820000e-01	4.819150119477955e-02	154
5.902799963950000e-01	4.715887979975288e-02	155
6.057599782940000e-01	4.602774826036429e-02	156
6.211299896240000e-01	4.480156039620728e-02	157
6.363800168040000e-01	4.348400213583346e-02	158
6.514999866490000e-01	4.207964595008271e-02	159
6.664699912070000e-01	4.059496054193332e-02	160
6.812700033190000e-01	3.903754312562051e-02	161
6.958900094030001e-01	3.741491291900545e-02	162
7.103199958800001e-01	3.573535466725062e-02	163
7.245299816130000e-01	3.401031724629421e-02	164
7.385200262070000e-01	3.224835074947129e-02	165
7.522799968720000e-01	3.045963714105462e-02	166
7.657799720760000e-01	2.865738956687502e-02	167
7.790099978450000e-01	2.685251915987989e-02	168
7.919700145720000e-01	2.505459356777801e-02	169
8.046399950980000e-01	2.327583405176997e-02	170
8.170099854470000e-01	2.152679995477013e-02	171
8.290500044819999e-01	1.982030623893457e-02	172
8.407700061800000e-01	1.816248607709674e-02	173
8.521599769590000e-01	1.656071290934263e-02	174
8.631799817090000e-01	1.502424173219395e-02	175
8.738499879840000e-01	1.355103514279685e-02	176
8.841500282290000e-01	1.214157019180615e-02	177
8.940600156780000e-01	1.079396451838875e-02	178
9.035800099370001e-01	9.503388077973679e-03	179
9.126999974250000e-01	8.269726275191975e-03	180
9.214000105860000e-01	7.101717674140386e-03	181
9.296900033950000e-01	6.014648097174763e-03	182
9.375399947170000e-01	5.039056551627747e-03	183
9.449599981310000e-01	4.204398495907561e-03	184
9.519400000570000e-01	3.535955606059022e-03	185
9.584699869160000e-01	3.039631063408910e-03	186
9.645400047300000e-01	2.693992883855513e-03	187
9.701499938960000e-01	2.451961998375569e-03	188
9.752799868580000e-01	2.254929547644295e-03	189
9.799500107769999e-01	2.048432433922843e-03	190
9.841300249100000e-01	1.801301522392064e-03	191
9.878399968150000e-01	1.506814343326070e-03	192
9.910500049590000e-01	1.184453987729074e-03	193
9.937800168990000e-01	8.609446215224177e-04	194
9.960200190539999e-01	5.660518783299404e-04	195
9.977599978450000e-01	3.230819272794506e-04	196
9.990000128750000e-01	1.450686238222004e-04	197
9.997500181200000e-01	3.632603227623653e-05	198
1.000000000000000e+00	0.000000000000000e+00	199
1.984229087829600e+01	2.506659984589000e+00	200
1.937166023254400e+01	4.973800182343000e+00	201
1.859552955627400e+01	7.362490177155000e+00	202
1.752613067627000e+01	9.635069847106999e+00	203
1.618033981323200e+01	1.175570964813200e+01	204
1.457936954498300e+01	1.369093990325900e+01	205
1.274847984314000e+01	1.541026973724400e+01	206
1.071654033660900e+01	1.688656044006300e+01	207
8.515589714050000e+00	1.809654045105000e+01	208
6.180339813232000e+00	1.902112960815400e+01	209
3.747629880905000e+00	1.964575004577600e+01	210
1.255810022354000e+00	1.996052932739300e+01	211
-1.255810022354000e+00	1.996052932739300e+01	212
-3.747629880905000e+00	1.964574050903300e+01	213
-6.180339813232000e+00	1.902112960815400e+01	214
-8.515589714050000e+00	1.809654045105000e+01	215
-1.071654033660900e+01	1.688656044006300e+01	216
-1.274847984314000e+01	1.541026020050000e+01	217
-1.457936954498300e+01	1.369093990325900e+01	218
-1.618033981323200e+01	1.175570011138900e+01	219
-1.752613067627000e+01	9.635069847106999e+00	220
-1.859552955627400e+01	7.362490177155000e+00	221
-1.937166023254400e+01	4.973800182343000e+00	222
-1.984229087829600e+01	2.506659984589000e+00	223
-2.000000000000000e+01	0.000000000000000e+00	224
-1.984229087829600e+01	-2.506669998169000e+00	225
-1.937166023254400e+01	-4.973800182343000e+00	226
-1.859552955627400e+01	-7.362490177155000e+00	227
-1.752613067627000e+01	-9.635080337524000e+00	228
-1.618033981323200e+01	-1.175570964813200e+01	229
-1.457936954498300e+01	-1.369093990325900e+01	230
-1.274847984314000e+01	-1.541026973724400e+01	231
-1.071652984619100e+01	-1.688656044006300e+01	232
-8.515580177306999e+00	-1.809654045105000e+01	233
-6.180339813232000e+00	-1.902112960815400e+01	234
-3.747620105743000e+00	-1.964575004577600e+01	235
-1.255810022354000e+00	-1.996052932739300e+01	236
1.255810022354000e+00	-1.996052932739300e+01	237
3.747629880905000e+00	-1.964574050903300e+01	238
6.180339813232000e+00	-1.902112960815400e+01	239
8.515589714050000e+00	-1.809654045105000e+01	240
1.071654033660900e+01	-1.688656044006300e+01	241
1.274847984314000e+01	-1.541026020050000e+01	242
1.457936954498300e+01	-1.369093990325900e+01	243
1.618033981323200e+01	-1.175570011138900e+01	244
1.752614021301300e+01	-9.635069847106999e+00	245
1.859552955627400e+01	-7.362490177155000e+00	246
1.937166023254400e+01	-4.973790168762000e+00	247
1.984229087829600e+01	-2.506659984589000e+00	248
2.000000000000000e+01	0.000000000000000e+00	249
6.048373597352448e-02	-5.305824922427461e-02	250
6.602958676681135e-01	-6.223262183946587e-02	251
4.256194548085646e-01	6.720436245288816e-02	252
6.899433335554466e-01	5.144016177490014e-02	253
3.792481191309716e-01	-7.759689143235780e-02	254
9.994677802179347e-01	-7.282443286549827e-04	255
9.985547544299933e-01	-1.332628784199717e-03	256
7.739027683313698e-01	-4.850883800637003e-02	257
6.899667183418715e-01	-5.909106762033176e-02	258
-1.513276711604874e-03	6.394792350339826e-03	259
7.468777443983347e-01	-5.218832605060995e-02	260
5.834910588440437e-01	6.171810430941968e-02	261
9.928168014295503e-01	-3.739709890942960e-03	262
9.899371041150129e-01	-4.749035785490240e-03	263
5.990743287428933e-01	6.055184965614042e-02	264
7.188680445405713e-01	-5.572627514928934e-02	265
-1.710476479622038e-03	6.767343552949914e-04	266
9.865742789735505e-01	-5.913322685264124e-03	267
9.827352460225388e-01	-7.235969652526296e-03	268
-1.725967285881606e-03	-7.550060515657313e-03	269
6.452123332762755e-01	-6.370962859546414e-02	270
8.245495403255104e-01	-4.093541275387389e-02	271
7.998214112359708e-01	-4.475218392586954e-02	272
3.485117606066159e-01	6.613743656459675e-02	273
8.479578628189340e-01	-3.712082081689978e-02	274
2.473729338265318e-01	6.147311362282414e-02	275
8.699863093976898e-01	-3.333458356250408e-02	276
1.010823845797121e-02	2.056903737667878e-02	277
8.905291983687611e-01	-2.963249234405627e-02	278
7.682901005935151e-02	-5.763707934837348e-02	279
9.095150368959178e-01	-2.606564938601687e-02	280
-2.105046265440820e-03	-3.702760410409733e-03	281
9.424941081968377e-01	-1.922026024925915e-02	282
9.268642409284148e-01	-2.262938831381953e-02	283
1.750216693307934e-02	-3.291032422008174e-02	284
4.258562028280410e-01	-7.668745951057322e-02	285
8.591535885880559e-01	-3.521863263862601e-02	286
9.563434524119786e-01	-1.570203000079360e-02	287
9.784120870890738e-01	-8.738526410023355e-03	288
9.683353468161942e-01	-1.210338212383219e-02	289
1.583070754881048e-01	-7.078971458790125e-02	290
9.002236344092948e-01	-2.783053635763070e-02	291
7.605234330935091e-01	-5.036240813186416e-02	292
9.971363372337692e-01	-2.089134496832333e-03	293
5.991551154770074e-01	-6.772407076518895e-02	294
4.415560353615702e-01	-7.624141650295632e-02	295
5.364234315773526e-01	-7.203125969304817e-02	296
4.731234914867800e-01	-7.513343663995491e-02	297
5.047817839197729e-01	-7.373226860637550e-02	298
4.889405306079136e-01	-7.446914178691159e-02	299
1.249152437711470e-01	-6.677835595909168e-02	300
2.743711496991811e-02	-3.931822358884400e-02	301
3.946900772331718e-01	-7.736553168133677e-02	302
4.589541585884115e-02	-4.796135674378402e-02	303
4.102274553695955e-01	-7.706316181937561e-02	304
3.188539868991505e-01	-7.781827881655096e-02	305
3.487453171326122e-01	-7.785332375209204e-02	306
3.312679151911353e-02	-4.231735243710081e-02	307
2.896532658130439e-01	-7.749442979948620e-02	308
9.348988503907213e-01	-2.092989312857437e-02	309
1.468243768253976e-01	-6.956503163650411e-02	310
1.947436316276190e-01	-7.380118661777671e-02	311
8.563642163664892e-02	-5.972681573861215e-02	312
1.044925667592024e-01	-6.351582508732094e-02	313
5.679261672129878e-01	-7.003556179459519e-02	314
1.701311428365060e-01	-7.190366534200608e-02	315
6.146333821313106e-01	-6.645490046192913e-02	316
8.804519098479956e-01	-3.147050396297919e-02	317
2.223983276161703e-02	-3.618121313460271e-02	318
9.952223407531959e-01	-2.872681496833305e-03	319
6.265965284723390e-03	-2.250240732075328e-02	320
1.817030086996076e-02	2.544771074384213e-02	321
9.183977818364454e-01	-2.433509295941681e-02	322
9.496498633523093e-01	-1.747990044128240e-02	323
9.736130676378553e-01	-1.036694108099089e-02	324
-1.760020045114340e-04	9.466444242853273e-03	325
8.364210836336693e-01	-3.902584838203978e-02	326
2.474637903063011e-01	-7.643874715236178e-02	327
5.522033829275564e-01	-7.107501370600569e-02	328
7.329862329992085e-01	-5.397560439429294e-02	329
7.870024052383876e-01	-4.663866430560427e-02	330
1.145100694851628e-01	-6.521705861308354e-02	331
2.205562202865754e-01	-7.530014143919252e-02	332
5.835868064657161e-01	-6.891795015582493e-02	333
6.752109819834818e-01	-6.069213827624909e-02	334
5.295558616462028e-02	-5.058526850263419e-02	335
3.508023379702944e-03	-1.884894187049484e-02	336
1.326910104409326e-02	-2.955679084469038e-02	337
3.639353093753664e-01	-7.776144177543667e-02	338
1.822894981465479e-01	-7.290556927748180e-02	339
9.999378181088334e-01	-3.815751639987069e-04	340
2.338708546887247e-01	-7.591288933161169e-02	341
9.486255758721943e-02	-6.168705067035998e-02	342
3.041563521807121e-01	-7.769754979520063e-02	343
2.613011492848653e-01	-7.686527235867044e-02	344
4.573162100603383e-01	-7.572577267567761e-02	345
7.045117203302238e-01	-5.743590508925975e-02	346
-2.071420345571765e-03	3.141505242300372e-03	347
-4.985788093013334e-04	-1.134504580672501e-02	348
5.362771865046811e-01	6.453148432938484e-02	349
-1.694304978226640e-03	-9.581996934435287e-04	350
2.814764837053778e-02	2.993623717057342e-02	351
5.364869282091425e-02	3.782052965309964e-02	352
3.999809783868501e-02	3.403515734784931e-02	353
1.149518582623070e-01	4.895671593564473e-02	354
4.099863412955913e-01	6.717216834809633e-02	355
9.970977262762886e-01	2.023644493793059e-03	356
5.204480627273793e-01	6.524332032269456e-02	357
4.729137595087451e-01	6.670527007988100e-02	358
9.731730724213914e-01	7.157220761150574e-03	359
9.620259335735907e-01	8.677452457626265e-03	360
8.901512628110756e-01	2.064187318994188e-02	361
4.887440495704103e-01	6.632788286747539e-02	362
4.413259945301954e-01	6.713983386097326e-02	363
3.790058402502495e-01	6.682462169791749e-02	364
9.263492010788138e-01	1.435844906977969e-02	365
9.090685423344294e-01	1.737307044490219e-02	366
7.743965757670709e-02	4.294523688412081e-02	367
9.780501349426162e-01	6.450860704257510e-03	368
9.557647632590891e-01	9.563355762902244e-03	369
9.419243198818903e-01	1.171046200038581e-02	370
9.539600850718478e-02	4.606225498270088e-02	371
6.115282155683093e-02	3.958397839748348e-02	372
2.894759158616954e-01	6.384635167720007e-02	373
2.611770667757590e-01	6.231490332286243e-02	374
1.703156189085150e-01	5.532618046214725e-02	375
3.186409891683298e-01	6.513110764688083e-02	376
4.570951630848802e-01	6.697660480282215e-02	377
3.944471544960084e-01	6.704375960352982e-02	378
1.471137970147615e-01	5.290459380851179e-02	379
1.253072467374492e-01	5.031198961361950e-02	380
6.299271605363692e-01	5.789827706752586e-02	381
1.948261257428477e-01	5.755774417080344e-02	382
2.205452276404005e-01	5.960754777131345e-02	383
6.602623700989806e-01	5.484727427423537e-02	384
5.678144617662993e-01	6.277270803682811e-02	385
7.468355756116835e-01	4.383789835361059e-02	386
7.188422306359290e-01	4.774193120760007e-02	387
7.996993827838825e-01	3.573829348140126e-02	388
7.738284516831883e-01	3.979946833306186e-02	389
8.477143170954017e-01	2.783450086462723e-02	390
8.243696415662231e-01	3.171676318144249e-02	391
8.998115581712913e-01	1.897932281972613e-02	392
8.696760144780208e-01	2.413203429280539e-02	393
9.490668676197185e-01	1.057118828759824e-02	394
9.179167874916213e-01	1.582872641586519e-02	395
9.678291378850085e-01	7.887128854875868e-03	396
8.588769326521823e-01	2.595561978051416e-02	397
8.801076950561066e-01	2.236081808261144e-02	398
8.121928694594088e-01	3.371779238038392e-02	399
8.362099395966813e-01	2.975468850310685e-02	400
7.604673050880979e-01	4.182868325156423e-02	401
7.869058927240996e-01	3.776735941691638e-02	402
7.044887131941568e-01	4.962485443265175e-02	403
7.329540435215456e-01	4.581009609257976e-02	404
6.451697402156173e-01	5.642189307260245e-02	405
6.751839451914180e-01	5.318469311634632e-02	406
5.520747708826356e-01	6.371257164215501e-02	407
6.145667464369510e-01	5.927608636465887e-02	408
2.075446913617215e-01	5.860569667550813e-02	409
2.338179523551246e-01	6.056413503503348e-02	410
1.585440309455715e-01	5.413744786350437e-02	411
1.824221364335740e-01	5.646601828545322e-02	412
4.660359472904382e-02	3.596523420437125e-02	413
1.360385165026336e-01	5.163307235945580e-02	414
1.390400061041665e-02	2.307424078195446e-02	415
3.384263335214761e-02	3.201990177235762e-02	416
2.075104079227655e-01	-7.459827811044839e-02	417
3.986282159279462e-03	1.525708654838715e-02	418
9.625797954785518e-01	-1.389786433923503e-02	419
8.123429417596080e-01	-4.284920306742963e-02	420
3.337106284342296e-01	-7.786841128151034e-02	421
5.206120806220951e-01	-7.291889959335472e-02	422
1.662413255899635e-03	1.242672216456095e-02	423
2.293355127027368e-02	2.774526828984085e-02	424
6.805125230632056e-03	1.797142286498332e-02	425
8.621059030691516e-02	4.453192615019078e-02	426
6.908287221013015e-02	4.129653328525647e-02	427
2.752189479126268e-01	6.310802036105150e-02	428
1.049815947067598e-01	4.753567658521054e-02	429
9.824557740003473e-01	5.719308265273294e-03	430
9.863698195019492e-01	4.979180186423255e-03	431
3.039589599584097e-01	6.452564229848923e-02	432
9.897960496776658e-01	4.217203675782684e-03	433
9.927230305206695e-01	3.457806879248053e-03	434
3.334857182972662e-01	6.566777695915349e-02	435
3.636961513109518e-01	6.652341161304101e-02	436
9.343531095907555e-01	1.297753376301458e-02	437
9.999289878790957e-01	3.827390471161581e-04	438
9.985313040585080e-01	1.305942482859867e-03	439
9.994532430029839e-01	7.207684011695203e-04	440
6.299810161323471e-01	-6.511621692634204e-02	441
3.928206810026177e-02	-4.520639415371711e-02	442
9.951615368444999e-01	2.732597258975285e-03	443
5.046007514253400e-01	6.584254169718075e-02	444
1.255251778380411e-03	-1.512878789964223e-02	445
9.517404111353656e-03	-2.606718938808147e-02	446
6.844033926723522e-02	-5.541382488277078e-02	447
1.356972822939323e-01	-6.823217169480966e-02	448
2.753718422562559e-01	-7.721714400650702e-02	449
7.147598618238143e-02	5.071332886339096e-02	450
-3.693049492981097e-03	9.020298090695916e-03	451
-4.751905408253561e-03	5.130216261146980e-03	452
2.822007410349299e-01	-9.199867641209848e-02	453
6.989813883724981e-01	-7.304332363309951e-02	454
9.158576785306002e-01	-3.410977233451116e-02	455
4.709394417087572e-03	-2.719274674182746e-02	456
5.767982752839328e-01	7.798017574169057e-02	457
6.842802555477734e-01	-7.486196418417392e-02	458
7.823934939148590e-01	-6.089048379065914e-02	459
9.893160133417653e-01	-8.804176883662715e-03	460
3.262652631595949e-01	-9.308403919036158e-02	461
8.555466131615871e-01	-4.753668547479398e-02	462
8.324802315963813e-01	-5.204506028508570e-02	463
8.802797030815676e-02	-6.989647590610557e-02	464
-4.190570327682709e-03	-1.058498048387597e-02	465
2.131880142567693e-01	-8.830785678433505e-02	466
1.223642668261752e-02	-3.510854473897430e-02	467
9.610666684022741e-01	-2.089926677210807e-02	468
1.511031595037551e-01	-8.182819428270587e-02	469
7.134793949032866e-01	-7.115022108301169e-02	470
6.543387587033437e-01	-7.828615892025483e-02	471
4.501131661497313e-01	-9.207217144898661e-02	472
7.889448315741056e-02	-6.740948411732586e-02	473
3.873133652443372e-01	-9.328562996690545e-02	474
8.973215681960838e-01	-3.853029253794438e-02	475
7.953691144779280e-01	-5.872509354857511e-02	476
5.788684403298895e-03	2.236574010763171e-02	477
1.808918879772707e-02	3.124255703878325e-02	478
6.693086055358916e-01	6.902897028783293e-02	479
8.436783109371866e-01	4.059610535682669e-02	480
1.085116229882897e-01	5.858513541281121e-02	481
6.842068879192599e-01	6.715503732169099e-02	482
1.633508863499516e-01	6.687609724583000e-02	483
8.764888187789608e-01	3.399626332911110e-02	484
9.889388001616678e-01	8.000574776114046e-03	485
3.408381364683671e-01	8.118455664643101e-02	486
5.133173448099789e-01	8.145932620518294e-02	487
9.535308753664133e-01	1.718743503694926e-02	488
8.866779522805249e-01	3.187571510086780e-02	489
9.920535840127772e-01	6.699609914553934e-03	490
9.599675825637167e-01	1.574386207557418e-02	491
9.811992751256803e-01	1.054055527571273e-02	492
2.399160830134192e-01	7.493007949925026e-02	493
3.258317640187981e-01	8.052612096382288e-02	494
2.264378754890698e-01	7.373545854250863e-02	495
9.865369595121087e-02	5.672464662032776e-02	496
6.693911387457100e-01	-7.661278318861263e-02	497
2.001644717670516e-01	-8.724886304490287e-02	498
9.401561683248214e-03	2.542082674353403e-02	499
1.403605989439415e-01	6.370741320277122e-02	500
4.806934341611476e-02	4.410094731098920e-02	501
9.715005325834898e-01	1.307484530741215e-02	502
9.946747377915525e-01	5.495701135321194e-03	503
8.964735382964656e-01	2.980330186949517e-02	504
1.628826399820293e-01	-8.337496099750097e-02	505
1.000202614050278e+00	2.373245586247719e-04	506
9.984688057102531e-01	2.974989466924862e-03	507
9.968199317152979e-01	4.260037302707065e-03	508
2.679881279957183e-03	1.918736406519153e-02	509
-2.063292155895604e-03	1.251512394039949e-02	510
1.718908337027055e-03	-2.311379604213567e-02	511
-4.137239045871455e-03	-2.042575553987483e-03	512
-3.254862248307888e-03	-2.109988009078037e-04	513
1.675500759126412e-02	-3.888574086103436e-02	514
1.000208753511596e+00	-2.296494503292842e-04	515
6.190527926914282e-02	-6.200779332294847e-02	516
9.985479588208435e-01	-3.038642063350819e-03	517
9.948637848142571e-01	-5.768873850868222e-03	518
4.180709463965657e-01	8.298902531600053e-02	519
5.454313354356448e-01	-8.758751105781946e-02	520
9.858059938323661e-01	-1.050614778479241e-02	521
8.771973737122524e-01	-4.301991457117033e-02	522
5.925103449501434e-01	7.678188921220343e-02	523
9.923223741927885e-01	-7.181634987924646e-03	524
-4.977662354043713e-03	-6.063218166909020e-03	525
4.343032636633081e-01	-9.250649541937023e-02	526
4.024001074068269e-01	8.283743458041741e-02	527
8.441804886273621e-01	-4.980119094202345e-02	528
2.818825013657658e-01	7.804797038682641e-02	529
8.665544311900780e-01	-4.527120291266142e-02	530
8.874565205036382e-01	-4.076764921261117e-02	531
7.018477156165108e-02	-6.478001059848096e-02	532
9.067958581813976e-01	-3.631433311039100e-02	533
9.245027115837033e-01	-3.192042763434739e-02	534
9.478062140114880e-01	-2.534517651913930e-02	535
2.728060678838579e-02	-4.617921311740293e-02	536
9.546711619442538e-01	-2.312874151095861e-02	537
9.669882599873212e-01	-1.867989273132001e-02	538
9.818440548921890e-01	-1.239923241331694e-02	539
1.285970718375050e-01	-7.837629686680715e-02	540
7.555953204116849e-01	-6.513775027201708e-02	541
7.691361369708360e-01	-6.302822848694827e-02	542
9.969468849821660e-01	-4.401843417637567e-03	543
4.659832116013935e-01	-9.154738665387510e-02	544
4.818700852574888e-01	-9.092800746083585e-02	545
4.977698500321517e-01	-9.022616576369175e-02	546
2.175944016719799e-02	-4.260936120677945e-02	547
4.028911917776010e-01	-9.311956545714886e-02	548
4.185581798456768e-01	-9.285935380324475e-02	549
3.412941537608744e-01	-9.327120296835899e-02	550
3.973179978343333e-02	-5.292296129107209e-02	551
9.327184763306398e-01	-2.973358152639826e-02	552
9.404843919120356e-01	-2.754182543196228e-02	553
1.396791983790409e-01	-8.016447888233247e-02	554
9.758054789800168e-02	-7.224635121487559e-02	555
5.612619242743762e-01	-8.654623819519924e-02	556
6.082970077164923e-01	-8.280528457971657e-02	557
9.724174388093957e-01	-1.650100918668708e-02	558
9.773625080405802e-01	-1.440499600364179e-02	559
7.277565244628801e-01	-6.919479322265770e-02	560
7.417912198967445e-01	-6.719460776500812e-02	561
1.075282069070881e-01	-7.444938077629691e-02	562
1.178844487129737e-01	-7.648791506859859e-02	563
5.770241978008831e-01	-8.539326029690408e-02	564
5.927064496208263e-01	-8.414469555831551e-02	565
4.664658612843047e-02	-5.611626377362783e-02	566
5.406360180236262e-02	-5.914953851157307e-02	567
8.221268685122388e-03	-3.117546432989945e-02	568
3.565050057337705e-01	-9.337152896681652e-02	569
3.718489830951768e-01	-9.337019902447549e-02	570
1.750063367097902e-01	-8.479184783961714e-02	571
1.874359216261088e-01	-8.608078877417967e-02	572
2.264744018214850e-01	-8.926188276221696e-02	573
2.400368565601715e-01	-9.011174055775355e-02	574
2.966891034827571e-01	-9.245965384991857e-02	575
3.113974408565652e-01	-9.282133039237801e-02	576
2.538769101590147e-01	-9.084226679920707e-02	577
-4.141800256936567e-03	1.508033880175988e-03	578
-7.650460079118666e-04	-1.897690958072299e-02	579
4.116805119413203e-02	4.170374775081830e-02	580
9.853032047576525e-01	9.246092071697437e-03	581
5.292429571315561e-01	8.077321401835831e-02	582
4.973746222741793e-01	8.201812128256314e-02	583
4.814472358337231e-01	8.244900395076138e-02	584
4.655373836350988e-01	8.276427972339936e-02	585
9.765750889809174e-01	1.180817625734398e-02	586
9.659642634310824e-01	1.438139448464176e-02	587
9.234598620595126e-01	2.392163964506543e-02	588
4.496487959327481e-01	8.295404635645891e-02	589
4.338251005025673e-01	8.302523497762858e-02	590
3.868237608778600e-01	8.257239876486261e-02	591
9.148754773671028e-01	2.582040361747145e-02	592
9.466570854381654e-01	1.872304627922119e-02	593
6.324875605546314e-02	4.856226179543897e-02	594
5.545218972964344e-02	4.638810205807897e-02	595
2.536807587436930e-01	7.604379835421766e-02	596
2.676679129155276e-01	7.706918590384754e-02	597
1.516786993922680e-01	6.531588698601347e-02	598
1.293822166206267e-01	6.204497901011233e-02	599
1.187702291211072e-01	6.035405173297854e-02	600
7.951122692535736e-01	4.976981864556299e-02	601
7.416883300218151e-01	5.885816072329655e-02	602
7.276714460057923e-01	6.102743640409646e-02	603
7.821876989014309e-01	5.206817643149732e-02	604
8.320434414984700e-01	4.285308561668084e-02	605
9.058792080387897e-01	2.778633755949901e-02	606
8.659159107054608e-01	3.615032742982107e-02	607
8.549769168182286e-01	3.835496689573595e-02	608
8.200660196406017e-01	4.514820687927514e-02	609
8.077457492715008e-01	4.746228357322257e-02	610
7.689734792037599e-01	5.435772172585470e-02	611
7.554668899979960e-01	5.663149460034212e-02	612
7.134050146303047e-01	6.314709743876100e-02	613
6.989108804326989e-01	6.519519867633806e-02	614
6.542413233105049e-01	7.080326550692705e-02	615
6.390009744079570e-01	7.246708901784379e-02	616
5.610041740318508e-01	7.904897613456827e-02	617
5.451393204656886e-01	7.997025698540688e-02	618
6.236305800741527e-01	7.401833179064707e-02	619
6.081292800510785e-01	7.545967048308438e-02	620
2.132431202909170e-01	7.248052474959335e-02	621
2.003174727571265e-01	7.116889685855830e-02	622
1.876912576222395e-01	6.980209074433068e-02	623
1.753672017626338e-01	6.837229002262894e-02	624
1.350432364179986e-02	2.840714368132037e-02	625
3.470303678402374e-02	3.921688988796113e-02	626
2.870001207314180e-02	3.668474693302851e-02	627
8.080592647296215e-01	-5.652638193992728e-02	628
8.204398941063606e-01	-5.429241304174122e-02	629
5.136802597642802e-01	-8.943183904914821e-02	630
5.295706412740819e-01	-8.854843994116526e-02	631
6.217197409192012e-05	1.590774173966934e-02	632
2.314863680540506e-02	3.403086491504336e-02	633
8.918294777907829e-02	5.478965728907936e-02	634
8.012244422485830e-02	5.278824287775167e-02	635
3.109935389929100e-01	7.979177800800352e-02	636
2.963233905560503e-01	7.896301691063716e-02	637
3.713656983825635e-01	8.221043919814981e-02	638
3.560326787349403e-01	8.175278224925969e-02	639
9.393529267366090e-01	2.035630108485972e-02	640
9.316238860142344e-01	2.209571152394188e-02	641
6.237717215659422e-01	-8.137929242103756e-02	642
6.391183816350581e-01	-7.987455195445065e-02	643
3.326939575906657e-02	-4.959211111014415e-02	644
-2.737748361282102e-03	-1.478794975911295e-02	645
2.679295413306938e-01	-9.145561068637678e-02	646
-7.984619258589254e-03	-9.067114904873191e-03	647
3.954126602722609e-01	-1.108706394779886e-01	648
2.888979803900271e-01	-1.086398581135739e-01	649
7.913780724786917e-01	-7.446463575939448e-02	650
5.387496853790239e-01	-1.059681608377765e-01	651
9.227404906406107e-01	-4.256360057094789e-02	652
9.919190572235045e-01	1.056416259852526e-02	653
9.885669068278560e-01	1.248333095021011e-02	654
9.646877264307556e-01	2.194700067075878e-02	655
-1.860331589126754e-03	1.990732701574880e-02	656
9.946361799817377e-01	8.772742084857205e-03	657
9.994561222467385e-01	1.750122271634849e-03	658
1.000192321049067e+00	5.486207688878087e-04	659
9.989038786224258e-01	-5.106629920743603e-03	660
1.000464838469489e+00	7.826547642255233e-06	661
1.549709160333445e-02	-4.561886162168603e-02	662
-7.262264498280286e-03	2.743512805928520e-03	663
8.995492104590488e-02	-8.146037396080744e-02	664
9.311373733595018e-01	-3.984635260621999e-02	665
9.924313453347197e-01	-1.120688743238029e-02	666
5.702078875548010e-01	9.613930445434807e-02	667
9.995016205341232e-01	-1.768883911857971e-03	668
-4.368169966921443e-04	-2.785992754564739e-02	669
7.084392751875959e-01	-8.846343506096101e-02	670
-5.283066635514340e-03	-1.864103976133957e-02	671
7.228914226680607e-01	-8.628987812618466e-02	672
1.079870177748766e-02	-4.131141312145601e-02	673
8.744954659284572e-01	-5.610541681477091e-02	674
2.803724374524504e-03	-3.240620578697413e-02	675
3.336092962627157e-01	-1.102398426919524e-01	676
8.636768894898358e-01	-5.878817756032508e-02	677
6.937612680902755e-01	-9.054797684839193e-02	678
9.950128289391965e-01	-9.163729368887454e-03	679
6.471447619712014e-03	-3.691721146338522e-02	680
9.804795110045321e-01	1.624608187636898e-02	681
5.222444768434610e-01	9.886820710747604e-02	682
9.518944197036525e-01	2.595568753353746e-02	683
6.636798175775919e-01	8.677402317255030e-02	684
9.969601363799859e-01	6.947629932824887e-03	685
5.061959590404490e-01	9.951239517955715e-02	686
2.739883973643421e-01	9.362886534922880e-02	687
3.329489236754606e-01	9.777979511286197e-02	688
1.558901690268855e-01	7.933757313117544e-02	689
6.485363475011213e-02	5.877495155515942e-02	690
1.000030388800873e+00	1.040428653238729e-03	691
-6.917346924795585e-03	-1.400606263236485e-02	692
-6.098713789832713e-03	1.209724939789997e-02	693
1.269304931730662e-02	3.445013855230532e-02	694
-7.469888728617243e-03	7.786396500487346e-03	695
9.662336384793222e-01	-2.621467055013068e-02	696
8.048399379335577e-02	-7.851401110755266e-02	697
-5.451934117988279e-03	-2.989812891559107e-04	698
1.550317168251432e-01	-9.572741807768922e-02	699
4.588105701235873e-01	-1.097639939013784e-01	700
2.080096584702855e-02	-4.989424991022127e-02	701
4.422320376104925e-03	2.734788791519937e-02	702
8.401501781718247e-01	5.498820462106216e-02	703
7.909746252725250e-01	6.554112260334513e-02	704
6.787445541048472e-01	8.476209637100757e-02	705
9.848149002351031e-01	1.432261003987728e-02	706
9.585122107328655e-01	2.392107190201724e-02	707
8.937090819308587e-01	4.209397276118966e-02	708
8.837606660026338e-01	4.461813908823890e-02	709
3.179352484589200e-01	9.690036093923657e-02	710
2.884011218500930e-01	9.481561153271918e-02	711
2.320972294667290e-01	8.964031793081884e-02	712
1.014689525626624e-01	6.883877846499903e-02	713
6.638493331951516e-01	-9.445175746558569e-02	714
6.788972451523829e-01	-9.254342733671538e-02	715
2.053234302609569e-01	-1.024569706353339e-01	716
8.246009600652408e-03	3.097484792977793e-02	717
1.443110776765575e-01	7.735229025768282e-02	718
9.756710656083856e-01	1.812567905896770e-02	719
9.987360855406405e-01	5.008127216472260e-03	720
1.014305010951167e-03	2.367109996338675e-02	721
-4.232356285906102e-03	1.604385907052087e-02	722
-3.121946768091322e-03	-2.327251337964271e-02	723
-7.329617356587516e-03	-3.504006089644999e-03	724
2.666513002573420e-02	-5.389233155752524e-02	725
1.000207127306589e+00	-5.412312153168262e-04	726
1.000058685559199e+00	-1.039231661171581e-03	727
9.718286524528875e-01	-2.351681982716648e-02	728
9.892517986392243e-01	-1.349740966011187e-02	729
5.860719371128210e-01	9.491636120424551e-02	730
4.428590174555114e-01	-1.101996809695244e-01	731
4.104100617225354e-01	1.004889837868298e-01	732
8.409271793286278e-01	-6.412482189627659e-02	733
8.524834553495352e-01	-6.147100449802294e-02	734
8.849578060189358e-01	-5.340758315931787e-02	735
8.950120567861675e-01	-5.069659161609037e-02	736
6.283020185047107e-02	-7.216303326016936e-02	737
7.143862938095807e-02	-7.541596978153224e-02	738
9.046619915654961e-01	-4.798982964434349e-02	739
9.139177011099431e-01	-4.527718673601710e-02	740
9.535919728172436e-01	-3.167383033081162e-02	741
9.601540668289194e-01	-2.893885675330988e-02	742
9.856802150183631e-01	-1.580333015105285e-02	743
7.647988519833255e-01	-7.936714278427884e-02	744
7.782301570093280e-01	-7.693518795112829e-02	745
9.972201845129921e-01	-7.159340610855569e-03	746
4.748018674653753e-01	-1.092138983871797e-01	747
4.907890612152399e-01	-1.085581979228541e-01	748
4.111564953941769e-01	-1.107610341955825e-01	749
4.269787864330765e-01	-1.105331214369871e-01	750
3.289625017836499e-02	-5.782973350126387e-02	751
9.390839168255871e-01	-3.712058989312346e-02	752
9.465604544950077e-01	-3.440033664607250e-02	753
1.318964660318884e-01	-9.151989274403945e-02	754
1.432901588956957e-01	-9.368920421412505e-02	755
5.546823924997480e-01	-1.049537080542025e-01	756
5.705985830011991e-01	-1.037830678854543e-01	757
9.769181102962717e-01	-2.088475999250790e-02	758
9.815413309169418e-01	-1.832083762772341e-02	759
7.370944356768739e-01	-8.405159234224581e-02	760
7.510699075419836e-01	-8.174801925492550e-02	761
9.984811569666950e-02	-8.425316672334442e-02	762
1.101741173866113e-01	-8.687896535003714e-02	763
1.208868063661739e-01	-8.922559777667059e-02	764
5.864198172037247e-01	-1.024899419202831e-01	765
6.021494280703241e-01	-1.010833090131089e-01	766
3.964368638448543e-02	-6.167880086146382e-02	767
4.692481971074588e-02	-6.539239667613253e-02	768
5.471865369709543e-02	-6.881129837650130e-02	769
3.488484400817157e-01	-1.105678465212582e-01	770
3.642615978706105e-01	-1.107784914977759e-01	771
3.797808749097135e-01	-1.108729360880332e-01	772
1.671422856393608e-01	-9.762947586883172e-02	773
1.795755087169606e-01	-9.938054047244989e-02	774
1.923063615110077e-01	-1.009855627836869e-01	775
2.186140085932300e-01	-1.038073662020194e-01	776
2.321759903743592e-01	-1.050363330051200e-01	777
3.036323191541840e-01	-1.092909041538049e-01	778
3.185543327381314e-01	-1.098182698268767e-01	779
2.460346972691163e-01	-1.061376775123662e-01	780
4.180606255817169e-02	5.045937829282480e-02	781
4.901456341244034e-01	1.000130873358291e-01	782
4.741238512374090e-01	1.003772815288141e-01	783
9.704168152059829e-01	2.001655767394158e-02	784
4.581049635172532e-01	1.006070841487664e-01	785
4.421324700415331e-01	1.006954485495139e-01	786
4.262383539068816e-01	1.006564882631311e-01	787
3.946690365192718e-01	1.001843279010631e-01	788
9.211541981077058e-01	3.480379403592173e-02	789
5.680039171503729e-02	5.608274927412765e-02	790
4.906408576962370e-02	5.339301632628764e-02	791
2.598208698114812e-01	9.237621061461324e-02	792
2.458289163639713e-01	9.108972699778425e-02	793
1.330764250999878e-01	7.530646101052887e-02	794
1.222181612764531e-01	7.320676804483352e-02	795
1.116568719915678e-01	7.112682114538860e-02	796
7.369093953097267e-01	7.570921459623446e-02	797
9.124159454744639e-01	3.718402456167490e-02	798
9.032565705881259e-01	3.961787602825479e-02	799
8.734056886238425e-01	4.717068520639853e-02	800
8.626929229866451e-01	4.974762447154146e-02	801
8.516044302076515e-01	5.236317495883375e-02	802
8.283779087714035e-01	5.761957236691668e-02	803
8.162422415823155e-01	6.027487016974652e-02	804
8.037566037246351e-01	6.292204049806148e-02	805
7.779035524736220e-01	6.813741796845847e-02	806
7.645334302105112e-01	7.071441585446858e-02	807
7.508513435981351e-01	7.324911318232009e-02	808
7.227300982895407e-01	7.810013322516422e-02	809
7.082911584814054e-01	8.042134833919209e-02	810
6.936161679909625e-01	8.264381842477797e-02	811
6.484306172821140e-01	8.866159923803370e-02	812
5.542442365856898e-01	9.720669606147382e-02	813
5.382580754255375e-01	9.808402734566821e-02	814
6.330320577139347e-01	9.041854080386308e-02	815
6.175042349383046e-01	9.204971032167160e-02	816
6.018428480304732e-01	9.355195592202997e-02	817
2.186743967250101e-01	8.810819243622814e-02	818
2.055334412625558e-01	8.650391929030964e-02	819
1.926734990237374e-01	8.483285217129703e-02	820
1.801045758972381e-01	8.308633947063239e-02	821
1.678358237292658e-01	8.125513725897414e-02	822
3.505110392747424e-02	4.742790891242572e-02	823
2.878779396456624e-02	4.433539399010884e-02	824
8.042482837830375e-01	-7.194508432038810e-02	825
8.168258830707744e-01	-6.936791223246742e-02	826
8.290573183968274e-01	-6.675032482390281e-02	827
5.067954757642631e-01	-1.077986835473163e-01	828
5.227917948642549e-01	-1.069320531673647e-01	829
2.288508637891261e-02	4.122721107515831e-02	830
1.750060868402332e-02	3.786196218418875e-02	831
9.169865492825828e-02	6.645318770418272e-02	832
8.233618990835813e-02	6.398121676813924e-02	833
7.338468504105351e-02	6.142351246465983e-02	834
3.030671269838586e-01	9.591538836473094e-02	835
3.790481989363453e-01	9.975838368961522e-02	836
3.635462185864857e-01	9.922419350308308e-02	837
3.481566295074098e-01	9.856349738960686e-02	838
9.448456610458353e-01	2.805355133005319e-02	839
9.373845138348927e-01	3.022673017873594e-02	840
9.294827937033179e-01	3.248346367112574e-02	841
6.177702315537422e-01	-9.957154797498027e-02	842
6.332600105173326e-01	-9.796296261146489e-02	843
6.486260271687584e-01	-9.625911528564343e-02	844
2.601382501671427e-01	-1.070402160013584e-01	845
2.744024634913005e-01	-1.078844313518452e-01	846
-1.126179251350892e-02	-1.249717060696029e-02	847
9.127873598685145e-02	-9.456235575403982e-02	848
9.993172192736901e-01	7.309386868708025e-03	849
9.849855982699427e-01	2.018255099341917e-02	850
5.481688497744541e-01	-1.254176919539556e-01	851
-1.097802360772611e-02	4.931912871896025e-03	852
9.995770997455763e-01	-3.930125553996525e-03	853
9.303240600017686e-01	-5.136100684679980e-02	854
9.384561009855938e-01	-4.803955114914712e-02	855
2.534860023809310e-02	-6.254156774153881e-02	856
9.951960854606219e-01	1.248192636729705e-02	857
4.990489522603874e-01	1.196074954429056e-01	858
-1.002926139289439e-02	-1.781740363571783e-02	859
6.608137015190145e-03	3.729818109730577e-02	860
-3.049711276213781e-03	-3.316786049370429e-02	861
9.641654567877930e-01	3.060315491368096e-02	862
9.975228592315544e-01	1.000657679561768e-02	863
-8.867849180697511e-03	1.563229420997692e-02	864
6.583240063852015e-01	1.066379260058198e-01	865
-6.815202892372578e-03	2.008026111754746e-02	866
1.000494748382039e+00	3.659441555464232e-04	867
1.000505256268558e+00	-3.494451024697920e-04	868
8.010298722759853e-01	-8.929676849413083e-02	869
1.585157798162506e-01	-1.114389291502736e-01	870
1.361856526743730e-02	-5.317996267009528e-02	871
4.035573565981043e-01	-1.305650172733460e-01	872
8.145073297118556e-02	-9.108499121523797e-02	873
4.515559531120022e-01	-1.299762690756673e-01	874
2.954314467341033e-01	-1.273447263734864e-01	875
9.888912135384242e-01	1.762033980002563e-02	876
5.636928164204893e-01	1.164145154446763e-01	877
9.578115647202732e-01	3.324572504868524e-02	878
9.510120932940549e-01	3.592275583363376e-02	879
7.874194040444761e-01	8.324979381750128e-02	880
1.477723179592549e-01	9.272721013767629e-02	881
2.656852045698520e-01	1.106978529480798e-01	882
9.931447507375567e-01	-1.575719356193232e-02	883
5.746248675949154e-02	6.704573874281837e-02	884
8.725073967532241e-01	-7.088394510395470e-02	885
9.994503637883481e-01	3.879414605660419e-03	886
9.923384077034018e-01	1.500942474853873e-02	887
9.996036471809828e-01	-7.424932039185810e-03	888
9.772266999082040e-01	-2.819389490404830e-02	889
8.687665410972047e-03	-4.819903563436392e-02	890
7.038038226752730e-01	-1.078798197543892e-01	891
-5.943181198594030e-03	-2.805352778699734e-02	892
7.184697763412767e-01	-1.054860572199415e-01	893
7.328811581203790e-01	-1.029752306175148e-01	894
4.240782755702429e-03	-4.337580729426653e-02	895
9.958029483785747e-01	-1.294418914934202e-02	896
2.911844504295998e-04	-3.816085148448526e-02	897
8.372724372320277e-01	7.118525505636759e-02	898
5.152557262416692e-01	1.190150753139548e-01	899
3.096596719054742e-01	1.149122604937899e-01	900
-1.043254132131526e-02	1.091603288858656e-02	901
2.455543057935381e-03	3.296101337473771e-02	902
6.736144679173892e-01	1.045021847276377e-01	903
8.916707383244414e-01	5.597925553526154e-02	904
3.247374074412824e-01	1.160684995983051e-01	905
2.947394233659196e-01	1.136162253394984e-01	906
2.800748182301975e-01	1.121999190615419e-01	907
6.738753764951868e-01	-1.123539402509675e-01	908
6.889242540182350e-01	-1.101794111308164e-01	909
9.804621805495050e-01	2.282177965866464e-02	910
-1.101779609662064e-03	2.878229281446261e-02	911
-4.235080453548410e-03	2.446555062962669e-02	912
-8.259751090822836e-03	-2.293018869125884e-02	913
-1.126163285911228e-02	-5.957698269719126e-03	914
1.931695573038834e-02	-5.811891055642125e-02	915
9.719890977574036e-01	-3.145480045456082e-02	916
9.899252722453478e-01	-1.875186016591320e-02	917
5.797608419352210e-01	1.151764635956184e-01	918
8.500865976414297e-01	-7.718801428876904e-02	919
8.614974734651581e-01	-7.404598044793267e-02	920
8.831633538232809e-01	-6.770086488647616e-02	921
8.934420941031168e-01	-6.447057894959589e-02	922
6.311221655068130e-02	-8.363693438506557e-02	923
7.206144875919029e-02	-8.744579836174951e-02	924
9.032852062757148e-01	-6.122176546344274e-02	925
9.127280665412077e-01	-5.795494949206621e-02	926
9.217488030722365e-01	-5.466388777232484e-02	927
9.600046134214573e-01	-3.807990908249192e-02	928
9.662413194769689e-01	-3.475895641452270e-02	929
7.746247106135405e-01	-9.496973240341669e-02	930
7.879587361588074e-01	-9.217765925357729e-02	931
9.979565245720010e-01	-1.026661851295556e-02	932
4.676807185566426e-01	-1.295228037849258e-01	933
4.838088792750316e-01	-1.289312639524696e-01	934
4.195044964553485e-01	-1.305016552196283e-01	935
4.355004105118452e-01	-1.302988530084578e-01	936
9.461010096292251e-01	-4.471896010598170e-02	937
9.532788780600094e-01	-4.140558820086902e-02	938
1.346874857838176e-01	-1.063757277826156e-01	939
1.464131617746895e-01	-1.089795290027546e-01	940
5.642717376429925e-01	-1.243016933131313e-01	941
9.819681609538150e-01	-2.499115465395598e-02	942
9.862519195816944e-01	-2.178088147891652e-02	943
7.470409721133350e-01	-1.004022736665560e-01	944
7.609790279790741e-01	-9.772947588429166e-02	945
1.015676546846326e-01	-9.786493860417300e-02	946
1.124032335561498e-01	-1.009247465385289e-01	947
1.233342615137107e-01	-1.036289111046250e-01	948
5.803012274425023e-01	-1.229733552501686e-01	949
5.961989472096970e-01	-1.215146471761257e-01	950
3.183798756177269e-02	-6.710304375187665e-02	951
3.891785838355818e-02	-7.158035322206313e-02	952
4.669449440449906e-02	-7.589402289706750e-02	953
5.467820193832131e-02	-7.970730633532060e-02	954
3.408686082384735e-01	-1.294971733078830e-01	955
3.563643748303715e-01	-1.299675573283815e-01	956
3.719978930430713e-01	-1.302905148947343e-01	957
3.877163470858622e-01	-1.304874548127928e-01	958
1.709808104885362e-01	-1.137337778381615e-01	959
1.837519716793515e-01	-1.158552290055031e-01	960
1.968044957959300e-01	-1.178107133124685e-01	961
2.101232932718836e-01	-1.196210145140851e-01	962
2.237187378531985e-01	-1.212944780170873e-01	963
3.255805255832209e-01	-1.289033205199746e-01	964
3.104376098958489e-01	-1.281951038815995e-01	965
2.376115994031724e-01	-1.228221356649543e-01	966
4.828834145657692e-01	1.200252280502474e-01	967
9.755019052971455e-01	2.539685320800709e-02	968
9.700712563455876e-01	2.798763304436178e-02	969
4.667217836221169e-01	1.203077511061053e-01	970
4.505707315917053e-01	1.204285058812409e-01	971
4.344959354208701e-01	1.203930272879398e-01	972
4.184907975682250e-01	1.202135793275611e-01	973
4.025481440301584e-01	1.198747984738914e-01	974
4.954565771388809e-02	6.393070865234271e-02	975
4.181154960562442e-02	6.039845625462342e-02	976
2.515479651894882e-01	1.091999234129535e-01	977
2.374678446237044e-01	1.075154928426843e-01	978
1.362637311960929e-01	9.024831155813061e-02	979
1.251202127908611e-01	8.770023192700875e-02	980
1.143878135776294e-01	8.526506032434203e-02	981
1.037469011337450e-01	8.254964348559607e-02	982
9.195995420717206e-01	4.710741660804199e-02	983
9.106901729108422e-01	5.003015035412818e-02	984
9.013758604089579e-01	5.298661307209500e-02	985
8.815355407471235e-01	5.900538757154690e-02	986
8.710218850600516e-01	6.202981495491153e-02	987
8.601508679870028e-01	6.507443920089957e-02	988
8.488882845605901e-01	6.813501710554468e-02	989
8.253422044376598e-01	7.422814347657726e-02	990
8.130110353916562e-01	7.727589020322238e-02	991
8.003405708401387e-01	8.028237818039551e-02	992
7.741605693964082e-01	8.617944556660199e-02	993
7.606087221373633e-01	8.908177948531830e-02	994
7.467025880584526e-01	9.189056036515846e-02	995
7.325974874531339e-01	9.461967990269451e-02	996
7.182027796111115e-01	9.724300807935837e-02	997
7.035612697349753e-01	9.979758077827246e-02	998
6.886737521799849e-01	1.021910830132967e-01	999
5.314167010624221e-01	1.182971735689570e-01	1000
5.475179104955232e-01	1.174130269707373e-01	1001
6.428781823654516e-01	1.086655664317786e-01	1002
6.272899919098949e-01	1.104982548236941e-01	1003
6.115683604050416e-01	1.122340063870421e-01	1004
5.957171043912740e-01	1.137646839512751e-01	1005
2.237632530481773e-01	1.056782866871424e-01	1006
2.103718994278802e-01	1.037464886139239e-01	1007
1.972690235413861e-01	1.017356440724411e-01	1008
1.844398770205202e-01	9.964112083442030e-02	1009
1.718932304745932e-01	9.744230895450742e-02	1010
1.596526881473556e-01	9.513447980256011e-02	1011
3.472085859899428e-02	5.672657411754230e-02	1012
2.818110873748537e-02	5.298805191360075e-02	1013
8.138208821924654e-01	-8.635251598792072e-02	1014
8.262806973946966e-01	-8.332276705385923e-02	1015
8.383467288670025e-01	-8.026783365328881e-02	1016
4.999305418899344e-01	-1.282194789540655e-01	1017
5.160688034792114e-01	-1.273841204201321e-01	1018
5.321504190762093e-01	-1.264354072581383e-01	1019
2.209042608960500e-02	4.940583534689259e-02	1020
1.629287574234077e-02	4.537178434576485e-02	1021
1.121313954091545e-02	4.126368571953412e-02	1022
9.362325269990725e-02	7.965744753949366e-02	1023
8.393678819196214e-02	7.665171499198092e-02	1024
7.466920874329755e-02	7.354440596327144e-02	1025
6.582143143258233e-02	7.032851829838206e-02	1026
3.867254361200410e-01	1.193828989200220e-01	1027
3.710357729317652e-01	1.187657500004876e-01	1028
3.554342665939914e-01	1.180138614550035e-01	1029
3.399775909631280e-01	1.171063811469739e-01	1030
9.280891843664733e-01	4.423498761090807e-02	1031
9.438026307309594e-01	3.863386439255992e-02	1032
9.361686069663799e-01	4.140514354351793e-02	1033
6.120076684968817e-01	-1.199119119152267e-01	1034
6.276652551545354e-01	-1.182058894737549e-01	1035
6.432101155909591e-01	-1.163709658625073e-01	1036
6.586143631600754e-01	-1.144358401970378e-01	1037
2.518616293424545e-01	-1.241487153740242e-01	1038
2.661439562841266e-01	-1.252651610308915e-01	1039
2.806602058325742e-01	-1.263589084980697e-01	1040
1.318741649000088e-03	-5.045354951801445e-02	1041
9.995781180505576e-01	9.419792725728422e-03	1042
9.784359581930601e-01	-3.632349049128619e-02	1043
1.000454487037695e+00	8.043953276291623e-04	1044
-2.842256228241140e-03	-4.458013737962385e-02	1045
7.364648864343243e-01	-1.227433147810991e-01	1046
9.185994217611491e-02	-1.093563447364020e-01	1047
-6.334939555662720e-03	-3.897841778270171e-02	1048
9.859475547996058e-01	2.676753517906679e-02	1049
-1.167834170371898e-02	-2.762165634215202e-02	1050
1.711921211208997e-02	-6.719443504542540e-02	1051
1.614460817217944e-01	-1.291498369306432e-01	1052
1.387918039100559e-01	1.070193890372711e-01	1053
-1.286300051745654e-04	3.930131886724191e-02	1054
-9.825009851292709e-03	2.459025321055005e-02	1055
-1.474053380492229e-02	8.094182395947877e-03	1056
-7.664337611713757e-03	4.256726320539246e-04	1057
-7.664592121059808e-03	-1.146245681549359e-03	1058
-1.104232449625161e-02	7.842528966377350e-04	1059
-1.354558591568240e-02	-2.198189149421555e-02	1060
9.999841046603275e-01	-9.560621652200164e-03	1061
3.160181038868374e-01	1.361843923385445e-01	1062
9.832732629468908e-01	-3.237363546095792e-02	1063
9.972252576276525e-01	-1.706976797190066e-02	1064
9.466278569644608e-01	-5.636212927420894e-02	1065
8.050693197136575e-01	-1.070876691278021e-01	1066
4.117665242997053e-01	-1.526004319573019e-01	1067
9.985912535551689e-01	1.329619859177425e-02	1068
9.276340460638198e-01	5.742822198340095e-02	1069
9.510733442319671e-01	4.712623490305539e-02	1070
5.490762719572987e-01	1.394395016481199e-01	1071
5.164389478064904e-01	1.410542845767561e-01	1072
6.610419067965990e-01	1.276621875387435e-01	1073
7.777478863832809e-01	1.047496772526966e-01	1074
4.918683294176831e-01	1.418997070645632e-01	1075
5.499143463647809e-01	-1.476608271111462e-01	1076
3.313756378131684e-01	1.375486711081274e-01	1077
9.963582549662113e-01	1.658851695347922e-02	1078
8.162379434812729e-02	-1.052584026877237e-01	1079
1.000307686013724e+00	1.854997371220636e-03	1080
9.899894604394597e-01	2.335338982296991e-02	1081
-1.104677279095781e-02	-1.606276002122193e-03	1082
1.000478293332630e+00	-7.899230597312461e-04	1083
1.000365376793186e+00	-1.851377279309224e-03	1084
9.387920292439333e-01	-6.036531899828573e-02	1085
2.317944898455949e-02	-7.218614431344889e-02	1086
-1.489161793476178e-02	-1.625300693986390e-02	1087
4.279091001567523e-03	4.431914495305546e-02	1088
-9.236395680161609e-03	-3.332667034031243e-02	1089
9.645679381668429e-01	4.035319235826856e-02	1090
-1.202376919496813e-02	1.959384772899059e-02	1091
1.000773777049146e+00	1.627852465787891e-04	1092
1.000778485390542e+00	-1.373584181716424e-04	1093
5.802790202195844e-03	-5.583281634453090e-02	1094
3.170403696338536e-01	-1.494094340787316e-01	1095
3.017521233957124e-01	-1.483311145880577e-01	1096
9.934583384275502e-01	1.992959547913475e-02	1097
5.735906961100751e-01	1.377167611718051e-01	1098
9.580372870824547e-01	4.374004832850696e-02	1099
9.945828832470284e-01	-2.070814995436947e-02	1100
7.071379165650933e-01	-1.282860597258704e-01	1101
-1.373586820995212e-02	1.444136921886419e-02	1102
3.008510869926377e-01	1.346875735875704e-01	1103
2.858529977423681e-01	1.330008169766040e-01	1104
2.712085366782332e-01	1.312391065766678e-01	1105
6.769339944950283e-01	-1.333191521389440e-01	1106
-3.881955917613254e-03	3.448446551467472e-02	1107
-7.072024548276742e-03	2.957912396066036e-02	1108
-1.533428445190850e-02	-9.338652145825651e-03	1109
1.106550938179526e-02	-6.167190661322107e-02	1110
8.601673715255497e-01	-9.120766209772212e-02	1111
8.714081651041933e-01	-8.750525797120434e-02	1112
8.822559105212211e-01	-8.379767422850472e-02	1113
8.927684881807444e-01	-7.998600978962701e-02	1114
7.187896039912239e-02	-1.009897935298785e-01	1115
6.258447157867367e-02	-9.654001689239397e-02	1116
9.028528571207948e-01	-7.614796520960097e-02	1117
9.124865172952630e-01	-7.224734401178809e-02	1118
9.217134729103957e-01	-6.832095246667606e-02	1119
9.304818364779223e-01	-6.436293919365217e-02	1120
9.671900025090931e-01	-4.433339970823537e-02	1121
9.730711057871788e-01	-4.031936223384867e-02	1122
7.784722617420243e-01	-1.135968603213233e-01	1123
9.992250955700084e-01	-1.356195812592530e-02	1124
4.604390871729608e-01	-1.520726282484557e-01	1125
4.767680325588149e-01	-1.515758026337301e-01	1126
4.279505062073289e-01	-1.525755091768146e-01	1127
4.441439470463077e-01	-1.523899706123576e-01	1128
9.539431056675449e-01	-5.236166596148287e-02	1129
9.608049121697733e-01	-4.835404863703659e-02	1130
1.368227518025272e-01	-1.231215837872104e-01	1131
1.489188963854744e-01	-1.262215006940803e-01	1132
9.876333999644415e-01	-2.838484910653192e-02	1133
9.913937295167260e-01	-2.451109363935066e-02	1134
7.578051561179129e-01	-1.182925343698621e-01	1135
1.027383704749354e-01	-1.132556853297738e-01	1136
1.139963681465729e-01	-1.166262170769846e-01	1137
1.251077347010927e-01	-1.198654318720056e-01	1138
5.824345934173980e-01	-1.450655004409687e-01	1139
2.995350279599132e-02	-7.749740848053735e-02	1140
3.751661399470592e-02	-8.275895089159747e-02	1141
4.574924550151570e-02	-8.756376903805692e-02	1142
5.380456925600836e-02	-9.194141107778578e-02	1143
3.324378788446233e-01	-1.503056088582345e-01	1144
3.480270986735406e-01	-1.510941753206219e-01	1145
3.638144343765707e-01	-1.516967532483485e-01	1146
3.796909091442072e-01	-1.521569655730826e-01	1147
3.956570106081338e-01	-1.524547056938391e-01	1148
1.742750123937975e-01	-1.318810482199129e-01	1149
1.874297200975151e-01	-1.344103627472252e-01	1150
2.008017161884657e-01	-1.367649127606768e-01	1151
2.144737070543646e-01	-1.389474758879727e-01	1152
2.284238081792460e-01	-1.409857791448927e-01	1153
9.813104500897180e-01	3.021938936048157e-02	1154
9.762223536710249e-01	3.359062550204689e-02	1155
9.706352241602713e-01	3.697156550638137e-02	1156
4.755493119365043e-01	1.422738936265069e-01	1157
4.591664573188963e-01	1.424674738995491e-01	1158
4.428798283897278e-01	1.424399046528801e-01	1159
4.266339552010002e-01	1.422552021205505e-01	1160
4.104821990771961e-01	1.418797187236634e-01	1161
4.930985485457464e-02	7.565217671916184e-02	1162
4.114471074088052e-02	7.163047353957723e-02	1163
2.569040211969508e-01	1.293971559124605e-01	1164
2.425707467165666e-01	1.275764339414470e-01	1165
1.273496622933402e-01	1.039839818558380e-01	1166
1.164998949966953e-01	1.010132085613345e-01	1167
1.054843803588463e-01	9.800998469170114e-02	1168
9.189807230261366e-01	6.090514598464172e-02	1169
9.098976577060363e-01	6.446281756330206e-02	1170
9.004333363332452e-01	6.799361409089026e-02	1171
8.905234217588587e-01	7.159358316170052e-02	1172
8.802003981308335e-01	7.516041426293037e-02	1173
8.695070456144717e-01	7.873247989829547e-02	1174
8.584174010477958e-01	8.227546238818939e-02	1175
8.410665141187638e-01	8.762063876115468e-02	1176
8.229965258925231e-01	9.288024428295023e-02	1177
8.040250553916424e-01	9.801736993486970e-02	1178
7.501404974110060e-01	1.111976399004618e-01	1179
7.214388881000695e-01	1.172071074499499e-01	1180
6.916753446965462e-01	1.227294742716081e-01	1181
6.297018331077493e-01	1.319221971305606e-01	1182
5.977815718035802e-01	1.354882204521659e-01	1183
2.284167567808133e-01	1.253809678754829e-01	1184
2.147298567668457e-01	1.231103144321259e-01	1185
2.013411589049028e-01	1.206795577664453e-01	1186
1.882591242926324e-01	1.182236370444768e-01	1187
1.754104179889681e-01	1.156054463393986e-01	1188
1.628479955809916e-01	1.128846912319934e-01	1189
1.506168710041185e-01	1.100113459701548e-01	1190
3.357595480313766e-02	6.719106939009846e-02	1191
2.673357294689464e-02	6.269604574160133e-02	1192
8.243055493065512e-01	-1.019474244460841e-01	1193
8.366056560444088e-01	-9.840606987923456e-02	1194
8.485285471372055e-01	-9.484958231017754e-02	1195
4.930870667677778e-01	-1.509092850858771e-01	1196
5.175296574799253e-01	-1.496543307092058e-01	1197
2.057880156679779e-02	5.849078703225774e-02	1198
1.440990973971758e-02	5.385849698572890e-02	1199
8.964144503492113e-03	4.889810811016061e-02	1200
9.482732186018188e-02	9.454635624370283e-02	1201
8.476062079317651e-02	9.093118085312392e-02	1202
7.515743110285096e-02	8.719271298037237e-02	1203
6.598463224803161e-02	8.332526138959274e-02	1204
5.730026029347278e-02	7.936547006951894e-02	1205
3.943731015249532e-01	1.413237723847577e-01	1206
3.784831421993517e-01	1.406113609910895e-01	1207
3.626502390265942e-01	1.397636760625530e-01	1208
3.469053232016441e-01	1.387402286072799e-01	1209
9.437012957567500e-01	5.051967037471383e-02	1210
9.358808334921760e-01	5.394959899748462e-02	1211
6.144799630702672e-01	-1.417186300480216e-01	1212
6.459778733954524e-01	-1.378017328538846e-01	1213
2.428114039798405e-01	-1.428150291169047e-01	1214
2.573632521643643e-01	-1.443053544801327e-01	1215
2.718315613658862e-01	-1.457309687485875e-01	1216
2.866461818551215e-01	-1.471108241383444e-01	1217
9.998664910061311e-01	-2.565247515854667e-03	1218
9.997893723740968e-01	2.544956945942515e-03	1219
-1.025609136605460e-02	-4.529139587411050e-02	1220
-1.470370833460526e-02	3.345456214968671e-03	1221
1.000823454670549e+00	-5.402518722208516e-04	1222
9.899494913959825e-01	-3.552190460074948e-02	1223
9.981023142776594e-01	2.096411573619103e-02	1224
-1.758038222628673e-02	1.838333411937786e-02	1225
9.722844012522652e-01	4.692612400715625e-02	1226
1.001118000138265e+00	-8.261417018934250e-03	1227
9.967965859194866e-01	-2.594538094414183e-02	1228
-1.968997589946791e-02	-1.320609183380679e-02	1229
1.384593560607225e-02	-7.708926068879288e-02	1230
-6.719370576403498e-03	-5.166744871384146e-02	1231
3.300813946648168e-01	1.601599152080984e-01	1232
1.000805862253579e+00	5.663539512723547e-04	1233
-7.297282909480843e-03	4.075563916501776e-02	1234
-1.578295446183150e-02	2.402710007377027e-02	1235
-2.500097906958926e-03	-5.809568599913817e-02	1236
9.855917060928809e-01	-4.040297556049850e-02	1237
5.356589417964355e-01	-1.734973499810258e-01	1238
9.953464075018760e-01	2.521005041328588e-02	1239
3.156098228086778e-01	-1.719430558779971e-01	1240
9.558111010374629e-01	-6.452520346149948e-02	1241
9.443171765047079e-01	-7.173202439774697e-02	1242
6.335671444007304e-01	-1.638292267146350e-01	1243
9.161374862539007e-02	-1.260343154878819e-01	1244
1.702017429615505e-01	-1.506732606011150e-01	1245
-1.767791722119829e-02	-2.654529149796973e-02	1246
4.282948112071517e-01	-1.762273065854212e-01	1247
7.068434789780159e-02	-1.161573806197314e-01	1248
8.081707178553817e-02	-1.211717441069229e-01	1249
1.231637952227773e-01	1.204442637299039e-01	1250
9.878402494554958e-01	3.397903074189055e-02	1251
9.325046538772325e-01	7.003262825821766e-02	1252
-1.875120885532216e-02	1.176736374988300e-02	1253
-3.449455339818661e-03	4.637320437921097e-02	1254
9.807030336748240e-01	-4.522563438975399e-02	1255
1.000409550441918e+00	1.223180736818496e-03	1256
9.919452214057158e-01	2.962753567074648e-02	1257
-9.863534304699308e-03	-3.942700104499780e-04	1258
-1.907158123726372e-02	-2.035175700063965e-02	1259
9.992371772095517e-01	-2.141029432793220e-02	1260
7.517944285006234e-01	-1.421125371375463e-01	1261
5.055637147998828e-01	1.660926682642297e-01	1262
4.763814463957365e-01	1.658093240519130e-01	1263
1.000255491515089e+00	1.679044587534554e-02	1264
1.001104477820869e+00	1.813370337130953e-05	1265
1.000769557703313e+00	8.200702437442709e-03	1266
-1.491664896763049e-02	-4.306826599527507e-03	1267
1.000446530572731e+00	-1.211915644402528e-03	1268
1.999526981643705e-02	-8.287690061199129e-02	1269
-1.571816065992921e-02	-3.276627029322166e-02	1270
-1.324446227089836e-02	-3.896114873135302e-02	1271
5.633190179137716e-01	1.630173312971673e-01	1272
7.770458911214109e-03	-7.115359112772164e-02	1273
9.660733045885461e-01	5.117809480099546e-02	1274
9.593855110331474e-01	5.539586043583961e-02	1275
5.344587036789241e-01	1.647099499943621e-01	1276
2.990949378385853e-01	1.568466654952651e-01	1277
2.691318139379101e-01	1.526198865405121e-01	1278
7.262387764477135e-01	-1.477855468627503e-01	1279
-1.062071531312999e-02	3.514523271537275e-02	1280
-1.344549447751116e-02	2.962256723969810e-02	1281
2.076651115536005e-03	-6.430661185701878e-02	1282
8.767098582258765e-01	-1.033585454950049e-01	1283
8.982288116303699e-01	-9.471832077698403e-02	1284
6.104873479540954e-02	-1.109633879395364e-01	1285
9.180609003560167e-01	-8.569825976385458e-02	1286
9.317865927513499e-01	-7.881953273390986e-02	1287
9.752531342552098e-01	-5.007610851619912e-02	1288
1.001104424148060e+00	-1.702042548463776e-02	1289
4.612454087542870e-01	-1.758739183449434e-01	1290
9.627702061139956e-01	-5.974479393127050e-02	1291
9.692675183438856e-01	-5.491955548028812e-02	1292
1.443482566482655e-01	-1.437933426228078e-01	1293
9.937279827099086e-01	-3.072812913998998e-02	1294
7.730484659382904e-01	-1.368666529245847e-01	1295
7.968550238168638e-01	-1.304312931758667e-01	1296
1.089188203576006e-01	-1.323718178814987e-01	1297
1.259587408652316e-01	-1.380817871184065e-01	1298
5.685568526279464e-01	-1.711357055832060e-01	1299
2.716695509087109e-02	-8.913715111641328e-02	1300
3.541609128840510e-02	-9.532473689576251e-02	1301
4.367014975986581e-02	-1.004597081871905e-01	1302
5.192492420156332e-02	-1.056082616688841e-01	1303
3.471135974139833e-01	-1.741156262344932e-01	1304
3.792615135081014e-01	-1.754936139026780e-01	1305
4.036544896400941e-01	-1.761498919596785e-01	1306
1.972664307802152e-01	-1.565468125320738e-01	1307
2.254694259029227e-01	-1.617533800793955e-01	1308
9.831672793533122e-01	3.836037959552108e-02	1309
9.779923910919723e-01	4.264595948736351e-02	1310
4.432243419071434e-01	1.659002231225284e-01	1311
4.103469921536111e-01	1.652170847052635e-01	1312
3.979126016753183e-02	8.422798665076792e-02	1313
2.401014445842823e-01	1.486423970852393e-01	1314
1.066947372226808e-01	1.153861491914193e-01	1315
8.181811926609586e-01	1.147512815150722e-01	1316
9.148052908622126e-01	7.829415730311096e-02	1317
8.954009452766200e-01	8.660954536605218e-02	1318
8.743117883281463e-01	9.482798406216565e-02	1319
8.546730052437501e-01	1.027316437072973e-01	1320
8.368805725617225e-01	1.087920217500846e-01	1321
7.953805899305659e-01	1.214862103247011e-01	1322
7.682455529628970e-01	1.289375004465329e-01	1323
7.398418805970182e-01	1.359316612447546e-01	1324
7.103412536434597e-01	1.423772417838015e-01	1325
6.798332114341932e-01	1.481937049316530e-01	1326
6.484960739154194e-01	1.532888071252287e-01	1327
6.165144407182623e-01	1.576169257374124e-01	1328
5.881336411902540e-01	1.608371675221945e-01	1329
2.117113662292828e-01	1.432510168639252e-01	1330
1.848836461677339e-01	1.375065811238100e-01	1331
1.653851457378194e-01	1.327931533341876e-01	1332
1.527115159838120e-01	1.294285198816559e-01	1333
1.404520625903016e-01	1.258735790835875e-01	1334
3.154795256642118e-02	7.893117966634905e-02	1335
2.428772140946179e-02	7.350794565633970e-02	1336
8.199333413167714e-01	-1.237279445417695e-01	1337
8.417072680667513e-01	-1.158399298665034e-01	1338
8.596755812520210e-01	-1.097573265503868e-01	1339
4.861125657813686e-01	-1.750699012759645e-01	1340
5.069099050066582e-01	-1.752132702125602e-01	1341
1.800398486766920e-02	6.848111965111846e-02	1342
1.178483056714953e-02	6.337233546493551e-02	1343
5.877944796660454e-03	5.742979088371007e-02	1344
1.053990777699569e-03	5.199649380937810e-02	1345
9.526855829234475e-02	1.113042598178157e-01	1346
8.464121800301914e-02	1.069617903622673e-01	1347
7.464817202890320e-02	1.024866299602584e-01	1348
6.513580598015996e-02	9.786339918278968e-02	1349
5.613294378442969e-02	9.311040568198604e-02	1350
4.795288534167998e-02	8.862949330806130e-02	1351
3.779020745571229e-01	1.636396990145478e-01	1352
3.538443676905578e-01	1.622476732922175e-01	1353
9.522779554716506e-01	5.959015469266168e-02	1354
9.447093332433385e-01	6.375760069849139e-02	1355
6.013947176908426e-01	-1.678663024913858e-01	1356
6.651748844026115e-01	-1.591335331110424e-01	1357
6.961291003195288e-01	-1.537708851597063e-01	1358
2.550456775132843e-01	-1.656333245469977e-01	1359
2.847309696403276e-01	-1.690917661498629e-01	1360
1.001253581098328e+00	1.418293329698621e-02	1361
1.000506271913603e+00	-2.481444324612411e-03	1362
1.000287568072940e+00	-3.369906300812853e-03	1363
1.000684870118898e+00	6.713602327343080e-03	1364
3.620752551099367e-02	-1.119255861651481e-01	1365
1.001454810040681e+00	2.003471902464813e-02	1366
1.001099681392598e+00	3.696562378312418e-04	1367
1.001658505487037e+00	-9.886695322658222e-03	1368
-1.800415074415654e-02	-4.506521338910262e-02	1369
-7.379849163204789e-03	-6.635524553259577e-02	1370
1.000955726384381e+00	-6.755921561017242e-03	1371
1.001946801463884e+00	-1.431078209827754e-02	1372
-1.491970364444728e-02	4.125173241816617e-02	1373
-2.336967799772076e-02	1.578361516823670e-02	1374
-2.464404581448763e-02	-1.733313485334134e-02	1375
9.861756715722927e-01	4.715260172798133e-02	1376
7.684016252500879e-01	-1.630164509961068e-01	1377
3.404678126910237e-01	1.873342523926848e-01	1378
1.001217719214778e+00	9.825371642435432e-03	1379
9.319497356601016e-01	-9.622795835455122e-02	1380
3.390129959032254e-03	-8.151013605015441e-02	1381
4.125695652642617e-02	1.005660775229597e-01	1382
-1.161855356946564e-02	4.759444494599182e-02	1383
-1.508388456550179e-02	-5.208745371618018e-02	1384
4.161130430521197e-01	-2.036085990126782e-01	1385
9.660414782774618e-01	-7.210495496542749e-02	1386
6.536726135309848e-01	-1.880269868427080e-01	1387
5.545274822265349e-01	-1.999925298590507e-01	1388
9.933022436240231e-01	-4.306973285317781e-02	1389
9.968977425302500e-01	-3.725813073145490e-02	1390
9.272909851600914e-03	-8.784093361290740e-02	1391
1.568083823426298e-02	-9.469426071629394e-02	1392
1.000802997107629e+00	1.011276840695626e-03	1393
9.980848416283685e-01	3.077278880713043e-02	1394
1.000734105826566e+00	2.563772868912858e-02	1395
9.751936998288796e-01	5.778338573185440e-02	1396
2.815253680856117e-01	1.796232700603691e-01	1397
5.783751619744276e-01	1.890935057554875e-01	1398
7.164598942060931e-01	-1.759171386282314e-01	1399
5.826645476754552e-02	-1.269674197094981e-01	1400
1.000174310258032e+00	3.353021335218602e-03	1401
1.000424729336189e+00	2.483231589468257e-03	1402
-1.381562335750850e-02	8.600822773283145e-06	1403
9.890604285817418e-01	-4.899673387144336e-02	1404
9.809691144432291e-01	5.247000694053114e-02	1405
1.001111377592272e+00	-3.335843919677485e-04	1406
9.998536033000767e-01	-3.139048529725737e-02	1407
-2.210247183325613e-02	2.272848959049649e-02	1408
-1.152911624071939e-02	-5.934221066692946e-02	1409
5.233296202223940e-01	-2.021349594447046e-01	1410
-2.393735544067014e-02	-2.477581803073805e-02	1411
6.826253184335375e-02	-1.330497874090255e-01	1412
7.890732470453676e-02	-1.389590271798551e-01	1413
9.947386633372105e-01	3.628188735687508e-02	1414
-1.965359792704363e-02	5.830297315834457e-03	1415
9.841795458679131e-01	-5.481144455827301e-02	1416
1.002143764972638e+00	-2.598637941111652e-02	1417
7.446429535096557e-01	-1.692758970961197e-01	1418
-2.012062537206259e-02	-6.918802678968875e-03	1419
1.000835197161049e+00	-9.864427300530154e-04	1420
4.883190426494207e-02	-1.207117639291868e-01	1421
-2.252412842058862e-02	-3.154120241083995e-02	1422
-2.054774042097321e-02	-3.830909816369028e-02	1423
5.218455369748231e-01	1.927653154177887e-01	1424
-2.531316139761505e-03	-7.373549016053318e-02	1425
9.688727406390099e-01	6.304424457964090e-02	1426
5.509126768179848e-01	1.911272464548021e-01	1427
3.128053847765161e-01	1.841629481280575e-01	1428
6.055343042218607e-01	1.860983308086937e-01	1429
-1.784933702241060e-02	3.513583713188450e-02	1430
-2.024355424783071e-02	2.896310166355115e-02	1431
8.944386709992078e-01	-1.160579030133432e-01	1432
9.152487357075151e-01	-1.055994596624733e-01	1433
9.451706563681898e-01	-8.784353788342207e-02	1434
9.570215108394577e-01	-7.934928874869296e-02	1435
1.002510909066948e+00	-2.024245138152436e-02	1436
4.454088049071561e-01	-2.036682649175182e-01	1437
9.726698522537733e-01	-6.645428208255207e-02	1438
9.787075886528763e-01	-6.065081934204825e-02	1439
3.909253267635026e-01	-2.029861949464031e-01	1440
8.383365182874210e-01	-1.399749664335591e-01	1441
8.573799819044308e-01	-1.322194194006132e-01	1442
7.912459881565298e-01	-1.562882573920429e-01	1443
9.361777991253882e-02	-1.458719639322523e-01	1444
1.110532738763259e-01	-1.527565247782577e-01	1445
1.288439186813279e-01	-1.595789927536510e-01	1446
2.346570696077674e-02	-1.021771529618647e-01	1447
3.295924975450474e-01	-1.992309025904246e-01	1448
3.621864231189846e-01	-2.015963197968308e-01	1449
1.513566576660367e-01	-1.672176287687564e-01	1450
1.785518559064298e-01	-1.750501760638370e-01	1451
6.854579544334026e-01	-1.823539457283077e-01	1452
9.907738436796999e-01	4.168777079029049e-02	1453
4.912938707779438e-01	1.932971715579951e-01	1454
4.606966206199398e-01	1.930879844308531e-01	1455
1.094791362650968e-01	1.356901338262709e-01	1456
9.300304840143676e-01	8.860129898992321e-02	1457
9.114744372580852e-01	9.850422543459694e-02	1458
8.336024212647346e-01	1.325995859899027e-01	1459
8.911104841345495e-01	1.083015234902105e-01	1460
8.713458978874994e-01	1.173976699347475e-01	1461
8.520014485854036e-01	1.256814239648348e-01	1462
8.125830801401804e-01	1.398911245548723e-01	1463
7.873991909597882e-01	1.479416773193197e-01	1464
7.593074476412549e-01	1.561241639549877e-01	1465
7.300002397988561e-01	1.636898186374548e-01	1466
6.995970062008666e-01	1.705648336356959e-01	1467
6.682321488222314e-01	1.766655893710754e-01	1468
6.361174926616552e-01	1.819112052350629e-01	1469
2.520919411815339e-01	1.749114497040993e-01	1470
2.222275691634090e-01	1.692676313060266e-01	1471
1.941324735650294e-01	1.625796139931862e-01	1472
1.703648170453841e-01	1.562184818846968e-01	1473
1.478341781483422e-01	1.480296851237053e-01	1474
1.262351463882566e-01	1.417035830560529e-01	1475
2.864818755520076e-02	9.212451742701097e-02	1476
2.073154063242116e-02	8.550860830636536e-02	1477
8.148603438051104e-01	-1.487336845286324e-01	1478
8.751967487236526e-01	-1.248410975645536e-01	1479
4.748903176840167e-01	-2.031958593033808e-01	1480
4.966089460230756e-01	-2.029480943837561e-01	1481
1.414744326793017e-02	7.941944239412826e-02	1482
8.084413579960455e-03	7.383305122877064e-02	1483
1.912987256915853e-03	6.695586724091300e-02	1484
-3.230073138072056e-03	6.037812282055553e-02	1485
-7.700302064328755e-03	5.411080309613378e-02	1486
9.494848098673773e-02	1.301433616892939e-01	1487
8.346390586573244e-02	1.249147676089788e-01	1488
7.293082883745444e-02	1.195486447934475e-01	1489
6.303365966597996e-02	1.140457078608636e-01	1490
5.365677652168307e-02	1.083721797620592e-01	1491
4.271378897870929e-01	1.926300350926578e-01	1492
3.937869908517252e-01	1.912082577078213e-01	1493
3.651351157516922e-01	1.894300750337704e-01	1494
9.583464880022832e-01	7.052901261390737e-02	1495
9.450591098934487e-01	7.973639779829335e-02	1496
5.881361876929745e-01	-1.969899404241456e-01	1497
6.212728091846805e-01	-1.929202084084498e-01	1498
2.067435174338350e-01	-1.818540946828382e-01	1499
2.367813719490024e-01	-1.875997775200797e-01	1500
2.668153801531959e-01	-1.919989666994114e-01	1501
2.977350654377255e-01	-1.960001369882839e-01	1502
1.000829672549332e+00	3.070679711707434e-03	1503
1.000342198631592e+00	-5.154809642766924e-03	1504
9.996179280217906e-01	-5.749270823778393e-03	1505
1.000280302425351e+00	1.156816908116576e-02	1506
-2.731686618965366e-02	2.747308713643367e-02	1507
1.000153406900683e+00	5.113458723756493e-03	1508
-2.309876058616956e-02	4.118208710258600e-02	1509
9.773639836866587e-01	-7.881702412055018e-02	1510
1.001185108907199e+00	-7.413742235613381e-04	1511
1.003632286076648e+00	-1.633526280119562e-02	1512
1.005253378719345e+00	-1.711966726092550e-02	1513
9.937064738744918e-01	-5.799144380674842e-02	1514
1.000787118972257e+00	1.454344631295316e-03	1515
9.903749098742558e-01	5.641801937458113e-02	1516
2.633463091172478e-01	2.044459435891767e-01	1517
1.002539164902476e+00	-8.692528647547314e-03	1518
1.002081582784187e+00	-7.398824201317232e-03	1519
-1.335333809497615e-02	-7.540673234266859e-02	1520
1.001159428269186e+00	7.788320299571752e-04	1521
-1.698204333492400e-02	5.501853651365018e-02	1522
1.323928028782264e-01	-1.843820122651407e-01	1523
3.331278714285804e-02	-1.287789920910999e-01	1524
9.473520006646067e-01	-1.059332663716779e-01	1525
7.875083557596313e-01	-1.850942104205309e-01	1526
1.000812961534708e+00	-1.170634747482324e-02	1527
1.001764765254200e+00	7.397886970639983e-03	1528
1.002151244546309e+00	8.693909680849996e-03	1529
1.000834372047363e+00	-1.432141614565551e-03	1530
-2.375052592166747e-02	-5.153614270644293e-02	1531
5.672577521884413e-01	2.205535100739291e-01	1532
6.751408773333888e-01	-2.143757879872528e-01	1533
4.309888800517661e-01	-2.343137676978502e-01	1534
5.955135591538283e-01	2.177580330806713e-01	1535
9.456733103717336e-01	9.843355002058263e-02	1536
9.094039433994983e-01	1.214127702671913e-01	1537
3.242595917288509e-01	2.144892662921060e-01	1538
2.660976687229156e-02	1.082379326061345e-01	1539
5.112659930722043e-01	-2.335648242546473e-01	1540
-2.020830759693136e-02	4.781440482203524e-02	1541
1.002628206504459e+00	2.984618414667222e-02	1542
5.414725760271963e-01	-2.319803132214364e-01	1543
9.994128597439009e-01	5.669083653482302e-03	1544
1.002807124565142e+00	1.626531448000523e-02	1545
1.004367633584742e+00	1.712753243766161e-02	1546
1.000937914517707e+00	-3.059731569104429e-03	1547
-2.861260654613428e-02	2.011878774416297e-02	1548
3.511398414596763e-01	2.176556549562745e-01	1549
1.001471946628391e+00	1.991683104639159e-04	1550
1.001478046539118e+00	-1.502464871710829e-04	1551
-8.269128198131366e-03	-8.404159609483250e-02	1552
-1.748543336746161e-02	-6.750338168953159e-02	1553
4.029692865843148e-01	-2.337080627755137e-01	1554
9.978188141909634e-01	-5.090548729872459e-02	1555
1.000988895628611e+00	-4.390651999245437e-02	1556
-2.420736994320259e-03	-9.261239811900700e-02	1557
3.315073241589390e-03	-9.955742323417777e-02	1558
1.000818849617018e+00	2.085429520604200e-03	1559
9.948831584081567e-01	4.975982814081344e-02	1560
9.853001587974963e-01	6.293209919821258e-02	1561
2.941032806361721e-01	2.099038025147468e-01	1562
7.071718708856429e-01	-2.074820392895287e-01	1563
4.922184094620159e-02	-1.407543396517022e-01	1564
1.003923707186618e+00	-3.721225022418569e-02	1565
-2.095427455911363e-02	-5.938810154055540e-02	1566
-3.023307694528345e-02	-2.169999363727277e-02	1567
6.474784806764877e-02	-1.511976851156453e-01	1568
7.766556564415979e-02	-1.596246469097966e-01	1569
1.001827505392129e+00	3.677074591617788e-02	1570
-2.436867840930908e-02	9.612745982930071e-03	1571
-1.814681144169866e-02	-2.392680656901075e-03	1572
1.004301548965030e+00	-3.012775574159528e-02	1573
7.372911268872201e-01	-2.000133504045735e-01	1574
7.637144659856627e-01	-1.926101605939617e-01	1575
-1.994519089583833e-02	-4.656110828717316e-04	1576
-2.515017191485784e-02	-1.082192355066319e-02	1577
1.000889129474531e+00	-2.066235407122405e-03	1578
-2.950771177976804e-02	-2.952699061316238e-02	1579
-2.823196712112975e-02	-3.691547639103040e-02	1580
-2.622777143537871e-02	-4.431502114095454e-02	1581
5.385875896876954e-01	2.223999793438016e-01	1582
9.795558669806214e-01	6.942632253388809e-02	1583
-2.555612949569606e-02	3.435533127325454e-02	1584
9.136679409266393e-01	-1.282097859141914e-01	1585
9.323899640825972e-01	-1.165083899476624e-01	1586
9.598054440253598e-01	-9.583911911259672e-02	1587
9.700473997869533e-01	-8.643539577537059e-02	1588
9.836008878206491e-01	-7.192502885817963e-02	1589
9.889995873174636e-01	-6.495464609857324e-02	1590
8.567874763316122e-01	-1.576263711317635e-01	1591
8.353308391303884e-01	-1.672300377209405e-01	1592
9.437964199057176e-02	-1.680782999208615e-01	1593
1.119270850401189e-01	-1.757120696100901e-01	1594
1.024281434103275e-02	-1.078028752811106e-01	1595
2.079575835176366e-02	-1.182947527304971e-01	1596
3.438324312305746e-01	-2.298637967254023e-01	1597
3.752582895627866e-01	-2.323121079724734e-01	1598
1.578330834396797e-01	-1.937637581386236e-01	1599
9.984692516913928e-01	4.313020689044821e-02	1600
5.077081646200305e-01	2.235537352751155e-01	1601
4.765246077123914e-01	2.236294636348267e-01	1602
9.289316520598390e-01	1.096874577096953e-01	1603
8.895888145206197e-01	1.323375116319064e-01	1604
8.700094279772521e-01	1.424187910804141e-01	1605
8.506098359668026e-01	1.513931722017667e-01	1606
8.306029910973434e-01	1.596301647101845e-01	1607
8.071812954864053e-01	1.684400259053972e-01	1608
7.802052457782119e-01	1.776894953551298e-01	1609
7.510376781050579e-01	1.866363300669784e-01	1610
7.206763051120535e-01	1.948091165716840e-01	1611
6.892353941985966e-01	2.021196876742304e-01	1612
6.568975197140806e-01	2.084901723581933e-01	1613
6.250114285151641e-01	2.137551180229175e-01	1614
2.329877174608753e-01	1.984827604600402e-01	1615
1.516401820258943e-01	1.741263528373161e-01	1616
1.309300662073238e-01	1.660496423589061e-01	1617
2.029193122166300e-01	1.909888674949830e-01	1618
1.764081057313460e-01	1.831861239099465e-01	1619
1.108461576077875e-01	1.584018965274896e-01	1620
1.603632425942505e-02	9.884354308471074e-02	1621
8.110314647980675e-01	-1.768577791413478e-01	1622
8.748853758158394e-01	-1.490075299623905e-01	1623
8.936195671645029e-01	-1.395002021046117e-01	1624
4.609722535864345e-01	-2.342835813231582e-01	1625
4.863839511663515e-01	-2.340364424183741e-01	1626
8.909001272303384e-03	9.140137287465161e-02	1627
2.967599664101562e-03	8.512939397882784e-02	1628
-3.173157556798673e-03	7.741869989889133e-02	1629
-8.603403294270985e-03	6.961202290171134e-02	1630
-1.310032052654702e-02	6.242813934151815e-02	1631
9.498992174131490e-02	1.517759193308338e-01	1632
8.135622064360380e-02	1.446769901109809e-01	1633
7.013184237790129e-02	1.379575998741766e-01	1634
5.970835093061730e-02	1.315586483739749e-01	1635
4.978681888588576e-02	1.251980982673078e-01	1636
3.901129700300365e-02	1.175495423998381e-01	1637
4.444180207204702e-01	2.231529587391919e-01	1638
4.101800752478046e-01	2.219555620089232e-01	1639
3.785436903545042e-01	2.200049495046604e-01	1640
9.712023368914908e-01	7.746550333188695e-02	1641
9.599508001245800e-01	8.732890547100600e-02	1642
5.745376185501410e-01	-2.293397515551504e-01	1643
6.088766900530437e-01	-2.253910727407112e-01	1644
6.423872833932518e-01	-2.203475451455096e-01	1645
1.862830370004513e-01	-2.026940483961015e-01	1646
2.164208879621398e-01	-2.104546070482879e-01	1647
2.475530245541769e-01	-2.167168129484719e-01	1648
2.785181891347877e-01	-2.217547199151906e-01	1649
3.107131611938252e-01	-2.262962398078018e-01	1650
-3.460909360426097e-02	2.475880541273648e-02	1651
1.000476471579716e+00	-4.339089190581263e-03	1652
1.006098564667739e+00	3.376769479001681e-02	1653
-3.294325304429517e-02	-5.065185104410241e-02	1654
1.003520076446120e+00	1.412045243315584e-02	1655
9.999319809720231e-01	5.801692635579846e-02	1656
3.629321088922422e-01	2.516412517918309e-01	1657
8.570081335616784e-01	-1.864834848682353e-01	1658
-2.057302090016739e-02	-8.529215733222677e-02	1659
1.001246663476164e+00	1.748428966266633e-03	1660
9.629164212939707e-01	1.061866152609527e-01	1661
1.000320962952452e+00	4.316205485900498e-03	1662
-2.443354688346697e-02	3.452644365454690e-03	1663
1.003164045455194e+00	-1.007909331887918e-02	1664
1.000978946284447e+00	-3.977876502492580e-03	1665
8.335872459848367e-01	-1.978041665250930e-01	1666
-2.966098001699418e-02	1.342477033943919e-02	1667
1.001073129766869e+00	-2.619595610112929e-03	1668
1.001742840083596e+00	6.240103570287815e-03	1669
-3.065172718856194e-02	-5.835780429076715e-02	1670
8.090282168392480e-01	-2.082740823889439e-01	1671
4.463093415508852e-01	-2.685838837930218e-01	1672
9.898033040523994e-01	-8.392349747689742e-02	1673
1.357816525064146e-01	-2.126967970413497e-01	1674
4.164797146173742e-01	-2.680389611830939e-01	1675
9.958916073050182e-01	6.593689717446914e-02	1676
9.474881718328575e-01	1.197488299421923e-01	1677
5.555416947213545e-01	2.554319268462699e-01	1678
2.431970303947931e-01	2.311819571234542e-01	1679
9.506527680811849e-01	-1.264990479082237e-01	1680
-2.357779578590183e-02	6.297063053387128e-02	1681
2.116950737989565e-01	2.230562444916295e-01	1682
5.850500698777955e-01	2.530055117193166e-01	1683
1.000832623460339e+00	3.979405636290315e-03	1684
1.002696340545266e+00	1.009075990815429e-02	1685
1.002001974578042e+00	-6.227309183128854e-03	1686
1.004223436094784e+00	-1.412047174113525e-02	1687
1.005048108068079e+00	-2.329968303435075e-02	1688
1.000980473284192e+00	2.640209325048409e-03	1689
1.002239725801347e+00	1.190418590791616e-02	1690
1.001192984073082e+00	1.234995823616001e-03	1691
1.003383582538004e+00	-7.667137277444675e-03	1692
1.001307374958935e+00	-1.711806399787245e-03	1693
-2.469406584556496e-02	-7.618671548045985e-02	1694
1.001477453917664e+00	5.759454441612713e-04	1695
1.001496786734147e+00	-5.270803727087413e-04	1696
1.001887597435271e+00	3.184579650216275e-05	1697
1.001234723372806e+00	-1.197813777078403e-03	1698
9.294358846680195e-01	1.334669869411832e-01	1699
3.348040221137621e-01	2.482783323628737e-01	1700
-2.665721014971786e-02	5.481662753905127e-02	1701
-2.938524083778405e-02	4.764328321671642e-02	1702
5.285744811548725e-01	-2.673345263988040e-01	1703
1.004824880882231e+00	2.635145192955776e-02	1704
1.003796804489368e+00	2.318418983180625e-02	1705
1.002805274444887e+00	-1.194137269155353e-02	1706
1.003038430949369e+00	7.723974734958105e-03	1707
-2.805281312677207e-02	-6.712880217533558e-02	1708
1.003252196295119e+00	-5.888119219183030e-02	1709
1.006099034035204e+00	-5.050880954596686e-02	1710
-1.547626312482937e-02	-9.500027023639049e-02	1711
-6.794393800653805e-03	-1.082933788978040e-01	1712
1.623820785544364e-02	-1.358841316869700e-01	1713
3.053938472831897e-01	2.436355489339914e-01	1714
2.742853515065080e-01	2.376889942775289e-01	1715
6.984007216850875e-01	-2.428746557257451e-01	1716
1.006962193701890e+00	-4.257168946088961e-02	1717
3.036191041642091e-02	-1.484959400355826e-01	1718
4.594042805958972e-02	-1.615363407573521e-01	1719
5.965505210787919e-02	-1.723295137383094e-01	1720
-3.075670013622391e-02	-1.466079968036487e-02	1721
1.007997181313190e+00	-3.388224911626402e-02	1722
1.006274093601750e+00	-2.644370275252872e-02	1723
7.302152933034520e-01	-2.346390447192491e-01	1724
7.591072681901686e-01	-2.260742600415401e-01	1725
7.848566477088601e-01	-2.174239879993018e-01	1726
-2.525465560678859e-02	-5.275424751690416e-03	1727
-3.658344356835758e-02	-2.630050135114440e-02	1728
-3.600276267549111e-02	-3.448642554059294e-02	1729
-3.476034037490180e-02	-4.267720069327064e-02	1730
9.910989459374954e-01	7.384686011340726e-02	1731
-3.168204715457128e-02	4.019646392410846e-02	1732
-3.345316002882195e-02	3.250666505329287e-02	1733
9.339096843597788e-01	-1.397074774387911e-01	1734
9.642524471130963e-01	-1.141306096106965e-01	1735
9.752758971940990e-01	-1.025036674230919e-01	1736
9.836954803893044e-01	-9.231017829729325e-02	1737
9.952601325983942e-01	-7.548249373538134e-02	1738
9.996452160670607e-01	-6.717432732290261e-02	1739
7.574763820205464e-02	-1.830750972635644e-01	1740
9.354108370045464e-02	-1.927688739578731e-01	1741
1.123469375343115e-01	-2.018602156898646e-01	1742
4.793565225376117e-03	-1.233850033865167e-01	1743
3.570703718831631e-01	-2.641418294575320e-01	1744
3.875861799719731e-01	-2.666364824501411e-01	1745
1.004535034974996e+00	4.225528107744972e-02	1746
1.003228752090687e+00	4.996950302953775e-02	1747
5.250019172887351e-01	2.570043502691379e-01	1748
4.928993909535681e-01	2.575990591152926e-01	1749
9.098958232544603e-01	1.467618810882058e-01	1750
8.903210289471619e-01	1.589644259583403e-01	1751
8.705042836363652e-01	1.701868149329042e-01	1752
8.502627795930294e-01	1.803425383468283e-01	1753
8.281419103765840e-01	1.902577589990697e-01	1754
8.025279211503566e-01	2.006483230468691e-01	1755
7.739336918104680e-01	2.110791746793735e-01	1756
7.435312732220803e-01	2.208539032574426e-01	1757
7.119220616724147e-01	2.296658742223933e-01	1758
6.792743016759806e-01	2.374242494160908e-01	1759
6.464310699412493e-01	2.439769438781661e-01	1760
6.149926163410244e-01	2.491800000326737e-01	1761
1.325138669210840e-01	1.933966429190606e-01	1762
1.824258380483757e-01	2.138456486011050e-01	1763
1.554656422950690e-01	2.035279263650334e-01	1764
1.125954999964801e-01	1.842859291068925e-01	1765
1.118777500987064e-02	1.145963770095126e-01	1766
8.767468987436061e-01	-1.759599600163738e-01	1767
8.951034981803058e-01	-1.654477143980352e-01	1768
9.146153353654769e-01	-1.532095036786411e-01	1769
4.743054608227548e-01	-2.686249342278737e-01	1770
4.997836555416174e-01	-2.683801692280972e-01	1771
2.290782197806466e-03	1.046075055116801e-01	1772
-3.525201168954791e-03	9.695229488684497e-02	1773
-9.702930112563206e-03	8.864351463380342e-02	1774
-1.521378987603880e-02	7.974436068406415e-02	1775
-1.975823521235899e-02	7.135221539942591e-02	1776
9.408330895503565e-02	1.761734792747774e-01	1777
7.814838463836700e-02	1.674204991641095e-01	1778
6.049705528184405e-02	1.542143225640117e-01	1779
4.516642149500941e-02	1.431829637667420e-01	1780
3.413864212355591e-02	1.355705929122300e-01	1781
2.269225045964485e-02	1.259412451209325e-01	1782
4.608164307741766e-01	2.572614627773134e-01	1783
4.271172506996367e-01	2.561964861513569e-01	1784
3.933046765130687e-01	2.542515666958191e-01	1785
9.844025785529048e-01	8.285565862030651e-02	1786
9.752568148328064e-01	9.358442331576090e-02	1787
5.611962311840980e-01	-2.651123960561435e-01	1788
5.960961226845325e-01	-2.615611931182681e-01	1789
6.311257029868795e-01	-2.564760734621993e-01	1790
6.651593606311822e-01	-2.502209240499250e-01	1791
1.634512779703097e-01	-2.237831148049811e-01	1792
1.937983225822044e-01	-2.339885402532915e-01	1793
2.257481698840913e-01	-2.426695282413953e-01	1794
2.578709314546128e-01	-2.494065454223361e-01	1795
2.900839475545348e-01	-2.552610752916457e-01	1796
3.237972666017591e-01	-2.603306251591442e-01	1797
1.003977063288977e+00	-8.915124545070888e-03	1798
1.009522497291419e+00	-3.060176603443355e-02	1799
1.006526894865021e+00	6.638309786132543e-02	1800
-3.562895585504883e-02	1.740315939823730e-02	1801
-3.022931698076992e-02	6.468471397394855e-03	1802
1.010209309053680e+00	-6.689501621512974e-02	1803
6.901287551082619e-01	-2.825282547181071e-01	1804
8.584807628337752e-01	-2.190212565127780e-01	1805
3.454683809943159e-01	2.860592584162037e-01	1806
1.006625788594885e+00	3.898991304289922e-02	1807
1.003057875151238e+00	-6.746369722349783e-03	1808
1.000761553095884e+00	5.470534875923396e-03	1809
1.000973658372787e+00	-5.490745532487806e-03	1810
1.001597350664247e+00	-9.484889316944403e-04	1811
-2.159446318468118e-03	-1.407624796219649e-01	1812
1.003561784375197e+00	8.983807595565389e-03	1813
1.001905052629851e+00	-3.175717786010523e-04	1814
9.510404610166302e-01	1.437217520141543e-01	1815
1.004312936058870e+00	1.218891948532864e-02	1816
1.007146799479377e+00	2.385598430669483e-02	1817
1.004668838496591e+00	2.011003737023492e-02	1818
1.001562658326737e+00	9.995359378721870e-04	1819
9.554234828769335e-01	-1.497709639190198e-01	1820
8.803555056303446e-01	-2.062266632128901e-01	1821
-3.703564418157302e-02	-1.859006538119249e-02	1822
-3.326996367266491e-02	-8.541941341918526e-02	1823
4.872200492251975e-03	1.321891121976743e-01	1824
1.883241397618445e-01	2.485632209160168e-01	1825
1.005734872617460e+00	-2.012694599744108e-02	1826
9.808331538462399e-01	1.115950044877253e-01	1827
8.338085346057327e-01	-2.318861265188502e-01	1828
1.121954419422088e-01	-2.316288347784312e-01	1829
1.008843854447173e+00	-3.914436360696133e-02	1830
-2.928690619966253e-02	-9.588643030513194e-02	1831
4.741151765931969e-01	-3.062813634921224e-01	1832
1.007647924879408e+00	5.648596345069563e-02	1833
5.737980676262330e-01	2.921312257269336e-01	1834
1.002745520587013e+00	-8.637816706566377e-02	1835
5.479201466995486e-01	-3.046884366566304e-01	1836
-3.154831516592214e-02	7.144968360551307e-02	1837
1.330095493239041e-01	2.243576256837993e-01	1838
1.383605608466978e-01	-2.447877306178382e-01	1839
4.309751433895941e-01	-3.063551327992479e-01	1840
3.759216642875038e-01	2.897111621400908e-01	1841
-4.086874757574734e-02	-5.718422898905962e-02	1842
-3.888047720324569e-02	-6.548720692874374e-02	1843
1.001358995949376e+00	2.261417911112186e-03	1844
-2.880216060969961e-02	-6.626981019676512e-04	1845
9.675202376392950e-01	1.273405393169950e-01	1846
2.200644897639654e-01	2.590611482580183e-01	1847
1.001439858527555e+00	-2.223805257365586e-03	1848
1.004909465740300e+00	-1.212050750213129e-02	1849
-3.651630508458069e-02	-7.531253414282499e-02	1850
1.001669305286838e+00	1.445522387753415e-03	1851
1.002761506023957e+00	6.799784956617459e-03	1852
1.001892274602665e+00	3.814962465033573e-04	1853
1.001720851957747e+00	-1.392079384590926e-03	1854
-3.444454259059082e-02	6.221557177386625e-02	1855
-3.689604829437850e-02	5.438989579367019e-02	1856
1.007811744436537e+00	3.063437734414798e-02	1857
1.010819346979372e+00	-5.681741958209085e-02	1858
9.124609018508645e-02	-2.203976586217313e-01	1859
3.154961129260931e-01	2.812051468277785e-01	1860
2.842938203800233e-01	2.748810102718344e-01	1861
2.526959149431607e-01	2.676876793616382e-01	1862
1.056980721079050e-02	-1.558406985684011e-01	1863
2.504143674321073e-02	-1.699566889458238e-01	1864
3.915423373488493e-02	-1.835686041411658e-01	1865
1.014911938886805e+00	-4.747587438750747e-02	1866
1.008447481808862e+00	-2.377974536730969e-02	1867
7.236703169894076e-01	-2.735426379634587e-01	1868
7.548870966215103e-01	-2.638255755734887e-01	1869
7.830056837144876e-01	-2.538177931228676e-01	1870
8.087240865534641e-01	-2.434019174752040e-01	1871
-3.098964897431628e-02	-7.906132195887173e-03	1872
-4.243089693161656e-02	-4.862138313412360e-02	1873
-4.388754435214298e-02	-3.097783526389858e-02	1874
-4.345792233865649e-02	-3.982903266858122e-02	1875
1.002680366668473e+00	7.547772135299011e-02	1876
-3.896128208360792e-02	4.630584851965865e-02	1877
-4.053940031785338e-02	3.797827401706397e-02	1878
-4.156492357438949e-02	2.955128092831487e-02	1879
9.703241687921491e-01	-1.345214287152216e-01	1880
9.822077402215151e-01	-1.201857228820208e-01	1881
9.912907885224559e-01	-1.072285198574482e-01	1882
9.978162280239716e-01	-9.624678698512847e-02	1883
1.006816597727274e+00	-7.632999380035851e-02	1884
5.448450346316542e-02	-1.966430178569965e-01	1885
7.242944752657940e-02	-2.093327921207443e-01	1886
-2.274331502519112e-02	-1.089678347566947e-01	1887
-1.364819613696185e-02	-1.250756400255738e-01	1888
3.694145344776295e-01	-3.024494816954916e-01	1889
4.003942057364570e-01	-3.049918238001088e-01	1890
1.012266636562193e+00	4.756525175662529e-02	1891
5.427438498167189e-01	2.941374606259048e-01	1892
5.103152538452713e-01	2.952719399085986e-01	1893
9.324919192540847e-01	1.597224394260606e-01	1894
9.131305645117435e-01	1.746456432977027e-01	1895
8.933447444107745e-01	1.884077244873525e-01	1896
8.728044184215664e-01	2.011167708603718e-01	1897
8.510409325616223e-01	2.129672327077489e-01	1898
8.266558117640811e-01	2.248099047467575e-01	1899
7.989751802749780e-01	2.368505391193843e-01	1900
7.687287978133215e-01	2.485112293299359e-01	1901
7.368542633555180e-01	2.592001221986537e-01	1902
7.037740202897635e-01	2.686955017431607e-01	1903
6.700571310665633e-01	2.768518603865601e-01	1904
6.369734978478649e-01	2.835138118451504e-01	1905
6.050963861192225e-01	2.886405570117695e-01	1906
1.588392046003056e-01	2.366836503399222e-01	1907
1.116658306007981e-01	2.131434007849142e-01	1908
9.301524230977072e-02	2.038403291519235e-01	1909
9.376410055104477e-01	-1.655253946068214e-01	1910
8.993667117695242e-01	-1.940034333982647e-01	1911
9.183168411061885e-01	-1.806744860660508e-01	1912
5.159490754777706e-01	-3.064615044087688e-01	1913
-5.114980356811499e-03	1.198791337547049e-01	1914
-1.209867035445206e-02	1.093081018374364e-01	1915
-1.756789304674435e-02	1.006747644111778e-01	1916
-2.332143453577204e-02	9.067788681119687e-02	1917
-2.779432359801045e-02	8.090578375743962e-02	1918
7.438088114507874e-02	1.932214576477387e-01	1919
4.054624810852802e-02	1.655533634657202e-01	1920
2.828309199273289e-02	1.554426210130087e-01	1921
5.586132147828882e-02	1.790552427480341e-01	1922
1.625691239004555e-02	1.448664606990641e-01	1923
4.772430008133999e-01	2.952903176272979e-01	1924
4.437091967932420e-01	2.943643395079669e-01	1925
4.090785526604028e-01	2.925038221960570e-01	1926
9.977457271771296e-01	8.582436053609056e-02	1927
9.907515328776786e-01	9.762907696059508e-02	1928
5.830001252542527e-01	-3.017207160096612e-01	1929
6.195487646177767e-01	-2.968122067829663e-01	1930
6.553667497589361e-01	-2.903283113955618e-01	1931
1.683702475423831e-01	-2.577142643324775e-01	1932
2.008964195512241e-01	-2.692992898962620e-01	1933
2.345785467978921e-01	-2.788718026241961e-01	1934
2.676119750757938e-01	-2.862129758183797e-01	1935
3.015711060581502e-01	-2.929288884408223e-01	1936
3.363125587951862e-01	-2.984589287451831e-01	1937
1.399248163651882e-01	-2.810565836401057e-01	1938
1.001559842649890e+00	2.840009056515504e-03	1939
1.004786229897256e+00	-7.766452816866050e-03	1940
1.004266556284268e+00	-6.838551897916158e-03	1941
1.002110420585206e+00	-1.044638113687141e-03	1942
1.005584178940465e+00	1.383482246426863e-02	1943
9.442621658284464e-01	-1.938130218288328e-01	1944
1.001665019142063e+00	-2.798909996902705e-03	1945
1.012446241895110e+00	7.426347994268452e-02	1946
1.110047178443897e-01	-2.653497298287671e-01	1947
1.008157003914316e+00	2.051051874576273e-02	1948
1.006857048380810e+00	1.838494295150291e-02	1949
1.006282176559797e+00	-1.371793612491298e-02	1950
1.001837829290121e+00	-1.892285423061915e-03	1951
1.002951962951790e+00	-5.624721054056569e-03	1952
1.004724881904159e+00	-1.030719908421536e-02	1953
1.004228718453900e+00	1.039424535047601e-02	1954
-5.140116407374592e-02	-5.466741475989022e-02	1955
1.001946789534223e+00	7.023831418081499e-04	1956
1.616029893582679e-01	2.740780982090889e-01	1957
-1.061206527804505e-02	-1.603096344623019e-01	1958
9.252585966691503e-01	-2.105711944456076e-01	1959
8.857301247782996e-01	-2.402315201651053e-01	1960
-4.756009718796967e-02	5.260241207303607e-02	1961
5.614667455907448e-01	3.354570808766394e-01	1962
3.250256807151400e-01	3.231367442522445e-01	1963
9.782842678459700e-01	-1.572299080754986e-01	1964
7.177670950337480e-01	-3.171946043032817e-01	1965
4.139882563338522e-01	-3.478474662445569e-01	1966
-1.401131579818609e-02	1.370272735345583e-01	1967
4.968315963874552e-02	2.064569994040132e-01	1968
8.751085314092399e-02	-2.514729812555934e-01	1969
1.014153281099781e+00	6.228418157574016e-02	1970
1.015586356080574e+00	5.491140222028535e-02	1971
-3.626298528152606e-02	1.014946991688058e-02	1972
-2.247676995600625e-02	-1.431733632787323e-01	1973
6.822448611143653e-01	-3.269316129025963e-01	1974
8.619477626376878e-01	-2.553843918438496e-01	1975
3.567835345235128e-01	3.283478548819108e-01	1976
1.001772231141583e+00	5.193145390732263e-03	1977
1.001981975391859e+00	-5.166381803275864e-03	1978
1.001971464131975e+00	-6.367801143614012e-04	1979
1.004421866670713e+00	7.888908091381437e-03	1980
1.003953107733066e+00	6.947267612724386e-03	1981
1.001589472855863e+00	-3.492000473467239e-03	1982
1.008361252752754e+00	2.729172725866541e-02	1983
1.001456784470524e+00	3.523143303143874e-03	1984
9.063234046844383e-01	-2.255407342050863e-01	1985
9.624429694267124e-01	-1.755977999309380e-01	1986
-4.412232336954355e-02	-2.254944814008272e-02	1987
1.938067791203764e-01	2.876893103371737e-01	1988
1.009871493002590e+00	-2.718504124458277e-02	1989
9.741140895915690e-01	1.508440087868294e-01	1990
1.012556433451483e+00	-3.489583532305913e-02	1991
-4.329303022503647e-02	-9.507941897494246e-02	1992
5.346746686081298e-01	-3.485339842305756e-01	1993
3.900171838523229e-01	3.322980081658818e-01	1994
1.326989684016965e-01	2.593928272411790e-01	1995
-4.647198667419387e-02	-8.397024056243793e-02	1996
1.002710232108267e+00	5.687768895428544e-03	1997
-3.475172963552568e-02	1.684640278202379e-03	1998
-3.497313134621076e-02	-2.808612841829996e-03	1999
9.882144044681670e-01	1.315882867191488e-01	2000
-5.016392737341035e-02	-6.376360117802519e-02	2001
-4.858513781541592e-02	-7.292370674271478e-02	2002
1.001766665037633e+00	1.947093868560315e-03	2003
1.002357453875449e+00	4.051306937887920e-05	2004
1.002070009470674e+00	1.114027938123310e-03	2005
-4.372457127064838e-02	7.000512463508864e-02	2006
-4.580426875660882e-02	6.127664960062976e-02	2007
1.010583137614629e+00	3.503876317548878e-02	2008
2.931006396587802e-01	3.163797122176785e-01	2009
2.609757306152292e-01	3.084240936648021e-01	2010
2.277562369714387e-01	2.993475728788941e-01	2011
2.748895584515397e-03	-1.777481218344606e-01	2012
1.619382885469014e-02	-1.926272305934129e-01	2013
1.017584587457381e+00	-6.226358531540025e-02	2014
1.018609468863827e+00	-5.472803275943359e-02	2015
1.007827158999087e+00	-1.825496627440416e-02	2016
1.009255454622381e+00	-2.033046803510406e-02	2017
7.513233809641058e-01	-3.063153447189835e-01	2018
7.820274360416337e-01	-2.947957670581501e-01	2019
8.099383579373204e-01	-2.827806867094319e-01	2020
8.362537976866999e-01	-2.698330058617938e-01	2021
-3.715798270989523e-02	-1.130893582031799e-02	2022
-5.225789171844394e-02	-3.584999116494045e-02	2023
-5.210003313525208e-02	-4.530135616127041e-02	2024
-4.882444665131692e-02	4.365345829900956e-02	2025
-4.240461356429889e-02	2.147787676016814e-02	2026
-4.959024387716038e-02	3.459463255985819e-02	2027
9.909818967143817e-01	-1.395963626680602e-01	2028
1.000518035863146e+00	-1.234050599020339e-01	2029
1.007192600469111e+00	-1.092868026796577e-01	2030
1.011870391555742e+00	-9.714411542956640e-02	2031
1.013497796608507e+00	-8.490859548547136e-02	2032
1.016474309732428e+00	-7.450834926803919e-02	2033
3.080460073349209e-02	-2.081889054667796e-01	2034
4.803788874272751e-02	-2.239595977960900e-01	2035
6.733943049824227e-02	-2.385965855051320e-01	2036
-3.905759436740147e-02	-1.087314703335178e-01	2037
-3.164580643555800e-02	-1.242712733401020e-01	2038
3.816180465672953e-01	-3.452586648345120e-01	2039
5.285923553030263e-01	3.370686298533925e-01	2040
9.571584037841736e-01	1.701086789325540e-01	2041
9.386110410488755e-01	1.883538116461885e-01	2042
9.191942017468178e-01	2.052355713394416e-01	2043
8.987564803433805e-01	2.209628561465390e-01	2044
8.769767171623383e-01	2.356467680920792e-01	2045
8.532588974197385e-01	2.496576128549736e-01	2046
8.265615658772933e-01	2.636416917581530e-01	2047
7.967902369404188e-01	2.774501551141495e-01	2048
7.647060126500634e-01	2.904463836020890e-01	2049
7.310643198612801e-01	3.021487870986139e-01	2050
6.964312073735687e-01	3.123396990765293e-01	2051
6.618065720049112e-01	3.208380353753627e-01	2052
6.279579329167978e-01	3.276013999180430e-01	2053
5.944994320441458e-01	3.325738774703588e-01	2054
1.087321358201849e-01	2.453137926319510e-01	2055
8.949297757962700e-02	2.344315576785081e-01	2056
4.529474047296160e-01	-3.489256876236194e-01	2057
4.952529164017392e-01	-3.492754795779484e-01	2058
-2.228181863780088e-02	1.234429247781089e-01	2059
-2.754319690482739e-02	1.128386219048522e-01	2060
-3.300836912710919e-02	1.026571337052296e-01	2061
-3.730015545558778e-02	9.096851458389509e-02	2062
-4.102635029002949e-02	8.047937444123809e-02	2063
7.009781324424867e-02	2.224606471371658e-01	2064
2.022311546872116e-02	1.774947433831663e-01	2065
3.274287592129525e-02	1.898948899584465e-01	2066
-3.747959639808045e-03	1.511256033936789e-01	2067
8.290878692057357e-03	1.657078513896733e-01	2068
4.945296172244207e-01	3.375805700394472e-01	2069
4.601651516856627e-01	3.369120572095285e-01	2070
4.251177044527865e-01	3.351645519193511e-01	2071
1.008793698763973e+00	8.478100467831066e-02	2072
1.005899204192698e+00	9.870623823492011e-02	2073
9.986382433943822e-01	1.138870797565266e-01	2074
5.694923246816348e-01	-3.460593387899518e-01	2075
6.074170842381028e-01	-3.417399741280197e-01	2076
6.454228096328098e-01	-3.351815246167080e-01	2077
1.725354176834090e-01	-2.959978499750478e-01	2078
2.073883604993544e-01	-3.090337568866628e-01	2079
2.426187365970436e-01	-3.193738036927741e-01	2080
2.768998549069147e-01	-3.276243423823891e-01	2081
3.126044761602607e-01	-3.351693371926522e-01	2082
3.480097969489427e-01	-3.411034985132659e-01	2083
1.014188444075977e+00	-4.012594043061069e-02	2084
1.009665954480946e+00	1.813553829658372e-02	2085
1.006666460987445e+00	-1.141781448466332e-02	2086
1.013802782101723e+00	-2.985977332082830e-02	2087
1.007425425077611e+00	-1.565331504114226e-02	2088
-6.182723446097846e-02	-6.069069053236719e-02	2089
5.652435041958804e-01	3.823850175319464e-01	2090
7.486030095278213e-01	-3.540571166300993e-01	2091
3.009196900469138e-01	3.626911105123314e-01	2092
1.012116769849245e+00	3.016005041448864e-02	2093
-5.850850091409837e-02	4.938270864561456e-02	2094
6.019290137880483e-02	-2.711810906031897e-01	2095
9.543581525087227e-01	-2.243437011937622e-01	2096
1.005558969029252e+00	-6.725019583177146e-03	2097
9.724434191717655e-01	-2.037262601345984e-01	2098
1.314325022777043e-01	2.989490004857900e-01	2099
1.022144008914808e+00	-4.830972874891362e-02	2100
7.124665171066453e-01	-3.661386422338185e-01	2101
-5.802865316086384e-02	-9.317254939171296e-02	2102
1.001894199313861e+00	2.535099130607340e-03	2103
1.002434114710420e+00	6.149150368642424e-04	2104
1.002205037057248e+00	1.634037422805612e-03	2105
1.019459261782413e+00	4.879383395278491e-02	2106
-2.283112924401617e-03	1.881062879598882e-01	2107
-3.330755980769177e-02	-1.629379103859075e-01	2108
-4.290332076408885e-02	1.374090951179557e-02	2109
6.744507573645745e-01	-3.766474810150937e-01	2110
4.323882122365611e-01	-3.956303445908991e-01	2111
1.023192318792064e+00	-9.238664157372245e-02	2112
1.023851851264800e+00	-8.226958751625177e-02	2113
1.403349978006113e-01	-3.219658606765309e-01	2114
3.942024251831448e-01	-3.931002241377360e-01	2115
-2.101313389349404e-02	-1.816245633720940e-01	2116
1.021319052194577e+00	6.945932030130000e-02	2117
1.021873424102726e+00	5.997141109974123e-02	2118
9.977790342595965e-01	1.536726798295673e-01	2119
3.689617112095534e-01	3.756710169206981e-01	2120
1.001857286656067e+00	-1.608203354194273e-01	2121
-3.373133304842863e-02	1.395119937052664e-01	2122
2.300893438974915e-02	2.169247863876168e-01	2123
4.047623459910809e-01	3.798571156121751e-01	2124
1.084342839711243e-01	-3.034165114265590e-01	2125
8.211545873626461e-02	-2.864511196875152e-01	2126
1.002634296020724e+00	4.696880580018134e-03	2127
1.002456105854717e+00	-5.310100541380298e-04	2128
1.006606998028200e+00	1.580190828795339e-02	2129
8.933840217257144e-01	-2.782047011784052e-01	2130
1.002266013357188e+00	-1.561152091120665e-03	2131
1.001989392969129e+00	-2.478718351401660e-03	2132
1.010611350707566e+00	2.377402093185045e-02	2133
1.004008721605927e+00	-6.092352050233647e-03	2134
1.005522904543124e+00	-9.035515447955729e-03	2135
1.006092378749218e+00	1.158664827955992e-02	2136
1.005239510930559e+00	6.894960608208864e-03	2137
1.635618564331661e-01	3.161789416160558e-01	2138
-5.764584985556415e-02	5.896187127595243e-02	2139
3.345681816545126e-01	3.700159764871561e-01	2140
9.886357762735045e-01	-1.821692383999263e-01	2141
3.592325005235669e-01	-3.887743979266385e-01	2142
-2.515375460815466e-02	1.556787798172800e-01	2143
-5.020474327714186e-02	2.559472181344899e-02	2144
-4.404317859038472e-02	-1.463675140053413e-02	2145
1.003733919618838e+00	6.197169443562528e-03	2146
1.001718492576402e+00	-4.280599232273996e-03	2147
1.005086797835306e+00	9.178879272571123e-03	2148
1.002828941983250e+00	-4.627283099845570e-03	2149
1.002262055210366e+00	-3.214978939469165e-03	2150
1.011919920562896e+00	4.029142485501504e-02	2151
1.001551362393542e+00	4.307873648062329e-03	2152
9.158811891219605e-01	-2.605256333000850e-01	2153
9.356374560385229e-01	-2.430397248770082e-01	2154
-6.211342801900812e-02	-5.074854252029189e-02	2155
-5.222502182513189e-02	-2.649362673620989e-02	2156
1.011910449205267e+00	-2.349326001804006e-02	2157
1.002134548205377e+00	3.275799738532990e-03	2158
-4.015303866436167e-02	-3.805032033442570e-04	2159
-6.086785658648344e-02	-7.026848493998208e-02	2160
-5.990647870199410e-02	-8.070634436365040e-02	2161
-5.615916887760453e-02	6.817412644913015e-02	2162
1.985694558140443e-01	3.316042627025075e-01	2163
2.677048002505701e-01	3.538355470345818e-01	2164
2.342228340080825e-01	3.442299008758885e-01	2165
-8.412258894572023e-03	-2.008298075812670e-01	2166
1.010630170361834e+00	-1.784849460648677e-02	2167
7.821032207483125e-01	-3.408897822456870e-01	2168
8.126718377854056e-01	-3.269750093674257e-01	2169
8.409447885120955e-01	-3.121384540403367e-01	2170
8.679679837219036e-01	-2.958010869988335e-01	2171
-4.191344100429998e-02	-5.619960170796519e-03	2172
-6.187916609948042e-02	-4.075257181969984e-02	2173
-5.888496561430472e-02	3.973319235854234e-02	2174
1.011690051093224e+00	-1.409071456222186e-01	2175
1.018244071465938e+00	-1.231644812478805e-01	2176
1.020668906490601e+00	-1.075184389452233e-01	2177
1.025148517351501e+00	-5.947051434384756e-02	2178
1.025063583526246e+00	-6.911195027128081e-02	2179
4.751742750731461e-03	-2.174151641274254e-01	2180
2.079376983440310e-02	-2.357411162366435e-01	2181
3.962217470669079e-02	-2.543211975564093e-01	2182
-5.505487479747637e-02	-1.060061191105057e-01	2183
-5.019616419012804e-02	-1.233411807553984e-01	2184
-4.288363154354747e-02	-1.410125589380531e-01	2185
9.833684814410036e-01	1.764756507778796e-01	2186
9.664934224868864e-01	1.986454804350209e-01	2187
9.480405803685868e-01	2.193861805254241e-01	2188
9.282169788761152e-01	2.387566768222909e-01	2189
9.067089532136443e-01	2.569784526850621e-01	2190
8.832679607061333e-01	2.741894437357188e-01	2191
8.573213167336260e-01	2.907936900398323e-01	2192
8.282242281396841e-01	3.071655908417975e-01	2193
7.961823395517772e-01	3.229221156242808e-01	2194
7.619544296583232e-01	3.374098028103079e-01	2195
7.263023998670983e-01	3.502089894495519e-01	2196
6.901058505213750e-01	3.610819174007746e-01	2197
6.542359283231429e-01	3.699300137192401e-01	2198
6.185522987351370e-01	3.767844799589842e-01	2199
4.222880042665764e-02	2.371190475736190e-01	2200
1.040622357034009e-01	2.815266136798445e-01	2201
8.325165905968497e-02	2.682232632639312e-01	2202
4.740275335941482e-01	-3.967584691958860e-01	2203
5.162140613164147e-01	-3.967961317635197e-01	2204
-3.993826599110759e-02	1.254687242562526e-01	2205
-4.440192230928185e-02	1.150885202771649e-01	2206
-4.880680867254412e-02	1.016628521571630e-01	2207
-5.212831486943006e-02	9.012266375247262e-02	2208
-5.464162523250326e-02	7.821440737724150e-02	2209
6.359576242174386e-02	2.548068066435353e-01	2210
8.953537933859564e-03	2.013263814215478e-01	2211
-1.417214677269041e-02	1.717788655251554e-01	2212
5.129577064189906e-01	3.844951026286079e-01	2213
4.772287491542306e-01	3.842832638349502e-01	2214
4.411867759575981e-01	3.827105291283110e-01	2215
1.008593827708814e+00	1.318530492765821e-01	2216
1.019403554562110e+00	8.259942907496620e-02	2217
1.017899454676899e+00	9.403467294986349e-02	2218
1.013450109077441e+00	1.117312268060950e-01	2219
5.558224728249737e-01	-3.950860610223305e-01	2220
5.942756843453291e-01	-3.915662584211840e-01	2221
6.349119196978489e-01	-3.852774355306796e-01	2222
1.757959808614752e-01	-3.391011186255064e-01	2223
2.130760111833908e-01	-3.536016401782342e-01	2224
2.495961910595066e-01	-3.647308317304117e-01	2225
2.855934096867505e-01	-3.741130411026186e-01	2226
3.228501855278650e-01	-3.824473301831594e-01	2227
7.075367396739999e-01	-4.210063247638288e-01	2228
1.003081196929455e+00	3.741653688405652e-03	2229
-5.414435592788362e-02	1.399195667684599e-01	2230
-6.939551963699714e-02	6.538804097949359e-02	2231
-6.843582222460237e-02	7.499877651550049e-02	2232
1.012340703332621e+00	-2.043025280344845e-02	2233
-5.177114475865316e-02	-1.784311397205353e-02	2234
7.834254192075178e-01	-3.926858789059731e-01	2235
1.133531474141746e-02	2.474670035363823e-01	2236
9.039358141656538e-01	-3.203239445348500e-01	2237
1.042349953441380e-01	-3.462975400057668e-01	2238
1.009498559094961e+00	1.519916258557694e-02	2239
1.019510018919455e+00	-4.278872972852671e-02	2240
1.012366371171960e+00	2.735657822333930e-02	2241
1.007636338183050e+00	1.311463689919887e-02	2242
1.644690592340499e-01	3.634656939730920e-01	2243
1.003601858325838e+00	5.112818210168017e-03	2244
1.015552866549964e+00	3.519915342020734e-02	2245
-5.007047215555294e-02	-8.537282706983194e-03	2246
1.002917820894973e+00	2.586938875287073e-04	2247
1.002926011340833e+00	-1.560827612417791e-04	2248
1.017519304174369e+00	-3.477726362789260e-02	2249
2.728772829451141e-01	4.045702339936615e-01	2250
-7.118039573767540e-02	-1.028449081893349e-01	2251
-5.036127563379767e-02	1.717391245534355e-02	2252
-4.109869102776864e-02	6.319045831122060e-03	2253
1.033812909014169e+00	-8.798004554010169e-02	2254
1.033512731036767e+00	-7.653370653690569e-02	2255
4.099752752581922e-01	-4.465642857865367e-01	2256
7.478289270366832e-02	-3.258024652408729e-01	2257
-6.140942109543754e-02	-3.041189127178279e-02	2258
3.818697004946074e-01	4.285752179443542e-01	2259
9.786071299899164e-02	3.224253716928556e-01	2260
-3.845600635138478e-02	1.763088747804273e-01	2261
-6.976879703257496e-02	5.502839141496396e-02	2262
-2.760158113015058e-02	1.939140299935551e-01	2263
4.199062840469758e-01	4.328698954262141e-01	2264
3.081658102158250e-01	4.144256947691879e-01	2265
1.023119878768249e+00	5.535807755806950e-02	2266
7.467706618441238e-01	-4.076474340507564e-01	2267
1.001962823235512e+00	-2.090094982642940e-01	2268
5.066818733066339e-02	-3.074429309106992e-01	2269
1.013882431758480e+00	-2.701727705340346e-02	2270
1.008303533601475e+00	-1.288044683558490e-02	2271
6.465447422210834e-01	4.247364625814101e-01	2272
6.662612012830239e-01	-4.322940711554960e-01	2273
9.860112773679817e-01	-2.338065881391984e-01	2274
1.015061496189340e+00	-1.837435947503410e-01	2275
1.289616005699633e-01	3.435015481427972e-01	2276
1.002663095075759e+00	1.207072798275851e-03	2277
1.002343181287495e+00	2.181193834174043e-03	2278
1.017915214082201e+00	1.502260219537243e-01	2279
1.026143299559016e+00	-5.475449737312302e-02	2280
1.029599108164746e+00	6.521315746705575e-02	2281
1.394112491286333e-01	-3.680214868634592e-01	2282
3.704711781370081e-01	-4.418907704767899e-01	2283
1.033091011302634e+00	-6.436707801297462e-02	2284
-4.725216671054870e-02	1.568572381715943e-01	2285
-7.387800833043424e-02	-6.670361187781737e-02	2286
-7.344129382138609e-02	-7.660312616089784e-02	2287
1.002708651125327e+00	-1.115258400642514e-03	2288
1.002191202467428e+00	-3.993007179346128e-03	2289
1.003823386113970e+00	-5.004296172237912e-03	2290
1.002426547380431e+00	-2.105300048707126e-03	2291
1.011218028492656e+00	2.077713539933717e-02	2292
1.006252797169005e+00	-7.876681022035254e-03	2293
3.445214066496921e-01	4.224888636021986e-01	2294
1.005869934016651e+00	8.067967527745464e-03	2295
1.003235403478855e+00	-3.644951234744751e-03	2296
1.017117172249937e+00	4.320156475662616e-02	2297
9.283092353510676e-01	-2.992898656463202e-01	2298
9.494400455813291e-01	-2.783988856919931e-01	2299
9.683490070308081e-01	-2.569792687994696e-01	2300
-7.293091696014241e-02	-4.549523663010040e-02	2301
-7.366017136035191e-02	-5.603294527742898e-02	2302
-6.964893095626633e-02	4.478085620540036e-02	2303
1.010290187852102e+00	-1.488988186347752e-02	2304
1.002031119850241e+00	4.043157822168070e-03	2305
-7.297671840753529e-02	-8.893128432504965e-02	2306
2.021416254315719e-01	3.806725036892624e-01	2307
2.388872498747261e-01	3.940499334678906e-01	2308
-4.629362108428198e-02	-1.844775322779602e-01	2309
-3.500573425694612e-02	-2.040663480421862e-01	2310
8.170607652075517e-01	-3.765799642611629e-01	2311
8.479315708453963e-01	-3.593763504648724e-01	2312
8.768422839652613e-01	-3.406524656863286e-01	2313
-4.738424021201056e-02	-9.218076752629882e-04	2314
-5.910351669900487e-02	2.973535760426872e-02	2315
1.022124738647707e+00	-1.584307115947203e-01	2316
1.029276149723285e+00	-1.373064938606586e-01	2317
1.033376691116909e+00	-1.018464765735234e-01	2318
1.032749111764454e+00	-1.173435692416150e-01	2319
-2.281801092588540e-02	-2.252984600175396e-01	2320
2.872544224639838e-02	-2.878762036462079e-01	2321
-8.952172371796708e-03	-2.450088046197102e-01	2322
8.755321462583969e-03	-2.661171756107408e-01	2323
-6.847204871239553e-02	-1.188770393769674e-01	2324
-6.362084380782929e-02	-1.389765134080725e-01	2325
-5.641689698162541e-02	-1.595689585056269e-01	2326
1.009883018579869e+00	1.775603386072133e-01	2327
9.958822131417109e-01	2.038849898342549e-01	2328
9.794107432150750e-01	2.291532747243862e-01	2329
9.609618397032418e-01	2.529313326686840e-01	2330
9.403714303516928e-01	2.754549457541852e-01	2331
9.174789372971772e-01	2.968170767867810e-01	2332
8.920470177965908e-01	3.171408392145144e-01	2333
8.636565093460855e-01	3.367911422814420e-01	2334
8.319496507502409e-01	3.558680559263182e-01	2335
7.973154782941595e-01	3.738186854856319e-01	2336
7.605966773624632e-01	3.899747405906763e-01	2337
7.227409462355067e-01	4.039352998722959e-01	2338
6.846699729594213e-01	4.155109316683955e-01	2339
5.980102885112906e-01	4.321102664515834e-01	2340
3.241586874183487e-02	2.708837045898352e-01	2341
7.423014684978227e-02	3.057042664584945e-01	2342
4.520004116346984e-01	-4.490625995260875e-01	2343
4.953564616296234e-01	-4.500466359961834e-01	2344
-6.214560935270614e-02	1.133536371781875e-01	2345
-6.498141046673944e-02	9.989575227199927e-02	2346
-6.733486180192351e-02	8.692443005832767e-02	2347
5.397581686298417e-02	2.902024773065869e-01	2348
-4.837080007607342e-03	2.278811463495534e-01	2349
-1.639168455060613e-02	2.113775173712621e-01	2350
5.421446960311470e-01	4.361598007228650e-01	2351
4.766705776310511e-01	4.360381797995960e-01	2352
1.029415302269416e+00	7.739065804878176e-02	2353
1.029017346219717e+00	8.974583640333478e-02	2354
1.024807988702008e+00	1.252798447406281e-01	2355
1.027271876223277e+00	1.058918114266164e-01	2356
5.386268759069457e-01	-4.493144881360964e-01	2357
5.802431793655053e-01	-4.465838166358627e-01	2358
6.231119056712865e-01	-4.410928198355860e-01	2359
1.779890468707957e-01	-3.875210144292693e-01	2360
2.175196583143974e-01	-4.034864658682283e-01	2361
2.553760104442149e-01	-4.155351123268288e-01	2362
2.933962618172860e-01	-4.261938548535151e-01	2363
3.323804741500770e-01	-4.353143506332947e-01	2364
1.012380237011959e+00	1.731896682769309e-02	2365
1.025980146406279e+00	-4.306065230177084e-02	2366
1.023369828541370e+00	-3.756736448354282e-02	2367
-6.052642300170095e-02	-2.085723768508840e-02	2368
1.004911137561754e+00	-5.380895676503978e-03	2369
-8.206398536155357e-02	4.955987498182846e-02	2370
2.591117901956621e-01	4.553970036088442e-01	2371
8.233006693292404e-01	-4.322386750072204e-01	2372
3.834994429518213e-01	-5.015657846331154e-01	2373
-4.459751664625041e-02	2.170759444163197e-01	2374
-8.277957050072096e-02	6.049334439015946e-02	2375
3.954096610177158e-01	4.864574565713795e-01	2376
1.003609826783224e+00	-2.654456956607193e-01	2377
1.008667649750803e+00	-1.082033582395227e-02	2378
1.013720828017938e+00	-1.765239008247087e-02	2379
1.012885588207270e+00	-1.609859665594785e-02	2380
6.269295770722952e-02	3.476140255424530e-01	2381
-2.081038404806076e-02	2.575866947597809e-01	2382
1.003033898238092e+00	7.961018675055471e-04	2383
1.002828265601969e+00	1.802501971939042e-03	2384
1.045678004304490e+00	-1.298363179920354e-01	2385
1.007116416757338e+00	-9.232453638162922e-03	2386
1.007004182366315e+00	-6.639419805750705e-03	2387
1.006656979142167e+00	9.451461203886211e-03	2388
1.010104095283689e+00	1.279271672126974e-02	2389
1.002898291275833e+00	-1.705850161166384e-03	2390
1.003063655205998e+00	-6.890723490964455e-04	2391
-5.952244712078032e-02	-1.172321148172727e-02	2392
-5.575687138961752e-02	-2.307114483534798e-03	2393
1.249899591380200e-01	3.935674345608762e-01	2394
7.456803843659701e-01	-4.678013918890277e-01	2395
9.441092021816214e-01	-3.420216674970584e-01	2396
1.026932797465640e+00	4.898355452926155e-02	2397
-8.655452669266295e-02	-1.135003447248372e-01	2398
4.276414932411641e-01	-5.063057698146911e-01	2399
-7.689521320776299e-02	1.320503210718055e-01	2400
-8.284598706276487e-02	7.140553456757195e-02	2401
-8.265429894620556e-02	8.215397587163281e-02	2402
-2.774437217947318e-03	2.815808721490513e-01	2403
3.551309325694866e-01	4.804248170099975e-01	2404
1.042275084651149e+00	-7.013630999022903e-02	2405
1.369683063143498e-01	-4.197741994739784e-01	2406
9.178771576984708e-01	-3.668522513356841e-01	2407
9.816091927558308e-02	-3.945187852312315e-01	2408
6.524592942535974e-02	-3.700535825176554e-01	2409
3.843877631378288e-02	-3.477905944134111e-01	2410
7.025109546335033e-01	-4.825264141385279e-01	2411
7.860835910103940e-01	-4.508586306843984e-01	2412
1.488596429729334e-02	-3.248176617352818e-01	2413
1.639489729975448e-01	4.164071438070079e-01	2414
1.004142712114139e+00	4.123811326702838e-03	2415
1.004662543084558e+00	5.534514171543384e-03	2416
1.003510437311455e+00	6.299435700880997e-05	2417
-8.793103578567685e-02	-9.781701340116396e-02	2418
-5.887068713841667e-02	2.042221821827058e-02	2419
1.036710419190433e+00	1.421505963789794e-01	2420
1.043883731467020e+00	-8.198039604859651e-02	2421
8.997156626993937e-02	3.685875864539617e-01	2422
-5.451421602155854e-02	1.981731554720416e-01	2423
-7.181742605034827e-02	-3.411438495760947e-02	2424
3.153533896398691e-01	4.720766014305518e-01	2425
1.039850253253120e+00	9.916850403262187e-02	2426
1.018876539047478e+00	-2.373390204935954e-01	2427
1.015516653278535e+00	-2.300736197914836e-02	2428
1.010762560253579e+00	-1.242922674180777e-02	2429
1.032987983145760e+00	-2.090084379673459e-01	2430
1.002705076500414e+00	2.862804290948544e-03	2431
1.029605159134313e+00	-4.809533809883874e-02	2432
-6.357488742816646e-02	1.758429800572112e-01	2433
-7.046583034257120e-02	1.562754669202076e-01	2434
-8.690630564706073e-02	-6.106151034757865e-02	2435
1.002818575799580e+00	-2.776052875985438e-03	2436
1.004320657287271e+00	-3.984026726841850e-03	2437
1.014232074634004e+00	2.349564905596885e-02	2438
1.008110963075306e+00	1.109747702087298e-02	2439
1.006678202535630e+00	6.878211776923429e-03	2440
1.023577892027977e+00	4.382187516984529e-02	2441
1.021270384003086e+00	3.826410816716896e-02	2442
9.668233758740800e-01	-3.169527930636756e-01	2443
9.863277700456884e-01	-2.917866118283149e-01	2444
-8.557344544857956e-02	-4.989992212406143e-02	2445
-8.756379307105941e-02	-7.222328052007984e-02	2446
-8.792584710783372e-02	-8.321382685702344e-02	2447
2.040310937662881e-01	4.352901867214087e-01	2448
-4.018210420825184e-02	-2.517684246919392e-01	2449
8.573564073341312e-01	-4.121695459869906e-01	2450
8.887829661087346e-01	-3.904380781597082e-01	2451
-4.965366395173231e-02	7.719724501166664e-03	2452
-6.925171807788782e-02	3.371773052326682e-02	2453
1.045080946619996e+00	-9.525162362155977e-02	2454
1.037444913811700e+00	-1.762304196715443e-01	2455
1.041713705860109e+00	-1.532767966671272e-01	2456
1.046092072408108e+00	-1.100800623772092e-01	2457
-6.275550495616133e-02	-2.066404094722287e-01	2458
-5.257838025535194e-02	-2.278111144875720e-01	2459
-2.512454176778495e-02	-2.759831349316169e-01	2460
-6.553574494014938e-03	-2.995823068539549e-01	2461
-8.416582485146731e-02	-1.330421931240814e-01	2462
-7.904522920128398e-02	-1.556403876519859e-01	2463
-7.237915379215483e-02	-1.801576291920132e-01	2464
1.032032485320674e+00	1.694513044054679e-01	2465
1.022071240148347e+00	2.011522988971827e-01	2466
1.011962164183098e+00	2.326988559856163e-01	2467
9.961286124578129e-01	2.615435693967185e-01	2468
9.775033022446686e-01	2.891430662969218e-01	2469
9.559736607816482e-01	3.155735055550218e-01	2470
9.314133650056050e-01	3.408091779726375e-01	2471
9.037603492097622e-01	3.649005813073685e-01	2472
8.726567149053976e-01	3.881287465333280e-01	2473
8.379869988275040e-01	4.103174665600182e-01	2474
8.003495808657248e-01	4.307648739233823e-01	2475
7.607898575927257e-01	4.487731047008702e-01	2476
7.203374376340982e-01	4.639853424047043e-01	2477
6.792165626919590e-01	4.753605950876691e-01	2478
6.315693429025734e-01	4.864490458086411e-01	2479
4.725334948919570e-01	-5.086989301141317e-01	2480
-8.023434302834974e-02	1.099342831859094e-01	2481
-8.199006304348609e-02	9.607089173485392e-02	2482
4.120310158796323e-02	3.281565148960465e-01	2483
1.922395380823699e-02	3.075116986793998e-01	2484
-3.402935632641814e-02	2.360381635744055e-01	2485
5.750644922782661e-01	4.928277006439746e-01	2486
5.103697965386607e-01	4.948016954689378e-01	2487
4.461803211699385e-01	4.925392626074496e-01	2488
1.038534436818064e+00	7.148286168741880e-02	2489
1.039547224007193e+00	8.395608374395316e-02	2490
1.039579756778783e+00	1.174333762934047e-01	2491
5.182371311705437e-01	-5.091720016906683e-01	2492
6.568085998938235e-01	-4.945260745029385e-01	2493
5.635925765971480e-01	-5.073611489368919e-01	2494
6.095459082096920e-01	-5.029863048234916e-01	2495
1.786909117899264e-01	-4.417543530568504e-01	2496
2.203672603349729e-01	-4.592066401481171e-01	2497
2.597608224778984e-01	-4.724055656251070e-01	2498
3.002265942657216e-01	-4.844755279576358e-01	2499
3.418457098358160e-01	-4.940070379980487e-01	2500
1.014631885415164e+00	1.992522110656876e-02	2501
5.437493598862838e-01	-5.738871724277250e-01	2502
1.010332891673870e+00	1.051308404910689e-02	2503
5.322473283754090e-02	-4.197911028354623e-01	2504
1.031066081736534e+00	5.574762643063317e-02	2505
-9.768277061026229e-02	1.237360680442950e-01	2506
-9.495516875545107e-02	1.495658958807659e-01	2507
4.141644752322712e-01	5.534994876231928e-01	2508
2.320036922300732e-02	-3.927176552649917e-01	2509
1.042186107693259e+00	-5.993775407303392e-02	2510
8.693921398576494e-01	-4.711237658129167e-01	2511
-1.043897378772081e-01	-1.253775209832032e-01	2512
-9.997948361544950e-02	-5.380201844426401e-02	2513
1.191103836139256e-01	4.496822741484165e-01	2514
1.039010180065083e+00	6.140045881696832e-02	2515
1.015665856572837e+00	-2.036748541730595e-02	2516
1.008604812908661e+00	9.200606318515245e-03	2517
1.007469587257576e+00	8.154044626669035e-03	2518
1.007864908594670e+00	-7.885458264211102e-03	2519
-9.762833216832870e-02	6.567299633266986e-02	2520
4.862734690485777e-02	3.947783455416222e-01	2521
1.040128530889785e+00	-2.669807383033470e-01	2522
-7.035182504893328e-02	-2.363961965886709e-02	2523
9.638077871786680e-01	-3.888795167881182e-01	2524
-2.330124243828602e-03	-3.654069726881774e-01	2525
-8.357299597665759e-02	-3.742097472328736e-02	2526
1.614268970324970e-01	4.755059421833840e-01	2527
-7.414861857685727e-02	2.204217470723249e-01	2528
1.060550040799723e+00	-1.202172432503234e-01	2529
4.707928877405267e-01	-5.738106876455419e-01	2530
3.987475262793863e-01	-5.679517331438499e-01	2531
7.449158461263928e-01	-5.353656750795245e-01	2532
8.997198136126523e-02	-4.486696192869094e-01	2533
1.029661959028555e+00	-3.792921813791859e-02	2534
1.032769693933017e+00	-4.195792983604221e-02	2535
1.020642680290559e+00	3.263286558713181e-02	2536
1.016547821009479e+00	2.698088961103738e-02	2537
-6.956540538255038e-02	-1.535506962300202e-02	2538
-1.047719419521904e-01	-1.070658191047494e-01	2539
-8.081551474312122e-02	3.734164491876814e-02	2540
3.455004359533221e-01	5.387039607514320e-01	2541
8.315314183490866e-01	-4.946841575586715e-01	2542
1.025279546352203e+00	-2.983770303620939e-01	2543
1.006234337790120e+00	-5.520934083915073e-03	2544
1.009060180596211e+00	-8.883022953325180e-03	2545
2.332171058719664e-02	3.699523208854758e-01	2546
-3.955177190217543e-02	2.905576895118281e-01	2547
1.003721241959541e+00	3.100381717010879e-03	2548
1.003307955929052e+00	1.372789617975710e-03	2549
1.012737683285740e+00	-1.409295201901650e-02	2550
1.011974295971295e+00	1.453823733895904e-02	2551
1.005517179487453e+00	-4.303336829244664e-03	2552
1.003361662923347e+00	-1.255758853394873e-03	2553
6.964868869016022e-01	-5.515334382597744e-01	2554
1.034078824849704e+00	-5.470930645951460e-02	2555
-9.896999295037204e-02	8.972609449261749e-02	2556
1.053610604572461e+00	1.317330888029991e-01	2557
1.053119794380164e+00	-7.468412619940817e-02	2558
7.900074649539301e-01	-5.162053264533520e-01	2559
1.005969351966563e+00	5.733374729966777e-03	2560
1.005315968715476e+00	4.493130060017152e-03	2561
-6.547441385063266e-02	-3.919579151239101e-03	2562
8.006898613784591e-02	4.205973409486977e-01	2563
-9.630437793141357e-02	5.392893029555086e-02	2564
2.715098231108060e-01	5.212948525558349e-01	2565
1.058446570216984e+00	-1.017521778046567e-01	2566
1.018035903320742e+00	-2.639696770475353e-02	2567
1.022429448769742e+00	-3.191246382747993e-02	2568
1.010865771929737e+00	-1.011938773168101e-02	2569
1.048909777284539e+00	-2.345989616049160e-01	2570
1.002969365958289e+00	2.482978164342881e-03	2571
-8.277986265698212e-02	1.965455138339068e-01	2572
-8.891489698380695e-02	1.736401673451293e-01	2573
-1.019389905180513e-01	-6.573303934865686e-02	2574
1.003068247655869e+00	-2.383375011689304e-03	2575
1.003850378113475e+00	-2.972719635544221e-03	2576
1.030421359897863e+00	4.308877040112521e-02	2577
1.027533448956903e+00	3.894883840042248e-02	2578
9.881159926504076e-01	-3.588876087153098e-01	2579
1.008393701685007e+00	-3.288835727457935e-01	2580
-1.044770192764892e-01	-9.038745199200844e-02	2581
-1.031697790551480e-01	-7.713987828672446e-02	2582
-9.828593736306955e-02	7.689598434211145e-02	2583
2.127817282287136e-01	4.998177038888710e-01	2584
9.040222350191774e-01	-4.457428066142029e-01	2585
9.355835553216312e-01	-4.181618688967436e-01	2586
-5.893873261999656e-02	8.733021981901647e-03	2587
-6.848263438154052e-02	2.346650216912310e-02	2588
1.056933528269740e+00	-1.953785376768505e-01	2589
1.058456849799692e+00	-1.681927112703670e-01	2590
1.060244893076709e+00	-1.443250608645320e-01	2591
-8.305622488644469e-02	-2.290748242205139e-01	2592
-7.357324023146625e-02	-2.534158381005193e-01	2593
-6.041860996551204e-02	-2.806581983306899e-01	2594
-4.438071183045035e-02	-3.097139565457809e-01	2595
-2.522283030363267e-02	-3.365666012369334e-01	2596
-9.168906330514495e-02	-2.017706542400877e-01	2597
-1.025129336773528e-01	-1.488178285542997e-01	2598
-9.778865148560392e-02	-1.735557081753363e-01	2599
1.052402797290985e+00	1.590806089784497e-01	2600
1.047333352614482e+00	1.918888097886765e-01	2601
1.040650630087453e+00	2.247725542710497e-01	2602
1.033941625417944e+00	2.638655995841673e-01	2603
1.016699614920614e+00	2.958446004215903e-01	2604
9.979233221077580e-01	3.281104515156270e-01	2605
9.753511769088937e-01	3.593668600729960e-01	2606
9.489968614910512e-01	3.892784224354802e-01	2607
9.188605648684141e-01	4.179167958322369e-01	2608
8.846656105464961e-01	4.453784952411639e-01	2609
8.465736964377496e-01	4.711763050951527e-01	2610
8.054689939405124e-01	4.944614107247379e-01	2611
7.625387092050829e-01	5.145346466363968e-01	2612
7.165090543298208e-01	5.293904877979685e-01	2613
6.704888849949663e-01	5.441185587484977e-01	2614
-9.866035153808306e-02	1.050339200948186e-01	2615
-2.028076149327759e-02	3.189622933479250e-01	2616
2.808091152435766e-03	3.472165075655412e-01	2617
-5.443886140611973e-02	2.634687267384150e-01	2618
-6.551533410191171e-02	2.411379235421685e-01	2619
6.113115805279032e-01	5.548774503328702e-01	2620
5.456256691970025e-01	5.593054150173183e-01	2621
4.770683973811625e-01	5.588841812727219e-01	2622
1.051315839900191e+00	9.140522433277469e-02	2623
1.049230570401217e+00	7.694607508004925e-02	2624
1.055830002582580e+00	-8.757084304521694e-02	2625
1.053114411990703e+00	1.086061146317944e-01	2626
5.930815790188299e-01	-5.713321261970223e-01	2627
6.451024891945724e-01	-5.639330654953889e-01	2628
1.326040805758774e-01	-4.777678300363780e-01	2629
1.774705004276019e-01	-5.023433690277607e-01	2630
2.212196520177316e-01	-5.213486503280124e-01	2631
2.626315433051255e-01	-5.360280511205185e-01	2632
3.293957506932869e-01	-5.539082554297723e-01	2633
1.010526877147127e+00	8.471344240940539e-03	2634
-9.739141729979132e-02	-4.159162900547657e-02	2635
1.025881108714485e+00	3.490642105420625e-02	2636
1.018016144686779e+00	2.268255993582270e-02	2637
4.661629720437121e-03	-4.427998287943806e-01	2638
-8.100131075694088e-02	-2.228524729888057e-02	2639
7.948651453720748e-01	-5.896967445310255e-01	2640
-2.304000559435178e-02	-4.097702499140581e-01	2641
-6.868301389544701e-02	9.042258274537036e-03	2642
1.013704210627203e+00	-4.042743067800192e-01	2643
9.227152249594637e-01	-5.072537401665744e-01	2644
7.436095769129375e-01	-6.113499051468895e-01	2645
3.843059779068204e-02	-4.756723102795748e-01	2646
-1.250640359252778e-01	-1.385779658969127e-01	2647
1.015156366158721e+00	1.618638822963986e-02	2648
5.073157842018214e-01	-6.474198994967343e-01	2649
-1.160289013661001e-01	8.222629133747633e-02	2650
1.023474355376393e+00	-2.654009656511376e-02	2651
1.007650190359946e+00	-5.372141370188423e-03	2652
1.007383430601196e+00	5.651635461222559e-03	2653
1.006833379136457e+00	-4.349510843750785e-03	2654
-7.651462107364716e-02	-6.470200622541260e-03	2655
2.741242882590237e-03	4.167502244631706e-01	2656
6.770702327110403e-02	4.790437639453055e-01	2657
1.027789295414604e+00	-3.393521280479942e-02	2658
1.015338640944593e+00	-1.491562767970317e-02	2659
1.003519420886683e+00	2.040447536390018e-03	2660
1.013018954952744e+00	-1.147638064361006e-02	2661
-1.154082044479126e-01	-2.239098303040832e-01	2662
-1.244089353400691e-01	-1.164624531035088e-01	2663
-1.175430073965665e-01	9.756583118305312e-02	2664
-1.187817398474438e-01	1.388568844257322e-01	2665
1.003771648043874e+00	-6.790648556624216e-04	2666
1.039527411193900e+00	5.234834968713730e-02	2667
6.881812036076644e-01	-6.288865287461020e-01	2668
1.051399364919614e+00	-3.326114663715266e-01	2669
9.878677820509231e-01	-4.400781868588471e-01	2670
-1.181018252978481e-01	1.152714938401975e-01	2671
1.107389741682022e-01	5.123608715744088e-01	2672
-9.808340849765174e-02	2.425388623565388e-01	2673
1.034664796765580e+00	4.910259896541379e-02	2674
1.051321731068206e+00	-6.426063030076351e-02	2675
5.721974961006705e-01	-6.439274238737623e-01	2676
-1.162952018358908e-01	-5.720498459996676e-02	2677
1.012399120910981e+00	1.196388952171898e-02	2678
4.404849810141177e-01	6.281734317466037e-01	2679
-1.232924749371058e-01	-9.827890791488703e-02	2680
1.615077638501482e-01	5.437911534765342e-01	2681
1.072130563468916e+00	-2.581136316765860e-01	2682
1.017069457617646e+00	-1.730422602221477e-02	2683
1.009092030174172e+00	7.536162133540504e-03	2684
1.008261077928317e+00	6.781728210454092e-03	2685
1.008588798251221e+00	-6.466500520288070e-03	2686
1.009462038855925e+00	-7.184216274418361e-03	2687
3.200405135728069e-02	4.477811552653078e-01	2688
1.062012883600077e+00	-2.964446938455119e-01	2689
-4.131325625118418e-02	3.599275803516143e-01	2690
-1.983066933966883e-02	3.885889519474849e-01	2691
1.065345511079340e+00	9.872805066456695e-02	2692
1.073870825010617e+00	-1.092984953424529e-01	2693
8.844430996027872e-01	-5.371282174025478e-01	2694
1.021980922477973e+00	2.739297903233175e-02	2695
-1.124943269258103e-01	5.786184398437577e-02	2696
8.417726604766188e-01	-5.647974646599946e-01	2697
-6.185399045670050e-02	3.265963024521748e-01	2698
1.003740492413980e+00	8.143391555527851e-04	2699
1.010950225723525e+00	-8.054737153944357e-03	2700
1.004860712380772e+00	3.359114480261739e-03	2701
1.006621813492668e+00	4.598403993441413e-03	2702
1.005006496594517e+00	-3.183820043386976e-03	2703
1.042268168425323e+00	-5.079932975288868e-02	2704
1.037314949737654e+00	-4.782240371834475e-02	2705
3.662728874268687e-01	6.150682432228486e-01	2706
1.068606532823078e+00	1.199749194835266e-01	2707
1.048073469897002e+00	6.631399086426951e-02	2708
-9.441682661669307e-02	4.189494850932424e-02	2709
2.940796656014315e-01	5.961746418121958e-01	2710
-1.059248653465755e-01	2.183208619863158e-01	2711
-1.110908758124528e-01	1.917839665514615e-01	2712
-1.151411049044624e-01	1.672106703217384e-01	2713
1.003601630821124e+00	-1.916580508477778e-03	2714
1.033832823197361e+00	3.766584656035591e-02	2715
1.035882315029090e+00	-3.631809716625595e-02	2716
1.034703604278852e+00	-3.683430280463148e-01	2717
-1.210443764340453e-01	-8.196510418033122e-02	2718
-1.189084664938598e-01	-6.962419639736529e-02	2719
-1.144790804606564e-01	7.014144294816653e-02	2720
2.207464833241437e-01	5.720143762409752e-01	2721
9.574173140221348e-01	-4.747242789634765e-01	2722
-7.929807472060084e-02	2.615210369981565e-02	2723
1.077514484764007e+00	-2.198855812082178e-01	2724
1.076963155207131e+00	-1.324352915989441e-01	2725
1.079175497576113e+00	-1.828535171773572e-01	2726
1.078375897604297e+00	-1.576259297396279e-01	2727
-1.072153034530970e-01	-2.521371275518502e-01	2728
-9.807913456488859e-02	-2.816099977814538e-01	2729
-4.767234069228525e-02	-3.773200018343046e-01	2730
-8.459250459288652e-02	-3.124584568175706e-01	2731
-6.758107295858640e-02	-3.460272298373543e-01	2732
-1.232140526112257e-01	-1.653324626675039e-01	2733
-1.200734687864170e-01	-1.927737527996909e-01	2734
1.070889490442559e+00	1.463657752246019e-01	2735
1.070498366480646e+00	1.788746277093968e-01	2736
1.067812021890024e+00	2.134011568956785e-01	2737
1.064682396982415e+00	2.493144239588249e-01	2738
1.053711866320447e+00	2.953728246261658e-01	2739
1.042032212072021e+00	3.324689100304599e-01	2740
1.022522097405820e+00	3.699496767825964e-01	2741
9.989277662010023e-01	4.069954519164086e-01	2742
9.707188928049881e-01	4.425863290177005e-01	2743
9.377667393380940e-01	4.767124251444502e-01	2744
9.000050400690205e-01	5.091984344253188e-01	2745
8.579584485513745e-01	5.391986345141426e-01	2746
8.127531888781737e-01	5.657561143425530e-01	2747
7.382375801507651e-01	5.960862765025455e-01	2748
-7.819950835503672e-02	2.942938555276514e-01	2749
-8.982933691913939e-02	2.671214000607764e-01	2750
6.545184441250506e-01	6.211531492503201e-01	2751
5.841756930984586e-01	6.300458652457688e-01	2752
5.118695840246617e-01	6.320411652376333e-01	2753
1.069698578848268e+00	-9.230951626244976e-02	2754
1.061643773721644e+00	8.260513663055832e-02	2755
1.065536522336876e+00	-7.878147906609867e-02	2756
4.289551682942551e-01	-6.432130611294649e-01	2757
6.296799000269234e-01	-6.409560419392872e-01	2758
7.940151124419229e-02	-5.091325195626450e-01	2759
1.258441826639218e-01	-5.425686192546916e-01	2760
1.738338180269416e-01	-5.698751656170731e-01	2761
2.204593279965948e-01	-5.886867172540686e-01	2762
2.783237995321615e-01	-6.103476411333922e-01	2763
3.499747950118114e-01	-6.300771637362860e-01	2764
-1.255511112199607e-01	-3.115842133166905e-01	2765
9.454950510263921e-01	-5.755807233142456e-01	2766
-7.711446007790868e-02	1.310378664760078e-02	2767
8.537986158689803e-01	-6.436674375879053e-01	2768
5.442754489880949e-01	-7.276034180612119e-01	2769
1.012914045026321e+00	-9.130769392602454e-03	2770
1.015238100005003e+00	-1.304658439185630e-02	2771
1.050467339320244e+00	-5.483129856754595e-02	2772
1.006182292941674e+00	-3.311622914691860e-03	2773
1.040086793259087e+00	-4.154314645880076e-02	2774
3.907044419230290e-01	6.997342784384608e-01	2775
7.998657377836178e-01	-6.725273750379723e-01	2776
-1.444446255136492e-01	-1.059794767513966e-01	2777
-1.482123285913055e-01	-1.533824638077953e-01	2778
1.011041007766204e+00	-6.187713153490234e-03	2779
9.835950453035400e-01	-5.371495947489625e-01	2780
-6.835942759339475e-02	4.028030634846244e-01	2781
-4.724911914783696e-02	4.341017472719780e-01	2782
1.066148707507306e+00	-4.106417441408786e-01	2783
9.023482135271453e-01	-6.111190601473593e-01	2784
1.037756173651109e+00	4.303825371397255e-02	2785
1.047651846086660e+00	5.680049638148696e-02	2786
-8.159385172158291e-02	5.764131309093323e-03	2787
1.024303494451095e-01	5.839864566335705e-01	2788
1.619143645328956e-01	6.212912132999366e-01	2789
-1.470926175781604e-01	-1.266463741138626e-01	2790
1.020833812302144e+00	-2.263086054373808e-02	2791
4.637741179276284e-01	-7.266088467533331e-01	2792
1.102943567086171e+00	-2.023169167148298e-01	2793
1.102845796397284e+00	-2.427991522692048e-01	2794
1.091656300858723e+00	-3.245758496190483e-01	2795
-1.330313049127868e-01	7.375078125302877e-02	2796
1.059425688257072e+00	7.025529482370757e-02	2797
5.228811689759174e-02	5.444998290488512e-01	2798
-4.864979148497924e-02	-4.587943972245523e-01	2799
2.073376667392757e-02	-5.384319666069932e-01	2800
1.018101494926351e+00	1.864881065945068e-02	2801
-1.130056313296038e-01	-4.463618736931080e-02	2802
1.022941882689386e+00	2.259183863223838e-02	2803
-7.399325743395400e-02	-4.223382262609106e-01	2804
7.403694322477612e-01	-6.968917141600678e-01	2805
1.044006829189157e+00	-4.531362134228387e-01	2806
-1.750417081049455e-02	-4.987026547383272e-01	2807
1.019262567556296e+00	-2.017892703730850e-02	2808
-1.376881579629301e-01	-7.266666000537957e-02	2809
1.008204556784361e+00	-4.092864652416553e-03	2810
1.008904134162044e+00	5.379042817175028e-03	2811
1.004273999195075e+00	7.849517622849158e-05	2812
-1.098865603177808e-01	4.541880829636410e-02	2813
-2.107109871713342e-02	4.690869769492800e-01	2814
1.027447383664398e+00	-3.013005604857437e-02	2815
1.018492523197754e+00	-1.445097103155878e-02	2816
1.004063876538602e+00	1.504422795223288e-03	2817
1.014519016587395e+00	1.363094258731604e-02	2818
1.004415956334491e+00	2.434864650273257e-03	2819
1.079502912640165e+00	-3.673377274917672e-01	2820
1.016728606082377e+00	-4.958958835053071e-01	2821
-1.410122886199311e-01	1.262958769604550e-01	2822
6.756602100588031e-01	-7.153704230505222e-01	2823
-1.385554296020040e-01	1.055836110615412e-01	2824
1.012422986921785e+00	9.634472261239705e-03	2825
-1.414133364882877e-01	-8.736022323205901e-02	2826
-1.362058362307384e-01	8.781353999568925e-02	2827
1.098376714200151e+00	-2.853943709458298e-01	2828
1.010714552674642e+00	6.621724107533093e-03	2829
1.009161856185717e+00	-5.025513730826844e-03	2830
1.219631134661855e-02	5.071747610168382e-01	2831
-8.920951100461634e-02	-1.151531923588916e-02	2832
-9.417626288564371e-02	-2.743876016886145e-02	2833
1.062447877241379e+00	-6.709952112868516e-02	2834
1.025743180119707e+00	3.112799420523069e-02	2835
-8.806909510877375e-02	3.659664156829645e-01	2836
1.007998206178153e+00	4.406719155319718e-03	2837
1.006024014799706e+00	3.537767732527237e-03	2838
1.004124599558937e+00	-1.356774147277012e-03	2839
1.081778637387126e+00	1.071998810106931e-01	2840
3.118930890264262e-01	6.798402884314361e-01	2841
-1.319666352296776e-01	2.400485700607105e-01	2842
-1.373429394182104e-01	2.106436026370565e-01	2843
-1.397299909964578e-01	1.837688509329194e-01	2844
-1.413231144595057e-01	1.559304690050222e-01	2845
1.004518211582355e+00	-2.275048129481200e-03	2846
-1.346453111525904e-01	-5.978366233855388e-02	2847
-1.307639814020695e-01	6.103473018565463e-02	2848
2.353701105615116e-01	6.542698812675486e-01	2849
-9.235095311293857e-02	2.984980392021895e-02	2850
1.091595300167709e+00	-1.186504269240327e-01	2851
1.100076451176550e+00	-1.694690675967523e-01	2852
-1.417513066989347e-01	-2.465386256319492e-01	2853
-1.359064504579674e-01	-2.767857673218669e-01	2854
-9.482993314236658e-02	-3.848656850931863e-01	2855
-1.129253902145218e-01	-3.474261351550329e-01	2856
-1.480408312887091e-01	-1.817722991897276e-01	2857
-1.466967872574587e-01	-2.122983307083013e-01	2858
1.087204491283630e+00	1.318171963622848e-01	2859
1.096531669531427e+00	-1.439126504566788e-01	2860
1.091146615301890e+00	1.630554608137749e-01	2861
1.093028396565538e+00	1.982111911154563e-01	2862
1.093482482590256e+00	2.339845676866710e-01	2863
1.090124674467829e+00	2.799831305073166e-01	2864
1.082080586347621e+00	3.249368076648770e-01	2865
1.068055660620249e+00	3.700557660694296e-01	2866
1.052003118366264e+00	4.150115558456727e-01	2867
1.027182223154954e+00	4.585988380712446e-01	2868
9.970025085362793e-01	5.011374732252234e-01	2869
9.608858238201513e-01	5.419130772415006e-01	2870
9.190231394201416e-01	5.803467946130260e-01	2871
8.723270745680002e-01	6.152695520276299e-01	2872
8.047032976310978e-01	6.518763463017827e-01	2873
-1.057291309262530e-01	3.286597457870831e-01	2874
-1.174525883658689e-01	2.950811445506974e-01	2875
-1.263646553446718e-01	2.657520055289810e-01	2876
7.198356312382370e-01	6.851605513292225e-01	2877
6.302622504122022e-01	7.064979666038049e-01	2878
5.511159709391821e-01	7.124074566438549e-01	2879
4.727480997389064e-01	7.109003054897978e-01	2880
1.085669328780851e+00	-9.734698328336361e-02	2881
1.079733519652908e+00	-8.178486774332377e-02	2882
1.076201431029507e+00	8.783746178385815e-02	2883
6.051672240103814e-01	-7.246915709875907e-01	2884
6.541192702551785e-02	-5.767782117199486e-01	2885
1.161169925036527e-01	-6.147691061957438e-01	2886
1.703240226783899e-01	-6.451713439902323e-01	2887
3.763161503732622e-01	-7.150735965290229e-01	2888
2.232536544472145e-01	-6.685965036944195e-01	2889
2.936181512194698e-01	-6.940197819434019e-01	2890
-7.871329349491338e-02	-5.137662376510591e-01	2891
-1.009221235428523e-01	4.477929892487236e-01	2892
3.312108595190137e-01	7.736535991478948e-01	2893
1.049802896537823e+00	-4.567624922992129e-02	2894
-1.681388919159270e-01	-3.049248537059581e-01	2895
1.005613033279197e+00	-2.319763394231253e-03	2896
1.047433957386611e+00	4.767564311137239e-02	2897
4.207076714260933e-01	7.936494793666173e-01	2898
1.127645302318048e+00	-4.055126952764759e-01	2899
9.369823260204448e-02	6.655258226421835e-01	2900
5.028649038778464e-01	-8.182485053573083e-01	2901
-1.460678236689438e-01	-3.860708713735778e-01	2902
-1.305872776454539e-01	-4.671946631516686e-02	2903
1.014742516886149e+00	1.090187410248193e-02	2904
1.079782473943114e+00	-5.057822842683861e-01	2905
1.010904454986683e+00	-4.303411181375954e-03	2906
1.009628953588187e+00	-3.588943818973636e-03	2907
1.004975376984584e+00	1.691535360396858e-03	2908
1.025436062975976e+00	-2.235934228017060e-02	2909
1.028444011170721e+00	-2.499947506593727e-02	2910
7.329950862523350e-01	-7.931879706192273e-01	2911
5.788997943774313e-01	-8.141145233502251e-01	2912
1.050590170966307e+00	-5.567487485981195e-01	2913
-1.754257463385462e-01	-1.674729706535005e-01	2914
1.007376971215456e+00	-3.164692670576130e-03	2915
-1.206876291003801e-01	4.073872077690057e-01	2916
1.004603627135436e+00	-6.917354076528444e-04	2917
1.026805879795606e+00	2.596239115458077e-02	2918
1.124531942019732e+00	-3.568325201288839e-01	2919
-1.687827368929543e-01	-1.131942032549407e-01	2920
-1.375181634776496e-01	3.666930510172806e-01	2921
-1.733696707382658e-01	-1.387125998027426e-01	2922
1.032742482966803e+00	-3.158610869015831e-02	2923
-8.985604945334266e-02	1.615294848639534e-02	2924
-1.588561369554875e-01	-3.430202710376174e-01	2925
-1.277211143489409e-01	-4.271850477911584e-01	2926
1.130758376818880e+00	-2.224685759726840e-01	2927
1.072486347070987e+00	7.412304084502701e-02	2928
1.060159916086389e+00	-5.872935868655767e-02	2929
8.669436082553595e-01	-7.326832676573801e-01	2930
1.641765119233931e-01	-7.299228067313914e-01	2931
4.081965642754030e-01	-8.095444539665231e-01	2932
9.723072964168946e-01	-6.517850738422228e-01	2933
6.524552038265558e-01	-8.111056843755062e-01	2934
1.012809066964384e+00	-7.083254208367031e-03	2935
1.015308708056941e+00	-1.028885173080643e-02	2936
1.057225918665975e+00	6.115298397441717e-02	2937
1.007219783141386e+00	3.445557355334955e-03	2938
8.036293665935050e-01	-7.661347098935440e-01	2939
1.017976156735484e+00	1.472566023201025e-02	2940
1.009441375275172e+00	3.972057981883664e-03	2941
1.014770954017181e+00	-6.058709655298196e-01	2942
-1.144266370475602e-02	5.735458979058223e-01	2943
1.099085634700035e+00	-4.546086820373918e-01	2944
9.231157003470007e-01	-6.942398445625138e-01	2945
1.040961797714093e+00	3.662127664440947e-02	2946
1.042935146970344e+00	-3.491359716441773e-02	2947
-7.867604500529216e-02	4.853500513789139e-01	2948
1.132660787537701e+00	-2.672931548064059e-01	2949
3.517058719025817e-02	6.189504787665328e-01	2950
-1.058876207494963e-01	-4.710341902688605e-01	2951
-4.345236073013142e-02	-5.612977127641515e-01	2952
1.020614702466270e+00	-1.703709791617287e-02	2953
-1.071621867177151e-01	3.326625012395938e-02	2954
-4.874551990982000e-02	5.274523386899012e-01	2955
1.004570012073301e+00	8.611734260296434e-04	2956
-1.629981724870240e-01	1.130378594407138e-01	2957
-1.588529347295050e-01	9.364675393090074e-02	2958
1.010675912312751e+00	4.742688264742957e-03	2959
-1.641668158017114e-01	-9.310556746581342e-02	2960
-1.569633767926360e-01	-6.835855372588297e-02	2961
-1.273825698504005e-01	4.804236145279109e-02	2962
1.130882538283266e+00	-3.109539566853617e-01	2963
1.012427678867492e+00	7.596917843844254e-03	2964
-1.044716148164820e-01	-1.555082718713815e-02	2965
-1.085263233194842e-01	-3.012166111828354e-02	2966
1.030946123206031e+00	3.282879716416954e-02	2967
1.005503593394181e+00	2.526247146041871e-03	2968
1.005045899421319e+00	-1.505969640278935e-03	2969
-1.675431103018397e-01	2.312907130592352e-01	2970
-1.673090240404337e-01	1.406353745000746e-01	2971
-1.687401818507842e-01	1.998358738906490e-01	2972
-1.682798960808591e-01	1.712851423250873e-01	2973
-1.526015635232162e-01	6.999280233099757e-02	2974
2.482613916837618e-01	7.460555106790977e-01	2975
1.670746731821466e-01	7.103478891076739e-01	2976
-9.597757848799822e-02	1.647514405471176e-03	2977
-1.737816885348418e-01	-2.680674814553111e-01	2978
-1.773213420857394e-01	-1.980181389072465e-01	2979
-1.764001299064722e-01	-2.337244027377560e-01	2980
1.101269637284646e+00	1.159584583132588e-01	2981
1.112363782647943e+00	-1.276376432245247e-01	2982
1.109048874822433e+00	1.451088127408253e-01	2983
1.119251743578606e+00	-1.537050787832703e-01	2984
1.115582160344536e+00	1.795852218759625e-01	2985
1.125687868647829e+00	-1.836422768312911e-01	2986
1.120237171325126e+00	2.159835727322197e-01	2987
1.123042197163713e+00	2.595424225436874e-01	2988
1.121316493363160e+00	3.090145094381636e-01	2989
1.113842970315637e+00	3.597858269057083e-01	2990
1.102799405876891e+00	4.080562450657731e-01	2991
1.083162066208108e+00	4.618148969189328e-01	2992
1.060862882687583e+00	5.146622387980344e-01	2993
1.028306268740726e+00	5.653990058842415e-01	2994
9.886252351216620e-01	6.142146704580356e-01	2995
9.420260204929857e-01	6.597343643927482e-01	2996
8.779250437230741e-01	7.059710927282812e-01	2997
-1.501505640274052e-01	3.254779999273333e-01	2998
-1.587173971162231e-01	2.916322398280082e-01	2999
-1.635801083323019e-01	2.604196881077547e-01	3000
7.944191060524878e-01	7.493726556273956e-01	3001
6.965677182030096e-01	7.834436643209085e-01	3002
5.982148422884267e-01	8.000454393964194e-01	3003
5.110441642251706e-01	8.021384006044526e-01	3004
1.104131998812568e+00	-1.036291043034213e-01	3005
1.074998587989242e+00	-6.927353117351420e-02	3006
1.095929044181344e+00	-8.447461223666153e-02	3007
1.093165107521098e+00	9.354725329903672e-02	3008
-1.308176168150051e-03	-6.086194099135881e-01	3009
4.777379690972548e-02	-6.524178702368273e-01	3010
1.057937643393440e-01	-6.960222929638490e-01	3011
3.134006685258117e-01	-7.882894351875825e-01	3012
2.298933341426583e-01	-7.594691255942126e-01	3013
1.056138991195837e+00	5.144847045964110e-02	3014
1.118167845906378e+00	-5.613496969347426e-01	3015
-1.912802010977045e-01	1.226129825701801e-01	3016
1.008708885199367e+00	-2.811787256679532e-03	3017
1.171084872663242e+00	-3.778517620054709e-01	3018
1.168127471701483e+00	-3.392991392088319e-01	3019
3.557219330957305e-01	8.787754687010885e-01	3020
8.038519188913557e-01	-8.721537897652385e-01	3021
1.005512104476934e+00	9.159043702053982e-04	3022
1.006063912331124e+00	-1.401573944250121e-03	3023
1.033121980911864e+00	2.686386957433221e-02	3024
1.640154972275712e-02	7.037657451848131e-01	3025
8.799326798687970e-01	-8.335891849934691e-01	3026
1.012689068100979e+00	-5.096668024114835e-03	3027
1.017785718104541e+00	-1.174173378802530e-02	3028
2.407394814859652e-01	-8.624402754466896e-01	3029
1.089974028026055e+00	-6.227959173306242e-01	3030
1.045585083027354e+00	4.289181058772559e-02	3031
1.071305552388202e+00	-6.018244673012729e-02	3032
8.759305354007890e-02	7.596514766088092e-01	3033
9.187480071455911e-02	-7.865366779251604e-01	3034
1.023018500140923e+00	-1.939338304325723e-02	3035
1.005144982969840e+00	9.673621354428702e-05	3036
1.027611017447663e+00	2.117499109232534e-02	3037
-2.071072600869007e-01	-1.805406859798048e-01	3038
-1.245681285739915e-01	-3.108595842960180e-02	3039
1.005548483340635e+00	-7.064803051627324e-04	3040
-2.104525148967769e-01	-2.921639227941442e-01	3041
-1.093297300647119e-01	-2.487499619903195e-03	3042
2.611025673253574e-01	8.489163198829448e-01	3043
-1.391920817441428e-01	4.961590739136043e-01	3044
-1.039612971083303e-01	1.681767689074289e-02	3045
1.039071201166197e+00	-3.077788898542864e-02	3046
1.088065732356141e+00	7.760672151885967e-02	3047
4.574141393102181e-01	8.975055710870079e-01	3048
-8.162960491913294e-02	5.928884201091567e-01	3049
-1.133598091495664e-01	-5.757094142099235e-01	3050
-1.998101336346889e-01	1.849700276352317e-01	3051
-2.052950800504544e-01	-3.337737779906083e-01	3052
7.148251282901603e-01	-9.013324477122842e-01	3053
1.598186480904080e-01	-8.267088104708508e-01	3054
-1.424059615739224e-01	-5.237625058451558e-01	3055
4.460972616815147e-01	-9.139399617280602e-01	3056
-1.977252294402782e-01	-3.775240957238195e-01	3057
1.017127755256622e+00	1.246626863784081e-02	3058
1.008563245493099e+00	3.155509375512179e-03	3059
1.021946764839833e+00	-1.377762192158026e-02	3060
9.462744865649654e-01	-7.880151475507011e-01	3061
-2.115807132992738e-01	-2.533329313053145e-01	3062
1.006706902299107e+00	-2.260513668784763e-03	3063
-1.593079797207455e-01	4.515868144558549e-01	3064
1.021167162727157e+00	1.658203139080955e-02	3065
1.029740973785012e+00	-2.046752594720277e-02	3066
1.167840642912557e+00	-2.904117985842355e-01	3067
-1.877221845294689e-01	3.597095512567144e-01	3068
-1.747416551145051e-01	4.061014776746168e-01	3069
-1.502156581135294e-01	-4.774564469194755e-02	3070
-1.832471610874409e-01	-4.268910406374414e-01	3071
1.058607105566749e+00	-4.905794488132579e-02	3072
3.391732717902672e-01	-8.940486257819618e-01	3073
1.003255165730905e+00	-7.370549404441865e-01	3074
5.830095857006187e-01	-9.160987640101454e-01	3075
1.014897346041055e+00	-8.007803305716628e-03	3076
1.068512724919142e+00	6.327616746627410e-02	3077
1.010990583112215e+00	-2.652508022008082e-03	3078
1.051110397781638e+00	-6.817650546021462e-01	3079
-3.833685166733404e-02	6.486258673180808e-01	3080
1.157503206528798e+00	-4.558076617448625e-01	3081
1.141595629939097e+00	-4.995572457620526e-01	3082
1.034738015230072e+00	-2.558033096975142e-02	3083
-1.147912795586377e-01	5.431727695843975e-01	3084
-1.665947385782338e-01	-4.734002475890599e-01	3085
-1.819379743084555e-01	-7.433844672259594e-02	3086
-1.470751217485061e-01	4.965245620452643e-02	3087
1.010844475362524e+00	3.103821764058645e-03	3088
1.012412724969764e+00	5.616262401747064e-03	3089
-1.847738902591122e-01	9.809884201813332e-02	3090
-1.900451266614464e-01	-9.757809336633254e-02	3091
-1.964496427927244e-01	1.548471739953646e-01	3092
-1.238816556171557e-01	3.565662628781461e-02	3093
1.014457428121342e+00	8.617558763438799e-03	3094
-1.208407811620242e-01	-1.894397837633504e-02	3095
1.037322464046617e+00	3.233432932666822e-02	3096
1.005994708576562e+00	1.631545459121393e-03	3097
1.006595515711815e+00	2.515539905667189e-03	3098
-1.968145288913674e-01	-1.211047023543800e-01	3099
-2.025297222225560e-01	-1.508698611447911e-01	3100
-2.021725905698780e-01	2.168300219090224e-01	3101
-1.775157060709584e-01	7.585534455929317e-02	3102
1.723917317386083e-01	8.106184825480353e-01	3103
-2.114435416414169e-01	-2.164163813716200e-01	3104
1.124123997932232e+00	1.256479116853621e-01	3105
1.136058262698973e+00	-1.352399846126392e-01	3106
1.134988554137794e+00	1.582567901005588e-01	3107
1.145947238702471e+00	-1.635041281673679e-01	3108
1.144310484896534e+00	1.946279201606259e-01	3109
1.155430660790205e+00	-1.993460936270298e-01	3110
1.152448772928042e+00	2.360442024971731e-01	3111
1.163540660469268e+00	-2.433512253196613e-01	3112
1.157596698289159e+00	2.857839195846633e-01	3113
1.157856380384857e+00	3.405847108473307e-01	3114
1.152904300087459e+00	3.943634473240671e-01	3115
1.140731368948826e+00	4.526058180601723e-01	3116
1.124042962236515e+00	5.104298753583595e-01	3117
1.096705364348393e+00	5.736374204499819e-01	3118
1.064989619614547e+00	6.358746014286647e-01	3119
1.021400858275656e+00	6.944215547126520e-01	3120
9.610829153268138e-01	7.535396876212209e-01	3121
-1.952390403740300e-01	3.189392097406702e-01	3122
-2.000311143711939e-01	2.821424720176682e-01	3123
-2.017906377854833e-01	2.507312680918709e-01	3124
8.795558400403298e-01	8.105245367883747e-01	3125
7.783655105514342e-01	8.592851201693952e-01	3126
6.649354927721758e-01	8.913855458471462e-01	3127
5.578328170020392e-01	9.020911875400545e-01	3128
1.125629782339966e+00	-1.095984575066211e-01	3129
1.089590598151176e+00	-7.040548930154276e-02	3130
1.114629229027816e+00	-8.774062519953033e-02	3131
1.113097038933225e+00	9.915307929937649e-02	3132
-7.425027978028290e-02	-6.305096008276871e-01	3133
-2.759780107583336e-02	-6.868103070189125e-01	3134
2.827324804471008e-02	-7.380318769296246e-01	3135
1.048910271986309e+00	3.565274781172838e-02	3136
9.707966085629928e-01	-8.944808703367850e-01	3137
1.006554169769319e+00	-4.992365447162634e-04	3138
1.017590086828161e+00	-8.814035155373393e-03	3139
-1.862046349625195e-01	-5.817953422225649e-01	3140
-6.835331774598219e-02	7.340564326526210e-01	3141
1.024165729113210e+00	1.823213096358946e-02	3142
1.188113528789750e+00	-5.522366032028954e-01	3143
1.133019685469544e+00	-6.931421775699345e-01	3144
1.035605608459042e+00	-1.971219837529494e-02	3145
-1.405606281606367e-01	-2.544578182962625e-02	3146
-1.197914626216120e-01	1.521019564659704e-02	3147
-1.190488543696273e-01	6.673532955772431e-01	3148
-1.951000703866625e-03	8.016748863114153e-01	3149
2.775600214633109e-01	9.647013794671486e-01	3150
1.066283672870149e+00	5.523013769575712e-02	3151
3.722458995390300e-01	-1.011990658556712e+00	3152
2.572770801337279e-01	-9.788126050408541e-01	3153
-2.521146712056963e-01	-2.735794548413676e-01	3154
1.014342423711011e+00	6.460089950767954e-03	3155
1.024316749529791e+00	-1.622462753295111e-02	3156
-2.379368107584210e-01	3.480188265202256e-01	3157
7.940453601648199e-01	-9.927026900111676e-01	3158
1.014665613259776e+00	-5.848720250581694e-03	3159
1.021537809665062e+00	2.041931897083269e-02	3160
-1.841396380777957e-01	5.497425290870072e-01	3161
1.045521997026380e+00	-2.859641047536764e-02	3162
-2.518648233827922e-01	-3.180550974435531e-01	3163
-2.437397494907412e-01	-1.939678557515518e-01	3164
1.017095406238593e+00	9.551731758593408e-03	3165
-1.737497490966571e-01	-5.071496982939626e-02	3166
-2.043180097415063e-01	4.989874168267915e-01	3167
1.106088604688309e+00	8.119281729619109e-02	3168
1.203511175181069e+00	-4.971577333174417e-01	3169
1.214820349030353e+00	-4.253334159049837e-01	3170
1.151015672680538e+00	1.350080927561377e-01	3171
-2.360604855249809e-01	1.982500164619204e-01	3172
3.876263071631413e-01	9.960872093708455e-01	3173
1.068859855882919e+00	-5.240143878370680e-02	3174
1.083830216247329e+00	-6.038144778228721e-02	3175
4.948606345667967e-03	-8.338304870400776e-01	3176
-2.491513597624756e-01	-3.634700432571714e-01	3177
1.166521522613275e+00	-6.203633728204403e-01	3178
5.033231711737960e-01	1.011767386841079e+00	3179
8.904990713848384e-01	-9.485316228318730e-01	3180
1.010042851254886e+00	-2.164984246248965e-03	3181
1.012570022238042e+00	-3.565209867040800e-03	3182
1.052458892589671e+00	-3.638983841966394e-02	3183
1.057078992832171e+00	-3.970907924268675e-02	3184
1.589137865856751e-01	-9.373521847826949e-01	3185
1.020655648879881e+00	1.282377333921074e-02	3186
1.006130550237442e+00	1.179917352267352e-04	3187
-1.426641428042554e-01	3.681781988256170e-02	3188
8.199158185941861e-02	8.666845633842933e-01	3189
-2.286151437688733e-01	-4.689122076682752e-01	3190
-2.195383128819208e-01	4.469139975443336e-01	3191
7.674737171430865e-02	-8.889105330731084e-01	3192
6.612042915289947e-01	-1.021321089651800e+00	3193
-2.107072130873417e-01	-5.250891028787676e-01	3194
1.009924269285256e+00	2.573441482212894e-03	3195
1.043893337712781e+00	3.048305084790528e-02	3196
1.007941624677986e+00	-2.047564074127449e-03	3197
1.007199621158875e+00	-1.222807529161246e-03	3198
1.027217631719179e+00	-1.843042882872929e-02	3199
1.214692758567386e+00	-3.548389400219555e-01	3200
1.208895483760511e+00	-3.144090185932838e-01	3201
-2.301327104685524e-01	3.967369800774470e-01	3202
-2.422698960811539e-01	-4.169403323717042e-01	3203
1.038064860635022e+00	-8.329817585259076e-01	3204
5.126260505166769e-01	-1.027464231530164e+00	3205
1.081458488058284e+00	6.473995140857769e-02	3206
1.092833059236422e+00	-7.659082670118897e-01	3207
-1.560510504184135e-01	6.070853613575525e-01	3208
-2.362450486742045e-01	-1.606079315103388e-01	3209
1.012372615770728e+00	4.086365204421154e-03	3210
-1.703206600640086e-01	5.291713351043813e-02	3211
-2.097760167600436e-01	-7.750889919203632e-02	3212
-2.145649664131979e-01	1.031656626453092e-01	3213
-2.302903982928884e-01	1.661924451037900e-01	3214
-1.290227262205403e-01	-8.246284454171708e-04	3215
1.039630352827556e+00	2.625085173060386e-02	3216
1.041152065590116e+00	-2.462237201999734e-02	3217
1.006525243041561e+00	7.533237844987372e-04	3218
1.007135256000866e+00	1.503822640019248e-03	3219
1.007835718537425e+00	2.359127150464904e-03	3220
-2.195736898467913e-01	-1.016302680048925e-01	3221
-2.283426139255371e-01	-1.302753628748628e-01	3222
-2.230901589171419e-01	1.338507460125739e-01	3223
-2.052938603049717e-01	7.890222637387051e-02	3224
1.773296554559957e-01	9.232410810583132e-01	3225
-2.491956831183375e-01	-2.344332780371747e-01	3226
1.163448215885890e+00	-1.414046653416395e-01	3227
1.165033122949148e+00	1.701580623525497e-01	3228
1.176870028792574e+00	-1.743488506092097e-01	3229
1.178251146103551e+00	2.097219510762948e-01	3230
1.190377892011188e+00	-2.154703255086949e-01	3231
1.189839220035776e+00	2.575874497552978e-01	3232
1.201410207417289e+00	-2.634303476024228e-01	3233
1.198240600909134e+00	3.132703567127507e-01	3234
1.200853999985679e+00	3.719140828451747e-01	3235
1.197242877118829e+00	4.342683305238256e-01	3236
1.187459545274960e+00	4.976486429754994e-01	3237
1.168422356715797e+00	5.673493430896668e-01	3238
1.143103159130298e+00	6.367019985042720e-01	3239
1.104237891032789e+00	7.107136458890764e-01	3240
1.054249207895408e+00	7.882760403419623e-01	3241
-2.398029864732443e-01	2.341560957996678e-01	3242
-2.408853455768336e-01	3.062129596317627e-01	3243
-2.417161558000388e-01	2.687399189181156e-01	3244
9.770599365576603e-01	8.629370155429724e-01	3245
8.753887874154617e-01	9.304315663629166e-01	3246
7.525162810636018e-01	9.822338583142867e-01	3247
6.233438384616249e-01	1.008844279841643e+00	3248
1.150012787048989e+00	-1.145363816125835e-01	3249
1.106723160243713e+00	-7.134651527052507e-02	3250
1.136302228219778e+00	-9.044830410050253e-02	3251
1.136393053366614e+00	1.051728618238872e-01	3252
-1.538989789756801e-01	-6.453889028529468e-01	3253
-1.112216664124264e-01	-7.079452568596258e-01	3254
-5.750468247690234e-02	-7.748290211693263e-01	3255
-2.929147134983413e-01	-2.505238652389591e-01	3256
-2.768101194706189e-01	2.120897640061761e-01	3257
5.917771053411065e-01	-1.149893320810344e+00	3258
1.076099963022653e+00	-9.417806303732210e-01	3259
-9.966656882400475e-02	8.321703575160947e-01	3260
-2.996268041139640e-01	-3.966788845595652e-01	3261
-2.350239448196382e-01	6.106399560874919e-01	3262
4.297589387958017e-01	1.126251229632379e+00	3263
1.055075496115101e+00	4.209995484115163e-02	3264
1.009205931791630e+00	-1.546516930076064e-03	3265
1.012600434846044e+00	-1.688905222078694e-03	3266
1.066532458599531e+00	-4.244957309704741e-02	3267
-2.146745011524944e-02	-9.418271212628158e-01	3268
2.813262989492786e-01	-1.109781621286289e+00	3269
4.285355245829878e-01	-1.142645719040076e+00	3270
1.025560390053609e+00	-1.264422712616691e-02	3271
-2.034840394376166e-01	6.782383533989290e-01	3272
-9.216284130882811e-02	-8.733664882826510e-01	3273
1.019776464275809e+00	1.097428709859568e-02	3274
1.020353815003739e+00	-1.011007527367312e-02	3275
1.844552456341647e-01	1.050094811814000e+00	3276
1.016956937079525e+00	-6.700666187031963e-03	3277
-1.636676136780904e-01	3.655466202074918e-02	3278
-1.992372644961571e-01	-5.299360249789550e-02	3279
-2.882281753391522e-01	3.306443071938643e-01	3280
1.028453536511652e+00	1.673266942776361e-02	3281
-2.409645123804187e-01	-7.872378888792281e-02	3282
1.064491001273469e+00	4.470200978661064e-02	3283
-2.748947562867082e-01	-1.691508236681313e-01	3284
-2.689808380116692e-01	1.756966421653334e-01	3285
3.008686038728467e-01	1.094958922148962e+00	3286
-2.615530127305523e-01	-5.802256242950802e-01	3287
1.181949378380962e+00	1.432695730176290e-01	3288
1.186835259543951e+00	-7.699066029717677e-01	3289
5.671485538629114e-01	1.135432690940533e+00	3290
-2.848477596126613e-01	-2.087064200729883e-01	3291
1.127344946524324e+00	8.450266248456267e-02	3292
1.631377514026670e-01	-1.063672118262546e+00	3293
-2.371213033683360e-01	-6.470661593257411e-01	3294
1.097775968622772e+00	-5.900752794862155e-02	3295
9.946599107029073e-01	-1.016319552441730e+00	3296
-2.065177968405234e-02	9.138021009727380e-01	3297
1.244170258240440e+00	-6.071567942499636e-01	3298
1.034815706895288e+00	2.113958683007935e-02	3299
-1.609569086823732e-01	7.525618609961077e-01	3300
1.077785017254882e+00	5.639513566413823e-02	3301
1.016579776152827e+00	7.419704826590774e-03	3302
1.024236717835845e+00	1.433493372898199e-02	3303
1.031081524191638e+00	-1.621232443651273e-02	3304
1.028024722097402e+00	-1.434168529897262e-02	3305
-2.864089172447982e-01	3.808848552612666e-01	3306
7.538330879680838e-01	-1.129657855900671e+00	3307
1.014466771578975e+00	-4.191452985940838e-03	3308
1.047394516071913e+00	-2.212552255527398e-02	3309
-2.981277208694718e-01	-2.957149474251785e-01	3310
-2.560915504322748e-01	5.492534302009027e-01	3311
1.257644525238154e+00	-5.417588697083808e-01	3312
1.266240500112394e+00	-4.699994114468738e-01	3313
1.080288293805382e+00	-5.309595089218420e-02	3314
-3.002416336476181e-01	-3.433451403269017e-01	3315
1.219574774744778e+00	-6.885447184902940e-01	3316
8.927074738122266e-01	-1.080656532795575e+00	3317
1.012499190286461e+00	2.217394099848215e-03	3318
6.265361085109993e-02	-1.005847168985130e+00	3319
-1.364902871618679e-01	1.737751196800855e-02	3320
7.570143409497884e-02	9.876156711621833e-01	3321
-2.922770428155238e-01	-4.574549780957213e-01	3322
-2.715939385974056e-01	4.906607850561044e-01	3323
-2.806875298452322e-01	-5.159719297745531e-01	3324
1.046041605825417e+00	2.409708608765180e-02	3325
1.051294983812543e+00	2.837434211730526e-02	3326
1.008419411293010e+00	-8.728204770364974e-04	3327
1.265905664849354e+00	-3.896492235591051e-01	3328
-2.807130323586007e-01	4.338319548852440e-01	3329
1.098187714418349e+00	6.543775289940867e-02	3330
1.136216755579168e+00	-8.568865020388751e-01	3331
-1.503002384591397e-01	-6.001119198438482e-03	3332
1.014230912373258e+00	4.800997244437629e-03	3333
-1.685458227405485e-01	-2.231804789552605e-02	3334
-1.955026804304621e-01	5.507197828982274e-02	3335
-2.593587921164968e-01	1.425909041410236e-01	3336
1.041846921278272e+00	-1.822426887162954e-02	3337
1.007532189432518e+00	2.274162813000521e-04	3338
1.008368448808469e+00	1.209799094106155e-03	3339
1.009120256395029e+00	1.918040984543730e-03	3340
-2.641646439654298e-01	-1.369120388224837e-01	3341
-2.532579461331217e-01	-1.067945039337569e-01	3342
-2.486740565414226e-01	1.100208909777828e-01	3343
-2.366430594843701e-01	8.064071816919970e-02	3344
1.200096267460387e+00	1.806893699884977e-01	3345
1.194951895858660e+00	-1.476336438595301e-01	3346
1.213047383614687e+00	-1.850594999947920e-01	3347
1.217610451439236e+00	2.258077676233932e-01	3348
1.256824379877241e+00	-3.279423191250372e-01	3349
1.230480419852978e+00	-2.312967887552137e-01	3350
1.233714689852639e+00	2.797402964585085e-01	3351
1.245518476697473e+00	-2.827751222725374e-01	3352
1.245159857420504e+00	3.408330441537549e-01	3353
1.250906924757854e+00	4.063611591973910e-01	3354
1.249900707497929e+00	4.750918852819044e-01	3355
1.240187044229356e+00	5.497380425038536e-01	3356
1.222877145714837e+00	6.267580832215320e-01	3357
1.192956795750019e+00	7.102806395440846e-01	3358
1.151795108877948e+00	7.964764113807266e-01	3359
-2.830743240744871e-01	2.490963969143177e-01	3360
-2.875841246470842e-01	2.885172568038888e-01	3361
1.086331560600427e+00	8.986632550589534e-01	3362
9.885421727057114e-01	9.901987925297128e-01	3363
8.611899266502796e-01	1.067286170131624e+00	3364
7.138292583175827e-01	1.117981993136551e+00	3365
1.177767364025937e+00	-1.173342241038026e-01	3366
1.126292244004226e+00	-7.230087704882564e-02	3367
1.160894371356071e+00	-9.230101893485090e-02	3368
1.163619549936301e+00	1.105389168401959e-01	3369
-2.004208425946706e-01	-7.223623430779609e-01	3370
-1.532277647320415e-01	-7.959793956610578e-01	3371
5.035863512338703e-01	-1.284974603162550e+00	3372
-1.339134163468962e-01	9.454202245504698e-01	3373
-3.558933056606113e-01	-3.702284577624780e-01	3374
1.058484786276471e+00	3.436510494709465e-02	3375
1.052781327249049e+00	-2.723664880025028e-02	3376
-4.931108353462624e-02	-1.064841315277979e+00	3377
5.171060343741248e-02	-1.140050291734104e+00	3378
1.190633326772994e+00	-9.586349343813236e-01	3379
1.012735057581477e+00	-1.157655889536794e+00	3380
-2.069246966337299e-01	8.521085847942207e-01	3381
1.010391469452322e+00	1.182039928777368e-03	3382
-1.564763965260708e-01	1.881543911574557e-02	3383
1.240596441711850e+00	1.912115266704544e-01	3384
3.344647547790349e-01	1.241410400113548e+00	3385
-2.009182935463137e-01	-8.956595088093287e-01	3386
7.029790133971837e-02	1.124631279108735e+00	3387
1.075249041853471e+00	4.828505952043118e-02	3388
1.115428861411181e+00	-5.662267212322900e-02	3389
6.898048426312432e-01	-1.278764942059924e+00	3390
1.028184549732573e+00	1.233412144533572e-02	3391
-2.580488515192425e-01	7.594005390466498e-01	3392
1.014233680477332e+00	-2.397808443124232e-03	3393
1.036831653678385e+00	-1.426400669380374e-02	3394
1.283687166673285e+00	-7.612170097377848e-01	3395
-3.561013214551231e-01	-4.339073673661191e-01	3396
1.115779792769492e+00	-1.066518351905275e+00	3397
1.016640193687273e+00	-4.776299251759012e-03	3398
-3.162521776949721e-01	6.045657103744274e-01	3399
1.010440758149896e+00	-7.501841696020029e-04	3400
-3.232137549422339e-01	2.232386271584256e-01	3401
1.090608478694600e+00	5.576845473963035e-02	3402
-1.884206055393133e-01	-2.571383685524357e-02	3403
1.016366782148956e+00	5.489276075231602e-03	3404
-2.274869243709124e-01	-5.244532078770119e-02	3405
1.231513680751968e+00	-1.528603725830086e-01	3406
4.900168799736352e-01	1.269075286144728e+00	3407
6.576810560038205e-01	1.265216167346882e+00	3408
1.117403290036067e+00	6.686393431740577e-02	3409
-1.316381442444736e-01	-9.841192337328623e-01	3410
-3.423375749613353e-01	4.138220771474229e-01	3411
-3.317251652037093e-01	-2.210214284507856e-01	3412
-2.917821201371601e-01	6.786921844634082e-01	3413
1.064103129053711e+00	-3.292179581428516e-02	3414
1.012549573695628e+00	2.647549857581226e-04	3415
1.747646844406930e-01	-1.207115924129926e+00	3416
3.251301701354800e-01	-1.257488283343343e+00	3417
1.024288467988343e+00	-8.612461823151332e-03	3418
1.019865522435426e+00	-7.066414364401260e-03	3419
1.969461156931812e-01	1.193455859303000e+00	3420
-3.422106371848080e-01	3.578496315801425e-01	3421
-2.239899083631313e-01	5.446253168866363e-02	3422
1.243173696706132e+00	-8.605232938477066e-01	3423
-3.185559606727568e-01	-1.788930452227449e-01	3424
-3.128060274308422e-01	1.852216200740209e-01	3425
1.151848652731402e+00	8.742406577490640e-02	3426
-3.220039452274790e-01	-6.396638815845190e-01	3427
-4.084319573923759e-02	1.041264468593880e+00	3428
1.307305882824632e+00	-6.702996346799784e-01	3429
1.019458774538776e+00	7.928182066368937e-03	3430
1.031634406442631e+00	-1.185732422043856e-02	3431
1.028856731483171e+00	-1.048417754256164e-02	3432
1.041085839911558e+00	1.994711194325945e-02	3433
1.047969931540478e+00	-1.537970437077782e-02	3434
1.321577372167564e+00	-5.887408380681909e-01	3435
1.326999022820463e+00	-5.134235281450298e-01	3436
1.077392963493758e+00	-4.518960010233847e-02	3437
-3.427936412459558e-01	-2.673139221703336e-01	3438
-3.387212232007898e-01	3.088149693687982e-01	3439
8.687195726874704e-01	-1.234248897972400e+00	3440
1.014092287326384e+00	3.002654376140627e-03	3441
-3.412439184132654e-01	-5.684947967278462e-01	3442
-3.304236246714902e-01	5.378237028671355e-01	3443
-3.512697191003468e-01	-4.991011892827707e-01	3444
1.052863720356109e+00	2.113859400767969e-02	3445
1.323970860759440e+00	-4.292787913016705e-01	3446
-3.394362456585250e-01	4.726428248524682e-01	3447
-1.722530048341600e-01	6.140807272766210e-04	3448
-1.876875921408391e-01	3.610632463172402e-02	3449
-3.003545380393940e-01	1.485107757336428e-01	3450
-2.763884381662753e-01	-7.975929448009647e-02	3451
1.009435743059956e+00	2.457902336442361e-04	3452
-3.046655217105150e-01	-1.410784876915711e-01	3453
-2.870128299505128e-01	1.152909584234844e-01	3454
-2.909345412173204e-01	-1.099905870586628e-01	3455
-2.724872138152015e-01	8.291023996078109e-02	3456
1.217594799393201e+00	1.493570214480663e-01	3457
1.254549819401433e+00	-1.956119858261584e-01	3458
1.263639834223442e+00	2.417459462766983e-01	3459
1.295473492750232e+00	-2.940414039108080e-01	3460
1.276870072181282e+00	-2.454505150750997e-01	3461
1.284069513943584e+00	3.022255572527605e-01	3462
1.311998572142547e+00	-3.510313321375716e-01	3463
1.299932708053411e+00	3.693378150267114e-01	3464
1.309287102261221e+00	4.418625235568831e-01	3465
1.310128954226463e+00	5.211414476824987e-01	3466
1.302821617348237e+00	6.045195386337874e-01	3467
1.283577180141003e+00	6.958515040673380e-01	3468
1.252511551706925e+00	7.918757199615827e-01	3469
-3.324204534860551e-01	2.634460712783888e-01	3470
-3.505049453609045e-01	-3.168893705172730e-01	3471
1.201914989856804e+00	9.009170332278330e-01	3472
1.117856811033093e+00	1.030317299537811e+00	3473
9.913832117467416e-01	1.138199140017247e+00	3474
8.324406712967104e-01	1.221722960308839e+00	3475
1.209383352776480e+00	-1.192844522566870e-01	3476
1.148557685304571e+00	-7.219706143047250e-02	3477
1.188591842791251e+00	-9.171160828586282e-02	3478
1.194853751741852e+00	1.147829919641938e-01	3479
-2.949036489250137e-01	-7.212065195378727e-01	3480
-2.535825169687833e-01	-8.077443017457401e-01	3481
3.907009923546571e-01	-1.421338683804947e+00	3482
1.047181480761350e+00	1.725387055761765e-02	3483
-4.183574323704096e-01	-4.014360603687157e-01	3484
1.009650093499668e+00	-1.325414247804281e+00	3485
-4.071785691153760e-01	4.466874992113902e-01	3486
1.014234469637794e+00	-5.302625031561304e-04	3487
1.135616720474640e+00	-5.508253004821147e-02	3488
2.184191272380429e-01	1.355547471699161e+00	3489
5.781481694940689e-01	1.421887681447660e+00	3490
3.865159987511705e-01	1.404706353751977e+00	3491
1.180069736189641e+00	8.910132782995844e-02	3492
1.061820259765332e+00	-2.321360956781836e-02	3493
-3.582916090464640e-01	7.543849064172088e-01	3494
-3.155988835451895e-01	-9.039247679626223e-01	3495
1.071056119935079e+00	3.627576826770098e-02	3496
6.014164062195191e-01	-1.436872668420796e+00	3497
1.249696289935100e+00	-1.078919842939478e+00	3498
1.024667643149357e+00	1.030116597812464e-02	3499
1.032359690545431e+00	1.427448196461565e-02	3500
1.311289831718443e+00	-9.596714115527990e-01	3501
-3.618892396138038e-01	1.921497554971197e-01	3502
1.139630858867972e+00	6.760327359986737e-02	3503
-3.973217752049036e-01	3.293411249662892e-01	3504
1.023016968672572e+00	-5.112400752107201e-03	3505
1.036057841176041e+00	-9.072213118999048e-03	3506
-3.299997799021326e-01	1.171607390828975e-01	3507
-3.990406926633626e-01	5.875661785662303e-01	3508
1.054355389046516e+00	-1.959279606543855e-02	3509
-3.756991672336220e-01	2.323755444592788e-01	3510
1.104918396887201e+00	5.246124988828813e-02	3511
-1.991575454050974e-01	-9.693933434502114e-04	3512
-3.680632856124750e-01	-1.862179201267459e-01	3513
1.037035215583006e+00	1.569465589163290e-02	3514
-2.154385532159264e-01	-2.858385272027258e-02	3515
1.287688051696393e+00	2.005873716681955e-01	3516
7.828683394953133e-01	1.393051858808377e+00	3517
-4.196887415818514e-01	-5.439148506158235e-01	3518
1.089281127976037e+00	-4.533064447744724e-02	3519
-4.217130417159090e-01	-4.711066150771313e-01	3520
-1.710759578181757e-01	1.075716049239090e+00	3521
-2.599510728104322e-01	-4.981019123900245e-02	3522
1.104711530473925e+00	-4.444917937244473e-02	3523
1.042550961942123e+00	-1.201347863690420e-02	3524
-7.663381526933966e-02	-1.206037511005549e+00	3525
-2.563903988008498e-01	9.667874717731004e-01	3526
-4.055841198407669e-01	5.152220420515917e-01	3527
-1.745678173554525e-01	-1.109440012720480e+00	3528
6.857966289651560e-02	1.280512019591088e+00	3529
-3.191029937154912e-01	8.541986375594219e-01	3530
1.016165888586336e+00	3.744604734903040e-03	3531
1.354224190175031e+00	-8.475080042948626e-01	3532
1.153375651040689e+00	-1.212427466180827e+00	3533
1.016346397713221e+00	-3.039184346482378e-03	3534
-3.838075696636938e-01	6.683094638756234e-01	3535
1.018823820379241e+00	6.192659498276749e-03	3536
1.245640997158113e+00	-1.192817209981378e-01	3537
-2.547929309483165e-01	-1.008449969377048e+00	3538
-3.990080455745708e-01	-2.836077279149908e-01	3539
4.679715961156913e-02	-1.294274816827130e+00	3540
2.030168116618801e-01	-1.370696095215309e+00	3541
1.019136357620758e+00	-5.359688465502098e-03	3542
-4.034527773608699e-01	3.857910432542413e-01	3543
-4.088444041012352e-01	-6.244945569620851e-01	3544
-6.181791167754232e-02	1.186341903993631e+00	3545
1.381769260818895e+00	-7.377923948823977e-01	3546
1.022445278222352e+00	9.150983574445899e-03	3547
1.031976526978458e+00	-7.648678868576604e-03	3548
1.027863188932841e+00	-6.364433907953292e-03	3549
1.394149241152694e+00	-6.431523888167375e-01	3550
1.398010808672678e+00	-5.561122098777949e-01	3551
1.074215912793683e+00	-3.495687874926123e-02	3552
8.162915985099296e-01	-1.406409307053641e+00	3553
1.014190851619304e+00	1.139662072001792e-03	3554
1.059420035745820e+00	2.594246298059903e-02	3555
1.391561103431195e+00	-4.686698915798361e-01	3556
-2.147457227738535e-01	3.578166379605089e-02	3557
-1.793968777824641e-01	2.141180080380093e-02	3558
-3.466646376969745e-01	1.531646357477970e-01	3559
-3.506761218008428e-01	-1.453609848633923e-01	3560
-2.571596895569922e-01	5.249845258477791e-02	3561
-3.330372721550169e-01	-1.097485490649398e-01	3562
-3.127749117684974e-01	8.406150349328677e-02	3563
-3.159470080521080e-01	-7.917614106415488e-02	3564
1.258495074925710e+00	1.544241421574044e-01	3565
1.273466600387364e+00	-1.576268541063058e-01	3566
1.328440769772103e+00	-2.533190302876420e-01	3567
1.302272412241938e+00	-2.039147546485258e-01	3568
1.316470789424202e+00	2.579168103659956e-01	3569
1.352972453344681e+00	-3.079705960064401e-01	3570
1.342586606744083e+00	3.241469375375382e-01	3571
1.375189067888960e+00	-3.810798862698604e-01	3572
1.363371398629526e+00	3.983262924006614e-01	3573
1.376206617507459e+00	4.810762171717722e-01	3574
1.380681023704968e+00	5.696052273572727e-01	3575
1.373717531035849e+00	6.674050947280289e-01	3576
1.354958725726805e+00	7.722338668380181e-01	3577
-3.877763554962235e-01	2.788820107525171e-01	3578
-3.849640115055780e-01	-2.324135120601637e-01	3579
-4.106014597046226e-01	-3.373628524290708e-01	3580
1.318946030396602e+00	8.892408927115397e-01	3581
1.253578418198593e+00	1.026809002564537e+00	3582
1.135396548205523e+00	1.178908108875252e+00	3583
9.801839509265833e-01	1.309242809527572e+00	3584
1.173230612734972e+00	-7.068384361219081e-02	3585
1.219861538793686e+00	-8.960880560323579e-02	3586
1.230484262170939e+00	1.163925122488923e-01	3587
-3.911553652123503e-01	-7.073294226438449e-01	3588
-3.591030475018930e-01	-8.043896495931189e-01	3589
1.042402906815163e+00	1.390993229803801e-02	3590
1.016106551809830e+00	2.172489507560496e-03	3591
7.421773535992486e-02	1.458262916076642e+00	3592
1.085398075612674e+00	4.043656271725944e-02	3593
1.176815863925842e+00	-1.389717867567250e+00	3594
1.026224696998234e+00	-2.644449927120981e-03	3595
4.829402480763647e-01	-1.599541068440535e+00	3596
-4.021810019678055e-01	-1.472795301314980e-01	3597
-2.946877583940168e-01	4.812036317010372e-02	3598
-3.575887222294118e-01	8.157209225007357e-02	3599
1.122491070271357e+00	-4.073396866910643e-02	3600
1.164933055610079e+00	6.727954902364468e-02	3601
7.051778965823946e-01	1.578083522626852e+00	3602
-2.108591634345393e-01	1.225407229032352e+00	3603
-4.739258336301685e-01	4.121774229136297e-01	3604
2.533010907689580e-01	-1.555137050914615e+00	3605
-4.609121352477181e-01	7.383480303527901e-01	3606
-4.973301165168968e-01	-5.091736636500819e-01	3607
1.158125805786814e+00	-5.209237307428526e-02	3608
-3.151291255463693e-01	-1.137942334904381e+00	3609
9.773809749894643e-01	-1.519832307924823e+00	3610
-4.902638766619652e-01	-4.324459046845745e-01	3611
-3.782458214823214e-01	1.165497278949468e-01	3612
1.071005598499988e+00	-2.571858714281060e-02	3613
-3.858098135629380e-01	-1.013960979308555e+00	3614
1.067134290703690e+00	3.101770408142732e-02	3615
-2.456459135194562e-01	-2.828887499134176e-02	3616
-4.788425053295352e-01	-3.611957779129369e-01	3617
1.287154876482525e+00	-1.182074144628103e-01	3618
1.305646523900506e+00	1.572671458184508e-01	3619
1.355103897411295e+00	-2.073057488802367e-01	3620
1.211752395479188e+00	8.904728499736904e-02	3621
1.377556853939272e+00	2.724496992429487e-01	3622
9.469899503238363e-01	1.504527742771490e+00	3623
1.053681554648071e+00	1.390743086401609e-02	3624
-4.808395662723848e-01	4.828634080271456e-01	3625
2.569955218079426e-01	1.538547367770192e+00	3626
4.678667079042861e-01	1.583420066237761e+00	3627
1.309965218739925e+00	-1.223246750084167e+00	3628
1.388462747794821e+00	-1.074532762746637e+00	3629
-3.982582571212491e-01	1.553778434705633e-01	3630
1.094981647536131e+00	4.204652615455944e-02	3631
-4.769657961743454e-01	6.443853871020588e-01	3632
1.061227611381611e+00	-1.483617527964660e-02	3633
1.054696259203555e+00	-1.209080633239764e-02	3634
1.125847169586087e+00	5.046379998088718e-02	3635
-2.286040896905604e-01	4.717240523669500e-03	3636
-4.169991768131410e-01	1.956764525704241e-01	3637
-4.240207681604144e-01	-1.915925239312496e-01	3638
1.036023436175737e+00	1.070207401128392e-02	3639
1.085725870306454e+00	-3.703066019549865e-02	3640
-4.338610498583584e-01	8.422067004324941e-01	3641
-2.451262095098670e-01	3.208148362970470e-02	3642
1.048249085054545e+00	-8.854094431322400e-03	3643
1.041289490549192e+00	-6.109960476466126e-03	3644
-2.210083848611704e-01	-1.253539678199402e+00	3645
-3.093402094579774e-01	1.096901782229007e+00	3646
-4.822283117335617e-01	5.588714522318714e-01	3647
-3.858362233367643e-01	9.658238647637669e-01	3648
1.018527348825248e+00	4.353825240354260e-03	3649
1.436159780736074e+00	-9.427445805300587e-01	3650
1.016203478377001e+00	-1.468869974523480e-03	3651
-4.446956985065554e-01	-2.432080238726601e-01	3652
-4.506588347425372e-01	2.931397562555255e-01	3653
-1.006554173959522e-01	-1.368990691777961e+00	3654
5.560964993055295e-02	-1.472655024190502e+00	3655
1.018741469978218e+00	-3.532682132893293e-03	3656
-4.963179214739062e-01	-5.947716065194932e-01	3657
-4.347741416642735e-01	-8.960732130198525e-01	3658
-8.138915743191427e-02	1.352206250901680e+00	3659
1.465909485105038e+00	-8.168250710063056e-01	3660
1.035402813999829e+00	-4.342498657239291e-03	3661
1.031966975274383e+00	9.701972676711235e-03	3662
1.031017557120766e+00	-3.446977851700129e-03	3663
1.028199553348840e+00	8.281314589468198e-03	3664
1.478750922123731e+00	-7.019925730969123e-01	3665
1.341795418132717e+00	2.096654832539750e-01	3666
1.478931672249232e+00	-6.030075042779210e-01	3667
1.096222100555754e+00	-3.283226831422984e-02	3668
7.326843198183229e-01	-1.592603842902435e+00	3669
1.016170905292584e+00	3.524384672401563e-04	3670
1.060463317401996e+00	1.771672589598315e-02	3671
-2.036325994075558e-01	1.721741934169654e-02	3672
-3.806114026451725e-01	-1.081049944643960e-01	3673
-2.963993436534882e-01	-4.627484831129811e-02	3674
-3.596328905905532e-01	-7.462320783305258e-02	3675
1.321449943562223e+00	-1.596171580535624e-01	3676
1.387430126967234e+00	-2.593759964626966e-01	3677
1.419404263121636e+00	-3.273917460474128e-01	3678
1.410072356239234e+00	3.455815642081826e-01	3679
1.448540303489036e+00	-4.123538133203934e-01	3680
1.436066221952976e+00	4.297317377246099e-01	3681
1.469627154521532e+00	-5.065579893248492e-01	3682
1.454001253471743e+00	5.218185261336605e-01	3683
1.460982342655323e+00	6.247459600079871e-01	3684
1.456567432727068e+00	7.366000758244187e-01	3685
-4.346088531701481e-01	2.418800116002840e-01	3686
-4.630014094202449e-01	-2.975564702423217e-01	3687
-4.648245272151612e-01	3.506194038850210e-01	3688
1.436389468116201e+00	8.616310224914256e-01	3689
1.390020575081972e+00	1.007641464057379e+00	3690
1.296056973427182e+00	1.181945535875153e+00	3691
1.168727746623152e+00	1.376343642416432e+00	3692
1.201056171763363e+00	-6.649072947830273e-02	3693
1.255230365666874e+00	-8.472079651706695e-02	3694
1.271076855989457e+00	1.161453248250011e-01	3695
-4.880819167753767e-01	-6.841957914940333e-01	3696
-4.684204025037983e-01	-7.860684938268098e-01	3697
1.022816549067119e+00	-1.541339261817780e-03	3698
-5.499148991728934e-01	8.174092405688628e-01	3699
1.247962082519817e+00	8.589052210943991e-02	3700
-2.598778030099181e-01	3.573602395350249e-03	3701
-5.221139448859404e-01	3.060685525536015e-01	3702
1.173163870835679e+00	-1.601696314402801e+00	3703
1.142693303728525e+00	-3.657978472411628e-02	3704
8.532539341521050e-02	-1.677748068261506e+00	3705
-4.084016195426916e-01	-6.714028709065481e-02	3706
-9.618538357025536e-02	1.542567574366914e+00	3707
1.067854501805930e+00	2.220589533461259e-02	3708
-2.777280600767696e-01	2.639811202971861e-02	3709
-3.697462408831269e-01	1.246067075134168e+00	3710
1.193591007316397e+00	6.515329347410408e-02	3711
1.414599562792869e+00	-2.061286278104093e-01	3712
6.125777868306796e-01	-1.786985239309031e+00	3713
-4.790872726078069e-01	1.984198317910041e-01	3714
-5.646661872141705e-01	5.195334193284165e-01	3715
-5.648687900529313e-01	7.080474921967539e-01	3716
-5.850822168607399e-01	-6.475368806983024e-01	3717
5.915097553038665e-01	1.771627460082529e+00	3718
3.322030622900572e-01	-1.759684729314867e+00	3719
-5.823438460121535e-01	-5.525160620383348e-01	3720
-5.561320183111285e-01	-3.849266165348177e-01	3721
-5.179978997801957e-01	9.466163596684822e-01	3722
1.018388607893719e+00	-5.234770445815048e-04	3723
1.035037284643823e+00	6.056908950612216e-03	3724
1.034009730117706e+00	9.662334237246317e-05	3725
1.029185452459279e+00	4.114891280622013e-04	3726
1.447229615058676e+00	2.856457809304677e-01	3727
-5.399593509115941e-01	3.710052077064101e-01	3728
1.334343499579254e+00	-1.137605556326867e-01	3729
-4.649171242480469e-01	-1.140375937617962e+00	3730
1.146123559138415e+00	1.592736216284304e+00	3731
8.815253967251928e-01	1.722175148757993e+00	3732
1.109542307547999e+00	3.822369729181306e-02	3733
-5.725702578274996e-01	-4.630949652517673e-01	3734
1.021459807453734e+00	-3.909355172815512e-03	3735
9.486705372716234e-02	1.661522851184550e+00	3736
1.069508407512587e+00	-1.850988269965327e-02	3737
-4.556409130355252e-01	1.531219876941304e-01	3738
-3.352107798100364e-01	4.668733218640316e-02	3739
-3.370921799240741e-01	-4.025478769532796e-02	3740
-2.781899419023608e-01	-2.204641915139807e-02	3741
-2.517933568843895e-01	1.397872254110549e+00	3742
-5.541810472985181e-01	4.401536782920826e-01	3743
-4.600357479842025e-01	-1.459827131823495e-01	3744
1.182778618244484e+00	-4.735625048570146e-02	3745
-5.213748211105580e-01	-1.000432653741007e+00	3746
9.087899880839363e-01	-1.737567006401881e+00	3747
-4.319246999572884e-01	1.133102749295608e-01	3748
1.047895897357765e+00	1.056580541746269e-02	3749
1.110842431099476e+00	-3.104873327542309e-02	3750
1.060569969372948e+00	9.671431969423688e-03	3751
3.245386383206363e-01	1.742892978880475e+00	3752
1.361899810077667e+00	-1.400591899086863e+00	3753
1.471621610508547e+00	-1.212907386901879e+00	3754
1.149254289110799e+00	4.855663901371144e-02	3755
1.060680979997712e+00	-6.913582194920779e-03	3756
1.081679103483047e+00	-2.664101808856228e-02	3757
1.054272729026615e+00	-4.844431854591470e-03	3758
1.041455521724287e+00	7.913619586560176e-03	3759
1.046750337986927e+00	-2.391591105104553e-03	3760
-3.800029646975173e-01	-1.286056666182461e+00	3761
-5.697142672167348e-01	6.074383012534061e-01	3762
-4.599739468934745e-01	1.097613502788763e+00	3763
1.021219406697178e+00	4.861819202088540e-03	3764
1.530605949974855e+00	-1.050968369911759e+00	3765
-5.120945593139491e-01	-2.503963991553908e-01	3766
-2.673889861568407e-01	-1.421294810423813e+00	3767
-1.149064998540703e-01	-1.558787270978361e+00	3768
1.562113859392104e+00	-9.056087748995830e-01	3769
1.039676785683980e+00	-7.298370016749551e-04	3770
1.031451798350998e+00	5.407041178818250e-03	3771
1.575446295741613e+00	-7.705446595023471e-01	3772
1.572778518585639e+00	-6.523283493547795e-01	3773
1.018339649234559e+00	1.334804904424719e-03	3774
-4.074237429924477e-01	7.554295248349810e-02	3775
-4.337650674210273e-01	-1.040996043238431e-01	3776
1.374679521465074e+00	-1.574960288116785e-01	3777
1.359797022919938e+00	1.589642744969632e-01	3778
1.455618833152581e+00	-2.685161512181156e-01	3779
1.404077265817342e+00	2.161627705739673e-01	3780
1.496653403440900e+00	-3.480173048941260e-01	3781
1.487374585873675e+00	3.681412106778062e-01	3782
1.532862402618532e+00	-4.425887768439961e-01	3783
1.520117373057394e+00	4.614803989985090e-01	3784
1.558384238091134e+00	-5.463510226843908e-01	3785
1.542738329817909e+00	5.677997601860704e-01	3786
1.554507842084848e+00	6.847490216009572e-01	3787
-5.011644739849994e-01	2.491780552204199e-01	3788
-4.871057232347247e-01	-1.959318782384799e-01	3789
-5.358393620222699e-01	-3.128121309660559e-01	3790
1.551921603877152e+00	8.164349934721791e-01	3791
1.525752345463315e+00	9.706857391025390e-01	3792
1.459603164496443e+00	1.157903285428139e+00	3793
1.356881195957547e+00	1.361244610896970e+00	3794
1.232237963735309e+00	-6.021077590812685e-02	3795
1.295530193511834e+00	-7.803014522690178e-02	3796
1.317389022053224e+00	1.126842357090754e-01	3797
-5.566867736326863e-01	-8.726002307509826e-01	3798
-5.779544132731560e-01	-7.538017192491173e-01	3799
-1.117127255609283e-01	-1.779856768413602e+00	3800
1.175145155473657e+00	4.500722424704231e-02	3801
-2.910972845553000e-01	1.597371668233620e+00	3802
-4.628554031498954e-01	-5.673977785895807e-02	3803
-6.179649819823162e-01	-3.282094959525538e-01	3804
1.131533133068181e+00	3.282561466884131e-02	3805
1.165027595355152e+00	-3.064092868270982e-02	3806
-5.377216337584305e-01	1.247105023403733e+00	3807
-6.606138337642258e-01	5.583307863254655e-01	3808
-6.663715768964455e-01	7.779618353826349e-01	3809
1.025408880107107e+00	9.846035987922692e-04	3810
1.267704150248131e+00	-5.069271905982004e-02	3811
7.727032782478275e-01	1.955903118068881e+00	3812
-3.828790276209202e-01	-3.457264829208560e-02	3813
1.078785223951686e+00	2.808470947164730e-02	3814
1.127582934248367e+00	-2.407409955683778e-02	3815
1.068328469605803e+00	1.343344350759800e-02	3816
4.363094697607944e-01	1.966020496685582e+00	3817
1.052364031347622e+00	2.157054110519211e-03	3818
-6.589336464134105e-01	-9.689646958283734e-01	3819
1.445509084837308e-01	-1.909866560278990e+00	3820
1.045593015996848e+00	3.836090163592663e-03	3821
1.020353247345216e+00	2.105189749931584e-03	3822
-3.759150981223721e-01	3.403043130004852e-03	3823
-3.135763450241770e-01	1.581858296481688e-02	3824
1.527696871709437e+00	2.979088175728843e-01	3825
1.277182862310683e+00	1.530892563164359e+00	3826
1.210215652084371e+00	-3.950258601844987e-02	3827
-6.801242898914462e-01	-5.967557756318460e-01	3828
-6.194977609074502e-01	-1.120595689503402e+00	3829
-6.505491962569452e-01	9.112801961488927e-01	3830
1.483085284577530e+00	-2.054342992135761e-01	3831
-6.793146284643220e-01	-8.326715650413999e-01	3832
1.133366712157953e+00	-1.848629876773761e+00	3833
-9.939511572671282e-02	1.762202867876823e+00	3834
1.099176974541189e+00	2.825801194693399e-02	3835
-4.350057795028890e-01	1.419442628113889e+00	3836
1.225458650766545e+00	6.084911133862426e-02	3837
4.513947191088608e-01	-1.982110111670490e+00	3838
-6.659219423663338e-01	-4.976738232999492e-01	3839
-6.122590481589496e-01	1.070115578852662e+00	3840
1.024705260156522e+00	6.180616199054317e-03	3841
1.027480213124024e+00	4.198274833781483e-03	3842
1.288830911251070e+00	8.022805128814177e-02	3843
1.386870275392805e+00	-1.054825467200385e-01	3844
-6.864352713282607e-01	-7.071635963971542e-01	3845
1.102788591142072e+00	1.838622489312758e+00	3846
-6.447829696580822e-01	4.687013762025475e-01	3847
1.020633428061937e+00	-3.644990850910928e-04	3848
1.431133864813142e-01	1.892554785766133e+00	3849
1.068626144771367e+00	-9.862170207560660e-03	3850
-3.797751646460919e-01	3.827467621359796e-02	3851
-3.045361968544171e-01	-9.339036067478549e-03	3852
-6.442275082098220e-01	-4.067680572105298e-01	3853
-6.255174239513489e-01	3.895310398847776e-01	3854
-5.200081645844989e-01	1.484430818996797e-01	3855
-5.252544565491940e-01	-1.426113296111935e-01	3856
7.951590030115941e-01	-1.971564666446256e+00	3857
-4.911557470783199e-01	1.048706185047642e-01	3858
-4.628099175656202e-01	6.624502993068192e-02	3859
1.101953183484998e+00	-1.972100047842769e-02	3860
1.093187117803336e+00	-1.965167124421043e-02	3861
1.053819986451942e+00	6.479289378463261e-03	3862
1.395624543407641e+00	-1.620813296152464e+00	3863
1.552593623781326e+00	-1.385537752084877e+00	3864
1.079157624701720e+00	-2.030898897916524e-02	3865
1.059575104905003e+00	7.105195669058153e-04	3866
-5.514271473184759e-01	-1.287527491330680e+00	3867
-6.688437292005491e-01	6.628719434521038e-01	3868
1.635802612602870e+00	-1.180453790166685e+00	3869
-5.573449481411779e-01	-1.963221129809918e-01	3870
-5.761530026252134e-01	2.538765609592918e-01	3871
-4.472714894998288e-01	-1.455699944235330e+00	3872
-3.081660656445480e-01	-1.618626538250914e+00	3873
1.673326911659506e+00	-1.005346083202753e+00	3874
1.685592780427104e+00	-8.491955682051739e-01	3875
1.680576675008764e+00	-7.086511866872123e-01	3876
-4.929652376807207e-01	-9.586056347159247e-02	3877
1.474906268068319e+00	2.207338690971425e-01	3878
1.534851209511659e+00	-2.775841718400243e-01	3879
1.421826932146261e+00	1.571280753632624e-01	3880
1.433774686552356e+00	-1.493524467244339e-01	3881
1.585512499842514e+00	-3.678282746985040e-01	3882
1.576370090204562e+00	3.897035113901419e-01	3883
1.628638508502694e+00	-4.736995095946473e-01	3884
1.616096261915351e+00	4.969544843429861e-01	3885
1.660671572653706e+00	-5.860711730030546e-01	3886
1.645767245223198e+00	6.168202150815707e-01	3887
-5.485119263782597e-01	1.983572382884802e-01	3888
-5.885196634988479e-01	-2.566523495177176e-01	3889
-6.023900837396052e-01	3.189501934262826e-01	3890
1.662536057482870e+00	7.530591419073820e-01	3891
1.658340781265940e+00	9.141433020826817e-01	3892
1.621021278613093e+00	1.109961398038714e+00	3893
1.544630378007997e+00	1.328953900544243e+00	3894
1.340964765582148e+00	-6.732522335918595e-02	3895
1.370422365158179e+00	1.070887701096752e-01	3896
-5.025429586642535e-01	1.622206171178582e+00	3897
-7.698115673326064e-01	6.025297434508019e-01	3898
1.076861843968786e+00	1.824016145058321e-02	3899
-7.641554025041013e-01	1.023196303421464e+00	3900
1.113515946010340e+00	2.381104843298087e-02	3901
-4.281856589013784e-01	-1.490344410115803e-02	3902
1.267753857164416e+00	-1.786407401261580e+00	3903
1.203908826988852e+00	3.911083827981492e-02	3904
1.290448755760176e+00	1.727440749253701e+00	3905
1.023325760294699e+00	1.619078780805515e-03	3906
1.562375319257854e+00	-2.027895119936937e-01	3907
1.261531607391035e+00	5.277928459733888e-02	3908
-3.360053152705396e-01	-1.851488801816199e+00	3909
1.147335439814171e+00	-1.712251153599530e-02	3910
-7.171924935503978e-01	1.219052229157400e+00	3911
1.042622917689140e+00	-2.126504621655379e+00	3912
2.350035125407653e-01	2.150754520083052e+00	3913
-5.223270954915651e-01	-4.188776186629815e-02	3914
1.803490499206428e+00	-7.742230112479257e-01	3915
-6.929343608290011e-01	3.283968002070551e-01	3916
1.620065490141255e+00	3.081588631715236e-01	3917
-7.918757432605709e-01	-6.452287359112965e-01	3918
1.116752403142078e+00	-1.728173232414405e-02	3919
1.799442765302568e+00	-1.123433072702695e+00	3920
-7.821480994823810e-01	8.596613310708934e-01	3921
-4.295263356474737e-01	2.559441740937361e-02	3922
-6.604266860599788e-01	2.577116718150212e-01	3923
2.450188108593556e-01	-2.167609698400687e+00	3924
1.335792269863412e+00	7.060829766267220e-02	3925
1.501242868172958e+00	-1.393775843688535e-01	3926
-5.917604763952727e-01	1.404776518768520e-01	3927
1.475192731461482e+00	1.513889586258204e+00	3928
1.240889794627871e+00	-2.909229074402971e-02	3929
1.492389852813802e+00	1.526654415321299e-01	3930
-3.229980090515157e-01	1.829629502775315e+00	3931
-7.716863241797929e-01	-5.326040238082493e-01	3932
1.155869082574257e+00	2.796387518995201e-02	3933
-6.270667155458287e-01	1.417842176233736e+00	3934
1.015270464208449e+00	2.114556970822194e+00	3935
6.121997024925673e-01	2.195589732972043e+00	3936
-7.965252552160856e-01	-9.192414427853771e-01	3937
-8.108584065917214e-02	-2.035200984733712e+00	3938
1.189199317585910e+00	-2.272975962849349e-02	3939
-7.756198176060243e-01	-1.079522969828585e+00	3940
1.307559351881013e+00	-3.853444122781589e-02	3941
-8.013451550797215e-01	-7.760868630982235e-01	3942
-7.862884305593591e-02	2.016062899563158e+00	3943
1.089164977237862e+00	1.760097266956042e-02	3944
-7.481600251203303e-01	4.968130444796078e-01	3945
1.067460007310130e+00	-1.576224070863032e-03	3946
-7.444539863580619e-01	-4.304290284514065e-01	3947
-7.236016889923425e-01	4.076702263546024e-01	3948
-7.109920251195995e-01	-3.403496044343700e-01	3949
6.298831502061644e-01	-2.211203512930289e+00	3950
-5.570815603710993e-01	9.243439869007097e-02	3951
-5.227683987658867e-01	5.175926363868591e-02	3952
1.067759806513710e+00	4.411406025329843e-03	3953
1.624683833961498e+00	-1.602944920169651e+00	3954
1.077798643480766e+00	-1.334900902041666e-02	3955
-7.286138027843646e-01	-1.261597529868275e+00	3956
-7.816777582403944e-01	7.231096600396706e-01	3957
1.745164096328943e+00	-1.343681823978463e+00	3958
-6.363705474941455e-01	-1.933293371934764e-01	3959
-6.459494253970551e-01	-1.461516881005765e+00	3960
-5.166307201906298e-01	-1.654730428922718e+00	3961
1.812866464608023e+00	-9.372975255157431e-01	3962
-5.593337011774641e-01	-8.422986095348660e-02	3963
1.626127939779487e+00	-2.852734643558922e-01	3964
1.556388279100326e+00	2.221023905570949e-01	3965
1.444556249788038e+00	-9.044450219866615e-02	3966
1.686694362252413e+00	-3.879444392804580e-01	3967
1.678097559398616e+00	4.133734986444436e-01	3968
1.738365460973090e+00	-5.027902277799660e-01	3969
1.727138955076994e+00	5.334246464426038e-01	3970
1.778162941295122e+00	-6.295128370461220e-01	3971
-6.262337062627801e-01	1.942683862371051e-01	3972
-5.977856277560759e-01	-1.353799325802729e-01	3973
-6.746147918170590e-01	-2.626708225003370e-01	3974
1.764893585456087e+00	6.716502527408110e-01	3975
1.784534818936215e+00	8.371488129584052e-01	3976
1.776933732576393e+00	1.038539016310989e+00	3977
1.731172683924152e+00	1.271613532350454e+00	3978
1.391663195709949e+00	-5.268588185160628e-02	3979
1.430802417693488e+00	9.699676151697313e-02	3980
-7.243554750829986e-01	1.617998162572732e+00	3981
-8.274010968088680e-01	1.389291047587141e+00	3982
-8.908846392987587e-01	1.157668440279115e+00	3983
-3.407397759991196e-01	-2.125231965509822e+00	3984
1.285538679449089e+00	2.003373359702010e+00	3985
1.140551328487575e+00	1.410711529848091e-02	3986
-5.676094203466164e-01	1.860951909619741e+00	3987
1.129911106751617e+00	-8.251630819811012e-03	3988
-4.829327817914688e-01	1.213782853127874e-03	3989
1.937101886320682e+00	-1.273638483683873e+00	3990
1.388918988022959e+00	5.792688228737931e-02	3991
1.215841282415849e+00	-1.118237737094157e-02	3992
-8.328726284123986e-01	4.255751166819307e-01	3993
1.182144132823701e+00	2.103860592578133e-02	3994
1.169088183330657e+00	-8.220528368862775e-03	3995
1.275561053041377e+00	-1.471711273676892e-02	3996
-7.134382494400733e-01	1.881433562659492e-01	3997
-8.924747498340535e-01	-5.685732600463929e-01	3998
3.940063672894476e-01	2.427990792230768e+00	3999
-1.680150094613963e-02	2.306577002434534e+00	4000
1.958540308636556e+00	-1.040860250910762e+00	4001
1.076278666563513e+00	-2.596161546858781e-03	4002
-9.970020197894024e-03	-2.325533399084410e+00	4003
1.506903529452066e+00	-1.816911311349497e+00	4004
-5.794417726445354e-01	-1.892492558464548e+00	4005
8.881238923182763e-01	-2.422902167313013e+00	4006
1.730503911741734e+00	-2.924791904982762e-01	4007
-5.880154967445288e-01	-2.145006729441729e-02	4008
1.653790301509898e+00	-1.975728682407848e-01	4009
1.102721538657952e+00	1.462425262693838e-02	4010
1.107179686134988e+00	-6.017015156338419e-03	4011
1.235493461220425e+00	3.053808956620732e-02	4012
1.079687574013466e+00	8.191133958683301e-03	4013
1.302234000816533e+00	4.158455611348970e-02	4014
1.129270922665321e+00	1.509740953637432e-02	4015
1.945465384441503e+00	-8.474236480969101e-01	4016
-9.190996523538038e-01	-7.012532692956382e-01	4017
1.725773835853487e+00	3.188858399438197e-01	4018
-9.137425852693596e-01	9.572740066209582e-01	4019
-8.933853962408320e-01	6.514208460425552e-01	4020
-8.575235597058940e-01	-4.545544293084861e-01	4021
1.351971458995816e+00	-2.168593336150046e-02	4022
1.509785480109388e+00	-7.175776284456427e-02	4023
-8.166491961008973e-01	-3.519043598623122e-01	4024
-7.952315231456696e-01	3.344555787877110e-01	4025
1.528956859949864e+00	1.747248029024731e+00	4026
1.649854231957085e+00	2.200195119378371e-01	4027
-3.362679851342391e-01	2.101725048067924e+00	4028
-8.659501720496570e-01	5.279190405505184e-01	4029
8.654033615623301e-01	2.409867565562539e+00	4030
-9.322384993765884e-01	-8.515803428407184e-01	4031
-9.308039490562438e-01	-1.017582287206789e+00	4032
-5.886859700915126e-01	3.085697775795372e-02	4033
4.078443918332574e-01	-2.444331503944384e+00	4034
-6.297331653315308e-01	7.640481149502701e-02	4035
-9.070304149058811e-01	-1.209769592106366e+00	4036
-9.110489926301881e-01	7.912097786618101e-01	4037
1.855019855790019e+00	-1.551735049420123e+00	4038
-7.715817822400670e-01	-2.642026246631960e-01	4039
-8.497933860919823e-01	-1.427840098260817e+00	4040
-7.439875847705881e-01	-1.666126371280831e+00	4041
-6.786692727631440e-01	-1.229895866186634e-01	4042
1.572992431930707e+00	1.431245030669275e-01	4043
1.578771370346560e+00	-1.253715746039484e-01	4044
1.681202464554508e+00	1.473364435127825e+00	4045
1.802203269389030e+00	-4.046003670771621e-01	4046
1.795348377734037e+00	4.359109242889455e-01	4047
1.864074337762540e+00	-5.325121364589708e-01	4048
-6.325590078905017e-01	-6.889542567948632e-02	4049
-6.715083580683180e-01	1.272292864229141e-01	4050
-7.257673611408103e-01	-1.888691842656972e-01	4051
-7.550202858262960e-01	2.570174042433478e-01	4052
1.855444967430683e+00	5.730173121665000e-01	4053
1.912309731756654e+00	-6.802035773083208e-01	4054
1.900602060610188e+00	7.397875944909141e-01	4055
1.923760349262136e+00	9.435726653996422e-01	4056
1.912406971814027e+00	1.186527593459348e+00	4057
1.446860715161718e+00	-3.087408271632987e-02	4058
1.499521724313315e+00	8.341721735885715e-02	4059
1.210978786809902e+00	2.336585890804035e+00	4060
1.245462948055487e+00	3.352215655390483e-03	4061
-1.063126419233532e+00	-7.638653624992074e-01	4062
-8.253306275016008e-01	1.855960642808389e+00	4063
6.413670686162019e-01	2.706196401602613e+00	4064
1.358605025079927e+00	-2.013910748940755e+00	4065
-6.206248776769751e-01	2.144437907652087e+00	4066
1.160373756133447e+00	7.717832155347963e-03	4067
1.204359735050832e+00	-2.396264877407764e+00	4068
1.314200332661657e+00	2.762132057090246e-03	4069
1.270866725645695e+00	1.754709703598746e-02	4070
1.210712018143733e+00	1.152965699845048e-02	4071
-6.296327131317615e-01	-2.181360125246908e+00	4072
1.764954115124794e+00	-1.793366734801803e+00	4073
1.449592698505117e+00	3.965709901428863e-02	4074
-1.062383084278913e+00	1.076103235847914e+00	4075
1.348732112375071e+00	2.554248338702744e-02	4076
1.145952176982438e+00	1.898293334886640e-03	4077
-9.571852060694889e-01	4.419955109859124e-01	4078
1.568430057110379e+00	2.028665646216160e+00	4079
-6.608444985422501e-01	3.905335724601962e-03	4080
-8.428816503791271e-01	-1.910030136167723e+00	4081
1.400317323471060e+00	-1.700352778614706e-04	4082
1.665166919184058e+00	1.284037626017408e-01	4083
1.847151323461929e+00	3.263736546132106e-01	4084
-9.104867435897798e-01	3.401988300545112e-01	4085
-9.532550934827838e-01	1.584095849553535e+00	4086
-1.029461135852765e+00	1.320592890582729e+00	4087
-1.034947710646184e+00	7.047355434010113e-01	4088
1.757162332975689e+00	2.166840673784678e-01	4089
2.082224767626439e+00	-1.467082229716885e+00	4090
1.668068819233460e+00	-1.071986491785180e-01	4091
1.192417916392477e+00	2.826881943511078e-03	4092
-9.358040139204584e-01	-3.634805972161770e-01	4093
-1.030296285418582e+00	-6.094067916151459e-01	4094
1.104174439498311e-01	2.634510177951886e+00	4095
2.122233440729644e+00	-1.172790956111510e+00	4096
1.086560041151241e+00	-6.704823344701641e-03	4097
-3.104345959513463e-01	-2.446655018572014e+00	4098
1.221237727545916e-01	-2.651775493577210e+00	4099
6.601192143126484e-01	-2.720208396423018e+00	4100
1.116749688933849e+00	9.164039823415951e-03	4101
1.092709174002447e+00	5.397096411316575e-03	4102
2.108800197959858e+00	-9.330629135997980e-01	4103
1.889004887978374e+00	1.401889116800515e+00	4104
1.758800853569481e+00	-1.906935719506080e-01	4105
-8.812564956562857e-01	-2.628364771245658e-01	4106
-3.170116139962525e-01	2.424658434108409e+00	4107
-9.991099252290220e-01	5.632543991833094e-01	4108
-9.861008529072578e-01	-4.770262254654459e-01	4109
-1.058863994282422e+00	8.721440537171306e-01	4110
-1.082641589892068e+00	-9.352668497940280e-01	4111
-1.083333815398325e+00	-1.133288604198462e+00	4112
-7.609559694458986e-01	1.104091979659464e-01	4113
-8.609830514599834e-01	2.511529991967363e-01	4114
-1.054477591837806e+00	-1.364175020430560e+00	4115
-9.847723228851529e-01	-1.629423511545647e+00	4116
1.583899102525195e+00	-4.707696462025873e-02	4117
1.780129603633837e+00	1.708019313459813e+00	4118
1.849469910509081e+00	-2.949140968370586e-01	4119
1.934183019551096e+00	-4.192330472553340e-01	4120
-7.135043982509890e-01	-4.625563184168813e-02	4121
-7.097384590078727e-01	5.312716834048427e-02	4122
-7.698924736099036e-01	-1.072059081060844e-01	4123
-8.255688255055877e-01	-1.793878626262470e-01	4124
-8.108889629471904e-01	1.762337543640295e-01	4125
1.930576780582222e+00	4.587683801949906e-01	4126
2.007708036306678e+00	-5.669078606621558e-01	4127
2.002561037258658e+00	6.230285920776584e-01	4128
2.067124564531329e+00	-7.359618881278279e-01	4129
2.057476800510969e+00	8.255027009757145e-01	4130
2.083320621571533e+00	1.073105216195845e+00	4131
1.508671464416190e+00	-4.073219405506033e-03	4132
1.577460667045284e+00	6.324874015812429e-02	4133
-6.524838364004367e-01	2.484689743859008e+00	4134
1.867288891699827e+00	1.996067438263674e+00	4135
2.238589320021763e+00	9.320693014981395e-01	4136
-1.227276471757558e+00	9.715145928270048e-01	4137
-1.226923640856875e+00	1.223039552602670e+00	4138
-1.197042606835944e+00	7.671814717720031e-01	4139
1.985158798075211e+00	-2.929781546974400e-01	4140
-1.186222748524534e+00	-6.564761947493113e-01	4141
-1.070702073395602e+00	-3.711745861736587e-01	4142
-1.228271843510746e+00	-8.313011844156669e-01	4143
3.347939653005887e-01	2.981190036090165e+00	4144
1.880105635316958e+00	2.081553188969316e-01	4145
1.042132310781247e+00	-2.725458879637499e+00	4146
3.505651550615789e-01	-2.996261873082546e+00	4147
1.986744603297213e+00	3.313509109380847e-01	4148
-9.803308282390175e-01	2.430540395354782e-01	4149
-9.220706175187342e-01	2.142218240409133e+00	4150
-1.118488275826556e+00	-1.872302906854618e+00	4151
-1.090407763904947e+00	1.815236641663149e+00	4152
1.633703999410356e+00	-2.039292475734781e+00	4153
-9.338341951390163e-01	-2.199883123924884e+00	4154
1.878405460016848e+00	-1.776159102056646e-01	4155
2.091378930582001e+00	1.296937112712983e+00	4156
2.086370607495471e+00	4.887731761977960e-01	4157
1.045055099382912e+00	2.697192839514715e+00	4158
1.512458390227567e+00	-2.295571344777685e+00	4159
1.407335596515953e+00	2.255382760718976e+00	4160
-1.005558767465526e+00	-2.601469879275669e-01	4161
-1.185327773520886e+00	1.508851814259490e+00	4162
2.026277558068525e+00	-1.727905281742512e+00	4163
-1.040615536585611e+00	3.421301602585707e-01	4164
-1.132690272371853e+00	-5.011548198219813e-01	4165
-1.151282713902745e+00	6.001098080193956e-01	4166
2.300823524777728e+00	-1.346419150382374e+00	4167
-6.451624978718987e-01	-2.523254787650587e+00	4168
-2.213560462399141e-01	-2.815604696893033e+00	4169
2.295491005653260e+00	-1.042331685681253e+00	4170
1.771340546177395e+00	1.103551201695321e-01	4171
1.771033899730768e+00	-8.590854013925273e-02	4172
-2.331007179869716e-01	2.795355482252151e+00	4173
-1.098736629311803e+00	4.609783325588642e-01	4174
-1.254468405093809e+00	-1.033013978611347e+00	4175
-8.008061233602093e-01	-1.686144462389857e-03	4176
-1.255916347788616e+00	-1.271335903662608e+00	4177
-1.220600419235771e+00	-1.548658506482498e+00	4178
1.659378578518778e+00	1.066766430001727e-02	4179
-9.377218941545820e-01	-1.644354683940559e-01	4180
-9.194856260666504e-01	1.577680312448532e-01	4181
-8.709157660398636e-01	-8.647446922900313e-02	4182
-8.595527212554818e-01	8.731530278153680e-02	4183
2.085103645160097e+00	-4.357850896576892e-01	4184
2.029240079203593e+00	1.624663055502552e+00	4185
2.173169479267546e+00	-6.032680306381114e-01	4186
2.173752556298591e+00	6.856291363006279e-01	4187
2.245688196216896e+00	-8.006861941010796e-01	4188
1.720557104835483e+00	2.275535095471540e+00	4189
-1.145157865503372e+00	-2.524351163778173e-01	4190
-1.417324378341554e+00	-9.086974347268417e-01	4191
7.076582468777672e-02	3.002417929419729e+00	4192
2.269245896068430e+00	1.500755010031882e+00	4193
-1.009607146377623e+00	2.489169464187504e+00	4194
-1.064826422356923e+00	-1.458492458074715e-01	4195
2.021043499764897e+00	1.944066818238515e-01	4196
7.866107768550538e-01	-3.074599654588780e+00	4197
1.805895655377317e+00	-2.275965464619963e+00	4198
-1.415850265491051e+00	1.097743829947705e+00	4199
8.944604332214301e-02	-3.019187934713550e+00	4200
1.412628196376580e+00	-2.646735267136584e+00	4201
2.013966793825014e+00	-1.587299706245932e-01	4202
-6.270841015874741e-01	2.890348912991599e+00	4203
7.788977009018254e-01	3.057538802485926e+00	4204
2.451780107921163e+00	-8.836638835561196e-01	4205
-1.188560986325009e+00	3.434019329355555e-01	4206
-1.114596271378495e+00	2.291879984502384e-01	4207
2.148116307537033e+00	3.398730277685162e-01	4208
2.281183989760064e+00	1.158394890441941e+00	4209
-1.412947127717751e+00	1.396342076544398e+00	4210
-1.325523457953710e+00	6.422989006120350e-01	4211
2.140517725076846e+00	-2.901380471278645e-01	4212
-1.364489942984723e+00	-7.055345979182297e-01	4213
-1.382692427311448e+00	8.442853596538817e-01	4214
-1.040720967127100e+00	1.355120149809261e-01	4215
-1.240762427923098e+00	2.100062743654353e+00	4216
1.928834180051154e+00	-2.006689590320808e+00	4217
-1.254740441843217e+00	-2.163946604802674e+00	4218
1.865017190894005e+00	1.086145644755417e-02	4219
1.888054312255885e+00	-5.665896748425024e-02	4220
2.364128725791515e+00	-6.446666932657673e-01	4221
-1.358500706632928e+00	1.730805230521890e+00	4222
-1.299748300935828e+00	-5.299845373081805e-01	4223
2.284014509889545e+00	-1.621626872002433e+00	4224
-1.004019441559152e+00	-2.551821412264064e+00	4225
-6.110451753356267e-01	-2.925425196478377e+00	4226
2.504527002664048e+00	-1.190265563307454e+00	4227
1.893018826675152e+00	8.536212474591851e-02	4228
-1.259216215080168e+00	4.798876804522201e-01	4229
-1.224097032554761e+00	-3.773144149931388e-01	4230
-1.403714947378546e+00	-1.783379812674825e+00	4231
-1.450197770805187e+00	-1.150289713127937e+00	4232
-1.451479676735023e+00	-1.436313433722920e+00	4233
-9.834777736840342e-01	-5.720611572399456e-02	4234
-9.685633743318330e-01	5.527192601405381e-02	4235
-9.101664961279636e-01	3.153725047563572e-03	4236
2.258564707639088e+00	-4.509825810880461e-01	4237
2.268181414814023e+00	5.262677198655344e-01	4238
2.372823860678499e+00	7.653250237171546e-01	4239
1.675976318108501e+00	-2.562728692029476e+00	4240
2.028283862148953e+00	2.259478703424610e+00	4241
4.975774124187278e-01	3.369028623244692e+00	4242
-1.303158685548700e+00	-2.395114300098521e-01	4243
-1.583581292129227e+00	-2.072393552327290e+00	4244
5.048318608709482e-01	-3.384310879663309e+00	4245
1.182976265327965e+00	3.080324282806024e+00	4246
-1.630409283542693e+00	1.249319837737562e+00	4247
-2.870226036777805e-01	-3.195906572507506e+00	4248
2.687048904003117e+00	-1.000557419482594e+00	4249
-1.633618228374100e+00	-1.001663893985021e+00	4250
1.241689003422030e+00	-3.049252608514266e+00	4251
1.548100181739714e+00	2.537469827876180e+00	4252
2.530517514048237e+00	-1.473225879586864e+00	4253
-1.525610669304989e+00	6.948281242968675e-01	4254
-1.489030540870009e+00	-5.594171934704810e-01	4255
2.212104900427386e+00	1.836772214539537e+00	4256
-1.594234854370413e+00	9.456002607389239e-01	4257
-3.114936104239879e-01	3.173000160730709e+00	4258
2.110975052325978e+00	-2.251465723466376e+00	4259
-1.621933171107303e+00	1.602296461748912e+00	4260
-1.378975919580013e+00	2.445905604108573e+00	4261
-8.292497166357703e-01	2.791694466366982e+00	4262
2.227124083219986e+00	-1.922922434400218e+00	4263
-1.399361873898995e+00	-3.850867346358430e-01	4264
-1.442781105709933e+00	4.997043384532060e-01	4265
-1.266814745999658e+00	2.115900623460483e-01	4266
-1.206846731136834e+00	-1.219516536720486e-01	4267
2.458649619069981e+00	-4.670282705994516e-01	4268
2.336538144342958e+00	3.508104978641299e-01	4269
2.584145958763097e+00	-6.990547026336394e-01	4270
2.493221727682201e+00	1.337456392297370e+00	4271
2.184474675838833e+00	1.803207357194678e-01	4272
2.170090316289477e+00	-1.344714617905692e-01	4273
-1.568500754421810e+00	-7.603735124836376e-01	4274
-1.176400212970165e+00	1.043697542940533e-01	4275
-1.100342448772131e+00	-3.284454381566868e-03	4276
2.026588731603511e+00	1.612383010125266e-02	4277
-1.551874951977390e+00	1.996369737633332e+00	4278
-1.381942846512507e+00	-2.520050996883052e+00	4279
-1.034318962158097e+00	-2.975728033122147e+00	4280
-1.355913694008491e+00	3.432377224428310e-01	4281
-1.669597375604245e+00	-1.642208596008417e+00	4282
-1.673125322224958e+00	-1.291564957212835e+00	4283
2.318685704045157e+00	-2.825567034939653e-01	4284
2.480778852030279e+00	5.759727099357960e-01	4285
2.451513789335679e+00	9.876826428866835e-01	4286
9.785501039293193e-01	-3.452384360950069e+00	4287
1.882761728153512e+00	2.558798243255876e+00	4288
2.424070903740952e-02	3.416336265725998e+00	4289
-1.856967620070774e+00	1.847640134220496e+00	4290
1.637577575013119e+00	-2.900348481693944e+00	4291
-1.833956862951566e+00	1.071092990292877e+00	4292
-1.802396808813752e+00	-8.261098324892548e-01	4293
1.993268151725305e+00	-2.544570691429568e+00	4294
-7.280885171321355e-01	-3.317540571189483e+00	4295
5.629742129328792e-02	-3.432817506772261e+00	4296
-1.329917677174287e+00	6.659664773425572e-02	4297
2.371564484917815e+00	2.157750742116175e+00	4298
2.524029832196912e+00	-2.715221601781047e-01	4299
2.502158556193779e+00	1.659973488747334e+00	4300
-1.903795054565204e+00	-1.911840485445590e+00	4301
-1.482294836570452e+00	-2.955823784324995e+00	4302
-1.546479081880239e+00	3.396997771264683e-01	4303
2.375254785046684e+00	1.638648833065895e-01	4304
2.757917431355755e+00	-1.283755863492820e+00	4305
-1.873576844350128e+00	1.431888856686118e+00	4306
9.373717353090379e-01	3.449266693221023e+00	4307
2.349077436075032e+00	-1.026795545834916e-01	4308
-1.881070927569957e+00	-1.114924360520952e+00	4309
1.405356920052738e+00	2.784229140094670e+00	4310
-1.214228303422308e+00	2.794435600352012e+00	4311
2.432072854539289e+00	-2.179323867579124e+00	4312
2.519670795012322e+00	-1.790368773509938e+00	4313
-1.653882406089222e+00	5.252141680932205e-01	4314
-1.597937047419659e+00	-3.927464738063130e-01	4315
-1.438308082357816e+00	1.913197462222170e-01	4316
-1.483612402593018e+00	-2.244337642969306e-01	4317
-1.366719102236232e+00	-8.883417582110839e-02	4318
2.840850168431260e+00	-7.792801281489881e-01	4319
2.557587064621472e+00	3.683444408609218e-01	4320
2.689601783211725e+00	-4.915882305986644e-01	4321
-1.705238695280607e+00	-5.896095224922823e-01	4322
-1.755862536603904e+00	7.665990828108340e-01	4323
-1.751643026420185e+00	2.331660032465173e+00	4324
-1.768687550274427e+00	-2.424075658469042e+00	4325
-1.925557354979465e+00	-1.468648515493084e+00	4326
-1.245698844289890e+00	-2.588027969936335e-02	4327
2.595711675486404e+00	7.875772483741119e-01	4328
2.693862032206402e+00	1.136406420447586e+00	4329
6.834675302495763e-01	-3.814140214878009e+00	4330
3.238541346124157e-01	-3.802404625576576e+00	4331
-3.663867789205931e-01	3.603900215596978e+00	4332
1.489651165034825e+00	-3.374483324992219e+00	4333
2.960974719510283e+00	-5.320683372003617e-01	4334
-2.114878890529469e+00	2.157504157959551e+00	4335
2.997941682518760e-01	3.786920337492082e+00	4336
6.467397632865505e-01	3.803024689964819e+00	4337
-1.632075628204348e+00	2.734275541982232e+00	4338
-1.942636670812194e+00	-2.859720818965398e+00	4339
-1.525628331150507e+00	-1.290471705701208e-02	4340
-2.148804313775889e+00	1.651206440275932e+00	4341
2.256312501646726e+00	2.517282569596234e+00	4342
-7.047609516509815e-01	3.295856419342096e+00	4343
2.334997717147810e+00	-2.509916018981958e+00	4344
-1.216715790580464e+00	-3.366753127724797e+00	4345
1.697416553832123e+00	2.856124822650970e+00	4346
-1.021010088725950e+00	3.137381132689270e+00	4347
-3.684586546499554e-01	-3.625956222431228e+00	4348
2.958719398679522e+00	-1.054985825196490e+00	4349
-1.898183265170236e+00	5.641410600632302e-01	4350
-2.018157567016551e+00	8.614923900080863e-01	4351
-1.687936289244927e+00	-2.082430961415222e-01	4352
2.599143858004625e+00	1.481492931140607e-01	4353
1.378572719115192e+00	3.479008602926366e+00	4354
-2.107929434368873e+00	1.223575636660142e+00	4355
-2.216443455079287e+00	-1.704214454411951e+00	4356
2.555401097317186e+00	-6.331805600356807e-02	4357
-2.070884675417656e+00	-9.075145169321684e-01	4358
-2.150790470222699e+00	-2.250037160941031e+00	4359
2.251075408548848e+00	2.430766902392859e-02	4360
1.562590283050741e+00	3.135444785212346e+00	4361
2.758743041910997e+00	-2.047818027260867e+00	4362
2.797319640690807e+00	-1.608684439332333e+00	4363
-1.765293428339577e+00	3.367446317996312e-01	4364
-1.632702316428665e+00	1.630354081801642e-01	4365
2.707470752769863e+00	5.622441914476024e-01	4366
2.757144014454073e+00	1.449528592470882e+00	4367
2.761904170801072e+00	-2.643964932278943e-01	4368
-1.823895019816008e+00	-3.968250611963606e-01	4369
-1.953246561085416e+00	-6.254212100310608e-01	4370
-2.163860172453524e+00	-1.258343593871521e+00	4371
2.709843518099949e+00	1.980929470373120e+00	4372
2.863622994065095e+00	9.006447381611892e-01	4373
-1.454166940983839e+00	3.132043317864853e+00	4374
1.227081377830356e+00	-3.856569993473553e+00	4375
1.907014209199193e+00	-3.241799362551853e+00	4376
1.944533030806212e+00	3.148923826822544e+00	4377
-8.708672504553888e-01	-3.759822563843136e+00	4378
2.087142041853432e+00	2.870096034659034e+00	4379
3.123984840860432e+00	-7.911613607192275e-01	4380
-1.417866588265314e-01	-3.854879207821357e+00	4381
1.805881701954561e+00	3.488460801336294e+00	4382
4.527976802605219e-01	4.236661386929187e+00	4383
2.699716024446831e+00	-2.419472166223525e+00	4384
-2.238592417352182e+00	-6.714945944030004e-01	4385
-2.401292086094686e+00	-2.674982726571489e+00	4386
-1.735046610221221e+00	-3.331642488272698e+00	4387
2.423263525389452e+00	5.558745603176757e-02	4388
-1.919952543311358e+00	-1.839234179236744e-01	4389
2.779956140878785e+00	-1.022957543165343e-02	4390
2.121864206102076e+00	-2.903411748879248e+00	4391
1.123469532976889e+00	3.885472044287172e+00	4392
-2.420252465865148e+00	1.409439615460404e+00	4393
-2.518084085877362e+00	-2.016680470164110e+00	4394
3.041699487234042e+00	-2.637554008102783e-01	4395
2.992941362445086e+00	6.359418876537671e-01	4396
4.889350052742754e-01	-4.250998655214587e+00	4397
-2.054867201395601e+00	2.592683301546642e+00	4398
3.369556141291764e-03	3.877497806761192e+00	4399
-2.457021098675789e+00	1.926238283401942e+00	4400
-8.053788495557697e-01	3.747674843184439e+00	4401
-1.036870712742127e+00	3.562781396054737e+00	4402
-2.319263036612800e+00	9.788510782555699e-01	4403
2.781060148964799e+00	3.173794608919676e-01	4404
-2.487312119655637e+00	-1.445475322238893e+00	4405
3.077248973821134e+00	-1.853889694562626e+00	4406
3.050782890915756e+00	-1.379108050978205e+00	4407
-1.855360253219017e+00	1.303723139629550e-01	4408
-1.734388501064889e+00	-2.033701004374910e-02	4409
2.648623494547198e+00	2.387084160465892e+00	4410
2.802619294545246e+00	1.761755557037542e+00	4411
-2.019016347986687e+00	3.407808005786197e-01	4412
-2.082578311054053e+00	-4.008991056137487e-01	4413
-2.178813227281190e+00	6.235670924602825e-01	4414
-2.379562200541273e+00	-1.012868710814501e+00	4415
2.978183532651511e+00	1.202136371612647e+00	4416
-1.433113469779974e+00	-3.807157413799083e+00	4417
1.594154973200633e+00	3.900096186982595e+00	4418
-2.568012035647661e+00	-7.347703939585357e-01	4419
6.169594779307247e-02	-4.226155966644567e+00	4420
-2.314318553228532e+00	3.601020730316513e-01	4421
-1.542176147575552e+00	3.635067067211933e+00	4422
3.071274782482355e+00	-2.257715046716934e+00	4423
-2.113618542764864e+00	9.792154288500626e-02	4424
-1.931341484488191e+00	3.055466448507642e+00	4425
1.005337852093632e+00	-4.217082388381751e+00	4426
-2.842524908864608e+00	-2.412772703310319e+00	4427
2.343302160060912e+00	3.177843548941340e+00	4428
-2.464838036683369e+00	2.379693279047371e+00	4429
-5.619385537991866e-01	-4.041883046023538e+00	4430
1.769095710799833e+00	-3.746822739973607e+00	4431
-4.454542863538397e-01	4.087143798001797e+00	4432
-2.774500551065683e+00	1.643843389754194e+00	4433
-2.268579868660735e+00	-3.202522800595230e+00	4434
2.999961892220442e+00	2.232728627317434e+00	4435
-2.184916131537201e+00	-1.543269197818189e-01	4436
-2.849646883719648e+00	-1.711834750044716e+00	4437
3.247672415960699e+00	-4.983918110199900e-01	4438
3.066557369697260e+00	1.537007274935989e+00	4439
2.520456594369723e+00	2.806813367672010e+00	4440
2.239415203536360e+00	3.468727784233962e+00	4441
8.868145826513993e-01	4.248301942219935e+00	4442
2.331264079638676e+00	-3.272378146117442e+00	4443
2.565354626732864e+00	-2.833433475652411e+00	4444
-2.502352246490202e+00	7.007416313779652e-01	4445
3.158717094737970e+00	9.185456038430067e-01	4446
-2.732772360079877e+00	-1.154026540459232e+00	4447
3.032926815523609e+00	8.833112487963862e-02	4448
3.079476244274497e+00	3.488526818590930e-01	4449
-2.664485566867001e+00	1.124795407942168e+00	4450
3.373566565488871e+00	-1.598668061506638e+00	4451
3.270645839397828e+00	-1.104502520313505e+00	4452
-2.380332123882603e+00	-4.090612612899761e-01	4453
-4.520573387933198e-02	4.412263215693061e+00	4454
-2.032624564306194e+00	-3.752464217058299e+00	4455
2.088211548044840e+00	-3.657781358331587e+00	4456
-2.792859454105328e+00	-2.974918192056643e+00	4457
-2.407242899948788e+00	2.878210787610098e+00	4458
6.568229941193936e-01	4.738155202813920e+00	4459
-1.067997361617935e+00	-4.237490601844964e+00	4460
-3.138478651103469e+00	-1.359550969119687e+00	4461
3.133510879215303e+00	1.880674117106813e+00	4462
1.550961880271748e+00	-4.260933060723791e+00	4463
1.372236562668628e+00	4.340846691703648e+00	4464
-3.861413141788990e-01	-4.593150090285166e+00	4465
3.431260013985343e+00	-2.021761703512525e+00	4466
2.467252294458577e-01	-4.729295785183469e+00	4467
3.291259429643234e+00	6.044823563606774e-01	4468
3.304052940382744e+00	1.253080899353103e+00	4469
-2.724935658730844e+00	-4.270746282229798e-01	4470
-9.374882860370459e-01	4.249814478222097e+00	4471
-2.097626929271416e+00	3.587824334716851e+00	4472
7.792673189981735e-01	-4.727162475555888e+00	4473
-2.937391875834639e+00	-2.143193336269607e+00	4474
2.061746984712883e+00	3.896280057330879e+00	4475
-2.847777702775043e+00	2.102018807934808e+00	4476
-2.402343928118662e+00	5.590278367959790e-02	4477
2.946092375590216e+00	2.665382390040687e+00	4478
2.781928442569332e+00	3.159982288205668e+00	4479
2.679448998144602e+00	3.462787298098081e+00	4480
2.796418867970975e+00	-3.237449668473990e+00	4481
3.001361964707125e+00	-2.701599180273055e+00	4482
-3.059567585348333e+00	1.311949732824340e+00	4483
3.311518985877629e+00	-1.469764838036513e-01	4484
3.303403655396937e+00	1.731569606151560e-01	4485
-2.948887414647905e+00	-8.266432399246192e-01	4486
-2.875187971349309e+00	8.007913579046340e-01	4487
3.634175464756832e+00	-1.286075346714882e+00	4488
3.446761530469757e+00	-7.904674428180333e-01	4489
-2.489960702483759e+00	-1.222192300268265e-01	4490
-2.653717246063750e+00	3.943802631975915e-01	4491
-3.287021977543538e+00	-1.815631411627279e+00	4492
1.868121075315784e+00	4.348205186126403e+00	4493
-2.646072419524432e+00	-3.586213124703758e+00	4494
-2.664980695416550e+00	3.413442794501972e+00	4495
1.035827822277420e+00	4.792558372918437e+00	4496
-1.696751726568245e+00	-4.295461737023645e+00	4497
3.420020067631557e+00	1.621294446695672e+00	4498
-5.464625442109733e-01	4.631519920346176e+00	4499
-3.197556293949369e+00	1.767540453530631e+00	4500
2.581195968878649e+00	-3.683912300006738e+00	4501
1.299402744741795e+00	-4.708661478472789e+00	4502
-1.228999028981421e+00	4.034777015122289e+00	4503
-1.861204133932136e+00	4.075401548323821e+00	4504
-3.046865374332904e+00	4.430354687791913e-01	4505
2.513829254941205e+00	3.880073832004709e+00	4506
3.580496293709828e+00	3.950150791455945e-01	4507
3.569794130497243e+00	-4.279070122868956e-01	4508
-2.867799518062718e+00	2.620546675820789e+00	4509
3.495039371088113e+00	9.197837582311087e-01	4510
-9.659251898065963e-01	-4.871362808588938e+00	4511
3.762257998037356e+00	-1.714021977872898e+00	4512
-1.834130218055423e-01	-5.188325979272014e+00	4513
8.427635633416766e-02	5.055783626522479e+00	4514
5.149575290888430e-01	-5.276004458939794e+00	4515
3.392630221946325e+00	2.179573231479242e+00	4516
3.340682262012362e+00	2.495386701682104e+00	4517
3.247648735812800e+00	3.040458564854382e+00	4518
3.143038590184866e+00	3.451541079512065e+00	4519
3.282617484027568e+00	-3.115337769391833e+00	4520
3.430743181046646e+00	-2.493988574595583e+00	4521
-3.388348072056416e+00	-9.700069718533245e-01	4522
-3.304806781068353e+00	9.341656342228549e-01	4523
-3.125713638173652e+00	-4.646636924518115e-01	4524
3.845686907558191e+00	-9.223669889635678e-01	4525
3.587424608944150e+00	1.849187308577037e-02	4526
-2.843778722785669e+00	-9.248010552724423e-02	4527
-1.377212666679687e+00	4.541061073335875e+00	4528
-3.591202594148448e+00	-5.433337652305840e-01	4529
-3.260600236640353e+00	-2.732128492459752e+00	4530
1.623920164765539e+00	4.873262645469271e+00	4531
1.870894074947768e+00	-4.732589349439120e+00	4532
3.995164660401453e+00	-5.142969131739856e-01	4533
3.892696609258285e+00	-2.191651217464150e-01	4534
2.308503435504161e+00	-4.126154080298920e+00	4535
-3.509005667998927e+00	1.379297907814143e+00	4536
1.108633901165493e+00	-5.258471347660689e+00	4537
-1.102276962409839e+00	4.811233178438185e+00	4538
-2.475423133624722e+00	4.007296997367438e+00	4539
-2.854157107115554e+00	3.132637537240152e+00	4540
-2.382371419504223e+00	-4.221815990293235e+00	4541
4.048001948416088e+00	-1.339806939567406e+00	4542
-5.415703171915246e-01	5.307634869326424e+00	4543
-3.402103732140691e+00	-2.291636997787923e+00	4544
2.357862261450111e+00	4.340512560668740e+00	4545
-3.598409575746523e+00	-1.421891534234170e+00	4546
3.118874264688627e+00	-3.631586267573568e+00	4547
-3.192708309531527e+00	-3.393075528693937e+00	4548
7.679086214757763e-01	5.316768843321122e+00	4549
3.676082254219839e+00	1.291111667836958e+00	4550
-3.295242226956705e+00	2.289233556159343e+00	4551
3.852222895108098e+00	7.064931043878034e-01	4552
-1.671226861518047e+00	-5.012576889467168e+00	4553
-7.948447016920663e-01	-5.571574508647378e+00	4554
9.003787880498056e-02	-5.832668568491065e+00	4555
3.771890022396558e+00	1.918102177572609e+00	4556
2.976499984284881e+00	3.882437500424022e+00	4557
3.757079917949569e+00	2.401689264502285e+00	4558
3.709896903297336e+00	2.839330604683342e+00	4559
3.640110567994382e+00	3.359643921550847e+00	4560
3.774061036458979e+00	-2.903368420148732e+00	4561
3.839672214662892e+00	-2.204034979015233e+00	4562
-3.502798420560669e+00	5.161944359985086e-01	4563
3.899304806997598e+00	2.108528942284424e-01	4564
-3.258654365536469e+00	-9.685069062614493e-03	4565
-1.211124037961325e+00	5.500694670247725e+00	4566
2.175209499965948e+00	4.851939271963877e+00	4567
-3.866557075145894e+00	-9.773721666867281e-01	4568
-3.773251985395426e+00	9.408318914458971e-01	4569
-3.781480359852845e+00	-1.920503006513743e+00	4570
-2.108099848268720e+00	4.628784221561000e+00	4571
-3.681589629020749e+00	1.893993282768695e+00	4572
2.516824532514131e+00	-4.734903566359281e+00	4573
2.875132272819592e+00	-4.147271051639447e+00	4574
1.334922538348549e+00	5.359249228081896e+00	4575
8.168358212788577e-01	-5.906955664760735e+00	4576
3.679923969870724e+00	-3.476823695926641e+00	4577
4.227982430787699e+00	4.900637676473455e-01	4578
4.272931715822685e+00	-9.062831147357873e-01	4579
4.264937291770849e+00	-1.307999852320649e-01	4580
-1.629902239644708e+00	5.073886199389737e+00	4581
-3.787479933472260e+00	-2.658984969247493e+00	4582
-3.731501897822804e+00	-3.113515858039722e+00	4583
1.644756126212696e+00	-5.221237662304226e+00	4584
-3.743384334624900e+00	8.770165067214781e-03	4585
-3.342486275770078e+00	2.851466852888969e+00	4586
-2.094996460657546e+00	-4.799696915743217e+00	4587
-3.048280744663518e+00	-4.045109987471882e+00	4588
1.033321884071250e-01	5.742535034819550e+00	4589
3.500822218949344e+00	3.867079243583463e+00	4590
-1.570395177397042e+00	-5.819337414788118e+00	4591
-5.393859134836775e-01	-6.333709649718544e+00	4592
4.106236003801849e+00	1.099419072246630e+00	4593
4.098014030351510e+00	1.547440980545366e+00	4594
2.826648954265182e+00	4.325234424599412e+00	4595
4.182863482271738e+00	2.172498816836133e+00	4596
4.180933294809402e+00	2.668925808745732e+00	4597
4.152111992819348e+00	3.163822993555812e+00	4598
4.251514441211206e+00	-2.594752617943519e+00	4599
4.208398563161545e+00	-1.832162488949834e+00	4600
-1.867531053481620e+00	5.726847521928918e+00	4601
-4.119912297735767e+00	-1.473655814264642e+00	4602
-2.775095425192056e+00	4.604102905742380e+00	4603
-3.062527147665732e+00	3.867838558190367e+00	4604
-2.277905082627714e+00	5.290427447541593e+00	4605
1.951378536225261e+00	5.426701501504648e+00	4606
-3.347625760522751e+00	3.421688588400711e+00	4607
-2.155031867183063e+00	-5.448803271516801e+00	4608
-2.806766409405882e+00	-4.724728312297011e+00	4609
4.078156073757296e+00	3.748827553810531e+00	4610
4.243868409067887e+00	-3.214290172176740e+00	4611
2.234085802532000e+00	-5.258936385662394e+00	4612
3.494832290490308e+00	-4.074950785668036e+00	4613
-3.810725736263443e+00	2.474560407334855e+00	4614
-3.997218976741726e+00	4.709529550486358e-01	4615
3.167508590382357e+00	-4.726686699126582e+00	4616
-4.020979539046282e+00	1.439943435018954e+00	4617
2.973475202866014e-01	-6.585279146190163e+00	4618
-3.686712581284998e+00	-3.788629409683971e+00	4619
3.327265185924063e+00	4.336573539098577e+00	4620
-6.380837259971933e-01	6.031950101464338e+00	4621
4.441721621021305e+00	-5.161511772177967e-01	4622
4.641373641056583e+00	2.008912345348522e-01	4623
-4.289112947075341e+00	-2.285457573709720e+00	4624
-4.297177681590958e+00	-2.952048868788276e+00	4625
1.418744628608874e+00	-5.856542537701904e+00	4626
-4.083591032406107e+00	-4.559167265508858e-01	4627
8.912699765815714e-01	6.014018196259571e+00	4628
-1.372020651568600e+00	-6.710443485108715e+00	4629
4.556031669231475e+00	8.702718191469568e-01	4630
4.509320478773815e+00	1.329749694567131e+00	4631
2.695878467784557e+00	4.826957957194269e+00	4632
4.572969776456199e+00	1.801027109905050e+00	4633
4.658897205114990e+00	2.422469975770775e+00	4634
4.676943888329714e+00	2.946256148891060e+00	4635
4.692096047439184e+00	-2.186765486125359e+00	4636
4.520993319269061e+00	-1.384412450633725e+00	4637
1.898218247274303e+00	-5.856226955760678e+00	4638
-2.566202459425742e+00	5.972952784451602e+00	4639
4.787343169268722e+00	-2.837022848753240e+00	4640
-4.717564740812008e+00	-1.772132458184107e+00	4641
1.276948829633955e-01	6.521156498089690e+00	4642
-4.305107549702600e+00	9.421606937104061e-01	4643
2.874439539056908e+00	-5.301631005394139e+00	4644
3.920390347730212e+00	4.325351838478347e+00	4645
-1.351025991658388e+00	6.251369600806471e+00	4646
-3.884156050161482e+00	3.097394887710919e+00	4647
4.141768023221005e+00	-3.881036000038987e+00	4648
4.756064813993333e+00	-9.135682228626993e-01	4649
-4.265141137739934e+00	3.226629544856782e-02	4650
1.148917538256459e+00	-6.621444047299515e+00	4651
-3.540983740255011e+00	-4.526834799941102e+00	4652
-2.964384310647554e+00	-5.521113432448029e+00	4653
-4.889491302349536e-01	-7.191103236605600e+00	4654
-3.044063973525264e+00	5.322238658650980e+00	4655
1.574907099419846e+00	6.027931419601938e+00	4656
-3.468172752103046e+00	4.450758089091924e+00	4657
-3.677756760586156e+00	3.945735972486395e+00	4658
3.851125062789274e+00	-4.660539622885824e+00	4659
-4.234598416455715e+00	2.016239037941234e+00	4660
-4.409769086046245e+00	-9.536710765679022e-01	4661
4.722224044866775e+00	-1.547537974057212e-01	4662
-4.170821060841199e+00	-3.586704944814741e+00	4663
-4.866359171660227e+00	-2.611576008155569e+00	4664
-2.200585288803544e+00	-6.314485098830591e+00	4665
4.642205726936391e+00	3.542121737655111e+00	4666
2.541884704905659e+00	5.392483229024566e+00	4667
4.979001675893024e+00	1.143833465641235e+00	4668
5.002257101336832e+00	1.502543667000786e+00	4669
5.037032957489941e+00	5.893427588012113e-01	4670
5.111920218176417e+00	2.042872472360080e+00	4671
5.209783906279349e+00	2.665622995262640e+00	4672
5.073810420320255e+00	-1.685490557494699e+00	4673
3.573925402971383e+00	-5.307245453950510e+00	4674
-1.317266279130328e+00	-7.658901983435443e+00	4675
-2.047939913454053e+00	6.504681781836835e+00	4676
5.282283665515780e+00	-2.344680447961281e+00	4677
-4.544350747076745e+00	4.711220140523670e-01	4678
5.385314768924006e-01	-7.438336926673202e+00	4679
3.356815100735249e+00	5.128802654817768e+00	4680
4.567955601572900e+00	4.196274792009700e+00	4681
-3.389334464287424e+00	6.076657898771914e+00	4682
2.569220491172397e+00	-5.895192328540085e+00	4683
-4.601984783237214e+00	1.493898683572127e+00	4684
-2.122081068514116e+00	-7.214851822547208e+00	4685
2.303470448773151e+00	6.067549773842574e+00	4686
4.923281469444018e+00	-6.016918448156897e-01	4687
-5.382176023297810e+00	-2.086906151719232e+00	4688
1.657925810263121e+00	-6.547684825387914e+00	4689
4.789039221535299e+00	-3.557475664358514e+00	4690
1.063023542738678e+00	6.798117476674168e+00	4691
5.117060321425529e+00	1.207939433975365e-01	4692
-7.138692990562757e-01	6.856067259883027e+00	4693
-4.399727082347160e+00	2.663684594479259e+00	4694
4.570475403191302e+00	-4.483683044576477e+00	4695
-3.846264396891417e+00	-5.366981119992622e+00	4696
-4.357795008787910e+00	3.661316318531989e+00	4697
-3.862232716088791e+00	5.181511520313909e+00	4698
-4.158473012542887e+00	4.440993147193995e+00	4699
-4.639842341967558e+00	-4.091860344806343e-01	4700
-5.070697241025442e+00	-1.171755182370349e+00	4701
-4.165472698248925e+00	-4.259641131382054e+00	4702
-4.865032594700160e+00	-3.349955679538213e+00	4703
-3.115863041654613e+00	-6.429921481240014e+00	4704
5.497850787371429e+00	1.289469019876110e+00	4705
5.503567073906035e+00	9.166791031674822e-01	4706
5.225385767788707e+00	3.296744964994903e+00	4707
5.577540704187111e+00	1.666625054443587e+00	4708
5.725647310643807e+00	2.265146309331820e+00	4709
-4.305142546875085e+00	5.987861248904748e+00	4710
-2.144785929517090e+00	-8.205872933063368e+00	4711
-1.498364627817985e+00	7.096796243562776e+00	4712
-3.287960524029604e-01	-8.147533842774514e+00	4713
1.911460786973175e+00	6.786264214882965e+00	4714
1.843081665146580e-01	7.401994046802375e+00	4715
3.106031382231927e+00	5.922062743820305e+00	4716
-4.828774568745321e+00	-1.921480534123420e-02	4717
5.406956214250053e+00	-3.098311283941868e+00	4718
3.270022296847578e+00	-5.941307826028164e+00	4719
-5.550721526346137e+00	-2.893716823961567e+00	4720
-4.863652385191260e+00	2.135111965256305e+00	4721
5.186527700551841e+00	-3.989389814061569e-01	4722
5.256901918606994e+00	-9.829836812953773e-01	4723
-5.815582703774560e+00	-1.428505395392664e+00	4724
-4.901306626591803e+00	9.537871296582126e-01	4725
-3.140405210053002e+00	-7.481641200982954e+00	4726
4.344091479100786e+00	-5.229150115645533e+00	4727
5.702357041320322e+00	-1.848557446690171e+00	4728
5.200970613365793e+00	3.965792687645027e+00	4729
5.565638187550894e+00	3.866620686886241e-01	4730
6.043474427632628e+00	1.110212669752896e+00	4731
-4.772558598604604e+00	-4.006712990809290e+00	4732
-2.869106312176776e+00	6.780296361200524e+00	4733
2.191422748551549e+00	-6.572140477423434e+00	4734
5.305710466509177e+00	-4.167358295784661e+00	4735
4.369691152566944e+00	4.881550114897891e+00	4736
-4.997356526631140e+00	3.187977377041423e+00	4737
-4.911697104710296e+00	4.217681183188816e+00	4738
-4.678073454537671e+00	5.078189686827289e+00	4739
-5.341607334459517e+00	-5.152412666650543e-01	4740
-4.127189560641606e+00	-6.340988549877232e+00	4741
5.839049498742216e+00	2.956644176396190e+00	4742
6.239305715559373e+00	1.819767795533909e+00	4743
-5.247848655447397e+00	5.842779272246048e+00	4744
-4.312345509477555e+00	-7.497153483123983e+00	4745
-6.148553776013779e+00	-2.240814745030752e+00	4746
6.690206852152053e-01	-8.477802628064769e+00	4747
-5.566795402490808e+00	2.580090423235928e+00	4748
5.116085837559351e+00	4.718480247713822e+00	4749
-2.281847516535686e+00	7.377360609091570e+00	4750
-5.548583922693656e+00	-3.739309798415368e+00	4751
6.025863992099052e+00	-3.695483855629805e+00	4752
4.046459994873245e+00	-5.953029608230689e+00	4753
-5.533887080299725e+00	4.848080448940496e+00	4754
-1.224889011444551e+00	-8.711148610406083e+00	4755
-7.789895887040725e-01	7.791593275648396e+00	4756
-5.257290233248167e+00	1.546083653913741e+00	4757
-4.735434611522550e+00	-4.778642244299997e+00	4758
1.291904607772290e+00	7.682296891657370e+00	4759
6.761940985274549e+00	1.292755049533469e+00	4760
5.946110224710893e+00	-2.553215030025604e+00	4761
5.862295466976346e+00	3.678605435046618e+00	4762
1.888067661301146e+00	-7.331205439736643e+00	4763
-5.660655890004097e+00	3.760882722221135e+00	4764
2.798746010049719e+00	6.748469720227253e+00	4765
5.168934252162484e+00	-5.012371720666509e+00	4766
5.975907292695438e+00	-1.159457927874996e+00	4767
-5.155826618687711e+00	4.422537052528813e-01	4768
5.627215388907321e+00	-1.302316358914094e-01	4769
-3.858706074271109e+00	6.882727056531981e+00	4770
-3.202551845343816e+00	-8.612404711120259e+00	4771
3.957517033363094e+00	5.700194744074154e+00	4772
-4.738516802256865e+00	-5.634320431229138e+00	4773
2.944515291152483e+00	-6.614607281164478e+00	4774
-6.149565267799691e+00	-6.753623286557263e-01	4775
6.416399049746015e+00	2.517671875754474e+00	4776
3.718992381498441e+00	-6.657835904746872e+00	4777
1.467524475968628e+00	-7.849915102338282e+00	4778
-6.338754965678181e+00	-3.191877260473643e+00	4779
6.684205053826474e+00	-3.074823891785765e+00	4780
2.774095867923685e-01	8.398028186264686e+00	4781
-1.669127191174587e+00	8.053488451383181e+00	4782
6.551091464239294e+00	3.292488579335413e+00	4783
-6.046370258578778e+00	1.872347142138836e+00	4784
-4.886685505739817e+00	6.800301350871679e+00	4785
-5.456480458413316e+00	-1.187961995968371e-01	4786
-2.236405523656390e+00	-9.337139485423167e+00	4787
6.355179867241979e+00	-4.580881399472134e-01	4788
6.151230809047115e+00	1.923617679084599e-01	4789
-3.234307746952516e+00	7.692130261237234e+00	4790
6.014142314908113e+00	-4.625161332933320e+00	4791
5.839990083280282e+00	4.446176717822067e+00	4792
6.993343202850094e+00	2.019098484790958e+00	4793
-1.962416418367041e-01	-9.232726540332118e+00	4794
-6.226559572599144e+00	5.585226065882590e+00	4795
2.334699527048042e+00	7.637799081658808e+00	4796
-5.444445961284677e+00	-4.499185083481102e+00	4797
4.918904601922385e+00	-5.862459853950977e+00	4798
-6.349110939532687e+00	3.111187713391437e+00	4799
-5.866774727404393e+00	2.349410062326631e-02	4800
-5.096560058699435e+00	-6.660994776814467e+00	4801
6.560969986654579e+00	5.872764001761996e-01	4802
6.414159997830494e+00	-1.863565236636229e+00	4803
2.651213809363830e+00	-7.312956347693839e+00	4804
-6.400043550735083e+00	4.397351930685129e+00	4805
3.691484961699009e+00	6.565963761873378e+00	4806
5.678877294825502e+00	-7.108041661843003e-01	4807
-5.570898409941502e+00	9.499206913458628e-01	4808
-6.630465387441407e+00	-1.451377160033776e+00	4809
-4.480509072107888e+00	-8.773218678506652e+00	4810
4.855143122978697e+00	5.560119499498622e+00	4811
-5.530053364060064e+00	-5.201748887452630e+00	4812
-6.310147487797807e+00	-4.748655778735468e+00	4813
3.420982665105380e+00	-7.368281160310743e+00	4814
-4.365972916334159e+00	7.812303641294752e+00	4815
-7.223830216305143e+00	5.123477496854841e+00	4816
-7.022915629370992e+00	-2.405569687089021e+00	4817
-6.939678608654289e+00	2.309491907846544e+00	4818
8.997649150873449e-01	-9.611189113581572e+00	4819
7.201574969312817e+00	2.801349625658730e+00	4820
-2.561697782705736e+00	8.365654826227910e+00	4821
-1.178699364683139e+00	-9.902547683231873e+00	4822
1.584674414598189e+00	8.679447896180580e+00	4823
5.864119290601747e+00	-5.600922700152836e+00	4824
-7.014277309748860e+00	-6.760348760785203e-01	4825
3.362188231524192e+00	7.524353350455771e+00	4826
5.733944491188316e+00	5.331103840901193e+00	4827
4.589488927341288e+00	-6.677098920155426e+00	4828
-8.385786528805828e-01	8.854150167094520e+00	4829
-3.533903605434258e+00	-9.802696193302324e+00	4830
6.588206551213753e+00	4.111472295661813e+00	4831
6.833926742653439e+00	-4.055358057634712e+00	4832
2.288833132176972e+00	-8.184342641381869e+00	4833
7.327108393071224e+00	7.488054800471003e-01	4834
7.577475191548523e+00	1.431997963072092e+00	4835
-5.954744410224914e+00	6.629473016087239e+00	4836
-6.333191741189274e+00	-4.171215391564935e+00	4837
-7.219576564180446e+00	3.719833526107994e+00	4838
6.859268890580045e+00	5.601896353249525e-02	4839
6.731239150206887e+00	-1.141550880262178e+00	4840
7.256908140752197e+00	-2.310565926067769e+00	4841
1.651408647710139e+00	-8.901587579504982e+00	4842
4.548189334928688e+00	6.379071051922518e+00	4843
-6.348872721790101e+00	6.856377113392508e-01	4844
-5.415432491444296e+00	-7.873157402973773e+00	4845
-5.544482525438941e+00	-6.173246594938934e+00	4846
-3.627458758905280e-02	-1.045757838755428e+01	4847
-5.719735030604445e+00	-9.124670326087667e+00	4848
4.091564053885995e-01	9.524498364510759e+00	4849
-6.399533564424360e+00	-5.708614464485823e+00	4850
8.191927636076652e+00	8.180100141538332e-01	4851
2.835041765099778e+00	8.597486298767933e+00	4852
-6.824870765293162e+00	1.417646656451599e+00	4853
7.360456634837286e+00	3.672838694991652e+00	4854
-2.366933777321978e+00	-1.062533018038625e+01	4855
7.578257934577909e+00	-3.306120018305188e+00	4856
-7.553270364175771e+00	-1.519740280971192e+00	4857
7.849881253344718e+00	2.242449250648983e+00	4858
-5.542588417470459e+00	7.724864968968695e+00	4859
5.582911813867943e+00	-6.572950031887562e+00	4860
-4.859380353353982e+00	-1.006994002377157e+01	4861
-1.863137210362351e+00	9.140983292056218e+00	4862
6.567869896232785e+00	4.999052592093050e+00	4863
6.833191895919357e+00	-5.132357174688029e+00	4864
-7.092880357309728e+00	6.301841237407027e+00	4865
4.248910763621424e+00	-7.436123979974105e+00	4866
-7.941650584443793e+00	2.842337399369117e+00	4867
-8.188431450219294e+00	4.417640469229601e+00	4868
7.698872999351571e+00	-7.692888638731882e-03	4869
2.007905181874185e+00	-1.002850297594819e+01	4870
2.970562782625652e+00	-8.224167676419446e+00	4871
-6.625149461127867e+00	-8.279431252821205e-03	4872
-3.644717573397196e+00	8.728032175066023e+00	4873
5.488899632880352e+00	6.249440102235559e+00	4874
2.706861237891377e+00	-9.194777857091973e+00	4875
7.109548498477644e+00	-5.744315540875738e-01	4876
-7.240192345796046e+00	-3.516653033556350e+00	4877
7.211710289580330e+00	-1.785800974453678e+00	4878
4.321443879647251e+00	7.312832010472836e+00	4879
-6.656549680057163e+00	-8.231374377817582e+00	4880
8.492137765240560e+00	1.643373169817756e+00	4881
4.000828256460786e+00	8.407009963623052e+00	4882
6.667600762941248e+00	-6.259261613932476e+00	4883
-1.137026350309625e+00	-1.125356076832821e+01	4884
-8.259653470566002e+00	5.718607111925641e+00	4885
1.942550490733093e+00	9.803414618529080e+00	4886
-3.801366410866403e+00	-1.117582691511424e+01	4887
-2.877715630581081e+00	9.487217536847535e+00	4888
8.661785345647047e+00	-2.431676074902712e-02	4889
-7.771121347630882e+00	1.785247522605651e+00	4890
8.212163316748862e+00	-2.551166614047647e+00	4891
-7.988126004460310e+00	-6.473292186186382e-01	4892
8.093826397473087e+00	3.120889855129950e+00	4893
7.767480976984292e+00	-4.444063039545460e+00	4894
7.415356361359248e+00	4.604146165234313e+00	4895
7.936398808826884e+00	-8.453839725279128e-01	4896
-8.910515401308572e-01	1.006143718121606e+01	4897
3.212028216773626e+00	-1.032498494327828e+01	4898
-6.432768108741016e+00	-6.793073217357137e+00	4899
-4.933979997286009e+00	8.871790569467448e+00	4900
-7.280601955359159e+00	-5.141096168428496e+00	4901
5.216375834164574e+00	-7.482092638906025e+00	4902
5.218302449940068e+00	7.120778685109469e+00	4903
6.465074654147830e+00	5.993318210327637e+00	4904
-8.013674097828437e+00	-2.601377134941182e+00	4905
-6.774794227949123e+00	7.511807371027160e+00	4906
-6.220582833872249e+00	-1.044392262689965e+01	4907
-9.061600624601390e+00	3.472481132923043e+00	4908
1.125376497421057e+00	-1.088001008300128e+01	4909
3.889698570258285e+00	-8.276388635297250e+00	4910
-7.491062369630217e+00	4.890638530303848e-02	4911
7.521298261591934e+00	-1.260826037526245e+00	4912
-7.201733439895611e+00	6.257422408111447e-01	4913
5.821802440089588e-01	1.079982189858196e+01	4914
3.415928067518909e+00	9.678665395720088e+00	4915
-8.278125392028006e+00	4.633524145598255e-01	4916
1.327712792363005e-01	-1.183894983836613e+01	4917
8.953635960682250e+00	-1.015195421985002e+00	4918
-2.474242146950273e+00	-1.208753414621481e+01	4919
9.198100752384850e+00	8.782128165529933e-01	4920
8.808031808555535e+00	2.518062630538236e+00	4921
8.282728242387073e+00	4.101821685954246e+00	4922
-8.886153947788083e+00	2.227723198563330e+00	4923
5.036011827806545e+00	8.145823489417850e+00	4924
3.660753858623389e+00	-9.282892971056896e+00	4925
-8.096833956042682e+00	7.100291141504624e+00	4926
8.582663181625781e+00	-3.617730801702115e+00	4927
8.177782384970621e+00	-1.780166622087746e+00	4928
-8.601869483010558e+00	-1.594637042411270e+00	4929
-6.291062263783501e+00	8.774123212651071e+00	4930
-5.234432930290065e+00	-1.152985340678563e+01	4931
-4.104833699432600e+00	9.904713474565018e+00	4932
-7.642494488794734e+00	-7.338343618494242e+00	4933
-2.076586798560987e+00	1.037975313717515e+01	4934
-8.284542158409014e+00	-3.987583697995667e+00	4935
7.779485026981821e+00	-5.693450686648415e+00	4936
2.364060282714927e+00	-1.132884064554307e+01	4937
-7.405623751664157e+00	-6.243859402156470e+00	4938
6.347755167037974e+00	-7.370276415517623e+00	4939
6.231843795131826e+00	6.993287748074389e+00	4940
7.407221529960177e+00	5.611400224201565e+00	4941
-7.092932850913646e+00	-9.450117060384184e+00	4942
-9.375096465267710e+00	4.845452005392162e+00	4943
4.825710931765352e+00	-8.336160283553546e+00	4944
4.737312360980811e+00	9.399501681162938e+00	4945
-6.780842967759772e+00	-1.194235792869651e+01	4946
-3.231301143540307e+00	1.076139523078991e+01	4947
3.753321519892085e+00	-1.163883225527560e+01	4948
8.828513378106852e+00	-4.892960827621461e+00	4949
-9.451566209030426e+00	6.379103549974576e+00	4950
-8.639370612924695e+00	-6.547341681938708e+00	4951
9.300490970712866e+00	-2.769788023280750e+00	4952
9.547026381415980e+00	1.832136051973137e+00	4953
1.963418718562055e+00	1.126070059770875e+01	4954
2.777281936606088e+00	1.088697133659895e+01	4955
-4.051266658830633e+00	-1.273791459703891e+01	4956
-7.690492046495209e+00	-1.085429777521316e+01	4957
5.984836997409938e+00	7.930620609706589e+00	4958
-1.074812512677177e+00	-1.277859217281205e+01	4959
9.732996758441182e+00	-1.575172480987638e-01	4960
-8.005007872042906e+00	-8.553931885484969e+00	4961
-5.575867506393928e+00	1.007678342525542e+01	4962
9.098536176282114e+00	3.489090372373516e+00	4963
-9.327480729136759e-01	1.143294492647732e+01	4964
1.416749046808289e+00	-1.229936589537399e+01	4965
7.312631244737710e+00	6.717919750879538e+00	4966
8.361644204465557e+00	5.154269505856842e+00	4967
-8.675929985809338e+00	1.136566802349650e+00	4968
-7.720116299478457e+00	8.507842834148908e+00	4969
7.594444963939607e+00	-6.996475521034451e+00	4970
-1.004310609657885e+01	2.697737986200978e+00	4971
4.498914903999363e+00	-1.025833225552948e+01	4972
-9.065183475255740e+00	-4.669685499295669e-01	4973
9.157427290580609e+00	-2.092227555956197e+00	4974
-8.475946937632559e+00	-5.410410001718199e+00	4975
-9.144920931776811e+00	-2.849385061798297e+00	4976
-1.034005775410215e+01	3.901750110607034e+00	4977
5.921042609677110e+00	-8.397557815528133e+00	4978
4.237818152117846e+00	1.076590397496442e+01	4979
-5.663363598100709e+00	-1.317767510336743e+01	4980
-9.730260323204426e+00	-5.808722474572153e+00	4981
-2.559389744160808e+00	-1.374156813209525e+01	4982
1.035397937434243e+01	9.159081716725180e-01	4983
-2.308705592882738e+00	1.179186217571278e+01	4984
7.220934441977877e+00	-8.274461802071967e+00	4985
9.731670847456417e+00	-3.959213978321944e+00	4986
-1.138073718928398e+01	3.005050183985815e+00	4987
-8.424166162825836e+00	-1.239145553647678e+01	4988
-7.145827111494864e+00	9.965874884821536e+00	4989
-9.803413946545261e+00	-1.614511184064647e+00	4990
9.899895780962478e+00	2.815010283873919e+00	4991
9.331152015112592e+00	4.584207446940524e+00	4992
-9.253879069405057e+00	7.995531649441019e+00	4993
-8.495274766747578e+00	-9.966361080093217e+00	4994
-9.830317986187840e+00	1.476021175818116e+00	4995
1.005660909071596e+01	-1.315611752671126e+00	4996
5.941675711674173e-01	1.226548504412794e+01	4997
5.308501948652997e+00	-9.470186697295873e+00	4998
8.862968058600357e+00	-6.325239657874199e+00	4999
7.084271226304758e+00	7.808170015824862e+00	5000
8.371277428798027e+00	6.288502668113770e+00	5001
-1.069309209549278e+01	5.403380361828099e+00	5002
-8.961169969251024e+00	-7.747999499562964e+00	5003
-4.621936907608397e+00	1.124126170429550e+01	5004
2.810875407509382e+00	-1.277356355304310e+01	5005
-9.517642996485918e+00	-4.310865841457634e+00	5006
5.752247780868694e+00	9.098406872972046e+00	5007
3.487474032927888e-01	-1.339341990571961e+01	5008
5.282192104165807e+00	-1.156988196307040e+01	5009
6.824942397693337e+00	8.867773195005856e+00	5010
-1.049185406753288e+00	1.297755672827716e+01	5011
-7.293213870957922e+00	-1.368564934197714e+01	5012
1.787157997738549e+00	-1.388871571860412e+01	5013
-4.310433965364054e+00	-1.450690574411168e+01	5014
1.096047306172201e+01	-3.073876644610859e-01	5015
-8.806473447884819e+00	9.635369919062196e+00	5016
-3.626239502996305e+00	1.221022336567493e+01	5017
-6.302752143210002e+00	1.144713919095269e+01	5018
-1.034208102294046e+01	-4.560060256945804e-01	5019
-1.175057964720949e+01	4.395736415026350e+00	5020
9.442181290597640e+00	5.766719080951106e+00	5021
-9.544843207209018e+00	3.197002149322336e-01	5022
1.004209311482070e+01	-5.397268866775287e+00	5023
1.024061263412324e+01	3.895961788596894e+00	5024
1.075679534568082e+01	2.024643514892791e+00	5025
1.054393312455596e+01	-2.991189595605106e+00	5026
3.615560998755333e+00	1.211849433186653e+01	5027
-1.079598924801812e+01	7.146717565324159e+00	5028
-9.961556634483337e+00	-7.022047503745903e+00	5029
5.612823541036023e+00	1.045127567515878e+01	5030
8.284121188745425e+00	7.518295051814714e+00	5031
-9.354034468953527e+00	-9.186856719349379e+00	5032
-1.085083790287277e+01	-4.884616748197860e+00	5033
8.656811175320094e+00	-7.831949813862078e+00	5034
2.079232356015666e+00	1.285522960439812e+01	5035
-9.742757221380934e-01	-1.449446926799550e+01	5036
-9.215607938572727e+00	-1.142870064617870e+01	5037
-1.103491563220402e+01	1.779571061503342e+00	5038
6.657348084748259e+00	-9.513337225343147e+00	5039
4.481178241489808e+00	-1.306681432154883e+01	5040
-1.044712760176744e+01	-3.028965748462346e+00	5041
5.768975867352528e+00	-1.075217930095895e+01	5042
-9.172074919903560e+00	-1.418543906891944e+01	5043
1.052563447204128e+01	5.119313948227400e+00	5044
1.104758252970399e+01	-4.329090557362031e+00	5045
-6.070624536534352e+00	-1.504513137888828e+01	5046
-5.203877908097065e+00	1.275989679992517e+01	5047
-8.121194325986318e+00	1.132070819312536e+01	5048
-1.073372296895452e+01	5.943121721974448e-01	5049
-1.057184488213685e+01	9.013482226108449e+00	5050
1.010462954376375e+01	-7.039921420973134e+00	5051
1.114485030524553e+01	3.137957344236689e+00	5052
5.763546585975150e-01	1.392714455414416e+01	5053
7.297614094228120e+00	-1.090853850519956e+01	5054
8.196607825815327e+00	-9.336744271964401e+00	5055
8.045817775252461e+00	8.729291680511055e+00	5056
-2.619852686983840e+00	-1.561443925587325e+01	5057
9.473236573809121e+00	7.040603736265900e+00	5058
6.548126141015465e+00	1.018429615492254e+01	5059
1.138206376626266e+01	-1.704923261689250e+00	5060
-1.027006199561252e+01	-8.503111863265289e+00	5061
6.300264520222870e-01	-1.514111469561330e+01	5062
-1.217676838441180e+01	6.052996011767640e+00	5063
3.403293416861296e+00	-1.439404620576881e+01	5064
-1.114414951148071e+01	-6.268545993393177e+00	5065
-1.191621734750261e+01	-3.680454879974512e+00	5066
5.190116793038077e+00	1.195626628284384e+01	5067
-1.290127308118662e+01	3.343694151156638e+00	5068
-2.596911987584152e+00	1.338464488492548e+01	5069
6.197756247230087e+00	-1.301881287112776e+01	5070
1.167743881618989e+01	9.462369755210851e-01	5071
-1.013538643587703e+01	-1.299155844769771e+01	5072
-1.116339873692839e+01	-1.678981330492805e+00	5073
3.480743774180326e+00	1.380763006419686e+01	5074
-1.247132337701724e+01	2.033990051075858e+00	5075
1.214066016803343e+01	2.232293713493813e+00	5076
-4.552277886293034e+00	-1.651138589894514e+01	5077
-7.894674320431244e+00	-1.564295112971594e+01	5078
-1.004686952372905e+01	1.091726418550220e+01	5079
-1.231776487320555e+01	8.025983334773869e+00	5080
1.237634519592307e+01	-4.749294243642024e-01	5081
1.198014562012838e+01	-3.121929468923077e+00	5082
9.865910493588165e+00	-8.793868452734737e+00	5083
6.453757890392550e+00	1.162206029271949e+01	5084
9.386175855916891e+00	8.415402530649018e+00	5085
5.289027933305180e+00	-1.469615122432794e+01	5086
-8.185735102181584e-01	-1.643266784948991e+01	5087
-1.115075166509566e+01	-1.133979496070368e+01	5088
1.153944215671556e+01	4.343915606925989e+00	5089
-1.222878909729795e+00	1.471935158029074e+01	5090
-1.239787858078021e+01	-5.246469697094724e+00	5091
-7.126128671925878e+00	1.300604868938681e+01	5092
-4.081334021366416e+00	1.384860643754720e+01	5093
-1.071850104316620e+01	-1.006220897123853e+01	5094
-1.114359336167734e+01	-1.479043734806357e+01	5095
-1.409593526643338e+01	2.224325982053927e+00	5096
-1.172123665541208e+01	-3.683245982298049e-01	5097
1.142923493128461e+01	-5.959088170460734e+00	5098
2.067711915792996e+00	1.462628996479887e+01	5099
8.115382972054441e+00	-1.267298881727764e+01	5100
1.067527201795330e+01	6.447317887246770e+00	5101
8.993598260899905e+00	-1.083442011405160e+01	5102
7.767441306681377e+00	9.934671211543479e+00	5103
2.263524185026791e+00	-1.567189447026888e+01	5104
-1.142182141569843e+01	-7.659559243329601e+00	5105
-1.280495994684140e+01	-2.203159636742447e+00	5106
-1.336237148962825e+01	4.906418181787605e+00	5107
4.553420152033361e+00	1.348898986162381e+01	5108
-1.204196731163422e+01	7.512122208691596e-01	5109
-9.230824345695902e+00	1.286303033142308e+01	5110
-2.640477323078619e+00	-1.773280927034375e+01	5111
4.042931462518019e+00	1.542972661299144e+01	5112
1.256240105952102e+01	3.494549384126642e+00	5113
7.437497970175014e+00	1.142032147539395e+01	5114
9.965901526838270e-01	-1.710226325468162e+01	5115
4.099518837605078e+00	-1.621969891850791e+01	5116
-6.509870708259935e+00	-1.715488340822748e+01	5117
1.188649240862038e+01	5.711104020523290e+00	5118
1.072819719319793e+01	7.883066209712920e+00	5119
1.084144181720306e+01	-1.041665248003155e+01	5120
-1.255363270905795e+01	-1.015067222470855e+01	5121
-1.352643161492276e+01	8.085520882444968e-01	5122
-1.358734043854061e+01	-3.862342819277505e+00	5123
1.257053030440687e+01	-4.692208119292321e+00	5124
4.830392434734089e-01	1.579399938792972e+01	5125
1.152233367707355e+01	-7.850131968350719e+00	5126
-1.207100439997690e+01	1.017151715110062e+01	5127
6.245331595716950e+00	1.327288292076866e+01	5128
1.319189001380756e+01	9.797466365677779e-01	5129
-1.273582818429443e+01	-6.795741289713630e+00	5130
-1.460171202440424e+01	3.803735600234868e+00	5131
-2.947377255473123e+00	1.517776501717322e+01	5132
1.289654911961253e+01	-1.910077256856227e+00	5133
-1.319154513840632e+01	-1.859452033016680e-01	5134
-5.863556741980133e+00	1.448263160546257e+01	5135
-1.226956697144235e+01	-1.304320444600467e+01	5136
-1.386657722095766e+01	6.773964522122204e+00	5137
7.340012651374754e+00	-1.457647126037408e+01	5138
1.003932888265472e+01	-1.246060781351962e+01	5139
9.132990944291967e+00	9.771312704434139e+00	5140
-1.188399873545703e+01	-9.090752092187254e+00	5141
-4.605697446838726e+00	1.569697799637289e+01	5142
1.399397985109059e+01	-5.780775503662434e-01	5143
2.839440900222683e+00	-1.767422053163053e+01	5144
1.302836045496877e+01	-6.572372545377716e+00	5145
1.301631978652704e+01	4.840651091923176e+00	5146
-1.528640713207587e+01	9.209577451266506e-01	5147
6.278768136736023e+00	-1.651857867131272e+01	5148
2.353448846009680e+00	1.663193607751605e+01	5149
-1.145964544052119e+01	1.237637494395235e+01	5150
-1.404995969573660e+01	9.018454982720680e+00	5151
1.372035885892562e+01	2.465933095180366e+00	5152
1.358284277419587e+01	-3.387309604823347e+00	5153
1.208102704998186e+01	7.206228290425440e+00	5154
-1.469193085550577e+00	1.667698271397063e+01	5155
-8.059113351464600e+00	1.477910984524710e+01	5156
8.829761538943798e+00	1.114796379228135e+01	5157
-1.337674542672672e+01	-8.461966647834823e+00	5158
-5.875087746519436e-01	-1.861781694411966e+01	5159
1.207643076729241e+01	-1.207897695181800e+01	5160
-1.453150057752904e+01	-1.927116084549232e+00	5161
6.361874203968733e+00	1.559438765161771e+01	5162
1.274785567159789e+01	-9.547885264296966e+00	5163
-1.516787673411486e+01	5.502363911403918e+00	5164
-1.415056538087509e+01	-5.632554609273827e+00	5165
-1.594638913337057e+01	2.500428235975231e+00	5166
-1.480562248121961e+01	-1.775368791666802e-01	5167
9.314165463256817e+00	-1.429837696748904e+01	5168
1.063949522894021e+01	9.428446845895049e+00	5169
1.430115278124026e+01	-5.124256513724073e+00	5170
4.985142982356397e+00	-1.816606101659027e+01	5171
-1.049147473695856e+01	1.461926458757701e+01	5172
1.458892226800290e+01	-8.219569829664232e+00	5173
1.343476481358741e+01	6.368361131416620e+00	5174
-3.371814021904662e+00	1.719062712311620e+01	5175
1.460337472011201e+01	-2.108481912262414e+00	5176
-1.458263787419160e+01	-7.270622891742644e+00	5177
-6.610957799027545e+00	1.643568647767140e+01	5178
-1.461269861883234e+01	-1.011062601953184e+01	5179
-1.727440351702754e+01	1.015493877329323e+00	5180
-1.648186961464102e+01	-8.186922378855220e-01	5181
4.676670296652996e+00	1.746649251537149e+01	5182
4.660444086645494e-01	1.792153417160656e+01	5183
-1.377937537325656e+01	1.148479201489257e+01	5184
-1.550045801041146e+01	-3.931001420975852e+00	5185
-1.578145948755349e+01	7.587866657577490e+00	5186
1.140989097763561e+01	-1.408746945668563e+01	5187
1.215720895404041e+01	8.828996648255135e+00	5188
8.437366782829914e+00	1.283023719243713e+01	5189
1.417356703756249e+01	3.894157547227106e+00	5190
1.491610589108864e+01	1.054231595991865e+00	5191
8.543379752614236e+00	-1.639445951278773e+01	5192
1.422100418328064e+01	-1.129219467692037e+01	5193
-1.653722770360912e+01	4.258227765232121e+00	5194
1.036296180440423e+01	1.095229205099187e+01	5195
1.539790569480297e+01	-3.695536586846560e+00	5196
-1.376968622259317e+01	-1.219212434244450e+01	5197
-1.721697183072362e+01	6.143730029013372e+00	5198
1.469142664097634e+01	5.392777946473175e+00	5199
1.583244543199272e+01	-6.544259589038928e-01	5200
1.492670246178441e+01	-6.962348820976791e+00	5201
1.003007003998382e+01	1.252774832488894e+01	5202
1.566830290554509e+01	-9.548588142419973e+00	5203
-5.208191035169051e+00	1.777726037321278e+01	5204
1.368250968656286e+01	8.054560225623556e+00	5205
7.680982532463632e+00	1.472640716405341e+01	5206
-1.803364333717751e+01	2.899019161054724e+00	5207
-1.615891338797225e+01	-5.945024355755918e+00	5208
1.206384464829127e+01	1.057286972151103e+01	5209
1.551503000671480e+01	2.748375976271001e+00	5210
-1.865224393814263e+01	-6.710163368883190e-01	5211
1.626739539010709e+01	-5.476034837336994e+00	5212
1.599746847024818e+01	4.351969475334654e+00	5213
1.519484387087016e+01	7.099240145607506e+00	5214
8.074289038671777e+00	1.675871473853474e+01	5215
-1.660117789369383e+01	-8.076045127050199e+00	5216
1.378124947570764e+01	9.893315861985355e+00	5217
1.653039947121328e+01	-2.312315807600120e+00	5218
1.687635921510381e+01	1.170694074344611e+00	5219
-1.769956308964661e+01	-2.663751477073745e+00	5220
1.669219658933710e+01	-7.560985884009316e+00	5221
9.650994920773611e+00	1.443946931433096e+01	5222
-1.761906031963753e+01	-4.351674531720895e+00	5223
1.175676982905054e+01	1.229108726707416e+01	5224
1.791905500801424e+01	-7.163955790852726e-01	5225
1.550596430370800e+01	9.005415118523793e+00	5226
1.744146925938237e+01	-3.972604971247700e+00	5227
1.368262465291240e+01	1.186703467817053e+01	5228
1.658539731366431e+01	6.011606170105205e+00	5229
1.755004308545671e+01	3.091960484300899e+00	5230
1.141580595369449e+01	1.405626915543801e+01	5231
1.719308064154162e+01	7.914149300569698e+00	5232
NMARK= 2
MARKER_TAG= airfoil
MARKER_ELEMS= 200
3	199	0
3	0	1
3	1	2
3	2	3
3	3	4
3	4	5
3	5	6
3	6	7
3	7	8
3	8	9
3	9	10
3	10	11
3	11	12
3	12	13
3	13	14
3	14	15
3	15	16
3	16	17
3	17	18
3	18	19
3	19	20
3	20	21
3	21	22
3	22	23
3	23	24
3	24	25
3	25	26
3	26	27
3	27	28
3	28	29
3	29	30
3	30	31
3	31	32
3	32	33
3	33	34
3	34	35
3	35	36
3	36	37
3	37	38
3	38	39
3	39	40
3	40	41
3	41	42
3	42	43
3	43	44
3	44	45
3	45	46
3	46	47
3	47	48
3	48	49
3	49	50
3	50	51
3	51	52
3	52	53
3	53	54
3	54	55
3	55	56
3	56	57
3	57	58
3	58	59
3	59	60
3	60	61
3	61	62
3	62	63
3	63	64
3	64	65
3	65	66
3	66	67
3	67	68
3	68	69
3	69	70
3	70	71
3	71	72
3	72	73
3	73	74
3	74	75
3	75	76
3	76	77
3	77	78
3	78	79
3	79	80
3	80	81
3	81	82
3	82	83
3	83	84
3	84	85
3	85	86
3	86	87
3	87	88
3	88	89
3	89	90
3	90	91
3	91	92
3	92	93
3	93	94
3	94	95
3	95	96
3	96	97
3	97	98
3	98	99
3	99	100
3	100	101
3	101	102
3	102	103
3	103	104
3	104	105
3	105	106
3	106	107
3	107	108
3	108	109
3	109	110
3	110	111
3	111	112
3	112	113
3	113	114
3	114	115
3	115	116
3	116	117
3	117	118
3	118	119
3	119	120
3	120	121
3	121	122
3	122	123
3	123	124
3	124	125
3	125	126
3	126	127
3	127	128
3	128	129
3	129	130
3	130	131
3	131	132
3	132	133
3	133	134
3	134	135
3	135	136
3	136	137
3	137	138
3	138	139
3	139	140
3	140	141
3	141	142
3	142	143
3	143	144
3	144	145
3	145	146
3	146	147
3	147	148
3	148	149
3	149	150
3	150	151
3	151	152
3	152	153
3	153	154
3	154	155
3	155	156
3	156	157
3	157	158
3	158	159
3	159	160
3	160	161
3	161	162
3	162	163
3	163	164
3	164	165
3	165	166
3	166	167
3	167	168
3	168	169
3	169	170
3	170	171
3	171	172
3	172	173
3	173	174
3	174	175
3	175	176
3	176	177
3	177	178
3	178	179
3	179	180
3	180	181
3	181	182
3	182	183
3	183	184
3	184	185
3	185	186
3	186	187
3	187	188
3	188	189
3	189	190
3	190	191
3	191	192
3	192	193
3	193	194
3	194	195
3	195	196
3	196	197
3	197	198
3	198	199
MARKER_TAG= farfield
MARKER_ELEMS= 50
3	200	201
3	201	202
3	202	203
3	203	204
3	204	205
3	205	206
3	206	207
3	207	208
3	208	209
3	209	210
3	210	211
3	211	212
3	212	213
3	213	214
3	214	215
3	215	216
3	216	217
3	217	218
3	218	219
3	219	220
3	220	221
3	221	222
3	222	223
3	223	224
3	224	225
3	225	226
3	226	227
3	227	228
3	228	229
3	229	230
3	230	231
3	231	232
3	232	233
3	233	234
3	234	235
3	235	236
3	236	237
3	237	238
3	238	239
3	239	240
3	240	241
3	241	242
3	242	243
3	243	244
3	244	245
3	245	246
3	246	247
3	247	248
3	248	249
3	249	200
