"Time_Iter","Outer_Iter","Inner_Iter",    "rms[Rho]"    ,    "rms[RhoU]"   ,    "rms[RhoV]"   ,    "rms[RhoE]"   ,    "RefForce"    ,       "CD"       ,       "CL"       ,       "CSF"      ,       "CMx"      ,       "CMy"      ,       "CMz"      ,       "CFx"      ,       "CFy"      ,       "CFz"      ,      "CEff"      
          0,           0,           0,      -3.589691817,       -3.70166011,      -4.158535814,      -2.993314673,             0.448,      0.2330057484,      0.1442680032,                 0,                 0,                 0,     0.01895113883,      0.2298031095,      0.1493166649,                 0,      0.6191607036
          0,           0,           1,       -3.83821996,      -3.713952975,      -3.740232769,      -3.227303303,             0.448,     0.08981176093,      0.0356488882,                 0,                 0,                 0,     -0.0048493506,     0.08901271176,     0.03759963797,                 0,      0.3969289527
          0,           0,           2,      -3.774483127,       -3.68625748,      -3.707243417,      -3.176123523,             0.448,     0.06593907363,     0.04395413956,                 0,                 0,                 0,   -0.005542361067,     0.06496452742,     0.04538213297,                 0,      0.6665871559
          0,           0,           3,      -3.719831013,       -3.72932414,      -3.708173374,      -3.127359212,             0.448,     0.08103320494,     0.07748061379,                 0,                 0,                 0,   -0.003106734324,     0.07932369055,     0.07922990555,                 0,      0.9561588221
          0,           0,           4,      -3.670312509,      -3.699185116,      -3.675341234,      -3.081105687,             0.448,     0.06140406006,     0.07475552477,                 0,                 0,                 0,   -0.006275577213,     0.05975866438,     0.07607725749,                 0,       1.217436187
          0,           0,           5,      -3.665979829,      -3.678290659,      -3.669466713,      -3.080906738,             0.448,     0.04805956564,     0.07178734584,                 0,                 0,                 0,    -0.01037798343,     0.04648209607,     0.07281867629,                 0,       1.493716077
          0,           0,           6,      -3.661777345,      -3.794339019,      -3.707461695,        -3.0830379,             0.448,      0.0440726269,     0.07202887136,                 0,                 0,                 0,    -0.01367392171,     0.04249083726,     0.07297316973,                 0,       1.634322173
          0,           0,           7,      -3.665997856,       -3.79955655,      -3.697702571,      -3.089490917,             0.448,     0.03970763876,     0.07086377248,                 0,                 0,                 0,    -0.01592907603,     0.03815230437,     0.07171312639,                 0,       1.784638288
          0,           0,           8,      -3.649572313,      -3.725484529,      -3.711119445,      -3.072253541,             0.448,     0.03405350656,     0.07006509851,                 0,                 0,                 0,    -0.01723640634,     0.03251694067,     0.07079129825,                 0,       2.057500258
          0,           0,           9,      -3.663626533,      -3.762434875,      -3.717545174,      -3.089897035,             0.448,      0.0293494894,     0.06999575119,                 0,                 0,                 0,    -0.01796273852,     0.02781555575,     0.07061934983,                 0,       2.384905244
          0,           0,          10,      -3.669980253,      -3.818068164,      -3.744533609,      -3.100188504,             0.448,      0.0260945811,     0.07044401608,                 0,                 0,                 0,    -0.01818115692,     0.02455164318,      0.0709965026,                 0,       2.699564933
          0,           0,          11,      -3.675915789,       -3.84355494,      -3.768593952,       -3.10836559,             0.448,     0.02316974878,     0.07117928691,                 0,                 0,                 0,    -0.01798781036,     0.02161146704,     0.07166779357,                 0,       3.072078493
          0,           0,          12,      -3.681084141,      -3.856461777,      -3.779349274,      -3.114082058,             0.448,      0.0200459085,     0.07172286157,                 0,                 0,                 0,     -0.0177869286,     0.01847651214,     0.07214309266,                 0,       3.577930208
          0,           0,          13,      -3.684416894,      -3.863278019,      -3.788784881,      -3.116084814,             0.448,      0.0169669379,     0.07226470007,                 0,                 0,                 0,    -0.01771775183,     0.01538645411,     0.07261763482,                 0,       4.259148025
          0,           0,          14,       -3.69230699,      -3.870767907,      -3.799564459,      -3.121871129,             0.448,     0.01412818093,      0.0732954842,                 0,                 0,                 0,    -0.01764915121,     0.01252588624,     0.07358624651,                 0,       5.187892524
          0,           0,          15,      -3.702192623,      -3.878720804,       -3.81521799,      -3.129873487,             0.448,      0.0114895981,     0.07475362498,                 0,                 0,                 0,    -0.01757103818,    0.009856122147,      0.0749864799,                 0,       6.506200161
          0,           0,          16,      -3.712944695,      -3.883268805,      -3.836292053,      -3.140041906,             0.448,    0.008953259561,      0.0763205044,                 0,                 0,                 0,    -0.01754906139,    0.007286205898,     0.07649765651,                 0,       8.524326128
          0,           0,          17,      -3.725608333,      -3.883272732,      -3.859335996,      -3.153711699,             0.448,    0.006469017075,      0.0779033635,                 0,                 0,                 0,      -0.017571929,    0.004768024705,     0.07802594548,                 0,       12.04253484
          0,           0,          18,      -3.740412392,      -3.880465613,      -3.883059613,      -3.170401477,             0.448,    0.004040338187,     0.07948166269,                 0,                 0,                 0,    -0.01763415622,    0.002305493362,     0.07955088772,                 0,       19.67203214
          0,           0,          19,      -3.758098796,      -3.879179902,      -3.909175969,      -3.189923449,             0.448,    0.001701913927,     0.08091645699,                 0,                 0,                 0,    -0.01779720987,  -6.367428933e-05,     0.08093432812,                 0,       47.54438854
          0,           0,          20,      -3.779302897,      -3.883624429,      -3.939372362,      -3.212383258,             0.448,  -0.0004792403036,     0.08207778673,                 0,                 0,                 0,    -0.01810447263,   -0.002269643739,     0.08204779987,                 0,      -171.2664526
          0,           0,          21,      -3.802493998,      -3.894967282,      -3.973098573,      -3.236144068,             0.448,    -0.00240021401,      0.0830629995,                 0,                 0,                 0,    -0.01850377748,   -0.004211652609,     0.08299087236,                 0,      -34.60649723
          0,           0,          22,      -3.825150564,      -3.911547646,      -4.007156919,      -3.258849874,             0.448,   -0.003964271193,     0.08408103261,                 0,                 0,                 0,    -0.01892580037,   -0.005797545864,     0.08397454348,                 0,      -21.20970754
          0,           0,          23,      -3.846222155,      -3.930487807,       -4.03787301,      -3.279662457,             0.448,   -0.005098297963,      0.0852737582,                 0,                 0,                 0,    -0.01933584532,   -0.006957321937,     0.08514224657,                 0,      -16.72592674
          0,           0,          24,      -3.865706433,      -3.949307737,      -4.063690729,      -3.298725457,             0.448,   -0.005736619794,     0.08685730705,                 0,                 0,                 0,    -0.01966301459,   -0.007630036801,     0.08671149366,                 0,      -15.14085126
          0,           0,          25,      -3.884596326,      -3.967433934,      -4.085733015,      -3.317137623,             0.448,   -0.005883845025,     0.08867194239,                 0,                 0,                 0,    -0.01999755496,   -0.007816813058,     0.08852248547,                 0,      -15.07040753
          0,           0,          26,      -3.904281127,      -3.986372471,      -4.106104924,      -3.336372486,             0.448,    -0.00556590369,     0.09054416604,                 0,                 0,                 0,    -0.02041692598,   -0.007539789729,     0.09040119944,                 0,      -16.26764872
          0,           0,          27,      -3.925591603,      -4.008048175,       -4.12723585,      -3.357441306,             0.448,   -0.004826872572,     0.09241176503,                 0,                 0,                 0,    -0.02092368646,   -0.006841675937,     0.09228447586,                 0,      -19.14526718
          0,           0,          28,      -3.948433435,      -4.033919066,      -4.151568728,      -3.380430622,             0.448,   -0.003748998474,      0.0942310378,                 0,                 0,                 0,    -0.02149683075,    -0.00580374557,      0.0941268294,                 0,      -25.13498964
          0,           0,          29,       -3.97272696,       -4.06490883,      -4.180970531,      -3.405430106,             0.448,   -0.002439155412,     0.09592347609,                 0,                 0,                 0,    -0.02212916131,   -0.004531134562,       0.095847439,                 0,      -39.32651262
          0,           0,          30,      -3.999034657,      -4.101394895,      -4.215797049,      -3.433109872,             0.448,    -0.00100940443,     0.09736384386,                 0,                 0,                 0,    -0.02283099702,    -0.00313314528,     0.09731865386,                 0,      -96.45672331
          0,           0,          31,      -4.027755482,      -4.143119015,      -4.254856366,      -3.463564122,             0.448,   0.0004425779337,     0.09849518067,                 0,                 0,                 0,    -0.02360102663,   -0.001706188431,     0.09848139627,                 0,       222.5487833
          0,           0,          32,      -4.058417808,      -4.188965866,      -4.295615853,      -3.495817453,             0.448,     0.00182961004,     0.09924147178,                 0,                 0,                 0,    -0.02446199016,  -0.0003357666554,     0.09925776773,                 0,       54.24187101
          0,           0,          33,      -4.090389862,      -4.236894674,      -4.334741506,      -3.528931181,             0.448,    0.003087502005,     0.09957584494,                 0,                 0,                 0,    -0.02540907769,   0.0009145316536,     0.09961950209,                 0,       32.25126487
          0,           0,          34,      -4.123096349,      -4.284006616,      -4.369838418,       -3.56214235,             0.448,     0.00417946082,     0.09958587732,                 0,                 0,                 0,    -0.02638253793,    0.002006011756,     0.09965335303,                 0,       23.82744608
          0,           0,          35,      -4.155957947,       -4.32753882,      -4.400569117,      -3.594929632,             0.448,    0.005082787605,     0.09939650098,                 0,                 0,                 0,    -0.02731465767,    0.002913254798,     0.09948372774,                 0,       19.55550944
          0,           0,          36,      -4.188555659,      -4.366377117,      -4.428472554,      -3.627103303,             0.448,    0.005777639781,     0.09908445822,                 0,                 0,                 0,    -0.02816407586,    0.003614748795,     0.09918691735,                 0,       17.14964275
          0,           0,          37,      -4.220328043,      -4.401609883,      -4.456139119,      -3.658425359,             0.448,    0.006248910195,      0.0986817106,                 0,                 0,                 0,    -0.02890639564,    0.004094692952,     0.09879454628,                 0,        15.7918273
          0,           0,          38,      -4.250792902,      -4.435548668,      -4.486122107,      -3.688647268,             0.448,    0.006493249352,     0.09824075765,                 0,                 0,                 0,    -0.02951361082,    0.004348593301,      0.0983590285,                 0,       15.12967581
          0,           0,          39,      -4.279602814,      -4.470267532,      -4.520038107,      -3.717533246,             0.448,    0.006520291871,     0.09781983468,                 0,                 0,                 0,    -0.02996099369,     0.00438481177,     0.09793879563,                 0,       15.00237054
          0,           0,          40,      -4.306725022,      -4.506813583,      -4.558084884,      -3.745097751,             0.448,    0.006351588948,     0.09747611495,                 0,                 0,                 0,     -0.0302355151,      0.0042236472,     0.09759147746,                 0,        15.3467291
          0,           0,          41,      -4.332303123,      -4.545103746,      -4.599084183,      -3.771454552,             0.448,    0.006019390232,     0.09726745214,                 0,                 0,                 0,    -0.03033416541,    0.003896079494,     0.09737561743,                 0,       16.15902083
          0,           0,          42,      -4.356394645,      -4.584131927,      -4.640599585,      -3.796561818,             0.448,    0.005559545061,     0.09723161977,                 0,                 0,                 0,    -0.03027254323,    0.003437125433,     0.09732976211,                 0,       17.48913242
          0,           0,          43,      -4.379200462,      -4.622341675,      -4.679580787,      -3.820442595,             0.448,    0.005007102299,     0.09736650864,                 0,                 0,                 0,    -0.03008217809,    0.002881871552,     0.09745256741,                 0,       19.44567992
          0,           0,          44,      -4.400902687,      -4.658181085,      -4.713578276,      -3.843100604,             0.448,    0.004397804667,     0.09766788987,                 0,                 0,                 0,    -0.02979123981,    0.002266144319,     0.09774058516,                 0,       22.20832831
          0,           0,          45,      -4.421412657,      -4.690402593,       -4.74182024,      -3.864317423,             0.448,    0.003765095322,     0.09812422118,                 0,                 0,                 0,    -0.02942806204,    0.001623630727,      0.0981830054,                 0,       26.06155032
          0,           0,          46,       -4.44050405,      -4.718271777,       -4.76534773,      -3.883835311,             0.448,    0.003138628178,     0.09872249689,                 0,                 0,                 0,    -0.02901632423,   0.0009842613495,     0.09876747242,                 0,       31.45402746
          0,           0,          47,      -4.457934487,      -4.741877122,       -4.78617943,       -3.90146211,             0.448,    0.002544338545,     0.09945232832,                 0,                 0,                 0,    -0.02857425979,    0.000374191953,     0.09948416581,                 0,       39.08769472
          0,           0,          48,      -4.473539236,      -4.762096892,      -4.806256045,      -3.917121751,             0.448,    0.002003520018,      0.1002986686,                 0,                 0,                 0,     -0.0281183838,  -0.0001849606909,      0.1003185068,                 0,       50.06122611
          0,           0,          49,      -4.487354206,      -4.780481366,       -4.82664654,      -3.930966381,             0.448,     0.00153345457,      0.1012389888,                 0,                 0,                 0,    -0.02766404538,  -0.0006754272518,      0.1012483488,                 0,       66.02020741
          0,           0,          50,      -4.499757352,       -4.79889009,      -4.847320801,      -3.943447927,             0.448,    0.001146697146,      0.1022495674,                 0,                 0,                 0,    -0.02722417747,   -0.001084138295,      0.1022502499,                 0,        89.1687642
          0,           0,          51,       -4.51130696,      -4.818975655,      -4.867533355,      -3.955143885,             0.448,   0.0008518166346,      0.1033038363,                 0,                 0,                 0,    -0.02681053575,   -0.001401947387,      0.1032978351,                 0,       121.2747346
          0,           0,          52,      -4.522487754,      -4.841803559,      -4.886495525,      -3.966515189,             0.448,   0.0006519895154,      0.1043753233,                 0,                 0,                 0,    -0.02643294971,   -0.001625101318,      0.1043647078,                 0,        160.087426
          0,           0,          53,      -4.533663424,      -4.867825794,      -4.904230785,      -3.977910074,             0.448,   0.0005440579887,      0.1054428351,                 0,                 0,                 0,    -0.02609863451,   -0.001756294807,      0.1054296111,                 0,       193.8080816
          0,           0,          54,      -4.545346984,      -4.896879438,      -4.921745399,      -3.989879977,             0.448,    0.000520590402,      0.1064958582,                 0,                 0,                 0,    -0.02580995758,   -0.001802728388,      0.1064818717,                 0,       204.5674638
          0,           0,          55,      -4.558064721,      -4.928288839,      -4.940721614,      -4.003013259,             0.448,   0.0005699093814,      0.1075147567,                 0,                 0,                 0,    -0.02557170979,   -0.001775648299,      0.1075016036,                 0,       188.6523722
          0,           0,          56,      -4.572281473,      -4.961081377,      -4.962449182,      -4.017829215,             0.448,   0.0006786202008,      0.1084824564,                 0,                 0,                 0,    -0.02538543603,   -0.001688073608,      0.1084714446,                 0,       159.8573934
          0,           0,          57,      -4.588230976,       -4.99417066,      -4.987045401,      -4.034550891,             0.448,   0.0008333864104,      0.1094042466,                 0,                 0,                 0,    -0.02524188501,   -0.001553452974,      0.1093963915,                 0,       131.2767345
          0,           0,          58,      -4.605887669,      -5.026646968,      -5.013524804,      -4.053094091,             0.448,    0.001018971393,      0.1102769223,                 0,                 0,                 0,    -0.02513812286,   -0.001386949477,      0.1102729081,                 0,       108.2237667
          0,           0,          59,      -4.625037946,      -5.058031306,      -5.040023767,      -4.073158519,             0.448,     0.00121987103,      0.1110869443,                 0,                 0,                 0,    -0.02507570377,   -0.001203768185,        0.11108712,                 0,       91.06449908
          0,           0,          60,      -4.645388546,      -5.088209653,      -5.064770653,      -4.094334752,             0.448,    0.001422604123,      0.1118224094,                 0,                 0,                 0,    -0.02505563237,   -0.001017127424,      0.1118268326,                 0,       78.60402456
          0,           0,          61,      -4.666758455,      -5.117516094,      -5.087087011,      -4.116374155,             0.448,    0.001616818885,        0.11248082,                 0,                 0,                 0,     -0.0250746607,   -0.000837322031,      0.1124893233,                 0,       69.56921461
          0,           0,          62,      -4.688842218,       -5.14629857,      -5.107220386,      -4.138933423,             0.448,    0.001794149064,      0.1130569261,                 0,                 0,                 0,    -0.02513152414,  -0.0006726017403,      0.1130691608,                 0,       63.01423241
          0,           0,          63,      -4.711435936,      -5.174912629,      -5.126143492,       -4.16178232,             0.448,     0.00194722038,      0.1135451733,                 0,                 0,                 0,    -0.02522344693,   -0.000530217908,       0.113560631,                 0,       58.31141379
          0,           0,          64,      -4.734171711,      -5.203620161,      -5.144725046,      -4.184545154,             0.448,    0.002070900735,      0.1139486328,                 0,                 0,                 0,    -0.02534309282,  -0.0004153684076,      0.1139666926,                 0,        55.0237058
          0,           0,          65,      -4.756764665,      -5.232501248,      -5.163829978,      -4.206921686,             0.448,    0.002161904742,      0.1142694079,                 0,                 0,                 0,    -0.02548371029,  -0.0003313837284,      0.1142893765,                 0,       52.85589399
          0,           0,          66,      -4.778872813,      -5.261235683,       -5.18396347,       -4.22865124,             0.448,     0.00221853308,      0.1145131006,                 0,                 0,                 0,    -0.02563715963,  -0.0002800849953,      0.1145342466,                 0,       51.61658468
          0,           0,          67,      -4.800476533,      -5.289374261,      -5.205432495,      -4.249795503,             0.448,    0.002241204683,      0.1146864868,                 0,                 0,                 0,    -0.02579580974,  -0.0002612011877,      0.1147080861,                 0,       51.17180402
          0,           0,          68,      -4.821733347,        -5.3161383,      -5.228427083,      -4.270565434,             0.448,    0.002233058114,      0.1147973267,                 0,                 0,                 0,    -0.02595307254,   -0.000271763778,       0.114818722,                 0,       51.40812324
          0,           0,          69,      -4.842845077,      -5.340759503,      -5.252787831,        -4.2912247,             0.448,    0.002198793835,      0.1148555079,                 0,                 0,                 0,    -0.02610265191,   -0.000307289118,      0.1148761418,                 0,        52.2356876
          0,           0,          70,      -4.864035003,       -5.36285867,      -5.278248002,      -4.312064509,             0.448,    0.002143578679,      0.1148735113,                 0,                 0,                 0,    -0.02623821462,  -0.0003628838772,      0.1148929364,                 0,       53.58959409
          0,           0,          71,      -4.885511725,      -5.382562215,      -5.304618878,      -4.333311652,             0.448,    0.002072835279,      0.1148658054,                 0,                 0,                 0,    -0.02635421015,  -0.0004334423393,      0.1148836891,                 0,       55.41482557
          0,           0,          72,      -4.907292847,      -5.400239794,      -5.331488603,       -4.35498548,             0.448,    0.001991766552,      0.1148413669,                 0,                 0,                 0,    -0.02644826865,  -0.0005139586507,      0.1148574879,                 0,       57.65804571
          0,           0,          73,      -4.929293492,      -5.416689907,      -5.358423537,      -4.376998221,             0.448,    0.001905350428,      0.1148128931,                 0,                 0,                 0,    -0.02651747949,   -0.000599733058,      0.1148271358,                 0,       60.25815065
          0,           0,          74,      -4.951421516,      -5.432808094,      -5.385129583,        -4.3992515,             0.448,    0.001818408267,      0.1147915431,                 0,                 0,                 0,    -0.02656061815,  -0.0006861887799,      0.1148038941,                 0,       63.12748636
          0,           0,          75,       -4.97337805,      -5.449330632,      -5.411264988,      -4.421424054,             0.448,    0.001735135463,      0.1147839521,                 0,                 0,                 0,    -0.02657858711,  -0.0007692761716,      0.1147944884,                 0,       66.15273249
          0,           0,          76,      -4.994853726,      -5.466920802,      -5.436474759,      -4.443171778,             0.448,    0.001658636925,       0.114794637,                 0,                 0,                 0,    -0.02657291045,  -0.0008459895953,       0.114803502,                 0,       69.21022638
          0,           0,          77,      -5.015484828,      -5.486059103,      -5.460449302,      -4.464090087,             0.448,    0.001591328103,      0.1148273847,                 0,                 0,                 0,    -0.02654568835,  -0.0009139967865,      0.1148347736,                 0,       72.15820829
          0,           0,          78,      -5.035066099,      -5.507080793,      -5.482805798,       -4.48396739,             0.448,    0.001534730131,       0.114884522,                 0,                 0,                 0,      -0.026499365,  -0.0009718277333,      0.1148906626,                 0,       74.85649738
          0,           0,          79,      -5.053679143,      -5.530226453,      -5.503460131,      -4.502894911,             0.448,    0.001489375629,      0.1149677454,                 0,                 0,                 0,    -0.02643644145,    -0.00101898695,      0.1149728767,                 0,       77.19190723
          0,           0,          80,      -5.071599193,      -5.555621356,      -5.522620615,      -4.521136859,             0.448,    0.001455490744,      0.1150751008,                 0,                 0,                 0,    -0.02636090639,   -0.001055205718,      0.1150794674,                 0,       79.06275002
          0,           0,          81,      -5.089168703,      -5.583086159,      -5.540534601,      -4.539012533,             0.448,    0.001432836005,      0.1152038322,                 0,                 0,                 0,    -0.02627652457,   -0.001080663326,       0.115207674,                 0,       80.40266422
          0,           0,          82,      -5.106680237,      -5.612244994,      -5.557699895,      -4.556822374,             0.448,    0.001420702905,       0.115350461,                 0,                 0,                 0,    -0.02618693323,   -0.001095992229,      0.1153540032,                 0,       81.19252841
          0,           0,          83,      -5.124323034,      -5.642547015,      -5.574644329,      -4.574730228,             0.448,     0.00141796334,      0.1155119433,                 0,                 0,                 0,    -0.02609524328,   -0.001102253861,      0.1155153873,                 0,       81.46327911
          0,           0,          84,      -5.142207518,       -5.67321533,      -5.592046061,      -4.592800592,             0.448,    0.001423427139,      0.1156837309,                 0,                 0,                 0,    -0.02600504034,   -0.001100538888,      0.1156872532,                 0,        81.2712697
          0,           0,          85,      -5.160323895,      -5.703437315,      -5.610347701,      -4.611011162,             0.448,    0.001435803055,      0.1158611426,                 0,                 0,                 0,    -0.02591914174,   -0.001092036134,      0.1158648927,                 0,       80.69431406
          0,           0,          86,      -5.178739893,      -5.732557334,      -5.629656386,      -4.629423674,             0.448,    0.001453462847,      0.1160410923,                 0,                 0,                 0,    -0.02583905801,   -0.001078306127,      0.1160451848,                 0,        79.8376736
          0,           0,          87,      -5.197530448,      -5.759965491,      -5.650262646,       -4.64808409,             0.448,    0.001474858869,      0.1162201504,                 0,                 0,                 0,    -0.02576622962,   -0.001060821328,      0.1162246671,                 0,       78.80086213
          0,           0,          88,      -5.216730608,      -5.785550478,      -5.672107885,      -4.667023865,             0.448,    0.001498594627,      0.1163950597,                 0,                 0,                 0,    -0.02570185799,   -0.001040906844,      0.1164000525,                 0,       77.66947619
          0,           0,          89,      -5.236342431,         -5.809573,      -5.695287886,      -4.686276199,             0.448,    0.001523274193,      0.1165626102,                 0,                 0,                 0,     -0.0256469168,   -0.001019888247,      0.1165681015,                 0,       76.52109568
          0,           0,          90,      -5.256311381,      -5.832412683,         -5.719373,      -4.705809541,             0.448,    0.001547694669,       0.116719412,                 0,                 0,                 0,    -0.02560218632,   -0.000998894195,      0.1167253987,                 0,       75.41501199
          0,           0,          91,      -5.276615752,      -5.854620371,      -5.743899131,      -4.725639603,             0.448,    0.001570788131,      0.1168634587,                 0,                 0,                 0,    -0.02556762925,    -0.00097894859,      0.1168699149,                 0,       74.39797664
          0,           0,          92,      -5.297215806,       -5.87665521,      -5.768564873,      -4.745762787,             0.448,    0.001591675019,      0.1169937853,                 0,                 0,                 0,    -0.02554270155,  -0.0009609097322,      0.1170006662,                 0,       73.50356315
          0,           0,          93,      -5.318060001,      -5.899010757,       -5.79310935,      -4.766154991,             0.448,    0.001609766481,      0.1171087352,                 0,                 0,                 0,    -0.02552719045,  -0.0009453301935,      0.1171159833,                 0,       72.74889651
          0,           0,          94,      -5.339071177,      -5.921978141,      -5.817212831,      -4.786761376,             0.448,    0.001624741693,      0.1172073215,                 0,                 0,                 0,    -0.02552055865,  -0.0009325091947,      0.1172148729,                 0,       72.13904953
          0,           0,          95,       -5.36009744,      -5.945659283,      -5.840452043,      -4.807434034,             0.448,    0.001636412143,      0.1172898091,                 0,                 0,                 0,    -0.02552169385,  -0.0009226409794,      0.1172975954,                 0,       71.67498089
          0,           0,          96,      -5.381130042,      -5.969948722,      -5.862754714,      -4.828199544,             0.448,    0.001644743501,       0.117356511,                 0,                 0,                 0,    -0.02552945349,  -0.0009157666991,      0.1173644632,                 0,       71.35246981
          0,           0,          97,      -5.402046041,      -5.994775637,      -5.883976005,      -4.848947132,             0.448,    0.001649830449,      0.1174077638,                 0,                 0,                 0,    -0.02554276489,  -0.0009117990358,      0.1174158148,                 0,       71.16353313
          0,           0,          98,      -5.422826359,      -6.019984111,      -5.904327375,      -4.869659544,             0.448,    0.001651885709,      0.1174442158,                 0,                 0,                 0,    -0.02556057033,  -0.0009105394618,       0.117452303,                 0,       71.09705908
          0,           0,          99,      -5.443477036,      -6.045500506,      -5.924290398,      -4.890346267,             0.448,    0.001651330808,      0.1174671662,                 0,                 0,                 0,    -0.02558184233,  -0.0009115948895,      0.1174752358,                 0,       71.13484809
          0,           0,         100,      -5.464014706,      -6.071287115,      -5.943946192,      -4.911019038,             0.448,    0.001648612253,      0.1174780429,                 0,                 0,                 0,     -0.0256055818,  -0.0009145500712,      0.1174860506,                 0,       71.25874665
          0,           0,         101,      -5.484411765,      -6.097311038,      -5.963688557,      -4.931643385,             0.448,    0.001644168612,      0.1174784685,                 0,                 0,                 0,     -0.0256308343,  -0.0009190019402,      0.1174863792,                 0,       71.45159423
          0,           0,         102,      -5.504668797,      -6.123360886,      -5.983482653,      -4.952206877,             0.448,    0.001638472938,      0.1174695059,                 0,                 0,                 0,    -0.02565700817,  -0.0009245007398,      0.1174772944,                 0,       71.69450477
          0,           0,         103,      -5.524810136,      -6.149240155,      -6.003178705,      -4.972710609,             0.448,    0.001631922849,      0.1174524301,                 0,                 0,                 0,    -0.02568352071,  -0.0009306767642,      0.1174600798,                 0,       71.97180318
          0,           0,         104,      -5.544882125,      -6.174815926,      -6.022878872,      -4.993166718,             0.448,    0.001624862437,      0.1174282808,                 0,                 0,                 0,    -0.02570974082,  -0.0009372086806,      0.1174357822,                 0,       72.26967531
          0,           0,         105,      -5.564896896,      -6.199944452,      -6.042498225,      -5.013547506,             0.448,      0.0016176071,      0.1173990513,                 0,                 0,                 0,    -0.02573496792,  -0.0009438246538,      0.1174064014,                 0,       72.57575173
          0,           0,         106,      -5.584848356,      -6.224492137,      -6.062102309,      -5.033808305,             0.448,    0.001610418307,      0.1173660337,                 0,                 0,                 0,    -0.02575880457,  -0.0009502914614,      0.1173732349,                 0,       72.87922225
          0,           0,         107,        -5.6047565,      -6.248296148,      -6.081818302,      -5.053957701,             0.448,    0.001603477673,      0.1173305174,                 0,                 0,                 0,    -0.02578079685,  -0.0009564556587,      0.1173375756,                 0,       73.17252952
          0,           0,         108,      -5.624610569,      -6.271362821,      -6.101490551,      -5.073986484,             0.448,    0.001596971287,      0.1172937498,                 0,                 0,                 0,    -0.02580064605,  -0.0009621584154,      0.1173006748,                 0,       73.44762596
          0,           0,         109,      -5.644417634,      -6.293763212,      -6.121211734,      -5.093906785,             0.448,     0.00159104893,      0.1172565164,                 0,                 0,                 0,    -0.02581834078,  -0.0009672671208,       0.117263321,                 0,       73.69761808
          0,           0,         110,      -5.664168122,      -6.315515806,      -6.140920583,      -5.113712816,             0.448,    0.001585795354,      0.1172193494,                 0,                 0,                 0,    -0.02583393309,  -0.0009717086526,      0.1172260483,                 0,        73.9183332
          0,           0,         111,      -5.683860585,       -6.33677773,      -6.160675371,      -5.133418624,             0.448,    0.001581245295,      0.1171828502,                 0,                 0,                 0,     -0.0258474951,  -0.0009754614046,      0.1171894586,                 0,       74.10795188
          0,           0,         112,      -5.703484321,      -6.357678529,      -6.180711294,      -5.153032404,             0.448,    0.001577407688,      0.1171475226,                 0,                 0,                 0,    -0.02585914328,  -0.0009785274302,      0.1171540556,                 0,       74.26584992
          0,           0,         113,       -5.72302629,      -6.378467512,      -6.201015884,      -5.172559159,             0.448,    0.001574268144,      0.1171135664,                 0,                 0,                 0,    -0.02586910399,  -0.0009809254754,       0.117120039,                 0,       74.39238786
          0,           0,         114,      -5.742529932,      -6.399394282,      -6.221501905,      -5.192068481,             0.448,     0.00157177985,      0.1170810674,                 0,                 0,                 0,    -0.02587761078,  -0.0009827042148,      0.1170874934,                 0,       74.48948231
          0,           0,         115,      -5.761949194,      -6.420667313,      -6.241746733,      -5.211524662,             0.448,    0.001569872374,      0.1170501922,                 0,                 0,                 0,    -0.02588483451,  -0.0009839376986,       0.117056584,                 0,       74.56032357
          0,           0,         116,      -5.781297465,      -6.442374415,      -6.261725944,      -5.230938988,             0.448,    0.001568486468,      0.1170207715,                 0,                 0,                 0,    -0.02589107824,  -0.0009846814671,      0.1170271401,                 0,       74.60744733
          0,           0,         117,      -5.800561481,      -6.464577677,       -6.28179152,      -5.250290551,             0.448,    0.001567564501,      0.1169926268,                 0,                 0,                 0,    -0.02589659936,  -0.0009849892408,       0.116998982,                 0,       74.63337346
          0,           0,         118,      -5.819665526,      -6.487403905,      -6.301922075,      -5.269494204,             0.448,    0.001567037006,       0.116965587,                 0,                 0,                 0,    -0.02590158708,  -0.0009849267403,      0.1169719371,                 0,       74.64124114
          0,           0,         119,      -5.838535204,      -6.510884154,      -6.321830172,      -5.288466818,             0.448,    0.001566829021,      0.1169392805,                 0,                 0,                 0,    -0.02590631129,  -0.0009845608023,      0.1169456323,                 0,       74.63435956
          0,           0,         120,      -5.857108242,      -6.534808164,      -6.341160546,      -5.307130714,             0.448,    0.001566887181,      0.1169132759,                 0,                 0,                 0,    -0.02591105601,  -0.0009839353686,      0.1169196352,                 0,        74.6149929
          0,           0,         121,      -5.875383021,      -6.558859212,       -6.36020999,      -5.325475385,             0.448,    0.001567158558,      0.1168874375,                 0,                 0,                 0,     -0.0259159543,  -0.0009831003953,      0.1168938089,                 0,       74.58558482
          0,           0,         122,      -5.893308418,      -6.582881015,       -6.37873814,      -5.343441339,             0.448,    0.001567593504,      0.1168614165,                 0,                 0,                 0,    -0.02592115292,  -0.0009820979065,      0.1168678035,                 0,       74.54829086
          0,           0,         123,      -5.910771758,      -6.606570322,      -6.396483297,      -5.360895374,             0.448,    0.001568127852,      0.1168351747,                 0,                 0,                 0,    -0.02592663433,  -0.0009809912236,      0.1168415796,                 0,       74.50615365
          0,           0,         124,      -5.927783624,      -6.629690627,        -6.4138078,       -5.37784746,             0.448,    0.001568706318,      0.1168086744,                 0,                 0,                 0,    -0.02593235175,  -0.0009798347942,      0.1168150982,                 0,       74.46178614
          0,           0,         125,      -5.944343094,      -6.652189716,      -6.430948035,      -5.394311318,             0.448,    0.001569291957,      0.1167818747,                 0,                 0,                 0,    -0.02593825176,  -0.0009786646637,      0.1167883177,                 0,       74.41692046
          0,           0,         126,      -5.960403721,      -6.674054713,      -6.447725571,       -5.41025785,             0.448,    0.001569849542,      0.1167547938,                 0,                 0,                 0,    -0.02594426734,  -0.0009775164449,      0.1167612555,                 0,       74.37323816
          0,           0,         127,      -5.975965932,      -6.695070948,      -6.463781773,      -5.425695649,             0.448,    0.001570370353,      0.1167274066,                 0,                 0,                 0,    -0.02595035815,  -0.0009763983086,      0.1167338861,                 0,        74.3311324
          0,           0,         128,      -5.991141144,      -6.715041676,      -6.479791159,      -5.440752164,             0.448,    0.001570840569,      0.1166997291,                 0,                 0,                 0,    -0.02595645334,  -0.0009753244218,      0.1167062254,                 0,        74.2912625
          0,           0,         129,      -6.005969353,      -6.734240193,      -6.495951655,      -5.455481708,             0.448,    0.001571245818,      0.1166719634,                 0,                 0,                 0,    -0.02596239677,  -0.0009743135644,      0.1166784752,                 0,       74.25443051
          0,           0,         130,      -6.020490251,      -6.752906238,      -6.511844105,      -5.469933819,             0.448,    0.001571578179,      0.1166443189,                 0,                 0,                 0,    -0.02596805973,  -0.0009733782203,      0.1166508445,                 0,       74.22113672
          0,           0,         131,      -6.034780274,      -6.771039417,      -6.527356578,      -5.484190123,             0.448,    0.001571834313,       0.116616967,                 0,                 0,                 0,    -0.02597336392,  -0.0009725254689,      0.1166235047,                 0,       74.19164095
          0,           0,         132,      -6.048926058,      -6.788646767,      -6.542714655,      -5.498339097,             0.448,    0.001572014731,      0.1165900443,                 0,                 0,                 0,    -0.02597823252,  -0.0009717577781,      0.1165965923,                 0,       74.16599983
          0,           0,         133,      -6.063021642,      -6.805954432,      -6.557981473,      -5.512477155,             0.448,    0.001572125049,       0.116563748,                 0,                 0,                 0,    -0.02598257471,  -0.0009710738364,      0.1165703048,                 0,       74.14406893
          0,           0,         134,      -6.077114968,      -6.823152992,      -6.573107401,      -5.526646052,             0.448,    0.001572167191,      0.1165382341,                 0,                 0,                 0,    -0.02598634942,  -0.0009704751201,      0.1165447978,                 0,       74.12585297
          0,           0,         135,      -6.091272768,      -6.840202655,      -6.587930714,      -5.540905256,             0.448,     0.00157214417,      0.1165136677,                 0,                 0,                 0,    -0.02598952287,  -0.0009699622231,      0.1165202367,                 0,       74.11131238
          0,           0,         136,       -6.10554687,      -6.857020464,      -6.602472029,       -5.55529645,             0.448,    0.001572064077,      0.1164902369,                 0,                 0,                 0,     -0.0259920487,  -0.0009695311564,      0.1164968098,                 0,       74.10018367
          0,           0,         137,      -6.119982122,      -6.873605085,      -6.616743961,      -5.569854534,             0.448,    0.001571930658,       0.116468146,                 0,                 0,                 0,    -0.02599391102,  -0.0009691826347,      0.1164747213,                 0,       74.09241968
          0,           0,         138,      -6.134576631,      -6.889950088,      -6.630903045,      -5.584566195,             0.448,    0.001571752505,      0.1164474217,                 0,                 0,                 0,     -0.0259951624,   -0.000968908646,      0.1164539979,                 0,       74.08763232
          0,           0,         139,      -6.149329029,      -6.905951525,      -6.645094778,      -5.599424857,             0.448,     0.00157153797,      0.1164280587,                 0,                 0,                 0,     -0.0259958485,  -0.0009687007294,      0.1164346349,                 0,        74.0854252
          0,           0,         140,      -6.164252039,      -6.921569137,       -6.65938288,      -5.614438073,             0.448,    0.001571294066,      0.1164101016,                 0,                 0,                 0,    -0.02599600839,  -0.0009685528419,      0.1164166767,                 0,       74.08549683
          0,           0,         141,      -6.179341395,      -6.936810424,      -6.673809183,       -5.62959719,             0.448,    0.001571026848,      0.1163935458,                 0,                 0,                 0,    -0.02599570774,  -0.0009684588332,       0.116400119,                 0,       74.08755992
          0,           0,         142,      -6.194539182,      -6.951791972,      -6.688583436,      -5.644838731,             0.448,    0.001570741543,      0.1163784472,                 0,                 0,                 0,    -0.02599498471,  -0.0009684146969,      0.1163850178,                 0,       74.09140461
          0,           0,         143,      -6.209854022,      -6.966629435,      -6.703569527,      -5.660178242,             0.448,    0.001570448912,      0.1163647243,                 0,                 0,                 0,    -0.02599393246,  -0.0009684078945,      0.1163712918,                 0,       74.09647227
          0,           0,         144,      -6.225274363,       -6.98136851,      -6.718677707,      -5.675599884,             0.448,    0.001570152183,       0.116352375,                 0,                 0,                 0,    -0.02599261287,  -0.0009684351541,      0.1163589389,                 0,       74.10261008
          0,           0,         145,      -6.240761957,      -6.995975779,      -6.734000493,      -5.691058917,             0.448,    0.001569858141,      0.1163412798,                 0,                 0,                 0,    -0.02599110566,   -0.000968487087,        0.11634784,                 0,       74.10942224
          0,           0,         146,      -6.256318357,      -7.010525535,      -6.750042676,      -5.706573176,             0.448,    0.001569573169,      0.1163313323,                 0,                 0,                 0,    -0.02598947673,  -0.0009685549883,      0.1163378887,                 0,       74.11653988
          0,           0,         147,      -6.271923951,      -7.025109334,      -6.766386845,      -5.722128884,             0.448,    0.001569300986,      0.1163224651,                 0,                 0,                 0,    -0.02598777651,  -0.0009686336673,      0.1163290176,                 0,       74.12374433
          0,           0,         148,        -6.2875921,      -7.039813849,      -6.782813624,      -5.737736424,             0.448,    0.001569042963,      0.1163146077,                 0,                 0,                 0,    -0.02598605286,  -0.0009687202209,      0.1163211564,                 0,       74.13092593
          0,           0,         149,       -6.30334333,      -7.054726386,      -6.799372712,       -5.75341565,             0.448,    0.001568802867,      0.1163076609,                 0,                 0,                 0,    -0.02598434895,  -0.0009688087166,      0.1163142061,                 0,       74.13784316
          0,           0,         150,      -6.319180548,      -7.069951423,      -6.815976026,      -5.769171608,             0.448,    0.001568583914,      0.1163015291,                 0,                 0,                 0,    -0.02598269571,  -0.0009688938544,       0.116308071,                 0,       74.14428271
          0,           0,         151,      -6.335094908,      -7.085524523,      -6.832565493,      -5.784998485,             0.448,    0.001568383566,      0.1162961505,                 0,                 0,                 0,    -0.02598111047,  -0.0009689768206,      0.1163026893,                 0,       74.15032461
          0,           0,         152,      -6.351084065,      -7.101437025,      -6.849049893,      -5.800898466,             0.448,    0.001568204726,      0.1162914238,                 0,                 0,                 0,    -0.02597962512,   -0.000969052505,      0.1162979598,                 0,        74.1557667
          0,           0,         153,      -6.367139595,      -7.117660959,      -6.865378646,      -5.816865399,             0.448,    0.001568050061,       0.116287258,                 0,                 0,                 0,    -0.02597826472,  -0.0009691162563,      0.1162937916,                 0,       74.16042438
          0,           0,         154,      -6.383249073,      -7.134199663,      -6.881404406,      -5.832887368,             0.448,    0.001567920737,      0.1162835723,                 0,                 0,                 0,    -0.02597704622,  -0.0009691651468,       0.116290104,                 0,       74.16419054
          0,           0,         155,      -6.399392423,      -7.151038763,      -6.897185377,      -5.848944023,             0.448,    0.001567817058,      0.1162802697,                 0,                 0,                 0,    -0.02597598212,  -0.0009691967553,      0.1162867999,                 0,       74.16698849
          0,           0,         156,      -6.415549481,      -7.168171077,      -6.912717271,       -5.86501521,             0.448,    0.001567734629,      0.1162773236,                 0,                 0,                 0,    -0.02597505439,  -0.0009692148946,      0.1162838527,                 0,       74.16900882
          0,           0,         157,       -6.43170622,      -7.185562295,      -6.928005687,      -5.881087381,             0.448,     0.00156766935,      0.1162746866,                 0,                 0,                 0,    -0.02597425665,  -0.0009692226341,      0.1162812149,                 0,       74.17041523
          0,           0,         158,      -6.447849795,      -7.203233748,      -6.943129424,      -5.897150356,             0.448,    0.001567621802,      0.1162722545,                 0,                 0,                 0,    -0.02597360432,  -0.0009692171137,      0.1162787823,                 0,       74.17111343
          0,           0,         159,      -6.463984951,      -7.221210943,       -6.95826047,      -5.913209069,             0.448,     0.00156758918,      0.1162700092,                 0,                 0,                 0,    -0.02597307895,  -0.0009692007476,      0.1162765368,                 0,       74.17122465
          0,           0,         160,      -6.480099683,      -7.239563403,        -6.9734574,      -5.929255499,             0.448,    0.001567567468,      0.1162679337,                 0,                 0,                 0,    -0.02597266631,  -0.0009691771779,      0.1162744614,                 0,       74.17092795
          0,           0,         161,      -6.496170038,      -7.258275627,      -6.988310684,      -5.945268978,             0.448,    0.001567555827,      0.1162659823,                 0,                 0,                 0,    -0.02597236652,  -0.0009691462458,      0.1162725102,                 0,       74.17023386
          0,           0,         162,      -6.512196131,      -7.277226323,      -7.002783531,      -5.961245765,             0.448,    0.001567552144,      0.1162641234,                 0,                 0,                 0,    -0.02597217066,  -0.0009691093763,      0.1162706516,                 0,       74.16922228
          0,           0,         163,      -6.528190736,      -7.296305233,      -7.017134687,      -5.977197175,             0.448,    0.001567553808,      0.1162623234,                 0,                 0,                 0,    -0.02597206581,  -0.0009690684463,      0.1162688521,                 0,       74.16799525
          0,           0,         164,      -6.544171324,       -7.31562107,      -7.031520916,      -5.993142967,             0.448,    0.001567556454,      0.1162605793,                 0,                 0,                 0,    -0.02597203368,  -0.0009690277523,      0.1162671085,                 0,        74.1667574
          0,           0,         165,      -6.560135641,      -7.335257867,      -7.045907458,      -6.009078882,             0.448,    0.001567556221,      0.1162589157,                 0,                 0,                 0,    -0.02597205434,  -0.0009689916957,      0.1162654453,                 0,       74.16570721
          0,           0,         166,      -6.576098562,      -7.355109145,       -7.06029962,      -6.025019103,             0.448,    0.001567553656,      0.1162572889,                 0,                 0,                 0,    -0.02597212677,  -0.0009689587708,      0.1162638188,                 0,       74.16479076
          0,           0,         167,      -6.592082514,      -7.375052008,      -7.074717288,      -6.040987969,             0.448,    0.001567545771,      0.1162556993,                 0,                 0,                 0,    -0.02597223565,  -0.0009689319769,      0.1162622294,                 0,       74.16414973
          0,           0,         168,       -6.60813455,      -7.394941146,      -7.089220261,      -6.057031711,             0.448,    0.001567531069,      0.1162541457,                 0,                 0,                 0,    -0.02597237061,  -0.0009689127834,      0.1162606758,                 0,       74.16385421
          0,           0,         169,      -6.624257266,      -7.414635032,      -7.104004362,      -6.073145511,             0.448,    0.001567510686,      0.1162526185,                 0,                 0,                 0,    -0.02597252711,  -0.0009688998461,      0.1162591486,                 0,       74.16384431
          0,           0,         170,      -6.640452652,      -7.434063228,      -7.119362345,      -6.089336944,             0.448,    0.001567484124,       0.116251105,                 0,                 0,                 0,    -0.02597269984,  -0.0009688933862,      0.1162576349,                 0,       74.16413555
          0,           0,         171,      -6.656714215,      -7.453300628,      -7.135107443,      -6.105600845,             0.448,    0.001567450929,      0.1162496028,                 0,                 0,                 0,    -0.02597288242,  -0.0009688938022,      0.1162561323,                 0,       74.16474777
          0,           0,         172,      -6.673031698,      -7.472252192,      -7.151175857,      -6.121920125,             0.448,    0.001567412472,      0.1162481091,                 0,                 0,                 0,    -0.02597307338,  -0.0009688996649,      0.1162546381,                 0,       74.16561445
          0,           0,         173,      -6.689435615,      -7.490768631,      -7.167637683,      -6.138330527,             0.448,    0.001567369813,      0.1162466143,                 0,                 0,                 0,    -0.02597327147,   -0.000968909705,      0.1162531428,                 0,       74.16667931
          0,           0,         174,      -6.705924585,      -7.508792765,       -7.18463314,      -6.154830015,             0.448,    0.001567323442,      0.1162451215,                 0,                 0,                 0,    -0.02597347232,  -0.0009689235001,      0.1162516493,                 0,       74.16792118
          0,           0,         175,      -6.722494919,      -7.526321166,      -7.202186727,      -6.171413629,             0.448,    0.001567274155,      0.1162436244,                 0,                 0,                 0,    -0.02597367607,   -0.000968940115,      0.1162501514,                 0,       74.16929831
          0,           0,         176,      -6.739120213,      -7.543390564,       -7.22032142,      -6.188053933,             0.448,     0.00156722322,      0.1162421246,                 0,                 0,                 0,    -0.02597388105,  -0.0009689583215,      0.1162486509,                 0,       74.17075191
          0,           0,         177,      -6.755803279,      -7.560018617,      -7.239022055,       -6.20475844,             0.448,    0.001567172173,      0.1162406374,                 0,                 0,                 0,    -0.02597408239,   -0.000968976912,      0.1162471629,                 0,       74.17221884
          0,           0,         178,      -6.772533755,      -7.576189004,      -7.258230722,      -6.221518628,             0.448,    0.001567122261,      0.1162391693,                 0,                 0,                 0,    -0.02597427939,  -0.0009689947876,      0.1162456941,                 0,       74.17364443
          0,           0,         179,       -6.78928403,      -7.592002185,      -7.278073443,      -6.238304485,             0.448,    0.001567074906,      0.1162377016,                 0,                 0,                 0,    -0.02597447703,  -0.0009690101139,      0.1162442258,                 0,       74.17494928
          0,           0,         180,       -6.80602239,        -7.6075201,      -7.298455299,      -6.255083118,             0.448,    0.001567031215,      0.1162362304,                 0,                 0,                 0,    -0.02597467708,  -0.0009690216999,       0.116242754,                 0,       74.17607852
          0,           0,         181,      -6.822690554,      -7.622836914,      -7.319272504,      -6.271797768,             0.448,    0.001566993108,      0.1162347397,                 0,                 0,                 0,    -0.02597488697,  -0.0009690272778,      0.1162412628,                 0,       74.17693104
          0,           0,         182,       -6.83926358,       -7.63796648,      -7.340106703,      -6.288424927,             0.448,    0.001566961599,      0.1162332232,                 0,                 0,                 0,    -0.02597510942,  -0.0009690256968,       0.116239746,                 0,       74.17745481
          0,           0,         183,      -6.855733824,      -7.652894559,      -7.360956413,      -6.304953796,             0.448,    0.001566936892,      0.1162316735,                 0,                 0,                 0,    -0.02597534718,   -0.000969016591,       0.116238196,                 0,       74.17763541
          0,           0,         184,      -6.872087444,       -7.66762826,      -7.381937398,      -6.321368529,             0.448,    0.001566918575,      0.1162300934,                 0,                 0,                 0,    -0.02597559894,  -0.0009690004338,      0.1162366159,                 0,       74.17749411
          0,           0,         185,      -6.888292977,      -7.682275706,      -7.403004375,      -6.337636031,             0.448,    0.001566906043,      0.1162284885,                 0,                 0,                 0,    -0.02597586275,  -0.0009689779514,      0.1162350111,                 0,       74.17706311
          0,           0,         186,      -6.904331706,      -7.696957597,      -7.423984513,      -6.353737528,             0.448,    0.001566899026,      0.1162268557,                 0,                 0,                 0,    -0.02597613999,  -0.0009689493481,      0.1162333785,                 0,       74.17635326
          0,           0,         187,      -6.920199426,      -7.711731697,      -7.444696246,      -6.369670944,             0.448,    0.001566897015,      0.1162251914,                 0,                 0,                 0,    -0.02597643178,  -0.0009689150522,      0.1162317146,                 0,       74.17538631
          0,           0,         188,      -6.935896196,      -7.726631786,      -7.464993657,      -6.385433281,             0.448,     0.00156689905,      0.1162234973,                 0,                 0,                 0,    -0.02597673683,   -0.000968876061,      0.1162300209,                 0,       74.17420879
          0,           0,         189,      -6.951425396,      -7.741712935,      -7.484768348,        -6.4010237,             0.448,     0.00156690431,      0.1162217765,                 0,                 0,                 0,     -0.0259770536,  -0.0009688332646,      0.1162283007,                 0,       74.17286162
          0,           0,         190,      -6.966783236,      -7.757043263,      -7.503914052,      -6.416436014,             0.448,    0.001566911811,      0.1162200322,                 0,                 0,                 0,    -0.02597738041,  -0.0009687877128,       0.116226557,                 0,       74.17139329
          0,           0,         191,      -6.981980435,      -7.772679044,      -7.522304693,      -6.431681489,             0.448,    0.001566920627,      0.1162182737,                 0,                 0,                 0,    -0.02597771357,  -0.0009687405372,      0.1162247991,                 0,       74.16985372
          0,           0,         192,      -6.997026566,      -7.788677613,      -7.539876651,      -6.446766375,             0.448,    0.001566929954,      0.1162165058,                 0,                 0,                 0,    -0.02597805073,  -0.0009686926448,      0.1162230318,                 0,       74.16828393
          0,           0,         193,      -7.011956288,      -7.805138063,      -7.556652147,       -6.46172573,             0.448,    0.001566939012,      0.1162147276,                 0,                 0,                 0,    -0.02597839119,  -0.0009686448001,      0.1162212543,                 0,       74.16672045
          0,           0,         194,      -7.026787674,      -7.822146166,      -7.572619375,      -6.476575621,             0.448,     0.00156694693,      0.1162129438,                 0,                 0,                 0,    -0.02597873254,  -0.0009685979701,       0.116219471,                 0,       74.16520727
          0,           0,         195,      -7.041534573,       -7.83972344,      -7.587726228,      -6.491329851,             0.448,    0.001566952989,      0.1162111606,                 0,                 0,                 0,    -0.02597907218,  -0.0009685530116,      0.1162176884,                 0,       74.16378246
          0,           0,         196,      -7.056213649,      -7.857868662,      -7.601964209,      -6.506005314,             0.448,     0.00156695676,      0.1162093795,                 0,                 0,                 0,    -0.02597940905,  -0.0009685103871,      0.1162159078,                 0,       74.16246732
          0,           0,         197,      -7.070855659,      -7.876515676,      -7.615372456,      -6.520632904,             0.448,    0.001566957546,      0.1162076088,                 0,                 0,                 0,    -0.02597973959,  -0.0009684709734,      0.1162141375,                 0,       74.16130009
          0,           0,         198,      -7.085495707,      -7.895667154,      -7.628084988,      -6.535248008,             0.448,    0.001566954784,      0.1162058632,                 0,                 0,                 0,    -0.02598005878,  -0.0009684356545,      0.1162123923,                 0,        74.1603168
          0,           0,         199,      -7.100130148,       -7.91537851,      -7.640203009,      -6.549845873,             0.448,    0.001566948258,      0.1162041492,                 0,                 0,                 0,     -0.0259803642,  -0.0009684047883,      0.1162106785,                 0,       74.15953181
          0,           0,         200,      -7.114775105,      -7.935695739,       -7.65181905,      -6.564445497,             0.448,    0.001566938136,      0.1162024664,                 0,                 0,                 0,     -0.0259806555,  -0.0009683781977,      0.1162089959,                 0,       74.15893691
          0,           0,         201,      -7.129470374,      -7.956599046,      -7.663040835,      -6.579087117,             0.448,    0.001566924556,      0.1162008175,                 0,                 0,                 0,    -0.02598093132,  -0.0009683558056,      0.1162073472,                 0,       74.15852737
          0,           0,         202,      -7.144235568,      -7.978024823,      -7.673962121,      -6.593789066,             0.448,    0.001566907681,      0.1161992086,                 0,                 0,                 0,    -0.02598118981,   -0.000968337578,      0.1162057383,                 0,        74.1582992
          0,           0,         203,      -7.159080087,      -7.999844146,      -7.684641571,      -6.608564145,             0.448,    0.001566887857,      0.1161976449,                 0,                 0,                 0,    -0.02598142978,  -0.0009683232846,      0.1162041745,                 0,       74.15823945
          0,           0,         204,      -7.174006022,       -8.02186487,      -7.695135948,      -6.623415307,             0.448,    0.001566865258,      0.1161961376,                 0,                 0,                 0,    -0.02598164839,  -0.0009683129965,       0.116202667,                 0,       74.15834706
          0,           0,         205,      -7.189024904,      -8.043897525,      -7.705614861,      -6.638355228,             0.448,    0.001566840325,      0.1161946906,                 0,                 0,                 0,    -0.02598184484,  -0.0009683063579,      0.1162012199,                 0,       74.15860363
          0,           0,         206,      -7.204164756,      -8.065795869,      -7.716196235,      -6.653414266,             0.448,    0.001566813674,      0.1161933055,                 0,                 0,                 0,     -0.0259820192,  -0.0009683027878,      0.1161998345,                 0,       74.15898106
          0,           0,         207,      -7.219423699,      -8.087465226,       -7.72695395,      -6.668588953,             0.448,     0.00156678585,      0.1161919862,                 0,                 0,                 0,    -0.02598217091,  -0.0009683018228,      0.1161985149,                 0,       74.15945592
          0,           0,         208,      -7.234796504,      -8.108815858,      -7.737882342,      -6.683876013,             0.448,    0.001566757282,      0.1161907401,                 0,                 0,                 0,    -0.02598229889,  -0.0009683032011,      0.1161972685,                 0,       74.16001281
          0,           0,         209,      -7.250277047,      -8.129639439,      -7.748995652,      -6.699273502,             0.448,     0.00156672864,      0.1161895648,                 0,                 0,                 0,    -0.02598240465,  -0.0009683061983,      0.1161960929,                 0,       74.16061843
          0,           0,         210,      -7.265864679,      -8.149744677,      -7.760400316,      -6.714781934,             0.448,     0.00156670043,      0.1161884616,                 0,                 0,                 0,    -0.02598248871,  -0.0009683103345,      0.1161949893,                 0,       74.16124958
          0,           0,         211,      -7.281554192,      -8.168967965,      -7.772206993,      -6.730394427,             0.448,     0.00156667316,      0.1161874314,                 0,                 0,                 0,    -0.02598255179,  -0.0009683151252,      0.1161939588,                 0,       74.16188291
          0,           0,         212,      -7.297340745,       -8.18715663,      -7.784401771,      -6.746107723,             0.448,    0.001566647194,       0.116186479,                 0,                 0,                 0,    -0.02598259388,  -0.0009683203074,       0.116193006,                 0,       74.16250413
          0,           0,         213,      -7.313216175,      -8.204197866,      -7.796986324,      -6.761916539,             0.448,    0.001566622971,      0.1161856024,                 0,                 0,                 0,    -0.02598261641,  -0.0009683254014,       0.116192129,                 0,       74.16309128
          0,           0,         214,      -7.329188135,      -8.220040022,      -7.810017577,      -6.777829868,             0.448,    0.001566600817,      0.1161848003,                 0,                 0,                 0,    -0.02598262068,  -0.0009683300543,      0.1161913267,                 0,        74.1636281
          0,           0,         215,      -7.345248003,      -8.234711891,        -7.8235371,      -6.793839187,             0.448,    0.001566581001,      0.1161840724,                 0,                 0,                 0,    -0.02598260788,  -0.0009683339851,      0.1161905985,                 0,       74.16410152
          0,           0,         216,      -7.361383238,       -8.24829293,      -7.837554523,      -6.809933863,             0.448,    0.001566563775,      0.1161834175,                 0,                 0,                 0,    -0.02598257924,  -0.0009683369204,      0.1161899434,                 0,       74.16449899
          0,           0,         217,      -7.377584273,      -8.260858713,      -7.852070894,      -6.826105894,             0.448,    0.001566549283,      0.1161828341,                 0,                 0,                 0,    -0.02598253611,  -0.0009683386824,      0.1161893598,                 0,       74.16481267
          0,           0,         218,      -7.393840078,      -8.272520439,      -7.867095503,      -6.842344672,             0.448,    0.001566537602,      0.1161823205,                 0,                 0,                 0,     -0.0259824798,  -0.0009683391558,      0.1161888461,                 0,        74.1650378
          0,           0,         219,      -7.410136667,      -8.283420698,      -7.882638503,      -6.858636553,             0.448,    0.001566528762,      0.1161818747,                 0,                 0,                 0,    -0.02598241159,  -0.0009683382696,      0.1161884002,                 0,       74.16517177
          0,           0,         220,      -7.426457691,      -8.293705197,      -7.898698282,      -6.874965587,             0.448,    0.001566522725,      0.1161814947,                 0,                 0,                 0,    -0.02598233276,  -0.0009683360141,      0.1161880201,                 0,       74.16521497
          0,           0,         221,      -7.442785277,      -8.303514704,      -7.915260154,       -6.89131411,             0.448,      0.0015665194,      0.1161811779,                 0,                 0,                 0,    -0.02598224451,  -0.0009683324282,      0.1161877034,                 0,       74.16517018
          0,           0,         222,      -7.459100582,      -8.312988449,      -7.932303509,      -6.907663377,             0.448,    0.001566518635,      0.1161809237,                 0,                 0,                 0,    -0.02598214768,  -0.0009683276487,      0.1161874492,                 0,       74.16504416
          0,           0,         223,      -7.475395423,      -8.322260834,      -7.949792982,      -6.924007086,             0.448,     0.00156652029,      0.1161807293,                 0,                 0,                 0,    -0.02598204351,  -0.0009683217514,      0.1161872549,                 0,       74.16484165
          0,           0,         224,      -7.491626468,      -8.331470089,      -7.967690979,      -6.940299177,             0.448,    0.001566524213,      0.1161805899,                 0,                 0,                 0,    -0.02598193346,  -0.0009683147895,      0.1161871156,                 0,       74.16456698
          0,           0,         225,      -7.507773023,      -8.340741312,      -7.985993491,      -6.956518744,             0.448,    0.001566530159,      0.1161805048,                 0,                 0,                 0,    -0.02598181812,  -0.0009683069873,      0.1161870306,                 0,        74.1642311
          0,           0,         226,      -7.523796465,      -8.350170595,      -8.004680766,      -6.972623273,             0.448,    0.001566537947,      0.1161804713,                 0,                 0,                 0,    -0.02598169853,  -0.0009682984719,      0.1161869974,                 0,       74.16384107
          0,           0,         227,      -7.539686736,      -8.359836527,      -8.023718042,      -6.988604695,             0.448,    0.001566547404,      0.1161804841,                 0,                 0,                 0,    -0.02598157614,  -0.0009682892948,      0.1161870103,                 0,       74.16340147
          0,           0,         228,      -7.555425901,      -8.369807544,      -8.043069158,      -7.004442016,             0.448,    0.001566558255,      0.1161805409,                 0,                 0,                 0,    -0.02598145146,  -0.0009682796856,      0.1161870673,                 0,       74.16292403
          0,           0,         229,      -7.570999552,       -8.38010075,      -8.062695724,      -7.020124126,             0.448,    0.001566570322,      0.1161806382,                 0,                 0,                 0,    -0.02598132553,  -0.0009682697439,      0.1161871649,                 0,       74.16241487
          0,           0,         230,      -7.586397687,      -8.390771371,      -8.082557151,      -7.035638678,             0.448,    0.001566583387,      0.1161807732,                 0,                 0,                 0,    -0.02598119903,   -0.000968259629,      0.1161873002,                 0,       74.16188261
          0,           0,         231,      -7.601612322,      -8.401859838,      -8.102610547,       -7.05097563,             0.448,    0.001566597232,      0.1161809435,                 0,                 0,                 0,    -0.02598107254,  -0.0009682495022,      0.1161874707,                 0,        74.1613359
          0,           0,         232,      -7.616633812,      -8.413412556,      -8.122807683,      -7.066123873,             0.448,    0.001566611674,      0.1161811462,                 0,                 0,                 0,     -0.0259809467,  -0.0009682394838,      0.1161876736,                 0,       74.16078157
          0,           0,         233,      -7.631455338,      -8.425463766,      -8.143091775,      -7.081074686,             0.448,    0.001566626537,      0.1161813784,                 0,                 0,                 0,    -0.02598082209,  -0.0009682296907,      0.1161879062,                 0,       74.16022622
          0,           0,         234,      -7.646073985,      -8.438023445,      -8.163393453,      -7.095823047,             0.448,     0.00156664165,      0.1161816377,                 0,                 0,                 0,    -0.02598069918,  -0.0009682202372,      0.1161881657,                 0,       74.15967631
          0,           0,         235,      -7.660489621,       -8.45109024,      -8.183631612,       -7.11036713,             0.448,     0.00156665686,      0.1161819213,                 0,                 0,                 0,    -0.02598057841,  -0.0009682112193,      0.1161884496,                 0,       74.15913741
          0,           0,         236,      -7.674704876,      -8.464664162,      -8.203718449,      -7.124708119,             0.448,     0.00156667203,      0.1161822267,                 0,                 0,                 0,    -0.02598046023,  -0.0009682027145,      0.1161887553,                 0,       74.15861424
          0,           0,         237,      -7.688725286,      -8.478750154,      -8.223564927,      -7.138850037,             0.448,    0.001566687043,      0.1161825512,                 0,                 0,                 0,    -0.02598034503,  -0.0009681947839,        0.11618908,                 0,       74.15811072
          0,           0,         238,      -7.702558791,      -8.493356324,      -8.243083911,       -7.15279934,             0.448,    0.001566701798,      0.1161828922,                 0,                 0,                 0,    -0.02598023321,  -0.0009681874721,      0.1161894213,                 0,       74.15763001
          0,           0,         239,      -7.716215113,      -8.508491095,      -8.262190953,      -7.166564449,             0.448,    0.001566716205,      0.1161832471,                 0,                 0,                 0,    -0.02598012514,  -0.0009681808093,      0.1161897764,                 0,       74.15717455
          0,           0,         240,       -7.72970531,      -8.524160695,      -8.280804327,       -7.18015532,             0.448,    0.001566730193,      0.1161836133,                 0,                 0,                 0,    -0.02598002115,  -0.0009681748131,      0.1161901428,                 0,       74.15674619
          0,           0,         241,      -7.743041339,      -8.540366578,      -8.298845742,       -7.19358298,             0.448,    0.001566743702,      0.1161839883,                 0,                 0,                 0,    -0.02597992152,  -0.0009681694889,       0.116190518,                 0,       74.15634617
          0,           0,         242,      -7.756235597,      -8.557102986,      -8.316242192,      -7.206859053,             0.448,    0.001566756685,      0.1161843698,                 0,                 0,                 0,    -0.02597982653,  -0.0009681648313,      0.1161908997,                 0,       74.15597518
          0,           0,         243,       -7.76930052,      -8.574355241,      -8.332928622,      -7.219995329,             0.448,    0.001566769104,      0.1161847554,                 0,                 0,                 0,    -0.02597973638,  -0.0009681608261,      0.1161912855,                 0,       74.15563345
          0,           0,         244,      -7.782248291,      -8.592098961,      -8.348850894,      -7.233003451,             0.448,    0.001566780936,      0.1161851429,                 0,                 0,                 0,    -0.02597965126,  -0.0009681574513,      0.1161916732,                 0,        74.1553208
          0,           0,         245,      -7.795090649,      -8.610299914,      -8.363968624,      -7.245894739,             0.448,    0.001566792163,      0.1161855304,                 0,                 0,                 0,     -0.0259795713,  -0.0009681546788,      0.1161920607,                 0,       74.15503672
          0,           0,         246,      -7.807829463,      -8.628910635,      -8.378267094,      -7.258669427,             0.448,    0.001566802732,      0.1161859176,                 0,                 0,                 0,    -0.02597949621,  -0.0009681525607,      0.1161924481,                 0,       74.15478368
          0,           0,         247,      -7.820478447,       -8.64790175,      -8.391766113,      -7.271342254,             0.448,     0.00156681268,      0.1161863015,                 0,                 0,                 0,    -0.02597942638,  -0.0009681509883,      0.1161928321,                 0,       74.15455781
          0,           0,         248,      -7.833065504,      -8.667254923,      -8.404471215,      -7.283942015,             0.448,    0.001566822013,      0.1161866798,                 0,                 0,                 0,    -0.02597936192,  -0.0009681499108,      0.1161932106,                 0,       74.15435757
          0,           0,         249,      -7.845598129,      -8.686878123,      -8.416388591,      -7.296475806,             0.448,    0.001566830729,      0.1161870512,                 0,                 0,                 0,    -0.02597930276,  -0.0009681492985,      0.1161935821,                 0,       74.15418209
          0,           0,         250,      -7.858083266,      -8.706638946,      -8.427539536,      -7.308951654,             0.448,    0.001566838847,      0.1161874142,                 0,                 0,                 0,    -0.02597924891,  -0.0009681491002,      0.1161939451,                 0,       74.15402953
          0,           0,         251,      -7.870529158,      -8.726439251,      -8.437988451,      -7.321377896,             0.448,    0.001566846381,      0.1161877675,                 0,                 0,                 0,    -0.02597920028,  -0.0009681492761,      0.1161942985,                 0,       74.15389849
          0,           0,         252,      -7.882944551,      -8.746193371,      -8.447829116,      -7.333762853,             0.448,     0.00156685334,      0.1161881101,                 0,                 0,                 0,    -0.02597915676,   -0.000968149794,      0.1161946412,                 0,       74.15378784
          0,           0,         253,      -7.895338472,      -8.765790169,      -8.457156502,      -7.346115687,             0.448,    0.001566859737,      0.1161884412,                 0,                 0,                 0,    -0.02597911818,  -0.0009681506199,      0.1161949724,                 0,       74.15369636
          0,           0,         254,      -7.907720817,      -8.785100017,      -8.466057119,       -7.35844692,             0.448,    0.001566865586,      0.1161887599,                 0,                 0,                 0,    -0.02597908436,  -0.0009681517247,      0.1161952911,                 0,       74.15362295
          0,           0,         255,      -7.920102802,      -8.803998941,      -8.474615624,      -7.370768564,             0.448,    0.001566870899,      0.1161890656,                 0,                 0,                 0,    -0.02597905507,  -0.0009681530821,      0.1161955968,                 0,       74.15356663
          0,           0,         256,      -7.932496766,      -8.822383765,      -8.482921748,       -7.38309383,             0.448,    0.001566875692,      0.1161893578,                 0,                 0,                 0,    -0.02597903008,  -0.0009681546641,      0.1161958891,                 0,       74.15352627
          0,           0,         257,      -7.944915827,      -8.840175612,       -8.49107007,      -7.395436767,             0.448,    0.001566879984,       0.116189636,                 0,                 0,                 0,    -0.02597900917,   -0.000968156442,      0.1161961673,                 0,       74.15350069
          0,           0,         258,      -7.957373721,      -8.857317668,      -8.499154962,      -7.407812132,             0.448,    0.001566883796,      0.1161898999,                 0,                 0,                 0,    -0.02597899207,  -0.0009681583894,      0.1161964313,                 0,       74.15348875
          0,           0,         259,      -7.969884716,      -8.873773945,      -8.507265499,      -7.420235371,             0.448,    0.001566887147,      0.1161901494,                 0,                 0,                 0,    -0.02597897853,  -0.0009681604823,      0.1161966808,                 0,       74.15348941
          0,           0,         260,      -7.982463425,      -8.889530355,      -8.515482655,      -7.432722449,             0.448,    0.001566890057,      0.1161903844,                 0,                 0,                 0,    -0.02597896828,  -0.0009681626984,      0.1161969158,                 0,       74.15350164
          0,           0,         261,      -7.995124434,      -8.904594937,      -8.523878472,      -7.445289445,             0.448,    0.001566892548,      0.1161906048,                 0,                 0,                 0,    -0.02597896104,  -0.0009681650165,      0.1161971362,                 0,       74.15352443
          0,           0,         262,      -8.007881837,      -8.918996377,      -8.532516143,      -7.457952032,             0.448,    0.001566894643,      0.1161908108,                 0,                 0,                 0,    -0.02597895653,  -0.0009681674158,      0.1161973422,                 0,       74.15355675
          0,           0,         263,      -8.020748771,      -8.932781458,      -8.541450365,      -7.470724981,             0.448,    0.001566896364,      0.1161910025,                 0,                 0,                 0,     -0.0259789545,  -0.0009681698765,      0.1161975339,                 0,       74.15359762
          0,           0,         264,      -8.033736983,      -8.946011669,       -8.55072775,      -7.483621701,             0.448,    0.001566897737,      0.1161911802,                 0,                 0,                 0,    -0.02597895467,  -0.0009681723798,      0.1161977115,                 0,       74.15364604
          0,           0,         265,      -8.046856392,      -8.958759001,      -8.560387241,      -7.496653784,             0.448,    0.001566898786,      0.1161913441,                 0,                 0,                 0,    -0.02597895681,  -0.0009681749074,      0.1161978754,                 0,       74.15370103
          0,           0,         266,      -8.060114676,      -8.971101323,      -8.570460509,       -7.50983057,             0.448,    0.001566899536,      0.1161914947,                 0,                 0,                 0,    -0.02597896066,  -0.0009681774424,       0.116198026,                 0,       74.15376164
          0,           0,         267,      -8.073516903,      -8.983117882,      -8.580972376,      -7.523158758,             0.448,    0.001566900011,      0.1161916323,                 0,                 0,                 0,    -0.02597896599,   -0.000968179969,      0.1161981635,                 0,       74.15382697
          0,           0,         268,      -8.087065229,      -8.994885221,      -8.591941317,       -7.53664207,             0.448,    0.001566900235,      0.1161917573,                 0,                 0,                 0,    -0.02597897258,  -0.0009681824728,      0.1161982886,                 0,       74.15389615
          0,           0,         269,      -8.100758654,      -9.006473858,      -8.603379992,      -7.550280981,             0.448,    0.001566900234,      0.1161918704,                 0,                 0,                 0,    -0.02597898024,  -0.0009681849403,      0.1161984016,                 0,       74.15396837
          0,           0,         270,      -8.114592844,      -9.017945733,      -8.615295737,       -7.56407251,             0.448,    0.001566900029,      0.1161919719,                 0,                 0,                 0,    -0.02597898876,  -0.0009681873595,      0.1161985031,                 0,       74.15404285
          0,           0,         271,      -8.128560028,      -9.029352603,       -8.62769095,      -7.578010085,             0.448,    0.001566899643,      0.1161920624,                 0,                 0,                 0,    -0.02597899798,  -0.0009681897195,      0.1161985936,                 0,       74.15411886
          0,           0,         272,      -8.142648987,       -9.04073522,      -8.640563413,        -7.5920835,             0.448,    0.001566899098,      0.1161921425,                 0,                 0,                 0,    -0.02597900775,  -0.0009681920107,      0.1161986736,                 0,       74.15419574
          0,           0,         273,       -8.15684514,      -9.052123229,      -8.653906585,      -7.606278971,             0.448,    0.001566898414,      0.1161922126,                 0,                 0,                 0,    -0.02597901792,  -0.0009681942248,      0.1161987437,                 0,       74.15427289
          0,           0,         274,      -8.171130748,      -9.063535694,      -8.667709883,      -7.620579301,             0.448,     0.00156689761,      0.1161922734,                 0,                 0,                 0,    -0.02597902837,  -0.0009681963551,      0.1161988045,                 0,       74.15434975
          0,           0,         275,      -8.185485209,       -9.07498215,      -8.681958961,      -7.634964157,             0.448,    0.001566896702,      0.1161923254,                 0,                 0,                 0,      -0.025979039,  -0.0009681983962,      0.1161988564,                 0,       74.15442587
          0,           0,         276,      -8.199885479,      -9.086464117,      -8.696635948,      -7.649410457,             0.448,    0.001566895708,      0.1161923691,                 0,                 0,                 0,     -0.0259790497,   -0.000968200344,      0.1161989001,                 0,       74.15450083
          0,           0,         277,      -8.214306584,      -9.097976917,      -8.711719652,       -7.66389286,             0.448,     0.00156689464,       0.116192405,                 0,                 0,                 0,    -0.02597906042,   -0.000968202196,       0.116198936,                 0,       74.15457431
          0,           0,         278,      -8.228722221,      -9.109511742,      -8.727185726,      -7.678384366,             0.448,    0.001566893509,       0.116192434,                 0,                 0,                 0,    -0.02597907104,  -0.0009682039574,      0.1161989649,                 0,       74.15464628
          0,           0,         279,      -8.243097526,      -9.121057294,      -8.743014192,       -7.69284769,             0.448,    0.001566892325,      0.1161924565,                 0,                 0,                 0,    -0.02597908151,  -0.0009682056327,      0.1161989874,                 0,       74.15471671
          0,           0,         280,        -8.2574176,      -9.132595262,      -8.759193616,      -7.707267913,             0.448,    0.001566891102,      0.1161924728,                 0,                 0,                 0,    -0.02597909182,  -0.0009682072115,      0.1161990037,                 0,       74.15478501
          0,           0,         281,      -8.271661125,      -9.144102865,      -8.775678848,      -7.721622513,             0.448,    0.001566889846,      0.1161924833,                 0,                 0,                 0,    -0.02597910197,   -0.000968208696,      0.1161990141,                 0,       74.15485114
          0,           0,         282,       -8.28580117,      -9.155575423,      -8.792419563,      -7.735882786,             0.448,    0.001566888565,      0.1161924884,                 0,                 0,                 0,    -0.02597911192,  -0.0009682100892,      0.1161990192,                 0,       74.15491506
          0,           0,         283,      -8.299812815,      -9.167028846,      -8.809376208,       -7.75002128,             0.448,    0.001566887265,      0.1161924886,                 0,                 0,                 0,    -0.02597912169,  -0.0009682113922,      0.1161990194,                 0,       74.15497667
          0,           0,         284,      -8.313675662,      -9.178482918,      -8.826512762,      -7.764014858,             0.448,    0.001566885953,      0.1161924842,                 0,                 0,                 0,    -0.02597913126,  -0.0009682126088,       0.116199015,                 0,       74.15503599
          0,           0,         285,      -8.327374008,       -9.18994941,      -8.843786578,      -7.777845427,             0.448,    0.001566884631,      0.1161924757,                 0,                 0,                 0,    -0.02597914064,  -0.0009682137437,      0.1161990064,                 0,       74.15509309
          0,           0,         286,      -8.340896069,      -9.201441225,      -8.861146867,      -7.791498943,             0.448,    0.001566883302,      0.1161924633,                 0,                 0,                 0,    -0.02597914983,  -0.0009682148017,       0.116198994,                 0,       74.15514806
          0,           0,         287,      -8.354233902,       -9.21298101,      -8.878539616,      -7.804965188,             0.448,    0.001566881968,      0.1161924474,                 0,                 0,                 0,    -0.02597915885,  -0.0009682157889,      0.1161989781,                 0,       74.15520106
          0,           0,         288,       -8.36738366,       -9.22459797,      -8.895911802,      -7.818238077,             0.448,     0.00156688063,      0.1161924284,                 0,                 0,                 0,    -0.02597916769,  -0.0009682167115,       0.116198959,                 0,       74.15525224
          0,           0,         289,      -8.380345786,      -9.236323045,      -8.913211826,      -7.831315962,             0.448,    0.001566879289,      0.1161924065,                 0,                 0,                 0,    -0.02597917636,  -0.0009682175749,      0.1161989371,                 0,       74.15530174
          0,           0,         290,      -8.393124983,      -9.248188138,      -8.930388119,      -7.844201724,             0.448,    0.001566877946,       0.116192382,                 0,                 0,                 0,    -0.02597918488,  -0.0009682183842,      0.1161989126,                 0,        74.1553497
          0,           0,         291,       -8.40572992,      -9.260226542,      -8.947388435,      -7.856902543,             0.448,    0.001566876602,      0.1161923553,                 0,                 0,                 0,    -0.02597919325,  -0.0009682191446,      0.1161988859,                 0,       74.15539625
          0,           0,         292,       -8.41817271,      -9.272471833,      -8.964160399,      -7.869429385,             0.448,    0.001566875257,      0.1161923265,                 0,                 0,                 0,    -0.02597920148,  -0.0009682198611,      0.1161988571,                 0,       74.15544152
          0,           0,         293,      -8.430468246,      -9.284955955,      -8.980652564,      -7.881796307,             0.448,    0.001566873913,      0.1161922959,                 0,                 0,                 0,    -0.02597920958,  -0.0009682205381,      0.1161988265,                 0,       74.15548563
          0,           0,         294,      -8.442633525,      -9.297707478,      -8.996815398,      -7.894019762,             0.448,     0.00156687257,      0.1161922638,                 0,                 0,                 0,    -0.02597921755,  -0.0009682211795,      0.1161987943,                 0,       74.15552867
          0,           0,         295,      -8.454687023,      -9.310750357,      -9.012602247,      -7.906117963,             0.448,     0.00156687123,      0.1161922303,                 0,                 0,                 0,     -0.0259792254,  -0.0009682217887,      0.1161987608,                 0,       74.15557072
          0,           0,         296,      -8.466648117,      -9.324103399,       -9.02797041,      -7.918110283,             0.448,    0.001566869894,      0.1161921956,                 0,                 0,                 0,    -0.02597923312,  -0.0009682223681,      0.1161987261,                 0,       74.15561181
          0,           0,         297,      -8.478536546,       -9.33778019,      -9.042882329,      -7.930016701,             0.448,    0.001566868566,      0.1161921601,                 0,                 0,                 0,    -0.02597924071,  -0.0009682229199,      0.1161986905,                 0,       74.15565196
          0,           0,         298,      -8.490371943,      -9.351789298,      -9.057306803,      -7.941857285,             0.448,    0.001566867248,      0.1161921237,                 0,                 0,                 0,    -0.02597924817,  -0.0009682234455,      0.1161986542,                 0,       74.15569118
          0,           0,         299,      -8.502173441,      -9.366134305,      -9.071220154,      -7.953651773,             0.448,    0.001566865941,      0.1161920868,                 0,                 0,                 0,     -0.0259792555,   -0.000968223946,      0.1161986172,                 0,       74.15572944
          0,           0,         300,      -8.513959373,      -9.380813739,      -9.084607228,      -7.965419231,             0.448,     0.00156686465,      0.1161920495,                 0,                 0,                 0,    -0.02597926268,   -0.000968224422,      0.1161985799,                 0,        74.1557667
          0,           0,         301,      -8.525747035,      -9.395820896,      -9.097462147,      -7.977177784,             0.448,    0.001566863378,      0.1161920119,                 0,                 0,                 0,     -0.0259792697,  -0.0009682248737,      0.1161985423,                 0,       74.15580292
          0,           0,         302,       -8.53755252,      -9.411143818,      -9.109788675,      -7.988944423,             0.448,    0.001566862128,      0.1161919742,                 0,                 0,                 0,    -0.02597927656,  -0.0009682253008,      0.1161985045,                 0,       74.15583801
          0,           0,         303,      -8.549390619,      -9.426765335,      -9.121600212,      -8.000734882,             0.448,    0.001566860904,      0.1161919365,                 0,                 0,                 0,    -0.02597928323,  -0.0009682257028,      0.1161984668,                 0,        74.1558719
          0,           0,         304,       -8.56127477,      -9.442663377,       -9.13291943,      -8.012563566,             0.448,     0.00156685971,       0.116191899,                 0,                 0,                 0,    -0.02597928971,  -0.0009682260788,      0.1161984293,                 0,       74.15590448
          0,           0,         305,      -8.573217048,       -9.45881133,      -9.143777591,      -8.024443529,             0.448,     0.00156685855,      0.1161918618,                 0,                 0,                 0,    -0.02597929599,  -0.0009682264276,      0.1161983921,                 0,       74.15593566
          0,           0,         306,      -8.585228185,      -9.475178619,       -9.15421356,      -8.036386486,             0.448,    0.001566857427,      0.1161918251,                 0,                 0,                 0,    -0.02597930204,  -0.0009682267479,      0.1161983554,                 0,       74.15596533
          0,           0,         307,      -8.597317608,      -9.491731274,      -9.164272567,      -8.048402844,             0.448,    0.001566856346,      0.1161917888,                 0,                 0,                 0,    -0.02597930785,  -0.0009682270385,      0.1161983191,                 0,       74.15599337
          0,           0,         308,      -8.609493475,      -9.508432547,      -9.174004788,      -8.060501737,             0.448,    0.001566855311,      0.1161917533,                 0,                 0,                 0,    -0.02597931342,  -0.0009682272978,      0.1161982835,                 0,       74.15601969
          0,           0,         309,       -8.62176272,      -9.525243449,      -9.183463866,       -8.07269107,             0.448,    0.001566854323,      0.1161917184,                 0,                 0,                 0,    -0.02597931872,  -0.0009682275246,      0.1161982487,                 0,       74.15604417
          0,           0,         310,      -8.634131092,      -9.542123295,      -9.192705447,      -8.084977554,             0.448,    0.001566853388,      0.1161916844,                 0,                 0,                 0,    -0.02597932375,  -0.0009682277175,      0.1161982147,                 0,       74.15606672
          0,           0,         311,      -8.646603177,      -9.559030062,      -9.201785839,      -8.097366727,             0.448,    0.001566852508,      0.1161916513,                 0,                 0,                 0,    -0.02597932849,  -0.0009682278754,      0.1161981815,                 0,       74.15608725
          0,           0,         312,      -8.659182418,      -9.575920822,      -9.210760807,      -8.109862976,             0.448,    0.001566851685,      0.1161916192,                 0,                 0,                 0,    -0.02597933294,  -0.0009682279975,      0.1161981494,                 0,        74.1561057
          0,           0,         313,      -8.671871119,      -9.592751909,      -9.219684567,      -8.122469536,             0.448,    0.001566850922,      0.1161915881,                 0,                 0,                 0,    -0.02597933709,  -0.0009682280828,      0.1161981183,                 0,         74.156122
          0,           0,         314,      -8.684670445,      -9.609479244,      -9.228608962,      -8.135188486,             0.448,     0.00156685022,      0.1161915581,                 0,                 0,                 0,    -0.02597934094,   -0.000968228131,      0.1161980884,                 0,        74.1561361
          0,           0,         315,       -8.69758042,      -9.626058481,      -9.237582838,      -8.148020739,             0.448,    0.001566849581,      0.1161915294,                 0,                 0,                 0,    -0.02597934448,  -0.0009682281419,      0.1161980596,                 0,       74.15614797
          0,           0,         316,      -8.710599914,      -9.642445299,      -9.246651602,      -8.160966026,             0.448,    0.001566849005,      0.1161915018,                 0,                 0,                 0,     -0.0259793477,  -0.0009682281155,       0.116198032,                 0,        74.1561576
          0,           0,         317,      -8.723726648,      -9.658595681,      -9.255856954,      -8.174022889,             0.448,    0.001566848494,      0.1161914754,                 0,                 0,                 0,    -0.02597935061,  -0.0009682280524,      0.1161980056,                 0,         74.156165
          0,           0,         318,      -8.736957194,      -9.674466282,      -9.265236767,      -8.187188674,             0.448,    0.001566848046,      0.1161914504,                 0,                 0,                 0,    -0.02597935321,  -0.0009682279533,      0.1161979806,                 0,       74.15617019
          0,           0,         319,      -8.750287001,      -9.690015051,      -9.274825086,      -8.200459543,             0.448,    0.001566847663,      0.1161914267,                 0,                 0,                 0,     -0.0259793555,  -0.0009682278192,      0.1161979568,                 0,       74.15617321
          0,           0,         320,      -8.763710426,      -9.705201893,      -9.284652216,      -8.213830492,             0.448,    0.001566847341,      0.1161914042,                 0,                 0,                 0,    -0.02597935749,  -0.0009682276515,      0.1161979344,                 0,       74.15617411
          0,           0,         321,      -8.777220788,      -9.719989632,      -9.294744882,      -8.227295402,             0.448,    0.001566847081,      0.1161913832,                 0,                 0,                 0,    -0.02597935918,  -0.0009682274519,      0.1161979134,                 0,       74.15617297
          0,           0,         322,      -8.790810448,      -9.734345134,      -9.305126415,      -8.240847098,             0.448,    0.001566846881,      0.1161913635,                 0,                 0,                 0,    -0.02597936057,  -0.0009682272223,      0.1161978937,                 0,       74.15616987
          0,           0,         323,      -8.804470903,      -9.748240516,       -9.31581697,       -8.25447744,             0.448,    0.001566846738,      0.1161913451,                 0,                 0,                 0,    -0.02597936169,  -0.0009682269647,      0.1161978753,                 0,       74.15616493
          0,           0,         324,      -8.818192904,       -9.76165448,       -9.32683372,      -8.268177431,             0.448,     0.00156684665,      0.1161913281,                 0,                 0,                 0,    -0.02597936253,  -0.0009682266817,      0.1161978583,                 0,       74.15615824
          0,           0,         325,      -8.831966593,      -9.774573561,      -9.338191061,      -8.281937351,             0.448,    0.001566846614,      0.1161913124,                 0,                 0,                 0,    -0.02597936312,  -0.0009682263756,      0.1161978426,                 0,       74.15614994
          0,           0,         326,      -8.845781659,      -9.786993211,      -9.349900761,      -8.295746904,             0.448,    0.001566846626,      0.1161912981,                 0,                 0,                 0,    -0.02597936345,  -0.0009682260503,      0.1161978283,                 0,       74.15614019
          0,           0,         327,      -8.859635756,      -9.798919124,      -9.361967908,      -8.309605094,             0.448,    0.001566846684,      0.1161912851,                 0,                 0,                 0,    -0.02597936353,  -0.0009682257107,      0.1161978153,                 0,       74.15612921
          0,           0,         328,      -8.873509988,      -9.810368045,      -9.374377272,      -8.323491709,             0.448,    0.001566846784,      0.1161912735,                 0,                 0,                 0,    -0.02597936338,  -0.0009682253567,      0.1161978037,                 0,       74.15611704
          0,           0,         329,      -8.887383859,      -9.821377569,      -9.387138804,       -8.33738504,             0.448,    0.001566846924,      0.1161912631,                 0,                 0,                 0,    -0.02597936303,  -0.0009682249908,      0.1161977933,                 0,       74.15610382
          0,           0,         330,      -8.901248877,      -9.831987199,      -9.400271926,      -8.351276127,             0.448,    0.001566847098,       0.116191254,                 0,                 0,                 0,    -0.02597936248,  -0.0009682246162,      0.1161977842,                 0,        74.1560897
          0,           0,         331,      -8.915098343,      -9.842232607,      -9.413782201,      -8.365157905,             0.448,    0.001566847306,       0.116191246,                 0,                 0,                 0,    -0.02597936176,   -0.000968224235,      0.1161977762,                 0,        74.1560748
          0,           0,         332,      -8.928924778,      -9.852145699,      -9.427662855,      -8.379022729,             0.448,    0.001566847542,      0.1161912392,                 0,                 0,                 0,    -0.02597936089,  -0.0009682238498,      0.1161977694,                 0,       74.15605926
          0,           0,         333,      -8.942719632,      -9.861779338,      -9.441905253,      -8.392861484,             0.448,    0.001566847803,      0.1161912334,                 0,                 0,                 0,    -0.02597935987,  -0.0009682234633,      0.1161977636,                 0,       74.15604323
          0,           0,         334,      -8.956474881,      -9.871204372,      -9.456503927,      -8.406665264,             0.448,    0.001566848086,      0.1161912287,                 0,                 0,                 0,    -0.02597935872,   -0.000968223078,       0.116197759,                 0,       74.15602684
          0,           0,         335,      -8.970183719,      -9.880490506,      -9.471453625,      -8.420426343,             0.448,    0.001566848387,       0.116191225,                 0,                 0,                 0,    -0.02597935746,  -0.0009682226966,      0.1161977553,                 0,       74.15601024
          0,           0,         336,      -8.983840536,       -9.88970071,      -9.486744245,      -8.434138282,             0.448,    0.001566848703,      0.1161912223,                 0,                 0,                 0,     -0.0259793561,  -0.0009682223215,      0.1161977526,                 0,       74.15599355
          0,           0,         337,       -8.99744073,      -9.898895867,      -9.502358845,      -8.447795741,             0.448,    0.001566849031,      0.1161912205,                 0,                 0,                 0,    -0.02597935465,   -0.000968221955,      0.1161977508,                 0,        74.1559769
          0,           0,         338,      -9.010980467,      -9.908135945,      -9.518274515,      -8.461394187,             0.448,    0.001566849367,      0.1161912196,                 0,                 0,                 0,    -0.02597935313,  -0.0009682215989,      0.1161977499,                 0,       74.15596041
          0,           0,         339,      -9.024456506,      -9.917477717,      -9.534463636,      -8.474929659,             0.448,    0.001566849709,      0.1161912195,                 0,                 0,                 0,    -0.02597935156,  -0.0009682212553,      0.1161977498,                 0,       74.15594418
          0,           0,         340,      -9.037866124,      -9.926972692,      -9.550894211,      -8.488398703,             0.448,    0.001566850053,      0.1161912202,                 0,                 0,                 0,    -0.02597934994,  -0.0009682209257,      0.1161977505,                 0,       74.15592831
          0,           0,         341,      -9.051207179,      -9.936666621,      -9.567529621,      -8.501798469,             0.448,    0.001566850398,      0.1161912216,                 0,                 0,                 0,    -0.02597934828,  -0.0009682206116,      0.1161977519,                 0,       74.15591289
          0,           0,         342,      -9.064478195,      -9.946599845,      -9.584328427,      -8.515126833,             0.448,     0.00156685074,      0.1161912237,                 0,                 0,                 0,     -0.0259793466,  -0.0009682203144,       0.116197754,                 0,         74.155898
          0,           0,         343,      -9.077678415,      -9.956807496,      -9.601244403,      -8.528382438,             0.448,    0.001566851078,      0.1161912264,                 0,                 0,                 0,    -0.02597934491,   -0.000968220035,      0.1161977567,                 0,       74.15588372
          0,           0,         344,      -9.090807794,      -9.967319909,      -9.618226742,      -8.541564686,             0.448,     0.00156685141,      0.1161912296,                 0,                 0,                 0,    -0.02597934322,  -0.0009682197741,      0.1161977599,                 0,       74.15587009
          0,           0,         345,      -9.103867003,      -9.978162257,      -9.635220401,      -8.554673723,             0.448,    0.001566851734,      0.1161912334,                 0,                 0,                 0,    -0.02597934153,  -0.0009682195325,      0.1161977637,                 0,       74.15585716
          0,           0,         346,       -9.11685743,      -9.989354089,      -9.652166671,      -8.567710435,             0.448,    0.001566852048,      0.1161912376,                 0,                 0,                 0,    -0.02597933986,  -0.0009682193103,      0.1161977679,                 0,       74.15584498
          0,           0,         347,      -9.129781183,      -10.00090928,      -9.669003999,      -8.580676439,             0.448,    0.001566852352,      0.1161912423,                 0,                 0,                 0,    -0.02597933822,  -0.0009682191079,      0.1161977726,                 0,       74.15583356
          0,           0,         348,      -9.142641093,      -10.01283606,      -9.685669073,      -8.593574094,             0.448,    0.001566852644,      0.1161912473,                 0,                 0,                 0,     -0.0259793366,  -0.0009682189251,      0.1161977776,                 0,       74.15582293
          0,           0,         349,      -9.155440728,      -10.02513772,      -9.702098178,      -8.606406504,             0.448,    0.001566852924,      0.1161912526,                 0,                 0,                 0,    -0.02597933502,  -0.0009682187619,      0.1161977829,                 0,       74.15581311
          0,           0,         350,      -9.168184424,      -10.03781309,      -9.718228843,      -8.619177553,             0.448,     0.00156685319,      0.1161912582,                 0,                 0,                 0,    -0.02597933349,  -0.0009682186178,      0.1161977885,                 0,       74.15580408
          0,           0,         351,      -9.180877311,      -10.05085741,       -9.73400175,      -8.631891934,             0.448,    0.001566853442,       0.116191264,                 0,                 0,                 0,      -0.025979332,  -0.0009682184925,      0.1161977943,                 0,       74.15579586
          0,           0,         352,      -9.193525341,      -10.06426292,      -9.749362752,       -8.64455519,             0.448,     0.00156685368,        0.11619127,                 0,                 0,                 0,    -0.02597933057,  -0.0009682183853,      0.1161978003,                 0,       74.15578841
          0,           0,         353,      -9.206135298,      -10.07801943,      -9.764264894,      -8.657173733,             0.448,    0.001566853904,      0.1161912761,                 0,                 0,                 0,    -0.02597932919,  -0.0009682182954,      0.1161978065,                 0,       74.15578173
          0,           0,         354,      -9.218714797,      -10.09211475,      -9.778670252,      -8.669754855,             0.448,    0.001566854114,      0.1161912824,                 0,                 0,                 0,    -0.02597932786,  -0.0009682182219,      0.1161978127,                 0,        74.1557758
          0,           0,         355,      -9.231272258,      -10.10653516,      -9.792551527,      -8.682306715,             0.448,    0.001566854309,      0.1161912887,                 0,                 0,                 0,     -0.0259793266,   -0.000968218164,       0.116197819,                 0,       74.15577057
          0,           0,         356,      -9.243816856,      -10.12126565,      -9.805893238,      -8.694838306,             0.448,    0.001566854491,       0.116191295,                 0,                 0,                 0,    -0.02597932539,  -0.0009682181206,      0.1161978254,                 0,       74.15576601
          0,           0,         357,      -9.256358445,      -10.13629017,      -9.818692398,      -8.707359389,             0.448,    0.001566854659,      0.1161913013,                 0,                 0,                 0,    -0.02597932425,  -0.0009682180907,      0.1161978317,                 0,        74.1557621
          0,           0,         358,      -9.268907452,      -10.15159174,      -9.830958654,      -8.719880397,             0.448,    0.001566854814,      0.1161913076,                 0,                 0,                 0,    -0.02597932317,  -0.0009682180731,       0.116197838,                 0,       74.15575878
          0,           0,         359,      -9.281474741,      -10.16715254,      -9.842713786,      -8.732412314,             0.448,    0.001566854956,      0.1161913139,                 0,                 0,                 0,    -0.02597932215,  -0.0009682180667,      0.1161978442,                 0,       74.15575602
          0,           0,         360,      -9.294071458,       -10.1829539,       -9.85399067,      -8.744966518,             0.448,    0.001566855087,        0.11619132,                 0,                 0,                 0,     -0.0259793212,  -0.0009682180706,      0.1161978504,                 0,       74.15575378
          0,           0,         361,      -9.306708854,      -10.19897608,      -9.864831853,      -8.757554613,             0.448,    0.001566855206,      0.1161913261,                 0,                 0,                 0,     -0.0259793203,  -0.0009682180835,      0.1161978564,                 0,         74.155752
          0,           0,         362,      -9.319398086,      -10.21519823,      -9.875287753,      -8.770188224,             0.448,    0.001566855314,       0.116191332,                 0,                 0,                 0,    -0.02597931947,  -0.0009682181044,      0.1161978624,                 0,       74.15575066
          0,           0,         363,      -9.332150017,      -10.23159796,      -9.885414744,      -8.782878797,             0.448,    0.001566855412,      0.1161913378,                 0,                 0,                 0,    -0.02597931869,  -0.0009682181324,      0.1161978681,                 0,       74.15574971
          0,           0,         364,      -9.344975008,      -10.24815085,      -9.895273223,      -8.795637382,             0.448,      0.0015668555,      0.1161913434,                 0,                 0,                 0,    -0.02597931797,  -0.0009682181663,      0.1161978737,                 0,       74.15574911
          0,           0,         365,      -9.357882712,      -10.26483013,       -9.90492573,      -8.808474417,             0.448,     0.00156685558,      0.1161913488,                 0,                 0,                 0,     -0.0259793173,  -0.0009682182054,      0.1161978792,                 0,       74.15574881
          0,           0,         366,      -9.370881883,      -10.28160598,      -9.914435288,      -8.821399527,             0.448,    0.001566855651,       0.116191354,                 0,                 0,                 0,    -0.02597931669,  -0.0009682182487,      0.1161978844,                 0,        74.1557488
          0,           0,         367,      -9.383980192,       -10.2984452,      -9.923863936,      -8.834421326,             0.448,    0.001566855714,      0.1161913591,                 0,                 0,                 0,    -0.02597931613,  -0.0009682182954,      0.1161978894,                 0,       74.15574902
          0,           0,         368,      -9.397184069,      -10.31531079,      -9.933271551,      -8.847547241,             0.448,     0.00156685577,      0.1161913639,                 0,                 0,                 0,    -0.02597931563,  -0.0009682183449,      0.1161978943,                 0,       74.15574945
          0,           0,         369,      -9.410498564,      -10.33216162,      -9.942714946,      -8.860783361,             0.448,    0.001566855819,      0.1161913685,                 0,                 0,                 0,    -0.02597931517,  -0.0009682183964,      0.1161978989,                 0,       74.15575007
          0,           0,         370,      -9.423927243,      -10.34895252,      -9.952247196,      -8.874134312,             0.448,    0.001566855862,      0.1161913729,                 0,                 0,                 0,    -0.02597931475,  -0.0009682184493,      0.1161979033,                 0,       74.15575084
          0,           0,         371,      -9.437472099,      -10.36563442,      -9.961917241,      -8.887603154,             0.448,    0.001566855899,      0.1161913771,                 0,                 0,                 0,    -0.02597931439,  -0.0009682185031,      0.1161979075,                 0,       74.15575175
          0,           0,         372,       -9.45113351,      -10.38215486,      -9.971769652,      -8.901191318,             0.448,    0.001566855931,       0.116191381,                 0,                 0,                 0,    -0.02597931407,  -0.0009682185574,      0.1161979114,                 0,       74.15575276
          0,           0,         373,      -9.464910209,      -10.39845918,      -9.981844557,      -8.914898562,             0.448,    0.001566855957,      0.1161913847,                 0,                 0,                 0,    -0.02597931379,  -0.0009682186117,      0.1161979151,                 0,       74.15575387
          0,           0,         374,      -9.478799299,      -10.41449119,      -9.992177708,      -8.928722972,             0.448,    0.001566855979,      0.1161913882,                 0,                 0,                 0,    -0.02597931355,  -0.0009682186658,      0.1161979186,                 0,       74.15575506
          0,           0,         375,      -9.492796287,      -10.43019561,       -10.0028006,      -8.942660971,             0.448,    0.001566855996,      0.1161913914,                 0,                 0,                 0,    -0.02597931335,  -0.0009682187192,      0.1161979218,                 0,       74.15575631
          0,           0,         376,      -9.506895148,      -10.44551942,      -10.01374067,      -8.956707377,             0.448,    0.001566856009,      0.1161913945,                 0,                 0,                 0,    -0.02597931319,  -0.0009682187719,      0.1161979248,                 0,       74.15575762
          0,           0,         377,      -9.521088416,        -10.460414,      -10.02502148,      -8.970855481,             0.448,    0.001566856018,      0.1161913972,                 0,                 0,                 0,    -0.02597931307,  -0.0009682188236,      0.1161979276,                 0,       74.15575897
          0,           0,         378,      -9.535367296,      -10.47483756,      -10.03666297,      -8.985097135,             0.448,    0.001566856023,      0.1161913998,                 0,                 0,                 0,    -0.02597931298,  -0.0009682188741,      0.1161979302,                 0,       74.15576035
          0,           0,         379,       -9.54972179,      -10.48875717,      -10.04868162,      -8.999422883,             0.448,    0.001566856025,      0.1161914021,                 0,                 0,                 0,    -0.02597931293,  -0.0009682189234,      0.1161979325,                 0,       74.15576177
          0,           0,         380,      -9.564140857,      -10.50215022,      -10.06109061,      -9.013822099,             0.448,    0.001566856023,      0.1161914042,                 0,                 0,                 0,    -0.02597931291,  -0.0009682189715,      0.1161979346,                 0,       74.15576322
          0,           0,         381,      -9.578612566,      -10.51500643,      -10.07389998,      -9.028283141,             0.448,    0.001566856017,      0.1161914061,                 0,                 0,                 0,    -0.02597931292,  -0.0009682190183,      0.1161979365,                 0,       74.15576469
          0,           0,         382,      -9.593124281,      -10.52732807,       -10.0871167,      -9.042793524,             0.448,    0.001566856008,      0.1161914078,                 0,                 0,                 0,    -0.02597931296,  -0.0009682190637,      0.1161979381,                 0,       74.15576618
          0,           0,         383,      -9.607662837,       -10.5391305,       -10.1007447,      -9.057340096,             0.448,    0.001566855996,      0.1161914092,                 0,                 0,                 0,    -0.02597931304,  -0.0009682191079,      0.1161979396,                 0,       74.15576769
          0,           0,         384,      -9.622214737,      -10.55044157,      -10.11478489,      -9.071909236,             0.448,     0.00156685598,      0.1161914105,                 0,                 0,                 0,    -0.02597931314,  -0.0009682191508,      0.1161979409,                 0,       74.15576923
          0,           0,         385,      -9.636766342,      -10.56130065,      -10.12923506,       -9.08648704,             0.448,    0.001566855962,      0.1161914116,                 0,                 0,                 0,    -0.02597931327,  -0.0009682191925,      0.1161979419,                 0,       74.15577078
          0,           0,         386,      -9.651304067,      -10.57175669,      -10.14408982,       -9.10105952,             0.448,     0.00156685594,      0.1161914124,                 0,                 0,                 0,    -0.02597931343,   -0.000968219233,      0.1161979428,                 0,       74.15577236
          0,           0,         387,      -9.665814569,      -10.58186683,      -10.15934043,      -9.115612808,             0.448,    0.001566855916,      0.1161914131,                 0,                 0,                 0,    -0.02597931361,  -0.0009682192725,      0.1161979435,                 0,       74.15577396
          0,           0,         388,      -9.680284944,      -10.59169371,      -10.17497464,      -9.130133351,             0.448,    0.001566855888,      0.1161914136,                 0,                 0,                 0,    -0.02597931381,  -0.0009682193109,       0.116197944,                 0,       74.15577558
          0,           0,         389,      -9.694702897,      -10.60130368,      -10.19097646,      -9.144608087,             0.448,    0.001566855858,      0.1161914139,                 0,                 0,                 0,    -0.02597931404,  -0.0009682193484,      0.1161979443,                 0,       74.15577722
          0,           0,         390,      -9.709056922,       -10.6107646,      -10.20732593,      -9.159024656,             0.448,    0.001566855825,      0.1161914141,                 0,                 0,                 0,    -0.02597931429,   -0.000968219385,      0.1161979445,                 0,       74.15577888
          0,           0,         391,      -9.723336459,      -10.62014412,      -10.22399886,      -9.173371555,             0.448,     0.00156685579,      0.1161914141,                 0,                 0,                 0,    -0.02597931455,  -0.0009682194206,      0.1161979445,                 0,       74.15578057
          0,           0,         392,      -9.737532045,      -10.62950798,       -10.2409666,      -9.187638315,             0.448,    0.001566855752,       0.116191414,                 0,                 0,                 0,    -0.02597931484,  -0.0009682194554,      0.1161979443,                 0,       74.15578227
          0,           0,         393,       -9.75163544,      -10.63891886,      -10.25819576,      -9.201815639,             0.448,    0.001566855711,      0.1161914137,                 0,                 0,                 0,    -0.02597931514,  -0.0009682194894,      0.1161979441,                 0,         74.155784
          0,           0,         394,      -9.765639748,      -10.64843575,      -10.27564807,      -9.215895542,             0.448,    0.001566855669,      0.1161914133,                 0,                 0,                 0,    -0.02597931546,  -0.0009682195226,      0.1161979436,                 0,       74.15578574
          0,           0,         395,      -9.779539517,      -10.65811307,      -10.29328021,      -9.229871471,             0.448,    0.001566855624,      0.1161914127,                 0,                 0,                 0,    -0.02597931579,  -0.0009682195549,      0.1161979431,                 0,       74.15578749
          0,           0,         396,       -9.79333082,      -10.66800019,      -10.31104379,      -9.243738397,             0.448,    0.001566855578,       0.116191412,                 0,                 0,                 0,    -0.02597931613,  -0.0009682195864,      0.1161979424,                 0,       74.15578924
          0,           0,         397,      -9.807011311,      -10.67814172,      -10.32888553,      -9.257492892,             0.448,     0.00156685553,      0.1161914112,                 0,                 0,                 0,    -0.02597931648,   -0.000968219617,      0.1161979416,                 0,         74.155791
          0,           0,         398,      -9.820580272,      -10.68857696,      -10.34674751,      -9.271133191,             0.448,    0.001566855481,      0.1161914103,                 0,                 0,                 0,    -0.02597931684,  -0.0009682196467,      0.1161979407,                 0,       74.15579276
          0,           0,         399,      -9.834038622,      -10.69934043,      -10.36456772,      -9.284659218,             0.448,    0.001566855431,      0.1161914093,                 0,                 0,                 0,     -0.0259793172,  -0.0009682196754,      0.1161979397,                 0,       74.15579451
          0,           0,         400,      -9.847388907,      -10.71046193,      -10.38228087,      -9.298072577,             0.448,    0.001566855379,      0.1161914083,                 0,                 0,                 0,    -0.02597931757,   -0.000968219703,      0.1161979386,                 0,       74.15579625
          0,           0,         401,      -9.860635271,       -10.7219666,      -10.39981942,      -9.311376546,             0.448,    0.001566855328,      0.1161914071,                 0,                 0,                 0,    -0.02597931794,  -0.0009682197295,      0.1161979375,                 0,       74.15579796
          0,           0,         402,      -9.873783366,      -10.73387537,      -10.41711496,      -9.324575995,             0.448,    0.001566855275,      0.1161914059,                 0,                 0,                 0,    -0.02597931831,  -0.0009682197549,      0.1161979362,                 0,       74.15579965
          0,           0,         403,      -9.886840271,      -10.74620488,       -10.4340998,      -9.337677307,             0.448,    0.001566855223,      0.1161914046,                 0,                 0,                 0,    -0.02597931869,  -0.0009682197789,      0.1161979349,                 0,        74.1558013
          0,           0,         404,      -9.899814341,      -10.75896818,      -10.45070886,      -9.350688243,             0.448,    0.001566855171,      0.1161914032,                 0,                 0,                 0,    -0.02597931905,  -0.0009682198016,      0.1161979336,                 0,       74.15580291
          0,           0,         405,      -9.912715083,      -10.77217441,       -10.4668817,      -9.363617812,             0.448,    0.001566855119,      0.1161914018,                 0,                 0,                 0,    -0.02597931942,  -0.0009682198228,      0.1161979322,                 0,       74.15580447
          0,           0,         406,      -9.925552963,      -10.78582904,      -10.48256466,      -9.376476091,             0.448,    0.001566855067,      0.1161914004,                 0,                 0,                 0,    -0.02597931978,  -0.0009682198426,      0.1161979307,                 0,       74.15580597
          0,           0,         407,      -9.938339238,      -10.79993368,      -10.49771278,      -9.389274068,             0.448,    0.001566855017,      0.1161913989,                 0,                 0,                 0,    -0.02597932013,  -0.0009682198608,      0.1161979293,                 0,       74.15580741
          0,           0,         408,      -9.951085747,      -10.81448629,      -10.51229173,      -9.402023425,             0.448,    0.001566854968,      0.1161913974,                 0,                 0,                 0,    -0.02597932047,  -0.0009682198774,      0.1161979278,                 0,       74.15580878
          0,           0,         409,       -9.96380473,      -10.82948041,      -10.52627918,      -9.414736368,             0.448,     0.00156685492,      0.1161913959,                 0,                 0,                 0,     -0.0259793208,  -0.0009682198923,      0.1161979262,                 0,       74.15581009
          0,           0,         410,      -9.976508614,      -10.84490589,      -10.53966576,      -9.427425411,             0.448,    0.001566854874,      0.1161913944,                 0,                 0,                 0,    -0.02597932111,  -0.0009682199055,      0.1161979247,                 0,       74.15581131
          0,           0,         411,       -9.98920984,      -10.86074728,      -10.55245547,      -9.440103201,             0.448,    0.001566854829,      0.1161913929,                 0,                 0,                 0,    -0.02597932142,   -0.000968219917,      0.1161979232,                 0,       74.15581245
          0,           0,         412,      -10.00192065,      -10.87698471,      -10.56466539,      -9.452782299,             0.448,    0.001566854787,      0.1161913914,                 0,                 0,                 0,    -0.02597932171,  -0.0009682199268,      0.1161979217,                 0,       74.15581351
          0,           0,         413,      -10.01465293,      -10.89359275,      -10.57632492,      -9.465475031,             0.448,    0.001566854746,      0.1161913899,                 0,                 0,                 0,    -0.02597932198,  -0.0009682199349,      0.1161979202,                 0,       74.15581448
          0,           0,         414,      -10.02741804,      -10.91054067,      -10.58747439,      -9.478193284,             0.448,    0.001566854707,      0.1161913884,                 0,                 0,                 0,    -0.02597932225,  -0.0009682199412,      0.1161979187,                 0,       74.15581536
          0,           0,         415,      -10.04022668,      -10.92779173,      -10.59816355,      -9.490948393,             0.448,    0.001566854671,      0.1161913869,                 0,                 0,                 0,    -0.02597932249,  -0.0009682199459,      0.1161979173,                 0,       74.15581616
          0,           0,         416,      -10.05308875,      -10.94530328,      -10.60844949,       -9.50375096,             0.448,    0.001566854637,      0.1161913855,                 0,                 0,                 0,    -0.02597932272,  -0.0009682199489,      0.1161979159,                 0,       74.15581686
          0,           0,         417,      -10.06601326,      -10.96302601,      -10.61839466,      -9.516610778,             0.448,    0.001566854605,      0.1161913841,                 0,                 0,                 0,    -0.02597932293,  -0.0009682199503,      0.1161979145,                 0,       74.15581747
          0,           0,         418,      -10.07900822,      -10.98090443,      -10.62806496,      -9.529536718,             0.448,    0.001566854576,      0.1161913828,                 0,                 0,                 0,    -0.02597932312,  -0.0009682199501,      0.1161979131,                 0,         74.155818
          0,           0,         419,       -10.0920806,      -10.99887704,      -10.63752778,      -9.542536641,             0.448,    0.001566854549,      0.1161913815,                 0,                 0,                 0,     -0.0259793233,  -0.0009682199485,      0.1161979118,                 0,       74.15581843
          0,           0,         420,      -10.10523629,      -11.01687608,      -10.64685044,      -9.555617376,             0.448,    0.001566854525,      0.1161913802,                 0,                 0,                 0,    -0.02597932346,  -0.0009682199454,      0.1161979106,                 0,       74.15581878
          0,           0,         421,      -10.11848006,      -11.03482881,      -10.65609876,      -9.568784648,             0.448,    0.001566854503,       0.116191379,                 0,                 0,                 0,     -0.0259793236,  -0.0009682199409,      0.1161979094,                 0,       74.15581905
          0,           0,         422,      -10.13181554,      -11.05265848,        -10.665336,      -9.582043074,             0.448,    0.001566854484,      0.1161913779,                 0,                 0,                 0,    -0.02597932373,  -0.0009682199352,      0.1161979082,                 0,       74.15581924
          0,           0,         423,      -10.14524526,      -11.07028527,      -10.67462203,      -9.595396179,             0.448,    0.001566854466,      0.1161913768,                 0,                 0,                 0,    -0.02597932384,  -0.0009682199284,      0.1161979071,                 0,       74.15581935
          0,           0,         424,      -10.15877065,        -11.087629,      -10.68401276,      -9.608846355,             0.448,    0.001566854452,      0.1161913757,                 0,                 0,                 0,    -0.02597932394,  -0.0009682199204,      0.1161979061,                 0,       74.15581938
          0,           0,         425,      -10.17239207,      -11.10461163,      -10.69355972,       -9.62239492,             0.448,    0.001566854439,      0.1161913747,                 0,                 0,                 0,    -0.02597932402,  -0.0009682199115,      0.1161979051,                 0,       74.15581935
          0,           0,         426,      -10.18610882,      -11.12115953,      -10.70330995,      -9.636042113,             0.448,    0.001566854428,      0.1161913738,                 0,                 0,                 0,    -0.02597932408,  -0.0009682199017,      0.1161979041,                 0,       74.15581925
          0,           0,         427,      -10.19991923,      -11.13720528,      -10.71330596,      -9.649787156,             0.448,     0.00156685442,      0.1161913729,                 0,                 0,                 0,    -0.02597932413,  -0.0009682198911,      0.1161979033,                 0,        74.1558191
          0,           0,         428,      -10.21382063,      -11.15269384,      -10.72358569,      -9.663628218,             0.448,    0.001566854413,      0.1161913721,                 0,                 0,                 0,    -0.02597932417,  -0.0009682198798,      0.1161979024,                 0,       74.15581888
          0,           0,         429,      -10.22780947,      -11.16758049,      -10.73418269,      -9.677562532,             0.448,    0.001566854409,      0.1161913713,                 0,                 0,                 0,     -0.0259793242,   -0.000968219868,      0.1161979017,                 0,       74.15581862
          0,           0,         430,      -10.24188128,      -11.18183723,      -10.74512636,       -9.69158634,             0.448,    0.001566854406,      0.1161913707,                 0,                 0,                 0,    -0.02597932421,  -0.0009682198557,       0.116197901,                 0,       74.15581831
          0,           0,         431,      -10.25603073,      -11.19545121,      -10.75644191,      -9.705694976,             0.448,    0.001566854405,        0.11619137,                 0,                 0,                 0,    -0.02597932421,  -0.0009682198431,      0.1161979004,                 0,       74.15581796
          0,           0,         432,      -10.27025169,      -11.20842586,      -10.76815074,      -9.719882861,             0.448,    0.001566854405,      0.1161913694,                 0,                 0,                 0,     -0.0259793242,  -0.0009682198301,      0.1161978998,                 0,       74.15581758
          0,           0,         433,      -10.28453721,      -11.22078211,      -10.78027043,      -9.734143532,             0.448,    0.001566854407,      0.1161913689,                 0,                 0,                 0,    -0.02597932418,   -0.000968219817,      0.1161978993,                 0,       74.15581716
          0,           0,         434,      -10.29887958,      -11.23255518,      -10.79281488,      -9.748469658,             0.448,     0.00156685441,      0.1161913685,                 0,                 0,                 0,    -0.02597932416,  -0.0009682198038,      0.1161978988,                 0,       74.15581672
          0,           0,         435,      -10.31327037,       -11.2437926,      -10.80579448,      -9.762853092,             0.448,    0.001566854414,       0.116191368,                 0,                 0,                 0,    -0.02597932412,  -0.0009682197905,      0.1161978984,                 0,       74.15581625
          0,           0,         436,      -10.32770038,      -11.25455328,        -10.819216,      -9.777284828,             0.448,     0.00156685442,      0.1161913677,                 0,                 0,                 0,    -0.02597932408,  -0.0009682197774,       0.116197898,                 0,       74.15581577
          0,           0,         437,      -10.34215979,       -11.2649039,      -10.83308274,      -9.791755118,             0.448,    0.001566854426,      0.1161913674,                 0,                 0,                 0,    -0.02597932403,  -0.0009682197643,      0.1161978977,                 0,       74.15581527
          0,           0,         438,      -10.35663812,      -11.27491565,       -10.8473943,      -9.806253464,             0.448,    0.001566854433,      0.1161913671,                 0,                 0,                 0,    -0.02597932397,  -0.0009682197515,      0.1161978975,                 0,       74.15581477
          0,           0,         439,      -10.37112434,      -11.28466198,      -10.86214663,      -9.820768681,             0.448,    0.001566854441,      0.1161913669,                 0,                 0,                 0,    -0.02597932391,   -0.000968219739,      0.1161978973,                 0,       74.15581426
          0,           0,         440,      -10.38560691,      -11.29421517,       -10.8773318,      -9.835288958,             0.448,     0.00156685445,      0.1161913668,                 0,                 0,                 0,    -0.02597932385,  -0.0009682197267,      0.1161978971,                 0,       74.15581374
          0,           0,         441,       -10.4000739,      -11.30364625,      -10.89293792,      -9.849802003,             0.448,    0.001566854459,      0.1161913666,                 0,                 0,                 0,    -0.02597932378,  -0.0009682197149,       0.116197897,                 0,       74.15581323
          0,           0,         442,      -10.41451312,      -11.31302212,      -10.90894882,      -9.864295105,             0.448,    0.001566854469,      0.1161913666,                 0,                 0,                 0,    -0.02597932371,  -0.0009682197034,      0.1161978969,                 0,       74.15581271
          0,           0,         443,      -10.42891223,      -11.32240511,      -10.92534396,      -9.878755326,             0.448,    0.001566854479,      0.1161913665,                 0,                 0,                 0,    -0.02597932363,  -0.0009682196924,      0.1161978969,                 0,       74.15581221
          0,           0,         444,      -10.44325893,      -11.33185185,      -10.94209804,      -9.893169625,             0.448,     0.00156685449,      0.1161913665,                 0,                 0,                 0,    -0.02597932356,  -0.0009682196819,      0.1161978969,                 0,       74.15581171
          0,           0,         445,      -10.45754117,      -11.34141251,      -10.95918085,      -9.907525107,             0.448,    0.001566854501,      0.1161913666,                 0,                 0,                 0,    -0.02597932348,  -0.0009682196718,      0.1161978969,                 0,       74.15581122
          0,           0,         446,      -10.47174731,      -11.35113265,      -10.97655704,      -9.921809219,             0.448,    0.001566854511,      0.1161913666,                 0,                 0,                 0,     -0.0259793234,  -0.0009682196623,       0.116197897,                 0,       74.15581075
          0,           0,         447,      -10.48586641,      -11.36105011,      -10.99418589,      -9.936009984,             0.448,    0.001566854523,      0.1161913667,                 0,                 0,                 0,    -0.02597932332,  -0.0009682196534,      0.1161978971,                 0,       74.15581029
          0,           0,         448,      -10.49988843,      -11.37120057,      -11.01202117,      -9.950116258,             0.448,    0.001566854534,      0.1161913668,                 0,                 0,                 0,    -0.02597932324,   -0.000968219645,      0.1161978972,                 0,       74.15580984
          0,           0,         449,      -10.51380449,      -11.38161239,      -11.03001118,      -9.964117999,             0.448,    0.001566854545,       0.116191367,                 0,                 0,                 0,    -0.02597932316,  -0.0009682196371,      0.1161978973,                 0,       74.15580941
          0,           0,         450,       -10.5276071,      -11.39231086,       -11.0480988,      -9.978006509,             0.448,    0.001566854556,      0.1161913672,                 0,                 0,                 0,    -0.02597932308,  -0.0009682196298,      0.1161978975,                 0,         74.155809
          0,           0,         451,      -10.54129039,      -11.40331726,      -11.06622193,      -9.991774689,             0.448,    0.001566854567,      0.1161913674,                 0,                 0,                 0,      -0.025979323,  -0.0009682196231,      0.1161978977,                 0,        74.1558086
          0,           0,         452,      -10.55485034,      -11.41464981,      -11.08431396,      -10.00541726,             0.448,    0.001566854577,      0.1161913676,                 0,                 0,                 0,    -0.02597932292,  -0.0009682196169,      0.1161978979,                 0,       74.15580823
          0,           0,         453,      -10.56828489,      -11.42632277,      -11.10230477,      -10.01893095,             0.448,    0.001566854588,      0.1161913678,                 0,                 0,                 0,    -0.02597932284,  -0.0009682196113,      0.1161978981,                 0,       74.15580787
          0,           0,         454,      -10.58159408,      -11.43834908,      -11.12012166,      -10.03231461,             0.448,    0.001566854599,       0.116191368,                 0,                 0,                 0,    -0.02597932277,  -0.0009682196062,      0.1161978984,                 0,       74.15580753
          0,           0,         455,      -10.59478018,      -11.45073858,      -11.13769117,      -10.04556937,             0.448,    0.001566854609,      0.1161913683,                 0,                 0,                 0,     -0.0259793227,  -0.0009682196017,      0.1161978986,                 0,       74.15580721
          0,           0,         456,      -10.60784759,      -11.46349909,      -11.15494047,      -10.05869859,             0.448,    0.001566854619,      0.1161913686,                 0,                 0,                 0,    -0.02597932262,  -0.0009682195976,      0.1161978989,                 0,       74.15580692
          0,           0,         457,      -10.62080284,      -11.47663611,      -11.17179964,      -10.07170786,             0.448,    0.001566854628,      0.1161913688,                 0,                 0,                 0,    -0.02597932256,   -0.000968219594,      0.1161978992,                 0,       74.15580664
          0,           0,         458,       -10.6336545,      -11.49015414,       -11.1882038,       -10.0846049,             0.448,    0.001566854638,      0.1161913691,                 0,                 0,                 0,    -0.02597932249,  -0.0009682195909,      0.1161978995,                 0,       74.15580638
          0,           0,         459,      -10.64641297,      -11.50405419,      -11.20409561,      -10.09739943,             0.448,    0.001566854647,      0.1161913694,                 0,                 0,                 0,    -0.02597932242,  -0.0009682195882,      0.1161978998,                 0,       74.15580614
          0,           0,         460,      -10.65909026,      -11.51833657,      -11.21942723,      -10.11010292,             0.448,    0.001566854655,      0.1161913697,                 0,                 0,                 0,    -0.02597932236,   -0.000968219586,      0.1161979001,                 0,       74.15580591
          0,           0,         461,      -10.67169977,      -11.53299847,      -11.23416223,      -10.12272835,             0.448,    0.001566854664,        0.11619137,                 0,                 0,                 0,     -0.0259793223,  -0.0009682195841,      0.1161979004,                 0,       74.15580571
          0,           0,         462,        -10.684256,      -11.54803578,      -11.24827716,      -10.13529005,             0.448,    0.001566854672,      0.1161913703,                 0,                 0,                 0,    -0.02597932225,  -0.0009682195826,      0.1161979007,                 0,       74.15580552
          0,           0,         463,      -10.69677425,      -11.56343914,      -11.26176286,      -10.14780325,             0.448,    0.001566854679,      0.1161913706,                 0,                 0,                 0,    -0.02597932219,  -0.0009682195814,       0.116197901,                 0,       74.15580535
          0,           0,         464,      -10.70927028,      -11.57919954,      -11.27462419,      -10.16028385,             0.448,    0.001566854686,      0.1161913709,                 0,                 0,                 0,    -0.02597932214,  -0.0009682195806,      0.1161979012,                 0,       74.15580519
          0,           0,         465,      -10.72176008,      -11.59529976,      -11.28688015,      -10.17274809,             0.448,    0.001566854693,      0.1161913712,                 0,                 0,                 0,    -0.02597932209,    -0.00096821958,      0.1161979015,                 0,       74.15580505
          0,           0,         466,       -10.7342595,      -11.61172335,      -11.29856266,      -10.18521227,             0.448,      0.0015668547,      0.1161913715,                 0,                 0,                 0,    -0.02597932205,  -0.0009682195798,      0.1161979018,                 0,       74.15580492
          0,           0,         467,      -10.74678399,      -11.62844725,      -11.30971498,      -10.19769243,             0.448,    0.001566854706,      0.1161913718,                 0,                 0,                 0,      -0.025979322,  -0.0009682195797,      0.1161979021,                 0,       74.15580481
          0,           0,         468,      -10.75934837,      -11.64544518,      -11.32038996,      -10.21020407,             0.448,    0.001566854712,       0.116191372,                 0,                 0,                 0,    -0.02597932196,  -0.0009682195799,      0.1161979024,                 0,       74.15580471
          0,           0,         469,      -10.77196663,      -11.66268245,        -11.330648,        -10.222762,             0.448,    0.001566854718,      0.1161913723,                 0,                 0,                 0,    -0.02597932193,  -0.0009682195803,      0.1161979027,                 0,       74.15580462
          0,           0,         470,      -10.78465156,      -11.68012579,      -11.34055462,      -10.23537994,             0.448,    0.001566854723,      0.1161913726,                 0,                 0,                 0,    -0.02597932189,  -0.0009682195808,      0.1161979029,                 0,       74.15580454
          0,           0,         471,      -10.79741481,      -11.69773158,      -11.35017815,      -10.24807052,             0.448,    0.001566854728,      0.1161913728,                 0,                 0,                 0,    -0.02597932186,  -0.0009682195815,      0.1161979032,                 0,       74.15580447
          0,           0,         472,      -10.81026666,      -11.71545139,      -11.35958836,      -10.26084506,             0.448,    0.001566854732,      0.1161913731,                 0,                 0,                 0,    -0.02597932183,  -0.0009682195824,      0.1161979034,                 0,       74.15580442
          0,           0,         473,      -10.82321583,      -11.73323525,      -11.36885379,      -10.27371342,             0.448,    0.001566854737,      0.1161913733,                 0,                 0,                 0,     -0.0259793218,  -0.0009682195834,      0.1161979037,                 0,       74.15580437
          0,           0,         474,      -10.83626958,       -11.7510223,      -11.37804146,      -10.28668397,             0.448,     0.00156685474,      0.1161913735,                 0,                 0,                 0,    -0.02597932178,  -0.0009682195845,      0.1161979039,                 0,       74.15580433
          0,           0,         475,      -10.84943346,       -11.7687568,      -11.38721489,      -10.29976347,             0.448,    0.001566854744,      0.1161913738,                 0,                 0,                 0,    -0.02597932175,  -0.0009682195857,      0.1161979041,                 0,        74.1558043
          0,           0,         476,      -10.86271146,      -11.78637104,       -11.3964336,      -10.31295704,             0.448,    0.001566854747,       0.116191374,                 0,                 0,                 0,    -0.02597932173,   -0.000968219587,      0.1161979043,                 0,       74.15580428
          0,           0,         477,      -10.87610599,      -11.80379576,      -11.40575281,      -10.32626827,             0.448,     0.00156685475,      0.1161913742,                 0,                 0,                 0,    -0.02597932171,  -0.0009682195883,      0.1161979045,                 0,       74.15580427
          0,           0,         478,      -10.88961771,      -11.82096523,      -11.41522264,      -10.33969898,             0.448,    0.001566854753,      0.1161913744,                 0,                 0,                 0,     -0.0259793217,  -0.0009682195898,      0.1161979047,                 0,       74.15580426
          0,           0,         479,      -10.90324579,      -11.83781627,       -11.4248884,      -10.35324946,             0.448,    0.001566854755,      0.1161913745,                 0,                 0,                 0,    -0.02597932168,  -0.0009682195913,      0.1161979049,                 0,       74.15580426
          0,           0,         480,      -10.91698785,      -11.85427945,      -11.43479077,       -10.3669184,             0.448,    0.001566854758,      0.1161913747,                 0,                 0,                 0,    -0.02597932167,  -0.0009682195929,      0.1161979051,                 0,       74.15580427
          0,           0,         481,         -10.93084,      -11.87029759,      -11.44496552,      -10.38070291,             0.448,    0.001566854759,      0.1161913749,                 0,                 0,                 0,    -0.02597932166,  -0.0009682195945,      0.1161979052,                 0,       74.15580428
          0,           0,         482,      -10.94479693,      -11.88582354,       -11.4554436,      -10.39459865,             0.448,    0.001566854761,       0.116191375,                 0,                 0,                 0,    -0.02597932166,  -0.0009682195961,      0.1161979054,                 0,        74.1558043
          0,           0,         483,      -10.95885206,      -11.90080792,      -11.46625205,       -10.4085999,             0.448,    0.001566854762,      0.1161913752,                 0,                 0,                 0,    -0.02597932165,  -0.0009682195978,      0.1161979055,                 0,       74.15580433
          0,           0,         484,      -10.97299742,      -11.91522721,      -11.47741369,      -10.42269946,             0.448,    0.001566854763,      0.1161913753,                 0,                 0,                 0,    -0.02597932165,  -0.0009682195995,      0.1161979056,                 0,       74.15580436
          0,           0,         485,      -10.98722403,      -11.92905532,      -11.48894754,      -10.43688904,             0.448,    0.001566854764,      0.1161913754,                 0,                 0,                 0,    -0.02597932164,  -0.0009682196013,      0.1161979058,                 0,       74.15580439
          0,           0,         486,      -11.00152172,      -11.94229434,      -11.50086895,      -10.45115904,             0.448,    0.001566854765,      0.1161913755,                 0,                 0,                 0,    -0.02597932164,   -0.000968219603,      0.1161979059,                 0,       74.15580444
          0,           0,         487,      -11.01587947,      -11.95494349,      -11.51319008,      -10.46549884,             0.448,    0.001566854765,      0.1161913756,                 0,                 0,                 0,    -0.02597932164,  -0.0009682196048,       0.116197906,                 0,       74.15580448
          0,           0,         488,      -11.03028537,      -11.96703255,      -11.52591973,      -10.47989684,             0.448,    0.001566854765,      0.1161913757,                 0,                 0,                 0,    -0.02597932164,  -0.0009682196066,       0.116197906,                 0,       74.15580453
          0,           0,         489,      -11.04472687,      -11.97858425,      -11.53906353,      -10.49434066,             0.448,    0.001566854765,      0.1161913758,                 0,                 0,                 0,    -0.02597932165,  -0.0009682196085,      0.1161979061,                 0,       74.15580459
          0,           0,         490,       -11.0591908,      -11.98964778,      -11.55262388,      -10.50881713,             0.448,    0.001566854765,      0.1161913758,                 0,                 0,                 0,    -0.02597932165,  -0.0009682196103,      0.1161979062,                 0,       74.15580465
          0,           0,         491,      -11.07366363,      -12.00027025,       -11.5666004,      -10.52331265,             0.448,    0.001566854764,      0.1161913759,                 0,                 0,                 0,    -0.02597932166,  -0.0009682196121,      0.1161979062,                 0,       74.15580471
          0,           0,         492,      -11.08813159,       -12.0105087,      -11.58098932,      -10.53781309,             0.448,    0.001566854763,      0.1161913759,                 0,                 0,                 0,    -0.02597932167,  -0.0009682196139,      0.1161979063,                 0,       74.15580478
          0,           0,         493,      -11.10258086,      -12.02042623,      -11.59578411,      -10.55230427,             0.448,    0.001566854762,       0.116191376,                 0,                 0,                 0,    -0.02597932167,  -0.0009682196158,      0.1161979063,                 0,       74.15580485
          0,           0,         494,      -11.11699771,      -12.03008657,      -11.61097428,      -10.56677182,             0.448,    0.001566854761,       0.116191376,                 0,                 0,                 0,    -0.02597932168,  -0.0009682196176,      0.1161979064,                 0,       74.15580492
          0,           0,         495,      -11.13136882,      -12.03955867,      -11.62654653,       -10.5812017,             0.448,     0.00156685476,       0.116191376,                 0,                 0,                 0,    -0.02597932169,  -0.0009682196194,      0.1161979064,                 0,         74.155805
          0,           0,         496,      -11.14568129,      -12.04890275,      -11.64248362,      -10.59558021,             0.448,    0.001566854759,      0.1161913761,                 0,                 0,                 0,     -0.0259793217,  -0.0009682196212,      0.1161979064,                 0,       74.15580507
          0,           0,         497,        -11.159923,      -12.05818198,      -11.65876458,      -10.60989425,             0.448,    0.001566854757,      0.1161913761,                 0,                 0,                 0,    -0.02597932172,  -0.0009682196229,      0.1161979064,                 0,       74.15580515
          0,           0,         498,      -11.17408269,      -12.06745867,      -11.67536438,      -10.62413151,             0.448,    0.001566854756,      0.1161913761,                 0,                 0,                 0,    -0.02597932173,  -0.0009682196247,      0.1161979064,                 0,       74.15580523
          0,           0,         499,      -11.18815026,      -12.07678862,      -11.69225396,      -10.63828073,             0.448,    0.001566854754,      0.1161913761,                 0,                 0,                 0,    -0.02597932174,  -0.0009682196264,      0.1161979064,                 0,       74.15580531
          0,           0,         500,      -11.20211694,      -12.08622824,      -11.70939949,      -10.65233193,             0.448,    0.001566854752,      0.1161913761,                 0,                 0,                 0,    -0.02597932175,  -0.0009682196281,      0.1161979064,                 0,        74.1558054
          0,           0,         501,      -11.21597524,       -12.0958176,      -11.72676275,      -10.66627644,             0.448,     0.00156685475,      0.1161913761,                 0,                 0,                 0,    -0.02597932177,  -0.0009682196297,      0.1161979064,                 0,       74.15580548
          0,           0,         502,      -11.22971936,      -12.10560922,      -11.74430067,      -10.68010724,             0.448,    0.001566854748,       0.116191376,                 0,                 0,                 0,    -0.02597932178,  -0.0009682196313,      0.1161979064,                 0,       74.15580556
          0,           0,         503,      -11.24334511,       -12.1156406,      -11.76196572,      -10.69381883,             0.448,    0.001566854746,       0.116191376,                 0,                 0,                 0,    -0.02597932179,  -0.0009682196329,      0.1161979064,                 0,       74.15580564
          0,           0,         504,      -11.25685019,        -12.125945,      -11.77970518,      -10.70740779,             0.448,    0.001566854744,       0.116191376,                 0,                 0,                 0,    -0.02597932181,  -0.0009682196343,      0.1161979063,                 0,       74.15580573
          0,           0,         505,      -11.27023383,       -12.1365557,      -11.79746239,      -10.72087215,             0.448,    0.001566854742,       0.116191376,                 0,                 0,                 0,    -0.02597932182,  -0.0009682196358,      0.1161979063,                 0,       74.15580581
          0,           0,         506,      -11.28349724,       -12.1475064,      -11.81517639,      -10.73421207,             0.448,     0.00156685474,      0.1161913759,                 0,                 0,                 0,    -0.02597932184,  -0.0009682196372,      0.1161979063,                 0,       74.15580589
          0,           0,         507,      -11.29664335,      -12.15881582,      -11.83278372,      -10.74742951,             0.448,    0.001566854738,      0.1161913759,                 0,                 0,                 0,    -0.02597932185,  -0.0009682196385,      0.1161979062,                 0,       74.15580596
          0,           0,         508,      -11.30967673,      -12.17050916,      -11.85021729,      -10.76052811,             0.448,    0.001566854735,      0.1161913758,                 0,                 0,                 0,    -0.02597932187,  -0.0009682196397,      0.1161979062,                 0,       74.15580604
          0,           0,         509,       -11.3226035,      -12.18260473,      -11.86740997,      -10.77351316,             0.448,    0.001566854733,      0.1161913758,                 0,                 0,                 0,    -0.02597932188,  -0.0009682196409,      0.1161979062,                 0,       74.15580611
          0,           0,         510,      -11.33543135,       -12.1951084,      -11.88429498,      -10.78639176,             0.448,    0.001566854731,      0.1161913758,                 0,                 0,                 0,    -0.02597932189,   -0.000968219642,      0.1161979061,                 0,       74.15580618
          0,           0,         511,      -11.34816916,      -12.20803345,      -11.90080803,      -10.79917218,             0.448,    0.001566854729,      0.1161913757,                 0,                 0,                 0,    -0.02597932191,   -0.000968219643,      0.1161979061,                 0,       74.15580625
          0,           0,         512,      -11.36082688,      -12.22138883,      -11.91688782,       -10.8118639,             0.448,    0.001566854727,      0.1161913757,                 0,                 0,                 0,    -0.02597932192,  -0.0009682196439,       0.116197906,                 0,       74.15580631
          0,           0,         513,      -11.37341549,      -12.23517694,      -11.93248045,       -10.8244775,             0.448,    0.001566854725,      0.1161913756,                 0,                 0,                 0,    -0.02597932193,  -0.0009682196447,       0.116197906,                 0,       74.15580637
          0,           0,         514,      -11.38594659,      -12.24939215,      -11.94754009,      -10.83702442,             0.448,    0.001566854723,      0.1161913756,                 0,                 0,                 0,    -0.02597932194,  -0.0009682196455,      0.1161979059,                 0,       74.15580643
          0,           0,         515,       -11.3984323,      -12.26402976,      -11.96203039,      -10.84951667,             0.448,    0.001566854721,      0.1161913755,                 0,                 0,                 0,    -0.02597932196,  -0.0009682196462,      0.1161979059,                 0,       74.15580648
          0,           0,         516,       -11.4108852,      -12.27908271,      -11.97592725,      -10.86196677,             0.448,     0.00156685472,      0.1161913754,                 0,                 0,                 0,    -0.02597932197,  -0.0009682196468,      0.1161979058,                 0,       74.15580653
          0,           0,         517,      -11.42331797,      -12.29452881,      -11.98922022,      -10.87438753,             0.448,    0.001566854718,      0.1161913754,                 0,                 0,                 0,    -0.02597932198,  -0.0009682196473,      0.1161979057,                 0,       74.15580658
          0,           0,         518,      -11.43574326,      -12.31035591,       -12.0019106,      -10.88679184,             0.448,    0.001566854716,      0.1161913753,                 0,                 0,                 0,    -0.02597932199,  -0.0009682196477,      0.1161979057,                 0,       74.15580662
          0,           0,         519,      -11.44817368,      -12.32652839,      -12.01401372,      -10.89919259,             0.448,    0.001566854715,      0.1161913753,                 0,                 0,                 0,      -0.025979322,   -0.000968219648,      0.1161979056,                 0,       74.15580666
          0,           0,         520,      -11.46062137,      -12.34303255,      -12.02555683,      -10.91160241,             0.448,    0.001566854713,      0.1161913752,                 0,                 0,                 0,    -0.02597932201,  -0.0009682196483,      0.1161979056,                 0,       74.15580669
          0,           0,         521,      -11.47309816,      -12.35982148,      -12.03657925,      -10.92403356,             0.448,    0.001566854712,      0.1161913752,                 0,                 0,                 0,    -0.02597932201,  -0.0009682196485,      0.1161979055,                 0,       74.15580672
          0,           0,         522,      -11.48561544,      -12.37685897,      -12.04712988,      -10.93649807,             0.448,    0.001566854711,      0.1161913751,                 0,                 0,                 0,    -0.02597932202,  -0.0009682196486,      0.1161979055,                 0,       74.15580674
          0,           0,         523,      -11.49818397,      -12.39409801,      -12.05726632,      -10.94900727,             0.448,     0.00156685471,      0.1161913751,                 0,                 0,                 0,    -0.02597932203,  -0.0009682196487,      0.1161979054,                 0,       74.15580677
          0,           0,         524,      -11.51081358,      -12.41149833,       -12.0670507,      -10.96157186,             0.448,    0.001566854709,       0.116191375,                 0,                 0,                 0,    -0.02597932204,  -0.0009682196487,      0.1161979054,                 0,       74.15580679
          0,           0,         525,      -11.52351377,      -12.42899673,      -12.07654949,      -10.97420216,             0.448,    0.001566854708,       0.116191375,                 0,                 0,                 0,    -0.02597932204,  -0.0009682196486,      0.1161979053,                 0,        74.1558068
          0,           0,         526,      -11.53629267,      -12.44655092,      -12.08582926,      -10.98690703,             0.448,    0.001566854707,      0.1161913749,                 0,                 0,                 0,    -0.02597932205,  -0.0009682196485,      0.1161979053,                 0,       74.15580681
          0,           0,         527,      -11.54915796,      -12.46407928,      -12.09496201,      -10.99969529,             0.448,    0.001566854706,      0.1161913749,                 0,                 0,                 0,    -0.02597932205,  -0.0009682196483,      0.1161979052,                 0,       74.15580682
          0,           0,         528,      -11.56211591,      -12.48155368,      -12.10401225,      -11.01257386,             0.448,    0.001566854705,      0.1161913748,                 0,                 0,                 0,    -0.02597932206,  -0.0009682196481,      0.1161979052,                 0,       74.15580683
          0,           0,         529,       -11.5751725,      -12.49887119,      -12.11304572,         -11.02555,             0.448,    0.001566854705,      0.1161913748,                 0,                 0,                 0,    -0.02597932206,  -0.0009682196479,      0.1161979052,                 0,       74.15580683
          0,           0,         530,      -11.58833161,      -12.51600863,      -12.12212245,      -11.03862828,             0.448,    0.001566854704,      0.1161913748,                 0,                 0,                 0,    -0.02597932206,  -0.0009682196476,      0.1161979051,                 0,       74.15580683
          0,           0,         531,      -11.60159713,      -12.53288462,      -12.13129987,      -11.05181387,             0.448,    0.001566854704,      0.1161913747,                 0,                 0,                 0,    -0.02597932207,  -0.0009682196472,      0.1161979051,                 0,       74.15580683
          0,           0,         532,      -11.61497092,      -12.54944128,      -12.14062967,      -11.06510965,             0.448,    0.001566854703,      0.1161913747,                 0,                 0,                 0,    -0.02597932207,  -0.0009682196469,      0.1161979051,                 0,       74.15580683
          0,           0,         533,      -11.62845416,      -12.56564429,      -12.15015974,      -11.07851764,             0.448,    0.001566854703,      0.1161913747,                 0,                 0,                 0,    -0.02597932207,  -0.0009682196465,       0.116197905,                 0,       74.15580682
          0,           0,         534,      -11.64204649,      -12.58143252,      -12.15993176,      -11.09203862,             0.448,    0.001566854703,      0.1161913746,                 0,                 0,                 0,    -0.02597932207,  -0.0009682196461,       0.116197905,                 0,       74.15580682
          0,           0,         535,      -11.65574664,      -12.59676107,      -12.16998459,      -11.10567216,             0.448,    0.001566854702,      0.1161913746,                 0,                 0,                 0,    -0.02597932207,  -0.0009682196457,       0.116197905,                 0,       74.15580681
          0,           0,         536,      -11.66955191,      -12.61161189,      -12.18034996,      -11.11941655,             0.448,    0.001566854702,      0.1161913746,                 0,                 0,                 0,    -0.02597932208,  -0.0009682196453,      0.1161979049,                 0,        74.1558068
          0,           0,         537,      -11.68345819,       -12.6259673,      -12.19105661,      -11.13326846,             0.448,    0.001566854702,      0.1161913746,                 0,                 0,                 0,    -0.02597932208,  -0.0009682196448,      0.1161979049,                 0,       74.15580679
          0,           0,         538,      -11.69746019,      -12.63979804,      -12.20212855,      -11.14722345,             0.448,    0.001566854702,      0.1161913745,                 0,                 0,                 0,    -0.02597932208,  -0.0009682196444,      0.1161979049,                 0,       74.15580678
          0,           0,         539,      -11.71155134,      -12.65312346,      -12.21358568,      -11.16127566,             0.448,    0.001566854702,      0.1161913745,                 0,                 0,                 0,    -0.02597932208,   -0.000968219644,      0.1161979049,                 0,       74.15580676
          0,           0,         540,       -11.7257238,      -12.66593775,      -12.22544369,      -11.17541782,             0.448,    0.001566854702,      0.1161913745,                 0,                 0,                 0,    -0.02597932208,  -0.0009682196435,      0.1161979049,                 0,       74.15580675
          0,           0,         541,      -11.73996866,       -12.6782565,       -12.2377155,      -11.18964155,             0.448,    0.001566854702,      0.1161913745,                 0,                 0,                 0,    -0.02597932208,  -0.0009682196431,      0.1161979048,                 0,       74.15580673
          0,           0,         542,      -11.75427555,      -12.69012764,      -12.25040936,       -11.2039368,             0.448,    0.001566854702,      0.1161913745,                 0,                 0,                 0,    -0.02597932207,  -0.0009682196426,      0.1161979048,                 0,       74.15580672
          0,           0,         543,      -11.76863349,      -12.70155941,      -12.26353092,      -11.21829286,             0.448,    0.001566854703,      0.1161913745,                 0,                 0,                 0,    -0.02597932207,  -0.0009682196422,      0.1161979048,                 0,        74.1558067
          0,           0,         544,      -11.78303005,       -12.7126066,      -12.27708174,      -11.23269759,             0.448,    0.001566854703,      0.1161913744,                 0,                 0,                 0,    -0.02597932207,  -0.0009682196418,      0.1161979048,                 0,       74.15580669
          0,           0,         545,      -11.79745204,      -12.72331963,      -12.29106044,      -11.24713747,             0.448,    0.001566854703,      0.1161913744,                 0,                 0,                 0,    -0.02597932207,  -0.0009682196413,      0.1161979048,                 0,       74.15580667
          0,           0,         546,      -11.81188595,      -12.73372034,      -12.30546222,      -11.26159922,             0.448,    0.001566854703,      0.1161913744,                 0,                 0,                 0,    -0.02597932207,  -0.0009682196409,      0.1161979048,                 0,       74.15580666
          0,           0,         547,      -11.82631761,      -12.74387249,      -12.32027931,      -11.27606808,             0.448,    0.001566854703,      0.1161913744,                 0,                 0,                 0,    -0.02597932207,  -0.0009682196405,      0.1161979048,                 0,       74.15580664
          0,           0,         548,      -11.84073248,      -12.75382835,      -12.33550033,      -11.29052904,             0.448,    0.001566854704,      0.1161913744,                 0,                 0,                 0,    -0.02597932207,  -0.0009682196402,      0.1161979048,                 0,       74.15580662
          0,           0,         549,      -11.85511574,      -12.76364851,      -12.35110879,      -11.30496688,             0.448,    0.001566854704,      0.1161913744,                 0,                 0,                 0,    -0.02597932206,  -0.0009682196398,      0.1161979048,                 0,       74.15580661
          0,           0,         550,      -11.86945352,      -12.77334617,      -12.36708681,       -11.3193667,             0.448,    0.001566854704,      0.1161913744,                 0,                 0,                 0,    -0.02597932206,  -0.0009682196394,      0.1161979048,                 0,       74.15580659
          0,           0,         551,      -11.88373151,      -12.78302454,       -12.3834109,      -11.33371364,             0.448,    0.001566854705,      0.1161913744,                 0,                 0,                 0,    -0.02597932206,  -0.0009682196391,      0.1161979048,                 0,       74.15580658
          0,           0,         552,      -11.89793669,      -12.79268608,      -12.40005446,      -11.34799351,             0.448,    0.001566854705,      0.1161913744,                 0,                 0,                 0,    -0.02597932206,  -0.0009682196388,      0.1161979048,                 0,       74.15580656
          0,           0,         553,      -11.91205675,       -12.8024002,      -12.41698587,      -11.36219289,             0.448,    0.001566854705,      0.1161913744,                 0,                 0,                 0,    -0.02597932205,  -0.0009682196385,      0.1161979048,                 0,       74.15580655
          0,           0,         554,      -11.92608069,      -12.81220595,      -12.43416906,      -11.37629953,             0.448,    0.001566854706,      0.1161913744,                 0,                 0,                 0,    -0.02597932205,  -0.0009682196382,      0.1161979048,                 0,       74.15580653
          0,           0,         555,       -11.9399991,      -12.82213094,      -12.45156393,      -11.39030306,             0.448,    0.001566854706,      0.1161913744,                 0,                 0,                 0,    -0.02597932205,  -0.0009682196379,      0.1161979048,                 0,       74.15580652
          0,           0,         556,      -11.95380387,      -12.83223961,      -12.46912541,      -11.40419383,             0.448,    0.001566854706,      0.1161913744,                 0,                 0,                 0,    -0.02597932205,  -0.0009682196376,      0.1161979048,                 0,        74.1558065
          0,           0,         557,      -11.96748902,      -12.84252662,      -12.48680365,      -11.41796459,             0.448,    0.001566854707,      0.1161913744,                 0,                 0,                 0,    -0.02597932205,  -0.0009682196374,      0.1161979048,                 0,       74.15580649
          0,           0,         558,      -11.98105055,      -12.85305162,      -12.50454403,      -11.43161012,             0.448,    0.001566854707,      0.1161913744,                 0,                 0,                 0,    -0.02597932204,  -0.0009682196372,      0.1161979048,                 0,       74.15580648
          0,           0,         559,      -11.99448656,      -12.86385761,      -12.52228933,      -11.44512759,             0.448,    0.001566854707,      0.1161913744,                 0,                 0,                 0,    -0.02597932204,   -0.000968219637,      0.1161979048,                 0,       74.15580646
          0,           0,         560,      -12.00779692,      -12.87493635,      -12.53997637,      -11.45851516,             0.448,    0.001566854708,      0.1161913744,                 0,                 0,                 0,    -0.02597932204,  -0.0009682196367,      0.1161979048,                 0,       74.15580645
          0,           0,         561,      -12.02098418,      -12.88635084,       -12.5575408,      -11.47177438,             0.448,    0.001566854708,      0.1161913745,                 0,                 0,                 0,    -0.02597932204,  -0.0009682196366,      0.1161979048,                 0,       74.15580644
          0,           0,         562,      -12.03405233,      -12.89809341,      -12.57491781,      -11.48490867,             0.448,    0.001566854708,      0.1161913745,                 0,                 0,                 0,    -0.02597932203,  -0.0009682196364,      0.1161979048,                 0,       74.15580643
          0,           0,         563,      -12.04700783,      -12.91020119,      -12.59204034,      -11.49792321,             0.448,    0.001566854709,      0.1161913745,                 0,                 0,                 0,    -0.02597932203,  -0.0009682196362,      0.1161979048,                 0,       74.15580642
          0,           0,         564,      -12.05985867,      -12.92266798,       -12.6088413,      -11.51082494,             0.448,    0.001566854709,      0.1161913745,                 0,                 0,                 0,    -0.02597932203,  -0.0009682196361,      0.1161979048,                 0,       74.15580641
          0,           0,         565,      -12.07261466,      -12.93552852,      -12.62525898,      -11.52362371,             0.448,    0.001566854709,      0.1161913745,                 0,                 0,                 0,    -0.02597932203,  -0.0009682196359,      0.1161979048,                 0,        74.1558064
          0,           0,         566,      -12.08528685,      -12.94879684,      -12.64123743,      -11.53632949,             0.448,     0.00156685471,      0.1161913745,                 0,                 0,                 0,    -0.02597932202,  -0.0009682196358,      0.1161979048,                 0,       74.15580639
          0,           0,         567,      -12.09788723,      -12.96246236,      -12.65672428,      -11.54895426,             0.448,     0.00156685471,      0.1161913745,                 0,                 0,                 0,    -0.02597932202,  -0.0009682196357,      0.1161979049,                 0,       74.15580638
          0,           0,         568,      -12.11042921,      -12.97653726,       -12.6716775,       -11.5615109,             0.448,     0.00156685471,      0.1161913745,                 0,                 0,                 0,    -0.02597932202,  -0.0009682196356,      0.1161979049,                 0,       74.15580637
          0,           0,         569,      -12.12292586,      -12.99100882,      -12.68606816,      -11.57401256,             0.448,    0.001566854711,      0.1161913745,                 0,                 0,                 0,    -0.02597932202,  -0.0009682196355,      0.1161979049,                 0,       74.15580636
          0,           0,         570,      -12.13539247,      -13.00588945,      -12.69987325,      -11.58647405,             0.448,    0.001566854711,      0.1161913745,                 0,                 0,                 0,    -0.02597932202,  -0.0009682196355,      0.1161979049,                 0,       74.15580636
          0,           0,         571,      -12.14784254,      -13.02114633,      -12.71309161,      -11.59890974,             0.448,    0.001566854711,      0.1161913745,                 0,                 0,                 0,    -0.02597932201,  -0.0009682196354,      0.1161979049,                 0,       74.15580635
          0,           0,         572,      -12.16029126,      -13.03679374,      -12.72572274,      -11.61133438,             0.448,    0.001566854711,      0.1161913746,                 0,                 0,                 0,    -0.02597932201,  -0.0009682196353,      0.1161979049,                 0,       74.15580634
          0,           0,         573,      -12.17275124,       -13.0528024,      -12.73778749,      -11.62376162,             0.448,    0.001566854712,      0.1161913746,                 0,                 0,                 0,    -0.02597932201,  -0.0009682196353,      0.1161979049,                 0,       74.15580634
          0,           0,         574,      -12.18523724,      -13.06911553,      -12.74931637,      -11.63620624,             0.448,    0.001566854712,      0.1161913746,                 0,                 0,                 0,    -0.02597932201,  -0.0009682196353,      0.1161979049,                 0,       74.15580633
          0,           0,         575,      -12.19776143,      -13.08578146,      -12.76034927,      -11.64868106,             0.448,    0.001566854712,      0.1161913746,                 0,                 0,                 0,    -0.02597932201,  -0.0009682196352,      0.1161979049,                 0,       74.15580633
          0,           0,         576,      -12.21033659,      -13.10267632,      -12.77093911,      -11.66120013,             0.448,    0.001566854712,      0.1161913746,                 0,                 0,                 0,    -0.02597932201,  -0.0009682196352,      0.1161979049,                 0,       74.15580632
          0,           0,         577,      -12.22297318,       -13.1198459,      -12.78113593,      -11.67377365,             0.448,    0.001566854713,      0.1161913746,                 0,                 0,                 0,    -0.02597932201,  -0.0009682196352,       0.116197905,                 0,       74.15580632
          0,           0,         578,      -12.23568243,      -13.13720306,      -12.79100449,      -11.68641471,             0.448,    0.001566854713,      0.1161913746,                 0,                 0,                 0,      -0.025979322,  -0.0009682196352,       0.116197905,                 0,       74.15580631
          0,           0,         579,      -12.24847148,      -13.15471127,      -12.80060829,       -11.6991308,             0.448,    0.001566854713,      0.1161913746,                 0,                 0,                 0,      -0.025979322,  -0.0009682196352,       0.116197905,                 0,       74.15580631
          0,           0,         580,      -12.26135079,      -13.17226119,      -12.81001786,       -11.7119331,             0.448,    0.001566854713,      0.1161913746,                 0,                 0,                 0,      -0.025979322,  -0.0009682196352,       0.116197905,                 0,       74.15580631
          0,           0,         581,      -12.27432499,      -13.18994242,      -12.81928855,      -11.72482755,             0.448,    0.001566854713,      0.1161913746,                 0,                 0,                 0,      -0.025979322,  -0.0009682196353,       0.116197905,                 0,       74.15580631
          0,           0,         582,      -12.28740116,      -13.20750993,      -12.82849384,      -11.73782263,             0.448,    0.001566854713,      0.1161913746,                 0,                 0,                 0,      -0.025979322,  -0.0009682196353,       0.116197905,                 0,        74.1558063
          0,           0,         583,      -12.30058247,        -13.225058,      -12.83768925,      -11.75092182,             0.448,    0.001566854714,      0.1161913746,                 0,                 0,                 0,      -0.025979322,  -0.0009682196353,       0.116197905,                 0,        74.1558063
          0,           0,         584,      -12.31387166,      -13.24242271,      -12.84693136,      -11.76412935,             0.448,    0.001566854714,      0.1161913747,                 0,                 0,                 0,      -0.025979322,  -0.0009682196353,       0.116197905,                 0,        74.1558063
          0,           0,         585,      -12.32727033,      -13.25962028,      -12.85627495,      -11.77744854,             0.448,    0.001566854714,      0.1161913747,                 0,                 0,                 0,      -0.025979322,  -0.0009682196354,       0.116197905,                 0,        74.1558063
          0,           0,         586,      -12.34077874,      -13.27650571,      -12.86577035,      -11.79087916,             0.448,    0.001566854714,      0.1161913747,                 0,                 0,                 0,      -0.025979322,  -0.0009682196354,       0.116197905,                 0,        74.1558063
          0,           0,         587,      -12.35439635,      -13.29299993,      -12.87546169,       -11.8044225,             0.448,    0.001566854714,      0.1161913747,                 0,                 0,                 0,      -0.025979322,  -0.0009682196355,       0.116197905,                 0,        74.1558063
          0,           0,         588,      -12.36811937,      -13.30915015,      -12.88538518,      -11.81807605,             0.448,    0.001566854714,      0.1161913747,                 0,                 0,                 0,      -0.025979322,  -0.0009682196355,       0.116197905,                 0,        74.1558063
          0,           0,         589,       -12.3819452,      -13.32487488,      -12.89558174,      -11.83183796,             0.448,    0.001566854714,      0.1161913747,                 0,                 0,                 0,      -0.025979322,  -0.0009682196356,       0.116197905,                 0,        74.1558063
          0,           0,         590,      -12.39586911,      -13.34004282,      -12.90607848,      -11.84570364,             0.448,    0.001566854714,      0.1161913747,                 0,                 0,                 0,      -0.025979322,  -0.0009682196357,       0.116197905,                 0,        74.1558063
          0,           0,         591,      -12.40988429,      -13.35468599,      -12.91690456,      -11.85966794,             0.448,    0.001566854714,      0.1161913747,                 0,                 0,                 0,      -0.025979322,  -0.0009682196357,       0.116197905,                 0,        74.1558063
          0,           0,         592,      -12.42398285,      -13.36884939,       -12.9280806,      -11.87372326,             0.448,    0.001566854714,      0.1161913747,                 0,                 0,                 0,      -0.025979322,  -0.0009682196358,      0.1161979051,                 0,       74.15580631
          0,           0,         593,      -12.43815886,      -13.38233978,      -12.93962626,      -11.88786439,             0.448,    0.001566854714,      0.1161913747,                 0,                 0,                 0,      -0.025979322,  -0.0009682196359,      0.1161979051,                 0,       74.15580631
          0,           0,         594,      -12.45240131,      -13.39529297,      -12.95156019,      -11.90208104,             0.448,    0.001566854714,      0.1161913747,                 0,                 0,                 0,      -0.025979322,  -0.0009682196359,      0.1161979051,                 0,       74.15580631
          0,           0,         595,      -12.46670066,        -13.407599,      -12.96389669,      -11.91636376,             0.448,    0.001566854714,      0.1161913747,                 0,                 0,                 0,      -0.025979322,   -0.000968219636,      0.1161979051,                 0,       74.15580631
          0,           0,         596,      -12.48104647,      -13.41947121,      -12.97663877,      -11.93070247,             0.448,    0.001566854714,      0.1161913747,                 0,                 0,                 0,      -0.025979322,  -0.0009682196361,      0.1161979051,                 0,       74.15580631
          0,           0,         597,      -12.49542697,      -13.43075467,      -12.98979656,      -11.94508525,             0.448,    0.001566854714,      0.1161913747,                 0,                 0,                 0,      -0.025979322,  -0.0009682196361,      0.1161979051,                 0,       74.15580632
          0,           0,         598,      -12.50982957,      -13.44166497,      -13.00337053,      -11.95950002,             0.448,    0.001566854714,      0.1161913747,                 0,                 0,                 0,      -0.025979322,  -0.0009682196362,      0.1161979051,                 0,       74.15580632
          0,           0,         599,      -12.52424308,      -13.45207674,      -13.01736265,      -11.97393478,             0.448,    0.001566854714,      0.1161913747,                 0,                 0,                 0,      -0.025979322,  -0.0009682196363,      0.1161979051,                 0,       74.15580632
          0,           0,         600,      -12.53865433,      -13.46216144,      -13.03176868,      -11.98837654,             0.448,    0.001566854714,      0.1161913747,                 0,                 0,                 0,      -0.025979322,  -0.0009682196364,      0.1161979051,                 0,       74.15580632
          0,           0,         601,      -12.55305047,      -13.47194714,      -13.04658379,      -12.00281161,             0.448,    0.001566854714,      0.1161913747,                 0,                 0,                 0,      -0.025979322,  -0.0009682196364,      0.1161979051,                 0,       74.15580633
          0,           0,         602,      -12.56741921,      -13.48155472,      -13.06179753,      -12.01722796,             0.448,    0.001566854714,      0.1161913747,                 0,                 0,                 0,      -0.025979322,  -0.0009682196365,      0.1161979051,                 0,       74.15580633
          0,           0,         603,      -12.58174756,      -13.49095272,      -13.07739605,       -12.0316116,             0.448,    0.001566854714,      0.1161913747,                 0,                 0,                 0,      -0.025979322,  -0.0009682196366,      0.1161979051,                 0,       74.15580633
          0,           0,         604,      -12.59602393,      -13.50021971,      -13.09336279,      -12.04594945,             0.448,    0.001566854714,      0.1161913747,                 0,                 0,                 0,      -0.025979322,  -0.0009682196366,      0.1161979051,                 0,       74.15580634
          0,           0,         605,      -12.61023782,      -13.50950381,       -13.1096742,      -12.06023142,             0.448,    0.001566854714,      0.1161913747,                 0,                 0,                 0,      -0.025979322,  -0.0009682196367,      0.1161979051,                 0,       74.15580634
          0,           0,         606,      -12.62437693,      -13.51875159,      -13.12630615,      -12.07444246,             0.448,    0.001566854714,      0.1161913747,                 0,                 0,                 0,      -0.025979322,  -0.0009682196368,      0.1161979051,                 0,       74.15580634
          0,           0,         607,      -12.63843289,      -13.52811016,      -13.14322919,      -12.08857502,             0.448,    0.001566854714,      0.1161913747,                 0,                 0,                 0,      -0.025979322,  -0.0009682196368,      0.1161979051,                 0,       74.15580635
          0,           0,         608,        -12.652397,      -13.53758623,      -13.16041092,       -12.1026183,             0.448,    0.001566854714,      0.1161913747,                 0,                 0,                 0,      -0.025979322,  -0.0009682196369,      0.1161979051,                 0,       74.15580635
          0,           0,         609,      -12.66626125,      -13.54727073,      -13.17781147,      -12.11656417,             0.448,    0.001566854714,      0.1161913747,                 0,                 0,                 0,      -0.025979322,   -0.000968219637,      0.1161979051,                 0,       74.15580635
          0,           0,         610,      -12.68002032,       -13.5570846,      -13.19538385,      -12.13040481,             0.448,    0.001566854713,      0.1161913747,                 0,                 0,                 0,      -0.025979322,   -0.000968219637,      0.1161979051,                 0,       74.15580636
          0,           0,         611,      -12.69366826,      -13.56731436,      -13.21308249,      -12.14413387,             0.448,    0.001566854713,      0.1161913747,                 0,                 0,                 0,      -0.025979322,  -0.0009682196371,      0.1161979051,                 0,       74.15580636
          0,           0,         612,      -12.70720488,      -13.57767108,      -13.23084598,      -12.15774926,             0.448,    0.001566854713,      0.1161913747,                 0,                 0,                 0,      -0.025979322,  -0.0009682196371,      0.1161979051,                 0,       74.15580636
          0,           0,         613,      -12.72062739,      -13.58840679,      -13.24861636,      -12.17124888,             0.448,    0.001566854713,      0.1161913747,                 0,                 0,                 0,      -0.025979322,  -0.0009682196372,      0.1161979051,                 0,       74.15580636
          0,           0,         614,      -12.73393483,      -13.59956129,      -13.26633838,      -12.18462919,             0.448,    0.001566854713,      0.1161913747,                 0,                 0,                 0,      -0.025979322,  -0.0009682196372,      0.1161979051,                 0,       74.15580637
          0,           0,         615,        -12.747129,      -13.61096875,      -13.28393935,      -12.19789222,             0.448,    0.001566854713,      0.1161913747,                 0,                 0,                 0,      -0.025979322,  -0.0009682196373,      0.1161979051,                 0,       74.15580637
          0,           0,         616,      -12.76021585,      -13.62287902,      -13.30135993,      -12.21104276,             0.448,    0.001566854713,      0.1161913747,                 0,                 0,                 0,      -0.025979322,  -0.0009682196373,      0.1161979051,                 0,       74.15580637
          0,           0,         617,      -12.77319874,      -13.63517141,      -13.31851274,      -12.22408163,             0.448,    0.001566854713,      0.1161913747,                 0,                 0,                 0,      -0.025979322,  -0.0009682196373,      0.1161979051,                 0,       74.15580637
          0,           0,         618,      -12.78608417,      -13.64775781,      -13.33534392,      -12.23701516,             0.448,    0.001566854713,      0.1161913747,                 0,                 0,                 0,      -0.025979322,  -0.0009682196374,      0.1161979051,                 0,       74.15580638
          0,           0,         619,      -12.79888123,      -13.66075902,      -13.35179647,      -12.24985421,             0.448,    0.001566854713,      0.1161913747,                 0,                 0,                 0,    -0.02597932201,  -0.0009682196374,      0.1161979051,                 0,       74.15580638
          0,           0,         620,      -12.81159531,      -13.67414757,      -13.36779036,      -12.26260026,             0.448,    0.001566854713,      0.1161913747,                 0,                 0,                 0,    -0.02597932201,  -0.0009682196374,      0.1161979051,                 0,       74.15580638
          0,           0,         621,      -12.82424296,      -13.68814741,       -13.3832705,      -12.27527292,             0.448,    0.001566854713,      0.1161913747,                 0,                 0,                 0,    -0.02597932201,  -0.0009682196375,      0.1161979051,                 0,       74.15580638
          0,           0,         622,      -12.83682954,      -13.70242628,      -13.39822139,      -12.28787509,             0.448,    0.001566854713,      0.1161913747,                 0,                 0,                 0,    -0.02597932201,  -0.0009682196375,      0.1161979051,                 0,       74.15580638
          0,           0,         623,      -12.84936964,      -13.71720442,      -13.41257307,       -12.3004212,             0.448,    0.001566854713,      0.1161913747,                 0,                 0,                 0,    -0.02597932201,  -0.0009682196375,      0.1161979051,                 0,       74.15580639
          0,           0,         624,      -12.86187669,      -13.73234181,      -13.42633522,       -12.3129262,             0.448,    0.001566854712,      0.1161913747,                 0,                 0,                 0,    -0.02597932201,  -0.0009682196375,      0.1161979051,                 0,       74.15580639
          0,           0,         625,      -12.87436103,      -13.74773653,      -13.43948931,      -12.32539691,             0.448,    0.001566854712,      0.1161913747,                 0,                 0,                 0,    -0.02597932201,  -0.0009682196375,       0.116197905,                 0,       74.15580639
          0,           0,         626,      -12.88683651,      -13.76356956,      -13.45203925,      -12.33785017,             0.448,    0.001566854712,      0.1161913747,                 0,                 0,                 0,    -0.02597932201,  -0.0009682196375,       0.116197905,                 0,       74.15580639
          0,           0,         627,      -12.89931983,      -13.77963334,      -13.46400688,      -12.35030431,             0.448,    0.001566854712,      0.1161913747,                 0,                 0,                 0,    -0.02597932201,  -0.0009682196375,       0.116197905,                 0,       74.15580639
          0,           0,         628,      -12.91181954,      -13.79603149,       -13.4754352,      -12.36276329,             0.448,    0.001566854712,      0.1161913747,                 0,                 0,                 0,    -0.02597932201,  -0.0009682196375,       0.116197905,                 0,       74.15580639
          0,           0,         629,      -12.92434814,      -13.81289875,      -13.48633732,      -12.37524545,             0.448,    0.001566854712,      0.1161913747,                 0,                 0,                 0,    -0.02597932201,  -0.0009682196375,       0.116197905,                 0,       74.15580639
          0,           0,         630,      -12.93692369,      -13.82981001,      -13.49680811,      -12.38776664,             0.448,    0.001566854712,      0.1161913747,                 0,                 0,                 0,    -0.02597932201,  -0.0009682196375,       0.116197905,                 0,       74.15580639
          0,           0,         631,      -12.94955355,      -13.84694413,      -13.50689615,      -12.40033539,             0.448,    0.001566854712,      0.1161913747,                 0,                 0,                 0,    -0.02597932201,  -0.0009682196375,       0.116197905,                 0,       74.15580639
          0,           0,         632,      -12.96224957,       -13.8642249,      -13.51665245,      -12.41296387,             0.448,    0.001566854712,      0.1161913747,                 0,                 0,                 0,    -0.02597932201,  -0.0009682196375,       0.116197905,                 0,       74.15580639
          0,           0,         633,      -12.97502203,      -13.88157756,      -13.52613874,      -12.42566433,             0.448,    0.001566854712,      0.1161913747,                 0,                 0,                 0,    -0.02597932201,  -0.0009682196375,       0.116197905,                 0,       74.15580639
          0,           0,         634,      -12.98788123,       -13.8990199,         -13.53546,      -12.43844642,             0.448,    0.001566854712,      0.1161913747,                 0,                 0,                 0,    -0.02597932201,  -0.0009682196375,       0.116197905,                 0,       74.15580639
          0,           0,         635,      -13.00083702,      -13.91648494,      -13.54465533,      -12.45132293,             0.448,    0.001566854712,      0.1161913747,                 0,                 0,                 0,    -0.02597932201,  -0.0009682196375,       0.116197905,                 0,        74.1558064
