"Time_Iter","Outer_Iter","Inner_Iter",    "rms[Rho]"    ,    "rms[RhoU]"   ,    "rms[RhoV]"   ,    "rms[RhoE]"   ,    "RefForce"    ,       "CD"       ,       "CL"       ,       "CSF"      ,       "CMx"      ,       "CMy"      ,       "CMz"      ,       "CFx"      ,       "CFy"      ,       "CFz"      ,      "CEff"      
          0,           0,           0,      -3.564685773,      -3.684683195,      -4.128631216,      -2.968308629,             0.448,      0.2544102512,      0.1333036221,                 0,                 0,                 0,     0.01955696019,      0.2514417052,      0.1388218299,                 0,      0.5239711117
          0,           0,           1,      -3.820412773,      -3.694431055,      -3.722432576,      -3.209536553,             0.448,     0.09770832779,     0.02673888434,                 0,                 0,                 0,   -0.006397083463,     0.09710177016,     0.02886401715,                 0,      0.2736602391
          0,           0,           2,      -3.755064392,      -3.666638361,      -3.686917616,       -3.15667206,             0.448,     0.07285143213,      0.0385390406,                 0,                 0,                 0,   -0.008134825933,     0.07199337072,     0.04011911497,                 0,       0.529008689
          0,           0,           3,      -3.701060846,      -3.713459103,      -3.688435298,      -3.108857812,             0.448,     0.08791993325,     0.06945809648,                 0,                 0,                 0,   -0.005582369258,      0.0863837903,     0.07135953057,                 0,       0.790015346
          0,           0,           4,      -3.648912613,      -3.677769224,      -3.655367602,      -3.059867074,             0.448,     0.06676147941,     0.06420252382,                 0,                 0,                 0,   -0.009785697838,     0.06534502131,     0.06564363936,                 0,      0.9616701785
          0,           0,           5,      -3.643790632,      -3.653958367,      -3.647623494,      -3.058853025,             0.448,     0.05352644233,     0.05964927348,                 0,                 0,                 0,    -0.01495984771,     0.05221246245,     0.06080275175,                 0,       1.114388905
          0,           0,           6,      -3.640796565,      -3.775401574,      -3.685118878,      -3.062509587,             0.448,     0.04957686993,     0.05750996896,                 0,                 0,                 0,    -0.01889726942,     0.04831049862,     0.05857779687,                 0,       1.160016133
          0,           0,           7,       -3.64444385,      -3.774469173,      -3.676275168,      -3.068288278,             0.448,     0.04500435376,     0.05397771154,                 0,                 0,                 0,    -0.02164545956,     0.04381612637,     0.05494663111,                 0,        1.19938866
          0,           0,           8,      -3.627025718,      -3.695551669,      -3.690337149,       -3.04972776,             0.448,     0.03933149954,     0.05117852852,                 0,                 0,                 0,    -0.02324730824,     0.03820568599,     0.05202436155,                 0,       1.301209695
          0,           0,           9,      -3.641779494,      -3.732303183,      -3.696529191,      -3.067975197,             0.448,     0.03470853677,     0.04904699303,                 0,                 0,                 0,    -0.02405761628,     0.03363032257,     0.04979248391,                 0,       1.413110364
          0,           0,          10,      -3.649083164,      -3.789166012,      -3.724360539,      -3.079302924,             0.448,     0.03145617085,     0.04720948198,                 0,                 0,                 0,    -0.02434115922,     0.03041881571,     0.04788446016,                 0,       1.500801932
          0,           0,          11,      -3.655805179,      -3.814861013,      -3.748880075,      -3.088365122,             0.448,     0.02843162875,     0.04562790137,                 0,                 0,                 0,    -0.02421125463,     0.02742949537,     0.04623727587,                 0,       1.604828966
          0,           0,          12,      -3.661095356,      -3.826070022,      -3.759808866,      -3.094142916,             0.448,     0.02517450848,     0.04396033169,                 0,                 0,                 0,     -0.0240215786,     0.02420952805,     0.04449904933,                 0,       1.746224031
          0,           0,          13,      -3.664298922,      -3.832238979,      -3.769489849,      -3.095886163,             0.448,      0.0219741298,     0.04230953413,                 0,                 0,                 0,    -0.02395213604,     0.02104592293,     0.04277882872,                 0,       1.925424784
          0,           0,          14,      -3.672673511,      -3.841829819,      -3.780799327,      -3.102128541,             0.448,     0.01900116931,     0.04103666987,                 0,                 0,                 0,    -0.02391843684,     0.01810143732,     0.04144141258,                 0,       2.159691816
          0,           0,          15,       -3.68349068,      -3.853982297,      -3.797473343,      -3.111150051,             0.448,      0.0161767003,     0.04007031006,                 0,                 0,                 0,    -0.02390395094,     0.01529872148,     0.04041366727,                 0,       2.477038538
          0,           0,          16,      -3.694915742,      -3.863059841,      -3.819426534,      -3.122125405,             0.448,     0.01340295627,     0.03926818424,                 0,                 0,                 0,    -0.02389953685,     0.01254313581,     0.03955122343,                 0,       2.929815143
          0,           0,          17,      -3.707744879,      -3.866475305,      -3.842766359,      -3.136077567,             0.448,     0.01064034434,     0.03863501649,                 0,                 0,                 0,    -0.02387605409,    0.009794993781,     0.03885794029,                 0,       3.630993064
          0,           0,          18,      -3.722279698,       -3.86559442,      -3.866588566,      -3.152561176,             0.448,    0.007876957859,     0.03801943443,                 0,                 0,                 0,     -0.0239064564,    0.007045693765,     0.03818222176,                 0,       4.826664698
          0,           0,          19,      -3.739710219,      -3.865252416,      -3.893108073,      -3.171836371,             0.448,    0.005142129458,     0.03719147528,                 0,                 0,                 0,    -0.02408213279,    0.004329578013,     0.03729479968,                 0,       7.232699134
          0,           0,          20,       -3.76114485,       -3.87023625,      -3.923881062,       -3.19451137,             0.448,    0.002531861144,     0.03615252293,                 0,                 0,                 0,    -0.02437265226,    0.001742595498,     0.03619915187,                 0,       14.27903067
          0,           0,          21,      -3.784730515,      -3.881977375,      -3.957985916,      -3.218635319,             0.448,   0.0001793115654,     0.03523541917,                 0,                 0,                 0,    -0.02461814984,  -0.0005893877242,     0.03523094576,                 0,       196.5038847
          0,           0,          22,      -3.807136352,      -3.898898069,      -3.992025377,      -3.241035935,             0.448,   -0.001801050144,     0.03481530261,                 0,                 0,                 0,    -0.02471475736,   -0.002560113367,     0.03476772781,                 0,      -19.33055708
          0,           0,          23,       -3.82728051,      -3.918082613,      -4.022522322,      -3.260911757,             0.448,   -0.003349135839,     0.03482911394,                 0,                 0,                 0,    -0.02475253246,   -0.004108131952,     0.03474776454,                 0,      -10.39943305
          0,           0,          24,      -3.846455878,      -3.936807759,      -4.048147255,      -3.279687334,             0.448,   -0.004360855918,     0.03556026081,                 0,                 0,                 0,     -0.0246437177,   -0.005135561153,     0.03545666686,                 0,      -8.154422317
          0,           0,          25,      -3.865265504,      -3.954337601,      -4.070407809,      -3.298057855,             0.448,   -0.004837414086,     0.03682654437,                 0,                 0,                 0,    -0.02450168526,   -0.005639629744,     0.03671225302,                 0,      -7.612857556
          0,           0,          26,      -3.884952508,      -3.972550461,      -4.091908333,      -3.317367653,             0.448,   -0.004822765842,     0.03829088754,                 0,                 0,                 0,    -0.02447668046,   -0.005656929464,     0.03817656727,                 0,      -7.939611583
          0,           0,          27,       -3.90698853,      -3.993683595,      -4.114907764,      -3.339311846,             0.448,   -0.004335253533,     0.04001506385,                 0,                 0,                 0,    -0.02452319511,   -0.005207145878,     0.03991096829,                 0,      -9.230155409
          0,           0,          28,      -3.931979338,      -4.019040986,      -4.141608332,      -3.364570375,             0.448,   -0.003448172201,     0.04187939805,                 0,                 0,                 0,    -0.02468098577,   -0.004360945883,      0.0417942104,                 0,      -12.14539054
          0,           0,          29,      -3.958530761,      -4.049587623,      -4.173241985,      -3.391780485,             0.448,   -0.002226914209,     0.04399620942,                 0,                 0,                 0,    -0.02488300753,   -0.003186156514,     0.04393715963,                 0,      -19.75658031
          0,           0,          30,      -3.985556622,       -4.08606909,      -4.209849528,      -3.420065046,             0.448,  -0.0008101735133,     0.04604572615,                 0,                 0,                 0,    -0.02522016551,   -0.001814462936,     0.04601709467,                 0,      -56.83440078
          0,           0,          31,      -4.014162834,      -4.128493042,      -4.249986427,      -3.450507792,             0.448,   0.0006772577787,     0.04785661482,                 0,                 0,                 0,    -0.02572758294,  -0.0003668899409,     0.04786000055,                 0,       70.66233321
          0,           0,          32,      -4.046180915,      -4.175642469,      -4.290865566,      -3.484451498,             0.448,    0.002136427439,     0.04928465309,                 0,                 0,                 0,    -0.02642446965,    0.001060779987,     0.04931953059,                 0,       23.06872313
          0,           0,          33,      -4.081966448,      -4.225358516,      -4.329511498,      -3.521611788,             0.448,    0.003515831044,     0.05036643955,                 0,                 0,                 0,    -0.02725276192,    0.002416256283,     0.05043115115,                 0,       14.32561432
          0,           0,          34,      -4.119383455,      -4.275068058,      -4.363784361,      -3.559411063,             0.448,    0.004767172151,     0.05114015793,                 0,                 0,                 0,    -0.02817371878,    0.003650421027,     0.05123198327,                 0,       10.72756685
          0,           0,          35,      -4.156278181,      -4.322283186,      -4.393573063,      -3.595829851,             0.448,    0.005842515006,     0.05157177384,                 0,                 0,                 0,    -0.02916663865,    0.004716092328,     0.05168695495,                 0,       8.826981838
          0,           0,          36,       -4.19137818,      -4.365559876,        -4.4208448,      -3.630002786,             0.448,    0.006715893353,      0.0517407742,                 0,                 0,                 0,    -0.03017085312,    0.005585576112,     0.05187496774,                 0,       7.704228087
          0,           0,          37,      -4.224460883,      -4.405238851,      -4.448579669,      -3.662137784,             0.448,    0.007364544003,      0.0516797995,                 0,                 0,                 0,    -0.03114788878,    0.006235402556,     0.05182815778,                 0,       7.017379416
          0,           0,          38,      -4.255822056,      -4.442921232,      -4.479372413,      -3.692888259,             0.448,    0.007777813173,      0.0514180109,                 0,                 0,                 0,    -0.03206044392,    0.006654284268,     0.05157544691,                 0,       6.610857031
          0,           0,          39,      -4.285767656,      -4.480544211,      -4.514682839,       -3.72271669,             0.448,     0.00796313435,     0.05102036946,                 0,                 0,                 0,    -0.03286242701,    0.006848235845,     0.05118194285,                 0,       6.407071288
          0,           0,          40,      -4.314395003,      -4.519349362,      -4.554453199,       -3.75169746,             0.448,    0.007939046199,     0.05056237994,                 0,                 0,                 0,    -0.03352028733,    0.006834144416,     0.05072353684,                 0,       6.368822988
          0,           0,          41,      -4.341265062,      -4.559489346,       -4.59724756,      -3.779339434,             0.448,    0.007730811876,     0.05008737192,                 0,                 0,                 0,    -0.03402156432,    0.006636321892,     0.05024409925,                 0,       6.478927792
          0,           0,          42,      -4.366296727,      -4.600216463,      -4.640366129,      -3.805434245,             0.448,     0.00737088811,     0.04962414315,                 0,                 0,                 0,    -0.03436492516,     0.00628658906,     0.04977312903,                 0,       6.732451018
          0,           0,          43,      -4.389543215,      -4.640294352,      -4.680683418,      -3.829834738,             0.448,    0.006897289106,     0.04920586734,                 0,                 0,                 0,    -0.03455590506,    0.005822227399,     0.04934462124,                 0,       7.134087984
          0,           0,          44,      -4.411123022,      -4.678423449,      -4.715783634,       -3.85250603,             0.448,    0.006349910392,      0.0488600286,                 0,                 0,                 0,    -0.03460682479,    0.005282523379,      0.0489869238,                 0,       7.694601274
          0,           0,          45,      -4.431170396,      -4.713526088,      -4.744898538,      -3.873488943,             0.448,    0.005765816977,     0.04860597257,                 0,                 0,                 0,    -0.03453478425,    0.004704111165,      0.0487201863,                 0,       8.430023494
          0,           0,          46,      -4.449688964,      -4.744881418,      -4.769017236,      -3.892761709,             0.448,    0.005177446807,     0.04845687683,                 0,                 0,                 0,    -0.03435863926,    0.004119133518,     0.04855829081,                 0,       9.359222535
          0,           0,          47,      -4.466756349,       -4.77244142,      -4.789993105,      -3.910421613,             0.448,    0.004613222197,     0.04841376462,                 0,                 0,                 0,    -0.03410072458,    0.003555983666,     0.04850288037,                 0,       10.49456596
          0,           0,          48,      -4.482273499,      -4.796753844,      -4.809638192,      -3.926374759,             0.448,    0.004097676839,     0.04847419872,                 0,                 0,                 0,    -0.03378243733,    0.003039242631,     0.04855205352,                 0,       11.82967828
          0,           0,          49,      -4.496228256,      -4.818941083,      -4.829286979,      -3.940612672,             0.448,    0.003650098517,     0.04864633772,                 0,                 0,                 0,    -0.03341770297,    0.002588015628,     0.04871438769,                 0,       13.32740404
          0,           0,          50,      -4.508511692,      -4.840372209,      -4.849559154,       -3.95300879,             0.448,    0.003283922102,     0.04892228089,                 0,                 0,                 0,    -0.03302439189,    0.002215906684,     0.04898227709,                 0,       14.89751564
          0,           0,          51,      -4.518981545,      -4.862416824,      -4.870689796,      -3.963465142,             0.448,      0.0030062798,     0.04929036855,                 0,                 0,                 0,    -0.03261683397,    0.001930300663,     0.04934422043,                 0,       16.39580207
          0,           0,          52,      -4.527873336,      -4.886197936,      -4.892599949,      -3.972310053,             0.448,     0.00281496734,     0.04973041585,                 0,                 0,                 0,    -0.03220889162,     0.00172943415,     0.04977998954,                 0,       17.66642729
          0,           0,          53,       -4.53604539,      -4.912490306,      -4.914994016,      -3.980560111,             0.448,     0.00270572032,     0.05025924391,                 0,                 0,                 0,    -0.03179906904,    0.001608676804,     0.05030630855,                 0,       18.57518072
          0,           0,          54,      -4.544697244,      -4.941528662,      -4.937406131,      -3.989551162,             0.448,    0.002669790155,     0.05087904132,                 0,                 0,                 0,    -0.03139227902,    0.001559234381,     0.05092517465,                 0,        19.0573185
          0,           0,          55,      -4.555233421,      -4.972969794,      -4.958989479,      -4.000670979,             0.448,    0.002697293541,      0.0515913819,                 0,                 0,                 0,    -0.03099185287,    0.001571191593,      0.0516379457,                 0,       19.12709207
          0,           0,          56,      -4.568355555,      -5.005812084,      -4.978771732,      -4.014470848,             0.448,    0.002773855445,     0.05234211103,                 0,                 0,                 0,     -0.0306176934,    0.001631358208,     0.05239016636,                 0,       18.86980488
          0,           0,          57,      -4.584269022,      -5.038788402,      -4.996785506,       -4.03103936,             0.448,     0.00288960144,     0.05309714415,                 0,                 0,                 0,    -0.03028212303,    0.001730605698,     0.05314754479,                 0,       18.37524837
          0,           0,          58,      -4.602980921,      -5.070643941,      -5.014270744,       -4.05024759,             0.448,    0.003033741738,     0.05383051187,                 0,                 0,                 0,    -0.02999418699,    0.001858713362,     0.05388388239,                 0,       17.74393357
          0,           0,          59,      -4.624227686,      -5.100195176,      -5.032815768,      -4.071771252,             0.448,    0.003193325914,     0.05451099653,                 0,                 0,                 0,    -0.02976234472,    0.002003414866,     0.05456768643,                 0,        17.0702891
          0,           0,          60,       -4.64752331,      -5.127191125,       -5.05336191,      -4.095166483,             0.448,    0.003357314509,     0.05511123984,                 0,                 0,                 0,    -0.02959355669,    0.002154270198,     0.05517136429,                 0,       16.41527468
          0,           0,          61,      -4.672327075,      -5.152113161,      -5.076406112,      -4.119946512,             0.448,     0.00351838248,     0.05563824501,                 0,                 0,                 0,    -0.02948202426,    0.002303803282,     0.05570175773,                 0,       15.81358631
          0,           0,          62,      -4.698195577,      -5.176248266,      -5.101955618,      -4.145731304,             0.448,    0.003666421549,     0.05607869612,                 0,                 0,                 0,    -0.02942860458,    0.002442198732,     0.05614533347,                 0,       15.29521234
          0,           0,          63,      -4.724320947,      -5.200662047,      -5.129540231,      -4.171816342,             0.448,    0.003793596807,     0.05642633546,                 0,                 0,                 0,    -0.02942909358,    0.002561760012,      0.0564956644,                 0,       14.87409926
          0,           0,          64,      -4.750193714,      -5.226325794,      -5.158499989,        -4.1977637,             0.448,    0.003895414658,     0.05668202762,                 0,                 0,                 0,    -0.02947567736,    0.002657975738,     0.05675351686,                 0,       14.55096122
          0,           0,          65,      -4.775413884,      -5.253803253,      -5.187480157,      -4.223185986,             0.448,    0.003968506682,     0.05684797779,                 0,                 0,                 0,    -0.02956168027,    0.002727430186,     0.05692102202,                 0,       14.32477814
          0,           0,          66,        -4.7995129,      -5.282827542,      -5.215468579,      -4.247574909,             0.448,    0.004011284045,     0.05692469939,                 0,                 0,                 0,    -0.02968039325,    0.002768523695,     0.05699865855,                 0,       14.19114148
          0,           0,          67,      -4.822378351,      -5.312973978,      -5.242033105,      -4.270798453,             0.448,    0.004025149508,     0.05692171967,                 0,                 0,                 0,    -0.02982228631,    0.002782450861,     0.05699598202,                 0,       14.14151687
          0,           0,          68,      -4.844034449,      -5.343400669,      -5.267231914,      -4.292820784,             0.448,    0.004013884343,     0.05685224677,                 0,                 0,                 0,    -0.02997791331,     0.00277270392,      0.0569262799,                 0,       14.16389759
          0,           0,          69,       -4.86470178,      -5.372959286,       -5.29119967,      -4.313804115,             0.448,    0.003982039949,      0.0567266299,                 0,                 0,                 0,    -0.03014020092,    0.002743607422,     0.05679999824,                 0,       14.24562049
          0,           0,          70,      -4.884579442,      -5.400571651,      -5.313981842,      -4.333921104,             0.448,    0.003934280747,     0.05655521003,                 0,                 0,                 0,    -0.03030246019,     0.00269959909,     0.05662757731,                 0,       14.37498076
          0,           0,          71,      -4.903985858,      -5.425641136,      -5.335723741,       -4.35348456,             0.448,    0.003875114691,     0.05634744631,                 0,                 0,                 0,    -0.03045936707,    0.002644979456,     0.05641857233,                 0,       14.54084609
          0,           0,          72,      -4.923236091,      -5.448152916,      -5.356840486,      -4.372822247,             0.448,    0.003808891133,     0.05611227646,                 0,                 0,                 0,     -0.0306071238,     0.00258390186,     0.05618201378,                 0,       14.73191921
          0,           0,          73,      -4.942492402,      -5.468473824,      -5.377812361,      -4.392111782,             0.448,    0.003739353103,     0.05585911008,                 0,                 0,                 0,    -0.03074171044,    0.002519903173,     0.05592739068,                 0,       14.93817474
          0,           0,          74,      -4.962020957,      -5.487251206,      -5.399049229,      -4.411646768,             0.448,    0.003669877548,     0.05559480145,                 0,                 0,                 0,    -0.03086117993,    0.002456210014,     0.05566162935,                 0,       15.14895272
          0,           0,          75,      -4.981906247,      -5.505288858,      -5.420917102,      -4.431501073,             0.448,    0.003603334452,     0.05532561523,                 0,                 0,                 0,    -0.03096443468,    0.002395555021,     0.05539105556,                 0,       15.35400501
          0,           0,          76,      -5.002071268,      -5.523344718,      -5.443454815,      -4.451600017,             0.448,    0.003542025933,     0.05505913491,                 0,                 0,                 0,    -0.03104991438,    0.002340074329,     0.05512330121,                 0,       15.54453184
          0,           0,          77,      -5.022485291,      -5.541990016,      -5.466292017,      -4.471920505,             0.448,    0.003487754304,     0.05480096654,                 0,                 0,                 0,    -0.03111723471,    0.002291447528,     0.05486401035,                 0,       15.71239307
          0,           0,          78,      -5.043116444,      -5.561638119,      -5.489325084,      -4.492422343,             0.448,    0.003441736842,     0.05455540378,                 0,                 0,                 0,    -0.03116681431,     0.00225079794,     0.05461750216,                 0,       15.85112584
          0,           0,          79,      -5.063915051,      -5.582590063,       -5.51266506,      -4.513049189,             0.448,    0.003404562905,      0.0543267283,                 0,                 0,                 0,    -0.03119915911,    0.002218621379,     0.05438807016,                 0,       15.95703467
          0,           0,          80,      -5.084820471,      -5.604968248,      -5.536288687,      -4.533748652,             0.448,    0.003376208192,     0.05411884596,                 0,                 0,                 0,     -0.0312151574,    0.002194808343,     0.05417961873,                 0,       16.02947534
          0,           0,          81,      -5.105817362,      -5.628659613,       -5.55997313,      -4.554504989,             0.448,      0.0033561782,     0.05393441742,                 0,                 0,                 0,    -0.03121632905,    0.002178806405,     0.05399479713,                 0,       16.07018883
          0,           0,          82,       -5.12679723,      -5.653290417,      -5.583375041,      -4.575218839,             0.448,    0.003343728034,     0.05377360299,                 0,                 0,                 0,    -0.03120499397,     0.00216986735,     0.05383374937,                 0,       16.08193084
          0,           0,          83,       -5.14769998,      -5.678632059,      -5.606528484,      -4.595854812,             0.448,    0.003337839953,     0.05363697916,                 0,                 0,                 0,    -0.03118349918,    0.002166961104,     0.05369702961,                 0,       16.06936819
          0,           0,          84,      -5.168407119,      -5.704606253,      -5.629353605,      -4.616312544,             0.448,    0.003337110775,     0.05352492846,                 0,                 0,                 0,    -0.03115366877,    0.002168676472,     0.05358498967,                 0,       16.03930228
          0,           0,          85,      -5.188783922,      -5.731097714,      -5.651970427,      -4.636487997,             0.448,    0.003340164939,     0.05343543014,                 0,                 0,                 0,    -0.03111797142,    0.002173682305,     0.05349557927,                 0,       15.99784176
          0,           0,          86,      -5.208795221,       -5.75817667,      -5.674821095,      -4.656392733,             0.448,    0.003345650903,     0.05336807542,                 0,                 0,                 0,    -0.03107789475,    0.002180636299,     0.05342836026,                 0,       15.95147759
          0,           0,          87,      -5.228489183,      -5.785811445,      -5.698145486,      -4.676133998,             0.448,    0.003352358877,     0.05332095078,                 0,                 0,                 0,      -0.031035139,    0.002188370695,     0.05338139316,                 0,       15.90550199
          0,           0,          88,      -5.247831449,      -5.813991851,       -5.72169174,      -4.695700935,             0.448,    0.003359299221,     0.05329168996,                 0,                 0,                 0,    -0.03099145861,    0.002195947709,     0.05335229071,                 0,       15.86393068
          0,           0,          89,      -5.266901555,      -5.842514381,      -5.745124676,      -4.715170127,             0.448,    0.003365751949,     0.05327729263,                 0,                 0,                 0,    -0.03094863191,    0.002202712977,     0.05333803757,                 0,       15.82923918
          0,           0,          90,      -5.285653295,      -5.871210007,      -5.768176161,      -4.734459155,             0.448,    0.003371112869,     0.05327469671,                 0,                 0,                 0,    -0.03090815906,    0.002208129251,     0.05333555922,                 0,       15.80329665
          0,           0,          91,      -5.303999555,      -5.900037435,      -5.790704904,      -4.753444451,             0.448,    0.003374977323,     0.05328049114,                 0,                 0,                 0,    -0.03087156244,    0.002211866381,     0.05334143656,                 0,       15.78691826
          0,           0,          92,      -5.321891353,      -5.928935022,      -5.812395241,       -4.77204688,             0.448,    0.003377084472,     0.05329274427,                 0,                 0,                 0,    -0.03083954823,    0.002213705728,     0.05335373275,                 0,       15.78069625
          0,           0,          93,      -5.339276432,      -5.957663635,      -5.832912891,      -4.790164755,             0.448,    0.003377427163,     0.05330879875,                 0,                 0,                 0,    -0.03081292543,    0.002213698111,     0.05336979088,                 0,       15.78384852
          0,           0,          94,      -5.356097367,      -5.985936467,      -5.852131969,      -4.807681068,             0.448,    0.003376129913,     0.05332644096,                 0,                 0,                 0,    -0.03079211064,    0.002212016307,      0.0533874006,                 0,       15.79513891
          0,           0,          95,      -5.372398562,      -6.013523479,      -5.870249828,      -4.824595098,             0.448,    0.003373408803,     0.05334395464,                 0,                 0,                 0,    -0.03077714554,    0.002208913785,     0.05340485075,                 0,       15.81307151
          0,           0,          96,      -5.388226993,      -6.040224724,      -5.887645876,      -4.840926745,             0.448,     0.00336957828,     0.05335965469,                 0,                 0,                 0,    -0.03076804058,    0.002204741679,      0.0534204635,                 0,        15.8357071
          0,           0,          97,      -5.403513717,      -6.065940407,       -5.90410972,      -4.856582337,             0.448,    0.003364960883,     0.05337249471,                 0,                 0,                 0,    -0.03076448057,    0.002199845277,     0.05343319974,                 0,       15.86125265
          0,           0,          98,      -5.418316369,      -6.090458381,      -5.919515986,      -4.871605641,             0.448,    0.003359921439,     0.05338139209,                 0,                 0,                 0,    -0.03076600443,    0.002194612937,     0.05344198507,                 0,       15.88769055
          0,           0,          99,      -5.432732734,      -6.113427304,      -5.933821289,      -4.886088185,             0.448,    0.003354782859,     0.05338663397,                 0,                 0,                 0,    -0.03077166988,    0.002189361229,      0.0534471136,                 0,       15.91358852
          0,           0,         100,      -5.446811691,      -6.134552875,      -5.947294076,      -4.900073798,             0.448,    0.003349827367,     0.05338865422,                 0,                 0,                 0,    -0.03078077977,    0.002184362845,     0.05344902527,                 0,       15.93773302
          0,           0,         101,      -5.460544148,      -6.153862919,      -5.960350161,       -4.91357106,             0.448,    0.003345272813,     0.05338705471,                 0,                 0,                 0,    -0.03079281699,    0.002179844267,     0.05344732677,                 0,       15.95895393
          0,           0,         102,      -5.473937697,      -6.171869492,      -5.973081415,      -4.926610955,             0.448,    0.003341207349,     0.05338302075,                 0,                 0,                 0,    -0.03080655307,    0.002175867772,     0.05344320509,                 0,       15.97716489
          0,           0,         103,      -5.487023292,      -6.189098011,      -5.985556996,      -4.939248011,             0.448,     0.00333776748,     0.05337690039,                 0,                 0,                 0,    -0.03082131567,    0.002172562237,     0.05343701115,                 0,       15.99179712
          0,           0,         104,      -5.499838601,      -6.205826585,      -5.998259239,      -4.951544804,             0.448,    0.003335072432,     0.05336877898,                 0,                 0,                 0,    -0.03083675195,    0.002170044998,     0.05342883288,                 0,       16.00228483
          0,           0,         105,       -5.51245535,      -6.222354335,      -6.010892036,      -4.963608902,             0.448,     0.00333317238,     0.05335893515,                 0,                 0,                 0,    -0.03085245202,     0.00216836014,     0.05341894994,                 0,       16.00845353
          0,           0,         106,      -5.524977419,      -6.238916222,      -6.023703208,      -4.975581673,             0.448,    0.003332033964,     0.05334790663,                 0,                 0,                 0,    -0.03086790847,     0.00216746258,     0.05340789921,                 0,        16.0106131
          0,           0,         107,      -5.537430878,      -6.255859796,      -6.036846185,      -4.987509262,             0.448,    0.003331563371,     0.05333643091,                 0,                 0,                 0,    -0.03088258716,    0.002167242441,     0.05339641595,                 0,        16.0094301
          0,           0,         108,      -5.549861247,      -6.273319989,      -6.050330162,       -4.99944802,             0.448,    0.003331648796,     0.05332525875,                 0,                 0,                 0,    -0.03089608132,    0.002167571565,     0.05338524831,                 0,       16.00566626
          0,           0,         109,      -5.562319183,      -6.291446897,      -6.064053431,      -5.011463219,             0.448,    0.003332186034,     0.05331492078,                 0,                 0,                 0,    -0.03090820987,    0.002168334197,     0.05337492453,                 0,       15.99998326
          0,           0,         110,       -5.57486117,      -6.310247324,      -6.077768586,      -5.023623762,             0.448,    0.003333078175,     0.05330560596,                 0,                 0,                 0,    -0.03091902381,    0.002169429327,     0.05336563138,                 0,         15.992906
          0,           0,         111,      -5.587520749,      -6.329549597,      -6.091345514,      -5.035958194,             0.448,     0.00333418462,      0.0532974832,                 0,                 0,                 0,    -0.03092856608,    0.002170712706,      0.0533575347,                 0,       15.98516257
          0,           0,         112,      -5.600314674,       -6.34923484,      -6.104889928,      -5.048475448,             0.448,    0.003335347999,     0.05329078711,                 0,                 0,                 0,    -0.03093683917,    0.002172021882,     0.05335086557,                 0,       15.97757929
          0,           0,         113,      -5.613255146,      -6.369242163,      -6.118572081,      -5.061184663,             0.448,    0.003336438539,     0.05328557526,                 0,                 0,                 0,    -0.03094397967,    0.002173225858,     0.05334567876,                 0,        15.9707948
          0,           0,         114,      -5.626332759,      -6.389480051,      -6.132398339,      -5.074081842,             0.448,    0.003337343165,     0.05328181873,                 0,                 0,                 0,    -0.03095016683,    0.002174212217,     0.05334194286,                 0,       15.96534012
          0,           0,         115,      -5.639518736,      -6.409686212,      -6.146193373,      -5.087144196,             0.448,    0.003337984545,     0.05327906508,                 0,                 0,                 0,    -0.03095569816,    0.002174913516,     0.05333920385,                 0,        15.9614475
          0,           0,         116,      -5.652778934,      -6.429558925,      -6.159754337,      -5.100334173,             0.448,    0.003338265117,     0.05327731581,                 0,                 0,                 0,    -0.03096063387,    0.002175232181,     0.05333746113,                 0,       15.95958198
          0,           0,         117,      -5.666106883,      -6.448849318,       -6.17322526,      -5.113643014,             0.448,    0.003338125464,     0.05327663214,                 0,                 0,                 0,    -0.03096510366,    0.002175107475,     0.05333677457,                 0,       15.96004486
          0,           0,         118,      -5.679356006,      -6.467305717,      -6.186682669,      -5.126918665,             0.448,    0.003337535172,     0.05327677661,                 0,                 0,                 0,    -0.03096928273,    0.002174514172,     0.05333690613,                 0,       15.96291091
          0,           0,         119,      -5.692571824,      -6.484756798,      -6.200408478,      -5.140217815,             0.448,    0.003336484897,     0.05327751899,                 0,                 0,                 0,    -0.03097331609,    0.002173447952,     0.05333762542,                 0,        15.9681583
          0,           0,         120,      -5.705747878,      -6.501160072,      -6.214298376,      -5.153525487,             0.448,     0.00333497999,     0.05327888317,                 0,                 0,                 0,     -0.0309772468,    0.002171913644,     0.05333895645,                 0,       15.97577297
          0,           0,         121,      -5.718847749,      -6.516404481,      -6.228538226,      -5.166805587,             0.448,    0.003333076929,     0.05328044113,                 0,                 0,                 0,    -0.03098128393,    0.002169977049,     0.05334047252,                 0,       15.98536195
          0,           0,         122,      -5.731789274,      -6.530485414,      -6.243274315,      -5.179986598,             0.448,    0.003330822924,     0.05328197917,                 0,                 0,                 0,    -0.03098552874,    0.002167690029,     0.05334196102,                 0,       15.99664119
          0,           0,         123,      -5.744531631,      -6.543261791,      -6.258326351,      -5.193025261,             0.448,    0.003328277424,     0.05328342772,                 0,                 0,                 0,    -0.03099000923,    0.002165113534,      0.0533433537,                 0,        16.0093108
          0,           0,         124,      -5.757079532,      -6.554793186,      -6.273760715,      -5.205920848,             0.448,    0.003325499285,     0.05328478483,                 0,                 0,                 0,    -0.03099471732,    0.002162306451,     0.05334464988,                 0,       16.02309315
          0,           0,         125,       -5.76939743,      -6.565233009,      -6.289159042,      -5.218630792,             0.448,    0.003322556428,     0.05328583231,                 0,                 0,                 0,    -0.03099969656,    0.002159341444,     0.05334563291,                 0,        16.0376004
          0,           0,         126,      -5.781535825,      -6.574710254,      -6.304570423,       -5.23119895,             0.448,    0.003319514196,     0.05328643784,                 0,                 0,                 0,    -0.03100495515,    0.002156286726,     0.05334617193,                 0,       16.05248078
          0,           0,         127,      -5.793518433,      -6.583442698,      -6.319988253,      -5.243639889,             0.448,    0.003316437594,     0.05328653806,                 0,                 0,                 0,    -0.03101047627,     0.00215320867,     0.05334620501,                 0,       16.06740261
          0,           0,         128,      -5.805320125,      -6.591648402,       -6.33528492,      -5.255916908,             0.448,    0.003313371587,     0.05328627852,                 0,                 0,                 0,    -0.03101617597,    0.002150149055,     0.05334587865,                 0,       16.08219215
          0,           0,         129,      -5.816972951,      -6.599545763,      -6.350166508,      -5.268045791,             0.448,    0.003310362302,      0.0532856638,                 0,                 0,                 0,    -0.03102202541,    0.002147153896,     0.05334519843,                 0,       16.09662597
          0,           0,         130,         -5.828519,      -6.607289768,      -6.364660518,      -5.280052539,             0.448,    0.003307452951,     0.05328462806,                 0,                 0,                 0,    -0.03102800655,    0.002144267831,     0.05334409947,                 0,       16.11047197
          0,           0,         131,      -5.839939293,      -6.615203718,      -6.378728507,       -5.29190774,             0.448,    0.003304670026,     0.05328319647,                 0,                 0,                 0,    -0.03103405204,    0.002141516799,      0.0533426075,                 0,        16.1236057
          0,           0,         132,      -5.851232995,      -6.623576776,       -6.39224956,      -5.303601563,             0.448,    0.003302030449,     0.05328144488,                 0,                 0,                 0,    -0.03104011541,     0.00213891606,     0.05334079875,                 0,       16.13596413
          0,           0,         133,       -5.86242648,      -6.632560899,      -6.405166071,       -5.31515269,             0.448,    0.003299547573,     0.05327937527,                 0,                 0,                 0,    -0.03104617845,    0.002136478924,     0.05333867547,                 0,       16.14747904
          0,           0,         134,      -5.873554738,      -6.642300007,      -6.417462549,      -5.326590862,             0.448,    0.003297223871,     0.05327703236,                 0,                 0,                 0,     -0.0310522005,    0.002134206885,     0.05333628242,                 0,       16.15814832
          0,           0,         135,      -5.884640884,      -6.652802489,      -6.429191711,      -5.337929828,             0.448,    0.003295046652,     0.05327458286,                 0,                 0,                 0,    -0.03105808954,     0.00213208362,     0.05333378602,                 0,       16.16808151
          0,           0,         136,      -5.895695345,      -6.664015541,      -6.440510548,      -5.349169846,             0.448,    0.003293003635,     0.05327209903,                 0,                 0,                 0,    -0.03106379389,    0.002130095273,     0.05333125821,                 0,        16.1773581
          0,           0,         137,      -5.906696481,      -6.675968094,      -6.451515477,      -5.360283493,             0.448,    0.003291070543,     0.05326976107,                 0,                 0,                 0,    -0.03106921559,    0.002128213644,     0.05332887863,                 0,       16.18614988
          0,           0,         138,      -5.917627221,      -6.688726109,      -6.461941548,      -5.371255115,             0.448,    0.003289221958,     0.05326769067,                 0,                 0,                 0,     -0.0310742633,    0.002126410664,      0.0533267684,                 0,       16.19461725
          0,           0,         139,      -5.928495684,      -6.702129856,      -6.471706325,      -5.382095308,             0.448,    0.003287437999,     0.05326594641,                 0,                 0,                 0,    -0.03107889817,     0.00212466518,     0.05332498564,                 0,       16.20287483
          0,           0,         140,      -5.939310995,      -6.715986019,      -6.480814732,      -5.392810724,             0.448,    0.003285704066,     0.05326459845,                 0,                 0,                 0,    -0.03108310322,    0.002122961066,     0.05332360017,                 0,       16.21101517
          0,           0,         141,       -5.95010922,      -6.730096045,      -6.489389281,       -5.40343977,             0.448,     0.00328400933,     0.05326369858,                 0,                 0,                 0,    -0.03108686675,    0.002121286364,     0.05332266355,                 0,       16.21910696
          0,           0,         142,      -5.960881652,      -6.744228062,      -6.497324468,      -5.413976984,             0.448,    0.003282345799,     0.05326336475,                 0,                 0,                 0,     -0.0310901723,    0.002119630511,     0.05332229351,                 0,       16.22722529
          0,           0,         143,      -5.971603069,      -6.757895998,      -6.505389938,      -5.424398088,             0.448,    0.003280706989,     0.05326357882,                 0,                 0,                 0,    -0.03109303406,    0.002117987421,     0.05332247178,                 0,       16.23539652
          0,           0,         144,      -5.982207292,      -6.771369803,      -6.513344693,      -5.434643932,             0.448,    0.003279060968,     0.05326453182,                 0,                 0,                 0,    -0.03109536222,    0.002116321002,     0.05332338864,                 0,       16.24383698
          0,           0,         145,      -5.992670861,      -6.784486866,       -6.52108336,      -5.444690966,             0.448,    0.003277403923,      0.0532663325,                 0,                 0,                 0,     -0.0310971138,     0.00211462507,     0.05332515275,                 0,       16.25259924
          0,           0,         146,      -6.003001317,      -6.796937841,      -6.529225583,      -5.454566146,             0.448,    0.003275736425,     0.05326905355,                 0,                 0,                 0,    -0.03109828788,    0.002112898609,     0.05332783677,                 0,       16.26170322
          0,           0,         147,      -6.013182349,       -6.80864873,      -6.537596154,      -5.464263982,             0.448,    0.003274054522,      0.0532727581,                 0,                 0,                 0,    -0.03109888212,    0.002111136292,     0.05333150375,                 0,       16.27118844
          0,           0,         148,      -6.023246113,      -6.819474302,      -6.546156324,      -5.473829242,             0.448,    0.003272360388,     0.05327746861,                 0,                 0,                 0,    -0.03109890305,    0.002109339802,     0.05333617618,                 0,       16.28105169
          0,           0,         149,      -6.033221648,      -6.829441671,      -6.554925748,      -5.483303955,             0.448,    0.003270658317,     0.05328323003,                 0,                 0,                 0,    -0.03109834685,    0.002107512451,      0.0533418991,                 0,         16.291286
          0,           0,         150,      -6.043105346,      -6.838564421,       -6.56380472,      -5.492690965,             0.448,    0.003268957551,     0.05329014581,                 0,                 0,                 0,     -0.0310972207,    0.002105661223,     0.05334877614,                 0,       16.30187758
          0,           0,         151,      -6.052899645,      -6.846960314,       -6.57294575,      -5.502004289,             0.448,    0.003267275831,     0.05329824045,                 0,                 0,                 0,    -0.03109557386,     0.00210380332,     0.05335683216,                 0,       16.31274591
          0,           0,         152,       -6.06260145,      -6.854879315,        -6.5823902,      -5.511265414,             0.448,    0.003265631762,     0.05330739935,                 0,                 0,                 0,    -0.03109348108,    0.002101959841,     0.05336595302,                 0,       16.32376313
          0,           0,         153,      -6.072221547,      -6.862460277,      -6.591917309,      -5.520489955,             0.448,    0.003264032659,     0.05331761271,                 0,                 0,                 0,    -0.03109096035,    0.002100138316,     0.05337612906,                 0,       16.33488947
          0,           0,         154,      -6.081823901,      -6.869700074,      -6.601521279,      -5.529745045,             0.448,    0.003262481719,     0.05332895244,                 0,                 0,                 0,    -0.03108800246,     0.00209834037,     0.05338743225,                 0,       16.34613066
          0,           0,         155,      -6.091408714,      -6.876724497,      -6.611377848,      -5.539031823,             0.448,    0.003260989669,     0.05334139798,                 0,                 0,                 0,    -0.03108464477,    0.002096577177,     0.05339984228,                 0,       16.35742624
          0,           0,         156,      -6.101038088,      -6.883697655,      -6.621646033,      -5.548424211,             0.448,    0.003259569823,      0.0533548837,                 0,                 0,                 0,    -0.03108094589,    0.002094863479,     0.05341329382,                 0,       16.36868869
          0,           0,         157,      -6.110720846,      -6.890856964,      -6.632146189,      -5.557937148,             0.448,     0.00325823347,     0.05336928721,                 0,                 0,                 0,    -0.03107697352,    0.002093213234,     0.05342766475,                 0,        16.3798229
          0,           0,         158,       -6.12046783,      -6.898326285,      -6.642700518,      -5.567581251,             0.448,    0.003256986621,     0.05338456498,                 0,                 0,                 0,     -0.0310727646,    0.002091633399,     0.05344291169,                 0,       16.39078424
          0,           0,         159,      -6.130322212,      -6.906183627,      -6.653586052,      -5.577404751,             0.448,    0.003255835299,     0.05340068766,                 0,                 0,                 0,    -0.03106835856,    0.002090130636,     0.05345900542,                 0,       16.40153225
          0,           0,         160,      -6.140324509,      -6.914453103,      -6.664443238,      -5.587444945,             0.448,    0.003254787301,     0.05341763035,                 0,                 0,                 0,    -0.03106381058,    0.002088713285,     0.05347592121,                 0,       16.41201879
          0,           0,         161,       -6.15049107,      -6.923066815,       -6.67533744,      -5.597709069,             0.448,    0.003253856235,     0.05343516639,                 0,                 0,                 0,    -0.03105923003,    0.002087399893,     0.05349343277,                 0,       16.42210428
          0,           0,         162,      -6.160769364,      -6.932017673,      -6.686226302,       -5.60813466,             0.448,    0.003253035993,     0.05345321258,                 0,                 0,                 0,     -0.0310546347,    0.002086186171,     0.05351145677,                 0,       16.43179255
          0,           0,         163,      -6.171233706,      -6.941527868,       -6.69716396,      -5.618803767,             0.448,    0.003252314173,     0.05347179722,                 0,                 0,                 0,    -0.03105000204,    0.002085059101,     0.05353002124,                 0,       16.44115371
          0,           0,         164,      -6.181879957,      -6.951663861,      -6.708104224,      -5.629709386,             0.448,    0.003251686986,     0.05349086103,                 0,                 0,                 0,     -0.0310453557,    0.002084016189,     0.05354906683,                 0,       16.45018763
          0,           0,         165,      -6.192737535,         -6.962352,      -6.719073803,      -5.640875557,             0.448,    0.003251149811,     0.05351031744,                 0,                 0,                 0,    -0.03104072325,    0.002083054702,      0.0535685069,                 0,        16.4588901
          0,           0,         166,      -6.203812602,      -6.973592869,      -6.730177798,       -5.65230037,             0.448,    0.003250697044,     0.05353005444,                 0,                 0,                 0,    -0.03103613203,    0.002082171483,     0.05358822932,                 0,       16.46725416
          0,           0,         167,      -6.215113929,      -6.985416859,       -6.74146066,      -5.663987811,             0.448,    0.003250322241,     0.05354999099,                 0,                 0,                 0,     -0.0310316043,    0.002081361855,     0.05360815295,                 0,       16.47528676
          0,           0,         168,      -6.226622813,      -6.997836414,      -6.752785556,      -5.675909991,             0.448,      0.0032500205,     0.05357004934,                 0,                 0,                 0,    -0.03102716356,    0.002080622615,     0.05362819994,                 0,       16.48298814
          0,           0,         169,      -6.238372363,      -7.010865953,      -6.763922151,      -5.688094491,             0.448,    0.003249786667,     0.05359016344,                 0,                 0,                 0,    -0.03102282598,    0.002079950051,     0.05364830415,                 0,        16.4903635
          0,           0,         170,      -6.250292467,      -7.024329542,      -6.775059213,      -5.700455151,             0.448,    0.003249613166,     0.05361029255,                 0,                 0,                 0,     -0.0310185935,    0.002079337477,     0.05366842469,                 0,       16.49743825
          0,           0,         171,      -6.262389361,      -7.038140831,      -6.786480798,      -5.712993097,             0.448,    0.003249491694,     0.05363043189,                 0,                 0,                 0,    -0.03101445952,    0.002078776697,     0.05368855659,                 0,       16.50425265
          0,           0,         172,      -6.274633747,      -7.052367367,      -6.798312036,      -5.725672719,             0.448,    0.003249420338,     0.05365047935,                 0,                 0,                 0,    -0.03101045317,    0.002078268025,     0.05370859772,                 0,       16.51078462
          0,           0,         173,      -6.286971663,      -7.067044957,      -6.810123351,      -5.738432123,             0.448,    0.003249397374,     0.05367032221,                 0,                 0,                 0,    -0.03100660132,    0.002077812197,     0.05372843536,                 0,       16.51700793
          0,           0,         174,      -6.299377782,      -7.082016786,      -6.822001004,      -5.751236108,             0.448,    0.003249417691,     0.05368990218,                 0,                 0,                 0,    -0.03100290836,    0.002077405374,     0.05374801111,                 0,       16.52293035
          0,           0,         175,      -6.311835689,      -7.097270003,      -6.834107752,      -5.764063857,             0.448,    0.003249474756,     0.05370918166,                 0,                 0,                 0,    -0.03099936987,    0.002077041846,     0.05376728725,                 0,       16.52857329
          0,           0,         176,      -6.324334334,      -7.112814774,      -6.846422229,      -5.776896854,             0.448,    0.003249562192,     0.05372816903,                 0,                 0,                 0,    -0.03099597287,    0.002076715054,     0.05378627201,                 0,       16.53397161
          0,           0,         177,      -6.336853555,      -7.128540739,      -6.858842347,      -5.789701788,             0.448,    0.003249678383,      0.0537467997,                 0,                 0,                 0,    -0.03099273194,    0.002076424791,     0.05380490078,                 0,       16.53911353
          0,           0,         178,      -6.349359312,      -7.144356838,      -6.871329098,      -5.802436234,             0.448,    0.003249820259,     0.05376503827,                 0,                 0,                 0,    -0.03098964948,    0.002076168761,      0.0538231381,                 0,       16.54400366
          0,           0,         179,      -6.361829752,       -7.16034088,      -6.883593229,      -5.815076023,             0.448,    0.003249985966,     0.05378283659,                 0,                 0,                 0,    -0.03098673058,     0.00207594616,      0.0538409358,                 0,       16.54863657
          0,           0,         180,      -6.374267031,      -7.176527743,      -6.895629407,      -5.827620996,             0.448,    0.003250171265,     0.05380018067,                 0,                 0,                 0,    -0.03098396792,    0.002075753056,     0.05385827979,                 0,       16.55302945
          0,           0,         181,      -6.386665446,      -7.192873407,      -6.907636426,      -5.840061527,             0.448,    0.003250371126,     0.05381708203,                 0,                 0,                 0,    -0.03098134577,    0.002075584168,      0.0538751815,                 0,       16.55721145
          0,           0,         182,      -6.399020075,      -7.209267459,      -6.919660542,      -5.852387908,             0.448,    0.003250583833,     0.05383352011,                 0,                 0,                 0,    -0.03097886372,     0.00207543823,      0.0538916203,                 0,       16.56118496
          0,           0,         183,       -6.41129261,       -7.22563001,      -6.932242222,      -5.864559271,             0.448,    0.003250807947,      0.0538495027,                 0,                 0,                 0,    -0.03097651728,    0.002075313632,     0.05390760398,                 0,       16.56495972
          0,           0,         184,      -6.423474569,       -7.24183114,      -6.944570275,      -5.876576124,             0.448,    0.003251045225,     0.05386497239,                 0,                 0,                 0,    -0.03097432407,    0.002075213385,     0.05392307516,                 0,        16.5685091
          0,           0,         185,      -6.435585519,      -7.257495281,      -6.956732455,      -5.888455125,             0.448,    0.003251294766,     0.05387989341,                 0,                 0,                 0,    -0.03097229091,    0.002075137365,     0.05393799808,                 0,        16.5718267
          0,           0,         186,      -6.447641685,      -7.272609361,      -6.968888568,      -5.900216761,             0.448,     0.00325155114,     0.05389429589,                 0,                 0,                 0,    -0.03097039945,     0.00207507949,     0.05395240272,                 0,       16.57494948
          0,           0,         187,      -6.459621911,      -7.287323847,      -6.981022313,       -5.91184688,             0.448,    0.003251812423,      0.0539081711,                 0,                 0,                 0,    -0.03096864922,    0.002075038025,     0.05396628033,                 0,        16.5778846
          0,           0,         188,      -6.471519846,      -7.301572213,      -6.993012832,      -5.923348124,             0.448,    0.003252079138,     0.05392148456,                 0,                 0,                 0,    -0.03096705206,    0.002075014245,     0.05397959644,                 0,       16.58061882
          0,           0,         189,      -6.483349416,      -7.315259062,      -7.004865311,      -5.934747482,             0.448,    0.003252352707,     0.05393420777,                 0,                 0,                 0,    -0.03096562136,    0.002075010193,     0.05399232259,                 0,       16.58313616
          0,           0,         190,      -6.495101955,      -7.328354167,      -7.016507479,      -5.946042124,             0.448,     0.00325263426,     0.05394629603,                 0,                 0,                 0,    -0.03096437206,    0.002075027975,     0.05400441411,                 0,       16.58541715
          0,           0,         191,      -6.506816659,      -7.340564942,      -7.028100593,      -5.957277731,             0.448,    0.003252919624,     0.05395776726,                 0,                 0,                 0,     -0.0309632901,    0.002075063028,     0.05401588884,                 0,       16.58748862
          0,           0,         192,      -6.518501704,      -7.351939508,       -7.03980888,      -5.968471523,             0.448,    0.003253205054,     0.05396864421,                 0,                 0,                 0,    -0.03096236172,    0.002075111111,     0.05402676943,                 0,       16.58937672
          0,           0,         193,       -6.53015338,      -7.362742894,      -7.051619161,      -5.979635636,             0.448,    0.003253492415,     0.05397887567,                 0,                 0,                 0,    -0.03096160473,    0.002075175205,     0.05403700472,                 0,       16.59105625
          0,           0,         194,      -6.541752722,      -7.373003523,      -7.063474301,      -5.990758943,             0.448,    0.003253780439,     0.05398844912,                 0,                 0,                 0,      -0.030961019,    0.002075254317,     0.05404658217,                 0,       16.59252987
          0,           0,         195,      -6.553320508,      -7.382622184,      -7.074998538,      -6.001875173,             0.448,    0.003254067076,     0.05399736752,                 0,                 0,                 0,    -0.03096059834,    0.002075346332,     0.05405550471,                 0,       16.59380899
          0,           0,         196,      -6.564884607,      -7.391478141,      -7.086309371,      -6.013016224,             0.448,    0.003254351735,     0.05400562032,                 0,                 0,                 0,    -0.03096034293,    0.002075450889,     0.05406376175,                 0,       16.59489346
          0,           0,         197,      -6.576453384,      -7.399610747,      -7.097902589,      -6.024197206,             0.448,    0.003254631859,     0.05401321641,                 0,                 0,                 0,    -0.03096024215,    0.002075565238,     0.05407136214,                 0,       16.59579908
          0,           0,         198,      -6.588010804,      -7.407334254,      -7.109639094,      -6.035412184,             0.448,    0.003254905592,     0.05402016215,                 0,                 0,                 0,    -0.03096028799,    0.002075687386,      0.0540783122,                 0,       16.59653732
          0,           0,         199,      -6.599543107,      -7.414830106,      -7.121375946,       -6.04665008,             0.448,    0.003255172272,     0.05402646692,                 0,                 0,                 0,     -0.0309604759,    0.002075816464,      0.0540846213,                 0,        16.5971145
          0,           0,         200,      -6.611081297,       -7.42215719,      -7.133085405,      -6.057950133,             0.448,    0.003255431551,     0.05403212037,                 0,                 0,                 0,    -0.03096080525,    0.002075952352,     0.05409027906,                 0,       16.59752925
          0,           0,         201,      -6.622640528,      -7.429358355,      -7.144722705,      -6.069335295,             0.448,    0.003255680808,     0.05403713943,                 0,                 0,                 0,    -0.03096126195,     0.00207609206,     0.05409530236,                 0,       16.59780016
          0,           0,         202,      -6.634223287,      -7.436425087,      -7.156303271,      -6.080810268,             0.448,     0.00325591742,     0.05404155984,                 0,                 0,                 0,    -0.03096182772,    0.002076232184,     0.05409972688,                 0,       16.59795163
          0,           0,         203,      -6.645836201,      -7.443481226,      -7.167810068,      -6.092383732,             0.448,    0.003256142002,     0.05404537594,                 0,                 0,                 0,    -0.03096250263,    0.002076373466,     0.05410354697,                 0,       16.59797881
          0,           0,         204,      -6.657468285,       -7.45051291,       -7.17916157,      -6.104036562,             0.448,     0.00325635451,     0.05404859241,                 0,                 0,                 0,    -0.03096328312,    0.002076515756,     0.05410676731,                 0,       16.59788338
          0,           0,         205,      -6.669117338,       -7.45763361,        -7.1907218,      -6.115772425,             0.448,    0.003256553806,     0.05405123216,                 0,                 0,                 0,    -0.03096415859,    0.002076657419,     0.05410941078,                 0,       16.59767822
          0,           0,         206,      -6.680771221,      -7.464952919,      -7.202381885,      -6.127582297,             0.448,    0.003256739273,     0.05405331946,                 0,                 0,                 0,    -0.03096511956,    0.002076797307,     0.05411150163,                 0,       16.59737392
          0,           0,         207,      -6.692438818,       -7.47251057,      -7.214070527,      -6.139472473,             0.448,    0.003256910566,     0.05405487063,                 0,                 0,                 0,    -0.03096615868,    0.002076934721,     0.05411305616,                 0,       16.59697727
          0,           0,         208,      -6.704129122,      -7.480326004,      -7.225696111,      -6.151441519,             0.448,    0.003257067292,     0.05405590419,                 0,                 0,                 0,    -0.03096726803,    0.002077068863,      0.0541140929,                 0,       16.59649597
          0,           0,         209,      -6.715851629,      -7.488425996,      -7.237316663,      -6.163493132,             0.448,    0.003257209494,     0.05405644226,                 0,                 0,                 0,    -0.03096844046,    0.002077199293,     0.05411463395,                 0,        16.5959366
          0,           0,         210,         -6.727618,      -7.496832517,      -7.248892293,      -6.175637234,             0.448,    0.003257337332,     0.05405650959,                 0,                 0,                 0,    -0.03096966863,    0.002077325632,     0.05411470404,                 0,       16.59530595
          0,           0,         211,      -6.739441155,      -7.505548863,      -7.260290804,      -6.187879429,             0.448,    0.003257450094,     0.05405613614,                 0,                 0,                 0,    -0.03097094117,    0.002077446513,     0.05411433315,                 0,       16.59461683
          0,           0,         212,      -6.751349941,      -7.514613488,      -7.271534322,        -6.2002415,             0.448,    0.003257547377,     0.05405535575,                 0,                 0,                 0,    -0.03097224685,    0.002077560798,     0.05411355506,                 0,       16.59388168
          0,           0,         213,      -6.763294979,      -7.524042374,      -7.282682396,      -6.212658395,             0.448,    0.003257630381,     0.05405417651,                 0,                 0,                 0,    -0.03097358443,    0.002077669507,     0.05411237792,                 0,       16.59309688
          0,           0,         214,      -6.775245343,      -7.533835553,      -7.293828956,      -6.225087491,             0.448,    0.003257699737,      0.0540526168,                 0,                 0,                 0,    -0.03097494858,    0.002077772871,     0.05411082009,                 0,       16.59226484
          0,           0,         215,      -6.787209919,      -7.543999016,      -7.304990078,      -6.237533243,             0.448,    0.003257754726,      0.0540507173,                 0,                 0,                 0,    -0.03097632663,    0.002077869285,     0.05410892224,                 0,        16.5914017
          0,           0,         216,      -6.799188855,      -7.554573883,      -7.316302814,      -6.249988488,             0.448,    0.003257796116,     0.05404849998,                 0,                 0,                 0,    -0.03097771429,    0.002077959036,     0.05410670635,                 0,       16.59051029
          0,           0,         217,      -6.811181484,      -7.565664679,      -7.327494847,      -6.262441193,             0.448,     0.00325782434,     0.05404598801,                 0,                 0,                 0,    -0.03097910565,    0.002078042051,     0.05410419559,                 0,        16.5895955
          0,           0,         218,      -6.823198695,      -7.577284239,      -7.338669225,      -6.274892936,             0.448,     0.00325783927,     0.05404321131,                 0,                 0,                 0,    -0.03098049174,    0.002078117551,     0.05410141988,                 0,       16.58866716
          0,           0,         219,       -6.83523053,      -7.589419151,      -7.349922978,      -6.287324835,             0.448,    0.003257841468,     0.05404019569,                 0,                 0,                 0,    -0.03098186682,    0.002078185533,     0.05409840503,                 0,       16.58773032
          0,           0,         220,      -6.847266079,      -7.602014937,      -7.361256369,       -6.29971815,             0.448,     0.00325783149,     0.05403697806,                 0,                 0,                 0,    -0.03098322334,     0.00207824575,     0.05409518794,                 0,       16.58679346
          0,           0,         221,      -6.859380298,      -7.614930663,      -7.372529271,      -6.312147277,             0.448,    0.003257810278,     0.05403358676,                 0,                 0,                 0,    -0.03098455675,    0.002078298524,     0.05409179699,                 0,       16.58586048
          0,           0,         222,      -6.871529086,       -7.62837406,      -7.383968943,      -6.324555062,             0.448,    0.003257778823,     0.05403003692,                 0,                 0,                 0,    -0.03098586515,    0.002078344516,     0.05408824731,                 0,       16.58493098
          0,           0,         223,       -6.88365953,      -7.642465254,      -7.395364931,      -6.336881259,             0.448,    0.003257737317,     0.05402635138,                 0,                 0,                 0,    -0.03098714282,    0.002078383419,     0.05408456173,                 0,       16.58401096
          0,           0,         224,      -6.895751615,      -7.657048053,      -7.406619913,      -6.349099653,             0.448,    0.003257686243,     0.05402255251,                 0,                 0,                 0,    -0.03098838544,    0.002078415229,     0.05408076266,                 0,       16.58310485
          0,           0,         225,       -6.90780053,      -7.671978278,       -7.41783808,      -6.361203807,             0.448,    0.003257626424,     0.05401866348,                 0,                 0,                 0,    -0.03098959008,    0.002078440263,     0.05407687325,                 0,       16.58221553
          0,           0,         226,      -6.919797032,      -7.687295154,      -7.429152043,       -6.37318374,             0.448,    0.003257558555,     0.05401470558,                 0,                 0,                 0,     -0.0309907538,    0.002078458752,     0.05407291481,                 0,       16.58134602
          0,           0,         227,      -6.931751512,      -7.703061455,      -7.440538149,      -6.385051457,             0.448,    0.003257482811,      0.0540107027,                 0,                 0,                 0,     -0.0309918715,    0.002078470348,     0.05406891123,                 0,       16.58050275
          0,           0,         228,      -6.943653561,      -7.719183712,      -7.452066236,      -6.396796594,             0.448,    0.003257399461,     0.05400667699,                 0,                 0,                 0,    -0.03099293877,    0.002078474839,     0.05406488466,                 0,       16.57969114
          0,           0,         229,      -6.955497936,      -7.735528352,      -7.463770869,      -6.408417139,             0.448,     0.00325730908,     0.05400265102,                 0,                 0,                 0,     -0.0309939524,    0.002078472305,     0.05406085767,                 0,        16.5789152
          0,           0,         230,      -6.967268063,      -7.752017043,      -7.475651855,      -6.419901982,             0.448,    0.003257212748,       0.053998643,                 0,                 0,                 0,    -0.03099491193,     0.00207846343,      0.0540568485,                 0,       16.57817502
          0,           0,         231,      -6.978946992,       -7.76864552,      -7.487467469,       -6.43124567,             0.448,     0.00325711111,     0.05399467397,                 0,                 0,                 0,    -0.03099581519,    0.002078448401,     0.05405287821,                 0,       16.57747376
          0,           0,         232,      -6.990546458,       -7.78518131,      -7.499278568,      -6.442462666,             0.448,     0.00325700478,     0.05399075766,                 0,                 0,                 0,    -0.03099666127,     0.00207842753,     0.05404896051,                 0,       16.57681253
          0,           0,         233,      -7.002086608,       -7.80153618,      -7.511168662,      -6.453579801,             0.448,    0.003256894193,     0.05398690858,                 0,                 0,                 0,    -0.03099744869,    0.002078400936,     0.05404510993,                 0,       16.57619357
          0,           0,         234,      -7.013566685,      -7.817706749,      -7.523149289,      -6.464603234,             0.448,    0.003256779942,     0.05398314085,                 0,                 0,                 0,    -0.03099817706,    0.002078368905,      0.0540413406,                 0,       16.57561819
          0,           0,         235,      -7.024986467,       -7.83362356,      -7.535161427,      -6.475542998,             0.448,    0.003256662931,     0.05397946592,                 0,                 0,                 0,    -0.03099884789,     0.00207833209,       0.054037664,                 0,       16.57508532
          0,           0,         236,      -7.036352068,      -7.849192134,      -7.547132763,      -6.486416136,             0.448,    0.003256544123,     0.05397589282,                 0,                 0,                 0,    -0.03099946359,    0.002078291257,     0.05403408916,                 0,       16.57459282
          0,           0,         237,      -7.047678407,      -7.864330919,      -7.559078788,       -6.49724959,             0.448,     0.00325642413,     0.05397243128,                 0,                 0,                 0,    -0.03100002549,    0.002078246806,     0.05403062582,                 0,       16.57414057
          0,           0,         238,      -7.058967862,      -7.878919804,      -7.570935352,      -6.508055275,             0.448,    0.003256303472,     0.05396909125,                 0,                 0,                 0,    -0.03100053469,    0.002078199039,     0.05402728395,                 0,       16.57372899
          0,           0,         239,      -7.070218105,      -7.892925053,      -7.582821329,      -6.518836967,             0.448,    0.003256182815,     0.05396588016,                 0,                 0,                 0,    -0.03100099336,    0.002078148461,       0.054024071,                 0,       16.57335697
          0,           0,         240,      -7.081469363,      -7.906375394,      -7.594670882,      -6.529646888,             0.448,    0.003256062572,     0.05396280682,                 0,                 0,                 0,    -0.03100140268,     0.00207809529,     0.05402099577,                 0,       16.57302513
          0,           0,         241,      -7.092740377,      -7.919274763,      -7.606451805,      -6.540509556,             0.448,    0.003255943349,     0.05395987479,                 0,                 0,                 0,    -0.03100176532,    0.002078040058,     0.05401806184,                 0,       16.57273147
          0,           0,         242,      -7.104029397,      -7.931606189,       -7.61830918,      -6.551428299,             0.448,    0.003255825647,     0.05395708994,                 0,                 0,                 0,    -0.03100208308,    0.002077983134,     0.05401527507,                 0,       16.57247525
          0,           0,         243,      -7.115286098,      -7.943399082,      -7.630228116,      -6.562356724,             0.448,    0.003255709799,     0.05395445763,                 0,                 0,                 0,    -0.03100235731,    0.002077924738,     0.05401264087,                 0,       16.57225642
          0,           0,         244,      -7.126611072,        -7.9546888,      -7.642078882,       -6.57340761,             0.448,    0.003255596281,     0.05395197585,                 0,                 0,                 0,    -0.03100259129,    0.002077865387,      0.0540101572,                 0,       16.57207196
          0,           0,         245,      -7.138021217,      -7.965458572,       -7.65383475,      -6.584597792,             0.448,    0.003255485509,     0.05394964257,                 0,                 0,                 0,    -0.03100278806,    0.002077805542,     0.05400782206,                 0,       16.57191912
          0,           0,         246,      -7.149524781,      -7.975688888,      -7.665498628,       -6.59593486,             0.448,     0.00325537765,      0.0539474593,                 0,                 0,                 0,    -0.03100294909,    0.002077745335,     0.05400563696,                 0,       16.57179753
          0,           0,         247,      -7.161128361,      -7.985403736,      -7.677093643,      -6.607429313,             0.448,    0.003255272781,     0.05394542811,                 0,                 0,                 0,    -0.03100307554,    0.002077684802,     0.05400360396,                 0,       16.57170742
          0,           0,         248,      -7.172839751,      -7.994667715,      -7.688640586,        -6.6190919,             0.448,    0.003255171019,      0.0539435493,                 0,                 0,                 0,    -0.03100316898,     0.00207762405,     0.05400172338,                 0,        16.5716483
          0,           0,         249,      -7.184664534,       -8.00356332,      -7.700159296,       -6.63092824,             0.448,    0.003255072455,      0.0539418221,                 0,                 0,                 0,    -0.03100323108,    0.002077563188,     0.05399999443,                 0,       16.57161948
          0,           0,         250,      -7.196605656,      -8.012157453,      -7.711661151,      -6.642940258,             0.448,    0.003254977141,     0.05394024534,                 0,                 0,                 0,    -0.03100326345,    0.002077502294,     0.05399841598,                 0,       16.57162032
          0,           0,         251,      -7.208664804,      -8.020504708,      -7.723144018,      -6.655128167,             0.448,    0.003254885141,      0.0539388173,                 0,                 0,                 0,    -0.03100326777,    0.002077441469,     0.05399698626,                 0,       16.57164998
          0,           0,         252,      -7.220842198,      -8.028656809,      -7.734602146,       -6.66749011,             0.448,    0.003254796529,     0.05393753561,                 0,                 0,                 0,    -0.03100324586,    0.002077380837,     0.05399570295,                 0,       16.57170737
          0,           0,         253,      -7.233135766,       -8.03665571,      -7.746038043,      -6.680021291,             0.448,    0.003254711374,     0.05393639745,                 0,                 0,                 0,    -0.03100319958,    0.002077320531,     0.05399456321,                 0,       16.57179125
          0,           0,         254,      -7.245541108,      -8.044534399,      -7.757463985,      -6.692713704,             0.448,    0.003254629735,     0.05393539956,                 0,                 0,                 0,     -0.0310031308,    0.002077260681,     0.05399356376,                 0,       16.57190032
          0,           0,         255,      -7.258051692,       -8.05233045,      -7.768895851,      -6.705556189,             0.448,    0.003254551653,     0.05393453823,                 0,                 0,                 0,    -0.03100304138,    0.002077201407,     0.05399270094,                 0,       16.57203325
          0,           0,         256,      -7.270658767,      -8.060093236,      -7.780347354,      -6.718534478,             0.448,    0.003254477145,      0.0539338094,                 0,                 0,                 0,    -0.03100293317,    0.002077142816,     0.05399197066,                 0,       16.57218871
          0,           0,         257,      -7.283351295,      -8.067877981,      -7.791828277,      -6.731631214,             0.448,      0.0032544062,     0.05393320867,                 0,                 0,                 0,      -0.031002808,    0.002077084993,     0.05399136852,                 0,       16.57236539
          0,           0,         258,      -7.296116066,      -8.075736872,      -7.803345414,      -6.744826071,             0.448,    0.003254338788,     0.05393273127,                 0,                 0,                 0,    -0.03100266771,    0.002077028011,     0.05399088976,                 0,       16.57256198
          0,           0,         259,       -7.30893792,      -8.083715545,      -7.814903691,      -6.758096074,             0.448,    0.003254274835,      0.0539323726,                 0,                 0,                 0,    -0.03100251394,    0.002076971898,     0.05399052979,                 0,       16.57277745
          0,           0,         260,       -7.32179964,      -8.091850897,      -7.826502993,      -6.771415502,             0.448,     0.00325421427,     0.05393212753,                 0,                 0,                 0,    -0.03100234838,    0.002076916694,     0.05399028345,                 0,       16.57301058
          0,           0,         261,       -7.33468262,      -8.100175234,      -7.838144165,      -6.784757057,             0.448,    0.003254157082,     0.05393198984,                 0,                 0,                 0,    -0.03100217306,    0.002076862523,     0.05399014455,                 0,       16.57325952
          0,           0,         262,      -7.347570368,      -8.108718192,      -7.849832959,      -6.798095417,             0.448,    0.003254103173,     0.05393195406,                 0,                 0,                 0,    -0.03100198949,    0.002076809407,     0.05399010761,                 0,       16.57352309
          0,           0,         263,       -7.36044537,      -8.117505833,      -7.861575501,      -6.811403937,             0.448,    0.003254052496,     0.05393201388,                 0,                 0,                 0,    -0.03100179942,    0.002076757437,      0.0539901663,                 0,       16.57379958
          0,           0,         264,      -7.373288309,      -8.126557626,      -7.873375356,      -6.824654193,             0.448,    0.003254005004,     0.05393216286,                 0,                 0,                 0,     -0.0310016045,    0.002076706707,     0.05399031421,                 0,       16.57408725
          0,           0,         265,      -7.386081215,      -8.135877435,      -7.885219882,      -6.837819204,             0.448,    0.003253960624,     0.05393239472,                 0,                 0,                 0,    -0.03100140614,    0.002076657279,     0.05399054505,                 0,       16.57438456
          0,           0,         266,       -7.39880704,      -8.145473263,       -7.89710678,      -6.850873401,             0.448,    0.003253919274,     0.05393270332,                 0,                 0,                 0,    -0.03100120561,    0.002076609207,     0.05399085267,                 0,       16.57469002
          0,           0,         267,       -7.41144957,      -8.155355698,      -7.909035489,      -6.863792933,             0.448,    0.003253880866,     0.05393308276,                 0,                 0,                 0,    -0.03100100403,     0.00207656253,     0.05399123119,                 0,       16.57500228
          0,           0,         268,      -7.423994231,       -8.16552647,      -7.921003856,      -6.876556347,             0.448,    0.003253845301,     0.05393352733,                 0,                 0,                 0,    -0.03100080238,    0.002076517276,     0.05399167488,                 0,       16.57532007
          0,           0,         269,      -7.436428207,      -8.175980483,      -7.933008887,      -6.889144964,             0.448,    0.003253812488,     0.05393403145,                 0,                 0,                 0,    -0.03100060164,    0.002076473473,     0.05399217815,                 0,       16.57564216
          0,           0,         270,      -7.448740616,      -8.186711373,      -7.945046281,      -6.901543642,             0.448,     0.00325378234,     0.05393458961,                 0,                 0,                 0,    -0.03100040272,    0.002076431157,     0.05399273553,                 0,       16.57596728
          0,           0,         271,      -7.460923314,      -8.197713125,       -7.95710904,      -6.913741906,             0.448,    0.003253754777,     0.05393519646,                 0,                 0,                 0,    -0.03100020651,    0.002076390362,     0.05399334163,                 0,        16.5762942
          0,           0,         272,      -7.472971646,      -8.208978557,      -7.969188575,       -6.92573469,             0.448,    0.003253729722,     0.05393584672,                 0,                 0,                 0,    -0.03100001385,    0.002076351127,     0.05399399119,                 0,        16.5766217
          0,           0,         273,      -7.484884656,      -8.220498489,      -7.981277579,      -6.937522415,             0.448,    0.003253707099,     0.05393653525,                 0,                 0,                 0,    -0.03099982555,    0.002076313489,     0.05399467907,                 0,       16.57694857
          0,           0,         274,      -7.496664873,      -8.232262868,      -7.993371689,      -6.949110659,             0.448,    0.003253686836,     0.05393725702,                 0,                 0,                 0,    -0.03099964235,    0.002076277486,     0.05399540022,                 0,       16.57727364
          0,           0,         275,      -7.508318004,      -8.244261879,      -8.005469174,      -6.960509731,             0.448,    0.003253668857,     0.05393800711,                 0,                 0,                 0,    -0.03099946494,    0.002076243148,     0.05399614974,                 0,       16.57759578
          0,           0,         276,      -7.519852699,      -8.256486203,       -8.01756994,      -6.971734275,             0.448,    0.003253653081,     0.05393878078,                 0,                 0,                 0,    -0.03099929394,    0.002076210498,     0.05399692288,                 0,       16.57791395
          0,           0,         277,      -7.531280318,      -8.268927023,      -8.029674821,      -6.982802811,             0.448,    0.003253639423,     0.05393957341,                 0,                 0,                 0,     -0.0309991299,    0.002076179552,     0.05399771502,                 0,       16.57822715
          0,           0,         278,      -7.542614635,      -8.281575987,      -8.041785148,       -6.99373719,             0.448,    0.003253627793,     0.05394038057,                 0,                 0,                 0,    -0.03099897328,    0.002076150317,     0.05399852173,                 0,       16.57853448
          0,           0,         279,      -7.553871497,      -8.294425058,      -8.053902467,      -7.004561979,             0.448,    0.003253618097,     0.05394119799,                 0,                 0,                 0,    -0.03099882449,    0.002076122791,     0.05399933875,                 0,       16.57883513
          0,           0,         280,      -7.565068457,      -8.307466423,      -8.066028347,      -7.015303847,             0.448,    0.003253610232,      0.0539420216,                 0,                 0,                 0,    -0.03099868384,    0.002076096961,     0.05400016199,                 0,       16.57912834
          0,           0,         281,      -7.576224407,      -8.320692535,      -8.078164331,      -7.025990969,             0.448,    0.003253604093,     0.05394284753,                 0,                 0,                 0,    -0.03099855158,    0.002076072806,      0.0540009876,                 0,       16.57941347
          0,           0,         282,      -7.587359212,      -8.334096198,      -8.090311979,      -7.036652433,             0.448,    0.003253599573,     0.05394367214,                 0,                 0,                 0,    -0.03099842788,    0.002076050299,     0.05400181191,                 0,       16.57968995
          0,           0,         283,      -7.598493322,      -8.347670499,        -8.1024729,      -7.047317669,             0.448,    0.003253596562,     0.05394449199,                 0,                 0,                 0,    -0.03099831284,    0.002076029403,      0.0540026315,                 0,       16.57995727
          0,           0,         284,      -7.609647402,      -8.361408528,      -8.114648699,      -7.058015895,             0.448,    0.003253594946,     0.05394530392,                 0,                 0,                 0,    -0.03099820647,    0.002076010075,      0.0540034432,                 0,       16.58021506
          0,           0,         285,      -7.620842016,      -8.375302777,      -8.126841026,      -7.068775678,             0.448,    0.003253594594,     0.05394610521,                 0,                 0,                 0,    -0.03099810864,    0.002075992243,     0.05400424429,                 0,       16.58046313
          0,           0,         286,      -7.632096993,      -8.389345509,      -8.139052036,      -7.079624149,             0.448,    0.003253595415,     0.05394689295,                 0,                 0,                 0,    -0.03099801932,     0.00207597588,     0.05400503187,                 0,       16.58070106
          0,           0,         287,      -7.643432017,      -8.403527068,      -8.151282018,      -7.090587547,             0.448,    0.003253597314,     0.05394766453,                 0,                 0,                 0,    -0.03099793843,    0.002075960947,      0.0540058033,                 0,       16.58092853
          0,           0,         288,      -7.654864751,      -8.417835945,      -8.163530718,      -7.101689294,             0.448,     0.00325360019,     0.05394841766,                 0,                 0,                 0,    -0.03099786578,    0.002075947392,     0.05400655631,                 0,       16.58114535
          0,           0,         289,      -7.666411541,      -8.432260645,       -8.17579707,      -7.112950748,             0.448,    0.003253603951,     0.05394915025,                 0,                 0,                 0,    -0.03099780114,    0.002075935171,     0.05400728881,                 0,       16.58135135
          0,           0,         290,      -7.678087831,      -8.446788311,      -8.188079966,      -7.124391418,             0.448,    0.003253608506,     0.05394986047,                 0,                 0,                 0,    -0.03099774427,    0.002075924231,     0.05400799896,                 0,       16.58154642
          0,           0,         291,      -7.689907094,      -8.461405485,      -8.200379919,       -7.13602791,             0.448,    0.003253613768,     0.05395054674,                 0,                 0,                 0,    -0.03099769484,    0.002075914521,     0.05400868518,                 0,       16.58173053
          0,           0,         292,      -7.701880495,      -8.476097833,      -8.212697483,      -7.147873774,             0.448,    0.003253619654,     0.05395120768,                 0,                 0,                 0,    -0.03099765252,    0.002075905988,     0.05400934609,                 0,       16.58190367
          0,           0,         293,      -7.714017051,      -8.490848926,      -8.225031111,      -7.159939635,             0.448,    0.003253626092,     0.05395184211,                 0,                 0,                 0,    -0.03099761696,    0.002075898584,     0.05400998051,                 0,       16.58206585
          0,           0,         294,      -7.726323686,       -8.50563993,      -8.237377888,      -7.172233132,             0.448,    0.003253633009,     0.05395244907,                 0,                 0,                 0,    -0.03099758778,    0.002075892258,     0.05401058748,                 0,       16.58221715
          0,           0,         295,      -7.738805215,      -8.520451228,      -8.249736445,      -7.184758971,             0.448,    0.003253640341,      0.0539530278,                 0,                 0,                 0,     -0.0309975646,    0.002075886963,     0.05401116623,                 0,       16.58235765
          0,           0,         296,      -7.751464023,      -8.535264273,      -8.262106185,      -7.197518668,             0.448,    0.003253648028,     0.05395357771,                 0,                 0,                 0,    -0.03099754702,    0.002075882653,     0.05401171618,                 0,       16.58248749
          0,           0,         297,      -7.764299722,      -8.550060846,      -8.274486347,      -7.210510168,             0.448,     0.00325365602,     0.05395409838,                 0,                 0,                 0,    -0.03099753464,    0.002075879285,      0.0540122369,                 0,       16.58260678
          0,           0,         298,      -7.777309514,      -8.564821302,      -8.286876367,      -7.223728216,             0.448,    0.003253664269,     0.05395458955,                 0,                 0,                 0,    -0.03099752708,    0.002075876817,     0.05401272813,                 0,        16.5827157
          0,           0,         299,      -7.790488264,      -8.579525403,      -8.299276529,      -7.237164436,             0.448,     0.00325367273,     0.05395505113,                 0,                 0,                 0,    -0.03099752394,    0.002075875207,     0.05401318979,                 0,       16.58281444
          0,           0,         300,      -7.803828204,      -8.594154034,      -8.311688518,      -7.250807041,             0.448,    0.003253681365,     0.05395548318,                 0,                 0,                 0,    -0.03099752481,    0.002075874414,     0.05401362192,                 0,       16.58290322
          0,           0,         301,      -7.817318928,      -8.608689142,      -8.324114629,      -7.264640819,             0.448,    0.003253690138,     0.05395588589,                 0,                 0,                 0,    -0.03099752932,      0.0020758744,     0.05401402472,                 0,       16.58298228
          0,           0,         302,      -7.830947544,      -8.623112842,      -8.336556784,      -7.278647278,             0.448,    0.003253699017,     0.05395625954,                 0,                 0,                 0,    -0.03099753709,    0.002075875125,     0.05401439849,                 0,       16.58305187
          0,           0,         303,      -7.844698788,      -8.637407098,      -8.349016466,      -7.292804809,             0.448,    0.003253707971,     0.05395660456,                 0,                 0,                 0,    -0.03099754774,    0.002075876551,     0.05401474362,                 0,       16.58311227
          0,           0,         304,      -7.858555427,      -8.651553013,      -8.361493166,       -7.30708912,             0.448,    0.003253716973,     0.05395692147,                 0,                 0,                 0,    -0.03099756091,    0.002075878638,     0.05401506064,                 0,       16.58316378
          0,           0,         305,      -7.872498131,      -8.665532764,      -8.373989242,      -7.321473183,             0.448,    0.003253725998,     0.05395721084,                 0,                 0,                 0,    -0.03099757625,    0.002075881348,     0.05401535014,                 0,       16.58320672
          0,           0,         306,      -7.886505391,      -8.679336702,      -8.386514852,      -7.335927631,             0.448,    0.003253735024,      0.0539574733,                 0,                 0,                 0,    -0.03099759342,    0.002075884646,     0.05401561274,                 0,       16.58324138
          0,           0,         307,      -7.900554585,      -8.692954349,      -8.399069029,      -7.350421753,             0.448,    0.003253744033,      0.0539577096,                 0,                 0,                 0,     -0.0309976121,    0.002075888499,     0.05401584918,                 0,       16.58326809
          0,           0,         308,      -7.914623218,      -8.706367106,       -8.41164898,      -7.364924542,             0.448,    0.003253753008,     0.05395792059,                 0,                 0,                 0,    -0.03099763197,    0.002075892868,     0.05401606032,                 0,        16.5832872
          0,           0,         309,      -7.928688102,      -8.719561375,      -8.424255694,      -7.379404294,             0.448,    0.003253761933,     0.05395810723,                 0,                 0,                 0,    -0.03099765276,     0.00207589772,     0.05401624711,                 0,       16.58329907
          0,           0,         310,      -7.942724996,      -8.732529919,       -8.43689109,      -7.393828396,             0.448,    0.003253770799,     0.05395827056,                 0,                 0,                 0,     -0.0309976742,    0.002075903021,     0.05401641059,                 0,       16.58330408
          0,           0,         311,       -7.95670914,      -8.745262631,       -8.44955426,      -7.408163673,             0.448,    0.003253779597,     0.05395841168,                 0,                 0,                 0,    -0.03099769607,    0.002075908738,     0.05401655186,                 0,       16.58330261
          0,           0,         312,      -7.970615649,      -8.757744652,      -8.462241774,      -7.422376776,             0.448,     0.00325378832,     0.05395853169,                 0,                 0,                 0,    -0.03099771819,    0.002075914841,     0.05401667203,                 0,       16.58329503
          0,           0,         313,      -7.984419778,      -8.769961877,      -8.474949349,      -7.436434913,             0.448,    0.003253796963,      0.0539586317,                 0,                 0,                 0,    -0.03099774039,      0.0020759213,     0.05401677222,                 0,       16.58328172
          0,           0,         314,      -7.998097499,      -8.781905518,      -8.487672086,      -7.450307109,             0.448,    0.003253805518,     0.05395871284,                 0,                 0,                 0,     -0.0309977625,    0.002075928083,     0.05401685352,                 0,       16.58326306
          0,           0,         315,      -8.011626442,      -8.793572871,      -8.500403891,      -7.463965648,             0.448,    0.003253813979,     0.05395877619,                 0,                 0,                 0,    -0.03099778437,     0.00207593516,     0.05401691704,                 0,        16.5832394
          0,           0,         316,      -8.024986827,      -8.804966201,      -8.513137423,       -7.47738724,             0.448,    0.003253822337,     0.05395882282,                 0,                 0,                 0,    -0.03099780588,    0.002075942499,     0.05401696384,                 0,       16.58321114
          0,           0,         317,      -8.038162154,      -8.816091577,      -8.525864698,      -7.490553759,             0.448,    0.003253830582,     0.05395885379,                 0,                 0,                 0,    -0.03099782688,    0.002075950066,     0.05401699498,                 0,       16.58317864
          0,           0,         318,        -8.0511396,      -8.826958149,      -8.538577894,      -7.503452642,             0.448,    0.003253838704,     0.05395887012,                 0,                 0,                 0,    -0.03099784724,     0.00207595783,     0.05401701148,                 0,       16.58314226
          0,           0,         319,      -8.063910263,      -8.837577763,      -8.551270068,      -7.516077107,             0.448,    0.003253846691,      0.0539588728,                 0,                 0,                 0,    -0.03099786686,    0.002075965757,     0.05401701434,                 0,       16.58310238
          0,           0,         320,      -8.076469307,      -8.847964829,       -8.56393562,      -7.528426204,             0.448,    0.003253854534,     0.05395886282,                 0,                 0,                 0,    -0.03099788564,    0.002075973815,     0.05401700453,                 0,       16.58305934
          0,           0,         321,      -8.088816009,       -8.85813619,      -8.576570403,        -7.5405047,             0.448,    0.003253862222,     0.05395884112,                 0,                 0,                 0,    -0.03099790348,    0.002075981975,     0.05401698301,                 0,       16.58301349
          0,           0,         322,      -8.100953695,      -8.868110959,      -8.589171472,      -7.552322804,             0.448,    0.003253869747,     0.05395880865,                 0,                 0,                 0,    -0.03099792032,    0.002075990207,      0.0540169507,                 0,       16.58296516
          0,           0,         323,      -8.112889595,      -8.877910341,      -8.601736658,      -7.563895749,             0.448,      0.0032538771,     0.05395876629,                 0,                 0,                 0,    -0.03099793608,    0.002075998482,     0.05401690852,                 0,       16.58291467
          0,           0,         324,      -8.124634616,      -8.887557607,      -8.614264214,      -7.575243297,             0.448,    0.003253884274,     0.05395871495,                 0,                 0,                 0,    -0.03099795072,    0.002076006774,     0.05401685734,                 0,       16.58286233
          0,           0,         325,      -8.136203058,      -8.897078192,      -8.626752686,      -7.586389167,             0.448,    0.003253891263,     0.05395865547,                 0,                 0,                 0,    -0.03099796421,    0.002076015059,     0.05401679803,                 0,       16.58280843
          0,           0,         326,      -8.147612272,      -8.906499754,      -8.639200993,      -7.597360405,             0.448,    0.003253898061,     0.05395858869,                 0,                 0,                 0,    -0.03099797651,    0.002076023313,     0.05401673142,                 0,       16.58275326
          0,           0,         327,      -8.158882251,      -8.915852026,      -8.651608617,      -7.608186703,             0.448,    0.003253904666,     0.05395851541,                 0,                 0,                 0,    -0.03099798763,    0.002076031515,      0.0540166583,                 0,       16.58269708
          0,           0,         328,      -8.170035171,      -8.925166304,       -8.66397574,      -7.618899677,             0.448,    0.003253911074,      0.0539584364,                 0,                 0,                 0,    -0.03099799756,    0.002076039645,     0.05401657945,                 0,       16.58264014
          0,           0,         329,      -8.181094893,      -8.934474648,      -8.676303261,       -7.62953214,             0.448,    0.003253917284,     0.05395835239,                 0,                 0,                 0,    -0.03099800632,    0.002076047686,      0.0540164956,                 0,       16.58258268
          0,           0,         330,      -8.192086442,      -8.943808932,      -8.688592701,      -7.640117387,             0.448,    0.003253923293,      0.0539582641,                 0,                 0,                 0,    -0.03099801393,     0.00207605562,     0.05401640745,                 0,       16.58252492
          0,           0,         331,      -8.203035492,      -8.953199996,      -8.700846059,      -7.650688537,             0.448,    0.003253929101,     0.05395817218,                 0,                 0,                 0,    -0.03099802043,    0.002076063431,     0.05401631569,                 0,       16.58246707
          0,           0,         332,      -8.213967863,      -8.962676995,      -8.713065692,      -7.661277921,             0.448,    0.003253934707,     0.05395807728,                 0,                 0,                 0,    -0.03099802587,    0.002076071106,     0.05401622093,                 0,       16.58240934
          0,           0,         333,      -8.224909049,      -8.972267001,      -8.725254239,       -7.67191655,             0.448,     0.00325394011,     0.05395797998,                 0,                 0,                 0,    -0.03099803029,     0.00207607863,     0.05401612377,                 0,       16.58235191
          0,           0,         334,      -8.235883784,      -8.981994842,      -8.737414613,      -7.682633654,             0.448,    0.003253945308,     0.05395788085,                 0,                 0,                 0,    -0.03099803376,     0.00207608599,     0.05401602478,                 0,       16.58229495
          0,           0,         335,      -8.246915653,      -8.991883066,       -8.74955003,      -7.693456286,             0.448,    0.003253950302,     0.05395778042,                 0,                 0,                 0,    -0.03099803633,    0.002076093173,     0.05401592448,                 0,       16.58223864
          0,           0,         336,      -8.258026747,      -9.001952011,      -8.761664074,      -7.704409007,             0.448,     0.00325395509,     0.05395767915,                 0,                 0,                 0,    -0.03099803808,    0.002076100169,     0.05401582334,                 0,       16.58218312
          0,           0,         337,      -8.269237375,      -9.012219885,      -8.773760766,      -7.715513624,             0.448,    0.003253959671,     0.05395757752,                 0,                 0,                 0,    -0.03099803909,    0.002076106966,     0.05401572183,                 0,       16.58212854
          0,           0,         338,      -8.280565817,      -9.022702877,      -8.785844637,      -7.726788996,             0.448,    0.003253964044,     0.05395747591,                 0,                 0,                 0,    -0.03099803942,    0.002076113555,     0.05401562035,                 0,       16.58207502
          0,           0,         339,      -8.292028127,      -9.033415256,      -8.797920783,      -7.738250886,             0.448,    0.003253968209,     0.05395737472,                 0,                 0,                 0,    -0.03099803915,    0.002076119927,     0.05401551927,                 0,        16.5820227
          0,           0,         340,      -8.303637983,       -9.04436948,      -8.809994891,      -7.749911862,             0.448,    0.003253972164,     0.05395727428,                 0,                 0,                 0,    -0.03099803837,    0.002076126072,     0.05401541894,                 0,       16.58197168
          0,           0,         341,      -8.315406572,      -9.055576298,      -8.822073248,      -7.761781229,             0.448,    0.003253975909,      0.0539571749,                 0,                 0,                 0,    -0.03099803715,    0.002076131983,     0.05401531967,                 0,       16.58192206
          0,           0,         342,      -8.327342517,       -9.06704484,        -8.8341627,      -7.773865008,             0.448,    0.003253979441,     0.05395707686,                 0,                 0,                 0,    -0.03099803558,    0.002076137654,     0.05401522172,                 0,       16.58187393
          0,           0,         343,      -8.339451823,      -9.078782676,      -8.846270585,      -7.786165925,             0.448,    0.003253982761,     0.05395698039,                 0,                 0,                 0,    -0.03099803372,    0.002076143077,     0.05401512535,                 0,       16.58182737
          0,           0,         344,      -8.351737873,      -9.090795875,      -8.858404624,      -7.798683444,             0.448,    0.003253985867,     0.05395688572,                 0,                 0,                 0,    -0.03099803165,    0.002076148247,     0.05401503077,                 0,       16.58178245
          0,           0,         345,      -8.364201425,      -9.103089029,      -8.870572776,      -7.811413815,             0.448,    0.003253988758,     0.05395679303,                 0,                 0,                 0,    -0.03099802945,     0.00207615316,     0.05401493816,                 0,       16.58173923
          0,           0,         346,      -8.376840656,      -9.115665254,      -8.882783071,      -7.824350148,             0.448,    0.003253991434,     0.05395670248,                 0,                 0,                 0,    -0.03099802719,    0.002076157811,     0.05401484769,                 0,       16.58169776
          0,           0,         347,       -8.38965122,      -9.128526234,      -8.895043419,      -7.837482526,             0.448,    0.003253993894,      0.0539566142,                 0,                 0,                 0,    -0.03099802492,    0.002076162196,     0.05401475949,                 0,        16.5816581
          0,           0,         348,      -8.402626351,      -9.141672214,      -8.907361439,      -7.850798162,             0.448,    0.003253996139,     0.05395652832,                 0,                 0,                 0,    -0.03099802271,    0.002076166314,     0.05401467368,                 0,       16.58162027
          0,           0,         349,      -8.415757001,      -9.155102057,      -8.919744292,      -7.864281619,             0.448,    0.003253998169,     0.05395644494,                 0,                 0,                 0,    -0.03099802062,    0.002076170162,     0.05401459036,                 0,        16.5815843
          0,           0,         350,      -8.429032032,      -9.168813263,      -8.932198556,      -7.877915097,             0.448,    0.003253999984,     0.05395636414,                 0,                 0,                 0,     -0.0309980187,     0.00207617374,     0.05401450962,                 0,       16.58155021
          0,           0,         351,      -8.442438465,      -9.182801886,      -8.944730103,      -7.891678813,             0.448,    0.003254001588,     0.05395628598,                 0,                 0,                 0,    -0.03099801701,    0.002076177048,     0.05401443152,                 0,       16.58151802
          0,           0,         352,      -8.455961755,      -9.197062255,      -8.957343922,      -7.905551411,             0.448,    0.003254002982,     0.05395621052,                 0,                 0,                 0,    -0.03099801558,    0.002076180087,     0.05401435611,                 0,       16.58148773
          0,           0,         353,      -8.469586052,       -9.21158631,      -8.970043831,      -7.919510345,             0.448,    0.003254004168,      0.0539561378,                 0,                 0,                 0,    -0.03099801446,     0.00207618286,     0.05401428343,                 0,       16.58145934
          0,           0,         354,      -8.483294374,      -9.226362784,      -8.982832054,       -7.93353212,             0.448,    0.003254005151,     0.05395606783,                 0,                 0,                 0,    -0.03099801368,     0.00207618537,      0.0540142135,                 0,       16.58143283
          0,           0,         355,      -8.497068685,      -9.241376246,      -8.995708795,      -7.947592366,             0.448,    0.003254005934,     0.05395600061,                 0,                 0,                 0,    -0.03099801327,    0.002076187618,     0.05401414631,                 0,       16.58140818
          0,           0,         356,      -8.510889908,      -9.256606575,      -9.008671995,      -7.961665868,             0.448,    0.003254006519,     0.05395593612,                 0,                 0,                 0,    -0.03099801325,    0.002076189611,     0.05401408185,                 0,       16.58138538
          0,           0,         357,         -8.524738,      -9.272029078,      -9.021717389,      -7.975726733,             0.448,    0.003254006911,     0.05395587432,                 0,                 0,                 0,    -0.03099801363,     0.00207619135,     0.05401402007,                 0,       16.58136439
          0,           0,         358,      -8.538592187,      -9.287615023,      -9.034838762,      -7.989748847,             0.448,    0.003254007113,     0.05395581515,                 0,                 0,                 0,    -0.03099801444,    0.002076192843,     0.05401396092,                 0,       16.58134518
          0,           0,         359,      -8.552431346,      -9.303332663,      -9.048028223,      -8.003706573,             0.448,    0.003254007128,     0.05395575855,                 0,                 0,                 0,    -0.03099801569,    0.002076194093,     0.05401390434,                 0,       16.58132771
          0,           0,         360,      -8.566234509,      -9.319148163,      -9.061276384,      -8.017575545,             0.448,    0.003254006962,     0.05395570445,                 0,                 0,                 0,    -0.03099801738,    0.002076195107,     0.05401385024,                 0,       16.58131193
          0,           0,         361,      -8.579981382,      -9.335026439,      -9.074572507,      -8.031333375,             0.448,    0.003254006619,     0.05395565276,                 0,                 0,                 0,    -0.03099801951,    0.002076195891,     0.05401379856,                 0,       16.58129779
          0,           0,         362,      -8.593652812,      -9.350931545,      -9.087904723,      -8.044960218,             0.448,    0.003254006105,      0.0539556034,                 0,                 0,                 0,     -0.0309980221,    0.002076196454,      0.0540137492,                 0,       16.58128524
          0,           0,         363,      -8.607231191,      -9.366826703,      -9.101260402,      -8.058439199,             0.448,    0.003254005426,     0.05395555629,                 0,                 0,                 0,    -0.03099802515,    0.002076196803,     0.05401370209,                 0,       16.58127423
          0,           0,         364,      -8.620700774,      -9.382674108,      -9.114626628,       -8.07175672,             0.448,    0.003254004588,     0.05395551135,                 0,                 0,                 0,    -0.03099802864,    0.002076196946,     0.05401365714,                 0,       16.58126468
          0,           0,         365,      -8.634047955,      -9.398434683,      -9.127990637,      -8.084902674,             0.448,    0.003254003599,     0.05395546849,                 0,                 0,                 0,    -0.03099803259,    0.002076196892,     0.05401361427,                 0,       16.58125655
          0,           0,         366,      -8.647261482,      -9.414068076,      -9.141340094,      -8.097870574,             0.448,    0.003254002465,     0.05395542764,                 0,                 0,                 0,    -0.03099803697,     0.00207619665,      0.0540135734,                 0,       16.58124977
          0,           0,         367,      -8.660332624,      -9.429532797,      -9.154663146,      -8.110657588,             0.448,    0.003254001195,     0.05395538872,                 0,                 0,                 0,    -0.03099804178,    0.002076196228,     0.05401353446,                 0,       16.58124429
          0,           0,         368,      -8.673255296,      -9.444786501,      -9.167948347,      -8.123264482,             0.448,    0.003253999794,     0.05395535166,                 0,                 0,                 0,      -0.030998047,    0.002076195637,     0.05401349738,                 0,       16.58124004
          0,           0,         369,      -8.686026113,      -9.459786449,      -9.181184598,      -8.135695489,             0.448,    0.003253998271,     0.05395531638,                 0,                 0,                 0,     -0.0309980526,    0.002076194884,     0.05401346207,                 0,       16.58123695
          0,           0,         370,      -8.698644395,          -9.47449,      -9.194361191,      -8.147958095,             0.448,    0.003253996634,     0.05395528282,                 0,                 0,                 0,    -0.03099805858,     0.00207619398,     0.05401342848,                 0,       16.58123498
          0,           0,         371,       -8.71111211,       -9.48885538,      -9.207467992,      -8.160062753,             0.448,    0.003253994891,      0.0539552509,                 0,                 0,                 0,     -0.0309980649,    0.002076192932,     0.05401339654,                 0,       16.58123406
          0,           0,         372,      -8.723433745,      -9.502842452,      -9.220495674,      -8.172022525,             0.448,    0.003253993048,     0.05395522059,                 0,                 0,                 0,    -0.03099807153,    0.002076191752,     0.05401336619,                 0,       16.58123413
          0,           0,         373,       -8.73561612,      -9.516413774,      -9.233435949,      -8.183852659,             0.448,    0.003253991114,      0.0539551918,                 0,                 0,                 0,    -0.03099807844,    0.002076190447,     0.05401333737,                 0,       16.58123514
          0,           0,         374,      -8.747668134,      -9.529535479,      -9.246281718,      -8.195570127,             0.448,    0.003253989098,      0.0539551645,                 0,                 0,                 0,     -0.0309980856,    0.002076189026,     0.05401331003,                 0,       16.58123702
          0,           0,         375,      -8.759600474,       -9.54217834,      -9.259027148,      -8.207193124,             0.448,    0.003253987006,     0.05395513863,                 0,                 0,                 0,    -0.03099809298,    0.002076187499,     0.05401328412,                 0,       16.58123973
          0,           0,         376,       -8.77142527,        -9.5543186,      -9.271667691,      -8.218740564,             0.448,    0.003253984846,     0.05395511414,                 0,                 0,                 0,    -0.03099810054,    0.002076185874,     0.05401325959,                 0,       16.58124321
          0,           0,         377,      -8.783155744,      -9.565938804,      -9.284200094,       -8.23023158,             0.448,    0.003253982627,       0.053955091,                 0,                 0,                 0,    -0.03099810824,     0.00207618416,      0.0540132364,                 0,       16.58124741
          0,           0,         378,      -8.794805828,      -9.577028554,      -9.296622406,      -8.241685046,             0.448,    0.003253980356,     0.05395506916,                 0,                 0,                 0,    -0.03099811604,    0.002076182366,     0.05401321452,                 0,       16.58125227
          0,           0,         379,      -8.806389804,      -9.587585043,      -9.308934016,      -8.253119132,             0.448,    0.003253978041,     0.05395504859,                 0,                 0,                 0,    -0.03099812391,    0.002076180501,     0.05401319391,                 0,       16.58125774
          0,           0,         380,      -8.817921942,      -9.597613435,      -9.321135706,      -8.264550902,             0.448,    0.003253975691,     0.05395502926,                 0,                 0,                 0,    -0.03099813181,    0.002076178572,     0.05401317453,                 0,       16.58126378
          0,           0,         381,      -8.829416167,       -9.60712707,      -9.333229698,      -8.275995965,             0.448,    0.003253973313,     0.05395501114,                 0,                 0,                 0,     -0.0309981397,     0.00207617659,     0.05401315636,                 0,       16.58127033
          0,           0,         382,       -8.84088576,      -9.616147244,      -9.345219718,      -8.287468176,             0.448,    0.003253970914,     0.05395499419,                 0,                 0,                 0,    -0.03099814754,    0.002076174562,     0.05401313937,                 0,       16.58127734
          0,           0,         383,      -8.852343095,      -9.624702957,      -9.357111014,      -8.298979399,             0.448,    0.003253968503,     0.05395497841,                 0,                 0,                 0,     -0.0309981553,    0.002076172496,     0.05401312353,                 0,       16.58128478
          0,           0,         384,      -8.863799418,      -9.632830142,      -9.368910364,      -8.310539322,             0.448,    0.003253966087,     0.05395496375,                 0,                 0,                 0,    -0.03099816294,      0.0020761704,     0.05401310883,                 0,       16.58129258
          0,           0,         385,      -8.875264678,      -9.640570916,      -9.380626035,      -8.322155345,             0.448,    0.003253963675,     0.05395495021,                 0,                 0,                 0,    -0.03099817043,    0.002076168283,     0.05401309523,                 0,       16.58130072
          0,           0,         386,      -8.886747403,       -9.64797244,      -9.392267702,      -8.333832514,             0.448,    0.003253961272,     0.05395493776,                 0,                 0,                 0,    -0.03099817774,    0.002076166153,     0.05401308274,                 0,       16.58130913
          0,           0,         387,      -8.898254622,      -9.655085817,      -9.403846326,       -8.34557352,             0.448,    0.003253958887,     0.05395492639,                 0,                 0,                 0,    -0.03099818483,    0.002076164017,     0.05401307131,                 0,       16.58131779
          0,           0,         388,      -8.909791843,       -9.66196487,      -9.415373988,      -8.357378757,             0.448,    0.003253956527,     0.05395491607,                 0,                 0,                 0,    -0.03099819169,    0.002076161883,     0.05401306095,                 0,       16.58132665
          0,           0,         389,      -8.921363072,      -9.668665013,      -9.426863676,      -8.369246431,             0.448,    0.003253954199,      0.0539549068,                 0,                 0,                 0,    -0.03099819828,    0.002076159757,     0.05401305163,                 0,       16.58133566
          0,           0,         390,       -8.93297087,      -9.675242145,      -9.438329055,      -8.381172728,             0.448,    0.003253951909,     0.05395489856,                 0,                 0,                 0,    -0.03099820458,    0.002076157647,     0.05401304334,                 0,        16.5813448
          0,           0,         391,      -8.944616463,      -9.681751654,      -9.449784211,      -8.393152031,             0.448,    0.003253949664,     0.05395489133,                 0,                 0,                 0,    -0.03099821057,     0.00207615556,     0.05401303606,                 0,       16.58135402
          0,           0,         392,      -8.956299877,      -9.688247644,      -9.461243388,      -8.405177189,             0.448,    0.003253947469,     0.05395488509,                 0,                 0,                 0,    -0.03099821623,    0.002076153502,     0.05401302978,                 0,       16.58136328
          0,           0,         393,      -8.968020112,      -9.694782152,      -9.472720728,      -8.417239832,             0.448,    0.003253945331,     0.05395487984,                 0,                 0,                 0,    -0.03099822155,    0.002076151479,     0.05401302448,                 0,       16.58137257
          0,           0,         394,      -8.979775341,      -9.701404795,      -9.484230026,      -8.429330717,             0.448,    0.003253943254,     0.05395487555,                 0,                 0,                 0,     -0.0309982265,    0.002076149497,     0.05401302015,                 0,       16.58138183
          0,           0,         395,      -8.991563123,      -9.708162224,      -9.495784486,      -8.441440108,             0.448,    0.003253941244,     0.05395487222,                 0,                 0,                 0,    -0.03099823109,     0.00207614756,     0.05401301677,                 0,       16.58139105
          0,           0,         396,      -9.003380615,      -9.715097863,      -9.507396477,      -8.453558143,             0.448,    0.003253939306,     0.05395486982,                 0,                 0,                 0,    -0.03099823528,    0.002076145674,     0.05401301433,                 0,       16.58140019
          0,           0,         397,      -9.015224778,      -9.722251802,      -9.519077289,      -8.465675192,             0.448,    0.003253937442,     0.05395486833,                 0,                 0,                 0,    -0.03099823909,    0.002076143843,      0.0540130128,                 0,       16.58140923
          0,           0,         398,      -9.027092549,      -9.729660503,      -9.530836887,      -8.477782157,             0.448,    0.003253935657,     0.05395486774,                 0,                 0,                 0,    -0.03099824251,    0.002076142071,     0.05401301217,                 0,       16.58141814
          0,           0,         399,      -9.038980981,       -9.73735681,      -9.542683693,      -8.489870739,             0.448,    0.003253933954,     0.05395486802,                 0,                 0,                 0,    -0.03099824552,    0.002076140362,     0.05401301242,                 0,       16.58142691
          0,           0,         400,      -9.050887369,      -9.745369984,      -9.554624448,      -8.501933661,             0.448,    0.003253932335,     0.05395486916,                 0,                 0,                 0,    -0.03099824814,    0.002076138719,     0.05401301352,                 0,       16.58143551
          0,           0,         401,      -9.062809349,      -9.753725805,      -9.566664147,      -8.513964872,             0.448,    0.003253930803,     0.05395487113,                 0,                 0,                 0,    -0.03099825035,    0.002076137145,     0.05401301546,                 0,       16.58144392
          0,           0,         402,      -9.074745015,      -9.762446868,       -9.57880607,      -8.525959761,             0.448,    0.003253929359,     0.05395487392,                 0,                 0,                 0,    -0.03099825216,    0.002076135641,     0.05401301821,                 0,       16.58145213
          0,           0,         403,      -9.086693028,      -9.771552885,      -9.591051872,      -8.537915344,             0.448,    0.003253928006,     0.05395487749,                 0,                 0,                 0,    -0.03099825358,     0.00207613421,     0.05401302176,                 0,       16.58146013
          0,           0,         404,      -9.098652717,      -9.781061187,      -9.603401694,      -8.549830424,             0.448,    0.003253926744,     0.05395488184,                 0,                 0,                 0,    -0.03099825461,    0.002076132854,     0.05401302607,                 0,       16.58146789
          0,           0,         405,      -9.110624166,      -9.790987159,      -9.615854279,      -8.561705694,             0.448,    0.003253925575,     0.05395488693,                 0,                 0,                 0,    -0.03099825525,    0.002076131573,     0.05401303114,                 0,       16.58147542
          0,           0,         406,      -9.122608268,      -9.801344555,      -9.628407093,       -8.57354377,             0.448,    0.003253924497,     0.05395489274,                 0,                 0,                 0,    -0.03099825552,    0.002076130369,     0.05401303692,                 0,       16.58148269
          0,           0,         407,       -9.13460674,      -9.812145911,      -9.641056438,       -8.58534915,             0.448,    0.003253923513,     0.05395489925,                 0,                 0,                 0,    -0.03099825541,    0.002076129243,     0.05401304341,                 0,       16.58148971
          0,           0,         408,      -9.146622119,      -9.823402599,      -9.653797574,       -8.59712813,             0.448,    0.003253922621,     0.05395490644,                 0,                 0,                 0,    -0.03099825494,    0.002076128194,     0.05401305058,                 0,       16.58149647
          0,           0,         409,      -9.158657715,      -9.835124981,      -9.666624819,      -8.608888649,             0.448,     0.00325392182,     0.05395491427,                 0,                 0,                 0,    -0.03099825412,    0.002076127223,      0.0540130584,                 0,       16.58150295
          0,           0,         410,      -9.170717554,      -9.847322487,      -9.679531625,      -8.620640122,             0.448,    0.003253921111,     0.05395492273,                 0,                 0,                 0,    -0.03099825297,     0.00207612633,     0.05401306684,                 0,       16.58150917
          0,           0,         411,      -9.182806301,      -9.860003468,      -9.692510638,      -8.632393232,             0.448,    0.003253920492,     0.05395493178,                 0,                 0,                 0,    -0.03099825148,    0.002076125514,     0.05401307587,                 0,        16.5815151
          0,           0,         412,      -9.194929168,      -9.873175239,       -9.70555373,      -8.644159698,             0.448,    0.003253919962,      0.0539549414,                 0,                 0,                 0,    -0.03099824969,    0.002076124774,     0.05401308547,                 0,       16.58152076
          0,           0,         413,      -9.207091802,      -9.886843579,      -9.718652044,      -8.655952045,             0.448,    0.003253919519,     0.05395495154,                 0,                 0,                 0,     -0.0309982476,     0.00207612411,      0.0540130956,                 0,       16.58152613
          0,           0,         414,      -9.219300167,      -9.901012775,       -9.73179604,      -8.667783336,             0.448,    0.003253919162,     0.05395496219,                 0,                 0,                 0,    -0.03099824523,     0.00207612352,     0.05401310624,                 0,       16.58153123
          0,           0,         415,      -9.231560403,      -9.915684916,      -9.744975582,      -8.679666915,             0.448,    0.003253918888,     0.05395497329,                 0,                 0,                 0,     -0.0309982426,    0.002076123004,     0.05401311734,                 0,       16.58153604
          0,           0,         416,      -9.243878674,      -9.930859508,      -9.758180047,       -8.69161612,             0.448,    0.003253918695,     0.05395498483,                 0,                 0,                 0,    -0.03099823972,    0.002076122559,     0.05401312887,                 0,       16.58154056
          0,           0,         417,      -9.256260997,      -9.946532793,      -9.771398432,      -8.703644002,             0.448,    0.003253918581,     0.05395499676,                 0,                 0,                 0,    -0.03099823662,    0.002076122185,      0.0540131408,                 0,       16.58154481
          0,           0,         418,      -9.268713066,      -9.962697006,      -9.784619468,      -8.715763038,             0.448,    0.003253918544,     0.05395500905,                 0,                 0,                 0,    -0.03099823332,     0.00207612188,     0.05401315308,                 0,       16.58154878
          0,           0,         419,      -9.281240051,      -9.979339459,      -9.797831729,       -8.72798483,             0.448,     0.00325391858,     0.05395502165,                 0,                 0,                 0,    -0.03099822983,    0.002076121641,     0.05401316568,                 0,       16.58155246
          0,           0,         420,      -9.293846405,      -9.996441414,      -9.811023754,      -8.740319823,             0.448,    0.003253918688,     0.05395503453,                 0,                 0,                 0,    -0.03099822617,    0.002076121468,     0.05401317855,                 0,       16.58155587
          0,           0,         421,      -9.306535655,      -10.01397735,      -9.824184146,      -8.752777015,             0.448,    0.003253918863,     0.05395504764,                 0,                 0,                 0,    -0.03099822238,    0.002076121357,     0.05401319166,                 0,       16.58155901
          0,           0,         422,      -9.319310201,      -10.03191329,      -9.837301727,      -8.765363678,             0.448,    0.003253919103,     0.05395506094,                 0,                 0,                 0,    -0.03099821846,    0.002076121307,     0.05401320497,                 0,       16.58156187
          0,           0,         423,      -9.332171109,      -10.05020581,      -9.850365668,      -8.778085091,             0.448,    0.003253919405,      0.0539550744,                 0,                 0,                 0,    -0.03099821444,    0.002076121315,     0.05401321843,                 0,       16.58156447
          0,           0,         424,      -9.345117923,      -10.06880054,      -9.863365655,      -8.790944286,             0.448,    0.003253919765,     0.05395508797,                 0,                 0,                 0,    -0.03099821034,    0.002076121379,     0.05401323201,                 0,       16.58156681
          0,           0,         425,      -9.358148484,      -10.08763062,      -9.876292067,      -8.803941809,             0.448,     0.00325392018,     0.05395510161,                 0,                 0,                 0,    -0.03099820618,    0.002076121496,     0.05401324565,                 0,       16.58156888
          0,           0,         426,      -9.371258758,      -10.10661571,      -9.889136172,      -8.817075494,             0.448,    0.003253920646,     0.05395511527,                 0,                 0,                 0,    -0.03099820198,    0.002076121664,     0.05401325932,                 0,       16.58157071
          0,           0,         427,      -9.384442704,      -10.12566081,      -9.901890298,      -8.830340275,             0.448,    0.003253921159,     0.05395512891,                 0,                 0,                 0,    -0.03099819775,     0.00207612188,     0.05401327297,                 0,       16.58157229
          0,           0,         428,      -9.397692157,      -10.14465563,       -9.91454801,      -8.843728015,             0.448,    0.003253921717,      0.0539551425,                 0,                 0,                 0,    -0.03099819353,    0.002076122141,     0.05401328657,                 0,       16.58157362
          0,           0,         429,      -9.410996751,      -10.16347463,      -9.927104254,      -8.857227379,             0.448,    0.003253922314,       0.053955156,                 0,                 0,                 0,    -0.03099818933,    0.002076122444,     0.05401330007,                 0,       16.58157472
          0,           0,         430,      -9.424343887,      -10.18197826,       -9.93955552,      -8.870823745,             0.448,    0.003253922948,     0.05395516935,                 0,                 0,                 0,    -0.03099818516,    0.002076122786,     0.05401331344,                 0,        16.5815756
          0,           0,         431,      -9.437718758,      -10.20001489,      -9.951899844,      -8.884499197,             0.448,    0.003253923615,     0.05395518253,                 0,                 0,                 0,    -0.03099818104,    0.002076123165,     0.05401332663,                 0,       16.58157625
          0,           0,         432,      -9.451104424,      -10.21742526,      -9.964136946,      -8.898232557,             0.448,    0.003253924309,      0.0539551955,                 0,                 0,                 0,    -0.03099817699,    0.002076123577,     0.05401333961,                 0,       16.58157669
          0,           0,         433,      -9.464481969,      -10.23404746,      -9.976268121,      -8.911999533,             0.448,    0.003253925029,     0.05395520821,                 0,                 0,                 0,    -0.03099817302,    0.002076124019,     0.05401335234,                 0,       16.58157694
          0,           0,         434,      -9.477830744,      -10.24972412,      -9.988296317,      -8.925772967,             0.448,     0.00325392577,     0.05395522065,                 0,                 0,                 0,    -0.03099816915,    0.002076124488,     0.05401336478,                 0,       16.58157698
          0,           0,         435,      -9.491128675,      -10.26431153,      -10.00022596,      -8.939523195,             0.448,    0.003253926528,     0.05395523276,                 0,                 0,                 0,    -0.03099816538,    0.002076124982,     0.05401337691,                 0,       16.58157684
          0,           0,         436,      -9.504352694,      -10.27768782,       -10.0120629,       -8.95321856,             0.448,    0.003253927299,     0.05395524453,                 0,                 0,                 0,    -0.03099816174,    0.002076125496,     0.05401338869,                 0,       16.58157653
          0,           0,         437,      -9.517479244,      -10.28976222,      -10.02381428,      -8.966826055,             0.448,    0.003253928081,     0.05395525591,                 0,                 0,                 0,    -0.03099815823,    0.002076126029,     0.05401340009,                 0,       16.58157604
          0,           0,         438,      -9.530484864,      -10.30048184,      -10.03548838,      -8.980312107,             0.448,    0.003253928869,     0.05395526689,                 0,                 0,                 0,    -0.03099815487,    0.002076126577,     0.05401341109,                 0,        16.5815754
          0,           0,         439,      -9.543346831,      -10.30983635,      -10.04709442,      -8.993643449,             0.448,     0.00325392966,     0.05395527744,                 0,                 0,                 0,    -0.03099815165,    0.002076127138,     0.05401342165,                 0,       16.58157461
          0,           0,         440,      -9.556043809,      -10.31785889,      -10.05864219,      -9.006788051,             0.448,    0.003253930451,     0.05395528754,                 0,                 0,                 0,    -0.03099814859,    0.002076127709,     0.05401343176,                 0,       16.58157369
          0,           0,         441,       -9.56855648,      -10.32462364,      -10.07014171,      -9.019716046,             0.448,    0.003253931239,     0.05395529717,                 0,                 0,                 0,    -0.03099814569,    0.002076128286,      0.0540134414,                 0,       16.58157263
          0,           0,         442,      -9.580868117,      -10.33024036,       -10.0816027,      -9.032400617,             0.448,     0.00325393202,      0.0539553063,                 0,                 0,                 0,    -0.03099814296,    0.002076128869,     0.05401345056,                 0,       16.58157145
          0,           0,         443,      -9.592965089,      -10.33484587,      -10.09303424,      -9.044818838,             0.448,    0.003253932794,     0.05395531494,                 0,                 0,                 0,    -0.03099814039,    0.002076129453,     0.05401345921,                 0,       16.58157017
          0,           0,         444,      -9.604837295,      -10.33859584,      -10.10444442,      -9.056952452,             0.448,    0.003253933556,     0.05395532307,                 0,                 0,                 0,    -0.03099813801,    0.002076130038,     0.05401346735,                 0,       16.58156878
          0,           0,         445,      -9.616478542,      -10.34165509,      -10.11584023,      -9.068788596,             0.448,    0.003253934305,     0.05395533068,                 0,                 0,                 0,    -0.03099813579,    0.002076130621,     0.05401347498,                 0,       16.58156731
          0,           0,         446,      -9.627886842,      -10.34418983,      -10.12722761,      -9.080320393,             0.448,    0.003253935038,     0.05395533777,                 0,                 0,                 0,    -0.03099813375,    0.002076131199,     0.05401348208,                 0,       16.58156575
          0,           0,         447,      -9.639064594,       -10.3463608,      -10.13861156,      -9.091547361,             0.448,    0.003253935754,     0.05395534434,                 0,                 0,                 0,    -0.03099813189,    0.002076131772,     0.05401348866,                 0,       16.58156412
          0,           0,         448,      -9.650018626,      -10.34831938,      -10.14999632,      -9.102475555,             0.448,    0.003253936451,     0.05395535037,                 0,                 0,                 0,     -0.0309981302,    0.002076132336,     0.05401349471,                 0,       16.58156242
          0,           0,         449,      -9.660760113,       -10.3502031,      -10.16138562,      -9.113117461,             0.448,    0.003253937126,     0.05395535588,                 0,                 0,                 0,    -0.03099812869,    0.002076132892,     0.05401350023,                 0,       16.58156067
          0,           0,         450,      -9.671304273,      -10.35213556,      -10.17278286,      -9.123491564,             0.448,     0.00325393778,     0.05395536087,                 0,                 0,                 0,    -0.03099812735,    0.002076133436,     0.05401350523,                 0,       16.58155887
          0,           0,         451,      -9.681670013,      -10.35422532,       -10.1841914,      -9.133621776,             0.448,    0.003253938409,     0.05395536532,                 0,                 0,                 0,    -0.03099812618,    0.002076133968,      0.0540135097,                 0,       16.58155704
          0,           0,         452,      -9.691879407,      -10.35656635,      -10.19561462,      -9.143536614,             0.448,    0.003253939014,     0.05395536926,                 0,                 0,                 0,    -0.03099812518,    0.002076134487,     0.05401351365,                 0,       16.58155516
          0,           0,         453,      -9.701957159,      -10.35923925,      -10.20705605,       -9.15326837,             0.448,    0.003253939593,     0.05395537268,                 0,                 0,                 0,    -0.03099812435,    0.002076134991,     0.05401351708,                 0,       16.58155327
          0,           0,         454,      -9.711930019,      -10.36231256,      -10.21851937,      -9.162852182,             0.448,    0.003253940145,     0.05395537559,                 0,                 0,                 0,    -0.03099812367,    0.002076135479,     0.05401352001,                 0,       16.58155135
          0,           0,         455,      -9.721826224,      -10.36584427,      -10.23000838,      -9.172325166,             0.448,    0.003253940669,     0.05395537801,                 0,                 0,                 0,    -0.03099812316,    0.002076135951,     0.05401352243,                 0,       16.58154942
          0,           0,         456,      -9.731674959,      -10.36988301,      -10.24152685,      -9.181725577,             0.448,    0.003253941166,     0.05395537993,                 0,                 0,                 0,    -0.03099812281,    0.002076136406,     0.05401352436,                 0,       16.58154748
          0,           0,         457,      -9.741505859,      -10.37447024,      -10.25307847,      -9.191092086,             0.448,    0.003253941634,     0.05395538136,                 0,                 0,                 0,     -0.0309981226,    0.002076136842,     0.05401352581,                 0,       16.58154553
          0,           0,         458,      -9.751348552,      -10.37964111,       -10.2646668,      -9.200463095,             0.448,    0.003253942073,     0.05395538233,                 0,                 0,                 0,    -0.03099812254,     0.00207613726,     0.05401352678,                 0,       16.58154359
          0,           0,         459,      -9.761232288,      -10.38542528,      -10.27629522,      -9.209876213,             0.448,    0.003253942483,     0.05395538284,                 0,                 0,                 0,    -0.03099812261,    0.002076137659,      0.0540135273,                 0,       16.58154166
          0,           0,         460,      -9.771185572,      -10.39184849,       -10.2879669,      -9.219367757,             0.448,    0.003253942863,      0.0539553829,                 0,                 0,                 0,    -0.03099812282,    0.002076138038,     0.05401352737,                 0,       16.58153974
          0,           0,         461,       -9.78123589,      -10.39893289,       -10.2996848,      -9.228972397,             0.448,    0.003253943214,     0.05395538253,                 0,                 0,                 0,    -0.03099812316,    0.002076138397,     0.05401352701,                 0,       16.58153784
          0,           0,         462,      -9.791409442,      -10.40669795,      -10.31145164,      -9.238722838,             0.448,    0.003253943536,     0.05395538175,                 0,                 0,                 0,    -0.03099812362,    0.002076138736,     0.05401352624,                 0,       16.58153596
          0,           0,         463,      -9.801730935,       -10.4151607,      -10.32326984,      -9.248649578,             0.448,    0.003253943829,     0.05395538057,                 0,                 0,                 0,    -0.03099812419,    0.002076139054,     0.05401352506,                 0,        16.5815341
          0,           0,         464,      -9.812223409,      -10.42433595,      -10.33514154,      -9.258780736,             0.448,    0.003253944093,     0.05395537901,                 0,                 0,                 0,    -0.03099812487,    0.002076139352,     0.05401352351,                 0,       16.58153228
          0,           0,         465,      -9.822908095,      -10.43423695,      -10.34706858,      -9.269141917,             0.448,    0.003253944329,     0.05395537709,                 0,                 0,                 0,    -0.03099812564,     0.00207613963,      0.0540135216,                 0,       16.58153049
          0,           0,         466,      -9.833804278,      -10.44487597,      -10.35905249,      -9.279756103,             0.448,    0.003253944536,     0.05395537483,                 0,                 0,                 0,    -0.03099812651,    0.002076139887,     0.05401351934,                 0,       16.58152873
          0,           0,         467,      -9.844929193,      -10.45626338,      -10.37109451,      -9.290643574,             0.448,    0.003253944716,     0.05395537224,                 0,                 0,                 0,    -0.03099812746,    0.002076140123,     0.05401351675,                 0,       16.58152702
          0,           0,         468,      -9.856297931,      -10.46840861,      -10.38319561,      -9.301821846,             0.448,    0.003253944869,     0.05395536935,                 0,                 0,                 0,    -0.03099812849,    0.002076140339,     0.05401351387,                 0,       16.58152536
          0,           0,         469,      -9.867923345,      -10.48131995,      -10.39535651,      -9.313305625,             0.448,    0.003253944996,     0.05395536618,                 0,                 0,                 0,    -0.03099812958,    0.002076140535,      0.0540135107,                 0,       16.58152373
          0,           0,         470,      -9.879815965,      -10.49500434,       -10.4075778,      -9.325106729,             0.448,    0.003253945097,     0.05395536275,                 0,                 0,                 0,    -0.03099813074,    0.002076140711,     0.05401350727,                 0,       16.58152216
          0,           0,         471,      -9.891983893,      -10.50946772,      -10.41985985,      -9.337234035,             0.448,    0.003253945173,     0.05395535907,                 0,                 0,                 0,    -0.03099813194,    0.002076140867,      0.0540135036,                 0,       16.58152065
          0,           0,         472,      -9.904432709,      -10.52471389,      -10.43220294,      -9.349693389,             0.448,    0.003253945225,     0.05395535518,                 0,                 0,                 0,     -0.0309981332,    0.002076141004,     0.05401349971,                 0,       16.58151918
          0,           0,         473,      -9.917165354,      -10.54074483,      -10.44460717,      -9.362487498,             0.448,    0.003253945255,     0.05395535109,                 0,                 0,                 0,    -0.03099813449,    0.002076141123,     0.05401349562,                 0,       16.58151778
          0,           0,         474,      -9.930182005,      -10.55755945,      -10.45707255,       -9.37561582,             0.448,    0.003253945262,     0.05395534683,                 0,                 0,                 0,    -0.03099813581,    0.002076141223,     0.05401349136,                 0,       16.58151643
          0,           0,         475,      -9.943479936,       -10.5751542,      -10.46959887,       -9.38907441,             0.448,    0.003253945248,     0.05395534241,                 0,                 0,                 0,    -0.03099813716,    0.002076141305,     0.05401348694,                 0,       16.58151515
          0,           0,         476,      -9.957053373,      -10.59351977,      -10.48218566,      -9.402855768,             0.448,    0.003253945214,     0.05395533786,                 0,                 0,                 0,    -0.03099813852,     0.00207614137,     0.05401348239,                 0,       16.58151392
          0,           0,         477,      -9.970893318,      -10.61264208,      -10.49483218,      -9.416948618,             0.448,    0.003253945161,     0.05395533319,                 0,                 0,                 0,    -0.03099813989,    0.002076141419,     0.05401347772,                 0,       16.58151276
          0,           0,         478,      -9.984987422,      -10.63249925,      -10.50753723,      -9.431337773,             0.448,     0.00325394509,     0.05395532844,                 0,                 0,                 0,    -0.03099814127,    0.002076141452,     0.05401347297,                 0,       16.58151166
          0,           0,         479,      -9.999319803,      -10.65306056,      -10.52029898,      -9.446003899,             0.448,    0.003253945002,     0.05395532362,                 0,                 0,                 0,    -0.03099814264,    0.002076141469,     0.05401346815,                 0,       16.58151062
          0,           0,         480,      -10.01387095,       -10.6742836,      -10.53311523,      -9.460923394,             0.448,    0.003253944899,     0.05395531874,                 0,                 0,                 0,    -0.03099814401,    0.002076141473,     0.05401346327,                 0,       16.58150965
          0,           0,         481,      -10.02861762,      -10.69611149,      -10.54598292,      -9.476068274,             0.448,    0.003253944781,     0.05395531384,                 0,                 0,                 0,    -0.03099814536,    0.002076141462,     0.05401345837,                 0,       16.58150874
          0,           0,         482,       -10.0435329,      -10.71847033,      -10.55889864,        -9.4914062,             0.448,     0.00325394465,     0.05395530893,                 0,                 0,                 0,    -0.03099814669,    0.002076141438,     0.05401345346,                 0,        16.5815079
          0,           0,         483,      -10.05858625,      -10.74126446,      -10.57185846,      -9.506900609,             0.448,    0.003253944507,     0.05395530404,                 0,                 0,                 0,    -0.03099814799,    0.002076141402,     0.05401344856,                 0,       16.58150713
          0,           0,         484,      -10.07374378,      -10.76437406,      -10.58485817,      -9.522510995,             0.448,    0.003253944354,     0.05395529918,                 0,                 0,                 0,    -0.03099814927,    0.002076141355,      0.0540134437,                 0,       16.58150642
          0,           0,         485,      -10.08896855,      -10.78764926,      -10.59789314,      -9.538193286,             0.448,    0.003253944191,     0.05395529437,                 0,                 0,                 0,    -0.03099815051,    0.002076141297,     0.05401343889,                 0,       16.58150577
          0,           0,         486,      -10.10422087,      -10.81090738,      -10.61095809,      -9.553900119,             0.448,     0.00325394402,     0.05395528964,                 0,                 0,                 0,    -0.03099815171,    0.002076141229,     0.05401343416,                 0,       16.58150519
          0,           0,         487,      -10.11945864,       -10.8339299,      -10.62404662,      -9.569581124,             0.448,    0.003253943841,       0.053955285,                 0,                 0,                 0,    -0.03099815288,    0.002076141151,     0.05401342951,                 0,       16.58150467
          0,           0,         488,      -10.13463774,      -10.85646323,      -10.63715082,      -9.585183244,             0.448,    0.003253943657,     0.05395528046,                 0,                 0,                 0,    -0.03099815399,    0.002076141066,     0.05401342497,                 0,       16.58150421
          0,           0,         489,      -10.14971242,      -10.87822408,      -10.65026111,      -9.600651245,             0.448,    0.003253943467,     0.05395527604,                 0,                 0,                 0,    -0.03099815506,    0.002076140973,     0.05401342054,                 0,       16.58150382
          0,           0,         490,      -10.16463618,      -10.89890832,      -10.66336617,      -9.615928831,             0.448,    0.003253943274,     0.05395527174,                 0,                 0,                 0,    -0.03099815608,    0.002076140874,     0.05401341625,                 0,       16.58150349
          0,           0,         491,      -10.17936271,      -10.91821081,      -10.67645374,      -9.630960069,             0.448,    0.003253943078,     0.05395526759,                 0,                 0,                 0,    -0.03099815705,    0.002076140768,     0.05401341209,                 0,       16.58150321
          0,           0,         492,      -10.19384724,      -10.93584376,      -10.68951061,      -9.645691352,             0.448,     0.00325394288,     0.05395526358,                 0,                 0,                 0,    -0.03099815797,    0.002076140657,     0.05401340808,                 0,       16.58150299
          0,           0,         493,      -10.20804805,      -10.95156397,      -10.70252307,      -9.660073331,             0.448,     0.00325394268,     0.05395525973,                 0,                 0,                 0,    -0.03099815883,    0.002076140542,     0.05401340423,                 0,       16.58150282
          0,           0,         494,      -10.22192793,      -10.96519403,      -10.71547771,      -9.674062875,             0.448,    0.003253942481,     0.05395525605,                 0,                 0,                 0,    -0.03099815965,    0.002076140423,     0.05401340054,                 0,        16.5815027
          0,           0,         495,      -10.23545548,      -10.97664323,      -10.72836129,      -9.687624688,             0.448,    0.003253942282,     0.05395525253,                 0,                 0,                 0,     -0.0309981604,    0.002076140301,     0.05401339702,                 0,       16.58150264
          0,           0,         496,      -10.24860624,       -10.9859159,      -10.74116117,      -9.700732746,             0.448,    0.003253942085,     0.05395524918,                 0,                 0,                 0,    -0.03099816111,    0.002076140177,     0.05401339367,                 0,       16.58150261
          0,           0,         497,      -10.26136348,      -10.99311401,      -10.75386571,      -9.713371187,             0.448,     0.00325394189,     0.05395524602,                 0,                 0,                 0,    -0.03099816176,    0.002076140051,      0.0540133905,                 0,       16.58150264
          0,           0,         498,       -10.2737188,      -10.99841753,      -10.76646468,      -9.725534925,             0.448,    0.003253941697,     0.05395524303,                 0,                 0,                 0,    -0.03099816236,    0.002076139923,      0.0540133875,                 0,        16.5815027
          0,           0,         499,      -10.28567216,       -11.0020723,      -10.77894875,      -9.737229516,             0.448,    0.003253941507,     0.05395524022,                 0,                 0,                 0,    -0.03099816291,    0.002076139795,     0.05401338469,                 0,        16.5815028
          0,           0,         500,      -10.29723183,      -11.00435849,      -10.79130999,      -9.748470834,             0.448,    0.003253941322,     0.05395523759,                 0,                 0,                 0,     -0.0309981634,    0.002076139667,     0.05401338206,                 0,       16.58150294
          0,           0,         501,      -10.30841384,      -11.00557263,      -10.80354139,      -9.759284106,             0.448,    0.003253941141,     0.05395523515,                 0,                 0,                 0,    -0.03099816385,    0.002076139539,     0.05401337961,                 0,       16.58150311
          0,           0,         502,      -10.31924132,      -11.00600426,      -10.81563732,      -9.769702789,             0.448,    0.003253940964,     0.05395523289,                 0,                 0,                 0,    -0.03099816424,    0.002076139412,     0.05401337735,                 0,       16.58150331
          0,           0,         503,      -10.32974357,      -11.00592361,      -10.82759348,      -9.779767161,             0.448,    0.003253940793,     0.05395523081,                 0,                 0,                 0,    -0.03099816458,    0.002076139286,     0.05401337527,                 0,       16.58150355
          0,           0,         504,      -10.33995502,      -11.00557238,      -10.83940768,      -9.789522829,             0.448,    0.003253940627,     0.05395522891,                 0,                 0,                 0,    -0.03099816488,    0.002076139162,     0.05401337337,                 0,       16.58150381
          0,           0,         505,      -10.34991412,      -11.00516186,      -10.85108001,      -9.799019118,             0.448,    0.003253940468,     0.05395522719,                 0,                 0,                 0,    -0.03099816513,     0.00207613904,     0.05401337165,                 0,        16.5815041
          0,           0,         506,      -10.35966218,      -11.00486978,      -10.86261269,      -9.808307686,             0.448,    0.003253940314,     0.05395522565,                 0,                 0,                 0,    -0.03099816533,     0.00207613892,      0.0540133701,                 0,       16.58150441
          0,           0,         507,      -10.36924232,      -11.00484556,      -10.87401047,      -9.817441025,             0.448,    0.003253940167,     0.05395522429,                 0,                 0,                 0,    -0.03099816549,    0.002076138802,     0.05401336874,                 0,       16.58150474
          0,           0,         508,      -10.37869847,       -11.0052103,      -10.88528054,      -9.826471414,             0.448,    0.003253940026,     0.05395522309,                 0,                 0,                 0,     -0.0309981656,    0.002076138688,     0.05401336754,                 0,       16.58150509
          0,           0,         509,      -10.38807438,      -11.00606112,        -10.896432,      -9.835449723,             0.448,    0.003253939892,     0.05395522207,                 0,                 0,                 0,    -0.03099816568,    0.002076138576,     0.05401336651,                 0,       16.58150545
          0,           0,         510,      -10.39741301,       -11.0074766,      -10.90747611,      -9.844424781,             0.448,    0.003253939766,      0.0539552212,                 0,                 0,                 0,    -0.03099816571,    0.002076138468,     0.05401336564,                 0,       16.58150583
          0,           0,         511,      -10.40675577,      -11.00951768,      -10.91842573,      -9.853442643,             0.448,    0.003253939646,      0.0539552205,                 0,                 0,                 0,    -0.03099816571,    0.002076138364,     0.05401336494,                 0,       16.58150623
          0,           0,         512,       -10.4161421,      -11.01223171,      -10.92929501,      -9.862546174,             0.448,    0.003253939533,     0.05395521995,                 0,                 0,                 0,    -0.03099816567,    0.002076138263,     0.05401336439,                 0,       16.58150663
          0,           0,         513,      -10.42560911,      -11.01565388,      -10.94009966,      -9.871774807,             0.448,    0.003253939427,     0.05395521955,                 0,                 0,                 0,     -0.0309981656,    0.002076138166,     0.05401336399,                 0,       16.58150705
          0,           0,         514,      -10.43519127,      -11.01981286,      -10.95085626,      -9.881164348,             0.448,    0.003253939329,      0.0539552193,                 0,                 0,                 0,    -0.03099816549,    0.002076138074,     0.05401336373,                 0,       16.58150747
          0,           0,         515,      -10.44492035,      -11.02473007,      -10.96158246,      -9.890746976,             0.448,    0.003253939238,     0.05395521918,                 0,                 0,                 0,    -0.03099816536,    0.002076137985,     0.05401336361,                 0,        16.5815079
          0,           0,         516,       -10.4548252,      -11.03042119,      -10.97229662,      -9.900551209,             0.448,    0.003253939154,      0.0539552192,                 0,                 0,                 0,     -0.0309981652,    0.002076137901,     0.05401336362,                 0,       16.58150833
          0,           0,         517,      -10.46493188,      -11.03689917,      -10.98301779,      -9.910602013,             0.448,    0.003253939077,     0.05395521934,                 0,                 0,                 0,    -0.03099816502,     0.00207613782,     0.05401336376,                 0,       16.58150877
          0,           0,         518,      -10.47526358,      -11.04417347,      -10.99376531,      -9.920920966,             0.448,    0.003253939007,      0.0539552196,                 0,                 0,                 0,    -0.03099816481,    0.002076137745,     0.05401336403,                 0,       16.58150921
          0,           0,         519,      -10.48584071,      -11.05225137,      -11.00455887,       -9.93152631,             0.448,    0.003253938943,     0.05395521998,                 0,                 0,                 0,    -0.03099816458,    0.002076137673,      0.0540133644,                 0,       16.58150965
          0,           0,         520,      -10.49668093,      -11.06113954,      -11.01541828,      -9.942433173,             0.448,    0.003253938887,     0.05395522046,                 0,                 0,                 0,    -0.03099816433,    0.002076137606,     0.05401336488,                 0,       16.58151008
          0,           0,         521,      -10.50779932,      -11.07084298,      -11.02636305,      -9.953653689,             0.448,    0.003253938837,     0.05395522105,                 0,                 0,                 0,    -0.03099816406,    0.002076137544,     0.05401336547,                 0,       16.58151052
          0,           0,         522,      -10.51920835,      -11.08136674,      -11.03741239,      -9.965197069,             0.448,    0.003253938794,     0.05395522173,                 0,                 0,                 0,    -0.03099816378,    0.002076137485,     0.05401336614,                 0,       16.58151095
          0,           0,         523,      -10.53091801,      -11.09271394,      -11.04858487,      -9.977069839,             0.448,    0.003253938757,     0.05395522249,                 0,                 0,                 0,    -0.03099816348,    0.002076137432,     0.05401336691,                 0,       16.58151137
          0,           0,         524,      -10.54293588,      -11.10488958,      -11.05989831,      -9.989275875,             0.448,    0.003253938726,     0.05395522334,                 0,                 0,                 0,    -0.03099816318,    0.002076137382,     0.05401336776,                 0,       16.58151179
          0,           0,         525,      -10.55526715,      -11.11789719,      -11.07136949,      -10.00181648,             0.448,      0.0032539387,     0.05395522426,                 0,                 0,                 0,    -0.03099816286,    0.002076137337,     0.05401336868,                 0,        16.5815122
          0,           0,         526,      -10.56791466,      -11.13173997,      -11.08301419,      -10.01469048,             0.448,    0.003253938681,     0.05395522525,                 0,                 0,                 0,    -0.03099816253,    0.002076137296,     0.05401336967,                 0,        16.5815126
          0,           0,         527,        -10.580879,      -11.14642219,      -11.09484665,      -10.02789435,             0.448,    0.003253938667,      0.0539552263,                 0,                 0,                 0,     -0.0309981622,    0.002076137259,     0.05401337072,                 0,         16.581513
          0,           0,         528,      -10.59415851,      -11.16194703,      -11.10688028,      -10.04142229,             0.448,    0.003253938658,     0.05395522741,                 0,                 0,                 0,    -0.03099816187,    0.002076137226,     0.05401337182,                 0,       16.58151338
          0,           0,         529,      -10.60774926,      -11.17831857,      -11.11912711,      -10.05526622,             0.448,    0.003253938655,     0.05395522856,                 0,                 0,                 0,    -0.03099816153,    0.002076137197,     0.05401337297,                 0,       16.58151376
          0,           0,         530,      -10.62164516,      -11.19553956,      -11.13159713,      -10.06941604,             0.448,    0.003253938656,     0.05395522975,                 0,                 0,                 0,    -0.03099816119,    0.002076137172,     0.05401337417,                 0,       16.58151412
          0,           0,         531,      -10.63583784,      -11.21361049,      -11.14429887,      -10.08385943,             0.448,    0.003253938661,     0.05395523098,                 0,                 0,                 0,    -0.03099816086,    0.002076137151,     0.05401337539,                 0,       16.58151447
          0,           0,         532,      -10.65031671,      -11.23253189,      -11.15723854,      -10.09858204,             0.448,    0.003253938671,     0.05395523223,                 0,                 0,                 0,    -0.03099816052,    0.002076137133,     0.05401337665,                 0,        16.5815148
          0,           0,         533,      -10.66506861,       -11.2522972,      -11.17041945,      -10.11356699,             0.448,    0.003253938685,     0.05395523351,                 0,                 0,                 0,    -0.03099816019,    0.002076137119,     0.05401337792,                 0,       16.58151512
          0,           0,         534,      -10.68007768,      -11.27289515,      -11.18384133,      -10.12879478,             0.448,    0.003253938702,     0.05395523479,                 0,                 0,                 0,    -0.03099815986,    0.002076137109,     0.05401337921,                 0,       16.58151543
          0,           0,         535,      -10.69532508,      -11.29430561,       -11.1975003,      -10.14424281,             0.448,    0.003253938723,     0.05395523609,                 0,                 0,                 0,    -0.03099815954,    0.002076137101,      0.0540133805,                 0,       16.58151572
          0,           0,         536,      -10.71078881,       -11.3164958,      -11.21138952,      -10.15988533,             0.448,    0.003253938747,     0.05395523738,                 0,                 0,                 0,    -0.03099815923,    0.002076137097,      0.0540133818,                 0,         16.581516
          0,           0,         537,      -10.72644336,      -11.33941906,      -11.22549804,      -10.17569311,             0.448,    0.003253938774,     0.05395523868,                 0,                 0,                 0,    -0.03099815893,    0.002076137096,     0.05401338309,                 0,       16.58151626
          0,           0,         538,      -10.74225992,      -11.36301186,      -11.23981203,      -10.19163378,             0.448,    0.003253938803,     0.05395523996,                 0,                 0,                 0,    -0.03099815863,    0.002076137097,     0.05401338437,                 0,        16.5815165
          0,           0,         539,      -10.75820649,      -11.38718792,      -11.25431482,      -10.20767222,             0.448,    0.003253938835,     0.05395524123,                 0,                 0,                 0,    -0.03099815835,    0.002076137101,     0.05401338564,                 0,       16.58151673
          0,           0,         540,      -10.77424786,      -11.41183762,      -11.26898582,      -10.22377056,             0.448,    0.003253938868,     0.05395524248,                 0,                 0,                 0,    -0.03099815807,    0.002076137107,     0.05401338689,                 0,       16.58151694
          0,           0,         541,       -10.7903462,      -11.43681958,      -11.28380199,      -10.23988899,             0.448,    0.003253938904,     0.05395524371,                 0,                 0,                 0,    -0.03099815781,    0.002076137116,     0.05401338812,                 0,       16.58151714
          0,           0,         542,      -10.80646119,      -11.46196297,      -11.29873561,      -10.25598595,             0.448,    0.003253938941,     0.05395524491,                 0,                 0,                 0,    -0.03099815755,    0.002076137127,     0.05401338933,                 0,       16.58151732
          0,           0,         543,      -10.82255086,      -11.48705519,       -11.3137579,      -10.27201906,             0.448,    0.003253938979,     0.05395524608,                 0,                 0,                 0,    -0.03099815731,     0.00207613714,      0.0540133905,                 0,       16.58151748
          0,           0,         544,      -10.83857185,      -11.51184825,      -11.32883724,       -10.2879455,             0.448,    0.003253939019,     0.05395524722,                 0,                 0,                 0,    -0.03099815709,    0.002076137154,     0.05401339164,                 0,       16.58151763
          0,           0,         545,      -10.85448037,      -11.53605269,      -11.34393923,      -10.30372302,             0.448,    0.003253939059,     0.05395524832,                 0,                 0,                 0,    -0.03099815687,    0.002076137171,     0.05401339274,                 0,       16.58151777
          0,           0,         546,      -10.87023288,      -11.55935446,      -11.35902884,      -10.31931065,             0.448,      0.0032539391,     0.05395524939,                 0,                 0,                 0,    -0.03099815666,    0.002076137188,     0.05401339381,                 0,       16.58151789
          0,           0,         547,      -10.88578704,         -11.58142,      -11.37406866,      -10.33466969,             0.448,    0.003253939142,     0.05395525042,                 0,                 0,                 0,    -0.03099815647,    0.002076137207,     0.05401339484,                 0,       16.58151799
          0,           0,         548,      -10.90110252,       -11.6019152,      -11.38902135,      -10.34976434,             0.448,    0.003253939183,      0.0539552514,                 0,                 0,                 0,    -0.03099815629,    0.002076137228,     0.05401339582,                 0,       16.58151808
          0,           0,         549,      -10.91614227,       -11.6205284,      -11.40384843,      -10.36456307,             0.448,    0.003253939225,     0.05395525234,                 0,                 0,                 0,    -0.03099815613,    0.002076137249,     0.05401339676,                 0,       16.58151816
          0,           0,         550,      -10.93087305,      -11.63700896,      -11.41851213,      -10.37903883,             0.448,    0.003253939267,     0.05395525323,                 0,                 0,                 0,    -0.03099815597,    0.002076137271,     0.05401339766,                 0,       16.58151822
          0,           0,         551,      -10.94526657,      -11.65117174,      -11.43297599,      -10.39316996,             0.448,    0.003253939308,     0.05395525408,                 0,                 0,                 0,    -0.03099815583,    0.002076137294,     0.05401339851,                 0,       16.58151827
          0,           0,         552,      -10.95929995,      -11.66294935,      -11.44720608,       -10.4069407,             0.448,    0.003253939349,     0.05395525489,                 0,                 0,                 0,     -0.0309981557,    0.002076137318,     0.05401339931,                 0,       16.58151831
          0,           0,         553,      -10.97295693,      -11.67235893,      -11.46117009,       -10.4203418,             0.448,     0.00325393939,     0.05395525564,                 0,                 0,                 0,    -0.03099815558,    0.002076137342,     0.05401340007,                 0,       16.58151833
          0,           0,         554,      -10.98622755,      -11.67953383,      -11.47484211,      -10.43337006,             0.448,     0.00325393943,     0.05395525635,                 0,                 0,                 0,    -0.03099815548,    0.002076137366,     0.05401340078,                 0,       16.58151835
          0,           0,         555,      -10.99910862,      -11.68470442,      -11.48819823,      -10.44602871,             0.448,    0.003253939469,     0.05395525701,                 0,                 0,                 0,    -0.03099815538,    0.002076137391,     0.05401340144,                 0,       16.58151835
          0,           0,         556,      -11.01160389,       -11.6881384,       -11.5012226,      -10.45832706,             0.448,    0.003253939507,     0.05395525763,                 0,                 0,                 0,     -0.0309981553,    0.002076137416,     0.05401340205,                 0,       16.58151834
          0,           0,         557,      -11.02372334,      -11.69016263,       -11.5139029,      -10.47027964,             0.448,    0.003253939545,     0.05395525819,                 0,                 0,                 0,    -0.03099815522,    0.002076137441,     0.05401340262,                 0,       16.58151833
          0,           0,         558,      -11.03548322,      -11.69110486,      -11.52623414,      -10.48190638,             0.448,    0.003253939581,     0.05395525872,                 0,                 0,                 0,    -0.03099815516,    0.002076137466,     0.05401340314,                 0,        16.5815183
          0,           0,         559,       -11.0469048,       -11.6912695,      -11.53821762,      -10.49323094,             0.448,    0.003253939616,     0.05395525919,                 0,                 0,                 0,    -0.03099815511,     0.00207613749,     0.05401340362,                 0,       16.58151827
          0,           0,         560,      -11.05801405,      -11.69095679,      -11.54986125,      -10.50428051,             0.448,     0.00325393965,     0.05395525962,                 0,                 0,                 0,    -0.03099815506,    0.002076137515,     0.05401340405,                 0,       16.58151823
          0,           0,         561,      -11.06884086,      -11.69041294,       -11.5611783,      -10.51508501,             0.448,    0.003253939683,        0.05395526,                 0,                 0,                 0,    -0.03099815503,    0.002076137539,     0.05401340443,                 0,       16.58151818
          0,           0,         562,      -11.07941761,      -11.68985858,      -11.57218902,      -10.52567571,             0.448,    0.003253939714,     0.05395526034,                 0,                 0,                 0,      -0.030998155,    0.002076137563,     0.05401340477,                 0,       16.58151812
          0,           0,         563,      -11.08977908,      -11.68947606,      -11.58291829,      -10.53608534,             0.448,    0.003253939745,     0.05395526064,                 0,                 0,                 0,    -0.03099815499,    0.002076137587,     0.05401340507,                 0,       16.58151806
          0,           0,         564,      -11.09996101,      -11.68940801,       -11.5933961,      -10.54634676,             0.448,    0.003253939774,      0.0539552609,                 0,                 0,                 0,    -0.03099815498,     0.00207613761,     0.05401340533,                 0,       16.58151799
          0,           0,         565,      -11.10999975,      -11.68977361,      -11.60365555,      -10.55649257,             0.448,    0.003253939801,     0.05395526112,                 0,                 0,                 0,    -0.03099815498,    0.002076137633,     0.05401340555,                 0,       16.58151792
          0,           0,         566,      -11.11993153,      -11.69066493,      -11.61373346,      -10.56655492,             0.448,    0.003253939827,      0.0539552613,                 0,                 0,                 0,    -0.03099815498,    0.002076137655,     0.05401340573,                 0,       16.58151784
          0,           0,         567,       -11.1297918,      -11.69215637,      -11.62366813,      -10.57656464,             0.448,    0.003253939852,     0.05395526144,                 0,                 0,                 0,    -0.03099815499,    0.002076137677,     0.05401340587,                 0,       16.58151776
          0,           0,         568,       -11.1396151,      -11.69429508,      -11.63349999,      -10.58655136,             0.448,    0.003253939875,     0.05395526155,                 0,                 0,                 0,    -0.03099815501,    0.002076137698,     0.05401340598,                 0,       16.58151767
          0,           0,         569,      -11.14943429,      -11.69713099,      -11.64326942,      -10.59654305,             0.448,    0.003253939897,     0.05395526162,                 0,                 0,                 0,    -0.03099815504,    0.002076137718,     0.05401340605,                 0,       16.58151758
          0,           0,         570,      -11.15928081,      -11.70069002,      -11.65301639,      -10.60656629,             0.448,    0.003253939918,     0.05395526166,                 0,                 0,                 0,    -0.03099815506,    0.002076137738,     0.05401340609,                 0,       16.58151749
          0,           0,         571,      -11.16918437,      -11.70498977,      -11.66278039,      -10.61664586,             0.448,    0.003253939937,     0.05395526167,                 0,                 0,                 0,     -0.0309981551,    0.002076137757,      0.0540134061,                 0,        16.5815174
          0,           0,         572,      -11.17917275,      -11.71005195,      -11.67260007,      -10.62680509,             0.448,    0.003253939955,     0.05395526165,                 0,                 0,                 0,    -0.03099815514,    0.002076137775,     0.05401340608,                 0,        16.5815173
          0,           0,         573,      -11.18927177,      -11.71587566,      -11.68251177,      -10.63706545,             0.448,    0.003253939971,      0.0539552616,                 0,                 0,                 0,    -0.03099815518,    0.002076137793,     0.05401340604,                 0,        16.5815172
          0,           0,         574,      -11.19950567,      -11.72247569,      -11.69255036,      -10.64744734,             0.448,    0.003253939986,     0.05395526153,                 0,                 0,                 0,    -0.03099815523,    0.002076137809,     0.05401340596,                 0,        16.5815171
          0,           0,         575,       -11.2098968,      -11.72984981,      -11.70274808,      -10.65796958,             0.448,        0.00325394,     0.05395526143,                 0,                 0,                 0,    -0.03099815527,    0.002076137825,     0.05401340586,                 0,         16.581517
          0,           0,         576,      -11.22046594,      -11.73800662,       -11.7131349,      -10.66864993,             0.448,    0.003253940013,     0.05395526131,                 0,                 0,                 0,    -0.03099815533,     0.00207613784,     0.05401340574,                 0,        16.5815169
          0,           0,         577,       -11.2312322,      -11.74694174,      -11.72373793,      -10.67950497,             0.448,    0.003253940024,     0.05395526116,                 0,                 0,                 0,    -0.03099815538,    0.002076137855,      0.0540134056,                 0,        16.5815168
          0,           0,         578,      -11.24221334,      -11.75665711,      -11.73458348,      -10.69055041,             0.448,    0.003253940034,       0.053955261,                 0,                 0,                 0,    -0.03099815544,    0.002076137868,     0.05401340544,                 0,        16.5815167
          0,           0,         579,      -11.25342549,        -11.767153,      -11.74569367,      -10.70180081,             0.448,    0.003253940043,     0.05395526082,                 0,                 0,                 0,     -0.0309981555,    0.002076137881,     0.05401340526,                 0,        16.5815166
          0,           0,         580,      -11.26488351,      -11.77843389,      -11.75708877,      -10.71327016,             0.448,     0.00325394005,     0.05395526063,                 0,                 0,                 0,    -0.03099815556,    0.002076137893,     0.05401340506,                 0,        16.5815165
          0,           0,         581,      -11.27660107,      -11.79050141,      -11.76878591,      -10.72497133,             0.448,    0.003253940057,     0.05395526042,                 0,                 0,                 0,    -0.03099815562,    0.002076137904,     0.05401340485,                 0,        16.5815164
          0,           0,         582,      -11.28859046,      -11.80335916,      -11.78080069,      -10.73691655,             0.448,    0.003253940063,     0.05395526019,                 0,                 0,                 0,    -0.03099815568,    0.002076137915,     0.05401340463,                 0,        16.5815163
          0,           0,         583,      -11.30086274,      -11.81701292,      -11.79314458,       -10.7491173,             0.448,    0.003253940067,     0.05395525996,                 0,                 0,                 0,    -0.03099815574,    0.002076137925,     0.05401340439,                 0,       16.58151621
          0,           0,         584,      -11.31342724,      -11.83146435,      -11.80582746,      -10.76158346,             0.448,    0.003253940071,     0.05395525971,                 0,                 0,                 0,     -0.0309981558,    0.002076137933,     0.05401340415,                 0,       16.58151611
          0,           0,         585,      -11.32629242,      -11.84671965,      -11.81885761,      -10.77432466,             0.448,    0.003253940073,     0.05395525946,                 0,                 0,                 0,    -0.03099815587,    0.002076137941,     0.05401340389,                 0,       16.58151602
          0,           0,         586,        -11.339465,      -11.86278609,      -11.83223878,      -10.78734931,             0.448,    0.003253940075,     0.05395525919,                 0,                 0,                 0,    -0.03099815593,    0.002076137949,     0.05401340363,                 0,       16.58151593
          0,           0,         587,      -11.35295025,      -11.87966991,      -11.84597163,      -10.80066416,             0.448,    0.003253940076,     0.05395525893,                 0,                 0,                 0,    -0.03099815599,    0.002076137955,     0.05401340336,                 0,       16.58151585
          0,           0,         588,      -11.36675161,      -11.89736979,      -11.86005457,      -10.81427507,             0.448,    0.003253940075,     0.05395525865,                 0,                 0,                 0,    -0.03099815605,    0.002076137961,     0.05401340309,                 0,       16.58151576
          0,           0,         589,      -11.38087074,      -11.91589361,      -11.87448202,      -10.82818604,             0.448,    0.003253940075,     0.05395525838,                 0,                 0,                 0,    -0.03099815611,    0.002076137967,     0.05401340281,                 0,       16.58151568
          0,           0,         590,      -11.39530758,      -11.93523975,      -11.88924497,      -10.84239973,             0.448,    0.003253940073,      0.0539552581,                 0,                 0,                 0,    -0.03099815617,    0.002076137971,     0.05401340254,                 0,        16.5815156
          0,           0,         591,      -11.41005997,      -11.95540225,       -11.9043357,      -10.85691742,             0.448,    0.003253940071,     0.05395525782,                 0,                 0,                 0,    -0.03099815623,    0.002076137975,     0.05401340226,                 0,       16.58151553
          0,           0,         592,      -11.42512271,       -11.9763814,      -11.91973072,      -10.87173678,             0.448,    0.003253940068,     0.05395525754,                 0,                 0,                 0,    -0.03099815628,    0.002076137978,     0.05401340198,                 0,       16.58151546
          0,           0,         593,      -11.44048937,      -11.99815312,      -11.93541324,      -10.88685513,             0.448,    0.003253940065,     0.05395525726,                 0,                 0,                 0,    -0.03099815634,    0.002076137981,      0.0540134017,                 0,       16.58151539
          0,           0,         594,      -11.45615044,      -12.02069118,       -11.9513598,      -10.90226709,             0.448,    0.003253940061,     0.05395525699,                 0,                 0,                 0,    -0.03099815639,    0.002076137983,     0.05401340143,                 0,       16.58151533
          0,           0,         595,      -11.47209256,      -12.04397569,      -11.96753964,      -10.91796328,             0.448,    0.003253940056,     0.05395525672,                 0,                 0,                 0,    -0.03099815644,    0.002076137984,     0.05401340115,                 0,       16.58151527
          0,           0,         596,      -11.48830081,      -12.06793979,      -11.98392017,      -10.93393309,             0.448,    0.003253940051,     0.05395525645,                 0,                 0,                 0,    -0.03099815649,    0.002076137985,     0.05401340089,                 0,       16.58151521
          0,           0,         597,      -11.50475556,      -12.09253705,      -12.00046268,      -10.95016152,             0.448,    0.003253940046,     0.05395525619,                 0,                 0,                 0,    -0.03099815653,    0.002076137986,     0.05401340063,                 0,       16.58151516
          0,           0,         598,      -11.52143461,      -12.11767032,      -12.01712397,      -10.96663104,             0.448,     0.00325394004,     0.05395525593,                 0,                 0,                 0,    -0.03099815658,    0.002076137986,     0.05401340037,                 0,        16.5815151
          0,           0,         599,      -11.53831143,      -12.14321987,      -12.03386027,      -10.98331983,             0.448,    0.003253940034,     0.05395525568,                 0,                 0,                 0,    -0.03099815662,    0.002076137985,     0.05401340012,                 0,       16.58151506
          0,           0,         600,      -11.55535539,      -12.16906123,      -12.05062148,      -11.00020223,             0.448,    0.003253940028,     0.05395525544,                 0,                 0,                 0,    -0.03099815666,    0.002076137984,     0.05401339987,                 0,       16.58151502
          0,           0,         601,      -11.57253243,      -12.19500246,      -12.06734954,      -11.01724913,             0.448,    0.003253940022,      0.0539552552,                 0,                 0,                 0,     -0.0309981567,    0.002076137983,     0.05401339964,                 0,       16.58151498
          0,           0,         602,       -11.5898031,      -12.22084986,      -12.08398907,      -11.03442568,             0.448,    0.003253940015,     0.05395525497,                 0,                 0,                 0,    -0.03099815673,    0.002076137981,     0.05401339941,                 0,       16.58151494
          0,           0,         603,      -11.60712404,      -12.24633061,      -12.10048668,      -11.05169278,             0.448,    0.003253940008,     0.05395525475,                 0,                 0,                 0,    -0.03099815677,    0.002076137979,     0.05401339919,                 0,       16.58151491
          0,           0,         604,      -11.62444907,      -12.27114268,      -12.11678081,      -11.06900823,             0.448,    0.003253940001,     0.05395525454,                 0,                 0,                 0,     -0.0309981568,    0.002076137977,     0.05401339898,                 0,       16.58151488
          0,           0,         605,      -11.64172557,      -12.29498943,      -12.13281268,      -11.08632302,             0.448,    0.003253939994,     0.05395525434,                 0,                 0,                 0,    -0.03099815683,    0.002076137974,     0.05401339878,                 0,       16.58151485
          0,           0,         606,      -11.65889927,      -12.31751569,      -12.14852981,      -11.10358538,             0.448,    0.003253939987,     0.05395525415,                 0,                 0,                 0,    -0.03099815686,    0.002076137971,     0.05401339859,                 0,       16.58151483
          0,           0,         607,      -11.67591245,      -12.33836357,      -12.16387425,      -11.12073853,             0.448,     0.00325393998,     0.05395525397,                 0,                 0,                 0,    -0.03099815688,    0.002076137968,     0.05401339841,                 0,       16.58151481
          0,           0,         608,      -11.69270513,      -12.35721591,      -12.17881136,      -11.13772351,             0.448,    0.003253939973,      0.0539552538,                 0,                 0,                 0,    -0.03099815691,    0.002076137965,     0.05401339824,                 0,       16.58151479
          0,           0,         609,      -11.70921594,      -12.37383469,      -12.19329463,      -11.15447719,             0.448,    0.003253939966,     0.05395525364,                 0,                 0,                 0,    -0.03099815693,    0.002076137961,     0.05401339807,                 0,       16.58151478
          0,           0,         610,      -11.72538569,      -12.38799261,      -12.20729439,      -11.17093744,             0.448,    0.003253939959,     0.05395525348,                 0,                 0,                 0,    -0.03099815695,    0.002076137958,     0.05401339792,                 0,       16.58151477
          0,           0,         611,      -11.74115431,      -12.39968411,      -12.22079237,       -11.1870395,             0.448,    0.003253939952,     0.05395525334,                 0,                 0,                 0,    -0.03099815697,    0.002076137954,     0.05401339778,                 0,       16.58151476
          0,           0,         612,      -11.75646889,      -12.40890056,      -12.23377833,      -11.20272398,             0.448,    0.003253939945,     0.05395525321,                 0,                 0,                 0,    -0.03099815698,     0.00207613795,     0.05401339765,                 0,       16.58151475
          0,           0,         613,      -11.77127823,      -12.41584224,      -12.24625384,      -11.21793148,             0.448,    0.003253939938,     0.05395525309,                 0,                 0,                 0,      -0.030998157,    0.002076137946,     0.05401339752,                 0,       16.58151475
          0,           0,         614,      -11.78554171,      -12.42069765,      -12.25824171,      -11.23261194,             0.448,    0.003253939932,     0.05395525297,                 0,                 0,                 0,    -0.03099815701,    0.002076137941,     0.05401339741,                 0,       16.58151475
          0,           0,         615,      -11.79922534,      -12.42382597,      -12.26974672,       -11.2467208,             0.448,    0.003253939925,     0.05395525287,                 0,                 0,                 0,    -0.03099815702,    0.002076137937,     0.05401339731,                 0,       16.58151475
          0,           0,         616,       -11.8123058,      -12.42558001,      -12.28081359,      -11.26022281,             0.448,    0.003253939919,     0.05395525278,                 0,                 0,                 0,    -0.03099815703,    0.002076137933,     0.05401339721,                 0,       16.58151476
          0,           0,         617,      -11.82477297,      -12.42624953,      -12.29147745,      -11.27309661,             0.448,    0.003253939912,     0.05395525269,                 0,                 0,                 0,    -0.03099815704,    0.002076137928,     0.05401339713,                 0,       16.58151476
          0,           0,         618,      -11.83662539,      -12.42618387,      -12.30178378,      -11.28532916,             0.448,    0.003253939906,     0.05395525261,                 0,                 0,                 0,    -0.03099815704,    0.002076137924,     0.05401339705,                 0,       16.58151477
          0,           0,         619,      -11.84787444,      -12.42569407,      -12.31177944,      -11.29692208,             0.448,    0.003253939901,     0.05395525255,                 0,                 0,                 0,    -0.03099815705,     0.00207613792,     0.05401339698,                 0,       16.58151478
          0,           0,         620,      -11.85854338,      -12.42499726,      -12.32151457,      -11.30788909,             0.448,    0.003253939895,     0.05395525249,                 0,                 0,                 0,    -0.03099815705,    0.002076137915,     0.05401339692,                 0,       16.58151479
          0,           0,         621,      -11.86866516,      -12.42435168,      -12.33104096,        -11.318256,             0.448,    0.003253939889,     0.05395525243,                 0,                 0,                 0,    -0.03099815706,    0.002076137911,     0.05401339687,                 0,        16.5815148
          0,           0,         622,      -11.87828287,      -12.42386625,      -12.34040987,      -11.32806093,             0.448,    0.003253939884,     0.05395525239,                 0,                 0,                 0,    -0.03099815706,    0.002076137907,     0.05401339683,                 0,       16.58151481
          0,           0,         623,      -11.88744508,      -12.42371556,      -12.34966691,      -11.33734909,             0.448,    0.003253939879,     0.05395525235,                 0,                 0,                 0,    -0.03099815706,    0.002076137902,     0.05401339679,                 0,       16.58151483
          0,           0,         624,      -11.89620864,      -12.42401027,      -12.35886483,      -11.34617811,             0.448,    0.003253939874,     0.05395525232,                 0,                 0,                 0,    -0.03099815706,    0.002076137898,     0.05401339676,                 0,       16.58151484
          0,           0,         625,      -11.90463318,      -12.42479413,      -12.36804888,      -11.35460772,             0.448,    0.003253939869,      0.0539552523,                 0,                 0,                 0,    -0.03099815706,    0.002076137894,     0.05401339674,                 0,       16.58151486
          0,           0,         626,      -11.91278109,      -12.42616284,      -12.37726054,       -11.3627039,             0.448,    0.003253939865,     0.05395525228,                 0,                 0,                 0,    -0.03099815706,     0.00207613789,     0.05401339672,                 0,       16.58151488
          0,           0,         627,      -11.92071716,      -12.42812358,      -12.38654033,       -11.3705353,             0.448,    0.003253939861,     0.05395525227,                 0,                 0,                 0,    -0.03099815705,    0.002076137886,     0.05401339671,                 0,        16.5815149
          0,           0,         628,      -11.92850424,      -12.43072276,      -12.39592537,      -11.37817037,             0.448,    0.003253939857,     0.05395525227,                 0,                 0,                 0,    -0.03099815705,    0.002076137882,      0.0540133967,                 0,       16.58151492
          0,           0,         629,      -11.93620428,      -12.43399811,      -12.40544891,      -11.38567734,             0.448,    0.003253939853,     0.05395525227,                 0,                 0,                 0,    -0.03099815705,    0.002076137878,      0.0540133967,                 0,       16.58151493
          0,           0,         630,      -11.94387804,      -12.43794362,      -12.41514464,      -11.39312348,             0.448,    0.003253939849,     0.05395525227,                 0,                 0,                 0,    -0.03099815704,    0.002076137874,     0.05401339671,                 0,       16.58151495
          0,           0,         631,      -11.95158089,      -12.44257289,      -12.42504158,      -11.40056959,             0.448,    0.003253939846,     0.05395525228,                 0,                 0,                 0,    -0.03099815704,    0.002076137871,     0.05401339672,                 0,       16.58151498
          0,           0,         632,      -11.95936656,      -12.44789869,      -12.43516174,       -11.4080764,             0.448,    0.003253939843,      0.0539552523,                 0,                 0,                 0,    -0.03099815703,    0.002076137867,     0.05401339673,                 0,         16.581515
          0,           0,         633,      -11.96728392,      -12.45393814,      -12.44552658,      -11.41569895,             0.448,     0.00325393984,     0.05395525232,                 0,                 0,                 0,    -0.03099815703,    0.002076137864,     0.05401339675,                 0,       16.58151502
          0,           0,         634,      -11.97537868,      -12.46067497,      -12.45615998,       -11.4234878,             0.448,    0.003253939837,     0.05395525234,                 0,                 0,                 0,    -0.03099815702,    0.002076137861,     0.05401339677,                 0,       16.58151504
          0,           0,         635,      -11.98369229,      -12.46814383,      -12.46707616,      -11.43149002,             0.448,    0.003253939834,     0.05395525236,                 0,                 0,                 0,    -0.03099815701,    0.002076137858,      0.0540133968,                 0,       16.58151506
          0,           0,         636,      -11.99226162,      -12.47633511,      -12.47828668,      -11.43974707,             0.448,    0.003253939832,     0.05395525239,                 0,                 0,                 0,      -0.030998157,    0.002076137855,     0.05401339683,                 0,       16.58151508
          0,           0,         637,      -12.00112036,      -12.48525856,       -12.4898068,      -11.44829681,             0.448,     0.00325393983,     0.05395525243,                 0,                 0,                 0,      -0.030998157,    0.002076137852,     0.05401339686,                 0,        16.5815151
          0,           0,         638,      -12.01029866,      -12.49491761,      -12.50164232,       -11.4571728,             0.448,    0.003253939828,     0.05395525246,                 0,                 0,                 0,    -0.03099815699,    0.002076137849,      0.0540133969,                 0,       16.58151512
          0,           0,         639,      -12.01982317,      -12.50531577,      -12.51379804,      -11.46640481,             0.448,    0.003253939826,      0.0539552525,                 0,                 0,                 0,    -0.03099815698,    0.002076137846,     0.05401339693,                 0,       16.58151514
          0,           0,         640,      -12.02971749,      -12.51648126,      -12.52628124,      -11.47601955,             0.448,    0.003253939825,     0.05395525254,                 0,                 0,                 0,    -0.03099815697,    0.002076137844,     0.05401339697,                 0,       16.58151516
          0,           0,         641,      -12.04000071,      -12.52841079,      -12.53908738,      -11.48603884,             0.448,    0.003253939823,     0.05395525258,                 0,                 0,                 0,    -0.03099815696,    0.002076137842,     0.05401339701,                 0,       16.58151518
          0,           0,         642,      -12.05069112,      -12.54110729,      -12.55221872,      -11.49648228,             0.448,    0.003253939822,     0.05395525262,                 0,                 0,                 0,    -0.03099815696,    0.002076137839,     0.05401339706,                 0,        16.5815152
          0,           0,         643,      -12.06180263,      -12.55457909,      -12.56566788,      -11.50736646,             0.448,    0.003253939821,     0.05395525267,                 0,                 0,                 0,    -0.03099815695,    0.002076137837,      0.0540133971,                 0,       16.58151522
          0,           0,         644,      -12.07334816,      -12.56885146,       -12.5794301,      -11.51870543,             0.448,     0.00325393982,     0.05395525272,                 0,                 0,                 0,    -0.03099815694,    0.002076137835,     0.05401339715,                 0,       16.58151524
          0,           0,         645,       -12.0853357,      -12.58393035,      -12.59349322,      -11.53050851,             0.448,    0.003253939819,     0.05395525276,                 0,                 0,                 0,    -0.03099815693,    0.002076137834,      0.0540133972,                 0,       16.58151526
          0,           0,         646,      -12.09777228,      -12.59978537,      -12.60785479,      -11.54278328,             0.448,    0.003253939819,     0.05395525281,                 0,                 0,                 0,    -0.03099815692,    0.002076137832,     0.05401339724,                 0,       16.58151528
          0,           0,         647,      -12.11066205,      -12.61647367,      -12.62249257,      -11.55553567,             0.448,    0.003253939818,     0.05395525286,                 0,                 0,                 0,    -0.03099815691,    0.002076137831,     0.05401339729,                 0,       16.58151529
          0,           0,         648,      -12.12400545,      -12.63398116,      -12.63738208,      -11.56876698,             0.448,    0.003253939818,     0.05395525291,                 0,                 0,                 0,    -0.03099815691,    0.002076137829,     0.05401339734,                 0,       16.58151531
          0,           0,         649,      -12.13780135,      -12.65231311,      -12.65251646,      -11.58247654,             0.448,    0.003253939818,     0.05395525296,                 0,                 0,                 0,     -0.0309981569,    0.002076137828,     0.05401339739,                 0,       16.58151533
          0,           0,         650,      -12.15204476,      -12.67148307,      -12.66786065,       -11.5966596,             0.448,    0.003253939818,     0.05395525301,                 0,                 0,                 0,    -0.03099815689,    0.002076137827,     0.05401339744,                 0,       16.58151534
          0,           0,         651,      -12.16672954,       -12.6914282,      -12.68341065,      -11.61131111,             0.448,    0.003253939818,     0.05395525306,                 0,                 0,                 0,    -0.03099815688,    0.002076137826,     0.05401339749,                 0,       16.58151536
          0,           0,         652,      -12.18184178,      -12.71221496,      -12.69912096,      -11.62641685,             0.448,    0.003253939818,     0.05395525311,                 0,                 0,                 0,    -0.03099815687,    0.002076137825,     0.05401339754,                 0,       16.58151537
          0,           0,         653,       -12.1973678,      -12.73379341,      -12.71497149,       -11.6419641,             0.448,    0.003253939818,     0.05395525315,                 0,                 0,                 0,    -0.03099815687,    0.002076137824,     0.05401339759,                 0,       16.58151538
          0,           0,         654,      -12.21328775,      -12.75617191,      -12.73091348,      -11.65793288,             0.448,    0.003253939819,      0.0539552532,                 0,                 0,                 0,    -0.03099815686,    0.002076137824,     0.05401339764,                 0,        16.5815154
          0,           0,         655,      -12.22957922,      -12.77930304,      -12.74691892,      -11.67430059,             0.448,    0.003253939819,     0.05395525325,                 0,                 0,                 0,    -0.03099815685,    0.002076137823,     0.05401339768,                 0,       16.58151541
          0,           0,         656,      -12.24621164,      -12.80317002,       -12.7629499,      -11.69103556,             0.448,     0.00325393982,      0.0539552533,                 0,                 0,                 0,    -0.03099815684,    0.002076137823,     0.05401339773,                 0,       16.58151542
          0,           0,         657,      -12.26315273,      -12.82768558,      -12.77896521,      -11.70810676,             0.448,    0.003253939821,     0.05395525334,                 0,                 0,                 0,    -0.03099815684,    0.002076137822,     0.05401339778,                 0,       16.58151543
          0,           0,         658,       -12.2803612,      -12.85279295,      -12.79492273,      -11.72547178,             0.448,    0.003253939821,     0.05395525339,                 0,                 0,                 0,    -0.03099815683,    0.002076137822,     0.05401339782,                 0,       16.58151544
          0,           0,         659,      -12.29779065,      -12.87841227,      -12.81078487,      -11.74308352,             0.448,    0.003253939822,     0.05395525343,                 0,                 0,                 0,    -0.03099815682,    0.002076137822,     0.05401339786,                 0,       16.58151545
          0,           0,         660,       -12.3153885,      -12.90440821,      -12.82647982,      -11.76088838,             0.448,    0.003253939823,     0.05395525347,                 0,                 0,                 0,    -0.03099815682,    0.002076137822,      0.0540133979,                 0,       16.58151546
          0,           0,         661,      -12.33309752,      -12.93056799,      -12.84200456,       -11.7788263,             0.448,    0.003253939824,     0.05395525351,                 0,                 0,                 0,    -0.03099815681,    0.002076137822,     0.05401339795,                 0,       16.58151546
          0,           0,         662,      -12.35084797,        -12.956805,       -12.8572691,      -11.79682638,             0.448,    0.003253939825,     0.05395525355,                 0,                 0,                 0,     -0.0309981568,    0.002076137822,     0.05401339798,                 0,       16.58151547
          0,           0,         663,      -12.36856989,       -12.9827534,       -12.8722407,      -11.81481813,             0.448,    0.003253939826,     0.05395525359,                 0,                 0,                 0,     -0.0309981568,    0.002076137822,     0.05401339802,                 0,       16.58151548
          0,           0,         664,      -12.38618047,      -13.00826596,      -12.88689556,      -11.83271338,             0.448,    0.003253939827,     0.05395525362,                 0,                 0,                 0,    -0.03099815679,    0.002076137823,     0.05401339806,                 0,       16.58151548
          0,           0,         665,      -12.40360396,      -13.03286764,      -12.90117761,      -11.85043215,             0.448,    0.003253939828,     0.05395525366,                 0,                 0,                 0,    -0.03099815679,    0.002076137823,     0.05401339809,                 0,       16.58151549
          0,           0,         666,       -12.4207426,      -13.05640103,      -12.91505849,      -11.86787333,             0.448,    0.003253939829,     0.05395525369,                 0,                 0,                 0,    -0.03099815678,    0.002076137824,     0.05401339812,                 0,       16.58151549
          0,           0,         667,      -12.43750987,      -13.07827341,      -12.92852316,      -11.88494534,             0.448,    0.003253939831,     0.05395525372,                 0,                 0,                 0,    -0.03099815678,    0.002076137824,     0.05401339816,                 0,        16.5815155
          0,           0,         668,      -12.45381754,      -13.09828363,      -12.94154328,      -11.90155342,             0.448,    0.003253939832,     0.05395525375,                 0,                 0,                 0,    -0.03099815677,    0.002076137825,     0.05401339819,                 0,        16.5815155
          0,           0,         669,      -12.46957503,      -13.11595091,      -12.95410865,      -11.91760074,             0.448,    0.003253939833,     0.05395525378,                 0,                 0,                 0,    -0.03099815677,    0.002076137825,     0.05401339821,                 0,        16.5815155
          0,           0,         670,      -12.48469303,      -13.13128101,      -12.96621645,      -11.93299752,             0.448,    0.003253939834,     0.05395525381,                 0,                 0,                 0,    -0.03099815676,    0.002076137826,     0.05401339824,                 0,        16.5815155
          0,           0,         671,      -12.49910315,      -13.14399297,      -12.97787494,      -11.94766281,             0.448,    0.003253939835,     0.05395525383,                 0,                 0,                 0,    -0.03099815676,    0.002076137827,     0.05401339826,                 0,        16.5815155
          0,           0,         672,      -12.51274986,       -13.1538772,      -12.98910783,      -11.96154118,             0.448,    0.003253939837,     0.05395525385,                 0,                 0,                 0,    -0.03099815676,    0.002076137827,     0.05401339829,                 0,        16.5815155
          0,           0,         673,      -12.52557823,      -13.16134443,      -12.99991946,      -11.97456934,             0.448,    0.003253939838,     0.05395525387,                 0,                 0,                 0,    -0.03099815675,    0.002076137828,     0.05401339831,                 0,        16.5815155
          0,           0,         674,      -12.53757358,      -13.16635086,      -13.01036919,      -11.98673369,             0.448,    0.003253939839,     0.05395525389,                 0,                 0,                 0,    -0.03099815675,    0.002076137829,     0.05401339833,                 0,        16.5815155
          0,           0,         675,      -12.54871833,      -13.16941986,      -13.02043915,      -11.99801196,             0.448,     0.00325393984,     0.05395525391,                 0,                 0,                 0,    -0.03099815675,     0.00207613783,     0.05401339835,                 0,        16.5815155
          0,           0,         676,       -12.5590338,      -13.17075278,       -13.0302142,      -12.00842569,             0.448,    0.003253939842,     0.05395525393,                 0,                 0,                 0,    -0.03099815675,    0.002076137831,     0.05401339836,                 0,        16.5815155
          0,           0,         677,      -12.56854737,      -13.17074131,      -13.03971526,      -12.01800126,             0.448,    0.003253939843,     0.05395525394,                 0,                 0,                 0,    -0.03099815674,    0.002076137831,     0.05401339838,                 0,        16.5815155
          0,           0,         678,       -12.5773211,       -13.1695926,      -13.04898859,      -12.02680472,             0.448,    0.003253939844,     0.05395525396,                 0,                 0,                 0,    -0.03099815674,    0.002076137832,     0.05401339839,                 0,        16.5815155
          0,           0,         679,      -12.58540651,      -13.16786669,      -13.05805523,      -12.03489007,             0.448,    0.003253939845,     0.05395525397,                 0,                 0,                 0,    -0.03099815674,    0.002076137833,     0.05401339841,                 0,        16.5815155
          0,           0,         680,      -12.59288211,      -13.16582713,      -13.06696864,      -12.04233603,             0.448,    0.003253939846,     0.05395525398,                 0,                 0,                 0,    -0.03099815674,    0.002076137834,     0.05401339842,                 0,        16.5815155
          0,           0,         681,      -12.59983472,      -13.16364795,      -13.07577152,       -12.0492365,             0.448,    0.003253939847,     0.05395525399,                 0,                 0,                 0,    -0.03099815673,    0.002076137835,     0.05401339843,                 0,       16.58151549
          0,           0,         682,      -12.60635241,      -13.16141934,      -13.08451037,      -12.05568242,             0.448,    0.003253939848,       0.053955254,                 0,                 0,                 0,    -0.03099815673,    0.002076137836,     0.05401339844,                 0,       16.58151549
          0,           0,         683,      -12.61252322,      -13.15940639,      -13.09320261,      -12.06176675,             0.448,    0.003253939849,     0.05395525401,                 0,                 0,                 0,    -0.03099815673,    0.002076137837,     0.05401339844,                 0,       16.58151549
          0,           0,         684,      -12.61843149,      -13.15785686,       -13.1018794,      -12.06757353,             0.448,    0.003253939851,     0.05395525402,                 0,                 0,                 0,    -0.03099815673,    0.002076137838,     0.05401339845,                 0,       16.58151548
          0,           0,         685,      -12.62416151,      -13.15677788,      -13.11058015,      -12.07319687,             0.448,    0.003253939851,     0.05395525402,                 0,                 0,                 0,    -0.03099815673,    0.002076137838,     0.05401339846,                 0,       16.58151548
          0,           0,         686,      -12.62979034,       -13.1562031,      -13.11931875,      -12.07871293,             0.448,    0.003253939852,     0.05395525403,                 0,                 0,                 0,    -0.03099815673,    0.002076137839,     0.05401339846,                 0,       16.58151548
          0,           0,         687,      -12.63539348,      -13.15625811,      -13.12813724,      -12.08419811,             0.448,    0.003253939853,     0.05395525403,                 0,                 0,                 0,    -0.03099815673,     0.00207613784,     0.05401339846,                 0,       16.58151547
          0,           0,         688,      -12.64103421,      -13.15690518,      -13.13703901,      -12.08972259,             0.448,    0.003253939854,     0.05395525403,                 0,                 0,                 0,    -0.03099815673,    0.002076137841,     0.05401339847,                 0,       16.58151547
          0,           0,         689,      -12.64676709,      -13.15828283,        -13.146046,      -12.09533713,             0.448,    0.003253939855,     0.05395525403,                 0,                 0,                 0,    -0.03099815673,    0.002076137842,     0.05401339847,                 0,       16.58151547
          0,           0,         690,      -12.65265196,      -13.16032359,      -13.15518685,      -12.10110723,             0.448,    0.003253939856,     0.05395525404,                 0,                 0,                 0,    -0.03099815673,    0.002076137843,     0.05401339847,                 0,       16.58151546
          0,           0,         691,      -12.65872605,      -13.16314905,      -13.16446424,       -12.1070679,             0.448,    0.003253939857,     0.05395525403,                 0,                 0,                 0,    -0.03099815673,    0.002076137843,     0.05401339847,                 0,       16.58151546
          0,           0,         692,      -12.66502891,      -13.16659353,      -13.17390173,      -12.11326061,             0.448,    0.003253939858,     0.05395525403,                 0,                 0,                 0,    -0.03099815673,    0.002076137844,     0.05401339847,                 0,       16.58151545
          0,           0,         693,       -12.6715966,      -13.17081228,      -13.18349857,      -12.11971898,             0.448,    0.003253939858,     0.05395525403,                 0,                 0,                 0,    -0.03099815673,    0.002076137845,     0.05401339847,                 0,       16.58151545
          0,           0,         694,       -12.6784567,      -13.17593242,      -13.19328658,       -12.1264762,             0.448,    0.003253939859,     0.05395525403,                 0,                 0,                 0,    -0.03099815673,    0.002076137846,     0.05401339846,                 0,       16.58151545
          0,           0,         695,      -12.68563112,      -13.18160574,      -13.20324808,      -12.13354654,             0.448,     0.00325393986,     0.05395525403,                 0,                 0,                 0,    -0.03099815673,    0.002076137846,     0.05401339846,                 0,       16.58151544
          0,           0,         696,      -12.69313961,       -13.1881615,      -13.21341575,      -12.14095196,             0.448,     0.00325393986,     0.05395525402,                 0,                 0,                 0,    -0.03099815673,    0.002076137847,     0.05401339846,                 0,       16.58151544
          0,           0,         697,      -12.70099906,      -13.19543704,       -13.2237775,      -12.14870942,             0.448,    0.003253939861,     0.05395525402,                 0,                 0,                 0,    -0.03099815673,    0.002076137848,     0.05401339845,                 0,       16.58151543
          0,           0,         698,      -12.70921962,      -13.20341739,      -13.23435753,      -12.15683007,             0.448,    0.003253939861,     0.05395525401,                 0,                 0,                 0,    -0.03099815673,    0.002076137848,     0.05401339845,                 0,       16.58151543
          0,           0,         699,      -12.71781256,      -13.21218586,      -13.24514258,      -12.16532199,             0.448,    0.003253939862,     0.05395525401,                 0,                 0,                 0,    -0.03099815673,    0.002076137849,     0.05401339844,                 0,       16.58151543
          0,           0,         700,      -12.72678095,      -13.22168083,      -13.25612624,      -12.17418754,             0.448,    0.003253939862,       0.053955254,                 0,                 0,                 0,    -0.03099815673,    0.002076137849,     0.05401339844,                 0,       16.58151542
          0,           0,         701,      -12.73613639,      -13.23196637,      -13.26734752,      -12.18343998,             0.448,    0.003253939863,       0.053955254,                 0,                 0,                 0,    -0.03099815673,     0.00207613785,     0.05401339843,                 0,       16.58151542
          0,           0,         702,      -12.74587851,      -13.24302486,      -13.27875017,      -12.19307678,             0.448,    0.003253939863,     0.05395525399,                 0,                 0,                 0,    -0.03099815673,    0.002076137851,     0.05401339843,                 0,       16.58151541
          0,           0,         703,       -12.7560066,      -13.25477976,      -13.29039633,      -12.20309802,             0.448,    0.003253939863,     0.05395525398,                 0,                 0,                 0,    -0.03099815673,    0.002076137851,     0.05401339842,                 0,       16.58151541
          0,           0,         704,      -12.76651846,      -13.26729388,      -13.30226893,      -12.21350287,             0.448,    0.003253939864,     0.05395525398,                 0,                 0,                 0,    -0.03099815674,    0.002076137851,     0.05401339841,                 0,       16.58151541
          0,           0,         705,      -12.77741656,      -13.28063979,      -13.31436626,      -12.22429004,             0.448,    0.003253939864,     0.05395525397,                 0,                 0,                 0,    -0.03099815674,    0.002076137852,      0.0540133984,                 0,        16.5815154
          0,           0,         706,      -12.78869115,      -13.29474613,      -13.32664907,      -12.23545383,             0.448,    0.003253939864,     0.05395525396,                 0,                 0,                 0,    -0.03099815674,    0.002076137852,      0.0540133984,                 0,        16.5815154
          0,           0,         707,      -12.80033746,      -13.30958166,      -13.33909827,      -12.24698844,             0.448,    0.003253939864,     0.05395525395,                 0,                 0,                 0,    -0.03099815674,    0.002076137853,     0.05401339839,                 0,        16.5815154
          0,           0,         708,      -12.81235142,      -13.32525011,      -13.35177604,       -12.2588876,             0.448,    0.003253939864,     0.05395525395,                 0,                 0,                 0,    -0.03099815674,    0.002076137853,     0.05401339838,                 0,       16.58151539
          0,           0,         709,      -12.82472133,      -13.34164836,      -13.36463083,      -12.27114193,             0.448,    0.003253939864,     0.05395525394,                 0,                 0,                 0,    -0.03099815674,    0.002076137853,     0.05401339837,                 0,       16.58151539
          0,           0,         710,      -12.83743825,      -13.35883918,      -13.37767359,      -12.28374654,             0.448,    0.003253939865,     0.05395525393,                 0,                 0,                 0,    -0.03099815674,    0.002076137854,     0.05401339836,                 0,       16.58151539
          0,           0,         711,      -12.85048519,      -13.37691984,      -13.39084778,       -12.2966848,             0.448,    0.003253939865,     0.05395525392,                 0,                 0,                 0,    -0.03099815675,    0.002076137854,     0.05401339836,                 0,       16.58151538
          0,           0,         712,      -12.86385306,      -13.39570497,       -13.4041481,      -12.30994324,             0.448,    0.003253939865,     0.05395525391,                 0,                 0,                 0,    -0.03099815675,    0.002076137854,     0.05401339835,                 0,       16.58151538
          0,           0,         713,       -12.8775162,      -13.41524491,      -13.41756412,      -12.32350664,             0.448,    0.003253939865,      0.0539552539,                 0,                 0,                 0,    -0.03099815675,    0.002076137854,     0.05401339834,                 0,       16.58151538
          0,           0,         714,      -12.89147002,      -13.43565053,      -13.43115312,      -12.33736507,             0.448,    0.003253939865,      0.0539552539,                 0,                 0,                 0,    -0.03099815675,    0.002076137854,     0.05401339833,                 0,       16.58151538
          0,           0,         715,      -12.90568037,      -13.45666481,      -13.44478463,      -12.35149229,             0.448,    0.003253939865,     0.05395525389,                 0,                 0,                 0,    -0.03099815675,    0.002076137854,     0.05401339832,                 0,       16.58151537
          0,           0,         716,      -12.92012416,      -13.47865764,      -13.45846945,      -12.36586393,             0.448,    0.003253939865,     0.05395525388,                 0,                 0,                 0,    -0.03099815675,    0.002076137855,     0.05401339831,                 0,       16.58151537
          0,           0,         717,      -12.93478055,      -13.50119336,      -13.47221588,      -12.38045964,             0.448,    0.003253939864,     0.05395525387,                 0,                 0,                 0,    -0.03099815676,    0.002076137855,      0.0540133983,                 0,       16.58151537
          0,           0,         718,      -12.94961725,      -13.52445709,      -13.48586463,      -12.39525609,             0.448,    0.003253939864,     0.05395525386,                 0,                 0,                 0,    -0.03099815676,    0.002076137855,      0.0540133983,                 0,       16.58151537
          0,           0,         719,      -12.96460509,      -13.54815082,       -13.4996193,       -12.4102233,             0.448,    0.003253939864,     0.05395525385,                 0,                 0,                 0,    -0.03099815676,    0.002076137855,     0.05401339829,                 0,       16.58151536
          0,           0,         720,      -12.97969603,      -13.57243935,      -13.51324635,      -12.42532078,             0.448,    0.003253939864,     0.05395525385,                 0,                 0,                 0,    -0.03099815676,    0.002076137855,     0.05401339828,                 0,       16.58151536
          0,           0,         721,       -12.9948519,      -13.59727039,      -13.52682431,      -12.44050645,             0.448,    0.003253939864,     0.05395525384,                 0,                 0,                 0,    -0.03099815676,    0.002076137855,     0.05401339827,                 0,       16.58151536
          0,           0,         722,      -13.01004303,      -13.62223726,      -13.54032221,      -12.45575779,             0.448,    0.003253939864,     0.05395525383,                 0,                 0,                 0,    -0.03099815676,    0.002076137855,     0.05401339826,                 0,       16.58151536
