"Time_Iter","Outer_Iter","Inner_Iter",    "rms[Rho]"    ,    "rms[RhoU]"   ,    "rms[RhoV]"   ,    "rms[RhoE]"   ,    "RefForce"    ,       "CD"       ,       "CL"       ,       "CSF"      ,       "CMx"      ,       "CMy"      ,       "CMz"      ,       "CFx"      ,       "CFy"      ,       "CFz"      ,      "CEff"      
          0,           0,           0,      -3.581346624,      -3.698349651,      -4.145839474,       -2.98496948,             0.448,       0.240716284,      0.1401739509,                 0,                 0,                 0,     0.01642535722,      0.2376011214,      0.1453917914,                 0,      0.5823201846
          0,           0,           1,      -3.833736448,      -3.708488345,      -3.735662341,      -3.222809686,             0.448,     0.09245166734,     0.03009344044,                 0,                 0,                 0,   -0.006982718805,     0.09177318141,     0.03210310151,                 0,      0.3255045723
          0,           0,           2,      -3.768591393,      -3.680329821,      -3.700696357,      -3.170203407,             0.448,     0.06811452796,     0.03872367787,                 0,                 0,                 0,   -0.008467952114,     0.06725356596,     0.04020037328,                 0,      0.5685083496
          0,           0,           3,      -3.714040179,      -3.724734138,      -3.702056829,      -3.121669288,             0.448,     0.08299578581,      0.0713247574,                 0,                 0,                 0,   -0.006376452588,     0.08142009368,     0.07311832757,                 0,        0.85937806
          0,           0,           4,      -3.663353512,      -3.692493864,      -3.668822491,      -3.074183807,             0.448,     0.06273100048,     0.06682878673,                 0,                 0,                 0,     -0.0101100932,      0.0612582099,     0.06818135285,                 0,       1.065323145
          0,           0,           5,      -3.658609704,      -3.669989373,      -3.662073294,      -3.073535836,             0.448,     0.04948386842,     0.06248282401,                 0,                 0,                 0,     -0.0149390198,     0.04810903697,     0.06354743969,                 0,       1.262690772
          0,           0,           6,      -3.655039844,      -3.788651027,      -3.699968984,      -3.076449988,             0.448,     0.04547720402,     0.06121881508,                 0,                 0,                 0,    -0.01873425177,     0.04413090027,     0.06219632664,                 0,       1.346142895
          0,           0,           7,      -3.659256125,      -3.791442922,      -3.690717304,      -3.082863431,             0.448,     0.04094977475,     0.05844553467,                 0,                 0,                 0,    -0.02143347506,      0.0396650472,     0.05932494084,                 0,       1.427249234
          0,           0,           8,      -3.642208289,      -3.714630196,      -3.704560115,       -3.06482035,             0.448,     0.03524231036,     0.05618183224,                 0,                 0,                 0,    -0.02315702112,     0.03400832344,     0.05693726943,                 0,       1.594158602
          0,           0,           9,      -3.656733542,      -3.751822871,      -3.710604667,      -3.082887319,             0.448,     0.03054224198,     0.05473380372,                 0,                 0,                 0,    -0.02422667024,     0.02934096211,     0.05538705406,                 0,       1.792068957
          0,           0,          10,      -3.663400386,      -3.808583767,      -3.737969029,      -3.093557754,             0.448,     0.02724249671,     0.05377059251,                 0,                 0,                 0,    -0.02477282987,     0.02606301444,      0.0543520885,                 0,       1.973776232
          0,           0,          11,      -3.669556914,      -3.834469918,      -3.762274508,      -3.102033096,             0.448,     0.02421261062,     0.05305903312,                 0,                 0,                 0,    -0.02490301097,     0.02304937197,     0.05357460182,                 0,       2.191380101
          0,           0,          12,      -3.674695983,      -3.846382041,       -3.77304028,      -3.107704505,             0.448,     0.02096262904,      0.0521734603,                 0,                 0,                 0,    -0.02500590058,     0.01981948246,     0.05261834177,                 0,       2.488879625
          0,           0,          13,      -3.677928218,      -3.852403964,      -3.782508078,      -3.109536396,             0.448,     0.01776691589,     0.05131283258,                 0,                 0,                 0,    -0.02521991961,      0.0166433043,     0.05168820475,                 0,       2.888111414
          0,           0,          14,      -3.686049278,      -3.860278359,       -3.79336879,      -3.115520194,             0.448,     0.01481210439,     0.05092876535,                 0,                 0,                 0,    -0.02542672963,     0.01369757435,     0.05123977004,                 0,       3.438320715
          0,           0,          15,      -3.696328371,      -3.869428692,      -3.809304425,       -3.12393418,             0.448,     0.01204062645,     0.05094286583,                 0,                 0,                 0,    -0.02561265629,     0.01092644835,     0.05119340769,                 0,       4.230914898
          0,           0,          16,      -3.707333514,      -3.875156687,      -3.830698467,      -3.134401801,             0.448,    0.009355281225,     0.05109146607,                 0,                 0,                 0,    -0.02581269808,    0.008238500463,     0.05128339207,                 0,        5.46124321
          0,           0,          17,       -3.72009058,      -3.875829873,      -3.853876884,      -3.148207709,             0.448,    0.006713696537,     0.05130412827,                 0,                 0,                 0,    -0.02600926199,    0.005592905199,     0.05143837779,                 0,       7.641710938
          0,           0,          18,      -3.734900213,      -3.873215898,      -3.877645564,      -3.164923635,             0.448,    0.004123225723,     0.05156380088,                 0,                 0,                 0,    -0.02620117065,    0.002997386119,     0.05164147779,                 0,       12.50569441
          0,           0,          19,      -3.752613433,      -3.871873944,      -3.903949754,      -3.184471994,             0.448,    0.001618990114,     0.05170521981,                 0,                 0,                 0,    -0.02646358359,   0.0004906614122,     0.05172823345,                 0,       31.93671127
          0,           0,          20,      -3.773972356,      -3.876157206,       -3.93445978,      -3.207070503,             0.448,  -0.0007285739993,      0.0516388733,                 0,                 0,                 0,    -0.02681470328,   -0.001854896703,     0.05161069088,                 0,      -70.87663483
          0,           0,          21,      -3.797421393,      -3.887254997,      -3.968421275,      -3.231044197,             0.448,   -0.002810713641,     0.05155864687,                 0,                 0,                 0,    -0.02716138726,   -0.003934790721,     0.05148506191,                 0,      -18.34361427
          0,           0,          22,      -3.820311287,      -3.903497622,      -4.002408744,      -3.253907535,             0.448,   -0.004520073122,     0.05171106827,                 0,                 0,                 0,    -0.02742935356,   -0.005647068476,     0.05160015756,                 0,      -11.44031676
          0,           0,          23,      -3.841580665,      -3.922028581,      -4.032792069,      -3.274825502,             0.448,   -0.005779808462,     0.05220602327,                 0,                 0,                 0,    -0.02760873099,    -0.00691730142,     0.05206751379,                 0,      -9.032483275
          0,           0,          24,      -3.861341143,      -3.940421915,      -4.058376669,      -3.294081156,             0.448,   -0.006518541501,     0.05326688672,                 0,                 0,                 0,    -0.02763104975,   -0.007679001275,     0.05311200941,                 0,      -8.171595856
          0,           0,          25,      -3.880642795,      -3.958181958,      -4.080750601,      -3.312888478,             0.448,   -0.006743691991,     0.05469147435,                 0,                 0,                 0,    -0.02760968377,     -0.0079351754,     0.05453134639,                 0,      -8.110019618
          0,           0,          26,      -3.900885804,      -3.976853507,      -4.102144911,      -3.332757864,             0.448,   -0.006484254285,     0.05631252086,                 0,                 0,                 0,    -0.02763218979,   -0.007711162376,     0.05615766674,                 0,       -8.68450224
          0,           0,          27,      -3.923149754,      -3.998347069,      -4.124611951,      -3.354901082,             0.448,   -0.005777701477,      0.0581197085,                 0,                 0,                 0,    -0.02770684373,     -0.0070442013,     0.05797983769,                 0,      -10.05931316
          0,           0,          28,      -3.947363149,      -4.024072125,      -4.150117593,       -3.37932807,             0.448,   -0.004699695827,     0.06001749444,                 0,                 0,                 0,    -0.02786982597,   -0.006007852167,     0.05990068857,                 0,      -12.77050615
          0,           0,          29,      -3.973007575,      -4.054962687,      -4.180212779,      -3.405606828,             0.448,    -0.00336025537,     0.06188733218,                 0,                 0,                 0,    -0.02814304624,   -0.004709520757,     0.06179930109,                 0,      -18.41744908
          0,           0,          30,      -4.000264905,       -4.09145913,      -4.215189138,      -3.434046673,             0.448,   -0.001877120678,     0.06360946567,                 0,                 0,                 0,    -0.02853450234,   -0.003264307155,     0.06355337916,                 0,      -33.88672151
          0,           0,          31,       -4.02969992,      -4.133422909,      -4.253990775,      -3.465017461,             0.448,  -0.0003550334589,     0.06504910817,                 0,                 0,                 0,    -0.02906201568,   -0.001773987787,     0.06502588323,                 0,      -183.2196559
          0,           0,          32,      -4.061028236,      -4.179821439,      -4.294393403,      -3.497815712,             0.448,    0.001117087322,     0.06611198319,                 0,                 0,                 0,    -0.02974502942,   -0.000325403827,     0.06612061946,                 0,       59.18246665
          0,           0,          33,      -4.093762247,      -4.228608831,      -4.333431528,      -3.531678113,             0.448,    0.002468158343,     0.06672598785,                 0,                 0,                 0,    -0.03059128979,    0.001011951234,     0.06676395147,                 0,       27.03472735
          0,           0,          34,      -4.127399189,      -4.276866983,      -4.368733634,       -3.56587633,             0.448,    0.003655939692,      0.0669452348,                 0,                 0,                 0,    -0.03154576086,    0.002194667076,     0.06700905755,                 0,       18.31136191
          0,           0,          35,      -4.161287958,      -4.321762731,      -4.399837983,      -3.599738895,             0.448,    0.004653695159,     0.06687532001,                 0,                 0,                 0,    -0.03253585466,    0.003193710288,     0.06696092532,                 0,       14.37036972
          0,           0,          36,      -4.194910902,      -4.362050814,      -4.428279627,      -3.632930197,             0.448,    0.005438961424,     0.06660330612,                 0,                 0,                 0,     -0.0335050641,    0.003984723632,     0.06670610665,                 0,       12.24559267
          0,           0,          37,      -4.227677563,      -4.398697198,      -4.456596957,       -3.66519264,             0.448,    0.005994495758,     0.06617575973,                 0,                 0,                 0,    -0.03441517546,     0.00454945264,     0.06629078092,                 0,       11.03942056
          0,           0,          38,      -4.258993798,      -4.433950904,      -4.487325964,      -3.696209447,             0.448,    0.006315078161,     0.06563552125,                 0,                 0,                 0,    -0.03522926888,    0.004881743993,     0.06575766447,                 0,       10.39346142
          0,           0,          39,      -4.288486377,      -4.469892903,      -4.522103319,      -3.725744929,             0.448,    0.006408821806,     0.06504605922,                 0,                 0,                 0,    -0.03591160168,    0.004988324376,     0.06517038773,                 0,       10.14945667
          0,           0,          40,      -4.316032478,      -4.507624629,      -4.561116906,      -3.753730386,             0.448,     0.00629591234,      0.0644753362,                 0,                 0,                 0,     -0.0364355355,    0.004887892037,     0.06459733742,                 0,       10.24082495
          0,           0,          41,      -4.341758455,      -4.547157112,      -4.603077772,      -3.780262072,             0.448,     0.00600627448,     0.06397821507,                 0,                 0,                 0,    -0.03679057296,    0.004609167743,     0.06409401618,                 0,       10.65189666
          0,           0,          42,      -4.365834257,      -4.587612046,       -4.64545982,      -3.805391384,             0.448,    0.005575854642,     0.06359956269,                 0,                 0,                 0,    -0.03697990401,    0.004187110591,     0.06370606434,                 0,       11.40624474
          0,           0,          43,      -4.388508291,      -4.627582492,       -4.68518502,      -3.829191046,             0.448,    0.005042326154,     0.06336129812,                 0,                 0,                 0,    -0.03702259224,    0.003658906782,     0.06345621762,                 0,        12.5658865
          0,           0,          44,      -4.410001655,      -4.665566122,      -4.719829501,      -3.851728839,             0.448,    0.004442721969,     0.06326982211,                 0,                 0,                 0,     -0.0369430577,    0.003061440826,     0.06335168307,                 0,       14.24122926
          0,           0,          45,      -4.430325093,       -4.70023891,      -4.748661382,      -3.872897105,             0.448,    0.003811713893,     0.06332066035,                 0,                 0,                 0,    -0.03676732854,    0.002429473883,     0.06338874385,                 0,       16.61212308
          0,           0,          46,      -4.449312833,      -4.730660874,      -4.772748165,      -3.892481997,             0.448,    0.003180896254,     0.06350766045,                 0,                 0,                 0,    -0.03651948163,    0.001794726975,     0.06356193823,                 0,       19.96533536
          0,           0,          47,      -4.466738535,      -4.756592174,      -4.794052444,      -3.910273832,             0.448,    0.002577369534,     0.06382148175,                 0,                 0,                 0,    -0.03622020008,    0.001184497903,     0.06386251898,                 0,       24.76225504
          0,           0,          48,      -4.482307822,      -4.778626439,      -4.814529257,      -3.926023159,             0.448,    0.002024572754,     0.06424344931,                 0,                 0,                 0,    -0.03589080323,   0.0006226274994,     0.06427232693,                 0,       31.73185512
          0,           0,          49,      -4.495980301,      -4.798168633,      -4.835344656,      -3.939770408,             0.448,    0.001539936358,     0.06476468029,                 0,                 0,                 0,    -0.03554229893,   0.0001267358404,     0.06478286159,                 0,       42.05672523
          0,           0,          50,      -4.508015555,      -4.817042755,      -4.856693295,      -3.951869461,             0.448,     0.00113502515,     0.06537294438,                 0,                 0,                 0,    -0.03518409095,  -0.0002913482216,     0.06538214783,                 0,       57.59603159
          0,           0,          51,      -4.518902466,      -4.837028323,      -4.878050614,      -3.962905952,             0.448,   0.0008168848825,     0.06606402632,                 0,                 0,                 0,    -0.03482070409,  -0.0006244886531,     0.06606612512,                 0,       80.87311656
          0,           0,          52,      -4.529231176,      -4.859437387,      -4.898368181,      -3.973517556,             0.448,   0.0005880889824,     0.06683635347,                 0,                 0,                 0,    -0.03445461629,   -0.000870078334,     0.06683327733,                 0,       113.6500691
          0,           0,          53,      -4.539399256,      -4.884888047,      -4.916988639,      -3.984065956,             0.448,   0.0004465443293,     0.06767903804,                 0,                 0,                 0,    -0.03409300345,    -0.00102997237,     0.06767267358,                 0,       151.5617456
          0,           0,          54,       -4.54986926,      -4.913331923,      -4.934072466,      -3.994970091,             0.448,   0.0003871397012,      0.0685773872,                 0,                 0,                 0,    -0.03374651133,   -0.001108960245,     0.06856951305,                 0,       177.1386065
          0,           0,          55,      -4.561262699,      -4.944247179,      -4.950679242,      -4.006810719,             0.448,   0.0003994555337,     0.06949910646,                 0,                 0,                 0,     -0.0334297129,   -0.001116754543,     0.06949128163,                 0,        173.984588
          0,           0,          56,      -4.574242248,       -4.97662846,      -4.968360305,      -4.020187247,             0.448,   0.0004704769726,     0.07041929221,                 0,                 0,                 0,     -0.0331503069,   -0.001065823752,     0.07041279772,                 0,       149.6763844
          0,           0,          57,      -4.589097829,      -5.009419034,      -4.988130365,      -4.035387821,             0.448,   0.0005880254753,     0.07132341416,                 0,                 0,                 0,    -0.03290931111,   -0.000968026539,     0.07131926882,                 0,       121.2930683
          0,           0,          58,      -4.606032072,      -5.041845058,      -5.010417137,      -4.052665336,             0.448,   0.0007394216312,      0.0722010794,                 0,                 0,                 0,    -0.03270827488,  -0.0008358125775,     0.07220002789,                 0,        97.6453438
          0,           0,          59,      -4.625035855,      -5.073522383,       -5.03485793,      -4.072071125,             0.448,   0.0009105525448,     0.07303191958,                 0,                 0,                 0,    -0.03255282184,  -0.0006828470716,     0.07303440356,                 0,       80.20615614
          0,           0,          60,      -4.645864378,      -5.104327436,      -5.060388048,      -4.093412749,             0.448,    0.001087614453,     0.07379878189,                 0,                 0,                 0,    -0.03244580553,  -0.0005225563122,     0.07380494596,                 0,       67.85380763
          0,           0,          61,      -4.668228929,      -5.134550122,      -5.086145387,      -4.116398999,             0.448,    0.001259676177,     0.07449753535,                 0,                 0,                 0,    -0.03238392914,  -0.0003657787613,     0.07450728664,                 0,       59.14022726
          0,           0,          62,      -4.691814352,      -5.164724637,      -5.111442637,      -4.140678865,             0.448,    0.001417573491,     0.07512800294,                 0,                 0,                 0,    -0.03236245621,  -0.0002216725999,     0.07514104871,                 0,       52.99760711
          0,           0,          63,      -4.716000456,      -5.194939701,      -5.135767433,      -4.165558229,             0.448,    0.001553326418,     0.07568776956,                 0,                 0,                 0,    -0.03237767115,  -9.816322332e-05,     0.07570364356,                 0,       48.72624884
          0,           0,          64,      -4.740118174,      -5.225230665,      -5.159035723,      -4.190313892,             0.448,    0.001661648682,     0.07617339986,                 0,                 0,                 0,    -0.03242664115,  -4.607060778e-07,     0.07619152133,                 0,       45.84206077
          0,           0,          65,       -4.76368043,      -5.255471764,      -5.181369688,      -4.214371344,             0.448,    0.001740163335,     0.07658600949,                 0,                 0,                 0,    -0.03250454144,   6.903423134e-05,     0.07660574555,                 0,       44.01081665
          0,           0,          66,      -4.786305474,      -5.285027925,      -5.203065616,      -4.237282971,             0.448,    0.001788754996,     0.07692653437,                 0,                 0,                 0,    -0.03260713855,   0.0001101858173,     0.07694724942,                 0,       43.00562936
          0,           0,          67,      -4.807815866,      -5.313125502,      -5.224358561,      -4.258866331,             0.448,    0.001808088287,     0.07719182592,                 0,                 0,                 0,     -0.0327321553,   0.0001237272033,      0.0772128996,                 0,       42.69250924
          0,           0,          68,      -4.828317391,      -5.339038454,      -5.245708193,       -4.27923418,             0.448,    0.001800314341,     0.07738798255,                 0,                 0,                 0,    -0.03287292556,    0.000111675973,     0.07740883995,                 0,       42.98581685
          0,           0,          69,      -4.848179473,       -5.36226592,      -5.267510783,      -4.298773872,             0.448,    0.001769138084,     0.07752314021,                 0,                 0,                 0,    -0.03302242022,   7.755868538e-05,     0.07754328535,                 0,       43.81972268
          0,           0,          70,      -4.867678142,      -5.382488541,      -5.289710284,      -4.317823201,             0.448,    0.001718984657,     0.07760786343,                 0,                 0,                 0,    -0.03317353338,   2.556896621e-05,     0.07762689432,                 0,       45.14750212
          0,           0,          71,      -4.887074288,      -5.399788931,      -5.312475559,      -4.336689924,             0.448,    0.001654197396,     0.07765351595,                 0,                 0,                 0,    -0.03331924749,  -4.019878085e-05,     0.07767112264,                 0,       46.94331893
          0,           0,          72,      -4.906576423,      -5.414562544,      -5.335915677,      -4.355650147,             0.448,    0.001579507214,     0.07766923789,                 0,                 0,                 0,    -0.03345491182,  -0.0001152141614,     0.07768521148,                 0,       49.17308209
          0,           0,          73,       -4.92636576,      -5.427402284,      -5.359902392,      -4.374951269,             0.448,    0.001499313361,     0.07766042272,                 0,                 0,                 0,     -0.0335780241,  -0.0001951966286,     0.07767464899,                 0,       51.79732586
          0,           0,          74,      -4.946560781,      -5.439195893,       -5.38444442,      -4.394744661,             0.448,     0.00141746225,     0.07763486064,                 0,                 0,                 0,    -0.03368554552,  -0.0002764706275,     0.07764730742,                 0,       54.77031975
          0,           0,          75,      -4.967245654,      -5.451004569,      -5.409639289,      -4.415127756,             0.448,    0.001337669073,     0.07760162582,                 0,                 0,                 0,    -0.03377442808,  -0.0003555198019,     0.07761233983,                 0,        58.0125738
          0,           0,          76,       -4.98831914,       -5.46392343,      -5.435191535,      -4.436000142,             0.448,    0.001263004046,      0.0775680563,                 0,                 0,                 0,    -0.03384304123,  -0.0004294347453,     0.07757714949,                 0,       61.41552479
          0,           0,          77,        -5.0096124,      -5.478740143,      -5.460496919,      -4.457182416,             0.448,    0.001195881298,     0.07754109875,                 0,                 0,                 0,    -0.03389073738,  -0.0004959534437,     0.07754873408,                 0,       64.84012992
          0,           0,          78,      -5.030878312,      -5.495910921,      -5.484891939,      -4.478407224,             0.448,     0.00113800049,     0.07752606115,                 0,                 0,                 0,     -0.0339182027,   -0.000553492435,      0.0775324374,                 0,       68.12480475
          0,           0,          79,      -5.051902805,      -5.515632344,      -5.507664147,      -4.499439395,             0.448,    0.001090195822,     0.07752443047,                 0,                 0,                 0,    -0.03392793399,  -0.0006012501531,     0.07752976425,                 0,       71.11055546
          0,           0,          80,      -5.072570967,       -5.53784975,       -5.52879436,      -4.520147539,             0.448,    0.001052527503,     0.07753994065,                 0,                 0,                 0,    -0.03392118074,  -0.0006392478609,     0.07754444901,                 0,       73.67022755
          0,           0,          81,      -5.092740282,      -5.562475595,      -5.548911319,      -4.540372409,             0.448,    0.001024599784,     0.07757472594,                 0,                 0,                 0,    -0.03389962153,  -0.0006679277712,     0.07757861679,                 0,       75.71222166
          0,           0,          82,      -5.112355198,      -5.589383171,      -5.568480184,      -4.560081791,             0.448,    0.001005802935,     0.07762949276,                 0,                 0,                 0,    -0.03386553907,  -0.0006879148785,     0.07763296052,                 0,       77.18161286
          0,           0,          83,      -5.131464784,      -5.618275044,      -5.587838623,      -4.579365051,             0.448,   0.0009951443663,     0.07770468514,                 0,                 0,                 0,    -0.03382069091,  -0.0007002112241,     0.07770790249,                 0,       78.08383163
          0,           0,          84,      -5.150141824,       -5.64869468,      -5.607227854,      -4.598309132,             0.448,   0.0009914628668,     0.07779963438,                 0,                 0,                 0,    -0.03376713629,  -0.0007059631543,     0.07780274883,                 0,       78.46953929
          0,           0,          85,      -5.168537216,      -5.680166999,      -5.626908459,      -4.617064548,             0.448,   0.0009935224762,     0.07791307156,                 0,                 0,                 0,    -0.03370686321,  -0.0007063786539,     0.07791620393,                 0,       78.42104574
          0,           0,          86,      -5.186757366,      -5.712158982,       -5.64705676,      -4.635721628,             0.448,    0.000999967751,     0.07804404765,                 0,                 0,                 0,    -0.03364161904,  -0.0007027921413,     0.07804728946,                 0,       78.04656457
          0,           0,          87,      -5.204858648,      -5.744214467,      -5.667720315,      -4.654319656,             0.448,    0.001009653979,     0.07818872391,                 0,                 0,                 0,    -0.03357423209,   -0.000696264314,      0.0781921426,                 0,       77.44110904
          0,           0,          88,      -5.222902261,      -5.775880427,      -5.688708036,      -4.672903523,             0.448,    0.001021504106,     0.07834285298,                 0,                 0,                 0,    -0.03350730801,  -0.0006877793155,      0.0783464935,                 0,       76.69362515
          0,           0,          89,      -5.240894599,      -5.806839869,      -5.709799693,       -4.69142843,             0.448,    0.001034501936,     0.07850336874,                 0,                 0,                 0,    -0.03344273652,   -0.000678286211,      0.0785072546,                 0,       75.88518299
          0,           0,          90,      -5.258780796,      -5.836916219,       -5.73110643,      -4.709800538,             0.448,    0.001047845045,     0.07866711713,                 0,                 0,                 0,    -0.03338224405,  -0.0006685184294,      0.0786712551,                 0,       75.07514347
          0,           0,          91,      -5.276453826,      -5.866370495,      -5.752304968,      -4.727885315,             0.448,    0.001060787863,     0.07883037367,                 0,                 0,                 0,    -0.03332736334,  -0.0006591401148,     0.07883475514,                 0,       74.31304263
          0,           0,          92,      -5.293876183,      -5.895357641,       -5.77279673,      -4.745627595,             0.448,    0.001072680259,     0.07899114843,                 0,                 0,                 0,     -0.0332784577,  -0.0006507578316,     0.07899575107,                 0,       73.63904367
          0,           0,          93,       -5.31105492,      -5.923814356,      -5.792126282,      -4.763007012,             0.448,    0.001083057549,     0.07914743738,                 0,                 0,                 0,    -0.03323568591,  -0.0006437924365,     0.07915222921,                 0,       73.07777638
          0,           0,          94,      -5.327982518,      -5.951576113,      -5.810362409,      -4.779989949,             0.448,     0.00109165166,     0.07929639434,                 0,                 0,                 0,    -0.03319964651,  -0.0006384498493,      0.0793013382,                 0,       72.63891699
          0,           0,          95,      -5.344564928,      -5.978577657,      -5.827576783,       -4.79647948,             0.448,    0.001098398375,     0.07943753059,                 0,                 0,                 0,    -0.03316987171,  -0.0006347836112,     0.07944258804,                 0,       72.32123826
          0,           0,          96,      -5.360682867,      -6.004595205,      -5.844034899,      -4.812366608,             0.448,    0.001103313147,     0.07957065606,                 0,                 0,                 0,    -0.03314557557,  -0.0006327741259,     0.07957578905,                 0,       72.11973889
          0,           0,          97,      -5.376337611,      -6.029507827,      -5.860159942,        -4.8276821,             0.448,    0.001106481516,      0.0796953785,                 0,                 0,                 0,    -0.03312615669,  -0.0006323273166,     0.07970055093,                 0,       72.02594653
          0,           0,          98,      -5.391643803,      -6.053229393,      -5.876012598,      -4.842591386,             0.448,    0.001108109834,     0.07981115562,                 0,                 0,                 0,    -0.03311117115,  -0.0006332250505,     0.07981633601,                 0,       72.02458924
          0,           0,          99,      -5.406677475,      -6.075747417,      -5.891740512,       -4.85721348,             0.448,    0.001108441154,     0.07991804422,                 0,                 0,                 0,    -0.03309993106,  -0.0006352255721,     0.07992320641,                 0,       72.09949211
          0,           0,         100,      -5.421514739,      -6.097174787,      -5.907498635,      -4.871650545,             0.448,    0.001107682124,     0.08001672859,                 0,                 0,                 0,    -0.03309151225,   -0.000638137209,     0.08002185073,                 0,       72.23798853
          0,           0,         101,      -5.436264815,      -6.117806106,      -5.923458209,       -4.88603463,             0.448,    0.001106095345,     0.08010855201,                 0,                 0,                 0,    -0.03308492049,  -0.0006417267276,     0.08011361768,                 0,        72.4246353
          0,           0,         102,      -5.450990152,        -6.1379046,      -5.939520969,      -4.900443461,             0.448,    0.001103972844,     0.08019441425,                 0,                 0,                 0,    -0.03307947303,  -0.0006457217989,     0.08019941319,                 0,       72.64165481
          0,           0,         103,      -5.465735402,      -6.157693863,      -5.955701113,      -4.914927103,             0.448,    0.001101591703,     0.08027467095,                 0,                 0,                 0,    -0.03307479015,   -0.000649853164,     0.08027959885,                 0,        72.8715283
          0,           0,         104,      -5.480520713,      -6.177423737,      -5.972001255,      -4.929504026,             0.448,    0.001099138736,     0.08035048254,                 0,                 0,                 0,    -0.03307027048,  -0.0006539593683,     0.08035533889,                 0,       73.10313058
          0,           0,         105,      -5.495349481,        -6.1973908,      -5.988423606,      -4.944179669,             0.448,    0.001096786593,     0.08042181207,                 0,                 0,                 0,     -0.0330658179,  -0.0006578669974,     0.08042660013,                 0,       73.32494089
          0,           0,         106,      -5.510173575,      -6.217767421,      -6.004598013,      -4.958900833,             0.448,    0.001094709385,     0.08048948798,                 0,                 0,                 0,     -0.0330610924,  -0.0006614200533,     0.08049421462,                 0,       73.52589565
          0,           0,         107,      -5.524989698,      -6.238497717,      -6.020349859,      -4.973649183,             0.448,    0.001093023327,     0.08055444532,                 0,                 0,                 0,    -0.03305581165,  -0.0006645227471,     0.08055911972,                 0,       73.69874308
          0,           0,         108,      -5.539756781,      -6.259242164,      -6.035690335,      -4.988367346,             0.448,    0.001091774365,     0.08061695913,                 0,                 0,                 0,    -0.03305007657,  -0.0006671351435,     0.08062159141,                 0,       73.84031147
          0,           0,         109,      -5.554441372,      -6.279680721,      -6.050712101,      -5.003006547,             0.448,    0.001090930252,     0.08067710422,                 0,                 0,                 0,    -0.03304402012,  -0.0006692911129,     0.08068170377,                 0,       73.95257767
          0,           0,         110,      -5.569084967,       -6.29961663,      -6.065403161,      -5.017606325,             0.448,    0.001090468597,     0.08073518277,                 0,                 0,                 0,    -0.03303771258,  -0.0006710196352,     0.08073975843,                 0,       74.03714603
          0,           0,         111,      -5.583663642,      -6.318868614,      -6.079829216,      -5.032130109,             0.448,    0.001090371308,     0.08079171907,                 0,                 0,                 0,    -0.03303121272,   -0.000672350234,     0.08079627915,                 0,       74.09560255
          0,           0,         112,      -5.598246324,       -6.33748036,      -6.094275211,      -5.046664186,             0.448,    0.001090583009,       0.080846851,                 0,                 0,                 0,    -0.03302468806,  -0.0006733412802,     0.08085140258,                 0,       74.13177202
          0,           0,         113,      -5.612844308,       -6.35538352,        -6.1087479,      -5.061230303,             0.448,    0.001091023781,     0.08090038187,                 0,                 0,                 0,    -0.03301838199,  -0.0006740683826,     0.08090493033,                 0,       74.15088768
          0,           0,         114,      -5.627557388,      -6.372768531,       -6.12346514,      -5.075931608,             0.448,    0.001091609636,     0.08095240266,                 0,                 0,                 0,    -0.03301240723,  -0.0006746174948,     0.08095695152,                 0,       74.15874685
          0,           0,         115,      -5.642400454,      -6.389732326,      -6.138317054,      -5.090784277,             0.448,       0.001092252,     0.08100304527,                 0,                 0,                 0,    -0.03300681218,  -0.0006750800467,     0.08100759609,                 0,       74.16149871
          0,           0,         116,      -5.657346953,      -6.406225244,      -6.153196315,      -5.105758143,             0.448,    0.001092892727,     0.08105230885,                 0,                 0,                 0,    -0.03300167018,  -0.0006755141517,     0.08105686193,                 0,        74.1630966
          0,           0,         117,      -5.672470539,      -6.422327929,      -6.168201487,      -5.120930248,             0.448,    0.001093477121,     0.08109986365,                 0,                 0,                 0,    -0.03299715769,   -0.000675967299,     0.08110441815,                 0,       74.16695065
          0,           0,         118,      -5.687809836,      -6.438145285,      -6.183599745,      -5.136345578,             0.448,    0.001093949863,     0.08114513642,                 0,                 0,                 0,    -0.03299350715,  -0.0006764822893,     0.08114969047,                 0,       74.17628462
          0,           0,         119,       -5.70333393,      -6.453768813,      -6.199393196,      -5.151971761,             0.448,    0.001094292543,     0.08118821911,                 0,                 0,                 0,    -0.03299067964,  -0.0006770795347,     0.08119277037,                 0,       74.19242652
          0,           0,         120,      -5.719019445,      -6.469131672,      -6.215390102,      -5.167781841,             0.448,    0.001094506909,     0.08122888127,                 0,                 0,                 0,    -0.03298874119,  -0.0006777522606,     0.08123342754,                 0,       74.21504663
          0,           0,         121,      -5.734870776,      -6.484217767,       -6.23128284,      -5.183776044,             0.448,    0.001094601259,     0.08126684121,                 0,                 0,                 0,    -0.03298778335,  -0.0006784860247,      0.0812713805,                 0,       74.24332884
          0,           0,         122,      -5.750859291,       -6.49879575,      -6.246984849,      -5.199919243,             0.448,    0.001094571144,      0.0813019572,                 0,                 0,                 0,    -0.03298785671,  -0.0006792821841,     0.08130648748,                 0,       74.27745348
          0,           0,         123,      -5.766965931,      -6.512746991,      -6.262620473,      -5.216190832,             0.448,    0.001094409984,     0.08133405788,                 0,                 0,                 0,    -0.03298896582,  -0.0006801435777,       0.081338577,                 0,       74.31772284
          0,           0,         124,      -5.783144056,      -6.526086782,      -6.278064784,      -5.232538995,             0.448,    0.001094133154,     0.08136290859,                 0,                 0,                 0,    -0.03299113435,  -0.0006810497171,     0.08136741481,                 0,       74.36289477
          0,           0,         125,      -5.799354496,      -6.538785881,      -6.293210919,      -5.248922931,             0.448,    0.001093774818,     0.08138834014,                 0,                 0,                 0,    -0.03299432221,  -0.0006819627536,     0.08139283249,                 0,       74.41050823
          0,           0,         126,      -5.815556375,      -6.550637611,      -6.308277055,      -5.265291771,             0.448,    0.001093363097,      0.0814105641,                 0,                 0,                 0,    -0.03299843712,  -0.0006828591905,     0.08141504218,                 0,       74.45885483
          0,           0,         127,      -5.831716752,      -6.561646527,      -6.323225559,      -5.281608621,             0.448,    0.001092923346,      0.0814296234,                 0,                 0,                 0,     -0.0330034364,  -0.0006837146126,     0.08143408735,                 0,       74.50625304
          0,           0,         128,      -5.847770403,      -6.572084278,      -6.337857457,      -5.297815732,             0.448,    0.001092471024,     0.08144539608,                 0,                 0,                 0,    -0.03300929035,  -0.0006845109063,     0.08144984641,                 0,       74.55153892
          0,           0,         129,      -5.863633032,      -6.582125648,      -6.352096222,      -5.313822453,             0.448,    0.001092031917,     0.08145826961,                 0,                 0,                 0,    -0.03301579628,  -0.0006852307439,      0.0814627073,                 0,       74.59330479
          0,           0,         130,      -5.879282294,      -6.591934956,      -6.366150701,      -5.329595978,             0.448,    0.001091614776,     0.08146848254,                 0,                 0,                 0,    -0.03302282552,  -0.0006858705793,      0.0814729087,                 0,       74.63116507
          0,           0,         131,      -5.894714909,      -6.601740784,      -6.380177202,      -5.345128298,             0.448,    0.001091234922,     0.08147607138,                 0,                 0,                 0,    -0.03303032496,  -0.0006864158928,     0.08148048745,                 0,       74.66409822
          0,           0,         132,      -5.909867544,      -6.611765154,      -6.394350023,      -5.360357487,             0.448,    0.001090900732,     0.08148120619,                 0,                 0,                 0,    -0.03303813825,  -0.0006868620185,     0.08148561374,                 0,         74.691678
          0,           0,         133,       -5.92466098,      -6.622198693,      -6.408443299,       -5.37520849,             0.448,    0.001090610558,     0.08148412817,                 0,                 0,                 0,    -0.03304610541,  -0.0006872158655,      0.0814885287,                 0,       74.71423006
          0,           0,         134,      -5.939052173,       -6.63295928,      -6.422367725,      -5.389636511,             0.448,    0.001090351103,     0.08148503777,                 0,                 0,                 0,    -0.03305410627,  -0.0006874951022,     0.08148943242,                 0,       74.73284299
          0,           0,         135,      -5.953050074,      -6.643988382,      -6.436250901,      -5.403648735,             0.448,    0.001090105985,     0.08148408835,                 0,                 0,                 0,    -0.03306204527,  -0.0006877194506,     0.08148847788,                 0,       74.74877627
          0,           0,         136,      -5.966665446,      -6.655244823,      -6.450292984,      -5.417251631,             0.448,    0.001089874976,     0.08148147913,                 0,                 0,                 0,    -0.03306985118,  -0.0006878934849,     0.08148586425,                 0,       74.76222591
          0,           0,         137,      -5.979894377,      -6.666764941,       -6.46471858,      -5.430443206,             0.448,    0.001089659762,     0.08147742152,                 0,                 0,                 0,    -0.03307745162,  -0.0006880201309,      0.0814818029,                 0,        74.7732681
          0,           0,         138,      -5.992756124,      -6.678664005,      -6.479178349,      -5.443243384,             0.448,    0.001089442995,     0.08147214367,                 0,                 0,                 0,    -0.03308475384,  -0.0006881217108,     0.08147652158,                 0,       74.78330124
          0,           0,         139,      -6.005309541,      -6.690913736,      -6.493680786,      -5.455711754,             0.448,    0.001089212273,     0.08146591754,                 0,                 0,                 0,    -0.03309166628,  -0.0006882165558,      0.0814702919,                 0,       74.79342603
          0,           0,         140,      -6.017609004,      -6.703553295,      -6.508009244,      -5.467898663,             0.448,    0.001088968233,      0.0814588409,                 0,                 0,                 0,    -0.03309816751,  -0.0006883061615,     0.08146321162,                 0,       74.80368889
          0,           0,         141,      -6.029739903,      -6.716596333,      -6.522528888,      -5.479890436,             0.448,    0.001088709536,     0.08145106787,                 0,                 0,                 0,    -0.03310422303,   -0.000688395229,      0.0814554348,                 0,       74.81432392
          0,           0,         142,      -6.041769553,      -6.730218842,      -6.537280905,      -5.491760829,             0.448,    0.001088428415,     0.08144285524,                 0,                 0,                 0,    -0.03310977972,   -0.000688497125,     0.08144721799,                 0,       74.82610164
          0,           0,         143,      -6.053740252,      -6.744547739,      -6.552076158,      -5.503555299,             0.448,    0.001088111822,     0.08143435707,                 0,                 0,                 0,    -0.03311482008,  -0.0006886282565,     0.08143871493,                 0,       74.84006278
          0,           0,         144,      -6.065704561,      -6.759558172,      -6.566830765,       -5.51532862,             0.448,    0.001087747571,     0.08142571902,                 0,                 0,                 0,    -0.03311933071,  -0.0006888039827,       0.081430071,                 0,       74.85718303
          0,           0,         145,      -6.077748499,      -6.775234311,      -6.581650611,      -5.527175502,             0.448,    0.001087350839,     0.08141703398,                 0,                 0,                 0,    -0.03312332458,  -0.0006890111575,     0.08142137936,                 0,        74.8765082
          0,           0,         146,      -6.089915258,      -6.791623263,      -6.596419112,      -5.539146236,             0.448,     0.00108693008,     0.08140840977,                 0,                 0,                 0,    -0.03312679369,  -0.0006892436795,     0.08141274803,                 0,       74.89755895
          0,           0,         147,      -6.102257688,      -6.808808449,      -6.611103994,      -5.551298967,             0.448,    0.001086485786,      0.0814000059,                 0,                 0,                 0,     -0.0331297225,  -0.0006895045392,     0.08140433647,                 0,       74.92045177
          0,           0,         148,      -6.114810421,      -6.826756518,       -6.62559275,      -5.563669538,             0.448,    0.001086023382,      0.0813918366,                 0,                 0,                 0,    -0.03313216008,  -0.0006897886206,     0.08139615902,                 0,       74.94482897
          0,           0,         149,      -6.127581555,      -6.845424019,      -6.640036438,      -5.576267537,             0.448,    0.001085553003,     0.08138398078,                 0,                 0,                 0,    -0.03313412836,  -0.0006900875138,     0.08138829481,                 0,       74.97006647
          0,           0,         150,      -6.140614469,      -6.864751188,      -6.654335881,      -5.589144208,             0.448,    0.001085080395,     0.08137655431,                 0,                 0,                 0,    -0.03313563281,  -0.0006903980014,      0.0813808598,                 0,       74.99587558
          0,           0,         151,      -6.153912773,      -6.884644394,      -6.668458387,      -5.602308412,             0.448,    0.001084613283,     0.08136950608,                 0,                 0,                 0,    -0.03313673186,  -0.0006907112462,     0.08137380305,                 0,       75.02167581
          0,           0,         152,      -6.167477717,      -6.904875562,       -6.68223446,      -5.615765682,             0.448,    0.001084168457,     0.08136285408,                 0,                 0,                 0,    -0.03313745608,  -0.0006910108531,     0.08136714293,                 0,         75.046321
          0,           0,         153,      -6.181302236,      -6.925245009,      -6.695498664,      -5.629510731,             0.448,    0.001083757241,     0.08135660987,                 0,                 0,                 0,    -0.03313783893,  -0.0006912857546,     0.08136089124,                 0,       75.06903461
          0,           0,         154,      -6.195349416,      -6.945512738,      -6.708264052,      -5.643505421,             0.448,    0.001083378192,     0.08135088113,                 0,                 0,                 0,    -0.03313790994,  -0.0006915397416,     0.08135515559,                 0,       75.09001169
          0,           0,         155,      -6.209614729,      -6.965637751,      -6.720707048,      -5.657744698,             0.448,    0.001083031801,     0.08134564973,                 0,                 0,                 0,    -0.03313770831,  -0.0006917719284,     0.08134991788,                 0,       75.10919779
          0,           0,         156,      -6.224079331,      -6.985279264,      -6.733040308,      -5.672214854,             0.448,    0.001082725079,     0.08134088513,                 0,                 0,                 0,    -0.03313725773,  -0.0006919746381,     0.08134514773,                 0,       75.12607468
          0,           0,         157,      -6.238656775,       -7.00385159,      -6.745128923,      -5.686832022,             0.448,    0.001082463359,      0.0813366492,                 0,                 0,                 0,    -0.03313656602,  -0.0006921438889,     0.08134090709,                 0,       75.14032553
          0,           0,         158,      -6.253308561,      -7.021065594,      -6.756842785,      -5.701558728,             0.448,      0.0010822494,     0.08133289824,                 0,                 0,                 0,    -0.03313569185,   -0.000692275971,     0.08133715236,                 0,       75.15171481
          0,           0,         159,      -6.267983702,      -7.036718005,      -6.768215322,      -5.716337925,             0.448,    0.001082085007,     0.08132959008,                 0,                 0,                 0,     -0.0331346779,  -0.0006923681572,      0.0813338414,                 0,        75.1600748
          0,           0,         160,      -6.282604318,      -7.050621672,      -6.779543072,      -5.731086004,             0.448,    0.001081967276,       0.081326694,                 0,                 0,                 0,    -0.03313354589,  -0.0006924226828,     0.08133094344,                 0,       75.16557645
          0,           0,         161,      -6.297132304,      -7.062726705,      -6.790965435,      -5.745765309,             0.448,    0.001081888047,     0.08132421346,                 0,                 0,                 0,    -0.03313231435,  -0.0006924477802,     0.08132846176,                 0,        75.1687882
          0,           0,         162,      -6.311512952,      -7.073129014,        -6.8023044,      -5.760317457,             0.448,    0.001081848087,     0.08132211336,                 0,                 0,                 0,    -0.03313101602,  -0.0006924419171,     0.08132636129,                 0,       75.16962346
          0,           0,         163,      -6.325687658,      -7.081973835,      -6.813723713,      -5.774677814,             0.448,    0.001081849776,     0.08132037425,                 0,                 0,                 0,    -0.03312967171,  -0.0006924022903,     0.08132462263,                 0,        75.1678986
          0,           0,         164,       -6.33958765,      -7.089459507,      -6.825328458,      -5.788769156,             0.448,    0.001081885853,     0.08131900298,                 0,                 0,                 0,    -0.03312829233,  -0.0006923363076,     0.08132325248,                 0,       75.16412452
          0,           0,         165,      -6.353188764,      -7.095925828,      -6.837378382,      -5.802570218,             0.448,    0.001081943772,     0.08131794742,                 0,                 0,                 0,    -0.03312689584,  -0.0006922553758,     0.08132219843,                 0,       75.15912522
          0,           0,         166,      -6.366480468,      -7.101804739,      -6.849688512,      -5.816066246,             0.448,    0.001082014446,     0.08131717084,                 0,                 0,                 0,    -0.03312549514,  -0.0006921677768,     0.08132142357,                 0,       75.15349828
          0,           0,         167,      -6.379469471,      -7.107445421,      -6.862171915,      -5.829256205,             0.448,    0.001082095346,     0.08131670503,                 0,                 0,                 0,    -0.03312408223,  -0.0006920767351,     0.08132095964,                 0,        75.1474492
          0,           0,         168,      -6.392188038,      -7.113131414,      -6.874804056,      -5.842167804,             0.448,    0.001082180574,     0.08131653913,                 0,                 0,                 0,     -0.0331226642,  -0.0006919879086,     0.08132079564,                 0,       75.14137762
          0,           0,         169,      -6.404651726,      -7.119091769,       -6.88762656,      -5.854809817,             0.448,    0.001082268918,     0.08131665387,                 0,                 0,                 0,    -0.03312125173,   -0.000691902088,     0.08132091228,                 0,       75.13534991
          0,           0,         170,      -6.416881275,      -7.125577022,      -6.900723464,      -5.867198947,             0.448,    0.001082358822,       0.081317023,                 0,                 0,                 0,    -0.03311985781,  -0.0006918202581,     0.08132128329,                 0,       75.12944999
          0,           0,         171,      -6.428904352,      -7.132791712,      -6.913993343,      -5.879362015,             0.448,    0.001082445673,     0.08131760272,                 0,                 0,                 0,     -0.0331184982,  -0.0006917460742,     0.08132186476,                 0,       75.12395747
          0,           0,         172,      -6.440770355,      -7.140804087,      -6.927310011,      -5.891345597,             0.448,    0.001082526203,     0.08131837243,                 0,                 0,                 0,    -0.03311717635,  -0.0006916823545,     0.08132263604,                 0,       75.11907997
          0,           0,         173,      -6.452541904,      -7.149723171,      -6.940835682,      -5.903209474,             0.448,    0.001082598242,     0.08131931339,                 0,                 0,                 0,    -0.03311589258,  -0.0006916308594,     0.08132357835,                 0,       75.11495051
          0,           0,         174,      -6.464269245,      -7.159698534,       -6.95464598,      -5.915002628,             0.448,     0.00108265939,     0.08132041304,                 0,                 0,                 0,    -0.03311464967,  -0.0006915937155,     0.08132467908,                 0,        75.1117238
          0,           0,         175,      -6.475988979,      -7.170806617,       -6.96870628,      -5.926762534,             0.448,      0.0010827077,     0.08132163119,                 0,                 0,                 0,    -0.03311346039,  -0.0006915719898,     0.08132589798,                 0,       75.10949738
          0,           0,         176,      -6.487723616,      -7.183065399,      -6.982996248,      -5.938511007,             0.448,    0.001082742889,     0.08132295239,                 0,                 0,                 0,    -0.03311233321,  -0.0006915656317,     0.08132721964,                 0,        75.1082766
          0,           0,         177,      -6.499518365,      -7.196541787,      -6.997345921,      -5.950296492,             0.448,    0.001082766933,     0.08132434644,                 0,                 0,                 0,     -0.0331112813,   -0.000691572004,     0.08132861389,                 0,        75.1078962
          0,           0,         178,      -6.511410313,      -7.211191503,      -7.011811248,      -5.962157563,             0.448,    0.001082779272,      0.0813257923,                 0,                 0,                 0,    -0.03311030922,  -0.0006915912093,     0.08133005967,                 0,       75.10837563
          0,           0,         179,      -6.523395896,      -7.226787816,         -7.026054,      -5.974086043,             0.448,    0.001082781541,     0.08132728731,                 0,                 0,                 0,    -0.03310941073,   -0.000691621554,     0.08133155437,                 0,       75.10959893
          0,           0,         180,      -6.535536111,      -7.243310399,      -7.040380552,      -5.986146096,             0.448,    0.001082775483,     0.08132880211,                 0,                 0,                 0,    -0.03310859042,   -0.000691660656,     0.08133306868,                 0,       75.11141817
          0,           0,         181,      -6.547878168,      -7.260766375,      -7.054831165,      -5.998392018,             0.448,    0.001082758412,     0.08133028473,                 0,                 0,                 0,    -0.03310785948,   -0.000691710066,     0.08133455057,                 0,       75.11397169
          0,           0,         182,      -6.560406741,      -7.279238899,      -7.069277942,      -6.010808036,             0.448,    0.001082730703,     0.08133170657,                 0,                 0,                 0,    -0.03310722343,  -0.0006917687865,     0.08133597147,                 0,       75.11720724
          0,           0,         183,       -6.57311452,      -7.298651723,       -7.08350053,      -6.023392206,             0.448,    0.001082695341,     0.08133305725,                 0,                 0,                 0,    -0.03310668129,  -0.0006918336044,     0.08133732106,                 0,       75.12090812
          0,           0,         184,      -6.586006507,      -7.318774568,      -7.097307327,      -6.036155072,             0.448,    0.001082653405,     0.08133433138,                 0,                 0,                 0,    -0.03310623297,  -0.0006919033259,     0.08133859398,                 0,       75.12499478
          0,           0,         185,      -6.599061365,      -7.339371867,      -7.110750319,      -6.049072721,             0.448,    0.001082607746,     0.08133548801,                 0,                 0,                 0,    -0.03310588624,  -0.0006919742055,     0.08133974933,                 0,       75.12923153
          0,           0,         186,      -6.612273599,      -7.360163253,       -7.12400111,      -6.062141368,             0.448,    0.001082558533,     0.08133651674,                 0,                 0,                 0,    -0.03310563968,  -0.0006920458479,     0.08134077674,                 0,       75.13359715
          0,           0,         187,      -6.625615769,      -7.380907596,      -7.137180201,      -6.075336738,             0.448,    0.001082507194,     0.08133739122,                 0,                 0,                 0,    -0.03310549684,  -0.0006921162517,      0.0813416499,                 0,       75.13796828
          0,           0,         188,      -6.639033025,      -7.401442304,      -7.150093738,      -6.088608778,             0.448,    0.001082452774,     0.08133811125,                 0,                 0,                 0,    -0.03310545058,   -0.000692186366,     0.08134236856,                 0,         75.142411
          0,           0,         189,      -6.652490042,      -7.421486075,      -7.162530903,      -6.101924316,             0.448,    0.001082395055,     0.08133864882,                 0,                 0,                 0,    -0.03310550203,  -0.0006922557991,     0.08134290475,                 0,       75.14691468
          0,           0,         190,      -6.665977409,      -7.440671233,      -7.174579214,      -6.115276034,             0.448,    0.001082334454,     0.08133898492,                 0,                 0,                 0,    -0.03310565003,  -0.0006923237174,     0.08134323945,                 0,       75.15143275
          0,           0,         191,      -6.679478585,      -7.458654815,      -7.186419245,      -6.128648241,             0.448,    0.001082271874,     0.08133913681,                 0,                 0,                 0,    -0.03310588266,   -0.000692389596,     0.08134338994,                 0,       75.15591857
          0,           0,         192,      -6.692971973,      -7.475189347,      -7.198162653,      -6.142021498,             0.448,    0.001082207775,     0.08133910662,                 0,                 0,                 0,    -0.03310619422,  -0.0006924530209,     0.08134335835,                 0,       75.16034213
          0,           0,         193,      -6.706440827,      -7.490127558,      -7.209824642,      -6.155380418,             0.448,    0.001082141833,     0.08133887568,                 0,                 0,                 0,    -0.03310658375,  -0.0006925139097,     0.08134312603,                 0,       75.16470876
          0,           0,         194,      -6.719873085,      -7.503410631,      -7.221397791,      -6.168714509,             0.448,    0.001082074886,     0.08133843956,                 0,                 0,                 0,    -0.03310704491,  -0.0006925713266,     0.08134268855,                 0,       75.16895607
          0,           0,         195,      -6.733245667,      -7.515083149,       -7.23289514,      -6.182002046,             0.448,    0.001082007674,     0.08133779715,                 0,                 0,                 0,    -0.03310757304,  -0.0006926245085,     0.08134204483,                 0,       75.17303169
          0,           0,         196,      -6.746533219,      -7.525294983,      -7.244360395,      -6.195219276,             0.448,    0.001081940167,     0.08133694596,                 0,                 0,                 0,    -0.03310816703,  -0.0006926734309,     0.08134119237,                 0,       75.17693534
          0,           0,         197,      -6.759728498,      -7.534242132,      -7.255818724,       -6.20836093,             0.448,    0.001081872892,     0.08133589105,                 0,                 0,                 0,    -0.03310881776,  -0.0006927176775,     0.08134013625,                 0,       75.18063507
          0,           0,         198,      -6.772860761,       -7.54213421,      -7.267154846,      -6.221455535,             0.448,    0.001081805169,     0.08133463276,                 0,                 0,                 0,    -0.03310951488,  -0.0006927579347,     0.08133887678,                 0,       75.18417837
          0,           0,         199,      -6.785932413,      -7.549209154,      -7.278682512,      -6.234497578,             0.448,    0.001081736767,     0.08133319777,                 0,                 0,                 0,     -0.0331102475,  -0.0006927950158,     0.08133744064,                 0,       75.18760594
          0,           0,         200,      -6.798961011,      -7.555829196,      -7.290554673,      -6.247506825,             0.448,    0.001081668483,      0.0813315937,                 0,                 0,                 0,    -0.03311100955,  -0.0006928282912,     0.08133583546,                 0,       75.19086947
          0,           0,         201,      -6.811971325,      -7.562365879,      -7.302778049,      -6.260509706,             0.448,    0.001081600742,     0.08132982443,                 0,                 0,                 0,    -0.03311179444,  -0.0006928574194,     0.08133406513,                 0,       75.19394289
          0,           0,         202,      -6.824983558,      -7.569035519,      -7.315332468,      -6.273526719,             0.448,    0.001081533998,     0.08132790413,                 0,                 0,                 0,    -0.03311259461,  -0.0006928822565,     0.08133214383,                 0,       75.19680776
          0,           0,         203,      -6.838024114,      -7.576050097,      -7.328232335,      -6.286583531,             0.448,    0.001081468868,     0.08132584502,                 0,                 0,                 0,     -0.0331134033,  -0.0006929024517,     0.08133008379,                 0,       75.19943239
          0,           0,         204,      -6.851128077,      -7.583596928,      -7.341566913,      -6.299713063,             0.448,    0.001081405994,     0.08132366056,                 0,                 0,                 0,    -0.03311421376,  -0.0006929176573,     0.08132789848,                 0,       75.20178456
          0,           0,         205,      -6.864340482,      -7.591871949,       -7.35526957,        -6.3129595,             0.448,    0.001081345606,     0.08132137345,                 0,                 0,                 0,    -0.03311501708,  -0.0006929281372,     0.08132561059,                 0,       75.20386912
          0,           0,         206,      -6.877652534,      -7.601058217,       -7.36943903,       -6.32630786,             0.448,    0.001081287072,     0.08131900071,                 0,                 0,                 0,    -0.03311580601,  -0.0006929348969,     0.08132323714,                 0,       75.20574585
          0,           0,         207,      -6.891075996,      -7.611265295,      -7.383957301,       -6.33977184,             0.448,     0.00108123076,     0.08131655165,                 0,                 0,                 0,     -0.0331165763,   -0.000692937769,     0.08132078744,                 0,       75.20739757
          0,           0,         208,      -6.904626331,        -7.6225298,      -7.398757684,      -6.353366618,             0.448,    0.001081177541,     0.08131403954,                 0,                 0,                 0,    -0.03311732298,   -0.000692936174,     0.08131827477,                 0,       75.20877602
          0,           0,         209,      -6.918320768,      -7.634834228,      -7.413835816,      -6.367107958,             0.448,    0.001081127526,     0.08131148846,                 0,                 0,                 0,    -0.03311803997,  -0.0006929305256,      0.0813157232,                 0,       75.20989568
          0,           0,         210,      -6.932174116,       -7.64818113,      -7.429184688,      -6.381010207,             0.448,    0.001081080633,     0.08130891587,                 0,                 0,                 0,    -0.03311872297,  -0.0006929212872,      0.0813131502,                 0,       75.21077837
          0,           0,         211,      -6.946191846,      -7.662580814,      -7.444760362,      -6.395078366,             0.448,    0.001081037173,     0.08130633781,                 0,                 0,                 0,    -0.03311936716,  -0.0006929084962,     0.08131057181,                 0,       75.21141716
          0,           0,         212,      -6.960366363,      -7.678000638,      -7.460495567,      -6.409302897,             0.448,    0.001080997776,     0.08130377811,                 0,                 0,                 0,    -0.03311996702,  -0.0006928920441,     0.08130801185,                 0,       75.21179033
          0,           0,         213,       -6.97470049,      -7.694393036,      -7.476369019,      -6.423688336,             0.448,    0.001080962909,     0.08130125372,                 0,                 0,                 0,    -0.03312052076,  -0.0006928718336,      0.0813054873,                 0,       75.21188102
          0,           0,         214,      -6.989188031,      -7.711697645,      -7.492334929,      -6.438228929,             0.448,    0.001080932562,     0.08129877412,                 0,                 0,                 0,    -0.03312102842,  -0.0006928480819,     0.08130300763,                 0,       75.21169868
          0,           0,         215,      -7.003804427,      -7.729810146,      -7.508318622,      -6.452900197,             0.448,     0.00108090704,     0.08129634709,                 0,                 0,                 0,    -0.03312149015,  -0.0006928206517,     0.08130058062,                 0,       75.21122914
          0,           0,         216,      -7.018529061,      -7.748532722,      -7.524228776,      -6.467682426,             0.448,    0.001080886384,     0.08129398763,                 0,                 0,                 0,     -0.0331219042,   -0.000692789832,     0.08129822127,                 0,       75.21048359
          0,           0,         217,      -7.033337588,      -7.767662031,       -7.54000458,      -6.482551049,             0.448,    0.001080870332,     0.08129171156,                 0,                 0,                 0,    -0.03312226946,  -0.0006927562281,      0.0812959454,                 0,       75.20949477
          0,           0,         218,      -7.048187809,      -7.787015013,      -7.555575865,      -6.497463305,             0.448,    0.001080858609,     0.08128952862,                 0,                 0,                 0,    -0.03312258683,   -0.000692720327,     0.08129376272,                 0,       75.20829081
          0,           0,         219,      -7.063039722,      -7.806401592,      -7.570865196,      -6.512379775,             0.448,    0.001080851408,      0.0812874392,                 0,                 0,                 0,    -0.03312285924,  -0.0006926819459,     0.08129167364,                 0,       75.20685875
          0,           0,         220,      -7.077862116,      -7.825593288,      -7.585816786,       -6.52726916,             0.448,    0.001080848674,     0.08128544732,                 0,                 0,                 0,    -0.03312308907,  -0.0006926412273,     0.08128968217,                 0,       75.20520615
          0,           0,         221,      -7.092608103,      -7.844320428,      -7.600376079,      -6.542082739,             0.448,    0.001080850044,     0.08128356409,                 0,                 0,                 0,    -0.03312327662,  -0.0006925987754,     0.08128779943,                 0,       75.20336848
          0,           0,         222,      -7.107226641,      -7.862327347,      -7.614503183,      -6.556768988,             0.448,    0.001080855515,     0.08128179083,                 0,                 0,                 0,     -0.0331234248,  -0.0006925546219,     0.08128602671,                 0,       75.20134719
          0,           0,         223,       -7.12168708,      -7.879350343,      -7.628158809,      -6.571297698,             0.448,    0.001080865033,     0.08128012572,                 0,                 0,                 0,    -0.03312353702,  -0.0006925087818,      0.0812843622,                 0,       75.19914442
          0,           0,         224,      -7.135949183,      -7.895192345,      -7.641323286,      -6.585626104,             0.448,    0.001080878228,     0.08127856816,                 0,                 0,                 0,    -0.03312361647,  -0.0006924616125,      0.0812828053,                 0,       75.19678544
          0,           0,         225,      -7.149977807,      -7.909750981,      -7.653996779,      -6.599717787,             0.448,     0.00108089477,     0.08127711167,                 0,                 0,                 0,    -0.03312366719,  -0.0006924133009,     0.08128134952,                 0,       75.19428712
          0,           0,         226,      -7.163746364,      -7.922996348,      -7.666211307,      -6.613545117,             0.448,    0.001080914564,     0.08127575791,                 0,                 0,                 0,    -0.03312369154,  -0.0006923639791,     0.08127999651,                 0,       75.19165769
          0,           0,         227,      -7.177232919,      -7.934987346,      -7.678018924,      -6.627085181,             0.448,    0.001080937317,     0.08127450736,                 0,                 0,                 0,    -0.03312369236,  -0.0006923139508,     0.08127874675,                 0,       75.18891804
          0,           0,         228,      -7.190411859,      -7.945841071,      -7.689456965,      -6.640311102,             0.448,    0.001080962706,     0.08127335572,                 0,                 0,                 0,     -0.0331236732,   -0.000692263445,     0.08127759594,                 0,       75.18608667
          0,           0,         229,      -7.203301965,      -7.955694394,      -7.700517141,      -6.653242097,             0.448,    0.001080990451,     0.08127229686,                 0,                 0,                 0,    -0.03312363729,  -0.0006922126076,     0.08127653794,                 0,       75.18317739
          0,           0,         230,      -7.215914488,      -7.964701732,      -7.711317952,      -6.665885172,             0.448,    0.001081020023,     0.08127132743,                 0,                 0,                 0,    -0.03312358762,  -0.0006921618949,     0.08127556938,                 0,       75.18022395
          0,           0,         231,      -7.228272381,      -7.973093773,      -7.721982898,      -6.678260718,             0.448,    0.001081051224,     0.08127044752,                 0,                 0,                 0,    -0.03312352553,  -0.0006921115066,     0.08127469036,                 0,       75.17724021
          0,           0,         232,      -7.240403725,      -7.981162745,      -7.732603276,      -6.690395986,             0.448,    0.001081083698,     0.08126965353,                 0,                 0,                 0,     -0.0331234531,   -0.000692061719,     0.08127389727,                 0,       75.17424753
          0,           0,         233,       -7.25234063,      -7.989166825,      -7.743244229,      -6.702323367,             0.448,    0.001081117111,     0.08126894028,                 0,                 0,                 0,    -0.03312337274,  -0.0006920127542,     0.08127318492,                 0,       75.17126444
          0,           0,         234,      -7.264123534,      -7.997321279,      -7.753966981,      -6.714083772,             0.448,     0.00108115119,     0.08126830334,                 0,                 0,                 0,    -0.03312328655,  -0.0006919647892,     0.08127254888,                 0,       75.16830588
          0,           0,         235,      -7.275799615,      -8.005826233,      -7.764841483,      -6.725724658,             0.448,    0.001081185543,     0.08126773744,                 0,                 0,                 0,    -0.03312319675,  -0.0006919180993,     0.08127198386,                 0,       75.16539411
          0,           0,         236,      -7.287418801,      -8.014868779,      -7.775938311,      -6.737296318,             0.448,    0.001081219824,     0.08126723731,                 0,                 0,                 0,     -0.0331231052,  -0.0006918729162,      0.0812714846,                 0,       75.16254837
          0,           0,         237,      -7.299030722,      -8.024617677,      -7.787313511,      -6.748849319,             0.448,    0.001081253829,      0.0812667982,                 0,                 0,                 0,    -0.03312301315,  -0.0006918293397,     0.08127104633,                 0,        75.1597784
          0,           0,         238,      -7.310686561,      -8.035210565,      -7.798997188,      -6.760436084,             0.448,    0.001081287326,     0.08126641603,                 0,                 0,                 0,    -0.03312292176,  -0.0006917875137,     0.08127066498,                 0,       75.15709659
          0,           0,         239,      -7.322434361,      -8.046740174,      -7.811026163,      -6.772106218,             0.448,    0.001081319961,     0.08126608566,                 0,                 0,                 0,    -0.03312283251,  -0.0006917476798,      0.0812703354,                 0,        75.1545228
          0,           0,         240,      -7.334318587,      -8.059275913,      -7.823434985,      -6.783906011,             0.448,    0.001081351409,     0.08126580152,                 0,                 0,                 0,    -0.03312274673,  -0.0006917100405,     0.08127005201,                 0,       75.15207436
          0,           0,         241,      -7.346377722,       -8.07286114,      -7.836248114,      -6.795875271,             0.448,    0.001081381547,     0.08126555966,                 0,                 0,                 0,    -0.03312266502,  -0.0006916746334,     0.08126981087,                 0,       75.14975621
          0,           0,         242,      -7.358645619,      -8.087520625,      -7.849468649,       -6.80804963,             0.448,    0.001081410217,     0.08126535574,                 0,                 0,                 0,    -0.03312258803,  -0.0006916415218,     0.08126960763,                 0,        75.1475753
          0,           0,         243,      -7.371150029,      -8.103253207,      -7.863088516,      -6.820458761,             0.448,    0.001081437216,     0.08126518536,                 0,                 0,                 0,    -0.03312251646,  -0.0006916108129,     0.08126943788,                 0,       75.14554166
          0,           0,         244,      -7.383912824,      -8.120027509,      -7.877091915,      -6.833126326,             0.448,    0.001081462386,     0.08126504428,                 0,                 0,                 0,    -0.03312245083,  -0.0006915825711,     0.08126929738,                 0,       75.14366226
          0,           0,         245,      -7.396949473,      -8.137787855,      -7.891455503,      -6.846069487,             0.448,    0.001081485614,     0.08126492837,                 0,                 0,                 0,     -0.0331223915,  -0.0006915568204,       0.081269182,                 0,       75.14194118
          0,           0,         246,      -7.410268263,       -8.15644928,       -7.90614914,      -6.859298147,             0.448,    0.001081506793,      0.0812648338,                 0,                 0,                 0,    -0.03312233876,  -0.0006915335829,     0.08126908792,                 0,       75.14038221
          0,           0,         247,      -7.423871645,      -8.175898344,      -7.921134138,      -6.872816401,             0.448,    0.001081525885,     0.08126475722,                 0,                 0,                 0,    -0.03312229266,  -0.0006915128252,     0.08126901177,                 0,       75.13898499
          0,           0,         248,      -7.437755855,       -8.19598755,      -7.936366167,      -6.886622057,             0.448,    0.001081542805,     0.08126469489,                 0,                 0,                 0,    -0.03312225337,  -0.0006914945495,     0.08126894982,                 0,       75.13775186
          0,           0,         249,      -7.451910763,      -8.216532568,      -7.951799477,       -6.90070634,             0.448,    0.001081557525,     0.08126464362,                 0,                 0,                 0,    -0.03312222088,  -0.0006914787138,     0.08126889889,                 0,       75.13668178
          0,           0,         250,      -7.466320597,      -8.237316446,      -7.967388968,      -6.915054626,             0.448,    0.001081570097,     0.08126460097,                 0,                 0,                 0,    -0.03312219484,  -0.0006914652147,     0.08126885652,                 0,       75.13576899
          0,           0,         251,      -7.480964767,      -8.258097075,      -7.983085757,      -6.929647294,             0.448,    0.001081580546,      0.0812645645,                 0,                 0,                 0,    -0.03312217502,  -0.0006914539725,     0.08126882029,                 0,       75.13500939
          0,           0,         252,      -7.495817023,      -8.278602737,      -7.998837991,      -6.944458833,             0.448,     0.00108158897,     0.08126453243,                 0,                 0,                 0,    -0.03312216091,  -0.0006914448513,     0.08126878841,                 0,       75.13439457
          0,           0,         253,       -7.51084694,      -8.298549168,      -8.014591873,      -6.959459388,             0.448,    0.001081595468,     0.08126450317,                 0,                 0,                 0,      -0.033122152,  -0.0006914377161,      0.0812687593,                 0,       75.13391609
          0,           0,         254,      -7.526021084,      -8.317652066,      -8.030296375,      -6.974615866,             0.448,     0.00108160014,     0.08126447529,                 0,                 0,                 0,    -0.03312214779,  -0.0006914324377,     0.08126873153,                 0,       75.13356582
          0,           0,         255,      -7.541303811,      -8.335652977,      -8.045907449,      -6.989892665,             0.448,    0.001081603098,     0.08126444768,                 0,                 0,                 0,    -0.03312214772,  -0.0006914288777,     0.08126870399,                 0,       75.13333479
          0,           0,         256,      -7.556657946,      -8.352344508,      -8.061389486,      -7.005252343,             0.448,    0.001081604467,     0.08126441945,                 0,                 0,                 0,     -0.0331221512,  -0.0006914268929,      0.0812686758,                 0,       75.13321357
          0,           0,         257,      -7.572045574,      -8.367587108,      -8.076714652,      -7.020656412,             0.448,    0.001081604381,     0.08126438996,                 0,                 0,                 0,    -0.03312215762,  -0.0006914263361,     0.08126864631,                 0,       75.13319232
          0,           0,         258,      -7.587429422,      -8.381323481,      -8.091861625,      -7.036066787,             0.448,    0.001081602978,     0.08126435881,                 0,                 0,                 0,    -0.03312216635,  -0.0006914270593,     0.08126861514,                 0,       75.13326098
          0,           0,         259,      -7.602773906,      -8.393576717,      -8.106817258,      -7.051446756,             0.448,    0.001081600394,     0.08126432578,                 0,                 0,                 0,    -0.03312217677,  -0.0006914289223,     0.08126858206,                 0,       75.13340995
          0,           0,         260,      -7.618046365,      -8.404455053,      -8.121577576,       -7.06676225,             0.448,     0.00108159676,     0.08126429084,                 0,                 0,                 0,    -0.03312218829,  -0.0006914317928,     0.08126854705,                 0,       75.13363006
          0,           0,         261,      -7.633218204,      -8.414143056,      -8.136146833,      -7.081983093,             0.448,    0.001081592207,     0.08126425423,                 0,                 0,                 0,    -0.03312220026,   -0.000691435546,     0.08126851035,                 0,       75.13391248
          0,           0,         262,       -7.64826542,      -8.422878514,      -8.150537274,      -7.097083541,             0.448,    0.001081586881,     0.08126421622,                 0,                 0,                 0,    -0.03312221213,  -0.0006914400415,     0.08126847223,                 0,       75.13424731
          0,           0,         263,      -7.663169824,      -8.430929763,      -8.164768409,      -7.112043571,             0.448,     0.00108158092,     0.08126417723,                 0,                 0,                 0,    -0.03312222333,  -0.0006914451505,     0.08126843312,                 0,       75.13462536
          0,           0,         264,      -7.677919219,      -8.438576274,      -8.178865596,      -7.126849114,             0.448,    0.001081574453,     0.08126413785,                 0,                 0,                 0,    -0.03312223335,  -0.0006914507571,      0.0812683936,                 0,       75.13503821
          0,           0,         265,      -7.692507527,       -8.44609225,      -8.192858288,      -7.141492278,             0.448,    0.001081567605,      0.0812640987,                 0,                 0,                 0,    -0.03312224169,  -0.0006914567499,     0.08126835432,                 0,       75.13547776
          0,           0,         266,      -7.706935083,      -8.453734033,      -8.206777921,      -7.155971752,             0.448,    0.001081560481,     0.08126406046,                 0,                 0,                 0,    -0.03312224794,  -0.0006914630376,     0.08126831593,                 0,       75.13593728
          0,           0,         267,      -7.721208369,      -8.461731304,      -8.220656594,      -7.170292566,             0.448,    0.001081553167,     0.08126402373,                 0,                 0,                 0,    -0.03312225178,  -0.0006914695489,     0.08126827905,                 0,       75.13641145
          0,           0,         268,      -7.735339129,      -8.470282962,      -8.234526121,      -7.184465197,             0.448,    0.001081545783,     0.08126398952,                 0,                 0,                 0,    -0.03312225278,  -0.0006914761843,     0.08126824468,                 0,       75.13689276
          0,           0,         269,      -7.749343604,      -8.479557678,      -8.248414086,      -7.198504924,             0.448,    0.001081538431,     0.08126395876,                 0,                 0,                 0,    -0.03312225062,  -0.0006914828639,     0.08126821378,                 0,        75.1373751
          0,           0,         270,      -7.763241055,      -8.489690577,      -8.262341921,      -7.212430454,             0.448,    0.001081531193,     0.08126393225,                 0,                 0,                 0,    -0.03312224503,  -0.0006914895218,     0.08126818711,                 0,       75.13785343
          0,           0,         271,      -7.777053448,      -8.500784719,      -8.276326605,      -7.226263524,             0.448,    0.001081524151,     0.08126391087,                 0,                 0,                 0,    -0.03312223582,  -0.0006914960957,     0.08126816558,                 0,        75.1383229
          0,           0,         272,      -7.790804811,      -8.512917404,      -8.290382047,      -7.240028207,             0.448,    0.001081517368,     0.08126389548,                 0,                 0,                 0,    -0.03312222285,  -0.0006915025412,     0.08126815005,                 0,        75.1387799
          0,           0,         273,      -7.804519181,      -8.526141927,      -8.304517613,      -7.253748871,             0.448,    0.001081510897,     0.08126388681,                 0,                 0,                 0,    -0.03312220606,  -0.0006915088212,     0.08126814124,                 0,       75.13922145
          0,           0,         274,      -7.818219369,       -8.54048556,      -8.318733881,      -7.267448993,             0.448,    0.001081504788,     0.08126388554,                 0,                 0,                 0,    -0.03312218542,  -0.0006915149011,     0.08126813984,                 0,       75.13964471
          0,           0,         275,      -7.831926304,       -8.55595119,       -8.33302177,      -7.281150417,             0.448,    0.001081499081,     0.08126389227,                 0,                 0,                 0,    -0.03312216097,  -0.0006915207542,     0.08126814644,                 0,       75.14004748
          0,           0,         276,      -7.845658139,       -8.57251868,       -8.34736446,      -7.294872369,             0.448,    0.001081493802,     0.08126390748,                 0,                 0,                 0,    -0.03312213279,  -0.0006915263634,     0.08126816153,                 0,       75.14042829
          0,           0,         277,      -7.859430966,      -8.590143421,       -8.36173926,      -7.308632344,             0.448,     0.00108148899,     0.08126393174,                 0,                 0,                 0,    -0.03312210097,  -0.0006915317034,     0.08126818568,                 0,       75.14078505
          0,           0,         278,      -7.873256564,      -8.608759029,      -8.376122185,      -7.322443482,             0.448,    0.001081484662,     0.08126396538,                 0,                 0,                 0,    -0.03312206568,  -0.0006915367642,     0.08126821922,                 0,       75.14111686
          0,           0,         279,      -7.887142614,      -8.628274631,      -8.390484795,      -7.336314852,             0.448,    0.001081480818,     0.08126400851,                 0,                 0,                 0,    -0.03312202718,  -0.0006915415485,     0.08126826226,                 0,       75.14142385
          0,           0,         280,      -7.901090688,      -8.648567026,      -8.404793797,      -7.350249331,             0.448,    0.001081477463,     0.08126406123,                 0,                 0,                 0,     -0.0331219857,   -0.000691546053,     0.08126831489,                 0,       75.14170571
          0,           0,         281,      -7.915099564,      -8.669476565,      -8.419013515,       -7.36424725,             0.448,    0.001081474602,     0.08126412363,                 0,                 0,                 0,    -0.03312194151,  -0.0006915502737,     0.08126837721,                 0,       75.14196214
          0,           0,         282,      -7.929163991,      -8.690816515,      -8.433111317,      -7.378304651,             0.448,     0.00108147223,      0.0812641956,                 0,                 0,                 0,    -0.03312189491,  -0.0006915542155,     0.08126844912,                 0,       75.14219352
          0,           0,         283,      -7.943274715,      -8.712372336,      -8.447057265,      -7.392413348,             0.448,    0.001081470336,     0.08126427698,                 0,                 0,                 0,    -0.03312184622,  -0.0006915578847,     0.08126853044,                 0,       75.14240039
          0,           0,         284,      -7.957418809,      -8.733900236,      -8.460824361,      -7.406561366,             0.448,    0.001081468906,      0.0812643675,                 0,                 0,                 0,    -0.03312179578,  -0.0006915612885,      0.0812686209,                 0,       75.14258342
          0,           0,         285,      -7.971580615,      -8.755132728,       -8.47439045,      -7.420733814,             0.448,    0.001081467924,     0.08126446681,                 0,                 0,                 0,    -0.03312174394,  -0.0006915644372,     0.08126872017,                 0,       75.14274351
          0,           0,         286,       -7.98574244,      -8.775790541,      -8.487740714,      -7.434913462,             0.448,    0.001081467367,     0.08126457448,                 0,                 0,                 0,    -0.03312169106,   -0.000691567343,      0.0812688278,                 0,       75.14288178
          0,           0,         287,      -7.999885212,      -8.795598617,       -8.50086946,      -7.449081392,             0.448,    0.001081467211,     0.08126469001,                 0,                 0,                 0,     -0.0331216375,  -0.0006915700192,      0.0812689433,                 0,       75.14299944
          0,           0,         288,      -8.013989294,      -8.814305085,      -8.513780703,      -7.463217823,             0.448,    0.001081467429,     0.08126481285,                 0,                 0,                 0,    -0.03312158363,  -0.0006915724802,     0.08126906611,                 0,       75.14309783
          0,           0,         289,      -8.028035382,      -8.831701553,      -8.526487943,      -7.477302999,             0.448,    0.001081467993,     0.08126494236,                 0,                 0,                 0,    -0.03312152981,  -0.0006915747416,      0.0812691956,                 0,        75.1431784
          0,           0,         290,       -8.04200539,      -8.847642206,       -8.53901372,      -7.491318074,             0.448,    0.001081468872,     0.08126507788,                 0,                 0,                 0,     -0.0331214764,  -0.0006915768197,     0.08126933111,                 0,       75.14324267
          0,           0,         291,      -8.055883276,      -8.862058454,      -8.551389073,      -7.505245961,             0.448,    0.001081470032,     0.08126521868,                 0,                 0,                 0,    -0.03312142375,   -0.000691578731,      0.0812694719,                 0,       75.14329223
          0,           0,         292,      -8.069655773,      -8.874965887,      -8.563652703,      -7.519072113,             0.448,    0.001081471441,       0.081265364,                 0,                 0,                 0,    -0.03312137221,  -0.0006915804923,     0.08126961722,                 0,       75.14332869
          0,           0,         293,      -8.083313006,      -8.886461846,      -8.575849671,      -7.532785177,             0.448,    0.001081473065,     0.08126551304,                 0,                 0,                 0,     -0.0331213221,  -0.0006915821205,     0.08126976626,                 0,        75.1433537
          0,           0,         294,      -8.096848963,      -8.896714292,        -8.5880297,       -7.54637753,             0.448,    0.001081474868,     0.08126566496,                 0,                 0,                 0,    -0.03312127375,  -0.0006915836322,     0.08126991818,                 0,        75.1433689
          0,           0,         295,       -8.11026179,      -8.905944382,      -8.600245259,      -7.559845641,             0.448,    0.001081476815,      0.0812658189,                 0,                 0,                 0,    -0.03312122744,  -0.0006915850437,     0.08127007213,                 0,       75.14337596
          0,           0,         296,      -8.123553889,      -8.914406078,      -8.612549622,      -7.573190232,             0.448,    0.001081478871,     0.08126597398,                 0,                 0,                 0,    -0.03312118345,   -0.000691586371,     0.08127022721,                 0,       75.14337648
          0,           0,         297,      -8.136731804,      -8.922366072,       -8.62499499,      -7.586416233,             0.448,    0.001081481002,      0.0812661293,                 0,                 0,                 0,    -0.03312114203,  -0.0006915876289,     0.08127038255,                 0,       75.14337204
          0,           0,         298,       -8.14980591,      -8.930086488,      -8.637630739,      -7.599532529,             0.448,    0.001081483175,     0.08126628399,                 0,                 0,                 0,    -0.03312110339,  -0.0006915888314,     0.08127053725,                 0,       75.14336412
          0,           0,         299,      -8.162789933,      -8.937811746,      -8.650501843,      -7.612551526,             0.448,    0.001081485357,     0.08126643716,                 0,                 0,                 0,    -0.03312106772,  -0.0006915899915,     0.08127069043,                 0,       75.14335416
          0,           0,         300,      -8.175700324,      -8.945759821,       -8.66364752,      -7.625488578,             0.448,    0.001081487517,     0.08126658796,                 0,                 0,                 0,    -0.03312103518,  -0.0006915911209,     0.08127084124,                 0,       75.14334345
          0,           0,         301,       -8.18855554,      -8.954117397,      -8.677100092,       -7.63836129,             0.448,    0.001081489629,     0.08126673558,                 0,                 0,                 0,    -0.03312100589,    -0.00069159223,     0.08127098887,                 0,       75.14333323
          0,           0,         302,      -8.201375255,      -8.963037952,      -8.690884079,       -7.65118876,             0.448,    0.001081491665,     0.08126687922,                 0,                 0,                 0,    -0.03312097994,   -0.000691593328,     0.08127113252,                 0,       75.14332458
          0,           0,         303,      -8.214179555,      -8.972641878,      -8.705015493,       -7.66399079,             0.448,    0.001081493602,     0.08126701818,                 0,                 0,                 0,    -0.03312095738,  -0.0006915944227,     0.08127127148,                 0,       75.14331848
          0,           0,         304,      -8.226988156,        -8.9830178,      -8.719501312,      -7.676787101,             0.448,    0.001081495419,     0.08126715176,                 0,                 0,                 0,    -0.03312093823,  -0.0006915955203,     0.08127140508,                 0,       75.14331575
          0,           0,         305,      -8.239819665,      -8.994224486,      -8.734339114,      -7.689596601,             0.448,    0.001081497098,     0.08126727936,                 0,                 0,                 0,    -0.03312092248,  -0.0006915966258,     0.08127153269,                 0,       75.14331711
          0,           0,         306,      -8.252690925,      -9.006292909,       -8.74951686,      -7.702436711,             0.448,    0.001081498622,     0.08126740044,                 0,                 0,                 0,    -0.03312091009,  -0.0006915977427,     0.08127165377,                 0,       75.14332313
          0,           0,         307,      -8.265616444,       -9.01922818,      -8.765012806,      -7.715322786,             0.448,    0.001081499981,     0.08126751452,                 0,                 0,                 0,      -0.033120901,  -0.0006915988732,     0.08127176785,                 0,       75.14333422
          0,           0,         308,      -8.278607943,      -9.033011157,       -8.78079558,      -7.728267626,             0.448,    0.001081501163,     0.08126762119,                 0,                 0,                 0,    -0.03312089511,  -0.0006916000181,     0.08127187452,                 0,        75.1433507
          0,           0,         309,      -8.291674003,      -9.047599816,      -8.796824431,      -7.741281102,             0.448,    0.001081502163,     0.08126772011,                 0,                 0,                 0,     -0.0331208923,  -0.0006916011769,     0.08127197344,                 0,       75.14337273
          0,           0,         310,      -8.304819837,      -9.062930324,      -8.813049713,       -7.75436989,             0.448,    0.001081502975,     0.08126781103,                 0,                 0,                 0,    -0.03312089242,  -0.0006916023482,     0.08127206435,                 0,       75.14340036
          0,           0,         311,      -8.318047178,      -9.078918086,       -8.82941364,      -7.767537323,             0.448,    0.001081503599,     0.08126789374,                 0,                 0,                 0,    -0.03312089533,  -0.0006916035287,     0.08127214706,                 0,       75.14343348
          0,           0,         312,      -8.331354318,      -9.095458689,      -8.845851366,       -7.78078339,             0.448,    0.001081504036,     0.08126796814,                 0,                 0,                 0,    -0.03312090084,  -0.0006916047152,     0.08127222145,                 0,       75.14347194
          0,           0,         313,      -8.344736103,      -9.112429711,      -8.862292497,      -7.794104681,             0.448,    0.001081504288,     0.08126803419,                 0,                 0,                 0,    -0.03312090877,  -0.0006916059037,     0.08127228749,                 0,       75.14351548
          0,           0,         314,      -8.358184297,      -9.129693521,      -8.878663002,      -7.807494722,             0.448,    0.001081504361,     0.08126809189,                 0,                 0,                 0,     -0.0331209189,  -0.0006916070893,     0.08127234518,                 0,       75.14356374
          0,           0,         315,      -8.371687895,      -9.147100297,      -8.894887587,      -7.820944236,             0.448,    0.001081504263,     0.08126814134,                 0,                 0,                 0,    -0.03312093104,  -0.0006916082663,     0.08127239461,                 0,       75.14361629
          0,           0,         316,      -8.385233521,      -9.164492261,      -8.910892188,      -7.834441501,             0.448,    0.001081504002,     0.08126818268,                 0,                 0,                 0,    -0.03312094496,  -0.0006916094286,     0.08127243594,                 0,       75.14367262
          0,           0,         317,      -8.398805927,      -9.181709543,       -8.92660683,      -7.847972802,             0.448,     0.00108150359,     0.08126821612,                 0,                 0,                 0,    -0.03312096045,  -0.0006916105703,     0.08127246937,                 0,       75.14373219
          0,           0,         318,      -8.412388569,      -9.198597537,      -8.941968688,      -7.861522966,             0.448,    0.001081503038,     0.08126824192,                 0,                 0,                 0,    -0.03312097728,  -0.0006916116851,     0.08127249514,                 0,       75.14379441
          0,           0,         319,      -8.425964257,      -9.215015254,      -8.956925017,      -7.875075971,             0.448,    0.001081502358,     0.08126826036,                 0,                 0,                 0,    -0.03312099525,  -0.0006916127667,     0.08127251356,                 0,       75.14385867
          0,           0,         320,      -8.439515854,      -9.230844091,      -8.971435663,       -7.88861562,             0.448,    0.001081501565,     0.08126827179,                 0,                 0,                 0,    -0.03312101412,  -0.0006916138091,     0.08127252498,                 0,       75.14392435
          0,           0,         321,      -8.453026812,       -9.24599518,      -8.985475052,      -7.902126033,             0.448,    0.001081500673,     0.08126827659,                 0,                 0,                 0,     -0.0331210337,  -0.0006916148061,     0.08127252975,                 0,        75.1439908
          0,           0,         322,      -8.466481858,      -9.260415636,      -8.999033303,      -7.915592309,             0.448,    0.001081499695,     0.08126827516,                 0,                 0,                 0,    -0.03312105379,  -0.0006916157524,     0.08127252831,                 0,       75.14405741
          0,           0,         323,      -8.479867638,      -9.274092697,      -9.012116517,      -7.929001163,             0.448,    0.001081498646,     0.08126826794,                 0,                 0,                 0,    -0.03312107419,  -0.0006916166432,     0.08127252106,                 0,       75.14412359
          0,           0,         324,      -8.493173181,      -9.287053973,      -9.024746149,      -7.942341383,             0.448,    0.001081497541,     0.08126825537,                 0,                 0,                 0,    -0.03312109471,  -0.0006916174738,     0.08127250847,                 0,       75.14418875
          0,           0,         325,      -8.506390302,      -9.299364478,      -9.036957505,      -7.955604234,             0.448,    0.001081496394,     0.08126823791,                 0,                 0,                 0,     -0.0331211152,  -0.0006916182398,     0.08127249099,                 0,       75.14425231
          0,           0,         326,      -8.519513894,      -9.311121233,      -9.048797591,      -7.968783766,             0.448,    0.001081495219,     0.08126821604,                 0,                 0,                 0,    -0.03312113548,  -0.0006916189375,      0.0812724691,                 0,       75.14431374
          0,           0,         327,      -8.532542075,      -9.322446033,      -9.060322517,      -7.981876993,             0.448,    0.001081494029,     0.08126819022,                 0,                 0,                 0,    -0.03312115541,  -0.0006916195637,     0.08127244325,                 0,       75.14437253
          0,           0,         328,      -8.545476214,      -9.333477129,      -9.071594641,      -7.994883944,             0.448,    0.001081492838,     0.08126816092,                 0,                 0,                 0,    -0.03312117485,  -0.0006916201156,     0.08127241394,                 0,       75.14442822
          0,           0,         329,      -8.558320805,      -9.344360971,      -9.082679698,      -8.007807598,             0.448,    0.001081491657,     0.08126812861,                 0,                 0,                 0,    -0.03312119368,   -0.000691620591,     0.08127238161,                 0,       75.14448037
          0,           0,         330,      -8.571083222,      -9.355244597,      -9.093644024,      -8.020653676,             0.448,    0.001081490499,     0.08126809376,                 0,                 0,                 0,    -0.03312121179,  -0.0006916209883,     0.08127234674,                 0,       75.14452859
          0,           0,         331,      -8.583773335,      -9.366269082,      -9.104552049,      -8.033430323,             0.448,    0.001081489375,     0.08126805682,                 0,                 0,                 0,    -0.03312122907,  -0.0006916213064,     0.08127230978,                 0,       75.14457255
          0,           0,         332,      -8.596403037,       -9.37756443,      -9.115464141,      -8.046147678,             0.448,    0.001081488295,     0.08126801822,                 0,                 0,                 0,    -0.03312124545,  -0.0006916215448,     0.08127227118,                 0,       75.14461194
          0,           0,         333,      -8.608985692,      -9.389245934,       -9.12643487,      -8.058817388,             0.448,    0.001081487267,      0.0812679784,                 0,                 0,                 0,    -0.03312126083,  -0.0006916217035,     0.08127223135,                 0,       75.14464653
          0,           0,         334,      -8.621535538,      -9.401411719,      -9.137511695,      -8.071452048,             0.448,    0.001081486301,     0.08126793777,                 0,                 0,                 0,    -0.03312127518,  -0.0006916217834,     0.08127219071,                 0,       75.14467611
          0,           0,         335,      -8.634067065,      -9.414141084,      -9.148734048,      -8.084064632,             0.448,    0.001081485403,     0.08126789673,                 0,                 0,                 0,    -0.03312128843,  -0.0006916217857,     0.08127214965,                 0,       75.14470055
          0,           0,         336,      -8.646594404,      -9.427493519,      -9.160132772,      -8.096667909,             0.448,     0.00108148458,     0.08126785564,                 0,                 0,                 0,    -0.03312130054,  -0.0006916217123,     0.08127210855,                 0,       75.14471975
          0,           0,         337,      -8.659130741,      -9.441508048,      -9.171729872,      -8.109273895,             0.448,    0.001081483836,     0.08126781486,                 0,                 0,                 0,     -0.0331213115,  -0.0006916215655,     0.08127206777,                 0,       75.14473367
          0,           0,         338,      -8.671687793,      -9.456202815,      -9.183538532,      -8.121893339,             0.448,    0.001081483178,     0.08126777472,                 0,                 0,                 0,    -0.03312132128,  -0.0006916213485,     0.08127202762,                 0,       75.14474233
          0,           0,         339,      -8.684275342,      -9.471574652,      -9.195563367,      -8.134535278,             0.448,    0.001081482606,     0.08126773552,                 0,                 0,                 0,    -0.03312132988,  -0.0006916210647,     0.08127198842,                 0,       75.14474578
          0,           0,         340,      -8.696900872,      -9.487598746,      -9.207800875,      -8.147206672,             0.448,    0.001081482124,     0.08126769754,                 0,                 0,                 0,    -0.03312133732,   -0.000691620718,     0.08127195043,                 0,       75.14474415
          0,           0,         341,      -8.709569291,      -9.504228227,      -9.220240089,      -8.159912132,             0.448,    0.001081481733,     0.08126766103,                 0,                 0,                 0,     -0.0331213436,  -0.0006916203128,     0.08127191392,                 0,       75.14473759
          0,           0,         342,      -8.722282767,      -9.521393879,      -9.232863388,      -8.172653747,             0.448,    0.001081481432,      0.0812676262,                 0,                 0,                 0,    -0.03312134875,  -0.0006916198538,      0.0812718791,                 0,       75.14472629
          0,           0,         343,      -8.735040672,       -9.53900414,      -9.245647482,      -8.185431011,             0.448,    0.001081481221,     0.08126759325,                 0,                 0,                 0,    -0.03312135282,   -0.000691619346,     0.08127184616,                 0,       75.14471048
          0,           0,         344,      -8.747839634,      -9.556945565,      -9.258564542,      -8.198240869,             0.448,    0.001081481098,     0.08126756235,                 0,                 0,                 0,    -0.03312135583,  -0.0006916187944,     0.08127181525,                 0,       75.14469043
          0,           0,         345,      -8.760673698,      -9.575084183,       -9.27158345,      -8.211077849,             0.448,    0.001081481061,     0.08126753361,                 0,                 0,                 0,    -0.03312135785,  -0.0006916182044,     0.08127178652,                 0,       75.14466642
          0,           0,         346,      -8.773534591,      -9.593267971,      -9.284671171,      -8.223934308,             0.448,    0.001081481107,     0.08126750714,                 0,                 0,                 0,    -0.03312135892,  -0.0006916175812,     0.08127176006,                 0,       75.14463877
          0,           0,         347,      -8.786412075,      -9.611330857,      -9.297794206,       -8.23680076,             0.448,    0.001081481232,     0.08126748301,                 0,                 0,                 0,    -0.03312135911,  -0.0006916169302,     0.08127173594,                 0,       75.14460779
          0,           0,         348,      -8.799294392,      -9.629098536,      -9.310920083,      -8.249666291,             0.448,    0.001081481431,     0.08126746128,                 0,                 0,                 0,    -0.03312135847,  -0.0006916162567,     0.08127171422,                 0,       75.14457384
          0,           0,         349,      -8.812168774,      -9.646396172,      -9.324018829,      -8.262519039,             0.448,    0.001081481701,     0.08126744196,                 0,                 0,                 0,    -0.03312135709,  -0.0006916155658,     0.08127169491,                 0,       75.14453724
          0,           0,         350,         -8.825022,      -9.663057712,      -9.337064352,      -8.275346724,             0.448,    0.001081482036,     0.08126742506,                 0,                 0,                 0,    -0.03312135501,  -0.0006916148626,     0.08127167802,                 0,       75.14449837
          0,           0,         351,      -8.837840991,      -9.678936202,      -9.350035667,      -8.288137216,             0.448,     0.00108148243,     0.08126741055,                 0,                 0,                 0,    -0.03312135232,  -0.0006916141522,     0.08127166352,                 0,       75.14445758
          0,           0,         352,      -8.850613413,      -9.693914127,      -9.362917873,      -8.300879103,             0.448,    0.001081482878,      0.0812673984,                 0,                 0,                 0,    -0.03312134909,  -0.0006916134393,     0.08127165139,                 0,       75.14441522
          0,           0,         353,      -8.863328262,      -9.707912558,      -9.375702833,      -8.313562256,             0.448,    0.001081483374,     0.08126738855,                 0,                 0,                 0,    -0.03312134537,  -0.0006916127286,     0.08127164155,                 0,       75.14437165
          0,           0,         354,      -8.875976407,       -9.72089763,      -9.388389506,      -8.326178346,             0.448,    0.001081483912,     0.08126738094,                 0,                 0,                 0,    -0.03312134125,  -0.0006916120246,     0.08127163395,                 0,       75.14432723
          0,           0,         355,      -8.888551075,      -9.732883472,      -9.400983913,      -8.338721311,             0.448,    0.001081484485,     0.08126737547,                 0,                 0,                 0,    -0.03312133678,  -0.0006916113317,      0.0812716285,                 0,        75.1442823
          0,           0,         356,      -8.901048246,      -9.743931045,      -9.413498741,      -8.351187727,             0.448,    0.001081485089,     0.08126737206,                 0,                 0,                 0,    -0.03312133204,  -0.0006916106538,      0.0812716251,                 0,       75.14423721
          0,           0,         357,      -8.913466937,      -9.754143143,      -9.425952619,      -8.363577092,             0.448,    0.001081485716,      0.0812673706,                 0,                 0,                 0,    -0.03312132708,  -0.0006916099949,     0.08127162365,                 0,       75.14419228
          0,           0,         358,      -8.925809375,      -9.763656124,      -9.438369132,      -8.375891982,             0.448,    0.001081486361,     0.08126737097,                 0,                 0,                 0,    -0.03312132197,  -0.0006916093585,     0.08127162404,                 0,       75.14414783
          0,           0,         359,      -8.938081035,      -9.772630098,      -9.450775616,      -8.388138094,             0.448,    0.001081487017,     0.08126737306,                 0,                 0,                 0,    -0.03312131676,  -0.0006916087478,     0.08127162614,                 0,       75.14410416
          0,           0,         360,      -8.950290543,      -9.781238428,      -9.463201837,      -8.400324151,             0.448,    0.001081487679,     0.08126737673,                 0,                 0,                 0,     -0.0331213115,  -0.0006916081659,     0.08127162982,                 0,       75.14406154
          0,           0,         361,      -8.962449465,      -9.789657979,      -9.475678603,      -8.412461703,             0.448,    0.001081488342,     0.08126738186,                 0,                 0,                 0,    -0.03312130625,  -0.0006916076154,     0.08127163497,                 0,       75.14402025
          0,           0,         362,      -8.974571968,      -9.798060817,      -9.488236398,      -8.424564798,             0.448,       0.001081489,     0.08126738831,                 0,                 0,                 0,    -0.03312130106,  -0.0006916070986,     0.08127164143,                 0,       75.14398051
          0,           0,         363,      -8.986674395,      -9.806607908,      -9.500904075,      -8.436649576,             0.448,    0.001081489648,     0.08126739595,                 0,                 0,                 0,    -0.03312129596,  -0.0006916066174,     0.08127164908,                 0,       75.14394255
          0,           0,         364,      -8.998774758,      -9.815444545,      -9.513707665,      -8.448733782,             0.448,    0.001081490281,     0.08126740464,                 0,                 0,                 0,    -0.03312129099,  -0.0006916061735,     0.08127165778,                 0,       75.14390656
          0,           0,         365,      -9.010892175,       -9.82469769,      -9.526669329,      -8.460836225,             0.448,    0.001081490896,     0.08126741423,                 0,                 0,                 0,    -0.03312128619,  -0.0006916057681,     0.08127166739,                 0,       75.14387272
          0,           0,         366,       -9.02304629,      -9.834474487,      -9.539806459,      -8.472976214,             0.448,    0.001081491488,      0.0812674246,                 0,                 0,                 0,    -0.03312128159,  -0.0006916054022,     0.08127167777,                 0,       75.14384115
          0,           0,         367,      -9.035256673,      -9.844862016,      -9.553130958,      -8.485172984,             0.448,    0.001081492055,     0.08126743562,                 0,                 0,                 0,    -0.03312127722,  -0.0006916050764,     0.08127168879,                 0,       75.14381199
          0,           0,         368,      -9.047542242,      -9.855927438,      -9.566648675,      -8.497445129,             0.448,    0.001081492592,     0.08126744715,                 0,                 0,                 0,    -0.03312127309,  -0.0006916047909,     0.08127170033,                 0,       75.14378534
          0,           0,         369,      -9.059920707,      -9.867718668,      -9.580359024,      -8.509810075,             0.448,    0.001081493097,     0.08126745906,                 0,                 0,                 0,    -0.03312126923,  -0.0006916045458,     0.08127171226,                 0,       75.14376125
          0,           0,         370,       -9.07240807,      -9.880265001,      -9.594254762,      -8.522283577,             0.448,    0.001081493568,     0.08126747125,                 0,                 0,                 0,    -0.03312126565,  -0.0006916043407,     0.08127172445,                 0,       75.14373979
          0,           0,         371,      -9.085018161,      -9.893577824,      -9.608321952,      -8.534879283,             0.448,    0.001081494003,     0.08126748358,                 0,                 0,                 0,    -0.03312126236,  -0.0006916041749,     0.08127173679,                 0,       75.14372098
          0,           0,         372,      -9.097762254,      -9.907651123,      -9.622540088,      -8.547608344,             0.448,      0.0010814944,     0.08126749597,                 0,                 0,                 0,    -0.03312125937,  -0.0006916040477,     0.08127174918,                 0,       75.14370481
          0,           0,         373,      -9.110648727,       -9.92246172,       -9.63688242,      -8.560479093,             0.448,    0.001081494759,     0.08126750829,                 0,                 0,                 0,    -0.03312125667,  -0.0006916039579,     0.08127176151,                 0,       75.14369128
          0,           0,         374,      -9.123682812,      -9.937969499,      -9.651316475,      -8.573496788,             0.448,    0.001081495079,     0.08126752047,                 0,                 0,                 0,    -0.03312125428,  -0.0006916039041,      0.0812717737,                 0,       75.14368034
          0,           0,         375,      -9.136866399,      -9.954117627,      -9.665804781,      -8.586663422,             0.448,    0.001081495359,     0.08126753242,                 0,                 0,                 0,    -0.03312125219,  -0.0006916038848,     0.08127178565,                 0,       75.14367193
          0,           0,         376,      -9.150197922,      -9.970832397,      -9.680305807,      -8.599977608,             0.448,    0.001081495599,     0.08126754406,                 0,                 0,                 0,    -0.03312125039,  -0.0006916038983,     0.08127179729,                 0,       75.14366599
          0,           0,         377,      -9.163672326,      -9.988023782,      -9.694775105,       -8.61343454,             0.448,      0.0010814958,     0.08126755532,                 0,                 0,                 0,    -0.03312124887,  -0.0006916039427,     0.08127180855,                 0,       75.14366241
          0,           0,         378,      -9.177281104,      -10.00558591,      -9.709166675,       -8.62702603,             0.448,    0.001081495963,     0.08126756615,                 0,                 0,                 0,    -0.03312124763,  -0.0006916040161,     0.08127181938,                 0,        75.1436611
          0,           0,         379,      -9.191012428,      -10.02339851,      -9.723434469,       -8.64074063,             0.448,    0.001081496089,     0.08126757649,                 0,                 0,                 0,    -0.03312124664,  -0.0006916041162,     0.08127182972,                 0,       75.14366194
          0,           0,         380,      -9.204851352,      -10.04132896,      -9.737534023,       -8.65456383,             0.448,    0.001081496178,      0.0812675863,                 0,                 0,                 0,     -0.0331212459,  -0.0006916042409,     0.08127183953,                 0,       75.14366481
          0,           0,         381,      -9.218780116,      -10.05923558,      -9.751424156,      -8.668478351,             0.448,    0.001081496233,     0.08126759556,                 0,                 0,                 0,    -0.03312124539,  -0.0006916043881,     0.08127184879,                 0,       75.14366956
          0,           0,         382,      -9.232778519,      -10.07697202,      -9.765068611,      -8.682464509,             0.448,    0.001081496255,     0.08126760423,                 0,                 0,                 0,    -0.03312124509,  -0.0006916045554,     0.08127185746,                 0,       75.14367607
          0,           0,         383,      -9.246824382,      -10.09439281,      -9.778437624,      -8.696500658,             0.448,    0.001081496245,      0.0812676123,                 0,                 0,                 0,    -0.03312124498,  -0.0006916047408,     0.08127186553,                 0,       75.14368417
          0,           0,         384,      -9.260894072,      -10.11136008,       -9.79150923,      -8.710563704,             0.448,    0.001081496207,     0.08126761977,                 0,                 0,                 0,    -0.03312124505,   -0.000691604942,     0.08127187299,                 0,       75.14369374
          0,           0,         385,      -9.274963103,      -10.12775065,      -9.804270289,      -8.724629678,             0.448,    0.001081496142,     0.08126762662,                 0,                 0,                 0,    -0.03312124527,  -0.0006916051568,     0.08127187984,                 0,       75.14370462
          0,           0,         386,      -9.289006768,      -10.14346347,      -9.816717134,      -8.738674349,             0.448,    0.001081496052,     0.08126763287,                 0,                 0,                 0,    -0.03312124563,  -0.0006916053833,     0.08127188609,                 0,       75.14371666
          0,           0,         387,      -9.303000815,      -10.15842552,      -9.828855766,      -8.752673879,             0.448,    0.001081495939,     0.08126763852,                 0,                 0,                 0,    -0.03312124611,  -0.0006916056192,     0.08127189173,                 0,       75.14372972
          0,           0,         388,      -9.316922126,      -10.17259683,       -9.84070163,      -8.766605473,             0.448,    0.001081495806,     0.08126764359,                 0,                 0,                 0,    -0.03312124669,  -0.0006916058628,      0.0812718968,                 0,       75.14374365
          0,           0,         389,      -9.330749389,      -10.18597291,      -9.852278928,      -8.780448029,             0.448,    0.001081495655,     0.08126764809,                 0,                 0,                 0,    -0.03312124734,  -0.0006916061121,     0.08127190129,                 0,       75.14375831
          0,           0,         390,      -9.344463724,      -10.19858419,      -9.863619594,      -8.794182748,             0.448,    0.001081495488,     0.08126765205,                 0,                 0,                 0,    -0.03312124806,  -0.0006916063653,     0.08127190525,                 0,       75.14377356
          0,           0,         391,      -9.358049249,      -10.21049362,      -9.874761938,      -8.807793686,             0.448,    0.001081495308,      0.0812676555,                 0,                 0,                 0,    -0.03312124883,  -0.0006916066207,     0.08127190869,                 0,       75.14378928
          0,           0,         392,      -9.371493556,      -10.22179145,      -9.885749133,       -8.82126822,             0.448,    0.001081495116,     0.08126765845,                 0,                 0,                 0,    -0.03312124964,  -0.0006916068768,     0.08127191164,                 0,       75.14380533
          0,           0,         393,      -9.384788066,      -10.23258877,      -9.896627574,      -8.834597405,             0.448,    0.001081494915,     0.08126766094,                 0,                 0,                 0,    -0.03312125045,   -0.000691607132,     0.08127191413,                 0,       75.14382159
          0,           0,         394,      -9.397928256,      -10.24301045,      -9.907445258,      -8.847776213,             0.448,    0.001081494707,     0.08126766301,                 0,                 0,                 0,    -0.03312125128,  -0.0006916073849,     0.08127191619,                 0,       75.14383794
          0,           0,         395,      -9.410913738,      -10.25318787,      -9.918250237,      -8.860803618,             0.448,    0.001081494494,     0.08126766467,                 0,                 0,                 0,    -0.03312125209,  -0.0006916076342,     0.08127191785,                 0,       75.14385428
          0,           0,         396,      -9.423748188,      -10.26325241,      -9.929089208,      -8.873682558,             0.448,    0.001081494278,     0.08126766598,                 0,                 0,                 0,    -0.03312125289,  -0.0006916078788,     0.08127191914,                 0,       75.14387051
          0,           0,         397,      -9.436439127,       -10.2733302,      -9.940006303,      -8.886419732,             0.448,     0.00108149406,     0.08126766694,                 0,                 0,                 0,    -0.03312125366,  -0.0006916081175,     0.08127192011,                 0,       75.14388653
          0,           0,         398,      -9.448997567,      -10.28353767,      -9.951042062,      -8.899025288,             0.448,    0.001081493843,     0.08126766761,                 0,                 0,                 0,    -0.03312125439,  -0.0006916083493,     0.08127192077,                 0,       75.14390225
          0,           0,         399,      -9.461437551,      -10.29397837,      -9.962232622,      -8.911512383,             0.448,    0.001081493628,     0.08126766802,                 0,                 0,                 0,    -0.03312125508,  -0.0006916085735,     0.08127192117,                 0,       75.14391758
          0,           0,         400,      -9.473775582,      -10.30474106,      -9.973609122,      -8.923896653,             0.448,    0.001081493416,     0.08126766819,                 0,                 0,                 0,    -0.03312125571,  -0.0006916087891,     0.08127192134,                 0,       75.14393247
          0,           0,         401,      -9.486030017,      -10.31589832,      -9.985197275,      -8.936195625,             0.448,    0.001081493208,     0.08126766815,                 0,                 0,                 0,    -0.03312125629,  -0.0006916089955,     0.08127192129,                 0,       75.14394684
          0,           0,         402,      -9.498220399,      -10.32750598,      -9.997017136,      -8.948428085,             0.448,    0.001081493007,     0.08126766794,                 0,                 0,                 0,    -0.03312125681,  -0.0006916091923,     0.08127192108,                 0,       75.14396064
          0,           0,         403,      -9.510366811,      -10.33960272,        -10.009083,      -8.960613441,             0.448,    0.001081492813,     0.08126766758,                 0,                 0,                 0,    -0.03312125726,  -0.0006916093788,     0.08127192072,                 0,       75.14397381
          0,           0,         404,      -9.522489236,      -10.35221066,      -10.02140344,        -8.9727711,             0.448,    0.001081492626,     0.08126766711,                 0,                 0,                 0,    -0.03312125765,  -0.0006916095548,     0.08127192024,                 0,       75.14398632
          0,           0,         405,      -9.534606967,      -10.36533506,      -10.03398146,      -8.984919891,             0.448,    0.001081492449,     0.08126766654,                 0,                 0,                 0,    -0.03312125798,  -0.0006916097199,     0.08127191967,                 0,       75.14399813
          0,           0,         406,       -9.54673808,      -10.37896509,      -10.04681475,      -8.997077534,             0.448,    0.001081492281,     0.08126766591,                 0,                 0,                 0,    -0.03312125824,   -0.000691609874,     0.08127191903,                 0,       75.14400922
          0,           0,         407,       -9.55889898,      -10.39307411,      -10.05989601,      -9.009260188,             0.448,    0.001081492123,     0.08126766523,                 0,                 0,                 0,    -0.03312125843,   -0.000691610017,     0.08127191835,                 0,       75.14401956
          0,           0,         408,      -9.571104035,      -10.40762035,       -10.0732134,       -9.02148208,             0.448,    0.001081491975,     0.08126766452,                 0,                 0,                 0,    -0.03312125856,  -0.0006916101489,     0.08127191764,                 0,       75.14402914
          0,           0,         409,      -9.583365293,      -10.42254755,      -10.08675097,      -9.033755208,             0.448,    0.001081491839,      0.0812676638,                 0,                 0,                 0,    -0.03312125864,  -0.0006916102697,     0.08127191692,                 0,       75.14403796
          0,           0,         410,      -9.595692294,      -10.43778608,      -10.10048929,      -9.046089149,             0.448,    0.001081491714,     0.08126766309,                 0,                 0,                 0,    -0.03312125865,  -0.0006916103796,     0.08127191621,                 0,       75.14404602
          0,           0,         411,      -9.608091963,       -10.4532546,      -10.11440601,      -9.058490935,             0.448,    0.001081491599,     0.08126766241,                 0,                 0,                 0,    -0.03312125861,  -0.0006916104789,     0.08127191552,                 0,       75.14405333
          0,           0,         412,      -9.620568583,      -10.46886139,      -10.12847652,      -9.070965013,             0.448,    0.001081491496,     0.08126766175,                 0,                 0,                 0,    -0.03312125852,  -0.0006916105677,     0.08127191486,                 0,       75.14405989
          0,           0,         413,      -9.633123857,      -10.48450759,      -10.14267472,      -9.083513299,             0.448,    0.001081491404,     0.08126766114,                 0,                 0,                 0,    -0.03312125838,  -0.0006916106465,     0.08127191425,                 0,       75.14406572
          0,           0,         414,      -9.645757022,      -10.50008985,      -10.15697367,      -9.096135277,             0.448,    0.001081491323,     0.08126766059,                 0,                 0,                 0,     -0.0331212582,  -0.0006916107155,     0.08127191369,                 0,       75.14407084
          0,           0,         415,      -9.658465038,      -10.51550445,      -10.17134636,      -9.108828175,             0.448,    0.001081491252,     0.08126766009,                 0,                 0,                 0,    -0.03312125799,  -0.0006916107751,      0.0812719132,                 0,       75.14407528
          0,           0,         416,      -9.671242824,      -10.53065153,      -10.18576647,      -9.121587195,             0.448,    0.001081491192,     0.08126765966,                 0,                 0,                 0,    -0.03312125774,  -0.0006916108259,     0.08127191276,                 0,       75.14407907
          0,           0,         417,      -9.684083544,      -10.54543994,      -10.20020895,      -9.134405791,             0.448,    0.001081491142,     0.08126765929,                 0,                 0,                 0,    -0.03312125747,  -0.0006916108683,     0.08127191239,                 0,       75.14408223
          0,           0,         418,      -9.696978921,       -10.5597918,      -10.21465074,      -9.147275974,             0.448,    0.001081491101,     0.08126765898,                 0,                 0,                 0,    -0.03312125718,  -0.0006916109027,     0.08127191209,                 0,       75.14408481
          0,           0,         419,      -9.709919597,       -10.5736471,       -10.2290712,      -9.160188669,             0.448,    0.001081491068,     0.08126765875,                 0,                 0,                 0,    -0.03312125688,  -0.0006916109297,     0.08127191185,                 0,       75.14408682
          0,           0,         420,      -9.722895489,      -10.58696692,      -10.24345261,       -9.17313407,             0.448,    0.001081491045,     0.08126765858,                 0,                 0,                 0,    -0.03312125656,  -0.0006916109498,     0.08127191168,                 0,       75.14408832
          0,           0,         421,      -9.735896171,      -10.59973596,      -10.25778032,      -9.186102017,             0.448,    0.001081491029,     0.08126765847,                 0,                 0,                 0,    -0.03312125624,  -0.0006916109635,     0.08127191157,                 0,       75.14408934
          0,           0,         422,      -9.748911246,      -10.61196329,      -10.27204298,       -9.19908237,             0.448,     0.00108149102,     0.08126765842,                 0,                 0,                 0,    -0.03312125592,  -0.0006916109713,     0.08127191152,                 0,       75.14408991
          0,           0,         423,      -9.761930697,      -10.62368168,      -10.28623246,      -9.212065368,             0.448,    0.001081491017,     0.08126765842,                 0,                 0,                 0,    -0.03312125561,  -0.0006916109738,     0.08127191152,                 0,       75.14409008
          0,           0,         424,      -9.774945227,      -10.63494523,      -10.30034368,      -9.225041958,             0.448,    0.001081491021,     0.08126765847,                 0,                 0,                 0,    -0.03312125531,  -0.0006916109714,     0.08127191157,                 0,       75.14408988
          0,           0,         425,      -9.787946545,      -10.64582624,      -10.31437433,        -9.2380041,             0.448,     0.00108149103,     0.08126765857,                 0,                 0,                 0,    -0.03312125501,  -0.0006916109646,     0.08127191167,                 0,       75.14408935
          0,           0,         426,      -9.800927609,      -10.65641079,      -10.32832444,      -9.250945013,             0.448,    0.001081491043,     0.08126765869,                 0,                 0,                 0,    -0.03312125474,  -0.0006916109539,     0.08127191179,                 0,       75.14408854
          0,           0,         427,      -9.813882818,      -10.66679419,      -10.34219586,      -9.263859366,             0.448,    0.001081491061,     0.08126765885,                 0,                 0,                 0,    -0.03312125449,  -0.0006916109398,     0.08127191195,                 0,       75.14408746
          0,           0,         428,      -9.826808131,      -10.67707636,      -10.35599172,       -9.27674341,             0.448,    0.001081491081,     0.08126765902,                 0,                 0,                 0,    -0.03312125426,  -0.0006916109227,     0.08127191212,                 0,       75.14408617
          0,           0,         429,       -9.83970112,      -10.68735759,       -10.3697158,      -9.289595038,             0.448,    0.001081491105,     0.08126765921,                 0,                 0,                 0,    -0.03312125406,   -0.000691610903,     0.08127191231,                 0,       75.14408469
          0,           0,         430,       -9.85256096,      -10.69773486,      -10.38337197,       -9.30241378,             0.448,    0.001081491131,      0.0812676594,                 0,                 0,                 0,    -0.03312125388,  -0.0006916108812,     0.08127191251,                 0,       75.14408306
          0,           0,         431,      -9.865388333,      -10.70829888,      -10.39696361,      -9.315200712,             0.448,    0.001081491159,     0.08126765959,                 0,                 0,                 0,    -0.03312125374,  -0.0006916108574,      0.0812719127,                 0,        75.1440813
          0,           0,         432,      -9.878185296,      -10.71913158,      -10.41049311,      -9.327958332,             0.448,    0.001081491188,     0.08126765977,                 0,                 0,                 0,    -0.03312125363,  -0.0006916108322,     0.08127191288,                 0,       75.14407944
          0,           0,         433,      -9.890955068,       -10.7303047,      -10.42396145,      -9.340690342,             0.448,    0.001081491218,     0.08126765994,                 0,                 0,                 0,    -0.03312125355,  -0.0006916108058,     0.08127191304,                 0,       75.14407751
          0,           0,         434,      -9.903701792,      -10.74187821,      -10.43736787,      -9.353401419,             0.448,    0.001081491249,     0.08126766007,                 0,                 0,                 0,     -0.0331212535,  -0.0006916107785,     0.08127191318,                 0,       75.14407553
          0,           0,         435,      -9.916430245,      -10.75390014,       -10.4507097,      -9.366096919,             0.448,    0.001081491279,     0.08126766018,                 0,                 0,                 0,    -0.03312125349,  -0.0006916107505,     0.08127191329,                 0,       75.14407352
          0,           0,         436,      -9.929145541,       -10.7664057,      -10.46398224,      -9.378782578,             0.448,    0.001081491309,     0.08126766026,                 0,                 0,                 0,    -0.03312125351,  -0.0006916107221,     0.08127191336,                 0,        75.1440715
          0,           0,         437,      -9.941852819,       -10.7794173,      -10.47717881,      -9.391464193,             0.448,    0.001081491339,     0.08126766029,                 0,                 0,                 0,    -0.03312125357,  -0.0006916106934,      0.0812719134,                 0,       75.14406949
          0,           0,         438,      -9.954556933,      -10.79294426,      -10.49029095,      -9.404147304,             0.448,    0.001081491367,     0.08126766028,                 0,                 0,                 0,    -0.03312125365,  -0.0006916106647,     0.08127191339,                 0,        75.1440675
          0,           0,         439,      -9.967262159,      -10.80698308,      -10.50330869,      -9.416836884,             0.448,    0.001081491394,     0.08126766022,                 0,                 0,                 0,    -0.03312125377,   -0.000691610636,     0.08127191333,                 0,       75.14406554
          0,           0,         440,      -9.979971935,      -10.82151729,      -10.51622099,      -9.429537078,             0.448,     0.00108149142,     0.08126766011,                 0,                 0,                 0,    -0.03312125392,  -0.0006916106076,     0.08127191322,                 0,       75.14406363
          0,           0,         441,      -9.992688622,      -10.83651764,       -10.5290162,      -9.442250931,             0.448,    0.001081491445,     0.08126765994,                 0,                 0,                 0,    -0.03312125409,  -0.0006916105795,     0.08127191305,                 0,       75.14406177
          0,           0,         442,      -10.00541333,      -10.85194229,      -10.54168268,      -9.454980208,             0.448,    0.001081491468,     0.08126765972,                 0,                 0,                 0,    -0.03312125429,  -0.0006916105517,     0.08127191283,                 0,       75.14405998
          0,           0,         443,      -10.01814577,      -10.86773725,      -10.55420937,      -9.467725223,             0.448,    0.001081491489,     0.08126765944,                 0,                 0,                 0,    -0.03312125451,  -0.0006916105245,     0.08127191255,                 0,       75.14405825
          0,           0,         444,      -10.03088418,      -10.88383686,       -10.5665865,      -9.480484737,             0.448,    0.001081491508,      0.0812676591,                 0,                 0,                 0,    -0.03312125476,  -0.0006916104978,     0.08127191221,                 0,       75.14405659
          0,           0,         445,      -10.04362529,      -10.90016453,      -10.57880618,      -9.493255914,             0.448,    0.001081491526,     0.08126765871,                 0,                 0,                 0,    -0.03312125502,  -0.0006916104716,     0.08127191182,                 0,       75.14405501
          0,           0,         446,      -10.05636439,      -10.91663431,      -10.59086298,      -9.506034333,             0.448,    0.001081491542,     0.08126765826,                 0,                 0,                 0,     -0.0331212553,  -0.0006916104461,     0.08127191137,                 0,        75.1440535
          0,           0,         447,      -10.06909537,      -10.93315279,      -10.60275444,      -9.518814056,             0.448,    0.001081491555,     0.08126765775,                 0,                 0,                 0,     -0.0331212556,  -0.0006916104211,     0.08127191086,                 0,       75.14405206
          0,           0,         448,      -10.08181091,      -10.94962085,      -10.61448151,      -9.531587751,             0.448,    0.001081491568,     0.08126765719,                 0,                 0,                 0,    -0.03312125591,  -0.0006916103968,     0.08127191031,                 0,        75.1440507
          0,           0,         449,      -10.09450266,      -10.96593739,      -10.62604876,      -9.544346876,             0.448,    0.001081491578,     0.08126765659,                 0,                 0,                 0,    -0.03312125622,  -0.0006916103731,      0.0812719097,                 0,       75.14404941
          0,           0,         450,      -10.10716152,      -10.98200251,      -10.63746455,      -9.557081914,             0.448,    0.001081491587,     0.08126765593,                 0,                 0,                 0,    -0.03312125655,  -0.0006916103499,     0.08127190904,                 0,        75.1440482
          0,           0,         451,      -10.11977787,      -10.99772135,      -10.64874105,      -9.569782634,             0.448,    0.001081491594,     0.08126765523,                 0,                 0,                 0,    -0.03312125688,  -0.0006916103274,     0.08127190834,                 0,       75.14404704
          0,           0,         452,      -10.13234191,      -11.01300872,      -10.65989394,      -9.582438395,             0.448,      0.0010814916,     0.08126765449,                 0,                 0,                 0,    -0.03312125721,  -0.0006916103054,      0.0812719076,                 0,       75.14404596
          0,           0,         453,        -10.144844,       -11.0277926,      -10.67094222,      -9.595038496,             0.448,    0.001081491604,     0.08126765371,                 0,                 0,                 0,    -0.03312125754,   -0.000691610284,     0.08127190682,                 0,       75.14404493
          0,           0,         454,      -10.15727498,      -11.04201808,      -10.68190769,       -9.60757249,             0.448,    0.001081491608,      0.0812676529,                 0,                 0,                 0,    -0.03312125787,  -0.0006916102631,     0.08127190602,                 0,       75.14404395
          0,           0,         455,      -10.16962651,      -11.05565029,      -10.69281441,      -9.620030557,             0.448,     0.00108149161,     0.08126765206,                 0,                 0,                 0,    -0.03312125819,  -0.0006916102426,     0.08127190518,                 0,       75.14404303
          0,           0,         456,      -10.18189137,      -11.06867574,      -10.70368807,      -9.632403828,             0.448,    0.001081491611,      0.0812676512,                 0,                 0,                 0,    -0.03312125851,  -0.0006916102227,     0.08127190432,                 0,       75.14404215
          0,           0,         457,      -10.19406377,      -11.08110254,      -10.71455537,      -9.644684698,             0.448,    0.001081491611,     0.08126765032,                 0,                 0,                 0,    -0.03312125882,  -0.0006916102031,     0.08127190344,                 0,       75.14404131
          0,           0,         458,      -10.20613953,       -11.0929599,      -10.72544327,      -9.656867117,             0.448,    0.001081491611,     0.08126764943,                 0,                 0,                 0,    -0.03312125912,  -0.0006916101839,     0.08127190255,                 0,        75.1440405
          0,           0,         459,      -10.21811634,       -11.1042957,      -10.73637831,      -9.668946795,             0.448,     0.00108149161,     0.08126764853,                 0,                 0,                 0,    -0.03312125941,  -0.0006916101652,     0.08127190165,                 0,       75.14403973
          0,           0,         460,      -10.22999384,      -11.11517226,      -10.74738608,      -9.680921449,             0.448,    0.001081491609,     0.08126764763,                 0,                 0,                 0,    -0.03312125969,  -0.0006916101467,     0.08127190074,                 0,       75.14403898
          0,           0,         461,      -10.24177369,      -11.12566475,       -10.7584905,      -9.692790846,             0.448,    0.001081491607,     0.08126764672,                 0,                 0,                 0,    -0.03312125995,  -0.0006916101286,     0.08127189984,                 0,       75.14403826
          0,           0,         462,       -10.2534596,       -11.1358538,      -10.76971349,      -9.704556911,             0.448,    0.001081491606,     0.08126764582,                 0,                 0,                 0,     -0.0331212602,  -0.0006916101108,     0.08127189894,                 0,       75.14403755
          0,           0,         463,      -10.26505724,      -11.14582472,      -10.78107429,      -9.716223694,             0.448,    0.001081491604,     0.08126764493,                 0,                 0,                 0,    -0.03312126043,  -0.0006916100932,     0.08127189804,                 0,       75.14403686
          0,           0,         464,      -10.27657409,      -11.15566167,      -10.79258928,       -9.72779729,             0.448,    0.001081491602,     0.08126764405,                 0,                 0,                 0,    -0.03312126065,   -0.000691610076,     0.08127189717,                 0,       75.14403618
          0,           0,         465,      -10.28801931,      -11.16544467,      -10.80427158,      -9.739285699,             0.448,      0.0010814916,     0.08126764319,                 0,                 0,                 0,    -0.03312126085,   -0.000691610059,     0.08127189631,                 0,       75.14403551
          0,           0,         466,      -10.29940343,       -11.1752479,      -10.81613077,      -9.750698579,             0.448,    0.001081491598,     0.08126764235,                 0,                 0,                 0,    -0.03312126103,  -0.0006916100423,     0.08127189547,                 0,       75.14403484
          0,           0,         467,      -10.31073813,      -11.18513698,      -10.82817277,      -9.762047053,             0.448,    0.001081491597,     0.08126764154,                 0,                 0,                 0,    -0.03312126119,  -0.0006916100258,     0.08127189466,                 0,       75.14403418
          0,           0,         468,      -10.32203594,      -11.19516781,      -10.84039971,      -9.773343392,             0.448,    0.001081491596,     0.08126764075,                 0,                 0,                 0,    -0.03312126133,  -0.0006916100096,     0.08127189387,                 0,       75.14403352
          0,           0,         469,      -10.33330989,      -11.20538664,      -10.85280994,      -9.784600675,             0.448,    0.001081491596,        0.08126764,                 0,                 0,                 0,    -0.03312126146,  -0.0006916099937,     0.08127189312,                 0,       75.14403286
          0,           0,         470,      -10.34457325,      -11.21582704,      -10.86539809,      -9.795832544,             0.448,    0.001081491596,     0.08126763928,                 0,                 0,                 0,    -0.03312126156,  -0.0006916099781,      0.0812718924,                 0,        75.1440322
          0,           0,         471,      -10.35583921,      -11.22651425,      -10.87815515,      -9.807052801,             0.448,    0.001081491596,      0.0812676386,                 0,                 0,                 0,    -0.03312126165,  -0.0006916099628,     0.08127189172,                 0,       75.14403154
          0,           0,         472,      -10.36712058,      -11.23746079,      -10.89106883,      -9.818275185,             0.448,    0.001081491597,     0.08126763796,                 0,                 0,                 0,    -0.03312126172,  -0.0006916099478,     0.08127189108,                 0,       75.14403088
          0,           0,         473,      -10.37842961,      -11.24867063,      -10.90412373,      -9.829513088,             0.448,    0.001081491598,     0.08126763736,                 0,                 0,                 0,    -0.03312126178,  -0.0006916099332,     0.08127189048,                 0,       75.14403022
          0,           0,         474,      -10.38977768,      -11.26013815,      -10.91730171,      -9.840779231,             0.448,    0.001081491601,      0.0812676368,                 0,                 0,                 0,    -0.03312126181,   -0.000691609919,     0.08127188992,                 0,       75.14402956
          0,           0,         475,      -10.40117521,      -11.27184861,      -10.93058238,      -9.852085575,             0.448,    0.001081491603,     0.08126763628,                 0,                 0,                 0,    -0.03312126183,  -0.0006916099052,      0.0812718894,                 0,        75.1440289
          0,           0,         476,      -10.41263145,      -11.28378076,      -10.94394357,      -9.863443041,             0.448,    0.001081491606,     0.08126763581,                 0,                 0,                 0,    -0.03312126184,  -0.0006916098917,     0.08127188893,                 0,       75.14402825
          0,           0,         477,      -10.42415444,      -11.29590701,      -10.95736173,      -9.874861428,             0.448,     0.00108149161,     0.08126763539,                 0,                 0,                 0,    -0.03312126183,  -0.0006916098788,     0.08127188851,                 0,        75.1440276
          0,           0,         478,      -10.43575086,      -11.30819518,      -10.97081263,      -9.886349293,             0.448,    0.001081491614,     0.08126763501,                 0,                 0,                 0,     -0.0331212618,  -0.0006916098663,     0.08127188813,                 0,       75.14402696
          0,           0,         479,      -10.44742607,      -11.32060886,      -10.98427189,      -9.897913856,             0.448,    0.001081491619,     0.08126763468,                 0,                 0,                 0,    -0.03312126177,  -0.0006916098543,     0.08127188779,                 0,       75.14402632
          0,           0,         480,      -10.45918405,      -11.33311137,      -10.99771549,       -9.90956101,             0.448,    0.001081491624,     0.08126763439,                 0,                 0,                 0,    -0.03312126172,  -0.0006916098429,     0.08127188751,                 0,        75.1440257
          0,           0,         481,       -10.4710275,      -11.34566499,      -11.01112051,      -9.921295317,             0.448,     0.00108149163,     0.08126763414,                 0,                 0,                 0,    -0.03312126166,  -0.0006916098321,     0.08127188726,                 0,       75.14402509
          0,           0,         482,      -10.48295778,      -11.35823377,       -11.0244655,       -9.93311994,             0.448,    0.001081491635,     0.08126763394,                 0,                 0,                 0,    -0.03312126159,  -0.0006916098218,     0.08127188706,                 0,       75.14402449
          0,           0,         483,      -10.49497508,      -11.37078443,      -11.03773111,      -9.945036802,             0.448,    0.001081491642,     0.08126763378,                 0,                 0,                 0,    -0.03312126151,  -0.0006916098121,      0.0812718869,                 0,       75.14402392
          0,           0,         484,      -10.50707846,      -11.38328753,       -11.0509005,      -9.957046577,             0.448,    0.001081491648,     0.08126763367,                 0,                 0,                 0,    -0.03312126142,  -0.0006916098031,     0.08127188679,                 0,       75.14402336
          0,           0,         485,      -10.51926597,      -11.39572134,      -11.06395964,      -9.969148782,             0.448,    0.001081491655,     0.08126763359,                 0,                 0,                 0,    -0.03312126133,  -0.0006916097947,     0.08127188671,                 0,       75.14402282
          0,           0,         486,      -10.53153472,      -11.40806997,      -11.07689768,      -9.981341844,             0.448,    0.001081491662,     0.08126763355,                 0,                 0,                 0,    -0.03312126123,  -0.0006916097871,     0.08127188667,                 0,       75.14402231
          0,           0,         487,      -10.54388107,      -11.42032381,      -11.08970697,      -9.993623271,             0.448,    0.001081491669,     0.08126763355,                 0,                 0,                 0,    -0.03312126113,  -0.0006916097801,     0.08127188667,                 0,       75.14402183
          0,           0,         488,      -10.55630065,      -11.43248073,      -11.10238316,      -10.00598964,             0.448,    0.001081491676,     0.08126763358,                 0,                 0,                 0,    -0.03312126102,  -0.0006916097737,      0.0812718867,                 0,       75.14402137
          0,           0,         489,      -10.56878857,      -11.44454922,      -11.11492505,      -10.01843679,             0.448,    0.001081491683,     0.08126763364,                 0,                 0,                 0,    -0.03312126091,  -0.0006916097681,     0.08127188676,                 0,       75.14402094
          0,           0,         490,      -10.58133947,      -11.45654116,      -11.12733446,      -10.03095987,             0.448,    0.001081491689,     0.08126763374,                 0,                 0,                 0,     -0.0331212608,  -0.0006916097633,     0.08127188686,                 0,       75.14402055
          0,           0,         491,      -10.59394764,      -11.46847878,      -11.13961596,      -10.04355345,             0.448,    0.001081491696,     0.08126763386,                 0,                 0,                 0,    -0.03312126068,  -0.0006916097591,     0.08127188698,                 0,       75.14402019
          0,           0,         492,      -10.60660711,      -11.48038686,      -11.15177635,      -10.05621162,             0.448,    0.001081491703,       0.081267634,                 0,                 0,                 0,    -0.03312126057,  -0.0006916097556,     0.08127188712,                 0,       75.14401986
          0,           0,         493,      -10.61931176,      -11.49229648,      -11.16382439,      -10.06892809,             0.448,    0.001081491709,     0.08126763417,                 0,                 0,                 0,    -0.03312126046,  -0.0006916097528,     0.08127188729,                 0,       75.14401957
          0,           0,         494,      -10.63205532,      -11.50424058,      -11.17577007,      -10.08169617,             0.448,    0.001081491716,     0.08126763436,                 0,                 0,                 0,    -0.03312126035,  -0.0006916097508,     0.08127188748,                 0,       75.14401931
          0,           0,         495,      -10.64483151,      -11.51625329,      -11.18762464,      -10.09450896,             0.448,    0.001081491722,     0.08126763457,                 0,                 0,                 0,    -0.03312126024,  -0.0006916097494,     0.08127188769,                 0,       75.14401909
          0,           0,         496,      -10.65763404,       -11.5283708,      -11.19939953,      -10.10735933,             0.448,    0.001081491727,      0.0812676348,                 0,                 0,                 0,    -0.03312126013,  -0.0006916097486,     0.08127188792,                 0,       75.14401891
          0,           0,         497,      -10.67045663,      -11.54062541,      -11.21110629,         -10.12024,             0.448,    0.001081491732,     0.08126763503,                 0,                 0,                 0,    -0.03312126002,  -0.0006916097486,     0.08127188815,                 0,       75.14401876
          0,           0,         498,      -10.68329307,      -11.55304749,      -11.22275594,      -10.13314355,             0.448,    0.001081491737,     0.08126763528,                 0,                 0,                 0,    -0.03312125992,  -0.0006916097491,      0.0812718884,                 0,       75.14401865
          0,           0,         499,      -10.69613721,      -11.56566613,      -11.23435874,      -10.14606252,             0.448,    0.001081491742,     0.08126763554,                 0,                 0,                 0,    -0.03312125982,  -0.0006916097502,     0.08127188866,                 0,       75.14401858
          0,           0,         500,      -10.70898294,      -11.57850183,      -11.24592397,      -10.15898933,             0.448,    0.001081491746,      0.0812676358,                 0,                 0,                 0,    -0.03312125973,  -0.0006916097519,     0.08127188893,                 0,       75.14401854
          0,           0,         501,      -10.72182427,      -11.59157035,      -11.25745977,      -10.17191649,             0.448,     0.00108149175,     0.08126763607,                 0,                 0,                 0,    -0.03312125964,  -0.0006916097542,      0.0812718892,                 0,       75.14401853
          0,           0,         502,      -10.73465526,      -11.60488298,      -11.26897246,      -10.18483643,             0.448,    0.001081491753,     0.08126763635,                 0,                 0,                 0,    -0.03312125956,  -0.0006916097569,     0.08127188947,                 0,       75.14401857
          0,           0,         503,      -10.74747007,      -11.61844197,      -11.28046739,      -10.19774172,             0.448,    0.001081491755,     0.08126763662,                 0,                 0,                 0,    -0.03312125948,  -0.0006916097602,     0.08127188974,                 0,       75.14401863
          0,           0,         504,      -10.76026295,      -11.63224206,      -11.29194832,      -10.21062503,             0.448,    0.001081491758,     0.08126763689,                 0,                 0,                 0,    -0.03312125941,  -0.0006916097639,     0.08127189001,                 0,       75.14401872
          0,           0,         505,      -10.77302832,      -11.64627014,      -11.30341779,      -10.22347916,             0.448,     0.00108149176,     0.08126763716,                 0,                 0,                 0,    -0.03312125934,   -0.000691609768,     0.08127189029,                 0,       75.14401885
          0,           0,         506,      -10.78576069,      -11.66050638,      -11.31487714,      -10.23629722,             0.448,    0.001081491761,     0.08126763743,                 0,                 0,                 0,    -0.03312125928,  -0.0006916097724,     0.08127189055,                 0,         75.144019
          0,           0,         507,      -10.79845481,      -11.67492236,      -11.32632696,      -10.24907254,             0.448,    0.001081491762,     0.08126763769,                 0,                 0,                 0,    -0.03312125922,  -0.0006916097773,     0.08127189081,                 0,       75.14401918
          0,           0,         508,      -10.81110567,      -11.68948211,      -11.33776715,      -10.26179886,             0.448,    0.001081491762,     0.08126763795,                 0,                 0,                 0,    -0.03312125917,  -0.0006916097824,     0.08127189107,                 0,       75.14401939
          0,           0,         509,      -10.82370861,      -11.70414331,       -11.3491976,      -10.27447045,             0.448,    0.001081491762,      0.0812676382,                 0,                 0,                 0,    -0.03312125912,  -0.0006916097878,     0.08127189132,                 0,       75.14401962
          0,           0,         510,      -10.83625935,      -11.71885525,      -11.36061801,      -10.28708207,             0.448,    0.001081491762,     0.08126763844,                 0,                 0,                 0,    -0.03312125908,  -0.0006916097934,     0.08127189156,                 0,       75.14401986
          0,           0,         511,      -10.84875406,       -11.7335679,      -11.37202826,      -10.29962915,             0.448,    0.001081491761,     0.08126763867,                 0,                 0,                 0,    -0.03312125904,  -0.0006916097992,     0.08127189179,                 0,       75.14402013
          0,           0,         512,      -10.86118954,      -11.74822133,      -11.38342926,      -10.31210792,             0.448,     0.00108149176,     0.08126763889,                 0,                 0,                 0,    -0.03312125901,  -0.0006916098052,     0.08127189201,                 0,       75.14402042
          0,           0,         513,      -10.87356329,       -11.7627549,      -11.39482237,      -10.32451551,             0.448,    0.001081491758,      0.0812676391,                 0,                 0,                 0,    -0.03312125898,  -0.0006916098113,     0.08127189222,                 0,       75.14402072
          0,           0,         514,      -10.88587348,      -11.77711337,      -11.40621049,      -10.33684986,             0.448,    0.001081491756,      0.0812676393,                 0,                 0,                 0,    -0.03312125896,  -0.0006916098176,     0.08127189242,                 0,       75.14402103
          0,           0,         515,      -10.89811928,      -11.79123906,      -11.41759731,      -10.34911013,             0.448,    0.001081491754,     0.08126763949,                 0,                 0,                 0,    -0.03312125894,  -0.0006916098238,     0.08127189261,                 0,       75.14402136
          0,           0,         516,      -10.91030079,      -11.80508068,      -11.42898838,      -10.36129657,             0.448,    0.001081491752,     0.08126763966,                 0,                 0,                 0,    -0.03312125893,  -0.0006916098301,     0.08127189278,                 0,       75.14402169
          0,           0,         517,      -10.92241919,      -11.81859177,      -11.44039054,      -10.37341065,             0.448,    0.001081491749,     0.08126763983,                 0,                 0,                 0,    -0.03312125892,  -0.0006916098364,     0.08127189295,                 0,       75.14402203
          0,           0,         518,      -10.93447676,      -11.83173779,      -11.45181214,      -10.38545509,             0.448,    0.001081491746,     0.08126763998,                 0,                 0,                 0,    -0.03312125891,  -0.0006916098427,      0.0812718931,                 0,       75.14402238
          0,           0,         519,        -10.946477,      -11.84449343,      -11.46326306,      -10.39743393,             0.448,    0.001081491743,     0.08126764012,                 0,                 0,                 0,     -0.0331212589,  -0.0006916098489,     0.08127189324,                 0,       75.14402273
          0,           0,         520,      -10.95842459,      -11.85684712,      -11.47475454,      -10.40935255,             0.448,     0.00108149174,     0.08126764025,                 0,                 0,                 0,     -0.0331212589,  -0.0006916098551,     0.08127189337,                 0,       75.14402308
          0,           0,         521,      -10.97032549,      -11.86879651,      -11.48629884,      -10.42121758,             0.448,    0.001081491736,     0.08126764037,                 0,                 0,                 0,     -0.0331212589,  -0.0006916098611,     0.08127189349,                 0,       75.14402343
          0,           0,         522,      -10.98218675,      -11.88035497,      -11.49790933,      -10.43303694,             0.448,    0.001081491733,     0.08126764047,                 0,                 0,                 0,    -0.03312125891,   -0.000691609867,     0.08127189359,                 0,       75.14402378
          0,           0,         523,       -10.9940165,      -11.89154834,      -11.50959967,      -10.44481955,             0.448,    0.001081491729,     0.08126764057,                 0,                 0,                 0,    -0.03312125891,  -0.0006916098728,     0.08127189369,                 0,       75.14402412
          0,           0,         524,      -11.00582394,       -11.9024164,      -11.52138401,      -10.45657549,             0.448,    0.001081491725,     0.08126764065,                 0,                 0,                 0,    -0.03312125892,  -0.0006916098784,     0.08127189377,                 0,       75.14402446
          0,           0,         525,      -11.01761911,      -11.91299513,      -11.53327621,      -10.46831565,             0.448,    0.001081491721,     0.08126764072,                 0,                 0,                 0,    -0.03312125893,  -0.0006916098838,     0.08127189384,                 0,       75.14402479
          0,           0,         526,       -11.0294127,      -11.92334604,      -11.54528945,      -10.48005151,             0.448,    0.001081491718,     0.08126764079,                 0,                 0,                 0,    -0.03312125894,   -0.000691609889,      0.0812718939,                 0,       75.14402512
          0,           0,         527,      -11.04121597,      -11.93352734,      -11.55743631,      -10.49179515,             0.448,    0.001081491714,     0.08126764084,                 0,                 0,                 0,    -0.03312125895,  -0.0006916098939,     0.08127189396,                 0,       75.14402543
          0,           0,         528,      -11.05304053,      -11.94359782,      -11.56972789,      -10.50355894,             0.448,     0.00108149171,     0.08126764088,                 0,                 0,                 0,    -0.03312125897,  -0.0006916098987,       0.081271894,                 0,       75.14402573
          0,           0,         529,      -11.06489801,      -11.95362828,      -11.58217344,      -10.51535521,             0.448,    0.001081491706,     0.08126764092,                 0,                 0,                 0,    -0.03312125898,  -0.0006916099031,     0.08127189404,                 0,       75.14402602
          0,           0,         530,      -11.07680012,       -11.9636704,      -11.59478056,      -10.52719622,             0.448,    0.001081491703,     0.08126764094,                 0,                 0,                 0,      -0.033121259,  -0.0006916099073,     0.08127189406,                 0,        75.1440263
          0,           0,         531,       -11.0887582,      -11.97378928,       -11.6075544,      -10.53909394,             0.448,    0.001081491699,     0.08126764096,                 0,                 0,                 0,    -0.03312125901,  -0.0006916099113,     0.08127189408,                 0,       75.14402656
          0,           0,         532,      -11.10078313,      -11.98403516,      -11.62049782,      -10.55105972,             0.448,    0.001081491696,     0.08126764098,                 0,                 0,                 0,    -0.03312125903,   -0.000691609915,      0.0812718941,                 0,       75.14402681
          0,           0,         533,      -11.11288501,      -11.99446003,       -11.6336109,      -10.56310409,             0.448,    0.001081491692,     0.08126764098,                 0,                 0,                 0,    -0.03312125904,  -0.0006916099183,      0.0812718941,                 0,       75.14402704
          0,           0,         534,       -11.1250732,      -12.00510488,      -11.64689115,      -10.57523686,             0.448,    0.001081491689,     0.08126764098,                 0,                 0,                 0,    -0.03312125906,  -0.0006916099215,      0.0812718941,                 0,       75.14402726
          0,           0,         535,      -11.13735596,      -12.01600422,      -11.66033311,      -10.58746654,             0.448,    0.001081491686,     0.08126764098,                 0,                 0,                 0,    -0.03312125908,  -0.0006916099243,     0.08127189409,                 0,       75.14402746
          0,           0,         536,      -11.14974045,      -12.02718455,      -11.67392845,      -10.59980057,             0.448,    0.001081491684,     0.08126764096,                 0,                 0,                 0,    -0.03312125909,  -0.0006916099268,     0.08127189408,                 0,       75.14402764
          0,           0,         537,      -11.16223233,      -12.03866735,      -11.68766601,      -10.61224486,             0.448,    0.001081491681,     0.08126764095,                 0,                 0,                 0,    -0.03312125911,  -0.0006916099291,     0.08127189407,                 0,       75.14402781
          0,           0,         538,      -11.17483601,      -12.05046315,      -11.70153168,      -10.62480403,             0.448,    0.001081491679,     0.08126764093,                 0,                 0,                 0,    -0.03312125912,  -0.0006916099311,     0.08127189405,                 0,       75.14402796
          0,           0,         539,      -11.18755432,      -12.06258243,      -11.71550904,      -10.63748105,             0.448,    0.001081491676,     0.08126764091,                 0,                 0,                 0,    -0.03312125914,  -0.0006916099328,     0.08127189402,                 0,       75.14402809
          0,           0,         540,      -11.20038847,      -12.07502037,      -11.72957895,      -10.65027728,             0.448,    0.001081491674,     0.08126764088,                 0,                 0,                 0,    -0.03312125915,  -0.0006916099342,       0.081271894,                 0,       75.14402821
          0,           0,         541,      -11.21333807,      -12.08777123,       -11.7437201,      -10.66319249,             0.448,    0.001081491672,     0.08126764085,                 0,                 0,                 0,    -0.03312125917,  -0.0006916099354,     0.08127189397,                 0,       75.14402831
          0,           0,         542,      -11.22640119,      -12.10081911,      -11.75790956,      -10.67622484,             0.448,    0.001081491671,     0.08126764082,                 0,                 0,                 0,    -0.03312125918,  -0.0006916099364,     0.08127189394,                 0,       75.14402839
          0,           0,         543,      -11.23957391,      -12.11414819,      -11.77212261,      -10.68937055,             0.448,    0.001081491669,     0.08126764079,                 0,                 0,                 0,    -0.03312125919,  -0.0006916099371,      0.0812718939,                 0,       75.14402846
          0,           0,         544,      -11.25285099,      -12.12773306,      -11.78633383,      -10.70262441,             0.448,    0.001081491668,     0.08126764075,                 0,                 0,                 0,     -0.0331212592,  -0.0006916099376,     0.08127189387,                 0,       75.14402851
          0,           0,         545,      -11.26622559,      -12.14154645,      -11.80051683,      -10.71597971,             0.448,    0.001081491667,     0.08126764072,                 0,                 0,                 0,    -0.03312125921,  -0.0006916099378,     0.08127189384,                 0,       75.14402855
          0,           0,         546,      -11.27968923,      -12.15555606,       -11.8146456,      -10.72942808,             0.448,    0.001081491666,     0.08126764068,                 0,                 0,                 0,    -0.03312125922,  -0.0006916099379,      0.0812718938,                 0,       75.14402858
          0,           0,         547,      -11.29323213,      -12.16972689,      -11.82869486,      -10.74295977,             0.448,    0.001081491666,     0.08126764064,                 0,                 0,                 0,    -0.03312125923,  -0.0006916099378,     0.08127189376,                 0,       75.14402859
          0,           0,         548,      -11.30684331,      -12.18402958,      -11.84264004,      -10.75656392,             0.448,    0.001081491665,     0.08126764061,                 0,                 0,                 0,    -0.03312125924,  -0.0006916099375,     0.08127189373,                 0,       75.14402859
          0,           0,         549,      -11.32051056,      -12.19842355,      -11.85645879,      -10.77022833,             0.448,    0.001081491665,     0.08126764057,                 0,                 0,                 0,    -0.03312125925,   -0.000691609937,     0.08127189369,                 0,       75.14402858
          0,           0,         550,      -11.33422096,      -12.21287128,      -11.87013095,      -10.78394019,             0.448,    0.001081491665,     0.08126764053,                 0,                 0,                 0,    -0.03312125926,  -0.0006916099364,     0.08127189365,                 0,       75.14402856
          0,           0,         551,      -11.34796078,      -12.22733964,      -11.88363912,      -10.79768574,             0.448,    0.001081491665,      0.0812676405,                 0,                 0,                 0,    -0.03312125927,  -0.0006916099357,     0.08127189362,                 0,       75.14402853
          0,           0,         552,      -11.36171587,      -12.24179773,      -11.89696912,      -10.81145088,             0.448,    0.001081491665,     0.08126764046,                 0,                 0,                 0,    -0.03312125927,  -0.0006916099348,     0.08127189358,                 0,        75.1440285
          0,           0,         553,      -11.37547187,      -12.25621783,      -11.91011088,      -10.82522123,             0.448,    0.001081491665,     0.08126764043,                 0,                 0,                 0,    -0.03312125928,  -0.0006916099339,     0.08127189355,                 0,       75.14402845
          0,           0,         554,      -11.38921452,      -12.27057203,      -11.92305784,      -10.83898248,             0.448,    0.001081491665,     0.08126764039,                 0,                 0,                 0,    -0.03312125929,  -0.0006916099328,     0.08127189351,                 0,       75.14402839
          0,           0,         555,         -11.40293,      -12.28483598,      -11.93580757,       -10.8527207,             0.448,    0.001081491666,     0.08126764036,                 0,                 0,                 0,    -0.03312125929,  -0.0006916099316,     0.08127189348,                 0,       75.14402833
          0,           0,         556,      -11.41660479,      -12.29900679,      -11.94836148,      -10.86642235,             0.448,    0.001081491666,     0.08126764033,                 0,                 0,                 0,     -0.0331212593,  -0.0006916099304,     0.08127189345,                 0,       75.14402827
          0,           0,         557,      -11.43022659,       -12.3130638,      -11.96072516,      -10.88007477,             0.448,    0.001081491667,      0.0812676403,                 0,                 0,                 0,     -0.0331212593,  -0.0006916099291,     0.08127189342,                 0,        75.1440282
          0,           0,         558,      -11.44378387,      -12.32700731,      -11.97290773,      -10.89366629,             0.448,    0.001081491667,     0.08126764027,                 0,                 0,                 0,    -0.03312125931,  -0.0006916099278,     0.08127189339,                 0,       75.14402812
          0,           0,         559,       -11.4572667,      -12.34083591,      -11.98492192,      -10.90718681,             0.448,    0.001081491668,     0.08126764024,                 0,                 0,                 0,    -0.03312125931,  -0.0006916099264,     0.08127189336,                 0,       75.14402804
          0,           0,         560,       -11.4706665,      -12.35455488,      -11.99678342,      -10.92062722,             0.448,    0.001081491669,     0.08126764021,                 0,                 0,                 0,    -0.03312125931,   -0.000691609925,     0.08127189333,                 0,       75.14402796
          0,           0,         561,      -11.48397629,      -12.36818121,      -12.00850977,      -10.93398027,             0.448,     0.00108149167,     0.08126764019,                 0,                 0,                 0,    -0.03312125932,  -0.0006916099236,      0.0812718933,                 0,       75.14402788
          0,           0,         562,      -11.49719107,      -12.38171315,      -12.02012178,       -10.9472405,             0.448,    0.001081491671,     0.08126764016,                 0,                 0,                 0,    -0.03312125932,  -0.0006916099222,     0.08127189328,                 0,       75.14402779
          0,           0,         563,       -11.5103074,      -12.39517536,      -12.03164071,      -10.96040388,             0.448,    0.001081491672,     0.08126764014,                 0,                 0,                 0,    -0.03312125932,  -0.0006916099207,     0.08127189325,                 0,       75.14402771
          0,           0,         564,      -11.52332375,      -12.40858196,      -12.04308919,      -10.97346846,             0.448,    0.001081491673,     0.08126764011,                 0,                 0,                 0,    -0.03312125933,  -0.0006916099193,     0.08127189323,                 0,       75.14402762
          0,           0,         565,      -11.53624048,      -12.42194763,      -12.05449051,      -10.98643401,             0.448,    0.001081491673,     0.08126764009,                 0,                 0,                 0,    -0.03312125933,  -0.0006916099179,     0.08127189321,                 0,       75.14402753
          0,           0,         566,       -11.5490596,      -12.43528164,      -12.06586723,      -10.99930192,             0.448,    0.001081491674,     0.08126764007,                 0,                 0,                 0,    -0.03312125933,  -0.0006916099165,     0.08127189319,                 0,       75.14402745
          0,           0,         567,      -11.56178456,      -12.44861008,       -12.0772427,      -11.01207502,             0.448,    0.001081491675,     0.08126764005,                 0,                 0,                 0,    -0.03312125934,  -0.0006916099151,     0.08127189317,                 0,       75.14402736
          0,           0,         568,      -11.57442049,      -12.46193082,      -12.08863785,      -11.02475788,             0.448,    0.001081491676,     0.08126764003,                 0,                 0,                 0,    -0.03312125934,  -0.0006916099137,     0.08127189315,                 0,       75.14402728
          0,           0,         569,      -11.58697352,      -12.47526355,      -12.10007375,      -11.03735606,             0.448,    0.001081491677,     0.08126764001,                 0,                 0,                 0,    -0.03312125934,  -0.0006916099124,     0.08127189313,                 0,        75.1440272
          0,           0,         570,      -11.59945114,      -12.48860252,      -12.11156956,      -11.04987636,             0.448,    0.001081491678,        0.08126764,                 0,                 0,                 0,    -0.03312125934,  -0.0006916099111,     0.08127189312,                 0,       75.14402712
          0,           0,         571,      -11.61186146,      -12.50195127,      -12.12314257,      -11.06232653,             0.448,    0.001081491679,     0.08126763998,                 0,                 0,                 0,    -0.03312125935,  -0.0006916099099,      0.0812718931,                 0,       75.14402704
          0,           0,         572,      -11.62421304,      -12.51531077,      -12.13480866,      -11.07471453,             0.448,     0.00108149168,     0.08126763997,                 0,                 0,                 0,    -0.03312125935,  -0.0006916099087,     0.08127189309,                 0,       75.14402697
          0,           0,         573,      -11.63651524,      -12.52866155,      -12.14658178,      -11.08704923,             0.448,    0.001081491681,     0.08126763995,                 0,                 0,                 0,    -0.03312125935,  -0.0006916099075,     0.08127189307,                 0,        75.1440269
          0,           0,         574,       -11.6487774,      -12.54199921,      -12.15847413,      -11.09933962,             0.448,    0.001081491682,     0.08126763994,                 0,                 0,                 0,    -0.03312125935,  -0.0006916099064,     0.08127189306,                 0,       75.14402683
          0,           0,         575,       -11.6610087,      -12.55530009,      -12.17049557,      -11.11159458,             0.448,    0.001081491682,     0.08126763993,                 0,                 0,                 0,    -0.03312125935,  -0.0006916099053,     0.08127189304,                 0,       75.14402676
          0,           0,         576,      -11.67321836,      -12.56855719,      -12.18265477,      -11.12382309,             0.448,    0.001081491683,     0.08126763991,                 0,                 0,                 0,    -0.03312125936,  -0.0006916099043,     0.08127189303,                 0,        75.1440267
          0,           0,         577,      -11.68541528,      -12.58174072,      -12.19495785,      -11.13603367,             0.448,    0.001081491684,      0.0812676399,                 0,                 0,                 0,    -0.03312125936,  -0.0006916099034,     0.08127189302,                 0,       75.14402664
          0,           0,         578,      -11.69760763,      -12.59483408,      -12.20740933,      -11.14823456,             0.448,    0.001081491684,     0.08126763989,                 0,                 0,                 0,    -0.03312125936,  -0.0006916099025,     0.08127189301,                 0,       75.14402658
          0,           0,         579,      -11.70980335,      -12.60780205,      -12.22001273,      -11.16043359,             0.448,    0.001081491685,     0.08126763988,                 0,                 0,                 0,    -0.03312125936,  -0.0006916099016,       0.081271893,                 0,       75.14402653
          0,           0,         580,      -11.72200934,      -12.62063368,      -12.23276909,      -11.17263749,             0.448,    0.001081491686,     0.08126763987,                 0,                 0,                 0,    -0.03312125937,  -0.0006916099008,     0.08127189299,                 0,       75.14402648
          0,           0,         581,      -11.73423208,      -12.63330975,       -12.2456779,      -11.18485285,             0.448,    0.001081491686,     0.08126763986,                 0,                 0,                 0,    -0.03312125937,  -0.0006916099001,     0.08127189298,                 0,       75.14402644
          0,           0,         582,      -11.74647724,      -12.64579868,      -12.25873785,      -11.19708552,             0.448,    0.001081491687,     0.08126763985,                 0,                 0,                 0,    -0.03312125937,  -0.0006916098994,     0.08127189297,                 0,       75.14402639
          0,           0,         583,      -11.75874944,      -12.65810725,      -12.27194609,      -11.20934014,             0.448,    0.001081491687,     0.08126763984,                 0,                 0,                 0,    -0.03312125937,  -0.0006916098988,     0.08127189296,                 0,       75.14402636
          0,           0,         584,      -11.77105308,      -12.67021282,      -12.28529792,      -11.22162145,             0.448,    0.001081491688,     0.08126763983,                 0,                 0,                 0,    -0.03312125937,  -0.0006916098982,     0.08127189295,                 0,       75.14402632
          0,           0,         585,      -11.78339133,      -12.68211581,      -12.29878773,       -11.2339327,             0.448,    0.001081491688,     0.08126763983,                 0,                 0,                 0,    -0.03312125937,  -0.0006916098977,     0.08127189295,                 0,       75.14402629
          0,           0,         586,      -11.79576698,      -12.69382468,      -12.31240866,      -11.24627696,             0.448,    0.001081491688,     0.08126763982,                 0,                 0,                 0,    -0.03312125938,  -0.0006916098972,     0.08127189294,                 0,       75.14402626
          0,           0,         587,      -11.80818211,      -12.70533802,      -12.32615267,      -11.25865679,             0.448,    0.001081491689,     0.08126763981,                 0,                 0,                 0,    -0.03312125938,  -0.0006916098967,     0.08127189293,                 0,       75.14402623
          0,           0,         588,      -11.82063823,      -12.71668486,      -12.34001084,      -11.27107383,             0.448,    0.001081491689,     0.08126763981,                 0,                 0,                 0,    -0.03312125938,  -0.0006916098963,     0.08127189293,                 0,       75.14402621
          0,           0,         589,      -11.83313596,      -12.72788518,      -12.35397262,      -11.28352916,             0.448,    0.001081491689,      0.0812676398,                 0,                 0,                 0,    -0.03312125938,   -0.000691609896,     0.08127189292,                 0,       75.14402619
          0,           0,         590,      -11.84567626,      -12.73895337,      -12.36802687,      -11.29602424,             0.448,    0.001081491689,      0.0812676398,                 0,                 0,                 0,    -0.03312125938,  -0.0006916098957,     0.08127189291,                 0,       75.14402617
          0,           0,         591,      -11.85825919,      -12.74993438,      -12.38216189,      -11.30855941,             0.448,    0.001081491689,     0.08126763979,                 0,                 0,                 0,    -0.03312125938,  -0.0006916098954,     0.08127189291,                 0,       75.14402615
          0,           0,         592,      -11.87088421,      -12.76085416,      -12.39636381,      -11.32113476,             0.448,     0.00108149169,     0.08126763979,                 0,                 0,                 0,    -0.03312125938,  -0.0006916098952,     0.08127189291,                 0,       75.14402614
          0,           0,         593,      -11.88355125,      -12.77175709,      -12.41061865,      -11.33375061,             0.448,     0.00108149169,     0.08126763978,                 0,                 0,                 0,    -0.03312125938,   -0.000691609895,      0.0812718929,                 0,       75.14402613
          0,           0,         594,      -11.89625926,      -12.78268203,      -12.42491166,      -11.34640654,             0.448,     0.00108149169,     0.08126763978,                 0,                 0,                 0,    -0.03312125938,  -0.0006916098948,      0.0812718929,                 0,       75.14402612
          0,           0,         595,      -11.90900757,      -12.79366107,        -12.439227,      -11.35910237,             0.448,     0.00108149169,     0.08126763978,                 0,                 0,                 0,    -0.03312125938,  -0.0006916098947,      0.0812718929,                 0,       75.14402611
          0,           0,         596,      -11.92179474,      -12.80472777,       -12.4535483,       -11.3718372,             0.448,     0.00108149169,     0.08126763977,                 0,                 0,                 0,    -0.03312125938,  -0.0006916098946,     0.08127189289,                 0,       75.14402611
          0,           0,         597,      -11.93461964,      -12.81594049,      -12.46785884,      -11.38461061,             0.448,     0.00108149169,     0.08126763977,                 0,                 0,                 0,    -0.03312125938,  -0.0006916098945,     0.08127189289,                 0,        75.1440261
          0,           0,         598,      -11.94748099,      -12.82732596,      -12.48214016,      -11.39742183,             0.448,     0.00108149169,     0.08126763977,                 0,                 0,                 0,    -0.03312125938,  -0.0006916098945,     0.08127189289,                 0,        75.1440261
          0,           0,         599,       -11.9603769,      -12.83890602,      -12.49637576,      -11.41026957,             0.448,     0.00108149169,     0.08126763977,                 0,                 0,                 0,    -0.03312125938,  -0.0006916098945,     0.08127189289,                 0,        75.1440261
          0,           0,         600,      -11.97330562,      -12.85070659,      -12.51054688,      -11.42315301,             0.448,     0.00108149169,     0.08126763977,                 0,                 0,                 0,    -0.03312125938,  -0.0006916098945,     0.08127189289,                 0,        75.1440261
          0,           0,         601,      -11.98626515,      -12.86277029,      -12.52463592,       -11.4360704,             0.448,     0.00108149169,     0.08126763977,                 0,                 0,                 0,    -0.03312125938,  -0.0006916098945,     0.08127189289,                 0,        75.1440261
          0,           0,         602,      -11.99925315,      -12.87510754,       -12.5386251,      -11.44902009,             0.448,     0.00108149169,     0.08126763977,                 0,                 0,                 0,    -0.03312125938,  -0.0006916098945,     0.08127189289,                 0,        75.1440261
          0,           0,         603,      -12.01226729,      -12.88772949,      -12.55249864,      -11.46200046,             0.448,     0.00108149169,     0.08126763977,                 0,                 0,                 0,    -0.03312125937,  -0.0006916098946,     0.08127189289,                 0,       75.14402611
          0,           0,         604,      -12.02530437,      -12.90064727,      -12.56623969,      -11.47500908,             0.448,     0.00108149169,     0.08126763977,                 0,                 0,                 0,    -0.03312125937,  -0.0006916098947,     0.08127189289,                 0,       75.14402611
          0,           0,         605,      -12.03836135,      -12.91385829,      -12.57983359,      -11.48804331,             0.448,     0.00108149169,     0.08126763977,                 0,                 0,                 0,    -0.03312125937,  -0.0006916098948,     0.08127189289,                 0,       75.14402612
          0,           0,         606,      -12.05143474,      -12.92736798,       -12.5932681,      -11.50110021,             0.448,     0.00108149169,     0.08126763978,                 0,                 0,                 0,    -0.03312125937,  -0.0006916098949,      0.0812718929,                 0,       75.14402612
          0,           0,         607,      -12.06452032,      -12.94117604,      -12.60653066,      -11.51417587,             0.448,     0.00108149169,     0.08126763978,                 0,                 0,                 0,    -0.03312125937,   -0.000691609895,      0.0812718929,                 0,       75.14402613
          0,           0,         608,      -12.07761418,      -12.95525028,      -12.61961335,       -11.5272668,             0.448,     0.00108149169,     0.08126763978,                 0,                 0,                 0,    -0.03312125937,  -0.0006916098951,      0.0812718929,                 0,       75.14402614
          0,           0,         609,      -12.09071155,      -12.96957969,      -12.63250851,      -11.54036876,             0.448,    0.001081491689,     0.08126763979,                 0,                 0,                 0,    -0.03312125936,  -0.0006916098952,      0.0812718929,                 0,       75.14402614
          0,           0,         610,      -12.10380681,      -12.98414464,      -12.64521115,      -11.55347637,             0.448,    0.001081491689,     0.08126763979,                 0,                 0,                 0,    -0.03312125936,  -0.0006916098954,     0.08127189291,                 0,       75.14402615
          0,           0,         611,      -12.11689489,      -12.99892558,      -12.65772039,      -11.56658477,             0.448,    0.001081491689,     0.08126763979,                 0,                 0,                 0,    -0.03312125936,  -0.0006916098955,     0.08127189291,                 0,       75.14402616
          0,           0,         612,      -12.12996991,      -13.01386591,      -12.67003818,      -11.57968773,             0.448,    0.001081491689,      0.0812676398,                 0,                 0,                 0,    -0.03312125936,  -0.0006916098957,     0.08127189292,                 0,       75.14402617
          0,           0,         613,       -12.1430257,      -13.02895791,      -12.68216621,      -11.59277951,             0.448,    0.001081491689,      0.0812676398,                 0,                 0,                 0,    -0.03312125936,  -0.0006916098959,     0.08127189292,                 0,       75.14402618
          0,           0,         614,      -12.15605593,      -13.04414041,      -12.69411313,      -11.60585356,             0.448,    0.001081491689,     0.08126763981,                 0,                 0,                 0,    -0.03312125935,   -0.000691609896,     0.08127189293,                 0,       75.14402618
          0,           0,         615,      -12.16905415,      -13.05936434,      -12.70588705,      -11.61890259,             0.448,    0.001081491689,     0.08126763981,                 0,                 0,                 0,    -0.03312125935,  -0.0006916098962,     0.08127189293,                 0,       75.14402619
          0,           0,         616,      -12.18201425,        -13.074604,      -12.71750039,       -11.6319207,             0.448,    0.001081491689,     0.08126763982,                 0,                 0,                 0,    -0.03312125935,  -0.0006916098964,     0.08127189294,                 0,        75.1440262
          0,           0,         617,      -12.19492959,      -13.08979277,      -12.72896676,      -11.64490053,             0.448,    0.001081491689,     0.08126763983,                 0,                 0,                 0,    -0.03312125935,  -0.0006916098965,     0.08127189294,                 0,       75.14402621
          0,           0,         618,      -12.20779398,      -13.10489573,      -12.74030492,      -11.65783485,             0.448,    0.001081491689,     0.08126763983,                 0,                 0,                 0,    -0.03312125934,  -0.0006916098967,     0.08127189295,                 0,       75.14402622
          0,           0,         619,      -12.22060199,      -13.11985256,      -12.75152871,       -11.6707176,             0.448,    0.001081491689,     0.08126763984,                 0,                 0,                 0,    -0.03312125934,  -0.0006916098969,     0.08127189296,                 0,       75.14402623
          0,           0,         620,      -12.23334739,      -13.13464394,      -12.76266067,      -11.68354184,             0.448,    0.001081491689,     0.08126763984,                 0,                 0,                 0,    -0.03312125934,  -0.0006916098971,     0.08127189296,                 0,       75.14402624
          0,           0,         621,       -12.2460265,      -13.14923619,      -12.77371804,      -11.69630261,             0.448,    0.001081491689,     0.08126763985,                 0,                 0,                 0,    -0.03312125934,  -0.0006916098973,     0.08127189297,                 0,       75.14402625
          0,           0,         622,      -12.25863455,      -13.16354759,      -12.78472623,      -11.70899375,             0.448,    0.001081491689,     0.08126763986,                 0,                 0,                 0,    -0.03312125934,  -0.0006916098975,     0.08127189298,                 0,       75.14402626
          0,           0,         623,      -12.27116815,      -13.17760826,      -12.79570115,      -11.72161148,             0.448,    0.001081491689,     0.08126763986,                 0,                 0,                 0,    -0.03312125933,  -0.0006916098976,     0.08127189298,                 0,       75.14402626
          0,           0,         624,      -12.28362526,       -13.1913694,      -12.80667165,        -11.734152,             0.448,    0.001081491689,     0.08126763987,                 0,                 0,                 0,    -0.03312125933,  -0.0006916098978,     0.08127189299,                 0,       75.14402627
          0,           0,         625,      -12.29600394,      -13.20481926,      -12.81764972,       -11.7466116,             0.448,    0.001081491689,     0.08126763988,                 0,                 0,                 0,    -0.03312125933,   -0.000691609898,       0.081271893,                 0,       75.14402628
          0,           0,         626,      -12.30830501,      -13.21793291,      -12.82865979,      -11.75899101,             0.448,    0.001081491689,     0.08126763988,                 0,                 0,                 0,    -0.03312125933,  -0.0006916098982,       0.081271893,                 0,       75.14402629
          0,           0,         627,      -12.32052751,      -13.23072029,      -12.83972577,      -11.77128727,             0.448,    0.001081491689,     0.08126763989,                 0,                 0,                 0,    -0.03312125933,  -0.0006916098984,     0.08127189301,                 0,        75.1440263
          0,           0,         628,      -12.33267355,      -13.24325301,      -12.85085595,      -11.78350139,             0.448,    0.001081491689,     0.08126763989,                 0,                 0,                 0,    -0.03312125933,  -0.0006916098985,     0.08127189301,                 0,       75.14402631
          0,           0,         629,      -12.34474707,      -13.25541869,      -12.86207444,       -11.7956364,             0.448,    0.001081491688,      0.0812676399,                 0,                 0,                 0,    -0.03312125932,  -0.0006916098987,     0.08127189302,                 0,       75.14402632
          0,           0,         630,      -12.35675017,      -13.26734897,      -12.87339352,      -11.80769364,             0.448,    0.001081491688,     0.08126763991,                 0,                 0,                 0,    -0.03312125932,  -0.0006916098989,     0.08127189303,                 0,       75.14402632
          0,           0,         631,      -12.36868948,      -13.27899942,      -12.88482854,      -11.81967811,             0.448,    0.001081491688,     0.08126763991,                 0,                 0,                 0,    -0.03312125932,  -0.0006916098991,     0.08127189303,                 0,       75.14402633
          0,           0,         632,       -12.3805692,      -13.29043909,      -12.89638647,      -11.83159408,             0.448,    0.001081491688,     0.08126763992,                 0,                 0,                 0,    -0.03312125932,  -0.0006916098992,     0.08127189304,                 0,       75.14402634
          0,           0,         633,      -12.39239667,      -13.30163792,      -12.90808342,      -11.84344846,             0.448,    0.001081491688,     0.08126763992,                 0,                 0,                 0,    -0.03312125932,  -0.0006916098994,     0.08127189304,                 0,       75.14402635
          0,           0,         634,      -12.40417845,       -13.3127413,       -12.9199209,      -11.85524663,             0.448,    0.001081491688,     0.08126763993,                 0,                 0,                 0,    -0.03312125932,  -0.0006916098995,     0.08127189305,                 0,       75.14402636
          0,           0,         635,      -12.41592345,      -13.32364916,      -12.93190989,       -11.8669978,             0.448,    0.001081491688,     0.08126763993,                 0,                 0,                 0,    -0.03312125932,  -0.0006916098997,     0.08127189305,                 0,       75.14402637
          0,           0,         636,      -12.42763954,      -13.33444713,      -12.94405333,      -11.87870963,             0.448,    0.001081491688,     0.08126763994,                 0,                 0,                 0,    -0.03312125932,  -0.0006916098998,     0.08127189306,                 0,       75.14402637
          0,           0,         637,      -12.43933438,      -13.34515849,      -12.95634918,      -11.89039084,             0.448,    0.001081491688,     0.08126763994,                 0,                 0,                 0,    -0.03312125932,     -0.0006916099,     0.08127189306,                 0,       75.14402638
          0,           0,         638,      -12.45101817,      -13.35587819,      -12.96879997,      -11.90205022,             0.448,    0.001081491688,     0.08126763995,                 0,                 0,                 0,    -0.03312125932,  -0.0006916099001,     0.08127189307,                 0,       75.14402639
          0,           0,         639,      -12.46269907,      -13.36651024,      -12.98140219,      -11.91369821,             0.448,    0.001081491688,     0.08126763995,                 0,                 0,                 0,    -0.03312125932,  -0.0006916099003,     0.08127189307,                 0,        75.1440264
          0,           0,         640,      -12.47438584,      -13.37716605,       -12.9941531,       -11.9253427,             0.448,    0.001081491688,     0.08126763995,                 0,                 0,                 0,    -0.03312125932,  -0.0006916099004,     0.08127189307,                 0,        75.1440264
          0,           0,         641,       -12.4860877,      -13.38779859,      -13.00705003,      -11.93699476,             0.448,    0.001081491688,     0.08126763996,                 0,                 0,                 0,    -0.03312125932,  -0.0006916099005,     0.08127189308,                 0,       75.14402641
          0,           0,         642,      -12.49781153,       -13.3984951,      -13.02007737,      -11.94866194,             0.448,    0.001081491688,     0.08126763996,                 0,                 0,                 0,    -0.03312125932,  -0.0006916099007,     0.08127189308,                 0,       75.14402642
          0,           0,         643,      -12.50956636,      -13.40920442,      -13.03323029,      -11.96035344,             0.448,    0.001081491688,     0.08126763996,                 0,                 0,                 0,    -0.03312125932,  -0.0006916099008,     0.08127189308,                 0,       75.14402642
          0,           0,         644,      -12.52135931,      -13.41997198,      -13.04649957,      -11.97207849,             0.448,    0.001081491688,     0.08126763996,                 0,                 0,                 0,    -0.03312125932,  -0.0006916099009,     0.08127189308,                 0,       75.14402643
          0,           0,         645,      -12.53319708,      -13.43080678,      -13.05986999,      -11.98384344,             0.448,    0.001081491688,     0.08126763997,                 0,                 0,                 0,    -0.03312125932,   -0.000691609901,     0.08127189309,                 0,       75.14402644
          0,           0,         646,      -12.54508554,      -13.44176514,      -13.07333388,      -11.99565614,             0.448,    0.001081491688,     0.08126763997,                 0,                 0,                 0,    -0.03312125932,  -0.0006916099011,     0.08127189309,                 0,       75.14402644
          0,           0,         647,      -12.55703056,      -13.45276177,      -13.08687085,      -12.00752343,             0.448,    0.001081491688,     0.08126763997,                 0,                 0,                 0,    -0.03312125932,  -0.0006916099012,     0.08127189309,                 0,       75.14402645
          0,           0,         648,      -12.56903591,      -13.46384183,      -13.10047076,      -12.01945019,             0.448,    0.001081491687,     0.08126763997,                 0,                 0,                 0,    -0.03312125932,  -0.0006916099013,     0.08127189309,                 0,       75.14402645
          0,           0,         649,      -12.58110737,      -13.47503889,       -13.1141124,      -12.03144439,             0.448,    0.001081491687,     0.08126763997,                 0,                 0,                 0,    -0.03312125932,  -0.0006916099013,     0.08127189309,                 0,       75.14402646
          0,           0,         650,      -12.59324692,      -13.48637577,      -13.12778888,      -12.04350702,             0.448,    0.001081491687,     0.08126763997,                 0,                 0,                 0,    -0.03312125932,  -0.0006916099014,     0.08127189309,                 0,       75.14402646
          0,           0,         651,       -12.6054572,       -13.4977543,      -13.14147544,      -12.05564193,             0.448,    0.001081491687,     0.08126763997,                 0,                 0,                 0,    -0.03312125932,  -0.0006916099015,     0.08127189309,                 0,       75.14402647
          0,           0,         652,      -12.61774014,      -13.50925374,      -13.15516061,       -12.0678535,             0.448,    0.001081491687,     0.08126763997,                 0,                 0,                 0,    -0.03312125932,  -0.0006916099016,     0.08127189309,                 0,       75.14402647
          0,           0,         653,      -12.63009668,       -13.5209077,      -13.16883017,      -12.08014304,             0.448,    0.001081491687,     0.08126763997,                 0,                 0,                 0,    -0.03312125932,  -0.0006916099016,     0.08127189309,                 0,       75.14402647
          0,           0,         654,      -12.64252644,      -13.53265197,      -13.18246548,      -12.09251027,             0.448,    0.001081491687,     0.08126763997,                 0,                 0,                 0,    -0.03312125932,  -0.0006916099017,     0.08127189309,                 0,       75.14402648
          0,           0,         655,      -12.65503041,      -13.54455396,      -13.19605172,      -12.10495766,             0.448,    0.001081491687,     0.08126763997,                 0,                 0,                 0,    -0.03312125932,  -0.0006916099017,     0.08127189309,                 0,       75.14402648
          0,           0,         656,      -12.66760567,      -13.55656717,      -13.20957551,      -12.11748256,             0.448,    0.001081491687,     0.08126763997,                 0,                 0,                 0,    -0.03312125932,  -0.0006916099017,     0.08127189309,                 0,       75.14402648
          0,           0,         657,      -12.68024984,      -13.56877514,      -13.22302215,       -12.1300836,             0.448,    0.001081491687,     0.08126763997,                 0,                 0,                 0,    -0.03312125932,  -0.0006916099018,     0.08127189309,                 0,       75.14402649
          0,           0,         658,      -12.69296167,      -13.58110008,      -13.23638315,      -12.14276047,             0.448,    0.001081491687,     0.08126763997,                 0,                 0,                 0,    -0.03312125932,  -0.0006916099018,     0.08127189309,                 0,       75.14402649
          0,           0,         659,      -12.70573673,      -13.59355221,      -13.24964887,      -12.15550731,             0.448,    0.001081491687,     0.08126763997,                 0,                 0,                 0,    -0.03312125932,  -0.0006916099018,     0.08127189309,                 0,       75.14402649
          0,           0,         660,      -12.71857308,      -13.60609439,      -13.26280153,      -12.16832406,             0.448,    0.001081491687,     0.08126763997,                 0,                 0,                 0,    -0.03312125932,  -0.0006916099018,     0.08127189309,                 0,       75.14402649
          0,           0,         661,      -12.73146302,      -13.61901116,      -13.27583998,      -12.18120206,             0.448,    0.001081491687,     0.08126763997,                 0,                 0,                 0,    -0.03312125932,  -0.0006916099019,     0.08127189309,                 0,       75.14402649
          0,           0,         662,      -12.74440457,      -13.63200989,      -13.28875303,      -12.19414006,             0.448,    0.001081491687,     0.08126763997,                 0,                 0,                 0,    -0.03312125933,  -0.0006916099019,     0.08127189309,                 0,        75.1440265
          0,           0,         663,      -12.75738877,       -13.6451377,      -13.30154212,      -12.20713005,             0.448,    0.001081491687,     0.08126763997,                 0,                 0,                 0,    -0.03312125933,  -0.0006916099019,     0.08127189309,                 0,        75.1440265
          0,           0,         664,      -12.77040998,      -13.65846659,      -13.31419984,      -12.22016408,             0.448,    0.001081491687,     0.08126763996,                 0,                 0,                 0,    -0.03312125933,  -0.0006916099019,     0.08127189308,                 0,        75.1440265
          0,           0,         665,      -12.78346349,      -13.67194481,      -13.32671933,      -12.23323894,             0.448,    0.001081491687,     0.08126763996,                 0,                 0,                 0,    -0.03312125933,  -0.0006916099018,     0.08127189308,                 0,        75.1440265
          0,           0,         666,      -12.79654113,      -13.68564752,      -13.33910814,      -12.24634452,             0.448,    0.001081491687,     0.08126763996,                 0,                 0,                 0,    -0.03312125933,  -0.0006916099018,     0.08127189308,                 0,        75.1440265
          0,           0,         667,      -12.80963391,      -13.69947986,      -13.35136577,      -12.25947336,             0.448,    0.001081491687,     0.08126763996,                 0,                 0,                 0,    -0.03312125933,  -0.0006916099018,     0.08127189308,                 0,        75.1440265
          0,           0,         668,       -12.8227349,      -13.71347041,      -13.36348949,      -12.27261667,             0.448,    0.001081491687,     0.08126763996,                 0,                 0,                 0,    -0.03312125933,  -0.0006916099018,     0.08127189308,                 0,        75.1440265
          0,           0,         669,      -12.83583624,      -13.72755898,      -13.37547919,       -12.2857662,             0.448,    0.001081491687,     0.08126763996,                 0,                 0,                 0,    -0.03312125933,  -0.0006916099018,     0.08127189308,                 0,        75.1440265
          0,           0,         670,      -12.84892988,      -13.74182719,      -13.38735651,       -12.2989127,             0.448,    0.001081491687,     0.08126763995,                 0,                 0,                 0,    -0.03312125933,  -0.0006916099017,     0.08127189307,                 0,       75.14402649
          0,           0,         671,      -12.86200669,      -13.75624052,      -13.39910302,      -12.31204828,             0.448,    0.001081491687,     0.08126763995,                 0,                 0,                 0,    -0.03312125933,  -0.0006916099017,     0.08127189307,                 0,       75.14402649
          0,           0,         672,       -12.8750612,       -13.7704811,      -13.41075985,      -12.32516425,             0.448,    0.001081491687,     0.08126763995,                 0,                 0,                 0,    -0.03312125933,  -0.0006916099017,     0.08127189307,                 0,       75.14402649
          0,           0,         673,      -12.88807922,      -13.78510312,      -13.42229513,      -12.33824682,             0.448,    0.001081491687,     0.08126763995,                 0,                 0,                 0,    -0.03312125933,  -0.0006916099016,     0.08127189307,                 0,       75.14402649
          0,           0,         674,      -12.90105991,      -13.79959941,      -13.43375078,      -12.35129453,             0.448,    0.001081491687,     0.08126763995,                 0,                 0,                 0,    -0.03312125933,  -0.0006916099016,     0.08127189307,                 0,       75.14402649
          0,           0,         675,      -12.91399079,      -13.81408245,      -13.44511503,      -12.36429301,             0.448,    0.001081491687,     0.08126763995,                 0,                 0,                 0,    -0.03312125933,  -0.0006916099016,     0.08127189307,                 0,       75.14402649
          0,           0,         676,      -12.92686688,      -13.82869534,      -13.45640614,      -12.37723661,             0.448,    0.001081491687,     0.08126763994,                 0,                 0,                 0,    -0.03312125933,  -0.0006916099015,     0.08127189306,                 0,       75.14402649
          0,           0,         677,      -12.93968294,      -13.84305706,      -13.46763945,      -12.39011939,             0.448,    0.001081491687,     0.08126763994,                 0,                 0,                 0,    -0.03312125933,  -0.0006916099015,     0.08127189306,                 0,       75.14402648
          0,           0,         678,      -12.95243114,      -13.85728516,      -13.47882605,      -12.40293289,             0.448,    0.001081491687,     0.08126763994,                 0,                 0,                 0,    -0.03312125933,  -0.0006916099014,     0.08127189306,                 0,       75.14402648
          0,           0,         679,      -12.96510881,      -13.87148954,      -13.48997124,      -12.41567461,             0.448,    0.001081491687,     0.08126763994,                 0,                 0,                 0,    -0.03312125933,  -0.0006916099014,     0.08127189306,                 0,       75.14402648
          0,           0,         680,       -12.9777086,      -13.88560614,      -13.50108381,        -12.428333,             0.448,    0.001081491687,     0.08126763994,                 0,                 0,                 0,    -0.03312125933,  -0.0006916099013,     0.08127189306,                 0,       75.14402648
          0,           0,         681,       -12.9902349,      -13.89923734,      -13.51220787,      -12.44091461,             0.448,    0.001081491687,     0.08126763994,                 0,                 0,                 0,    -0.03312125933,  -0.0006916099013,     0.08127189306,                 0,       75.14402647
          0,           0,         682,      -13.00268041,      -13.91287766,      -13.52333067,      -12.45341246,             0.448,    0.001081491687,     0.08126763994,                 0,                 0,                 0,    -0.03312125933,  -0.0006916099012,     0.08127189305,                 0,       75.14402647
