"Time_Iter","Outer_Iter","Inner_Iter",    "rms[Rho]"    ,    "rms[RhoU]"   ,    "rms[RhoV]"   ,    "rms[RhoE]"   ,     "rms[nu]"    
          0,           0,           0,       -3.97143229,       -16.3235612,       -16.2250505,      -2.519987013,      -10.66998911
          0,           0,           1,      -4.818094821,      -4.205973003,      -3.905578261,      -3.364598458,      -10.64606944
          0,           0,           2,      -4.783351502,      -4.308306235,      -4.242359915,      -3.315560399,      -10.85665519
          0,           0,           3,      -4.815613885,       -4.36924557,      -4.402318662,      -3.353290633,      -10.85175731
          0,           0,           4,      -4.890945568,       -4.38359404,      -4.383904784,      -3.435655473,      -10.84557932
          0,           0,           5,      -4.953916489,      -4.375102869,      -4.379521604,      -3.505505134,      -10.84615769
          0,           0,           6,      -4.993317978,      -4.362644952,       -4.38963306,      -3.550155334,         -10.83799
          0,           0,           7,       -5.01201199,      -4.355686006,      -4.405340147,      -3.571978664,      -10.81567474
          0,           0,           8,      -5.013222674,      -4.358930103,      -4.426381157,      -3.574821249,      -10.78180067
          0,           0,           9,      -5.002600911,      -4.374850456,      -4.453353257,      -3.564214896,      -10.74230252
          0,           0,          10,      -4.989548117,      -4.403033182,       -4.48328834,      -3.549245294,      -10.70068907
          0,           0,          11,       -4.98266212,      -4.439281273,      -4.510465253,      -3.539038095,      -10.66593345
          0,           0,          12,      -4.985489684,      -4.475083906,      -4.529013346,         -3.538695,      -10.63567508
          0,           0,          13,      -4.996648771,      -4.500311847,      -4.535558668,      -3.548651788,      -10.60918106
          0,           0,          14,      -5.012673933,      -4.510195351,      -4.531740107,      -3.566167976,      -10.58895435
          0,           0,          15,      -5.030673726,      -4.508287109,      -4.523308831,      -3.587427691,      -10.57662157
          0,           0,          16,      -5.049706079,      -4.501208567,      -4.515633875,      -3.609787921,      -10.57046146
          0,           0,          17,      -5.070505105,      -4.493381074,      -4.510999524,      -3.632864597,      -10.57054238
          0,           0,          18,      -5.094006315,      -4.486623511,      -4.509306909,      -3.657442173,       -10.5746654
          0,           0,          19,      -5.119333745,       -4.48213771,      -4.510038953,      -3.683073795,      -10.58092671
          0,           0,          20,      -5.142631898,      -4.481586932,      -4.513639789,      -3.706311916,      -10.58719906
          0,           0,          21,      -5.157932686,      -4.486858689,      -4.521605295,      -3.721236799,      -10.59149093
          0,           0,          22,      -5.160688774,      -4.499062368,      -4.535509862,      -3.723143603,      -10.59297463
          0,           0,          23,      -5.151542688,      -4.517370649,      -4.555794428,      -3.712905276,      -10.59200807
          0,           0,          24,      -5.136471633,      -4.537981474,      -4.581039941,      -3.697016342,      -10.58941141
          0,           0,          25,      -5.123036168,      -4.554344695,      -4.607810784,      -3.683328846,       -10.5860599
          0,           0,          26,      -5.116988387,      -4.559795528,      -4.631203686,      -3.677603159,       -10.5828404
          0,           0,          27,      -5.121480986,      -4.551797289,      -4.646623522,      -3.682859173,      -10.57970261
          0,           0,          28,      -5.137602498,      -4.533773352,      -4.652288897,      -3.699968099,      -10.57670411
          0,           0,          29,      -5.164850026,      -4.512284918,      -4.650282758,      -3.728121014,      -10.57261644
          0,           0,          30,      -5.201143683,      -4.493220855,      -4.645028627,      -3.764770132,      -10.56658814
          0,           0,          31,      -5.242406597,      -4.480203457,      -4.640933113,      -3.805138897,      -10.55835914
          0,           0,          32,      -5.282224305,      -4.474740799,      -4.641089831,      -3.842016503,      -10.54782469
          0,           0,          33,      -5.312931699,      -4.476772395,       -4.64718417,      -3.867610064,      -10.53544653
          0,           0,          34,      -5.329104902,      -4.484983892,      -4.659705325,      -3.877928745,      -10.52192015
          0,           0,          35,      -5.331502532,      -4.496962177,       -4.67785957,      -3.875668853,      -10.50779271
          0,           0,          36,      -5.326757297,      -4.509427626,      -4.699654976,      -3.868260634,       -10.4930346
          0,           0,          37,      -5.322639317,      -4.518921371,      -4.722257787,      -3.863166651,      -10.47765756
          0,           0,          38,      -5.324615045,      -4.522956791,      -4.742514937,      -3.865254533,      -10.46207373
          0,           0,          39,      -5.335464716,      -4.520949419,      -4.757773351,      -3.876868691,      -10.44652289
          0,           0,          40,      -5.356043383,      -4.514227232,      -4.766787224,      -3.898632582,      -10.43118559
          0,           0,          41,      -5.385788618,      -4.505142324,      -4.770079404,      -3.929895667,      -10.41600444
          0,           0,          42,      -5.422621482,      -4.496019633,       -4.76947094,      -3.968681259,      -10.40101886
          0,           0,          43,      -5.462491794,      -4.488541036,      -4.767196671,      -4.011095083,       -10.3861227
          0,           0,          44,      -5.499043115,      -4.483619991,      -4.765072757,      -4.050473172,      -10.37147967
          0,           0,          45,      -5.524586715,      -4.481524104,      -4.764246472,      -4.078171434,      -10.35710689
          0,           0,          46,      -5.534086354,      -4.482046158,      -4.765526904,       -4.08808467,      -10.34271721
          0,           0,          47,      -5.529047157,      -4.484639655,      -4.769568342,      -4.081678746,      -10.32799764
          0,           0,          48,      -5.516003768,       -4.48853784,      -4.776488718,      -4.066439934,      -10.31260093
          0,           0,          49,      -5.502302503,      -4.492891793,      -4.785666483,      -4.050560318,      -10.29634086
          0,           0,          50,      -5.493506017,      -4.496919251,      -4.795986499,      -4.039901261,      -10.27885908
          0,           0,          51,      -5.492890836,      -4.500050727,      -4.806155467,      -4.037668461,      -10.25974068
          0,           0,          52,      -5.501968455,      -4.502033778,      -4.814999958,      -4.045146091,      -10.23891045
          0,           0,          53,       -5.52105431,      -4.502944647,      -4.821748537,       -4.06233877,       -10.2164163
          0,           0,          54,      -5.549488523,      -4.503112273,       -4.82620787,      -4.088180783,      -10.19233275
          0,           0,          55,      -5.585469629,      -4.502990568,      -4.828752648,      -4.120353115,      -10.16682242
          0,           0,          56,      -5.625566246,      -4.503027654,      -4.830141652,      -4.154885619,      -10.14007805
          0,           0,          57,      -5.664247279,      -4.503572049,      -4.831258094,      -4.186030185,       -10.1122265
          0,           0,          58,       -5.69450803,      -4.504824234,      -4.832912408,      -4.207444517,      -10.08329318
          0,           0,          59,      -5.710859963,      -4.506829845,      -4.835781036,      -4.215361462,      -10.05342701
          0,           0,          60,       -5.71294315,      -4.509497254,        -4.8403209,      -4.211273193,      -10.02271798
          0,           0,          61,      -5.705643115,      -4.512621011,      -4.846540005,       -4.20063111,      -9.991345459
          0,           0,          62,      -5.695953247,      -4.515919441,      -4.853914242,       -4.18954643,      -9.959456762
          0,           0,          63,      -5.689889387,      -4.519102507,      -4.861574318,      -4.182716985,      -9.927190626
          0,           0,          64,      -5.691261823,      -4.521955077,      -4.868605884,      -4.182928163,      -9.894681566
          0,           0,          65,       -5.70185974,      -4.524400139,      -4.874341077,      -4.191341479,      -9.862029307
          0,           0,          66,      -5.721928279,      -4.526517911,      -4.878546493,      -4.207859385,      -9.829321158
          0,           0,          67,      -5.750360174,      -4.528519482,      -4.881435629,      -4.231281678,      -9.796563124
          0,           0,          68,      -5.784500173,      -4.530687837,      -4.883538288,      -4.259242205,       -9.76372946
          0,           0,          69,      -5.819785789,      -4.533310569,       -4.88549673,      -4.288114362,      -9.730753253
          0,           0,          70,      -5.849947823,      -4.536625731,      -4.887892128,      -4.313328334,      -9.697543731
          0,           0,          71,       -5.86897459,      -4.540794681,      -4.891165692,        -4.3306834,      -9.664015667
          0,           0,          72,      -5.874648697,      -4.545893896,      -4.895629862,      -4.338462458,      -9.630126551
          0,           0,          73,      -5.870224784,      -4.551899568,      -4.901474081,      -4.338575589,      -9.595874503
          0,           0,          74,      -5.862042478,      -4.558686324,       -4.90870237,      -4.335319694,      -9.561317011
          0,           0,          75,      -5.856141871,      -4.566050761,      -4.917108451,      -4.333181094,      -9.526603533
          0,           0,          76,      -5.856712279,      -4.573762271,      -4.926349711,      -4.335511673,      -9.491867635
          0,           0,          77,      -5.866104119,      -4.581616655,      -4.936063064,      -4.344255919,      -9.457261732
          0,           0,          78,      -5.885291762,      -4.589471036,      -4.945960591,       -4.36010953,      -9.422831847
          0,           0,          79,      -5.914154874,      -4.597257801,       -4.95588235,      -4.382658466,      -9.388738382
          0,           0,          80,      -5.951355979,      -4.604976625,      -4.965800181,      -4.410339414,      -9.355111726
          0,           0,          81,      -5.993742554,      -4.612671892,      -4.975785798,      -4.440277742,      -9.321887384
          0,           0,          82,      -6.035463194,      -4.620403434,      -4.985946912,      -4.468273695,      -9.289239324
          0,           0,          83,       -6.06793496,      -4.628221858,      -4.996378018,      -4.489466503,      -9.257287277
          0,           0,          84,      -6.082991636,      -4.636151593,      -5.007167863,      -4.500116257,      -9.225989184
          0,           0,          85,      -6.078672796,      -4.644184903,      -5.018442528,      -4.499730908,      -9.195529796
          0,           0,          86,      -6.060781461,      -4.652280275,      -5.030285945,      -4.491351231,      -9.165901382
          0,           0,          87,      -6.038070712,      -4.660362709,      -5.042580611,      -4.479637552,      -9.137109536
          0,           0,          88,      -6.017630119,      -4.668335874,      -5.054961184,      -4.468853508,      -9.109223103
          0,           0,          89,      -6.003634981,      -4.676105915,      -5.066910949,      -4.461949547,      -9.082139022
          0,           0,          90,      -5.997915344,      -4.683611573,      -5.077915092,      -4.460496095,      -9.055807958
          0,           0,          91,      -6.000773568,       -4.69084887,      -5.087608757,      -4.464933378,      -9.030146623
          0,           0,          92,      -6.011505776,      -4.697881304,      -5.095870558,      -4.474819608,      -9.005055886
          0,           0,          93,      -6.028625428,      -4.704833145,      -5.102844318,      -4.489000285,      -8.980412493
          0,           0,          94,      -6.049922272,      -4.711866297,      -5.108890162,      -4.505735394,      -8.956124833
          0,           0,          95,      -6.072578395,      -4.719150624,      -5.114500385,      -4.522907258,      -8.932111854
          0,           0,          96,      -6.093577706,      -4.726834104,      -5.120214677,       -4.53840966,      -8.908397862
          0,           0,          97,      -6.110526411,      -4.735019116,      -5.126553726,       -4.55071006,      -8.884926214
          0,           0,          98,      -6.122546839,      -4.743743715,      -5.133960673,      -4.559341877,      -8.861675443
          0,           0,          99,      -6.130566572,      -4.752966125,      -5.142736428,      -4.564997802,      -8.838701376
          0,           0,         100,      -6.136761472,      -4.762555868,      -5.152990385,       -4.56916598,      -8.815984231
          0,           0,         101,      -6.143625064,      -4.772298007,      -5.164637437,      -4.573558602,       -8.79356211
          0,           0,         102,      -6.153212483,      -4.781908499,      -5.177428792,      -4.579606315,      -8.771420728
          0,           0,         103,       -6.16672723,      -4.791065295,      -5.191010035,       -4.58815573,      -8.749570074
          0,           0,         104,       -6.18432621,      -4.799444391,      -5.204975053,        -4.5993398,        -8.7280589
          0,           0,         105,      -6.204980511,      -4.806757235,      -5.218910892,        -4.6125584,      -8.706899016
          0,           0,         106,      -6.226353689,      -4.812784199,        -5.2324278,      -4.626537929,      -8.686153064
          0,           0,         107,      -6.244907338,      -4.817396076,      -5.245178438,      -4.639507716,      -8.665886973
          0,           0,         108,      -6.256671637,      -4.820560485,      -5.256875898,      -4.649560095,      -8.646163582
          0,           0,         109,      -6.258879251,      -4.822330002,      -5.267314736,      -4.655201546,      -8.626980798
          0,           0,         110,      -6.251579876,       -4.82282769,      -5.276419213,      -4.655933181,       -8.60831015
          0,           0,         111,      -6.237679803,      -4.822230421,      -5.284244439,      -4.652475538,      -8.590088002
          0,           0,         112,      -6.221345335,      -4.820750483,       -5.29091646,      -4.646456087,      -8.572198216
          0,           0,         113,       -6.20634844,       -4.81861418,      -5.296546006,      -4.639802031,      -8.554508734
          0,           0,         114,      -6.195377091,      -4.816041919,      -5.301186064,      -4.634238142,      -8.536881729
          0,           0,         115,      -6.190069844,      -4.813231373,      -5.304844506,      -4.631035898,      -8.519187255
          0,           0,         116,      -6.191251699,      -4.810353024,      -5.307521641,      -4.630938838,       -8.50133446
          0,           0,         117,      -6.199132068,      -4.807549468,      -5.309247576,      -4.634178302,      -8.483219245
          0,           0,         118,      -6.213407563,      -4.804937324,      -5.310107412,      -4.640523534,      -8.464768824
          0,           0,         119,       -6.23327067,      -4.802609036,      -5.310254701,       -4.64934371,      -8.445946283
          0,           0,         120,      -6.257345023,      -4.800636916,      -5.309898328,      -4.659686863,      -8.426737549
          0,           0,         121,       -6.28360461,      -4.799075078,      -5.309277584,      -4.670394569,      -8.407122442
          0,           0,         122,      -6.309400587,      -4.797961443,      -5.308635593,      -4.680272907,      -8.387116059
          0,           0,         123,      -6.331798998,      -4.797321438,      -5.308200805,      -4.688319127,      -8.366772374
          0,           0,         124,      -6.348335078,      -4.797171912,      -5.308179333,      -4.693953698,      -8.346129599
          0,           0,         125,      -6.357906548,      -4.797522894,      -5.308748585,      -4.697149299,      -8.325252157
          0,           0,         126,      -6.361181023,      -4.798380684,      -5.310036819,       -4.69838955,      -8.304207642
          0,           0,         127,      -6.360161171,       -4.79974742,      -5.312096122,      -4.698472928,      -8.283049787
          0,           0,         128,       -6.35728952,      -4.801619825,      -5.314890617,      -4.698276144,      -8.261829459
          0,           0,         129,      -6.354699594,      -4.803988282,      -5.318308659,      -4.698567051,      -8.240572265
          0,           0,         130,      -6.353857781,      -4.806837174,       -5.32219119,      -4.699895014,      -8.219286166
          0,           0,         131,      -6.355506828,      -4.810146533,      -5.326364131,      -4.702549004,      -8.197958642
          0,           0,         132,      -6.359750618,      -4.813894029,      -5.330665456,       -4.70656578,      -8.176572655
          0,           0,         133,      -6.366182308,      -4.818056868,      -5.334964274,      -4.711771088,      -8.155139383
          0,           0,         134,      -6.374029843,      -4.822612323,      -5.339171204,      -4.717844669,      -8.133675895
          0,           0,         135,      -6.382332715,      -4.827537519,      -5.343241621,      -4.724401819,      -8.112203878
          0,           0,         136,      -6.390160292,      -4.832808951,      -5.347174912,      -4.731083221,      -8.090761437
          0,           0,         137,       -6.39684992,      -4.838401479,      -5.351011177,      -4.737640437,      -8.069419914
          0,           0,         138,      -6.402197798,      -4.844287863,      -5.354824552,      -4.743996458,      -8.048237481
          0,           0,         139,      -6.406515385,      -4.850437914,      -5.358709062,      -4.750262092,      -8.027312965
          0,           0,         140,      -6.410524317,      -4.856817282,      -5.362758998,      -4.756699561,       -8.00674354
          0,           0,         141,      -6.415153479,      -4.863387566,      -5.367049426,      -4.763654121,      -7.986627218
          0,           0,         142,      -6.421328908,      -4.870107578,      -5.371623702,      -4.771474472,      -7.967074297
          0,           0,         143,      -6.429818387,        -4.8769353,      -5.376492865,      -4.780443181,       -7.94820977
          0,           0,         144,      -6.441140055,      -4.883830295,      -5.381643207,      -4.790724815,      -7.930133094
          0,           0,         145,      -6.455512365,      -4.890755985,      -5.387049022,      -4.802332497,      -7.912950389
          0,           0,         146,      -6.472829321,      -4.897681424,      -5.392683859,      -4.815115263,      -7.896728324
          0,           0,         147,       -6.49264891,      -4.904582461,      -5.398528555,      -4.828767204,      -7.881578844
          0,           0,         148,      -6.514202297,      -4.911442237,      -5.404573262,      -4.842860896,      -7.867589511
          0,           0,         149,      -6.536446221,      -4.918250805,      -5.410815714,      -4.856904308,      -7.854834209
          0,           0,         150,      -6.558188781,      -4.925004385,      -5.417257867,      -4.870419655,      -7.843354372
          0,           0,         151,      -6.578302682,      -4.931704183,      -5.423903867,      -4.883029728,      -7.833214615
          0,           0,         152,      -6.595984239,      -4.938355488,      -5.430756699,      -4.894529867,        -7.8244368
          0,           0,         153,      -6.610959025,      -4.944966584,      -5.437815204,       -4.90492111,      -7.817059416
          0,           0,         154,      -6.623521897,      -4.951548473,      -5.445067293,      -4.914389417,      -7.811074874
          0,           0,         155,      -6.634383799,      -4.958113649,      -5.452484807,      -4.923236483,      -7.806496612
          0,           0,         156,      -6.644401841,      -4.964675525,      -5.460018544,      -4.931787668,      -7.803298706
          0,           0,         157,      -6.654303963,      -4.971247829,      -5.467603175,      -4.940305846,      -7.801467783
          0,           0,         158,      -6.664482089,      -4.977844093,      -5.475163828,      -4.948929529,      -7.800967112
          0,           0,         159,      -6.674878607,      -4.984478181,      -5.482630374,      -4.957644811,      -7.801778765
          0,           0,         160,      -6.684960997,      -4.991164871,        -5.4899459,      -4.966288349,      -7.803823685
          0,           0,         161,      -6.693786121,      -4.997919755,      -5.497076082,      -4.974577141,      -7.807049437
          0,           0,         162,      -6.700191543,       -5.00475872,      -5.504011088,      -4.982165235,      -7.811385033
          0,           0,         163,      -6.703095583,      -5.011697658,      -5.510765974,      -4.988716871,      -7.816791883
          0,           0,         164,       -6.70185171,       -5.01875055,      -5.517377993,      -4.993987924,      -7.823191081
          0,           0,         165,      -6.696497343,       -5.02592798,      -5.523897549,      -4.997892684,      -7.830498665
          0,           0,         166,      -6.687762582,        -5.0332349,      -5.530377317,      -5.000535381,      -7.838594975
          0,           0,         167,      -6.676847233,       -5.04066866,      -5.536858161,      -5.002195145,      -7.847510278
          0,           0,         168,      -6.665085851,      -5.048221323,      -5.543355477,      -5.003269698,      -7.857176698
          0,           0,         169,      -6.653679321,      -5.055878748,      -5.549857229,      -5.004201246,      -7.867515297
          0,           0,         170,      -6.643546313,      -5.063622025,      -5.556319284,      -5.005406954,      -7.878523061
          0,           0,         171,      -6.635284838,      -5.071428548,      -5.562675792,      -5.007227248,      -7.890086683
          0,           0,         172,      -6.629200939,      -5.079275997,      -5.568853345,      -5.009898219,      -7.902092282
          0,           0,         173,      -6.625363379,      -5.087144857,      -5.574783199,      -5.013547325,      -7.914511094
          0,           0,         174,      -6.623662644,      -5.095019345,      -5.580411341,       -5.01820218,      -7.927246613
          0,           0,         175,      -6.623867663,      -5.102887982,      -5.585709145,      -5.023808997,      -7.940100982
          0,           0,         176,      -6.625677935,      -5.110743012,      -5.590676674,      -5.030258531,      -7.953099193
          0,           0,         177,      -6.628770699,      -5.118579508,      -5.595339134,      -5.037412548,      -7.965944668
          0,           0,         178,      -6.632843047,      -5.126393242,      -5.599746387,      -5.045129268,      -7.978506841
          0,           0,         179,      -6.637640201,      -5.134179752,      -5.603963523,      -5.053284911,      -7.990612532
          0,           0,         180,      -6.642970216,      -5.141932879,      -5.608063552,       -5.06178448,      -8.002094141
          0,           0,         181,      -6.648698427,      -5.149644835,      -5.612119212,      -5.070562436,      -8.012728778
          0,           0,         182,      -6.654730755,      -5.157306172,       -5.61620054,      -5.079574971,      -8.022290991
          0,           0,         183,      -6.660984705,      -5.164906628,       -5.62037116,      -5.088784097,      -8.030645674
          0,           0,         184,      -6.667359381,      -5.172436003,      -5.624686503,      -5.098138684,      -8.037480215
          0,           0,         185,      -6.673712893,      -5.179884554,      -5.629192959,      -5.107556942,      -8.042783167
          0,           0,         186,      -6.679853489,      -5.187245232,      -5.633929678,      -5.116916833,      -8.046654677
          0,           0,         187,      -6.685548304,      -5.194513514,      -5.638927691,      -5.126055588,      -8.049176991
          0,           0,         188,      -6.690554594,      -5.201687571,      -5.644212837,      -5.134784168,      -8.050315434
          0,           0,         189,      -6.694661836,      -5.208767595,      -5.649803327,      -5.142912576,      -8.050290517
          0,           0,         190,      -6.697743546,      -5.215755648,      -5.655707557,       -5.15028409,      -8.049264516
          0,           0,         191,      -6.699797651,      -5.222654738,      -5.661923831,      -5.156808316,      -8.047349289
          0,           0,         192,       -6.70096027,      -5.229468384,      -5.668441412,      -5.162484199,      -8.044873889
          0,           0,         193,      -6.701493225,      -5.236200615,      -5.675234434,       -5.16740598,       -8.04191268
          0,           0,         194,      -6.701750339,      -5.242854833,      -5.682262885,      -5.171753163,      -8.038775169
          0,           0,         195,      -6.702122731,      -5.249434325,      -5.689469959,      -5.175760721,      -8.035544933
          0,           0,         196,       -6.70298389,      -5.255941485,      -5.696786506,      -5.179680212,      -8.032353716
          0,           0,         197,      -6.704641372,      -5.262378247,      -5.704131794,      -5.183741182,      -8.029447123
          0,           0,         198,      -6.707306306,      -5.268745784,      -5.711417342,      -5.188120364,      -8.026920092
          0,           0,         199,      -6.711072536,      -5.275045068,      -5.718548561,      -5.192919723,       -8.02476986
          0,           0,         200,      -6.715915592,      -5.281276214,      -5.725432792,      -5.198159854,      -8.023333888
          0,           0,         201,      -6.721693081,      -5.287438872,      -5.731983151,      -5.203778806,      -8.022439925
          0,           0,         202,      -6.728158243,      -5.293530594,      -5.738121331,      -5.209642335,      -8.022381953
          0,           0,         203,      -6.734985678,      -5.299547772,      -5.743781174,      -5.215567066,      -8.023192486
          0,           0,         204,      -6.741799959,      -5.305484651,      -5.748907328,      -5.221342022,      -8.024926016
          0,           0,         205,      -6.748212407,      -5.311333614,      -5.753453721,      -5.226754137,      -8.027789299
          0,           0,         206,      -6.753866483,      -5.317086129,      -5.757386908,      -5.231619632,      -8.031878754
          0,           0,         207,      -6.758473687,      -5.322733367,      -5.760682431,      -5.235801886,      -8.037231428
          0,           0,         208,      -6.761841871,      -5.328268006,       -5.76332558,      -5.239223988,      -8.043996328
          0,           0,         209,      -6.763895648,      -5.333686037,      -5.765309781,      -5.241875547,      -8.052306207
          0,           0,         210,      -6.764675954,      -5.338988423,         -5.766642,      -5.243806972,      -8.062186343
          0,           0,         211,      -6.764323502,      -5.344183679,      -5.767341291,      -5.245117471,      -8.073744755
          0,           0,         212,      -6.763054354,      -5.349288657,      -5.767441201,      -5.245940023,      -8.086921061
          0,           0,         213,      -6.761131932,      -5.354329389,      -5.766991219,      -5.246427883,      -8.101790741
          0,           0,         214,      -6.758841126,       -5.35934135,       -5.76605971,      -5.246743858,      -8.118096336
          0,           0,         215,      -6.756464856,      -5.364368004,      -5.764730672,      -5.247050256,       -8.13588302
          0,           0,         216,      -6.754268779,      -5.369459752,      -5.763105034,      -5.247505108,      -8.154942734
          0,           0,         217,      -6.752494618,      -5.374670407,      -5.761296451,      -5.248260528,      -8.174854587
          0,           0,         218,      -6.751352818,      -5.380053585,      -5.759427904,      -5.249460122,      -8.195218141
          0,           0,         219,      -6.751019355,       -5.38565936,      -5.757626788,      -5.251237594,      -8.215467736
          0,           0,         220,      -6.751632289,      -5.391530256,      -5.756017016,      -5.253711794,       -8.23477206
          0,           0,         221,      -6.753286662,      -5.397697722,      -5.754717869,        -5.2569811,      -8.252401409
          0,           0,         222,      -6.756028068,      -5.404179046,       -5.75383753,      -5.261114301,      -8.267506912
          0,           0,         223,      -6.759847835,      -5.410975241,      -5.753467743,      -5.266142462,      -8.279347846
          0,           0,         224,      -6.764678448,      -5.418069984,      -5.753686037,        -5.2720514,      -8.287469406
          0,           0,         225,      -6.770394854,      -5.425429687,      -5.754549708,      -5.278777552,      -8.291521776
          0,           0,         226,      -6.776820405,      -5.433004443,      -5.756099308,      -5.286209218,      -8.291771772
          0,           0,         227,      -6.783739716,      -5.440730603,       -5.75836103,      -5.294192778,      -8.288303109
          0,           0,         228,       -6.79091883,      -5.448533476,      -5.761344388,      -5.302545052,      -8.281972389
          0,           0,         229,      -6.798129209,      -5.456331414,      -5.765050529,      -5.311069834,      -8.273129139
          0,           0,         230,      -6.805174542,      -5.464040398,      -5.769469432,      -5.319577678,      -8.262583522
          0,           0,         231,      -6.811916001,      -5.471578593,      -5.774584483,      -5.327906607,      -8.250822311
          0,           0,         232,      -6.818288909,      -5.478871103,      -5.780372195,      -5.335938692,      -8.237971302
          0,           0,         233,      -6.824308369,       -5.48585385,      -5.786801745,      -5.343610567,      -8.224812691
          0,           0,         234,      -6.830063317,      -5.492477409,       -5.79383951,      -5.350915503,      -8.211280858
          0,           0,         235,      -6.835697809,       -5.49870908,      -5.801444034,      -5.357895042,      -8.197530773
          0,           0,         236,      -6.841386426,      -5.504533497,      -5.809569072,      -5.364624742,      -8.183916882
          0,           0,         237,      -6.847311316,      -5.509952744,      -5.818165614,      -5.371199431,      -8.170473079
          0,           0,         238,      -6.853637102,      -5.514984375,      -5.827180341,      -5.377711196,      -8.157237041
          0,           0,         239,      -6.860497418,      -5.519658399,      -5.836557546,      -5.384239862,      -8.144297956
          0,           0,         240,      -6.867979926,      -5.524013979,      -5.846241433,      -5.390838518,      -8.131757591
          0,           0,         241,       -6.87612517,       -5.52809599,      -5.856178084,      -5.397532204,      -8.119570442
          0,           0,         242,      -6.884918026,      -5.531951377,      -5.866313139,      -5.404309472,      -8.107964231
          0,           0,         243,      -6.894293354,      -5.535626014,      -5.876594995,      -5.411128631,      -8.096782649
          0,           0,         244,      -6.904134788,      -5.539161397,      -5.886973249,      -5.417918832,      -8.086143574
          0,           0,         245,      -6.914278219,      -5.542593049,      -5.897399056,      -5.424585953,      -8.076141873
          0,           0,         246,      -6.924520359,      -5.545949539,      -5.907824053,      -5.431023168,      -8.066765955
          0,           0,         247,      -6.934619939,      -5.549250896,      -5.918197679,      -5.437114324,      -8.058140634
          0,           0,         248,      -6.944313461,      -5.552508765,      -5.928465529,       -5.44274826,      -8.050232083
          0,           0,         249,      -6.953327344,      -5.555726114,       -5.93856724,      -5.447825759,      -8.043075643
          0,           0,         250,      -6.961392664,      -5.558897814,      -5.948434983,      -5.452264896,       -8.03672289
          0,           0,         251,      -6.968265153,      -5.562011205,      -5.957992254,      -5.456007772,      -8.031121878
          0,           0,         252,      -6.973744141,       -5.56504703,      -5.967153634,      -5.459023116,      -8.026331222
          0,           0,         253,       -6.97768798,       -5.56798047,      -5.975825771,      -5.461305387,       -8.02236867
          0,           0,         254,      -6.980028154,      -5.570782655,      -5.983910168,      -5.462875129,      -8.019231332
          0,           0,         255,      -6.980773592,      -5.573422273,      -5.991306269,      -5.463775044,      -8.016935081
          0,           0,         256,      -6.980007264,      -5.575866999,      -5.997917623,      -5.464065102,      -8.015490321
          0,           0,         257,      -6.977875947,      -5.578085346,      -6.003658403,      -5.463817985,      -8.014868137
          0,           0,         258,      -6.974572496,      -5.580047887,      -6.008459916,      -5.463113155,      -8.015082379
          0,           0,         259,      -6.970318046,      -5.581729226,      -6.012273824,      -5.462032783,      -8.016140024
          0,           0,         260,      -6.965342322,      -5.583108939,      -6.015079348,      -5.460656428,      -8.018012869
          0,           0,         261,       -6.95986705,      -5.584172812,      -6.016885387,      -5.459057335,      -8.020686803
          0,           0,         262,      -6.954093105,      -5.584913759,      -6.017729635,      -5.457298892,      -8.024121129
          0,           0,         263,      -6.948193549,      -5.585332341,      -6.017677554,      -5.455433746,      -8.028336306
          0,           0,         264,      -6.942307088,      -5.585437232,      -6.016816819,       -5.45350103,      -8.033256006
          0,           0,         265,      -6.936538222,      -5.585244743,      -6.015252659,      -5.451526784,      -8.038847595
          0,           0,         266,      -6.930956202,      -5.584778039,      -6.013100775,      -5.449523016,      -8.045077011
          0,           0,         267,      -6.925600232,      -5.584066747,       -6.01048083,      -5.447490435,      -8.051884506
          0,           0,         268,      -6.920485166,      -5.583145694,      -6.007511826,      -5.445421471,      -8.059249482
          0,           0,         269,      -6.915607657,      -5.582053857,      -6.004307115,      -5.443304523,      -8.067083355
          0,           0,         270,      -6.910950769,      -5.580832772,       -6.00097127,      -5.441125813,      -8.075352072
          0,           0,         271,      -6.906490445,      -5.579525172,      -5.997598837,      -5.438873659,      -8.084021886
          0,           0,         272,      -6.902199771,      -5.578173485,      -5.994273872,      -5.436540883,      -8.092996301
          0,           0,         273,       -6.89805471,      -5.576818918,      -5.991068697,      -5.434128478,      -8.102223499
          0,           0,         274,      -6.894037149,      -5.575500669,      -5.988044946,      -5.431646188,      -8.111632298
          0,           0,         275,      -6.890136802,       -5.57425508,      -5.985255128,       -5.42911296,      -8.121180633
          0,           0,         276,      -6.886350621,      -5.573114312,      -5.982744111,      -5.426554699,      -8.130799026
          0,           0,         277,      -6.882683015,      -5.572106392,      -5.980549699,      -5.424003319,      -8.140375438
          0,           0,         278,      -6.879145368,      -5.571255053,       -5.97870368,      -5.421495117,      -8.149962431
          0,           0,         279,       -6.87575399,      -5.570579237,      -5.977232874,      -5.419067513,      -8.159409452
          0,           0,         280,       -6.87252843,      -5.570093431,      -5.976161881,      -5.416757376,      -8.168728929
          0,           0,         281,      -6.869487923,      -5.569807241,      -5.975511626,      -5.414597803,      -8.177781774
          0,           0,         282,       -6.86664987,      -5.569725778,      -5.975300471,       -5.41261639,      -8.186524065
          0,           0,         283,      -6.864028753,      -5.569849559,      -5.975545874,      -5.410834741,      -8.194938423
          0,           0,         284,      -6.861634974,      -5.570175435,      -5.976261694,      -5.409267807,      -8.202857318
          0,           0,         285,      -6.859468579,      -5.570695234,      -5.977459697,      -5.407918529,      -8.210358311
          0,           0,         286,      -6.857527168,      -5.571397811,      -5.979149525,      -5.406786147,      -8.217229749
          0,           0,         287,      -6.855799437,       -5.57226769,        -5.9813373,      -5.405860373,      -8.223505592
          0,           0,         288,      -6.854265261,      -5.573285482,      -5.984026245,      -5.405121725,      -8.229068287
          0,           0,         289,      -6.852898874,      -5.574429023,      -5.987214555,      -5.404545123,      -8.233795787
          0,           0,         290,      -6.851669844,      -5.575673415,      -5.990896717,      -5.404100431,      -8.237822429
          0,           0,         291,      -6.850544375,      -5.576991838,      -5.995062017,      -5.403754413,      -8.240997414
          0,           0,         292,      -6.849484996,      -5.578355817,      -5.999695058,      -5.403470017,      -8.243287566
          0,           0,         293,      -6.848452613,      -5.579735853,      -6.004774743,      -5.403208658,       -8.24474577
          0,           0,         294,      -6.847407016,      -5.581101814,      -6.010273776,      -5.402930252,      -8.245351845
          0,           0,         295,      -6.846309784,      -5.582423984,      -6.016159383,      -5.402596368,      -8.245085087
          0,           0,         296,      -6.845122429,      -5.583673445,      -6.022393062,      -5.402168215,      -8.244075466
          0,           0,         297,      -6.843814431,      -5.584823573,      -6.028931254,      -5.401614564,      -8.242341857
          0,           0,         298,       -6.84235381,      -5.585848375,       -6.03572529,      -5.400902626,      -8.239999323
          0,           0,         299,      -6.840710228,       -5.58672377,      -6.042722012,      -5.400001251,      -8.236974175
          0,           0,         300,      -6.838862083,      -5.587429485,       -6.04986419,      -5.398887066,      -8.233508964
          0,           0,         301,      -6.836789078,      -5.587947835,       -6.05709021,      -5.397538682,      -8.229535236
          0,           0,         302,      -6.834476866,      -5.588264611,      -6.064336052,      -5.395940948,      -8.225207202
          0,           0,         303,      -6.831916731,      -5.588369129,      -6.071538148,      -5.394084286,      -8.220499762
          0,           0,         304,      -6.829107372,      -5.588254493,      -6.078632341,      -5.391967253,      -8.215610437
          0,           0,         305,      -6.826051931,      -5.587916591,      -6.085556715,      -5.389593095,        -8.2104255
          0,           0,         306,      -6.822759235,      -5.587354893,       -6.09225164,      -5.386971129,      -8.205023698
          0,           0,         307,      -6.819243496,      -5.586572012,      -6.098662783,      -5.384116321,       -8.19954766
          0,           0,         308,      -6.815526143,      -5.585574048,      -6.104742809,      -5.381051282,      -8.193940081
          0,           0,         309,      -6.811625883,      -5.584367493,      -6.110452287,      -5.377796168,      -8.188292419
          0,           0,         310,      -6.807561962,      -5.582960716,      -6.115759285,      -5.374371789,      -8.182568089
          0,           0,         311,      -6.803356775,      -5.581363682,      -6.120641641,      -5.370801997,      -8.176839952
          0,           0,         312,      -6.799034391,      -5.579587447,      -6.125088317,      -5.367112277,      -8.171083821
          0,           0,         313,      -6.794619645,      -5.577644013,      -6.129096805,      -5.363328503,      -8.165345258
          0,           0,         314,      -6.790139563,       -5.57554601,       -6.13267476,      -5.359478438,      -8.159586683
          0,           0,         315,      -6.785623783,      -5.573306689,      -6.135838039,      -5.355590975,      -8.153874594
          0,           0,         316,      -6.781094675,      -5.570938048,      -6.138610493,      -5.351689253,      -8.148135418
          0,           0,         317,      -6.776573511,      -5.568451768,      -6.141020253,      -5.347794041,      -8.142408982
          0,           0,         318,      -6.772087889,      -5.565861485,      -6.143100509,      -5.343932257,      -8.136716117
          0,           0,         319,      -6.767658725,      -5.563178376,      -6.144887589,      -5.340123545,      -8.131042002
          0,           0,         320,      -6.763302118,      -5.560412245,      -6.146419045,      -5.336382551,      -8.125399707
          0,           0,         321,      -6.759028265,      -5.557571445,      -6.147734076,      -5.332717405,      -8.119751085
          0,           0,         322,       -6.75484838,      -5.554664655,       -6.14886947,      -5.329137454,      -8.114075762
          0,           0,         323,      -6.750769602,      -5.551699158,      -6.149858368,      -5.325647564,      -8.108432349
          0,           0,         324,      -6.746796754,      -5.548681586,      -6.150730299,      -5.322250355,      -8.102778092
          0,           0,         325,      -6.742932056,      -5.545617621,      -6.151514822,      -5.318945768,      -8.097115381
          0,           0,         326,      -6.739174896,      -5.542511724,      -6.152234355,      -5.315730795,      -8.091451755
          0,           0,         327,      -6.735522447,      -5.539367848,      -6.152905928,      -5.312600486,      -8.085796416
          0,           0,         328,      -6.731971881,      -5.536189467,      -6.153543691,      -5.309549844,      -8.080159553
          0,           0,         329,      -6.728529396,      -5.532981725,      -6.154158841,      -5.306582397,      -8.074531094
          0,           0,         330,      -6.725185415,      -5.529745397,      -6.154755436,      -5.303687515,      -8.068868739
          0,           0,         331,      -6.721927766,      -5.526480198,      -6.155332881,      -5.300851836,      -8.063226605
          0,           0,         332,      -6.718745826,       -5.52318597,      -6.155887016,      -5.298063394,      -8.057602044
          0,           0,         333,      -6.715630149,      -5.519862396,       -6.15640948,      -5.295311677,      -8.051927828
          0,           0,         334,      -6.712572524,      -5.516509355,      -6.156888381,      -5.292587787,      -8.046338514
          0,           0,         335,      -6.709565348,      -5.513125974,       -6.15730974,      -5.289883641,      -8.040659723
          0,           0,         336,      -6.706602656,      -5.509711606,      -6.157655435,      -5.287193037,       -8.03506697
          0,           0,         337,      -6.703679161,      -5.506265713,      -6.157908885,      -5.284510815,      -8.029427509
          0,           0,         338,       -6.70079116,      -5.502787677,      -6.158051068,      -5.281833631,       -8.02383191
          0,           0,         339,      -6.697938585,      -5.499277649,      -6.158059172,       -5.27916209,       -8.01818171
          0,           0,         340,      -6.695125663,      -5.495737005,      -6.157915192,      -5.276501251,      -8.012565697
          0,           0,         341,      -6.692353087,      -5.492165921,      -6.157600473,      -5.273852856,      -8.006994353
          0,           0,         342,      -6.689617472,      -5.488563356,      -6.157094394,      -5.271213941,       -8.00144288
          0,           0,         343,      -6.686918154,      -5.484929694,       -6.15638174,      -5.268584333,      -7.995942636
          0,           0,         344,      -6.684250041,      -5.481264766,      -6.155450814,      -5.265960661,      -7.990418224
          0,           0,         345,      -6.681611622,      -5.477569502,      -6.154291958,      -5.263342768,      -7.984893534
          0,           0,         346,      -6.679001001,      -5.473845204,      -6.152897841,      -5.260729812,      -7.979449183
          0,           0,         347,      -6.676419331,      -5.470094004,      -6.151263673,      -5.258124133,      -7.973984544
          0,           0,         348,      -6.673866254,      -5.466317814,      -6.149391842,      -5.255526479,      -7.968592738
          0,           0,         349,      -6.671342229,      -5.462518999,      -6.147282123,      -5.252938452,      -7.963188618
          0,           0,         350,      -6.668845613,      -5.458700052,      -6.144940118,      -5.250359259,      -7.957831536
          0,           0,         351,      -6.666383776,      -5.454865905,      -6.142376222,      -5.247797536,      -7.952511051
          0,           0,         352,      -6.663957735,      -5.451019698,      -6.139602164,       -5.24525519,      -7.947248957
          0,           0,         353,      -6.661561203,      -5.447162684,      -6.136629291,       -5.24272664,      -7.941960629
          0,           0,         354,      -6.659188447,      -5.443296924,      -6.133470076,      -5.240206927,      -7.936750562
          0,           0,         355,      -6.656834689,      -5.439425311,      -6.130137122,      -5.237692159,      -7.931592112
          0,           0,         356,      -6.654496378,      -5.435550505,      -6.126645133,      -5.235178633,      -7.926470543
          0,           0,         357,      -6.652173717,       -5.43167589,      -6.123010443,      -5.232667653,      -7.921399822
          0,           0,         358,      -6.649858049,      -5.427803363,      -6.119250155,      -5.230151636,      -7.916410751
          0,           0,         359,      -6.647547206,      -5.423936391,      -6.115378311,      -5.227629856,      -7.911404357
          0,           0,         360,      -6.645238087,      -5.420077184,       -6.11141084,      -5.225099859,      -7.906463366
          0,           0,         361,      -6.642928749,      -5.416228517,      -6.107360347,      -5.222560642,      -7.901632207
          0,           0,         362,      -6.640620812,      -5.412393871,      -6.103240328,      -5.220014867,      -7.896820547
          0,           0,         363,      -6.638323124,      -5.408578604,      -6.099062847,      -5.217472666,      -7.892101903
          0,           0,         364,      -6.636039097,      -5.404785143,      -6.094847094,      -5.214938291,      -7.887484138
          0,           0,         365,      -6.633763961,      -5.401014589,      -6.090597344,      -5.212407559,      -7.882836256
          0,           0,         366,      -6.631495973,      -5.397268849,      -6.086322144,      -5.209879378,      -7.878325901
          0,           0,         367,      -6.629233919,      -5.393550057,      -6.082029324,      -5.207353084,       -7.87395129
          0,           0,         368,      -6.626976466,      -5.389860076,      -6.077726116,      -5.204827841,       -7.86952489
          0,           0,         369,      -6.624726755,      -5.386201592,        -6.0734228,      -5.202307774,      -7.865200528
          0,           0,         370,      -6.622485403,       -5.38257657,      -6.069122681,      -5.199793341,      -7.860944872
          0,           0,         371,        -6.6202582,      -5.378987906,      -6.064833869,      -5.197290745,      -7.856824401
          0,           0,         372,      -6.618042046,      -5.375437021,      -6.060560034,      -5.194797945,      -7.852792683
          0,           0,         373,      -6.615837276,      -5.371925904,       -6.05630611,      -5.192316076,      -7.848852632
          0,           0,         374,      -6.613646008,      -5.368456696,       -6.05207735,      -5.189847992,      -7.845070387
          0,           0,         375,      -6.611477012,      -5.365032749,      -6.047881837,       -5.18740336,       -7.84128399
          0,           0,         376,      -6.609335454,      -5.361656091,       -6.04371917,      -5.184987877,       -7.83765062
          0,           0,         377,       -6.60721898,      -5.358327113,      -6.039590128,      -5.182599492,      -7.834148432
          0,           0,         378,      -6.605124338,      -5.355046152,      -6.035498025,      -5.180235172,      -7.830706596
          0,           0,         379,      -6.603050237,      -5.351814592,      -6.031444937,      -5.177894433,      -7.827427761
          0,           0,         380,      -6.600995866,      -5.348633561,      -6.027431794,      -5.175576982,      -7.824176279
          0,           0,         381,      -6.598961635,      -5.345504427,      -6.023463642,      -5.173283736,      -7.821106203
          0,           0,         382,       -6.59694648,      -5.342428216,      -6.019538321,      -5.171014034,      -7.818074406
          0,           0,         383,      -6.594949759,      -5.339405738,      -6.015657816,      -5.168767528,      -7.815184408
          0,           0,         384,      -6.592972827,      -5.336437952,      -6.011826995,      -5.166546227,      -7.812335427
          0,           0,         385,      -6.591019417,      -5.333525728,      -6.008044619,      -5.164353053,      -7.809550339
          0,           0,         386,      -6.589088661,      -5.330669586,      -6.004307792,      -5.162187958,      -7.806932272
          0,           0,         387,      -6.587179705,      -5.327870309,      -6.000615672,      -5.160050615,      -7.804364558
          0,           0,         388,      -6.585300373,      -5.325130346,      -5.996971671,      -5.157949468,      -7.801906583
          0,           0,         389,       -6.58345444,      -5.322450419,      -5.993376073,      -5.155888631,      -7.799472982
          0,           0,         390,      -6.581639497,       -5.31983034,      -5.989832513,      -5.153865649,      -7.797204156
          0,           0,         391,       -6.57985228,      -5.317270042,      -5.986337909,       -5.15187726,      -7.794934136
          0,           0,         392,      -6.578091771,      -5.314769061,      -5.982893661,      -5.149922306,       -7.79280282
          0,           0,         393,      -6.576357726,      -5.312327776,      -5.979502497,       -5.14800044,      -7.790740162
          0,           0,         394,      -6.574650532,      -5.309945884,      -5.976165725,       -5.14611213,       -7.78870482
          0,           0,         395,      -6.572973074,       -5.30762426,      -5.972877775,      -5.144260291,      -7.786791996
          0,           0,         396,      -6.571323745,      -5.305362563,      -5.969640107,      -5.142442569,      -7.784949669
          0,           0,         397,      -6.569707313,      -5.303161883,      -5.966454596,       -5.14066408,      -7.783171516
          0,           0,         398,      -6.568124492,      -5.301022038,      -5.963322687,      -5.138924927,      -7.781436741
          0,           0,         399,       -6.56657652,      -5.298943011,       -5.96024551,      -5.137226035,      -7.779804568
          0,           0,         400,      -6.565068391,      -5.296925499,      -5.957224179,      -5.135571781,      -7.778173435
          0,           0,         401,       -6.56360444,      -5.294970022,      -5.954256226,      -5.133965724,      -7.776694747
          0,           0,         402,      -6.562190191,      -5.293077446,      -5.951348453,       -5.13241373,      -7.775224062
          0,           0,         403,      -6.560828359,      -5.291247674,      -5.948501056,      -5.130918406,       -7.77383008
          0,           0,         404,       -6.55951757,      -5.289480044,      -5.945706879,      -5.129477963,      -7.772518872
          0,           0,         405,      -6.558255037,      -5.287773482,      -5.942972922,      -5.128088894,      -7.771227076
          0,           0,         406,      -6.557042236,      -5.286127888,       -5.94029622,      -5.126752577,      -7.769977684
          0,           0,         407,      -6.555878346,       -5.28454305,      -5.937678478,      -5.125467568,      -7.768854008
          0,           0,         408,      -6.554764165,      -5.283018546,      -5.935121034,      -5.124234261,      -7.767681138
          0,           0,         409,      -6.553701014,      -5.281553979,      -5.932626681,      -5.123053725,      -7.766632632
          0,           0,         410,      -6.552691995,      -5.280149253,       -5.93018926,      -5.121928516,      -7.765633299
          0,           0,         411,      -6.551734808,      -5.278803183,      -5.927816633,      -5.120855501,      -7.764651309
          0,           0,         412,      -6.550833412,      -5.277515979,      -5.925503424,      -5.119838732,      -7.763757919
          0,           0,         413,      -6.549989402,      -5.276287208,       -5.92324638,      -5.118879229,      -7.762901107
          0,           0,         414,      -6.549202915,      -5.275116239,      -5.921048349,      -5.117976637,      -7.762094939
          0,           0,         415,      -6.548476906,      -5.274003033,      -5.918909447,      -5.117133792,      -7.761303371
          0,           0,         416,      -6.547813613,       -5.27294673,      -5.916831287,      -5.116352454,      -7.760600809
          0,           0,         417,      -6.547224061,       -5.27194872,      -5.914810307,      -5.115642584,      -7.759935635
          0,           0,         418,      -6.546709518,      -5.271008148,      -5.912849719,      -5.115005498,      -7.759343421
          0,           0,         419,      -6.546268431,      -5.270123352,        -5.9109475,       -5.11443978,      -7.758761617
          0,           0,         420,      -6.545899855,      -5.269293339,       -5.90910258,      -5.113944169,      -7.758325013
          0,           0,         421,      -6.545603147,      -5.268516967,      -5.907311142,      -5.113517652,      -7.757908628
          0,           0,         422,      -6.545380117,      -5.267793831,      -5.905571579,       -5.11316205,      -7.757478348
          0,           0,         423,      -6.545232659,      -5.267123108,      -5.903885637,       -5.11287901,      -7.757200002
          0,           0,         424,      -6.545163098,      -5.266504214,      -5.902250505,      -5.112670566,      -7.756918831
          0,           0,         425,      -6.545172859,       -5.26593621,      -5.900667868,       -5.11253782,      -7.756696395
          0,           0,         426,      -6.545264734,       -5.26541862,      -5.899133908,      -5.112483505,      -7.756564822
          0,           0,         427,      -6.545443499,      -5.264951465,      -5.897647667,      -5.112512396,      -7.756462557
          0,           0,         428,       -6.54571097,      -5.264533627,      -5.896210842,       -5.11262579,      -7.756421125
          0,           0,         429,      -6.546068829,      -5.264164198,      -5.894815859,      -5.112824938,      -7.756473022
          0,           0,         430,      -6.546521605,      -5.263843282,      -5.893462784,      -5.113114576,      -7.756533258
          0,           0,         431,      -6.547072951,      -5.263570422,      -5.892147141,      -5.113497949,      -7.756693336
          0,           0,         432,      -6.547725952,      -5.263345056,      -5.890873202,      -5.113977901,      -7.756855211
          0,           0,         433,      -6.548484737,      -5.263167142,      -5.889636039,      -5.114558422,       -7.75707195
          0,           0,         434,      -6.549355192,      -5.263037259,       -5.88843577,       -5.11524534,      -7.757359123
          0,           0,         435,       -6.55034347,      -5.262955636,      -5.887271366,      -5.116044623,       -7.75765371
          0,           0,         436,      -6.551456782,      -5.262922124,      -5.886141947,      -5.116962414,      -7.757986153
          0,           0,         437,      -6.552694847,      -5.262935612,      -5.885047221,      -5.117998355,       -7.75836004
          0,           0,         438,      -6.554056683,      -5.262995296,      -5.883983713,      -5.119151332,      -7.758762676
          0,           0,         439,      -6.555544253,      -5.263101529,       -5.88294719,      -5.120423341,      -7.759157285
          0,           0,         440,      -6.557159061,      -5.263254082,      -5.881936324,      -5.121815685,      -7.759599752
          0,           0,         441,      -6.558902143,       -5.26345236,       -5.88095552,      -5.123328904,      -7.759971814
          0,           0,         442,      -6.560776416,      -5.263696548,      -5.880001783,      -5.124965778,      -7.760413716
          0,           0,         443,      -6.562782741,      -5.263986729,      -5.879074002,      -5.126726966,      -7.760784447
          0,           0,         444,      -6.564923356,      -5.264322989,      -5.878173299,      -5.128614577,      -7.761135342
          0,           0,         445,      -6.567200098,      -5.264705085,      -5.877299887,      -5.130630029,      -7.761429425
          0,           0,         446,      -6.569612326,      -5.265132591,      -5.876451597,      -5.132772236,      -7.761693942
          0,           0,         447,      -6.572159738,      -5.265605222,      -5.875630743,      -5.135040591,      -7.761849243
          0,           0,         448,      -6.574844144,      -5.266123552,      -5.874836488,      -5.137437119,      -7.761952841
          0,           0,         449,      -6.577665637,      -5.266687295,      -5.874066683,      -5.139961539,      -7.762051279
          0,           0,         450,      -6.580622572,      -5.267295958,      -5.873321047,      -5.142611946,      -7.762006199
          0,           0,         451,      -6.583714324,      -5.267949009,       -5.87260238,      -5.145387559,      -7.761964694
          0,           0,         452,      -6.586940455,      -5.268646402,      -5.871910098,      -5.148287878,      -7.761856843
          0,           0,         453,      -6.590299588,      -5.269388153,      -5.871244779,      -5.151311585,      -7.761687796
          0,           0,         454,      -6.593790897,      -5.270173671,        -5.8706097,      -5.154457886,      -7.761424233
          0,           0,         455,      -6.597412977,      -5.271002592,      -5.870004274,      -5.157725316,      -7.761111786
          0,           0,         456,      -6.601167117,      -5.271875449,      -5.869428362,      -5.161115566,      -7.760765515
          0,           0,         457,       -6.60505065,      -5.272790941,      -5.868885196,      -5.164625873,      -7.760263504
          0,           0,         458,      -6.609059768,      -5.273748359,      -5.868374174,      -5.168252658,      -7.759747527
          0,           0,         459,      -6.613193613,      -5.274747569,      -5.867896265,      -5.171994771,      -7.759086756
          0,           0,         460,      -6.617446833,      -5.275787381,      -5.867454187,      -5.175847464,      -7.758336571
          0,           0,         461,      -6.621815398,      -5.276866805,      -5.867047504,      -5.179807502,      -7.757472283
          0,           0,         462,      -6.626292717,      -5.277984405,      -5.866675329,      -5.183868698,       -7.75662416
          0,           0,         463,      -6.630872569,      -5.279139415,      -5.866335511,      -5.188025575,      -7.755643055
          0,           0,         464,      -6.635550729,      -5.280330609,        -5.8660314,      -5.192274778,       -7.75462341
          0,           0,         465,      -6.640321686,      -5.281556702,      -5.865763075,      -5.196611456,      -7.753555193
          0,           0,         466,      -6.645181124,      -5.282816565,      -5.865531537,      -5.201032224,      -7.752440562
          0,           0,         467,      -6.650124028,      -5.284109139,      -5.865336558,      -5.205533009,      -7.751266685
          0,           0,         468,      -6.655144334,      -5.285432737,      -5.865178943,      -5.210108476,      -7.750050138
          0,           0,         469,      -6.660235676,      -5.286785917,      -5.865057919,      -5.214753304,      -7.748850052
          0,           0,         470,      -6.665390868,      -5.288167243,      -5.864973064,      -5.219461365,      -7.747634331
          0,           0,         471,      -6.670603274,      -5.289575177,       -5.86492593,      -5.224227163,      -7.746379471
          0,           0,         472,      -6.675867871,      -5.291008608,      -5.864914284,      -5.229047338,      -7.745117699
          0,           0,         473,      -6.681177299,      -5.292465757,      -5.864939066,      -5.233915773,      -7.743822496
          0,           0,         474,      -6.686523327,      -5.293945015,      -5.864997731,       -5.23882561,      -7.742567539
          0,           0,         475,      -6.691897338,       -5.29544451,      -5.865092553,      -5.243769551,      -7.741234698
          0,           0,         476,         -6.697291,      -5.296962377,      -5.865221798,       -5.24874082,       -7.73992724
          0,           0,         477,      -6.702697146,      -5.298497426,       -5.86538332,      -5.253734258,      -7.738551402
          0,           0,         478,      -6.708106292,      -5.300047784,      -5.865576065,      -5.258741877,      -7.737316436
          0,           0,         479,      -6.713509491,       -5.30161244,      -5.865796032,      -5.263756507,      -7.736112502
          0,           0,         480,      -6.718898395,      -5.303189967,      -5.866044562,      -5.268771459,      -7.734892435
          0,           0,         481,      -6.724265978,      -5.304778808,      -5.866320927,      -5.273781447,       -7.73377423
          0,           0,         482,      -6.729604182,      -5.306377672,      -5.866622808,      -5.278780156,      -7.732722254
          0,           0,         483,      -6.734906616,      -5.307985879,      -5.866949685,      -5.283763166,      -7.731704681
          0,           0,         484,      -6.740166287,      -5.309602229,      -5.867301442,       -5.28872496,      -7.730796933
          0,           0,         485,      -6.745374362,      -5.311225371,       -5.86767709,      -5.293658297,      -7.729867912
          0,           0,         486,      -6.750523889,      -5.312853981,      -5.868076142,      -5.298557801,      -7.729002562
          0,           0,         487,      -6.755607651,      -5.314487065,      -5.868497421,      -5.303417679,      -7.728180597
          0,           0,         488,      -6.760617361,      -5.316123438,       -5.86893889,      -5.308230803,      -7.727310124
          0,           0,         489,      -6.765545151,      -5.317762068,      -5.869400573,      -5.312990534,      -7.726534315
          0,           0,         490,      -6.770385446,      -5.319403205,      -5.869880667,       -5.31769303,      -7.725785883
          0,           0,         491,      -6.775132541,      -5.321046355,      -5.870380608,      -5.322333712,      -7.725184477
          0,           0,         492,      -6.779776987,      -5.322690739,      -5.870899984,      -5.326904659,      -7.724601541
          0,           0,         493,      -6.784310312,       -5.32433604,      -5.871438686,      -5.331398742,      -7.724064866
          0,           0,         494,      -6.788726102,      -5.325982137,      -5.871996805,      -5.335810944,      -7.723534068
          0,           0,         495,      -6.793017349,      -5.327628752,       -5.87257342,      -5.340135015,      -7.723071881
          0,           0,         496,      -6.797177527,      -5.329275876,      -5.873167937,      -5.344365058,      -7.722831016
          0,           0,         497,      -6.801200973,      -5.330924079,       -5.87377786,      -5.348495883,       -7.72253712
          0,           0,         498,      -6.805083261,      -5.332573495,      -5.874404754,      -5.352523115,      -7.722389706
          0,           0,         499,      -6.808822504,      -5.334225085,      -5.875048923,      -5.356445259,      -7.722322294
          0,           0,         500,      -6.812417323,      -5.335879247,      -5.875712083,      -5.360260554,      -7.722278222
          0,           0,         501,      -6.815866299,      -5.337535718,       -5.87639528,      -5.363966882,      -7.722206382
          0,           0,         502,      -6.819167894,      -5.339194693,      -5.877097514,      -5.367561584,      -7.722299185
          0,           0,         503,      -6.822321234,      -5.340856798,      -5.877819293,      -5.371042598,      -7.722467222
          0,           0,         504,      -6.825327441,      -5.342523006,      -5.878561368,      -5.374410149,      -7.722604232
          0,           0,         505,      -6.828187169,      -5.344194058,      -5.879325895,      -5.377663758,      -7.722761841
          0,           0,         506,      -6.830902318,       -5.34587035,      -5.880115079,      -5.380804332,      -7.722897919
          0,           0,         507,      -6.833474862,      -5.347552868,      -5.880928164,      -5.383832717,      -7.723154966
          0,           0,         508,      -6.835905293,      -5.349242941,      -5.881766618,      -5.386748402,      -7.723364654
          0,           0,         509,      -6.838196012,       -5.35094104,      -5.882631689,      -5.389552717,      -7.723506784
          0,           0,         510,      -6.840348877,      -5.352647396,      -5.883526765,      -5.392246525,      -7.723681367
          0,           0,         511,      -6.842365146,      -5.354362968,      -5.884451329,      -5.394830392,      -7.723950962
          0,           0,         512,      -6.844245459,      -5.356089124,      -5.885404712,      -5.397303847,      -7.724270102
          0,           0,         513,      -6.845991647,      -5.357827482,      -5.886388868,      -5.399668013,      -7.724625147
          0,           0,         514,      -6.847606242,      -5.359578725,      -5.887406213,      -5.401924427,      -7.724886217
          0,           0,         515,      -6.849092545,      -5.361343775,      -5.888454507,      -5.404074599,      -7.725405414
          0,           0,         516,      -6.850454093,      -5.363124924,      -5.889533322,      -5.406120672,      -7.725933135
          0,           0,         517,      -6.851695783,      -5.364923427,      -5.890645798,       -5.40806596,      -7.726479988
          0,           0,         518,      -6.852822619,      -5.366740536,       -5.89179245,      -5.409913867,      -7.727039715
          0,           0,         519,       -6.85383934,      -5.368577724,      -5.892973048,      -5.411667238,      -7.727639216
          0,           0,         520,      -6.854751463,      -5.370436201,      -5.894189291,      -5.413329731,      -7.728294608
          0,           0,         521,      -6.855565399,      -5.372317433,      -5.895441277,      -5.414906338,      -7.728954455
          0,           0,         522,      -6.856285934,       -5.37422214,      -5.896731057,      -5.416400228,      -7.729439478
          0,           0,         523,      -6.856917954,      -5.376151311,      -5.898058402,      -5.417814694,      -7.729906424
          0,           0,         524,      -6.857466788,      -5.378106189,      -5.899424545,       -5.41915436,      -7.730402663
          0,           0,         525,      -6.857936999,       -5.38008795,       -5.90082864,      -5.420422496,      -7.730895212
          0,           0,         526,      -6.858331911,       -5.38209708,      -5.902273737,      -5.421621033,      -7.731345156
          0,           0,         527,      -6.858655974,      -5.384135005,      -5.903759301,      -5.422753511,      -7.731766073
          0,           0,         528,      -6.858912816,      -5.386202552,      -5.905286351,      -5.423822734,      -7.732128966
          0,           0,         529,      -6.859106332,      -5.388300008,      -5.906857592,      -5.424831905,      -7.732534622
          0,           0,         530,      -6.859240131,      -5.390427314,       -5.90847274,      -5.425783708,      -7.732951269
          0,           0,         531,      -6.859316685,      -5.392585824,      -5.910129596,       -5.42668021,      -7.733289925
          0,           0,         532,      -6.859337925,       -5.39477627,      -5.911830251,        -5.4275227,      -7.733856968
          0,           0,         533,       -6.85930744,      -5.396999635,      -5.913574016,      -5.428314031,      -7.734157611
          0,           0,         534,      -6.859228727,      -5.399255531,      -5.915362911,      -5.429056107,      -7.734521423
          0,           0,         535,      -6.859106196,      -5.401544684,      -5.917194608,      -5.429752556,      -7.735148191
          0,           0,         536,      -6.858942643,      -5.403868597,      -5.919066017,      -5.430404713,      -7.735709356
          0,           0,         537,      -6.858742213,      -5.406228474,      -5.920978655,      -5.431015339,      -7.736323099
          0,           0,         538,      -6.858511556,      -5.408625218,      -5.922933173,      -5.431590226,      -7.737021354
          0,           0,         539,       -6.85825647,       -5.41105969,      -5.924929042,      -5.432134305,      -7.737552843
          0,           0,         540,      -6.857982138,      -5.413532609,      -5.926965422,      -5.432651583,      -7.738125067
          0,           0,         541,      -6.857693394,      -5.416043699,      -5.929042882,      -5.433146285,      -7.738589003
          0,           0,         542,      -6.857395189,      -5.418592802,      -5.931159545,       -5.43362255,      -7.738864779
          0,           0,         543,      -6.857090714,      -5.421179488,      -5.933314976,      -5.434082276,       -7.73927487
          0,           0,         544,       -6.85678341,      -5.423804077,      -5.935507076,      -5.434528213,      -7.739556681
          0,           0,         545,      -6.856476143,      -5.426466803,      -5.937735469,       -5.43496264,      -7.739813474
          0,           0,         546,      -6.856171425,      -5.429167974,      -5.940001087,      -5.435388242,      -7.739978039
          0,           0,         547,      -6.855871425,      -5.431907027,      -5.942303497,      -5.435807481,      -7.740105017
          0,           0,         548,        -6.8555782,      -5.434684037,      -5.944641044,      -5.436222628,      -7.740176771
          0,           0,         549,      -6.855292487,      -5.437499311,      -5.947012332,      -5.436634532,      -7.740301405
          0,           0,         550,      -6.855015331,      -5.440352399,      -5.949419267,       -5.43704461,      -7.740585881
          0,           0,         551,      -6.854748335,      -5.443244068,      -5.951858225,      -5.437454926,      -7.740867304
          0,           0,         552,      -6.854492439,      -5.446173898,      -5.954330154,      -5.437866136,      -7.741221253
          0,           0,         553,      -6.854250132,      -5.449140687,      -5.956836325,      -5.438280935,      -7.741594341
          0,           0,         554,       -6.85402307,      -5.452144066,      -5.959373046,      -5.438700908,      -7.741879789
          0,           0,         555,      -6.853810888,      -5.455182968,      -5.961939824,      -5.439125002,      -7.742470492
          0,           0,         556,      -6.853614823,      -5.458257829,      -5.964532538,      -5.439554182,      -7.743017751
          0,           0,         557,        -6.8534362,      -5.461368381,      -5.967151509,      -5.439988891,      -7.743553693
          0,           0,         558,      -6.853277494,      -5.464513774,      -5.969796754,      -5.440431234,      -7.744192774
          0,           0,         559,      -6.853140202,      -5.467694263,      -5.972465098,        -5.4408823,      -7.744934129
          0,           0,         560,      -6.853025037,      -5.470909568,      -5.975157181,      -5.441342115,      -7.745627003
          0,           0,         561,      -6.852933919,      -5.474158825,       -5.97787157,      -5.441812105,       -7.74633835
          0,           0,         562,      -6.852868245,      -5.477441452,      -5.980606135,      -5.442292976,      -7.747051175
          0,           0,         563,      -6.852829356,      -5.480757004,      -5.983360509,      -5.442785529,      -7.747620463
          0,           0,         564,      -6.852819164,      -5.484104716,      -5.986133196,      -5.443291106,      -7.748131342
          0,           0,         565,      -6.852839418,      -5.487483889,      -5.988922811,      -5.443810971,      -7.748396956
          0,           0,         566,      -6.852891626,      -5.490893503,      -5.991729212,       -5.44434635,        -7.7486389
          0,           0,         567,      -6.852977181,      -5.494333193,      -5.994550587,      -5.444898837,      -7.748781308
          0,           0,         568,      -6.853097053,        -5.4978023,      -5.997386296,      -5.445469525,      -7.748812551
          0,           0,         569,      -6.853252136,      -5.501300106,      -6.000235698,      -5.446059714,      -7.748778202
          0,           0,         570,      -6.853442646,      -5.504826026,      -6.003097769,      -5.446670216,      -7.748730318
          0,           0,         571,      -6.853668822,       -5.50837915,      -6.005972079,      -5.447301797,       -7.74867338
          0,           0,         572,      -6.853930645,      -5.511958484,      -6.008857481,      -5.447954973,      -7.748644255
          0,           0,         573,      -6.854227204,      -5.515563343,      -6.011752337,      -5.448629372,      -7.748740006
          0,           0,         574,      -6.854557118,      -5.519193167,       -6.01465551,      -5.449324168,      -7.748815929
          0,           0,         575,      -6.854919062,      -5.522847654,      -6.017565508,      -5.450038404,      -7.749073913
          0,           0,         576,      -6.855311478,      -5.526526365,      -6.020481599,      -5.450771072,       -7.74928451
          0,           0,         577,      -6.855733071,      -5.530227747,      -6.023402587,      -5.451521188,      -7.749450663
          0,           0,         578,      -6.856182295,      -5.533950365,      -6.026325087,      -5.452287199,      -7.749876821
          0,           0,         579,        -6.8566572,      -5.537694825,      -6.029247291,       -5.45306743,      -7.750301575
          0,           0,         580,       -6.85715599,      -5.541460768,      -6.032169256,      -5.453860243,       -7.75091389
          0,           0,         581,       -6.85767743,      -5.545248733,      -6.035089301,      -5.454664683,      -7.751637533
          0,           0,         582,      -6.858220045,      -5.549059377,      -6.038007099,       -5.45547929,      -7.752506869
          0,           0,         583,      -6.858783118,      -5.552893263,      -6.040923064,      -5.456303607,      -7.753532566
          0,           0,         584,      -6.859366088,      -5.556750927,      -6.043837322,      -5.457137453,      -7.754428116
          0,           0,         585,      -6.859968051,      -5.560630912,      -6.046749072,      -5.457979967,      -7.755350362
          0,           0,         586,      -6.860587894,      -5.564532203,       -6.04965661,      -5.458830174,      -7.756201808
          0,           0,         587,      -6.861224122,      -5.568453909,      -6.052557855,      -5.459686289,      -7.757079785
          0,           0,         588,      -6.861875128,      -5.572395777,       -6.05545202,        -5.4605465,      -7.758039955
          0,           0,         589,       -6.86254021,       -5.57635836,      -6.058338425,      -5.461410523,      -7.759006057
          0,           0,         590,      -6.863218973,      -5.580341907,      -6.061217321,      -5.462278565,      -7.760002886
          0,           0,         591,      -6.863911422,      -5.584346495,      -6.064088624,      -5.463151417,      -7.761070239
          0,           0,         592,       -6.86461767,      -5.588372723,      -6.066952369,       -5.46402998,      -7.762045497
          0,           0,         593,      -6.865337784,      -5.592419066,       -6.06980932,      -5.464914923,      -7.762909994
          0,           0,         594,      -6.866072102,      -5.596484404,      -6.072658052,      -5.465807477,      -7.763654915
          0,           0,         595,      -6.866820341,      -5.600568123,      -6.075497101,      -5.466707809,      -7.764444143
          0,           0,         596,      -6.867582497,      -5.604670882,      -6.078326309,      -5.467616677,      -7.765149968
          0,           0,         597,       -6.86835891,       -5.60879177,      -6.081146314,      -5.468535176,      -7.765675845
          0,           0,         598,      -6.869150251,      -5.612929912,      -6.083956097,      -5.469464757,       -7.76622575
          0,           0,         599,      -6.869956967,      -5.617085357,       -6.08675509,      -5.470406494,      -7.766672432
          0,           0,         600,      -6.870778886,       -5.62125651,      -6.089543603,      -5.471360539,      -7.767058273
          0,           0,         601,      -6.871616151,      -5.625442715,      -6.092319936,      -5.472327565,      -7.767303762
          0,           0,         602,      -6.872468595,      -5.629642838,      -6.095083389,      -5.473307505,      -7.767646895
          0,           0,         603,      -6.873336104,      -5.633857242,      -6.097833613,      -5.474300561,      -7.767964409
          0,           0,         604,      -6.874218202,      -5.638086094,      -6.100571348,      -5.475306447,      -7.768318216
          0,           0,         605,      -6.875114866,      -5.642329728,      -6.103296709,      -5.476325532,      -7.768460998
          0,           0,         606,      -6.876026012,      -5.646587499,      -6.106009785,      -5.477357813,      -7.768648585
          0,           0,         607,      -6.876951463,      -5.650859819,      -6.108709579,      -5.478403436,       -7.76883766
          0,           0,         608,      -6.877890775,       -5.65514677,      -6.111396387,      -5.479461997,      -7.769055176
          0,           0,         609,      -6.878843836,      -5.659448421,      -6.114070374,      -5.480533562,      -7.769397493
          0,           0,         610,      -6.879810211,      -5.663765534,       -6.11673163,      -5.481617892,      -7.769770653
          0,           0,         611,      -6.880789428,      -5.668097549,      -6.119380263,      -5.482714598,      -7.770093587
          0,           0,         612,      -6.881781207,      -5.672443455,      -6.122016071,      -5.483823517,      -7.770605445
          0,           0,         613,      -6.882784919,      -5.676803534,       -6.12463885,      -5.484944103,       -7.77119304
          0,           0,         614,      -6.883799624,      -5.681177219,      -6.127249047,      -5.486075278,      -7.771871566
          0,           0,         615,      -6.884824882,      -5.685564264,      -6.129846387,      -5.487216588,      -7.772672471
          0,           0,         616,      -6.885859899,      -5.689964803,      -6.132430961,      -5.488367242,      -7.773667281
          0,           0,         617,      -6.886904119,       -5.69437921,      -6.135003389,      -5.489526795,      -7.774535716
          0,           0,         618,      -6.887956917,      -5.698805673,      -6.137564428,      -5.490694511,      -7.775548674
          0,           0,         619,      -6.889017976,       -5.70324412,      -6.140112776,       -5.49187004,      -7.776647942
          0,           0,         620,      -6.890086976,       -5.70769414,      -6.142649268,      -5.493052965,      -7.777834365
          0,           0,         621,      -6.891163532,      -5.712155308,      -6.145174327,      -5.494242925,      -7.779105358
          0,           0,         622,      -6.892247513,      -5.716627134,       -6.14768788,      -5.495439893,      -7.780381464
          0,           0,         623,      -6.893339083,      -5.721108624,      -6.150190095,       -5.49664408,      -7.781771158
          0,           0,         624,      -6.894438549,      -5.725598287,      -6.152680709,      -5.497855757,      -7.783144869
          0,           0,         625,        -6.8955463,      -5.730095089,      -6.155159167,       -5.49907527,      -7.784414853
          0,           0,         626,       -6.89666294,      -5.734597327,      -6.157625254,       -5.50030315,      -7.785713646
          0,           0,         627,       -6.89778908,      -5.739104153,       -6.16007839,      -5.501540022,      -7.787032792
          0,           0,         628,      -6.898925388,      -5.743614876,      -6.162518462,      -5.502786478,      -7.788340405
          0,           0,         629,      -6.900072762,      -5.748128538,      -6.164945372,      -5.504043383,      -7.789723477
          0,           0,         630,      -6.901232312,      -5.752644299,      -6.167358568,      -5.505311919,      -7.790920616
          0,           0,         631,      -6.902405129,      -5.757160058,      -6.169757605,      -5.506593049,      -7.792147561
          0,           0,         632,      -6.903592065,      -5.761674737,      -6.172141155,      -5.507887594,      -7.793418867
          0,           0,         633,      -6.904793668,      -5.766186918,      -6.174508447,      -5.509195968,      -7.794745497
          0,           0,         634,      -6.906010645,      -5.770694852,      -6.176858944,      -5.510518807,      -7.796108579
          0,           0,         635,      -6.907243542,      -5.775195903,      -6.179191705,       -5.51185654,      -7.797499661
          0,           0,         636,      -6.908492672,      -5.779687764,      -6.181505165,      -5.513209385,      -7.798837275
          0,           0,         637,      -6.909758204,       -5.78416808,       -6.18379829,       -5.51457734,      -7.800334667
          0,           0,         638,      -6.911040344,      -5.788635859,      -6.186070274,      -5.515960495,      -7.801844236
          0,           0,         639,      -6.912339206,      -5.793088525,      -6.188320456,      -5.517358974,      -7.803367406
          0,           0,         640,      -6.913655123,      -5.797523899,       -6.19054746,      -5.518773211,      -7.804913633
          0,           0,         641,      -6.914988344,      -5.801939827,      -6.192750334,      -5.520203429,      -7.806479553
          0,           0,         642,      -6.916339283,      -5.806333964,      -6.194928166,      -5.521650057,      -7.808069956
          0,           0,         643,      -6.917708193,      -5.810703942,      -6.197079945,      -5.523113349,       -7.80968815
          0,           0,         644,      -6.919095236,      -5.815047403,      -6.199204204,      -5.524593495,      -7.811358523
          0,           0,         645,      -6.920500805,       -5.81936205,       -6.20129982,      -5.526090873,      -7.813013097
          0,           0,         646,      -6.921925341,      -5.823645017,      -6.203365952,      -5.527605865,       -7.81446255
          0,           0,         647,      -6.923369372,      -5.827893053,      -6.205401389,      -5.529138975,      -7.816029458
          0,           0,         648,      -6.924833428,      -5.832104846,      -6.207404677,      -5.530690748,      -7.817596136
          0,           0,         649,      -6.926318006,      -5.836278498,      -6.209375651,      -5.532261557,      -7.819170696
          0,           0,         650,       -6.92782364,      -5.840411966,      -6.211313757,      -5.533851955,      -7.820760549
          0,           0,         651,      -6.929350743,      -5.844503165,      -6.213218151,      -5.535462349,       -7.82237015
          0,           0,         652,      -6.930899785,      -5.848549996,      -6.215088017,      -5.537093191,      -7.823996853
          0,           0,         653,      -6.932471252,      -5.852550346,      -6.216922709,      -5.538744942,      -7.825645713
          0,           0,         654,      -6.934065511,      -5.856502108,      -6.218721731,      -5.540417924,      -7.827316733
          0,           0,         655,      -6.935682869,      -5.860403285,        -6.2204845,      -5.542112449,      -7.829012677
          0,           0,         656,       -6.93732356,      -5.864251904,      -6.222210221,       -5.54382877,      -7.830729081
          0,           0,         657,      -6.938987805,      -5.868046105,      -6.223898452,      -5.545567125,      -7.832468443
          0,           0,         658,       -6.94067584,      -5.871784035,       -6.22554915,      -5.547327778,        -7.8342311
          0,           0,         659,      -6.942387768,      -5.875463891,      -6.227161926,      -5.549110905,      -7.836015589
          0,           0,         660,      -6.944123595,      -5.879083957,      -6.228736518,      -5.550916555,      -7.837819744
          0,           0,         661,      -6.945883562,      -5.882642597,      -6.230272776,      -5.552745038,      -7.839641608
          0,           0,         662,      -6.947667498,      -5.886138274,      -6.231770522,      -5.554596231,      -7.841480375
          0,           0,         663,      -6.949475223,      -5.889569564,       -6.23322976,      -5.556470012,       -7.84333645
          0,           0,         664,      -6.951306744,      -5.892935134,      -6.234650675,      -5.558366437,      -7.845288796
          0,           0,         665,      -6.953162084,      -5.896234026,      -6.236033214,      -5.560285695,      -7.847162737
          0,           0,         666,      -6.955041245,      -5.899464533,      -6.237377562,      -5.562227865,      -7.848919646
          0,           0,         667,      -6.956944232,      -5.902625409,      -6.238684195,      -5.564192993,      -7.850693299
          0,           0,         668,      -6.958871027,      -5.905716048,      -6.239953272,      -5.566181191,      -7.852521491
          0,           0,         669,      -6.960821724,       -5.90873589,      -6.241185147,      -5.568192665,      -7.854376216
          0,           0,         670,      -6.962796492,      -5.911684214,      -6.242380486,      -5.570227681,      -7.856262414
          0,           0,         671,      -6.964795578,      -5.914560361,      -6.243539778,      -5.572286623,      -7.858176814
          0,           0,         672,      -6.966819309,      -5.917363787,      -6.244663483,      -5.574369967,      -7.860114272
          0,           0,         673,      -6.968868047,      -5.920094052,      -6.245752197,      -5.576478236,      -7.862069939
          0,           0,         674,      -6.970941923,      -5.922750792,      -6.246806524,      -5.578611704,      -7.864036525
          0,           0,         675,      -6.973041161,      -5.925333762,      -6.247827068,      -5.580770752,      -7.866014937
          0,           0,         676,      -6.975166146,       -5.92784283,      -6.248814581,      -5.582955932,      -7.868006234
          0,           0,         677,      -6.977317184,      -5.930277958,      -6.249769638,       -5.58516774,      -7.870011593
          0,           0,         678,      -6.979494632,      -5.932639203,      -6.250693049,      -5.587406628,      -7.872032638
          0,           0,         679,      -6.981698925,      -5.934926735,      -6.251585569,      -5.589673187,      -7.874070997
          0,           0,         680,      -6.983930284,      -5.937140798,      -6.252447994,      -5.591967756,      -7.876128066
          0,           0,         681,      -6.986188853,      -5.939281711,      -6.253280842,      -5.594290623,      -7.878204872
          0,           0,         682,      -6.988474822,      -5.941349864,      -6.254084968,      -5.596642079,      -7.880302319
          0,           0,         683,      -6.990788312,      -5.943345694,      -6.254861009,      -5.599022393,      -7.882421098
          0,           0,         684,       -6.99312967,      -5.945269785,      -6.255609521,      -5.601432046,      -7.884561619
          0,           0,         685,      -6.995498836,      -5.947122731,      -6.256331521,      -5.603871014,      -7.886724224
          0,           0,         686,      -6.997896019,      -5.948905225,      -6.257028032,      -5.606339594,      -7.888909242
          0,           0,         687,      -7.000321173,      -5.950618027,      -6.257699514,      -5.608837877,      -7.891116916
          0,           0,         688,      -7.002774264,      -5.952261959,      -6.258346583,      -5.611365927,      -7.893348068
          0,           0,         689,      -7.005255266,      -5.953837913,      -6.258970175,      -5.613923778,       -7.89560283
          0,           0,         690,      -7.007764139,      -5.955346838,      -6.259570875,      -5.616511472,      -7.897877104
          0,           0,         691,      -7.010301041,      -5.956789766,      -6.260149408,      -5.619129271,      -7.900175192
          0,           0,         692,        -7.0128659,      -5.958167741,      -6.260706735,      -5.621777187,      -7.902495212
          0,           0,         693,      -7.015458789,      -5.959481954,      -6.261243609,      -5.624455298,      -7.904836976
          0,           0,         694,      -7.018079639,      -5.960733538,        -6.2617604,      -5.627163683,      -7.907195559
          0,           0,         695,      -7.020728398,       -5.96192365,      -6.262257901,      -5.629902345,      -7.909575032
          0,           0,         696,       -7.02340504,      -5.963053516,      -6.262736883,      -5.632671325,      -7.911985924
          0,           0,         697,      -7.026109785,      -5.964124563,      -6.263198169,      -5.635470931,      -7.914433142
          0,           0,         698,      -7.028842527,      -5.965138371,      -6.263642548,      -5.638301085,      -7.916923539
          0,           0,         699,      -7.031603162,      -5.966096614,      -6.264070729,      -5.641161707,      -7.919459252
          0,           0,         700,      -7.034391541,      -5.967000914,      -6.264483147,      -5.644052726,       -7.92203504
          0,           0,         701,      -7.037207274,      -5.967852666,      -6.264880303,      -5.646973821,      -7.924624137
          0,           0,         702,      -7.040050217,      -5.968653102,      -6.265262704,      -5.649924939,      -7.927218025
          0,           0,         703,      -7.042920134,       -5.96940312,      -6.265630807,       -5.65290582,      -7.929809977
          0,           0,         704,       -7.04581644,      -5.970103942,      -6.265985507,       -5.65591575,      -7.932409472
          0,           0,         705,       -7.04873871,      -5.970757111,      -6.266327491,      -5.658954188,      -7.935020079
          0,           0,         706,      -7.051686392,      -5.971364264,       -6.26665745,      -5.662020513,      -7.937636282
          0,           0,         707,      -7.054658959,      -5.971927171,      -6.266975753,      -5.665114235,      -7.940250256
          0,           0,         708,      -7.057655594,       -5.97244762,      -6.267283014,      -5.668234447,      -7.942854818
          0,           0,         709,      -7.060675323,      -5.972927467,      -6.267579902,      -5.671380018,      -7.945472199
          0,           0,         710,      -7.063717331,      -5.973368369,      -6.267866569,      -5.674550118,      -7.948053991
          0,           0,         711,      -7.066780787,      -5.973771941,      -6.268143719,      -5.677743831,      -7.950612427
          0,           0,         712,      -7.069864606,      -5.974139898,      -6.268412379,      -5.680959837,      -7.953118903
          0,           0,         713,      -7.072967817,      -5.974473811,      -6.268672835,      -5.684196941,      -7.955570486
          0,           0,         714,      -7.076089301,      -5.974775192,      -6.268925787,      -5.687453782,      -7.958112106
          0,           0,         715,      -7.079227853,      -5.975046073,      -6.269172037,      -5.690728882,      -7.960598907
          0,           0,         716,      -7.082382382,      -5.975288378,      -6.269411786,      -5.694020872,      -7.963106333
          0,           0,         717,      -7.085551782,      -5.975503961,      -6.269645853,      -5.697328482,      -7.965690878
          0,           0,         718,      -7.088734836,      -5.975694822,      -6.269875085,      -5.700650203,      -7.968300508
          0,           0,         719,      -7.091930272,       -5.97586309,       -6.27009999,      -5.703984496,      -7.970937626
          0,           0,         720,      -7.095136788,      -5.976010936,      -6.270321384,      -5.707329807,      -7.973653332
          0,           0,         721,      -7.098353316,      -5.976140096,      -6.270539241,      -5.710684909,      -7.976345995
          0,           0,         722,      -7.101578763,        -5.9762521,      -6.270754202,      -5.714048668,      -7.979058206
          0,           0,         723,        -7.1048119,      -5.976348542,      -6.270966952,      -5.717419492,      -7.981763986
          0,           0,         724,       -7.10805122,      -5.976430952,      -6.271177978,      -5.720795602,      -7.984507285
          0,           0,         725,      -7.111295589,      -5.976500825,      -6.271388216,      -5.724175804,      -7.987238277
          0,           0,         726,      -7.114544005,      -5.976559616,      -6.271598349,      -5.727558896,       -7.99003627
          0,           0,         727,      -7.117795536,      -5.976608751,      -6.271809375,      -5.730943814,      -7.992893954
          0,           0,         728,      -7.121048791,       -5.97664974,      -6.272021915,      -5.734328851,      -7.995746428
          0,           0,         729,      -7.124302619,      -5.976684196,      -6.272236253,      -5.737712685,      -7.998598563
          0,           0,         730,      -7.127556035,      -5.976713707,      -6.272452742,      -5.741094277,      -8.001323672
          0,           0,         731,      -7.130807967,      -5.976739676,      -6.272671561,      -5.744472459,      -8.004168411
          0,           0,         732,       -7.13405725,      -5.976763472,      -6.272894107,      -5.747845927,      -8.007038598
          0,           0,         733,       -7.13730295,      -5.976786726,       -6.27312086,      -5.751213529,       -8.00990874
          0,           0,         734,      -7.140543963,      -5.976811123,      -6.273352035,      -5.754574052,       -8.01279799
          0,           0,         735,      -7.143779177,      -5.976838285,      -6.273588129,      -5.757926273,        -8.0157393
          0,           0,         736,      -7.147007892,      -5.976869808,      -6.273829507,      -5.761269432,      -8.018811684
          0,           0,         737,      -7.150229277,        -5.9769074,      -6.274075984,      -5.764602715,      -8.021921296
          0,           0,         738,       -7.15344274,      -5.976952628,      -6.274328524,      -5.767925597,      -8.025120404
          0,           0,         739,      -7.156647682,      -5.977006504,      -6.274587991,      -5.771237438,      -8.028345659
          0,           0,         740,      -7.159843358,      -5.977069887,      -6.274855408,      -5.774537423,      -8.031656891
          0,           0,         741,      -7.163028981,      -5.977143707,      -6.275131331,      -5.777824603,      -8.035072394
          0,           0,         742,      -7.166203835,      -5.977228976,       -6.27541633,      -5.781098237,      -8.038608893
          0,           0,         743,      -7.169367425,      -5.977326771,        -6.2757105,      -5.784357956,      -8.042059945
          0,           0,         744,      -7.172518825,       -5.97743719,      -6.276012881,      -5.787602957,      -8.045658853
          0,           0,         745,      -7.175657228,      -5.977560695,      -6.276325228,       -5.79083259,       -8.04920077
          0,           0,         746,      -7.178782055,      -5.977698231,      -6.276648139,      -5.794046287,      -8.052560345
          0,           0,         747,       -7.18189281,      -5.977850497,      -6.276981727,      -5.797243803,      -8.055936953
          0,           0,         748,      -7.184989114,      -5.978018384,      -6.277326732,      -5.800425082,      -8.059378714
          0,           0,         749,      -7.188070654,      -5.978203153,      -6.277683715,      -5.803590077,      -8.062721631
          0,           0,         750,      -7.191137064,      -5.978405671,      -6.278052798,      -5.806738681,      -8.065931614
          0,           0,         751,      -7.194188154,      -5.978626702,      -6.278434446,      -5.809871103,      -8.068971018
          0,           0,         752,      -7.197223803,      -5.978866928,      -6.278828989,      -5.812987481,      -8.071890724
          0,           0,         753,      -7.200244085,      -5.979127366,      -6.279236647,        -5.8160881,      -8.074936153
          0,           0,         754,      -7.203249012,      -5.979408794,       -6.27965869,      -5.819173267,      -8.078055086
          0,           0,         755,      -7.206238577,      -5.979711755,      -6.280095442,      -5.822243168,      -8.081231933
          0,           0,         756,       -7.20921252,      -5.980036833,      -6.280546259,       -5.82529787,      -8.084378645
          0,           0,         757,      -7.212170752,      -5.980384683,      -6.281011105,      -5.828337852,      -8.087449449
          0,           0,         758,      -7.215113266,      -5.980755916,      -6.281490719,      -5.831363641,      -8.090535862
          0,           0,         759,       -7.21804012,      -5.981151336,      -6.281985321,      -5.834375638,      -8.093687364
          0,           0,         760,      -7.220951394,      -5.981571733,      -6.282494783,      -5.837374283,      -8.096711319
          0,           0,         761,      -7.223847089,      -5.982017433,      -6.283020019,      -5.840359886,      -8.099707513
          0,           0,         762,      -7.226727394,      -5.982488792,      -6.283561127,      -5.843332898,      -8.102651932
          0,           0,         763,       -7.22959223,      -5.982986067,      -6.284118248,      -5.846293486,      -8.105548827
          0,           0,         764,      -7.232441301,      -5.983509547,      -6.284691631,      -5.849241604,      -8.108665982
          0,           0,         765,      -7.235274429,      -5.984060126,      -6.285280588,      -5.852177316,      -8.111441839
          0,           0,         766,      -7.238091715,       -5.98463853,       -6.28588568,      -5.855101193,      -8.114419583
          0,           0,         767,      -7.240893167,      -5.985244689,      -6.286508017,      -5.858013491,      -8.117389091
          0,           0,         768,      -7.243678443,      -5.985878766,      -6.287147334,      -5.860913974,      -8.120273389
          0,           0,         769,       -7.24644693,      -5.986541152,      -6.287803345,      -5.863802257,      -8.123118952
          0,           0,         770,      -7.249198486,      -5.987232299,      -6.288475948,      -5.866678649,      -8.125949573
          0,           0,         771,      -7.251933205,      -5.987952646,      -6.289165745,      -5.869543759,      -8.128762863
          0,           0,         772,      -7.254650751,      -5.988701927,      -6.289873032,       -5.87239754,      -8.131516915
          0,           0,         773,      -7.257350162,      -5.989480097,      -6.290597494,      -5.875239092,      -8.134568392
          0,           0,         774,      -7.260030957,      -5.990288385,      -6.291337017,      -5.878068151,      -8.137405102
          0,           0,         775,      -7.262693467,      -5.991127625,      -6.292093831,      -5.880885706,      -8.140117988
          0,           0,         776,      -7.265337669,      -5.991997937,      -6.292869306,      -5.883691895,      -8.143295147
          0,           0,         777,      -7.267962924,      -5.992898882,      -6.293663034,      -5.886486063,      -8.146134482
          0,           0,         778,      -7.270568246,      -5.993829863,      -6.294474361,      -5.889267339,      -8.149244961
          0,           0,         779,      -7.273152631,      -5.994791058,      -6.295302296,      -5.892034801,        -8.1520438
          0,           0,         780,      -7.275715136,      -5.995782001,      -6.296147713,      -5.894787616,      -8.154943057
          0,           0,         781,      -7.278254723,      -5.996802179,      -6.297011044,      -5.897524584,      -8.157627708
          0,           0,         782,      -7.280770402,      -5.997851869,      -6.297891209,      -5.900244492,      -8.160229512
          0,           0,         783,      -7.283261228,      -5.998931042,      -6.298788143,      -5.902946203,      -8.162641566
          0,           0,         784,      -7.285726315,      -6.000039608,      -6.299701655,       -5.90562845,      -8.165298196
          0,           0,         785,      -7.288164733,      -6.001177144,      -6.300632019,      -5.908289863,      -8.167659372
          0,           0,         786,      -7.290575938,      -6.002344335,      -6.301578103,      -5.910929528,      -8.169907097
          0,           0,         787,      -7.292959541,      -6.003541778,      -6.302540085,      -5.913546968,      -8.172401447
          0,           0,         788,      -7.295315038,      -6.004769374,      -6.303519009,      -5.916141442,      -8.174866763
          0,           0,         789,      -7.297642083,      -6.006027105,      -6.304514699,      -5.918712324,      -8.177482198
          0,           0,         790,       -7.29994028,      -6.007314863,      -6.305526156,      -5.921259042,      -8.180030376
          0,           0,         791,      -7.302209231,       -6.00863231,      -6.306553421,      -5.923781178,      -8.182374905
          0,           0,         792,      -7.304448281,      -6.009979203,      -6.307596221,      -5.926277886,      -8.185050651
          0,           0,         793,      -7.306656946,        -6.0113556,      -6.308654881,      -5.928748688,      -8.187825973
          0,           0,         794,      -7.308834925,      -6.012761457,      -6.309729621,      -5.931193353,      -8.190804734
          0,           0,         795,      -7.310981519,       -6.01419624,      -6.310820702,      -5.933611253,      -8.193852222
          0,           0,         796,      -7.313096247,      -6.015659242,      -6.311927702,      -5.936002111,      -8.196978521
          0,           0,         797,      -7.315178365,        -6.0171498,      -6.313049857,      -5.938365444,      -8.200399981
          0,           0,         798,      -7.317226919,      -6.018667771,      -6.314185861,      -5.940700565,      -8.203791639
          0,           0,         799,      -7.319241017,      -6.020213122,      -6.315335787,      -5.943006942,      -8.207170033
          0,           0,         800,      -7.321220339,      -6.021785563,      -6.316499828,      -5.945284567,      -8.210380947
          0,           0,         801,      -7.323164773,      -6.023384479,      -6.317677585,      -5.947533504,      -8.214159113
          0,           0,         802,      -7.325074347,       -6.02501045,      -6.318867526,      -5.949753811,      -8.217696812
          0,           0,         803,      -7.326949361,      -6.026663496,      -6.320069993,      -5.951945983,      -8.221232723
          0,           0,         804,      -7.328790494,      -6.028343416,      -6.321284739,      -5.954110788,      -8.224765005
          0,           0,         805,      -7.330598196,      -6.030050022,      -6.322511292,      -5.956248599,      -8.228084716
          0,           0,         806,      -7.332373037,      -6.031783183,      -6.323749392,       -5.95835991,      -8.231950153
          0,           0,         807,      -7.334115852,      -6.033543305,       -6.32499761,      -5.960445315,        -8.2356038
          0,           0,         808,      -7.335827457,      -6.035330006,      -6.326256036,      -5.962505388,      -8.238607389
          0,           0,         809,      -7.337508895,      -6.037143625,      -6.327524093,      -5.964540658,       -8.24199136
          0,           0,         810,      -7.339161302,      -6.038983607,      -6.328802941,      -5.966551864,      -8.245610605
          0,           0,         811,      -7.340785758,      -6.040849121,      -6.330092269,       -5.96853954,      -8.248971875
          0,           0,         812,      -7.342382995,      -6.042740019,      -6.331390783,       -5.97050383,      -8.252227825
          0,           0,         813,      -7.343953373,      -6.044656298,      -6.332698033,      -5.972444573,      -8.255339028
          0,           0,         814,      -7.345497512,      -6.046597894,      -6.334014006,      -5.974362102,      -8.258316234
          0,           0,         815,      -7.347016233,      -6.048565224,      -6.335338168,      -5.976257108,      -8.261573298
          0,           0,         816,       -7.34851014,      -6.050559186,      -6.336670445,      -5.978130217,       -8.26530813
          0,           0,         817,      -7.349980375,      -6.052580243,      -6.338011397,      -5.979982873,      -8.268857905
          0,           0,         818,      -7.351428467,      -6.054628638,      -6.339361511,      -5.981817143,      -8.272262864
          0,           0,         819,      -7.352855738,      -6.056704033,      -6.340721154,       -5.98363481,      -8.275565134
          0,           0,         820,      -7.354263117,      -6.058805578,      -6.342090177,       -5.98543712,      -8.278536116
          0,           0,         821,      -7.355651542,      -6.060933314,      -6.343467533,        -5.9872253,      -8.282498108
          0,           0,         822,      -7.357021837,      -6.063086688,      -6.344853058,      -5.989000561,      -8.286043126
          0,           0,         823,      -7.358375192,      -6.065264962,      -6.346246679,        -5.9907646,        -8.2893086
          0,           0,         824,      -7.359712244,      -6.067467513,      -6.347647738,      -5.992518271,      -8.293032395
          0,           0,         825,      -7.361033465,      -6.069694043,      -6.349054821,      -5.994261993,      -8.296505577
          0,           0,         826,      -7.362339666,      -6.071944088,       -6.35046756,      -5.995996694,      -8.300068882
          0,           0,         827,      -7.363632098,      -6.074217551,      -6.351886167,      -5.997724034,      -8.303560979
          0,           0,         828,        -7.3649116,       -6.07651439,      -6.353310418,      -5.999444816,       -8.30695674
          0,           0,         829,      -7.366178896,      -6.078834605,       -6.35473966,      -6.001159752,      -8.310070799
          0,           0,         830,      -7.367434511,      -6.081178525,      -6.356173318,       -6.00286931,       -8.31352039
          0,           0,         831,      -7.368679317,      -6.083545569,      -6.357611648,      -6.004574575,      -8.317160667
          0,           0,         832,      -7.369914019,      -6.085936344,       -6.35905336,       -6.00627634,      -8.320744845
          0,           0,         833,       -7.37113931,      -6.088350407,      -6.360498889,      -6.007975622,      -8.324445369
          0,           0,         834,      -7.372355582,      -6.090786763,      -6.361947978,      -6.009672894,      -8.327979339
          0,           0,         835,      -7.373562958,      -6.093244592,      -6.363399696,       -6.01136809,      -8.331249568
          0,           0,         836,      -7.374761592,      -6.095723021,       -6.36485339,      -6.013061257,       -8.33462097
          0,           0,         837,      -7.375951558,      -6.098221645,      -6.366308212,      -6.014752327,      -8.338284513
          0,           0,         838,      -7.377132933,      -6.100740524,      -6.367763602,      -6.016441166,      -8.341728871
          0,           0,         839,      -7.378305967,       -6.10327901,      -6.369219681,      -6.018127936,      -8.345125003
          0,           0,         840,      -7.379470928,      -6.105836496,      -6.370676066,      -6.019812798,      -8.348409076
          0,           0,         841,      -7.380627928,      -6.108412673,      -6.372132209,      -6.021495657,      -8.351144046
          0,           0,         842,      -7.381777247,      -6.111006871,      -6.373588059,      -6.023176718,        -8.3553203
          0,           0,         843,      -7.382919228,      -6.113618431,      -6.375042641,      -6.024856128,      -8.358891225
          0,           0,         844,      -7.384054248,      -6.116246694,      -6.376495882,      -6.026534166,      -8.362073387
          0,           0,         845,      -7.385182667,      -6.118891215,       -6.37794764,      -6.028210845,      -8.365714707
          0,           0,         846,      -7.386305121,      -6.121550397,      -6.379398464,      -6.029886687,       -8.36896907
          0,           0,         847,      -7.387422178,      -6.124222963,       -6.38084746,      -6.031561931,      -8.372091695
          0,           0,         848,      -7.388534157,      -6.126907559,      -6.382293893,      -6.033236549,      -8.375866579
          0,           0,         849,      -7.389641222,       -6.12960403,      -6.383736938,      -6.034910355,      -8.379166761
          0,           0,         850,       -7.39074388,      -6.132311664,      -6.385176828,      -6.036583918,      -8.382533017
          0,           0,         851,      -7.391842878,      -6.135029062,      -6.386613648,      -6.038258222,      -8.386069311
          0,           0,         852,      -7.392938686,      -6.137754392,      -6.388046923,      -6.039933718,      -8.389533584
          0,           0,         853,      -7.394031665,      -6.140485867,      -6.389475633,      -6.041610557,      -8.392930539
          0,           0,         854,       -7.39512224,      -6.143221903,      -6.390898875,      -6.043288909,      -8.396292614
          0,           0,         855,      -7.396210929,      -6.145960809,      -6.392316013,      -6.044968968,      -8.399464181
          0,           0,         856,      -7.397298421,      -6.148700718,      -6.393726334,      -6.046650993,       -8.40260151
          0,           0,         857,      -7.398385511,      -6.151440158,      -6.395128806,      -6.048335248,        -8.4063323
          0,           0,         858,      -7.399473027,      -6.154179231,      -6.396522353,      -6.050021918,      -8.409366319
          0,           0,         859,       -7.40056225,      -6.156917695,      -6.397907153,      -6.051711975,      -8.412977773
          0,           0,         860,      -7.401654855,      -6.159653617,      -6.399283687,      -6.053407028,      -8.416612326
          0,           0,         861,      -7.402752045,      -6.162384878,       -6.40065114,      -6.055107912,       -8.42007707
          0,           0,         862,      -7.403854539,      -6.165109441,       -6.40200856,      -6.056814776,      -8.422974421
          0,           0,         863,      -7.404962853,      -6.167825106,      -6.403355259,       -6.05852783,      -8.426830371
          0,           0,         864,      -7.406077413,      -6.170530973,      -6.404689958,      -6.060246826,      -8.430184693
          0,           0,         865,      -7.407198644,      -6.173225598,      -6.406012657,      -6.061971749,      -8.433035174
          0,           0,         866,      -7.408327097,      -6.175908155,      -6.407322889,       -6.06370281,      -8.436821237
          0,           0,         867,      -7.409463437,       -6.17857555,      -6.408620951,      -6.065440675,      -8.440295067
          0,           0,         868,      -7.410608054,      -6.181225465,      -6.409905605,      -6.067185499,       -8.44350709
          0,           0,         869,      -7.411760973,      -6.183855927,      -6.411175845,      -6.068936861,      -8.446595323
          0,           0,         870,      -7.412922273,       -6.18646487,      -6.412431177,      -6.070694547,      -8.449573353
          0,           0,         871,      -7.414092201,      -6.189050166,      -6.413671173,      -6.072458716,      -8.452440462
          0,           0,         872,      -7.415270982,      -6.191609614,      -6.414895272,      -6.074229603,      -8.455194307
          0,           0,         873,       -7.41645889,      -6.194140934,      -6.416102787,      -6.076007529,      -8.457466314
          0,           0,         874,        -7.4176563,      -6.196641745,      -6.417292992,      -6.077792946,      -8.460858322
          0,           0,         875,      -7.418863619,      -6.199111327,      -6.418464889,      -6.079586126,      -8.463607517
          0,           0,         876,       -7.42008145,      -6.201547587,      -6.419618746,      -6.081387618,      -8.466314747
          0,           0,         877,      -7.421310647,      -6.203948239,      -6.420754177,      -6.083198176,      -8.469050913
          0,           0,         878,      -7.422551777,      -6.206310994,      -6.421870515,      -6.085017973,       -8.47176276
          0,           0,         879,      -7.423805201,      -6.208633429,      -6.422967171,      -6.086846755,      -8.474436582
          0,           0,         880,      -7.425071233,      -6.210913233,      -6.424043485,      -6.088684117,      -8.476736239
          0,           0,         881,      -7.426350101,      -6.213149191,      -6.425098723,      -6.090529453,      -8.479578365
          0,           0,         882,      -7.427642057,      -6.215338729,      -6.426132918,      -6.092382349,      -8.482306295
          0,           0,         883,      -7.428947289,      -6.217479678,      -6.427145425,      -6.094242314,      -8.484807525
          0,           0,         884,      -7.430265713,      -6.219570315,      -6.428135647,      -6.096108439,      -8.487168695
          0,           0,         885,       -7.43159727,      -6.221609137,      -6.429103343,      -6.097979878,      -8.489379999
          0,           0,         886,      -7.432941955,      -6.223594745,      -6.430048318,      -6.099856001,      -8.491444504
          0,           0,         887,      -7.434299947,      -6.225525862,      -6.430970375,      -6.101736475,      -8.493491858
          0,           0,         888,       -7.43567154,      -6.227401483,      -6.431869344,      -6.103621167,      -8.495177745
          0,           0,         889,      -7.437056912,      -6.229220785,      -6.432745122,      -6.105509867,      -8.497566538
          0,           0,         890,      -7.438456357,      -6.230983737,      -6.433597499,      -6.107402355,      -8.499615355
          0,           0,         891,      -7.439870236,      -6.232689619,      -6.434426753,      -6.109298756,      -8.501612596
          0,           0,         892,      -7.441298888,      -6.234337955,      -6.435232672,      -6.111199221,      -8.503241602
          0,           0,         893,      -7.442742865,      -6.235928747,      -6.436014967,      -6.113103841,      -8.505309037
          0,           0,         894,       -7.44420274,      -6.237460828,      -6.436773893,      -6.115012853,      -8.507163802
          0,           0,         895,      -7.445678955,      -6.238933381,       -6.43750901,      -6.116926266,      -8.508813708
          0,           0,         896,      -7.447171611,      -6.240345784,      -6.438219967,      -6.118843625,      -8.510351203
          0,           0,         897,      -7.448680698,      -6.241697408,       -6.43890671,       -6.12076444,      -8.511783114
          0,           0,         898,      -7.450206118,      -6.242987629,      -6.439569243,      -6.122688271,       -8.51311645
          0,           0,         899,      -7.451747585,      -6.244215816,      -6.440207544,      -6.124614579,      -8.514357041
          0,           0,         900,      -7.453304641,      -6.245381341,      -6.440821578,      -6.126542665,      -8.515508585
          0,           0,         901,      -7.454876702,      -6.246483593,      -6.441411324,      -6.128471668,      -8.516574289
          0,           0,         902,      -7.456463094,      -6.247521963,      -6.441976804,       -6.13040057,      -8.517557915
          0,           0,         903,      -7.458063003,      -6.248495844,      -6.442517988,      -6.132328151,       -8.51846068
          0,           0,         904,      -7.459675669,      -6.249404647,      -6.443034876,      -6.134253157,      -8.519282259
          0,           0,         905,      -7.461300314,      -6.250247842,      -6.443527527,      -6.136174236,      -8.520021176
          0,           0,         906,      -7.462936241,      -6.251024934,      -6.443996095,      -6.138090007,      -8.520670316
          0,           0,         907,      -7.464582689,      -6.251735479,       -6.44444068,      -6.139998933,      -8.521228482
          0,           0,         908,      -7.466238839,      -6.252379097,      -6.444861332,      -6.141899347,      -8.521695653
          0,           0,         909,      -7.467903974,      -6.252955496,      -6.445258089,      -6.143789695,      -8.522069802
          0,           0,         910,      -7.469577426,      -6.253464508,      -6.445630996,       -6.14566849,      -8.522348814
          0,           0,         911,       -7.47125859,      -6.253906057,       -6.44598012,      -6.147534261,       -8.52253196
          0,           0,         912,      -7.472946894,      -6.254280196,      -6.446305517,      -6.149385555,        -8.5226225
          0,           0,         913,      -7.474641839,      -6.254587078,      -6.446607234,       -6.15122099,      -8.522621688
          0,           0,         914,      -7.476342978,      -6.254827028,      -6.446885343,      -6.153039234,      -8.522533143
          0,           0,         915,      -7.478049799,      -6.255000449,      -6.447139925,      -6.154838847,      -8.522357481
          0,           0,         916,      -7.479762022,      -6.255107908,      -6.447371103,      -6.156618619,      -8.522091194
          0,           0,         917,      -7.481479537,      -6.255150133,      -6.447579051,      -6.158377505,      -8.521750728
          0,           0,         918,      -7.483202197,      -6.255127931,      -6.447763973,      -6.160114415,      -8.521355786
          0,           0,         919,      -7.484929805,      -6.255042157,      -6.447926061,      -6.161828209,      -8.520896044
          0,           0,         920,      -7.486662094,      -6.254893792,      -6.448065513,      -6.163517631,      -8.520357645
          0,           0,         921,      -7.488398734,      -6.254683877,      -6.448182588,       -6.16518129,      -8.519736961
          0,           0,         922,      -7.490139242,      -6.254413525,      -6.448277573,      -6.166817656,      -8.519035261
          0,           0,         923,      -7.491883019,      -6.254083913,      -6.448350808,      -6.168424982,      -8.518254402
          0,           0,         924,      -7.493629384,      -6.253696324,       -6.44840275,      -6.170001396,      -8.517395142
          0,           0,         925,      -7.495377435,      -6.253252051,      -6.448433784,      -6.171544862,      -8.516455494
          0,           0,         926,      -7.497126223,      -6.252752396,      -6.448444252,      -6.173053481,      -8.515424615
          0,           0,         927,      -7.498874688,      -6.252198674,      -6.448434496,      -6.174525338,      -8.514242287
          0,           0,         928,      -7.500621635,      -6.251592121,      -6.448404867,      -6.175958443,      -8.512736315
          0,           0,         929,      -7.502365914,      -6.250933878,      -6.448355722,      -6.177350953,      -8.511813014
          0,           0,         930,      -7.504106255,       -6.25022592,      -6.448287419,       -6.17870084,      -8.510565458
          0,           0,         931,      -7.505841538,       -6.24946979,      -6.448200635,      -6.180006441,      -8.509229974
          0,           0,         932,      -7.507570883,      -6.248667054,      -6.448095873,      -6.181266494,      -8.507836353
          0,           0,         933,      -7.509293468,      -6.247819327,      -6.447973619,      -6.182479764,      -8.506401354
          0,           0,         934,       -7.51100867,      -6.246928306,      -6.447834421,      -6.183645229,      -8.504916187
          0,           0,         935,      -7.512716239,      -6.245995721,      -6.447678915,      -6.184762377,      -8.503381679
          0,           0,         936,      -7.514416143,      -6.245023338,      -6.447507792,      -6.185830934,      -8.501797111
          0,           0,         937,      -7.516108621,      -6.244012944,      -6.447321763,      -6.186850971,        -8.5001663
          0,           0,         938,      -7.517794117,      -6.242966502,      -6.447121578,      -6.187822859,      -8.498391481
          0,           0,         939,      -7.519473355,      -6.241886198,      -6.446908073,      -6.188747244,      -8.496806387
          0,           0,         940,       -7.52114745,      -6.240773798,      -6.446682169,      -6.189625213,       -8.49510188
          0,           0,         941,      -7.522817668,      -6.239631168,      -6.446444651,      -6.190457984,      -8.493310301
          0,           0,         942,      -7.524485317,      -6.238460205,      -6.446196371,      -6.191246699,      -8.491462379
          0,           0,         943,      -7.526151724,      -6.237262825,      -6.445938107,      -6.191992696,      -8.489567923
          0,           0,         944,      -7.527818202,      -6.236040962,      -6.445670611,      -6.192697383,      -8.487632481
          0,           0,         945,      -7.529485964,      -6.234796536,      -6.445394602,      -6.193362098,      -8.485661169
          0,           0,         946,      -7.531156093,      -6.233531447,       -6.44511076,      -6.193988077,      -8.483659408
          0,           0,         947,       -7.53282958,       -6.23224758,      -6.444819745,      -6.194576457,      -8.481632435
          0,           0,         948,      -7.534507283,      -6.230946811,      -6.444522209,      -6.195128211,      -8.479584683
          0,           0,         949,      -7.536189969,      -6.229630988,      -6.444218838,      -6.195644139,      -8.477519685
          0,           0,         950,      -7.537878294,      -6.228301966,      -6.443910279,       -6.19612501,      -8.475440016
          0,           0,         951,       -7.53957269,      -6.226961407,      -6.443597178,      -6.196571242,      -8.473347519
          0,           0,         952,      -7.541273529,      -6.225611073,      -6.443280178,      -6.196983284,      -8.471243355
          0,           0,         953,      -7.542980976,      -6.224252622,      -6.442959913,      -6.197361359,      -8.469128203
          0,           0,         954,      -7.544695005,      -6.222887668,      -6.442637058,      -6.197705441,      -8.467003076
          0,           0,         955,      -7.546415428,      -6.221517755,      -6.442312285,      -6.198015274,      -8.464870258
          0,           0,         956,       -7.54814195,      -6.220144366,      -6.441986224,      -6.198290557,      -8.462729778
          0,           0,         957,      -7.549874339,      -6.218768961,      -6.441659553,      -6.198530937,      -8.460582362
          0,           0,         958,      -7.551611991,      -6.217392903,      -6.441332938,      -6.198735725,      -8.458429151
          0,           0,         959,      -7.553353981,      -6.216017477,      -6.441007033,      -6.198903903,      -8.456271139
          0,           0,         960,      -7.555099271,      -6.214643904,      -6.440682366,      -6.199034485,      -8.454109171
          0,           0,         961,      -7.556846558,      -6.213273358,      -6.440359407,      -6.199126361,      -8.451944305
          0,           0,         962,      -7.558594274,      -6.211906957,      -6.440038584,      -6.199178285,       -8.44977775
          0,           0,         963,      -7.560340637,      -6.210545772,      -6.439720291,      -6.199188908,      -8.447610295
          0,           0,         964,      -7.562083662,      -6.209190825,      -6.439404896,       -6.19915679,       -8.44544239
          0,           0,         965,      -7.563821168,      -6.207843084,      -6.439092744,      -6.199080393,      -8.443275061
          0,           0,         966,      -7.565550768,       -6.20650346,      -6.438784198,      -6.198958026,      -8.441109045
          0,           0,         967,      -7.567269958,      -6.205172829,      -6.438479599,       -6.19878802,      -8.438945062
          0,           0,         968,      -7.568976106,      -6.203852028,      -6.438179267,      -6.198568722,      -8.436783375
          0,           0,         969,      -7.570666484,      -6.202541864,      -6.437883514,      -6.198298505,       -8.43462428
          0,           0,         970,      -7.572338231,      -6.201243118,      -6.437592663,      -6.197975721,      -8.432468029
          0,           0,         971,      -7.573988305,      -6.199956528,      -6.437307075,      -6.197598573,      -8.430315088
          0,           0,         972,      -7.575613687,      -6.198682808,      -6.437027121,      -6.197165406,      -8.428167835
          0,           0,         973,      -7.577211364,       -6.19742266,      -6.436753165,      -6.196674684,      -8.426033735
          0,           0,         974,      -7.578778363,      -6.196176761,      -6.436485544,      -6.196125107,      -8.423924647
          0,           0,         975,      -7.580311721,       -6.19494575,      -6.436224624,      -6.195515472,      -8.421839937
          0,           0,         976,      -7.581808573,      -6.193730251,        -6.4359708,      -6.194844732,       -8.41976482
          0,           0,         977,      -7.583266259,      -6.192530896,      -6.435724373,      -6.194112249,      -8.417696661
          0,           0,         978,      -7.584682204,      -6.191348338,      -6.435485599,      -6.193317636,      -8.415641368
          0,           0,         979,      -7.586053913,      -6.190183249,      -6.435254723,      -6.192460807,      -8.413601179
          0,           0,         980,       -7.58737912,      -6.189036336,      -6.435031984,      -6.191542027,      -8.411577731
          0,           0,         981,      -7.588655703,      -6.187908299,      -6.434817629,      -6.190561782,      -8.409573556
          0,           0,         982,      -7.589881592,      -6.186799797,      -6.434611959,      -6.189520565,      -8.407590175
          0,           0,         983,      -7.591054873,      -6.185711474,      -6.434415276,      -6.188419136,      -8.405628051
          0,           0,         984,      -7.592173718,      -6.184643942,      -6.434227867,      -6.187258433,      -8.403688003
          0,           0,         985,      -7.593236347,      -6.183597778,      -6.434050036,       -6.18603947,       -8.40177011
          0,           0,         986,      -7.594241026,      -6.182573544,      -6.433882118,      -6.184763337,      -8.399872877
          0,           0,         987,      -7.595186061,      -6.181571787,      -6.433724506,      -6.183431136,      -8.397996457
          0,           0,         988,      -7.596069838,       -6.18059298,      -6.433577658,      -6.182043958,      -8.396139959
          0,           0,         989,      -7.596890874,      -6.179637587,      -6.433441978,      -6.180603128,      -8.394304157
          0,           0,         990,      -7.597647747,      -6.178706008,      -6.433317869,       -6.17911007,      -8.392487846
          0,           0,         991,      -7.598339041,      -6.177798614,      -6.433205795,      -6.177566146,      -8.390690383
          0,           0,         992,      -7.598963485,      -6.176915773,      -6.433106236,       -6.17597285,      -8.388914605
          0,           0,         993,      -7.599519863,      -6.176057787,        -6.4330197,      -6.174331662,      -8.387164132
          0,           0,         994,      -7.600007274,      -6.175224924,      -6.432946631,      -6.172644384,      -8.385435505
          0,           0,         995,      -7.600424838,      -6.174417432,      -6.432887405,      -6.170912901,      -8.383728729
          0,           0,         996,      -7.600771811,      -6.173635526,      -6.432842386,      -6.169139211,      -8.382040098
          0,           0,         997,      -7.601047613,      -6.172879392,       -6.43281193,      -6.167325364,      -8.380353036
          0,           0,         998,      -7.601251797,      -6.172149147,      -6.432796388,      -6.165473377,      -8.378670582
