NDIME= 2
NELEM= 10216
5	417	69	311	0
5	302	55	56	1
5	405	159	384	2
5	594	427	450	3
5	315	71	72	4
5	319	4	262	5
5	270	39	40	6
5	327	65	66	7
5	451	259	325	8
5	441	40	41	9
5	358	147	148	10
5	287	12	13	11
5	252	144	145	12
5	254	56	57	13
5	348	96	269	14
5	262	4	5	15
5	647	465	525	16
5	453	308	449	17
5	309	282	15	18
5	560	265	470	19
5	369	185	186	20
5	420	271	27	21
5	432	137	376	22
5	643	471	270	23
5	429	121	354	24
5	282	14	15	25
5	568	446	456	26
5	292	257	31	27
5	617	385	457	28
5	831	694	478	29
5	274	24	25	30
5	470	346	454	31
5	311	69	70	32
5	291	20	278	33
5	286	24	274	34
5	257	30	31	35
5	255	0	1	36
5	996	809	797	37
5	342	79	312	38
5	280	18	19	39
5	543	319	518	40
5	316	42	294	41
5	507	356	439	42
5	543	293	319	43
5	546	298	299	44
5	324	288	9	45
5	749	548	648	46
5	270	251	39	47
5	542	459	257	48
5	258	36	37	49
5	322	18	280	50
5	315	72	290	51
5	555	313	342	52
5	288	8	9	53
5	645	348	465	54
5	323	14	282	55
5	308	62	63	56
5	300	75	76	57
5	335	84	303	58
5	421	60	305	59
5	334	38	251	60
5	749	549	548	61
5	285	53	54	62
5	302	56	254	63
5	751	644	725	64
5	250	82	83	65
5	294	42	43	66
5	301	87	88	67
5	279	80	81	68
5	305	60	61	69
5	531	475	278	70
5	554	448	540	71
5	271	26	27	72
5	284	89	90	73
5	416	111	112	74
5	329	260	33	75
5	475	291	278	76
5	340	0	255	77
5	277	106	107	78
5	420	28	272	79
5	295	52	53	80
5	316	41	42	81
5	333	294	43	82
5	825	476	650	83
5	331	300	76	84
5	762	555	664	85
5	295	53	285	86
5	290	72	73	87
5	337	90	91	88
5	312	79	80	89
5	511	320	336	90
5	1041	890	895	91
5	555	342	464	92
5	946	762	848	93
5	564	314	556	94
5	345	52	295	95
5	335	250	83	96
5	449	63	64	97
5	338	254	57	98
5	842	642	557	99
5	338	57	58	100
5	517	256	293	101
5	259	101	102	102
5	512	281	350	103
5	348	95	96	104
5	441	270	40	105
5	361	177	178	106
5	266	99	100	107
5	510	451	325	108
5	580	353	413	109
5	372	115	116	110
5	367	117	118	111
5	357	151	349	112
5	412	375	127	113
5	639	273	436	114
5	381	157	158	115
5	492	368	430	116
5	377	147	358	117
5	400	173	390	118
5	437	365	182	119
5	406	161	253	120
5	403	253	162	121
5	395	181	365	122
5	397	175	393	123
5	408	157	381	124
5	619	408	381	125
5	401	386	166	126
5	399	388	170	127
5	834	690	450	128
5	585	377	358	129
5	387	163	164	130
5	404	165	386	131
5	353	112	113	132
5	424	321	109	133
5	363	252	145	134
5	363	145	146	135
5	481	429	354	136
5	607	393	484	137
5	1544	685	720	138
5	653	485	490	139
5	275	132	133	140
5	409	382	129	141
5	373	135	136	142
5	614	482	253	143
5	355	143	144	144
5	409	130	383	145
5	380	354	122	146
5	486	435	273	147
5	436	273	140	148
5	411	126	375	149
5	360	186	187	150
5	593	394	488	151
5	850	681	706	152
5	393	175	176	153
5	806	611	604	154
5	398	177	361	155
5	784	587	502	156
5	403	162	163	157
5	402	169	388	158
5	253	161	162	159
5	396	188	359	160
5	388	169	170	161
5	1083	868	726	162
5	390	173	174	163
5	484	393	398	164
5	356	195	196	165
5	380	122	123	166
5	432	373	136	167
5	375	126	127	168
5	412	128	382	169
5	357	150	151	170
5	355	144	252	171
5	364	141	142	172
5	624	483	375	173
5	435	139	273	174
5	482	479	406	175
5	424	110	351	176
5	623	412	382	177
5	595	501	352	178
5	325	259	102	179
5	328	46	296	180
5	269	96	97	181
5	1361	1264	1068	182
5	530	286	462	183
5	550	306	421	184
5	251	38	39	185
5	423	103	104	186
5	350	99	266	187
5	693	451	510	188
5	483	411	375	189
5	352	114	115	190
5	633	478	424	191
5	444	150	357	192
5	427	117	367	193
5	588	395	365	194
5	385	154	261	195
5	655	491	587	196
5	369	186	360	197
5	581	431	485	198
5	386	165	166	199
5	5232	5214	5229	200
5	508	503	443	201
5	5232	5226	5214	202
5	1099	878	1090	203
5	5231	207	5222	204
5	5231	206	207	205
5	5230	5210	5219	206
5	5230	5213	5210	207
5	5229	5199	5213	208
5	5229	5214	5199	209
5	5228	204	205	210
5	5228	5217	204	211
5	5225	5219	5200	212
5	5225	249	5219	213
5	5232	5229	202	214
5	5232	202	203	215
5	5227	247	248	216
5	5227	5196	5212	217
5	5224	5195	5209	218
5	5224	5202	5195	219
5	5223	225	226	220
5	5223	5220	225	221
5	5224	5228	205	222
5	5231	205	206	223
5	5221	5173	5203	224
5	5221	5201	5173	225
5	5220	5211	225	226
5	5220	5181	5211	227
5	5230	200	201	228
5	5230	5229	5213	229
5	5219	5210	5191	230
5	5225	5218	248	231
5	5231	5202	5224	232
5	5231	5222	5202	233
5	5216	227	228	234
5	5216	5208	227	235
5	5215	207	208	236
5	5222	5206	5189	237
5	5232	203	5226	238
5	5230	201	5229	239
5	5214	5205	5174	240
5	5229	201	202	241
5	5212	246	247	242
5	5221	246	5212	243
5	5211	5180	224	244
5	5211	5181	5180	245
5	5210	5152	5191	246
5	5210	5190	5152	247
5	5231	5224	205	248
5	5228	5224	5209	249
5	5223	5208	5185	250
5	5223	226	227	251
5	5207	5180	5166	252
5	5207	223	5180	253
5	5222	5189	5202	254
5	5222	5215	5206	255
5	5226	5205	5214	256
5	5217	5188	5205	257
5	5197	229	230	258
5	5197	5179	229	259
5	5203	5163	5193	260
5	5203	5173	5163	261
5	5215	208	209	262
5	5222	207	5215	263
5	5221	5212	5201	264
5	5221	245	246	265
5	5230	5219	200	266
5	5219	249	200	267
5	5205	5154	5174	268
5	5226	5217	5205	269
5	5198	221	222	270
5	5198	5186	221	271
5	5197	5121	5179	272
5	5197	5088	5121	273
5	5212	5196	5170	274
5	5201	5170	5145	275
5	5195	5140	5169	276
5	5195	5157	5140	277
5	5192	241	5168	278
5	5192	240	241	279
5	5193	5160	243	280
5	5193	5163	5160	281
5	5223	5185	5220	282
5	5211	224	225	283
5	5213	5199	5190	284
5	5225	248	249	285
5	5184	5150	218	286
5	5184	5127	5150	287
5	5183	212	5155	288
5	5183	211	212	289
5	5228	5209	5217	290
5	5209	5169	5188	291
5	5187	241	242	292
5	5187	5160	5139	293
5	5186	220	221	294
5	5186	5151	220	295
5	5220	5185	5161	296
5	5220	5161	5181	297
5	5184	219	5151	298
5	5184	5151	5127	299
5	5183	5155	5125	300
5	5149	210	211	301
5	5190	5113	5152	302
5	5182	5112	5162	303
5	5223	227	5208	304
5	5181	5167	5147	305
5	5180	223	224	306
5	5207	5166	5194	307
5	5216	5179	5177	308
5	5179	5158	5177	309
5	5178	5156	5135	310
5	5178	215	5156	311
5	5177	5158	5130	312
5	5179	228	229	313
5	5191	5129	5143	314
5	5227	5212	247	315
5	5204	5142	5175	316
5	5204	214	5178	317
5	5174	5118	5146	318
5	5174	5154	5118	319
5	5171	5144	238	320
5	5171	5116	5144	321
5	5171	5148	5116	322
5	5172	216	217	323
5	5171	238	239	324
5	5172	217	5150	325
5	5176	5133	5153	326
5	5218	5176	5196	327
5	5202	5189	5157	328
5	5226	204	5217	329
5	5194	5166	5131	330
5	5192	5138	5148	331
5	5167	5134	5122	332
5	5167	5161	5134	333
5	5166	5096	5131	334
5	5166	5147	5096	335
5	5165	5091	5123	336
5	5165	5130	5091	337
5	5198	5194	5164	338
5	5207	222	223	339
5	5201	5145	5173	340
5	5203	5193	244	341
5	5162	5108	5128	342
5	5162	5112	5108	343
5	5181	5147	5180	344
5	5208	5165	5185	345
5	5208	5177	5165	346
5	5216	5177	5208	347
5	5159	5087	5111	348
5	5159	5115	5087	349
5	5158	5105	5130	350
5	5192	5168	5138	351
5	5189	5114	5157	352
5	5206	5128	5189	353
5	5192	5148	240	354
5	5148	239	240	355
5	5155	5090	5125	356
5	5155	5132	5090	357
5	5154	5101	5118	358
5	5154	5119	5101	359
5	5153	5082	5124	360
5	5153	5133	5082	361
5	5191	5152	5129	362
5	5227	248	5218	363
5	5164	5107	5137	364
5	5151	219	220	365
5	5184	218	219	366
5	5150	217	218	367
5	5217	5209	5188	368
5	5182	5162	209	369
5	5178	214	215	370
5	5148	5138	5086	371
5	5207	5194	222	372
5	5147	5122	5096	373
5	5199	5174	5146	374
5	5219	5191	5200	375
5	5145	5098	5126	376
5	5145	5124	5098	377
5	5144	237	238	378
5	5144	5115	237	379
5	5152	5076	5129	380
5	5200	5191	5143	381
5	5175	5155	212	382
5	5183	5149	211	383
5	5141	5094	5061	384
5	5141	5121	5094	385
5	5215	5162	5206	386
5	5214	5174	5199	387
5	5139	5102	5100	388
5	5139	5120	5102	389
5	5187	242	243	390
5	5194	5131	5164	391
5	5198	5164	5186	392
5	5186	5164	5137	393
5	5197	5136	5088	394
5	5197	230	5136	395
5	5135	5047	5093	396
5	5135	5092	5047	397
5	5167	5122	5147	398
5	438	198	199	399
5	5161	5106	5134	400
5	1036	844	843	401
5	307	86	87	402
5	661	506	199	403
5	5189	5128	5114	404
5	508	443	356	405
5	5112	5074	5108	406
5	685	657	503	407
5	5156	5092	5135	408
5	508	356	507	409
5	5204	5178	5142	410
5	659	438	506	411
5	5161	5123	5106	412
5	439	356	196	413
5	5187	5139	5168	414
5	443	195	356	415
5	5177	5130	5165	416
5	485	431	433	417
5	5185	5123	5161	418
5	660	517	543	419
5	5129	5071	5081	420
5	385	153	154	421
5	5129	5076	5071	422
5	661	199	515	423
5	5190	5146	5113	424
5	5188	5169	5119	425
5	5186	5137	5151	426
5	354	121	122	427
5	5182	210	5149	428
5	416	351	111	429
5	5170	5124	5145	430
5	1230	1086	1051	431
5	5203	244	245	432
5	410	132	275	433
5	5183	5125	5149	434
5	415	108	321	435
5	5182	5149	5112	436
5	347	101	259	437
5	5124	5045	5098	438
5	318	89	284	439
5	5124	5082	5045	440
5	425	106	277	441
5	5187	5168	241	442
5	578	347	452	443
5	5180	5147	5166	444
5	325	102	103	445
5	5134	5097	5109	446
5	473	464	312	447
5	5134	5109	5122	448
5	769	737	516	449
5	5179	5121	5158	450
5	5158	5121	5141	451
5	5160	5120	5139	452
5	347	100	101	453
5	5168	5100	5138	454
5	445	95	348	455
5	5140	5103	5056	456
5	671	579	645	457
5	5205	5188	5154	458
5	303	84	85	459
5	5146	5118	5089	460
5	445	336	94	461
5	5146	5089	5113	462
5	721	509	477	463
5	5117	5077	5046	464
5	320	92	93	465
5	5117	234	5077	466
5	335	83	84	467
5	5116	5086	5064	468
5	447	82	250	469
5	5138	5100	5070	470
5	764	754	540	471
5	5159	236	237	472
5	339	71	315	473
5	5159	237	5115	474
5	306	58	59	475
5	5169	5140	5085	476
5	5140	5056	5085	477
5	5113	5052	5076	478
5	292	31	32	479
5	5113	5089	5052	480
5	419	12	287	481
5	5159	5111	236	482
5	288	268	8	483
5	5111	235	236	484
5	293	2	3	485
5	5128	5084	5114	486
5	293	256	2	487
5	5111	5087	5057	488
5	1394	1257	1239	489
5	5110	5048	5092	490
5	340	199	0	491
5	5110	5079	5048	492
5	1218	517	853	493
5	5109	5049	5038	494
5	729	460	521	495
5	5109	5097	5049	496
5	746	543	518	497
5	5149	5099	5112	498
5	5209	5195	5169	499
5	5107	5020	5063	500
5	5107	5068	5020	501
5	312	80	279	502
5	762	562	555	503
5	460	263	267	504
5	670	470	454	505
5	273	139	140	506
5	641	588	365	507
5	384	159	160	508
5	261	154	155	509
5	304	55	302	510
5	573	332	466	511
5	742	537	741	512
5	1505	888	1371	513
5	256	255	1	514
5	256	1	2	515
5	330	30	257	516
5	472	345	295	517
5	346	36	258	518
5	260	32	33	519
5	511	456	320	520
5	452	259	451	521
5	329	34	265	522
5	292	32	260	523
5	813	617	667	524
5	349	151	152	525
5	521	460	267	526
5	726	515	340	527
5	263	262	5	528
5	263	5	6	529
5	264	261	155	530
5	264	155	156	531
5	329	33	34	532
5	265	34	35	533
5	510	325	423	534
5	514	284	467	535
5	267	263	6	536
5	267	6	7	537
5	268	267	7	538
5	268	7	8	539
5	452	347	259	540
5	509	418	425	541
5	476	330	459	542
5	422	296	47	543
5	326	26	271	544
5	317	22	276	545
5	420	27	28	546
5	272	28	29	547
5	480	400	390	548
5	374	275	133	549
5	570	474	254	550
5	276	22	23	551
5	590	519	252	552
5	374	133	134	553
5	575	343	308	554
5	278	20	21	555
5	415	107	108	556
5	625	321	478	557
5	565	557	294	558
5	557	316	294	559
5	466	332	417	560
5	563	540	300	561
5	642	441	316	562
5	471	251	270	563
5	281	269	97	564
5	281	97	98	565
5	309	16	283	566
5	470	265	346	567
5	309	15	16	568
5	283	16	17	569
5	307	87	301	570
5	675	568	456	571
5	333	43	44	572
5	314	44	45	573
5	286	276	23	574
5	286	23	24	575
5	528	462	274	576
5	533	455	280	577
5	324	10	289	578
5	535	323	282	579
5	324	9	10	580
5	289	10	11	581
5	498	466	417	582
5	310	290	73	583
5	291	280	19	584
5	291	19	20	585
5	938	928	741	586
5	537	468	287	587
5	534	283	322	588
5	521	267	268	589
5	514	318	284	590
5	297	50	51	591
5	422	47	48	592
5	296	46	47	593
5	644	307	536	594
5	573	341	332	595
5	298	48	49	596
5	299	50	297	597
5	505	315	290	598
5	422	48	298	599
5	299	298	49	600
5	299	49	50	601
5	310	73	74	602
5	448	75	300	603
5	913	671	859	604
5	1110	871	1094	605
5	304	54	55	606
5	304	285	54	607
5	442	86	307	608
5	442	85	86	609
5	576	343	575	610
5	665	534	652	611
5	343	62	308	612
5	344	64	65	613
5	556	314	328	614
5	338	58	306	615
5	442	303	85	616
5	467	284	337	617
5	343	61	62	618
5	343	305	61	619
5	497	334	251	620
5	497	251	471	621
5	701	547	662	622
5	532	447	516	623
5	332	67	68	624
5	449	64	344	625
5	313	77	78	626
5	331	76	77	627
5	469	290	310	628
5	331	77	313	629
5	455	322	280	630
5	333	44	314	631
5	339	70	71	632
5	339	311	70	633
5	524	263	460	634
5	441	41	316	635
5	317	278	21	636
5	317	21	22	637
5	318	301	88	638
5	318	88	89	639
5	319	293	3	640
5	319	3	4	641
5	337	284	90	642
5	446	92	320	643
5	415	277	107	644
5	321	108	109	645
5	322	283	17	646
5	322	17	18	647
5	323	287	13	648
5	323	13	14	649
5	552	283	534	650
5	538	289	419	651
5	423	104	418	652
5	694	625	478	653
5	326	274	25	654
5	326	25	26	655
5	341	67	332	656
5	344	65	327	657
5	328	314	45	658
5	328	45	46	659
5	734	677	462	660
5	459	330	257	661
5	330	272	29	662
5	330	29	30	663
5	562	313	555	664
5	498	417	311	665
5	341	66	67	666
5	341	327	66	667
5	468	419	287	668
5	1362	1084	1218	669
5	334	258	37	670
5	334	37	38	671
5	897	675	861	672
5	540	448	300	673
5	336	320	93	674
5	336	93	94	675
5	547	318	514	676
5	768	567	566	677
5	756	520	651	678
5	461	421	305	679
5	652	534	455	680
5	746	660	543	681
5	753	741	535	682
5	1043	889	916	683
5	550	421	461	684
5	643	270	441	685
5	342	313	78	686
5	342	78	79	687
5	575	308	453	688
5	474	302	254	689
5	556	328	520	690
5	449	308	63	691
5	345	297	51	692
5	345	51	52	693
5	346	265	35	694
5	346	35	36	695
5	692	465	647	696
5	347	266	100	697
5	445	94	95	698
5	725	536	701	699
5	407	153	385	700
5	618	407	617	701
5	350	281	98	702
5	350	98	99	703
5	424	109	110	704
5	351	110	111	705
5	413	114	352	706
5	416	112	353	707
5	478	321	424	708
5	496	371	429	709
5	426	367	118	710
5	372	352	115	711
5	378	143	355	712
5	436	140	141	713
5	807	611	806	714
5	359	188	189	715
5	495	383	410	716
5	591	364	378	717
5	783	584	782	718
5	493	410	275	719
5	489	398	361	720
5	394	185	369	721
5	992	880	704	722
5	365	181	182	723
5	605	391	400	724
5	392	178	179	725
5	362	358	148	726
5	362	148	149	727
5	834	450	635	728
5	799	708	504	729
5	603	387	404	730
5	436	141	364	731
5	366	179	180	732
5	392	361	178	733
5	608	480	390	734
5	392	179	366	735
5	426	119	371	736
5	626	353	580	737
5	368	359	189	738
5	368	189	190	739
5	370	183	184	740
5	437	182	183	741
5	839	640	593	742
5	437	183	370	743
5	426	118	119	744
5	371	119	120	745
5	501	413	352	746
5	627	351	416	747
5	428	135	373	748
5	599	380	414	749
5	718	598	689	750
5	824	626	823	751
5	379	124	125	752
5	414	124	379	753
5	432	136	137	754
5	376	137	138	755
5	377	363	146	756
5	377	146	147	757
5	378	364	142	758
5	378	142	143	759
5	600	481	354	760
5	686	583	487	761
5	816	620	619	762
5	689	598	483	763
5	408	156	157	764
5	408	264	156	765
5	412	127	128	766
5	382	128	129	767
5	409	129	130	768
5	383	130	131	769
5	405	158	159	770
5	405	381	158	771
5	407	152	153	772
5	407	349	152	773
5	604	389	402	774
5	640	370	593	775
5	609	391	605	776
5	403	163	387	777
5	389	167	168	778
5	401	166	167	779
5	604	402	601	780
5	401	167	389	781
5	391	171	172	782
5	399	170	171	783
5	479	384	406	784
5	399	171	391	785
5	606	504	392	786
5	593	370	394	787
5	397	174	175	788
5	397	390	174	789
5	394	370	184	790
5	394	184	185	791
5	395	366	180	792
5	395	180	181	793
5	396	360	187	794
5	396	187	188	795
5	620	523	264	796
5	615	384	479	797
5	398	393	176	798
5	398	176	177	799
5	482	406	253	800
5	614	253	403	801
5	400	391	172	802
5	400	172	173	803
5	605	400	480	804
5	489	484	398	805
5	402	389	168	806
5	402	168	169	807
5	974	788	732	808
5	622	382	409	809
5	404	387	164	810
5	404	164	165	811
5	494	376	435	812
5	621	409	383	813
5	406	384	160	814
5	406	160	161	815
5	638	436	364	816
5	583	362	444	817
5	487	444	357	818
5	583	444	487	819
5	636	376	494	820
5	617	407	385	821
5	410	383	131	822
5	410	131	132	823
5	411	379	125	824
5	411	125	126	825
5	529	428	373	826
5	634	426	371	827
5	413	353	113	828
5	413	113	114	829
5	414	380	123	830
5	414	123	124	831
5	580	413	501	832
5	509	425	477	833
5	496	429	481	834
5	527	378	355	835
5	417	332	68	836
5	417	68	69	837
5	423	325	103	838
5	418	104	105	839
5	419	289	11	840
5	419	11	12	841
5	534	322	455	842
5	533	280	291	843
5	421	306	59	844
5	421	59	60	845
5	574	327	341	846
5	646	449	344	847
5	632	418	509	848
5	861	675	669	849
5	624	375	412	850
5	500	414	379	851
5	425	418	105	852
5	425	105	106	853
5	595	372	594	854
5	690	594	450	855
5	427	372	116	856
5	427	116	117	857
5	428	374	134	858
5	428	134	135	859
5	429	371	120	860
5	429	120	121	861
5	430	368	190	862
5	430	190	191	863
5	431	430	191	864
5	431	191	192	865
5	494	435	486	866
5	639	486	273	867
5	433	431	192	868
5	433	192	193	869
5	434	433	193	870
5	434	193	194	871
5	435	376	138	872
5	435	138	139	873
5	601	402	388	874
5	602	404	386	875
5	867	506	661	876
5	812	616	615	877
5	439	196	197	878
5	440	198	438	879
5	592	395	588	880
5	586	368	492	881
5	440	439	197	882
5	440	197	198	883
5	539	521	268	884
5	541	292	260	885
5	473	312	279	886
5	532	473	279	887
5	443	434	194	888
5	443	194	195	889
5	444	362	149	890
5	444	149	150	891
5	951	767	751	892
5	1051	856	915	893
5	446	337	91	894
5	446	91	92	895
5	447	279	81	896
5	447	81	82	897
5	448	310	74	898
5	448	74	75	899
5	526	295	285	900
5	569	306	550	901
5	450	427	367	902
5	635	450	367	903
5	884	790	690	904
5	791	781	501	905
5	978	793	977	906
5	902	702	717	907
5	646	453	449	908
5	577	344	327	909
5	454	346	258	910
5	497	458	334	911
5	628	272	476	912
5	629	463	271	913
5	456	446	320	914
5	951	751	856	915
5	457	385	261	916
5	523	457	261	917
5	458	454	258	918
5	458	258	334	919
5	476	272	330	920
5	462	286	274	921
5	825	628	476	922
5	736	475	531	923
5	548	302	474	924
5	544	345	472	925
5	528	326	463	926
5	679	524	666	927
5	528	274	326	928
5	463	326	271	929
5	464	342	312	930
5	775	498	572	931
5	465	348	269	932
5	698	512	513	933
5	754	554	540	934
5	737	532	516	935
5	567	250	335	936
5	532	279	447	937
5	539	268	288	938
5	538	419	468	939
5	572	498	311	940
5	505	290	469	941
5	561	541	260	942
5	542	257	292	943
5	843	643	642	944
5	631	520	296	945
5	544	297	345	946
5	520	328	296	947
5	701	536	547	948
5	536	307	301	949
5	548	304	302	950
5	526	472	295	951
5	531	317	522	952
5	533	291	475	953
5	628	420	272	954
5	629	271	420	955
5	477	425	277	956
5	499	477	277	957
5	499	277	415	958
5	698	513	578	959
5	615	405	384	960
5	523	261	264	961
5	610	601	388	962
5	862	707	655	963
5	635	426	634	964
5	634	371	496	965
5	705	479	482	966
5	792	597	687	967
5	598	411	483	968
5	600	354	380	969
5	607	397	393	970
5	608	390	397	971
5	808	797	602	972
5	488	394	369	973
5	596	493	275	974
5	596	275	374	975
5	590	252	363	976
5	519	355	252	977
5	988	802	801	978
5	587	360	396	979
5	798	592	789	980
5	800	607	484	981
5	490	485	433	982
5	490	433	434	983
5	491	488	369	984
5	491	369	360	985
5	502	396	359	986
5	587	491	360	987
5	730	457	523	988
5	495	410	493	989
5	711	529	637	990
5	597	428	529	991
5	835	636	710	992
5	621	383	495	993
5	822	689	483	994
5	635	367	426	995
5	771	570	569	996
5	770	569	550	997
5	571	315	505	998
5	776	466	716	999
5	717	625	694	1000
5	901	852	695	1001
5	821	623	820	1002
5	599	414	500	1003
5	627	416	626	1004
5	626	416	353	1005
5	706	581	654	1006
5	587	396	502	1007
5	503	490	434	1008
5	503	434	443	1009
5	504	489	361	1010
5	504	361	392	1011
5	571	339	315	1012
5	572	311	339	1013
5	506	438	199	1014
5	943	917	743	1015
5	685	503	508	1016
5	910	681	850	1017
5	654	485	653	1018
5	987	801	800	1019
5	663	578	452	1020
5	852	663	695	1021
5	1199	1020	1198	1022
5	724	647	525	1023
5	698	578	663	1024
5	722	632	656	1025
5	859	692	847	1026
5	525	281	512	1027
5	513	512	350	1028
5	513	350	266	1029
5	566	335	303	1030
5	516	447	250	1031
5	1219	658	1080	1032
5	515	199	340	1033
5	1038	845	780	1034
5	551	303	442	1035
5	668	256	517	1036
5	868	661	515	1037
5	543	517	293	1038
5	518	319	262	1039
5	584	362	583	1040
5	527	355	519	1041
5	545	297	544	1042
5	631	296	422	1043
5	740	652	455	1044
5	752	552	665	1045
5	531	278	317	1046
5	522	317	276	1047
5	616	405	615	1048
5	782	584	583	1049
5	524	518	262	1050
5	524	262	263	1051
5	525	465	269	1052
5	525	269	281	1053
5	549	304	548	1054
5	757	556	756	1055
5	839	593	683	1056
5	591	378	527	1057
5	665	552	534	1058
5	742	696	468	1059
5	637	432	636	1060
5	637	373	432	1061
5	530	522	276	1062
5	530	276	286	1063
5	874	700	731	1064
5	747	544	700	1065
5	673	662	514	1066
5	773	505	699	1067
5	829	631	630	1068
5	765	565	564	1069
5	553	535	282	1070
5	537	287	323	1071
5	553	309	552	1072
5	537	323	535	1073
5	567	335	566	1074
5	566	303	551	1075
5	760	560	672	1076
5	744	542	541	1077
5	559	539	288	1078
5	558	289	538	1079
5	559	324	558	1080
5	759	559	758	1081
5	554	310	448	1082
5	554	469	310	1083
5	561	329	560	1084
5	542	292	541	1085
5	674	522	530	1086
5	1017	828	748	1087
5	889	758	728	1088
5	1528	1266	1364	1089
5	545	299	297	1090
5	630	422	298	1091
5	748	546	545	1092
5	546	299	545	1093
5	844	714	471	1094
5	630	298	546	1095
5	547	536	301	1096
5	547	301	318	1097
5	549	285	304	1098
5	549	526	285	1099
5	700	544	472	1100
5	715	678	458	1101
5	569	338	306	1102
5	570	254	338	1103
5	751	551	644	1104
5	567	516	250	1105
5	553	282	309	1106
5	552	309	283	1107
5	745	459	542	1108
5	672	560	470	1109
5	780	577	574	1110
5	776	573	466	1111
5	562	331	313	1112
5	563	300	331	1113
5	763	562	762	1114
5	738	473	532	1115
5	565	333	564	1116
5	642	316	557	1117
5	559	288	324	1118
5	558	324	289	1119
5	679	518	524	1120
5	753	553	752	1121
5	561	260	329	1122
5	560	329	265	1123
5	746	518	679	1124
5	734	528	733	1125
5	953	769	768	1126
5	563	331	562	1127
5	846	453	646	1128
5	699	505	469	1129
5	565	294	333	1130
5	564	333	314	1131
5	777	574	573	1132
5	845	646	577	1133
5	1086	856	1051	1134
5	723	511	579	1135
5	723	579	671	1136
5	669	456	511	1137
5	568	467	337	1138
5	568	337	446	1139
5	761	744	541	1140
5	570	338	569	1141
5	750	549	749	1142
5	1667	1374	1548	1143
5	1136	946	1047	1144
5	572	339	571	1145
5	676	550	461	1146
5	846	649	453	1147
5	773	571	505	1148
5	574	341	573	1149
5	1142	954	953	1150
5	577	327	574	1151
5	576	305	343	1152
5	576	461	305	1153
5	1037	714	844	1154
5	829	651	631	1155
5	1039	846	845	1156
5	646	344	577	1157
5	578	513	266	1158
5	578	266	347	1159
5	579	511	336	1160
5	579	336	445	1161
5	790	594	690	1162
5	633	351	627	1163
5	581	492	430	1164
5	581	430	431	1165
5	582	487	357	1166
5	582	357	349	1167
5	584	358	362	1168
5	589	363	377	1169
5	712	495	493	1170
5	585	358	584	1171
5	688	494	486	1172
5	589	377	585	1173
5	586	502	359	1174
5	586	359	368	1175
5	1092	867	661	1176
5	802	703	480	1177
5	592	366	395	1178
5	606	392	366	1179
5	1030	905	688	1180
5	590	363	589	1181
5	840	641	640	1182
5	1154	968	910	1183
5	803	605	703	1184
5	638	364	591	1185
5	789	592	588	1186
5	606	366	592	1187
5	640	437	370	1188
5	641	365	437	1189
5	595	352	372	1190
5	594	372	427	1191
5	794	500	718	1192
5	796	481	600	1193
5	787	519	590	1194
5	838	688	486	1195
5	597	596	374	1196
5	597	374	428	1197
5	598	500	379	1198
5	598	379	411	1199
5	793	596	792	1200
5	600	380	599	1201
5	821	624	623	1202
5	793	712	493	1203
5	612	602	386	1204
5	613	403	387	1205
5	611	389	604	1206
5	603	404	602	1207
5	683	593	488	1208
5	613	387	603	1209
5	611	401	389	1210
5	612	386	401	1211
5	609	399	391	1212
5	610	388	399	1213
5	681	586	492	1214
5	707	491	655	1215
5	803	609	605	1216
5	608	397	607	1217
5	840	640	839	1218
5	983	798	789	1219
5	708	489	504	1220
5	610	399	609	1221
5	812	615	684	1222
5	684	615	479	1223
5	810	614	613	1224
5	612	401	611	1225
5	1032	840	839	1226
5	801	608	607	1227
5	709	489	708	1228
5	614	403	613	1229
5	788	527	732	1230
5	682	487	582	1231
5	616	381	405	1232
5	620	264	408	1233
5	1026	834	1025	1234
5	619	381	616	1235
5	618	349	407	1236
5	618	582	349	1237
5	686	487	682	1238
5	782	583	686	1239
5	732	527	519	1240
5	620	408	619	1241
5	787	732	519	1242
5	785	589	585	1243
5	687	597	529	1244
5	622	409	621	1245
5	820	623	622	1246
5	623	382	622	1247
5	1001	813	877	1248
5	624	412	623	1249
5	713	496	481	1250
5	702	477	499	1251
5	625	499	415	1252
5	625	415	321	1253
5	781	580	501	1254
5	633	424	351	1255
5	911	702	902	1256
5	721	477	702	1257
5	826	628	825	1258
5	629	420	628	1259
5	827	733	463	1260
5	883	666	729	1261
5	651	520	631	1262
5	631	422	630	1263
5	715	497	714	1264
5	740	455	533	1265
5	632	510	423	1266
5	632	423	418	1267
5	791	595	790	1268
5	831	478	633	1269
5	718	500	598	1270
5	796	713	481	1271
5	831	633	830	1272
5	1007	819	818	1273
5	637	529	373	1274
5	636	432	376	1275
5	813	618	617	1276
5	836	638	591	1277
5	797	603	602	1278
5	639	436	638	1279
5	811	705	482	1280
5	705	684	479	1281
5	903	684	705	1282
5	641	437	640	1283
5	654	581	485	1284
5	817	730	523	1285
5	649	575	453	1286
5	643	441	642	1287
5	778	575	649	1288
5	770	550	676	1289
5	644	551	442	1290
5	644	442	307	1291
5	645	579	445	1292
5	645	445	348	1293
5	950	766	765	1294
5	937	752	855	1295
5	695	452	451	1296
5	1220	1045	1048	1297
5	648	548	474	1298
5	772	648	474	1299
5	778	576	575	1300
5	772	474	570	1301
5	650	476	459	1302
5	745	650	459	1303
5	756	556	520	1304
5	844	471	643	1305
5	735	522	674	1306
5	759	743	539	1307
5	1219	507	658	1308
5	863	685	849	1309
5	1069	983	1031	1310
5	1318	1171	1317	1311
5	719	586	681	1312
5	784	655	587	1313
5	656	632	509	1314
5	721	656	509	1315
5	657	653	490	1316
5	657	490	503	1317
5	658	507	439	1318
5	658	439	440	1319
5	691	438	659	1320
5	691	440	438	1321
5	1063	942	889	1322
5	909	891	678	1323
5	668	255	256	1324
5	868	515	726	1325
5	662	547	514	1326
5	1115	1079	873	1327
5	695	451	693	1328
5	1022	694	831	1329
5	664	555	464	1330
5	738	532	737	1331
5	696	538	468	1332
5	666	524	460	1333
5	728	538	696	1334
5	758	558	728	1335
5	667	617	457	1336
5	730	667	457	1337
5	853	517	660	1338
5	727	255	668	1339
5	673	514	467	1340
5	675	456	669	1341
5	1018	829	828	1342
5	672	470	670	1343
5	723	669	511	1344
5	1012	781	976	1345
5	1086	951	856	1346
5	1040	875	649	1347
5	680	568	675	1348
5	680	467	568	1349
5	735	531	522	1350
5	739	533	475	1351
5	680	673	467	1352
5	915	856	725	1353
5	779	576	778	1354
5	779	676	461	1355
5	677	674	530	1356
5	677	530	462	1357
5	678	670	454	1358
5	678	454	458	1359
5	896	666	883	1360
5	1134	943	1133	1361
5	856	751	725	1362
5	915	701	871	1363
5	719	502	586	1364
5	784	502	719	1365
5	814	618	813	1366
5	814	582	618	1367
5	841	588	641	1368
5	703	605	480	1369
5	993	807	806	1370
5	704	604	601	1371
5	867	659	506	1372
5	720	685	508	1373
5	1028	837	836	1374
5	838	486	639	1375
5	710	494	688	1376
5	711	687	529	1377
5	710	636	494	1378
5	999	903	705	1379
5	818	495	712	1380
5	819	622	621	1381
5	832	496	713	1382
5	1202	1024	1023	1383
5	720	508	507	1384
5	691	658	440	1385
5	692	671	645	1386
5	692	645	465	1387
5	695	663	452	1388
5	1267	1109	914	1389
5	823	580	781	1390
5	830	633	627	1391
5	1107	902	1054	1392
5	901	695	693	1393
5	728	558	538	1394
5	729	666	460	1395
5	697	664	464	1396
5	697	464	473	1397
5	724	512	698	1398
5	724	525	512	1399
5	755	554	754	1400
5	716	466	498	1401
5	747	545	544	1402
5	828	630	546	1403
5	725	644	536	1404
5	738	697	473	1405
5	1198	1020	1013	1406
5	864	693	722	1407
5	805	704	601	1408
5	806	604	704	1409
5	804	609	803	1410
5	1366	1224	1264	1411
5	809	603	797	1412
5	995	808	994	1413
5	706	681	492	1414
5	706	492	581	1415
5	707	683	488	1416
5	707	488	491	1417
5	709	484	489	1418
5	802	480	608	1419
5	995	797	808	1420
5	800	484	709	1421
5	991	805	804	1422
5	993	806	880	1423
5	865	812	684	1424
5	1002	812	865	1425
5	818	621	495	1426
5	820	622	819	1427
5	832	634	496	1428
5	833	635	634	1429
5	715	458	497	1430
5	714	497	471	1431
5	925	739	736	1432
5	921	735	674	1433
5	774	571	773	1434
5	775	716	498	1435
5	717	702	499	1436
5	717	499	625	1437
5	794	599	500	1438
5	795	600	599	1439
5	910	719	681	1440
5	1032	839	879	1441
5	1070	1032	879	1442
5	1068	857	863	1443
5	1021	831	830	1444
5	1026	884	690	1445
5	722	693	510	1446
5	722	510	632	1447
5	1253	1102	1225	1448
5	1258	1059	1082	1449
5	1221	1059	852	1450
5	1057	698	663	1451
5	954	737	769	1452
5	1060	913	859	1453
5	1222	1093	868	1454
5	1061	888	932	1455
5	727	726	340	1456
5	727	340	255	1457
5	893	670	891	1458
5	930	745	744	1459
5	922	735	921	1460
5	1289	1124	1064	1461
5	815	616	812	1462
5	1062	900	905	1463
5	731	700	472	1464
5	731	472	526	1465
5	788	591	527	1466
5	837	639	638	1467
5	734	462	528	1468
5	733	528	463	1469
5	941	757	756	1470
5	1015	826	1014	1471
5	855	752	665	1472
5	736	531	735	1473
5	938	753	937	1474
5	739	475	736	1475
5	767	551	751	1476
5	875	778	649	1477
5	958	872	648	1478
5	960	774	959	1479
5	929	742	928	1480
5	740	533	739	1481
5	1407	1228	1294	1482
5	1810	1652	1504	1483
5	742	468	537	1484
5	741	537	535	1485
5	855	665	854	1486
5	1014	826	825	1487
5	743	729	521	1488
5	743	521	539	1489
5	761	561	760	1490
5	745	542	744	1491
5	1019	651	829	1492
5	935	750	749	1493
5	1139	941	1076	1494
5	1120	854	927	1495
5	931	650	745	1496
5	748	545	747	1497
5	1014	825	869	1498
5	828	546	748	1499
5	750	526	549	1500
5	750	731	526	1501
5	920	885	677	1502
5	927	652	740	1503
5	767	566	551	1504
5	769	516	567	1505
5	753	535	553	1506
5	752	553	552	1507
5	929	916	696	1508
5	1213	1035	1212	1509
5	755	469	554	1510
5	755	699	469	1511
5	948	754	764	1512
5	939	755	754	1513
5	757	564	556	1514
5	766	557	565	1515
5	941	756	851	1516
5	765	564	757	1517
5	759	539	559	1518
5	758	559	558	1519
5	1120	1085	854	1520
5	922	736	735	1521
5	761	541	561	1522
5	760	561	560	1523
5	956	771	770	1524
5	935	749	872	1525
5	763	563	562	1526
5	764	540	563	1527
5	959	774	773	1528
5	764	563	763	1529
5	963	777	776	1530
5	961	775	960	1531
5	891	670	678	1532
5	766	565	765	1533
5	1035	843	842	1534
5	842	557	766	1535
5	915	725	701	1536
5	768	566	767	1537
5	948	939	754	1538
5	769	567	768	1539
5	947	763	946	1540
5	1040	649	846	1541
5	872	749	648	1542
5	771	569	770	1543
5	956	770	955	1544
5	772	570	771	1545
5	965	778	875	1546
5	957	772	771	1547
5	774	572	571	1548
5	775	572	774	1549
5	952	767	951	1550
5	859	671	692	1551
5	871	701	662	1552
5	923	738	737	1553
5	873	664	697	1554
5	777	573	776	1555
5	873	848	664	1556
5	780	574	777	1557
5	779	461	576	1558
5	933	747	700	1559
5	1127	935	1067	1560
5	934	748	747	1561
5	946	763	762	1562
5	845	577	780	1563
5	823	626	580	1564
5	824	627	626	1565
5	783	585	584	1566
5	786	590	589	1567
5	1029	838	837	1568
5	785	585	783	1569
5	986	709	904	1570
5	985	904	708	1571
5	967	782	858	1572
5	786	589	785	1573
5	970	783	967	1574
5	787	590	786	1575
5	900	835	710	1576
5	973	732	787	1577
5	1011	689	822	1578
5	836	591	788	1579
5	798	606	592	1580
5	799	504	606	1581
5	791	501	595	1582
5	790	595	594	1583
5	1008	820	819	1584
5	1020	830	824	1585
5	793	493	596	1586
5	792	596	597	1587
5	1027	836	788	1588
5	906	835	900	1589
5	981	795	980	1590
5	795	599	794	1591
5	1020	824	1013	1592
5	796	600	795	1593
5	975	791	790	1594
5	976	791	975	1595
5	809	613	603	1596
5	811	482	614	1597
5	1081	850	876	1598
5	799	606	798	1599
5	969	862	655	1600
5	1257	1081	1239	1601
5	898	803	703	1602
5	801	607	800	1603
5	904	709	708	1604
5	802	608	801	1605
5	878	707	862	1606
5	998	811	810	1607
5	804	610	609	1608
5	805	601	610	1609
5	880	806	704	1610
5	805	610	804	1611
5	989	898	703	1612
5	1078	857	1068	1613
5	807	612	611	1614
5	808	602	612	1615
5	1209	1029	1208	1616
5	808	612	807	1617
5	1182	1002	1073	1618
5	877	813	667	1619
5	1253	1056	1102	1620
5	810	613	809	1621
5	1004	817	816	1622
5	811	614	810	1623
5	903	865	684	1624
5	1159	972	971	1625
5	815	619	616	1626
5	817	523	620	1627
5	814	682	582	1628
5	971	786	785	1629
5	882	792	687	1630
5	1102	1056	901	1631
5	879	683	878	1632
5	816	619	815	1633
5	1002	815	812	1634
5	817	620	816	1635
5	907	882	687	1636
5	1006	818	712	1637
5	977	793	792	1638
5	819	621	818	1639
5	1025	834	833	1640
5	822	624	821	1641
5	1025	833	1024	1642
5	822	483	624	1643
5	1012	823	781	1644
5	975	790	884	1645
5	979	718	881	1646
5	981	796	795	1647
5	1013	823	1012	1648
5	979	794	718	1649
5	976	781	791	1650
5	830	627	824	1651
5	826	629	628	1652
5	827	463	629	1653
5	1019	829	1018	1654
5	827	629	826	1655
5	869	825	650	1656
5	894	760	672	1657
5	949	757	941	1658
5	829	630	828	1659
5	1037	908	714	1660
5	1145	955	1144	1661
5	1056	852	901	1662
5	911	721	702	1663
5	901	693	864	1664
5	902	717	860	1665
5	982	796	981	1666
5	833	634	832	1667
5	977	792	882	1668
5	834	635	833	1669
5	967	783	782	1670
5	1104	907	906	1671
5	835	711	637	1672
5	835	637	636	1673
5	978	712	793	1674
5	837	638	836	1675
5	1030	688	838	1676
5	838	639	837	1677
5	1003	815	1002	1678
5	878	683	707	1679
5	1367	1092	1265	1680
5	841	641	840	1681
5	984	798	983	1682
5	841	789	588	1683
5	1226	1090	1156	1684
5	876	706	654	1685
5	921	674	885	1686
5	843	642	842	1687
5	931	869	650	1688
5	844	643	843	1689
5	894	672	893	1690
5	909	715	908	1691
5	870	773	699	1692
5	846	646	845	1693
5	961	716	775	1694
5	959	773	870	1695
5	847	692	647	1696
5	914	647	724	1697
5	848	762	664	1698
5	1138	1131	939	1699
5	1044	691	659	1700
5	1686	1371	1519	1701
5	1154	910	1049	1702
5	857	653	657	1703
5	851	756	651	1704
5	1148	872	958	1705
5	1082	724	1058	1706
5	914	847	647	1707
5	1506	863	1042	1708
5	1083	726	727	1709
5	854	665	652	1710
5	927	854	652	1711
5	1101	891	909	1712
5	1260	1100	1228	1713
5	954	923	737	1714
5	1308	1152	1307	1715
5	876	850	706	1716
5	887	653	857	1717
5	858	782	686	1718
5	899	858	686	1719
5	1231	1045	1220	1720
5	1507	1408	1431	1721
5	860	717	694	1722
5	1336	1191	1335	1723
5	1369	1220	1271	1724
5	1598	1554	1440	1725
5	968	719	910	1726
5	1156	862	969	1727
5	863	857	657	1728
5	863	657	685	1729
5	1162	975	884	1730
5	1167	980	1166	1731
5	1005	918	730	1732
5	1278	1105	1104	1733
5	866	864	722	1734
5	866	722	656	1735
5	1406	1093	1222	1736
5	1264	1224	1078	1737
5	1527	1061	932	1738
5	1371	888	1227	1739
5	1016	919	733	1740
5	885	674	677	1741
5	940	755	939	1742
5	962	716	961	1743
5	1140	952	951	1744
5	1094	890	1041	1745
5	1217	875	1040	1746
5	955	770	676	1747
5	924	738	923	1748
5	924	697	738	1749
5	936	750	935	1750
5	933	700	874	1751
5	1150	960	1149	1752
5	958	648	772	1753
5	1171	985	1170	1754
5	1155	968	1154	1755
5	1077	905	1030	1756
5	899	686	682	1757
5	879	839	683	1758
5	1033	840	1032	1759
5	1078	887	857	1760
5	1171	904	985	1761
5	990	803	898	1762
5	996	797	995	1763
5	881	718	689	1764
5	1011	881	689	1765
5	1006	712	978	1766
5	1010	822	821	1767
5	1135	945	944	1768
5	917	883	729	1769
5	980	794	979	1770
5	1024	833	832	1771
5	920	734	919	1772
5	925	736	922	1773
5	1508	720	886	1774
5	886	720	507	1775
5	887	876	654	1776
5	887	654	653	1777
5	932	679	896	1778
5	932	746	679	1779
5	917	729	743	1780
5	942	758	889	1781
5	890	871	662	1782
5	890	662	673	1783
5	893	672	670	1784
5	945	930	744	1785
5	892	861	669	1786
5	892	669	723	1787
5	1113	921	885	1788
5	944	760	894	1789
5	1046	944	894	1790
5	1195	1111	919	1791
5	895	890	673	1792
5	895	673	680	1793
5	932	888	746	1794
5	896	679	666	1795
5	897	895	680	1796
5	897	680	675	1797
5	990	804	803	1798
5	992	704	805	1799
5	1071	1000	1001	1800
5	1206	1027	974	1801
5	906	711	835	1802
5	907	687	711	1803
5	1108	1055	912	1804
5	1221	852	1056	1805
5	912	656	721	1806
5	912	721	911	1807
5	994	807	993	1808
5	1180	996	1179	1809
5	986	800	709	1810
5	989	703	802	1811
5	905	900	710	1812
5	905	710	688	1813
5	1190	881	1011	1814
5	907	711	906	1815
5	1187	1009	1008	1816
5	1165	978	977	1817
5	909	678	715	1818
5	908	715	714	1819
5	1123	1066	931	1820
5	1119	927	926	1821
5	968	784	719	1822
5	969	655	784	1823
5	1335	1163	1313	1824
5	912	866	656	1825
5	1229	1087	1109	1826
5	1205	884	1026	1827
5	913	892	723	1828
5	913	723	671	1829
5	1091	864	866	1830
5	1060	1050	913	1831
5	1269	1140	1086	1832
5	1151	961	1150	1833
5	916	889	728	1834
5	916	728	696	1835
5	943	759	942	1836
5	1228	1100	1134	1837
5	918	877	667	1838
5	918	667	730	1839
5	920	677	734	1840
5	919	734	733	1841
5	1144	964	1095	1842
5	1217	1096	875	1843
5	1146	957	956	1844
5	926	740	739	1845
5	1238	1076	1197	1846
5	1195	919	1016	1847
5	924	873	697	1848
5	1321	1177	1176	1849
5	1153	966	963	1850
5	1290	1128	1247	1851
5	1283	1112	1111	1852
5	926	739	925	1853
5	1121	929	928	1854
5	927	740	926	1855
5	1129	937	1065	1856
5	1085	855	854	1857
5	929	696	742	1858
5	928	742	741	1859
5	1063	889	1043	1860
5	1133	942	1063	1861
5	945	761	944	1862
5	931	745	930	1863
5	1123	930	945	1864
5	1065	937	855	1865
5	1286	1117	1284	1866
5	1604	1461	1460	1867
5	1283	1113	1112	1868
5	934	747	933	1869
5	1194	1016	1015	1870
5	1017	748	934	1871
5	936	731	750	1872
5	936	874	731	1873
5	1125	933	874	1874
5	1139	949	941	1875
5	938	741	753	1876
5	937	753	752	1877
5	1130	1121	928	1878
5	1227	888	1061	1879
5	940	699	755	1880
5	940	870	699	1881
5	1131	940	939	1882
5	1052	959	870	1883
5	949	765	757	1884
5	1034	842	766	1885
5	943	743	759	1886
5	942	759	758	1887
5	1368	1227	1061	1888
5	1124	932	896	1889
5	945	744	761	1890
5	944	761	760	1891
5	1117	925	922	1892
5	1123	945	1135	1893
5	947	764	763	1894
5	948	764	947	1895
5	1297	1136	1244	1896
5	1106	908	1037	1897
5	1095	964	965	1898
5	1304	1144	1240	1899
5	1149	960	959	1900
5	950	765	949	1901
5	1320	1176	1175	1902
5	1034	766	950	1903
5	952	768	767	1904
5	953	768	952	1905
5	1089	892	1050	1906
5	1282	1094	1236	1907
5	1430	1280	1373	1908
5	954	769	953	1909
5	1137	947	1136	1910
5	1151	962	961	1911
5	1146	956	1145	1912
5	1212	950	1139	1913
5	1152	962	1151	1914
5	957	771	956	1915
5	1197	1017	1196	1916
5	958	772	957	1917
5	1340	1126	1290	1918
5	1196	1017	934	1919
5	960	775	774	1920
5	962	776	716	1921
5	1110	1051	915	1922
5	963	776	962	1923
5	1094	871	890	1924
5	966	780	777	1925
5	1140	951	1086	1926
5	1425	1282	1370	1927
5	1079	1047	848	1928
5	966	777	963	1929
5	964	955	676	1930
5	964	676	779	1931
5	965	964	779	1932
5	965	779	778	1933
5	1298	1293	1131	1934
5	1038	780	966	1935
5	970	785	783	1936
5	972	787	786	1937
5	1169	983	1069	1938
5	969	784	968	1939
5	1173	987	986	1940
5	1090	878	862	1941
5	1182	1003	1002	1942
5	971	785	970	1943
5	1183	918	1005	1944
5	972	786	971	1945
5	1259	1087	1229	1946
5	973	787	972	1947
5	1179	995	994	1948
5	974	732	973	1949
5	1074	880	1178	1950
5	1027	788	974	1951
5	1185	1007	1006	1952
5	1013	824	823	1953
5	1347	1201	1346	1954
5	1343	1199	1198	1955
5	1172	986	904	1956
5	1007	818	1006	1957
5	1160	973	972	1958
5	1008	819	1007	1959
5	980	795	794	1960
5	982	713	796	1961
5	1168	981	1167	1962
5	1023	832	713	1963
5	1191	1012	976	1964
5	1205	1162	884	1965
5	1332	1188	1331	1966
5	1023	713	982	1967
5	984	799	798	1968
5	985	708	799	1969
5	1310	1226	1156	1970
5	985	799	984	1971
5	1318	1173	1172	1972
5	1176	989	1175	1973
5	1169	984	983	1974
5	987	800	986	1975
5	1178	991	1177	1976
5	988	801	987	1977
5	1177	991	990	1978
5	989	802	988	1979
5	1174	988	987	1980
5	1310	1156	1155	1981
5	1181	1073	903	1982
5	991	804	990	1983
5	1175	989	988	1984
5	992	805	991	1985
5	1170	984	1169	1986
5	1157	970	967	1987
5	994	808	807	1988
5	999	705	811	1989
5	1172	904	1171	1990
5	997	810	809	1991
5	1161	974	973	1992
5	1207	1028	1027	1993
5	1075	967	858	1994
5	997	809	996	1995
5	1101	1046	893	1996
5	998	810	997	1997
5	1584	1430	1509	1998
5	999	811	998	1999
5	1073	865	903	2000
5	1183	1098	918	2001
5	1000	899	682	2002
5	1000	682	814	2003
5	1001	1000	814	2004
5	1001	814	813	2005
5	1003	816	815	2006
5	1005	730	817	2007
5	1181	903	999	2008
5	1004	816	1003	2009
5	1178	880	992	2010
5	1005	817	1004	2011
5	1073	1002	865	2012
5	1183	1004	1182	2013
5	1189	1011	1010	2014
5	1009	821	820	2015
5	1104	906	1103	2016
5	1334	1250	1053	2017
5	1166	980	979	2018
5	1009	820	1008	2019
5	1203	1025	1024	2020
5	1010	821	1009	2021
5	1191	976	1163	2022
5	1011	822	1010	2023
5	1166	979	1053	2024
5	1168	982	981	2025
5	1192	1013	1012	2026
5	1021	830	1020	2027
5	1201	982	1168	2028
5	1022	831	1021	2029
5	1015	827	826	2030
5	1016	733	827	2031
5	1046	894	893	2032
5	1016	827	1015	2033
5	1212	1034	950	2034
5	1128	936	1127	2035
5	1135	944	1046	2036
5	1018	828	1017	2037
5	1106	1101	909	2038
5	1019	851	651	2039
5	1076	941	851	2040
5	1212	1035	1034	2041
5	1415	1056	1253	2042
5	1163	975	1162	2043
5	1349	1203	1348	2044
5	1022	860	694	2045
5	1091	866	1055	2046
5	1055	866	912	2047
5	1192	1012	1191	2048
5	1024	832	1023	2049
5	1164	977	882	2050
5	1026	690	834	2051
5	1184	1006	978	2052
5	1103	900	1062	2053
5	1179	996	995	2054
5	1105	882	907	2055
5	1072	899	1000	2056
5	1028	836	1027	2057
5	1180	998	997	2058
5	1029	837	1028	2059
5	1105	907	1104	2060
5	1030	838	1029	2061
5	1103	906	900	2062
5	1188	1010	1009	2063
5	1031	983	789	2064
5	1031	789	841	2065
5	1033	841	840	2066
5	1033	1031	841	2067
5	1355	1211	1210	2068
5	1517	1470	1397	2069
5	1076	851	1019	2070
5	1035	842	1034	2071
5	1118	926	925	2072
5	1036	843	1035	2073
5	1066	869	931	2074
5	1037	844	1036	2075
5	1085	1065	855	2076
5	1122	929	1121	2077
5	1136	947	946	2078
5	1039	845	1038	2079
5	1214	1038	966	2080
5	1040	846	1039	2081
5	1149	959	1052	2082
5	1216	1040	1039	2083
5	1050	892	913	2084
5	1422	1270	1246	2085
5	1042	863	849	2086
5	1044	659	867	2087
5	1436	1289	1260	2088
5	1122	916	929	2089
5	1256	691	1044	2090
5	1080	658	691	2091
5	1045	1041	895	2092
5	1045	895	897	2093
5	1101	893	891	2094
5	1106	1037	1213	2095
5	1047	946	848	2096
5	1273	1051	1110	2097
5	1048	1045	897	2098
5	1048	897	861	2099
5	1049	910	850	2100
5	1326	1073	1181	2101
5	1089	861	892	2102
5	1089	1048	861	2103
5	1143	923	954	2104
5	1079	848	873	2105
5	1132	940	1131	2106
5	1290	1126	1125	2107
5	1053	979	881	2108
5	1190	1053	881	2109
5	1054	902	860	2110
5	1200	1088	1022	2111
5	1108	911	1107	2112
5	1270	1050	1246	2113
5	1102	864	1091	2114
5	1102	901	864	2115
5	1058	698	1057	2116
5	1058	724	698	2117
5	1082	914	724	2118
5	1258	1057	1059	2119
5	1059	1057	663	2120
5	1059	663	852	2121
5	1246	1050	1060	2122
5	1345	1200	1344	2123
5	1356	1243	1212	2124
5	1124	896	1064	2125
5	1405	1310	1376	2126
5	1077	1062	905	2127
5	1064	896	883	2128
5	1294	1133	1223	2129
5	1443	1295	1377	2130
5	1134	917	943	2131
5	1193	1015	1014	2132
5	1338	1195	1194	2133
5	1111	920	919	2134
5	1066	1014	869	2135
5	1067	935	872	2136
5	1148	1067	872	2137
5	1097	887	1078	2138
5	1081	1049	850	2139
5	1210	1032	1070	2140
5	1211	1031	1033	2141
5	1210	1033	1032	2142
5	1211	1069	1031	2143
5	1249	1079	1248	2144
5	1157	967	1075	2145
5	1312	1160	1311	2146
5	1072	1000	1071	2147
5	1071	1001	877	2148
5	1182	1004	1003	2149
5	1181	998	1180	2150
5	1074	994	993	2151
5	1072	1075	858	2152
5	1378	1232	1353	2153
5	1139	950	949	2154
5	1127	936	935	2155
5	1158	970	1157	2156
5	1208	1029	1028	2157
5	1323	1074	1322	2158
5	1239	1097	1224	2159
5	1141	952	1140	2160
5	1231	1041	1045	2161
5	1550	1367	1265	2162
5	1754	1607	1753	2163
5	1126	933	1125	2164
5	1197	1018	1017	2165
5	1267	914	1082	2166
5	1281	1235	1055	2167
5	1289	1064	1260	2168
5	1233	867	1092	2169
5	1268	727	1084	2170
5	1084	727	668	2171
5	1112	920	1111	2172
5	1563	1452	1533	2173
5	1411	1259	1375	2174
5	1115	873	924	2175
5	1087	1060	859	2176
5	1087	859	847	2177
5	1088	1054	860	2178
5	1088	860	1022	2179
5	1449	1304	1448	2180
5	1303	1116	1143	2181
5	1099	879	878	2182
5	1099	1070	879	2183
5	1277	1103	1062	2184
5	1072	858	899	2185
5	1233	1044	867	2186
5	1222	868	1083	2187
5	1093	1092	661	2188
5	1093	661	868	2189
5	1110	915	871	2190
5	1270	1089	1050	2191
5	1144	955	964	2192
5	1145	956	955	2193
5	1096	1095	965	2194
5	1096	965	875	2195
5	1097	1081	876	2196
5	1097	876	887	2197
5	1098	1071	877	2198
5	1098	877	918	2199
5	1354	1070	1275	2200
5	1318	1172	1171	2201
5	1100	1064	883	2202
5	1100	883	917	2203
5	1262	1075	1072	2204
5	1382	1351	1350	2205
5	1179	994	1074	2206
5	1074	993	880	2207
5	1352	1207	1206	2208
5	1164	882	1105	2209
5	1322	1178	1316	2210
5	1165	977	1164	2211
5	1276	1071	1272	2212
5	1184	978	1165	2213
5	1106	909	908	2214
5	1357	1213	1243	2215
5	1108	912	911	2216
5	1107	911	902	2217
5	1721	1375	1577	2218
5	1383	1234	1254	2219
5	1109	1087	847	2220
5	1109	847	914	2221
5	1384	1220	1369	2222
5	1269	1086	1230	2223
5	1112	885	920	2224
5	1114	922	921	2225
5	1284	1117	1114	2226
5	1113	885	1112	2227
5	1338	1194	1193	2228
5	1114	921	1113	2229
5	1339	1283	1111	2230
5	1117	922	1114	2231
5	1385	1247	1306	2232
5	1141	953	952	2233
5	1116	1115	924	2234
5	1116	924	923	2235
5	1242	1065	1085	2236
5	1118	925	1117	2237
5	1389	1223	1237	2238
5	1119	926	1118	2239
5	1292	1130	1291	2240
5	1120	927	1119	2241
5	1439	1416	1288	2242
5	1255	1043	1122	2243
5	1130	938	1129	2244
5	1122	1043	916	2245
5	1433	1380	1286	2246
5	1589	1438	1510	2247
5	1123	931	930	2248
5	1193	1014	1066	2249
5	1286	1118	1117	2250
5	1287	1119	1286	2251
5	1126	934	933	2252
5	1197	1076	1019	2253
5	1295	1123	1135	2254
5	1196	934	1126	2255
5	1128	874	936	2256
5	1128	1125	874	2257
5	1452	1357	1387	2258
5	1450	1293	1446	2259
5	1130	928	938	2260
5	1129	938	937	2261
5	1337	1066	1296	2262
5	1435	1386	1241	2263
5	1132	870	940	2264
5	1132	1052	870	2265
5	1360	1216	1359	2266
5	1240	1144	1095	2267
5	1134	1100	917	2268
5	1133	943	942	2269
5	1511	1222	1420	2270
5	1953	1664	1706	2271
5	1285	1248	1115	2272
5	1245	1052	1293	2273
5	1137	948	947	2274
5	1138	939	948	2275
5	1293	1132	1131	2276
5	1138	948	1137	2277
5	1307	1152	1151	2278
5	1298	1131	1138	2279
5	1299	1076	1238	2280
5	1213	1037	1036	2281
5	1143	954	1142	2282
5	1142	953	1141	2283
5	1300	1141	1140	2284
5	1143	1116	923	2285
5	1557	1381	1552	2286
5	1297	1138	1137	2287
5	1365	1302	1301	2288
5	1586	1525	1380	2289
5	1240	1095	1096	2290
5	1147	958	957	2291
5	1308	1214	1153	2292
5	1245	1150	1149	2293
5	1304	1145	1144	2294
5	1147	957	1146	2295
5	1359	1214	1308	2296
5	1148	958	1147	2297
5	1360	1240	1096	2298
5	1411	1246	1259	2299
5	1150	961	960	2300
5	1152	963	962	2301
5	1305	1146	1304	2302
5	1153	963	1152	2303
5	1305	1148	1147	2304
5	1214	966	1153	2305
5	1359	1216	1215	2306
5	1215	1039	1038	2307
5	1306	1067	1148	2308
5	1307	1151	1150	2309
5	1155	969	968	2310
5	1156	1090	862	2311
5	1515	1080	1256	2312
5	1156	969	1155	2313
5	1899	1755	1754	2314
5	1274	1090	1226	2315
5	1158	971	970	2316
5	1209	1030	1029	2317
5	1232	1062	1077	2318
5	1159	971	1158	2319
5	1259	1060	1087	2320
5	1160	972	1159	2321
5	1329	1272	1098	2322
5	1161	973	1160	2323
5	1348	1203	1202	2324
5	1206	974	1161	2325
5	1163	976	975	2326
5	1199	1021	1020	2327
5	1333	1190	1189	2328
5	1200	1021	1199	2329
5	1277	1104	1103	2330
5	1185	1006	1184	2331
5	1346	1168	1315	2332
5	1186	1008	1007	2333
5	1167	981	980	2334
5	1201	1023	982	2335
5	1315	1168	1167	2336
5	1202	1023	1201	2337
5	1336	1192	1191	2338
5	1203	1024	1202	2339
5	1170	985	984	2340
5	1274	1099	1090	2341
5	1746	1600	1570	2342
5	1173	986	1172	2343
5	1462	1459	1321	2344
5	1174	987	1173	2345
5	1641	1426	1583	2346
5	1175	988	1174	2347
5	1239	1081	1097	2348
5	1176	990	898	2349
5	1355	1210	1354	2350
5	1176	898	989	2351
5	1252	1069	1211	2352
5	1317	1169	1252	2353
5	1317	1171	1170	2354
5	1177	990	1176	2355
5	1252	1169	1069	2356
5	1178	992	991	2357
5	1464	1322	1463	2358
5	1180	997	996	2359
5	1311	1159	1158	2360
5	1181	999	998	2361
5	1272	1071	1098	2362
5	1329	1098	1183	2363
5	1325	1181	1180	2364
5	1316	1178	1177	2365
5	1317	1170	1169	2366
5	1183	1005	1004	2367
5	1276	1072	1071	2368
5	1328	1183	1182	2369
5	1343	1198	1342	2370
5	1259	1246	1060	2371
5	1351	1313	1162	2372
5	1186	1007	1185	2373
5	1331	1186	1330	2374
5	1187	1008	1186	2375
5	1330	1185	1184	2376
5	1188	1009	1187	2377
5	1277	1062	1232	2378
5	1189	1010	1188	2379
5	1620	1456	1475	2380
5	1190	1011	1189	2381
5	1342	1192	1336	2382
5	1330	1186	1185	2383
5	1351	1162	1205	2384
5	1374	1253	1225	2385
5	1280	1107	1234	2386
5	1198	1013	1192	2387
5	1284	1114	1113	2388
5	1194	1015	1193	2389
5	1291	1129	1241	2390
5	1195	1016	1194	2391
5	1241	1129	1065	2392
5	1287	1120	1119	2393
5	1284	1113	1283	2394
5	1197	1019	1018	2395
5	1295	1135	1261	2396
5	1358	1106	1357	2397
5	1234	1107	1054	2398
5	1200	1022	1021	2399
5	1345	1254	1088	2400
5	1344	1199	1343	2401
5	1342	1198	1192	2402
5	1313	1163	1162	2403
5	1335	1191	1163	2404
5	1204	1026	1025	2405
5	1349	1204	1203	2406
5	1350	1205	1204	2407
5	1492	1312	1311	2408
5	1204	1025	1203	2409
5	1263	1157	1075	2410
5	1205	1026	1204	2411
5	1278	1164	1105	2412
5	1346	1201	1168	2413
5	1323	1179	1074	2414
5	1207	1027	1206	2415
5	1314	1184	1165	2416
5	1208	1028	1207	2417
5	1263	1158	1157	2418
5	1209	1077	1030	2419
5	1353	1209	1208	2420
5	1232	1077	1209	2421
5	1319	1175	1174	2422
5	1211	1033	1210	2423
5	1321	1316	1177	2424
5	1324	1179	1323	2425
5	1478	1296	1443	2426
5	1213	1036	1035	2427
5	1370	1282	1236	2428
5	1243	1213	1212	2429
5	1654	1531	1581	2430
5	1215	1038	1214	2431
5	1285	1115	1116	2432
5	1216	1039	1215	2433
5	1384	1231	1220	2434
5	1217	1040	1216	2435
5	1306	1247	1067	2436
5	1247	1127	1067	2437
5	1218	1084	668	2438
5	1218	668	517	2439
5	1521	1233	1367	2440
5	1219	886	507	2441
5	1271	1048	1089	2442
5	1271	1089	1270	2443
5	1403	1082	1059	2444
5	1403	1267	1082	2445
5	1264	1078	1068	2446
5	1260	1064	1100	2447
5	1223	1133	1063	2448
5	1514	1404	1416	2449
5	1224	1097	1078	2450
5	1562	1428	1538	2451
5	1225	1102	1091	2452
5	1235	1225	1091	2453
5	1495	1275	1426	2454
5	1309	1155	1154	2455
5	1420	1083	1268	2456
5	1519	1227	1518	2457
5	1436	1260	1417	2458
5	1439	1292	1438	2459
5	1423	1369	1271	2460
5	1423	1270	1422	2461
5	1236	1041	1231	2462
5	1558	1391	1557	2463
5	1236	1094	1041	2464
5	1273	1230	1051	2465
5	1319	1173	1318	2466
5	1278	1104	1277	2467
5	1684	1662	1401	2468
5	1265	1092	1093	2469
5	1235	1091	1055	2470
5	1476	1313	1382	2471
5	1281	1108	1280	2472
5	1628	1482	1627	2473
5	1365	1303	1302	2474
5	1647	1499	1646	2475
5	1237	1223	1063	2476
5	1237	1063	1043	2477
5	1340	1196	1126	2478
5	1290	1125	1128	2479
5	1251	1154	1049	2480
5	1309	1154	1251	2481
5	1399	1279	1358	2482
5	1247	1128	1127	2483
5	1292	1288	1121	2484
5	1255	1237	1043	2485
5	1242	1120	1287	2486
5	1242	1241	1065	2487
5	1356	1139	1299	2488
5	1261	1135	1046	2489
5	1244	1136	1047	2490
5	1248	1079	1115	2491
5	1293	1052	1132	2492
5	1307	1150	1245	2493
5	1375	1259	1229	2494
5	1391	1230	1381	2495
5	1304	1146	1145	2496
5	1305	1147	1146	2497
5	1249	1047	1079	2498
5	1249	1244	1047	2499
5	1447	1301	1300	2500
5	1568	1412	1564	2501
5	1315	1167	1250	2502
5	1250	1167	1166	2503
5	1559	1402	1080	2504
5	1426	1274	1396	2505
5	1275	1099	1274	2506
5	1319	1174	1173	2507
5	1419	1109	1267	2508
5	1419	1229	1109	2509
5	1254	1234	1054	2510
5	1254	1054	1088	2511
5	1573	1407	1565	2512
5	1438	1291	1386	2513
5	1379	1042	1266	2514
5	1256	1080	691	2515
5	1257	1251	1049	2516
5	1257	1049	1081	2517
5	1258	1082	1058	2518
5	1258	1058	1057	2519
5	1347	1202	1201	2520
5	1330	1184	1314	2521
5	1518	1227	1368	2522
5	1390	1294	1223	2523
5	1622	1443	1526	2524
5	1358	1101	1106	2525
5	1496	1457	1252	2526
5	1263	1075	1262	2527
5	1312	1206	1161	2528
5	1311	1158	1263	2529
5	1527	1368	1061	2530
5	1687	1512	1513	2531
5	1367	1233	1092	2532
5	1266	1042	849	2533
5	1460	1319	1318	2534
5	1664	1518	1368	2535
5	1415	1221	1056	2536
5	1548	1374	1408	2537
5	1530	1268	1084	2538
5	1268	1083	727	2539
5	1391	1269	1230	2540
5	1300	1140	1269	2541
5	1663	1415	1571	2542
5	1271	1220	1048	2543
5	1447	1300	1392	2544
5	1392	1300	1269	2545
5	1276	1262	1072	2546
5	1640	1494	1493	2547
5	1413	1249	1412	2548
5	1381	1230	1273	2549
5	1275	1070	1099	2550
5	1354	1210	1070	2551
5	1460	1318	1458	2552
5	1355	1252	1211	2553
5	1469	1429	1328	2554
5	1464	1323	1322	2555
5	1428	1232	1378	2556
5	1332	1189	1188	2557
5	1250	1166	1053	2558
5	1455	1311	1263	2559
5	1279	1261	1046	2560
5	1279	1046	1101	2561
5	1281	1055	1108	2562
5	1280	1108	1107	2563
5	1431	1281	1430	2564
5	1572	1419	1267	2565
5	1282	1273	1110	2566
5	1282	1110	1094	2567
5	1296	1123	1295	2568
5	1296	1066	1123	2569
5	1301	1141	1300	2570
5	1242	1085	1120	2571
5	1647	1500	1499	2572
5	1286	1119	1118	2573
5	1444	1297	1244	2574
5	1387	1357	1243	2575
5	1443	1296	1295	2576
5	1380	1287	1286	2577
5	1288	1255	1122	2578
5	1288	1122	1121	2579
5	1723	1688	1417	2580
5	1512	1289	1436	2581
5	1437	1247	1385	2582
5	1341	1197	1196	2583
5	1292	1121	1130	2584
5	1291	1130	1129	2585
5	1390	1223	1389	2586
5	1386	1291	1241	2587
5	1297	1137	1136	2588
5	1625	1437	1534	2589
5	1294	1228	1134	2590
5	1294	1134	1133	2591
5	1437	1290	1247	2592
5	1337	1193	1066	2593
5	1441	1338	1337	2594
5	1338	1193	1337	2595
5	1400	1248	1285	2596
5	1298	1138	1297	2597
5	1450	1245	1293	2598
5	1412	1248	1400	2599
5	1356	1212	1139	2600
5	1299	1139	1076	2601
5	1301	1142	1141	2602
5	1302	1143	1142	2603
5	1392	1269	1391	2604
5	1302	1142	1301	2605
5	1303	1285	1116	2606
5	1303	1143	1302	2607
5	1359	1215	1214	2608
5	1245	1149	1052	2609
5	1502	1448	1240	2610
5	1388	1299	1238	2611
5	1480	1290	1437	2612
5	1306	1148	1305	2613
5	1421	1303	1365	2614
5	1448	1304	1240	2615
5	1444	1244	1413	2616
5	1360	1096	1217	2617
5	1479	1432	1283	2618
5	1308	1153	1152	2619
5	1458	1318	1317	2620
5	1310	1155	1309	2621
5	1311	1160	1159	2622
5	1353	1208	1352	2623
5	1602	1455	1454	2624
5	1493	1352	1312	2625
5	1352	1206	1312	2626
5	1312	1161	1160	2627
5	1314	1164	1278	2628
5	1331	1188	1187	2629
5	1314	1165	1164	2630
5	1331	1187	1186	2631
5	1485	1345	1344	2632
5	1348	1202	1347	2633
5	1322	1074	1178	2634
5	1324	1180	1179	2635
5	1395	1224	1366	2636
5	1396	1274	1226	2637
5	2029	1881	2028	2638
5	1321	1176	1320	2639
5	1466	1325	1324	2640
5	1320	1175	1319	2641
5	1463	1322	1316	2642
5	1426	1275	1274	2643
5	1495	1355	1354	2644
5	1463	1316	1459	2645
5	1454	1263	1262	2646
5	1325	1180	1324	2647
5	1454	1262	1424	2648
5	1326	1181	1325	2649
5	1427	1272	1398	2650
5	1327	1182	1073	2651
5	1398	1272	1329	2652
5	1468	1327	1326	2653
5	1467	1326	1325	2654
5	1327	1073	1326	2655
5	1459	1316	1321	2656
5	1328	1182	1327	2657
5	1603	1457	1536	2658
5	1329	1183	1328	2659
5	1489	1347	1488	2660
5	1618	1471	1615	2661
5	1488	1347	1346	2662
5	1333	1189	1332	2663
5	1468	1326	1467	2664
5	1334	1053	1190	2665
5	1458	1317	1457	2666
5	1467	1325	1466	2667
5	1397	1278	1277	2668
5	1334	1190	1333	2669
5	1627	1477	1621	2670
5	1476	1335	1313	2671
5	1617	1475	1474	2672
5	1490	1349	1348	2673
5	1487	1315	1456	2674
5	1345	1088	1200	2675
5	1407	1294	1390	2676
5	1434	1287	1380	2677
5	1339	1195	1338	2678
5	1339	1111	1195	2679
5	1442	1338	1441	2680
5	1478	1441	1337	2681
5	1341	1238	1197	2682
5	1341	1196	1340	2683
5	1418	1261	1279	2684
5	1791	1645	1790	2685
5	1488	1346	1487	2686
5	1344	1200	1199	2687
5	1456	1315	1250	2688
5	1541	1383	1522	2689
5	1487	1346	1315	2690
5	1483	1343	1342	2691
5	1383	1373	1234	2692
5	1572	1267	1403	2693
5	1473	1332	1331	2694
5	1470	1278	1397	2695
5	1475	1456	1250	2696
5	1350	1204	1349	2697
5	1489	1348	1347	2698
5	1351	1205	1350	2699
5	1657	1549	1640	2700
5	1491	1382	1350	2701
5	1382	1313	1351	2702
5	1482	1336	1477	2703
5	1470	1314	1278	2704
5	1352	1208	1207	2705
5	1472	1330	1471	2706
5	1353	1232	1209	2707
5	1474	1333	1332	2708
5	1474	1334	1333	2709
5	1414	1251	1257	2710
5	1560	1516	1376	2711
5	1414	1257	1394	2712
5	1756	1609	1755	2713
5	1498	1387	1243	2714
5	1575	1377	1418	2715
5	1358	1279	1101	2716
5	1357	1106	1213	2717
5	1440	1385	1306	2718
5	1440	1306	1305	2719
5	1449	1440	1305	2720
5	1360	1217	1216	2721
5	1449	1305	1304	2722
5	1412	1249	1248	2723
5	1393	1256	1044	2724
5	1393	1044	1233	2725
5	1652	853	1504	2726
5	1420	1222	1083	2727
5	1363	1362	1218	2728
5	1363	1218	853	2729
5	1364	1266	849	2730
5	1544	849	685	2731
5	1413	1244	1249	2732
5	1446	1298	1445	2733
5	1545	1264	1361	2734
5	1406	1265	1093	2735
5	1658	1591	1592	2736
5	1544	720	1508	2737
5	1512	1372	1289	2738
5	1417	1260	1228	2739
5	1423	1271	1270	2740
5	1422	1246	1411	2741
5	1409	1231	1384	2742
5	1409	1236	1231	2743
5	1504	853	660	2744
5	1505	746	888	2745
5	1578	1084	1362	2746
5	1372	1124	1289	2747
5	1373	1280	1234	2748
5	1484	1344	1343	2749
5	1581	1423	1580	2750
5	1431	1408	1235	2751
5	1630	1485	1484	2752
5	1630	1484	1629	2753
5	1376	1310	1309	2754
5	1453	1309	1251	2755
5	1377	1295	1261	2756
5	1418	1377	1261	2757
5	1636	1491	1490	2758
5	1494	1352	1493	2759
5	1511	1406	1222	2760
5	1555	1404	1514	2761
5	1433	1284	1432	2762
5	1710	1555	1709	2763
5	1552	1425	1520	2764
5	1872	1727	1845	2765
5	1627	1482	1477	2766
5	1483	1342	1482	2767
5	1477	1335	1476	2768
5	1482	1342	1336	2769
5	1409	1370	1236	2770
5	1552	1381	1425	2771
5	1540	1410	1481	2772
5	1645	1387	1498	2773
5	1435	1242	1434	2774
5	1573	1417	1407	2775
5	1497	1299	1388	2776
5	1788	1543	1703	2777
5	1497	1356	1299	2778
5	1498	1243	1356	2779
5	1587	1434	1525	2780
5	1722	1573	1565	2781
5	1586	1433	1585	2782
5	1417	1228	1407	2783
5	1595	1392	1558	2784
5	1447	1365	1301	2785
5	1843	1670	1842	2786
5	1568	1413	1412	2787
5	1503	1401	1402	2788
5	1852	1707	1528	2789
5	1561	1405	1516	2790
5	1453	1251	1414	2791
5	1395	1394	1239	2792
5	1395	1239	1224	2793
5	1876	1731	1676	2794
5	1457	1317	1252	2795
5	1635	1490	1489	2796
5	1634	1488	1633	2797
5	1424	1262	1276	2798
5	1494	1353	1352	2799
5	1624	1432	1479	2800
5	1418	1279	1399	2801
5	1564	1400	1421	2802
5	1446	1293	1298	2803
5	1844	1689	1559	2804
5	1401	886	1219	2805
5	1402	1401	1219	2806
5	1402	1219	1080	2807
5	1403	1059	1221	2808
5	1801	1667	1548	2809
5	1404	1389	1237	2810
5	1404	1237	1255	2811
5	1405	1396	1226	2812
5	1405	1226	1310	2813
5	1706	1368	1527	2814
5	1665	1363	1652	2815
5	1525	1434	1380	2816
5	1590	1514	1416	2817
5	1408	1374	1225	2818
5	1408	1225	1235	2819
5	1593	1445	1444	2820
5	1596	1365	1447	2821
5	1410	1388	1238	2822
5	1410	1238	1341	2823
5	1571	1415	1253	2824
5	1553	1520	1370	2825
5	1595	1447	1392	2826
5	1569	1444	1413	2827
5	1792	1646	1599	2828
5	1534	1437	1385	2829
5	1608	1463	1607	2830
5	1453	1376	1309	2831
5	1571	1253	1374	2832
5	1576	1221	1415	2833
5	1416	1404	1255	2834
5	1416	1255	1288	2835
5	1556	1389	1555	2836
5	1521	1393	1233	2837
5	1586	1380	1433	2838
5	1767	1591	1658	2839
5	1802	1663	1571	2840
5	1702	1509	1541	2841
5	1668	1578	1362	2842
5	1669	1528	1364	2843
5	1421	1400	1285	2844
5	1421	1285	1303	2845
5	1531	1384	1369	2846
5	1581	1369	1423	2847
5	1579	1422	1411	2848
5	1670	1566	1531	2849
5	1582	1427	1532	2850
5	1538	1428	1378	2851
5	1425	1381	1273	2852
5	1425	1273	1282	2853
5	1536	1457	1496	2854
5	1642	1536	1496	2855
5	1427	1424	1276	2856
5	1427	1276	1272	2857
5	1428	1397	1277	2858
5	1428	1277	1232	2859
5	1429	1398	1329	2860
5	1429	1329	1328	2861
5	1431	1235	1281	2862
5	1430	1281	1280	2863
5	1580	1422	1579	2864
5	1548	1408	1507	2865
5	1433	1286	1284	2866
5	1432	1284	1283	2867
5	1768	1623	1767	2868
5	1770	1625	1672	2869
5	1435	1241	1242	2870
5	1434	1242	1287	2871
5	1555	1389	1404	2872
5	1565	1407	1390	2873
5	1542	1394	1395	2874
5	1565	1390	1556	2875
5	1480	1340	1290	2876
5	1481	1341	1340	2877
5	1439	1288	1292	2878
5	1438	1292	1291	2879
5	1803	1709	1739	2880
5	1738	1589	1673	2881
5	1445	1297	1444	2882
5	1500	1359	1308	2883
5	1442	1339	1338	2884
5	1479	1283	1339	2885
5	1591	1442	1441	2886
5	1479	1339	1442	2887
5	1478	1337	1296	2888
5	1598	1449	1597	2889
5	1445	1298	1297	2890
5	1501	1360	1359	2891
5	1646	1451	1599	2892
5	1499	1307	1451	2893
5	1599	1451	1450	2894
5	1500	1308	1499	2895
5	1580	1423	1422	2896
5	1577	1229	1419	2897
5	1451	1245	1450	2898
5	1499	1308	1307	2899
5	1794	1647	1793	2900
5	1804	1716	1791	2901
5	1451	1307	1245	2902
5	1501	1359	1500	2903
5	1599	1450	1523	2904
5	1543	1410	1540	2905
5	1452	1399	1358	2906
5	1452	1358	1357	2907
5	1676	1516	1656	2908
5	1608	1464	1463	2909
5	1562	1517	1397	2910
5	1455	1263	1454	2911
5	1607	1463	1459	2912
5	1492	1311	1455	2913
5	1471	1314	1470	2914
5	1471	1330	1314	2915
5	1495	1354	1275	2916
5	1496	1252	1355	2917
5	1561	1396	1405	2918
5	1604	1460	1537	2919
5	1461	1319	1460	2920
5	1465	1324	1323	2921
5	1461	1320	1319	2922
5	1462	1321	1320	2923
5	1609	1465	1464	2924
5	1462	1320	1461	2925
5	1607	1459	1606	2926
5	1676	1561	1516	2927
5	1611	1467	1466	2928
5	1613	1469	1468	2929
5	1612	1467	1611	2930
5	1465	1323	1464	2931
5	1610	1466	1465	2932
5	1466	1324	1465	2933
5	1606	1462	1605	2934
5	1469	1327	1468	2935
5	1605	1461	1604	2936
5	1469	1328	1327	2937
5	1537	1460	1458	2938
5	1750	1537	1699	2939
5	1640	1493	1639	2940
5	1757	1611	1610	2941
5	1473	1331	1472	2942
5	1472	1331	1330	2943
5	1615	1470	1517	2944
5	1617	1474	1616	2945
5	1636	1490	1635	2946
5	1474	1332	1473	2947
5	1762	1617	1616	2948
5	1582	1424	1427	2949
5	1475	1334	1474	2950
5	1475	1250	1334	2951
5	1606	1459	1462	2952
5	1605	1462	1461	2953
5	1477	1336	1335	2954
5	1486	1345	1485	2955
5	1751	1605	1604	2956
5	1621	1476	1539	2957
5	2080	1934	2079	2958
5	1585	1433	1432	2959
5	1588	1386	1435	2960
5	1650	1448	1502	2961
5	1481	1410	1341	2962
5	1481	1340	1480	2963
5	1543	1388	1410	2964
5	1648	1501	1500	2965
5	1484	1343	1483	2966
5	1485	1344	1484	2967
5	1629	1483	1628	2968
5	1631	1486	1485	2969
5	1628	1483	1482	2970
5	1486	1254	1345	2971
5	1774	1629	1628	2972
5	1486	1383	1254	2973
5	1780	1636	1635	2974
5	1634	1489	1488	2975
5	1562	1397	1428	2976
5	1490	1348	1489	2977
5	1633	1488	1487	2978
5	1491	1350	1349	2979
5	1633	1487	1632	2980
5	1615	1471	1470	2981
5	1752	1606	1605	2982
5	1491	1349	1490	2983
5	1773	1627	1772	2984
5	1621	1477	1476	2985
5	1760	1614	1613	2986
5	1493	1312	1492	2987
5	1601	1424	1582	2988
5	1494	1378	1353	2989
5	1860	1714	1700	2990
5	1616	1474	1473	2991
5	1570	1414	1394	2992
5	1496	1355	1495	2993
5	1807	1570	1653	2994
5	1786	1583	1731	2995
5	1533	1452	1387	2996
5	1498	1356	1497	2997
5	1645	1533	1387	2998
5	1643	1388	1543	2999
5	1649	1502	1501	3000
5	1502	1240	1360	3001
5	1648	1500	1647	3002
5	1569	1413	1568	3003
5	1558	1392	1391	3004
5	1502	1360	1501	3005
5	1524	1421	1365	3006
5	1564	1421	1524	3007
5	1814	1551	1696	3008
5	1515	1256	1393	3009
5	1519	1371	1227	3010
5	1849	1706	1687	3011
5	1505	1504	660	3012
5	1505	660	746	3013
5	1506	1068	863	3014
5	1506	1042	1379	3015
5	1584	1507	1431	3016
5	1541	1509	1373	3017
5	1809	1508	1662	3018
5	1546	1366	1545	3019
5	1584	1431	1430	3020
5	1509	1430	1373	3021
5	1510	1438	1386	3022
5	1588	1510	1386	3023
5	1685	1379	1529	3024
5	1556	1390	1389	3025
5	1810	1504	1505	3026
5	1687	1372	1512	3027
5	1513	1512	1436	3028
5	2136	1943	1816	3029
5	1590	1439	1589	3030
5	1735	1587	1525	3031
5	1559	1080	1515	3032
5	1689	1402	1559	3033
5	1516	1405	1376	3034
5	1867	1688	1723	3035
5	1997	1852	1669	3036
5	1506	1361	1068	3037
5	1695	1521	1367	3038
5	1691	1515	1393	3039
5	1956	1695	1853	3040
5	1951	1693	1848	3041
5	1520	1425	1370	3042
5	1812	1713	1743	3043
5	1948	1817	1818	3044
5	1578	1530	1084	3045
5	1541	1373	1383	3046
5	1522	1383	1486	3047
5	1523	1450	1446	3048
5	1594	1523	1446	3049
5	1593	1444	1569	3050
5	1564	1412	1400	3051
5	1587	1435	1434	3052
5	1588	1435	1587	3053
5	1526	1443	1377	3054
5	1575	1526	1377	3055
5	1527	932	1124	3056
5	1547	1362	1363	3057
5	1529	1266	1528	3058
5	1529	1379	1266	3059
5	1941	1692	1940	3060
5	1690	1361	1506	3061
5	1698	1420	1530	3062
5	1530	1420	1268	3063
5	1553	1370	1409	3064
5	1566	1384	1531	3065
5	1532	1427	1398	3066
5	1614	1535	1429	3067
5	1563	1399	1452	3068
5	1574	1418	1399	3069
5	1626	1540	1481	3070
5	1643	1497	1388	3071
5	1535	1532	1398	3072
5	1535	1398	1429	3073
5	1583	1396	1561	3074
5	1642	1496	1495	3075
5	1751	1604	1750	3076
5	1901	1756	1900	3077
5	1700	1538	1549	3078
5	1639	1493	1492	3079
5	1539	1476	1382	3080
5	1637	1382	1491	3081
5	1626	1480	1625	3082
5	1644	1498	1497	3083
5	1774	1628	1773	3084
5	1909	1765	1908	3085
5	1560	1376	1453	3086
5	1570	1394	1542	3087
5	1703	1543	1540	3088
5	1788	1643	1543	3089
5	1809	1364	1544	3090
5	1544	1364	849	3091
5	1858	1710	1709	3092
5	1545	1366	1264	3093
5	1817	1704	1705	3094
5	1818	1366	1546	3095
5	1527	1124	1372	3096
5	1819	1521	1695	3097
5	1567	1411	1375	3098
5	1579	1411	1567	3099
5	1549	1538	1378	3100
5	1549	1378	1494	3101
5	1853	1550	1697	3102
5	1691	1393	1521	3103
5	1551	1550	1265	3104
5	1551	1265	1406	3105
5	1557	1391	1381	3106
5	1596	1447	1595	3107
5	1741	1594	1593	3108
5	1659	1552	1520	3109
5	1554	1534	1385	3110
5	1554	1385	1440	3111
5	1735	1525	1680	3112
5	1910	1820	1734	3113
5	1944	1910	1912	3114
5	1799	1573	1722	3115
5	2023	1875	1874	3116
5	1850	1694	1708	3117
5	1712	1557	1711	3118
5	1711	1557	1552	3119
5	1660	1559	1515	3120
5	1691	1660	1515	3121
5	1600	1414	1570	3122
5	1656	1516	1560	3123
5	1583	1426	1396	3124
5	1641	1495	1426	3125
5	1824	1766	1782	3126
5	1900	1755	1899	3127
5	1770	1626	1625	3128
5	1574	1399	1563	3129
5	1822	1567	1721	3130
5	1729	1580	1579	3131
5	1680	1525	1586	3132
5	1736	1588	1587	3133
5	1566	1553	1409	3134
5	1566	1409	1384	3135
5	1720	1569	1568	3136
5	1718	1564	1524	3137
5	1719	1564	1718	3138
5	1594	1446	1445	3139
5	1742	1523	1594	3140
5	1712	1558	1557	3141
5	1600	1453	1414	3142
5	1600	1560	1453	3143
5	1577	1375	1229	3144
5	1701	1522	1681	3145
5	1822	1728	1567	3146
5	1576	1419	1572	3147
5	1688	1436	1417	3148
5	1826	1436	1688	3149
5	1797	1744	1597	3150
5	1575	1418	1574	3151
5	1675	1672	1534	3152
5	1882	1737	1736	3153
5	1576	1572	1403	3154
5	1576	1403	1221	3155
5	1727	1419	1576	3156
5	1667	1571	1374	3157
5	1945	1668	1547	3158
5	1668	1362	1547	3159
5	1775	1630	1629	3160
5	1720	1568	1719	3161
5	1887	1712	1711	3162
5	1581	1531	1369	3163
5	1713	1524	1596	3164
5	1670	1531	1654	3165
5	1601	1454	1424	3166
5	1638	1492	1455	3167
5	1807	1746	1570	3168
5	2072	1927	1876	3169
5	1727	1576	1663	3170
5	1729	1579	1728	3171
5	1623	1442	1591	3172
5	1624	1585	1432	3173
5	1820	1680	1734	3174
5	1930	1790	1789	3175
5	1829	1674	1742	3176
5	1716	1563	1533	3177
5	1830	1722	1565	3178
5	1717	1556	1710	3179
5	1590	1416	1439	3180
5	1589	1439	1438	3181
5	1709	1555	1514	3182
5	1880	1735	1680	3183
5	1623	1479	1442	3184
5	1624	1479	1623	3185
5	1592	1591	1441	3186
5	1592	1441	1478	3187
5	1932	1792	1839	3188
5	1594	1445	1593	3189
5	1793	1646	1792	3190
5	1745	1675	1554	3191
5	2012	1863	1958	3192
5	1596	1524	1365	3193
5	1741	1593	1740	3194
5	2078	1933	1932	3195
5	1598	1440	1449	3196
5	1597	1449	1448	3197
5	1890	1675	1745	3198
5	1724	1563	1716	3199
5	1646	1499	1451	3200
5	1649	1501	1648	3201
5	1876	1676	1800	3202
5	1891	1833	1747	3203
5	1748	1582	1678	3204
5	1602	1454	1601	3205
5	1784	1639	1638	3206
5	1638	1455	1602	3207
5	1603	1537	1458	3208
5	1603	1458	1457	3209
5	1677	1536	1661	3210
5	1612	1468	1467	3211
5	1759	1613	1612	3212
5	1753	1606	1752	3213
5	1758	1612	1611	3214
5	1609	1464	1608	3215
5	1677	1603	1536	3216
5	1610	1465	1609	3217
5	1755	1608	1754	3218
5	1613	1468	1612	3219
5	1785	1639	1784	3220
5	1749	1602	1601	3221
5	1761	1683	1535	3222
5	1611	1466	1610	3223
5	1759	1612	1758	3224
5	1614	1469	1613	3225
5	1755	1609	1608	3226
5	1614	1429	1469	3227
5	1699	1537	1603	3228
5	1841	1657	1785	3229
5	1904	1760	1759	3230
5	1678	1582	1532	3231
5	1619	1616	1473	3232
5	1620	1475	1617	3233
5	1619	1472	1618	3234
5	1632	1456	1620	3235
5	1781	1637	1636	3236
5	1632	1487	1456	3237
5	1619	1473	1472	3238
5	1618	1472	1471	3239
5	1753	1607	1606	3240
5	1715	1517	1562	3241
5	1777	1620	1765	3242
5	1682	1615	1679	3243
5	1775	1629	1774	3244
5	1631	1522	1486	3245
5	1622	1592	1478	3246
5	1622	1478	1443	3247
5	1767	1623	1591	3248
5	1769	1585	1624	3249
5	1768	1624	1623	3250
5	1989	1723	1799	3251
5	1626	1481	1480	3252
5	1625	1480	1437	3253
5	1937	1889	1744	3254
5	1725	1574	1724	3255
5	1702	1541	1701	3256
5	1629	1484	1483	3257
5	1681	1522	1631	3258
5	1921	1781	1780	3259
5	1776	1631	1630	3260
5	1778	1632	1777	3261
5	1772	1621	1766	3262
5	1631	1485	1630	3263
5	1879	1651	1733	3264
5	1732	1509	1702	3265
5	1773	1628	1627	3266
5	1635	1489	1634	3267
5	1682	1618	1615	3268
5	1765	1620	1617	3269
5	2099	1995	1957	3270
5	1637	1491	1636	3271
5	1772	1627	1621	3272
5	1637	1539	1382	3273
5	1779	1635	1634	3274
5	1781	1636	1780	3275
5	1765	1617	1762	3276
5	1777	1632	1620	3277
5	1908	1765	1762	3278
5	1639	1492	1638	3279
5	1679	1615	1517	3280
5	1640	1549	1494	3281
5	1763	1618	1682	3282
5	1700	1549	1657	3283
5	1661	1536	1642	3284
5	1642	1495	1641	3285
5	1699	1603	1677	3286
5	1787	1661	1642	3287
5	1934	1794	1933	3288
5	1644	1497	1643	3289
5	1724	1574	1563	3290
5	1645	1498	1644	3291
5	1832	1771	1770	3292
5	1726	1575	1725	3293
5	1792	1599	1674	3294
5	1796	1649	1795	3295
5	1797	1650	1796	3296
5	1650	1502	1649	3297
5	1931	1791	1790	3298
5	1650	1597	1448	3299
5	1675	1534	1554	3300
5	1711	1552	1659	3301
5	1719	1568	1564	3302
5	1796	1650	1649	3303
5	1651	1548	1507	3304
5	1733	1651	1507	3305
5	1665	1547	1363	3306
5	1652	1363	853	3307
5	1653	1570	1542	3308
5	2093	1857	1983	3309
5	1730	1581	1580	3310
5	1728	1579	1567	3311
5	1655	1546	1545	3312
5	1655	1545	1361	3313
5	1747	1600	1746	3314
5	1747	1560	1600	3315
5	1860	1700	1806	3316
5	1785	1640	1639	3317
5	1726	1671	1526	3318
5	1725	1575	1574	3319
5	1855	1701	1681	3320
5	1694	1520	1553	3321
5	1684	1401	1503	3322
5	2127	1997	1977	3323
5	1731	1561	1676	3324
5	1787	1642	1641	3325
5	1662	1508	886	3326
5	1662	886	1401	3327
5	1802	1571	1667	3328
5	1663	1576	1415	3329
5	1811	1696	1511	3330
5	1707	1529	1528	3331
5	1810	1505	1371	3332
5	1810	1371	1686	3333
5	1666	1658	1592	3334
5	1666	1592	1622	3335
5	1845	1727	1663	3336
5	1721	1567	1375	3337
5	1808	1519	1692	3338
5	1693	1530	1578	3339
5	1690	1655	1361	3340
5	1950	1687	1513	3341
5	1694	1659	1520	3342
5	1708	1566	1670	3343
5	1671	1666	1622	3344
5	1671	1622	1526	3345
5	1672	1625	1534	3346
5	1836	1788	1703	3347
5	1673	1589	1510	3348
5	1737	1673	1510	3349
5	1674	1599	1523	3350
5	1742	1674	1523	3351
5	1745	1598	1744	3352
5	1795	1649	1648	3353
5	1731	1583	1561	3354
5	1786	1641	1583	3355
5	1897	1752	1896	3356
5	1899	1754	1898	3357
5	1748	1601	1582	3358
5	1783	1638	1602	3359
5	1714	1538	1700	3360
5	1715	1679	1517	3361
5	1737	1588	1736	3362
5	1736	1587	1735	3363
5	1701	1541	1522	3364
5	1733	1584	1732	3365
5	1903	1759	1758	3366
5	1897	1753	1752	3367
5	1683	1678	1532	3368
5	1683	1532	1535	3369
5	2152	1977	1809	3370
5	1809	1544	1508	3371
5	1692	1519	1518	3372
5	1951	1854	1693	3373
5	1798	1692	1518	3374
5	1945	1848	1668	3375
5	1706	1664	1368	3376
5	2157	1867	1989	3377
5	1717	1565	1556	3378
5	1710	1556	1555	3379
5	2003	1844	1660	3380
5	1689	1503	1402	3381
5	1690	1506	1379	3382
5	1690	1379	1685	3383
5	1698	1511	1420	3384
5	1695	1367	1550	3385
5	1808	1686	1519	3386
5	1954	1685	1813	3387
5	1696	1551	1406	3388
5	1696	1406	1511	3389
5	1955	1842	1873	3390
5	2026	1651	1879	3391
5	1819	1691	1521	3392
5	1851	1691	1819	3393
5	1811	1511	1698	3394
5	1852	1528	1669	3395
5	2004	1697	1814	3396
5	1697	1550	1551	3397
5	1698	1530	1693	3398
5	1814	1697	1551	3399
5	1750	1604	1537	3400
5	1752	1605	1751	3401
5	1714	1562	1538	3402
5	1715	1562	1714	3403
5	1733	1507	1584	3404
5	1732	1584	1509	3405
5	1856	1701	1855	3406
5	1917	1774	1916	3407
5	1771	1626	1770	3408
5	1871	1671	1726	3409
5	1857	1653	1542	3410
5	1704	1542	1395	3411
5	1705	1704	1395	3412
5	1705	1395	1366	3413
5	1706	1527	1372	3414
5	1706	1372	1687	3415
5	1798	1518	1664	3416
5	1813	1685	1529	3417
5	1708	1694	1553	3418
5	1708	1553	1566	3419
5	1739	1590	1738	3420
5	1739	1514	1590	3421
5	1866	1717	1710	3422
5	2087	1799	1991	3423
5	1743	1595	1712	3424
5	1718	1524	1713	3425
5	1932	1793	1792	3426
5	1712	1595	1558	3427
5	1743	1596	1595	3428
5	1865	1719	1864	3429
5	2056	1909	1908	3430
5	1908	1762	1838	3431
5	1861	1714	1860	3432
5	2053	1906	1905	3433
5	1789	1643	1788	3434
5	1790	1645	1644	3435
5	1799	1723	1573	3436
5	1723	1417	1573	3437
5	2034	1865	2013	3438
5	1740	1593	1569	3439
5	1913	1703	1771	3440
5	1740	1569	1720	3441
5	2196	2050	2195	3442
5	1885	1720	1865	3443
5	1801	1548	1651	3444
5	2007	1855	2006	3445
5	2015	1858	2014	3446
5	1813	1529	1707	3447
5	2088	1513	2016	3448
5	1867	1826	1688	3449
5	1868	1724	1716	3450
5	1726	1526	1575	3451
5	2032	1884	1835	3452
5	2030	1882	2029	3453
5	1870	1726	1725	3454
5	1871	1828	1671	3455
5	1998	1802	1972	3456
5	1727	1577	1419	3457
5	1873	1842	1654	3458
5	1730	1580	1729	3459
5	1823	1659	1694	3460
5	1730	1654	1581	3461
5	2002	1843	2001	3462
5	2160	2001	2089	3463
5	1902	1757	1901	3464
5	1846	1677	1661	3465
5	1877	1732	1702	3466
5	2025	1878	1877	3467
5	1855	1681	1837	3468
5	1845	1663	1802	3469
5	1734	1680	1586	3470
5	1734	1586	1585	3471
5	2028	1880	1964	3472
5	1737	1510	1588	3473
5	1884	1739	1738	3474
5	1883	1835	1673	3475
5	1880	1680	1820	3476
5	1821	1767	1658	3477
5	1739	1709	1514	3478
5	1738	1590	1589	3479
5	1858	1709	1803	3480
5	1830	1565	1717	3481
5	1831	1711	1659	3482
5	1831	1659	1823	3483
5	1874	1729	1728	3484
5	1742	1594	1741	3485
5	1839	1674	1829	3486
5	1743	1713	1596	3487
5	1935	1795	1934	3488
5	1863	1713	1812	3489
5	1745	1554	1598	3490
5	1744	1598	1597	3491
5	1839	1792	1674	3492
5	1933	1793	1932	3493
5	1747	1656	1560	3494
5	1896	1751	1895	3495
5	2016	1513	1826	3496
5	1928	1827	1787	3497
5	1896	1752	1751	3498
5	1749	1601	1748	3499
5	2071	1926	1925	3500
5	1783	1602	1749	3501
5	1895	1750	1894	3502
5	1898	1754	1753	3503
5	1894	1699	1815	3504
5	1754	1608	1607	3505
5	1895	1751	1750	3506
5	1756	1610	1609	3507
5	2240	1866	2100	3508
5	1846	1661	1827	3509
5	1927	1731	1876	3510
5	1757	1610	1756	3511
5	1928	1787	1786	3512
5	1760	1613	1759	3513
5	1892	1748	1678	3514
5	1924	1783	1749	3515
5	1834	1678	1683	3516
5	1758	1611	1757	3517
5	1905	1761	1760	3518
5	1761	1614	1760	3519
5	1902	1758	1757	3520
5	1761	1535	1614	3521
5	1898	1753	1897	3522
5	1894	1750	1699	3523
5	2090	2040	1962	3524
5	1841	1806	1657	3525
5	1764	1619	1763	3526
5	1764	1616	1619	3527
5	1764	1762	1616	3528
5	1763	1619	1618	3529
5	1906	1834	1683	3530
5	2009	1860	1963	3531
5	1838	1762	1764	3532
5	1779	1634	1633	3533
5	1766	1621	1539	3534
5	1782	1637	1781	3535
5	1964	1880	1820	3536
5	1769	1624	1768	3537
5	2170	2020	2169	3538
5	1769	1734	1585	3539
5	1805	1658	1666	3540
5	1821	1658	1805	3541
5	1771	1540	1626	3542
5	1771	1703	1540	3543
5	1966	1840	1890	3544
5	1937	1797	1936	3545
5	1918	1775	1917	3546
5	1914	1766	1824	3547
5	1856	1702	1701	3548
5	1776	1630	1775	3549
5	2063	1918	2062	3550
5	2059	1915	1914	3551
5	2197	2052	2051	3552
5	1776	1681	1631	3553
5	2064	1968	1919	3554
5	1919	1777	1909	3555
5	1778	1633	1632	3556
5	1779	1633	1778	3557
5	1922	1778	1919	3558
5	1837	1681	1776	3559
5	1782	1766	1539	3560
5	1780	1635	1779	3561
5	1918	1837	1776	3562
5	1782	1539	1637	3563
5	1907	1763	1825	3564
5	2059	1914	1967	3565
5	1878	1732	1877	3566
5	1914	1772	1766	3567
5	1926	1785	1784	3568
5	1784	1638	1783	3569
5	1825	1763	1682	3570
5	1785	1657	1640	3571
5	1862	1847	1679	3572
5	1920	1780	1779	3573
5	2072	1876	1946	3574
5	1787	1641	1786	3575
5	2093	2008	1857	3576
5	2133	1983	1817	3577
5	1789	1644	1643	3578
5	1791	1533	1645	3579
5	1869	1724	1868	3580
5	1790	1644	1789	3581
5	1911	1767	1821	3582
5	1791	1716	1533	3583
5	1884	1738	1835	3584
5	1868	1716	1804	3585
5	1793	1647	1646	3586
5	1794	1648	1647	3587
5	1929	1788	1836	3588
5	1832	1672	1840	3589
5	1864	1718	1863	3590
5	1795	1648	1794	3591
5	2082	1937	1936	3592
5	1797	1597	1650	3593
5	2081	1936	1935	3594
5	1865	1720	1719	3595
5	1863	1718	1713	3596
5	1840	1672	1675	3597
5	1954	1690	1685	3598
5	1816	1655	1690	3599
5	1866	1710	1858	3600
5	1835	1738	1673	3601
5	1800	1676	1656	3602
5	2193	2047	2192	3603
5	1873	1654	1730	3604
5	2174	2027	2025	3605
5	1972	1802	1667	3606
5	2095	1969	2036	3607
5	1884	1803	1739	3608
5	2033	2014	1803	3609
5	2228	2101	2110	3610
5	1929	1789	1788	3611
5	1985	1821	1960	3612
5	2096	1944	1959	3613
5	1806	1700	1657	3614
5	1988	1957	1825	3615
5	1891	1747	1746	3616
5	2074	1827	1928	3617
5	1854	1698	1693	3618
5	1854	1811	1698	3619
5	1977	1669	1809	3620
5	1809	1669	1364	3621
5	1978	1810	1686	3622
5	2147	1810	1978	3623
5	1942	1811	1854	3624
5	1979	1696	1811	3625
5	1888	1743	1712	3626
5	1842	1670	1654	3627
5	2128	1814	1979	3628
5	1853	1695	1550	3629
5	2416	2244	2415	3630
5	1982	1547	1665	3631
5	1815	1699	1677	3632
5	1827	1661	1787	3633
5	1952	1686	1808	3634
5	1984	1503	1939	3635
5	2084	1717	1866	3636
5	1857	1542	1704	3637
5	1818	1817	1705	3638
5	1818	1705	1366	3639
5	1939	1689	1844	3640
5	1844	1559	1660	3641
5	2316	2175	2121	3642
5	1911	1768	1767	3643
5	1910	1734	1769	3644
5	2169	2019	2168	3645
5	1879	1733	1878	3646
5	1998	1845	1802	3647
5	1888	1712	1887	3648
5	1887	1711	1831	3649
5	1923	1782	1781	3650
5	1923	1781	1921	3651
5	1995	1907	1957	3652
5	2345	2207	2206	3653
5	1989	1867	1723	3654
5	1826	1513	1436	3655
5	1846	1815	1677	3656
5	1990	1815	1846	3657
5	1828	1805	1666	3658
5	1828	1666	1671	3659
5	1886	1741	1740	3660
5	1885	1740	1720	3661
5	2084	1830	1717	3662
5	1991	1722	1830	3663
5	2301	2155	2173	3664
5	2026	1801	1651	3665
5	2168	2018	2091	3666
5	1931	1790	1930	3667
5	1833	1800	1656	3668
5	1833	1656	1747	3669
5	2050	1902	2049	3670
5	1892	1678	1834	3671
5	1881	1735	1880	3672
5	1881	1736	1735	3673
5	1832	1770	1672	3674
5	1974	1965	1804	3675
5	1915	1772	1914	3676
5	1916	1774	1773	3677
5	2068	1921	2065	3678
5	1909	1777	1765	3679
5	1936	1797	1796	3680
5	2078	1932	1938	3681
5	1890	1745	1889	3682
5	1935	1796	1795	3683
5	1893	1748	1892	3684
5	1925	1784	1783	3685
5	1843	1708	1670	3686
5	1850	1823	1694	3687
5	2037	1887	1831	3688
5	1850	1708	1843	3689
5	2131	1854	1951	3690
5	1939	1503	1689	3691
5	1987	1874	1728	3692
5	1872	1577	1727	3693
5	2044	1897	1896	3694
5	2047	1900	1899	3695
5	1847	1825	1682	3696
5	1847	1682	1679	3697
5	1848	1693	1578	3698
5	1848	1578	1668	3699
5	2041	1815	1990	3700
5	2295	2148	1980	3701
5	2182	2035	2181	3702
5	2001	1842	1955	3703
5	2305	2127	2152	3704
5	1851	1660	1691	3705
5	1979	1811	1942	3706
5	1979	1814	1696	3707
5	2104	1956	1853	3708
5	2105	1851	2005	3709
5	1941	1808	1692	3710
5	1943	1655	1816	3711
5	1972	1667	1801	3712
5	1877	1702	1856	3713
5	2371	2265	2425	3714
5	2025	1877	1961	3715
5	2151	1746	1807	3716
5	2106	1971	1891	3717
5	1940	1692	1798	3718
5	2270	1989	2087	3719
5	1859	1829	1742	3720
5	1859	1742	1741	3721
5	1861	1715	1714	3722
5	1862	1679	1715	3723
5	2069	1893	2040	3724
5	1862	1715	1861	3725
5	2165	2163	2011	3726
5	2349	2123	2236	3727
5	1864	1719	1718	3728
5	1886	1740	1885	3729
5	2287	2160	2286	3730
5	1969	1829	1859	3731
5	2114	2078	1938	3732
5	1886	1859	1741	3733
5	2031	1835	1883	3734
5	2015	1866	1858	3735
5	2135	1953	2086	3736
5	1950	1849	1687	3737
5	1869	1725	1724	3738
5	1870	1725	1869	3739
5	2225	2080	2224	3740
5	2020	1871	1870	3741
5	2175	2028	2121	3742
5	1871	1726	1870	3743
5	1975	1960	1805	3744
5	2058	1993	1913	3745
5	2022	1872	1999	3746
5	1872	1721	1577	3747
5	1875	1729	1874	3748
5	2116	2012	1958	3749
5	1875	1730	1729	3750
5	1875	1873	1730	3751
5	1992	1831	1823	3752
5	2001	1843	1842	3753
5	1927	1786	1731	3754
5	1928	1786	1927	3755
5	1878	1733	1732	3756
5	1999	1872	1845	3757
5	2006	1855	1837	3758
5	2234	1987	2145	3759
5	2055	1838	1995	3760
5	1987	1728	1822	3761
5	1883	1737	1882	3762
5	1882	1736	1881	3763
5	1974	1804	1931	3764
5	1883	1673	1737	3765
5	2299	2154	2153	3766
5	2360	2223	2282	3767
5	1975	1805	1828	3768
5	1986	1910	1944	3769
5	2141	1986	2098	3770
5	2029	1882	1881	3771
5	2108	1958	1973	3772
5	2012	1864	1863	3773
5	2204	2058	2203	3774
5	2222	2077	2076	3775
5	1995	1838	1907	3776
5	1888	1812	1743	3777
5	2160	2002	2001	3778
5	2116	1958	2108	3779
5	1890	1840	1675	3780
5	1889	1745	1744	3781
5	2076	1929	2075	3782
5	1993	1836	1913	3783
5	2179	2033	2113	3784
5	2245	2151	2008	3785
5	1893	1749	1748	3786
5	1926	1784	1925	3787
5	1988	1825	1847	3788
5	1924	1749	1893	3789
5	2043	1895	2042	3790
5	2042	1894	2041	3791
5	2049	1901	2048	3792
5	1900	1756	1755	3793
5	2047	1899	2046	3794
5	2073	1927	2072	3795
5	2119	1990	2000	3796
5	1901	1757	1756	3797
5	2073	1928	1927	3798
5	1905	1760	1904	3799
5	2041	1894	1815	3800
5	2043	1896	1895	3801
5	2042	1895	1894	3802
5	1903	1758	1902	3803
5	2052	1905	1904	3804
5	1904	1759	1903	3805
5	2048	1900	2047	3806
5	2045	1897	2044	3807
5	2045	1898	1897	3808
5	1906	1761	1905	3809
5	2215	2124	2071	3810
5	1906	1683	1761	3811
5	2192	2047	2046	3812
5	2009	1861	1860	3813
5	2194	2049	2048	3814
5	2040	1892	1962	3815
5	1907	1838	1764	3816
5	1907	1764	1763	3817
5	1921	1780	1920	3818
5	1919	1778	1777	3819
5	2011	1847	1862	3820
5	2342	2201	2260	3821
5	1912	1768	1911	3822
5	2280	2015	2178	3823
5	1912	1769	1768	3824
5	1912	1910	1769	3825
5	1913	1836	1703	3826
5	1913	1771	1832	3827
5	2018	1869	1868	3828
5	1965	1868	1804	3829
5	1915	1773	1772	3830
5	1917	1775	1774	3831
5	2122	2059	1967	3832
5	1916	1773	1915	3833
5	2208	2063	2062	3834
5	1918	1776	1775	3835
5	2007	1961	1856	3836
5	2007	1856	1855	3837
5	2064	1919	1909	3838
5	2062	1917	2061	3839
5	2050	1903	1902	3840
5	1963	1860	1806	3841
5	1968	1922	1919	3842
5	2063	2006	1837	3843
5	2211	2107	2065	3844
5	1923	1824	1782	3845
5	1922	1920	1779	3846
5	1922	1779	1778	3847
5	2066	1922	1968	3848
5	2207	2061	2206	3849
5	2040	1893	1892	3850
5	1925	1783	1924	3851
5	2213	2069	2040	3852
5	1926	1841	1785	3853
5	2051	1904	1903	3854
5	2044	1896	2043	3855
5	2046	1899	1898	3856
5	2049	1902	1901	3857
5	2117	1946	1970	3858
5	2028	1881	1880	3859
5	2079	1933	2078	3860
5	1930	1789	1929	3861
5	2058	1832	2057	3862
5	1931	1804	1791	3863
5	2057	1840	1966	3864
5	2283	2115	2142	3865
5	1933	1794	1793	3866
5	1934	1795	1794	3867
5	2238	2114	2125	3868
5	1936	1796	1935	3869
5	2077	1930	2076	3870
5	2081	1935	2080	3871
5	2035	1885	2034	3872
5	1937	1744	1797	3873
5	2111	2057	1966	3874
5	2037	1831	1992	3875
5	2036	1859	1886	3876
5	1969	1947	1829	3877
5	1938	1932	1839	3878
5	2126	1969	2095	3879
5	2146	1852	1997	3880
5	2152	1662	1684	3881
5	1943	1546	1655	3882
5	2239	2085	2129	3883
5	2245	2008	2093	3884
5	2128	2004	1814	3885
5	1956	1819	1695	3886
5	2104	2005	1956	3887
5	2129	1546	1943	3888
5	1991	1799	1722	3889
5	1985	1959	1911	3890
5	2224	2079	2223	3891
5	2131	1942	1854	3892
5	2132	1848	1945	3893
5	1946	1876	1800	3894
5	1983	1857	1704	3895
5	1947	1938	1839	3896
5	1947	1839	1829	3897
5	2241	2093	1983	3898
5	1983	1704	1817	3899
5	1949	1948	1818	3900
5	1949	1818	1546	3901
5	2086	1849	1950	3902
5	1953	1706	1849	3903
5	2293	2097	1940	3904
5	2134	1808	1941	3905
5	2149	1978	1952	3906
5	1978	1686	1952	3907
5	2135	1940	1798	3908
5	1953	1798	1664	3909
5	2550	2304	2380	3910
5	1954	1816	1690	3911
5	2024	1875	2023	3912
5	2024	1873	1875	3913
5	2103	1844	2003	3914
5	2097	1941	1940	3915
5	1957	1907	1825	3916
5	2243	2138	2163	3917
5	1958	1863	1812	3918
5	2038	1888	1887	3919
5	1959	1944	1912	3920
5	1959	1912	1911	3921
5	1985	1911	1821	3922
5	1960	1821	1805	3923
5	1961	1877	1856	3924
5	2144	2026	1879	3925
5	1962	1892	1834	3926
5	2054	1962	1834	3927
5	2199	2053	2198	3928
5	2070	1925	1924	3929
5	2177	2030	2176	3930
5	2112	2032	2031	3931
5	2021	1975	1828	3932
5	2018	1868	1965	3933
5	2220	1993	2204	3934
5	2083	1937	2082	3935
5	1967	1914	1824	3936
5	2208	2062	2207	3937
5	2065	1921	1920	3938
5	2067	1824	1923	3939
5	2013	1864	2012	3940
5	2035	1886	1885	3941
5	1970	1946	1800	3942
5	1970	1800	1833	3943
5	1971	1970	1833	3944
5	1971	1833	1891	3945
5	2144	1879	2027	3946
5	2145	1987	1822	3947
5	1973	1958	1812	3948
5	1973	1812	1888	3949
5	2075	1836	1993	3950
5	2076	1930	1929	3951
5	2019	1869	2018	3952
5	2019	1870	1869	3953
5	1976	1963	1806	3954
5	1976	1806	1841	3955
5	1997	1669	1977	3956
5	2244	2127	2229	3957
5	1982	1945	1547	3958
5	2150	1945	1982	3959
5	2005	1851	1819	3960
5	2004	1853	1697	3961
5	2148	2136	1954	3962
5	1980	1813	1707	3963
5	1981	1980	1707	3964
5	1981	1707	1852	3965
5	2296	2289	2149	3966
5	2134	1952	1808	3967
5	2379	2167	2233	3968
5	2008	1653	1857	3969
5	2152	1684	1984	3970
5	1984	1684	1503	3971
5	2220	2075	1993	3972
5	2221	2076	2075	3973
5	1986	1964	1820	3974
5	1986	1820	1910	3975
5	2185	2108	1973	3976
5	2375	2370	2262	3977
5	2010	1861	2009	3978
5	2010	1862	1861	3979
5	2217	2072	1946	3980
5	2157	2017	1867	3981
5	2074	1928	2073	3982
5	2217	1946	2117	3983
5	2113	2032	2112	3984
5	2008	1807	1653	3985
5	2038	1973	1888	3986
5	2038	1887	2037	3987
5	2075	1929	1836	3988
5	2077	1931	1930	3989
5	1994	1976	1841	3990
5	1994	1841	1926	3991
5	2055	1908	1838	3992
5	2064	1909	2056	3993
5	1996	1992	1823	3994
5	1996	1823	1850	3995
5	2103	1939	1844	3996
5	2003	1660	1851	3997
5	2022	1822	1721	3998
5	1999	1845	1998	3999
5	2172	1999	2159	4000
5	2022	1721	1872	4001
5	2000	1990	1846	4002
5	2000	1846	1827	4003
5	2002	1850	1843	4004
5	2002	1996	1850	4005
5	2320	2166	2310	4006
5	2161	2102	1996	4007
5	2128	1979	1942	4008
5	2005	1819	1956	4009
5	2369	1941	2097	4010
5	2147	1652	1810	4011
5	2105	2003	1851	4012
5	2684	2517	2518	4013
5	2060	1915	2059	4014
5	2061	1917	1916	4015
5	2212	2068	2107	4016
5	2422	2260	2276	4017
5	2249	2087	1991	4018
5	2084	1991	1830	4019
5	2202	2055	2201	4020
5	2011	1862	2010	4021
5	2213	2040	2090	4022
5	2011	1988	1847	4023
5	2092	2009	1963	4024
5	2371	2308	2250	4025
5	2013	1865	1864	4026
5	2034	1885	1865	4027
5	2185	1973	2038	4028
5	2036	1886	2035	4029
5	2100	1866	2015	4030
5	2014	1858	1803	4031
5	2033	1884	2032	4032
5	2240	2084	1866	4033
5	2136	1816	1954	4034
5	2135	1798	1953	4035
5	2017	2016	1826	4036
5	2017	1826	1867	4037
5	2021	1871	2020	4038
5	2020	1870	2019	4039
5	2154	1959	1985	4040
5	2021	1828	1871	4041
5	2098	1944	2096	4042
5	2121	2028	1964	4043
5	2450	2311	2372	4044
5	2203	2057	2111	4045
5	2109	1801	2026	4046
5	2109	1972	1801	4047
5	2027	1878	2025	4048
5	2024	1955	1873	4049
5	2102	1992	1996	4050
5	2324	2184	2183	4051
5	2314	2246	2172	4052
5	2253	1972	2109	4053
5	2159	1999	1998	4054
5	2027	1879	1878	4055
5	2166	2012	2116	4056
5	2183	2037	1992	4057
5	2031	1883	2030	4058
5	2030	1883	1882	4059
5	2153	1960	2130	4060
5	2171	1975	2021	4061
5	2168	2019	2018	4062
5	2032	1835	2031	4063
5	2098	1986	1944	4064
5	2255	2113	2254	4065
5	2033	1803	1884	4066
5	2268	2141	2098	4067
5	2176	2029	2175	4068
5	2176	2030	2029	4069
5	2373	2256	2283	4070
5	2363	2226	2362	4071
5	2273	2228	2110	4072
5	2036	1969	1859	4073
5	2362	2225	2361	4074
5	2223	2078	2114	4075
5	2156	2023	1874	4076
5	2205	2060	2059	4077
5	2374	2263	2350	4078
5	2856	2731	2765	4079
5	2039	1966	1890	4080
5	2039	1890	1889	4081
5	2069	1924	1893	4082
5	2071	1925	2070	4083
5	2188	2042	2187	4084
5	2189	2043	2188	4085
5	2186	1990	2119	4086
5	2046	1898	2045	4087
5	2190	2045	2044	4088
5	2336	2195	2194	4089
5	2218	2072	2217	4090
5	2048	1901	1900	4091
5	2186	2041	1990	4092
5	2195	2049	2194	4093
5	2187	2041	2186	4094
5	2053	1905	2052	4095
5	2187	2042	2041	4096
5	2188	2043	2042	4097
5	2190	2044	2189	4098
5	2051	1903	2050	4099
5	2199	2054	2053	4100
5	2052	1904	2051	4101
5	2198	2052	2197	4102
5	2192	2046	2191	4103
5	2189	2044	2043	4104
5	2054	1906	2053	4105
5	2196	2051	2050	4106
5	2054	1834	1906	4107
5	2140	2092	1963	4108
5	2352	2213	2351	4109
5	2164	2009	2092	4110
5	2164	2010	2009	4111
5	2210	2064	2056	4112
5	2056	1908	2055	4113
5	2236	2123	2200	4114
5	2165	2010	2164	4115
5	2058	1913	1832	4116
5	2057	1832	1840	4117
5	2115	1966	2039	4118
5	2223	2079	2078	4119
5	2060	1916	1915	4120
5	2063	1837	1918	4121
5	2062	1918	1917	4122
5	2061	1916	2060	4123
5	2303	2094	2262	4124
5	2346	2207	2345	4125
5	2285	2143	2261	4126
5	2139	1961	2007	4127
5	2139	2094	1961	4128
5	2205	2059	2122	4129
5	2201	1995	2099	4130
5	2206	2060	2205	4131
5	2285	2122	2143	4132
5	2067	1967	1824	4133
5	2066	2065	1920	4134
5	2066	1920	1922	4135
5	2107	2068	2065	4136
5	2201	2055	1995	4137
5	2068	2067	1923	4138
5	2068	1923	1921	4139
5	2090	2054	2199	4140
5	2070	1924	2069	4141
5	2419	2144	2315	4142
5	2071	1994	1926	4143
5	2448	2308	2371	4144
5	2475	2336	2474	4145
5	2191	2045	2190	4146
5	2074	2000	1827	4147
5	2219	2073	2218	4148
5	2266	1971	2106	4149
5	2331	2189	2330	4150
5	2194	2048	2193	4151
5	2299	2153	2298	4152
5	2627	2494	2502	4153
5	2171	2130	1975	4154
5	2077	1974	1931	4155
5	2377	2274	2300	4156
5	2298	2153	2130	4157
5	2079	1934	1933	4158
5	2080	1935	1934	4159
5	2180	2034	2013	4160
5	2083	1889	1937	4161
5	2183	1992	2102	4162
5	2166	2013	2012	4163
5	2115	2111	1966	4164
5	2082	1936	2081	4165
5	2227	2142	2083	4166
5	2083	2039	1889	4167
5	2343	2203	2111	4168
5	2226	2081	2225	4169
5	2085	1948	1949	4170
5	2086	1953	1849	4171
5	2270	2157	1989	4172
5	2087	1989	1799	4173
5	2167	2088	2016	4174
5	2369	2134	1941	4175
5	2151	1807	2008	4176
5	2133	1817	1948	4177
5	2386	2135	2086	4178
5	2088	1950	1513	4179
5	2089	2001	1955	4180
5	2155	2089	1955	4181
5	2330	2188	2329	4182
5	2337	2196	2195	4183
5	2091	2018	1965	4184
5	2237	2130	2171	4185
5	2140	1976	2120	4186
5	2215	2071	2070	4187
5	2271	2086	1950	4188
5	2429	2271	2304	4189
5	2094	2025	1961	4190
5	2478	2272	2339	4191
5	2182	2036	2035	4192
5	2181	2035	2034	4193
5	2154	2096	1959	4194
5	2130	1960	1975	4195
5	2167	2016	2017	4196
5	2148	1813	1980	4197
5	2275	2141	2268	4198
5	2496	2361	2360	4199
5	2696	2564	2520	4200
5	2341	2200	2210	4201
5	2178	2015	2014	4202
5	2555	2432	2280	4203
5	2101	2091	1965	4204
5	2101	1965	1974	4205
5	2161	2002	2160	4206
5	2324	2183	2251	4207
5	2388	2148	2295	4208
5	2278	2003	2105	4209
5	2384	2105	2277	4210
5	2104	1853	2004	4211
5	2152	1809	1662	4212
5	2158	1939	2103	4213
5	2113	2033	2032	4214
5	2279	2119	2216	4215
5	2211	2066	2123	4216
5	2202	2056	2055	4217
5	2184	2037	2183	4218
5	2306	2102	2161	4219
5	2314	2159	2253	4220
5	2145	1822	2022	4221
5	2110	2101	1974	4222
5	2110	1974	2077	4223
5	2203	2058	2057	4224
5	2204	1993	2058	4225
5	2280	2100	2015	4226
5	2318	2254	2112	4227
5	2255	2179	2113	4228
5	2266	2118	1971	4229
5	2226	2082	2081	4230
5	2282	2114	2238	4231
5	2273	2110	2222	4232
5	2256	2111	2115	4233
5	2180	2013	2166	4234
5	2181	2034	2180	4235
5	2317	2175	2316	4236
5	2457	2319	2385	4237
5	2118	2117	1970	4238
5	2118	1970	1971	4239
5	2219	2074	2073	4240
5	2334	2193	2192	4241
5	2140	1963	1976	4242
5	2120	1976	1994	4243
5	2175	2029	2028	4244
5	2177	2031	2030	4245
5	2462	2324	2398	4246
5	2345	2205	2230	4247
5	2211	2065	2066	4248
5	2123	2066	1968	4249
5	2124	2120	1994	4250
5	2124	1994	2071	4251
5	2125	2114	1938	4252
5	2125	1938	1947	4253
5	2126	2125	1947	4254
5	2126	1947	1969	4255
5	2303	2174	2094	4256
5	2383	2277	2104	4257
5	2296	2149	2290	4258
5	2277	2005	2104	4259
5	2129	2085	1949	4260
5	2129	1949	1546	4261
5	2153	1985	1960	4262
5	2154	1985	2153	4263
5	2289	2147	2149	4264
5	2290	2149	1952	4265
5	2291	2131	1951	4266
5	2132	1951	1848	4267
5	2292	2133	1948	4268
5	2249	1991	2084	4269
5	2150	2132	1945	4270
5	2149	2147	1978	4271
5	2386	2086	2378	4272
5	2417	2383	2247	4273
5	2518	2388	2295	4274
5	2504	2408	2409	4275
5	2148	1954	1813	4276
5	2137	1980	1981	4277
5	2138	2099	1957	4278
5	2138	1957	1988	4279
5	2209	2006	2063	4280
5	2207	2062	2061	4281
5	2338	2197	2196	4282
5	2340	2199	2272	4283
5	2141	2121	1964	4284
5	2141	1964	1986	4285
5	2142	2115	2039	4286
5	2142	2039	2083	4287
5	2143	2122	1967	4288
5	2143	1967	2067	4289
5	2174	2025	2094	4290
5	2155	1955	2024	4291
5	2156	1874	1987	4292
5	2172	2022	1999	4293
5	2416	2137	1981	4294
5	2146	1981	1852	4295
5	2147	1982	1665	4296
5	2147	1665	1652	4297
5	2295	1980	2137	4298
5	2652	2544	2387	4299
5	2417	2248	2391	4300
5	2247	2104	2004	4301
5	2391	2248	2128	4302
5	2291	1951	2132	4303
5	2297	1891	2151	4304
5	2151	1891	1746	4305
5	2158	1984	1939	4306
5	2152	2127	1977	4307
5	2267	2101	2228	4308
5	2317	2176	2175	4309
5	2298	2130	2237	4310
5	2311	2169	2168	4311
5	2368	2258	2156	4312
5	2262	2094	2139	4313
5	2345	2206	2205	4314
5	2234	2156	1987	4315
5	2242	1943	2136	4316
5	2271	1950	2088	4317
5	2305	1984	2158	4318
5	2305	2152	1984	4319
5	2172	2145	2022	4320
5	2723	2453	2540	4321
5	2161	1996	2002	4322
5	2320	2180	2166	4323
5	2277	2105	2005	4324
5	2288	2128	1942	4325
5	2162	2139	2007	4326
5	2162	2007	2006	4327
5	2163	2138	1988	4328
5	2163	1988	2011	4329
5	2165	2011	2010	4330
5	2422	2276	2394	4331
5	2335	2193	2334	4332
5	2307	2163	2165	4333
5	2310	2116	2309	4334
5	2449	2322	2320	4335
5	2438	2241	2133	4336
5	2292	1948	2085	4337
5	2169	2020	2019	4338
5	2170	2021	2020	4339
5	2644	2585	2511	4340
5	2316	2121	2275	4341
5	2358	2221	2220	4342
5	2171	2021	2170	4343
5	2358	2220	2357	4344
5	2360	2224	2223	4345
5	2314	2172	2159	4346
5	2252	2026	2144	4347
5	2173	2155	2024	4348
5	2173	2024	2023	4349
5	2258	2023	2156	4350
5	2433	2261	2423	4351
5	2411	2228	2273	4352
5	2443	2298	2396	4353
5	2318	2112	2177	4354
5	2275	2121	2141	4355
5	2319	2176	2317	4356
5	2177	2112	2031	4357
5	2284	2179	2255	4358
5	2505	2266	2397	4359
5	2179	2178	2014	4360
5	2179	2014	2033	4361
5	2326	2108	2185	4362
5	2364	2283	2142	4363
5	2418	2398	2251	4364
5	2182	2095	2036	4365
5	2322	2180	2320	4366
5	2325	2184	2324	4367
5	2184	2038	2037	4368
5	2185	2038	2184	4369
5	2462	2325	2324	4370
5	2309	2116	2108	4371
5	2326	2309	2108	4372
5	2446	2286	2435	4373
5	2330	2189	2188	4374
5	2329	2187	2328	4375
5	2475	2337	2336	4376
5	2193	2048	2047	4377
5	2430	2275	2268	4378
5	2441	2397	2106	4379
5	2327	2186	2119	4380
5	2191	2046	2045	4381
5	2336	2194	2335	4382
5	2334	2192	2333	4383
5	2328	2187	2186	4384
5	2329	2188	2187	4385
5	2331	2190	2189	4386
5	2197	2051	2196	4387
5	2351	2090	2340	4388
5	2195	2050	2049	4389
5	2272	2199	2198	4390
5	2339	2198	2197	4391
5	2339	2197	2338	4392
5	2198	2053	2052	4393
5	2337	2195	2336	4394
5	2332	2191	2190	4395
5	2352	2214	2213	4396
5	2090	1962	2054	4397
5	2404	2259	2376	4398
5	2214	2070	2069	4399
5	2484	2403	2341	4400
5	2250	2164	2092	4401
5	2200	2123	1968	4402
5	2200	1968	2064	4403
5	2260	2201	2099	4404
5	2210	2056	2202	4405
5	2341	2236	2200	4406
5	2210	2200	2064	4407
5	2498	2363	2362	4408
5	2221	2075	2220	4409
5	2480	2344	2343	4410
5	2222	2110	2077	4411
5	2206	2061	2060	4412
5	2209	2063	2208	4413
5	2424	2173	2258	4414
5	2287	2161	2160	4415
5	2615	2481	2506	4416
5	2209	2162	2006	4417
5	2231	2139	2162	4418
5	2485	2350	2349	4419
5	2483	2348	2342	4420
5	2350	2211	2349	4421
5	2448	2307	2308	4422
5	2276	2138	2243	4423
5	2342	2202	2201	4424
5	2556	2402	2482	4425
5	2212	2143	2067	4426
5	2212	2067	2068	4427
5	2259	2120	2124	4428
5	2214	2069	2213	4429
5	2352	2264	2215	4430
5	2215	2070	2214	4431
5	2508	2376	2488	4432
5	2332	2190	2331	4433
5	2216	2119	2000	4434
5	2216	2000	2074	4435
5	2218	2073	2072	4436
5	2327	2119	2279	4437
5	2766	2644	2694	4438
5	2355	2216	2219	4439
5	2328	2186	2327	4440
5	2219	2216	2074	4441
5	2497	2362	2361	4442
5	2421	2255	2254	4443
5	2311	2168	2235	4444
5	2222	2076	2221	4445
5	2235	2168	2091	4446
5	2412	2235	2267	4447
5	2224	2080	2079	4448
5	2225	2081	2080	4449
5	2357	2204	2344	4450
5	2227	2083	2082	4451
5	2633	2500	2499	4452
5	2322	2181	2180	4453
5	2460	2323	2322	4454
5	2227	2082	2226	4455
5	2458	2310	2309	4456
5	2282	2223	2114	4457
5	2359	2222	2221	4458
5	2555	2178	2284	4459
5	2244	1997	2127	4460
5	2244	2146	1997	4461
5	2230	2205	2122	4462
5	2285	2230	2122	4463
5	2347	2209	2208	4464
5	2401	2375	2231	4465
5	2232	2231	2162	4466
5	2232	2162	2209	4467
5	2233	2167	2017	4468
5	2233	2017	2157	4469
5	2252	2109	2026	4470
5	2258	2173	2023	4471
5	2585	2450	2511	4472
5	2451	2312	2450	4473
5	2261	2143	2212	4474
5	2400	2345	2230	4475
5	2312	2169	2311	4476
5	2312	2170	2169	4477
5	2321	2269	2095	4478
5	2461	2321	2323	4479
5	2293	1940	2135	4480
5	2241	1983	2133	4481
5	2249	2084	2240	4482
5	2567	2428	2270	4483
5	2678	2389	2503	4484
5	2297	2106	1891	4485
5	2242	2239	2129	4486
5	2242	2129	1943	4487
5	2485	2349	2382	4488
5	2265	2092	2140	4489
5	2431	2229	2158	4490
5	2416	2146	2244	4491
5	2365	2292	2085	4492
5	2544	2097	2387	4493
5	2246	2234	2145	4494
5	2246	2145	2172	4495
5	2288	1942	2131	4496
5	2416	1981	2146	4497
5	2248	2247	2004	4498
5	2248	2004	2128	4499
5	2378	2086	2271	4500
5	2353	2117	2281	4501
5	2307	2243	2163	4502
5	2308	2164	2250	4503
5	2251	2183	2102	4504
5	2598	2462	2512	4505
5	2419	2252	2144	4506
5	2262	2139	2231	4507
5	2355	2279	2216	4508
5	2420	2279	2355	4509
5	2354	2217	2353	4510
5	2254	2113	2112	4511
5	2675	2510	2405	4512
5	2284	2178	2179	4513
5	2359	2273	2222	4514
5	2343	2111	2256	4515
5	2257	2238	2125	4516
5	2257	2125	2126	4517
5	2315	2144	2027	4518
5	2315	2027	2174	4519
5	2294	2120	2259	4520
5	2265	2250	2092	4521
5	2487	2352	2351	4522
5	2488	2264	2352	4523
5	2423	2261	2263	4524
5	2350	2107	2211	4525
5	2573	2433	2572	4526
5	2286	2160	2089	4527
5	2263	2261	2212	4528
5	2263	2212	2107	4529
5	2264	2259	2124	4530
5	2264	2124	2215	4531
5	2514	2394	2414	4532
5	2381	2342	2260	4533
5	2486	2351	2340	4534
5	2281	2117	2118	4535
5	2267	2235	2091	4536
5	2267	2091	2101	4537
5	2555	2284	2510	4538
5	2427	2268	2274	4539
5	2269	2257	2126	4540
5	2269	2126	2095	4541
5	2501	2438	2292	4542
5	2516	2233	2428	4543
5	2432	2366	2100	4544
5	2429	2378	2271	4545
5	2340	2090	2199	4546
5	2351	2213	2090	4547
5	2344	2203	2343	4548
5	2399	2343	2256	4549
5	2274	2268	2098	4550
5	2274	2098	2096	4551
5	2455	2275	2430	4552
5	2444	2300	2299	4553
5	2276	2260	2099	4554
5	2276	2099	2138	4555
5	2384	2278	2105	4556
5	2278	2103	2003	4557
5	2431	2158	2103	4558
5	2431	2103	2278	4559
5	2253	2159	1998	4560
5	2253	1998	1972	4561
5	2505	2118	2266	4562
5	2366	2240	2100	4563
5	2353	2217	2117	4564
5	2354	2218	2217	4565
5	2363	2227	2226	4566
5	2283	2256	2115	4567
5	2361	2224	2360	4568
5	2763	2632	2762	4569
5	2441	2106	2297	4570
5	2397	2266	2106	4571
5	2481	2345	2400	4572
5	2401	2231	2232	4573
5	2526	2445	2301	4574
5	2434	2230	2285	4575
5	2306	2251	2102	4576
5	2306	2161	2287	4577
5	2503	2389	2439	4578
5	2290	1952	2134	4579
5	2289	2150	1982	4580
5	2289	1982	2147	4581
5	2383	2104	2247	4582
5	2390	2131	2291	4583
5	2390	2288	2131	4584
5	2518	2295	2440	4585
5	2428	2233	2157	4586
5	2791	2567	2651	4587
5	2380	2304	2167	4588
5	2388	2136	2148	4589
5	2294	2265	2140	4590
5	2294	2140	2120	4591
5	2519	2293	2386	4592
5	2365	2085	2239	4593
5	2436	2132	2150	4594
5	2296	2150	2289	4595
5	2297	2151	2245	4596
5	2432	2100	2280	4597
5	2300	2096	2154	4598
5	2300	2154	2299	4599
5	2395	2267	2228	4600
5	2300	2274	2096	4601
5	2412	2267	2395	4602
5	2638	2504	2509	4603
5	2375	2262	2231	4604
5	2302	2155	2301	4605
5	2302	2286	2089	4606
5	2302	2089	2155	4607
5	2368	2156	2234	4608
5	2452	2253	2109	4609
5	2304	2271	2088	4610
5	2304	2088	2167	4611
5	2305	2158	2229	4612
5	2305	2229	2127	4613
5	2435	2286	2302	4614
5	2619	2485	2618	4615
5	2483	2342	2381	4616
5	2572	2433	2423	4617
5	2308	2307	2165	4618
5	2308	2165	2164	4619
5	2310	2166	2116	4620
5	2321	2095	2182	4621
5	2459	2310	2458	4622
5	2632	2499	2498	4623
5	2313	2171	2170	4624
5	2313	2170	2312	4625
5	2570	2430	2427	4626
5	2313	2237	2171	4627
5	2427	2274	2377	4628
5	2444	2377	2300	4629
5	2452	2393	2314	4630
5	2452	2109	2252	4631
5	2588	2315	2453	4632
5	2767	2642	2588	4633
5	2489	2353	2281	4634
5	2454	2254	2318	4635
5	2451	2407	2313	4636
5	2780	2644	2766	4637
5	2491	2355	2356	4638
5	2405	2284	2255	4639
5	2319	2318	2177	4640
5	2319	2177	2176	4641
5	2464	2309	2326	4642
5	2630	2497	2496	4643
5	2323	2181	2322	4644
5	2406	2360	2282	4645
5	2323	2182	2181	4646
5	2323	2321	2182	4647
5	2460	2322	2449	4648
5	2499	2363	2498	4649
5	2325	2185	2184	4650
5	2326	2185	2325	4651
5	2463	2325	2462	4652
5	2761	2630	2760	4653
5	2599	2463	2598	4654
5	2689	2522	2543	4655
5	2466	2327	2465	4656
5	2465	2279	2420	4657
5	2490	2353	2489	4658
5	2333	2191	2332	4659
5	2465	2327	2279	4660
5	2479	2340	2272	4661
5	2467	2328	2466	4662
5	2466	2328	2327	4663
5	2487	2351	2486	4664
5	2333	2192	2191	4665
5	2477	2339	2338	4666
5	2467	2329	2328	4667
5	2471	2332	2470	4668
5	2335	2194	2193	4669
5	2468	2330	2329	4670
5	2473	2334	2472	4671
5	2469	2330	2468	4672
5	2338	2196	2337	4673
5	2469	2331	2330	4674
5	2470	2332	2331	4675
5	2472	2333	2471	4676
5	2339	2272	2198	4677
5	2471	2333	2332	4678
5	2478	2339	2477	4679
5	2472	2334	2333	4680
5	2473	2335	2334	4681
5	2479	2272	2478	4682
5	2352	2215	2214	4683
5	2348	2202	2342	4684
5	2484	2348	2483	4685
5	2348	2210	2202	4686
5	2348	2341	2210	4687
5	2344	2204	2203	4688
5	2357	2220	2204	4689
5	2412	2372	2235	4690
5	2359	2221	2358	4691
5	2346	2208	2207	4692
5	2347	2232	2209	4693
5	2370	2303	2262	4694
5	2347	2208	2346	4695
5	2418	2251	2306	4696
5	2711	2572	2528	4697
5	2425	2265	2294	4698
5	2620	2479	2614	4699
5	2350	2263	2107	4700
5	2349	2211	2123	4701
5	2528	2423	2374	4702
5	2423	2263	2374	4703
5	2474	2336	2335	4704
5	2371	2250	2265	4705
5	2376	2259	2264	4706
5	2477	2338	2476	4707
5	2430	2268	2427	4708
5	2356	2218	2354	4709
5	2586	2524	2407	4710
5	2566	2457	2529	4711
5	2470	2331	2469	4712
5	2468	2329	2467	4713
5	2356	2355	2219	4714
5	2356	2219	2218	4715
5	2821	2722	2780	4716
5	2761	2631	2630	4717
5	2726	2589	2724	4718
5	2463	2326	2325	4719
5	2496	2360	2406	4720
5	2632	2498	2631	4721
5	2361	2225	2224	4722
5	2362	2226	2225	4723
5	2630	2496	2629	4724
5	2364	2142	2227	4725
5	3011	2931	2887	4726
5	2912	2884	2769	4727
5	2494	2357	2492	4728
5	2364	2227	2363	4729
5	2411	2395	2228	4730
5	2399	2256	2373	4731
5	2674	2505	2397	4732
5	2428	2157	2270	4733
5	2367	2240	2366	4734
5	2367	2249	2240	4735
5	2537	2241	2438	4736
5	2695	2537	2637	4737
5	2523	2258	2368	4738
5	2523	2424	2258	4739
5	2437	2296	2290	4740
5	2369	2290	2134	4741
5	2733	2598	2647	4742
5	2540	2303	2370	4743
5	2448	2414	2307	4744
5	2546	2381	2521	4745
5	2372	2311	2235	4746
5	2524	2396	2407	4747
5	2500	2373	2283	4748
5	2499	2364	2363	4749
5	2485	2374	2350	4750
5	2572	2423	2528	4751
5	2482	2346	2481	4752
5	2520	2375	2401	4753
5	2404	2294	2259	4754
5	2425	2294	2404	4755
5	2570	2427	2522	4756
5	2396	2298	2237	4757
5	2552	2369	2544	4758
5	2801	2501	2648	4759
5	2438	2133	2292	4760
5	2380	2167	2379	4761
5	2516	2379	2233	4762
5	2391	2128	2288	4763
5	2382	2349	2236	4764
5	2698	2616	2690	4765
5	2563	2394	2514	4766
5	2565	2371	2425	4767
5	2417	2247	2248	4768
5	2548	2415	2229	4769
5	2549	2277	2383	4770
5	2415	2244	2229	4771
5	2385	2319	2317	4772
5	2455	2316	2275	4773
5	2387	2097	2293	4774
5	2386	2293	2135	4775
5	2569	2545	2378	4776
5	2389	2239	2242	4777
5	2648	2365	2551	4778
5	2555	2280	2178	4779
5	2548	2229	2431	4780
5	2439	2136	2388	4781
5	2552	2437	2369	4782
5	2576	2296	2437	4783
5	2553	2288	2390	4784
5	2437	2290	2369	4785
5	2392	2368	2234	4786
5	2392	2234	2246	4787
5	2393	2392	2246	4788
5	2393	2246	2314	4789
5	2422	2381	2260	4790
5	2394	2276	2243	4791
5	2840	2707	2692	4792
5	2760	2629	2759	4793
5	2443	2299	2298	4794
5	2444	2299	2443	4795
5	2534	2367	2366	4796
5	2426	2356	2354	4797
5	2398	2324	2251	4798
5	2573	2507	2434	4799
5	2493	2411	2273	4800
5	2480	2343	2399	4801
5	2526	2301	2424	4802
5	2424	2301	2173	4803
5	2513	2435	2445	4804
5	2482	2347	2346	4805
5	2402	2401	2232	4806
5	2402	2232	2347	4807
5	2403	2382	2236	4808
5	2403	2236	2341	4809
5	2673	2528	2619	4810
5	2584	2371	2565	4811
5	2557	2420	2491	4812
5	2716	2534	2535	4813
5	2498	2362	2497	4814
5	2497	2361	2496	4815
5	2407	2396	2237	4816
5	2407	2237	2313	4817
5	2408	2406	2282	4818
5	2408	2282	2238	4819
5	2409	2408	2238	4820
5	2409	2238	2257	4821
5	2410	2409	2257	4822
5	2410	2257	2269	4823
5	2492	2344	2480	4824
5	2494	2358	2357	4825
5	2530	2502	2492	4826
5	2530	2480	2399	4827
5	2413	2410	2269	4828
5	2413	2269	2321	4829
5	2414	2394	2243	4830
5	2414	2243	2307	4831
5	2544	2369	2097	4832
5	2440	2295	2137	4833
5	2685	2440	2653	4834
5	2653	2440	2560	4835
5	2667	2515	2505	4836
5	2660	2571	2384	4837
5	2447	2418	2306	4838
5	2447	2287	2446	4839
5	2689	2682	2522	4840
5	2452	2314	2253	4841
5	2491	2420	2355	4842
5	2491	2356	2426	4843
5	2590	2456	2455	4844
5	2421	2405	2255	4845
5	2690	2616	2617	4846
5	2892	2781	2782	4847
5	2433	2285	2261	4848
5	2434	2285	2433	4849
5	2453	2174	2303	4850
5	2618	2485	2382	4851
5	2521	2381	2422	4852
5	2975	2841	2893	4853
5	2693	2566	2529	4854
5	2625	2558	2421	4855
5	2456	2385	2317	4856
5	2668	2645	2554	4857
5	2567	2270	2087	4858
5	2658	2367	2534	4859
5	2661	2429	2550	4860
5	2519	2387	2293	4861
5	2591	2385	2456	4862
5	2626	2491	2426	4863
5	2660	2548	2571	4864
5	2701	2561	2415	4865
5	2510	2284	2405	4866
5	2771	2550	2659	4867
5	2720	2520	2583	4868
5	2434	2400	2230	4869
5	2730	2525	2596	4870
5	2712	2572	2711	4871
5	2698	2547	2616	4872
5	2446	2287	2286	4873
5	2575	2291	2436	4874
5	2436	2150	2296	4875
5	2839	2666	2553	4876
5	2436	2291	2132	4877
5	2501	2292	2365	4878
5	3006	2834	2756	4879
5	2439	2389	2242	4880
5	2439	2242	2136	4881
5	2654	2552	2544	4882
5	2773	2552	2654	4883
5	3145	3066	3083	4884
5	2623	2426	2490	4885
5	2442	2441	2297	4886
5	2442	2297	2245	4887
5	2628	2493	2495	4888
5	2724	2570	2682	4889
5	2532	2395	2411	4890
5	2603	2467	2602	4891
5	2445	2435	2302	4892
5	2445	2302	2301	4893
5	2447	2306	2287	4894
5	2525	2410	2413	4895
5	2546	2483	2381	4896
5	2596	2461	2595	4897
5	2614	2479	2478	4898
5	2610	2474	2609	4899
5	2461	2413	2321	4900
5	2461	2323	2460	4901
5	2451	2313	2312	4902
5	2450	2312	2311	4903
5	2722	2585	2644	4904
5	2586	2451	2585	4905
5	2587	2252	2419	4906
5	2587	2452	2252	4907
5	2588	2419	2315	4908
5	2453	2315	2174	4909
5	2490	2354	2353	4910
5	2454	2421	2254	4911
5	2456	2316	2455	4912
5	2456	2317	2316	4913
5	2579	2396	2524	4914
5	2762	2632	2631	4915
5	2457	2454	2318	4916
5	2457	2318	2319	4917
5	2459	2320	2310	4918
5	2459	2449	2320	4919
5	2574	2446	2435	4920
5	2649	2502	2530	4921
5	2596	2525	2413	4922
5	2598	2463	2462	4923
5	2595	2461	2460	4924
5	2525	2509	2410	4925
5	2845	2822	2665	4926
5	2464	2326	2463	4927
5	2592	2459	2458	4928
5	2464	2458	2309	4929
5	2594	2460	2449	4930
5	2729	2594	2593	4931
5	2611	2476	2475	4932
5	2602	2466	2601	4933
5	2604	2468	2603	4934
5	2600	2465	2420	4935
5	2612	2477	2476	4936
5	2558	2405	2421	4937
5	2601	2466	2465	4938
5	2474	2335	2473	4939
5	2608	2472	2607	4940
5	2605	2469	2604	4941
5	2602	2467	2466	4942
5	2612	2476	2611	4943
5	2603	2468	2467	4944
5	2476	2338	2337	4945
5	2609	2473	2608	4946
5	2614	2478	2613	4947
5	2604	2469	2468	4948
5	2605	2470	2469	4949
5	2607	2471	2606	4950
5	2476	2337	2475	4951
5	2606	2470	2605	4952
5	2606	2471	2470	4953
5	2613	2477	2612	4954
5	2488	2352	2487	4955
5	2607	2472	2471	4956
5	2608	2473	2472	4957
5	2621	2486	2620	4958
5	2486	2340	2479	4959
5	2609	2474	2473	4960
5	2610	2475	2474	4961
5	2492	2357	2344	4962
5	2493	2273	2359	4963
5	2482	2402	2347	4964
5	2481	2346	2345	4965
5	2583	2520	2401	4966
5	2581	2418	2447	4967
5	2484	2341	2348	4968
5	2943	2831	2798	4969
5	2541	2404	2376	4970
5	2584	2448	2371	4971
5	2618	2382	2547	4972
5	2749	2547	2698	4973
5	2622	2488	2487	4974
5	2841	2706	2775	4975
5	2721	2584	2565	4976
5	2488	2376	2264	4977
5	2617	2483	2546	4978
5	2541	2376	2508	4979
5	2490	2426	2354	4980
5	2600	2420	2557	4981
5	2674	2667	2505	4982
5	2705	2555	2704	4983
5	2704	2555	2510	4984
5	2601	2465	2600	4985
5	3015	2905	2913	4986
5	2628	2495	2627	4987
5	2495	2358	2494	4988
5	2542	2372	2412	4989
5	2495	2359	2358	4990
5	2495	2493	2359	4991
5	2591	2529	2385	4992
5	2543	2522	2377	4993
5	2533	2408	2504	4994
5	2633	2531	2373	4995
5	2533	2406	2408	4996
5	2500	2283	2364	4997
5	2530	2399	2531	4998
5	2530	2492	2480	4999
5	2633	2373	2500	5000
5	2500	2364	2499	5001
5	2827	2650	2664	5002
5	2631	2498	2497	5003
5	2705	2432	2555	5004
5	2567	2087	2249	5005
5	2502	2494	2492	5006
5	2629	2406	2533	5007
5	2678	2551	2389	5008
5	2551	2239	2389	5009
5	2593	2449	2459	5010
5	2596	2413	2461	5011
5	2515	2281	2505	5012
5	2505	2281	2118	5013
5	2506	2481	2400	5014
5	2573	2434	2433	5015
5	2507	2506	2400	5016
5	2507	2400	2434	5017
5	2679	2508	2622	5018
5	2620	2486	2479	5019
5	2509	2504	2409	5020
5	2509	2409	2410	5021
5	2537	2093	2241	5022
5	2515	2489	2281	5023
5	2511	2450	2372	5024
5	2542	2511	2372	5025
5	2512	2462	2398	5026
5	2854	2765	2729	5027
5	2583	2401	2402	5028
5	2574	2435	2513	5029
5	2878	2751	2877	5030
5	2541	2425	2404	5031
5	2697	2559	2640	5032
5	2589	2430	2570	5033
5	2550	2429	2304	5034
5	2811	2685	2653	5035
5	2517	2503	2439	5036
5	2517	2439	2388	5037
5	2634	2503	2517	5038
5	2518	2517	2388	5039
5	2770	2700	2569	5040
5	2569	2378	2429	5041
5	2540	2453	2303	5042
5	2564	2375	2520	5043
5	2750	2673	2619	5044
5	2691	2546	2656	5045
5	2522	2427	2377	5046
5	2783	2717	2643	5047
5	2642	2419	2588	5048
5	2639	2424	2523	5049
5	2543	2377	2444	5050
5	2795	2689	2669	5051
5	2593	2459	2592	5052
5	3090	2957	3016	5053
5	2635	2445	2526	5054
5	2639	2526	2424	5055
5	2527	2514	2414	5056
5	2527	2414	2448	5057
5	2781	2690	2691	5058
5	2836	2698	2690	5059
5	2529	2457	2385	5060
5	2682	2570	2522	5061
5	2692	2626	2623	5062
5	2758	2668	2628	5063
5	2755	2623	2624	5064
5	2531	2399	2373	5065
5	2559	2395	2532	5066
5	2776	2768	2640	5067
5	2629	2496	2406	5068
5	2631	2497	2630	5069
5	2536	2442	2245	5070
5	2637	2537	2438	5071
5	2535	2534	2366	5072
5	2535	2366	2432	5073
5	2577	2397	2441	5074
5	2967	2578	2636	5075
5	2537	2536	2245	5076
5	2537	2245	2093	5077
5	2538	2523	2368	5078
5	2538	2368	2392	5079
5	2539	2512	2398	5080
5	2539	2398	2418	5081
5	2663	2512	2539	5082
5	2639	2538	2655	5083
5	2565	2425	2541	5084
5	2583	2402	2556	5085
5	2669	2543	2580	5086
5	2883	2840	2692	5087
5	2580	2443	2579	5088
5	2580	2543	2444	5089
5	2660	2384	2549	5090
5	2553	2391	2288	5091
5	2545	2519	2386	5092
5	2545	2386	2378	5093
5	2547	2382	2403	5094
5	2619	2374	2485	5095
5	2749	2618	2547	5096
5	2688	2521	2563	5097
5	2549	2384	2277	5098
5	2571	2278	2384	5099
5	2701	2415	2548	5100
5	2654	2544	2652	5101
5	2785	2577	2715	5102
5	2551	2365	2239	5103
5	2666	2417	2391	5104
5	2666	2391	2553	5105
5	2702	2653	2560	5106
5	2648	2501	2365	5107
5	3059	2837	2938	5108
5	2576	2436	2296	5109
5	2554	2532	2411	5110
5	2554	2411	2493	5111
5	2774	2705	2704	5112
5	2815	2651	2568	5113
5	2681	2527	2584	5114
5	2584	2527	2448	5115
5	2626	2426	2623	5116
5	2727	2725	2591	5117
5	3136	3031	2946	5118
5	2625	2421	2454	5119
5	2559	2542	2412	5120
5	2559	2412	2395	5121
5	2560	2440	2137	5122
5	2560	2137	2416	5123
5	2561	2560	2416	5124
5	2561	2416	2415	5125
5	2562	2538	2392	5126
5	2562	2392	2393	5127
5	2563	2521	2422	5128
5	2563	2422	2394	5129
5	2767	2588	2723	5130
5	2564	2370	2375	5131
5	2900	2788	2789	5132
5	2871	2745	2870	5133
5	2625	2454	2566	5134
5	2566	2454	2457	5135
5	2801	2637	2501	5136
5	2791	2428	2567	5137
5	2568	2567	2249	5138
5	2568	2249	2367	5139
5	2686	2652	2387	5140
5	2686	2387	2519	5141
5	2589	2455	2430	5142
5	2590	2455	2589	5143
5	2571	2548	2431	5144
5	2571	2431	2278	5145
5	2827	2796	2650	5146
5	2713	2507	2573	5147
5	2671	2664	2615	5148
5	2796	2720	2650	5149
5	2581	2539	2418	5150
5	2582	2446	2574	5151
5	2714	2390	2575	5152
5	2575	2390	2291	5153
5	2714	2575	2576	5154
5	2576	2575	2436	5155
5	2825	2678	2503	5156
5	2803	2695	2637	5157
5	2578	2577	2441	5158
5	2578	2441	2442	5159
5	2580	2444	2443	5160
5	2579	2443	2396	5161
5	2708	2489	2515	5162
5	2689	2543	2669	5163
5	2719	2574	2677	5164
5	2728	2593	2592	5165
5	2582	2581	2447	5166
5	2582	2447	2446	5167
5	2720	2583	2650	5168
5	2720	2696	2520	5169
5	2798	2657	2672	5170
5	2706	2541	2508	5171
5	2586	2407	2451	5172
5	2585	2451	2450	5173
5	2676	2627	2502	5174
5	2800	2759	2646	5175
5	2587	2562	2393	5176
5	2587	2393	2452	5177
5	2723	2588	2453	5178
5	2655	2538	2562	5179
5	2717	2579	2643	5180
5	2852	2726	2793	5181
5	2725	2693	2529	5182
5	2591	2456	2590	5183
5	3178	3143	3015	5184
5	2963	2795	2919	5185
5	2595	2460	2594	5186
5	2594	2449	2593	5187
5	2848	2696	2720	5188
5	2728	2592	2662	5189
5	2778	2733	2647	5190
5	2763	2633	2632	5191
5	2733	2599	2598	5192
5	2731	2595	2594	5193
5	2729	2593	2728	5194
5	2764	2633	2763	5195
5	2597	2592	2458	5196
5	2597	2458	2464	5197
5	2599	2464	2463	5198
5	2599	2597	2464	5199
5	2662	2592	2597	5200
5	2731	2594	2729	5201
5	2724	2589	2570	5202
5	2797	2755	2624	5203
5	2708	2624	2489	5204
5	2737	2601	2736	5205
5	2736	2601	2600	5206
5	2737	2602	2601	5207
5	2735	2600	2557	5208
5	2707	2557	2626	5209
5	2741	2605	2740	5210
5	2613	2478	2477	5211
5	2752	2621	2620	5212
5	2738	2603	2602	5213
5	2743	2607	2742	5214
5	2622	2487	2621	5215
5	2739	2604	2603	5216
5	2753	2622	2621	5217
5	2744	2608	2743	5218
5	2740	2605	2604	5219
5	2745	2610	2609	5220
5	2611	2475	2610	5221
5	2741	2606	2605	5222
5	2746	2611	2610	5223
5	2742	2607	2606	5224
5	2748	2612	2747	5225
5	2743	2608	2607	5226
5	2748	2614	2613	5227
5	2745	2609	2744	5228
5	2621	2487	2486	5229
5	2751	2614	2748	5230
5	2744	2609	2608	5231
5	2615	2556	2482	5232
5	2615	2482	2481	5233
5	2616	2547	2403	5234
5	2616	2403	2484	5235
5	2617	2616	2484	5236
5	2617	2484	2483	5237
5	3020	2893	2898	5238
5	2619	2528	2374	5239
5	2688	2563	2657	5240
5	2721	2681	2584	5241
5	2746	2610	2745	5242
5	2622	2508	2488	5243
5	2747	2612	2611	5244
5	2751	2620	2614	5245
5	2681	2672	2527	5246
5	2706	2508	2679	5247
5	2738	2602	2737	5248
5	2626	2557	2491	5249
5	2624	2623	2490	5250
5	2624	2490	2489	5251
5	2735	2557	2707	5252
5	2707	2626	2692	5253
5	3163	3041	3154	5254
5	3204	3061	3137	5255
5	2628	2554	2493	5256
5	2627	2495	2494	5257
5	2882	2754	2881	5258
5	2901	2769	2792	5259
5	2646	2504	2638	5260
5	2764	2757	2531	5261
5	2951	2799	2804	5262
5	2650	2583	2556	5263
5	2832	2639	2655	5264
5	2633	2499	2632	5265
5	2646	2533	2504	5266
5	2885	2760	2759	5267
5	2759	2533	2646	5268
5	2764	2531	2633	5269
5	2940	2801	2648	5270
5	2637	2438	2501	5271
5	2924	2767	2723	5272
5	2635	2513	2445	5273
5	2636	2578	2442	5274
5	2636	2442	2536	5275
5	2906	2830	2779	5276
5	2651	2567	2568	5277
5	2854	2729	2728	5278
5	2730	2641	2525	5279
5	2709	2370	2564	5280
5	2642	2587	2419	5281
5	2640	2559	2532	5282
5	2784	2697	2768	5283
5	2641	2638	2509	5284
5	2641	2509	2525	5285
5	2639	2523	2538	5286
5	2642	2655	2562	5287
5	2643	2579	2524	5288
5	2670	2643	2524	5289
5	2670	2524	2586	5290
5	3107	2983	3105	5291
5	2645	2640	2532	5292
5	2645	2532	2554	5293
5	2807	2638	2799	5294
5	2759	2629	2533	5295
5	2647	2598	2512	5296
5	2663	2647	2512	5297
5	2659	2550	2380	5298
5	2946	2785	2715	5299
5	2668	2554	2628	5300
5	2676	2502	2649	5301
5	2853	2728	2662	5302
5	2677	2574	2513	5303
5	2695	2536	2537	5304
5	2659	2380	2379	5305
5	2703	2576	2437	5306
5	2810	2654	2652	5307
5	3027	2779	2935	5308
5	2915	2654	2810	5309
5	2702	2560	2561	5310
5	2969	2846	2896	5311
5	2642	2562	2587	5312
5	2847	2719	2677	5313
5	2656	2546	2521	5314
5	2876	2673	2750	5315
5	2688	2656	2521	5316
5	2657	2563	2514	5317
5	2815	2568	2658	5318
5	2658	2568	2367	5319
5	2904	2678	2825	5320
5	2661	2569	2429	5321
5	2938	2837	2702	5322
5	2699	2383	2417	5323
5	2947	2774	2894	5324
5	2818	2551	2678	5325
5	2734	2599	2733	5326
5	2857	2734	2733	5327
5	2671	2506	2665	5328
5	2711	2528	2673	5329
5	2664	2650	2556	5330
5	2664	2556	2615	5331
5	2671	2615	2506	5332
5	2665	2506	2507	5333
5	2817	2549	2699	5334
5	2699	2549	2383	5335
5	2675	2405	2558	5336
5	2756	2558	2625	5337
5	2758	2627	2676	5338
5	2784	2766	2694	5339
5	3133	2952	3050	5340
5	2912	2769	2901	5341
5	2780	2722	2644	5342
5	3061	2930	3026	5343
5	2809	2718	2719	5344
5	2680	2663	2539	5345
5	2672	2657	2514	5346
5	2672	2514	2527	5347
5	2713	2573	2712	5348
5	2712	2573	2572	5349
5	2674	2397	2577	5350
5	2715	2577	2578	5351
5	2756	2625	2754	5352
5	2739	2603	2738	5353
5	2758	2628	2627	5354
5	2889	2763	2762	5355
5	2680	2539	2581	5356
5	2777	2663	2680	5357
5	3027	2906	2779	5358
5	2779	2687	2700	5359
5	2753	2679	2622	5360
5	2752	2620	2751	5361
5	2790	2663	2777	5362
5	2978	2895	2854	5363
5	2710	2541	2706	5364
5	3004	2898	2880	5365
5	2851	2693	2725	5366
5	2986	2852	2793	5367
5	2683	2659	2379	5368
5	2683	2379	2516	5369
5	2938	2702	2838	5370
5	2684	2634	2517	5371
5	2685	2684	2518	5372
5	2685	2518	2440	5373
5	3138	3040	3023	5374
5	2770	2569	2661	5375
5	2687	2686	2519	5376
5	2687	2519	2545	5377
5	2788	2672	2681	5378
5	2921	2836	2916	5379
5	2966	2802	2635	5380
5	2833	2639	2832	5381
5	2750	2618	2749	5382
5	2750	2619	2618	5383
5	2691	2690	2617	5384
5	2691	2617	2546	5385
5	2753	2621	2752	5386
5	2736	2600	2735	5387
5	2754	2566	2693	5388
5	2834	2558	2756	5389
5	2694	2644	2511	5390
5	2694	2511	2542	5391
5	2786	2708	2515	5392
5	2835	2636	2536	5393
5	2802	2513	2635	5394
5	2709	2540	2370	5395
5	2697	2694	2542	5396
5	2697	2542	2559	5397
5	2843	2711	2842	5398
5	2874	2698	2836	5399
5	2812	2417	2666	5400
5	2838	2702	2561	5401
5	2700	2687	2545	5402
5	2700	2545	2569	5403
5	2830	2686	2687	5404
5	2907	2810	2830	5405
5	2838	2561	2701	5406
5	2703	2437	2552	5407
5	3023	2969	2896	5408
5	2714	2553	2390	5409
5	3186	2940	3058	5410
5	2772	2704	2510	5411
5	2923	2658	2534	5412
5	2705	2535	2432	5413
5	2710	2565	2541	5414
5	2721	2565	2710	5415
5	3008	2981	2840	5416
5	2726	2590	2589	5417
5	2862	2736	2861	5418
5	2754	2625	2566	5419
5	2787	2655	2642	5420
5	2850	2723	2540	5421
5	2831	2657	2798	5422
5	2814	2656	2688	5423
5	2849	2789	2721	5424
5	2713	2665	2507	5425
5	2843	2712	2711	5426
5	2922	2790	2920	5427
5	2999	2876	2875	5428
5	2925	2765	2895	5429
5	2839	2553	2714	5430
5	2846	2576	2703	5431
5	2774	2535	2705	5432
5	2772	2510	2675	5433
5	2816	2771	2659	5434
5	3014	2786	2897	5435
5	2717	2669	2580	5436
5	2717	2580	2579	5437
5	2718	2680	2581	5438
5	2718	2581	2582	5439
5	2719	2718	2582	5440
5	2719	2582	2574	5441
5	2874	2749	2698	5442
5	2857	2733	2778	5443
5	3127	3003	3002	5444
5	2877	2751	2748	5445
5	2722	2670	2586	5446
5	2722	2586	2585	5447
5	2924	2787	2767	5448
5	2802	2677	2513	5449
5	2725	2529	2591	5450
5	2828	2794	2682	5451
5	2727	2590	2726	5452
5	2863	2737	2862	5453
5	2727	2591	2590	5454
5	2879	2752	2878	5455
5	2881	2754	2693	5456
5	2740	2604	2739	5457
5	3052	2895	3041	5458
5	2799	2638	2641	5459
5	3140	3050	3055	5460
5	2889	2762	2887	5461
5	2732	2595	2731	5462
5	2732	2596	2595	5463
5	2732	2730	2596	5464
5	2942	2913	2780	5465
5	2888	2792	2757	5466
5	3010	2886	2885	5467
5	2734	2597	2599	5468
5	2734	2662	2597	5469
5	2826	2680	2718	5470
5	2822	2671	2665	5471
5	2913	2821	2780	5472
5	3117	2992	3116	5473
5	2828	2689	2795	5474
5	2852	2727	2726	5475
5	2882	2756	2754	5476
5	2742	2606	2741	5477
5	2928	2883	2755	5478
5	2861	2736	2735	5479
5	2871	2746	2745	5480
5	2863	2738	2737	5481
5	2862	2737	2736	5482
5	2865	2739	2864	5483
5	2864	2739	2738	5484
5	2748	2613	2612	5485
5	2873	2748	2747	5486
5	2868	2742	2867	5487
5	2865	2740	2739	5488
5	2869	2743	2868	5489
5	2866	2741	2740	5490
5	2872	2746	2871	5491
5	2880	2775	2679	5492
5	2747	2611	2746	5493
5	2867	2742	2741	5494
5	2868	2743	2742	5495
5	2877	2748	2873	5496
5	2869	2744	2743	5497
5	2880	2679	2753	5498
5	2870	2745	2744	5499
5	2836	2690	2781	5500
5	2842	2711	2673	5501
5	2970	2843	2842	5502
5	3002	2877	3001	5503
5	2878	2752	2751	5504
5	2872	2747	2746	5505
5	2879	2753	2752	5506
5	3545	3387	3529	5507
5	2798	2672	2788	5508
5	2849	2710	2841	5509
5	2864	2738	2863	5510
5	2797	2624	2708	5511
5	2861	2735	2859	5512
5	2755	2692	2623	5513
5	2774	2716	2535	5514
5	2929	2675	2834	5515
5	2757	2649	2530	5516
5	2757	2530	2531	5517
5	2930	2768	2776	5518
5	3011	2887	2886	5519
5	2760	2630	2629	5520
5	2762	2631	2761	5521
5	2886	2760	2885	5522
5	2885	2759	2800	5523
5	2886	2761	2760	5524
5	2942	2780	2766	5525
5	2884	2676	2769	5526
5	2887	2762	2761	5527
5	2769	2676	2649	5528
5	2911	2805	2823	5529
5	2888	2757	2764	5530
5	2887	2761	2886	5531
5	2765	2731	2729	5532
5	2854	2728	2853	5533
5	3026	2939	3021	5534
5	2952	2807	2891	5535
5	3070	2961	2847	5536
5	2787	2642	2767	5537
5	2784	2694	2697	5538
5	2768	2697	2640	5539
5	2776	2640	2645	5540
5	3079	2933	3074	5541
5	2818	2648	2551	5542
5	3076	2770	2936	5543
5	3156	3060	2953	5544
5	2771	2661	2550	5545
5	2937	2708	2786	5546
5	2786	2515	2667	5547
5	3028	2936	2771	5548
5	2773	2703	2552	5549
5	2785	2674	2577	5550
5	2785	2667	2674	5551
5	2775	2706	2679	5552
5	2880	2753	2879	5553
5	3029	3012	3013	5554
5	3169	3082	3143	5555
5	2845	2665	2713	5556
5	2824	2671	2822	5557
5	2844	2712	2843	5558
5	2960	2920	2777	5559
5	3037	3024	2918	5560
5	2935	2779	2700	5561
5	3207	3074	3204	5562
5	3233	3067	3201	5563
5	2814	2782	2656	5564
5	2998	2874	2921	5565
5	2782	2781	2691	5566
5	2782	2691	2656	5567
5	3047	3008	2883	5568
5	3170	3081	3169	5569
5	2945	2768	2930	5570
5	2913	2905	2821	5571
5	3031	2785	2946	5572
5	2894	2774	2704	5573
5	3032	2834	3006	5574
5	2897	2786	2667	5575
5	2966	2635	2833	5576
5	2850	2540	2709	5577
5	2973	2845	2844	5578
5	2971	2957	2822	5579
5	2789	2788	2681	5580
5	2789	2681	2721	5581
5	2790	2778	2647	5582
5	2790	2647	2663	5583
5	2808	2428	2791	5584
5	2808	2516	2428	5585
5	2792	2769	2649	5586
5	2792	2649	2757	5587
5	2793	2726	2724	5588
5	2820	2717	2783	5589
5	2794	2793	2724	5590
5	2794	2724	2682	5591
5	2828	2682	2689	5592
5	3372	3258	3270	5593
5	2845	2713	2844	5594
5	2847	2809	2719	5595
5	2834	2675	2558	5596
5	2894	2704	2772	5597
5	3127	3002	3126	5598
5	2950	2788	2900	5599
5	3009	2885	2800	5600
5	3009	2800	2952	5601
5	3158	3021	3053	5602
5	2932	2901	2792	5603
5	2835	2536	2695	5604
5	3160	2637	2801	5605
5	2813	2564	2696	5606
5	2848	2720	2796	5607
5	2816	2659	2683	5608
5	2808	2683	2516	5609
5	2804	2799	2641	5610
5	2804	2641	2730	5611
5	2805	2776	2645	5612
5	2805	2645	2668	5613
5	2806	2783	2643	5614
5	2806	2643	2670	5615
5	2807	2800	2646	5616
5	2807	2646	2638	5617
5	2936	2661	2771	5618
5	3174	2929	3032	5619
5	2813	2709	2564	5620
5	2824	2664	2671	5621
5	2829	2684	2811	5622
5	2811	2684	2685	5623
5	2830	2687	2779	5624
5	2825	2503	2634	5625
5	2817	2660	2549	5626
5	2812	2699	2417	5627
5	2832	2655	2787	5628
5	2954	2709	2813	5629
5	2916	2836	2781	5630
5	2999	2875	2998	5631
5	2918	2695	2803	5632
5	2904	2818	2678	5633
5	2909	2791	2651	5634
5	2918	2835	2695	5635
5	3097	2968	2908	5636
5	2819	2660	2817	5637
5	2907	2830	2906	5638
5	3065	2801	2940	5639
5	2819	2701	2548	5640
5	2819	2548	2660	5641
5	2820	2795	2669	5642
5	2820	2669	2717	5643
5	2821	2806	2670	5644
5	2821	2670	2722	5645
5	2827	2664	2824	5646
5	2826	2718	2809	5647
5	2823	2805	2668	5648
5	2823	2668	2758	5649
5	2974	2827	2958	5650
5	2920	2790	2777	5651
5	2959	2829	2811	5652
5	2935	2700	2770	5653
5	3092	3016	2971	5654
5	2826	2777	2680	5655
5	2914	2857	2778	5656
5	2962	2696	2848	5657
5	2919	2820	2899	5658
5	2982	2851	2860	5659
5	3058	2940	2818	5660
5	2829	2634	2684	5661
5	2830	2810	2652	5662
5	2830	2652	2686	5663
5	2831	2814	2688	5664
5	2831	2688	2657	5665
5	2833	2526	2639	5666
5	2833	2635	2526	5667
5	2903	2677	2802	5668
5	3166	3086	2961	5669
5	2859	2707	2840	5670
5	2859	2735	2707	5671
5	2967	2835	2918	5672
5	2967	2636	2835	5673
5	2876	2842	2673	5674
5	2844	2713	2712	5675
5	2837	2811	2653	5676
5	2837	2653	2702	5677
5	3063	2773	2915	5678
5	2968	2819	2908	5679
5	2896	2846	2703	5680
5	2896	2703	2773	5681
5	2866	2740	2865	5682
5	2867	2741	2866	5683
5	2849	2721	2710	5684
5	2841	2710	2706	5685
5	2875	2749	2874	5686
5	2916	2781	2892	5687
5	3101	3051	2972	5688
5	2895	2765	2854	5689
5	2921	2874	2836	5690
5	2957	2824	2822	5691
5	2978	2854	2853	5692
5	3038	2979	2914	5693
5	2846	2839	2714	5694
5	2846	2714	2576	5695
5	2958	2824	2957	5696
5	2961	2960	2826	5697
5	2977	2787	2924	5698
5	3147	2954	3093	5699
5	3148	3080	3141	5700
5	3191	3064	3167	5701
5	3045	2850	2954	5702
5	2924	2723	2850	5703
5	2881	2693	2851	5704
5	3046	2923	2716	5705
5	2860	2727	2852	5706
5	2860	2725	2727	5707
5	2858	2734	2857	5708
5	3068	2998	2921	5709
5	2951	2891	2799	5710
5	2926	2804	2855	5711
5	2855	2804	2730	5712
5	2855	2730	2732	5713
5	2856	2855	2732	5714
5	2856	2732	2731	5715
5	2858	2662	2734	5716
5	2858	2853	2662	5717
5	2958	2827	2824	5718
5	2922	2778	2790	5719
5	2981	2859	2840	5720
5	3047	2883	2928	5721
5	2989	2864	2988	5722
5	2860	2851	2725	5723
5	3005	2881	2851	5724
5	2986	2793	2927	5725
5	2984	2860	2852	5726
5	2919	2795	2820	5727
5	3019	2919	3018	5728
5	2939	2805	2911	5729
5	2983	2861	2859	5730
5	2870	2744	2869	5731
5	2985	2862	2861	5732
5	2992	2867	2991	5733
5	2987	2863	2862	5734
5	2988	2864	2863	5735
5	2996	2872	2871	5736
5	2989	2865	2864	5737
5	2993	2868	2992	5738
5	2990	2866	2865	5739
5	2994	2869	2993	5740
5	2991	2867	2866	5741
5	3004	2879	3003	5742
5	2873	2747	2872	5743
5	2992	2868	2867	5744
5	3003	2879	2878	5745
5	2995	2870	2994	5746
5	2993	2869	2868	5747
5	2994	2870	2869	5748
5	3257	3172	3242	5749
5	2875	2750	2749	5750
5	2876	2750	2875	5751
5	2973	2971	2845	5752
5	2955	2831	2943	5753
5	3256	3154	3226	5754
5	3001	2873	2997	5755
5	2995	2871	2870	5756
5	2997	2873	2872	5757
5	3373	3260	3297	5758
5	3002	2878	2877	5759
5	3004	2880	2879	5760
5	3001	2877	2873	5761
5	3043	2893	3020	5762
5	3244	3242	3124	5763
5	2996	2871	2995	5764
5	3174	3072	2929	5765
5	2883	2692	2755	5766
5	2983	2859	2981	5767
5	2928	2755	2797	5768
5	2990	2865	2989	5769
5	2884	2823	2758	5770
5	2884	2758	2676	5771
5	2931	2889	2887	5772
5	3135	3034	3011	5773
5	3122	2998	3068	5774
5	3041	2895	2978	5775
5	3000	2970	2842	5776
5	2952	2800	2807	5777
5	2890	2763	2889	5778
5	2890	2888	2764	5779
5	2890	2764	2763	5780
5	3026	2930	2939	5781
5	3152	3056	3073	5782
5	3307	3193	3258	5783
5	2891	2807	2799	5784
5	3135	3010	3134	5785
5	2948	2892	2782	5786
5	2948	2782	2814	5787
5	2893	2841	2775	5788
5	3003	2878	3002	5789
5	2923	2534	2716	5790
5	2897	2667	2785	5791
5	2902	2855	2856	5792
5	2926	2855	2902	5793
5	2956	2699	2812	5794
5	3063	2896	2773	5795
5	2988	2863	2987	5796
5	3183	3162	2947	5797
5	2898	2893	2775	5798
5	2898	2775	2880	5799
5	2899	2820	2783	5800
5	2905	2806	2821	5801
5	2976	2849	2975	5802
5	2976	2900	2789	5803
5	3258	3193	3205	5804
5	3013	2889	2931	5805
5	3154	3041	3062	5806
5	3057	2925	3052	5807
5	2960	2777	2826	5808
5	2903	2847	2677	5809
5	3182	2906	3027	5810
5	3156	2953	3035	5811
5	2944	2806	2905	5812
5	2944	2783	2806	5813
5	3098	2968	3097	5814
5	2908	2819	2817	5815
5	2941	2811	2837	5816
5	3017	2810	2907	5817
5	2968	2701	2819	5818
5	2968	2838	2701	5819
5	3028	2771	2816	5820
5	3076	2935	2770	5821
5	2910	2909	2651	5822
5	2910	2651	2815	5823
5	2934	2884	2912	5824
5	2934	2823	2884	5825
5	2934	2911	2823	5826
5	3061	2945	2930	5827
5	3030	2913	2942	5828
5	3292	3132	3168	5829
5	3100	2922	3099	5830
5	2979	2857	2914	5831
5	3063	3023	2896	5832
5	2915	2773	2654	5833
5	3103	2975	3043	5834
5	3080	2950	3025	5835
5	2917	2812	2666	5836
5	2917	2666	2839	5837
5	3037	2918	2803	5838
5	3162	3046	2947	5839
5	2927	2793	2794	5840
5	3019	2963	2919	5841
5	3092	2971	2973	5842
5	2922	2914	2778	5843
5	3243	3122	3157	5844
5	3064	2916	2892	5845
5	2998	2875	2874	5846
5	2972	2843	2970	5847
5	2923	2910	2815	5848
5	2923	2815	2658	5849
5	3099	2920	3091	5850
5	2965	2833	2832	5851
5	2925	2902	2856	5852
5	2925	2856	2765	5853
5	3052	2925	2895	5854
5	2951	2804	2926	5855
5	3151	2937	3014	5856
5	3178	3030	3144	5857
5	3006	2756	2882	5858
5	3014	2937	2786	5859
5	3072	2894	2772	5860
5	2929	2772	2675	5861
5	2933	2766	2784	5862
5	2942	2766	2933	5863
5	2932	2792	2888	5864
5	3053	2911	2934	5865
5	3075	3053	2934	5866
5	3073	3012	3029	5867
5	3467	3356	3466	5868
5	3056	2901	2932	5869
5	3390	3258	3372	5870
5	3053	3021	2911	5871
5	3159	2935	3076	5872
5	2936	2770	2661	5873
5	2940	2648	2818	5874
5	2964	2634	2829	5875
5	3077	2797	2937	5876
5	2937	2797	2708	5877
5	3017	2915	2810	5878
5	3181	3017	2907	5879
5	2939	2930	2776	5880
5	2939	2776	2805	5881
5	3160	2801	3065	5882
5	3058	2818	2904	5883
5	3181	2907	3078	5884
5	2959	2811	2941	5885
5	3135	3011	3010	5886
5	3030	3015	2913	5887
5	3064	2892	3044	5888
5	3260	3141	3149	5889
5	3115	2990	3114	5890
5	2944	2899	2783	5891
5	2945	2933	2784	5892
5	2945	2784	2768	5893
5	3083	2923	3046	5894
5	2947	2716	2774	5895
5	3196	3136	2946	5896
5	3096	2946	2715	5897
5	3172	3051	3101	5898
5	3323	3191	3167	5899
5	2949	2927	2794	5900
5	2949	2794	2828	5901
5	2950	2943	2798	5902
5	2950	2798	2788	5903
5	3374	3261	3315	5904
5	3057	2902	2925	5905
5	3011	2886	3010	5906
5	3010	2885	3009	5907
5	2953	2816	2683	5908
5	2953	2683	2808	5909
5	3093	2813	2962	5910
5	2954	2850	2709	5911
5	2955	2948	2814	5912
5	2955	2814	2831	5913
5	2956	2908	2817	5914
5	2956	2817	2699	5915
5	2973	2844	2972	5916
5	3055	2891	2951	5917
5	2961	2809	2847	5918
5	3102	2958	3090	5919
5	3078	2907	2906	5920
5	3089	2964	2829	5921
5	3087	2962	2848	5922
5	3070	2847	2903	5923
5	2961	2826	2809	5924
5	3286	3173	3263	5925
5	3244	3124	3123	5926
5	2962	2813	2696	5927
5	2963	2949	2828	5928
5	2963	2828	2795	5929
5	3281	3037	3142	5930
5	2964	2825	2634	5931
5	3039	2903	2802	5932
5	3166	2961	3070	5933
5	2966	2833	2965	5934
5	3039	2802	2966	5935
5	3096	2715	2967	5936
5	2967	2715	2578	5937
5	3022	2908	2956	5938
5	3098	2938	2838	5939
5	2969	2917	2839	5940
5	2969	2839	2846	5941
5	2971	2822	2845	5942
5	3090	2958	2957	5943
5	2972	2844	2843	5944
5	3016	2957	2971	5945
5	3091	2960	3086	5946
5	2980	2978	2853	5947
5	2974	2796	2827	5948
5	2974	2848	2796	5949
5	3062	3041	2978	5950
5	3095	3039	2966	5951
5	2976	2789	2849	5952
5	2975	2849	2841	5953
5	3044	2892	2948	5954
5	3103	3033	2976	5955
5	2977	2965	2832	5956
5	2977	2832	2787	5957
5	2980	2858	2979	5958
5	3086	2960	2961	5959
5	2980	2853	2858	5960
5	2979	2858	2857	5961
5	3100	2914	2922	5962
5	3248	3179	3128	5963
5	2985	2861	2983	5964
5	2987	2862	2985	5965
5	3005	2851	2982	5966
5	3007	2881	3005	5967
5	3168	3008	3047	5968
5	2991	2866	2990	5969
5	3129	3005	2982	5970
5	2984	2982	2860	5971
5	3106	2982	2984	5972
5	2997	2872	2996	5973
5	3110	2986	2927	5974
5	2986	2984	2852	5975
5	3018	2919	2899	5976
5	3082	2905	3015	5977
5	3229	3108	3110	5978
5	3331	3204	3259	5979
5	3067	2949	2963	5980
5	3251	3129	3249	5981
5	3109	2987	2985	5982
5	3111	2988	2987	5983
5	3118	2993	3117	5984
5	3113	2989	2988	5985
5	3119	2994	3118	5986
5	3126	3002	3001	5987
5	3114	2990	2989	5988
5	3120	2995	3119	5989
5	3115	2991	2990	5990
5	3128	3004	3003	5991
5	3116	2992	2991	5992
5	3128	3003	3127	5993
5	3117	2993	2992	5994
5	3121	2996	3120	5995
5	3118	2994	2993	5996
5	3128	3048	3004	5997
5	3000	2842	2876	5998
5	3000	2876	2999	5999
5	3241	3121	3120	6000
5	3428	3373	3297	6001
5	3122	2999	2998	6002
5	3062	2978	2980	6003
5	3119	2995	2994	6004
5	3246	3125	3245	6005
5	3121	2997	2996	6006
5	3245	3121	3241	6007
5	3263	3173	3179	6008
5	3120	2996	2995	6009
5	3321	3225	3276	6010
5	3161	3044	3084	6011
5	3132	3105	2981	6012
5	3444	3442	3324	6013
5	3008	2840	2883	6014
5	3175	3006	3130	6015
5	3264	3014	2897	6016
5	3007	2882	2881	6017
5	3109	2985	3107	6018
5	3105	2983	2981	6019
5	3177	3052	3163	6020
5	3254	3133	3253	6021
5	3253	3133	3050	6022
5	3163	3052	3041	6023
5	3054	2931	3034	6024
5	3054	3013	2931	6025
5	3012	2932	2888	6026
5	3012	2888	2890	6027
5	3013	3012	2890	6028
5	3013	2890	2889	6029
5	3130	3006	2882	6030
5	3032	2929	2834	6031
5	3185	3029	3054	6032
5	3180	3137	3026	6033
5	3104	3062	2980	6034
5	3050	2952	2891	6035
5	3036	2956	2812	6036
5	3059	2941	2837	6037
5	3112	2949	3067	6038
5	3112	2927	2949	6039
5	3108	2984	2986	6040
5	3067	2963	3019	6041
5	3247	3127	3126	6042
5	3125	3001	2997	6043
5	3021	2939	2911	6044
5	3075	2912	2901	6045
5	3098	2838	2968	6046
5	3097	2908	3022	6047
5	3036	2812	2917	6048
5	3036	3022	2956	6049
5	3096	2967	3024	6050
5	3024	2967	2918	6051
5	3025	2950	2900	6052
5	3043	2975	2893	6053
5	3200	3018	3170	6054
5	3350	3347	3231	6055
5	3265	3197	3017	6056
5	3266	3078	3182	6057
5	3094	2904	2825	6058
5	3089	2829	2959	6059
5	3034	2931	3011	6060
5	3134	3010	3009	6061
5	3074	2945	3061	6062
5	3074	2933	2945	6063
5	3271	3060	3156	6064
5	3031	2897	2785	6065
5	3376	3309	3162	6066
5	3072	2772	2929	6067
5	3033	3025	2900	6068
5	3033	2900	2976	6069
5	3054	3029	3013	6070
5	3436	3312	3435	6071
5	3186	3065	2940	6072
5	3060	2816	2953	6073
5	3220	3098	3219	6074
5	3040	2969	3023	6075
5	3142	3037	2803	6076
5	3046	2716	2947	6077
5	3051	2973	2972	6078
5	3194	3055	3085	6079
5	3188	2962	3087	6080
5	3045	2924	2850	6081
5	3040	3036	2917	6082
5	3040	2917	2969	6083
5	3092	2973	3051	6084
5	3104	2979	3038	6085
5	3095	2965	3042	6086
5	3042	2965	2977	6087
5	3103	2976	2975	6088
5	3202	3157	3068	6089
5	3084	2955	3049	6090
5	3084	2948	2955	6091
5	3319	3192	3268	6092
5	3482	3372	3417	6093
5	3035	2791	2909	6094
5	3035	2808	2791	6095
5	3130	2882	3007	6096
5	3116	2991	3115	6097
5	3048	3020	2898	6098
5	3048	2898	3004	6099
5	3084	3044	2948	6100
5	3049	2955	2943	6101
5	3133	3009	2952	6102
5	3134	3009	3133	6103
5	3148	3049	3080	6104
5	3124	2970	3000	6105
5	3085	2951	2926	6106
5	3055	3050	2891	6107
5	3075	2934	2912	6108
5	3205	3056	3152	6109
5	3270	3205	3152	6110
5	3255	3176	3135	6111
5	3071	2902	3057	6112
5	3071	2926	2902	6113
5	3395	3316	3289	6114
5	3075	2901	3056	6115
5	3253	3050	3140	6116
5	3085	2926	3071	6117
5	3060	3028	2816	6118
5	3035	2953	2808	6119
5	3219	3097	3218	6120
5	3094	2825	2964	6121
5	3066	2909	2910	6122
5	3376	3162	3183	6123
5	3079	2942	2933	6124
5	3079	3030	2942	6125
5	3101	2972	2970	6126
5	3203	3057	3177	6127
5	3220	3059	2938	6128
5	3218	3097	3022	6129
5	3069	2916	3064	6130
5	3104	2980	2979	6131
5	3159	3027	2935	6132
5	3160	2803	2637	6133
5	3303	3065	3186	6134
5	3199	2909	3066	6135
5	3170	3018	3081	6136
5	3207	3079	3074	6137
5	3214	3051	3172	6138
5	3444	3322	3396	6139
5	3069	3068	2921	6140
5	3069	2921	2916	6141
5	3087	2848	2974	6142
5	3102	2974	2958	6143
5	3410	3268	3273	6144
5	3085	3055	2951	6145
5	3196	2946	3096	6146
5	3275	3028	3060	6147
5	3073	3056	2932	6148
5	3073	2932	3012	6149
5	3316	3144	3289	6150
5	3501	3379	3498	6151
5	3180	3026	3021	6152
5	3556	3446	3436	6153
5	3275	3139	3028	6154
5	3165	3058	2904	6155
5	3206	3047	2928	6156
5	3077	2928	2797	6157
5	3088	2959	2941	6158
5	3195	2941	3059	6159
5	3345	3228	3288	6160
5	3180	3021	3158	6161
5	3080	3049	2943	6162
5	3080	2943	2950	6163
5	3081	3018	2899	6164
5	3081	2899	2944	6165
5	3082	3081	2944	6166
5	3082	2944	2905	6167
5	3083	3066	2910	6168
5	3083	2910	2923	6169
5	3580	3374	3471	6170
5	3364	3246	3363	6171
5	3045	3042	2977	6172
5	3045	2977	2924	6173
5	3091	2920	2960	6174
5	3213	3090	3016	6175
5	3209	3038	3100	6176
5	3093	2954	2813	6177
5	3182	3078	2906	6178
5	3210	3089	2959	6179
5	3210	2959	3088	6180
5	3382	3088	3195	6181
5	3320	3215	3147	6182
5	3344	3224	3213	6183
5	3279	3086	3166	6184
5	3212	3091	3086	6185
5	3311	3167	3161	6186
5	3099	2922	2920	6187
5	3095	2966	2965	6188
5	3211	3087	2974	6189
5	3155	2964	3089	6190
5	3299	3037	3281	6191
5	3282	3221	3212	6192
5	3209	3164	3038	6193
5	3264	3031	3136	6194
5	3151	3077	2937	6195
5	3198	3138	3023	6196
5	3187	3022	3036	6197
5	3198	3023	3063	6198
5	3219	3098	3097	6199
5	3322	3203	3261	6200
5	3100	3038	2914	6201
5	3221	3099	3091	6202
5	3261	3203	3177	6203
5	3123	2999	3122	6204
5	3123	3000	2999	6205
5	3448	3334	3332	6206
5	3146	2903	3039	6207
5	3189	3033	3103	6208
5	3276	3225	3150	6209
5	3202	3068	3069	6210
5	3324	3194	3190	6211
5	3107	2985	2983	6212
5	3114	2989	3113	6213
5	3129	2982	3106	6214
5	3131	3005	3129	6215
5	3111	2987	3109	6216
5	3113	2988	3111	6217
5	3227	3106	3108	6218
5	3108	3106	2984	6219
5	3201	3019	3200	6220
5	3125	2997	3121	6221
5	3238	3117	3237	6222
5	3110	3108	2986	6223
5	3368	3249	3366	6224
5	3317	3180	3158	6225
5	3231	3110	3112	6226
5	3112	3110	2927	6227
5	3201	3067	3019	6228
5	3200	3019	3018	6229
5	3169	3081	3082	6230
5	3406	3346	3347	6231
5	3230	3109	3228	6232
5	3232	3113	3111	6233
5	3237	3116	3236	6234
5	3126	3001	3125	6235
5	3234	3114	3113	6236
5	3239	3118	3238	6237
5	3235	3115	3114	6238
5	3241	3120	3240	6239
5	3236	3116	3115	6240
5	3237	3117	3116	6241
5	3248	3127	3247	6242
5	3238	3118	3117	6243
5	3545	3521	3428	6244
5	3239	3119	3118	6245
5	3244	3123	3243	6246
5	3124	3000	3123	6247
5	3396	3261	3374	6248
5	3124	3101	2970	6249
5	3208	3049	3148	6250
5	3167	3044	3161	6251
5	3246	3126	3125	6252
5	3240	3120	3119	6253
5	3245	3125	3121	6254
5	3399	3311	3262	6255
5	3248	3128	3127	6256
5	3428	3321	3387	6257
5	3150	3043	3020	6258
5	3443	3311	3399	6259
5	3249	3129	3106	6260
5	3283	3151	3014	6261
5	3132	2981	3008	6262
5	3264	2897	3031	6263
5	3661	3548	3506	6264
5	3131	3007	3005	6265
5	3252	3171	3105	6266
5	3295	3130	3250	6267
5	3535	3413	3494	6268
5	3255	3135	3134	6269
5	3416	3293	3378	6270
5	3324	3190	3322	6271
5	3177	3057	3052	6272
5	3194	3085	3190	6273
5	3509	3309	3376	6274
5	3206	2928	3077	6275
5	3137	3061	3026	6276
5	3289	3144	3207	6277
5	3187	3036	3040	6278
5	3187	3040	3138	6279
5	3139	3076	2936	6280
5	3139	2936	3028	6281
5	3194	3140	3055	6282
5	3190	3085	3071	6283
5	3141	3080	3025	6284
5	3262	3161	3208	6285
5	3303	3281	3142	6286
5	3155	3094	2964	6287
5	3143	3082	3015	6288
5	3440	3317	3307	6289
5	3178	3015	3030	6290
5	3144	3030	3079	6291
5	3217	3046	3162	6292
5	3398	3159	3277	6293
5	3226	3104	3164	6294
5	3146	3070	2903	6295
5	3146	3039	3095	6296
5	3147	3045	2954	6297
5	3323	3167	3311	6298
5	3392	3300	3381	6299
5	3149	3141	3025	6300
5	3149	3025	3033	6301
5	3189	3149	3033	6302
5	3225	3043	3150	6303
5	3301	3206	3077	6304
5	3250	3130	3007	6305
5	3556	3436	3551	6306
5	3176	3034	3135	6307
5	3153	3152	3073	6308
5	3153	3073	3029	6309
5	3226	3062	3104	6310
5	3164	3104	3038	6311
5	3302	3094	3155	6312
5	3303	3142	3065	6313
5	3304	3199	3066	6314
5	3305	3156	3199	6315
5	3157	3122	3068	6316
5	3381	3300	3260	6317
5	3874	3769	3765	6318
5	3352	3233	3201	6319
5	3165	2904	3094	6320
5	3393	3266	3182	6321
5	3160	3065	3142	6322
5	3160	3142	2803	6323
5	3167	3064	3044	6324
5	3191	3069	3064	6325
5	3764	3430	3536	6326
5	3217	3083	3046	6327
5	3310	3163	3154	6328
5	3285	3214	3172	6329
5	3215	3042	3147	6330
5	3147	3042	3045	6331
5	3274	3058	3165	6332
5	3333	3155	3089	6333
5	3278	3087	3211	6334
5	3211	2974	3102	6335
5	3362	3245	3241	6336
5	3300	3141	3260	6337
5	3171	3107	3105	6338
5	3168	3132	3008	6339
5	3312	3143	3298	6340
5	3233	3112	3067	6341
5	3397	3259	3296	6342
5	3328	3200	3170	6343
5	3232	3111	3230	6344
5	3230	3111	3109	6345
5	3223	3213	3016	6346
5	3222	3100	3099	6347
5	3173	3150	3020	6348
5	3173	3020	3048	6349
5	3326	3136	3196	6350
5	3183	2947	2894	6351
5	3314	3174	3032	6352
5	3175	3032	3006	6353
5	3185	3153	3029	6354
5	3192	3034	3176	6355
5	3291	3226	3164	6356
5	3520	3396	3484	6357
5	3446	3313	3436	6358
5	3485	3380	3440	6359
5	3179	3173	3048	6360
5	3179	3048	3128	6361
5	3270	3258	3205	6362
5	3370	3253	3294	6363
5	3195	3088	2941	6364
5	3197	2915	3017	6365
5	3418	3275	3060	6366
5	3308	3027	3159	6367
5	3301	3077	3151	6368
5	3283	3014	3264	6369
5	3184	3183	2894	6370
5	3184	2894	3072	6371
5	3440	3307	3390	6372
5	3269	3152	3153	6373
5	3418	3060	3271	6374
5	3337	3145	3217	6375
5	3218	3022	3187	6376
5	3220	2938	3098	6377
5	3320	3093	3188	6378
5	3188	3093	2962	6379
5	3381	3260	3373	6380
5	3311	3161	3262	6381
5	3310	3154	3256	6382
5	3294	3140	3287	6383
5	3474	3364	3363	6384
5	3202	3069	3191	6385
5	3192	3185	3054	6386
5	3192	3054	3034	6387
5	3193	3158	3053	6388
5	3193	3053	3075	6389
5	3315	3177	3163	6390
5	3287	3140	3194	6391
5	3651	3393	3534	6392
5	3400	3078	3266	6393
5	3337	3217	3309	6394
5	3309	3217	3162	6395
5	3198	3063	3197	6396
5	3197	3063	2915	6397
5	3318	3210	3088	6398
5	3265	3017	3181	6399
5	3199	3156	3035	6400
5	3199	3035	2909	6401
5	3313	3170	3169	6402
5	3240	3119	3239	6403
5	3234	3113	3232	6404
5	3228	3109	3107	6405
5	3401	3257	3360	6406
5	3360	3242	3244	6407
5	3203	3190	3071	6408
5	3203	3071	3057	6409
5	3207	3144	3079	6410
5	3204	3074	3061	6411
5	3205	3193	3075	6412
5	3205	3075	3056	6413
5	3250	3007	3131	6414
5	3402	3330	3206	6415
5	3298	3143	3178	6416
5	3317	3158	3307	6417
5	3208	3161	3084	6418
5	3208	3084	3049	6419
5	3486	3411	3447	6420
5	3278	3188	3087	6421
5	3302	3165	3094	6422
5	3487	3266	3393	6423
5	3224	3102	3090	6424
5	3331	3289	3207	6425
5	3221	3091	3212	6426
5	3223	3092	3214	6427
5	3224	3090	3213	6428
5	3335	3102	3224	6429
5	3371	3254	3370	6430
5	3214	3092	3051	6431
5	3215	3146	3095	6432
5	3215	3095	3042	6433
5	3216	3196	3096	6434
5	3216	3096	3024	6435
5	3299	3024	3037	6436
5	3217	3145	3083	6437
5	3340	3059	3220	6438
5	3338	3198	3327	6439
5	3327	3198	3197	6440
5	3338	3138	3198	6441
5	3218	3187	3138	6442
5	3339	3220	3219	6443
5	3222	3099	3221	6444
5	3222	3209	3100	6445
5	3223	3016	3092	6446
5	3280	3243	3157	6447
5	3291	3256	3226	6448
5	3405	3282	3212	6449
5	3342	3221	3282	6450
5	3361	3243	3280	6451
5	3225	3189	3103	6452
5	3225	3103	3043	6453
5	3284	3164	3209	6454
5	3226	3154	3062	6455
5	3228	3107	3171	6456
5	3249	3106	3227	6457
5	3247	3126	3246	6458
5	3351	3232	3348	6459
5	3488	3389	3367	6460
5	3229	3227	3108	6461
5	3236	3115	3235	6462
5	3235	3114	3234	6463
5	3313	3169	3312	6464
5	3231	3229	3110	6465
5	3349	3200	3328	6466
5	3349	3201	3200	6467
5	3353	3234	3351	6468
5	3233	3231	3112	6469
5	3346	3227	3229	6470
5	3478	3366	3476	6471
5	3328	3170	3313	6472
5	3312	3169	3143	6473
5	3348	3232	3230	6474
5	3359	3241	3240	6475
5	3351	3234	3232	6476
5	3357	3238	3356	6477
5	3353	3235	3234	6478
5	3362	3241	3359	6479
5	3354	3236	3235	6480
5	3355	3237	3236	6481
5	3365	3247	3364	6482
5	3356	3238	3237	6483
5	3363	3245	3362	6484
5	3357	3239	3238	6485
5	3242	3172	3101	6486
5	3242	3101	3124	6487
5	3336	3223	3214	6488
5	3243	3123	3122	6489
5	3343	3223	3336	6490
5	3428	3297	3321	6491
5	3358	3240	3239	6492
5	3359	3240	3358	6493
5	3365	3290	3248	6494
5	3363	3246	3245	6495
5	3762	3632	3716	6496
5	3529	3420	3489	6497
5	3491	3385	3407	6498
5	3530	3381	3526	6499
5	3492	3479	3369	6500
5	3292	3252	3132	6501
5	3252	3105	3132	6502
5	3295	3175	3130	6503
5	3593	3388	3496	6504
5	3251	3131	3129	6505
5	3288	3228	3171	6506
5	3369	3288	3171	6507
5	3254	3134	3133	6508
5	3255	3134	3254	6509
5	3371	3255	3254	6510
5	3378	3319	3377	6511
5	3322	3190	3203	6512
5	3416	3269	3293	6513
5	3526	3373	3521	6514
5	3447	3323	3443	6515
5	3403	3279	3166	6516
5	3335	3211	3102	6517
5	3417	3270	3269	6518
5	3270	3152	3269	6519
5	3259	3204	3137	6520
5	3551	3436	3435	6521
5	3297	3260	3149	6522
5	3297	3149	3189	6523
5	3360	3257	3242	6524
5	3495	3386	3481	6525
5	3420	3286	3385	6526
5	3584	3474	3583	6527
5	3364	3247	3246	6528
5	3365	3248	3247	6529
5	3314	3032	3175	6530
5	3511	3409	3330	6531
5	3327	3197	3265	6532
5	3338	3219	3218	6533
5	3419	3139	3275	6534
5	3415	3318	3382	6535
5	3267	3184	3072	6536
5	3267	3072	3174	6537
5	3268	3192	3176	6538
5	3371	3273	3255	6539
5	3800	3705	3768	6540
5	3417	3269	3416	6541
5	3650	3501	3629	6542
5	3553	3440	3390	6543
5	3499	3391	3303	6544
5	3277	3076	3139	6545
5	3272	3262	3208	6546
5	3272	3208	3148	6547
5	3273	3268	3176	6548
5	3273	3176	3255	6549
5	3375	3136	3326	6550
5	3274	3186	3058	6551
5	3419	3275	3418	6552
5	3277	3159	3076	6553
5	3521	3373	3428	6554
5	3387	3321	3276	6555
5	3595	3505	3549	6556
5	3308	3182	3027	6557
5	3343	3213	3223	6558
5	3279	3212	3086	6559
5	3332	3146	3215	6560
5	3334	3070	3146	6561
5	3652	3539	3579	6562
5	3413	3272	3392	6563
5	3547	3274	3430	6564
5	3299	3216	3024	6565
5	3558	3448	3383	6566
5	3341	3209	3222	6567
5	3444	3324	3322	6568
5	3367	3250	3131	6569
5	3285	3172	3257	6570
5	3291	3164	3284	6571
5	3336	3214	3285	6572
5	3344	3213	3343	6573
5	3286	3276	3150	6574
5	3286	3150	3173	6575
5	3294	3253	3140	6576
5	3370	3254	3253	6577
5	3345	3230	3228	6578
5	3355	3236	3354	6579
5	3553	3390	3497	6580
5	3446	3328	3313	6581
5	3290	3263	3179	6582
5	3290	3179	3248	6583
5	3425	3257	3401	6584
5	3502	3425	3401	6585
5	3366	3249	3227	6586
5	3503	3292	3409	6587
5	3293	3269	3153	6588
5	3293	3153	3185	6589
5	3456	3344	3343	6590
5	3412	3256	3291	6591
5	3375	3264	3136	6592
5	3519	3437	3314	6593
5	3296	3259	3137	6594
5	3296	3137	3180	6595
5	3438	3256	3412	6596
5	3589	3481	3480	6597
5	3669	3497	3596	6598
5	3397	3296	3380	6599
5	3304	3066	3145	6600
5	3325	3196	3216	6601
5	3300	3272	3148	6602
5	3300	3148	3141	6603
5	3330	3047	3206	6604
5	3330	3168	3047	6605
5	3431	3304	3394	6606
5	3536	3302	3404	6607
5	3735	3656	3542	6608
5	3487	3415	3266	6609
5	3305	3271	3156	6610
5	3305	3199	3304	6611
5	3500	3281	3391	6612
5	3431	3305	3304	6613
5	3306	3280	3157	6614
5	3306	3157	3202	6615
5	3317	3296	3180	6616
5	3307	3158	3193	6617
5	3441	3210	3318	6618
5	3382	3195	3340	6619
5	3483	3325	3433	6620
5	3506	3431	3394	6621
5	3315	3261	3177	6622
5	3315	3163	3310	6623
5	3329	3202	3191	6624
5	3329	3191	3323	6625
5	3628	3533	3594	6626
5	3423	3331	3379	6627
5	3435	3298	3429	6628
5	3429	3316	3395	6629
5	3414	3184	3267	6630
5	3437	3174	3314	6631
5	3481	3370	3480	6632
5	3538	3386	3495	6633
5	3316	3298	3178	6634
5	3316	3178	3144	6635
5	3497	3372	3482	6636
5	3378	3293	3319	6637
5	3441	3333	3210	6638
5	3333	3089	3210	6639
5	3319	3293	3185	6640
5	3319	3185	3192	6641
5	3320	3147	3093	6642
5	3331	3207	3204	6643
5	3321	3297	3189	6644
5	3321	3189	3225	6645
5	3324	3287	3194	6646
5	3447	3411	3329	6647
5	3507	3454	3450	6648
5	3329	3306	3202	6649
5	3396	3322	3261	6650
5	3527	3447	3443	6651
5	3326	3196	3325	6652
5	3388	3301	3151	6653
5	3801	3711	3601	6654
5	3388	3151	3283	6655
5	3340	3195	3059	6656
5	3338	3218	3138	6657
5	3435	3312	3298	6658
5	3358	3239	3357	6659
5	3392	3272	3300	6660
5	3599	3563	3507	6661
5	3737	3633	3493	6662
5	3367	3131	3251	6663
5	3515	3279	3403	6664
5	3332	3215	3320	6665
5	3334	3146	3332	6666
5	3334	3166	3070	6667
5	3404	3155	3333	6668
5	3393	3182	3308	6669
5	3403	3166	3334	6670
5	3448	3403	3334	6671
5	3448	3332	3383	6672
5	3449	3211	3335	6673
5	3471	3315	3310	6674
5	3616	3405	3515	6675
5	3524	3506	3394	6676
5	3391	3281	3303	6677
5	3340	3220	3339	6678
5	3339	3219	3338	6679
5	3452	3327	3265	6680
5	3400	3265	3181	6681
5	3400	3181	3078	6682
5	3382	3318	3088	6683
5	3453	3424	3284	6684
5	3341	3284	3209	6685
5	3342	3341	3222	6686
5	3342	3222	3221	6687
5	3450	3336	3285	6688
5	3425	3285	3257	6689
5	3454	3343	3336	6690
5	3597	3513	3560	6691
5	3348	3230	3345	6692
5	3356	3237	3355	6693
5	3476	3366	3346	6694
5	3366	3227	3346	6695
5	3347	3346	3229	6696
5	3347	3229	3231	6697
5	3736	3592	3626	6698
5	3354	3235	3353	6699
5	3352	3201	3349	6700
5	3350	3231	3233	6701
5	3474	3363	3473	6702
5	3461	3458	3350	6703
5	3458	3347	3350	6704
5	3459	3351	3348	6705
5	3458	3406	3347	6706
5	3352	3350	3233	6707
5	3565	3384	3457	6708
5	3460	3352	3349	6709
5	3463	3328	3446	6710
5	3429	3298	3316	6711
5	3436	3313	3312	6712
5	3462	3351	3459	6713
5	3462	3353	3351	6714
5	3464	3354	3353	6715
5	3582	3473	3472	6716
5	3465	3355	3354	6717
5	3473	3362	3472	6718
5	3466	3356	3355	6719
5	3475	3364	3474	6720
5	3467	3357	3356	6721
5	3411	3306	3329	6722
5	3510	3401	3470	6723
5	3361	3360	3244	6724
5	3361	3244	3243	6725
5	3472	3359	3469	6726
5	3468	3358	3357	6727
5	3469	3359	3358	6728
5	3475	3408	3365	6729
5	3473	3363	3362	6730
5	3983	3911	3982	6731
5	3699	3606	3641	6732
5	3472	3362	3359	6733
5	3479	3457	3288	6734
5	3426	3252	3292	6735
5	3369	3171	3252	6736
5	3711	3492	3601	6737
5	3704	3488	3608	6738
5	3368	3251	3249	6739
5	3476	3346	3406	6740
5	3384	3348	3345	6741
5	3481	3386	3371	6742
5	3480	3370	3294	6743
5	3696	3544	3657	6744
5	3410	3273	3386	6745
5	3417	3372	3270	6746
5	3481	3371	3370	6747
5	3491	3407	3490	6748
5	3602	3490	3517	6749
5	3438	3310	3256	6750
5	3741	3522	3616	6751
5	3552	3414	3267	6752
5	3434	3337	3309	6753
5	3524	3394	3337	6754
5	3493	3376	3414	6755
5	3377	3319	3268	6756
5	3386	3273	3371	6757
5	3518	3442	3444	6758
5	3544	3442	3518	6759
5	3379	3331	3259	6760
5	3629	3498	3628	6761
5	3397	3379	3259	6762
5	3380	3296	3317	6763
5	3951	3855	3927	6764
5	3603	3521	3545	6765
5	3452	3339	3338	6766
5	3452	3265	3400	6767
5	3902	3706	3813	6768
5	3383	3188	3278	6769
5	3466	3355	3465	6770
5	3468	3357	3467	6771
5	3385	3286	3263	6772
5	3475	3365	3364	6773
5	3410	3377	3268	6774
5	3703	3594	3610	6775
5	3494	3413	3392	6776
5	3742	3659	3707	6777
5	3402	3301	3388	6778
5	3402	3206	3301	6779
5	3389	3295	3250	6780
5	3389	3250	3367	6781
5	3440	3380	3317	6782
5	3390	3307	3258	6783
5	3433	3216	3299	6784
5	3433	3325	3216	6785
5	3648	3530	3526	6786
5	3526	3381	3373	6787
5	3404	3302	3155	6788
5	3531	3404	3333	6789
5	3394	3304	3145	6790
5	3394	3145	3337	6791
5	3550	3429	3546	6792
5	3533	3380	3485	6793
5	3427	3294	3287	6794
5	3480	3294	3427	6795
5	3498	3379	3397	6796
5	3546	3395	3532	6797
5	3534	3393	3308	6798
5	3398	3308	3159	6799
5	3743	3728	3604	6800
5	3627	3490	3602	6801
5	3452	3340	3339	6802
5	3452	3338	3327	6803
5	3421	3306	3411	6804
5	3607	3518	3520	6805
5	3409	3292	3168	6806
5	3409	3168	3330	6807
5	3451	3342	3282	6808
5	3405	3212	3279	6809
5	3432	3305	3431	6810
5	3764	3547	3430	6811
5	3422	3335	3224	6812
5	3422	3224	3344	6813
5	3569	3459	3516	6814
5	3457	3345	3288	6815
5	3407	3385	3263	6816
5	3407	3263	3290	6817
5	3408	3407	3290	6818
5	3408	3290	3365	6819
5	3704	3600	3488	6820
5	3426	3369	3252	6821
5	4003	3938	3984	6822
5	3609	3528	3538	6823
5	3439	3361	3280	6824
5	3504	3439	3421	6825
5	3421	3280	3306	6826
5	3470	3360	3361	6827
5	3413	3399	3262	6828
5	3413	3262	3272	6829
5	3414	3376	3183	6830
5	3414	3183	3184	6831
5	3415	3382	3400	6832
5	3415	3400	3266	6833
5	3540	3416	3378	6834
5	3610	3594	3485	6835
5	3667	3551	3550	6836
5	3692	3623	3584	6837
5	3542	3277	3419	6838
5	3419	3277	3139	6839
5	3430	3165	3302	6840
5	3505	3419	3418	6841
5	3420	3387	3276	6842
5	3420	3276	3286	6843
5	3705	3605	3655	6844
5	3688	3543	3604	6845
5	3455	3341	3342	6846
5	3512	3403	3448	6847
5	3423	3395	3289	6848
5	3423	3289	3331	6849
5	3424	3412	3291	6850
5	3424	3291	3284	6851
5	3450	3285	3425	6852
5	3522	3451	3282	6853
5	3477	3367	3251	6854
5	3477	3251	3368	6855
5	3543	3411	3486	6856
5	3804	3721	3790	6857
5	3936	3817	3812	6858
5	3794	3692	3691	6859
5	3532	3423	3501	6860
5	3463	3349	3328	6861
5	3499	3303	3186	6862
5	3430	3274	3165	6863
5	3432	3271	3305	6864
5	3432	3418	3271	6865
5	3500	3299	3281	6866
5	3547	3499	3186	6867
5	3524	3337	3434	6868
5	3555	3375	3326	6869
5	3600	3523	3389	6870
5	3375	3283	3264	6871
5	3754	3628	3753	6872
5	3501	3423	3379	6873
5	3551	3435	3550	6874
5	3532	3395	3423	6875
5	3631	3402	3593	6876
5	3437	3267	3174	6877
5	3439	3280	3421	6878
5	3471	3310	3438	6879
5	3470	3361	3439	6880
5	3470	3401	3360	6881
5	3541	3417	3416	6882
5	3645	3528	3609	6883
5	3554	3318	3415	6884
5	3591	3531	3441	6885
5	3442	3427	3287	6886
5	3442	3287	3324	6887
5	3447	3329	3323	6888
5	3443	3323	3311	6889
5	3519	3314	3175	6890
5	3511	3330	3402	6891
5	3708	3615	3555	6892
5	3445	3326	3325	6893
5	3572	3446	3556	6894
5	3469	3358	3468	6895
5	3383	3332	3320	6896
5	3383	3320	3188	6897
5	3449	3278	3211	6898
5	3598	3561	3456	6899
5	3558	3278	3449	6900
5	3558	3383	3278	6901
5	3559	3450	3425	6902
5	3515	3403	3512	6903
5	3455	3342	3451	6904
5	3453	3284	3341	6905
5	3452	3400	3382	6906
5	3452	3382	3340	6907
5	3454	3336	3450	6908
5	3559	3425	3502	6909
5	3456	3343	3454	6910
5	3741	3616	3701	6911
5	3709	3561	3598	6912
5	3455	3453	3341	6913
5	3736	3707	3592	6914
5	3580	3471	3539	6915
5	3573	3464	3571	6916
5	3457	3384	3345	6917
5	3459	3348	3384	6918
5	3516	3459	3384	6919
5	3464	3353	3462	6920
5	3465	3354	3464	6921
5	3461	3352	3460	6922
5	3461	3350	3352	6923
5	3805	3755	3635	6924
5	3537	3476	3406	6925
5	3618	3537	3566	6926
5	3583	3473	3582	6927
5	3666	3516	3619	6928
5	3463	3460	3349	6929
5	3569	3462	3459	6930
5	3567	3461	3460	6931
5	3806	3608	3745	6932
5	3546	3429	3395	6933
5	3550	3435	3429	6934
5	3904	3711	3801	6935
5	3571	3464	3462	6936
5	3573	3465	3464	6937
5	3584	3517	3475	6938
5	3574	3466	3465	6939
5	3692	3583	3691	6940
5	3575	3467	3466	6941
5	3604	3543	3486	6942
5	3530	3392	3381	6943
5	3589	3480	3588	6944
5	3471	3374	3315	6945
5	3690	3582	3581	6946
5	3576	3468	3467	6947
5	3582	3472	3581	6948
5	3577	3469	3468	6949
5	3583	3474	3473	6950
5	3626	3489	3491	6951
5	3581	3472	3469	6952
5	3584	3475	3474	6953
5	3585	3368	3478	6954
5	3488	3367	3477	6955
5	3479	3288	3369	6956
5	3503	3426	3292	6957
5	3600	3389	3488	6958
5	3478	3368	3366	6959
5	3492	3369	3426	6960
5	3570	3460	3463	6961
5	3513	3412	3424	6962
5	3541	3416	3540	6963
5	3525	3378	3377	6964
5	3654	3540	3525	6965
5	3541	3482	3417	6966
5	3540	3378	3525	6967
5	3624	3445	3483	6968
5	3483	3445	3325	6969
5	3484	3396	3374	6970
5	3580	3484	3374	6971
5	3753	3594	3703	6972
5	3768	3655	3654	6973
5	3766	3687	3652	6974
5	3527	3486	3447	6975
5	3542	3398	3277	6976
5	3554	3441	3318	6977
5	3519	3175	3295	6978
5	3555	3326	3445	6979
5	3489	3420	3385	6980
5	3788	3686	3653	6981
5	3491	3489	3385	6982
5	3490	3407	3408	6983
5	3626	3592	3489	6984
5	3934	3836	3897	6985
5	3608	3477	3585	6986
5	3586	3476	3537	6987
5	3509	3434	3309	6988
5	3509	3376	3493	6989
5	3508	3443	3399	6990
5	3527	3443	3508	6991
5	3589	3495	3481	6992
5	3588	3427	3544	6993
5	3496	3388	3283	6994
5	3496	3283	3375	6995
5	3553	3485	3440	6996
5	3497	3390	3372	6997
5	3747	3610	3669	6998
5	3660	3532	3650	6999
5	3548	3432	3431	7000
5	3549	3432	3548	7001
5	3514	3299	3500	7002
5	3514	3433	3299	7003
5	3610	3485	3553	7004
5	3747	3703	3610	7005
5	3578	3439	3504	7006
5	3612	3507	3559	7007
5	4010	3835	3944	7008
5	3585	3477	3368	7009
5	3578	3470	3439	7010
5	3510	3502	3401	7011
5	3531	3333	3441	7012
5	3534	3308	3398	7013
5	3549	3505	3418	7014
5	3548	3431	3506	7015
5	3563	3456	3454	7016
5	3579	3412	3513	7017
5	3648	3526	3646	7018
5	3898	3808	3868	7019
5	3633	3509	3493	7020
5	3643	3524	3434	7021
5	3539	3471	3438	7022
5	3564	3455	3451	7023
5	3608	3488	3477	7024
5	3805	3635	3733	7025
5	3616	3522	3405	7026
5	3515	3405	3279	7027
5	3716	3606	3699	7028
5	3653	3578	3504	7029
5	3644	3506	3524	7030
5	3590	3483	3433	7031
5	3563	3454	3507	7032
5	3522	3282	3405	7033
5	3574	3465	3573	7034
5	3572	3463	3446	7035
5	3517	3490	3408	7036
5	3517	3408	3475	7037
5	3544	3427	3442	7038
5	3588	3480	3427	7039
5	3640	3437	3519	7040
5	3552	3267	3437	7041
5	3520	3518	3444	7042
5	3520	3444	3396	7043
5	3530	3494	3392	7044
5	3808	3715	3762	7045
5	3557	3335	3422	7046
5	3642	3422	3561	7047
5	3523	3519	3295	7048
5	3523	3295	3389	7049
5	3644	3524	3643	7050
5	3590	3433	3514	7051
5	3799	3696	3717	7052
5	3654	3525	3645	7053
5	4029	3898	4020	7054
5	3817	3752	3718	7055
5	3657	3518	3607	7056
5	3767	3645	3761	7057
5	3528	3525	3377	7058
5	3528	3377	3410	7059
5	3545	3428	3387	7060
5	3529	3387	3420	7061
5	3659	3529	3592	7062
5	3606	3535	3494	7063
5	3649	3404	3531	7064
5	3536	3430	3302	7065
5	3655	3541	3540	7066
5	3628	3498	3533	7067
5	3533	3498	3397	7068
5	3533	3397	3380	7069
5	3554	3415	3487	7070
5	3670	3554	3487	7071
5	3535	3508	3399	7072
5	3535	3399	3413	7073
5	3649	3536	3404	7074
5	3547	3186	3274	7075
5	3621	3479	3492	7076
5	3587	3565	3457	7077
5	3538	3528	3410	7078
5	3538	3410	3386	7079
5	3696	3588	3544	7080
5	3638	3513	3597	7081
5	3719	3605	3705	7082
5	3645	3525	3528	7083
5	3869	3754	3864	7084
5	3655	3605	3541	7085
5	3651	3487	3393	7086
5	3656	3398	3542	7087
5	3543	3504	3421	7088
5	3543	3421	3411	7089
5	4118	4026	4045	7090
5	3854	3743	3847	7091
5	3646	3521	3603	7092
5	3715	3625	3647	7093
5	3665	3550	3546	7094
5	3629	3501	3498	7095
5	3723	3651	3656	7096
5	3549	3418	3432	7097
5	3671	3445	3624	7098
5	3724	3639	3662	7099
5	3749	3624	3483	7100
5	3842	3771	3664	7101
5	3667	3550	3665	7102
5	3694	3537	3618	7103
5	3665	3546	3660	7104
5	3650	3532	3501	7105
5	3613	3493	3414	7106
5	3593	3402	3388	7107
5	3655	3540	3654	7108
5	3769	3660	3650	7109
5	3649	3531	3591	7110
5	3591	3441	3554	7111
5	3634	3434	3509	7112
5	3708	3555	3671	7113
5	3780	3727	3622	7114
5	3905	3731	3826	7115
5	3672	3449	3557	7116
5	3557	3449	3335	7117
5	3672	3558	3449	7118
5	3558	3512	3448	7119
5	3673	3597	3560	7120
5	3559	3507	3450	7121
5	3560	3513	3424	7122
5	3560	3424	3453	7123
5	3561	3422	3344	7124
5	3561	3344	3456	7125
5	3562	3560	3453	7126
5	3562	3453	3455	7127
5	3598	3456	3563	7128
5	3675	3562	3564	7129
5	3702	3653	3688	7130
5	3564	3562	3455	7131
5	3568	3461	3567	7132
5	3565	3516	3384	7133
5	3566	3537	3406	7134
5	3566	3406	3458	7135
5	3568	3458	3461	7136
5	3568	3566	3458	7137
5	3581	3469	3577	7138
5	4076	3991	3925	7139
5	3571	3462	3569	7140
5	3577	3468	3576	7141
5	3679	3571	3622	7142
5	3570	3567	3460	7143
5	3576	3467	3575	7144
5	3575	3466	3574	7145
5	3677	3620	3567	7146
5	3572	3570	3463	7147
5	3620	3568	3567	7148
5	3676	3568	3620	7149
5	3826	3731	3692	7150
5	3676	3618	3566	7151
5	3681	3573	3679	7152
5	3689	3577	3685	7153
5	3679	3573	3571	7154
5	3681	3574	3573	7155
5	3691	3582	3690	7156
5	3683	3575	3574	7157
5	3612	3599	3507	7158
5	3578	3510	3470	7159
5	3579	3539	3438	7160
5	3579	3438	3412	7161
5	4110	4019	4075	7162
5	3730	3609	3614	7163
5	3812	3718	3732	7164
5	3684	3576	3575	7165
5	3690	3581	3689	7166
5	3685	3577	3576	7167
5	3846	3732	3731	7168
5	3691	3583	3582	7169
5	4063	3981	3987	7170
5	3732	3623	3731	7171
5	3587	3457	3479	7172
5	3750	3668	3523	7173
5	3711	3621	3492	7174
5	3586	3478	3476	7175
5	3700	3587	3621	7176
5	3695	3619	3565	7177
5	4034	3924	4003	7178
5	3658	3614	3495	7179
5	3625	3604	3486	7180
5	3732	3602	3623	7181
5	3726	3595	3663	7182
5	3671	3555	3445	7183
5	3735	3542	3419	7184
5	3735	3419	3505	7185
5	3592	3529	3489	7186
5	3936	3812	3935	7187
5	3850	3633	3737	7188
5	3901	3805	3733	7189
5	3594	3533	3485	7190
5	3765	3629	3754	7191
5	3663	3548	3661	7192
5	3661	3506	3644	7193
5	3596	3497	3482	7194
5	3820	3719	3705	7195
5	3790	3687	3766	7196
5	3638	3579	3513	7197
5	3740	3675	3564	7198
5	3675	3673	3562	7199
5	4064	3999	4030	7200
5	3740	3564	3674	7201
5	3750	3523	3600	7202
5	3613	3414	3552	7203
5	3601	3492	3426	7204
5	3601	3426	3503	7205
5	3689	3581	3577	7206
5	3692	3584	3583	7207
5	3836	3742	3802	7208
5	3710	3646	3603	7209
5	3763	3646	3710	7210
5	3817	3718	3812	7211
5	3605	3596	3482	7212
5	3605	3482	3541	7213
5	3625	3486	3527	7214
5	3632	3535	3606	7215
5	3687	3539	3652	7216
5	3762	3647	3632	7217
5	3745	3585	3693	7218
5	3621	3587	3479	7219
5	3790	3721	3617	7220
5	3657	3544	3518	7221
5	3875	3769	3874	7222
5	3747	3669	3713	7223
5	3611	3607	3520	7224
5	3611	3520	3484	7225
5	3788	3653	3702	7226
5	3673	3560	3562	7227
5	3615	3375	3555	7228
5	3749	3483	3590	7229
5	3614	3609	3538	7230
5	3614	3538	3495	7231
5	3816	3671	3751	7232
5	3615	3496	3375	7233
5	3672	3512	3558	7234
5	3741	3674	3522	7235
5	3617	3611	3484	7236
5	3617	3484	3580	7237
5	3622	3571	3569	7238
5	3619	3516	3565	7239
5	3660	3546	3532	7240
5	3676	3566	3568	7241
5	3682	3551	3667	7242
5	3680	3572	3556	7243
5	3693	3585	3478	7244
5	3693	3478	3586	7245
5	3683	3574	3681	7246
5	3677	3567	3570	7247
5	3623	3602	3517	7248
5	3623	3517	3584	7249
5	3815	3600	3704	7250
5	3816	3708	3671	7251
5	3647	3508	3632	7252
5	3647	3527	3508	7253
5	3752	3627	3718	7254
5	3931	3802	3834	7255
5	3627	3626	3491	7256
5	3627	3491	3490	7257
5	3785	3682	3667	7258
5	4065	3833	3912	7259
5	3713	3669	3596	7260
5	3753	3628	3594	7261
5	3630	3612	3559	7262
5	3630	3559	3502	7263
5	3904	3837	3711	7264
5	3631	3511	3402	7265
5	3647	3625	3527	7266
5	3632	3508	3535	7267
5	3634	3509	3633	7268
5	3663	3549	3548	7269
5	3848	3822	3774	7270
5	3643	3434	3634	7271
5	3635	3503	3409	7272
5	3635	3409	3511	7273
5	3636	3616	3515	7274
5	3636	3515	3512	7275
5	3637	3630	3502	7276
5	3637	3502	3510	7277
5	3652	3579	3638	7278
5	3687	3580	3539	7279
5	3639	3590	3514	7280
5	3639	3514	3500	7281
5	3757	3640	3668	7282
5	3640	3552	3437	7283
5	3641	3606	3494	7284
5	3641	3494	3530	7285
5	3642	3636	3557	7286
5	3642	3557	3422	7287
5	3758	3643	3634	7288
5	3770	3724	3725	7289
5	3821	3749	3759	7290
5	3835	3593	3814	7291
5	3838	3719	3820	7292
5	3768	3654	3767	7293
5	3648	3641	3530	7294
5	3646	3526	3521	7295
5	3819	3746	3798	7296
5	3734	3720	3607	7297
5	3722	3699	3641	7298
5	3761	3609	3730	7299
5	3841	3664	3499	7300
5	3774	3649	3591	7301
5	3773	3665	3772	7302
5	3772	3660	3769	7303
5	3670	3487	3651	7304
5	3670	3591	3554	7305
5	3686	3510	3578	7306
5	3738	3630	3637	7307
5	3686	3578	3653	7308
5	3686	3637	3510	7309
5	3761	3645	3609	7310
5	4065	3903	3833	7311
5	3829	3730	3746	7312
5	3820	3705	3800	7313
5	3656	3651	3534	7314
5	3656	3534	3398	7315
5	3658	3495	3589	7316
5	3734	3611	3721	7317
5	3697	3588	3696	7318
5	3697	3589	3588	7319
5	3659	3603	3545	7320
5	3659	3545	3529	7321
5	3863	3753	3703	7322
5	3754	3629	3628	7323
5	3759	3639	3724	7324
5	3968	3883	3917	7325
5	3662	3639	3500	7326
5	3662	3500	3391	7327
5	3723	3670	3651	7328
5	3663	3595	3549	7329
5	3664	3662	3391	7330
5	3664	3391	3499	7331
5	4150	4066	4134	7332
5	3682	3556	3551	7333
5	3666	3622	3569	7334
5	3666	3569	3516	7335
5	3765	3650	3629	7336
5	3772	3665	3660	7337
5	3668	3640	3519	7338
5	3668	3519	3523	7339
5	3669	3610	3553	7340
5	3669	3553	3497	7341
5	3906	3841	3764	7342
5	3774	3591	3670	7343
5	3835	3733	3631	7344
5	3737	3493	3613	7345
5	3672	3557	3636	7346
5	3672	3636	3512	7347
5	3776	3597	3673	7348
5	3775	3599	3612	7349
5	3674	3564	3451	7350
5	3674	3451	3522	7351
5	3813	3675	3740	7352
5	3852	3741	3701	7353
5	3729	3618	3676	7354
5	3778	3666	3619	7355
5	3783	3680	3682	7356
5	3779	3712	3677	7357
5	3678	3677	3570	7358
5	3678	3570	3572	7359
5	3685	3576	3684	7360
5	3684	3575	3683	7361
5	3779	3677	3678	7362
5	3680	3678	3572	7363
5	3712	3620	3677	7364
5	3773	3667	3665	7365
5	3785	3667	3773	7366
5	3682	3680	3556	7367
5	3782	3679	3727	7368
5	3794	3691	3793	7369
5	3826	3692	3794	7370
5	3769	3650	3765	7371
5	3926	3831	3907	7372
5	3784	3683	3681	7373
5	3706	3673	3675	7374
5	3714	3637	3686	7375
5	3748	3630	3738	7376
5	3687	3617	3580	7377
5	3688	3653	3504	7378
5	3688	3504	3543	7379
5	3792	3689	3791	7380
5	3786	3684	3683	7381
5	3793	3691	3690	7382
5	3787	3685	3684	7383
5	3846	3812	3732	7384
5	3793	3690	3792	7385
5	3791	3689	3685	7386
5	3792	3690	3689	7387
5	3695	3565	3587	7388
5	3992	3827	3929	7389
5	3827	3693	3795	7390
5	3694	3586	3537	7391
5	3700	3695	3587	7392
5	3777	3620	3712	7393
5	3697	3658	3589	7394
5	3932	3828	3839	7395
5	3873	3800	3768	7396
5	3890	3728	3854	7397
5	3735	3505	3698	7398
5	3698	3505	3595	7399
5	4254	4211	4214	7400
5	3722	3641	3648	7401
5	3825	3782	3727	7402
5	3796	3618	3729	7403
5	3701	3616	3636	7404
5	3701	3636	3642	7405
5	3909	3800	3873	7406
5	3829	3746	3819	7407
5	3833	3703	3747	7408
5	3767	3654	3645	7409
5	3745	3608	3585	7410
5	3994	3801	3933	7411
5	3768	3705	3655	7412
5	3872	3761	3867	7413
5	3748	3612	3630	7414
5	3789	3638	3744	7415
5	3707	3659	3592	7416
5	3840	3763	3807	7417
5	3814	3496	3615	7418
5	4077	3988	3910	7419
5	3709	3701	3642	7420
5	3709	3642	3561	7421
5	3943	3849	3913	7422
5	3807	3763	3710	7423
5	3801	3601	3755	7424
5	3910	3815	3704	7425
5	3797	3619	3695	7426
5	3727	3679	3622	7427
5	3873	3768	3767	7428
5	3912	3833	3857	7429
5	3738	3637	3714	7430
5	3775	3612	3748	7431
5	3743	3625	3715	7432
5	3728	3688	3604	7433
5	3762	3715	3647	7434
5	3716	3632	3606	7435
5	3717	3696	3657	7436
5	3721	3611	3617	7437
5	3718	3627	3602	7438
5	3993	3948	3945	7439
5	3719	3713	3596	7440
5	3719	3596	3605	7441
5	3720	3717	3657	7442
5	3720	3657	3607	7443
5	3734	3607	3611	7444
5	3847	3743	3715	7445
5	3834	3802	3707	7446
5	4162	4138	4087	7447
5	3764	3536	3649	7448
5	3774	3670	3723	7449
5	3771	3662	3664	7450
5	3725	3663	3661	7451
5	3841	3547	3764	7452
5	3726	3663	3725	7453
5	3771	3724	3662	7454
5	3841	3499	3547	7455
5	3786	3683	3784	7456
5	3784	3681	3782	7457
5	3790	3617	3687	7458
5	3728	3702	3688	7459
5	3843	3695	3700	7460
5	3881	3777	3712	7461
5	3854	3728	3743	7462
5	3867	3730	3829	7463
5	3732	3718	3602	7464
5	3731	3623	3692	7465
5	4134	4066	4107	7466
5	3834	3707	3736	7467
5	3733	3635	3511	7468
5	3733	3511	3631	7469
5	3743	3604	3625	7470
5	3923	3871	3890	7471
5	3971	3886	3876	7472
5	3848	3656	3735	7473
5	3849	3752	3817	7474
5	3936	3913	3817	7475
5	3756	3634	3633	7476
5	3850	3756	3633	7477
5	3744	3638	3597	7478
5	3859	3775	3748	7479
5	3739	3598	3563	7480
5	3739	3563	3599	7481
5	3824	3823	3740	7482
5	3852	3740	3674	7483
5	3852	3701	3709	7484
5	3824	3598	3739	7485
5	3742	3710	3603	7486
5	3742	3603	3659	7487
5	3982	3934	3981	7488
5	3889	3766	3870	7489
5	3856	3789	3744	7490
5	3832	3798	3799	7491
5	3827	3745	3693	7492
5	3796	3694	3618	7493
5	3746	3730	3614	7494
5	3746	3614	3658	7495
5	3950	3838	3924	7496
5	3966	3881	3926	7497
5	3945	3847	3808	7498
5	3858	3748	3738	7499
5	3770	3661	3644	7500
5	3760	3643	3758	7501
5	3757	3552	3640	7502
5	3988	3815	3910	7503
5	3751	3671	3624	7504
5	3821	3818	3862	7505
5	3752	3736	3626	7506
5	3752	3626	3627	7507
5	4245	4197	4147	7508
5	3857	3747	3713	7509
5	4073	4038	3954	7510
5	3857	3713	3838	7511
5	3755	3601	3503	7512
5	3755	3503	3635	7513
5	3760	3644	3643	7514
5	3758	3634	3756	7515
5	3865	3613	3757	7516
5	3757	3613	3552	7517
5	3962	3875	3874	7518
5	3818	3760	3758	7519
5	3759	3749	3590	7520
5	3759	3590	3639	7521
5	3770	3644	3760	7522
5	3770	3725	3661	7523
5	3960	3867	3956	7524
5	3945	3808	3898	7525
5	3868	3716	3809	7526
5	3974	3804	3889	7527
5	3763	3722	3648	7528
5	3763	3648	3646	7529
5	4047	3968	4018	7530
5	3810	3595	3726	7531
5	3864	3753	3863	7532
5	3864	3754	3753	7533
5	3922	3775	3859	7534
5	3989	3803	3902	7535
5	3872	3767	3761	7536
5	3938	3800	3909	7537
5	3960	3872	3867	7538
5	3990	3920	3958	7539
5	3883	3782	3825	7540
5	3874	3765	3869	7541
5	3821	3760	3818	7542
5	3770	3759	3724	7543
5	3771	3726	3725	7544
5	3771	3725	3724	7545
5	4016	3962	4001	7546
5	3869	3765	3754	7547
5	3886	3773	3876	7548
5	3782	3681	3679	7549
5	3848	3774	3723	7550
5	3822	3649	3774	7551
5	3776	3673	3706	7552
5	3813	3706	3675	7553
5	3871	3788	3702	7554
5	3776	3744	3597	7555
5	3777	3729	3676	7556
5	3777	3676	3620	7557
5	3925	3896	3797	7558
5	3780	3666	3778	7559
5	3831	3712	3779	7560
5	3780	3622	3666	7561
5	3970	3885	3968	7562
5	3844	3729	3777	7563
5	3781	3779	3678	7564
5	3781	3678	3680	7565
5	3791	3685	3787	7566
5	3787	3684	3786	7567
5	3905	3846	3731	7568
5	3783	3781	3680	7569
5	3879	3779	3781	7570
5	3876	3773	3772	7571
5	3886	3785	3773	7572
5	3785	3783	3682	7573
5	4045	3894	3978	7574
5	3875	3772	3769	7575
5	3879	3831	3779	7576
5	3876	3772	3875	7577
5	3952	3859	3858	7578
5	3788	3714	3686	7579
5	3789	3766	3652	7580
5	3789	3652	3638	7581
5	3828	3717	3720	7582
5	3853	3734	3721	7583
5	3887	3786	3885	7584
5	3885	3786	3784	7585
5	3928	3905	3826	7586
5	3887	3787	3786	7587
5	3891	3791	3787	7588
5	3892	3791	3891	7589
5	3928	3826	3794	7590
5	4189	4079	4135	7591
5	3795	3693	3586	7592
5	3795	3586	3694	7593
5	3797	3778	3619	7594
5	3979	3895	3844	7595
5	4124	4039	4051	7596
5	3895	3729	3844	7597
5	3798	3746	3658	7598
5	3798	3658	3697	7599
5	3799	3798	3697	7600
5	3799	3697	3696	7601
5	3873	3767	3872	7602
5	3867	3761	3730	7603
5	4070	3908	4012	7604
5	3815	3750	3600	7605
5	3802	3742	3707	7606
5	4086	3981	4063	7607
5	3877	3744	3776	7608
5	3803	3776	3706	7609
5	4050	3972	3997	7610
5	3868	3762	3716	7611
5	3806	3704	3608	7612
5	4071	3904	3994	7613
5	3843	3797	3695	7614
5	3910	3704	3806	7615
5	4028	3931	3943	7616
5	3921	3830	3900	7617
5	3847	3715	3808	7618
5	3855	3738	3714	7619
5	3868	3808	3762	7620
5	3809	3716	3699	7621
5	3822	3764	3649	7622
5	3810	3698	3595	7623
5	3811	3795	3694	7624
5	3811	3694	3796	7625
5	4135	4079	4118	7626
5	3935	3812	3846	7627
5	3851	3599	3775	7628
5	3922	3851	3775	7629
5	3814	3615	3708	7630
5	3894	3793	3893	7631
5	3901	3733	3835	7632
5	3835	3631	3593	7633
5	3861	3757	3668	7634
5	3865	3757	3861	7635
5	4000	3913	3999	7636
5	3931	3897	3802	7637
5	4033	4008	3952	7638
5	3866	3862	3818	7639
5	3942	3845	3918	7640
5	3853	3721	3804	7641
5	4072	3984	4005	7642
5	4259	4217	4198	7643
5	3862	3624	3749	7644
5	3821	3862	3749	7645
5	3860	3668	3750	7646
5	3814	3593	3496	7647
5	3823	3813	3740	7648
5	3824	3739	3823	7649
5	3852	3674	3741	7650
5	3824	3740	3852	7651
5	3883	3784	3782	7652
5	3885	3784	3883	7653
5	3893	3792	3892	7654
5	3892	3792	3791	7655
5	3994	3904	3801	7656
5	4077	3995	4067	7657
5	3832	3819	3798	7658
5	3845	3717	3828	7659
5	3956	3829	3940	7660
5	3937	3819	3832	7661
5	3830	3809	3699	7662
5	3830	3699	3722	7663
5	3908	3843	3700	7664
5	3996	3929	3811	7665
5	4052	3997	3923	7666
5	4029	3993	3945	7667
5	3838	3713	3719	7668
5	3950	3857	3838	7669
5	3999	3913	3936	7670
5	4000	3943	3913	7671
5	3944	3814	3899	7672
5	3861	3668	3860	7673
5	3836	3807	3710	7674
5	3836	3710	3742	7675
5	3837	3700	3621	7676
5	3837	3621	3711	7677
5	3857	3833	3747	7678
5	4038	3990	3958	7679
5	3839	3828	3720	7680
5	3839	3720	3734	7681
5	3840	3830	3722	7682
5	3840	3722	3763	7683
5	3842	3726	3771	7684
5	3842	3664	3841	7685
5	4001	3962	3920	7686
5	3842	3810	3726	7687
5	3895	3796	3729	7688
5	3878	3727	3780	7689
5	3878	3825	3727	7690
5	3881	3712	3831	7691
5	3845	3832	3799	7692
5	3845	3799	3717	7693
5	3893	3793	3792	7694
5	3894	3794	3793	7695
5	3918	3845	3828	7696
5	3858	3738	3855	7697
5	3848	3723	3656	7698
5	3848	3735	3698	7699
5	3849	3834	3736	7700
5	3849	3736	3752	7701
5	3953	3866	3946	7702
5	3866	3751	3862	7703
5	3851	3823	3739	7704
5	3851	3739	3599	7705
5	3824	3852	3709	7706
5	3824	3709	3598	7707
5	3932	3918	3828	7708
5	3853	3839	3734	7709
5	3921	3809	3830	7710
5	4139	4088	4110	7711
5	3870	3766	3789	7712
5	3859	3748	3858	7713
5	3870	3789	3856	7714
5	3889	3790	3766	7715
5	4004	3954	3863	7716
5	3958	3920	3869	7717
5	3951	3858	3855	7718
5	3963	3877	3914	7719
5	3877	3776	3803	7720
5	3902	3803	3706	7721
5	3899	3708	3816	7722
5	3865	3737	3613	7723
5	3944	3835	3814	7724
5	3946	3866	3756	7725
5	4035	4033	3951	7726
5	3862	3751	3624	7727
5	4286	4209	4136	7728
5	4100	4006	4034	7729
5	4073	3954	4004	7730
5	4126	4047	4084	7731
5	4002	3850	3955	7732
5	3955	3865	3861	7733
5	3866	3818	3758	7734
5	3866	3758	3756	7735
5	3961	3909	3873	7736
5	4169	4099	4098	7737
5	3923	3890	3916	7738
5	3916	3890	3854	7739
5	4001	3920	3990	7740
5	4023	3966	3926	7741
5	3888	3714	3788	7742
5	3927	3855	3888	7743
5	3888	3788	3871	7744
5	3888	3855	3714	7745
5	3940	3829	3819	7746
5	3961	3873	3872	7747
5	4190	4142	4161	7748
5	4006	3912	3950	7749
5	3821	3759	3770	7750
5	3821	3770	3760	7751
5	4007	3964	3967	7752
5	3971	3876	3915	7753
5	3906	3848	3698	7754
5	3906	3698	3810	7755
5	4241	4189	4135	7756
5	3877	3856	3744	7757
5	3896	3778	3797	7758
5	3884	3783	3785	7759
5	3964	3879	3882	7760
5	3907	3831	3879	7761
5	3880	3878	3780	7762
5	3880	3780	3778	7763
5	3926	3881	3831	7764
5	3881	3844	3777	7765
5	3882	3879	3781	7766
5	3882	3781	3783	7767
5	3928	3794	3894	7768
5	3891	3787	3887	7769
5	3965	3917	3825	7770
5	3884	3882	3783	7771
5	3917	3883	3825	7772
5	3966	3844	3881	7773
5	3962	3874	3920	7774
5	3886	3884	3785	7775
5	3958	3864	3954	7776
5	3978	3893	3977	7777
5	4008	3963	3914	7778
5	3914	3877	3803	7779
5	3948	3854	3847	7780
5	3889	3804	3790	7781
5	3890	3871	3702	7782
5	3890	3702	3728	7783
5	4057	3978	3977	7784
5	4432	4401	4332	7785
5	3970	3887	3885	7786
5	3975	3887	3970	7787
5	3975	3891	3887	7788
5	3976	3891	3975	7789
5	3976	3892	3891	7790
5	3977	3893	3892	7791
5	3896	3880	3778	7792
5	3996	3811	3941	7793
5	3925	3797	3843	7794
5	4044	3907	4009	7795
5	3897	3836	3802	7796
5	4141	4062	4094	7797
5	3983	3900	3911	7798
5	3900	3830	3840	7799
5	4011	3861	3860	7800
5	3899	3814	3708	7801
5	3957	3898	3868	7802
5	3957	3809	3921	7803
5	4102	4011	4010	7804
5	3988	3919	3815	7805
5	4099	4003	4098	7806
5	4400	4393	4341	7807
5	3903	3863	3703	7808
5	3903	3703	3833	7809
5	3908	3700	3837	7810
5	4139	4110	4137	7811
5	4060	4030	3935	7812
5	3978	3894	3893	7813
5	4013	3816	3953	7814
5	3946	3756	3850	7815
5	3969	3884	3886	7816
5	4004	3863	3903	7817
5	4092	3939	3992	7818
5	4070	4069	4014	7819
5	3961	3872	3960	7820
5	3956	3867	3829	7821
5	4077	3910	3995	7822
5	3919	3750	3815	7823
5	3911	3900	3840	7824
5	3911	3840	3807	7825
5	3924	3838	3820	7826
5	4040	3956	4036	7827
5	3913	3849	3817	7828
5	4028	3987	3931	7829
5	3972	3888	3871	7830
5	3972	3871	3923	7831
5	3915	3876	3875	7832
5	4170	4096	4167	7833
5	3940	3819	3937	7834
5	4296	4245	4147	7835
5	4104	4045	3978	7836
5	3968	3885	3883	7837
5	3957	3868	3809	7838
5	4029	3945	3898	7839
5	4010	3901	3835	7840
5	3919	3860	3750	7841
5	3962	3915	3875	7842
5	3920	3874	3869	7843
5	3982	3911	3934	7844
5	4019	3900	3983	7845
5	3989	3914	3803	7846
5	3922	3823	3851	7847
5	3973	3856	3963	7848
5	4025	3948	3993	7849
5	3950	3912	3857	7850
5	4240	4159	4201	7851
5	3979	3844	3966	7852
5	4094	4017	3998	7853
5	3930	3878	3880	7854
5	4044	3926	3907	7855
5	4051	3959	4042	7856
5	4049	3963	4008	7857
5	4289	4144	4242	7858
5	4045	4026	3928	7859
5	3929	3827	3795	7860
5	3929	3795	3811	7861
5	4009	3964	4007	7862
5	3965	3878	3930	7863
5	4095	3999	4064	7864
5	4150	4063	4066	7865
5	3974	3889	3959	7866
5	4025	3916	3948	7867
5	3933	3801	3755	7868
5	3933	3755	3805	7869
5	3934	3911	3807	7870
5	3934	3807	3836	7871
5	3902	3813	3823	7872
5	3902	3823	3922	7873
5	4258	4173	4192	7874
5	4028	3943	4000	7875
5	3998	3918	3932	7876
5	4031	3937	3942	7877
5	3938	3924	3820	7878
5	3938	3820	3800	7879
5	3939	3806	3745	7880
5	3939	3745	3827	7881
5	4017	3918	3998	7882
5	4017	3942	3918	7883
5	3941	3811	3796	7884
5	3941	3796	3895	7885
5	3942	3937	3832	7886
5	3942	3832	3845	7887
5	3943	3931	3834	7888
5	3943	3834	3849	7889
5	3906	3810	3842	7890
5	3906	3842	3841	7891
5	4122	4035	4050	7892
5	3948	3847	3945	7893
5	3955	3737	3865	7894
5	4097	4013	4002	7895
5	3947	3932	3839	7896
5	3947	3839	3853	7897
5	3959	3889	3870	7898
5	3948	3916	3854	7899
5	3949	3947	3853	7900
5	3949	3853	3804	7901
5	4003	3924	3938	7902
5	4333	4291	4251	7903
5	3963	3856	3877	7904
5	3952	3858	3951	7905
5	4039	3949	3974	7906
5	3989	3952	3914	7907
5	3953	3816	3751	7908
5	3953	3751	3866	7909
5	3958	3869	3864	7910
5	3954	3864	3863	7911
5	4033	3952	3951	7912
5	3955	3850	3737	7913
5	4036	3940	4032	7914
5	4032	3940	3937	7915
5	4037	3921	4019	7916
5	3997	3972	3923	7917
5	4056	3976	4055	7918
5	4054	3971	3915	7919
5	3974	3949	3804	7920
5	4153	4073	4004	7921
5	4098	3984	4072	7922
5	4040	3960	3956	7923
5	4041	3961	3960	7924
5	4041	3960	4040	7925
5	3906	3764	3822	7926
5	3906	3822	3848	7927
5	3973	3959	3870	7928
5	4050	4035	3927	7929
5	3965	3825	3878	7930
5	3964	3907	3879	7931
5	4082	3979	4058	7932
5	4009	3907	3964	7933
5	3980	3880	3896	7934
5	4092	3994	3995	7935
5	3967	3964	3882	7936
5	3967	3882	3884	7937
5	4045	3928	3894	7938
5	3977	3892	3976	7939
5	4046	3967	3969	7940
5	3969	3967	3884	7941
5	4172	4105	4155	7942
5	4016	3915	3962	7943
5	4127	4048	4054	7944
5	3971	3969	3886	7945
5	3973	3870	3856	7946
5	3972	3927	3888	7947
5	4085	3993	4078	7948
5	4008	3914	3952	7949
5	4050	3927	3972	7950
5	4041	4005	3961	7951
5	4048	3969	3971	7952
5	4288	4252	4189	7953
5	4038	3958	3954	7954
5	4129	4054	4016	7955
5	4053	3975	3970	7956
5	4055	3975	4053	7957
5	4055	3976	3975	7958
5	4189	4160	4079	7959
5	3980	3930	3880	7960
5	3991	3896	3925	7961
5	3991	3980	3896	7962
5	4058	3966	4023	7963
5	3981	3934	3897	7964
5	4307	4204	4246	7965
5	4094	4062	4017	7966
5	4087	4075	3983	7967
5	4216	4150	4194	7968
5	4107	4000	4095	7969
5	3984	3938	3909	7970
5	4036	3956	3940	7971
5	3985	3935	3846	7972
5	3985	3846	3905	7973
5	3986	3933	3805	7974
5	4101	3988	4015	7975
5	3987	3981	3897	7976
5	3987	3897	3931	7977
5	4101	4011	3988	7978
5	4015	3805	3901	7979
5	4229	4174	4166	7980
5	4089	4027	4083	7981
5	4096	4001	3990	7982
5	4090	3990	4038	7983
5	4105	4091	4009	7984
5	4076	4014	4069	7985
5	4075	4019	3983	7986
5	3992	3939	3827	7987
5	4039	4024	3949	7988
5	4114	4025	4085	7989
5	4175	4112	4111	7990
5	4067	3933	3986	7991
5	3995	3910	3806	7992
5	3995	3806	3939	7993
5	4092	4071	3994	7994
5	4058	3979	3966	7995
5	4032	3937	4031	7996
5	4031	3942	4017	7997
5	4264	4230	4243	7998
5	4426	4330	4397	7999
5	4118	4045	4104	8000
5	4060	3935	3985	8001
5	4173	4134	4107	8002
5	4503	4402	4401	8003
5	4096	3990	4090	8004
5	4220	4155	4202	8005
5	4102	4013	4097	8006
5	4011	3919	3988	8007
5	4168	4098	4072	8008
5	4244	4218	4231	8009
5	4100	4034	4099	8010
5	4253	4167	4224	8011
5	4005	3984	3909	8012
5	4005	3909	3961	8013
5	4098	4003	3984	8014
5	4099	4034	4003	8015
5	3989	3902	3922	8016
5	4087	3982	4086	8017
5	4042	3959	3973	8018
5	4287	4251	4197	8019
5	4018	3968	3917	8020
5	4057	3977	4056	8021
5	4101	4010	4011	8022
5	4011	3860	3919	8023
5	4097	3861	4011	8024
5	4013	3899	3816	8025
5	4012	3908	3837	8026
5	4012	3837	3904	8027
5	4013	3944	3899	8028
5	4035	3951	3927	8029
5	4014	3925	3843	8030
5	4014	3843	3908	8031
5	4077	4015	3988	8032
5	4015	3986	3805	8033
5	4253	4227	4167	8034
5	4104	3978	4057	8035
5	4019	3921	3900	8036
5	4108	4029	4020	8037
5	4047	3970	3968	8038
5	4054	3915	4016	8039
5	4020	3898	3957	8040
5	4078	3993	4029	8041
5	3989	3922	3859	8042
5	3989	3859	3952	8043
5	4021	3998	3932	8044
5	4021	3932	3947	8045
5	4022	3941	3895	8046
5	4022	3895	3979	8047
5	4140	4119	4120	8048
5	4059	3930	3980	8049
5	4024	4021	3947	8050
5	4024	3947	3949	8051
5	4149	4114	4085	8052
5	4052	3916	4025	8053
5	4026	3985	3905	8054
5	4026	3905	3928	8055
5	4027	4018	3917	8056
5	4027	3917	3965	8057
5	4199	4137	4138	8058
5	4152	4063	4150	8059
5	4391	4294	4291	8060
5	4151	4081	4116	8061
5	4030	3999	3936	8062
5	4030	3936	3935	8063
5	4062	4031	4017	8064
5	4173	4107	4095	8065
5	4125	4113	3997	8066
5	4116	4081	4041	8067
5	4002	3946	3850	8068
5	4102	4097	4011	8069
5	4034	4006	3950	8070
5	4034	3950	3924	8071
5	4002	4013	3953	8072
5	4002	3953	3946	8073
5	4115	4036	4112	8074
5	4112	4032	4111	8075
5	4037	4020	3957	8076
5	4037	3957	3921	8077
5	4153	4004	4065	8078
5	4287	4197	4245	8079
5	4124	4051	4123	8080
5	4109	4021	4093	8081
5	4166	4108	4088	8082
5	4154	4081	4151	8083
5	4116	4041	4040	8084
5	4116	4040	4115	8085
5	4051	3974	3959	8086
5	4051	4039	3974	8087
5	4043	4027	3965	8088
5	4043	3965	3930	8089
5	4132	4023	4117	8090
5	4044	4023	3926	8091
5	4158	4030	4060	8092
5	4056	3977	3976	8093
5	4148	4126	4084	8094
5	4046	4007	3967	8095
5	4118	4079	4026	8096
5	4053	3970	4047	8097
5	4103	4001	4096	8098
5	4048	4046	3969	8099
5	4049	4042	3973	8100
5	4049	3973	3963	8101
5	4080	4008	4033	8102
5	4121	4049	4080	8103
5	4080	4033	4035	8104
5	4052	3923	3916	8105
5	4085	4025	3993	8106
5	4123	4051	4042	8107
5	4156	4057	4131	8108
5	4103	4016	4001	8109
5	4126	4053	4047	8110
5	4054	4048	3971	8111
5	4091	4044	4009	8112
5	4129	4016	4103	8113
5	4201	4068	4146	8114
5	4163	4090	4038	8115
5	4212	4202	4140	8116
5	4209	4131	4136	8117
5	4059	4043	3930	8118
5	4132	4058	4023	8119
5	4074	3980	3991	8120
5	4117	4023	4044	8121
5	4185	4104	4156	8122
5	4298	4241	4256	8123
5	4071	4012	3904	8124
5	4061	3992	3929	8125
5	4545	4493	4475	8126
5	4111	4032	4031	8127
5	4290	4260	4278	8128
5	4107	4028	4000	8129
5	4367	4300	4271	8130
5	4198	4153	4159	8131
5	4240	4198	4159	8132
5	4065	4004	3903	8133
5	4066	4063	3987	8134
5	4066	3987	4028	8135
5	4067	3995	3994	8136
5	4067	3994	3933	8137
5	4068	4065	3912	8138
5	4068	3912	4006	8139
5	4069	3996	3941	8140
5	4074	4059	3980	8141
5	4092	3995	3939	8142
5	4070	4012	4061	8143
5	4070	4014	3908	8144
5	4061	3929	3996	8145
5	4111	4031	4062	8146
5	4115	4040	4036	8147
5	4163	4038	4073	8148
5	4239	4187	4238	8149
5	4074	3991	4082	8150
5	4362	4313	4312	8151
5	4071	3992	4061	8152
5	4071	4061	4012	8153
5	4082	4022	3979	8154
5	4076	4082	3991	8155
5	4077	4067	3986	8156
5	4077	3986	4015	8157
5	4069	3941	4022	8158
5	4076	3925	4014	8159
5	4160	3985	4079	8160
5	4079	3985	4026	8161
5	4080	4049	4008	8162
5	4397	4330	4331	8163
5	4081	4072	4005	8164
5	4081	4005	4041	8165
5	4076	4069	4022	8166
5	4076	4022	4082	8167
5	4083	4027	4043	8168
5	4133	4059	4132	8169
5	4131	4056	4130	8170
5	4084	4047	4018	8171
5	4093	4021	4024	8172
5	4165	4094	4109	8173
5	4087	3983	3982	8174
5	4086	3982	3981	8175
5	4335	4290	4324	8176
5	4143	4062	4141	8177
5	4108	4020	4088	8178
5	4088	4020	4037	8179
5	4089	4084	4018	8180
5	4089	4018	4027	8181
5	4184	4140	4120	8182
5	4168	4072	4154	8183
5	4105	4009	4007	8184
5	4117	4044	4091	8185
5	4177	4115	4112	8186
5	4092	3992	4071	8187
5	4070	4061	3996	8188
5	4070	3996	4069	8189
5	4247	4199	4210	8190
5	4162	4087	4086	8191
5	4107	4066	4028	8192
5	4095	4000	3999	8193
5	4205	4188	4170	8194
5	4184	4120	4127	8195
5	4097	4002	3955	8196
5	4097	3955	3861	8197
5	4177	4112	4175	8198
5	4154	4072	4081	8199
5	4200	4147	4099	8200
5	4296	4147	4200	8201
5	4113	4050	3997	8202
5	4122	4050	4113	8203
5	4101	4015	3901	8204
5	4101	3901	4010	8205
5	4102	4010	3944	8206
5	4102	3944	4013	8207
5	4156	4104	4057	8208
5	4128	4055	4053	8209
5	4130	4055	4128	8210
5	4130	4056	4055	8211
5	4172	4091	4105	8212
5	4145	4084	4089	8213
5	4106	4093	4024	8214
5	4106	4024	4039	8215
5	4258	4203	4173	8216
5	4303	4281	4265	8217
5	4215	4181	4149	8218
5	4108	4078	4029	8219
5	4109	4094	3998	8220
5	4109	3998	4021	8221
5	4110	4088	4037	8222
5	4110	4037	4019	8223
5	4112	4036	4032	8224
5	4200	4099	4169	8225
5	4230	4142	4190	8226
5	4180	4106	4124	8227
5	4121	4042	4049	8228
5	4182	4124	4123	8229
5	4125	4052	4114	8230
5	4114	4052	4025	8231
5	4248	4200	4169	8232
5	4143	4111	4062	8233
5	4248	4169	4226	8234
5	4533	4508	4525	8235
5	4179	4091	4172	8236
5	4133	4132	4117	8237
5	4131	4057	4056	8238
5	4158	4064	4030	8239
5	4119	4105	4007	8240
5	4119	4007	4046	8241
5	4120	4119	4046	8242
5	4120	4046	4048	8243
5	4123	4042	4121	8244
5	4142	4109	4093	8245
5	4122	4121	4080	8246
5	4122	4080	4035	8247
5	4176	4122	4113	8248
5	4124	4106	4039	8249
5	4125	3997	4052	8250
5	4181	4114	4149	8251
5	4180	4161	4106	8252
5	4176	4121	4122	8253
5	4256	4241	4135	8254
5	4128	4053	4126	8255
5	4227	4170	4167	8256
5	4127	4120	4048	8257
5	4332	4258	4289	8258
5	4333	4251	4287	8259
5	4155	4105	4119	8260
5	4129	4127	4054	8261
5	4224	4167	4090	8262
5	4221	4188	4205	8263
5	4074	4082	4058	8264
5	4132	4074	4058	8265
5	4133	4043	4059	8266
5	4132	4059	4074	8267
5	4179	4172	4171	8268
5	4133	4083	4043	8269
5	4288	4189	4241	8270
5	4379	4346	4288	8271
5	4209	4193	4156	8272
5	4155	4119	4140	8273
5	4136	4131	4130	8274
5	4187	4128	4157	8275
5	4137	4110	4075	8276
5	4450	4403	4393	8277
5	4138	4137	4075	8278
5	4138	4075	4087	8279
5	4178	4116	4115	8280
5	4235	4183	4181	8281
5	4212	4140	4184	8282
5	4157	4128	4126	8283
5	4175	4111	4143	8284
5	4232	4175	4191	8285
5	4165	4109	4142	8286
5	4165	4141	4094	8287
5	4207	4164	4206	8288
5	4233	4231	4178	8289
5	4144	4095	4064	8290
5	4399	4332	4289	8291
5	4148	4084	4145	8292
5	4251	4146	4197	8293
5	4146	4068	4006	8294
5	4146	4006	4100	8295
5	4147	4100	4099	8296
5	4169	4098	4168	8297
5	4157	4126	4148	8298
5	4187	4130	4128	8299
5	4266	4207	4206	8300
5	4161	4093	4106	8301
5	4152	4086	4063	8302
5	4162	4086	4152	8303
5	4178	4115	4177	8304
5	4348	4296	4248	8305
5	4278	4222	4216	8306
5	4338	4324	4261	8307
5	4201	4159	4068	8308
5	4170	4103	4096	8309
5	4291	4240	4201	8310
5	4225	4154	4218	8311
5	4228	4145	4171	8312
5	4171	4089	4083	8313
5	4185	4118	4104	8314
5	4185	4135	4118	8315
5	4188	4103	4170	8316
5	4237	4212	4184	8317
5	4208	4148	4196	8318
5	4252	4160	4189	8319
5	4159	4153	4065	8320
5	4159	4065	4068	8321
5	4252	4060	4160	8322
5	4160	4060	3985	8323
5	4174	4078	4108	8324
5	4161	4142	4093	8325
5	4402	4343	4401	8326
5	4222	4152	4216	8327
5	4217	4073	4153	8328
5	4294	4240	4291	8329
5	4164	4149	4085	8330
5	4164	4085	4078	8331
5	4214	4137	4199	8332
5	4166	4088	4139	8333
5	4174	4108	4166	8334
5	4174	4164	4078	8335
5	4167	4096	4090	8336
5	4346	4252	4288	8337
5	4339	4302	4325	8338
5	4233	4177	4232	8339
5	4283	4232	4250	8340
5	4226	4169	4168	8341
5	4238	4187	4157	8342
5	4208	4157	4148	8343
5	4391	4291	4376	8344
5	4171	4145	4089	8345
5	4179	4171	4083	8346
5	4188	4129	4103	8347
5	4418	4392	4354	8348
5	4444	4384	4344	8349
5	4235	4181	4215	8350
5	4207	4149	4164	8351
5	4378	4295	4345	8352
5	4178	4151	4116	8353
5	4182	4180	4124	8354
5	4181	4125	4114	8355
5	4279	4218	4244	8356
5	4340	4297	4316	8357
5	4206	4164	4174	8358
5	4281	4229	4265	8359
5	4188	4186	4129	8360
5	4179	4117	4091	8361
5	4182	4123	4176	8362
5	4176	4123	4121	8363
5	4183	4125	4181	8364
5	4183	4113	4125	8365
5	4183	4176	4113	8366
5	4215	4149	4207	8367
5	4234	4180	4182	8368
5	4236	4234	4182	8369
5	4202	4155	4140	8370
5	4196	4148	4145	8371
5	4307	4242	4204	8372
5	4256	4185	4193	8373
5	4186	4184	4127	8374
5	4186	4127	4129	8375
5	4237	4186	4221	8376
5	4187	4136	4130	8377
5	4179	4083	4133	8378
5	4179	4133	4117	8379
5	4372	4256	4300	8380
5	4242	4144	4204	8381
5	4222	4162	4152	8382
5	4350	4314	4323	8383
5	4191	4175	4143	8384
5	4213	4143	4141	8385
5	4192	4173	4095	8386
5	4192	4095	4144	8387
5	4193	4185	4156	8388
5	4379	4377	4346	8389
5	4194	4150	4134	8390
5	4399	4336	4383	8391
5	4195	4190	4161	8392
5	4195	4161	4180	8393
5	4407	4349	4305	8394
5	4209	4156	4131	8395
5	4197	4146	4100	8396
5	4197	4100	4147	8397
5	4217	4163	4073	8398
5	4217	4153	4198	8399
5	4282	4244	4231	8400
5	4437	4394	4405	8401
5	4225	4168	4154	8402
5	4226	4168	4225	8403
5	4375	4287	4330	8404
5	4291	4201	4251	8405
5	4228	4196	4145	8406
5	4219	4171	4172	8407
5	4262	4134	4203	8408
5	4203	4134	4173	8409
5	4204	4144	4064	8410
5	4204	4064	4158	8411
5	4380	4319	4349	8412
5	4263	4217	4259	8413
5	4283	4282	4233	8414
5	4265	4229	4211	8415
5	4255	4213	4223	8416
5	4371	4326	4309	8417
5	4270	4205	4249	8418
5	4299	4284	4268	8419
5	4321	4270	4319	8420
5	4410	4298	4372	8421
5	4210	4199	4138	8422
5	4210	4138	4162	8423
5	4229	4166	4211	8424
5	4211	4166	4139	8425
5	4284	4237	4268	8426
5	4269	4238	4208	8427
5	4243	4230	4190	8428
5	4213	4191	4143	8429
5	4214	4211	4139	8430
5	4214	4139	4137	8431
5	4278	4216	4261	8432
5	4276	4195	4234	8433
5	4222	4210	4162	8434
5	4216	4152	4150	8435
5	4227	4205	4170	8436
5	4224	4090	4163	8437
5	4218	4154	4151	8438
5	4232	4177	4175	8439
5	4277	4196	4228	8440
5	4228	4171	4219	8441
5	4220	4219	4172	8442
5	4220	4172	4155	8443
5	4237	4184	4186	8444
5	4221	4186	4188	8445
5	4309	4250	4293	8446
5	4274	4191	4213	8447
5	4223	4213	4141	8448
5	4223	4141	4165	8449
5	4457	4434	4386	8450
5	4395	4390	4368	8451
5	4548	4457	4530	8452
5	4301	4244	4282	8453
5	4279	4225	4218	8454
5	4280	4225	4279	8455
5	4268	4237	4221	8456
5	4249	4205	4227	8457
5	4420	4331	4381	8458
5	4555	4515	4513	8459
5	4275	4215	4207	8460
5	4229	4206	4174	8461
5	4230	4223	4165	8462
5	4230	4165	4142	8463
5	4231	4218	4151	8464
5	4231	4151	4178	8465
5	4233	4178	4177	8466
5	4325	4244	4301	8467
5	4322	4274	4255	8468
5	4282	4231	4233	8469
5	4267	4190	4195	8470
5	4234	4195	4180	8471
5	4236	4182	4176	8472
5	4236	4176	4183	8473
5	4236	4183	4235	8474
5	4236	4235	4234	8475
5	4238	4157	4208	8476
5	4304	4269	4272	8477
5	4312	4263	4259	8478
5	4328	4286	4239	8479
5	4286	4136	4239	8480
5	4239	4136	4187	8481
5	4251	4201	4146	8482
5	4436	4413	4389	8483
5	4256	4135	4185	8484
5	4496	4459	4442	8485
5	4382	4354	4361	8486
5	4441	4377	4428	8487
5	4257	4199	4247	8488
5	4326	4282	4283	8489
5	4359	4325	4301	8490
5	4250	4232	4191	8491
5	4296	4200	4248	8492
5	4280	4226	4225	8493
5	4383	4336	4337	8494
5	4246	4204	4158	8495
5	4324	4278	4261	8496
5	4343	4203	4258	8497
5	4375	4333	4287	8498
5	4338	4261	4311	8499
5	4308	4284	4299	8500
5	4300	4256	4193	8501
5	4369	4322	4315	8502
5	4306	4260	4290	8503
5	4348	4248	4295	8504
5	4330	4287	4245	8505
5	4310	4060	4252	8506
5	4310	4158	4060	8507
5	4320	4269	4304	8508
5	4407	4305	4363	8509
5	4275	4207	4266	8510
5	4265	4211	4254	8511
5	4274	4213	4255	8512
5	4274	4250	4191	8513
5	4271	4193	4209	8514
5	4300	4193	4271	8515
5	4257	4254	4214	8516
5	4257	4214	4199	8517
5	4324	4290	4278	8518
5	4422	4374	4402	8519
5	4263	4163	4217	8520
5	4263	4224	4163	8521
5	4260	4247	4210	8522
5	4260	4210	4222	8523
5	4278	4260	4222	8524
5	4261	4216	4194	8525
5	4364	4314	4350	8526
5	4262	4194	4134	8527
5	4423	4362	4384	8528
5	4313	4263	4312	8529
5	4264	4255	4223	8530
5	4264	4223	4230	8531
5	4322	4293	4274	8532
5	4345	4280	4302	8533
5	4316	4266	4281	8534
5	4327	4275	4297	8535
5	4297	4275	4266	8536
5	4267	4243	4190	8537
5	4285	4238	4269	8538
5	4273	4202	4212	8539
5	4376	4291	4333	8540
5	4321	4268	4270	8541
5	4270	4268	4221	8542
5	4270	4221	4205	8543
5	4411	4300	4367	8544
5	4328	4239	4285	8545
5	4272	4269	4208	8546
5	4272	4208	4196	8547
5	4277	4228	4219	8548
5	4277	4220	4202	8549
5	4403	4351	4355	8550
5	4293	4250	4274	8551
5	4276	4234	4235	8552
5	4283	4233	4232	8553
5	4276	4235	4215	8554
5	4276	4215	4275	8555
5	4277	4272	4196	8556
5	4277	4219	4220	8557
5	4386	4339	4359	8558
5	4292	4257	4247	8559
5	4434	4387	4339	8560
5	4387	4345	4302	8561
5	4277	4202	4273	8562
5	4388	4360	4308	8563
5	4281	4266	4206	8564
5	4281	4206	4229	8565
5	4315	4255	4264	8566
5	4424	4412	4421	8567
5	4327	4276	4275	8568
5	4276	4267	4195	8569
5	4284	4273	4212	8570
5	4284	4212	4237	8571
5	4286	4271	4209	8572
5	4285	4239	4238	8573
5	4372	4298	4256	8574
5	4438	4334	4380	8575
5	4444	4344	4391	8576
5	4423	4406	4362	8577
5	4346	4310	4252	8578
5	4392	4337	4307	8579
5	4289	4258	4192	8580
5	4289	4192	4144	8581
5	4341	4290	4335	8582
5	4347	4203	4343	8583
5	4345	4295	4280	8584
5	4381	4331	4296	8585
5	4425	4374	4422	8586
5	4605	4581	4601	8587
5	4370	4293	4322	8588
5	4326	4283	4309	8589
5	4294	4259	4198	8590
5	4294	4198	4240	8591
5	4295	4248	4226	8592
5	4295	4226	4280	8593
5	4391	4344	4294	8594
5	4473	4426	4397	8595
5	4316	4281	4303	8596
5	4323	4257	4292	8597
5	4435	4410	4372	8598
5	4501	4443	4456	8599
5	4308	4273	4284	8600
5	4353	4320	4304	8601
5	4319	4270	4249	8602
5	4329	4271	4286	8603
5	4309	4283	4250	8604
5	4427	4386	4394	8605
5	4302	4280	4279	8606
5	4554	4513	4511	8607
5	4529	4522	4524	8608
5	4327	4267	4276	8609
5	4320	4285	4269	8610
5	4379	4288	4342	8611
5	4305	4249	4227	8612
5	4305	4227	4253	8613
5	4306	4292	4247	8614
5	4306	4247	4260	8615
5	4440	4342	4410	8616
5	4432	4332	4399	8617
5	4360	4304	4272	8618
5	4360	4273	4308	8619
5	4326	4301	4282	8620
5	4359	4301	4356	8621
5	4361	4310	4346	8622
5	4310	4246	4158	8623
5	4311	4261	4194	8624
5	4311	4194	4262	8625
5	4313	4253	4224	8626
5	4313	4224	4263	8627
5	4349	4319	4249	8628
5	4363	4313	4362	8629
5	4314	4303	4265	8630
5	4314	4265	4254	8631
5	4624	4582	4570	8632
5	4322	4255	4315	8633
5	4352	4315	4317	8634
5	4316	4297	4266	8635
5	4317	4315	4264	8636
5	4317	4264	4243	8637
5	4318	4317	4243	8638
5	4318	4243	4267	8639
5	4404	4320	4353	8640
5	4334	4321	4319	8641
5	4390	4353	4357	8642
5	4404	4353	4390	8643
5	4357	4308	4299	8644
5	4321	4299	4268	8645
5	4364	4303	4314	8646
5	4370	4358	4293	8647
5	4323	4314	4254	8648
5	4323	4254	4257	8649
5	4429	4335	4398	8650
5	4393	4355	4341	8651
5	4325	4302	4279	8652
5	4325	4279	4244	8653
5	4341	4306	4290	8654
5	4355	4306	4341	8655
5	4327	4297	4318	8656
5	4327	4318	4267	8657
5	4390	4357	4368	8658
5	4329	4286	4328	8659
5	4349	4249	4305	8660
5	4380	4334	4319	8661
5	4430	4348	4378	8662
5	4535	4501	4456	8663
5	4331	4330	4245	8664
5	4331	4245	4296	8665
5	4343	4258	4332	8666
5	4402	4347	4343	8667
5	4443	4391	4376	8668
5	4381	4296	4348	8669
5	4366	4285	4320	8670
5	4368	4321	4334	8671
5	4425	4338	4374	8672
5	4464	4392	4418	8673
5	4399	4289	4336	8674
5	4336	4289	4242	8675
5	4337	4336	4242	8676
5	4337	4242	4307	8677
5	4347	4262	4203	8678
5	4598	4560	4559	8679
5	4371	4309	4358	8680
5	4400	4341	4335	8681
5	4365	4316	4303	8682
5	4340	4318	4297	8683
5	4476	4433	4400	8684
5	4522	4461	4486	8685
5	4342	4288	4241	8686
5	4342	4241	4298	8687
5	4347	4311	4262	8688
5	4572	4536	4500	8689
5	4344	4312	4259	8690
5	4344	4259	4294	8691
5	4626	4537	4576	8692
5	4378	4348	4295	8693
5	4354	4307	4246	8694
5	4646	4566	4621	8695
5	4433	4393	4400	8696
5	4471	4401	4432	8697
5	4434	4339	4386	8698
5	4511	4460	4497	8699
5	4406	4363	4362	8700
5	4448	4390	4395	8701
5	4358	4309	4293	8702
5	4356	4301	4326	8703
5	4351	4350	4323	8704
5	4351	4323	4292	8705
5	4539	4495	4472	8706
5	4369	4315	4352	8707
5	4404	4396	4366	8708
5	4366	4328	4285	8709
5	4382	4361	4377	8710
5	4418	4354	4382	8711
5	4355	4351	4292	8712
5	4355	4292	4306	8713
5	4359	4339	4325	8714
5	4387	4302	4339	8715
5	4388	4304	4360	8716
5	4388	4308	4357	8717
5	4371	4356	4326	8718
5	4465	4430	4460	8719
5	4340	4352	4317	8720
5	4340	4317	4318	8721
5	4360	4272	4277	8722
5	4360	4277	4273	8723
5	4361	4354	4246	8724
5	4361	4246	4310	8725
5	4363	4305	4253	8726
5	4363	4253	4313	8727
5	4438	4395	4334	8728
5	4407	4363	4406	8729
5	4365	4340	4316	8730
5	4365	4303	4364	8731
5	4389	4369	4352	8732
5	4409	4340	4365	8733
5	4367	4271	4329	8734
5	4373	4328	4366	8735
5	4464	4442	4392	8736
5	4439	4411	4367	8737
5	4368	4357	4299	8738
5	4368	4299	4321	8739
5	4408	4365	4364	8740
5	4370	4322	4369	8741
5	4424	4408	4412	8742
5	4414	4351	4403	8743
5	4569	4563	4523	8744
5	4445	4421	4414	8745
5	4462	4411	4439	8746
5	4446	4373	4396	8747
5	4462	4435	4372	8748
5	4373	4329	4328	8749
5	4374	4338	4311	8750
5	4374	4311	4347	8751
5	4426	4375	4330	8752
5	4444	4391	4443	8753
5	4535	4431	4463	8754
5	4513	4467	4465	8755
5	4567	4493	4545	8756
5	4377	4361	4346	8757
5	4613	4577	4547	8758
5	4556	4498	4550	8759
5	4428	4377	4379	8760
5	4479	4428	4440	8761
5	4469	4439	4416	8762
5	4525	4489	4488	8763
5	4467	4420	4465	8764
5	4463	4431	4375	8765
5	4410	4342	4298	8766
5	4440	4428	4379	8767
5	4392	4307	4354	8768
5	4657	4603	4655	8769
5	4384	4362	4312	8770
5	4384	4312	4344	8771
5	4415	4358	4385	8772
5	4385	4358	4370	8773
5	4483	4450	4433	8774
5	4405	4394	4356	8775
5	4420	4397	4331	8776
5	4473	4397	4467	8777
5	4388	4357	4353	8778
5	4388	4353	4304	8779
5	4413	4369	4389	8780
5	4413	4370	4369	8781
5	4396	4373	4366	8782
5	4395	4368	4334	8783
5	4451	4407	4406	8784
5	4508	4484	4438	8785
5	4442	4337	4392	8786
5	4441	4382	4377	8787
5	4403	4355	4393	8788
5	4445	4414	4403	8789
5	4394	4386	4359	8790
5	4394	4359	4356	8791
5	4526	4484	4508	8792
5	4404	4366	4320	8793
5	4515	4467	4513	8794
5	4574	4547	4501	8795
5	4465	4420	4430	8796
5	4588	4494	4548	8797
5	4398	4335	4324	8798
5	4398	4324	4338	8799
5	4401	4343	4332	8800
5	4402	4374	4347	8801
5	4603	4539	4571	8802
5	4425	4398	4338	8803
5	4666	4610	4598	8804
5	4506	4475	4441	8805
5	4540	4509	4458	8806
5	4429	4400	4335	8807
5	4450	4393	4433	8808
5	4405	4356	4371	8809
5	4485	4448	4484	8810
5	4449	4396	4404	8811
5	4627	4568	4529	8812
5	4490	4470	4453	8813
5	4463	4375	4426	8814
5	4557	4480	4519	8815
5	4481	4444	4443	8816
5	4452	4407	4451	8817
5	4409	4352	4340	8818
5	4409	4365	4408	8819
5	4409	4408	4389	8820
5	4409	4389	4352	8821
5	4416	4367	4329	8822
5	4411	4372	4300	8823
5	4462	4372	4411	8824
5	4416	4329	4373	8825
5	4412	4408	4364	8826
5	4412	4364	4350	8827
5	4421	4412	4414	8828
5	4413	4385	4370	8829
5	4414	4412	4350	8830
5	4414	4350	4351	8831
5	4415	4405	4371	8832
5	4415	4371	4358	8833
5	4498	4439	4469	8834
5	4440	4379	4342	8835
5	4417	4378	4345	8836
5	4417	4345	4387	8837
5	4442	4383	4337	8838
5	4566	4538	4543	8839
5	4447	4415	4419	8840
5	4419	4415	4385	8841
5	4537	4502	4473	8842
5	4515	4473	4467	8843
5	4585	4529	4565	8844
5	4424	4389	4408	8845
5	4504	4472	4422	8846
5	4503	4401	4471	8847
5	4542	4525	4488	8848
5	4501	4481	4443	8849
5	4453	4419	4385	8850
5	4436	4389	4424	8851
5	4476	4400	4429	8852
5	4450	4445	4403	8853
5	4467	4397	4420	8854
5	4502	4426	4473	8855
5	4583	4530	4582	8856
5	4492	4474	4437	8857
5	4531	4496	4464	8858
5	4597	4559	4558	8859
5	4539	4472	4504	8860
5	4571	4539	4504	8861
5	4430	4420	4381	8862
5	4430	4381	4348	8863
5	4431	4376	4333	8864
5	4431	4333	4375	8865
5	4528	4504	4503	8866
5	4699	4697	4658	8867
5	4604	4539	4603	8868
5	4505	4491	4487	8869
5	4570	4544	4492	8870
5	4457	4386	4427	8871
5	4478	4440	4410	8872
5	4478	4410	4435	8873
5	4477	4424	4421	8874
5	4453	4413	4436	8875
5	4474	4394	4437	8876
5	4474	4427	4394	8877
5	4446	4416	4373	8878
5	4439	4367	4416	8879
5	4448	4404	4390	8880
5	4571	4504	4528	8881
5	4479	4440	4478	8882
5	4506	4441	4480	8883
5	4517	4478	4435	8884
5	4480	4428	4479	8885
5	4475	4382	4441	8886
5	4496	4442	4464	8887
5	4466	4406	4423	8888
5	4537	4473	4515	8889
5	4466	4451	4406	8890
5	4482	4444	4481	8891
5	4492	4437	4461	8892
5	4453	4385	4413	8893
5	4542	4488	4512	8894
5	4589	4514	4549	8895
5	4447	4437	4405	8896
5	4447	4405	4415	8897
5	4508	4438	4489	8898
5	4449	4404	4448	8899
5	4556	4516	4498	8900
5	4469	4416	4446	8901
5	4540	4458	4495	8902
5	4477	4436	4424	8903
5	4452	4380	4349	8904
5	4452	4349	4407	8905
5	4484	4448	4395	8906
5	4489	4438	4380	8907
5	4470	4419	4453	8908
5	4491	4421	4445	8909
5	4454	4432	4399	8910
5	4454	4399	4383	8911
5	4455	4417	4387	8912
5	4455	4387	4434	8913
5	4456	4443	4376	8914
5	4456	4376	4431	8915
5	4582	4530	4544	8916
5	4583	4548	4530	8917
5	4458	4429	4398	8918
5	4458	4398	4425	8919
5	4459	4454	4383	8920
5	4459	4383	4442	8921
5	4460	4430	4378	8922
5	4460	4378	4417	8923
5	4461	4437	4447	8924
5	4487	4445	4450	8925
5	4510	4468	4507	8926
5	4484	4395	4438	8927
5	4649	4622	4579	8928
5	4535	4456	4431	8929
5	4519	4480	4479	8930
5	4475	4418	4382	8931
5	4584	4532	4502	8932
5	4541	4497	4455	8933
5	4600	4542	4512	8934
5	4580	4578	4564	8935
5	4511	4465	4460	8936
5	4513	4465	4511	8937
5	4468	4446	4396	8938
5	4468	4396	4449	8939
5	4525	4508	4489	8940
5	4488	4452	4451	8941
5	4486	4419	4470	8942
5	4486	4447	4419	8943
5	4528	4503	4471	8944
5	4504	4422	4503	8945
5	4472	4458	4425	8946
5	4472	4425	4422	8947
5	4553	4511	4497	8948
5	4502	4463	4426	8949
5	4544	4474	4492	8950
5	4509	4476	4429	8951
5	4480	4441	4428	8952
5	4545	4475	4506	8953
5	4546	4492	4461	8954
5	4487	4450	4483	8955
5	4490	4436	4477	8956
5	4490	4453	4436	8957
5	4507	4468	4485	8958
5	4498	4462	4439	8959
5	4510	4469	4446	8960
5	4519	4479	4518	8961
5	4516	4435	4462	8962
5	4518	4479	4478	8963
5	4482	4423	4384	8964
5	4482	4384	4444	8965
5	4674	4659	4616	8966
5	4521	4482	4520	8967
5	4569	4523	4536	8968
5	4551	4500	4476	8969
5	4485	4449	4448	8970
5	4485	4468	4449	8971
5	4517	4435	4516	8972
5	4677	4673	4636	8973
5	4546	4461	4522	8974
5	4486	4461	4447	8975
5	4527	4490	4477	8976
5	4523	4487	4483	8977
5	4489	4452	4488	8978
5	4489	4380	4452	8979
5	4611	4561	4577	8980
5	4526	4485	4484	8981
5	4527	4477	4491	8982
5	4491	4445	4487	8983
5	4527	4470	4490	8984
5	4491	4477	4421	8985
5	4652	4609	4588	8986
5	4582	4544	4570	8987
5	4493	4464	4418	8988
5	4493	4418	4475	8989
5	4494	4455	4434	8990
5	4494	4434	4457	8991
5	4509	4429	4458	8992
5	4495	4458	4472	8993
5	4531	4464	4493	8994
5	4558	4517	4516	8995
5	4497	4460	4417	8996
5	4497	4417	4455	8997
5	4518	4478	4517	8998
5	4516	4462	4498	8999
5	4499	4471	4432	9000
5	4499	4432	4454	9001
5	4500	4483	4433	9002
5	4500	4433	4476	9003
5	4520	4482	4481	9004
5	4547	4520	4481	9005
5	4535	4463	4532	9006
5	4532	4463	4502	9007
5	4607	4495	4604	9008
5	4503	4422	4402	9009
5	4549	4459	4496	9010
5	4655	4605	4639	9011
5	4565	4505	4563	9012
5	4527	4491	4505	9013
5	4606	4531	4567	9014
5	4590	4557	4519	9015
5	4510	4446	4468	9016
5	4550	4498	4469	9017
5	4534	4508	4533	9018
5	4561	4521	4520	9019
5	4536	4483	4500	9020
5	4607	4586	4540	9021
5	4558	4516	4556	9022
5	4564	4526	4534	9023
5	4609	4608	4587	9024
5	4541	4455	4494	9025
5	4512	4488	4451	9026
5	4512	4451	4466	9027
5	4592	4555	4554	9028
5	4619	4588	4548	9029
5	4514	4499	4454	9030
5	4514	4454	4459	9031
5	4555	4513	4554	9032
5	4576	4515	4555	9033
5	4674	4616	4644	9034
5	4560	4519	4518	9035
5	4578	4552	4564	9036
5	4559	4517	4558	9037
5	4632	4595	4620	9038
5	4620	4595	4557	9039
5	4634	4597	4596	9040
5	4559	4518	4517	9041
5	4521	4466	4423	9042
5	4521	4423	4482	9043
5	4909	4870	4819	9044
5	4562	4521	4561	9045
5	4563	4505	4523	9046
5	4694	4660	4614	9047
5	4570	4492	4546	9048
5	4523	4505	4487	9049
5	4524	4522	4486	9050
5	4524	4486	4470	9051
5	4598	4559	4597	9052
5	4648	4577	4613	9053
5	4534	4526	4508	9054
5	4526	4507	4485	9055
5	4568	4546	4522	9056
5	4527	4524	4470	9057
5	4617	4536	4572	9058
5	4754	4739	4744	9059
5	4565	4529	4524	9060
5	4536	4523	4483	9061
5	4777	4719	4774	9062
5	4530	4457	4427	9063
5	4567	4531	4493	9064
5	4589	4543	4514	9065
5	4648	4611	4577	9066
5	4626	4584	4537	9067
5	4613	4547	4574	9068
5	4576	4537	4515	9069
5	4560	4518	4559	9070
5	4550	4469	4510	9071
5	4579	4533	4525	9072
5	4547	4481	4501	9073
5	4658	4607	4604	9074
5	4664	4624	4641	9075
5	4584	4502	4537	9076
5	4711	4675	4685	9077
5	4538	4528	4471	9078
5	4538	4471	4499	9079
5	4647	4614	4586	9080
5	4586	4509	4540	9081
5	4586	4551	4509	9082
5	4551	4476	4509	9083
5	4554	4511	4553	9084
5	4609	4587	4541	9085
5	4611	4599	4561	9086
5	4649	4579	4637	9087
5	4543	4538	4499	9088
5	4543	4499	4514	9089
5	4544	4530	4427	9090
5	4544	4427	4474	9091
5	4712	4646	4693	9092
5	4606	4575	4531	9093
5	4607	4540	4495	9094
5	4615	4563	4569	9095
5	4574	4501	4535	9096
5	4880	4848	4845	9097
5	4588	4541	4494	9098
5	4548	4494	4457	9099
5	4621	4566	4543	9100
5	4549	4514	4459	9101
5	4596	4556	4594	9102
5	4590	4519	4560	9103
5	4572	4500	4551	9104
5	4678	4650	4615	9105
5	4552	4550	4510	9106
5	4552	4510	4507	9107
5	4777	4753	4719	9108
5	4592	4554	4591	9109
5	4619	4548	4583	9110
5	4591	4554	4553	9111
5	4651	4576	4618	9112
5	4745	4726	4741	9113
5	4593	4552	4578	9114
5	4632	4545	4595	9115
5	4620	4557	4590	9116
5	4557	4506	4480	9117
5	4579	4525	4542	9118
5	4595	4506	4557	9119
5	4593	4550	4552	9120
5	4594	4556	4550	9121
5	4666	4598	4635	9122
5	4596	4558	4556	9123
5	4562	4512	4466	9124
5	4562	4466	4521	9125
5	4902	4828	4866	9126
5	4677	4636	4640	9127
5	4568	4522	4529	9128
5	4585	4565	4563	9129
5	4564	4552	4507	9130
5	4564	4507	4526	9131
5	4565	4524	4527	9132
5	4565	4527	4505	9133
5	4621	4543	4589	9134
5	4716	4686	4667	9135
5	4681	4645	4610	9136
5	4712	4676	4646	9137
5	4609	4541	4588	9138
5	4625	4582	4624	9139
5	4779	4720	4746	9140
5	4641	4624	4602	9141
5	4624	4570	4602	9142
5	4617	4569	4536	9143
5	4581	4538	4566	9144
5	4604	4495	4539	9145
5	4650	4627	4585	9146
5	4655	4603	4605	9147
5	4574	4535	4573	9148
5	4573	4535	4532	9149
5	4599	4562	4561	9150
5	4763	4734	4689	9151
5	4575	4549	4496	9152
5	4575	4496	4531	9153
5	4638	4612	4584	9154
5	4665	4591	4608	9155
5	4577	4561	4520	9156
5	4577	4520	4547	9157
5	4580	4564	4534	9158
5	4622	4533	4579	9159
5	4630	4578	4623	9160
5	4580	4534	4533	9161
5	4690	4611	4648	9162
5	4622	4580	4533	9163
5	4581	4571	4528	9164
5	4581	4528	4538	9165
5	4732	4663	4703	9166
5	4678	4615	4643	9167
5	4703	4625	4664	9168
5	4701	4641	4661	9169
5	4638	4584	4626	9170
5	4747	4679	4713	9171
5	4615	4585	4563	9172
5	4627	4529	4585	9173
5	4667	4567	4632	9174
5	4693	4646	4621	9175
5	4587	4553	4497	9176
5	4587	4497	4541	9177
5	4713	4679	4654	9178
5	4653	4608	4609	9179
5	4715	4693	4642	9180
5	4776	4742	4709	9181
5	4736	4645	4681	9182
5	4707	4666	4635	9183
5	4704	4653	4696	9184
5	4766	4695	4727	9185
5	4848	4810	4845	9186
5	4713	4654	4675	9187
5	4597	4558	4596	9188
5	4594	4550	4593	9189
5	4662	4580	4622	9190
5	4623	4578	4580	9191
5	4667	4606	4567	9192
5	4595	4545	4506	9193
5	4630	4593	4578	9194
5	4631	4593	4630	9195
5	4709	4672	4671	9196
5	4635	4598	4597	9197
5	4631	4594	4593	9198
5	4633	4596	4594	9199
5	4600	4562	4599	9200
5	4600	4512	4562	9201
5	4633	4594	4631	9202
5	4637	4579	4542	9203
5	4601	4581	4566	9204
5	4676	4601	4646	9205
5	4602	4570	4546	9206
5	4602	4546	4568	9207
5	4698	4655	4682	9208
5	4768	4678	4725	9209
5	4657	4604	4603	9210
5	4650	4585	4615	9211
5	4605	4603	4571	9212
5	4605	4571	4581	9213
5	4628	4549	4575	9214
5	4716	4667	4680	9215
5	4647	4586	4607	9216
5	4646	4601	4566	9217
5	4608	4591	4553	9218
5	4608	4553	4587	9219
5	4717	4650	4678	9220
5	4625	4583	4582	9221
5	4610	4590	4560	9222
5	4610	4560	4598	9223
5	4735	4690	4695	9224
5	4636	4600	4599	9225
5	4612	4573	4532	9226
5	4612	4532	4584	9227
5	4640	4636	4599	9228
5	4719	4644	4683	9229
5	4614	4572	4551	9230
5	4614	4551	4586	9231
5	4660	4617	4572	9232
5	4661	4568	4627	9233
5	4616	4613	4574	9234
5	4616	4574	4573	9235
5	4725	4678	4643	9236
5	4643	4569	4617	9237
5	4618	4576	4555	9238
5	4618	4555	4592	9239
5	4652	4588	4619	9240
5	4683	4644	4612	9241
5	4671	4634	4633	9242
5	4749	4681	4729	9243
5	4676	4639	4601	9244
5	4628	4589	4549	9245
5	4932	4873	4888	9246
5	4742	4672	4709	9247
5	4640	4599	4611	9248
5	4687	4662	4622	9249
5	4775	4724	4740	9250
5	4797	4758	4732	9251
5	4720	4703	4664	9252
5	4643	4615	4569	9253
5	4689	4626	4651	9254
5	4763	4689	4651	9255
5	4663	4583	4625	9256
5	4661	4641	4602	9257
5	4714	4656	4686	9258
5	4680	4632	4620	9259
5	4629	4592	4591	9260
5	4665	4629	4591	9261
5	4803	4728	4761	9262
5	4634	4596	4633	9263
5	4669	4633	4631	9264
5	4635	4597	4634	9265
5	4681	4610	4666	9266
5	4632	4567	4545	9267
5	4672	4634	4671	9268
5	4687	4622	4649	9269
5	4668	4631	4630	9270
5	4730	4670	4692	9271
5	4709	4671	4708	9272
5	4672	4635	4634	9273
5	4637	4600	4636	9274
5	4637	4542	4600	9275
5	4662	4623	4580	9276
5	4680	4667	4632	9277
5	4651	4626	4576	9278
5	4755	4675	4711	9279
5	4639	4605	4601	9280
5	4849	4781	4823	9281
5	4752	4718	4735	9282
5	4814	4777	4774	9283
5	4764	4748	4737	9284
5	4660	4572	4614	9285
5	4642	4621	4589	9286
5	4642	4589	4628	9287
5	4739	4698	4710	9288
5	4684	4617	4660	9289
5	4644	4616	4573	9290
5	4644	4573	4612	9291
5	4645	4620	4590	9292
5	4645	4590	4610	9293
5	4693	4621	4642	9294
5	4849	4829	4781	9295
5	4699	4657	4698	9296
5	4684	4643	4617	9297
5	4722	4662	4687	9298
5	4690	4640	4611	9299
5	4708	4669	4705	9300
5	4723	4649	4673	9301
5	4724	4688	4701	9302
5	4661	4602	4568	9303
5	4794	4713	4755	9304
5	4683	4612	4638	9305
5	4665	4608	4653	9306
5	4653	4609	4652	9307
5	4704	4665	4653	9308
5	4704	4685	4665	9309
5	4654	4618	4592	9310
5	4654	4592	4629	9311
5	4698	4657	4655	9312
5	4658	4604	4657	9313
5	4656	4628	4575	9314
5	4656	4575	4606	9315
5	4748	4721	4737	9316
5	4658	4647	4607	9317
5	4799	4784	4748	9318
5	4829	4756	4781	9319
5	4659	4648	4613	9320
5	4659	4613	4616	9321
5	4757	4684	4721	9322
5	4821	4790	4750	9323
5	4700	4627	4650	9324
5	4700	4661	4627	9325
5	4669	4631	4668	9326
5	4671	4633	4669	9327
5	4702	4619	4663	9328
5	4663	4619	4583	9329
5	4801	4741	4773	9330
5	4664	4625	4624	9331
5	4778	4651	4679	9332
5	4877	4779	4817	9333
5	4729	4666	4707	9334
5	4759	4715	4691	9335
5	4715	4642	4691	9336
5	4714	4691	4656	9337
5	4735	4718	4690	9338
5	4820	4783	4776	9339
5	4761	4718	4752	9340
5	4707	4635	4672	9341
5	4670	4668	4630	9342
5	4670	4630	4623	9343
5	4762	4729	4707	9344
5	4692	4623	4662	9345
5	4731	4708	4705	9346
5	4762	4707	4742	9347
5	4673	4649	4637	9348
5	4673	4637	4636	9349
5	4774	4683	4734	9350
5	4878	4803	4841	9351
5	4675	4654	4629	9352
5	4703	4663	4625	9353
5	4838	4805	4816	9354
5	4836	4795	4744	9355
5	4921	4858	4881	9356
5	4803	4761	4780	9357
5	4732	4702	4663	9358
5	4771	4726	4745	9359
5	4679	4651	4618	9360
5	4679	4618	4654	9361
5	5001	4966	4941	9362
5	4680	4620	4645	9363
5	4765	4686	4716	9364
5	4708	4671	4669	9365
5	4682	4655	4639	9366
5	4733	4682	4639	9367
5	4842	4747	4819	9368
5	4719	4674	4644	9369
5	5058	5001	5021	9370
5	4694	4614	4647	9371
5	4685	4675	4629	9372
5	4685	4629	4665	9373
5	4686	4656	4606	9374
5	4686	4606	4667	9375
5	4692	4670	4623	9376
5	4705	4669	4668	9377
5	4688	4664	4641	9378
5	4757	4721	4748	9379
5	4734	4638	4689	9380
5	4689	4638	4626	9381
5	4766	4735	4695	9382
5	4807	4788	4769	9383
5	4691	4642	4628	9384
5	4691	4628	4656	9385
5	4765	4714	4686	9386
5	4772	4716	4680	9387
5	4733	4639	4676	9388
5	4836	4744	4785	9389
5	4751	4732	4703	9390
5	5133	5060	5082	9391
5	4695	4690	4648	9392
5	4695	4648	4659	9393
5	4696	4653	4652	9394
5	4779	4751	4720	9395
5	4697	4694	4647	9396
5	4697	4647	4658	9397
5	4699	4658	4657	9398
5	4965	4937	4909	9399
5	4790	4733	4750	9400
5	4764	4738	4754	9401
5	4701	4661	4700	9402
5	4701	4688	4641	9403
5	4916	4911	4913	9404
5	4905	4817	4857	9405
5	4702	4696	4652	9406
5	4702	4652	4619	9407
5	4720	4664	4688	9408
5	4809	4746	4724	9409
5	5095	232	5043	9410
5	4981	4951	4975	9411
5	4761	4677	4718	9412
5	4731	4705	4706	9413
5	4706	4705	4668	9414
5	4706	4668	4670	9415
5	4742	4707	4672	9416
5	4729	4681	4666	9417
5	4851	4835	4834	9418
5	4854	4783	4820	9419
5	4807	4767	4788	9420
5	4789	4769	4788	9421
5	4710	4698	4682	9422
5	4770	4682	4733	9423
5	4822	4794	4755	9424
5	5012	4946	4988	9425
5	4885	4816	4865	9426
5	4947	4888	4934	9427
5	4855	4822	4787	9428
5	4794	4747	4713	9429
5	4772	4680	4736	9430
5	4886	4849	4823	9431
5	4756	4712	4693	9432
5	4770	4710	4682	9433
5	4826	4796	4765	9434
5	4749	4736	4681	9435
5	4740	4724	4701	9436
5	4717	4700	4650	9437
5	4718	4677	4640	9438
5	4718	4640	4690	9439
5	4856	4841	4780	9440
5	4864	4791	4824	9441
5	4901	4813	4837	9442
5	4751	4703	4720	9443
5	4721	4684	4660	9444
5	4721	4660	4694	9445
5	4730	4706	4670	9446
5	4722	4692	4662	9447
5	4723	4722	4687	9448
5	4723	4687	4649	9449
5	4740	4700	4717	9450
5	4725	4643	4684	9451
5	4740	4701	4700	9452
5	4818	4784	4799	9453
5	4726	4711	4685	9454
5	4726	4685	4704	9455
5	4727	4695	4659	9456
5	4727	4659	4674	9457
5	4728	4723	4673	9458
5	4728	4673	4677	9459
5	4783	4742	4776	9460
5	4736	4680	4645	9461
5	4743	4708	4731	9462
5	4731	4706	4730	9463
5	4858	4793	4835	9464
5	4793	4776	4743	9465
5	4758	4702	4732	9466
5	4850	4846	4812	9467
5	4756	4693	4715	9468
5	4785	4710	4770	9469
5	4774	4719	4683	9470
5	4734	4683	4638	9471
5	4791	4735	4766	9472
5	4883	4864	4824	9473
5	4806	4716	4772	9474
5	4879	4806	4843	9475
5	4737	4721	4694	9476
5	4737	4694	4697	9477
5	4738	4737	4697	9478
5	4738	4697	4699	9479
5	4739	4738	4699	9480
5	4739	4699	4698	9481
5	4799	4748	4764	9482
5	4757	4725	4684	9483
5	4741	4726	4704	9484
5	4741	4704	4696	9485
5	4793	4743	4760	9486
5	4767	4723	4728	9487
5	4776	4709	4743	9488
5	4743	4709	4708	9489
5	4744	4739	4710	9490
5	4785	4744	4710	9491
5	4773	4741	4696	9492
5	4859	4785	4815	9493
5	4746	4720	4688	9494
5	4746	4688	4724	9495
5	4833	4763	4778	9496
5	4755	4713	4675	9497
5	4754	4738	4739	9498
5	4805	4754	4795	9499
5	4811	4736	4749	9500
5	4806	4765	4716	9501
5	4750	4733	4676	9502
5	4750	4676	4712	9503
5	4758	4696	4702	9504
5	4801	4745	4741	9505
5	4778	4679	4747	9506
5	4875	4842	4870	9507
5	4753	4727	4674	9508
5	4753	4674	4719	9509
5	4764	4737	4738	9510
5	4890	4853	4818	9511
5	4771	4711	4726	9512
5	4982	4959	4919	9513
5	5128	5067	5084	9514
5	4759	4691	4714	9515
5	4800	4775	4786	9516
5	4768	4717	4678	9517
5	4773	4696	4758	9518
5	4845	4810	4745	9519
5	4914	4897	4849	9520
5	4821	4750	4782	9521
5	4760	4743	4731	9522
5	4789	4730	4769	9523
5	4803	4767	4728	9524
5	4761	4728	4677	9525
5	4820	4776	4793	9526
5	4918	4889	4896	9527
5	4804	4774	4734	9528
5	4798	4727	4753	9529
5	4923	4867	4908	9530
5	4784	4757	4748	9531
5	4904	4827	4863	9532
5	4915	4852	4882	9533
5	4804	4734	4763	9534
5	4828	4753	4777	9535
5	4791	4752	4735	9536
5	4807	4723	4767	9537
5	4808	4725	4757	9538
5	4892	4857	4825	9539
5	4769	4730	4692	9540
5	4769	4692	4722	9541
5	4790	4770	4733	9542
5	4903	4879	4843	9543
5	4855	4787	4830	9544
5	5078	5043	232	9545
5	4826	4765	4806	9546
5	4831	4762	4783	9547
5	4797	4732	4751	9548
5	4812	4758	4797	9549
5	4978	4939	4902	9550
5	4814	4774	4804	9551
5	4825	4809	4775	9552
5	4809	4724	4775	9553
5	4783	4762	4742	9554
5	4835	4793	4760	9555
5	4798	4766	4727	9556
5	4864	4832	4791	9557
5	4833	4804	4763	9558
5	4778	4763	4651	9559
5	4850	4812	4813	9560
5	4837	4751	4779	9561
5	4780	4761	4752	9562
5	5000	4958	4940	9563
5	4781	4756	4715	9564
5	4781	4715	4759	9565
5	4782	4750	4712	9566
5	4782	4712	4756	9567
5	4941	4904	4863	9568
5	4992	4922	4963	9569
5	4786	4717	4768	9570
5	4808	4768	4725	9571
5	4829	4782	4756	9572
5	4872	4825	4775	9573
5	4786	4775	4740	9574
5	4786	4740	4717	9575
5	4787	4755	4711	9576
5	4787	4711	4771	9577
5	4802	4760	4731	9578
5	4789	4731	4730	9579
5	4802	4731	4789	9580
5	4834	4760	4802	9581
5	5028	4950	4993	9582
5	4873	4790	4821	9583
5	4891	4841	4856	9584
5	4866	4777	4814	9585
5	4792	4749	4729	9586
5	4792	4729	4762	9587
5	4835	4760	4834	9588
5	4827	4811	4749	9589
5	4847	4794	4822	9590
5	4948	4898	4937	9591
5	4795	4754	4744	9592
5	4865	4795	4836	9593
5	4796	4759	4714	9594
5	4796	4714	4765	9595
5	4890	4818	4867	9596
5	5062	5013	5008	9597
5	4982	4919	4956	9598
5	4828	4798	4753	9599
5	4865	4816	4795	9600
5	4867	4818	4838	9601
5	4800	4786	4768	9602
5	4808	4800	4768	9603
5	4906	4865	4836	9604
5	4845	4745	4801	9605
5	4839	4789	4788	9606
5	4966	4904	4941	9607
5	4922	4854	4893	9608
5	4840	4767	4803	9609
5	4871	4804	4833	9610
5	4871	4814	4804	9611
5	4805	4799	4764	9612
5	4805	4764	4754	9613
5	4811	4772	4736	9614
5	4914	4849	4886	9615
5	4807	4769	4722	9616
5	4807	4722	4723	9617
5	4808	4757	4784	9618
5	4844	4808	4784	9619
5	4924	4882	4879	9620
5	4837	4797	4751	9621
5	4810	4771	4745	9622
5	4905	4877	4817	9623
5	4831	4792	4762	9624
5	4895	4831	4854	9625
5	4846	4773	4812	9626
5	4812	4773	4758	9627
5	4813	4812	4797	9628
5	4837	4813	4797	9629
5	4998	4925	4972	9630
5	4894	4856	4832	9631
5	4815	4785	4770	9632
5	4815	4770	4790	9633
5	4816	4805	4795	9634
5	5069	4984	5011	9635
5	4817	4779	4746	9636
5	4817	4746	4809	9637
5	4913	4853	4890	9638
5	4933	4880	4899	9639
5	4819	4747	4794	9640
5	4822	4755	4787	9641
5	4854	4831	4783	9642
5	4843	4772	4811	9643
5	4873	4815	4790	9644
5	4906	4836	4859	9645
5	4847	4819	4794	9646
5	4972	4925	4898	9647
5	4823	4781	4759	9648
5	4823	4759	4796	9649
5	4824	4791	4766	9650
5	4824	4766	4798	9651
5	4916	4913	4890	9652
5	4857	4817	4809	9653
5	4958	4903	4940	9654
5	4827	4749	4792	9655
5	4903	4843	4874	9656
5	4904	4874	4827	9657
5	5076	5025	5071	9658
5	4972	4898	4948	9659
5	4879	4826	4806	9660
5	5047	5004	5017	9661
5	4830	4787	4771	9662
5	4830	4771	4810	9663
5	4895	4863	4831	9664
5	4858	4820	4793	9665
5	4832	4780	4752	9666
5	4832	4752	4791	9667
5	4866	4828	4777	9668
5	4925	4871	4875	9669
5	4876	4788	4840	9670
5	4840	4788	4767	9671
5	4856	4780	4832	9672
5	4928	4841	4891	9673
5	4859	4836	4785	9674
5	4897	4829	4849	9675
5	4951	4933	4938	9676
5	4877	4837	4779	9677
5	4838	4818	4799	9678
5	4838	4799	4805	9679
5	4839	4834	4802	9680
5	4839	4802	4789	9681
5	5143	5129	5081	9682
5	4921	4893	4858	9683
5	5044	4992	5024	9684
5	4841	4803	4780	9685
5	4842	4833	4778	9686
5	4842	4778	4747	9687
5	4886	4823	4852	9688
5	4843	4806	4772	9689
5	4997	4914	4954	9690
5	4844	4800	4808	9691
5	5144	5104	5115	9692
5	4861	4810	4848	9693
5	4899	4801	4846	9694
5	4846	4801	4773	9695
5	5077	5057	5014	9696
5	4925	4875	4898	9697
5	5037	4957	4994	9698
5	4942	4907	4848	9699
5	4941	4863	4895	9700
5	5004	4932	4947	9701
5	4901	4837	4877	9702
5	4857	4809	4825	9703
5	4939	4860	4902	9704
5	5060	5015	4996	9705
5	4852	4823	4796	9706
5	4852	4796	4826	9707
5	4853	4844	4784	9708
5	4853	4784	4818	9709
5	4958	4924	4903	9710
5	4924	4879	4903	9711
5	4861	4830	4810	9712
5	5078	232	233	9713
5	4960	4920	4889	9714
5	5015	4983	4960	9715
5	4976	4905	4929	9716
5	4929	4857	4892	9717
5	4960	4889	4918	9718
5	4889	4851	4869	9719
5	5006	4935	4976	9720
5	5047	5018	5004	9721
5	4860	4824	4798	9722
5	4860	4798	4828	9723
5	5117	233	234	9724
5	4961	4880	4933	9725
5	4862	4821	4782	9726
5	4862	4782	4829	9727
5	4863	4827	4792	9728
5	4863	4792	4831	9729
5	5005	4948	4937	9730
5	4883	4824	4860	9731
5	4932	4900	4873	9732
5	4923	4890	4867	9733
5	4910	4866	4814	9734
5	4996	4918	4974	9735
5	4885	4868	4816	9736
5	4908	4867	4868	9737
5	4868	4867	4838	9738
5	4868	4838	4816	9739
5	4869	4851	4834	9740
5	4869	4834	4839	9741
5	4870	4842	4819	9742
5	4909	4819	4847	9743
5	4937	4898	4870	9744
5	4910	4814	4871	9745
5	4872	4775	4800	9746
5	5017	4947	4984	9747
5	4897	4862	4829	9748
5	4954	4914	4886	9749
5	4874	4843	4811	9750
5	4874	4811	4827	9751
5	4875	4871	4833	9752
5	4875	4833	4842	9753
5	4876	4869	4839	9754
5	4876	4839	4788	9755
5	4987	4971	4977	9756
5	4929	4905	4857	9757
5	4928	4912	4878	9758
5	4878	4840	4803	9759
5	4872	4800	4844	9760
5	4913	4844	4853	9761
5	4988	4946	4957	9762
5	4899	4846	4850	9763
5	4881	4858	4835	9764
5	4881	4835	4851	9765
5	4882	4852	4826	9766
5	4882	4826	4879	9767
5	5042	4972	5009	9768
5	4894	4832	4864	9769
5	4884	4847	4822	9770
5	4884	4822	4855	9771
5	5093	5047	5017	9772
5	5079	5050	5016	9773
5	4915	4886	4852	9774
5	4934	4888	4862	9775
5	4887	4855	4830	9776
5	4887	4830	4861	9777
5	4888	4873	4821	9778
5	4888	4821	4862	9779
5	4928	4878	4841	9780
5	5163	5120	5160	9781
5	5080	5063	5028	9782
5	4975	4901	4935	9783
5	4912	4840	4878	9784
5	5106	5066	5073	9785
5	5038	4971	4987	9786
5	5080	5028	5050	9787
5	4893	4854	4820	9788
5	4893	4820	4858	9789
5	4936	4864	4883	9790
5	4936	4894	4864	9791
5	5044	5021	4992	9792
5	4922	4895	4854	9793
5	4896	4889	4869	9794
5	4896	4869	4876	9795
5	5090	5011	5053	9796
5	4964	4934	4897	9797
5	4898	4875	4870	9798
5	4965	4909	4917	9799
5	4899	4880	4845	9800
5	4899	4845	4801	9801
5	4900	4859	4815	9802
5	4900	4815	4873	9803
5	4938	4850	4901	9804
5	4901	4850	4813	9805
5	4944	4866	4910	9806
5	4902	4860	4828	9807
5	4940	4903	4874	9808
5	5031	4966	5001	9809
5	4940	4874	4904	9810
5	4967	4895	4922	9811
5	5022	4968	4995	9812
5	4916	4892	4911	9813
5	5156	215	216	9814
5	5050	5028	4993	9815
5	4907	4861	4848	9816
5	4942	4848	4880	9817
5	4943	4908	4868	9818
5	4943	4868	4885	9819
5	4937	4870	4909	9820
5	5046	4980	5012	9821
5	5200	5143	5176	9822
5	4944	4910	4925	9823
5	4911	4892	4825	9824
5	4911	4825	4872	9825
5	4912	4896	4876	9826
5	4912	4876	4840	9827
5	4913	4911	4872	9828
5	4913	4872	4844	9829
5	5035	4997	4954	9830
5	4934	4862	4897	9831
5	5007	4924	4958	9832
5	4964	4897	4914	9833
5	4994	4942	4961	9834
5	4990	4929	4973	9835
5	4917	4909	4847	9836
5	4917	4847	4884	9837
5	4939	4883	4860	9838
5	4952	4891	4927	9839
5	4919	4884	4855	9840
5	4919	4855	4887	9841
5	4920	4881	4851	9842
5	4920	4851	4889	9843
5	5143	5081	5133	9844
5	5082	5060	5026	9845
5	4966	4940	4904	9846
5	5052	5024	4991	9847
5	4995	4968	4923	9848
5	4995	4923	4971	9849
5	4967	4941	4895	9850
5	5103	5010	5056	9851
5	5054	5039	5042	9852
5	4925	4910	4871	9853
5	4926	4885	4865	9854
5	4926	4865	4906	9855
5	4927	4891	4856	9856
5	4927	4856	4894	9857
5	4928	4896	4912	9858
5	5070	5054	5009	9859
5	4973	4892	4916	9860
5	4935	4877	4905	9861
5	4930	4906	4859	9862
5	4930	4859	4900	9863
5	4931	4887	4861	9864
5	4931	4861	4907	9865
5	5170	5153	5124	9866
5	4928	4918	4896	9867
5	4961	4942	4880	9868
5	4935	4901	4877	9869
5	4997	4964	4914	9870
5	4947	4932	4888	9871
5	4976	4935	4905	9872
5	4973	4929	4892	9873
5	4974	4891	4952	9874
5	5026	4974	4952	9875
5	5013	4965	5008	9876
5	5039	4985	4978	9877
5	4938	4933	4899	9878
5	4938	4899	4850	9879
5	5102	5054	5100	9880
5	5034	4970	4985	9881
5	5101	5021	5044	9882
5	5114	5084	5059	9883
5	5001	4941	4967	9884
5	4996	4960	4918	9885
5	5012	4980	4946	9886
5	5032	4961	5003	9887
5	5002	4943	4950	9888
5	5022	4916	4968	9889
5	4978	4902	4944	9890
5	4944	4902	4866	9891
5	4945	4915	4882	9892
5	4945	4882	4924	9893
5	4946	4931	4907	9894
5	5003	4933	4951	9895
5	5028	5002	4950	9896
5	5004	4962	4932	9897
5	5005	4937	4965	9898
5	5111	5077	235	9899
5	4949	4927	4894	9900
5	4949	4894	4936	9901
5	4950	4943	4885	9902
5	4950	4885	4926	9903
5	5091	5033	5066	9904
5	5006	4981	4975	9905
5	5026	4996	4974	9906
5	5055	5034	4985	9907
5	4953	4921	4881	9908
5	4953	4881	4920	9909
5	4979	4915	4945	9910
5	4979	4955	4915	9911
5	4955	4954	4886	9912
5	4955	4886	4915	9913
5	4956	4919	4887	9914
5	4956	4887	4931	9915
5	4957	4946	4907	9916
5	4957	4907	4942	9917
5	5085	5031	5058	9918
5	5067	4979	5030	9919
5	4959	4917	4884	9920
5	4959	4884	4919	9921
5	5060	4996	5026	9922
5	5031	5000	4966	9923
5	5141	5061	5105	9924
5	5003	4961	4933	9925
5	4962	4930	4900	9926
5	4962	4900	4932	9927
5	4963	4922	4893	9928
5	4963	4893	4921	9929
5	5175	212	213	9930
5	5132	5069	5090	9931
5	5171	239	5148	9932
5	5040	4948	5005	9933
5	5000	4940	4966	9934
5	5059	5030	5007	9935
5	5024	4963	4991	9936
5	4992	4967	4922	9937
5	4968	4916	4890	9938
5	4968	4890	4923	9939
5	4969	4926	4906	9940
5	4969	4906	4930	9941
5	4970	4936	4883	9942
5	4970	4883	4939	9943
5	4971	4923	4908	9944
5	5097	5019	5049	9945
5	4998	4944	4925	9946
5	5144	5116	5104	9947
5	5006	4975	4935	9948
5	5049	5019	5022	9949
5	4974	4918	4928	9950
5	4974	4928	4891	9951
5	4975	4951	4938	9952
5	4975	4938	4901	9953
5	5187	243	5160	9954
5	5033	4981	5006	9955
5	4977	4971	4908	9956
5	4977	4908	4943	9957
5	5086	5070	5040	9958
5	5034	4999	4970	9959
5	5035	4954	5027	9960
5	5059	5007	5010	9961
5	4980	4956	4931	9962
5	4980	4931	4946	9963
5	4990	4976	4929	9964
5	5065	4981	5033	9965
5	5111	5057	5077	9966
5	5057	5036	4982	9967
5	4983	4953	4920	9968
5	4983	4920	4960	9969
5	4984	4947	4934	9970
5	4984	4934	4964	9971
5	4985	4970	4939	9972
5	4985	4939	4978	9973
5	4986	4952	4927	9974
5	4986	4927	4949	9975
5	5002	4977	4943	9976
5	5050	4993	5016	9977
5	5105	5029	5065	9978
5	5037	4988	4957	9979
5	4989	4969	4930	9980
5	4989	4930	4962	9981
5	5065	5029	4981	9982
5	5066	5033	5041	9983
5	4991	4963	4921	9984
5	4991	4921	4953	9985
5	5025	4953	4983	9986
5	5071	4983	5015	9987
5	4993	4950	4926	9988
5	4993	4926	4969	9989
5	5204	213	214	9990
5	4994	4957	4942	9991
5	5038	4995	4971	9992
5	5070	5009	5040	9993
5	5015	4960	4996	9994
5	5026	4952	4986	9995
5	5017	5004	4947	9996
5	5172	5156	216	9997
5	5039	4978	4998	9998
5	4998	4978	4944	9999
5	4999	4949	4936	10000
5	4999	4936	4970	10001
5	5108	5074	5027	10002
5	5007	4945	4924	10003
5	5024	4992	4963	10004
5	5225	5200	5218	10005
5	5068	4987	5020	10006
5	5150	5079	5110	10007
5	5032	4994	4961	10008
5	5094	4994	5032	10009
5	5069	5017	4984	10010
5	5090	5069	5011	10011
5	5013	5005	4965	10012
5	5040	5009	4948	10013
5	5041	4976	4990	10014
5	5091	5065	5033	10015
5	5112	5099	5074	10016
5	5056	5000	5031	10017
5	5008	4965	4917	10018
5	5008	4917	4959	10019
5	5055	4985	5039	10020
5	5009	4972	4948	10021
5	5010	5007	4958	10022
5	5010	4958	5000	10023
5	5011	4984	4964	10024
5	5011	4964	4997	10025
5	5014	4982	4956	10026
5	5014	4956	4980	10027
5	5221	5203	245	10028
5	5116	5064	5104	10029
5	5117	5078	233	10030
5	5077	5014	5046	10031
5	5118	5044	5089	10032
5	5025	4991	4953	10033
5	5016	4993	4969	10034
5	5016	4969	4989	10035
5	5142	5135	5093	10036
5	5175	5142	5132	10037
5	5018	4989	4962	10038
5	5018	4962	5004	10039
5	5019	4990	4973	10040
5	5073	4990	5019	10041
5	5020	4987	4977	10042
5	5020	4977	5002	10043
5	5021	5001	4967	10044
5	5021	4967	4992	10045
5	5022	5019	4973	10046
5	5022	4973	4916	10047
5	5023	4986	4949	10048
5	5023	4949	4999	10049
5	5188	5119	5154	10050
5	5056	5010	5000	10051
5	5071	5025	4983	10052
5	5052	4991	5025	10053
5	5120	5083	5102	10054
5	5082	5026	5045	10055
5	5027	4954	4955	10056
5	5027	4955	4979	10057
5	5079	5016	5048	10058
5	5216	228	5179	10059
5	5029	5003	4951	10060
5	5029	4951	4981	10061
5	5030	4979	4945	10062
5	5030	4945	5007	10063
5	5081	5015	5060	10064
5	5058	5031	5001	10065
5	5121	5088	5094	10066
5	5095	5043	5072	10067
5	5198	222	5194	10068
5	5123	5091	5066	10069
5	5126	5051	5083	10070
5	5173	5145	5163	10071
5	5125	5053	5099	10072
5	5125	5090	5053	10073
5	5036	5008	4959	10074
5	5036	4959	4982	10075
5	5136	231	5095	10076
5	5204	5175	213	10077
5	5075	5038	4987	10078
5	5049	4995	5038	10079
5	5126	5098	5051	10080
5	5055	5039	5054	10081
5	5102	5055	5054	10082
5	5100	5054	5070	10083
5	5041	5033	5006	10084
5	5041	5006	4976	10085
5	5042	5039	4998	10086
5	5042	4998	4972	10087
5	5043	5012	4988	10088
5	5095	231	232	10089
5	5119	5085	5058	10090
5	5169	5085	5119	10091
5	5045	5026	4986	10092
5	5045	4986	5023	10093
5	5057	4982	5014	10094
5	5046	5014	4980	10095
5	5172	5150	5110	10096
5	5127	5050	5079	10097
5	5048	5016	4989	10098
5	5048	4989	5018	10099
5	5182	209	210	10100
5	5181	5161	5167	10101
5	5127	5080	5050	10102
5	5172	5110	5156	10103
5	5051	5023	4999	10104
5	5051	4999	5034	10105
5	5076	5052	5025	10106
5	5118	5101	5044	10107
5	5053	5011	4997	10108
5	5053	4997	5035	10109
5	5054	5042	5009	10110
5	5086	5040	5064	10111
5	5163	5126	5120	10112
5	5193	243	244	10113
5	5067	5027	4979	10114
5	5103	5059	5010	10115
5	5133	5081	5060	10116
5	5062	5008	5036	10117
5	5085	5056	5031	10118
5	5199	5146	5190	10119
5	5101	5058	5021	10120
5	5149	5125	5099	10121
5	5212	5170	5201	10122
5	5218	5200	5176	10123
5	5061	5032	5003	10124
5	5061	5003	5029	10125
5	5115	5062	5087	10126
5	5115	5104	5062	10127
5	5063	5020	5002	10128
5	5063	5002	5028	10129
5	5064	5040	5005	10130
5	5064	5005	5013	10131
5	5094	5032	5061	10132
5	5130	5065	5091	10133
5	5164	5131	5107	10134
5	5049	5022	4995	10135
5	5108	5027	5067	10136
5	5215	209	5162	10137
5	5137	5063	5080	10138
5	5131	5068	5107	10139
5	5132	5093	5069	10140
5	5175	5132	5155	10141
5	5075	4987	5068	10142
5	5106	5073	5097	10143
5	5196	5176	5153	10144
5	5081	5071	5015	10145
5	5072	5043	4988	10146
5	5072	4988	5037	10147
5	5073	5066	5041	10148
5	5073	5041	4990	10149
5	5074	5035	5027	10150
5	5206	5162	5128	10151
5	5097	5073	5019	10152
5	5122	5075	5096	10153
5	5089	5044	5024	10154
5	5089	5024	5052	10155
5	5117	5046	5078	10156
5	5077	234	235	10157
5	5078	5046	5012	10158
5	5078	5012	5043	10159
5	5150	5127	5079	10160
5	5151	5137	5080	10161
5	5151	5080	5127	10162
5	5131	5096	5068	10163
5	5176	5143	5133	10164
5	5152	5113	5076	10165
5	5168	5139	5100	10166
5	5227	5218	5196	10167
5	5083	5051	5034	10168
5	5083	5034	5055	10169
5	5084	5067	5030	10170
5	5084	5030	5059	10171
5	5157	5114	5103	10172
5	5114	5059	5103	10173
5	5138	5070	5086	10174
5	5102	5083	5055	10175
5	5087	5062	5036	10176
5	5087	5036	5057	10177
5	5088	5072	5037	10178
5	5136	5095	5072	10179
5	5213	5190	5210	10180
5	5196	5153	5170	10181
5	5202	5157	5195	10182
5	5093	5017	5069	10183
5	5185	5165	5123	10184
5	5130	5105	5065	10185
5	5092	5048	5018	10186
5	5092	5018	5047	10187
5	5156	5110	5092	10188
5	5142	5093	5132	10189
5	5094	5088	5037	10190
5	5094	5037	4994	10191
5	5136	5072	5088	10192
5	5136	230	231	10193
5	5096	5075	5068	10194
5	5137	5107	5063	10195
5	5109	5038	5075	10196
5	5123	5066	5106	10197
5	5098	5045	5023	10198
5	5098	5023	5051	10199
5	5099	5053	5035	10200
5	5099	5035	5074	10201
5	5148	5086	5116	10202
5	5178	5135	5142	10203
5	5226	203	204	10204
5	5119	5058	5101	10205
5	5163	5145	5126	10206
5	5126	5083	5120	10207
5	5157	5103	5140	10208
5	5128	5108	5067	10209
5	5104	5064	5013	10210
5	5104	5013	5062	10211
5	5158	5141	5105	10212
5	5105	5061	5029	10213
5	5134	5106	5097	10214
5	5122	5109	5075	10215
NPOIN= 5233
9.997500181200000e-01	-3.633534839741907e-05	0
9.990000128750000e-01	-1.456567030601021e-04	1
9.977599978450000e-01	-3.295289142346388e-04	2
9.960200190539999e-01	-6.008368030193002e-04	3
9.937800168990000e-01	-9.864795624919586e-04	4
9.910500049590000e-01	-1.530814320736821e-03	5
9.878399968150000e-01	-2.292214238478025e-03	6
9.841300249100000e-01	-3.336292503522856e-03	7
9.799500107769999e-01	-4.690814535870898e-03	8
9.752799868580000e-01	-6.350111766094717e-03	9
9.701499938960000e-01	-8.233885195640774e-03	10
9.645400047300000e-01	-1.023491848696681e-02	11
9.584699869160000e-01	-1.221990259899135e-02	12
9.519400000570000e-01	-1.409023461051359e-02	13
9.449599981310000e-01	-1.579901224766636e-02	14
9.375399947170000e-01	-1.735895619498272e-02	15
9.296900033950000e-01	-1.882504429558909e-02	16
9.214000105860000e-01	-2.027058323905097e-02	17
9.126999974250000e-01	-2.175274383795467e-02	18
9.035800099370001e-01	-2.331341102065444e-02	19
8.940600156780000e-01	-2.496537145481199e-02	20
8.841500282290000e-01	-2.670509448145918e-02	21
8.738499879840000e-01	-2.852130795663791e-02	22
8.631799817090000e-01	-3.039678395513204e-02	23
8.521599769590000e-01	-3.231612105489449e-02	24
8.407700061800000e-01	-3.427395597301428e-02	25
8.290500044819999e-01	-3.625717027539484e-02	26
8.170099854470000e-01	-3.825924761088919e-02	27
8.046399950980000e-01	-4.027697085461449e-02	28
7.919700145720000e-01	-4.229971072819331e-02	29
7.790099978450000e-01	-4.431894379521974e-02	30
7.657799720760000e-01	-4.632334671884229e-02	31
7.522799968720000e-01	-4.830359302245940e-02	32
7.385200262070000e-01	-5.024805532281798e-02	33
7.245299816130000e-01	-5.214211766564585e-02	34
7.103199958800001e-01	-5.397422809532774e-02	35
6.958900094030001e-01	-5.573451272914909e-02	36
6.812700033190000e-01	-5.741025299896459e-02	37
6.664699912070000e-01	-5.899246420417334e-02	38
6.514999866490000e-01	-6.047348490132869e-02	39
6.363800168040000e-01	-6.184629507106638e-02	40
6.211299896240000e-01	-6.310586363107365e-02	41
6.057599782940000e-01	-6.424991402383168e-02	42
5.902799963950000e-01	-6.527794397689379e-02	43
5.747100114820000e-01	-6.619065700276756e-02	44
5.590599775310000e-01	-6.699121330037158e-02	45
5.433599948880000e-01	-6.768351377338110e-02	46
5.276100039480000e-01	-6.827442222785469e-02	47
5.118399858470000e-01	-6.877088291795817e-02	48
4.960500001910000e-01	-6.918195318684611e-02	49
4.802699983120000e-01	-6.951664023303050e-02	50
4.645099937920000e-01	-6.978505528975074e-02	51
4.487800002100000e-01	-6.999747966474813e-02	52
4.331099987030000e-01	-7.016393108903068e-02	53
4.174999892710000e-01	-7.029449009561978e-02	54
4.019699990750000e-01	-7.039844501437752e-02	55
3.865399956700000e-01	-7.048432648806228e-02	56
3.712300062180000e-01	-7.055966452178275e-02	57
3.560400009160000e-01	-7.063087334954501e-02	58
3.409900069240000e-01	-7.070290468587757e-02	59
3.261100053790000e-01	-7.077916519478261e-02	60
3.113999962810000e-01	-7.086161496109292e-02	61
2.968699932100000e-01	-7.095052156629506e-02	62
2.825500071050000e-01	-7.104433500892121e-02	63
2.684499919410000e-01	-7.113993294564726e-02	64
2.545700073240000e-01	-7.123260202878426e-02	65
2.409400045870000e-01	-7.131581352202675e-02	66
2.275699973110000e-01	-7.138164566354270e-02	67
2.144699990750000e-01	-7.142073413538531e-02	68
2.016600072380000e-01	-7.142238444275355e-02	69
1.891400069000000e-01	-7.137471816161732e-02	70
1.769299954180000e-01	-7.126481496004060e-02	71
1.650400012730000e-01	-7.107885459733110e-02	72
1.534900069240000e-01	-7.080252940220140e-02	73
1.422899961470000e-01	-7.042095417325736e-02	74
1.314399987460000e-01	-6.991837571004331e-02	75
1.209499984980000e-01	-6.927894417140278e-02	76
1.108499988910000e-01	-6.848844718509491e-02	77
1.011300012470000e-01	-6.753008614388623e-02	78
9.181000292300000e-02	-6.638975448394337e-02	79
8.290000259900000e-02	-6.505336103131565e-02	80
7.440000027400000e-02	-6.350580684703883e-02	81
6.633000075800000e-02	-6.173651453136149e-02	82
5.869000032500000e-02	-5.973237465907692e-02	83
5.149000138000000e-02	-5.748370219920344e-02	84
4.473999887700000e-02	-5.498307994126835e-02	85
3.844000026600000e-02	-5.222125501822325e-02	86
3.260000050100000e-02	-4.919495016822290e-02	87
2.723000012300000e-02	-4.590498012578237e-02	88
2.232000045500000e-02	-4.234184262638187e-02	89
1.789999939500000e-02	-3.852922916626021e-02	90
1.394999958600000e-02	-3.445598330076930e-02	91
1.049000024800000e-02	-3.015265379657416e-02	92
7.519999985000000e-03	-2.564054471362737e-02	93
5.040000193000000e-03	-2.094966507009253e-02	94
3.049999941000000e-03	-1.612179102765603e-02	95
1.560000004000000e-03	-1.125323704410530e-02	96
5.600000150000000e-04	-6.420456357410228e-03	97
5.999999800000000e-05	-1.872848345767029e-03	98
0.000000000000000e+00	0.000000000000000e+00	99
5.999999800000000e-05	1.567251433575293e-03	100
5.600000150000000e-04	4.937231977900876e-03	101
1.560000004000000e-03	8.241346867127707e-03	102
3.049999941000000e-03	1.139565481480454e-02	103
5.040000193000000e-03	1.439794975019649e-02	104
7.519999985000000e-03	1.722199821589980e-02	105
1.049000024800000e-02	1.987051820362320e-02	106
1.394999958600000e-02	2.234958252977071e-02	107
1.789999939500000e-02	2.466779140178361e-02	108
2.232000045500000e-02	2.682651503906364e-02	109
2.723000012300000e-02	2.884883824455729e-02	110
3.260000050100000e-02	3.073617971254983e-02	111
3.844000026600000e-02	3.250696957742359e-02	112
4.473999887700000e-02	3.417193586067201e-02	113
5.149000138000000e-02	3.574223559598204e-02	114
5.869000032500000e-02	3.723087462046615e-02	115
6.633000075800000e-02	3.864787241975239e-02	116
7.440000027400000e-02	4.000275838176347e-02	117
8.290000259900000e-02	4.130582459502857e-02	118
9.181000292300000e-02	4.256334759271242e-02	119
1.011300012470000e-01	4.378366452074030e-02	120
1.108499988910000e-01	4.497258889240845e-02	121
1.209499984980000e-01	4.613383503201952e-02	122
1.314399987460000e-01	4.727350957928967e-02	123
1.422899961470000e-01	4.839220707957247e-02	124
1.534900069240000e-01	4.949182469535397e-02	125
1.650400012730000e-01	5.057413035314044e-02	126
1.769299954180000e-01	5.163885255652764e-02	127
1.891400069000000e-01	5.268392339906803e-02	128
2.016600072380000e-01	5.370729557872694e-02	129
2.144699990750000e-01	5.470527640513095e-02	130
2.275699973110000e-01	5.567493251377531e-02	131
2.409400045870000e-01	5.661102629815894e-02	132
2.545700073240000e-01	5.750839257321802e-02	133
2.684499919410000e-01	5.836120091637030e-02	134
2.825500071050000e-01	5.916193246833871e-02	135
2.968699932100000e-01	5.990440643982439e-02	136
3.113999962810000e-01	6.058135544542152e-02	137
3.261100053790000e-01	6.118436172773363e-02	138
3.409900069240000e-01	6.170582489811802e-02	139
3.560400009160000e-01	6.213820872695525e-02	140
3.712300062180000e-01	6.247303624897172e-02	141
3.865399956700000e-01	6.270247759637328e-02	142
4.019699990750000e-01	6.281917356042092e-02	143
4.174999892710000e-01	6.281573794682313e-02	144
4.331099987030000e-01	6.268540311674252e-02	145
4.487800002100000e-01	6.242215778977386e-02	146
4.645099937920000e-01	6.202028488891113e-02	147
4.802699983120000e-01	6.147554102838201e-02	148
4.960500001910000e-01	6.078422608661962e-02	149
5.118399858470000e-01	5.994354342317738e-02	150
5.276100039480000e-01	5.895305897106823e-02	151
5.433599948880000e-01	5.781192342015136e-02	152
5.590599775310000e-01	5.652273391297827e-02	153
5.747100114820000e-01	5.508727447186344e-02	154
5.902799963950000e-01	5.351153193718845e-02	155
6.057599782940000e-01	5.180136978833126e-02	156
6.211299896240000e-01	4.996535654330082e-02	157
6.363800168040000e-01	4.801255512722841e-02	158
6.514999866490000e-01	4.595346689352785e-02	159
6.664699912070000e-01	4.380141995056636e-02	160
6.812700033190000e-01	4.157131046368315e-02	161
6.958900094030001e-01	3.927779095044875e-02	162
7.103199958800001e-01	3.693642409295660e-02	163
7.245299816130000e-01	3.456685134878951e-02	164
7.385200262070000e-01	3.218428565415506e-02	165
7.522799968720000e-01	2.980575603688586e-02	166
7.657799720760000e-01	2.745169344525712e-02	167
7.790099978450000e-01	2.513873920121226e-02	168
7.919700145720000e-01	2.288116437884775e-02	169
8.046399950980000e-01	2.069585292724454e-02	170
8.170099854470000e-01	1.859672722317115e-02	171
8.290500044819999e-01	1.659934072623400e-02	172
8.407700061800000e-01	1.471017718460715e-02	173
8.521599769590000e-01	1.293585638671751e-02	174
8.631799817090000e-01	1.128294595254442e-02	175
8.738499879840000e-01	9.743379978145308e-03	176
8.841500282290000e-01	8.309531440567262e-03	177
8.940600156780000e-01	6.969463112163060e-03	178
9.035800099370001e-01	5.708467363499767e-03	179
9.126999974250000e-01	4.519973864590569e-03	180
9.214000105860000e-01	3.413325461597885e-03	181
9.296900033950000e-01	2.414512235349369e-03	182
9.375399947170000e-01	1.573837608295199e-03	183
9.449599981310000e-01	9.453335042640147e-04	184
9.519400000570000e-01	5.734302385101732e-04	185
9.584699869160000e-01	4.669154394565415e-04	186
9.645400047300000e-01	5.839347633945693e-04	187
9.701499938960000e-01	8.362568088316744e-04	188
9.752799868580000e-01	1.111821515348134e-03	189
9.799500107769999e-01	1.311492837150144e-03	190
9.841300249100000e-01	1.373490377993970e-03	191
9.878399968150000e-01	1.288028764515915e-03	192
9.910500049590000e-01	1.088005193675970e-03	193
9.937800168990000e-01	8.259968289868300e-04	194
9.960200190539999e-01	5.563698079352956e-04	195
9.977599978450000e-01	3.212876769618590e-04	196
9.990000128750000e-01	1.449049681566579e-04	197
9.997500181200000e-01	3.632343980637162e-05	198
1.000000000000000e+00	0.000000000000000e+00	199
1.984229087829600e+01	2.506659984589000e+00	200
1.937166023254400e+01	4.973800182343000e+00	201
1.859552955627400e+01	7.362490177155000e+00	202
1.752613067627000e+01	9.635069847106999e+00	203
1.618033981323200e+01	1.175570964813200e+01	204
1.457936954498300e+01	1.369093990325900e+01	205
1.274847984314000e+01	1.541026973724400e+01	206
1.071654033660900e+01	1.688656044006300e+01	207
8.515589714050000e+00	1.809654045105000e+01	208
6.180339813232000e+00	1.902112960815400e+01	209
3.747629880905000e+00	1.964575004577600e+01	210
1.255810022354000e+00	1.996052932739300e+01	211
-1.255810022354000e+00	1.996052932739300e+01	212
-3.747629880905000e+00	1.964574050903300e+01	213
-6.180339813232000e+00	1.902112960815400e+01	214
-8.515589714050000e+00	1.809654045105000e+01	215
-1.071654033660900e+01	1.688656044006300e+01	216
-1.274847984314000e+01	1.541026020050000e+01	217
-1.457936954498300e+01	1.369093990325900e+01	218
-1.618033981323200e+01	1.175570011138900e+01	219
-1.752613067627000e+01	9.635069847106999e+00	220
-1.859552955627400e+01	7.362490177155000e+00	221
-1.937166023254400e+01	4.973800182343000e+00	222
-1.984229087829600e+01	2.506659984589000e+00	223
-2.000000000000000e+01	0.000000000000000e+00	224
-1.984229087829600e+01	-2.506669998169000e+00	225
-1.937166023254400e+01	-4.973800182343000e+00	226
-1.859552955627400e+01	-7.362490177155000e+00	227
-1.752613067627000e+01	-9.635080337524000e+00	228
-1.618033981323200e+01	-1.175570964813200e+01	229
-1.457936954498300e+01	-1.369093990325900e+01	230
-1.274847984314000e+01	-1.541026973724400e+01	231
-1.071652984619100e+01	-1.688656044006300e+01	232
-8.515580177306999e+00	-1.809654045105000e+01	233
-6.180339813232000e+00	-1.902112960815400e+01	234
-3.747620105743000e+00	-1.964575004577600e+01	235
-1.255810022354000e+00	-1.996052932739300e+01	236
1.255810022354000e+00	-1.996052932739300e+01	237
3.747629880905000e+00	-1.964574050903300e+01	238
6.180339813232000e+00	-1.902112960815400e+01	239
8.515589714050000e+00	-1.809654045105000e+01	240
1.071654033660900e+01	-1.688656044006300e+01	241
1.274847984314000e+01	-1.541026020050000e+01	242
1.457936954498300e+01	-1.369093990325900e+01	243
1.618033981323200e+01	-1.175570011138900e+01	244
1.752614021301300e+01	-9.635069847106999e+00	245
1.859552955627400e+01	-7.362490177155000e+00	246
1.937166023254400e+01	-4.973790168762000e+00	247
1.984229087829600e+01	-2.506659984589000e+00	248
2.000000000000000e+01	0.000000000000000e+00	249
6.009272505001727e-02	-6.743970136518840e-02	250
6.604403084419135e-01	-7.324291049013000e-02	251
4.257204465032686e-01	7.681656162637034e-02	252
6.903241458624770e-01	5.360677123326685e-02	253
3.792442607317999e-01	-8.486951095058676e-02	254
9.994745369093847e-01	-7.359869241839291e-04	255
9.985643165604173e-01	-1.351433645889606e-03	256
7.742017038930089e-01	-5.733663641244816e-02	257
6.901642571889550e-01	-6.977649453536386e-02	258
-2.104991113802859e-03	7.449816005904731e-03	259
7.471536629080596e-01	-6.173825031183523e-02	260
5.838348632900267e-01	6.821790860064295e-02	261
9.928570236583663e-01	-3.879525074234978e-03	262
9.899991795378849e-01	-5.004049160470778e-03	263
5.994347058741574e-01	6.650119494486140e-02	264
7.191103068168995e-01	-6.591101937942437e-02	265
-2.131336019590827e-03	6.848667157109682e-04	266
9.866661704297687e-01	-6.353410086826921e-03	267
9.828627749261067e-01	-7.944335889955514e-03	268
-2.504885135840804e-03	-9.900130970582089e-03	269
6.453285320513429e-01	-7.480706683872129e-02	270
8.248669247492268e-01	-4.823021920426255e-02	271
8.001339976882758e-01	-5.281558232128057e-02	272
3.485030937820440e-01	7.563922862966957e-02	273
8.482743602492763e-01	-4.367297206952411e-02	274
2.472826250156245e-01	6.971565389326076e-02	275
8.702988779642135e-01	-3.918998753152340e-02	276
9.656698352107654e-03	2.427052636807037e-02	277
8.908365890832143e-01	-3.485943648213232e-02	278
7.658103309605689e-02	-7.190859054820112e-02	279
9.098184766326052e-01	-3.074892448558896e-02	280
-2.686813080164770e-03	-4.809719201211015e-03	281
9.427962078602820e-01	-2.287052634931971e-02	282
9.271672536456701e-01	-2.682520413503955e-02	283
1.667163054053558e-02	-4.394607152514373e-02	284
4.258067175343320e-01	-8.472634810629691e-02	285
8.594683292142264e-01	-4.141528223516656e-02	286
9.566302970235931e-01	-1.860754154563839e-02	287
9.785795426905617e-01	-9.803396736747523e-03	288
9.685761643217150e-01	-1.407173391388568e-02	289
1.584877572901943e-01	-8.183517758016287e-02	290
9.005287198197269e-01	-3.277503922413237e-02	291
7.608121272904572e-01	-5.955919637578840e-02	292
9.971519030852610e-01	-2.127745628190320e-03	293
5.991879570333704e-01	-7.876316904693441e-02	294
4.414974644906053e-01	-8.459262109347068e-02	295
5.363752900489520e-01	-8.230280583926204e-02	296
4.730556162281672e-01	-8.414820985065005e-02	297
5.047165140185899e-01	-8.340795610315214e-02	298
4.888723903720739e-01	-8.381835255504906e-02	299
1.249750667437351e-01	-7.936438086490838e-02	300
2.670301470789674e-02	-5.195439101556018e-02	301
3.946679470224106e-01	-8.485775947784499e-02	302
4.535818019166162e-02	-6.201821004752761e-02	303
4.101901336537354e-01	-8.481312920069023e-02	304
3.189462464704619e-01	-8.471572510403318e-02	305
3.487861073252688e-01	-8.482769345471021e-02	306
3.245499090155106e-02	-5.555702529674737e-02	307
2.897985420745302e-01	-8.456072470959475e-02	308
9.352020947447088e-01	-2.487015816068240e-02	309
1.469713073266725e-01	-8.114213079979854e-02	310
1.949792875486577e-01	-8.327289980457188e-02	311
8.545764293183584e-02	-7.380208657766502e-02	312
1.044426233951461e-01	-7.696506210387283e-02	313
5.679117253393730e-01	-8.077794374117368e-02	314
1.703380198041079e-01	-8.241374250799485e-02	315
6.146931497474212e-01	-7.756688831539070e-02	316
8.807619914563048e-01	-3.700159929201378e-02	317
2.145321103367389e-02	-4.808385647847646e-02	318
9.952475780956169e-01	-2.946687274579721e-03	319
5.369006970512291e-03	-3.023277920337246e-02	320
1.778104978327233e-02	2.985908996098883e-02	321
9.187005186771550e-01	-2.877274710632780e-02	322
9.499474847970563e-01	-2.078758056129585e-02	323
9.738193379301306e-01	-1.186112008623877e-02	324
-7.388295379215141e-04	1.112472014432643e-02	325
8.367385016531587e-01	-4.594479813588771e-02	326
2.476746891004022e-01	-8.422276742138854e-02	327
5.521700570554106e-01	-8.160108575783076e-02	328
7.332466563523462e-01	-6.385687465462063e-02	329
7.873092890286879e-01	-5.508708874462895e-02	330
1.145178534472018e-01	-7.825873178767936e-02	331
2.207915216106235e-01	-8.384173167207011e-02	332
5.835947083981770e-01	-7.983289863961311e-02	333
6.753826476927340e-01	-7.156418987174351e-02	334
5.249038202469757e-02	-6.486280397193003e-02	335
2.614050587301180e-03	-2.528257424787926e-02	336
1.240357722629934e-02	-3.960483735386794e-02	337
3.639524343536783e-01	-8.485968257751851e-02	338
1.825144874209307e-01	-8.288706801914418e-02	339
9.999431258700980e-01	-3.835556522580710e-04	340
2.340968001110459e-01	-8.405109865846185e-02	341
9.475010869667583e-02	-7.548462709405743e-02	342
3.042754904566384e-01	-8.464795927483473e-02	343
2.614927138797599e-01	-8.435017956104141e-02	344
4.572515323953278e-01	-8.440494668736301e-02	345
7.047328435932629e-01	-6.789078417561828e-02	346
-2.635098260417481e-03	3.598395825973391e-03	347
-1.339834898716850e-03	-1.504145972487726e-02	348
5.365578841346813e-01	7.245116620186023e-02	349
-2.093703728995645e-03	-1.298702257484285e-03	350
2.782054328582981e-02	3.486707633667323e-02	351
5.343058861690071e-02	4.338323650413326e-02	352
3.972980093937020e-02	3.933441753378453e-02	353
1.148345403801755e-01	5.521653242837372e-02	354
4.100629576684524e-01	7.684011988265853e-02	355
9.970785560554059e-01	2.004712278246821e-03	356
5.207042658296965e-01	7.354857268153250e-02	357
4.730916903191344e-01	7.587906551353585e-02	358
9.729896564889718e-01	5.859897866932138e-03	359
9.617970464326435e-01	6.549572787365540e-03	360
8.900476409694206e-01	1.694568898542156e-02	361
4.889481852570842e-01	7.526087169019957e-02	362
4.414520818805257e-01	7.665224131465471e-02	363
3.790369460914818e-01	7.648144763664852e-02	364
9.261493027334320e-01	1.091241062939073e-02	365
9.089126330552402e-01	1.374751100333224e-02	366
7.727902427005533e-02	4.880489775659969e-02	367
9.778981781534617e-01	5.530794816655389e-03	368
9.555266230854881e-01	7.050253909129840e-03	369
9.416935118670164e-01	8.607036568048242e-03	370
9.526147883136940e-02	5.210945807283808e-02	371
6.095650683997039e-02	4.525323093395542e-02	372
2.894088932036165e-01	7.271884358958255e-02	373
2.610926617987219e-01	7.077481642530863e-02	374
1.702151565276811e-01	6.232509559757481e-02	375
3.185993932649766e-01	7.436170027816806e-02	376
4.572469597227547e-01	7.634333076101989e-02	377
3.945004126741334e-01	7.672570827616107e-02	378
1.470102298656621e-01	5.956808176215660e-02	379
1.251959827616969e-01	5.669359798546592e-02	380
6.303113086939985e-01	6.265475544218503e-02	381
1.947269259922852e-01	6.494116388379061e-02	382
2.204483683689919e-01	6.741210189871050e-02	383
6.606541917122224e-01	5.832511553887605e-02	384
5.681392570147314e-01	6.978687136111694e-02	385
7.471387367391400e-01	4.351447840081122e-02	386
7.191930154011490e-01	4.862208739342484e-02	387
7.998683781748843e-01	3.346155931364014e-02	388
7.740689597762578e-01	3.840832340609229e-02	389
8.477372252451402e-01	2.443284798049801e-02	390
8.244644151935931e-01	2.876530556490395e-02	391
8.996808251737372e-01	1.530498488041698e-02	392
8.696321357819733e-01	2.049398076318402e-02	393
9.488283819124642e-01	7.729743918468069e-03	394
9.177377642541924e-01	1.227778442323469e-02	395
9.676191317858595e-01	6.175692765675807e-03	396
8.588656075668228e-01	2.241053915432896e-02	397
8.800329325944732e-01	1.867453255843183e-02	398
8.123247258685633e-01	3.107602157251998e-02	399
8.362683368735198e-01	2.655023636711325e-02	400
7.607407066275605e-01	4.095107496028616e-02	401
7.871113423768257e-01	3.590863312375051e-02	402
7.048568621164185e-01	5.114202850898983e-02	403
7.332830580107151e-01	4.607490829553357e-02	404
6.455600237819696e-01	6.054653157119248e-02	405
6.755726229008916e-01	5.600795914109577e-02	406
5.523785341438606e-01	7.120091739548631e-02	407
6.149408379181025e-01	6.464224186252482e-02	408
2.074462970108090e-01	6.619625586132613e-02	409
2.337236648029350e-01	6.858686955688691e-02	410
1.584424530708635e-01	6.096199984515423e-02	411
1.823222946569636e-01	6.365183727093952e-02	412
4.636167891510963e-02	4.140649530334643e-02	413
1.359317042402787e-01	5.814915642531984e-02	414
1.348246457916891e-02	2.715725584522308e-02	415
3.354617233614046e-02	3.715065115472951e-02	416
2.077492021980396e-01	-8.358675109639915e-02	417
3.476733887000523e-03	1.803576144798307e-02	418
9.628480583286144e-01	-1.634836420313380e-02	419
8.126589360307198e-01	-5.052667493504365e-02	420
3.337767586859904e-01	-8.477459539185292e-02	421
5.205533292947941e-01	-8.290455592747535e-02	422
1.126281734906929e-03	1.466694652847147e-02	423
2.257561471984283e-02	3.243855571410589e-02	424
6.323907892228139e-03	2.123864661723073e-02	425
8.606421186386638e-02	5.048372784498378e-02	426
6.890562239588788e-02	4.706345097176737e-02	427
2.751422804056518e-01	7.177922580535671e-02	428
1.048566973694783e-01	5.368467402615895e-02	429
9.823371474026255e-01	5.113418032319050e-03	430
9.862816142650371e-01	4.609960264955727e-03	431
3.039036179342091e-01	7.358602829087356e-02	432
9.897336510695992e-01	4.010980331749681e-03	433
9.926801567301268e-01	3.352522804889720e-03	434
3.334596637145070e-01	7.504658264360509e-02	435
3.637066328507891e-01	7.611912650724545e-02	436
9.341355956059918e-01	9.676324326710624e-03	437
9.999262679950381e-01	3.858636031102167e-04	438
9.985195924920253e-01	1.301166616093020e-03	439
9.994467714262474e-01	7.219281241771962e-04	440
6.300686959712035e-01	-7.624776047210677e-02	441
3.867521604842620e-02	-5.891867296219656e-02	442
9.951325408593729e-01	2.684264275715981e-03	443
5.048312510869707e-01	7.448583700262054e-02	444
3.793393148960942e-04	-2.020789337544537e-02	445
8.630641389519319e-03	-3.500676522994087e-02	446
6.812122465510373e-02	-6.979062183421603e-02	447
1.358036519699453e-01	-8.032598301470703e-02	448
2.755413124940829e-01	-8.446198034970905e-02	449
7.110195395594214e-02	5.669150724252929e-02	450
-4.845628189024549e-03	1.037360104726896e-02	451
-5.950864742164283e-03	5.818215947477247e-03	452
2.825221863782089e-01	-9.947839005449584e-02	453
6.994218332242570e-01	-8.350084790422849e-02	454
9.164974877658938e-01	-3.857332372023083e-02	455
2.965020112099195e-03	-3.530065865956348e-02	456
5.774873551755325e-01	8.461412335699346e-02	457
6.846699645954994e-01	-8.552304022355176e-02	458
7.830271616723276e-01	-6.946888050044807e-02	459
9.894884617652330e-01	-9.202117765035281e-03	460
3.264345170647307e-01	-1.002764905465125e-01	461
8.562111726207738e-01	-5.388525545320812e-02	462
8.331466762334075e-01	-5.911911181902722e-02	463
8.767791775473692e-02	-8.386173442876770e-02	464
-5.760023631878892e-03	-1.365811977483612e-02	465
2.136564829575305e-01	-9.740323733717153e-02	466
1.055322390635055e-02	-4.536250940082416e-02	467
9.616128409115831e-01	-2.337874184074639e-02	468
1.514000801271531e-01	-9.339722122846460e-02	469
7.139657672104933e-01	-8.136373558543650e-02	470
6.546176587730269e-01	-8.921738801738127e-02	471
4.500101506878925e-01	-1.006822221599521e-01	472
7.840813480924849e-02	-8.156481570094348e-02	473
3.873033080437604e-01	-1.008801816761490e-01	474
8.979706051672383e-01	-4.356852794718379e-02	475
7.960177710689347e-01	-6.692992411072046e-02	476
4.831431303794575e-03	2.585986305143193e-02	477
1.730450891768776e-02	3.584097690432041e-02	478
6.701102650456503e-01	7.212151550534965e-02	479
8.437564022117346e-01	3.741882341132915e-02	480
1.082453807900066e-01	6.496970410141072e-02	481
6.849964831860630e-01	6.960515565393080e-02	482
1.631399096483765e-01	7.393118272958749e-02	483
8.763621245839588e-01	3.047170803830271e-02	484
9.887771894653499e-01	7.696811612711445e-03	485
3.408139757250125e-01	9.057332983175051e-02	486
5.138231214322451e-01	8.979392724952308e-02	487
9.530660038031352e-01	1.476614775875449e-02	488
8.864895455945507e-01	2.832507327695763e-02	489
9.919367250494409e-01	6.525531817780856e-03	490
9.595165051597032e-01	1.365259290894740e-02	491
9.809287543276314e-01	9.808022990661934e-03	492
2.397328319686555e-01	8.311923690948260e-02	493
3.257734879749183e-01	8.979453109745397e-02	494
2.262467778850415e-01	8.172096052333945e-02	495
9.836685393251823e-02	6.300322607718721e-02	496
6.697265767044612e-01	-8.743285469228279e-02	497
2.006294366054982e-01	-9.680238033983338e-02	498
8.500080754512106e-03	2.933169086933232e-02	499
1.401359922085617e-01	7.046116778704212e-02	500
4.756652709271009e-02	4.973256880899261e-02	501
9.711205475947764e-01	1.170025881873101e-02	502
9.945914679066625e-01	5.405363012427058e-03	503
8.962273089909969e-01	2.626481544725821e-02	504
1.632455651352211e-01	-9.443394096177835e-02	505
1.000202699584101e+00	2.423644390565309e-04	506
9.984341960958735e-01	2.965188157135842e-03	507
9.967636875710253e-01	4.221267761702539e-03	508
1.672549645414572e-03	2.221457544567124e-02	509
-3.165352816692201e-03	1.446526679934185e-02	510
-1.907877056557148e-05	-3.002276368190717e-02	511
-5.119163691062698e-03	-2.748280236889078e-03	512
-4.028391464514134e-03	-4.616454192521193e-04	513
1.513803986164695e-02	-5.005485411024495e-02	514
1.000214399655848e+00	-2.276518280469367e-04	515
6.113795263546164e-02	-7.627609851012190e-02	516
9.985847000049151e-01	-3.084907949592176e-03	517
9.949488128390026e-01	-5.917950536895021e-03	518
4.182639947094794e-01	9.251466410174009e-02	519
5.453645887336899e-01	-9.791958424999862e-02	520
9.860383647453960e-01	-1.111712474948971e-02	521
8.778555132198044e-01	-4.868553170905303e-02	522
5.932353613626685e-01	8.289256712448650e-02	523
9.924439721013026e-01	-7.429017804787275e-03	524
-6.358386522486337e-03	-7.822525184799244e-03	525
4.342147390122219e-01	-1.008282670392238e-01	526
4.025445523144189e-01	9.240833925478564e-02	527
8.448469386962418e-01	-5.650826480668462e-02	528
2.817441674410874e-01	8.682994733951843e-02	529
8.672159982885499e-01	-5.127207770254378e-02	530
8.881103015118841e-01	-4.611211168817892e-02	531
6.955865711813486e-02	-7.903929731810758e-02	532
9.074403367705292e-01	-4.106004599505401e-02	533
9.251378043881949e-01	-3.610486351841485e-02	534
9.484110356962213e-01	-2.860154531320268e-02	535
2.584991248893620e-02	-5.883477975347014e-02	536
9.552524170871405e-01	-2.601305197490979e-02	537
9.674869293833522e-01	-2.073471514329530e-02	538
9.821452829113938e-01	-1.329052455532349e-02	539
1.287206904022931e-01	-9.091134153445544e-02	540
7.561854654271507e-01	-7.443117165915722e-02	541
7.697502755433966e-01	-7.197085093668321e-02	542
9.970042559776144e-01	-4.487717954230522e-03	543
4.658711286164492e-01	-1.004571356569343e-01	544
4.817540709556203e-01	-1.001409543240599e-01	545
4.976552127790960e-01	-9.973974986276164e-02	546
2.022341737590272e-02	-5.458193767087593e-02	547
4.028490274225380e-01	-1.009266618685436e-01	548
4.184898854755199e-01	-1.009111394476263e-01	549
3.414132115275708e-01	-1.004861383498365e-01	550
3.854341381028863e-02	-6.657758635162020e-02	551
9.333475669753442e-01	-3.363155691359984e-02	552
9.411040137422532e-01	-3.113428508003271e-02	553
1.398958636112429e-01	-9.222849943142046e-02	554
9.736174132529461e-02	-8.594421326543469e-02	555
5.612286302939868e-01	-9.709824534673149e-02	556
6.084053047445449e-01	-9.376734674100481e-02	557
9.728568428923007e-01	-1.813420300728848e-02	558
9.777348838040647e-01	-1.564375707312753e-02	559
7.282831442026459e-01	-7.912905725559041e-02	560
7.423522934129234e-01	-7.682045685037280e-02	561
1.074336018215516e-01	-8.781286973796459e-02	562
1.179044215577565e-01	-8.945865890923456e-02	563
5.770323186331572e-01	-9.612678162086286e-02	564
5.927622676702670e-01	-9.501616040718275e-02	565
4.559269231756086e-02	-7.008954315102166e-02	566
5.315336848456748e-02	-7.332440637304868e-02	567
6.497311114790569e-03	-4.040202787287119e-02	568
3.565761340705654e-01	-1.006642669745941e-01	569
3.718767290086710e-01	-1.007912568062748e-01	570
1.754192402953378e-01	-9.533676628124427e-02	571
1.878827254788603e-01	-9.612047976853046e-02	572
2.269334284540402e-01	-9.793645013234599e-02	573
2.404743322776120e-01	-9.840874166678762e-02	574
2.969618942932104e-01	-9.978350226543731e-02	575
3.116184421556425e-01	-1.000495046213858e-01	576
2.542818965352763e-01	-9.881065782733993e-02	577
-5.144851055902294e-03	1.580062213971323e-03	578
-2.473211741817832e-03	-2.462676667939496e-02	579
4.061441538057601e-02	4.718810901635243e-02	580
9.850903640021156e-01	8.757145705980185e-03	581
5.297997984106686e-01	8.874758247052973e-02	582
4.978273644214755e-01	9.066623398806271e-02	583
4.818467622849169e-01	9.136336792215519e-02	584
4.658842061808922e-01	9.189851151009826e-02	585
9.762470490952586e-01	1.077402771519189e-02	586
9.655418622484487e-01	1.264662292592233e-02	587
9.230693137213537e-01	2.062453960357598e-02	588
4.499433408691319e-01	9.226293928324253e-02	589
4.340683169497771e-01	9.246413833067381e-02	590
3.869217656213140e-01	9.214935380639799e-02	591
9.145271188255804e-01	2.240908188473774e-02	592
9.461932266994771e-01	1.601284830000892e-02	593
6.283672357097943e-02	5.443502154390272e-02	594
5.499653795709186e-02	5.214707809351087e-02	595
2.535086908917095e-01	8.443656454525714e-02	596
2.675109078828718e-01	8.566057844816069e-02	597
1.514620892247203e-01	7.221435820023160e-02	598
1.291469468932930e-01	6.866534699678473e-02	599
1.185207957385992e-01	6.685193568442370e-02	600
7.954902319207007e-01	4.777926255383323e-02	601
7.423343045166156e-01	5.884279740099144e-02	602
7.283668768553814e-01	6.159829463836446e-02	603
7.826398497920771e-01	5.050412999343479e-02	604
8.321947262740917e-01	3.989229841768559e-02	605
9.055792558825116e-01	2.429485043192699e-02	606
8.658543509147307e-01	3.269400626147633e-02	607
8.549836457700674e-01	3.501316433054368e-02	608
8.202921864975479e-01	4.245739389029811e-02	609
8.080479139212398e-01	4.509539134372992e-02	610
7.694962491808804e-01	5.326798003372605e-02	611
7.560549643994633e-01	5.606006971891937e-02	612
7.141413431298661e-01	6.432916981093273e-02	613
6.996788142623297e-01	6.700614044439676e-02	614
6.550452837719051e-01	7.453388247810425e-02	615
6.397975017903614e-01	7.682556334851973e-02	616
5.616532649637612e-01	8.616989947960101e-02	617
5.457439805217316e-01	8.753927462955721e-02	618
6.244108201403089e-01	7.898633821438214e-02	619
6.088852695600914e-01	8.101352745481488e-02	620
2.130465706623661e-01	8.026533887147326e-02	621
2.001170818345849e-01	7.875821232864466e-02	622
1.874876386800546e-01	7.720371976135987e-02	623
1.751602784003996e-01	7.559550467066491e-02	624
1.265914075652968e-02	3.268612496943459e-02	625
3.409502084472344e-02	4.452888038660738e-02	626
2.803350050653253e-02	4.179548365339501e-02	627
8.087181448319984e-01	-6.435280981449333e-02	628
8.211043167592642e-01	-6.174043388385057e-02	629
5.135733638678591e-01	-9.923738454907421e-02	630
5.294794057116426e-01	-9.862937161813234e-02	631
-9.930088052230274e-04	1.841918774437448e-02	632
2.242233405501176e-02	3.890590600428680e-02	633
8.887144973973844e-02	6.096705804878741e-02	634
7.978188564241216e-02	5.886664397721987e-02	635
3.109046578298225e-01	8.891646712768325e-02	636
2.962076971596982e-01	8.792398257711982e-02	637
3.714200017153368e-01	9.175701974109129e-02	638
3.560461931516562e-01	9.123555375012944e-02	639
9.389030972633392e-01	1.740482479006035e-02	640
9.311988363013403e-01	1.895027720973286e-02	641
6.239355748316580e-01	-9.238209728181192e-02	642
6.393394992793917e-01	-9.086705546165283e-02	643
3.195558018817786e-02	-6.280742461419973e-02	644
-4.390187116607579e-03	-1.914441315744670e-02	645
2.682953077057030e-01	-9.915074384528406e-02	646
-1.016874568129378e-02	-1.150434168221033e-02	647
3.953974535981254e-01	-1.187827813553161e-01	648
2.893536216901953e-01	-1.163716210525396e-01	649
7.923870357254195e-01	-8.279671575948568e-02	650
5.386517503463245e-01	-1.161329460325883e-01	651
9.237394506513298e-01	-4.674659819101572e-02	652
9.917029591193304e-01	1.034036822274739e-02	653
9.882798764585109e-01	1.211008550090751e-02	654
9.640555538756591e-01	2.024089110806339e-02	655
-3.429347207708953e-03	2.268226998844646e-02	656
9.944769930416775e-01	8.649233943503457e-03	657
9.994378586757794e-01	1.753288337014385e-03	658
1.000189056508407e+00	5.557231481543608e-04	659
9.989858799684374e-01	-5.180951067181559e-03	660
1.000469881459514e+00	1.496766722044922e-05	661
1.312392748023889e-02	-5.690689198397886e-02	662
-8.937807956974363e-03	2.920870360890898e-03	663
8.943757792951529e-02	-9.538174240840969e-02	664
9.321198546429881e-01	-4.371658160651327e-02	665
9.926709583409560e-01	-1.154779315539018e-02	666
5.712431319726780e-01	1.029021318010090e-01	667
9.995245267407727e-01	-1.788419062826196e-03	668
-2.983100423995251e-03	-3.517863916923204e-02	669
7.091732759570567e-01	-9.870404343037549e-02	670
-7.728028416027940e-03	-2.357081876429558e-02	671
7.236920679833672e-01	-9.627177126297884e-02	672
8.344401575829989e-03	-5.175310336124817e-02	673
8.755381750187827e-01	-6.189046005180793e-02	674
2.588060255133960e-04	-4.084754502183099e-02	675
3.338407055374298e-01	-1.177343580465644e-01	676
8.647232485953150e-01	-6.491786527767207e-02	677
6.944200638646884e-01	-1.010099088633246e-01	678
9.951892329308349e-01	-9.384024122702936e-03	679
3.943950804103570e-03	-4.639394953365453e-02	680
9.800390482336697e-01	1.544194751318062e-02	681
5.230725706543641e-01	1.069012614990067e-01	682
9.512114324968429e-01	2.364451708311856e-02	683
6.649205834671742e-01	9.012102109921032e-02	684
9.968503798004217e-01	6.894191737334862e-03	685
5.069428341529615e-01	1.078813587983363e-01	686
2.737730306361945e-01	1.023513385057036e-01	687
3.329022994938402e-01	1.070824419862536e-01	688
1.555525768610498e-01	8.648609688411678e-02	689
6.420527813757458e-02	6.488549436856611e-02	690
1.000021033736723e+00	1.048261338034691e-03	691
-9.265940246790186e-03	-1.771762288623000e-02	692
-7.796137161566229e-03	1.373905124380576e-02	693
1.142171550516739e-02	3.894367910219761e-02	694
-9.239188686132166e-03	8.762383303080011e-03	695
9.670054531157631e-01	-2.830944632404823e-02	696
7.976506703697792e-02	-9.261432805198500e-02	697
-6.720039165721703e-03	-6.575158682300904e-04	698
1.554834161177567e-01	-1.073537125253360e-01	699
4.586817064400572e-01	-1.186154258396372e-01	700
1.854886263939735e-02	-6.193918406795326e-02	701
2.995020187965939e-03	3.107609302273519e-02	702
8.403178079059872e-01	5.202543446123966e-02	703
7.916048173363087e-01	6.380906289423041e-02	704
6.799731550902764e-01	8.747835432114877e-02	705
9.844539956521442e-01	1.376030662161856e-02	706
9.578452859357303e-01	2.190292462418868e-02	707
8.933682112105663e-01	3.869756793851791e-02	708
8.835117517515556e-01	4.121988533702688e-02	709
3.178379311802400e-01	1.060866518384604e-01	710
2.882189163580575e-01	1.037073425639363e-01	711
2.318163171684627e-01	9.780940215926315e-02	712
1.010123894205291e-01	7.537833177282989e-02	713
6.643415451757386e-01	-1.052276944973266e-01	714
6.794749857276136e-01	-1.031848694611866e-01	715
2.060119957988981e-01	-1.121354680671825e-01	716
6.888305105104200e-03	3.510814295664071e-02	717
1.439590226786285e-01	8.436137419826106e-02	718
9.751561958281408e-01	1.704156948277484e-02	719
9.986673460304731e-01	4.995798938497214e-03	720
-4.871844781954400e-04	2.694526258873417e-02	721
-5.865422302082243e-03	1.827303799483918e-02	722
-5.633831225394854e-03	-2.941613564861816e-02	723
-9.035544744059433e-03	-4.596536395826837e-03	724
2.457312122151171e-02	-6.657979466555936e-02	725
1.000217274214547e+00	-5.414993832835035e-04	726
1.000074965579884e+00	-1.045705646925796e-03	727
9.725212670867945e-01	-2.522993136261651e-02	728
9.895740216981095e-01	-1.401491351682486e-02	729
5.871635545680400e-01	1.011821082904157e-01	730
4.427462196412636e-01	-1.187894173979143e-01	731
4.106863671036805e-01	1.099453680757879e-01	732
8.419769749402034e-01	-7.096937690955323e-02	733
8.535325376038062e-01	-6.795415242729651e-02	734
8.859956530220388e-01	-5.885623829919778e-02	735
8.960430100802964e-01	-5.581854935774040e-02	736
6.169811260050768e-02	-8.636891175408438e-02	737
7.051400037729058e-02	-8.961388176089523e-02	738
9.056843938947796e-01	-5.279383654200910e-02	739
9.149297000140607e-01	-4.976929228997913e-02	740
9.544822322202446e-01	-3.452726241573345e-02	741
9.609919120860155e-01	-3.141787651749280e-02	742
9.860899260770190e-01	-1.654264556267945e-02	743
7.657448668750574e-01	-8.841039222237854e-02	744
7.792107606869879e-01	-8.562960220684646e-02	745
9.973428950105828e-01	-7.292360260113108e-03	746
4.746638060927048e-01	-1.183337683113265e-01	747
4.906469480508940e-01	-1.179475709863997e-01	748
4.111003311443029e-01	-1.188750317579062e-01	749
4.268901176619016e-01	-1.188751236106786e-01	750
3.096369476066454e-02	-7.104048434511195e-02	751
9.400441701848832e-01	-4.066834077073684e-02	752
9.474905898161938e-01	-3.761073545346359e-02	753
1.320891079984539e-01	-1.040755797852203e-01	754
1.436222123413716e-01	-1.057929906959426e-01	755
5.546273909504255e-01	-1.153399148005803e-01	756
5.706005221692420e-01	-1.143587339429753e-01	757
9.775214438275723e-01	-2.223657015919907e-02	758
9.820491041767769e-01	-1.934356071670238e-02	759
7.379520196211117e-01	-9.374343332592841e-02	760
7.519755131863645e-01	-9.112578683821120e-02	761
9.952662967988998e-02	-9.792157235039309e-02	762
1.100393384763125e-01	-1.002261395355239e-01	763
1.209237286301298e-01	-1.021957276231495e-01	764
5.864899442708938e-01	-1.132155627610829e-01	765
6.022961500533033e-01	-1.119149100836623e-01	766
3.789237918550862e-02	-7.530407549857812e-02	767
4.537469380238800e-02	-7.931890580472692e-02	768
5.338345826247691e-02	-8.292766283993784e-02	769
3.490078322655140e-01	-1.180958692939657e-01	770
3.643541217583723e-01	-1.183913272800596e-01	771
3.798150929630351e-01	-1.186159273812239e-01	772
1.676908562716914e-01	-1.087610243321469e-01	773
1.801955892612971e-01	-1.100143106223984e-01	774
1.929725842809663e-01	-1.111313946069051e-01	775
2.193034008695392e-01	-1.130484303904148e-01	776
2.328465969574421e-01	-1.138774146484229e-01	777
3.040144781497037e-01	-1.168856134960756e-01	778
3.188603727886068e-01	-1.173342335509883e-01	779
2.466681680214944e-01	-1.146217156691113e-01	780
4.094691467732973e-02	5.616304746224019e-02	781
4.908112074644207e-01	1.086717778190363e-01	782
4.747094769661825e-01	1.092798072035005e-01	783
9.698364881064888e-01	1.862773286767874e-02	784
4.586118570137732e-01	1.097111608084920e-01	785
4.425612731989186e-01	1.099587117261069e-01	786
4.265901700655758e-01	1.100367909222097e-01	787
3.948724490152580e-01	1.096774554768119e-01	788
9.205841289031274e-01	3.164994620891806e-02	789
5.608872344556224e-02	6.207135103747238e-02	790
4.827967109897383e-02	5.924975167846176e-02	791
2.595781085972682e-01	1.009200060123523e-01	792
2.455641335190170e-01	9.944752013143350e-02	793
1.327059801015443e-01	8.218597845516599e-02	794
1.218240560697202e-01	7.996575976817141e-02	795
1.112335111339538e-01	7.777416374099376e-02	796
7.379412898187079e-01	7.597699073394662e-02	797
9.119121119762454e-01	3.391104026316170e-02	798
9.028302438344991e-01	3.626369292837870e-02	799
8.732541473473379e-01	4.381292420863057e-02	800
8.626426003871718e-01	4.647387423911831e-02	801
8.516609995540148e-01	4.921948520848967e-02	802
8.286582732275718e-01	5.488799432946423e-02	803
8.166380975146907e-01	5.782488695363945e-02	804
8.042687290988907e-01	6.080634797355846e-02	805
7.786480409891475e-01	6.683950214524502e-02	806
7.653846428718915e-01	6.989857954361824e-02	807
7.517993596641582e-01	7.295780641602370e-02	808
7.238327144293289e-01	7.895376399411509e-02	809
7.094506647723745e-01	8.188366244039752e-02	810
6.948178723442696e-01	8.472960462108682e-02	811
6.496679923445430e-01	9.263343184626496e-02	812
5.552166925091456e-01	1.044319680662463e-01	813
5.391617251150003e-01	1.057346448924991e-01	814
6.342515949533430e-01	9.500098231919102e-02	815
6.186921648311229e-01	9.722195802088841e-02	816
6.029872894772877e-01	9.928723428213682e-02	817
2.183815958799962e-01	9.609067321665860e-02	818
2.052316443424066e-01	9.430419223212742e-02	819
1.923640309955695e-01	9.245748626654061e-02	820
1.797873017606234e-01	9.054336665821136e-02	821
1.675094637301089e-01	8.855328771327262e-02	822
3.411337380866517e-02	5.295384325988803e-02	823
2.776907388107262e-02	4.965549562264509e-02	824
8.052779147359423e-01	-7.990527849897594e-02	825
8.178682465243539e-01	-7.695283125274632e-02	826
8.301053992465617e-01	-7.396199027219091e-02	827
5.066567878242734e-01	-1.174563671320663e-01	828
5.226660914453103e-01	-1.168513202249287e-01	829
2.177606775483332e-02	4.631188433017558e-02	830
1.630799269095897e-02	4.267048562262295e-02	831
9.120286602270378e-02	7.288778434567603e-02	832
8.179543368244957e-02	7.031121713612683e-02	833
7.279312599589971e-02	6.764663729858458e-02	834
3.029243405823221e-01	1.049632915042242e-01	835
3.791826194085584e-01	1.092514724865260e-01	836
3.636158851853702e-01	1.086835311771979e-01	837
3.481657447084395e-01	1.079581987371214e-01	838
9.441653825328405e-01	2.547846709947568e-02	839
9.367241890001435e-01	2.742259840400942e-02	840
9.288596946902618e-01	2.948607600432220e-02	841
6.179998031508397e-01	-1.104625119495765e-01	842
6.335759095704458e-01	-1.088645049900554e-01	843
6.490303133714798e-01	-1.071222972798700e-01	844
2.607199382809771e-01	-1.152169249726072e-01	845
2.749251920008857e-01	-1.158107769995895e-01	846
-1.422403889441502e-02	-1.556350109110080e-02	847
9.059452617898009e-02	-1.085192178754320e-01	848
9.992037446591178e-01	7.301705055952409e-03	849
9.844649635262774e-01	1.959263971578139e-02	850
5.480955757252508e-01	-1.356647431702493e-01	851
-1.333426710618426e-02	5.321547329969859e-03	852
9.996412491492979e-01	-3.976636071064973e-03	853
9.316918828630232e-01	-5.521002679995199e-02	854
9.397863293130631e-01	-5.154904238639037e-02	855
2.260662615275547e-02	-7.527464997826665e-02	856
9.949464766641537e-01	1.234617275842452e-02	857
5.000258789799756e-01	1.280313521186218e-01	858
-1.314741500632481e-02	-2.208628878992968e-02	859
4.786403722337458e-03	4.167197912548085e-02	860
-6.378684358316214e-03	-4.084755724527939e-02	861
9.633262268493733e-01	2.896529609234302e-02	862
9.973460435025336e-01	9.948854814259611e-03	863
-1.111040557553169e-02	1.755279877055944e-02	864
6.600221591423728e-01	1.102325563565781e-01	865
-8.983467446630455e-03	2.257979382694246e-02	866
1.000495471588996e+00	3.758464663370941e-04	867
1.000515478221249e+00	-3.442802534585782e-04	868
8.024602745396563e-01	-9.737654438206643e-02	869
1.591350465814189e-01	-1.231867567573255e-01	870
1.051279357713795e-02	-6.458445567895361e-02	871
4.035408964159599e-01	-1.387895287726343e-01	872
8.050021309448280e-02	-1.052034943833872e-01	873
4.514372319709176e-01	-1.388202457226681e-01	874
2.960022456218435e-01	-1.353341610506201e-01	875
9.884653316041860e-01	1.721867892217385e-02	876
5.650769356370456e-01	1.233100254632013e-01	877
9.569323996369336e-01	3.132640769042450e-02	878
9.501146249292806e-01	3.373373399755689e-02	879
7.883647407036852e-01	8.172580242208707e-02	880
1.472848153650104e-01	1.000088148562944e-01	881
2.653836645769478e-01	1.193971324051133e-01	882
9.935321262261955e-01	-1.616905137433260e-02	883
5.647282036667948e-02	7.329995108782156e-02	884
8.739696505315950e-01	-7.677232487981941e-02	885
9.994004789728326e-01	3.881597450773613e-03	886
9.920059829712614e-01	1.476118717995246e-02	887
9.997469346044215e-01	-7.518856924848164e-03	888
9.780806368343301e-01	-2.960592601914784e-02	889
5.477630416132364e-03	-5.879535490859587e-02	890
7.047913757330022e-01	-1.181537810589609e-01	891
-9.241236788169432e-03	-3.462173376111305e-02	892
7.195565713951634e-01	-1.155327085258788e-01	893
7.340530942763120e-01	-1.127294827835613e-01	894
9.455344946709132e-04	-5.308829657899603e-02	895
9.960951096558778e-01	-1.321639411338548e-02	896
-3.038597163374279e-03	-4.687239570114694e-02	897
8.375633775423510e-01	6.842219289711442e-02	898
5.163412141299452e-01	1.271196386191740e-01	899
3.095137137286982e-01	1.240522643125340e-01	900
-1.275423627834756e-02	1.218662155625668e-02	901
5.428064978572772e-04	3.692663540716459e-02	902
6.753300043581852e-01	1.074747481913278e-01	903
8.912619448323844e-01	5.271912693872834e-02	904
3.246594037965542e-01	1.253206080528636e-01	905
2.945330249158238e-01	1.226231632882601e-01	906
2.798166727549609e-01	1.210585558486348e-01	907
6.746401256655146e-01	-1.229881507443819e-01	908
6.898008060019382e-01	-1.206704927837595e-01	909
9.798450573027503e-01	2.199988319090387e-02	910
-3.103153170203315e-03	3.230851058606458e-02	911
-6.324276606195773e-03	2.750034465156885e-02	912
-1.148503664679635e-02	-2.835502106277658e-02	913
-1.381965484709299e-02	-7.593266936628179e-03	914
1.638203851976839e-02	-7.025401247832785e-02	915
9.729525781239827e-01	-3.320207293846072e-02	916
9.904235717991760e-01	-1.934991887251272e-02	917
5.812205765359035e-01	1.216007791437465e-01	918
8.515543416702213e-01	-8.378655723254025e-02	919
8.629628821631482e-01	-8.028598484290141e-02	920
8.846212084609273e-01	-7.324087317482897e-02	921
8.948922654532978e-01	-6.966592404410077e-02	922
6.162298705400469e-02	-9.784257502494177e-02	923
7.084262564331550e-02	-1.016495945441970e-01	924
9.047229260139873e-01	-6.607715598598791e-02	925
9.141484246192180e-01	-6.247357243102397e-02	926
9.231463449453332e-01	-5.884831399842269e-02	927
9.611528082805129e-01	-4.053726253242323e-02	928
9.673035766504883e-01	-3.685842297850445e-02	929
7.759699689289361e-01	-1.037664167703422e-01	930
7.893557624144810e-01	-1.006352409698448e-01	931
9.981675296614587e-01	-1.043845633541402e-02	932
4.675506524295716e-01	-1.385992734029222e-01	933
4.836718262291604e-01	-1.382386008875040e-01	934
4.194441618930694e-01	-1.389140534565006e-01	935
4.354049502778085e-01	-1.389188412796796e-01	936
9.473826121980614e-01	-4.788410218204096e-02	937
9.544998919239426e-01	-4.421994417083227e-02	938
1.349593972588053e-01	-1.190303881348820e-01	939
1.468711868717992e-01	-1.211967102170457e-01	940
5.642494324617604e-01	-1.347552725165956e-01	941
9.827051783714226e-01	-2.609407358092727e-02	942
9.868656508000456e-01	-2.260553233623984e-02	943
7.482813870404573e-01	-1.098595308562713e-01	944
7.622760408083120e-01	-1.068657296082463e-01	945
1.011477469171246e-01	-1.115856140187159e-01	946
1.122370201828185e-01	-1.143302881430048e-01	947
1.233949157819821e-01	-1.166820822089679e-01	948
5.803826918149760e-01	-1.335803592577641e-01	949
5.963656016389296e-01	-1.322539292227408e-01	950
2.929985712221852e-02	-8.034013467003892e-02	951
3.661901752053341e-02	-8.521944758819225e-02	952
4.467194249365856e-02	-8.982388238735919e-02	953
5.292370886497439e-02	-9.382156365156978e-02	954
3.411454336522434e-01	-1.372928927184765e-01	955
3.565495527335997e-01	-1.378074743894168e-01	956
3.721022362849268e-01	-1.382219709629756e-01	957
3.877543846248197e-01	-1.385505748292657e-01	958
1.717265278219468e-01	-1.249927446876043e-01	959
1.845858943900223e-01	-1.266237938556759e-01	960
1.976923630746830e-01	-1.281014247716514e-01	961
2.110329119771533e-01	-1.294574673634103e-01	962
2.246222427894171e-01	-1.307079029428348e-01	963
3.259536167924317e-01	-1.367078387396475e-01	964
3.109100717677350e-01	-1.360633857980131e-01	965
2.384821101149067e-01	-1.318503054370377e-01	966
4.837488819889703e-01	1.287067670837444e-01	967
9.747975048085475e-01	2.431855480645989e-02	968
9.692913441270715e-01	2.663413233580935e-02	969
4.674846282772292e-01	1.292141983800046e-01	970
4.512301791263488e-01	1.295225832708476e-01	971
4.350510315765430e-01	1.296343507135148e-01	972
4.189421115141549e-01	1.295616476558862e-01	973
4.028975234842473e-01	1.292898747524602e-01	974
4.845977545204746e-02	7.004829236270868e-02	975
4.062516488905199e-02	6.635769377253767e-02	976
2.512103045462988e-01	1.177329224193872e-01	977
2.371020318708196e-01	1.158738089393938e-01	978
1.357486965886149e-01	9.740652528371768e-02	979
1.245714240154639e-01	9.474331395593780e-02	980
1.137948844901003e-01	9.220216283444907e-02	981
1.031049072950141e-01	8.938128737962933e-02	982
9.188616518560117e-01	4.408382173929931e-02	983
9.100487073645641e-01	4.688412468102837e-02	984
9.008458802028533e-01	4.976184141865145e-02	985
8.812558499455690e-01	5.575505167432762e-02	986
8.708748291652358e-01	5.883252927272734e-02	987
8.601402479456891e-01	6.197188373825193e-02	988
8.490318263242961e-01	6.516432164995697e-02	989
8.257919674347517e-01	7.169605458823353e-02	990
8.136149830778839e-01	7.503358256615153e-02	991
8.010974882165696e-01	7.838386428387835e-02	992
7.752408943288114e-01	8.511807605639000e-02	993
7.618546439667024e-01	8.850134512881813e-02	994
7.480510057687324e-01	9.185623840712853e-02	995
7.340778588401693e-01	9.514061674988640e-02	996
7.197471411600692e-01	9.836038035181138e-02	997
7.052002544539308e-01	1.015207348935936e-01	998
6.903362952544599e-01	1.045378378517813e-01	999
5.326275093940379e-01	1.260557690692704e-01	1000
5.488127371910408e-01	1.247460479349803e-01	1001
6.445859966970093e-01	1.128801300478841e-01	1002
6.289407468441668e-01	1.153039070624742e-01	1003
6.131867442735937e-01	1.176225751209015e-01	1004
5.972428816870377e-01	1.196835722280280e-01	1005
2.233764587640736e-01	1.138636594048766e-01	1006
2.099691198687548e-01	1.117627670604580e-01	1007
1.968529484749413e-01	1.095896840105040e-01	1008
1.840105867549065e-01	1.073409475962407e-01	1009
1.714481607824488e-01	1.049955795784566e-01	1010
1.591882376875959e-01	1.025485479348836e-01	1011
3.343167509683939e-02	6.250096547922207e-02	1012
2.678799695135770e-02	5.854914897831107e-02	1013
8.152769233863947e-01	-9.406166202326414e-02	1014
8.277459671067157e-01	-9.065274627411858e-02	1015
8.398144653273302e-01	-8.722917309823529e-02	1016
4.997794326539411e-01	-1.377610440696004e-01	1017
5.159294057063621e-01	-1.371671200337586e-01	1018
5.320107926042590e-01	-1.364629337440690e-01	1019
2.058325661900277e-02	5.473037875409400e-02	1020
1.467477566220811e-02	5.041570983371338e-02	1021
9.496647699785888e-03	4.598862578896355e-02	1022
9.292471303470792e-02	8.638254282869524e-02	1023
8.317521544935176e-02	8.326769442681449e-02	1024
7.383846287965046e-02	8.004725429337231e-02	1025
6.491495216638793e-02	7.671189405526162e-02	1026
3.869777517759216e-01	1.288272343235844e-01	1027
3.711973235837929e-01	1.282048631581880e-01	1028
3.555104843156873e-01	1.274177499807817e-01	1029
3.399740272981801e-01	1.264467996140032e-01	1030
9.272750610366419e-01	4.137376052776105e-02	1031
9.429088560745846e-01	3.619524378958344e-02	1032
9.353018076148845e-01	3.874073259922255e-02	1033
6.122975767538267e-01	-1.307150366366275e-01	1034
6.280606130434284e-01	-1.290523986326749e-01	1035
6.437349977152572e-01	-1.271846686155110e-01	1036
6.592536908857350e-01	-1.251987749317859e-01	1037
2.526742274450950e-01	-1.328335241406320e-01	1038
2.668868121428653e-01	-1.336642204656282e-01	1039
2.813226062382120e-01	-1.345256938796795e-01	1040
-2.725697120594953e-03	-6.037202990403917e-02	1041
9.994186872120701e-01	9.411400194747370e-03	1042
9.795566339927070e-01	-3.775069663838557e-02	1043
1.000449593717053e+00	8.163662750562433e-04	1044
-6.939438260987729e-03	-5.353764431306969e-02	1045
7.380346294141783e-01	-1.323923057557997e-01	1046
9.100330148066935e-02	-1.234471102442985e-01	1047
-1.043913584384251e-02	-4.695577430419425e-02	1048
9.852648428952886e-01	2.619415193456951e-02	1049
-1.566562169816720e-02	-3.347689296750871e-02	1050
1.352218055793543e-02	-7.944022136921754e-02	1051
1.622868758921227e-01	-1.410727162424101e-01	1052
1.381246881710491e-01	1.144704623134937e-01	1053
-2.541931845042175e-03	4.351862384817071e-02	1054
-1.252394041312794e-02	2.735740990356884e-02	1055
-1.769491741359227e-02	8.810748189515770e-03	1056
-9.404095019136848e-03	1.440246633897577e-04	1057
-9.393908853008372e-03	-1.742631903129671e-03	1058
-1.342838483576325e-02	4.862578947213969e-04	1059
-1.741828324833544e-02	-2.673301414867129e-02	1060
1.000188328503453e+00	-9.676186017258590e-03	1061
3.158907449725876e-01	1.454338608771306e-01	1062
9.842555640750502e-01	-3.350882893884512e-02	1063
9.976524250914989e-01	-1.737119790815321e-02	1064
9.482979341024259e-01	-5.947872788704177e-02	1065
8.069526145834278e-01	-1.150692456545596e-01	1066
4.117567441072253e-01	-1.611320090562857e-01	1067
9.983388836150382e-01	1.325157658583403e-02	1068
9.266318452010700e-01	5.468567854889931e-02	1069
9.499564657925672e-01	4.506972246367973e-02	1070
5.507360829347070e-01	1.466404330808860e-01	1071
5.178070732472809e-01	1.490697287224708e-01	1072
6.631548501417568e-01	1.311879507820467e-01	1073
7.790558261121027e-01	1.036935202649050e-01	1074
4.930283706621931e-01	1.503753171261672e-01	1075
5.499091644832287e-01	-1.578920798046849e-01	1076
3.313508854104747e-01	1.468783739788463e-01	1077
9.960094861334943e-01	1.646360589914022e-02	1078
8.043307899526835e-02	-1.194816988381981e-01	1079
1.000288777422969e+00	1.869084307281479e-03	1080
9.894205787910799e-01	2.296376492910993e-02	1081
-1.341733381302846e-02	-2.344205705587100e-03	1082
1.000494914519717e+00	-7.885885779040305e-04	1083
1.000398532078018e+00	-1.861666064727020e-03	1084
9.405241671608843e-01	-6.383561448825770e-02	1085
1.978806458607739e-02	-8.499612366551444e-02	1086
-1.860926430448315e-02	-1.986841917851149e-02	1087
1.979708545675697e-03	4.894671623275727e-02	1088
-1.329777740888781e-02	-4.027307874936208e-02	1089
9.635217272437513e-01	3.881627613804706e-02	1090
-1.480576831318733e-02	2.178763948480362e-02	1091
1.000779178296243e+00	1.753539878350584e-04	1092
1.000788138119294e+00	-1.267844854602360e-04	1093
1.844812097534799e-03	-6.657198376434535e-02	1094
3.175794368673054e-01	-1.575556434079441e-01	1095
3.024197959960589e-01	-1.565535771595087e-01	1096
9.930035469229846e-01	1.968968493467003e-02	1097
5.753599696331642e-01	1.442574368396062e-01	1098
9.569436415585332e-01	4.194049804487959e-02	1099
9.951355498204767e-01	-2.115884348443461e-02	1100
7.084623508001978e-01	-1.384651071725493e-01	1101
-1.660300710226106e-02	1.599976640071890e-02	1102
3.006440194468530e-01	1.438235662581027e-01	1103
2.855636437715678e-01	1.420093986009522e-01	1104
2.708621648349172e-01	1.401061775667050e-01	1105
6.779774344963815e-01	-1.438663959350660e-01	1106
-6.399773546534821e-03	3.826363566852782e-02	1107
-9.680336909981484e-03	3.287714393466191e-02	1108
-1.871962616971520e-02	-1.158072561590667e-02	1109
7.249412403793600e-03	-7.321057127644588e-02	1110
8.620837490088120e-01	-9.753849579467649e-02	1111
8.733182839133532e-01	-9.347698339812242e-02	1112
8.841691225375473e-01	-8.942216357250082e-02	1113
8.946706218683332e-01	-8.524308934983964e-02	1114
7.036296856138669e-02	-1.152761592245241e-01	1115
6.074317092324973e-02	-1.108181469452160e-01	1116
9.047475067292469e-01	-8.105376415366466e-02	1117
9.143518747507700e-01	-7.678458588757504e-02	1118
9.235473086066484e-01	-7.250526686507618e-02	1119
9.322727366602356e-01	-6.819342496452911e-02	1120
9.685619678521507e-01	-4.640671136194300e-02	1121
9.743225673286082e-01	-4.206176726573579e-02	1122
7.802193264860569e-01	-1.222999665624543e-01	1123
9.995400592631744e-01	-1.375251248849071e-02	1124
4.603443826017096e-01	-1.611718073281330e-01	1125
4.766756239784502e-01	-1.608637095800859e-01	1126
4.279041855339294e-01	-1.612804090677847e-01	1127
4.440433102389401e-01	-1.612703239958632e-01	1128
9.555237469134961e-01	-5.512245204789149e-02	1129
9.622864239518862e-01	-5.076804542199873e-02	1130
1.371954711583733e-01	-1.359627305963254e-01	1131
1.495160172729186e-01	-1.386340894408302e-01	1132
9.884691304723645e-01	-2.925214496110975e-02	1133
9.920855923738571e-01	-2.515018329718473e-02	1134
7.594709559881275e-01	-1.274739173764336e-01	1135
1.022439171532689e-01	-1.271250776378463e-01	1136
1.138069086509095e-01	-1.301781692549820e-01	1137
1.252171949773755e-01	-1.330939997805838e-01	1138
5.826258626234316e-01	-1.556365894599704e-01	1139
2.681418157205298e-02	-9.080809509987821e-02	1140
3.469031353508117e-02	-9.647401961151660e-02	1141
4.327545268741092e-02	-1.015642239900831e-01	1142
5.163746951723762e-02	-1.061248925676677e-01	1143
3.328548186285731e-01	-1.583730788198805e-01	1144
3.483273787231866e-01	-1.591953547825763e-01	1145
3.639992910529981e-01	-1.598291834691202e-01	1146
3.797959433387674e-01	-1.604195631744014e-01	1147
3.956969290199219e-01	-1.608369511749532e-01	1148
1.752248164063783e-01	-1.433170608680313e-01	1149
1.885119268977515e-01	-1.453364600054630e-01	1150
2.019053337767627e-01	-1.472346525754675e-01	1151
2.156216185687339e-01	-1.489462537089978e-01	1152
2.295250972086705e-01	-1.505936995636498e-01	1153
9.805170884745119e-01	2.942934408677218e-02	1154
9.753299653562579e-01	3.256556031976193e-02	1155
9.696572436764171e-01	3.569506151009472e-02	1156
4.766048257695260e-01	1.509862903692849e-01	1157
4.601063865554132e-01	1.514143244924405e-01	1158
4.436853726520234e-01	1.515529364472295e-01	1159
4.273068362672483e-01	1.515205998063732e-01	1160
4.110207977022534e-01	1.512300910023532e-01	1161
4.790850216397821e-02	8.206374360076610e-02	1162
3.961200631118931e-02	7.788309037880770e-02	1163
2.564977692566238e-01	1.381136738217587e-01	1164
2.421265582227193e-01	1.361379712007102e-01	1165
1.266373024820278e-01	1.113332306935717e-01	1166
1.157358595801763e-01	1.082600221690432e-01	1167
1.046465540386072e-01	1.051677198607380e-01	1168
9.180860955295889e-01	5.796855661931657e-02	1169
9.091427185553584e-01	6.142798081003049e-02	1170
8.998303559315587e-01	6.486256535168824e-02	1171
8.900808724883603e-01	6.846255037155623e-02	1172
8.799292216572874e-01	7.203079620870141e-02	1173
8.693884866676556e-01	7.569716598474845e-02	1174
8.584440289532245e-01	7.932588758921172e-02	1175
8.414014277603024e-01	8.495668020314324e-02	1176
8.235889964941151e-01	9.058097320268092e-02	1177
8.049005235928737e-01	9.613412215102227e-02	1178
7.517923947246431e-01	1.111478862089064e-01	1179
7.233431008955776e-01	1.182879669445665e-01	1180
6.937353214282787e-01	1.250206421136562e-01	1181
6.317620685027805e-01	1.366530594604859e-01	1182
5.996755658226739e-01	1.413428369530974e-01	1183
2.279333980376821e-01	1.337742542819164e-01	1184
2.142264250498766e-01	1.313522874639337e-01	1185
2.008150522478309e-01	1.287620844355754e-01	1186
1.877189448700378e-01	1.261753431089661e-01	1187
1.748477079236958e-01	1.234217634620920e-01	1188
1.622553713114324e-01	1.205816144753103e-01	1189
1.499864205411479e-01	1.175859535649360e-01	1190
3.191201980067668e-02	7.325136993949892e-02	1191
2.494172907044700e-02	6.853270122515030e-02	1192
8.262329657985366e-01	-1.093656643934461e-01	1193
8.385266335263443e-01	-1.054547830262003e-01	1194
8.504487975065611e-01	-1.015408016706322e-01	1195
4.930153709047743e-01	-1.603595240014826e-01	1196
5.174416861648704e-01	-1.594219117081353e-01	1197
1.865869404046651e-02	6.408359355336821e-02	1198
1.234795098782673e-02	5.916649619864440e-02	1199
6.780167837692557e-03	5.387609346066859e-02	1200
9.390978959396706e-02	1.015990862246078e-01	1201
8.375757485868482e-02	9.787059422651723e-02	1202
7.406448155578903e-02	9.401167152713366e-02	1203
6.479746018203508e-02	9.001645039733829e-02	1204
5.601134659858507e-02	8.592052807440032e-02	1205
3.947797180247148e-01	1.507437362610489e-01	1206
3.787715207789931e-01	1.500404162930138e-01	1207
3.628271613349930e-01	1.491887694634166e-01	1208
3.469780330681791e-01	1.481309518244876e-01	1209
9.425864761502557e-01	4.821647156855758e-02	1210
9.347997849416179e-01	5.140440538092040e-02	1211
6.149321184411587e-01	-1.524642773216105e-01	1212
6.467223239992815e-01	-1.485404087880082e-01	1213
2.438803366993919e-01	-1.520158637192311e-01	1214
2.583326600624058e-01	-1.532037114121594e-01	1215
2.727271202083336e-01	-1.543344490262767e-01	1216
2.874245716908005e-01	-1.555264863977868e-01	1217
9.999069659898357e-01	-2.590502408484392e-03	1218
9.997602803753851e-01	2.552732303916104e-03	1219
-1.511686174781870e-02	-5.353468366445209e-02	1220
-1.766975846076525e-02	3.386275895263388e-03	1221
1.000839469987296e+00	-5.319777884590633e-04	1222
9.910177630332317e-01	-3.639001539193989e-02	1223
9.976544303764637e-01	2.087398006519377e-02	1224
-2.100856701187059e-02	2.022192274698864e-02	1225
9.711089247466465e-01	4.576645695634407e-02	1226
1.001298357732176e+00	-8.334077331450387e-03	1227
9.975242703630210e-01	-2.640149199235736e-02	1228
-2.387159977605445e-02	-1.603000070114784e-02	1229
9.569565044230559e-03	-8.945978834303417e-02	1230
-1.157581630553038e-02	-6.085518210565162e-02	1231
3.300971084116690e-01	1.695565780132792e-01	1232
1.000806001395551e+00	5.818654316206596e-04	1233
-1.033817474465852e-02	4.479569856333036e-02	1234
-1.912125430584193e-02	2.648893149544118e-02	1235
-7.294388067077866e-03	-6.818807397036113e-02	1236
9.868307252285277e-01	-4.152685002067857e-02	1237
5.358878201609160e-01	-1.835111069563313e-01	1238
9.947706519783975e-01	2.501074260407902e-02	1239
3.162529776490334e-01	-1.804701544370009e-01	1240
9.577843639133807e-01	-6.719024526735724e-02	1241
9.464353726978727e-01	-7.496224522184926e-02	1242
6.345104154093955e-01	-1.744164046510933e-01	1243
9.052649800876005e-02	-1.404037941294117e-01	1244
1.711994423185835e-01	-1.626219983638120e-01	1245
-2.230751462210413e-02	-3.171146093647179e-02	1246
4.283365451239528e-01	-1.851461193038356e-01	1247
6.884925507929979e-02	-1.306049701032255e-01	1248
7.934764842821275e-02	-1.356011841518873e-01	1249
1.222443907814161e-01	1.280872844649626e-01	1250
9.870000951997421e-01	3.346444211138423e-02	1251
9.312455716202171e-01	6.753159581504699e-02	1252
-2.226949461745062e-02	1.281265259907483e-02	1253
-6.379336417121574e-03	5.085805428591528e-02	1254
9.821036807275634e-01	-4.662730947629198e-02	1255
1.000399179621600e+00	1.236526322985828e-03	1256
9.912355117028168e-01	2.928719959567827e-02	1257
-1.201736572031386e-02	-8.856118368295264e-04	1258
-2.354340127064513e-02	-2.444009518587658e-02	1259
9.998074789080130e-01	-2.171717584867512e-02	1260
7.538333877716880e-01	-1.513436213728701e-01	1261
5.071164113225929e-01	1.741566183966675e-01	1262
4.777054127799655e-01	1.744250688670509e-01	1263
9.999248333608994e-01	1.677715875979970e-02	1264
1.001114426032521e+00	3.460527844430520e-05	1265
1.000637548116346e+00	8.220702261457213e-03	1266
-1.802874590997874e-02	-5.590269682452601e-03	1267
1.000469562883700e+00	-1.214757935442732e-03	1268
1.594210405659324e-02	-9.580852505661053e-02	1269
-2.046209822066972e-02	-3.899594952346391e-02	1270
-1.806350166335070e-02	-4.621321774072697e-02	1271
5.652978785486658e-01	1.697032161774877e-01	1272
3.261379709792372e-03	-8.285841234667053e-02	1273
9.648145486475509e-01	4.977526014911442e-02	1274
9.580628001532059e-01	5.373499460166587e-02	1275
5.362255291453708e-01	1.721182788284885e-01	1276
2.988744953057751e-01	1.660751445309456e-01	1277
2.687329717211881e-01	1.616094327353617e-01	1278
7.280979708464547e-01	-1.574980783785294e-01	1279
-1.376347366849543e-02	3.869966546888550e-02	1280
-1.668779356710644e-02	3.265561966778569e-02	1281
-2.624306368344537e-03	-7.519909565961683e-02	1282
8.790595854907182e-01	-1.092071202071730e-01	1283
9.005826641967651e-01	-9.982280374295291e-02	1284
5.885168439621218e-02	-1.253805900092827e-01	1285
9.203763329436463e-01	-9.003607096985898e-02	1286
9.340106817231043e-01	-8.259551489575639e-02	1287
9.768079667861671e-01	-5.177653080912348e-02	1288
1.001534865763414e+00	-1.721120873096855e-02	1289
4.612114355478693e-01	-1.851898672375663e-01	1290
9.646082244109414e-01	-6.208240144292537e-02	1291
9.709677000398004e-01	-5.693363008753533e-02	1292
1.448942881211457e-01	-1.567607889887196e-01	1293
9.946252336263336e-01	-3.137116644567495e-02	1294
7.751760161413713e-01	-1.456330021178327e-01	1295
7.990996045153809e-01	-1.385988115164039e-01	1296
1.084816836551502e-01	-1.463150946836308e-01	1297
1.259988247989275e-01	-1.515843245845690e-01	1298
5.689562508631008e-01	-1.814852795623870e-01	1299
2.342448441224745e-02	-1.025899309755799e-01	1300
3.209436186130830e-02	-1.092131448119495e-01	1301
4.074356886689427e-02	-1.146037095591816e-01	1302
4.936612951578976e-02	-1.199468797508667e-01	1303
3.474823788131625e-01	-1.825649269625461e-01	1304
3.793858516188257e-01	-1.840897409351458e-01	1305
4.037455046621640e-01	-1.849096783511083e-01	1306
1.984781115680984e-01	-1.675100791197401e-01	1307
2.267063584203207e-01	-1.718339626539518e-01	1308
9.822024871752985e-01	3.764697674795296e-02	1309
9.769157591882811e-01	4.171716848993145e-02	1310
4.442361913618281e-01	1.749646299406279e-01	1311
4.110314711138094e-01	1.745482536909846e-01	1312
3.790720721907602e-02	9.081275523728580e-02	1313
2.395740929184010e-01	1.573612257498629e-01	1314
1.056673796299035e-01	1.229247531553869e-01	1315
8.188842235616050e-01	1.128204077432574e-01	1316
9.138747099464462e-01	7.545423243597763e-02	1317
8.948562153369896e-01	8.364697716082024e-02	1318
8.741787566281900e-01	9.196773113617371e-02	1319
8.548573068177004e-01	1.001676096296569e-01	1320
8.373175377669513e-01	1.065123933100872e-01	1321
7.964394057485247e-01	1.201419724916401e-01	1322
7.697423151708361e-01	1.284671877921729e-01	1323
7.416867373257093e-01	1.364756458171340e-01	1324
7.124348753315105e-01	1.440352953260816e-01	1325
6.820700592960468e-01	1.510234793055058e-01	1326
6.507640582912387e-01	1.572993188184308e-01	1327
6.186968047853387e-01	1.627720627428400e-01	1328
5.902147281340586e-01	1.668753138613766e-01	1329
2.111022733399402e-01	1.516784166736652e-01	1330
1.842332730206419e-01	1.456754519959832e-01	1331
1.646858551278562e-01	1.407991902807480e-01	1332
1.519354425772316e-01	1.373336207149734e-01	1333
1.396004003550849e-01	1.336598725877217e-01	1334
2.948755857466727e-02	8.532039452310380e-02	1335
2.206950729064164e-02	7.965800774503742e-02	1336
8.222773579152840e-01	-1.312770026851352e-01	1337
8.440821432916585e-01	-1.227626810205736e-01	1338
8.620421185317253e-01	-1.161348227457147e-01	1339
4.861578910631060e-01	-1.846242925270227e-01	1340
5.070409120574177e-01	-1.849180780018765e-01	1341
1.564231060428925e-02	7.437152193035897e-02	1342
9.262031296341774e-03	6.897537982733605e-02	1343
3.203420264057242e-03	6.268654255768742e-02	1344
-1.746157042392426e-03	5.689047247621366e-02	1345
9.411972218828664e-02	1.187331218012859e-01	1346
8.337565450408886e-02	1.142693189220824e-01	1347
7.326624523245193e-02	1.096625339716185e-01	1348
6.363837927904484e-02	1.048975111108296e-01	1349
5.452621550098774e-02	9.999569566614436e-02	1350
4.621490736145360e-02	9.536704917093528e-02	1351
3.782717133490360e-01	1.730679617936295e-01	1352
3.540400309253800e-01	1.716793345996330e-01	1353
9.509286144823994e-01	5.768783058201408e-02	1354
9.433356644571482e-01	6.160785174613620e-02	1355
6.020438820624439e-01	-1.784163539101243e-01	1356
6.664324532172412e-01	-1.695907607911867e-01	1357
6.976982716023921e-01	-1.639331014046114e-01	1358
2.561535634156235e-01	-1.749696652376348e-01	1359
2.856385849802764e-01	-1.779221516325232e-01	1360
1.000987458789160e+00	1.420163224150084e-02	1361
1.000552101302517e+00	-2.496014320564480e-03	1362
1.000348120194558e+00	-3.397858926994500e-03	1363
1.000583302970396e+00	6.734103245642459e-03	1364
3.259595116807634e-02	-1.261450417654358e-01	1365
1.001047892134041e+00	2.004386079015991e-02	1366
1.001104458050185e+00	3.882963526503932e-04	1367
1.001886617813347e+00	-9.967073301844251e-03	1368
-2.357692340805527e-02	-5.258345019692487e-02	1369
-1.293955724650595e-02	-7.660216259162124e-02	1370
1.001097107884360e+00	-6.812799945100295e-03	1371
1.002302087926027e+00	-1.444212014723602e-02	1372
-1.861368793220297e-02	4.506757450113604e-02	1373
-2.747672264670580e-02	1.714373984807022e-02	1374
-2.961380332633882e-02	-2.064912048288808e-02	1375
9.850484510958831e-01	4.655746354476045e-02	1376
7.709410817048915e-01	-1.718210873180367e-01	1377
3.406947625660175e-01	1.967921458639775e-01	1378
1.001050799491392e+00	9.852609896287239e-03	1379
9.346239676067335e-01	-9.999844213221667e-02	1380
-1.829172140029352e-03	-9.340090480384623e-02	1381
3.906494917078808e-02	1.075868427678278e-01	1382
-1.520801244088143e-02	5.190015947046806e-02	1383
-2.070645137839964e-02	-6.055346732439620e-02	1384
4.164077636332375e-01	-2.129086269069441e-01	1385
9.682411793134940e-01	-7.433065131762995e-02	1386
6.551788327247601e-01	-1.984053367700099e-01	1387
5.551789691378726e-01	-2.102145960747605e-01	1388
9.946084739590151e-01	-4.389855322347660e-02	1389
9.980067403128344e-01	-3.787362059976968e-02	1390
4.276449827922584e-03	-1.003593229635049e-01	1391
1.093621285410071e-02	-1.078003466160155e-01	1392
1.000797118361342e+00	1.029083453210793e-03	1393
9.973956595834645e-01	3.064705334779418e-02	1394
1.000189877663824e+00	2.560951832229066e-02	1395
9.738226461925376e-01	5.678919097224164e-02	1396
2.812741056145753e-01	1.888929671139270e-01	1397
5.806519251923001e-01	1.952865427261940e-01	1398
7.186136758012953e-01	-1.856657252388478e-01	1399
5.567751122720326e-02	-1.415579351068539e-01	1400
1.000132948464932e+00	3.366767221586633e-03	1401
1.000397099287815e+00	2.500117356903508e-03	1402
-1.666715449679565e-02	-4.807793415239368e-04	1403
9.905638362103558e-01	-5.006944571102118e-02	1404
9.797157498888311e-01	5.168133248114595e-02	1405
1.001126698278236e+00	-3.194467281174539e-04	1406
1.000758349934887e+00	-3.181824886703899e-02	1407
-2.611209639709147e-02	2.484009550855890e-02	1408
-1.714869652257832e-02	-6.873592369894647e-02	1409
5.238130256952203e-01	-2.121283320996997e-01	1410
-2.916906525975311e-02	-2.926528467541442e-02	1411
6.606972013563833e-02	-1.477250453447549e-01	1412
7.707646663375733e-02	-1.536508970112824e-01	1413
9.938953604092129e-01	3.602057976007490e-02	1414
-2.330348406197284e-02	6.084238381327089e-03	1415
9.858688307804401e-01	-5.614919721183729e-02	1416
1.002867272816197e+00	-2.627006248452415e-02	1417
7.470418977175807e-01	-1.785546478192572e-01	1418
-2.409795627624954e-02	-8.632467476508428e-03	1419
1.000858361542315e+00	-9.815419723024305e-04	1420
4.588074605016824e-02	-1.351816035646408e-01	1421
-2.791582319508154e-02	-3.706963263574815e-02	1422
-2.605349673719223e-02	-4.485171897457736e-02	1423
5.237789127227326e-01	2.003166516615121e-01	1424
-7.971636064234613e-03	-8.481023139477109e-02	1425
9.673883088301692e-01	6.183785236765831e-02	1426
5.530426424287420e-01	1.980037002190128e-01	1427
3.128038451445745e-01	1.935760828749683e-01	1428
6.078935008828935e-01	1.915438869979229e-01	1429
-2.165644840911358e-02	3.843218223668907e-02	1430
-2.415606010359834e-02	3.169364781300375e-02	1431
8.972298398323262e-01	-1.212964696621918e-01	1432
9.180115532231468e-01	-1.100429239595525e-01	1433
9.477085262013020e-01	-9.104803515432369e-02	1434
9.593939849960634e-01	-8.200008998004767e-02	1435
1.003051934018347e+00	-2.043625752681735e-02	1436
4.456834053004722e-01	-2.131803519757478e-01	1437
9.747090815079162e-01	-6.837336766385071e-02	1438
9.805761303929034e-01	-6.227250725849837e-02	1439
3.912131657829834e-01	-2.122053069026319e-01	1440
8.411700143733911e-01	-1.469826921944794e-01	1441
8.602147181247597e-01	-1.386672087034544e-01	1442
7.938940840972756e-01	-1.645648617035905e-01	1443
9.231455913735366e-02	-1.603915414258525e-01	1444
1.103639423235610e-01	-1.669345198208011e-01	1445
1.286874030875510e-01	-1.734014583445179e-01	1446
1.907739385317773e-02	-1.158518419077299e-01	1447
3.302091776152387e-01	-2.084452525272281e-01	1448
3.625746842638412e-01	-2.107685515630547e-01	1449
1.517226024549816e-01	-1.803786775259349e-01	1450
1.793500362627370e-01	-1.872578905121281e-01	1451
6.872935700717269e-01	-1.924894031877202e-01	1452
9.897850524073250e-01	4.127141410093378e-02	1453
4.929778626850808e-01	2.014678746879029e-01	1454
4.621013051994238e-01	2.017500322056219e-01	1455
1.082295280745818e-01	1.436769245698559e-01	1456
9.287525812542985e-01	8.633568066262408e-02	1457
9.105737332262256e-01	9.600614783958449e-02	1458
8.341269977209620e-01	1.307154009128074e-01	1459
8.906545498086711e-01	1.057771454404390e-01	1460
8.712774873371698e-01	1.150090299120381e-01	1461
8.522658670297628e-01	1.235246669700253e-01	1462
8.134283612557970e-01	1.384301379278343e-01	1463
7.886640310640342e-01	1.471562362568317e-01	1464
7.610054288748501e-01	1.562292672188502e-01	1465
7.320403599367790e-01	1.648021334378296e-01	1466
7.018760702003125e-01	1.727661004384231e-01	1467
6.706386529389708e-01	1.799979317956188e-01	1468
6.385353406689557e-01	1.863736528555296e-01	1469
2.516451073354593e-01	1.839984158388683e-01	1470
2.216243756038609e-01	1.781300146054366e-01	1471
1.934134052242134e-01	1.712155310696623e-01	1472
1.695283827966447e-01	1.646568894546157e-01	1473
1.468792393385838e-01	1.562504387438639e-01	1474
1.251313071313503e-01	1.498101754897238e-01	1475
2.616632754659594e-02	9.890720210353227e-02	1476
1.805362910134513e-02	9.201739026003715e-02	1477
8.176191994776875e-01	-1.564054259556336e-01	1478
8.780122426445444e-01	-1.307382866955952e-01	1479
4.751666287987954e-01	-2.129388599117711e-01	1480
4.969699078092074e-01	-2.127757160331578e-01	1481
1.130471907774859e-02	8.564089029109499e-02	1482
5.073138130164813e-03	7.975998844285968e-02	1483
-1.273870847753471e-03	7.252028221131367e-02	1484
-6.562947487176421e-03	6.555443631876096e-02	1485
-1.116968597528879e-02	5.887552691798437e-02	1486
9.354743644015365e-02	1.380059010942609e-01	1487
8.191114616247924e-02	1.326439728581925e-01	1488
7.122908561268354e-02	1.271314744161002e-01	1489
6.118380135519583e-02	1.214663126843371e-01	1490
5.165990922371416e-02	1.156088672883980e-01	1491
4.281916888917623e-01	2.016994291295856e-01	1492
3.944816962374608e-01	2.005198365339837e-01	1493
3.655606336574899e-01	1.988530390137080e-01	1494
9.567946601376889e-01	6.893413140065882e-02	1495
9.435856369629748e-01	7.777180400660891e-02	1496
5.890287564062935e-01	-2.074052053589518e-01	1497
6.224586166817430e-01	-2.033919993029079e-01	1498
2.077665717109121e-01	-1.931759800034690e-01	1499
2.378380667223127e-01	-1.981069621558528e-01	1500
2.677992215029421e-01	-2.018847156816671e-01	1501
2.985629356998555e-01	-2.054572470183083e-01	1502
1.000793525415294e+00	3.094659187469912e-03	1503
1.000440342081307e+00	-5.203221378690378e-03	1504
9.997206416104454e-01	-5.818454906634579e-03	1505
1.000073248872168e+00	1.157075586738165e-02	1506
-3.191857056841638e-02	2.985762819967173e-02	1507
1.000082028627725e+00	5.126138444717373e-03	1508
-2.749109052740654e-02	4.474691300043730e-02	1509
9.797432901059794e-01	-8.061677445200199e-02	1510
1.001207487708417e+00	-7.291519676028071e-04	1511
1.004060688449965e+00	-1.644845688630202e-02	1512
1.005719044009906e+00	-1.719916134369348e-02	1513
9.954758375443887e-01	-5.897970167993780e-02	1514
1.000775061884887e+00	1.473818377603909e-03	1515
9.891019134830171e-01	5.597662244627069e-02	1516
2.630321119709546e-01	2.138775568551345e-01	1517
1.002745269509374e+00	-8.738085439074268e-03	1518
1.002250750863091e+00	-7.439408267886306e-03	1519
-1.969698123037410e-02	-8.581582982544822e-02	1520
1.001158666894281e+00	8.006755637638734e-04	1521
-2.115028368905962e-02	5.959851649116520e-02	1522
1.319680398449301e-01	-1.985132402734973e-01	1523
2.917047726075615e-02	-1.431886154263264e-01	1524
9.503301686414226e-01	-1.091107065213200e-01	1525
7.905995956661377e-01	-1.934313333441780e-01	1526
1.001083046140928e+00	-1.183064624317146e-02	1527
1.001649817734920e+00	7.439159137218502e-03	1528
1.002009550221614e+00	8.742320368007929e-03	1529
1.000864915303336e+00	-1.431192943460650e-03	1530
-3.008994183900340e-02	-5.926811398553851e-02	1531
5.697111532687875e-01	2.269426445957731e-01	1532
6.772790427239114e-01	-2.245041671877878e-01	1533
4.315459929727333e-01	-2.442043235766440e-01	1534
5.980675889722820e-01	2.234269468231217e-01	1535
9.441660890483413e-01	9.671336575884164e-02	1536
9.086093397113626e-01	1.192879821655706e-01	1537
3.244933447413709e-01	2.240441268624639e-01	1538
2.369757180244911e-02	1.154545316159909e-01	1539
5.120390400023118e-01	-2.437096585913462e-01	1540
-2.448329102999419e-02	5.189163934277704e-02	1541
1.001989390241326e+00	2.986113843482367e-02	1542
5.424178251558727e-01	-2.422456920762611e-01	1543
9.993315381348730e-01	5.667926275272165e-03	1544
1.002495216030276e+00	1.631740811581364e-02	1545
1.004038191418420e+00	1.721556556327172e-02	1546
1.000999120549582e+00	-3.073046925622022e-03	1547
-3.331613781926195e-02	2.178414978823925e-02	1548
3.516209829298698e-01	2.271608501299847e-01	1549
1.001481793884357e+00	2.224401605114304e-04	1550
1.001493386727781e+00	-1.291487376971138e-04	1551
-1.447141416750887e-02	-9.531792171964912e-02	1552
-2.388797693699090e-02	-7.706961134865699e-02	1553
4.035024895580184e-01	-2.435399598707574e-01	1554
9.993652267322114e-01	-5.165894116457453e-02	1555
1.002306487146168e+00	-4.445836068432663e-02	1556
-8.399998517843737e-03	-1.047125131135905e-01	1557
-2.438439300105726e-03	-1.122519312267090e-01	1558
1.000797882882934e+00	2.107376432321212e-03	1559
9.937599902831199e-01	4.947588240916249e-02	1560
9.838883923613458e-01	6.232599410006080e-02	1561
2.940570831815209e-01	2.194302420696490e-01	1562
7.096455671264407e-01	-2.172631737040127e-01	1563
4.596144412367229e-02	-1.554960639142359e-01	1564
1.005018487067096e+00	-3.758378799642253e-02	1565
-2.735328278423391e-02	-6.804539822104295e-02	1566
-3.598822101697331e-02	-2.543349138486903e-02	1567
6.211967153898170e-02	-1.660366340172862e-01	1568
7.546602600794287e-02	-1.745225417408064e-01	1569
1.001029269763374e+00	3.674402537870011e-02	1570
-2.860273067432996e-02	1.023506596178565e-02	1571
-2.171903568030794e-02	-3.353002589395965e-03	1572
1.005169837357052e+00	-3.039527595051909e-02	1573
7.400544471889182e-01	-2.093452519272249e-01	1574
7.666752003157320e-01	-2.014566579988824e-01	1575
-2.377035065660052e-02	-1.114864276922726e-03	1576
-2.991615540965746e-02	-1.310426247297282e-02	1577
1.000931455174247e+00	-2.070320666731684e-03	1578
-3.550268714762814e-02	-3.436314655084820e-02	1579
-3.439748719122387e-02	-4.275198942565955e-02	1580
-3.250055516738766e-02	-5.113211284739796e-02	1581
5.408840477034507e-01	2.294593119113718e-01	1582
9.780141096831778e-01	6.864755793995535e-02	1583
-3.006515846285032e-02	3.735390512005035e-02	1584
9.168856814136618e-01	-1.327733023658601e-01	1585
9.355173152205349e-01	-1.203170912052957e-01	1586
9.625921486690383e-01	-9.845598850607870e-02	1587
9.726242240386733e-01	-8.857128806281100e-02	1588
9.857868502964158e-01	-7.343281850991526e-02	1589
9.909809551946344e-01	-6.619269758631789e-02	1590
8.601164802065038e-01	-1.641087632502656e-01	1591
8.386293861711696e-01	-1.743364280421560e-01	1592
9.278602322775450e-02	-1.828209825182205e-01	1593
1.109212460951228e-01	-1.902306165617988e-01	1594
4.801306578216447e-03	-1.211346479731763e-01	1595
1.594844670760726e-02	-1.322122485581052e-01	1596
3.444638171886560e-01	-2.397919239816245e-01	1597
3.757890392165648e-01	-2.421575630718687e-01	1598
1.579747225072139e-01	-2.071895120536508e-01	1599
9.975042830394752e-01	4.298117965002404e-02	1600
5.097740791564028e-01	2.312765781530603e-01	1601
4.783151821444294e-01	2.319221903784519e-01	1602
9.277052068244384e-01	1.077045696533108e-01	1603
8.892191092888716e-01	1.302314352082569e-01	1604
8.700166461088062e-01	1.404516064172398e-01	1605
8.509429872184543e-01	1.496419275679056e-01	1606
8.312396909726217e-01	1.581848428918941e-01	1607
8.082070129470272e-01	1.674902873137702e-01	1608
7.816855639973459e-01	1.774620738966349e-01	1609
7.529437737626142e-01	1.873000841611896e-01	1610
7.229149874419882e-01	1.964644260713250e-01	1611
6.917012931059867e-01	2.048346051236031e-01	1612
6.594778877859493e-01	2.122954098420180e-01	1613
6.276085643185270e-01	2.185815155497436e-01	1614
2.324408726646546e-01	2.077782237442806e-01	1615
1.505283387890544e-01	1.829019523128654e-01	1616
1.296359551554528e-01	1.746727155926386e-01	1617
2.021698293883886e-01	2.001117565871733e-01	1618
1.754740694903568e-01	1.921377038545231e-01	1619
1.093571737990887e-01	1.668866391875244e-01	1620
1.285862307700221e-02	1.057542211008073e-01	1621
8.142326393106686e-01	-1.846253684758924e-01	1622
8.781907044353012e-01	-1.549404749139677e-01	1623
8.968888240062484e-01	-1.448118475565686e-01	1624
4.615473110202137e-01	-2.443029924716097e-01	1625
4.870323588750028e-01	-2.441230751487896e-01	1626
5.538408426036873e-03	9.798962760318836e-02	1627
-5.743684904350199e-04	9.140583572292926e-02	1628
-6.900575850984383e-03	8.331642723401479e-02	1629
-1.250019010845821e-02	7.509393458904426e-02	1630
-1.714185631953342e-02	6.748204737617537e-02	1631
9.330842144286390e-02	1.601239441859919e-01	1632
7.950493316348757e-02	1.528673729592170e-01	1633
6.809982839085797e-02	1.459878224556302e-01	1634
5.749920450025111e-02	1.394199082151057e-01	1635
4.737749805839793e-02	1.328730130952482e-01	1636
3.638066981126824e-02	1.250081698407222e-01	1637
4.458857294944865e-01	2.319183312731146e-01	1638
4.112631769258932e-01	2.311035784324220e-01	1639
3.792868346678621e-01	2.293873034683342e-01	1640
9.695641950295506e-01	7.642848788270416e-02	1641
9.583069357749867e-01	8.595659675384751e-02	1642
5.757179046246632e-01	-2.397233882147485e-01	1643
6.103517778886732e-01	-2.358201217267574e-01	1644
6.441872158327651e-01	-2.306925112807211e-01	1645
1.868598408779399e-01	-2.152701820841179e-01	1646
2.172338457082622e-01	-2.222107658962959e-01	1647
2.484456422991106e-01	-2.277584895818862e-01	1648
2.793982553877906e-01	-2.322721783420971e-01	1649
3.114956752093865e-01	-2.364383088111815e-01	1650
-3.992145918180585e-02	2.672041974348571e-02	1651
1.000558787475071e+00	-4.374710089720475e-03	1652
1.005387962531439e+00	3.386718044487150e-02	1653
-3.999807783214993e-02	-5.769400977635188e-02	1654
1.003259075806774e+00	1.419261626829573e-02	1655
9.986936139318351e-01	5.788605101617113e-02	1656
3.637310102412523e-01	2.611896833592044e-01	1657
8.608475931363737e-01	-1.930132109340218e-01	1658
-2.773498856415882e-02	-9.586668433453609e-02	1659
1.001232045902965e+00	1.775802801825622e-03	1660
9.612377104625118e-01	1.050327282653747e-01	1661
1.000263554437856e+00	4.332454859756735e-03	1662
-2.873385860193350e-02	3.283264303203466e-03	1663
1.003412056783012e+00	-1.012619010879614e-02	1664
1.001059215314650e+00	-4.000272731543595e-03	1665
8.373709237974752e-01	-2.050025243476277e-01	1666
-3.449009982935326e-02	1.436721990252239e-02	1667
1.001127440188666e+00	-2.626007090105007e-03	1668
1.001650941341502e+00	6.281396648211830e-03	1669
-3.778023879558334e-02	-6.625838415359153e-02	1670
8.127101982176828e-01	-2.161100747080629e-01	1671
4.471914512299976e-01	-2.790160533317025e-01	1672
9.923085239832647e-01	-8.529907098998372e-02	1673
1.350575902366527e-01	-2.271727949244844e-01	1674
4.173202625831264e-01	-2.784885969145116e-01	1675
9.944964646805892e-01	6.567873096179648e-02	1676
9.460188771612210e-01	1.182888044757269e-01	1677
5.581792957238048e-01	2.620457104613383e-01	1678
2.427608176361440e-01	2.408997062753644e-01	1679
9.540850425032761e-01	-1.296716023995099e-01	1680
-2.836187596775498e-02	6.783234616725604e-02	1681
2.109655737678374e-01	2.326800568782538e-01	1682
5.878030542210189e-01	2.589123434045462e-01	1683
1.000781424982076e+00	4.004225039839348e-03	1684
1.002525033972161e+00	1.014995249600187e-02	1685
1.002142538903525e+00	-6.255747358816885e-03	1686
1.004593387714118e+00	-1.419096610160466e-02	1687
1.005700221584080e+00	-2.346306783539303e-02	1688
1.000951428526380e+00	2.665872892162884e-03	1689
1.002027558972112e+00	1.195101796432269e-02	1690
1.001185763707219e+00	1.259533156153823e-03	1691
1.003572734178261e+00	-7.681885727031259e-03	1692
1.001347400907115e+00	-1.705714543650758e-03	1693
-3.190557884633873e-02	-8.590084280208020e-02	1694
1.001481568435824e+00	6.015240635909954e-04	1695
1.001518307370284e+00	-5.083225670778370e-04	1696
1.001902970578398e+00	6.068782692708762e-05	1697
1.001265094262930e+00	-1.188471704009299e-03	1698
9.283239500165472e-01	1.317971541475340e-01	1699
3.353093010144332e-01	2.579648198010962e-01	1700
-3.154985314722956e-02	5.915711777302822e-02	1701
-3.439090203849203e-02	5.147607348289383e-02	1702
5.298490456740196e-01	-2.778194941538700e-01	1703
1.004279237913022e+00	2.643345017419169e-02	1704
1.003323963469709e+00	2.324485753100981e-02	1705
1.003100097665415e+00	-1.201978050305201e-02	1706
1.002918048346056e+00	7.791138839095717e-03	1707
-3.525333495061080e-02	-7.594291554294330e-02	1708
1.005034779075684e+00	-5.953744919356277e-02	1709
1.007630200505398e+00	-5.097386586019312e-02	1710
-2.252488935638625e-02	-1.064549261660486e-01	1711
-1.343937680435137e-02	-1.208837813473330e-01	1712
1.086766050962132e-02	-1.500237129019435e-01	1713
3.055894804415260e-01	2.533935691009511e-01	1714
2.741569789626561e-01	2.474527042169094e-01	1715
7.012345258988991e-01	-2.527162526967359e-01	1716
1.008241525396114e+00	-4.290034802551642e-02	1717
2.576456580539355e-02	-1.631033384528701e-01	1718
4.213205972575146e-02	-1.764410460810656e-01	1719
5.640951762353260e-02	-1.874427005359565e-01	1720
-3.630633169773639e-02	-1.738421430669300e-02	1721
1.008998893524907e+00	-3.408516676102225e-02	1722
1.007032462716218e+00	-2.660793761458575e-02	1723
7.333663345619967e-01	-2.440437137315766e-01	1724
7.625031766500542e-01	-2.349833544989807e-01	1725
7.884191208723376e-01	-2.258141660108283e-01	1726
-2.986589682878363e-02	-6.720848005789728e-03	1727
-4.312604143097256e-02	-3.039008355208178e-02	1728
-4.277501382234113e-02	-3.960469751777443e-02	1729
-4.170056646601528e-02	-4.878960731646219e-02	1730
9.895585618378512e-01	7.345586903119131e-02	1731
-3.679752835550491e-02	4.346772914018771e-02	1732
-3.867176665172599e-02	3.515385735168117e-02	1733
9.375056459327372e-01	-1.435864788116182e-01	1734
9.674696672889020e-01	-1.167001695643171e-01	1735
9.782475412832841e-01	-1.045597874729010e-01	1736
9.864224149855140e-01	-9.396927485143750e-02	1737
9.975312261667783e-01	-7.658868283629838e-02	1738
1.001676904145727e+00	-6.804591610084661e-02	1739
7.312310420213140e-02	-1.982377536316236e-01	1740
9.156243773645802e-02	-2.078426509599114e-01	1741
1.109705854553499e-01	-2.167609973388412e-01	1742
-1.174975405887707e-03	-1.368974236660404e-01	1743
3.578250123409218e-01	-2.747817389820457e-01	1744
3.883656639554569e-01	-2.771512832148578e-01	1745
1.003619882515739e+00	4.229817106843449e-02	1746
1.002156354237069e+00	4.994483991620256e-02	1747
5.274530246093746e-01	2.642948818178699e-01	1748
4.950897793311689e-01	2.655342830483660e-01	1749
9.092134857925066e-01	1.450099786797061e-01	1750
8.900391683135210e-01	1.572584545391748e-01	1751
8.705923810362588e-01	1.686252411341901e-01	1752
8.506897100059856e-01	1.790104854366394e-01	1753
8.289324844981361e-01	1.892811861671072e-01	1754
8.037621370310210e-01	2.002222124680663e-01	1755
7.756387995954535e-01	2.113986784909323e-01	1756
7.456538204500158e-01	2.220565478234241e-01	1757
7.143679982748717e-01	2.318403845843799e-01	1758
6.819383530792351e-01	2.406275177199615e-01	1759
6.492069849188015e-01	2.481963863075239e-01	1760
6.177930756434692e-01	2.543035243242866e-01	1761
1.310123861331421e-01	2.025912755713787e-01	1762
1.814258971961688e-01	2.233437738110721e-01	1763
1.542088601460736e-01	2.128813166770870e-01	1764
1.108501147054223e-01	1.933246842693606e-01	1765
7.503411156534853e-03	1.219502446262809e-01	1766
8.805720876542501e-01	-1.818969663566868e-01	1767
8.988789450870640e-01	-1.707946810343661e-01	1768
9.183204499045922e-01	-1.578551524858748e-01	1769
4.752708649262782e-01	-2.790833948423130e-01	1770
5.008663299507187e-01	-2.788343063798469e-01	1771
-1.649843061837181e-03	1.115980489288557e-01	1772
-7.630044370363673e-03	1.035951150556243e-01	1773
-1.400930258710878e-02	9.489428137151018e-02	1774
-1.970734764706970e-02	8.555625737847139e-02	1775
-2.440768320650339e-02	7.670751695523056e-02	1776
9.208389723899793e-02	1.850607622763847e-01	1777
7.590713098845638e-02	1.761183278670802e-01	1778
5.800424727542153e-02	1.626476930159700e-01	1779
4.235149831450519e-02	1.513602073647032e-01	1780
3.104921244256990e-02	1.435148055709322e-01	1781
1.931412885216801e-02	1.336183440115588e-01	1782
4.627014714358688e-01	2.657410492743805e-01	1783
4.286345829584379e-01	2.651480623300809e-01	1784
3.944339640072827e-01	2.635692654514595e-01	1785
9.827371677290365e-01	8.227826205943964e-02	1786
9.735245230788007e-01	9.275000611114526e-02	1787
5.627093124099358e-01	-2.756240419272450e-01	1788
5.979060614142593e-01	-2.720600645578085e-01	1789
6.332688090862291e-01	-2.668703818475572e-01	1790
6.676474939380879e-01	-2.603964300504379e-01	1791
1.633343209854722e-01	-2.375834954091477e-01	1792
1.941354260555894e-01	-2.470158730516221e-01	1793
2.263607804490002e-01	-2.549519900452432e-01	1794
2.586290684632175e-01	-2.610739361095294e-01	1795
2.908998094712345e-01	-2.664714605387363e-01	1796
3.245875980866818e-01	-2.711923567757579e-01	1797
1.004203237378278e+00	-8.930140575335199e-03	1798
1.010430153127862e+00	-3.072124071948046e-02	1799
1.005194721135976e+00	6.643279848054791e-02	1800
-4.106805852664360e-02	1.864667065893057e-02	1801
-3.519285011892029e-02	6.590615597855715e-03	1802
1.012225732100182e+00	-6.741651451846374e-02	1803
6.933739143152411e-01	-2.924926452382730e-01	1804
8.628515420362827e-01	-2.256140054493578e-01	1805
3.462942722228690e-01	2.958882738803499e-01	1806
1.005798302383418e+00	3.908963764760240e-02	1807
1.003221826510253e+00	-6.758305203454496e-03	1808
1.000683653768970e+00	5.493863629471968e-03	1809
1.001086107911074e+00	-5.530867698970808e-03	1810
1.001626703380169e+00	-9.312625570463017e-04	1811
-8.753012790204278e-03	-1.544800099859308e-01	1812
1.003415548701317e+00	9.061921487785186e-03	1813
1.001926285665264e+00	-2.907146433953972e-04	1814
9.496716132364870e-01	1.425355020780192e-01	1815
1.004097643873651e+00	1.228160052358928e-02	1816
1.006667610979633e+00	2.399864330941138e-02	1817
1.004270375307355e+00	2.019983975022385e-02	1818
1.001560789650206e+00	1.028650692870902e-03	1819
9.593308093959412e-01	-1.529626301187031e-01	1820
8.847259947289704e-01	-2.121675970661245e-01	1821
-4.336495283677148e-02	-2.167616710405419e-02	1822
-4.131617314966485e-02	-9.525795216868070e-02	1823
6.562441458287133e-04	1.400152906871171e-01	1824
1.872992675839540e-01	2.586349282654346e-01	1825
1.006294087587328e+00	-2.023068032736516e-02	1826
9.790605803973941e-01	1.109687840086950e-01	1827
8.381131170588707e-01	-2.391639340690464e-01	1828
1.104221481435673e-01	-2.469583668309770e-01	1829
1.010020011770350e+00	-3.938385984175680e-02	1830
-3.730525902255285e-02	-1.065979330297652e-01	1831
4.754688456400792e-01	-3.172149049265165e-01	1832
1.006490492237047e+00	5.657477817267728e-02	1833
5.767697131800077e-01	2.983200815393280e-01	1834
1.005304573812774e+00	-8.733545323560947e-02	1835
5.498078224617446e-01	-3.155185041768278e-01	1836
-3.698895690894215e-02	7.660245683386421e-02	1837
1.312980021320551e-01	2.341812916571212e-01	1838
1.373131678377063e-01	-2.596903312638089e-01	1839
4.322464244884050e-01	-3.173976746139130e-01	1840
3.771003454762251e-01	2.993029007386414e-01	1841
-4.872484075941128e-02	-6.439593737073361e-02	1842
-4.682641070203981e-02	-7.351464462726207e-02	1843
1.001336847234620e+00	2.292150711474600e-03	1844
-3.372026888545653e-02	-1.451428388854387e-03	1845
9.658696160024393e-01	1.264155418097122e-01	1846
2.194105917671124e-01	2.691918097421235e-01	1847
1.001490437491744e+00	-2.220089870960687e-03	1848
1.005229303594399e+00	-1.215024541775026e-02	1849
-4.454553468401190e-02	-8.425368570905306e-02	1850
1.001661058000558e+00	1.478326830405128e-03	1851
1.002659632235081e+00	6.861011043210029e-03	1852
1.001902013681865e+00	4.125371478966972e-04	1853
1.001758970956073e+00	-1.376329396628166e-03	1854
-3.999760933931725e-02	6.682127786282765e-02	1855
-4.255142905105284e-02	5.848398231038324e-02	1856
1.007177875414251e+00	3.078333631213304e-02	1857
1.012540115699309e+00	-5.721112381350803e-02	1858
8.881252128770864e-02	-2.358860171074255e-01	1859
3.159702786047642e-01	2.911953713690117e-01	1860
2.843954753661132e-01	2.849716920067711e-01	1861
2.524232825166544e-01	2.778228250870204e-01	1862
4.671088865758519e-03	-1.702140355108274e-01	1863
1.990809491470018e-02	-1.847998401234768e-01	1864
3.468338562932084e-02	-1.987771079292001e-01	1865
1.016347710876432e+00	-4.763643060390282e-02	1866
1.009138353918979e+00	-2.385305202735607e-02	1867
7.272492904835354e-01	-2.830635838406770e-01	1868
7.587452420982762e-01	-2.728347478734228e-01	1869
7.870670135606568e-01	-2.622841928819344e-01	1870
8.129250614148598e-01	-2.513029154607515e-01	1871
-3.634998883732021e-02	-9.674131063772323e-03	1872
-5.016303467697009e-02	-5.494850738535759e-02	1873
-5.122637365272394e-02	-3.535176423119855e-02	1874
-5.101944798491867e-02	-4.520363443330044e-02	1875
1.001192994031661e+00	7.542249375204237e-02	1876
-4.471763266851812e-02	4.983872185552989e-02	1877
-4.639272368176964e-02	4.089206483244068e-02	1878
-4.751003975893711e-02	3.178738927231143e-02	1879
9.739893019830914e-01	-1.370497955286983e-01	1880
9.855911555312625e-01	-1.221572309198283e-01	1881
9.943825271519829e-01	-1.087581375222676e-01	1882
1.000637174584476e+00	-9.745668252429612e-02	1883
1.009099124262705e+00	-7.705938942791571e-02	1884
5.066120992665299e-02	-2.120880089730716e-01	1885
6.932606859355232e-02	-2.248517022352848e-01	1886
-3.051603016712807e-02	-1.207133512110348e-01	1887
-2.092312598379330e-02	-1.378932541125553e-01	1888
3.704094399369702e-01	-3.138168852991101e-01	1889
4.015190262582770e-01	-3.161844293355390e-01	1890
1.011309733685139e+00	4.780265925960685e-02	1891
5.455769312714781e-01	3.010396045211883e-01	1892
5.129251659773431e-01	3.028677423926473e-01	1893
9.315105372447859e-01	1.583785382133905e-01	1894
9.125561813393681e-01	1.732622047732782e-01	1895
8.931594041617730e-01	1.870909095527145e-01	1896
8.729942325912746e-01	1.999594604376431e-01	1897
8.516034563916589e-01	2.120690759183383e-01	1898
8.276403196523940e-01	2.243159266904307e-01	1899
8.004403862599691e-01	2.369452242868932e-01	1900
7.706710541137318e-01	2.493611608045099e-01	1901
7.392069173455111e-01	2.609218328623747e-01	1902
7.064435419998678e-01	2.713672717667863e-01	1903
6.729406176232547e-01	2.805022369879695e-01	1904
6.399721006164861e-01	2.880899217849772e-01	1905
6.081251019933933e-01	2.940549779931881e-01	1906
1.574599881012672e-01	2.466516551632572e-01	1907
1.096470161461129e-01	2.227975606437225e-01	1908
9.069513521504062e-02	2.133317746841500e-01	1909
9.417344599844634e-01	-1.694641492427631e-01	1910
9.036806260477522e-01	-1.993455020781401e-01	1911
9.225407238950675e-01	-1.853605714582356e-01	1912
5.175720285876668e-01	-3.173855133344556e-01	1913
-9.636252936779471e-03	1.273130104282615e-01	1914
-1.683371435497908e-02	1.163284585261017e-01	1915
-2.248197122936753e-02	1.073015385229515e-01	1916
-2.845142802979072e-02	9.684163603017411e-02	1917
-3.308934242744243e-02	8.657697587480528e-02	1918
7.174275740848032e-02	2.025227797783506e-01	1919
3.726193359162589e-02	1.743173572913633e-01	1920
2.470924633157764e-02	1.639252988772584e-01	1921
5.288605373135680e-02	1.881104736899643e-01	1922
1.236243691455086e-02	1.530492668682280e-01	1923
4.795579686187503e-01	3.035140573310410e-01	1924
4.456761616613049e-01	3.031322772397691e-01	1925
4.106468918988713e-01	3.017428038738638e-01	1926
9.961064767880100e-01	8.564358317745094e-02	1927
9.890023145137501e-01	9.725916437896827e-02	1928
5.851923534077628e-01	-3.124463725366777e-01	1929
6.220842702907197e-01	-3.073763745593585e-01	1930
6.582583242612766e-01	-3.006414347170212e-01	1931
1.679758687514375e-01	-2.719867915875067e-01	1932
2.010004720882579e-01	-2.828656142334249e-01	1933
2.350206243619946e-01	-2.917743947027657e-01	1934
2.682820190363243e-01	-2.985891882845284e-01	1935
3.023823178285313e-01	-3.048792710823996e-01	1936
3.372093981202454e-01	-3.100677614362519e-01	1937
1.385412205401671e-01	-2.964789669047246e-01	1938
1.001528896028420e+00	2.875441800032730e-03	1939
1.004991589262285e+00	-7.751005101484639e-03	1940
1.004444746191073e+00	-6.824996113895925e-03	1941
1.002145717515176e+00	-1.019553608064627e-03	1942
1.005334020596003e+00	1.395511643354854e-02	1943
9.488850953731550e-01	-1.977803548431965e-01	1944
1.001728597436668e+00	-2.796666710635402e-03	1945
1.011029126458025e+00	7.444864647555129e-02	1946
1.088177840686573e-01	-2.811789104760989e-01	1947
1.007759649657481e+00	2.068457368628982e-02	1948
1.006505059311737e+00	1.852945742185480e-02	1949
1.006658482855049e+00	-1.373186375523614e-02	1950
1.001886024660336e+00	-1.878713164377907e-03	1951
1.003088779129280e+00	-5.626614205251029e-03	1952
1.004994064429232e+00	-1.031996845382214e-02	1953
1.004052900946423e+00	1.048659881104180e-02	1954
-5.994641593694561e-02	-6.115187063186990e-02	1955
1.001951716184267e+00	7.361007948586511e-04	1956
1.601348130943642e-01	2.847000041176458e-01	1957
-1.783440064516642e-02	-1.742812364582304e-01	1958
9.300351255897300e-01	-2.152520173690525e-01	1959
8.906734279043934e-01	-2.461952149358365e-01	1960
-5.399837719621096e-02	5.638479880920934e-02	1961
5.646877703549634e-01	3.420034789759317e-01	1962
3.258200159637018e-01	3.333833858983545e-01	1963
9.824201790347445e-01	-1.597275092455294e-01	1964
7.218272738310124e-01	-3.269041859302769e-01	1965
4.155568732490414e-01	-3.597511017138820e-01	1966
-1.913753321584623e-02	1.449304959096209e-01	1967
4.623413981865010e-02	2.161616804454937e-01	1968
8.458140970266206e-02	-2.674496780576674e-01	1969
1.012930092733206e+00	6.254033829575006e-02	1970
1.014512689916389e+00	5.521223825364295e-02	1971
-4.183748074543327e-02	1.061660778947815e-02	1972
-3.039599744830275e-02	-1.562826336421539e-01	1973
6.859590801010169e-01	-3.371152137450598e-01	1974
8.668843368507879e-01	-2.620491270654369e-01	1975
3.579830247459864e-01	3.383393977376314e-01	1976
1.001700271554413e+00	5.234956338877734e-03	1977
1.002098237243622e+00	-5.182975477228411e-03	1978
1.001998583522478e+00	-6.110691425726423e-04	1979
1.004300408413207e+00	7.984675879485890e-03	1980
1.003850152274502e+00	7.032562872380657e-03	1981
1.001666089379017e+00	-3.498052398159971e-03	1982
1.007805971701718e+00	2.745935979687935e-02	1983
1.001414197960569e+00	3.558064277619858e-03	1984
9.112074631269403e-01	-2.308598882515087e-01	1985
9.668535791124044e-01	-1.788085692457262e-01	1986
-5.123451985899845e-02	-2.593007916857504e-02	1987
1.928069153032718e-01	2.983585699655199e-01	1988
1.010675971771906e+00	-2.725622902191044e-02	1989
9.725479407256852e-01	1.501578156460383e-01	1990
1.013614770197302e+00	-3.497703159673938e-02	1991
-5.219025913603389e-02	-1.050147719074035e-01	1992
5.369867559531285e-01	-3.598732711560629e-01	1993
3.916292860365299e-01	3.419411481844851e-01	1994
1.307888097456601e-01	2.698997108383173e-01	1995
-5.535355539958640e-02	-9.301603395629239e-02	1996
1.002630185926537e+00	5.747461216316124e-03	1997
-4.030715431152120e-02	1.167192074805552e-03	1998
-4.062037180568450e-02	-3.867150447278441e-03	1999
9.864563199191769e-01	1.311724775010807e-01	2000
-5.884316065306250e-02	-7.108541837461153e-02	2001
-5.737728771750896e-02	-8.104393134872859e-02	2002
1.001750880402502e+00	1.983373845270001e-03	2003
1.002375909563455e+00	7.716183545149441e-05	2004
1.002068974644286e+00	1.151813440602188e-03	2005
-4.998499924055102e-02	7.488014824226988e-02	2006
-5.215343705168694e-02	6.562041739051416e-02	2007
1.009861372266931e+00	3.524843138028177e-02	2008
2.934718805103211e-01	3.268149080726536e-01	2009
2.609117086496305e-01	3.189877704108582e-01	2010
2.272348016092824e-01	3.099947154643268e-01	2011
-3.734809997420366e-03	-1.924028464829575e-01	2012
1.036914013095571e-02	-2.077893750923592e-01	2013
1.019473285697906e+00	-6.250780391259832e-02	2014
1.020273586937633e+00	-5.486915271883873e-02	2015
1.008346799415473e+00	-1.828157400807113e-02	2016
1.009845586418372e+00	-2.034189391777958e-02	2017
7.556857881689351e-01	-3.154830375058445e-01	2018
7.866236619975231e-01	-3.033842981261944e-01	2019
8.146978525345794e-01	-2.907714341491057e-01	2020
8.411235036693576e-01	-2.771906872787707e-01	2021
-4.327936264377000e-02	-1.344838143389143e-02	2022
-6.040463055281024e-02	-4.046599701051930e-02	2023
-6.046828811717844e-02	-5.087893047788266e-02	2024
-5.534627756777635e-02	4.682035582226352e-02	2025
-4.846775974932047e-02	2.300057734271316e-02	2026
-5.619246634109583e-02	3.709226140669046e-02	2027
9.947944767239143e-01	-1.414850974689699e-01	2028
1.003990214430532e+00	-1.248082801665208e-01	2029
1.010336782143380e+00	-1.103302305424796e-01	2030
1.014715123323143e+00	-9.792604150076260e-02	2031
1.016021772437106e+00	-8.551893204370055e-02	2032
1.018718238165859e+00	-7.492669508673618e-02	2033
2.565082077412807e-02	-2.237633569587578e-01	2034
4.363334784835640e-02	-2.398013749716152e-01	2035
6.370462860091994e-02	-2.545581942984462e-01	2036
-4.787801248742574e-02	-1.196638737037729e-01	2037
-4.010911498730373e-02	-1.362909442282233e-01	2038
3.829555360224670e-01	-3.573878189093654e-01	2039
5.316645159985560e-01	3.443699383632955e-01	2040
9.559181000741630e-01	1.692083083474395e-01	2041
9.377564728442194e-01	1.873414618434102e-01	2042
9.187317815586368e-01	2.042151186646693e-01	2043
8.986865329310672e-01	2.200299516819715e-01	2044
8.773025119155663e-01	2.348966149068619e-01	2045
8.540010902941128e-01	2.492021816880571e-01	2046
8.277739666812369e-01	2.636319073597343e-01	2047
7.985072614002463e-01	2.780548137443160e-01	2048
7.669020127441225e-01	2.918089499763091e-01	2049
7.336660660108044e-01	3.043703617935956e-01	2050
6.993450929044823e-01	3.154777730113990e-01	2051
6.649337108247371e-01	3.248848542995578e-01	2052
6.312130816246000e-01	3.325056509930046e-01	2053
5.978195941119179e-01	3.383144366415451e-01	2054
1.064269570656093e-01	2.556460968451938e-01	2055
8.683628245606433e-02	2.445862428888974e-01	2056
4.547274216559329e-01	-3.606193591731541e-01	2057
4.972699394488819e-01	-3.607917673804401e-01	2058
-2.768636927749496e-02	1.308838367575990e-01	2059
-3.312500552596365e-02	1.198422565488904e-01	2060
-3.881144232846721e-02	1.092023058353110e-01	2061
-4.327782457395387e-02	9.696957030840074e-02	2062
-4.716630941829372e-02	8.593570163718238e-02	2063
6.706695580081491e-02	2.324170980935210e-01	2064
1.609583558159643e-02	1.865532395258362e-01	2065
2.891978405186313e-02	1.992762721320341e-01	2066
-8.547277655969451e-03	1.594538872926871e-01	2067
3.842843710471410e-03	1.744354336852139e-01	2068
4.973032127580136e-01	3.455883411557559e-01	2069
4.625967614264616e-01	3.455415964215355e-01	2070
4.271556453980500e-01	3.443447711719367e-01	2071
1.007219896467746e+00	8.487730755083982e-02	2072
1.004190094675157e+00	9.872727801380063e-02	2073
9.968460821764864e-01	1.137268228699427e-01	2074
5.721128495734140e-01	-3.571925608489238e-01	2075
6.103938863216830e-01	-3.526290469935671e-01	2076
6.487714403713619e-01	-3.457574962004098e-01	2077
1.718686920959157e-01	-3.108380177194358e-01	2078
2.072891295894314e-01	-3.232330468628362e-01	2079
2.429435549795554e-01	-3.329900171067320e-01	2080
2.775468194240224e-01	-3.407775407040294e-01	2081
3.135024463132002e-01	-3.479090514635244e-01	2082
3.491260481434239e-01	-3.535009844593416e-01	2083
1.015410606371863e+00	-4.021679202762158e-02	2084
1.009328219223831e+00	1.834540169967275e-02	2085
1.006983420478522e+00	-1.139733052319223e-02	2086
1.014712510700372e+00	-2.984683881697117e-02	2087
1.007866961150432e+00	-1.566029615115236e-02	2088
-7.120876486337389e-02	-6.727550323127701e-02	2089
5.687905493206926e-01	3.889802394123910e-01	2090
7.535248439345351e-01	-3.634655525006047e-01	2091
3.016021322774622e-01	3.735103878409063e-01	2092
1.011507538648235e+00	3.041762624370059e-02	2093
-6.574328571476662e-02	5.278308531611806e-02	2094
5.598122087838320e-02	-2.876691770646815e-01	2095
9.595434030088503e-01	-2.282974054297192e-01	2096
1.005746803344064e+00	-6.682536470176111e-03	2097
9.773881437143280e-01	-2.069354436682110e-01	2098
1.293455018936399e-01	3.101928376667691e-01	2099
1.023631231711472e+00	-4.828121968927438e-02	2100
7.170686224894122e-01	-3.761389381548531e-01	2101
-6.777894598220870e-02	-1.023101955880712e-01	2102
1.001869227484929e+00	2.575323582986986e-03	2103
1.002443370796984e+00	6.561672064589315e-04	2104
1.002196165996367e+00	1.676325757417385e-03	2105
1.018519178957815e+00	4.919784958895356e-02	2106
-7.348107199239990e-03	1.974082758727917e-01	2107
-4.188718318337096e-02	-1.763665897731525e-01	2108
-4.909540551933555e-02	1.452302301088362e-02	2109
6.786917970326383e-01	-3.871784934252565e-01	2110
4.344762863951772e-01	-4.082569423997306e-01	2111
1.025925539939058e+00	-9.279165502439757e-02	2112
1.026317241254197e+00	-8.256302900790831e-02	2113
1.386202021871451e-01	-3.380066929849889e-01	2114
3.959745301463703e-01	-4.060338336766676e-01	2115
-2.888671220631518e-02	-1.959023170302538e-01	2116
1.020023694357164e+00	6.987292489020890e-02	2117
1.020732770850845e+00	6.041746001534120e-02	2118
9.960843263378123e-01	1.534825923720636e-01	2119
3.705819626155912e-01	3.858522825041946e-01	2120
1.006118644640148e+00	-1.626235630683419e-01	2121
-3.981170016737633e-02	1.473927294973621e-01	2122
1.861910353824301e-02	2.269668660834984e-01	2123
4.068426847130449e-01	3.895880306026845e-01	2124
1.058248861917662e-01	-3.198321235372625e-01	2125
7.866518074917660e-02	-3.029956700810340e-01	2126
1.002572889145861e+00	4.754202509595457e-03	2127
1.002485124903701e+00	-4.963579997284854e-04	2128
1.006313573732380e+00	1.594365807566741e-02	2129
8.989372505497386e-01	-2.842119734308200e-01	2130
1.002311940218960e+00	-1.537371287822778e-03	2131
1.002049956975862e+00	-2.467593450513678e-03	2132
1.010146056706581e+00	2.400191881766344e-02	2133
1.004167067435258e+00	-6.077044795842065e-03	2134
1.005766561881247e+00	-9.016268485966161e-03	2135
1.005894151209796e+00	1.171911658318713e-02	2136
1.005140752668966e+00	7.006233981353862e-03	2137
1.620461711173167e-01	3.274959807825623e-01	2138
-6.481376369847922e-02	6.297862106227060e-02	2139
3.357292259326926e-01	3.805543554372679e-01	2140
9.932717965527923e-01	-1.846376746411189e-01	2141
3.606719818365084e-01	-4.020131929217376e-01	2142
-3.093825646910419e-02	1.640703492188627e-01	2143
-5.691650925389988e-02	2.736625970156640e-02	2144
-5.093239427273745e-02	-1.707701422510056e-02	2145
1.003645759358437e+00	6.277166560089081e-03	2146
1.001812474343633e+00	-4.292528411678209e-03	2147
1.004939252839117e+00	9.289639573760337e-03	2148
1.002942193724508e+00	-4.621068049805312e-03	2149
1.002339680454396e+00	-3.205674392608712e-03	2150
1.011093638658340e+00	4.053035736507874e-02	2151
1.001495283660800e+00	4.345322515591729e-03	2152
9.213694055555129e-01	-2.658283279690885e-01	2153
9.410011276448660e-01	-2.476816996637926e-01	2154
-7.130859560664299e-02	-5.646958352601835e-02	2155
-6.013223199508117e-02	-3.010545107952289e-02	2156
1.012614053342763e+00	-2.346818040339993e-02	2157
1.002097672569011e+00	3.321942023775666e-03	2158
-4.631877582186352e-02	-1.134622308616741e-03	2159
-7.038733632271327e-02	-7.764751810294175e-02	2160
-6.957093932023843e-02	-8.889781876383634e-02	2161
-6.324560374459134e-02	7.275463152000800e-02	2162
1.976487630534811e-01	3.429003682462399e-01	2163
2.678887050933971e-01	3.648654238986463e-01	2164
2.338854088342708e-01	3.554198683521912e-01	2165
-1.561666180489845e-02	-2.158225139888175e-01	2166
1.011159263337950e+00	-1.779955645790741e-02	2167
7.872822440818164e-01	-3.496674800033399e-01	2168
8.180359348749708e-01	-3.351043308497303e-01	2169
8.464288693845498e-01	-3.195991464418934e-01	2170
8.735171363421076e-01	-3.025486096795358e-01	2171
-4.835181659957710e-02	-6.978662281412794e-03	2172
-7.085078388841119e-02	-4.555874141872523e-02	2173
-6.618124974176258e-02	4.247144811012653e-02	2174
1.015553453897831e+00	-1.421848794966269e-01	2175
1.021727121884157e+00	-1.240446010952799e-01	2176
1.023785707718410e+00	-1.081592405226088e-01	2177
1.026972732138173e+00	-5.947033602953571e-02	2178
1.027162161320518e+00	-6.922126716514583e-02	2179
-1.838908072220282e-03	-2.329562564543442e-01	2180
1.495114350972908e-02	-2.517390923045693e-01	2181
3.460226401843557e-02	-2.706349551973120e-01	2182
-6.481273871584856e-02	-1.160619719321004e-01	2183
-5.977276094459039e-02	-1.345529891554337e-01	2184
-5.207903077730926e-02	-1.533101085633096e-01	2185
9.819200316883903e-01	1.760400899871804e-01	2186
9.653851706179576e-01	1.980407507330635e-01	2187
9.473115928734205e-01	2.187055824421202e-01	2188
9.278812264722299e-01	2.380946136743962e-01	2189
9.067823653021719e-01	2.564273359802205e-01	2190
8.837684094136127e-01	2.738487441234091e-01	2191
8.582825445355524e-01	2.907831669415891e-01	2192
8.296930463283529e-01	3.076342159885146e-01	2193
7.981719676466462e-01	3.240233436481439e-01	2194
7.644237560683508e-01	3.392688122774852e-01	2195
7.291720591021313e-01	3.529082233084936e-01	2196
6.932783684829179e-01	3.646466798223119e-01	2197
6.576156445269165e-01	3.743264419691457e-01	2198
6.220652438629763e-01	3.819609136575033e-01	2199
3.830481456647809e-02	2.475156291601179e-01	2200
1.014611883820036e-01	2.926052109289743e-01	2201
8.023116020717201e-02	2.791068899813344e-01	2202
4.764284351605332e-01	-4.090808455877458e-01	2203
5.189519345694744e-01	-4.088232749984978e-01	2204
-4.622987890610396e-02	1.328714071220684e-01	2205
-5.091470706560178e-02	1.220296824829250e-01	2206
-5.553440228478909e-02	1.080124451460523e-01	2207
-5.901307655746711e-02	9.589977125466513e-02	2208
-6.165842422312900e-02	8.336656060368186e-02	2209
6.015628227835262e-02	2.654727785604337e-01	2210
4.196800990667829e-03	2.109989899997754e-01	2211
-1.959234036155234e-02	1.806370880992911e-01	2212
5.162014949070324e-01	3.923797909549770e-01	2213
4.801353556520339e-01	3.928372161805596e-01	2214
4.437285866423742e-01	3.918966705345193e-01	2215
1.006808582116348e+00	1.318947460330560e-01	2216
1.017918969415381e+00	8.293536061661956e-02	2217
1.016273752928543e+00	9.433092096750945e-02	2218
1.011693693757242e+00	1.118938284494275e-01	2219
5.589127074451163e-01	-4.068094601351729e-01	2220
5.977334821342554e-01	-4.029584208096062e-01	2221
6.387668192853730e-01	-3.962719865419574e-01	2222
1.748846665106025e-01	-3.546105517154254e-01	2223
2.128262338990861e-01	-3.685347852743250e-01	2224
2.498714404158854e-01	-3.791591436581793e-01	2225
2.863031410702311e-01	-3.881132342642320e-01	2226
3.239413985757075e-01	-3.960397141753341e-01	2227
7.127419071118848e-01	-4.314279616010714e-01	2228
1.003038654977576e+00	3.805686223908476e-03	2229
-6.120675102981381e-02	1.476342634363474e-01	2230
-7.734745273462637e-02	6.962561100509623e-02	2231
-7.633205724655061e-02	7.979549422642880e-02	2232
1.012956435801450e+00	-2.036268896006900e-02	2233
-5.942975804993419e-02	-2.051839341835619e-02	2234
7.892468058403120e-01	-4.017402937579622e-01	2235
6.353730504819115e-03	2.582218589007718e-01	2236
9.101476115070478e-01	-3.263943396023873e-01	2237
1.012052718268724e-01	-3.633974867313671e-01	2238
1.009228889327172e+00	1.540758121345113e-02	2239
1.020827265455894e+00	-4.277384802045462e-02	2240
1.011824626269061e+00	2.762116729776763e-02	2241
1.007407726861789e+00	1.328167244466219e-02	2242
1.629487594056281e-01	3.755276580757395e-01	2243
1.003534745246428e+00	5.188908487385356e-03	2244
1.014856076745123e+00	3.552616220191439e-02	2245
-5.735662424754169e-02	-1.017804814023510e-02	2246
1.002936272405038e+00	3.062512656161355e-04	2247
1.002951822251156e+00	-1.109073298581428e-04	2248
1.018596382101138e+00	-3.472507144634785e-02	2249
2.733470853301946e-01	4.161263731210835e-01	2250
-8.180398194492426e-02	-1.120721357320237e-01	2251
-5.717330219644542e-02	1.821637604608881e-02	2252
-4.723369280403344e-02	6.331732548967914e-03	2253
1.036444752451700e+00	-8.805902916214485e-02	2254
1.035831679142610e+00	-7.650588223655468e-02	2255
4.122777908961154e-01	-4.603042269192298e-01	2256
7.079687319888554e-02	-3.430031729068922e-01	2257
-7.012372695394020e-02	-3.420427226687961e-02	2258
3.839262157378628e-01	4.389899467318225e-01	2259
9.496634449219703e-02	3.343190076862804e-01	2260
-4.494854254268885e-02	1.852179037913582e-01	2261
-7.776851520002170e-02	5.863825739505911e-02	2262
-3.372233353581764e-02	2.033307098730108e-01	2263
4.224296330115851e-01	4.427872257788569e-01	2264
3.092206845407115e-01	4.256763754406415e-01	2265
1.022076471821365e+00	5.583131038452627e-02	2266
7.523152293688078e-01	-4.174034785140009e-01	2267
1.007127142150381e+00	-2.114409655898694e-01	2268
4.584094295032213e-02	-3.245439259329425e-01	2269
1.014705946944809e+00	-2.697632871370700e-02	2270
1.008674000115515e+00	-1.283590120965855e-02	2271
6.501539809278473e-01	4.295113789924694e-01	2272
6.710796340397952e-01	-4.433299436444079e-01	2273
9.915182167042491e-01	-2.369787874553579e-01	2274
1.019813560179399e+00	-1.854679501218299e-01	2275
1.267256977718332e-01	3.555390935502962e-01	2276
1.002663641005231e+00	1.255205755226406e-03	2277
1.002325749191822e+00	2.227876842014317e-03	2278
1.016166500678519e+00	1.503978933640764e-01	2279
1.027835467497084e+00	-5.468881227355017e-02	2280
1.028422986613933e+00	6.581737191498171e-02	2281
1.373877816245736e-01	-3.847886849468785e-01	2282
3.723338374792889e-01	-4.560195164381702e-01	2283
1.035074195186374e+00	-6.421657220757761e-02	2284
-5.406482883012530e-02	1.651702313620202e-01	2285
-8.412014962590396e-02	-7.334215234702747e-02	2286
-8.383780757881046e-02	-8.397674840023428e-02	2287
1.002750123995863e+00	-1.080331479677216e-03	2288
1.002284267913419e+00	-3.992637773784171e-03	2289
1.003955015642316e+00	-4.981873217325977e-03	2290
1.002484008199591e+00	-2.083146757923306e-03	2291
1.010823974337362e+00	2.102197065914187e-02	2292
1.006474546893924e+00	-7.829783150562267e-03	2293
3.460868622288329e-01	4.333504205142073e-01	2294
1.005748180420738e+00	8.194021460088536e-03	2295
1.003331261712116e+00	-3.621264145035485e-03	2296
1.016272629099258e+00	4.355600491785672e-02	2297
9.344427504063934e-01	-3.045937262750020e-01	2298
9.554272084616663e-01	-2.829900489209288e-01	2299
9.741291758907050e-01	-2.608768721869758e-01	2300
-8.274175891816112e-02	-5.043244239776145e-02	2301
-8.370216270557669e-02	-6.183620360280160e-02	2302
-7.768687265752608e-02	4.773225053723649e-02	2303
1.010731965023596e+00	-1.481938517019750e-02	2304
1.001980479694839e+00	4.088786490548581e-03	2305
-8.353270398959128e-02	-9.718734671239791e-02	2306
2.013496470962177e-01	3.926458278694456e-01	2307
2.387877593813408e-01	4.058442152667508e-01	2308
-5.555834574573212e-02	-1.982591578885011e-01	2309
-4.366905821674748e-02	-2.186731087181057e-01	2310
8.230851894953185e-01	-3.849170496824061e-01	2311
8.540857498207256e-01	-3.669853324758370e-01	2312
8.830593046739124e-01	-3.475059590314690e-01	2313
-5.427878627913536e-02	-1.725372017951649e-03	2314
-6.649170373039141e-02	3.172692741611714e-02	2315
1.026387336388363e+00	-1.596387369545294e-01	2316
1.033102126124405e+00	-1.380674896173213e-01	2317
1.036363596806857e+00	-1.020828562060988e-01	2318
1.036120697939722e+00	-1.177680537328438e-01	2319
-3.084976186866152e-02	-2.406671195496256e-01	2320
2.304730635191353e-02	-3.047433525857070e-01	2321
-1.633208284548470e-02	-2.609889885188849e-01	2322
2.210179434000923e-03	-2.826036752128324e-01	2323
-7.907293560468655e-02	-1.291400104009476e-01	2324
-7.398224733467187e-02	-1.504601321089635e-01	2325
-6.636856913782076e-02	-1.721767041330811e-01	2326
1.008293956798680e+00	1.775835398453736e-01	2327
9.945553381179960e-01	2.037156082103343e-01	2328
9.784347017758406e-01	2.288449360442505e-01	2329
9.603683728817394e-01	2.525803056681229e-01	2330
9.401854686296021e-01	2.751490536185728e-01	2331
9.177271940056566e-01	2.966474954220419e-01	2332
8.927581459276300e-01	3.172105746394024e-01	2333
8.648688197375208e-01	3.372233947970526e-01	2334
8.336991861850233e-01	3.568070785981837e-01	2335
7.995983239834684e-01	3.754049025929049e-01	2336
7.633587417386458e-01	3.923171234091597e-01	2337
7.258921248778388e-01	4.070950529458307e-01	2338
6.881017350374453e-01	4.194932211272922e-01	2339
6.016923902825816e-01	4.380491889450445e-01	2340
2.799856954439421e-02	2.820217649044283e-01	2341
7.081305684483639e-02	3.173892202037462e-01	2342
4.547179074460885e-01	-4.623957542430930e-01	2343
4.984865947154636e-01	-4.629711850636623e-01	2344
-6.967660117793106e-02	1.201169135255753e-01	2345
-7.266490950577870e-02	1.059983664111034e-01	2346
-7.515906174258397e-02	9.236396832020882e-02	2347
5.009021100424241e-02	3.016404247238088e-01	2348
-1.027615552615755e-02	2.382188049537808e-01	2349
-2.216151970570068e-02	2.212770483832475e-01	2350
5.457336122971143e-01	4.434712070743981e-01	2351
4.798590745253259e-01	4.449049509664126e-01	2352
1.028061282435468e+00	7.796317756199017e-02	2353
1.027498220693686e+00	9.028257735729170e-02	2354
1.023046087478183e+00	1.256402096275861e-01	2355
1.025604164925513e+00	1.063577169699253e-01	2356
5.421757846410261e-01	-4.618239943715901e-01	2357
5.842070064069554e-01	-4.586662339315405e-01	2358
6.275063994809074e-01	-4.526881921621849e-01	2359
1.768806497293441e-01	-4.038109504643585e-01	2360
2.171865202286066e-01	-4.192716393609514e-01	2361
2.556820428888278e-01	-4.308801237121965e-01	2362
2.942704006298248e-01	-4.411264088418054e-01	2363
3.337730104230044e-01	-4.498307224158019e-01	2364
1.012071188943418e+00	1.759221287071261e-02	2365
1.027330579258112e+00	-4.287928798436026e-02	2366
1.024546811974282e+00	-3.739859323408785e-02	2367
-6.896331052136605e-02	-2.369820341262037e-02	2368
1.005061531578785e+00	-5.339446900176281e-03	2369
-9.089706877073291e-02	5.268843461778995e-02	2370
2.595646162923812e-01	4.677079262028213e-01	2371
8.300510173910065e-01	-4.408702983786769e-01	2372
3.859118234263013e-01	-5.166008819666740e-01	2373
-5.150847738671415e-02	2.270789138790066e-01	2374
-9.160098577326693e-02	6.428620312346557e-02	2375
3.979112878828563e-01	4.971251408088242e-01	2376
1.009705502219836e+00	-2.685368798531380e-01	2377
1.008985897688071e+00	-1.074690556283082e-02	2378
1.014266467685485e+00	-1.752236404711210e-02	2379
1.013381807068080e+00	-1.597619147335477e-02	2380
5.885856920246815e-02	3.601765740620271e-01	2381
-2.695676509016638e-02	2.686367810740262e-01	2382
1.003043590666721e+00	8.486111832742208e-04	2383
1.002819377314839e+00	1.856082707763264e-03	2384
1.049361799484668e+00	-1.300912900832719e-01	2385
1.007379363567006e+00	-9.179071083749671e-03	2386
1.007202671472401e+00	-6.564796236253622e-03	2387
1.006507631141270e+00	9.595933025551930e-03	2388
1.009891209352859e+00	1.301395314803823e-02	2389
1.002952294816656e+00	-1.671973338664843e-03	2390
1.003100073643959e+00	-6.448592100058700e-04	2391
-6.768857289533180e-02	-1.363326495580537e-02	2392
-6.342988924622708e-02	-3.246224897380152e-03	2393
1.226301235579825e-01	4.064627748313421e-01	2394
7.519127326663325e-01	-4.780366377403122e-01	2395
9.509379679713909e-01	-3.473466190502612e-01	2396
1.026029633975730e+00	4.955417691613228e-02	2397
-9.807819978111590e-02	-1.228324839320220e-01	2398
4.305992735022554e-01	-5.208411137117007e-01	2399
-8.522784293019162e-02	1.393275727328014e-01	2400
-9.163718142619429e-02	7.582921105668564e-02	2401
-9.142122806530929e-02	8.716897759497609e-02	2402
-8.367542446700259e-03	2.931010805452187e-01	2403
3.571037829026731e-01	4.916175740646922e-01	2404
1.044435106583567e+00	-6.982196133922583e-02	2405
1.346729833388551e-01	-4.373876318651918e-01	2406
9.248054292363884e-01	-3.730094389358807e-01	2407
9.472379456048954e-02	-4.124129106083146e-01	2408
6.071796474605050e-02	-3.880083492721976e-01	2409
3.296162233003327e-02	-3.655954525454637e-01	2410
7.083730869816582e-01	-4.935281248697756e-01	2411
7.926147961693892e-01	-4.602978862037743e-01	2412
8.498285486927921e-03	-3.423186009270445e-01	2413
1.624512106396524e-01	4.292852955460156e-01	2414
1.004096391757209e+00	4.208480535905433e-03	2415
1.004589919489324e+00	5.632074623980609e-03	2416
1.003536232990164e+00	1.198756384304191e-04	2417
-9.939526633381872e-02	-1.061495498635157e-01	2418
-6.633285563900340e-02	2.167180777517224e-02	2419
1.034975935806361e+00	1.426762086640168e-01	2420
1.046370151570053e+00	-8.174590057272665e-02	2421
8.679376023455275e-02	3.813656824075073e-01	2422
-6.177486974315413e-02	2.076266410888303e-01	2423
-8.135964556133796e-02	-3.803499950328522e-02	2424
3.167915619170903e-01	4.837346788531769e-01	2425
1.038303872324765e+00	9.990167396999024e-02	2426
1.024579468583030e+00	-2.396939059881317e-01	2427
1.016227766423890e+00	-2.288161203293224e-02	2428
1.011141290867769e+00	-1.232275294791244e-02	2429
1.038249785643905e+00	-2.106251729436407e-01	2430
1.002677171281377e+00	2.917938971581612e-03	2431
1.031116555815778e+00	-4.786933773184451e-02	2432
-7.120446972229362e-02	1.846331642319572e-01	2433
-7.838242985492119e-02	1.644023175442275e-01	2434
-9.781796068111821e-02	-6.688867388872900e-02	2435
1.002892584718859e+00	-2.752517625955019e-03	2436
1.004434012827189e+00	-3.942247132358838e-03	2437
1.013787353399882e+00	2.380925854899871e-02	2438
1.007929404630234e+00	1.127416381089763e-02	2439
1.006584174644575e+00	7.019121128193151e-03	2440
1.022758817385659e+00	4.432333518125624e-02	2441
1.020552870263246e+00	3.872056276787733e-02	2442
9.734760904229552e-01	-3.214960300190227e-01	2443
9.927364398165581e-01	-2.955995780399899e-01	2444
-9.623303430268312e-02	-5.489922328886060e-02	2445
-9.868453415087430e-02	-7.884507629493723e-02	2446
-9.923278584882539e-02	-9.057418801797673e-02	2447
2.033769040883580e-01	4.480511874738262e-01	2448
-4.910290275245633e-02	-2.675548813444525e-01	2449
8.642442622100918e-01	-4.199906911389959e-01	2450
8.957301865598978e-01	-3.974364562084510e-01	2451
-5.656855766651561e-02	7.846673759754586e-03	2452
-7.735664650942707e-02	3.589687672106409e-02	2453
1.047916550810437e+00	-9.512380344230600e-02	2454
1.042104826544773e+00	-1.772672475526412e-01	2455
1.045908260461575e+00	-1.539294687455302e-01	2456
1.049304998627631e+00	-1.100850749886771e-01	2457
-7.283123324587798e-02	-2.207683291122468e-01	2458
-6.214417075888820e-02	-2.427752019155342e-01	2459
-3.330956356229288e-02	-2.924666494146863e-01	2460
-1.387575487412118e-02	-3.166290579885519e-01	2461
-9.562337925481348e-02	-1.435454582696832e-01	2462
-9.020355200150286e-02	-1.674153032562308e-01	2463
-8.310039472291157e-02	-1.931252675228759e-01	2464
1.030356616620183e+00	1.698213905185661e-01	2465
1.020594802551275e+00	2.013309433343010e-01	2466
1.010761914607636e+00	2.327713334736904e-01	2467
9.953019358003397e-01	2.615291776597898e-01	2468
9.770643620607086e-01	2.891244521030101e-01	2469
9.559621135024358e-01	3.156251498436457e-01	2470
9.318661398448836e-01	3.410227873149612e-01	2471
9.047111457372964e-01	3.653812575724997e-01	2472
8.741445680205207e-01	3.890011105067877e-01	2473
8.400372295093571e-01	4.117203379941243e-01	2474
8.029451857432188e-01	4.328266981387082e-01	2475
7.638674052744719e-01	4.515891902405776e-01	2476
7.237933114697541e-01	4.676141270752180e-01	2477
6.829160866025303e-01	4.798065453203623e-01	2478
6.354242897595569e-01	4.919559561577223e-01	2479
4.759927431178677e-01	-5.227304757722154e-01	2480
-8.881842710577743e-02	1.163425345709636e-01	2481
-9.068153544137186e-02	1.017983737260309e-01	2482
3.683387905743311e-02	3.404222270188063e-01	2483
1.427196155112299e-02	3.194493635435210e-01	2484
-4.059136186041483e-02	2.465657959597253e-01	2485
5.788915002198609e-01	4.996769293159234e-01	2486
5.139022084089506e-01	5.032075453406984e-01	2487
4.491969803403925e-01	5.023467067961073e-01	2488
1.037324406543701e+00	7.226341875087883e-02	2489
1.038165419942105e+00	8.472488908099605e-02	2490
1.037899486766268e+00	1.180999914781487e-01	2491
5.222082232258258e-01	-5.226770152891762e-01	2492
6.622362524797183e-01	-5.062546450321074e-01	2493
5.680456515689307e-01	-5.203362773444706e-01	2494
6.144902443279990e-01	-5.153837193699259e-01	2495
1.774426884877885e-01	-4.589578387696097e-01	2496
2.200233960884337e-01	-4.759812565935118e-01	2497
2.601886821232197e-01	-4.887935350312514e-01	2498
3.013949934174373e-01	-5.004374411971461e-01	2499
3.436460784562609e-01	-5.095056248795785e-01	2500
1.014271597889824e+00	2.024910029830908e-02	2501
5.486139423383722e-01	-5.879512367348172e-01	2502
1.010172240907465e+00	1.073743723791968e-02	2503
4.815659856538394e-02	-4.386093967299962e-01	2504
1.030058417060518e+00	5.640172970168240e-02	2505
-1.071684753165379e-01	1.305282638613874e-01	2506
-1.041261820433716e-01	1.573054041834631e-01	2507
4.170607429624367e-01	5.642336071668294e-01	2508
1.704367095353062e-02	-4.113254298726606e-01	2509
1.044069401450488e+00	-5.952424618979413e-02	2510
8.770840271590327e-01	-4.792357610584775e-01	2511
-1.168412323971912e-01	-1.348545457183277e-01	2512
-1.115210957666315e-01	-5.878107583475010e-02	2513
1.166373607220364e-01	4.635077872021335e-01	2514
1.037962565549382e+00	6.220846181428728e-02	2515
1.016302895983844e+00	-2.021509937561685e-02	2516
1.008467007130737e+00	9.386283648957997e-03	2517
1.007350876363323e+00	8.313811142199500e-03	2518
1.008101000432357e+00	-7.802898211919475e-03	2519
-1.073282164052484e-01	6.962166077840075e-02	2520
4.435698441608411e-02	4.082945484849516e-01	2521
1.046410910412319e+00	-2.692161899725686e-01	2522
-7.958711545382281e-02	-2.658562019753913e-02	2523
9.713887169481134e-01	-3.942469984683018e-01	2524
-9.482459465580741e-03	-3.836280474123583e-01	2525
-9.392121128537601e-02	-4.142504959974834e-02	2526
1.599460974633871e-01	4.892840262919830e-01	2527
-8.226580608918321e-02	2.304317700452521e-01	2528
1.064029185810711e+00	-1.200055651991643e-01	2529
4.747750891865288e-01	-5.888423888045684e-01	2530
4.017439527461813e-01	-5.839251469113456e-01	2531
7.518957767970724e-01	-5.462380105351613e-01	2532
8.614849043037498e-02	-4.674798914104903e-01	2533
1.030882635827353e+00	-3.760499047971914e-02	2534
1.034120655829813e+00	-4.159348229928078e-02	2535
1.020039548102412e+00	3.307927170545018e-02	2536
1.016033332136376e+00	2.734765134029995e-02	2537
-7.859565753171360e-02	-1.753241353374685e-02	2538
-1.171551964800878e-01	-1.154770577674056e-01	2539
-8.968330501747454e-02	3.967448228799237e-02	2540
3.475792807145635e-01	5.505403169399457e-01	2541
8.390805608878944e-01	-5.037138394272702e-01	2542
1.031989124533542e+00	-3.013474998259587e-01	2543
1.006399724134457e+00	-5.453195407191444e-03	2544
1.009331183254374e+00	-8.782344663189650e-03	2545
1.836670958724662e-02	3.831365285385427e-01	2546
-4.643390695858687e-02	3.023682104202386e-01	2547
1.003692754477124e+00	3.174470614603733e-03	2548
1.003308987052291e+00	1.432924114023650e-03	2549
1.013177979927187e+00	-1.395546209963302e-02	2550
1.011728196229959e+00	1.480207010170942e-02	2551
1.005648326183332e+00	-4.240196416796051e-03	2552
1.003410920023892e+00	-1.210142836950071e-03	2553
7.030426496708485e-01	-5.633068022961902e-01	2554
1.035794097674406e+00	-5.443276090553360e-02	2555
-1.086601017593913e-01	9.496108031331985e-02	2556
1.051952202188677e+00	1.325947248417624e-01	2557
1.055428472255667e+00	-7.415898498003735e-02	2558
7.973187923866684e-01	-5.261583686263308e-01	2559
1.005896969995516e+00	5.857452549775584e-03	2560
1.005266564227730e+00	4.601377772361417e-03	2561
-7.396318240811552e-02	-4.995545784740655e-03	2562
7.661492074033613e-02	4.343315413759308e-01	2563
-1.059970191871495e-01	5.719872619641098e-02	2564
2.723038666281773e-01	5.341844465278464e-01	2565
1.061470238976176e+00	-1.013761479192858e-01	2566
1.018861334800613e+00	-2.623847220470734e-02	2567
1.023437258316179e+00	-3.171197558280908e-02	2568
1.011183765035059e+00	-9.988944568152237e-03	2569
1.054690998182304e+00	-2.362083474195381e-01	2570
1.002949123505734e+00	2.541551782804927e-03	2571
-9.127792268858792e-02	2.058546687057488e-01	2572
-9.770844922893933e-02	1.822133262266007e-01	2573
-1.137490618327812e-01	-7.153048475981708e-02	2574
1.003136786658328e+00	-2.351773177326963e-03	2575
1.003937793519121e+00	-2.931361476662249e-03	2576
1.029652764721541e+00	4.374012640777260e-02	2577
1.026833697226390e+00	3.954045752964640e-02	2578
9.954827545478833e-01	-3.633939504476610e-01	2579
1.015469402306671e+00	-3.325983661205695e-01	2580
-1.167222124152481e-01	-9.775827754117686e-02	2581
-1.151991866635486e-01	-8.367937346157223e-02	2582
-1.079829370482202e-01	8.146483073611298e-02	2583
2.124054174503946e-01	5.132851087055250e-01	2584
9.117685787100521e-01	-4.529392260370147e-01	2585
9.432925908217162e-01	-4.244378100751763e-01	2586
-6.661715233697807e-02	8.915851526352721e-03	2587
-7.663119035359411e-02	2.487163345995297e-02	2588
1.062017854153734e+00	-1.962138011370385e-01	2589
1.062997857063070e+00	-1.686369615784281e-01	2590
1.064275866944995e+00	-1.444318864230313e-01	2591
-9.407572892180996e-02	-2.435333309132545e-01	2592
-8.411326614882020e-02	-2.687764318477757e-01	2593
-7.025941989195521e-02	-2.969141592336085e-01	2594
-5.340728835402213e-02	-3.267679984853158e-01	2595
-3.337434990783507e-02	-3.542544675844893e-01	2596
-1.032603129857568e-01	-2.151007492368260e-01	2597
-1.148477665739731e-01	-1.595921749558279e-01	2598
-1.098182731813573e-01	-1.856042589050339e-01	2599
1.050724272782519e+00	1.598061498165477e-01	2600
1.045770145423644e+00	1.924423148701897e-01	2601
1.039272033392324e+00	2.251949224292155e-01	2602
1.032917641742344e+00	2.642429963026757e-01	2603
1.016030413873175e+00	2.961533113711517e-01	2604
9.976578531310729e-01	3.284288106751559e-01	2605
9.755371074833411e-01	3.597810168053033e-01	2606
9.496767295063040e-01	3.898796878659890e-01	2607
9.200712383279147e-01	4.188121234524420e-01	2608
8.864437726785643e-01	4.466921156324517e-01	2609
8.489340223597497e-01	4.730375631137283e-01	2610
8.083906640963349e-01	4.969802497131682e-01	2611
7.659912425894999e-01	5.177945749048188e-01	2612
7.203186420884261e-01	5.335777362530737e-01	2613
6.745574688471293e-01	5.492574427425829e-01	2614
-1.082740879717054e-01	1.110165801900600e-01	2615
-2.652392050507334e-02	3.313049544294372e-01	2616
-2.720593973473928e-03	3.600140359793726e-01	2617
-6.184221559802049e-02	2.746736293895640e-01	2618
-7.331443849704525e-02	2.517500301018563e-01	2619
6.154031448436047e-01	5.614271244975597e-01	2620
5.495055915811810e-01	5.673737875870571e-01	2621
4.805147490376015e-01	5.684614993526049e-01	2622
1.049922749557412e+00	9.238216953734407e-02	2623
1.048009357162460e+00	7.792713865346207e-02	2624
1.058485348811913e+00	-8.711124130812353e-02	2625
1.051564908057125e+00	1.095556396667510e-01	2626
5.985409912562176e-01	-5.847521501945319e-01	2627
6.511432477832154e-01	-5.765730310723873e-01	2628
1.300758045620173e-01	-4.963686440014656e-01	2629
1.761339498847989e-01	-5.206185798150595e-01	2630
2.209196655228758e-01	-5.392889451341322e-01	2631
2.632556594085979e-01	-5.536749710993913e-01	2632
3.313054064092261e-01	-5.706984493548205e-01	2633
1.010412431550325e+00	8.696564377835118e-03	2634
-1.086126704202039e-01	-4.568463679042996e-02	2635
1.025256794096968e+00	3.546432012881893e-02	2636
1.017608737241520e+00	2.308384373325413e-02	2637
-2.193298249644950e-03	-4.623183484373355e-01	2638
-9.096278618833417e-02	-2.495860965811750e-02	2639
8.030242225348843e-01	-6.003151848776352e-01	2640
-3.100016775369043e-02	-4.288014812407341e-01	2641
-7.709906474782072e-02	9.213184925971547e-03	2642
1.021836018320045e+00	-4.087620799125298e-01	2643
9.313338742176452e-01	-5.147147257687505e-01	2644
7.513842075904771e-01	-6.230494157815537e-01	2645
3.283085330064607e-02	-4.954745665689627e-01	2646
-1.384638715936082e-01	-1.482397892730666e-01	2647
1.014884883467885e+00	1.652216868998670e-02	2648
5.123209246991334e-01	-6.630650923441175e-01	2649
-1.266978693704726e-01	8.692028896168991e-02	2650
1.024331915933373e+00	-2.625639638194877e-02	2651
1.007824024352513e+00	-5.272901315563972e-03	2652
1.007317856870861e+00	5.804410681897723e-03	2653
1.006976755501614e+00	-4.259516814476434e-03	2654
-8.585276032698100e-02	-7.725730967055050e-03	2655
-2.821917410697723e-03	4.309279185665701e-01	2656
6.397721973383541e-02	4.938106660752598e-01	2657
1.028885804261365e+00	-3.362071890531673e-02	2658
1.015820836165282e+00	-1.472153835019302e-02	2659
1.003509491634806e+00	2.107248855120039e-03	2660
1.013390395434172e+00	-1.130803486624345e-02	2661
-1.279671638612155e-01	-2.375693371204986e-01	2662
-1.377567121136659e-01	-1.249217030183987e-01	2663
-1.282025091559817e-01	1.030130952129336e-01	2664
-1.292239848666911e-01	1.460405969473560e-01	2665
1.003813162812265e+00	-6.220327194408783e-04	2666
1.038633742879506e+00	5.317787169533020e-02	2667
6.954438016467375e-01	-6.416624616623062e-01	2668
1.058760860960233e+00	-3.354347935704640e-01	2669
9.962605348570528e-01	-4.455120079331243e-01	2670
-1.286911622934204e-01	1.215214766134366e-01	2671
1.081432748821239e-01	5.271972083927425e-01	2672
-1.071780673210415e-01	2.531023461368039e-01	2673
1.033807152538822e+00	4.983607882320516e-02	2674
1.053347206940121e+00	-6.368078318530661e-02	2675
5.780716856771847e-01	-6.585890952361587e-01	2676
-1.287593741022224e-01	-6.211752404600182e-02	2677
1.012213497268490e+00	1.223476461515891e-02	2678
4.437535193647317e-01	6.389932721463528e-01	2679
-1.364966221104305e-01	-1.056955760446071e-01	2680
1.601296309993294e-01	5.584573541194148e-01	2681
1.078403336909190e+00	-2.595331942366692e-01	2682
1.017629687684794e+00	-1.708996182608050e-02	2683
1.008992208987543e+00	7.728942075773210e-03	2684
1.008174695157350e+00	6.955259693966423e-03	2685
1.008796577862412e+00	-6.355869034907259e-03	2686
1.009694378151740e+00	-7.059818858731725e-03	2687
2.729053908281916e-02	4.623267004112967e-01	2688
1.068870204187949e+00	-2.985926472623153e-01	2689
-4.824625777075021e-02	3.731509313606071e-01	2690
-2.607010633250132e-02	4.023112847518343e-01	2691
1.063967133038882e+00	9.993321922718380e-02	2692
1.077107505834212e+00	-1.086716143183827e-01	2693
8.930188865972325e-01	-5.456186909980002e-01	2694
1.021493406435854e+00	2.787558257829659e-02	2695
-1.231029611602639e-01	6.124100573945590e-02	2696
8.501966049586616e-01	-5.743446933578656e-01	2697
-6.951706720906427e-02	3.392159238837236e-01	2698
1.003754037717155e+00	8.794431993376854e-04	2699
1.011215968598739e+00	-7.904647400435805e-03	2700
1.004831947287424e+00	3.455371617277644e-03	2701
1.006575325478298e+00	4.732886805954972e-03	2702
1.005108564091299e+00	-3.121804928644787e-03	2703
1.043909144323607e+00	-5.029362203355614e-02	2704
1.038850439509952e+00	-4.740694856388730e-02	2705
3.686614254711491e-01	6.271860054647214e-01	2706
1.067083667930316e+00	1.211442363887495e-01	2707
1.047008429284476e+00	6.729243407264641e-02	2708
-1.041008684050062e-01	4.442594299511557e-02	2709
2.953510589172956e-01	6.093886610141196e-01	2710
-1.153798492572510e-01	2.281635552801724e-01	2711
-1.208530999231097e-01	2.008118374569086e-01	2712
-1.251831160580656e-01	1.754068270400518e-01	2713
1.003665508509053e+00	-1.871442339913523e-03	2714
1.033193500516804e+00	3.838841346480384e-02	2715
1.037091218188913e+00	-3.582958404160529e-02	2716
1.042488242125434e+00	-3.719563116550332e-01	2717
-1.340243604527084e-01	-8.840887918961556e-02	2718
-1.316477478191239e-01	-7.532650095496117e-02	2719
-1.251191338780426e-01	7.419986194747941e-02	2720
2.206536959118227e-01	5.862071190469357e-01	2721
9.659758123430510e-01	-4.811582866073728e-01	2722
-8.818958655002718e-02	2.769516159005767e-02	2723
1.083110511183971e+00	-2.206352763295020e-01	2724
1.080751846795109e+00	-1.320299583373933e-01	2725
1.084064112837460e+00	-1.830264332923755e-01	2726
1.082730166015313e+00	-1.575087449764814e-01	2727
-1.192901184714753e-01	-2.669168167359023e-01	2728
-1.096382343978663e-01	-2.974164284779572e-01	2729
-5.670524257029044e-02	-3.957330543537447e-01	2730
-9.542672252467360e-02	-3.292363160202185e-01	2731
-7.752552633816918e-02	-3.637086528726154e-01	2732
-1.364478155230323e-01	-1.763872213600417e-01	2733
-1.330498268800683e-01	-2.051137832987093e-01	2734
1.069284417453639e+00	1.474432010562104e-01	2735
1.068922930401002e+00	1.798058586863606e-01	2736
1.066356982111431e+00	2.141901293599203e-01	2737
1.063426976087051e+00	2.500114855490720e-01	2738
1.052891423983060e+00	2.959693531726069e-01	2739
1.041532227800256e+00	3.330917968668571e-01	2740
1.022442932496874e+00	3.706147220905945e-01	2741
9.993315727721462e-01	4.077799558219275e-01	2742
9.716417352869710e-01	4.435865327904429e-01	2743
9.392474960449142e-01	4.780358729014303e-01	2744
9.020696668215901e-01	5.109653922737538e-01	2745
8.605960592516514e-01	5.415167567862633e-01	2746
8.159053411902569e-01	5.686825585194386e-01	2747
7.422744472093757e-01	6.004721274878604e-01	2748
-8.649572041282062e-02	3.062313515689083e-01	2749
-9.858355319343945e-02	2.783756873840278e-01	2750
6.588930015836790e-01	6.275803268562745e-01	2751
5.883943424263516e-01	6.379752685519889e-01	2752
5.157095200598566e-01	6.414865633238908e-01	2753
1.072504570937701e+00	-9.159021548279442e-02	2754
1.060431360108754e+00	8.380136447071232e-02	2755
1.067983890364628e+00	-7.802127396177236e-02	2756
4.327938786633024e-01	-6.600158114200623e-01	2757
6.363020174391578e-01	-6.547650935458063e-01	2758
7.521622302987868e-02	-5.289934425757732e-01	2759
1.231129178939121e-01	-5.623143468583243e-01	2760
1.724355895090411e-01	-5.893912684816337e-01	2761
2.202193154547422e-01	-6.079245121388731e-01	2762
2.793696964328068e-01	-6.290910933752049e-01	2763
3.524540932714183e-01	-6.479551136167182e-01	2764
-1.381477034944696e-01	-3.278862108330925e-01	2765
9.550666612237992e-01	-5.833711778569840e-01	2766
-8.608208660065539e-02	1.359488823649538e-02	2767
8.631720307011903e-01	-6.538698915756954e-01	2768
5.504577057432960e-01	-7.438729841374361e-01	2769
1.013222642339614e+00	-8.945163977359756e-03	2770
1.015669545000526e+00	-1.283928838986460e-02	2771
1.052242258329634e+00	-5.418664816685543e-02	2772
1.006297016531708e+00	-3.227025879331550e-03	2773
1.041464656569560e+00	-4.100090086412084e-02	2774
3.934951616673403e-01	7.121686319222618e-01	2775
8.089302799757603e-01	-6.839908991736390e-01	2776
-1.586212823786869e-01	-1.134164557901802e-01	2777
-1.625610616313863e-01	-1.632917458820564e-01	2778
1.011261538828991e+00	-6.021336934327730e-03	2779
9.930738728838105e-01	-5.437899917029050e-01	2780
-7.610608902905283e-02	4.169674847922070e-01	2781
-5.428972882309449e-02	4.488266311323649e-01	2782
1.074695330046999e+00	-4.141749497050488e-01	2783
9.118871494152727e-01	-6.200941001467353e-01	2784
1.037031441835006e+00	4.383997391781744e-02	2785
1.046740752211294e+00	5.778183458254738e-02	2786
-9.097692147306258e-02	5.663719314235294e-03	2787
9.976322792091040e-02	5.998668821145896e-01	2788
1.606877616201580e-01	6.368598984145225e-01	2789
-1.614438601798027e-01	-1.351736103739336e-01	2790
1.021564750141219e+00	-2.237179752219418e-02	2791
4.686808076909719e-01	-7.441861047284487e-01	2792
1.108265754142416e+00	-2.022876176213438e-01	2793
1.108942345334545e+00	-2.433661317192836e-01	2794
1.099086641985224e+00	-3.264787881892917e-01	2795
-1.446480911819119e-01	7.787755952654242e-02	2796
1.058375734133890e+00	7.144125481604105e-02	2797
4.826953730583230e-02	5.603827655009305e-01	2798
-5.750605218352133e-02	-4.787376945011691e-01	2799
1.461565536902879e-02	-5.593463304527617e-01	2800
1.017787461968016e+00	1.904983535168824e-02	2801
-1.251418246852714e-01	-4.870224438777979e-02	2802
1.022562115323363e+00	2.310113685550325e-02	2803
-8.394541465932497e-02	-4.415665148385284e-01	2804
7.489659916631175e-01	-7.096463910843559e-01	2805
1.052945466941783e+00	-4.576169144132867e-01	2806
-2.507662446633904e-02	-5.192412867090105e-01	2807
1.019916617333425e+00	-1.993703003653408e-02	2808
-1.513719872694362e-01	-7.823014744046272e-02	2809
1.008353051241569e+00	-3.971924678135047e-03	2810
1.008850417605196e+00	5.562738017007648e-03	2811
1.004304674243879e+00	1.493255293191326e-04	2812
-1.204512097159092e-01	4.807264222594103e-02	2813
-2.726857186136713e-02	4.843309824941966e-01	2814
1.028435911329295e+00	-2.978822847777044e-02	2815
1.018985683331738e+00	-1.417850777462688e-02	2816
1.004066537712499e+00	1.578797219377435e-03	2817
1.014303874113378e+00	1.395016322705056e-02	2818
1.004402984436569e+00	2.519573864805311e-03	2819
1.087529961664668e+00	-3.700304136014995e-01	2820
1.025993853758824e+00	-5.014195582655862e-01	2821
-1.526412509272576e-01	1.328157052694370e-01	2822
6.836105350563904e-01	-7.294256958742708e-01	2823
-1.502207627140169e-01	1.112251336391321e-01	2824
1.012290394920513e+00	9.902528485756257e-03	2825
-1.553826439654968e-01	-9.376533093574839e-02	2826
-1.478866913894360e-01	9.264608633351377e-02	2827
1.105197510511576e+00	-2.866568453369235e-01	2828
1.010641930239284e+00	6.846251342114771e-03	2829
1.009339479735626e+00	-4.890704171809262e-03	2830
7.023756435238739e-03	5.228281528144165e-01	2831
-9.946886476795461e-02	-1.314561393190205e-02	2832
-1.049960932537175e-01	-3.041080957860453e-02	2833
1.064579450726660e+00	-6.629931804844720e-02	2834
1.025195524864704e+00	3.168278314940400e-02	2835
-9.656287174257321e-02	3.794461170151618e-01	2836
1.007961489234078e+00	4.568604482378648e-03	2837
1.005996691670137e+00	3.657147651297346e-03	2838
1.004181773095599e+00	-1.297855328171258e-03	2839
1.080443128650632e+00	1.086430656584134e-01	2840
3.135545380042030e-01	6.935268939710109e-01	2841
-1.424259975066008e-01	2.504239719704340e-01	2842
-1.481636750042330e-01	2.201298242111549e-01	2843
-1.507933189371512e-01	1.923722851916340e-01	2844
-1.526634553981883e-01	1.635594225581515e-01	2845
1.004597022914063e+00	-2.215465444869556e-03	2846
-1.480731747638873e-01	-6.458526229521044e-02	2847
-1.423532188938681e-01	6.448807903522537e-02	2848
2.356781340205290e-01	6.690188907221427e-01	2849
-1.020494512942399e-01	3.159308545819814e-02	2850
1.095088116802561e+00	-1.177881554195855e-01	2851
1.104727982151771e+00	-1.690547196412130e-01	2852
-1.553439223556593e-01	-2.605450269990011e-01	2853
-1.491356741223110e-01	-2.919129123640211e-01	2854
-1.057615546145085e-01	-4.032367000003725e-01	2855
-1.248058880314243e-01	-3.648031041926538e-01	2856
-1.622863881380684e-01	-1.930394892942373e-01	2857
-1.607281179031320e-01	-2.249041251477336e-01	2858
1.085742821604217e+00	1.332234676096107e-01	2859
1.100616849900663e+00	-1.432650374934330e-01	2860
1.089639408811621e+00	1.643586999534715e-01	2861
1.091571554522452e+00	1.993835462922731e-01	2862
1.092130145691091e+00	2.350482721166429e-01	2863
1.089091463857643e+00	2.809446977351728e-01	2864
1.081402760403666e+00	3.258231837637104e-01	2865
1.067766457513111e+00	3.709632709990470e-01	2866
1.052141710590990e+00	4.160267110418775e-01	2867
1.027816246814509e+00	4.597725622888628e-01	2868
9.981830249861118e-01	5.025606986781065e-01	2869
9.626408880251179e-01	5.436992643778039e-01	2870
9.213599758127130e-01	5.826147638532257e-01	2871
8.751992175284135e-01	6.181211742834078e-01	2872
8.083028294394221e-01	6.559113656193698e-01	2873
-1.149596039152793e-01	3.413842300668715e-01	2874
-1.272088522253680e-01	3.070072105649619e-01	2875
-1.365397702696973e-01	2.768888173054775e-01	2876
7.241264325256703e-01	6.910400698238256e-01	2877
6.347786366676931e-01	7.143894467323344e-01	2878
5.553320038411097e-01	7.218716253198897e-01	2879
4.764134477815948e-01	7.218473392902439e-01	2880
1.088636308535551e+00	-9.635680514464370e-02	2881
1.082297075968540e+00	-8.075956808965226e-02	2882
1.075027227628753e+00	8.926783646095304e-02	2883
6.122193247338104e-01	-7.400156074718175e-01	2884
6.085584292101617e-02	-5.978495649819420e-01	2885
1.131851585125567e-01	-6.358266667139278e-01	2886
1.689219587184551e-01	-6.660357032460800e-01	2887
3.796175679574940e-01	-7.339575676804494e-01	2888
2.231776633268635e-01	-6.891966176103679e-01	2889
2.951877711289201e-01	-7.139519489701697e-01	2890
-8.850700588107482e-02	-5.347275041542544e-01	2891
-1.095950304838682e-01	4.629467478298748e-01	2892
3.332732404753772e-01	7.878963404721201e-01	2893
1.051330264940193e+00	-4.496947010282573e-02	2894
-1.825234535736893e-01	-3.204803350509667e-01	2895
1.005701710236968e+00	-2.239191925035253e-03	2896
1.046684798019628e+00	4.866792089837163e-02	2897
4.239396018586395e-01	8.064218589938927e-01	2898
1.136428205865798e+00	-4.078044440145016e-01	2899
9.100908588251963e-02	6.824861034481419e-01	2900
5.090952393194019e-01	-8.366006940073935e-01	2901
-1.590565319399910e-01	-4.041075382930905e-01	2902
-1.436852157744102e-01	-5.069713463545791e-02	2903
1.014590839183654e+00	1.122225830671638e-02	2904
1.089584214021229e+00	-5.102591345890510e-01	2905
1.011078237854336e+00	-4.126315116800846e-03	2906
1.009776585293136e+00	-3.434094702990268e-03	2907
1.004979433616592e+00	1.783673946582335e-03	2908
1.026189215739413e+00	-2.199048216339554e-02	2909
1.029291182743358e+00	-2.458139103874843e-02	2910
7.424077162272078e-01	-8.072662116401871e-01	2911
5.863243979601694e-01	-8.311318109611322e-01	2912
1.060789733235018e+00	-5.623887947729603e-01	2913
-1.908300584064967e-01	-1.775307815156947e-01	2914
1.007497977201839e+00	-3.054404138651707e-03	2915
-1.301514196018861e-01	4.217777174138845e-01	2916
1.004651454460041e+00	-6.194253056475540e-04	2917
1.026371017032544e+00	2.654722081064668e-02	2918
1.132583668078395e+00	-3.585284932550418e-01	2919
-1.839713049732343e-01	-1.205844113139123e-01	2920
-1.477294696616274e-01	3.802508290196961e-01	2921
-1.887522467546583e-01	-1.473728796977104e-01	2922
1.033804695317815e+00	-3.113078317391222e-02	2923
-9.962635766591033e-02	1.687964482012959e-02	2924
-1.726479777556379e-01	-3.598188756234627e-01	2925
-1.397645919661295e-01	-4.463012837336165e-01	2926
1.136543199464108e+00	-2.222150554316141e-01	2927
1.071470170961050e+00	7.552862920082773e-02	2928
1.062070193343790e+00	-5.791404856036688e-02	2929
8.773303964253474e-01	-7.437029276373682e-01	2930
1.627668017815530e-01	-7.522825223672133e-01	2931
4.125658448461810e-01	-8.294137439205386e-01	2932
9.829117818149374e-01	-6.599869184297554e-01	2933
6.609819213635100e-01	-8.268554183761618e-01	2934
1.013064958623269e+00	-6.884309213688562e-03	2935
1.015665917282684e+00	-1.005717921479160e-02	2936
1.056310192184063e+00	6.230436981744827e-02	2937
1.007199710648925e+00	3.588409064658693e-03	2938
8.136351693505069e-01	-7.786559257734186e-01	2939
1.017751061675290e+00	1.512222953200678e-02	2940
1.009420613979599e+00	4.162253249168740e-03	2941
1.025246120830685e+00	-6.127611018162266e-01	2942
-1.710050800812832e-02	5.903910203722503e-01	2943
1.108364320002039e+00	-4.581048338117826e-01	2944
9.336955443077923e-01	-7.038178973724567e-01	2945
1.040386152532571e+00	3.749023715121904e-02	2946
1.044137410755440e+00	-3.424864503344685e-02	2947
-8.656122608823676e-02	5.011599149049787e-01	2948
1.139280364410879e+00	-2.676550781837235e-01	2949
3.089136116360430e-02	6.360097806518108e-01	2950
-1.168675125901062e-01	-4.911530506910884e-01	2951
-5.175422258333005e-02	-5.829730619093140e-01	2952
1.021192485849587e+00	-1.673736674549117e-02	2953
-1.176967477615731e-01	3.517751172059662e-02	2954
-5.560963227588330e-02	5.438399750583511e-01	2955
1.004587665694491e+00	9.417316963689294e-04	2956
-1.757582427966299e-01	1.188155695986931e-01	2957
-1.715499741800608e-01	9.857072588837296e-02	2958
1.010644481535079e+00	4.961145237219379e-03	2959
-1.790707188839303e-01	-9.948785775052174e-02	2960
-1.714768683065100e-01	-7.337541876610590e-02	2961
-1.388964245229038e-01	5.075529112029845e-02	2962
1.138242842765609e+00	-3.119395228771625e-01	2963
1.012340975167800e+00	7.860509717353763e-03	2964
-1.156943526476971e-01	-1.741868066320838e-02	2965
-1.202106493895187e-01	-3.312176585020715e-02	2966
1.030388943191284e+00	3.349020198829567e-02	2967
1.005494045925375e+00	2.631922026997371e-03	2968
1.005113257677263e+00	-1.430705587633620e-03	2969
-1.794879003363971e-01	2.412613883976016e-01	2970
-1.799783272827272e-01	1.475032242475998e-01	2971
-1.809483229603687e-01	2.088146539510856e-01	2972
-1.806787473167249e-01	1.792785551619061e-01	2973
-1.652405110010367e-01	7.380363156782781e-02	2974
2.489468886622918e-01	7.614551266295631e-01	2975
1.661281931212648e-01	7.267233008931012e-01	2976
-1.063825647726759e-01	1.185358076714099e-03	2977
-1.886036409244481e-01	-2.823266194952702e-01	2978
-1.926969126420530e-01	-2.094487577919941e-01	2979
-1.915063748708162e-01	-2.466539839176983e-01	2980
1.100013950963091e+00	1.176579656848045e-01	2981
1.116110779106151e+00	-1.265098683188640e-01	2982
1.107690087557932e+00	1.467631998149518e-01	2983
1.123601370108046e+00	-1.527531359361629e-01	2984
1.114203652900845e+00	1.811433410679315e-01	2985
1.130684392956016e+00	-1.829404972327079e-01	2986
1.118895513463567e+00	2.174384355828993e-01	2987
1.121881496767698e+00	2.608985976180600e-01	2988
1.120472974028202e+00	3.102586055848343e-01	2989
1.113373012331794e+00	3.609922721576643e-01	2990
1.102691933252495e+00	4.092974895133897e-01	2991
1.083552641808587e+00	4.631753788934926e-01	2992
1.061756674790173e+00	5.162473092827548e-01	2993
1.029755973680315e+00	5.672888656729945e-01	2994
9.906634731412455e-01	6.165221613214127e-01	2995
9.446350552474597e-01	6.625870916689890e-01	2996
8.812423140373068e-01	7.098000796166167e-01	2997
-1.610142503371670e-01	3.381094105679298e-01	2998
-1.700403169047009e-01	3.033812127455972e-01	2999
-1.752229064488059e-01	2.712809562029849e-01	3000
7.985057700134874e-01	7.547926358369486e-01	3001
7.011795375847250e-01	7.909660421921584e-01	3002
6.027909019285415e-01	8.096109102104947e-01	3003
5.151190312371550e-01	8.132970215285713e-01	3004
1.107294302851659e+00	-1.023739587542321e-01	3005
1.077226934646222e+00	-6.822980694442829e-02	3006
1.098605992658675e+00	-8.317178248322296e-02	3007
1.092059883763160e+00	9.522609936605129e-02	3008
-7.977820924348705e-03	-6.307989691127481e-01	3009
4.283185450826711e-02	-6.748597961567977e-01	3010
1.027239244131442e-01	-7.184992805354919e-01	3011
3.157030209691744e-01	-8.094320841642250e-01	3012
2.301791184174075e-01	-7.814574534689499e-01	3013
1.055379657404870e+00	5.259054168703395e-02	3014
1.128864463604993e+00	-5.658731837442781e-01	3015
-2.051820903627689e-01	1.285845520991554e-01	3016
1.008832065143288e+00	-2.671191816817232e-03	3017
1.179671316400768e+00	-3.789707109557475e-01	3018
1.176068462810933e+00	-3.400186511959756e-01	3019
3.582271611840298e-01	8.936040028812049e-01	3020
8.147799662124047e-01	-8.859807585722460e-01	3021
1.005534342060847e+00	1.014534244428644e-03	3022
1.006136742041113e+00	-1.305690170153919e-03	3023
1.032708480999742e+00	2.757426369536069e-02	3024
1.190061938866007e-02	7.220569842406883e-01	3025
8.913692544558288e-01	-8.456222276852430e-01	3026
1.012895093104331e+00	-4.886505692935195e-03	3027
1.018200244089699e+00	-1.146342666740538e-02	3028
2.415934096702161e-01	-8.858596184744842e-01	3029
1.101177662187742e+00	-6.285831439891120e-01	3030
1.044913872779573e+00	4.384378204160238e-02	3031
1.073291736298201e+00	-5.914500810214197e-02	3032
8.500048503756030e-02	7.776593769664579e-01	3033
8.864911895479841e-02	-8.105952064011427e-01	3034
1.023675423641604e+00	-1.905605588527661e-02	3035
1.005181079707126e+00	1.839745209201682e-04	3036
1.027285060080127e+00	2.178061475053063e-02	3037
-2.236933815917475e-01	-1.906585011992849e-01	3038
-1.371621314129394e-01	-3.395948687390789e-02	3039
1.005603373191621e+00	-6.162771228219054e-04	3040
-2.265560823594474e-01	-3.067230429191574e-01	3041
-1.206477175364299e-01	-3.252313408314875e-03	3042
2.621512330139025e-01	8.650845932706338e-01	3043
-1.488986601232095e-01	5.123576454722434e-01	3044
-1.145955122625566e-01	1.756882848972693e-02	3045
1.040141091638167e+00	-3.017258889792506e-02	3046
1.087118454991468e+00	7.925112078205232e-02	3047
4.611111283105054e-01	9.106671302737942e-01	3048
-8.922422950698776e-02	6.105118565439055e-01	3049
-1.241024970811498e-01	-5.978103735018878e-01	3050
-2.134146899979534e-01	1.932642009794055e-01	3051
-2.209400204325749e-01	-3.497585387374846e-01	3052
7.248952248013670e-01	-9.170727692955630e-01	3053
1.585388367491082e-01	-8.506485172171346e-01	3054
-1.544668121417926e-01	-5.448526228809178e-01	3055
4.517217238557957e-01	-9.348730691923745e-01	3056
-2.127950844856950e-01	-3.948772929867177e-01	3057
1.016950764099727e+00	1.284049358132041e-02	3058
1.008555696118710e+00	3.324535292327892e-03	3059
1.022447374928155e+00	-1.342140214821120e-02	3060
9.579609271554355e-01	-7.983378059532760e-01	3061
-2.279494971283101e-01	-2.664607782248903e-01	3062
1.006802877721227e+00	-2.157552641007581e-03	3063
-1.698526656809299e-01	4.669432564506414e-01	3064
1.020914792392932e+00	1.704749018550844e-02	3065
1.030469345316295e+00	-1.998097761852089e-02	3066
1.174974500774746e+00	-2.904836793727657e-01	3067
-1.997482866263669e-01	3.731013905261738e-01	3068
-1.860339595035001e-01	4.205213355630424e-01	3069
-1.642549940555635e-01	-5.156424524554343e-02	3070
-1.973867746149013e-01	-4.456412750525690e-01	3071
1.060259315915242e+00	-4.819392358372862e-02	3072
3.424376466358415e-01	-9.164226215290765e-01	3073
1.014969166023950e+00	-7.457639103502383e-01	3074
5.912559491516690e-01	-9.345401119619202e-01	3075
1.015191956876298e+00	-7.768514566745530e-03	3076
1.067638322094123e+00	6.462827848061362e-02	3077
1.011126629767616e+00	-2.462156970066275e-03	3078
1.062655913280493e+00	-6.889597647572683e-01	3079
-4.448095908880424e-02	6.667369348049543e-01	3080
1.167122699735639e+00	-4.583449080401819e-01	3081
1.151680488333257e+00	-5.028751741294442e-01	3082
1.035638847366841e+00	-2.502916348843739e-02	3083
-1.235638854894126e-01	5.601484711689664e-01	3084
-1.798483651353544e-01	-4.933457073058314e-01	3085
-1.974188929711729e-01	-7.934821097134148e-02	3086
-1.596389817822272e-01	5.235223082443793e-02	3087
1.010849350501864e+00	3.319796817085466e-03	3088
1.012370537065366e+00	5.873899347137026e-03	3089
-1.986240600874542e-01	1.030403603701422e-01	3090
-2.059700084431532e-01	-1.037914752579018e-01	3091
-2.101946838491704e-01	1.620567445094534e-01	3092
-1.353091428933525e-01	3.764203930084351e-02	3093
1.014356744089004e+00	8.927244753476294e-03	3094
-1.330789291699753e-01	-2.097137178096150e-02	3095
1.036816613129861e+00	3.312720627654593e-02	3096
1.006005425030498e+00	1.742982596303015e-03	3097
1.006591521822783e+00	2.642457074806354e-03	3098
-2.130770343451089e-01	-1.284556773044148e-01	3099
-2.189876701081135e-01	-1.596535113945082e-01	3100
-2.156080606770338e-01	2.261878131863574e-01	3101
-1.912535398717518e-01	7.976342078951926e-02	3102
1.717530715713696e-01	8.278467064540324e-01	3103
-2.280110720564508e-01	-2.280537488012890e-01	3104
1.122988319912027e+00	1.276174538029274e-01	3105
1.140035668984830e+00	-1.338027372337487e-01	3106
1.133772717316440e+00	1.601844611031102e-01	3107
1.150566678227047e+00	-1.622196712492100e-01	3108
1.143071811875620e+00	1.964787099828209e-01	3109
1.160816954411306e+00	-1.983592727325255e-01	3110
1.151283338938633e+00	2.378130318576052e-01	3111
1.169808141412626e+00	-2.428444995660258e-01	3112
1.156649760584058e+00	2.874413511518811e-01	3113
1.157241134498046e+00	3.421579780848125e-01	3114
1.152625642105951e+00	3.959169916486295e-01	3115
1.140888430058077e+00	4.542236303510666e-01	3116
1.124656048086232e+00	5.121822445964535e-01	3117
1.097893005031383e+00	5.756514046062281e-01	3118
1.066741723689137e+00	6.382778473394241e-01	3119
1.023736096908726e+00	6.973235828233251e-01	3120
9.641377401921167e-01	7.572667733344923e-01	3121
-2.077714992445531e-01	3.313166767438960e-01	3122
-2.129565278659864e-01	2.935059492986243e-01	3123
-2.149574581973761e-01	2.611511555170107e-01	3124
8.834300074340693e-01	8.156213663302567e-01	3125
7.829484086019475e-01	8.663598100597457e-01	3126
6.697830408921189e-01	9.007984663069442e-01	3127
5.623314337694453e-01	9.135252992565449e-01	3128
1.128989757922912e+00	-1.080567035310811e-01	3129
1.091899928442162e+00	-6.909112529655409e-02	3130
1.117439492231923e+00	-8.615852994203874e-02	3131
1.112101228090970e+00	1.011016639169382e-01	3132
-8.332183199009499e-02	-6.534510217343039e-01	3133
-3.483646948100605e-02	-7.104022787611463e-01	3134
2.299914535717430e-02	-7.619687792730914e-01	3135
1.048403674886679e+00	3.667754690955334e-02	3136
9.836330045871293e-01	-9.057315283572787e-01	3137
1.006611572498397e+00	-3.879110775001042e-04	3138
1.017924510316869e+00	-8.518749420031588e-03	3139
-1.994859581662297e-01	-6.039403339675473e-01	3140
-7.496580064419207e-02	7.535045713634586e-01	3141
1.023888693920998e+00	1.876360679384458e-02	3142
1.199084445183939e+00	-5.554932587644000e-01	3143
1.145259770144282e+00	-6.991275620110091e-01	3144
1.036348441197193e+00	-1.909556326765150e-02	3145
-1.539224294456195e-01	-2.775061483447723e-02	3146
-1.313430350601293e-01	1.580746101467000e-02	3147
-1.273910273581869e-01	6.863031616137437e-01	3148
-6.575446632034306e-03	8.212128608602568e-01	3149
2.790010626512057e-01	9.817054250614328e-01	3150
1.065530733403224e+00	5.654071308240590e-02	3151
3.766766055044140e-01	-1.035607346120130e+00	3152
2.589225977816486e-01	-1.003693764557290e+00	3153
-2.698555144995244e-01	-2.868947927887807e-01	3154
1.014290520802843e+00	6.761578964175493e-03	3155
1.024897391585625e+00	-1.583331973614093e-02	3156
-2.517993516377843e-01	3.610397379776217e-01	3157
8.057297659512800e-01	-1.008247932897535e+00	3158
1.014904082090571e+00	-5.599870499057238e-03	3159
1.021200793002001e+00	2.089537542215288e-02	3160
-1.949924530902018e-01	5.670572840173278e-01	3161
1.046560695493262e+00	-2.783035575736744e-02	3162
-2.693113874383897e-01	-3.329532150743280e-01	3163
-2.615896397587939e-01	-2.041343877988929e-01	3164
1.016985237168074e+00	9.920492383661505e-03	3165
-1.887241926299873e-01	-5.440888782064571e-02	3166
-2.160584247149275e-01	5.153539798168769e-01	3167
1.105247078274750e+00	8.309051340317397e-02	3168
1.213890763226594e+00	-4.995087028014513e-01	3169
1.224242572206287e+00	-4.264727430544930e-01	3170
1.150045070556284e+00	1.372707636399665e-01	3171
-2.509765262127180e-01	2.068122475767659e-01	3172
3.906188495916829e-01	1.011528329563569e+00	3173
1.070641589832603e+00	-5.135974171917136e-02	3174
1.085874438423992e+00	-5.909208850786812e-02	3175
-6.633953343010129e-04	-8.594174879077416e-01	3176
-2.662162402782323e-01	-3.798653100882137e-01	3177
1.178180265121090e+00	-6.248550110227808e-01	3178
5.075109740728967e-01	1.025367366319562e+00	3179
9.029701384628848e-01	-9.618389124383122e-01	3180
1.010161060042353e+00	-1.991883068715290e-03	3181
1.012738847019645e+00	-3.347376782670352e-03	3182
1.053747364727240e+00	-3.555240308862204e-02	3183
1.058475338426478e+00	-3.879904631320001e-02	3184
1.579566397661911e-01	-9.629386045427312e-01	3185
1.020486279212905e+00	1.327579446876612e-02	3186
1.006172626460778e+00	2.243445283712178e-04	3187
-1.550802096982667e-01	3.879242881172523e-02	3188
7.955760049577836e-02	8.857697978654997e-01	3189
-2.441392886746662e-01	-4.883653137817328e-01	3190
-2.320862823850854e-01	4.622224236969462e-01	3191
7.342421442743051e-02	-9.146777289282123e-01	3192
6.711433599186248e-01	-1.039741565725905e+00	3193
-2.252064253766452e-01	-5.459500852263907e-01	3194
1.009936027960448e+00	2.768133193987185e-03	3195
1.043465303532448e+00	3.141075127193420e-02	3196
1.008042224946103e+00	-1.917868394179194e-03	3197
1.007276896337989e+00	-1.102888936945545e-03	3198
1.027875446819376e+00	-1.798878667753860e-02	3199
1.223069522537142e+00	-3.549553734033279e-01	3200
1.216563981984192e+00	-3.141602445473342e-01	3201
-2.433708485926482e-01	4.109275327845253e-01	3202
-2.586540564875213e-01	-4.349328708726454e-01	3203
1.050952986414879e+00	-8.423145992996994e-01	3204
5.199924314795432e-01	-1.048808094114767e+00	3205
1.080650543962019e+00	6.630950188004404e-02	3206
1.105521407676533e+00	-7.734843520611555e-01	3207
-1.657586199321562e-01	6.252949138663110e-01	3208
-2.539072528231879e-01	-1.693530149458191e-01	3209
1.012364150539369e+00	4.337699083419246e-03	3210
-1.839855885400699e-01	5.565518948978401e-02	3211
-2.263235435080979e-01	-8.235064942601872e-02	3212
-2.296314465351558e-01	1.081497890257228e-01	3213
-2.452789172430728e-01	1.736301923488568e-01	3214
-1.413471313559265e-01	-1.367685721912303e-03	3215
1.039271133380268e+00	2.709176015207265e-02	3216
1.042062012094911e+00	-2.392662988912342e-02	3217
1.006556685600099e+00	8.709723593923061e-04	3218
1.007154768741687e+00	1.637111475019453e-03	3219
1.007841264007181e+00	2.510126188472014e-03	3220
-2.366025773043783e-01	-1.076490522037842e-01	3221
-2.457275733361258e-01	-1.376509807607977e-01	3222
-2.381464931152567e-01	1.400727272711466e-01	3223
-2.202169341577302e-01	8.280876111738492e-02	3224
1.769909648228486e-01	9.414325509731788e-01	3225
-2.670252942672143e-01	-2.462631035021743e-01	3226
1.167634300373803e+00	-1.396162115546180e-01	3227
1.163986171089399e+00	1.723908373349830e-01	3228
1.181796606978370e+00	-1.727304670131828e-01	3229
1.177198308972810e+00	2.119045213289875e-01	3230
1.196179213036077e+00	-2.141759579199153e-01	3231
1.188897263747496e+00	2.596831247514310e-01	3232
1.208161324871048e+00	-2.626155153597164e-01	3233
1.197546946260849e+00	3.152680998631036e-01	3234
1.200465165723672e+00	3.738466765355812e-01	3235
1.197231026159497e+00	4.362136480014320e-01	3236
1.187860176587840e+00	4.996717488429113e-01	3237
1.169348223513790e+00	5.695634277646165e-01	3238
1.144562614160799e+00	6.392013269303487e-01	3239
1.106319982194803e+00	7.136684880035473e-01	3240
1.057026606421493e+00	7.919607613844279e-01	3241
-2.545380045384643e-01	2.438898604150633e-01	3242
-2.551434564046661e-01	3.181130006848931e-01	3243
-2.562649040014203e-01	2.795527846890195e-01	3244
9.806974328500665e-01	8.678128602371190e-01	3245
8.798653430821212e-01	9.371042522453207e-01	3246
7.575234480816255e-01	9.912908506440982e-01	3247
6.282529938736953e-01	1.020372473090488e+00	3248
1.153558661779483e+00	-1.126790976339972e-01	3249
1.109119228783426e+00	-6.975215187834860e-02	3250
1.139244785381716e+00	-8.856695050722077e-02	3251
1.135546535895053e+00	1.074097145024049e-01	3252
-1.656379675138368e-01	-6.687483511148771e-01	3253
-1.211450404118839e-01	-7.322903023494700e-01	3254
-6.529850773668837e-02	-7.999617953433363e-01	3255
-3.121644539999596e-01	-2.624203504801370e-01	3256
-2.931031674341555e-01	2.209197487456430e-01	3257
6.010612949540559e-01	-1.171426657407588e+00	3258
1.090224420411342e+00	-9.519014208187737e-01	3259
-1.066602089748033e-01	8.529961276986058e-01	3260
-3.181800579565647e-01	-4.135414058111205e-01	3261
-2.470687818168234e-01	6.291539927307160e-01	3262
4.332846259097965e-01	1.142325644092211e+00	3263
1.054480450826917e+00	4.323318178907642e-02	3264
1.009304452614608e+00	-1.387198308294243e-03	3265
1.012725672426612e+00	-1.459384873410742e-03	3266
1.068045430580552e+00	-4.137578698490010e-02	3267
-2.739660773702666e-02	-9.692087047608799e-01	3268
2.839927869313386e-01	-1.136128866279190e+00	3269
4.346136188728996e-01	-1.167053015655986e+00	3270
1.026054664568059e+00	-1.220081424788763e-02	3271
-2.141950913885624e-01	6.977623691910305e-01	3272
-1.005297961015731e-01	-9.001859377369913e-01	3273
1.019645825500689e+00	1.140252819920528e-02	3274
1.020742130433491e+00	-9.760432445299942e-03	3275
1.844357975604784e-01	1.069336223097487e+00	3276
1.017232614235947e+00	-6.405888106308496e-03	3277
-1.771432607619769e-01	3.841633040168245e-02	3278
-2.152133679571228e-01	-5.654230110658203e-02	3279
-3.039582533227613e-01	3.430604736190003e-01	3280
1.028235127303999e+00	1.735414525415147e-02	3281
-2.586452657601404e-01	-8.329871234869063e-02	3282
1.063907949954905e+00	4.599683932830419e-02	3283
-2.938629159248399e-01	-1.777833300958317e-01	3284
-2.853427097467005e-01	1.832852061686707e-01	3285
3.027571892543754e-01	1.112832673239986e+00	3286
-2.774069445632335e-01	-6.020598189485162e-01	3287
1.181180633223152e+00	1.458511810756111e-01	3288
1.200195082371178e+00	-7.760429893926103e-01	3289
5.718517180484117e-01	1.149345233413684e+00	3290
-3.040130300858164e-01	-2.189712116609497e-01	3291
1.126655110839062e+00	8.667927374593155e-02	3292
1.627324772060196e-01	-1.090950221490524e+00	3293
-2.516933732902326e-01	-6.703784244936587e-01	3294
1.099845534217424e+00	-5.746852931810981e-02	3295
1.008649749504598e+00	-1.028751581297719e+00	3296
-2.532111747070423e-02	9.346216194700359e-01	3297
1.256082728792934e+00	-6.102830879893153e-01	3298
1.034541561673153e+00	2.188772117844607e-02	3299
-1.700329189482262e-01	7.729241867247443e-01	3300
1.077089261521911e+00	5.789977052282452e-02	3301
1.016516514143238e+00	7.772092478928536e-03	3302
1.024050421675647e+00	1.486337177727123e-02	3303
1.031703319922604e+00	-1.566568742690769e-02	3304
1.028577963996834e+00	-1.385296858110585e-02	3305
-3.016614697742631e-01	3.945977243317333e-01	3306
7.656674543816925e-01	-1.147853405905667e+00	3307
1.014663689438479e+00	-3.936232368503616e-03	3308
1.048269360870069e+00	-2.128083482127822e-02	3309
-3.173022538019205e-01	-3.092539746319320e-01	3310
-2.691478493954460e-01	5.666655860879269e-01	3311
1.268835498125419e+00	-5.438848270461289e-01	3312
1.276511438364752e+00	-4.710424906352647e-01	3313
1.082135076171719e+00	-5.182868798914355e-02	3314
-3.192014438599847e-01	-3.585169695743854e-01	3315
1.232275697567005e+00	-6.931231567169548e-01	3316
9.060877344068579e-01	-1.095656042767762e+00	3317
1.012533511460642e+00	2.463618232840819e-03	3318
5.936949427922586e-02	-1.033424123609791e+00	3319
-1.488883443068396e-01	1.812991502583617e-02	3320
7.343793028949674e-02	1.007869312862812e+00	3321
-3.100722598950895e-01	-4.761122215869535e-01	3322
-2.855266123686915e-01	5.068913822556932e-01	3323
-2.976738677899638e-01	-5.362177157790573e-01	3324
1.045766896161504e+00	2.506536006163365e-02	3325
1.050957994432899e+00	2.944806327528728e-02	3326
1.008497769185226e+00	-7.258805165879282e-04	3327
1.274983646055587e+00	-3.895150508467798e-01	3328
-2.953620152533054e-01	4.488124621968260e-01	3329
1.097500286822431e+00	6.726453169648379e-02	3330
1.150062755175057e+00	-8.649552733289154e-01	3331
-1.637212854749854e-01	-6.842310118954961e-03	3332
1.014215941868753e+00	5.094433607543926e-03	3333
-1.829524391657896e-01	-2.414066670648956e-02	3334
-2.102747567648099e-01	5.780835132056322e-02	3335
-2.756992770557245e-01	1.489635307680006e-01	3336
1.042586486451872e+00	-1.746992379251313e-02	3337
1.007580662148456e+00	3.623986716668517e-04	3338
1.008401070101739e+00	1.366381216895689e-03	3339
1.009141879064941e+00	2.093307661684470e-03	3340
-2.827767392275825e-01	-1.441676985315342e-01	3341
-2.714563746586444e-01	-1.126939770512407e-01	3342
-2.649799822318632e-01	1.151148983065730e-01	3343
-2.528174882200622e-01	8.448872861602993e-02	3344
1.199262686039738e+00	1.832677142497833e-01	3345
1.199367181462228e+00	-1.454835795358651e-01	3346
1.218303384820866e+00	-1.830864122865394e-01	3347
1.216796704153053e+00	2.283408911415364e-01	3348
1.264891484853876e+00	-3.271241508568928e-01	3349
1.236713379331575e+00	-2.296652201606569e-01	3350
1.233047742772446e+00	2.821947114997270e-01	3351
1.252754669843119e+00	-2.816013140987097e-01	3352
1.244738179309609e+00	3.432026787016986e-01	3353
1.250803628710981e+00	4.087024401906574e-01	3354
1.250167614021457e+00	4.774669369339640e-01	3355
1.240913006338282e+00	5.522373485200838e-01	3356
1.224102297192834e+00	6.294722238129107e-01	3357
1.194773849884038e+00	7.133673131535961e-01	3358
1.154247182282016e+00	8.001185902486310e-01	3359
-2.992698223356122e-01	2.591222544183939e-01	3360
-3.036168787856769e-01	2.997360522408643e-01	3361
1.089694647918315e+00	9.033870711240580e-01	3362
9.928409471613731e-01	9.965373693821079e-01	3363
8.662349499414721e-01	1.075905720450943e+00	3364
7.190822432893383e-01	1.129339074581273e+00	3365
1.181466706922174e+00	-1.151211434678888e-01	3366
1.128782498564122e+00	-7.042053025784126e-02	3367
1.163967210047922e+00	-9.009996986729803e-02	3368
1.162969775463955e+00	1.130866711844094e-01	3369
-2.132039032383013e-01	-7.470934149348547e-01	3370
-1.640042571007855e-01	-8.218710053574462e-01	3371
5.116425867447870e-01	-1.309866877727505e+00	3372
-1.412523404384698e-01	9.676835359006941e-01	3373
-3.764783149574693e-01	-3.856835841337198e-01	3374
1.058068827473043e+00	3.557122029754554e-02	3375
1.053816359484425e+00	-2.631340703077119e-02	3376
-5.547088702291544e-02	-1.094141937586311e+00	3377
4.866683229995984e-02	-1.169512921397560e+00	3378
1.205718903923053e+00	-9.671834176801184e-01	3379
1.027788817838764e+00	-1.171660471030673e+00	3380
-2.166829693409706e-01	8.739519362551268e-01	3381
1.010435985762208e+00	1.380575873194628e-03	3382
-1.697899592261747e-01	1.963584540895206e-02	3383
1.240030751310527e+00	1.941582009437570e-01	3384
3.368626175795943e-01	1.260166647645972e+00	3385
-2.125451200927383e-01	-9.232472615287305e-01	3386
6.822397884603770e-02	1.146142334152120e+00	3387
1.074671771847718e+00	4.974655561015119e-02	3388
1.117505562858944e+00	-5.478917267618180e-02	3389
7.011975561892916e-01	-1.300206406263767e+00	3390
1.028068283928948e+00	1.294219737177324e-02	3391
-2.698213230494692e-01	7.803362043554548e-01	3392
1.014386057144528e+00	-2.137045060932674e-03	3393
1.037436074977471e+00	-1.358528016539434e-02	3394
1.297496622739640e+00	-7.658185806720841e-01	3395
-3.761802870181919e-01	-4.513249285069298e-01	3396
1.131148583527550e+00	-1.077660261894562e+00	3397
1.016865935344030e+00	-4.476463648828230e-03	3398
-3.307570772039019e-01	6.230801482021208e-01	3399
1.010529512711896e+00	-5.599254559291440e-04	3400
-3.410346571035976e-01	2.322379667669243e-01	3401
1.090019771538591e+00	5.747693725385420e-02	3402
-2.037403150035847e-01	-2.764011816411239e-02	3403
1.016346831797623e+00	5.831110291478936e-03	3404
-2.445183058614162e-01	-5.569165104401116e-02	3405
1.236168615782099e+00	-1.503261059562178e-01	3406
4.941276894395084e-01	1.285673557621506e+00	3407
6.628839326052245e-01	1.279180517679376e+00	3408
1.116866927014887e+00	6.894892171007536e-02	3409
-1.405870062783004e-01	-1.012767119024035e+00	3410
-3.591325349799148e-01	4.282114003714944e-01	3411
-3.523430686198329e-01	-2.312564351879177e-01	3412
-3.050503083532016e-01	6.984740545042398e-01	3413
1.065354559755201e+00	-3.183012775073456e-02	3414
1.012629123117691e+00	5.030835471354064e-04	3415
1.751702264202505e-01	-1.236093688993213e+00	3416
3.292911131492299e-01	-1.285007436152823e+00	3417
1.024664542136966e+00	-8.168424818612947e-03	3418
1.020169185433266e+00	-6.707378935315630e-03	3419
1.972916431882676e-01	1.213800015054615e+00	3420
-3.594965073025280e-01	3.708147937010200e-01	3421
-2.399590500308702e-01	5.707320423205871e-02	3422
1.257720330569308e+00	-8.670285143190054e-01	3423
-3.388863900290879e-01	-1.874674772200097e-01	3424
-3.306232408210132e-01	1.929434426712102e-01	3425
1.151352577679112e+00	8.989993005266085e-02	3426
-3.394079235797478e-01	-6.625081048923095e-01	3427
-4.553203789099349e-02	1.063439776027464e+00	3428
1.320239876833305e+00	-6.733798633965453e-01	3429
1.019396892308005e+00	8.344496577008134e-03	3430
1.032143223542050e+00	-1.127160052371486e-02	3431
1.029314377913632e+00	-9.953854327780346e-03	3432
1.040875797265573e+00	2.081724370631503e-02	3433
1.048669532286053e+00	-1.448470473525148e-02	3434
1.333630786786325e+00	-5.905889431294739e-01	3435
1.338111005124750e+00	-5.142486299162493e-01	3436
1.079028679762827e+00	-4.392735058226391e-02	3437
-3.635525845934241e-01	-2.792721072737036e-01	3438
-3.563113538521625e-01	3.204329651364547e-01	3439
8.825425627571525e-01	-1.251792241016240e+00	3440
1.014117652104568e+00	3.286300463430749e-03	3441
-3.597967969009079e-01	-5.896021234625873e-01	3442
-3.458370137959471e-01	5.550141010637462e-01	3443
-3.706862956391840e-01	-5.183912498219799e-01	3444
1.052696707332304e+00	2.223756310001750e-02	3445
1.333861683931232e+00	-4.289693482242145e-01	3446
-3.556524762806301e-01	4.884247505711971e-01	3447
-1.865530373656203e-01	2.880868048583123e-04	3448
-2.022939530567712e-01	3.786607450850545e-02	3449
-3.181107574302665e-01	1.549244460494753e-01	3450
-2.952720699498476e-01	-8.408847686892645e-02	3451
1.009495731238049e+00	4.197674182936820e-04	3452
-3.246024373560683e-01	-1.480926520339576e-01	3453
-3.046389625480101e-01	1.204343221609346e-01	3454
-3.103776013066766e-01	-1.156855387874185e-01	3455
-2.899575387016907e-01	8.672782445036085e-02	3456
1.217077781361222e+00	1.522937861737954e-01	3457
1.260163980033206e+00	-1.932698376187115e-01	3458
1.263126656550005e+00	2.446584671855820e-01	3459
1.303083491198652e+00	-2.923317947591098e-01	3460
1.283529164563392e+00	-2.434303366219621e-01	3461
1.283718767736551e+00	3.050658734671494e-01	3462
1.320622946982462e+00	-3.497898750182453e-01	3463
1.299834377808199e+00	3.721291593350725e-01	3464
1.309507719896741e+00	4.446550734376597e-01	3465
1.310748164293781e+00	5.240067520663759e-01	3466
1.303889816919377e+00	6.075446103078748e-01	3467
1.285187108801068e+00	6.991669050646487e-01	3468
1.254716656436714e+00	7.956404226859188e-01	3469
-3.501994632192283e-01	2.737198104272189e-01	3470
-3.712455720671221e-01	-3.305885818047913e-01	3471
1.204889501503954e+00	9.054837649744848e-01	3472
1.121896286718404e+00	1.036413724130881e+00	3473
9.963276709943603e-01	1.146372931901222e+00	3474
8.379155945648018e-01	1.232681770702969e+00	3475
1.213241981748370e+00	-1.167006332800583e-01	3476
1.151133517992275e+00	-7.001170422861747e-02	3477
1.191762902355445e+00	-8.915877598786263e-02	3478
1.194443845840976e+00	1.176627723223753e-01	3479
-3.107871872479632e-01	-7.458054926946323e-01	3480
-2.674715056709766e-01	-8.339607423320660e-01	3481
3.967905754085942e-01	-1.449705035216851e+00	3482
1.047067976910568e+00	1.823944104598150e-02	3483
-4.405952007309529e-01	-4.172741597536180e-01	3484
1.025413056108158e+00	-1.341751081894010e+00	3485
-4.257038524708406e-01	4.617236360929394e-01	3486
1.014342656875791e+00	-2.595693660834807e-04	3487
1.137745233944827e+00	-5.295703957309613e-02	3488
2.191926180317569e-01	1.377015030207421e+00	3489
5.828776566577513e-01	1.438754534288680e+00	3490
3.895128205024891e-01	1.424233546527301e+00	3491
1.179816837083282e+00	9.189732247966226e-02	3492
1.062795605337783e+00	-2.209848958648129e-02	3493
-3.729244053954824e-01	7.755071616871816e-01	3494
-3.306876028653472e-01	-9.317617944812344e-01	3495
1.070682022563153e+00	3.770946069154226e-02	3496
6.117154722161307e-01	-1.461903406017923e+00	3497
1.266071041140317e+00	-1.088180252233466e+00	3498
1.024578091137378e+00	1.083236869684390e-02	3499
1.032224567730106e+00	1.497185978129193e-02	3500
1.327087556453330e+00	-9.665141105766950e-01	3501
-3.812802398642282e-01	1.999120642419298e-01	3502
1.139294863966270e+00	6.997339256834886e-02	3503
-4.166031284995413e-01	3.413301541339744e-01	3504
1.023291378902995e+00	-4.672776088216568e-03	3505
1.036520654272151e+00	-8.377687854858984e-03	3506
-3.490683071365110e-01	1.222210447202549e-01	3507
-4.161206760924574e-01	6.057315468567176e-01	3508
1.055198405837174e+00	-1.859577635259824e-02	3509
-3.951804243059493e-01	2.414655709346730e-01	3510
1.104497838234398e+00	5.440094906724940e-02	3511
-2.146031934781764e-01	-1.292071454332768e-03	3512
-3.898698116843383e-01	-1.946193787412091e-01	3513
1.036895787900473e+00	1.648325190322011e-02	3514
-2.318390196712924e-01	-3.057078997995821e-02	3515
1.287458698195346e+00	2.039299181126421e-01	3516
7.884730686071506e-01	1.406740508759045e+00	3517
-4.408690512393869e-01	-5.638590978062235e-01	3518
1.090970291411069e+00	-4.383189241969943e-02	3519
-4.435154197428450e-01	-4.890270680485366e-01	3520
-1.787243522820811e-01	1.099495386175421e+00	3521
-2.781272791209818e-01	-5.266082117251059e-02	3522
1.106444369484053e+00	-4.270289347770537e-02	3523
1.043132383056071e+00	-1.120802457709296e-02	3524
-8.286441576068170e-02	-1.237359248260143e+00	3525
-2.667515947570404e-01	9.901612660123200e-01	3526
-4.234549170745311e-01	5.318407426439284e-01	3527
-1.840439421131808e-01	-1.140041163654507e+00	3528
6.673982543060898e-02	1.303341059405369e+00	3529
-3.319166197012135e-01	8.766297314344406e-01	3530
1.016185168485287e+00	4.075868946673982e-03	3531
1.369224687875702e+00	-8.523121299093198e-01	3532
1.169927156811118e+00	-1.224933286204444e+00	3533
1.016527876317176e+00	-2.735597887372338e-03	3534
-3.998022650809123e-01	6.880034106626304e-01	3535
1.018799515275021e+00	6.589915953322562e-03	3536
1.249654506232567e+00	-1.163043380601437e-01	3537
-2.672697853112750e-01	-1.037876397488775e+00	3538
-4.213797162183823e-01	-2.955894279051282e-01	3539
4.425991728286027e-02	-1.325658243651248e+00	3540
2.046861469662916e-01	-1.401188090482165e+00	3541
1.019392993183604e+00	-5.007418978964881e-03	3542
-4.224060353327884e-01	3.992956498624115e-01	3543
-4.290428786528500e-01	-6.465158045960043e-01	3544
-6.650766526395276e-02	1.209958608354580e+00	3545
1.395784166100518e+00	-7.407848198333018e-01	3546
1.022370185742055e+00	9.631792222000054e-03	3547
1.032378669562511e+00	-7.033381239151099e-03	3548
1.028204994668339e+00	-5.830949352696143e-03	3549
1.407152302099324e+00	-6.447923536964449e-01	3550
1.409966807134746e+00	-5.566211731442077e-01	3551
1.075570398574182e+00	-3.368170616578505e-02	3552
8.299506860725738e-01	-1.427217044279481e+00	3553
1.014259857347073e+00	1.417464928130758e-03	3554
1.059188884365289e+00	2.716638543517170e-02	3555
1.402289000922299e+00	-4.681182437953036e-01	3556
-2.304981220947014e-01	3.749007621755981e-02	3557
-1.937391988326532e-01	2.237136440735065e-02	3558
-3.659306024372323e-01	1.595634556032171e-01	3559
-3.720071367211223e-01	-1.521479967814847e-01	3560
-2.744217497637178e-01	5.491521837822767e-02	3561
-3.538027518433883e-01	-1.150838569923820e-01	3562
-3.315948128198868e-01	8.780407574876042e-02	3563
-3.360960836426098e-01	-8.322442993860482e-02	3564
1.258286991753550e+00	1.577391328529735e-01	3565
1.278393750959237e+00	-1.547002145515098e-01	3566
1.335442081455629e+00	-2.507911101616783e-01	3567
1.308240222040589e+00	-2.011604879395354e-01	3568
1.316317130106451e+00	2.612296389034652e-01	3569
1.361023592081074e+00	-3.057552762796769e-01	3570
1.342609020365352e+00	3.274190356222106e-01	3571
1.384519542478337e+00	-3.795303139886096e-01	3572
1.363651647078384e+00	4.015837687734075e-01	3573
1.376825740877751e+00	4.843717052931481e-01	3574
1.381694939587926e+00	5.730180657431820e-01	3575
1.375212505572979e+00	6.710426104256391e-01	3576
1.357000926461568e+00	7.762377776116536e-01	3577
-4.072140031139302e-01	2.894097119838364e-01	3578
-4.071373441435825e-01	-2.425595946611298e-01	3579
-4.330546070797781e-01	-3.511580264556388e-01	3580
1.321664217625690e+00	8.938644840999158e-01	3581
1.257227238214508e+00	1.032570034729873e+00	3582
1.140170568280525e+00	1.186593897489207e+00	3583
9.857368565803629e-01	1.319675487574292e+00	3584
1.175881124867525e+00	-6.817897658454138e-02	3585
1.223128176794583e+00	-8.669030083364222e-02	3586
1.230370789570117e+00	1.196316391027616e-01	3587
-4.101759194329874e-01	-7.313045065598703e-01	3588
-3.763016582494532e-01	-8.303977343157667e-01	3589
1.042336033106763e+00	1.479652431169525e-02	3590
1.016161999557249e+00	2.496471401902599e-03	3591
7.268023720046890e-02	1.482433626704623e+00	3592
1.085055422644837e+00	4.207192047127158e-02	3593
1.194274836011169e+00	-1.404246775657469e+00	3594
1.026458164138454e+00	-2.124657176486658e-03	3595
4.913309740349029e-01	-1.628352737191604e+00	3596
-4.249901718651754e-01	-1.537476160646358e-01	3597
-3.133391786503266e-01	5.027110325702552e-02	3598
-3.778670954240101e-01	8.510282332840970e-02	3599
1.124219862621983e+00	-3.870137506945655e-02	3600
1.164840211376470e+00	6.995468628656823e-02	3601
7.104852050974643e-01	1.594837231704789e+00	3602
-2.187754744722639e-01	1.250784462776226e+00	3603
-4.947475997221193e-01	4.261464505058763e-01	3604
2.567251846594413e-01	-1.586850003023606e+00	3605
-4.785092494694771e-01	7.592712204712263e-01	3606
-5.210319502361379e-01	-5.275605455807281e-01	3607
1.160295708475626e+00	-4.966442686948460e-02	3608
-3.284355807835961e-01	-1.169344265191560e+00	3609
9.932902260784001e-01	-1.539259931671417e+00	3610
-5.143265108248336e-01	-4.486097481442498e-01	3611
-3.988568664811565e-01	1.214355281636249e-01	3612
1.072100450028277e+00	-2.444570547431468e-02	3613
-4.021128595125364e-01	-1.043559034202554e+00	3614
1.066841406026074e+00	3.237725948110645e-02	3615
-2.631373342244893e-01	-3.012586658900641e-02	3616
-5.030675530463732e-01	-3.751597564815824e-01	3617
1.291352353471068e+00	-1.148299338317576e-01	3618
1.305822078019801e+00	1.609855728066353e-01	3619
1.361371574812768e+00	-2.040638324896371e-01	3620
1.211786818075776e+00	9.217814524949480e-02	3621
1.377833305266443e+00	2.762007474766538e-01	3622
9.527769855301647e-01	1.517656030717187e+00	3623
1.053685874465195e+00	1.501321331572599e-02	3624
-5.012047480752075e-01	4.985658989596133e-01	3625
2.583051509334052e-01	1.561044163849890e+00	3626
4.715537778810791e-01	1.603453472337060e+00	3627
1.327614830183161e+00	-1.233588578091661e+00	3628
1.405568013831892e+00	-1.081854095532029e+00	3629
-4.191333174475469e-01	1.616775925668231e-01	3630
1.094680465987212e+00	4.383994626577227e-02	3631
-4.957942599630554e-01	6.635828964266194e-01	3632
1.061987684827056e+00	-1.368165556256161e-02	3633
1.055349279917754e+00	-1.104950611206639e-02	3634
1.125659904903267e+00	5.269277741883938e-02	3635
-2.451948694079462e-01	4.760185951022159e-03	3636
-4.381018987707110e-01	2.033595470207470e-01	3637
-4.474071264118387e-01	-1.997379173414890e-01	3638
1.035988913852820e+00	1.146424711348539e-02	3639
1.087195679431015e+00	-3.555587848231578e-02	3640
-4.498956186118103e-01	8.647624593367980e-01	3641
-2.620676909763685e-01	3.354088325309219e-02	3642
1.048783807756892e+00	-7.921576999001517e-03	3643
1.041710038677453e+00	-5.297903195836721e-03	3644
-2.309435117224703e-01	-1.286211854916077e+00	3645
-3.202367323854947e-01	1.121859634080463e+00	3646
-5.019557551138150e-01	5.763062618436717e-01	3647
-3.995996090673321e-01	9.898286187940102e-01	3648
1.018544272861403e+00	4.738382999603695e-03	3649
1.452410949977807e+00	-9.477705256988301e-01	3650
1.016346009789074e+00	-1.159633563656347e-03	3651
-4.685132206507335e-01	-2.532331427965525e-01	3652
-4.718914388472589e-01	3.038592729718240e-01	3653
-1.067222508982313e-01	-1.402392568069426e+00	3654
5.402170800737508e-02	-1.505856836273496e+00	3655
1.018950847299138e+00	-3.178300471409204e-03	3656
-5.193091128338723e-01	-6.154669490296556e-01	3657
-4.534672417132853e-01	-9.235742649152771e-01	3658
-8.603919960006479e-02	1.377327403041015e+00	3659
1.481092597958888e+00	-8.198564654542200e-01	3660
1.035741088795503e+00	-3.637779671783647e-03	3661
1.031933723161718e+00	1.038131529498045e-02	3662
1.031304984400776e+00	-2.830603647162424e-03	3663
1.028178112010648e+00	8.879900976428334e-03	3664
1.492766107187854e+00	-7.034088123283041e-01	3665
1.341972714612335e+00	2.134191400965965e-01	3666
1.491787131497218e+00	-6.032182967525830e-01	3667
1.097640671528461e+00	-3.114931670342008e-02	3668
7.454748691330407e-01	-1.617162068042473e+00	3669
1.016269831317188e+00	6.696178475569679e-04	3670
1.060421805123129e+00	1.895515433694188e-02	3671
-2.190992934208010e-01	1.792778227693365e-02	3672
-4.027669151616159e-01	-1.130347337821973e-01	3673
-3.158103940524077e-01	-4.875011157458177e-02	3674
-3.810759084777175e-01	-7.821260813961824e-02	3675
1.326646475165098e+00	-1.562645582832358e-01	3676
1.394775343415544e+00	-2.563099388340371e-01	3677
1.428035592800034e+00	-3.247604679737031e-01	3678
1.410536343169935e+00	3.493274843614181e-01	3679
1.458642489863252e+00	-4.104882409219063e-01	3680
1.436806433386012e+00	4.334987700044597e-01	3681
1.481190534245747e+00	-5.056760889216974e-01	3682
1.455081367606508e+00	5.256751275880082e-01	3683
1.462480818172309e+00	6.287805993120335e-01	3684
1.458554148569533e+00	7.409364733881090e-01	3685
-4.558286173514190e-01	2.510504735810049e-01	3686
-4.871358590819206e-01	-3.094466204201715e-01	3687
-4.859368188427435e-01	3.629565497910101e-01	3688
1.438975944535272e+00	8.664653273516302e-01	3689
1.393410039970496e+00	1.013351920431392e+00	3690
1.300485348207992e+00	1.189310138282337e+00	3691
1.173971669973138e+00	1.386421199553253e+00	3692
1.203751824424016e+00	-6.364116627014611e-02	3693
1.258575935520586e+00	-8.141766404368694e-02	3694
1.271322718659052e+00	1.197636119860658e-01	3695
-5.101352731512506e-01	-7.071350871899548e-01	3696
-4.890351059365093e-01	-8.113155982477369e-01	3697
1.023001002172526e+00	-1.087983446574074e-03	3698
-5.692392370600436e-01	8.396234242434755e-01	3699
1.248354222578629e+00	8.937977643054382e-02	3700
-2.776239212555382e-01	3.539560583469658e-03	3701
-5.452772433920243e-01	3.169129150173127e-01	3702
1.190945821908533e+00	-1.618978457340355e+00	3703
1.144434539657232e+00	-3.426396619746806e-02	3704
8.522634560057944e-02	-1.712527188714124e+00	3705
-4.312176292894844e-01	-7.014663561812487e-02	3706
-1.007269446182731e-01	1.569216476052973e+00	3707
1.067757525920661e+00	2.358361060654689e-02	3708
-2.959369684641783e-01	2.755544477272932e-02	3709
-3.812464979933179e-01	1.272692710414884e+00	3710
1.193791454108037e+00	6.814825788746974e-02	3711
1.421129519013107e+00	-2.023485138515643e-01	3712
6.236282807360379e-01	-1.815601478559039e+00	3713
-5.019924691549923e-01	2.059857281266120e-01	3714
-5.870382324558208e-01	5.358686553505599e-01	3715
-5.855261720183991e-01	7.283277616010428e-01	3716
-6.100930858882985e-01	-6.689535724705964e-01	3717
5.959392200747723e-01	1.791744521734543e+00	3718
3.378490034762905e-01	-1.792206957114429e+00	3719
-6.080036233787245e-01	-5.714489390112798e-01	3720
-5.822544434227050e-01	-3.990242229424051e-01	3721
-5.353789204624703e-01	9.706964232604829e-01	3722
1.018521225185334e+00	-1.623783868546765e-04	3723
1.035104085651084e+00	6.790746928942963e-03	3724
1.034226402040910e+00	7.925111581206358e-04	3725
1.029361371489894e+00	1.008142132326143e-03	3726
1.448010216056218e+00	2.898621666528587e-01	3727
-5.630131719292910e-01	3.836454954977569e-01	3728
1.338721328899009e+00	-1.099574792856337e-01	3729
-4.824233177306029e-01	-1.171872538843769e+00	3730
1.151718459346422e+00	1.605198557410226e+00	3731
8.872501352167689e-01	1.738342703085612e+00	3732
1.109430470072740e+00	4.025004423400820e-02	3733
-5.986347788203071e-01	-4.795226113194929e-01	3734
1.021695286699373e+00	-3.498006709377650e-03	3735
9.375227493788144e-02	1.686957165221226e+00	3736
1.070415850349663e+00	-1.722086456995778e-02	3737
-4.782546585803472e-01	1.591723993818528e-01	3738
-3.551266297945727e-01	4.876970423339577e-02	3739
-3.577741891912294e-01	-4.238375963657091e-02	3740
-2.967901995489617e-01	-2.338093181684744e-02	3741
-2.599258085975015e-01	1.424901800763468e+00	3742
-5.770048041486726e-01	4.545785399148631e-01	3743
-4.844193555446320e-01	-1.520107870000399e-01	3744
1.184975730031040e+00	-4.461628181277706e-02	3745
-5.416326347670303e-01	-1.029551151016569e+00	3746
9.242317356318315e-01	-1.760673445314489e+00	3747
-4.541667498559524e-01	1.179416675545826e-01	3748
1.047941957699092e+00	1.155227535080729e-02	3749
1.112289787062796e+00	-2.913869331773914e-02	3750
1.060716862287608e+00	1.090081612598739e-02	3751
3.265291479137688e-01	1.766165101555870e+00	3752
1.380649044458880e+00	-1.412660890539315e+00	3753
1.490060272021343e+00	-1.221035000843397e+00	3754
1.149320202815495e+00	5.108067774871134e-02	3755
1.061238200933898e+00	-5.731812412938425e-03	3756
1.082861282086852e+00	-2.516998832507474e-02	3757
1.054741292822145e+00	-3.780490352899630e-03	3758
1.041523006921784e+00	8.768587462442074e-03	3759
1.047111054335191e+00	-1.461699009467170e-03	3760
-3.940361356148849e-01	-1.319547617142037e+00	3761
-5.914198490208136e-01	6.257174168168124e-01	3762
-4.746281740468943e-01	1.123256758795887e+00	3763
1.021238422719859e+00	5.307398132564475e-03	3764
1.548165293652376e+00	-1.056297571038187e+00	3765
-5.376935682883299e-01	-2.601469833938094e-01	3766
-2.775787190053103e-01	-1.456133525138963e+00	3767
-1.204057744395904e-01	-1.594232370387950e+00	3768
1.578534407306436e+00	-9.087423114432547e-01	3769
1.039953632382531e+00	7.484350052994952e-05	3770
1.031516005986913e+00	6.064402308861351e-03	3771
1.590568574836428e+00	-7.718339217209520e-01	3772
1.586576647643005e+00	-6.522128537466003e-01	3773
1.018428257104134e+00	1.703783219422340e-03	3774
-4.292568294146864e-01	7.873450962681296e-02	3775
-4.573865140433505e-01	-1.085502418499546e-01	3776
1.380119360886702e+00	-1.536724457857780e-01	3777
1.360433469526153e+00	1.630970235032151e-01	3778
1.463424612837569e+00	-2.649688106383429e-01	3779
1.404745184715616e+00	2.203542147078165e-01	3780
1.505950526114528e+00	-3.449866378280863e-01	3781
1.488370730547277e+00	3.723922914592699e-01	3782
1.543760577601156e+00	-4.403596046448321e-01	3783
1.521399163268268e+00	4.658107637941794e-01	3784
1.570818835792266e+00	-5.451299736304334e-01	3785
1.544377861789036e+00	5.722810964665852e-01	3786
1.556572425533667e+00	6.894878330182731e-01	3787
-5.242541092241962e-01	2.583416555833635e-01	3788
-5.121594437787904e-01	-2.037854416662228e-01	3789
-5.618237726598618e-01	-3.246304827940315e-01	3790
1.554512424180865e+00	8.215876472594726e-01	3791
1.529043582094026e+00	9.765370234291734e-01	3792
1.463866245609729e+00	1.165095591993494e+00	3793
1.362107450006797e+00	1.370624052755215e+00	3794
1.234973694076454e+00	-5.700585000618528e-02	3795
1.298975967424428e+00	-7.433678154391687e-02	3796
1.318075516229410e+00	1.167015983435230e-01	3797
-5.790130156706587e-01	-8.991941227245659e-01	3798
-6.018963360675629e-01	-7.777785189764256e-01	3799
-1.160959730274096e-01	-1.817170208392571e+00	3800
1.175504323292622e+00	4.783378254068835e-02	3801
-2.993638099708766e-01	1.626071393873502e+00	3802
-4.871050652052072e-01	-5.912328185200075e-02	3803
-6.458991269807108e-01	-3.399466561476370e-01	3804
1.131733765222834e+00	3.516151169028325e-02	3805
1.166766904669141e+00	-2.803369369901749e-02	3806
-5.531281750582814e-01	1.274436368050013e+00	3807
-6.851563565636766e-01	5.752743341615669e-01	3808
-6.890255032579635e-01	7.993436218349488e-01	3809
1.025546668172607e+00	1.504052062584733e-03	3810
1.270467260252849e+00	-4.711722275428808e-02	3811
7.778218761330167e-01	1.975539324067057e+00	3812
-4.047688961140769e-01	-3.623751653510401e-02	3813
1.078629700200418e+00	2.965591714301380e-02	3814
1.128954824633630e+00	-2.189581714612482e-02	3815
1.068431158466361e+00	1.481182819279732e-02	3816
4.391134652826242e-01	1.989645278494062e+00	3817
1.052643360545067e+00	3.207088205566411e-03	3818
-6.831264057765103e-01	-9.969720202202177e-01	3819
1.465090472916314e-01	-1.945815191800199e+00	3820
1.045790890954133e+00	4.760968539818771e-03	3821
1.020434755266676e+00	2.521433175466115e-03	3822
-3.972746063515337e-01	3.458021948769839e-03	3823
-3.332117453166900e-01	1.649554671321338e-02	3824
1.529091278146415e+00	3.026205800928205e-01	3825
1.282991279680728e+00	1.542204279840407e+00	3826
1.212407860549318e+00	-3.643367470949582e-02	3827
-7.079393202425353e-01	-6.161761249863725e-01	3828
-6.413350599436755e-01	-1.151463303759271e+00	3829
-6.716008771909575e-01	9.348741519648057e-01	3830
1.489966867367644e+00	-2.011447374335928e-01	3831
-7.051987999017247e-01	-8.577889723432278e-01	3832
1.151405642718574e+00	-1.868980792655567e+00	3833
-1.037001249058248e-01	1.790312378261717e+00	3834
1.099197616683607e+00	3.011706966471056e-02	3835
-4.470657278775076e-01	1.447813137361271e+00	3836
1.226001152816607e+00	6.417448041157618e-02	3837
4.597162450471605e-01	-2.014798985925499e+00	3838
-6.940732109284087e-01	-5.144144099403346e-01	3839
-6.309168812109325e-01	1.095800248758029e+00	3840
1.024713263001754e+00	6.700843392553406e-03	3841
1.027552545623374e+00	4.771257658088062e-03	3842
1.289647527244695e+00	8.408643029280825e-02	3843
1.391424440394015e+00	-1.012278218483290e-01	3844
-7.135623513820906e-01	-7.293636479584313e-01	3845
1.108719896408602e+00	1.853940952511994e+00	3846
-6.697401389226287e-01	4.835477179459451e-01	3847
1.020775688228863e+00	4.650213852268044e-05	3848
1.426065078472319e-01	1.919011682109208e+00	3849
1.069307100853081e+00	-8.541061064615385e-03	3850
-4.010866013702984e-01	3.988093723146380e-02	3851
-3.239898980170332e-01	-9.946647431801008e-03	3852
-6.724221040998951e-01	-4.208954229041766e-01	3853
-6.506910192810511e-01	4.023827552223734e-01	3854
-5.444554706382906e-01	1.541642917189827e-01	3855
-5.512965749033660e-01	-1.481430372282448e-01	3856
8.091697810537203e-01	-1.998966575542574e+00	3857
-5.151392011723582e-01	1.090821003398204e-01	3858
-4.862878349360246e-01	6.903839160809903e-02	3859
1.103093149351737e+00	-1.788534503019103e-02	3860
1.094284257957110e+00	-1.795161452266756e-02	3861
1.054005461787357e+00	7.573555736011530e-03	3862
1.415015406672291e+00	-1.635528099501412e+00	3863
1.572291172193155e+00	-1.395084483312436e+00	3864
1.080172687150369e+00	-1.884643292457220e-02	3865
1.059936329328623e+00	1.899540470898370e-03	3866
-5.700223971802088e-01	-1.321069922756065e+00	3867
-6.926081767214777e-01	6.820384569537689e-01	3868
1.654726330294075e+00	-1.186348469062732e+00	3869
-5.841709403380040e-01	-2.037397072587971e-01	3870
-6.012435153468055e-01	2.629415412908350e-01	3871
-4.618498447770986e-01	-1.491367552398691e+00	3872
-3.182204109977053e-01	-1.655657585124049e+00	3873
1.691045658190058e+00	-1.008638438927492e+00	3874
1.701910670805331e+00	-8.504496742991584e-01	3875
1.695404285558386e+00	-7.082718689272125e-01	3876
-5.181329496387184e-01	-9.969655728803196e-02	3877
1.476147842808854e+00	2.253763339465123e-01	3878
1.543205131093174e+00	-2.735746819347706e-01	3879
1.423018051773421e+00	1.616907705952661e-01	3880
1.439405893265944e+00	-1.450093848725283e-01	3881
1.595530010464130e+00	-3.643871806086056e-01	3882
1.578001568508134e+00	3.945050983548515e-01	3883
1.640374678183786e+00	-4.711014703741400e-01	3884
1.618029164313670e+00	5.019012320124387e-01	3885
1.673996488029226e+00	-5.844657793955326e-01	3886
1.648064000960810e+00	6.220022147128261e-01	3887
-5.733284285950018e-01	2.057123938407084e-01	3888
-6.160040124234367e-01	-2.660899500293852e-01	3889
-6.275861546825054e-01	3.298920129646519e-01	3890
1.665286029284814e+00	7.586015146942290e-01	3891
1.661697108230413e+00	9.202613911666818e-01	3892
1.625248900090114e+00	1.117134132660650e+00	3893
1.549863900500287e+00	1.337860431233891e+00	3894
1.344504122302225e+00	-6.322264444957254e-02	3895
1.371632341605676e+00	1.115133224123011e-01	3896
-5.150582727186902e-01	1.652337014494906e+00	3897
-7.966212988285869e-01	6.201019442881683e-01	3898
1.076911287011242e+00	1.977213144850681e-02	3899
-7.868897853945911e-01	1.048255575193194e+00	3900
1.113736915275634e+00	2.589236740482092e-02	3901
-4.512922069086024e-01	-1.554822202224555e-02	3902
1.286730398106975e+00	-1.804652634810736e+00	3903
1.204613341938565e+00	4.224840349359882e-02	3904
1.296827879512942e+00	1.740580482180697e+00	3905
1.023437582258041e+00	2.097188175310178e-03	3906
1.569690402873521e+00	-1.980036095367199e-01	3907
1.262495207000852e+00	5.645026398299674e-02	3908
-3.453649275068607e-01	-1.890603352417985e+00	3909
1.148673645800686e+00	-1.467727334879189e-02	3910
-7.370185995566414e-01	1.246406048156749e+00	3911
1.059636661030402e+00	-2.151411809843531e+00	3912
2.353064555969810e-01	2.177821759875822e+00	3913
-5.480990068528339e-01	-4.353275984485438e-02	3914
1.819449843761319e+00	-7.736760764704119e-01	3915
-7.203261961897169e-01	3.393110175379518e-01	3916
1.622198439083696e+00	3.133909674914709e-01	3917
-8.219779555303101e-01	-6.651515185890498e-01	3918
1.117926672994470e+00	-1.523503456121100e-02	3919
1.818537180921368e+00	-1.127085101113449e+00	3920
-8.068573987956680e-01	8.822110125953703e-01	3921
-4.524216061847158e-01	2.666618888582807e-02	3922
-6.876104284681878e-01	2.666376671883343e-01	3923
2.495844276645566e-01	-2.204092196377200e+00	3924
1.337130489788689e+00	7.485243920229225e-02	3925
1.507131059203275e+00	-1.345252418653009e-01	3926
-6.181394395936284e-01	1.457702285398685e-01	3927
1.481129116786562e+00	1.524376302098666e+00	3928
1.243072835665205e+00	-2.568823427105648e-02	3929
1.494223466651687e+00	1.576550177746571e-01	3930
-3.312548686251442e-01	1.859934545275175e+00	3931
-8.020760706084294e-01	-5.496038966386504e-01	3932
1.156375154203527e+00	3.059694459509636e-02	3933
-6.433466745189331e-01	1.446907170905086e+00	3934
1.020933677293303e+00	2.133251303936943e+00	3935
6.159056964265778e-01	2.218950408258769e+00	3936
-8.245291373509082e-01	-9.455208574296782e-01	3937
-8.370726384791828e-02	-2.074015763595773e+00	3938
1.190924182877436e+00	-1.982799912554609e-02	3939
-8.017408146255922e-01	-1.109048343200682e+00	3940
1.310366125266839e+00	-3.458567078731879e-02	3941
-8.306395718078997e-01	-7.991713545355013e-01	3942
-8.248187280017233e-02	2.045408393445305e+00	3943
1.089326641078491e+00	1.932823057248920e-02	3944
-7.754335062752368e-01	5.119979107717474e-01	3945
1.067924180838052e+00	-2.459965453611083e-04	3946
-7.748256232254115e-01	-4.445939700529939e-01	3947
-7.510580488338334e-01	4.206652123289796e-01	3948
-7.410325057147147e-01	-3.518738345719102e-01	3949
6.413347730357545e-01	-2.243007409168162e+00	3950
-5.828952062677115e-01	9.609207576428704e-02	3951
-5.479177036995185e-01	5.399013541688005e-02	3952
1.068081964395155e+00	5.770254685281708e-03	3953
1.645372143007956e+00	-1.614758199151323e+00	3954
1.078633163371248e+00	-1.186948610667859e-02	3955
-7.519482401870867e-01	-1.294361136516445e+00	3956
-8.076404459388838e-01	7.431627112566510e-01	3957
1.765465138326439e+00	-1.350695042405394e+00	3958
-6.650760577326295e-01	-2.002024857804465e-01	3959
-6.654750241668468e-01	-1.497228704466604e+00	3960
-5.315264162477561e-01	-1.692614891412694e+00	3961
1.830450958616443e+00	-9.385691321749775e-01	3962
-5.861082342708085e-01	-8.735200408715695e-02	3963
1.635108100999221e+00	-2.808137975508654e-01	3964
1.558327418289507e+00	2.272108284642395e-01	3965
1.449236759830172e+00	-8.570037320590546e-02	3966
1.697495712607783e+00	-3.841050103134330e-01	3967
1.680487527737133e+00	4.187671426653630e-01	3968
1.750946854248582e+00	-4.997759299709748e-01	3969
1.729837731614187e+00	5.390555039443767e-01	3970
1.792445454271306e+00	-6.275514938073823e-01	3971
-6.530869440878238e-01	2.012894760611741e-01	3972
-6.255715097694382e-01	-1.402937215149438e-01	3973
-7.040720416768980e-01	-2.717974710081351e-01	3974
1.767976594048067e+00	6.776170291196519e-01	3975
1.788132628231921e+00	8.436125951911407e-01	3976
1.781281764147412e+00	1.045844044855543e+00	3977
1.736469282280026e+00	1.280298732892590e+00	3978
1.395308028521498e+00	-4.815869520472601e-02	3979
1.432636360735464e+00	1.018355769754720e-01	3980
-7.414398779907080e-01	1.648842109513217e+00	3981
-8.482051852535766e-01	1.418377382226760e+00	3982
-9.151627885068581e-01	1.184275055366028e+00	3983
-3.486845616468903e-01	-2.166134578234048e+00	3984
1.292078038292948e+00	2.019467135312361e+00	3985
1.141199980826581e+00	1.654928070603556e-02	3986
-5.804014684895381e-01	1.892776740844313e+00	3987
1.130967607867727e+00	-6.001579139794657e-03	3988
-5.074650662643946e-01	1.316084644959003e-03	3989
1.957653872682437e+00	-1.278125397601982e+00	3990
1.390856233516487e+00	6.255112924359665e-02	3991
1.217511183647340e+00	-7.974971321813804e-03	3992
-8.627082428382550e-01	4.386675153326579e-01	3993
1.182998246508064e+00	2.395862467898475e-02	3994
1.170380134760006e+00	-5.497097040211480e-03	3995
1.277714350507523e+00	-1.096709893209832e-02	3996
-7.424066140899761e-01	1.947807399357555e-01	3997
-9.252608561882871e-01	-5.857775494285565e-01	3998
3.953159018994216e-01	2.455062134391148e+00	3999
-1.993867021326739e-02	2.336749628890348e+00	4000
1.977485308453177e+00	-1.042305788861689e+00	4001
1.076825794389115e+00	-1.100970150040412e-03	4002
-1.016711826232765e-02	-2.365219063622075e+00	4003
1.527633041607434e+00	-1.832612752288226e+00	4004
-5.941461908642006e-01	-1.932570428163964e+00	4005
9.029813516105741e-01	-2.452277833989560e+00	4006
1.740196943761048e+00	-2.876023698773639e-01	4007
-6.151337574421163e-01	-2.210425810757885e-02	4008
1.661639396135246e+00	-1.923150863246849e-01	4009
1.103043658035487e+00	1.653076039948158e-02	4010
1.108039679281113e+00	-4.067973983867523e-03	4011
1.236601563766350e+00	3.398868314930327e-02	4012
1.079986909201357e+00	9.759006197448118e-03	4013
1.303698833514530e+00	4.560304960805833e-02	4014
1.129806515435581e+00	1.736895363702013e-02	4015
1.962636658797359e+00	-8.467580366875440e-01	4016
-9.515537649468564e-01	-7.217575316770810e-01	4017
1.728789091889048e+00	3.246636710105430e-01	4018
-9.404895834920607e-01	9.810740262128608e-01	4019
-9.225666028747401e-01	6.696268366821294e-01	4020
-8.901899283897208e-01	-4.687288684152787e-01	4021
1.354810760355308e+00	-1.734710409460290e-02	4022
1.514638271773238e+00	-6.652599527664602e-02	4023
-8.489100401019601e-01	-3.631752771974731e-01	4024
-8.249687152612437e-01	3.452164961021192e-01	4025
1.535633536165250e+00	1.759907101844571e+00	4026
1.652636105191546e+00	2.255912521669313e-01	4027
-3.442718080741294e-01	2.133424999837894e+00	4028
-8.956586896432160e-01	5.434344220405282e-01	4029
8.699799915665811e-01	2.432347812875521e+00	4030
-9.638317340129519e-01	-8.755666027202267e-01	4031
-9.610282217289149e-01	-1.045093308415382e+00	4032
-6.156248472651957e-01	3.220690212364638e-02	4033
4.155828884613404e-01	-2.480331586192146e+00	4034
-6.574640637558102e-01	7.941634638648035e-02	4035
-9.350312778966446e-01	-1.240952280767355e+00	4036
-9.393284304571236e-01	8.121665238558656e-01	4037
1.876582824156429e+00	-1.560632444398494e+00	4038
-8.031421397266838e-01	-2.728661080706251e-01	4039
-8.744924032220799e-01	-1.462634400692168e+00	4040
-7.641161237811680e-01	-1.704089035563870e+00	4041
-7.083075298399450e-01	-1.271452395120558e-01	4042
1.575608926251466e+00	1.485314447859312e-01	4043
1.584991635614042e+00	-1.200125616416904e-01	4044
1.687190910203078e+00	1.483365854546823e+00	4045
1.813796896061605e+00	-4.003259490322854e-01	4046
1.798629579357930e+00	4.419554729005287e-01	4047
1.877550755722129e+00	-5.290862721440214e-01	4048
-6.610049685138933e-01	-7.120998724199611e-02	4049
-6.999352973898278e-01	1.319601800593376e-01	4050
-7.564438404566828e-01	-1.951863658247331e-01	4051
-7.844348955976143e-01	2.656598671111501e-01	4052
1.859049678466653e+00	5.794016868695672e-01	4053
1.927655330795264e+00	-6.779688631550059e-01	4054
1.904635385557382e+00	7.466303413109382e-01	4055
1.928420720584014e+00	9.511182465218192e-01	4056
1.917909760711367e+00	1.195194473396875e+00	4057
1.450575409141564e+00	-2.589339547609210e-02	4058
1.502049391071451e+00	8.864991834448031e-02	4059
1.217127227926729e+00	2.355893442028494e+00	4060
1.247093564243901e+00	6.860862137951036e-03	4061
-1.098017099226249e+00	-7.849922612086438e-01	4062
-8.430103015932251e-01	1.888524980482607e+00	4063
6.438278877530200e-01	2.732675380821866e+00	4064
1.378852674376868e+00	-2.033257598474894e+00	4065
-6.334155702836360e-01	2.177734745662391e+00	4066
1.161301357260083e+00	1.039084504380816e-02	4067
1.222651511853620e+00	-2.421585922992245e+00	4068
1.316360543216484e+00	6.851785352554910e-03	4069
1.272454052123402e+00	2.132498826762875e-02	4070
1.211953870710038e+00	1.474866699727889e-02	4071
-6.434817668575307e-01	-2.223414250248563e+00	4072
1.787029845069454e+00	-1.806076056996338e+00	4073
1.452266866950237e+00	4.467996347424957e-02	4074
-1.091059283391008e+00	1.101250998457324e+00	4075
1.350801745953736e+00	2.992924293234626e-02	4076
1.146877416599197e+00	4.354772666061757e-03	4077
-9.895578602393996e-01	4.550840596747313e-01	4078
1.575627046414016e+00	2.044173900585021e+00	4079
-6.896962163376442e-01	4.323910188135618e-03	4080
-8.631947235462186e-01	-1.950198224303597e+00	4081
1.403202882711295e+00	4.555063931099852e-03	4082
1.668706119538989e+00	1.341749335031792e-01	4083
1.851199512549806e+00	3.327533789816552e-01	4084
-9.426674827584998e-01	3.507644220704149e-01	4085
-9.751164497120238e-01	1.614907375024458e+00	4086
-1.055070600413039e+00	1.348838124442036e+00	4087
-1.066643919429822e+00	7.235457881658949e-01	4088
1.760973078118433e+00	2.227195291354132e-01	4089
2.104250508078034e+00	-1.473091647426688e+00	4090
1.674759669347279e+00	-1.013496541060239e-01	4091
1.193672477669322e+00	5.809884751943721e-03	4092
-9.703839002549962e-01	-3.744878074611203e-01	4093
-1.065565251326099e+00	-6.268563974892988e-01	4094
1.081368997135566e-01	2.664913852889184e+00	4095
2.142672940098581e+00	-1.174795000871522e+00	4096
1.087273967629019e+00	-5.043745972727830e-03	4097
-3.161941014964978e-01	-2.488721846137134e+00	4098
1.248776304383434e-01	-2.691232360784930e+00	4099
6.715487976471531e-01	-2.754382214951239e+00	4100
1.117301195025059e+00	1.125089603473196e-02	4101
1.093162372487293e+00	7.157684664498237e-03	4102
2.127291106866007e+00	-9.324015774149932e-01	4103
1.895134086814572e+00	1.411669465059012e+00	4104
1.767294612202349e+00	-1.850334255269347e-01	4105
-9.150333241486521e-01	-2.709517270992555e-01	4106
-3.245228660479321e-01	2.457335444493218e+00	4107
-1.031328626836405e+00	5.791106336395819e-01	4108
-1.021219059488975e+00	-4.911064244171447e-01	4109
-1.089484064503342e+00	8.940654255774469e-01	4110
-1.116674288536124e+00	-9.601597253342354e-01	4111
-1.115766328583775e+00	-1.162147798920464e+00	4112
-7.914755303360539e-01	1.145396894853202e-01	4113
-8.927621882785524e-01	2.593495511207815e-01	4114
-1.084249295012344e+00	-1.397147496011227e+00	4115
-1.010587385519976e+00	-1.666344313346085e+00	4116
1.588991089334856e+00	-4.134315438589449e-02	4117
1.787091702094942e+00	1.720120548889375e+00	4118
1.859884225249989e+00	-2.895975432353274e-01	4119
1.946611606251061e+00	-4.145148138632742e-01	4120
-7.437960112121349e-01	-4.759130697124693e-02	4121
-7.395227727858404e-01	5.535606176862617e-02	4122
-8.014654420541625e-01	-1.105849806245622e-01	4123
-8.582970397180286e-01	-1.850053605027570e-01	4124
-8.420740271852341e-01	1.823057768299648e-01	4125
1.934899373860996e+00	4.655165416522852e-01	4126
2.022183619285340e+00	-5.631334737397218e-01	4127
2.007238063505918e+00	6.302338335697052e-01	4128
2.083615464457985e+00	-7.334917500053695e-01	4129
2.062666822841463e+00	8.333362969388596e-01	4130
2.089232286583795e+00	1.081882555863321e+00	4131
1.512467196762633e+00	1.343127431134683e-03	4132
1.580879577773565e+00	6.884153175315925e-02	4133
-6.650795805372689e-01	2.518975435905843e+00	4134
1.875186383308552e+00	2.010820016239833e+00	4135
2.245140481641177e+00	9.410061549320566e-01	4136
-1.260159874347940e+00	9.944962059047985e-01	4137
-1.257283509491786e+00	1.249651676295016e+00	4138
-1.231311538310291e+00	7.866212770943891e-01	4139
1.996347522131801e+00	-2.871959457725094e-01	4140
-1.224027435583833e+00	-6.742412583583447e-01	4141
-1.107741511662162e+00	-3.817808468891248e-01	4142
-1.265745480044228e+00	-8.530039619947535e-01	4143
3.338726622652206e-01	3.011790749130668e+00	4144
1.885112295157920e+00	2.147557046515418e-01	4145
1.058680871059066e+00	-2.755485909932258e+00	4146
3.567706437811082e-01	-3.035110283182134e+00	4147
1.991974474133708e+00	3.383576688602306e-01	4148
-1.014572825141450e+00	2.507388351656319e-01	4149
-9.399580416901553e-01	2.176283963794269e+00	4150
-1.144733881104222e+00	-1.911482044246256e+00	4151
-1.113174993283858e+00	1.847743695057505e+00	4152
1.655572647489623e+00	-2.056075920719315e+00	4153
-9.536705001647022e-01	-2.242164436633650e+00	4154
1.887503614697704e+00	-1.715381199337919e-01	4155
2.097834982897133e+00	1.306690682986125e+00	4156
2.091907211632120e+00	4.962688646094907e-01	4157
1.050044248891386e+00	2.720715546254606e+00	4158
1.533512520898334e+00	-2.316113371749042e+00	4159
1.414219612267628e+00	2.273365632209092e+00	4160
-1.041653161595290e+00	-2.677000566108382e-01	4161
-1.212229136365358e+00	1.538748970146189e+00	4162
2.049321460876848e+00	-1.737492509150386e+00	4163
-1.075381331044413e+00	3.523703673672837e-01	4164
-1.170363010565072e+00	-5.151356146466021e-01	4165
-1.186157456273418e+00	6.162354240788490e-01	4166
2.322879977223032e+00	-1.349589520919566e+00	4167
-6.570748585103082e-01	-2.566845508360821e+00	4168
-2.239192379514208e-01	-2.857711863082633e+00	4169
2.315468942696201e+00	-1.041971707788962e+00	4170
1.776115705004106e+00	1.164033659978554e-01	4171
1.778376426351553e+00	-7.976335959251325e-02	4172
-2.396280725312220e-01	2.828393112312186e+00	4173
-1.133732345012252e+00	4.740536538439659e-01	4174
-1.290964399181380e+00	-1.058892400809894e+00	4175
-8.326595917576066e-01	-1.381017015861365e-03	4176
-1.290462348890773e+00	-1.301673714563429e+00	4177
-1.251957524523506e+00	-1.583538852437376e+00	4178
1.664181099754391e+00	1.674704486423437e-02	4179
-9.726175920103831e-01	-1.692054322524343e-01	4180
-9.530183082235547e-01	1.630828644892417e-01	4181
-9.043592943309238e-01	-8.890545485831780e-02	4182
-8.921355816338831e-01	9.053390561916845e-02	4183
2.098473029688651e+00	-4.306692824701523e-01	4184
2.036506745317320e+00	1.636344489201353e+00	4185
2.188722340990833e+00	-5.991683189852401e-01	4186
2.179703021149829e+00	6.937347001439497e-01	4187
2.263439442316955e+00	-7.980723516026229e-01	4188
1.728363296830591e+00	2.292843539056423e+00	4189
-1.183665495483481e+00	-2.592953040451150e-01	4190
-1.457429097480563e+00	-9.310058079285858e-01	4191
6.758746775577315e-02	3.034476187827176e+00	4192
2.277033825174823e+00	1.512257082520236e+00	4193
-1.027257838945165e+00	2.524214904648661e+00	4194
-1.102009609772584e+00	-1.497646232532788e-01	4195
2.027324471510886e+00	2.015120075051231e-01	4196
7.993940638890842e-01	-3.109773646828561e+00	4197
1.829031799862089e+00	-2.293716197674432e+00	4198
-1.450744542770859e+00	1.121941089991769e+00	4199
9.237850895236070e-02	-3.059957627536070e+00	4200
1.432993677893473e+00	-2.671798582400989e+00	4201
2.023808031968617e+00	-1.521327005148542e-01	4202
-6.389781139211982e-01	2.925796264688026e+00	4203
7.816095558841233e-01	3.085269100899277e+00	4204
2.470975573973419e+00	-8.811242355529051e-01	4205
-1.226000030068392e+00	3.532660454161022e-01	4206
-1.151417740376533e+00	2.362087649205316e-01	4207
2.154730069531597e+00	3.475198903377056e-01	4208
2.288202190089307e+00	1.168214364486750e+00	4209
-1.444883540614749e+00	1.424447497789627e+00	4210
-1.363131654283763e+00	6.586834829533093e-01	4211
2.152600398787574e+00	-2.839384274753853e-01	4212
-1.404957565114380e+00	-7.235349826933949e-01	4213
-1.419491605131512e+00	8.644363280244373e-01	4214
-1.076683763131359e+00	1.400560977931878e-01	4215
-1.264155172055370e+00	2.134064911513123e+00	4216
1.952254883254911e+00	-2.020427704092225e+00	4217
-1.280873276248875e+00	-2.205284007807122e+00	4218
1.871872488011759e+00	1.727195386453635e-02	4219
1.895667748851365e+00	-5.019266170702936e-02	4220
2.380875287468117e+00	-6.403021446592125e-01	4221
-1.386561218620934e+00	1.762315639958014e+00	4222
-1.340027125169157e+00	-5.439422830004409e-01	4223
2.307574242679471e+00	-1.628043388257973e+00	4224
-1.022400224347430e+00	-2.595907339699394e+00	4225
-6.198577577949411e-01	-2.969656381882441e+00	4226
2.526195561307622e+00	-1.190724303816521e+00	4227
1.899233011765406e+00	9.210578232309063e-02	4228
-1.296939474522292e+00	4.928824232207302e-01	4229
-1.263707231770159e+00	-3.874756400676044e-01	4230
-1.436111622566036e+00	-1.820302827587479e+00	4231
-1.489081496053978e+00	-1.177272926011063e+00	4232
-1.487989941623991e+00	-1.468231987642516e+00	4233
-1.019118138178132e+00	-5.845906742806749e-02	4234
-1.003608841788900e+00	5.742815062328332e-02	4235
-9.440765270062984e-01	3.693793855657516e-03	4236
2.272943050871469e+00	-4.454779648626727e-01	4237
2.275129492404961e+00	5.345676391690324e-01	4238
2.380253270439105e+00	7.743992431711413e-01	4239
1.698474159516232e+00	-2.584596130825846e+00	4240
2.037062377125922e+00	2.276322048747107e+00	4241
4.977888046397698e-01	3.400153914622233e+00	4242
-1.344216806535131e+00	-2.455972366434374e-01	4243
-1.616097778663627e+00	-2.111566801608904e+00	4244
5.137460313867764e-01	-3.423435682585595e+00	4245
1.188145599277951e+00	3.105680316369408e+00	4246
-1.667168846856243e+00	1.274774595441638e+00	4247
-2.893884847604253e-01	-3.239723185806388e+00	4248
2.707952276900970e+00	-9.985121245001835e-01	4249
-1.676297642887181e+00	-1.024673095269242e+00	4250
1.260088084221847e+00	-3.079629433243120e+00	4251
1.555315506017828e+00	2.557229448029936e+00	4252
2.554098243563500e+00	-1.476512737879492e+00	4253
-1.565936664764350e+00	7.115250597776573e-01	4254
-1.531984022593077e+00	-5.733052749933393e-01	4255
2.220439929523673e+00	1.850284077923641e+00	4256
-1.633347238110082e+00	9.666286543798617e-01	4257
-3.188603907613027e-01	3.207892000984197e+00	4258
2.135780485016620e+00	-2.266457026948445e+00	4259
-1.655271432170421e+00	1.631878951350201e+00	4260
-1.402162957141949e+00	2.481142790287844e+00	4261
-8.433898551985248e-01	2.827330227053158e+00	4262
2.251696290211288e+00	-1.933266195014725e+00	4263
-1.441601624461021e+00	-3.948786416778015e-01	4264
-1.483319986440813e+00	5.125530212069194e-01	4265
-1.306310347626070e+00	2.178587044834965e-01	4266
-1.246249399834767e+00	-1.248307562322432e-01	4267
2.474154050606757e+00	-4.611553926868395e-01	4268
2.344729682893277e+00	3.591716680048411e-01	4269
2.602281547544698e+00	-6.945763453181155e-01	4270
2.501776752275302e+00	1.348814232753765e+00	4271
2.192388357426411e+00	1.878701131502637e-01	4272
2.180810161644846e+00	-1.275193074490387e-01	4273
-1.611686729670411e+00	-7.785996249370651e-01	4274
-1.214815380258252e+00	1.078276625411206e-01	4275
-1.137832452978404e+00	-2.873837022547579e-03	4276
2.034438410666127e+00	2.329929777848658e-02	4277
-1.580841244431300e+00	2.029364345682783e+00	4278
-1.407082256587776e+00	-2.563381165912509e+00	4279
-1.049976447572799e+00	-3.020996248824699e+00	4280
-1.396095385846904e+00	3.526763337199068e-01	4281
-1.707626065084144e+00	-1.675883848150534e+00	4282
-1.714250989381518e+00	-1.319763663527159e+00	4283
2.331690703776144e+00	-2.759347730136306e-01	4284
2.489322482907016e+00	5.850988672326430e-01	4285
2.459335457045339e+00	9.975779166728234e-01	4286
9.933025579482925e-01	-3.488084734070379e+00	4287
1.891233242463778e+00	2.578022298202970e+00	4288
2.039102144997702e-02	3.450530345910756e+00	4289
-1.891461440687713e+00	1.878614995758831e+00	4290
1.659957963453910e+00	-2.925768015349378e+00	4291
-1.875162317212419e+00	1.093108438679343e+00	4292
-1.848253838502075e+00	-8.446286712145978e-01	4293
2.018028226032787e+00	-2.563397312327211e+00	4294
-7.368854862768246e-01	-3.363589132053229e+00	4295
5.932482368818038e-02	-3.475563976209513e+00	4296
-1.371106680334613e+00	6.888274623803643e-02	4297
2.381122584582141e+00	2.173799780124041e+00	4298
2.538083349728934e+00	-2.644246793374683e-01	4299
2.511186408765987e+00	1.672973167561300e+00	4300
-1.942466828722449e+00	-1.947515310055857e+00	4301
-1.505205950143414e+00	-3.000734158450412e+00	4302
-1.589467027787135e+00	3.485865740605970e-01	4303
2.384980361126708e+00	1.721244743494336e-01	4304
2.781042440135833e+00	-1.284065339242984e+00	4305
-1.911986094815064e+00	1.458620440241635e+00	4306
9.407820055261812e-01	3.478388820942867e+00	4307
2.360527199061738e+00	-9.531713712470066e-02	4308
-1.926178269690786e+00	-1.138742973322294e+00	4309
1.411711582977047e+00	2.806377557365516e+00	4310
-1.233376898236392e+00	2.831114323828125e+00	4311
2.458091512558666e+00	-2.191183159350741e+00	4312
2.544830597806166e+00	-1.797204791878189e+00	4313
-1.697241570273947e+00	5.379324646231831e-01	4314
-1.642805511173830e+00	-4.021666741543512e-01	4315
-1.480489594719008e+00	1.968980704398771e-01	4316
-1.527304258710571e+00	-2.298580704007531e-01	4317
-1.408809523125492e+00	-9.065167362674641e-02	4318
2.860658494213910e+00	-7.750008933310780e-01	4319
2.567459148082889e+00	3.773862064123867e-01	4320
2.706452131652234e+00	-4.854432932129450e-01	4321
-1.750916864074095e+00	-6.033584443690138e-01	4322
-1.798731283272637e+00	7.837689972473950e-01	4323
-1.780779161835284e+00	2.365953533459424e+00	4324
-1.800600331161496e+00	-2.465306938032211e+00	4325
-1.968576722722441e+00	-1.498228913367358e+00	4326
-1.285622381291646e+00	-2.614385841114129e-02	4327
2.604575861290597e+00	7.974952987600532e-01	4328
2.703393907631737e+00	1.147587140120416e+00	4329
6.945704147679014e-01	-3.854050991927571e+00	4330
3.310570916083230e-01	-3.844567805564032e+00	4331
-3.738722727121471e-01	3.640625010498171e+00	4332
1.510002920361153e+00	-3.404854290645495e+00	4333
2.979458446170894e+00	-5.258766210453082e-01	4334
-2.149894789705309e+00	2.189709797337529e+00	4335
2.983306562888692e-01	3.821075782462082e+00	4336
6.478868402848108e-01	3.835614052720840e+00	4337
-1.657133084055990e+00	2.771000626860609e+00	4338
-1.972861097811116e+00	-2.902752176887111e+00	4339
-1.569679782228484e+00	-1.271489657218640e-02	4340
-2.188574597514931e+00	1.679161959562598e+00	4341
2.265987758699271e+00	2.535745919803959e+00	4342
-7.164806388659340e-01	3.332847777855894e+00	4343
2.361382235330760e+00	-2.525730705857403e+00	4344
-1.232925543846890e+00	-3.413833162337249e+00	4345
1.705155562291760e+00	2.877999355709860e+00	4346
-1.036413402207794e+00	3.174939630336919e+00	4347
-3.705494575350644e-01	-3.671376132972241e+00	4348
2.980960269434292e+00	-1.052561422690735e+00	4349
-1.944231715364101e+00	5.768709430350564e-01	4350
-2.063309300912076e+00	8.793247004044810e-01	4351
-1.734018240522958e+00	-2.129542521308338e-01	4352
2.610483559298247e+00	1.569806694597233e-01	4353
1.384591108392851e+00	3.506046890274554e+00	4354
-2.150997907996941e+00	1.246610907052117e+00	4355
-2.260620648088208e+00	-1.735255820575461e+00	4356
2.567813710022474e+00	-5.530581390336989e-02	4357
-2.119262621592607e+00	-9.264369323998988e-01	4358
-2.189263670849905e+00	-2.287641410725384e+00	4359
2.260931961883615e+00	3.171383987254017e-02	4360
1.569664027806397e+00	3.159530291804343e+00	4361
2.785476218672206e+00	-2.056255228447825e+00	4362
2.822482214896449e+00	-1.612063852582702e+00	4363
-1.811124397669616e+00	3.450424540224275e-01	4364
-1.677514077689730e+00	1.675638312923009e-01	4365
2.717610904434800e+00	5.720637095814227e-01	4366
2.767209461488533e+00	1.462085011685550e+00	4367
2.777285659923821e+00	-2.568595798934604e-01	4368
-1.871437075278419e+00	-4.057810759715339e-01	4369
-2.001607884515230e+00	-6.390625165663537e-01	4370
-2.211057338186149e+00	-1.283122838329997e+00	4371
2.720197070191739e+00	1.996135014843238e+00	4372
2.874332932737202e+00	9.115866348608039e-01	4373
-1.474898657378677e+00	3.170541213421757e+00	4374
1.243899368107547e+00	-3.892364297499333e+00	4375
1.930564871901078e+00	-3.267484015756459e+00	4376
1.953246156694823e+00	3.172067805608138e+00	4377
-8.796243428013433e-01	-3.807732737301437e+00	4378
2.096376571475939e+00	2.891239574807559e+00	4379
3.144995438412265e+00	-7.863333117077714e-01	4380
-1.403987226996274e-01	-3.900387505362080e+00	4381
1.813993198737618e+00	3.514019157042973e+00	4382
4.530164037591952e-01	4.272012741203622e+00	4383
2.727345217021391e+00	-2.431934195835387e+00	4384
-2.289493703054826e+00	-6.851411391896535e-01	4385
-2.438697377988053e+00	-2.714485423680890e+00	4386
-1.759144615792932e+00	-3.378107371704147e+00	4387
2.433967761984348e+00	6.363517219997369e-02	4388
-1.968777875412663e+00	-1.879243785369130e-01	4389
2.793504677109218e+00	-1.560586305447659e-03	4390
2.147042751398556e+00	-2.924576930452505e+00	4391
1.127787368565346e+00	3.916061382933489e+00	4392
-2.464848957431983e+00	1.433475939135421e+00	4393
-2.562222574276720e+00	-2.049369129082673e+00	4394
3.058721701411299e+00	-2.559779545370101e-01	4395
3.005031977221482e+00	6.465160890417001e-01	4396
4.986339906129804e-01	-4.294087667484047e+00	4397
-2.086236048045927e+00	2.628077403484816e+00	4398
-2.142361207030702e-04	3.913515354924272e+00	4399
-2.497556533125656e+00	1.955318276333340e+00	4400
-8.172388630834758e-01	3.786505974106959e+00	4401
-1.050967420915830e+00	3.601500594154995e+00	4402
-2.366434140857341e+00	9.974205259739206e-01	4403
2.792662533198333e+00	3.268854414661665e-01	4404
-2.535926480224793e+00	-1.471420369685742e+00	4405
3.104141939837747e+00	-1.858780724459224e+00	4406
3.075399059076090e+00	-1.379217909964082e+00	4407
-1.903119237200041e+00	1.339143538533379e-01	4408
-1.780922467278568e+00	-2.034567344425518e-02	4409
2.659383854396849e+00	2.404562138063918e+00	4410
2.813221712684300e+00	1.775874626424155e+00	4411
-2.067573582157753e+00	3.485809246935183e-01	4412
-2.132734337645277e+00	-4.093711957324839e-01	4413
-2.227292428303315e+00	6.365803066928080e-01	4414
-2.430131932545001e+00	-1.032386691637565e+00	4415
2.989373470329256e+00	1.214261841062769e+00	4416
-1.450030104364847e+00	-3.855942466126129e+00	4417
1.601101730506934e+00	3.928757009483355e+00	4418
-2.621155262427145e+00	-7.486688798539246e-01	4419
6.697459906451386e-02	-4.271814937028906e+00	4420
-2.365463412009519e+00	3.677138606633220e-01	4421
-1.561719771043538e+00	3.674678111805665e+00	4422
3.099646522730735e+00	-2.266481927300701e+00	4423
-2.163746079209696e+00	1.003207085661561e-01	4424
-1.958507711621511e+00	3.093618039782504e+00	4425
1.020124221014840e+00	-4.256281618319099e+00	4426
-2.886818020818184e+00	-2.447374877378852e+00	4427
2.353515079382730e+00	3.200449875947572e+00	4428
-2.502267137340900e+00	2.412560237043687e+00	4429
-5.653028483949506e-01	-4.090313765795987e+00	4430
1.791521653888701e+00	-3.777206815602054e+00	4431
-4.532233358665136e-01	4.125822941247655e+00	4432
-2.820052645790632e+00	1.668839250881970e+00	4433
-2.300585229572600e+00	-3.246605891468466e+00	4434
3.011839736110527e+00	2.249456251539834e+00	4435
-2.236002776389575e+00	-1.573954983140441e-01	4436
-2.898297090071979e+00	-1.739381891184162e+00	4437
3.267227995823459e+00	-4.915411899056183e-01	4438
3.078260329733578e+00	1.550528619342730e+00	4439
2.531170406426508e+00	2.826936123068554e+00	4440
2.249311381269987e+00	3.493051599747369e+00	4441
8.897369900162777e-01	4.281696985520443e+00	4442
2.357415846601476e+00	-3.295368051352564e+00	4443
2.592874469318761e+00	-2.850755382344509e+00	4444
-2.552942933427446e+00	7.142244688305537e-01	4445
3.171220230506208e+00	9.302072167879673e-01	4446
-2.784949496314777e+00	-1.174440927415636e+00	4447
3.047565021229961e+00	9.739801518835510e-02	4448
3.093208644967368e+00	3.588690075950917e-01	4449
-2.713289246074656e+00	1.144101164140421e+00	4450
3.400048483913265e+00	-1.600071112169279e+00	4451
3.294237001585132e+00	-1.101643108373435e+00	4452
-2.432986907561014e+00	-4.171436300062627e-01	4453
-4.908257189744428e-02	4.450602644048939e+00	4454
-2.057988762464154e+00	-3.800167185643772e+00	4455
2.112711629823082e+00	-3.685431935821578e+00	4456
-2.832300920378929e+00	-3.015002402875868e+00	4457
-2.441001544242644e+00	2.914350771233535e+00	4458
6.586316033595382e-01	4.774151139819318e+00	4459
-1.077765161644288e+00	-4.287796644436739e+00	4460
-3.191158803847143e+00	-1.381356718822713e+00	4461
3.145682059854022e+00	1.895757329967167e+00	4462
1.570234774277199e+00	-4.296686553834109e+00	4463
1.377990181169579e+00	4.372614203262111e+00	4464
-3.854587436314102e-01	-4.641782994503374e+00	4465
3.459760334752487e+00	-2.026678276753555e+00	4466
2.549667365438270e-01	-4.775048857139070e+00	4467
3.305297438330748e+00	6.155535816461060e-01	4468
3.317014138629917e+00	1.265998900700190e+00	4469
-2.779827874241711e+00	-4.351546370075007e-01	4470
-9.498173011362822e-01	4.290343711135264e+00	4471
-2.123678392990813e+00	3.627133464869265e+00	4472
7.922701208500867e-01	-4.769568228609120e+00	4473
-2.983691240057540e+00	-2.175326697941777e+00	4474
2.070835422350923e+00	3.923392935578289e+00	4475
-2.890843069600429e+00	2.131340423504059e+00	4476
-2.455437758027852e+00	5.676576977076091e-02	4477
2.958135062221992e+00	2.684364892899697e+00	4478
2.793675374559318e+00	3.181892319859576e+00	4479
2.690962709801363e+00	3.486312626823289e+00	4480
2.824770408477297e+00	-3.257040250520403e+00	4481
3.030467723677607e+00	-2.714943339091564e+00	4482
-3.109456526551100e+00	1.331972543895451e+00	4483
3.329139189652313e+00	-1.384345160237839e-01	4484
3.319271239490537e+00	1.829514381771152e-01	4485
-3.003735968649262e+00	-8.411299845383855e-01	4486
-2.927394397551128e+00	8.146945814770390e-01	4487
3.659710351707081e+00	-1.284217081518598e+00	4488
3.468961487307461e+00	-7.850432912716807e-01	4489
-2.543637361106583e+00	-1.244356384957774e-01	4490
-2.706997535064090e+00	4.025028887944521e-01	4491
-3.338025109642290e+00	-1.842914590998906e+00	4492
1.876304116956655e+00	4.378154999508909e+00	4493
-2.679744447277052e+00	-3.630948243571058e+00	4494
-2.698474726187134e+00	3.451139918807388e+00	4495
1.039640546563569e+00	4.827543256311915e+00	4496
-1.715000362767018e+00	-4.345620007773166e+00	4497
3.433428066077695e+00	1.635656008326252e+00	4498
-5.547386927548217e-01	4.672226396660711e+00	4499
-3.245704852873630e+00	1.792316501056288e+00	4500
2.608491881208270e+00	-3.708299826498130e+00	4501
1.316521590582446e+00	-4.747617808725924e+00	4502
-1.243927841299676e+00	4.075157296525304e+00	4503
-1.882786789120895e+00	4.116516300233864e+00	4504
-3.101412779933858e+00	4.510674128694432e-01	4505
2.524718857244934e+00	3.906014399792849e+00	4506
3.597070603655844e+00	4.058591069099484e-01	4507
3.590221376909843e+00	-4.203709532923916e-01	4508
-2.907415420116656e+00	2.653826180245641e+00	4509
3.509457944467185e+00	9.320138033771098e-01	4510
-9.720180529977714e-01	-4.922134978421695e+00	4511
3.790240307077197e+00	-1.715151395600061e+00	4512
-1.790292751407120e-01	-5.236862711808059e+00	4513
8.151578495300241e-02	5.095079788253962e+00	4514
5.263345468315475e-01	-5.321152683562882e+00	4515
3.406095985970749e+00	2.196227872584493e+00	4516
3.354028395296786e+00	2.513459801945598e+00	4517
3.260919618206039e+00	3.061269818835963e+00	4518
3.156141378445777e+00	3.474395437115533e+00	4519
3.312645375537776e+00	-3.131042580040618e+00	4520
3.460702118505442e+00	-2.503159665155455e+00	4521
-3.444007878402304e+00	-9.855604000423617e-01	4522
-3.358135253361319e+00	9.484472779916501e-01	4523
-3.182281640139913e+00	-4.730453684155778e-01	4524
3.869817330186810e+00	-9.176208356615224e-01	4525
3.605557647817353e+00	2.798168879205075e-02	4526
-2.899640263579085e+00	-9.488246703485537e-02	4527
-1.392399257243787e+00	4.582763794784528e+00	4528
-3.648551360187973e+00	-5.523169441880953e-01	4529
-3.305768482388256e+00	-2.768203285678587e+00	4530
1.630809862161772e+00	4.906264997155090e+00	4531
1.891649081914644e+00	-4.768019145016583e+00	4532
4.017522160382547e+00	-5.070551169657511e-01	4533
3.913474147869938e+00	-2.106027682400911e-01	4534
2.334137541742372e+00	-4.155021844950880e+00	4535
-3.561439456663957e+00	1.398556286561086e+00	4536
1.124643304185872e+00	-5.300076373817411e+00	4537
-1.115356855149988e+00	4.853458057220100e+00	4538
-2.503512786202787e+00	4.047843948546898e+00	4539
-2.890275684389167e+00	3.168888132843116e+00	4540
-2.408931038181263e+00	-4.270340524478218e+00	4541
4.074853168337282e+00	-1.337411961814415e+00	4542
-5.494225760798644e-01	5.349358285537152e+00	4543
-3.450959840069443e+00	-2.323771403477138e+00	4544
2.368115764282707e+00	4.369009738669866e+00	4545
-3.653379985264047e+00	-1.443173349452587e+00	4546
3.148475230168355e+00	-3.652285006147281e+00	4547
-3.232778109795321e+00	-3.434460844567579e+00	4548
7.703401064553916e-01	5.354243387379047e+00	4549
3.690909301995649e+00	1.304676858472476e+00	4550
-3.340704811427547e+00	2.318644367504260e+00	4551
3.869237567396337e+00	7.185141826877498e-01	4552
-1.686605960860138e+00	-5.063587544894175e+00	4553
-7.968335968543732e-01	-5.622326180857049e+00	4554
9.800237779037760e-02	-5.880417861291579e+00	4555
3.786914545892809e+00	1.933965936694614e+00	4556
2.989086935584449e+00	3.907542566253938e+00	4557
3.772008476455159e+00	2.419455686365362e+00	4558
3.724673704126418e+00	2.858946830436075e+00	4559
3.654787433524382e+00	3.381540169104929e+00	4560
3.805142334284147e+00	-2.914859652400922e+00	4561
3.869735022634110e+00	-2.208949294019350e+00	4562
-3.558471080655778e+00	5.241864322991547e-01	4563
3.918240053180001e+00	2.213420681668060e-01	4564
-3.315425470724263e+00	-1.024979266152908e-02	4565
-1.224206570360599e+00	5.543848465741619e+00	4566
2.184606051906041e+00	4.883118742324363e+00	4567
-3.924307496293604e+00	-9.918766122220095e-01	4568
-3.828895944855333e+00	9.537553082173125e-01	4569
-3.835010676916637e+00	-1.947528929535453e+00	4570
-2.129932214415638e+00	4.670965413022520e+00	4571
-3.732271160813999e+00	1.918331562495089e+00	4572
2.541780252576287e+00	-4.765996362684973e+00	4573
2.903364985460389e+00	-4.172906390793487e+00	4574
1.340348926325946e+00	5.394932359144827e+00	4575
8.311041223732450e-01	-5.951312929417177e+00	4576
3.711306811689128e+00	-3.493301214421786e+00	4577
4.247448639281039e+00	5.016278202292280e-01	4578
4.298117063113124e+00	-9.008147436408839e-01	4579
4.286923584443025e+00	-1.216021611026558e-01	4580
-1.646406238866262e+00	5.116752980177263e+00	4581
-3.835935902868424e+00	-2.693277330585091e+00	4582
-3.777316335740352e+00	-3.150824142442762e+00	4583
1.664131829078985e+00	-5.259691508885952e+00	4584
-3.800781577407219e+00	8.657583687075341e-03	4585
-3.384527024290107e+00	2.885055992210061e+00	4586
-2.114978196425235e+00	-4.850448111098710e+00	4587
-3.083069342374615e+00	-4.090800381323393e+00	4588
1.006680437765059e-01	5.783297977991864e+00	4589
3.515151773384216e+00	3.891264978396331e+00	4590
-1.581181316379407e+00	-5.870914261825667e+00	4591
-5.371861061078188e-01	-6.383456167789981e+00	4592
4.123596676632491e+00	1.112754895095431e+00	4593
4.114740778284546e+00	1.562278137032449e+00	4594
2.838720238515875e+00	4.352621306365181e+00	4595
4.199445439949551e+00	2.189546673568334e+00	4596
4.197331146571290e+00	2.687798479645832e+00	4597
4.168340281138128e+00	3.184542588847039e+00	4598
4.282936920347943e+00	-2.601827000264644e+00	4599
4.237816293748879e+00	-1.832930261727522e+00	4600
-1.884749388955942e+00	5.770690281674239e+00	4601
-4.177325408465753e+00	-1.494109423163015e+00	4602
-2.802921995165033e+00	4.646009436228686e+00	4603
-3.096725117806138e+00	3.906963944219776e+00	4604
-2.298715091416622e+00	5.333673965178890e+00	4605
1.959649064155701e+00	5.460605242628081e+00	4606
-3.386201254344180e+00	3.458674903307061e+00	4607
-2.172471275768584e+00	-5.501026149141008e+00	4608
-2.835010813223128e+00	-4.774339263728932e+00	4609
4.094128173353123e+00	3.771754992029015e+00	4610
4.276359499094731e+00	-3.226147885235619e+00	4611
2.256918819825781e+00	-5.294158864175446e+00	4612
3.525459942379972e+00	-4.096713732501700e+00	4613
-3.858704804281007e+00	2.503907184843924e+00	4614
-4.054797247813186e+00	4.770982984118812e-01	4615
3.195624016722713e+00	-4.754216317881365e+00	4616
-4.075897930337191e+00	1.458117284196708e+00	4617
3.073128798024524e-01	-6.632561374909958e+00	4618
-3.728309444459585e+00	-3.830202450334500e+00	4619
3.341196285016820e+00	4.362957088420066e+00	4620
-6.463913492023207e-01	6.074856759972548e+00	4621
4.465704299807217e+00	-5.085898703974521e-01	4622
4.663642977227245e+00	2.114421547992696e-01	4623
-4.342153536841696e+00	-2.314578009018359e+00	4624
-4.346637238171715e+00	-2.986896430517617e+00	4625
1.436874808082730e+00	-5.897546007375565e+00	4626
-4.142464841918144e+00	-4.624808649860327e-01	4627
8.940756518376998e-01	6.052714578985065e+00	4628
-1.377702975718751e+00	-6.760964987715343e+00	4629
4.575819824428955e+00	8.831326803159066e-01	4630
4.528064451165291e+00	1.344088114149252e+00	4631
2.707390235935949e+00	4.856834930772910e+00	4632
4.591369491929767e+00	1.816973462126734e+00	4633
4.676982119694858e+00	2.440501059429864e+00	4634
4.694786467679059e+00	2.966011312821759e+00	4635
4.723098361334235e+00	-2.189395618126858e+00	4636
4.549036159240833e+00	-1.381338736048876e+00	4637
1.918724571268069e+00	-5.895151928854997e+00	4638
-2.587230412003981e+00	6.016989153178416e+00	4639
4.820125059799259e+00	-2.844021941288224e+00	4640
-4.774805619199239e+00	-1.794199959795097e+00	4641
1.250240038688313e-01	6.562944137611901e+00	4642
-4.362989868255337e+00	9.534663820451866e-01	4643
2.900475575674685e+00	-5.333506857587968e+00	4644
3.935990055843024e+00	4.350460724740136e+00	4645
-1.364125467536175e+00	6.295297567667261e+00	4646
-3.928728910062791e+00	3.131358545282994e+00	4647
4.174319833730315e+00	-3.898241147362409e+00	4648
4.782356180661108e+00	-9.074065531089811e-01	4649
-4.324207557213163e+00	3.244645586117518e-02	4650
1.165907720970473e+00	-6.664799429136485e+00	4651
-3.577567688219815e+00	-4.572950875638584e+00	4652
-2.989340730243688e+00	-5.571770963012010e+00	4653
-4.859404265833722e-01	-7.240244323664209e+00	4654
-3.070548902872034e+00	5.365047205251262e+00	4655
1.581225220102015e+00	6.064581283337341e+00	4656
-3.502504755788582e+00	4.491117645762967e+00	4657
-3.715332595800473e+00	3.984332958444939e+00	4658
3.881754473726817e+00	-4.684320504581064e+00	4659
-4.287850310801899e+00	2.039885658247893e+00	4660
-4.469625982372643e+00	-9.663103151531613e-01	4661
4.745823971772838e+00	-1.454360558853250e-01	4662
-4.216185692122726e+00	-3.625914821455011e+00	4663
-4.919724410779587e+00	-2.641716309765478e+00	4664
-2.214487133916267e+00	-6.366353009650143e+00	4665
4.659688756649950e+00	3.563815326108253e+00	4666
2.552500517217601e+00	5.424727386869338e+00	4667
4.999783753631966e+00	1.157780468842277e+00	4668
5.022602541560958e+00	1.517673526261609e+00	4669
5.059426235440378e+00	6.014645355712852e-01	4670
5.131857568901125e+00	2.059739370854124e+00	4671
5.229305331322462e+00	2.684389828156710e+00	4672
5.103741774863879e+00	-1.683827950692586e+00	4673
3.602773007141862e+00	-5.335688411302741e+00	4674
-1.320400604492930e+00	-7.708723383365161e+00	4675
-2.064784678709370e+00	6.549074259234343e+00	4676
5.314450003375681e+00	-2.346853830255508e+00	4677
-4.604013700213025e+00	4.763373319959655e-01	4678
5.498804671896834e-01	-7.484368104456868e+00	4679
3.370197528821326e+00	5.157998437777157e+00	4680
4.585001873348517e+00	4.220024839472919e+00	4681
-3.415203841458025e+00	6.119984711574974e+00	4682
2.593232968214972e+00	-5.930713066862666e+00	4683
-4.659358347797392e+00	1.510739849382053e+00	4684
-2.131762178640227e+00	-7.265814652817549e+00	4685
2.312777478897531e+00	6.102145743644244e+00	4686
4.948945971963760e+00	-5.940644838015160e-01	4687
-5.439274399190980e+00	-2.110213121616053e+00	4688
1.677215323316507e+00	-6.588800773512482e+00	4689
4.822760144902022e+00	-3.569604794989440e+00	4690
1.066300531643077e+00	6.837574874335267e+00	4691
5.141036843709817e+00	1.314405959587992e-01	4692
-7.223740443960481e-01	6.899673695605430e+00	4693
-4.450344907663593e+00	2.692794618422838e+00	4694
4.603058763272285e+00	-4.503116778890155e+00	4695
-3.879774116129732e+00	-5.413816391410466e+00	4696
-4.401011280272972e+00	3.696716678228355e+00	4697
-3.895252077861299e+00	5.222632853583532e+00	4698
-4.196498294558149e+00	4.480045372768196e+00	4699
-4.700526881862436e+00	-4.138927486480333e-01	4700
-5.130882868399249e+00	-1.185524709042966e+00	4701
-4.207930472122483e+00	-4.302108212556455e+00	4702
-4.914584607026250e+00	-3.385556914726290e+00	4703
-3.137288126889727e+00	-6.480484482422163e+00	4704
5.520073009819749e+00	1.304134996975108e+00	4705
5.526491766277858e+00	9.301817235179891e-01	4706
5.244429189282243e+00	3.317339451102077e+00	4707
5.599414507299612e+00	1.682477861373758e+00	4708
5.746967577593024e+00	2.282672443775530e+00	4709
-4.336736931805909e+00	6.029263738787464e+00	4710
-2.152028932100112e+00	-8.255406555408223e+00	4711
-1.511385477094707e+00	7.141111358273762e+00	4712
-3.240515746757774e-01	-8.195118017495938e+00	4713
1.918784024719166e+00	6.823233878356186e+00	4714
1.817462645210987e-01	7.444188509464507e+00	4715
3.117967494310191e+00	5.953953910940324e+00	4716
-4.889714439903407e+00	-1.977555601386244e-02	4717
5.440879630432946e+00	-3.105070432399791e+00	4718
3.296877374963383e+00	-5.973647812735391e+00	4719
-5.604841834135378e+00	-2.923664282099791e+00	4720
-4.919502890420747e+00	2.157805521499005e+00	4721
5.212337323601419e+00	-3.901891124927347e-01	4722
5.284482166979067e+00	-9.765627326790682e-01	4723
-5.875517275514801e+00	-1.443614558345856e+00	4724
-4.961413547483921e+00	9.637647030174930e-01	4725
-3.156961123222924e+00	-7.531175524930583e+00	4726
4.375412002942689e+00	-5.253659851558063e+00	4727
5.733600833920896e+00	-1.847000602385360e+00	4728
5.219497071037575e+00	3.988226417764763e+00	4729
5.590145900253202e+00	3.985263027014765e-01	4730
6.067423568836133e+00	1.124564771821090e+00	4731
-4.818464305603839e+00	-4.045976466761403e+00	4732
-2.889895610403257e+00	6.824606284692120e+00	4733
2.212951917769117e+00	-6.611150872309669e+00	4734
5.339549449546694e+00	-4.181833998538324e+00	4735
4.385850422351541e+00	4.907391303324855e+00	4736
-5.046686673112883e+00	3.218344172632660e+00	4737
-4.954306641236640e+00	4.253757413540898e+00	4738
-4.715606883700389e+00	5.117389531318009e+00	4739
-5.403121295951813e+00	-5.201265867868066e-01	4740
-4.157497226352550e+00	-6.387730270287999e+00	4741
5.859775547316795e+00	2.976001836594661e+00	4742
6.262390512521645e+00	1.836021673948030e+00	4743
-5.284101514690105e+00	5.881726701945235e+00	4744
-4.337498619151052e+00	-7.542937179822895e+00	4745
-6.206657277134393e+00	-2.263024276469133e+00	4746
6.807292562364096e-01	-8.522377511670468e+00	4747
-5.621596277191903e+00	2.603755477437209e+00	4748
5.133877946286134e+00	4.742874587702136e+00	4749
-2.298376631096487e+00	7.421795681839553e+00	4750
-5.598142203628343e+00	-3.775066736079166e+00	4751
6.060109502243232e+00	-3.704527900803098e+00	4752
4.075881851916796e+00	-5.982017644731690e+00	4753
-5.575645144964809e+00	4.884160666359874e+00	4754
-1.225665082956937e+00	-8.759369294050057e+00	4755
-7.874911797541255e-01	7.835243805332508e+00	4756
-5.316995675803498e+00	1.561540823209691e+00	4757
-4.777516544877506e+00	-4.820035113098657e+00	4758
1.295696882543703e+00	7.721747313327715e+00	4759
6.786953215872746e+00	1.307441800865529e+00	4760
5.979453390051944e+00	-2.555058805539497e+00	4761
5.882333045506017e+00	3.699762738522792e+00	4762
1.908076643057865e+00	-7.371977758554998e+00	4763
-5.708574064864708e+00	3.792044164344663e+00	4764
2.809231773626753e+00	6.782697995020874e+00	4765
5.202234071067219e+00	-5.032172963668684e+00	4766
6.005168193939101e+00	-1.153549157935740e+00	4767
-5.217557795538204e+00	4.462165281914931e-01	4768
5.653222481121259e+00	-1.201530359731936e-01	4769
-3.884624813614723e+00	6.925864747474148e+00	4770
-3.215471028256516e+00	-8.659954972335271e+00	4771
3.971776519044965e+00	5.729168509999119e+00	4772
-4.775570505497904e+00	-5.677851277482749e+00	4773
2.969229622219637e+00	-6.650169182275361e+00	4774
-6.211333986786098e+00	-6.817999092670233e-01	4775
6.438806182460196e+00	2.535658470706339e+00	4776
3.746330914927942e+00	-6.690382409737235e+00	4777
1.485016358311975e+00	-7.891959578401853e+00	4778
-6.393056648886041e+00	-3.221350449610530e+00	4779
6.717958416383785e+00	-3.078419258288737e+00	4780
2.751193916823794e-01	8.439757135937114e+00	4781
-1.681965754763222e+00	8.097500459436777e+00	4782
6.572718243487103e+00	3.312231744618424e+00	4783
-6.105084839694559e+00	1.888190401774726e+00	4784
-4.917775101983894e+00	6.841295637401077e+00	4785
-5.518384683729948e+00	-1.205383310692139e-01	4786
-2.242192419020097e+00	-9.384499483458105e+00	4787
6.383276527247294e+00	-4.491518461650428e-01	4788
6.177464862216563e+00	2.035798872970356e-01	4789
-3.254646078019195e+00	7.736001791039369e+00	4790
6.048660746703098e+00	-4.639542614765292e+00	4791
5.859272662576821e+00	4.469083440792786e+00	4792
7.017437455475471e+00	2.035640701942306e+00	4793
-1.901826393200146e-01	-9.278551621447830e+00	4794
-6.266834471919503e+00	5.620732963544674e+00	4795
2.342980984246614e+00	7.674209514049773e+00	4796
-5.489701497320610e+00	-4.538065791618061e+00	4797
4.950680520601360e+00	-5.887367296581070e+00	4798
-6.402147821600859e+00	3.135504004502509e+00	4799
-5.929410607638459e+00	2.217396520656296e-02	4800
-5.130596721509956e+00	-6.704981408628075e+00	4801
6.587158491467342e+00	5.998263057139304e-01	4802
6.445788116179353e+00	-1.860711259280132e+00	4803
2.674154481028822e+00	-7.350889598987324e+00	4804
-6.446329645860964e+00	4.428600702206157e+00	4805
3.704514081851687e+00	6.597230691537406e+00	4806
5.706617785359076e+00	-7.030735174961696e-01	4807
-5.632967800046693e+00	9.587192201035010e-01	4808
-6.691059639536562e+00	-1.464785752839561e+00	4809
-4.500604124529231e+00	-8.816702551187788e+00	4810
4.871520809803616e+00	5.586797102119315e+00	4811
-5.572439613902231e+00	-5.242352429784421e+00	4812
-6.356294797702747e+00	-4.786210811515339e+00	4813
3.446592478367296e+00	-7.403495395949088e+00	4814
-4.391213326767712e+00	7.854600631390411e+00	4815
-7.267930869965116e+00	5.154039982992513e+00	4816
-7.081091868485753e+00	-2.426296371234926e+00	4817
-6.996725412001550e+00	2.325165209118146e+00	4818
9.118875570398567e-01	-9.654097606229941e+00	4819
7.224760715450206e+00	2.819572203749902e+00	4820
-2.577770369122087e+00	8.409352552164636e+00	4821
-1.177857021415081e+00	-9.948330026204802e+00	4822
1.589002541361480e+00	8.717840019310696e+00	4823
5.897772890367468e+00	-5.620778011238383e+00	4824
-7.075762085400993e+00	-6.820771740919926e-01	4825
3.373730144688789e+00	7.557594549123372e+00	4826
5.752093178257009e+00	5.355898131673138e+00	4827
4.619196713176044e+00	-6.706297694852500e+00	4828
-8.468751276893781e-01	8.896924936973218e+00	4829
-3.546166826459323e+00	-9.847064460311319e+00	4830
6.608920178996195e+00	4.132913587495604e+00	4831
6.868708623894790e+00	-4.063905569786073e+00	4832
2.309412208138537e+00	-8.224194620016313e+00	4833
7.354000454877340e+00	7.619771799740175e-01	4834
7.603346328163013e+00	1.446906445399703e+00	4835
-5.990208735619140e+00	6.667566903305839e+00	4836
-6.381886069120195e+00	-4.207464400378364e+00	4837
-7.270290927836847e+00	3.744354641947405e+00	4838
6.887049765972765e+00	6.694330388668007e-02	4839
6.761239914587279e+00	-1.135329794512896e+00	4840
7.289312014897567e+00	-2.308583796433195e+00	4841
1.668039538584898e+00	-8.943240752941772e+00	4842
4.563151265944935e+00	6.407873625352169e+00	4843
-6.410202842042582e+00	6.893726741737224e-01	4844
-5.442862096989437e+00	-7.915636410487403e+00	4845
-5.581461102092440e+00	-6.215589154700618e+00	4846
-2.936367009351307e-02	-1.050066313377470e+01	4847
-5.743041407222715e+00	-9.164401861082590e+00	4848
4.073550878674959e-01	9.564599272993284e+00	4849
-6.440753993257836e+00	-5.747906852929767e+00	4850
8.219385095043538e+00	8.313535268685072e-01	4851
2.844079910051812e+00	8.632409846836387e+00	4852
-6.884424547398315e+00	1.427106046147352e+00	4853
7.382610483564891e+00	3.692690322309270e+00	4854
-2.371501945677252e+00	-1.066921125922767e+01	4855
7.612278584033909e+00	-3.308808371181414e+00	4856
-7.613445443971204e+00	-1.531846066038184e+00	4857
7.874566793900391e+00	2.259104594801927e+00	4858
-5.572616713759668e+00	7.764661784886147e+00	4859
5.614765688834050e+00	-6.597854370645871e+00	4860
-4.877097169967263e+00	-1.011043372756452e+01	4861
-1.875588933956052e+00	9.183750388604013e+00	4862
6.587519426813579e+00	5.022110909730045e+00	4863
6.867892694265336e+00	-5.146369475143001e+00	4864
-7.132292718460083e+00	6.335840089825195e+00	4865
4.276720310076790e+00	-7.468445231076670e+00	4866
-7.996010803095805e+00	2.858356728162383e+00	4867
-8.235998336722606e+00	4.441567831508541e+00	4868
7.727831240169460e+00	3.131565673058549e-03	4869
2.024141498943606e+00	-1.006854195139822e+01	4870
2.993270803520465e+00	-8.262207001803036e+00	4871
-6.686929682129278e+00	-9.670093940960408e-03	4872
-3.664185609767772e+00	8.770650774963180e+00	4873
5.505544364025636e+00	6.276170639710364e+00	4874
2.727242630090780e+00	-9.233679162977200e+00	4875
7.138974128351464e+00	-5.658136611898125e-01	4876
-7.294314665944524e+00	-3.544703893205058e+00	4877
7.243377458078807e+00	-1.781931055707753e+00	4878
4.335292962347379e+00	7.343207547297096e+00	4879
-6.685385180140193e+00	-8.269045407182977e+00	4880
8.518202832090072e+00	1.658551911112033e+00	4881
4.013097726744969e+00	8.438660765067795e+00	4882
6.701069822621314e+00	-6.278750526767999e+00	4883
-1.135099129980457e+00	-1.129558695794290e+01	4884
-8.302713761600257e+00	5.746865163954709e+00	4885
1.947306077435597e+00	9.839325267202810e+00	4886
-3.812105176977860e+00	-1.121607996330757e+01	4887
-2.892993743252930e+00	9.529215102928259e+00	4888
8.691044878943977e+00	-1.344969325077411e-02	4889
-7.828748065566525e+00	1.795871359711454e+00	4890
8.245210460325998e+00	-2.549318825973862e+00	4891
-8.048764849186396e+00	-6.524781533956419e-01	4892
8.117344482523436e+00	3.139076142578694e+00	4893
7.802151981981407e+00	-4.451833905930014e+00	4894
7.436325045448526e+00	4.625526811446897e+00	4895
7.967391867763985e+00	-8.375067001302516e-01	4896
-8.988460281610475e-01	1.010215489088800e+01	4897
3.231557424383253e+00	-1.036191480563550e+01	4898
-6.469617615716198e+00	-6.832904956073051e+00	4899
-4.957872414709937e+00	8.912364715089506e+00	4900
-7.324456969643795e+00	-5.177475539479529e+00	4901
5.246145320895690e+00	-7.510985418502699e+00	4902
5.233682006535017e+00	7.148958160625833e+00	4903
6.483316428943317e+00	6.018012622611701e+00	4904
-8.070706288389863e+00	-2.620396659059092e+00	4905
-6.808849210054357e+00	7.548189245213643e+00	4906
-6.241066200354719e+00	-1.048011231966703e+01	4907
-9.111965878819168e+00	3.488296567832025e+00	4908
1.136899713035090e+00	-1.092025564864667e+01	4909
3.915289830190233e+00	-8.311193074838714e+00	4910
-7.552190740588464e+00	4.808766878975620e-02	4911
7.552406471108712e+00	-1.254681757789696e+00	4912
-7.263057844581137e+00	6.281233208227103e-01	4913
5.812834675078916e-01	1.083684417412323e+01	4914
3.425136343285020e+00	9.711097240831135e+00	4915
-8.337213379919682e+00	4.646294798672459e-01	4916
1.398463167920549e-01	-1.187810356322921e+01	4917
8.984678961538714e+00	-1.007552584714004e+00	4918
-2.477597952245315e+00	-1.212663461470102e+01	4919
9.225598132893669e+00	8.914846010946852e-01	4920
8.832734364416160e+00	2.534701113405383e+00	4921
8.304928531038238e+00	4.121424172972878e+00	4922
-8.940622882767395e+00	2.238293389229134e+00	4923
5.050258536242496e+00	8.174805097176115e+00	4924
3.683521167364888e+00	-9.319384352767438e+00	4925
-8.134427875974337e+00	7.131889053964407e+00	4926
8.616507122480872e+00	-3.619902562016827e+00	4927
8.210247186245072e+00	-1.775521528244044e+00	4928
-8.660313397152159e+00	-1.605416092193172e+00	4929
-6.319258013725719e+00	8.811721562078663e+00	4930
-5.249437052701897e+00	-1.156601938359180e+01	4931
-4.122871993052859e+00	9.945037321386089e+00	4932
-7.676956087145297e+00	-7.373470312787101e+00	4933
-2.088295741797219e+00	1.042010013799342e+01	4934
-8.334595440075109e+00	-4.013817277354900e+00	4935
7.813659228727849e+00	-5.706686730787204e+00	4936
2.378794228459861e+00	-1.136591060581956e+01	4937
-7.444611636335479e+00	-6.280307563389488e+00	4938
6.379147770859944e+00	-7.394595544472758e+00	4939
6.248504375206148e+00	7.019461264994985e+00	4940
7.426837851457229e+00	5.634158355463191e+00	4941
-7.118119897462029e+00	-9.485393794090998e+00	4942
-9.421036202784858e+00	4.866286850599059e+00	4943
4.853744222433518e+00	-8.367876447317798e+00	4944
4.749822057380432e+00	9.428826887309839e+00	4945
-6.798025490441510e+00	-1.197345819452508e+01	4946
-3.245298776954924e+00	1.080049064636039e+01	4947
3.770625939384327e+00	-1.167233365148280e+01	4948
8.862326659411384e+00	-4.899870560002298e+00	4949
-9.492194702103459e+00	6.404131980386491e+00	4950
-8.676304973155753e+00	-6.579381312224887e+00	4951
9.333247847764380e+00	-2.767707417528793e+00	4952
9.572746663595687e+00	1.847206573305268e+00	4953
1.967818236471133e+00	1.129424136905987e+01	4954
2.783142602249614e+00	1.091945152013313e+01	4955
-4.059995292599512e+00	-1.277263956045288e+01	4956
-7.711875210695563e+00	-1.088549687594790e+01	4957
6.000281318337350e+00	7.957680917017184e+00	4958
-1.072245511254490e+00	-1.281541787116900e+01	4959
9.762125793933606e+00	-1.470990896151604e-01	4960
-8.034304175610290e+00	-8.587454444718025e+00	4961
-5.597632899997110e+00	1.011448391318623e+01	4962
9.121806427362891e+00	3.506948209876892e+00	4963
-9.396031478931269e-01	1.147017620091984e+01	4964
1.427287496834324e+00	-1.233548274910360e+01	4965
7.330604157108240e+00	6.741945740791524e+00	4966
8.382374052812292e+00	5.175138671553911e+00	4967
-8.733422751386207e+00	1.141485638697654e+00	4968
-7.751794706416564e+00	8.541427677878668e+00	4969
7.626978242138180e+00	-7.015019148921584e+00	4970
-1.009367357923824e+01	2.708361399118339e+00	4971
4.521336484673939e+00	-1.029119098592595e+01	4972
-9.122742623340761e+00	-4.699312188350060e-01	4973
9.190163268714439e+00	-2.088508165305974e+00	4974
-8.517431333985799e+00	-5.441862315830285e+00	4975
-9.198637753798250e+00	-2.866837678250019e+00	4976
-1.038730629600700e+01	3.915958156445101e+00	4977
5.950156200346989e+00	-8.425416260462130e+00	4978
4.247507129602396e+00	1.079539785803986e+01	4979
-5.675299067247368e+00	-1.320750265413907e+01	4980
-9.768420323407886e+00	-5.836741192305286e+00	4981
-2.561549035389436e+00	-1.377424783616074e+01	4982
1.038072469715874e+01	9.287740924750119e-01	4983
-2.319181196968504e+00	1.182835251092620e+01	4984
7.251050031240955e+00	-8.297454885771847e+00	4985
9.764377636609820e+00	-3.960950801435090e+00	4986
-1.142716874347372e+01	3.014441965861288e+00	4987
-8.441152768091651e+00	-1.241688073614554e+01	4988
-7.171195234090089e+00	1.000000308820232e+01	4989
-9.858328170650360e+00	-1.623123827696407e+00	4990
9.923950154162350e+00	2.831270167463213e+00	4991
9.352806056310731e+00	4.603126311430958e+00	4992
-9.288361986181910e+00	8.023599768773654e+00	4993
-8.519950117449637e+00	-9.997417606011574e+00	4994
-9.883870631228042e+00	1.481906549761224e+00	4995
1.008718388265445e+01	-1.308322384261053e+00	4996
5.935310490132425e-01	1.229884157256025e+01	4997
5.333967544719656e+00	-9.500490173474260e+00	4998
8.895696576409643e+00	-6.337272697788974e+00	4999
7.100602703313092e+00	7.833192291240653e+00	5000
8.390378332571613e+00	6.310399848440883e+00	5001
-1.073557473467070e+01	5.421121140461131e+00	5002
-8.993423889887060e+00	-7.779172514556104e+00	5003
-4.637855923443257e+00	1.127797292489216e+01	5004
2.823579011366679e+00	-1.280614926819745e+01	5005
-9.563652498657287e+00	-4.335034897251587e+00	5006
5.766170664393060e+00	9.125770654312971e+00	5007
3.554257519178620e-01	-1.342705670427925e+01	5008
5.302917886792545e+00	-1.159979134495909e+01	5009
6.839921677638871e+00	8.893195477448058e+00	5010
-1.055028763860210e+00	1.301015606565324e+01	5011
-7.305714096070989e+00	-1.371007981044170e+01	5012
1.796126981862760e+00	-1.391896079078640e+01	5013
-4.316913593434772e+00	-1.453410835106084e+01	5014
1.098835096444689e+01	-2.976857506885524e-01	5015
-8.834490012867088e+00	9.664805802805898e+00	5016
-3.638344517152224e+00	1.224493449528484e+01	5017
-6.321460963497139e+00	1.148050228194942e+01	5018
-1.039611708906587e+01	-4.574951639513551e-01	5019
-1.179303278073125e+01	4.407951091560873e+00	5020
9.462074254798948e+00	5.786515742086991e+00	5021
-9.600745396254581e+00	3.204153266601519e-01	5022
1.007392310683794e+01	-5.403087873094772e+00	5023
1.026293849033805e+01	3.913039184220779e+00	5024
1.078137996948696e+01	2.039183199811700e+00	5025
1.057524444423164e+01	-2.989573900519328e+00	5026
3.622718695808017e+00	1.214735991853750e+01	5027
-1.083250103787869e+01	7.167815587675943e+00	5028
-9.995441131310255e+00	-7.050446054279936e+00	5029
5.625259520920110e+00	1.047785980704791e+01	5030
8.301365886794034e+00	7.540997062998233e+00	5031
-9.380913094118686e+00	-9.216008894771051e+00	5032
-1.089040508211900e+01	-4.907249584247866e+00	5033
8.687371105081363e+00	-7.848857816487791e+00	5034
2.082364261732525e+00	1.288478129617588e+01	5035
-9.714869071118932e-01	-1.452427478935512e+01	5036
-9.234194573705899e+00	-1.145508480059528e+01	5037
-1.108444235506160e+01	1.785660733846669e+00	5038
6.684312046004917e+00	-9.539639448361502e+00	5039
4.495751751674103e+00	-1.309499862452941e+01	5040
-1.049659209627348e+01	-3.044481994241971e+00	5041
5.791362025347683e+00	-1.078118316738427e+01	5042
-9.183989302594600e+00	-1.420290609124432e+01	5043
1.054602462234942e+01	5.136973576493707e+00	5044
1.107779307931847e+01	-4.330214393995811e+00	5045
-6.078720202118645e+00	-1.506674776563865e+01	5046
-5.216864662354993e+00	1.279134625388120e+01	5047
-8.142495528355186e+00	1.134974978509962e+01	5048
-1.078565126844726e+01	5.965416601231185e-01	5049
-1.060153102031583e+01	9.036832993431089e+00	5050
1.013463594872631e+01	-7.050205759324514e+00	5051
1.116744886718995e+01	3.153355753791937e+00	5052
5.758395349419684e-01	1.395549138820306e+01	5053
7.321089384159233e+00	-1.093280010956415e+01	5054
8.224108773067403e+00	-9.357620378732136e+00	5055
8.061314042738424e+00	8.752469542633461e+00	5056
-2.620910736911770e+00	-1.563847898990232e+01	5057
9.491223850076238e+00	7.060955795818259e+00	5058
6.561243110239087e+00	1.020959751488477e+01	5059
1.141031483179272e+01	-1.699014229334572e+00	5060
-1.029826527376483e+01	-8.530474304130534e+00	5061
6.356965164570972e-01	-1.516729166847174e+01	5062
-1.221378024831109e+01	6.067232573151967e+00	5063
3.413298727083858e+00	-1.441992684215681e+01	5064
-1.117842980808546e+01	-6.292997550161460e+00	5065
-1.195710240362913e+01	-3.696088252146530e+00	5066
5.200067239616697e+00	1.198222239696013e+01	5067
-1.294165190852236e+01	3.351399457182494e+00	5068
-2.605784127868076e+00	1.341579304233896e+01	5069
6.212944951160240e+00	-1.304258268057729e+01	5070
1.170245101432607e+01	9.582319157890710e-01	5071
-1.014851461436921e+01	-1.301077188805800e+01	5072
-1.121408207582598e+01	-1.685750633096646e+00	5073
3.486111417335445e+00	1.383278772165717e+01	5074
-1.251521512395101e+01	2.039649766252423e+00	5075
1.216314610661622e+01	2.245771906620370e+00	5076
-4.556366050520708e+00	-1.652892644841115e+01	5077
-7.901280630267272e+00	-1.565867883300242e+01	5078
-1.006957603265730e+01	1.094094300392023e+01	5079
-1.234808428034589e+01	8.042360446050832e+00	5080
1.240170707250296e+01	-4.665837023739074e-01	5081
1.200783275675497e+01	-3.119423825066763e+00	5082
9.893004174913438e+00	-8.808368066328168e+00	5083
6.465466332855174e+00	1.164593568441241e+01	5084
9.402071854805573e+00	8.435987587712274e+00	5085
5.299572111560154e+00	-1.471700061900983e+01	5086
-8.161599473298495e-01	-1.645300646194376e+01	5087
-1.116895333425872e+01	-1.136054563810747e+01	5088
1.155999243101524e+01	4.359626557839276e+00	5089
-1.227657597948082e+00	1.474583148086598e+01	5090
-1.243237147329224e+01	-5.265689806237900e+00	5091
-7.140721204227545e+00	1.303324248390848e+01	5092
-4.090962171561769e+00	1.387718129105771e+01	5093
-1.074175008461591e+01	-1.008601581654483e+01	5094
-1.114966481710509e+01	-1.479813235756607e+01	5095
-1.413246085809059e+01	2.228851541421036e+00	5096
-1.177042059521427e+01	-3.680025364720394e-01	5097
1.145755310187467e+01	-5.963428886561452e+00	5098
2.069968350270269e+00	1.465124207479418e+01	5099
8.131579210943796e+00	-1.269100154021099e+01	5100
1.069359352053110e+01	6.465332621408512e+00	5101
9.015304293735177e+00	-1.085274633901329e+01	5102
7.781489801671525e+00	9.957744306107799e+00	5103
2.270310435979384e+00	-1.569406613563697e+01	5104
-1.145107172766880e+01	-7.683816633490116e+00	5105
-1.284660985464033e+01	-2.210589521920721e+00	5106
-1.339781835622702e+01	4.915722181224802e+00	5107
4.559921376111605e+00	1.351411121858180e+01	5108
-1.208879920702334e+01	7.539014506186811e-01	5109
-9.246518250994573e+00	1.288487971360338e+01	5110
-2.640390038800881e+00	-1.774517841497712e+01	5111
4.046717132988092e+00	1.544979122829927e+01	5112
1.258258721845148e+01	3.508484858428844e+00	5113
7.449847294353949e+00	1.144299185704538e+01	5114
1.000405707753841e+00	-1.711898078802622e+01	5115
4.106048910554600e+00	-1.623644787161680e+01	5116
-6.512967241058623e+00	-1.716487512542581e+01	5117
1.190474748436965e+01	5.726774129732902e+00	5118
1.074430095936698e+01	7.901024826258011e+00	5119
1.086095518722852e+01	-1.042929654525408e+01	5120
-1.257369036511163e+01	-1.016964019552459e+01	5121
-1.356660082441961e+01	8.109335730912749e-01	5122
-1.362176387625972e+01	-3.875107453930821e+00	5123
1.259636860746616e+01	-4.692271627780762e+00	5124
4.823935322728180e-01	1.581597671091515e+01	5125
1.154798017385388e+01	-7.857984089571382e+00	5126
-1.209362837533966e+01	1.018875297172572e+01	5127
6.254651456914579e+00	1.329488844272845e+01	5128
1.321405601867688e+01	9.902777701956216e-01	5129
-1.276475567084712e+01	-6.815730818925451e+00	5130
-1.463353578501267e+01	3.809779236741858e+00	5131
-2.954394577029245e+00	1.520172965047781e+01	5132
1.292152228471001e+01	-1.904979480557695e+00	5133
-1.323328840904072e+01	-1.836047259473256e-01	5134
-5.872722526007749e+00	1.450674991747615e+01	5135
-1.227863277685111e+01	-1.305399492297310e+01	5136
-1.389565602912613e+01	6.783852246410508e+00	5137
7.350746602378159e+00	-1.459220587428800e+01	5138
1.005374596373798e+01	-1.247382189532387e+01	5139
9.147015157430287e+00	9.791720470832383e+00	5140
-1.190758783254098e+01	-9.112534858759528e+00	5141
-4.612321697030592e+00	1.571708042838273e+01	5142
1.401568975868027e+01	-5.712311591066365e-01	5143
2.843808900183465e+00	-1.768581237521444e+01	5144
1.305088967196134e+01	-6.574547379261253e+00	5145
1.303409447868234e+01	4.854275941715511e+00	5146
-1.531784455171447e+01	9.229278522538089e-01	5147
6.284163400870374e+00	-1.652958616285570e+01	5148
2.354650277505104e+00	1.664955288153568e+01	5149
-1.147507010868844e+01	1.239242024759032e+01	5150
-1.407178476327865e+01	9.029401378320539e+00	5151
1.373964043169606e+01	2.477706375201105e+00	5152
1.360602446381280e+01	-3.384646756766334e+00	5153
1.209685775375426e+01	7.221571909069007e+00	5154
-1.472774227367209e+00	1.669592361463980e+01	5155
-8.068632165737501e+00	1.479804744165475e+01	5156
8.842249778750908e+00	1.116744571447297e+01	5157
-1.339878151958543e+01	-8.480032062282580e+00	5158
-5.871935754296166e-01	-1.862502330358517e+01	5159
1.208810838063204e+01	-1.208732889564192e+01	5160
-1.456574138167516e+01	-1.930288429573703e+00	5161
6.367975652204587e+00	1.560798840035414e+01	5162
1.276457393262210e+01	-9.554206570762835e+00	5163
-1.519372151760092e+01	5.508407720624094e+00	5164
-1.417764568249782e+01	-5.647641658464435e+00	5165
-1.597270535364437e+01	2.503606775241354e+00	5166
-1.483916428288112e+01	-1.753931860757797e-01	5167
9.324248559752531e+00	-1.431005837244493e+01	5168
1.065321913001863e+01	9.445912994147221e+00	5169
1.432079711115542e+01	-5.123812337860642e+00	5170
4.987507748449626e+00	-1.817095336063312e+01	5171
-1.049927722072325e+01	1.463053406324360e+01	5172
1.460180841735133e+01	-8.220373738328218e+00	5173
1.344980273668462e+01	6.381141594988060e+00	5174
-3.377200858931961e+00	1.720487184912896e+01	5175
1.462378166513598e+01	-2.104347731714446e+00	5176
-1.460460525060610e+01	-7.284946350844594e+00	5177
-6.615023027893268e+00	1.644968039118356e+01	5178
-1.462477645303572e+01	-1.012213708967264e+01	5179
-1.729338983749277e+01	1.017129688488908e+00	5180
-1.650537044073013e+01	-8.172147476158363e-01	5181
4.678938063678912e+00	1.747613416428130e+01	5182
4.661002957089436e-01	1.793343422112894e+01	5183
-1.379124967806603e+01	1.149376230821619e+01	5184
-1.552439446643712e+01	-3.939958582898435e+00	5185
-1.579949885391659e+01	7.592384302706029e+00	5186
1.141696199057743e+01	-1.409404546454320e+01	5187
1.217045896146361e+01	8.843531466342164e+00	5188
8.447901861669271e+00	1.284718685489208e+01	5189
1.419023057000384e+01	3.905914989523649e+00	5190
1.493426060196813e+01	1.062806222185869e+00	5191
8.547224645134015e+00	-1.640078781040985e+01	5192
1.422799218593669e+01	-1.129491169151149e+01	5193
-1.655801752076464e+01	4.261991277610748e+00	5194
1.037463249359977e+01	1.096873167307290e+01	5195
1.541520958218485e+01	-3.693434817600465e+00	5196
-1.377596303688066e+01	-1.220049954444150e+01	5197
-1.722892188688405e+01	6.146955958143347e+00	5198
1.470520912299923e+01	5.403507465395223e+00	5199
1.584911899231116e+01	-6.493511852244560e-01	5200
1.494095022297460e+01	-6.963631182514685e+00	5201
1.003984686673457e+01	1.254204842973229e+01	5202
1.567487515641717e+01	-9.548940477528042e+00	5203
-5.211437569079007e+00	1.778522109877736e+01	5204
1.369470701925985e+01	8.066093775396535e+00	5205
7.687400350289793e+00	1.474018187754845e+01	5206
-1.804601014405633e+01	2.899908157935585e+00	5207
-1.617600868058721e+01	-5.954044566103661e+00	5208
1.207433334705818e+01	1.058603555372244e+01	5209
1.552993029347312e+01	2.757709688867278e+00	5210
-1.866011565234626e+01	-6.700825640688517e-01	5211
1.628019376716426e+01	-5.475814848762928e+00	5212
1.600939122494110e+01	4.360749453242049e+00	5213
1.520521400008352e+01	7.107985646204686e+00	5214
8.076864760548895e+00	1.676407284730299e+01	5215
-1.660982686032762e+01	-8.080922195845218e+00	5216
1.379053707973943e+01	9.903357858819101e+00	5217
1.654511573891596e+01	-2.309503727593183e+00	5218
1.688933967631924e+01	1.176767390965838e+00	5219
-1.771110442478666e+01	-2.665492757980692e+00	5220
1.669960458429080e+01	-7.561603646205464e+00	5221
9.657906271185681e+00	1.445021315933275e+01	5222
-1.763058487824474e+01	-4.354247345259441e+00	5223
1.176514553263777e+01	1.230232371576270e+01	5224
1.792825741315483e+01	-7.131607064100299e-01	5225
1.551312229032817e+01	9.011116785881542e+00	5226
1.745138280765007e+01	-3.972005908013736e+00	5227
1.368796757456582e+01	1.187421179472637e+01	5228
1.659351965248469e+01	6.019123061407119e+00	5229
1.755951515679639e+01	3.097557913247963e+00	5230
1.142098142658933e+01	1.406413090199642e+01	5231
1.719632680854998e+01	7.916746582811218e+00	5232
NMARK= 2
MARKER_TAG= airfoil
MARKER_ELEMS= 200
3	199	0
3	0	1
3	1	2
3	2	3
3	3	4
3	4	5
3	5	6
3	6	7
3	7	8
3	8	9
3	9	10
3	10	11
3	11	12
3	12	13
3	13	14
3	14	15
3	15	16
3	16	17
3	17	18
3	18	19
3	19	20
3	20	21
3	21	22
3	22	23
3	23	24
3	24	25
3	25	26
3	26	27
3	27	28
3	28	29
3	29	30
3	30	31
3	31	32
3	32	33
3	33	34
3	34	35
3	35	36
3	36	37
3	37	38
3	38	39
3	39	40
3	40	41
3	41	42
3	42	43
3	43	44
3	44	45
3	45	46
3	46	47
3	47	48
3	48	49
3	49	50
3	50	51
3	51	52
3	52	53
3	53	54
3	54	55
3	55	56
3	56	57
3	57	58
3	58	59
3	59	60
3	60	61
3	61	62
3	62	63
3	63	64
3	64	65
3	65	66
3	66	67
3	67	68
3	68	69
3	69	70
3	70	71
3	71	72
3	72	73
3	73	74
3	74	75
3	75	76
3	76	77
3	77	78
3	78	79
3	79	80
3	80	81
3	81	82
3	82	83
3	83	84
3	84	85
3	85	86
3	86	87
3	87	88
3	88	89
3	89	90
3	90	91
3	91	92
3	92	93
3	93	94
3	94	95
3	95	96
3	96	97
3	97	98
3	98	99
3	99	100
3	100	101
3	101	102
3	102	103
3	103	104
3	104	105
3	105	106
3	106	107
3	107	108
3	108	109
3	109	110
3	110	111
3	111	112
3	112	113
3	113	114
3	114	115
3	115	116
3	116	117
3	117	118
3	118	119
3	119	120
3	120	121
3	121	122
3	122	123
3	123	124
3	124	125
3	125	126
3	126	127
3	127	128
3	128	129
3	129	130
3	130	131
3	131	132
3	132	133
3	133	134
3	134	135
3	135	136
3	136	137
3	137	138
3	138	139
3	139	140
3	140	141
3	141	142
3	142	143
3	143	144
3	144	145
3	145	146
3	146	147
3	147	148
3	148	149
3	149	150
3	150	151
3	151	152
3	152	153
3	153	154
3	154	155
3	155	156
3	156	157
3	157	158
3	158	159
3	159	160
3	160	161
3	161	162
3	162	163
3	163	164
3	164	165
3	165	166
3	166	167
3	167	168
3	168	169
3	169	170
3	170	171
3	171	172
3	172	173
3	173	174
3	174	175
3	175	176
3	176	177
3	177	178
3	178	179
3	179	180
3	180	181
3	181	182
3	182	183
3	183	184
3	184	185
3	185	186
3	186	187
3	187	188
3	188	189
3	189	190
3	190	191
3	191	192
3	192	193
3	193	194
3	194	195
3	195	196
3	196	197
3	197	198
3	198	199
MARKER_TAG= farfield
MARKER_ELEMS= 50
3	200	201
3	201	202
3	202	203
3	203	204
3	204	205
3	205	206
3	206	207
3	207	208
3	208	209
3	209	210
3	210	211
3	211	212
3	212	213
3	213	214
3	214	215
3	215	216
3	216	217
3	217	218
3	218	219
3	219	220
3	220	221
3	221	222
3	222	223
3	223	224
3	224	225
3	225	226
3	226	227
3	227	228
3	228	229
3	229	230
3	230	231
3	231	232
3	232	233
3	233	234
3	234	235
3	235	236
3	236	237
3	237	238
3	238	239
3	239	240
3	240	241
3	241	242
3	242	243
3	243	244
3	244	245
3	245	246
3	246	247
3	247	248
3	248	249
3	249	200
